event,sequence,counter,valid_self,adopted,realtime_ns,kernel_ns,monotonic_ns,write_end_ns,written,socket_drop_total,trace_record_overflow
rx,2,2,1,1,1787953539924278395,1787953539923309655,5117009086449,0,0,0,0
tx,2,2,1,1,1787953539924285099,1787953539923309655,5117009093560,5117009120320,72,0,0
rx,3,3,1,1,1787953539925429618,1787953539924399451,5117010237690,0,0,0,0
tx,3,3,1,1,1787953539925433118,1787953539924399451,5117010241338,5117010253968,72,0,0
rx,4,4,1,1,1787953539926530581,1787953539925499988,5117011338653,0,0,0,0
tx,4,4,1,1,1787953539926533951,1787953539925499988,5117011342134,5117011354023,72,0,0
rx,5,5,1,1,1787953540025561451,1787953540024511655,5117110369505,0,0,0,0
tx,5,5,1,1,1787953540025565655,1787953540024511655,5117110373875,5117110393431,72,0,0
rx,6,6,1,1,1787953540026685581,1787953540025658932,5117111493653,0,0,0,0
tx,6,6,1,1,1787953540026688988,1787953540025658932,5117111497171,5117111509060,72,0,0
rx,7,7,1,1,1787953540027783784,1787953540026774303,5117112591857,0,0,0,0
tx,7,7,1,1,1787953540027787340,1787953540026774303,5117112595616,5117112607116,72,0,0
rx,8,8,1,1,1787953540028884118,1787953540027918043,5117113692116,0,0,0,0
tx,8,8,1,1,1787953540028887618,1787953540027918043,5117113695801,5117113707246,72,0,0
rx,9,9,1,1,1787953540029982155,1787953540029128895,5117114790227,0,0,0,0
tx,9,9,1,1,1787953540029987469,1787953540029128895,5117114795653,5117114806634,72,0,0
rx,10,10,1,1,1787953540031080210,1787953540030134469,5117115888283,0,0,0,0
tx,10,10,1,1,1787953540031083618,1787953540030134469,5117115891801,5117115902634,72,0,0
rx,11,11,1,1,1787953540032176155,1787953540031260618,5117116984227,0,0,0,0
tx,11,11,1,1,1787953540032179469,1787953540031260618,5117116987653,5117116998449,72,0,0
rx,12,12,1,1,1787953540128024192,1787953540126960062,5117212832245,0,0,0,0
tx,12,12,1,1,1787953540128028766,1787953540126960062,5117212836986,5117212857690,72,0,0
rx,13,13,1,1,1787953540129151617,1787953540128088543,5117213959690,0,0,0,0
tx,13,13,1,1,1787953540129155043,1787953540128088543,5117213963227,5117213974875,72,0,0
rx,14,14,1,1,1787953540130248729,1787953540129214192,5117215056801,0,0,0,0
tx,14,14,1,1,1787953540130252136,1787953540129214192,5117215060320,5117215071671,72,0,0
rx,16,16,1,1,1787953540132409469,1787953540131497303,5117217217542,0,0,0,0
tx,16,16,1,1,1787953540132412858,1787953540131497303,5117217221042,5117217232264,72,0,0
rx,17,17,1,1,1787953540133509062,1787953540132618155,5117218317134,0,0,0,0
tx,17,17,1,1,1787953540133514358,1787953540132618155,5117218322542,5117218334283,72,0,0
rx,18,18,1,1,1787953540134618525,1787953540133745766,5117219426597,0,0,0,0
tx,18,18,1,1,1787953540134622395,1787953540133745766,5117219430671,5117219444708,72,0,0
rx,19,19,1,1,1787953540229421062,1787953540229372043,5117314229116,0,0,0,0
tx,19,19,1,1,1787953540229425043,1787953540229372043,5117314233301,5117314250653,72,0,0
rx,20,20,1,1,1787953540230549321,1787953540230523358,5117315357301,0,0,0,0
tx,20,20,1,1,1787953540230555525,1787953540230523358,5117315363782,5117315379227,72,0,0
rx,21,21,1,1,1787953540231668340,1787953540231636173,5117316476412,0,0,0,0
tx,21,21,1,1,1787953540231671784,1787953540231636173,5117316480060,5117316494357,72,0,0
rx,22,22,1,1,1787953540232774988,1787953540232747062,5117317583060,0,0,0,0
tx,22,22,1,1,1787953540232778321,1787953540232747062,5117317586597,5117317597653,72,0,0
rx,23,23,1,1,1787953540234936173,1787953540233865673,5117319744245,0,0,0,0
tx,23,23,1,1,1787953540234939617,1787953540233865673,5117319747857,5117319759579,72,0,0
rx,24,24,1,1,1787953540236033080,1787953540234992414,5117320841153,0,0,0,0
tx,24,24,1,1,1787953540236036414,1787953540234992414,5117320844597,5117320855597,72,0,0
rx,25,25,1,1,1787953540331899451,1787953540331763728,5117416707505,0,0,0,0
tx,25,25,1,1,1787953540331904228,1787953540331763728,5117416712449,5117416734412,72,0,0
rx,26,26,1,1,1787953540333031247,1787953540332886951,5117417839319,0,0,0,0
tx,26,26,1,1,1787953540333034821,1787953540332886951,5117417843005,5117417854153,72,0,0
rx,27,27,1,1,1787953540334128266,1787953540334007154,5117418936319,0,0,0,0
tx,27,27,1,1,1787953540334131617,1787953540334007154,5117418939801,5117418950727,72,0,0
rx,28,28,1,1,1787953540335230710,1787953540335132562,5117420038671,0,0,0,0
tx,28,28,1,1,1787953540335237414,1787953540335132562,5117420045597,5117420061153,72,0,0
rx,29,29,1,1,1787953540336347969,1787953540336264043,5117421155949,0,0,0,0
tx,29,29,1,1,1787953540336351747,1787953540336264043,5117421160079,5117421174375,72,0,0
rx,30,30,1,1,1787953540337454617,1787953540337362080,5117422262690,0,0,0,0
tx,30,30,1,1,1787953540337457895,1787953540337362080,5117422266079,5117422277653,72,0,0
rx,31,31,1,1,1787953540338550895,1787953540338481025,5117423358968,0,0,0,0
tx,31,31,1,1,1787953540338554266,1787953540338481025,5117423362449,5117423373208,72,0,0
rx,32,32,1,1,1787953540434375784,1787953540434292173,5117519183856,0,0,0,0
tx,32,32,1,1,1787953540434380043,1787953540434292173,5117519188264,5117519206616,72,0,0
rx,33,33,1,1,1787953540436561728,1787953540435545136,5117521369782,0,0,0,0
tx,33,33,1,1,1787953540436565062,1787953540435545136,5117521373301,5117521385023,72,0,0
rx,34,34,1,1,1787953540437659173,1787953540436821228,5117522467245,0,0,0,0
tx,34,34,1,1,1787953540437662543,1787953540436821228,5117522470727,5117522481782,72,0,0
rx,35,35,1,1,1787953540438773210,1787953540438060969,5117523581282,0,0,0,0
tx,35,35,1,1,1787953540438776710,1787953540438060969,5117523584930,5117523596153,72,0,0
rx,36,36,1,1,1787953540439885043,1787953540439318228,5117524693116,0,0,0,0
tx,36,36,1,1,1787953540439890895,1787953540439318228,5117524699134,5117524710560,72,0,0
rx,37,37,1,1,1787953540440989025,1787953540440536765,5117525797097,0,0,0,0
tx,37,37,1,1,1787953540440992673,1787953540440536765,5117525800893,5117525813134,72,0,0
rx,38,38,1,1,1787953540442090969,1787953540442059043,5117526899042,0,0,0,0
tx,38,38,1,1,1787953540442094358,1787953540442059043,5117526902542,5117526913430,72,0,0
rx,39,39,1,1,1787953540536900432,1787953540536527006,5117621708504,0,0,0,0
tx,39,39,1,1,1787953540536907488,1787953540536527006,5117621715986,5117621736579,72,0,0
rx,40,40,1,1,1787953540538033469,1787953540537630710,5117622841542,0,0,0,0
tx,40,40,1,1,1787953540538037025,1787953540537630710,5117622845208,5117622856579,72,0,0
rx,41,41,1,1,1787953540539131488,1787953540538764839,5117623939542,0,0,0,0
tx,41,41,1,1,1787953540539134858,1787953540538764839,5117623943042,5117623954301,72,0,0
rx,43,43,1,1,1787953540541294321,1787953540540993562,5117626102375,0,0,0,0
tx,43,43,1,1,1787953540541297876,1787953540540993562,5117626106060,5117626119653,72,0,0
rx,44,44,1,1,1787953540542397747,1787953540542106728,5117627205801,0,0,0,0
tx,44,44,1,1,1787953540542401136,1787953540542106728,5117627209319,5117627220542,72,0,0
rx,45,45,1,1,1787953540543494154,1787953540543261525,5117628302227,0,0,0,0
tx,45,45,1,1,1787953540543497488,1787953540543261525,5117628305671,5117628316986,72,0,0
rx,46,46,1,1,1787953540639354210,1787953540638966710,5117724162264,0,0,0,0
tx,46,46,1,1,1787953540639358395,1787953540638966710,5117724166653,5117724187616,72,0,0
rx,47,47,1,1,1787953540640481321,1787953540640082265,5117725289393,0,0,0,0
tx,47,47,1,1,1787953540640484951,1787953540640082265,5117725293227,5117725305764,72,0,0
rx,48,48,1,1,1787953540641582469,1787953540641192099,5117726390541,0,0,0,0
tx,48,48,1,1,1787953540641588043,1787953540641192099,5117726396227,5117726410856,72,0,0
rx,49,49,1,1,1787953540642689710,1787953540642329210,5117727497782,0,0,0,0
tx,49,49,1,1,1787953540642693099,1787953540642329210,5117727501282,5117727512190,72,0,0
rx,50,50,1,1,1787953540643785247,1787953540643445228,5117728593319,0,0,0,0
tx,50,50,1,1,1787953540643788580,1787953540643445228,5117728596764,5117728607504,72,0,0
rx,51,51,1,1,1787953540644881710,1787953540644566432,5117729689782,0,0,0,0
tx,51,51,1,1,1787953540644884969,1787953540644566432,5117729693153,5117729703930,72,0,0
rx,52,52,1,1,1787953540645976321,1787953540645692525,5117730784375,0,0,0,0
tx,52,52,1,1,1787953540645979765,1787953540645692525,5117730787949,5117730798745,72,0,0
rx,53,53,1,1,1787953540741823025,1787953540741344543,5117826631097,0,0,0,0
tx,53,53,1,1,1787953540741827432,1787953540741344543,5117826635708,5117826656245,72,0,0
rx,54,54,1,1,1787953540742966154,1787953540742454358,5117827774227,0,0,0,0
tx,54,54,1,1,1787953540742969673,1787953540742454358,5117827777856,5117827789893,72,0,0
rx,55,55,1,1,1787953540744064487,1787953540743567599,5117828872560,0,0,0,0
tx,55,55,1,1,1787953540744068080,1787953540743567599,5117828876264,5117828887578,72,0,0
rx,56,56,1,1,1787953540745162654,1787953540744741821,5117829970727,0,0,0,0
tx,56,56,1,1,1787953540745166025,1787953540744741821,5117829974208,5117829985375,72,0,0
rx,57,57,1,1,1787953540746258210,1787953540745835136,5117831066282,0,0,0,0
tx,57,57,1,1,1787953540746263228,1787953540745835136,5117831071412,5117831082375,72,0,0
rx,58,58,1,1,1787953540747356876,1787953540746950969,5117832164949,0,0,0,0
tx,58,58,1,1,1787953540747360302,1787953540746950969,5117832168578,5117832179597,72,0,0
rx,59,59,1,1,1787953540748453562,1787953540748066784,5117833261634,0,0,0,0
tx,59,59,1,1,1787953540748456895,1787953540748066784,5117833265078,5117833275875,72,0,0
rx,60,60,1,1,1787953540844319876,1787953540843768987,5117929127949,0,0,0,0
tx,60,60,1,1,1787953540844324395,1787953540843768987,5117929132875,5117929154245,72,0,0
rx,61,61,1,1,1787953540845449061,1787953540844956710,5117930257134,0,0,0,0
tx,61,61,1,1,1787953540845452432,1787953540844956710,5117930260615,5117930271615,72,0,0
rx,62,62,1,1,1787953540846545154,1787953540846120691,5117931353227,0,0,0,0
tx,62,62,1,1,1787953540846548617,1787953540846120691,5117931356801,5117931367578,72,0,0
rx,63,63,1,1,1787953540847641154,1787953540847313191,5117932449227,0,0,0,0
tx,63,63,1,1,1787953540847644487,1787953540847313191,5117932452671,5117932463689,72,0,0
rx,64,64,1,1,1787953540848737710,1787953540848447876,5117933545782,0,0,0,0
tx,64,64,1,1,1787953540848741154,1787953540848447876,5117933549356,5117933560152,72,0,0
rx,66,66,1,1,1787953540946563821,1787953540946250024,5118031371893,0,0,0,0
tx,66,66,1,1,1787953540946570302,1787953540946250024,5118031378541,5118031401060,72,0,0
rx,67,67,1,1,1787953540947697932,1787953540947389302,5118032506004,0,0,0,0
tx,67,67,1,1,1787953540947701506,1787953540947389302,5118032509745,5118032521523,72,0,0
rx,68,68,1,1,1787953540948796950,1787953540948564561,5118033605004,0,0,0,0
tx,68,68,1,1,1787953540948800487,1787953540948564561,5118033608671,5118033619615,72,0,0
rx,69,69,1,1,1787953540950978395,1787953540950003450,5118035786467,0,0,0,0
tx,69,69,1,1,1787953540950982024,1787953540950003450,5118035790208,5118035801486,72,0,0
rx,70,70,1,1,1787953540952076080,1787953540951176580,5118036884152,0,0,0,0
tx,70,70,1,1,1787953540952079487,1787953540951176580,5118036887726,5118036899819,72,0,0
rx,71,71,1,1,1787953540953174598,1787953540952339895,5118037982652,0,0,0,0
tx,71,71,1,1,1787953540953177987,1787953540952339895,5118037986171,5118037997023,72,0,0
rx,72,72,1,1,1787953540954270080,1787953540953555191,5118039078152,0,0,0,0
tx,72,72,1,1,1787953540954273802,1787953540953555191,5118039082004,5118039092930,72,0,0
rx,73,73,1,1,1787953541049079006,1787953541048606321,5118133887060,0,0,0,0
tx,73,73,1,1,1787953541049083395,1787953541048606321,5118133891615,5118133913893,72,0,0
rx,74,74,1,1,1787953541050207617,1787953541049752987,5118135015689,0,0,0,0
tx,74,74,1,1,1787953541050211080,1787953541049752987,5118135019263,5118135030838,72,0,0
rx,75,75,1,1,1787953541051309117,1787953541050931432,5118136117060,0,0,0,0
tx,75,75,1,1,1787953541051315024,1787953541050931432,5118136123263,5118136135393,72,0,0
rx,76,76,1,1,1787953541052413339,1787953541052087839,5118137221375,0,0,0,0
tx,76,76,1,1,1787953541052416821,1787953541052087839,5118137225004,5118137236449,72,0,0
rx,77,77,1,1,1787953541053510487,1787953541053245617,5118138318560,0,0,0,0
tx,77,77,1,1,1787953541053513821,1787953541053245617,5118138322004,5118138333319,72,0,0
rx,78,78,1,1,1787953541054605487,1787953541054409098,5118139413560,0,0,0,0
tx,78,78,1,1,1787953541054608802,1787953541054409098,5118139416986,5118139428060,72,0,0
rx,80,80,1,1,1787953541151515691,1787953541151033024,5118236323763,0,0,0,0
tx,80,80,1,1,1787953541151519821,1787953541151033024,5118236328041,5118236347115,72,0,0
rx,81,81,1,1,1787953541152636191,1787953541152215450,5118237444263,0,0,0,0
tx,81,81,1,1,1787953541152639598,1787953541152215450,5118237447782,5118237459356,72,0,0
rx,82,82,1,1,1787953541153733043,1787953541153407728,5118238541115,0,0,0,0
tx,82,82,1,1,1787953541153736395,1787953541153407728,5118238544578,5118238555652,72,0,0
rx,83,83,1,1,1787953541154829506,1787953541154570543,5118239637578,0,0,0,0
tx,83,83,1,1,1787953541154832895,1787953541154570543,5118239641078,5118239651930,72,0,0
rx,84,84,1,1,1787953541155926043,1787953541155749117,5118240734115,0,0,0,0
tx,84,84,1,1,1787953541155931191,1787953541155749117,5118240739374,5118240751263,72,0,0
rx,85,85,1,1,1787953541157026524,1787953541156925913,5118241834578,0,0,0,0
tx,85,85,1,1,1787953541157029839,1787953541156925913,5118241838023,5118241849152,72,0,0
rx,86,86,1,1,1787953541158122339,1787953541158065987,5118242930393,0,0,0,0
tx,86,86,1,1,1787953541158125728,1787953541158065987,5118242933912,5118242944893,72,0,0
rx,87,87,1,1,1787953541253963802,1787953541253376876,5118338771874,0,0,0,0
tx,87,87,1,1,1787953541253967987,1787953541253376876,5118338776171,5118338794115,72,0,0
rx,88,88,1,1,1787953541255083450,1787953541254524191,5118339891504,0,0,0,0
tx,88,88,1,1,1787953541255086839,1787953541254524191,5118339895023,5118339906134,72,0,0
rx,89,89,1,1,1787953541256178802,1787953541255684987,5118340986874,0,0,0,0
tx,89,89,1,1,1787953541256182135,1787953541255684987,5118340990319,5118341001337,72,0,0
rx,90,90,1,1,1787953541257278691,1787953541256851283,5118342086763,0,0,0,0
tx,90,90,1,1,1787953541257281987,1787953541256851283,5118342090171,5118342100911,72,0,0
rx,91,91,1,1,1787953541258400098,1787953541258050080,5118343208171,0,0,0,0
tx,91,91,1,1,1787953541258403783,1787953541258050080,5118343211967,5118343225708,72,0,0
rx,92,92,1,1,1787953541259507228,1787953541259227469,5118344315300,0,0,0,0
tx,92,92,1,1,1787953541259510580,1787953541259227469,5118344318763,5118344329763,72,0,0
rx,94,94,1,1,1787953541356422413,1787953541355784154,5118441230485,0,0,0,0
tx,94,94,1,1,1787953541356426913,1787953541355784154,5118441235097,5118441253708,72,0,0
rx,95,95,1,1,1787953541357546228,1787953541356937672,5118442354282,0,0,0,0
tx,95,95,1,1,1787953541357551413,1787953541356937672,5118442359597,5118442371374,72,0,0
rx,96,96,1,1,1787953541358646080,1787953541358119746,5118443454152,0,0,0,0
tx,96,96,1,1,1787953541358649450,1787953541358119746,5118443457634,5118443468763,72,0,0
rx,97,97,1,1,1787953541359742024,1787953541359595839,5118444550097,0,0,0,0
tx,97,97,1,1,1787953541359745339,1787953541359595839,5118444553523,5118444564967,72,0,0
rx,98,98,1,1,1787953541360839654,1787953541360731876,5118445647726,0,0,0,0
tx,98,98,1,1,1787953541360842987,1787953541360731876,5118445651171,5118445662134,72,0,0
rx,99,99,1,1,1787953541361935820,1787953541361894024,5118446743893,0,0,0,0
tx,99,99,1,1,1787953541361939135,1787953541361894024,5118446747319,5118446758041,72,0,0
rx,100,100,1,1,1787953541458858746,1787953541458197950,5118543666800,0,0,0,0
tx,100,100,1,1,1787953541458862987,1787953541458197950,5118543671226,5118543689615,72,0,0
rx,101,101,1,1,1787953541459980524,1787953541459364802,5118544788597,0,0,0,0
tx,101,101,1,1,1787953541459983876,1787953541459364802,5118544792060,5118544802874,72,0,0
rx,102,102,1,1,1787953541461076561,1787953541460538469,5118545884634,0,0,0,0
tx,102,102,1,1,1787953541461079950,1787953541460538469,5118545888134,5118545899263,72,0,0
rx,103,103,1,1,1787953541462192543,1787953541461717691,5118547000597,0,0,0,0
tx,103,103,1,1,1787953541462197635,1787953541461717691,5118547005819,5118547017393,72,0,0
rx,104,104,1,1,1787953541463292154,1787953541462875876,5118548100226,0,0,0,0
tx,104,104,1,1,1787953541463295561,1787953541462875876,5118548103745,5118548115208,72,0,0
rx,105,105,1,1,1787953541464388783,1787953541464030654,5118549196856,0,0,0,0
tx,105,105,1,1,1787953541464392154,1787953541464030654,5118549200337,5118549211078,72,0,0
rx,106,106,1,1,1787953541465483135,1787953541465196265,5118550291208,0,0,0,0
tx,106,106,1,1,1787953541465486469,1787953541465196265,5118550294652,5118550305263,72,0,0
rx,107,107,1,1,1787953541561339857,1787953541560742672,5118646147930,0,0,0,0
tx,107,107,1,1,1787953541561344357,1787953541560742672,5118646152596,5118646171671,72,0,0
rx,108,108,1,1,1787953541562466154,1787953541561895820,5118647274226,0,0,0,0
tx,108,108,1,1,1787953541562469691,1787953541561895820,5118647277874,5118647289559,72,0,0
rx,109,109,1,1,1787953541563580135,1787953541563056172,5118648388208,0,0,0,0
tx,109,109,1,1,1787953541563583839,1787953541563056172,5118648392115,5118648403467,72,0,0
rx,110,110,1,1,1787953541564678135,1787953541564225246,5118649486208,0,0,0,0
tx,110,110,1,1,1787953541564681524,1787953541564225246,5118649489708,5118649500763,72,0,0
rx,111,111,1,1,1787953541565773598,1787953541565395691,5118650581671,0,0,0,0
tx,111,111,1,1,1787953541565777024,1787953541565395691,5118650585208,5118650596467,72,0,0
rx,112,112,1,1,1787953541566870468,1787953541566658728,5118651678541,0,0,0,0
tx,112,112,1,1,1787953541566875598,1787953541566658728,5118651683800,5118651695004,72,0,0
rx,113,113,1,1,1787953541567968654,1787953541567717246,5118652776726,0,0,0,0
tx,113,113,1,1,1787953541567972024,1787953541567717246,5118652780226,5118652791319,72,0,0
rx,114,114,1,1,1787953541663837302,1787953541663170357,5118748645374,0,0,0,0
tx,114,114,1,1,1787953541663843005,1787953541663170357,5118748651263,5118748669615,72,0,0
rx,115,115,1,1,1787953541664961765,1787953541664286061,5118749769837,0,0,0,0
tx,115,115,1,1,1787953541664965154,1787953541664286061,5118749773337,5118749784670,72,0,0
rx,117,117,1,1,1787953541766152042,1787953541765396987,5118850960115,0,0,0,0
tx,117,117,1,1,1787953541766156042,1787953541765396987,5118850964282,5118850984485,72,0,0
rx,118,118,1,1,1787953541767277950,1787953541766591542,5118852086022,0,0,0,0
tx,118,118,1,1,1787953541767281579,1787953541766591542,5118852089763,5118852101411,72,0,0
rx,119,119,1,1,1787953541768377598,1787953541767839357,5118853185670,0,0,0,0
tx,119,119,1,1,1787953541768382802,1787953541767839357,5118853191004,5118853202763,72,0,0
rx,120,120,1,1,1787953541769477857,1787953541769000950,5118854285911,0,0,0,0
tx,120,120,1,1,1787953541769481320,1787953541769000950,5118854289504,5118854301615,72,0,0
rx,121,121,1,1,1787953541770575950,1787953541770431968,5118855384022,0,0,0,0
tx,121,121,1,1,1787953541770579246,1787953541770431968,5118855387448,5118855398411,72,0,0
rx,122,122,1,1,1787953541771671709,1787953541771590431,5118856479782,0,0,0,0
tx,122,122,1,1,1787953541771675079,1787953541771590431,5118856483263,5118856494152,72,0,0
rx,123,123,1,1,1787953541772767691,1787953541772754228,5118857575763,0,0,0,0
tx,123,123,1,1,1787953541772771024,1787953541772754228,5118857579207,5118857590170,72,0,0
rx,124,124,1,1,1787953541774928746,1787953541773917524,5118859736819,0,0,0,0
tx,124,124,1,1,1787953541774932135,1787953541773917524,5118859740319,5118859751393,72,0,0
rx,125,125,1,1,1787953541776032598,1787953541775090820,5118860840670,0,0,0,0
tx,125,125,1,1,1787953541776038802,1787953541775090820,5118860847004,5118860862152,72,0,0
rx,126,126,1,1,1787953541777150172,1787953541776266691,5118861958244,0,0,0,0
tx,126,126,1,1,1787953541777154042,1787953541776266691,5118861962263,5118861975170,72,0,0
rx,127,127,1,1,1787953541778270431,1787953541777421413,5118863078504,0,0,0,0
tx,127,127,1,1,1787953541778273820,1787953541777421413,5118863082004,5118863093430,72,0,0
rx,128,128,1,1,1787953541867862061,1787953541867799894,5118952670133,0,0,0,0
tx,128,128,1,1,1787953541867866598,1787953541867799894,5118952674781,5118952698207,72,0,0
rx,129,129,1,1,1787953541868999024,1787953541868941246,5118953807096,0,0,0,0
tx,129,129,1,1,1787953541869002709,1787953541868941246,5118953810893,5118953822522,72,0,0
rx,130,130,1,1,1787953541870151098,1787953541870102320,5118954959170,0,0,0,0
tx,130,130,1,1,1787953541870154783,1787953541870102320,5118954962967,5118954974837,72,0,0
rx,131,131,1,1,1787953541872306005,1787953541872016505,5118957114059,0,0,0,0
tx,131,131,1,1,1787953541872309968,1787953541872016505,5118957118152,5118957131652,72,0,0
rx,133,133,1,1,1787953541874501839,1787953541873645061,5118959309911,0,0,0,0
tx,133,133,1,1,1787953541874505709,1787953541873645061,5118959313967,5118959331652,72,0,0
rx,134,134,1,1,1787953541875619598,1787953541874795024,5118960427670,0,0,0,0
tx,134,134,1,1,1787953541875623153,1787953541874795024,5118960431393,5118960443893,72,0,0
rx,135,135,1,1,1787953541970325894,1787953541970201246,5119055133948,0,0,0,0
tx,135,135,1,1,1787953541970330357,1787953541970201246,5119055138541,5119055159170,72,0,0
rx,136,136,1,1,1787953541971450542,1787953541971368727,5119056258596,0,0,0,0
tx,136,136,1,1,1787953541971453894,1787953541971368727,5119056262078,5119056274096,72,0,0
rx,137,137,1,1,1787953541973634709,1787953541972560561,5119058442763,0,0,0,0
tx,137,137,1,1,1787953541973638209,1787953541972560561,5119058446430,5119058457930,72,0,0
rx,139,139,1,1,1787953541975796339,1787953541975155024,5119060604411,0,0,0,0
tx,139,139,1,1,1787953541975800079,1787953541975155024,5119060608355,5119060620855,72,0,0
rx,140,140,1,1,1787953541976897061,1787953541976326190,5119061705115,0,0,0,0
tx,140,140,1,1,1787953541976900524,1787953541976326190,5119061708707,5119061720411,72,0,0
rx,141,141,1,1,1787953542072672839,1787953542072634802,5119157480911,0,0,0,0
tx,141,141,1,1,1787953542072676857,1787953542072634802,5119157485078,5119157506041,72,0,0
rx,142,142,1,1,1787953542074875579,1787953542073919042,5119159683633,0,0,0,0
tx,142,142,1,1,1787953542074880061,1787953542073919042,5119159688337,5119159706115,72,0,0
rx,143,143,1,1,1787953542075992783,1787953542074962894,5119160800855,0,0,0,0
tx,143,143,1,1,1787953542075996635,1787953542074962894,5119160804818,5119160816911,72,0,0
rx,144,144,1,1,1787953542077093431,1787953542076106598,5119161901504,0,0,0,0
tx,144,144,1,1,1787953542077096857,1787953542076106598,5119161905041,5119161916041,72,0,0
rx,145,145,1,1,1787953542078189135,1787953542077270616,5119162997207,0,0,0,0
tx,145,145,1,1,1787953542078192653,1787953542077270616,5119163000837,5119163011670,72,0,0
rx,146,146,1,1,1787953542079300061,1787953542078433042,5119164108133,0,0,0,0
tx,146,146,1,1,1787953542079303487,1787953542078433042,5119164111689,5119164123300,72,0,0
rx,147,147,1,1,1787953542080396283,1787953542079605450,5119165204355,0,0,0,0
tx,147,147,1,1,1787953542080399542,1787953542079605450,5119165207726,5119165218633,72,0,0
rx,148,148,1,1,1787953542175080746,1787953542175017098,5119259888800,0,0,0,0
tx,148,148,1,1,1787953542175084801,1787953542175017098,5119259893041,5119259913652,72,0,0
rx,149,149,1,1,1787953542176209061,1787953542176156913,5119261017133,0,0,0,0
tx,149,149,1,1,1787953542176212783,1787953542176156913,5119261021059,5119261033022,72,0,0
rx,150,150,1,1,1787953542178374838,1787953542177385487,5119263182911,0,0,0,0
tx,150,150,1,1,1787953542178378487,1787953542177385487,5119263186670,5119263197985,72,0,0
rx,151,151,1,1,1787953542179474135,1787953542178597376,5119264282207,0,0,0,0
tx,151,151,1,1,1787953542179479653,1787953542178597376,5119264287837,5119264298855,72,0,0
rx,152,152,1,1,1787953542180572246,1787953542179685894,5119265380318,0,0,0,0
tx,152,152,1,1,1787953542180575746,1787953542179685894,5119265383948,5119265394670,72,0,0
rx,153,153,1,1,1787953542181666264,1787953542180859542,5119266474337,0,0,0,0
tx,153,153,1,1,1787953542181669672,1787953542180859542,5119266477855,5119266488726,72,0,0
rx,154,154,1,1,1787953542182759838,1787953542182284505,5119267567911,0,0,0,0
tx,154,154,1,1,1787953542182763153,1787953542182284505,5119267571337,5119267581855,72,0,0
rx,155,155,1,1,1787953542278512987,1787953542277483375,5119363321059,0,0,0,0
tx,155,155,1,1,1787953542278517412,1787953542277483375,5119363325670,5119363348596,72,0,0
rx,156,156,1,1,1787953542279643153,1787953542278622394,5119364451226,0,0,0,0
tx,156,156,1,1,1787953542279646838,1787953542278622394,5119364455040,5119364467929,72,0,0
rx,157,157,1,1,1787953542280743264,1787953542279787579,5119365551337,0,0,0,0
tx,157,157,1,1,1787953542280746579,1787953542279787579,5119365554781,5119365566226,72,0,0
rx,158,158,1,1,1787953542281839987,1787953542280980487,5119366648040,0,0,0,0
tx,158,158,1,1,1787953542281843764,1787953542280980487,5119366651948,5119366663318,72,0,0
rx,159,159,1,1,1787953542282939616,1787953542282160264,5119367747670,0,0,0,0
tx,159,159,1,1,1787953542282942931,1787953542282160264,5119367751115,5119367762633,72,0,0
rx,160,160,1,1,1787953542284038505,1787953542283335616,5119368846559,0,0,0,0
tx,160,160,1,1,1787953542284043727,1787953542283335616,5119368851911,5119368863170,72,0,0
rx,161,161,1,1,1787953542285135579,1787953542284468672,5119369943652,0,0,0,0
tx,161,161,1,1,1787953542285138931,1787953542284468672,5119369947115,5119369957818,72,0,0
rx,162,162,1,1,1787953542380083357,1787953542379850338,5119464891429,0,0,0,0
tx,162,162,1,1,1787953542380089875,1787953542379850338,5119464898059,5119464919503,72,0,0
rx,163,163,1,1,1787953542381214931,1787953542381059487,5119466023003,0,0,0,0
tx,163,163,1,1,1787953542381218653,1787953542381059487,5119466026837,5119466038596,72,0,0
rx,164,164,1,1,1787953542383426690,1787953542382395431,5119468234763,0,0,0,0
tx,164,164,1,1,1787953542383430709,1787953542382395431,5119468238892,5119468251355,72,0,0
rx,165,165,1,1,1787953542384536098,1787953542383623153,5119469344170,0,0,0,0
tx,165,165,1,1,1787953542384539746,1787953542383623153,5119469347929,5119469359189,72,0,0
rx,166,166,1,1,1787953542385632153,1787953542384762357,5119470440226,0,0,0,0
tx,166,166,1,1,1787953542385635635,1787953542384762357,5119470443818,5119470454874,72,0,0
rx,167,167,1,1,1787953542386730301,1787953542385888727,5119471538374,0,0,0,0
tx,167,167,1,1,1787953542386733857,1787953542385888727,5119471542040,5119471554281,72,0,0
rx,168,168,1,1,1787953542387842283,1787953542387346727,5119472650355,0,0,0,0
tx,168,168,1,1,1787953542387847505,1787953542387346727,5119472655689,5119472668300,72,0,0
rx,169,169,1,1,1787953542482752505,1787953542482216283,5119567560577,0,0,0,0
tx,169,169,1,1,1787953542482756894,1787953542482216283,5119567565114,5119567585151,72,0,0
rx,170,170,1,1,1787953542483901431,1787953542483397746,5119568709503,0,0,0,0
tx,170,170,1,1,1787953542483905394,1787953542483397746,5119568713614,5119568727318,72,0,0
rx,171,171,1,1,1787953542485019153,1787953542484588190,5119569827226,0,0,0,0
tx,171,171,1,1,1787953542485024635,1787953542484588190,5119569832818,5119569846059,72,0,0
rx,172,172,1,1,1787953542486123986,1787953542485737283,5119570932059,0,0,0,0
tx,172,172,1,1,1787953542486127542,1787953542485737283,5119570935726,5119570947837,72,0,0
rx,173,173,1,1,1787953542487237672,1787953542487166320,5119572045744,0,0,0,0
tx,173,173,1,1,1787953542487241135,1787953542487166320,5119572049318,5119572061503,72,0,0
rx,174,174,1,1,1787953542488383931,1787953542488337116,5119573192003,0,0,0,0
tx,174,174,1,1,1787953542488387449,1787953542488337116,5119573195633,5119573207226,72,0,0
rx,175,175,1,1,1787953542490518505,1787953542489503486,5119575326559,0,0,0,0
tx,175,175,1,1,1787953542490522246,1787953542489503486,5119575330429,5119575343411,72,0,0
rx,176,176,1,1,1787953542585509320,1787953542584628042,5119670317355,0,0,0,0
tx,176,176,1,1,1787953542585513986,1787953542584628042,5119670322225,5119670343337,72,0,0
rx,177,177,1,1,1787953542586640060,1787953542585964209,5119671448133,0,0,0,0
tx,177,177,1,1,1787953542586643931,1787953542585964209,5119671452151,5119671464763,72,0,0
rx,178,178,1,1,1787953542587744560,1787953542587050542,5119672552633,0,0,0,0
tx,178,178,1,1,1787953542587748097,1787953542587050542,5119672556355,5119672569022,72,0,0
rx,179,179,1,1,1787953542588881949,1787953542588194949,5119673690022,0,0,0,0
tx,179,179,1,1,1787953542588885986,1787953542588194949,5119673694170,5119673706707,72,0,0
rx,180,180,1,1,1787953542589985542,1787953542589288986,5119674793614,0,0,0,0
tx,180,180,1,1,1787953542589990727,1787953542589288986,5119674798929,5119674811540,72,0,0
rx,181,181,1,1,1787953542591108801,1787953542590411486,5119675916874,0,0,0,0
tx,181,181,1,1,1787953542591112486,1787953542590411486,5119675920670,5119675933188,72,0,0
rx,182,182,1,1,1787953542687121542,1787953542686987246,5119771929614,0,0,0,0
tx,182,182,1,1,1787953542687125949,1787953542686987246,5119771934170,5119771954503,72,0,0
rx,183,183,1,1,1787953542688251560,1787953542688095320,5119773059633,0,0,0,0
tx,183,183,1,1,1787953542688255153,1787953542688095320,5119773063392,5119773076948,72,0,0
rx,184,184,1,1,1787953542689354505,1787953542689210820,5119774162577,0,0,0,0
tx,184,184,1,1,1787953542689358005,1787953542689210820,5119774166188,5119774177670,72,0,0
rx,185,185,1,1,1787953542690450394,1787953542690343172,5119775258466,0,0,0,0
tx,185,185,1,1,1787953542690454005,1787953542690343172,5119775262188,5119775273614,72,0,0
rx,186,186,1,1,1787953542691546190,1787953542691459560,5119776354244,0,0,0,0
tx,186,186,1,1,1787953542691549764,1787953542691459560,5119776357948,5119776370003,72,0,0
rx,187,187,1,1,1787953542692661949,1787953542692603005,5119777470022,0,0,0,0
tx,187,187,1,1,1787953542692665653,1787953542692603005,5119777473855,5119777496300,72,0,0
rx,188,188,1,1,1787953542694857246,1787953542693824079,5119779665300,0,0,0,0
tx,188,188,1,1,1787953542694860820,1787953542693824079,5119779669003,5119779681800,72,0,0
rx,189,189,1,1,1787953542789795653,1787953542789517894,5119874603725,0,0,0,0
tx,189,189,1,1,1787953542789800431,1787953542789517894,5119874608614,5119874628244,72,0,0
rx,190,190,1,1,1787953542790936486,1787953542790610560,5119875744559,0,0,0,0
tx,190,190,1,1,1787953542790941875,1787953542790610560,5119875750059,5119875762781,72,0,0
rx,191,191,1,1,1787953542792041838,1787953542791732320,5119876849892,0,0,0,0
tx,191,191,1,1,1787953542792045486,1787953542791732320,5119876853670,5119876865429,72,0,0
rx,192,192,1,1,1787953542793139708,1787953542792844708,5119877947781,0,0,0,0
tx,192,192,1,1,1787953542793143171,1787953542792844708,5119877951355,5119877962651,72,0,0
rx,193,193,1,1,1787953542794238357,1787953542793967690,5119879046411,0,0,0,0
tx,193,193,1,1,1787953542794242079,1787953542793967690,5119879050262,5119879063022,72,0,0
rx,194,194,1,1,1787953542795338838,1787953542795084060,5119880146911,0,0,0,0
tx,194,194,1,1,1787953542795342449,1787953542795084060,5119880150633,5119880162781,72,0,0
rx,195,195,1,1,1787953542796436227,1787953542796201634,5119881244299,0,0,0,0
tx,195,195,1,1,1787953542796439820,1787953542796201634,5119881248003,5119881259448,72,0,0
rx,196,196,1,1,1787953542892549116,1787953542891800634,5119977357188,0,0,0,0
tx,196,196,1,1,1787953542892553875,1787953542891800634,5119977362114,5119977384670,72,0,0
rx,197,197,1,1,1787953542893683745,1787953542892906912,5119978491818,0,0,0,0
tx,197,197,1,1,1787953542893687449,1787953542892906912,5119978495633,5119978508448,72,0,0
rx,198,198,1,1,1787953542894830023,1787953542894037708,5119979638096,0,0,0,0
tx,198,198,1,1,1787953542894833875,1787953542894037708,5119979642059,5119979655003,72,0,0
rx,199,199,1,1,1787953542895936208,1787953542895183431,5119980744281,0,0,0,0
tx,199,199,1,1,1787953542895941745,1787953542895183431,5119980749929,5119980764096,72,0,0
rx,200,200,1,1,1787953542897043431,1787953542896297449,5119981851503,0,0,0,0
tx,200,200,1,1,1787953542897047023,1787953542896297449,5119981855207,5119981866651,72,0,0
rx,201,0,1,1,1787953542898140468,1787953542897408005,5119982948522,0,0,0,0
tx,201,0,1,1,1787953542898143968,1787953542897408005,5119982952151,5119982963207,72,0,0
rx,202,1,1,1,1787953542899221005,1787953542898525912,5119984029077,0,0,0,0
tx,202,1,1,1,1787953542899224431,1787953542898525912,5119984032614,5119984043836,72,0,0
rx,203,2,1,1,1787953542994226838,1787953542994167931,5120079034910,0,0,0,0
tx,203,2,1,1,1787953542994231079,1787953542994167931,5120079039429,5120079059262,72,0,0
rx,204,3,1,1,1787953542995356616,1787953542995271097,5120080164688,0,0,0,0
tx,204,3,1,1,1787953542995360394,1787953542995271097,5120080168633,5120080180503,72,0,0
rx,205,4,1,1,1787953542996458523,1787953542996390764,5120081266596,0,0,0,0
tx,205,4,1,1,1787953542996462153,1787953542996390764,5120081270336,5120081283540,72,0,0
rx,206,5,1,1,1787953542997564357,1787953542997509597,5120082372429,0,0,0,0
tx,206,5,1,1,1787953542997567819,1787953542997509597,5120082376003,5120082388003,72,0,0
rx,207,6,1,1,1787953542998733431,1787953542998661005,5120083541503,0,0,0,0
tx,207,6,1,1,1787953542998737264,1787953542998661005,5120083545447,5120083558114,72,0,0
rx,208,7,1,1,1787953542999846986,1787953542999787727,5120084655059,0,0,0,0
tx,208,7,1,1,1787953542999852727,1787953542999787727,5120084660910,5120084674559,72,0,0
rx,209,8,1,1,1787953543000953097,1787953543000868301,5120085761170,0,0,0,0
tx,209,8,1,1,1787953543000956634,1787953543000868301,5120085764836,5120085776207,72,0,0
rx,210,9,1,1,1787953543096955671,1787953543096580616,5120181763744,0,0,0,0
tx,210,9,1,1,1787953543096961708,1787953543096580616,5120181769929,5120181790688,72,0,0
rx,211,10,1,1,1787953543098090079,1787953543097698597,5120182898151,0,0,0,0
tx,211,10,1,1,1787953543098093616,1787953543097698597,5120182901873,5120182914873,72,0,0
rx,212,11,1,1,1787953543099209060,1787953543098805634,5120184017040,0,0,0,0
tx,212,11,1,1,1787953543099213060,1787953543098805634,5120184021244,5120184033299,72,0,0
rx,213,12,1,1,1787953543100309431,1787953543099923764,5120185117503,0,0,0,0
tx,213,12,1,1,1787953543100312893,1787953543099923764,5120185121077,5120185133114,72,0,0
rx,214,13,1,1,1787953543101406912,1787953543101041597,5120186214966,0,0,0,0
tx,214,13,1,1,1787953543101410375,1787953543101041597,5120186218559,5120186229966,72,0,0
rx,215,14,1,1,1787953543102539412,1787953543102262264,5120187347429,0,0,0,0
tx,215,14,1,1,1787953543102546875,1787953543102262264,5120187355114,5120187381003,72,0,0
rx,216,15,1,1,1787953543103747671,1787953543103549153,5120188555670,0,0,0,0
tx,216,15,1,1,1787953543103755616,1787953543103549153,5120188563873,5120188589762,72,0,0
rx,217,16,1,1,1787953543199619875,1787953543199110319,5120284427873,0,0,0,0
tx,217,16,1,1,1787953543199629097,1787953543199110319,5120284437355,5120284489818,72,0,0
rx,218,17,1,1,1787953543200946356,1787953543200463116,5120285754355,0,0,0,0
tx,218,17,1,1,1787953543200957764,1787953543200463116,5120285766021,5120285793947,72,0,0
rx,219,18,1,1,1787953543202112245,1787953543201416319,5120286920244,0,0,0,0
tx,219,18,1,1,1787953543202119912,1787953543201416319,5120286928170,5120286952966,72,0,0
rx,220,19,1,1,1787953543203248819,1787953543202538356,5120288056799,0,0,0,0
tx,220,19,1,1,1787953543203256375,1787953543202538356,5120288064614,5120288088577,72,0,0
rx,221,20,1,1,1787953543204397245,1787953543203676819,5120289205281,0,0,0,0
tx,221,20,1,1,1787953543204403856,1787953543203676819,5120289212096,5120289233892,72,0,0
rx,222,21,1,1,1787953543205540042,1787953543204837671,5120290348058,0,0,0,0
tx,222,21,1,1,1787953543205546801,1787953543204837671,5120290355040,5120290377910,72,0,0
rx,223,22,1,1,1787953543302093208,1787953543301501467,5120386901225,0,0,0,0
tx,223,22,1,1,1787953543302101375,1787953543301501467,5120386909614,5120386943207,72,0,0
rx,224,23,1,1,1787953543303273430,1787953543302672282,5120388081447,0,0,0,0
tx,224,23,1,1,1787953543303280042,1787953543302672282,5120388088318,5120388110207,72,0,0
rx,225,24,1,1,1787953543304448745,1787953543303812616,5120389256762,0,0,0,0
tx,225,24,1,1,1787953543304456449,1787953543303812616,5120389264707,5120389291336,72,0,0
rx,226,25,1,1,1787953543305702412,1787953543305081004,5120390510410,0,0,0,0
tx,226,25,1,1,1787953543305713912,1787953543305081004,5120390522151,5120390549021,72,0,0
rx,227,26,1,1,1787953543306872504,1787953543306137079,5120391680521,0,0,0,0
tx,227,26,1,1,1787953543306880208,1787953543306137079,5120391688466,5120391715188,72,0,0
rx,228,27,1,1,1787953543308029023,1787953543307297319,5120392837003,0,0,0,0
tx,228,27,1,1,1787953543308036523,1787953543307297319,5120392844762,5120392869262,72,0,0
rx,229,28,1,1,1787953543309181004,1787953543308424486,5120393989003,0,0,0,0
tx,229,28,1,1,1787953543309188597,1787953543308424486,5120393996855,5120394020929,72,0,0
rx,230,29,1,0,1787953543405233949,1787953543403931819,5120490041966,0,0,0,0
rx,231,30,1,1,1787953543405239690,1787953543405153245,5120490047706,0,0,0,0
tx,231,30,1,1,1787953543405246060,1787953543405153245,5120490054318,5120490088521,72,0,0
rx,232,31,1,1,1787953543406415949,1787953543406287264,5120491223966,0,0,0,0
tx,232,31,1,1,1787953543406422653,1787953543406287264,5120491230892,5120491253206,72,0,0
rx,234,33,1,1,1787953543408685819,1787953543408585412,5120493493836,0,0,0,0
tx,234,33,1,1,1787953543408692597,1787953543408585412,5120493500836,5120493525206,72,0,0
rx,235,34,1,1,1787953543409868393,1787953543409766930,5120494676410,0,0,0,0
tx,235,34,1,1,1787953543409895023,1787953543409766930,5120494703262,5120494735725,72,0,0
rx,237,36,1,1,1787953543506584060,1787953543506456412,5120591392077,0,0,0,0
tx,237,36,1,1,1787953543506592745,1787953543506456412,5120591401003,5120591437058,72,0,0
rx,238,37,1,1,1787953543507782875,1787953543507523615,5120592590873,0,0,0,0
tx,238,37,1,1,1787953543507794208,1787953543507523615,5120592602447,5120592630466,72,0,0
rx,239,38,1,1,1787953543509004078,1787953543508901078,5120593812077,0,0,0,0
tx,239,38,1,1,1787953543509011523,1787953543508901078,5120593819762,5120593844447,72,0,0
rx,240,39,1,1,1787953543510233171,1787953543510119949,5120595041188,0,0,0,0
tx,240,39,1,1,1787953543510240912,1787953543510119949,5120595049169,5120595076632,72,0,0
rx,241,40,1,1,1787953543512513745,1787953543511650264,5120597321725,0,0,0,0
tx,241,40,1,1,1787953543512521375,1787953543511650264,5120597329614,5120597355132,72,0,0
rx,242,41,1,1,1787953543513702208,1787953543512900412,5120598510206,0,0,0,0
tx,242,41,1,1,1787953543513710504,1787953543512900412,5120598518762,5120598544669,72,0,0
rx,243,42,1,1,1787953543514839041,1787953543514179245,5120599647040,0,0,0,0
tx,243,42,1,1,1787953543514846949,1787953543514179245,5120599655206,5120599681651,72,0,0
rx,244,43,1,1,1787953543609505560,1787953543608803171,5120694313521,0,0,0,0
tx,244,43,1,1,1787953543609513171,1787953543608803171,5120694321410,5120694355003,72,0,0
rx,245,44,1,1,1787953543610684523,1787953543609991745,5120695492558,0,0,0,0
tx,245,44,1,1,1787953543610690949,1787953543609991745,5120695499169,5120695520799,72,0,0
rx,246,45,1,1,1787953543611829504,1787953543611276949,5120696637243,0,0,0,0
tx,246,45,1,1,1787953543611841097,1787953543611276949,5120696649669,5120696676095,72,0,0
rx,247,46,1,1,1787953543612992004,1787953543612399523,5120697799892,0,0,0,0
tx,247,46,1,1,1787953543612999319,1787953543612399523,5120697807577,5120697832799,72,0,0
rx,248,47,1,1,1787953543614147560,1787953543613562004,5120698955577,0,0,0,0
tx,248,47,1,1,1787953543614154338,1787953543613562004,5120698962577,5120698986855,72,0,0
rx,249,48,1,1,1787953543615295301,1787953543614749560,5120700103317,0,0,0,0
tx,249,48,1,1,1787953543615301967,1787953543614749560,5120700110206,5120700131929,72,0,0
rx,250,49,1,1,1787953543616436115,1787953543616202449,5120701244132,0,0,0,0
tx,250,49,1,1,1787953543616442430,1787953543616202449,5120701250669,5120701270577,72,0,0
rx,251,50,1,1,1787953543711322689,1787953543711242856,5120796130669,0,0,0,0
tx,251,50,1,1,1787953543711331301,1787953543711242856,5120796139540,5120796174336,72,0,0
rx,252,51,1,1,1787953543712505912,1787953543712380893,5120797313929,0,0,0,0
tx,252,51,1,1,1787953543712512986,1787953543712380893,5120797321262,5120797345299,72,0,0
rx,253,52,1,1,1787953543713682745,1787953543713586486,5120798490743,0,0,0,0
tx,253,52,1,1,1787953543713689782,1787953543713586486,5120798498021,5120798521836,72,0,0
rx,254,53,1,1,1787953543715908078,1787953543714812189,5120800716095,0,0,0,0
tx,254,53,1,1,1787953543715915245,1787953543714812189,5120800723484,5120800747873,72,0,0
rx,255,54,1,1,1787953543717063745,1787953543716064504,5120801871669,0,0,0,0
tx,255,54,1,1,1787953543717075078,1787953543716064504,5120801883317,5120801910632,72,0,0
rx,256,55,1,1,1787953543718227745,1787953543717212615,5120803035725,0,0,0,0
tx,256,55,1,1,1787953543718235189,1787953543717212615,5120803043429,5120803068447,72,0,0
rx,257,56,1,1,1787953543719384504,1787953543718445782,5120804192503,0,0,0,0
tx,257,56,1,1,1787953543719391875,1787953543718445782,5120804200151,5120804225262,72,0,0
rx,258,57,1,1,1787953543814584838,1787953543813624189,5120899392799,0,0,0,0
tx,258,57,1,1,1787953543814593430,1787953543813624189,5120899401669,5120899440410,72,0,0
rx,259,58,1,1,1787953543815775375,1787953543814808560,5120900583373,0,0,0,0
tx,259,58,1,1,1787953543815782652,1787953543814808560,5120900591132,5120900615854,72,0,0
rx,261,60,1,1,1787953543818001652,1787953543817449726,5120902809632,0,0,0,0
tx,261,60,1,1,1787953543818009208,1787953543817449726,5120902817466,5120902841540,72,0,0
rx,262,61,1,1,1787953543819145541,1787953543818647467,5120903953540,0,0,0,0
tx,262,61,1,1,1787953543819152652,1787953543818647467,5120903960910,5120903983762,72,0,0
rx,263,62,1,1,1787953543820328356,1787953543819947523,5120905136354,0,0,0,0
tx,263,62,1,1,1787953543820335800,1787953543819947523,5120905144280,5120905169206,72,0,0
rx,264,63,1,1,1787953543916284078,1787953543916035523,5121001092002,0,0,0,0
tx,264,63,1,1,1787953543916293337,1787953543916035523,5121001101595,5121001144447,72,0,0
rx,265,64,1,1,1787953544019048226,1787953544018375337,5121103856169,0,0,0,0
tx,265,64,1,1,1787953544019056226,1787953544018375337,5121103864465,5121103904521,72,0,0
rx,266,65,1,1,1787953544020242245,1787953544019630652,5121105050262,0,0,0,0
tx,266,65,1,1,1787953544020250004,1787953544019630652,5121105058262,5121105082725,72,0,0
rx,267,66,1,1,1787953544021391374,1787953544020903300,5121106199391,0,0,0,0
tx,267,66,1,1,1787953544021398430,1787953544020903300,5121106206688,5121106230817,72,0,0
rx,268,67,1,1,1787953544022537560,1787953544022290689,5121107345521,0,0,0,0
tx,268,67,1,1,1787953544022548726,1787953544022290689,5121107356965,5121107380614,72,0,0
rx,269,68,1,1,1787953544023685282,1787953544023273893,5121108493280,0,0,0,0
tx,269,68,1,1,1787953544023721134,1787953544023273893,5121108529391,5121108553817,72,0,0
rx,270,69,1,1,1787953544024865911,1787953544024453837,5121109673910,0,0,0,0
tx,270,69,1,1,1787953544024873004,1787953544024453837,5121109681262,5121109705465,72,0,0
rx,272,71,1,1,1787953544027113874,1787953544027089134,5121111921873,0,0,0,0
tx,272,71,1,1,1787953544027120911,1787953544027089134,5121111929151,5121111953058,72,0,0
rx,273,72,1,1,1787953544029338319,1787953544028278152,5121114146336,0,0,0,0
tx,273,72,1,1,1787953544029345726,1787953544028278152,5121114153965,5121114178910,72,0,0
rx,274,73,1,1,1787953544030489189,1787953544029550911,5121115297206,0,0,0,0
tx,274,73,1,1,1787953544030500541,1787953544029550911,5121115308780,5121115332521,72,0,0
rx,275,74,1,1,1787953544031642671,1787953544030666745,5121116450669,0,0,0,0
tx,275,74,1,1,1787953544031649763,1787953544030666745,5121116458021,5121116481984,72,0,0
rx,276,75,1,1,1787953544032791652,1787953544031867041,5121117599669,0,0,0,0
tx,276,75,1,1,1787953544032798856,1787953544031867041,5121117607095,5121117630725,72,0,0
rx,278,77,1,1,1787953544121581726,1787953544120796597,5121206389613,0,0,0,0
tx,278,77,1,1,1787953544121589763,1787953544120796597,5121206398021,5121206433447,72,0,0
rx,279,78,1,1,1787953544122763782,1787953544122048893,5121207571780,0,0,0,0
tx,279,78,1,1,1787953544122770948,1787953544122048893,5121207579206,5121207602688,72,0,0
rx,280,79,1,1,1787953544123909300,1787953544123261337,5121208717317,0,0,0,0
tx,280,79,1,1,1787953544123916430,1787953544123261337,5121208724688,5121208747928,72,0,0
rx,281,80,1,1,1787953544125054615,1787953544124477374,5121209862632,0,0,0,0
tx,281,80,1,1,1787953544125061708,1787953544124477374,5121209869965,5121209893688,72,0,0
rx,282,81,1,1,1787953544126199578,1787953544125761578,5121211007558,0,0,0,0
tx,282,81,1,1,1787953544126206856,1787953544125761578,5121211015095,5121211038632,72,0,0
rx,283,82,1,1,1787953544127347430,1787953544127020782,5121212155428,0,0,0,0
tx,283,82,1,1,1787953544127358541,1787953544127020782,5121212166799,5121212191725,72,0,0
rx,284,83,1,1,1787953544128503263,1787953544128050097,5121213311280,0,0,0,0
tx,284,83,1,1,1787953544128510448,1787953544128050097,5121213318688,5121213341910,72,0,0
rx,285,84,1,1,1787953544223720337,1787953544223361893,5121308528354,0,0,0,0
tx,285,84,1,1,1787953544223733189,1787953544223361893,5121308541447,5121308576317,72,0,0
rx,286,85,1,1,1787953544224915004,1787953544224441263,5121309723002,0,0,0,0
tx,286,85,1,1,1787953544224923226,1787953544224441263,5121309731484,5121309756280,72,0,0
rx,287,86,1,1,1787953544226065763,1787953544225621022,5121310873780,0,0,0,0
tx,287,86,1,1,1787953544226073393,1787953544225621022,5121310881632,5121310906632,72,0,0
rx,288,87,1,1,1787953544227256171,1787953544226828541,5121312064187,0,0,0,0
tx,288,87,1,1,1787953544227263930,1787953544226828541,5121312072206,5121312100447,72,0,0
rx,289,88,1,1,1787953544228415856,1787953544228308578,5121313223854,0,0,0,0
tx,289,88,1,1,1787953544228423448,1787953544228308578,5121313231706,5121313257113,72,0,0
rx,290,89,1,1,1787953544229596985,1787953544229484263,5121314405002,0,0,0,0
tx,290,89,1,1,1787953544229604448,1787953544229484263,5121314412706,5121314437687,72,0,0
rx,291,90,1,1,1787953544230845208,1787953544230738078,5121315653206,0,0,0,0
tx,291,90,1,1,1787953544230852874,1787953544230738078,5121315661113,5121315687299,72,0,0
rx,292,91,1,1,1787953544326469837,1787953544325668708,5121411277854,0,0,0,0
tx,292,91,1,1,1787953544326478448,1787953544325668708,5121411286687,5121411324095,72,0,0
rx,293,92,1,1,1787953544327700041,1787953544326959578,5121412508039,0,0,0,0
tx,293,92,1,1,1787953544327708578,1787953544326959578,5121412516836,5121412543132,72,0,0
rx,294,93,1,1,1787953544328866133,1787953544328265615,5121413674132,0,0,0,0
tx,294,93,1,1,1787953544328878485,1787953544328265615,5121413686743,5121413713854,72,0,0
rx,295,94,1,1,1787953544330031652,1787953544329430041,5121414839650,0,0,0,0
tx,295,94,1,1,1787953544330039485,1787953544329430041,5121414847743,5121414872428,72,0,0
rx,296,95,1,1,1787953544331181985,1787953544330902337,5121415989965,0,0,0,0
tx,296,95,1,1,1787953544331189245,1787953544330902337,5121415997484,5121416045484,72,0,0
rx,297,96,1,1,1787953544332356615,1787953544332087411,5121417164613,0,0,0,0
tx,297,96,1,1,1787953544332363874,1787953544332087411,5121417172113,5121417196280,72,0,0
rx,298,97,1,1,1787953544429525615,1787953544428351504,5121514333595,0,0,0,0
tx,298,97,1,1,1787953544429534115,1787953544428351504,5121514342373,5121514378261,72,0,0
rx,299,98,1,1,1787953544430718745,1787953544429958448,5121515526743,0,0,0,0
tx,299,98,1,1,1787953544430726541,1787953544429958448,5121515534780,5121515560854,72,0,0
rx,300,99,1,1,1787953544431879115,1787953544431551930,5121516687113,0,0,0,0
tx,300,99,1,1,1787953544431886893,1787953544431551930,5121516695150,5121516720706,72,0,0
rx,301,100,1,1,1787953544433045448,1787953544432940893,5121517853465,0,0,0,0
tx,301,100,1,1,1787953544433057208,1787953544432940893,5121517865465,5121517890428,72,0,0
rx,302,101,1,1,1787953544435284930,1787953544434726615,5121520092947,0,0,0,0
tx,302,101,1,1,1787953544435292467,1787953544434726615,5121520100706,5121520125984,72,0,0
rx,303,102,1,1,1787953544436441337,1787953544436192800,5121521249336,0,0,0,0
tx,303,102,1,1,1787953544436474189,1787953544436192800,5121521282447,5121521309428,72,0,0
rx,304,103,1,1,1787953544438708911,1787953544438065893,5121523516910,0,0,0,0
tx,304,103,1,1,1787953544438716615,1787953544438065893,5121523524854,5121523550428,72,0,0
rx,305,104,1,1,1787953544531288744,1787953544530340282,5121616096743,0,0,0,0
tx,305,104,1,1,1787953544531297670,1787953544530340282,5121616106113,5121616143317,72,0,0
rx,306,105,1,1,1787953544532482874,1787953544531429522,5121617290891,0,0,0,0
tx,306,105,1,1,1787953544532489985,1787953544531429522,5121617298224,5121617322613,72,0,0
rx,307,106,1,0,1787953544533662856,1787953544532534356,5121618470854,0,0,0,0
rx,308,107,1,1,1787953544533668504,1787953544533636207,5121618476521,0,0,0,0
tx,308,107,1,1,1787953544533675670,1787953544533636207,5121618483910,5121618508335,72,0,0
rx,309,108,1,1,1787953544534816504,1787953544534752559,5121619624521,0,0,0,0
tx,309,108,1,1,1787953544534823448,1787953544534752559,5121619631687,5121619655002,72,0,0
rx,310,109,1,1,1787953544535961985,1787953544535868504,5121620769984,0,0,0,0
tx,310,109,1,1,1787953544535969393,1787953544535868504,5121620777632,5121620801947,72,0,0
rx,311,110,1,1,1787953544537110282,1787953544537048078,5121621918280,0,0,0,0
tx,311,110,1,1,1787953544537117467,1787953544537048078,5121621925706,5121621949891,72,0,0
rx,312,111,1,1,1787953544633445430,1787953544632751467,5121718253409,0,0,0,0
tx,312,111,1,1,1787953544633454707,1787953544632751467,5121718262965,5121718298261,72,0,0
rx,313,112,1,1,1787953544634637837,1787953544633877985,5121719445854,0,0,0,0
tx,313,112,1,1,1787953544634648800,1787953544633877985,5121719457058,5121719482132,72,0,0
rx,314,113,1,1,1787953544635795726,1787953544634931504,5121720603724,0,0,0,0
tx,314,113,1,1,1787953544635803170,1787953544634931504,5121720611428,5121720635132,72,0,0
rx,315,114,1,1,1787953544636943522,1787953544636054689,5121721751484,0,0,0,0
tx,315,114,1,1,1787953544636950652,1787953544636054689,5121721759002,5121721782039,72,0,0
rx,316,115,1,1,1787953544638086893,1787953544637170856,5121722894891,0,0,0,0
tx,316,115,1,1,1787953544638094226,1787953544637170856,5121722902465,5121722925595,72,0,0
rx,317,116,1,1,1787953544639240448,1787953544638287337,5121724048428,0,0,0,0
tx,317,116,1,1,1787953544639247837,1787953544638287337,5121724056076,5121724080002,72,0,0
rx,318,117,1,1,1787953544640386578,1787953544639412152,5121725194558,0,0,0,0
tx,318,117,1,1,1787953544640393781,1787953544639412152,5121725202039,5121725225076,72,0,0
rx,319,118,1,1,1787953544735512318,1787953544735112467,5121820320335,0,0,0,0
tx,319,118,1,1,1787953544735520948,1787953544735112467,5121820329187,5121820366039,72,0,0
rx,320,119,1,1,1787953544736704911,1787953544736227393,5121821512909,0,0,0,0
tx,320,119,1,1,1787953544736712374,1787953544736227393,5121821520613,5121821543891,72,0,0
rx,321,120,1,1,1787953544737850393,1787953544737362170,5121822658391,0,0,0,0
tx,321,120,1,1,1787953544737857707,1787953544737362170,5121822665965,5121822690558,72,0,0
rx,322,121,1,1,1787953544738997189,1787953544738489374,5121823805187,0,0,0,0
tx,322,121,1,1,1787953544739008041,1787953544738489374,5121823816298,5121823840372,72,0,0
rx,323,122,1,1,1787953544740151355,1787953544739580837,5121824959354,0,0,0,0
tx,323,122,1,1,1787953544740158726,1787953544739580837,5121824966965,5121824992428,72,0,0
rx,324,123,1,1,1787953544741313504,1787953544740699467,5121826121502,0,0,0,0
tx,324,123,1,1,1787953544741320874,1787953544740699467,5121826129132,5121826153946,72,0,0
rx,325,124,1,1,1787953544742466374,1787953544741830689,5121827274391,0,0,0,0
tx,325,124,1,1,1787953544742473763,1787953544741830689,5121827282002,5121827305280,72,0,0
rx,326,125,1,1,1787953544837978615,1787953544837539892,5121922786595,0,0,0,0
tx,326,125,1,1,1787953544837987522,1787953544837539892,5121922795780,5121922833243,72,0,0
rx,327,126,1,1,1787953544839172115,1787953544838633615,5121923980132,0,0,0,0
tx,327,126,1,1,1787953544839179374,1787953544838633615,5121923987632,5121924045465,72,0,0
rx,328,127,1,1,1787953544840358429,1787953544839757170,5121925166428,0,0,0,0
tx,328,127,1,1,1787953544840365633,1787953544839757170,5121925173891,5121925198095,72,0,0
rx,329,128,1,1,1787953544841506041,1787953544840904800,5121926314039,0,0,0,0
tx,329,128,1,1,1787953544841513133,1787953544840904800,5121926321391,5121926344687,72,0,0
rx,330,129,1,1,1787953544842662374,1787953544842068300,5121927470391,0,0,0,0
tx,330,129,1,1,1787953544842669948,1787953544842068300,5121927478206,5121927503872,72,0,0
rx,331,130,1,1,1787953544843815337,1787953544843223281,5121928623243,0,0,0,0
tx,331,130,1,1,1787953544843826429,1787953544843223281,5121928634687,5121928659150,72,0,0
rx,332,131,1,1,1787953544844971115,1787953544844302041,5121929779095,0,0,0,0
tx,332,131,1,1,1787953544844978281,1787953544844302041,5121929786520,5121929810057,72,0,0
rx,333,132,1,1,1787953544940486337,1787953544940077004,5122025294298,0,0,0,0
tx,333,132,1,1,1787953544940498504,1787953544940077004,5122025306761,5122025346798,72,0,0
rx,334,133,1,1,1787953544941692374,1787953544941556281,5122026500372,0,0,0,0
tx,334,133,1,1,1787953544941699744,1787953544941556281,5122026508002,5122026531594,72,0,0
rx,335,134,1,1,1787953544942840559,1787953544942738948,5122027648576,0,0,0,0
tx,335,134,1,1,1787953544942847800,1787953544942738948,5122027656057,5122027679669,72,0,0
rx,336,135,1,1,1787953544945112300,1787953544944179670,5122029920298,0,0,0,0
tx,336,135,1,1,1787953544945119652,1787953544944179670,5122029927891,5122029955187,72,0,0
rx,337,136,1,1,1787953544946270559,1787953544945381281,5122031078557,0,0,0,0
tx,337,136,1,1,1787953544946277781,1787953544945381281,5122031086020,5122031109502,72,0,0
rx,338,137,1,1,1787953544947419855,1787953544946597855,5122032227872,0,0,0,0
tx,338,137,1,1,1787953544947427152,1787953544946597855,5122032235409,5122032259391,72,0,0
rx,339,138,1,1,1787953545042864466,1787953545042361689,5122127672446,0,0,0,0
tx,339,138,1,1,1787953545042873003,1787953545042361689,5122127681243,5122127717706,72,0,0
rx,340,139,1,1,1787953545044058003,1787953545043547411,5122128866002,0,0,0,0
tx,340,139,1,1,1787953545044065411,1787953545043547411,5122128873668,5122128899150,72,0,0
rx,341,140,1,1,1787953545045212818,1787953545044668985,5122130020817,0,0,0,0
tx,341,140,1,1,1787953545045223540,1787953545044668985,5122130031798,5122130055780,72,0,0
rx,342,141,1,1,1787953545046371892,1787953545045737337,5122131179891,0,0,0,0
tx,342,141,1,1,1787953545046379244,1787953545045737337,5122131187483,5122131212446,72,0,0
rx,343,142,1,1,1787953545047550652,1787953545046844966,5122132358668,0,0,0,0
tx,343,142,1,1,1787953545047558263,1787953545046844966,5122132366520,5122132390706,72,0,0
rx,344,143,1,1,1787953545048700781,1787953545047945652,5122133508743,0,0,0,0
tx,344,143,1,1,1787953545048708152,1787953545047945652,5122133516409,5122133539946,72,0,0
rx,345,144,1,1,1787953545049846744,1787953545049082448,5122134654687,0,0,0,0
tx,345,144,1,1,1787953545049853966,1787953545049082448,5122134662224,5122134685761,72,0,0
rx,346,145,1,1,1787953545145323300,1787953545144698837,5122230131242,0,0,0,0
tx,346,145,1,1,1787953545145331411,1787953545144698837,5122230139668,5122230176354,72,0,0
rx,347,146,1,1,1787953545146510559,1787953545145807614,5122231318576,0,0,0,0
tx,347,146,1,1,1787953545146517855,1787953545145807614,5122231326094,5122231350131,72,0,0
rx,348,147,1,1,1787953545147664652,1787953545146935522,5122232472650,0,0,0,0
tx,348,147,1,1,1787953545147672059,1787953545146935522,5122232480317,5122232505761,72,0,0
rx,349,148,1,1,1787953545148820855,1787953545148098466,5122233628872,0,0,0,0
tx,349,148,1,1,1787953545148828337,1787953545148098466,5122233636594,5122233661631,72,0,0
rx,350,149,1,1,1787953545149973540,1787953545149189614,5122234781539,0,0,0,0
tx,350,149,1,1,1787953545149984226,1787953545149189614,5122234792465,5122234816446,72,0,0
rx,351,150,1,1,1787953545151126337,1787953545150303781,5122235934335,0,0,0,0
tx,351,150,1,1,1787953545151133522,1787953545150303781,5122235941761,5122235965187,72,0,0
rx,352,151,1,1,1787953545152271744,1787953545151439503,5122237079761,0,0,0,0
tx,352,151,1,1,1787953545152278966,1787953545151439503,5122237087205,5122237110705,72,0,0
rx,353,152,1,1,1787953545247679207,1787953545247124985,5122332487187,0,0,0,0
tx,353,152,1,1,1787953545247687337,1787953545247124985,5122332495594,5122332531872,72,0,0
rx,354,153,1,1,1787953545248864392,1787953545248243503,5122333672409,0,0,0,0
tx,354,153,1,1,1787953545248871948,1787953545248243503,5122333680205,5122333703576,72,0,0
rx,355,154,1,1,1787953545250021337,1787953545249348040,5122334829335,0,0,0,0
tx,355,154,1,1,1787953545250028800,1787953545249348040,5122334837057,5122334862131,72,0,0
rx,356,155,1,1,1787953545251177003,1787953545250489133,5122335985002,0,0,0,0
tx,356,155,1,1,1787953545251184244,1787953545250489133,5122335992483,5122336043594,72,0,0
rx,357,156,1,1,1787953545252356170,1787953545251597948,5122337164150,0,0,0,0
tx,357,156,1,1,1787953545252363374,1787953545251597948,5122337171631,5122337197094,72,0,0
rx,358,157,1,1,1787953545253509003,1787953545252757448,5122338317002,0,0,0,0
tx,358,157,1,1,1787953545253516226,1787953545252757448,5122338324483,5122338348557,72,0,0
rx,359,158,1,1,1787953545254679633,1787953545253945170,5122339487631,0,0,0,0
tx,359,158,1,1,1787953545254692948,1787953545253945170,5122339501205,5122339535557,72,0,0
rx,360,159,1,1,1787953545350188503,1787953545349587374,5122434996502,0,0,0,0
tx,360,159,1,1,1787953545350196892,1787953545349587374,5122435005131,5122435039983,72,0,0
rx,361,160,1,1,1787953545351381855,1787953545350673040,5122436189853,0,0,0,0
tx,361,160,1,1,1787953545351393114,1787953545350673040,5122436201372,5122436226650,72,0,0
rx,362,161,1,1,1787953545352542707,1787953545351778318,5122437350705,0,0,0,0
tx,362,161,1,1,1787953545352549800,1787953545351778318,5122437358057,5122437382113,72,0,0
rx,363,162,1,1,1787953545353690559,1787953545352936170,5122438498557,0,0,0,0
tx,363,162,1,1,1787953545353697688,1787953545352936170,5122438505946,5122438529131,72,0,0
rx,364,163,1,1,1787953545354840522,1787953545354057874,5122439648520,0,0,0,0
tx,364,163,1,1,1787953545354848059,1787953545354057874,5122439656316,5122439683020,72,0,0
rx,365,164,1,1,1787953545355959151,1787953545355172911,5122440767150,0,0,0,0
tx,365,164,1,1,1787953545355966429,1787953545355172911,5122440774668,5122440799391,72,0,0
rx,366,165,1,1,1787953545357118874,1787953545356288188,5122441926891,0,0,0,0
tx,366,165,1,1,1787953545357126170,1787953545356288188,5122441934428,5122441959631,72,0,0
rx,367,166,1,1,1787953545452546466,1787953545451920855,5122537354390,0,0,0,0
tx,367,166,1,1,1787953545452554411,1787953545451920855,5122537362668,5122537397279,72,0,0
rx,368,167,1,1,1787953545453761799,1787953545453033374,5122538569816,0,0,0,0
tx,368,167,1,1,1787953545453769392,1787953545453033374,5122538577631,5122538604168,72,0,0
rx,369,168,1,1,1787953545454922411,1787953545454195392,5122539730409,0,0,0,0
tx,369,168,1,1,1787953545454933651,1787953545454195392,5122539741890,5122539767076,72,0,0
rx,370,169,1,1,1787953545456096540,1787953545455307318,5122540904539,0,0,0,0
tx,370,169,1,1,1787953545456104707,1787953545455307318,5122540912965,5122540944724,72,0,0
rx,371,170,1,1,1787953545457273522,1787953545456416392,5122542081539,0,0,0,0
tx,371,170,1,1,1787953545457281114,1787953545456416392,5122542089372,5122542115353,72,0,0
rx,372,171,1,1,1787953545458438781,1787953545457511596,5122543246779,0,0,0,0
tx,372,171,1,1,1787953545458446114,1787953545457511596,5122543254353,5122543281150,72,0,0
rx,373,172,1,1,1787953545459595114,1787953545458620614,5122544403020,0,0,0,0
tx,373,172,1,1,1787953545459602670,1787953545458620614,5122544410927,5122544435446,72,0,0
rx,374,173,1,1,1787953545555118429,1787953545554338114,5122639926372,0,0,0,0
tx,374,173,1,1,1787953545555126966,1787953545554338114,5122639935224,5122639974761,72,0,0
rx,375,174,1,1,1787953545556349818,1787953545555463596,5122641157816,0,0,0,0
tx,375,174,1,1,1787953545556358151,1787953545555463596,5122641166409,5122641194335,72,0,0
rx,376,175,1,1,1787953545557512411,1787953545556609614,5122642320409,0,0,0,0
tx,376,175,1,1,1787953545557519707,1787953545556609614,5122642327964,5122642351816,72,0,0
rx,377,176,1,1,1787953545558691522,1787953545557721262,5122643499539,0,0,0,0
tx,377,176,1,1,1787953545558698670,1787953545557721262,5122643506927,5122643531631,72,0,0
rx,378,177,1,1,1787953545559853485,1787953545559090744,5122644661483,0,0,0,0
tx,378,177,1,1,1787953545559866077,1787953545559090744,5122644674335,5122644702076,72,0,0
rx,379,178,1,1,1787953545561026207,1787953545560151577,5122645834224,0,0,0,0
tx,379,178,1,1,1787953545561033762,1787953545560151577,5122645842002,5122645866335,72,0,0
rx,380,179,1,1,1787953545657602725,1787953545656730762,5122742410705,0,0,0,0
tx,380,179,1,1,1787953545657610781,1787953545656730762,5122742419057,5122742455890,72,0,0
rx,381,180,1,1,1787953545658795522,1787953545657853540,5122743603520,0,0,0,0
tx,381,180,1,1,1787953545658803207,1787953545657853540,5122743611446,5122743636261,72,0,0
rx,382,181,1,1,1787953545659947355,1787953545658944522,5122744755353,0,0,0,0
tx,382,181,1,1,1787953545659954966,1787953545658944522,5122744763205,5122744788001,72,0,0
rx,383,182,1,1,1787953545661105133,1787953545660087948,5122745913131,0,0,0,0
tx,383,182,1,1,1787953545661112985,1787953545660087948,5122745921242,5122745947316,72,0,0
rx,384,183,1,1,1787953545662263225,1787953545661212040,5122747071224,0,0,0,0
tx,384,183,1,1,1787953545662270688,1787953545661212040,5122747078946,5122747102168,72,0,0
rx,385,184,1,1,1787953545663413985,1787953545662328466,5122748221927,0,0,0,0
tx,385,184,1,1,1787953545663421225,1787953545662328466,5122748229483,5122748253409,72,0,0
rx,386,185,1,1,1787953545664568114,1787953545663512651,5122749376020,0,0,0,0
tx,386,185,1,1,1787953545664579633,1787953545663512651,5122749387890,5122749412279,72,0,0
rx,387,186,1,1,1787953545760084947,1787953545759123910,5122844892964,0,0,0,0
tx,387,186,1,1,1787953545760093633,1787953545759123910,5122844902057,5122844937631,72,0,0
rx,388,187,1,1,1787953545761285225,1787953545760298670,5122846093242,0,0,0,0
tx,388,187,1,1,1787953545761296133,1787953545760298670,5122846104390,5122846129538,72,0,0
rx,389,188,1,1,1787953545762452299,1787953545761363873,5122847260298,0,0,0,0
tx,389,188,1,1,1787953545762460207,1787953545761363873,5122847268464,5122847295112,72,0,0
rx,390,189,1,0,1787953545763617318,1787953545762487781,5122848425316,0,0,0,0
rx,391,190,1,1,1787953545763623410,1787953545763602725,5122848431409,0,0,0,0
tx,391,190,1,1,1787953545763630762,1787953545763602725,5122848439001,5122848465335,72,0,0
rx,392,191,1,1,1787953545764783207,1787953545764720207,5122849591205,0,0,0,0
tx,392,191,1,1,1787953545764790633,1787953545764720207,5122849598890,5122849622575,72,0,0
rx,393,192,1,1,1787953545765932392,1787953545765839577,5122850740372,0,0,0,0
tx,393,192,1,1,1787953545765939614,1787953545765839577,5122850747872,5122850771409,72,0,0
rx,394,193,1,1,1787953545862348225,1787953545861524855,5122947156187,0,0,0,0
tx,394,193,1,1,1787953545862357244,1787953545861524855,5122947165501,5122947211279,72,0,0
rx,395,194,1,1,1787953545863614725,1787953545862674318,5122948422724,0,0,0,0
tx,395,194,1,1,1787953545863622410,1787953545862674318,5122948430649,5122948455890,72,0,0
rx,396,195,1,1,1787953545864780521,1787953545863807836,5122949588520,0,0,0,0
tx,396,195,1,1,1787953545864788299,1787953545863807836,5122949596538,5122949623501,72,0,0
rx,397,196,1,1,1787953545865947947,1787953545864939077,5122950755964,0,0,0,0
tx,397,196,1,1,1787953545865959966,1787953545864939077,5122950768205,5122950793353,72,0,0
rx,398,197,1,1,1787953545867105892,1787953545866037577,5122951913890,0,0,0,0
tx,398,197,1,1,1787953545867113281,1787953545866037577,5122951921538,5122951945094,72,0,0
rx,399,198,1,1,1787953545964946114,1787953545963916225,5123049754094,0,0,0,0
tx,399,198,1,1,1787953545964955318,1787953545963916225,5123049763575,5123049805798,72,0,0
rx,400,199,1,1,1787953545966150688,1787953545965073670,5123050958686,0,0,0,0
tx,400,199,1,1,1787953545966176151,1787953545965073670,5123050984483,5123051009835,72,0,0
rx,401,200,1,1,1787953545967330392,1787953545966184910,5123052138390,0,0,0,0
tx,401,200,1,1,1787953545967338040,1787953545966184910,5123052146298,5123052172631,72,0,0
rx,402,0,1,0,1787953545968492262,1787953545967327558,5123053300279,0,0,0,0
rx,403,1,1,1,1787953545968497670,1787953545968411966,5123053305686,0,0,0,0
tx,403,1,1,1,1787953545968504744,1787953545968411966,5123053312983,5123053336872,72,0,0
rx,404,2,1,1,1787953545969648707,1787953545969561725,5123054456705,0,0,0,0
tx,404,2,1,1,1787953545969655892,1787953545969561725,5123054464149,5123054487631,72,0,0
rx,405,3,1,1,1787953545970799225,1787953545970648095,5123055607242,0,0,0,0
tx,405,3,1,1,1787953545970811095,1787953545970648095,5123055619353,5123055643149,72,0,0
rx,406,4,1,1,1787953545971960873,1787953545971780670,5123056768872,0,0,0,0
tx,406,4,1,1,1787953545971968466,1787953545971780670,5123056776723,5123056801909,72,0,0
rx,407,5,1,1,1787953545973115910,1787953545972888207,5123057923909,0,0,0,0
tx,407,5,1,1,1787953545973123095,1787953545972888207,5123057931335,5123057955075,72,0,0
rx,408,6,1,1,1787953546066439799,1787953546066335225,5123151247797,0,0,0,0
tx,408,6,1,1,1787953546066447799,1787953546066335225,5123151256057,5123151292927,72,0,0
rx,409,7,1,1,1787953546067635651,1787953546067446484,5123152443649,0,0,0,0
tx,409,7,1,1,1787953546067646818,1787953546067446484,5123152455075,5123152480557,72,0,0
rx,410,8,1,1,1787953546068803614,1787953546068573299,5123153611612,0,0,0,0
tx,410,8,1,1,1787953546068811262,1787953546068573299,5123153619501,5123153645816,72,0,0
rx,411,9,1,1,1787953546069961392,1787953546069687947,5123154769409,0,0,0,0
tx,411,9,1,1,1787953546069968744,1787953546069687947,5123154776983,5123154800538,72,0,0
rx,412,10,1,1,1787953546071108577,1787953546070808466,5123155916594,0,0,0,0
tx,412,10,1,1,1787953546071115799,1787953546070808466,5123155924057,5123155947409,72,0,0
rx,413,11,1,1,1787953546072255429,1787953546071919984,5123157063427,0,0,0,0
tx,413,11,1,1,1787953546072262651,1787953546071919984,5123157070890,5123157094094,72,0,0
rx,414,12,1,1,1787953546073432095,1787953546073051632,5123158240094,0,0,0,0
tx,414,12,1,1,1787953546073439688,1787953546073051632,5123158247946,5123158274020,72,0,0
rx,415,13,1,1,1787953546168910577,1787953546168729762,5123253718575,0,0,0,0
tx,415,13,1,1,1787953546168919003,1787953546168729762,5123253727242,5123253761575,72,0,0
rx,416,14,1,1,1787953546170101188,1787953546169843762,5123254909186,0,0,0,0
tx,416,14,1,1,1787953546170108892,1787953546169843762,5123254917131,5123254943538,72,0,0
rx,417,15,1,1,1787953546171258947,1787953546170986558,5123256066964,0,0,0,0
tx,417,15,1,1,1787953546171266392,1787953546170986558,5123256074649,5123256099631,72,0,0
rx,418,16,1,1,1787953546172412429,1787953546172077151,5123257220427,0,0,0,0
tx,418,16,1,1,1787953546172422892,1787953546172077151,5123257231131,5123257254742,72,0,0
rx,419,17,1,1,1787953546173564169,1787953546173186855,5123258372186,0,0,0,0
tx,419,17,1,1,1787953546173571484,1787953546173186855,5123258379723,5123258403075,72,0,0
rx,420,18,1,1,1787953546174710558,1787953546174304706,5123259518575,0,0,0,0
tx,420,18,1,1,1787953546174717836,1787953546174304706,5123259526094,5123259549186,72,0,0
rx,421,19,1,1,1787953546271288169,1787953546271136558,5123356096149,0,0,0,0
tx,421,19,1,1,1787953546271296614,1787953546271136558,5123356105038,5123356151797,72,0,0
rx,422,20,1,1,1787953546272497836,1787953546272261873,5123357305834,0,0,0,0
tx,422,20,1,1,1787953546272505410,1787953546272261873,5123357313668,5123357339316,72,0,0
rx,423,21,1,1,1787953546273655077,1787953546273376910,5123358463094,0,0,0,0
tx,423,21,1,1,1787953546273662318,1787953546273376910,5123358470575,5123358494223,72,0,0
rx,424,22,1,1,1787953546274803299,1787953546274494632,5123359611316,0,0,0,0
tx,424,22,1,1,1787953546274810577,1787953546274494632,5123359618816,5123359642816,72,0,0
rx,425,23,1,1,1787953546275955040,1787953546275654262,5123360763038,0,0,0,0
tx,425,23,1,1,1787953546275962188,1787953546275654262,5123360770446,5123360794260,72,0,0
rx,426,24,1,1,1787953546277113855,1787953546276730929,5123361921853,0,0,0,0
tx,426,24,1,1,1787953546277124966,1787953546276730929,5123361933205,5123361958594,72,0,0
rx,427,25,1,1,1787953546278273003,1787953546277858725,5123363081020,0,0,0,0
tx,427,25,1,1,1787953546278280392,1787953546277858725,5123363088631,5123363112834,72,0,0
rx,428,26,1,1,1787953546373779892,1787953546373553558,5123458587871,0,0,0,0
tx,428,26,1,1,1787953546373788225,1787953546373553558,5123458596464,5123458632445,72,0,0
rx,429,27,1,1,1787953546374968632,1787953546374662743,5123459776612,0,0,0,0
tx,429,27,1,1,1787953546374975669,1787953546374662743,5123459783964,5123459807945,72,0,0
rx,430,28,1,1,1787953546376115892,1787953546375774614,5123460923890,0,0,0,0
tx,430,28,1,1,1787953546376123262,1787953546375774614,5123460931520,5123460954908,72,0,0
rx,431,29,1,1,1787953546377294132,1787953546376902280,5123462102057,0,0,0,0
tx,431,29,1,1,1787953546377301280,1787953546376902280,5123462109520,5123462132816,72,0,0
rx,432,30,1,1,1787953546378447669,1787953546378020429,5123463255686,0,0,0,0
tx,432,30,1,1,1787953546378454984,1787953546378020429,5123463263242,5123463288131,72,0,0
rx,433,31,1,1,1787953546379617188,1787953546379139929,5123464425186,0,0,0,0
tx,433,31,1,1,1787953546379624540,1787953546379139929,5123464432779,5123464457501,72,0,0
rx,434,32,1,1,1787953546380772058,1787953546380317706,5123465580075,0,0,0,0
tx,434,32,1,1,1787953546380783836,1787953546380317706,5123465592094,5123465617001,72,0,0
rx,435,33,1,1,1787953546476265169,1787953546476008780,5123561073149,0,0,0,0
tx,435,33,1,1,1787953546476272910,1787953546476008780,5123561081168,5123561117779,72,0,0
rx,436,34,1,1,1787953546477454854,1787953546477200521,5123562262853,0,0,0,0
tx,436,34,1,1,1787953546477466595,1787953546477200521,5123562274834,5123562299779,72,0,0
rx,437,35,1,1,1787953546478609688,1787953546478402003,5123563417686,0,0,0,0
tx,437,35,1,1,1787953546478616743,1787953546478402003,5123563425001,5123563448575,72,0,0
rx,438,36,1,1,1787953546479720225,1787953546479570836,5123564528223,0,0,0,0
tx,438,36,1,1,1787953546479727280,1787953546479570836,5123564535519,5123564558612,72,0,0
rx,439,37,1,1,1787953546480874114,1787953546480744799,5123565682075,0,0,0,0
tx,439,37,1,1,1787953546480881503,1787953546480744799,5123565689760,5123565714760,72,0,0
rx,441,39,1,1,1787953546483109762,1787953546483092966,5123567917760,0,0,0,0
tx,441,39,1,1,1787953546483116947,1787953546483092966,5123567925205,5123567949390,72,0,0
rx,442,40,1,1,1787953546578533854,1787953546578454688,5123663341834,0,0,0,0
tx,442,40,1,1,1787953546578542243,1787953546578454688,5123663350538,5123663388908,72,0,0
rx,443,41,1,1,1787953546579730965,1787953546579637280,5123664538964,0,0,0,0
tx,443,41,1,1,1787953546579738503,1787953546579637280,5123664546760,5123664571149,72,0,0
rx,444,42,1,1,1787953546580884484,1787953546580818595,5123665692482,0,0,0,0
tx,444,42,1,1,1787953546580891762,1787953546580818595,5123665700001,5123665724149,72,0,0
rx,445,43,1,1,1787953546583128373,1787953546582038021,5123667936390,0,0,0,0
tx,445,43,1,1,1787953546583139040,1787953546582038021,5123667947297,5123667974612,72,0,0
rx,446,44,1,1,1787953546584322854,1787953546583185391,5123669130871,0,0,0,0
tx,446,44,1,1,1787953546584330151,1787953546583185391,5123669138408,5123669162723,72,0,0
rx,448,46,1,1,1787953546586555354,1787953546585523780,5123671363334,0,0,0,0
tx,448,46,1,1,1787953546586562651,1787953546585523780,5123671370890,5123671394001,72,0,0
rx,449,47,1,1,1787953546680989188,1787953546680883373,5123765797168,0,0,0,0
tx,449,47,1,1,1787953546680997169,1787953546680883373,5123765805408,5123765842168,72,0,0
rx,450,48,1,1,1787953546682211447,1787953546682050299,5123767019445,0,0,0,0
tx,450,48,1,1,1787953546682218762,1787953546682050299,5123767027019,5123767052205,72,0,0
rx,451,49,1,1,1787953546683371354,1787953546683213836,5123768179371,0,0,0,0
tx,451,49,1,1,1787953546683378799,1787953546683213836,5123768187056,5123768211890,72,0,0
rx,452,50,1,1,1787953546684526095,1787953546684427725,5123769334093,0,0,0,0
tx,452,50,1,1,1787953546684533521,1787953546684427725,5123769341779,5123769365593,72,0,0
rx,453,51,1,1,1787953546685675780,1787953546685631780,5123770483779,0,0,0,0
tx,453,51,1,1,1787953546685683058,1787953546685631780,5123770491297,5123770515390,72,0,0
rx,454,52,1,1,1787953546687913743,1787953546687070114,5123772721760,0,0,0,0
tx,454,52,1,1,1787953546687921077,1787953546687070114,5123772729334,5123772753816,72,0,0
rx,455,53,1,1,1787953546783448299,1787953546783263428,5123868256297,0,0,0,0
tx,455,53,1,1,1787953546783459910,1787953546783263428,5123868268260,5123868305334,72,0,0
rx,456,54,1,1,1787953546784643447,1787953546784392002,5123869451427,0,0,0,0
tx,456,54,1,1,1787953546784650799,1787953546784392002,5123869459038,5123869482612,72,0,0
rx,457,55,1,1,1787953546785809188,1787953546785591447,5123870617186,0,0,0,0
tx,457,55,1,1,1787953546785816743,1787953546785591447,5123870624982,5123870649760,72,0,0
rx,458,56,1,1,1787953546786961651,1787953546786763484,5123871769649,0,0,0,0
tx,458,56,1,1,1787953546786968873,1787953546786763484,5123871777130,5123871800112,72,0,0
rx,460,58,1,1,1787953546789189391,1787953546789109132,5123873997390,0,0,0,0
tx,460,58,1,1,1787953546789196539,1787953546789109132,5123874004797,5123874028260,72,0,0
rx,461,59,1,1,1787953546791433354,1787953546790332762,5123876241371,0,0,0,0
tx,461,59,1,1,1787953546791444614,1787953546790332762,5123876252871,5123876279427,72,0,0
rx,462,60,1,1,1787953546886188650,1787953546885583465,5123970996649,0,0,0,0
tx,462,60,1,1,1787953546886197799,1787953546885583465,5123971006056,5123971045223,72,0,0
rx,463,61,1,1,1787953546887390595,1787953546886773984,5123972198593,0,0,0,0
tx,463,61,1,1,1787953546887398132,1787953546886773984,5123972206371,5123972230982,72,0,0
rx,464,62,1,1,1787953546888551891,1787953546887992095,5123973359908,0,0,0,0
tx,464,62,1,1,1787953546888563373,1787953546887992095,5123973371630,5123973398075,72,0,0
rx,465,63,1,1,1787953546889715984,1787953546889142465,5123974523982,0,0,0,0
tx,465,63,1,1,1787953546889723095,1787953546889142465,5123974531353,5123974554834,72,0,0
rx,466,64,1,1,1787953546890863817,1787953546890298317,5123975671816,0,0,0,0
tx,466,64,1,1,1787953546890871021,1787953546890298317,5123975679278,5123975702667,72,0,0
rx,467,65,1,1,1787953546892012076,1787953546891575076,5123976820075,0,0,0,0
tx,467,65,1,1,1787953546892019317,1787953546891575076,5123976827575,5123976851130,72,0,0
rx,468,66,1,1,1787953546893202095,1787953546892646243,5123978010112,0,0,0,0
tx,468,66,1,1,1787953546893209465,1787953546892646243,5123978017704,5123978041853,72,0,0
rx,469,67,1,1,1787953546988664817,1787953546988050521,5124073472834,0,0,0,0
tx,469,67,1,1,1787953546988672928,1787953546988050521,5124073481186,5124073517464,72,0,0
rx,470,68,1,1,1787953546989853836,1787953546989230632,5124074661815,0,0,0,0
tx,470,68,1,1,1787953546989861206,1787953546989230632,5124074669464,5124074693945,72,0,0
rx,471,69,1,1,1787953546991008891,1787953546990397521,5124075816908,0,0,0,0
tx,471,69,1,1,1787953546991016243,1787953546990397521,5124075824501,5124075849112,72,0,0
rx,472,70,1,1,1787953546992163187,1787953546991664076,5124076971186,0,0,0,0
tx,472,70,1,1,1787953546992170354,1787953546991664076,5124076978593,5124077003223,72,0,0
rx,473,71,1,1,1787953546993316484,1787953546992800928,5124078124482,0,0,0,0
tx,473,71,1,1,1787953546993327632,1787953546992800928,5124078135871,5124078159908,72,0,0
rx,474,72,1,1,1787953546994469113,1787953546993958706,5124079277112,0,0,0,0
tx,474,72,1,1,1787953546994476262,1787953546993958706,5124079284519,5124079308001,72,0,0
rx,477,75,1,1,1787953547092119484,1787953547091987761,5124176927408,0,0,0,0
tx,477,75,1,1,1787953547092128317,1787953547091987761,5124176936556,5124176973686,72,0,0
rx,478,76,1,1,1787953547094399743,1787953547093422132,5124179207760,0,0,0,0
tx,478,76,1,1,1787953547094407021,1787953547093422132,5124179215278,5124179239223,72,0,0
rx,479,77,1,1,1787953547095547817,1787953547095099613,5124180355797,0,0,0,0
tx,479,77,1,1,1787953547095555206,1787953547095099613,5124180363464,5124180386945,72,0,0
rx,480,78,1,1,1787953547096702576,1787953547096500428,5124181510575,0,0,0,0
tx,480,78,1,1,1787953547096709743,1787953547096500428,5124181517982,5124181542056,72,0,0
rx,481,79,1,1,1787953547098963669,1787953547097852280,5124183771649,0,0,0,0
tx,481,79,1,1,1787953547098971484,1787953547097852280,5124183779741,5124183811908,72,0,0
rx,482,80,1,1,1787953547100137465,1787953547099522002,5124184945482,0,0,0,0
tx,482,80,1,1,1787953547100144650,1787953547099522002,5124184952908,5124184977889,72,0,0
rx,483,81,1,1,1787953547193405113,1787953547192778910,5124278213093,0,0,0,0
tx,483,81,1,1,1787953547193413261,1787953547192778910,5124278221519,5124278257408,72,0,0
rx,484,82,1,1,1787953547194601558,1787953547193903224,5124279409556,0,0,0,0
tx,484,82,1,1,1787953547194613095,1787953547193903224,5124279421408,5124279450723,72,0,0
rx,485,83,1,1,1787953547195776854,1787953547195031928,5124280584871,0,0,0,0
tx,485,83,1,1,1787953547195784891,1787953547195031928,5124280593223,5124280620297,72,0,0
rx,486,84,1,1,1787953547196937187,1787953547196100780,5124281745186,0,0,0,0
tx,486,84,1,1,1787953547196944465,1787953547196100780,5124281752723,5124281776501,72,0,0
rx,487,85,1,1,1787953547198113539,1787953547197241317,5124282921538,0,0,0,0
tx,487,85,1,1,1787953547198120854,1787953547197241317,5124282929112,5124282953278,72,0,0
rx,488,86,1,1,1787953547199271650,1787953547198356243,5124284079667,0,0,0,0
tx,488,86,1,1,1787953547199279169,1787953547198356243,5124284087426,5124284114001,72,0,0
rx,489,87,1,1,1787953547200430891,1787953547199490706,5124285238908,0,0,0,0
tx,489,87,1,1,1787953547200438206,1787953547199490706,5124285246463,5124285270260,72,0,0
rx,490,88,1,1,1787953547296011965,1787953547295153021,5124380819945,0,0,0,0
tx,490,88,1,1,1787953547296020817,1787953547295153021,5124380829075,5124380863704,72,0,0
rx,491,89,1,1,1787953547297204891,1787953547296271076,5124382012889,0,0,0,0
tx,491,89,1,1,1787953547297212484,1787953547296271076,5124382020741,5124382045112,72,0,0
rx,492,90,1,1,1787953547298356632,1787953547297426261,5124383164649,0,0,0,0
tx,492,90,1,1,1787953547298364224,1787953547297426261,5124383172482,5124383196686,72,0,0
rx,493,91,1,1,1787953547299519261,1787953547298537354,5124384327204,0,0,0,0
tx,493,91,1,1,1787953547299531706,1787953547298537354,5124384339945,5124384370204,72,0,0
rx,494,92,1,1,1787953547300703928,1787953547299643076,5124385511926,0,0,0,0
tx,494,92,1,1,1787953547300712058,1787953547299643076,5124385520315,5124385548945,72,0,0
rx,495,93,1,1,1787953547301871076,1787953547300744317,5124386679075,0,0,0,0
tx,495,93,1,1,1787953547301878335,1787953547300744317,5124386686593,5124386710445,72,0,0
rx,496,94,1,1,1787953547398426076,1787953547397756502,5124483234074,0,0,0,0
tx,496,94,1,1,1787953547398434243,1787953547397756502,5124483242593,5124483279945,72,0,0
rx,497,95,1,1,1787953547399611946,1787953547399037002,5124484419945,0,0,0,0
tx,497,95,1,1,1787953547399619354,1787953547399037002,5124484427612,5124484452593,72,0,0
rx,498,96,1,1,1787953547400761761,1787953547400347613,5124485569760,0,0,0,0
tx,498,96,1,1,1787953547400769039,1787953547400347613,5124485577278,5124485600593,72,0,0
rx,499,97,1,1,1787953547401917224,1787953547401594502,5124486725241,0,0,0,0
tx,499,97,1,1,1787953547401924576,1787953547401594502,5124486732834,5124486758371,72,0,0
rx,500,98,1,1,1787953547403073113,1787953547402894206,5124487881112,0,0,0,0
tx,500,98,1,1,1787953547403080632,1787953547402894206,5124487888871,5124487913334,72,0,0
rx,501,99,1,1,1787953547405309002,1787953547404429076,5124490117000,0,0,0,0
tx,501,99,1,1,1787953547405316058,1787953547404429076,5124490124315,5124490148519,72,0,0
rx,502,100,1,1,1787953547406476484,1787953547406031724,5124491284482,0,0,0,0
tx,502,100,1,1,1787953547406483872,1787953547406031724,5124491292130,5124491315612,72,0,0
rx,503,101,1,1,1787953547500842872,1787953547500074465,5124585650889,0,0,0,0
tx,503,101,1,1,1787953547500850854,1787953547500074465,5124585659093,5124585692852,72,0,0
rx,504,102,1,1,1787953547502021965,1787953547501436058,5124586829963,0,0,0,0
tx,504,102,1,1,1787953547502029187,1787953547501436058,5124586837445,5124586861093,72,0,0
rx,506,104,1,1,1787953547505397909,1787953547504605909,5124590205908,0,0,0,0
tx,506,104,1,1,1787953547505405095,1787953547504605909,5124590213352,5124590238630,72,0,0
rx,507,105,1,1,1787953547506552502,1787953547505861539,5124591360519,0,0,0,0
tx,507,105,1,1,1787953547506559632,1787953547505861539,5124591367889,5124591392371,72,0,0
rx,508,106,1,1,1787953547507701539,1787953547507132317,5124592509537,0,0,0,0
tx,508,106,1,1,1787953547507709224,1787953547507132317,5124592517463,5124592542667,72,0,0
rx,509,107,1,1,1787953547508855835,1787953547508349798,5124593663852,0,0,0,0
tx,509,107,1,1,1787953547508866983,1787953547508349798,5124593675241,5124593699352,72,0,0
rx,510,108,1,1,1787953547603144261,1787953547602472261,5124687952185,0,0,0,0
tx,510,108,1,1,1787953547603152687,1787953547602472261,5124687960945,5124687999185,72,0,0
rx,511,109,1,1,1787953547604378039,1787953547603686057,5124689186056,0,0,0,0
tx,511,109,1,1,1787953547604386150,1787953547603686057,5124689194389,5124689220148,72,0,0
rx,512,110,1,1,1787953547605534743,1787953547604909724,5124690342741,0,0,0,0
tx,512,110,1,1,1787953547605545520,1787953547604909724,5124690353778,5124690377408,72,0,0
rx,513,111,1,1,1787953547606686446,1787953547606120706,5124691494445,0,0,0,0
tx,513,111,1,1,1787953547606693780,1787953547606120706,5124691502019,5124691525315,72,0,0
rx,515,113,1,1,1787953547608914150,1787953547608493706,5124693722148,0,0,0,0
tx,515,113,1,1,1787953547608921298,1787953547608493706,5124693729556,5124693752723,72,0,0
rx,516,114,1,1,1787953547610061428,1787953547609679132,5124694869445,0,0,0,0
tx,516,114,1,1,1787953547610068557,1787953547609679132,5124694876797,5124694900056,72,0,0
rx,517,115,1,1,1787953547705330039,1787953547705094761,5124790138056,0,0,0,0
tx,517,115,1,1,1787953547705338354,1787953547705094761,5124790146611,5124790183519,72,0,0
rx,518,116,1,1,1787953547706516687,1787953547706312557,5124791324704,0,0,0,0
tx,518,116,1,1,1787953547706523965,1787953547706312557,5124791332222,5124791356130,72,0,0
rx,519,117,1,1,1787953547707665817,1787953547707532113,5124792473815,0,0,0,0
tx,519,117,1,1,1787953547707673187,1787953547707532113,5124792481426,5124792505185,72,0,0
rx,520,118,1,1,1787953547708813743,1787953547708778261,5124793621741,0,0,0,0
tx,520,118,1,1,1787953547708820946,1787953547708778261,5124793629204,5124793653037,72,0,0
rx,521,119,1,1,1787953547709962706,1787953547709942835,5124794770722,0,0,0,0
tx,521,119,1,1,1787953547709973650,1787953547709942835,5124794781889,5124794805889,72,0,0
rx,522,120,1,1,1787953547712197576,1787953547711728113,5124797005574,0,0,0,0
tx,522,120,1,1,1787953547712204798,1787953547711728113,5124797013056,5124797037148,72,0,0
rx,523,121,1,1,1787953547713346187,1787953547712923706,5124798154185,0,0,0,0
tx,523,121,1,1,1787953547713353465,1787953547712923706,5124798161722,5124798184908,72,0,0
rx,524,122,1,1,1787953547807580613,1787953547807220817,5124892388611,0,0,0,0
tx,524,122,1,1,1787953547807589039,1787953547807220817,5124892397296,5124892432463,72,0,0
rx,525,123,1,1,1787953547808768391,1787953547808457113,5124893576315,0,0,0,0
tx,525,123,1,1,1787953547808775613,1787953547808457113,5124893583852,5124893608037,72,0,0
rx,526,124,1,1,1787953547810999372,1787953547810076780,5124895807333,0,0,0,0
tx,526,124,1,1,1787953547811006594,1787953547810076780,5124895814852,5124895838333,72,0,0
rx,527,125,1,1,1787953547812146205,1787953547811269891,5124896954222,0,0,0,0
tx,527,125,1,1,1787953547812153354,1787953547811269891,5124896961611,5124896985204,72,0,0
rx,528,126,1,1,1787953547813294928,1787953547812482854,5124898102926,0,0,0,0
tx,528,126,1,1,1787953547813302224,1787953547812482854,5124898110463,5124898134648,72,0,0
rx,529,127,1,1,1787953547814443909,1787953547813690224,5124899251908,0,0,0,0
tx,529,127,1,1,1787953547814454946,1787953547813690224,5124899263204,5124899286593,72,0,0
rx,530,128,1,1,1787953547815596465,1787953547814862076,5124900404463,0,0,0,0
tx,530,128,1,1,1787953547815603835,1787953547814862076,5124900412093,5124900435704,72,0,0
rx,531,129,1,1,1787953547909894446,1787953547909709631,5124994702426,0,0,0,0
tx,531,129,1,1,1787953547909903613,1787953547909709631,5124994711870,5124994751296,72,0,0
rx,532,130,1,1,1787953547911108557,1787953547910981057,5124995916574,0,0,0,0
tx,532,130,1,1,1787953547911120928,1787953547910981057,5124995929185,5124995956296,72,0,0
rx,533,131,1,1,1787953547912276187,1787953547912210909,5124997084167,0,0,0,0
tx,533,131,1,1,1787953547912283409,1787953547912210909,5124997091667,5124997116574,72,0,0
rx,534,132,1,1,1787953547913427205,1787953547913398742,5124998235204,0,0,0,0
tx,534,132,1,1,1787953547913434354,1787953547913398742,5124998242593,5124998266241,72,0,0
rx,535,133,1,1,1787953547915629613,1787953547914595039,5125000437537,0,0,0,0
tx,535,133,1,1,1787953547915637224,1787953547914595039,5125000445482,5125000469611,72,0,0
rx,536,134,1,1,1787953547916840020,1787953547915826298,5125001648037,0,0,0,0
tx,536,134,1,1,1787953547916847891,1787953547915826298,5125001656185,5125001684259,72,0,0
rx,537,135,1,1,1787953548012279835,1787953548011961650,5125097087815,0,0,0,0
tx,537,135,1,1,1787953548012288613,1787953548011961650,5125097096889,5125097134352,72,0,0
rx,538,136,1,1,1787953548013477946,1787953548013073039,5125098285944,0,0,0,0
tx,538,136,1,1,1787953548013485539,1787953548013073039,5125098293796,5125098320426,72,0,0
rx,539,137,1,1,1787953548014638465,1787953548014220798,5125099446482,0,0,0,0
tx,539,137,1,1,1787953548014645613,1787953548014220798,5125099453870,5125099478037,72,0,0
rx,540,138,1,1,1787953548015787094,1787953548015361094,5125100595074,0,0,0,0
tx,540,138,1,1,1787953548015798539,1787953548015361094,5125100606889,5125100632315,72,0,0
rx,541,139,1,1,1787953548016994372,1787953548016450354,5125101802389,0,0,0,0
tx,541,139,1,1,1787953548017001650,1787953548016450354,5125101809907,5125101833833,72,0,0
rx,542,140,1,1,1787953548018150187,1787953548017573909,5125102958185,0,0,0,0
tx,542,140,1,1,1787953548018157687,1787953548017573909,5125102965944,5125102991000,72,0,0
rx,543,141,1,1,1787953548019302779,1787953548018693002,5125104110778,0,0,0,0
tx,543,141,1,1,1787953548019309872,1787953548018693002,5125104118130,5125104142593,72,0,0
rx,544,142,1,1,1787953548114756279,1787953548114368539,5125199564259,0,0,0,0
tx,544,142,1,1,1787953548114765761,1787953548114368539,5125199574018,5125199611352,72,0,0
rx,545,143,1,1,1787953548115950094,1787953548115495890,5125200758111,0,0,0,0
tx,545,143,1,1,1787953548115957557,1787953548115495890,5125200765796,5125200790074,72,0,0
rx,547,145,1,1,1787953548219027835,1787953548217931779,5125303835852,0,0,0,0
tx,547,145,1,1,1787953548219036631,1787953548217931779,5125303844889,5125303881500,72,0,0
rx,548,146,1,0,1787953548220222650,1787953548219024576,5125305030667,0,0,0,0
rx,549,147,1,1,1787953548220228576,1787953548220142816,5125305036593,0,0,0,0
tx,549,147,1,1,1787953548220235631,1787953548220142816,5125305043870,5125305069018,72,0,0
rx,550,148,1,1,1787953548221388261,1787953548221259279,5125306196259,0,0,0,0
tx,550,148,1,1,1787953548221396131,1787953548221259279,5125306204389,5125306229111,72,0,0
rx,551,149,1,1,1787953548222542520,1787953548222377576,5125307350537,0,0,0,0
tx,551,149,1,1,1787953548222549687,1787953548222377576,5125307357944,5125307381463,72,0,0
rx,552,150,1,1,1787953548223692002,1787953548223524576,5125308499981,0,0,0,0
tx,552,150,1,1,1787953548223699594,1787953548223524576,5125308507852,5125308531963,72,0,0
rx,553,151,1,1,1787953548224843279,1787953548224615761,5125309651278,0,0,0,0
tx,553,151,1,1,1787953548224854502,1787953548224615761,5125309662759,5125309686333,72,0,0
rx,554,152,1,1,1787953548226000798,1787953548225727798,5125310808815,0,0,0,0
tx,554,152,1,1,1787953548226008409,1787953548225727798,5125310816648,5125310841222,72,0,0
rx,555,153,1,1,1787953548227153761,1787953548226848335,5125311961759,0,0,0,0
tx,555,153,1,1,1787953548227161150,1787953548226848335,5125311969407,5125311992555,72,0,0
rx,556,154,1,1,1787953548228335224,1787953548227964465,5125313143241,0,0,0,0
tx,556,154,1,1,1787953548228342372,1787953548227964465,5125313150630,5125313173741,72,0,0
rx,557,155,1,1,1787953548229480724,1787953548229091539,5125314288741,0,0,0,0
tx,557,155,1,1,1787953548229487927,1787953548229091539,5125314296185,5125314319259,72,0,0
rx,558,156,1,1,1787953548319587316,1787953548319170094,5125404395315,0,0,0,0
tx,558,156,1,1,1787953548319595816,1787953548319170094,5125404404055,5125404441889,72,0,0
rx,559,157,1,1,1787953548320778779,1787953548320306113,5125405586778,0,0,0,0
tx,559,157,1,1,1787953548320786168,1787953548320306113,5125405594426,5125405619241,72,0,0
rx,560,158,1,1,1787953548321962205,1787953548321407335,5125406770204,0,0,0,0
tx,560,158,1,1,1787953548321972742,1787953548321407335,5125406781000,5125406805111,72,0,0
rx,561,159,1,1,1787953548323122224,1787953548322546520,5125407930241,0,0,0,0
tx,561,159,1,1,1787953548323129724,1787953548322546520,5125407937981,5125407962555,72,0,0
rx,562,160,1,1,1787953548324273464,1787953548323666539,5125409081463,0,0,0,0
tx,562,160,1,1,1787953548324280594,1787953548323666539,5125409088852,5125409112796,72,0,0
rx,563,161,1,1,1787953548325422187,1787953548324790094,5125410230185,0,0,0,0
tx,563,161,1,1,1787953548325429353,1787953548324790094,5125410237592,5125410260907,72,0,0
rx,564,162,1,1,1787953548326566613,1787953548325906464,5125411374611,0,0,0,0
tx,564,162,1,1,1787953548326573835,1787953548325906464,5125411382092,5125411405278,72,0,0
rx,565,163,1,1,1787953548422096205,1787953548421578705,5125506904166,0,0,0,0
tx,565,163,1,1,1787953548422104316,1787953548421578705,5125506912555,5125506948222,72,0,0
rx,566,164,1,1,1787953548423278724,1787953548422683983,5125508086741,0,0,0,0
tx,566,164,1,1,1787953548423286168,1787953548422683983,5125508094407,5125508119796,72,0,0
rx,567,165,1,1,1787953548424436205,1787953548423858372,5125509244204,0,0,0,0
tx,567,165,1,1,1787953548424443538,1787953548423858372,5125509251796,5125509277370,72,0,0
rx,568,166,1,1,1787953548425594427,1787953548425012057,5125510402426,0,0,0,0
tx,568,166,1,1,1787953548425605705,1787953548425012057,5125510413963,5125510438129,72,0,0
rx,569,167,1,1,1787953548426749020,1787953548426128872,5125511557037,0,0,0,0
tx,569,167,1,1,1787953548426771983,1787953548426128872,5125511580241,5125511604722,72,0,0
rx,570,168,1,1,1787953548427913613,1787953548427250057,5125512721611,0,0,0,0
tx,570,168,1,1,1787953548427920890,1787953548427250057,5125512729129,5125512752500,72,0,0
rx,571,169,1,1,1787953548429066872,1787953548428355279,5125513874870,0,0,0,0
tx,571,169,1,1,1787953548429073964,1787953548428355279,5125513882203,5125513905352,72,0,0
rx,572,170,1,1,1787953548524533094,1787953548524214853,5125609341092,0,0,0,0
tx,572,170,1,1,1787953548524541483,1787953548524214853,5125609349833,5125609385352,72,0,0
rx,573,171,1,1,1787953548525679242,1787953548525497650,5125610487240,0,0,0,0
tx,573,171,1,1,1787953548525686557,1787953548525497650,5125610494796,5125610518203,72,0,0
rx,574,172,1,1,1787953548526833224,1787953548526799501,5125611641240,0,0,0,0
tx,574,172,1,1,1787953548526840779,1787953548526799501,5125611649018,5125611673870,72,0,0
rx,575,173,1,1,1787953548529068335,1787953548528446650,5125613876333,0,0,0,0
tx,575,173,1,1,1787953548529075446,1787953548528446650,5125613883703,5125613908074,72,0,0
rx,576,174,1,1,1787953548530219687,1787953548529775816,5125615027685,0,0,0,0
tx,576,174,1,1,1787953548530230464,1787953548529775816,5125615038722,5125615063666,72,0,0
rx,577,175,1,1,1787953548531411557,1787953548531343964,5125616219555,0,0,0,0
tx,577,175,1,1,1787953548531418761,1787953548531343964,5125616227000,5125616252907,72,0,0
rx,578,176,1,1,1787953548626951372,1787953548626756279,5125711759370,0,0,0,0
tx,578,176,1,1,1787953548626959983,1787953548626756279,5125711768240,5125711806018,72,0,0
rx,579,177,1,1,1787953548628152964,1787953548628062112,5125712960963,0,0,0,0
tx,579,177,1,1,1787953548628164464,1787953548628062112,5125712972722,5125712998796,72,0,0
rx,580,178,1,1,1787953548630397316,1787953548629731168,5125715205314,0,0,0,0
tx,580,178,1,1,1787953548630404353,1787953548629731168,5125715212592,5125715236889,72,0,0
rx,581,179,1,1,1787953548631544612,1787953548631039316,5125716352592,0,0,0,0
tx,581,179,1,1,1787953548631551724,1787953548631039316,5125716359981,5125716383185,72,0,0
rx,582,180,1,1,1787953548632697372,1787953548632280149,5125717505389,0,0,0,0
tx,582,180,1,1,1787953548632704816,1787953548632280149,5125717513055,5125717538166,72,0,0
rx,583,181,1,1,1787953548633850835,1787953548633554205,5125718658833,0,0,0,0
tx,583,181,1,1,1787953548633858057,1787953548633554205,5125718666314,5125718691000,72,0,0
rx,584,182,1,1,1787953548635001131,1787953548634850186,5125719809129,0,0,0,0
tx,584,182,1,1,1787953548635008464,1787953548634850186,5125719816722,5125719840777,72,0,0
rx,585,183,1,1,1787953548729359205,1787953548728949075,5125814167185,0,0,0,0
tx,585,183,1,1,1787953548729368223,1787953548728949075,5125814176481,5125814213240,72,0,0
rx,586,184,1,1,1787953548730550964,1787953548730200872,5125815358963,0,0,0,0
tx,586,184,1,1,1787953548730558353,1787953548730200872,5125815366611,5125815390814,72,0,0
rx,587,185,1,1,1787953548731700464,1787953548731519149,5125816508463,0,0,0,0
tx,587,185,1,1,1787953548731707501,1787953548731519149,5125816515740,5125816540389,72,0,0
rx,588,186,1,1,1787953548732854390,1787953548732800242,5125817662389,0,0,0,0
tx,588,186,1,1,1787953548732865057,1787953548732800242,5125817673296,5125817697426,72,0,0
rx,590,188,1,1,1787953548736180353,1787953548735694390,5125820988351,0,0,0,0
tx,590,188,1,1,1787953548736187927,1787953548735694390,5125820996185,5125821022074,72,0,0
rx,591,189,1,1,1787953548737333686,1787953548736952390,5125822141685,0,0,0,0
tx,591,189,1,1,1787953548737340909,1787953548736952390,5125822149166,5125822172500,72,0,0
rx,592,190,1,1,1787953548831749649,1787953548831351131,5125916557629,0,0,0,0
tx,592,190,1,1,1787953548831758705,1787953548831351131,5125916566981,5125916604796,72,0,0
rx,593,191,1,1,1787953548832940020,1787953548832600168,5125917748037,0,0,0,0
tx,593,191,1,1,1787953548832947353,1787953548832600168,5125917755611,5125917779666,72,0,0
rx,594,192,1,1,1787953548834089723,1787953548833938927,5125918897722,0,0,0,0
tx,594,192,1,1,1787953548834096890,1787953548833938927,5125918905129,5125918928481,72,0,0
rx,595,193,1,1,1787953548836334835,1787953548835291909,5125921142833,0,0,0,0
tx,595,193,1,1,1787953548836346242,1787953548835291909,5125921154500,5125921181388,72,0,0
rx,596,194,1,1,1787953548837539612,1787953548836584075,5125922347611,0,0,0,0
tx,596,194,1,1,1787953548837547853,1787953548836584075,5125922356092,5125922383629,72,0,0
rx,597,195,1,1,1787953548838707260,1787953548838155057,5125923515259,0,0,0,0
tx,597,195,1,1,1787953548838714835,1787953548838155057,5125923523074,5125923550240,72,0,0
rx,598,196,1,1,1787953548839863816,1787953548839422649,5125924671814,0,0,0,0
tx,598,196,1,1,1787953548839870983,1787953548839422649,5125924679222,5125924702814,72,0,0
rx,599,197,1,1,1787953548933907168,1787953548933815520,5126018715185,0,0,0,0
tx,599,197,1,1,1787953548933916427,1787953548933815520,5126018724666,5126018766925,72,0,0
rx,600,198,1,1,1787953548936215723,1787953548935111649,5126021023703,0,0,0,0
tx,600,198,1,1,1787953548936223575,1787953548935111649,5126021031814,5126021064129,72,0,0
rx,601,199,1,1,1787953548937385334,1787953548936420797,5126022193333,0,0,0,0
tx,601,199,1,1,1787953548937392575,1787953548936420797,5126022200833,5126022224851,72,0,0
rx,602,200,1,1,1787953548938534316,1787953548937712594,5126023342333,0,0,0,0
tx,602,200,1,1,1787953548938557612,1787953548937712594,5126023365851,5126023390907,72,0,0
rx,603,0,1,1,1787953548939710612,1787953548939186001,5126024518611,0,0,0,0
tx,603,0,1,1,1787953548939719094,1787953548939186001,5126024527351,5126024556796,72,0,0
rx,604,1,1,1,1787953548940882871,1787953548940788723,5126025690888,0,0,0,0
tx,604,1,1,1,1787953548940890279,1787953548940788723,5126025698518,5126025723277,72,0,0
rx,605,2,1,1,1787953548943121631,1787953548942035223,5126027929611,0,0,0,0
tx,605,2,1,1,1787953548943128983,1787953548942035223,5126027937222,5126027960981,72,0,0
rx,606,3,1,1,1787953549036397853,1787953549036174483,5126121205851,0,0,0,0
tx,606,3,1,1,1787953549036406557,1787953549036174483,5126121214851,5126121252203,72,0,0
rx,607,4,1,1,1787953549037594964,1787953549037479964,5126122402962,0,0,0,0
tx,607,4,1,1,1787953549037606871,1787953549037479964,5126122415129,5126122442518,72,0,0
rx,608,5,1,1,1787953549038768946,1787953549038719205,5126123576944,0,0,0,0
tx,608,5,1,1,1787953549038776686,1787953549038719205,5126123584925,5126123611962,72,0,0
rx,610,7,1,1,1787953549042106816,1787953549041230705,5126126914759,0,0,0,0
tx,610,7,1,1,1787953549042114094,1787953549041230705,5126126922351,5126126950185,72,0,0
rx,611,8,1,1,1787953549043265131,1787953549042815797,5126128073148,0,0,0,0
tx,611,8,1,1,1787953549043272316,1787953549042815797,5126128080574,5126128105444,72,0,0
rx,612,9,1,1,1787953549138691538,1787953549138578001,5126223499536,0,0,0,0
tx,612,9,1,1,1787953549138700038,1787953549138578001,5126223508277,5126223545296,72,0,0
rx,613,10,1,1,1787953549140967520,1787953549139940705,5126225775518,0,0,0,0
tx,613,10,1,1,1787953549140974723,1787953549139940705,5126225782981,5126225809055,72,0,0
rx,614,11,1,1,1787953549142154316,1787953549141270168,5126226962314,0,0,0,0
tx,614,11,1,1,1787953549142165297,1787953549141270168,5126226973629,5126226997555,72,0,0
rx,615,12,1,1,1787953549143316001,1787953549142522520,5126228124018,0,0,0,0
tx,615,12,1,1,1787953549143323353,1787953549142522520,5126228131610,5126228157055,72,0,0
rx,616,13,1,1,1787953549144472038,1787953549144058131,5126229280036,0,0,0,0
tx,616,13,1,1,1787953549144479242,1787953549144058131,5126229287481,5126229311407,72,0,0
rx,617,14,1,1,1787953549145619871,1787953549145318001,5126230427851,0,0,0,0
tx,617,14,1,1,1787953549145627149,1787953549145318001,5126230435388,5126230458685,72,0,0
rx,618,15,1,1,1787953549146766816,1787953549146579131,5126231574777,0,0,0,0
tx,618,15,1,1,1787953549146773945,1787953549146579131,5126231582185,5126231605185,72,0,0
rx,619,16,1,1,1787953549241161427,1787953549240966501,5126325969407,0,0,0,0
tx,619,16,1,1,1787953549241170297,1787953549240966501,5126325978555,5126326015907,72,0,0
rx,620,17,1,1,1787953549242353334,1787953549242251390,5126327161351,0,0,0,0
tx,620,17,1,1,1787953549242360631,1787953549242251390,5126327168962,5126327192907,72,0,0
rx,621,18,1,1,1787953549244591131,1787953549243621556,5126329399129,0,0,0,0
tx,621,18,1,1,1787953549244598779,1787953549243621556,5126329407036,5126329433444,72,0,0
rx,622,19,1,1,1787953549245749982,1787953549244897019,5126330557999,0,0,0,0
tx,622,19,1,1,1787953549245757242,1787953549244897019,5126330565499,5126330589388,72,0,0
rx,624,21,1,1,1787953549247986316,1787953549247440686,5126332794314,0,0,0,0
tx,624,21,1,1,1787953549247993519,1787953549247440686,5126332801777,5126332826351,72,0,0
rx,625,22,1,1,1787953549249141501,1787953549248677390,5126333949499,0,0,0,0
tx,625,22,1,1,1787953549249148779,1787953549248677390,5126333957018,5126333980259,72,0,0
rx,626,23,1,1,1787953549343524760,1787953549343455019,5126428332740,0,0,0,0
tx,626,23,1,1,1787953549343536853,1787953549343455019,5126428345129,5126428381740,72,0,0
rx,627,24,1,1,1787953549344719371,1787953549344697075,5126429527388,0,0,0,0
tx,627,24,1,1,1787953549344726686,1787953549344697075,5126429534925,5126429559388,72,0,0
rx,628,25,1,1,1787953549346965390,1787953549346046075,5126431773388,0,0,0,0
tx,628,25,1,1,1787953549346972853,1787953549346046075,5126431781092,5126431806851,72,0,0
rx,629,26,1,1,1787953549348118612,1787953549347294205,5126432926610,0,0,0,0
tx,629,26,1,1,1787953549348125890,1787953549347294205,5126432934147,5126432958036,72,0,0
rx,630,27,1,1,1787953549349267019,1787953549348918853,5126434075018,0,0,0,0
tx,630,27,1,1,1787953549349274205,1787953549348918853,5126434082444,5126434105240,72,0,0
rx,631,28,1,1,1787953549350412945,1787953549350175834,5126435220962,0,0,0,0
tx,631,28,1,1,1787953549350420093,1787953549350175834,5126435228351,5126435251944,72,0,0
rx,632,29,1,1,1787953549351601631,1787953549351507131,5126436409647,0,0,0,0
tx,632,29,1,1,1787953549351613205,1787953549351507131,5126436421444,5126436449425,72,0,0
rx,633,30,1,1,1787953549446009130,1787953549445773205,5126530817110,0,0,0,0
tx,633,30,1,1,1787953549446017427,1787953549445773205,5126530825684,5126530861444,72,0,0
rx,634,31,1,1,1787953549447225019,1787953549447136575,5126532032999,0,0,0,0
tx,634,31,1,1,1787953549447233630,1787953549447136575,5126532041870,5126532068018,72,0,0
rx,635,32,1,1,1787953549449479056,1787953549448408427,5126534287055,0,0,0,0
tx,635,32,1,1,1787953549449486334,1787953549448408427,5126534294573,5126534320481,72,0,0
rx,637,34,1,1,1787953549451716279,1787953549451166186,5126536524295,0,0,0,0
tx,637,34,1,1,1787953549451739575,1787953549451166186,5126536547833,5126536572999,72,0,0
rx,638,35,1,1,1787953549452891667,1787953549452464019,5126537699666,0,0,0,0
tx,638,35,1,1,1787953549452899260,1787953549452464019,5126537707518,5126537732055,72,0,0
rx,639,36,1,1,1787953549454045260,1787953549454009223,5126538853258,0,0,0,0
tx,639,36,1,1,1787953549454052649,1787953549454009223,5126538860907,5126538884518,72,0,0
rx,640,37,1,1,1787953549548448593,1787953549548119723,5126633256573,0,0,0,0
tx,640,37,1,1,1787953549548457075,1787953549548119723,5126633265332,5126633299925,72,0,0
rx,641,38,1,1,1787953549549643408,1787953549549412075,5126634451407,0,0,0,0
tx,641,38,1,1,1787953549549651130,1787953549549412075,5126634459369,5126634485277,72,0,0
rx,642,39,1,1,1787953549550801741,1787953549550695001,5126635609740,0,0,0,0
tx,642,39,1,1,1787953549550809130,1787953549550695001,5126635617369,5126635641832,72,0,0
rx,643,40,1,1,1787953549553032908,1787953549551988519,5126637840869,0,0,0,0
tx,643,40,1,1,1787953549553043982,1787953549551988519,5126637852240,5126637877332,72,0,0
rx,644,41,1,1,1787953549554195760,1787953549553235408,5126639003777,0,0,0,0
tx,644,41,1,1,1787953549554203353,1787953549553235408,5126639011610,5126639036555,72,0,0
rx,645,42,1,1,1787953549555349927,1787953549554751112,5126640157925,0,0,0,0
tx,645,42,1,1,1787953549555357001,1787953549554751112,5126640165258,5126640189721,72,0,0
rx,646,43,1,1,1787953549650860630,1787953549650686816,5126735668647,0,0,0,0
tx,646,43,1,1,1787953549650869149,1787953549650686816,5126735677406,5126735714295,72,0,0
rx,647,44,1,1,1787953549652052723,1787953549651940760,5126736860721,0,0,0,0
tx,647,44,1,1,1787953549652060260,1787953549651940760,5126736868499,5126736893295,72,0,0
rx,648,45,1,1,1787953549654285630,1787953549653270519,5126739093629,0,0,0,0
tx,648,45,1,1,1787953549654293056,1787953549653270519,5126739101295,5126739125647,72,0,0
rx,649,46,1,1,1787953549655432760,1787953549654570519,5126740240758,0,0,0,0
tx,649,46,1,1,1787953549655440297,1787953549654570519,5126740248536,5126740271777,72,0,0
rx,650,47,1,1,1787953549656617834,1787953549656132778,5126741425851,0,0,0,0
tx,650,47,1,1,1787953549656625501,1787953549656132778,5126741433758,5126741461147,72,0,0
rx,651,48,1,1,1787953549657776316,1787953549657397816,5126742584314,0,0,0,0
tx,651,48,1,1,1787953549657787575,1787953549657397816,5126742595832,5126742620647,72,0,0
rx,652,49,1,1,1787953549658931686,1787953549658628871,5126743739703,0,0,0,0
tx,652,49,1,1,1787953549658938871,1787953549658628871,5126743747129,5126743770777,72,0,0
rx,653,50,1,1,1787953549753356686,1787953549752975908,5126838164684,0,0,0,0
tx,653,50,1,1,1787953549753365260,1787953549752975908,5126838173499,5126838208740,72,0,0
rx,654,51,1,1,1787953549754548075,1787953549754220315,5126839356055,0,0,0,0
tx,654,51,1,1,1787953549754559038,1787953549754220315,5126839367277,5126839391462,72,0,0
rx,655,52,1,1,1787953549755702204,1787953549755500908,5126840510221,0,0,0,0
tx,655,52,1,1,1787953549755709612,1787953549755500908,5126840517869,5126840540943,72,0,0
rx,656,53,1,1,1787953549757941686,1787953549757095593,5126842749666,0,0,0,0
tx,656,53,1,1,1787953549757949093,1787953549757095593,5126842757332,5126842782203,72,0,0
rx,657,54,1,1,1787953549759093538,1787953549758364223,5126843901555,0,0,0,0
tx,657,54,1,1,1787953549759100723,1787953549758364223,5126843908962,5126843932314,72,0,0
rx,658,55,1,1,1787953549760239352,1787953549759636649,5126845047351,0,0,0,0
tx,658,55,1,1,1787953549760246593,1787953549759636649,5126845054851,5126845077906,72,0,0
rx,659,56,1,1,1787953549761385130,1787953549760885297,5126846193129,0,0,0,0
tx,659,56,1,1,1787953549761392315,1787953549760885297,5126846200573,5126846223851,72,0,0
rx,660,57,1,1,1787953549855823834,1787953549855384186,5126940631740,0,0,0,0
tx,660,57,1,1,1787953549855832667,1787953549855384186,5126940640906,5126940677684,72,0,0
rx,661,58,1,1,1787953549857047371,1787953549856645649,5126941855369,0,0,0,0
tx,661,58,1,1,1787953549857056834,1787953549856645649,5126941865092,5126941902258,72,0,0
rx,662,59,1,1,1787953549858263260,1787953549857965538,5126943071258,0,0,0,0
tx,662,59,1,1,1787953549858273445,1787953549857965538,5126943081777,5126943117610,72,0,0
rx,663,60,1,1,1787953549859476538,1787953549859220408,5126944284554,0,0,0,0
tx,663,60,1,1,1787953549859489834,1787953549859220408,5126944298203,5126944335925,72,0,0
rx,665,62,1,1,1787953549862837260,1787953549862066149,5126947645240,0,0,0,0
tx,665,62,1,1,1787953549862844704,1787953549862066149,5126947652962,5126947678092,72,0,0
rx,666,63,1,1,1787953549863994241,1787953549863336464,5126948802258,0,0,0,0
tx,666,63,1,1,1787953549864001575,1787953549863336464,5126948809832,5126948834092,72,0,0
rx,667,64,1,1,1787953549958488556,1787953549957801056,5127043296536,0,0,0,0
tx,667,64,1,1,1787953549958497389,1787953549957801056,5127043305647,5127043342795,72,0,0
