event,sequence,counter,valid_self,adopted,realtime_ns,kernel_ns,monotonic_ns,write_end_ns,written,socket_drop_total,trace_record_overflow
rx,1,1,1,1,1787953793776966337,1787953793776112503,5370861774409,0,0,0,0
tx,1,1,1,1,1787953793776972577,1787953793776112503,5370861780817,5370861809261,72,0,0
rx,2,2,1,1,1787953793778120281,1787953793777225318,5370862928335,0,0,0,0
rx,3,3,1,1,1787953793779216077,1787953793778339985,5370864024150,0,0,0,0
rx,4,4,1,1,1787953793780290633,1787953793779459022,5370865098705,0,0,0,0
tx,4,10,1,1,1787953793786692744,1787953793779459022,5370871500983,5370871515946,72,0,0
tx,4,19,1,1,1787953793796332837,1787953793779459022,5370881141020,5370881153668,72,0,0
tx,4,29,1,1,1787953793807008411,1787953793779459022,5370891816594,5370891829002,72,0,0
tx,4,39,1,1,1787953793817680948,1787953793779459022,5370902489205,5370902506594,72,0,0
tx,4,48,1,1,1787953793827279096,1787953793779459022,5370912087279,5370912100576,72,0,0
tx,4,58,1,1,1787953793837971892,1787953793779459022,5370922780076,5370922793020,72,0,0
tx,4,67,1,1,1787953793847556929,1787953793779459022,5370932365113,5370932376928,72,0,0
tx,4,76,1,1,1787953793857234670,1787953793779459022,5370942042928,5370942070354,72,0,0
tx,4,86,1,1,1787953793867935096,1787953793779459022,5370952743335,5370952764113,72,0,0
tx,4,95,1,1,1787953793877557355,1787953793779459022,5370962365539,5370962379705,72,0,0
rx,5,5,1,1,1787953793878729392,1787953793878500688,5370963537465,0,0,0,0
rx,6,6,1,1,1787953793879807300,1787953793879605448,5370964615372,0,0,0,0
rx,7,7,1,1,1787953793880881170,1787953793880716448,5370965689242,0,0,0,0
rx,8,8,1,1,1787953793881953300,1787953793881834781,5370966761372,0,0,0,0
rx,9,9,1,1,1787953793883042355,1787953793882954596,5370967850428,0,0,0,0
rx,10,10,1,1,1787953793884173077,1787953793884077077,5370968981150,0,0,0,0
rx,11,11,1,1,1787953793885247855,1787953793885216040,5370970055928,0,0,0,0
tx,11,104,1,1,1787953793887389725,1787953793885216040,5370972197983,5370972214150,72,0,0
tx,11,113,1,1,1787953793897045114,1787953793885216040,5370981853298,5370981866372,72,0,0
tx,11,123,1,1,1787953793907712411,1787953793885216040,5370992520594,5370992532483,72,0,0
tx,11,132,1,1,1787953793917325225,1787953793885216040,5371002133409,5371002149928,72,0,0
tx,11,142,1,1,1787953793928049096,1787953793885216040,5371012857279,5371012873113,72,0,0
tx,11,152,1,1,1787953793938723262,1787953793885216040,5371023531446,5371023544557,72,0,0
tx,11,161,1,1,1787953793948329522,1787953793885216040,5371033137705,5371033150335,72,0,0
tx,11,171,1,1,1787953793958965966,1787953793885216040,5371043774224,5371043789650,72,0,0
tx,11,180,1,1,1787953793968544503,1787953793885216040,5371053352761,5371053367631,72,0,0
tx,11,189,1,1,1787953793978151114,1787953793885216040,5371062959298,5371062971631,72,0,0
rx,12,12,1,1,1787953793981355614,1787953793980917374,5371066163687,0,0,0,0
rx,13,13,1,1,1787953793982431114,1787953793982025966,5371067239168,0,0,0,0
rx,14,14,1,1,1787953793983506929,1787953793983142540,5371068315002,0,0,0,0
rx,15,15,1,1,1787953793984581707,1787953793984259225,5371069389779,0,0,0,0
rx,16,16,1,1,1787953793985655633,1787953793985373059,5371070463687,0,0,0,0
rx,17,17,1,1,1787953793986727744,1787953793986489429,5371071535798,0,0,0,0
rx,18,18,1,1,1787953793987800077,1787953793987614207,5371072608150,0,0,0,0
tx,18,199,1,1,1787953793988868540,1787953793987614207,5371073676798,5371073693872,72,0,0
tx,18,7,1,1,1787953793998526133,1787953793987614207,5371083334316,5371083347835,72,0,0
tx,18,16,1,1,1787953794008139207,1787953793987614207,5371092947446,5371092964594,72,0,0
tx,18,26,1,1,1787953794018805948,1787953793987614207,5371103614131,5371103628261,72,0,0
tx,18,35,1,1,1787953794028412929,1787953793987614207,5371113221113,5371113236113,72,0,0
tx,18,44,1,1,1787953794038017781,1787953793987614207,5371122825965,5371122838705,72,0,0
tx,18,54,1,1,1787953794048693429,1787953793987614207,5371133501613,5371133513798,72,0,0
tx,18,63,1,1,1787953794058301874,1787953793987614207,5371143110057,5371143126890,72,0,0
tx,18,73,1,1,1787953794068971855,1787953793987614207,5371153780039,5371153792927,72,0,0
tx,18,82,1,1,1787953794078581170,1787953793987614207,5371163389353,5371163401446,72,0,0
rx,19,19,1,1,1787953794083932485,1787953794083327411,5371168740557,0,0,0,0
rx,20,20,1,1,1787953794085005596,1787953794084466855,5371169813650,0,0,0,0
rx,21,21,1,1,1787953794086077188,1787953794085638281,5371170885261,0,0,0,0
rx,22,22,1,1,1787953794087149299,1787953794086798336,5371171957372,0,0,0,0
rx,23,23,1,1,1787953794088224355,1787953794087949744,5371173032427,0,0,0,0
tx,23,91,1,1,1787953794088229836,1787953794087949744,5371173038020,5371173054390,72,0,0
rx,24,24,1,1,1787953794089358540,1787953794089103559,5371174166613,0,0,0,0
rx,25,25,1,1,1787953794090429818,1787953794090238688,5371175237890,0,0,0,0
tx,25,101,1,1,1787953794098963522,1787953794090238688,5371183771705,5371183785687,72,0,0
tx,25,110,1,1,1787953794108599466,1787953794090238688,5371193407650,5371193420057,72,0,0
tx,25,119,1,1,1787953794118209355,1787953794090238688,5371203017613,5371203034853,72,0,0
tx,25,129,1,1,1787953794128887948,1787953794090238688,5371213696131,5371213711520,72,0,0
tx,25,138,1,1,1787953794138494448,1787953794090238688,5371223302631,5371223314446,72,0,0
tx,25,147,1,1,1787953794148101522,1787953794090238688,5371232909705,5371232922520,72,0,0
tx,25,157,1,1,1787953794158772188,1787953794090238688,5371243580372,5371243592372,72,0,0
tx,25,166,1,1,1787953794168486744,1787953794090238688,5371253294927,5371253310853,72,0,0
tx,25,175,1,1,1787953794178101651,1787953794090238688,5371262909835,5371262921927,72,0,0
rx,26,26,1,1,1787953794186642040,1787953794185728725,5371271450113,0,0,0,0
rx,27,27,1,1,1787953794187715688,1787953794186850948,5371272523761,0,0,0,0
rx,28,28,1,1,1787953794188790299,1787953794187983318,5371273598372,0,0,0,0
tx,28,185,1,1,1787953794188794207,1787953794187983318,5371273602390,5371273619705,72,0,0
rx,29,29,1,1,1787953794189923022,1787953794189118873,5371274731094,0,0,0,0
rx,30,30,1,1,1787953794190997151,1787953794190255614,5371275805224,0,0,0,0
rx,31,31,1,1,1787953794192071577,1787953794191405855,5371276879631,0,0,0,0
rx,32,32,1,1,1787953794193146429,1787953794192535355,5371277954501,0,0,0,0
tx,32,194,1,1,1787953794198474577,1787953794192535355,5371283282835,5371283297705,72,0,0
tx,32,2,1,1,1787953794208107688,1787953794192535355,5371292915872,5371292928835,72,0,0
tx,32,12,1,1,1787953794218779725,1787953794192535355,5371303587983,5371303604705,72,0,0
tx,32,21,1,1,1787953794228393151,1787953794192535355,5371313201335,5371313213390,72,0,0
tx,32,31,1,1,1787953794239065003,1787953794192535355,5371323873187,5371323885816,72,0,0
tx,32,41,1,1,1787953794249736188,1787953794192535355,5371334544372,5371334556131,72,0,0
tx,32,50,1,1,1787953794259344485,1787953794192535355,5371344152742,5371344167687,72,0,0
tx,32,60,1,1,1787953794270005429,1787953794192535355,5371354813613,5371354826798,72,0,0
tx,32,69,1,1,1787953794279607114,1787953794192535355,5371364415298,5371364428446,72,0,0
rx,33,33,1,1,1787953794288155170,1787953794288132614,5371372963242,0,0,0,0
tx,33,78,1,1,1787953794289219503,1787953794288132614,5371374027687,5371374042372,72,0,0
rx,34,34,1,1,1787953794290348429,1787953794289282985,5371375156501,0,0,0,0
rx,35,35,1,1,1787953794291422355,1787953794290437225,5371376230427,0,0,0,0
rx,37,37,1,1,1787953794293560022,1787953794292709633,5371378368075,0,0,0,0
rx,38,38,1,1,1787953794294633744,1787953794293843429,5371379441816,0,0,0,0
tx,38,88,1,1,1787953794299967503,1787953794293843429,5371384775705,5371384790724,72,0,0
tx,38,97,1,1,1787953794309620281,1787953794293843429,5371394428483,5371394444557,72,0,0
tx,38,106,1,1,1787953794319213818,1787953794293843429,5371404022001,5371404035020,72,0,0
tx,38,116,1,1,1787953794329889818,1787953794293843429,5371414698001,5371414712816,72,0,0
tx,38,125,1,1,1787953794339492077,1787953794293843429,5371424300261,5371424312761,72,0,0
tx,38,134,1,1,1787953794349095836,1787953794293843429,5371433904020,5371433916075,72,0,0
tx,38,144,1,1,1787953794359734188,1787953794293843429,5371444542372,5371444553983,72,0,0
tx,38,153,1,1,1787953794369349836,1787953794293843429,5371454158020,5371454173205,72,0,0
tx,38,163,1,1,1787953794380019244,1787953794293843429,5371464827427,5371464839112,72,0,0
rx,39,39,1,1,1787953794390740133,1787953794390516466,5371475548205,0,0,0,0
tx,39,173,1,1,1787953794390745114,1787953794390516466,5371475553298,5371475570335,72,0,0
rx,40,40,1,1,1787953794391874336,1787953794391622447,5371476682409,0,0,0,0
rx,41,41,1,1,1787953794392947873,1787953794392740744,5371477755946,0,0,0,0
rx,42,42,1,1,1787953794394021244,1787953794393861003,5371478829316,0,0,0,0
rx,43,43,1,1,1787953794395095262,1787953794394971910,5371479903335,0,0,0,0
rx,44,44,1,1,1787953794396191614,1787953794396095633,5371480999687,0,0,0,0
rx,45,45,1,1,1787953794397263336,1787953794397216429,5371482071409,0,0,0,0
tx,45,182,1,1,1787953794400465170,1787953794397216429,5371485273353,5371485288205,72,0,0
tx,45,191,1,1,1787953794410106873,1787953794397216429,5371494915131,5371494931372,72,0,0
tx,45,0,1,1,1787953794420796207,1787953794397216429,5371505604464,5371505618557,72,0,0
tx,45,9,1,1,1787953794430398614,1787953794397216429,5371515206872,5371515222001,72,0,0
tx,45,19,1,1,1787953794441065910,1787953794397216429,5371525874094,5371525887057,72,0,0
tx,45,29,1,1,1787953794451737225,1787953794397216429,5371536545409,5371536557427,72,0,0
tx,45,38,1,1,1787953794461339633,1787953794397216429,5371546147816,5371546163742,72,0,0
tx,45,48,1,1,1787953794472003003,1787953794397216429,5371556811186,5371556824446,72,0,0
tx,45,57,1,1,1787953794481602262,1787953794397216429,5371566410446,5371566422224,72,0,0
tx,45,66,1,1,1787953794491208595,1787953794397216429,5371576016779,5371576028983,72,0,0
rx,46,46,1,1,1787953794493407095,1787953794493205910,5371578215168,0,0,0,0
rx,47,47,1,1,1787953794494479725,1787953794494306558,5371579287798,0,0,0,0
rx,48,48,1,1,1787953794495554021,1787953794495423225,5371580362075,0,0,0,0
rx,49,49,1,1,1787953794496628114,1787953794496539577,5371581436186,0,0,0,0
rx,50,50,1,1,1787953794498775077,1787953794497708188,5371583583149,0,0,0,0
rx,51,51,1,1,1787953794499852447,1787953794498829892,5371584660520,0,0,0,0
rx,52,52,1,1,1787953794500924466,1787953794499942281,5371585732538,0,0,0,0
tx,52,76,1,1,1787953794501993114,1787953794499942281,5371586801298,5371586817390,72,0,0
tx,52,85,1,1,1787953794511648318,1787953794499942281,5371596456557,5371596475946,72,0,0
tx,52,94,1,1,1787953794521258984,1787953794499942281,5371606067261,5371606081261,72,0,0
tx,52,104,1,1,1787953794531929410,1787953794499942281,5371616737594,5371616751964,72,0,0
tx,52,113,1,1,1787953794541525688,1787953794499942281,5371626333872,5371626346001,72,0,0
tx,52,122,1,1,1787953794551138299,1787953794499942281,5371635946538,5371635957964,72,0,0
tx,52,132,1,1,1787953794561802873,1787953794499942281,5371646611057,5371646626964,72,0,0
tx,52,141,1,1,1787953794571411040,1787953794499942281,5371656219223,5371656233260,72,0,0
tx,52,150,1,1,1787953794581013873,1787953794499942281,5371665822075,5371665834020,72,0,0
tx,52,160,1,1,1787953794591675984,1787953794499942281,5371676484168,5371676495835,72,0,0
rx,53,53,1,1,1787953794595961873,1787953794595314151,5371680769946,0,0,0,0
rx,54,54,1,1,1787953794597034670,1787953794596661429,5371681842742,0,0,0,0
rx,55,55,1,1,1787953794598106503,1787953794597803521,5371682914575,0,0,0,0
rx,56,56,1,1,1787953794599180077,1787953794598923503,5371683988131,0,0,0,0
rx,57,57,1,1,1787953794600253188,1787953794600044873,5371685061260,0,0,0,0
rx,58,58,1,1,1787953794601326521,1787953794601161484,5371686134594,0,0,0,0
tx,58,169,1,1,1787953794601330095,1787953794601161484,5371686138279,5371686155686,72,0,0
rx,59,59,1,1,1787953794602477910,1787953794602301929,5371687285983,0,0,0,0
tx,59,178,1,1,1787953794611016040,1787953794602301929,5371695824223,5371695841946,72,0,0
tx,59,188,1,1,1787953794621723040,1787953794602301929,5371706531223,5371706544575,72,0,0
tx,59,197,1,1,1787953794631326744,1787953794602301929,5371716134927,5371716151686,72,0,0
tx,59,6,1,1,1787953794641991318,1787953794602301929,5371726799501,5371726811483,72,0,0
tx,59,15,1,1,1787953794651591114,1787953794602301929,5371736399297,5371736410946,72,0,0
tx,59,24,1,1,1787953794661194114,1787953794602301929,5371746002353,5371746019538,72,0,0
tx,59,34,1,1,1787953794671866151,1787953794602301929,5371756674335,5371756687779,72,0,0
tx,59,43,1,1,1787953794681471947,1787953794602301929,5371766280131,5371766292372,72,0,0
tx,59,52,1,1,1787953794691066410,1787953794602301929,5371775874668,5371775886057,72,0,0
rx,60,60,1,1,1787953794698542799,1787953794697720799,5371783350872,0,0,0,0
rx,61,61,1,1,1787953794699620244,1787953794698827244,5371784428316,0,0,0,0
rx,62,62,1,1,1787953794700699262,1787953794699946466,5371785507334,0,0,0,0
rx,63,63,1,1,1787953794701773410,1787953794701090318,5371786581483,0,0,0,0
tx,63,62,1,1,1787953794701777058,1787953794701090318,5371786585242,5371786601686,72,0,0
rx,64,64,1,1,1787953794702906318,1787953794702206725,5371787714390,0,0,0,0
rx,65,65,1,1,1787953794703978206,1787953794703345373,5371788786279,0,0,0,0
rx,66,66,1,1,1787953794705051688,1787953794704444540,5371789859760,0,0,0,0
tx,66,71,1,1,1787953794711457651,1787953794704444540,5371796265909,5371796284001,72,0,0
tx,66,80,1,1,1787953794721100188,1787953794704444540,5371805908372,5371805921464,72,0,0
tx,66,90,1,1,1787953794731739299,1787953794704444540,5371816547483,5371816562446,72,0,0
tx,66,99,1,1,1787953794741344947,1787953794704444540,5371826153131,5371826164649,72,0,0
tx,66,109,1,1,1787953794752005577,1787953794704444540,5371836813760,5371836826131,72,0,0
tx,66,119,1,1,1787953794762679206,1787953794704444540,5371847487483,5371847502649,72,0,0
tx,66,128,1,1,1787953794772289058,1787953794704444540,5371857097242,5371857111223,72,0,0
tx,66,138,1,1,1787953794782953743,1787953794704444540,5371867761946,5371867774075,72,0,0
tx,66,147,1,1,1787953794792555132,1787953794704444540,5371877363316,5371877375760,72,0,0
rx,67,67,1,1,1787953794801111669,1787953794800164836,5371885919742,0,0,0,0
rx,68,68,1,1,1787953794802188799,1787953794801269447,5371886996871,0,0,0,0
tx,68,156,1,1,1787953794802192595,1787953794801269447,5371887000779,5371887019279,72,0,0
rx,69,69,1,1,1787953794803319336,1787953794802387669,5371888127408,0,0,0,0
rx,70,70,1,1,1787953794804401929,1787953794803538484,5371889210001,0,0,0,0
rx,71,71,1,1,1787953794805482392,1787953794804639892,5371890290464,0,0,0,0
rx,72,72,1,1,1787953794806557929,1787953794805758318,5371891366001,0,0,0,0
rx,73,73,1,1,1787953794807632780,1787953794806878725,5371892440853,0,0,0,0
tx,73,166,1,1,1787953794812970651,1787953794806878725,5371897778890,5371897798483,72,0,0
tx,73,175,1,1,1787953794822617188,1787953794806878725,5371907425371,5371907439038,72,0,0
tx,73,184,1,1,1787953794832217818,1787953794806878725,5371917026038,5371917042168,72,0,0
tx,73,194,1,1,1787953794842885484,1787953794806878725,5371927693668,5371927706371,72,0,0
tx,73,2,1,1,1787953794852489651,1787953794806878725,5371937297834,5371937313742,72,0,0
tx,73,11,1,1,1787953794862120614,1787953794806878725,5371946928797,5371946949779,72,0,0
tx,73,21,1,1,1787953794872844540,1787953794806878725,5371957652723,5371957667242,72,0,0
tx,73,30,1,1,1787953794882448336,1787953794806878725,5371967256520,5371967269186,72,0,0
tx,73,39,1,1,1787953794892063077,1787953794806878725,5371976871260,5371976884038,72,0,0
tx,73,49,1,1,1787953794902769947,1787953794806878725,5371987578131,5371987591316,72,0,0
rx,74,74,1,1,1787953794903878725,1787953794902777929,5371988686779,0,0,0,0
rx,75,75,1,1,1787953794904962336,1787953794903882336,5371989770390,0,0,0,0
rx,76,76,1,1,1787953794906033003,1787953794904997503,5371990841075,0,0,0,0
rx,77,77,1,1,1787953794907118910,1787953794906116929,5371991926983,0,0,0,0
rx,78,78,1,1,1787953794908229373,1787953794907252799,5371993037445,0,0,0,0
rx,79,79,1,1,1787953794909313299,1787953794908407540,5371994121371,0,0,0,0
tx,79,58,1,1,1787953794912515892,1787953794908407540,5371997324149,5371997344297,72,0,0
tx,79,67,1,1,1787953794922190984,1787953794908407540,5372006999464,5372007014742,72,0,0
tx,79,77,1,1,1787953794932879003,1787953794908407540,5372017687242,5372017703205,72,0,0
tx,79,86,1,1,1787953794942478651,1787953794908407540,5372027286834,5372027299131,72,0,0
tx,79,95,1,1,1787953794952082299,1787953794908407540,5372036890482,5372036902557,72,0,0
tx,79,105,1,1,1787953794962758077,1787953794908407540,5372047566353,5372047585168,72,0,0
tx,79,114,1,1,1787953794972367780,1787953794908407540,5372057175964,5372057188982,72,0,0
tx,79,124,1,1,1787953794983033854,1787953794908407540,5372067842038,5372067854964,72,0,0
tx,79,134,1,1,1787953794993692262,1787953794908407540,5372078500445,5372078512427,72,0,0
tx,79,143,1,1,1787953795003287206,1787953794908407540,5372088095390,5372088107038,72,0,0
rx,80,80,1,1,1787953795005439503,1787953795004984132,5372090247575,0,0,0,0
rx,81,81,1,1,1787953795006516743,1787953795006079521,5372091324797,0,0,0,0
rx,82,82,1,1,1787953795007587354,1787953795007225929,5372092395408,0,0,0,0
rx,83,83,1,1,1787953795008656132,1787953795008327262,5372093464205,0,0,0,0
rx,84,84,1,1,1787953795009724262,1787953795009449577,5372094532334,0,0,0,0
rx,85,85,1,1,1787953795010792095,1787953795010589651,5372095600168,0,0,0,0
rx,86,86,1,1,1787953795011860743,1787953795011717373,5372096668816,0,0,0,0
tx,86,153,1,1,1787953795014001688,1787953795011717373,5372098809927,5372098828353,72,0,0
tx,86,162,1,1,1787953795023658132,1787953795011717373,5372108466316,5372108480057,72,0,0
tx,86,171,1,1,1787953795033261947,1787953795011717373,5372118070131,5372118086557,72,0,0
tx,86,181,1,1,1787953795043925410,1787953795011717373,5372128733594,5372128746519,72,0,0
tx,86,190,1,1,1787953795053610040,1787953795011717373,5372138418260,5372138431890,72,0,0
tx,86,199,1,1,1787953795063210669,1787953795011717373,5372148018853,5372148033297,72,0,0
tx,86,8,1,1,1787953795073906188,1787953795011717373,5372158714445,5372158726797,72,0,0
tx,86,17,1,1,1787953795083467910,1787953795011717373,5372168276094,5372168288353,72,0,0
tx,86,26,1,1,1787953795093075947,1787953795011717373,5372177884131,5372177896019,72,0,0
tx,86,36,1,1,1787953795103745262,1787953795011717373,5372188553445,5372188568945,72,0,0
rx,87,87,1,1,1787953795108017873,1787953795107334299,5372192825945,0,0,0,0
rx,88,88,1,1,1787953795109090669,1787953795108457410,5372193898742,0,0,0,0
rx,89,89,1,1,1787953795110164873,1787953795109653743,5372194972945,0,0,0,0
rx,90,90,1,1,1787953795111224095,1787953795110754521,5372196032149,0,0,0,0
rx,91,91,1,1,1787953795112292688,1787953795111863095,5372197100760,0,0,0,0
rx,92,92,1,1,1787953795113360373,1787953795112979114,5372198168445,0,0,0,0
tx,92,45,1,1,1787953795113363854,1787953795112979114,5372198172038,5372198187927,72,0,0
rx,93,93,1,1,1787953795114489651,1787953795114100595,5372199297723,0,0,0,0
tx,93,54,1,1,1787953795123019669,1787953795114100595,5372207827853,5372207843316,72,0,0
tx,93,64,1,1,1787953795133722965,1787953795114100595,5372218531149,5372218546686,72,0,0
tx,93,73,1,1,1787953795143336836,1787953795114100595,5372228145019,5372228157519,72,0,0
tx,93,83,1,1,1787953795154004780,1787953795114100595,5372238812964,5372238829019,72,0,0
tx,93,93,1,1,1787953795164664132,1787953795114100595,5372249472316,5372249485056,72,0,0
tx,93,102,1,1,1787953795174299299,1787953795114100595,5372259107482,5372259120260,72,0,0
tx,93,112,1,1,1787953795184956021,1787953795114100595,5372269764205,5372269776334,72,0,0
tx,93,121,1,1,1787953795194558836,1787953795114100595,5372279367019,5372279378797,72,0,0
tx,93,130,1,1,1787953795204150188,1787953795114100595,5372288958371,5372288970816,72,0,0
rx,94,94,1,1,1787953795210562836,1787953795209937465,5372295370890,0,0,0,0
rx,95,95,1,1,1787953795211633947,1787953795211031984,5372296442001,0,0,0,0
rx,96,96,1,1,1787953795212702188,1787953795212156428,5372297510260,0,0,0,0
rx,97,97,1,1,1787953795213772854,1787953795213297058,5372298580927,0,0,0,0
rx,98,98,1,1,1787953795214846299,1787953795214437447,5372299654353,0,0,0,0
tx,98,140,1,1,1787953795214852465,1787953795214437447,5372299660964,5372299678205,72,0,0
rx,99,99,1,1,1787953795215978910,1787953795215545669,5372300786982,0,0,0,0
rx,100,100,1,1,1787953795217047540,1787953795216655614,5372301855612,0,0,0,0
tx,100,149,1,1,1787953795224509632,1787953795216655614,5372309317816,5372309332186,72,0,0
tx,100,158,1,1,1787953795234143836,1787953795216655614,5372318952019,5372318967779,72,0,0
tx,100,168,1,1,1787953795244800410,1787953795216655614,5372329608593,5372329621519,72,0,0
tx,100,177,1,1,1787953795254418354,1787953795216655614,5372339226538,5372339239297,72,0,0
tx,100,186,1,1,1787953795264026354,1787953795216655614,5372348834538,5372348850075,72,0,0
tx,100,196,1,1,1787953795274664039,1787953795216655614,5372359472223,5372359484890,72,0,0
tx,100,4,1,1,1787953795284273910,1787953795216655614,5372369082093,5372369094223,72,0,0
tx,100,14,1,1,1787953795294950539,1787953795216655614,5372379758723,5372379779556,72,0,0
tx,100,23,1,1,1787953795304539354,1787953795216655614,5372389347593,5372389362908,72,0,0
rx,101,101,1,1,1787953795313099576,1787953795312133576,5372397907630,0,0,0,0
rx,102,102,1,1,1787953795314169725,1787953795313262243,5372398977779,0,0,0,0
tx,102,32,1,1,1787953795314181465,1787953795313262243,5372398989649,5372399005871,72,0,0
rx,103,103,1,1,1787953795315324428,1787953795314437762,5372400132501,0,0,0,0
rx,104,104,1,1,1787953795316403373,1787953795315519151,5372401211445,0,0,0,0
rx,105,105,1,1,1787953795317472558,1787953795316608873,5372402280630,0,0,0,0
rx,106,106,1,1,1787953795318543910,1787953795317729817,5372403351982,0,0,0,0
rx,107,107,1,1,1787953795319617891,1787953795318856206,5372404425964,0,0,0,0
tx,107,42,1,1,1787953795324943039,1787953795318856206,5372409751223,5372409767816,72,0,0
tx,107,51,1,1,1787953795334610410,1787953795318856206,5372419418816,5372419435186,72,0,0
tx,107,60,1,1,1787953795344216039,1787953795318856206,5372429024223,5372429036649,72,0,0
tx,107,70,1,1,1787953795354879984,1787953795318856206,5372439688260,5372439705019,72,0,0
tx,107,79,1,1,1787953795364478817,1787953795318856206,5372449287001,5372449299093,72,0,0
tx,107,88,1,1,1787953795374083484,1787953795318856206,5372458891667,5372458904167,72,0,0
tx,107,98,1,1,1787953795384749743,1787953795318856206,5372469557927,5372469569871,72,0,0
tx,107,107,1,1,1787953795394341484,1787953795318856206,5372479149667,5372479161297,72,0,0
tx,107,117,1,1,1787953795405057336,1787953795318856206,5372489865649,5372489881741,72,0,0
rx,108,108,1,1,1787953795414679873,1787953795414523725,5372499487945,0,0,0,0
rx,109,109,1,1,1787953795415843447,1787953795415661706,5372500651519,0,0,0,0
tx,109,127,1,1,1787953795415849539,1787953795415661706,5372500657723,5372500673760,72,0,0
rx,110,110,1,1,1787953795416989743,1787953795416778651,5372501797816,0,0,0,0
rx,111,111,1,1,1787953795418057947,1787953795417891539,5372502866019,0,0,0,0
rx,112,112,1,1,1787953795419126428,1787953795419004058,5372503934501,0,0,0,0
rx,113,113,1,1,1787953795420195076,1787953795420126151,5372505003149,0,0,0,0
tx,113,136,1,1,1787953795425527465,1787953795420126151,5372510335649,5372510350334,72,0,0
tx,113,145,1,1,1787953795435169095,1787953795420126151,5372519977371,5372519992556,72,0,0
tx,113,155,1,1,1787953795445829225,1787953795420126151,5372530637408,5372530649741,72,0,0
tx,113,164,1,1,1787953795455441762,1787953795420126151,5372540250019,5372540265723,72,0,0
tx,113,173,1,1,1787953795465064021,1787953795420126151,5372549872204,5372549885334,72,0,0
tx,113,183,1,1,1787953795475733447,1787953795420126151,5372560541630,5372560554167,72,0,0
tx,113,192,1,1,1787953795485339187,1787953795420126151,5372570147371,5372570159241,72,0,0
tx,113,1,1,1,1787953795495995650,1787953795420126151,5372580803834,5372580815834,72,0,0
tx,113,10,1,1,1787953795505603947,1787953795420126151,5372590412204,5372590427908,72,0,0
tx,113,19,1,1,1787953795515211854,1787953795420126151,5372600020038,5372600032019,72,0,0
rx,114,114,1,1,1787953795517355669,1787953795516951558,5372602163723,0,0,0,0
rx,115,115,1,1,1787953795518424576,1787953795518049910,5372603232649,0,0,0,0
rx,116,116,1,1,1787953795519496317,1787953795519167187,5372604304390,0,0,0,0
rx,117,117,1,1,1787953795520569354,1787953795520398225,5372605377408,0,0,0,0
rx,118,118,1,1,1787953795521641262,1787953795521499039,5372606449315,0,0,0,0
rx,119,119,1,1,1787953795522708799,1787953795522607484,5372607516871,0,0,0,0
rx,120,120,1,1,1787953795523777317,1787953795523724169,5372608585371,0,0,0,0
tx,120,29,1,1,1787953795525907206,1787953795523724169,5372610715390,5372610732482,72,0,0
tx,120,38,1,1,1787953795535574021,1787953795523724169,5372620382260,5372620396815,72,0,0
tx,120,47,1,1,1787953795545174725,1787953795523724169,5372629982908,5372629995278,72,0,0
tx,120,57,1,1,1787953795555913947,1787953795523724169,5372640722186,5372640741834,72,0,0
tx,120,66,1,1,1787953795565517336,1787953795523724169,5372650325519,5372650338186,72,0,0
tx,120,75,1,1,1787953795575170558,1787953795523724169,5372659978741,5372659991538,72,0,0
tx,120,85,1,1,1787953795585839336,1787953795523724169,5372670647519,5372670659778,72,0,0
tx,120,94,1,1,1787953795595433428,1787953795523724169,5372680241612,5372680253501,72,0,0
tx,120,103,1,1,1787953795605029539,1787953795523724169,5372689837815,5372689851834,72,0,0
tx,120,113,1,1,1787953795615686947,1787953795523724169,5372700495130,5372700507093,72,0,0
rx,121,121,1,1,1787953795619967354,1787953795619434891,5372704775427,0,0,0,0
rx,122,122,1,1,1787953795621036613,1787953795620532169,5372705844686,0,0,0,0
tx,122,122,1,1,1787953795625311799,1787953795620532169,5372710119982,5372710135371,72,0,0
tx,122,132,1,1,1787953795636025336,1787953795620532169,5372720833519,5372720849075,72,0,0
tx,122,142,1,1,1787953795646675150,1787953795620532169,5372731483334,5372731495556,72,0,0
tx,122,151,1,1,1787953795656286373,1787953795620532169,5372741094630,5372741110630,72,0,0
tx,122,161,1,1,1787953795666966169,1787953795620532169,5372751774352,5372751788649,72,0,0
tx,122,170,1,1,1787953795676551447,1787953795620532169,5372761359704,5372761371945,72,0,0
tx,122,179,1,1,1787953795686144576,1787953795620532169,5372770952760,5372770964852,72,0,0
tx,122,189,1,1,1787953795696800150,1787953795620532169,5372781608334,5372781620482,72,0,0
tx,122,198,1,1,1787953795706419058,1787953795620532169,5372791227297,5372791241704,72,0,0
tx,122,6,1,1,1787953795716018595,1787953795620532169,5372800826778,5372800838630,72,0,0
rx,123,123,1,1,1787953795722421002,1787953795721748391,5372807229075,0,0,0,0
rx,124,124,1,1,1787953795723495187,1787953795722856373,5372808303260,0,0,0,0
rx,125,125,1,1,1787953795724563743,1787953795723959836,5372809371815,0,0,0,0
rx,126,126,1,1,1787953795725631558,1787953795725076317,5372810439630,0,0,0,0
rx,127,127,1,1,1787953795726699261,1787953795726221428,5372811507334,0,0,0,0
tx,127,16,1,1,1787953795726721428,1787953795726221428,5372811529667,5372811545982,72,0,0
rx,128,128,1,1,1787953795727846947,1787953795727373447,5372812655019,0,0,0,0
rx,129,129,1,1,1787953795728922002,1787953795728464984,5372813730075,0,0,0,0
rx,130,130,1,1,1787953795729994632,1787953795729589947,5372814802704,0,0,0,0
rx,131,131,1,1,1787953795731065780,1787953795730709780,5372815873852,0,0,0,0
rx,132,132,1,1,1787953795732134465,1787953795731820965,5372816942538,0,0,0,0
rx,133,133,1,1,1787953795733210854,1787953795732955317,5372818018926,0,0,0,0
rx,134,134,1,1,1787953795734281169,1787953795734063724,5372819089241,0,0,0,0
tx,134,25,1,1,1787953795736411817,1787953795734063724,5372821220056,5372821240408,72,0,0
tx,134,34,1,1,1787953795746067298,1787953795734063724,5372830875482,5372830888445,72,0,0
tx,134,44,1,1,1787953795756748706,1787953795734063724,5372841556963,5372841573538,72,0,0
tx,134,53,1,1,1787953795766347224,1787953795734063724,5372851155408,5372851168593,72,0,0
tx,134,63,1,1,1787953795777006447,1787953795734063724,5372861814630,5372861827278,72,0,0
tx,134,73,1,1,1787953795787714335,1787953795734063724,5372872522519,5372872534834,72,0,0
tx,134,82,1,1,1787953795797311354,1787953795734063724,5372882119538,5372882131352,72,0,0
tx,134,92,1,1,1787953795807973484,1787953795734063724,5372892781815,5372892796593,72,0,0
tx,134,101,1,1,1787953795817571335,1787953795734063724,5372902379519,5372902391815,72,0,0
rx,135,135,1,1,1787953795825075780,1787953795824162817,5372909883834,0,0,0,0
rx,136,136,1,1,1787953795826159595,1787953795825283335,5372910967667,0,0,0,0
rx,137,137,1,1,1787953795827228280,1787953795826438835,5372912036352,0,0,0,0
tx,137,110,1,1,1787953795827234687,1787953795826438835,5372912042926,5372912060019,72,0,0
rx,138,138,1,1,1787953795828361224,1787953795827589872,5372913169297,0,0,0,0
rx,139,139,1,1,1787953795829430002,1787953795828689021,5372914238075,0,0,0,0
rx,140,140,1,1,1787953795830498169,1787953795829807021,5372915306223,0,0,0,0
rx,141,141,1,1,1787953795831566113,1787953795830925798,5372916374186,0,0,0,0
tx,141,120,1,1,1787953795837974576,1787953795830925798,5372922782778,5372922800945,72,0,0
tx,141,129,1,1,1787953795847606039,1787953795830925798,5372932414223,5372932426871,72,0,0
tx,141,137,1,1,1787953795857347298,1787953795830925798,5372942155538,5372942204982,72,0,0
tx,141,146,1,1,1787953795867012317,1787953795830925798,5372951820575,5372951836075,72,0,0
tx,141,156,1,1,1787953795877676021,1787953795830925798,5372962484278,5372962498204,72,0,0
tx,141,165,1,1,1787953795887270447,1787953795830925798,5372972078630,5372972091112,72,0,0
tx,141,175,1,1,1787953795897928539,1787953795830925798,5372982736723,5372982748889,72,0,0
tx,141,184,1,1,1787953795907534058,1787953795830925798,5372992342241,5372992359278,72,0,0
tx,141,193,1,1,1787953795917132669,1787953795830925798,5373001940852,5373001953741,72,0,0
rx,142,142,1,1,1787953795926731835,1787953795926536521,5373011539908,0,0,0,0
rx,143,143,1,1,1787953795927801891,1787953795927637558,5373012609945,0,0,0,0
tx,143,2,1,1,1787953795927805446,1787953795927637558,5373012613630,5373012631519,72,0,0
rx,145,145,1,1,1787953795930012261,1787953795929874872,5373014820315,0,0,0,0
rx,146,146,1,1,1787953795931151706,1787953795931021761,5373015959778,0,0,0,0
rx,147,147,1,1,1787953795932223946,1787953795932119669,5373017032019,0,0,0,0
rx,148,148,1,1,1787953795934398632,1787953795933438280,5373019206704,0,0,0,0
tx,148,11,1,1,1787953795937592595,1787953795933438280,5373022400778,5373022423130,72,0,0
tx,148,20,1,1,1787953795947229465,1787953795933438280,5373032037649,5373032052352,72,0,0
tx,148,30,1,1,1787953795957893317,1787953795933438280,5373042701500,5373042715649,72,0,0
tx,148,39,1,1,1787953795967506595,1787953795933438280,5373052314778,5373052328667,72,0,0
tx,148,48,1,1,1787953795977073891,1787953795933438280,5373061882074,5373061894963,72,0,0
tx,148,58,1,1,1787953795987748132,1787953795933438280,5373072556315,5373072568593,72,0,0
tx,148,67,1,1,1787953795997344002,1787953795933438280,5373082152278,5373082167260,72,0,0
tx,148,77,1,1,1787953796008016428,1787953795933438280,5373092824611,5373092836704,72,0,0
tx,148,87,1,1,1787953796018676039,1787953795933438280,5373103484223,5373103496297,72,0,0
tx,148,96,1,1,1787953796028283428,1787953795933438280,5373113091611,5373113103686,72,0,0
rx,149,149,1,1,1787953796029369706,1787953796028935521,5373114177778,0,0,0,0
rx,150,150,1,1,1787953796030444872,1787953796030035891,5373115252945,0,0,0,0
rx,151,151,1,1,1787953796031484058,1787953796031153002,5373116292130,0,0,0,0
rx,152,152,1,1,1787953796032559002,1787953796032278428,5373117367074,0,0,0,0
rx,153,153,1,1,1787953796033635076,1787953796033408595,5373118443149,0,0,0,0
rx,154,154,1,1,1787953796034707780,1787953796034547187,5373119515852,0,0,0,0
tx,154,106,1,1,1787953796038984002,1787953796034547187,5373123792186,5373123809371,72,0,0
tx,154,115,1,1,1787953796048640483,1787953796034547187,5373133448667,5373133460963,72,0,0
tx,154,124,1,1,1787953796058246669,1787953796034547187,5373143054926,5373143072056,72,0,0
tx,154,134,1,1,1787953796068923354,1787953796034547187,5373153731537,5373153745297,72,0,0
tx,154,143,1,1,1787953796078525187,1787953796034547187,5373163333445,5373163346000,72,0,0
tx,154,152,1,1,1787953796088124632,1787953796034547187,5373172932815,5373172945315,72,0,0
tx,154,162,1,1,1787953796098792409,1787953796034547187,5373183600593,5373183612352,72,0,0
tx,154,171,1,1,1787953796108415798,1787953796034547187,5373193223982,5373193237982,72,0,0
tx,154,180,1,1,1787953796118015983,1787953796034547187,5373202824167,5373202836556,72,0,0
tx,154,190,1,1,1787953796128678354,1787953796034547187,5373213486537,5373213498482,72,0,0
rx,155,155,1,1,1787953796131893502,1787953796131496261,5373216701574,0,0,0,0
rx,156,156,1,1,1787953796132970928,1787953796132742539,5373217779000,0,0,0,0
rx,157,157,1,1,1787953796134050872,1787953796134028761,5373218858926,0,0,0,0
rx,158,158,1,1,1787953796136197020,1787953796135228465,5373221005074,0,0,0,0
rx,159,159,1,1,1787953796137269780,1787953796136407076,5373222077834,0,0,0,0
rx,160,160,1,1,1787953796138343483,1787953796137874983,5373223151556,0,0,0,0
tx,160,199,1,1,1787953796138347409,1787953796137874983,5373223155648,5373223177500,72,0,0
rx,161,161,1,1,1787953796139479520,1787953796139072891,5373224287593,0,0,0,0
tx,161,7,1,1,1787953796148009798,1787953796139072891,5373232817982,5373232833797,72,0,0
tx,161,17,1,1,1787953796158724817,1787953796139072891,5373243533000,5373243548204,72,0,0
tx,161,26,1,1,1787953796168323391,1787953796139072891,5373253131574,5373253143371,72,0,0
tx,161,36,1,1,1787953796178989057,1787953796139072891,5373263797241,5373263809537,72,0,0
tx,161,45,1,1,1787953796188590594,1787953796139072891,5373273398778,5373273411056,72,0,0
tx,161,54,1,1,1787953796198199243,1787953796139072891,5373283007500,5373283023648,72,0,0
tx,161,64,1,1,1787953796208869243,1787953796139072891,5373293677426,5373293689019,72,0,0
tx,161,73,1,1,1787953796218466002,1787953796139072891,5373303274185,5373303285834,72,0,0
tx,161,82,1,1,1787953796228069872,1787953796139072891,5373312878056,5373312890630,72,0,0
rx,162,162,1,1,1787953796234485817,1787953796233866446,5373319293889,0,0,0,0
rx,163,163,1,1,1787953796235561354,1787953796235107798,5373320369426,0,0,0,0
rx,164,164,1,1,1787953796236634983,1787953796236393169,5373321443056,0,0,0,0
rx,165,165,1,1,1787953796237720428,1787953796237623983,5373322528500,0,0,0,0
tx,165,92,1,1,1787953796238793520,1787953796237623983,5373323601704,5373323619222,72,0,0
rx,166,166,1,1,1787953796239922465,1787953796239118150,5373324730537,0,0,0,0
rx,167,167,1,1,1787953796240997780,1787953796240362465,5373325805852,0,0,0,0
rx,168,168,1,1,1787953796242069650,1787953796241668576,5373326877722,0,0,0,0
tx,168,101,1,1,1787953796248477335,1787953796241668576,5373333285593,5373333305056,72,0,0
tx,168,110,1,1,1787953796258120409,1787953796241668576,5373342928593,5373342941537,72,0,0
tx,168,120,1,1,1787953796268802576,1787953796241668576,5373353610759,5373353623908,72,0,0
tx,168,129,1,1,1787953796278419965,1787953796241668576,5373363228148,5373363240945,72,0,0
tx,168,138,1,1,1787953796288024835,1787953796241668576,5373372833019,5373372844908,72,0,0
tx,168,148,1,1,1787953796298678668,1787953796241668576,5373383486926,5373383501926,72,0,0
tx,168,157,1,1,1787953796308279761,1787953796241668576,5373393087945,5373393100796,72,0,0
tx,168,167,1,1,1787953796318947372,1787953796241668576,5373403755556,5373403767537,72,0,0
tx,168,176,1,1,1787953796328542780,1787953796241668576,5373413350963,5373413363667,72,0,0
rx,169,169,1,1,1787953796337089261,1787953796336158465,5373421897334,0,0,0,0
rx,170,170,1,1,1787953796338162983,1787953796337295594,5373422971037,0,0,0,0
tx,170,185,1,1,1787953796338166576,1787953796337295594,5373422974834,5373422995556,72,0,0
rx,171,171,1,1,1787953796339330317,1787953796338418206,5373424138389,0,0,0,0
rx,172,172,1,1,1787953796340404224,1787953796339536798,5373425212296,0,0,0,0
rx,173,173,1,1,1787953796341480280,1787953796340672835,5373426288352,0,0,0,0
rx,174,174,1,1,1787953796342554354,1787953796341848946,5373427362389,0,0,0,0
rx,175,175,1,1,1787953796343629817,1787953796342901965,5373428437889,0,0,0,0
tx,175,195,1,1,1787953796348962076,1787953796342901965,5373433770334,5373433787148,72,0,0
tx,175,3,1,1,1787953796358611594,1787953796342901965,5373443419778,5373443434500,72,0,0
tx,175,12,1,1,1787953796368214261,1787953796342901965,5373453022445,5373453034630,72,0,0
tx,175,22,1,1,1787953796378879354,1787953796342901965,5373463687537,5373463699982,72,0,0
tx,175,31,1,1,1787953796388481224,1787953796342901965,5373473289426,5373473301482,72,0,0
tx,175,40,1,1,1787953796398084687,1787953796342901965,5373482892963,5373482906759,72,0,0
tx,175,50,1,1,1787953796408752039,1787953796342901965,5373493560296,5373493574056,72,0,0
tx,175,59,1,1,1787953796418351909,1787953796342901965,5373503160093,5373503172259,72,0,0
tx,175,69,1,1,1787953796429014742,1787953796342901965,5373513822926,5373513835593,72,0,0
rx,176,176,1,1,1787953796438728835,1787953796438538539,5373523536908,0,0,0,0
rx,177,177,1,1,1787953796439807668,1787953796439670094,5373524615722,0,0,0,0
tx,177,79,1,1,1787953796439811372,1787953796439670094,5373524619630,5373524637185,72,0,0
rx,178,178,1,1,1787953796440939946,1787953796440786835,5373525748000,0,0,0,0
rx,179,179,1,1,1787953796442024094,1787953796441905780,5373526832167,0,0,0,0
rx,180,180,1,1,1787953796443120705,1787953796443028872,5373527928778,0,0,0,0
rx,181,181,1,1,1787953796444191317,1787953796444150965,5373528999389,0,0,0,0
rx,182,182,1,1,1787953796446335298,1787953796445289946,5373531143352,0,0,0,0
tx,182,88,1,1,1787953796449540742,1787953796445289946,5373534349000,5373534369870,72,0,0
tx,182,97,1,1,1787953796459191928,1787953796445289946,5373544017593,5373544030593,72,0,0
tx,182,107,1,1,1787953796469892483,1787953796445289946,5373554700722,5373554714352,72,0,0
tx,182,116,1,1,1787953796479491039,1787953796445289946,5373564299222,5373564311463,72,0,0
tx,182,125,1,1,1787953796489090835,1787953796445289946,5373573899019,5373573910815,72,0,0
tx,182,135,1,1,1787953796499750002,1787953796445289946,5373584558222,5373584573982,72,0,0
tx,182,144,1,1,1787953796509347354,1787953796445289946,5373594155537,5373594167222,72,0,0
tx,182,154,1,1,1787953796520015909,1787953796445289946,5373604824111,5373604835982,72,0,0
tx,182,164,1,1,1787953796530676891,1787953796445289946,5373615485074,5373615496482,72,0,0
tx,182,173,1,1,1787953796540285798,1787953796445289946,5373625093982,5373625107982,72,0,0
rx,183,183,1,1,1787953796541373816,1787953796541016317,5373626181889,0,0,0,0
rx,184,184,1,1,1787953796542448020,1787953796542129168,5373627256093,0,0,0,0
rx,185,185,1,1,1787953796543530335,1787953796543252650,5373628338407,0,0,0,0
rx,186,186,1,1,1787953796544608779,1787953796544358539,5373629416852,0,0,0,0
rx,187,187,1,1,1787953796545681261,1787953796545465854,5373630489315,0,0,0,0
rx,188,188,1,1,1787953796546752316,1787953796546586057,5373631560389,0,0,0,0
rx,189,189,1,1,1787953796547824613,1787953796547706946,5373632632685,0,0,0,0
tx,189,183,1,1,1787953796551033446,1787953796547706946,5373635841685,5373635860759,72,0,0
tx,189,193,1,1,1787953796561746502,1787953796547706946,5373646554685,5373646566685,72,0,0
tx,189,1,1,1,1787953796571345594,1787953796547706946,5373656153778,5373656165889,72,0,0
tx,189,11,1,1,1787953796582010483,1787953796547706946,5373666818667,5373666831926,72,0,0
tx,189,21,1,1,1787953796592678002,1787953796547706946,5373677486185,5373677498037,72,0,0
tx,189,30,1,1,1787953796602289928,1787953796547706946,5373687098185,5373687116907,72,0,0
tx,189,40,1,1,1787953796612963409,1787953796547706946,5373697771593,5373697784500,72,0,0
tx,189,49,1,1,1787953796622641150,1787953796547706946,5373707449407,5373707476833,72,0,0
tx,189,58,1,1,1787953796632421650,1787953796547706946,5373717229889,5373717256463,72,0,0
tx,189,67,1,1,1787953796642192131,1787953796547706946,5373727000389,5373727027315,72,0,0
rx,190,190,1,1,1787953796644400983,1787953796643620224,5373729208981,0,0,0,0
rx,191,191,1,1,1787953796645507502,1787953796644798965,5373730315500,0,0,0,0
rx,192,192,1,1,1787953796646606187,1787953796646068446,5373731414185,0,0,0,0
rx,193,193,1,1,1787953796647705835,1787953796647373205,5373732513833,0,0,0,0
rx,194,194,1,1,1787953796648816650,1787953796648510965,5373733624630,0,0,0,0
rx,195,195,1,1,1787953796651012761,1787953796649994928,5373735820778,0,0,0,0
tx,195,76,1,1,1787953796652105391,1787953796649994928,5373736913741,5373736951778,72,0,0
tx,195,86,1,1,1787953796663048168,1787953796649994928,5373747856463,5373747884630,72,0,0
tx,195,96,1,1,1787953796673906335,1787953796649994928,5373758714574,5373758741500,72,0,0
tx,195,105,1,1,1787953796683685242,1787953796649994928,5373768493500,5373768518148,72,0,0
tx,195,114,1,1,1787953796693450742,1787953796649994928,5373778258981,5373778285037,72,0,0
tx,195,123,1,1,1787953796703233002,1787953796649994928,5373788041278,5373788070704,72,0,0
tx,195,132,1,1,1787953796713023465,1787953796649994928,5373797831722,5373797857778,72,0,0
tx,195,142,1,1,1787953796723885816,1787953796649994928,5373808694056,5373808720148,72,0,0
tx,195,151,1,1,1787953796733664465,1787953796649994928,5373818472704,5373818497759,72,0,0
tx,195,160,1,1,1787953796743447353,1787953796649994928,5373828255593,5373828283444,72,0,0
rx,196,196,1,1,1787953796746747724,1787953796745931668,5373831555722,0,0,0,0
rx,197,197,1,1,1787953796747853705,1787953796747080853,5373832661704,0,0,0,0
rx,198,198,1,1,1787953796748955020,1787953796748260798,5373833763018,0,0,0,0
rx,199,199,1,1,1787953796750055187,1787953796749429446,5373834863185,0,0,0,0
rx,200,200,1,1,1787953796751155853,1787953796750613835,5373835963833,0,0,0,0
rx,201,0,1,1,1787953796752264705,1787953796751897613,5373837072704,0,0,0,0
rx,202,1,1,1,1787953796753368909,1787953796752994446,5373838176907,0,0,0,0
tx,202,169,1,1,1787953796753376742,1787953796752994446,5373838185055,5373838221333,72,0,0
tx,202,178,1,1,1787953796763253520,1787953796752994446,5373848061778,5373848088648,72,0,0
tx,202,187,1,1,1787953796773037576,1787953796752994446,5373857845833,5373857872111,72,0,0
tx,202,197,1,1,1787953796783904353,1787953796752994446,5373868712611,5373868738222,72,0,0
tx,202,5,1,1,1787953796793696353,1787953796752994446,5373878504648,5373878532907,72,0,0
tx,202,14,1,1,1787953796803513779,1787953796752994446,5373888322074,5373888349444,72,0,0
tx,202,23,1,1,1787953796813299039,1787953796752994446,5373898107278,5373898132592,72,0,0
tx,202,32,1,1,1787953796823078316,1787953796752994446,5373907886574,5373907912296,72,0,0
tx,202,42,1,1,1787953796833947187,1787953796752994446,5373918755463,5373918781648,72,0,0
tx,202,51,1,1,1787953796843739205,1787953796752994446,5373928547463,5373928580741,72,0,0
rx,203,2,1,1,1787953796849208705,1787953796848380909,5373934016722,0,0,0,0
rx,204,3,1,1,1787953796850314761,1787953796849515927,5373935122778,0,0,0,0
rx,205,4,1,1,1787953796851412872,1787953796850688594,5373936220870,0,0,0,0
rx,206,5,1,1,1787953796852511409,1787953796851880539,5373937319407,0,0,0,0
rx,207,6,1,1,1787953796853614705,1787953796853055279,5373938422722,0,0,0,0
tx,207,60,1,1,1787953796853622668,1787953796853055279,5373938430926,5373938464241,72,0,0
rx,208,7,1,1,1787953796854845946,1787953796854520927,5373939653944,0,0,0,0
rx,209,8,1,1,1787953796855944742,1787953796855715816,5373940752741,0,0,0,0
tx,209,69,1,1,1787953796863606816,1787953796855715816,5373948415241,5373948454759,72,0,0
tx,209,78,1,1,1787953796873490668,1787953796855715816,5373958298926,5373958327722,72,0,0
tx,209,87,1,1,1787953796883278909,1787953796855715816,5373968087167,5373968113537,72,0,0
tx,209,96,1,1,1787953796893064094,1787953796855715816,5373977872352,5373977897500,72,0,0
tx,209,106,1,1,1787953796903904261,1787953796855715816,5373988712518,5373988744629,72,0,0
tx,209,115,1,1,1787953796913725668,1787953796855715816,5373998533926,5373998559741,72,0,0
tx,209,124,1,1,1787953796923566576,1787953796855715816,5374008374833,5374008400981,72,0,0
tx,209,133,1,1,1787953796933314168,1787953796855715816,5374018122426,5374018146370,72,0,0
tx,209,142,1,1,1787953796943071576,1787953796855715816,5374027879833,5374027906352,72,0,0
rx,210,9,1,1,1787953796951781983,1787953796950802372,5374036589981,0,0,0,0
rx,211,10,1,1,1787953796952886224,1787953796952015501,5374037694241,0,0,0,0
rx,212,11,1,1,1787953796953987390,1787953796953303520,5374038795389,0,0,0,0
tx,212,152,1,1,1787953796953999835,1787953796953303520,5374038808074,5374038843778,72,0,0
rx,213,12,1,1,1787953796955231983,1787953796954497076,5374040039981,0,0,0,0
rx,215,14,1,1,1787953796957511835,1787953796957312890,5374042319833,0,0,0,0
rx,216,15,1,1,1787953796958603538,1787953796958534946,5374043411518,0,0,0,0
tx,216,161,1,1,1787953796964029872,1787953796958534946,5374048838129,5374048869463,72,0,0
tx,216,171,1,1,1787953796974946316,1787953796958534946,5374059754555,5374059781296,72,0,0
tx,216,180,1,1,1787953796984706020,1787953796958534946,5374069514278,5374069537889,72,0,0
tx,216,189,1,1,1787953796994478724,1787953796958534946,5374079286981,5374079314926,72,0,0
tx,216,198,1,1,1787953797004240650,1787953796958534946,5374089048907,5374089074555,72,0,0
tx,216,7,1,1,1787953797015079446,1787953796958534946,5374099887703,5374099910870,72,0,0
tx,216,17,1,1,1787953797025945835,1787953796958534946,5374110754092,5374110779759,72,0,0
tx,216,26,1,1,1787953797035704742,1787953796958534946,5374120513000,5374120536352,72,0,0
tx,216,35,1,1,1787953797045470687,1787953796958534946,5374130278926,5374130307518,72,0,0
rx,217,16,1,1,1787953797054172187,1787953797053183557,5374138980203,0,0,0,0
rx,218,17,1,1,1787953797055274779,1787953797054378872,5374140082759,0,0,0,0
tx,218,44,1,1,1787953797055282890,1787953797054378872,5374140091148,5374140123018,72,0,0
rx,219,18,1,1,1787953797056471335,1787953797055621835,5374141279333,0,0,0,0
rx,220,19,1,1,1787953797057569261,1787953797056839816,5374142377259,0,0,0,0
rx,221,20,1,1,1787953797058665853,1787953797058124798,5374143473852,0,0,0,0
rx,222,21,1,1,1787953797059769964,1787953797059330390,5374144577963,0,0,0,0
tx,222,53,1,1,1787953797065187650,1787953797059330390,5374149995944,5374150026000,72,0,0
tx,222,63,1,1,1787953797076087242,1787953797059330390,5374160895500,5374160920629,72,0,0
tx,222,73,1,1,1787953797086922761,1787953797059330390,5374171731018,5374171754203,72,0,0
tx,222,82,1,1,1787953797096683853,1787953797059330390,5374181492222,5374181520463,72,0,0
tx,222,91,1,1,1787953797106476649,1787953797059330390,5374191284907,5374191309648,72,0,0
tx,222,100,1,1,1787953797116233038,1787953797059330390,5374201041296,5374201064426,72,0,0
tx,222,110,1,1,1787953797127078187,1787953797059330390,5374211886444,5374211910648,72,0,0
tx,222,120,1,1,1787953797137913946,1787953797059330390,5374222722185,5374222747629,72,0,0
tx,222,129,1,1,1787953797147681742,1787953797059330390,5374232490000,5374232518018,72,0,0
rx,224,23,1,1,1787953797156382020,1787953797155611335,5374241190037,0,0,0,0
tx,224,138,1,1,1787953797157477853,1787953797155611335,5374242286203,5374242317574,72,0,0
rx,226,25,1,1,1787953797158670020,1787953797158128279,5374243478018,0,0,0,0
rx,227,26,1,1,1787953797159823483,1787953797159626964,5374244631481,0,0,0,0
rx,228,27,1,1,1787953797160913853,1787953797160852631,5374245721852,0,0,0,0
rx,229,28,1,1,1787953797163109149,1787953797162136724,5374247917148,0,0,0,0
rx,230,29,1,1,1787953797164213390,1787953797163336631,5374249021407,0,0,0,0
tx,230,147,1,1,1787953797167469927,1787953797163336631,5374252278296,5374252309074,72,0,0
tx,230,156,1,1,1787953797177288353,1787953797163336631,5374262096592,5374262120814,72,0,0
tx,230,165,1,1,1787953797187046075,1787953797163336631,5374271854333,5374271877870,72,0,0
tx,230,175,1,1,1787953797197890149,1787953797163336631,5374282698407,5374282725537,72,0,0
tx,230,184,1,1,1787953797207646798,1787953797163336631,5374292455037,5374292478296,72,0,0
tx,230,193,1,1,1787953797217429446,1787953797163336631,5374302237703,5374302261981,72,0,0
tx,230,1,1,1,1787953797227183075,1787953797163336631,5374311991314,5374312047518,72,0,0
tx,230,11,1,1,1787953797238046742,1787953797163336631,5374322855000,5374322882203,72,0,0
tx,230,21,1,1,1787953797248871205,1787953797163336631,5374333679444,5374333707537,72,0,0
rx,231,30,1,1,1787953797258631205,1787953797258220298,5374343439092,0,0,0,0
tx,231,30,1,1,1787953797258640075,1787953797258220298,5374343448333,5374343477907,72,0,0
rx,232,31,1,1,1787953797259853983,1787953797259421168,5374344662000,0,0,0,0
rx,233,32,1,1,1787953797260957131,1787953797260432927,5374345765129,0,0,0,0
rx,234,33,1,1,1787953797262055649,1787953797261540612,5374346863648,0,0,0,0
rx,235,34,1,1,1787953797263169723,1787953797262661261,5374347977722,0,0,0,0
rx,236,35,1,1,1787953797264266816,1787953797263775816,5374349074833,0,0,0,0
tx,236,39,1,1,1787953797268605798,1787953797263775816,5374353414055,5374353444333,72,0,0
tx,236,48,1,1,1787953797278412261,1787953797263775816,5374363220518,5374363245537,72,0,0
tx,236,57,1,1,1787953797288156946,1787953797263775816,5374372965185,5374372988851,72,0,0
tx,236,67,1,1,1787953797298982205,1787953797263775816,5374383790463,5374383818444,72,0,0
tx,236,76,1,1,1787953797308731946,1787953797263775816,5374393540203,5374393564111,72,0,0
tx,236,85,1,1,1787953797318487298,1787953797263775816,5374403295555,5374403319481,72,0,0
tx,236,94,1,1,1787953797328244631,1787953797263775816,5374413052870,5374413076444,72,0,0
tx,236,104,1,1,1787953797339062835,1787953797263775816,5374423871092,5374423896611,72,0,0
tx,236,114,1,1,1787953797349894279,1787953797263775816,5374434702518,5374434729944,72,0,0
tx,236,123,1,1,1787953797359636335,1787953797263775816,5374444444592,5374444468351,72,0,0
rx,237,36,1,1,1787953797360757057,1787953797360361186,5374445565055,0,0,0,0
rx,238,37,1,1,1787953797361859409,1787953797361509816,5374446667407,0,0,0,0
rx,239,38,1,1,1787953797362957927,1787953797362725409,5374447765907,0,0,0,0
rx,240,39,1,1,1787953797364062631,1787953797364025131,5374448870629,0,0,0,0
rx,241,40,1,1,1787953797365170409,1787953797365142464,5374449978407,0,0,0,0
rx,242,41,1,1,1787953797367361205,1787953797366614909,5374452169222,0,0,0,0
rx,243,42,1,1,1787953797368460594,1787953797367789223,5374453268592,0,0,0,0
tx,243,132,1,1,1787953797369554390,1787953797367789223,5374454362648,5374454394166,72,0,0
tx,243,141,1,1,1787953797379375760,1787953797367789223,5374464184000,5374464209333,72,0,0
tx,243,150,1,1,1787953797389129501,1787953797367789223,5374473937759,5374473964259,72,0,0
tx,243,160,1,1,1787953797399954723,1787953797367789223,5374484762963,5374484787648,72,0,0
tx,243,169,1,1,1787953797409710779,1787953797367789223,5374494519018,5374494542203,72,0,0
tx,243,178,1,1,1787953797419478353,1787953797367789223,5374504286592,5374504311111,72,0,0
tx,243,187,1,1,1787953797429216927,1787953797367789223,5374514025166,5374514049259,72,0,0
tx,243,197,1,1,1787953797440044353,1787953797367789223,5374524852611,5374524878240,72,0,0
tx,243,6,1,1,1787953797450870038,1787953797367789223,5374535678296,5374535706148,72,0,0
tx,243,15,1,1,1787953797460625390,1787953797367789223,5374545433629,5374545457462,72,0,0
rx,244,43,1,1,1787953797463917464,1787953797462800242,5374548725444,0,0,0,0
rx,245,44,1,1,1787953797465017946,1787953797464019890,5374549825944,0,0,0,0
rx,246,45,1,1,1787953797466114316,1787953797465200353,5374550922314,0,0,0,0
rx,247,46,1,1,1787953797467242760,1787953797466405372,5374552050759,0,0,0,0
rx,249,48,1,1,1787953797469435168,1787953797468860594,5374554243166,0,0,0,0
rx,250,49,1,1,1787953797470538742,1787953797469999816,5374555346759,0,0,0,0
tx,250,24,1,1,1787953797470546483,1787953797469999816,5374555354740,5374555385537,72,0,0
tx,250,33,1,1,1787953797480377260,1787953797469999816,5374565185499,5374565211166,72,0,0
tx,250,42,1,1,1787953797490124168,1787953797469999816,5374574932425,5374574956222,72,0,0
tx,250,52,1,1,1787953797500986575,1787953797469999816,5374585794814,5374585822333,72,0,0
tx,250,61,1,1,1787953797510741983,1787953797469999816,5374595550240,5374595573648,72,0,0
tx,250,70,1,1,1787953797520484316,1787953797469999816,5374605292574,5374605315481,72,0,0
tx,250,79,1,1,1787953797530224223,1787953797469999816,5374615032481,5374615056037,72,0,0
tx,250,89,1,1,1787953797541047131,1787953797469999816,5374625855388,5374625882148,72,0,0
tx,250,99,1,1,1787953797551873723,1787953797469999816,5374636682018,5374636708574,72,0,0
tx,250,108,1,1,1787953797561615168,1787953797469999816,5374646423425,5374646446444,72,0,0
rx,251,50,1,1,1787953797565977927,1787953797565275890,5374650785925,0,0,0,0
rx,252,51,1,1,1787953797567083946,1787953797566404316,5374651891944,0,0,0,0
rx,253,52,1,1,1787953797568180020,1787953797567652742,5374652988018,0,0,0,0
rx,254,53,1,1,1787953797570361705,1787953797569262742,5374655169722,0,0,0,0
rx,255,54,1,1,1787953797571457816,1787953797570486908,5374656265833,0,0,0,0
tx,255,117,1,1,1787953797571465797,1787953797570486908,5374656274055,5374656305722,72,0,0
tx,255,126,1,1,1787953797581294446,1787953797570486908,5374666102703,5374666128240,72,0,0
tx,255,135,1,1,1787953797591052557,1787953797570486908,5374675860814,5374675889240,72,0,0
tx,255,145,1,1,1787953797601883871,1787953797570486908,5374686692129,5374686715814,72,0,0
tx,255,154,1,1,1787953797611634686,1787953797570486908,5374696442944,5374696466222,72,0,0
tx,255,163,1,1,1787953797621396464,1787953797570486908,5374706204703,5374706228573,72,0,0
tx,255,172,1,1,1787953797631147483,1787953797570486908,5374715955962,5374715980333,72,0,0
tx,255,182,1,1,1787953797641986686,1787953797570486908,5374726794944,5374726829036,72,0,0
tx,255,191,1,1,1787953797651742742,1787953797570486908,5374736550981,5374736575499,72,0,0
tx,255,200,1,1,1787953797661514890,1787953797570486908,5374746323148,5374746351444,72,0,0
rx,256,55,1,1,1787953797668046020,1787953797667548094,5374752854036,0,0,0,0
rx,257,56,1,1,1787953797669147890,1787953797668903223,5374753955870,0,0,0,0
rx,258,57,1,0,1787953797671342705,1787953797670271649,5374756150685,0,0,0,0
rx,259,58,1,1,1787953797671348371,1787953797671295668,5374756156351,0,0,0,0
tx,259,8,1,1,1787953797671386686,1787953797671295668,5374756194944,5374756228370,72,0,0
rx,260,59,1,1,1787953797672583871,1787953797672473149,5374757391888,0,0,0,0
rx,261,60,1,1,1787953797673675834,1787953797673644445,5374758483833,0,0,0,0
rx,262,61,1,1,1787953797675847945,1787953797674824520,5374760655925,0,0,0,0
rx,263,62,1,1,1787953797676934538,1787953797676302520,5374761742536,0,0,0,0
rx,264,63,1,1,1787953797678021353,1787953797677535075,5374762829351,0,0,0,0
tx,264,17,1,1,1787953797681269575,1787953797677535075,5374766077814,5374766105759,72,0,0
tx,264,26,1,1,1787953797691075205,1787953797677535075,5374775883481,5374775912018,72,0,0
tx,264,36,1,1,1787953797701910742,1787953797677535075,5374786718981,5374786743518,72,0,0
tx,264,45,1,1,1787953797711669371,1787953797677535075,5374796477610,5374796500944,72,0,0
tx,264,54,1,1,1787953797721410020,1787953797677535075,5374806218259,5374806241666,72,0,0
tx,264,63,1,1,1787953797731153834,1787953797677535075,5374815962129,5374815985944,72,0,0
tx,264,73,1,1,1787953797741975501,1787953797677535075,5374826783740,5374826809888,72,0,0
tx,264,82,1,1,1787953797751747260,1787953797677535075,5374836555499,5374836583851,72,0,0
tx,264,91,1,1,1787953797761491297,1787953797677535075,5374846299536,5374846322925,72,0,0
rx,265,64,1,1,1787953797770166705,1787953797769926575,5374854974703,0,0,0,0
rx,266,65,1,1,1787953797771258890,1787953797771078557,5374856066907,0,0,0,0
tx,266,100,1,1,1787953797771266371,1787953797771078557,5374856074610,5374856103814,72,0,0
rx,267,66,1,1,1787953797772445408,1787953797772232242,5374857253407,0,0,0,0
rx,268,67,1,1,1787953797773532519,1787953797773382112,5374858340536,0,0,0,0
rx,269,68,1,1,1787953797775702760,1787953797774607631,5374860510759,0,0,0,0
rx,270,69,1,1,1787953797776792482,1787953797775694964,5374861600481,0,0,0,0
rx,271,70,1,1,1787953797777877260,1787953797776794242,5374862685277,0,0,0,0
tx,271,109,1,1,1787953797781123816,1787953797776794242,5374865932055,5374865961036,72,0,0
tx,271,119,1,1,1787953797792014186,1787953797776794242,5374876822444,5374876851666,72,0,0
tx,271,129,1,1,1787953797802873334,1787953797776794242,5374887681592,5374887709444,72,0,0
tx,271,138,1,1,1787953797812630056,1787953797776794242,5374897438296,5374897462092,72,0,0
tx,271,147,1,1,1787953797822381853,1787953797776794242,5374907190110,5374907214481,72,0,0
tx,271,156,1,1,1787953797832138797,1787953797776794242,5374916947055,5374916972184,72,0,0
tx,271,166,1,1,1787953797842973112,1787953797776794242,5374927781407,5374927810333,72,0,0
tx,271,175,1,1,1787953797852724242,1787953797776794242,5374937532499,5374937556351,72,0,0
tx,271,184,1,1,1787953797862490075,1787953797776794242,5374947298314,5374947332925,72,0,0
tx,271,193,1,1,1787953797872257427,1787953797776794242,5374957065684,5374957091833,72,0,0
tx,271,2,1,1,1787953797883081149,1787953797776794242,5374967889388,5374967914610,72,0,0
tx,271,12,1,1,1787953797893905964,1787953797776794242,5374978714221,5374978743277,72,0,0
tx,271,21,1,1,1787953797903670445,1787953797776794242,5374988478703,5374988502962,72,0,0
tx,271,30,1,1,1787953797913393482,1787953797776794242,5374998201740,5374998224944,72,0,0
tx,271,39,1,1,1787953797923144630,1787953797776794242,5375007952944,5375007983944,72,0,0
tx,271,48,1,1,1787953797933020390,1787953797776794242,5375017828666,5375017864258,72,0,0
tx,271,58,1,1,1787953797943907279,1787953797776794242,5375028715536,5375028746184,72,0,0
tx,271,67,1,1,1787953797953658964,1787953797776794242,5375038467221,5375038491370,72,0,0
tx,271,76,1,1,1787953797963410001,1787953797776794242,5375048218240,5375048242462,72,0,0
tx,271,85,1,1,1787953797973148075,1787953797776794242,5375057956314,5375057980036,72,0,0
rx,272,71,1,1,1787953797975339723,1787953797974749871,5375060147629,0,0,0,0
rx,273,72,1,1,1787953797976430371,1787953797975968297,5375061238370,0,0,0,0
rx,274,73,1,1,1787953797977520908,1787953797977058760,5375062328925,0,0,0,0
rx,275,74,1,1,1787953797978606112,1787953797978224353,5375063414129,0,0,0,0
rx,276,75,1,1,1787953797979695797,1787953797979383279,5375064503795,0,0,0,0
rx,277,76,1,1,1787953797980784112,1787953797980497056,5375065592110,0,0,0,0
rx,278,77,1,1,1787953797981872205,1787953797981637593,5375066680203,0,0,0,0
rx,279,78,1,1,1787953797982960927,1787953797982791223,5375067768925,0,0,0,0
rx,280,79,1,1,1787953797984052223,1787953797983969223,5375068860221,0,0,0,0
tx,280,95,1,1,1787953797984063686,1787953797983969223,5375068871944,5375068900610,72,0,0
rx,281,80,1,1,1787953797985254186,1787953797985052260,5375070062184,0,0,0,0
rx,282,81,1,1,1787953797986340427,1787953797986187371,5375071148425,0,0,0,0
rx,283,82,1,1,1787953797987446649,1787953797987352371,5375072254647,0,0,0,0
rx,284,83,1,1,1787953797988538556,1787953797988459853,5375073346555,0,0,0,0
tx,284,105,1,1,1787953797995048371,1787953797988459853,5375079856629,5375079889518,72,0,0
tx,284,115,1,1,1787953798005952464,1787953797988459853,5375090760721,5375090785499,72,0,0
tx,284,124,1,1,1787953798015711649,1787953797988459853,5375100519907,5375100543721,72,0,0
tx,284,133,1,1,1787953798025501223,1787953797988459853,5375110309481,5375110333555,72,0,0
tx,284,142,1,1,1787953798035258316,1787953797988459853,5375120066555,5375120089795,72,0,0
tx,284,151,1,1,1787953798045021427,1787953797988459853,5375129829703,5375129857499,72,0,0
tx,284,161,1,1,1787953798055865686,1787953797988459853,5375140673944,5375140698592,72,0,0
tx,284,170,1,1,1787953798065654667,1787953797988459853,5375150462907,5375150486832,72,0,0
tx,284,179,1,1,1787953798075409353,1787953797988459853,5375160217592,5375160240555,72,0,0
rx,285,84,1,1,1787953798077599408,1787953798077166482,5375162407407,0,0,0,0
rx,286,85,1,1,1787953798078689204,1787953798078306445,5375163497203,0,0,0,0
rx,287,86,1,1,1787953798079777760,1787953798079476797,5375164585758,0,0,0,0
rx,288,87,1,1,1787953798080864482,1787953798080643260,5375165672481,0,0,0,0
rx,289,88,1,1,1787953798081954334,1787953798081735204,5375166762351,0,0,0,0
rx,290,89,1,1,1787953798083039779,1787953798082900871,5375167847777,0,0,0,0
rx,291,90,1,1,1787953798084131834,1787953798084037038,5375168939832,0,0,0,0
tx,291,188,1,1,1787953798085222223,1787953798084037038,5375170030462,5375170058851,72,0,0
tx,291,197,1,1,1787953798095057334,1787953798084037038,5375179865629,5375179894351,72,0,0
tx,291,6,1,1,1787953798105904482,1787953798084037038,5375190712740,5375190736018,72,0,0
tx,291,15,1,1,1787953798115657223,1787953798084037038,5375200465481,5375200488518,72,0,0
tx,291,24,1,1,1787953798125411908,1787953798084037038,5375210220166,5375210243073,72,0,0
tx,291,33,1,1,1787953798135166353,1787953798084037038,5375219974610,5375219997944,72,0,0
tx,291,43,1,1,1787953798146018501,1787953798084037038,5375230826758,5375230855869,72,0,0
tx,291,53,1,1,1787953798156858038,1787953798084037038,5375241666295,5375241689888,72,0,0
tx,291,62,1,1,1787953798166610945,1787953798084037038,5375251419184,5375251441925,72,0,0
tx,291,71,1,1,1787953798176363204,1787953798084037038,5375261171462,5375261194277,72,0,0
rx,292,91,1,1,1787953798179639778,1787953798179549667,5375264447795,0,0,0,0
rx,293,92,1,1,1787953798180731297,1787953798180653390,5375265539314,0,0,0,0
rx,294,93,1,1,1787953798182901241,1787953798181812445,5375267709240,0,0,0,0
rx,295,94,1,1,1787953798183989686,1787953798182965482,5375268797684,0,0,0,0
rx,296,95,1,1,1787953798185078908,1787953798184132297,5375269886906,0,0,0,0
rx,297,96,1,1,1787953798186175408,1787953798185313797,5375270983425,0,0,0,0
tx,297,80,1,1,1787953798186188019,1787953798185313797,5375270996277,5375271027684,72,0,0
rx,298,97,1,1,1787953798187374704,1787953798186425278,5375272182721,0,0,0,0
tx,298,89,1,1,1787953798196034167,1787953798186425278,5375280842425,5375280870499,72,0,0
tx,298,99,1,1,1787953798206925445,1787953798186425278,5375291733703,5375291756944,72,0,0
tx,298,108,1,1,1787953798216677741,1787953798186425278,5375301485981,5375301509203,72,0,0
tx,298,117,1,1,1787953798226467408,1787953798186425278,5375311275666,5375311300129,72,0,0
tx,298,126,1,1,1787953798236227427,1787953798186425278,5375321035666,5375321062055,72,0,0
tx,298,136,1,1,1787953798247066001,1787953798186425278,5375331874258,5375331898869,72,0,0
tx,298,146,1,1,1787953798257905797,1787953798186425278,5375342714036,5375342737443,72,0,0
tx,298,155,1,1,1787953798267660371,1787953798186425278,5375352468610,5375352491499,72,0,0
tx,298,164,1,1,1787953798277412649,1787953798186425278,5375362220906,5375362244462,72,0,0
rx,299,98,1,1,1787953798282843852,1787953798281970593,5375367651758,0,0,0,0
rx,300,99,1,1,1787953798283937130,1787953798283288204,5375368745129,0,0,0,0
rx,301,100,1,1,1787953798285024649,1787953798284385001,5375369832647,0,0,0,0
rx,302,101,1,1,1787953798286113056,1787953798285532352,5375370921073,0,0,0,0
rx,303,102,1,1,1787953798287231371,1787953798286677482,5375372039369,0,0,0,0
tx,303,173,1,1,1787953798287238890,1787953798286677482,5375372047147,5375372074629,72,0,0
rx,304,103,1,1,1787953798288415964,1787953798287828223,5375373223980,0,0,0,0
rx,305,104,1,1,1787953798289505408,1787953798289025649,5375374313388,0,0,0,0
tx,305,182,1,1,1787953798297088390,1787953798289025649,5375381896647,5375381926055,72,0,0
tx,305,192,1,1,1787953798308015575,1787953798289025649,5375392823814,5375392847999,72,0,0
tx,305,1,1,1,1787953798318853241,1787953798289025649,5375403661499,5375403684480,72,0,0
tx,305,10,1,1,1787953798328636445,1787953798289025649,5375413444684,5375413468629,72,0,0
tx,305,19,1,1,1787953798338400352,1787953798289025649,5375423208592,5375423236332,72,0,0
tx,305,28,1,1,1787953798348168186,1787953798289025649,5375432976443,5375433004610,72,0,0
tx,305,38,1,1,1787953798359007278,1787953798289025649,5375443815536,5375443838480,72,0,0
tx,305,47,1,1,1787953798368761815,1787953798289025649,5375453570055,5375453593036,72,0,0
tx,305,56,1,1,1787953798378520741,1787953798289025649,5375463328999,5375463353073,72,0,0
rx,306,105,1,1,1787953798385032927,1787953798384411871,5375469840869,0,0,0,0
rx,307,106,1,1,1787953798386122871,1787953798385632889,5375470930869,0,0,0,0
rx,308,107,1,1,1787953798387220149,1787953798386966445,5375472028147,0,0,0,0
rx,309,108,1,1,1787953798388318334,1787953798387937352,5375473126351,0,0,0,0
tx,309,65,1,1,1787953798388326538,1787953798387937352,5375473134795,5375473167684,72,0,0
rx,310,109,1,1,1787953798389511464,1787953798389064093,5375474319462,0,0,0,0
rx,311,110,1,1,1787953798390600445,1787953798390184519,5375475408443,0,0,0,0
tx,311,74,1,1,1787953798398176538,1787953798390184519,5375482984777,5375483011147,72,0,0
tx,311,84,1,1,1787953798409059815,1787953798390184519,5375493868054,5375493891332,72,0,0
tx,311,94,1,1,1787953798419899278,1787953798390184519,5375504707517,5375504730388,72,0,0
tx,311,103,1,1,1787953798429709889,1787953798390184519,5375514518129,5375514542517,72,0,0
tx,311,112,1,1,1787953798439498352,1787953798390184519,5375524306610,5375524334647,72,0,0
tx,311,121,1,1,1787953798449259149,1787953798390184519,5375534067388,5375534092129,72,0,0
tx,311,130,1,1,1787953798459021371,1787953798390184519,5375543829629,5375543853110,72,0,0
tx,311,140,1,1,1787953798469857130,1787953798390184519,5375554665369,5375554688758,72,0,0
tx,311,149,1,1,1787953798479612297,1787953798390184519,5375564420554,5375564444351,72,0,0
rx,312,111,1,1,1787953798487222463,1787953798486794519,5375572030203,0,0,0,0
rx,313,112,1,1,1787953798488312908,1787953798487942815,5375573120925,0,0,0,0
rx,314,113,1,1,1787953798489402112,1787953798489078889,5375574210129,0,0,0,0
tx,314,158,1,1,1787953798489409408,1787953798489078889,5375574217647,5375574249814,72,0,0
rx,315,114,1,1,1787953798490588982,1787953798490327982,5375575396980,0,0,0,0
rx,316,115,1,1,1787953798491681982,1787953798491434408,5375576489980,0,0,0,0
rx,317,116,1,1,1787953798492775315,1787953798492501371,5375577583332,0,0,0,0
rx,318,117,1,1,1787953798493863186,1787953798493633963,5375578671203,0,0,0,0
tx,318,167,1,1,1787953798499326538,1787953798493633963,5375584134795,5375584165240,72,0,0
tx,318,176,1,1,1787953798509175112,1787953798493633963,5375593983369,5375594008499,72,0,0
tx,318,186,1,1,1787953798520044352,1787953798493633963,5375604852610,5375604878129,72,0,0
tx,318,196,1,1,1787953798530910112,1787953798493633963,5375615718351,5375615744110,72,0,0
tx,318,4,1,1,1787953798540705834,1787953798493633963,5375625514091,5375625544962,72,0,0
tx,318,13,1,1,1787953798550494445,1787953798493633963,5375635302703,5375635329295,72,0,0
tx,318,22,1,1,1787953798560241186,1787953798493633963,5375645049443,5375645073795,72,0,0
tx,318,31,1,1,1787953798570020630,1787953798493633963,5375654828888,5375654854128,72,0,0
tx,318,41,1,1,1787953798580894723,1787953798493633963,5375665702980,5375665729221,72,0,0
rx,319,118,1,1,1787953798589604130,1787953798589103926,5375674412147,0,0,0,0
rx,320,119,1,1,1787953798590695538,1787953798590202204,5375675503536,0,0,0,0
tx,320,50,1,1,1787953798590702945,1787953798590202204,5375675511203,5375675554999,72,0,0
rx,321,120,1,1,1787953798591907686,1787953798591351315,5375676715684,0,0,0,0
rx,322,121,1,1,1787953798592998334,1787953798592422519,5375677806332,0,0,0,0
rx,323,122,1,1,1787953798594084056,1787953798593537500,5375678892073,0,0,0,0
rx,324,123,1,1,1787953798595169149,1787953798594667686,5375679977147,0,0,0,0
rx,325,124,1,1,1787953798596270797,1787953798595849334,5375681078814,0,0,0,0
tx,325,59,1,1,1787953798600609649,1787953798595849334,5375685417906,5375685447091,72,0,0
tx,325,68,1,1,1787953798610471797,1787953798595849334,5375695280054,5375695306351,72,0,0
tx,325,77,1,1,1787953798620260112,1787953798595849334,5375705068351,5375705093777,72,0,0
tx,325,86,1,1,1787953798630076278,1787953798595849334,5375714884517,5375714911054,72,0,0
tx,325,96,1,1,1787953798640955408,1787953798595849334,5375725763665,5375725799036,72,0,0
tx,325,105,1,1,1787953798650748223,1787953798595849334,5375735556480,5375735583536,72,0,0
tx,325,114,1,1,1787953798660552649,1787953798595849334,5375745360906,5375745389795,72,0,0
tx,325,123,1,1,1787953798670352889,1787953798595849334,5375755161128,5375755186814,72,0,0
tx,325,132,1,1,1787953798680131260,1787953798595849334,5375764939517,5375764964740,72,0,0
tx,325,142,1,1,1787953798691009056,1787953798595849334,5375775817314,5375775852554,72,0,0
rx,326,125,1,1,1787953798692141760,1787953798691692112,5375776949777,0,0,0,0
rx,327,126,1,1,1787953798693242056,1787953798692907408,5375778050054,0,0,0,0
rx,328,127,1,1,1787953798694339908,1787953798694137852,5375779147906,0,0,0,0
rx,329,128,1,1,1787953798695429000,1787953798695404223,5375780236999,0,0,0,0
rx,330,129,1,1,1787953798697593056,1787953798696906204,5375782401073,0,0,0,0
rx,331,130,1,1,1787953798698677574,1787953798698154334,5375783485591,0,0,0,0
rx,332,131,1,1,1787953798699774574,1787953798699436112,5375784582573,0,0,0,0
tx,332,151,1,1,1787953798700874371,1787953798699436112,5375785682610,5375785714314,72,0,0
tx,332,160,1,1,1787953798710768834,1787953798699436112,5375795577091,5375795605943,72,0,0
tx,332,169,1,1,1787953798720531111,1787953798699436112,5375805339369,5375805365962,72,0,0
tx,332,178,1,1,1787953798730357149,1787953798699436112,5375815165406,5375815192739,72,0,0
tx,332,187,1,1,1787953798740160815,1787953798699436112,5375824969073,5375824999425,72,0,0
tx,332,197,1,1,1787953798751057371,1787953798699436112,5375835865610,5375835893999,72,0,0
tx,332,6,1,1,1787953798761933037,1787953798699436112,5375846741295,5375846767906,72,0,0
tx,332,15,1,1,1787953798771718611,1787953798699436112,5375856526869,5375856552665,72,0,0
tx,332,24,1,1,1787953798781530352,1787953798699436112,5375866338610,5375866369851,72,0,0
tx,332,33,1,1,1787953798791333834,1787953798699436112,5375876142091,5375876169462,72,0,0
rx,333,132,1,1,1787953798794623260,1787953798794017408,5375879431276,0,0,0,0
rx,334,133,1,1,1787953798795726260,1787953798795275167,5375880534258,0,0,0,0
rx,335,134,1,1,1787953798796827074,1787953798796544334,5375881635073,0,0,0,0
rx,336,135,1,1,1787953798797953334,1787953798797721815,5375882761332,0,0,0,0
rx,337,136,1,1,1787953798800148760,1787953798799319223,5375884956776,0,0,0,0
rx,338,137,1,1,1787953798801250982,1787953798800550148,5375886058980,0,0,0,0
tx,338,42,1,1,1787953798801259148,1787953798800550148,5375886067388,5375886101943,72,0,0
rx,339,138,1,1,1787953798802489019,1787953798801790871,5375887297017,0,0,0,0
tx,339,51,1,1,1787953798811174037,1787953798801790871,5375895982295,5375896047980,72,0,0
tx,339,60,1,1,1787953798821019241,1787953798801790871,5375905827480,5375905854721,72,0,0
tx,339,70,1,1,1787953798831966611,1787953798801790871,5375916774888,5375916804054,72,0,0
tx,339,79,1,1,1787953798841755445,1787953798801790871,5375926563702,5375926596425,72,0,0
tx,339,88,1,1,1787953798851554704,1787953798801790871,5375936362962,5375936390239,72,0,0
tx,339,97,1,1,1787953798861422704,1787953798801790871,5375946230980,5375946271295,72,0,0
tx,339,106,1,1,1787953798871238056,1787953798801790871,5375956046313,5375956072851,72,0,0
tx,339,115,1,1,1787953798881037593,1787953798801790871,5375965845832,5375965875036,72,0,0
tx,339,125,1,1,1787953798891930945,1787953798801790871,5375976739221,5375976771332,72,0,0
rx,340,139,1,1,1787953798896369611,1787953798896304130,5375981177628,0,0,0,0
rx,341,140,1,1,1787953798897653278,1787953798897404074,5375982461295,0,0,0,0
rx,342,141,1,1,1787953798898762241,1787953798898513260,5375983570239,0,0,0,0
rx,343,142,1,1,1787953798899867760,1787953798899642963,5375984675702,0,0,0,0
rx,344,143,1,1,1787953798901030537,1787953798900801741,5375985838536,0,0,0,0
tx,344,133,1,1,1787953798901038556,1787953798900801741,5375985846813,5375985880147,72,0,0
rx,345,144,1,1,1787953798902243963,1787953798901915537,5375987051962,0,0,0,0
rx,346,145,1,1,1787953798903350537,1787953798903007778,5375988158554,0,0,0,0
tx,346,143,1,1,1787953798912069741,1787953798903007778,5375996877980,5375996908554,72,0,0
tx,346,153,1,1,1787953798922981852,1787953798903007778,5376007790110,5376007816702,72,0,0
tx,346,162,1,1,1787953798932796148,1787953798903007778,5376017604388,5376017632536,72,0,0
tx,346,171,1,1,1787953798942604315,1787953798903007778,5376027412591,5376027444999,72,0,0
tx,346,180,1,1,1787953798952395556,1787953798903007778,5376037203813,5376037229999,72,0,0
tx,346,189,1,1,1787953798962180574,1787953798903007778,5376046988832,5376047014350,72,0,0
tx,346,199,1,1,1787953798973054519,1787953798903007778,5376057862758,5376057889536,72,0,0
tx,346,8,1,1,1787953798983991556,1787953798903007778,5376068799887,5376068831517,72,0,0
tx,346,17,1,1,1787953798993784852,1787953798903007778,5376078593110,5376078618813,72,0,0
rx,347,146,1,1,1787953798999246278,1787953798998699685,5376084054276,0,0,0,0
rx,348,147,1,1,1787953799000354926,1787953798999809259,5376085162925,0,0,0,0
rx,349,148,1,1,1787953799001455815,1787953799000916093,5376086263813,0,0,0,0
rx,350,149,1,1,1787953799002555556,1787953799002058648,5376087363573,0,0,0,0
rx,351,150,1,1,1787953799003658167,1787953799003180352,5376088466184,0,0,0,0
tx,351,26,1,1,1787953799003666241,1787953799003180352,5376088474480,5376088507036,72,0,0
rx,352,151,1,1,1787953799004864482,1787953799004329111,5376089672499,0,0,0,0
tx,352,35,1,1,1787953799013557945,1787953799004329111,5376098366221,5376098396036,72,0,0
tx,352,44,1,1,1787953799023421982,1787953799004329111,5376108230239,5376108256610,72,0,0
tx,352,53,1,1,1787953799033229556,1787953799004329111,5376118037795,5376118068813,72,0,0
tx,352,62,1,1,1787953799043034408,1787953799004329111,5376127842665,5376127871943,72,0,0
tx,352,72,1,1,1787953799053910685,1787953799004329111,5376138718943,5376138745647,72,0,0
tx,352,81,1,1,1787953799063709148,1787953799004329111,5376148517406,5376148543795,72,0,0
tx,352,90,1,1,1787953799073492130,1787953799004329111,5376158300387,5376158325962,72,0,0
tx,352,99,1,1,1787953799083289185,1787953799004329111,5376168097443,5376168129554,72,0,0
tx,352,108,1,1,1787953799093086130,1787953799004329111,5376177894387,5376177919110,72,0,0
rx,353,152,1,1,1787953799101809926,1787953799101218389,5376186617887,0,0,0,0
rx,354,153,1,1,1787953799102912167,1787953799102483519,5376187720165,0,0,0,0
rx,355,154,1,1,1787953799104012296,1787953799103628667,5376188820295,0,0,0,0
tx,355,118,1,1,1787953799104024722,1787953799103628667,5376188832980,5376188865536,72,0,0
rx,356,155,1,1,1787953799105206445,1787953799104872704,5376190014443,0,0,0,0
rx,357,156,1,1,1787953799106312796,1787953799106074482,5376191120813,0,0,0,0
rx,358,157,1,1,1787953799107553019,1787953799107316352,5376192360961,0,0,0,0
rx,359,158,1,1,1787953799109788371,1787953799108787389,5376194596369,0,0,0,0
tx,359,126,1,1,1787953799113063889,1787953799108787389,5376197872147,5376197903313,72,0,0
tx,359,136,1,1,1787953799123993871,1787953799108787389,5376208802128,5376208829424,72,0,0
tx,359,145,1,1,1787953799133796278,1787953799108787389,5376218604517,5376218631369,72,0,0
tx,359,154,1,1,1787953799143615537,1787953799108787389,5376228423795,5376228456850,72,0,0
tx,359,163,1,1,1787953799153435278,1787953799108787389,5376238243517,5376238270776,72,0,0
tx,359,172,1,1,1787953799163226593,1787953799108787389,5376248034850,5376248060684,72,0,0
tx,359,182,1,1,1787953799174088852,1787953799108787389,5376258897110,5376258923369,72,0,0
tx,359,192,1,1,1787953799185018556,1787953799108787389,5376269826832,5376269858350,72,0,0
tx,359,1,1,1,1787953799195909482,1787953799108787389,5376280717721,5376280744536,72,0,0
rx,360,159,1,1,1787953799204739222,1787953799203613204,5376289547202,0,0,0,0
rx,361,160,1,1,1787953799205843259,1787953799204827185,5376290651258,0,0,0,0
tx,361,10,1,1,1787953799205851815,1787953799204827185,5376290660073,5376290771850,72,0,0
rx,362,161,1,1,1787953799207184815,1787953799206060741,5376291992776,0,0,0,0
rx,363,162,1,1,1787953799208371074,1787953799207291815,5376293179073,0,0,0,0
rx,364,163,1,1,1787953799209477852,1787953799208450019,5376294285850,0,0,0,0
rx,365,164,1,1,1787953799210579389,1787953799209949963,5376295387369,0,0,0,0
rx,366,165,1,1,1787953799211680056,1787953799211141908,5376296488073,0,0,0,0
tx,366,19,1,1,1787953799216039926,1787953799211141908,5376300848184,5376300881498,72,0,0
tx,366,29,1,1,1787953799226989593,1787953799211141908,5376311797850,5376311824128,72,0,0
tx,366,38,1,1,1787953799236764074,1787953799211141908,5376321572369,5376321604369,72,0,0
tx,366,47,1,1,1787953799246556296,1787953799211141908,5376331364535,5376331392573,72,0,0
tx,366,56,1,1,1787953799256350130,1787953799211141908,5376341158369,5376341184091,72,0,0
tx,366,65,1,1,1787953799266124889,1787953799211141908,5376350933147,5376350958795,72,0,0
tx,366,75,1,1,1787953799276992333,1787953799211141908,5376361800591,5376361825665,72,0,0
tx,366,84,1,1,1787953799286838833,1787953799211141908,5376371647072,5376371679943,72,0,0
tx,366,93,1,1,1787953799296645611,1787953799211141908,5376381453869,5376381480202,72,0,0
rx,367,166,1,1,1787953799306476000,1787953799305961056,5376391283998,0,0,0,0
tx,367,102,1,1,1787953799306485037,1787953799305961056,5376391293295,5376391323887,72,0,0
rx,368,167,1,1,1787953799307670204,1787953799307156019,5376392478202,0,0,0,0
rx,369,168,1,1,1787953799308772963,1787953799308391704,5376393580980,0,0,0,0
rx,370,169,1,1,1787953799309866870,1787953799309556852,5376394674887,0,0,0,0
rx,371,170,1,1,1787953799310958019,1787953799310712333,5376395766017,0,0,0,0
rx,372,171,1,1,1787953799312049278,1787953799311923704,5376396857276,0,0,0,0
tx,372,111,1,1,1787953799316401796,1787953799311923704,5376401210035,5376401241054,72,0,0
tx,372,120,1,1,1787953799326248352,1787953799311923704,5376411056591,5376411082628,72,0,0
tx,372,129,1,1,1787953799336085352,1787953799311923704,5376420893610,5376420927184,72,0,0
tx,372,139,1,1,1787953799346973241,1787953799311923704,5376431781480,5376431811665,72,0,0
tx,372,148,1,1,1787953799356773630,1787953799311923704,5376441581887,5376441608295,72,0,0
tx,372,157,1,1,1787953799366555852,1787953799311923704,5376451364109,5376451389147,72,0,0
tx,372,166,1,1,1787953799376380741,1787953799311923704,5376461188980,5376461215165,72,0,0
tx,372,175,1,1,1787953799386193481,1787953799311923704,5376471001776,5376471033406,72,0,0
tx,372,185,1,1,1787953799397076315,1787953799311923704,5376481884572,5376481912035,72,0,0
tx,372,195,1,1,1787953799407946741,1787953799311923704,5376492754998,5376492780128,72,0,0
rx,374,173,1,1,1787953799409061481,1787953799408411852,5376493869498,0,0,0,0
rx,375,174,1,1,1787953799410158241,1787953799409587889,5376494966258,0,0,0,0
rx,376,175,1,1,1787953799411257926,1787953799410814037,5376496065943,0,0,0,0
rx,377,176,1,1,1787953799412352722,1787953799412014852,5376497160721,0,0,0,0
rx,378,177,1,1,1787953799413444111,1787953799413165926,5376498252109,0,0,0,0
rx,379,178,1,1,1787953799414534926,1787953799414330611,5376499342887,0,0,0,0
rx,380,179,1,1,1787953799415644500,1787953799415535556,5376500452498,0,0,0,0
tx,380,3,1,1,1787953799417832981,1787953799415535556,5376502641239,5376502670665,72,0,0
tx,380,12,1,1,1787953799427707870,1787953799415535556,5376512516128,5376512543498,72,0,0
tx,380,21,1,1,1787953799437522593,1787953799415535556,5376522330850,5376522362369,72,0,0
tx,380,30,1,1,1787953799447323981,1787953799415535556,5376532132221,5376532160313,72,0,0
tx,380,39,1,1,1787953799457117370,1787953799415535556,5376541925609,5376541952832,72,0,0
tx,380,49,1,1,1787953799467999981,1787953799415535556,5376552808221,5376552836239,72,0,0
tx,380,58,1,1,1787953799477787722,1787953799415535556,5376562595961,5376562621276,72,0,0
tx,380,67,1,1,1787953799487594796,1787953799415535556,5376572403054,5376572433443,72,0,0
tx,380,76,1,1,1787953799497398870,1787953799415535556,5376582207128,5376582241295,72,0,0
tx,380,85,1,1,1787953799507229778,1787953799415535556,5376592038035,5376592063146,72,0,0
rx,381,180,1,1,1787953799511592074,1787953799510814889,5376596400091,0,0,0,0
rx,382,181,1,1,1787953799512693593,1787953799512396278,5376597501591,0,0,0,0
rx,383,182,1,1,1787953799513920389,1787953799513603315,5376598728387,0,0,0,0
rx,384,183,1,1,1787953799515071944,1787953799514810000,5376599879906,0,0,0,0
rx,385,184,1,1,1787953799516205537,1787953799515974704,5376601013535,0,0,0,0
rx,386,185,1,1,1787953799517438778,1787953799517192981,5376602246776,0,0,0,0
tx,386,94,1,1,1787953799517446833,1787953799517192981,5376602255128,5376602288887,72,0,0
rx,387,186,1,1,1787953799518643741,1787953799518371481,5376603451739,0,0,0,0
tx,387,103,1,1,1787953799527353981,1787953799518371481,5376612162239,5376612190646,72,0,0
tx,387,112,1,1,1787953799537212167,1787953799518371481,5376622020424,5376622050906,72,0,0
tx,387,121,1,1,1787953799547016889,1787953799518371481,5376631825146,5376631853702,72,0,0
tx,387,131,1,1,1787953799557895852,1787953799518371481,5376642704091,5376642730387,72,0,0
tx,387,140,1,1,1787953799567673704,1787953799518371481,5376652481961,5376652506887,72,0,0
tx,387,149,1,1,1787953799577460389,1787953799518371481,5376662268628,5376662293832,72,0,0
tx,387,158,1,1,1787953799587232870,1787953799518371481,5376672041128,5376672070128,72,0,0
tx,387,167,1,1,1787953799597013370,1787953799518371481,5376681821628,5376681847832,72,0,0
tx,387,177,1,1,1787953799607909759,1787953799518371481,5376692718017,5376692743498,72,0,0
rx,388,187,1,1,1787953799613512055,1787953799613136907,5376698320054,0,0,0,0
rx,389,188,1,1,1787953799614616926,1787953799614241259,5376699424924,0,0,0,0
rx,390,189,1,1,1787953799615718074,1787953799615451407,5376700526072,0,0,0,0
rx,391,190,1,1,1787953799616817167,1787953799616519407,5376701625183,0,0,0,0
rx,392,191,1,1,1787953799617916407,1787953799617662426,5376702724387,0,0,0,0
tx,392,186,1,1,1787953799617924555,1787953799617662426,5376702732813,5376702763924,72,0,0
rx,393,192,1,1,1787953799619120592,1787953799618760481,5376703928591,0,0,0,0
tx,393,195,1,1,1787953799627822555,1787953799618760481,5376712630850,5376712664443,72,0,0
tx,393,3,1,1,1787953799637711352,1787953799618760481,5376722519591,5376722547109,72,0,0
tx,393,12,1,1,1787953799647510055,1787953799618760481,5376732318313,5376732349239,72,0,0
tx,393,21,1,1,1787953799657301907,1787953799618760481,5376742110146,5376742136720,72,0,0
tx,393,30,1,1,1787953799667102759,1787953799618760481,5376751911017,5376751938554,72,0,0
tx,393,40,1,1,1787953799677967592,1787953799618760481,5376762775850,5376762801387,72,0,0
tx,393,49,1,1,1787953799687778185,1787953799618760481,5376772586498,5376772616813,72,0,0
tx,393,58,1,1,1787953799697574981,1787953799618760481,5376782383239,5376782409702,72,0,0
tx,393,67,1,1,1787953799707375352,1787953799618760481,5376792183609,5376792209517,72,0,0
rx,394,193,1,1,1787953799716114648,1787953799715697203,5376800922646,0,0,0,0
rx,395,194,1,1,1787953799717219796,1787953799716916722,5376802027794,0,0,0,0
tx,395,76,1,1,1787953799717227703,1787953799716916722,5376802035961,5376802070183,72,0,0
rx,396,195,1,1,1787953799718426148,1787953799718181815,5376803234146,0,0,0,0
rx,397,196,1,1,1787953799719641611,1787953799719410352,5376804449609,0,0,0,0
rx,398,197,1,1,1787953799721815370,1787953799720714907,5376806623387,0,0,0,0
rx,399,198,1,1,1787953799722976889,1787953799721954629,5376807784906,0,0,0,0
rx,400,199,1,1,1787953799724081481,1787953799723771555,5376808889443,0,0,0,0
tx,400,85,1,1,1787953799727365741,1787953799723771555,5376812173998,5376812207035,72,0,0
tx,400,94,1,1,1787953799737255129,1787953799723771555,5376822063387,5376822102146,72,0,0
tx,400,103,1,1,1787953799747093703,1787953799723771555,5376831901961,5376831960517,72,0,0
tx,400,113,1,1,1787953799758004741,1787953799723771555,5376842812980,5376842839331,72,0,0
tx,400,122,1,1,1787953799767786278,1787953799723771555,5376852594517,5376852619313,72,0,0
tx,400,131,1,1,1787953799777562222,1787953799723771555,5376862370480,5376862395961,72,0,0
tx,400,140,1,1,1787953799787388426,1787953799723771555,5376872196683,5376872228257,72,0,0
tx,400,149,1,1,1787953799797188796,1787953799723771555,5376881997035,5376882023628,72,0,0
tx,400,159,1,1,1787953799808048648,1787953799723771555,5376892856906,5376892883072,72,0,0
rx,401,200,1,1,1787953799818937278,1787953799818131315,5376903745276,0,0,0,0
tx,401,169,1,1,1787953799818946389,1787953799818131315,5376903754628,5376903785128,72,0,0
rx,402,0,1,1,1787953799820142074,1787953799819284240,5376904950091,0,0,0,0
rx,403,1,1,1,1787953799821248666,1787953799820360111,5376906056665,0,0,0,0
rx,404,2,1,1,1787953799822348944,1787953799821475870,5376907156887,0,0,0,0
tx,404,178,1,1,1787953799828918518,1787953799821475870,5376913726776,5376913762517,72,0,0
tx,404,187,1,1,1787953799838914777,1787953799821475870,5376923723017,5376923752350,72,0,0
tx,404,196,1,1,1787953799848696685,1787953799821475870,5376933504943,5376933533535,72,0,0
tx,404,4,1,1,1787953799858508018,1787953799821475870,5376943316276,5376943359868,72,0,0
tx,404,13,1,1,1787953799868278500,1787953799821475870,5376953086757,5376953115813,72,0,0
tx,404,22,1,1,1787953799878101315,1787953799821475870,5376962909554,5376962942313,72,0,0
tx,404,32,1,1,1787953799889016685,1787953799821475870,5376973824943,5376973852683,72,0,0
tx,404,42,1,1,1787953799899901759,1787953799821475870,5376984709998,5376984744183,72,0,0
tx,404,51,1,1,1787953799909700870,1787953799821475870,5376994509128,5376994534498,72,0,0
tx,404,60,1,1,1787953799919489722,1787953799821475870,5377004297961,5377004325480,72,0,0
rx,405,3,1,1,1787953799920819555,1787953799920419889,5377005627554,0,0,0,0
rx,406,4,1,1,1787953799921918500,1787953799921590333,5377006726498,0,0,0,0
rx,407,5,1,1,1787953799923047148,1787953799922807703,5377007855146,0,0,0,0
rx,408,6,1,1,1787953799924315277,1787953799924054518,5377009123294,0,0,0,0
rx,409,7,1,1,1787953799925443963,1787953799925235796,5377010251961,0,0,0,0
rx,410,8,1,1,1787953799926540944,1787953799926391926,5377011348961,0,0,0,0
rx,411,9,1,1,1787953799927634055,1787953799927571000,5377012442054,0,0,0,0
rx,412,10,1,1,1787953799929809963,1787953799928746759,5377014617942,0,0,0,0
tx,412,69,1,1,1787953799929817796,1787953799928746759,5377014626239,5377014666591,72,0,0
rx,413,11,1,1,1787953799931070685,1787953799930240389,5377015878683,0,0,0,0
rx,414,12,1,1,1787953799932318259,1787953799931498000,5377017126257,0,0,0,0
tx,414,78,1,1,1787953799939892148,1787953799931498000,5377024700424,5377024732980,72,0,0
tx,414,87,1,1,1787953799949728703,1787953799931498000,5377034536942,5377034564961,72,0,0
tx,414,96,1,1,1787953799959495148,1787953799931498000,5377044303405,5377044327979,72,0,0
tx,414,105,1,1,1787953799969255277,1787953799931498000,5377054063535,5377054088257,72,0,0
tx,414,114,1,1,1787953799979011203,1787953799931498000,5377063819442,5377063843368,72,0,0
tx,414,124,1,1,1787953799989914481,1787953799931498000,5377074722739,5377074753405,72,0,0
tx,414,133,1,1,1787953799999677481,1787953799931498000,5377084485739,5377084509887,72,0,0
tx,414,142,1,1,1787953800009432537,1787953799931498000,5377094240776,5377094265368,72,0,0
tx,414,151,1,1,1787953800019219777,1787953799931498000,5377104028035,5377104052442,72,0,0
rx,415,13,1,1,1787953800023594481,1787953800022749518,5377108402479,0,0,0,0
rx,416,14,1,1,1787953800024697333,1787953800023856685,5377109505313,0,0,0,0
rx,417,15,1,1,1787953800025798500,1787953800025009759,5377110606516,0,0,0,0
rx,418,16,1,1,1787953800026899277,1787953800026161407,5377111707276,0,0,0,0
rx,419,17,1,1,1787953800027999611,1787953800027300351,5377112807609,0,0,0,0
rx,420,18,1,1,1787953800029102000,1787953800028443240,5377113910016,0,0,0,0
tx,420,160,1,1,1787953800029114722,1787953800028443240,5377113923016,5377113957183,72,0,0
rx,421,19,1,1,1787953800030313111,1787953800029548481,5377115121128,0,0,0,0
tx,421,170,1,1,1787953800040081407,1787953800029548481,5377124889646,5377124921850,72,0,0
tx,421,180,1,1,1787953800050992629,1787953800029548481,5377135800887,5377135829516,72,0,0
tx,421,189,1,1,1787953800060754370,1787953800029548481,5377145562628,5377145587850,72,0,0
tx,421,198,1,1,1787953800070516907,1787953800029548481,5377155325165,5377155348998,72,0,0
tx,421,6,1,1,1787953800080318611,1787953800029548481,5377165126850,5377165155979,72,0,0
tx,421,15,1,1,1787953800090095463,1787953800029548481,5377174903702,5377174929331,72,0,0
tx,421,25,1,1,1787953800100947518,1787953800029548481,5377185755757,5377185780961,72,0,0
tx,421,34,1,1,1787953800110705277,1787953800029548481,5377195513535,5377195537553,72,0,0
tx,421,43,1,1,1787953800120462148,1787953800029548481,5377205270405,5377205294091,72,0,0
rx,422,20,1,1,1787953800125902963,1787953800125183166,5377210710961,0,0,0,0
rx,423,21,1,1,1787953800127009018,1787953800126285481,5377211817016,0,0,0,0
rx,424,22,1,1,1787953800128103444,1787953800127414759,5377212911442,0,0,0,0
rx,425,23,1,1,1787953800129195555,1787953800128503888,5377214003553,0,0,0,0
rx,426,24,1,1,1787953800130286351,1787953800129620518,5377215094350,0,0,0,0
tx,426,52,1,1,1787953800130293963,1787953800129620518,5377215102220,5377215135924,72,0,0
rx,427,25,1,1,1787953800131479703,1787953800130756092,5377216287702,0,0,0,0
rx,428,26,1,1,1787953800132583666,1787953800131866425,5377217391683,0,0,0,0
tx,428,61,1,1,1787953800140166074,1787953800131866425,5377224974331,5377225003535,72,0,0
tx,428,71,1,1,1787953800151067796,1787953800131866425,5377235876053,5377235903072,72,0,0
tx,428,81,1,1,1787953800161940203,1787953800131866425,5377246748461,5377246772702,72,0,0
tx,428,90,1,1,1787953800171696222,1787953800131866425,5377256504479,5377256528590,72,0,0
tx,428,99,1,1,1787953800181459888,1787953800131866425,5377266268146,5377266295665,72,0,0
tx,428,108,1,1,1787953800191245555,1787953800131866425,5377276053813,5377276079276,72,0,0
tx,428,118,1,1,1787953800202086074,1787953800131866425,5377286894313,5377286917813,72,0,0
tx,428,128,1,1,1787953800212952944,1787953800131866425,5377297761202,5377297785239,72,0,0
tx,428,137,1,1,1787953800222714574,1787953800131866425,5377307522831,5377307546461,72,0,0
rx,429,27,1,1,1787953800228176555,1787953800227558814,5377312984553,0,0,0,0
rx,430,28,1,1,1787953800229270388,1787953800228640092,5377314078405,0,0,0,0
rx,431,29,1,1,1787953800230365685,1787953800229784944,5377315173702,0,0,0,0
rx,432,30,1,1,1787953800231469444,1787953800230891629,5377316277442,0,0,0,0
rx,433,31,1,1,1787953800232570333,1787953800232014407,5377317378350,0,0,0,0
tx,433,146,1,1,1787953800232578592,1787953800232014407,5377317386942,5377317422442,72,0,0
rx,434,32,1,1,1787953800233767962,1787953800233136185,5377318575979,0,0,0,0
tx,434,155,1,1,1787953800242431074,1787953800233136185,5377327239331,5377327266553,72,0,0
tx,434,164,1,1,1787953800252245444,1787953800233136185,5377337053683,5377337081276,72,0,0
tx,434,174,1,1,1787953800263090777,1787953800233136185,5377347899016,5377347923627,72,0,0
tx,434,184,1,1,1787953800273930981,1787953800233136185,5377358739239,5377358763257,72,0,0
tx,434,193,1,1,1787953800283746574,1787953800233136185,5377368554813,5377368586720,72,0,0
tx,434,1,1,1,1787953800293513611,1787953800233136185,5377378321850,5377378345702,72,0,0
tx,434,10,1,1,1787953800303273574,1787953800233136185,5377388081831,5377388105368,72,0,0
tx,434,19,1,1,1787953800313028333,1787953800233136185,5377397836590,5377397860146,72,0,0
tx,434,29,1,1,1787953800323865148,1787953800233136185,5377408673405,5377408696627,72,0,0
rx,435,33,1,1,1787953800330423592,1787953800329924351,5377415231590,0,0,0,0
rx,436,34,1,1,1787953800331516499,1787953800331051111,5377416324479,0,0,0,0
rx,437,35,1,1,1787953800332607240,1787953800332175777,5377417415257,0,0,0,0
rx,438,36,1,1,1787953800333711259,1787953800333298962,5377418519276,0,0,0,0
tx,438,38,1,1,1787953800333719703,1787953800333298962,5377418527961,5377418562683,72,0,0
rx,439,37,1,1,1787953800334906870,1787953800334455129,5377419714887,0,0,0,0
rx,440,38,1,1,1787953800336003573,1787953800335542462,5377420811590,0,0,0,0
rx,441,39,1,1,1787953800337094981,1787953800336648907,5377421902979,0,0,0,0
tx,441,47,1,1,1787953800343594055,1787953800336648907,5377428402294,5377428431553,72,0,0
tx,441,56,1,1,1787953800353415611,1787953800336648907,5377438223850,5377438249646,72,0,0
tx,441,65,1,1,1787953800363229055,1787953800336648907,5377448037313,5377448061868,72,0,0
tx,441,75,1,1,1787953800374065999,1787953800336648907,5377458874239,5377458899294,72,0,0
tx,441,85,1,1,1787953800384928111,1787953800336648907,5377469736368,5377469767405,72,0,0
tx,441,94,1,1,1787953800394697444,1787953800336648907,5377479505701,5377479530127,72,0,0
tx,441,103,1,1,1787953800404454703,1787953800336648907,5377489262961,5377489286609,72,0,0
tx,441,112,1,1,1787953800414211703,1787953800336648907,5377499019961,5377499044553,72,0,0
tx,441,122,1,1,1787953800425064499,1787953800336648907,5377509872757,5377509900720,72,0,0
rx,442,40,1,1,1787953800432700851,1787953800432347277,5377517508850,0,0,0,0
rx,443,41,1,1,1787953800433800240,1787953800433453203,5377518608257,0,0,0,0
rx,445,43,1,1,1787953800435978685,1787953800435717759,5377520786701,0,0,0,0
tx,445,132,1,1,1787953800435986407,1787953800435717759,5377520794646,5377520825516,72,0,0
rx,446,44,1,1,1787953800437168777,1787953800436830499,5377521976794,0,0,0,0
rx,447,45,1,1,1787953800438259703,1787953800437946814,5377523067701,0,0,0,0
rx,448,46,1,1,1787953800439351536,1787953800439100314,5377524159553,0,0,0,0
tx,448,141,1,1,1787953800445849407,1787953800439100314,5377530657664,5377530685998,72,0,0
tx,448,150,1,1,1787953800455665018,1787953800439100314,5377540473257,5377540498164,72,0,0
tx,448,159,1,1,1787953800465421777,1787953800439100314,5377550230016,5377550254127,72,0,0
tx,448,168,1,1,1787953800475183462,1787953800439100314,5377559991701,5377560047942,72,0,0
tx,448,178,1,1,1787953800486070481,1787953800439100314,5377570878738,5377570905794,72,0,0
tx,448,188,1,1,1787953800496916925,1787953800439100314,5377581725164,5377581748850,72,0,0
tx,448,197,1,1,1787953800506672610,1787953800439100314,5377591480850,5377591504238,72,0,0
tx,448,5,1,1,1787953800516426388,1787953800439100314,5377601234627,5377601257535,72,0,0
tx,448,14,1,1,1787953800526205166,1787953800439100314,5377611013405,5377611037164,72,0,0
rx,449,47,1,1,1787953800534918555,1787953800534795333,5377619726553,0,0,0,0
rx,450,48,1,1,1787953800536016092,1787953800535893444,5377620824090,0,0,0,0
tx,450,23,1,1,1787953800536023796,1787953800535893444,5377620832035,5377620863572,72,0,0
rx,451,49,1,1,1787953800537211796,1787953800536986907,5377622019812,0,0,0,0
rx,452,50,1,1,1787953800538306129,1787953800538094925,5377623114146,0,0,0,0
rx,453,51,1,1,1787953800539397351,1787953800539215222,5377624205331,0,0,0,0
rx,454,52,1,1,1787953800541578703,1787953800540528833,5377626386720,0,0,0,0
rx,455,53,1,1,1787953800542669462,1787953800541647055,5377627477479,0,0,0,0
tx,455,33,1,1,1787953800547008796,1787953800541647055,5377631817035,5377631845220,72,0,0
tx,455,42,1,1,1787953800556823536,1787953800541647055,5377641631775,5377641656812,72,0,0
tx,455,51,1,1,1787953800566580351,1787953800541647055,5377651388609,5377651411887,72,0,0
tx,455,60,1,1,1787953800576342944,1787953800541647055,5377661151201,5377661175831,72,0,0
tx,455,69,1,1,1787953800586118221,1787953800541647055,5377670926461,5377670955368,72,0,0
tx,455,79,1,1,1787953800596959666,1787953800541647055,5377681767924,5377681791238,72,0,0
tx,455,88,1,1,1787953800606714092,1787953800541647055,5377691522349,5377691545442,72,0,0
tx,455,97,1,1,1787953800616484203,1787953800541647055,5377701292461,5377701339775,72,0,0
tx,455,106,1,1,1787953800626298610,1787953800541647055,5377711106868,5377711134887,72,0,0
tx,455,115,1,1,1787953800636075629,1787953800541647055,5377720883887,5377720910201,72,0,0
rx,456,54,1,1,1787953800638300870,1787953800637293407,5377723108868,0,0,0,0
rx,457,55,1,1,1787953800639393647,1787953800638554981,5377724201627,0,0,0,0
rx,458,56,1,1,1787953800640485018,1787953800639864147,5377725293016,0,0,0,0
rx,459,57,1,1,1787953800641577666,1787953800641080610,5377726385646,0,0,0,0
rx,460,58,1,1,1787953800642672814,1787953800642325018,5377727480831,0,0,0,0
rx,461,59,1,1,1787953800644854110,1787953800643840018,5377729662127,0,0,0,0
rx,462,60,1,1,1787953800645944629,1787953800645072314,5377730752627,0,0,0,0
tx,462,125,1,1,1787953800647032925,1787953800645072314,5377731841164,5377731869961,72,0,0
tx,462,135,1,1,1787953800657954407,1787953800645072314,5377742762664,5377742789849,72,0,0
tx,462,144,1,1,1787953800667717314,1787953800645072314,5377752525553,5377752549775,72,0,0
tx,462,153,1,1,1787953800677510407,1787953800645072314,5377762318664,5377762348349,72,0,0
tx,462,162,1,1,1787953800687291925,1787953800645072314,5377772100183,5377772125998,72,0,0
tx,462,171,1,1,1787953800697056814,1787953800645072314,5377781865072,5377781889275,72,0,0
tx,462,181,1,1,1787953800707898333,1787953800645072314,5377792706590,5377792730146,72,0,0
tx,462,190,1,1,1787953800717651536,1787953800645072314,5377802459775,5377802482923,72,0,0
tx,462,199,1,1,1787953800727440092,1787953800645072314,5377812248349,5377812276905,72,0,0
tx,462,7,1,1,1787953800737259740,1787953800645072314,5377822067998,5377822117331,72,0,0
rx,463,61,1,1,1787953800740564666,1787953800739531221,5377825372664,0,0,0,0
rx,464,62,1,1,1787953800741670962,1787953800740625129,5377826478961,0,0,0,0
rx,465,63,1,1,1787953800742814129,1787953800741750221,5377827622109,0,0,0,0
rx,466,64,1,1,1787953800743937462,1787953800742906610,5377828745479,0,0,0,0
rx,467,65,1,1,1787953800745065962,1787953800744020407,5377829873961,0,0,0,0
rx,468,66,1,1,1787953800746158240,1787953800745154221,5377830966238,0,0,0,0
tx,468,16,1,1,1787953800747283221,1787953800745154221,5377832091590,5377832120294,72,0,0
tx,468,25,1,1,1787953800757142258,1787953800745154221,5377841950498,5377841975627,72,0,0
tx,468,35,1,1,1787953800767978907,1787953800745154221,5377852787164,5377852811257,72,0,0
tx,468,44,1,1,1787953800777743647,1787953800745154221,5377862551886,5377862577294,72,0,0
tx,468,53,1,1,1787953800787534536,1787953800745154221,5377872342979,5377872375553,72,0,0
tx,468,62,1,1,1787953800797299407,1787953800745154221,5377882107664,5377882131368,72,0,0
tx,468,71,1,1,1787953800807064055,1787953800745154221,5377891872294,5377891897386,72,0,0
tx,468,81,1,1,1787953800817905795,1787953800745154221,5377902714053,5377902737794,72,0,0
tx,468,90,1,1,1787953800827696240,1787953800745154221,5377912504553,5377912533201,72,0,0
tx,468,99,1,1,1787953800837472647,1787953800745154221,5377922280905,5377922307757,72,0,0
rx,469,67,1,1,1787953800842968425,1787953800841986166,5377927776423,0,0,0,0
rx,470,68,1,1,1787953800844106851,1787953800843045925,5377928914849,0,0,0,0
rx,471,69,1,1,1787953800845248203,1787953800844198055,5377930056183,0,0,0,0
rx,472,70,1,1,1787953800846368999,1787953800845339018,5377931176997,0,0,0,0
rx,473,71,1,1,1787953800847486425,1787953800846452258,5377932294442,0,0,0,0
tx,473,108,1,1,1787953800847493925,1787953800846452258,5377932302220,5377932331646,72,0,0
rx,474,72,1,1,1787953800848841851,1787953800847568499,5377933649812,0,0,0,0
rx,475,73,1,1,1787953800849939647,1787953800848956221,5377934747664,0,0,0,0
tx,475,117,1,1,1787953800857533888,1787953800848956221,5377942342146,5377942383183,72,0,0
tx,475,126,1,1,1787953800867409740,1787953800848956221,5377952217997,5377952250183,72,0,0
tx,475,135,1,1,1787953800877187147,1787953800848956221,5377961995405,5377962025701,72,0,0
tx,475,145,1,1,1787953800888051147,1787953800848956221,5377972859405,5377972885997,72,0,0
tx,475,155,1,1,1787953800898940147,1787953800848956221,5377983748405,5377983772757,72,0,0
tx,475,164,1,1,1787953800908702092,1787953800848956221,5377993510349,5377993534090,72,0,0
tx,475,173,1,1,1787953800918462369,1787953800848956221,5378003270627,5378003294201,72,0,0
tx,475,182,1,1,1787953800928225332,1787953800848956221,5378013033572,5378013063646,72,0,0
tx,475,192,1,1,1787953800939094629,1787953800848956221,5378023902886,5378023929683,72,0,0
rx,476,74,1,1,1787953800944534258,1787953800944326314,5378029342275,0,0,0,0
rx,477,75,1,1,1787953800945627869,1787953800945453944,5378030435868,0,0,0,0
rx,478,76,1,1,1787953800946728129,1787953800946602425,5378031536127,0,0,0,0
rx,479,77,1,1,1787953800947825092,1787953800947688832,5378032633072,0,0,0,0
rx,480,78,1,1,1787953800948919147,1787953800948812425,5378033727164,0,0,0,0
rx,481,79,1,1,1787953800950028092,1787953800949943684,5378034836090,0,0,0,0
tx,481,1,1,1,1787953800950035758,1787953800949943684,5378034843997,5378034878034,72,0,0
rx,482,80,1,1,1787953800951234981,1787953800951046499,5378036042997,0,0,0,0
tx,482,11,1,1,1787953800960981369,1787953800951046499,5378045789627,5378045815627,72,0,0
tx,482,20,1,1,1787953800970815314,1787953800951046499,5378055623553,5378055650090,72,0,0
tx,482,29,1,1,1787953800980584962,1787953800951046499,5378065393201,5378065420609,72,0,0
tx,482,38,1,1,1787953800990363888,1787953800951046499,5378075172146,5378075197331,72,0,0
tx,482,47,1,1,1787953801000122981,1787953800951046499,5378084931220,5378084954849,72,0,0
tx,482,57,1,1,1787953801010971166,1787953800951046499,5378095779423,5378095825720,72,0,0
tx,482,66,1,1,1787953801020759518,1787953800951046499,5378105567757,5378105595294,72,0,0
tx,482,75,1,1,1787953801030521721,1787953800951046499,5378115329960,5378115354497,72,0,0
tx,482,84,1,1,1787953801040297480,1787953800951046499,5378125105720,5378125130997,72,0,0
rx,483,81,1,1,1787953801046846406,1787953801046746814,5378131654405,0,0,0,0
rx,484,82,1,1,1787953801047946610,1787953801047851203,5378132754627,0,0,0,0
rx,485,83,1,1,1787953801049079443,1787953801048996388,5378133887423,0,0,0,0
tx,485,93,1,1,1787953801050180962,1787953801048996388,5378134989201,5378135020460,72,0,0
rx,486,84,1,0,1787953801051406536,1787953801050298629,5378136214534,0,0,0,0
rx,487,85,1,1,1787953801051613499,1787953801051279055,5378136421460,0,0,0,0
rx,488,86,1,1,1787953801052721425,1787953801052364869,5378137529423,0,0,0,0
rx,489,87,1,1,1787953801053821258,1787953801053478462,5378138629238,0,0,0,0
tx,489,102,1,1,1787953801060345536,1787953801053478462,5378145153812,5378145188849,72,0,0
tx,489,111,1,1,1787953801070184888,1787953801053478462,5378154993146,5378155017979,72,0,0
tx,489,121,1,1,1787953801081030388,1787953801053478462,5378165838627,5378165868312,72,0,0
tx,489,131,1,1,1787953801091903832,1787953801053478462,5378176712090,5378176740053,72,0,0
tx,489,140,1,1,1787953801101683314,1787953801053478462,5378186491553,5378186516275,72,0,0
tx,489,149,1,1,1787953801111467369,1787953801053478462,5378196275627,5378196303460,72,0,0
tx,489,158,1,1,1787953801121229017,1787953801053478462,5378206037275,5378206061553,72,0,0
tx,489,168,1,1,1787953801132070240,1787953801053478462,5378216878497,5378216906997,72,0,0
tx,489,178,1,1,1787953801142934314,1787953801053478462,5378227742553,5378227768979,72,0,0
rx,490,88,1,1,1787953801149485388,1787953801149116017,5378234293386,0,0,0,0
rx,491,89,1,1,1787953801150603906,1787953801150271203,5378235411923,0,0,0,0
rx,492,90,1,1,1787953801151718703,1787953801151426314,5378236526720,0,0,0,0
rx,493,91,1,1,1787953801152834295,1787953801152550092,5378237642275,0,0,0,0
tx,493,187,1,1,1787953801152841999,1787953801152550092,5378237650257,5378237686608,72,0,0
rx,494,92,1,1,1787953801154043554,1787953801153674758,5378238851553,0,0,0,0
rx,495,93,1,1,1787953801155144684,1787953801154789017,5378239952682,0,0,0,0
rx,496,94,1,1,1787953801156276684,1787953801155941906,5378241084701,0,0,0,0
tx,496,196,1,1,1787953801162785999,1787953801155941906,5378247594312,5378247624923,72,0,0
tx,496,4,1,1,1787953801172631221,1787953801155941906,5378257439479,5378257469294,72,0,0
tx,496,13,1,1,1787953801182398554,1787953801155941906,5378267206812,5378267233220,72,0,0
tx,496,22,1,1,1787953801192179554,1787953801155941906,5378276987812,5378277015145,72,0,0
tx,496,32,1,1,1787953801203018721,1787953801155941906,5378287826960,5378287851275,72,0,0
tx,496,42,1,1,1787953801213895295,1787953801155941906,5378298703553,5378298727368,72,0,0
tx,496,51,1,1,1787953801223653647,1787953801155941906,5378308461886,5378308489257,72,0,0
tx,496,60,1,1,1787953801233410166,1787953801155941906,5378318218405,5378318242331,72,0,0
tx,496,69,1,1,1787953801243181462,1787953801155941906,5378327989701,5378328039812,72,0,0
rx,497,95,1,1,1787953801251999943,1787953801251718054,5378336807942,0,0,0,0
rx,498,96,1,1,1787953801253105684,1787953801252858369,5378337913682,0,0,0,0
tx,498,78,1,1,1787953801253117869,1787953801252858369,5378337926108,5378337960053,72,0,0
rx,499,97,1,1,1787953801254313221,1787953801253945832,5378339121238,0,0,0,0
rx,500,98,1,1,1787953801255403184,1787953801255060073,5378340211164,0,0,0,0
rx,501,99,1,1,1787953801256489814,1787953801256178740,5378341297812,0,0,0,0
rx,502,100,1,1,1787953801257588573,1787953801257296517,5378342396590,0,0,0,0
rx,503,101,1,1,1787953801258680925,1787953801258416091,5378343488923,0,0,0,0
tx,503,87,1,1,1787953801263038073,1787953801258416091,5378347846331,5378347875757,72,0,0
tx,503,97,1,1,1787953801274050740,1787953801258416091,5378358858997,5378358891219,72,0,0
tx,503,107,1,1,1787953801284904295,1787953801258416091,5378369712553,5378369737405,72,0,0
tx,503,116,1,1,1787953801294703073,1787953801258416091,5378379511331,5378379539071,72,0,0
tx,503,125,1,1,1787953801304482591,1787953801258416091,5378389290831,5378389315812,72,0,0
tx,503,134,1,1,1787953801314256221,1787953801258416091,5378399064479,5378399090368,72,0,0
tx,503,143,1,1,1787953801324054925,1787953801258416091,5378408863182,5378408893831,72,0,0
tx,503,153,1,1,1787953801334957573,1787953801258416091,5378419765812,5378419792293,72,0,0
tx,503,162,1,1,1787953801344766610,1787953801258416091,5378429574868,5378429601368,72,0,0
rx,504,102,1,1,1787953801354585388,1787953801353974628,5378439393386,0,0,0,0
tx,504,171,1,1,1787953801354594240,1787953801353974628,5378439402479,5378439437831,72,0,0
rx,505,103,1,1,1787953801355792684,1787953801355087054,5378440600627,0,0,0,0
rx,506,104,1,1,1787953801356894054,1787953801356220517,5378441702034,0,0,0,0
rx,507,105,1,1,1787953801357994165,1787953801357362536,5378442802164,0,0,0,0
rx,508,106,1,1,1787953801359103036,1787953801358461017,5378443911053,0,0,0,0
rx,509,107,1,1,1787953801360207740,1787953801359583258,5378445015738,0,0,0,0
tx,509,180,1,1,1787953801364559554,1787953801359583258,5378449367793,5378449400090,72,0,0
tx,509,189,1,1,1787953801374412573,1787953801359583258,5378459220831,5378459252460,72,0,0
tx,509,198,1,1,1787953801384196369,1787953801359583258,5378469004608,5378469031331,72,0,0
tx,509,7,1,1,1787953801395088202,1787953801359583258,5378479896460,5378479924386,72,0,0
tx,509,17,1,1,1787953801405969406,1787953801359583258,5378490777645,5378490803960,72,0,0
tx,509,26,1,1,1787953801415749147,1787953801359583258,5378500557386,5378500583164,72,0,0
tx,509,35,1,1,1787953801425536202,1787953801359583258,5378510344460,5378510373942,72,0,0
tx,509,44,1,1,1787953801435355073,1787953801359583258,5378520163312,5378520189442,72,0,0
tx,509,53,1,1,1787953801445151536,1787953801359583258,5378529959793,5378529986460,72,0,0
tx,509,63,1,1,1787953801456041499,1787953801359583258,5378540849756,5378540878960,72,0,0
rx,510,108,1,1,1787953801457169443,1787953801456445906,5378541977442,0,0,0,0
rx,511,109,1,1,1787953801458270443,1787953801457677239,5378543078442,0,0,0,0
rx,512,110,1,1,1787953801459369721,1787953801458812739,5378544177627,0,0,0,0
rx,513,111,1,1,1787953801460467925,1787953801460038165,5378545275923,0,0,0,0
rx,514,112,1,1,1787953801461572906,1787953801461209832,5378546380905,0,0,0,0
rx,515,113,1,1,1787953801462674536,1787953801462344258,5378547482534,0,0,0,0
tx,515,73,1,1,1787953801467034332,1787953801462344258,5378551842590,5378551875293,72,0,0
tx,515,83,1,1,1787953801477996925,1787953801462344258,5378562805182,5378562834682,72,0,0
tx,515,92,1,1,1787953801487792573,1787953801462344258,5378572600830,5378572628201,72,0,0
tx,515,101,1,1,1787953801497582147,1787953801462344258,5378582390405,5378582416849,72,0,0
tx,515,110,1,1,1787953801507363610,1787953801462344258,5378592171849,5378592197997,72,0,0
tx,515,119,1,1,1787953801517146739,1787953801462344258,5378601954979,5378601980738,72,0,0
tx,515,129,1,1,1787953801528030406,1787953801462344258,5378612838664,5378612867275,72,0,0
tx,515,139,1,1,1787953801538917573,1787953801462344258,5378623725830,5378623752979,72,0,0
tx,515,148,1,1,1787953801548702425,1787953801462344258,5378633510682,5378633535645,72,0,0
tx,515,157,1,1,1787953801558495295,1787953801462344258,5378643303553,5378643331312,72,0,0
rx,517,115,1,1,1787953801559671962,1787953801558988258,5378644479979,0,0,0,0
rx,518,116,1,1,1787953801560772962,1787953801560188239,5378645580979,0,0,0,0
rx,519,117,1,1,1787953801563033017,1787953801561908925,5378647840997,0,0,0,0
rx,520,118,1,1,1787953801564215054,1787953801563118073,5378649023034,0,0,0,0
rx,521,119,1,1,1787953801565319628,1787953801564301610,5378650127645,0,0,0,0
rx,522,120,1,1,1787953801566523351,1787953801565524851,5378651331312,0,0,0,0
rx,523,121,1,1,1787953801567677906,1787953801566661573,5378652485923,0,0,0,0
tx,523,166,1,1,1787953801568777499,1787953801566661573,5378653585738,5378653624330,72,0,0
tx,523,175,1,1,1787953801578655073,1787953801566661573,5378663463330,5378663488830,72,0,0
tx,523,184,1,1,1787953801588458536,1787953801566661573,5378673266775,5378673294312,72,0,0
tx,523,193,1,1,1787953801598263962,1787953801566661573,5378683072219,5378683098756,72,0,0
tx,523,1,1,1,1787953801608044758,1787953801566661573,5378692853016,5378692887479,72,0,0
tx,523,11,1,1,1787953801618922054,1787953801566661573,5378703730312,5378703755775,72,0,0
tx,523,20,1,1,1787953801628743758,1787953801566661573,5378713551997,5378713582238,72,0,0
tx,523,29,1,1,1787953801638579999,1787953801566661573,5378723388275,5378723415904,72,0,0
tx,523,38,1,1,1787953801648380239,1787953801566661573,5378733188478,5378733215330,72,0,0
tx,523,47,1,1,1787953801658167536,1787953801566661573,5378742975793,5378743004164,72,0,0
rx,524,122,1,1,1787953801661596110,1787953801661177276,5378746404127,0,0,0,0
rx,525,123,1,1,1787953801662695239,1787953801662369702,5378747503256,0,0,0,0
rx,526,124,1,1,1787953801663790350,1787953801663628610,5378748598330,0,0,0,0
rx,527,125,1,1,1787953801664906980,1787953801664813721,5378749714997,0,0,0,0
rx,528,126,1,1,1787953801666040647,1787953801665956999,5378750848627,0,0,0,0
rx,529,127,1,1,1787953801667223462,1787953801667122665,5378752031460,0,0,0,0
rx,530,128,1,1,1787953801668353980,1787953801668271369,5378753161978,0,0,0,0
tx,530,56,1,1,1787953801668362739,1787953801668271369,5378753171367,5378753203886,72,0,0
tx,530,65,1,1,1787953801678245795,1787953801668271369,5378763054034,5378763088275,72,0,0
tx,530,74,1,1,1787953801688040258,1787953801668271369,5378772848497,5378772875349,72,0,0
tx,530,84,1,1,1787953801698884980,1787953801668271369,5378783693219,5378783717201,72,0,0
tx,530,93,1,1,1787953801708645813,1787953801668271369,5378793454071,5378793477941,72,0,0
tx,530,102,1,1,1787953801718404128,1787953801668271369,5378803212386,5378803235849,72,0,0
tx,530,111,1,1,1787953801728174276,1787953801668271369,5378812982534,5378813008886,72,0,0
tx,530,121,1,1,1787953801739061387,1787953801668271369,5378823869645,5378823896515,72,0,0
tx,530,131,1,1,1787953801749903517,1787953801668271369,5378834711756,5378834735923,72,0,0
tx,530,140,1,1,1787953801759671739,1787953801668271369,5378844479978,5378844527886,72,0,0
rx,531,129,1,1,1787953801764052184,1787953801763630869,5378848860164,0,0,0,0
rx,532,130,1,1,1787953801765144517,1787953801764764369,5378849952534,0,0,0,0
rx,533,131,1,1,1787953801766235943,1787953801766083850,5378851043923,0,0,0,0
rx,534,132,1,1,1787953801768503054,1787953801767494776,5378853311052,0,0,0,0
rx,535,133,1,1,1787953801769605591,1787953801768580091,5378854413590,0,0,0,0
tx,535,149,1,1,1787953801769613832,1787953801768580091,5378854422090,5378854454886,72,0,0
rx,536,134,1,1,1787953801770806406,1787953801770000999,5378855614404,0,0,0,0
rx,537,135,1,1,1787953801771899313,1787953801771117684,5378856707330,0,0,0,0
tx,537,158,1,1,1787953801779481721,1787953801771117684,5378864289978,5378864318830,72,0,0
tx,537,167,1,1,1787953801789333758,1787953801771117684,5378874141997,5378874167978,72,0,0
tx,537,176,1,1,1787953801799095758,1787953801771117684,5378883904015,5378883928275,72,0,0
tx,537,186,1,1,1787953801809937128,1787953801771117684,5378894745386,5378894769775,72,0,0
tx,537,195,1,1,1787953801819711239,1787953801771117684,5378904519478,5378904552960,72,0,0
tx,537,3,1,1,1787953801829551776,1787953801771117684,5378914360034,5378914384589,72,0,0
tx,537,12,1,1,1787953801839330536,1787953801771117684,5378924138793,5378924167201,72,0,0
tx,537,21,1,1,1787953801849099869,1787953801771117684,5378933908108,5378933932460,72,0,0
tx,537,31,1,1,1787953801859966332,1787953801771117684,5378944774589,5378944812441,72,0,0
rx,538,136,1,1,1787953801866517091,1787953801866041091,5378951325108,0,0,0,0
rx,539,137,1,1,1787953801867614739,1787953801867164147,5378952422756,0,0,0,0
rx,540,138,1,1,1787953801868707295,1787953801868384739,5378953515312,0,0,0,0
rx,541,139,1,1,1787953801869798443,1787953801869648295,5378954606441,0,0,0,0
tx,541,40,1,1,1787953801869805924,1787953801869648295,5378954614182,5378954650238,72,0,0
rx,542,140,1,1,1787953801870993517,1787953801870809165,5378955801515,0,0,0,0
rx,543,141,1,1,1787953801872098628,1787953801872006758,5378956906608,0,0,0,0
tx,543,49,1,1,1787953801879679924,1787953801872006758,5378964488164,5378964518608,72,0,0
tx,543,58,1,1,1787953801889552795,1787953801872006758,5378974361034,5378974388108,72,0,0
tx,543,67,1,1,1787953801899311739,1787953801872006758,5378984119997,5378984143719,72,0,0
tx,543,76,1,1,1787953801909064647,1787953801872006758,5378993872886,5378993896312,72,0,0
tx,543,86,1,1,1787953801919900036,1787953801872006758,5379004708293,5379004736182,72,0,0
tx,543,95,1,1,1787953801929700498,1787953801872006758,5379014508738,5379014536423,72,0,0
tx,543,104,1,1,1787953801939503998,1787953801872006758,5379024312256,5379024339960,72,0,0
tx,543,113,1,1,1787953801949263332,1787953801872006758,5379034071571,5379034094997,72,0,0
tx,543,122,1,1,1787953801959021535,1787953801872006758,5379043829793,5379043855349,72,0,0
rx,545,143,1,1,1787953801968787739,1787953801968460647,5379053595756,0,0,0,0
rx,546,144,1,1,1787953801969892128,1787953801969781850,5379054700145,0,0,0,0
tx,546,132,1,1,1787953801969904832,1787953801969781850,5379054713089,5379054745626,72,0,0
rx,547,145,1,1,1787953801971138091,1787953801971041869,5379055946089,0,0,0,0
rx,548,146,1,1,1787953801972252295,1787953801972168184,5379057060312,0,0,0,0
rx,549,147,1,1,1787953801973394832,1787953801973323276,5379058202849,0,0,0,0
rx,550,148,1,1,1787953801975575998,1787953801974506628,5379060383997,0,0,0,0
tx,550,141,1,1,1787953801979916165,1787953801974506628,5379064724404,5379064754275,72,0,0
tx,550,150,1,1,1787953801989754054,1787953801974506628,5379074562312,5379074587701,72,0,0
tx,550,159,1,1,1787953801999556647,1787953801974506628,5379084364886,5379084389589,72,0,0
tx,550,168,1,1,1787953802009319369,1787953801974506628,5379094127626,5379094151126,72,0,0
tx,550,177,1,1,1787953802019083350,1787953801974506628,5379103891589,5379103920608,72,0,0
tx,550,187,1,1,1787953802029950998,1787953801974506628,5379114759238,5379114783423,72,0,0
tx,550,196,1,1,1787953802039724610,1787953801974506628,5379124532849,5379124558738,72,0,0
tx,550,4,1,1,1787953802049501202,1787953801974506628,5379134309441,5379134355219,72,0,0
tx,550,13,1,1,1787953802059282943,1787953801974506628,5379144091182,5379144116867,72,0,0
tx,550,22,1,1,1787953802069063017,1787953801974506628,5379153871256,5379153904941,72,0,0
rx,551,149,1,1,1787953802071317221,1787953802071208776,5379156125219,0,0,0,0
tx,551,32,1,1,1787953802079987147,1787953802071208776,5379164795386,5379164822182,72,0,0
tx,551,41,1,1,1787953802089835702,1787953802071208776,5379174643960,5379174671145,72,0,0
tx,551,50,1,1,1787953802099595369,1787953802071208776,5379184403626,5379184428293,72,0,0
tx,551,59,1,1,1787953802109342628,1787953802071208776,5379194150867,5379194174682,72,0,0
tx,551,68,1,1,1787953802119191221,1787953802071208776,5379203999478,5379204051497,72,0,0
tx,551,78,1,1,1787953802130066721,1787953802071208776,5379214874978,5379214899478,72,0,0
tx,551,88,1,1,1787953802140922165,1787953802071208776,5379225730423,5379225755460,72,0,0
tx,551,97,1,1,1787953802150664665,1787953802071208776,5379235472904,5379235496423,72,0,0
tx,551,106,1,1,1787953802160423313,1787953802071208776,5379245231552,5379245256793,72,0,0
tx,551,115,1,1,1787953802170187758,1787953802071208776,5379254995997,5379255023960,72,0,0
rx,552,150,1,1,1787953802173475850,1787953802173156869,5379258283756,0,0,0,0
rx,553,151,1,1,1787953802174567906,1787953802174292943,5379259375849,0,0,0,0
rx,554,152,1,1,1787953802175658295,1787953802175486572,5379260466293,0,0,0,0
rx,555,153,1,1,1787953802176748813,1787953802176576517,5379261556812,0,0,0,0
rx,556,154,1,1,1787953802177848054,1787953802177753961,5379262656052,0,0,0,0
rx,557,155,1,1,1787953802178940943,1787953802178833221,5379263748941,0,0,0,0
rx,558,156,1,1,1787953802180049276,1787953802179957146,5379264857274,0,0,0,0
tx,558,124,1,1,1787953802180056739,1787953802179957146,5379264864997,5379264894682,72,0,0
rx,559,157,1,1,1787953802181241517,1787953802181086517,5379266049534,0,0,0,0
rx,560,158,1,1,1787953802182332609,1787953802182190387,5379267140626,0,0,0,0
rx,561,159,1,1,1787953802183423535,1787953802183315684,5379268231552,0,0,0,0
rx,562,160,1,1,1787953802184522091,1787953802184431091,5379269330089,0,0,0,0
rx,563,161,1,1,1787953802185661758,1787953802185576758,5379270469774,0,0,0,0
rx,564,162,1,1,1787953802186788443,1787953802186705165,5379271596423,0,0,0,0
tx,564,133,1,1,1787953802190059665,1787953802186705165,5379274867923,5379274897737,72,0,0
tx,564,143,1,1,1787953802200963702,1787953802186705165,5379285771960,5379285796737,72,0,0
tx,564,152,1,1,1787953802210728609,1787953802186705165,5379295536849,5379295560663,72,0,0
tx,564,161,1,1,1787953802220495721,1787953802186705165,5379305303960,5379305333182,72,0,0
tx,564,170,1,1,1787953802230283295,1787953802186705165,5379315091534,5379315115830,72,0,0
tx,564,179,1,1,1787953802240084480,1787953802186705165,5379324892737,5379324918923,72,0,0
tx,564,189,1,1,1787953802250930165,1787953802186705165,5379335738423,5379335763071,72,0,0
tx,564,198,1,1,1787953802260687054,1787953802186705165,5379345495293,5379345521071,72,0,0
tx,564,6,1,1,1787953802270481943,1787953802186705165,5379355290219,5379355319534,72,0,0
rx,565,163,1,1,1787953802275923554,1787953802275554258,5379360731552,0,0,0,0
rx,566,164,1,1,1787953802277019646,1787953802276694128,5379361827626,0,0,0,0
rx,567,165,1,1,1787953802278110276,1787953802277810591,5379362918274,0,0,0,0
rx,568,166,1,1,1787953802279226295,1787953802278929350,5379364034293,0,0,0,0
rx,569,167,1,1,1787953802280318054,1787953802280059128,5379365126071,0,0,0,0
tx,569,15,1,1,1787953802280325554,1787953802280059128,5379365133793,5379365163274,72,0,0
rx,570,168,1,1,1787953802281509758,1787953802281178350,5379366317774,0,0,0,0
rx,571,169,1,1,1787953802282600535,1787953802282330739,5379367408534,0,0,0,0
tx,571,24,1,1,1787953802290195591,1787953802282330739,5379375003830,5379375032478,72,0,0
tx,571,34,1,1,1787953802301095350,1787953802282330739,5379385903589,5379385928219,72,0,0
tx,571,44,1,1,1787953802311964072,1787953802282330739,5379396772311,5379396796015,72,0,0
tx,571,53,1,1,1787953802321726720,1787953802282330739,5379406534960,5379406564589,72,0,0
tx,571,62,1,1,1787953802331497609,1787953802282330739,5379416305867,5379416330737,72,0,0
tx,571,71,1,1,1787953802341276054,1787953802282330739,5379426084293,5379426110126,72,0,0
tx,571,80,1,1,1787953802351032924,1787953802282330739,5379435841163,5379435864589,72,0,0
tx,571,90,1,1,1787953802361906535,1787953802282330739,5379446714774,5379446739237,72,0,0
tx,571,99,1,1,1787953802371677369,1787953802282330739,5379456485626,5379456512145,72,0,0
rx,572,170,1,1,1787953802378192183,1787953802378064832,5379463000200,0,0,0,0
rx,573,171,1,1,1787953802380394869,1787953802379318720,5379465202848,0,0,0,0
rx,574,172,1,1,1787953802381491498,1787953802380473998,5379466299441,0,0,0,0
tx,574,108,1,1,1787953802381507128,1787953802380473998,5379466315367,5379466344311,72,0,0
rx,575,173,1,1,1787953802382685017,1787953802381782795,5379467493034,0,0,0,0
rx,576,174,1,1,1787953802383777406,1787953802383098591,5379468585385,0,0,0,0
rx,577,175,1,1,1787953802384868128,1787953802384261424,5379469676145,0,0,0,0
rx,578,176,1,1,1787953802385959202,1787953802385420276,5379470767200,0,0,0,0
tx,578,117,1,1,1787953802391400832,1787953802385420276,5379476209089,5379476238015,72,0,0
tx,578,126,1,1,1787953802401216424,1787953802385420276,5379486024682,5379486048571,72,0,0
tx,578,136,1,1,1787953802412059591,1787953802385420276,5379496867830,5379496894663,72,0,0
tx,578,146,1,1,1787953802422900665,1787953802385420276,5379507708904,5379507733608,72,0,0
tx,578,155,1,1,1787953802432686239,1787953802385420276,5379517494497,5379517518867,72,0,0
tx,578,164,1,1,1787953802442483887,1787953802385420276,5379527292145,5379527318811,72,0,0
tx,578,173,1,1,1787953802452249035,1787953802385420276,5379537057293,5379537081330,72,0,0
tx,578,183,1,1,1787953802463087054,1787953802385420276,5379547895311,5379547919682,72,0,0
tx,578,193,1,1,1787953802473932146,1787953802385420276,5379558740404,5379558769885,72,0,0
rx,579,177,1,1,1787953802481603369,1787953802480506017,5379566411330,0,0,0,0
rx,580,178,1,1,1787953802482698961,1787953802481693961,5379567506959,0,0,0,0
rx,581,179,1,1,1787953802483790813,1787953802482906572,5379568598830,0,0,0,0
tx,581,1,1,1,1787953802483798165,1787953802482906572,5379568606459,5379568635348,72,0,0
rx,582,180,1,1,1787953802485009461,1787953802484208943,5379569817478,0,0,0,0
rx,583,181,1,1,1787953802486104109,1787953802485324591,5379570912126,0,0,0,0
rx,584,182,1,1,1787953802487218869,1787953802486475535,5379572026774,0,0,0,0
rx,585,183,1,1,1787953802488310665,1787953802487645535,5379573118663,0,0,0,0
tx,585,10,1,1,1787953802493747757,1787953802487645535,5379578555997,5379578584589,72,0,0
tx,585,19,1,1,1787953802503594406,1787953802487645535,5379588402663,5379588427404,72,0,0
tx,585,28,1,1,1787953802513351109,1787953802487645535,5379598159348,5379598182922,72,0,0
tx,585,37,1,1,1787953802523112220,1787953802487645535,5379607920459,5379607949256,72,0,0
tx,585,47,1,1,1787953802533990739,1787953802487645535,5379618798996,5379618823441,72,0,0
tx,585,56,1,1,1787953802543773554,1787953802487645535,5379628581793,5379628606441,72,0,0
tx,585,65,1,1,1787953802553550683,1787953802487645535,5379638358941,5379638385515,72,0,0
tx,585,74,1,1,1787953802563341776,1787953802487645535,5379648150015,5379648176459,72,0,0
tx,585,83,1,1,1787953802573139831,1787953802487645535,5379657948311,5379657977182,72,0,0
rx,586,184,1,1,1787953802582978202,1787953802582844998,5379667786200,0,0,0,0
rx,587,185,1,1,1787953802584111109,1787953802584023813,5379668919108,0,0,0,0
tx,587,93,1,1,1787953802584120017,1787953802584023813,5379668928552,5379668958645,72,0,0
rx,588,186,1,1,1787953802585371554,1787953802585262757,5379670179552,0,0,0,0
rx,589,187,1,1,1787953802586538109,1787953802586459017,5379671346108,0,0,0,0
rx,590,188,1,1,1787953802588751943,1787953802587683961,5379673559959,0,0,0,0
rx,591,189,1,1,1787953802589854517,1787953802588945831,5379674662496,0,0,0,0
tx,591,102,1,1,1787953802594184480,1787953802588945831,5379678992774,5379679025330,72,0,0
tx,591,111,1,1,1787953802604012350,1787953802588945831,5379688820608,5379688846496,72,0,0
tx,591,121,1,1,1787953802614868146,1787953802588945831,5379699676404,5379699708496,72,0,0
tx,591,130,1,1,1787953802624646220,1787953802588945831,5379709454478,5379709480589,72,0,0
tx,591,139,1,1,1787953802634467424,1787953802588945831,5379719275682,5379719301496,72,0,0
tx,591,148,1,1,1787953802644237591,1787953802588945831,5379729045848,5379729071274,72,0,0
tx,591,158,1,1,1787953802655083831,1787953802588945831,5379739892089,5379739922589,72,0,0
tx,591,168,1,1,1787953802666040850,1787953802588945831,5379750849108,5379750883904,72,0,0
tx,591,178,1,1,1787953802676975480,1787953802588945831,5379761783737,5379761810756,72,0,0
rx,592,190,1,1,1787953802685679554,1787953802685363757,5379770487552,0,0,0,0
rx,593,191,1,1,1787953802686784535,1787953802686577517,5379771592552,0,0,0,0
tx,593,187,1,1,1787953802686792739,1787953802686577517,5379771600996,5379771631422,72,0,0
rx,594,192,1,1,1787953802687977091,1787953802687781850,5379772785089,0,0,0,0
rx,595,193,1,1,1787953802690166128,1787953802689328683,5379774974126,0,0,0,0
rx,596,194,1,1,1787953802691270924,1787953802690498202,5379776078941,0,0,0,0
rx,597,195,1,1,1787953802692365128,1787953802691669905,5379777173126,0,0,0,0
rx,598,196,1,1,1787953802693488183,1787953802692839887,5379778296182,0,0,0,0
tx,598,196,1,1,1787953802696765868,1787953802692839887,5379781574126,5379781603367,72,0,0
tx,598,4,1,1,1787953802706612091,1787953802692839887,5379791420348,5379791447015,72,0,0
tx,598,13,1,1,1787953802716401387,1787953802692839887,5379801209663,5379801239163,72,0,0
tx,598,22,1,1,1787953802726194831,1787953802692839887,5379811003070,5379811029607,72,0,0
tx,598,32,1,1,1787953802737078702,1787953802692839887,5379821886959,5379821912793,72,0,0
tx,598,42,1,1,1787953802747959887,1787953802692839887,5379832768145,5379832795070,72,0,0
tx,598,51,1,1,1787953802757748091,1787953802692839887,5379842556348,5379842583496,72,0,0
tx,598,60,1,1,1787953802767578072,1787953802692839887,5379852386311,5379852416552,72,0,0
tx,598,69,1,1,1787953802777380850,1787953802692839887,5379862189107,5379862214996,72,0,0
tx,598,78,1,1,1787953802787161609,1787953802692839887,5379871969867,5379871995033,72,0,0
rx,599,197,1,1,1787953802788283183,1787953802787676202,5379873091200,0,0,0,0
rx,600,198,1,1,1787953802789390387,1787953802788857294,5379874198385,0,0,0,0
rx,601,199,1,1,1787953802790487091,1787953802790121442,5379875295089,0,0,0,0
rx,602,200,1,1,1787953802791583072,1787953802791261831,5379876391089,0,0,0,0
rx,603,0,1,1,1787953802792673405,1787953802792419739,5379877481404,0,0,0,0
rx,604,1,1,1,1787953802793772776,1787953802793594405,5379878580793,0,0,0,0
rx,605,2,1,1,1787953802794878146,1787953802794777905,5379879686144,0,0,0,0
tx,605,87,1,1,1787953802797050831,1787953802794777905,5379881859089,5379881889367,72,0,0
tx,605,97,1,1,1787953802808020313,1787953802794777905,5379892828552,5379892855644,72,0,0
tx,605,107,1,1,1787953802818903368,1787953802794777905,5379903711626,5379903742922,72,0,0
tx,605,116,1,1,1787953802828698535,1787953802794777905,5379913506793,5379913532830,72,0,0
tx,605,125,1,1,1787953802838494479,1787953802794777905,5379923302719,5379923329367,72,0,0
tx,605,134,1,1,1787953802848317257,1787953802794777905,5379933125496,5379933153052,72,0,0
tx,605,143,1,1,1787953802858130202,1787953802794777905,5379942938459,5379942980904,72,0,0
tx,605,153,1,1,1787953802869046053,1787953802794777905,5379953854311,5379953893570,72,0,0
tx,605,163,1,1,1787953802879940183,1787953802794777905,5379964748422,5379964776626,72,0,0
tx,605,172,1,1,1787953802889731035,1787953802794777905,5379974539274,5379974568015,72,0,0
rx,606,3,1,1,1787953802890849998,1787953802890064720,5379975657996,0,0,0,0
rx,607,4,1,1,1787953802891942516,1787953802891224331,5379976750533,0,0,0,0
rx,608,5,1,1,1787953802893033442,1787953802892382720,5379977841459,0,0,0,0
rx,609,6,1,1,1787953802894124924,1787953802893615331,5379978932941,0,0,0,0
rx,610,7,1,1,1787953802895222239,1787953802894790665,5379980030237,0,0,0,0
rx,611,8,1,1,1787953802896318628,1787953802895931961,5379981126607,0,0,0,0
rx,612,9,1,1,1787953802897409924,1787953802897089702,5379982217941,0,0,0,0
tx,612,181,1,1,1787953802899580961,1787953802897089702,5379984389218,5379984417811,72,0,0
tx,612,190,1,1,1787953802909420239,1787953802897089702,5379994228496,5379994253533,72,0,0
tx,612,199,1,1,1787953802919228702,1787953802897089702,5380004036959,5380004068441,72,0,0
tx,612,8,1,1,1787953802930077868,1787953802897089702,5380014886126,5380014910589,72,0,0
tx,612,18,1,1,1787953802940968016,1787953802897089702,5380025776256,5380025804459,72,0,0
tx,612,27,1,1,1787953802950746072,1787953802897089702,5380035554330,5380035579107,72,0,0
tx,612,36,1,1,1787953802960516405,1787953802897089702,5380045324663,5380045355200,72,0,0
tx,612,45,1,1,1787953802970282979,1787953802897089702,5380055091237,5380055117459,72,0,0
tx,612,54,1,1,1787953802980042757,1787953802897089702,5380064850996,5380064874404,72,0,0
tx,612,64,1,1,1787953802990928257,1787953802897089702,5380075736515,5380075763015,72,0,0
rx,613,10,1,1,1787953802993131609,1787953802992449813,5380077939589,0,0,0,0
rx,614,11,1,1,1787953802994224998,1787953802993628609,5380079033015,0,0,0,0
rx,615,12,1,1,1787953802995316498,1787953802994855053,5380080124515,0,0,0,0
rx,616,13,1,1,1787953802996407702,1787953802996019683,5380081215700,0,0,0,0
rx,617,14,1,1,1787953802997498739,1787953802997240979,5380082306737,0,0,0,0
rx,618,15,1,1,1787953802998591053,1787953802998444627,5380083399052,0,0,0,0
rx,619,16,1,1,1787953803000770924,1787953802999883739,5380085578922,0,0,0,0
tx,619,73,1,1,1787953803000778461,1787953802999883739,5380085586755,5380085615126,72,0,0
tx,619,82,1,1,1787953803010618887,1787953802999883739,5380095427126,5380095451922,72,0,0
tx,619,91,1,1,1787953803020385609,1787953802999883739,5380105193867,5380105222885,72,0,0
tx,619,100,1,1,1787953803030168739,1787953802999883739,5380114976978,5380115001237,72,0,0
tx,619,110,1,1,1787953803041089572,1787953802999883739,5380125897830,5380125924070,72,0,0
tx,619,120,1,1,1787953803051930942,1787953802999883739,5380136739200,5380136763663,72,0,0
tx,619,129,1,1,1787953803061710961,1787953802999883739,5380146519218,5380146544663,72,0,0
tx,619,138,1,1,1787953803071511627,1787953802999883739,5380156319885,5380156348385,72,0,0
tx,619,147,1,1,1787953803081280146,1787953802999883739,5380166088404,5380166112774,72,0,0
tx,619,156,1,1,1787953803091049183,1787953802999883739,5380175857441,5380175883644,72,0,0
rx,620,17,1,1,1787953803095414053,1787953803094888016,5380180221978,0,0,0,0
rx,621,18,1,1,1787953803096508627,1787953803096044313,5380181316626,0,0,0,0
rx,622,19,1,1,1787953803097622072,1787953803097166164,5380182430089,0,0,0,0
rx,623,20,1,1,1787953803098712998,1787953803098326276,5380183521015,0,0,0,0
rx,624,21,1,1,1787953803099803627,1787953803099541442,5380184611626,0,0,0,0
rx,625,22,1,1,1787953803100893627,1787953803100703442,5380185701626,0,0,0,0
tx,625,166,1,1,1787953803101982794,1787953803100703442,5380186791052,5380186820607,72,0,0
tx,625,175,1,1,1787953803111840294,1787953803100703442,5380196648533,5380196674700,72,0,0
tx,625,184,1,1,1787953803121615257,1787953803100703442,5380206423515,5380206451367,72,0,0
tx,625,193,1,1,1787953803131376405,1787953803100703442,5380216184663,5380216208292,72,0,0
tx,625,1,1,1,1787953803141147405,1787953803100703442,5380225955644,5380225982237,72,0,0
tx,625,11,1,1,1787953803151995979,1787953803100703442,5380236804218,5380236828829,72,0,0
tx,625,20,1,1,1787953803161764387,1787953803100703442,5380246572626,5380246602052,72,0,0
tx,625,29,1,1,1787953803171545776,1787953803100703442,5380256354033,5380256378533,72,0,0
tx,625,38,1,1,1787953803181294090,1787953803100703442,5380266102348,5380266125959,72,0,0
tx,625,47,1,1,1787953803191066720,1787953803100703442,5380275874978,5380275900237,72,0,0
rx,626,23,1,1,1787953803197597294,1787953803197264090,5380282405311,0,0,0,0
rx,627,24,1,1,1787953803198689387,1787953803198479813,5380283497403,0,0,0,0
rx,628,25,1,1,1787953803199801090,1787953803199714998,5380284609107,0,0,0,0
rx,629,26,1,1,1787953803200964479,1787953803200875387,5380285772496,0,0,0,0
rx,630,27,1,1,1787953803202120183,1787953803202048201,5380286928200,0,0,0,0
tx,630,57,1,1,1787953803202128868,1787953803202048201,5380286937107,5380286966403,72,0,0
rx,631,28,1,1,1787953803203313146,1787953803203207313,5380288121144,0,0,0,0
rx,632,29,1,1,1787953803204436998,1787953803204352498,5380289245015,0,0,0,0
tx,632,66,1,1,1787953803212049127,1787953803204352498,5380296857366,5380296889422,72,0,0
tx,632,76,1,1,1787953803222955850,1787953803204352498,5380307764089,5380307788422,72,0,0
tx,632,85,1,1,1787953803232715813,1787953803204352498,5380317524052,5380317547811,72,0,0
tx,632,94,1,1,1787953803242525998,1787953803204352498,5380327334237,5380327362644,72,0,0
tx,632,103,1,1,1787953803252314757,1787953803204352498,5380337122996,5380337147848,72,0,0
tx,632,112,1,1,1787953803262084312,1787953803204352498,5380346892552,5380346922181,72,0,0
tx,632,122,1,1,1787953803272955887,1787953803204352498,5380357764144,5380357788440,72,0,0
tx,632,131,1,1,1787953803282718312,1787953803204352498,5380367526552,5380367550366,72,0,0
tx,632,140,1,1,1787953803292525257,1787953803204352498,5380377333496,5380377359274,72,0,0
rx,633,30,1,1,1787953803300131442,1787953803299651887,5380384939459,0,0,0,0
rx,634,31,1,1,1787953803301224979,1787953803300798609,5380386032996,0,0,0,0
rx,635,32,1,1,1787953803302315924,1787953803302001424,5380387123940,0,0,0,0
tx,635,149,1,1,1787953803302323479,1787953803302001424,5380387131718,5380387159644,72,0,0
rx,636,33,1,1,1787953803303503146,1787953803303171368,5380388311163,0,0,0,0
rx,637,34,1,1,1787953803304593683,1787953803304358405,5380389401700,0,0,0,0
rx,638,35,1,1,1787953803305693590,1787953803305527368,5380390501589,0,0,0,0
rx,639,36,1,1,1787953803306789775,1787953803306670701,5380391597792,0,0,0,0
tx,639,158,1,1,1787953803312202609,1787953803306670701,5380397010848,5380397038015,72,0,0
tx,639,167,1,1,1787953803322030405,1787953803306670701,5380406838644,5380406867052,72,0,0
tx,639,177,1,1,1787953803332874312,1787953803306670701,5380417682552,5380417706570,72,0,0
tx,639,186,1,1,1787953803342679572,1787953803306670701,5380427487829,5380427514052,72,0,0
tx,639,195,1,1,1787953803352442238,1787953803306670701,5380437250477,5380437274792,72,0,0
tx,639,3,1,1,1787953803362213312,1787953803306670701,5380447021552,5380447051515,72,0,0
tx,639,13,1,1,1787953803373082220,1787953803306670701,5380457890477,5380457916663,72,0,0
tx,639,23,1,1,1787953803383924053,1787953803306670701,5380468732292,5380468755514,72,0,0
tx,639,32,1,1,1787953803393719979,1787953803306670701,5380478528237,5380478554329,72,0,0
rx,640,37,1,1,1787953803402409942,1787953803402025572,5380487217959,0,0,0,0
rx,641,38,1,1,1787953803403508053,1787953803403093738,5380488316070,0,0,0,0
tx,641,41,1,1,1787953803403515868,1787953803403093738,5380488324126,5380488351385,72,0,0
rx,642,39,1,1,1787953803404694590,1787953803404219998,5380489502589,0,0,0,0
rx,643,40,1,1,1787953803405785386,1787953803405351812,5380490593385,0,0,0,0
rx,644,41,1,1,1787953803406876498,1787953803406471831,5380491684496,0,0,0,0
rx,645,42,1,1,1787953803407969201,1787953803407599886,5380492777200,0,0,0,0
rx,646,43,1,1,1787953803409060812,1787953803408713090,5380493868811,0,0,0,0
tx,646,50,1,1,1787953803413406979,1787953803408713090,5380498215218,5380498247366,72,0,0
tx,646,59,1,1,1787953803423264349,1787953803408713090,5380508072607,5380508097181,72,0,0
tx,646,68,1,1,1787953803433023924,1787953803408713090,5380517832163,5380517856922,72,0,0
tx,646,78,1,1,1787953803443921942,1787953803408713090,5380528730181,5380528757385,72,0,0
tx,646,87,1,1,1787953803453710831,1787953803408713090,5380538519089,5380538542922,72,0,0
tx,646,96,1,1,1787953803463474572,1787953803408713090,5380548282811,5380548311366,72,0,0
tx,646,105,1,1,1787953803473240164,1787953803408713090,5380558048422,5380558073570,72,0,0
tx,646,115,1,1,1787953803484088275,1787953803408713090,5380568896514,5380568920218,72,0,0
tx,646,125,1,1,1787953803494964498,1787953803408713090,5380579772737,5380579798477,72,0,0
rx,647,44,1,1,1787953803504732479,1787953803504404035,5380589540459,0,0,0,0
tx,647,134,1,1,1787953803504741349,1787953803504404035,5380589549607,5380589577051,72,0,0
rx,648,45,1,1,1787953803505918590,1787953803505553127,5380590726607,0,0,0,0
rx,649,46,1,1,1787953803507014572,1787953803506711831,5380591822570,0,0,0,0
rx,650,47,1,1,1787953803508236146,1787953803507867794,5380593044144,0,0,0,0
rx,651,48,1,1,1787953803509342201,1787953803509013572,5380594150144,0,0,0,0
rx,652,49,1,1,1787953803510547201,1787953803510192109,5380595355200,0,0,0,0
rx,653,50,1,1,1787953803511647757,1787953803511418757,5380596455774,0,0,0,0
tx,653,143,1,1,1787953803514925886,1787953803511418757,5380599734181,5380599770644,72,0,0
tx,653,152,1,1,1787953803524771294,1787953803511418757,5380609579551,5380609604681,72,0,0
tx,653,161,1,1,1787953803534530498,1787953803511418757,5380619338737,5380619362811,72,0,0
tx,653,170,1,1,1787953803544325886,1787953803511418757,5380629134126,5380629161237,72,0,0
tx,653,179,1,1,1787953803554087275,1787953803511418757,5380638895514,5380638919811,72,0,0
tx,653,189,1,1,1787953803564975127,1787953803511418757,5380649783385,5380649814144,72,0,0
tx,653,198,1,1,1787953803574737386,1787953803511418757,5380659545644,5380659569737,72,0,0
tx,653,6,1,1,1787953803584519460,1787953803511418757,5380669327718,5380669351144,72,0,0
tx,653,15,1,1,1787953803594295460,1787953803511418757,5380679103700,5380679130088,72,0,0
tx,653,24,1,1,1787953803604061090,1787953803511418757,5380688869329,5380688894459,72,0,0
rx,654,51,1,1,1787953803607446979,1787953803607046164,5380692254996,0,0,0,0
rx,655,52,1,1,1787953803608550220,1787953803608233812,5380693358218,0,0,0,0
rx,656,53,1,1,1787953803609649794,1787953803609382979,5380694457774,0,0,0,0
rx,657,54,1,1,1787953803610783164,1787953803610552331,5380695591163,0,0,0,0
rx,658,55,1,1,1787953803612032257,1787953803611690183,5380696840274,0,0,0,0
rx,659,56,1,1,1787953803613150349,1787953803612852775,5380697958366,0,0,0,0
rx,660,57,1,1,1787953803614252720,1787953803613965794,5380699060718,0,0,0,0
tx,660,33,1,1,1787953803614260553,1787953803613965794,5380699068848,5380699107977,72,0,0
tx,660,42,1,1,1787953803624144238,1787953803613965794,5380708952496,5380708980385,72,0,0
tx,660,52,1,1,1787953803635049109,1787953803613965794,5380719857366,5380719883588,72,0,0
tx,660,62,1,1,1787953803645946886,1787953803613965794,5380730755125,5380730782681,72,0,0
tx,660,71,1,1,1787953803655742479,1787953803613965794,5380740550718,5380740575811,72,0,0
tx,660,80,1,1,1787953803665545720,1787953803613965794,5380750353959,5380750387144,72,0,0
tx,660,89,1,1,1787953803675373386,1787953803613965794,5380760181644,5380760208737,72,0,0
tx,660,98,1,1,1787953803685152646,1787953803613965794,5380769960903,5380769987162,72,0,0
tx,660,107,1,1,1787953803695018275,1787953803613965794,5380779826514,5380779853162,72,0,0
tx,660,117,1,1,1787953803705885942,1787953803613965794,5380790694199,5380790718811,72,0,0
rx,661,58,1,1,1787953803710300071,1787953803709210553,5380795108088,0,0,0,0
rx,662,59,1,1,1787953803711447183,1787953803710372757,5380796255181,0,0,0,0
rx,663,60,1,1,1787953803712562923,1787953803711526405,5380797370922,0,0,0,0
rx,664,61,1,1,1787953803713698016,1787953803712640979,5380798506033,0,0,0,0
rx,665,62,1,1,1787953803714842238,1787953803713778886,5380799650237,0,0,0,0
rx,666,63,1,1,1787953803716108368,1787953803714965738,5380800916366,0,0,0,0
tx,666,126,1,1,1787953803716121423,1787953803714965738,5380800929681,5380800964459,72,0,0
tx,666,136,1,1,1787953803727053627,1787953803714965738,5380811861885,5380811888848,72,0,0
tx,666,146,1,1,1787953803737936553,1787953803714965738,5380822744811,5380822770699,72,0,0
tx,666,155,1,1,1787953803747833609,1787953803714965738,5380832641866,5380832670922,72,0,0
tx,666,164,1,1,1787953803757611942,1787953803714965738,5380842420199,5380842448607,72,0,0
tx,666,173,1,1,1787953803767376757,1787953803714965738,5380852185014,5380852210496,72,0,0
tx,666,182,1,1,1787953803777135979,1787953803714965738,5380861944218,5380861967662,72,0,0
tx,666,192,1,1,1787953803787991238,1787953803714965738,5380872799496,5380872824125,72,0,0
tx,666,0,1,1,1787953803797774331,1787953803714965738,5380882582588,5380882609385,72,0,0
tx,666,9,1,1,1787953803807583627,1787953803714965738,5380892391903,5380892421477,72,0,0
rx,667,64,1,1,1787953803812096145,1787953803811707368,5380896904162,0,0,0,0
tx,667,18,1,1,1787953803817521831,1787953803811707368,5380902330070,5380902360348,72,0,0
tx,667,27,1,1,1787953803827355960,1787953803811707368,5380912164218,5380912188625,72,0,0
tx,667,36,1,1,1787953803837117868,1787953803811707368,5380921926125,5380921951459,72,0,0
tx,667,46,1,1,1787953803848004183,1787953803811707368,5380932812422,5380932838718,72,0,0
tx,667,55,1,1,1787953803857772090,1787953803811707368,5380942580348,5380942621922,72,0,0
tx,667,64,1,1,1787953803867581683,1787953803811707368,5380952389959,5380952423903,72,0,0
tx,667,73,1,1,1787953803877359108,1787953803811707368,5380962167366,5380962193162,72,0,0
tx,667,82,1,1,1787953803887155145,1787953803811707368,5380971963385,5380971988033,72,0,0
tx,667,92,1,1,1787953803898009831,1787953803811707368,5380982818088,5380982844014,72,0,0
tx,667,101,1,1,1787953803907769775,1787953803811707368,5380992578033,5380992601810,72,0,0
tx,667,110,1,1,1787953803917667460,1787953803811707368,5381002475810,5381002509088,72,0,0
tx,667,119,1,1,1787953803927584794,1787953803811707368,5381012393051,5381012433792,72,0,0
tx,667,128,1,1,1787953803937442775,1787953803811707368,5381022251014,5381022278496,72,0,0
tx,667,137,1,1,1787953803947265979,1787953803811707368,5381032074218,5381032102088,72,0,0
tx,667,146,1,1,1787953803957182423,1787953803811707368,5381041990681,5381042098459,72,0,0
tx,667,155,1,1,1787953803967074294,1787953803811707368,5381051882607,5381051916107,72,0,0
tx,667,165,1,1,1787953803978019868,1787953803811707368,5381062828107,5381062855162,72,0,0
tx,667,175,1,1,1787953803988855886,1787953803811707368,5381073664125,5381073690996,72,0,0
tx,667,184,1,1,1787953803998643664,1787953803811707368,5381083451903,5381083480162,72,0,0
tx,667,193,1,1,1787953804008458627,1787953803811707368,5381093266884,5381093298366,72,0,0
tx,667,1,1,1,1787953804018251497,1787953803811707368,5381103059755,5381103086384,72,0,0
tx,667,10,1,1,1787953804028025442,1787953803811707368,5381112833681,5381112859273,72,0,0
tx,667,20,1,1,1787953804038930275,1787953803811707368,5381123738533,5381123765496,72,0,0
tx,667,29,1,1,1787953804048701294,1787953803811707368,5381133509533,5381133535922,72,0,0
tx,667,38,1,1,1787953804058518979,1787953803811707368,5381143327273,5381143357829,72,0,0
tx,667,47,1,1,1787953804068329849,1787953803811707368,5381153138107,5381153165514,72,0,0
tx,667,56,1,1,1787953804078108016,1787953803811707368,5381162916255,5381162951236,72,0,0
tx,667,66,1,1,1787953804089020701,1787953803811707368,5381173828959,5381173854736,72,0,0
tx,667,76,1,1,1787953804099928293,1787953803811707368,5381184736551,5381184763755,72,0,0
tx,667,85,1,1,1787953804109756201,1787953803811707368,5381194564459,5381194594921,72,0,0
tx,667,94,1,1,1787953804119640016,1787953803811707368,5381204448273,5381204476218,72,0,0
tx,667,103,1,1,1787953804129406293,1787953803811707368,5381214214533,5381214239014,72,0,0
tx,667,112,1,1,1787953804139214664,1787953803811707368,5381224022921,5381224048570,72,0,0
tx,667,122,1,1,1787953804150083053,1787953803811707368,5381234891310,5381234920366,72,0,0
tx,667,132,1,1,1787953804160964756,1787953803811707368,5381245773014,5381245804681,72,0,0
tx,667,141,1,1,1787953804170729442,1787953803811707368,5381255537699,5381255562088,72,0,0
tx,667,150,1,1,1787953804180485034,1787953803811707368,5381265293273,5381265316884,72,0,0
tx,667,159,1,1,1787953804190238793,1787953803811707368,5381275047051,5381275070681,72,0,0
tx,667,168,1,1,1787953804200018701,1787953803811707368,5381284826958,5381284854625,72,0,0
tx,667,178,1,1,1787953804210867256,1787953803811707368,5381295675495,5381295703607,72,0,0
tx,667,187,1,1,1787953804220647793,1787953803811707368,5381305456051,5381305483125,72,0,0
tx,667,196,1,1,1787953804230406738,1787953803811707368,5381315214995,5381315239995,72,0,0
tx,667,4,1,1,1787953804240183386,1787953803811707368,5381324991625,5381325016625,72,0,0
tx,667,14,1,1,1787953804251040849,1787953803811707368,5381335849107,5381335875181,72,0,0
tx,667,24,1,1,1787953804261883404,1787953803811707368,5381346691662,5381346722903,72,0,0
tx,667,33,1,1,1787953804271655442,1787953803811707368,5381356463699,5381356488384,72,0,0
tx,667,42,1,1,1787953804281413108,1787953803811707368,5381366221366,5381366244977,72,0,0
tx,667,51,1,1,1787953804291168701,1787953803811707368,5381375976958,5381376024829,72,0,0
tx,667,61,1,1,1787953804302075071,1787953803811707368,5381386883329,5381386908921,72,0,0
tx,667,71,1,1,1787953804312928367,1787953803811707368,5381397736607,5381397764921,72,0,0
tx,667,80,1,1,1787953804322688256,1787953803811707368,5381407496495,5381407520644,72,0,0
tx,667,89,1,1,1787953804332446516,1787953803811707368,5381417254773,5381417278347,72,0,0
tx,667,98,1,1,1787953804342203941,1787953803811707368,5381427012199,5381427036236,72,0,0
tx,667,108,1,1,1787953804353077719,1787953803811707368,5381437886014,5381437917829,72,0,0
tx,667,118,1,1,1787953804363926404,1787953803811707368,5381448734644,5381448761569,72,0,0
tx,667,127,1,1,1787953804373706775,1787953803811707368,5381458515014,5381458539440,72,0,0
tx,667,136,1,1,1787953804383461978,1787953803811707368,5381468270236,5381468294199,72,0,0
tx,667,145,1,1,1787953804393257201,1787953803811707368,5381478065440,5381478089366,72,0,0
tx,667,154,1,1,1787953804403036867,1787953803811707368,5381487845106,5381487874310,72,0,0
tx,667,164,1,1,1787953804413899664,1787953803811707368,5381498707903,5381498736384,72,0,0
tx,667,173,1,1,1787953804423669516,1787953803811707368,5381508477773,5381508502569,72,0,0
tx,667,182,1,1,1787953804433434553,1787953803811707368,5381518242810,5381518267495,72,0,0
tx,667,191,1,1,1787953804443225886,1787953803811707368,5381528034125,5381528058329,72,0,0
tx,667,0,1,1,1787953804454076812,1787953803811707368,5381538885069,5381538910106,72,0,0
tx,667,10,1,1,1787953804464930738,1787953803811707368,5381549738995,5381549769458,72,0,0
tx,667,19,1,1,1787953804474695886,1787953803811707368,5381559504143,5381559528495,72,0,0
tx,667,28,1,1,1787953804484475441,1787953803811707368,5381569283699,5381569311051,72,0,0
tx,667,37,1,1,1787953804494257127,1787953803811707368,5381579065384,5381579093440,72,0,0
tx,667,46,1,1,1787953804504057219,1787953803811707368,5381588865477,5381588892884,72,0,0
tx,667,56,1,1,1787953804514943090,1787953803811707368,5381599751347,5381599780699,72,0,0
tx,667,65,1,1,1787953804524728497,1787953803811707368,5381609536755,5381609563143,72,0,0
tx,667,74,1,1,1787953804534512738,1787953803811707368,5381619320977,5381619345921,72,0,0
tx,667,83,1,1,1787953804544325645,1787953803811707368,5381629133903,5381629161829,72,0,0
tx,667,92,1,1,1787953804554128701,1787953803811707368,5381638936958,5381638966440,72,0,0
tx,667,102,1,1,1787953804565006182,1787953803811707368,5381649814421,5381649844532,72,0,0
tx,667,111,1,1,1787953804574826238,1787953803811707368,5381659634495,5381659660162,72,0,0
tx,667,120,1,1,1787953804584647627,1787953803811707368,5381669455884,5381669485958,72,0,0
tx,667,129,1,1,1787953804594447997,1787953803811707368,5381679256236,5381679282977,72,0,0
tx,667,138,1,1,1787953804604252849,1787953803811707368,5381689061106,5381689091773,72,0,0
tx,667,147,1,1,1787953804614053312,1787953803811707368,5381698861551,5381698890292,72,0,0
tx,667,157,1,1,1787953804624934275,1787953803811707368,5381709742514,5381709768921,72,0,0
tx,667,166,1,1,1787953804634777867,1787953803811707368,5381719586125,5381719612292,72,0,0
tx,667,175,1,1,1787953804644570978,1787953803811707368,5381729379236,5381729407477,72,0,0
tx,667,184,1,1,1787953804654372478,1787953803811707368,5381739180736,5381739211366,72,0,0
tx,667,193,1,1,1787953804664175238,1787953803811707368,5381748983495,5381749015977,72,0,0
tx,667,2,1,1,1787953804675088219,1787953803811707368,5381759896458,5381759924162,72,0,0
tx,667,12,1,1,1787953804685967367,1787953803811707368,5381770775625,5381770802180,72,0,0
tx,667,21,1,1,1787953804695766460,1787953803811707368,5381780574699,5381780601625,72,0,0
tx,667,30,1,1,1787953804705551201,1787953803811707368,5381790359440,5381790387366,72,0,0
tx,667,39,1,1,1787953804715353201,1787953803811707368,5381800161458,5381800191180,72,0,0
tx,667,48,1,1,1787953804725141849,1787953803811707368,5381809950088,5381809975403,72,0,0
tx,667,58,1,1,1787953804736006349,1787953803811707368,5381820814588,5381820840810,72,0,0
tx,667,67,1,1,1787953804745809867,1787953803811707368,5381830618106,5381830646014,72,0,0
tx,667,76,1,1,1787953804755607145,1787953803811707368,5381840415384,5381840444847,72,0,0
tx,667,85,1,1,1787953804765396460,1787953803811707368,5381850204754,5381850233310,72,0,0
tx,667,94,1,1,1787953804775181367,1787953803811707368,5381859989606,5381860041588,72,0,0
tx,667,104,1,1,1787953804786082478,1787953803811707368,5381870890736,5381870917477,72,0,0
tx,667,114,1,1,1787953804796989200,1787953803811707368,5381881797440,5381881825532,72,0,0
tx,667,123,1,1,1787953804806793330,1787953803811707368,5381891601569,5381891632088,72,0,0
tx,667,132,1,1,1787953804816679719,1787953803811707368,5381901487977,5381901516754,72,0,0
tx,667,141,1,1,1787953804826471571,1787953803811707368,5381911279810,5381911306532,72,0,0
tx,667,150,1,1,1787953804836272608,1787953803811707368,5381921080865,5381921107662,72,0,0
tx,667,159,1,1,1787953804846072756,1787953803811707368,5381930880995,5381930909199,72,0,0
tx,667,169,1,1,1787953804856996534,1787953803811707368,5381941804791,5381941848421,72,0,0
tx,667,178,1,1,1787953804866831497,1787953803811707368,5381951639736,5381951675551,72,0,0
tx,667,187,1,1,1787953804876641737,1787953803811707368,5381961449977,5381961477069,72,0,0
tx,667,196,1,1,1787953804886424497,1787953803811707368,5381971232754,5381971258199,72,0,0
tx,667,4,1,1,1787953804896222478,1787953803811707368,5381981030736,5381981058273,72,0,0
tx,667,13,1,1,1787953804906022071,1787953803811707368,5381990830310,5381990860662,72,0,0
tx,667,23,1,1,1787953804916903682,1787953803811707368,5382001711940,5382001738662,72,0,0
tx,667,32,1,1,1787953804926690071,1787953803811707368,5382011498310,5382011524199,72,0,0
tx,667,41,1,1,1787953804936474423,1787953803811707368,5382021282662,5382021307847,72,0,0
tx,667,50,1,1,1787953804946211941,1787953803811707368,5382031020199,5382031047680,72,0,0
tx,667,59,1,1,1787953804956033274,1787953803811707368,5382040841532,5382040875532,72,0,0
tx,667,69,1,1,1787953804966916404,1787953803811707368,5382051724643,5382051753773,72,0,0
tx,667,78,1,1,1787953804976716404,1787953803811707368,5382061524643,5382061551939,72,0,0
tx,667,87,1,1,1787953804986506830,1787953803811707368,5382071315088,5382071340310,72,0,0
tx,667,96,1,1,1787953804996387515,1787953803811707368,5382081195754,5382081224384,72,0,0
tx,667,105,1,1,1787953805006203608,1787953803811707368,5382091011902,5382091043051,72,0,0
tx,667,114,1,1,1787953805016015460,1787953803811707368,5382100823699,5382100852069,72,0,0
tx,667,124,1,1,1787953805026889793,1787953803811707368,5382111698051,5382111723791,72,0,0
tx,667,133,1,1,1787953805036680126,1787953803811707368,5382121488384,5382121514662,72,0,0
tx,667,142,1,1,1787953805046531163,1787953803811707368,5382131339421,5382131366625,72,0,0
