event,sequence,counter,valid_self,adopted,realtime_ns,kernel_ns,monotonic_ns,write_end_ns,written,socket_drop_total,trace_record_overflow
rx,1,1,1,1,1787953592660307086,1787953592659393938,5169745115140,0,0,0,0
tx,1,1,1,1,1787953592660311771,1787953592659393938,5169745119992,5169745167399,72,0,0
rx,2,2,1,1,1787953592675315864,1787953592674326919,5169760123918,0,0,0,0
tx,2,2,1,1,1787953592675319623,1787953592674326919,5169760127807,5169760142510,72,0,0
rx,3,3,1,1,1787953592690268808,1787953592690092549,5169775076881,0,0,0,0
tx,3,3,1,1,1787953592690273327,1787953592690092549,5169775081510,5169775098159,72,0,0
rx,4,4,1,1,1787953592705221160,1787953592704777253,5169790029214,0,0,0,0
tx,4,4,1,1,1787953592705226012,1787953592704777253,5169790034288,5169790047140,72,0,0
rx,5,5,1,1,1787953592720163419,1787953592719794864,5169804971381,0,0,0,0
tx,5,5,1,1,1787953592720166919,1787953592719794864,5169804975159,5169804990103,72,0,0
rx,6,6,1,1,1787953592735113456,1787953592734427956,5169819921510,0,0,0,0
tx,6,6,1,1,1787953592735117216,1787953592734427956,5169819925399,5169819938733,72,0,0
rx,7,7,1,1,1787953592750074308,1787953592749732994,5169834882066,0,0,0,0
tx,7,7,1,1,1787953592750078697,1787953592749732994,5169834886881,5169834905547,72,0,0
rx,8,8,1,1,1787953592765071179,1787953592764368697,5169849879251,0,0,0,0
tx,8,8,1,1,1787953592765074919,1787953592764368697,5169849883103,5169849898325,72,0,0
rx,9,9,1,1,1787953592781082919,1787953592780508086,5169865890973,0,0,0,0
tx,9,9,1,1,1787953592781086716,1787953592780508086,5169865894899,5169865909047,72,0,0
rx,10,10,1,1,1787953592794971642,1787953592794622216,5169879779714,0,0,0,0
tx,10,10,1,1,1787953592794975586,1787953592794622216,5169879783825,5169879800196,72,0,0
rx,11,11,1,1,1787953592809926512,1787953592809649012,5169894734492,0,0,0,0
tx,11,11,1,1,1787953592809932179,1787953592809649012,5169894740362,5169894758047,72,0,0
rx,12,12,1,1,1787953592824883864,1787953592824419586,5169909691918,0,0,0,0
tx,12,12,1,1,1787953592824887438,1787953592824419586,5169909695621,5169909708714,72,0,0
rx,13,13,1,1,1787953592839834031,1787953592839743160,5169924642103,0,0,0,0
tx,13,13,1,1,1787953592839837734,1787953592839743160,5169924646121,5169924664047,72,0,0
rx,14,14,1,1,1787953592855858382,1787953592854864679,5169940666436,0,0,0,0
tx,14,14,1,1,1787953592855861956,1787953592854864679,5169940670325,5169940685992,72,0,0
rx,15,15,1,1,1787953592869771068,1787953592869522475,5169954579140,0,0,0,0
tx,15,15,1,1,1787953592869775271,1787953592869522475,5169954583455,5169954602751,72,0,0
rx,16,16,1,1,1787953592884737475,1787953592884336568,5169969545529,0,0,0,0
tx,16,16,1,1,1787953592884741086,1787953592884336568,5169969549270,5169969564251,72,0,0
rx,17,17,1,1,1787953592900802438,1787953592899723253,5169985610510,0,0,0,0
tx,17,17,1,1,1787953592900806808,1787953592899723253,5169985615084,5169985635881,72,0,0
rx,18,18,1,1,1787953592914721456,1787953592914511882,5169999529510,0,0,0,0
tx,18,18,1,1,1787953592914727030,1787953592914511882,5169999535214,5169999552399,72,0,0
rx,19,19,1,1,1787953592929695734,1787953592929441919,5170014503788,0,0,0,0
tx,19,19,1,1,1787953592929699234,1787953592929441919,5170014507436,5170014521473,72,0,0
rx,20,20,1,1,1787953592944668401,1787953592944618067,5170029476473,0,0,0,0
tx,20,20,1,1,1787953592944672512,1787953592944618067,5170029480751,5170029498492,72,0,0
rx,21,21,1,1,1787953592960712734,1787953592959886123,5170045520788,0,0,0,0
tx,21,21,1,1,1787953592960716456,1787953592959886123,5170045524695,5170045540362,72,0,0
rx,22,22,1,1,1787953592974610734,1787953592974420105,5170059418788,0,0,0,0
tx,22,22,1,1,1787953592974614179,1787953592974420105,5170059422362,5170059436881,72,0,0
rx,23,23,1,1,1787953592989585253,1787953592989379067,5170074393307,0,0,0,0
tx,23,23,1,1,1787953592989589104,1787953592989379067,5170074397325,5170074416084,72,0,0
rx,24,24,1,1,1787953593005607790,1787953593004930993,5170090415862,0,0,0,0
tx,24,24,1,1,1787953593005611345,1787953593004930993,5170090419529,5170090434510,72,0,0
rx,25,25,1,1,1787953593019477364,1787953593019369271,5170104285399,0,0,0,0
tx,25,25,1,1,1787953593019481401,1787953593019369271,5170104289621,5170104306510,72,0,0
rx,26,26,1,1,1787953593035523864,1787953593034730660,5170120331936,0,0,0,0
tx,26,26,1,1,1787953593035529808,1787953593034730660,5170120337992,5170120357251,72,0,0
rx,27,27,1,1,1787953593049435901,1787953593049373049,5170134243955,0,0,0,0
tx,27,27,1,1,1787953593049439271,1787953593049373049,5170134247473,5170134260973,72,0,0
rx,28,28,1,1,1787953593065516679,1787953593064734734,5170150324751,0,0,0,0
tx,28,28,1,1,1787953593065520808,1787953593064734734,5170150329047,5170150345418,72,0,0
rx,29,29,1,1,1787953593079485493,1787953593079339401,5170164293547,0,0,0,0
tx,29,29,1,1,1787953593079489234,1787953593079339401,5170164297418,5170164311936,72,0,0
rx,30,30,1,1,1787953593095592160,1787953593094794419,5170180400232,0,0,0,0
tx,30,30,1,1,1787953593095596327,1787953593094794419,5170180404547,5170180423677,72,0,0
rx,31,31,1,1,1787953593110616864,1787953593110159790,5170195424936,0,0,0,0
tx,31,31,1,1,1787953593110620697,1787953593110159790,5170195428955,5170195448695,72,0,0
rx,32,32,1,1,1787953593125672623,1787953593124699827,5170210480695,0,0,0,0
tx,32,32,1,1,1787953593125676271,1787953593124699827,5170210484510,5170210498584,72,0,0
rx,33,33,1,1,1787953593140697253,1787953593139647234,5170225505325,0,0,0,0
tx,33,33,1,1,1787953593140701567,1787953593139647234,5170225509806,5170225528621,72,0,0
rx,34,34,1,1,1787953593154680419,1787953593154442104,5170239488455,0,0,0,0
tx,34,34,1,1,1787953593154684086,1787953593154442104,5170239492344,5170239508288,72,0,0
rx,35,35,1,1,1787953593169590086,1787953593169370641,5170254398140,0,0,0,0
tx,35,35,1,1,1787953593169593734,1787953593169370641,5170254401992,5170254415806,72,0,0
rx,36,36,1,1,1787953593184534753,1787953593184469401,5170269342825,0,0,0,0
tx,36,36,1,1,1787953593184538215,1787953593184469401,5170269346399,5170269359288,72,0,0
rx,37,37,1,1,1787953593200052623,1787953593199578975,5170284860677,0,0,0,0
tx,37,37,1,1,1787953593200056993,1787953593199578975,5170284865232,5170284883955,72,0,0
rx,38,38,1,1,1787953593215007715,1787953593214780919,5170299815769,0,0,0,0
tx,38,38,1,1,1787953593215011660,1787953593214780919,5170299819899,5170299837899,72,0,0
rx,39,39,1,1,1787953593229961141,1787953593229565623,5170314769214,0,0,0,0
tx,39,39,1,1,1787953593229964567,1787953593229565623,5170314772825,5170314786862,72,0,0
rx,40,40,1,1,1787953593245004290,1787953593244642419,5170329812362,0,0,0,0
tx,40,40,1,1,1787953593245008993,1787953593244642419,5170329817251,5170329834677,72,0,0
rx,41,41,1,1,1787953593259940290,1787953593259355456,5170344748362,0,0,0,0
tx,41,41,1,1,1787953593259945938,1787953593259355456,5170344754121,5170344769455,72,0,0
rx,42,42,1,1,1787953593274878660,1787953593274314697,5170359686714,0,0,0,0
tx,42,42,1,1,1787953593274882178,1787953593274314697,5170359690362,5170359702584,72,0,0
rx,43,43,1,1,1787953593290103215,1787953593289600419,5170374911288,0,0,0,0
tx,43,43,1,1,1787953593290107197,1787953593289600419,5170374915436,5170374934955,72,0,0
rx,44,44,1,1,1787953593305027975,1787953593304466938,5170389836047,0,0,0,0
tx,44,44,1,1,1787953593305031475,1787953593304466938,5170389839658,5170389852677,72,0,0
rx,45,45,1,1,1787953593319976123,1787953593319816789,5170404784195,0,0,0,0
tx,45,45,1,1,1787953593319980067,1787953593319816789,5170404788251,5170404807584,72,0,0
rx,46,46,1,1,1787953593335290864,1787953593334822252,5170420098936,0,0,0,0
tx,46,46,1,1,1787953593335294975,1787953593334822252,5170420103325,5170420122455,72,0,0
rx,47,47,1,1,1787953593350226549,1787953593349358975,5170435034621,0,0,0,0
tx,47,47,1,1,1787953593350229864,1787953593349358975,5170435038047,5170435050640,72,0,0
rx,48,48,1,1,1787953593365149734,1787953593364548364,5170449957806,0,0,0,0
tx,48,48,1,1,1787953593365154623,1787953593364548364,5170449962806,5170449976214,72,0,0
rx,49,49,1,1,1787953593380086734,1787953593379607012,5170464894806,0,0,0,0
tx,49,49,1,1,1787953593380090086,1787953593379607012,5170464898269,5170464911103,72,0,0
rx,50,50,1,1,1787953593395207456,1787953593394508086,5170480015510,0,0,0,0
tx,50,50,1,1,1787953593395211252,1787953593394508086,5170480019510,5170480037473,72,0,0
rx,51,51,1,1,1787953593410161215,1787953593409339715,5170494969288,0,0,0,0
tx,51,51,1,1,1787953593410164660,1787953593409339715,5170494972843,5170494986047,72,0,0
rx,52,52,1,1,1787953593425108067,1787953593425075956,5170509916140,0,0,0,0
tx,52,52,1,1,1787953593425111808,1787953593425075956,5170509919991,5170509935862,72,0,0
rx,53,53,1,1,1787953593440071882,1787953593439529012,5170524879936,0,0,0,0
tx,53,53,1,1,1787953593440075660,1787953593439529012,5170524883917,5170524903362,72,0,0
rx,54,54,1,1,1787953593455008882,1787953593454613363,5170539816954,0,0,0,0
tx,54,54,1,1,1787953593455012308,1787953593454613363,5170539820510,5170539833769,72,0,0
rx,55,55,1,1,1787953593469935623,1787953593469863882,5170554743695,0,0,0,0
tx,55,55,1,1,1787953593469940419,1787953593469863882,5170554748732,5170554762010,72,0,0
rx,56,56,1,1,1787953593484872012,1787953593484369512,5170569680066,0,0,0,0
tx,56,56,1,1,1787953593484875456,1787953593484369512,5170569683640,5170569696510,72,0,0
rx,57,57,1,1,1787953593499886845,1787953593499728697,5170584694899,0,0,0,0
tx,57,57,1,1,1787953593499890919,1787953593499728697,5170584699177,5170584717843,72,0,0
rx,58,58,1,1,1787953593514841215,1787953593514605549,5170599649269,0,0,0,0
tx,58,58,1,1,1787953593514845141,1787953593514605549,5170599653325,5170599671806,72,0,0
rx,59,59,1,1,1787953593530855789,1787953593529837826,5170615663862,0,0,0,0
tx,59,59,1,1,1787953593530859067,1787953593529837826,5170615667251,5170615680806,72,0,0
rx,60,60,1,1,1787953593545022678,1787953593544573956,5170629830751,0,0,0,0
tx,60,60,1,1,1787953593545026400,1787953593544573956,5170629834658,5170629852936,72,0,0
rx,61,61,1,1,1787953593559963752,1787953593559428049,5170644771825,0,0,0,0
tx,61,61,1,1,1787953593559967252,1787953593559428049,5170644775436,5170644789806,72,0,0
rx,62,62,1,1,1787953593574908104,1787953593574662419,5170659716177,0,0,0,0
tx,62,62,1,1,1787953593574911512,1787953593574662419,5170659719695,5170659733362,72,0,0
rx,63,63,1,1,1787953593589614141,1787953593589450586,5170674422214,0,0,0,0
tx,63,63,1,1,1787953593589618252,1787953593589450586,5170674426510,5170674448621,72,0,0
rx,64,64,1,1,1787953593605584845,1787953593604736234,5170690392899,0,0,0,0
tx,64,64,1,1,1787953593605588345,1787953593604736234,5170690396658,5170690410010,72,0,0
rx,65,65,1,1,1787953593620536974,1787953593619471178,5170705345028,0,0,0,0
tx,65,65,1,1,1787953593620540752,1787953593619471178,5170705349010,5170705366510,72,0,0
rx,66,66,1,1,1787953593635489104,1787953593634980715,5170720297177,0,0,0,0
tx,66,66,1,1,1787953593635492808,1787953593634980715,5170720301065,5170720322121,72,0,0
rx,67,67,1,1,1787953593650399993,1787953593649620123,5170735208065,0,0,0,0
tx,67,67,1,1,1787953593650403474,1787953593649620123,5170735211714,5170735225806,72,0,0
rx,68,68,1,1,1787953593665333937,1787953593664652586,5170750141917,0,0,0,0
tx,68,68,1,1,1787953593665337215,1787953593664652586,5170750145473,5170750159195,72,0,0
rx,69,69,1,1,1787953593680327252,1787953593679870493,5170765135306,0,0,0,0
tx,69,69,1,1,1787953593680331011,1787953593679870493,5170765139269,5170765157751,72,0,0
rx,70,70,1,1,1787953593695262660,1787953593694778715,5170780070732,0,0,0,0
tx,70,70,1,1,1787953593695267734,1787953593694778715,5170780075917,5170780089973,72,0,0
rx,71,71,1,1,1787953593710191974,1787953593709865326,5170795000047,0,0,0,0
tx,71,71,1,1,1787953593710195437,1787953593709865326,5170795003621,5170795017177,72,0,0
rx,72,72,1,1,1787953593725144456,1787953593724601548,5170809952528,0,0,0,0
tx,72,72,1,1,1787953593725148363,1787953593724601548,5170809956843,5170809974102,72,0,0
rx,73,73,1,1,1787953593740069826,1787953593739539197,5170824877880,0,0,0,0
tx,73,73,1,1,1787953593740073882,1787953593739539197,5170824882139,5170824901714,72,0,0
rx,74,74,1,1,1787953593755006734,1787953593754440326,5170839814788,0,0,0,0
tx,74,74,1,1,1787953593755010382,1787953593754440326,5170839818565,5170839832102,72,0,0
rx,75,75,1,1,1787953593769945178,1787953593769477234,5170854753232,0,0,0,0
tx,75,75,1,1,1787953593769949215,1787953593769477234,5170854757380,5170854771343,72,0,0
rx,76,76,1,1,1787953593785010234,1787953593784797234,5170869818306,0,0,0,0
tx,76,76,1,1,1787953593785014289,1787953593784797234,5170869822528,5170869842399,72,0,0
rx,77,77,1,1,1787953593799964363,1787953593799451493,5170884772436,0,0,0,0
tx,77,77,1,1,1787953593799969826,1787953593799451493,5170884778047,5170884791825,72,0,0
rx,78,78,1,1,1787953593814933956,1787953593814685771,5170899742028,0,0,0,0
tx,78,78,1,1,1787953593814938085,1787953593814685771,5170899746269,5170899765713,72,0,0
rx,79,79,1,1,1787953593829851919,1787953593829740752,5170914659862,0,0,0,0
tx,79,79,1,1,1787953593829855863,1787953593829740752,5170914664121,5170914677121,72,0,0
rx,80,80,1,1,1787953593845091345,1787953593844927993,5170929899399,0,0,0,0
tx,80,80,1,1,1787953593845095289,1787953593844927993,5170929903547,5170929921010,72,0,0
rx,81,81,1,1,1787953593860217400,1787953593859684641,5170945025473,0,0,0,0
tx,81,81,1,1,1787953593860221882,1787953593859684641,5170945030121,5170945058454,72,0,0
rx,82,82,1,1,1787953593876275993,1787953593875242604,5170961084047,0,0,0,0
tx,82,82,1,1,1787953593876279863,1787953593875242604,5170961088047,5170961104325,72,0,0
rx,83,83,1,1,1787953593890218789,1787953593889669937,5170975026862,0,0,0,0
tx,83,83,1,1,1787953593890222956,1787953593889669937,5170975031176,5170975050825,72,0,0
rx,84,84,1,1,1787953593905164734,1787953593904391474,5170989972788,0,0,0,0
tx,84,84,1,1,1787953593905168197,1787953593904391474,5170989976399,5170989991010,72,0,0
rx,85,85,1,1,1787953593920335641,1787953593919734326,5171005143713,0,0,0,0
tx,85,85,1,1,1787953593920342993,1787953593919734326,5171005151232,5171005173954,72,0,0
rx,86,86,1,1,1787953593935390548,1787953593935341252,5171020198621,0,0,0,0
tx,86,86,1,1,1787953593935394826,1787953593935341252,5171020203065,5171020233047,72,0,0
rx,87,87,1,1,1787953593950367382,1787953593950193752,5171035175454,0,0,0,0
tx,87,87,1,1,1787953593950371048,1787953593950193752,5171035179232,5171035193787,72,0,0
rx,88,88,1,1,1787953593965342937,1787953593964890493,5171050150991,0,0,0,0
tx,88,88,1,1,1787953593965346567,1787953593964890493,5171050154750,5171050170880,72,0,0
rx,89,89,1,1,1787953593980300104,1787953593979649493,5171065108176,0,0,0,0
tx,89,89,1,1,1787953593980304178,1787953593979649493,5171065112454,5171065129973,72,0,0
rx,90,90,1,1,1787953593995260845,1787953593994404530,5171080068917,0,0,0,0
tx,90,90,1,1,1787953593995264419,1787953593994404530,5171080072602,5171080085824,72,0,0
rx,91,91,1,1,1787953594010205252,1787953594009607067,5171095013324,0,0,0,0
tx,91,91,1,1,1787953594010208696,1787953594009607067,5171095016880,5171095029824,72,0,0
rx,92,92,1,1,1787953594025161734,1787953594024435641,5171109969806,0,0,0,0
tx,92,92,1,1,1787953594025167252,1787953594024435641,5171109975491,5171109991973,72,0,0
rx,93,93,1,1,1787953594040129011,1787953594039527345,5171124937065,0,0,0,0
tx,93,93,1,1,1787953594040133419,1787953594039527345,5171124941602,5171124958510,72,0,0
rx,94,94,1,1,1787953594055087196,1787953594054873678,5171139895269,0,0,0,0
tx,94,94,1,1,1787953594055090826,1787953594054873678,5171139899084,5171139912565,72,0,0
rx,95,95,1,1,1787953594070054715,1787953594070006326,5171154862787,0,0,0,0
tx,95,95,1,1,1787953594070058326,1787953594070006326,5171154866510,5171154880380,72,0,0
rx,96,96,1,1,1787953594085010104,1787953594084795252,5171169818176,0,0,0,0
tx,96,96,1,1,1787953594085013789,1787953594084795252,5171169822047,5171169840047,72,0,0
rx,97,97,1,1,1787953594099986604,1787953594099418882,5171184794676,0,0,0,0
tx,97,97,1,1,1787953594099990715,1787953594099418882,5171184798973,5171184813713,72,0,0
rx,98,98,1,1,1787953594114949789,1787953594114514252,5171199757750,0,0,0,0
tx,98,98,1,1,1787953594114953659,1787953594114514252,5171199761898,5171199777565,72,0,0
rx,99,99,1,1,1787953594129906567,1787953594129684715,5171214714639,0,0,0,0
tx,99,99,1,1,1787953594129913215,1787953594129684715,5171214721454,5171214738639,72,0,0
rx,100,100,1,1,1787953594145929585,1787953594144920548,5171230737658,0,0,0,0
tx,100,100,1,1,1787953594145935067,1787953594144920548,5171230743306,5171230758084,72,0,0
rx,101,101,1,1,1787953594160842326,1787953594160220233,5171245650398,0,0,0,0
tx,101,101,1,1,1787953594160846104,1787953594160220233,5171245654343,5171245668491,72,0,0
rx,102,102,1,1,1787953594174725196,1787953594174617307,5171259533269,0,0,0,0
tx,102,102,1,1,1787953594174728715,1787953594174617307,5171259536898,5171259549898,72,0,0
rx,103,103,1,1,1787953594190761845,1787953594189742400,5171275569917,0,0,0,0
tx,103,103,1,1,1787953594190766085,1787953594189742400,5171275574361,5171275591621,72,0,0
rx,104,104,1,1,1787953594204655104,1787953594204470733,5171289463158,0,0,0,0
tx,104,104,1,1,1787953594204658770,1787953594204470733,5171289466954,5171289479361,72,0,0
rx,105,105,1,1,1787953594219637659,1787953594219600289,5171304445732,0,0,0,0
tx,105,105,1,1,1787953594219651307,1787953594219600289,5171304459528,5171304475732,72,0,0
rx,106,106,1,1,1787953594234606215,1787953594234502493,5171319414287,0,0,0,0
tx,106,106,1,1,1787953594234612307,1787953594234502493,5171319420602,5171319437195,72,0,0
rx,107,107,1,1,1787953594250644585,1787953594249682456,5171335452658,0,0,0,0
tx,107,107,1,1,1787953594250649789,1787953594249682456,5171335457972,5171335471435,72,0,0
rx,108,108,1,1,1787953594265603585,1787953594265220011,5171350411658,0,0,0,0
tx,108,108,1,1,1787953594265606993,1787953594265220011,5171350415176,5171350429158,72,0,0
rx,109,109,1,1,1787953594280550382,1787953594279791067,5171365358454,0,0,0,0
tx,109,109,1,1,1787953594280553956,1787953594279791067,5171365362139,5171365375732,72,0,0
rx,110,110,1,1,1787953594295501493,1787953594295012826,5171380309565,0,0,0,0
tx,110,110,1,1,1787953594295505604,1787953594295012826,5171380313917,5171380329843,72,0,0
rx,111,111,1,1,1787953594310456530,1787953594309806567,5171395264602,0,0,0,0
tx,111,111,1,1,1787953594310460067,1787953594309806567,5171395268324,5171395282787,72,0,0
rx,112,112,1,1,1787953594325413937,1787953594324441474,5171410221991,0,0,0,0
tx,112,112,1,1,1787953594325417789,1787953594324441474,5171410225972,5171410242435,72,0,0
rx,113,113,1,1,1787953594340376844,1787953594339619604,5171425184917,0,0,0,0
tx,113,113,1,1,1787953594340380696,1787953594339619604,5171425188935,5171425205806,72,0,0
rx,114,114,1,1,1787953594355331400,1787953594354524900,5171440139472,0,0,0,0
tx,114,114,1,1,1787953594355336493,1787953594354524900,5171440144695,5171440158324,72,0,0
rx,115,115,1,1,1787953594371360122,1787953594370362511,5171456168195,0,0,0,0
tx,115,115,1,1,1787953594371365252,1787953594370362511,5171456173491,5171456187324,72,0,0
rx,116,116,1,1,1787953594385268493,1787953594384520400,5171470076565,0,0,0,0
tx,116,116,1,1,1787953594385272659,1787953594384520400,5171470080898,5171470097750,72,0,0
rx,117,117,1,1,1787953594400223641,1787953594399683807,5171485031713,0,0,0,0
tx,117,117,1,1,1787953594400227307,1787953594399683807,5171485035491,5171485049324,72,0,0
rx,118,118,1,1,1787953594415178326,1787953594414258326,5171499986398,0,0,0,0
tx,118,118,1,1,1787953594415182437,1787953594414258326,5171499990621,5171500027380,72,0,0
rx,119,119,1,1,1787953594430161493,1787953594429374937,5171514969565,0,0,0,0
tx,119,119,1,1,1787953594430165530,1787953594429374937,5171514973787,5171514991324,72,0,0
rx,120,120,1,1,1787953594445136493,1787953594444609455,5171529944565,0,0,0,0
tx,120,120,1,1,1787953594445139900,1787953594444609455,5171529948083,5171529961824,72,0,0
rx,121,121,1,1,1787953594460078344,1787953594459663733,5171544886417,0,0,0,0
tx,121,121,1,1,1787953594460083511,1787953594459663733,5171544891695,5171544904491,72,0,0
rx,122,122,1,1,1787953594475027641,1787953594474837085,5171559835713,0,0,0,0
tx,122,122,1,1,1787953594475031067,1787953594474837085,5171559839250,5171559853046,72,0,0
rx,123,123,1,1,1787953594489979159,1787953594489776863,5171574787232,0,0,0,0
tx,123,123,1,1,1787953594489982992,1787953594489776863,5171574791250,5171574807380,72,0,0
rx,124,124,1,1,1787953594504952733,1787953594504896826,5171589760806,0,0,0,0
tx,124,124,1,1,1787953594504956233,1787953594504896826,5171589764454,5171589778343,72,0,0
rx,125,125,1,1,1787953594520975011,1787953594520053548,5171605783083,0,0,0,0
tx,125,125,1,1,1787953594520978826,1787953594520053548,5171605787120,5171605803398,72,0,0
rx,126,126,1,1,1787953594534874122,1787953594534259492,5171619682195,0,0,0,0
tx,126,126,1,1,1787953594534878141,1787953594534259492,5171619686417,5171619703398,72,0,0
rx,127,127,1,1,1787953594549827029,1787953594549478307,5171634635102,0,0,0,0
tx,127,127,1,1,1787953594549830604,1787953594549478307,5171634638898,5171634652269,72,0,0
rx,128,128,1,1,1787953594564779141,1787953594564363270,5171649587213,0,0,0,0
tx,128,128,1,1,1787953594564784085,1787953594564363270,5171649592417,5171649607324,72,0,0
rx,129,129,1,1,1787953594580816270,1787953594580254900,5171665624343,0,0,0,0
tx,129,129,1,1,1787953594580822437,1787953594580254900,5171665630750,5171665648509,72,0,0
rx,130,130,1,1,1787953594594713233,1787953594594372270,5171679521306,0,0,0,0
tx,130,130,1,1,1787953594594717104,1787953594594372270,5171679525306,5171679540398,72,0,0
rx,131,131,1,1,1787953594609664011,1787953594609368029,5171694472083,0,0,0,0
tx,131,131,1,1,1787953594609667659,1787953594609368029,5171694475843,5171694489380,72,0,0
rx,132,132,1,1,1787953594625714918,1787953594624998159,5171710522972,0,0,0,0
tx,132,132,1,1,1787953594625719104,1787953594624998159,5171710527287,5171710546509,72,0,0
rx,133,133,1,1,1787953594640690159,1787953594639686141,5171725498232,0,0,0,0
tx,133,133,1,1,1787953594640694066,1787953594639686141,5171725502250,5171725522194,72,0,0
rx,134,134,1,1,1787953594654587974,1787953594654344696,5171739396046,0,0,0,0
tx,134,134,1,1,1787953594654591492,1787953594654344696,5171739399676,5171739413176,72,0,0
rx,135,135,1,1,1787953594669556900,1787953594669506474,5171754364935,0,0,0,0
tx,135,135,1,1,1787953594669562529,1787953594669506474,5171754370769,5171754384935,72,0,0
rx,136,136,1,1,1787953594685578196,1787953594685056752,5171770386269,0,0,0,0
tx,136,136,1,1,1787953594685584233,1787953594685056752,5171770392491,5171770409435,72,0,0
rx,137,137,1,1,1787953594700550474,1787953594699716881,5171785358546,0,0,0,0
tx,137,137,1,1,1787953594700553918,1787953594699716881,5171785362102,5171785375713,72,0,0
rx,138,138,1,1,1787953594714438696,1787953594714322455,5171799246769,0,0,0,0
tx,138,138,1,1,1787953594714442548,1787953594714322455,5171799250731,5171799268102,72,0,0
rx,139,139,1,1,1787953594730464770,1787953594729768548,5171815272843,0,0,0,0
tx,139,139,1,1,1787953594730469122,1787953594729768548,5171815277398,5171815295639,72,0,0
rx,140,140,1,1,1787953594745431178,1787953594744653159,5171830239250,0,0,0,0
tx,140,140,1,1,1787953594745434937,1787953594744653159,5171830243120,5171830256768,72,0,0
rx,141,141,1,1,1787953594760376640,1787953594759492363,5171845184713,0,0,0,0
tx,141,141,1,1,1787953594760380344,1787953594759492363,5171845188528,5171845202454,72,0,0
rx,142,142,1,1,1787953594775335789,1787953594774278474,5171860143861,0,0,0,0
tx,142,142,1,1,1787953594775340196,1787953594774278474,5171860148398,5171860166602,72,0,0
rx,143,143,1,1,1787953594790292289,1787953594789683437,5171875100361,0,0,0,0
tx,143,143,1,1,1787953594790297511,1787953594789683437,5171875105694,5171875118768,72,0,0
rx,144,144,1,1,1787953594805234233,1787953594804382159,5171890042305,0,0,0,0
tx,144,144,1,1,1787953594805237640,1787953594804382159,5171890045824,5171890058565,72,0,0
rx,145,145,1,1,1787953594820184492,1787953594819330344,5171904992565,0,0,0,0
tx,145,145,1,1,1787953594820188789,1787953594819330344,5171904997028,5171905014509,72,0,0
rx,146,146,1,1,1787953594835149011,1787953594834400770,5171919957083,0,0,0,0
tx,146,146,1,1,1787953594835152826,1787953594834400770,5171919961268,5171919979231,72,0,0
rx,147,147,1,1,1787953594850135066,1787953594849267826,5171934943139,0,0,0,0
tx,147,147,1,1,1787953594850138770,1787953594849267826,5171934947065,5171934961842,72,0,0
rx,148,148,1,1,1787953594865125437,1787953594864319437,5171949933509,0,0,0,0
tx,148,148,1,1,1787953594865129659,1787953594864319437,5171949937842,5171949960009,72,0,0
rx,149,149,1,1,1787953594880107752,1787953594879419011,5171964915750,0,0,0,0
tx,149,149,1,1,1787953594880111900,1787953594879419011,5171964920083,5171964940880,72,0,0
rx,150,150,1,1,1787953594895069955,1787953594894948381,5171979878028,0,0,0,0
tx,150,150,1,1,1787953594895075214,1787953594894948381,5171979883398,5171979897935,72,0,0
rx,151,151,1,1,1787953594910017270,1787953594909720714,5171994825342,0,0,0,0
tx,151,151,1,1,1787953594910020789,1787953594909720714,5171994829102,5171994842509,72,0,0
rx,152,152,1,1,1787953594924977603,1787953594924838603,5172009785676,0,0,0,0
tx,152,152,1,1,1787953594924981548,1787953594924838603,5172009789805,5172009809657,72,0,0
rx,153,153,1,1,1787953594939949307,1787953594939503789,5172024757379,0,0,0,0
tx,153,153,1,1,1787953594939953289,1787953594939503789,5172024761528,5172024779861,72,0,0
rx,154,154,1,1,1787953594954923863,1787953594954555640,5172039731935,0,0,0,0
tx,154,154,1,1,1787953594954927326,1787953594954555640,5172039735509,5172039749694,72,0,0
rx,155,155,1,1,1787953594969894177,1787953594969618400,5172054702250,0,0,0,0
tx,155,155,1,1,1787953594969898029,1787953594969618400,5172054706213,5172054720991,72,0,0
rx,156,156,1,1,1787953594984851529,1787953594984378807,5172069659602,0,0,0,0
tx,156,156,1,1,1787953594984855455,1787953594984378807,5172069663731,5172069681416,72,0,0
rx,157,157,1,1,1787953595000883511,1787953595000148214,5172085691583,0,0,0,0
tx,157,157,1,1,1787953595000887029,1787953595000148214,5172085695231,5172085709268,72,0,0
rx,158,158,1,1,1787953595015839011,1787953595015330955,5172100646787,0,0,0,0
tx,158,158,1,1,1787953595015844974,1787953595015330955,5172100653157,5172100672157,72,0,0
rx,159,159,1,1,1787953595030822307,1787953595029824548,5172115630379,0,0,0,0
tx,159,159,1,1,1787953595030826455,1787953595029824548,5172115634750,5172115651861,72,0,0
rx,160,160,1,1,1787953595044718048,1787953595044608974,5172129526120,0,0,0,0
tx,160,160,1,1,1787953595044721474,1787953595044608974,5172129529657,5172129542731,72,0,0
rx,161,161,1,1,1787953595060745251,1787953595059742381,5172145553324,0,0,0,0
tx,161,161,1,1,1787953595060748640,1787953595059742381,5172145556824,5172145570398,72,0,0
rx,162,162,1,1,1787953595075702788,1787953595075184270,5172160510768,0,0,0,0
tx,162,162,1,1,1787953595075706825,1787953595075184270,5172160515046,5172160534898,72,0,0
rx,163,163,1,1,1787953595090664603,1787953595089644325,5172175472676,0,0,0,0
tx,163,163,1,1,1787953595090668048,1787953595089644325,5172175476231,5172175489861,72,0,0
rx,164,164,1,1,1787953595105609214,1787953595105056400,5172190417268,0,0,0,0
tx,164,164,1,1,1787953595105612770,1787953595105056400,5172190420953,5172190434472,72,0,0
rx,165,165,1,1,1787953595119512788,1787953595119438381,5172204320861,0,0,0,0
tx,165,165,1,1,1787953595119518307,1787953595119438381,5172204326490,5172204357490,72,0,0
rx,166,166,1,1,1787953595135562566,1787953595134589418,5172220370528,0,0,0,0
tx,166,166,1,1,1787953595135567066,1787953595134589418,5172220375250,5172220392139,72,0,0
rx,167,167,1,1,1787953595149461548,1787953595149404603,5172234269620,0,0,0,0
tx,167,167,1,1,1787953595149465122,1787953595149404603,5172234273305,5172234286305,72,0,0
rx,168,168,1,1,1787953595164413770,1787953595164253844,5172249221842,0,0,0,0
tx,168,168,1,1,1787953595164417455,1787953595164253844,5172249225639,5172249239250,72,0,0
rx,169,169,1,1,1787953595180431288,1787953595179551048,5172265239250,0,0,0,0
tx,169,169,1,1,1787953595180435399,1787953595179551048,5172265243750,5172265261694,72,0,0
rx,170,170,1,1,1787953595195387640,1787953595194563048,5172280195713,0,0,0,0
tx,170,170,1,1,1787953595195391270,1787953595194563048,5172280199453,5172280212879,72,0,0
rx,171,171,1,1,1787953595210330955,1787953595210239622,5172295139027,0,0,0,0
tx,171,171,1,1,1787953595210334418,1787953595210239622,5172295142602,5172295156435,72,0,0
rx,172,172,1,1,1787953595225311566,1787953595224402862,5172310119527,0,0,0,0
tx,172,172,1,1,1787953595225315640,1787953595224402862,5172310123898,5172310143731,72,0,0
rx,173,173,1,1,1787953595240292233,1787953595239816918,5172325100213,0,0,0,0
tx,173,173,1,1,1787953595240298566,1787953595239816918,5172325106750,5172325133472,72,0,0
rx,174,174,1,1,1787953595255254955,1787953595254242085,5172340063009,0,0,0,0
tx,174,174,1,1,1787953595255258270,1787953595254242085,5172340066453,5172340078972,72,0,0
rx,175,175,1,1,1787953595270223918,1787953595269851011,5172355031972,0,0,0,0
tx,175,175,1,1,1787953595270227270,1787953595269851011,5172355035453,5172355049361,72,0,0
rx,176,176,1,1,1787953595285174196,1787953595284778233,5172369982268,0,0,0,0
tx,176,176,1,1,1787953595285177918,1787953595284778233,5172369986176,5172370003157,72,0,0
rx,177,177,1,1,1787953595301190844,1787953595300516788,5172385998916,0,0,0,0
tx,177,177,1,1,1787953595301194399,1787953595300516788,5172386002657,5172386016083,72,0,0
rx,178,178,1,1,1787953595315110677,1787953595315076177,5172399918750,0,0,0,0
tx,178,178,1,1,1787953595315124992,1787953595315076177,5172399933176,5172399948657,72,0,0
rx,179,179,1,1,1787953595330082714,1787953595329367733,5172414890768,0,0,0,0
tx,179,179,1,1,1787953595330087085,1787953595329367733,5172414895268,5172414913305,72,0,0
rx,180,180,1,1,1787953595345047159,1787953595344677270,5172429855231,0,0,0,0
tx,180,180,1,1,1787953595345052455,1787953595344677270,5172429860638,5172429875009,72,0,0
rx,181,181,1,1,1787953595359991066,1787953595359636714,5172444799120,0,0,0,0
tx,181,181,1,1,1787953595359994399,1787953595359636714,5172444802583,5172444818861,72,0,0
rx,182,182,1,1,1787953595376038788,1787953595375046548,5172460846861,0,0,0,0
tx,182,182,1,1,1787953595376042622,1787953595375046548,5172460850898,5172460868361,72,0,0
rx,183,183,1,1,1787953595389942122,1787953595389419455,5172474750194,0,0,0,0
tx,183,183,1,1,1787953595389945936,1787953595389419455,5172474754120,5172474768138,72,0,0
rx,184,184,1,1,1787953595404886862,1787953595404441918,5172489694935,0,0,0,0
tx,184,184,1,1,1787953595404890585,1787953595404441918,5172489698768,5172489711509,72,0,0
rx,185,185,1,1,1787953595420903418,1787953595420460881,5172505711490,0,0,0,0
tx,185,185,1,1,1787953595420906899,1787953595420460881,5172505715083,5172505731861,72,0,0
rx,186,186,1,1,1787953595434800085,1787953595434337603,5172519608157,0,0,0,0
tx,186,186,1,1,1787953595434804196,1787953595434337603,5172519612509,5172519630490,72,0,0
rx,187,187,1,1,1787953595449775714,1787953595449745233,5172534583787,0,0,0,0
tx,187,187,1,1,1787953595449802436,1787953595449745233,5172534610620,5172534623398,72,0,0
rx,188,188,1,1,1787953595464762973,1787953595464551270,5172549571046,0,0,0,0
tx,188,188,1,1,1787953595464766251,1787953595464551270,5172549574435,5172549588175,72,0,0
rx,189,189,1,1,1787953595479730899,1787953595479451436,5172564538972,0,0,0,0
tx,189,189,1,1,1787953595479734881,1787953595479451436,5172564543064,5172564559879,72,0,0
rx,190,190,1,1,1787953595495755010,1787953595494752066,5172580563083,0,0,0,0
tx,190,190,1,1,1787953595495758510,1787953595494752066,5172580566694,5172580580231,72,0,0
rx,191,191,1,1,1787953595510700399,1787953595510347677,5172595508472,0,0,0,0
tx,191,191,1,1,1787953595510703733,1787953595510347677,5172595511916,5172595524435,72,0,0
rx,192,192,1,1,1787953595525659270,1787953595525587603,5172610467342,0,0,0,0
tx,192,192,1,1,1787953595525663584,1787953595525587603,5172610471768,5172610492620,72,0,0
rx,193,193,1,1,1787953595539580751,1787953595539525307,5172624388824,0,0,0,0
tx,193,193,1,1,1787953595539584455,1787953595539525307,5172624392657,5172624406249,72,0,0
rx,194,194,1,1,1787953595555592214,1787953595554744510,5172640400287,0,0,0,0
tx,194,194,1,1,1787953595555595751,1787953595554744510,5172640404009,5172640417583,72,0,0
rx,195,195,1,1,1787953595570542066,1787953595569715862,5172655350138,0,0,0,0
tx,195,195,1,1,1787953595570547233,1787953595569715862,5172655355472,5172655370675,72,0,0
rx,196,196,1,1,1787953595585514696,1787953595584803047,5172670322620,0,0,0,0
tx,196,196,1,1,1787953595585522825,1787953595584803047,5172670331120,5172670361083,72,0,0
rx,197,197,1,1,1787953595600791196,1787953595599800510,5172685599212,0,0,0,0
tx,197,197,1,1,1787953595600798566,1787953595599800510,5172685606824,5172685634101,72,0,0
rx,198,198,1,1,1787953595614943788,1787953595614549621,5172699751805,0,0,0,0
tx,198,198,1,1,1787953595614951455,1787953595614549621,5172699759768,5172699787805,72,0,0
rx,199,199,1,1,1787953595631285677,1787953595631131603,5172716093675,0,0,0,0
tx,199,199,1,1,1787953595631294325,1787953595631131603,5172716102675,5172716137583,72,0,0
rx,200,200,1,1,1787953595645450103,1787953595644803844,5172730258101,0,0,0,0
tx,200,200,1,1,1787953595645457362,1787953595644803844,5172730265638,5172730292472,72,0,0
rx,201,0,1,1,1787953595659597103,1787953595659406455,5172744405101,0,0,0,0
tx,201,0,1,1,1787953595659607788,1787953595659406455,5172744416064,5172744442509,72,0,0
rx,202,1,1,1,1787953595675914918,1787953595675487251,5172760722916,0,0,0,0
tx,202,1,1,1,1787953595675927881,1787953595675487251,5172760736120,5172760769694,72,0,0
rx,203,2,1,1,1787953595690092603,1787953595689565270,5172774900601,0,0,0,0
tx,203,2,1,1,1787953595690100418,1787953595689565270,5172774908768,5172774940953,72,0,0
rx,204,3,1,1,1787953595705330881,1787953595704766251,5172790138898,0,0,0,0
tx,204,3,1,1,1787953595705338214,1787953595704766251,5172790146453,5172790174323,72,0,0
rx,205,4,1,1,1787953595720567918,1787953595720123270,5172805375823,0,0,0,0
tx,205,4,1,1,1787953595720575603,1787953595720123270,5172805383860,5172805414694,72,0,0
rx,206,5,1,1,1787953595736943492,1787953595736343788,5172821751435,0,0,0,0
tx,206,5,1,1,1787953595736951436,1787953595736343788,5172821759694,5172821792009,72,0,0
rx,207,6,1,1,1787953595750044899,1787953595749816621,5172834852898,0,0,0,0
tx,207,6,1,1,1787953595750052121,1787953595749816621,5172834860435,5172834887805,72,0,0
rx,208,7,1,1,1787953595765342029,1787953595764609232,5172850150027,0,0,0,0
tx,208,7,1,1,1787953595765349399,1787953595764609232,5172850157657,5172850186638,72,0,0
rx,209,8,1,1,1787953595780610269,1787953595779611251,5172865418268,0,0,0,0
tx,209,8,1,1,1787953595780622010,1787953595779611251,5172865430268,5172865461731,72,0,0
rx,210,9,1,1,1787953595794799584,1787953595794618344,5172879607601,0,0,0,0
tx,210,9,1,1,1787953595794807158,1787953595794618344,5172879615416,5172879641675,72,0,0
rx,211,10,1,1,1787953595810036455,1787953595809373640,5172894844416,0,0,0,0
tx,211,10,1,1,1787953595810043807,1787953595809373640,5172894852064,5172894879101,72,0,0
rx,212,11,1,1,1787953595825314325,1787953595824417714,5172910122231,0,0,0,0
tx,212,11,1,1,1787953595825323158,1787953595824417714,5172910131397,5172910166805,72,0,0
rx,213,12,1,1,1787953595840558029,1787953595840353788,5172925366046,0,0,0,0
tx,213,12,1,1,1787953595840565529,1787953595840353788,5172925373768,5172925401286,72,0,0
rx,214,13,1,1,1787953595855837344,1787953595854843695,5172940645323,0,0,0,0
tx,214,13,1,1,1787953595855845399,1787953595854843695,5172940653675,5172940683490,72,0,0
rx,215,14,1,1,1787953595870116640,1787953595869795066,5172954924546,0,0,0,0
tx,215,14,1,1,1787953595870125769,1787953595869795066,5172954934009,5172954971860,72,0,0
rx,216,15,1,1,1787953595885384029,1787953595884786269,5172970192027,0,0,0,0
tx,216,15,1,1,1787953595885395695,1787953595884786269,5172970203953,5172970234583,72,0,0
rx,217,16,1,1,1787953595900634084,1787953595899586251,5172985442101,0,0,0,0
tx,217,16,1,1,1787953595900645492,1787953595899586251,5172985453749,5172985480434,72,0,0
rx,218,17,1,1,1787953595914796806,1787953595914389251,5172999604805,0,0,0,0
tx,218,17,1,1,1787953595914805343,1787953595914389251,5172999613601,5172999642620,72,0,0
rx,219,18,1,1,1787953595930103399,1787953595929995177,5173014911342,0,0,0,0
tx,219,18,1,1,1787953595930112769,1787953595929995177,5173014921009,5173014955842,72,0,0
rx,220,19,1,1,1787953595945384269,1787953595945130584,5173030192268,0,0,0,0
tx,220,19,1,1,1787953595945392269,1787953595945130584,5173030200527,5173030230175,72,0,0
rx,221,20,1,1,1787953595959554621,1787953595959447047,5173044362638,0,0,0,0
tx,221,20,1,1,1787953595959561918,1787953595959447047,5173044370175,5173044396971,72,0,0
rx,222,21,1,1,1787953595975844029,1787953595974805843,5173060652027,0,0,0,0
tx,222,21,1,1,1787953595975851918,1787953595974805843,5173060660157,5173060696453,72,0,0
rx,223,22,1,1,1787953595991149862,1787953595990692658,5173075957860,0,0,0,0
tx,223,22,1,1,1787953595991157103,1787953595990692658,5173075965360,5173075994138,72,0,0
rx,224,23,1,1,1787953596005314547,1787953596004779584,5173090122527,0,0,0,0
tx,224,23,1,1,1787953596005325584,1787953596004779584,5173090133842,5173090160546,72,0,0
rx,225,24,1,1,1787953596020578714,1787953596020265492,5173105386601,0,0,0,0
tx,225,24,1,1,1787953596020586695,1787953596020265492,5173105395046,5173105429194,72,0,0
rx,226,25,1,1,1787953596035855566,1787953596035032843,5173120663583,0,0,0,0
tx,226,25,1,1,1787953596035863751,1787953596035032843,5173120672045,5173120705008,72,0,0
rx,227,26,1,1,1787953596050039677,1787953596049732751,5173134847675,0,0,0,0
tx,227,26,1,1,1787953596050047269,1787953596049732751,5173134855638,5173134882397,72,0,0
rx,228,27,1,1,1787953596065291047,1787953596064839843,5173150099064,0,0,0,0
tx,228,27,1,1,1787953596065298714,1787953596064839843,5173150106953,5173150137120,72,0,0
rx,229,28,1,1,1787953596080527380,1787953596079809306,5173165335379,0,0,0,0
tx,229,28,1,1,1787953596080535695,1787953596079809306,5173165343953,5173165376434,72,0,0
rx,230,29,1,1,1787953596095765158,1787953596095012547,5173180573064,0,0,0,0
tx,230,29,1,1,1787953596095772269,1787953596095012547,5173180580657,5173180607620,72,0,0
rx,231,30,1,1,1787953596109899695,1787953596109402917,5173194707712,0,0,0,0
tx,231,30,1,1,1787953596109910417,1787953596109402917,5173194718657,5173194746064,72,0,0
rx,232,31,1,1,1787953596125152084,1787953596124736603,5173209959879,0,0,0,0
tx,232,31,1,1,1787953596125160677,1787953596124736603,5173209969045,5173210004490,72,0,0
rx,233,32,1,1,1787953596140410010,1787953596139906825,5173225218027,0,0,0,0
tx,233,32,1,1,1787953596140417751,1787953596139906825,5173225226120,5173225254268,72,0,0
rx,234,33,1,1,1787953596155630177,1787953596155450417,5173240438194,0,0,0,0
tx,234,33,1,1,1787953596155637325,1787953596155450417,5173240445582,5173240472638,72,0,0
rx,235,34,1,1,1787953596170871380,1787953596169823103,5173255679323,0,0,0,0
tx,235,34,1,1,1787953596170879214,1787953596169823103,5173255687453,5173255721805,72,0,0
rx,236,35,1,1,1787953596185059603,1787953596184707510,5173269867601,0,0,0,0
tx,236,35,1,1,1787953596185066936,1787953596184707510,5173269875194,5173269902731,72,0,0
rx,237,36,1,1,1787953596200305658,1787953596199738066,5173285113675,0,0,0,0
tx,237,36,1,1,1787953596200312954,1787953596199738066,5173285121212,5173285147249,72,0,0
rx,238,37,1,1,1787953596215609862,1787953596215492732,5173300417860,0,0,0,0
tx,238,37,1,1,1787953596215618973,1787953596215492732,5173300427249,5173300460564,72,0,0
rx,239,38,1,1,1787953596230862658,1787953596230114788,5173315670675,0,0,0,0
tx,239,38,1,1,1787953596230874566,1787953596230114788,5173315682897,5173315714601,72,0,0
rx,240,39,1,1,1787953596246105066,1787953596245079010,5173330913045,0,0,0,0
tx,240,39,1,1,1787953596246112584,1787953596245079010,5173330920823,5173330948434,72,0,0
rx,241,40,1,1,1787953596261363714,1787953596260348140,5173346171712,0,0,0,0
tx,241,40,1,1,1787953596261371140,1787953596260348140,5173346179397,5173346207749,72,0,0
rx,242,41,1,1,1787953596275561565,1787953596274746603,5173360369471,0,0,0,0
tx,242,41,1,1,1787953596275570010,1787953596274746603,5173360378286,5173360413953,72,0,0
rx,243,42,1,1,1787953596289810528,1787953596289709214,5173374618545,0,0,0,0
tx,243,42,1,1,1787953596289817769,1787953596289709214,5173374626027,5173374654082,72,0,0
rx,244,43,1,1,1787953596305031658,1787953596304684917,5173389839656,0,0,0,0
tx,244,43,1,1,1787953596305039251,1787953596304684917,5173389847508,5173389874045,72,0,0
rx,245,44,1,1,1787953596320319806,1787953596319682195,5173405127805,0,0,0,0
tx,245,44,1,1,1787953596320329232,1787953596319682195,5173405137471,5173405177008,72,0,0
rx,246,45,1,1,1787953596334554658,1787953596334456102,5173419362675,0,0,0,0
tx,246,45,1,1,1787953596334563695,1787953596334456102,5173419371971,5173419401786,72,0,0
rx,247,46,1,1,1787953596349809195,1787953596349484177,5173434617193,0,0,0,0
tx,247,46,1,1,1787953596349817047,1787953596349484177,5173434625305,5173434653101,72,0,0
rx,248,47,1,1,1787953596366168473,1787953596365168510,5173450976490,0,0,0,0
tx,248,47,1,1,1787953596366176047,1787953596365168510,5173450984286,5173451013879,72,0,0
rx,249,48,1,1,1787953596380327195,1787953596379780695,5173465135193,0,0,0,0
tx,249,48,1,1,1787953596380335325,1787953596379780695,5173465143619,5173465174230,72,0,0
rx,250,49,1,1,1787953596395586473,1787953596395290639,5173480394416,0,0,0,0
tx,250,49,1,1,1787953596395593973,1787953596395290639,5173480402230,5173480429156,72,0,0
rx,251,50,1,1,1787953596409726621,1787953596409593917,5173494534619,0,0,0,0
tx,251,50,1,1,1787953596409734325,1787953596409593917,5173494542582,5173494569064,72,0,0
rx,252,51,1,1,1787953596425003028,1787953596424841825,5173509811027,0,0,0,0
tx,252,51,1,1,1787953596425011714,1787953596424841825,5173509820082,5173509856230,72,0,0
rx,253,52,1,1,1787953596440247658,1787953596439399473,5173525055638,0,0,0,0
tx,253,52,1,1,1787953596440258788,1787953596439399473,5173525067064,5173525094805,72,0,0
rx,254,53,1,1,1787953596455507602,1787953596454504065,5173540315601,0,0,0,0
tx,254,53,1,1,1787953596455514991,1787953596454504065,5173540323379,5173540349564,72,0,0
rx,255,54,1,1,1787953596470751362,1787953596470427399,5173555559360,0,0,0,0
tx,255,54,1,1,1787953596470759695,1787953596470427399,5173555567971,5173555602082,72,0,0
rx,256,55,1,1,1787953596484907121,1787953596484451788,5173569715119,0,0,0,0
tx,256,55,1,1,1787953596484914714,1787953596484451788,5173569722971,5173569750064,72,0,0
rx,257,56,1,1,1787953596500154732,1787953596499501788,5173584962730,0,0,0,0
tx,257,56,1,1,1787953596500162084,1787953596499501788,5173584970323,5173584996916,72,0,0
rx,258,57,1,1,1787953596515392102,1787953596514941417,5173600200101,0,0,0,0
tx,258,57,1,1,1787953596515399565,1787953596514941417,5173600207823,5173600234564,72,0,0
rx,259,58,1,1,1787953596530672991,1787953596529948102,5173615480990,0,0,0,0
tx,259,58,1,1,1787953596530681251,1787953596529948102,5173615489545,5173615524471,72,0,0
rx,260,59,1,1,1787953596545908751,1787953596545173528,5173630716767,0,0,0,0
tx,260,59,1,1,1787953596545916010,1787953596545173528,5173630724304,5173630751638,72,0,0
rx,261,60,1,1,1787953596560040084,1787953596559373788,5173644848082,0,0,0,0
tx,261,60,1,1,1787953596560047417,1787953596559373788,5173644855656,5173644883249,72,0,0
rx,262,61,1,1,1787953596575277973,1787953596575000954,5173660085934,0,0,0,0
tx,262,61,1,1,1787953596575285936,1787953596575000954,5173660094304,5173660127916,72,0,0
rx,263,62,1,1,1787953596590517065,1787953596589789325,5173675324990,0,0,0,0
tx,263,62,1,1,1787953596590524750,1787953596589789325,5173675333008,5173675360897,72,0,0
rx,264,63,1,1,1787953596605738454,1787953596605046936,5173690546471,0,0,0,0
tx,264,63,1,1,1787953596605746047,1787953596605046936,5173690554341,5173690581693,72,0,0
rx,265,64,1,1,1787953596619990139,1787953596619898176,5173704798045,0,0,0,0
tx,265,64,1,1,1787953596619999195,1787953596619898176,5173704807471,5173704840175,72,0,0
rx,266,65,1,1,1787953596635292176,1787953596634411343,5173720100193,0,0,0,0
tx,266,65,1,1,1787953596635300343,1787953596634411343,5173720108656,5173720141249,72,0,0
rx,267,66,1,1,1787953596650587954,1787953596649591491,5173735395953,0,0,0,0
tx,267,66,1,1,1787953596650595417,1787953596649591491,5173735403953,5173735431730,72,0,0
rx,268,67,1,1,1787953596664717454,1787953596664424862,5173749525471,0,0,0,0
tx,268,67,1,1,1787953596664724936,1787953596664424862,5173749533175,5173749560193,72,0,0
rx,269,68,1,1,1787953596681049750,1787953596680862028,5173765857767,0,0,0,0
tx,269,68,1,1,1787953596681058380,1787953596680862028,5173765866675,5173765900841,72,0,0
rx,270,69,1,1,1787953596696321213,1787953596695271325,5173781129230,0,0,0,0
tx,270,69,1,1,1787953596696328695,1787953596695271325,5173781136953,5173781165101,72,0,0
rx,271,70,1,1,1787953596710470899,1787953596709859176,5173795278897,0,0,0,0
tx,271,70,1,1,1787953596710478047,1787953596709859176,5173795286304,5173795312804,72,0,0
rx,272,71,1,1,1787953596724663102,1787953596724546639,5173809471119,0,0,0,0
tx,272,71,1,1,1787953596724671454,1787953596724546639,5173809479730,5173809514323,72,0,0
rx,273,72,1,1,1787953596739943084,1787953596739660028,5173824751082,0,0,0,0
tx,273,72,1,1,1787953596739950547,1787953596739660028,5173824758860,5173824786304,72,0,0
rx,274,73,1,1,1787953596757330102,1787953596756425232,5173842138101,0,0,0,0
tx,274,73,1,1,1787953596757337787,1787953596756425232,5173842146045,5173842173286,72,0,0
rx,275,74,1,1,1787953596770480010,1787953596769769158,5173855288027,0,0,0,0
tx,275,74,1,1,1787953596770492028,1787953596769769158,5173855300286,5173855332934,72,0,0
rx,276,75,1,1,1787953596785710936,1787953596785323658,5173870518952,0,0,0,0
tx,276,75,1,1,1787953596785718343,1787953596785323658,5173870526656,5173870552341,72,0,0
rx,277,76,1,1,1787953596800953510,1787953596799888139,5173885761527,0,0,0,0
tx,277,76,1,1,1787953596800961176,1787953596799888139,5173885769434,5173885796452,72,0,0
rx,278,77,1,1,1787953596816267028,1787953596815276991,5173901075027,0,0,0,0
tx,278,77,1,1,1787953596816274676,1787953596815276991,5173901082934,5173901112156,72,0,0
rx,279,78,1,1,1787953596830438195,1787953596829654232,5173915246193,0,0,0,0
tx,279,78,1,1,1787953596830446991,1787953596829654232,5173915255286,5173915289471,72,0,0
rx,280,79,1,1,1787953596845701787,1787953596845048584,5173930509767,0,0,0,0
tx,280,79,1,1,1787953596845709176,1787953596845048584,5173930517434,5173930545452,72,0,0
rx,281,80,1,1,1787953596860947361,1787953596860771936,5173945755360,0,0,0,0
tx,281,80,1,1,1787953596860956047,1787953596860771936,5173945764323,5173945800730,72,0,0
rx,282,81,1,1,1787953596875143473,1787953596875021824,5173959951397,0,0,0,0
tx,282,81,1,1,1787953596875156176,1787953596875021824,5173959964415,5173959998619,72,0,0
rx,283,82,1,1,1787953596890440806,1787953596890315417,5173975248804,0,0,0,0
tx,283,82,1,1,1787953596890448028,1787953596890315417,5173975256286,5173975284915,72,0,0
rx,284,83,1,1,1787953596904578454,1787953596904298343,5173989386452,0,0,0,0
tx,284,83,1,1,1787953596904585473,1787953596904298343,5173989393823,5173989420267,72,0,0
rx,285,84,1,1,1787953596919833806,1787953596919628954,5174004641823,0,0,0,0
tx,285,84,1,1,1787953596919842195,1787953596919628954,5174004650545,5174004687119,72,0,0
rx,286,85,1,1,1787953596935082287,1787953596934514898,5174019890304,0,0,0,0
tx,286,85,1,1,1787953596935089935,1787953596934514898,5174019898304,5174019927008,72,0,0
rx,287,86,1,1,1787953596950323084,1787953596949865917,5174035131101,0,0,0,0
tx,287,86,1,1,1787953596950330473,1787953596949865917,5174035138730,5174035165767,72,0,0
rx,288,87,1,1,1787953596965550158,1787953596965319898,5174050358175,0,0,0,0
tx,288,87,1,1,1787953596965557972,1787953596965319898,5174050366267,5174050398526,72,0,0
rx,289,88,1,1,1787953596980831250,1787953596979992454,5174065639267,0,0,0,0
tx,289,88,1,1,1787953596980838954,1787953596979992454,5174065647323,5174065675915,72,0,0
rx,290,89,1,1,1787953596995005084,1787953596994904213,5174079813082,0,0,0,0
tx,290,89,1,1,1787953596995012195,1787953596994904213,5174079820434,5174079846749,72,0,0
rx,291,90,1,1,1787953597010222232,1787953597009639898,5174095030230,0,0,0,0
tx,291,90,1,1,1787953597010229528,1787953597009639898,5174095037786,5174095065100,72,0,0
rx,292,91,1,1,1787953597025506824,1787953597024875861,5174110314841,0,0,0,0
tx,292,91,1,1,1787953597025515343,1787953597024875861,5174110323600,5174110360489,72,0,0
rx,293,92,1,1,1787953597039687213,1787953597039377398,5174124495230,0,0,0,0
tx,293,92,1,1,1787953597039695250,1787953597039377398,5174124503545,5174124532045,72,0,0
rx,294,93,1,1,1787953597054909250,1787953597054668509,5174139717267,0,0,0,0
tx,294,93,1,1,1787953597054916621,1787953597054668509,5174139724878,5174139751582,72,0,0
rx,295,94,1,1,1787953597070150232,1787953597069735547,5174154958249,0,0,0,0
tx,295,94,1,1,1787953597070158880,1787953597069735547,5174154967175,5174155001730,72,0,0
rx,296,95,1,1,1787953597085388324,1787953597085077880,5174170196323,0,0,0,0
tx,296,95,1,1,1787953597085395639,1787953597085077880,5174170203897,5174170230397,72,0,0
rx,297,96,1,1,1787953597100663565,1787953597100185639,5174185471563,0,0,0,0
tx,297,96,1,1,1787953597100674584,1787953597100185639,5174185482934,5174185510730,72,0,0
rx,298,97,1,1,1787953597115884732,1787953597115157769,5174200692730,0,0,0,0
tx,298,97,1,1,1787953597115892695,1787953597115157769,5174200700989,5174200729212,72,0,0
rx,299,98,1,1,1787953597130058102,1787953597129338306,5174214866100,0,0,0,0
tx,299,98,1,1,1787953597130066769,1787953597129338306,5174214875008,5174214909137,72,0,0
rx,300,99,1,1,1787953597145308713,1787953597144738880,5174230116711,0,0,0,0
tx,300,99,1,1,1787953597145316269,1787953597144738880,5174230124526,5174230150693,72,0,0
rx,301,100,1,1,1787953597160525732,1787953597159907287,5174245333730,0,0,0,0
tx,301,100,1,1,1787953597160533343,1787953597159907287,5174245341600,5174245367878,72,0,0
rx,302,101,1,1,1787953597175798676,1787953597174727009,5174260606693,0,0,0,0
tx,302,101,1,1,1787953597175807046,1787953597174727009,5174260615323,5174260647045,72,0,0
rx,303,102,1,1,1787953597189950472,1787953597189692417,5174274758489,0,0,0,0
tx,303,102,1,1,1787953597189957732,1787953597189692417,5174274766045,5174274793267,72,0,0
rx,304,103,1,1,1787953597205176954,1787953597205093861,5174289984971,0,0,0,0
tx,304,103,1,1,1787953597205187843,1787953597205093861,5174289996082,5174290021341,72,0,0
rx,305,104,1,1,1787953597220412213,1787953597219728769,5174305220211,0,0,0,0
tx,305,104,1,1,1787953597220420435,1787953597219728769,5174305228693,5174305260174,72,0,0
rx,306,105,1,1,1787953597235663824,1787953597234658083,5174320471823,0,0,0,0
tx,306,105,1,1,1787953597235671417,1787953597234658083,5174320479786,5174320509063,72,0,0
rx,307,106,1,1,1787953597249819787,1787953597249355954,5174334627804,0,0,0,0
tx,307,106,1,1,1787953597249827009,1787953597249355954,5174334635248,5174334662582,72,0,0
rx,308,107,1,1,1787953597265046491,1787953597264797472,5174349854397,0,0,0,0
tx,308,107,1,1,1787953597265054139,1787953597264797472,5174349862434,5174349893323,72,0,0
rx,309,108,1,1,1787953597280320713,1787953597279436213,5174365128730,0,0,0,0
tx,309,108,1,1,1787953597280328546,1787953597279436213,5174365136785,5174365165878,72,0,0
rx,310,109,1,1,1787953597294534639,1787953597294439509,5174379342637,0,0,0,0
tx,310,109,1,1,1787953597294542306,1787953597294439509,5174379350563,5174379377378,72,0,0
rx,311,110,1,1,1787953597310846824,1787953597309778195,5174395654841,0,0,0,0
tx,311,110,1,1,1787953597310855102,1787953597309778195,5174395663341,5174395694397,72,0,0
rx,312,111,1,1,1787953597325036676,1787953597324424880,5174409844674,0,0,0,0
tx,312,111,1,1,1787953597325045009,1787953597324424880,5174409853397,5174409886489,72,0,0
rx,313,112,1,1,1787953597340270620,1787953597339702324,5174425078637,0,0,0,0
tx,313,112,1,1,1787953597340278324,1787953597339702324,5174425086600,5174425118989,72,0,0
rx,314,113,1,1,1787953597354476324,1787953597354399694,5174439284341,0,0,0,0
tx,314,113,1,1,1787953597354484787,1787953597354399694,5174439293045,5174439319397,72,0,0
rx,315,114,1,1,1787953597369741898,1787953597369605861,5174454549897,0,0,0,0
tx,315,114,1,1,1787953597369750046,1787953597369605861,5174454558322,5174454594156,72,0,0
rx,316,115,1,1,1787953597384984213,1787953597384359120,5174469792230,0,0,0,0
tx,316,115,1,1,1787953597384992083,1787953597384359120,5174469800471,5174469827767,72,0,0
rx,317,116,1,1,1787953597400227657,1787953597399777546,5174485035563,0,0,0,0
tx,317,116,1,1,1787953597400234972,1787953597399777546,5174485043211,5174485069248,72,0,0
rx,318,117,1,1,1787953597415450713,1787953597415279917,5174500258730,0,0,0,0
tx,318,117,1,1,1787953597415458731,1787953597415279917,5174500266971,5174500297600,72,0,0
rx,319,118,1,1,1787953597430744509,1787953597429860009,5174515552526,0,0,0,0
tx,319,118,1,1,1787953597430755713,1787953597429860009,5174515563989,5174515595082,72,0,0
rx,320,119,1,1,1787953597444891120,1787953597444691806,5174529699137,0,0,0,0
tx,320,119,1,1,1787953597444898694,1787953597444691806,5174529706934,5174529732600,72,0,0
rx,321,120,1,1,1787953597460128583,1787953597459821843,5174544936600,0,0,0,0
tx,321,120,1,1,1787953597460135787,1787953597459821843,5174544944026,5174544969822,72,0,0
rx,322,121,1,1,1787953597475431287,1787953597475335509,5174560239304,0,0,0,0
tx,322,121,1,1,1787953597475440231,1787953597475335509,5174560248526,5174560282100,72,0,0
rx,323,122,1,1,1787953597490724102,1787953597489696083,5174575532119,0,0,0,0
tx,323,122,1,1,1787953597490731380,1787953597489696083,5174575539767,5174575566341,72,0,0
rx,324,123,1,1,1787953597504861065,1787953597504527583,5174589669063,0,0,0,0
tx,324,123,1,1,1787953597504868361,1787953597504527583,5174589676600,5174589701693,72,0,0
rx,325,124,1,1,1787953597520090065,1787953597519950102,5174604898063,0,0,0,0
tx,325,124,1,1,1787953597520097972,1787953597519950102,5174604906415,5174604940341,72,0,0
rx,326,125,1,1,1787953597535388528,1787953597534316657,5174620196526,0,0,0,0
tx,326,125,1,1,1787953597535400028,1787953597534316657,5174620208267,5174620236822,72,0,0
rx,327,126,1,1,1787953597550640824,1787953597549570861,5174635448841,0,0,0,0
tx,327,126,1,1,1787953597550648565,1787953597549570861,5174635456804,5174635483508,72,0,0
rx,328,127,1,1,1787953597564784287,1787953597564572009,5174649592211,0,0,0,0
tx,328,127,1,1,1787953597564792694,1787953597564572009,5174649600989,5174649633100,72,0,0
rx,329,128,1,1,1787953597580046046,1787953597579448954,5174664854045,0,0,0,0
tx,329,128,1,1,1787953597580053583,1787953597579448954,5174664861822,5174664892304,72,0,0
rx,330,129,1,1,1787953597595299342,1787953597594622176,5174680107359,0,0,0,0
tx,330,129,1,1,1787953597595306713,1787953597594622176,5174680114970,5174680142748,72,0,0
rx,331,130,1,1,1787953597609512176,1787953597609423380,5174694319989,0,0,0,0
tx,331,130,1,1,1787953597609521509,1787953597609423380,5174694329767,5174694363137,72,0,0
rx,332,131,1,1,1787953597624828305,1787953597624728435,5174709636304,0,0,0,0
tx,332,131,1,1,1787953597624837917,1787953597624728435,5174709646156,5174709680711,72,0,0
rx,333,132,1,1,1787953597640084991,1787953597639526861,5174724892989,0,0,0,0
tx,333,132,1,1,1787953597640096009,1787953597639526861,5174724904267,5174724931489,72,0,0
rx,334,133,1,1,1787953597655299972,1787953597654657472,5174740107896,0,0,0,0
tx,334,133,1,1,1787953597655307361,1787953597654657472,5174740115619,5174740140693,72,0,0
rx,335,134,1,1,1787953597670549898,1787953597669654083,5174755357915,0,0,0,0
tx,335,134,1,1,1787953597670557861,1787953597669654083,5174755366119,5174755400063,72,0,0
rx,336,135,1,1,1787953597684716694,1787953597684580731,5174769524711,0,0,0,0
tx,336,135,1,1,1787953597684724065,1787953597684580731,5174769532415,5174769559619,72,0,0
rx,337,136,1,1,1787953597699936157,1787953597699391324,5174784744174,0,0,0,0
tx,337,136,1,1,1787953597699943287,1787953597699391324,5174784751526,5174784778341,72,0,0
rx,338,137,1,1,1787953597715166361,1787953597714493954,5174799974378,0,0,0,0
tx,338,137,1,1,1787953597715174398,1787953597714493954,5174799982656,5174800044878,72,0,0
rx,339,138,1,1,1787953597730473361,1787953597729977602,5174815281248,0,0,0,0
tx,339,138,1,1,1787953597730481287,1787953597729977602,5174815289674,5174815321007,72,0,0
rx,340,139,1,1,1787953597744619324,1787953597744381083,5174829427322,0,0,0,0
tx,340,139,1,1,1787953597744630046,1787953597744381083,5174829438285,5174829465544,72,0,0
rx,341,140,1,1,1787953597759831879,1787953597759611416,5174844639767,0,0,0,0
tx,341,140,1,1,1787953597759838879,1787953597759611416,5174844647119,5174844673248,72,0,0
rx,342,141,1,1,1787953597775087250,1787953597774441602,5174859895248,0,0,0,0
tx,342,141,1,1,1787953597775095509,1787953597774441602,5174859903804,5174859937600,72,0,0
rx,343,142,1,1,1787953597790378546,1787953597789364028,5174875186544,0,0,0,0
tx,343,142,1,1,1787953597790385694,1787953597789364028,5174875193933,5174875221248,72,0,0
rx,344,143,1,1,1787953597805629361,1787953597804592194,5174890437359,0,0,0,0
tx,344,143,1,1,1787953597805636453,1787953597804592194,5174890444711,5174890470767,72,0,0
rx,345,144,1,1,1787953597820894676,1787953597820125157,5174905702656,0,0,0,0
tx,345,144,1,1,1787953597820902657,1787953597820125157,5174905710933,5174905747211,72,0,0
rx,346,145,1,1,1787953597836149453,1787953597835119583,5174920957341,0,0,0,0
tx,346,145,1,1,1787953597836157731,1787953597835119583,5174920965989,5174920996359,72,0,0
rx,347,146,1,1,1787953597850334657,1787953597850245916,5174935142674,0,0,0,0
tx,347,146,1,1,1787953597850343028,1787953597850245916,5174935151285,5174935177711,72,0,0
rx,348,147,1,1,1787953597865628083,1787953597864814657,5174950436100,0,0,0,0
tx,348,147,1,1,1787953597865640250,1787953597864814657,5174950448507,5174950484656,72,0,0
rx,349,148,1,1,1787953597880912805,1787953597879906713,5174965720785,0,0,0,0
tx,349,148,1,1,1787953597880920546,1787953597879906713,5174965728804,5174965758600,72,0,0
rx,350,149,1,1,1787953597896173898,1787953597895275398,5174980981915,0,0,0,0
tx,350,149,1,1,1787953597896181342,1787953597895275398,5174980989581,5174981016544,72,0,0
rx,351,150,1,1,1787953597910305287,1787953597909451824,5174995113304,0,0,0,0
tx,351,150,1,1,1787953597910312305,1787953597909451824,5174995120544,5174995147118,72,0,0
rx,352,151,1,1,1787953597926732027,1787953597925740009,5175011540026,0,0,0,0
tx,352,151,1,1,1787953597926740361,1787953597925740009,5175011548637,5175011584118,72,0,0
rx,353,152,1,1,1787953597940963065,1787953597940478379,5175025771081,0,0,0,0
tx,353,152,1,1,1787953597940970546,1787953597940478379,5175025778785,5175025805859,72,0,0
rx,354,153,1,1,1787953597955132805,1787953597954379527,5175039940822,0,0,0,0
tx,354,153,1,1,1787953597955139935,1787953597954379527,5175039948174,5175039974637,72,0,0
rx,355,154,1,1,1787953597970407990,1787953597969394398,5175055216007,0,0,0,0
tx,355,154,1,1,1787953597970420509,1787953597969394398,5175055228748,5175055261711,72,0,0
rx,356,155,1,1,1787953597984580564,1787953597984490416,5175069388563,0,0,0,0
tx,356,155,1,1,1787953597984587787,1787953597984490416,5175069396044,5175069422637,72,0,0
rx,357,156,1,1,1787953598000960676,1787953597999967064,5175085768692,0,0,0,0
tx,357,156,1,1,1787953598000968083,1787953597999967064,5175085776378,5175085803415,72,0,0
rx,358,157,1,1,1787953598015141083,1787953598014834768,5175099949100,0,0,0,0
tx,358,157,1,1,1787953598015148972,1787953598014834768,5175099957341,5175099991544,72,0,0
rx,359,158,1,1,1787953598030426731,1787953598029615268,5175115234729,0,0,0,0
tx,359,158,1,1,1787953598030434842,1787953598029615268,5175115243229,5175115278452,72,0,0
rx,360,159,1,1,1787953598045662657,1787953598045020139,5175130470637,0,0,0,0
tx,360,159,1,1,1787953598045670194,1787953598045020139,5175130478452,5175130505544,72,0,0
rx,361,160,1,1,1787953598060945287,1787953598059939694,5175145753211,0,0,0,0
tx,361,160,1,1,1787953598060953472,1787953598059939694,5175145761878,5175145794729,72,0,0
rx,362,161,1,1,1787953598075139750,1787953598074679231,5175159947766,0,0,0,0
tx,362,161,1,1,1787953598075150731,1787953598074679231,5175159958989,5175159986896,72,0,0
rx,363,162,1,1,1787953598090385972,1787953598089528305,5175175193989,0,0,0,0
tx,363,162,1,1,1787953598090396657,1787953598089528305,5175175204915,5175175231896,72,0,0
rx,364,163,1,1,1787953598105632287,1787953598105044842,5175190440266,0,0,0,0
tx,364,163,1,1,1787953598105639676,1787953598105044842,5175190447915,5175190476100,72,0,0
rx,365,164,1,1,1787953598120873713,1787953598120121472,5175205681711,0,0,0,0
tx,365,164,1,1,1787953598120882120,1787953598120121472,5175205690415,5175205725674,72,0,0
rx,366,165,1,1,1787953598135048361,1787953598134629879,5175219856378,0,0,0,0
tx,366,165,1,1,1787953598135056472,1787953598134629879,5175219864711,5175219894655,72,0,0
rx,367,166,1,1,1787953598151364064,1787953598150458713,5175236172063,0,0,0,0
tx,367,166,1,1,1787953598151371527,1787953598150458713,5175236179896,5175236208433,72,0,0
rx,368,167,1,1,1787953598165535787,1787953598164674638,5175250343785,0,0,0,0
tx,368,167,1,1,1787953598165543620,1787953598164674638,5175250352007,5175250382211,72,0,0
rx,369,168,1,1,1787953598180777787,1787953598180519175,5175265585785,0,0,0,0
tx,369,168,1,1,1787953598180785157,1787953598180519175,5175265593415,5175265621933,72,0,0
rx,370,169,1,1,1787953598194950527,1787953598194522305,5175279758526,0,0,0,0
tx,370,169,1,1,1787953598194983972,1787953598194522305,5175279792378,5175279819989,72,0,0
rx,371,170,1,1,1787953598210190027,1787953598209806212,5175294998026,0,0,0,0
tx,371,170,1,1,1787953598210197361,1787953598209806212,5175295005618,5175295031266,72,0,0
rx,372,171,1,1,1787953598225472935,1787953598224473138,5175310280952,0,0,0,0
tx,372,171,1,1,1787953598225480824,1787953598224473138,5175310289137,5175310322266,72,0,0
rx,373,172,1,1,1787953598240716768,1787953598239690638,5175325524766,0,0,0,0
tx,373,172,1,1,1787953598240724194,1787953598239690638,5175325532452,5175325561378,72,0,0
rx,374,173,1,1,1787953598254860675,1787953598254622990,5175339668674,0,0,0,0
tx,374,173,1,1,1787953598254867879,1787953598254622990,5175339676118,5175339702155,72,0,0
rx,375,174,1,1,1787953598270081509,1787953598269615249,5175354889526,0,0,0,0
tx,375,174,1,1,1787953598270089453,1787953598269615249,5175354897840,5175354928174,72,0,0
rx,376,175,1,1,1787953598285325305,1787953598284479064,5175370133322,0,0,0,0
tx,376,175,1,1,1787953598285332564,1787953598284479064,5175370141100,5175370168359,72,0,0
rx,377,176,1,1,1787953598300633824,1787953598299641027,5175385441822,0,0,0,0
tx,377,176,1,1,1787953598300644490,1787953598299641027,5175385452766,5175385479063,72,0,0
rx,378,177,1,1,1787953598314808564,1787953598314499675,5175399616377,0,0,0,0
tx,378,177,1,1,1787953598314817212,1787953598314499675,5175399625507,5175399658137,72,0,0
rx,379,178,1,1,1787953598330065620,1787953598329614305,5175414873600,0,0,0,0
tx,379,178,1,1,1787953598330073453,1787953598329614305,5175414881692,5175414914081,72,0,0
rx,380,179,1,1,1787953598345304546,1787953598344467786,5175430112544,0,0,0,0
tx,380,179,1,1,1787953598345311824,1787953598344467786,5175430120081,5175430147952,72,0,0
rx,381,180,1,1,1787953598360530453,1787953598360118175,5175445338359,0,0,0,0
tx,381,180,1,1,1787953598360538231,1787953598360118175,5175445346600,5175445379192,72,0,0
rx,382,181,1,1,1787953598374721675,1787953598374622935,5175459529692,0,0,0,0
tx,382,181,1,1,1787953598374728990,1787953598374622935,5175459537229,5175459564970,72,0,0
rx,383,182,1,1,1787953598389942027,1787953598389320564,5175474750044,0,0,0,0
tx,383,182,1,1,1787953598389949064,1787953598389320564,5175474757359,5175474782433,72,0,0
rx,384,183,1,1,1787953598405192935,1787953598404828527,5175490000933,0,0,0,0
tx,384,183,1,1,1787953598405205231,1787953598404828527,5175490013489,5175490045211,72,0,0
rx,385,184,1,1,1787953598420478675,1787953598419475675,5175505286674,0,0,0,0
tx,385,184,1,1,1787953598420490157,1787953598419475675,5175505298414,5175505326896,72,0,0
rx,386,185,1,1,1787953598435716157,1787953598434834249,5175520524174,0,0,0,0
tx,386,185,1,1,1787953598435723823,1787953598434834249,5175520532211,5175520560396,72,0,0
rx,387,186,1,1,1787953598449895453,1787953598449294786,5175534703470,0,0,0,0
tx,387,186,1,1,1787953598449902638,1787953598449294786,5175534710877,5175534737877,72,0,0
rx,388,187,1,1,1787953598466203990,1787953598465155268,5175551011988,0,0,0,0
tx,388,187,1,1,1787953598466212083,1787953598465155268,5175551020322,5175551053359,72,0,0
rx,389,188,1,1,1787953598480374268,1787953598479502083,5175565182266,0,0,0,0
tx,389,188,1,1,1787953598480381898,1787953598479502083,5175565190155,5175565218303,72,0,0
rx,390,189,1,1,1787953598495630583,1787953598495160157,5175580438526,0,0,0,0
tx,390,189,1,1,1787953598495637879,1787953598495160157,5175580446118,5175580473655,72,0,0
rx,391,190,1,1,1787953598510872805,1787953598509855046,5175595680729,0,0,0,0
tx,391,190,1,1,1787953598510880972,1787953598509855046,5175595689211,5175595721303,72,0,0
rx,392,191,1,1,1787953598525074731,1787953598524962805,5175609882729,0,0,0,0
tx,392,191,1,1,1787953598525086120,1787953598524962805,5175609894377,5175609952303,72,0,0
rx,393,192,1,1,1787953598540348509,1787953598539343620,5175625156525,0,0,0,0
tx,393,192,1,1,1787953598540356175,1787953598539343620,5175625164414,5175625193137,72,0,0
rx,394,193,1,1,1787953598554537360,1787953598554442175,5175639345359,0,0,0,0
tx,394,193,1,1,1787953598554544897,1787953598554442175,5175639353137,5175639379414,72,0,0
rx,395,194,1,1,1787953598570848472,1787953598570039527,5175655656470,0,0,0,0
tx,395,194,1,1,1787953598570856268,1787953598570039527,5175655664637,5175655695303,72,0,0
rx,396,195,1,1,1787953598585039842,1787953598584569342,5175669847822,0,0,0,0
tx,396,195,1,1,1787953598585047879,1787953598584569342,5175669856211,5175669885118,72,0,0
rx,397,196,1,1,1787953598600300601,1787953598600090194,5175685108600,0,0,0,0
tx,397,196,1,1,1787953598600308120,1787953598600090194,5175685116414,5175685142822,72,0,0
rx,398,197,1,1,1787953598615566657,1787953598614547453,5175700374581,0,0,0,0
tx,398,197,1,1,1787953598615574712,1787953598614547453,5175700382988,5175700413655,72,0,0
rx,399,198,1,1,1787953598629749879,1787953598629511175,5175714557877,0,0,0,0
tx,399,198,1,1,1787953598629757990,1787953598629511175,5175714566285,5175714599840,72,0,0
rx,400,199,1,1,1787953598645000657,1787953598644308879,5175729808655,0,0,0,0
tx,400,199,1,1,1787953598645007953,1787953598644308879,5175729816192,5175729842081,72,0,0
rx,401,200,1,1,1787953598660232916,1787953598659596768,5175745040822,0,0,0,0
tx,401,200,1,1,1787953598660240916,1787953598659596768,5175745049174,5175745083266,72,0,0
rx,402,0,1,1,1787953598675495009,1787953598675162638,5175760302933,0,0,0,0
tx,402,0,1,1,1787953598675502471,1787953598675162638,5175760310711,5175760340488,72,0,0
rx,403,1,1,1,1787953598689647490,1787953598689351434,5175774455488,0,0,0,0
tx,403,1,1,1,1787953598689654638,1787953598689351434,5175774462877,5175774489099,72,0,0
rx,404,2,1,1,1787953598704886416,1787953598704261379,5175789694414,0,0,0,0
tx,404,2,1,1,1787953598704894416,1787953598704261379,5175789702729,5175789733692,72,0,0
rx,405,3,1,1,1787953598720119379,1787953598719329360,5175804927377,0,0,0,0
tx,405,3,1,1,1787953598720126897,1787953598719329360,5175804935266,5175804961340,72,0,0
rx,406,4,1,1,1787953598735396879,1787953598734784323,5175820204859,0,0,0,0
tx,406,4,1,1,1787953598735405416,1787953598734784323,5175820213655,5175820244340,72,0,0
rx,407,5,1,1,1787953598749541823,1787953598749284694,5175834349822,0,0,0,0
tx,407,5,1,1,1787953598749549657,1787953598749284694,5175834357896,5175834385396,72,0,0
rx,408,6,1,1,1787953598765852508,1787953598765013083,5175850660525,0,0,0,0
tx,408,6,1,1,1787953598765860212,1787953598765013083,5175850668451,5175850699840,72,0,0
rx,409,7,1,1,1787953598781102786,1787953598780524471,5175865910785,0,0,0,0
tx,409,7,1,1,1787953598781111027,1787953598780524471,5175865919285,5175865947451,72,0,0
rx,410,8,1,1,1787953598795275657,1787953598794203434,5175880083562,0,0,0,0
tx,410,8,1,1,1787953598795283064,1787953598794203434,5175880091322,5175880118303,72,0,0
rx,411,9,1,1,1787953598809486360,1787953598809373175,5175894294359,0,0,0,0
tx,411,9,1,1,1787953598809496453,1787953598809373175,5175894304711,5175894341303,72,0,0
rx,412,10,1,1,1787953598825851231,1787953598824791120,5175910659248,0,0,0,0
tx,412,10,1,1,1787953598825858805,1787953598824791120,5175910667099,5175910695285,72,0,0
rx,413,11,1,1,1787953598841170786,1787953598840177657,5175925978803,0,0,0,0
tx,413,11,1,1,1787953598841178860,1787953598840177657,5175925987155,5175926016896,72,0,0
rx,414,12,1,1,1787953598856414953,1787953598855983842,5175941222951,0,0,0,0
tx,414,12,1,1,1787953598856423712,1787953598855983842,5175941231951,5175941270322,72,0,0
rx,415,13,1,1,1787953598869553694,1787953598869396953,5175954361710,0,0,0,0
tx,415,13,1,1,1787953598869561805,1787953598869396953,5175954370081,5175954404710,72,0,0
rx,416,14,1,1,1787953598885967823,1787953598884975564,5175970775766,0,0,0,0
tx,416,14,1,1,1787953598885976138,1787953598884975564,5175970784396,5175970815414,72,0,0
rx,417,15,1,1,1787953598901382527,1787953598900978990,5175986190544,0,0,0,0
tx,417,15,1,1,1787953598901389860,1787953598900978990,5175986198099,5175986227044,72,0,0
rx,418,16,1,1,1787953598915554731,1787953598915080305,5176000362692,0,0,0,0
tx,418,16,1,1,1787953598915563157,1787953598915080305,5176000371396,5176000403562,72,0,0
rx,419,17,1,1,1787953598930857990,1787953598929852916,5176015665951,0,0,0,0
tx,419,17,1,1,1787953598930866212,1787953598929852916,5176015674451,5176015707785,72,0,0
rx,420,18,1,1,1787953598945015731,1787953598944701527,5176029823747,0,0,0,0
tx,420,18,1,1,1787953598945023305,1787953598944701527,5176029831673,5176029858210,72,0,0
rx,421,19,1,1,1787953598960244712,1787953598959952786,5176045052729,0,0,0,0
tx,421,19,1,1,1787953598960256305,1787953598959952786,5176045064655,5176045096136,72,0,0
rx,422,20,1,1,1787953598975560323,1787953598975088212,5176060368322,0,0,0,0
tx,422,20,1,1,1787953598975567805,1787953598975088212,5176060376099,5176060404044,72,0,0
rx,423,21,1,1,1787953598990813823,1787953598990104601,5176075621840,0,0,0,0
tx,423,21,1,1,1787953598990820971,1787953598990104601,5176075629210,5176075655729,72,0,0
rx,424,22,1,1,1787953599005007416,1787953599004280138,5176089815340,0,0,0,0
tx,424,22,1,1,1787953599005015416,1787953599004280138,5176089823710,5176089855247,72,0,0
rx,425,23,1,1,1787953599020243805,1787953599019599768,5176105051821,0,0,0,0
tx,425,23,1,1,1787953599020251193,1787953599019599768,5176105059451,5176105087581,72,0,0
rx,426,24,1,1,1787953599035487675,1787953599034924971,5176120295692,0,0,0,0
tx,426,24,1,1,1787953599035495731,1787953599034924971,5176120304025,5176120335673,72,0,0
rx,427,25,1,1,1787953599050719175,1787953599049864638,5176135527192,0,0,0,0
tx,427,25,1,1,1787953599050726379,1787953599049864638,5176135534618,5176135561803,72,0,0
rx,428,26,1,1,1787953599065952582,1787953599065370231,5176150760507,0,0,0,0
tx,428,26,1,1,1787953599065960619,1787953599065370231,5176150768933,5176150799507,72,0,0
rx,429,27,1,1,1787953599080165434,1787953599080074675,5176164973451,0,0,0,0
tx,429,27,1,1,1787953599080173379,1787953599080074675,5176164981618,5176165009618,72,0,0
rx,430,28,1,1,1787953599095419193,1787953599095191027,5176180227210,0,0,0,0
tx,430,28,1,1,1787953599095426656,1787953599095191027,5176180234914,5176180261933,72,0,0
rx,431,29,1,1,1787953599110667693,1787953599109952842,5176195475710,0,0,0,0
tx,431,29,1,1,1787953599110675434,1787953599109952842,5176195483729,5176195517155,72,0,0
rx,432,30,1,1,1787953599124885582,1787953599124784916,5176209693599,0,0,0,0
tx,432,30,1,1,1787953599124893193,1787953599124784916,5176209701655,5176209729062,72,0,0
rx,433,31,1,1,1787953599141210064,1787953599140303916,5176226018081,0,0,0,0
tx,433,31,1,1,1787953599141218082,1787953599140303916,5176226026358,5176226056914,72,0,0
rx,434,32,1,1,1787953599155435619,1787953599154443675,5176240243507,0,0,0,0
tx,434,32,1,1,1787953599155444360,1787953599154443675,5176240252618,5176240285951,72,0,0
rx,435,33,1,1,1787953599170710582,1787953599170348842,5176255518581,0,0,0,0
tx,435,33,1,1,1787953599170717601,1787953599170348842,5176255525858,5176255552377,72,0,0
rx,436,34,1,1,1787953599184857545,1787953599184733193,5176269665544,0,0,0,0
tx,436,34,1,1,1787953599184865471,1787953599184733193,5176269673729,5176269701581,72,0,0
rx,437,35,1,1,1787953599201190582,1787953599200405212,5176285998581,0,0,0,0
tx,437,35,1,1,1787953599201198360,1787953599200405212,5176286006599,5176286033025,72,0,0
rx,438,36,1,1,1787953599215339045,1787953599214645453,5176300147062,0,0,0,0
tx,438,36,1,1,1787953599215346453,1787953599214645453,5176300154747,5176300184470,72,0,0
rx,439,37,1,1,1787953599230598360,1787953599229529971,5176315406358,0,0,0,0
tx,439,37,1,1,1787953599230606008,1787953599229529971,5176315414266,5176315446803,72,0,0
rx,440,38,1,1,1787953599244774082,1787953599244368767,5176329582081,0,0,0,0
tx,440,38,1,1,1787953599244781601,1787953599244368767,5176329589914,5176329617451,72,0,0
rx,441,39,1,1,1787953599260001434,1787953599259626230,5176344809432,0,0,0,0
tx,441,39,1,1,1787953599260009471,1787953599259626230,5176344817729,5176344848451,72,0,0
rx,442,40,1,1,1787953599275260990,1787953599274863712,5176360068988,0,0,0,0
tx,442,40,1,1,1787953599275268619,1787953599274863712,5176360076914,5176360105432,72,0,0
rx,443,41,1,1,1787953599290476508,1787953599290081175,5176375284507,0,0,0,0
tx,443,41,1,1,1787953599290486916,1787953599290081175,5176375295173,5176375321118,72,0,0
rx,444,42,1,1,1787953599305718379,1787953599304936027,5176390526358,0,0,0,0
tx,444,42,1,1,1787953599305725897,1787953599304936027,5176390534155,5176390559488,72,0,0
rx,445,43,1,1,1787953599319887527,1787953599319785193,5176404695544,0,0,0,0
tx,445,43,1,1,1787953599319895119,1787953599319785193,5176404703377,5176404736247,72,0,0
rx,446,44,1,1,1787953599335164508,1787953599334476971,5176419972506,0,0,0,0
tx,446,44,1,1,1787953599335172175,1787953599334476971,5176419980432,5176420039655,72,0,0
rx,447,45,1,1,1787953599350476360,1787953599350131767,5176435284358,0,0,0,0
tx,447,45,1,1,1787953599350483601,1787953599350131767,5176435291840,5176435318469,72,0,0
rx,448,46,1,1,1787953599365716767,1787953599364648193,5176450524766,0,0,0,0
tx,448,46,1,1,1787953599365724767,1787953599364648193,5176450533025,5176450565340,72,0,0
rx,449,47,1,1,1787953599381011730,1787953599379941786,5176465819729,0,0,0,0
tx,449,47,1,1,1787953599381019638,1787953599379941786,5176465827877,5176465856877,72,0,0
rx,450,48,1,1,1787953599395151675,1787953599394896730,5176479959692,0,0,0,0
tx,450,48,1,1,1787953599395162564,1787953599394896730,5176479970803,5176479996469,72,0,0
rx,451,49,1,1,1787953599410435786,1787953599410302249,5176495243784,0,0,0,0
tx,451,49,1,1,1787953599410443897,1787953599410302249,5176495252340,5176495281951,72,0,0
rx,452,50,1,1,1787953599425684971,1787953599425287008,5176510492988,0,0,0,0
tx,452,50,1,1,1787953599425692823,1787953599425287008,5176510501062,5176510530469,72,0,0
rx,453,51,1,1,1787953599439834471,1787953599439436564,5176524642488,0,0,0,0
tx,453,51,1,1,1787953599439842304,1787953599439436564,5176524650562,5176524681506,72,0,0
rx,454,52,1,1,1787953599455097323,1787953599454912823,5176539905321,0,0,0,0
tx,454,52,1,1,1787953599455106027,1787953599454912823,5176539914580,5176539947932,72,0,0
rx,455,53,1,1,1787953599470302786,1787953599469248082,5176555110803,0,0,0,0
tx,455,53,1,1,1787953599470310304,1787953599469248082,5176555118543,5176555146377,72,0,0
rx,456,54,1,1,1787953599485496675,1787953599484906564,5176570304673,0,0,0,0
tx,456,54,1,1,1787953599485504267,1787953599484906564,5176570312562,5176570340988,72,0,0
rx,457,55,1,1,1787953599500768897,1787953599499697490,5176585576821,0,0,0,0
tx,457,55,1,1,1787953599500777045,1787953599499697490,5176585585303,5176585616951,72,0,0
rx,458,56,1,1,1787953599514919897,1787953599514735638,5176599727895,0,0,0,0
tx,458,56,1,1,1787953599514927119,1787953599514735638,5176599735358,5176599762210,72,0,0
rx,459,57,1,1,1787953599530221656,1787953599529958082,5176615029673,0,0,0,0
tx,459,57,1,1,1787953599530229175,1787953599529958082,5176615037414,5176615065729,72,0,0
rx,460,58,1,1,1787953599545466193,1787953599545122786,5176630274192,0,0,0,0
tx,460,58,1,1,1787953599545473915,1787953599545122786,5176630282173,5176630310803,72,0,0
rx,461,59,1,1,1787953599559688860,1787953599559604101,5176644496877,0,0,0,0
tx,461,59,1,1,1787953599559697860,1787953599559604101,5176644506155,5176644536136,72,0,0
rx,462,60,1,1,1787953599574949952,1787953599574563693,5176659757969,0,0,0,0
tx,462,60,1,1,1787953599574957656,1787953599574563693,5176659766043,5176659793747,72,0,0
rx,463,61,1,1,1787953599590174656,1787953599589439712,5176674982673,0,0,0,0
tx,463,61,1,1,1787953599590181601,1787953599589439712,5176674989988,5176675015599,72,0,0
rx,464,62,1,1,1787953599604401064,1787953599604154082,5176689208969,0,0,0,0
tx,464,62,1,1,1787953599604413082,1787953599604154082,5176689221340,5176689251710,72,0,0
rx,465,63,1,1,1787953599621806138,1787953599621146415,5176706614154,0,0,0,0
tx,465,63,1,1,1787953599621814101,1787953599621146415,5176706622636,5176706651988,72,0,0
rx,466,64,1,1,1787953599634902360,1787953599634337341,5176719710284,0,0,0,0
tx,466,64,1,1,1787953599634910545,1787953599634337341,5176719718784,5176719749766,72,0,0
rx,467,65,1,1,1787953599650136212,1787953599649845008,5176734944210,0,0,0,0
tx,467,65,1,1,1787953599650143712,1787953599649845008,5176734951969,5176734978358,72,0,0
rx,468,66,1,1,1787953599665392952,1787953599664781712,5176750200951,0,0,0,0
tx,468,66,1,1,1787953599665401119,1787953599664781712,5176750209377,5176750239599,72,0,0
rx,469,67,1,1,1787953599680697823,1787953599679704693,5176765505840,0,0,0,0
tx,469,67,1,1,1787953599680705563,1787953599679704693,5176765513858,5176765542691,72,0,0
rx,470,68,1,1,1787953599695929915,1787953599695021638,5176780737914,0,0,0,0
tx,470,68,1,1,1787953599695937267,1787953599695021638,5176780745525,5176780772228,72,0,0
rx,471,69,1,1,1787953599710114804,1787953599709776582,5176794922821,0,0,0,0
tx,471,69,1,1,1787953599710122656,1787953599709776582,5176794930914,5176794961266,72,0,0
rx,472,70,1,1,1787953599725351212,1787953599724926841,5176810159210,0,0,0,0
tx,472,70,1,1,1787953599725361823,1787953599724926841,5176810170080,5176810197451,72,0,0
rx,473,71,1,1,1787953599740584934,1787953599739835841,5176825392914,0,0,0,0
tx,473,71,1,1,1787953599740593249,1787953599739835841,5176825401543,5176825429395,72,0,0
rx,474,72,1,1,1787953599755821156,1787953599754788619,5176840629154,0,0,0,0
tx,474,72,1,1,1787953599755829378,1787953599754788619,5176840637617,5176840668821,72,0,0
rx,475,73,1,1,1787953599771060341,1787953599770153749,5176855868358,0,0,0,0
tx,475,73,1,1,1787953599771067619,1787953599770153749,5176855876173,5176855903617,72,0,0
rx,476,74,1,1,1787953599785230619,1787953599784537619,5176870038617,0,0,0,0
tx,476,74,1,1,1787953599785238175,1787953599784537619,5176870046432,5176870074228,72,0,0
rx,477,75,1,1,1787953599800489934,1787953599799637286,5176885297951,0,0,0,0
tx,477,75,1,1,1787953599800497712,1787953599799637286,5176885305969,5176885337432,72,0,0
rx,478,76,1,1,1787953599815731434,1787953599814662230,5176900539432,0,0,0,0
tx,478,76,1,1,1787953599815738860,1787953599814662230,5176900547099,5176900573599,72,0,0
rx,479,77,1,1,1787953599829921656,1787953599829666582,5176914729673,0,0,0,0
tx,479,77,1,1,1787953599829932452,1787953599829666582,5176914740710,5176914768654,72,0,0
rx,480,78,1,1,1787953599845144971,1787953599844471693,5176929952969,0,0,0,0
tx,480,78,1,1,1787953599845152397,1787953599844471693,5176929960636,5176929989414,72,0,0
rx,481,79,1,1,1787953599860452989,1787953599859933952,5176945261006,0,0,0,0
tx,481,79,1,1,1787953599860461452,1787953599859933952,5176945269821,5176945305673,72,0,0
rx,482,80,1,1,1787953599874668619,1787953599874433860,5176959476636,0,0,0,0
tx,482,80,1,1,1787953599874676860,1787953599874433860,5176959485136,5176959516654,72,0,0
rx,483,81,1,1,1787953599889919674,1787953599889388730,5176974727673,0,0,0,0
tx,483,81,1,1,1787953599889927026,1787953599889388730,5176974735339,5176974762191,72,0,0
rx,484,82,1,1,1787953599905181600,1787953599904333008,5176989989617,0,0,0,0
tx,484,82,1,1,1787953599905189582,1787953599904333008,5176989997877,5176990031914,72,0,0
rx,485,83,1,1,1787953599920460415,1787953599919724878,5177005268414,0,0,0,0
tx,485,83,1,1,1787953599920468971,1787953599919724878,5177005277228,5177005341080,72,0,0
rx,486,84,1,1,1787953599935847952,1787953599935210471,5177020655932,0,0,0,0
tx,486,84,1,1,1787953599935856415,1787953599935210471,5177020664673,5177020700321,72,0,0
rx,487,85,1,1,1787953599950052174,1787953599949372860,5177034860099,0,0,0,0
tx,487,85,1,1,1787953599950063489,1787953599949372860,5177034871876,5177034901506,72,0,0
rx,488,86,1,1,1787953599965294674,1787953599964471341,5177050102673,0,0,0,0
tx,488,86,1,1,1787953599965302952,1787953599964471341,5177050111210,5177050140376,72,0,0
rx,489,87,1,1,1787953599980566989,1787953599980062026,5177065375006,0,0,0,0
tx,489,87,1,1,1787953599980574563,1787953599980062026,5177065382821,5177065412562,72,0,0
rx,490,88,1,1,1787953599995797989,1787953599994951248,5177080605988,0,0,0,0
tx,490,88,1,1,1787953599995805378,1787953599994951248,5177080613636,5177080640358,72,0,0
rx,491,89,1,1,1787953600009945119,1787953600009828267,5177094753117,0,0,0,0
tx,491,89,1,1,1787953600009953193,1787953600009828267,5177094761488,5177094792191,72,0,0
rx,492,90,1,1,1787953600025202897,1787953600024675415,5177110010895,0,0,0,0
tx,492,90,1,1,1787953600025210526,1787953600024675415,5177110018821,5177110048432,72,0,0
rx,493,91,1,1,1787953600040431230,1787953600039811989,5177125239228,0,0,0,0
tx,493,91,1,1,1787953600040439100,1787953600039811989,5177125247376,5177125278099,72,0,0
rx,494,92,1,1,1787953600055668063,1787953600054824045,5177140475932,0,0,0,0
tx,494,92,1,1,1787953600055678767,1787953600054824045,5177140487117,5177140518043,72,0,0
rx,495,93,1,1,1787953600069813248,1787953600069291026,5177154621265,0,0,0,0
tx,495,93,1,1,1787953600069820452,1787953600069291026,5177154628710,5177154654580,72,0,0
rx,496,94,1,1,1787953600085051915,1787953600084525211,5177169859913,0,0,0,0
tx,496,94,1,1,1787953600085059748,1787953600084525211,5177169867988,5177169899432,72,0,0
rx,497,95,1,1,1787953600100318434,1787953600100024082,5177185126432,0,0,0,0
tx,497,95,1,1,1787953600100326693,1787953600100024082,5177185134932,5177185166858,72,0,0
rx,498,96,1,1,1787953600115549600,1787953600115254045,5177200357617,0,0,0,0
tx,498,96,1,1,1787953600115556934,1787953600115254045,5177200365173,5177200393191,72,0,0
rx,499,97,1,1,1787953600130825619,1787953600130086026,5177215633617,0,0,0,0
tx,499,97,1,1,1787953600130832711,1787953600130086026,5177215640950,5177215669599,72,0,0
rx,500,98,1,1,1787953600146050063,1787953600145332415,5177230858062,0,0,0,0
tx,500,98,1,1,1787953600146057619,1787953600145332415,5177230865858,5177230893821,72,0,0
rx,501,99,1,1,1787953600160225489,1787953600159664915,5177245033395,0,0,0,0
tx,501,99,1,1,1787953600160237193,1787953600159664915,5177245045432,5177245077025,72,0,0
rx,502,100,1,1,1787953600175481397,1787953600174560915,5177260289395,0,0,0,0
tx,502,100,1,1,1787953600175492656,1787953600174560915,5177260300895,5177260330191,72,0,0
rx,503,101,1,1,1787953600189633693,1787953600189299989,5177274441710,0,0,0,0
tx,503,101,1,1,1787953600189640785,1787953600189299989,5177274449043,5177274475617,72,0,0
rx,504,102,1,1,1787953600204896545,1787953600204478396,5177289704524,0,0,0,0
tx,504,102,1,1,1787953600204904878,1787953600204478396,5177289713173,5177289745580,72,0,0
rx,505,103,1,1,1787953600220132767,1787953600219295434,5177304940765,0,0,0,0
tx,505,103,1,1,1787953600220140137,1787953600219295434,5177304948395,5177304974413,72,0,0
rx,506,104,1,1,1787953600235375730,1787953600234325137,5177320183469,0,0,0,0
tx,506,104,1,1,1787953600235383471,1787953600234325137,5177320191728,5177320222987,72,0,0
rx,507,105,1,1,1787953600250638359,1787953600249731989,5177335446265,0,0,0,0
tx,507,105,1,1,1787953600250646063,1787953600249731989,5177335454321,5177335486636,72,0,0
rx,508,106,1,1,1787953600265922952,1787953600264925341,5177350730969,0,0,0,0
tx,508,106,1,1,1787953600265930082,1787953600264925341,5177350738321,5177350764932,72,0,0
rx,509,107,1,1,1787953600280078656,1787953600279287785,5177364886673,0,0,0,0
tx,509,107,1,1,1787953600280089508,1787953600279287785,5177364897765,5177364926024,72,0,0
rx,510,108,1,1,1787953600295322600,1787953600294318248,5177380130617,0,0,0,0
tx,510,108,1,1,1787953600295329933,1787953600294318248,5177380138191,5177380165284,72,0,0
rx,511,109,1,1,1787953600310579359,1787953600310136008,5177395387376,0,0,0,0
tx,511,109,1,1,1787953600310587137,1787953600310136008,5177395395395,5177395426858,72,0,0
rx,512,110,1,1,1787953600324767656,1787953600324677600,5177409575673,0,0,0,0
tx,512,110,1,1,1787953600324776119,1787953600324677600,5177409584376,5177409612302,72,0,0
rx,513,111,1,1,1787953600341123582,1787953600340533508,5177425931580,0,0,0,0
tx,513,111,1,1,1787953600341131637,1787953600340533508,5177425939895,5177425971098,72,0,0
rx,514,112,1,1,1787953600355284970,1787953600355085526,5177440092987,0,0,0,0
tx,514,112,1,1,1787953600355293470,1787953600355085526,5177440101913,5177440132913,72,0,0
rx,515,113,1,1,1787953600370519822,1787953600369912415,5177455327728,0,0,0,0
tx,515,113,1,1,1787953600370527082,1787953600369912415,5177455335339,5177455361987,72,0,0
rx,516,114,1,1,1787953600384692007,1787953600384440582,5177469500006,0,0,0,0
tx,516,114,1,1,1787953600384699767,1787953600384440582,5177469508024,5177469543080,72,0,0
rx,517,115,1,1,1787953600401076082,1787953600400085489,5177485884006,0,0,0,0
tx,517,115,1,1,1787953600401087304,1787953600400085489,5177485895580,5177485925950,72,0,0
rx,518,116,1,1,1787953600415299507,1787953600415220933,5177500107506,0,0,0,0
tx,518,116,1,1,1787953600415308026,1787953600415220933,5177500116284,5177500141839,72,0,0
rx,519,117,1,1,1787953600429455915,1787953600429189007,5177514263932,0,0,0,0
tx,519,117,1,1,1787953600429463341,1787953600429189007,5177514271598,5177514299043,72,0,0
rx,520,118,1,1,1787953600444700026,1787953600444610693,5177529508006,0,0,0,0
tx,520,118,1,1,1787953600444707582,1787953600444610693,5177529515839,5177529544265,72,0,0
rx,521,119,1,1,1787953600459920007,1787953600459827841,5177544728024,0,0,0,0
tx,521,119,1,1,1787953600459927674,1787953600459827841,5177544736043,5177544766691,72,0,0
rx,522,120,1,1,1787953600475152896,1787953600474447878,5177559960913,0,0,0,0
tx,522,120,1,1,1787953600475160044,1787953600474447878,5177559968339,5177559994432,72,0,0
rx,523,121,1,1,1787953600490431433,1787953600489682119,5177575239432,0,0,0,0
tx,523,121,1,1,1787953600490438563,1787953600489682119,5177575246821,5177575274284,72,0,0
rx,524,122,1,1,1787953600505683433,1787953600505125433,5177590491450,0,0,0,0
tx,524,122,1,1,1787953600505694748,1787953600505125433,5177590503098,5177590533172,72,0,0
rx,525,123,1,1,1787953600520914230,1787953600520368137,5177605722247,0,0,0,0
tx,525,123,1,1,1787953600520921489,1787953600520368137,5177605729784,5177605755728,72,0,0
rx,526,124,1,1,1787953600535067156,1787953600534484174,5177619875154,0,0,0,0
tx,526,124,1,1,1787953600535074674,1787953600534484174,5177619882913,5177619914635,72,0,0
rx,527,125,1,1,1787953600550309137,1787953600549708193,5177635117154,0,0,0,0
tx,527,125,1,1,1787953600550317081,1787953600549708193,5177635125339,5177635156617,72,0,0
rx,528,126,1,1,1787953600565543563,1787953600565043156,5177650351543,0,0,0,0
tx,528,126,1,1,1787953600565550674,1787953600565043156,5177650358913,5177650385469,72,0,0
rx,529,127,1,1,1787953600579769174,1787953600579678193,5177664577098,0,0,0,0
tx,529,127,1,1,1787953600579777822,1787953600579678193,5177664586061,5177664614302,72,0,0
rx,530,128,1,1,1787953600595004248,1787953600594319878,5177679812154,0,0,0,0
tx,530,128,1,1,1787953600595016285,1787953600594319878,5177679824561,5177679855376,72,0,0
rx,531,129,1,1,1787953600610275637,1787953600609969748,5177695083654,0,0,0,0
tx,531,129,1,1,1787953600610286378,1787953600609969748,5177695094672,5177695125265,72,0,0
rx,532,130,1,1,1787953600624442285,1787953600624249933,5177709250283,0,0,0,0
tx,532,130,1,1,1787953600624449748,1787953600624249933,5177709258024,5177709286450,72,0,0
rx,533,131,1,1,1787953600640798507,1787953600639782711,5177725606506,0,0,0,0
tx,533,131,1,1,1787953600640806378,1787953600639782711,5177725614672,5177725646006,72,0,0
rx,534,132,1,1,1787953600654960137,1787953600654251341,5177739768154,0,0,0,0
tx,534,132,1,1,1787953600654967804,1787953600654251341,5177739776172,5177739806839,72,0,0
rx,535,133,1,1,1787953600670192544,1787953600669746637,5177755000543,0,0,0,0
tx,535,133,1,1,1787953600670199915,1787953600669746637,5177755008228,5177755033858,72,0,0
rx,536,134,1,1,1787953600685428896,1787953600684381489,5177770236913,0,0,0,0
tx,536,134,1,1,1787953600685436248,1787953600684381489,5177770244487,5177770271802,72,0,0
rx,537,135,1,1,1787953600700660526,1787953600699932804,5177785468432,0,0,0,0
tx,537,135,1,1,1787953600700668785,1787953600699932804,5177785477080,5177785507450,72,0,0
rx,538,136,1,1,1787953600714845063,1787953600714726007,5177799653080,0,0,0,0
tx,538,136,1,1,1787953600714885137,1787953600714726007,5177799693395,5177799720265,72,0,0
rx,539,137,1,1,1787953600730124896,1787953600729921081,5177814932913,0,0,0,0
tx,539,137,1,1,1787953600730132322,1787953600729921081,5177814940617,5177814968450,72,0,0
rx,540,138,1,1,1787953600745407563,1787953600744338285,5177830215561,0,0,0,0
tx,540,138,1,1,1787953600745415285,1787953600744338285,5177830223783,5177830252857,72,0,0
rx,541,139,1,1,1787953600759634526,1787953600759549655,5177844442543,0,0,0,0
tx,541,139,1,1,1787953600759643489,1787953600759549655,5177844451783,5177844482969,72,0,0
rx,542,140,1,1,1787953600775950933,1787953600775317618,5177860758950,0,0,0,0
tx,542,140,1,1,1787953600775958267,1787953600775317618,5177860766524,5177860792802,72,0,0
rx,543,141,1,1,1787953600790166378,1787953600790088933,5177874974395,0,0,0,0
tx,543,141,1,1,1787953600790175044,1787953600790088933,5177874983302,5177875010709,72,0,0
rx,544,142,1,1,1787953600805408285,1787953600805288637,5177890216302,0,0,0,0
tx,544,142,1,1,1787953600805416211,1787953600805288637,5177890224691,5177890256209,72,0,0
rx,545,143,1,1,1787953600819594674,1787953600819462007,5177904402691,0,0,0,0
tx,545,143,1,1,1787953600819605859,1787953600819462007,5177904414117,5177904442802,72,0,0
rx,546,144,1,1,1787953600834834100,1787953600834582841,5177919642080,0,0,0,0
tx,546,144,1,1,1787953600834841452,1787953600834582841,5177919649691,5177919677672,72,0,0
rx,547,145,1,1,1787953600850066989,1787953600849822618,5177934874987,0,0,0,0
tx,547,145,1,1,1787953600850075433,1787953600849822618,5177934883691,5177934918987,72,0,0
rx,548,146,1,1,1787953600865339341,1787953600865101637,5177950147339,0,0,0,0
tx,548,146,1,1,1787953600865347600,1787953600865101637,5177950155857,5177950192191,72,0,0
rx,549,147,1,1,1787953600880618803,1787953600879548637,5177965426802,0,0,0,0
tx,549,147,1,1,1787953600880626748,1787953600879548637,5177965434987,5177965467450,72,0,0
rx,550,148,1,1,1787953600894814581,1787953600894619933,5177979622580,0,0,0,0
tx,550,148,1,1,1787953600894823248,1787953600894619933,5177979631487,5177979670006,72,0,0
rx,551,149,1,1,1787953600910105229,1787953600909703248,5177994913246,0,0,0,0
tx,551,149,1,1,1787953600910112396,1787953600909703248,5177994920635,5177994948524,72,0,0
rx,552,150,1,1,1787953600925329915,1787953600924969266,5178010137820,0,0,0,0
tx,552,150,1,1,1787953600925337211,1787953600924969266,5178010145469,5178010172061,72,0,0
rx,553,151,1,1,1787953600940562600,1787953600940128915,5178025370339,0,0,0,0
tx,553,151,1,1,1787953600940574952,1787953600940128915,5178025383487,5178025416339,72,0,0
rx,554,152,1,1,1787953600954756933,1787953600954665044,5178039564950,0,0,0,0
tx,554,152,1,1,1787953600954764452,1787953600954665044,5178039572728,5178039601043,72,0,0
rx,555,153,1,1,1787953600969984470,1787953600969527081,5178054792487,0,0,0,0
tx,555,153,1,1,1787953600969991840,1787953600969527081,5178054800135,5178054827728,72,0,0
rx,556,154,1,1,1787953600986307192,1787953600985246192,5178071115209,0,0,0,0
tx,556,154,1,1,1787953600986314822,1787953600985246192,5178071123061,5178071150654,72,0,0
rx,557,155,1,1,1787953601000531803,1787953600999879970,5178085339802,0,0,0,0
tx,557,155,1,1,1787953601000540989,1787953600999879970,5178085349302,5178085393005,72,0,0
rx,558,156,1,1,1787953601015800248,1787953601014937415,5178100608228,0,0,0,0
tx,558,156,1,1,1787953601015808081,1787953601014937415,5178100616357,5178100645450,72,0,0
rx,559,157,1,1,1787953601029926952,1787953601029738174,5178114734968,0,0,0,0
tx,559,157,1,1,1787953601029934711,1787953601029738174,5178114742968,5178114773376,72,0,0
rx,560,158,1,1,1787953601045154211,1787953601044689711,5178129962228,0,0,0,0
tx,560,158,1,1,1787953601045166396,1787953601044689711,5178129974746,5178130012487,72,0,0
rx,561,159,1,1,1787953601060406544,1787953601059845007,5178145214561,0,0,0,0
tx,561,159,1,1,1787953601060414452,1787953601059845007,5178145222931,5178145252987,72,0,0
rx,562,160,1,1,1787953601075636044,1787953601074778359,5178160444042,0,0,0,0
tx,562,160,1,1,1787953601075644229,1787953601074778359,5178160452524,5178160482283,72,0,0
rx,563,161,1,1,1787953601090854211,1787953601090024785,5178175662228,0,0,0,0
tx,563,161,1,1,1787953601090861914,1787953601090024785,5178175670209,5178175699228,72,0,0
rx,564,162,1,1,1787953601105061970,1787953601104971100,5178189869968,0,0,0,0
tx,564,162,1,1,1787953601105070285,1787953601104971100,5178189878542,5178189909228,72,0,0
rx,565,163,1,1,1787953601120437989,1787953601119978507,5178205245987,0,0,0,0
tx,565,163,1,1,1787953601120445211,1787953601119978507,5178205253450,5178205282394,72,0,0
rx,566,164,1,1,1787953601134615896,1787953601134525637,5178219423913,0,0,0,0
tx,566,164,1,1,1787953601134623155,1787953601134525637,5178219431394,5178219459265,72,0,0
rx,567,165,1,1,1787953601150921970,1787953601150646489,5178235729968,0,0,0,0
tx,567,165,1,1,1787953601150930377,1787953601150646489,5178235738728,5178235770320,72,0,0
rx,568,166,1,1,1787953601165113859,1787953601165018600,5178249921857,0,0,0,0
tx,568,166,1,1,1787953601165121340,1787953601165018600,5178249929728,5178249957209,72,0,0
rx,569,167,1,1,1787953601180339822,1787953601179717711,5178265147820,0,0,0,0
tx,569,167,1,1,1787953601180347026,1787953601179717711,5178265155265,5178265184987,72,0,0
rx,570,168,1,1,1787953601195559044,1787953601194859488,5178280367061,0,0,0,0
tx,570,168,1,1,1787953601195566877,1787953601194859488,5178280375191,5178280407561,72,0,0
rx,571,169,1,1,1787953601210800933,1787953601209940600,5178295608913,0,0,0,0
tx,571,169,1,1,1787953601210808414,1787953601209940600,5178295616672,5178295642913,72,0,0
rx,572,170,1,1,1787953601224954414,1787953601224290526,5178309762339,0,0,0,0
tx,572,170,1,1,1787953601224962266,1787953601224290526,5178309770505,5178309797691,72,0,0
rx,573,171,1,1,1787953601240220192,1787953601239382488,5178325028209,0,0,0,0
tx,573,171,1,1,1787953601240228637,1787953601239382488,5178325036876,5178325073357,72,0,0
rx,574,172,1,1,1787953601255435322,1787953601254657951,5178340243320,0,0,0,0
tx,574,172,1,1,1787953601255442729,1787953601254657951,5178340250987,5178340278079,72,0,0
rx,575,173,1,1,1787953601270634229,1787953601269798451,5178355442228,0,0,0,0
tx,575,173,1,1,1787953601270645081,1787953601269798451,5178355453320,5178355479672,72,0,0
rx,576,174,1,1,1787953601284820803,1787953601284264951,5178369628802,0,0,0,0
tx,576,174,1,1,1787953601284827970,1787953601284264951,5178369636209,5178369664820,72,0,0
rx,577,175,1,1,1787953601301153266,1787953601300329414,5178385961283,0,0,0,0
tx,577,175,1,1,1787953601301161118,1787953601300329414,5178385969357,5178386001728,72,0,0
rx,578,176,1,1,1787953601315321044,1787953601314932859,5178400129042,0,0,0,0
tx,578,176,1,1,1787953601315328229,1787953601314932859,5178400136468,5178400164005,72,0,0
rx,579,177,1,1,1787953601330636414,1787953601329644155,5178415444431,0,0,0,0
tx,579,177,1,1,1787953601330643822,1787953601329644155,5178415452061,5178415482728,72,0,0
rx,580,178,1,1,1787953601345874581,1787953601344807025,5178430682450,0,0,0,0
tx,580,178,1,1,1787953601345882674,1787953601344807025,5178430691246,5178430725098,72,0,0
rx,581,179,1,1,1787953601360015544,1787953601359633637,5178444823542,0,0,0,0
tx,581,179,1,1,1787953601360023174,1787953601359633637,5178444831468,5178444858357,72,0,0
rx,582,180,1,1,1787953601376302211,1787953601375764303,5178461110227,0,0,0,0
tx,582,180,1,1,1787953601376309340,1787953601375764303,5178461117579,5178461143153,72,0,0
rx,583,181,1,1,1787953601390510488,1787953601389511488,5178475318487,0,0,0,0
tx,583,181,1,1,1787953601390518377,1787953601389511488,5178475326635,5178475355690,72,0,0
rx,584,182,1,1,1787953601405764396,1787953601404943618,5178490572394,0,0,0,0
tx,584,182,1,1,1787953601405772359,1787953601404943618,5178490580598,5178490612635,72,0,0
rx,585,183,1,1,1787953601421025637,1787953601420011692,5178505833579,0,0,0,0
tx,585,183,1,1,1787953601421033081,1787953601420011692,5178505841320,5178505868450,72,0,0
rx,586,184,1,1,1787953601435217174,1787953601434209174,5178520025153,0,0,0,0
tx,586,184,1,1,1787953601435224636,1787953601434209174,5178520032894,5178520061153,72,0,0
rx,587,185,1,1,1787953601450415951,1787953601449369562,5178535223913,0,0,0,0
tx,587,185,1,1,1787953601450423840,1787953601449369562,5178535232135,5178535264561,72,0,0
rx,588,186,1,1,1787953601465642785,1787953601465027359,5178550450802,0,0,0,0
tx,588,186,1,1,1787953601465649970,1787953601465027359,5178550458227,5178550485579,72,0,0
rx,589,187,1,1,1787953601479759396,1787953601479485970,5178564567413,0,0,0,0
tx,589,187,1,1,1787953601479770581,1787953601479485970,5178564578820,5178564608894,72,0,0
rx,590,188,1,1,1787953601494985729,1787953601494480711,5178579793709,0,0,0,0
tx,590,188,1,1,1787953601494993396,1787953601494480711,5178579801709,5178579832246,72,0,0
rx,591,189,1,1,1787953601511285229,1787953601510716248,5178596093135,0,0,0,0
tx,591,189,1,1,1787953601511292618,1787953601510716248,5178596100876,5178596128746,72,0,0
rx,592,190,1,1,1787953601525391192,1787953601524757266,5178610199190,0,0,0,0
tx,592,190,1,1,1787953601525398544,1787953601524757266,5178610206801,5178610232690,72,0,0
rx,593,191,1,1,1787953601540672618,1787953601539669766,5178625480616,0,0,0,0
tx,593,191,1,1,1787953601540680581,1787953601539669766,5178625488839,5178625521487,72,0,0
rx,594,192,1,1,1787953601555894951,1787953601554857710,5178640702950,0,0,0,0
tx,594,192,1,1,1787953601555903322,1787953601554857710,5178640711561,5178640743024,72,0,0
rx,595,193,1,1,1787953601571109933,1787953601570210025,5178655917931,0,0,0,0
tx,595,193,1,1,1787953601571117044,1787953601570210025,5178655925283,5178655953061,72,0,0
rx,596,194,1,1,1787953601585265433,1787953601584674192,5178670073431,0,0,0,0
tx,596,194,1,1,1787953601585273173,1787953601584674192,5178670081413,5178670110024,72,0,0
rx,597,195,1,1,1787953601600480877,1787953601599596710,5178685288876,0,0,0,0
tx,597,195,1,1,1787953601600492655,1787953601599596710,5178685300913,5178685331301,72,0,0
rx,598,196,1,1,1787953601614718173,1787953601614636488,5178699526116,0,0,0,0
tx,598,196,1,1,1787953601614726747,1787953601614636488,5178699534987,5178699563005,72,0,0
rx,599,197,1,1,1787953601631028266,1787953601629979618,5178715836264,0,0,0,0
tx,599,197,1,1,1787953601631036562,1787953601629979618,5178715844820,5178715876487,72,0,0
rx,600,198,1,1,1787953601645170081,1787953601644932933,5178729978079,0,0,0,0
tx,600,198,1,1,1787953601645178322,1787953601644932933,5178729986616,5178730021246,72,0,0
rx,601,199,1,1,1787953601660416803,1787953601659402247,5178745224783,0,0,0,0
tx,601,199,1,1,1787953601660424173,1787953601659402247,5178745232450,5178745259301,72,0,0
rx,602,200,1,1,1787953601675638266,1787953601675246692,5178760446264,0,0,0,0
tx,602,200,1,1,1787953601675645636,1787953601675246692,5178760453875,5178760481135,72,0,0
rx,603,0,1,1,1787953601689783322,1787953601689383822,5178774591227,0,0,0,0
tx,603,0,1,1,1787953601689796618,1787953601689383822,5178774604857,5178774637209,72,0,0
rx,604,1,1,1,1787953601705003025,1787953601704461210,5178789811042,0,0,0,0
tx,604,1,1,1,1787953601705014433,1787953601704461210,5178789822672,5178789851690,72,0,0
rx,605,2,1,1,1787953601720192377,1787953601719560451,5178805000394,0,0,0,0
tx,605,2,1,1,1787953601720199933,1787953601719560451,5178805008227,5178805034394,72,0,0
rx,606,3,1,1,1787953601735410081,1787953601734611155,5178820218061,0,0,0,0
tx,606,3,1,1,1787953601735417396,1787953601734611155,5178820225635,5178820254227,72,0,0
rx,607,4,1,1,1787953601750636359,1787953601749608396,5178835444338,0,0,0,0
tx,607,4,1,1,1787953601750644933,1787953601749608396,5178835453227,5178835485153,72,0,0
rx,608,5,1,1,1787953601764784099,1787953601764519729,5178849592079,0,0,0,0
tx,608,5,1,1,1787953601764791692,1787953601764519729,5178849599931,5178849627727,72,0,0
rx,609,6,1,1,1787953601781166044,1787953601780167062,5178865974024,0,0,0,0
tx,609,6,1,1,1787953601781173821,1787953601780167062,5178865982061,5178866011209,72,0,0
rx,610,7,1,1,1787953601795310729,1787953601794495766,5178880118746,0,0,0,0
tx,610,7,1,1,1787953601795318747,1787953601794495766,5178880127079,5178880158579,72,0,0
rx,611,8,1,1,1787953601810606747,1787953601809612821,5178895414746,0,0,0,0
tx,611,8,1,1,1787953601810618099,1787953601809612821,5178895426338,5178895453931,72,0,0
rx,612,9,1,1,1787953601825823470,1787953601824838303,5178910631449,0,0,0,0
tx,612,9,1,1,1787953601825834951,1787953601824838303,5178910643209,5178910670431,72,0,0
rx,613,10,1,1,1787953601839963747,1787953601839492914,5178924771764,0,0,0,0
tx,613,10,1,1,1787953601839972284,1787953601839492914,5178924780542,5178924814246,72,0,0
rx,614,11,1,1,1787953601855256988,1787953601854239284,5178940064875,0,0,0,0
tx,614,11,1,1,1787953601855264784,1787953601854239284,5178940073135,5178940104616,72,0,0
rx,615,12,1,1,1787953601870546525,1787953601869684266,5178955354523,0,0,0,0
tx,615,12,1,1,1787953601870555340,1787953601869684266,5178955363579,5178955404135,72,0,0
rx,616,13,1,1,1787953601884941692,1787953601884397766,5178969749690,0,0,0,0
tx,616,13,1,1,1787953601884949655,1787953601884397766,5178969757949,5178969791246,72,0,0
rx,617,14,1,1,1787953601900423951,1787953601899638951,5178985231968,0,0,0,0
tx,617,14,1,1,1787953601900432673,1787953601899638951,5178985240931,5178985276209,72,0,0
rx,618,15,1,1,1787953601914604155,1787953601914236433,5178999412153,0,0,0,0
tx,618,15,1,1,1787953601914615821,1787953601914236433,5178999424079,5178999452616,72,0,0
rx,619,16,1,1,1787953601931084470,1787953601930052303,5179015892468,0,0,0,0
tx,619,16,1,1,1787953601931095877,1787953601930052303,5179015904172,5179015935227,72,0,0
rx,620,17,1,1,1787953601945267044,1787953601944567747,5179030075042,0,0,0,0
tx,620,17,1,1,1787953601945275284,1787953601944567747,5179030083560,5179030123968,72,0,0
rx,621,18,1,1,1787953601960669340,1787953601959901321,5179045477357,0,0,0,0
tx,621,18,1,1,1787953601960677229,1787953601959901321,5179045485542,5179045515542,72,0,0
rx,622,19,1,1,1787953601975898414,1787953601974991136,5179060706412,0,0,0,0
tx,622,19,1,1,1787953601975906229,1787953601974991136,5179060714486,5179060743172,72,0,0
rx,623,20,1,1,1787953601990095840,1787953601989559729,5179074903838,0,0,0,0
tx,623,20,1,1,1787953601990104062,1787953601989559729,5179074912338,5179074949690,72,0,0
rx,624,21,1,1,1787953602005407062,1787953602004739155,5179090215079,0,0,0,0
tx,624,21,1,1,1787953602005414636,1787953602004739155,5179090222894,5179090253190,72,0,0
rx,625,22,1,1,1787953602020710803,1787953602020073581,5179105518820,0,0,0,0
tx,625,22,1,1,1787953602020718192,1787953602020073581,5179105526449,5179105555264,72,0,0
rx,626,23,1,1,1787953602035963618,1787953602035015988,5179120771616,0,0,0,0
tx,626,23,1,1,1787953602035976303,1787953602035015988,5179120784560,5179120821449,72,0,0
rx,627,24,1,1,1787953602050135636,1787953602049473321,5179134943653,0,0,0,0
tx,627,24,1,1,1787953602050143377,1787953602049473321,5179134951616,5179134985616,72,0,0
rx,628,25,1,1,1787953602065416506,1787953602064810673,5179150224505,0,0,0,0
tx,628,25,1,1,1787953602065424321,1787953602064810673,5179150232857,5179150263375,72,0,0
rx,629,26,1,1,1787953602079724655,1787953602079339377,5179164532653,0,0,0,0
tx,629,26,1,1,1787953602079732173,1787953602079339377,5179164540672,5179164569357,72,0,0
rx,630,27,1,1,1787953602094981229,1787953602094659469,5179179789246,0,0,0,0
tx,630,27,1,1,1787953602094989229,1787953602094659469,5179179797523,5179179832209,72,0,0
rx,631,28,1,1,1787953602110330118,1787953602109655858,5179195138134,0,0,0,0
tx,631,28,1,1,1787953602110338266,1787953602109655858,5179195146505,5179195178838,72,0,0
rx,632,29,1,1,1787953602125563692,1787953602124511025,5179210371690,0,0,0,0
tx,632,29,1,1,1787953602125571488,1787953602124511025,5179210379746,5179210408634,72,0,0
rx,633,30,1,1,1787953602140906377,1787953602140095025,5179225714375,0,0,0,0
tx,633,30,1,1,1787953602140914858,1787953602140095025,5179225723227,5179225758505,72,0,0
rx,634,31,1,1,1787953602155081766,1787953602155024821,5179239889764,0,0,0,0
tx,634,31,1,1,1787953602155089858,1787953602155024821,5179239898153,5179239929653,72,0,0
rx,635,32,1,1,1787953602170362636,1787953602169863414,5179255170634,0,0,0,0
tx,635,32,1,1,1787953602170370173,1787953602169863414,5179255178412,5179255207968,72,0,0
rx,636,33,1,1,1787953602185584821,1787953602184697506,5179270392801,0,0,0,0
tx,636,33,1,1,1787953602185592432,1787953602184697506,5179270400671,5179270429264,72,0,0
rx,637,34,1,1,1787953602199783914,1787953602199408766,5179284591894,0,0,0,0
tx,637,34,1,1,1787953602199792414,1787953602199408766,5179284600708,5179284634783,72,0,0
rx,638,35,1,1,1787953602215051043,1787953602214214062,5179299859042,0,0,0,0
tx,638,35,1,1,1787953602215058543,1787953602214214062,5179299866783,5179299895264,72,0,0
rx,639,36,1,1,1787953602230269710,1787953602229579155,5179315077690,0,0,0,0
tx,639,36,1,1,1787953602230277192,1787953602229579155,5179315085449,5179315113338,72,0,0
rx,640,37,1,1,1787953602245539043,1787953602245394655,5179330347060,0,0,0,0
tx,640,37,1,1,1787953602245547136,1787953602245394655,5179330355394,5179330389579,72,0,0
rx,641,38,1,1,1787953602260807284,1787953602260049840,5179345615301,0,0,0,0
tx,641,38,1,1,1787953602260818506,1787953602260049840,5179345626745,5179345654783,72,0,0
rx,642,39,1,1,1787953602275053043,1787953602274656914,5179359861060,0,0,0,0
tx,642,39,1,1,1787953602275060173,1787953602274656914,5179359868412,5179359895616,72,0,0
rx,643,40,1,1,1787953602290274969,1787953602289489821,5179375082949,0,0,0,0
tx,643,40,1,1,1787953602290282858,1787953602289489821,5179375091097,5179375125690,72,0,0
rx,644,41,1,1,1787953602305549877,1787953602304479617,5179390357857,0,0,0,0
tx,644,41,1,1,1787953602305557340,1787953602304479617,5179390365579,5179390393949,72,0,0
rx,645,42,1,1,1787953602319772414,1787953602319578006,5179404580412,0,0,0,0
tx,645,42,1,1,1787953602319780080,1787953602319578006,5179404588320,5179404620708,72,0,0
rx,646,43,1,1,1787953602335234136,1787953602334465117,5179420042097,0,0,0,0
tx,646,43,1,1,1787953602335243136,1787953602334465117,5179420051449,5179420088653,72,0,0
rx,647,44,1,1,1787953602350495210,1787953602350365747,5179435303190,0,0,0,0
tx,647,44,1,1,1787953602350502895,1787953602350365747,5179435311153,5179435341264,72,0,0
rx,648,45,1,1,1787953602364633895,1787953602364385358,5179449441894,0,0,0,0
tx,648,45,1,1,1787953602364641358,1787953602364385358,5179449449616,5179449477338,72,0,0
rx,649,46,1,1,1787953602379875284,1787953602379611136,5179464683264,0,0,0,0
tx,649,46,1,1,1787953602379882580,1787953602379611136,5179464690838,5179464719468,72,0,0
rx,650,47,1,1,1787953602395149599,1787953602394182543,5179479957597,0,0,0,0
tx,650,47,1,1,1787953602395157562,1787953602394182543,5179479965819,5179480026023,72,0,0
rx,651,48,1,1,1787953602409429284,1787953602409339858,5179494237264,0,0,0,0
tx,651,48,1,1,1787953602409436543,1787953602409339858,5179494244801,5179494272357,72,0,0
rx,652,49,1,1,1787953602424743303,1787953602424273210,5179509551282,0,0,0,0
tx,652,49,1,1,1787953602424750636,1787953602424273210,5179509558875,5179509586208,72,0,0
rx,653,50,1,1,1787953602439970488,1787953602439435136,5179524778468,0,0,0,0
tx,653,50,1,1,1787953602439978710,1787953602439435136,5179524786949,5179524819986,72,0,0
rx,654,51,1,1,1787953602455432488,1787953602454866969,5179540240486,0,0,0,0
tx,654,51,1,1,1787953602455440025,1787953602454866969,5179540248264,5179540277282,72,0,0
rx,655,52,1,1,1787953602469564710,1787953602469215636,5179554372727,0,0,0,0
tx,655,52,1,1,1787953602469572154,1787953602469215636,5179554380394,5179554408356,72,0,0
rx,656,53,1,1,1787953602484791340,1787953602484646006,5179569599356,0,0,0,0
tx,656,53,1,1,1787953602484806599,1787953602484646006,5179569614856,5179569643116,72,0,0
rx,657,54,1,1,1787953602500035914,1787953602499297728,5179584843912,0,0,0,0
tx,657,54,1,1,1787953602500044432,1787953602499297728,5179584852671,5179584885727,72,0,0
rx,658,55,1,1,1787953602515301914,1787953602514374691,5179600109912,0,0,0,0
tx,658,55,1,1,1787953602515309099,1787953602514374691,5179600117356,5179600146375,72,0,0
rx,659,56,1,1,1787953602530520080,1787953602529538377,5179615328079,0,0,0,0
tx,659,56,1,1,1787953602530527154,1787953602529538377,5179615335412,5179615361264,72,0,0
rx,660,57,1,1,1787953602544662117,1787953602544350377,5179629470097,0,0,0,0
tx,660,57,1,1,1787953602544670432,1787953602544350377,5179629478671,5179629513838,72,0,0
rx,661,58,1,1,1787953602560066284,1787953602559640525,5179644874301,0,0,0,0
tx,661,58,1,1,1787953602560073840,1787953602559640525,5179644882079,5179644910468,72,0,0
rx,662,59,1,1,1787953602575239173,1787953602574553599,5179660047190,0,0,0,0
tx,662,59,1,1,1787953602575250395,1787953602574553599,5179660058634,5179660085393,72,0,0
rx,663,60,1,1,1787953602590630117,1787953602589587988,5179675438116,0,0,0,0
tx,663,60,1,1,1787953602590642506,1787953602589587988,5179675450764,5179675482375,72,0,0
rx,664,61,1,1,1787953602604766414,1787953602604466821,5179689574393,0,0,0,0
tx,664,61,1,1,1787953602604773654,1787953602604466821,5179689581912,5179689609208,72,0,0
rx,665,62,1,1,1787953602620117117,1787953602619624765,5179704925134,0,0,0,0
tx,665,62,1,1,1787953602620124488,1787953602619624765,5179704932727,5179704961338,72,0,0
rx,666,63,1,1,1787953602635348432,1787953602634456432,5179720156430,0,0,0,0
tx,666,63,1,1,1787953602635356821,1787953602634456432,5179720165079,5179720200245,72,0,0
rx,667,64,1,1,1787953602649558673,1787953602649515099,5179734366690,0,0,0,0
tx,667,64,1,1,1787953602649566284,1787953602649515099,5179734374542,5179734405579,72,0,0
