start!! foward ai cmd V2 (multi cast packet), arg : 9
debug mode : 0
UART /dev/serial0 1000000 bps
ID 8 (--robot-id 指定)
AI cmd UDP 12345 / local cam UDP 8890 / feedback UDP 127.0.0.1:50108 / config UDP 12350
passthrough 0 / tx rate 100 Hz (10 ms)
control kp 2.00 decel 3.00 tol 0.010 cmd-timeout 100 ms fb-timeout 100 ms
timing trace /tmp/orion-bridge-actual-unicast-r1/trace.csv / 13 seconds / max 100000 records
cam   +0   +0  0 fps(rx) 0 /   0 / ck :  43 / STOP check   1 vision 0 time     0 VisionX  +0.00 Y  +0.00 theta   +0.0 elt    0 Ltcy   0 TarTheta  +0.00 AccLmt 0.00 VelLmt 0.00 OmgLmt  0.0 mode 3 vel r +0.00 th  +0.00 dri +0.00 stlt 0.00 
cam   +0   +0  0 fps(rx) 0 /   0 / ck :  45 / STOP check   2 vision 0 time     0 VisionX  +0.00 Y  +0.00 theta   +0.0 elt    0 Ltcy   0 TarTheta  +0.00 AccLmt 0.00 VelLmt 0.00 OmgLmt  0.0 mode 3 vel r +0.00 th  +0.00 dri +0.00 stlt 0.00 
cam   +0   +0  0 fps(rx) 0 /   0 / ck :  47 / STOP check   3 vision 0 time     0 VisionX  +0.00 Y  +0.00 theta   +0.0 elt    0 Ltcy   0 TarTheta  +0.00 AccLmt 0.00 VelLmt 0.00 OmgLmt  0.0 mode 3 vel r +0.00 th  +0.00 dri +0.00 stlt 0.00 
cam   +0   +0  0 fps(rx) 0 /   0 / ck :  49 / STOP check   4 vision 0 time     0 VisionX  +0.00 Y  +0.00 theta   +0.0 elt    0 Ltcy   0 TarTheta  +0.00 AccLmt 0.00 VelLmt 0.00 OmgLmt  0.0 mode 3 vel r +0.00 th  +0.00 dri +0.00 stlt 0.00 
cam   +0   +0  0 fps(rx) 0 /   0 / ck :  51 / STOP check   5 vision 0 time     0 VisionX  +0.00 Y  +0.00 theta   +0.0 elt    0 Ltcy   0 TarTheta  +0.00 AccLmt 0.00 VelLmt 0.00 OmgLmt  0.0 mode 3 vel r +0.00 th  +0.00 dri +0.00 stlt 0.00 
cam   +0   +0  0 fps(rx) 0 /   0 / ck :  53 / STOP check   6 vision 0 time     0 VisionX  +0.00 Y  +0.00 theta   +0.0 elt    0 Ltcy   0 TarTheta  +0.00 AccLmt 0.00 VelLmt 0.00 OmgLmt  0.0 mode 3 vel r +0.00 th  +0.00 dri +0.00 stlt 0.00 
cam   +0   +0  0 fps(rx) 0 /   0 / ck :  55 / STOP check   7 vision 0 time     0 VisionX  +0.00 Y  +0.00 theta   +0.0 elt    0 Ltcy   0 TarTheta  +0.00 AccLmt 0.00 VelLmt 0.00 OmgLmt  0.0 mode 3 vel r +0.00 th  +0.00 dri +0.00 stlt 0.00 
cam   +0   +0  0 fps(rx) 0 /   0 / ck :  57 / STOP check   8 vision 0 time     0 VisionX  +0.00 Y  +0.00 theta   +0.0 elt    0 Ltcy   0 TarTheta  +0.00 AccLmt 0.00 VelLmt 0.00 OmgLmt  0.0 mode 3 vel r +0.00 th  +0.00 dri +0.00 stlt 0.00 
cam   +0   +0  0 fps(rx) 0 /   0 / ck :  59 / STOP check   9 vision 0 time     0 VisionX  +0.00 Y  +0.00 theta   +0.0 elt    0 Ltcy   0 TarTheta  +0.00 AccLmt 0.00 VelLmt 0.00 OmgLmt  0.0 mode 3 vel r +0.00 th  +0.00 dri +0.00 stlt 0.00 
cam   +0   +0  0 fps(rx) 0 /   0 / ck :  61 / STOP check  10 vision 0 time     0 VisionX  +0.00 Y  +0.00 theta   +0.0 elt    0 Ltcy   0 TarTheta  +0.00 AccLmt 0.00 VelLmt 0.00 OmgLmt  0.0 mode 3 vel r +0.00 th  +0.00 dri +0.00 stlt 0.00 
cam   +0   +0  0 fps(rx) 0 /   0 / ck :  63 / STOP check  11 vision 0 time     0 VisionX  +0.00 Y  +0.00 theta   +0.0 elt    0 Ltcy   0 TarTheta  +0.00 AccLmt 0.00 VelLmt 0.00 OmgLmt  0.0 mode 3 vel r +0.00 th  +0.00 dri +0.00 stlt 0.00 
cam   +0   +0  0 fps(rx) 0 /   0 / ck :  65 / STOP check  12 vision 0 time     0 VisionX  +0.00 Y  +0.00 theta   +0.0 elt    0 Ltcy   0 TarTheta  +0.00 AccLmt 0.00 VelLmt 0.00 OmgLmt  0.0 mode 3 vel r +0.00 th  +0.00 dri +0.00 stlt 0.00 
cam   +0   +0  0 fps(rx) 0 /   0 / ck :  67 / STOP check  13 vision 0 time     0 VisionX  +0.00 Y  +0.00 theta   +0.0 elt    0 Ltcy   0 TarTheta  +0.00 AccLmt 0.00 VelLmt 0.00 OmgLmt  0.0 mode 3 vel r +0.00 th  +0.00 dri +0.00 stlt 0.00 
cam   +0   +0  0 fps(rx) 0 /   0 / ck :  69 / STOP check  14 vision 0 time     0 VisionX  +0.00 Y  +0.00 theta   +0.0 elt    0 Ltcy   0 TarTheta  +0.00 AccLmt 0.00 VelLmt 0.00 OmgLmt  0.0 mode 3 vel r +0.00 th  +0.00 dri +0.00 stlt 0.00 
cam   +0   +0  0 fps(rx) 0 /   0 / ck :  71 / STOP check  15 vision 0 time     0 VisionX  +0.00 Y  +0.00 theta   +0.0 elt    0 Ltcy   0 TarTheta  +0.00 AccLmt 0.00 VelLmt 0.00 OmgLmt  0.0 mode 3 vel r +0.00 th  +0.00 dri +0.00 stlt 0.00 
cam   +0   +0  0 fps(rx) 0 /   0 / ck :  73 / STOP check  16 vision 0 time     0 VisionX  +0.00 Y  +0.00 theta   +0.0 elt    0 Ltcy   0 TarTheta  +0.00 AccLmt 0.00 VelLmt 0.00 OmgLmt  0.0 mode 3 vel r +0.00 th  +0.00 dri +0.00 stlt 0.00 
cam   +0   +0  0 fps(rx) 0 /   0 / ck :  75 / STOP check  17 vision 0 time     0 VisionX  +0.00 Y  +0.00 theta   +0.0 elt    0 Ltcy   0 TarTheta  +0.00 AccLmt 0.00 VelLmt 0.00 OmgLmt  0.0 mode 3 vel r +0.00 th  +0.00 dri +0.00 stlt 0.00 
cam   +0   +0  0 fps(rx) 0 /   0 / ck :  77 / STOP check  18 vision 0 time     0 VisionX  +0.00 Y  +0.00 theta   +0.0 elt    0 Ltcy   0 TarTheta  +0.00 AccLmt 0.00 VelLmt 0.00 OmgLmt  0.0 mode 3 vel r +0.00 th  +0.00 dri +0.00 stlt 0.00 
cam   +0   +0  0 fps(rx) 0 /   0 / ck :  79 / STOP check  19 vision 0 time     0 VisionX  +0.00 Y  +0.00 theta   +0.0 elt    0 Ltcy   0 TarTheta  +0.00 AccLmt 0.00 VelLmt 0.00 OmgLmt  0.0 mode 3 vel r +0.00 th  +0.00 dri +0.00 stlt 0.00 
cam   +0   +0  0 fps(rx) 0 /   0 / ck :  81 / STOP check  20 vision 0 time     0 VisionX  +0.00 Y  +0.00 theta   +0.0 elt    0 Ltcy   0 TarTheta  +0.00 AccLmt 0.00 VelLmt 0.00 OmgLmt  0.0 mode 3 vel r +0.00 th  +0.00 dri +0.00 stlt 0.00 
cam   +0   +0  0 fps(rx) 0 /   0 / ck :  83 / STOP check  21 vision 0 time     0 VisionX  +0.00 Y  +0.00 theta   +0.0 elt    0 Ltcy   0 TarTheta  +0.00 AccLmt 0.00 VelLmt 0.00 OmgLmt  0.0 mode 3 vel r +0.00 th  +0.00 dri +0.00 stlt 0.00 
cam   +0   +0  0 fps(rx) 0 /   0 / ck :  85 / STOP check  22 vision 0 time     0 VisionX  +0.00 Y  +0.00 theta   +0.0 elt    0 Ltcy   0 TarTheta  +0.00 AccLmt 0.00 VelLmt 0.00 OmgLmt  0.0 mode 3 vel r +0.00 th  +0.00 dri +0.00 stlt 0.00 
cam   +0   +0  0 fps(rx) 0 /   0 / ck :  87 / STOP check  23 vision 0 time     0 VisionX  +0.00 Y  +0.00 theta   +0.0 elt    0 Ltcy   0 TarTheta  +0.00 AccLmt 0.00 VelLmt 0.00 OmgLmt  0.0 mode 3 vel r +0.00 th  +0.00 dri +0.00 stlt 0.00 
cam   +0   +0  0 fps(rx) 0 /   0 / ck :  89 / STOP check  24 vision 0 time     0 VisionX  +0.00 Y  +0.00 theta   +0.0 elt    0 Ltcy   0 TarTheta  +0.00 AccLmt 0.00 VelLmt 0.00 OmgLmt  0.0 mode 3 vel r +0.00 th  +0.00 dri +0.00 stlt 0.00 
cam   +0   +0  0 fps(rx) 0 /   0 / ck :  91 / STOP check  25 vision 0 time     0 VisionX  +0.00 Y  +0.00 theta   +0.0 elt    0 Ltcy   0 TarTheta  +0.00 AccLmt 0.00 VelLmt 0.00 OmgLmt  0.0 mode 3 vel r +0.00 th  +0.00 dri +0.00 stlt 0.00 
cam   +0   +0  0 fps(rx) 0 /   0 / ck :  93 / STOP check  26 vision 0 time     0 VisionX  +0.00 Y  +0.00 theta   +0.0 elt    0 Ltcy   0 TarTheta  +0.00 AccLmt 0.00 VelLmt 0.00 OmgLmt  0.0 mode 3 vel r +0.00 th  +0.00 dri +0.00 stlt 0.00 
cam   +0   +0  0 fps(rx) 0 /   0 / ck :  95 / STOP check  27 vision 0 time     0 VisionX  +0.00 Y  +0.00 theta   +0.0 elt    0 Ltcy   0 TarTheta  +0.00 AccLmt 0.00 VelLmt 0.00 OmgLmt  0.0 mode 3 vel r +0.00 th  +0.00 dri +0.00 stlt 0.00 
cam   +0   +0  0 fps(rx) 0 /   0 / ck :  97 / STOP check  28 vision 0 time     0 VisionX  +0.00 Y  +0.00 theta   +0.0 elt    0 Ltcy   0 TarTheta  +0.00 AccLmt 0.00 VelLmt 0.00 OmgLmt  0.0 mode 3 vel r +0.00 th  +0.00 dri +0.00 stlt 0.00 
cam   +0   +0  0 fps(rx) 0 /   0 / ck :  99 / STOP check  29 vision 0 time     0 VisionX  +0.00 Y  +0.00 theta   +0.0 elt    0 Ltcy   0 TarTheta  +0.00 AccLmt 0.00 VelLmt 0.00 OmgLmt  0.0 mode 3 vel r +0.00 th  +0.00 dri +0.00 stlt 0.00 
cam   +0   +0  0 fps(rx) 0 /   0 / ck : 101 / STOP check  30 vision 0 time     0 VisionX  +0.00 Y  +0.00 theta   +0.0 elt    0 Ltcy   0 TarTheta  +0.00 AccLmt 0.00 VelLmt 0.00 OmgLmt  0.0 mode 3 vel r +0.00 th  +0.00 dri +0.00 stlt 0.00 
cam   +0   +0  0 fps(rx) 0 /   0 / ck : 103 / STOP check  31 vision 0 time     0 VisionX  +0.00 Y  +0.00 theta   +0.0 elt    0 Ltcy   0 TarTheta  +0.00 AccLmt 0.00 VelLmt 0.00 OmgLmt  0.0 mode 3 vel r +0.00 th  +0.00 dri +0.00 stlt 0.00 
cam   +0   +0  0 fps(rx) 0 /   0 / ck : 105 / STOP check  32 vision 0 time     0 VisionX  +0.00 Y  +0.00 theta   +0.0 elt    0 Ltcy   0 TarTheta  +0.00 AccLmt 0.00 VelLmt 0.00 OmgLmt  0.0 mode 3 vel r +0.00 th  +0.00 dri +0.00 stlt 0.00 
cam   +0   +0  0 fps(rx) 0 /   0 / ck : 107 / STOP check  33 vision 0 time     0 VisionX  +0.00 Y  +0.00 theta   +0.0 elt    0 Ltcy   0 TarTheta  +0.00 AccLmt 0.00 VelLmt 0.00 OmgLmt  0.0 mode 3 vel r +0.00 th  +0.00 dri +0.00 stlt 0.00 
cam   +0   +0  0 fps(rx) 0 /   0 / ck : 109 / STOP check  34 vision 0 time     0 VisionX  +0.00 Y  +0.00 theta   +0.0 elt    0 Ltcy   0 TarTheta  +0.00 AccLmt 0.00 VelLmt 0.00 OmgLmt  0.0 mode 3 vel r +0.00 th  +0.00 dri +0.00 stlt 0.00 
cam   +0   +0  0 fps(rx) 0 /   0 / ck : 111 / STOP check  35 vision 0 time     0 VisionX  +0.00 Y  +0.00 theta   +0.0 elt    0 Ltcy   0 TarTheta  +0.00 AccLmt 0.00 VelLmt 0.00 OmgLmt  0.0 mode 3 vel r +0.00 th  +0.00 dri +0.00 stlt 0.00 
cam   +0   +0  0 fps(rx) 0 /   0 / ck : 113 / STOP check  36 vision 0 time     0 VisionX  +0.00 Y  +0.00 theta   +0.0 elt    0 Ltcy   0 TarTheta  +0.00 AccLmt 0.00 VelLmt 0.00 OmgLmt  0.0 mode 3 vel r +0.00 th  +0.00 dri +0.00 stlt 0.00 
cam   +0   +0  0 fps(rx) 0 /   0 / ck : 115 / STOP check  37 vision 0 time     0 VisionX  +0.00 Y  +0.00 theta   +0.0 elt    0 Ltcy   0 TarTheta  +0.00 AccLmt 0.00 VelLmt 0.00 OmgLmt  0.0 mode 3 vel r +0.00 th  +0.00 dri +0.00 stlt 0.00 
cam   +0   +0  0 fps(rx) 0 /   0 / ck : 117 / STOP check  38 vision 0 time     0 VisionX  +0.00 Y  +0.00 theta   +0.0 elt    0 Ltcy   0 TarTheta  +0.00 AccLmt 0.00 VelLmt 0.00 OmgLmt  0.0 mode 3 vel r +0.00 th  +0.00 dri +0.00 stlt 0.00 
cam   +0   +0  0 fps(rx) 0 /   0 / ck : 119 / STOP check  39 vision 0 time     0 VisionX  +0.00 Y  +0.00 theta   +0.0 elt    0 Ltcy   0 TarTheta  +0.00 AccLmt 0.00 VelLmt 0.00 OmgLmt  0.0 mode 3 vel r +0.00 th  +0.00 dri +0.00 stlt 0.00 
cam   +0   +0  0 fps(rx) 0 /   0 / ck : 121 / STOP check  40 vision 0 time     0 VisionX  +0.00 Y  +0.00 theta   +0.0 elt    0 Ltcy   0 TarTheta  +0.00 AccLmt 0.00 VelLmt 0.00 OmgLmt  0.0 mode 3 vel r +0.00 th  +0.00 dri +0.00 stlt 0.00 
cam   +0   +0  0 fps(rx) 0 /   0 / ck : 123 / STOP check  41 vision 0 time     0 VisionX  +0.00 Y  +0.00 theta   +0.0 elt    0 Ltcy   0 TarTheta  +0.00 AccLmt 0.00 VelLmt 0.00 OmgLmt  0.0 mode 3 vel r +0.00 th  +0.00 dri +0.00 stlt 0.00 
cam   +0   +0  0 fps(rx) 0 /   0 / ck : 125 / STOP check  42 vision 0 time     0 VisionX  +0.00 Y  +0.00 theta   +0.0 elt    0 Ltcy   0 TarTheta  +0.00 AccLmt 0.00 VelLmt 0.00 OmgLmt  0.0 mode 3 vel r +0.00 th  +0.00 dri +0.00 stlt 0.00 
cam   +0   +0  0 fps(rx) 0 /   0 / ck : 127 / STOP check  43 vision 0 time     0 VisionX  +0.00 Y  +0.00 theta   +0.0 elt    0 Ltcy   0 TarTheta  +0.00 AccLmt 0.00 VelLmt 0.00 OmgLmt  0.0 mode 3 vel r +0.00 th  +0.00 dri +0.00 stlt 0.00 
cam   +0   +0  0 fps(rx) 0 /   0 / ck : 129 / STOP check  44 vision 0 time     0 VisionX  +0.00 Y  +0.00 theta   +0.0 elt    0 Ltcy   0 TarTheta  +0.00 AccLmt 0.00 VelLmt 0.00 OmgLmt  0.0 mode 3 vel r +0.00 th  +0.00 dri +0.00 stlt 0.00 
cam   +0   +0  0 fps(rx) 0 /   0 / ck : 131 / STOP check  45 vision 0 time     0 VisionX  +0.00 Y  +0.00 theta   +0.0 elt    0 Ltcy   0 TarTheta  +0.00 AccLmt 0.00 VelLmt 0.00 OmgLmt  0.0 mode 3 vel r +0.00 th  +0.00 dri +0.00 stlt 0.00 
cam   +0   +0  0 fps(rx) 0 /   0 / ck : 133 / STOP check  46 vision 0 time     0 VisionX  +0.00 Y  +0.00 theta   +0.0 elt    0 Ltcy   0 TarTheta  +0.00 AccLmt 0.00 VelLmt 0.00 OmgLmt  0.0 mode 3 vel r +0.00 th  +0.00 dri +0.00 stlt 0.00 
cam   +0   +0  0 fps(rx) 0 /   0 / ck : 135 / STOP check  47 vision 0 time     0 VisionX  +0.00 Y  +0.00 theta   +0.0 elt    0 Ltcy   0 TarTheta  +0.00 AccLmt 0.00 VelLmt 0.00 OmgLmt  0.0 mode 3 vel r +0.00 th  +0.00 dri +0.00 stlt 0.00 
cam   +0   +0  0 fps(rx) 0 /   0 / ck : 137 / STOP check  48 vision 0 time     0 VisionX  +0.00 Y  +0.00 theta   +0.0 elt    0 Ltcy   0 TarTheta  +0.00 AccLmt 0.00 VelLmt 0.00 OmgLmt  0.0 mode 3 vel r +0.00 th  +0.00 dri +0.00 stlt 0.00 
cam   +0   +0  0 fps(rx) 0 /   0 / ck : 139 / STOP check  49 vision 0 time     0 VisionX  +0.00 Y  +0.00 theta   +0.0 elt    0 Ltcy   0 TarTheta  +0.00 AccLmt 0.00 VelLmt 0.00 OmgLmt  0.0 mode 3 vel r +0.00 th  +0.00 dri +0.00 stlt 0.00 
cam   +0   +0  0 fps(rx) 0 /   0 / ck : 141 / STOP check  50 vision 0 time     0 VisionX  +0.00 Y  +0.00 theta   +0.0 elt    0 Ltcy   0 TarTheta  +0.00 AccLmt 0.00 VelLmt 0.00 OmgLmt  0.0 mode 3 vel r +0.00 th  +0.00 dri +0.00 stlt 0.00 
cam   +0   +0  0 fps(rx) 0 /   0 / ck : 143 / STOP check  51 vision 0 time     0 VisionX  +0.00 Y  +0.00 theta   +0.0 elt    0 Ltcy   0 TarTheta  +0.00 AccLmt 0.00 VelLmt 0.00 OmgLmt  0.0 mode 3 vel r +0.00 th  +0.00 dri +0.00 stlt 0.00 
cam   +0   +0  0 fps(rx) 0 /   0 / ck : 145 / STOP check  52 vision 0 time     0 VisionX  +0.00 Y  +0.00 theta   +0.0 elt    0 Ltcy   0 TarTheta  +0.00 AccLmt 0.00 VelLmt 0.00 OmgLmt  0.0 mode 3 vel r +0.00 th  +0.00 dri +0.00 stlt 0.00 
cam   +0   +0  0 fps(rx) 0 /   0 / ck : 147 / STOP check  53 vision 0 time     0 VisionX  +0.00 Y  +0.00 theta   +0.0 elt    0 Ltcy   0 TarTheta  +0.00 AccLmt 0.00 VelLmt 0.00 OmgLmt  0.0 mode 3 vel r +0.00 th  +0.00 dri +0.00 stlt 0.00 
cam   +0   +0  0 fps(rx) 0 /   0 / ck : 149 / STOP check  54 vision 0 time     0 VisionX  +0.00 Y  +0.00 theta   +0.0 elt    0 Ltcy   0 TarTheta  +0.00 AccLmt 0.00 VelLmt 0.00 OmgLmt  0.0 mode 3 vel r +0.00 th  +0.00 dri +0.00 stlt 0.00 
cam   +0   +0  0 fps(rx) 0 /   0 / ck : 151 / STOP check  55 vision 0 time     0 VisionX  +0.00 Y  +0.00 theta   +0.0 elt    0 Ltcy   0 TarTheta  +0.00 AccLmt 0.00 VelLmt 0.00 OmgLmt  0.0 mode 3 vel r +0.00 th  +0.00 dri +0.00 stlt 0.00 
cam   +0   +0  0 fps(rx) 0 /   0 / ck : 153 / STOP check  56 vision 0 time     0 VisionX  +0.00 Y  +0.00 theta   +0.0 elt    0 Ltcy   0 TarTheta  +0.00 AccLmt 0.00 VelLmt 0.00 OmgLmt  0.0 mode 3 vel r +0.00 th  +0.00 dri +0.00 stlt 0.00 
cam   +0   +0  0 fps(rx) 0 /   0 / ck : 155 / STOP check  57 vision 0 time     0 VisionX  +0.00 Y  +0.00 theta   +0.0 elt    0 Ltcy   0 TarTheta  +0.00 AccLmt 0.00 VelLmt 0.00 OmgLmt  0.0 mode 3 vel r +0.00 th  +0.00 dri +0.00 stlt 0.00 
cam   +0   +0  0 fps(rx) 0 /   0 / ck : 157 / STOP check  58 vision 0 time     0 VisionX  +0.00 Y  +0.00 theta   +0.0 elt    0 Ltcy   0 TarTheta  +0.00 AccLmt 0.00 VelLmt 0.00 OmgLmt  0.0 mode 3 vel r +0.00 th  +0.00 dri +0.00 stlt 0.00 
cam   +0   +0  0 fps(rx) 0 /   0 / ck : 159 / STOP check  59 vision 0 time     0 VisionX  +0.00 Y  +0.00 theta   +0.0 elt    0 Ltcy   0 TarTheta  +0.00 AccLmt 0.00 VelLmt 0.00 OmgLmt  0.0 mode 3 vel r +0.00 th  +0.00 dri +0.00 stlt 0.00 
cam   +0   +0  0 fps(rx) 0 /   0 / ck : 161 / STOP check  60 vision 0 time     0 VisionX  +0.00 Y  +0.00 theta   +0.0 elt    0 Ltcy   0 TarTheta  +0.00 AccLmt 0.00 VelLmt 0.00 OmgLmt  0.0 mode 3 vel r +0.00 th  +0.00 dri +0.00 stlt 0.00 
cam   +0   +0  0 fps(rx) 0 /   0 / ck : 163 / STOP check  61 vision 0 time     0 VisionX  +0.00 Y  +0.00 theta   +0.0 elt    0 Ltcy   0 TarTheta  +0.00 AccLmt 0.00 VelLmt 0.00 OmgLmt  0.0 mode 3 vel r +0.00 th  +0.00 dri +0.00 stlt 0.00 
cam   +0   +0  0 fps(rx) 0 /   0 / ck : 165 / STOP check  62 vision 0 time     0 VisionX  +0.00 Y  +0.00 theta   +0.0 elt    0 Ltcy   0 TarTheta  +0.00 AccLmt 0.00 VelLmt 0.00 OmgLmt  0.0 mode 3 vel r +0.00 th  +0.00 dri +0.00 stlt 0.00 
cam   +0   +0  0 fps(rx) 0 /   0 / ck : 167 / STOP check  63 vision 0 time     0 VisionX  +0.00 Y  +0.00 theta   +0.0 elt    0 Ltcy   0 TarTheta  +0.00 AccLmt 0.00 VelLmt 0.00 OmgLmt  0.0 mode 3 vel r +0.00 th  +0.00 dri +0.00 stlt 0.00 
cam   +0   +0  0 fps(rx) 0 /   0 / ck : 169 / STOP check  64 vision 0 time     0 VisionX  +0.00 Y  +0.00 theta   +0.0 elt    0 Ltcy   0 TarTheta  +0.00 AccLmt 0.00 VelLmt 0.00 OmgLmt  0.0 mode 3 vel r +0.00 th  +0.00 dri +0.00 stlt 0.00 
cam   +0   +0  0 fps(rx) 0 /   0 / ck : 171 / STOP check  65 vision 0 time     0 VisionX  +0.00 Y  +0.00 theta   +0.0 elt    0 Ltcy   0 TarTheta  +0.00 AccLmt 0.00 VelLmt 0.00 OmgLmt  0.0 mode 3 vel r +0.00 th  +0.00 dri +0.00 stlt 0.00 
cam   +0   +0  0 fps(rx) 0 /   0 / ck : 173 / STOP check  66 vision 0 time     0 VisionX  +0.00 Y  +0.00 theta   +0.0 elt    0 Ltcy   0 TarTheta  +0.00 AccLmt 0.00 VelLmt 0.00 OmgLmt  0.0 mode 3 vel r +0.00 th  +0.00 dri +0.00 stlt 0.00 
cam   +0   +0  0 fps(rx) 0 /   0 / ck : 175 / STOP check  67 vision 0 time     0 VisionX  +0.00 Y  +0.00 theta   +0.0 elt    0 Ltcy   0 TarTheta  +0.00 AccLmt 0.00 VelLmt 0.00 OmgLmt  0.0 mode 3 vel r +0.00 th  +0.00 dri +0.00 stlt 0.00 
cam   +0   +0  0 fps(rx) 0 /   0 / ck : 177 / STOP check  68 vision 0 time     0 VisionX  +0.00 Y  +0.00 theta   +0.0 elt    0 Ltcy   0 TarTheta  +0.00 AccLmt 0.00 VelLmt 0.00 OmgLmt  0.0 mode 3 vel r +0.00 th  +0.00 dri +0.00 stlt 0.00 
cam   +0   +0  0 fps(rx) 0 /   0 / ck : 179 / STOP check  69 vision 0 time     0 VisionX  +0.00 Y  +0.00 theta   +0.0 elt    0 Ltcy   0 TarTheta  +0.00 AccLmt 0.00 VelLmt 0.00 OmgLmt  0.0 mode 3 vel r +0.00 th  +0.00 dri +0.00 stlt 0.00 
cam   +0   +0  0 fps(rx) 0 /   0 / ck : 181 / STOP check  70 vision 0 time     0 VisionX  +0.00 Y  +0.00 theta   +0.0 elt    0 Ltcy   0 TarTheta  +0.00 AccLmt 0.00 VelLmt 0.00 OmgLmt  0.0 mode 3 vel r +0.00 th  +0.00 dri +0.00 stlt 0.00 
cam   +0   +0  0 fps(rx) 0 /   0 / ck : 183 / STOP check  71 vision 0 time     0 VisionX  +0.00 Y  +0.00 theta   +0.0 elt    0 Ltcy   0 TarTheta  +0.00 AccLmt 0.00 VelLmt 0.00 OmgLmt  0.0 mode 3 vel r +0.00 th  +0.00 dri +0.00 stlt 0.00 
cam   +0   +0  0 fps(rx) 0 /   0 / ck : 185 / STOP check  72 vision 0 time     0 VisionX  +0.00 Y  +0.00 theta   +0.0 elt    0 Ltcy   0 TarTheta  +0.00 AccLmt 0.00 VelLmt 0.00 OmgLmt  0.0 mode 3 vel r +0.00 th  +0.00 dri +0.00 stlt 0.00 
cam   +0   +0  0 fps(rx) 0 /   0 / ck : 187 / STOP check  73 vision 0 time     0 VisionX  +0.00 Y  +0.00 theta   +0.0 elt    0 Ltcy   0 TarTheta  +0.00 AccLmt 0.00 VelLmt 0.00 OmgLmt  0.0 mode 3 vel r +0.00 th  +0.00 dri +0.00 stlt 0.00 
cam   +0   +0  0 fps(rx) 0 /   0 / ck : 189 / STOP check  74 vision 0 time     0 VisionX  +0.00 Y  +0.00 theta   +0.0 elt    0 Ltcy   0 TarTheta  +0.00 AccLmt 0.00 VelLmt 0.00 OmgLmt  0.0 mode 3 vel r +0.00 th  +0.00 dri +0.00 stlt 0.00 
cam   +0   +0  0 fps(rx) 0 /   0 / ck : 191 / STOP check  75 vision 0 time     0 VisionX  +0.00 Y  +0.00 theta   +0.0 elt    0 Ltcy   0 TarTheta  +0.00 AccLmt 0.00 VelLmt 0.00 OmgLmt  0.0 mode 3 vel r +0.00 th  +0.00 dri +0.00 stlt 0.00 
cam   +0   +0  0 fps(rx) 0 /   0 / ck : 193 / STOP check  76 vision 0 time     0 VisionX  +0.00 Y  +0.00 theta   +0.0 elt    0 Ltcy   0 TarTheta  +0.00 AccLmt 0.00 VelLmt 0.00 OmgLmt  0.0 mode 3 vel r +0.00 th  +0.00 dri +0.00 stlt 0.00 
cam   +0   +0  0 fps(rx) 0 /   0 / ck : 195 / STOP check  77 vision 0 time     0 VisionX  +0.00 Y  +0.00 theta   +0.0 elt    0 Ltcy   0 TarTheta  +0.00 AccLmt 0.00 VelLmt 0.00 OmgLmt  0.0 mode 3 vel r +0.00 th  +0.00 dri +0.00 stlt 0.00 
cam   +0   +0  0 fps(rx) 0 /   0 / ck : 197 / STOP check  78 vision 0 time     0 VisionX  +0.00 Y  +0.00 theta   +0.0 elt    0 Ltcy   0 TarTheta  +0.00 AccLmt 0.00 VelLmt 0.00 OmgLmt  0.0 mode 3 vel r +0.00 th  +0.00 dri +0.00 stlt 0.00 
cam   +0   +0  0 fps(rx) 0 /   0 / ck : 199 / STOP check  79 vision 0 time     0 VisionX  +0.00 Y  +0.00 theta   +0.0 elt    0 Ltcy   0 TarTheta  +0.00 AccLmt 0.00 VelLmt 0.00 OmgLmt  0.0 mode 3 vel r +0.00 th  +0.00 dri +0.00 stlt 0.00 
cam   +0   +0  0 fps(rx) 0 /   0 / ck : 201 / STOP check  80 vision 0 time     0 VisionX  +0.00 Y  +0.00 theta   +0.0 elt    0 Ltcy   0 TarTheta  +0.00 AccLmt 0.00 VelLmt 0.00 OmgLmt  0.0 mode 3 vel r +0.00 th  +0.00 dri +0.00 stlt 0.00 
cam   +0   +0  0 fps(rx) 0 /   0 / ck : 203 / STOP check  81 vision 0 time     0 VisionX  +0.00 Y  +0.00 theta   +0.0 elt    0 Ltcy   0 TarTheta  +0.00 AccLmt 0.00 VelLmt 0.00 OmgLmt  0.0 mode 3 vel r +0.00 th  +0.00 dri +0.00 stlt 0.00 
cam   +0   +0  0 fps(rx) 0 /   0 / ck : 205 / STOP check  82 vision 0 time     0 VisionX  +0.00 Y  +0.00 theta   +0.0 elt    0 Ltcy   0 TarTheta  +0.00 AccLmt 0.00 VelLmt 0.00 OmgLmt  0.0 mode 3 vel r +0.00 th  +0.00 dri +0.00 stlt 0.00 
cam   +0   +0  0 fps(rx) 0 /   0 / ck : 207 / STOP check  83 vision 0 time     0 VisionX  +0.00 Y  +0.00 theta   +0.0 elt    0 Ltcy   0 TarTheta  +0.00 AccLmt 0.00 VelLmt 0.00 OmgLmt  0.0 mode 3 vel r +0.00 th  +0.00 dri +0.00 stlt 0.00 
cam   +0   +0  0 fps(rx) 0 /   0 / ck : 209 / STOP check  84 vision 0 time     0 VisionX  +0.00 Y  +0.00 theta   +0.0 elt    0 Ltcy   0 TarTheta  +0.00 AccLmt 0.00 VelLmt 0.00 OmgLmt  0.0 mode 3 vel r +0.00 th  +0.00 dri +0.00 stlt 0.00 
cam   +0   +0  0 fps(rx) 0 /   0 / ck : 211 / STOP check  85 vision 0 time     0 VisionX  +0.00 Y  +0.00 theta   +0.0 elt    0 Ltcy   0 TarTheta  +0.00 AccLmt 0.00 VelLmt 0.00 OmgLmt  0.0 mode 3 vel r +0.00 th  +0.00 dri +0.00 stlt 0.00 
cam   +0   +0  0 fps(rx) 0 /   0 / ck : 213 / STOP check  86 vision 0 time     0 VisionX  +0.00 Y  +0.00 theta   +0.0 elt    0 Ltcy   0 TarTheta  +0.00 AccLmt 0.00 VelLmt 0.00 OmgLmt  0.0 mode 3 vel r +0.00 th  +0.00 dri +0.00 stlt 0.00 
cam   +0   +0  0 fps(rx) 0 /   0 / ck : 215 / STOP check  87 vision 0 time     0 VisionX  +0.00 Y  +0.00 theta   +0.0 elt    0 Ltcy   0 TarTheta  +0.00 AccLmt 0.00 VelLmt 0.00 OmgLmt  0.0 mode 3 vel r +0.00 th  +0.00 dri +0.00 stlt 0.00 
cam   +0   +0  0 fps(rx) 0 /   0 / ck : 217 / STOP check  88 vision 0 time     0 VisionX  +0.00 Y  +0.00 theta   +0.0 elt    0 Ltcy   0 TarTheta  +0.00 AccLmt 0.00 VelLmt 0.00 OmgLmt  0.0 mode 3 vel r +0.00 th  +0.00 dri +0.00 stlt 0.00 
cam   +0   +0  0 fps(rx) 0 /   0 / ck : 219 / STOP check  89 vision 0 time     0 VisionX  +0.00 Y  +0.00 theta   +0.0 elt    0 Ltcy   0 TarTheta  +0.00 AccLmt 0.00 VelLmt 0.00 OmgLmt  0.0 mode 3 vel r +0.00 th  +0.00 dri +0.00 stlt 0.00 
cam   +0   +0  0 fps(rx) 0 /   0 / ck : 221 / STOP check  90 vision 0 time     0 VisionX  +0.00 Y  +0.00 theta   +0.0 elt    0 Ltcy   0 TarTheta  +0.00 AccLmt 0.00 VelLmt 0.00 OmgLmt  0.0 mode 3 vel r +0.00 th  +0.00 dri +0.00 stlt 0.00 
cam   +0   +0  0 fps(rx) 0 /   0 / ck : 223 / STOP check  91 vision 0 time     0 VisionX  +0.00 Y  +0.00 theta   +0.0 elt    0 Ltcy   0 TarTheta  +0.00 AccLmt 0.00 VelLmt 0.00 OmgLmt  0.0 mode 3 vel r +0.00 th  +0.00 dri +0.00 stlt 0.00 
cam   +0   +0  0 fps(rx) 0 /   0 / ck : 225 / STOP check  92 vision 0 time     0 VisionX  +0.00 Y  +0.00 theta   +0.0 elt    0 Ltcy   0 TarTheta  +0.00 AccLmt 0.00 VelLmt 0.00 OmgLmt  0.0 mode 3 vel r +0.00 th  +0.00 dri +0.00 stlt 0.00 
cam   +0   +0  0 fps(rx) 0 /   0 / ck : 227 / STOP check  93 vision 0 time     0 VisionX  +0.00 Y  +0.00 theta   +0.0 elt    0 Ltcy   0 TarTheta  +0.00 AccLmt 0.00 VelLmt 0.00 OmgLmt  0.0 mode 3 vel r +0.00 th  +0.00 dri +0.00 stlt 0.00 
cam   +0   +0  0 fps(rx) 0 /   0 / ck : 229 / STOP check  94 vision 0 time     0 VisionX  +0.00 Y  +0.00 theta   +0.0 elt    0 Ltcy   0 TarTheta  +0.00 AccLmt 0.00 VelLmt 0.00 OmgLmt  0.0 mode 3 vel r +0.00 th  +0.00 dri +0.00 stlt 0.00 
cam   +0   +0  0 fps(rx) 0 /   0 / ck : 231 / STOP check  95 vision 0 time     0 VisionX  +0.00 Y  +0.00 theta   +0.0 elt    0 Ltcy   0 TarTheta  +0.00 AccLmt 0.00 VelLmt 0.00 OmgLmt  0.0 mode 3 vel r +0.00 th  +0.00 dri +0.00 stlt 0.00 
cam   +0   +0  0 fps(rx) 0 /   0 / ck : 233 / STOP check  96 vision 0 time     0 VisionX  +0.00 Y  +0.00 theta   +0.0 elt    0 Ltcy   0 TarTheta  +0.00 AccLmt 0.00 VelLmt 0.00 OmgLmt  0.0 mode 3 vel r +0.00 th  +0.00 dri +0.00 stlt 0.00 
cam   +0   +0  0 fps(rx) 0 /   0 / ck : 235 / STOP check  97 vision 0 time     0 VisionX  +0.00 Y  +0.00 theta   +0.0 elt    0 Ltcy   0 TarTheta  +0.00 AccLmt 0.00 VelLmt 0.00 OmgLmt  0.0 mode 3 vel r +0.00 th  +0.00 dri +0.00 stlt 0.00 
cam   +0   +0  0 fps(rx) 0 /   0 / ck : 237 / STOP check  98 vision 0 time     0 VisionX  +0.00 Y  +0.00 theta   +0.0 elt    0 Ltcy   0 TarTheta  +0.00 AccLmt 0.00 VelLmt 0.00 OmgLmt  0.0 mode 3 vel r +0.00 th  +0.00 dri +0.00 stlt 0.00 
cam   +0   +0  0 fps(rx) 0 /   0 / ck : 239 / STOP check  99 vision 0 time     0 VisionX  +0.00 Y  +0.00 theta   +0.0 elt    0 Ltcy   0 TarTheta  +0.00 AccLmt 0.00 VelLmt 0.00 OmgLmt  0.0 mode 3 vel r +0.00 th  +0.00 dri +0.00 stlt 0.00 
cam   +0   +0  0 fps(rx) 0 /   0 / ck : 241 / STOP check 100 vision 0 time     0 VisionX  +0.00 Y  +0.00 theta   +0.0 elt    0 Ltcy   0 TarTheta  +0.00 AccLmt 0.00 VelLmt 0.00 OmgLmt  0.0 mode 3 vel r +0.00 th  +0.00 dri +0.00 stlt 0.00 
cam   +0   +0  0 fps(rx) 0 /   0 / ck : 243 / STOP check 101 vision 0 time     0 VisionX  +0.00 Y  +0.00 theta   +0.0 elt    0 Ltcy   0 TarTheta  +0.00 AccLmt 0.00 VelLmt 0.00 OmgLmt  0.0 mode 3 vel r +0.00 th  +0.00 dri +0.00 stlt 0.00 
cam   +0   +0  0 fps(rx) 0 /   0 / ck : 245 / STOP check 102 vision 0 time     0 VisionX  +0.00 Y  +0.00 theta   +0.0 elt    0 Ltcy   0 TarTheta  +0.00 AccLmt 0.00 VelLmt 0.00 OmgLmt  0.0 mode 3 vel r +0.00 th  +0.00 dri +0.00 stlt 0.00 
cam   +0   +0  0 fps(rx) 0 /   0 / ck : 247 / STOP check 103 vision 0 time     0 VisionX  +0.00 Y  +0.00 theta   +0.0 elt    0 Ltcy   0 TarTheta  +0.00 AccLmt 0.00 VelLmt 0.00 OmgLmt  0.0 mode 3 vel r +0.00 th  +0.00 dri +0.00 stlt 0.00 
cam   +0   +0  0 fps(rx) 0 /   0 / ck : 249 / STOP check 104 vision 0 time     0 VisionX  +0.00 Y  +0.00 theta   +0.0 elt    0 Ltcy   0 TarTheta  +0.00 AccLmt 0.00 VelLmt 0.00 OmgLmt  0.0 mode 3 vel r +0.00 th  +0.00 dri +0.00 stlt 0.00 
cam   +0   +0  0 fps(rx) 0 /   0 / ck : 251 / STOP check 105 vision 0 time     0 VisionX  +0.00 Y  +0.00 theta   +0.0 elt    0 Ltcy   0 TarTheta  +0.00 AccLmt 0.00 VelLmt 0.00 OmgLmt  0.0 mode 3 vel r +0.00 th  +0.00 dri +0.00 stlt 0.00 
cam   +0   +0  0 fps(rx) 0 /   0 / ck : 253 / STOP check 106 vision 0 time     0 VisionX  +0.00 Y  +0.00 theta   +0.0 elt    0 Ltcy   0 TarTheta  +0.00 AccLmt 0.00 VelLmt 0.00 OmgLmt  0.0 mode 3 vel r +0.00 th  +0.00 dri +0.00 stlt 0.00 
cam   +0   +0  0 fps(rx) 0 /   0 / ck : 255 / STOP check 107 vision 0 time     0 VisionX  +0.00 Y  +0.00 theta   +0.0 elt    0 Ltcy   0 TarTheta  +0.00 AccLmt 0.00 VelLmt 0.00 OmgLmt  0.0 mode 3 vel r +0.00 th  +0.00 dri +0.00 stlt 0.00 
cam   +0   +0  0 fps(rx) 0 /   0 / ck :   1 / STOP check 108 vision 0 time     0 VisionX  +0.00 Y  +0.00 theta   +0.0 elt    0 Ltcy   0 TarTheta  +0.00 AccLmt 0.00 VelLmt 0.00 OmgLmt  0.0 mode 3 vel r +0.00 th  +0.00 dri +0.00 stlt 0.00 
cam   +0   +0  0 fps(rx) 0 /   0 / ck :   3 / STOP check 109 vision 0 time     0 VisionX  +0.00 Y  +0.00 theta   +0.0 elt    0 Ltcy   0 TarTheta  +0.00 AccLmt 0.00 VelLmt 0.00 OmgLmt  0.0 mode 3 vel r +0.00 th  +0.00 dri +0.00 stlt 0.00 
cam   +0   +0  0 fps(rx) 0 /   0 / ck :   5 / STOP check 110 vision 0 time     0 VisionX  +0.00 Y  +0.00 theta   +0.0 elt    0 Ltcy   0 TarTheta  +0.00 AccLmt 0.00 VelLmt 0.00 OmgLmt  0.0 mode 3 vel r +0.00 th  +0.00 dri +0.00 stlt 0.00 
cam   +0   +0  0 fps(rx) 0 /   0 / ck :   7 / STOP check 111 vision 0 time     0 VisionX  +0.00 Y  +0.00 theta   +0.0 elt    0 Ltcy   0 TarTheta  +0.00 AccLmt 0.00 VelLmt 0.00 OmgLmt  0.0 mode 3 vel r +0.00 th  +0.00 dri +0.00 stlt 0.00 
cam   +0   +0  0 fps(rx) 0 /   0 / ck :   9 / STOP check 112 vision 0 time     0 VisionX  +0.00 Y  +0.00 theta   +0.0 elt    0 Ltcy   0 TarTheta  +0.00 AccLmt 0.00 VelLmt 0.00 OmgLmt  0.0 mode 3 vel r +0.00 th  +0.00 dri +0.00 stlt 0.00 
cam   +0   +0  0 fps(rx) 0 /   0 / ck :  11 / STOP check 113 vision 0 time     0 VisionX  +0.00 Y  +0.00 theta   +0.0 elt    0 Ltcy   0 TarTheta  +0.00 AccLmt 0.00 VelLmt 0.00 OmgLmt  0.0 mode 3 vel r +0.00 th  +0.00 dri +0.00 stlt 0.00 
cam   +0   +0  0 fps(rx) 0 /   0 / ck :  13 / STOP check 114 vision 0 time     0 VisionX  +0.00 Y  +0.00 theta   +0.0 elt    0 Ltcy   0 TarTheta  +0.00 AccLmt 0.00 VelLmt 0.00 OmgLmt  0.0 mode 3 vel r +0.00 th  +0.00 dri +0.00 stlt 0.00 
cam   +0   +0  0 fps(rx) 0 /   0 / ck :  15 / STOP check 115 vision 0 time     0 VisionX  +0.00 Y  +0.00 theta   +0.0 elt    0 Ltcy   0 TarTheta  +0.00 AccLmt 0.00 VelLmt 0.00 OmgLmt  0.0 mode 3 vel r +0.00 th  +0.00 dri +0.00 stlt 0.00 
cam   +0   +0  0 fps(rx) 0 /   0 / ck :  17 / STOP check 116 vision 0 time     0 VisionX  +0.00 Y  +0.00 theta   +0.0 elt    0 Ltcy   0 TarTheta  +0.00 AccLmt 0.00 VelLmt 0.00 OmgLmt  0.0 mode 3 vel r +0.00 th  +0.00 dri +0.00 stlt 0.00 
cam   +0   +0  0 fps(rx) 0 /   0 / ck :  19 / STOP check 117 vision 0 time     0 VisionX  +0.00 Y  +0.00 theta   +0.0 elt    0 Ltcy   0 TarTheta  +0.00 AccLmt 0.00 VelLmt 0.00 OmgLmt  0.0 mode 3 vel r +0.00 th  +0.00 dri +0.00 stlt 0.00 
cam   +0   +0  0 fps(rx) 0 /   0 / ck :  21 / STOP check 118 vision 0 time     0 VisionX  +0.00 Y  +0.00 theta   +0.0 elt    0 Ltcy   0 TarTheta  +0.00 AccLmt 0.00 VelLmt 0.00 OmgLmt  0.0 mode 3 vel r +0.00 th  +0.00 dri +0.00 stlt 0.00 
cam   +0   +0  0 fps(rx) 0 /   0 / ck :  23 / STOP check 119 vision 0 time     0 VisionX  +0.00 Y  +0.00 theta   +0.0 elt    0 Ltcy   0 TarTheta  +0.00 AccLmt 0.00 VelLmt 0.00 OmgLmt  0.0 mode 3 vel r +0.00 th  +0.00 dri +0.00 stlt 0.00 
cam   +0   +0  0 fps(rx) 0 /   0 / ck :  25 / STOP check 120 vision 0 time     0 VisionX  +0.00 Y  +0.00 theta   +0.0 elt    0 Ltcy   0 TarTheta  +0.00 AccLmt 0.00 VelLmt 0.00 OmgLmt  0.0 mode 3 vel r +0.00 th  +0.00 dri +0.00 stlt 0.00 
cam   +0   +0  0 fps(rx) 0 /   0 / ck :  27 / STOP check 121 vision 0 time     0 VisionX  +0.00 Y  +0.00 theta   +0.0 elt    0 Ltcy   0 TarTheta  +0.00 AccLmt 0.00 VelLmt 0.00 OmgLmt  0.0 mode 3 vel r +0.00 th  +0.00 dri +0.00 stlt 0.00 
cam   +0   +0  0 fps(rx) 0 /   0 / ck :  29 / STOP check 122 vision 0 time     0 VisionX  +0.00 Y  +0.00 theta   +0.0 elt    0 Ltcy   0 TarTheta  +0.00 AccLmt 0.00 VelLmt 0.00 OmgLmt  0.0 mode 3 vel r +0.00 th  +0.00 dri +0.00 stlt 0.00 
cam   +0   +0  0 fps(rx) 0 /   0 / ck :  31 / STOP check 123 vision 0 time     0 VisionX  +0.00 Y  +0.00 theta   +0.0 elt    0 Ltcy   0 TarTheta  +0.00 AccLmt 0.00 VelLmt 0.00 OmgLmt  0.0 mode 3 vel r +0.00 th  +0.00 dri +0.00 stlt 0.00 
cam   +0   +0  0 fps(rx) 0 /   0 / ck :  33 / STOP check 124 vision 0 time     0 VisionX  +0.00 Y  +0.00 theta   +0.0 elt    0 Ltcy   0 TarTheta  +0.00 AccLmt 0.00 VelLmt 0.00 OmgLmt  0.0 mode 3 vel r +0.00 th  +0.00 dri +0.00 stlt 0.00 
cam   +0   +0  0 fps(rx) 0 /   0 / ck :  35 / STOP check 125 vision 0 time     0 VisionX  +0.00 Y  +0.00 theta   +0.0 elt    0 Ltcy   0 TarTheta  +0.00 AccLmt 0.00 VelLmt 0.00 OmgLmt  0.0 mode 3 vel r +0.00 th  +0.00 dri +0.00 stlt 0.00 
cam   +0   +0  0 fps(rx) 0 /   0 / ck :  37 / STOP check 126 vision 0 time     0 VisionX  +0.00 Y  +0.00 theta   +0.0 elt    0 Ltcy   0 TarTheta  +0.00 AccLmt 0.00 VelLmt 0.00 OmgLmt  0.0 mode 3 vel r +0.00 th  +0.00 dri +0.00 stlt 0.00 
cam   +0   +0  0 fps(rx) 0 /   0 / ck :  39 / STOP check 127 vision 0 time     0 VisionX  +0.00 Y  +0.00 theta   +0.0 elt    0 Ltcy   0 TarTheta  +0.00 AccLmt 0.00 VelLmt 0.00 OmgLmt  0.0 mode 3 vel r +0.00 th  +0.00 dri +0.00 stlt 0.00 
cam   +0   +0  0 fps(rx) 0 /   0 / ck :  41 / STOP check 128 vision 0 time     0 VisionX  +0.00 Y  +0.00 theta   +0.0 elt    0 Ltcy   0 TarTheta  +0.00 AccLmt 0.00 VelLmt 0.00 OmgLmt  0.0 mode 3 vel r +0.00 th  +0.00 dri +0.00 stlt 0.00 
cam   +0   +0  0 fps(rx) 0 /   0 / ck :  43 / STOP check 129 vision 0 time     0 VisionX  +0.00 Y  +0.00 theta   +0.0 elt    0 Ltcy   0 TarTheta  +0.00 AccLmt 0.00 VelLmt 0.00 OmgLmt  0.0 mode 3 vel r +0.00 th  +0.00 dri +0.00 stlt 0.00 
cam   +0   +0  0 fps(rx) 0 /   0 / ck :  45 / STOP check 130 vision 0 time     0 VisionX  +0.00 Y  +0.00 theta   +0.0 elt    0 Ltcy   0 TarTheta  +0.00 AccLmt 0.00 VelLmt 0.00 OmgLmt  0.0 mode 3 vel r +0.00 th  +0.00 dri +0.00 stlt 0.00 
cam   +0   +0  0 fps(rx) 0 /   0 / ck :  47 / STOP check 131 vision 0 time     0 VisionX  +0.00 Y  +0.00 theta   +0.0 elt    0 Ltcy   0 TarTheta  +0.00 AccLmt 0.00 VelLmt 0.00 OmgLmt  0.0 mode 3 vel r +0.00 th  +0.00 dri +0.00 stlt 0.00 
cam   +0   +0  0 fps(rx) 0 /   0 / ck :  49 / STOP check 132 vision 0 time     0 VisionX  +0.00 Y  +0.00 theta   +0.0 elt    0 Ltcy   0 TarTheta  +0.00 AccLmt 0.00 VelLmt 0.00 OmgLmt  0.0 mode 3 vel r +0.00 th  +0.00 dri +0.00 stlt 0.00 
cam   +0   +0  0 fps(rx) 0 /   0 / ck :  51 / STOP check 133 vision 0 time     0 VisionX  +0.00 Y  +0.00 theta   +0.0 elt    0 Ltcy   0 TarTheta  +0.00 AccLmt 0.00 VelLmt 0.00 OmgLmt  0.0 mode 3 vel r +0.00 th  +0.00 dri +0.00 stlt 0.00 
cam   +0   +0  0 fps(rx) 0 /   0 / ck :  53 / STOP check 134 vision 0 time     0 VisionX  +0.00 Y  +0.00 theta   +0.0 elt    0 Ltcy   0 TarTheta  +0.00 AccLmt 0.00 VelLmt 0.00 OmgLmt  0.0 mode 3 vel r +0.00 th  +0.00 dri +0.00 stlt 0.00 
cam   +0   +0  0 fps(rx) 0 /   0 / ck :  55 / STOP check 135 vision 0 time     0 VisionX  +0.00 Y  +0.00 theta   +0.0 elt    0 Ltcy   0 TarTheta  +0.00 AccLmt 0.00 VelLmt 0.00 OmgLmt  0.0 mode 3 vel r +0.00 th  +0.00 dri +0.00 stlt 0.00 
cam   +0   +0  0 fps(rx) 0 /   0 / ck :  57 / STOP check 136 vision 0 time     0 VisionX  +0.00 Y  +0.00 theta   +0.0 elt    0 Ltcy   0 TarTheta  +0.00 AccLmt 0.00 VelLmt 0.00 OmgLmt  0.0 mode 3 vel r +0.00 th  +0.00 dri +0.00 stlt 0.00 
cam   +0   +0  0 fps(rx) 0 /   0 / ck :  59 / STOP check 137 vision 0 time     0 VisionX  +0.00 Y  +0.00 theta   +0.0 elt    0 Ltcy   0 TarTheta  +0.00 AccLmt 0.00 VelLmt 0.00 OmgLmt  0.0 mode 3 vel r +0.00 th  +0.00 dri +0.00 stlt 0.00 
cam   +0   +0  0 fps(rx) 0 /   0 / ck :  61 / STOP check 138 vision 0 time     0 VisionX  +0.00 Y  +0.00 theta   +0.0 elt    0 Ltcy   0 TarTheta  +0.00 AccLmt 0.00 VelLmt 0.00 OmgLmt  0.0 mode 3 vel r +0.00 th  +0.00 dri +0.00 stlt 0.00 
cam   +0   +0  0 fps(rx) 0 /   0 / ck :  63 / STOP check 139 vision 0 time     0 VisionX  +0.00 Y  +0.00 theta   +0.0 elt    0 Ltcy   0 TarTheta  +0.00 AccLmt 0.00 VelLmt 0.00 OmgLmt  0.0 mode 3 vel r +0.00 th  +0.00 dri +0.00 stlt 0.00 
cam   +0   +0  0 fps(rx) 0 /   0 / ck :  65 / STOP check 140 vision 0 time     0 VisionX  +0.00 Y  +0.00 theta   +0.0 elt    0 Ltcy   0 TarTheta  +0.00 AccLmt 0.00 VelLmt 0.00 OmgLmt  0.0 mode 3 vel r +0.00 th  +0.00 dri +0.00 stlt 0.00 
cam   +0   +0  0 fps(rx) 0 /   0 / ck :  67 / STOP check 141 vision 0 time     0 VisionX  +0.00 Y  +0.00 theta   +0.0 elt    0 Ltcy   0 TarTheta  +0.00 AccLmt 0.00 VelLmt 0.00 OmgLmt  0.0 mode 3 vel r +0.00 th  +0.00 dri +0.00 stlt 0.00 
cam   +0   +0  0 fps(rx) 0 /   0 / ck :  69 / STOP check 142 vision 0 time     0 VisionX  +0.00 Y  +0.00 theta   +0.0 elt    0 Ltcy   0 TarTheta  +0.00 AccLmt 0.00 VelLmt 0.00 OmgLmt  0.0 mode 3 vel r +0.00 th  +0.00 dri +0.00 stlt 0.00 
cam   +0   +0  0 fps(rx) 0 /   0 / ck :  71 / STOP check 143 vision 0 time     0 VisionX  +0.00 Y  +0.00 theta   +0.0 elt    0 Ltcy   0 TarTheta  +0.00 AccLmt 0.00 VelLmt 0.00 OmgLmt  0.0 mode 3 vel r +0.00 th  +0.00 dri +0.00 stlt 0.00 
cam   +0   +0  0 fps(rx) 0 /   0 / ck :  73 / STOP check 144 vision 0 time     0 VisionX  +0.00 Y  +0.00 theta   +0.0 elt    0 Ltcy   0 TarTheta  +0.00 AccLmt 0.00 VelLmt 0.00 OmgLmt  0.0 mode 3 vel r +0.00 th  +0.00 dri +0.00 stlt 0.00 
cam   +0   +0  0 fps(rx) 0 /   0 / ck :  75 / STOP check 145 vision 0 time     0 VisionX  +0.00 Y  +0.00 theta   +0.0 elt    0 Ltcy   0 TarTheta  +0.00 AccLmt 0.00 VelLmt 0.00 OmgLmt  0.0 mode 3 vel r +0.00 th  +0.00 dri +0.00 stlt 0.00 
cam   +0   +0  0 fps(rx) 0 /   0 / ck :  77 / STOP check 146 vision 0 time     0 VisionX  +0.00 Y  +0.00 theta   +0.0 elt    0 Ltcy   0 TarTheta  +0.00 AccLmt 0.00 VelLmt 0.00 OmgLmt  0.0 mode 3 vel r +0.00 th  +0.00 dri +0.00 stlt 0.00 
cam   +0   +0  0 fps(rx) 0 /   0 / ck :  79 / STOP check 147 vision 0 time     0 VisionX  +0.00 Y  +0.00 theta   +0.0 elt    0 Ltcy   0 TarTheta  +0.00 AccLmt 0.00 VelLmt 0.00 OmgLmt  0.0 mode 3 vel r +0.00 th  +0.00 dri +0.00 stlt 0.00 
cam   +0   +0  0 fps(rx) 0 /   0 / ck :  81 / STOP check 148 vision 0 time     0 VisionX  +0.00 Y  +0.00 theta   +0.0 elt    0 Ltcy   0 TarTheta  +0.00 AccLmt 0.00 VelLmt 0.00 OmgLmt  0.0 mode 3 vel r +0.00 th  +0.00 dri +0.00 stlt 0.00 
cam   +0   +0  0 fps(rx) 0 /   0 / ck :  83 / STOP check 149 vision 0 time     0 VisionX  +0.00 Y  +0.00 theta   +0.0 elt    0 Ltcy   0 TarTheta  +0.00 AccLmt 0.00 VelLmt 0.00 OmgLmt  0.0 mode 3 vel r +0.00 th  +0.00 dri +0.00 stlt 0.00 
cam   +0   +0  0 fps(rx) 0 /   0 / ck :  85 / STOP check 150 vision 0 time     0 VisionX  +0.00 Y  +0.00 theta   +0.0 elt    0 Ltcy   0 TarTheta  +0.00 AccLmt 0.00 VelLmt 0.00 OmgLmt  0.0 mode 3 vel r +0.00 th  +0.00 dri +0.00 stlt 0.00 
cam   +0   +0  0 fps(rx) 0 /   0 / ck :  87 / STOP check 151 vision 0 time     0 VisionX  +0.00 Y  +0.00 theta   +0.0 elt    0 Ltcy   0 TarTheta  +0.00 AccLmt 0.00 VelLmt 0.00 OmgLmt  0.0 mode 3 vel r +0.00 th  +0.00 dri +0.00 stlt 0.00 
cam   +0   +0  0 fps(rx) 0 /   0 / ck :  89 / STOP check 152 vision 0 time     0 VisionX  +0.00 Y  +0.00 theta   +0.0 elt    0 Ltcy   0 TarTheta  +0.00 AccLmt 0.00 VelLmt 0.00 OmgLmt  0.0 mode 3 vel r +0.00 th  +0.00 dri +0.00 stlt 0.00 
cam   +0   +0  0 fps(rx) 0 /   0 / ck :  91 / STOP check 153 vision 0 time     0 VisionX  +0.00 Y  +0.00 theta   +0.0 elt    0 Ltcy   0 TarTheta  +0.00 AccLmt 0.00 VelLmt 0.00 OmgLmt  0.0 mode 3 vel r +0.00 th  +0.00 dri +0.00 stlt 0.00 
cam   +0   +0  0 fps(rx) 0 /   0 / ck :  93 / STOP check 154 vision 0 time     0 VisionX  +0.00 Y  +0.00 theta   +0.0 elt    0 Ltcy   0 TarTheta  +0.00 AccLmt 0.00 VelLmt 0.00 OmgLmt  0.0 mode 3 vel r +0.00 th  +0.00 dri +0.00 stlt 0.00 
cam   +0   +0  0 fps(rx) 0 /   0 / ck :  95 / STOP check 155 vision 0 time     0 VisionX  +0.00 Y  +0.00 theta   +0.0 elt    0 Ltcy   0 TarTheta  +0.00 AccLmt 0.00 VelLmt 0.00 OmgLmt  0.0 mode 3 vel r +0.00 th  +0.00 dri +0.00 stlt 0.00 
cam   +0   +0  0 fps(rx) 0 /   0 / ck :  97 / STOP check 156 vision 0 time     0 VisionX  +0.00 Y  +0.00 theta   +0.0 elt    0 Ltcy   0 TarTheta  +0.00 AccLmt 0.00 VelLmt 0.00 OmgLmt  0.0 mode 3 vel r +0.00 th  +0.00 dri +0.00 stlt 0.00 
cam   +0   +0  0 fps(rx) 0 /   0 / ck :  99 / STOP check 157 vision 0 time     0 VisionX  +0.00 Y  +0.00 theta   +0.0 elt    0 Ltcy   0 TarTheta  +0.00 AccLmt 0.00 VelLmt 0.00 OmgLmt  0.0 mode 3 vel r +0.00 th  +0.00 dri +0.00 stlt 0.00 
cam   +0   +0  0 fps(rx) 0 /   0 / ck : 101 / STOP check 158 vision 0 time     0 VisionX  +0.00 Y  +0.00 theta   +0.0 elt    0 Ltcy   0 TarTheta  +0.00 AccLmt 0.00 VelLmt 0.00 OmgLmt  0.0 mode 3 vel r +0.00 th  +0.00 dri +0.00 stlt 0.00 
cam   +0   +0  0 fps(rx) 0 /   0 / ck : 103 / STOP check 159 vision 0 time     0 VisionX  +0.00 Y  +0.00 theta   +0.0 elt    0 Ltcy   0 TarTheta  +0.00 AccLmt 0.00 VelLmt 0.00 OmgLmt  0.0 mode 3 vel r +0.00 th  +0.00 dri +0.00 stlt 0.00 
cam   +0   +0  0 fps(rx) 0 /   0 / ck : 105 / STOP check 160 vision 0 time     0 VisionX  +0.00 Y  +0.00 theta   +0.0 elt    0 Ltcy   0 TarTheta  +0.00 AccLmt 0.00 VelLmt 0.00 OmgLmt  0.0 mode 3 vel r +0.00 th  +0.00 dri +0.00 stlt 0.00 
cam   +0   +0  0 fps(rx) 0 /   0 / ck : 107 / STOP check 161 vision 0 time     0 VisionX  +0.00 Y  +0.00 theta   +0.0 elt    0 Ltcy   0 TarTheta  +0.00 AccLmt 0.00 VelLmt 0.00 OmgLmt  0.0 mode 3 vel r +0.00 th  +0.00 dri +0.00 stlt 0.00 
cam   +0   +0  0 fps(rx) 0 /   0 / ck : 109 / STOP check 162 vision 0 time     0 VisionX  +0.00 Y  +0.00 theta   +0.0 elt    0 Ltcy   0 TarTheta  +0.00 AccLmt 0.00 VelLmt 0.00 OmgLmt  0.0 mode 3 vel r +0.00 th  +0.00 dri +0.00 stlt 0.00 
cam   +0   +0  0 fps(rx) 0 /   0 / ck : 111 / STOP check 163 vision 0 time     0 VisionX  +0.00 Y  +0.00 theta   +0.0 elt    0 Ltcy   0 TarTheta  +0.00 AccLmt 0.00 VelLmt 0.00 OmgLmt  0.0 mode 3 vel r +0.00 th  +0.00 dri +0.00 stlt 0.00 
cam   +0   +0  0 fps(rx) 0 /   0 / ck : 113 / STOP check 164 vision 0 time     0 VisionX  +0.00 Y  +0.00 theta   +0.0 elt    0 Ltcy   0 TarTheta  +0.00 AccLmt 0.00 VelLmt 0.00 OmgLmt  0.0 mode 3 vel r +0.00 th  +0.00 dri +0.00 stlt 0.00 
cam   +0   +0  0 fps(rx) 0 /   0 / ck : 115 / STOP check 165 vision 0 time     0 VisionX  +0.00 Y  +0.00 theta   +0.0 elt    0 Ltcy   0 TarTheta  +0.00 AccLmt 0.00 VelLmt 0.00 OmgLmt  0.0 mode 3 vel r +0.00 th  +0.00 dri +0.00 stlt 0.00 
cam   +0   +0  0 fps(rx) 0 /   0 / ck : 117 / STOP check 166 vision 0 time     0 VisionX  +0.00 Y  +0.00 theta   +0.0 elt    0 Ltcy   0 TarTheta  +0.00 AccLmt 0.00 VelLmt 0.00 OmgLmt  0.0 mode 3 vel r +0.00 th  +0.00 dri +0.00 stlt 0.00 
cam   +0   +0  0 fps(rx) 0 /   0 / ck : 119 / STOP check 167 vision 0 time     0 VisionX  +0.00 Y  +0.00 theta   +0.0 elt    0 Ltcy   0 TarTheta  +0.00 AccLmt 0.00 VelLmt 0.00 OmgLmt  0.0 mode 3 vel r +0.00 th  +0.00 dri +0.00 stlt 0.00 
cam   +0   +0  0 fps(rx) 0 /   0 / ck : 121 / STOP check 168 vision 0 time     0 VisionX  +0.00 Y  +0.00 theta   +0.0 elt    0 Ltcy   0 TarTheta  +0.00 AccLmt 0.00 VelLmt 0.00 OmgLmt  0.0 mode 3 vel r +0.00 th  +0.00 dri +0.00 stlt 0.00 
cam   +0   +0  0 fps(rx) 0 /   0 / ck : 123 / STOP check 169 vision 0 time     0 VisionX  +0.00 Y  +0.00 theta   +0.0 elt    0 Ltcy   0 TarTheta  +0.00 AccLmt 0.00 VelLmt 0.00 OmgLmt  0.0 mode 3 vel r +0.00 th  +0.00 dri +0.00 stlt 0.00 
cam   +0   +0  0 fps(rx) 0 /   0 / ck : 125 / STOP check 170 vision 0 time     0 VisionX  +0.00 Y  +0.00 theta   +0.0 elt    0 Ltcy   0 TarTheta  +0.00 AccLmt 0.00 VelLmt 0.00 OmgLmt  0.0 mode 3 vel r +0.00 th  +0.00 dri +0.00 stlt 0.00 
cam   +0   +0  0 fps(rx) 0 /   0 / ck : 127 / STOP check 171 vision 0 time     0 VisionX  +0.00 Y  +0.00 theta   +0.0 elt    0 Ltcy   0 TarTheta  +0.00 AccLmt 0.00 VelLmt 0.00 OmgLmt  0.0 mode 3 vel r +0.00 th  +0.00 dri +0.00 stlt 0.00 
cam   +0   +0  0 fps(rx) 0 /   0 / ck : 129 / STOP check 172 vision 0 time     0 VisionX  +0.00 Y  +0.00 theta   +0.0 elt    0 Ltcy   0 TarTheta  +0.00 AccLmt 0.00 VelLmt 0.00 OmgLmt  0.0 mode 3 vel r +0.00 th  +0.00 dri +0.00 stlt 0.00 
cam   +0   +0  0 fps(rx) 0 /   0 / ck : 131 / STOP check 173 vision 0 time     0 VisionX  +0.00 Y  +0.00 theta   +0.0 elt    0 Ltcy   0 TarTheta  +0.00 AccLmt 0.00 VelLmt 0.00 OmgLmt  0.0 mode 3 vel r +0.00 th  +0.00 dri +0.00 stlt 0.00 
cam   +0   +0  0 fps(rx) 0 /   0 / ck : 133 / STOP check 174 vision 0 time     0 VisionX  +0.00 Y  +0.00 theta   +0.0 elt    0 Ltcy   0 TarTheta  +0.00 AccLmt 0.00 VelLmt 0.00 OmgLmt  0.0 mode 3 vel r +0.00 th  +0.00 dri +0.00 stlt 0.00 
cam   +0   +0  0 fps(rx) 0 /   0 / ck : 135 / STOP check 175 vision 0 time     0 VisionX  +0.00 Y  +0.00 theta   +0.0 elt    0 Ltcy   0 TarTheta  +0.00 AccLmt 0.00 VelLmt 0.00 OmgLmt  0.0 mode 3 vel r +0.00 th  +0.00 dri +0.00 stlt 0.00 
cam   +0   +0  0 fps(rx) 0 /   0 / ck : 137 / STOP check 176 vision 0 time     0 VisionX  +0.00 Y  +0.00 theta   +0.0 elt    0 Ltcy   0 TarTheta  +0.00 AccLmt 0.00 VelLmt 0.00 OmgLmt  0.0 mode 3 vel r +0.00 th  +0.00 dri +0.00 stlt 0.00 
cam   +0   +0  0 fps(rx) 0 /   0 / ck : 139 / STOP check 177 vision 0 time     0 VisionX  +0.00 Y  +0.00 theta   +0.0 elt    0 Ltcy   0 TarTheta  +0.00 AccLmt 0.00 VelLmt 0.00 OmgLmt  0.0 mode 3 vel r +0.00 th  +0.00 dri +0.00 stlt 0.00 
cam   +0   +0  0 fps(rx) 0 /   0 / ck : 141 / STOP check 178 vision 0 time     0 VisionX  +0.00 Y  +0.00 theta   +0.0 elt    0 Ltcy   0 TarTheta  +0.00 AccLmt 0.00 VelLmt 0.00 OmgLmt  0.0 mode 3 vel r +0.00 th  +0.00 dri +0.00 stlt 0.00 
cam   +0   +0  0 fps(rx) 0 /   0 / ck : 143 / STOP check 179 vision 0 time     0 VisionX  +0.00 Y  +0.00 theta   +0.0 elt    0 Ltcy   0 TarTheta  +0.00 AccLmt 0.00 VelLmt 0.00 OmgLmt  0.0 mode 3 vel r +0.00 th  +0.00 dri +0.00 stlt 0.00 
cam   +0   +0  0 fps(rx) 0 /   0 / ck : 145 / STOP check 180 vision 0 time     0 VisionX  +0.00 Y  +0.00 theta   +0.0 elt    0 Ltcy   0 TarTheta  +0.00 AccLmt 0.00 VelLmt 0.00 OmgLmt  0.0 mode 3 vel r +0.00 th  +0.00 dri +0.00 stlt 0.00 
cam   +0   +0  0 fps(rx) 0 /   0 / ck : 147 / STOP check 181 vision 0 time     0 VisionX  +0.00 Y  +0.00 theta   +0.0 elt    0 Ltcy   0 TarTheta  +0.00 AccLmt 0.00 VelLmt 0.00 OmgLmt  0.0 mode 3 vel r +0.00 th  +0.00 dri +0.00 stlt 0.00 
cam   +0   +0  0 fps(rx) 0 /   0 / ck : 149 / STOP check 182 vision 0 time     0 VisionX  +0.00 Y  +0.00 theta   +0.0 elt    0 Ltcy   0 TarTheta  +0.00 AccLmt 0.00 VelLmt 0.00 OmgLmt  0.0 mode 3 vel r +0.00 th  +0.00 dri +0.00 stlt 0.00 
cam   +0   +0  0 fps(rx) 0 /   0 / ck : 151 / STOP check 183 vision 0 time     0 VisionX  +0.00 Y  +0.00 theta   +0.0 elt    0 Ltcy   0 TarTheta  +0.00 AccLmt 0.00 VelLmt 0.00 OmgLmt  0.0 mode 3 vel r +0.00 th  +0.00 dri +0.00 stlt 0.00 
cam   +0   +0  0 fps(rx) 0 /   0 / ck : 153 / STOP check 184 vision 0 time     0 VisionX  +0.00 Y  +0.00 theta   +0.0 elt    0 Ltcy   0 TarTheta  +0.00 AccLmt 0.00 VelLmt 0.00 OmgLmt  0.0 mode 3 vel r +0.00 th  +0.00 dri +0.00 stlt 0.00 
cam   +0   +0  0 fps(rx) 0 /   0 / ck : 155 / STOP check 185 vision 0 time     0 VisionX  +0.00 Y  +0.00 theta   +0.0 elt    0 Ltcy   0 TarTheta  +0.00 AccLmt 0.00 VelLmt 0.00 OmgLmt  0.0 mode 3 vel r +0.00 th  +0.00 dri +0.00 stlt 0.00 
cam   +0   +0  0 fps(rx) 0 /   0 / ck : 157 / STOP check 186 vision 0 time     0 VisionX  +0.00 Y  +0.00 theta   +0.0 elt    0 Ltcy   0 TarTheta  +0.00 AccLmt 0.00 VelLmt 0.00 OmgLmt  0.0 mode 3 vel r +0.00 th  +0.00 dri +0.00 stlt 0.00 
cam   +0   +0  0 fps(rx) 0 /   0 / ck : 159 / STOP check 187 vision 0 time     0 VisionX  +0.00 Y  +0.00 theta   +0.0 elt    0 Ltcy   0 TarTheta  +0.00 AccLmt 0.00 VelLmt 0.00 OmgLmt  0.0 mode 3 vel r +0.00 th  +0.00 dri +0.00 stlt 0.00 
cam   +0   +0  0 fps(rx) 0 /   0 / ck : 161 / STOP check 188 vision 0 time     0 VisionX  +0.00 Y  +0.00 theta   +0.0 elt    0 Ltcy   0 TarTheta  +0.00 AccLmt 0.00 VelLmt 0.00 OmgLmt  0.0 mode 3 vel r +0.00 th  +0.00 dri +0.00 stlt 0.00 
cam   +0   +0  0 fps(rx) 0 /   0 / ck : 163 / STOP check 189 vision 0 time     0 VisionX  +0.00 Y  +0.00 theta   +0.0 elt    0 Ltcy   0 TarTheta  +0.00 AccLmt 0.00 VelLmt 0.00 OmgLmt  0.0 mode 3 vel r +0.00 th  +0.00 dri +0.00 stlt 0.00 
cam   +0   +0  0 fps(rx) 0 /   0 / ck : 165 / STOP check 190 vision 0 time     0 VisionX  +0.00 Y  +0.00 theta   +0.0 elt    0 Ltcy   0 TarTheta  +0.00 AccLmt 0.00 VelLmt 0.00 OmgLmt  0.0 mode 3 vel r +0.00 th  +0.00 dri +0.00 stlt 0.00 
cam   +0   +0  0 fps(rx) 0 /   0 / ck : 167 / STOP check 191 vision 0 time     0 VisionX  +0.00 Y  +0.00 theta   +0.0 elt    0 Ltcy   0 TarTheta  +0.00 AccLmt 0.00 VelLmt 0.00 OmgLmt  0.0 mode 3 vel r +0.00 th  +0.00 dri +0.00 stlt 0.00 
cam   +0   +0  0 fps(rx) 0 /   0 / ck : 169 / STOP check 192 vision 0 time     0 VisionX  +0.00 Y  +0.00 theta   +0.0 elt    0 Ltcy   0 TarTheta  +0.00 AccLmt 0.00 VelLmt 0.00 OmgLmt  0.0 mode 3 vel r +0.00 th  +0.00 dri +0.00 stlt 0.00 
cam   +0   +0  0 fps(rx) 0 /   0 / ck : 171 / STOP check 193 vision 0 time     0 VisionX  +0.00 Y  +0.00 theta   +0.0 elt    0 Ltcy   0 TarTheta  +0.00 AccLmt 0.00 VelLmt 0.00 OmgLmt  0.0 mode 3 vel r +0.00 th  +0.00 dri +0.00 stlt 0.00 
cam   +0   +0  0 fps(rx) 0 /   0 / ck : 173 / STOP check 194 vision 0 time     0 VisionX  +0.00 Y  +0.00 theta   +0.0 elt    0 Ltcy   0 TarTheta  +0.00 AccLmt 0.00 VelLmt 0.00 OmgLmt  0.0 mode 3 vel r +0.00 th  +0.00 dri +0.00 stlt 0.00 
cam   +0   +0  0 fps(rx) 0 /   0 / ck : 175 / STOP check 195 vision 0 time     0 VisionX  +0.00 Y  +0.00 theta   +0.0 elt    0 Ltcy   0 TarTheta  +0.00 AccLmt 0.00 VelLmt 0.00 OmgLmt  0.0 mode 3 vel r +0.00 th  +0.00 dri +0.00 stlt 0.00 
cam   +0   +0  0 fps(rx) 0 /   0 / ck : 177 / STOP check 196 vision 0 time     0 VisionX  +0.00 Y  +0.00 theta   +0.0 elt    0 Ltcy   0 TarTheta  +0.00 AccLmt 0.00 VelLmt 0.00 OmgLmt  0.0 mode 3 vel r +0.00 th  +0.00 dri +0.00 stlt 0.00 
cam   +0   +0  0 fps(rx) 0 /   0 / ck : 179 / STOP check 197 vision 0 time     0 VisionX  +0.00 Y  +0.00 theta   +0.0 elt    0 Ltcy   0 TarTheta  +0.00 AccLmt 0.00 VelLmt 0.00 OmgLmt  0.0 mode 3 vel r +0.00 th  +0.00 dri +0.00 stlt 0.00 
cam   +0   +0  0 fps(rx) 0 /   0 / ck : 181 / STOP check 198 vision 0 time     0 VisionX  +0.00 Y  +0.00 theta   +0.0 elt    0 Ltcy   0 TarTheta  +0.00 AccLmt 0.00 VelLmt 0.00 OmgLmt  0.0 mode 3 vel r +0.00 th  +0.00 dri +0.00 stlt 0.00 
cam   +0   +0  0 fps(rx) 0 /   0 / ck : 183 / STOP check 199 vision 0 time     0 VisionX  +0.00 Y  +0.00 theta   +0.0 elt    0 Ltcy   0 TarTheta  +0.00 AccLmt 0.00 VelLmt 0.00 OmgLmt  0.0 mode 3 vel r +0.00 th  +0.00 dri +0.00 stlt 0.00 
cam   +0   +0  0 fps(rx) 0 /   0 / ck : 185 / STOP check 200 vision 0 time     0 VisionX  +0.00 Y  +0.00 theta   +0.0 elt    0 Ltcy   0 TarTheta  +0.00 AccLmt 0.00 VelLmt 0.00 OmgLmt  0.0 mode 3 vel r +0.00 th  +0.00 dri +0.00 stlt 0.00 
cam   +0   +0  0 fps(rx) 0 /   0 / ck : 242 / STOP check   0 vision 0 time     0 VisionX  +0.00 Y  +0.00 theta   +0.0 elt    0 Ltcy   0 TarTheta  +0.00 AccLmt 0.00 VelLmt 0.00 OmgLmt  0.0 mode 3 vel r +0.00 th  +0.00 dri +0.00 stlt 0.00 
cam   +0   +0  0 fps(rx) 0 /   0 / ck : 244 / STOP check   1 vision 0 time     0 VisionX  +0.00 Y  +0.00 theta   +0.0 elt    0 Ltcy   0 TarTheta  +0.00 AccLmt 0.00 VelLmt 0.00 OmgLmt  0.0 mode 3 vel r +0.00 th  +0.00 dri +0.00 stlt 0.00 
cam   +0   +0  0 fps(rx) 0 /   0 / ck : 246 / STOP check   2 vision 0 time     0 VisionX  +0.00 Y  +0.00 theta   +0.0 elt    0 Ltcy   0 TarTheta  +0.00 AccLmt 0.00 VelLmt 0.00 OmgLmt  0.0 mode 3 vel r +0.00 th  +0.00 dri +0.00 stlt 0.00 
cam   +0   +0  0 fps(rx) 0 /   0 / ck : 248 / STOP check   3 vision 0 time     0 VisionX  +0.00 Y  +0.00 theta   +0.0 elt    0 Ltcy   0 TarTheta  +0.00 AccLmt 0.00 VelLmt 0.00 OmgLmt  0.0 mode 3 vel r +0.00 th  +0.00 dri +0.00 stlt 0.00 
cam   +0   +0  0 fps(rx) 0 /   0 / ck : 250 / STOP check   4 vision 0 time     0 VisionX  +0.00 Y  +0.00 theta   +0.0 elt    0 Ltcy   0 TarTheta  +0.00 AccLmt 0.00 VelLmt 0.00 OmgLmt  0.0 mode 3 vel r +0.00 th  +0.00 dri +0.00 stlt 0.00 
cam   +0   +0  0 fps(rx) 0 /   0 / ck : 252 / STOP check   5 vision 0 time     0 VisionX  +0.00 Y  +0.00 theta   +0.0 elt    0 Ltcy   0 TarTheta  +0.00 AccLmt 0.00 VelLmt 0.00 OmgLmt  0.0 mode 3 vel r +0.00 th  +0.00 dri +0.00 stlt 0.00 
cam   +0   +0  0 fps(rx) 0 /   0 / ck : 254 / STOP check   6 vision 0 time     0 VisionX  +0.00 Y  +0.00 theta   +0.0 elt    0 Ltcy   0 TarTheta  +0.00 AccLmt 0.00 VelLmt 0.00 OmgLmt  0.0 mode 3 vel r +0.00 th  +0.00 dri +0.00 stlt 0.00 
cam   +0   +0  0 fps(rx) 0 /   0 / ck :   0 / STOP check   7 vision 0 time     0 VisionX  +0.00 Y  +0.00 theta   +0.0 elt    0 Ltcy   0 TarTheta  +0.00 AccLmt 0.00 VelLmt 0.00 OmgLmt  0.0 mode 3 vel r +0.00 th  +0.00 dri +0.00 stlt 0.00 
cam   +0   +0  0 fps(rx) 0 /   0 / ck :   2 / STOP check   8 vision 0 time     0 VisionX  +0.00 Y  +0.00 theta   +0.0 elt    0 Ltcy   0 TarTheta  +0.00 AccLmt 0.00 VelLmt 0.00 OmgLmt  0.0 mode 3 vel r +0.00 th  +0.00 dri +0.00 stlt 0.00 
cam   +0   +0  0 fps(rx) 0 /   0 / ck :   4 / STOP check   9 vision 0 time     0 VisionX  +0.00 Y  +0.00 theta   +0.0 elt    0 Ltcy   0 TarTheta  +0.00 AccLmt 0.00 VelLmt 0.00 OmgLmt  0.0 mode 3 vel r +0.00 th  +0.00 dri +0.00 stlt 0.00 
cam   +0   +0  0 fps(rx) 0 /   0 / ck :   6 / STOP check  10 vision 0 time     0 VisionX  +0.00 Y  +0.00 theta   +0.0 elt    0 Ltcy   0 TarTheta  +0.00 AccLmt 0.00 VelLmt 0.00 OmgLmt  0.0 mode 3 vel r +0.00 th  +0.00 dri +0.00 stlt 0.00 
cam   +0   +0  0 fps(rx) 0 /   0 / ck :   8 / STOP check  11 vision 0 time     0 VisionX  +0.00 Y  +0.00 theta   +0.0 elt    0 Ltcy   0 TarTheta  +0.00 AccLmt 0.00 VelLmt 0.00 OmgLmt  0.0 mode 3 vel r +0.00 th  +0.00 dri +0.00 stlt 0.00 
cam   +0   +0  0 fps(rx) 0 /   0 / ck :  10 / STOP check  12 vision 0 time     0 VisionX  +0.00 Y  +0.00 theta   +0.0 elt    0 Ltcy   0 TarTheta  +0.00 AccLmt 0.00 VelLmt 0.00 OmgLmt  0.0 mode 3 vel r +0.00 th  +0.00 dri +0.00 stlt 0.00 
cam   +0   +0  0 fps(rx) 0 /   0 / ck :  12 / STOP check  13 vision 0 time     0 VisionX  +0.00 Y  +0.00 theta   +0.0 elt    0 Ltcy   0 TarTheta  +0.00 AccLmt 0.00 VelLmt 0.00 OmgLmt  0.0 mode 3 vel r +0.00 th  +0.00 dri +0.00 stlt 0.00 
cam   +0   +0  0 fps(rx) 0 /   0 / ck :  14 / STOP check  14 vision 0 time     0 VisionX  +0.00 Y  +0.00 theta   +0.0 elt    0 Ltcy   0 TarTheta  +0.00 AccLmt 0.00 VelLmt 0.00 OmgLmt  0.0 mode 3 vel r +0.00 th  +0.00 dri +0.00 stlt 0.00 
cam   +0   +0  0 fps(rx) 0 /   0 / ck :  16 / STOP check  15 vision 0 time     0 VisionX  +0.00 Y  +0.00 theta   +0.0 elt    0 Ltcy   0 TarTheta  +0.00 AccLmt 0.00 VelLmt 0.00 OmgLmt  0.0 mode 3 vel r +0.00 th  +0.00 dri +0.00 stlt 0.00 
cam   +0   +0  0 fps(rx) 0 /   0 / ck :  18 / STOP check  16 vision 0 time     0 VisionX  +0.00 Y  +0.00 theta   +0.0 elt    0 Ltcy   0 TarTheta  +0.00 AccLmt 0.00 VelLmt 0.00 OmgLmt  0.0 mode 3 vel r +0.00 th  +0.00 dri +0.00 stlt 0.00 
cam   +0   +0  0 fps(rx) 0 /   0 / ck :  20 / STOP check  17 vision 0 time     0 VisionX  +0.00 Y  +0.00 theta   +0.0 elt    0 Ltcy   0 TarTheta  +0.00 AccLmt 0.00 VelLmt 0.00 OmgLmt  0.0 mode 3 vel r +0.00 th  +0.00 dri +0.00 stlt 0.00 
cam   +0   +0  0 fps(rx) 0 /   0 / ck :  22 / STOP check  18 vision 0 time     0 VisionX  +0.00 Y  +0.00 theta   +0.0 elt    0 Ltcy   0 TarTheta  +0.00 AccLmt 0.00 VelLmt 0.00 OmgLmt  0.0 mode 3 vel r +0.00 th  +0.00 dri +0.00 stlt 0.00 
cam   +0   +0  0 fps(rx) 0 /   0 / ck :  24 / STOP check  19 vision 0 time     0 VisionX  +0.00 Y  +0.00 theta   +0.0 elt    0 Ltcy   0 TarTheta  +0.00 AccLmt 0.00 VelLmt 0.00 OmgLmt  0.0 mode 3 vel r +0.00 th  +0.00 dri +0.00 stlt 0.00 
cam   +0   +0  0 fps(rx) 0 /   0 / ck :  26 / STOP check  20 vision 0 time     0 VisionX  +0.00 Y  +0.00 theta   +0.0 elt    0 Ltcy   0 TarTheta  +0.00 AccLmt 0.00 VelLmt 0.00 OmgLmt  0.0 mode 3 vel r +0.00 th  +0.00 dri +0.00 stlt 0.00 
cam   +0   +0  0 fps(rx) 0 /   0 / ck :  28 / STOP check  21 vision 0 time     0 VisionX  +0.00 Y  +0.00 theta   +0.0 elt    0 Ltcy   0 TarTheta  +0.00 AccLmt 0.00 VelLmt 0.00 OmgLmt  0.0 mode 3 vel r +0.00 th  +0.00 dri +0.00 stlt 0.00 
cam   +0   +0  0 fps(rx) 0 /   0 / ck :  30 / STOP check  22 vision 0 time     0 VisionX  +0.00 Y  +0.00 theta   +0.0 elt    0 Ltcy   0 TarTheta  +0.00 AccLmt 0.00 VelLmt 0.00 OmgLmt  0.0 mode 3 vel r +0.00 th  +0.00 dri +0.00 stlt 0.00 
cam   +0   +0  0 fps(rx) 0 /   0 / ck :  32 / STOP check  23 vision 0 time     0 VisionX  +0.00 Y  +0.00 theta   +0.0 elt    0 Ltcy   0 TarTheta  +0.00 AccLmt 0.00 VelLmt 0.00 OmgLmt  0.0 mode 3 vel r +0.00 th  +0.00 dri +0.00 stlt 0.00 
cam   +0   +0  0 fps(rx) 0 /   0 / ck :  34 / STOP check  24 vision 0 time     0 VisionX  +0.00 Y  +0.00 theta   +0.0 elt    0 Ltcy   0 TarTheta  +0.00 AccLmt 0.00 VelLmt 0.00 OmgLmt  0.0 mode 3 vel r +0.00 th  +0.00 dri +0.00 stlt 0.00 
cam   +0   +0  0 fps(rx) 0 /   0 / ck :  36 / STOP check  25 vision 0 time     0 VisionX  +0.00 Y  +0.00 theta   +0.0 elt    0 Ltcy   0 TarTheta  +0.00 AccLmt 0.00 VelLmt 0.00 OmgLmt  0.0 mode 3 vel r +0.00 th  +0.00 dri +0.00 stlt 0.00 
cam   +0   +0  0 fps(rx) 0 /   0 / ck :  38 / STOP check  26 vision 0 time     0 VisionX  +0.00 Y  +0.00 theta   +0.0 elt    0 Ltcy   0 TarTheta  +0.00 AccLmt 0.00 VelLmt 0.00 OmgLmt  0.0 mode 3 vel r +0.00 th  +0.00 dri +0.00 stlt 0.00 
cam   +0   +0  0 fps(rx) 0 /   0 / ck :  40 / STOP check  27 vision 0 time     0 VisionX  +0.00 Y  +0.00 theta   +0.0 elt    0 Ltcy   0 TarTheta  +0.00 AccLmt 0.00 VelLmt 0.00 OmgLmt  0.0 mode 3 vel r +0.00 th  +0.00 dri +0.00 stlt 0.00 
cam   +0   +0  0 fps(rx) 0 /   0 / ck :  42 / STOP check  28 vision 0 time     0 VisionX  +0.00 Y  +0.00 theta   +0.0 elt    0 Ltcy   0 TarTheta  +0.00 AccLmt 0.00 VelLmt 0.00 OmgLmt  0.0 mode 3 vel r +0.00 th  +0.00 dri +0.00 stlt 0.00 
cam   +0   +0  0 fps(rx) 0 /   0 / ck :  44 / STOP check  29 vision 0 time     0 VisionX  +0.00 Y  +0.00 theta   +0.0 elt    0 Ltcy   0 TarTheta  +0.00 AccLmt 0.00 VelLmt 0.00 OmgLmt  0.0 mode 3 vel r +0.00 th  +0.00 dri +0.00 stlt 0.00 
cam   +0   +0  0 fps(rx) 0 /   0 / ck :  46 / STOP check  30 vision 0 time     0 VisionX  +0.00 Y  +0.00 theta   +0.0 elt    0 Ltcy   0 TarTheta  +0.00 AccLmt 0.00 VelLmt 0.00 OmgLmt  0.0 mode 3 vel r +0.00 th  +0.00 dri +0.00 stlt 0.00 
cam   +0   +0  0 fps(rx) 0 /   0 / ck :  48 / STOP check  31 vision 0 time     0 VisionX  +0.00 Y  +0.00 theta   +0.0 elt    0 Ltcy   0 TarTheta  +0.00 AccLmt 0.00 VelLmt 0.00 OmgLmt  0.0 mode 3 vel r +0.00 th  +0.00 dri +0.00 stlt 0.00 
cam   +0   +0  0 fps(rx) 0 /   0 / ck :  50 / STOP check  32 vision 0 time     0 VisionX  +0.00 Y  +0.00 theta   +0.0 elt    0 Ltcy   0 TarTheta  +0.00 AccLmt 0.00 VelLmt 0.00 OmgLmt  0.0 mode 3 vel r +0.00 th  +0.00 dri +0.00 stlt 0.00 
cam   +0   +0  0 fps(rx) 0 /   0 / ck :  52 / STOP check  33 vision 0 time     0 VisionX  +0.00 Y  +0.00 theta   +0.0 elt    0 Ltcy   0 TarTheta  +0.00 AccLmt 0.00 VelLmt 0.00 OmgLmt  0.0 mode 3 vel r +0.00 th  +0.00 dri +0.00 stlt 0.00 
cam   +0   +0  0 fps(rx) 0 /   0 / ck :  54 / STOP check  34 vision 0 time     0 VisionX  +0.00 Y  +0.00 theta   +0.0 elt    0 Ltcy   0 TarTheta  +0.00 AccLmt 0.00 VelLmt 0.00 OmgLmt  0.0 mode 3 vel r +0.00 th  +0.00 dri +0.00 stlt 0.00 
cam   +0   +0  0 fps(rx) 0 /   0 / ck :  56 / STOP check  35 vision 0 time     0 VisionX  +0.00 Y  +0.00 theta   +0.0 elt    0 Ltcy   0 TarTheta  +0.00 AccLmt 0.00 VelLmt 0.00 OmgLmt  0.0 mode 3 vel r +0.00 th  +0.00 dri +0.00 stlt 0.00 
cam   +0   +0  0 fps(rx) 0 /   0 / ck :  58 / STOP check  36 vision 0 time     0 VisionX  +0.00 Y  +0.00 theta   +0.0 elt    0 Ltcy   0 TarTheta  +0.00 AccLmt 0.00 VelLmt 0.00 OmgLmt  0.0 mode 3 vel r +0.00 th  +0.00 dri +0.00 stlt 0.00 
cam   +0   +0  0 fps(rx) 0 /   0 / ck :  60 / STOP check  37 vision 0 time     0 VisionX  +0.00 Y  +0.00 theta   +0.0 elt    0 Ltcy   0 TarTheta  +0.00 AccLmt 0.00 VelLmt 0.00 OmgLmt  0.0 mode 3 vel r +0.00 th  +0.00 dri +0.00 stlt 0.00 
cam   +0   +0  0 fps(rx) 0 /   0 / ck :  62 / STOP check  38 vision 0 time     0 VisionX  +0.00 Y  +0.00 theta   +0.0 elt    0 Ltcy   0 TarTheta  +0.00 AccLmt 0.00 VelLmt 0.00 OmgLmt  0.0 mode 3 vel r +0.00 th  +0.00 dri +0.00 stlt 0.00 
cam   +0   +0  0 fps(rx) 0 /   0 / ck :  64 / STOP check  39 vision 0 time     0 VisionX  +0.00 Y  +0.00 theta   +0.0 elt    0 Ltcy   0 TarTheta  +0.00 AccLmt 0.00 VelLmt 0.00 OmgLmt  0.0 mode 3 vel r +0.00 th  +0.00 dri +0.00 stlt 0.00 
cam   +0   +0  0 fps(rx) 0 /   0 / ck :  66 / STOP check  40 vision 0 time     0 VisionX  +0.00 Y  +0.00 theta   +0.0 elt    0 Ltcy   0 TarTheta  +0.00 AccLmt 0.00 VelLmt 0.00 OmgLmt  0.0 mode 3 vel r +0.00 th  +0.00 dri +0.00 stlt 0.00 
cam   +0   +0  0 fps(rx) 0 /   0 / ck :  68 / STOP check  41 vision 0 time     0 VisionX  +0.00 Y  +0.00 theta   +0.0 elt    0 Ltcy   0 TarTheta  +0.00 AccLmt 0.00 VelLmt 0.00 OmgLmt  0.0 mode 3 vel r +0.00 th  +0.00 dri +0.00 stlt 0.00 
cam   +0   +0  0 fps(rx) 0 /   0 / ck :  70 / STOP check  42 vision 0 time     0 VisionX  +0.00 Y  +0.00 theta   +0.0 elt    0 Ltcy   0 TarTheta  +0.00 AccLmt 0.00 VelLmt 0.00 OmgLmt  0.0 mode 3 vel r +0.00 th  +0.00 dri +0.00 stlt 0.00 
cam   +0   +0  0 fps(rx) 0 /   0 / ck :  72 / STOP check  43 vision 0 time     0 VisionX  +0.00 Y  +0.00 theta   +0.0 elt    0 Ltcy   0 TarTheta  +0.00 AccLmt 0.00 VelLmt 0.00 OmgLmt  0.0 mode 3 vel r +0.00 th  +0.00 dri +0.00 stlt 0.00 
cam   +0   +0  0 fps(rx) 0 /   0 / ck :  74 / STOP check  44 vision 0 time     0 VisionX  +0.00 Y  +0.00 theta   +0.0 elt    0 Ltcy   0 TarTheta  +0.00 AccLmt 0.00 VelLmt 0.00 OmgLmt  0.0 mode 3 vel r +0.00 th  +0.00 dri +0.00 stlt 0.00 
cam   +0   +0  0 fps(rx) 0 /   0 / ck :  76 / STOP check  45 vision 0 time     0 VisionX  +0.00 Y  +0.00 theta   +0.0 elt    0 Ltcy   0 TarTheta  +0.00 AccLmt 0.00 VelLmt 0.00 OmgLmt  0.0 mode 3 vel r +0.00 th  +0.00 dri +0.00 stlt 0.00 
cam   +0   +0  0 fps(rx) 0 /   0 / ck :  78 / STOP check  46 vision 0 time     0 VisionX  +0.00 Y  +0.00 theta   +0.0 elt    0 Ltcy   0 TarTheta  +0.00 AccLmt 0.00 VelLmt 0.00 OmgLmt  0.0 mode 3 vel r +0.00 th  +0.00 dri +0.00 stlt 0.00 
cam   +0   +0  0 fps(rx) 0 /   0 / ck :  80 / STOP check  47 vision 0 time     0 VisionX  +0.00 Y  +0.00 theta   +0.0 elt    0 Ltcy   0 TarTheta  +0.00 AccLmt 0.00 VelLmt 0.00 OmgLmt  0.0 mode 3 vel r +0.00 th  +0.00 dri +0.00 stlt 0.00 
cam   +0   +0  0 fps(rx) 0 /   0 / ck :  82 / STOP check  48 vision 0 time     0 VisionX  +0.00 Y  +0.00 theta   +0.0 elt    0 Ltcy   0 TarTheta  +0.00 AccLmt 0.00 VelLmt 0.00 OmgLmt  0.0 mode 3 vel r +0.00 th  +0.00 dri +0.00 stlt 0.00 
cam   +0   +0  0 fps(rx) 0 /   0 / ck :  84 / STOP check  49 vision 0 time     0 VisionX  +0.00 Y  +0.00 theta   +0.0 elt    0 Ltcy   0 TarTheta  +0.00 AccLmt 0.00 VelLmt 0.00 OmgLmt  0.0 mode 3 vel r +0.00 th  +0.00 dri +0.00 stlt 0.00 
cam   +0   +0  0 fps(rx) 0 /   0 / ck :  86 / STOP check  50 vision 0 time     0 VisionX  +0.00 Y  +0.00 theta   +0.0 elt    0 Ltcy   0 TarTheta  +0.00 AccLmt 0.00 VelLmt 0.00 OmgLmt  0.0 mode 3 vel r +0.00 th  +0.00 dri +0.00 stlt 0.00 
cam   +0   +0  0 fps(rx) 0 /   0 / ck :  88 / STOP check  51 vision 0 time     0 VisionX  +0.00 Y  +0.00 theta   +0.0 elt    0 Ltcy   0 TarTheta  +0.00 AccLmt 0.00 VelLmt 0.00 OmgLmt  0.0 mode 3 vel r +0.00 th  +0.00 dri +0.00 stlt 0.00 
cam   +0   +0  0 fps(rx) 0 /   0 / ck :  90 / STOP check  52 vision 0 time     0 VisionX  +0.00 Y  +0.00 theta   +0.0 elt    0 Ltcy   0 TarTheta  +0.00 AccLmt 0.00 VelLmt 0.00 OmgLmt  0.0 mode 3 vel r +0.00 th  +0.00 dri +0.00 stlt 0.00 
cam   +0   +0  0 fps(rx) 0 /   0 / ck :  92 / STOP check  53 vision 0 time     0 VisionX  +0.00 Y  +0.00 theta   +0.0 elt    0 Ltcy   0 TarTheta  +0.00 AccLmt 0.00 VelLmt 0.00 OmgLmt  0.0 mode 3 vel r +0.00 th  +0.00 dri +0.00 stlt 0.00 
cam   +0   +0  0 fps(rx) 0 /   0 / ck :  94 / STOP check  54 vision 0 time     0 VisionX  +0.00 Y  +0.00 theta   +0.0 elt    0 Ltcy   0 TarTheta  +0.00 AccLmt 0.00 VelLmt 0.00 OmgLmt  0.0 mode 3 vel r +0.00 th  +0.00 dri +0.00 stlt 0.00 
cam   +0   +0  0 fps(rx) 0 /   0 / ck :  97 / STOP check  55 vision 0 time     0 VisionX  +0.00 Y  +0.00 theta   +0.0 elt    0 Ltcy   0 TarTheta  +0.00 AccLmt 0.00 VelLmt 0.00 OmgLmt  0.0 mode 3 vel r +0.00 th  +0.00 dri +0.00 stlt 0.00 
cam   +0   +0  0 fps(rx) 0 /   0 / ck :  99 / STOP check  56 vision 0 time     0 VisionX  +0.00 Y  +0.00 theta   +0.0 elt    0 Ltcy   0 TarTheta  +0.00 AccLmt 0.00 VelLmt 0.00 OmgLmt  0.0 mode 3 vel r +0.00 th  +0.00 dri +0.00 stlt 0.00 
cam   +0   +0  0 fps(rx) 0 /   0 / ck : 101 / STOP check  57 vision 0 time     0 VisionX  +0.00 Y  +0.00 theta   +0.0 elt    0 Ltcy   0 TarTheta  +0.00 AccLmt 0.00 VelLmt 0.00 OmgLmt  0.0 mode 3 vel r +0.00 th  +0.00 dri +0.00 stlt 0.00 
cam   +0   +0  0 fps(rx) 0 /   0 / ck : 103 / STOP check  58 vision 0 time     0 VisionX  +0.00 Y  +0.00 theta   +0.0 elt    0 Ltcy   0 TarTheta  +0.00 AccLmt 0.00 VelLmt 0.00 OmgLmt  0.0 mode 3 vel r +0.00 th  +0.00 dri +0.00 stlt 0.00 
cam   +0   +0  0 fps(rx) 0 /   0 / ck : 105 / STOP check  59 vision 0 time     0 VisionX  +0.00 Y  +0.00 theta   +0.0 elt    0 Ltcy   0 TarTheta  +0.00 AccLmt 0.00 VelLmt 0.00 OmgLmt  0.0 mode 3 vel r +0.00 th  +0.00 dri +0.00 stlt 0.00 
cam   +0   +0  0 fps(rx) 0 /   0 / ck : 107 / STOP check  60 vision 0 time     0 VisionX  +0.00 Y  +0.00 theta   +0.0 elt    0 Ltcy   0 TarTheta  +0.00 AccLmt 0.00 VelLmt 0.00 OmgLmt  0.0 mode 3 vel r +0.00 th  +0.00 dri +0.00 stlt 0.00 
cam   +0   +0  0 fps(rx) 0 /   0 / ck : 109 / STOP check  61 vision 0 time     0 VisionX  +0.00 Y  +0.00 theta   +0.0 elt    0 Ltcy   0 TarTheta  +0.00 AccLmt 0.00 VelLmt 0.00 OmgLmt  0.0 mode 3 vel r +0.00 th  +0.00 dri +0.00 stlt 0.00 
cam   +0   +0  0 fps(rx) 0 /   0 / ck : 111 / STOP check  62 vision 0 time     0 VisionX  +0.00 Y  +0.00 theta   +0.0 elt    0 Ltcy   0 TarTheta  +0.00 AccLmt 0.00 VelLmt 0.00 OmgLmt  0.0 mode 3 vel r +0.00 th  +0.00 dri +0.00 stlt 0.00 
cam   +0   +0  0 fps(rx) 0 /   0 / ck : 113 / STOP check  63 vision 0 time     0 VisionX  +0.00 Y  +0.00 theta   +0.0 elt    0 Ltcy   0 TarTheta  +0.00 AccLmt 0.00 VelLmt 0.00 OmgLmt  0.0 mode 3 vel r +0.00 th  +0.00 dri +0.00 stlt 0.00 
cam   +0   +0  0 fps(rx) 0 /   0 / ck : 115 / STOP check  64 vision 0 time     0 VisionX  +0.00 Y  +0.00 theta   +0.0 elt    0 Ltcy   0 TarTheta  +0.00 AccLmt 0.00 VelLmt 0.00 OmgLmt  0.0 mode 3 vel r +0.00 th  +0.00 dri +0.00 stlt 0.00 
cam   +0   +0  0 fps(rx) 0 /   0 / ck : 117 / STOP check  65 vision 0 time     0 VisionX  +0.00 Y  +0.00 theta   +0.0 elt    0 Ltcy   0 TarTheta  +0.00 AccLmt 0.00 VelLmt 0.00 OmgLmt  0.0 mode 3 vel r +0.00 th  +0.00 dri +0.00 stlt 0.00 
cam   +0   +0  0 fps(rx) 0 /   0 / ck : 119 / STOP check  66 vision 0 time     0 VisionX  +0.00 Y  +0.00 theta   +0.0 elt    0 Ltcy   0 TarTheta  +0.00 AccLmt 0.00 VelLmt 0.00 OmgLmt  0.0 mode 3 vel r +0.00 th  +0.00 dri +0.00 stlt 0.00 
cam   +0   +0  0 fps(rx) 0 /   0 / ck : 121 / STOP check  67 vision 0 time     0 VisionX  +0.00 Y  +0.00 theta   +0.0 elt    0 Ltcy   0 TarTheta  +0.00 AccLmt 0.00 VelLmt 0.00 OmgLmt  0.0 mode 3 vel r +0.00 th  +0.00 dri +0.00 stlt 0.00 
cam   +0   +0  0 fps(rx) 0 /   0 / ck : 123 / STOP check  68 vision 0 time     0 VisionX  +0.00 Y  +0.00 theta   +0.0 elt    0 Ltcy   0 TarTheta  +0.00 AccLmt 0.00 VelLmt 0.00 OmgLmt  0.0 mode 3 vel r +0.00 th  +0.00 dri +0.00 stlt 0.00 
cam   +0   +0  0 fps(rx) 0 /   0 / ck : 125 / STOP check  69 vision 0 time     0 VisionX  +0.00 Y  +0.00 theta   +0.0 elt    0 Ltcy   0 TarTheta  +0.00 AccLmt 0.00 VelLmt 0.00 OmgLmt  0.0 mode 3 vel r +0.00 th  +0.00 dri +0.00 stlt 0.00 
cam   +0   +0  0 fps(rx) 0 /   0 / ck : 127 / STOP check  70 vision 0 time     0 VisionX  +0.00 Y  +0.00 theta   +0.0 elt    0 Ltcy   0 TarTheta  +0.00 AccLmt 0.00 VelLmt 0.00 OmgLmt  0.0 mode 3 vel r +0.00 th  +0.00 dri +0.00 stlt 0.00 
cam   +0   +0  0 fps(rx) 0 /   0 / ck : 129 / STOP check  71 vision 0 time     0 VisionX  +0.00 Y  +0.00 theta   +0.0 elt    0 Ltcy   0 TarTheta  +0.00 AccLmt 0.00 VelLmt 0.00 OmgLmt  0.0 mode 3 vel r +0.00 th  +0.00 dri +0.00 stlt 0.00 
cam   +0   +0  0 fps(rx) 0 /   0 / ck : 131 / STOP check  72 vision 0 time     0 VisionX  +0.00 Y  +0.00 theta   +0.0 elt    0 Ltcy   0 TarTheta  +0.00 AccLmt 0.00 VelLmt 0.00 OmgLmt  0.0 mode 3 vel r +0.00 th  +0.00 dri +0.00 stlt 0.00 
cam   +0   +0  0 fps(rx) 0 /   0 / ck : 133 / STOP check  73 vision 0 time     0 VisionX  +0.00 Y  +0.00 theta   +0.0 elt    0 Ltcy   0 TarTheta  +0.00 AccLmt 0.00 VelLmt 0.00 OmgLmt  0.0 mode 3 vel r +0.00 th  +0.00 dri +0.00 stlt 0.00 
cam   +0   +0  0 fps(rx) 0 /   0 / ck : 135 / STOP check  74 vision 0 time     0 VisionX  +0.00 Y  +0.00 theta   +0.0 elt    0 Ltcy   0 TarTheta  +0.00 AccLmt 0.00 VelLmt 0.00 OmgLmt  0.0 mode 3 vel r +0.00 th  +0.00 dri +0.00 stlt 0.00 
cam   +0   +0  0 fps(rx) 0 /   0 / ck : 137 / STOP check  75 vision 0 time     0 VisionX  +0.00 Y  +0.00 theta   +0.0 elt    0 Ltcy   0 TarTheta  +0.00 AccLmt 0.00 VelLmt 0.00 OmgLmt  0.0 mode 3 vel r +0.00 th  +0.00 dri +0.00 stlt 0.00 
cam   +0   +0  0 fps(rx) 0 /   0 / ck : 139 / STOP check  76 vision 0 time     0 VisionX  +0.00 Y  +0.00 theta   +0.0 elt    0 Ltcy   0 TarTheta  +0.00 AccLmt 0.00 VelLmt 0.00 OmgLmt  0.0 mode 3 vel r +0.00 th  +0.00 dri +0.00 stlt 0.00 
cam   +0   +0  0 fps(rx) 0 /   0 / ck : 141 / STOP check  77 vision 0 time     0 VisionX  +0.00 Y  +0.00 theta   +0.0 elt    0 Ltcy   0 TarTheta  +0.00 AccLmt 0.00 VelLmt 0.00 OmgLmt  0.0 mode 3 vel r +0.00 th  +0.00 dri +0.00 stlt 0.00 
cam   +0   +0  0 fps(rx) 0 /   0 / ck : 143 / STOP check  78 vision 0 time     0 VisionX  +0.00 Y  +0.00 theta   +0.0 elt    0 Ltcy   0 TarTheta  +0.00 AccLmt 0.00 VelLmt 0.00 OmgLmt  0.0 mode 3 vel r +0.00 th  +0.00 dri +0.00 stlt 0.00 
cam   +0   +0  0 fps(rx) 0 /   0 / ck : 145 / STOP check  79 vision 0 time     0 VisionX  +0.00 Y  +0.00 theta   +0.0 elt    0 Ltcy   0 TarTheta  +0.00 AccLmt 0.00 VelLmt 0.00 OmgLmt  0.0 mode 3 vel r +0.00 th  +0.00 dri +0.00 stlt 0.00 
cam   +0   +0  0 fps(rx) 0 /   0 / ck : 147 / STOP check  80 vision 0 time     0 VisionX  +0.00 Y  +0.00 theta   +0.0 elt    0 Ltcy   0 TarTheta  +0.00 AccLmt 0.00 VelLmt 0.00 OmgLmt  0.0 mode 3 vel r +0.00 th  +0.00 dri +0.00 stlt 0.00 
cam   +0   +0  0 fps(rx) 0 /   0 / ck : 149 / STOP check  81 vision 0 time     0 VisionX  +0.00 Y  +0.00 theta   +0.0 elt    0 Ltcy   0 TarTheta  +0.00 AccLmt 0.00 VelLmt 0.00 OmgLmt  0.0 mode 3 vel r +0.00 th  +0.00 dri +0.00 stlt 0.00 
cam   +0   +0  0 fps(rx) 0 /   0 / ck : 151 / STOP check  82 vision 0 time     0 VisionX  +0.00 Y  +0.00 theta   +0.0 elt    0 Ltcy   0 TarTheta  +0.00 AccLmt 0.00 VelLmt 0.00 OmgLmt  0.0 mode 3 vel r +0.00 th  +0.00 dri +0.00 stlt 0.00 
cam   +0   +0  0 fps(rx) 0 /   0 / ck : 153 / STOP check  83 vision 0 time     0 VisionX  +0.00 Y  +0.00 theta   +0.0 elt    0 Ltcy   0 TarTheta  +0.00 AccLmt 0.00 VelLmt 0.00 OmgLmt  0.0 mode 3 vel r +0.00 th  +0.00 dri +0.00 stlt 0.00 
cam   +0   +0  0 fps(rx) 0 /   0 / ck : 155 / STOP check  84 vision 0 time     0 VisionX  +0.00 Y  +0.00 theta   +0.0 elt    0 Ltcy   0 TarTheta  +0.00 AccLmt 0.00 VelLmt 0.00 OmgLmt  0.0 mode 3 vel r +0.00 th  +0.00 dri +0.00 stlt 0.00 
cam   +0   +0  0 fps(rx) 0 /   0 / ck : 157 / STOP check  85 vision 0 time     0 VisionX  +0.00 Y  +0.00 theta   +0.0 elt    0 Ltcy   0 TarTheta  +0.00 AccLmt 0.00 VelLmt 0.00 OmgLmt  0.0 mode 3 vel r +0.00 th  +0.00 dri +0.00 stlt 0.00 
cam   +0   +0  0 fps(rx) 0 /   0 / ck : 159 / STOP check  86 vision 0 time     0 VisionX  +0.00 Y  +0.00 theta   +0.0 elt    0 Ltcy   0 TarTheta  +0.00 AccLmt 0.00 VelLmt 0.00 OmgLmt  0.0 mode 3 vel r +0.00 th  +0.00 dri +0.00 stlt 0.00 
cam   +0   +0  0 fps(rx) 0 /   0 / ck : 161 / STOP check  87 vision 0 time     0 VisionX  +0.00 Y  +0.00 theta   +0.0 elt    0 Ltcy   0 TarTheta  +0.00 AccLmt 0.00 VelLmt 0.00 OmgLmt  0.0 mode 3 vel r +0.00 th  +0.00 dri +0.00 stlt 0.00 
cam   +0   +0  0 fps(rx) 0 /   0 / ck : 163 / STOP check  88 vision 0 time     0 VisionX  +0.00 Y  +0.00 theta   +0.0 elt    0 Ltcy   0 TarTheta  +0.00 AccLmt 0.00 VelLmt 0.00 OmgLmt  0.0 mode 3 vel r +0.00 th  +0.00 dri +0.00 stlt 0.00 
cam   +0   +0  0 fps(rx) 0 /   0 / ck : 165 / STOP check  89 vision 0 time     0 VisionX  +0.00 Y  +0.00 theta   +0.0 elt    0 Ltcy   0 TarTheta  +0.00 AccLmt 0.00 VelLmt 0.00 OmgLmt  0.0 mode 3 vel r +0.00 th  +0.00 dri +0.00 stlt 0.00 
cam   +0   +0  0 fps(rx) 0 /   0 / ck : 167 / STOP check  90 vision 0 time     0 VisionX  +0.00 Y  +0.00 theta   +0.0 elt    0 Ltcy   0 TarTheta  +0.00 AccLmt 0.00 VelLmt 0.00 OmgLmt  0.0 mode 3 vel r +0.00 th  +0.00 dri +0.00 stlt 0.00 
cam   +0   +0  0 fps(rx) 0 /   0 / ck : 169 / STOP check  91 vision 0 time     0 VisionX  +0.00 Y  +0.00 theta   +0.0 elt    0 Ltcy   0 TarTheta  +0.00 AccLmt 0.00 VelLmt 0.00 OmgLmt  0.0 mode 3 vel r +0.00 th  +0.00 dri +0.00 stlt 0.00 
cam   +0   +0  0 fps(rx) 0 /   0 / ck : 171 / STOP check  92 vision 0 time     0 VisionX  +0.00 Y  +0.00 theta   +0.0 elt    0 Ltcy   0 TarTheta  +0.00 AccLmt 0.00 VelLmt 0.00 OmgLmt  0.0 mode 3 vel r +0.00 th  +0.00 dri +0.00 stlt 0.00 
cam   +0   +0  0 fps(rx) 0 /   0 / ck : 173 / STOP check  93 vision 0 time     0 VisionX  +0.00 Y  +0.00 theta   +0.0 elt    0 Ltcy   0 TarTheta  +0.00 AccLmt 0.00 VelLmt 0.00 OmgLmt  0.0 mode 3 vel r +0.00 th  +0.00 dri +0.00 stlt 0.00 
cam   +0   +0  0 fps(rx) 0 /   0 / ck : 175 / STOP check  94 vision 0 time     0 VisionX  +0.00 Y  +0.00 theta   +0.0 elt    0 Ltcy   0 TarTheta  +0.00 AccLmt 0.00 VelLmt 0.00 OmgLmt  0.0 mode 3 vel r +0.00 th  +0.00 dri +0.00 stlt 0.00 
cam   +0   +0  0 fps(rx) 0 /   0 / ck : 177 / STOP check  95 vision 0 time     0 VisionX  +0.00 Y  +0.00 theta   +0.0 elt    0 Ltcy   0 TarTheta  +0.00 AccLmt 0.00 VelLmt 0.00 OmgLmt  0.0 mode 3 vel r +0.00 th  +0.00 dri +0.00 stlt 0.00 
cam   +0   +0  0 fps(rx) 0 /   0 / ck : 179 / STOP check  96 vision 0 time     0 VisionX  +0.00 Y  +0.00 theta   +0.0 elt    0 Ltcy   0 TarTheta  +0.00 AccLmt 0.00 VelLmt 0.00 OmgLmt  0.0 mode 3 vel r +0.00 th  +0.00 dri +0.00 stlt 0.00 
cam   +0   +0  0 fps(rx) 0 /   0 / ck : 181 / STOP check  97 vision 0 time     0 VisionX  +0.00 Y  +0.00 theta   +0.0 elt    0 Ltcy   0 TarTheta  +0.00 AccLmt 0.00 VelLmt 0.00 OmgLmt  0.0 mode 3 vel r +0.00 th  +0.00 dri +0.00 stlt 0.00 
cam   +0   +0  0 fps(rx) 0 /   0 / ck : 183 / STOP check  98 vision 0 time     0 VisionX  +0.00 Y  +0.00 theta   +0.0 elt    0 Ltcy   0 TarTheta  +0.00 AccLmt 0.00 VelLmt 0.00 OmgLmt  0.0 mode 3 vel r +0.00 th  +0.00 dri +0.00 stlt 0.00 
cam   +0   +0  0 fps(rx) 0 /   0 / ck : 185 / STOP check  99 vision 0 time     0 VisionX  +0.00 Y  +0.00 theta   +0.0 elt    0 Ltcy   0 TarTheta  +0.00 AccLmt 0.00 VelLmt 0.00 OmgLmt  0.0 mode 3 vel r +0.00 th  +0.00 dri +0.00 stlt 0.00 
cam   +0   +0  0 fps(rx) 0 /   0 / ck : 187 / STOP check 100 vision 0 time     0 VisionX  +0.00 Y  +0.00 theta   +0.0 elt    0 Ltcy   0 TarTheta  +0.00 AccLmt 0.00 VelLmt 0.00 OmgLmt  0.0 mode 3 vel r +0.00 th  +0.00 dri +0.00 stlt 0.00 
cam   +0   +0  0 fps(rx) 0 /   0 / ck : 189 / STOP check 101 vision 0 time     0 VisionX  +0.00 Y  +0.00 theta   +0.0 elt    0 Ltcy   0 TarTheta  +0.00 AccLmt 0.00 VelLmt 0.00 OmgLmt  0.0 mode 3 vel r +0.00 th  +0.00 dri +0.00 stlt 0.00 
cam   +0   +0  0 fps(rx) 0 /   0 / ck : 191 / STOP check 102 vision 0 time     0 VisionX  +0.00 Y  +0.00 theta   +0.0 elt    0 Ltcy   0 TarTheta  +0.00 AccLmt 0.00 VelLmt 0.00 OmgLmt  0.0 mode 3 vel r +0.00 th  +0.00 dri +0.00 stlt 0.00 
cam   +0   +0  0 fps(rx) 0 /   0 / ck : 193 / STOP check 103 vision 0 time     0 VisionX  +0.00 Y  +0.00 theta   +0.0 elt    0 Ltcy   0 TarTheta  +0.00 AccLmt 0.00 VelLmt 0.00 OmgLmt  0.0 mode 3 vel r +0.00 th  +0.00 dri +0.00 stlt 0.00 
cam   +0   +0  0 fps(rx) 0 /   0 / ck : 195 / STOP check 104 vision 0 time     0 VisionX  +0.00 Y  +0.00 theta   +0.0 elt    0 Ltcy   0 TarTheta  +0.00 AccLmt 0.00 VelLmt 0.00 OmgLmt  0.0 mode 3 vel r +0.00 th  +0.00 dri +0.00 stlt 0.00 
cam   +0   +0  0 fps(rx) 0 /   0 / ck : 197 / STOP check 105 vision 0 time     0 VisionX  +0.00 Y  +0.00 theta   +0.0 elt    0 Ltcy   0 TarTheta  +0.00 AccLmt 0.00 VelLmt 0.00 OmgLmt  0.0 mode 3 vel r +0.00 th  +0.00 dri +0.00 stlt 0.00 
cam   +0   +0  0 fps(rx) 0 /   0 / ck : 199 / STOP check 106 vision 0 time     0 VisionX  +0.00 Y  +0.00 theta   +0.0 elt    0 Ltcy   0 TarTheta  +0.00 AccLmt 0.00 VelLmt 0.00 OmgLmt  0.0 mode 3 vel r +0.00 th  +0.00 dri +0.00 stlt 0.00 
cam   +0   +0  0 fps(rx) 0 /   0 / ck : 201 / STOP check 107 vision 0 time     0 VisionX  +0.00 Y  +0.00 theta   +0.0 elt    0 Ltcy   0 TarTheta  +0.00 AccLmt 0.00 VelLmt 0.00 OmgLmt  0.0 mode 3 vel r +0.00 th  +0.00 dri +0.00 stlt 0.00 
cam   +0   +0  0 fps(rx) 0 /   0 / ck : 203 / STOP check 108 vision 0 time     0 VisionX  +0.00 Y  +0.00 theta   +0.0 elt    0 Ltcy   0 TarTheta  +0.00 AccLmt 0.00 VelLmt 0.00 OmgLmt  0.0 mode 3 vel r +0.00 th  +0.00 dri +0.00 stlt 0.00 
cam   +0   +0  0 fps(rx) 0 /   0 / ck : 205 / STOP check 109 vision 0 time     0 VisionX  +0.00 Y  +0.00 theta   +0.0 elt    0 Ltcy   0 TarTheta  +0.00 AccLmt 0.00 VelLmt 0.00 OmgLmt  0.0 mode 3 vel r +0.00 th  +0.00 dri +0.00 stlt 0.00 
cam   +0   +0  0 fps(rx) 0 /   0 / ck : 207 / STOP check 110 vision 0 time     0 VisionX  +0.00 Y  +0.00 theta   +0.0 elt    0 Ltcy   0 TarTheta  +0.00 AccLmt 0.00 VelLmt 0.00 OmgLmt  0.0 mode 3 vel r +0.00 th  +0.00 dri +0.00 stlt 0.00 
cam   +0   +0  0 fps(rx) 0 /   0 / ck : 209 / STOP check 111 vision 0 time     0 VisionX  +0.00 Y  +0.00 theta   +0.0 elt    0 Ltcy   0 TarTheta  +0.00 AccLmt 0.00 VelLmt 0.00 OmgLmt  0.0 mode 3 vel r +0.00 th  +0.00 dri +0.00 stlt 0.00 
cam   +0   +0  0 fps(rx) 0 /   0 / ck : 211 / STOP check 112 vision 0 time     0 VisionX  +0.00 Y  +0.00 theta   +0.0 elt    0 Ltcy   0 TarTheta  +0.00 AccLmt 0.00 VelLmt 0.00 OmgLmt  0.0 mode 3 vel r +0.00 th  +0.00 dri +0.00 stlt 0.00 
cam   +0   +0  0 fps(rx) 0 /   0 / ck : 213 / STOP check 113 vision 0 time     0 VisionX  +0.00 Y  +0.00 theta   +0.0 elt    0 Ltcy   0 TarTheta  +0.00 AccLmt 0.00 VelLmt 0.00 OmgLmt  0.0 mode 3 vel r +0.00 th  +0.00 dri +0.00 stlt 0.00 
cam   +0   +0  0 fps(rx) 0 /   0 / ck : 215 / STOP check 114 vision 0 time     0 VisionX  +0.00 Y  +0.00 theta   +0.0 elt    0 Ltcy   0 TarTheta  +0.00 AccLmt 0.00 VelLmt 0.00 OmgLmt  0.0 mode 3 vel r +0.00 th  +0.00 dri +0.00 stlt 0.00 
cam   +0   +0  0 fps(rx) 0 /   0 / ck : 217 / STOP check 115 vision 0 time     0 VisionX  +0.00 Y  +0.00 theta   +0.0 elt    0 Ltcy   0 TarTheta  +0.00 AccLmt 0.00 VelLmt 0.00 OmgLmt  0.0 mode 3 vel r +0.00 th  +0.00 dri +0.00 stlt 0.00 
cam   +0   +0  0 fps(rx) 0 /   0 / ck : 219 / STOP check 116 vision 0 time     0 VisionX  +0.00 Y  +0.00 theta   +0.0 elt    0 Ltcy   0 TarTheta  +0.00 AccLmt 0.00 VelLmt 0.00 OmgLmt  0.0 mode 3 vel r +0.00 th  +0.00 dri +0.00 stlt 0.00 
cam   +0   +0  0 fps(rx) 0 /   0 / ck : 221 / STOP check 117 vision 0 time     0 VisionX  +0.00 Y  +0.00 theta   +0.0 elt    0 Ltcy   0 TarTheta  +0.00 AccLmt 0.00 VelLmt 0.00 OmgLmt  0.0 mode 3 vel r +0.00 th  +0.00 dri +0.00 stlt 0.00 
cam   +0   +0  0 fps(rx) 0 /   0 / ck : 223 / STOP check 118 vision 0 time     0 VisionX  +0.00 Y  +0.00 theta   +0.0 elt    0 Ltcy   0 TarTheta  +0.00 AccLmt 0.00 VelLmt 0.00 OmgLmt  0.0 mode 3 vel r +0.00 th  +0.00 dri +0.00 stlt 0.00 
cam   +0   +0  0 fps(rx) 0 /   0 / ck : 225 / STOP check 119 vision 0 time     0 VisionX  +0.00 Y  +0.00 theta   +0.0 elt    0 Ltcy   0 TarTheta  +0.00 AccLmt 0.00 VelLmt 0.00 OmgLmt  0.0 mode 3 vel r +0.00 th  +0.00 dri +0.00 stlt 0.00 
cam   +0   +0  0 fps(rx) 0 /   0 / ck : 227 / STOP check 120 vision 0 time     0 VisionX  +0.00 Y  +0.00 theta   +0.0 elt    0 Ltcy   0 TarTheta  +0.00 AccLmt 0.00 VelLmt 0.00 OmgLmt  0.0 mode 3 vel r +0.00 th  +0.00 dri +0.00 stlt 0.00 
cam   +0   +0  0 fps(rx) 0 /   0 / ck : 229 / STOP check 121 vision 0 time     0 VisionX  +0.00 Y  +0.00 theta   +0.0 elt    0 Ltcy   0 TarTheta  +0.00 AccLmt 0.00 VelLmt 0.00 OmgLmt  0.0 mode 3 vel r +0.00 th  +0.00 dri +0.00 stlt 0.00 
cam   +0   +0  0 fps(rx) 0 /   0 / ck : 231 / STOP check 122 vision 0 time     0 VisionX  +0.00 Y  +0.00 theta   +0.0 elt    0 Ltcy   0 TarTheta  +0.00 AccLmt 0.00 VelLmt 0.00 OmgLmt  0.0 mode 3 vel r +0.00 th  +0.00 dri +0.00 stlt 0.00 
cam   +0   +0  0 fps(rx) 0 /   0 / ck : 233 / STOP check 123 vision 0 time     0 VisionX  +0.00 Y  +0.00 theta   +0.0 elt    0 Ltcy   0 TarTheta  +0.00 AccLmt 0.00 VelLmt 0.00 OmgLmt  0.0 mode 3 vel r +0.00 th  +0.00 dri +0.00 stlt 0.00 
cam   +0   +0  0 fps(rx) 0 /   0 / ck : 235 / STOP check 124 vision 0 time     0 VisionX  +0.00 Y  +0.00 theta   +0.0 elt    0 Ltcy   0 TarTheta  +0.00 AccLmt 0.00 VelLmt 0.00 OmgLmt  0.0 mode 3 vel r +0.00 th  +0.00 dri +0.00 stlt 0.00 
cam   +0   +0  0 fps(rx) 0 /   0 / ck : 237 / STOP check 125 vision 0 time     0 VisionX  +0.00 Y  +0.00 theta   +0.0 elt    0 Ltcy   0 TarTheta  +0.00 AccLmt 0.00 VelLmt 0.00 OmgLmt  0.0 mode 3 vel r +0.00 th  +0.00 dri +0.00 stlt 0.00 
cam   +0   +0  0 fps(rx) 0 /   0 / ck : 239 / STOP check 126 vision 0 time     0 VisionX  +0.00 Y  +0.00 theta   +0.0 elt    0 Ltcy   0 TarTheta  +0.00 AccLmt 0.00 VelLmt 0.00 OmgLmt  0.0 mode 3 vel r +0.00 th  +0.00 dri +0.00 stlt 0.00 
cam   +0   +0  0 fps(rx) 0 /   0 / ck : 241 / STOP check 127 vision 0 time     0 VisionX  +0.00 Y  +0.00 theta   +0.0 elt    0 Ltcy   0 TarTheta  +0.00 AccLmt 0.00 VelLmt 0.00 OmgLmt  0.0 mode 3 vel r +0.00 th  +0.00 dri +0.00 stlt 0.00 
cam   +0   +0  0 fps(rx) 0 /   0 / ck : 243 / STOP check 128 vision 0 time     0 VisionX  +0.00 Y  +0.00 theta   +0.0 elt    0 Ltcy   0 TarTheta  +0.00 AccLmt 0.00 VelLmt 0.00 OmgLmt  0.0 mode 3 vel r +0.00 th  +0.00 dri +0.00 stlt 0.00 
cam   +0   +0  0 fps(rx) 0 /   0 / ck : 245 / STOP check 129 vision 0 time     0 VisionX  +0.00 Y  +0.00 theta   +0.0 elt    0 Ltcy   0 TarTheta  +0.00 AccLmt 0.00 VelLmt 0.00 OmgLmt  0.0 mode 3 vel r +0.00 th  +0.00 dri +0.00 stlt 0.00 
cam   +0   +0  0 fps(rx) 0 /   0 / ck : 247 / STOP check 130 vision 0 time     0 VisionX  +0.00 Y  +0.00 theta   +0.0 elt    0 Ltcy   0 TarTheta  +0.00 AccLmt 0.00 VelLmt 0.00 OmgLmt  0.0 mode 3 vel r +0.00 th  +0.00 dri +0.00 stlt 0.00 
cam   +0   +0  0 fps(rx) 0 /   0 / ck : 249 / STOP check 131 vision 0 time     0 VisionX  +0.00 Y  +0.00 theta   +0.0 elt    0 Ltcy   0 TarTheta  +0.00 AccLmt 0.00 VelLmt 0.00 OmgLmt  0.0 mode 3 vel r +0.00 th  +0.00 dri +0.00 stlt 0.00 
cam   +0   +0  0 fps(rx) 0 /   0 / ck : 251 / STOP check 132 vision 0 time     0 VisionX  +0.00 Y  +0.00 theta   +0.0 elt    0 Ltcy   0 TarTheta  +0.00 AccLmt 0.00 VelLmt 0.00 OmgLmt  0.0 mode 3 vel r +0.00 th  +0.00 dri +0.00 stlt 0.00 
cam   +0   +0  0 fps(rx) 0 /   0 / ck : 253 / STOP check 133 vision 0 time     0 VisionX  +0.00 Y  +0.00 theta   +0.0 elt    0 Ltcy   0 TarTheta  +0.00 AccLmt 0.00 VelLmt 0.00 OmgLmt  0.0 mode 3 vel r +0.00 th  +0.00 dri +0.00 stlt 0.00 
cam   +0   +0  0 fps(rx) 0 /   0 / ck : 255 / STOP check 134 vision 0 time     0 VisionX  +0.00 Y  +0.00 theta   +0.0 elt    0 Ltcy   0 TarTheta  +0.00 AccLmt 0.00 VelLmt 0.00 OmgLmt  0.0 mode 3 vel r +0.00 th  +0.00 dri +0.00 stlt 0.00 
cam   +0   +0  0 fps(rx) 0 /   0 / ck :   1 / STOP check 135 vision 0 time     0 VisionX  +0.00 Y  +0.00 theta   +0.0 elt    0 Ltcy   0 TarTheta  +0.00 AccLmt 0.00 VelLmt 0.00 OmgLmt  0.0 mode 3 vel r +0.00 th  +0.00 dri +0.00 stlt 0.00 
cam   +0   +0  0 fps(rx) 0 /   0 / ck :   3 / STOP check 136 vision 0 time     0 VisionX  +0.00 Y  +0.00 theta   +0.0 elt    0 Ltcy   0 TarTheta  +0.00 AccLmt 0.00 VelLmt 0.00 OmgLmt  0.0 mode 3 vel r +0.00 th  +0.00 dri +0.00 stlt 0.00 
cam   +0   +0  0 fps(rx) 0 /   0 / ck :   5 / STOP check 137 vision 0 time     0 VisionX  +0.00 Y  +0.00 theta   +0.0 elt    0 Ltcy   0 TarTheta  +0.00 AccLmt 0.00 VelLmt 0.00 OmgLmt  0.0 mode 3 vel r +0.00 th  +0.00 dri +0.00 stlt 0.00 
cam   +0   +0  0 fps(rx) 0 /   0 / ck :   7 / STOP check 138 vision 0 time     0 VisionX  +0.00 Y  +0.00 theta   +0.0 elt    0 Ltcy   0 TarTheta  +0.00 AccLmt 0.00 VelLmt 0.00 OmgLmt  0.0 mode 3 vel r +0.00 th  +0.00 dri +0.00 stlt 0.00 
cam   +0   +0  0 fps(rx) 0 /   0 / ck :   9 / STOP check 139 vision 0 time     0 VisionX  +0.00 Y  +0.00 theta   +0.0 elt    0 Ltcy   0 TarTheta  +0.00 AccLmt 0.00 VelLmt 0.00 OmgLmt  0.0 mode 3 vel r +0.00 th  +0.00 dri +0.00 stlt 0.00 
cam   +0   +0  0 fps(rx) 0 /   0 / ck :  11 / STOP check 140 vision 0 time     0 VisionX  +0.00 Y  +0.00 theta   +0.0 elt    0 Ltcy   0 TarTheta  +0.00 AccLmt 0.00 VelLmt 0.00 OmgLmt  0.0 mode 3 vel r +0.00 th  +0.00 dri +0.00 stlt 0.00 
cam   +0   +0  0 fps(rx) 0 /   0 / ck :  13 / STOP check 141 vision 0 time     0 VisionX  +0.00 Y  +0.00 theta   +0.0 elt    0 Ltcy   0 TarTheta  +0.00 AccLmt 0.00 VelLmt 0.00 OmgLmt  0.0 mode 3 vel r +0.00 th  +0.00 dri +0.00 stlt 0.00 
cam   +0   +0  0 fps(rx) 0 /   0 / ck :  15 / STOP check 142 vision 0 time     0 VisionX  +0.00 Y  +0.00 theta   +0.0 elt    0 Ltcy   0 TarTheta  +0.00 AccLmt 0.00 VelLmt 0.00 OmgLmt  0.0 mode 3 vel r +0.00 th  +0.00 dri +0.00 stlt 0.00 
cam   +0   +0  0 fps(rx) 0 /   0 / ck :  17 / STOP check 143 vision 0 time     0 VisionX  +0.00 Y  +0.00 theta   +0.0 elt    0 Ltcy   0 TarTheta  +0.00 AccLmt 0.00 VelLmt 0.00 OmgLmt  0.0 mode 3 vel r +0.00 th  +0.00 dri +0.00 stlt 0.00 
cam   +0   +0  0 fps(rx) 0 /   0 / ck :  19 / STOP check 144 vision 0 time     0 VisionX  +0.00 Y  +0.00 theta   +0.0 elt    0 Ltcy   0 TarTheta  +0.00 AccLmt 0.00 VelLmt 0.00 OmgLmt  0.0 mode 3 vel r +0.00 th  +0.00 dri +0.00 stlt 0.00 
cam   +0   +0  0 fps(rx) 0 /   0 / ck :  21 / STOP check 145 vision 0 time     0 VisionX  +0.00 Y  +0.00 theta   +0.0 elt    0 Ltcy   0 TarTheta  +0.00 AccLmt 0.00 VelLmt 0.00 OmgLmt  0.0 mode 3 vel r +0.00 th  +0.00 dri +0.00 stlt 0.00 
cam   +0   +0  0 fps(rx) 0 /   0 / ck :  23 / STOP check 146 vision 0 time     0 VisionX  +0.00 Y  +0.00 theta   +0.0 elt    0 Ltcy   0 TarTheta  +0.00 AccLmt 0.00 VelLmt 0.00 OmgLmt  0.0 mode 3 vel r +0.00 th  +0.00 dri +0.00 stlt 0.00 
cam   +0   +0  0 fps(rx) 0 /   0 / ck :  25 / STOP check 147 vision 0 time     0 VisionX  +0.00 Y  +0.00 theta   +0.0 elt    0 Ltcy   0 TarTheta  +0.00 AccLmt 0.00 VelLmt 0.00 OmgLmt  0.0 mode 3 vel r +0.00 th  +0.00 dri +0.00 stlt 0.00 
cam   +0   +0  0 fps(rx) 0 /   0 / ck :  27 / STOP check 148 vision 0 time     0 VisionX  +0.00 Y  +0.00 theta   +0.0 elt    0 Ltcy   0 TarTheta  +0.00 AccLmt 0.00 VelLmt 0.00 OmgLmt  0.0 mode 3 vel r +0.00 th  +0.00 dri +0.00 stlt 0.00 
cam   +0   +0  0 fps(rx) 0 /   0 / ck :  29 / STOP check 149 vision 0 time     0 VisionX  +0.00 Y  +0.00 theta   +0.0 elt    0 Ltcy   0 TarTheta  +0.00 AccLmt 0.00 VelLmt 0.00 OmgLmt  0.0 mode 3 vel r +0.00 th  +0.00 dri +0.00 stlt 0.00 
cam   +0   +0  0 fps(rx) 0 /   0 / ck :  31 / STOP check 150 vision 0 time     0 VisionX  +0.00 Y  +0.00 theta   +0.0 elt    0 Ltcy   0 TarTheta  +0.00 AccLmt 0.00 VelLmt 0.00 OmgLmt  0.0 mode 3 vel r +0.00 th  +0.00 dri +0.00 stlt 0.00 
cam   +0   +0  0 fps(rx) 0 /   0 / ck :  33 / STOP check 151 vision 0 time     0 VisionX  +0.00 Y  +0.00 theta   +0.0 elt    0 Ltcy   0 TarTheta  +0.00 AccLmt 0.00 VelLmt 0.00 OmgLmt  0.0 mode 3 vel r +0.00 th  +0.00 dri +0.00 stlt 0.00 
cam   +0   +0  0 fps(rx) 0 /   0 / ck :  35 / STOP check 152 vision 0 time     0 VisionX  +0.00 Y  +0.00 theta   +0.0 elt    0 Ltcy   0 TarTheta  +0.00 AccLmt 0.00 VelLmt 0.00 OmgLmt  0.0 mode 3 vel r +0.00 th  +0.00 dri +0.00 stlt 0.00 
cam   +0   +0  0 fps(rx) 0 /   0 / ck :  37 / STOP check 153 vision 0 time     0 VisionX  +0.00 Y  +0.00 theta   +0.0 elt    0 Ltcy   0 TarTheta  +0.00 AccLmt 0.00 VelLmt 0.00 OmgLmt  0.0 mode 3 vel r +0.00 th  +0.00 dri +0.00 stlt 0.00 
cam   +0   +0  0 fps(rx) 0 /   0 / ck :  39 / STOP check 154 vision 0 time     0 VisionX  +0.00 Y  +0.00 theta   +0.0 elt    0 Ltcy   0 TarTheta  +0.00 AccLmt 0.00 VelLmt 0.00 OmgLmt  0.0 mode 3 vel r +0.00 th  +0.00 dri +0.00 stlt 0.00 
cam   +0   +0  0 fps(rx) 0 /   0 / ck :  41 / STOP check 155 vision 0 time     0 VisionX  +0.00 Y  +0.00 theta   +0.0 elt    0 Ltcy   0 TarTheta  +0.00 AccLmt 0.00 VelLmt 0.00 OmgLmt  0.0 mode 3 vel r +0.00 th  +0.00 dri +0.00 stlt 0.00 
cam   +0   +0  0 fps(rx) 0 /   0 / ck :  43 / STOP check 156 vision 0 time     0 VisionX  +0.00 Y  +0.00 theta   +0.0 elt    0 Ltcy   0 TarTheta  +0.00 AccLmt 0.00 VelLmt 0.00 OmgLmt  0.0 mode 3 vel r +0.00 th  +0.00 dri +0.00 stlt 0.00 
cam   +0   +0  0 fps(rx) 0 /   0 / ck :  45 / STOP check 157 vision 0 time     0 VisionX  +0.00 Y  +0.00 theta   +0.0 elt    0 Ltcy   0 TarTheta  +0.00 AccLmt 0.00 VelLmt 0.00 OmgLmt  0.0 mode 3 vel r +0.00 th  +0.00 dri +0.00 stlt 0.00 
cam   +0   +0  0 fps(rx) 0 /   0 / ck :  47 / STOP check 158 vision 0 time     0 VisionX  +0.00 Y  +0.00 theta   +0.0 elt    0 Ltcy   0 TarTheta  +0.00 AccLmt 0.00 VelLmt 0.00 OmgLmt  0.0 mode 3 vel r +0.00 th  +0.00 dri +0.00 stlt 0.00 
cam   +0   +0  0 fps(rx) 0 /   0 / ck :  49 / STOP check 159 vision 0 time     0 VisionX  +0.00 Y  +0.00 theta   +0.0 elt    0 Ltcy   0 TarTheta  +0.00 AccLmt 0.00 VelLmt 0.00 OmgLmt  0.0 mode 3 vel r +0.00 th  +0.00 dri +0.00 stlt 0.00 
cam   +0   +0  0 fps(rx) 0 /   0 / ck :  51 / STOP check 160 vision 0 time     0 VisionX  +0.00 Y  +0.00 theta   +0.0 elt    0 Ltcy   0 TarTheta  +0.00 AccLmt 0.00 VelLmt 0.00 OmgLmt  0.0 mode 3 vel r +0.00 th  +0.00 dri +0.00 stlt 0.00 
cam   +0   +0  0 fps(rx) 0 /   0 / ck :  53 / STOP check 161 vision 0 time     0 VisionX  +0.00 Y  +0.00 theta   +0.0 elt    0 Ltcy   0 TarTheta  +0.00 AccLmt 0.00 VelLmt 0.00 OmgLmt  0.0 mode 3 vel r +0.00 th  +0.00 dri +0.00 stlt 0.00 
cam   +0   +0  0 fps(rx) 0 /   0 / ck :  55 / STOP check 162 vision 0 time     0 VisionX  +0.00 Y  +0.00 theta   +0.0 elt    0 Ltcy   0 TarTheta  +0.00 AccLmt 0.00 VelLmt 0.00 OmgLmt  0.0 mode 3 vel r +0.00 th  +0.00 dri +0.00 stlt 0.00 
cam   +0   +0  0 fps(rx) 0 /   0 / ck :  57 / STOP check 163 vision 0 time     0 VisionX  +0.00 Y  +0.00 theta   +0.0 elt    0 Ltcy   0 TarTheta  +0.00 AccLmt 0.00 VelLmt 0.00 OmgLmt  0.0 mode 3 vel r +0.00 th  +0.00 dri +0.00 stlt 0.00 
cam   +0   +0  0 fps(rx) 0 /   0 / ck :  59 / STOP check 164 vision 0 time     0 VisionX  +0.00 Y  +0.00 theta   +0.0 elt    0 Ltcy   0 TarTheta  +0.00 AccLmt 0.00 VelLmt 0.00 OmgLmt  0.0 mode 3 vel r +0.00 th  +0.00 dri +0.00 stlt 0.00 
cam   +0   +0  0 fps(rx) 0 /   0 / ck :  61 / STOP check 165 vision 0 time     0 VisionX  +0.00 Y  +0.00 theta   +0.0 elt    0 Ltcy   0 TarTheta  +0.00 AccLmt 0.00 VelLmt 0.00 OmgLmt  0.0 mode 3 vel r +0.00 th  +0.00 dri +0.00 stlt 0.00 
cam   +0   +0  0 fps(rx) 0 /   0 / ck :  63 / STOP check 166 vision 0 time     0 VisionX  +0.00 Y  +0.00 theta   +0.0 elt    0 Ltcy   0 TarTheta  +0.00 AccLmt 0.00 VelLmt 0.00 OmgLmt  0.0 mode 3 vel r +0.00 th  +0.00 dri +0.00 stlt 0.00 
cam   +0   +0  0 fps(rx) 0 /   0 / ck :  65 / STOP check 167 vision 0 time     0 VisionX  +0.00 Y  +0.00 theta   +0.0 elt    0 Ltcy   0 TarTheta  +0.00 AccLmt 0.00 VelLmt 0.00 OmgLmt  0.0 mode 3 vel r +0.00 th  +0.00 dri +0.00 stlt 0.00 
cam   +0   +0  0 fps(rx) 0 /   0 / ck :  67 / STOP check 168 vision 0 time     0 VisionX  +0.00 Y  +0.00 theta   +0.0 elt    0 Ltcy   0 TarTheta  +0.00 AccLmt 0.00 VelLmt 0.00 OmgLmt  0.0 mode 3 vel r +0.00 th  +0.00 dri +0.00 stlt 0.00 
cam   +0   +0  0 fps(rx) 0 /   0 / ck :  69 / STOP check 169 vision 0 time     0 VisionX  +0.00 Y  +0.00 theta   +0.0 elt    0 Ltcy   0 TarTheta  +0.00 AccLmt 0.00 VelLmt 0.00 OmgLmt  0.0 mode 3 vel r +0.00 th  +0.00 dri +0.00 stlt 0.00 
cam   +0   +0  0 fps(rx) 0 /   0 / ck :  71 / STOP check 170 vision 0 time     0 VisionX  +0.00 Y  +0.00 theta   +0.0 elt    0 Ltcy   0 TarTheta  +0.00 AccLmt 0.00 VelLmt 0.00 OmgLmt  0.0 mode 3 vel r +0.00 th  +0.00 dri +0.00 stlt 0.00 
cam   +0   +0  0 fps(rx) 0 /   0 / ck :  73 / STOP check 171 vision 0 time     0 VisionX  +0.00 Y  +0.00 theta   +0.0 elt    0 Ltcy   0 TarTheta  +0.00 AccLmt 0.00 VelLmt 0.00 OmgLmt  0.0 mode 3 vel r +0.00 th  +0.00 dri +0.00 stlt 0.00 
cam   +0   +0  0 fps(rx) 0 /   0 / ck :  75 / STOP check 172 vision 0 time     0 VisionX  +0.00 Y  +0.00 theta   +0.0 elt    0 Ltcy   0 TarTheta  +0.00 AccLmt 0.00 VelLmt 0.00 OmgLmt  0.0 mode 3 vel r +0.00 th  +0.00 dri +0.00 stlt 0.00 
cam   +0   +0  0 fps(rx) 0 /   0 / ck :  77 / STOP check 173 vision 0 time     0 VisionX  +0.00 Y  +0.00 theta   +0.0 elt    0 Ltcy   0 TarTheta  +0.00 AccLmt 0.00 VelLmt 0.00 OmgLmt  0.0 mode 3 vel r +0.00 th  +0.00 dri +0.00 stlt 0.00 
cam   +0   +0  0 fps(rx) 0 /   0 / ck :  79 / STOP check 174 vision 0 time     0 VisionX  +0.00 Y  +0.00 theta   +0.0 elt    0 Ltcy   0 TarTheta  +0.00 AccLmt 0.00 VelLmt 0.00 OmgLmt  0.0 mode 3 vel r +0.00 th  +0.00 dri +0.00 stlt 0.00 
cam   +0   +0  0 fps(rx) 0 /   0 / ck :  81 / STOP check 175 vision 0 time     0 VisionX  +0.00 Y  +0.00 theta   +0.0 elt    0 Ltcy   0 TarTheta  +0.00 AccLmt 0.00 VelLmt 0.00 OmgLmt  0.0 mode 3 vel r +0.00 th  +0.00 dri +0.00 stlt 0.00 
cam   +0   +0  0 fps(rx) 0 /   0 / ck :  83 / STOP check 176 vision 0 time     0 VisionX  +0.00 Y  +0.00 theta   +0.0 elt    0 Ltcy   0 TarTheta  +0.00 AccLmt 0.00 VelLmt 0.00 OmgLmt  0.0 mode 3 vel r +0.00 th  +0.00 dri +0.00 stlt 0.00 
cam   +0   +0  0 fps(rx) 0 /   0 / ck :  85 / STOP check 177 vision 0 time     0 VisionX  +0.00 Y  +0.00 theta   +0.0 elt    0 Ltcy   0 TarTheta  +0.00 AccLmt 0.00 VelLmt 0.00 OmgLmt  0.0 mode 3 vel r +0.00 th  +0.00 dri +0.00 stlt 0.00 
cam   +0   +0  0 fps(rx) 0 /   0 / ck :  87 / STOP check 178 vision 0 time     0 VisionX  +0.00 Y  +0.00 theta   +0.0 elt    0 Ltcy   0 TarTheta  +0.00 AccLmt 0.00 VelLmt 0.00 OmgLmt  0.0 mode 3 vel r +0.00 th  +0.00 dri +0.00 stlt 0.00 
cam   +0   +0  0 fps(rx) 0 /   0 / ck :  89 / STOP check 179 vision 0 time     0 VisionX  +0.00 Y  +0.00 theta   +0.0 elt    0 Ltcy   0 TarTheta  +0.00 AccLmt 0.00 VelLmt 0.00 OmgLmt  0.0 mode 3 vel r +0.00 th  +0.00 dri +0.00 stlt 0.00 
cam   +0   +0  0 fps(rx) 0 /   0 / ck :  91 / STOP check 180 vision 0 time     0 VisionX  +0.00 Y  +0.00 theta   +0.0 elt    0 Ltcy   0 TarTheta  +0.00 AccLmt 0.00 VelLmt 0.00 OmgLmt  0.0 mode 3 vel r +0.00 th  +0.00 dri +0.00 stlt 0.00 
cam   +0   +0  0 fps(rx) 0 /   0 / ck :  93 / STOP check 181 vision 0 time     0 VisionX  +0.00 Y  +0.00 theta   +0.0 elt    0 Ltcy   0 TarTheta  +0.00 AccLmt 0.00 VelLmt 0.00 OmgLmt  0.0 mode 3 vel r +0.00 th  +0.00 dri +0.00 stlt 0.00 
cam   +0   +0  0 fps(rx) 0 /   0 / ck :  95 / STOP check 182 vision 0 time     0 VisionX  +0.00 Y  +0.00 theta   +0.0 elt    0 Ltcy   0 TarTheta  +0.00 AccLmt 0.00 VelLmt 0.00 OmgLmt  0.0 mode 3 vel r +0.00 th  +0.00 dri +0.00 stlt 0.00 
cam   +0   +0  0 fps(rx) 0 /   0 / ck :  97 / STOP check 183 vision 0 time     0 VisionX  +0.00 Y  +0.00 theta   +0.0 elt    0 Ltcy   0 TarTheta  +0.00 AccLmt 0.00 VelLmt 0.00 OmgLmt  0.0 mode 3 vel r +0.00 th  +0.00 dri +0.00 stlt 0.00 
cam   +0   +0  0 fps(rx) 0 /   0 / ck :  99 / STOP check 184 vision 0 time     0 VisionX  +0.00 Y  +0.00 theta   +0.0 elt    0 Ltcy   0 TarTheta  +0.00 AccLmt 0.00 VelLmt 0.00 OmgLmt  0.0 mode 3 vel r +0.00 th  +0.00 dri +0.00 stlt 0.00 
cam   +0   +0  0 fps(rx) 0 /   0 / ck : 101 / STOP check 185 vision 0 time     0 VisionX  +0.00 Y  +0.00 theta   +0.0 elt    0 Ltcy   0 TarTheta  +0.00 AccLmt 0.00 VelLmt 0.00 OmgLmt  0.0 mode 3 vel r +0.00 th  +0.00 dri +0.00 stlt 0.00 
cam   +0   +0  0 fps(rx) 0 /   0 / ck : 103 / STOP check 186 vision 0 time     0 VisionX  +0.00 Y  +0.00 theta   +0.0 elt    0 Ltcy   0 TarTheta  +0.00 AccLmt 0.00 VelLmt 0.00 OmgLmt  0.0 mode 3 vel r +0.00 th  +0.00 dri +0.00 stlt 0.00 
cam   +0   +0  0 fps(rx) 0 /   0 / ck : 105 / STOP check 187 vision 0 time     0 VisionX  +0.00 Y  +0.00 theta   +0.0 elt    0 Ltcy   0 TarTheta  +0.00 AccLmt 0.00 VelLmt 0.00 OmgLmt  0.0 mode 3 vel r +0.00 th  +0.00 dri +0.00 stlt 0.00 
cam   +0   +0  0 fps(rx) 0 /   0 / ck : 107 / STOP check 188 vision 0 time     0 VisionX  +0.00 Y  +0.00 theta   +0.0 elt    0 Ltcy   0 TarTheta  +0.00 AccLmt 0.00 VelLmt 0.00 OmgLmt  0.0 mode 3 vel r +0.00 th  +0.00 dri +0.00 stlt 0.00 
cam   +0   +0  0 fps(rx) 0 /   0 / ck : 109 / STOP check 189 vision 0 time     0 VisionX  +0.00 Y  +0.00 theta   +0.0 elt    0 Ltcy   0 TarTheta  +0.00 AccLmt 0.00 VelLmt 0.00 OmgLmt  0.0 mode 3 vel r +0.00 th  +0.00 dri +0.00 stlt 0.00 
cam   +0   +0  0 fps(rx) 0 /   0 / ck : 111 / STOP check 190 vision 0 time     0 VisionX  +0.00 Y  +0.00 theta   +0.0 elt    0 Ltcy   0 TarTheta  +0.00 AccLmt 0.00 VelLmt 0.00 OmgLmt  0.0 mode 3 vel r +0.00 th  +0.00 dri +0.00 stlt 0.00 
cam   +0   +0  0 fps(rx) 0 /   0 / ck : 113 / STOP check 191 vision 0 time     0 VisionX  +0.00 Y  +0.00 theta   +0.0 elt    0 Ltcy   0 TarTheta  +0.00 AccLmt 0.00 VelLmt 0.00 OmgLmt  0.0 mode 3 vel r +0.00 th  +0.00 dri +0.00 stlt 0.00 
cam   +0   +0  0 fps(rx) 0 /   0 / ck : 115 / STOP check 192 vision 0 time     0 VisionX  +0.00 Y  +0.00 theta   +0.0 elt    0 Ltcy   0 TarTheta  +0.00 AccLmt 0.00 VelLmt 0.00 OmgLmt  0.0 mode 3 vel r +0.00 th  +0.00 dri +0.00 stlt 0.00 
cam   +0   +0  0 fps(rx) 0 /   0 / ck : 117 / STOP check 193 vision 0 time     0 VisionX  +0.00 Y  +0.00 theta   +0.0 elt    0 Ltcy   0 TarTheta  +0.00 AccLmt 0.00 VelLmt 0.00 OmgLmt  0.0 mode 3 vel r +0.00 th  +0.00 dri +0.00 stlt 0.00 
cam   +0   +0  0 fps(rx) 0 /   0 / ck : 119 / STOP check 194 vision 0 time     0 VisionX  +0.00 Y  +0.00 theta   +0.0 elt    0 Ltcy   0 TarTheta  +0.00 AccLmt 0.00 VelLmt 0.00 OmgLmt  0.0 mode 3 vel r +0.00 th  +0.00 dri +0.00 stlt 0.00 
cam   +0   +0  0 fps(rx) 0 /   0 / ck : 121 / STOP check 195 vision 0 time     0 VisionX  +0.00 Y  +0.00 theta   +0.0 elt    0 Ltcy   0 TarTheta  +0.00 AccLmt 0.00 VelLmt 0.00 OmgLmt  0.0 mode 3 vel r +0.00 th  +0.00 dri +0.00 stlt 0.00 
cam   +0   +0  0 fps(rx) 0 /   0 / ck : 123 / STOP check 196 vision 0 time     0 VisionX  +0.00 Y  +0.00 theta   +0.0 elt    0 Ltcy   0 TarTheta  +0.00 AccLmt 0.00 VelLmt 0.00 OmgLmt  0.0 mode 3 vel r +0.00 th  +0.00 dri +0.00 stlt 0.00 
cam   +0   +0  0 fps(rx) 0 /   0 / ck : 125 / STOP check 197 vision 0 time     0 VisionX  +0.00 Y  +0.00 theta   +0.0 elt    0 Ltcy   0 TarTheta  +0.00 AccLmt 0.00 VelLmt 0.00 OmgLmt  0.0 mode 3 vel r +0.00 th  +0.00 dri +0.00 stlt 0.00 
cam   +0   +0  0 fps(rx) 0 /   0 / ck : 127 / STOP check 198 vision 0 time     0 VisionX  +0.00 Y  +0.00 theta   +0.0 elt    0 Ltcy   0 TarTheta  +0.00 AccLmt 0.00 VelLmt 0.00 OmgLmt  0.0 mode 3 vel r +0.00 th  +0.00 dri +0.00 stlt 0.00 
cam   +0   +0  0 fps(rx) 0 /   0 / ck : 129 / STOP check 199 vision 0 time     0 VisionX  +0.00 Y  +0.00 theta   +0.0 elt    0 Ltcy   0 TarTheta  +0.00 AccLmt 0.00 VelLmt 0.00 OmgLmt  0.0 mode 3 vel r +0.00 th  +0.00 dri +0.00 stlt 0.00 
cam   +0   +0  0 fps(rx) 0 /   0 / ck : 131 / STOP check 200 vision 0 time     0 VisionX  +0.00 Y  +0.00 theta   +0.0 elt    0 Ltcy   0 TarTheta  +0.00 AccLmt 0.00 VelLmt 0.00 OmgLmt  0.0 mode 3 vel r +0.00 th  +0.00 dri +0.00 stlt 0.00 
cam   +0   +0  0 fps(rx) 0 /   0 / ck : 188 / STOP check   0 vision 0 time     0 VisionX  +0.00 Y  +0.00 theta   +0.0 elt    0 Ltcy   0 TarTheta  +0.00 AccLmt 0.00 VelLmt 0.00 OmgLmt  0.0 mode 3 vel r +0.00 th  +0.00 dri +0.00 stlt 0.00 
cam   +0   +0  0 fps(rx) 0 /   0 / ck : 190 / STOP check   1 vision 0 time     0 VisionX  +0.00 Y  +0.00 theta   +0.0 elt    0 Ltcy   0 TarTheta  +0.00 AccLmt 0.00 VelLmt 0.00 OmgLmt  0.0 mode 3 vel r +0.00 th  +0.00 dri +0.00 stlt 0.00 
cam   +0   +0  0 fps(rx) 0 /   0 / ck : 192 / STOP check   2 vision 0 time     0 VisionX  +0.00 Y  +0.00 theta   +0.0 elt    0 Ltcy   0 TarTheta  +0.00 AccLmt 0.00 VelLmt 0.00 OmgLmt  0.0 mode 3 vel r +0.00 th  +0.00 dri +0.00 stlt 0.00 
cam   +0   +0  0 fps(rx) 0 /   0 / ck : 194 / STOP check   3 vision 0 time     0 VisionX  +0.00 Y  +0.00 theta   +0.0 elt    0 Ltcy   0 TarTheta  +0.00 AccLmt 0.00 VelLmt 0.00 OmgLmt  0.0 mode 3 vel r +0.00 th  +0.00 dri +0.00 stlt 0.00 
cam   +0   +0  0 fps(rx) 0 /   0 / ck : 196 / STOP check   4 vision 0 time     0 VisionX  +0.00 Y  +0.00 theta   +0.0 elt    0 Ltcy   0 TarTheta  +0.00 AccLmt 0.00 VelLmt 0.00 OmgLmt  0.0 mode 3 vel r +0.00 th  +0.00 dri +0.00 stlt 0.00 
cam   +0   +0  0 fps(rx) 0 /   0 / ck : 198 / STOP check   5 vision 0 time     0 VisionX  +0.00 Y  +0.00 theta   +0.0 elt    0 Ltcy   0 TarTheta  +0.00 AccLmt 0.00 VelLmt 0.00 OmgLmt  0.0 mode 3 vel r +0.00 th  +0.00 dri +0.00 stlt 0.00 
cam   +0   +0  0 fps(rx) 0 /   0 / ck : 200 / STOP check   6 vision 0 time     0 VisionX  +0.00 Y  +0.00 theta   +0.0 elt    0 Ltcy   0 TarTheta  +0.00 AccLmt 0.00 VelLmt 0.00 OmgLmt  0.0 mode 3 vel r +0.00 th  +0.00 dri +0.00 stlt 0.00 
cam   +0   +0  0 fps(rx) 0 /   0 / ck : 202 / STOP check   7 vision 0 time     0 VisionX  +0.00 Y  +0.00 theta   +0.0 elt    0 Ltcy   0 TarTheta  +0.00 AccLmt 0.00 VelLmt 0.00 OmgLmt  0.0 mode 3 vel r +0.00 th  +0.00 dri +0.00 stlt 0.00 
cam   +0   +0  0 fps(rx) 0 /   0 / ck : 204 / STOP check   8 vision 0 time     0 VisionX  +0.00 Y  +0.00 theta   +0.0 elt    0 Ltcy   0 TarTheta  +0.00 AccLmt 0.00 VelLmt 0.00 OmgLmt  0.0 mode 3 vel r +0.00 th  +0.00 dri +0.00 stlt 0.00 
cam   +0   +0  0 fps(rx) 0 /   0 / ck : 206 / STOP check   9 vision 0 time     0 VisionX  +0.00 Y  +0.00 theta   +0.0 elt    0 Ltcy   0 TarTheta  +0.00 AccLmt 0.00 VelLmt 0.00 OmgLmt  0.0 mode 3 vel r +0.00 th  +0.00 dri +0.00 stlt 0.00 
cam   +0   +0  0 fps(rx) 0 /   0 / ck : 208 / STOP check  10 vision 0 time     0 VisionX  +0.00 Y  +0.00 theta   +0.0 elt    0 Ltcy   0 TarTheta  +0.00 AccLmt 0.00 VelLmt 0.00 OmgLmt  0.0 mode 3 vel r +0.00 th  +0.00 dri +0.00 stlt 0.00 
cam   +0   +0  0 fps(rx) 0 /   0 / ck : 210 / STOP check  11 vision 0 time     0 VisionX  +0.00 Y  +0.00 theta   +0.0 elt    0 Ltcy   0 TarTheta  +0.00 AccLmt 0.00 VelLmt 0.00 OmgLmt  0.0 mode 3 vel r +0.00 th  +0.00 dri +0.00 stlt 0.00 
cam   +0   +0  0 fps(rx) 0 /   0 / ck : 212 / STOP check  12 vision 0 time     0 VisionX  +0.00 Y  +0.00 theta   +0.0 elt    0 Ltcy   0 TarTheta  +0.00 AccLmt 0.00 VelLmt 0.00 OmgLmt  0.0 mode 3 vel r +0.00 th  +0.00 dri +0.00 stlt 0.00 
cam   +0   +0  0 fps(rx) 0 /   0 / ck : 214 / STOP check  13 vision 0 time     0 VisionX  +0.00 Y  +0.00 theta   +0.0 elt    0 Ltcy   0 TarTheta  +0.00 AccLmt 0.00 VelLmt 0.00 OmgLmt  0.0 mode 3 vel r +0.00 th  +0.00 dri +0.00 stlt 0.00 
cam   +0   +0  0 fps(rx) 0 /   0 / ck : 216 / STOP check  14 vision 0 time     0 VisionX  +0.00 Y  +0.00 theta   +0.0 elt    0 Ltcy   0 TarTheta  +0.00 AccLmt 0.00 VelLmt 0.00 OmgLmt  0.0 mode 3 vel r +0.00 th  +0.00 dri +0.00 stlt 0.00 
cam   +0   +0  0 fps(rx) 0 /   0 / ck : 218 / STOP check  15 vision 0 time     0 VisionX  +0.00 Y  +0.00 theta   +0.0 elt    0 Ltcy   0 TarTheta  +0.00 AccLmt 0.00 VelLmt 0.00 OmgLmt  0.0 mode 3 vel r +0.00 th  +0.00 dri +0.00 stlt 0.00 
cam   +0   +0  0 fps(rx) 0 /   0 / ck : 220 / STOP check  16 vision 0 time     0 VisionX  +0.00 Y  +0.00 theta   +0.0 elt    0 Ltcy   0 TarTheta  +0.00 AccLmt 0.00 VelLmt 0.00 OmgLmt  0.0 mode 3 vel r +0.00 th  +0.00 dri +0.00 stlt 0.00 
cam   +0   +0  0 fps(rx) 0 /   0 / ck : 222 / STOP check  17 vision 0 time     0 VisionX  +0.00 Y  +0.00 theta   +0.0 elt    0 Ltcy   0 TarTheta  +0.00 AccLmt 0.00 VelLmt 0.00 OmgLmt  0.0 mode 3 vel r +0.00 th  +0.00 dri +0.00 stlt 0.00 
cam   +0   +0  0 fps(rx) 0 /   0 / ck : 224 / STOP check  18 vision 0 time     0 VisionX  +0.00 Y  +0.00 theta   +0.0 elt    0 Ltcy   0 TarTheta  +0.00 AccLmt 0.00 VelLmt 0.00 OmgLmt  0.0 mode 3 vel r +0.00 th  +0.00 dri +0.00 stlt 0.00 
cam   +0   +0  0 fps(rx) 0 /   0 / ck : 226 / STOP check  19 vision 0 time     0 VisionX  +0.00 Y  +0.00 theta   +0.0 elt    0 Ltcy   0 TarTheta  +0.00 AccLmt 0.00 VelLmt 0.00 OmgLmt  0.0 mode 3 vel r +0.00 th  +0.00 dri +0.00 stlt 0.00 
cam   +0   +0  0 fps(rx) 0 /   0 / ck : 228 / STOP check  20 vision 0 time     0 VisionX  +0.00 Y  +0.00 theta   +0.0 elt    0 Ltcy   0 TarTheta  +0.00 AccLmt 0.00 VelLmt 0.00 OmgLmt  0.0 mode 3 vel r +0.00 th  +0.00 dri +0.00 stlt 0.00 
cam   +0   +0  0 fps(rx) 0 /   0 / ck : 230 / STOP check  21 vision 0 time     0 VisionX  +0.00 Y  +0.00 theta   +0.0 elt    0 Ltcy   0 TarTheta  +0.00 AccLmt 0.00 VelLmt 0.00 OmgLmt  0.0 mode 3 vel r +0.00 th  +0.00 dri +0.00 stlt 0.00 
cam   +0   +0  0 fps(rx) 0 /   0 / ck : 232 / STOP check  22 vision 0 time     0 VisionX  +0.00 Y  +0.00 theta   +0.0 elt    0 Ltcy   0 TarTheta  +0.00 AccLmt 0.00 VelLmt 0.00 OmgLmt  0.0 mode 3 vel r +0.00 th  +0.00 dri +0.00 stlt 0.00 
cam   +0   +0  0 fps(rx) 0 /   0 / ck : 234 / STOP check  23 vision 0 time     0 VisionX  +0.00 Y  +0.00 theta   +0.0 elt    0 Ltcy   0 TarTheta  +0.00 AccLmt 0.00 VelLmt 0.00 OmgLmt  0.0 mode 3 vel r +0.00 th  +0.00 dri +0.00 stlt 0.00 
cam   +0   +0  0 fps(rx) 0 /   0 / ck : 236 / STOP check  24 vision 0 time     0 VisionX  +0.00 Y  +0.00 theta   +0.0 elt    0 Ltcy   0 TarTheta  +0.00 AccLmt 0.00 VelLmt 0.00 OmgLmt  0.0 mode 3 vel r +0.00 th  +0.00 dri +0.00 stlt 0.00 
cam   +0   +0  0 fps(rx) 0 /   0 / ck : 238 / STOP check  25 vision 0 time     0 VisionX  +0.00 Y  +0.00 theta   +0.0 elt    0 Ltcy   0 TarTheta  +0.00 AccLmt 0.00 VelLmt 0.00 OmgLmt  0.0 mode 3 vel r +0.00 th  +0.00 dri +0.00 stlt 0.00 
cam   +0   +0  0 fps(rx) 0 /   0 / ck : 240 / STOP check  26 vision 0 time     0 VisionX  +0.00 Y  +0.00 theta   +0.0 elt    0 Ltcy   0 TarTheta  +0.00 AccLmt 0.00 VelLmt 0.00 OmgLmt  0.0 mode 3 vel r +0.00 th  +0.00 dri +0.00 stlt 0.00 
cam   +0   +0  0 fps(rx) 0 /   0 / ck : 242 / STOP check  27 vision 0 time     0 VisionX  +0.00 Y  +0.00 theta   +0.0 elt    0 Ltcy   0 TarTheta  +0.00 AccLmt 0.00 VelLmt 0.00 OmgLmt  0.0 mode 3 vel r +0.00 th  +0.00 dri +0.00 stlt 0.00 
cam   +0   +0  0 fps(rx) 0 /   0 / ck : 244 / STOP check  28 vision 0 time     0 VisionX  +0.00 Y  +0.00 theta   +0.0 elt    0 Ltcy   0 TarTheta  +0.00 AccLmt 0.00 VelLmt 0.00 OmgLmt  0.0 mode 3 vel r +0.00 th  +0.00 dri +0.00 stlt 0.00 
cam   +0   +0  0 fps(rx) 0 /   0 / ck : 246 / STOP check  29 vision 0 time     0 VisionX  +0.00 Y  +0.00 theta   +0.0 elt    0 Ltcy   0 TarTheta  +0.00 AccLmt 0.00 VelLmt 0.00 OmgLmt  0.0 mode 3 vel r +0.00 th  +0.00 dri +0.00 stlt 0.00 
cam   +0   +0  0 fps(rx) 0 /   0 / ck : 248 / STOP check  30 vision 0 time     0 VisionX  +0.00 Y  +0.00 theta   +0.0 elt    0 Ltcy   0 TarTheta  +0.00 AccLmt 0.00 VelLmt 0.00 OmgLmt  0.0 mode 3 vel r +0.00 th  +0.00 dri +0.00 stlt 0.00 
cam   +0   +0  0 fps(rx) 0 /   0 / ck : 250 / STOP check  31 vision 0 time     0 VisionX  +0.00 Y  +0.00 theta   +0.0 elt    0 Ltcy   0 TarTheta  +0.00 AccLmt 0.00 VelLmt 0.00 OmgLmt  0.0 mode 3 vel r +0.00 th  +0.00 dri +0.00 stlt 0.00 
cam   +0   +0  0 fps(rx) 0 /   0 / ck : 252 / STOP check  32 vision 0 time     0 VisionX  +0.00 Y  +0.00 theta   +0.0 elt    0 Ltcy   0 TarTheta  +0.00 AccLmt 0.00 VelLmt 0.00 OmgLmt  0.0 mode 3 vel r +0.00 th  +0.00 dri +0.00 stlt 0.00 
cam   +0   +0  0 fps(rx) 0 /   0 / ck : 254 / STOP check  33 vision 0 time     0 VisionX  +0.00 Y  +0.00 theta   +0.0 elt    0 Ltcy   0 TarTheta  +0.00 AccLmt 0.00 VelLmt 0.00 OmgLmt  0.0 mode 3 vel r +0.00 th  +0.00 dri +0.00 stlt 0.00 
cam   +0   +0  0 fps(rx) 0 /   0 / ck :   0 / STOP check  34 vision 0 time     0 VisionX  +0.00 Y  +0.00 theta   +0.0 elt    0 Ltcy   0 TarTheta  +0.00 AccLmt 0.00 VelLmt 0.00 OmgLmt  0.0 mode 3 vel r +0.00 th  +0.00 dri +0.00 stlt 0.00 
cam   +0   +0  0 fps(rx) 0 /   0 / ck :   2 / STOP check  35 vision 0 time     0 VisionX  +0.00 Y  +0.00 theta   +0.0 elt    0 Ltcy   0 TarTheta  +0.00 AccLmt 0.00 VelLmt 0.00 OmgLmt  0.0 mode 3 vel r +0.00 th  +0.00 dri +0.00 stlt 0.00 
cam   +0   +0  0 fps(rx) 0 /   0 / ck :   4 / STOP check  36 vision 0 time     0 VisionX  +0.00 Y  +0.00 theta   +0.0 elt    0 Ltcy   0 TarTheta  +0.00 AccLmt 0.00 VelLmt 0.00 OmgLmt  0.0 mode 3 vel r +0.00 th  +0.00 dri +0.00 stlt 0.00 
cam   +0   +0  0 fps(rx) 0 /   0 / ck :   6 / STOP check  37 vision 0 time     0 VisionX  +0.00 Y  +0.00 theta   +0.0 elt    0 Ltcy   0 TarTheta  +0.00 AccLmt 0.00 VelLmt 0.00 OmgLmt  0.0 mode 3 vel r +0.00 th  +0.00 dri +0.00 stlt 0.00 
cam   +0   +0  0 fps(rx) 0 /   0 / ck :   8 / STOP check  38 vision 0 time     0 VisionX  +0.00 Y  +0.00 theta   +0.0 elt    0 Ltcy   0 TarTheta  +0.00 AccLmt 0.00 VelLmt 0.00 OmgLmt  0.0 mode 3 vel r +0.00 th  +0.00 dri +0.00 stlt 0.00 
cam   +0   +0  0 fps(rx) 0 /   0 / ck :  10 / STOP check  39 vision 0 time     0 VisionX  +0.00 Y  +0.00 theta   +0.0 elt    0 Ltcy   0 TarTheta  +0.00 AccLmt 0.00 VelLmt 0.00 OmgLmt  0.0 mode 3 vel r +0.00 th  +0.00 dri +0.00 stlt 0.00 
cam   +0   +0  0 fps(rx) 0 /   0 / ck :  12 / STOP check  40 vision 0 time     0 VisionX  +0.00 Y  +0.00 theta   +0.0 elt    0 Ltcy   0 TarTheta  +0.00 AccLmt 0.00 VelLmt 0.00 OmgLmt  0.0 mode 3 vel r +0.00 th  +0.00 dri +0.00 stlt 0.00 
cam   +0   +0  0 fps(rx) 0 /   0 / ck :  14 / STOP check  41 vision 0 time     0 VisionX  +0.00 Y  +0.00 theta   +0.0 elt    0 Ltcy   0 TarTheta  +0.00 AccLmt 0.00 VelLmt 0.00 OmgLmt  0.0 mode 3 vel r +0.00 th  +0.00 dri +0.00 stlt 0.00 
cam   +0   +0  0 fps(rx) 0 /   0 / ck :  16 / STOP check  42 vision 0 time     0 VisionX  +0.00 Y  +0.00 theta   +0.0 elt    0 Ltcy   0 TarTheta  +0.00 AccLmt 0.00 VelLmt 0.00 OmgLmt  0.0 mode 3 vel r +0.00 th  +0.00 dri +0.00 stlt 0.00 
cam   +0   +0  0 fps(rx) 0 /   0 / ck :  18 / STOP check  43 vision 0 time     0 VisionX  +0.00 Y  +0.00 theta   +0.0 elt    0 Ltcy   0 TarTheta  +0.00 AccLmt 0.00 VelLmt 0.00 OmgLmt  0.0 mode 3 vel r +0.00 th  +0.00 dri +0.00 stlt 0.00 
cam   +0   +0  0 fps(rx) 0 /   0 / ck :  20 / STOP check  44 vision 0 time     0 VisionX  +0.00 Y  +0.00 theta   +0.0 elt    0 Ltcy   0 TarTheta  +0.00 AccLmt 0.00 VelLmt 0.00 OmgLmt  0.0 mode 3 vel r +0.00 th  +0.00 dri +0.00 stlt 0.00 
cam   +0   +0  0 fps(rx) 0 /   0 / ck :  22 / STOP check  45 vision 0 time     0 VisionX  +0.00 Y  +0.00 theta   +0.0 elt    0 Ltcy   0 TarTheta  +0.00 AccLmt 0.00 VelLmt 0.00 OmgLmt  0.0 mode 3 vel r +0.00 th  +0.00 dri +0.00 stlt 0.00 
cam   +0   +0  0 fps(rx) 0 /   0 / ck :  24 / STOP check  46 vision 0 time     0 VisionX  +0.00 Y  +0.00 theta   +0.0 elt    0 Ltcy   0 TarTheta  +0.00 AccLmt 0.00 VelLmt 0.00 OmgLmt  0.0 mode 3 vel r +0.00 th  +0.00 dri +0.00 stlt 0.00 
cam   +0   +0  0 fps(rx) 0 /   0 / ck :  26 / STOP check  47 vision 0 time     0 VisionX  +0.00 Y  +0.00 theta   +0.0 elt    0 Ltcy   0 TarTheta  +0.00 AccLmt 0.00 VelLmt 0.00 OmgLmt  0.0 mode 3 vel r +0.00 th  +0.00 dri +0.00 stlt 0.00 
cam   +0   +0  0 fps(rx) 0 /   0 / ck :  28 / STOP check  48 vision 0 time     0 VisionX  +0.00 Y  +0.00 theta   +0.0 elt    0 Ltcy   0 TarTheta  +0.00 AccLmt 0.00 VelLmt 0.00 OmgLmt  0.0 mode 3 vel r +0.00 th  +0.00 dri +0.00 stlt 0.00 
cam   +0   +0  0 fps(rx) 0 /   0 / ck :  30 / STOP check  49 vision 0 time     0 VisionX  +0.00 Y  +0.00 theta   +0.0 elt    0 Ltcy   0 TarTheta  +0.00 AccLmt 0.00 VelLmt 0.00 OmgLmt  0.0 mode 3 vel r +0.00 th  +0.00 dri +0.00 stlt 0.00 
cam   +0   +0  0 fps(rx) 0 /   0 / ck :  32 / STOP check  50 vision 0 time     0 VisionX  +0.00 Y  +0.00 theta   +0.0 elt    0 Ltcy   0 TarTheta  +0.00 AccLmt 0.00 VelLmt 0.00 OmgLmt  0.0 mode 3 vel r +0.00 th  +0.00 dri +0.00 stlt 0.00 
cam   +0   +0  0 fps(rx) 0 /   0 / ck :  34 / STOP check  51 vision 0 time     0 VisionX  +0.00 Y  +0.00 theta   +0.0 elt    0 Ltcy   0 TarTheta  +0.00 AccLmt 0.00 VelLmt 0.00 OmgLmt  0.0 mode 3 vel r +0.00 th  +0.00 dri +0.00 stlt 0.00 
cam   +0   +0  0 fps(rx) 0 /   0 / ck :  36 / STOP check  52 vision 0 time     0 VisionX  +0.00 Y  +0.00 theta   +0.0 elt    0 Ltcy   0 TarTheta  +0.00 AccLmt 0.00 VelLmt 0.00 OmgLmt  0.0 mode 3 vel r +0.00 th  +0.00 dri +0.00 stlt 0.00 
cam   +0   +0  0 fps(rx) 0 /   0 / ck :  38 / STOP check  53 vision 0 time     0 VisionX  +0.00 Y  +0.00 theta   +0.0 elt    0 Ltcy   0 TarTheta  +0.00 AccLmt 0.00 VelLmt 0.00 OmgLmt  0.0 mode 3 vel r +0.00 th  +0.00 dri +0.00 stlt 0.00 
cam   +0   +0  0 fps(rx) 0 /   0 / ck :  40 / STOP check  54 vision 0 time     0 VisionX  +0.00 Y  +0.00 theta   +0.0 elt    0 Ltcy   0 TarTheta  +0.00 AccLmt 0.00 VelLmt 0.00 OmgLmt  0.0 mode 3 vel r +0.00 th  +0.00 dri +0.00 stlt 0.00 
cam   +0   +0  0 fps(rx) 0 /   0 / ck :  42 / STOP check  55 vision 0 time     0 VisionX  +0.00 Y  +0.00 theta   +0.0 elt    0 Ltcy   0 TarTheta  +0.00 AccLmt 0.00 VelLmt 0.00 OmgLmt  0.0 mode 3 vel r +0.00 th  +0.00 dri +0.00 stlt 0.00 
cam   +0   +0  0 fps(rx) 0 /   0 / ck :  44 / STOP check  56 vision 0 time     0 VisionX  +0.00 Y  +0.00 theta   +0.0 elt    0 Ltcy   0 TarTheta  +0.00 AccLmt 0.00 VelLmt 0.00 OmgLmt  0.0 mode 3 vel r +0.00 th  +0.00 dri +0.00 stlt 0.00 
cam   +0   +0  0 fps(rx) 0 /   0 / ck :  46 / STOP check  57 vision 0 time     0 VisionX  +0.00 Y  +0.00 theta   +0.0 elt    0 Ltcy   0 TarTheta  +0.00 AccLmt 0.00 VelLmt 0.00 OmgLmt  0.0 mode 3 vel r +0.00 th  +0.00 dri +0.00 stlt 0.00 
cam   +0   +0  0 fps(rx) 0 /   0 / ck :  48 / STOP check  58 vision 0 time     0 VisionX  +0.00 Y  +0.00 theta   +0.0 elt    0 Ltcy   0 TarTheta  +0.00 AccLmt 0.00 VelLmt 0.00 OmgLmt  0.0 mode 3 vel r +0.00 th  +0.00 dri +0.00 stlt 0.00 
cam   +0   +0  0 fps(rx) 0 /   0 / ck :  50 / STOP check  59 vision 0 time     0 VisionX  +0.00 Y  +0.00 theta   +0.0 elt    0 Ltcy   0 TarTheta  +0.00 AccLmt 0.00 VelLmt 0.00 OmgLmt  0.0 mode 3 vel r +0.00 th  +0.00 dri +0.00 stlt 0.00 
cam   +0   +0  0 fps(rx) 0 /   0 / ck :  52 / STOP check  60 vision 0 time     0 VisionX  +0.00 Y  +0.00 theta   +0.0 elt    0 Ltcy   0 TarTheta  +0.00 AccLmt 0.00 VelLmt 0.00 OmgLmt  0.0 mode 3 vel r +0.00 th  +0.00 dri +0.00 stlt 0.00 
cam   +0   +0  0 fps(rx) 0 /   0 / ck :  54 / STOP check  61 vision 0 time     0 VisionX  +0.00 Y  +0.00 theta   +0.0 elt    0 Ltcy   0 TarTheta  +0.00 AccLmt 0.00 VelLmt 0.00 OmgLmt  0.0 mode 3 vel r +0.00 th  +0.00 dri +0.00 stlt 0.00 
cam   +0   +0  0 fps(rx) 0 /   0 / ck :  56 / STOP check  62 vision 0 time     0 VisionX  +0.00 Y  +0.00 theta   +0.0 elt    0 Ltcy   0 TarTheta  +0.00 AccLmt 0.00 VelLmt 0.00 OmgLmt  0.0 mode 3 vel r +0.00 th  +0.00 dri +0.00 stlt 0.00 
cam   +0   +0  0 fps(rx) 0 /   0 / ck :  58 / STOP check  63 vision 0 time     0 VisionX  +0.00 Y  +0.00 theta   +0.0 elt    0 Ltcy   0 TarTheta  +0.00 AccLmt 0.00 VelLmt 0.00 OmgLmt  0.0 mode 3 vel r +0.00 th  +0.00 dri +0.00 stlt 0.00 
cam   +0   +0  0 fps(rx) 0 /   0 / ck :  60 / STOP check  64 vision 0 time     0 VisionX  +0.00 Y  +0.00 theta   +0.0 elt    0 Ltcy   0 TarTheta  +0.00 AccLmt 0.00 VelLmt 0.00 OmgLmt  0.0 mode 3 vel r +0.00 th  +0.00 dri +0.00 stlt 0.00 
cam   +0   +0  0 fps(rx) 0 /   0 / ck :  62 / STOP check  65 vision 0 time     0 VisionX  +0.00 Y  +0.00 theta   +0.0 elt    0 Ltcy   0 TarTheta  +0.00 AccLmt 0.00 VelLmt 0.00 OmgLmt  0.0 mode 3 vel r +0.00 th  +0.00 dri +0.00 stlt 0.00 
cam   +0   +0  0 fps(rx) 0 /   0 / ck :  64 / STOP check  66 vision 0 time     0 VisionX  +0.00 Y  +0.00 theta   +0.0 elt    0 Ltcy   0 TarTheta  +0.00 AccLmt 0.00 VelLmt 0.00 OmgLmt  0.0 mode 3 vel r +0.00 th  +0.00 dri +0.00 stlt 0.00 
cam   +0   +0  0 fps(rx) 0 /   0 / ck :  66 / STOP check  67 vision 0 time     0 VisionX  +0.00 Y  +0.00 theta   +0.0 elt    0 Ltcy   0 TarTheta  +0.00 AccLmt 0.00 VelLmt 0.00 OmgLmt  0.0 mode 3 vel r +0.00 th  +0.00 dri +0.00 stlt 0.00 
cam   +0   +0  0 fps(rx) 0 /   0 / ck :  68 / STOP check  68 vision 0 time     0 VisionX  +0.00 Y  +0.00 theta   +0.0 elt    0 Ltcy   0 TarTheta  +0.00 AccLmt 0.00 VelLmt 0.00 OmgLmt  0.0 mode 3 vel r +0.00 th  +0.00 dri +0.00 stlt 0.00 
cam   +0   +0  0 fps(rx) 0 /   0 / ck :  70 / STOP check  69 vision 0 time     0 VisionX  +0.00 Y  +0.00 theta   +0.0 elt    0 Ltcy   0 TarTheta  +0.00 AccLmt 0.00 VelLmt 0.00 OmgLmt  0.0 mode 3 vel r +0.00 th  +0.00 dri +0.00 stlt 0.00 
cam   +0   +0  0 fps(rx) 0 /   0 / ck :  72 / STOP check  70 vision 0 time     0 VisionX  +0.00 Y  +0.00 theta   +0.0 elt    0 Ltcy   0 TarTheta  +0.00 AccLmt 0.00 VelLmt 0.00 OmgLmt  0.0 mode 3 vel r +0.00 th  +0.00 dri +0.00 stlt 0.00 
cam   +0   +0  0 fps(rx) 0 /   0 / ck :  74 / STOP check  71 vision 0 time     0 VisionX  +0.00 Y  +0.00 theta   +0.0 elt    0 Ltcy   0 TarTheta  +0.00 AccLmt 0.00 VelLmt 0.00 OmgLmt  0.0 mode 3 vel r +0.00 th  +0.00 dri +0.00 stlt 0.00 
cam   +0   +0  0 fps(rx) 0 /   0 / ck :  76 / STOP check  72 vision 0 time     0 VisionX  +0.00 Y  +0.00 theta   +0.0 elt    0 Ltcy   0 TarTheta  +0.00 AccLmt 0.00 VelLmt 0.00 OmgLmt  0.0 mode 3 vel r +0.00 th  +0.00 dri +0.00 stlt 0.00 
cam   +0   +0  0 fps(rx) 0 /   0 / ck :  78 / STOP check  73 vision 0 time     0 VisionX  +0.00 Y  +0.00 theta   +0.0 elt    0 Ltcy   0 TarTheta  +0.00 AccLmt 0.00 VelLmt 0.00 OmgLmt  0.0 mode 3 vel r +0.00 th  +0.00 dri +0.00 stlt 0.00 
cam   +0   +0  0 fps(rx) 0 /   0 / ck :  80 / STOP check  74 vision 0 time     0 VisionX  +0.00 Y  +0.00 theta   +0.0 elt    0 Ltcy   0 TarTheta  +0.00 AccLmt 0.00 VelLmt 0.00 OmgLmt  0.0 mode 3 vel r +0.00 th  +0.00 dri +0.00 stlt 0.00 
cam   +0   +0  0 fps(rx) 0 /   0 / ck :  82 / STOP check  75 vision 0 time     0 VisionX  +0.00 Y  +0.00 theta   +0.0 elt    0 Ltcy   0 TarTheta  +0.00 AccLmt 0.00 VelLmt 0.00 OmgLmt  0.0 mode 3 vel r +0.00 th  +0.00 dri +0.00 stlt 0.00 
cam   +0   +0  0 fps(rx) 0 /   0 / ck :  84 / STOP check  76 vision 0 time     0 VisionX  +0.00 Y  +0.00 theta   +0.0 elt    0 Ltcy   0 TarTheta  +0.00 AccLmt 0.00 VelLmt 0.00 OmgLmt  0.0 mode 3 vel r +0.00 th  +0.00 dri +0.00 stlt 0.00 
cam   +0   +0  0 fps(rx) 0 /   0 / ck :  86 / STOP check  77 vision 0 time     0 VisionX  +0.00 Y  +0.00 theta   +0.0 elt    0 Ltcy   0 TarTheta  +0.00 AccLmt 0.00 VelLmt 0.00 OmgLmt  0.0 mode 3 vel r +0.00 th  +0.00 dri +0.00 stlt 0.00 
cam   +0   +0  0 fps(rx) 0 /   0 / ck :  88 / STOP check  78 vision 0 time     0 VisionX  +0.00 Y  +0.00 theta   +0.0 elt    0 Ltcy   0 TarTheta  +0.00 AccLmt 0.00 VelLmt 0.00 OmgLmt  0.0 mode 3 vel r +0.00 th  +0.00 dri +0.00 stlt 0.00 
cam   +0   +0  0 fps(rx) 0 /   0 / ck :  90 / STOP check  79 vision 0 time     0 VisionX  +0.00 Y  +0.00 theta   +0.0 elt    0 Ltcy   0 TarTheta  +0.00 AccLmt 0.00 VelLmt 0.00 OmgLmt  0.0 mode 3 vel r +0.00 th  +0.00 dri +0.00 stlt 0.00 
cam   +0   +0  0 fps(rx) 0 /   0 / ck :  92 / STOP check  80 vision 0 time     0 VisionX  +0.00 Y  +0.00 theta   +0.0 elt    0 Ltcy   0 TarTheta  +0.00 AccLmt 0.00 VelLmt 0.00 OmgLmt  0.0 mode 3 vel r +0.00 th  +0.00 dri +0.00 stlt 0.00 
cam   +0   +0  0 fps(rx) 0 /   0 / ck :  94 / STOP check  81 vision 0 time     0 VisionX  +0.00 Y  +0.00 theta   +0.0 elt    0 Ltcy   0 TarTheta  +0.00 AccLmt 0.00 VelLmt 0.00 OmgLmt  0.0 mode 3 vel r +0.00 th  +0.00 dri +0.00 stlt 0.00 
cam   +0   +0  0 fps(rx) 0 /   0 / ck :  96 / STOP check  82 vision 0 time     0 VisionX  +0.00 Y  +0.00 theta   +0.0 elt    0 Ltcy   0 TarTheta  +0.00 AccLmt 0.00 VelLmt 0.00 OmgLmt  0.0 mode 3 vel r +0.00 th  +0.00 dri +0.00 stlt 0.00 
cam   +0   +0  0 fps(rx) 0 /   0 / ck :  98 / STOP check  83 vision 0 time     0 VisionX  +0.00 Y  +0.00 theta   +0.0 elt    0 Ltcy   0 TarTheta  +0.00 AccLmt 0.00 VelLmt 0.00 OmgLmt  0.0 mode 3 vel r +0.00 th  +0.00 dri +0.00 stlt 0.00 
cam   +0   +0  0 fps(rx) 0 /   0 / ck : 100 / STOP check  84 vision 0 time     0 VisionX  +0.00 Y  +0.00 theta   +0.0 elt    0 Ltcy   0 TarTheta  +0.00 AccLmt 0.00 VelLmt 0.00 OmgLmt  0.0 mode 3 vel r +0.00 th  +0.00 dri +0.00 stlt 0.00 
cam   +0   +0  0 fps(rx) 0 /   0 / ck : 102 / STOP check  85 vision 0 time     0 VisionX  +0.00 Y  +0.00 theta   +0.0 elt    0 Ltcy   0 TarTheta  +0.00 AccLmt 0.00 VelLmt 0.00 OmgLmt  0.0 mode 3 vel r +0.00 th  +0.00 dri +0.00 stlt 0.00 
cam   +0   +0  0 fps(rx) 0 /   0 / ck : 104 / STOP check  86 vision 0 time     0 VisionX  +0.00 Y  +0.00 theta   +0.0 elt    0 Ltcy   0 TarTheta  +0.00 AccLmt 0.00 VelLmt 0.00 OmgLmt  0.0 mode 3 vel r +0.00 th  +0.00 dri +0.00 stlt 0.00 
cam   +0   +0  0 fps(rx) 0 /   0 / ck : 106 / STOP check  87 vision 0 time     0 VisionX  +0.00 Y  +0.00 theta   +0.0 elt    0 Ltcy   0 TarTheta  +0.00 AccLmt 0.00 VelLmt 0.00 OmgLmt  0.0 mode 3 vel r +0.00 th  +0.00 dri +0.00 stlt 0.00 
cam   +0   +0  0 fps(rx) 0 /   0 / ck : 108 / STOP check  88 vision 0 time     0 VisionX  +0.00 Y  +0.00 theta   +0.0 elt    0 Ltcy   0 TarTheta  +0.00 AccLmt 0.00 VelLmt 0.00 OmgLmt  0.0 mode 3 vel r +0.00 th  +0.00 dri +0.00 stlt 0.00 
cam   +0   +0  0 fps(rx) 0 /   0 / ck : 110 / STOP check  89 vision 0 time     0 VisionX  +0.00 Y  +0.00 theta   +0.0 elt    0 Ltcy   0 TarTheta  +0.00 AccLmt 0.00 VelLmt 0.00 OmgLmt  0.0 mode 3 vel r +0.00 th  +0.00 dri +0.00 stlt 0.00 
cam   +0   +0  0 fps(rx) 0 /   0 / ck : 112 / STOP check  90 vision 0 time     0 VisionX  +0.00 Y  +0.00 theta   +0.0 elt    0 Ltcy   0 TarTheta  +0.00 AccLmt 0.00 VelLmt 0.00 OmgLmt  0.0 mode 3 vel r +0.00 th  +0.00 dri +0.00 stlt 0.00 
cam   +0   +0  0 fps(rx) 0 /   0 / ck : 114 / STOP check  91 vision 0 time     0 VisionX  +0.00 Y  +0.00 theta   +0.0 elt    0 Ltcy   0 TarTheta  +0.00 AccLmt 0.00 VelLmt 0.00 OmgLmt  0.0 mode 3 vel r +0.00 th  +0.00 dri +0.00 stlt 0.00 
cam   +0   +0  0 fps(rx) 0 /   0 / ck : 116 / STOP check  92 vision 0 time     0 VisionX  +0.00 Y  +0.00 theta   +0.0 elt    0 Ltcy   0 TarTheta  +0.00 AccLmt 0.00 VelLmt 0.00 OmgLmt  0.0 mode 3 vel r +0.00 th  +0.00 dri +0.00 stlt 0.00 
cam   +0   +0  0 fps(rx) 0 /   0 / ck : 118 / STOP check  93 vision 0 time     0 VisionX  +0.00 Y  +0.00 theta   +0.0 elt    0 Ltcy   0 TarTheta  +0.00 AccLmt 0.00 VelLmt 0.00 OmgLmt  0.0 mode 3 vel r +0.00 th  +0.00 dri +0.00 stlt 0.00 
cam   +0   +0  0 fps(rx) 0 /   0 / ck : 120 / STOP check  94 vision 0 time     0 VisionX  +0.00 Y  +0.00 theta   +0.0 elt    0 Ltcy   0 TarTheta  +0.00 AccLmt 0.00 VelLmt 0.00 OmgLmt  0.0 mode 3 vel r +0.00 th  +0.00 dri +0.00 stlt 0.00 
cam   +0   +0  0 fps(rx) 0 /   0 / ck : 122 / STOP check  95 vision 0 time     0 VisionX  +0.00 Y  +0.00 theta   +0.0 elt    0 Ltcy   0 TarTheta  +0.00 AccLmt 0.00 VelLmt 0.00 OmgLmt  0.0 mode 3 vel r +0.00 th  +0.00 dri +0.00 stlt 0.00 
cam   +0   +0  0 fps(rx) 0 /   0 / ck : 124 / STOP check  96 vision 0 time     0 VisionX  +0.00 Y  +0.00 theta   +0.0 elt    0 Ltcy   0 TarTheta  +0.00 AccLmt 0.00 VelLmt 0.00 OmgLmt  0.0 mode 3 vel r +0.00 th  +0.00 dri +0.00 stlt 0.00 
cam   +0   +0  0 fps(rx) 0 /   0 / ck : 126 / STOP check  97 vision 0 time     0 VisionX  +0.00 Y  +0.00 theta   +0.0 elt    0 Ltcy   0 TarTheta  +0.00 AccLmt 0.00 VelLmt 0.00 OmgLmt  0.0 mode 3 vel r +0.00 th  +0.00 dri +0.00 stlt 0.00 
cam   +0   +0  0 fps(rx) 0 /   0 / ck : 128 / STOP check  98 vision 0 time     0 VisionX  +0.00 Y  +0.00 theta   +0.0 elt    0 Ltcy   0 TarTheta  +0.00 AccLmt 0.00 VelLmt 0.00 OmgLmt  0.0 mode 3 vel r +0.00 th  +0.00 dri +0.00 stlt 0.00 
cam   +0   +0  0 fps(rx) 0 /   0 / ck : 130 / STOP check  99 vision 0 time     0 VisionX  +0.00 Y  +0.00 theta   +0.0 elt    0 Ltcy   0 TarTheta  +0.00 AccLmt 0.00 VelLmt 0.00 OmgLmt  0.0 mode 3 vel r +0.00 th  +0.00 dri +0.00 stlt 0.00 
cam   +0   +0  0 fps(rx) 0 /   0 / ck : 132 / STOP check 100 vision 0 time     0 VisionX  +0.00 Y  +0.00 theta   +0.0 elt    0 Ltcy   0 TarTheta  +0.00 AccLmt 0.00 VelLmt 0.00 OmgLmt  0.0 mode 3 vel r +0.00 th  +0.00 dri +0.00 stlt 0.00 
cam   +0   +0  0 fps(rx) 0 /   0 / ck : 134 / STOP check 101 vision 0 time     0 VisionX  +0.00 Y  +0.00 theta   +0.0 elt    0 Ltcy   0 TarTheta  +0.00 AccLmt 0.00 VelLmt 0.00 OmgLmt  0.0 mode 3 vel r +0.00 th  +0.00 dri +0.00 stlt 0.00 
cam   +0   +0  0 fps(rx) 0 /   0 / ck : 136 / STOP check 102 vision 0 time     0 VisionX  +0.00 Y  +0.00 theta   +0.0 elt    0 Ltcy   0 TarTheta  +0.00 AccLmt 0.00 VelLmt 0.00 OmgLmt  0.0 mode 3 vel r +0.00 th  +0.00 dri +0.00 stlt 0.00 
cam   +0   +0  0 fps(rx) 0 /   0 / ck : 138 / STOP check 103 vision 0 time     0 VisionX  +0.00 Y  +0.00 theta   +0.0 elt    0 Ltcy   0 TarTheta  +0.00 AccLmt 0.00 VelLmt 0.00 OmgLmt  0.0 mode 3 vel r +0.00 th  +0.00 dri +0.00 stlt 0.00 
cam   +0   +0  0 fps(rx) 0 /   0 / ck : 140 / STOP check 104 vision 0 time     0 VisionX  +0.00 Y  +0.00 theta   +0.0 elt    0 Ltcy   0 TarTheta  +0.00 AccLmt 0.00 VelLmt 0.00 OmgLmt  0.0 mode 3 vel r +0.00 th  +0.00 dri +0.00 stlt 0.00 
cam   +0   +0  0 fps(rx) 0 /   0 / ck : 142 / STOP check 105 vision 0 time     0 VisionX  +0.00 Y  +0.00 theta   +0.0 elt    0 Ltcy   0 TarTheta  +0.00 AccLmt 0.00 VelLmt 0.00 OmgLmt  0.0 mode 3 vel r +0.00 th  +0.00 dri +0.00 stlt 0.00 
cam   +0   +0  0 fps(rx) 0 /   0 / ck : 144 / STOP check 106 vision 0 time     0 VisionX  +0.00 Y  +0.00 theta   +0.0 elt    0 Ltcy   0 TarTheta  +0.00 AccLmt 0.00 VelLmt 0.00 OmgLmt  0.0 mode 3 vel r +0.00 th  +0.00 dri +0.00 stlt 0.00 
cam   +0   +0  0 fps(rx) 0 /   0 / ck : 146 / STOP check 107 vision 0 time     0 VisionX  +0.00 Y  +0.00 theta   +0.0 elt    0 Ltcy   0 TarTheta  +0.00 AccLmt 0.00 VelLmt 0.00 OmgLmt  0.0 mode 3 vel r +0.00 th  +0.00 dri +0.00 stlt 0.00 
cam   +0   +0  0 fps(rx) 0 /   0 / ck : 148 / STOP check 108 vision 0 time     0 VisionX  +0.00 Y  +0.00 theta   +0.0 elt    0 Ltcy   0 TarTheta  +0.00 AccLmt 0.00 VelLmt 0.00 OmgLmt  0.0 mode 3 vel r +0.00 th  +0.00 dri +0.00 stlt 0.00 
cam   +0   +0  0 fps(rx) 0 /   0 / ck : 150 / STOP check 109 vision 0 time     0 VisionX  +0.00 Y  +0.00 theta   +0.0 elt    0 Ltcy   0 TarTheta  +0.00 AccLmt 0.00 VelLmt 0.00 OmgLmt  0.0 mode 3 vel r +0.00 th  +0.00 dri +0.00 stlt 0.00 
cam   +0   +0  0 fps(rx) 0 /   0 / ck : 153 / STOP check 110 vision 0 time     0 VisionX  +0.00 Y  +0.00 theta   +0.0 elt    0 Ltcy   0 TarTheta  +0.00 AccLmt 0.00 VelLmt 0.00 OmgLmt  0.0 mode 3 vel r +0.00 th  +0.00 dri +0.00 stlt 0.00 
cam   +0   +0  0 fps(rx) 0 /   0 / ck : 155 / STOP check 111 vision 0 time     0 VisionX  +0.00 Y  +0.00 theta   +0.0 elt    0 Ltcy   0 TarTheta  +0.00 AccLmt 0.00 VelLmt 0.00 OmgLmt  0.0 mode 3 vel r +0.00 th  +0.00 dri +0.00 stlt 0.00 
cam   +0   +0  0 fps(rx) 0 /   0 / ck : 157 / STOP check 112 vision 0 time     0 VisionX  +0.00 Y  +0.00 theta   +0.0 elt    0 Ltcy   0 TarTheta  +0.00 AccLmt 0.00 VelLmt 0.00 OmgLmt  0.0 mode 3 vel r +0.00 th  +0.00 dri +0.00 stlt 0.00 
cam   +0   +0  0 fps(rx) 0 /   0 / ck : 159 / STOP check 113 vision 0 time     0 VisionX  +0.00 Y  +0.00 theta   +0.0 elt    0 Ltcy   0 TarTheta  +0.00 AccLmt 0.00 VelLmt 0.00 OmgLmt  0.0 mode 3 vel r +0.00 th  +0.00 dri +0.00 stlt 0.00 
cam   +0   +0  0 fps(rx) 0 /   0 / ck : 161 / STOP check 114 vision 0 time     0 VisionX  +0.00 Y  +0.00 theta   +0.0 elt    0 Ltcy   0 TarTheta  +0.00 AccLmt 0.00 VelLmt 0.00 OmgLmt  0.0 mode 3 vel r +0.00 th  +0.00 dri +0.00 stlt 0.00 
cam   +0   +0  0 fps(rx) 0 /   0 / ck : 163 / STOP check 115 vision 0 time     0 VisionX  +0.00 Y  +0.00 theta   +0.0 elt    0 Ltcy   0 TarTheta  +0.00 AccLmt 0.00 VelLmt 0.00 OmgLmt  0.0 mode 3 vel r +0.00 th  +0.00 dri +0.00 stlt 0.00 
cam   +0   +0  0 fps(rx) 0 /   0 / ck : 165 / STOP check 116 vision 0 time     0 VisionX  +0.00 Y  +0.00 theta   +0.0 elt    0 Ltcy   0 TarTheta  +0.00 AccLmt 0.00 VelLmt 0.00 OmgLmt  0.0 mode 3 vel r +0.00 th  +0.00 dri +0.00 stlt 0.00 
cam   +0   +0  0 fps(rx) 0 /   0 / ck : 167 / STOP check 117 vision 0 time     0 VisionX  +0.00 Y  +0.00 theta   +0.0 elt    0 Ltcy   0 TarTheta  +0.00 AccLmt 0.00 VelLmt 0.00 OmgLmt  0.0 mode 3 vel r +0.00 th  +0.00 dri +0.00 stlt 0.00 
cam   +0   +0  0 fps(rx) 0 /   0 / ck : 169 / STOP check 118 vision 0 time     0 VisionX  +0.00 Y  +0.00 theta   +0.0 elt    0 Ltcy   0 TarTheta  +0.00 AccLmt 0.00 VelLmt 0.00 OmgLmt  0.0 mode 3 vel r +0.00 th  +0.00 dri +0.00 stlt 0.00 
cam   +0   +0  0 fps(rx) 0 /   0 / ck : 171 / STOP check 119 vision 0 time     0 VisionX  +0.00 Y  +0.00 theta   +0.0 elt    0 Ltcy   0 TarTheta  +0.00 AccLmt 0.00 VelLmt 0.00 OmgLmt  0.0 mode 3 vel r +0.00 th  +0.00 dri +0.00 stlt 0.00 
cam   +0   +0  0 fps(rx) 0 /   0 / ck : 173 / STOP check 120 vision 0 time     0 VisionX  +0.00 Y  +0.00 theta   +0.0 elt    0 Ltcy   0 TarTheta  +0.00 AccLmt 0.00 VelLmt 0.00 OmgLmt  0.0 mode 3 vel r +0.00 th  +0.00 dri +0.00 stlt 0.00 
cam   +0   +0  0 fps(rx) 0 /   0 / ck : 175 / STOP check 121 vision 0 time     0 VisionX  +0.00 Y  +0.00 theta   +0.0 elt    0 Ltcy   0 TarTheta  +0.00 AccLmt 0.00 VelLmt 0.00 OmgLmt  0.0 mode 3 vel r +0.00 th  +0.00 dri +0.00 stlt 0.00 
cam   +0   +0  0 fps(rx) 0 /   0 / ck : 177 / STOP check 122 vision 0 time     0 VisionX  +0.00 Y  +0.00 theta   +0.0 elt    0 Ltcy   0 TarTheta  +0.00 AccLmt 0.00 VelLmt 0.00 OmgLmt  0.0 mode 3 vel r +0.00 th  +0.00 dri +0.00 stlt 0.00 
cam   +0   +0  0 fps(rx) 0 /   0 / ck : 179 / STOP check 123 vision 0 time     0 VisionX  +0.00 Y  +0.00 theta   +0.0 elt    0 Ltcy   0 TarTheta  +0.00 AccLmt 0.00 VelLmt 0.00 OmgLmt  0.0 mode 3 vel r +0.00 th  +0.00 dri +0.00 stlt 0.00 
cam   +0   +0  0 fps(rx) 0 /   0 / ck : 181 / STOP check 124 vision 0 time     0 VisionX  +0.00 Y  +0.00 theta   +0.0 elt    0 Ltcy   0 TarTheta  +0.00 AccLmt 0.00 VelLmt 0.00 OmgLmt  0.0 mode 3 vel r +0.00 th  +0.00 dri +0.00 stlt 0.00 
cam   +0   +0  0 fps(rx) 0 /   0 / ck : 183 / STOP check 125 vision 0 time     0 VisionX  +0.00 Y  +0.00 theta   +0.0 elt    0 Ltcy   0 TarTheta  +0.00 AccLmt 0.00 VelLmt 0.00 OmgLmt  0.0 mode 3 vel r +0.00 th  +0.00 dri +0.00 stlt 0.00 
cam   +0   +0  0 fps(rx) 0 /   0 / ck : 185 / STOP check 126 vision 0 time     0 VisionX  +0.00 Y  +0.00 theta   +0.0 elt    0 Ltcy   0 TarTheta  +0.00 AccLmt 0.00 VelLmt 0.00 OmgLmt  0.0 mode 3 vel r +0.00 th  +0.00 dri +0.00 stlt 0.00 
cam   +0   +0  0 fps(rx) 0 /   0 / ck : 187 / STOP check 127 vision 0 time     0 VisionX  +0.00 Y  +0.00 theta   +0.0 elt    0 Ltcy   0 TarTheta  +0.00 AccLmt 0.00 VelLmt 0.00 OmgLmt  0.0 mode 3 vel r +0.00 th  +0.00 dri +0.00 stlt 0.00 
cam   +0   +0  0 fps(rx) 0 /   0 / ck : 189 / STOP check 128 vision 0 time     0 VisionX  +0.00 Y  +0.00 theta   +0.0 elt    0 Ltcy   0 TarTheta  +0.00 AccLmt 0.00 VelLmt 0.00 OmgLmt  0.0 mode 3 vel r +0.00 th  +0.00 dri +0.00 stlt 0.00 
cam   +0   +0  0 fps(rx) 0 /   0 / ck : 191 / STOP check 129 vision 0 time     0 VisionX  +0.00 Y  +0.00 theta   +0.0 elt    0 Ltcy   0 TarTheta  +0.00 AccLmt 0.00 VelLmt 0.00 OmgLmt  0.0 mode 3 vel r +0.00 th  +0.00 dri +0.00 stlt 0.00 
cam   +0   +0  0 fps(rx) 0 /   0 / ck : 193 / STOP check 130 vision 0 time     0 VisionX  +0.00 Y  +0.00 theta   +0.0 elt    0 Ltcy   0 TarTheta  +0.00 AccLmt 0.00 VelLmt 0.00 OmgLmt  0.0 mode 3 vel r +0.00 th  +0.00 dri +0.00 stlt 0.00 
cam   +0   +0  0 fps(rx) 0 /   0 / ck : 195 / STOP check 131 vision 0 time     0 VisionX  +0.00 Y  +0.00 theta   +0.0 elt    0 Ltcy   0 TarTheta  +0.00 AccLmt 0.00 VelLmt 0.00 OmgLmt  0.0 mode 3 vel r +0.00 th  +0.00 dri +0.00 stlt 0.00 
cam   +0   +0  0 fps(rx) 0 /   0 / ck : 197 / STOP check 132 vision 0 time     0 VisionX  +0.00 Y  +0.00 theta   +0.0 elt    0 Ltcy   0 TarTheta  +0.00 AccLmt 0.00 VelLmt 0.00 OmgLmt  0.0 mode 3 vel r +0.00 th  +0.00 dri +0.00 stlt 0.00 
cam   +0   +0  0 fps(rx) 0 /   0 / ck : 199 / STOP check 133 vision 0 time     0 VisionX  +0.00 Y  +0.00 theta   +0.0 elt    0 Ltcy   0 TarTheta  +0.00 AccLmt 0.00 VelLmt 0.00 OmgLmt  0.0 mode 3 vel r +0.00 th  +0.00 dri +0.00 stlt 0.00 
cam   +0   +0  0 fps(rx) 0 /   0 / ck : 201 / STOP check 134 vision 0 time     0 VisionX  +0.00 Y  +0.00 theta   +0.0 elt    0 Ltcy   0 TarTheta  +0.00 AccLmt 0.00 VelLmt 0.00 OmgLmt  0.0 mode 3 vel r +0.00 th  +0.00 dri +0.00 stlt 0.00 
cam   +0   +0  0 fps(rx) 0 /   0 / ck : 203 / STOP check 135 vision 0 time     0 VisionX  +0.00 Y  +0.00 theta   +0.0 elt    0 Ltcy   0 TarTheta  +0.00 AccLmt 0.00 VelLmt 0.00 OmgLmt  0.0 mode 3 vel r +0.00 th  +0.00 dri +0.00 stlt 0.00 
cam   +0   +0  0 fps(rx) 0 /   0 / ck : 205 / STOP check 136 vision 0 time     0 VisionX  +0.00 Y  +0.00 theta   +0.0 elt    0 Ltcy   0 TarTheta  +0.00 AccLmt 0.00 VelLmt 0.00 OmgLmt  0.0 mode 3 vel r +0.00 th  +0.00 dri +0.00 stlt 0.00 
cam   +0   +0  0 fps(rx) 0 /   0 / ck : 207 / STOP check 137 vision 0 time     0 VisionX  +0.00 Y  +0.00 theta   +0.0 elt    0 Ltcy   0 TarTheta  +0.00 AccLmt 0.00 VelLmt 0.00 OmgLmt  0.0 mode 3 vel r +0.00 th  +0.00 dri +0.00 stlt 0.00 
cam   +0   +0  0 fps(rx) 0 /   0 / ck : 209 / STOP check 138 vision 0 time     0 VisionX  +0.00 Y  +0.00 theta   +0.0 elt    0 Ltcy   0 TarTheta  +0.00 AccLmt 0.00 VelLmt 0.00 OmgLmt  0.0 mode 3 vel r +0.00 th  +0.00 dri +0.00 stlt 0.00 
cam   +0   +0  0 fps(rx) 0 /   0 / ck : 211 / STOP check 139 vision 0 time     0 VisionX  +0.00 Y  +0.00 theta   +0.0 elt    0 Ltcy   0 TarTheta  +0.00 AccLmt 0.00 VelLmt 0.00 OmgLmt  0.0 mode 3 vel r +0.00 th  +0.00 dri +0.00 stlt 0.00 
cam   +0   +0  0 fps(rx) 0 /   0 / ck : 213 / STOP check 140 vision 0 time     0 VisionX  +0.00 Y  +0.00 theta   +0.0 elt    0 Ltcy   0 TarTheta  +0.00 AccLmt 0.00 VelLmt 0.00 OmgLmt  0.0 mode 3 vel r +0.00 th  +0.00 dri +0.00 stlt 0.00 
cam   +0   +0  0 fps(rx) 0 /   0 / ck : 215 / STOP check 141 vision 0 time     0 VisionX  +0.00 Y  +0.00 theta   +0.0 elt    0 Ltcy   0 TarTheta  +0.00 AccLmt 0.00 VelLmt 0.00 OmgLmt  0.0 mode 3 vel r +0.00 th  +0.00 dri +0.00 stlt 0.00 
cam   +0   +0  0 fps(rx) 0 /   0 / ck : 217 / STOP check 142 vision 0 time     0 VisionX  +0.00 Y  +0.00 theta   +0.0 elt    0 Ltcy   0 TarTheta  +0.00 AccLmt 0.00 VelLmt 0.00 OmgLmt  0.0 mode 3 vel r +0.00 th  +0.00 dri +0.00 stlt 0.00 
cam   +0   +0  0 fps(rx) 0 /   0 / ck : 219 / STOP check 143 vision 0 time     0 VisionX  +0.00 Y  +0.00 theta   +0.0 elt    0 Ltcy   0 TarTheta  +0.00 AccLmt 0.00 VelLmt 0.00 OmgLmt  0.0 mode 3 vel r +0.00 th  +0.00 dri +0.00 stlt 0.00 
cam   +0   +0  0 fps(rx) 0 /   0 / ck : 221 / STOP check 144 vision 0 time     0 VisionX  +0.00 Y  +0.00 theta   +0.0 elt    0 Ltcy   0 TarTheta  +0.00 AccLmt 0.00 VelLmt 0.00 OmgLmt  0.0 mode 3 vel r +0.00 th  +0.00 dri +0.00 stlt 0.00 
cam   +0   +0  0 fps(rx) 0 /   0 / ck : 223 / STOP check 145 vision 0 time     0 VisionX  +0.00 Y  +0.00 theta   +0.0 elt    0 Ltcy   0 TarTheta  +0.00 AccLmt 0.00 VelLmt 0.00 OmgLmt  0.0 mode 3 vel r +0.00 th  +0.00 dri +0.00 stlt 0.00 
cam   +0   +0  0 fps(rx) 0 /   0 / ck : 225 / STOP check 146 vision 0 time     0 VisionX  +0.00 Y  +0.00 theta   +0.0 elt    0 Ltcy   0 TarTheta  +0.00 AccLmt 0.00 VelLmt 0.00 OmgLmt  0.0 mode 3 vel r +0.00 th  +0.00 dri +0.00 stlt 0.00 
cam   +0   +0  0 fps(rx) 0 /   0 / ck : 227 / STOP check 147 vision 0 time     0 VisionX  +0.00 Y  +0.00 theta   +0.0 elt    0 Ltcy   0 TarTheta  +0.00 AccLmt 0.00 VelLmt 0.00 OmgLmt  0.0 mode 3 vel r +0.00 th  +0.00 dri +0.00 stlt 0.00 
cam   +0   +0  0 fps(rx) 0 /   0 / ck : 229 / STOP check 148 vision 0 time     0 VisionX  +0.00 Y  +0.00 theta   +0.0 elt    0 Ltcy   0 TarTheta  +0.00 AccLmt 0.00 VelLmt 0.00 OmgLmt  0.0 mode 3 vel r +0.00 th  +0.00 dri +0.00 stlt 0.00 
cam   +0   +0  0 fps(rx) 0 /   0 / ck : 231 / STOP check 149 vision 0 time     0 VisionX  +0.00 Y  +0.00 theta   +0.0 elt    0 Ltcy   0 TarTheta  +0.00 AccLmt 0.00 VelLmt 0.00 OmgLmt  0.0 mode 3 vel r +0.00 th  +0.00 dri +0.00 stlt 0.00 
cam   +0   +0  0 fps(rx) 0 /   0 / ck : 233 / STOP check 150 vision 0 time     0 VisionX  +0.00 Y  +0.00 theta   +0.0 elt    0 Ltcy   0 TarTheta  +0.00 AccLmt 0.00 VelLmt 0.00 OmgLmt  0.0 mode 3 vel r +0.00 th  +0.00 dri +0.00 stlt 0.00 
cam   +0   +0  0 fps(rx) 0 /   0 / ck : 235 / STOP check 151 vision 0 time     0 VisionX  +0.00 Y  +0.00 theta   +0.0 elt    0 Ltcy   0 TarTheta  +0.00 AccLmt 0.00 VelLmt 0.00 OmgLmt  0.0 mode 3 vel r +0.00 th  +0.00 dri +0.00 stlt 0.00 
cam   +0   +0  0 fps(rx) 0 /   0 / ck : 237 / STOP check 152 vision 0 time     0 VisionX  +0.00 Y  +0.00 theta   +0.0 elt    0 Ltcy   0 TarTheta  +0.00 AccLmt 0.00 VelLmt 0.00 OmgLmt  0.0 mode 3 vel r +0.00 th  +0.00 dri +0.00 stlt 0.00 
cam   +0   +0  0 fps(rx) 0 /   0 / ck : 239 / STOP check 153 vision 0 time     0 VisionX  +0.00 Y  +0.00 theta   +0.0 elt    0 Ltcy   0 TarTheta  +0.00 AccLmt 0.00 VelLmt 0.00 OmgLmt  0.0 mode 3 vel r +0.00 th  +0.00 dri +0.00 stlt 0.00 
cam   +0   +0  0 fps(rx) 0 /   0 / ck : 241 / STOP check 154 vision 0 time     0 VisionX  +0.00 Y  +0.00 theta   +0.0 elt    0 Ltcy   0 TarTheta  +0.00 AccLmt 0.00 VelLmt 0.00 OmgLmt  0.0 mode 3 vel r +0.00 th  +0.00 dri +0.00 stlt 0.00 
cam   +0   +0  0 fps(rx) 0 /   0 / ck : 243 / STOP check 155 vision 0 time     0 VisionX  +0.00 Y  +0.00 theta   +0.0 elt    0 Ltcy   0 TarTheta  +0.00 AccLmt 0.00 VelLmt 0.00 OmgLmt  0.0 mode 3 vel r +0.00 th  +0.00 dri +0.00 stlt 0.00 
cam   +0   +0  0 fps(rx) 0 /   0 / ck : 245 / STOP check 156 vision 0 time     0 VisionX  +0.00 Y  +0.00 theta   +0.0 elt    0 Ltcy   0 TarTheta  +0.00 AccLmt 0.00 VelLmt 0.00 OmgLmt  0.0 mode 3 vel r +0.00 th  +0.00 dri +0.00 stlt 0.00 
cam   +0   +0  0 fps(rx) 0 /   0 / ck : 247 / STOP check 157 vision 0 time     0 VisionX  +0.00 Y  +0.00 theta   +0.0 elt    0 Ltcy   0 TarTheta  +0.00 AccLmt 0.00 VelLmt 0.00 OmgLmt  0.0 mode 3 vel r +0.00 th  +0.00 dri +0.00 stlt 0.00 
cam   +0   +0  0 fps(rx) 0 /   0 / ck : 249 / STOP check 158 vision 0 time     0 VisionX  +0.00 Y  +0.00 theta   +0.0 elt    0 Ltcy   0 TarTheta  +0.00 AccLmt 0.00 VelLmt 0.00 OmgLmt  0.0 mode 3 vel r +0.00 th  +0.00 dri +0.00 stlt 0.00 
cam   +0   +0  0 fps(rx) 0 /   0 / ck : 251 / STOP check 159 vision 0 time     0 VisionX  +0.00 Y  +0.00 theta   +0.0 elt    0 Ltcy   0 TarTheta  +0.00 AccLmt 0.00 VelLmt 0.00 OmgLmt  0.0 mode 3 vel r +0.00 th  +0.00 dri +0.00 stlt 0.00 
cam   +0   +0  0 fps(rx) 0 /   0 / ck : 253 / STOP check 160 vision 0 time     0 VisionX  +0.00 Y  +0.00 theta   +0.0 elt    0 Ltcy   0 TarTheta  +0.00 AccLmt 0.00 VelLmt 0.00 OmgLmt  0.0 mode 3 vel r +0.00 th  +0.00 dri +0.00 stlt 0.00 
cam   +0   +0  0 fps(rx) 0 /   0 / ck : 255 / STOP check 161 vision 0 time     0 VisionX  +0.00 Y  +0.00 theta   +0.0 elt    0 Ltcy   0 TarTheta  +0.00 AccLmt 0.00 VelLmt 0.00 OmgLmt  0.0 mode 3 vel r +0.00 th  +0.00 dri +0.00 stlt 0.00 
cam   +0   +0  0 fps(rx) 0 /   0 / ck :   1 / STOP check 162 vision 0 time     0 VisionX  +0.00 Y  +0.00 theta   +0.0 elt    0 Ltcy   0 TarTheta  +0.00 AccLmt 0.00 VelLmt 0.00 OmgLmt  0.0 mode 3 vel r +0.00 th  +0.00 dri +0.00 stlt 0.00 
cam   +0   +0  0 fps(rx) 0 /   0 / ck :   3 / STOP check 163 vision 0 time     0 VisionX  +0.00 Y  +0.00 theta   +0.0 elt    0 Ltcy   0 TarTheta  +0.00 AccLmt 0.00 VelLmt 0.00 OmgLmt  0.0 mode 3 vel r +0.00 th  +0.00 dri +0.00 stlt 0.00 
cam   +0   +0  0 fps(rx) 0 /   0 / ck :   5 / STOP check 164 vision 0 time     0 VisionX  +0.00 Y  +0.00 theta   +0.0 elt    0 Ltcy   0 TarTheta  +0.00 AccLmt 0.00 VelLmt 0.00 OmgLmt  0.0 mode 3 vel r +0.00 th  +0.00 dri +0.00 stlt 0.00 
cam   +0   +0  0 fps(rx) 0 /   0 / ck :   7 / STOP check 165 vision 0 time     0 VisionX  +0.00 Y  +0.00 theta   +0.0 elt    0 Ltcy   0 TarTheta  +0.00 AccLmt 0.00 VelLmt 0.00 OmgLmt  0.0 mode 3 vel r +0.00 th  +0.00 dri +0.00 stlt 0.00 
cam   +0   +0  0 fps(rx) 0 /   0 / ck :   9 / STOP check 166 vision 0 time     0 VisionX  +0.00 Y  +0.00 theta   +0.0 elt    0 Ltcy   0 TarTheta  +0.00 AccLmt 0.00 VelLmt 0.00 OmgLmt  0.0 mode 3 vel r +0.00 th  +0.00 dri +0.00 stlt 0.00 
cam   +0   +0  0 fps(rx) 0 /   0 / ck :  11 / STOP check 167 vision 0 time     0 VisionX  +0.00 Y  +0.00 theta   +0.0 elt    0 Ltcy   0 TarTheta  +0.00 AccLmt 0.00 VelLmt 0.00 OmgLmt  0.0 mode 3 vel r +0.00 th  +0.00 dri +0.00 stlt 0.00 
cam   +0   +0  0 fps(rx) 0 /   0 / ck :  13 / STOP check 168 vision 0 time     0 VisionX  +0.00 Y  +0.00 theta   +0.0 elt    0 Ltcy   0 TarTheta  +0.00 AccLmt 0.00 VelLmt 0.00 OmgLmt  0.0 mode 3 vel r +0.00 th  +0.00 dri +0.00 stlt 0.00 
cam   +0   +0  0 fps(rx) 0 /   0 / ck :  15 / STOP check 169 vision 0 time     0 VisionX  +0.00 Y  +0.00 theta   +0.0 elt    0 Ltcy   0 TarTheta  +0.00 AccLmt 0.00 VelLmt 0.00 OmgLmt  0.0 mode 3 vel r +0.00 th  +0.00 dri +0.00 stlt 0.00 
cam   +0   +0  0 fps(rx) 0 /   0 / ck :  17 / STOP check 170 vision 0 time     0 VisionX  +0.00 Y  +0.00 theta   +0.0 elt    0 Ltcy   0 TarTheta  +0.00 AccLmt 0.00 VelLmt 0.00 OmgLmt  0.0 mode 3 vel r +0.00 th  +0.00 dri +0.00 stlt 0.00 
cam   +0   +0  0 fps(rx) 0 /   0 / ck :  19 / STOP check 171 vision 0 time     0 VisionX  +0.00 Y  +0.00 theta   +0.0 elt    0 Ltcy   0 TarTheta  +0.00 AccLmt 0.00 VelLmt 0.00 OmgLmt  0.0 mode 3 vel r +0.00 th  +0.00 dri +0.00 stlt 0.00 
cam   +0   +0  0 fps(rx) 0 /   0 / ck :  21 / STOP check 172 vision 0 time     0 VisionX  +0.00 Y  +0.00 theta   +0.0 elt    0 Ltcy   0 TarTheta  +0.00 AccLmt 0.00 VelLmt 0.00 OmgLmt  0.0 mode 3 vel r +0.00 th  +0.00 dri +0.00 stlt 0.00 
cam   +0   +0  0 fps(rx) 0 /   0 / ck :  23 / STOP check 173 vision 0 time     0 VisionX  +0.00 Y  +0.00 theta   +0.0 elt    0 Ltcy   0 TarTheta  +0.00 AccLmt 0.00 VelLmt 0.00 OmgLmt  0.0 mode 3 vel r +0.00 th  +0.00 dri +0.00 stlt 0.00 
cam   +0   +0  0 fps(rx) 0 /   0 / ck :  25 / STOP check 174 vision 0 time     0 VisionX  +0.00 Y  +0.00 theta   +0.0 elt    0 Ltcy   0 TarTheta  +0.00 AccLmt 0.00 VelLmt 0.00 OmgLmt  0.0 mode 3 vel r +0.00 th  +0.00 dri +0.00 stlt 0.00 
cam   +0   +0  0 fps(rx) 0 /   0 / ck :  27 / STOP check 175 vision 0 time     0 VisionX  +0.00 Y  +0.00 theta   +0.0 elt    0 Ltcy   0 TarTheta  +0.00 AccLmt 0.00 VelLmt 0.00 OmgLmt  0.0 mode 3 vel r +0.00 th  +0.00 dri +0.00 stlt 0.00 
cam   +0   +0  0 fps(rx) 0 /   0 / ck :  29 / STOP check 176 vision 0 time     0 VisionX  +0.00 Y  +0.00 theta   +0.0 elt    0 Ltcy   0 TarTheta  +0.00 AccLmt 0.00 VelLmt 0.00 OmgLmt  0.0 mode 3 vel r +0.00 th  +0.00 dri +0.00 stlt 0.00 
cam   +0   +0  0 fps(rx) 0 /   0 / ck :  31 / STOP check 177 vision 0 time     0 VisionX  +0.00 Y  +0.00 theta   +0.0 elt    0 Ltcy   0 TarTheta  +0.00 AccLmt 0.00 VelLmt 0.00 OmgLmt  0.0 mode 3 vel r +0.00 th  +0.00 dri +0.00 stlt 0.00 
cam   +0   +0  0 fps(rx) 0 /   0 / ck :  33 / STOP check 178 vision 0 time     0 VisionX  +0.00 Y  +0.00 theta   +0.0 elt    0 Ltcy   0 TarTheta  +0.00 AccLmt 0.00 VelLmt 0.00 OmgLmt  0.0 mode 3 vel r +0.00 th  +0.00 dri +0.00 stlt 0.00 
cam   +0   +0  0 fps(rx) 0 /   0 / ck :  35 / STOP check 179 vision 0 time     0 VisionX  +0.00 Y  +0.00 theta   +0.0 elt    0 Ltcy   0 TarTheta  +0.00 AccLmt 0.00 VelLmt 0.00 OmgLmt  0.0 mode 3 vel r +0.00 th  +0.00 dri +0.00 stlt 0.00 
cam   +0   +0  0 fps(rx) 0 /   0 / ck :  37 / STOP check 180 vision 0 time     0 VisionX  +0.00 Y  +0.00 theta   +0.0 elt    0 Ltcy   0 TarTheta  +0.00 AccLmt 0.00 VelLmt 0.00 OmgLmt  0.0 mode 3 vel r +0.00 th  +0.00 dri +0.00 stlt 0.00 
cam   +0   +0  0 fps(rx) 0 /   0 / ck :  39 / STOP check 181 vision 0 time     0 VisionX  +0.00 Y  +0.00 theta   +0.0 elt    0 Ltcy   0 TarTheta  +0.00 AccLmt 0.00 VelLmt 0.00 OmgLmt  0.0 mode 3 vel r +0.00 th  +0.00 dri +0.00 stlt 0.00 
cam   +0   +0  0 fps(rx) 0 /   0 / ck :  41 / STOP check 182 vision 0 time     0 VisionX  +0.00 Y  +0.00 theta   +0.0 elt    0 Ltcy   0 TarTheta  +0.00 AccLmt 0.00 VelLmt 0.00 OmgLmt  0.0 mode 3 vel r +0.00 th  +0.00 dri +0.00 stlt 0.00 
cam   +0   +0  0 fps(rx) 0 /   0 / ck :  43 / STOP check 183 vision 0 time     0 VisionX  +0.00 Y  +0.00 theta   +0.0 elt    0 Ltcy   0 TarTheta  +0.00 AccLmt 0.00 VelLmt 0.00 OmgLmt  0.0 mode 3 vel r +0.00 th  +0.00 dri +0.00 stlt 0.00 
cam   +0   +0  0 fps(rx) 0 /   0 / ck :  45 / STOP check 184 vision 0 time     0 VisionX  +0.00 Y  +0.00 theta   +0.0 elt    0 Ltcy   0 TarTheta  +0.00 AccLmt 0.00 VelLmt 0.00 OmgLmt  0.0 mode 3 vel r +0.00 th  +0.00 dri +0.00 stlt 0.00 
cam   +0   +0  0 fps(rx) 0 /   0 / ck :  47 / STOP check 185 vision 0 time     0 VisionX  +0.00 Y  +0.00 theta   +0.0 elt    0 Ltcy   0 TarTheta  +0.00 AccLmt 0.00 VelLmt 0.00 OmgLmt  0.0 mode 3 vel r +0.00 th  +0.00 dri +0.00 stlt 0.00 
cam   +0   +0  0 fps(rx) 0 /   0 / ck :  49 / STOP check 186 vision 0 time     0 VisionX  +0.00 Y  +0.00 theta   +0.0 elt    0 Ltcy   0 TarTheta  +0.00 AccLmt 0.00 VelLmt 0.00 OmgLmt  0.0 mode 3 vel r +0.00 th  +0.00 dri +0.00 stlt 0.00 
cam   +0   +0  0 fps(rx) 0 /   0 / ck :  51 / STOP check 187 vision 0 time     0 VisionX  +0.00 Y  +0.00 theta   +0.0 elt    0 Ltcy   0 TarTheta  +0.00 AccLmt 0.00 VelLmt 0.00 OmgLmt  0.0 mode 3 vel r +0.00 th  +0.00 dri +0.00 stlt 0.00 
cam   +0   +0  0 fps(rx) 0 /   0 / ck :  53 / STOP check 188 vision 0 time     0 VisionX  +0.00 Y  +0.00 theta   +0.0 elt    0 Ltcy   0 TarTheta  +0.00 AccLmt 0.00 VelLmt 0.00 OmgLmt  0.0 mode 3 vel r +0.00 th  +0.00 dri +0.00 stlt 0.00 
cam   +0   +0  0 fps(rx) 0 /   0 / ck :  55 / STOP check 189 vision 0 time     0 VisionX  +0.00 Y  +0.00 theta   +0.0 elt    0 Ltcy   0 TarTheta  +0.00 AccLmt 0.00 VelLmt 0.00 OmgLmt  0.0 mode 3 vel r +0.00 th  +0.00 dri +0.00 stlt 0.00 
cam   +0   +0  0 fps(rx) 0 /   0 / ck :  57 / STOP check 190 vision 0 time     0 VisionX  +0.00 Y  +0.00 theta   +0.0 elt    0 Ltcy   0 TarTheta  +0.00 AccLmt 0.00 VelLmt 0.00 OmgLmt  0.0 mode 3 vel r +0.00 th  +0.00 dri +0.00 stlt 0.00 
cam   +0   +0  0 fps(rx) 0 /   0 / ck :  59 / STOP check 191 vision 0 time     0 VisionX  +0.00 Y  +0.00 theta   +0.0 elt    0 Ltcy   0 TarTheta  +0.00 AccLmt 0.00 VelLmt 0.00 OmgLmt  0.0 mode 3 vel r +0.00 th  +0.00 dri +0.00 stlt 0.00 
cam   +0   +0  0 fps(rx) 0 /   0 / ck :  61 / STOP check 192 vision 0 time     0 VisionX  +0.00 Y  +0.00 theta   +0.0 elt    0 Ltcy   0 TarTheta  +0.00 AccLmt 0.00 VelLmt 0.00 OmgLmt  0.0 mode 3 vel r +0.00 th  +0.00 dri +0.00 stlt 0.00 
cam   +0   +0  0 fps(rx) 0 /   0 / ck :  63 / STOP check 193 vision 0 time     0 VisionX  +0.00 Y  +0.00 theta   +0.0 elt    0 Ltcy   0 TarTheta  +0.00 AccLmt 0.00 VelLmt 0.00 OmgLmt  0.0 mode 3 vel r +0.00 th  +0.00 dri +0.00 stlt 0.00 
cam   +0   +0  0 fps(rx) 0 /   0 / ck :  65 / STOP check 194 vision 0 time     0 VisionX  +0.00 Y  +0.00 theta   +0.0 elt    0 Ltcy   0 TarTheta  +0.00 AccLmt 0.00 VelLmt 0.00 OmgLmt  0.0 mode 3 vel r +0.00 th  +0.00 dri +0.00 stlt 0.00 
cam   +0   +0  0 fps(rx) 0 /   0 / ck :  67 / STOP check 195 vision 0 time     0 VisionX  +0.00 Y  +0.00 theta   +0.0 elt    0 Ltcy   0 TarTheta  +0.00 AccLmt 0.00 VelLmt 0.00 OmgLmt  0.0 mode 3 vel r +0.00 th  +0.00 dri +0.00 stlt 0.00 
cam   +0   +0  0 fps(rx) 0 /   0 / ck :  69 / STOP check 196 vision 0 time     0 VisionX  +0.00 Y  +0.00 theta   +0.0 elt    0 Ltcy   0 TarTheta  +0.00 AccLmt 0.00 VelLmt 0.00 OmgLmt  0.0 mode 3 vel r +0.00 th  +0.00 dri +0.00 stlt 0.00 
cam   +0   +0  0 fps(rx) 0 /   0 / ck :  71 / STOP check 197 vision 0 time     0 VisionX  +0.00 Y  +0.00 theta   +0.0 elt    0 Ltcy   0 TarTheta  +0.00 AccLmt 0.00 VelLmt 0.00 OmgLmt  0.0 mode 3 vel r +0.00 th  +0.00 dri +0.00 stlt 0.00 
cam   +0   +0  0 fps(rx) 0 /   0 / ck :  73 / STOP check 198 vision 0 time     0 VisionX  +0.00 Y  +0.00 theta   +0.0 elt    0 Ltcy   0 TarTheta  +0.00 AccLmt 0.00 VelLmt 0.00 OmgLmt  0.0 mode 3 vel r +0.00 th  +0.00 dri +0.00 stlt 0.00 
cam   +0   +0  0 fps(rx) 0 /   0 / ck :  75 / STOP check 199 vision 0 time     0 VisionX  +0.00 Y  +0.00 theta   +0.0 elt    0 Ltcy   0 TarTheta  +0.00 AccLmt 0.00 VelLmt 0.00 OmgLmt  0.0 mode 3 vel r +0.00 th  +0.00 dri +0.00 stlt 0.00 
cam   +0   +0  0 fps(rx) 0 /   0 / ck :  77 / STOP check 200 vision 0 time     0 VisionX  +0.00 Y  +0.00 theta   +0.0 elt    0 Ltcy   0 TarTheta  +0.00 AccLmt 0.00 VelLmt 0.00 OmgLmt  0.0 mode 3 vel r +0.00 th  +0.00 dri +0.00 stlt 0.00 
cam   +0   +0  0 fps(rx) 0 /   0 / ck : 134 / STOP check   0 vision 0 time     0 VisionX  +0.00 Y  +0.00 theta   +0.0 elt    0 Ltcy   0 TarTheta  +0.00 AccLmt 0.00 VelLmt 0.00 OmgLmt  0.0 mode 3 vel r +0.00 th  +0.00 dri +0.00 stlt 0.00 
cam   +0   +0  0 fps(rx) 0 /   0 / ck : 136 / STOP check   1 vision 0 time     0 VisionX  +0.00 Y  +0.00 theta   +0.0 elt    0 Ltcy   0 TarTheta  +0.00 AccLmt 0.00 VelLmt 0.00 OmgLmt  0.0 mode 3 vel r +0.00 th  +0.00 dri +0.00 stlt 0.00 
cam   +0   +0  0 fps(rx) 0 /   0 / ck : 138 / STOP check   2 vision 0 time     0 VisionX  +0.00 Y  +0.00 theta   +0.0 elt    0 Ltcy   0 TarTheta  +0.00 AccLmt 0.00 VelLmt 0.00 OmgLmt  0.0 mode 3 vel r +0.00 th  +0.00 dri +0.00 stlt 0.00 
cam   +0   +0  0 fps(rx) 0 /   0 / ck : 140 / STOP check   3 vision 0 time     0 VisionX  +0.00 Y  +0.00 theta   +0.0 elt    0 Ltcy   0 TarTheta  +0.00 AccLmt 0.00 VelLmt 0.00 OmgLmt  0.0 mode 3 vel r +0.00 th  +0.00 dri +0.00 stlt 0.00 
cam   +0   +0  0 fps(rx) 0 /   0 / ck : 142 / STOP check   4 vision 0 time     0 VisionX  +0.00 Y  +0.00 theta   +0.0 elt    0 Ltcy   0 TarTheta  +0.00 AccLmt 0.00 VelLmt 0.00 OmgLmt  0.0 mode 3 vel r +0.00 th  +0.00 dri +0.00 stlt 0.00 
cam   +0   +0  0 fps(rx) 0 /   0 / ck : 144 / STOP check   5 vision 0 time     0 VisionX  +0.00 Y  +0.00 theta   +0.0 elt    0 Ltcy   0 TarTheta  +0.00 AccLmt 0.00 VelLmt 0.00 OmgLmt  0.0 mode 3 vel r +0.00 th  +0.00 dri +0.00 stlt 0.00 
cam   +0   +0  0 fps(rx) 0 /   0 / ck : 146 / STOP check   6 vision 0 time     0 VisionX  +0.00 Y  +0.00 theta   +0.0 elt    0 Ltcy   0 TarTheta  +0.00 AccLmt 0.00 VelLmt 0.00 OmgLmt  0.0 mode 3 vel r +0.00 th  +0.00 dri +0.00 stlt 0.00 
cam   +0   +0  0 fps(rx) 0 /   0 / ck : 148 / STOP check   7 vision 0 time     0 VisionX  +0.00 Y  +0.00 theta   +0.0 elt    0 Ltcy   0 TarTheta  +0.00 AccLmt 0.00 VelLmt 0.00 OmgLmt  0.0 mode 3 vel r +0.00 th  +0.00 dri +0.00 stlt 0.00 
cam   +0   +0  0 fps(rx) 0 /   0 / ck : 150 / STOP check   8 vision 0 time     0 VisionX  +0.00 Y  +0.00 theta   +0.0 elt    0 Ltcy   0 TarTheta  +0.00 AccLmt 0.00 VelLmt 0.00 OmgLmt  0.0 mode 3 vel r +0.00 th  +0.00 dri +0.00 stlt 0.00 
cam   +0   +0  0 fps(rx) 0 /   0 / ck : 152 / STOP check   9 vision 0 time     0 VisionX  +0.00 Y  +0.00 theta   +0.0 elt    0 Ltcy   0 TarTheta  +0.00 AccLmt 0.00 VelLmt 0.00 OmgLmt  0.0 mode 3 vel r +0.00 th  +0.00 dri +0.00 stlt 0.00 
cam   +0   +0  0 fps(rx) 0 /   0 / ck : 154 / STOP check  10 vision 0 time     0 VisionX  +0.00 Y  +0.00 theta   +0.0 elt    0 Ltcy   0 TarTheta  +0.00 AccLmt 0.00 VelLmt 0.00 OmgLmt  0.0 mode 3 vel r +0.00 th  +0.00 dri +0.00 stlt 0.00 
cam   +0   +0  0 fps(rx) 0 /   0 / ck : 156 / STOP check  11 vision 0 time     0 VisionX  +0.00 Y  +0.00 theta   +0.0 elt    0 Ltcy   0 TarTheta  +0.00 AccLmt 0.00 VelLmt 0.00 OmgLmt  0.0 mode 3 vel r +0.00 th  +0.00 dri +0.00 stlt 0.00 
cam   +0   +0  0 fps(rx) 0 /   0 / ck : 158 / STOP check  12 vision 0 time     0 VisionX  +0.00 Y  +0.00 theta   +0.0 elt    0 Ltcy   0 TarTheta  +0.00 AccLmt 0.00 VelLmt 0.00 OmgLmt  0.0 mode 3 vel r +0.00 th  +0.00 dri +0.00 stlt 0.00 
cam   +0   +0  0 fps(rx) 0 /   0 / ck : 160 / STOP check  13 vision 0 time     0 VisionX  +0.00 Y  +0.00 theta   +0.0 elt    0 Ltcy   0 TarTheta  +0.00 AccLmt 0.00 VelLmt 0.00 OmgLmt  0.0 mode 3 vel r +0.00 th  +0.00 dri +0.00 stlt 0.00 
cam   +0   +0  0 fps(rx) 0 /   0 / ck : 162 / STOP check  14 vision 0 time     0 VisionX  +0.00 Y  +0.00 theta   +0.0 elt    0 Ltcy   0 TarTheta  +0.00 AccLmt 0.00 VelLmt 0.00 OmgLmt  0.0 mode 3 vel r +0.00 th  +0.00 dri +0.00 stlt 0.00 
cam   +0   +0  0 fps(rx) 0 /   0 / ck : 164 / STOP check  15 vision 0 time     0 VisionX  +0.00 Y  +0.00 theta   +0.0 elt    0 Ltcy   0 TarTheta  +0.00 AccLmt 0.00 VelLmt 0.00 OmgLmt  0.0 mode 3 vel r +0.00 th  +0.00 dri +0.00 stlt 0.00 
cam   +0   +0  0 fps(rx) 0 /   0 / ck : 166 / STOP check  16 vision 0 time     0 VisionX  +0.00 Y  +0.00 theta   +0.0 elt    0 Ltcy   0 TarTheta  +0.00 AccLmt 0.00 VelLmt 0.00 OmgLmt  0.0 mode 3 vel r +0.00 th  +0.00 dri +0.00 stlt 0.00 
cam   +0   +0  0 fps(rx) 0 /   0 / ck : 168 / STOP check  17 vision 0 time     0 VisionX  +0.00 Y  +0.00 theta   +0.0 elt    0 Ltcy   0 TarTheta  +0.00 AccLmt 0.00 VelLmt 0.00 OmgLmt  0.0 mode 3 vel r +0.00 th  +0.00 dri +0.00 stlt 0.00 
cam   +0   +0  0 fps(rx) 0 /   0 / ck : 170 / STOP check  18 vision 0 time     0 VisionX  +0.00 Y  +0.00 theta   +0.0 elt    0 Ltcy   0 TarTheta  +0.00 AccLmt 0.00 VelLmt 0.00 OmgLmt  0.0 mode 3 vel r +0.00 th  +0.00 dri +0.00 stlt 0.00 
cam   +0   +0  0 fps(rx) 0 /   0 / ck : 172 / STOP check  19 vision 0 time     0 VisionX  +0.00 Y  +0.00 theta   +0.0 elt    0 Ltcy   0 TarTheta  +0.00 AccLmt 0.00 VelLmt 0.00 OmgLmt  0.0 mode 3 vel r +0.00 th  +0.00 dri +0.00 stlt 0.00 
cam   +0   +0  0 fps(rx) 0 /   0 / ck : 174 / STOP check  20 vision 0 time     0 VisionX  +0.00 Y  +0.00 theta   +0.0 elt    0 Ltcy   0 TarTheta  +0.00 AccLmt 0.00 VelLmt 0.00 OmgLmt  0.0 mode 3 vel r +0.00 th  +0.00 dri +0.00 stlt 0.00 
cam   +0   +0  0 fps(rx) 0 /   0 / ck : 176 / STOP check  21 vision 0 time     0 VisionX  +0.00 Y  +0.00 theta   +0.0 elt    0 Ltcy   0 TarTheta  +0.00 AccLmt 0.00 VelLmt 0.00 OmgLmt  0.0 mode 3 vel r +0.00 th  +0.00 dri +0.00 stlt 0.00 
cam   +0   +0  0 fps(rx) 0 /   0 / ck : 178 / STOP check  22 vision 0 time     0 VisionX  +0.00 Y  +0.00 theta   +0.0 elt    0 Ltcy   0 TarTheta  +0.00 AccLmt 0.00 VelLmt 0.00 OmgLmt  0.0 mode 3 vel r +0.00 th  +0.00 dri +0.00 stlt 0.00 
cam   +0   +0  0 fps(rx) 0 /   0 / ck : 180 / STOP check  23 vision 0 time     0 VisionX  +0.00 Y  +0.00 theta   +0.0 elt    0 Ltcy   0 TarTheta  +0.00 AccLmt 0.00 VelLmt 0.00 OmgLmt  0.0 mode 3 vel r +0.00 th  +0.00 dri +0.00 stlt 0.00 
cam   +0   +0  0 fps(rx) 0 /   0 / ck : 182 / STOP check  24 vision 0 time     0 VisionX  +0.00 Y  +0.00 theta   +0.0 elt    0 Ltcy   0 TarTheta  +0.00 AccLmt 0.00 VelLmt 0.00 OmgLmt  0.0 mode 3 vel r +0.00 th  +0.00 dri +0.00 stlt 0.00 
cam   +0   +0  0 fps(rx) 0 /   0 / ck : 184 / STOP check  25 vision 0 time     0 VisionX  +0.00 Y  +0.00 theta   +0.0 elt    0 Ltcy   0 TarTheta  +0.00 AccLmt 0.00 VelLmt 0.00 OmgLmt  0.0 mode 3 vel r +0.00 th  +0.00 dri +0.00 stlt 0.00 
cam   +0   +0  0 fps(rx) 0 /   0 / ck : 186 / STOP check  26 vision 0 time     0 VisionX  +0.00 Y  +0.00 theta   +0.0 elt    0 Ltcy   0 TarTheta  +0.00 AccLmt 0.00 VelLmt 0.00 OmgLmt  0.0 mode 3 vel r +0.00 th  +0.00 dri +0.00 stlt 0.00 
cam   +0   +0  0 fps(rx) 0 /   0 / ck : 188 / STOP check  27 vision 0 time     0 VisionX  +0.00 Y  +0.00 theta   +0.0 elt    0 Ltcy   0 TarTheta  +0.00 AccLmt 0.00 VelLmt 0.00 OmgLmt  0.0 mode 3 vel r +0.00 th  +0.00 dri +0.00 stlt 0.00 
cam   +0   +0  0 fps(rx) 0 /   0 / ck : 190 / STOP check  28 vision 0 time     0 VisionX  +0.00 Y  +0.00 theta   +0.0 elt    0 Ltcy   0 TarTheta  +0.00 AccLmt 0.00 VelLmt 0.00 OmgLmt  0.0 mode 3 vel r +0.00 th  +0.00 dri +0.00 stlt 0.00 
cam   +0   +0  0 fps(rx) 0 /   0 / ck : 192 / STOP check  29 vision 0 time     0 VisionX  +0.00 Y  +0.00 theta   +0.0 elt    0 Ltcy   0 TarTheta  +0.00 AccLmt 0.00 VelLmt 0.00 OmgLmt  0.0 mode 3 vel r +0.00 th  +0.00 dri +0.00 stlt 0.00 
cam   +0   +0  0 fps(rx) 0 /   0 / ck : 194 / STOP check  30 vision 0 time     0 VisionX  +0.00 Y  +0.00 theta   +0.0 elt    0 Ltcy   0 TarTheta  +0.00 AccLmt 0.00 VelLmt 0.00 OmgLmt  0.0 mode 3 vel r +0.00 th  +0.00 dri +0.00 stlt 0.00 
cam   +0   +0  0 fps(rx) 0 /   0 / ck : 196 / STOP check  31 vision 0 time     0 VisionX  +0.00 Y  +0.00 theta   +0.0 elt    0 Ltcy   0 TarTheta  +0.00 AccLmt 0.00 VelLmt 0.00 OmgLmt  0.0 mode 3 vel r +0.00 th  +0.00 dri +0.00 stlt 0.00 
cam   +0   +0  0 fps(rx) 0 /   0 / ck : 198 / STOP check  32 vision 0 time     0 VisionX  +0.00 Y  +0.00 theta   +0.0 elt    0 Ltcy   0 TarTheta  +0.00 AccLmt 0.00 VelLmt 0.00 OmgLmt  0.0 mode 3 vel r +0.00 th  +0.00 dri +0.00 stlt 0.00 
cam   +0   +0  0 fps(rx) 0 /   0 / ck : 200 / STOP check  33 vision 0 time     0 VisionX  +0.00 Y  +0.00 theta   +0.0 elt    0 Ltcy   0 TarTheta  +0.00 AccLmt 0.00 VelLmt 0.00 OmgLmt  0.0 mode 3 vel r +0.00 th  +0.00 dri +0.00 stlt 0.00 
cam   +0   +0  0 fps(rx) 0 /   0 / ck : 202 / STOP check  34 vision 0 time     0 VisionX  +0.00 Y  +0.00 theta   +0.0 elt    0 Ltcy   0 TarTheta  +0.00 AccLmt 0.00 VelLmt 0.00 OmgLmt  0.0 mode 3 vel r +0.00 th  +0.00 dri +0.00 stlt 0.00 
cam   +0   +0  0 fps(rx) 0 /   0 / ck : 204 / STOP check  35 vision 0 time     0 VisionX  +0.00 Y  +0.00 theta   +0.0 elt    0 Ltcy   0 TarTheta  +0.00 AccLmt 0.00 VelLmt 0.00 OmgLmt  0.0 mode 3 vel r +0.00 th  +0.00 dri +0.00 stlt 0.00 
cam   +0   +0  0 fps(rx) 0 /   0 / ck : 206 / STOP check  36 vision 0 time     0 VisionX  +0.00 Y  +0.00 theta   +0.0 elt    0 Ltcy   0 TarTheta  +0.00 AccLmt 0.00 VelLmt 0.00 OmgLmt  0.0 mode 3 vel r +0.00 th  +0.00 dri +0.00 stlt 0.00 
cam   +0   +0  0 fps(rx) 0 /   0 / ck : 208 / STOP check  37 vision 0 time     0 VisionX  +0.00 Y  +0.00 theta   +0.0 elt    0 Ltcy   0 TarTheta  +0.00 AccLmt 0.00 VelLmt 0.00 OmgLmt  0.0 mode 3 vel r +0.00 th  +0.00 dri +0.00 stlt 0.00 
cam   +0   +0  0 fps(rx) 0 /   0 / ck : 210 / STOP check  38 vision 0 time     0 VisionX  +0.00 Y  +0.00 theta   +0.0 elt    0 Ltcy   0 TarTheta  +0.00 AccLmt 0.00 VelLmt 0.00 OmgLmt  0.0 mode 3 vel r +0.00 th  +0.00 dri +0.00 stlt 0.00 
cam   +0   +0  0 fps(rx) 0 /   0 / ck : 212 / STOP check  39 vision 0 time     0 VisionX  +0.00 Y  +0.00 theta   +0.0 elt    0 Ltcy   0 TarTheta  +0.00 AccLmt 0.00 VelLmt 0.00 OmgLmt  0.0 mode 3 vel r +0.00 th  +0.00 dri +0.00 stlt 0.00 
cam   +0   +0  0 fps(rx) 0 /   0 / ck : 214 / STOP check  40 vision 0 time     0 VisionX  +0.00 Y  +0.00 theta   +0.0 elt    0 Ltcy   0 TarTheta  +0.00 AccLmt 0.00 VelLmt 0.00 OmgLmt  0.0 mode 3 vel r +0.00 th  +0.00 dri +0.00 stlt 0.00 
cam   +0   +0  0 fps(rx) 0 /   0 / ck : 216 / STOP check  41 vision 0 time     0 VisionX  +0.00 Y  +0.00 theta   +0.0 elt    0 Ltcy   0 TarTheta  +0.00 AccLmt 0.00 VelLmt 0.00 OmgLmt  0.0 mode 3 vel r +0.00 th  +0.00 dri +0.00 stlt 0.00 
cam   +0   +0  0 fps(rx) 0 /   0 / ck : 218 / STOP check  42 vision 0 time     0 VisionX  +0.00 Y  +0.00 theta   +0.0 elt    0 Ltcy   0 TarTheta  +0.00 AccLmt 0.00 VelLmt 0.00 OmgLmt  0.0 mode 3 vel r +0.00 th  +0.00 dri +0.00 stlt 0.00 
cam   +0   +0  0 fps(rx) 0 /   0 / ck : 220 / STOP check  43 vision 0 time     0 VisionX  +0.00 Y  +0.00 theta   +0.0 elt    0 Ltcy   0 TarTheta  +0.00 AccLmt 0.00 VelLmt 0.00 OmgLmt  0.0 mode 3 vel r +0.00 th  +0.00 dri +0.00 stlt 0.00 
cam   +0   +0  0 fps(rx) 0 /   0 / ck : 222 / STOP check  44 vision 0 time     0 VisionX  +0.00 Y  +0.00 theta   +0.0 elt    0 Ltcy   0 TarTheta  +0.00 AccLmt 0.00 VelLmt 0.00 OmgLmt  0.0 mode 3 vel r +0.00 th  +0.00 dri +0.00 stlt 0.00 
cam   +0   +0  0 fps(rx) 0 /   0 / ck : 224 / STOP check  45 vision 0 time     0 VisionX  +0.00 Y  +0.00 theta   +0.0 elt    0 Ltcy   0 TarTheta  +0.00 AccLmt 0.00 VelLmt 0.00 OmgLmt  0.0 mode 3 vel r +0.00 th  +0.00 dri +0.00 stlt 0.00 
cam   +0   +0  0 fps(rx) 0 /   0 / ck : 226 / STOP check  46 vision 0 time     0 VisionX  +0.00 Y  +0.00 theta   +0.0 elt    0 Ltcy   0 TarTheta  +0.00 AccLmt 0.00 VelLmt 0.00 OmgLmt  0.0 mode 3 vel r +0.00 th  +0.00 dri +0.00 stlt 0.00 
cam   +0   +0  0 fps(rx) 0 /   0 / ck : 228 / STOP check  47 vision 0 time     0 VisionX  +0.00 Y  +0.00 theta   +0.0 elt    0 Ltcy   0 TarTheta  +0.00 AccLmt 0.00 VelLmt 0.00 OmgLmt  0.0 mode 3 vel r +0.00 th  +0.00 dri +0.00 stlt 0.00 
cam   +0   +0  0 fps(rx) 0 /   0 / ck : 230 / STOP check  48 vision 0 time     0 VisionX  +0.00 Y  +0.00 theta   +0.0 elt    0 Ltcy   0 TarTheta  +0.00 AccLmt 0.00 VelLmt 0.00 OmgLmt  0.0 mode 3 vel r +0.00 th  +0.00 dri +0.00 stlt 0.00 
cam   +0   +0  0 fps(rx) 0 /   0 / ck : 232 / STOP check  49 vision 0 time     0 VisionX  +0.00 Y  +0.00 theta   +0.0 elt    0 Ltcy   0 TarTheta  +0.00 AccLmt 0.00 VelLmt 0.00 OmgLmt  0.0 mode 3 vel r +0.00 th  +0.00 dri +0.00 stlt 0.00 
cam   +0   +0  0 fps(rx) 0 /   0 / ck : 234 / STOP check  50 vision 0 time     0 VisionX  +0.00 Y  +0.00 theta   +0.0 elt    0 Ltcy   0 TarTheta  +0.00 AccLmt 0.00 VelLmt 0.00 OmgLmt  0.0 mode 3 vel r +0.00 th  +0.00 dri +0.00 stlt 0.00 
cam   +0   +0  0 fps(rx) 0 /   0 / ck : 236 / STOP check  51 vision 0 time     0 VisionX  +0.00 Y  +0.00 theta   +0.0 elt    0 Ltcy   0 TarTheta  +0.00 AccLmt 0.00 VelLmt 0.00 OmgLmt  0.0 mode 3 vel r +0.00 th  +0.00 dri +0.00 stlt 0.00 
cam   +0   +0  0 fps(rx) 0 /   0 / ck : 238 / STOP check  52 vision 0 time     0 VisionX  +0.00 Y  +0.00 theta   +0.0 elt    0 Ltcy   0 TarTheta  +0.00 AccLmt 0.00 VelLmt 0.00 OmgLmt  0.0 mode 3 vel r +0.00 th  +0.00 dri +0.00 stlt 0.00 
cam   +0   +0  0 fps(rx) 0 /   0 / ck : 240 / STOP check  53 vision 0 time     0 VisionX  +0.00 Y  +0.00 theta   +0.0 elt    0 Ltcy   0 TarTheta  +0.00 AccLmt 0.00 VelLmt 0.00 OmgLmt  0.0 mode 3 vel r +0.00 th  +0.00 dri +0.00 stlt 0.00 
cam   +0   +0  0 fps(rx) 0 /   0 / ck : 242 / STOP check  54 vision 0 time     0 VisionX  +0.00 Y  +0.00 theta   +0.0 elt    0 Ltcy   0 TarTheta  +0.00 AccLmt 0.00 VelLmt 0.00 OmgLmt  0.0 mode 3 vel r +0.00 th  +0.00 dri +0.00 stlt 0.00 
cam   +0   +0  0 fps(rx) 0 /   0 / ck : 244 / STOP check  55 vision 0 time     0 VisionX  +0.00 Y  +0.00 theta   +0.0 elt    0 Ltcy   0 TarTheta  +0.00 AccLmt 0.00 VelLmt 0.00 OmgLmt  0.0 mode 3 vel r +0.00 th  +0.00 dri +0.00 stlt 0.00 
cam   +0   +0  0 fps(rx) 0 /   0 / ck : 246 / STOP check  56 vision 0 time     0 VisionX  +0.00 Y  +0.00 theta   +0.0 elt    0 Ltcy   0 TarTheta  +0.00 AccLmt 0.00 VelLmt 0.00 OmgLmt  0.0 mode 3 vel r +0.00 th  +0.00 dri +0.00 stlt 0.00 
cam   +0   +0  0 fps(rx) 0 /   0 / ck : 248 / STOP check  57 vision 0 time     0 VisionX  +0.00 Y  +0.00 theta   +0.0 elt    0 Ltcy   0 TarTheta  +0.00 AccLmt 0.00 VelLmt 0.00 OmgLmt  0.0 mode 3 vel r +0.00 th  +0.00 dri +0.00 stlt 0.00 
cam   +0   +0  0 fps(rx) 0 /   0 / ck : 250 / STOP check  58 vision 0 time     0 VisionX  +0.00 Y  +0.00 theta   +0.0 elt    0 Ltcy   0 TarTheta  +0.00 AccLmt 0.00 VelLmt 0.00 OmgLmt  0.0 mode 3 vel r +0.00 th  +0.00 dri +0.00 stlt 0.00 
cam   +0   +0  0 fps(rx) 0 /   0 / ck : 252 / STOP check  59 vision 0 time     0 VisionX  +0.00 Y  +0.00 theta   +0.0 elt    0 Ltcy   0 TarTheta  +0.00 AccLmt 0.00 VelLmt 0.00 OmgLmt  0.0 mode 3 vel r +0.00 th  +0.00 dri +0.00 stlt 0.00 
cam   +0   +0  0 fps(rx) 0 /   0 / ck : 254 / STOP check  60 vision 0 time     0 VisionX  +0.00 Y  +0.00 theta   +0.0 elt    0 Ltcy   0 TarTheta  +0.00 AccLmt 0.00 VelLmt 0.00 OmgLmt  0.0 mode 3 vel r +0.00 th  +0.00 dri +0.00 stlt 0.00 
cam   +0   +0  0 fps(rx) 0 /   0 / ck :   0 / STOP check  61 vision 0 time     0 VisionX  +0.00 Y  +0.00 theta   +0.0 elt    0 Ltcy   0 TarTheta  +0.00 AccLmt 0.00 VelLmt 0.00 OmgLmt  0.0 mode 3 vel r +0.00 th  +0.00 dri +0.00 stlt 0.00 
cam   +0   +0  0 fps(rx) 0 /   0 / ck :   2 / STOP check  62 vision 0 time     0 VisionX  +0.00 Y  +0.00 theta   +0.0 elt    0 Ltcy   0 TarTheta  +0.00 AccLmt 0.00 VelLmt 0.00 OmgLmt  0.0 mode 3 vel r +0.00 th  +0.00 dri +0.00 stlt 0.00 
cam   +0   +0  0 fps(rx) 0 /   0 / ck :   4 / STOP check  63 vision 0 time     0 VisionX  +0.00 Y  +0.00 theta   +0.0 elt    0 Ltcy   0 TarTheta  +0.00 AccLmt 0.00 VelLmt 0.00 OmgLmt  0.0 mode 3 vel r +0.00 th  +0.00 dri +0.00 stlt 0.00 
cam   +0   +0  0 fps(rx) 0 /   0 / ck :   6 / STOP check  64 vision 0 time     0 VisionX  +0.00 Y  +0.00 theta   +0.0 elt    0 Ltcy   0 TarTheta  +0.00 AccLmt 0.00 VelLmt 0.00 OmgLmt  0.0 mode 3 vel r +0.00 th  +0.00 dri +0.00 stlt 0.00 
timing trace: 1334 records, 0 records omitted
