sequence,deadline_ns,send_before_ns,send_after_ns,bytes_sent,errno
1,76267195163100,76267195190700,76267195385800,715,
2,76267210163100,76267210727400,76267210864500,715,
3,76267225163100,76267225496200,76267225622200,715,
4,76267240163100,76267240699600,76267240777200,715,
5,76267255163100,76267255630000,76267255706700,715,
6,76267270163100,76267270689700,76267270766200,715,
7,76267285163100,76267285680400,76267285762600,715,
8,76267300163100,76267300507900,76267300592600,715,
9,76267315163100,76267315302300,76267315377400,715,
10,76267330163100,76267330628400,76267330703800,715,
11,76267345163100,76267345598300,76267345679400,715,
12,76267360163100,76267360470300,76267360567000,715,
13,76267375163100,76267375610700,76267375738400,715,
14,76267390163100,76267390623800,76267390701900,715,
15,76267405163100,76267405489400,76267405604500,715,
16,76267420163100,76267420687200,76267420761900,715,
17,76267435163100,76267435400800,76267435520700,715,
18,76267450163100,76267450457500,76267450576400,715,
19,76267465163100,76267465231300,76267465327100,715,
20,76267480163100,76267480713100,76267480827000,715,
21,76267495163100,76267495327400,76267495418400,715,
22,76267510163100,76267510952000,76267511041300,715,
23,76267525163100,76267525638600,76267525744500,715,
24,76267540163100,76267540410100,76267540493700,715,
25,76267555163100,76267555406900,76267555519900,715,
26,76267570163100,76267570411700,76267570507100,715,
27,76267585163100,76267585517400,76267585596500,715,
28,76267600163100,76267600269000,76267600349500,715,
29,76267615163100,76267615482100,76267615595300,715,
30,76267630163100,76267630249700,76267630362100,715,
31,76267645163100,76267645539900,76267645676600,715,
32,76267660163100,76267660579600,76267660728000,715,
33,76267675163100,76267675641600,76267675759700,715,
34,76267690163100,76267690706900,76267690785200,715,
35,76267705163100,76267705697700,76267705771500,715,
36,76267720163100,76267720229600,76267720305400,715,
37,76267735163100,76267735694400,76267735811700,715,
38,76267750163100,76267750338400,76267750450900,715,
39,76267765163100,76267765588500,76267765736700,715,
40,76267780163100,76267780530000,76267780677100,715,
41,76267795163100,76267795703000,76267795788200,715,
42,76267810163100,76267810625500,76267810791100,715,
43,76267825163100,76267825589600,76267825696200,715,
44,76267840163100,76267840238200,76267840359500,715,
45,76267855163100,76267855403200,76267855524000,715,
46,76267870163100,76267870839800,76267870923500,715,
47,76267885163100,76267885549600,76267885676600,715,
48,76267900163100,76267900763800,76267900899100,715,
49,76267915163100,76267915690500,76267915825000,715,
50,76267930163100,76267930323300,76267930402000,715,
51,76267945163100,76267945989700,76267946092700,715,
52,76267960163100,76267960774000,76267960914500,715,
53,76267975163100,76267976199500,76267976303100,715,
54,76267990163100,76267990588700,76267990711400,715,
55,76268005163100,76268005539800,76268005624000,715,
56,76268020163100,76268020621300,76268020710900,715,
57,76268035163100,76268035769000,76268035879900,715,
58,76268050163100,76268050639600,76268050720200,715,
59,76268065163100,76268065490300,76268065627600,715,
60,76268080163100,76268080363300,76268080447600,715,
61,76268095163100,76268095254100,76268095374600,715,
62,76268110163100,76268110741100,76268110847000,715,
63,76268125163100,76268125219200,76268125298600,715,
64,76268140163100,76268140513600,76268140587600,715,
65,76268155163100,76268155584200,76268155666100,715,
66,76268170163100,76268170564400,76268170721000,715,
67,76268185163100,76268185469700,76268185569600,715,
68,76268200163100,76268200297500,76268200376900,715,
69,76268215163100,76268215228100,76268215298300,715,
70,76268230163100,76268230282000,76268230368600,715,
71,76268245163100,76268245325100,76268245402300,715,
72,76268260163100,76268260314500,76268260422300,715,
73,76268275163100,76268275347100,76268275425700,715,
74,76268290163100,76268290340700,76268290436300,715,
75,76268305163100,76268305590600,76268305679000,715,
76,76268320163100,76268320694400,76268320773600,715,
77,76268335163100,76268335701100,76268335807500,715,
78,76268350163100,76268350365900,76268350442800,715,
79,76268365163100,76268365464100,76268365543400,715,
80,76268380163100,76268380532000,76268380611400,715,
81,76268395163100,76268395658100,76268395770600,715,
82,76268410163100,76268410716900,76268410793000,715,
83,76268425163100,76268425465700,76268425541300,715,
84,76268440163100,76268440771200,76268440861300,715,
85,76268455163100,76268455642200,76268455731300,715,
86,76268470163100,76268470520700,76268470598300,715,
87,76268485163100,76268485596200,76268485677800,715,
88,76268500163100,76268500462000,76268500556000,715,
89,76268515163100,76268515598700,76268515687200,715,
90,76268530163100,76268530234700,76268530316400,715,
91,76268545163100,76268545255600,76268545333500,715,
92,76268560163100,76268560612100,76268560685500,715,
93,76268575163100,76268575467800,76268575560600,715,
94,76268590163100,76268590396700,76268590493300,715,
95,76268605163100,76268605536500,76268605657300,715,
96,76268620163100,76268620613600,76268620712300,715,
97,76268635163100,76268635403000,76268635500300,715,
98,76268650163100,76268650365300,76268650467900,715,
99,76268665163100,76268665558900,76268665667900,715,
100,76268680163100,76268680236300,76268680320500,715,
101,76268695163100,76268695534200,76268695654500,715,
102,76268710163100,76268710244300,76268710321000,715,
103,76268725163100,76268725455300,76268725539000,715,
104,76268740163100,76268740261800,76268740339100,715,
105,76268755163100,76268755328600,76268755403000,715,
106,76268770163100,76268770575400,76268770689200,715,
107,76268785163100,76268785227000,76268785300600,715,
108,76268800163100,76268800327700,76268800389700,715,
109,76268815163100,76268815227900,76268815323600,715,
110,76268830163100,76268830591000,76268830669200,715,
111,76268845163100,76268845618300,76268845719400,715,
112,76268860163100,76268860810000,76268860940000,715,
113,76268875163100,76268875313300,76268875397300,715,
114,76268890163100,76268890568400,76268890668700,715,
115,76268905163100,76268905664500,76268905735900,715,
116,76268920163100,76268920272500,76268920361600,715,
117,76268935163100,76268935418800,76268935503800,715,
118,76268950163100,76268950672100,76268950738700,715,
119,76268965163100,76268965358300,76268965436200,715,
120,76268980163100,76268980412700,76268980516900,715,
121,76268995163100,76268995395400,76268995515400,715,
122,76269010163100,76269010477500,76269010572100,715,
123,76269025163100,76269025294200,76269025374200,715,
124,76269040163100,76269040512700,76269040623700,715,
125,76269055163100,76269055258500,76269055324900,715,
126,76269070163100,76269070707700,76269070768400,715,
127,76269085163100,76269085221200,76269085302100,715,
128,76269100163100,76269100474200,76269100565700,715,
129,76269115163100,76269115555000,76269115659600,715,
130,76269130163100,76269130288500,76269130375900,715,
131,76269145163100,76269145458800,76269145515200,715,
132,76269160163100,76269160418900,76269160463700,715,
133,76269175163100,76269175319100,76269175386500,715,
134,76269190163100,76269190750800,76269190843700,715,
135,76269205163100,76269205322000,76269205416300,715,
136,76269220163100,76269220569700,76269220680000,715,
137,76269235163100,76269235590900,76269235709400,715,
138,76269250163100,76269250477600,76269250628000,715,
139,76269265163100,76269265484100,76269265596000,715,
140,76269280163100,76269280526900,76269280645300,715,
141,76269295163100,76269295245600,76269295375100,715,
142,76269310163100,76269310611000,76269310738500,715,
143,76269325163100,76269325401000,76269325521400,715,
144,76269340163100,76269340377800,76269340477800,715,
145,76269355163100,76269355257800,76269355379100,715,
146,76269370163100,76269370267500,76269370353900,715,
147,76269385163100,76269385475700,76269385553600,715,
148,76269400163100,76269400612500,76269400749200,715,
149,76269415163100,76269415391600,76269415516400,715,
150,76269430163100,76269430320500,76269430446200,715,
151,76269445163100,76269445873600,76269445953300,715,
152,76269460163100,76269460241400,76269460317300,715,
153,76269475163100,76269475692100,76269475830200,715,
154,76269490163100,76269490328300,76269490420000,715,
155,76269505163100,76269505376800,76269505503500,715,
156,76269520163100,76269520314000,76269520438500,715,
157,76269535163100,76269535344300,76269535428000,715,
158,76269550163100,76269550421300,76269550532000,715,
159,76269565163100,76269565508600,76269565584400,715,
160,76269580163100,76269581316700,76269581445200,715,
161,76269595163100,76269595426500,76269595508200,715,
162,76269610163100,76269610491800,76269610580300,715,
163,76269625163100,76269625569100,76269625638000,715,
164,76269640163100,76269640720800,76269640852100,715,
165,76269655163100,76269655237500,76269655354100,715,
166,76269670163100,76269670558800,76269670638800,715,
167,76269685163100,76269685426700,76269685529800,715,
168,76269700163100,76269700515000,76269700633700,715,
169,76269715163100,76269715689600,76269715805900,715,
170,76269730163100,76269730681700,76269730805200,715,
171,76269745163100,76269745368500,76269745483900,715,
172,76269760163100,76269760900900,76269761032000,715,
173,76269775163100,76269775599800,76269775729100,715,
174,76269790163100,76269790447900,76269790576700,715,
175,76269805163100,76269805246100,76269805374700,715,
176,76269820163100,76269820340700,76269820421700,715,
177,76269835163100,76269835403000,76269835524000,715,
178,76269850163100,76269850229000,76269850335000,715,
179,76269865163100,76269865867300,76269865944700,715,
180,76269880163100,76269880270600,76269880360700,715,
181,76269895163100,76269895390400,76269895483900,715,
182,76269910163100,76269910341000,76269910411400,715,
183,76269925163100,76269925437000,76269925495000,715,
184,76269940163100,76269940669200,76269940752900,715,
185,76269955163100,76269955580000,76269955666100,715,
186,76269970163100,76269970818400,76269970905300,715,
187,76269985163100,76269985679800,76269985788300,715,
188,76270000163100,76270000305800,76270000378900,715,
189,76270015163100,76270015404800,76270015474600,715,
190,76270030163100,76270030609800,76270030729300,715,
191,76270045163100,76270045581000,76270045720300,715,
192,76270060163100,76270060754200,76270060842100,715,
193,76270075163100,76270075225900,76270075290300,715,
194,76270090163100,76270090529500,76270090611200,715,
195,76270105163100,76270105253500,76270105381000,715,
196,76270120163100,76270120723500,76270120818700,715,
197,76270135163100,76270135672900,76270135786500,715,
198,76270150163100,76270150799200,76270150955900,715,
199,76270165163100,76270165373600,76270165464500,715,
200,76270180163100,76270180255900,76270180326700,715,
201,76270195163100,76270195751500,76270195896400,715,
202,76270210163100,76270210660500,76270210798700,715,
203,76270225163100,76270225505700,76270225593300,715,
204,76270240163100,76270240376900,76270240460300,715,
205,76270255163100,76270255331500,76270255429600,715,
206,76270270163100,76270270319600,76270270456300,715,
207,76270285163100,76270285642600,76270285779400,715,
208,76270300163100,76270300369500,76270300456000,715,
209,76270315163100,76270315265100,76270315343200,715,
210,76270330163100,76270330618100,76270330757500,715,
211,76270345163100,76270345673000,76270345799700,715,
212,76270360163100,76270360718200,76270360853700,715,
213,76270375163100,76270375529800,76270375687800,715,
214,76270390163100,76270391179700,76270391334200,715,
215,76270405163100,76270405361100,76270405486100,715,
216,76270420163100,76270420246000,76270420333900,715,
217,76270435163100,76270435259600,76270435384500,715,
218,76270450163100,76270450250000,76270450333600,715,
219,76270465163100,76270465584300,76270465676500,715,
220,76270480163100,76270480571200,76270480723100,715,
221,76270495163100,76270495599600,76270495733600,715,
222,76270510163100,76270510759500,76270510903900,715,
223,76270525163100,76270525801100,76270525958100,715,
224,76270540163100,76270540568900,76270540710000,715,
225,76270555163100,76270556030600,76270556163400,715,
226,76270570163100,76270571294400,76270571420000,715,
227,76270585163100,76270585798300,76270585937600,715,
228,76270600163100,76270600371200,76270600486200,715,
229,76270615163100,76270615863300,76270615974700,715,
230,76270630163100,76270630457700,76270630523400,715,
231,76270645163100,76270645286100,76270645417000,715,
232,76270660163100,76270661141300,76270661298600,715,
233,76270675163100,76270675656900,76270675730200,715,
234,76270690163100,76270690743200,76270690852000,715,
235,76270705163100,76270705641200,76270705772300,715,
236,76270720163100,76270720648200,76270720779100,715,
237,76270735163100,76270735731500,76270735849800,715,
238,76270750163100,76270750476900,76270750560800,715,
239,76270765163100,76270765300200,76270765463900,715,
240,76270780163100,76270780251300,76270780376800,715,
241,76270795163100,76270795750500,76270795918600,715,
242,76270810163100,76270810842900,76270810998800,715,
243,76270825163100,76270825536900,76270825625400,715,
244,76270840163100,76270840828000,76270840996900,715,
245,76270855163100,76270855250600,76270855368000,715,
246,76270870163100,76270870676900,76270870819700,715,
247,76270885163100,76270885645400,76270885722100,715,
248,76270900163100,76270900366900,76270900436800,715,
249,76270915163100,76270915462100,76270915618400,715,
250,76270930163100,76270930336200,76270930411900,715,
251,76270945163100,76270945229200,76270945309700,715,
252,76270960163100,76270960637700,76270960716900,715,
253,76270975163100,76270975358000,76270975432500,715,
254,76270990163100,76270990816400,76270990956900,715,
255,76271005163100,76271005395300,76271005507400,715,
256,76271020163100,76271020670400,76271020791100,715,
257,76271035163100,76271035691000,76271035772900,715,
258,76271050163100,76271050934000,76271051015300,715,
259,76271065163100,76271065306600,76271065445900,715,
260,76271080163100,76271080509600,76271080587600,715,
261,76271095163100,76271095403100,76271095493400,715,
262,76271110163100,76271110381900,76271110485100,715,
263,76271125163100,76271125804500,76271125958200,715,
264,76271140163100,76271140677800,76271140742000,715,
265,76271155163100,76271155357200,76271155408800,715,
266,76271170163100,76271170568700,76271170648000,715,
267,76271185163100,76271185700800,76271185778000,715,
268,76271200163100,76271200482300,76271200620700,715,
269,76271215163100,76271215797600,76271215893200,715,
270,76271230163100,76271230497100,76271230589800,715,
271,76271245163100,76271245393500,76271245498400,715,
272,76271260163100,76271260503400,76271260590200,715,
273,76271275163100,76271275356500,76271275483800,715,
274,76271290163100,76271290330100,76271290437800,715,
275,76271305163100,76271305703800,76271305816300,715,
276,76271320163100,76271320605100,76271320666800,715,
277,76271335163100,76271335272600,76271335352800,715,
278,76271350163100,76271350442400,76271350516500,715,
279,76271365163100,76271365279200,76271365387600,715,
280,76271380163100,76271380244500,76271380356400,715,
281,76271395163100,76271395218900,76271395290700,715,
282,76271410163100,76271410529900,76271410612100,715,
283,76271425163100,76271425344700,76271425452300,715,
284,76271440163100,76271440650200,76271440759900,715,
285,76271455163100,76271455511300,76271455600000,715,
286,76271470163100,76271470614700,76271470688400,715,
287,76271485163100,76271485380900,76271485546600,715,
288,76271500163100,76271500394600,76271500504500,715,
289,76271515163100,76271515677700,76271515731600,715,
290,76271530163100,76271530505000,76271530618000,715,
291,76271545163100,76271545706300,76271545769400,715,
292,76271560163100,76271560393100,76271560472300,715,
293,76271575163100,76271575435800,76271575501900,715,
294,76271590163100,76271590531000,76271590639800,715,
295,76271605163100,76271605585000,76271605657900,715,
296,76271620163100,76271620656300,76271620733700,715,
297,76271635163100,76271635536400,76271635666000,715,
298,76271650163100,76271650773200,76271650847700,715,
299,76271665163100,76271665410700,76271665526200,715,
300,76271680163100,76271680337000,76271680459900,715,
301,76271695163100,76271695377900,76271695458600,715,
302,76271710163100,76271710526400,76271710623300,715,
303,76271725163100,76271725602000,76271725711600,715,
304,76271740163100,76271740652400,76271740738600,715,
305,76271755163100,76271755255300,76271755337600,715,
306,76271770163100,76271770320000,76271770405300,715,
307,76271785163100,76271785360400,76271785415400,715,
308,76271800163100,76271800437900,76271800541400,715,
309,76271815163100,76271815493700,76271815595600,715,
310,76271830163100,76271830349700,76271830480400,715,
311,76271845163100,76271845548300,76271845637300,715,
312,76271860163100,76271860685800,76271860743300,715,
313,76271875163100,76271875319400,76271875431700,715,
314,76271890163100,76271890589800,76271890698700,715,
315,76271905163100,76271905281100,76271905333800,715,
316,76271920163100,76271920296700,76271920404000,715,
317,76271935163100,76271935690400,76271935754400,715,
318,76271950163100,76271950461100,76271950566900,715,
319,76271965163100,76271965458600,76271965591800,715,
320,76271980163100,76271980312000,76271980400200,715,
321,76271995163100,76271995445500,76271995566100,715,
322,76272010163100,76272010506300,76272010608300,715,
323,76272025163100,76272025676900,76272025767800,715,
324,76272040163100,76272040497000,76272040577700,715,
325,76272055163100,76272055608100,76272055683400,715,
326,76272070163100,76272071041600,76272071223300,715,
327,76272085163100,76272085939600,76272086080100,715,
328,76272100163100,76272100999800,76272101138800,715,
329,76272115163100,76272115422400,76272115539200,715,
330,76272130163100,76272130527800,76272130611300,715,
331,76272145163100,76272145371700,76272145468500,715,
332,76272160163100,76272160619300,76272160691800,715,
333,76272175163100,76272175370700,76272175462400,715,
334,76272190163100,76272190418500,76272190496300,715,
335,76272205163100,76272205862800,76272205941600,715,
336,76272220163100,76272220373900,76272220506400,715,
337,76272235163100,76272235589400,76272235737700,715,
338,76272250163100,76272250708400,76272250843600,715,
339,76272265163100,76272266085800,76272266225600,715,
340,76272280163100,76272280667400,76272280823600,715,
341,76272295163100,76272296032500,76272296161700,715,
342,76272310163100,76272310623300,76272310762300,715,
343,76272325163100,76272325863900,76272326009400,715,
344,76272340163100,76272340328700,76272340412100,715,
345,76272355163100,76272355939100,76272356067300,715,
346,76272370163100,76272371112000,76272371246200,715,
347,76272385163100,76272385820200,76272385948300,715,
348,76272400163100,76272400696300,76272400797700,715,
349,76272415163100,76272415473200,76272415541700,715,
350,76272430163100,76272430502200,76272430639400,715,
351,76272445163100,76272445901100,76272446038800,715,
352,76272460163100,76272460879300,76272461014800,715,
353,76272475163100,76272475315700,76272475397500,715,
354,76272490163100,76272490624900,76272490707800,715,
355,76272505163100,76272505480400,76272505615200,715,
356,76272520163100,76272520730800,76272520867400,715,
357,76272535163100,76272535578100,76272535714900,715,
358,76272550163100,76272550403400,76272550485600,715,
359,76272565163100,76272565630500,76272565794100,715,
360,76272580163100,76272580440700,76272580581000,715,
361,76272595163100,76272595258000,76272595371500,715,
362,76272610163100,76272610732400,76272610847900,715,
363,76272625163100,76272625353900,76272625431800,715,
364,76272640163100,76272640350700,76272640434900,715,
365,76272655163100,76272655291900,76272655398000,715,
366,76272670163100,76272670215500,76272670291800,715,
367,76272685163100,76272685538400,76272685585400,715,
368,76272700163100,76272700601800,76272700676600,715,
369,76272715163100,76272715428100,76272715564200,715,
370,76272730163100,76272730793200,76272730852900,715,
371,76272745163100,76272745371400,76272745430200,715,
372,76272760163100,76272760658700,76272760720800,715,
373,76272775163100,76272775504200,76272775577500,715,
374,76272790163100,76272790313500,76272790429900,715,
375,76272805163100,76272805241900,76272805299800,715,
376,76272820163100,76272820632600,76272820730800,715,
377,76272835163100,76272835451800,76272835509600,715,
378,76272850163100,76272850448700,76272850510800,715,
379,76272865163100,76272865262700,76272865349500,715,
380,76272880163100,76272880660500,76272880750700,715,
381,76272895163100,76272895644500,76272895702900,715,
382,76272910163100,76272910659200,76272910717400,715,
383,76272925163100,76272925432600,76272925531300,715,
384,76272940163100,76272940648300,76272940706400,715,
385,76272955163100,76272955265300,76272955353500,715,
386,76272970163100,76272970507500,76272970587000,715,
387,76272985163100,76272985439300,76272985501800,715,
388,76273000163100,76273000540800,76273000607000,715,
389,76273015163100,76273015519800,76273015607400,715,
390,76273030163100,76273030693300,76273030752000,715,
391,76273045163100,76273045590200,76273045673600,715,
392,76273060163100,76273060544800,76273060623400,715,
393,76273075163100,76273075429400,76273075509600,715,
394,76273090163100,76273090499400,76273090605200,715,
395,76273105163100,76273105580500,76273105710100,715,
396,76273120163100,76273120653600,76273120764500,715,
397,76273135163100,76273135414200,76273135484200,715,
398,76273150163100,76273150248800,76273150359800,715,
399,76273165163100,76273165462700,76273165525300,715,
400,76273180163100,76273180626300,76273180726700,715,
401,76273195163100,76273195706900,76273195776400,715,
402,76273210163100,76273210682300,76273210752900,715,
403,76273225163100,76273225230600,76273225311400,715,
404,76273240163100,76273240289000,76273240402000,715,
405,76273255163100,76273255680800,76273255797900,715,
406,76273270163100,76273270600700,76273270681800,715,
407,76273285163100,76273285215200,76273285295200,715,
408,76273300163100,76273300289100,76273300345000,715,
409,76273315163100,76273315464600,76273315558000,715,
410,76273330163100,76273330285500,76273330389100,715,
411,76273345163100,76273345479600,76273345543100,715,
412,76273360163100,76273360818000,76273360893400,715,
413,76273375163100,76273375340800,76273375460400,715,
414,76273390163100,76273390562800,76273390678500,715,
415,76273405163100,76273405361700,76273405423100,715,
416,76273420163100,76273420654400,76273420731900,715,
417,76273435163100,76273435738100,76273435825700,715,
418,76273450163100,76273450573000,76273450640600,715,
419,76273465163100,76273465718800,76273465835700,715,
420,76273480163100,76273480845500,76273480962300,715,
421,76273495163100,76273495670100,76273495758800,715,
422,76273510163100,76273510384600,76273510503700,715,
423,76273525163100,76273525643400,76273525716100,715,
424,76273540163100,76273540319100,76273540384200,715,
425,76273555163100,76273555406300,76273555514900,715,
426,76273570163100,76273570711500,76273570780400,715,
427,76273585163100,76273585492500,76273585575900,715,
428,76273600163100,76273600236700,76273600347700,715,
429,76273615163100,76273615427500,76273615494300,715,
430,76273630163100,76273630423800,76273630494900,715,
431,76273645163100,76273645533700,76273645606300,715,
432,76273660163100,76273660241800,76273660384800,715,
433,76273675163100,76273675275800,76273675390300,715,
434,76273690163100,76273690604200,76273690679500,715,
435,76273705163100,76273705236500,76273705316500,715,
436,76273720163100,76273720453000,76273720548600,715,
437,76273735163100,76273735617900,76273735719400,715,
438,76273750163100,76273750564300,76273750671500,715,
439,76273765163100,76273765448200,76273765572400,715,
440,76273780163100,76273780386500,76273780465400,715,
441,76273795163100,76273795396600,76273795542400,715,
442,76273810163100,76273810210100,76273810282200,715,
443,76273825163100,76273825253600,76273825325100,715,
444,76273840163100,76273840698600,76273840778800,715,
445,76273855163100,76273855396200,76273855472000,715,
446,76273870163100,76273870781100,76273870938200,715,
447,76273885163100,76273885750400,76273885882300,715,
448,76273900163100,76273900757700,76273900893700,715,
449,76273915163100,76273915978400,76273916114900,715,
450,76273930163100,76273930296900,76273930412600,715,
451,76273945163100,76273945433700,76273945562300,715,
452,76273960163100,76273960680400,76273960815200,715,
453,76273975163100,76273976257100,76273976394300,715,
454,76273990163100,76273991007900,76273991149000,715,
455,76274005163100,76274005600600,76274005707300,715,
456,76274020163100,76274020521100,76274020664500,715,
457,76274035163100,76274035231200,76274035358800,715,
458,76274050163100,76274050502600,76274050583600,715,
459,76274065163100,76274065505100,76274065578800,715,
460,76274080163100,76274080370400,76274080426900,715,
461,76274095163100,76274095559400,76274095660600,715,
462,76274110163100,76274110365400,76274110442500,715,
463,76274125163100,76274125359400,76274125438700,715,
464,76274140163100,76274140616800,76274140736600,715,
465,76274155163100,76274155778700,76274155858100,715,
466,76274170163100,76274170420900,76274170538000,715,
467,76274185163100,76274185643700,76274185719100,715,
468,76274200163100,76274200508500,76274200586400,715,
469,76274215163100,76274215354100,76274215435000,715,
470,76274230163100,76274230344700,76274230438700,715,
471,76274245163100,76274245674500,76274245779200,715,
472,76274260163100,76274260343300,76274260419900,715,
473,76274275163100,76274275762400,76274275877000,715,
474,76274290163100,76274290506800,76274290574700,715,
475,76274305163100,76274305257800,76274305366200,715,
476,76274320163100,76274320409900,76274320508300,715,
477,76274335163100,76274335248900,76274335358600,715,
478,76274350163100,76274350520200,76274350600900,715,
479,76274365163100,76274365491300,76274365576700,715,
480,76274380163100,76274380285900,76274380402700,715,
481,76274395163100,76274395495100,76274395625400,715,
482,76274410163100,76274411054200,76274411183900,715,
483,76274425163100,76274425534600,76274425649000,715,
484,76274440163100,76274440498700,76274440613800,715,
485,76274455163100,76274455754100,76274455855300,715,
486,76274470163100,76274470283100,76274470395200,715,
487,76274485163100,76274485600000,76274485726800,715,
488,76274500163100,76274500560100,76274500635500,715,
489,76274515163100,76274515528800,76274515616100,715,
490,76274530163100,76274530572800,76274530671800,715,
491,76274545163100,76274545565500,76274545646200,715,
492,76274560163100,76274560712100,76274560791800,715,
493,76274575163100,76274575477700,76274575609100,715,
494,76274590163100,76274590437300,76274590626900,715,
495,76274605163100,76274605586700,76274605669500,715,
496,76274620163100,76274620498700,76274620588900,715,
497,76274635163100,76274635384200,76274635464100,715,
498,76274650163100,76274650683100,76274650748300,715,
499,76274665163100,76274665253700,76274665390500,715,
500,76274680163100,76274680730800,76274680832000,715,
501,76274695163100,76274695472300,76274695543300,715,
502,76274710163100,76274710240600,76274710316800,715,
503,76274725163100,76274725338200,76274725415300,715,
504,76274740163100,76274740389200,76274740524300,715,
505,76274755163100,76274755589600,76274755726700,715,
506,76274770163100,76274770884600,76274771023800,715,
507,76274785163100,76274785583000,76274785703800,715,
508,76274800163100,76274800635500,76274800713600,715,
509,76274815163100,76274815498400,76274815568900,715,
510,76274830163100,76274830837100,76274830974100,715,
511,76274845163100,76274845544500,76274845605700,715,
512,76274860163100,76274860389700,76274860492800,715,
513,76274875163100,76274875418600,76274875499200,715,
514,76274890163100,76274890606700,76274890686000,715,
515,76274905163100,76274906335600,76274906484800,715,
516,76274920163100,76274920777300,76274920926600,715,
517,76274935163100,76274935887700,76274935989100,715,
518,76274950163100,76274950439100,76274950596500,715,
519,76274965163100,76274965898000,76274966035000,715,
520,76274980163100,76274980537900,76274980676700,715,
521,76274995163100,76274995225300,76274995339500,715,
522,76275010163100,76275010316900,76275010396000,715,
523,76275025163100,76275025593700,76275025753700,715,
524,76275040163100,76275040403400,76275040524800,715,
525,76275055163100,76275055575400,76275055658000,715,
526,76275070163100,76275070649700,76275070788600,715,
527,76275085163100,76275085421800,76275085507100,715,
528,76275100163100,76275100566800,76275100691500,715,
529,76275115163100,76275115774200,76275115911400,715,
530,76275130163100,76275131102900,76275131244100,715,
531,76275145163100,76275145313500,76275145428400,715,
532,76275160163100,76275160429100,76275160545100,715,
533,76275175163100,76275175688500,76275175824400,715,
534,76275190163100,76275190732800,76275190869300,715,
535,76275205163100,76275205363600,76275205455500,715,
536,76275220163100,76275220474000,76275220553300,715,
537,76275235163100,76275235603100,76275235755800,715,
538,76275250163100,76275250625500,76275250759900,715,
539,76275265163100,76275265588500,76275265724900,715,
540,76275280163100,76275281446400,76275281586100,715,
541,76275295163100,76275295359000,76275295449700,715,
542,76275310163100,76275310371100,76275310502500,715,
543,76275325163100,76275325283400,76275325399400,715,
544,76275340163100,76275340300600,76275340417900,715,
545,76275355163100,76275355681500,76275355802700,715,
546,76275370163100,76275370415300,76275370537700,715,
547,76275385163100,76275385587200,76275385740600,715,
548,76275400163100,76275401106100,76275401241300,715,
549,76275415163100,76275415706700,76275415825800,715,
550,76275430163100,76275430225100,76275430305200,715,
551,76275445163100,76275445622700,76275445758600,715,
552,76275460163100,76275460246900,76275460374700,715,
553,76275475163100,76275475524600,76275475661100,715,
554,76275490163100,76275490266800,76275490383300,715,
555,76275505163100,76275505300700,76275505440000,715,
556,76275520163100,76275520230800,76275520332600,715,
557,76275535163100,76275535778500,76275535892900,715,
558,76275550163100,76275550816100,76275550954000,715,
559,76275565163100,76275565382400,76275565468000,715,
560,76275580163100,76275580349300,76275580479100,715,
561,76275595163100,76275595876300,76275595969800,715,
562,76275610163100,76275610482900,76275610602300,715,
563,76275625163100,76275625703500,76275625780100,715,
564,76275640163100,76275640343400,76275640456200,715,
565,76275655163100,76275655459800,76275655544400,715,
566,76275670163100,76275670341700,76275670431600,715,
567,76275685163100,76275685586100,76275685674900,715,
568,76275700163100,76275700259200,76275700373700,715,
569,76275715163100,76275715411100,76275715490900,715,
570,76275730163100,76275730401500,76275730465800,715,
571,76275745163100,76275745471100,76275745588800,715,
572,76275760163100,76275760366400,76275760479100,715,
573,76275775163100,76275775438000,76275775519500,715,
574,76275790163100,76275790334000,76275790462700,715,
575,76275805163100,76275805578800,76275805638200,715,
576,76275820163100,76275820629900,76275820727500,715,
577,76275835163100,76275835441900,76275835561800,715,
578,76275850163100,76275850962300,76275851101100,715,
579,76275865163100,76275865573200,76275865674900,715,
580,76275880163100,76275880486500,76275880613300,715,
581,76275895163100,76275895773700,76275895891400,715,
582,76275910163100,76275910266800,76275910380300,715,
583,76275925163100,76275925308000,76275925414500,715,
584,76275940163100,76275940696900,76275940838100,715,
585,76275955163100,76275955803200,76275955940900,715,
586,76275970163100,76275970347100,76275970462800,715,
587,76275985163100,76275985244800,76275985367000,715,
588,76276000163100,76276000987600,76276001107300,715,
589,76276015163100,76276015471800,76276015554900,715,
590,76276030163100,76276030760000,76276030891700,715,
591,76276045163100,76276045721600,76276045858000,715,
592,76276060163100,76276060560700,76276060698600,715,
593,76276075163100,76276075257200,76276075306700,715,
594,76276090163100,76276090533900,76276090611900,715,
595,76276105163100,76276105325400,76276105441200,715,
596,76276120163100,76276120368500,76276120449100,715,
597,76276135163100,76276135450500,76276135525700,715,
598,76276150163100,76276150633100,76276150709300,715,
599,76276165163100,76276165689700,76276165742500,715,
600,76276180163100,76276180276800,76276180409800,715,
601,76276195163100,76276195600500,76276195734100,715,
602,76276210163100,76276211184300,76276211319200,715,
603,76276225163100,76276225761800,76276225896600,715,
604,76276240163100,76276240601000,76276240680200,715,
605,76276255163100,76276255243300,76276255361800,715,
606,76276270163100,76276271292600,76276271429100,715,
607,76276285163100,76276285960900,76276286095300,715,
608,76276300163100,76276300523500,76276300596700,715,
609,76276315163100,76276315720100,76276315831000,715,
610,76276330163100,76276330584400,76276330712900,715,
611,76276345163100,76276345845300,76276345979400,715,
612,76276360163100,76276360267600,76276360380000,715,
613,76276375163100,76276375786900,76276375900300,715,
614,76276390163100,76276390600600,76276390725600,715,
615,76276405163100,76276405712800,76276405843300,715,
616,76276420163100,76276420387400,76276420464000,715,
617,76276435163100,76276435241500,76276435338400,715,
618,76276450163100,76276450794600,76276450911200,715,
619,76276465163100,76276465369600,76276465517100,715,
620,76276480163100,76276480892400,76276481023000,715,
621,76276495163100,76276495613900,76276495688700,715,
622,76276510163100,76276510398600,76276510506300,715,
623,76276525163100,76276525523700,76276525620500,715,
624,76276540163100,76276540554000,76276540696400,715,
625,76276555163100,76276555776300,76276555904900,715,
626,76276570163100,76276571237000,76276571373600,715,
627,76276585163100,76276585543500,76276585682700,715,
628,76276600163100,76276600354900,76276600437900,715,
629,76276615163100,76276615372200,76276615502400,715,
630,76276630163100,76276630704800,76276630839100,715,
631,76276645163100,76276645561200,76276645644200,715,
632,76276660163100,76276660715800,76276660839400,715,
633,76276675163100,76276675492100,76276675610800,715,
634,76276690163100,76276690615100,76276690717400,715,
635,76276705163100,76276705565100,76276705647700,715,
636,76276720163100,76276721085900,76276721222600,715,
637,76276735163100,76276735819000,76276735900900,715,
638,76276750163100,76276750576400,76276750750700,715,
639,76276765163100,76276765457800,76276765526700,715,
640,76276780163100,76276780829700,76276780965100,715,
641,76276795163100,76276795295000,76276795367100,715,
642,76276810163100,76276810602500,76276810661300,715,
643,76276825163100,76276825452000,76276825577800,715,
644,76276840163100,76276840580900,76276840717600,715,
645,76276855163100,76276855549000,76276855687500,715,
646,76276870163100,76276870262300,76276870359200,715,
647,76276885163100,76276885517900,76276885595600,715,
648,76276900163100,76276900593600,76276900723900,715,
649,76276915163100,76276915590100,76276915727400,715,
650,76276930163100,76276931015500,76276931154900,715,
651,76276945163100,76276945554300,76276945655200,715,
652,76276960163100,76276961004400,76276961155300,715,
653,76276975163100,76276975756500,76276975893800,715,
654,76276990163100,76276990554800,76276990688500,715,
655,76277005163100,76277006085900,76277006224900,715,
656,76277020163100,76277020808200,76277020945100,715,
657,76277035163100,76277035420100,76277035475700,715,
658,76277050163100,76277050433400,76277050557900,715,
659,76277065163100,76277066601200,76277066733000,715,
660,76277080163100,76277080963400,76277081097500,715,
661,76277095163100,76277095487900,76277095596800,715,
662,76277110163100,76277110506100,76277110578500,715,
663,76277125163100,76277125410500,76277125545400,715,
664,76277140163100,76277140558800,76277140694600,715,
665,76277155163100,76277155701100,76277155838200,715,
666,76277170163100,76277170600100,76277170680600,715,
667,76277185163100,76277185349200,76277185459600,715,
668,76277200163100,76277200239600,76277200303400,715,
669,76277215163100,76277215242700,76277215324800,715,
670,76277230163100,76277230602200,76277230721400,715,
671,76277245163100,76277245456100,76277245535100,715,
672,76277260163100,76277260321100,76277260459000,715,
673,76277275163100,76277275759100,76277275900500,715,
674,76277290163100,76277290453300,76277290507100,715,
675,76277305163100,76277305218200,76277305297300,715,
676,76277320163100,76277320680800,76277320732100,715,
677,76277335163100,76277335270400,76277335401400,715,
678,76277350163100,76277350820400,76277350948200,715,
679,76277365163100,76277366237800,76277366366800,715,
680,76277380163100,76277380482700,76277380601800,715,
681,76277395163100,76277395683000,76277395761700,715,
682,76277410163100,76277410563900,76277410687800,715,
683,76277425163100,76277425325700,76277425411500,715,
684,76277440163100,76277440617400,76277440672400,715,
685,76277455163100,76277455422600,76277455487600,715,
686,76277470163100,76277470635600,76277470758700,715,
687,76277485163100,76277485631200,76277485722000,715,
688,76277500163100,76277500376400,76277500489500,715,
689,76277515163100,76277515463800,76277515595500,715,
690,76277530163100,76277530348300,76277530447200,715,
691,76277545163100,76277545925500,76277546044400,715,
692,76277560163100,76277561202800,76277561336000,715,
693,76277575163100,76277575832500,76277575968400,715,
694,76277590163100,76277591932000,76277592067900,715,
695,76277605163100,76277605688500,76277605801700,715,
696,76277620163100,76277620324000,76277620476900,715,
697,76277635163100,76277635523000,76277635625400,715,
698,76277650163100,76277650230100,76277650323800,715,
699,76277665163100,76277666019700,76277666155400,715,
700,76277680163100,76277680703700,76277680784900,715,
701,76277695163100,76277695981000,76277696137100,715,
702,76277710163100,76277710989700,76277711126600,715,
703,76277725163100,76277725286900,76277725398000,715,
704,76277740163100,76277740427600,76277740556600,715,
705,76277755163100,76277755441100,76277755539800,715,
706,76277770163100,76277770566000,76277770692600,715,
707,76277785163100,76277785613300,76277785685500,715,
708,76277800163100,76277800248800,76277800355000,715,
709,76277815163100,76277815215600,76277815274100,715,
710,76277830163100,76277830320400,76277830364900,715,
711,76277845163100,76277845250700,76277845340100,715,
712,76277860163100,76277861076800,76277861187300,715,
713,76277875163100,76277876421800,76277876555300,715,
714,76277890163100,76277890458200,76277890559400,715,
715,76277905163100,76277905633600,76277905757500,715,
716,76277920163100,76277920565100,76277920695500,715,
717,76277935163100,76277935596800,76277935715300,715,
718,76277950163100,76277950942900,76277951078200,715,
719,76277965163100,76277965354800,76277965433200,715,
720,76277980163100,76277980340900,76277980446700,715,
721,76277995163100,76277995485300,76277995605700,715,
722,76278010163100,76278010685300,76278010760400,715,
723,76278025163100,76278025463000,76278025533000,715,
724,76278040163100,76278040581900,76278040649700,715,
725,76278055163100,76278055362400,76278055452200,715,
726,76278070163100,76278070908200,76278071043800,715,
727,76278085163100,76278085642900,76278085779200,715,
728,76278100163100,76278101189600,76278101326100,715,
729,76278115163100,76278115354400,76278115410600,715,
730,76278130163100,76278130417400,76278130547800,715,
731,76278145163100,76278145374100,76278145506100,715,
732,76278160163100,76278160371400,76278160475100,715,
733,76278175163100,76278175299400,76278175382300,715,
734,76278190163100,76278190407900,76278190490200,715,
735,76278205163100,76278205320000,76278205445700,715,
736,76278220163100,76278220860600,76278220990600,715,
737,76278235163100,76278236018900,76278236157400,715,
738,76278250163100,76278250561400,76278250640700,715,
739,76278265163100,76278265571400,76278265634100,715,
740,76278280163100,76278280736700,76278280864900,715,
741,76278295163100,76278295822900,76278295958100,715,
742,76278310163100,76278311061400,76278311194900,715,
743,76278325163100,76278325343200,76278325471800,715,
744,76278340163100,76278340439600,76278340568200,715,
745,76278355163100,76278356211500,76278356343300,715,
746,76278370163100,76278370829300,76278370966300,715,
747,76278385163100,76278386078700,76278386213700,715,
748,76278400163100,76278400313900,76278400395300,715,
749,76278415163100,76278415542900,76278415626300,715,
750,76278430163100,76278430222700,76278430305400,715,
751,76278445163100,76278445433300,76278445490200,715,
752,76278460163100,76278460218900,76278460290700,715,
753,76278475163100,76278475508700,76278475591600,715,
754,76278490163100,76278490767600,76278490874300,715,
755,76278505163100,76278505684200,76278505823100,715,
756,76278520163100,76278520633800,76278520721300,715,
757,76278535163100,76278535690900,76278535777500,715,
758,76278550163100,76278550254300,76278550331100,715,
759,76278565163100,76278565394700,76278565482600,715,
760,76278580163100,76278580252900,76278580330700,715,
761,76278595163100,76278595319400,76278595369600,715,
762,76278610163100,76278610577200,76278610668700,715,
763,76278625163100,76278625691600,76278625816000,715,
764,76278640163100,76278640670200,76278640749900,715,
765,76278655163100,76278655887800,76278655966800,715,
766,76278670163100,76278671065700,76278671200600,715,
767,76278685163100,76278685896300,76278685955500,715,
768,76278700163100,76278700796900,76278700920800,715,
769,76278715163100,76278715876100,76278716009300,715,
770,76278730163100,76278730836900,76278730974600,715,
771,76278745163100,76278745599900,76278745678800,715,
772,76278760163100,76278760633000,76278760693200,715,
773,76278775163100,76278775792800,76278775901000,715,
774,76278790163100,76278791231000,76278791363100,715,
775,76278805163100,76278805588500,76278805724700,715,
776,76278820163100,76278820564600,76278820701700,715,
777,76278835163100,76278835350100,76278835429800,715,
778,76278850163100,76278850958900,76278851091500,715,
779,76278865163100,76278865376700,76278865475900,715,
780,76278880163100,76278880561700,76278880699500,715,
781,76278895163100,76278896138800,76278896273100,715,
782,76278910163100,76278910646100,76278910747600,715,
783,76278925163100,76278925300500,76278925421800,715,
784,76278940163100,76278940247500,76278940336500,715,
785,76278955163100,76278955638700,76278955734900,715,
786,76278970163100,76278970276800,76278970379100,715,
787,76278985163100,76278985324500,76278985477500,715,
788,76279000163100,76279000668600,76279000747200,715,
789,76279015163100,76279015261100,76279015359600,715,
790,76279030163100,76279030397800,76279030448600,715,
791,76279045163100,76279045325000,76279045374800,715,
792,76279060163100,76279060255000,76279060354100,715,
793,76279075163100,76279075834800,76279075973100,715,
794,76279090163100,76279090676100,76279090814100,715,
795,76279105163100,76279105618900,76279105675600,715,
796,76279120163100,76279120224800,76279120289700,715,
797,76279135163100,76279135459600,76279135609300,715,
798,76279150163100,76279150901900,76279151035300,715,
799,76279165163100,76279166142600,76279166280000,715,
800,76279180163100,76279180413800,76279180492200,715,
801,76279195163100,76279195654000,76279195724700,715,
802,76279210163100,76279210600600,76279210730300,715,
803,76279225163100,76279226068900,76279226195800,715,
804,76279240163100,76279241489300,76279241618700,715,
805,76279255163100,76279255828700,76279255963400,715,
806,76279270163100,76279270323300,76279270475700,715,
807,76279285163100,76279285259500,76279285314300,715,
808,76279300163100,76279300565200,76279300694000,715,
809,76279315163100,76279315587500,76279315707000,715,
810,76279330163100,76279330535100,76279330615100,715,
811,76279345163100,76279345428300,76279345487900,715,
812,76279360163100,76279360531400,76279360637400,715,
813,76279375163100,76279375367900,76279375456400,715,
814,76279390163100,76279390224400,76279390282000,715,
815,76279405163100,76279405559600,76279405638400,715,
816,76279420163100,76279420400400,76279420496700,715,
817,76279435163100,76279435734900,76279435827800,715,
818,76279450163100,76279450256900,76279450368500,715,
819,76279465163100,76279465545000,76279465617600,715,
820,76279480163100,76279480288600,76279480411500,715,
821,76279495163100,76279495766800,76279495836800,715,
822,76279510163100,76279510265200,76279510355700,715,
823,76279525163100,76279525471600,76279525582300,715,
824,76279540163100,76279540600100,76279540715900,715,
825,76279555163100,76279555410000,76279555495000,715,
826,76279570163100,76279570458500,76279570558300,715,
827,76279585163100,76279585938500,76279586074600,715,
828,76279600163100,76279600378600,76279600506800,715,
829,76279615163100,76279615215900,76279615298700,715,
830,76279630163100,76279630705800,76279630792700,715,
831,76279645163100,76279645255300,76279645343700,715,
832,76279660163100,76279661295500,76279661431600,715,
833,76279675163100,76279675254600,76279675371200,715,
834,76279690163100,76279690348200,76279690470500,715,
835,76279705163100,76279705545200,76279705620000,715,
836,76279720163100,76279720932900,76279721055100,715,
837,76279735163100,76279735771900,76279735908900,715,
838,76279750163100,76279751274300,76279751391000,715,
839,76279765163100,76279765519500,76279765599400,715,
840,76279780163100,76279780484800,76279780545000,715,
841,76279795163100,76279795715800,76279795848200,715,
842,76279810163100,76279810506300,76279810555100,715,
843,76279825163100,76279825644900,76279825782200,715,
844,76279840163100,76279840407600,76279840531800,715,
845,76279855163100,76279855505700,76279855681400,715,
846,76279870163100,76279871325800,76279871462800,715,
847,76279885163100,76279885736100,76279885871700,715,
848,76279900163100,76279900519200,76279900634600,715,
849,76279915163100,76279915463800,76279915547800,715,
850,76279930163100,76279930357500,76279930476800,715,
851,76279945163100,76279945716500,76279945855000,715,
852,76279960163100,76279961544200,76279961644300,715,
853,76279975163100,76279975606800,76279975722600,715,
854,76279990163100,76279990812200,76279990939700,715,
855,76280005163100,76280005468000,76280005593200,715,
856,76280020163100,76280020268800,76280020368600,715,
857,76280035163100,76280036211300,76280036348800,715,
858,76280050163100,76280050456900,76280050595100,715,
859,76280065163100,76280065451100,76280065566800,715,
860,76280080163100,76280080558200,76280080662000,715,
861,76280095163100,76280095225800,76280095310700,715,
862,76280110163100,76280111505600,76280111611600,715,
863,76280125163100,76280125231900,76280125284200,715,
864,76280140163100,76280140348200,76280140497400,715,
865,76280155163100,76280155774900,76280155901400,715,
866,76280170163100,76280170211600,76280170269800,715,
867,76280185163100,76280186356300,76280186490100,715,
868,76280200163100,76280200756700,76280200858500,715,
869,76280215163100,76280215573600,76280215660100,715,
870,76280230163100,76280230741800,76280230868600,715,
871,76280245163100,76280245792900,76280245927500,715,
872,76280260163100,76280260267000,76280260365300,715,
873,76280275163100,76280275353200,76280275432900,715,
874,76280290163100,76280290386000,76280290520500,715,
875,76280305163100,76280305543600,76280305586300,715,
876,76280320163100,76280320463400,76280320499900,715,
877,76280335163100,76280335494600,76280335526400,715,
878,76280350163100,76280350559600,76280350604400,715,
879,76280365163100,76280365639200,76280365730000,715,
880,76280380163100,76280380492700,76280380584800,715,
881,76280395163100,76280395679400,76280395788600,715,
882,76280410163100,76280410539800,76280410647200,715,
883,76280425163100,76280425601700,76280425678800,715,
884,76280440163100,76280440657600,76280440776600,715,
885,76280455163100,76280455308300,76280455385400,715,
886,76280470163100,76280470378900,76280470452500,715,
887,76280485163100,76280485408400,76280485477600,715,
888,76280500163100,76280500376700,76280500468200,715,
889,76280515163100,76280515311900,76280515426500,715,
890,76280530163100,76280530428100,76280530538000,715,
891,76280545163100,76280545680900,76280545798700,715,
892,76280560163100,76280560429100,76280560499100,715,
893,76280575163100,76280575279900,76280575374200,715,
894,76280590163100,76280590710100,76280590803600,715,
895,76280605163100,76280605530100,76280605646400,715,
896,76280620163100,76280620485200,76280620564500,715,
897,76280635163100,76280635525900,76280635576700,715,
898,76280650163100,76280650402400,76280650625400,715,
899,76280665163100,76280665714900,76280665801300,715,
900,76280680163100,76280680229000,76280680337600,715,
901,76280695163100,76280695248700,76280695363800,715,
902,76280710163100,76280710470200,76280710541500,715,
903,76280725163100,76280725293600,76280725405500,715,
904,76280740163100,76280740579700,76280740640500,715,
905,76280755163100,76280755284400,76280755374400,715,
906,76280770163100,76280770301500,76280770359900,715,
907,76280785163100,76280785270500,76280785333200,715,
908,76280800163100,76280800595100,76280800723900,715,
909,76280815163100,76280815565700,76280815706700,715,
910,76280830163100,76280830313200,76280830414300,715,
911,76280845163100,76280845516600,76280845625700,715,
912,76280860163100,76280860498900,76280860595200,715,
913,76280875163100,76280875313400,76280875396300,715,
914,76280890163100,76280890670000,76280890743200,715,
915,76280905163100,76280905572200,76280905680500,715,
916,76280920163100,76280920362800,76280920406600,715,
917,76280935163100,76280935391900,76280935487100,715,
918,76280950163100,76280950574200,76280950669700,715,
919,76280965163100,76280965540800,76280965651200,715,
920,76280980163100,76280980697200,76280980808800,715,
921,76280995163100,76280995713100,76280995819500,715,
922,76281010163100,76281010249300,76281010346700,715,
923,76281025163100,76281025361200,76281025442800,715,
924,76281040163100,76281040415300,76281040508800,715,
925,76281055163100,76281055840800,76281055974400,715,
926,76281070163100,76281070593900,76281070673300,715,
927,76281085163100,76281085379200,76281085446300,715,
928,76281100163100,76281100552600,76281100687300,715,
929,76281115163100,76281115636300,76281115769400,715,
930,76281130163100,76281131143800,76281131280600,715,
931,76281145163100,76281145936100,76281146003200,715,
932,76281160163100,76281160462500,76281160588800,715,
933,76281175163100,76281175664200,76281175773000,715,
934,76281190163100,76281190277600,76281190389100,715,
935,76281205163100,76281205470500,76281205590000,715,
936,76281220163100,76281220301300,76281220364100,715,
937,76281235163100,76281235606600,76281235732400,715,
938,76281250163100,76281250265000,76281250386600,715,
939,76281265163100,76281265754900,76281265889700,715,
940,76281280163100,76281281284900,76281281421900,715,
941,76281295163100,76281295433900,76281295505900,715,
942,76281310163100,76281310300900,76281310379900,715,
943,76281325163100,76281326420000,76281326553700,715,
944,76281340163100,76281341271500,76281341406700,715,
945,76281355163100,76281355441400,76281355539300,715,
946,76281370163100,76281370488700,76281370578600,715,
947,76281385163100,76281385673200,76281385810300,715,
948,76281400163100,76281401021100,76281401158800,715,
949,76281415163100,76281415452200,76281415589500,715,
950,76281430163100,76281430525900,76281430598200,715,
951,76281445163100,76281445310200,76281445471100,715,
952,76281460163100,76281460592100,76281460725600,715,
953,76281475163100,76281475661900,76281475796700,715,
954,76281490163100,76281490599500,76281490716400,715,
955,76281505163100,76281505332300,76281505430700,715,
956,76281520163100,76281520548900,76281520635400,715,
957,76281535163100,76281535936600,76281536075300,715,
958,76281550163100,76281550269400,76281550387700,715,
959,76281565163100,76281565295000,76281565350400,715,
960,76281580163100,76281580296600,76281580382200,715,
961,76281595163100,76281595829600,76281595961000,715,
962,76281610163100,76281610364500,76281610444000,715,
963,76281625163100,76281625260700,76281625361800,715,
964,76281640163100,76281640614100,76281640694500,715,
965,76281655163100,76281655621200,76281655715900,715,
966,76281670163100,76281670479000,76281670612500,715,
967,76281685163100,76281686066800,76281686203800,715,
968,76281700163100,76281700286500,76281700393100,715,
969,76281715163100,76281715253800,76281715364300,715,
970,76281730163100,76281730400400,76281730500000,715,
971,76281745163100,76281745715800,76281745836400,715,
972,76281760163100,76281760381700,76281760499300,715,
973,76281775163100,76281775591700,76281775664800,715,
974,76281790163100,76281790609000,76281790690000,715,
975,76281805163100,76281805814200,76281805942000,715,
976,76281820163100,76281820562200,76281820693100,715,
977,76281835163100,76281835334600,76281835443000,715,
978,76281850163100,76281850658700,76281850792000,715,
979,76281865163100,76281865615300,76281865716300,715,
980,76281880163100,76281880622800,76281880791700,715,
981,76281895163100,76281895777900,76281895914200,715,
982,76281910163100,76281910929900,76281911014300,715,
983,76281925163100,76281926332600,76281926465900,715,
984,76281940163100,76281940420100,76281940480000,715,
985,76281955163100,76281955684000,76281955836600,715,
986,76281970163100,76281970868600,76281971005800,715,
987,76281985163100,76281985979500,76281986119800,715,
988,76282000163100,76282000299300,76282000418100,715,
989,76282015163100,76282015404500,76282015489500,715,
990,76282030163100,76282030371400,76282030503400,715,
991,76282045163100,76282045833900,76282045968600,715,
992,76282060163100,76282060224600,76282060291200,715,
993,76282075163100,76282075275400,76282075349000,715,
994,76282090163100,76282090246700,76282090336700,715,
995,76282105163100,76282105878400,76282105972500,715,
996,76282120163100,76282120684000,76282120796500,715,
997,76282135163100,76282135537200,76282135671900,715,
998,76282150163100,76282150241000,76282150319400,715,
999,76282165163100,76282166120800,76282166221300,715,
1000,76282180163100,76282180457500,76282180523000,715,
1001,76282195163100,76282195262600,76282195370000,715,
1002,76282210163100,76282210398400,76282210456600,715,
1003,76282225163100,76282225354000,76282225412600,715,
1004,76282240163100,76282240719800,76282240870500,715,
1005,76282255163100,76282255288800,76282255351800,715,
1006,76282270163100,76282270242900,76282270328500,715,
1007,76282285163100,76282286340500,76282286476900,715,
1008,76282300163100,76282300478700,76282300566800,715,
1009,76282315163100,76282315515900,76282315605100,715,
1010,76282330163100,76282330618000,76282330751400,715,
1011,76282345163100,76282345946300,76282346082300,715,
1012,76282360163100,76282361032000,76282361167600,715,
1013,76282375163100,76282375939300,76282376022600,715,
1014,76282390163100,76282390681100,76282390816200,715,
1015,76282405163100,76282405629900,76282405765800,715,
1016,76282420163100,76282420272600,76282420378700,715,
1017,76282435163100,76282435699500,76282435776700,715,
1018,76282450163100,76282450536600,76282450644900,715,
1019,76282465163100,76282465244300,76282465317000,715,
1020,76282480163100,76282480579300,76282480713800,715,
1021,76282495163100,76282495945100,76282496082500,715,
1022,76282510163100,76282510365600,76282510449800,715,
1023,76282525163100,76282525376000,76282525504300,715,
1024,76282540163100,76282540789000,76282540924500,715,
1025,76282555163100,76282556273100,76282556408300,715,
1026,76282570163100,76282570240000,76282570323400,715,
1027,76282585163100,76282585347400,76282585398000,715,
1028,76282600163100,76282600778400,76282600855200,715,
1029,76282615163100,76282615694300,76282615783900,715,
1030,76282630163100,76282630242600,76282630315700,715,
1031,76282645163100,76282645701400,76282645802400,715,
1032,76282660163100,76282660347900,76282660436600,715,
1033,76282675163100,76282675722800,76282675885800,715,
1034,76282690163100,76282690355400,76282690443700,715,
1035,76282705163100,76282705540700,76282705669600,715,
1036,76282720163100,76282720437000,76282720503200,715,
1037,76282735163100,76282735390700,76282735517100,715,
1038,76282750163100,76282750265500,76282750346100,715,
1039,76282765163100,76282765674800,76282765764600,715,
1040,76282780163100,76282781015500,76282781151100,715,
1041,76282795163100,76282795851900,76282795956300,715,
1042,76282810163100,76282810383800,76282810491700,715,
1043,76282825163100,76282825351600,76282825448600,715,
1044,76282840163100,76282840277100,76282840386300,715,
1045,76282855163100,76282855499900,76282855621200,715,
1046,76282870163100,76282870699000,76282870770400,715,
1047,76282885163100,76282885422300,76282885548200,715,
1048,76282900163100,76282900720100,76282900853000,715,
1049,76282915163100,76282915489300,76282915621800,715,
1050,76282930163100,76282930363300,76282930468600,715,
1051,76282945163100,76282945484200,76282945547000,715,
1052,76282960163100,76282960569600,76282960694400,715,
1053,76282975163100,76282975286500,76282975398900,715,
1054,76282990163100,76282990258000,76282990345400,715,
1055,76283005163100,76283005611300,76283005682600,715,
1056,76283020163100,76283020775100,76283020896500,715,
1057,76283035163100,76283035656600,76283035796700,715,
1058,76283050163100,76283051162600,76283051295600,715,
1059,76283065163100,76283065596600,76283065732900,715,
1060,76283080163100,76283080641400,76283080721300,715,
1061,76283095163100,76283095521900,76283095608300,715,
1062,76283110163100,76283110240300,76283110328700,715,
1063,76283125163100,76283125274100,76283125382200,715,
1064,76283140163100,76283140291900,76283140387000,715,
1065,76283155163100,76283155378800,76283155443300,715,
1066,76283170163100,76283170575900,76283170630900,715,
1067,76283185163100,76283185321100,76283185379800,715,
1068,76283200163100,76283200447600,76283200521400,715,
1069,76283215163100,76283215657200,76283215733300,715,
1070,76283230163100,76283230392600,76283230465800,715,
1071,76283245163100,76283245625700,76283245721200,715,
1072,76283260163100,76283260327300,76283260440200,715,
1073,76283275163100,76283275714700,76283275793500,715,
1074,76283290163100,76283290726100,76283290815500,715,
1075,76283305163100,76283305368200,76283305443200,715,
1076,76283320163100,76283320450500,76283320590500,715,
1077,76283335163100,76283335790600,76283335899200,715,
1078,76283350163100,76283350711900,76283350791500,715,
1079,76283365163100,76283365351300,76283365464400,715,
1080,76283380163100,76283380654300,76283380732000,715,
1081,76283395163100,76283395394800,76283395483000,715,
1082,76283410163100,76283410569200,76283410627500,715,
1083,76283425163100,76283425449700,76283425524500,715,
1084,76283440163100,76283440508800,76283440591600,715,
1085,76283455163100,76283455624900,76283455699800,715,
1086,76283470163100,76283470233600,76283470372500,715,
1087,76283485163100,76283485364700,76283485463300,715,
1088,76283500163100,76283500221400,76283500302000,715,
1089,76283515163100,76283515868000,76283515939700,715,
1090,76283530163100,76283530360900,76283530432300,715,
1091,76283545163100,76283545259800,76283545376900,715,
1092,76283560163100,76283560253500,76283560365000,715,
1093,76283575163100,76283575405700,76283575475900,715,
1094,76283590163100,76283590451500,76283590536900,715,
1095,76283605163100,76283605328700,76283605518600,715,
1096,76283620163100,76283620743500,76283620860800,715,
1097,76283635163100,76283635267500,76283635368200,715,
1098,76283650163100,76283650344600,76283650430900,715,
1099,76283665163100,76283665558600,76283665624600,715,
1100,76283680163100,76283680378200,76283680510000,715,
1101,76283695163100,76283695470000,76283695562300,715,
1102,76283710163100,76283710528500,76283710657600,715,
1103,76283725163100,76283725677300,76283725766900,715,
1104,76283740163100,76283740329500,76283740408200,715,
1105,76283755163100,76283755419400,76283755568100,715,
1106,76283770163100,76283770428500,76283770544900,715,
1107,76283785163100,76283785267000,76283785363800,715,
1108,76283800163100,76283800473700,76283800557000,715,
1109,76283815163100,76283815309200,76283815399200,715,
1110,76283830163100,76283830501200,76283830606800,715,
1111,76283845163100,76283845473800,76283845637100,715,
1112,76283860163100,76283860245900,76283860328100,715,
1113,76283875163100,76283875270400,76283875359100,715,
1114,76283890163100,76283890284500,76283890365700,715,
1115,76283905163100,76283905435600,76283905524300,715,
1116,76283920163100,76283920713400,76283920791400,715,
1117,76283935163100,76283935511700,76283935583800,715,
1118,76283950163100,76283950551600,76283950682000,715,
1119,76283965163100,76283965491900,76283965586800,715,
1120,76283980163100,76283980550200,76283980645700,715,
1121,76283995163100,76283995666400,76283995772400,715,
1122,76284010163100,76284010650400,76284010738000,715,
1123,76284025163100,76284025577800,76284025703100,715,
1124,76284040163100,76284040551500,76284040633600,715,
1125,76284055163100,76284055335300,76284055424700,715,
1126,76284070163100,76284070432900,76284070533900,715,
1127,76284085163100,76284085372900,76284085450600,715,
1128,76284100163100,76284100633800,76284100717700,715,
1129,76284115163100,76284115309300,76284115378100,715,
1130,76284130163100,76284130696800,76284130779400,715,
1131,76284145163100,76284145321300,76284145406100,715,
1132,76284160163100,76284160628200,76284160696300,715,
1133,76284175163100,76284175387000,76284175477400,715,
1134,76284190163100,76284190467300,76284190560600,715,
1135,76284205163100,76284205227200,76284205289600,715,
1136,76284220163100,76284220475900,76284220549300,715,
1137,76284235163100,76284235593100,76284235668800,715,
1138,76284250163100,76284250678000,76284250757000,715,
1139,76284265163100,76284265238900,76284265335400,715,
1140,76284280163100,76284280453400,76284280506500,715,
1141,76284295163100,76284295274100,76284295348900,715,
1142,76284310163100,76284310412900,76284310490100,715,
1143,76284325163100,76284325726800,76284325807600,715,
1144,76284340163100,76284340761600,76284340873500,715,
1145,76284355163100,76284355339500,76284355409000,715,
1146,76284370163100,76284370357200,76284370435600,715,
1147,76284385163100,76284385491000,76284385569800,715,
1148,76284400163100,76284400406200,76284400509300,715,
1149,76284415163100,76284415414500,76284415528000,715,
1150,76284430163100,76284430689500,76284430767600,715,
1151,76284445163100,76284445345900,76284445425100,715,
1152,76284460163100,76284460789500,76284460872900,715,
1153,76284475163100,76284475452200,76284475568100,715,
1154,76284490163100,76284490250000,76284490366600,715,
1155,76284505163100,76284505232400,76284505346500,715,
1156,76284520163100,76284520560400,76284520637100,715,
1157,76284535163100,76284535331000,76284535392000,715,
1158,76284550163100,76284550248000,76284550348500,715,
1159,76284565163100,76284565501500,76284565579700,715,
1160,76284580163100,76284580376900,76284580456800,715,
1161,76284595163100,76284595491000,76284595572300,715,
1162,76284610163100,76284610576300,76284610680100,715,
1163,76284625163100,76284625656200,76284625788600,715,
1164,76284640163100,76284640567900,76284640644400,715,
1165,76284655163100,76284655357700,76284655436200,715,
1166,76284670163100,76284670424600,76284670503800,715,
1167,76284685163100,76284685797600,76284685921200,715,
1168,76284700163100,76284700745400,76284700837600,715,
1169,76284715163100,76284715250000,76284715357000,715,
1170,76284730163100,76284730627200,76284730694500,715,
1171,76284745163100,76284745648400,76284745734300,715,
1172,76284760163100,76284760535400,76284760615700,715,
1173,76284775163100,76284775238800,76284775349600,715,
1174,76284790163100,76284790376500,76284790457700,715,
1175,76284805163100,76284805447000,76284805518400,715,
1176,76284820163100,76284820611400,76284820688400,715,
1177,76284835163100,76284835321500,76284835474800,715,
1178,76284850163100,76284850489900,76284850575100,715,
1179,76284865163100,76284865595300,76284865714900,715,
1180,76284880163100,76284880455400,76284880536000,715,
1181,76284895163100,76284895531200,76284895610200,715,
1182,76284910163100,76284910591100,76284910730600,715,
1183,76284925163100,76284925633000,76284925739900,715,
1184,76284940163100,76284940224800,76284940286100,715,
1185,76284955163100,76284955614700,76284955699900,715,
1186,76284970163100,76284970604700,76284970678100,715,
1187,76284985163100,76284985734300,76284985876800,715,
1188,76285000163100,76285000439600,76285000507100,715,
1189,76285015163100,76285015507300,76285015585300,715,
1190,76285030163100,76285030719400,76285030796600,715,
1191,76285045163100,76285045564300,76285045642700,715,
1192,76285060163100,76285060321300,76285060421100,715,
1193,76285075163100,76285075501500,76285075614200,715,
1194,76285090163100,76285090586800,76285090663000,715,
1195,76285105163100,76285105641800,76285105723600,715,
1196,76285120163100,76285120287100,76285120423600,715,
1197,76285135163100,76285135735300,76285135840100,715,
1198,76285150163100,76285150665300,76285150774000,715,
1199,76285165163100,76285165965400,76285166068100,715,
1200,76285180163100,76285180551100,76285180634400,715,
1201,76285195163100,76285195500300,76285195641600,715,
1202,76285210163100,76285210484600,76285210574400,715,
1203,76285225163100,76285225625500,76285225744700,715,
1204,76285240163100,76285240663500,76285240746100,715,
1205,76285255163100,76285255317600,76285255446100,715,
1206,76285270163100,76285270279100,76285270429900,715,
1207,76285285163100,76285285544600,76285285677900,715,
1208,76285300163100,76285300512600,76285300613000,715,
1209,76285315163100,76285315627800,76285315717100,715,
1210,76285330163100,76285330689000,76285330805400,715,
1211,76285345163100,76285345685800,76285345776900,715,
1212,76285360163100,76285360705300,76285360811600,715,
1213,76285375163100,76285375466800,76285375525400,715,
1214,76285390163100,76285390401500,76285390492500,715,
1215,76285405163100,76285405512200,76285405599200,715,
1216,76285420163100,76285420619000,76285420731500,715,
1217,76285435163100,76285435733900,76285435847300,715,
1218,76285450163100,76285450242400,76285450301100,715,
1219,76285465163100,76285465351200,76285465433400,715,
1220,76285480163100,76285480595600,76285480706200,715,
1221,76285495163100,76285495612000,76285495666500,715,
1222,76285510163100,76285510598700,76285510674600,715,
1223,76285525163100,76285525585200,76285525662800,715,
1224,76285540163100,76285540700800,76285540764400,715,
1225,76285555163100,76285555314500,76285555406600,715,
1226,76285570163100,76285570458000,76285570537400,715,
1227,76285585163100,76285585268100,76285585345100,715,
1228,76285600163100,76285600569700,76285600646400,715,
1229,76285615163100,76285615569900,76285615661900,715,
1230,76285630163100,76285630261300,76285630368600,715,
1231,76285645163100,76285645331600,76285645410900,715,
1232,76285660163100,76285660282700,76285660377000,715,
1233,76285675163100,76285675358100,76285675437400,715,
1234,76285690163100,76285690864500,76285690946900,715,
1235,76285705163100,76285705586900,76285705717100,715,
1236,76285720163100,76285720240500,76285720295400,715,
1237,76285735163100,76285735394800,76285735453600,715,
1238,76285750163100,76285750610200,76285750692200,715,
1239,76285765163100,76285765756300,76285765838000,715,
1240,76285780163100,76285780898200,76285781022300,715,
1241,76285795163100,76285795229700,76285795305500,715,
1242,76285810163100,76285810331600,76285810445200,715,
1243,76285825163100,76285825324400,76285825408300,715,
1244,76285840163100,76285840674400,76285840803600,715,
1245,76285855163100,76285855396300,76285855526600,715,
1246,76285870163100,76285870750300,76285870886900,715,
1247,76285885163100,76285885769400,76285885904100,715,
1248,76285900163100,76285900336600,76285900463300,715,
1249,76285915163100,76285915708100,76285915855000,715,
1250,76285930163100,76285930276700,76285930343300,715,
1251,76285945163100,76285945240300,76285945345200,715,
1252,76285960163100,76285960704700,76285960842800,715,
1253,76285975163100,76285975832200,76285975913000,715,
1254,76285990163100,76285990830300,76285990975900,715,
1255,76286005163100,76286005824800,76286005939600,715,
1256,76286020163100,76286021003500,76286021095800,715,
1257,76286035163100,76286035316700,76286035397000,715,
1258,76286050163100,76286050650700,76286050731800,715,
1259,76286065163100,76286065737500,76286065838600,715,
1260,76286080163100,76286080540100,76286080676900,715,
1261,76286095163100,76286095406700,76286095485400,715,
1262,76286110163100,76286110226300,76286110294900,715,
1263,76286125163100,76286125547300,76286125728000,715,
1264,76286140163100,76286140475200,76286140598900,715,
1265,76286155163100,76286155582500,76286155698900,715,
1266,76286170163100,76286170965600,76286171100100,715,
1267,76286185163100,76286186225100,76286186351000,715,
1268,76286200163100,76286200440400,76286200517000,715,
1269,76286215163100,76286215757600,76286215858200,715,
1270,76286230163100,76286230629600,76286230707500,715,
1271,76286245163100,76286245254400,76286245377600,715,
1272,76286260163100,76286260698000,76286260781100,715,
1273,76286275163100,76286275563500,76286275643900,715,
1274,76286290163100,76286290638700,76286290746100,715,
1275,76286305163100,76286305270800,76286305380900,715,
1276,76286320163100,76286320885100,76286321020800,715,
1277,76286335163100,76286335326700,76286335409400,715,
1278,76286350163100,76286350417000,76286350493900,715,
1279,76286365163100,76286366009500,76286366140800,715,
1280,76286380163100,76286380750500,76286380886500,715,
1281,76286395163100,76286395614300,76286395692100,715,
1282,76286410163100,76286410645900,76286410736300,715,
1283,76286425163100,76286425833200,76286425936900,715,
1284,76286440163100,76286440690000,76286440816500,715,
1285,76286455163100,76286455669100,76286455745200,715,
1286,76286470163100,76286470343000,76286470418100,715,
1287,76286485163100,76286485463700,76286485558600,715,
1288,76286500163100,76286500446200,76286500534900,715,
1289,76286515163100,76286515504600,76286515582800,715,
1290,76286530163100,76286530521600,76286530578200,715,
1291,76286545163100,76286545676600,76286545771500,715,
1292,76286560163100,76286560461200,76286560545900,715,
1293,76286575163100,76286575715200,76286575841300,715,
1294,76286590163100,76286590754300,76286590889200,715,
1295,76286605163100,76286605490200,76286605604400,715,
1296,76286620163100,76286620572900,76286620655200,715,
1297,76286635163100,76286635484700,76286635634100,715,
1298,76286650163100,76286650791000,76286650922600,715,
1299,76286665163100,76286665914700,76286666051900,715,
1300,76286680163100,76286680940200,76286681075600,715,
1301,76286695163100,76286695364900,76286695492600,715,
1302,76286710163100,76286710603800,76286710695500,715,
1303,76286725163100,76286725262700,76286725376800,715,
1304,76286740163100,76286740290700,76286740408000,715,
1305,76286755163100,76286755474400,76286755591900,715,
1306,76286770163100,76286770408900,76286770491700,715,
1307,76286785163100,76286785721900,76286785874600,715,
1308,76286800163100,76286800779200,76286800916900,715,
1309,76286815163100,76286815544000,76286815679200,715,
1310,76286830163100,76286830385500,76286830471400,715,
1311,76286845163100,76286845863100,76286845959800,715,
1312,76286860163100,76286860492000,76286860610800,715,
1313,76286875163100,76286875298500,76286875403600,715,
1314,76286890163100,76286890596500,76286890664400,715,
1315,76286905163100,76286905710100,76286905825800,715,
1316,76286920163100,76286920773500,76286920897100,715,
1317,76286935163100,76286935284200,76286935357900,715,
1318,76286950163100,76286950250600,76286950337900,715,
1319,76286965163100,76286965224100,76286965338200,715,
1320,76286980163100,76286980698100,76286980780900,715,
1321,76286995163100,76286995525500,76286995693500,715,
1322,76287010163100,76287010541700,76287010674300,715,
1323,76287025163100,76287025867300,76287026003000,715,
1324,76287040163100,76287040272000,76287040350500,715,
1325,76287055163100,76287055446800,76287055545800,715,
1326,76287070163100,76287070664400,76287070788300,715,
1327,76287085163100,76287085860200,76287085995000,715,
1328,76287100163100,76287101215700,76287101353400,715,
1329,76287115163100,76287116943800,76287117075700,715,
1330,76287130163100,76287130707700,76287130789700,715,
1331,76287145163100,76287145425500,76287145559600,715,
1332,76287160163100,76287160355200,76287160466100,715,
1333,76287175163100,76287176050700,76287176186700,715,
1334,76287190163100,76287190436500,76287190594700,715,
1335,76287205163100,76287205627200,76287205712100,715,
1336,76287220163100,76287220646200,76287220763900,715,
1337,76287235163100,76287236091700,76287236227900,715,
1338,76287250163100,76287250328800,76287250436600,715,
1339,76287265163100,76287265392200,76287265510100,715,
1340,76287280163100,76287280462100,76287280577600,715,
1341,76287295163100,76287295966200,76287296096500,715,
1342,76287310163100,76287310608100,76287310744300,715,
1343,76287325163100,76287325602700,76287325736800,715,
1344,76287340163100,76287341156700,76287341294400,715,
1345,76287355163100,76287355519500,76287355672000,715,
1346,76287370163100,76287370479100,76287370606200,715,
1347,76287385163100,76287385819900,76287385952400,715,
1348,76287400163100,76287400515100,76287400598800,715,
1349,76287415163100,76287415429400,76287415556700,715,
1350,76287430163100,76287430428800,76287430557200,715,
1351,76287445163100,76287446189200,76287446287900,715,
1352,76287460163100,76287460599600,76287460719200,715,
1353,76287475163100,76287475453600,76287475569400,715,
1354,76287490163100,76287490362700,76287490446200,715,
1355,76287505163100,76287505645400,76287505794300,715,
1356,76287520163100,76287520248000,76287520362200,715,
1357,76287535163100,76287535459800,76287535542600,715,
1358,76287550163100,76287550312600,76287550395700,715,
1359,76287565163100,76287565456500,76287565539500,715,
1360,76287580163100,76287580740200,76287580892400,715,
1361,76287595163100,76287595893000,76287595996000,715,
1362,76287610163100,76287610578200,76287610650600,715,
1363,76287625163100,76287625358100,76287625439100,715,
1364,76287640163100,76287640749000,76287640887500,715,
1365,76287655163100,76287655265800,76287655358500,715,
1366,76287670163100,76287671099900,76287671236700,715,
1367,76287685163100,76287685930900,76287686066700,715,
1368,76287700163100,76287700556600,76287700677600,715,
1369,76287715163100,76287715447900,76287715601600,715,
1370,76287730163100,76287730370700,76287730506200,715,
1371,76287745163100,76287745578500,76287745716200,715,
1372,76287760163100,76287760646600,76287760721300,715,
1373,76287775163100,76287775419200,76287775537600,715,
1374,76287790163100,76287790801000,76287790916300,715,
1375,76287805163100,76287805649300,76287805776200,715,
1376,76287820163100,76287821427300,76287821565200,715,
1377,76287835163100,76287835584700,76287835676900,715,
1378,76287850163100,76287850677100,76287850863600,715,
1379,76287865163100,76287865575800,76287865735300,715,
1380,76287880163100,76287880554100,76287880695100,715,
1381,76287895163100,76287896268900,76287896405500,715,
1382,76287910163100,76287910676600,76287910758800,715,
1383,76287925163100,76287925580700,76287925665900,715,
1384,76287940163100,76287940746700,76287940886800,715,
1385,76287955163100,76287955784300,76287955923800,715,
1386,76287970163100,76287970536300,76287970631400,715,
1387,76287985163100,76287985608300,76287985741400,715,
1388,76288000163100,76288000499200,76288000576200,715,
1389,76288015163100,76288015677600,76288015758000,715,
1390,76288030163100,76288030205700,76288030255300,715,
1391,76288045163100,76288045242600,76288045323800,715,
1392,76288060163100,76288060234400,76288060325800,715,
1393,76288075163100,76288075643900,76288075710200,715,
1394,76288090163100,76288090340800,76288090472900,715,
1395,76288105163100,76288105667100,76288105805900,715,
1396,76288120163100,76288120456600,76288120533700,715,
1397,76288135163100,76288135542700,76288135621900,715,
1398,76288150163100,76288150456800,76288150560600,715,
1399,76288165163100,76288165638600,76288165765700,715,
1400,76288180163100,76288180802400,76288180939600,715,
1401,76288195163100,76288196090100,76288196224700,715,
1402,76288210163100,76288210438700,76288210517500,715,
1403,76288225163100,76288225706400,76288225831400,715,
1404,76288240163100,76288240845100,76288240978700,715,
1405,76288255163100,76288255791100,76288255925300,715,
1406,76288270163100,76288271184800,76288271317900,715,
1407,76288285163100,76288285711100,76288285809700,715,
1408,76288300163100,76288300747700,76288300901000,715,
1409,76288315163100,76288315718500,76288315858100,715,
1410,76288330163100,76288331013400,76288331147300,715,
1411,76288345163100,76288346125300,76288346263200,715,
1412,76288360163100,76288360561200,76288360644000,715,
1413,76288375163100,76288375714400,76288375852600,715,
1414,76288390163100,76288390765100,76288390891400,715,
1415,76288405163100,76288406227600,76288406362000,715,
1416,76288420163100,76288420221600,76288420300500,715,
1417,76288435163100,76288435261100,76288435379700,715,
1418,76288450163100,76288450215600,76288450295100,715,
1419,76288465163100,76288465460400,76288465516500,715,
1420,76288480163100,76288480751300,76288480887400,715,
1421,76288495163100,76288495576600,76288495696100,715,
1422,76288510163100,76288510231000,76288510325100,715,
1423,76288525163100,76288525756800,76288525869000,715,
1424,76288540163100,76288541151000,76288541284400,715,
1425,76288555163100,76288555603200,76288555683000,715,
1426,76288570163100,76288570500300,76288570578900,715,
1427,76288585163100,76288585723100,76288585811200,715,
1428,76288600163100,76288600256900,76288600371700,715,
1429,76288615163100,76288615382500,76288615470400,715,
1430,76288630163100,76288630601700,76288630721000,715,
1431,76288645163100,76288645804500,76288645924400,715,
1432,76288660163100,76288660643200,76288660761900,715,
1433,76288675163100,76288676010400,76288676144400,715,
1434,76288690163100,76288690843200,76288690978900,715,
1435,76288705163100,76288705410800,76288705492600,715,
1436,76288720163100,76288720545700,76288720660200,715,
1437,76288735163100,76288735684700,76288735833400,715,
1438,76288750163100,76288750643500,76288750759100,715,
1439,76288765163100,76288765705700,76288765823000,715,
1440,76288780163100,76288780509600,76288780592300,715,
1441,76288795163100,76288795683800,76288795768800,715,
1442,76288810163100,76288810763300,76288810879200,715,
1443,76288825163100,76288825276100,76288825392400,715,
1444,76288840163100,76288840249300,76288840329400,715,
1445,76288855163100,76288855267200,76288855352100,715,
1446,76288870163100,76288870841200,76288870928200,715,
1447,76288885163100,76288885645700,76288885737400,715,
1448,76288900163100,76288900254100,76288900368400,715,
1449,76288915163100,76288915703400,76288915782800,715,
1450,76288930163100,76288930682700,76288930758100,715,
1451,76288945163100,76288945383900,76288945523000,715,
1452,76288960163100,76288960624000,76288960755300,715,
1453,76288975163100,76288975667600,76288975802100,715,
1454,76288990163100,76288990981700,76288991119300,715,
1455,76289005163100,76289005759200,76289005878700,715,
1456,76289020163100,76289020548700,76289020690100,715,
1457,76289035163100,76289035529600,76289035632200,715,
1458,76289050163100,76289050303600,76289050378800,715,
1459,76289065163100,76289065257600,76289065359200,715,
1460,76289080163100,76289080308600,76289080394400,715,
1461,76289095163100,76289095305000,76289095430600,715,
1462,76289110163100,76289110833600,76289110978500,715,
1463,76289125163100,76289125244600,76289125295200,715,
1464,76289140163100,76289140902600,76289141002000,715,
1465,76289155163100,76289155674000,76289155812800,715,
1466,76289170163100,76289170459000,76289170588000,715,
1467,76289185163100,76289185563300,76289185699000,715,
1468,76289200163100,76289200942700,76289201080300,715,
1469,76289215163100,76289215877500,76289216014000,715,
1470,76289230163100,76289230439000,76289230518100,715,
1471,76289245163100,76289245313900,76289245421000,715,
1472,76289260163100,76289260516100,76289260587100,715,
1473,76289275163100,76289275620300,76289275698000,715,
1474,76289290163100,76289290331900,76289290409000,715,
1475,76289305163100,76289305635300,76289305713400,715,
1476,76289320163100,76289320603300,76289320680600,715,
1477,76289335163100,76289335511200,76289335588500,715,
1478,76289350163100,76289350611600,76289350693400,715,
1479,76289365163100,76289365633100,76289365713600,715,
1480,76289380163100,76289380316300,76289380438400,715,
1481,76289395163100,76289395382200,76289395457900,715,
1482,76289410163100,76289410402100,76289410480200,715,
1483,76289425163100,76289425489500,76289425567300,715,
1484,76289440163100,76289440475100,76289440553600,715,
1485,76289455163100,76289455290000,76289455403300,715,
1486,76289470163100,76289470364900,76289470441500,715,
1487,76289485163100,76289485211500,76289485255900,715,
1488,76289500163100,76289500408000,76289500466700,715,
1489,76289515163100,76289515575100,76289515659200,715,
1490,76289530163100,76289530312700,76289530439700,715,
1491,76289545163100,76289545578300,76289545716200,715,
1492,76289560163100,76289560626500,76289560739500,715,
1493,76289575163100,76289575406300,76289575471900,715,
1494,76289590163100,76289590615000,76289590699300,715,
1495,76289605163100,76289605364800,76289605498100,715,
1496,76289620163100,76289620932000,76289621070200,715,
1497,76289635163100,76289636120200,76289636257200,715,
1498,76289650163100,76289650322200,76289650417100,715,
1499,76289665163100,76289665517100,76289665603900,715,
1500,76289680163100,76289680725800,76289680858100,715,
1501,76289695163100,76289695530800,76289695643600,715,
1502,76289710163100,76289710688800,76289710805100,715,
1503,76289725163100,76289725608600,76289725691500,715,
1504,76289740163100,76289740347100,76289740481300,715,
1505,76289755163100,76289755914300,76289756049600,715,
1506,76289770163100,76289770588100,76289770695300,715,
1507,76289785163100,76289785513900,76289785590200,715,
1508,76289800163100,76289800667700,76289800743800,715,
1509,76289815163100,76289815685100,76289815804200,715,
1510,76289830163100,76289830726100,76289830867000,715,
1511,76289845163100,76289845289900,76289845410600,715,
1512,76289860163100,76289860717500,76289860803300,715,
1513,76289875163100,76289875465900,76289875561100,715,
1514,76289890163100,76289890694800,76289890819300,715,
1515,76289905163100,76289905484500,76289905570900,715,
1516,76289920163100,76289920531800,76289920637200,715,
1517,76289935163100,76289935382300,76289935464700,715,
1518,76289950163100,76289950423400,76289950539300,715,
1519,76289965163100,76289965795800,76289965937300,715,
1520,76289980163100,76289980495800,76289980611800,715,
1521,76289995163100,76289995685500,76289995804900,715,
1522,76290010163100,76290010410200,76290010499200,715,
1523,76290025163100,76290025393200,76290025472600,715,
1524,76290040163100,76290040625500,76290040756100,715,
1525,76290055163100,76290055644700,76290055760800,715,
1526,76290070163100,76290070421000,76290070505200,715,
1527,76290085163100,76290085545700,76290085666600,715,
1528,76290100163100,76290100793400,76290100917200,715,
1529,76290115163100,76290116075200,76290116216200,715,
1530,76290130163100,76290130833400,76290130970300,715,
1531,76290145163100,76290145533600,76290145660200,715,
1532,76290160163100,76290160744700,76290160865300,715,
1533,76290175163100,76290175379600,76290175512700,715,
1534,76290190163100,76290191012400,76290191150200,715,
1535,76290205163100,76290205941000,76290206081200,715,
1536,76290220163100,76290220487300,76290220613800,715,
1537,76290235163100,76290235546900,76290235629600,715,
1538,76290250163100,76290250413600,76290250541500,715,
1539,76290265163100,76290265788500,76290265928300,715,
1540,76290280163100,76290281070600,76290281172800,715,
1541,76290295163100,76290295796000,76290295913200,715,
1542,76290310163100,76290310551700,76290310639800,715,
1543,76290325163100,76290325314500,76290325433200,715,
1544,76290340163100,76290340655400,76290340792400,715,
1545,76290355163100,76290356024900,76290356159900,715,
1546,76290370163100,76290370546100,76290370660400,715,
1547,76290385163100,76290385353100,76290385439600,715,
1548,76290400163100,76290401103800,76290401234700,715,
1549,76290415163100,76290415561300,76290415697500,715,
1550,76290430163100,76290430598400,76290430679100,715,
1551,76290445163100,76290445356300,76290445437400,715,
1552,76290460163100,76290460689100,76290460761900,715,
1553,76290475163100,76290475245700,76290475331500,715,
1554,76290490163100,76290490484500,76290490620200,715,
1555,76290505163100,76290505747900,76290505902700,715,
1556,76290520163100,76290520701700,76290520825400,715,
1557,76290535163100,76290535282500,76290535396200,715,
1558,76290550163100,76290550659000,76290550771500,715,
1559,76290565163100,76290566184700,76290566322100,715,
1560,76290580163100,76290580670000,76290580743500,715,
1561,76290595163100,76290595777200,76290595859700,715,
1562,76290610163100,76290610502300,76290610623000,715,
1563,76290625163100,76290625500800,76290625618800,715,
1564,76290640163100,76290640230000,76290640323900,715,
1565,76290655163100,76290655248600,76290655332000,715,
1566,76290670163100,76290670386400,76290670521900,715,
1567,76290685163100,76290685665800,76290685792300,715,
1568,76290700163100,76290700564100,76290700700600,715,
1569,76290715163100,76290716099200,76290716237200,715,
1570,76290730163100,76290730213300,76290730291300,715,
1571,76290745163100,76290745704900,76290745776400,715,
1572,76290760163100,76290760418000,76290760536100,715,
1573,76290775163100,76290775695800,76290775818700,715,
1574,76290790163100,76290790792000,76290790927200,715,
1575,76290805163100,76290805728100,76290805794500,715,
1576,76290820163100,76290820756800,76290820909600,715,
1577,76290835163100,76290835789600,76290835925800,715,
1578,76290850163100,76290850810100,76290850943200,715,
1579,76290865163100,76290866625700,76290866757500,715,
1580,76290880163100,76290880628400,76290880719100,715,
1581,76290895163100,76290895382500,76290895523100,715,
1582,76290910163100,76290910927900,76290911058800,715,
1583,76290925163100,76290925323700,76290925442400,715,
1584,76290940163100,76290940595300,76290940675700,715,
1585,76290955163100,76290955322300,76290955403300,715,
1586,76290970163100,76290970273200,76290970413200,715,
1587,76290985163100,76290985598600,76290985684300,715,
1588,76291000163100,76291000662200,76291000747500,715,
1589,76291015163100,76291015495800,76291015572300,715,
1590,76291030163100,76291030295200,76291030379300,715,
1591,76291045163100,76291045430900,76291045556300,715,
1592,76291060163100,76291060509600,76291060587800,715,
1593,76291075163100,76291075359200,76291075438900,715,
1594,76291090163100,76291090604200,76291090673900,715,
1595,76291105163100,76291105512900,76291105595300,715,
1596,76291120163100,76291120304200,76291120421900,715,
1597,76291135163100,76291135708300,76291135848200,715,
1598,76291150163100,76291151002600,76291151140700,715,
1599,76291165163100,76291166065700,76291166203400,715,
1600,76291180163100,76291180667900,76291180756600,715,
1601,76291195163100,76291195406700,76291195475700,715,
1602,76291210163100,76291211038000,76291211142900,715,
1603,76291225163100,76291225376600,76291225458200,715,
1604,76291240163100,76291240816700,76291240892600,715,
1605,76291255163100,76291255749700,76291255888600,715,
1606,76291270163100,76291271344700,76291271492700,715,
1607,76291285163100,76291286051800,76291286188300,715,
1608,76291300163100,76291300684700,76291300777700,715,
1609,76291315163100,76291315737900,76291315820500,715,
1610,76291330163100,76291330530400,76291330659700,715,
1611,76291345163100,76291345903500,76291346041000,715,
1612,76291360163100,76291360305200,76291360396100,715,
1613,76291375163100,76291375269700,76291375350700,715,
1614,76291390163100,76291390771500,76291390855600,715,
1615,76291405163100,76291405420700,76291405554100,715,
1616,76291420163100,76291421430500,76291421565500,715,
1617,76291435163100,76291435419500,76291435500100,715,
1618,76291450163100,76291450233700,76291450316600,715,
1619,76291465163100,76291465247800,76291465338600,715,
1620,76291480163100,76291480335100,76291480456100,715,
1621,76291495163100,76291495695800,76291495843400,715,
1622,76291510163100,76291510585900,76291510667200,715,
1623,76291525163100,76291525575200,76291525699500,715,
1624,76291540163100,76291540327400,76291540452700,715,
1625,76291555163100,76291555764600,76291555881500,715,
1626,76291570163100,76291570504000,76291570618600,715,
1627,76291585163100,76291585617100,76291585755100,715,
1628,76291600163100,76291600643600,76291600767800,715,
1629,76291615163100,76291615566500,76291615716300,715,
1630,76291630163100,76291630993100,76291631091700,715,
1631,76291645163100,76291645738300,76291645863600,715,
1632,76291660163100,76291660991900,76291661127800,715,
1633,76291675163100,76291675641700,76291675757200,715,
1634,76291690163100,76291690588800,76291690734400,715,
1635,76291705163100,76291705904900,76291706037800,715,
1636,76291720163100,76291720783400,76291720918300,715,
1637,76291735163100,76291735243100,76291735324000,715,
1638,76291750163100,76291750717600,76291750801200,715,
1639,76291765163100,76291765308700,76291765435300,715,
1640,76291780163100,76291780268800,76291780364500,715,
1641,76291795163100,76291795452300,76291795531000,715,
1642,76291810163100,76291810330000,76291810440300,715,
1643,76291825163100,76291825734700,76291825863100,715,
1644,76291840163100,76291840287800,76291840418400,715,
1645,76291855163100,76291855785800,76291855922100,715,
1646,76291870163100,76291870478300,76291870558700,715,
1647,76291885163100,76291885694300,76291885776900,715,
1648,76291900163100,76291900295000,76291900418100,715,
1649,76291915163100,76291915746900,76291915856800,715,
1650,76291930163100,76291930301400,76291930417500,715,
1651,76291945163100,76291945329200,76291945410800,715,
1652,76291960163100,76291960423300,76291960544800,715,
1653,76291975163100,76291975536100,76291975643000,715,
1654,76291990163100,76291990513500,76291990624400,715,
1655,76292005163100,76292005557900,76292005666600,715,
1656,76292020163100,76292020246600,76292020322600,715,
1657,76292035163100,76292035710400,76292035833000,715,
1658,76292050163100,76292050367600,76292050508600,715,
1659,76292065163100,76292066191600,76292066327300,715,
1660,76292080163100,76292080451000,76292080575800,715,
1661,76292095163100,76292095245900,76292095354200,715,
1662,76292110163100,76292110322500,76292110442800,715,
1663,76292125163100,76292125614700,76292125754100,715,
1664,76292140163100,76292140958600,76292141129600,715,
1665,76292155163100,76292155603300,76292155732900,715,
1666,76292170163100,76292170297600,76292170376900,715,
1667,76292185163100,76292185490500,76292185646100,715,
1668,76292200163100,76292200703400,76292200826200,715,
1669,76292215163100,76292215439600,76292215524100,715,
1670,76292230163100,76292230281000,76292230393500,715,
1671,76292245163100,76292245464000,76292245597500,715,
1672,76292260163100,76292260410800,76292260557500,715,
1673,76292275163100,76292275412400,76292275540300,715,
1674,76292290163100,76292290903400,76292291037400,715,
1675,76292305163100,76292306053800,76292306190400,715,
1676,76292320163100,76292321122500,76292321256300,715,
1677,76292335163100,76292335348700,76292335470800,715,
1678,76292350163100,76292350880500,76292351006600,715,
1679,76292365163100,76292365576800,76292365709200,715,
1680,76292380163100,76292380488300,76292380608600,715,
1681,76292395163100,76292395703600,76292395785900,715,
1682,76292410163100,76292410259300,76292410368900,715,
1683,76292425163100,76292425334000,76292425446400,715,
1684,76292440163100,76292440547900,76292440685000,715,
1685,76292455163100,76292455713000,76292455829100,715,
1686,76292470163100,76292470400100,76292470524000,715,
1687,76292485163100,76292485337200,76292485413300,715,
1688,76292500163100,76292500687700,76292500798500,715,
1689,76292515163100,76292515670200,76292515806900,715,
1690,76292530163100,76292530633300,76292530755800,715,
1691,76292545163100,76292545446600,76292545529700,715,
1692,76292560163100,76292560275600,76292560408100,715,
1693,76292575163100,76292575613400,76292575751100,715,
1694,76292590163100,76292590506700,76292590640300,715,
1695,76292605163100,76292605743000,76292605863900,715,
1696,76292620163100,76292620309700,76292620456400,715,
1697,76292635163100,76292635478000,76292635594700,715,
1698,76292650163100,76292650654500,76292650762400,715,
1699,76292665163100,76292665672200,76292665745900,715,
1700,76292680163100,76292680790500,76292680871600,715,
1701,76292695163100,76292695348000,76292695475600,715,
1702,76292710163100,76292710583000,76292710714100,715,
1703,76292725163100,76292725593200,76292725722500,715,
1704,76292740163100,76292741423700,76292741558800,715,
1705,76292755163100,76292755266000,76292755349500,715,
1706,76292770163100,76292770568700,76292770694200,715,
1707,76292785163100,76292785884500,76292786011400,715,
1708,76292800163100,76292800754300,76292800888200,715,
1709,76292815163100,76292815378200,76292815456700,715,
1710,76292830163100,76292830734100,76292830843000,715,
1711,76292845163100,76292845678400,76292845811800,715,
1712,76292860163100,76292860348000,76292860470600,715,
1713,76292875163100,76292875219600,76292875302100,715,
1714,76292890163100,76292890509200,76292890592200,715,
1715,76292905163100,76292905593500,76292905687900,715,
1716,76292920163100,76292920306200,76292920436800,715,
1717,76292935163100,76292935655900,76292935756700,715,
1718,76292950163100,76292950220800,76292950298700,715,
1719,76292965163100,76292965676600,76292965749100,715,
1720,76292980163100,76292980676100,76292980768200,715,
1721,76292995163100,76292995294300,76292995428600,715,
1722,76293010163100,76293011260600,76293011397700,715,
1723,76293025163100,76293026087200,76293026223600,715,
1724,76293040163100,76293040527800,76293040649400,715,
1725,76293055163100,76293055484300,76293055590600,715,
1726,76293070163100,76293070664200,76293070796900,715,
1727,76293085163100,76293086220600,76293086356400,715,
1728,76293100163100,76293100379200,76293100468200,715,
1729,76293115163100,76293115229600,76293115321000,715,
1730,76293130163100,76293130285100,76293130373300,715,
1731,76293145163100,76293145265000,76293145352900,715,
1732,76293160163100,76293160714500,76293160827800,715,
1733,76293175163100,76293175413300,76293175533900,715,
1734,76293190163100,76293190678600,76293190768000,715,
1735,76293205163100,76293205754900,76293205926100,715,
1736,76293220163100,76293220822100,76293220956100,715,
1737,76293235163100,76293235738300,76293235851200,715,
1738,76293250163100,76293251207200,76293251341200,715,
1739,76293265163100,76293265476000,76293265554500,715,
1740,76293280163100,76293280529300,76293280645600,715,
1741,76293295163100,76293295232600,76293295315800,715,
1742,76293310163100,76293310462500,76293310599400,715,
1743,76293325163100,76293326003900,76293326140000,715,
1744,76293340163100,76293340538200,76293340625900,715,
1745,76293355163100,76293355276100,76293355407700,715,
1746,76293370163100,76293370988500,76293371124500,715,
1747,76293385163100,76293386243900,76293386375500,715,
1748,76293400163100,76293400547100,76293400630000,715,
1749,76293415163100,76293415564100,76293415683800,715,
1750,76293430163100,76293430749500,76293430876900,715,
1751,76293445163100,76293445441500,76293445564000,715,
1752,76293460163100,76293460506500,76293460588700,715,
1753,76293475163100,76293475621100,76293475707000,715,
1754,76293490163100,76293490914400,76293491047800,715,
1755,76293505163100,76293505904300,76293506039900,715,
1756,76293520163100,76293520551400,76293520687700,715,
1757,76293535163100,76293536194700,76293536331000,715,
1758,76293550163100,76293550806200,76293550890000,715,
1759,76293565163100,76293565592100,76293565738900,715,
1760,76293580163100,76293580604800,76293580741900,715,
1761,76293595163100,76293595564800,76293595697600,715,
1762,76293610163100,76293610587000,76293610669500,715,
1763,76293625163100,76293625687200,76293625776700,715,
1764,76293640163100,76293640842800,76293640977600,715,
1765,76293655163100,76293655770800,76293655876700,715,
1766,76293670163100,76293670654400,76293670740400,715,
1767,76293685163100,76293685625700,76293685701400,715,
1768,76293700163100,76293700462100,76293700550500,715,
1769,76293715163100,76293715752700,76293715872700,715,
1770,76293730163100,76293730274800,76293730391200,715,
1771,76293745163100,76293745276900,76293745353900,715,
1772,76293760163100,76293760579400,76293760703100,715,
1773,76293775163100,76293775651500,76293775812700,715,
1774,76293790163100,76293790447400,76293790575100,715,
1775,76293805163100,76293805594600,76293805719000,715,
1776,76293820163100,76293820566000,76293820684700,715,
1777,76293835163100,76293835450900,76293835577900,715,
1778,76293850163100,76293850433900,76293850574200,715,
1779,76293865163100,76293865574700,76293865727600,715,
1780,76293880163100,76293880303400,76293880386600,715,
1781,76293895163100,76293895663500,76293895746700,715,
1782,76293910163100,76293910518600,76293910609800,715,
1783,76293925163100,76293925710900,76293925816500,715,
1784,76293940163100,76293940310400,76293940425200,715,
1785,76293955163100,76293955861500,76293955997300,715,
1786,76293970163100,76293970668300,76293970750000,715,
1787,76293985163100,76293985554000,76293985676500,715,
1788,76294000163100,76294000316500,76294000448300,715,
1789,76294015163100,76294015814000,76294015951600,715,
1790,76294030163100,76294031050300,76294031185700,715,
1791,76294045163100,76294045543000,76294045664700,715,
1792,76294060163100,76294060334300,76294060419900,715,
1793,76294075163100,76294075249300,76294075359000,715,
1794,76294090163100,76294090538800,76294090634300,715,
1795,76294105163100,76294105607900,76294105688400,715,
1796,76294120163100,76294120503900,76294120619700,715,
1797,76294135163100,76294135842500,76294135928600,715,
1798,76294150163100,76294150526500,76294150654000,715,
1799,76294165163100,76294165763700,76294165901500,715,
1800,76294180163100,76294181157900,76294181294400,715,
1801,76294195163100,76294195288600,76294195371100,715,
1802,76294210163100,76294210383500,76294210510300,715,
1803,76294225163100,76294225889000,76294226022000,715,
1804,76294240163100,76294241196800,76294241333100,715,
1805,76294255163100,76294255692000,76294255781500,715,
1806,76294270163100,76294270483400,76294270564200,715,
1807,76294285163100,76294285791200,76294285897100,715,
1808,76294300163100,76294300972500,76294301108000,715,
1809,76294315163100,76294315260100,76294315335900,715,
1810,76294330163100,76294330499600,76294330573300,715,
1811,76294345163100,76294345346300,76294345429300,715,
1812,76294360163100,76294360387300,76294360536200,715,
1813,76294375163100,76294375901600,76294376034900,715,
1814,76294390163100,76294390920100,76294391057200,715,
1815,76294405163100,76294405471600,76294405549100,715,
1816,76294420163100,76294420595500,76294420728100,715,
1817,76294435163100,76294435405100,76294435526400,715,
1818,76294450163100,76294450738900,76294450844200,715,
1819,76294465163100,76294465319200,76294465371400,715,
1820,76294480163100,76294480250000,76294480354600,715,
1821,76294495163100,76294495301900,76294495426800,715,
1822,76294510163100,76294510246300,76294510332500,715,
1823,76294525163100,76294525408200,76294525482100,715,
1824,76294540163100,76294540225400,76294540304900,715,
1825,76294555163100,76294555281000,76294555333200,715,
1826,76294570163100,76294570450200,76294570552000,715,
1827,76294585163100,76294585250000,76294585348500,715,
1828,76294600163100,76294600784400,76294600920800,715,
1829,76294615163100,76294615578200,76294615629100,715,
1830,76294630163100,76294630772200,76294630891700,715,
1831,76294645163100,76294645258900,76294645371200,715,
1832,76294660163100,76294660260700,76294660360600,715,
1833,76294675163100,76294675423300,76294675486300,715,
1834,76294690163100,76294690610500,76294690690700,715,
1835,76294705163100,76294705544600,76294705656500,715,
1836,76294720163100,76294720847100,76294720962900,715,
1837,76294735163100,76294735436600,76294735528900,715,
1838,76294750163100,76294750416800,76294750499100,715,
1839,76294765163100,76294765333000,76294765402200,715,
1840,76294780163100,76294780545500,76294780592300,715,
1841,76294795163100,76294795340700,76294795410900,715,
1842,76294810163100,76294810235500,76294810334200,715,
1843,76294825163100,76294825276200,76294825391700,715,
1844,76294840163100,76294840363500,76294840445400,715,
1845,76294855163100,76294855335200,76294855421100,715,
1846,76294870163100,76294870562100,76294870704200,715,
1847,76294885163100,76294885775300,76294885854200,715,
1848,76294900163100,76294900364800,76294900429100,715,
1849,76294915163100,76294915458300,76294915507800,715,
1850,76294930163100,76294930340700,76294930442400,715,
1851,76294945163100,76294945407800,76294945512400,715,
1852,76294960163100,76294960655900,76294960753400,715,
1853,76294975163100,76294975690000,76294975778900,715,
1854,76294990163100,76294990607200,76294990719200,715,
1855,76295005163100,76295005625400,76295005683300,715,
1856,76295020163100,76295020345500,76295020445700,715,
1857,76295035163100,76295035258200,76295035353000,715,
1858,76295050163100,76295050459700,76295050509500,715,
1859,76295065163100,76295065671800,76295065754000,715,
1860,76295080163100,76295080402800,76295080524300,715,
1861,76295095163100,76295095263400,76295095359700,715,
1862,76295110163100,76295110829800,76295110967500,715,
1863,76295125163100,76295125303400,76295125384400,715,
1864,76295140163100,76295140670800,76295140794000,715,
1865,76295155163100,76295155266300,76295155401900,715,
1866,76295170163100,76295170366200,76295170478500,715,
1867,76295185163100,76295185247900,76295185349500,715,
1868,76295200163100,76295200614800,76295200705500,715,
1869,76295215163100,76295215861000,76295215931300,715,
1870,76295230163100,76295230934800,76295231029200,715,
1871,76295245163100,76295245236300,76295245320900,715,
1872,76295260163100,76295260638500,76295260693700,715,
1873,76295275163100,76295275455100,76295275517700,715,
1874,76295290163100,76295290395000,76295290447800,715,
1875,76295305163100,76295305484500,76295305537500,715,
1876,76295320163100,76295320701000,76295320802800,715,
1877,76295335163100,76295335657400,76295335770900,715,
1878,76295350163100,76295350313900,76295350368100,715,
1879,76295365163100,76295365530500,76295365607500,715,
1880,76295380163100,76295380210500,76295380261200,715,
1881,76295395163100,76295395599600,76295395648200,715,
1882,76295410163100,76295410613000,76295410688900,715,
1883,76295425163100,76295425675800,76295425751500,715,
1884,76295440163100,76295440777000,76295440877700,715,
1885,76295455163100,76295455249600,76295455325700,715,
1886,76295470163100,76295470386600,76295470461500,715,
1887,76295485163100,76295485347500,76295485411400,715,
1888,76295500163100,76295500293900,76295500371700,715,
1889,76295515163100,76295515560000,76295515653000,715,
1890,76295530163100,76295530364300,76295530432400,715,
1891,76295545163100,76295545309500,76295545382100,715,
1892,76295560163100,76295560613600,76295560690100,715,
1893,76295575163100,76295575279700,76295575339200,715,
1894,76295590163100,76295590276100,76295590386500,715,
1895,76295605163100,76295605622000,76295605698700,715,
1896,76295620163100,76295620237700,76295620336800,715,
1897,76295635163100,76295635369400,76295635447200,715,
1898,76295650163100,76295650540700,76295650610700,715,
1899,76295665163100,76295665269500,76295665375500,715,
1900,76295680163100,76295680255400,76295680350200,715,
1901,76295695163100,76295695261500,76295695331000,715,
1902,76295710163100,76295710264200,76295710342800,715,
1903,76295725163100,76295725536900,76295725613600,715,
1904,76295740163100,76295740438900,76295740512900,715,
1905,76295755163100,76295755226100,76295755332800,715,
1906,76295770163100,76295770514100,76295770563600,715,
1907,76295785163100,76295785543200,76295785620000,715,
1908,76295800163100,76295800329700,76295800427500,715,
1909,76295815163100,76295815414500,76295815508700,715,
1910,76295830163100,76295830952000,76295831090000,715,
1911,76295845163100,76295845398600,76295845507900,715,
1912,76295860163100,76295860685200,76295860789900,715,
1913,76295875163100,76295875337800,76295875446100,715,
1914,76295890163100,76295890605500,76295890693500,715,
1915,76295905163100,76295905705900,76295905774600,715,
1916,76295920163100,76295920325300,76295920398600,715,
1917,76295935163100,76295935360000,76295935427800,715,
1918,76295950163100,76295950569700,76295950651800,715,
1919,76295965163100,76295965479200,76295965555100,715,
1920,76295980163100,76295980472700,76295980614800,715,
1921,76295995163100,76295995446500,76295995538100,715,
1922,76296010163100,76296010295200,76296010362800,715,
1923,76296025163100,76296025507000,76296025590100,715,
1924,76296040163100,76296040478000,76296040608100,715,
1925,76296055163100,76296055511500,76296055634200,715,
1926,76296070163100,76296070682900,76296070747900,715,
1927,76296085163100,76296085914200,76296085988900,715,
1928,76296100163100,76296100603000,76296100664200,715,
1929,76296115163100,76296115645400,76296115711700,715,
1930,76296130163100,76296130682700,76296130782500,715,
1931,76296145163100,76296145650800,76296145724300,715,
1932,76296160163100,76296160517900,76296160575700,715,
1933,76296175163100,76296175239000,76296175313800,715,
1934,76296190163100,76296190694500,76296190813500,715,
1935,76296205163100,76296205562400,76296205628500,715,
1936,76296220163100,76296220388200,76296220469100,715,
1937,76296235163100,76296235531300,76296235670400,715,
1938,76296250163100,76296250669200,76296250805100,715,
1939,76296265163100,76296265580900,76296265716400,715,
1940,76296280163100,76296280551900,76296280689400,715,
1941,76296295163100,76296295485800,76296295606100,715,
1942,76296310163100,76296310341700,76296310465600,715,
1943,76296325163100,76296325271000,76296325381600,715,
1944,76296340163100,76296340545900,76296340655700,715,
1945,76296355163100,76296355632700,76296355762400,715,
1946,76296370163100,76296370566900,76296370652100,715,
1947,76296385163100,76296385376700,76296385456400,715,
1948,76296400163100,76296400401700,76296400448800,715,
1949,76296415163100,76296415517900,76296415599400,715,
1950,76296430163100,76296430311800,76296430390000,715,
1951,76296445163100,76296445306700,76296445385200,715,
1952,76296460163100,76296460537300,76296460655200,715,
1953,76296475163100,76296475216300,76296475297600,715,
1954,76296490163100,76296490648800,76296490722100,715,
1955,76296505163100,76296505253000,76296505334600,715,
1956,76296520163100,76296520558900,76296520620000,715,
1957,76296535163100,76296535375300,76296535454400,715,
1958,76296550163100,76296550544800,76296550624000,715,
1959,76296565163100,76296565395800,76296565472100,715,
1960,76296580163100,76296580326300,76296580409700,715,
1961,76296595163100,76296595332300,76296595477900,715,
1962,76296610163100,76296610653000,76296610736800,715,
1963,76296625163100,76296625272200,76296625351500,715,
1964,76296640163100,76296640360100,76296640442800,715,
1965,76296655163100,76296655493500,76296655575500,715,
1966,76296670163100,76296670792900,76296670913100,715,
1967,76296685163100,76296685577600,76296685625700,715,
1968,76296700163100,76296700371500,76296700452100,715,
1969,76296715163100,76296715244100,76296715315400,715,
1970,76296730163100,76296730407400,76296730487100,715,
1971,76296745163100,76296745581000,76296745707000,715,
1972,76296760163100,76296760415800,76296760530200,715,
1973,76296775163100,76296775372300,76296775480600,715,
1974,76296790163100,76296790512000,76296790593800,715,
1975,76296805163100,76296805515000,76296805639200,715,
1976,76296820163100,76296820777400,76296820927900,715,
1977,76296835163100,76296835507600,76296835624100,715,
1978,76296850163100,76296850659000,76296850733400,715,
1979,76296865163100,76296865386000,76296865469400,715,
1980,76296880163100,76296880617300,76296880693900,715,
1981,76296895163100,76296895512100,76296895571600,715,
1982,76296910163100,76296910313400,76296910386100,715,
1983,76296925163100,76296925214200,76296925291800,715,
1984,76296940163100,76296940377300,76296940464400,715,
1985,76296955163100,76296955547600,76296955637500,715,
1986,76296970163100,76296970530000,76296970576400,715,
1987,76296985163100,76296985639700,76296985709900,715,
1988,76297000163100,76297000324000,76297000396000,715,
1989,76297015163100,76297015428900,76297015558300,715,
1990,76297030163100,76297030693700,76297030808500,715,
1991,76297045163100,76297045383400,76297045453600,715,
1992,76297060163100,76297060275900,76297060366200,715,
1993,76297075163100,76297075601900,76297075677300,715,
1994,76297090163100,76297090615500,76297090694200,715,
1995,76297105163100,76297105405800,76297105527600,715,
1996,76297120163100,76297120276300,76297120349800,715,
1997,76297135163100,76297135609900,76297135677900,715,
1998,76297150163100,76297150329200,76297150404700,715,
1999,76297165163100,76297165350700,76297165437800,715,
2000,76297180163100,76297180667000,76297180727200,715,
