event,sequence,counter,valid_self,adopted,realtime_ns,kernel_ns,monotonic_ns,write_end_ns,written,socket_drop_total,trace_record_overflow
rx,1,1,1,1,1787953699660642911,1787953699659687430,5276745450965,0,0,0,0
tx,1,1,1,1,1787953699660649708,1787953699659687430,5276745457891,5276745501650,72,0,0
rx,2,2,1,1,1787953699675666559,1787953699674701726,5276760474632,0,0,0,0
tx,2,2,1,1,1787953699675670411,1787953699674701726,5276760478687,5276760495206,72,0,0
rx,3,3,1,1,1787953699690618133,1787953699689847430,5276775426206,0,0,0,0
tx,3,3,1,1,1787953699690621745,1787953699689847430,5276775429965,5276775444336,72,0,0
rx,4,4,1,1,1787953699704496226,1787953699704452522,5276789304280,0,0,0,0
tx,4,4,1,1,1787953699704499837,1787953699704452522,5276789308039,5276789320854,72,0,0
rx,5,5,1,1,1787953699720509208,1787953699719516022,5276805317261,0,0,0,0
tx,5,5,1,1,1787953699720513689,1787953699719516022,5276805321873,5276805340299,72,0,0
rx,6,6,1,1,1787953699735466670,1787953699734873763,5276820274743,0,0,0,0
tx,6,6,1,1,1787953699735470430,1787953699734873763,5276820278613,5276820292280,72,0,0
rx,7,7,1,1,1787953699750408819,1787953699749832615,5276835216891,0,0,0,0
tx,7,7,1,1,1787953699750412985,1787953699749832615,5276835221169,5276835235502,72,0,0
rx,8,8,1,1,1787953699765360170,1787953699764461096,5276850168243,0,0,0,0
tx,8,8,1,1,1787953699765366763,1787953699764461096,5276850174947,5276850191780,72,0,0
rx,9,9,1,1,1787953699780319985,1787953699779841670,5276865128058,0,0,0,0
tx,9,9,1,1,1787953699780323800,1787953699779841670,5276865132021,5276865146910,72,0,0
rx,10,10,1,1,1787953699796333059,1787953699795395985,5276881141132,0,0,0,0
tx,10,10,1,1,1787953699796336819,1787953699795395985,5276881145002,5276881158650,72,0,0
rx,11,11,1,1,1787953699810211819,1787953699810132300,5276895019891,0,0,0,0
tx,11,11,1,1,1787953699810215578,1787953699810132300,5276895023761,5276895037002,72,0,0
rx,12,12,1,1,1787953699825158652,1787953699824260930,5276909966724,0,0,0,0
tx,12,12,1,1,1787953699825162670,1787953699824260930,5276909970947,5276909987798,72,0,0
rx,13,13,1,1,1787953699840112448,1787953699839485133,5276924920521,0,0,0,0
tx,13,13,1,1,1787953699840116356,1787953699839485133,5276924924576,5276924940817,72,0,0
rx,14,14,1,1,1787953699855059633,1787953699854593282,5276939867706,0,0,0,0
tx,14,14,1,1,1787953699855063282,1787953699854593282,5276939871465,5276939885632,72,0,0
rx,15,15,1,1,1787953699870037800,1787953699869627744,5276954845872,0,0,0,0
tx,15,15,1,1,1787953699870044319,1787953699869627744,5276954852576,5276954871798,72,0,0
rx,16,16,1,1,1787953699885000689,1787953699884314226,5276969808761,0,0,0,0
tx,16,16,1,1,1787953699885004319,1787953699884314226,5276969812502,5276969826891,72,0,0
rx,17,17,1,1,1787953699899992930,1787953699899940948,5276984800984,0,0,0,0
tx,17,17,1,1,1787953699899997096,1787953699899940948,5276984805280,5276984819539,72,0,0
rx,18,18,1,1,1787953699914944948,1787953699914374819,5276999753021,0,0,0,0
tx,18,18,1,1,1787953699914948837,1787953699914374819,5276999757021,5276999775891,72,0,0
rx,19,19,1,1,1787953699929905448,1787953699929152893,5277014713521,0,0,0,0
tx,19,19,1,1,1787953699929909652,1787953699929152893,5277014717965,5277014732817,72,0,0
rx,20,20,1,1,1787953699944852411,1787953699944409652,5277029660484,0,0,0,0
tx,20,20,1,1,1787953699944856393,1787953699944409652,5277029664576,5277029679965,72,0,0
rx,21,21,1,1,1787953699959807374,1787953699959591800,5277044615428,0,0,0,0
tx,21,21,1,1,1787953699959811707,1787953699959591800,5277044619891,5277044638076,72,0,0
rx,22,22,1,1,1787953699974761374,1787953699974163485,5277059569354,0,0,0,0
tx,22,22,1,1,1787953699974766819,1787953699974163485,5277059575113,5277059588724,72,0,0
rx,23,23,1,1,1787953699989703633,1787953699989474726,5277074511706,0,0,0,0
tx,23,23,1,1,1787953699989707170,1787953699989474726,5277074515354,5277074527150,72,0,0
rx,24,24,1,1,1787953700004641485,1787953700004550578,5277089449558,0,0,0,0
tx,24,24,1,1,1787953700004645059,1787953700004550578,5277089453243,5277089466243,72,0,0
rx,25,25,1,1,1787953700020653004,1787953700019577411,5277105461076,0,0,0,0
tx,25,25,1,1,1787953700020657152,1787953700019577411,5277105465391,5277105482150,72,0,0
rx,26,26,1,1,1787953700034541318,1787953700034387133,5277119349391,0,0,0,0
tx,26,26,1,1,1787953700034544818,1787953700034387133,5277119353002,5277119365298,72,0,0
rx,27,27,1,1,1787953700050547133,1787953700049801930,5277135355206,0,0,0,0
tx,27,27,1,1,1787953700050551393,1787953700049801930,5277135359854,5277135374706,72,0,0
rx,28,28,1,1,1787953700065500522,1787953700064493689,5277150308502,0,0,0,0
tx,28,28,1,1,1787953700065504855,1787953700064493689,5277150313132,5277150330595,72,0,0
rx,29,29,1,1,1787953700081519670,1787953700080980022,5277166327743,0,0,0,0
tx,29,29,1,1,1787953700081523541,1787953700080980022,5277166331724,5277166344946,72,0,0
rx,30,30,1,1,1787953700095395170,1787953700094386930,5277180203243,0,0,0,0
tx,30,30,1,1,1787953700095400300,1787953700094386930,5277180208483,5277180220817,72,0,0
rx,31,31,1,1,1787953700110332263,1787953700109989930,5277195140335,0,0,0,0
tx,31,31,1,1,1787953700110335892,1787953700109989930,5277195144132,5277195157317,72,0,0
rx,32,32,1,1,1787953700125278485,1787953700124434596,5277210086558,0,0,0,0
tx,32,32,1,1,1787953700125282170,1787953700124434596,5277210090409,5277210106743,72,0,0
rx,33,33,1,1,1787953700140250115,1787953700139324059,5277225058187,0,0,0,0
tx,33,33,1,1,1787953700140253874,1787953700139324059,5277225062058,5277225078039,72,0,0
rx,34,34,1,1,1787953700155215707,1787953700154296763,5277240023780,0,0,0,0
tx,34,34,1,1,1787953700155219689,1787953700154296763,5277240027872,5277240041835,72,0,0
rx,35,35,1,1,1787953700170163078,1787953700169402689,5277254971150,0,0,0,0
tx,35,35,1,1,1787953700170167115,1787953700169402689,5277254975354,5277254991502,72,0,0
rx,36,36,1,1,1787953700185114022,1787953700184362170,5277269921983,0,0,0,0
tx,36,36,1,1,1787953700185117615,1787953700184362170,5277269925798,5277269938298,72,0,0
rx,37,37,1,1,1787953700200051763,1787953700199515855,5277284859835,0,0,0,0
tx,37,37,1,1,1787953700200056781,1787953700199515855,5277284864965,5277284877706,72,0,0
rx,38,38,1,1,1787953700214995041,1787953700214903189,5277299803113,0,0,0,0
tx,38,38,1,1,1787953700214998929,1787953700214903189,5277299807169,5277299823743,72,0,0
rx,39,39,1,1,1787953700229949207,1787953700229324763,5277314757280,0,0,0,0
tx,39,39,1,1,1787953700229952966,1787953700229324763,5277314761206,5277314775724,72,0,0
rx,40,40,1,1,1787953700244894170,1787953700244438300,5277329702243,0,0,0,0
tx,40,40,1,1,1787953700244898004,1787953700244438300,5277329706187,5277329720632,72,0,0
rx,41,41,1,1,1787953700259844189,1787953700259399670,5277344652261,0,0,0,0
tx,41,41,1,1,1787953700259848300,1787953700259399670,5277344656483,5277344674557,72,0,0
rx,42,42,1,1,1787953700274797929,1787953700274383115,5277359605891,0,0,0,0
tx,42,42,1,1,1787953700274801374,1787953700274383115,5277359609576,5277359621724,72,0,0
rx,43,43,1,1,1787953700289736763,1787953700289642355,5277374544835,0,0,0,0
tx,43,43,1,1,1787953700289740226,1787953700289642355,5277374548409,5277374560409,72,0,0
rx,44,44,1,1,1787953700305745800,1787953700305238966,5277390553872,0,0,0,0
tx,44,44,1,1,1787953700305750078,1787953700305238966,5277390558539,5277390575928,72,0,0
rx,45,45,1,1,1787953700320698652,1787953700320222059,5277405506724,0,0,0,0
tx,45,45,1,1,1787953700320703744,1787953700320222059,5277405511928,5277405525335,72,0,0
rx,46,46,1,1,1787953700335638855,1787953700334577374,5277420446928,0,0,0,0
tx,46,46,1,1,1787953700335642226,1787953700334577374,5277420450409,5277420463076,72,0,0
rx,47,47,1,1,1787953700349513966,1787953700349465466,5277434321946,0,0,0,0
tx,47,47,1,1,1787953700349517800,1787953700349465466,5277434326020,5277434341520,72,0,0
rx,48,48,1,1,1787953700365537985,1787953700364564411,5277450345946,0,0,0,0
tx,48,48,1,1,1787953700365541689,1787953700364564411,5277450349965,5277450368668,72,0,0
rx,49,49,1,1,1787953700380492781,1787953700379696503,5277465300854,0,0,0,0
tx,49,49,1,1,1787953700380496318,1787953700379696503,5277465304557,5277465318168,72,0,0
rx,50,50,1,1,1787953700395433115,1787953700394648837,5277480241187,0,0,0,0
tx,50,50,1,1,1787953700395436540,1787953700394648837,5277480244724,5277480258076,72,0,0
rx,51,51,1,1,1787953700410416133,1787953700409931189,5277495224206,0,0,0,0
tx,51,51,1,1,1787953700410420633,1787953700409931189,5277495228817,5277495248039,72,0,0
rx,52,52,1,1,1787953700425372133,1787953700424832429,5277510180205,0,0,0,0
tx,52,52,1,1,1787953700425377374,1787953700424832429,5277510185557,5277510198909,72,0,0
rx,53,53,1,1,1787953700440313152,1787953700439834911,5277525121113,0,0,0,0
tx,53,53,1,1,1787953700440316929,1787953700439834911,5277525125113,5277525139539,72,0,0
rx,54,54,1,1,1787953700455259985,1787953700454420800,5277540068057,0,0,0,0
tx,54,54,1,1,1787953700455263559,1787953700454420800,5277540071743,5277540086131,72,0,0
rx,55,55,1,1,1787953700470204355,1787953700470046633,5277555012428,0,0,0,0
tx,55,55,1,1,1787953700470208207,1787953700470046633,5277555016446,5277555032502,72,0,0
rx,56,56,1,1,1787953700485154948,1787953700484889744,5277569963020,0,0,0,0
tx,56,56,1,1,1787953700485158337,1787953700484889744,5277569966520,5277569979668,72,0,0
rx,57,57,1,1,1787953700500093837,1787953700499621670,5277584901909,0,0,0,0
tx,57,57,1,1,1787953700500097281,1787953700499621670,5277584905483,5277584918613,72,0,0
rx,58,58,1,1,1787953700515034689,1787953700514587985,5277599842761,0,0,0,0
tx,58,58,1,1,1787953700515038466,1787953700514587985,5277599846705,5277599862131,72,0,0
rx,59,59,1,1,1787953700531048022,1787953700530895003,5277615856094,0,0,0,0
tx,59,59,1,1,1787953700531051429,1787953700530895003,5277615859613,5277615872502,72,0,0
rx,60,60,1,1,1787953700544922689,1787953700544804466,5277629730761,0,0,0,0
tx,60,60,1,1,1787953700544926300,1787953700544804466,5277629734483,5277629749057,72,0,0
rx,61,61,1,1,1787953700559871651,1787953700559809633,5277644679724,0,0,0,0
tx,61,61,1,1,1787953700559875763,1787953700559809633,5277644683983,5277644702465,72,0,0
rx,62,62,1,1,1787953700574826059,1787953700574657763,5277659634131,0,0,0,0
tx,62,62,1,1,1787953700574829466,1787953700574657763,5277659637650,5277659650835,72,0,0
rx,63,63,1,1,1787953700590829263,1787953700589813300,5277675637335,0,0,0,0
tx,63,63,1,1,1787953700590832577,1787953700589813300,5277675640761,5277675652983,72,0,0
rx,64,64,1,1,1787953700605766744,1787953700604919170,5277690574798,0,0,0,0
tx,64,64,1,1,1787953700605770096,1787953700604919170,5277690578279,5277690591039,72,0,0
rx,65,65,1,1,1787953700620727948,1787953700619683540,5277705536020,0,0,0,0
tx,65,65,1,1,1787953700620731929,1787953700619683540,5277705540205,5277705556168,72,0,0
rx,66,66,1,1,1787953700635675577,1787953700634673096,5277720483650,0,0,0,0
tx,66,66,1,1,1787953700635679059,1787953700634673096,5277720487242,5277720500446,72,0,0
rx,67,67,1,1,1787953700650614226,1787953700650340059,5277735422298,0,0,0,0
tx,67,67,1,1,1787953700650619651,1787953700650340059,5277735427835,5277735442631,72,0,0
rx,68,68,1,1,1787953700664515892,1787953700664304466,5277749323965,0,0,0,0
tx,68,68,1,1,1787953700664519966,1787953700664304466,5277749328150,5277749348872,72,0,0
rx,69,69,1,1,1787953700680560707,1787953700679579466,5277765368779,0,0,0,0
tx,69,69,1,1,1787953700680564263,1787953700679579466,5277765372446,5277765388020,72,0,0
rx,70,70,1,1,1787953700695504781,1787953700694782485,5277780312853,0,0,0,0
tx,70,70,1,1,1787953700695508281,1787953700694782485,5277780316465,5277780329279,72,0,0
rx,71,71,1,1,1787953700709389022,1787953700709211651,5277794197094,0,0,0,0
tx,71,71,1,1,1787953700709393244,1787953700709211651,5277794201465,5277794220205,72,0,0
rx,72,72,1,1,1787953700724347003,1787953700724328429,5277809155076,0,0,0,0
tx,72,72,1,1,1787953700724350744,1787953700724328429,5277809158928,5277809172224,72,0,0
rx,73,73,1,1,1787953700740356781,1787953700739515207,5277825164853,0,0,0,0
tx,73,73,1,1,1787953700740360744,1787953700739515207,5277825168928,5277825184242,72,0,0
rx,74,74,1,1,1787953700755309559,1787953700754836503,5277840117631,0,0,0,0
tx,74,74,1,1,1787953700755315744,1787953700754836503,5277840123928,5277840140316,72,0,0
rx,75,75,1,1,1787953700769201948,1787953700769172929,5277854010020,0,0,0,0
tx,75,75,1,1,1787953700769205688,1787953700769172929,5277854013890,5277854028205,72,0,0
rx,76,76,1,1,1787953700784151225,1787953700784068262,5277868959298,0,0,0,0
tx,76,76,1,1,1787953700784154892,1787953700784068262,5277868963168,5277868976428,72,0,0
rx,77,77,1,1,1787953700800155577,1787953700799266281,5277884963650,0,0,0,0
tx,77,77,1,1,1787953700800159096,1787953700799266281,5277884967279,5277884980502,72,0,0
rx,78,78,1,1,1787953700815099633,1787953700814460799,5277899907705,0,0,0,0
tx,78,78,1,1,1787953700815103355,1787953700814460799,5277899911594,5277899928168,72,0,0
rx,79,79,1,1,1787953700830051577,1787953700829055929,5277914859539,0,0,0,0
tx,79,79,1,1,1787953700830055133,1787953700829055929,5277914863335,5277914875020,72,0,0
rx,80,80,1,1,1787953700844992966,1787953700844850374,5277929801039,0,0,0,0
tx,80,80,1,1,1787953700844996837,1787953700844850374,5277929805020,5277929819613,72,0,0
rx,81,81,1,1,1787953700859964429,1787953700859316577,5277944772502,0,0,0,0
tx,81,81,1,1,1787953700859971207,1787953700859316577,5277944779483,5277944798464,72,0,0
rx,82,82,1,1,1787953700874928355,1787953700874331299,5277959736427,0,0,0,0
tx,82,82,1,1,1787953700874932096,1787953700874331299,5277959740279,5277959754002,72,0,0
rx,83,83,1,1,1787953700889873059,1787953700889479596,5277974681131,0,0,0,0
tx,83,83,1,1,1787953700889876503,1787953700889479596,5277974684687,5277974697446,72,0,0
rx,84,84,1,1,1787953700904813225,1787953700904426892,5277989621279,0,0,0,0
tx,84,84,1,1,1787953700904816707,1787953700904426892,5277989624890,5277989638150,72,0,0
rx,85,85,1,1,1787953700920824225,1787953700920076744,5278005632298,0,0,0,0
tx,85,85,1,1,1787953700920828318,1787953700920076744,5278005636501,5278005654131,72,0,0
rx,86,86,1,1,1787953700935798022,1787953700935006559,5278020606094,0,0,0,0
tx,86,86,1,1,1787953700935801670,1787953700935006559,5278020609853,5278020623816,72,0,0
rx,87,87,1,1,1787953700949675836,1787953700949382170,5278034483835,0,0,0,0
tx,87,87,1,1,1787953700949679540,1787953700949382170,5278034487724,5278034502057,72,0,0
rx,88,88,1,1,1787953700964627522,1787953700964532373,5278049435594,0,0,0,0
tx,88,88,1,1,1787953700964633373,1787953700964532373,5278049441631,5278049459094,72,0,0
rx,89,89,1,1,1787953700980648392,1787953700979922855,5278065456464,0,0,0,0
tx,89,89,1,1,1787953700980653336,1787953700979922855,5278065461520,5278065474557,72,0,0
rx,90,90,1,1,1787953700995589633,1787953700995126392,5278080397705,0,0,0,0
tx,90,90,1,1,1787953700995593003,1787953700995126392,5278080401242,5278080414409,72,0,0
rx,91,91,1,1,1787953701009471429,1787953701009326262,5278094279501,0,0,0,0
tx,91,91,1,1,1787953701009475818,1787953701009326262,5278094284038,5278094302742,72,0,0
rx,92,92,1,1,1787953701024427244,1787953701024310985,5278109235316,0,0,0,0
tx,92,92,1,1,1787953701024431373,1787953701024310985,5278109239557,5278109253372,72,0,0
rx,93,93,1,1,1787953701040435522,1787953701039795096,5278125243594,0,0,0,0
tx,93,93,1,1,1787953701040439281,1787953701039795096,5278125247538,5278125263520,72,0,0
rx,94,94,1,1,1787953701055387133,1787953701055201633,5278140195094,0,0,0,0
tx,94,94,1,1,1787953701055391318,1787953701055201633,5278140199501,5278140217316,72,0,0
rx,95,95,1,1,1787953701070340281,1787953701069360133,5278155148353,0,0,0,0
tx,95,95,1,1,1787953701070344392,1787953701069360133,5278155152575,5278155166150,72,0,0
rx,96,96,1,1,1787953701085281133,1787953701084773725,5278170089205,0,0,0,0
tx,96,96,1,1,1787953701085286188,1787953701084773725,5278170094372,5278170107224,72,0,0
rx,97,97,1,1,1787953701100236281,1787953701099318484,5278185044353,0,0,0,0
tx,97,97,1,1,1787953701100239966,1787953701099318484,5278185048150,5278185061187,72,0,0
rx,98,98,1,1,1787953701115178577,1787953701114216633,5278199986650,0,0,0,0
tx,98,98,1,1,1787953701115182614,1787953701114216633,5278199990835,5278200044983,72,0,0
rx,99,99,1,1,1787953701130173799,1787953701129446522,5278214981872,0,0,0,0
tx,99,99,1,1,1787953701130177447,1787953701129446522,5278214985631,5278214999557,72,0,0
rx,100,100,1,1,1787953701145114170,1787953701144768522,5278229922242,0,0,0,0
tx,100,100,1,1,1787953701145118151,1787953701144768522,5278229926335,5278229941409,72,0,0
rx,101,101,1,1,1787953701161133392,1787953701160393873,5278245941464,0,0,0,0
tx,101,101,1,1,1787953701161137596,1787953701160393873,5278245945816,5278245963724,72,0,0
rx,102,102,1,1,1787953701175023929,1787953701174618281,5278259832001,0,0,0,0
tx,102,102,1,1,1787953701175027355,1787953701174618281,5278259835557,5278259849094,72,0,0
rx,103,103,1,1,1787953701189980744,1787953701189477040,5278274788816,0,0,0,0
tx,103,103,1,1,1787953701189986003,1787953701189477040,5278274794187,5278274807427,72,0,0
rx,104,104,1,1,1787953701204921281,1787953701204835947,5278289729353,0,0,0,0
tx,104,104,1,1,1787953701204924855,1787953701204835947,5278289733038,5278289745335,72,0,0
rx,105,105,1,1,1787953701219864521,1787953701219800466,5278304672594,0,0,0,0
tx,105,105,1,1,1787953701219868484,1787953701219800466,5278304676668,5278304694872,72,0,0
rx,106,106,1,1,1787953701234821521,1787953701234048170,5278319629594,0,0,0,0
tx,106,106,1,1,1787953701234825244,1787953701234048170,5278319633538,5278319647816,72,0,0
rx,107,107,1,1,1787953701249766373,1787953701249662447,5278334574446,0,0,0,0
tx,107,107,1,1,1787953701249770151,1787953701249662447,5278334578335,5278334593335,72,0,0
rx,108,108,1,1,1787953701265785799,1787953701264830188,5278350593853,0,0,0,0
tx,108,108,1,1,1787953701265790225,1787953701264830188,5278350598409,5278350614686,72,0,0
rx,109,109,1,1,1787953701280738947,1787953701279816318,5278365547020,0,0,0,0
tx,109,109,1,1,1787953701280742447,1787953701279816318,5278365550631,5278365563242,72,0,0
rx,110,110,1,1,1787953701294612651,1787953701294274744,5278379420723,0,0,0,0
tx,110,110,1,1,1787953701294617725,1787953701294274744,5278379425909,5278379438723,72,0,0
rx,111,111,1,1,1787953701310639170,1787953701310105521,5278395447242,0,0,0,0
tx,111,111,1,1,1787953701310645521,1787953701310105521,5278395453705,5278395472668,72,0,0
rx,112,112,1,1,1787953701324539058,1787953701324409762,5278409347131,0,0,0,0
tx,112,112,1,1,1787953701324542466,1787953701324409762,5278409350649,5278409364723,72,0,0
rx,113,113,1,1,1787953701340613188,1787953701339726466,5278425421261,0,0,0,0
tx,113,113,1,1,1787953701340617447,1787953701339726466,5278425425631,5278425444372,72,0,0
rx,114,114,1,1,1787953701354904855,1787953701354457244,5278439712927,0,0,0,0
tx,114,114,1,1,1787953701354909170,1787953701354457244,5278439717575,5278439739594,72,0,0
rx,115,115,1,1,1787953701369868540,1787953701369791558,5278454676612,0,0,0,0
tx,115,115,1,1,1787953701369872225,1787953701369791558,5278454680409,5278454697038,72,0,0
rx,116,116,1,1,1787953701384807225,1787953701384425058,5278469615298,0,0,0,0
tx,116,116,1,1,1787953701384810947,1787953701384425058,5278469619131,5278469632557,72,0,0
rx,117,117,1,1,1787953701400005818,1787953701399475818,5278484813890,0,0,0,0
tx,117,117,1,1,1787953701400013466,1787953701399475818,5278484821649,5278484844575,72,0,0
rx,118,118,1,1,1787953701414977892,1787953701414431540,5278499785964,0,0,0,0
tx,118,118,1,1,1787953701414981744,1787953701414431540,5278499789983,5278499806520,72,0,0
rx,119,119,1,1,1787953701429930595,1787953701429346632,5278514738649,0,0,0,0
tx,119,119,1,1,1787953701429934114,1787953701429346632,5278514742297,5278514756112,72,0,0
rx,120,120,1,1,1787953701445958410,1787953701444937595,5278530766446,0,0,0,0
tx,120,120,1,1,1787953701445962225,1787953701444937595,5278530770409,5278530787909,72,0,0
rx,121,121,1,1,1787953701460731447,1787953701459691299,5278545539483,0,0,0,0
tx,121,121,1,1,1787953701460735725,1787953701459691299,5278545543946,5278545565983,72,0,0
rx,122,122,1,1,1787953701475698910,1787953701474853540,5278560506964,0,0,0,0
tx,122,122,1,1,1787953701475702762,1787953701474853540,5278560510946,5278560526501,72,0,0
rx,123,123,1,1,1787953701489610799,1787953701489413021,5278574418872,0,0,0,0
tx,123,123,1,1,1787953701489614688,1787953701489413021,5278574422872,5278574435927,72,0,0
rx,124,124,1,1,1787953701505661299,1787953701504794781,5278590469353,0,0,0,0
tx,124,124,1,1,1787953701505665799,1787953701504794781,5278590474020,5278590493316,72,0,0
rx,125,125,1,1,1787953701519551392,1787953701519304651,5278604359464,0,0,0,0
tx,125,125,1,1,1787953701519555132,1787953701519304651,5278604363316,5278604378575,72,0,0
rx,126,126,1,1,1787953701534494003,1787953701534214021,5278619302075,0,0,0,0
tx,126,126,1,1,1787953701534497558,1787953701534214021,5278619305742,5278619319557,72,0,0
rx,127,127,1,1,1787953701550499169,1787953701549552929,5278635307242,0,0,0,0
tx,127,127,1,1,1787953701550502929,1787953701549552929,5278635311131,5278635327205,72,0,0
rx,128,128,1,1,1787953701565816855,1787953701564829818,5278650624927,0,0,0,0
tx,128,128,1,1,1787953701565821632,1787953701564829818,5278650629853,5278650647946,72,0,0
rx,129,129,1,1,1787953701580795929,1787953701579783892,5278665604001,0,0,0,0
tx,129,129,1,1,1787953701580799614,1787953701579783892,5278665607797,5278665621779,72,0,0
rx,130,130,1,1,1787953701594667614,1787953701594545762,5278679475686,0,0,0,0
tx,130,130,1,1,1787953701594671169,1787953701594545762,5278679479353,5278679492427,72,0,0
rx,131,131,1,1,1787953701609740669,1787953701609358651,5278694548742,0,0,0,0
tx,131,131,1,1,1787953701609744910,1787953701609358651,5278694553094,5278694571779,72,0,0
rx,132,132,1,1,1787953701624697929,1787953701624675299,5278709506001,0,0,0,0
tx,132,132,1,1,1787953701624703373,1787953701624675299,5278709511557,5278709524871,72,0,0
rx,133,133,1,1,1787953701640703447,1787953701640003651,5278725511520,0,0,0,0
tx,133,133,1,1,1787953701640708466,1787953701640003651,5278725516649,5278725529908,72,0,0
rx,134,134,1,1,1787953701654877669,1787953701654859373,5278739685742,0,0,0,0
tx,134,134,1,1,1787953701654881762,1787953701654859373,5278739690205,5278739710186,72,0,0
rx,135,135,1,1,1787953701669860743,1787953701669439873,5278754668797,0,0,0,0
tx,135,135,1,1,1787953701669864780,1787953701669439873,5278754672964,5278754689742,72,0,0
rx,136,136,1,1,1787953701685869243,1787953701685026040,5278770677297,0,0,0,0
tx,136,136,1,1,1787953701685872929,1787953701685026040,5278770681112,5278770695112,72,0,0
rx,137,137,1,1,1787953701700500632,1787953701699961243,5278785308705,0,0,0,0
tx,137,137,1,1,1787953701700504910,1787953701699961243,5278785313149,5278785336983,72,0,0
rx,138,138,1,1,1787953701715482892,1787953701715003521,5278800290964,0,0,0,0
tx,138,138,1,1,1787953701715487021,1787953701715003521,5278800295260,5278800311334,72,0,0
rx,139,139,1,1,1787953701730411114,1787953701730158577,5278815219186,0,0,0,0
tx,139,139,1,1,1787953701730414688,1787953701730158577,5278815222871,5278815236594,72,0,0
rx,140,140,1,1,1787953701745365206,1787953701744783873,5278830173279,0,0,0,0
tx,140,140,1,1,1787953701745371503,1787953701744783873,5278830179742,5278830196594,72,0,0
rx,141,141,1,1,1787953701760333817,1787953701759696984,5278845141890,0,0,0,0
tx,141,141,1,1,1787953701760338225,1787953701759696984,5278845146408,5278845165390,72,0,0
rx,142,142,1,1,1787953701775303854,1787953701774456762,5278860111908,0,0,0,0
tx,142,142,1,1,1787953701775307725,1787953701774456762,5278860115908,5278860131316,72,0,0
rx,143,143,1,1,1787953701790257780,1787953701790171521,5278875065834,0,0,0,0
tx,143,143,1,1,1787953701790261262,1787953701790171521,5278875069464,5278875083464,72,0,0
rx,144,144,1,1,1787953701805213447,1787953701804931891,5278890021501,0,0,0,0
tx,144,144,1,1,1787953701805217669,1787953701804931891,5278890025908,5278890045779,72,0,0
rx,145,145,1,1,1787953701820176651,1787953701819360725,5278904984723,0,0,0,0
tx,145,145,1,1,1787953701820180095,1787953701819360725,5278904988279,5278905003260,72,0,0
rx,146,146,1,1,1787953701835129614,1787953701834689151,5278919937668,0,0,0,0
tx,146,146,1,1,1787953701835133077,1787953701834689151,5278919941260,5278919955353,72,0,0
rx,147,147,1,1,1787953701850087484,1787953701849744540,5278934895556,0,0,0,0
tx,147,147,1,1,1787953701850093447,1787953701849744540,5278934901686,5278934918686,72,0,0
rx,148,148,1,1,1787953701866155780,1787953701865185225,5278950963853,0,0,0,0
tx,148,148,1,1,1787953701866162225,1787953701865185225,5278950970408,5278950989945,72,0,0
rx,149,149,1,1,1787953701880051743,1787953701879762040,5278964859816,0,0,0,0
tx,149,149,1,1,1787953701880055780,1787953701879762040,5278964863964,5278964879075,72,0,0
rx,150,150,1,1,1787953701895027743,1787953701894750577,5278979835816,0,0,0,0
tx,150,150,1,1,1787953701895031336,1787953701894750577,5278979839519,5278979852686,72,0,0
rx,151,151,1,1,1787953701910046984,1787953701909397799,5278994855056,0,0,0,0
tx,151,151,1,1,1787953701910051354,1787953701909397799,5278994859538,5278994880001,72,0,0
rx,152,152,1,1,1787953701925270021,1787953701924948188,5279010078093,0,0,0,0
tx,152,152,1,1,1787953701925274762,1787953701924948188,5279010082945,5279010108019,72,0,0
rx,153,153,1,1,1787953701940275780,1787953701939481447,5279025083834,0,0,0,0
tx,153,153,1,1,1787953701940279503,1787953701939481447,5279025087742,5279025102797,72,0,0
rx,154,154,1,1,1787953701954723928,1787953701954296503,5279039532001,0,0,0,0
tx,154,154,1,1,1787953701954730299,1787953701954296503,5279039538556,5279039558575,72,0,0
rx,155,155,1,1,1787953701969726132,1787953701969553984,5279054534186,0,0,0,0
tx,155,155,1,1,1787953701969729614,1787953701969553984,5279054537871,5279054552112,72,0,0
rx,156,156,1,1,1787953701984695058,1787953701984198725,5279069503112,0,0,0,0
tx,156,156,1,1,1787953701984699114,1787953701984198725,5279069507297,5279069520612,72,0,0
rx,157,157,1,1,1787953702000703077,1787953701999817910,5279085511149,0,0,0,0
tx,157,157,1,1,1787953702000706540,1787953701999817910,5279085514723,5279085527575,72,0,0
rx,158,158,1,1,1787953702015654206,1787953702015033465,5279100462279,0,0,0,0
tx,158,158,1,1,1787953702015658484,1787953702015033465,5279100466705,5279100486519,72,0,0
rx,159,159,1,1,1787953702030635428,1787953702029729965,5279115443482,0,0,0,0
tx,159,159,1,1,1787953702030639077,1787953702029729965,5279115447260,5279115460612,72,0,0
rx,160,160,1,1,1787953702045596465,1787953702044798799,5279130404538,0,0,0,0
tx,160,160,1,1,1787953702045600114,1787953702044798799,5279130408297,5279130425186,72,0,0
rx,161,161,1,1,1787953702060598465,1787953702059798965,5279145406519,0,0,0,0
tx,161,161,1,1,1787953702060602725,1787953702059798965,5279145411167,5279145430186,72,0,0
rx,162,162,1,1,1787953702076647354,1787953702075890928,5279161455427,0,0,0,0
tx,162,162,1,1,1787953702076650836,1787953702075890928,5279161459279,5279161473723,72,0,0
rx,163,163,1,1,1787953702090546577,1787953702089553188,5279175354649,0,0,0,0
tx,163,163,1,1,1787953702090550021,1787953702089553188,5279175358242,5279175371797,72,0,0
rx,164,164,1,1,1787953702105513447,1787953702104696447,5279190321519,0,0,0,0
tx,164,164,1,1,1787953702105517391,1787953702104696447,5279190325686,5279190344038,72,0,0
rx,165,165,1,1,1787953702120491688,1787953702119436502,5279205299742,0,0,0,0
tx,165,165,1,1,1787953702120495225,1787953702119436502,5279205303464,5279205319371,72,0,0
rx,166,166,1,1,1787953702135477317,1787953702134436576,5279220285390,0,0,0,0
tx,166,166,1,1,1787953702135480947,1787953702134436576,5279220289334,5279220304427,72,0,0
rx,167,167,1,1,1787953702150448002,1787953702149441373,5279235256056,0,0,0,0
tx,167,167,1,1,1787953702150452317,1787953702149441373,5279235260538,5279235280316,72,0,0
rx,168,168,1,1,1787953702164364873,1787953702164150039,5279249172927,0,0,0,0
tx,168,168,1,1,1787953702164370151,1787953702164150039,5279249178408,5279249193371,72,0,0
rx,169,169,1,1,1787953702179329299,1787953702179129262,5279264137371,0,0,0,0
tx,169,169,1,1,1787953702179332947,1787953702179129262,5279264141130,5279264155260,72,0,0
rx,170,170,1,1,1787953702195339651,1787953702194777651,5279280147704,0,0,0,0
tx,170,170,1,1,1787953702195343354,1787953702194777651,5279280151538,5279280165075,72,0,0
rx,171,171,1,1,1787953702211367965,1787953702210294576,5279296176038,0,0,0,0
tx,171,171,1,1,1787953702211372502,1787953702210294576,5279296180686,5279296198704,72,0,0
rx,172,172,1,1,1787953702225304299,1787953702224687280,5279310112371,0,0,0,0
tx,172,172,1,1,1787953702225308113,1787953702224687280,5279310116316,5279310131112,72,0,0
rx,173,173,1,1,1787953702239203410,1787953702239085169,5279324011464,0,0,0,0
tx,173,173,1,1,1787953702239206928,1787953702239085169,5279324015112,5279324028204,72,0,0
rx,174,174,1,1,1787953702255229169,1787953702254151762,5279340037241,0,0,0,0
tx,174,174,1,1,1787953702255233150,1787953702254151762,5279340041427,5279340059519,72,0,0
rx,175,175,1,1,1787953702271278595,1787953702270217317,5279356086649,0,0,0,0
tx,175,175,1,1,1787953702271282706,1787953702270217317,5279356090890,5279356105908,72,0,0
rx,176,176,1,1,1787953702285177280,1787953702284658947,5279369985353,0,0,0,0
tx,176,176,1,1,1787953702285182539,1787953702284658947,5279369990760,5279370003815,72,0,0
rx,177,177,1,1,1787953702301186576,1787953702300168706,5279385994630,0,0,0,0
tx,177,177,1,1,1787953702301192910,1787953702300168706,5279386001167,5279386018853,72,0,0
rx,178,178,1,1,1787953702315099484,1787953702314900280,5279399907538,0,0,0,0
tx,178,178,1,1,1787953702315103613,1787953702314900280,5279399911853,5279399929408,72,0,0
rx,179,179,1,1,1787953702330051373,1787953702329444484,5279414859427,0,0,0,0
tx,179,179,1,1,1787953702330054891,1787953702329444484,5279414863075,5279414877038,72,0,0
rx,180,180,1,1,1787953702344992410,1787953702344652058,5279429800482,0,0,0,0
tx,180,180,1,1,1787953702344996095,1787953702344652058,5279429804278,5279429822519,72,0,0
rx,181,181,1,1,1787953702359977132,1787953702359274095,5279444785186,0,0,0,0
tx,181,181,1,1,1787953702359981428,1787953702359274095,5279444789686,5279444808112,72,0,0
rx,182,182,1,1,1787953702374953002,1787953702374798206,5279459761075,0,0,0,0
tx,182,182,1,1,1787953702374956558,1787953702374798206,5279459764760,5279459777723,72,0,0
rx,183,183,1,1,1787953702389908687,1787953702389483336,5279474716760,0,0,0,0
tx,183,183,1,1,1787953702389913854,1787953702389483336,5279474722093,5279474735167,72,0,0
rx,184,184,1,1,1787953702404875243,1787953702404534910,5279489683315,0,0,0,0
tx,184,184,1,1,1787953702404879021,1787953702404534910,5279489687204,5279489705241,72,0,0
rx,185,185,1,1,1787953702419857521,1787953702419662150,5279504665575,0,0,0,0
tx,185,185,1,1,1787953702419861021,1787953702419662150,5279504669223,5279504683852,72,0,0
rx,186,186,1,1,1787953702435887039,1787953702434819169,5279520695112,0,0,0,0
tx,186,186,1,1,1787953702435890410,1787953702434819169,5279520698612,5279520711593,72,0,0
rx,187,187,1,1,1787953702449773428,1787953702449547373,5279534581482,0,0,0,0
tx,187,187,1,1,1787953702449777706,1787953702449547373,5279534585945,5279534607112,72,0,0
rx,188,188,1,1,1787953702464726354,1787953702464438095,5279549534408,0,0,0,0
tx,188,188,1,1,1787953702464730354,1787953702464438095,5279549538556,5279549554130,72,0,0
rx,189,189,1,1,1787953702479663187,1787953702479622317,5279564471260,0,0,0,0
tx,189,189,1,1,1787953702479666761,1787953702479622317,5279564474945,5279564489204,72,0,0
rx,190,190,1,1,1787953702495696058,1787953702495302058,5279580504112,0,0,0,0
tx,190,190,1,1,1787953702495700336,1787953702495302058,5279580508556,5279580527408,72,0,0
rx,191,191,1,1,1787953702510669373,1787953702510298002,5279595477426,0,0,0,0
tx,191,191,1,1,1787953702510674947,1787953702510298002,5279595483130,5279595497778,72,0,0
rx,192,192,1,1,1787953702526697447,1787953702525635873,5279611505519,0,0,0,0
tx,192,192,1,1,1787953702526702650,1787953702525635873,5279611510834,5279611524297,72,0,0
rx,193,193,1,1,1787953702540610354,1787953702539543576,5279625418426,0,0,0,0
tx,193,193,1,1,1787953702540613669,1787953702539543576,5279625421852,5279625434389,72,0,0
rx,194,194,1,1,1787953702555572669,1787953702555368835,5279640380741,0,0,0,0
tx,194,194,1,1,1787953702555577076,1787953702555368835,5279640385297,5279640404038,72,0,0
rx,195,195,1,1,1787953702570554595,1787953702569837187,5279655362649,0,0,0,0
tx,195,195,1,1,1787953702570558206,1787953702569837187,5279655366445,5279655382130,72,0,0
rx,196,196,1,1,1787953702585520447,1787953702584511947,5279670328519,0,0,0,0
tx,196,196,1,1,1787953702585524002,1787953702584511947,5279670332463,5279670346371,72,0,0
rx,197,197,1,1,1787953702600468780,1787953702599633039,5279685276686,0,0,0,0
tx,197,197,1,1,1787953702600472798,1787953702599633039,5279685280982,5279685299945,72,0,0
rx,198,198,1,1,1787953702614630113,1787953702614519206,5279699438093,0,0,0,0
tx,198,198,1,1,1787953702614637428,1787953702614519206,5279699445667,5279699474834,72,0,0
rx,199,199,1,1,1787953702630981984,1787953702630204798,5279715789963,0,0,0,0
tx,199,199,1,1,1787953702630993261,1787953702630204798,5279715801519,5279715829112,72,0,0
rx,200,200,1,1,1787953702646252261,1787953702645328484,5279731060278,0,0,0,0
tx,200,200,1,1,1787953702646260298,1787953702645328484,5279731068556,5279731101871,72,0,0
rx,201,0,1,1,1787953702661628039,1787953702660546928,5279746436056,0,0,0,0
tx,201,0,1,1,1787953702661636021,1787953702660546928,5279746444278,5279746479112,72,0,0
rx,202,1,1,1,1787953702675813447,1787953702675033372,5279760621426,0,0,0,0
tx,202,1,1,1,1787953702675821150,1787953702675033372,5279760629408,5279760658686,72,0,0
rx,203,2,1,1,1787953702689985743,1787953702689931502,5279774793741,0,0,0,0
tx,203,2,1,1,1787953702689992891,1787953702689931502,5279774801149,5279774827982,72,0,0
rx,204,3,1,1,1787953702705270335,1787953702704871613,5279790078334,0,0,0,0
tx,204,3,1,1,1787953702705278558,1787953702704871613,5279790086815,5279790117889,72,0,0
rx,205,4,1,1,1787953702720553076,1787953702720007076,5279805361074,0,0,0,0
tx,205,4,1,1,1787953702720560502,1787953702720007076,5279805368741,5279805397167,72,0,0
rx,206,5,1,1,1787953702736916928,1787953702735977409,5279821724926,0,0,0,0
tx,206,5,1,1,1787953702736924335,1787953702735977409,5279821732593,5279821762204,72,0,0
rx,207,6,1,1,1787953702751109780,1787953702750073835,5279835917760,0,0,0,0
tx,207,6,1,1,1787953702751117724,1787953702750073835,5279835925982,5279835962445,72,0,0
rx,208,7,1,1,1787953702764324984,1787953702764083113,5279849132945,0,0,0,0
tx,208,7,1,1,1787953702764332780,1787953702764083113,5279849141093,5279849173537,72,0,0
rx,209,8,1,1,1787953702780638539,1787953702779813076,5279865446556,0,0,0,0
tx,209,8,1,1,1787953702780646317,1787953702779813076,5279865454574,5279865482371,72,0,0
rx,210,9,1,1,1787953702794821465,1787953702794544891,5279879629463,0,0,0,0
tx,210,9,1,1,1787953702794830095,1787953702794544891,5279879638334,5279879671278,72,0,0
rx,211,10,1,1,1787953702810101372,1787953702809778909,5279894909371,0,0,0,0
tx,211,10,1,1,1787953702810110076,1787953702809778909,5279894918352,5279894949019,72,0,0
rx,212,11,1,1,1787953702825359798,1787953702824524261,5279910167778,0,0,0,0
tx,212,11,1,1,1787953702825367243,1787953702824524261,5279910175500,5279910203556,72,0,0
rx,213,12,1,1,1787953702840643169,1787953702839799113,5279925451148,0,0,0,0
tx,213,12,1,1,1787953702840654428,1787953702839799113,5279925462667,5279925491167,72,0,0
rx,214,13,1,1,1787953702854805946,1787953702854477132,5279939613945,0,0,0,0
tx,214,13,1,1,1787953702854814687,1787953702854477132,5279939622963,5279939659574,72,0,0
rx,215,14,1,1,1787953702870124891,1787953702869422854,5279954932889,0,0,0,0
tx,215,14,1,1,1787953702870133465,1787953702869422854,5279954941704,5279954981556,72,0,0
rx,216,15,1,1,1787953702885409391,1787953702884584743,5279970217408,0,0,0,0
tx,216,15,1,1,1787953702885417409,1787953702884584743,5279970225667,5279970256945,72,0,0
rx,217,16,1,1,1787953702900681169,1787953702899574539,5279985489148,0,0,0,0
tx,217,16,1,1,1787953702900689409,1787953702899574539,5279985497667,5279985535519,72,0,0
rx,218,17,1,1,1787953702915994132,1787953702914956243,5280000802111,0,0,0,0
tx,218,17,1,1,1787953702916002372,1787953702914956243,5280000810630,5280000841297,72,0,0
rx,219,18,1,1,1787953702930151206,1787953702929778669,5280014959185,0,0,0,0
tx,219,18,1,1,1787953702930158743,1787953702929778669,5280014967000,5280014997593,72,0,0
rx,220,19,1,1,1787953702947595057,1787953702946875650,5280032403019,0,0,0,0
tx,220,19,1,1,1787953702947603983,1787953702946875650,5280032412241,5280032450667,72,0,0
rx,221,20,1,1,1787953702960694743,1787953702960152354,5280045502741,0,0,0,0
tx,221,20,1,1,1787953702960702891,1787953702960152354,5280045511130,5280045541963,72,0,0
rx,222,21,1,1,1787953702974878020,1787953702974216891,5280059686000,0,0,0,0
tx,222,21,1,1,1787953702974885706,1787953702974216891,5280059693945,5280059723630,72,0,0
rx,223,22,1,1,1787953702990139613,1787953702990043483,5280074947630,0,0,0,0
tx,223,22,1,1,1787953702990146965,1787953702990043483,5280074955222,5280074982297,72,0,0
rx,224,23,1,1,1787953703006486594,1787953703005451002,5280091294593,0,0,0,0
tx,224,23,1,1,1787953703006494557,1787953703005451002,5280091302908,5280091335278,72,0,0
rx,225,24,1,1,1787953703021765076,1787953703021060354,5280106573093,0,0,0,0
tx,225,24,1,1,1787953703021772761,1787953703021060354,5280106581000,5280106610389,72,0,0
rx,226,25,1,1,1787953703035947761,1787953703035205983,5280120755759,0,0,0,0
tx,226,25,1,1,1787953703035955057,1787953703035205983,5280120763315,5280120790704,72,0,0
rx,227,26,1,1,1787953703051237428,1787953703050607780,5280136045426,0,0,0,0
tx,227,26,1,1,1787953703051246298,1787953703050607780,5280136054648,5280136089445,72,0,0
rx,228,27,1,1,1787953703065451928,1787953703064873317,5280150259908,0,0,0,0
tx,228,27,1,1,1787953703065459428,1787953703064873317,5280150267685,5280150298648,72,0,0
rx,229,28,1,1,1787953703080668928,1787953703079740706,5280165476908,0,0,0,0
tx,229,28,1,1,1787953703080676372,1787953703079740706,5280165484611,5280165514741,72,0,0
rx,230,29,1,1,1787953703095934539,1787953703095571854,5280180742519,0,0,0,0
tx,230,29,1,1,1787953703095942613,1787953703095571854,5280180750945,5280180785852,72,0,0
rx,231,30,1,1,1787953703110119113,1787953703109374650,5280194927056,0,0,0,0
tx,231,30,1,1,1787953703110126946,1787953703109374650,5280194935204,5280194962759,72,0,0
rx,232,31,1,1,1787953703125389076,1787953703124957261,5280210197093,0,0,0,0
tx,232,31,1,1,1787953703125397354,1787953703124957261,5280210205611,5280210234371,72,0,0
rx,233,32,1,1,1787953703140647372,1787953703140032168,5280225455371,0,0,0,0
tx,233,32,1,1,1787953703140655409,1787953703140032168,5280225463667,5280225491185,72,0,0
rx,234,33,1,1,1787953703155922743,1787953703155587409,5280240730722,0,0,0,0
tx,234,33,1,1,1787953703155931539,1787953703155587409,5280240739796,5280240774500,72,0,0
rx,235,34,1,1,1787953703170104076,1787953703170079354,5280254912056,0,0,0,0
tx,235,34,1,1,1787953703170111409,1787953703170079354,5280254919648,5280254948778,72,0,0
rx,236,35,1,1,1787953703184310076,1787953703184263168,5280269118074,0,0,0,0
tx,236,35,1,1,1787953703184317243,1787953703184263168,5280269125500,5280269154371,72,0,0
rx,237,36,1,1,1787953703200637539,1787953703199895446,5280285445519,0,0,0,0
tx,237,36,1,1,1787953703200645594,1787953703199895446,5280285453852,5280285489722,72,0,0
rx,238,37,1,1,1787953703214842650,1787953703214732261,5280299650648,0,0,0,0
tx,238,37,1,1,1787953703214850354,1787953703214732261,5280299658593,5280299688870,72,0,0
rx,239,38,1,1,1787953703230137020,1787953703230008742,5280314945000,0,0,0,0
tx,239,38,1,1,1787953703230144668,1787953703230008742,5280314952926,5280314981722,72,0,0
rx,240,39,1,1,1787953703245390446,1787953703244623205,5280330198426,0,0,0,0
tx,240,39,1,1,1787953703245398687,1787953703244623205,5280330206945,5280330239908,72,0,0
rx,241,40,1,1,1787953703260656391,1787953703260199668,5280345464408,0,0,0,0
tx,241,40,1,1,1787953703260664428,1787953703260199668,5280345472667,5280345501926,72,0,0
rx,242,41,1,1,1787953703274852205,1787953703274781446,5280359660204,0,0,0,0
tx,242,41,1,1,1787953703274859928,1787953703274781446,5280359668204,5280359695630,72,0,0
rx,243,42,1,1,1787953703290108002,1787953703289301002,5280374915982,0,0,0,0
tx,243,42,1,1,1787953703290115317,1787953703289301002,5280374923556,5280374950648,72,0,0
rx,244,43,1,1,1787953703306496798,1787953703305495242,5280391304796,0,0,0,0
tx,244,43,1,1,1787953703306505613,1787953703305495242,5280391313870,5280391346704,72,0,0
rx,245,44,1,1,1787953703319602187,1787953703319461613,5280404410167,0,0,0,0
tx,245,44,1,1,1787953703319610428,1787953703319461613,5280404418685,5280404448556,72,0,0
rx,246,45,1,1,1787953703334861039,1787953703334216446,5280419669056,0,0,0,0
tx,246,45,1,1,1787953703334868724,1787953703334216446,5280419676963,5280419705500,72,0,0
rx,247,46,1,1,1787953703350135261,1787953703349414539,5280434943241,0,0,0,0
tx,247,46,1,1,1787953703350143835,1787953703349414539,5280434952093,5280434987444,72,0,0
rx,248,47,1,1,1787953703365419409,1787953703364837965,5280450227426,0,0,0,0
tx,248,47,1,1,1787953703365427187,1787953703364837965,5280450235444,5280450266796,72,0,0
rx,249,48,1,1,1787953703380663465,1787953703379562279,5280465471444,0,0,0,0
tx,249,48,1,1,1787953703380674205,1787953703379562279,5280465482444,5280465509944,72,0,0
rx,250,49,1,1,1787953703394830705,1787953703394245224,5280479638704,0,0,0,0
tx,250,49,1,1,1787953703394838335,1787953703394245224,5280479646574,5280479673926,72,0,0
rx,251,50,1,1,1787953703410127205,1787953703409692002,5280494935204,0,0,0,0
tx,251,50,1,1,1787953703410135872,1787953703409692002,5280494944130,5280494977481,72,0,0
rx,252,51,1,1,1787953703425403668,1787953703425230724,5280510211667,0,0,0,0
tx,252,51,1,1,1787953703425412372,1787953703425230724,5280510220611,5280510251963,72,0,0
rx,253,52,1,1,1787953703440643576,1787953703439803705,5280525451574,0,0,0,0
tx,253,52,1,1,1787953703440651094,1787953703439803705,5280525459352,5280525486278,72,0,0
rx,254,53,1,1,1787953703454817650,1787953703454485761,5280539625630,0,0,0,0
tx,254,53,1,1,1787953703454825891,1787953703454485761,5280539634241,5280539668204,72,0,0
rx,255,54,1,1,1787953703470108928,1787953703469726205,5280554916907,0,0,0,0
tx,255,54,1,1,1787953703470116557,1787953703469726205,5280554924796,5280554955000,72,0,0
rx,256,55,1,1,1787953703485398742,1787953703484585946,5280570206722,0,0,0,0
tx,256,55,1,1,1787953703485406446,1787953703484585946,5280570214704,5280570242815,72,0,0
rx,257,56,1,1,1787953703499565113,1787953703499533520,5280584373111,0,0,0,0
tx,257,56,1,1,1787953703499573168,1787953703499533520,5280584381426,5280584413278,72,0,0
rx,258,57,1,1,1787953703516051224,1787953703515699779,5280600859222,0,0,0,0
tx,258,57,1,1,1787953703516058853,1787953703515699779,5280600867093,5280600898111,72,0,0
rx,259,58,1,1,1787953703530236594,1787953703529446853,5280615044574,0,0,0,0
tx,259,58,1,1,1787953703530243965,1787953703529446853,5280615052222,5280615079741,72,0,0
rx,260,59,1,1,1787953703545497705,1787953703544647502,5280630305685,0,0,0,0
tx,260,59,1,1,1787953703545505724,1787953703544647502,5280630314074,5280630346981,72,0,0
rx,261,60,1,1,1787953703560765427,1787953703559803872,5280645573426,0,0,0,0
tx,261,60,1,1,1787953703560773168,1787953703559803872,5280645581426,5280645610907,72,0,0
rx,262,61,1,1,1787953703576041594,1787953703575118872,5280660849593,0,0,0,0
tx,262,61,1,1,1787953703576049205,1787953703575118872,5280660857463,5280660885407,72,0,0
rx,263,62,1,1,1787953703591301205,1787953703590791353,5280676109222,0,0,0,0
tx,263,62,1,1,1787953703591309187,1787953703590791353,5280676117537,5280676151574,72,0,0
rx,264,63,1,1,1787953703604413779,1787953703604356372,5280689221796,0,0,0,0
tx,264,63,1,1,1787953703604421168,1787953703604356372,5280689229407,5280689256574,72,0,0
rx,265,64,1,1,1787953703619681261,1787953703619144816,5280704489278,0,0,0,0
tx,265,64,1,1,1787953703619689131,1787953703619144816,5280704497370,5280704526481,72,0,0
rx,266,65,1,1,1787953703634944705,1787953703634288798,5280719752685,0,0,0,0
tx,266,65,1,1,1787953703634952261,1787953703634288798,5280719760518,5280719786481,72,0,0
rx,267,66,1,1,1787953703650201705,1787953703649208372,5280735009685,0,0,0,0
tx,267,66,1,1,1787953703650209779,1787953703649208372,5280735018037,5280735053592,72,0,0
rx,268,67,1,1,1787953703665508316,1787953703665365353,5280750316296,0,0,0,0
tx,268,67,1,1,1787953703665515964,1787953703665365353,5280750324222,5280750353815,72,0,0
rx,269,68,1,1,1787953703679684964,1787953703679586853,5280764492944,0,0,0,0
tx,269,68,1,1,1787953703679692520,1787953703679586853,5280764500778,5280764529259,72,0,0
rx,270,69,1,1,1787953703696030927,1787953703695753909,5280780838944,0,0,0,0
tx,270,69,1,1,1787953703696038853,1787953703695753909,5280780847111,5280780882074,72,0,0
rx,271,70,1,1,1787953703710235316,1787953703710083798,5280795043315,0,0,0,0
tx,271,70,1,1,1787953703710246483,1787953703710083798,5280795054722,5280795083463,72,0,0
rx,272,71,1,1,1787953703728747316,1787953703728396057,5280813555315,0,0,0,0
tx,272,71,1,1,1787953703728754742,1787953703728396057,5280813563000,5280813591870,72,0,0
rx,273,72,1,1,1787953703740755890,1787953703740572890,5280825563870,0,0,0,0
tx,273,72,1,1,1787953703740763316,1787953703740572890,5280825571574,5280825599759,72,0,0
rx,274,73,1,1,1787953703757111909,1787953703756160020,5280841919907,0,0,0,0
tx,274,73,1,1,1787953703757120353,1787953703756160020,5280841928611,5280841963444,72,0,0
rx,275,74,1,1,1787953703771392890,1787953703770592168,5280856200889,0,0,0,0
tx,275,74,1,1,1787953703771400890,1787953703770592168,5280856209129,5280856239574,72,0,0
rx,276,75,1,1,1787953703786647224,1787953703786082372,5280871455222,0,0,0,0
tx,276,75,1,1,1787953703786655113,1787953703786082372,5280871463370,5280871490889,72,0,0
rx,277,76,1,1,1787953703799744538,1787953703799652705,5280884552555,0,0,0,0
tx,277,76,1,1,1787953703799752872,1787953703799652705,5280884561129,5280884597889,72,0,0
rx,278,77,1,1,1787953703815065224,1787953703814404520,5280899873203,0,0,0,0
tx,278,77,1,1,1787953703815076409,1787953703814404520,5280899884666,5280899914592,72,0,0
rx,279,78,1,1,1787953703830331742,1787953703829396983,5280915139741,0,0,0,0
tx,279,78,1,1,1787953703830339113,1787953703829396983,5280915147370,5280915176352,72,0,0
rx,280,79,1,1,1787953703845584594,1787953703844917501,5280930392481,0,0,0,0
tx,280,79,1,1,1787953703845592446,1787953703844917501,5280930400722,5280930433629,72,0,0
rx,281,80,1,1,1787953703860888279,1787953703860521964,5280945696259,0,0,0,0
tx,281,80,1,1,1787953703860897298,1787953703860521964,5280945705537,5280945746333,72,0,0
rx,282,81,1,1,1787953703875108075,1787953703874825705,5280959916055,0,0,0,0
tx,282,81,1,1,1787953703875115927,1787953703874825705,5280959924166,5280959955481,72,0,0
rx,283,82,1,1,1787953703890437909,1787953703889491372,5280975245907,0,0,0,0
tx,283,82,1,1,1787953703890446094,1787953703889491372,5280975254333,5280975289481,72,0,0
rx,284,83,1,1,1787953703905733205,1787953703904743668,5280990541203,0,0,0,0
tx,284,83,1,1,1787953703905740538,1787953703904743668,5280990548796,5280990579259,72,0,0
rx,285,84,1,1,1787953703919903168,1787953703919640390,5281004711166,0,0,0,0
tx,285,84,1,1,1787953703919914983,1787953703919640390,5281004723240,5281004756963,72,0,0
rx,286,85,1,1,1787953703935172279,1787953703935090298,5281019980277,0,0,0,0
tx,286,85,1,1,1787953703935183149,1787953703935090298,5281019991407,5281020041611,72,0,0
rx,287,86,1,1,1787953703950448872,1787953703949880001,5281035256870,0,0,0,0
tx,287,86,1,1,1787953703950456946,1787953703949880001,5281035265296,5281035300907,72,0,0
rx,288,87,1,1,1787953703965743279,1787953703965583149,5281050551259,0,0,0,0
tx,288,87,1,1,1787953703965751094,1787953703965583149,5281050559352,5281050589852,72,0,0
rx,289,88,1,1,1787953703980993742,1787953703980263261,5281065801740,0,0,0,0
tx,289,88,1,1,1787953703981001168,1787953703980263261,5281065809426,5281065837611,72,0,0
rx,290,89,1,1,1787953703996258131,1787953703995944538,5281081066111,0,0,0,0
tx,290,89,1,1,1787953703996266261,1787953703995944538,5281081074518,5281081110370,72,0,0
rx,291,90,1,1,1787953704011527872,1787953704010764131,5281096335870,0,0,0,0
tx,291,90,1,1,1787953704011535186,1787953704010764131,5281096343426,5281096372148,72,0,0
rx,292,91,1,1,1787953704024664131,1787953704024283205,5281109472129,0,0,0,0
tx,292,91,1,1,1787953704024675927,1787953704024283205,5281109484185,5281109512592,72,0,0
rx,293,92,1,1,1787953704042104075,1787953704041589964,5281126911963,0,0,0,0
tx,293,92,1,1,1787953704042112872,1787953704041589964,5281126921203,5281126955851,72,0,0
rx,294,93,1,1,1787953704055218001,1787953704055050279,5281140025981,0,0,0,0
tx,294,93,1,1,1787953704055227298,1787953704055050279,5281140035555,5281140066814,72,0,0
rx,295,94,1,1,1787953704070489168,1787953704070225872,5281155297148,0,0,0,0
tx,295,94,1,1,1787953704070496890,1787953704070225872,5281155305129,5281155334777,72,0,0
rx,296,95,1,1,1787953704084660057,1787953704084471927,5281169468037,0,0,0,0
tx,296,95,1,1,1787953704084667612,1787953704084471927,5281169475851,5281169503555,72,0,0
rx,297,96,1,1,1787953704099924909,1787953704099517390,5281184732907,0,0,0,0
tx,297,96,1,1,1787953704099933390,1787953704099517390,5281184741722,5281184774203,72,0,0
rx,298,97,1,1,1787953704115235723,1787953704114166760,5281200043722,0,0,0,0
tx,298,97,1,1,1787953704115243520,1787953704114166760,5281200051777,5281200081833,72,0,0
rx,299,98,1,1,1787953704130487909,1787953704130262705,5281215295907,0,0,0,0
tx,299,98,1,1,1787953704130495390,1787953704130262705,5281215303629,5281215332407,72,0,0
rx,300,99,1,1,1787953704144662020,1787953704144495760,5281229470018,0,0,0,0
tx,300,99,1,1,1787953704144674612,1787953704144495760,5281229482888,5281229515814,72,0,0
rx,301,100,1,1,1787953704161012705,1787953704160342946,5281245820703,0,0,0,0
tx,301,100,1,1,1787953704161024057,1787953704160342946,5281245832296,5281245862351,72,0,0
rx,302,101,1,1,1787953704175235242,1787953704175088483,5281260043148,0,0,0,0
tx,302,101,1,1,1787953704175242705,1787953704175088483,5281260050963,5281260080425,72,0,0
rx,303,102,1,1,1787953704190484538,1787953704190098205,5281275292537,0,0,0,0
tx,303,102,1,1,1787953704190492520,1787953704190098205,5281275300888,5281275335814,72,0,0
rx,304,103,1,1,1787953704204656946,1787953704204612520,5281289464944,0,0,0,0
tx,304,103,1,1,1787953704204664149,1787953704204612520,5281289472518,5281289499925,72,0,0
rx,305,104,1,1,1787953704219931575,1787953704219225427,5281304739574,0,0,0,0
tx,305,104,1,1,1787953704219938946,1787953704219225427,5281304747222,5281304776092,72,0,0
rx,306,105,1,1,1787953704235189779,1787953704234576297,5281319997777,0,0,0,0
tx,306,105,1,1,1787953704235221242,1787953704234576297,5281320029500,5281320057759,72,0,0
rx,307,106,1,1,1787953704249399594,1787953704249311112,5281334207592,0,0,0,0
tx,307,106,1,1,1787953704249412742,1787953704249311112,5281334221074,5281334254092,72,0,0
rx,308,107,1,1,1787953704265727131,1787953704264713409,5281350535148,0,0,0,0
tx,308,107,1,1,1787953704265738705,1787953704264713409,5281350546962,5281350577166,72,0,0
rx,309,108,1,1,1787953704279875705,1787953704279502520,5281364683703,0,0,0,0
tx,309,108,1,1,1787953704279882909,1787953704279502520,5281364691148,5281364717518,72,0,0
rx,310,109,1,1,1787953704299448779,1787953704298602983,5281384256759,0,0,0,0
tx,310,109,1,1,1787953704299457279,1787953704298602983,5281384265537,5281384295722,72,0,0
rx,311,110,1,1,1787953704310377631,1787953704309980946,5281395185611,0,0,0,0
tx,311,110,1,1,1787953704310384594,1787953704309980946,5281395192833,5281395219203,72,0,0
rx,312,111,1,1,1787953704325614834,1787953704324750186,5281410422833,0,0,0,0
tx,312,111,1,1,1787953704325622409,1787953704324750186,5281410430666,5281410460740,72,0,0
rx,313,112,1,1,1787953704339762834,1787953704339615631,5281424570833,0,0,0,0
tx,313,112,1,1,1787953704339770871,1787953704339615631,5281424579203,5281424610111,72,0,0
rx,314,113,1,1,1787953704354992871,1787953704354808483,5281439800888,0,0,0,0
tx,314,113,1,1,1787953704355000408,1787953704354808483,5281439808740,5281439838574,72,0,0
rx,315,114,1,1,1787953704370221594,1787953704369769964,5281455029592,0,0,0,0
tx,315,114,1,1,1787953704370232520,1787953704369769964,5281455040777,5281455068222,72,0,0
rx,316,115,1,1,1787953704385438946,1787953704384423668,5281470246925,0,0,0,0
tx,316,115,1,1,1787953704385446260,1787953704384423668,5281470254518,5281470279888,72,0,0
rx,317,116,1,1,1787953704399576094,1787953704399284890,5281484384073,0,0,0,0
tx,317,116,1,1,1787953704399584094,1787953704399284890,5281484392444,5281484422296,72,0,0
rx,318,117,1,1,1787953704415927705,1787953704415681483,5281500735722,0,0,0,0
tx,318,117,1,1,1787953704415935353,1787953704415681483,5281500743611,5281500772018,72,0,0
rx,319,118,1,1,1787953704430064057,1787953704429381760,5281514872055,0,0,0,0
tx,319,118,1,1,1787953704430071297,1787953704429381760,5281514879555,5281514904129,72,0,0
rx,320,119,1,1,1787953704445282853,1787953704444337057,5281530090759,0,0,0,0
tx,320,119,1,1,1787953704445290353,1787953704444337057,5281530098685,5281530129314,72,0,0
rx,321,120,1,1,1787953704460537594,1787953704459559557,5281545345610,0,0,0,0
tx,321,120,1,1,1787953704460545168,1787953704459559557,5281545353407,5281545382110,72,0,0
rx,322,121,1,1,1787953704474684168,1787953704474392057,5281559492073,0,0,0,0
tx,322,121,1,1,1787953704474694705,1787953704474392057,5281559503055,5281559530777,72,0,0
rx,323,122,1,1,1787953704490987075,1787953704489920427,5281575795055,0,0,0,0
tx,323,122,1,1,1787953704490998186,1787953704489920427,5281575806444,5281575837333,72,0,0
rx,324,123,1,1,1787953704505126612,1787953704504923779,5281589934610,0,0,0,0
tx,324,123,1,1,1787953704505134038,1787953704504923779,5281589942296,5281589969277,72,0,0
rx,325,124,1,1,1787953704520377723,1787953704519902890,5281605185722,0,0,0,0
tx,325,124,1,1,1787953704520385390,1787953704519902890,5281605193759,5281605222388,72,0,0
rx,326,125,1,1,1787953704535596760,1787953704534624871,5281620404740,0,0,0,0
tx,326,125,1,1,1787953704535603945,1787953704534624871,5281620412203,5281620437425,72,0,0
rx,327,126,1,1,1787953704549759649,1787953704549297464,5281634567647,0,0,0,0
tx,327,126,1,1,1787953704549767853,1787953704549297464,5281634576110,5281634610055,72,0,0
rx,328,127,1,1,1787953704565003742,1787953704564449316,5281649811740,0,0,0,0
tx,328,127,1,1,1787953704565011316,1787953704564449316,5281649819555,5281649847870,72,0,0
rx,329,128,1,1,1787953704580223501,1787953704579596908,5281665031481,0,0,0,0
tx,329,128,1,1,1787953704580230594,1787953704579596908,5281665038833,5281665065370,72,0,0
rx,330,129,1,1,1787953704595438668,1787953704594533723,5281680246647,0,0,0,0
tx,330,129,1,1,1787953704595450149,1787953704594533723,5281680258462,5281680288518,72,0,0
rx,331,130,1,1,1787953704610686242,1787953704609605038,5281695494240,0,0,0,0
tx,331,130,1,1,1787953704610693556,1787953704609605038,5281695501814,5281695527481,72,0,0
rx,332,131,1,1,1787953704624832686,1787953704624643797,5281709640684,0,0,0,0
tx,332,131,1,1,1787953704624840094,1787953704624643797,5281709648425,5281709675684,72,0,0
rx,333,132,1,1,1787953704640050834,1787953704639684001,5281724858592,0,0,0,0
tx,333,132,1,1,1787953704640058260,1787953704639684001,5281724866518,5281724899777,72,0,0
rx,334,133,1,1,1787953704655296779,1787953704654467945,5281740104796,0,0,0,0
tx,334,133,1,1,1787953704655304575,1787953704654467945,5281740112814,5281740144092,72,0,0
rx,335,134,1,1,1787953704670541242,1787953704670301945,5281755349240,0,0,0,0
tx,335,134,1,1,1787953704670548445,1787953704670301945,5281755356703,5281755384073,72,0,0
rx,336,135,1,1,1787953704685761871,1787953704685713260,5281770569870,0,0,0,0
tx,336,135,1,1,1787953704685769723,1787953704685713260,5281770578073,5281770607888,72,0,0
rx,337,136,1,1,1787953704700984149,1787953704699941408,5281785792147,0,0,0,0
tx,337,136,1,1,1787953704700995019,1787953704699941408,5281785803277,5281785829296,72,0,0
rx,338,137,1,1,1787953704715159334,1787953704714685964,5281799967333,0,0,0,0
tx,338,137,1,1,1787953704715166742,1787953704714685964,5281799974999,5281800035777,72,0,0
rx,339,138,1,1,1787953704731541890,1787953704730719612,5281816349796,0,0,0,0
tx,339,138,1,1,1787953704731549464,1787953704730719612,5281816357721,5281816387796,72,0,0
rx,340,139,1,1,1787953704744648945,1787953704744370890,5281829456925,0,0,0,0
tx,340,139,1,1,1787953704744656927,1787953704744370890,5281829465166,5281829496481,72,0,0
rx,341,140,1,1,1787953704759910686,1787953704759416001,5281844718666,0,0,0,0
tx,341,140,1,1,1787953704759919260,1787953704759416001,5281844727518,5281844760073,72,0,0
rx,342,141,1,1,1787953704775136890,1787953704774816853,5281859944870,0,0,0,0
tx,342,141,1,1,1787953704775144316,1787953704774816853,5281859952666,5281859981684,72,0,0
rx,343,142,1,1,1787953704791506593,1787953704790790353,5281876314592,0,0,0,0
tx,343,142,1,1,1787953704791514408,1787953704790790353,5281876322703,5281876355795,72,0,0
rx,344,143,1,1,1787953704805706945,1787953704804631779,5281890514925,0,0,0,0
tx,344,143,1,1,1787953704805714464,1787953704804631779,5281890522721,5281890550573,72,0,0
rx,345,144,1,1,1787953704819877075,1787953704819529871,5281904685073,0,0,0,0
tx,345,144,1,1,1787953704819884279,1787953704819529871,5281904692518,5281904721610,72,0,0
rx,346,145,1,1,1787953704835116908,1787953704834905186,5281919924925,0,0,0,0
tx,346,145,1,1,1787953704835123927,1787953704834905186,5281919932184,5281919957462,72,0,0
rx,347,146,1,1,1787953704850338667,1787953704849458242,5281935146666,0,0,0,0
tx,347,146,1,1,1787953704850346742,1787953704849458242,5281935155073,5281935187814,72,0,0
rx,348,147,1,1,1787953704865615519,1787953704864863556,5281950423499,0,0,0,0
tx,348,147,1,1,1787953704865624353,1787953704864863556,5281950432610,5281950469351,72,0,0
rx,349,148,1,1,1787953704879782204,1787953704879396482,5281964590184,0,0,0,0
tx,349,148,1,1,1787953704879789649,1787953704879396482,5281964597999,5281964627221,72,0,0
rx,350,149,1,1,1787953704895008982,1787953704894884612,5281979816962,0,0,0,0
tx,350,149,1,1,1787953704895017001,1787953704894884612,5281979825258,5281979857277,72,0,0
rx,351,150,1,1,1787953704910257982,1787953704910197223,5281995065962,0,0,0,0
tx,351,150,1,1,1787953704910269001,1787953704910197223,5281995077332,5281995105258,72,0,0
rx,352,151,1,1,1787953704925491593,1787953704924715816,5282010299573,0,0,0,0
tx,352,151,1,1,1787953704925502945,1787953704924715816,5282010311184,5282010340944,72,0,0
rx,353,152,1,1,1787953704939666445,1787953704939631575,5282024474351,0,0,0,0
tx,353,152,1,1,1787953704939674223,1787953704939631575,5282024482481,5282024513944,72,0,0
rx,354,153,1,1,1787953704954892612,1787953704954438223,5282039700592,0,0,0,0
tx,354,153,1,1,1787953704954900519,1787953704954438223,5282039708777,5282039738888,72,0,0
rx,355,154,1,1,1787953704970129927,1787953704969329575,5282054937944,0,0,0,0
tx,355,154,1,1,1787953704970137575,1787953704969329575,5282054945814,5282054973777,72,0,0
rx,356,155,1,1,1787953704985352353,1787953704984663760,5282070160258,0,0,0,0
tx,356,155,1,1,1787953704985360112,1787953704984663760,5282070168481,5282070201573,72,0,0
rx,357,156,1,1,1787953704999495501,1787953704999384390,5282084303481,0,0,0,0
tx,357,156,1,1,1787953704999502778,1787953704999384390,5282084311018,5282084338388,72,0,0
rx,358,157,1,1,1787953705015824519,1787953705014999204,5282100632536,0,0,0,0
tx,358,157,1,1,1787953705015832427,1787953705014999204,5282100640684,5282100671184,72,0,0
rx,359,158,1,1,1787953705031049353,1787953705030135075,5282115857332,0,0,0,0
tx,359,158,1,1,1787953705031060871,1787953705030135075,5282115869129,5282115898906,72,0,0
rx,360,159,1,1,1787953705045198038,1787953705044508575,5282130006018,0,0,0,0
tx,360,159,1,1,1787953705045205890,1787953705044508575,5282130014221,5282130044258,72,0,0
rx,361,160,1,1,1787953705060447482,1787953705059513019,5282145255462,0,0,0,0
tx,361,160,1,1,1787953705060454908,1787953705059513019,5282145263147,5282145292462,72,0,0
rx,362,161,1,1,1787953705075680927,1787953705074711741,5282160488906,0,0,0,0
tx,362,161,1,1,1787953705075688667,1787953705074711741,5282160496925,5282160525240,72,0,0
rx,363,162,1,1,1787953705089820630,1787953705089361371,5282174628610,0,0,0,0
tx,363,162,1,1,1787953705089828797,1787953705089361371,5282174637036,5282174669184,72,0,0
rx,364,163,1,1,1787953705105045575,1787953705104638093,5282189853592,0,0,0,0
tx,364,163,1,1,1787953705105052630,1787953705104638093,5282189860869,5282189887092,72,0,0
rx,365,164,1,1,1787953705120272686,1787953705119459167,5282205080703,0,0,0,0
tx,365,164,1,1,1787953705120280001,1787953705119459167,5282205088258,5282205116777,72,0,0
rx,366,165,1,1,1787953705135489315,1787953705134788445,5282220297332,0,0,0,0
tx,366,165,1,1,1787953705135500982,1787953705134788445,5282220309314,5282220341869,72,0,0
rx,367,166,1,1,1787953705150715223,1787953705149956149,5282235523203,0,0,0,0
tx,367,166,1,1,1787953705150723038,1787953705149956149,5282235531425,5282235560166,72,0,0
rx,368,167,1,1,1787953705164851130,1787953705164768871,5282249659110,0,0,0,0
tx,368,167,1,1,1787953705164858501,1787953705164768871,5282249666740,5282249693351,72,0,0
rx,369,168,1,1,1787953705180073556,1787953705179466945,5282264881573,0,0,0,0
tx,369,168,1,1,1787953705180081167,1787953705179466945,5282264889425,5282264917184,72,0,0
rx,370,169,1,1,1787953705195294815,1787953705194966945,5282280102832,0,0,0,0
tx,370,169,1,1,1787953705195302556,1787953705194966945,5282280110814,5282280141406,72,0,0
rx,371,170,1,1,1787953705209463241,1787953705209140704,5282294271258,0,0,0,0
tx,371,170,1,1,1787953705209470519,1787953705209140704,5282294278758,5282294304351,72,0,0
rx,372,171,1,1,1787953705225803464,1787953705224969538,5282310611443,0,0,0,0
tx,372,171,1,1,1787953705225811278,1787953705224969538,5282310619536,5282310650184,72,0,0
rx,373,172,1,1,1787953705239950445,1787953705239513926,5282324758351,0,0,0,0
tx,373,172,1,1,1787953705239961667,1787953705239513926,5282324769925,5282324800406,72,0,0
rx,374,173,1,1,1787953705255175056,1787953705254881704,5282339982980,0,0,0,0
tx,374,173,1,1,1787953705255182964,1787953705254881704,5282339991221,5282340050721,72,0,0
rx,375,174,1,1,1787953705270514612,1787953705269540741,5282355322610,0,0,0,0
tx,375,174,1,1,1787953705270522241,1787953705269540741,5282355330480,5282355359962,72,0,0
rx,376,175,1,1,1787953705284656593,1787953705284233686,5282369464573,0,0,0,0
tx,376,175,1,1,1787953705284664519,1787953705284233686,5282369472777,5282369505962,72,0,0
rx,377,176,1,1,1787953705299883630,1787953705299756241,5282384691647,0,0,0,0
tx,377,176,1,1,1787953705299891038,1787953705299756241,5282384699277,5282384724943,72,0,0
rx,378,177,1,1,1787953705315146149,1787953705314696371,5282399954147,0,0,0,0
tx,378,177,1,1,1787953705315153463,1787953705314696371,5282399961703,5282399986906,72,0,0
rx,379,178,1,1,1787953705330391963,1787953705329701445,5282415199962,0,0,0,0
tx,379,178,1,1,1787953705330399834,1787953705329701445,5282415208091,5282415240832,72,0,0
rx,380,179,1,1,1787953705345615686,1787953705344907130,5282430423573,0,0,0,0
tx,380,179,1,1,1787953705345622667,1787953705344907130,5282430430906,5282430457314,72,0,0
rx,381,180,1,1,1787953705359741834,1787953705359657538,5282444549814,0,0,0,0
tx,381,180,1,1,1787953705359749130,1787953705359657538,5282444557388,5282444588369,72,0,0
rx,382,181,1,1,1787953705374993482,1787953705374566704,5282459801480,0,0,0,0
tx,382,181,1,1,1787953705375000797,1787953705374566704,5282459809054,5282459837999,72,0,0
rx,383,182,1,1,1787953705390220093,1787953705389687982,5282475028091,0,0,0,0
tx,383,182,1,1,1787953705390227852,1787953705389687982,5282475036203,5282475069703,72,0,0
rx,384,183,1,1,1787953705405444408,1787953705404556130,5282490252388,0,0,0,0
tx,384,183,1,1,1787953705405451741,1787953705404556130,5282490260091,5282490287610,72,0,0
rx,385,184,1,1,1787953705419658556,1787953705419498889,5282504466536,0,0,0,0
tx,385,184,1,1,1787953705419665852,1787953705419498889,5282504474110,5282504503406,72,0,0
rx,386,185,1,1,1787953705434879241,1787953705434602482,5282519687221,0,0,0,0
tx,386,185,1,1,1787953705434886723,1787953705434602482,5282519694980,5282519725184,72,0,0
rx,387,186,1,1,1787953705450096186,1787953705449591723,5282534904202,0,0,0,0
tx,387,186,1,1,1787953705450103408,1787953705449591723,5282534911647,5282534937388,72,0,0
rx,388,187,1,1,1787953705465296723,1787953705464724723,5282550104628,0,0,0,0
tx,388,187,1,1,1787953705465307334,1787953705464724723,5282550115591,5282550142888,72,0,0
rx,389,188,1,1,1787953705480522945,1787953705480363056,5282565330962,0,0,0,0
tx,389,188,1,1,1787953705480530000,1787953705480363056,5282565338240,5282565366184,72,0,0
rx,390,189,1,1,1787953705494665871,1787953705494310889,5282579473758,0,0,0,0
tx,390,189,1,1,1787953705494673723,1787953705494310889,5282579481980,5282579512869,72,0,0
rx,391,190,1,1,1787953705510994667,1787953705510265000,5282595802665,0,0,0,0
tx,391,190,1,1,1787953705511001982,1787953705510265000,5282595810314,5282595837147,72,0,0
rx,392,191,1,1,1787953705525142482,1787953705525059963,5282609950480,0,0,0,0
tx,392,191,1,1,1787953705525150093,1787953705525059963,5282609958351,5282609984314,72,0,0
rx,393,192,1,1,1787953705539280111,1787953705539181037,5282624088036,0,0,0,0
tx,393,192,1,1,1787953705539287778,1787953705539181037,5282624096036,5282624126647,72,0,0
rx,394,193,1,1,1787953705555584445,1787953705555281371,5282640392462,0,0,0,0
tx,394,193,1,1,1787953705555592167,1787953705555281371,5282640400425,5282640428628,72,0,0
rx,395,194,1,1,1787953705570813667,1787953705569727149,5282655621684,0,0,0,0
tx,395,194,1,1,1787953705570821000,1787953705569727149,5282655629258,5282655657480,72,0,0
rx,396,195,1,1,1787953705584975556,1787953705584606445,5282669783573,0,0,0,0
tx,396,195,1,1,1787953705584983130,1787953705584606445,5282669791369,5282669821980,72,0,0
rx,397,196,1,1,1787953705601278371,1787953705600401019,5282686086388,0,0,0,0
tx,397,196,1,1,1787953705601285630,1787953705600401019,5282686093888,5282686120073,72,0,0
rx,398,197,1,1,1787953705615434852,1787953705614488797,5282700242851,0,0,0,0
tx,398,197,1,1,1787953705615441815,1787953705614488797,5282700250073,5282700275314,72,0,0
rx,399,198,1,1,1787953705629577389,1787953705629425000,5282714385406,0,0,0,0
tx,399,198,1,1,1787953705629584389,1787953705629425000,5282714392647,5282714420314,72,0,0
rx,400,199,1,1,1787953705644820389,1787953705644413723,5282729628388,0,0,0,0
tx,400,199,1,1,1787953705644828593,1787953705644413723,5282729637128,5282729671110,72,0,0
rx,401,200,1,1,1787953705660054334,1787953705659798797,5282744862351,0,0,0,0
tx,401,200,1,1,1787953705660062297,1787953705659798797,5282744870554,5282744899110,72,0,0
rx,402,0,1,1,1787953705675287871,1787953705675026093,5282760095869,0,0,0,0
tx,402,0,1,1,1787953705675295371,1787953705675026093,5282760103610,5282760131425,72,0,0
rx,403,1,1,1,1787953705690504093,1787953705689473482,5282775312091,0,0,0,0
tx,403,1,1,1,1787953705690515519,1787953705689473482,5282775323776,5282775353647,72,0,0
rx,404,2,1,1,1787953705705722445,1787953705704931908,5282790530443,0,0,0,0
tx,404,2,1,1,1787953705705729667,1787953705704931908,5282790537906,5282790564221,72,0,0
rx,405,3,1,1,1787953705719894389,1787953705719644056,5282804702406,0,0,0,0
tx,405,3,1,1,1787953705719901685,1787953705719644056,5282804709943,5282804737165,72,0,0
rx,406,4,1,1,1787953705735132389,1787953705734599241,5282819940406,0,0,0,0
tx,406,4,1,1,1787953705735140611,1787953705734599241,5282819948850,5282819981906,72,0,0
rx,407,5,1,1,1787953705750413389,1787953705749922685,5282835221388,0,0,0,0
tx,407,5,1,1,1787953705750420685,1787953705749922685,5282835228925,5282835255425,72,0,0
rx,408,6,1,1,1787953705764574685,1787953705764425074,5282849382684,0,0,0,0
tx,408,6,1,1,1787953705764582593,1787953705764425074,5282849390850,5282849421758,72,0,0
rx,409,7,1,1,1787953705780910685,1787953705780698778,5282865718684,0,0,0,0
tx,409,7,1,1,1787953705780918685,1787953705780698778,5282865727036,5282865764147,72,0,0
rx,410,8,1,1,1787953705796142852,1787953705795040297,5282880950869,0,0,0,0
tx,410,8,1,1,1787953705796150445,1787953705795040297,5282880958702,5282880986221,72,0,0
rx,411,9,1,1,1787953705810302297,1787953705810277445,5282895110295,0,0,0,0
tx,411,9,1,1,1787953705810309482,1787953705810277445,5282895117721,5282895143850,72,0,0
rx,412,10,1,1,1787953705826611537,1787953705825841296,5282911419536,0,0,0,0
tx,412,10,1,1,1787953705826619482,1787953705825841296,5282911427739,5282911455443,72,0,0
rx,413,11,1,1,1787953705840786093,1787953705840565815,5282925594073,0,0,0,0
tx,413,11,1,1,1787953705840794019,1787953705840565815,5282925602276,5282925632869,72,0,0
rx,414,12,1,1,1787953705856014259,1787953705855629352,5282940822239,0,0,0,0
tx,414,12,1,1,1787953705856021722,1787953705855629352,5282940830054,5282940861665,72,0,0
rx,415,13,1,1,1787953705871400019,1787953705870768852,5282956208017,0,0,0,0
tx,415,13,1,1,1787953705871409000,1787953705870768852,5282956217258,5282956257054,72,0,0
rx,416,14,1,1,1787953705886677148,1787953705885921556,5282971485165,0,0,0,0
tx,416,14,1,1,1787953705886685778,1787953705885921556,5282971494128,5282971528332,72,0,0
rx,417,15,1,1,1787953705900863889,1787953705900080371,5282985671906,0,0,0,0
tx,417,15,1,1,1787953705900871445,1787953705900080371,5282985679684,5282985707295,72,0,0
rx,418,16,1,1,1787953705915090111,1787953705914806463,5282999898147,0,0,0,0
tx,418,16,1,1,1787953705915096852,1787953705914806463,5282999905073,5282999933091,72,0,0
rx,419,17,1,1,1787953705930266167,1787953705929232685,5283015074184,0,0,0,0
tx,419,17,1,1,1787953705930272741,1787953705929232685,5283015080980,5283015105276,72,0,0
rx,420,18,1,1,1787953705945430148,1787953705944804685,5283030238184,0,0,0,0
tx,420,18,1,1,1787953705945437167,1787953705944804685,5283030245480,5283030274369,72,0,0
rx,421,19,1,1,1787953705960601963,1787953705959942426,5283045409980,0,0,0,0
tx,421,19,1,1,1787953705960608556,1787953705959942426,5283045416795,5283045441573,72,0,0
rx,422,20,1,1,1787953705974695148,1787953705974232130,5283059503165,0,0,0,0
tx,422,20,1,1,1787953705974702074,1787953705974232130,5283059510313,5283059535332,72,0,0
rx,423,21,1,1,1787953705989855519,1787953705989415408,5283074663517,0,0,0,0
tx,423,21,1,1,1787953705989862556,1787953705989415408,5283074670869,5283074698554,72,0,0
rx,424,22,1,1,1787953706005013648,1787953706004468778,5283089821665,0,0,0,0
tx,424,22,1,1,1787953706005022963,1787953706004468778,5283089831202,5283089854017,72,0,0
rx,425,23,1,1,1787953706020260074,1787953706019883704,5283105068054,0,0,0,0
tx,425,23,1,1,1787953706020271130,1787953706019883704,5283105079387,5283105108313,72,0,0
rx,426,24,1,1,1787953706036562333,1787953706035533519,5283121370332,0,0,0,0
tx,426,24,1,1,1787953706036573815,1787953706035533519,5283121382054,5283121412573,72,0,0
rx,427,25,1,1,1787953706050707889,1787953706049977148,5283135515887,0,0,0,0
tx,427,25,1,1,1787953706050715167,1787953706049977148,5283135523406,5283135548998,72,0,0
rx,428,26,1,1,1787953706064836389,1787953706064499204,5283149644369,0,0,0,0
tx,428,26,1,1,1787953706064844204,1787953706064499204,5283149652461,5283149681573,72,0,0
rx,429,27,1,1,1787953706080084370,1787953706079657870,5283164892369,0,0,0,0
tx,429,27,1,1,1787953706080092889,1787953706079657870,5283164901258,5283164934943,72,0,0
rx,430,28,1,1,1787953706095345463,1787953706094771315,5283180153461,0,0,0,0
tx,430,28,1,1,1787953706095352630,1787953706094771315,5283180160887,5283180187776,72,0,0
rx,431,29,1,1,1787953706110579759,1787953706109931796,5283195387739,0,0,0,0
tx,431,29,1,1,1787953706110586907,1787953706109931796,5283195395147,5283195421202,72,0,0
rx,432,30,1,1,1787953706124766278,1787953706124498167,5283209574276,0,0,0,0
tx,432,30,1,1,1787953706124773556,1787953706124498167,5283209581795,5283209609480,72,0,0
rx,433,31,1,1,1787953706141059000,1787953706140418222,5283225866980,0,0,0,0
tx,433,31,1,1,1787953706141069759,1787953706140418222,5283225878017,5283225907702,72,0,0
rx,434,32,1,1,1787953706156309463,1787953706155237019,5283241117443,0,0,0,0
tx,434,32,1,1,1787953706156317315,1787953706155237019,5283241125572,5283241154906,72,0,0
rx,435,33,1,1,1787953706170486741,1787953706169556426,5283255294758,0,0,0,0
tx,435,33,1,1,1787953706170494222,1787953706169556426,5283255302480,5283255330591,72,0,0
rx,436,34,1,1,1787953706185710481,1787953706185038685,5283270518480,0,0,0,0
tx,436,34,1,1,1787953706185718889,1787953706185038685,5283270527128,5283270556165,72,0,0
rx,437,35,1,1,1787953706201046018,1787953706200119315,5283285853906,0,0,0,0
tx,437,35,1,1,1787953706201054315,1787953706200119315,5283285862572,5283285901387,72,0,0
rx,438,36,1,1,1787953706214213370,1787953706214083167,5283299021350,0,0,0,0
tx,438,36,1,1,1787953706214226000,1787953706214083167,5283299034424,5283299070387,72,0,0
rx,439,37,1,1,1787953706229535648,1787953706229306370,5283314343646,0,0,0,0
tx,439,37,1,1,1787953706229544204,1787953706229306370,5283314352572,5283314391202,72,0,0
rx,440,38,1,1,1787953706245924852,1787953706245292426,5283330732869,0,0,0,0
tx,440,38,1,1,1787953706245937815,1787953706245292426,5283330746054,5283330787184,72,0,0
rx,441,39,1,1,1787953706261445759,1787953706260513870,5283346253739,0,0,0,0
tx,441,39,1,1,1787953706261455055,1787953706260513870,5283346263406,5283346312258,72,0,0
rx,442,40,1,1,1787953706275681407,1787953706275486278,5283360489406,0,0,0,0
tx,442,40,1,1,1787953706275689759,1787953706275486278,5283360498017,5283360538628,72,0,0
rx,443,41,1,1,1787953706290363185,1787953706289360389,5283375171165,0,0,0,0
tx,443,41,1,1,1787953706290372222,1787953706289360389,5283375180665,5283375219628,72,0,0
rx,444,42,1,1,1787953706305616130,1787953706305184907,5283390424109,0,0,0,0
tx,444,42,1,1,1787953706305624130,1787953706305184907,5283390432369,5283390461424,72,0,0
rx,445,43,1,1,1787953706320764778,1787953706319915296,5283405572850,0,0,0,0
tx,445,43,1,1,1787953706320768796,1787953706319915296,5283405576980,5283405593572,72,0,0
rx,446,44,1,1,1787953706335423389,1787953706335049907,5283420231461,0,0,0,0
tx,446,44,1,1,1787953706335427870,1787953706335049907,5283420236109,5283420254980,72,0,0
rx,447,45,1,1,1787953706350425630,1787953706350001574,5283435233683,0,0,0,0
tx,447,45,1,1,1787953706350431185,1787953706350001574,5283435239369,5283435252702,72,0,0
rx,448,46,1,1,1787953706365379278,1787953706364651685,5283450187350,0,0,0,0
tx,448,46,1,1,1787953706365383055,1787953706364651685,5283450191239,5283450207350,72,0,0
rx,449,47,1,1,1787953706379491667,1787953706379415278,5283464299739,0,0,0,0
tx,449,47,1,1,1787953706379496185,1787953706379415278,5283464304424,5283464326961,72,0,0
rx,450,48,1,1,1787953706394476185,1787953706394223944,5283479284257,0,0,0,0
tx,450,48,1,1,1787953706394480167,1787953706394223944,5283479288387,5283479303146,72,0,0
rx,451,49,1,1,1787953706410512500,1787953706409713537,5283495320554,0,0,0,0
tx,451,49,1,1,1787953706410516537,1787953706409713537,5283495324776,5283495339535,72,0,0
rx,452,50,1,1,1787953706425686426,1787953706424751444,5283510494498,0,0,0,0
tx,452,50,1,1,1787953706425691222,1787953706424751444,5283510499498,5283510521202,72,0,0
rx,453,51,1,1,1787953706440667778,1787953706439669704,5283525475850,0,0,0,0
tx,453,51,1,1,1787953706440671463,1787953706439669704,5283525479702,5283525494146,72,0,0
rx,454,52,1,1,1787953706455636704,1787953706455435000,5283540444776,0,0,0,0
tx,454,52,1,1,1787953706455643259,1787953706455435000,5283540451443,5283540468424,72,0,0
rx,455,53,1,1,1787953706470611111,1787953706470262018,5283555419183,0,0,0,0
tx,455,53,1,1,1787953706470614741,1787953706470262018,5283555422998,5283555436757,72,0,0
rx,456,54,1,1,1787953706486699185,1787953706485947926,5283571507257,0,0,0,0
tx,456,54,1,1,1787953706486703685,1787953706485947926,5283571511887,5283571530887,72,0,0
rx,457,55,1,1,1787953706501661222,1787953706501004685,5283586469202,0,0,0,0
tx,457,55,1,1,1787953706501665315,1787953706501004685,5283586473498,5283586488609,72,0,0
rx,458,56,1,1,1787953706514491852,1787953706514414796,5283599299906,0,0,0,0
tx,458,56,1,1,1787953706514495278,1787953706514414796,5283599303480,5283599317850,72,0,0
rx,459,57,1,1,1787953706531626278,1787953706531188463,5283616434313,0,0,0,0
tx,459,57,1,1,1787953706531630370,1787953706531188463,5283616438591,5283616459313,72,0,0
rx,460,58,1,1,1787953706545569481,1787953706544705685,5283630377554,0,0,0,0
tx,460,58,1,1,1787953706545573166,1787953706544705685,5283630381350,5283630395220,72,0,0
rx,461,59,1,1,1787953706560519555,1787953706559597148,5283645327628,0,0,0,0
tx,461,59,1,1,1787953706560525129,1787953706559597148,5283645333313,5283645348998,72,0,0
rx,462,60,1,1,1787953706575480722,1787953706575130981,5283660288794,0,0,0,0
tx,462,60,1,1,1787953706575484389,1787953706575130981,5283660292572,5283660306776,72,0,0
rx,463,61,1,1,1787953706590413074,1787953706589594907,5283675221146,0,0,0,0
tx,463,61,1,1,1787953706590417222,1787953706589594907,5283675225461,5283675244776,72,0,0
rx,464,62,1,1,1787953706605388611,1787953706604430611,5283690196665,0,0,0,0
tx,464,62,1,1,1787953706605392685,1787953706604430611,5283690200924,5283690214943,72,0,0
rx,465,63,1,1,1787953706620339222,1787953706619576722,5283705147276,0,0,0,0
tx,465,63,1,1,1787953706620342703,1787953706619576722,5283705150887,5283705164868,72,0,0
rx,466,64,1,1,1787953706636286592,1787953706635295555,5283721094646,0,0,0,0
tx,466,64,1,1,1787953706636290463,1787953706635295555,5283721098683,5283721116831,72,0,0
rx,467,65,1,1,1787953706650219148,1787953706649393648,5283735027220,0,0,0,0
tx,467,65,1,1,1787953706650222685,1787953706649393648,5283735030868,5283735045443,72,0,0
rx,468,66,1,1,1787953706665167722,1787953706664563981,5283749975794,0,0,0,0
tx,468,66,1,1,1787953706665173315,1787953706664563981,5283749981498,5283749996646,72,0,0
rx,469,67,1,1,1787953706680119203,1787953706679419481,5283764927276,0,0,0,0
tx,469,67,1,1,1787953706680123648,1787953706679419481,5283764931868,5283764949887,72,0,0
rx,470,68,1,1,1787953706695073277,1787953706694374092,5283779881350,0,0,0,0
tx,470,68,1,1,1787953706695076722,1787953706694374092,5283779884905,5283779899239,72,0,0
rx,471,69,1,1,1787953706710013833,1787953706709737092,5283794821887,0,0,0,0
tx,471,69,1,1,1787953706710017389,1787953706709737092,5283794825572,5283794838868,72,0,0
rx,472,70,1,1,1787953706726021222,1787953706725041444,5283810829276,0,0,0,0
tx,472,70,1,1,1787953706726025352,1787953706725041444,5283810833572,5283810852905,72,0,0
rx,473,71,1,1,1787953706740990129,1787953706740013259,5283825798202,0,0,0,0
tx,473,71,1,1,1787953706740993574,1787953706740013259,5283825801757,5283825816035,72,0,0
rx,474,72,1,1,1787953706754889592,1787953706754335370,5283839697665,0,0,0,0
tx,474,72,1,1,1787953706754893055,1787953706754335370,5283839701239,5283839714498,72,0,0
rx,475,73,1,1,1787953706769842851,1787953706769244333,5283854650924,0,0,0,0
tx,475,73,1,1,1787953706769848907,1787953706769244333,5283854657091,5283854674165,72,0,0
rx,476,74,1,1,1787953706784798592,1787953706784566963,5283869606665,0,0,0,0
tx,476,74,1,1,1787953706784802777,1787953706784566963,5283869611017,5283869629146,72,0,0
rx,477,75,1,1,1787953706799738703,1787953706799553907,5283884546776,0,0,0,0
tx,477,75,1,1,1787953706799742259,1787953706799553907,5283884550442,5283884565146,72,0,0
rx,478,76,1,1,1787953706814668926,1787953706814529018,5283899476998,0,0,0,0
tx,478,76,1,1,1787953706814672444,1787953706814529018,5283899480665,5283899493702,72,0,0
rx,479,77,1,1,1787953706830677759,1787953706830413370,5283915485831,0,0,0,0
tx,479,77,1,1,1787953706830681888,1787953706830413370,5283915490128,5283915509424,72,0,0
rx,480,78,1,1,1787953706845607222,1787953706845023111,5283930415294,0,0,0,0
tx,480,78,1,1,1787953706845610759,1787953706845023111,5283930418961,5283930432887,72,0,0
rx,481,79,1,1,1787953706859622426,1787953706858982629,5283944430498,0,0,0,0
tx,481,79,1,1,1787953706859627500,1787953706858982629,5283944435720,5283944460461,72,0,0
rx,482,80,1,1,1787953706874633814,1787953706874484055,5283959441887,0,0,0,0
tx,482,80,1,1,1787953706874639000,1787953706874484055,5283959447535,5283959470591,72,0,0
rx,483,81,1,1,1787953706889621018,1787953706889372888,5283974429072,0,0,0,0
tx,483,81,1,1,1787953706889627240,1787953706889372888,5283974435424,5283974450183,72,0,0
rx,484,82,1,1,1787953706905611259,1787953706905112722,5283990419313,0,0,0,0
tx,484,82,1,1,1787953706905615018,1787953706905112722,5283990423202,5283990440905,72,0,0
rx,485,83,1,1,1787953706919470685,1787953706919228925,5284004278720,0,0,0,0
tx,485,83,1,1,1787953706919474555,1787953706919228925,5284004282794,5284004299516,72,0,0
rx,486,84,1,1,1787953706935473259,1787953706935138351,5284020281331,0,0,0,0
tx,486,84,1,1,1787953706935477759,1787953706935138351,5284020285979,5284020306091,72,0,0
rx,487,85,1,1,1787953706950405703,1787953706949806722,5284035213776,0,0,0,0
tx,487,85,1,1,1787953706950409407,1787953706949806722,5284035217590,5284035232350,72,0,0
rx,488,86,1,1,1787953706965344574,1787953706964843296,5284050152646,0,0,0,0
tx,488,86,1,1,1787953706965348222,1787953706964843296,5284050156405,5284050174313,72,0,0
rx,489,87,1,1,1787953706980330314,1787953706979757648,5284065138387,0,0,0,0
tx,489,87,1,1,1787953706980334611,1787953706979757648,5284065142831,5284065162239,72,0,0
rx,490,88,1,1,1787953706995337722,1787953706995254518,5284080145757,0,0,0,0
tx,490,88,1,1,1787953706995341222,1787953706995254518,5284080149405,5284080162850,72,0,0
rx,491,89,1,1,1787953707010281666,1787953707009692740,5284095089739,0,0,0,0
tx,491,89,1,1,1787953707010285499,1787953707009692740,5284095093683,5284095107220,72,0,0
rx,492,90,1,1,1787953707025217240,1787953707024761444,5284110025313,0,0,0,0
tx,492,90,1,1,1787953707025220833,1787953707024761444,5284110029016,5284110042794,72,0,0
rx,493,91,1,1,1787953707041245388,1787953707040360148,5284126053461,0,0,0,0
tx,493,91,1,1,1787953707041249444,1787953707040360148,5284126057683,5284126076702,72,0,0
rx,494,92,1,1,1787953707055156962,1787953707054608222,5284139965035,0,0,0,0
tx,494,92,1,1,1787953707055160629,1787953707054608222,5284139968813,5284139983109,72,0,0
rx,495,93,1,1,1787953707070152999,1787953707069374407,5284154961072,0,0,0,0
tx,495,93,1,1,1787953707070156907,1787953707069374407,5284154965146,5284154985850,72,0,0
rx,496,94,1,1,1787953707085114629,1787953707084697351,5284169922702,0,0,0,0
tx,496,94,1,1,1787953707085118870,1787953707084697351,5284169927090,5284169945776,72,0,0
rx,497,95,1,1,1787953707100093925,1787953707099777388,5284184901998,0,0,0,0
tx,497,95,1,1,1787953707100097574,1787953707099777388,5284184905757,5284184920924,72,0,0
rx,498,96,1,1,1787953707115049611,1787953707114243277,5284199857683,0,0,0,0
tx,498,96,1,1,1787953707115055499,1787953707114243277,5284199863757,5284199877850,72,0,0
rx,499,97,1,1,1787953707130033722,1787953707129119111,5284214841776,0,0,0,0
tx,499,97,1,1,1787953707130038018,1787953707129119111,5284214846201,5284214865331,72,0,0
rx,500,98,1,1,1787953707145010314,1787953707144788148,5284229818387,0,0,0,0
tx,500,98,1,1,1787953707145013925,1787953707144788148,5284229822109,5284229836757,72,0,0
rx,501,99,1,1,1787953707159980222,1787953707159432555,5284244788294,0,0,0,0
tx,501,99,1,1,1787953707159984388,1787953707159432555,5284244792609,5284244811646,72,0,0
rx,502,100,1,1,1787953707174950444,1787953707174539722,5284259758516,0,0,0,0
tx,502,100,1,1,1787953707174954722,1787953707174539722,5284259762961,5284259782590,72,0,0
rx,503,101,1,1,1787953707189895888,1787953707189593833,5284274703942,0,0,0,0
tx,503,101,1,1,1787953707189899425,1787953707189593833,5284274707627,5284274724238,72,0,0
rx,504,102,1,1,1787953707204845333,1787953707204427166,5284289653405,0,0,0,0
tx,504,102,1,1,1787953707204848888,1787953707204427166,5284289657072,5284289669257,72,0,0
rx,505,103,1,1,1787953707219779833,1787953707219438999,5284304587905,0,0,0,0
tx,505,103,1,1,1787953707219785055,1787953707219438999,5284304593424,5284304608016,72,0,0
rx,506,104,1,1,1787953707234746370,1787953707234440814,5284319554442,0,0,0,0
tx,506,104,1,1,1787953707234750462,1787953707234440814,5284319558701,5284319576387,72,0,0
rx,507,105,1,1,1787953707250765907,1787953707250242999,5284335573979,0,0,0,0
tx,507,105,1,1,1787953707250769370,1787953707250242999,5284335577553,5284335589720,72,0,0
rx,508,106,1,1,1787953707265704314,1787953707264992814,5284350512368,0,0,0,0
tx,508,106,1,1,1787953707265708092,1787953707264992814,5284350516331,5284350530609,72,0,0
rx,509,107,1,1,1787953707279601925,1787953707279402777,5284364409998,0,0,0,0
tx,509,107,1,1,1787953707279605685,1787953707279402777,5284364414016,5284364431535,72,0,0
rx,510,108,1,1,1787953707294555314,1787953707294140796,5284379363387,0,0,0,0
tx,510,108,1,1,1787953707294558666,1787953707294140796,5284379366850,5284379379738,72,0,0
rx,511,109,1,1,1787953707309491833,1787953707309400647,5284394299905,0,0,0,0
tx,511,109,1,1,1787953707309495110,1787953707309400647,5284394303294,5284394315887,72,0,0
rx,512,110,1,1,1787953707326568888,1787953707326374351,5284411376942,0,0,0,0
tx,512,110,1,1,1787953707326572481,1787953707326374351,5284411380720,5284411399590,72,0,0
rx,513,111,1,1,1787953707340476333,1787953707339612073,5284425284312,0,0,0,0
tx,513,111,1,1,1787953707340481666,1787953707339612073,5284425289924,5284425303572,72,0,0
rx,514,112,1,1,1787953707355416962,1787953707354828833,5284440225035,0,0,0,0
tx,514,112,1,1,1787953707355420296,1787953707354828833,5284440228553,5284440240868,72,0,0
rx,515,113,1,1,1787953707369292999,1787953707369130444,5284454101072,0,0,0,0
tx,515,113,1,1,1787953707369297184,1787953707369130444,5284454105479,5284454121905,72,0,0
rx,516,114,1,1,1787953707385338351,1787953707384657129,5284470146424,0,0,0,0
tx,516,114,1,1,1787953707385342462,1787953707384657129,5284470150738,5284470168442,72,0,0
rx,517,115,1,1,1787953707400295462,1787953707399611240,5284485103516,0,0,0,0
tx,517,115,1,1,1787953707400299129,1787953707399611240,5284485107312,5284485120849,72,0,0
rx,518,116,1,1,1787953707415255166,1787953707414580684,5284500063238,0,0,0,0
tx,518,116,1,1,1787953707415258777,1787953707414580684,5284500066961,5284500082627,72,0,0
rx,519,117,1,1,1787953707430217981,1787953707429825907,5284515026053,0,0,0,0
tx,519,117,1,1,1787953707430222147,1787953707429825907,5284515030405,5284515048461,72,0,0
rx,520,118,1,1,1787953707445171296,1787953707444339110,5284529979368,0,0,0,0
tx,520,118,1,1,1787953707445176703,1787953707444339110,5284529984886,5284529997812,72,0,0
rx,521,119,1,1,1787953707460110036,1787953707459599444,5284544917998,0,0,0,0
tx,521,119,1,1,1787953707460113610,1787953707459599444,5284544921794,5284544936442,72,0,0
rx,522,120,1,1,1787953707475071814,1787953707474425351,5284559879886,0,0,0,0
tx,522,120,1,1,1787953707475075610,1787953707474425351,5284559883812,5284559903072,72,0,0
rx,523,121,1,1,1787953707491093221,1787953707490448777,5284575901294,0,0,0,0
tx,523,121,1,1,1787953707491096610,1787953707490448777,5284575904905,5284575917886,72,0,0
rx,524,122,1,1,1787953707504967499,1787953707504722166,5284589775572,0,0,0,0
tx,524,122,1,1,1787953707504970907,1787953707504722166,5284589779090,5284589791923,72,0,0
rx,525,123,1,1,1787953707519908795,1787953707519462295,5284604716849,0,0,0,0
tx,525,123,1,1,1787953707519912888,1787953707519462295,5284604721164,5284604738572,72,0,0
rx,526,124,1,1,1787953707534888314,1787953707534722481,5284619696386,0,0,0,0
tx,526,124,1,1,1787953707534891888,1787953707534722481,5284619700072,5284619714831,72,0,0
rx,527,125,1,1,1787953707549827907,1787953707549663110,5284634635979,0,0,0,0
tx,527,125,1,1,1787953707549833036,1787953707549663110,5284634641220,5284634653386,72,0,0
rx,528,126,1,1,1787953707564766073,1787953707564471444,5284649574146,0,0,0,0
tx,528,126,1,1,1787953707564769740,1787953707564471444,5284649577923,5284649592683,72,0,0
rx,529,127,1,1,1787953707579673907,1787953707579094036,5284664481960,0,0,0,0
tx,529,127,1,1,1787953707579678166,1787953707579094036,5284664486349,5284664504331,72,0,0
rx,530,128,1,1,1787953707594626758,1787953707594260314,5284679434812,0,0,0,0
tx,530,128,1,1,1787953707594630295,1787953707594260314,5284679438479,5284679451609,72,0,0
rx,531,129,1,1,1787953707610626795,1787953707609609407,5284695434849,0,0,0,0
tx,531,129,1,1,1787953707610630388,1787953707609609407,5284695438664,5284695451238,72,0,0
rx,532,130,1,1,1787953707625580295,1787953707624601129,5284710388368,0,0,0,0
tx,532,130,1,1,1787953707625584499,1787953707624601129,5284710392701,5284710412127,72,0,0
rx,533,131,1,1,1787953707640555369,1787953707639571925,5284725363442,0,0,0,0
tx,533,131,1,1,1787953707640558777,1787953707639571925,5284725367016,5284725380905,72,0,0
rx,534,132,1,1,1787953707654443666,1787953707654337407,5284739251738,0,0,0,0
tx,534,132,1,1,1787953707654448758,1787953707654337407,5284739256942,5284739272775,72,0,0
rx,535,133,1,1,1787953707670454407,1787953707669821647,5284755262460,0,0,0,0
tx,535,133,1,1,1787953707670458388,1787953707669821647,5284755266664,5284755281942,72,0,0
rx,536,134,1,1,1787953707685410221,1787953707685215536,5284770218294,0,0,0,0
tx,536,134,1,1,1787953707685414351,1787953707685215536,5284770222534,5284770241294,72,0,0
rx,537,135,1,1,1787953707699301573,1787953707699242888,5284784109627,0,0,0,0
tx,537,135,1,1,1787953707699305092,1787953707699242888,5284784113275,5284784126164,72,0,0
rx,538,136,1,1,1787953707715305499,1787953707715188610,5284800113572,0,0,0,0
tx,538,136,1,1,1787953707715309110,1787953707715188610,5284800117294,5284800130072,72,0,0
rx,539,137,1,1,1787953707730272832,1787953707729609703,5284815080905,0,0,0,0
tx,539,137,1,1,1787953707730277425,1787953707729609703,5284815085609,5284815103590,72,0,0
rx,540,138,1,1,1787953707745229703,1787953707744401406,5284830037775,0,0,0,0
tx,540,138,1,1,1787953707745233406,1787953707744401406,5284830041646,5284830054664,72,0,0
rx,541,139,1,1,1787953707760188110,1787953707759535203,5284844996183,0,0,0,0
tx,541,139,1,1,1787953707760192055,1787953707759535203,5284845000331,5284845017386,72,0,0
rx,542,140,1,1,1787953707775154481,1787953707774803832,5284859962516,0,0,0,0
tx,542,140,1,1,1787953707775160073,1787953707774803832,5284859968349,5284859986886,72,0,0
rx,543,141,1,1,1787953707790133758,1787953707790091369,5284874941831,0,0,0,0
tx,543,141,1,1,1787953707790137055,1787953707790091369,5284874945275,5284874958368,72,0,0
rx,544,142,1,1,1787953707805072962,1787953707804105443,5284889881034,0,0,0,0
tx,544,142,1,1,1787953707805076332,1787953707804105443,5284889884516,5284889896831,72,0,0
rx,545,143,1,1,1787953707820035277,1787953707819694832,5284904843331,0,0,0,0
tx,545,143,1,1,1787953707820039592,1787953707819694832,5284904847831,5284904866034,72,0,0
rx,546,144,1,1,1787953707834994980,1787953707834602906,5284919803053,0,0,0,0
tx,546,144,1,1,1787953707834998629,1787953707834602906,5284919806812,5284919822590,72,0,0
rx,547,145,1,1,1787953707849937795,1787953707849098295,5284934745849,0,0,0,0
tx,547,145,1,1,1787953707849941314,1787953707849098295,5284934749497,5284934762794,72,0,0
rx,548,146,1,1,1787953707864881036,1787953707864187980,5284949689108,0,0,0,0
tx,548,146,1,1,1787953707864885388,1787953707864187980,5284949693646,5284949717183,72,0,0
rx,549,147,1,1,1787953707879870443,1787953707879346517,5284964678423,0,0,0,0
tx,549,147,1,1,1787953707879876888,1787953707879346517,5284964685145,5284964705683,72,0,0
rx,550,148,1,1,1787953707894864943,1787953707894681277,5284979673016,0,0,0,0
tx,550,148,1,1,1787953707894868314,1787953707894681277,5284979676516,5284979690090,72,0,0
rx,551,149,1,1,1787953707909820110,1787953707909611629,5284994628183,0,0,0,0
tx,551,149,1,1,1787953707909823666,1787953707909611629,5284994631905,5284994647294,72,0,0
rx,552,150,1,1,1787953707924793573,1787953707924227906,5285009601645,0,0,0,0
tx,552,150,1,1,1787953707924797740,1787953707924227906,5285009605960,5285009630627,72,0,0
rx,553,151,1,1,1787953707940830517,1787953707940324758,5285025638590,0,0,0,0
tx,553,151,1,1,1787953707940833999,1787953707940324758,5285025642238,5285025656794,72,0,0
rx,554,152,1,1,1787953707955773443,1787953707955065999,5285040581497,0,0,0,0
tx,554,152,1,1,1787953707955777017,1787953707955065999,5285040585201,5285040598794,72,0,0
rx,555,153,1,1,1787953707970718647,1787953707969943888,5285055526701,0,0,0,0
tx,555,153,1,1,1787953707970723221,1787953707969943888,5285055531497,5285055553553,72,0,0
rx,556,154,1,1,1787953707985693240,1787953707985310406,5285070501312,0,0,0,0
tx,556,154,1,1,1787953707985697332,1787953707985310406,5285070505516,5285070521349,72,0,0
rx,557,155,1,1,1787953708000637888,1787953707999595629,5285085445960,0,0,0,0
tx,557,155,1,1,1787953708000642851,1787953707999595629,5285085451053,5285085464794,72,0,0
rx,558,156,1,1,1787953708015573758,1787953708014788721,5285100381831,0,0,0,0
tx,558,156,1,1,1787953708015577221,1787953708014788721,5285100385405,5285100397775,72,0,0
rx,559,157,1,1,1787953708030524666,1787953708029551666,5285115332719,0,0,0,0
tx,559,157,1,1,1787953708030528684,1787953708029551666,5285115336979,5285115355071,72,0,0
rx,560,158,1,1,1787953708045478703,1787953708044468480,5285130286775,0,0,0,0
tx,560,158,1,1,1787953708045482184,1787953708044468480,5285130290368,5285130303905,72,0,0
rx,561,159,1,1,1787953708061484666,1787953708060819554,5285146292719,0,0,0,0
tx,561,159,1,1,1787953708061489017,1787953708060819554,5285146297405,5285146314997,72,0,0
rx,562,160,1,1,1787953708074327203,1787953708074291036,5285159135275,0,0,0,0
tx,562,160,1,1,1787953708074331314,1787953708074291036,5285159139553,5285159157349,72,0,0
rx,563,161,1,1,1787953708090346795,1787953708089404666,5285175154849,0,0,0,0
tx,563,161,1,1,1787953708090350332,1787953708089404666,5285175158571,5285175172479,72,0,0
rx,564,162,1,1,1787953708105285573,1787953708104416943,5285190093627,0,0,0,0
tx,564,162,1,1,1787953708105290684,1787953708104416943,5285190098868,5285190111775,72,0,0
rx,565,163,1,1,1787953708120229203,1787953708119606647,5285205037164,0,0,0,0
tx,565,163,1,1,1787953708120232869,1787953708119606647,5285205041164,5285205056645,72,0,0
rx,566,164,1,1,1787953708135184165,1787953708134599980,5285219992238,0,0,0,0
tx,566,164,1,1,1787953708135187388,1787953708134599980,5285219995664,5285220028886,72,0,0
rx,567,165,1,1,1787953708151208925,1787953708150273888,5285236016979,0,0,0,0
tx,567,165,1,1,1787953708151212388,1787953708150273888,5285236020682,5285236034442,72,0,0
rx,568,166,1,1,1787953708165100332,1787953708164227277,5285249908405,0,0,0,0
tx,568,166,1,1,1787953708165103721,1787953708164227277,5285249911960,5285249926997,72,0,0
rx,569,167,1,1,1787953708180059499,1787953708179917240,5285264867553,0,0,0,0
tx,569,167,1,1,1787953708180063240,1787953708179917240,5285264871516,5285264890423,72,0,0
rx,570,168,1,1,1787953708196076073,1787953708195642054,5285280884145,0,0,0,0
tx,570,168,1,1,1787953708196079554,1787953708195642054,5285280887738,5285280901108,72,0,0
rx,571,169,1,1,1787953708209948480,1787953708209422462,5285294756553,0,0,0,0
tx,571,169,1,1,1787953708209953517,1787953708209422462,5285294761701,5285294775201,72,0,0
rx,572,170,1,1,1787953708224894869,1787953708224614425,5285309702923,0,0,0,0
tx,572,170,1,1,1787953708224898628,1787953708224614425,5285309706905,5285309723942,72,0,0
rx,573,171,1,1,1787953708239860517,1787953708239204573,5285324668590,0,0,0,0
tx,573,171,1,1,1787953708239864406,1787953708239204573,5285324672590,5285324687942,72,0,0
rx,574,172,1,1,1787953708254806202,1787953708254433999,5285339614275,0,0,0,0
tx,574,172,1,1,1787953708254809517,1787953708254433999,5285339617701,5285339630442,72,0,0
rx,575,173,1,1,1787953708269748962,1787953708269173777,5285354557034,0,0,0,0
tx,575,173,1,1,1787953708269752980,1787953708269173777,5285354561275,5285354580293,72,0,0
rx,576,174,1,1,1787953708285777184,1787953708284712184,5285370585238,0,0,0,0
tx,576,174,1,1,1787953708285780739,1787953708284712184,5285370588923,5285370603719,72,0,0
rx,577,175,1,1,1787953708299676351,1787953708299660739,5285384484405,0,0,0,0
tx,577,175,1,1,1787953708299679795,1787953708299660739,5285384488090,5285384500682,72,0,0
rx,578,176,1,1,1787953708314612962,1787953708314297517,5285399421016,0,0,0,0
tx,578,176,1,1,1787953708314618369,1787953708314297517,5285399426627,5285399440497,72,0,0
rx,579,177,1,1,1787953708329564369,1787953708329497239,5285414372442,0,0,0,0
tx,579,177,1,1,1787953708329567962,1787953708329497239,5285414376182,5285414393164,72,0,0
rx,580,178,1,1,1787953708345598684,1787953708344653536,5285430406756,0,0,0,0
tx,580,178,1,1,1787953708345602073,1787953708344653536,5285430410330,5285430423738,72,0,0
rx,581,179,1,1,1787953708360543425,1787953708360115258,5285445351479,0,0,0,0
tx,581,179,1,1,1787953708360547462,1787953708360115258,5285445355719,5285445373830,72,0,0
rx,582,180,1,1,1787953708374443184,1787953708374283462,5285459251182,0,0,0,0
tx,582,180,1,1,1787953708374447073,1787953708374283462,5285459255293,5285459274775,72,0,0
rx,583,181,1,1,1787953708389398776,1787953708389358999,5285474206830,0,0,0,0
tx,583,181,1,1,1787953708389402147,1787953708389358999,5285474210330,5285474223016,72,0,0
rx,584,182,1,1,1787953708405409628,1787953708404960739,5285490217701,0,0,0,0
tx,584,182,1,1,1787953708405413276,1787953708404960739,5285490221516,5285490237127,72,0,0
rx,585,183,1,1,1787953708420374739,1787953708420320888,5285505182812,0,0,0,0
tx,585,183,1,1,1787953708420378573,1787953708420320888,5285505186849,5285505204904,72,0,0
rx,586,184,1,1,1787953708434272758,1787953708434127091,5285519080830,0,0,0,0
tx,586,184,1,1,1787953708434276980,1787953708434127091,5285519085219,5285519100849,72,0,0
rx,587,185,1,1,1787953708450281888,1787953708449248128,5285535089941,0,0,0,0
tx,587,185,1,1,1787953708450285795,1787953708449248128,5285535093978,5285535106201,72,0,0
rx,588,186,1,1,1787953708465219925,1787953708464251980,5285550027997,0,0,0,0
tx,588,186,1,1,1787953708465223758,1787953708464251980,5285550031941,5285550047238,72,0,0
rx,589,187,1,1,1787953708480177573,1787953708479589628,5285564985627,0,0,0,0
tx,589,187,1,1,1787953708480181758,1787953708479589628,5285564990034,5285565006793,72,0,0
rx,590,188,1,1,1787953708495128554,1787953708494510369,5285579936627,0,0,0,0
tx,590,188,1,1,1787953708495132073,1787953708494510369,5285579940293,5285579952812,72,0,0
rx,591,189,1,1,1787953708510063906,1787953708509769110,5285594871960,0,0,0,0
tx,591,189,1,1,1787953708510067202,1787953708509769110,5285594875386,5285594887497,72,0,0
rx,592,190,1,1,1787953708525014313,1787953708524767480,5285609822386,0,0,0,0
tx,592,190,1,1,1787953708525017925,1787953708524767480,5285609826164,5285609843034,72,0,0
rx,593,191,1,1,1787953708539984221,1787953708539401221,5285624792293,0,0,0,0
tx,593,191,1,1,1787953708539989184,1787953708539401221,5285624797386,5285624811349,72,0,0
rx,594,192,1,1,1787953708555986258,1787953708555219147,5285640794312,0,0,0,0
tx,594,192,1,1,1787953708555989610,1787953708555219147,5285640797793,5285640809830,72,0,0
rx,595,193,1,1,1787953708569864573,1787953708569488980,5285654672645,0,0,0,0
tx,595,193,1,1,1787953708569868591,1787953708569488980,5285654676867,5285654694497,72,0,0
rx,596,194,1,1,1787953708584825684,1787953708584003887,5285669633756,0,0,0,0
tx,596,194,1,1,1787953708584829239,1787953708584003887,5285669637423,5285669652460,72,0,0
rx,597,195,1,1,1787953708599766387,1787953708599042036,5285684574460,0,0,0,0
tx,597,195,1,1,1787953708599769684,1787953708599042036,5285684577867,5285684590756,72,0,0
rx,598,196,1,1,1787953708615765980,1787953708614957943,5285700574052,0,0,0,0
tx,598,196,1,1,1787953708615769850,1787953708614957943,5285700578090,5285700596127,72,0,0
rx,599,197,1,1,1787953708629659480,1787953708629378832,5285714467552,0,0,0,0
tx,599,197,1,1,1787953708629663221,1787953708629378832,5285714471404,5285714485738,72,0,0
rx,600,198,1,1,1787953708644605443,1787953708644531128,5285729413515,0,0,0,0
tx,600,198,1,1,1787953708644610628,1787953708644531128,5285729418867,5285729433867,72,0,0
rx,601,199,1,1,1787953708659551702,1787953708658993073,5285744359775,0,0,0,0
tx,601,199,1,1,1787953708659554999,1787953708658993073,5285744363275,5285744376089,72,0,0
rx,602,200,1,1,1787953708674525332,1787953708674387258,5285759333386,0,0,0,0
tx,602,200,1,1,1787953708674529610,1787953708674387258,5285759337867,5285759357515,72,0,0
rx,603,0,1,1,1787953708689487906,1787953708689092165,5285774295978,0,0,0,0
tx,603,0,1,1,1787953708689491350,1787953708689092165,5285774299608,5285774313423,72,0,0
rx,604,1,1,1,1787953708704429258,1787953708704048017,5285789237330,0,0,0,0
tx,604,1,1,1,1787953708704432536,1787953708704048017,5285789240719,5285789253552,72,0,0
rx,605,2,1,1,1787953708721498739,1787953708720746758,5285806306812,0,0,0,0
tx,605,2,1,1,1787953708721502665,1787953708720746758,5285806310923,5285806328367,72,0,0
rx,606,3,1,1,1787953708735407610,1787953708734868165,5285820215682,0,0,0,0
tx,606,3,1,1,1787953708735411202,1787953708734868165,5285820219386,5285820235423,72,0,0
rx,607,4,1,1,1787953708749286943,1787953708749201554,5285834095015,0,0,0,0
tx,607,4,1,1,1787953708749291813,1787953708749201554,5285834099997,5285834112349,72,0,0
rx,608,5,1,1,1787953708765304684,1787953708764354424,5285850112756,0,0,0,0
tx,608,5,1,1,1787953708765308721,1787953708764354424,5285850116904,5285850133108,72,0,0
rx,609,6,1,1,1787953708780291610,1787953708779992110,5285865099682,0,0,0,0
tx,609,6,1,1,1787953708780295795,1787953708779992110,5285865104071,5285865122126,72,0,0
rx,610,7,1,1,1787953708795246776,1787953708794753221,5285880054849,0,0,0,0
tx,610,7,1,1,1787953708795250276,1787953708794753221,5285880058460,5285880072238,72,0,0
rx,611,8,1,1,1787953708810186221,1787953708809253035,5285894994293,0,0,0,0
tx,611,8,1,1,1787953708810189424,1787953708809253035,5285894997719,5285895010738,72,0,0
rx,612,9,1,1,1787953708825140980,1787953708824943795,5285909949052,0,0,0,0
tx,612,9,1,1,1787953708825144832,1787953708824943795,5285909953052,5285909970645,72,0,0
rx,613,10,1,1,1787953708841158961,1787953708840524221,5285925967034,0,0,0,0
tx,613,10,1,1,1787953708841162610,1787953708840524221,5285925970793,5285925985904,72,0,0
rx,614,11,1,1,1787953708855038684,1787953708854764165,5285939846756,0,0,0,0
tx,614,11,1,1,1787953708855042202,1787953708854764165,5285939850386,5285939862719,72,0,0
rx,615,12,1,1,1787953708870049406,1787953708869436813,5285954857478,0,0,0,0
tx,615,12,1,1,1787953708870055906,1787953708869436813,5285954864108,5285954887237,72,0,0
rx,616,13,1,1,1787953708885034721,1787953708884824147,5285969842775,0,0,0,0
tx,616,13,1,1,1787953708885038832,1787953708884824147,5285969847108,5285969864867,72,0,0
rx,617,14,1,1,1787953708899987591,1787953708899711535,5285984795645,0,0,0,0
tx,617,14,1,1,1787953708899991184,1787953708899711535,5285984799571,5285984813700,72,0,0
rx,618,15,1,1,1787953708914935480,1787953708914287813,5285999743552,0,0,0,0
tx,618,15,1,1,1787953708914939609,1787953708914287813,5285999747849,5285999769052,72,0,0
rx,619,16,1,1,1787953708932054906,1787953708930981943,5286016862978,0,0,0,0
tx,619,16,1,1,1787953708932058498,1787953708930981943,5286016866682,5286016883552,72,0,0
rx,620,17,1,1,1787953708945939832,1787953708945738813,5286030747886,0,0,0,0
tx,620,17,1,1,1787953708945943258,1787953708945738813,5286030751515,5286030764700,72,0,0
rx,621,18,1,1,1787953708959818684,1787953708959566498,5286044626756,0,0,0,0
tx,621,18,1,1,1787953708959823350,1787953708959566498,5286044631626,5286044649904,72,0,0
rx,622,19,1,1,1787953708974783258,1787953708974387369,5286059591330,0,0,0,0
tx,622,19,1,1,1787953708974789109,1787953708974387369,5286059597349,5286059614071,72,0,0
rx,623,20,1,1,1787953708990800461,1787953708989812221,5286075608534,0,0,0,0
tx,623,20,1,1,1787953708990805535,1787953708989812221,5286075613811,5286075627737,72,0,0
rx,624,21,1,1,1787953709005737665,1787953709005461498,5286090545737,0,0,0,0
tx,624,21,1,1,1787953709005741146,1787953709005461498,5286090549404,5286090563071,72,0,0
rx,625,22,1,1,1787953709021753535,1787953709020727165,5286106561608,0,0,0,0
tx,625,22,1,1,1787953709021757906,1787953709020727165,5286106566108,5286106586997,72,0,0
rx,626,23,1,1,1787953709035662517,1787953709034675665,5286120470589,0,0,0,0
tx,626,23,1,1,1787953709035666332,1787953709034675665,5286120474515,5286120491182,72,0,0
rx,627,24,1,1,1787953709049545054,1787953709049433183,5286134353126,0,0,0,0
tx,627,24,1,1,1787953709049548461,1787953709049433183,5286134356645,5286134369886,72,0,0
rx,628,25,1,1,1787953709066619943,1787953709065761424,5286151428015,0,0,0,0
tx,628,25,1,1,1787953709066624295,1787953709065761424,5286151432478,5286151451034,72,0,0
rx,629,26,1,1,1787953709081599239,1787953709080555276,5286166407311,0,0,0,0
tx,629,26,1,1,1787953709081602906,1787953709080555276,5286166411089,5286166427311,72,0,0
rx,630,27,1,1,1787953709095479665,1787953709094539369,5286180287719,0,0,0,0
tx,630,27,1,1,1787953709095485054,1787953709094539369,5286180293237,5286180306163,72,0,0
rx,631,28,1,1,1787953709110415795,1787953709109588702,5286195223867,0,0,0,0
tx,631,28,1,1,1787953709110419202,1787953709109588702,5286195227386,5286195240311,72,0,0
rx,632,29,1,1,1787953709125363424,1787953709125170424,5286210171497,0,0,0,0
tx,632,29,1,1,1787953709125367535,1787953709125170424,5286210175719,5286210194256,72,0,0
rx,633,30,1,1,1787953709140316128,1787953709139495609,5286225124200,0,0,0,0
tx,633,30,1,1,1787953709140319739,1787953709139495609,5286225127923,5286225140311,72,0,0
rx,634,31,1,1,1787953709155254572,1787953709154468035,5286240062645,0,0,0,0
tx,634,31,1,1,1787953709155257832,1787953709154468035,5286240066015,5286240078626,72,0,0
rx,635,32,1,1,1787953709169131202,1787953709169083739,5286253939256,0,0,0,0
tx,635,32,1,1,1787953709169135239,1787953709169083739,5286253943423,5286253960052,72,0,0
rx,636,33,1,1,1787953709185159350,1787953709184130850,5286269967422,0,0,0,0
tx,636,33,1,1,1787953709185162832,1787953709184130850,5286269971015,5286269985552,72,0,0
rx,637,34,1,1,1787953709201185961,1787953709200227646,5286285994034,0,0,0,0
tx,637,34,1,1,1787953709201189424,1787953709200227646,5286285997608,5286286010552,72,0,0
rx,638,35,1,1,1787953709215063183,1787953709214939202,5286299871256,0,0,0,0
tx,638,35,1,1,1787953709215067146,1787953709214939202,5286299875422,5286299892034,72,0,0
rx,639,36,1,1,1787953709230034794,1787953709229299239,5286314842848,0,0,0,0
tx,639,36,1,1,1787953709230038813,1787953709229299239,5286314847052,5286314863737,72,0,0
rx,640,37,1,1,1787953709244987943,1787953709244163517,5286329796015,0,0,0,0
tx,640,37,1,1,1787953709244991480,1787953709244163517,5286329799719,5286329811978,72,0,0
rx,641,38,1,1,1787953709259945887,1787953709259241961,5286344753941,0,0,0,0
tx,641,38,1,1,1787953709259949591,1787953709259241961,5286344757811,5286344770385,72,0,0
rx,642,39,1,1,1787953709274900646,1787953709274349350,5286359708626,0,0,0,0
tx,642,39,1,1,1787953709274905165,1787953709274349350,5286359713367,5286359731978,72,0,0
rx,643,40,1,1,1787953709289862776,1787953709289570572,5286374670848,0,0,0,0
tx,643,40,1,1,1787953709289866331,1787953709289570572,5286374674515,5286374687997,72,0,0
rx,644,41,1,1,1787953709304802109,1787953709304030183,5286389610182,0,0,0,0
tx,644,41,1,1,1787953709304807072,1787953709304030183,5286389615256,5286389628108,72,0,0
rx,645,42,1,1,1787953709320811461,1787953709319768165,5286405619534,0,0,0,0
tx,645,42,1,1,1787953709320815498,1787953709319768165,5286405623719,5286405639756,72,0,0
rx,646,43,1,1,1787953709334707906,1787953709334649535,5286419515978,0,0,0,0
tx,646,43,1,1,1787953709334711368,1787953709334649535,5286419519552,5286419533293,72,0,0
rx,647,44,1,1,1787953709350714480,1787953709350314831,5286435522552,0,0,0,0
tx,647,44,1,1,1787953709350717831,1787953709350314831,5286435526015,5286435538885,72,0,0
rx,648,45,1,1,1787953709365660591,1787953709364985443,5286450468571,0,0,0,0
tx,648,45,1,1,1787953709365664591,1787953709364985443,5286450472774,5286450493145,72,0,0
rx,649,46,1,1,1787953709379566091,1787953709379098165,5286464374126,0,0,0,0
tx,649,46,1,1,1787953709379569702,1787953709379098165,5286464377885,5286464393237,72,0,0
rx,650,47,1,1,1787953709394510443,1787953709394294480,5286479318515,0,0,0,0
tx,650,47,1,1,1787953709394514128,1787953709394294480,5286479322311,5286479335515,72,0,0
rx,651,48,1,1,1787953709410527961,1787953709410384498,5286495336015,0,0,0,0
tx,651,48,1,1,1787953709410532535,1787953709410384498,5286495340830,5286495362737,72,0,0
rx,652,49,1,1,1787953709425493887,1787953709424976739,5286510301959,0,0,0,0
tx,652,49,1,1,1787953709425499776,1787953709424976739,5286510307959,5286510323626,72,0,0
rx,653,50,1,1,1787953709440442887,1787953709439795294,5286525250959,0,0,0,0
tx,653,50,1,1,1787953709440446350,1787953709439795294,5286525254589,5286525267404,72,0,0
rx,654,51,1,1,1787953709455397609,1787953709455023035,5286540205682,0,0,0,0
tx,654,51,1,1,1787953709455401387,1787953709455023035,5286540209589,5286540222700,72,0,0
rx,655,52,1,1,1787953709469275554,1787953709469009794,5286554083608,0,0,0,0
tx,655,52,1,1,1787953709469279683,1787953709469009794,5286554087885,5286554105330,72,0,0
rx,656,53,1,1,1787953709485304776,1787953709484276646,5286570112848,0,0,0,0
tx,656,53,1,1,1787953709485308665,1787953709484276646,5286570116959,5286570131589,72,0,0
rx,657,54,1,1,1787953709500249461,1787953709499470405,5286585057533,0,0,0,0
tx,657,54,1,1,1787953709500252850,1787953709499470405,5286585061033,5286585073867,72,0,0
rx,658,55,1,1,1787953709515211405,1787953709514457054,5286600019459,0,0,0,0
tx,658,55,1,1,1787953709515216146,1787953709514457054,5286600024330,5286600041478,72,0,0
rx,659,56,1,1,1787953709530132350,1787953709530086442,5286614940422,0,0,0,0
tx,659,56,1,1,1787953709530135831,1787953709530086442,5286614944070,5286614958496,72,0,0
rx,660,57,1,1,1787953709545073850,1787953709544290813,5286629881922,0,0,0,0
tx,660,57,1,1,1787953709545077313,1787953709544290813,5286629885496,5286629899200,72,0,0
rx,661,58,1,1,1787953709560009961,1787953709559589294,5286644818033,0,0,0,0
tx,661,58,1,1,1787953709560013368,1787953709559589294,5286644821552,5286644833885,72,0,0
rx,662,59,1,1,1787953709574958054,1787953709574520905,5286659766126,0,0,0,0
tx,662,59,1,1,1787953709574962498,1787953709574520905,5286659770719,5286659789663,72,0,0
rx,663,60,1,1,1787953709589917887,1787953709588975276,5286674725959,0,0,0,0
tx,663,60,1,1,1787953709589921405,1787953709588975276,5286674729589,5286674743367,72,0,0
rx,664,61,1,1,1787953709604857239,1787953709603901220,5286689665311,0,0,0,0
tx,664,61,1,1,1787953709604860831,1787953709603901220,5286689669015,5286689681682,72,0,0
rx,665,62,1,1,1787953709619799257,1787953709619555942,5286704607330,0,0,0,0
tx,665,62,1,1,1787953709619803609,1787953709619555942,5286704611885,5286704628237,72,0,0
rx,666,63,1,1,1787953709634756942,1787953709634515239,5286719564922,0,0,0,0
tx,666,63,1,1,1787953709634760813,1787953709634515239,5286719568996,5286719583885,72,0,0
rx,667,64,1,1,1787953709649711350,1787953709649372331,5286734519422,0,0,0,0
tx,667,64,1,1,1787953709649715368,1787953709649372331,5286734523607,5286734539052,72,0,0
