sequence,deadline_ns,send_before_ns,send_after_ns,bytes_sent,errno
1,76334816710600,76334816736900,76334817001000,715,
2,76334831710600,76334831914700,76334832045600,715,
3,76334846710600,76334847009600,76334847153100,715,
4,76334861710600,76334861929600,76334862019300,715,
5,76334876710600,76334877090600,76334877301800,715,
6,76334891710600,76334892049800,76334892167200,715,
7,76334906710600,76334906929400,76334907128300,715,
8,76334921710600,76334921850200,76334922019800,715,
9,76334936710600,76334936984400,76334937108000,715,
10,76334951710600,76334951760500,76334951881900,715,
11,76334966710600,76334966789900,76334966910000,715,
12,76334981710600,76334981869800,76334981992600,715,
13,76334996710600,76334996790800,76334996991000,715,
14,76335011710600,76335011783600,76335011955000,715,
15,76335026710600,76335026964300,76335027085900,715,
16,76335041710600,76335041930800,76335042063400,715,
17,76335056710600,76335057051600,76335057254100,715,
18,76335071710600,76335072260100,76335072477700,715,
19,76335086710600,76335087293700,76335087511000,715,
20,76335101710600,76335101853700,76335101987000,715,
21,76335116710600,76335116810800,76335116954200,715,
22,76335131710600,76335132034300,76335132168900,715,
23,76335146710600,76335146788800,76335146967300,715,
24,76335161710600,76335161811100,76335161967300,715,
25,76335176710600,76335177010800,76335177175000,715,
26,76335191710600,76335192247300,76335192413600,715,
27,76335206710600,76335207067500,76335207265100,715,
28,76335221710600,76335222488400,76335222700900,715,
29,76335236710600,76335237033700,76335237210800,715,
30,76335251710600,76335251828600,76335251956800,715,
31,76335266710600,76335266934200,76335267035800,715,
32,76335281710600,76335282109200,76335282322200,715,
33,76335296710600,76335297194600,76335297409100,715,
34,76335311710600,76335312149000,76335312364500,715,
35,76335326710600,76335327009900,76335327142100,715,
36,76335341710600,76335341993400,76335342091900,715,
37,76335356710600,76335357381500,76335357594800,715,
38,76335371710600,76335371789200,76335371973500,715,
39,76335386710600,76335386777200,76335386907500,715,
40,76335401710600,76335401992500,76335402109700,715,
41,76335416710600,76335417091600,76335417253500,715,
42,76335431710600,76335431824800,76335432031700,715,
43,76335446710600,76335447104300,76335447320500,715,
44,76335461710600,76335463203500,76335463419900,715,
45,76335476710600,76335477504700,76335477666300,715,
46,76335491710600,76335492123300,76335492284100,715,
47,76335506710600,76335507096800,76335507255700,715,
48,76335521710600,76335522223400,76335522439000,715,
49,76335536710600,76335537029700,76335537162800,715,
50,76335551710600,76335552242900,76335552438600,715,
51,76335566710600,76335567424900,76335567662200,715,
52,76335581710600,76335581787900,76335581987200,715,
53,76335596710600,76335596820800,76335597005700,715,
54,76335611710600,76335611829800,76335611965200,715,
55,76335626710600,76335627073000,76335627282600,715,
56,76335641710600,76335642104500,76335642346700,715,
57,76335656710600,76335657363600,76335657564100,715,
58,76335671710600,76335671871800,76335672008600,715,
59,76335686710600,76335687173100,76335687272600,715,
60,76335701710600,76335701964700,76335702102900,715,
61,76335716710600,76335717134700,76335717295700,715,
62,76335731710600,76335731760800,76335731890900,715,
63,76335746710600,76335747100600,76335747187600,715,
64,76335761710600,76335761783000,76335761917000,715,
65,76335776710600,76335777080900,76335777219000,715,
66,76335791710600,76335791840300,76335792032700,715,
67,76335806710600,76335807251700,76335807377500,715,
68,76335821710600,76335821936100,76335822063900,715,
69,76335836710600,76335837048100,76335837171300,715,
70,76335851710600,76335852316900,76335852458600,715,
71,76335866710600,76335867075700,76335867233200,715,
72,76335881710600,76335881786300,76335881912800,715,
73,76335896710600,76335896894600,76335897085000,715,
74,76335911710600,76335912113700,76335912216700,715,
75,76335926710600,76335926825800,76335926999700,715,
76,76335941710600,76335941813800,76335941944500,715,
77,76335956710600,76335957102600,76335957233700,715,
78,76335971710600,76335972202300,76335972336500,715,
79,76335986710600,76335987211200,76335987357500,715,
80,76336001710600,76336002308400,76336002752200,715,
81,76336016710600,76336016846300,76336017011500,715,
82,76336031710600,76336031941700,76336032121500,715,
83,76336046710600,76336047023400,76336047189000,715,
84,76336061710600,76336061865500,76336061993300,715,
85,76336076710600,76336077000800,76336077184300,715,
86,76336091710600,76336092117300,76336092271300,715,
87,76336106710600,76336106884800,76336107014500,715,
88,76336121710600,76336122266500,76336122400600,715,
89,76336136710600,76336136955900,76336137119700,715,
90,76336151710600,76336152054300,76336152190800,715,
91,76336166710600,76336167200400,76336167369200,715,
92,76336181710600,76336181892300,76336182067600,715,
93,76336196710600,76336197159200,76336197288900,715,
94,76336211710600,76336211852700,76336211992500,715,
95,76336226710600,76336227195100,76336227420400,715,
96,76336241710600,76336242051100,76336242176400,715,
97,76336256710600,76336256987800,76336257120800,715,
98,76336271710600,76336272167500,76336272295600,715,
99,76336286710600,76336287036700,76336287165400,715,
100,76336301710600,76336301981300,76336302095000,715,
101,76336316710600,76336317045400,76336317173000,715,
102,76336331710600,76336331908700,76336332097600,715,
103,76336346710600,76336347173200,76336347311100,715,
104,76336361710600,76336362055700,76336362191200,715,
105,76336376710600,76336376946600,76336377092400,715,
106,76336391710600,76336391868700,76336392101300,715,
107,76336406710600,76336406931600,76336407065900,715,
108,76336421710600,76336422171700,76336422307300,715,
109,76336436710600,76336437278200,76336437474300,715,
110,76336451710600,76336452245400,76336452377600,715,
111,76336466710600,76336467337900,76336467555900,715,
112,76336481710600,76336481837800,76336481978700,715,
113,76336496710600,76336497169900,76336497319800,715,
114,76336511710600,76336511959200,76336512156700,715,
115,76336526710600,76336526985600,76336527172400,715,
116,76336541710600,76336541813200,76336541941000,715,
117,76336556710600,76336556986200,76336557111500,715,
118,76336571710600,76336571837600,76336572008600,715,
119,76336586710600,76336586841600,76336587044100,715,
120,76336601710600,76336602130600,76336602321300,715,
121,76336616710600,76336616942700,76336617074700,715,
122,76336631710600,76336632063200,76336632176200,715,
123,76336646710600,76336646838900,76336646990900,715,
124,76336661710600,76336662266200,76336662530600,715,
125,76336676710600,76336677228700,76336677411300,715,
126,76336691710600,76336692229400,76336692360200,715,
127,76336706710600,76336707024500,76336707152900,715,
128,76336721710600,76336721930000,76336722062000,715,
129,76336736710600,76336737018000,76336737155300,715,
130,76336751710600,76336752203400,76336752368100,715,
131,76336766710600,76336766889900,76336767024900,715,
132,76336781710600,76336782002100,76336782172600,715,
133,76336796710600,76336797007100,76336797203300,715,
134,76336811710600,76336812197500,76336812342600,715,
135,76336826710600,76336827023900,76336827214200,715,
136,76336841710600,76336841971400,76336842127000,715,
137,76336856710600,76336856978900,76336857106000,715,
138,76336871710600,76336871814400,76336871987300,715,
139,76336886710600,76336886833900,76336887049700,715,
140,76336901710600,76336902234100,76336902423400,715,
141,76336916710600,76336916789700,76336916922300,715,
142,76336931710600,76336931963000,76336932123000,715,
143,76336946710600,76336947249000,76336947528500,715,
144,76336961710600,76336961885700,76336962082500,715,
145,76336976710600,76336976956600,76336977091600,715,
146,76336991710600,76336991769700,76336991901800,715,
147,76337006710600,76337006842600,76337007064600,715,
148,76337021710600,76337021862000,76337022073600,715,
149,76337036710600,76337037063700,76337037251200,715,
150,76337051710600,76337052274600,76337052403000,715,
151,76337066710600,76337066887800,76337067033500,715,
152,76337081710600,76337082014300,76337082164300,715,
153,76337096710600,76337097255000,76337097383700,715,
154,76337111710600,76337112077300,76337112212700,715,
155,76337126710600,76337126772700,76337126912000,715,
156,76337141710600,76337141913900,76337142075800,715,
157,76337156710600,76337156940500,76337157066900,715,
158,76337171710600,76337171789300,76337171940600,715,
159,76337186710600,76337186959700,76337187092300,715,
160,76337201710600,76337201817800,76337201994500,715,
161,76337216710600,76337217088300,76337217239000,715,
162,76337231710600,76337231885900,76337232045700,715,
163,76337246710600,76337246821500,76337246943400,715,
164,76337261710600,76337262075200,76337262272300,715,
165,76337276710600,76337276889600,76337277042800,715,
166,76337291710600,76337291795600,76337291973000,715,
167,76337306710600,76337307235300,76337307436600,715,
168,76337321710600,76337321831000,76337321926600,715,
169,76337336710600,76337336807700,76337336925800,715,
170,76337351710600,76337352189600,76337352322800,715,
171,76337366710600,76337367051000,76337367227500,715,
172,76337381710600,76337381897700,76337382068600,715,
173,76337396710600,76337396993600,76337397135700,715,
174,76337411710600,76337412224500,76337412355500,715,
175,76337426710600,76337427282500,76337427408800,715,
176,76337441710600,76337441973200,76337442201000,715,
177,76337456710600,76337457436800,76337457639200,715,
178,76337471710600,76337472217600,76337472329700,715,
179,76337486710600,76337487142200,76337487313000,715,
180,76337501710600,76337501977600,76337502132600,715,
181,76337516710600,76337517239100,76337517408300,715,
182,76337531710600,76337532182200,76337532347600,715,
183,76337546710600,76337546839600,76337546988800,715,
184,76337561710600,76337561911000,76337562038700,715,
185,76337576710600,76337577176100,76337577330200,715,
186,76337591710600,76337592126800,76337592286500,715,
187,76337606710600,76337607169600,76337607332300,715,
188,76337621710600,76337621923500,76337622080200,715,
189,76337636710600,76337637041700,76337637171200,715,
190,76337651710600,76337651982600,76337652145900,715,
191,76337666710600,76337666819700,76337667023800,715,
192,76337681710600,76337682260200,76337682376300,715,
193,76337696710600,76337697078800,76337697200200,715,
194,76337711710600,76337711958200,76337712151100,715,
195,76337726710600,76337726910200,76337727086400,715,
196,76337741710600,76337741770600,76337741908200,715,
197,76337756710600,76337756947300,76337757042500,715,
198,76337771710600,76337771833900,76337772001900,715,
199,76337786710600,76337786892900,76337787053400,715,
200,76337801710600,76337802010300,76337802272700,715,
201,76337816710600,76337816962600,76337817140600,715,
202,76337831710600,76337832183400,76337832307600,715,
203,76337846710600,76337847030100,76337847170700,715,
204,76337861710600,76337862072200,76337862249600,715,
205,76337876710600,76337876940100,76337877135100,715,
206,76337891710600,76337892124000,76337892287900,715,
207,76337906710600,76337906967800,76337907095200,715,
208,76337921710600,76337921985400,76337922110500,715,
209,76337936710600,76337937276500,76337937437100,715,
210,76337951710600,76337951775600,76337951997700,715,
211,76337966710600,76337966859700,76337966983900,715,
212,76337981710600,76337981821000,76337981970400,715,
213,76337996710600,76337997148600,76337997267200,715,
214,76338011710600,76338012214600,76338012375400,715,
215,76338026710600,76338027027500,76338027182600,715,
216,76338041710600,76338042055100,76338042191000,715,
217,76338056710600,76338056977400,76338057099400,715,
218,76338071710600,76338072257000,76338072434500,715,
219,76338086710600,76338086985000,76338087111500,715,
220,76338101710600,76338102347000,76338102483000,715,
221,76338116710600,76338117132300,76338117253100,715,
222,76338131710600,76338131876400,76338131980900,715,
223,76338146710600,76338146881800,76338146992500,715,
224,76338161710600,76338162234900,76338162359400,715,
225,76338176710600,76338176982300,76338177143700,715,
226,76338191710600,76338192041100,76338192161800,715,
227,76338206710600,76338206858400,76338206981700,715,
228,76338221710600,76338221908000,76338222055600,715,
229,76338236710600,76338237072100,76338237229300,715,
230,76338251710600,76338251842100,76338251967100,715,
231,76338266710600,76338267205600,76338267332200,715,
232,76338281710600,76338282168400,76338282288500,715,
233,76338296710600,76338297047700,76338297176100,715,
234,76338311710600,76338312048900,76338312196500,715,
235,76338326710600,76338326894100,76338327014700,715,
236,76338341710600,76338342049400,76338342172400,715,
237,76338356710600,76338356964400,76338357104300,715,
238,76338371710600,76338372107900,76338372310300,715,
239,76338386710600,76338386927700,76338387115200,715,
240,76338401710600,76338402537500,76338402742700,715,
241,76338416710600,76338417044600,76338417172500,715,
242,76338431710600,76338432108600,76338432231200,715,
243,76338446710600,76338447137000,76338447280200,715,
244,76338461710600,76338462307100,76338462444800,715,
245,76338476710600,76338476910800,76338477035500,715,
246,76338491710600,76338492023100,76338492150900,715,
247,76338506710600,76338507061700,76338507192400,715,
248,76338521710600,76338522001800,76338522137200,715,
249,76338536710600,76338537111500,76338537290000,715,
250,76338551710600,76338552004700,76338552123000,715,
251,76338566710600,76338566928100,76338567060600,715,
252,76338581710600,76338581789100,76338581918100,715,
253,76338596710600,76338596890000,76338597018800,715,
254,76338611710600,76338611980900,76338612103100,715,
255,76338626710600,76338626978500,76338627094700,715,
256,76338641710600,76338641904100,76338642026700,715,
257,76338656710600,76338657030200,76338657149400,715,
258,76338671710600,76338671969400,76338672111000,715,
259,76338686710600,76338687199400,76338687331800,715,
260,76338701710600,76338702138500,76338702261800,715,
261,76338716710600,76338717048900,76338717163100,715,
262,76338731710600,76338731776700,76338731900300,715,
263,76338746710600,76338747212100,76338747348100,715,
264,76338761710600,76338761900800,76338762026200,715,
265,76338776710600,76338776844500,76338777024400,715,
266,76338791710600,76338792025400,76338792151500,715,
267,76338806710600,76338807045100,76338807203600,715,
268,76338821710600,76338822064600,76338822219200,715,
269,76338836710600,76338836954800,76338837078900,715,
270,76338851710600,76338852165500,76338852291400,715,
271,76338866710600,76338866786300,76338866904200,715,
272,76338881710600,76338882257200,76338882387400,715,
273,76338896710600,76338897330900,76338897452500,715,
274,76338911710600,76338911961600,76338912080500,715,
275,76338926710600,76338926986700,76338927103200,715,
276,76338941710600,76338941783700,76338941903400,715,
277,76338956710600,76338957083200,76338957210400,715,
278,76338971710600,76338971862600,76338971978400,715,
279,76338986710600,76338987180800,76338987298100,715,
280,76339001710600,76339002159700,76339002275900,715,
281,76339016710600,76339016839000,76339016965800,715,
282,76339031710600,76339031888600,76339032023200,715,
283,76339046710600,76339046798700,76339046914200,715,
284,76339061710600,76339061823400,76339061979700,715,
285,76339076710600,76339076965700,76339077108600,715,
286,76339091710600,76339092510600,76339092653000,715,
287,76339106710600,76339106796800,76339106931700,715,
288,76339121710600,76339121870500,76339121995100,715,
289,76339136710600,76339137234900,76339137366800,715,
290,76339151710600,76339151906600,76339152028900,715,
291,76339166710600,76339166877200,76339167023800,715,
292,76339181710600,76339181873400,76339181997300,715,
293,76339196710600,76339197030100,76339197122800,715,
294,76339211710600,76339212206600,76339212333100,715,
295,76339226710600,76339226906100,76339227025900,715,
296,76339241710600,76339242068900,76339242178500,715,
297,76339256710600,76339257017300,76339257208700,715,
298,76339271710600,76339271838800,76339271941000,715,
299,76339286710600,76339286915400,76339286989700,715,
300,76339301710600,76339302177700,76339302248500,715,
301,76339316710600,76339316846400,76339317082700,715,
302,76339331710600,76339331895700,76339332002800,715,
303,76339346710600,76339346817000,76339346916200,715,
304,76339361710600,76339362164000,76339362280800,715,
305,76339376710600,76339377194300,76339377299100,715,
306,76339391710600,76339391981500,76339392112700,715,
307,76339406710600,76339407232700,76339407343400,715,
308,76339421710600,76339422120900,76339422238400,715,
309,76339436710600,76339436995200,76339437114500,715,
310,76339451710600,76339452083000,76339452211900,715,
311,76339466710600,76339467382900,76339467518400,715,
312,76339481710600,76339481919500,76339482035400,715,
313,76339496710600,76339497195000,76339497669700,715,
314,76339511710600,76339511919800,76339512042500,715,
315,76339526710600,76339526852300,76339526985900,715,
316,76339541710600,76339542265900,76339542499400,715,
317,76339556710600,76339557099400,76339557288900,715,
318,76339571710600,76339571905200,76339572093700,715,
319,76339586710600,76339586885500,76339587024200,715,
320,76339601710600,76339601815400,76339601952500,715,
321,76339616710600,76339617128500,76339617273200,715,
322,76339631710600,76339631951700,76339632077600,715,
323,76339646710600,76339647074200,76339647201900,715,
324,76339661710600,76339662076600,76339662211400,715,
325,76339676710600,76339677306500,76339677466600,715,
326,76339691710600,76339691892100,76339692024200,715,
327,76339706710600,76339706915000,76339707041400,715,
328,76339721710600,76339721908100,76339722033400,715,
329,76339736710600,76339736799400,76339736932800,715,
330,76339751710600,76339751931800,76339752094000,715,
331,76339766710600,76339766953400,76339767087100,715,
332,76339781710600,76339781960900,76339782086000,715,
333,76339796710600,76339796994900,76339797122200,715,
334,76339811710600,76339811989600,76339812125100,715,
335,76339826710600,76339826845700,76339827062400,715,
336,76339841710600,76339841978800,76339842115000,715,
337,76339856710600,76339856981700,76339857107500,715,
338,76339871710600,76339871913100,76339872031100,715,
339,76339886710600,76339886884300,76339887020700,715,
340,76339901710600,76339902119700,76339902348900,715,
341,76339916710600,76339917258500,76339917387500,715,
342,76339931710600,76339932110100,76339932234100,715,
343,76339946710600,76339946851100,76339946967000,715,
344,76339961710600,76339961972400,76339962113700,715,
345,76339976710600,76339977222000,76339977380000,715,
346,76339991710600,76339992117000,76339992234900,715,
347,76340006710600,76340006811900,76340006929100,715,
348,76340021710600,76340021920900,76340022081500,715,
349,76340036710600,76340037087600,76340037262200,715,
350,76340051710600,76340051874500,76340052039100,715,
351,76340066710600,76340066807800,76340066967500,715,
352,76340081710600,76340082052800,76340082164800,715,
353,76340096710600,76340097032400,76340097158200,715,
354,76340111710600,76340112114500,76340112242300,715,
355,76340126710600,76340127090600,76340127209500,715,
356,76340141710600,76340141796700,76340141917500,715,
357,76340156710600,76340156922700,76340157042400,715,
358,76340171710600,76340171880600,76340171997600,715,
359,76340186710600,76340187358000,76340187461900,715,
360,76340201710600,76340201934100,76340202058400,715,
361,76340216710600,76340217176500,76340217333000,715,
362,76340231710600,76340232068100,76340232193000,715,
363,76340246710600,76340247253100,76340247351200,715,
364,76340261710600,76340261959800,76340262087000,715,
365,76340276710600,76340277189700,76340277272600,715,
366,76340291710600,76340291838100,76340291933400,715,
367,76340306710600,76340306822800,76340306910200,715,
368,76340321710600,76340322166100,76340322263500,715,
369,76340336710600,76340336896700,76340337006100,715,
370,76340351710600,76340352045700,76340352119000,715,
371,76340366710600,76340366895300,76340367013900,715,
372,76340381710600,76340382214500,76340382334500,715,
373,76340396710600,76340397082100,76340397194300,715,
374,76340411710600,76340411925500,76340412050800,715,
375,76340426710600,76340426810800,76340426921300,715,
376,76340441710600,76340442182100,76340442280600,715,
377,76340456710600,76340456947900,76340457087400,715,
378,76340471710600,76340471946400,76340472141700,715,
379,76340486710600,76340487304900,76340487506000,715,
380,76340501710600,76340502222000,76340502410500,715,
381,76340516710600,76340516850500,76340516979200,715,
382,76340531710600,76340531851300,76340531979000,715,
383,76340546710600,76340546937700,76340547080100,715,
384,76340561710600,76340561856900,76340561976500,715,
385,76340576710600,76340576961200,76340577081900,715,
386,76340591710600,76340592111300,76340592233000,715,
387,76340606710600,76340606991100,76340607125600,715,
388,76340621710600,76340622099200,76340622197900,715,
389,76340636710600,76340637096000,76340637226800,715,
390,76340651710600,76340651862800,76340651992300,715,
391,76340666710600,76340667262600,76340667392200,715,
392,76340681710600,76340681995600,76340682129200,715,
393,76340696710600,76340697139500,76340697268700,715,
394,76340711710600,76340712141700,76340712262600,715,
395,76340726710600,76340727204900,76340727322000,715,
396,76340741710600,76340741916800,76340742032900,715,
397,76340756710600,76340757344200,76340757468800,715,
398,76340771710600,76340771957600,76340772123900,715,
399,76340786710600,76340787031700,76340787211600,715,
400,76340801710600,76340801857900,76340801988200,715,
401,76340816710600,76340817252800,76340817376500,715,
402,76340831710600,76340831962000,76340832086600,715,
403,76340846710600,76340847206600,76340847358400,715,
404,76340861710600,76340861939900,76340862045500,715,
405,76340876710600,76340876923100,76340877011400,715,
406,76340891710600,76340892006500,76340892099700,715,
407,76340906710600,76340907217300,76340907322500,715,
408,76340921710600,76340922005100,76340922099700,715,
409,76340936710600,76340936867100,76340936956600,715,
410,76340951710600,76340952126800,76340952226600,715,
411,76340966710600,76340966816700,76340966909200,715,
412,76340981710600,76340982301900,76340982384000,715,
413,76340996710600,76340996903400,76340996969900,715,
414,76341011710600,76341011794000,76341011873400,715,
415,76341026710600,76341027164100,76341027248000,715,
416,76341041710600,76341042146600,76341042246600,715,
417,76341056710600,76341057005500,76341057114800,715,
418,76341071710600,76341071893500,76341071967200,715,
419,76341086710600,76341087097400,76341087161800,715,
420,76341101710600,76341101825700,76341101902600,715,
421,76341116710600,76341117091000,76341117171600,715,
422,76341131710600,76341132366200,76341132502700,715,
423,76341146710600,76341147120600,76341147188600,715,
424,76341161710600,76341162066900,76341162166000,715,
425,76341176710600,76341177030300,76341177138500,715,
426,76341191710600,76341191771500,76341191896800,715,
427,76341206710600,76341206919600,76341207041500,715,
428,76341221710600,76341222195200,76341222280200,715,
429,76341236710600,76341237245900,76341237364800,715,
430,76341251710600,76341252110300,76341252230700,715,
431,76341266710600,76341267045700,76341267139700,715,
432,76341281710600,76341282180800,76341282270000,715,
433,76341296710600,76341296757300,76341296855000,715,
434,76341311710600,76341311756100,76341311853100,715,
435,76341326710600,76341327005500,76341327100800,715,
436,76341341710600,76341342116200,76341342227900,715,
437,76341356710600,76341356958400,76341357122800,715,
438,76341371710600,76341372396500,76341372620900,715,
439,76341386710600,76341387015700,76341387194500,715,
440,76341401710600,76341401842900,76341401970900,715,
441,76341416710600,76341416968800,76341417154400,715,
442,76341431710600,76341431838600,76341431967300,715,
443,76341446710600,76341447156200,76341447342600,715,
444,76341461710600,76341462198300,76341462313700,715,
445,76341476710600,76341477250400,76341477337100,715,
446,76341491710600,76341492051400,76341492139100,715,
447,76341506710600,76341507102800,76341507219200,715,
448,76341521710600,76341522149500,76341522244100,715,
449,76341536710600,76341537114200,76341537243000,715,
450,76341551710600,76341551960200,76341552086500,715,
451,76341566710600,76341567145600,76341567352400,715,
452,76341581710600,76341582092600,76341582236700,715,
453,76341596710600,76341597209900,76341597331700,715,
454,76341611710600,76341612121900,76341612246800,715,
455,76341626710600,76341626903400,76341627078200,715,
456,76341641710600,76341641774700,76341641900500,715,
457,76341656710600,76341657066800,76341657193000,715,
458,76341671710600,76341672200600,76341672324600,715,
459,76341686710600,76341687204800,76341687299500,715,
460,76341701710600,76341702004600,76341702147300,715,
461,76341716710600,76341716778300,76341716893800,715,
462,76341731710600,76341731980000,76341732091700,715,
463,76341746710600,76341746829100,76341746889400,715,
464,76341761710600,76341761973800,76341762112200,715,
465,76341776710600,76341776778000,76341776957700,715,
466,76341791710600,76341792310700,76341792460300,715,
467,76341806710600,76341807005200,76341807182600,715,
468,76341821710600,76341822198800,76341822322200,715,
469,76341836710600,76341837218500,76341837348600,715,
470,76341851710600,76341851973100,76341852174600,715,
471,76341866710600,76341867104800,76341867269800,715,
472,76341881710600,76341882053500,76341882234800,715,
473,76341896710600,76341897278500,76341897468000,715,
474,76341911710600,76341912157800,76341912290300,715,
475,76341926710600,76341927248700,76341927436600,715,
476,76341941710600,76341941940000,76341942121300,715,
477,76341956710600,76341957137900,76341957318000,715,
478,76341971710600,76341971983300,76341972171400,715,
479,76341986710600,76341987413700,76341987551400,715,
480,76342001710600,76342002331000,76342002534800,715,
481,76342016710600,76342017045900,76342017214200,715,
482,76342031710600,76342031827800,76342031914300,715,
483,76342046710600,76342046904800,76342047020200,715,
484,76342061710600,76342062313700,76342062437500,715,
485,76342076710600,76342076799900,76342076973600,715,
486,76342091710600,76342092360700,76342092565600,715,
487,76342106710600,76342106983900,76342107169700,715,
488,76342121710600,76342122028900,76342122152500,715,
489,76342136710600,76342137013500,76342137137500,715,
490,76342151710600,76342152059300,76342152263800,715,
491,76342166710600,76342166903800,76342167076700,715,
492,76342181710600,76342181795400,76342181982100,715,
493,76342196710600,76342196972100,76342197105500,715,
494,76342211710600,76342212075700,76342212277100,715,
495,76342226710600,76342227487600,76342227695300,715,
496,76342241710600,76342241760200,76342241848800,715,
497,76342256710600,76342256774800,76342256897500,715,
498,76342271710600,76342272162200,76342272303500,715,
499,76342286710600,76342287138300,76342287350700,715,
500,76342301710600,76342302131600,76342302295500,715,
501,76342316710600,76342316768500,76342316894500,715,
502,76342331710600,76342331808800,76342331997300,715,
503,76342346710600,76342346810600,76342347073800,715,
504,76342361710600,76342362215300,76342362348800,715,
505,76342376710600,76342376803700,76342376943400,715,
506,76342391710600,76342391791300,76342391976900,715,
507,76342406710600,76342407069400,76342407196400,715,
508,76342421710600,76342422245300,76342422371600,715,
509,76342436710600,76342436912000,76342437082300,715,
510,76342451710600,76342451796100,76342451992000,715,
511,76342466710600,76342467216800,76342467376200,715,
512,76342481710600,76342482451100,76342482566500,715,
513,76342496710600,76342497515400,76342497639300,715,
514,76342511710600,76342512755100,76342512956700,715,
515,76342526710600,76342527100100,76342527261400,715,
516,76342541710600,76342542338700,76342542464200,715,
517,76342556710600,76342557038300,76342557162200,715,
518,76342571710600,76342571891300,76342571972100,715,
519,76342586710600,76342586788600,76342586896800,715,
520,76342601710600,76342602217100,76342602337100,715,
521,76342616710600,76342616903900,76342617060100,715,
522,76342631710600,76342632219000,76342632394900,715,
523,76342646710600,76342647139600,76342647331100,715,
524,76342661710600,76342662338200,76342662544100,715,
525,76342676710600,76342676776100,76342676959100,715,
526,76342691710600,76342692577900,76342692757200,715,
527,76342706710600,76342707016900,76342707229200,715,
528,76342721710600,76342722238900,76342722429500,715,
529,76342736710600,76342736809500,76342736990700,715,
530,76342751710600,76342752597900,76342752803800,715,
531,76342766710600,76342766863700,76342767055300,715,
532,76342781710600,76342781976200,76342782161500,715,
533,76342796710600,76342797381600,76342797581400,715,
534,76342811710600,76342812162000,76342812364700,715,
535,76342826710600,76342826875800,76342827071700,715,
536,76342841710600,76342842378800,76342842530700,715,
537,76342856710600,76342856928300,76342857026700,715,
538,76342871710600,76342871876500,76342872017000,715,
539,76342886710600,76342887137600,76342887353100,715,
540,76342901710600,76342902188800,76342902314100,715,
541,76342916710600,76342917137100,76342917295100,715,
542,76342931710600,76342932117900,76342932315200,715,
543,76342946710600,76342947218900,76342947354900,715,
544,76342961710600,76342962251700,76342962434600,715,
545,76342976710600,76342976889400,76342977042500,715,
546,76342991710600,76342991859700,76342992010300,715,
547,76343006710600,76343006783800,76343006897400,715,
548,76343021710600,76343021797700,76343021923500,715,
549,76343036710600,76343037245200,76343037320300,715,
550,76343051710600,76343052010100,76343052097600,715,
551,76343066710600,76343066963400,76343067049400,715,
552,76343081710600,76343082163800,76343082315100,715,
553,76343096710600,76343097158400,76343097286000,715,
554,76343111710600,76343112092900,76343112298600,715,
555,76343126710600,76343126902600,76343127009300,715,
556,76343141710600,76343142441900,76343142580500,715,
557,76343156710600,76343156995500,76343157125800,715,
558,76343171710600,76343172516700,76343172722900,715,
559,76343186710600,76343186764800,76343186837300,715,
560,76343201710600,76343201806400,76343201910000,715,
561,76343216710600,76343217039200,76343217219600,715,
562,76343231710600,76343232153200,76343232349700,715,
563,76343246710600,76343247531500,76343247735600,715,
564,76343261710600,76343262616500,76343262821300,715,
565,76343276710600,76343277215400,76343277365600,715,
566,76343291710600,76343292194400,76343292411500,715,
567,76343306710600,76343307309200,76343307452300,715,
568,76343321710600,76343322803500,76343323005900,715,
569,76343336710600,76343337540300,76343337746900,715,
570,76343351710600,76343352187800,76343352349500,715,
571,76343366710600,76343366943000,76343367132700,715,
572,76343381710600,76343381805100,76343381934800,715,
573,76343396710600,76343396777400,76343396923400,715,
574,76343411710600,76343412259600,76343412423900,715,
575,76343426710600,76343427093900,76343427233400,715,
576,76343441710600,76343442419700,76343442612700,715,
577,76343456710600,76343457304700,76343457504900,715,
578,76343471710600,76343471798100,76343471985700,715,
579,76343486710600,76343487738500,76343487899900,715,
580,76343501710600,76343501839600,76343501968300,715,
581,76343516710600,76343517191100,76343517379700,715,
582,76343531710600,76343532132200,76343532351100,715,
583,76343546710600,76343548025100,76343548237700,715,
584,76343561710600,76343562130800,76343562280200,715,
585,76343576710600,76343577041900,76343577258700,715,
586,76343591710600,76343591932100,76343592133300,715,
587,76343606710600,76343607403400,76343607617900,715,
588,76343621710600,76343622232800,76343622438700,715,
589,76343636710600,76343637233200,76343637399200,715,
590,76343651710600,76343652272000,76343652492000,715,
591,76343666710600,76343667201100,76343667408200,715,
592,76343681710600,76343682093800,76343682312200,715,
593,76343696710600,76343697220700,76343697382400,715,
594,76343711710600,76343711997400,76343712132500,715,
595,76343726710600,76343726987300,76343727198400,715,
596,76343741710600,76343742090000,76343742175100,715,
597,76343756710600,76343757116500,76343757297500,715,
598,76343771710600,76343772089500,76343772166100,715,
599,76343786710600,76343787169700,76343787291200,715,
600,76343801710600,76343802380200,76343802576200,715,
601,76343816710600,76343817001600,76343817214800,715,
602,76343831710600,76343831829400,76343832019600,715,
603,76343846710600,76343847108600,76343847236700,715,
604,76343861710600,76343861890800,76343862142100,715,
605,76343876710600,76343876990900,76343877186600,715,
606,76343891710600,76343892119700,76343892327600,715,
607,76343906710600,76343906806100,76343906987500,715,
608,76343921710600,76343922264500,76343922379900,715,
609,76343936710600,76343937167900,76343937330800,715,
610,76343951710600,76343952492600,76343952690400,715,
611,76343966710600,76343967338100,76343967483700,715,
612,76343981710600,76343982033700,76343982280400,715,
613,76343996710600,76343996990300,76343997177800,715,
614,76344011710600,76344011971300,76344012213900,715,
615,76344026710600,76344027118400,76344027277100,715,
616,76344041710600,76344042153200,76344042355800,715,
617,76344056710600,76344057248800,76344057396800,715,
618,76344071710600,76344071976300,76344072117600,715,
619,76344086710600,76344087265200,76344087482800,715,
620,76344101710600,76344102083800,76344102290100,715,
621,76344116710600,76344116808900,76344116942100,715,
622,76344131710600,76344132249600,76344132353200,715,
623,76344146710600,76344147242000,76344147322900,715,
624,76344161710600,76344161773000,76344161906800,715,
625,76344176710600,76344177252500,76344177362100,715,
626,76344191710600,76344192187300,76344192381800,715,
627,76344206710600,76344207138300,76344207347500,715,
628,76344221710600,76344222213500,76344222366400,715,
629,76344236710600,76344237274700,76344237464500,715,
630,76344251710600,76344252322400,76344252528200,715,
631,76344266710600,76344266795400,76344266961100,715,
632,76344281710600,76344281868800,76344281947400,715,
633,76344296710600,76344296938300,76344297162300,715,
634,76344311710600,76344312057600,76344312249000,715,
635,76344326710600,76344327170400,76344327347500,715,
636,76344341710600,76344341989600,76344342128100,715,
637,76344356710600,76344357190700,76344357384100,715,
638,76344371710600,76344372022300,76344372217100,715,
639,76344386710600,76344387099700,76344387301900,715,
640,76344401710600,76344402466300,76344402670700,715,
641,76344416710600,76344417717600,76344417923000,715,
642,76344431710600,76344431983100,76344432113000,715,
643,76344446710600,76344447180900,76344447403400,715,
644,76344461710600,76344462097300,76344462302000,715,
645,76344476710600,76344477995100,76344478201000,715,
646,76344491710600,76344492154500,76344492361400,715,
647,76344506710600,76344507461500,76344507654600,715,
648,76344521710600,76344521995600,76344522145400,715,
649,76344536710600,76344537589900,76344537799500,715,
650,76344551710600,76344552107100,76344552315500,715,
651,76344566710600,76344567816600,76344568024700,715,
652,76344581710600,76344582173500,76344582303200,715,
653,76344596710600,76344597181700,76344597366100,715,
654,76344611710600,76344612147100,76344612272500,715,
655,76344626710600,76344627019900,76344627196700,715,
656,76344641710600,76344641852800,76344641960100,715,
657,76344656710600,76344656791800,76344656903400,715,
658,76344671710600,76344671862500,76344672059300,715,
659,76344686710600,76344686815300,76344686991800,715,
660,76344701710600,76344702084300,76344702289500,715,
661,76344716710600,76344716853100,76344717049700,715,
662,76344731710600,76344732089300,76344732278100,715,
663,76344746710600,76344747227800,76344747425600,715,
664,76344761710600,76344761838200,76344762020000,715,
665,76344776710600,76344777616800,76344777823100,715,
666,76344791710600,76344792140000,76344792272900,715,
667,76344806710600,76344807088200,76344807303700,715,
668,76344821710600,76344822217400,76344822372000,715,
669,76344836710600,76344837272800,76344837457100,715,
670,76344851710600,76344852088100,76344852293200,715,
671,76344866710600,76344866990000,76344867072200,715,
672,76344881710600,76344882096600,76344882286000,715,
673,76344896710600,76344896814200,76344896972900,715,
674,76344911710600,76344911793700,76344911968400,715,
675,76344926710600,76344926996900,76344927142200,715,
676,76344941710600,76344942012000,76344942208700,715,
677,76344956710600,76344957039000,76344957235300,715,
678,76344971710600,76344972109700,76344972308500,715,
679,76344986710600,76344988123800,76344988331300,715,
680,76345001710600,76345002789100,76345002993600,715,
681,76345016710600,76345017022900,76345017191800,715,
682,76345031710600,76345032019800,76345032219300,715,
683,76345046710600,76345047097900,76345047206900,715,
684,76345061710600,76345062179100,76345062358100,715,
685,76345076710600,76345077823500,76345078027000,715,
686,76345091710600,76345092220600,76345092488400,715,
687,76345106710600,76345107183400,76345107376900,715,
688,76345121710600,76345122244800,76345122442500,715,
689,76345136710600,76345137778900,76345137983300,715,
690,76345151710600,76345152298600,76345152483100,715,
691,76345166710600,76345167163900,76345167384700,715,
692,76345181710600,76345182316000,76345182451000,715,
693,76345196710600,76345197887500,76345198092400,715,
694,76345211710600,76345212174100,76345212377100,715,
695,76345226710600,76345227205000,76345227305800,715,
696,76345241710600,76345242244000,76345242433600,715,
697,76345256710600,76345257302300,76345257451400,715,
698,76345271710600,76345272510800,76345272716200,715,
699,76345286710600,76345287437000,76345287642700,715,
700,76345301710600,76345302168800,76345302265500,715,
701,76345316710600,76345317194700,76345317382600,715,
702,76345331710600,76345332390100,76345332593800,715,
703,76345346710600,76345347749500,76345347955400,715,
704,76345361710600,76345361780500,76345361863500,715,
705,76345376710600,76345376822200,76345376992300,715,
706,76345391710600,76345392220300,76345392410800,715,
707,76345406710600,76345407098000,76345407301600,715,
708,76345421710600,76345422053100,76345422176200,715,
709,76345436710600,76345436935000,76345437062600,715,
710,76345451710600,76345452091800,76345452290800,715,
711,76345466710600,76345467178500,76345467383200,715,
712,76345481710600,76345482142300,76345482349500,715,
713,76345496710600,76345498310600,76345498513900,715,
714,76345511710600,76345511893200,76345512034900,715,
715,76345526710600,76345526916000,76345527065200,715,
716,76345541710600,76345542566000,76345542765700,715,
717,76345556710600,76345557505500,76345557711800,715,
718,76345571710600,76345572776300,76345572984200,715,
719,76345586710600,76345586889400,76345587019200,715,
720,76345601710600,76345601838200,76345602026200,715,
721,76345616710600,76345617294400,76345617517800,715,
722,76345631710600,76345632181400,76345632327800,715,
723,76345646710600,76345647147900,76345647354600,715,
724,76345661710600,76345661982600,76345662113000,715,
725,76345676710600,76345677054500,76345677206400,715,
726,76345691710600,76345692214700,76345692420000,715,
727,76345706710600,76345707156000,76345707364900,715,
728,76345721710600,76345721761500,76345721856500,715,
729,76345736710600,76345736986500,76345737107800,715,
730,76345751710600,76345751795200,76345751874200,715,
731,76345766710600,76345766817200,76345766990600,715,
732,76345781710600,76345782038200,76345782158400,715,
733,76345796710600,76345797006700,76345797138100,715,
734,76345811710600,76345811914000,76345812102600,715,
735,76345826710600,76345826888500,76345827084200,715,
736,76345841710600,76345842245500,76345842374500,715,
737,76345856710600,76345857201000,76345857378300,715,
738,76345871710600,76345872132900,76345872256500,715,
739,76345886710600,76345887149800,76345887277200,715,
740,76345901710600,76345902001200,76345902129900,715,
741,76345916710600,76345916864200,76345917036000,715,
742,76345931710600,76345931947100,76345932099000,715,
743,76345946710600,76345947195100,76345947379900,715,
744,76345961710600,76345961999800,76345962191600,715,
745,76345976710600,76345976781000,76345976900700,715,
746,76345991710600,76345991976000,76345992092500,715,
747,76346006710600,76346007108500,76346007225200,715,
748,76346021710600,76346022216800,76346022335200,715,
749,76346036710600,76346036949200,76346037076000,715,
750,76346051710600,76346051875700,76346051991200,715,
751,76346066710600,76346066812700,76346066929900,715,
752,76346081710600,76346082211500,76346082326800,715,
753,76346096710600,76346097124300,76346097258700,715,
754,76346111710600,76346112200100,76346112417500,715,
755,76346126710600,76346126873700,76346126999800,715,
756,76346141710600,76346142152400,76346142317100,715,
757,76346156710600,76346156895800,76346157010200,715,
758,76346171710600,76346172010000,76346172178600,715,
759,76346186710600,76346187335900,76346187488400,715,
760,76346201710600,76346202360100,76346202567600,715,
761,76346216710600,76346216831700,76346216963900,715,
762,76346231710600,76346232057000,76346232241400,715,
763,76346246710600,76346247321100,76346247545900,715,
764,76346261710600,76346262142000,76346262328400,715,
765,76346276710600,76346277143800,76346277277900,715,
766,76346291710600,76346291827400,76346292004700,715,
767,76346306710600,76346307199900,76346307304700,715,
768,76346321710600,76346322092700,76346322246100,715,
769,76346336710600,76346337108400,76346337317100,715,
770,76346351710600,76346352197500,76346352403300,715,
771,76346366710600,76346366988900,76346367082100,715,
772,76346381710600,76346381928400,76346382092700,715,
773,76346396710600,76346397292600,76346397493800,715,
774,76346411710600,76346412190700,76346412398800,715,
775,76346426710600,76346426763000,76346426885100,715,
776,76346441710600,76346442051100,76346442185100,715,
777,76346456710600,76346457058000,76346457210400,715,
778,76346471710600,76346472180200,76346472367700,715,
779,76346486710600,76346487442500,76346487647800,715,
780,76346501710600,76346503212000,76346503404200,715,
781,76346516710600,76346517298900,76346517449800,715,
782,76346531710600,76346532123100,76346532369800,715,
783,76346546710600,76346547227100,76346547416700,715,
784,76346561710600,76346562100600,76346562303500,715,
785,76346576710600,76346577107200,76346577189100,715,
786,76346591710600,76346591939400,76346592041700,715,
787,76346606710600,76346607179500,76346607331900,715,
788,76346621710600,76346621816000,76346621981100,715,
789,76346636710600,76346636885000,76346637064400,715,
790,76346651710600,76346652017800,76346652200800,715,
791,76346666710600,76346666830900,76346666925100,715,
792,76346681710600,76346682083800,76346682236200,715,
793,76346696710600,76346696945100,76346697084200,715,
794,76346711710600,76346712118400,76346712266100,715,
795,76346726710600,76346727053900,76346727174400,715,
796,76346741710600,76346742262000,76346742448200,715,
797,76346756710600,76346757085500,76346757296300,715,
798,76346771710600,76346772169600,76346772373900,715,
799,76346786710600,76346787230800,76346787434200,715,
800,76346801710600,76346802487600,76346802692700,715,
801,76346816710600,76346816902800,76346817100000,715,
802,76346831710600,76346831978600,76346832122100,715,
803,76346846710600,76346847283100,76346847456900,715,
804,76346861710600,76346861803200,76346861943000,715,
805,76346876710600,76346876923200,76346877045400,715,
806,76346891710600,76346891807500,76346891926300,715,
807,76346906710600,76346906909500,76346907094300,715,
808,76346921710600,76346921759600,76346921875400,715,
809,76346936710600,76346937214300,76346937350700,715,
810,76346951710600,76346952275700,76346952483700,715,
811,76346966710600,76346967092000,76346967177100,715,
812,76346981710600,76346982234200,76346982431900,715,
813,76346996710600,76346997199400,76346997404600,715,
814,76347011710600,76347012100400,76347012258300,715,
815,76347026710600,76347026828200,76347026949900,715,
816,76347041710600,76347041784100,76347041967200,715,
817,76347056710600,76347057119200,76347057321700,715,
818,76347071710600,76347072400200,76347072604200,715,
819,76347086710600,76347087453600,76347087656200,715,
820,76347101710600,76347102129100,76347102255000,715,
821,76347116710600,76347116830600,76347116982900,715,
822,76347131710600,76347132672800,76347132864900,715,
823,76347146710600,76347147169000,76347147308700,715,
824,76347161710600,76347162102500,76347162216000,715,
825,76347176710600,76347177205500,76347177330900,715,
826,76347191710600,76347191986000,76347192119500,715,
827,76347206710600,76347206974100,76347207157600,715,
828,76347221710600,76347222012200,76347222129500,715,
829,76347236710600,76347237116400,76347237214400,715,
830,76347251710600,76347252218400,76347252389300,715,
831,76347266710600,76347267174400,76347267375200,715,
832,76347281710600,76347282700300,76347282881900,715,
833,76347296710600,76347297392400,76347297595400,715,
834,76347311710600,76347311948700,76347312074100,715,
835,76347326710600,76347326826900,76347326966500,715,
836,76347341710600,76347342070300,76347342269300,715,
837,76347356710600,76347357696300,76347357900300,715,
838,76347371710600,76347372921500,76347373127600,715,
839,76347386710600,76347387232000,76347387359800,715,
840,76347401710600,76347402056800,76347402223100,715,
841,76347416710600,76347416941600,76347417068800,715,
842,76347431710600,76347431809200,76347431966900,715,
843,76347446710600,76347446795500,76347446911600,715,
844,76347461710600,76347462000500,76347462119700,715,
845,76347476710600,76347476981500,76347477205100,715,
846,76347491710600,76347491931900,76347492055100,715,
847,76347506710600,76347507162900,76347507292800,715,
848,76347521710600,76347521934400,76347522021800,715,
849,76347536710600,76347537006700,76347537125500,715,
850,76347551710600,76347551814400,76347551902900,715,
851,76347566710600,76347567116500,76347567221900,715,
852,76347581710600,76347582186500,76347582299000,715,
853,76347596710600,76347597170300,76347597287000,715,
854,76347611710600,76347612074400,76347612196700,715,
855,76347626710600,76347626976300,76347627106200,715,
856,76347641710600,76347642123500,76347642269000,715,
857,76347656710600,76347656995600,76347657146700,715,
858,76347671710600,76347671980500,76347672168400,715,
859,76347686710600,76347686845100,76347687034200,715,
860,76347701710600,76347702153500,76347702313600,715,
861,76347716710600,76347717366600,76347717570200,715,
862,76347731710600,76347732313700,76347732519900,715,
863,76347746710600,76347746832200,76347746947200,715,
864,76347761710600,76347761913100,76347762019800,715,
865,76347776710600,76347777216900,76347777414500,715,
866,76347791710600,76347792034200,76347792185300,715,
867,76347806710600,76347806876300,76347807005100,715,
868,76347821710600,76347821788300,76347821886900,715,
869,76347836710600,76347836981700,76347837137100,715,
870,76347851710600,76347851820200,76347851984100,715,
871,76347866710600,76347867215900,76347867422400,715,
872,76347881710600,76347882021300,76347882107300,715,
873,76347896710600,76347897044300,76347897125000,715,
874,76347911710600,76347911956700,76347912086500,715,
875,76347926710600,76347927066600,76347927228000,715,
876,76347941710600,76347941884500,76347942055300,715,
877,76347956710600,76347957254400,76347957458200,715,
878,76347971710600,76347972100800,76347972284800,715,
879,76347986710600,76347987045500,76347987234300,715,
880,76348001710600,76348001905900,76348002065400,715,
881,76348016710600,76348017108000,76348017284500,715,
882,76348031710600,76348031804600,76348031921600,715,
883,76348046710600,76348047219900,76348047430200,715,
884,76348061710600,76348062504000,76348062699000,715,
885,76348076710600,76348077077700,76348077268500,715,
886,76348091710600,76348092178900,76348092373000,715,
887,76348106710600,76348106865700,76348106987200,715,
888,76348121710600,76348121997800,76348122233800,715,
889,76348136710600,76348137282200,76348137481800,715,
890,76348151710600,76348152509200,76348152713400,715,
891,76348166710600,76348167319700,76348167522200,715,
892,76348181710600,76348182508200,76348182617400,715,
893,76348196710600,76348196833600,76348197062900,715,
894,76348211710600,76348211878900,76348212035100,715,
895,76348226710600,76348227023200,76348227176000,715,
896,76348241710600,76348242115200,76348242220200,715,
897,76348256710600,76348257152600,76348257291100,715,
898,76348271710600,76348272372000,76348272595000,715,
899,76348286710600,76348287153300,76348287357200,715,
900,76348301710600,76348302533000,76348302737100,715,
901,76348316710600,76348317224900,76348317348600,715,
902,76348331710600,76348332178300,76348332295600,715,
903,76348346710600,76348346940800,76348347132200,715,
904,76348361710600,76348362151900,76348362302800,715,
905,76348376710600,76348377966200,76348378171900,715,
906,76348391710600,76348392228500,76348392377600,715,
907,76348406710600,76348406960800,76348407180800,715,
908,76348421710600,76348421978700,76348422173000,715,
909,76348436710600,76348436824200,76348437019700,715,
910,76348451710600,76348452011300,76348452193400,715,
911,76348466710600,76348466783000,76348466925300,715,
912,76348481710600,76348481856900,76348482043800,715,
913,76348496710600,76348497027500,76348497146300,715,
914,76348511710600,76348511994000,76348512113100,715,
915,76348526710600,76348527059200,76348527181700,715,
916,76348541710600,76348542102300,76348542218800,715,
917,76348556710600,76348556852300,76348557002500,715,
918,76348571710600,76348572002900,76348572128400,715,
919,76348586710600,76348587121900,76348587209500,715,
920,76348601710600,76348602058800,76348602224400,715,
921,76348616710600,76348617184000,76348617316000,715,
922,76348631710600,76348632357400,76348632572500,715,
923,76348646710600,76348647048600,76348647189300,715,
924,76348661710600,76348662086900,76348662293200,715,
925,76348676710600,76348676811500,76348676998900,715,
926,76348691710600,76348692170100,76348692294200,715,
927,76348706710600,76348707333200,76348707521800,715,
928,76348721710600,76348722094900,76348722298500,715,
929,76348736710600,76348737533700,76348737737000,715,
930,76348751710600,76348752440500,76348752645600,715,
931,76348766710600,76348766832300,76348767061600,715,
932,76348781710600,76348782199500,76348782389500,715,
933,76348796710600,76348797429800,76348797634900,715,
934,76348811710600,76348812286900,76348812463600,715,
935,76348826710600,76348827082100,76348827194200,715,
936,76348841710600,76348841906700,76348842037000,715,
937,76348856710600,76348857222800,76348857413000,715,
938,76348871710600,76348872310700,76348872516300,715,
939,76348886710600,76348887140100,76348887315400,715,
940,76348901710600,76348901803600,76348901976300,715,
941,76348916710600,76348916860300,76348917085100,715,
942,76348931710600,76348932166900,76348932369800,715,
943,76348946710600,76348947354500,76348947559400,715,
944,76348961710600,76348962687400,76348962891500,715,
945,76348976710600,76348977134500,76348977314200,715,
946,76348991710600,76348992128800,76348992268100,715,
947,76349006710600,76349007036800,76349007211400,715,
948,76349021710600,76349022213700,76349022387400,715,
949,76349036710600,76349036901200,76349037023300,715,
950,76349051710600,76349051908800,76349052033500,715,
951,76349066710600,76349067075800,76349067267500,715,
952,76349081710600,76349082286500,76349082492100,715,
953,76349096710600,76349097058800,76349097184900,715,
954,76349111710600,76349112039700,76349112129200,715,
955,76349126710600,76349127132800,76349127214200,715,
956,76349141710600,76349142101400,76349142253700,715,
957,76349156710600,76349157771100,76349157978400,715,
958,76349171710600,76349173083600,76349173290700,715,
959,76349186710600,76349187183700,76349187367100,715,
960,76349201710600,76349202284000,76349202553400,715,
961,76349216710600,76349216997200,76349217183400,715,
962,76349231710600,76349232314600,76349232495200,715,
963,76349246710600,76349247298500,76349247499700,715,
964,76349261710600,76349262148500,76349262279700,715,
965,76349276710600,76349277069900,76349277252000,715,
966,76349291710600,76349292518100,76349292735600,715,
967,76349306710600,76349307134800,76349307338300,715,
968,76349321710600,76349322358500,76349322562000,715,
969,76349336710600,76349337242000,76349337370000,715,
970,76349351710600,76349352066100,76349352282600,715,
971,76349366710600,76349367765000,76349367966000,715,
972,76349381710600,76349382180700,76349382387200,715,
973,76349396710600,76349397414100,76349397620200,715,
974,76349411710600,76349411902900,76349412026600,715,
975,76349426710600,76349426830500,76349427029700,715,
976,76349441710600,76349442763200,76349442964000,715,
977,76349456710600,76349457292500,76349457501100,715,
978,76349471710600,76349472929000,76349473135100,715,
979,76349486710600,76349486826500,76349487028700,715,
980,76349501710600,76349502574900,76349502807400,715,
981,76349516710600,76349516885800,76349517088200,715,
982,76349531710600,76349532374900,76349532576300,715,
983,76349546710600,76349547062100,76349547189100,715,
984,76349561710600,76349562046100,76349562337300,715,
985,76349576710600,76349576914100,76349577110000,715,
986,76349591710600,76349592096000,76349592301300,715,
987,76349606710600,76349607188800,76349607314000,715,
988,76349621710600,76349621823700,76349621940500,715,
989,76349636710600,76349637164800,76349637409300,715,
990,76349651710600,76349652169900,76349652267800,715,
991,76349666710600,76349666852800,76349666984500,715,
992,76349681710600,76349682130300,76349682308400,715,
993,76349696710600,76349697155700,76349697279800,715,
994,76349711710600,76349712176500,76349712372600,715,
995,76349726710600,76349727790300,76349727992800,715,
996,76349741710600,76349741942500,76349742119400,715,
997,76349756710600,76349757103800,76349757265300,715,
998,76349771710600,76349772055300,76349772177500,715,
999,76349786710600,76349786811700,76349787001700,715,
1000,76349801710600,76349801848000,76349802016500,715,
1001,76349816710600,76349817514100,76349817719400,715,
1002,76349831710600,76349832309300,76349832514500,715,
1003,76349846710600,76349846907600,76349847049700,715,
1004,76349861710600,76349862024600,76349862219700,715,
1005,76349876710600,76349877829600,76349878035900,715,
1006,76349891710600,76349891800500,76349891991600,715,
1007,76349906710600,76349907552200,76349907760500,715,
1008,76349921710600,76349922037700,76349922227200,715,
1009,76349936710600,76349937095800,76349937295400,715,
1010,76349951710600,76349952315900,76349952522100,715,
1011,76349966710600,76349967185500,76349967389500,715,
1012,76349981710600,76349981975800,76349982176100,715,
1013,76349996710600,76349996890500,76349997081400,715,
1014,76350011710600,76350012078200,76350012280200,715,
1015,76350026710600,76350027326500,76350027535300,715,
1016,76350041710600,76350042254000,76350042447600,715,
1017,76350056710600,76350057205500,76350057325700,715,
1018,76350071710600,76350072131700,76350072328700,715,
1019,76350086710600,76350087260200,76350087560200,715,
1020,76350101710600,76350102329300,76350102531800,715,
1021,76350116710600,76350117170100,76350117321000,715,
1022,76350131710600,76350131846200,76350131971400,715,
1023,76350146710600,76350147137100,76350147362900,715,
1024,76350161710600,76350162249900,76350162461200,715,
1025,76350176710600,76350177925600,76350178133800,715,
1026,76350191710600,76350192470500,76350192681300,715,
1027,76350206710600,76350207384700,76350207515800,715,
1028,76350221710600,76350222158400,76350222356300,715,
1029,76350236710600,76350237471900,76350237677300,715,
1030,76350251710600,76350252478900,76350252685700,715,
1031,76350266710600,76350267258000,76350267436300,715,
1032,76350281710600,76350282019600,76350282313700,715,
1033,76350296710600,76350296963500,76350297116500,715,
1034,76350311710600,76350312478000,76350312684600,715,
1035,76350326710600,76350327484600,76350327683500,715,
1036,76350341710600,76350342329100,76350342588100,715,
1037,76350356710600,76350356905500,76350357093800,715,
1038,76350371710600,76350372172100,76350372373000,715,
1039,76350386710600,76350387093000,76350387296800,715,
1040,76350401710600,76350402443700,76350402650700,715,
1041,76350416710600,76350416932500,76350417103300,715,
1042,76350431710600,76350432103600,76350432304800,715,
1043,76350446710600,76350447372500,76350447563000,715,
1044,76350461710600,76350462519600,76350462723300,715,
1045,76350476710600,76350477358700,76350477564100,715,
1046,76350491710600,76350491982400,76350492168700,715,
1047,76350506710600,76350507022000,76350507241900,715,
1048,76350521710600,76350522188800,76350522386600,715,
1049,76350536710600,76350536798300,76350536975900,715,
1050,76350551710600,76350552235000,76350552408400,715,
1051,76350566710600,76350566910100,76350567032400,715,
1052,76350581710600,76350582171900,76350582362000,715,
1053,76350596710600,76350597300200,76350597482200,715,
1054,76350611710600,76350613161700,76350613339200,715,
1055,76350626710600,76350627015500,76350627200400,715,
1056,76350641710600,76350641978700,76350642174400,715,
1057,76350656710600,76350656940500,76350657124600,715,
1058,76350671710600,76350672185100,76350672388600,715,
1059,76350686710600,76350686768900,76350686891000,715,
1060,76350701710600,76350702179200,76350702297700,715,
1061,76350716710600,76350717224600,76350717370100,715,
1062,76350731710600,76350732324800,76350732521700,715,
1063,76350746710600,76350747343400,76350747551100,715,
1064,76350761710600,76350762318800,76350762521900,715,
1065,76350776710600,76350777738000,76350777946700,715,
1066,76350791710600,76350791996400,76350792190100,715,
1067,76350806710600,76350806802800,76350806959300,715,
1068,76350821710600,76350821811900,76350821993200,715,
1069,76350836710600,76350837272800,76350837478000,715,
1070,76350851710600,76350852258900,76350852452200,715,
1071,76350866710600,76350866795800,76350867020700,715,
1072,76350881710600,76350882537700,76350882732700,715,
1073,76350896710600,76350897108900,76350897287400,715,
1074,76350911710600,76350911955000,76350912135400,715,
1075,76350926710600,76350927241000,76350927432400,715,
1076,76350941710600,76350942054700,76350942249900,715,
1077,76350956710600,76350957572900,76350957769000,715,
1078,76350971710600,76350972043400,76350972217700,715,
1079,76350986710600,76350986948500,76350987077800,715,
1080,76351001710600,76351002338700,76351002475300,715,
1081,76351016710600,76351017108000,76351017291100,715,
1082,76351031710600,76351032058000,76351032221200,715,
1083,76351046710600,76351047151000,76351047274100,715,
1084,76351061710600,76351062147600,76351062271000,715,
1085,76351076710600,76351077034800,76351077142800,715,
1086,76351091710600,76351091955100,76351092172300,715,
1087,76351106710600,76351107203400,76351107413200,715,
1088,76351121710600,76351122225900,76351122431300,715,
1089,76351136710600,76351136819800,76351137003400,715,
1090,76351151710600,76351152263000,76351152491200,715,
1091,76351166710600,76351167143500,76351167344100,715,
1092,76351181710600,76351182366200,76351182573400,715,
1093,76351196710600,76351197538000,76351197740800,715,
1094,76351211710600,76351212153700,76351212279500,715,
1095,76351226710600,76351227026900,76351227188900,715,
1096,76351241710600,76351242118500,76351242327700,715,
1097,76351256710600,76351257528200,76351257729100,715,
1098,76351271710600,76351271886300,76351272008400,715,
1099,76351286710600,76351286947400,76351287066700,715,
1100,76351301710600,76351302222800,76351302356900,715,
1101,76351316710600,76351317092800,76351317271700,715,
1102,76351331710600,76351331819900,76351332083000,715,
1103,76351346710600,76351347068500,76351347248800,715,
1104,76351361710600,76351361809600,76351362048200,715,
1105,76351376710600,76351377317600,76351377524300,715,
1106,76351391710600,76351392093000,76351392294800,715,
1107,76351406710600,76351407649900,76351407856100,715,
1108,76351421710600,76351422061000,76351422235900,715,
1109,76351436710600,76351436884300,76351437087300,715,
1110,76351451710600,76351452322900,76351452499600,715,
1111,76351466710600,76351466816900,76351466991200,715,
1112,76351481710600,76351482242700,76351482423200,715,
1113,76351496710600,76351497957000,76351498131800,715,
1114,76351511710600,76351512271900,76351512516700,715,
1115,76351526710600,76351527604700,76351527834100,715,
1116,76351541710600,76351542130500,76351542335800,715,
1117,76351556710600,76351557065400,76351557186800,715,
1118,76351571710600,76351572030900,76351572158300,715,
1119,76351586710600,76351587047300,76351587277500,715,
1120,76351601710600,76351602330500,76351602533400,715,
1121,76351616710600,76351617063700,76351617233300,715,
1122,76351631710600,76351632148900,76351632275800,715,
1123,76351646710600,76351647196500,76351647324100,715,
1124,76351661710600,76351662553600,76351662707500,715,
1125,76351676710600,76351677419000,76351677623200,715,
1126,76351691710600,76351692128900,76351692330500,715,
1127,76351706710600,76351707241000,76351707422300,715,
1128,76351721710600,76351721869200,76351722155000,715,
1129,76351736710600,76351736821500,76351737015700,715,
1130,76351751710600,76351752515300,76351752719700,715,
1131,76351766710600,76351767249500,76351767454800,715,
1132,76351781710600,76351782865900,76351783071900,715,
1133,76351796710600,76351797146500,76351797274700,715,
1134,76351811710600,76351812059100,76351812251800,715,
1135,76351826710600,76351827338300,76351827541200,715,
1136,76351841710600,76351842014300,76351842218100,715,
1137,76351856710600,76351857022300,76351857205900,715,
1138,76351871710600,76351871918500,76351872040000,715,
1139,76351886710600,76351887248200,76351887407900,715,
1140,76351901710600,76351902233900,76351902316400,715,
1141,76351916710600,76351916933700,76351917028300,715,
1142,76351931710600,76351931855700,76351931972500,715,
1143,76351946710600,76351947057600,76351947162700,715,
1144,76351961710600,76351962149200,76351962208500,715,
1145,76351976710600,76351977114500,76351977178900,715,
1146,76351991710600,76351991818200,76351991893600,715,
1147,76352006710600,76352006750800,76352006826200,715,
1148,76352021710600,76352022197200,76352022350300,715,
1149,76352036710600,76352036979100,76352037079000,715,
1150,76352051710600,76352051790800,76352051953200,715,
1151,76352066710600,76352067034800,76352067217100,715,
1152,76352081710600,76352081944700,76352082066500,715,
1153,76352096710600,76352096985200,76352097164300,715,
1154,76352111710600,76352111958600,76352112108800,715,
1155,76352126710600,76352126973900,76352127089400,715,
1156,76352141710600,76352142032900,76352142140900,715,
1157,76352156710600,76352156835100,76352157039500,715,
1158,76352171710600,76352171830200,76352172118200,715,
1159,76352186710600,76352187782200,76352187988600,715,
1160,76352201710600,76352202488400,76352202691300,715,
1161,76352216710600,76352217126900,76352217251300,715,
1162,76352231710600,76352232012200,76352232204900,715,
1163,76352246710600,76352247128900,76352247315200,715,
1164,76352261710600,76352263091200,76352263298100,715,
1165,76352276710600,76352276968800,76352277127200,715,
1166,76352291710600,76352292182800,76352292307100,715,
1167,76352306710600,76352307092900,76352307278500,715,
1168,76352321710600,76352322129900,76352322316400,715,
1169,76352336710600,76352337593900,76352337801000,715,
1170,76352351710600,76352352301600,76352352507800,715,
1171,76352366710600,76352367061700,76352367185800,715,
1172,76352381710600,76352382563900,76352382756500,715,
1173,76352396710600,76352397553500,76352397756400,715,
1174,76352411710600,76352412194700,76352412343600,715,
1175,76352426710600,76352427234000,76352427404100,715,
1176,76352441710600,76352442120500,76352442250500,715,
1177,76352456710600,76352457295300,76352457519400,715,
1178,76352471710600,76352472096700,76352472300400,715,
1179,76352486710600,76352487009600,76352487189500,715,
1180,76352501710600,76352501945100,76352502141700,715,
1181,76352516710600,76352516869600,76352516984700,715,
1182,76352531710600,76352531834100,76352532032000,715,
1183,76352546710600,76352546886600,76352547085500,715,
1184,76352561710600,76352563123200,76352563277400,715,
1185,76352576710600,76352576866200,76352577048700,715,
1186,76352591710600,76352592025400,76352592152000,715,
1187,76352606710600,76352606786300,76352606985400,715,
1188,76352621710600,76352622498600,76352622682600,715,
1189,76352636710600,76352636832600,76352636953700,715,
1190,76352651710600,76352652546100,76352652694200,715,
1191,76352666710600,76352667175300,76352667306700,715,
1192,76352681710600,76352682645100,76352682785900,715,
1193,76352696710600,76352697161600,76352697339500,715,
1194,76352711710600,76352712036300,76352712261500,715,
1195,76352726710600,76352727259700,76352727393200,715,
1196,76352741710600,76352742114200,76352742313000,715,
1197,76352756710600,76352757411900,76352757618200,715,
1198,76352771710600,76352773019200,76352773212400,715,
1199,76352786710600,76352787836000,76352788041500,715,
1200,76352801710600,76352802220500,76352802344300,715,
1201,76352816710600,76352817040300,76352817230300,715,
1202,76352831710600,76352832575000,76352832778800,715,
1203,76352846710600,76352846788300,76352846971900,715,
1204,76352861710600,76352862186400,76352862366000,715,
1205,76352876710600,76352876939400,76352877075400,715,
1206,76352891710600,76352892054400,76352892251300,715,
1207,76352906710600,76352907184300,76352907387900,715,
1208,76352921710600,76352922197000,76352922393800,715,
1209,76352936710600,76352937295800,76352937503000,715,
1210,76352951710600,76352951817700,76352951997000,715,
1211,76352966710600,76352967025400,76352967222600,715,
1212,76352981710600,76352982176300,76352982349400,715,
1213,76352996710600,76352997264700,76352997459800,715,
1214,76353011710600,76353012113000,76353012297700,715,
1215,76353026710600,76353026933000,76353027128500,715,
1216,76353041710600,76353041888700,76353042059100,715,
1217,76353056710600,76353057637600,76353057841300,715,
1218,76353071710600,76353072283200,76353072458500,715,
1219,76353086710600,76353087103500,76353087253300,715,
1220,76353101710600,76353102122800,76353102317500,715,
1221,76353116710600,76353116952300,76353117408300,715,
1222,76353131710600,76353131957600,76353132095800,715,
1223,76353146710600,76353147062000,76353147250600,715,
1224,76353161710600,76353162329800,76353162532100,715,
1225,76353176710600,76353176916600,76353177119600,715,
1226,76353191710600,76353192555500,76353192756100,715,
1227,76353206710600,76353207345500,76353207550600,715,
1228,76353221710600,76353222507400,76353222657900,715,
1229,76353236710600,76353236832100,76353236964900,715,
1230,76353251710600,76353252123700,76353252242400,715,
1231,76353266710600,76353267571100,76353267780400,715,
1232,76353281710600,76353282453500,76353282659600,715,
1233,76353296710600,76353297366200,76353297572800,715,
1234,76353311710600,76353312096700,76353312191900,715,
1235,76353326710600,76353327045100,76353327238100,715,
1236,76353341710600,76353342258700,76353342380600,715,
1237,76353356710600,76353356818400,76353356945100,715,
1238,76353371710600,76353371769900,76353371893400,715,
1239,76353386710600,76353386994800,76353387182500,715,
1240,76353401710600,76353402413300,76353402613900,715,
1241,76353416710600,76353417350100,76353417556500,715,
1242,76353431710600,76353432459200,76353432663500,715,
1243,76353446710600,76353446957300,76353447145700,715,
1244,76353461710600,76353461842100,76353462014300,715,
1245,76353476710600,76353477035000,76353477188500,715,
1246,76353491710600,76353491787500,76353491956600,715,
1247,76353506710600,76353506837200,76353507023100,715,
1248,76353521710600,76353522174500,76353522364700,715,
1249,76353536710600,76353537491000,76353537641700,715,
1250,76353551710600,76353551768500,76353551943000,715,
1251,76353566710600,76353567287400,76353567459600,715,
1252,76353581710600,76353582397700,76353582607900,715,
1253,76353596710600,76353597041100,76353597162700,715,
1254,76353611710600,76353612019300,76353612222300,715,
1255,76353626710600,76353627124900,76353627330200,715,
1256,76353641710600,76353642650900,76353642854000,715,
1257,76353656710600,76353657583700,76353657789500,715,
1258,76353671710600,76353671852600,76353671972600,715,
1259,76353686710600,76353686774800,76353686899000,715,
1260,76353701710600,76353701793400,76353701945600,715,
1261,76353716710600,76353717023900,76353717107200,715,
1262,76353731710600,76353731999500,76353732129100,715,
1263,76353746710600,76353747110900,76353747306300,715,
1264,76353761710600,76353761957900,76353762100500,715,
1265,76353776710600,76353777008000,76353777169100,715,
1266,76353791710600,76353792270800,76353792467300,715,
1267,76353806710600,76353806778700,76353806910100,715,
1268,76353821710600,76353822390400,76353822503500,715,
1269,76353836710600,76353836974400,76353837063500,715,
1270,76353851710600,76353851997200,76353852104800,715,
1271,76353866710600,76353866959400,76353867105400,715,
1272,76353881710600,76353882562600,76353882713300,715,
1273,76353896710600,76353897092800,76353897291100,715,
1274,76353911710600,76353912282700,76353912487900,715,
1275,76353926710600,76353926819600,76353926997800,715,
1276,76353941710600,76353942088500,76353942296100,715,
1277,76353956710600,76353957133200,76353957333100,715,
1278,76353971710600,76353972157300,76353972269600,715,
1279,76353986710600,76353986790200,76353986932200,715,
1280,76354001710600,76354001765400,76354001939300,715,
1281,76354016710600,76354016909600,76354017073200,715,
1282,76354031710600,76354032008800,76354032131300,715,
1283,76354046710600,76354047081000,76354047306200,715,
1284,76354061710600,76354061915900,76354062091400,715,
1285,76354076710600,76354077754600,76354077959400,715,
1286,76354091710600,76354091921700,76354092045700,715,
1287,76354106710600,76354106801100,76354106926800,715,
1288,76354121710600,76354122102800,76354122302300,715,
1289,76354136710600,76354137344500,76354137549800,715,
1290,76354151710600,76354152066200,76354152264000,715,
1291,76354166710600,76354167283300,76354167477200,715,
1292,76354181710600,76354181994600,76354182211200,715,
1293,76354196710600,76354196793900,76354196945100,715,
1294,76354211710600,76354211772000,76354211889400,715,
1295,76354226710600,76354227490300,76354227693100,715,
1296,76354241710600,76354241999100,76354242103200,715,
1297,76354256710600,76354256945800,76354257133500,715,
1298,76354271710600,76354272041000,76354272170700,715,
1299,76354286710600,76354287042800,76354287217800,715,
1300,76354301710600,76354301782400,76354301964900,715,
1301,76354316710600,76354316946900,76354317036100,715,
1302,76354331710600,76354332220900,76354332397500,715,
1303,76354346710600,76354347481100,76354347682800,715,
1304,76354361710600,76354362492500,76354362695100,715,
1305,76354376710600,76354376786200,76354376923000,715,
1306,76354391710600,76354392167700,76354392284700,715,
1307,76354406710600,76354407392400,76354407580000,715,
1308,76354421710600,76354421820300,76354421998700,715,
1309,76354436710600,76354436800500,76354436983100,715,
1310,76354451710600,76354451776800,76354451903100,715,
1311,76354466710600,76354466885900,76354467062900,715,
1312,76354481710600,76354481766600,76354481914200,715,
1313,76354496710600,76354496940600,76354497110300,715,
1314,76354511710600,76354512252800,76354512455800,715,
1315,76354526710600,76354526816000,76354526939700,715,
1316,76354541710600,76354542396900,76354542582100,715,
1317,76354556710600,76354557295900,76354557469200,715,
1318,76354571710600,76354572539900,76354572744300,715,
1319,76354586710600,76354587345900,76354587526600,715,
1320,76354601710600,76354601840800,76354601954900,715,
1321,76354616710600,76354616987000,76354617216700,715,
1322,76354631710600,76354631900400,76354632049300,715,
1323,76354646710600,76354647291400,76354647495100,715,
1324,76354661710600,76354662084600,76354662256200,715,
1325,76354676710600,76354677073300,76354677260900,715,
1326,76354691710600,76354691822300,76354691904700,715,
1327,76354706710600,76354707195300,76354707278200,715,
1328,76354721710600,76354722168900,76354722344600,715,
1329,76354736710600,76354737583900,76354737789600,715,
1330,76354751710600,76354752242200,76354752371100,715,
1331,76354766710600,76354767028800,76354767250900,715,
1332,76354781710600,76354781783000,76354781967500,715,
1333,76354796710600,76354796888600,76354797083400,715,
1334,76354811710600,76354811868200,76354812073800,715,
1335,76354826710600,76354827223100,76354827317000,715,
1336,76354841710600,76354842273600,76354842450700,715,
1337,76354856710600,76354857173800,76354857357100,715,
1338,76354871710600,76354872826700,76354873028900,715,
1339,76354886710600,76354887209700,76354887362100,715,
1340,76354901710600,76354902191600,76354902310100,715,
1341,76354916710600,76354917279100,76354917409400,715,
1342,76354931710600,76354931948700,76354932109400,715,
1343,76354946710600,76354947280300,76354947458100,715,
1344,76354961710600,76354962213500,76354962395000,715,
1345,76354976710600,76354977102700,76354977228500,715,
1346,76354991710600,76354991820700,76354991991400,715,
1347,76355006710600,76355006784700,76355006954700,715,
1348,76355021710600,76355022556200,76355022760800,715,
1349,76355036710600,76355036835200,76355037018000,715,
1350,76355051710600,76355051912700,76355052045000,715,
1351,76355066710600,76355067217600,76355067373600,715,
1352,76355081710600,76355082066300,76355082261500,715,
1353,76355096710600,76355097266800,76355097418900,715,
1354,76355111710600,76355112120000,76355112241400,715,
1355,76355126710600,76355127211600,76355127398200,715,
1356,76355141710600,76355142204800,76355142341700,715,
1357,76355156710600,76355156923000,76355157113100,715,
1358,76355171710600,76355171999500,76355172117800,715,
1359,76355186710600,76355187252100,76355187446100,715,
1360,76355201710600,76355202115800,76355202282200,715,
1361,76355216710600,76355218008200,76355218208400,715,
1362,76355231710600,76355232957700,76355233157000,715,
1363,76355246710600,76355246986100,76355247110800,715,
1364,76355261710600,76355262132400,76355262334500,715,
1365,76355276710600,76355277101500,76355277295400,715,
1366,76355291710600,76355291798200,76355291920300,715,
1367,76355306710600,76355307194200,76355307298900,715,
1368,76355321710600,76355321913100,76355322033300,715,
1369,76355336710600,76355336807400,76355336906100,715,
1370,76355351710600,76355352310100,76355352502300,715,
1371,76355366710600,76355366766400,76355366888400,715,
1372,76355381710600,76355382263900,76355382346400,715,
1373,76355396710600,76355397218100,76355397400200,715,
1374,76355411710600,76355411926500,76355412108800,715,
1375,76355426710600,76355426794100,76355426965400,715,
1376,76355441710600,76355442251200,76355442330900,715,
1377,76355456710600,76355457161300,76355457271100,715,
1378,76355471710600,76355471821600,76355471941500,715,
1379,76355486710600,76355486918900,76355487091300,715,
1380,76355501710600,76355502297600,76355502495100,715,
1381,76355516710600,76355517587400,76355517786200,715,
1382,76355531710600,76355532235600,76355532360400,715,
1383,76355546710600,76355547216800,76355547401200,715,
1384,76355561710600,76355562359400,76355562560200,715,
1385,76355576710600,76355577196800,76355577364600,715,
1386,76355591710600,76355591799400,76355591979200,715,
1387,76355606710600,76355607231900,76355607354600,715,
1388,76355621710600,76355622029800,76355622186100,715,
1389,76355636710600,76355637206900,76355637399000,715,
1390,76355651710600,76355651763300,76355651848800,715,
1391,76355666710600,76355666939300,76355667096700,715,
1392,76355681710600,76355682059000,76355682183800,715,
1393,76355696710600,76355697113500,76355697307700,715,
1394,76355711710600,76355712354800,76355712560800,715,
1395,76355726710600,76355726897200,76355727071900,715,
1396,76355741710600,76355742154600,76355742272800,715,
1397,76355756710600,76355756925500,76355757029400,715,
1398,76355771710600,76355772098500,76355772280300,715,
1399,76355786710600,76355787037800,76355787212700,715,
1400,76355801710600,76355801862500,76355801980100,715,
1401,76355816710600,76355816854100,76355816968000,715,
1402,76355831710600,76355832132800,76355832255900,715,
1403,76355846710600,76355847399300,76355847528400,715,
1404,76355861710600,76355862311300,76355862400300,715,
1405,76355876710600,76355877131900,76355877239700,715,
1406,76355891710600,76355892027400,76355892106100,715,
1407,76355906710600,76355906847600,76355906935600,715,
1408,76355921710600,76355921887900,76355922018300,715,
1409,76355936710600,76355936772300,76355936923500,715,
1410,76355951710600,76355952163700,76355952325900,715,
1411,76355966710600,76355966825600,76355966977100,715,
1412,76355981710600,76355981904100,76355982091900,715,
1413,76355996710600,76355996771700,76355996892100,715,
1414,76356011710600,76356011773100,76356011888900,715,
1415,76356026710600,76356026764600,76356026866200,715,
1416,76356041710600,76356042193400,76356042367500,715,
1417,76356056710600,76356058300700,76356058445900,715,
1418,76356071710600,76356072195600,76356072256900,715,
1419,76356086710600,76356087084000,76356087172600,715,
1420,76356101710600,76356102145400,76356102232700,715,
1421,76356116710600,76356116799200,76356116923200,715,
1422,76356131710600,76356132007900,76356132193700,715,
1423,76356146710600,76356147007600,76356147138200,715,
1424,76356161710600,76356162300700,76356162441700,715,
1425,76356176710600,76356177126800,76356177290200,715,
1426,76356191710600,76356192098500,76356192202400,715,
1427,76356206710600,76356207041500,76356207221900,715,
1428,76356221710600,76356221782900,76356221899700,715,
1429,76356236710600,76356236999800,76356237149500,715,
1430,76356251710600,76356252122100,76356252207300,715,
1431,76356266710600,76356267073200,76356267205000,715,
1432,76356281710600,76356282183500,76356282422900,715,
1433,76356296710600,76356297049800,76356297244500,715,
1434,76356311710600,76356311776300,76356311911500,715,
1435,76356326710600,76356327062300,76356327183200,715,
1436,76356341710600,76356342177500,76356342309000,715,
1437,76356356710600,76356356801600,76356356947400,715,
1438,76356371710600,76356371784000,76356371866300,715,
1439,76356386710600,76356386798400,76356386950300,715,
1440,76356401710600,76356402819500,76356403025000,715,
1441,76356416710600,76356417423000,76356417558700,715,
1442,76356431710600,76356432336400,76356432535400,715,
1443,76356446710600,76356446773200,76356446895700,715,
1444,76356461710600,76356462096200,76356462229800,715,
1445,76356476710600,76356477201500,76356477322500,715,
1446,76356491710600,76356492002300,76356492215900,715,
1447,76356506710600,76356507135200,76356507333200,715,
1448,76356521710600,76356522174700,76356522308600,715,
1449,76356536710600,76356537034500,76356537142900,715,
1450,76356551710600,76356551981000,76356552059700,715,
1451,76356566710600,76356567124700,76356567334800,715,
1452,76356581710600,76356582552900,76356582753800,715,
1453,76356596710600,76356597181600,76356597271700,715,
1454,76356611710600,76356612251600,76356612364800,715,
1455,76356626710600,76356627102000,76356627271400,715,
1456,76356641710600,76356642128600,76356642326100,715,
1457,76356656710600,76356657124500,76356657304300,715,
1458,76356671710600,76356672281900,76356672474100,715,
1459,76356686710600,76356687214800,76356687426100,715,
1460,76356701710600,76356701943500,76356702158600,715,
1461,76356716710600,76356716837700,76356717030100,715,
1462,76356731710600,76356731856500,76356731964500,715,
1463,76356746710600,76356747013400,76356747142300,715,
1464,76356761710600,76356762028500,76356762213800,715,
1465,76356776710600,76356777220400,76356777348300,715,
1466,76356791710600,76356792172200,76356792309300,715,
1467,76356806710600,76356807129200,76356807332800,715,
1468,76356821710600,76356822067900,76356822192200,715,
1469,76356836710600,76356837240200,76356837366700,715,
1470,76356851710600,76356851934300,76356852131300,715,
1471,76356866710600,76356867360400,76356867561400,715,
1472,76356881710600,76356882114100,76356882237600,715,
1473,76356896710600,76356896760600,76356896880900,715,
1474,76356911710600,76356911881100,76356911953800,715,
1475,76356926710600,76356927222500,76356927336300,715,
1476,76356941710600,76356942126500,76356942326600,715,
1477,76356956710600,76356956805300,76356956972600,715,
1478,76356971710600,76356972677200,76356972850700,715,
1479,76356986710600,76356986801400,76356986931900,715,
1480,76357001710600,76357001881000,76357002051500,715,
1481,76357016710600,76357017573900,76357017705600,715,
1482,76357031710600,76357032998100,76357033149100,715,
1483,76357046710600,76357047407500,76357047593500,715,
1484,76357061710600,76357061810400,76357062027300,715,
1485,76357076710600,76357077183600,76357077374600,715,
1486,76357091710600,76357092147500,76357092350400,715,
1487,76357106710600,76357107950500,76357108153100,715,
1488,76357121710600,76357121784700,76357121915600,715,
1489,76357136710600,76357136968600,76357137180100,715,
1490,76357151710600,76357152147600,76357152379600,715,
1491,76357166710600,76357166809400,76357166985900,715,
1492,76357181710600,76357182110000,76357182317400,715,
1493,76357196710600,76357197109500,76357197233300,715,
1494,76357211710600,76357212078800,76357212333100,715,
1495,76357226710600,76357227008900,76357227161400,715,
1496,76357241710600,76357241969400,76357242149900,715,
1497,76357256710600,76357256865100,76357257043100,715,
1498,76357271710600,76357272225600,76357272365400,715,
1499,76357286710600,76357286957400,76357287153600,715,
1500,76357301710600,76357302410500,76357302610500,715,
1501,76357316710600,76357317393300,76357317596400,715,
1502,76357331710600,76357332223400,76357332375500,715,
1503,76357346710600,76357347222200,76357347344600,715,
1504,76357361710600,76357362214900,76357362412300,715,
1505,76357376710600,76357377424100,76357377627200,715,
1506,76357391710600,76357392247900,76357392449300,715,
1507,76357406710600,76357406807800,76357406931400,715,
1508,76357421710600,76357421912300,76357422052200,715,
1509,76357436710600,76357437024700,76357437198700,715,
1510,76357451710600,76357452032900,76357452204200,715,
1511,76357466710600,76357467155600,76357467260900,715,
1512,76357481710600,76357482072400,76357482201200,715,
1513,76357496710600,76357496861900,76357496987500,715,
1514,76357511710600,76357511955200,76357512167500,715,
1515,76357526710600,76357526838300,76357526993500,715,
1516,76357541710600,76357541864900,76357542037600,715,
1517,76357556710600,76357556870200,76357557040000,715,
1518,76357571710600,76357571817700,76357571948600,715,
1519,76357586710600,76357586960800,76357587108600,715,
1520,76357601710600,76357601911200,76357602095400,715,
1521,76357616710600,76357616763500,76357616870000,715,
1522,76357631710600,76357632161900,76357632271200,715,
1523,76357646710600,76357646963000,76357647121900,715,
1524,76357661710600,76357662088800,76357662290100,715,
1525,76357676710600,76357677527100,76357677732700,715,
1526,76357691710600,76357691855800,76357692052000,715,
1527,76357706710600,76357707358800,76357707452100,715,
1528,76357721710600,76357722242100,76357722447800,715,
1529,76357736710600,76357737006400,76357737188500,715,
1530,76357751710600,76357752747600,76357752925000,715,
1531,76357766710600,76357767027900,76357767230100,715,
1532,76357781710600,76357782072800,76357782210700,715,
1533,76357796710600,76357797329600,76357797527800,715,
1534,76357811710600,76357811882200,76357812002300,715,
1535,76357826710600,76357827223500,76357827353300,715,
1536,76357841710600,76357841766000,76357841891500,715,
1537,76357856710600,76357857178700,76357857278600,715,
1538,76357871710600,76357872078300,76357872280900,715,
1539,76357886710600,76357887740900,76357887944900,715,
1540,76357901710600,76357901799600,76357901978500,715,
1541,76357916710600,76357916860600,76357917044900,715,
1542,76357931710600,76357932303500,76357932567700,715,
1543,76357946710600,76357947072000,76357947256600,715,
1544,76357961710600,76357962120400,76357962323300,715,
1545,76357976710600,76357978201300,76357978389400,715,
1546,76357991710600,76357992200900,76357992318900,715,
1547,76358006710600,76358006978400,76358007112000,715,
1548,76358021710600,76358022279600,76358022458400,715,
1549,76358036710600,76358037925600,76358038075500,715,
1550,76358051710600,76358051887100,76358052073900,715,
1551,76358066710600,76358067105500,76358067229200,715,
1552,76358081710600,76358081961700,76358082159500,715,
1553,76358096710600,76358096806400,76358096940200,715,
1554,76358111710600,76358112058200,76358112238300,715,
1555,76358126710600,76358127170600,76358127375000,715,
1556,76358141710600,76358141971400,76358142106600,715,
1557,76358156710600,76358157204100,76358157415100,715,
1558,76358171710600,76358171833700,76358171958600,715,
1559,76358186710600,76358187138500,76358187270400,715,
1560,76358201710600,76358201986000,76358202076500,715,
1561,76358216710600,76358217041100,76358217375500,715,
1562,76358231710600,76358232300600,76358232435700,715,
1563,76358246710600,76358247321900,76358247477200,715,
1564,76358261710600,76358261993600,76358262123900,715,
1565,76358276710600,76358277823400,76358278025500,715,
1566,76358291710600,76358292155300,76358292416100,715,
1567,76358306710600,76358306963300,76358307159400,715,
1568,76358321710600,76358321790700,76358321956600,715,
1569,76358336710600,76358337066600,76358337218800,715,
1570,76358351710600,76358351974600,76358352096600,715,
1571,76358366710600,76358366993800,76358367193300,715,
1572,76358381710600,76358382458500,76358382649300,715,
1573,76358396710600,76358397380000,76358397585600,715,
1574,76358411710600,76358412740800,76358412948000,715,
1575,76358426710600,76358427132500,76358427266300,715,
1576,76358441710600,76358442366900,76358442561400,715,
1577,76358456710600,76358457150200,76358457356600,715,
1578,76358471710600,76358472086900,76358472283000,715,
1579,76358486710600,76358487264600,76358487437800,715,
1580,76358501710600,76358502253500,76358502369600,715,
1581,76358516710600,76358516903400,76358517092700,715,
1582,76358531710600,76358532289800,76358532496100,715,
1583,76358546710600,76358546795100,76358546934600,715,
1584,76358561710600,76358562294900,76358562497800,715,
1585,76358576710600,76358577072300,76358577200600,715,
1586,76358591710600,76358591952800,76358592092400,715,
1587,76358606710600,76358607116900,76358607311900,715,
1588,76358621710600,76358621801500,76358621982400,715,
1589,76358636710600,76358637293500,76358637436100,715,
1590,76358651710600,76358652174500,76358652325700,715,
1591,76358666710600,76358667055900,76358667286400,715,
1592,76358681710600,76358682806000,76358683011800,715,
1593,76358696710600,76358697698500,76358697905100,715,
1594,76358711710600,76358712181200,76358712281600,715,
1595,76358726710600,76358727233100,76358727355400,715,
1596,76358741710600,76358742202100,76358742391600,715,
1597,76358756710600,76358757156600,76358757362200,715,
1598,76358771710600,76358772170500,76358772375100,715,
1599,76358786710600,76358787344900,76358787524000,715,
1600,76358801710600,76358802031900,76358802251300,715,
1601,76358816710600,76358817122900,76358817330400,715,
1602,76358831710600,76358832104700,76358832308800,715,
1603,76358846710600,76358847240200,76358847391200,715,
1604,76358861710600,76358862051400,76358862141700,715,
1605,76358876710600,76358876857300,76358877051400,715,
1606,76358891710600,76358892148300,76358892308300,715,
1607,76358906710600,76358906769100,76358906898100,715,
1608,76358921710600,76358922366000,76358922568900,715,
1609,76358936710600,76358937220800,76358937299100,715,
1610,76358951710600,76358952283300,76358952492600,715,
1611,76358966710600,76358967876600,76358968076600,715,
1612,76358981710600,76358982137700,76358982301300,715,
1613,76358996710600,76358997176800,76358997326200,715,
1614,76359011710600,76359012144100,76359012301100,715,
1615,76359026710600,76359027132400,76359027330100,715,
1616,76359041710600,76359042257300,76359042440300,715,
1617,76359056710600,76359057162500,76359057331700,715,
1618,76359071710600,76359071988200,76359072076200,715,
1619,76359086710600,76359086898900,76359087149800,715,
1620,76359101710600,76359102061200,76359102257900,715,
1621,76359116710600,76359116912500,76359117085000,715,
1622,76359131710600,76359132133300,76359132309300,715,
1623,76359146710600,76359147892900,76359148095700,715,
1624,76359161710600,76359162087600,76359162276500,715,
1625,76359176710600,76359177311800,76359177463600,715,
1626,76359191710600,76359192246000,76359192449100,715,
1627,76359206710600,76359207835100,76359208038400,715,
1628,76359221710600,76359221967000,76359222100600,715,
1629,76359236710600,76359237006400,76359237226000,715,
1630,76359251710600,76359252150000,76359252355200,715,
1631,76359266710600,76359267877200,76359268081700,715,
1632,76359281710600,76359282219000,76359282418800,715,
1633,76359296710600,76359297192000,76359297275600,715,
1634,76359311710600,76359311995200,76359312186800,715,
1635,76359326710600,76359327125400,76359327330700,715,
1636,76359341710600,76359342528300,76359342677900,715,
1637,76359356710600,76359357622200,76359357827200,715,
1638,76359371710600,76359372039700,76359372167900,715,
1639,76359386710600,76359387227900,76359387417900,715,
1640,76359401710600,76359402247700,76359402399500,715,
1641,76359416710600,76359416893300,76359417012800,715,
1642,76359431710600,76359431846700,76359431968300,715,
1643,76359446710600,76359447149400,76359447252000,715,
1644,76359461710600,76359461800000,76359461977200,715,
1645,76359476710600,76359476798200,76359476927400,715,
1646,76359491710600,76359491869600,76359492058200,715,
1647,76359506710600,76359507101300,76359507250700,715,
1648,76359521710600,76359521938200,76359522103300,715,
1649,76359536710600,76359537030000,76359537228900,715,
1650,76359551710600,76359552126100,76359552332400,715,
1651,76359566710600,76359567763900,76359567967800,715,
1652,76359581710600,76359582999800,76359583149900,715,
1653,76359596710600,76359596889300,76359597129100,715,
1654,76359611710600,76359612917600,76359613118700,715,
1655,76359626710600,76359627127900,76359627331600,715,
1656,76359641710600,76359642439200,76359642643200,715,
1657,76359656710600,76359657251700,76359657440200,715,
1658,76359671710600,76359672196500,76359672348800,715,
1659,76359686710600,76359686838900,76359687017500,715,
1660,76359701710600,76359701775300,76359701951000,715,
1661,76359716710600,76359716966100,76359717145600,715,
1662,76359731710600,76359732159800,76359732268300,715,
1663,76359746710600,76359746777600,76359746919600,715,
1664,76359761710600,76359762129700,76359762338100,715,
1665,76359776710600,76359777591000,76359777797500,715,
1666,76359791710600,76359792107000,76359792258100,715,
1667,76359806710600,76359807222300,76359807409700,715,
1668,76359821710600,76359822016500,76359822209800,715,
1669,76359836710600,76359837126300,76359837340400,715,
1670,76359851710600,76359852193200,76359852364600,715,
1671,76359866710600,76359867046000,76359867173300,715,
1672,76359881710600,76359882159900,76359882356200,715,
1673,76359896710600,76359896809200,76359896985900,715,
1674,76359911710600,76359911916100,76359912100600,715,
1675,76359926710600,76359927021500,76359927213300,715,
1676,76359941710600,76359941940200,76359942073000,715,
1677,76359956710600,76359957108600,76359957297500,715,
1678,76359971710600,76359972160400,76359972363000,715,
1679,76359986710600,76359987563600,76359987772800,715,
1680,76360001710600,76360002115800,76360002315000,715,
1681,76360016710600,76360016848100,76360016979100,715,
1682,76360031710600,76360032145500,76360032372200,715,
1683,76360046710600,76360046809100,76360046981000,715,
1684,76360061710600,76360061815900,76360061986600,715,
1685,76360076710600,76360076925900,76360077048300,715,
1686,76360091710600,76360091925600,76360092114500,715,
1687,76360106710600,76360107050200,76360107255200,715,
1688,76360121710600,76360121808200,76360121962400,715,
1689,76360136710600,76360136916700,76360137098700,715,
1690,76360151710600,76360152146800,76360152324600,715,
1691,76360166710600,76360167207400,76360167402200,715,
1692,76360181710600,76360182097000,76360182292900,715,
1693,76360196710600,76360197595500,76360197801700,715,
1694,76360211710600,76360212834800,76360213040800,715,
1695,76360226710600,76360227219700,76360227366900,715,
1696,76360241710600,76360241998400,76360242189200,715,
1697,76360256710600,76360257278900,76360257472200,715,
1698,76360271710600,76360272171900,76360272374400,715,
1699,76360286710600,76360287141400,76360287347300,715,
1700,76360301710600,76360301935800,76360302062300,715,
1701,76360316710600,76360317051400,76360317288000,715,
1702,76360331710600,76360332130200,76360332330100,715,
1703,76360346710600,76360347237700,76360347439700,715,
1704,76360361710600,76360362216600,76360362334900,715,
1705,76360376710600,76360377002100,76360377106000,715,
1706,76360391710600,76360392009200,76360392202600,715,
1707,76360406710600,76360407972300,76360408173300,715,
1708,76360421710600,76360422589100,76360422793500,715,
1709,76360436710600,76360437009900,76360437138900,715,
1710,76360451710600,76360451940900,76360452073800,715,
1711,76360466710600,76360467046200,76360467263900,715,
1712,76360481710600,76360482302100,76360482534900,715,
1713,76360496710600,76360497081800,76360497282200,715,
1714,76360511710600,76360512508900,76360512715100,715,
1715,76360526710600,76360527077100,76360527258600,715,
1716,76360541710600,76360541851900,76360542046000,715,
1717,76360556710600,76360557467700,76360557676000,715,
1718,76360571710600,76360572272100,76360572477600,715,
1719,76360586710600,76360586990400,76360587169800,715,
1720,76360601710600,76360601955800,76360602157500,715,
1721,76360616710600,76360617092100,76360617289700,715,
1722,76360631710600,76360632306200,76360632510500,715,
1723,76360646710600,76360646837100,76360647008500,715,
1724,76360661710600,76360661839100,76360661958400,715,
1725,76360676710600,76360676898000,76360677094800,715,
1726,76360691710600,76360692152600,76360692350900,715,
1727,76360706710600,76360707220100,76360707426600,715,
1728,76360721710600,76360722185000,76360722361900,715,
1729,76360736710600,76360737310100,76360737498200,715,
1730,76360751710600,76360751995100,76360752201000,715,
1731,76360766710600,76360767244400,76360767439000,715,
1732,76360781710600,76360782210400,76360782392000,715,
1733,76360796710600,76360796806100,76360796993100,715,
1734,76360811710600,76360812002800,76360812136900,715,
1735,76360826710600,76360827037900,76360827228300,715,
1736,76360841710600,76360842127500,76360842304100,715,
1737,76360856710600,76360857609800,76360857811500,715,
1738,76360871710600,76360872235300,76360872420600,715,
1739,76360886710600,76360887177500,76360887319600,715,
1740,76360901710600,76360901883100,76360902017900,715,
1741,76360916710600,76360916851600,76360917055700,715,
1742,76360931710600,76360932095800,76360932296200,715,
1743,76360946710600,76360946994100,76360947114300,715,
1744,76360961710600,76360962453100,76360962607900,715,
1745,76360976710600,76360977540300,76360977744300,715,
1746,76360991710600,76360992132400,76360992338400,715,
1747,76361006710600,76361007012000,76361007133700,715,
1748,76361021710600,76361022184600,76361022301400,715,
1749,76361036710600,76361036997600,76361037176500,715,
1750,76361051710600,76361051859300,76361051971400,715,
1751,76361066710600,76361066934000,76361067105900,715,
1752,76361081710600,76361082418900,76361082624800,715,
1753,76361096710600,76361097102300,76361097230700,715,
1754,76361111710600,76361112049000,76361112273300,715,
1755,76361126710600,76361126824300,76361126995200,715,
1756,76361141710600,76361142343600,76361142522200,715,
1757,76361156710600,76361157211600,76361157390200,715,
1758,76361171710600,76361171810300,76361172036500,715,
1759,76361186710600,76361187217800,76361187433000,715,
1760,76361201710600,76361201813800,76361201992600,715,
1761,76361216710600,76361217281000,76361217485400,715,
1762,76361231710600,76361232427200,76361232634200,715,
1763,76361246710600,76361247131300,76361247252800,715,
1764,76361261710600,76361262212500,76361262413900,715,
1765,76361276710600,76361277082500,76361277287000,715,
1766,76361291710600,76361291773900,76361291894200,715,
1767,76361306710600,76361306880900,76361307000900,715,
1768,76361321710600,76361322208600,76361322364200,715,
1769,76361336710600,76361336810400,76361336966600,715,
1770,76361351710600,76361351952200,76361352140000,715,
1771,76361366710600,76361366835000,76361367059900,715,
1772,76361381710600,76361381881400,76361382086400,715,
1773,76361396710600,76361396844200,76361397011100,715,
1774,76361411710600,76361412203300,76361412399700,715,
1775,76361426710600,76361427074200,76361427257600,715,
1776,76361441710600,76361441907700,76361442035500,715,
1777,76361456710600,76361456940600,76361457076500,715,
1778,76361471710600,76361472237700,76361472526400,715,
1779,76361486710600,76361487366900,76361487568400,715,
1780,76361501710600,76361502358000,76361502502100,715,
1781,76361516710600,76361517041600,76361517243100,715,
1782,76361531710600,76361532212000,76361532350500,715,
1783,76361546710600,76361547199600,76361547403200,715,
1784,76361561710600,76361562477600,76361562682700,715,
1785,76361576710600,76361577045500,76361577236300,715,
1786,76361591710600,76361592047500,76361592171300,715,
1787,76361606710600,76361606994300,76361607120300,715,
1788,76361621710600,76361622170400,76361622350700,715,
1789,76361636710600,76361637324500,76361637528400,715,
1790,76361651710600,76361652486000,76361652690600,715,
1791,76361666710600,76361667479200,76361667628300,715,
1792,76361681710600,76361682195300,76361682338400,715,
1793,76361696710600,76361697072900,76361697268900,715,
1794,76361711710600,76361712372200,76361712518300,715,
1795,76361726710600,76361726815100,76361726997000,715,
1796,76361741710600,76361741957900,76361742081100,715,
1797,76361756710600,76361757169100,76361757316400,715,
1798,76361771710600,76361772330800,76361772528300,715,
1799,76361786710600,76361787313700,76361787508000,715,
1800,76361801710600,76361802085300,76361802288800,715,
1801,76361816710600,76361817249500,76361817372700,715,
1802,76361831710600,76361831902900,76361832108100,715,
1803,76361846710600,76361846974000,76361847175600,715,
1804,76361861710600,76361862095800,76361862309000,715,
1805,76361876710600,76361877726900,76361877936100,715,
1806,76361891710600,76361892258800,76361892409900,715,
1807,76361906710600,76361907054300,76361907273900,715,
1808,76361921710600,76361922243100,76361922368000,715,
1809,76361936710600,76361937097300,76361937215600,715,
1810,76361951710600,76361951778700,76361951886300,715,
1811,76361966710600,76361966937500,76361967132100,715,
1812,76361981710600,76361982075700,76361982265500,715,
1813,76361996710600,76361996904200,76361997107200,715,
1814,76362011710600,76362012693100,76362012848500,715,
1815,76362026710600,76362027190800,76362027377600,715,
1816,76362041710600,76362042229200,76362042372400,715,
1817,76362056710600,76362057026700,76362057166000,715,
1818,76362071710600,76362072178700,76362072384200,715,
1819,76362086710600,76362087541000,76362087692200,715,
1820,76362101710600,76362101785600,76362101908000,715,
1821,76362116710600,76362117125100,76362117232000,715,
1822,76362131710600,76362131960100,76362132054300,715,
1823,76362146710600,76362147436400,76362147642900,715,
1824,76362161710600,76362162994100,76362163190200,715,
1825,76362176710600,76362176829200,76362176954700,715,
1826,76362191710600,76362191901200,76362192185200,715,
1827,76362206710600,76362207240600,76362207327100,715,
1828,76362221710600,76362222111300,76362222267300,715,
1829,76362236710600,76362237228500,76362237412700,715,
1830,76362251710600,76362252109800,76362252243400,715,
1831,76362266710600,76362266970500,76362267207300,715,
1832,76362281710600,76362282320700,76362282523800,715,
1833,76362296710600,76362297323100,76362297528600,715,
1834,76362311710600,76362312246500,76362312449900,715,
1835,76362326710600,76362327218100,76362327360700,715,
1836,76362341710600,76362341833400,76362342023100,715,
1837,76362356710600,76362357191000,76362357341100,715,
1838,76362371710600,76362372053300,76362372179300,715,
1839,76362386710600,76362386871500,76362386985100,715,
1840,76362401710600,76362402190600,76362402312500,715,
1841,76362416710600,76362417155100,76362417425200,715,
1842,76362431710600,76362432287000,76362432495100,715,
1843,76362446710600,76362447041200,76362447168800,715,
1844,76362461710600,76362462239000,76362462370400,715,
1845,76362476710600,76362477030900,76362477108500,715,
1846,76362491710600,76362492333900,76362492423500,715,
1847,76362506710600,76362506851200,76362506972200,715,
1848,76362521710600,76362521761400,76362521852200,715,
1849,76362536710600,76362536985500,76362537082100,715,
1850,76362551710600,76362551893600,76362552003400,715,
1851,76362566710600,76362566909000,76362566982400,715,
1852,76362581710600,76362581896800,76362582019700,715,
1853,76362596710600,76362597154000,76362597320200,715,
1854,76362611710600,76362612013100,76362612102300,715,
1855,76362626710600,76362627224600,76362627324100,715,
1856,76362641710600,76362641988000,76362642121900,715,
1857,76362656710600,76362656811400,76362656950200,715,
1858,76362671710600,76362671999400,76362672124900,715,
1859,76362686710600,76362687224000,76362687330000,715,
1860,76362701710600,76362701822800,76362701965100,715,
1861,76362716710600,76362717562500,76362717764100,715,
1862,76362731710600,76362731956500,76362732147700,715,
1863,76362746710600,76362747273600,76362747422000,715,
1864,76362761710600,76362762199400,76362762378100,715,
1865,76362776710600,76362777318600,76362777511300,715,
1866,76362791710600,76362792706700,76362792850100,715,
1867,76362806710600,76362807631900,76362807835500,715,
1868,76362821710600,76362822722600,76362822928100,715,
1869,76362836710600,76362836811000,76362837050800,715,
1870,76362851710600,76362852162100,76362852302000,715,
1871,76362866710600,76362867405200,76362867566100,715,
1872,76362881710600,76362881807600,76362881978400,715,
1873,76362896710600,76362897004300,76362897130600,715,
1874,76362911710600,76362912069100,76362912387500,715,
1875,76362926710600,76362927102100,76362927303200,715,
1876,76362941710600,76362942234500,76362942438000,715,
1877,76362956710600,76362957438300,76362957640800,715,
1878,76362971710600,76362971892500,76362972101600,715,
1879,76362986710600,76362987209600,76362987393800,715,
1880,76363001710600,76363001838500,76363001957400,715,
1881,76363016710600,76363016816800,76363016945800,715,
1882,76363031710600,76363031831800,76363031937100,715,
1883,76363046710600,76363046787100,76363046880700,715,
1884,76363061710600,76363062223400,76363062478400,715,
1885,76363076710600,76363076847300,76363076985800,715,
1886,76363091710600,76363092024200,76363092167600,715,
1887,76363106710600,76363106940800,76363107083100,715,
1888,76363121710600,76363122286200,76363122453600,715,
1889,76363136710600,76363136787500,76363136949800,715,
1890,76363151710600,76363151804400,76363151948900,715,
1891,76363166710600,76363167430800,76363167637500,715,
1892,76363181710600,76363181945600,76363182086600,715,
1893,76363196710600,76363197223500,76363197308900,715,
1894,76363211710600,76363212501900,76363212690200,715,
1895,76363226710600,76363227986200,76363228195700,715,
1896,76363241710600,76363242747500,76363242953700,715,
1897,76363256710600,76363256801200,76363256952400,715,
1898,76363271710600,76363271817400,76363272007700,715,
1899,76363286710600,76363286995300,76363287190700,715,
1900,76363301710600,76363302511600,76363302710200,715,
1901,76363316710600,76363316816200,76363316962100,715,
1902,76363331710600,76363331884500,76363332008300,715,
1903,76363346710600,76363347076500,76363347263900,715,
1904,76363361710600,76363362448400,76363362649200,715,
1905,76363376710600,76363377270900,76363377474300,715,
1906,76363391710600,76363392273200,76363392450000,715,
1907,76363406710600,76363407025000,76363407179600,715,
1908,76363421710600,76363422455400,76363422664100,715,
1909,76363436710600,76363436824000,76363436998800,715,
1910,76363451710600,76363451831500,76363452001200,715,
1911,76363466710600,76363466971500,76363467114600,715,
1912,76363481710600,76363482000900,76363482182900,715,
1913,76363496710600,76363496830700,76363496977900,715,
1914,76363511710600,76363511790100,76363511923600,715,
1915,76363526710600,76363526842200,76363526987200,715,
1916,76363541710600,76363542233200,76363542322600,715,
1917,76363556710600,76363557063700,76363557227000,715,
1918,76363571710600,76363572242300,76363572438500,715,
1919,76363586710600,76363587548200,76363587752600,715,
1920,76363601710600,76363601859000,76363602035600,715,
1921,76363616710600,76363617420400,76363617630200,715,
1922,76363631710600,76363632033700,76363632218200,715,
1923,76363646710600,76363647243400,76363647440900,715,
1924,76363661710600,76363662151000,76363662358900,715,
1925,76363676710600,76363677084900,76363677287200,715,
1926,76363691710600,76363691950500,76363692087800,715,
1927,76363706710600,76363707625700,76363707760400,715,
1928,76363721710600,76363722501100,76363722655700,715,
1929,76363736710600,76363737379100,76363737585500,715,
1930,76363751710600,76363752422200,76363752626600,715,
1931,76363766710600,76363767102400,76363767230100,715,
1932,76363781710600,76363782297200,76363782489300,715,
1933,76363796710600,76363797091400,76363797302000,715,
1934,76363811710600,76363812427000,76363812631800,715,
1935,76363826710600,76363826961900,76363827134100,715,
1936,76363841710600,76363841883100,76363842035100,715,
1937,76363856710600,76363857030300,76363857224800,715,
1938,76363871710600,76363872403900,76363872612200,715,
1939,76363886710600,76363886797800,76363886921800,715,
1940,76363901710600,76363902132300,76363902248300,715,
1941,76363916710600,76363916786600,76363916869100,715,
1942,76363931710600,76363931940800,76363932134800,715,
1943,76363946710600,76363947306100,76363947512900,715,
1944,76363961710600,76363962209100,76363962413500,715,
1945,76363976710600,76363977453700,76363977602100,715,
1946,76363991710600,76363992080500,76363992290600,715,
1947,76364006710600,76364006842000,76364007036500,715,
1948,76364021710600,76364021856200,76364022030600,715,
1949,76364036710600,76364037188500,76364037392400,715,
1950,76364051710600,76364051848600,76364052051000,715,
1951,76364066710600,76364067105900,76364067332300,715,
1952,76364081710600,76364082128400,76364082327400,715,
1953,76364096710600,76364097757700,76364097959500,715,
1954,76364111710600,76364112173000,76364112370300,715,
1955,76364126710600,76364127171600,76364127292600,715,
1956,76364141710600,76364141932300,76364142117000,715,
1957,76364156710600,76364156806000,76364156964000,715,
1958,76364171710600,76364171787000,76364171950400,715,
1959,76364186710600,76364187151600,76364187333300,715,
1960,76364201710600,76364202461000,76364202611000,715,
1961,76364216710600,76364216976000,76364217146300,715,
1962,76364231710600,76364232137000,76364232339800,715,
1963,76364246710600,76364247175700,76364247381300,715,
1964,76364261710600,76364262476400,76364262680600,715,
1965,76364276710600,76364277266500,76364277394100,715,
1966,76364291710600,76364291789900,76364291962600,715,
1967,76364306710600,76364306817800,76364306991000,715,
1968,76364321710600,76364321902900,76364322103700,715,
1969,76364336710600,76364337091000,76364337268900,715,
1970,76364351710600,76364352080900,76364352221300,715,
1971,76364366710600,76364366907400,76364367106500,715,
1972,76364381710600,76364382140700,76364382341500,715,
1973,76364396710600,76364397091500,76364397217600,715,
1974,76364411710600,76364412290900,76364412471900,715,
1975,76364426710600,76364426885400,76364427014600,715,
1976,76364441710600,76364442246300,76364442390800,715,
1977,76364456710600,76364457238300,76364457401700,715,
1978,76364471710600,76364471779000,76364471878200,715,
1979,76364486710600,76364486897300,76364486990100,715,
1980,76364501710600,76364501902400,76364502109500,715,
1981,76364516710600,76364517787400,76364517991600,715,
1982,76364531710600,76364531899000,76364532109700,715,
1983,76364546710600,76364546931100,76364547032700,715,
1984,76364561710600,76364561930000,76364562030700,715,
1985,76364576710600,76364577036900,76364577218600,715,
1986,76364591710600,76364592296200,76364592448300,715,
1987,76364606710600,76364607127300,76364607261700,715,
1988,76364621710600,76364622425500,76364622628000,715,
1989,76364636710600,76364636929400,76364637049800,715,
1990,76364651710600,76364652279300,76364652482200,715,
1991,76364666710600,76364667485400,76364667693900,715,
1992,76364681710600,76364681807300,76364682003100,715,
1993,76364696710600,76364697043500,76364697228500,715,
1994,76364711710600,76364711831400,76364711949700,715,
1995,76364726710600,76364727036400,76364727180200,715,
1996,76364741710600,76364741795100,76364741981500,715,
1997,76364756710600,76364756943300,76364757068400,715,
1998,76364771710600,76364772163400,76364772274500,715,
1999,76364786710600,76364787083200,76364787219700,715,
2000,76364801710600,76364802076500,76364802275400,715,
