event,sequence,counter,valid_self,adopted,realtime_ns,kernel_ns,monotonic_ns,write_end_ns,written,socket_drop_total,trace_record_overflow
rx,1,1,1,1,1787953771022106276,1787953771021458184,5348106914237,0,0,0,0
tx,1,1,1,1,1787953771022110776,1787953771021458184,5348106918960,5348106947737,72,0,0
rx,2,2,1,1,1787953771037141998,1787953771036633998,5348121950052,0,0,0,0
tx,2,2,1,1,1787953771037145572,1787953771036633998,5348121953812,5348121970052,72,0,0
rx,3,3,1,1,1787953771053159424,1787953771052142924,5348137967386,0,0,0,0
tx,3,3,1,1,1787953771053163758,1787953771052142924,5348137972108,5348137989089,72,0,0
rx,4,4,1,1,1787953771068112035,1787953771067050295,5348152920108,0,0,0,0
tx,4,4,1,1,1787953771068117258,1787953771067050295,5348152925497,5348152939923,72,0,0
rx,5,5,1,1,1787953771083064776,1787953771082531091,5348167872849,0,0,0,0
tx,5,5,1,1,1787953771083068461,1787953771082531091,5348167876645,5348167890941,72,0,0
rx,6,6,1,1,1787953771098015239,1787953771097162091,5348182823312,0,0,0,0
tx,6,6,1,1,1787953771098019295,1787953771097162091,5348182827515,5348182845960,72,0,0
rx,7,7,1,1,1787953771112970498,1787953771112334332,5348197778460,0,0,0,0
tx,7,7,1,1,1787953771112973980,1787953771112334332,5348197782163,5348197794997,72,0,0
rx,8,8,1,1,1787953771127909424,1787953771126912017,5348212717478,0,0,0,0
tx,8,8,1,1,1787953771127912850,1787953771126912017,5348212721034,5348212733700,72,0,0
rx,9,9,1,1,1787953771142853498,1787953771142332702,5348227661571,0,0,0,0
tx,9,9,1,1,1787953771142856961,1787953771142332702,5348227665145,5348227678700,72,0,0
rx,10,10,1,1,1787953771157799887,1787953771157103035,5348242607960,0,0,0,0
tx,10,10,1,1,1787953771157804369,1787953771157103035,5348242612552,5348242630163,72,0,0
rx,11,11,1,1,1787953771172756369,1787953771172180109,5348257564441,0,0,0,0
tx,11,11,1,1,1787953771172761850,1787953771172180109,5348257570052,5348257582774,72,0,0
rx,12,12,1,1,1787953771188766054,1787953771187774850,5348273574126,0,0,0,0
tx,12,12,1,1,1787953771188771072,1787953771187774850,5348273579274,5348273592923,72,0,0
rx,13,13,1,1,1787953771202665998,1787953771201930350,5348287473978,0,0,0,0
tx,13,13,1,1,1787953771202669961,1787953771201930350,5348287478182,5348287495793,72,0,0
rx,14,14,1,1,1787953771217617461,1787953771217036609,5348302425534,0,0,0,0
tx,14,14,1,1,1787953771217620795,1787953771217036609,5348302428978,5348302441441,72,0,0
rx,15,15,1,1,1787953771232558591,1787953771231840424,5348317366663,0,0,0,0
tx,15,15,1,1,1787953771232561924,1787953771231840424,5348317370108,5348317383700,72,0,0
rx,16,16,1,1,1787953771247504628,1787953771247401646,5348332312589,0,0,0,0
tx,16,16,1,1,1787953771247508924,1787953771247401646,5348332317108,5348332336126,72,0,0
rx,17,17,1,1,1787953771262485054,1787953771262155239,5348347293126,0,0,0,0
tx,17,17,1,1,1787953771262488665,1787953771262155239,5348347296848,5348347311571,72,0,0
rx,18,18,1,1,1787953771277427054,1787953771277266998,5348362235108,0,0,0,0
tx,18,18,1,1,1787953771277432035,1787953771277266998,5348362240219,5348362252367,72,0,0
rx,19,19,1,1,1787953771293438109,1787953771292614850,5348378246182,0,0,0,0
tx,19,19,1,1,1787953771293443720,1787953771292614850,5348378251904,5348378267052,72,0,0
rx,20,20,1,1,1787953771307336109,1787953771307092572,5348392144163,0,0,0,0
tx,20,20,1,1,1787953771307340350,1787953771307092572,5348392148534,5348392166293,72,0,0
rx,21,21,1,1,1787953771322295369,1787953771321945609,5348407103441,0,0,0,0
tx,21,21,1,1,1787953771322298943,1787953771321945609,5348407107126,5348407120719,72,0,0
rx,22,22,1,1,1787953771337243091,1787953771336881443,5348422051145,0,0,0,0
tx,22,22,1,1,1787953771337246776,1787953771336881443,5348422054960,5348422069441,72,0,0
rx,23,23,1,1,1787953771353252720,1787953771352355350,5348438060774,0,0,0,0
tx,23,23,1,1,1787953771353256591,1787953771352355350,5348438064811,5348438080478,72,0,0
rx,24,24,1,1,1787953771368202498,1787953771367456591,5348453010571,0,0,0,0
tx,24,24,1,1,1787953771368206239,1787953771367456591,5348453014460,5348453029219,72,0,0
rx,25,25,1,1,1787953771382086850,1787953771381965350,5348466894904,0,0,0,0
tx,25,25,1,1,1787953771382091943,1787953771381965350,5348466900182,5348466914311,72,0,0
rx,26,26,1,1,1787953771398111072,1787953771397539683,5348482919071,0,0,0,0
tx,26,26,1,1,1787953771398116480,1787953771397539683,5348482924793,5348482939311,72,0,0
rx,27,27,1,1,1787953771411992794,1787953771411932554,5348496800867,0,0,0,0
tx,27,27,1,1,1787953771411996591,1787953771411932554,5348496804774,5348496819478,72,0,0
rx,28,28,1,1,1787953771427998387,1787953771427275906,5348512806441,0,0,0,0
tx,28,28,1,1,1787953771428002387,1787953771427275906,5348512810589,5348512823756,72,0,0
rx,29,29,1,1,1787953771442943554,1787953771442295183,5348527751608,0,0,0,0
tx,29,29,1,1,1787953771442947091,1787953771442295183,5348527755274,5348527769608,72,0,0
rx,30,30,1,1,1787953771457907868,1787953771457094128,5348542715922,0,0,0,0
tx,30,30,1,1,1787953771457912220,1787953771457094128,5348542720422,5348542741700,72,0,0
rx,31,31,1,1,1787953771472869517,1787953771471954868,5348557677552,0,0,0,0
tx,31,31,1,1,1787953771472873017,1787953771471954868,5348557681200,5348557693996,72,0,0
rx,32,32,1,1,1787953771487819128,1787953771486925794,5348572627200,0,0,0,0
tx,32,32,1,1,1787953771487822813,1787953771486925794,5348572630996,5348572646441,72,0,0
rx,33,33,1,1,1787953771502789257,1787953771502377257,5348587597330,0,0,0,0
tx,33,33,1,1,1787953771502794813,1787953771502377257,5348587603071,5348587620126,72,0,0
rx,34,34,1,1,1787953771517755757,1787953771517361368,5348602563811,0,0,0,0
tx,34,34,1,1,1787953771517759313,1787953771517361368,5348602567496,5348602580533,72,0,0
rx,35,35,1,1,1787953771532705961,1787953771531983387,5348617514033,0,0,0,0
tx,35,35,1,1,1787953771532709905,1787953771531983387,5348617518089,5348617531700,72,0,0
rx,36,36,1,1,1787953771547655850,1787953771547181331,5348632463922,0,0,0,0
tx,36,36,1,1,1787953771547659739,1787953771547181331,5348632467978,5348632485608,72,0,0
rx,37,37,1,1,1787953771562608591,1787953771562152794,5348647416645,0,0,0,0
tx,37,37,1,1,1787953771562612739,1787953771562152794,5348647421033,5348647436589,72,0,0
rx,38,38,1,1,1787953771577556535,1787953771577036813,5348662364608,0,0,0,0
tx,38,38,1,1,1787953771577560072,1787953771577036813,5348662368256,5348662381070,72,0,0
rx,39,39,1,1,1787953771592505683,1787953771592219646,5348677313737,0,0,0,0
tx,39,39,1,1,1787953771592509905,1787953771592219646,5348677318145,5348677335756,72,0,0
rx,40,40,1,1,1787953771608539609,1787953771607618646,5348693347682,0,0,0,0
tx,40,40,1,1,1787953771608543183,1787953771607618646,5348693351367,5348693364422,72,0,0
rx,41,41,1,1,1787953771622410461,1787953771621826850,5348707218515,0,0,0,0
tx,41,41,1,1,1787953771622414220,1787953771621826850,5348707222422,5348707234237,72,0,0
rx,42,42,1,1,1787953771637353183,1787953771637226683,5348722161237,0,0,0,0
tx,42,42,1,1,1787953771637356831,1787953771637226683,5348722165015,5348722178311,72,0,0
rx,43,43,1,1,1787953771652296665,1787953771652071202,5348737104645,0,0,0,0
tx,43,43,1,1,1787953771652300535,1787953771652071202,5348737108719,5348737123700,72,0,0
rx,44,44,1,1,1787953771668307776,1787953771667273239,5348753115848,0,0,0,0
tx,44,44,1,1,1787953771668311776,1787953771667273239,5348753120237,5348753136015,72,0,0
rx,45,45,1,1,1787953771683262609,1787953771682268554,5348768070663,0,0,0,0
tx,45,45,1,1,1787953771683266387,1787953771682268554,5348768074626,5348768088719,72,0,0
rx,46,46,1,1,1787953771697144072,1787953771696908998,5348781952033,0,0,0,0
tx,46,46,1,1,1787953771697147850,1787953771696908998,5348781956070,5348781973107,72,0,0
rx,47,47,1,1,1787953771713159054,1787953771712134702,5348797967107,0,0,0,0
tx,47,47,1,1,1787953771713162665,1787953771712134702,5348797970848,5348797983459,72,0,0
rx,48,48,1,1,1787953771728095702,1787953771727084016,5348812903774,0,0,0,0
tx,48,48,1,1,1787953771728099202,1787953771727084016,5348812907367,5348812919570,72,0,0
rx,49,49,1,1,1787953771743038091,1787953771742132461,5348827846163,0,0,0,0
tx,49,49,1,1,1787953771743041516,1787953771742132461,5348827849700,5348827863478,72,0,0
rx,50,50,1,1,1787953771757984072,1787953771756930331,5348842792126,0,0,0,0
tx,50,50,1,1,1787953771757988591,1787953771756930331,5348842796811,5348842815459,72,0,0
rx,51,51,1,1,1787953771772958646,1787953771771909924,5348857766719,0,0,0,0
tx,51,51,1,1,1787953771772962091,1787953771771909924,5348857770274,5348857782922,72,0,0
rx,52,52,1,1,1787953771787901553,1787953771787065665,5348872709626,0,0,0,0
tx,52,52,1,1,1787953771787905053,1787953771787065665,5348872713237,5348872727015,72,0,0
rx,53,53,1,1,1787953771802846350,1787953771802129553,5348887654404,0,0,0,0
tx,53,53,1,1,1787953771802850257,1787953771802129553,5348887658441,5348887675181,72,0,0
rx,54,54,1,1,1787953771817795646,1787953771817743831,5348902603718,0,0,0,0
tx,54,54,1,1,1787953771817798887,1787953771817743831,5348902607070,5348902619978,72,0,0
rx,55,55,1,1,1787953771832736831,1787953771832205572,5348917544904,0,0,0,0
tx,55,55,1,1,1787953771832740405,1787953771832205572,5348917548589,5348917562163,72,0,0
rx,56,56,1,1,1787953771847680776,1787953771846901590,5348932488737,0,0,0,0
tx,56,56,1,1,1787953771847684572,1787953771846901590,5348932492830,5348932510200,72,0,0
rx,57,57,1,1,1787953771862772072,1787953771861949461,5348947580144,0,0,0,0
tx,57,57,1,1,1787953771862776553,1787953771861949461,5348947584737,5348947611959,72,0,0
rx,58,58,1,1,1787953771877761665,1787953771876962776,5348962569718,0,0,0,0
tx,58,58,1,1,1787953771877765350,1787953771876962776,5348962573533,5348962590404,72,0,0
rx,59,59,1,1,1787953771892726220,1787953771892371757,5348977534293,0,0,0,0
tx,59,59,1,1,1787953771892730702,1787953771892371757,5348977538941,5348977560644,72,0,0
rx,60,60,1,1,1787953771907687905,1787953771906865127,5348992495978,0,0,0,0
tx,60,60,1,1,1787953771907691553,1787953771906865127,5348992499737,5348992513033,72,0,0
rx,61,61,1,1,1787953771922697794,1787953771922565887,5349007505867,0,0,0,0
tx,61,61,1,1,1787953771922701276,1787953771922565887,5349007509459,5349007525107,72,0,0
rx,62,62,1,1,1787953771937592442,1787953771937209498,5349022400515,0,0,0,0
tx,62,62,1,1,1787953771937597794,1787953771937209498,5349022405978,5349022420163,72,0,0
rx,63,63,1,1,1787953771952555350,1787953771952242164,5349037363422,0,0,0,0
tx,63,63,1,1,1787953771952559350,1787953771952242164,5349037367533,5349037386811,72,0,0
rx,64,64,1,1,1787953771967514979,1787953771967108276,5349052323033,0,0,0,0
tx,64,64,1,1,1787953771967519109,1787953771967108276,5349052327292,5349052342774,72,0,0
rx,65,65,1,1,1787953771983601072,1787953771982576887,5349068409144,0,0,0,0
tx,65,65,1,1,1787953771983604572,1787953771982576887,5349068412755,5349068428200,72,0,0
rx,66,66,1,1,1787953771998553313,1787953771997534961,5349083361385,0,0,0,0
tx,66,66,1,1,1787953771998557442,1787953771997534961,5349083365626,5349083383607,72,0,0
rx,67,67,1,1,1787953772013506239,1787953772012711664,5349098314311,0,0,0,0
tx,67,67,1,1,1787953772013509757,1787953772012711664,5349098317941,5349098330496,72,0,0
rx,68,68,1,1,1787953772028444405,1787953772027419850,5349113252459,0,0,0,0
tx,68,68,1,1,1787953772028447868,1787953772027419850,5349113256052,5349113268348,72,0,0
rx,69,69,1,1,1787953772042344720,1787953772041946831,5349127152700,0,0,0,0
tx,69,69,1,1,1787953772042350905,1787953772041946831,5349127159089,5349127175570,72,0,0
rx,70,70,1,1,1787953772057297683,1787953772056876016,5349142105755,0,0,0,0
tx,70,70,1,1,1787953772057301220,1787953772056876016,5349142109459,5349142124292,72,0,0
rx,71,71,1,1,1787953772072243590,1787953772072027276,5349157051663,0,0,0,0
tx,71,71,1,1,1787953772072247220,1787953772072027276,5349157055404,5349157069441,72,0,0
rx,72,72,1,1,1787953772087211924,1787953772086853683,5349172019996,0,0,0,0
tx,72,72,1,1,1787953772087216572,1787953772086853683,5349172024755,5349172039107,72,0,0
rx,73,73,1,1,1787953772102159701,1787953772101867757,5349186967755,0,0,0,0
tx,73,73,1,1,1787953772102163776,1787953772101867757,5349186971978,5349186988052,72,0,0
rx,74,74,1,1,1787953772117108461,1787953772116897109,5349201916441,0,0,0,0
tx,74,74,1,1,1787953772117112016,1787953772116897109,5349201920200,5349201932274,72,0,0
rx,75,75,1,1,1787953772133116479,1787953772132378350,5349217924533,0,0,0,0
tx,75,75,1,1,1787953772133120090,1787953772132378350,5349217928274,5349217943181,72,0,0
rx,76,76,1,1,1787953772147001609,1787953772146878275,5349231809681,0,0,0,0
tx,76,76,1,1,1787953772147007442,1787953772146878275,5349231815644,5349231831829,72,0,0
rx,77,77,1,1,1787953772161950238,1787953772161923368,5349246758311,0,0,0,0
tx,77,77,1,1,1787953772161953998,1787953772161923368,5349246762385,5349246776181,72,0,0
rx,78,78,1,1,1787953772177958516,1787953772177186701,5349262766478,0,0,0,0
tx,78,78,1,1,1787953772177961887,1787953772177186701,5349262770070,5349262783348,72,0,0
rx,79,79,1,1,1787953772192908479,1787953772192555053,5349277716552,0,0,0,0
tx,79,79,1,1,1787953772192912553,1787953772192555053,5349277720792,5349277739903,72,0,0
rx,80,80,1,1,1787953772207864812,1787953772206848053,5349292672866,0,0,0,0
tx,80,80,1,1,1787953772207868442,1787953772206848053,5349292676626,5349292690089,72,0,0
rx,81,81,1,1,1787953772222804183,1787953772222343572,5349307612255,0,0,0,0
tx,81,81,1,1,1787953772222807720,1787953772222343572,5349307615959,5349307629440,72,0,0
rx,82,82,1,1,1787953772237747331,1787953772237188646,5349322555403,0,0,0,0
tx,82,82,1,1,1787953772237751164,1787953772237188646,5349322559348,5349322573589,72,0,0
rx,83,83,1,1,1787953772252689479,1787953772252359979,5349337497533,0,0,0,0
tx,83,83,1,1,1787953772252693461,1787953772252359979,5349337501718,5349337517070,72,0,0
rx,84,84,1,1,1787953772267637757,1787953772267029961,5349352445829,0,0,0,0
tx,84,84,1,1,1787953772267643035,1787953772267029961,5349352451218,5349352466422,72,0,0
rx,85,85,1,1,1787953772282582905,1787953772282228331,5349367390977,0,0,0,0
tx,85,85,1,1,1787953772282586442,1787953772282228331,5349367394626,5349367407663,72,0,0
rx,86,86,1,1,1787953772297552072,1787953772297024090,5349382360144,0,0,0,0
tx,86,86,1,1,1787953772297555849,1787953772297024090,5349382364033,5349382381589,72,0,0
rx,87,87,1,1,1787953772312504257,1787953772312296664,5349397312089,0,0,0,0
tx,87,87,1,1,1787953772312507831,1787953772312296664,5349397316014,5349397329311,72,0,0
rx,88,88,1,1,1787953772327445720,1787953772326789461,5349412253774,0,0,0,0
tx,88,88,1,1,1787953772327449238,1787953772326789461,5349412257422,5349412269477,72,0,0
rx,89,89,1,1,1787953772343477072,1787953772342666238,5349428285144,0,0,0,0
tx,89,89,1,1,1787953772343481164,1787953772342666238,5349428289385,5349428310866,72,0,0
rx,90,90,1,1,1787953772357377257,1787953772356895386,5349442185329,0,0,0,0
tx,90,90,1,1,1787953772357380572,1787953772356895386,5349442188755,5349442202144,72,0,0
rx,91,91,1,1,1787953772373381312,1787953772372480849,5349458189366,0,0,0,0
tx,91,91,1,1,1787953772373384998,1787953772372480849,5349458193348,5349458207996,72,0,0
rx,92,92,1,1,1787953772387267423,1787953772386924164,5349472075496,0,0,0,0
tx,92,92,1,1,1787953772387270738,1787953772386924164,5349472078922,5349472094644,72,0,0
rx,93,93,1,1,1787953772403279572,1787953772402481923,5349488087644,0,0,0,0
tx,93,93,1,1,1787953772403283146,1787953772402481923,5349488091422,5349488108181,72,0,0
rx,94,94,1,1,1787953772418228609,1787953772417416016,5349503036681,0,0,0,0
tx,94,94,1,1,1787953772418232423,1787953772417416016,5349503040607,5349503052959,72,0,0
rx,95,95,1,1,1787953772432100183,1787953772431907738,5349516908255,0,0,0,0
tx,95,95,1,1,1787953772432103646,1787953772431907738,5349516911829,5349516923551,72,0,0
rx,96,96,1,1,1787953772448121868,1787953772447249294,5349532929922,0,0,0,0
tx,96,96,1,1,1787953772448125812,1787953772447249294,5349532934014,5349532953959,72,0,0
rx,97,97,1,1,1787953772463096775,1787953772462218923,5349547904718,0,0,0,0
tx,97,97,1,1,1787953772463100979,1787953772462218923,5349547909181,5349547924811,72,0,0
rx,98,98,1,1,1787953772478042553,1787953772477147849,5349562850607,0,0,0,0
tx,98,98,1,1,1787953772478046109,1787953772477147849,5349562854311,5349562866385,72,0,0
rx,99,99,1,1,1787953772494103146,1787953772493084016,5349578911200,0,0,0,0
tx,99,99,1,1,1787953772494107201,1787953772493084016,5349578915422,5349578933718,72,0,0
rx,100,100,1,1,1787953772507993072,1787953772506977831,5349592801125,0,0,0,0
tx,100,100,1,1,1787953772507996905,1787953772506977831,5349592805144,5349592817144,72,0,0
rx,101,101,1,1,1787953772522929775,1787953772522105072,5349607737848,0,0,0,0
tx,101,101,1,1,1787953772522933275,1787953772522105072,5349607741459,5349607753218,72,0,0
rx,102,102,1,1,1787953772537871460,1787953772537108812,5349622679533,0,0,0,0
tx,102,102,1,1,1787953772537874997,1787953772537108812,5349622683181,5349622697459,72,0,0
rx,103,103,1,1,1787953772553903090,1787953772552848683,5349638711163,0,0,0,0
tx,103,103,1,1,1787953772553907109,1787953772552848683,5349638715385,5349638731829,72,0,0
rx,104,104,1,1,1787953772567792016,1787953772567367368,5349652600070,0,0,0,0
tx,104,104,1,1,1787953772567795849,1787953772567367368,5349652604033,5349652620718,72,0,0
rx,105,105,1,1,1787953772582744109,1787953772582167701,5349667552181,0,0,0,0
tx,105,105,1,1,1787953772582747849,1787953772582167701,5349667556033,5349667570829,72,0,0
rx,106,106,1,1,1787953772597691664,1787953772597150738,5349682499737,0,0,0,0
tx,106,106,1,1,1787953772597697442,1787953772597150738,5349682505681,5349682522459,72,0,0
rx,107,107,1,1,1787953772612641201,1787953772612282849,5349697449255,0,0,0,0
tx,107,107,1,1,1787953772612644831,1787953772612282849,5349697453070,5349697465070,72,0,0
rx,108,108,1,1,1787953772627576683,1787953772627315923,5349712384755,0,0,0,0
tx,108,108,1,1,1787953772627580405,1787953772627315923,5349712388588,5349712400848,72,0,0
rx,109,109,1,1,1787953772642526053,1787953772642268738,5349727334125,0,0,0,0
tx,109,109,1,1,1787953772642530312,1787953772642268738,5349727338496,5349727357292,72,0,0
rx,110,110,1,1,1787953772658545923,1787953772657908831,5349743353977,0,0,0,0
tx,110,110,1,1,1787953772658549201,1787953772657908831,5349743357403,5349743371199,72,0,0
rx,111,111,1,1,1787953772672424738,1787953772672019460,5349757232811,0,0,0,0
tx,111,111,1,1,1787953772672428479,1787953772672019460,5349757236644,5349757251570,72,0,0
rx,112,112,1,1,1787953772687380238,1787953772687182608,5349772188292,0,0,0,0
tx,112,112,1,1,1787953772687384534,1787953772687182608,5349772192866,5349772212348,72,0,0
rx,113,113,1,1,1787953772702336183,1787953772702115942,5349787144255,0,0,0,0
tx,113,113,1,1,1787953772702341034,1787953772702115942,5349787149218,5349787162088,72,0,0
rx,114,114,1,1,1787953772717271849,1787953772717251757,5349802079922,0,0,0,0
tx,114,114,1,1,1787953772717275183,1787953772717251757,5349802083366,5349802095292,72,0,0
rx,115,115,1,1,1787953772732209294,1787953772732158627,5349817017385,0,0,0,0
tx,115,115,1,1,1787953772732212646,1787953772732158627,5349817020848,5349817033588,72,0,0
rx,116,116,1,1,1787953772748225294,1787953772747161164,5349833033366,0,0,0,0
tx,116,116,1,1,1787953772748229349,1787953772747161164,5349833037533,5349833055922,72,0,0
rx,117,117,1,1,1787953772763181405,1787953772762918294,5349847989459,0,0,0,0
tx,117,117,1,1,1787953772763185294,1787953772762918294,5349847993477,5349848033773,72,0,0
rx,118,118,1,1,1787953772778156479,1787953772777471497,5349862964551,0,0,0,0
tx,118,118,1,1,1787953772778159979,1787953772777471497,5349862968162,5349862980477,72,0,0
rx,119,119,1,1,1787953772793105849,1787953772792970701,5349877913922,0,0,0,0
tx,119,119,1,1,1787953772793109775,1787953772792970701,5349877917996,5349877938903,72,0,0
rx,120,120,1,1,1787953772808082349,1787953772807836812,5349892890422,0,0,0,0
tx,120,120,1,1,1787953772808085886,1787953772807836812,5349892894107,5349892907607,72,0,0
rx,121,121,1,1,1787953772823022997,1787953772822491590,5349907831070,0,0,0,0
tx,121,121,1,1,1787953772823028108,1787953772822491590,5349907836292,5349907849255,72,0,0
rx,122,122,1,1,1787953772837966386,1787953772837520294,5349922774459,0,0,0,0
tx,122,122,1,1,1787953772837969664,1787953772837520294,5349922777848,5349922790718,72,0,0
rx,123,123,1,1,1787953772852912831,1787953772852369405,5349937720903,0,0,0,0
tx,123,123,1,1,1787953772852916571,1787953772852369405,5349937724792,5349937740422,72,0,0
rx,124,124,1,1,1787953772868047608,1787953772867277108,5349952855681,0,0,0,0
tx,124,124,1,1,1787953772868052127,1787953772867277108,5349952860366,5349952885218,72,0,0
rx,125,125,1,1,1787953772881967608,1787953772881858923,5349966775681,0,0,0,0
tx,125,125,1,1,1787953772881971386,1787953772881858923,5349966779570,5349966795347,72,0,0
rx,126,126,1,1,1787953772898030997,1787953772897170757,5349982839051,0,0,0,0
tx,126,126,1,1,1787953772898035331,1787953772897170757,5349982843514,5349982863051,72,0,0
rx,127,127,1,1,1787953772912991479,1787953772912003794,5349997799533,0,0,0,0
tx,127,127,1,1,1787953772912995238,1787953772912003794,5349997803422,5349997817440,72,0,0
rx,128,128,1,1,1787953772927928886,1787953772927068423,5350012736940,0,0,0,0
tx,128,128,1,1,1787953772927933738,1787953772927068423,5350012741922,5350012753755,72,0,0
rx,129,129,1,1,1787953772942896794,1787953772942481331,5350027704755,0,0,0,0
tx,129,129,1,1,1787953772942901108,1787953772942481331,5350027709292,5350027727607,72,0,0
rx,130,130,1,1,1787953772957866275,1787953772957251664,5350042674329,0,0,0,0
tx,130,130,1,1,1787953772957870645,1787953772957251664,5350042678829,5350042694384,72,0,0
rx,131,131,1,1,1787953772972790627,1787953772972366756,5350057598681,0,0,0,0
tx,131,131,1,1,1787953772972794905,1787953772972366756,5350057603088,5350057618144,72,0,0
rx,132,132,1,1,1787953772987755219,1787953772987027960,5350072563273,0,0,0,0
tx,132,132,1,1,1787953772987759238,1787953772987027960,5350072567551,5350072588755,72,0,0
rx,133,133,1,1,1787953773002712571,1787953773001841590,5350087520625,0,0,0,0
tx,133,133,1,1,1787953773002716108,1787953773001841590,5350087524292,5350087536699,72,0,0
rx,134,134,1,1,1787953773017649405,1787953773017073960,5350102457459,0,0,0,0
tx,134,134,1,1,1787953773017652719,1787953773017073960,5350102460903,5350102473551,72,0,0
rx,135,135,1,1,1787953773032586331,1787953773032245775,5350117394310,0,0,0,0
tx,135,135,1,1,1787953773032592164,1787953773032245775,5350117400421,5350117416940,72,0,0
rx,136,136,1,1,1787953773047542145,1787953773047498331,5350132350218,0,0,0,0
tx,136,136,1,1,1787953773047545812,1787953773047498331,5350132353996,5350132369773,72,0,0
rx,137,137,1,1,1787953773062511738,1787953773062037164,5350147319810,0,0,0,0
tx,137,137,1,1,1787953773062515775,1787953773062037164,5350147323958,5350147340310,72,0,0
rx,138,138,1,1,1787953773078524405,1787953773077576812,5350163332458,0,0,0,0
tx,138,138,1,1,1787953773078528145,1787953773077576812,5350163336329,5350163349625,72,0,0
rx,139,139,1,1,1787953773092412423,1787953773092107701,5350177220477,0,0,0,0
tx,139,139,1,1,1787953773092416405,1787953773092107701,5350177224644,5350177245310,72,0,0
rx,140,140,1,1,1787953773107369590,1787953773107250979,5350192177644,0,0,0,0
tx,140,140,1,1,1787953773107373293,1787953773107250979,5350192181477,5350192194051,72,0,0
rx,141,141,1,1,1787953773123370034,1787953773122442182,5350208178107,0,0,0,0
tx,141,141,1,1,1787953773123373516,1787953773122442182,5350208181699,5350208193755,72,0,0
rx,142,142,1,1,1787953773138319386,1787953773137450793,5350223127347,0,0,0,0
tx,142,142,1,1,1787953773138323330,1787953773137450793,5350223131625,5350223150366,72,0,0
rx,143,143,1,1,1787953773152207497,1787953773151802645,5350237015588,0,0,0,0
tx,143,143,1,1,1787953773152210905,1787953773151802645,5350237019088,5350237031755,72,0,0
rx,144,144,1,1,1787953773167146108,1787953773166840905,5350251954181,0,0,0,0
tx,144,144,1,1,1787953773167149849,1787953773166840905,5350251958033,5350251973236,72,0,0
rx,145,145,1,1,1787953773183154349,1787953773182147756,5350267962421,0,0,0,0
tx,145,145,1,1,1787953773183157756,1787953773182147756,5350267965940,5350267978458,72,0,0
rx,146,146,1,1,1787953773197036349,1787953773196857738,5350281844403,0,0,0,0
tx,146,146,1,1,1787953773197040645,1787953773196857738,5350281848829,5350281867403,72,0,0
rx,147,147,1,1,1787953773213054590,1787953773212290275,5350297862662,0,0,0,0
tx,147,147,1,1,1787953773213058330,1787953773212290275,5350297866514,5350297879625,72,0,0
rx,148,148,1,1,1787953773227991645,1787953773227098423,5350312799718,0,0,0,0
tx,148,148,1,1,1787953773227994997,1787953773227098423,5350312803181,5350312814551,72,0,0
rx,149,149,1,1,1787953773242937534,1787953773242095497,5350327745607,0,0,0,0
tx,149,149,1,1,1787953773242941608,1787953773242095497,5350327749847,5350327768255,72,0,0
rx,150,150,1,1,1787953773257885793,1787953773256878719,5350342693866,0,0,0,0
tx,150,150,1,1,1787953773257890793,1787953773256878719,5350342698977,5350342711088,72,0,0
rx,151,151,1,1,1787953773272822386,1787953773272356164,5350357630458,0,0,0,0
tx,151,151,1,1,1787953773272826367,1787953773272356164,5350357634551,5350357648347,72,0,0
rx,152,152,1,1,1787953773287778330,1787953773287602719,5350372586403,0,0,0,0
tx,152,152,1,1,1787953773287782293,1787953773287602719,5350372590477,5350372610273,72,0,0
rx,153,153,1,1,1787953773302733071,1787953773301939108,5350387541125,0,0,0,0
tx,153,153,1,1,1787953773302736738,1787953773301939108,5350387544921,5350387558755,72,0,0
rx,154,154,1,1,1787953773317673793,1787953773316982497,5350402481866,0,0,0,0
tx,154,154,1,1,1787953773317677386,1787953773316982497,5350402485569,5350402497625,72,0,0
rx,155,155,1,1,1787953773332636127,1787953773332108293,5350417444199,0,0,0,0
tx,155,155,1,1,1787953773332640164,1787953773332108293,5350417448347,5350417465477,72,0,0
rx,156,156,1,1,1787953773347595016,1787953773347214460,5350432403069,0,0,0,0
tx,156,156,1,1,1787953773347598645,1787953773347214460,5350432406847,5350432421421,72,0,0
rx,157,157,1,1,1787953773362535941,1787953773362401312,5350447344014,0,0,0,0
tx,157,157,1,1,1787953773362541201,1787953773362401312,5350447349384,5350447363829,72,0,0
rx,158,158,1,1,1787953773377476886,1787953773377010738,5350462284940,0,0,0,0
tx,158,158,1,1,1787953773377480145,1787953773377010738,5350462288329,5350462300606,72,0,0
rx,159,159,1,1,1787953773393491775,1787953773392585404,5350478299847,0,0,0,0
tx,159,159,1,1,1787953773393496349,1787953773392585404,5350478304606,5350478324643,72,0,0
rx,160,160,1,1,1787953773407390793,1787953773406870608,5350492198866,0,0,0,0
tx,160,160,1,1,1787953773407394293,1787953773406870608,5350492202532,5350492215829,72,0,0
rx,161,161,1,1,1787953773422346960,1787953773421783534,5350507155032,0,0,0,0
tx,161,161,1,1,1787953773422350608,1787953773421783534,5350507158792,5350507171495,72,0,0
rx,162,162,1,1,1787953773437343478,1787953773437134164,5350522151551,0,0,0,0
tx,162,162,1,1,1787953773437347497,1787953773437134164,5350522155736,5350522174180,72,0,0
rx,163,163,1,1,1787953773452311590,1787953773451844034,5350537119662,0,0,0,0
tx,163,163,1,1,1787953773452315219,1787953773451844034,5350537123403,5350537139755,72,0,0
rx,164,164,1,1,1787953773468323497,1787953773467273756,5350553131458,0,0,0,0
tx,164,164,1,1,1787953773468327127,1787953773467273756,5350553135310,5350553150180,72,0,0
rx,165,165,1,1,1787953773482193571,1787953773482042682,5350567001643,0,0,0,0
tx,165,165,1,1,1787953773482197052,1787953773482042682,5350567005292,5350567017329,72,0,0
rx,166,166,1,1,1787953773497145423,1787953773497130404,5350581953477,0,0,0,0
tx,166,166,1,1,1787953773497149460,1787953773497130404,5350581957699,5350581977032,72,0,0
rx,167,167,1,1,1787953773513167960,1787953773512283701,5350597975940,0,0,0,0
tx,167,167,1,1,1787953773513171571,1787953773512283701,5350597979755,5350597993125,72,0,0
rx,168,168,1,1,1787953773528111071,1787953773527135756,5350612919143,0,0,0,0
tx,168,168,1,1,1787953773528114571,1787953773527135756,5350612922755,5350612935625,72,0,0
rx,169,169,1,1,1787953773543061423,1787953773541985923,5350627869495,0,0,0,0
tx,169,169,1,1,1787953773543065478,1787953773541985923,5350627873662,5350627891403,72,0,0
rx,170,170,1,1,1787953773556947775,1787953773556917682,5350641755847,0,0,0,0
tx,170,170,1,1,1787953773556951386,1787953773556917682,5350641759569,5350641772366,72,0,0
rx,171,171,1,1,1787953773571886145,1787953773571866349,5350656694106,0,0,0,0
tx,171,171,1,1,1787953773571891645,1787953773571866349,5350656699829,5350656713569,72,0,0
rx,172,172,1,1,1787953773587923849,1787953773587325738,5350672731921,0,0,0,0
tx,172,172,1,1,1787953773587929867,1787953773587325738,5350672738125,5350672755329,72,0,0
rx,173,173,1,1,1787953773607137997,1787953773606904867,5350691946069,0,0,0,0
tx,173,173,1,1,1787953773607141441,1787953773606904867,5350691949625,5350691962995,72,0,0
rx,174,174,1,1,1787953773617816830,1787953773617010145,5350702624903,0,0,0,0
tx,174,174,1,1,1787953773617820367,1787953773617010145,5350702628680,5350702640329,72,0,0
rx,175,175,1,1,1787953773632752682,1787953773631966756,5350717560754,0,0,0,0
tx,175,175,1,1,1787953773632756163,1787953773631966756,5350717564347,5350717576606,72,0,0
rx,176,176,1,1,1787953773647700812,1787953773646849071,5350732508884,0,0,0,0
tx,176,176,1,1,1787953773647705071,1787953773646849071,5350732513273,5350732531514,72,0,0
rx,177,177,1,1,1787953773662661182,1787953773662489126,5350747469180,0,0,0,0
tx,177,177,1,1,1787953773662664978,1787953773662489126,5350747473199,5350747489329,72,0,0
rx,178,178,1,1,1787953773677608793,1787953773677273367,5350762416866,0,0,0,0
tx,178,178,1,1,1787953773677612219,1787953773677273367,5350762420421,5350762432773,72,0,0
rx,179,179,1,1,1787953773692557886,1787953773692110626,5350777365958,0,0,0,0
tx,179,179,1,1,1787953773692564108,1787953773692110626,5350777372384,5350777389773,72,0,0
rx,180,180,1,1,1787953773708576460,1787953773708237978,5350793384532,0,0,0,0
tx,180,180,1,1,1787953773708579849,1787953773708237978,5350793388032,5350793400791,72,0,0
rx,181,181,1,1,1787953773723513200,1787953773722595200,5350808321273,0,0,0,0
tx,181,181,1,1,1787953773723516682,1787953773722595200,5350808324866,5350808336532,72,0,0
rx,182,182,1,1,1787953773737396034,1787953773737314256,5350822204106,0,0,0,0
tx,182,182,1,1,1787953773737399663,1787953773737314256,5350822207884,5350822226514,72,0,0
rx,183,183,1,1,1787953773753415737,1787953773752795682,5350838223699,0,0,0,0
tx,183,183,1,1,1787953773753419293,1787953773752795682,5350838227477,5350838240106,72,0,0
rx,184,184,1,1,1787953773767290163,1787953773766978756,5350852098069,0,0,0,0
tx,184,184,1,1,1787953773767293756,1787953773766978756,5350852102236,5350852116069,72,0,0
rx,185,185,1,1,1787953773782236145,1787953773781953237,5350867044217,0,0,0,0
tx,185,185,1,1,1787953773782240089,1787953773781953237,5350867048328,5350867065014,72,0,0
rx,186,186,1,1,1787953773798255830,1787953773797923552,5350883063903,0,0,0,0
tx,186,186,1,1,1787953773798259497,1787953773797923552,5350883067680,5350883082310,72,0,0
rx,187,187,1,1,1787953773814259478,1787953773813220219,5350899067551,0,0,0,0
tx,187,187,1,1,1787953773814264886,1787953773813220219,5350899073069,5350899085680,72,0,0
rx,188,188,1,1,1787953773827068200,1787953773826972015,5350911876273,0,0,0,0
tx,188,188,1,1,1787953773827071589,1787953773826972015,5350911879773,5350911892069,72,0,0
rx,189,189,1,1,1787953773843101515,1787953773842447534,5350927909588,0,0,0,0
tx,189,189,1,1,1787953773843105367,1787953773842447534,5350927913588,5350927931180,72,0,0
rx,190,190,1,1,1787953773858118200,1787953773857112256,5350942926273,0,0,0,0
tx,190,190,1,1,1787953773858123719,1787953773857112256,5350942931958,5350942960125,72,0,0
rx,191,191,1,1,1787953773873105849,1787953773872043256,5350957913921,0,0,0,0
tx,191,191,1,1,1787953773873109941,1787953773872043256,5350957918162,5350957934088,72,0,0
rx,192,192,1,1,1787953773887023478,1787953773886980534,5350971831551,0,0,0,0
tx,192,192,1,1,1787953773887028163,1787953773886980534,5350971836365,5350971857032,72,0,0
rx,193,193,1,1,1787953773902004404,1787953773901991052,5350986812477,0,0,0,0
tx,193,193,1,1,1787953773902009460,1787953773901991052,5350986817699,5350986830328,72,0,0
rx,194,194,1,1,1787953773918006404,1787953773917239515,5351002814439,0,0,0,0
tx,194,194,1,1,1787953773918011682,1787953773917239515,5351002819902,5351002831643,72,0,0
rx,195,195,1,1,1787953773932158997,1787953773932043663,5351016967069,0,0,0,0
tx,195,195,1,1,1787953773932163682,1787953773932043663,5351016971939,5351016994662,72,0,0
rx,196,196,1,1,1787953773947153089,1787953773946778015,5351031961162,0,0,0,0
tx,196,196,1,1,1787953773947157478,1787953773946778015,5351031965717,5351031986088,72,0,0
rx,197,197,1,1,1787953773962171608,1787953773961796200,5351046979680,0,0,0,0
tx,197,197,1,1,1787953773962175460,1787953773961796200,5351046983699,5351046998625,72,0,0
rx,198,198,1,1,1787953773978181941,1787953773977124182,5351062990014,0,0,0,0
tx,198,198,1,1,1787953773978186200,1787953773977124182,5351062994384,5351063009643,72,0,0
rx,199,199,1,1,1787953773992078015,1787953773991972052,5351076886088,0,0,0,0
tx,199,199,1,1,1787953773992082089,1787953773991972052,5351076890347,5351076909162,72,0,0
rx,200,200,1,1,1787953774008101923,1787953774007297274,5351092909976,0,0,0,0
tx,200,200,1,1,1787953774008105682,1787953774007297274,5351092913865,5351092925810,72,0,0
rx,201,0,1,1,1787953774023036589,1787953774022235108,5351107844662,0,0,0,0
tx,201,0,1,1,1787953774023041793,1787953774022235108,5351107849995,5351107861847,72,0,0
rx,202,1,1,1,1787953774037982589,1787953774037383256,5351122790643,0,0,0,0
tx,202,1,1,1,1787953774037987034,1787953774037383256,5351122795217,5351122811791,72,0,0
rx,203,2,1,1,1787953774051869608,1787953774051853311,5351136677680,0,0,0,0
tx,203,2,1,1,1787953774051873145,1787953774051853311,5351136681384,5351136693958,72,0,0
rx,204,3,1,1,1787953774067875385,1787953774067327626,5351152683458,0,0,0,0
tx,204,3,1,1,1787953774067879293,1787953774067327626,5351152687569,5351152703013,72,0,0
rx,205,4,1,1,1787953774082824793,1787953774082269608,5351167632773,0,0,0,0
tx,205,4,1,1,1787953774082828737,1787953774082269608,5351167636995,5351167655606,72,0,0
rx,206,5,1,1,1787953774097802811,1787953774097499385,5351182610884,0,0,0,0
tx,206,5,1,1,1787953774097806756,1787953774097499385,5351182614939,5351182629013,72,0,0
rx,207,6,1,1,1787953774112744034,1787953774112594737,5351197552087,0,0,0,0
tx,207,6,1,1,1787953774112747571,1787953774112594737,5351197555754,5351197567865,72,0,0
rx,208,7,1,1,1787953774127680904,1787953774127513608,5351212488958,0,0,0,0
tx,208,7,1,1,1787953774127686404,1787953774127513608,5351212494625,5351212510199,72,0,0
rx,209,8,1,1,1787953774142642293,1787953774142294441,5351227450347,0,0,0,0
tx,209,8,1,1,1787953774142646367,1787953774142294441,5351227454606,5351227471087,72,0,0
rx,210,9,1,1,1787953774157590237,1787953774156801071,5351242398310,0,0,0,0
tx,210,9,1,1,1787953774157593830,1787953774156801071,5351242402013,5351242414125,72,0,0
rx,211,10,1,1,1787953774172526237,1787953774172423404,5351257334310,0,0,0,0
tx,211,10,1,1,1787953774172530034,1787953774172423404,5351257338217,5351257352384,72,0,0
rx,212,11,1,1,1787953774188543922,1787953774187571348,5351273351976,0,0,0,0
tx,212,11,1,1,1787953774188548145,1787953774187571348,5351273356421,5351273375495,72,0,0
rx,213,12,1,1,1787953774202435996,1787953774201985756,5351287244069,0,0,0,0
tx,213,12,1,1,1787953774202439645,1787953774201985756,5351287247828,5351287260624,72,0,0
rx,214,13,1,1,1787953774218437145,1787953774217784867,5351303245199,0,0,0,0
tx,214,13,1,1,1787953774218440626,1787953774217784867,5351303248810,5351303260699,72,0,0
rx,215,14,1,1,1787953774233378237,1787953774233034756,5351318186310,0,0,0,0
tx,215,14,1,1,1787953774233382126,1787953774233034756,5351318190347,5351318206532,72,0,0
rx,216,15,1,1,1787953774248336978,1787953774247383959,5351333145032,0,0,0,0
tx,216,15,1,1,1787953774248342404,1787953774247383959,5351333150569,5351333164902,72,0,0
rx,217,16,1,1,1787953774262284293,1787953774262068885,5351347092254,0,0,0,0
tx,217,16,1,1,1787953774262293478,1787953774262068885,5351347101736,5351347132495,72,0,0
rx,218,17,1,1,1787953774277578645,1787953774277502996,5351362386532,0,0,0,0
tx,218,17,1,1,1787953774277587219,1787953774277502996,5351362395476,5351362427939,72,0,0
rx,219,18,1,1,1787953774292906848,1787953774292594441,5351377714810,0,0,0,0
tx,219,18,1,1,1787953774292916293,1787953774292594441,5351377724569,5351377762847,72,0,0
rx,220,19,1,1,1787953774308228441,1787953774307410737,5351393036310,0,0,0,0
tx,220,19,1,1,1787953774308237274,1787953774307410737,5351393045532,5351393078087,72,0,0
rx,221,20,1,1,1787953774323527608,1787953774322531737,5351408335569,0,0,0,0
tx,221,20,1,1,1787953774323536070,1787953774322531737,5351408344328,5351408373328,72,0,0
rx,222,21,1,1,1787953774338845608,1787953774337747274,5351423653550,0,0,0,0
tx,222,21,1,1,1787953774338854848,1787953774337747274,5351423663124,5351423699513,72,0,0
rx,223,22,1,1,1787953774353094996,1787953774352210719,5351437902939,0,0,0,0
tx,223,22,1,1,1787953774353107811,1787953774352210719,5351437916087,5351437944661,72,0,0
rx,224,23,1,1,1787953774368368367,1787953774367666626,5351453176347,0,0,0,0
tx,224,23,1,1,1787953774368376348,1787953774367666626,5351453184606,5351453213717,72,0,0
rx,225,24,1,1,1787953774382536756,1787953774382310348,5351467344735,0,0,0,0
tx,225,24,1,1,1787953774382544441,1787953774382310348,5351467352698,5351467385347,72,0,0
rx,226,25,1,1,1787953774397775904,1787953774397104978,5351482583902,0,0,0,0
tx,226,25,1,1,1787953774397783385,1787953774397104978,5351482591624,5351482619643,72,0,0
rx,227,26,1,1,1787953774412992367,1787953774411988459,5351497800365,0,0,0,0
tx,227,26,1,1,1787953774412999978,1787953774411988459,5351497808235,5351497834810,72,0,0
rx,228,27,1,1,1787953774428210274,1787953774427474126,5351513018254,0,0,0,0
tx,228,27,1,1,1787953774428218626,1787953774427474126,5351513026865,5351513061291,72,0,0
rx,229,28,1,1,1787953774443460644,1787953774443011496,5351528268624,0,0,0,0
tx,229,28,1,1,1787953774443468070,1787953774443011496,5351528276310,5351528308013,72,0,0
rx,230,29,1,1,1787953774458709922,1787953774457700200,5351543517902,0,0,0,0
tx,230,29,1,1,1787953774458717737,1787953774457700200,5351543525976,5351543557661,72,0,0
rx,231,30,1,1,1787953774472882330,1787953774472276385,5351557690328,0,0,0,0
tx,231,30,1,1,1787953774472890107,1787953774472276385,5351557698347,5351557728569,72,0,0
rx,232,31,1,1,1787953774488126163,1787953774487661552,5351572934143,0,0,0,0
tx,232,31,1,1,1787953774488134274,1787953774487661552,5351572942513,5351572978995,72,0,0
rx,233,32,1,1,1787953774502266107,1787953774502170200,5351587074106,0,0,0,0
tx,233,32,1,1,1787953774502273478,1787953774502170200,5351587081735,5351587107902,72,0,0
rx,234,33,1,1,1787953774518550663,1787953774517801274,5351603358661,0,0,0,0
tx,234,33,1,1,1787953774518558496,1787953774517801274,5351603366754,5351603392847,72,0,0
rx,235,34,1,1,1787953774532682404,1787953774532276070,5351617490402,0,0,0,0
tx,235,34,1,1,1787953774532689978,1787953774532276070,5351617498328,5351617529495,72,0,0
rx,236,35,1,1,1787953774547932422,1787953774547843700,5351632740421,0,0,0,0
tx,236,35,1,1,1787953774547939904,1787953774547843700,5351632748143,5351632777124,72,0,0
rx,237,36,1,1,1787953774563178256,1787953774562175756,5351647986272,0,0,0,0
tx,237,36,1,1,1787953774563185718,1787953774562175756,5351647993958,5351648047458,72,0,0
rx,238,37,1,1,1787953774577330441,1787953774577213070,5351662138458,0,0,0,0
tx,238,37,1,1,1787953774577337848,1787953774577213070,5351662146254,5351662174995,72,0,0
rx,239,38,1,1,1787953774593661015,1787953774592590811,5351678469032,0,0,0,0
tx,239,38,1,1,1787953774593668904,1787953774592590811,5351678477161,5351678510791,72,0,0
rx,240,39,1,1,1787953774607808274,1787953774607768885,5351692616272,0,0,0,0
tx,240,39,1,1,1787953774607815496,1787953774607768885,5351692623735,5351692648828,72,0,0
rx,241,40,1,1,1787953774623044237,1787953774622236607,5351707852235,0,0,0,0
tx,241,40,1,1,1787953774623051830,1787953774622236607,5351707860069,5351707884939,72,0,0
rx,242,41,1,1,1787953774637187755,1787953774637087293,5351721995754,0,0,0,0
tx,242,41,1,1,1787953774637195607,1787953774637087293,5351722003865,5351722037809,72,0,0
rx,243,42,1,1,1787953774653495052,1787953774653203070,5351738303050,0,0,0,0
tx,243,42,1,1,1787953774653502478,1787953774653203070,5351738310735,5351738336143,72,0,0
rx,244,43,1,1,1787953774667651144,1787953774667597311,5351752459143,0,0,0,0
tx,244,43,1,1,1787953774667662626,1787953774667597311,5351752470883,5351752500532,72,0,0
rx,245,44,1,1,1787953774682877607,1787953774681981996,5351767685624,0,0,0,0
tx,245,44,1,1,1787953774682889626,1787953774681981996,5351767697883,5351767728661,72,0,0
rx,246,45,1,1,1787953774698113552,1787953774697142330,5351782921532,0,0,0,0
tx,246,45,1,1,1787953774698120867,1787953774697142330,5351782929124,5351782958143,72,0,0
rx,247,46,1,1,1787953774713323052,1787953774712619033,5351798131032,0,0,0,0
tx,247,46,1,1,1787953774713330311,1787953774712619033,5351798138569,5351798163439,72,0,0
rx,248,47,1,1,1787953774728530978,1787953774727738330,5351813338958,0,0,0,0
tx,248,47,1,1,1787953774728538441,1787953774727738330,5351813346698,5351813377958,72,0,0
rx,249,48,1,1,1787953774742685089,1787953774742574774,5351827493087,0,0,0,0
tx,249,48,1,1,1787953774742692404,1787953774742574774,5351827500643,5351827529495,72,0,0
rx,250,49,1,1,1787953774757900255,1787953774757384422,5351842708235,0,0,0,0
tx,250,49,1,1,1787953774757907515,1787953774757384422,5351842715772,5351842741569,72,0,0
rx,251,50,1,1,1787953774772048163,1787953774771961904,5351856856143,0,0,0,0
tx,251,50,1,1,1787953774772058811,1787953774771961904,5351856867050,5351856896772,72,0,0
rx,252,51,1,1,1787953774787279681,1787953774787060200,5351872087698,0,0,0,0
tx,252,51,1,1,1787953774787287978,1787953774787060200,5351872096235,5351872129717,72,0,0
rx,253,52,1,1,1787953774803596144,1787953774802824552,5351888404143,0,0,0,0
tx,253,52,1,1,1787953774803607144,1787953774802824552,5351888415383,5351888441772,72,0,0
rx,254,53,1,1,1787953774818801015,1787953774818010422,5351903609032,0,0,0,0
tx,254,53,1,1,1787953774818808274,1787953774818010422,5351903616513,5351903640920,72,0,0
rx,255,54,1,1,1787953774832957589,1787953774831940478,5351917765587,0,0,0,0
tx,255,54,1,1,1787953774832965366,1787953774831940478,5351917773606,5351917805254,72,0,0
rx,256,55,1,1,1787953774848218163,1787953774847286904,5351933026161,0,0,0,0
tx,256,55,1,1,1787953774848225496,1787953774847286904,5351933033754,5351933060865,72,0,0
rx,257,56,1,1,1787953774863613348,1787953774862771515,5351948421328,0,0,0,0
tx,257,56,1,1,1787953774863622181,1787953774862771515,5351948430439,5351948472050,72,0,0
rx,258,57,1,1,1787953774877879996,1787953774877018200,5351962687994,0,0,0,0
tx,258,57,1,1,1787953774877888366,1787953774877018200,5351962696717,5351962734272,72,0,0
rx,259,58,1,1,1787953774893143552,1787953774892977348,5351977951569,0,0,0,0
tx,259,58,1,1,1787953774893151533,1787953774892977348,5351977959791,5351977989902,72,0,0
rx,260,59,1,1,1787953774907277441,1787953774907110385,5351992085420,0,0,0,0
tx,260,59,1,1,1787953774907284885,1787953774907110385,5351992093124,5351992119698,72,0,0
rx,261,60,1,1,1787953774922483126,1787953774922294478,5352007291124,0,0,0,0
tx,261,60,1,1,1787953774922490459,1787953774922294478,5352007298698,5352007325291,72,0,0
rx,262,61,1,1,1787953774937713774,1787953774937241996,5352022521772,0,0,0,0
tx,262,61,1,1,1787953774937722181,1787953774937241996,5352022530457,5352022565161,72,0,0
rx,263,62,1,1,1787953774952981589,1787953774952564903,5352037789587,0,0,0,0
tx,263,62,1,1,1787953774952990089,1787953774952564903,5352037798328,5352037828661,72,0,0
rx,264,63,1,1,1787953774969316515,1787953774968366052,5352054124494,0,0,0,0
tx,264,63,1,1,1787953774969324996,1787953774968366052,5352054133235,5352054163198,72,0,0
rx,265,64,1,1,1787953774982386366,1787953774981971866,5352067194346,0,0,0,0
tx,265,64,1,1,1787953774982394107,1787953774981971866,5352067202439,5352067232661,72,0,0
rx,266,65,1,1,1787953774997620033,1787953774997149848,5352082428031,0,0,0,0
tx,266,65,1,1,1787953774997631015,1787953774997149848,5352082439272,5352082468087,72,0,0
rx,267,66,1,1,1787953775012821496,1787953775011980218,5352097629494,0,0,0,0
tx,267,66,1,1,1787953775012832589,1787953775011980218,5352097640846,5352097665883,72,0,0
rx,268,67,1,1,1787953775028016237,1787953775027817959,5352112824235,0,0,0,0
tx,268,67,1,1,1787953775028023626,1787953775027817959,5352112831865,5352112857050,72,0,0
rx,269,68,1,1,1787953775043247459,1787953775042293348,5352128055457,0,0,0,0
tx,269,68,1,1,1787953775043255607,1787953775042293348,5352128063865,5352128095605,72,0,0
rx,270,69,1,1,1787953775057398940,1787953775056887200,5352142206939,0,0,0,0
tx,270,69,1,1,1787953775057406403,1787953775056887200,5352142214642,5352142240624,72,0,0
rx,271,70,1,1,1787953775073714755,1787953775072813552,5352158522754,0,0,0,0
tx,271,70,1,1,1787953775073722422,1787953775072813552,5352158530680,5352158559142,72,0,0
rx,272,71,1,1,1787953775087874885,1787953775087354755,5352172682883,0,0,0,0
tx,272,71,1,1,1787953775087882700,1787953775087354755,5352172690939,5352172726883,72,0,0
rx,273,72,1,1,1787953775103110663,1787953775102430089,5352187918680,0,0,0,0
tx,273,72,1,1,1787953775103117811,1787953775102430089,5352187926050,5352187952254,72,0,0
rx,274,73,1,1,1787953775118308737,1787953775117334737,5352203116717,0,0,0,0
tx,274,73,1,1,1787953775118319237,1787953775117334737,5352203127494,5352203152791,72,0,0
rx,275,74,1,1,1787953775132468274,1787953775132210885,5352217276254,0,0,0,0
tx,275,74,1,1,1787953775132476366,1787953775132210885,5352217284661,5352217314883,72,0,0
rx,276,75,1,1,1787953775147710663,1787953775147409107,5352232518661,0,0,0,0
tx,276,75,1,1,1787953775147718218,1787953775147409107,5352232526476,5352232555457,72,0,0
rx,277,76,1,1,1787953775162954051,1787953775162563663,5352247762068,0,0,0,0
tx,277,76,1,1,1787953775162961385,1787953775162563663,5352247769642,5352247795587,72,0,0
rx,278,77,1,1,1787953775179250051,1787953775178191385,5352264058031,0,0,0,0
tx,278,77,1,1,1787953775179258385,1787953775178191385,5352264066642,5352264100087,72,0,0
rx,279,78,1,1,1787953775192397033,1787953775192051440,5352277205013,0,0,0,0
tx,279,78,1,1,1787953775192404422,1787953775192051440,5352277212661,5352277241291,72,0,0
rx,280,79,1,1,1787953775208692514,1787953775207601588,5352293500513,0,0,0,0
tx,280,79,1,1,1787953775208700163,1787953775207601588,5352293508420,5352293533772,72,0,0
rx,281,80,1,1,1787953775222819348,1787953775222235274,5352307627346,0,0,0,0
tx,281,80,1,1,1787953775222830792,1787953775222235274,5352307639142,5352307668976,72,0,0
rx,282,81,1,1,1787953775238037440,1787953775237722811,5352322845420,0,0,0,0
tx,282,81,1,1,1787953775238045163,1787953775237722811,5352322853513,5352322881753,72,0,0
rx,283,82,1,1,1787953775252202348,1787953775251851996,5352337010365,0,0,0,0
tx,283,82,1,1,1787953775252210181,1787953775251851996,5352337018439,5352337046735,72,0,0
rx,284,83,1,1,1787953775267441866,1787953775267178218,5352352249846,0,0,0,0
tx,284,83,1,1,1787953775267449125,1787953775267178218,5352352257383,5352352283050,72,0,0
rx,285,84,1,1,1787953775282654663,1787953775282539811,5352367462679,0,0,0,0
tx,285,84,1,1,1787953775282662700,1787953775282539811,5352367470957,5352367502976,72,0,0
rx,286,85,1,1,1787953775297896051,1787953775297098144,5352382704068,0,0,0,0
tx,286,85,1,1,1787953775297903311,1787953775297098144,5352382711550,5352382739753,72,0,0
rx,287,86,1,1,1787953775313104440,1787953775312475866,5352397912439,0,0,0,0
tx,287,86,1,1,1787953775313111700,1787953775312475866,5352397919939,5352397944976,72,0,0
rx,288,87,1,1,1787953775327231644,1787953775327016181,5352412039642,0,0,0,0
tx,288,87,1,1,1787953775327243533,1787953775327016181,5352412051809,5352412082161,72,0,0
rx,289,88,1,1,1787953775342513125,1787953775342372051,5352427321142,0,0,0,0
tx,289,88,1,1,1787953775342521718,1787953775342372051,5352427329976,5352427361402,72,0,0
rx,290,89,1,1,1787953775357742144,1787953775357657237,5352442550142,0,0,0,0
tx,290,89,1,1,1787953775357749348,1787953775357657237,5352442557605,5352442586642,72,0,0
rx,291,90,1,1,1787953775372983885,1787953775372313162,5352457791902,0,0,0,0
tx,291,90,1,1,1787953775372991551,1787953775372313162,5352457799790,5352457829327,72,0,0
rx,292,91,1,1,1787953775388240737,1787953775387224162,5352473048753,0,0,0,0
tx,292,91,1,1,1787953775388249551,1787953775387224162,5352473057790,5352473088439,72,0,0
rx,293,92,1,1,1787953775403481366,1787953775402480959,5352488289365,0,0,0,0
tx,293,92,1,1,1787953775403488792,1787953775402480959,5352488297031,5352488325087,72,0,0
rx,294,93,1,1,1787953775417611329,1787953775417331366,5352502419327,0,0,0,0
tx,294,93,1,1,1787953775417618959,1787953775417331366,5352502427216,5352502451957,72,0,0
rx,295,94,1,1,1787953775432822440,1787953775432421311,5352517630420,0,0,0,0
tx,295,94,1,1,1787953775432830403,1787953775432421311,5352517638753,5352517667624,72,0,0
rx,296,95,1,1,1787953775448048736,1787953775447787607,5352532856753,0,0,0,0
tx,296,95,1,1,1787953775448059755,1787953775447787607,5352532867994,5352532895976,72,0,0
rx,297,96,1,1,1787953775463311607,1787953775462502125,5352548119605,0,0,0,0
tx,297,96,1,1,1787953775463319533,1787953775462502125,5352548127790,5352548158124,72,0,0
rx,298,97,1,1,1787953775478551070,1787953775477986736,5352563359068,0,0,0,0
tx,298,97,1,1,1787953775478559533,1787953775477986736,5352563367790,5352563402568,72,0,0
rx,299,98,1,1,1787953775492729107,1787953775492135977,5352577537105,0,0,0,0
tx,299,98,1,1,1787953775492736755,1787953775492135977,5352577545013,5352577576513,72,0,0
rx,300,99,1,1,1787953775507952922,1787953775507054051,5352592760901,0,0,0,0
tx,300,99,1,1,1787953775507960088,1787953775507054051,5352592768327,5352592793957,72,0,0
rx,301,100,1,1,1787953775523157681,1787953775522417292,5352607965661,0,0,0,0
tx,301,100,1,1,1787953775523165681,1787953775522417292,5352607973939,5352608037050,72,0,0
rx,302,101,1,1,1787953775537323736,1787953775537112088,5352622131735,0,0,0,0
tx,302,101,1,1,1787953775537331162,1787953775537112088,5352622139420,5352622165531,72,0,0
rx,303,102,1,1,1787953775552539348,1787953775552143088,5352637347364,0,0,0,0
tx,303,102,1,1,1787953775552550348,1787953775552143088,5352637358605,5352637385957,72,0,0
rx,304,103,1,1,1787953775567782385,1787953775566928959,5352652590401,0,0,0,0
tx,304,103,1,1,1787953775567789533,1787953775566928959,5352652597790,5352652624013,72,0,0
rx,305,104,1,1,1787953775583007755,1787953775582102348,5352667815772,0,0,0,0
tx,305,104,1,1,1787953775583015977,1787953775582102348,5352667824235,5352667857346,72,0,0
rx,306,105,1,1,1787953775598242866,1787953775597590977,5352683050883,0,0,0,0
tx,306,105,1,1,1787953775598250940,1787953775597590977,5352683059198,5352683089383,72,0,0
rx,307,106,1,1,1787953775612383070,1787953775611882551,5352697191068,0,0,0,0
tx,307,106,1,1,1787953775612390181,1787953775611882551,5352697198438,5352697223272,72,0,0
rx,308,107,1,1,1787953775627599718,1787953775627071755,5352712407605,0,0,0,0
tx,308,107,1,1,1787953775627607644,1787953775627071755,5352712415901,5352712447550,72,0,0
rx,309,108,1,1,1787953775642843125,1787953775642268514,5352727651124,0,0,0,0
tx,309,108,1,1,1787953775642850773,1787953775642268514,5352727659031,5352727687957,72,0,0
rx,310,109,1,1,1787953775658087903,1787953775657343033,5352742895901,0,0,0,0
tx,310,109,1,1,1787953775658095496,1787953775657343033,5352742903735,5352742931198,72,0,0
rx,311,110,1,1,1787953775672247051,1787953775671873125,5352757055068,0,0,0,0
tx,311,110,1,1,1787953775672255070,1787953775671873125,5352757063309,5352757092753,72,0,0
rx,312,111,1,1,1787953775687471755,1787953775687440922,5352772279753,0,0,0,0
tx,312,111,1,1,1787953775687479644,1787953775687440922,5352772287883,5352772318938,72,0,0
rx,313,112,1,1,1787953775702707218,1787953775701993847,5352787515216,0,0,0,0
tx,313,112,1,1,1787953775702714570,1787953775701993847,5352787522827,5352787551716,72,0,0
rx,314,113,1,1,1787953775717923440,1787953775717496329,5352802731438,0,0,0,0
tx,314,113,1,1,1787953775717930607,1787953775717496329,5352802738864,5352802764420,72,0,0
rx,315,114,1,1,1787953775733137070,1787953775732457625,5352817945068,0,0,0,0
tx,315,114,1,1,1787953775733144921,1787953775732457625,5352817953161,5352817983161,72,0,0
rx,316,115,1,1,1787953775747295366,1787953775746952977,5352832103364,0,0,0,0
tx,316,115,1,1,1787953775747302736,1787953775746952977,5352832110994,5352832138920,72,0,0
rx,317,116,1,1,1787953775762531644,1787953775761979718,5352847339661,0,0,0,0
tx,317,116,1,1,1787953775762542088,1787953775761979718,5352847350327,5352847377049,72,0,0
rx,318,117,1,1,1787953775777753366,1787953775777006588,5352862561364,0,0,0,0
tx,318,117,1,1,1787953775777765347,1787953775777006588,5352862573605,5352862604605,72,0,0
rx,319,118,1,1,1787953775792995921,1787953775791982977,5352877803920,0,0,0,0
tx,319,118,1,1,1787953775793003607,1787953775791982977,5352877811846,5352877841290,72,0,0
rx,320,119,1,1,1787953775807130199,1787953775806891088,5352891938216,0,0,0,0
tx,320,119,1,1,1787953775807137681,1787953775806891088,5352891945938,5352891972624,72,0,0
rx,321,120,1,1,1787953775823495736,1787953775822709977,5352908303735,0,0,0,0
tx,321,120,1,1,1787953775823503588,1787953775822709977,5352908311938,5352908344142,72,0,0
rx,322,121,1,1,1787953775837637107,1787953775836994107,5352922445124,0,0,0,0
tx,322,121,1,1,1787953775837644533,1787953775836994107,5352922452772,5352922479272,72,0,0
rx,323,122,1,1,1787953775852859662,1787953775852091718,5352937667549,0,0,0,0
tx,323,122,1,1,1787953775852867347,1787953775852091718,5352937675586,5352937703216,72,0,0
rx,324,123,1,1,1787953775867999681,1787953775867264866,5352952807679,0,0,0,0
tx,324,123,1,1,1787953775868008125,1787953775867264866,5352952816383,5352952856420,72,0,0
rx,325,124,1,1,1787953775883287199,1787953775882649607,5352968095198,0,0,0,0
tx,325,124,1,1,1787953775883299644,1787953775882649607,5352968107883,5352968143123,72,0,0
rx,326,125,1,1,1787953775897464977,1787953775897334236,5352982272994,0,0,0,0
tx,326,125,1,1,1787953775897472718,1787953775897334236,5352982281068,5352982311753,72,0,0
rx,327,126,1,1,1787953775912711273,1787953775912009347,5352997519272,0,0,0,0
tx,327,126,1,1,1787953775912718514,1787953775912009347,5352997526772,5352997553864,72,0,0
rx,328,127,1,1,1787953775928024162,1787953775927272884,5353012832142,0,0,0,0
tx,328,127,1,1,1787953775928032144,1787953775927272884,5353012840383,5353012875716,72,0,0
rx,329,128,1,1,1787953775942166625,1787953775941840125,5353026974623,0,0,0,0
tx,329,128,1,1,1787953775942174755,1787953775941840125,5353026982994,5353027012679,72,0,0
rx,330,129,1,1,1787953775958503588,1787953775957401792,5353043311568,0,0,0,0
tx,330,129,1,1,1787953775958511570,1787953775957401792,5353043319809,5353043349938,72,0,0
rx,331,130,1,1,1787953775972688810,1787953775971923940,5353057496809,0,0,0,0
tx,331,130,1,1,1787953775972697144,1787953775971923940,5353057505494,5353057539309,72,0,0
rx,332,131,1,1,1787953775987918273,1787953775986908255,5353072726272,0,0,0,0
tx,332,131,1,1,1787953775987929088,1787953775986908255,5353072737346,5353072763883,72,0,0
rx,333,132,1,1,1787953776003152292,1787953776002376107,5353087960290,0,0,0,0
tx,333,132,1,1,1787953776003163514,1787953776002376107,5353087971809,5353087999623,72,0,0
rx,334,133,1,1,1787953776017312829,1787953776017005495,5353102120846,0,0,0,0
tx,334,133,1,1,1787953776017320144,1787953776017005495,5353102128438,5353102154420,72,0,0
rx,335,134,1,1,1787953776033601236,1787953776032806514,5353118409197,0,0,0,0
tx,335,134,1,1,1787953776033609107,1787953776032806514,5353118417364,5353118447383,72,0,0
rx,336,135,1,1,1787953776047794829,1787953776047643421,5353132602827,0,0,0,0
tx,336,135,1,1,1787953776047802069,1787953776047643421,5353132610309,5353132638160,72,0,0
rx,337,136,1,1,1787953776063037273,1787953776062570644,5353147845272,0,0,0,0
tx,337,136,1,1,1787953776063044606,1787953776062570644,5353147852846,5353147877920,72,0,0
rx,338,137,1,1,1787953776077169218,1787953776076973069,5353161977105,0,0,0,0
tx,338,137,1,1,1787953776077176995,1787953776076973069,5353161985327,5353162017642,72,0,0
rx,339,138,1,1,1787953776092414255,1787953776092190051,5353177222234,0,0,0,0
tx,339,138,1,1,1787953776092425440,1787953776092190051,5353177233697,5353177261753,72,0,0
rx,340,139,1,1,1787953776108704958,1787953776107920495,5353193512957,0,0,0,0
tx,340,139,1,1,1787953776108715606,1787953776107920495,5353193523864,5353193550401,72,0,0
rx,341,140,1,1,1787953776122835718,1787953776122795921,5353207643716,0,0,0,0
tx,341,140,1,1,1787953776122843366,1787953776122795921,5353207651623,5353207681234,72,0,0
rx,342,141,1,1,1787953776138052958,1787953776137610440,5353222860957,0,0,0,0
tx,342,141,1,1,1787953776138060218,1787953776137610440,5353222868475,5353222894383,72,0,0
rx,343,142,1,1,1787953776153303792,1787953776152225903,5353238111809,0,0,0,0
tx,343,142,1,1,1787953776153311532,1787953776152225903,5353238119771,5353238147623,72,0,0
rx,344,143,1,1,1787953776167492977,1787953776166963866,5353252300994,0,0,0,0
tx,344,143,1,1,1787953776167500588,1787953776166963866,5353252308827,5353252335697,72,0,0
rx,345,144,1,1,1787953776182710440,1787953776181837606,5353267518438,0,0,0,0
tx,345,144,1,1,1787953776182718551,1787953776181837606,5353267526808,5353267557938,72,0,0
rx,346,145,1,1,1787953776197951755,1787953776197290903,5353282759753,0,0,0,0
tx,346,145,1,1,1787953776197959643,1787953776197290903,5353282767901,5353282795642,72,0,0
rx,347,146,1,1,1787953776212078718,1787953776211936255,5353296886716,0,0,0,0
tx,347,146,1,1,1787953776212086088,1787953776211936255,5353296894346,5353296920179,72,0,0
rx,348,147,1,1,1787953776228370829,1787953776227519755,5353313178845,0,0,0,0
tx,348,147,1,1,1787953776228378903,1787953776227519755,5353313187253,5353313217290,72,0,0
rx,349,148,1,1,1787953776242523199,1787953776242290569,5353327331179,0,0,0,0
tx,349,148,1,1,1787953776242530921,1787953776242290569,5353327339160,5353327367697,72,0,0
rx,350,149,1,1,1787953776257737143,1787953776257168717,5353342545160,0,0,0,0
tx,350,149,1,1,1787953776257744217,1787953776257168717,5353342552457,5353342577401,72,0,0
rx,351,150,1,1,1787953776272982514,1787953776272083106,5353357790494,0,0,0,0
tx,351,150,1,1,1787953776272991032,1787953776272083106,5353357799345,5353357833808,72,0,0
rx,352,151,1,1,1787953776287127866,1787953776286850032,5353371935864,0,0,0,0
tx,352,151,1,1,1787953776287134921,1787953776286850032,5353371943160,5353371969586,72,0,0
rx,353,152,1,1,1787953776303496680,1787953776302487940,5353388304660,0,0,0,0
tx,353,152,1,1,1787953776303504551,1787953776302487940,5353388312808,5353388342234,72,0,0
rx,354,153,1,1,1787953776317632106,1787953776317274569,5353402440123,0,0,0,0
tx,354,153,1,1,1787953776317643921,1787953776317274569,5353402452179,5353402483642,72,0,0
rx,355,154,1,1,1787953776332856254,1787953776332547143,5353417664253,0,0,0,0
tx,355,154,1,1,1787953776332863847,1787953776332547143,5353417672086,5353417701253,72,0,0
rx,356,155,1,1,1787953776348093532,1787953776347302866,5353432901512,0,0,0,0
tx,356,155,1,1,1787953776348101217,1787953776347302866,5353432909457,5353432937345,72,0,0
rx,357,156,1,1,1787953776363336921,1787953776362246625,5353448144919,0,0,0,0
tx,357,156,1,1,1787953776363344273,1787953776362246625,5353448152531,5353448180679,72,0,0
rx,358,157,1,1,1787953776377476273,1787953776376972717,5353462284179,0,0,0,0
tx,358,157,1,1,1787953776377484069,1787953776376972717,5353462292327,5353462324142,72,0,0
rx,359,158,1,1,1787953776392713995,1787953776392218236,5353477522012,0,0,0,0
tx,359,158,1,1,1787953776392721662,1787953776392218236,5353477529901,5353477558827,72,0,0
rx,360,159,1,1,1787953776407936680,1787953776407126606,5353492744660,0,0,0,0
tx,360,159,1,1,1787953776407943884,1787953776407126606,5353492752142,5353492778827,72,0,0
rx,361,160,1,1,1787953776423180921,1787953776422101143,5353507988938,0,0,0,0
tx,361,160,1,1,1787953776423188643,1787953776422101143,5353507996901,5353508070753,72,0,0
rx,362,161,1,1,1787953776437383866,1787953776437356625,5353522191864,0,0,0,0
tx,362,161,1,1,1787953776437391736,1787953776437356625,5353522199994,5353522228568,72,0,0
rx,363,162,1,1,1787953776452733217,1787953776452120847,5353537541234,0,0,0,0
tx,363,162,1,1,1787953776452741328,1787953776452120847,5353537549586,5353537581734,72,0,0
rx,364,163,1,1,1787953776467989458,1787953776467284106,5353552797475,0,0,0,0
tx,364,163,1,1,1787953776467996847,1787953776467284106,5353552805105,5353552832216,72,0,0
rx,365,164,1,1,1787953776482125440,1787953776481982921,5353566933438,0,0,0,0
tx,365,164,1,1,1787953776482133588,1787953776481982921,5353566941845,5353566974068,72,0,0
rx,366,165,1,1,1787953776497379440,1787953776497099662,5353582187419,0,0,0,0
tx,366,165,1,1,1787953776497387254,1787953776497099662,5353582195512,5353582225160,72,0,0
rx,367,166,1,1,1787953776512626569,1787953776512032903,5353597434586,0,0,0,0
tx,367,166,1,1,1787953776512633643,1787953776512032903,5353597441901,5353597467216,72,0,0
rx,368,167,1,1,1787953776527843625,1787953776527480069,5353612651623,0,0,0,0
tx,368,167,1,1,1787953776527851773,1787953776527480069,5353612660234,5353612692475,72,0,0
rx,369,168,1,1,1787953776543080588,1787953776542386125,5353627888586,0,0,0,0
tx,369,168,1,1,1787953776543091662,1787953776542386125,5353627899919,5353627929864,72,0,0
rx,370,169,1,1,1787953776557198384,1787953776557148810,5353642006382,0,0,0,0
tx,370,169,1,1,1787953776557205754,1787953776557148810,5353642014012,5353642040549,72,0,0
rx,371,170,1,1,1787953776573529495,1787953776572734754,5353658337512,0,0,0,0
tx,371,170,1,1,1787953776573538051,1787953776572734754,5353658346401,5353658383790,72,0,0
rx,372,171,1,1,1787953776587691958,1787953776587572032,5353672499956,0,0,0,0
tx,372,171,1,1,1787953776587699606,1787953776587572032,5353672507845,5353672534419,72,0,0
rx,373,172,1,1,1787953776602923847,1787953776601849384,5353687731845,0,0,0,0
tx,373,172,1,1,1787953776602931162,1787953776601849384,5353687739419,5353687766382,72,0,0
rx,374,173,1,1,1787953776618138773,1787953776617377439,5353702946753,0,0,0,0
tx,374,173,1,1,1787953776618146551,1787953776617377439,5353702954808,5353702986790,72,0,0
rx,375,174,1,1,1787953776633385273,1787953776632459902,5353718193271,0,0,0,0
tx,375,174,1,1,1787953776633393365,1787953776632459902,5353718201605,5353718228586,72,0,0
rx,376,175,1,1,1787953776647547217,1787953776646944217,5353732355197,0,0,0,0
tx,376,175,1,1,1787953776647558347,1787953776646944217,5353732366586,5353732393530,72,0,0
rx,377,176,1,1,1787953776662777662,1787953776662400625,5353747585679,0,0,0,0
tx,377,176,1,1,1787953776662785310,1787953776662400625,5353747593567,5353747621067,72,0,0
rx,378,177,1,1,1787953776678026162,1787953776677276514,5353762834179,0,0,0,0
tx,378,177,1,1,1787953776678034254,1787953776677276514,5353762842512,5353762879734,72,0,0
rx,379,178,1,1,1787953776692215014,1787953776692020328,5353777023030,0,0,0,0
tx,379,178,1,1,1787953776692222958,1787953776692020328,5353777031253,5353777059067,72,0,0
rx,380,179,1,1,1787953776707432939,1787953776707098495,5353792240938,0,0,0,0
tx,380,179,1,1,1787953776707440810,1787953776707098495,5353792249049,5353792274234,72,0,0
rx,381,180,1,1,1787953776722643976,1787953776722184180,5353807451975,0,0,0,0
tx,381,180,1,1,1787953776722652125,1787953776722184180,5353807460382,5353807492345,72,0,0
rx,382,181,1,1,1787953776737865551,1787953776737485476,5353822673549,0,0,0,0
tx,382,181,1,1,1787953776737873088,1787953776737485476,5353822681345,5353822706790,72,0,0
rx,383,182,1,1,1787953776753088069,1787953776752066106,5353837896086,0,0,0,0
tx,383,182,1,1,1787953776753095551,1787953776752066106,5353837903808,5353837931123,72,0,0
rx,384,183,1,1,1787953776767248828,1787953776767188513,5353852056845,0,0,0,0
tx,384,183,1,1,1787953776767256328,1787953776767188513,5353852064586,5353852091197,72,0,0
rx,385,184,1,1,1787953776783583013,1787953776782734699,5353868391012,0,0,0,0
tx,385,184,1,1,1787953776783591162,1787953776782734699,5353868399512,5353868432271,72,0,0
rx,386,185,1,1,1787953776797746032,1787953776797308050,5353882554049,0,0,0,0
tx,386,185,1,1,1787953776797753717,1787953776797308050,5353882561975,5353882591216,72,0,0
rx,387,186,1,1,1787953776812967402,1787953776812363662,5353897775382,0,0,0,0
tx,387,186,1,1,1787953776812975069,1787953776812363662,5353897783327,5353897810530,72,0,0
rx,388,187,1,1,1787953776828220606,1787953776827380513,5353913028623,0,0,0,0
tx,388,187,1,1,1787953776828228791,1787953776827380513,5353913037382,5353913069197,72,0,0
rx,389,188,1,1,1787953776842378662,1787953776842244921,5353927186678,0,0,0,0
tx,389,188,1,1,1787953776842386513,1787953776842244921,5353927194790,5353927223567,72,0,0
rx,390,189,1,1,1787953776858242421,1787953776856951421,5353943050438,0,0,0,0
tx,390,189,1,1,1787953776858259069,1787953776856951421,5353943067308,5353943112956,72,0,0
rx,391,190,1,1,1787953776872472625,1787953776872145865,5353957280623,0,0,0,0
tx,391,190,1,1,1787953776872481328,1787953776872145865,5353957289641,5353957327790,72,0,0
rx,392,191,1,1,1787953776887745828,1787953776887441143,5353972553808,0,0,0,0
tx,392,191,1,1,1787953776887754069,1787953776887441143,5353972562345,5353972593104,72,0,0
rx,393,192,1,1,1787953776901924532,1787953776901879828,5353986732512,0,0,0,0
tx,393,192,1,1,1787953776901932365,1787953776901879828,5353986740604,5353986770012,72,0,0
rx,394,193,1,1,1787953776917150347,1787953776917091439,5354001958290,0,0,0,0
tx,394,193,1,1,1787953776917158699,1787953776917091439,5354001967252,5354002000382,72,0,0
rx,395,194,1,1,1787953776932382347,1787953776932098958,5354017190364,0,0,0,0
tx,395,194,1,1,1787953776932389773,1787953776932098958,5354017198030,5354017224975,72,0,0
rx,396,195,1,1,1787953776947644069,1787953776947177791,5354032452049,0,0,0,0
tx,396,195,1,1,1787953776947652162,1787953776947177791,5354032460419,5354032488919,72,0,0
rx,397,196,1,1,1787953776962903736,1787953776962083050,5354047711734,0,0,0,0
tx,397,196,1,1,1787953776962911865,1787953776962083050,5354047720123,5354047755512,72,0,0
rx,398,197,1,1,1787953776978176421,1787953776977631421,5354062984419,0,0,0,0
tx,398,197,1,1,1787953776978187976,1787953776977631421,5354062996215,5354063026364,72,0,0
rx,399,198,1,1,1787953776992317550,1787953776992074032,5354077125567,0,0,0,0
tx,399,198,1,1,1787953776992324699,1787953776992074032,5354077132956,5354077158641,72,0,0
rx,400,199,1,1,1787953777007551365,1787953777007226365,5354092359364,0,0,0,0
tx,400,199,1,1,1787953777007558958,1787953777007226365,5354092367197,5354092397715,72,0,0
rx,401,200,1,1,1787953777022766736,1787953777022250069,5354107574734,0,0,0,0
tx,401,200,1,1,1787953777022774884,1787953777022250069,5354107583141,5354107615419,72,0,0
rx,402,0,1,1,1787953777037993421,1787953777037446347,5354122801419,0,0,0,0
tx,402,0,1,1,1787953777038000643,1787953777037446347,5354122808901,5354122835178,72,0,0
rx,403,1,1,1,1787953777052141865,1787953777051916476,5354136949864,0,0,0,0
tx,403,1,1,1,1787953777052149606,1787953777051916476,5354136957845,5354136985160,72,0,0
rx,404,2,1,1,1787953777067374143,1787953777067118254,5354152182141,0,0,0,0
tx,404,2,1,1,1787953777067382532,1787953777067118254,5354152190789,5354152222882,72,0,0
rx,405,3,1,1,1787953777082594532,1787953777082311550,5354167402549,0,0,0,0
tx,405,3,1,1,1787953777082606198,1787953777082311550,5354167414438,5354167443067,72,0,0
rx,406,4,1,1,1787953777097829124,1787953777097503513,5354182637141,0,0,0,0
tx,406,4,1,1,1787953777097836643,1787953777097503513,5354182644901,5354182674067,72,0,0
rx,407,5,1,1,1787953777113043828,1787953777111986717,5354197851845,0,0,0,0
tx,407,5,1,1,1787953777113051328,1787953777111986717,5354197859567,5354197884808,72,0,0
rx,408,6,1,1,1787953777128254865,1787953777127186976,5354213062845,0,0,0,0
tx,408,6,1,1,1787953777128262810,1787953777127186976,5354213071067,5354213100715,72,0,0
rx,409,7,1,1,1787953777142394458,1787953777142038680,5354227202438,0,0,0,0
tx,409,7,1,1,1787953777142401476,1787953777142038680,5354227209734,5354227235826,72,0,0
rx,410,8,1,1,1787953777157613865,1787953777156876495,5354242421882,0,0,0,0
tx,410,8,1,1,1787953777157621550,1787953777156876495,5354242429808,5354242457623,72,0,0
rx,411,9,1,1,1787953777172863421,1787953777172290365,5354257671438,0,0,0,0
tx,411,9,1,1,1787953777172871272,1787953777172290365,5354257679604,5354257709660,72,0,0
rx,412,10,1,1,1787953777188085754,1787953777187908976,5354272893771,0,0,0,0
tx,412,10,1,1,1787953777188093421,1787953777187908976,5354272901660,5354272928789,72,0,0
rx,413,11,1,1,1787953777202260513,1787953777202194921,5354287068493,0,0,0,0
tx,413,11,1,1,1787953777202267717,1787953777202194921,5354287075975,5354287104086,72,0,0
rx,414,12,1,1,1787953777218564958,1787953777217489143,5354303372956,0,0,0,0
tx,414,12,1,1,1787953777218573421,1787953777217489143,5354303381678,5354303412215,72,0,0
rx,415,13,1,1,1787953777232708513,1787953777232261976,5354317516512,0,0,0,0
tx,415,13,1,1,1787953777232715772,1787953777232261976,5354317524030,5354317548993,72,0,0
rx,416,14,1,1,1787953777247931439,1787953777247079939,5354332739437,0,0,0,0
tx,416,14,1,1,1787953777247939032,1787953777247079939,5354332747271,5354332774826,72,0,0
rx,417,15,1,1,1787953777263173828,1787953777262178402,5354347981845,0,0,0,0
tx,417,15,1,1,1787953777263181106,1787953777262178402,5354347989363,5354348043623,72,0,0
rx,418,16,1,1,1787953777277389013,1787953777277240087,5354362197012,0,0,0,0
tx,418,16,1,1,1787953777277397291,1787953777277240087,5354362205567,5354362239586,72,0,0
rx,419,17,1,1,1787953777293714309,1787953777292851272,5354378522308,0,0,0,0
tx,419,17,1,1,1787953777293722569,1787953777292851272,5354378530808,5354378560530,72,0,0
rx,420,18,1,1,1787953777307874643,1787953777307211698,5354392682641,0,0,0,0
tx,420,18,1,1,1787953777307885235,1787953777307211698,5354392693567,5354392722197,72,0,0
rx,421,19,1,1,1787953777323117087,1787953777322220346,5354407925104,0,0,0,0
tx,421,19,1,1,1787953777323125180,1787953777322220346,5354407933437,5354407963141,72,0,0
rx,422,20,1,1,1787953777337280272,1787953777337050735,5354422088289,0,0,0,0
tx,422,20,1,1,1787953777337287476,1787953777337050735,5354422095734,5354422121641,72,0,0
rx,423,21,1,1,1787953777352507643,1787953777352158291,5354437315641,0,0,0,0
tx,423,21,1,1,1787953777352514791,1787953777352158291,5354437323030,5354437349678,72,0,0
rx,424,22,1,1,1787953777367753254,1787953777367404495,5354452561271,0,0,0,0
tx,424,22,1,1,1787953777367761032,1787953777367404495,5354452569271,5354452600511,72,0,0
rx,425,23,1,1,1787953777382979402,1787953777382127735,5354467787419,0,0,0,0
tx,425,23,1,1,1787953777382986995,1787953777382127735,5354467795345,5354467824326,72,0,0
rx,426,24,1,1,1787953777398209772,1787953777397771772,5354483017789,0,0,0,0
tx,426,24,1,1,1787953777398217680,1787953777397771772,5354483025919,5354483054345,72,0,0
rx,427,25,1,1,1787953777412343513,1787953777412036143,5354497151530,0,0,0,0
tx,427,25,1,1,1787953777412354735,1787953777412036143,5354497162974,5354497191771,72,0,0
rx,428,26,1,1,1787953777427564291,1787953777427124809,5354512372289,0,0,0,0
tx,428,26,1,1,1787953777427572309,1787953777427124809,5354512380567,5354512409308,72,0,0
rx,429,27,1,1,1787953777442781661,1787953777441814680,5354527589660,0,0,0,0
tx,429,27,1,1,1787953777442788995,1787953777441814680,5354527597234,5354527623086,72,0,0
rx,430,28,1,1,1787953777456979346,1787953777456918624,5354541787345,0,0,0,0
tx,430,28,1,1,1787953777456986772,1787953777456918624,5354541795030,5354541826234,72,0,0
rx,431,29,1,1,1787953777472241476,1787953777472078754,5354557049456,0,0,0,0
tx,431,29,1,1,1787953777472249106,1787953777472078754,5354557057474,5354557087641,72,0,0
rx,432,30,1,1,1787953777487466957,1787953777486854050,5354572274956,0,0,0,0
tx,432,30,1,1,1787953777487474809,1787953777486854050,5354572283067,5354572312345,72,0,0
rx,433,31,1,1,1787953777502705143,1787953777502414365,5354587513141,0,0,0,0
tx,433,31,1,1,1787953777502712383,1787953777502414365,5354587520623,5354587548956,72,0,0
rx,434,32,1,1,1787953777517921735,1787953777516931643,5354602729734,0,0,0,0
tx,434,32,1,1,1787953777517929643,1787953777516931643,5354602737900,5354602766641,72,0,0
rx,435,33,1,1,1787953777533139013,1787953777532268402,5354617947030,0,0,0,0
tx,435,33,1,1,1787953777533149976,1787953777532268402,5354617958234,5354617984011,72,0,0
rx,436,34,1,1,1787953777548365365,1787953777547354383,5354633173382,0,0,0,0
tx,436,34,1,1,1787953777548372865,1787953777547354383,5354633181122,5354633209104,72,0,0
rx,437,35,1,1,1787953777562499569,1787953777562395069,5354647307548,0,0,0,0
tx,437,35,1,1,1787953777562506902,1787953777562395069,5354647315160,5354647340660,72,0,0
rx,438,36,1,1,1787953777577723420,1787953777576965624,5354662531326,0,0,0,0
tx,438,36,1,1,1787953777577731457,1787953777576965624,5354662539715,5354662576789,72,0,0
rx,439,37,1,1,1787953777592966957,1787953777592187476,5354677774956,0,0,0,0
tx,439,37,1,1,1787953777592974106,1787953777592187476,5354677782363,5354677809011,72,0,0
rx,440,38,1,1,1787953777608194883,1787953777607156920,5354693002900,0,0,0,0
tx,440,38,1,1,1787953777608203198,1787953777607156920,5354693011437,5354693039956,72,0,0
rx,441,39,1,1,1787953777623420865,1787953777622626198,5354708228752,0,0,0,0
tx,441,39,1,1,1787953777623428698,1787953777622626198,5354708236956,5354708267400,72,0,0
rx,442,40,1,1,1787953777637555606,1787953777637369680,5354722363622,0,0,0,0
tx,442,40,1,1,1787953777637566457,1787953777637369680,5354722374697,5354722401400,72,0,0
rx,443,41,1,1,1787953777652798050,1787953777652052328,5354737606067,0,0,0,0
tx,443,41,1,1,1787953777652805309,1787953777652052328,5354737613548,5354737641511,72,0,0
rx,444,42,1,1,1787953777668048254,1787953777667545457,5354752856234,0,0,0,0
tx,444,42,1,1,1787953777668055902,1787953777667545457,5354752864141,5354752895845,72,0,0
rx,445,43,1,1,1787953777683276180,1787953777682196883,5354768084159,0,0,0,0
tx,445,43,1,1,1787953777683284161,1787953777682196883,5354768092419,5354768121400,72,0,0
rx,446,44,1,1,1787953777697436217,1787953777697029272,5354782244196,0,0,0,0
tx,446,44,1,1,1787953777697443754,1787953777697029272,5354782251993,5354782280030,72,0,0
rx,447,45,1,1,1787953777712684865,1787953777712370994,5354797492863,0,0,0,0
tx,447,45,1,1,1787953777712692513,1787953777712370994,5354797500752,5354797531604,72,0,0
rx,448,46,1,1,1787953777727909013,1787953777727065791,5354812717030,0,0,0,0
tx,448,46,1,1,1787953777727916698,1787953777727065791,5354812724937,5354812751567,72,0,0
rx,449,47,1,1,1787953777743149013,1787953777742131624,5354827957030,0,0,0,0
tx,449,47,1,1,1787953777743157235,1787953777742131624,5354827965493,5354827991345,72,0,0
rx,450,48,1,1,1787953777757376828,1787953777756952161,5354842184826,0,0,0,0
tx,450,48,1,1,1787953777757384643,1787953777756952161,5354842192900,5354842220808,72,0,0
rx,451,49,1,1,1787953777772630624,1787953777772314754,5354857438604,0,0,0,0
tx,451,49,1,1,1787953777772638494,1787953777772314754,5354857446845,5354857477659,72,0,0
rx,452,50,1,1,1787953777787870661,1787953777787169309,5354872678567,0,0,0,0
tx,452,50,1,1,1787953777787878957,1787953777787169309,5354872687196,5354872716789,72,0,0
rx,453,51,1,1,1787953777802094735,1787953777801789420,5354886902715,0,0,0,0
tx,453,51,1,1,1787953777802102161,1787953777801789420,5354886910400,5354886938363,72,0,0
rx,454,52,1,1,1787953777818396920,1787953777817673050,5354903204900,0,0,0,0
tx,454,52,1,1,1787953777818405050,1787953777817673050,5354903213289,5354903245011,72,0,0
rx,455,53,1,1,1787953777832539161,1787953777831879883,5354917347159,0,0,0,0
tx,455,53,1,1,1787953777832547087,1787953777831879883,5354917355326,5354917380585,72,0,0
rx,456,54,1,1,1787953777847769587,1787953777846942476,5354932577567,0,0,0,0
tx,456,54,1,1,1787953777847777457,1787953777846942476,5354932585696,5354932612696,72,0,0
rx,457,55,1,1,1787953777862543642,1787953777861962309,5354947351622,0,0,0,0
tx,457,55,1,1,1787953777862552124,1787953777861962309,5354947360382,5354947400196,72,0,0
rx,458,56,1,1,1787953777877884291,1787953777877077087,5354962692270,0,0,0,0
tx,458,56,1,1,1787953777877893068,1787953777877077087,5354962701363,5354962737141,72,0,0
rx,459,57,1,1,1787953777893132105,1787953777892234087,5354977940104,0,0,0,0
tx,459,57,1,1,1787953777893140179,1787953777892234087,5354977948437,5354977976196,72,0,0
rx,460,58,1,1,1787953777907288457,1787953777907055272,5354992096474,0,0,0,0
tx,460,58,1,1,1787953777907296439,1787953777907055272,5354992104696,5354992134344,72,0,0
rx,461,59,1,1,1787953777922515124,1787953777922353939,5355007323104,0,0,0,0
tx,461,59,1,1,1787953777922523216,1787953777922353939,5355007331474,5355007361567,72,0,0
rx,462,60,1,1,1787953777937739531,1787953777937230179,5355022547511,0,0,0,0
tx,462,60,1,1,1787953777937746957,1787953777937230179,5355022555215,5355022581178,72,0,0
rx,463,61,1,1,1787953777952991068,1787953777952316272,5355037799067,0,0,0,0
tx,463,61,1,1,1787953777952998957,1787953777952316272,5355037807196,5355037838141,72,0,0
rx,464,62,1,1,1787953777967229753,1787953777966848587,5355052037770,0,0,0,0
tx,464,62,1,1,1787953777967239013,1787953777966848587,5355052047270,5355052078863,72,0,0
rx,465,63,1,1,1787953777982461309,1787953777982115772,5355067269289,0,0,0,0
tx,465,63,1,1,1787953777982468902,1787953777982115772,5355067277141,5355067305363,72,0,0
rx,466,64,1,1,1787953777997717865,1787953777997016883,5355082525844,0,0,0,0
tx,466,64,1,1,1787953777997725735,1787953777997016883,5355082533993,5355082563548,72,0,0
rx,467,65,1,1,1787953778012947365,1787953778012161531,5355097755270,0,0,0,0
tx,467,65,1,1,1787953778012955365,1787953778012161531,5355097763622,5355097795252,72,0,0
rx,468,66,1,1,1787953778028188383,1787953778027796902,5355112996381,0,0,0,0
tx,468,66,1,1,1787953778028195772,1787953778027796902,5355113004011,5355113029215,72,0,0
rx,469,67,1,1,1787953778043395716,1787953778042524161,5355128203715,0,0,0,0
tx,469,67,1,1,1787953778043403050,1787953778042524161,5355128211307,5355128235770,72,0,0
rx,470,68,1,1,1787953778057542661,1787953778057319068,5355142350641,0,0,0,0
tx,470,68,1,1,1787953778057550846,1787953778057319068,5355142359085,5355142390900,72,0,0
rx,471,69,1,1,1787953778072765031,1787953778072139920,5355157573030,0,0,0,0
tx,471,69,1,1,1787953778072775902,1787953778072139920,5355157584159,5355157610733,72,0,0
rx,472,70,1,1,1787953778087960939,1787953778086863105,5355172768900,0,0,0,0
tx,472,70,1,1,1787953778087968624,1787953778086863105,5355172776881,5355172806530,72,0,0
rx,473,71,1,1,1787953778103228939,1787953778102390957,5355188036955,0,0,0,0
tx,473,71,1,1,1787953778103237105,1787953778102390957,5355188045363,5355188076104,72,0,0
rx,474,72,1,1,1787953778117380068,1787953778116875290,5355202188048,0,0,0,0
tx,474,72,1,1,1787953778117388087,1787953778116875290,5355202196363,5355202227752,72,0,0
rx,475,73,1,1,1787953778133708327,1787953778132660531,5355218516307,0,0,0,0
tx,475,73,1,1,1787953778133715920,1787953778132660531,5355218524178,5355218550659,72,0,0
rx,476,74,1,1,1787953778147874976,1787953778147441216,5355232682955,0,0,0,0
tx,476,74,1,1,1787953778147882753,1787953778147441216,5355232690993,5355232718807,72,0,0
rx,477,75,1,1,1787953778163114753,1787953778162458346,5355247922733,0,0,0,0
tx,477,75,1,1,1787953778163123050,1787953778162458346,5355247931307,5355247962696,72,0,0
rx,478,76,1,1,1787953778177280457,1787953778177200013,5355262088455,0,0,0,0
tx,478,76,1,1,1787953778177291457,1787953778177200013,5355262099696,5355262126789,72,0,0
rx,479,77,1,1,1787953778192491105,1787953778192290698,5355277299122,0,0,0,0
tx,479,77,1,1,1787953778192498883,1787953778192290698,5355277307122,5355277334955,72,0,0
rx,480,78,1,1,1787953778207727124,1787953778207422809,5355292535141,0,0,0,0
tx,480,78,1,1,1787953778207735179,1787953778207422809,5355292543437,5355292572455,72,0,0
rx,481,79,1,1,1787953778223009161,1787953778222216050,5355307817141,0,0,0,0
tx,481,79,1,1,1787953778223017457,1787953778222216050,5355307825715,5355307857641,72,0,0
rx,482,80,1,1,1787953778238268735,1787953778237446568,5355323076715,0,0,0,0
tx,482,80,1,1,1787953778238276383,1787953778237446568,5355323084622,5355323110918,72,0,0
rx,483,81,1,1,1787953778252448198,1787953778252195439,5355337256178,0,0,0,0
tx,483,81,1,1,1787953778252456327,1787953778252195439,5355337264585,5355337293400,72,0,0
rx,484,82,1,1,1787953778267681401,1787953778267448531,5355352489400,0,0,0,0
tx,484,82,1,1,1787953778267690013,1787953778267448531,5355352498252,5355352530789,72,0,0
rx,485,83,1,1,1787953778282947864,1787953778282360716,5355367755863,0,0,0,0
tx,485,83,1,1,1787953778282955827,1787953778282360716,5355367764085,5355367792196,72,0,0
rx,486,84,1,1,1787953778298179772,1787953778297536698,5355382987770,0,0,0,0
tx,486,84,1,1,1787953778298190920,1787953778297536698,5355382999159,5355383027696,72,0,0
rx,487,85,1,1,1787953778313407050,1787953778312798235,5355398214937,0,0,0,0
tx,487,85,1,1,1787953778313415068,1787953778312798235,5355398223418,5355398254604,72,0,0
rx,488,86,1,1,1787953778327557938,1787953778326989531,5355412365937,0,0,0,0
tx,488,86,1,1,1787953778327565179,1787953778326989531,5355412373437,5355412399196,72,0,0
rx,489,87,1,1,1787953778343870309,1787953778343339068,5355428678326,0,0,0,0
tx,489,87,1,1,1787953778343877975,1787953778343339068,5355428686233,5355428713474,72,0,0
rx,490,88,1,1,1787953778358041383,1787953778357670216,5355442849381,0,0,0,0
tx,490,88,1,1,1787953778358050031,1787953778357670216,5355442858511,5355442893381,72,0,0
rx,491,89,1,1,1787953778372229142,1787953778372014661,5355457037141,0,0,0,0
tx,491,89,1,1,1787953778372236587,1787953778372014661,5355457044826,5355457070992,72,0,0
rx,492,90,1,1,1787953778387495124,1787953778387400587,5355472303141,0,0,0,0
tx,492,90,1,1,1787953778387503920,1787953778387400587,5355472312159,5355472342696,72,0,0
rx,493,91,1,1,1787953778402755198,1787953778402301050,5355487563196,0,0,0,0
tx,493,91,1,1,1787953778402766587,1787953778402301050,5355487574844,5355487603640,72,0,0
rx,494,92,1,1,1787953778417979975,1787953778417844901,5355502787974,0,0,0,0
tx,494,92,1,1,1787953778417988438,1787953778417844901,5355502796789,5355502828696,72,0,0
rx,495,93,1,1,1787953778433225994,1787953778432221938,5355518033992,0,0,0,0
tx,495,93,1,1,1787953778433233920,1787953778432221938,5355518042178,5355518069937,72,0,0
rx,496,94,1,1,1787953778448459698,1787953778447590512,5355533267696,0,0,0,0
tx,496,94,1,1,1787953778448467216,1787953778447590512,5355533275474,5355533304511,72,0,0
rx,497,95,1,1,1787953778462641346,1787953778462435235,5355547449344,0,0,0,0
tx,497,95,1,1,1787953778462649938,1787953778462435235,5355547458215,5355547494955,72,0,0
rx,498,96,1,1,1787953778477917938,1787953778477241531,5355562725955,0,0,0,0
tx,498,96,1,1,1787953778477925735,1787953778477241531,5355562733992,5355562761622,72,0,0
rx,499,97,1,1,1787953778493165864,1787953778493031364,5355577973807,0,0,0,0
tx,499,97,1,1,1787953778493173790,1787953778493031364,5355577982048,5355578010140,72,0,0
rx,500,98,1,1,1787953778507339438,1787953778506888087,5355592147437,0,0,0,0
tx,500,98,1,1,1787953778507351661,1787953778506888087,5355592159955,5355592193715,72,0,0
rx,501,99,1,1,1787953778522579994,1787953778521942994,5355607387992,0,0,0,0
tx,501,99,1,1,1787953778522588216,1787953778521942994,5355607396474,5355607425511,72,0,0
rx,502,100,1,1,1787953778537870716,1787953778536880661,5355622678714,0,0,0,0
tx,502,100,1,1,1787953778537878364,1787953778536880661,5355622686622,5355622714029,72,0,0
rx,503,101,1,1,1787953778553120272,1787953778552366216,5355637928289,0,0,0,0
tx,503,101,1,1,1787953778553128142,1787953778552366216,5355637936400,5355637965529,72,0,0
rx,504,102,1,1,1787953778567269586,1787953778566866735,5355652077603,0,0,0,0
tx,504,102,1,1,1787953778567277827,1787953778566866735,5355652086085,5355652117696,72,0,0
rx,505,103,1,1,1787953778583631623,1787953778583073864,5355668439622,0,0,0,0
tx,505,103,1,1,1787953778583639494,1787953778583073864,5355668447751,5355668480789,72,0,0
rx,506,104,1,1,1787953778597780883,1787953778597526475,5355682588881,0,0,0,0
tx,506,104,1,1,1787953778597788772,1787953778597526475,5355682597066,5355682624992,72,0,0
rx,507,105,1,1,1787953778613015679,1787953778612596549,5355697823677,0,0,0,0
tx,507,105,1,1,1787953778613024346,1787953778612596549,5355697832603,5355697866344,72,0,0
rx,508,106,1,1,1787953778628250772,1787953778627577772,5355713058789,0,0,0,0
tx,508,106,1,1,1787953778628262031,1787953778627577772,5355713070270,5355713097844,72,0,0
rx,509,107,1,1,1787953778642388494,1787953778642180975,5355727196492,0,0,0,0
tx,509,107,1,1,1787953778642395827,1787953778642180975,5355727204085,5355727230381,72,0,0
rx,510,108,1,1,1787953778658709883,1787953778657689827,5355743517844,0,0,0,0
tx,510,108,1,1,1787953778658717735,1787953778657689827,5355743525992,5355743554474,72,0,0
rx,511,109,1,1,1787953778672891142,1787953778672032049,5355757699122,0,0,0,0
tx,511,109,1,1,1787953778672899698,1787953778672032049,5355757707955,5355757739863,72,0,0
rx,512,110,1,1,1787953778688126790,1787953778687409586,5355772934788,0,0,0,0
tx,512,110,1,1,1787953778688135105,1787953778687409586,5355772943363,5355772972770,72,0,0
rx,513,111,1,1,1787953778703459864,1787953778702473123,5355788267881,0,0,0,0
tx,513,111,1,1,1787953778703467642,1787953778702473123,5355788275900,5355788304492,72,0,0
rx,514,112,1,1,1787953778717604753,1787953778717046716,5355802412751,0,0,0,0
tx,514,112,1,1,1787953778717613197,1787953778717046716,5355802421455,5355802451974,72,0,0
rx,515,113,1,1,1787953778731766512,1787953778731564568,5355816574511,0,0,0,0
tx,515,113,1,1,1787953778731774549,1787953778731564568,5355816582807,5355816610863,72,0,0
rx,516,114,1,1,1787953778748186827,1787953778747188753,5355832994825,0,0,0,0
tx,516,114,1,1,1787953778748195364,1787953778747188753,5355833003622,5355833034918,72,0,0
rx,517,115,1,1,1787953778763439160,1787953778762618716,5355848247159,0,0,0,0
tx,517,115,1,1,1787953778763447197,1787953778762618716,5355848255437,5355848286233,72,0,0
rx,518,116,1,1,1787953778777623068,1787953778777110179,5355862431066,0,0,0,0
tx,518,116,1,1,1787953778777630716,1787953778777110179,5355862438974,5355862466659,72,0,0
rx,519,117,1,1,1787953778792877642,1787953778792032642,5355877685659,0,0,0,0
tx,519,117,1,1,1787953778792885864,1787953778792032642,5355877694103,5355877724381,72,0,0
rx,520,118,1,1,1787953778808131994,1787953778807247660,5355892940011,0,0,0,0
tx,520,118,1,1,1787953778808140049,1787953778807247660,5355892948344,5355892983585,72,0,0
rx,521,119,1,1,1787953778822295679,1787953778822032438,5355907103696,0,0,0,0
tx,521,119,1,1,1787953778822302975,1787953778822032438,5355907111233,5355907136196,72,0,0
rx,522,120,1,1,1787953778837508549,1787953778836951253,5355922316566,0,0,0,0
tx,522,120,1,1,1787953778837519271,1787953778836951253,5355922327529,5355922352844,72,0,0
rx,523,121,1,1,1787953778852740531,1787953778852205364,5355937548548,0,0,0,0
tx,523,121,1,1,1787953778852748568,1787953778852205364,5355937556807,5355937585140,72,0,0
rx,524,122,1,1,1787953778868078883,1787953778867443623,5355952886881,0,0,0,0
tx,524,122,1,1,1787953778868087957,1787953778867443623,5355952896233,5355952935696,72,0,0
rx,525,123,1,1,1787953778882354105,1787953778881934197,5355967162103,0,0,0,0
tx,525,123,1,1,1787953778882362086,1787953778881934197,5355967170362,5355967205288,72,0,0
rx,526,124,1,1,1787953778897621068,1787953778897012808,5355982429085,0,0,0,0
tx,526,124,1,1,1787953778897629327,1787953778897012808,5355982437566,5355982469511,72,0,0
rx,527,125,1,1,1787953778912885160,1787953778911882197,5355997693159,0,0,0,0
tx,527,125,1,1,1787953778912893475,1787953778911882197,5355997701733,5355997732844,72,0,0
rx,528,126,1,1,1787953778927150883,1787953778927067660,5356011958881,0,0,0,0
tx,528,126,1,1,1787953778927159660,1787953778927067660,5356011967899,5356011995492,72,0,0
rx,529,127,1,1,1787953778943496105,1787953778942764734,5356028304103,0,0,0,0
tx,529,127,1,1,1787953778943503549,1787953778942764734,5356028311807,5356028337548,72,0,0
rx,530,128,1,1,1787953778957677345,1787953778957048549,5356042485362,0,0,0,0
tx,530,128,1,1,1787953778957688549,1787953778957048549,5356042496807,5356042528399,72,0,0
rx,531,129,1,1,1787953778972948401,1787953778972407531,5356057756399,0,0,0,0
tx,531,129,1,1,1787953778972956549,1787953778972407531,5356057764788,5356057796807,72,0,0
rx,532,130,1,1,1787953778988233790,1787953778987231475,5356073041788,0,0,0,0
tx,532,130,1,1,1787953778988241920,1787953778987231475,5356073050177,5356073081992,72,0,0
rx,533,131,1,1,1787953779002433957,1787953779001813512,5356087241955,0,0,0,0
tx,533,131,1,1,1787953779002442086,1787953779001813512,5356087250344,5356087279973,72,0,0
rx,534,132,1,1,1787953779017676771,1787953779017286808,5356102484788,0,0,0,0
tx,534,132,1,1,1787953779017685160,1787953779017286808,5356102493473,5356102524733,72,0,0
rx,535,133,1,1,1787953779032906975,1787953779032485142,5356117714973,0,0,0,0
tx,535,133,1,1,1787953779032914623,1787953779032485142,5356117722862,5356117748881,72,0,0
rx,536,134,1,1,1787953779048131882,1787953779047334901,5356132939881,0,0,0,0
tx,536,134,1,1,1787953779048139994,1787953779047334901,5356132948251,5356132978492,72,0,0
rx,537,135,1,1,1787953779063406031,1787953779062367771,5356148214029,0,0,0,0
tx,537,135,1,1,1787953779063414586,1787953779062367771,5356148222862,5356148257566,72,0,0
rx,538,136,1,1,1787953779077606531,1787953779076786401,5356162414529,0,0,0,0
tx,538,136,1,1,1787953779077614253,1787953779076786401,5356162422492,5356162453010,72,0,0
rx,539,137,1,1,1787953779092848068,1787953779091942753,5356177656066,0,0,0,0
tx,539,137,1,1,1787953779092855975,1787953779091942753,5356177664270,5356177695140,72,0,0
rx,540,138,1,1,1787953779108081068,1787953779107493401,5356192889066,0,0,0,0
tx,540,138,1,1,1787953779108089271,1787953779107493401,5356192897640,5356192932547,72,0,0
rx,541,139,1,1,1787953779122216401,1787953779122103734,5356207024399,0,0,0,0
tx,541,139,1,1,1787953779122224568,1787953779122103734,5356207032807,5356207060603,72,0,0
rx,542,140,1,1,1787953779138525827,1787953779137457494,5356223333844,0,0,0,0
tx,542,140,1,1,1787953779138533753,1787953779137457494,5356223342010,5356223368362,72,0,0
rx,543,141,1,1,1787953779152714790,1787953779151996512,5356237522677,0,0,0,0
tx,543,141,1,1,1787953779152723105,1787953779151996512,5356237531362,5356237567196,72,0,0
rx,544,142,1,1,1787953779167955753,1787953779166925086,5356252763770,0,0,0,0
tx,544,142,1,1,1787953779167966586,1787953779166925086,5356252774844,5356252802584,72,0,0
rx,545,143,1,1,1787953779183239382,1787953779182507734,5356268047270,0,0,0,0
tx,545,143,1,1,1787953779183251512,1787953779182507734,5356268059770,5356268090381,72,0,0
rx,546,144,1,1,1787953779198488827,1787953779197408012,5356283296844,0,0,0,0
tx,546,144,1,1,1787953779198497345,1787953779197408012,5356283305584,5356283335881,72,0,0
rx,547,145,1,1,1787953779212661345,1787953779212416993,5356297469344,0,0,0,0
tx,547,145,1,1,1787953779212669049,1787953779212416993,5356297477547,5356297508955,72,0,0
rx,548,146,1,1,1787953779227963401,1787953779226972901,5356312771399,0,0,0,0
tx,548,146,1,1,1787953779227971142,1787953779226972901,5356312779492,5356312807029,72,0,0
rx,549,147,1,1,1787953779242140549,1787953779241923123,5356326948547,0,0,0,0
tx,549,147,1,1,1787953779242148142,1787953779241923123,5356326956399,5356326982159,72,0,0
rx,550,148,1,1,1787953779257413012,1787953779257207864,5356342221010,0,0,0,0
tx,550,148,1,1,1787953779257421086,1787953779257207864,5356342229344,5356342262825,72,0,0
rx,551,149,1,1,1787953779272718475,1787953779272627364,5356357526492,0,0,0,0
tx,551,149,1,1,1787953779272727605,1787953779272627364,5356357535844,5356357563566,72,0,0
rx,552,150,1,1,1787953779287923993,1787953779287726086,5356372731992,0,0,0,0
tx,552,150,1,1,1787953779287934808,1787953779287726086,5356372743066,5356372773918,72,0,0
rx,553,151,1,1,1787953779303170197,1787953779302739160,5356387978214,0,0,0,0
tx,553,151,1,1,1787953779303178030,1787953779302739160,5356387986270,5356388040455,72,0,0
rx,554,152,1,1,1787953779317346586,1787953779317155030,5356402154603,0,0,0,0
tx,554,152,1,1,1787953779317354290,1787953779317155030,5356402162547,5356402195214,72,0,0
rx,555,153,1,1,1787953779332580623,1787953779332121105,5356417388621,0,0,0,0
tx,555,153,1,1,1787953779332587882,1787953779332121105,5356417396140,5356417423066,72,0,0
rx,556,154,1,1,1787953779347804493,1787953779347471605,5356432612510,0,0,0,0
tx,556,154,1,1,1787953779347812030,1787953779347471605,5356432620288,5356432646084,72,0,0
rx,557,155,1,1,1787953779363036086,1787953779362700938,5356447844084,0,0,0,0
tx,557,155,1,1,1787953779363043845,1787953779362700938,5356447852084,5356447883640,72,0,0
rx,558,156,1,1,1787953779378302382,1787953779377765234,5356463110362,0,0,0,0
tx,558,156,1,1,1787953779378310067,1787953779377765234,5356463118325,5356463145084,72,0,0
rx,559,157,1,1,1787953779393521790,1787953779393003623,5356478329695,0,0,0,0
tx,559,157,1,1,1787953779393529845,1787953779393003623,5356478338103,5356478366881,72,0,0
rx,560,158,1,1,1787953779407683234,1787953779407064382,5356492491232,0,0,0,0
tx,560,158,1,1,1787953779407691604,1787953779407064382,5356492499844,5356492533473,72,0,0
rx,561,159,1,1,1787953779422921864,1787953779422396234,5356507729862,0,0,0,0
tx,561,159,1,1,1787953779422929327,1787953779422396234,5356507737584,5356507763973,72,0,0
rx,562,160,1,1,1787953779438140993,1787953779437508642,5356522949010,0,0,0,0
tx,562,160,1,1,1787953779438148679,1787953779437508642,5356522956955,5356522983714,72,0,0
rx,563,161,1,1,1787953779452399716,1787953779452297734,5356537207714,0,0,0,0
tx,563,161,1,1,1787953779452409345,1787953779452297734,5356537217603,5356537254177,72,0,0
rx,564,162,1,1,1787953779467651975,1787953779467212197,5356552459973,0,0,0,0
tx,564,162,1,1,1787953779467659716,1787953779467212197,5356552467973,5356552495232,72,0,0
rx,565,163,1,1,1787953779482905956,1787953779482320938,5356567713955,0,0,0,0
tx,565,163,1,1,1787953779482913364,1787953779482320938,5356567721603,5356567747473,72,0,0
rx,566,164,1,1,1787953779498130864,1787953779497884067,5356582938862,0,0,0,0
tx,566,164,1,1,1787953779498139160,1787953779497884067,5356582947399,5356582975899,72,0,0
rx,567,165,1,1,1787953779512328864,1787953779512210956,5356597136881,0,0,0,0
tx,567,165,1,1,1787953779512337141,1787953779512210956,5356597145399,5356597177844,72,0,0
rx,568,166,1,1,1787953779527628364,1787953779527140808,5356612436381,0,0,0,0
tx,568,166,1,1,1787953779527636197,1787953779527140808,5356612444455,5356612474362,72,0,0
rx,569,167,1,1,1787953779543992234,1787953779543002771,5356628800251,0,0,0,0
tx,569,167,1,1,1787953779543999678,1787953779543002771,5356628807936,5356628834992,72,0,0
rx,570,168,1,1,1787953779558158216,1787953779557141290,5356642966177,0,0,0,0
tx,570,168,1,1,1787953779558166327,1787953779557141290,5356642974621,5356643008566,72,0,0
rx,571,169,1,1,1787953779572315678,1787953779572114660,5356657123695,0,0,0,0
tx,571,169,1,1,1787953779572323141,1787953779572114660,5356657131399,5356657158381,72,0,0
rx,572,170,1,1,1787953779587563882,1787953779587273790,5356672371899,0,0,0,0
tx,572,170,1,1,1787953779587572178,1787953779587273790,5356672380473,5356672410510,72,0,0
rx,573,171,1,1,1787953779602820475,1787953779602170141,5356687628418,0,0,0,0
tx,573,171,1,1,1787953779602828938,1787953779602170141,5356687637288,5356687671881,72,0,0
rx,574,172,1,1,1787953779618050160,1787953779617208308,5356702858066,0,0,0,0
tx,574,172,1,1,1787953779618061993,1787953779617208308,5356702870251,5356702898936,72,0,0
rx,575,173,1,1,1787953779633347123,1787953779632639975,5356718155140,0,0,0,0
tx,575,173,1,1,1787953779633354660,1787953779632639975,5356718162899,5356718189251,72,0,0
rx,576,174,1,1,1787953779648564975,1787953779648048493,5356733372973,0,0,0,0
tx,576,174,1,1,1787953779648572123,1787953779648048493,5356733380380,5356733405584,72,0,0
rx,577,175,1,1,1787953779662763901,1787953779661860049,5356747571880,0,0,0,0
tx,577,175,1,1,1787953779662772308,1787953779661860049,5356747580658,5356747616121,72,0,0
rx,578,176,1,1,1787953779678074901,1787953779677254771,5356762882899,0,0,0,0
tx,578,176,1,1,1787953779678082623,1787953779677254771,5356762891140,5356762918584,72,0,0
rx,579,177,1,1,1787953779693372938,1787953779692383567,5356778180936,0,0,0,0
tx,579,177,1,1,1787953779693380734,1787953779692383567,5356778188973,5356778219010,72,0,0
rx,580,178,1,1,1787953779708632030,1787953779707582938,5356793440010,0,0,0,0
tx,580,178,1,1,1787953779708640086,1787953779707582938,5356793448380,5356793481492,72,0,0
rx,581,179,1,1,1787953779722866567,1787953779722774864,5356807674584,0,0,0,0
tx,581,179,1,1,1787953779722878901,1787953779722774864,5356807687140,5356807714936,72,0,0
rx,582,180,1,1,1787953779737022993,1787953779736926919,5356821830992,0,0,0,0
tx,582,180,1,1,1787953779737030604,1787953779736926919,5356821839066,5356821865029,72,0,0
rx,583,181,1,1,1787953779752265104,1787953779751980678,5356837073121,0,0,0,0
tx,583,181,1,1,1787953779752273345,1787953779751980678,5356837081843,5356837115399,72,0,0
rx,584,182,1,1,1787953779767505586,1787953779766917549,5356852313584,0,0,0,0
tx,584,182,1,1,1787953779767512771,1787953779766917549,5356852321047,5356852347566,72,0,0
rx,585,183,1,1,1787953779782804512,1787953779782050993,5356867612529,0,0,0,0
tx,585,183,1,1,1787953779782812215,1787953779782050993,5356867620454,5356867646251,72,0,0
rx,586,184,1,1,1787953779798048160,1787953779797428512,5356882856177,0,0,0,0
tx,586,184,1,1,1787953779798056419,1787953779797428512,5356882864714,5356882893195,72,0,0
rx,587,185,1,1,1787953779813307086,1787953779812427734,5356898115084,0,0,0,0
tx,587,185,1,1,1787953779813315660,1787953779812427734,5356898123936,5356898157732,72,0,0
rx,588,186,1,1,1787953779827459067,1787953779827101586,5356912267084,0,0,0,0
tx,588,186,1,1,1787953779827469715,1787953779827101586,5356912278269,5356912305547,72,0,0
rx,589,187,1,1,1787953779842706493,1787953779842266567,5356927514491,0,0,0,0
tx,589,187,1,1,1787953779842713752,1787953779842266567,5356927521991,5356927553917,72,0,0
rx,590,188,1,1,1787953779859061901,1787953779858832438,5356943869899,0,0,0,0
tx,590,188,1,1,1787953779859072215,1787953779858832438,5356943880510,5356943921177,72,0,0
rx,591,189,1,1,1787953779872180104,1787953779871894419,5356956988103,0,0,0,0
tx,591,189,1,1,1787953779872188271,1787953779871894419,5356956996510,5356957025862,72,0,0
rx,592,190,1,1,1787953779887455549,1787953779887024438,5356972263547,0,0,0,0
tx,592,190,1,1,1787953779887463826,1787953779887024438,5356972272084,5356972306362,72,0,0
rx,593,191,1,1,1787953779902733900,1787953779902173900,5356987541899,0,0,0,0
tx,593,191,1,1,1787953779902742049,1787953779902173900,5356987550343,5356987586380,72,0,0
rx,594,192,1,1,1787953779918005975,1787953779917709697,5357002813991,0,0,0,0
tx,594,192,1,1,1787953779918013956,1787953779917709697,5357002822214,5357002853954,72,0,0
rx,595,193,1,1,1787953779933268400,1787953779932202586,5357018076380,0,0,0,0
tx,595,193,1,1,1787953779933276900,1787953779932202586,5357018085177,5357018121732,72,0,0
rx,596,194,1,1,1787953779947422160,1787953779947170234,5357032230177,0,0,0,0
tx,596,194,1,1,1787953779947429734,1787953779947170234,5357032237973,5357032265566,72,0,0
rx,597,195,1,1,1787953779962685289,1787953779961885752,5357047493306,0,0,0,0
tx,597,195,1,1,1787953779962693530,1787953779961885752,5357047501806,5357047535547,72,0,0
rx,598,196,1,1,1787953779977969234,1787953779977170660,5357062777251,0,0,0,0
tx,598,196,1,1,1787953779977977049,1787953779977170660,5357062785288,5357062812714,72,0,0
rx,599,197,1,1,1787953779993150475,1787953779992578308,5357077958473,0,0,0,0
tx,599,197,1,1,1787953779993158363,1787953779992578308,5357077966621,5357077996936,72,0,0
rx,600,198,1,1,1787953780007378863,1787953780007278456,5357092186806,0,0,0,0
tx,600,198,1,1,1787953780007388049,1787953780007278456,5357092196306,5357092229417,72,0,0
rx,601,199,1,1,1787953780022621993,1787953780022512660,5357107429936,0,0,0,0
tx,601,199,1,1,1787953780022629549,1787953780022512660,5357107437806,5357107464084,72,0,0
rx,602,200,1,1,1787953780037906789,1787953780036902234,5357122714806,0,0,0,0
tx,602,200,1,1,1787953780037914437,1787953780036902234,5357122722695,5357122748843,72,0,0
rx,603,0,1,1,1787953780055317086,1787953780054300549,5357140125065,0,0,0,0
tx,603,0,1,1,1787953780055325363,1787953780054300549,5357140133714,5357140168547,72,0,0
rx,604,1,1,1,1787953780068386734,1787953780067604641,5357153194732,0,0,0,0
tx,604,1,1,1,1787953780068394419,1787953780067604641,5357153202677,5357153228677,72,0,0
rx,605,2,1,1,1787953780082552178,1787953780082040752,5357167360195,0,0,0,0
tx,605,2,1,1,1787953780082559382,1787953780082040752,5357167367639,5357167393288,72,0,0
rx,606,3,1,1,1787953780097778456,1787953780097310474,5357182586454,0,0,0,0
tx,606,3,1,1,1787953780097786215,1787953780097310474,5357182594473,5357182624269,72,0,0
rx,607,4,1,1,1787953780111949123,1787953780111790567,5357196757121,0,0,0,0
tx,607,4,1,1,1787953780111957511,1787953780111790567,5357196765769,5357196799028,72,0,0
rx,608,5,1,1,1787953780128436419,1787953780127330234,5357213244399,0,0,0,0
tx,608,5,1,1,1787953780128444660,1787953780127330234,5357213252899,5357213285325,72,0,0
rx,609,6,1,1,1787953780142828289,1787953780142182215,5357227636251,0,0,0,0
tx,609,6,1,1,1787953780142836363,1787953780142182215,5357227644602,5357227672047,72,0,0
rx,610,7,1,1,1787953780158167011,1787953780157559678,5357242975028,0,0,0,0
tx,610,7,1,1,1787953780158179826,1787953780157559678,5357242988065,5357243021621,72,0,0
rx,611,8,1,1,1787953780172402863,1787953780172380048,5357257210862,0,0,0,0
tx,611,8,1,1,1787953780172410567,1787953780172380048,5357257218806,5357257266010,72,0,0
rx,612,9,1,1,1787953780187707086,1787953780187221789,5357272515065,0,0,0,0
tx,612,9,1,1,1787953780187715530,1787953780187221789,5357272523806,5357272557954,72,0,0
rx,613,10,1,1,1787953780202987660,1787953780202245252,5357287795639,0,0,0,0
tx,613,10,1,1,1787953780202996215,1787953780202245252,5357287804621,5357287840991,72,0,0
rx,614,11,1,1,1787953780217158771,1787953780216937974,5357301966751,0,0,0,0
tx,614,11,1,1,1787953780217166715,1787953780216937974,5357301974973,5357302003417,72,0,0
rx,615,12,1,1,1787953780232502937,1787953780232436956,5357317310936,0,0,0,0
tx,615,12,1,1,1787953780232510752,1787953780232436956,5357317318991,5357317346528,72,0,0
rx,616,13,1,1,1787953780248899252,1787953780247827215,5357333707232,0,0,0,0
tx,616,13,1,1,1787953780248907271,1787953780247827215,5357333715528,5357333749991,72,0,0
rx,617,14,1,1,1787953780263115271,1787953780262346604,5357347923213,0,0,0,0
tx,617,14,1,1,1787953780263123067,1787953780262346604,5357347931325,5357347959250,72,0,0
rx,618,15,1,1,1787953780277401178,1787953780277147363,5357362209176,0,0,0,0
tx,618,15,1,1,1787953780277409048,1787953780277147363,5357362217306,5357362244584,72,0,0
rx,619,16,1,1,1787953780293830882,1787953780292730474,5357378638880,0,0,0,0
tx,619,16,1,1,1787953780293857863,1787953780292730474,5357378666102,5357378695658,72,0,0
rx,620,17,1,1,1787953780308017548,1787953780307532104,5357392825547,0,0,0,0
tx,620,17,1,1,1787953780308026660,1787953780307532104,5357392834917,5357392870565,72,0,0
rx,621,18,1,1,1787953780322266030,1787953780322070178,5357407074010,0,0,0,0
tx,621,18,1,1,1787953780322273919,1787953780322070178,5357407082158,5357407110676,72,0,0
rx,622,19,1,1,1787953780338691567,1787953780337608845,5357423499565,0,0,0,0
tx,622,19,1,1,1787953780338699567,1787953780337608845,5357423507825,5357423535139,72,0,0
rx,623,20,1,1,1787953780352894622,1787953780352336252,5357437702602,0,0,0,0
tx,623,20,1,1,1787953780352903030,1787953780352336252,5357437711306,5357437746639,72,0,0
rx,624,21,1,1,1787953780368334845,1787953780367356567,5357453142825,0,0,0,0
tx,624,21,1,1,1787953780368342734,1787953780367356567,5357453150991,5357453181028,72,0,0
rx,625,22,1,1,1787953780383619382,1787953780382924159,5357468427325,0,0,0,0
tx,625,22,1,1,1787953780383630826,1787953780382924159,5357468439065,5357468467343,72,0,0
rx,626,23,1,1,1787953780397731252,1787953780397466122,5357482539250,0,0,0,0
tx,626,23,1,1,1787953780397739308,1787953780397466122,5357482547547,5357482597732,72,0,0
rx,627,24,1,1,1787953780413017919,1787953780412213882,5357497825880,0,0,0,0
tx,627,24,1,1,1787953780413026326,1787953780412213882,5357497834621,5357497868010,72,0,0
rx,628,25,1,1,1787953780428328456,1787953780427335863,5357513136454,0,0,0,0
tx,628,25,1,1,1787953780428336530,1787953780427335863,5357513144769,5357513172491,72,0,0
rx,629,26,1,1,1787953780442504604,1787953780442424011,5357527312565,0,0,0,0
tx,629,26,1,1,1787953780442512493,1787953780442424011,5357527320750,5357527348269,72,0,0
rx,630,27,1,1,1787953780457994956,1787953780457031511,5357542802936,0,0,0,0
tx,630,27,1,1,1787953780458002956,1787953780457031511,5357542811213,5357542845973,72,0,0
rx,631,28,1,1,1787953780473455715,1787953780472794011,5357558263713,0,0,0,0
tx,631,28,1,1,1787953780473463604,1787953780472794011,5357558271861,5357558299639,72,0,0
rx,632,29,1,1,1787953780487629826,1787953780487135789,5357572437843,0,0,0,0
tx,632,29,1,1,1787953780487641215,1787953780487135789,5357572449491,5357572479010,72,0,0
rx,633,30,1,1,1787953780502901382,1787953780502347771,5357587709343,0,0,0,0
tx,633,30,1,1,1787953780502909530,1787953780502347771,5357587717806,5357587750973,72,0,0
rx,634,31,1,1,1787953780518141363,1787953780517704974,5357602949361,0,0,0,0
tx,634,31,1,1,1787953780518148956,1787953780517704974,5357602957195,5357602985639,72,0,0
rx,635,32,1,1,1787953780533386937,1787953780532883826,5357618194954,0,0,0,0
tx,635,32,1,1,1787953780533394215,1787953780532883826,5357618202454,5357618228584,72,0,0
rx,636,33,1,1,1787953780548638437,1787953780547750863,5357633446436,0,0,0,0
tx,636,33,1,1,1787953780548646363,1787953780547750863,5357633454639,5357633484898,72,0,0
rx,637,34,1,1,1787953780562893178,1787953780561891196,5357647701195,0,0,0,0
tx,637,34,1,1,1787953780562900882,1787953780561891196,5357647709121,5357647740213,72,0,0
rx,638,35,1,1,1787953780577041233,1787953780576815030,5357661849250,0,0,0,0
tx,638,35,1,1,1787953780577048807,1787953780576815030,5357661857047,5357661883547,72,0,0
rx,639,36,1,1,1787953780593355178,1787953780592499937,5357678163065,0,0,0,0
tx,639,36,1,1,1787953780593363770,1787953780592499937,5357678172047,5357678205547,72,0,0
rx,640,37,1,1,1787953780608627178,1787953780608279659,5357693435158,0,0,0,0
tx,640,37,1,1,1787953780608638622,1787953780608279659,5357693446861,5357693478250,72,0,0
rx,641,38,1,1,1787953780622808900,1787953780622140696,5357707616917,0,0,0,0
tx,641,38,1,1,1787953780622816900,1787953780622140696,5357707625139,5357707651861,72,0,0
rx,642,39,1,1,1787953780638038196,1787953780636969307,5357722846176,0,0,0,0
tx,642,39,1,1,1787953780638045844,1787953780636969307,5357722854084,5357722880417,72,0,0
rx,643,40,1,1,1787953780653301548,1787953780652865456,5357738109565,0,0,0,0
tx,643,40,1,1,1787953780653310067,1787953780652865456,5357738118324,5357738152491,72,0,0
rx,644,41,1,1,1787953780667466696,1787953780667185289,5357752274713,0,0,0,0
tx,644,41,1,1,1787953780667474715,1787953780667185289,5357752282972,5357752311398,72,0,0
rx,645,42,1,1,1787953780682692178,1787953780681946844,5357767500176,0,0,0,0
tx,645,42,1,1,1787953780682699807,1787953780681946844,5357767508065,5357767534565,72,0,0
rx,646,43,1,1,1787953780697953307,1787953780696933678,5357782761324,0,0,0,0
tx,646,43,1,1,1787953780697962400,1787953780696933678,5357782770732,5357782807269,72,0,0
rx,647,44,1,1,1787953780713271567,1787953780712249881,5357798079565,0,0,0,0
tx,647,44,1,1,1787953780713283233,1787953780712249881,5357798091472,5357798122972,72,0,0
rx,648,45,1,1,1787953780727421030,1787953780726883696,5357812229047,0,0,0,0
tx,648,45,1,1,1787953780727428585,1787953780726883696,5357812236843,5357812263491,72,0,0
rx,649,46,1,1,1787953780742638344,1787953780741832493,5357827446361,0,0,0,0
tx,649,46,1,1,1787953780742645807,1787953780741832493,5357827454047,5357827480398,72,0,0
rx,650,47,1,1,1787953780757901622,1787953780757245937,5357842709621,0,0,0,0
tx,650,47,1,1,1787953780757909456,1787953780757245937,5357842717695,5357842752065,72,0,0
rx,651,48,1,1,1787953780773135011,1787953780772539770,5357857943009,0,0,0,0
tx,651,48,1,1,1787953780773142530,1787953780772539770,5357857950769,5357857976769,72,0,0
rx,652,49,1,1,1787953780787277307,1787953780786795363,5357872085250,0,0,0,0
tx,652,49,1,1,1787953780787285993,1787953780786795363,5357872094232,5357872126509,72,0,0
rx,653,50,1,1,1787953780802523789,1787953780801766974,5357887331806,0,0,0,0
tx,653,50,1,1,1787953780802532196,1787953780801766974,5357887340454,5357887374454,72,0,0
rx,654,51,1,1,1787953780817785733,1787953780816741307,5357902593713,0,0,0,0
tx,654,51,1,1,1787953780817797011,1787953780816741307,5357902605269,5357902633509,72,0,0
rx,655,52,1,1,1787953780833003641,1787953780831958715,5357917811658,0,0,0,0
tx,655,52,1,1,1787953780833011178,1787953780831958715,5357917819435,5357917845046,72,0,0
rx,656,53,1,1,1787953780847139752,1787953780846968289,5357931947750,0,0,0,0
tx,656,53,1,1,1787953780847147567,1787953780846968289,5357931955824,5357931987065,72,0,0
rx,657,54,1,1,1787953780862526085,1787953780862126918,5357947334065,0,0,0,0
tx,657,54,1,1,1787953780862535104,1787953780862126918,5357947343343,5357947384935,72,0,0
rx,658,55,1,1,1787953780877841363,1787953780876835159,5357962649380,0,0,0,0
tx,658,55,1,1,1787953780877849048,1787953780876835159,5357962657306,5357962688324,72,0,0
rx,659,56,1,1,1787953780892001011,1787953780891720530,5357976809009,0,0,0,0
tx,659,56,1,1,1787953780892009418,1787953780891720530,5357976817676,5357976848250,72,0,0
rx,660,57,1,1,1787953780907265826,1787953780906813678,5357992073824,0,0,0,0
tx,660,57,1,1,1787953780907274307,1787953780906813678,5357992082565,5357992116861,72,0,0
rx,661,58,1,1,1787953780922504418,1787953780922294381,5358007312398,0,0,0,0
tx,661,58,1,1,1787953780922515363,1787953780922294381,5358007323620,5358007350935,72,0,0
rx,662,59,1,1,1787953780937719678,1787953780937213048,5358022527695,0,0,0,0
tx,662,59,1,1,1787953780937727030,1787953780937213048,5358022535269,5358022562972,72,0,0
rx,663,60,1,1,1787953780951929752,1787953780951830974,5358036737750,0,0,0,0
tx,663,60,1,1,1787953780951938955,1787953780951830974,5358036747195,5358036778583,72,0,0
rx,664,61,1,1,1787953780968336381,1787953780967332604,5358053144398,0,0,0,0
tx,664,61,1,1,1787953780968344233,1787953780967332604,5358053152472,5358053181602,72,0,0
rx,665,62,1,1,1787953780982510141,1787953780982152955,5358067318157,0,0,0,0
tx,665,62,1,1,1787953780982517455,1787953780982152955,5358067325695,5358067352213,72,0,0
rx,666,63,1,1,1787953780997740178,1787953780996914844,5358082548195,0,0,0,0
tx,666,63,1,1,1787953780997748548,1787953780996914844,5358082556824,5358082589954,72,0,0
rx,667,64,1,1,1787953781013002511,1787953781012099770,5358097810528,0,0,0,0
tx,667,64,1,1,1787953781013010270,1787953781012099770,5358097818528,5358097847991,72,0,0
