event,sequence,counter,valid_self,adopted,realtime_ns,kernel_ns,monotonic_ns,write_end_ns,written,socket_drop_total,trace_record_overflow
rx,1,1,1,1,1787954029237559048,1787954029237448622,5606322367028,0,0,0,0
tx,1,1,1,1,1787954029237569919,1787954029237448622,5606322378176,5606322457065,72,0,0
tx,1,10,1,1,1787954029247486530,1787954029237448622,5606332294787,5606332327676,72,0,0
rx,2,2,1,1,1787954029252934919,1787954029252667215,5606337742898,0,0,0,0
tx,2,19,1,1,1787954029257266789,1787954029252667215,5606342075047,5606342103213,72,0,0
tx,2,28,1,1,1787954029267086196,1787954029252667215,5606351894435,5606351919528,72,0,0
rx,3,3,1,1,1787954029269281844,1787954029268186807,5606354089732,0,0,0,0
tx,3,38,1,1,1787954029277938956,1787954029268186807,5606362747213,5606362773269,72,0,0
rx,4,4,1,1,1787954029283424696,1787954029283277696,5606368232695,0,0,0,0
tx,4,47,1,1,1787954029287762789,1787954029283277696,5606372571047,5606372596843,72,0,0
tx,4,56,1,1,1787954029297567215,1787954029283277696,5606382375509,5606382404972,72,0,0
rx,5,5,1,1,1787954029298683733,1787954029298621233,5606383491713,0,0,0,0
tx,5,65,1,1,1787954029307346215,1787954029298621233,5606392154491,5606392180602,72,0,0
rx,6,6,1,1,1787954029313921993,1787954029313505326,5606398729972,0,0,0,0
tx,6,74,1,1,1787954029317179493,1787954029313505326,5606401987732,5606402013565,72,0,0
tx,6,83,1,1,1787954029327014993,1787954029313505326,5606411823232,5606411847306,72,0,0
rx,7,7,1,1,1787954029329204993,1787954029328139326,5606414012991,0,0,0,0
tx,7,93,1,1,1787954029337863530,1787954029328139326,5606422671824,5606422698121,72,0,0
rx,8,8,1,1,1787954029343359881,1787954029342958344,5606428167880,0,0,0,0
tx,8,102,1,1,1787954029347691437,1787954029342958344,5606432499695,5606432530176,72,0,0
tx,8,111,1,1,1787954029357529789,1787954029342958344,5606442338028,5606442368343,72,0,0
rx,9,9,1,1,1787954029358646733,1787954029357642752,5606443454732,0,0,0,0
tx,9,120,1,1,1787954029367306252,1787954029357642752,5606452114546,5606452140232,72,0,0
rx,10,10,1,1,1787954029373881363,1787954029373326307,5606458689343,0,0,0,0
tx,10,129,1,1,1787954029377130937,1787954029373326307,5606461939195,5606461966287,72,0,0
tx,10,139,1,1,1787954029388021789,1787954029373326307,5606472830046,5606472854898,72,0,0
rx,11,11,1,1,1787954029389137381,1787954029388275030,5606473945380,0,0,0,0
tx,11,149,1,1,1787954029398891826,1787954029388275030,5606483700250,5606483732769,72,0,0
rx,12,12,1,1,1787954029404398918,1787954029403590770,5606489206935,0,0,0,0
tx,12,158,1,1,1787954029408739030,1787954029403590770,5606493547287,5606493574639,72,0,0
rx,13,13,1,1,1787954029418554122,1787954029418359789,5606503362139,0,0,0,0
tx,13,167,1,1,1787954029418562141,1787954029418359789,5606503370398,5606503397009,72,0,0
tx,13,176,1,1,1787954029428417993,1787954029418359789,5606513226250,5606513252046,72,0,0
rx,14,14,1,1,1787954029433923548,1787954029432936548,5606518731528,0,0,0,0
tx,14,185,1,1,1787954029438263104,1787954029432936548,5606523071361,5606523097287,72,0,0
tx,14,194,1,1,1787954029448123641,1787954029432936548,5606532931898,5606532975917,72,0,0
rx,15,15,1,1,1787954029449258233,1787954029448189233,5606534066232,0,0,0,0
tx,15,3,1,1,1787954029458998974,1787954029448189233,5606543807232,5606543834009,72,0,0
rx,16,16,1,1,1787954029463425955,1787954029463204937,5606548233972,0,0,0,0
tx,16,12,1,1,1787954029468837604,1787954029463204937,5606553645861,5606553672139,72,0,0
tx,16,21,1,1,1787954029478651511,1787954029463204937,5606563459769,5606563484602,72,0,0
rx,17,17,1,1,1787954029479761992,1787954029478886678,5606564569898,0,0,0,0
tx,17,30,1,1,1787954029488422807,1787954029478886678,5606573231065,5606573257158,72,0,0
rx,18,18,1,1,1787954029493949344,1787954029492933622,5606578757343,0,0,0,0
tx,18,39,1,1,1787954029498290085,1787954029492933622,5606583098343,5606583131917,72,0,0
tx,18,48,1,1,1787954029508117807,1787954029492933622,5606592926065,5606592950935,72,0,0
rx,19,19,1,1,1787954029510349085,1787954029509613307,5606595157102,0,0,0,0
tx,19,58,1,1,1787954029519007455,1787954029509613307,5606603815713,5606603843602,72,0,0
rx,20,20,1,1,1787954029523414215,1787954029523119011,5606608222213,0,0,0,0
tx,20,67,1,1,1787954029528862789,1787954029523119011,5606613671046,5606613699028,72,0,0
rx,21,21,1,1,1787954029538679233,1787954029538482900,5606623487232,0,0,0,0
tx,21,76,1,1,1787954029538686752,1787954029538482900,5606623495009,5606623521195,72,0,0
tx,21,85,1,1,1787954029548509622,1787954029538482900,5606633317898,5606633349917,72,0,0
rx,22,22,1,1,1787954029553959141,1787954029553306881,5606638767139,0,0,0,0
tx,22,94,1,1,1787954029558295437,1787954029553306881,5606643103676,5606643130824,72,0,0
tx,22,103,1,1,1787954029568119141,1787954029553306881,5606652927380,5606652951583,72,0,0
rx,23,23,1,1,1787954029569228196,1787954029568940696,5606654036194,0,0,0,0
tx,23,113,1,1,1787954029578969270,1787954029568940696,5606663777509,5606663803676,72,0,0
rx,24,24,1,1,1787954029583441881,1787954029583360641,5606668249898,0,0,0,0
tx,24,122,1,1,1787954029588860696,1787954029583360641,5606673668954,5606673695917,72,0,0
tx,24,131,1,1,1787954029598679622,1787954029583360641,5606683487861,5606683518787,72,0,0
rx,25,25,1,1,1787954029599797641,1787954029598736918,5606684605657,0,0,0,0
tx,25,140,1,1,1787954029608459566,1787954029598736918,5606693267806,5606693293861,72,0,0
rx,26,26,1,1,1787954029613977715,1787954029613806881,5606698785694,0,0,0,0
tx,26,149,1,1,1787954029618344548,1787954029613806881,5606703152787,5606703180732,72,0,0
tx,26,158,1,1,1787954029628246455,1787954029613806881,5606713054750,5606713080361,72,0,0
rx,27,27,1,1,1787954029629359159,1787954029628341289,5606714167157,0,0,0,0
tx,27,167,1,1,1787954029638055474,1787954029628341289,5606722863731,5606722911472,72,0,0
rx,28,28,1,1,1787954029643585326,1787954029643486696,5606728393324,0,0,0,0
tx,28,177,1,1,1787954029649020474,1787954029643486696,5606733828750,5606733863954,72,0,0
rx,29,29,1,1,1787954029658898937,1787954029658384659,5606743706935,0,0,0,0
tx,29,187,1,1,1787954029659990252,1787954029658384659,5606744798565,5606744829991,72,0,0
tx,29,196,1,1,1787954029669810474,1787954029658384659,5606754618731,5606754644380,72,0,0
rx,30,30,1,1,1787954029673090715,1787954029672970992,5606757898713,0,0,0,0
tx,30,4,1,1,1787954029679591103,1787954029672970992,5606764399361,5606764425787,72,0,0
rx,31,31,1,1,1787954029689405344,1787954029688528048,5606774213343,0,0,0,0
tx,31,13,1,1,1787954029689412881,1787954029688528048,5606774221139,5606774247380,72,0,0
tx,31,22,1,1,1787954029699246455,1787954029688528048,5606784054750,5606784091694,72,0,0
rx,32,32,1,1,1787954029703650937,1787954029703535678,5606788458935,0,0,0,0
tx,32,31,1,1,1787954029709067307,1787954029703535678,5606793875565,5606793905343,72,0,0
rx,33,33,1,1,1787954029719995900,1787954029718924215,5606804803917,0,0,0,0
tx,33,41,1,1,1787954029720003789,1787954029718924215,5606804812046,5606804839417,72,0,0
tx,33,50,1,1,1787954029729853326,1787954029718924215,5606814661565,5606814686898,72,0,0
rx,34,34,1,1,1787954029734208752,1787954029733155048,5606819016768,0,0,0,0
tx,34,59,1,1,1787954029739628992,1787954029733155048,5606824437250,5606824461639,72,0,0
rx,35,35,1,1,1787954029749479437,1787954029748526215,5606834287454,0,0,0,0
tx,35,68,1,1,1787954029749487807,1787954029748526215,5606834296065,5606834335731,72,0,0
tx,35,77,1,1,1787954029759329066,1787954029748526215,5606844137305,5606844161917,72,0,0
rx,36,36,1,1,1787954029763680233,1787954029763306381,5606848488231,0,0,0,0
tx,36,86,1,1,1787954029769107233,1787954029763306381,5606853915491,5606853941250,72,0,0
rx,37,37,1,1,1787954029778920733,1787954029778315603,5606863728731,0,0,0,0
tx,37,96,1,1,1787954029780009955,1787954029778315603,5606864818194,5606864845065,72,0,0
tx,37,106,1,1,1787954029790895826,1787954029778315603,5606875704083,5606875728805,72,0,0
rx,38,38,1,1,1787954029793156196,1787954029793056566,5606877964213,0,0,0,0
tx,38,115,1,1,1787954029800744270,1787954029793056566,5606885552528,5606885583639,72,0,0
rx,39,39,1,1,1787954029809494122,1787954029808788159,5606894302102,0,0,0,0
tx,39,124,1,1,1787954029810584085,1787954029808788159,5606895392342,5606895420065,72,0,0
tx,39,133,1,1,1787954029820396659,1787954029808788159,5606905204917,5606905230065,72,0,0
rx,40,40,1,1,1787954029823670363,1787954029823168659,5606908478361,0,0,0,0
tx,40,142,1,1,1787954029830168029,1787954029823168659,5606914976287,5606915011324,72,0,0
rx,41,41,1,1,1787954029838913529,1787954029838493918,5606923721528,0,0,0,0
tx,41,152,1,1,1787954029841100122,1787954029838493918,5606925908361,5606925938361,72,0,0
tx,41,162,1,1,1787954029852008103,1787954029838493918,5606936816361,5606936844417,72,0,0
rx,42,42,1,1,1787954029854229789,1787954029853223807,5606939037787,0,0,0,0
tx,42,169,1,1,1787954029861260140,1787954029853223807,5606946068398,5606946112398,72,0,0
rx,43,43,1,1,1787954029869038677,1787954029868017363,5606953846583,0,0,0,0
tx,43,178,1,1,1787954029871216326,1787954029868017363,5606956024583,5606956055046,72,0,0
tx,43,187,1,1,1787954029881071363,1787954029868017363,5606965879639,5606965905028,72,0,0
rx,44,44,1,1,1787954029884346122,1787954029883586029,5606969154120,0,0,0,0
tx,44,197,1,1,1787954029891967881,1787954029883586029,5606976776139,5606976801620,72,0,0
rx,45,45,1,1,1787954029899641289,1787954029898759974,5606984449287,0,0,0,0
tx,45,5,1,1,1787954029901811659,1787954029898759974,5606986619917,5606986656065,72,0,0
tx,45,14,1,1,1787954029911641159,1787954029898759974,5606996449398,5606996474342,72,0,0
rx,46,46,1,1,1787954029916014251,1787954029915009844,5607000822213,0,0,0,0
tx,46,23,1,1,1787954029921434677,1787954029915009844,5607006242917,5607006269120,72,0,0
rx,47,47,1,1,1787954029930173159,1787954029929137529,5607014981176,0,0,0,0
tx,47,32,1,1,1787954029931263474,1787954029929137529,5607016071768,5607016098898,72,0,0
tx,47,41,1,1,1787954029941075066,1787954029929137529,5607025883324,5607025908065,72,0,0
rx,48,48,1,1,1787954029943295733,1787954029943227122,5607028103731,0,0,0,0
tx,48,51,1,1,1787954029951994751,1787954029943227122,5607036803009,5607036844324,72,0,0
rx,49,49,1,1,1787954029958593937,1787954029958392955,5607043401935,0,0,0,0
tx,49,60,1,1,1787954029961854270,1787954029958392955,5607046662509,5607046689916,72,0,0
tx,49,69,1,1,1787954029971665122,1787954029958392955,5607056473361,5607056497565,72,0,0
rx,50,50,1,1,1787954029973855251,1787954029973481011,5607058663250,0,0,0,0
tx,50,78,1,1,1787954029981438548,1787954029973481011,5607066246805,5607066272305,72,0,0
rx,51,51,1,1,1787954029988008177,1787954029987701770,5607072816176,0,0,0,0
tx,51,87,1,1,1787954029991259603,1787954029987701770,5607076067861,5607076094472,72,0,0
tx,51,96,1,1,1787954030001071492,1787954029987701770,5607085879953,5607085908565,72,0,0
rx,52,52,1,1,1787954030004444437,1787954030003451825,5607089252435,0,0,0,0
tx,52,106,1,1,1787954030012026085,1787954030003451825,5607096834342,5607096861713,72,0,0
rx,53,53,1,1,1787954030020795122,1787954030020013788,5607105603120,0,0,0,0
tx,53,116,1,1,1787954030022964955,1787954030020013788,5607107773213,5607107800935,72,0,0
tx,53,125,1,1,1787954030032815714,1787954030020013788,5607117623953,5607117650139,72,0,0
rx,54,54,1,1,1787954030033960511,1787954030033869992,5607118768509,0,0,0,0
tx,54,134,1,1,1787954030042639825,1787954030033869992,5607127448102,5607127478898,72,0,0
rx,55,55,1,1,1787954030049222696,1787954030048811233,5607134030694,0,0,0,0
tx,55,143,1,1,1787954030052479344,1787954030048811233,5607137287602,5607137317879,72,0,0
tx,55,152,1,1,1787954030062298029,1787954030048811233,5607147106287,5607147130916,72,0,0
rx,56,56,1,1,1787954030063408529,1787954030062738307,5607148216546,0,0,0,0
tx,56,161,1,1,1787954030072067900,1787954030062738307,5607156876157,5607156901731,72,0,0
rx,57,57,1,1,1787954030078643233,1787954030078556751,5607163451231,0,0,0,0
tx,57,171,1,1,1787954030083019437,1787954030078556751,5607167827694,5607167855009,72,0,0
rx,58,58,1,1,1787954030093930714,1787954030093023529,5607178738731,0,0,0,0
tx,58,181,1,1,1787954030093938955,1787954030093023529,5607178747213,5607178781620,72,0,0
tx,58,190,1,1,1787954030103788159,1787954030093023529,5607188596398,5607188623787,72,0,0
rx,59,59,1,1,1787954030109232566,1787954030108930844,5607194040583,0,0,0,0
tx,59,199,1,1,1787954030113565085,1787954030108930844,5607198373324,5607198400157,72,0,0
rx,60,60,1,1,1787954030123386399,1787954030122998881,5607208194416,0,0,0,0
tx,60,7,1,1,1787954030123394270,1787954030122998881,5607208202527,5607208229194,72,0,0
tx,60,16,1,1,1787954030133203548,1787954030122998881,5607218011787,5607218036972,72,0,0
rx,61,61,1,1,1787954030138654103,1787954030138446770,5607223462102,0,0,0,0
tx,61,26,1,1,1787954030144112733,1787954030138446770,5607228921009,5607228956213,72,0,0
rx,62,62,1,1,1787954030154138751,1787954030153761677,5607238946768,0,0,0,0
tx,62,35,1,1,1787954030154151566,1787954030153761677,5607238959805,5607238991990,72,0,0
tx,62,45,1,1,1787954030165056677,1787954030153761677,5607249864916,5607249891231,72,0,0
rx,63,63,1,1,1787954030169429325,1787954030168941511,5607254237324,0,0,0,0
tx,63,55,1,1,1787954030176089937,1787954030168941511,5607260898213,5607260925824,72,0,0
rx,64,64,1,1,1787954030184822640,1787954030184018659,5607269630639,0,0,0,0
tx,64,65,1,1,1787954030187007714,1787954030184018659,5607271816009,5607271843361,72,0,0
tx,64,74,1,1,1787954030196975066,1787954030184018659,5607281783361,5607281818787,72,0,0
rx,65,65,1,1,1787954030199181492,1787954030198998214,5607283989509,0,0,0,0
tx,65,83,1,1,1787954030206984955,1787954030198998214,5607291793231,5607291833416,72,0,0
rx,66,66,1,1,1787954030213610399,1787954030213363603,5607298418398,0,0,0,0
tx,66,92,1,1,1787954030216860788,1787954030213363603,5607301669064,5607301698527,72,0,0
tx,66,101,1,1,1787954030226734751,1787954030213363603,5607311543009,5607311569824,72,0,0
rx,67,67,1,1,1787954030230034029,1787954030229027325,5607314842009,0,0,0,0
tx,67,110,1,1,1787954030236536251,1787954030229027325,5607321344490,5607321371990,72,0,0
tx,67,119,1,1,1787954030246380233,1787954030229027325,5607331188546,5607331225731,72,0,0
tx,67,128,1,1,1787954030256148492,1787954030229027325,5607340956842,5607340986213,72,0,0
tx,67,138,1,1,1787954030267057881,1787954030229027325,5607351866139,5607351892601,72,0,0
tx,67,148,1,1,1787954030277890066,1787954030229027325,5607362698305,5607362723731,72,0,0
tx,67,157,1,1,1787954030287646362,1787954030229027325,5607372454620,5607372480287,72,0,0
tx,67,166,1,1,1787954030297403214,1787954030229027325,5607382211453,5607382249231,72,0,0
tx,67,175,1,1,1787954030307187122,1787954030229027325,5607391995379,5607392114157,72,0,0
tx,67,184,1,1,1787954030317035399,1787954030229027325,5607401843657,5607401869694,72,0,0
rx,68,68,1,1,1787954030326892122,1787954030325945381,5607411700120,0,0,0,0
tx,68,194,1,1,1787954030327982085,1787954030325945381,5607412790324,5607412821509,72,0,0
rx,69,69,1,0,1787954030330372733,1787954030329360973,5607415180731,0,0,0,0
rx,70,70,1,0,1787954030330378085,1787954030329789696,5607415186083,0,0,0,0
rx,71,71,1,0,1787954030330382473,1787954030329813029,5607415190490,0,0,0,0
rx,72,72,1,0,1787954030330386659,1787954030329823881,5607415194676,0,0,0,0
rx,73,73,1,1,1787954030330391492,1787954030330130270,5607415199509,0,0,0,0
rx,74,74,1,1,1787954030333703733,1787954030332702714,5607418511713,0,0,0,0
tx,74,2,1,1,1787954030338049177,1787954030332702714,5607422857490,5607422887842,72,0,0
rx,75,75,1,1,1787954030349012899,1787954030348391455,5607433820916,0,0,0,0
tx,75,12,1,1,1787954030349021659,1787954030348391455,5607433829935,5607433867916,72,0,0
tx,75,21,1,1,1787954030359024455,1787954030348391455,5607443832713,5607443859453,72,0,0
rx,76,76,1,1,1787954030363383751,1787954030362807862,5607448191768,0,0,0,0
tx,76,31,1,1,1787954030369882807,1787954030362807862,5607454691046,5607454720620,72,0,0
tx,76,40,1,1,1787954030379709733,1787954030362807862,5607464517990,5607464545064,72,0,0
tx,76,49,1,1,1787954030389479844,1787954030362807862,5607474288157,5607474320435,72,0,0
tx,76,58,1,1,1787954030399294622,1787954030362807862,5607484102879,5607484128787,72,0,0
tx,76,67,1,1,1787954030409073196,1787954030362807862,5607493881435,5607493908027,72,0,0
tx,76,77,1,1,1787954030419890899,1787954030362807862,5607504699157,5607504724805,72,0,0
tx,76,86,1,1,1787954030429682010,1787954030362807862,5607514490268,5607514515712,72,0,0
tx,76,95,1,1,1787954030439505047,1787954030362807862,5607524313287,5607524339694,72,0,0
tx,76,104,1,1,1787954030449281344,1787954030362807862,5607534089638,5607534123990,72,0,0
rx,77,77,1,1,1787954030455826140,1787954030455697270,5607540634157,0,0,0,0
rx,78,78,1,0,1787954030456919455,1787954030456060418,5607541727342,0,0,0,0
rx,79,79,1,0,1787954030456924084,1787954030456577733,5607541732101,0,0,0,0
rx,80,80,1,0,1787954030456928492,1787954030456596122,5607541736490,0,0,0,0
rx,81,81,1,0,1787954030456932640,1787954030456606603,5607541740657,0,0,0,0
rx,82,82,1,1,1787954030456937714,1787954030456614270,5607541745731,0,0,0,0
tx,82,113,1,1,1787954030459388788,1787954030456614270,5607544197083,5607544229675,72,0,0
rx,83,83,1,1,1787954030469294584,1787954030468292899,5607554102564,0,0,0,0
tx,83,122,1,1,1787954030469302603,1787954030468292899,5607554110842,5607554139657,72,0,0
tx,83,131,1,1,1787954030479138992,1787954030468292899,5607563947250,5607563973546,72,0,0
rx,84,84,1,1,1787954030484590788,1787954030483572047,5607569398787,0,0,0,0
tx,84,141,1,1,1787954030489991140,1787954030483572047,5607574799398,5607574827342,72,0,0
rx,85,85,1,1,1787954030498765047,1787954030498026566,5607583573046,0,0,0,0
tx,85,150,1,1,1787954030499866473,1787954030498026566,5607584674712,5607584710694,72,0,0
tx,85,159,1,1,1787954030509804992,1787954030498026566,5607594613231,5607594639972,72,0,0
tx,85,168,1,1,1787954030519579621,1787954030498026566,5607604387861,5607604413712,72,0,0
tx,85,177,1,1,1787954030529339510,1787954030498026566,5607614147768,5607614172805,72,0,0
tx,85,186,1,1,1787954030539114121,1787954030498026566,5607623922379,5607623948398,72,0,0
tx,85,195,1,1,1787954030549031084,1787954030498026566,5607633839342,5607633871435,72,0,0
tx,85,4,1,1,1787954030559902881,1787954030498026566,5607644711120,5607644737416,72,0,0
tx,85,13,1,1,1787954030569655307,1787954030498026566,5607654463564,5607654489027,72,0,0
tx,85,22,1,1,1787954030579447807,1787954030498026566,5607664256046,5607664281657,72,0,0
tx,85,31,1,1,1787954030589255621,1787954030498026566,5607674063935,5607674094342,72,0,0
rx,86,86,1,0,1787954030592534325,1787954030591993510,5607677342324,0,0,0,0
rx,87,87,1,1,1787954030592540473,1787954030592365807,5607677348472,0,0,0,0
rx,88,88,1,0,1787954030593630140,1787954030592897325,5607678438157,0,0,0,0
rx,89,89,1,0,1787954030593634899,1787954030592917992,5607678442916,0,0,0,0
rx,90,90,1,0,1787954030593639121,1787954030592927066,5607678447138,0,0,0,0
rx,91,91,1,1,1787954030593644344,1787954030592935751,5607678452342,0,0,0,0
tx,91,40,1,1,1787954030599084510,1787954030592935751,5607683892768,5607683925027,72,0,0
rx,92,92,1,1,1787954030604611473,1787954030604021899,5607689419472,0,0,0,0
tx,92,50,1,1,1787954030610020714,1787954030604021899,5607694828953,5607694857824,72,0,0
rx,93,93,1,1,1787954030619991584,1787954030618959547,5607704799601,0,0,0,0
tx,93,60,1,1,1787954030621093214,1787954030618959547,5607705901472,5607705929749,72,0,0
tx,93,70,1,1,1787954030632077103,1787954030618959547,5607716885342,5607716912046,72,0,0
rx,94,94,1,1,1787954030634266825,1787954030633795029,5607719074842,0,0,0,0
tx,94,80,1,1,1787954030642966436,1787954030633795029,5607727774694,5607727808749,72,0,0
tx,94,89,1,1,1787954030652826047,1787954030633795029,5607737634286,5607737665268,72,0,0
tx,94,98,1,1,1787954030662730084,1787954030633795029,5607747538323,5607747563694,72,0,0
tx,94,107,1,1,1787954030672480936,1787954030633795029,5607757289175,5607757314620,72,0,0
tx,94,116,1,1,1787954030682229195,1787954030633795029,5607767037435,5607767062972,72,0,0
tx,94,126,1,1,1787954030693084529,1787954030633795029,5607777892805,5607777922305,72,0,0
tx,94,136,1,1,1787954030703997955,1787954030633795029,5607788806194,5607788834009,72,0,0
tx,94,145,1,1,1787954030713736788,1787954030633795029,5607798545027,5607798570416,72,0,0
tx,94,154,1,1,1787954030723491603,1787954030633795029,5607808299860,5607808325064,72,0,0
rx,95,95,1,0,1787954030729126436,1787954030728049640,5607813934398,0,0,0,0
rx,96,96,1,1,1787954030729136214,1787954030728981103,5607813944212,0,0,0,0
rx,97,97,1,0,1787954030730228084,1787954030729452936,5607815036101,0,0,0,0
rx,98,98,1,0,1787954030730232936,1787954030729471677,5607815040953,0,0,0,0
rx,99,99,1,0,1787954030730237473,1787954030729480603,5607815045490,0,0,0,0
rx,100,100,1,1,1787954030730242362,1787954030729490251,5607815050360,0,0,0,0
tx,100,163,1,1,1787954030733507232,1787954030729490251,5607818315509,5607818347083,72,0,0
rx,101,101,1,1,1787954030739082195,1787954030738090288,5607823890175,0,0,0,0
tx,101,172,1,1,1787954030743439029,1787954030738090288,5607828247305,5607828282360,72,0,0
rx,102,102,1,1,1787954030753415936,1787954030753309973,5607838223935,0,0,0,0
tx,102,181,1,1,1787954030753424899,1787954030753309973,5607838233212,5607838266138,72,0,0
tx,102,190,1,1,1787954030763239103,1787954030753309973,5607848047360,5607848074897,72,0,0
rx,103,103,1,1,1787954030768706844,1787954030768051788,5607853514546,0,0,0,0
tx,103,199,1,1,1787954030773038918,1787954030768051788,5607857847175,5607857875342,72,0,0
tx,103,8,1,1,1787954030783972066,1787954030768051788,5607868780323,5607868806527,72,0,0
tx,103,17,1,1,1787954030793767195,1787954030768051788,5607878575509,5607878608564,72,0,0
tx,103,26,1,1,1787954030803552010,1787954030768051788,5607888360268,5607888386564,72,0,0
tx,103,35,1,1,1787954030813404455,1787954030768051788,5607898212694,5607898397305,72,0,0
tx,103,44,1,1,1787954030823330788,1787954030768051788,5607908139027,5607908165027,72,0,0
tx,103,53,1,1,1787954030833118344,1787954030768051788,5607917926601,5607917952472,72,0,0
tx,103,63,1,1,1787954030843995381,1787954030768051788,5607928803657,5607928832249,72,0,0
tx,103,72,1,1,1787954030853812658,1787954030768051788,5607938620916,5607938647601,72,0,0
tx,103,79,1,1,1787954030863439677,1787954030768051788,5607948248157,5607948285675,72,0,0
rx,104,104,1,0,1787954030865698566,1787954030865204325,5607950506527,0,0,0,0
rx,105,105,1,1,1787954030865705695,1787954030865604751,5607950513694,0,0,0,0
rx,106,106,1,0,1787954030866798529,1787954030866146769,5607951606527,0,0,0,0
rx,107,107,1,0,1787954030866804029,1787954030866167732,5607951612027,0,0,0,0
rx,108,108,1,0,1787954030866812492,1787954030866176769,5607951620490,0,0,0,0
rx,109,109,1,1,1787954030866817603,1787954030866186066,5607951625620,0,0,0,0
rx,110,110,1,1,1787954030873328214,1787954030873197806,5607958136231,0,0,0,0
tx,110,88,1,1,1787954030873336158,1787954030873197806,5607958144453,5607958176823,72,0,0
tx,110,97,1,1,1787954030883185751,1787954030873197806,5607967994064,5607968051953,72,0,0
rx,111,111,1,1,1787954030888685306,1787954030888547103,5607973493305,0,0,0,0
tx,111,106,1,1,1787954030893025955,1787954030888547103,5607977834268,5607977867453,72,0,0
rx,112,112,1,1,1787954030903944473,1787954030903245955,5607988752490,0,0,0,0
tx,112,116,1,1,1787954030903952843,1787954030903245955,5607988761101,5607988790749,72,0,0
tx,112,125,1,1,1787954030913773325,1787954030903245955,5607998581564,5607998607675,72,0,0
tx,112,134,1,1,1787954030923554640,1787954030903245955,5608008362897,5608008389342,72,0,0
tx,112,143,1,1,1787954030933341158,1787954030903245955,5608018149397,5608018175249,72,0,0
tx,112,152,1,1,1787954030943111695,1787954030903245955,5608027919953,5608027950008,72,0,0
tx,112,162,1,1,1787954030953948825,1787954030903245955,5608038757083,5608038784934,72,0,0
tx,112,171,1,1,1787954030963765084,1787954030903245955,5608048573323,5608048599731,72,0,0
tx,112,180,1,1,1787954030973531677,1787954030903245955,5608058339916,5608058366231,72,0,0
tx,112,189,1,1,1787954030983305399,1787954030903245955,5608068113638,5608068144990,72,0,0
tx,112,198,1,1,1787954030993071325,1787954030903245955,5608077879564,5608077908268,72,0,0
rx,113,113,1,0,1787954030999606751,1787954030998706269,5608084414749,0,0,0,0
rx,114,114,1,1,1787954030999612732,1787954030999160436,5608084420731,0,0,0,0
rx,115,115,1,0,1787954031000716955,1787954030999666695,5608085524953,0,0,0,0
rx,116,116,1,0,1787954031000721899,1787954030999690899,5608085529897,0,0,0,0
rx,117,117,1,0,1787954031000726399,1787954030999699973,5608085534416,0,0,0,0
rx,118,118,1,1,1787954031000731288,1787954030999709140,5608085539305,0,0,0,0
tx,118,7,1,1,1787954031003976658,1787954030999709140,5608088784953,5608088819453,72,0,0
rx,119,119,1,1,1787954031008451732,1787954031008105955,5608093259731,0,0,0,0
tx,119,16,1,1,1787954031013855566,1787954031008105955,5608098663842,5608098690916,72,0,0
rx,120,120,1,1,1787954031023679843,1787954031023180232,5608108487842,0,0,0,0
tx,120,25,1,1,1787954031023690936,1787954031023180232,5608108499249,5608108528120,72,0,0
tx,120,34,1,1,1787954031033550140,1787954031023180232,5608118358379,5608118384583,72,0,0
rx,121,121,1,1,1787954031037901955,1787954031037740843,5608122709971,0,0,0,0
tx,121,43,1,1,1787954031043371492,1787954031037740843,5608128179749,5608128214749,72,0,0
tx,121,52,1,1,1787954031053203714,1787954031037740843,5608138011971,5608138042582,72,0,0
tx,121,61,1,1,1787954031063012936,1787954031037740843,5608147821175,5608148032916,72,0,0
tx,121,71,1,1,1787954031074044621,1787954031037740843,5608158852860,5608158878231,72,0,0
tx,121,81,1,1,1787954031084876492,1787954031037740843,5608169684749,5608169709971,72,0,0
tx,121,90,1,1,1787954031094667584,1787954031037740843,5608179475879,5608179505545,72,0,0
tx,121,99,1,1,1787954031104506899,1787954031037740843,5608189315157,5608189343082,72,0,0
tx,121,108,1,1,1787954031114271658,1787954031037740843,5608199079916,5608199104879,72,0,0
tx,121,117,1,1,1787954031124044380,1787954031037740843,5608208852638,5608208877638,72,0,0
rx,122,122,1,1,1787954031134968436,1787954031134350288,5608219776453,0,0,0,0
tx,122,127,1,1,1787954031134977788,1787954031134350288,5608219786045,5608219816157,72,0,0
rx,123,123,1,0,1787954031136275510,1787954031135078917,5608221083508,0,0,0,0
rx,124,124,1,0,1787954031136282269,1787954031135596954,5608221090268,0,0,0,0
rx,125,125,1,0,1787954031136286658,1787954031135619658,5608221094657,0,0,0,0
rx,126,126,1,0,1787954031136290806,1787954031135630214,5608221098805,0,0,0,0
rx,127,127,1,1,1787954031136295603,1787954031135638677,5608221103601,0,0,0,0
rx,128,128,1,1,1787954031143893991,1787954031143299584,5608228702008,0,0,0,0
tx,128,136,1,1,1787954031144990325,1787954031143299584,5608229798619,5608229832268,72,0,0
tx,128,145,1,1,1787954031154886917,1787954031143299584,5608239695175,5608239725360,72,0,0
rx,129,129,1,1,1787954031158162806,1787954031157967806,5608242970731,0,0,0,0
tx,129,154,1,1,1787954031164698380,1787954031157967806,5608249506694,5608249535397,72,0,0
rx,130,130,1,1,1787954031173446677,1787954031173066047,5608258254694,0,0,0,0
tx,130,163,1,1,1787954031174541640,1787954031173066047,5608259349897,5608259378268,72,0,0
tx,130,172,1,1,1787954031184508232,1787954031173066047,5608269316490,5608269348231,72,0,0
tx,130,181,1,1,1787954031194278954,1787954031173066047,5608279087194,5608279114638,72,0,0
tx,130,190,1,1,1787954031204039695,1787954031173066047,5608288847934,5608288873971,72,0,0
tx,130,200,1,1,1787954031214896103,1787954031173066047,5608299704342,5608299729971,72,0,0
tx,130,8,1,1,1787954031224737028,1787954031173066047,5608309545268,5608309571564,72,0,0
tx,130,17,1,1,1787954031234531380,1787954031173066047,5608319339694,5608319370656,72,0,0
tx,130,26,1,1,1787954031244318417,1787954031173066047,5608329126675,5608329152897,72,0,0
tx,130,35,1,1,1787954031254080714,1787954031173066047,5608338888971,5608338915379,72,0,0
tx,130,45,1,1,1787954031265068214,1787954031173066047,5608349876453,5608349902416,72,0,0
rx,131,131,1,1,1787954031269453621,1787954031269348454,5608354261619,0,0,0,0
rx,132,132,1,0,1787954031270548547,1787954031269731880,5608355356545,0,0,0,0
rx,133,133,1,0,1787954031270553140,1787954031270077214,5608355361138,0,0,0,0
rx,134,134,1,0,1787954031270557195,1787954031270093454,5608355365212,0,0,0,0
rx,135,135,1,0,1787954031270561362,1787954031270103769,5608355369379,0,0,0,0
rx,136,136,1,1,1787954031270566380,1787954031270112121,5608355374397,0,0,0,0
tx,136,55,1,1,1787954031275988973,1787954031270112121,5608360797249,5608360826990,72,0,0
rx,137,137,1,1,1787954031278254677,1787954031278052288,5608363062693,0,0,0,0
tx,137,64,1,1,1787954031285861158,1787954031278052288,5608370669564,5608370696601,72,0,0
rx,138,138,1,1,1787954031293528491,1787954031292923103,5608378336490,0,0,0,0
tx,138,73,1,1,1787954031295710473,1787954031292923103,5608380518749,5608380552601,72,0,0
tx,138,82,1,1,1787954031305612084,1787954031292923103,5608390420342,5608390447119,72,0,0
rx,139,139,1,1,1787954031308886936,1787954031307841010,5608393694934,0,0,0,0
tx,139,91,1,1,1787954031315395565,1787954031307841010,5608400203805,5608400231786,72,0,0
tx,139,100,1,1,1787954031325205714,1787954031307841010,5608410013971,5608410039564,72,0,0
tx,139,110,1,1,1787954031336070343,1787954031307841010,5608420878601,5608420904471,72,0,0
tx,139,120,1,1,1787954031347084769,1787954031307841010,5608431893027,5608431928768,72,0,0
tx,139,130,1,1,1787954031357929288,1787954031307841010,5608442737545,5608442764693,72,0,0
rx,140,140,1,0,1787954031361234158,1787954031360177491,5608446042156,0,0,0,0
rx,141,141,1,0,1787954031361288306,1787954031360655843,5608446096286,0,0,0,0
rx,142,142,1,1,1787954031361321510,1787954031361110899,5608446129508,0,0,0,0
tx,142,139,1,1,1787954031367818677,1787954031361110899,5608452626916,5608452656397,72,0,0
rx,143,143,1,1,1787954031369108380,1787954031368674047,5608453916379,0,0,0,0
tx,143,148,1,1,1787954031377772547,1787954031368674047,5608462580805,5608462608823,72,0,0
rx,144,144,1,1,1787954031384349399,1787954031383338825,5608469157397,0,0,0,0
tx,144,157,1,1,1787954031387622899,1787954031383338825,5608472431193,5608472463638,72,0,0
tx,144,166,1,1,1787954031397506362,1787954031383338825,5608482314656,5608482341453,72,0,0
rx,145,145,1,1,1787954031399698065,1787954031399071010,5608484506064,0,0,0,0
tx,145,175,1,1,1787954031407278102,1787954031399071010,5608492086397,5608492114379,72,0,0
tx,145,184,1,1,1787954031417134677,1787954031399071010,5608501942916,5608501969212,72,0,0
tx,145,194,1,1,1787954031427980047,1787954031399071010,5608512788286,5608512813712,72,0,0
tx,145,2,1,1,1787954031437800602,1787954031399071010,5608522608897,5608522638990,72,0,0
tx,145,11,1,1,1787954031447560343,1787954031399071010,5608532368582,5608532397286,72,0,0
tx,145,20,1,1,1787954031457326214,1787954031399071010,5608542134453,5608542169638,72,0,0
tx,145,29,1,1,1787954031467107028,1787954031399071010,5608551915267,5608551940564,72,0,0
tx,145,39,1,1,1787954031477974362,1787954031399071010,5608562782601,5608562808045,72,0,0
tx,145,48,1,1,1787954031487739547,1787954031399071010,5608572547786,5608572578749,72,0,0
rx,146,146,1,0,1787954031493205862,1787954031492412121,5608578013879,0,0,0,0
rx,147,147,1,1,1787954031493211899,1787954031492857936,5608578019916,0,0,0,0
rx,148,148,1,0,1787954031494301269,1787954031493362862,5608579109286,0,0,0,0
rx,149,149,1,0,1787954031494306102,1787954031493382176,5608579114082,0,0,0,0
rx,150,150,1,0,1787954031494310454,1787954031493390825,5608579118434,0,0,0,0
rx,151,151,1,1,1787954031494315362,1787954031493399436,5608579123379,0,0,0,0
tx,151,57,1,1,1787954031497566380,1787954031493399436,5608582374656,5608582405434,72,0,0
rx,152,152,1,1,1787954031504171806,1787954031503120565,5608588979804,0,0,0,0
tx,152,66,1,1,1787954031507437232,1787954031503120565,5608592245471,5608592273341,72,0,0
tx,152,75,1,1,1787954031517252602,1787954031503120565,5608602060841,5608602086656,72,0,0
rx,153,153,1,1,1787954031518361954,1787954031518229713,5608603169971,0,0,0,0
tx,153,84,1,1,1787954031527023917,1787954031518229713,5608611832175,5608611860156,72,0,0
rx,154,154,1,1,1787954031533614806,1787954031533104862,5608618422786,0,0,0,0
tx,154,94,1,1,1787954031538151917,1787954031533104862,5608622960175,5608623025267,72,0,0
tx,154,103,1,1,1787954031548023399,1787954031533104862,5608632831656,5608632862490,72,0,0
tx,154,113,1,1,1787954031558895880,1787954031533104862,5608643704119,5608643730434,72,0,0
tx,154,122,1,1,1787954031568641862,1787954031533104862,5608653450101,5608653475693,72,0,0
tx,154,131,1,1,1787954031578421788,1787954031533104862,5608663230027,5608663255360,72,0,0
tx,154,140,1,1,1787954031588198473,1787954031533104862,5608673006730,5608673038545,72,0,0
tx,154,150,1,1,1787954031599036788,1787954031533104862,5608683845045,5608683872471,72,0,0
tx,154,160,1,1,1787954031609926399,1787954031533104862,5608694734712,5608694761712,72,0,0
tx,154,169,1,1,1787954031619705010,1787954031533104862,5608704513249,5608704539249,72,0,0
tx,154,178,1,1,1787954031629455195,1787954031533104862,5608714263434,5608714288823,72,0,0
tx,154,187,1,1,1787954031639227010,1787954031533104862,5608724035323,5608724067341,72,0,0
tx,154,197,1,1,1787954031650076362,1787954031533104862,5608734884619,5608734920730,72,0,0
tx,154,6,1,1,1787954031661082862,1787954031533104862,5608745891119,5608745919119,72,0,0
rx,155,155,1,0,1787954031663310121,1787954031662300454,5608748118008,0,0,0,0
rx,156,156,1,0,1787954031663315658,1787954031662656473,5608748123656,0,0,0,0
rx,157,157,1,0,1787954031663320380,1787954031662676065,5608748128378,0,0,0,0
rx,158,158,1,0,1787954031663324417,1787954031662686843,5608748132434,0,0,0,0
rx,159,159,1,0,1787954031663328639,1787954031662695399,5608748136638,0,0,0,0
rx,160,160,1,0,1787954031663332547,1787954031663017380,5608748140564,0,0,0,0
rx,161,161,1,0,1787954031663336399,1787954031663032010,5608748144397,0,0,0,0
rx,162,162,1,1,1787954031663341343,1787954031663039399,5608748149360,0,0,0,0
rx,163,163,1,1,1787954031668776936,1787954031667874269,5608753584953,0,0,0,0
tx,163,16,1,1,1787954031672020399,1787954031667874269,5608756828693,5608756859897,72,0,0
rx,164,164,1,1,1787954031683097491,1787954031682981250,5608767905452,0,0,0,0
tx,164,26,1,1,1787954031683142658,1787954031682981250,5608767950934,5608767981712,72,0,0
tx,164,36,1,1,1787954031694074639,1787954031682981250,5608778882897,5608778913638,72,0,0
rx,165,165,1,1,1787954031699635139,1787954031698614102,5608784443156,0,0,0,0
tx,165,46,1,1,1787954031705048250,1787954031698614102,5608789856564,5608789887915,72,0,0
tx,165,56,1,1,1787954031715979917,1787954031698614102,5608800788156,5608800814175,72,0,0
tx,165,65,1,1,1787954031725726880,1787954031698614102,5608810535138,5608810560452,72,0,0
tx,165,74,1,1,1787954031735746139,1787954031698614102,5608820554434,5608820586027,72,0,0
tx,165,83,1,1,1787954031745511417,1787954031698614102,5608830319675,5608830346730,72,0,0
tx,165,92,1,1,1787954031755449065,1787954031698614102,5608840257323,5608840286323,72,0,0
tx,165,101,1,1,1787954031765206639,1787954031698614102,5608850014897,5608850039860,72,0,0
tx,165,111,1,1,1787954031776035102,1787954031698614102,5608860843360,5608860869064,72,0,0
tx,165,121,1,1,1787954031786877380,1787954031698614102,5608871685656,5608871715749,72,0,0
tx,165,130,1,1,1787954031796768806,1787954031698614102,5608881577045,5608881602841,72,0,0
tx,165,139,1,1,1787954031806493269,1787954031698614102,5608891301526,5608891327989,72,0,0
tx,165,148,1,1,1787954031816245084,1787954031698614102,5608901053341,5608901078915,72,0,0
tx,165,158,1,1,1787954031827099398,1787954031698614102,5608911907638,5608911933082,72,0,0
rx,166,166,1,0,1787954031830393639,1787954031829346398,5608915201619,0,0,0,0
rx,167,167,1,0,1787954031830399713,1787954031829799158,5608915207712,0,0,0,0
rx,168,168,1,0,1787954031830405361,1787954031830362547,5608915213378,0,0,0,0
rx,169,169,1,0,1787954031830409695,1787954031830383954,5608915217693,0,0,0,0
rx,170,170,1,0,1787954031830414658,1787954031830393824,5608915222656,0,0,0,0
rx,171,171,1,1,1787954031830419287,1787954031830402454,5608915227267,0,0,0,0
rx,172,172,1,0,1787954031831509269,1787954031830633232,5608916317267,0,0,0,0
rx,173,173,1,1,1787954031831514565,1787954031830647824,5608916322582,0,0,0,0
rx,174,174,1,1,1787954031833677658,1787954031833256047,5608918485675,0,0,0,0
tx,174,167,1,1,1787954031837059769,1787954031833256047,5608921868064,5608921901638,72,0,0
tx,174,177,1,1,1787954031847978565,1787954031833256047,5608932786823,5608932815545,72,0,0
rx,175,175,1,1,1787954031849092139,1787954031848307158,5608933900138,0,0,0,0
tx,175,185,1,1,1787954031857989269,1787954031848307158,5608942797582,5608942847101,72,0,0
rx,176,176,1,1,1787954031865756084,1787954031865532269,5608950564101,0,0,0,0
tx,176,194,1,1,1787954031868145065,1787954031865532269,5608952953360,5608952987897,72,0,0
tx,176,2,1,1,1787954031878028658,1787954031865532269,5608962836915,5608962864841,72,0,0
tx,176,12,1,1,1787954031888907991,1787954031865532269,5608973716249,5608973748749,72,0,0
tx,176,21,1,1,1787954031898704065,1787954031865532269,5608983512304,5608983539175,72,0,0
tx,176,30,1,1,1787954031908495806,1787954031865532269,5608993304063,5608993332989,72,0,0
tx,176,39,1,1,1787954031918297658,1787954031865532269,5609003105915,5609003133212,72,0,0
tx,176,48,1,1,1787954031928060787,1787954031865532269,5609012869045,5609012896823,72,0,0
tx,176,58,1,1,1787954031939033621,1787954031865532269,5609023841878,5609023875971,72,0,0
tx,176,68,1,1,1787954031949915158,1787954031865532269,5609034723415,5609034753915,72,0,0
tx,176,77,1,1,1787954031959736621,1787954031865532269,5609044544860,5609044571323,72,0,0
tx,176,86,1,1,1787954031969529935,1787954031865532269,5609054338175,5609054364138,72,0,0
tx,176,95,1,1,1787954031979313806,1787954031865532269,5609064122045,5609064148508,72,0,0
tx,176,104,1,1,1787954031989162509,1787954031865532269,5609073970767,5609074000397,72,0,0
tx,176,114,1,1,1787954032000054009,1787954031865532269,5609084862304,5609084889045,72,0,0
rx,177,177,1,0,1787954032001256695,1787954032000838732,5609086064693,0,0,0,0
rx,178,178,1,0,1787954032001265380,1787954032001219621,5609086073341,0,0,0,0
rx,179,179,1,0,1787954032001270565,1787954032001241732,5609086078545,0,0,0,0
rx,180,180,1,0,1787954032001275602,1787954032001252509,5609086083582,0,0,0,0
rx,181,181,1,1,1787954032001280417,1787954032001261009,5609086088378,0,0,0,0
rx,182,182,1,0,1787954032002386213,1787954032001578287,5609087194230,0,0,0,0
rx,183,183,1,0,1787954032002391621,1787954032001593028,5609087199637,0,0,0,0
rx,184,184,1,0,1787954032002396084,1787954032001600176,5609087204100,0,0,0,0
rx,185,185,1,1,1787954032002400806,1787954032001607676,5609087208767,0,0,0,0
tx,185,124,1,1,1787954032011088195,1787954032001607676,5609095896489,5609095931156,72,0,0
rx,186,186,1,1,1787954032014544084,1787954032013502695,5609099352100,0,0,0,0
tx,186,133,1,1,1787954032021049343,1787954032013502695,5609105857582,5609105888749,72,0,0
rx,187,187,1,1,1787954032028718195,1787954032028145935,5609113526175,0,0,0,0
tx,187,143,1,1,1787954032031988158,1787954032028145935,5609116796434,5609116829915,72,0,0
tx,187,152,1,1,1787954032041811750,1787954032028145935,5609126619989,5609126645175,72,0,0
rx,188,188,1,1,1787954032044017602,1787954032043035528,5609128825600,0,0,0,0
tx,188,161,1,1,1787954032051600713,1787954032043035528,5609136408971,5609136441026,72,0,0
tx,188,170,1,1,1787954032061441084,1787954032043035528,5609146249341,5609146276100,72,0,0
tx,188,179,1,1,1787954032071218454,1787954032043035528,5609156026693,5609156050674,72,0,0
tx,188,189,1,1,1787954032082059028,1787954032043035528,5609166867286,5609166896656,72,0,0
tx,188,199,1,1,1787954032092896880,1787954032043035528,5609177705137,5609177728563,72,0,0
tx,188,7,1,1,1787954032102653343,1787954032043035528,5609187461600,5609187486045,72,0,0
tx,188,16,1,1,1787954032112421195,1787954032043035528,5609197229452,5609197255026,72,0,0
tx,188,25,1,1,1787954032122174695,1787954032043035528,5609206982934,5609207006545,72,0,0
tx,188,35,1,1,1787954032133007046,1787954032043035528,5609217815304,5609217838526,72,0,0
tx,188,44,1,1,1787954032142833658,1787954032043035528,5609227641915,5609227669674,72,0,0
tx,188,53,1,1,1787954032152594028,1787954032043035528,5609237402267,5609237428693,72,0,0
tx,188,62,1,1,1787954032162366028,1787954032043035528,5609247174267,5609247200897,72,0,0
tx,188,71,1,1,1787954032172122139,1787954032043035528,5609256930397,5609256953952,72,0,0
rx,189,189,1,1,1787954032174334269,1787954032173999176,5609259142267,0,0,0,0
rx,190,190,1,0,1787954032175443102,1787954032174542398,5609260251119,0,0,0,0
rx,191,191,1,0,1787954032175452417,1787954032174722176,5609260260415,0,0,0,0
rx,192,192,1,0,1787954032175458491,1787954032175112880,5609260266508,0,0,0,0
rx,193,193,1,0,1787954032175474232,1787954032175445361,5609260282230,0,0,0,0
rx,194,194,1,0,1787954032175479602,1787954032175463806,5609260287600,0,0,0,0
rx,195,195,1,0,1787954032175484491,1787954032175472658,5609260292489,0,0,0,0
rx,196,196,1,1,1787954032175489269,1787954032175480824,5609260297267,0,0,0,0
rx,197,197,1,1,1787954032178769213,1787954032178504806,5609263577211,0,0,0,0
tx,197,80,1,1,1787954032182033287,1787954032178504806,5609266841545,5609266875971,72,0,0
rx,198,198,1,1,1787954032193001046,1787954032192673658,5609277809045,0,0,0,0
tx,198,90,1,1,1787954032193009972,1787954032192673658,5609277818230,5609277852360,72,0,0
tx,198,99,1,1,1787954032202836676,1787954032192673658,5609287644915,5609287669378,72,0,0
rx,199,199,1,1,1787954032208328491,1787954032207872454,5609293136489,0,0,0,0
tx,199,108,1,1,1787954032212664009,1787954032207872454,5609297472267,5609297502952,72,0,0
tx,199,117,1,1,1787954032222481491,1787954032207872454,5609307289730,5609307314082,72,0,0
tx,199,126,1,1,1787954032232239083,1787954032207872454,5609317047341,5609317073693,72,0,0
tx,199,135,1,1,1787954032242026454,1787954032207872454,5609326834711,5609326859323,72,0,0
tx,199,145,1,1,1787954032252860935,1787954032207872454,5609337669174,5609337696323,72,0,0
tx,199,154,1,1,1787954032262637139,1787954032207872454,5609347445397,5609347473137,72,0,0
tx,199,163,1,1,1787954032272392213,1787954032207872454,5609357200452,5609357223656,72,0,0
tx,199,172,1,1,1787954032282146324,1787954032207872454,5609366954582,5609366981285,72,0,0
tx,199,182,1,1,1787954032292978750,1787954032207872454,5609377787008,5609377810156,72,0,0
tx,199,191,1,1,1787954032302732380,1787954032207872454,5609387540637,5609387563489,72,0,0
tx,199,200,1,1,1787954032312497602,1787954032207872454,5609397305841,5609397331471,72,0,0
tx,199,8,1,1,1787954032322250139,1787954032207872454,5609407058397,5609407081526,72,0,0
tx,199,18,1,1,1787954032333082806,1787954032207872454,5609417891063,5609417916137,72,0,0
rx,200,200,1,1,1787954032337695065,1787954032337363898,5609422503063,0,0,0,0
rx,201,0,1,0,1787954032338814417,1787954032337724343,5609423622378,0,0,0,0
rx,202,1,1,0,1787954032338820139,1787954032337745417,5609423628137,0,0,0,0
rx,203,2,1,0,1787954032338825139,1787954032337754843,5609423633156,0,0,0,0
rx,204,3,1,0,1787954032338829361,1787954032337763972,5609423637378,0,0,0,0
rx,205,4,1,0,1787954032338833417,1787954032338024250,5609423641415,0,0,0,0
rx,206,5,1,0,1787954032338854565,1787954032338039454,5609423662563,0,0,0,0
rx,207,6,1,1,1787954032338859769,1787954032338047491,5609423667785,0,0,0,0
rx,208,7,1,1,1787954032343308472,1787954032343089806,5609428116471,0,0,0,0
tx,208,27,1,1,1787954032343321935,1787954032343089806,5609428130193,5609428167711,72,0,0
tx,208,36,1,1,1787954032353485083,1787954032343089806,5609438293397,5609438324915,72,0,0
rx,209,8,1,1,1787954032358965528,1787954032358278435,5609443773508,0,0,0,0
tx,209,45,1,1,1787954032363315880,1787954032358278435,5609448124174,5609448154082,72,0,0
tx,209,54,1,1,1787954032373234194,1787954032358278435,5609458042452,5609458070156,72,0,0
rx,210,9,1,1,1787954032375657528,1787954032374470417,5609460465508,0,0,0,0
tx,210,63,1,1,1787954032383378176,1787954032374470417,5609468186434,5609468219730,72,0,0
tx,210,72,1,1,1787954032393245324,1787954032374470417,5609478053582,5609478080674,72,0,0
tx,210,81,1,1,1787954032403025750,1787954032374470417,5609487834008,5609487860285,72,0,0
tx,210,91,1,1,1787954032413890046,1787954032374470417,5609498698285,5609498725489,72,0,0
tx,210,100,1,1,1787954032423691454,1787954032374470417,5609508499711,5609508525526,72,0,0
tx,210,109,1,1,1787954032433503528,1787954032374470417,5609518311767,5609518343637,72,0,0
tx,210,118,1,1,1787954032443324176,1787954032374470417,5609528132415,5609528159211,72,0,0
tx,210,127,1,1,1787954032453209824,1787954032374470417,5609538018063,5609538048489,72,0,0
tx,210,137,1,1,1787954032464102657,1787954032374470417,5609548910896,5609548938174,72,0,0
tx,210,147,1,1,1787954032474969491,1787954032374470417,5609559777748,5609559804415,72,0,0
tx,210,156,1,1,1787954032484764546,1787954032374470417,5609569572785,5609569603322,72,0,0
tx,210,165,1,1,1787954032494546380,1787954032374470417,5609579354637,5609579381082,72,0,0
tx,210,174,1,1,1787954032504327880,1787954032374470417,5609589136137,5609589162693,72,0,0
rx,211,10,1,1,1787954032505440583,1787954032505184768,5609590248582,0,0,0,0
rx,212,11,1,0,1787954032506567380,1787954032505921805,5609591375396,0,0,0,0
rx,213,12,1,0,1787954032506575305,1787954032506255694,5609591383304,0,0,0,0
rx,214,13,1,0,1787954032506579843,1787954032506273380,5609591387841,0,0,0,0
rx,215,14,1,0,1787954032506583972,1787954032506284009,5609591391971,0,0,0,0
rx,216,15,1,1,1787954032506589194,1787954032506292268,5609591397193,0,0,0,0
rx,217,16,1,0,1787954032507818417,1787954032506713250,5609592626415,0,0,0,0
rx,218,17,1,0,1787954032507823213,1787954032506730694,5609592631230,0,0,0,0
rx,219,18,1,1,1787954032507827972,1787954032507727157,5609592635971,0,0,0,0
tx,219,183,1,1,1787954032514352083,1787954032507727157,5609599160378,5609599192508,72,0,0
rx,220,19,1,1,1787954032523136787,1787954032522548676,5609607944804,0,0,0,0
tx,220,192,1,1,1787954032524232583,1787954032522548676,5609609040841,5609609069859,72,0,0
tx,220,0,1,1,1787954032534076194,1787954032522548676,5609618884433,5609618917026,72,0,0
rx,221,20,1,1,1787954032538422880,1787954032538296509,5609623230896,0,0,0,0
tx,221,10,1,1,1787954032544956805,1787954032538296509,5609629765045,5609629794600,72,0,0
tx,221,19,1,1,1787954032554819935,1787954032538296509,5609639628174,5609639658396,72,0,0
tx,221,28,1,1,1787954032564624750,1787954032538296509,5609649433008,5609649459822,72,0,0
tx,221,37,1,1,1787954032574419268,1787954032538296509,5609659227508,5609659253637,72,0,0
tx,221,46,1,1,1787954032584221657,1787954032538296509,5609669029915,5609669135156,72,0,0
tx,221,55,1,1,1787954032594079898,1787954032538296509,5609678888137,5609678914415,72,0,0
tx,221,65,1,1,1787954032605060065,1787954032538296509,5609689868322,5609689895433,72,0,0
tx,221,75,1,1,1787954032615918157,1787954032538296509,5609700726415,5609700771193,72,0,0
tx,221,84,1,1,1787954032625761528,1787954032538296509,5609710569767,5609710601100,72,0,0
tx,221,93,1,1,1787954032635545083,1787954032538296509,5609720353341,5609720381711,72,0,0
tx,221,102,1,1,1787954032645345139,1787954032538296509,5609730153396,5609730179896,72,0,0
tx,221,111,1,1,1787954032655161805,1787954032538296509,5609739970063,5609740039026,72,0,0
tx,221,121,1,1,1787954032666111713,1787954032538296509,5609750919970,5609750947193,72,0,0
rx,222,21,1,1,1787954032673723009,1787954032673456935,5609758531007,0,0,0,0
rx,223,22,1,0,1787954032674826972,1787954032674056694,5609759634989,0,0,0,0
rx,224,23,1,0,1787954032674832083,1787954032674614991,5609759640100,0,0,0,0
rx,225,24,1,0,1787954032674836602,1787954032674633176,5609759644600,0,0,0,0
rx,226,25,1,0,1787954032674840916,1787954032674643694,5609759648915,0,0,0,0
rx,227,26,1,1,1787954032674846157,1787954032674652009,5609759654174,0,0,0,0
rx,228,27,1,0,1787954032675943954,1787954032674911509,5609760751952,0,0,0,0
rx,229,28,1,0,1787954032675948620,1787954032674926787,5609760756619,0,0,0,0
rx,230,29,1,1,1787954032675953361,1787954032674934083,5609760761359,0,0,0,0
tx,230,131,1,1,1787954032677051583,1787954032674934083,5609761859822,5609761893100,72,0,0
tx,230,141,1,1,1787954032688016972,1787954032674934083,5609772825211,5609772855674,72,0,0
rx,231,30,1,1,1787954032689147842,1787954032688887213,5609773955859,0,0,0,0
tx,231,151,1,1,1787954032698926528,1787954032688887213,5609783734785,5609783764452,72,0,0
rx,232,31,1,1,1787954032703363954,1787954032703149065,5609788171952,0,0,0,0
tx,232,160,1,1,1787954032708782972,1787954032703149065,5609793591285,5609793621063,72,0,0
tx,232,169,1,1,1787954032718674157,1787954032703149065,5609803482415,5609803508730,72,0,0
tx,232,178,1,1,1787954032728455361,1787954032703149065,5609813263619,5609813289415,72,0,0
tx,232,187,1,1,1787954032738215435,1787954032703149065,5609823023674,5609823053693,72,0,0
tx,232,197,1,1,1787954032749094602,1787954032703149065,5609833902859,5609833929341,72,0,0
tx,232,6,1,1,1787954032760013342,1787954032703149065,5609844821600,5609844850285,72,0,0
tx,232,16,1,1,1787954032770907935,1787954032703149065,5609855716193,5609855742415,72,0,0
rx,233,32,1,1,1787954032773270879,1787954032773148602,5609858078878,0,0,0,0
rx,234,33,1,0,1787954032774366935,1787954032773635379,5609859174859,0,0,0,0
rx,235,34,1,0,1787954032774387750,1787954032773897361,5609859195767,0,0,0,0
rx,236,35,1,1,1787954032774393398,1787954032773915120,5609859201396,0,0,0,0
rx,237,36,1,1,1787954032778761583,1787954032778143361,5609863569600,0,0,0,0
tx,237,25,1,1,1787954032780947565,1787954032778143361,5609865755878,5609865811915,72,0,0
tx,237,34,1,1,1787954032790862046,1787954032778143361,5609875670304,5609875697952,72,0,0
rx,238,37,1,1,1787954032793139194,1787954032793011528,5609877947193,0,0,0,0
tx,238,43,1,1,1787954032800740490,1787954032793011528,5609885548767,5609885576767,72,0,0
rx,239,38,1,1,1787954032809528898,1787954032808792009,5609894336896,0,0,0,0
tx,239,52,1,1,1787954032810628213,1787954032808792009,5609895436470,5609895464952,72,0,0
tx,239,61,1,1,1787954032820468953,1787954032808792009,5609905277193,5609905304193,72,0,0
tx,239,70,1,1,1787954032830216213,1787954032808792009,5609915024470,5609915055526,72,0,0
tx,239,80,1,1,1787954032841103213,1787954032808792009,5609925911470,5609925937970,72,0,0
tx,239,90,1,1,1787954032852002120,1787954032808792009,5609936810396,5609936840841,72,0,0
tx,239,97,1,1,1787954032861519435,1787954032808792009,5609946327711,5609946369600,72,0,0
tx,239,106,1,1,1787954032871367509,1787954032808792009,5609956175767,5609956201970,72,0,0
rx,240,39,1,0,1787954032879369083,1787954032878965787,5609964176989,0,0,0,0
rx,241,40,1,1,1787954032879378805,1787954032879234157,5609964186804,0,0,0,0
rx,242,41,1,0,1787954032880483768,1787954032879607231,5609965291767,0,0,0,0
rx,243,42,1,1,1787954032880489398,1787954032879625083,5609965297415,0,0,0,0
tx,243,115,1,1,1787954032881581083,1787954032879625083,5609966389341,5609966423822,72,0,0
rx,244,43,1,1,1787954032890547694,1787954032890421287,5609975355693,0,0,0,0
tx,244,124,1,1,1787954032891648083,1787954032890421287,5609976456341,5609976485785,72,0,0
rx,245,44,1,1,1787954032899364602,1787954032898549065,5609984172600,0,0,0,0
tx,245,133,1,1,1787954032901548342,1787954032898549065,5609986356581,5609986387341,72,0,0
tx,245,142,1,1,1787954032911383398,1787954032898549065,5609996191655,5609996219396,72,0,0
rx,246,45,1,1,1787954032914704231,1787954032913896916,5609999512248,0,0,0,0
tx,246,151,1,1,1787954032921217250,1787954032913896916,5610006025507,5610006054230,72,0,0
tx,246,160,1,1,1787954032931094935,1787954032913896916,5610015903192,5610015933637,72,0,0
tx,246,170,1,1,1787954032942076768,1787954032913896916,5610026885007,5610026912341,72,0,0
tx,246,180,1,1,1787954032952947564,1787954032913896916,5610037755841,5610037786655,72,0,0
tx,246,189,1,1,1787954032962726472,1787954032913896916,5610047534711,5610047560100,72,0,0
tx,246,198,1,1,1787954032972485620,1787954032913896916,5610057293878,5610057318674,72,0,0
tx,246,6,1,1,1787954032982286305,1787954032913896916,5610067094544,5610067122933,72,0,0
tx,246,15,1,1,1787954032992057213,1787954032913896916,5610076865470,5610076890729,72,0,0
rx,247,46,1,0,1787954033001828509,1787954033001159194,5610086636526,0,0,0,0
rx,248,47,1,1,1787954033001834657,1787954033001684324,5610086642655,0,0,0,0
rx,249,48,1,0,1787954033002950490,1787954033001993564,5610087758433,0,0,0,0
rx,250,49,1,0,1787954033002955490,1787954033002013787,5610087763489,0,0,0,0
rx,251,50,1,0,1787954033002959879,1787954033002022898,5610087767859,0,0,0,0
rx,252,51,1,1,1787954033002964768,1787954033002213731,5610087772785,0,0,0,0
tx,252,25,1,1,1787954033002972472,1787954033002213731,5610087780767,5610087809137,72,0,0
tx,252,34,1,1,1787954033012836083,1787954033002213731,5610097644359,5610097670007,72,0,0
rx,253,52,1,1,1787954033018269509,1787954033018087083,5610103077507,0,0,0,0
tx,253,43,1,1,1787954033022614416,1787954033018087083,5610107422674,5610107449192,72,0,0
tx,253,52,1,1,1787954033032429972,1787954033018087083,5610117238211,5610117266767,72,0,0
rx,254,53,1,1,1787954033033544231,1787954033033128731,5610118352229,0,0,0,0
tx,254,61,1,1,1787954033042227676,1787954033033128731,5610127035915,5610127062359,72,0,0
tx,254,70,1,1,1787954033052155435,1787954033033128731,5610136963674,5610136992378,72,0,0
tx,254,80,1,1,1787954033063000194,1787954033033128731,5610147808452,5610147834118,72,0,0
tx,254,89,1,1,1787954033072746435,1787954033033128731,5610157554692,5610157578841,72,0,0
tx,254,98,1,1,1787954033082473768,1787954033033128731,5610167282026,5610167309637,72,0,0
tx,254,107,1,1,1787954033092260583,1787954033033128731,5610177068841,5610177093766,72,0,0
tx,254,116,1,1,1787954033102011361,1787954033033128731,5610186819600,5610186843581,72,0,0
tx,254,126,1,1,1787954033112847083,1787954033033128731,5610197655322,5610197680137,72,0,0
tx,254,135,1,1,1787954033122592750,1787954033033128731,5610207401007,5610207424915,72,0,0
tx,254,144,1,1,1787954033132352675,1787954033033128731,5610217160933,5610217189415,72,0,0
tx,254,153,1,1,1787954033142163564,1787954033033128731,5610226971822,5610226996581,72,0,0
tx,254,162,1,1,1787954033152114231,1787954033033128731,5610236922470,5610236952044,72,0,0
tx,254,172,1,1,1787954033162973824,1787954033033128731,5610247782081,5610247809211,72,0,0
rx,255,54,1,1,1787954033170761435,1787954033170659768,5610255569322,0,0,0,0
rx,256,55,1,0,1787954033172009379,1787954033171153138,5610256817378,0,0,0,0
rx,257,56,1,0,1787954033172014398,1787954033171537638,5610256822396,0,0,0,0
rx,258,57,1,0,1787954033172018638,1787954033171557453,5610256826637,0,0,0,0
rx,259,58,1,0,1787954033172023064,1787954033171567990,5610256831063,0,0,0,0
rx,260,59,1,0,1787954033172027101,1787954033171576212,5610256835100,0,0,0,0
rx,261,60,1,0,1787954033172031027,1787954033171863138,5610256839026,0,0,0,0
rx,262,61,1,0,1787954033172035157,1787954033171879231,5610256843174,0,0,0,0
rx,263,62,1,1,1787954033172040564,1787954033171887064,5610256848563,0,0,0,0
tx,263,181,1,1,1787954033173153712,1787954033171887064,5610257961952,5610257996359,72,0,0
rx,264,63,1,1,1787954033183007509,1787954033182858990,5610267815489,0,0,0,0
tx,264,191,1,1,1787954033184099379,1787954033182858990,5610268907637,5610268938118,72,0,0
tx,264,0,1,1,1787954033195009953,1787954033182858990,5610279818211,5610279843878,72,0,0
rx,265,64,1,1,1787954033198302675,1787954033197811379,5610283110674,0,0,0,0
tx,265,9,1,1,1787954033204805935,1787954033197811379,5610289614192,5610289640803,72,0,0
rx,266,65,1,1,1787954033213627046,1787954033212910250,5610298435063,0,0,0,0
tx,266,18,1,1,1787954033214716583,1787954033212910250,5610299524840,5610299551915,72,0,0
tx,266,27,1,1,1787954033224532157,1787954033212910250,5610309340396,5610309368729,72,0,0
tx,266,36,1,1,1787954033234312731,1787954033212910250,5610319120970,5610319144803,72,0,0
tx,266,45,1,1,1787954033244110379,1787954033212910250,5610328918637,5610328944063,72,0,0
tx,266,55,1,1,1787954033254989861,1787954033212910250,5610339798118,5610339828100,72,0,0
tx,266,64,1,1,1787954033264761657,1787954033212910250,5610349569915,5610349594229,72,0,0
tx,266,73,1,1,1787954033274521620,1787954033212910250,5610359329877,5610359353100,72,0,0
tx,266,82,1,1,1787954033284297361,1787954033212910250,5610369105600,5610369151507,72,0,0
tx,266,91,1,1,1787954033294118861,1787954033212910250,5610378927100,5610378951452,72,0,0
tx,266,101,1,1,1787954033304957879,1787954033212910250,5610389766118,5610389789470,72,0,0
tx,266,110,1,1,1787954033314717398,1787954033212910250,5610399525655,5610399549655,72,0,0
tx,266,119,1,1,1787954033324478083,1787954033212910250,5610409286340,5610409309785,72,0,0
tx,266,128,1,1,1787954033334252824,1787954033212910250,5610419061081,5610419088118,72,0,0
rx,267,66,1,1,1787954033340779786,1787954033340124657,5610425587803,0,0,0,0
rx,268,67,1,0,1787954033341896990,1787954033340983638,5610426704989,0,0,0,0
rx,269,68,1,0,1787954033341902620,1787954033341388249,5610426710637,0,0,0,0
rx,270,69,1,0,1787954033341907138,1787954033341406786,5610426715137,0,0,0,0
rx,271,70,1,0,1787954033341911509,1787954033341417083,5610426719507,0,0,0,0
rx,272,71,1,0,1787954033341915546,1787954033341424953,5610426723544,0,0,0,0
rx,273,72,1,0,1787954033341919490,1787954033341432046,5610426727470,0,0,0,0
rx,274,73,1,1,1787954033341924435,1787954033341600916,5610426732433,0,0,0,0
tx,274,137,1,1,1787954033344106083,1787954033341600916,5610428914322,5610428945600,72,0,0
rx,275,74,1,1,1787954033348540546,1787954033348221620,5610433348544,0,0,0,0
tx,275,146,1,1,1787954033354085620,1787954033348221620,5610438893877,5610438929266,72,0,0
rx,276,75,1,1,1787954033365015657,1787954033364734935,5610449823674,0,0,0,0
tx,276,156,1,1,1787954033365024046,1787954033364734935,5610449832303,5610449879489,72,0,0
tx,276,166,1,1,1787954033375954064,1787954033364734935,5610460762359,5610460792618,72,0,0
rx,277,76,1,1,1787954033379235731,1787954033378655212,5610464043748,0,0,0,0
tx,277,175,1,1,1787954033385758546,1787954033378655212,5610470566785,5610470593489,72,0,0
tx,277,184,1,1,1787954033395612435,1787954033378655212,5610480420674,5610480444822,72,0,0
tx,277,193,1,1,1787954033405375823,1787954033378655212,5610490184081,5610490225896,72,0,0
tx,277,1,1,1,1787954033415187157,1787954033378655212,5610499995396,5610500050692,72,0,0
tx,277,11,1,1,1787954033426075860,1787954033378655212,5610510884118,5610510912266,72,0,0
tx,277,21,1,1,1787954033436924768,1787954033378655212,5610521733007,5610521757174,72,0,0
tx,277,30,1,1,1787954033446721805,1787954033378655212,5610531530063,5610531554600,72,0,0
tx,277,39,1,1,1787954033456612694,1787954033378655212,5610541420933,5610541447414,72,0,0
tx,277,48,1,1,1787954033466428879,1787954033378655212,5610551237118,5610551261488,72,0,0
tx,277,57,1,1,1787954033476193194,1787954033378655212,5610561001433,5610561029766,72,0,0
tx,277,67,1,1,1787954033487065305,1787954033378655212,5610571873563,5610571898063,72,0,0
tx,277,77,1,1,1787954033497909009,1787954033378655212,5610582717266,5610582740877,72,0,0
tx,277,86,1,1,1787954033507675046,1787954033378655212,5610592483285,5610592507414,72,0,0
rx,278,77,1,0,1787954033510660231,1787954033509998212,5610595468248,0,0,0,0
rx,279,78,1,1,1787954033510666249,1787954033510218601,5610595474266,0,0,0,0
rx,280,79,1,0,1787954033511766675,1787954033510716175,5610596574692,0,0,0,0
rx,281,80,1,0,1787954033511771842,1787954033510733916,5610596579859,0,0,0,0
rx,282,81,1,0,1787954033511807175,1787954033510741360,5610596615192,0,0,0,0
rx,283,82,1,0,1787954033511811120,1787954033510997694,5610596619137,0,0,0,0
rx,284,83,1,0,1787954033511815157,1787954033511011897,5610596623174,0,0,0,0
rx,285,84,1,1,1787954033511820194,1787954033511019342,5610596628211,0,0,0,0
rx,286,85,1,1,1787954033515723935,1787954033514857360,5610600531951,0,0,0,0
tx,286,94,1,1,1787954033518092379,1787954033514857360,5610602900655,5610602983988,72,0,0
rx,287,86,1,1,1787954033528149305,1787954033527258397,5610612957303,0,0,0,0
tx,287,103,1,1,1787954033528160212,1787954033527258397,5610612968470,5610613009988,72,0,0
tx,287,112,1,1,1787954033538061101,1787954033527258397,5610622869414,5610622900637,72,0,0
rx,288,87,1,1,1787954033543533675,1787954033542922527,5610628341674,0,0,0,0
tx,288,122,1,1,1787954033548958731,1787954033542922527,5610633767025,5610633798488,72,0,0
rx,289,88,1,1,1787954033558914416,1787954033558774620,5610643722414,0,0,0,0
tx,289,131,1,1,1787954033559317453,1787954033558774620,5610644125692,5610644159155,72,0,0
tx,289,139,1,1,1787954033568093768,1787954033558774620,5610652902025,5610652929525,72,0,0
rx,290,89,1,1,1787954033573551472,1787954033573054694,5610658359488,0,0,0,0
tx,290,149,1,1,1787954033579004194,1787954033573054694,5610663812488,5610663846229,72,0,0
rx,291,90,1,1,1787954033588861638,1787954033588157434,5610673669637,0,0,0,0
tx,291,158,1,1,1787954033588870509,1787954033588157434,5610673678803,5610673710988,72,0,0
tx,291,167,1,1,1787954033598719120,1787954033588157434,5610683527377,5610683554414,72,0,0
rx,292,91,1,1,1787954033606342805,1787954033605274138,5610691150803,0,0,0,0
tx,292,176,1,1,1787954033608541083,1787954033605274138,5610693349322,5610693380988,72,0,0
tx,292,185,1,1,1787954033618410342,1787954033605274138,5610703218599,5610703245470,72,0,0
rx,293,92,1,1,1787954033619529990,1787954033618648657,5610704337988,0,0,0,0
tx,293,194,1,1,1787954033628234990,1787954033618648657,5610713043248,5610713082785,72,0,0
rx,294,93,1,1,1787954033634853046,1787954033634056731,5610719661044,0,0,0,0
tx,294,2,1,1,1787954033638121546,1787954033634056731,5610722929803,5610722962229,72,0,0
rx,295,94,1,1,1787954033648025397,1787954033647623323,5610732833396,0,0,0,0
tx,295,11,1,1,1787954033648038175,1787954033647623323,5610732846451,5610732875933,72,0,0
tx,295,21,1,1,1787954033658969268,1787954033647623323,5610743777544,5610743808748,72,0,0
rx,296,95,1,1,1787954033664561971,1787954033663555175,5610749369970,0,0,0,0
tx,296,30,1,1,1787954033668898379,1787954033663555175,5610753706618,5610753736988,72,0,0
rx,297,96,1,1,1787954033678769638,1787954033677811953,5610763577636,0,0,0,0
tx,297,39,1,1,1787954033678778527,1787954033677811953,5610763586803,5610763620396,72,0,0
tx,297,48,1,1,1787954033688637212,1787954033677811953,5610773445451,5610773472618,72,0,0
rx,298,97,1,1,1787954033694088768,1787954033693680138,5610778896785,0,0,0,0
tx,298,57,1,1,1787954033698441046,1787954033693680138,5610783249303,5610783278118,72,0,0
rx,299,98,1,1,1787954033708368249,1787954033708108879,5610793176248,0,0,0,0
tx,299,66,1,1,1787954033708376323,1787954033708108879,5610793184562,5610793214822,72,0,0
tx,299,75,1,1,1787954033718212731,1787954033708108879,5610803020970,5610803050266,72,0,0
rx,300,99,1,1,1787954033723707620,1787954033722660786,5610808515636,0,0,0,0
tx,300,84,1,1,1787954033728070749,1787954033722660786,5610812878988,5610812914211,72,0,0
rx,301,100,1,1,1787954033739103120,1787954033738797120,5610823911136,0,0,0,0
tx,301,94,1,1,1787954033739111471,1787954033738797120,5610823919729,5610823950562,72,0,0
tx,301,103,1,1,1787954033749018934,1787954033738797120,5610833827211,5610833853933,72,0,0
rx,302,101,1,1,1787954033753429601,1787954033753044583,5610838237599,0,0,0,0
tx,302,113,1,1,1787954033760066638,1787954033753044583,5610844874933,5610844907451,72,0,0
rx,303,102,1,1,1787954033770063897,1787954033769739842,5610854871914,0,0,0,0
tx,303,122,1,1,1787954033770074083,1787954033769739842,5610854882359,5610854919859,72,0,0
tx,303,132,1,1,1787954033781025471,1787954033769739842,5610865833729,5610865860951,72,0,0
rx,304,103,1,1,1787954033784332323,1787954033783686749,5610869140322,0,0,0,0
tx,304,142,1,1,1787954033791923582,1787954033783686749,5610876731988,5610876759914,72,0,0
rx,305,104,1,1,1787954033799589897,1787954033798496231,5610884397896,0,0,0,0
tx,305,151,1,1,1787954033801780527,1787954033798496231,5610886588803,5610886617822,72,0,0
tx,305,160,1,1,1787954033811590286,1787954033798496231,5610896398544,5610896425877,72,0,0
rx,306,105,1,1,1787954033813795731,1787954033813086638,5610898603748,0,0,0,0
tx,306,169,1,1,1787954033821413342,1787954033813086638,5610906221636,5610906249414,72,0,0
rx,307,106,1,1,1787954033828103082,1787954033827754786,5610912911081,0,0,0,0
tx,307,178,1,1,1787954033831380471,1787954033827754786,5610916188729,5610916222136,72,0,0
tx,307,187,1,1,1787954033841285786,1787954033827754786,5610926094025,5610926121933,72,0,0
rx,308,107,1,1,1787954033844586990,1787954033843559990,5610929394988,0,0,0,0
tx,308,196,1,1,1787954033851093119,1787954033843559990,5610935901359,5610935930507,72,0,0
rx,309,108,1,1,1787954033859026879,1787954033858566490,5610943834877,0,0,0,0
tx,309,4,1,1,1787954033861214008,1787954033858566490,5610946022266,5610946068766,72,0,0
tx,309,13,1,1,1787954033871163823,1787954033858566490,5610955972062,5610956042729,72,0,0
rx,310,109,1,1,1787954033873476490,1787954033872881101,5610958284507,0,0,0,0
tx,310,22,1,1,1787954033881090268,1787954033872881101,5610965898525,5610965933951,72,0,0
rx,311,110,1,1,1787954033888833675,1787954033888112138,5610973641692,0,0,0,0
tx,311,31,1,1,1787954033891018416,1787954033888112138,5610975826692,5610975856266,72,0,0
tx,311,41,1,1,1787954033901954638,1787954033888112138,5610986762877,5610986789840,72,0,0
rx,312,111,1,1,1787954033903148805,1787954033902843268,5610987956803,0,0,0,0
tx,312,50,1,1,1787954033911861008,1787954033902843268,5610996669247,5610996698933,72,0,0
rx,313,112,1,1,1787954033918504119,1787954033918137786,5611003312081,0,0,0,0
tx,313,59,1,1,1787954033921806379,1787954033918137786,5611006614618,5611006648525,72,0,0
tx,313,68,1,1,1787954033931678434,1787954033918137786,5611016486710,5611016515562,72,0,0
rx,314,113,1,1,1787954033934044490,1787954033933662823,5611018852488,0,0,0,0
tx,314,77,1,1,1787954033941654119,1787954033933662823,5611026462396,5611026492840,72,0,0
rx,315,114,1,1,1787954033949471379,1787954033948467064,5611034279377,0,0,0,0
tx,315,86,1,1,1787954033951645416,1787954033948467064,5611036453655,5611036483470,72,0,0
tx,315,95,1,1,1787954033961523434,1787954033948467064,5611046331692,5611046361988,72,0,0
rx,316,115,1,1,1787954033963789508,1787954033963463064,5611048597525,0,0,0,0
tx,316,104,1,1,1787954033971446934,1787954033963463064,5611056255192,5611056288562,72,0,0
rx,317,116,1,1,1787954033979152675,1787954033978355101,5611063960673,0,0,0,0
tx,317,113,1,1,1787954033981333916,1787954033978355101,5611066142173,5611066173692,72,0,0
tx,317,122,1,1,1787954033991171675,1787954033978355101,5611075979933,5611076046581,72,0,0
rx,318,117,1,1,1787954033993471749,1787954033992747693,5611078279766,0,0,0,0
tx,318,131,1,1,1787954034001227675,1787954033992747693,5611086035951,5611086063562,72,0,0
rx,319,118,1,1,1787954034007856582,1787954034007808379,5611092664581,0,0,0,0
tx,319,140,1,1,1787954034011136619,1787954034007808379,5611095944896,5611095974025,72,0,0
tx,319,149,1,1,1787954034021031693,1787954034007808379,5611105839951,5611105871210,72,0,0
rx,320,119,1,1,1787954034023337471,1787954034022960879,5611108145470,0,0,0,0
tx,320,158,1,1,1787954034031052990,1787954034022960879,5611115861247,5611115891377,72,0,0
rx,321,120,1,1,1787954034038749879,1787954034037909953,5611123557896,0,0,0,0
tx,321,168,1,1,1787954034042029619,1787954034037909953,5611126837858,5611126867858,72,0,0
tx,321,178,1,1,1787954034053064323,1787954034037909953,5611137872581,5611137898840,72,0,0
rx,322,121,1,1,1787954034054187916,1787954034053376786,5611138995933,0,0,0,0
tx,322,188,1,1,1787954034063936434,1787954034053376786,5611148744896,5611148777396,72,0,0
rx,323,122,1,1,1787954034069466712,1787954034068564249,5611154274729,0,0,0,0
tx,323,197,1,1,1787954034073825786,1787954034068564249,5611158634062,5611158664544,72,0,0
rx,324,123,1,1,1787954034083679934,1787954034082626416,5611168487951,0,0,0,0
tx,324,5,1,1,1787954034083688953,1787954034082626416,5611168497247,5611168531970,72,0,0
tx,324,14,1,1,1787954034093549638,1787954034082626416,5611178357877,5611178384414,72,0,0
rx,325,124,1,1,1787954034099046101,1787954034098023471,5611183854099,0,0,0,0
tx,325,23,1,1,1787954034103394879,1787954034098023471,5611188203136,5611188234858,72,0,0
rx,326,125,1,1,1787954034113404471,1787954034113298860,5611198212470,0,0,0,0
tx,326,32,1,1,1787954034113412749,1787954034113298860,5611198221007,5611198249321,72,0,0
tx,326,41,1,1,1787954034123474619,1787954034113298860,5611208282858,5611208316858,72,0,0
rx,327,126,1,1,1787954034128929508,1787954034128130379,5611213737525,0,0,0,0
tx,327,50,1,1,1787954034133296027,1787954034128130379,5611218104303,5611218135044,72,0,0
tx,327,59,1,1,1787954034143143934,1787954034128130379,5611227952173,5611227978821,72,0,0
rx,328,127,1,1,1787954034144265693,1787954034143536693,5611229073710,0,0,0,0
tx,328,68,1,1,1787954034153026582,1787954034143536693,5611237834840,5611237865599,72,0,0
rx,329,128,1,1,1787954034159644101,1787954034158816286,5611244452118,0,0,0,0
tx,329,78,1,1,1787954034164011286,1787954034158816286,5611248819581,5611248853303,72,0,0
rx,330,129,1,1,1787954034173963545,1787954034173316842,5611258771544,0,0,0,0
tx,330,88,1,1,1787954034175055193,1787954034173316842,5611259863488,5611259899673,72,0,0
tx,330,98,1,1,1787954034186022916,1787954034173316842,5611270831192,5611270859432,72,0,0
rx,331,130,1,1,1787954034189327934,1787954034188565656,5611274135932,0,0,0,0
tx,331,108,1,1,1787954034196970175,1787954034188565656,5611281778432,5611281807877,72,0,0
rx,332,131,1,1,1787954034204688767,1787954034204090675,5611289496766,0,0,0,0
tx,332,117,1,1,1787954034206858712,1787954034204090675,5611291667025,5611291696747,72,0,0
tx,332,126,1,1,1787954034216711508,1787954034204090675,5611301519784,5611301548044,72,0,0
rx,333,132,1,1,1787954034219261471,1787954034219037916,5611304069432,0,0,0,0
tx,333,135,1,1,1787954034226911823,1787954034219037916,5611311720099,5611311787673,72,0,0
rx,334,133,1,1,1787954034233563416,1787954034233081027,5611318371414,0,0,0,0
tx,334,144,1,1,1787954034236842712,1787954034233081027,5611321650951,5611321680914,72,0,0
tx,334,153,1,1,1787954034246712286,1787954034233081027,5611331520729,5611331547562,72,0,0
rx,335,134,1,1,1787954034247860286,1787954034247809267,5611332668303,0,0,0,0
tx,335,162,1,1,1787954034256591249,1787954034247809267,5611341399488,5611341431562,72,0,0
rx,336,135,1,1,1787954034264335767,1787954034263438304,5611349143766,0,0,0,0
tx,336,171,1,1,1787954034266524434,1787954034263438304,5611351332673,5611351365062,72,0,0
tx,336,180,1,1,1787954034276393193,1787954034263438304,5611361201432,5611361232488,72,0,0
rx,337,136,1,1,1787954034279717230,1787954034278707767,5611364525247,0,0,0,0
tx,337,189,1,1,1787954034286237064,1787954034278707767,5611371045358,5611371074692,72,0,0
rx,338,137,1,1,1787954034293958397,1787954034292941730,5611378766395,0,0,0,0
tx,338,198,1,1,1787954034296138378,1787954034292941730,5611380946673,5611380978747,72,0,0
tx,338,7,1,1,1787954034307043008,1787954034292941730,5611391851266,5611391884340,72,0,0
rx,339,138,1,1,1787954034309254693,1787954034308847360,5611394062710,0,0,0,0
tx,339,17,1,1,1787954034317965712,1787954034308847360,5611402773969,5611402808321,72,0,0
rx,340,139,1,1,1787954034323515804,1787954034323005804,5611408323821,0,0,0,0
tx,340,26,1,1,1787954034327902490,1787954034323005804,5611412710784,5611412740895,72,0,0
tx,340,35,1,1,1787954034337745897,1787954034323005804,5611422554155,5611422580506,72,0,0
rx,341,140,1,1,1787954034338868008,1787954034338169230,5611423676006,0,0,0,0
tx,341,44,1,1,1787954034347595601,1787954034338169230,5611432403840,5611432457414,72,0,0
rx,342,141,1,1,1787954034353289193,1787954034353012656,5611438097192,0,0,0,0
tx,342,53,1,1,1787954034357656786,1787954034353012656,5611442465025,5611442498618,72,0,0
tx,342,62,1,1,1787954034367529786,1787954034353012656,5611452338043,5611452365043,72,0,0
rx,343,142,1,1,1787954034368907027,1787954034368580915,5611453715006,0,0,0,0
tx,343,71,1,1,1787954034377616360,1787954034368580915,5611462424655,5611462459858,72,0,0
rx,344,143,1,1,1787954034384322378,1787954034383411249,5611469130395,0,0,0,0
tx,344,80,1,1,1787954034387595175,1787954034383411249,5611472403432,5611472435155,72,0,0
tx,344,89,1,1,1787954034397474323,1787954034383411249,5611482282562,5611482309136,72,0,0
rx,345,144,1,1,1787954034399684415,1787954034398765045,5611484492432,0,0,0,0
tx,345,98,1,1,1787954034407295304,1787954034398765045,5611492103543,5611492132562,72,0,0
rx,346,145,1,1,1787954034413909934,1787954034413316323,5611498717951,0,0,0,0
tx,346,107,1,1,1787954034417177545,1787954034413316323,5611501985803,5611502016766,72,0,0
tx,346,116,1,1,1787954034427015156,1787954034413316323,5611511823414,5611511851877,72,0,0
rx,347,146,1,1,1787954034428168786,1787954034427872452,5611512976784,0,0,0,0
tx,347,126,1,1,1787954034437953286,1787954034427872452,5611522761562,5611522791673,72,0,0
rx,348,147,1,1,1787954034444555082,1787954034443795990,5611529363080,0,0,0,0
tx,348,135,1,1,1787954034447837212,1787954034443795990,5611532645469,5611532675414,72,0,0
tx,348,144,1,1,1787954034457677064,1787954034443795990,5611542485321,5611542513025,72,0,0
rx,349,148,1,1,1787954034458805452,1787954034458070267,5611543613469,0,0,0,0
tx,349,153,1,1,1787954034467562582,1787954034458070267,5611552370821,5611552401321,72,0,0
rx,350,149,1,1,1787954034474196860,1787954034473367527,5611559004858,0,0,0,0
tx,350,162,1,1,1787954034477458730,1787954034473367527,5611562266988,5611562300525,72,0,0
tx,350,171,1,1,1787954034487318952,1787954034473367527,5611572127247,5611572154080,72,0,0
rx,351,150,1,1,1787954034488446452,1787954034488395341,5611573254432,0,0,0,0
tx,351,180,1,1,1787954034497141249,1787954034488395341,5611581949525,5611581978229,72,0,0
rx,352,151,1,1,1787954034504836138,1787954034503784527,5611589644155,0,0,0,0
tx,352,189,1,1,1787954034507010415,1787954034503784527,5611591818655,5611591846988,72,0,0
tx,352,199,1,1,1787954034517970989,1787954034503784527,5611602779229,5611602811617,72,0,0
rx,353,152,1,1,1787954034519101786,1787954034518296897,5611603909784,0,0,0,0
tx,353,7,1,1,1787954034527781156,1787954034518296897,5611612589395,5611612619340,72,0,0
rx,354,153,1,1,1787954034533300286,1787954034533059082,5611618108303,0,0,0,0
tx,354,16,1,1,1787954034537650804,1787954034533059082,5611622459062,5611622488821,72,0,0
tx,354,25,1,1,1787954034547449267,1787954034533059082,5611632257525,5611632284043,72,0,0
rx,355,154,1,1,1787954034548572860,1787954034548206378,5611633380877,0,0,0,0
tx,355,34,1,1,1787954034557269378,1787954034548206378,5611642077617,5611642106154,72,0,0
rx,356,155,1,1,1787954034563889675,1787954034563483638,5611648697692,0,0,0,0
tx,356,43,1,1,1787954034567170712,1787954034563483638,5611651979006,5611652047006,72,0,0
tx,356,52,1,1,1787954034577061934,1787954034563483638,5611661870173,5611661896747,72,0,0
rx,357,156,1,1,1787954034579271526,1787954034578599989,5611664079543,0,0,0,0
tx,357,62,1,1,1787954034587961804,1787954034578599989,5611672770043,5611672799062,72,0,0
rx,358,157,1,1,1787954034594553193,1787954034593810675,5611679361210,0,0,0,0
tx,358,71,1,1,1787954034597823804,1787954034593810675,5611682632062,5611682661710,72,0,0
tx,358,80,1,1,1787954034607670304,1787954034593810675,5611692478543,5611692505710,72,0,0
rx,359,158,1,1,1787954034608793712,1787954034607682304,5611693601710,0,0,0,0
tx,359,89,1,1,1787954034617523823,1787954034607682304,5611702332080,5611702366154,72,0,0
rx,360,159,1,1,1787954034623164878,1787954034622861304,5611707972895,0,0,0,0
tx,360,98,1,1,1787954034627508415,1787954034622861304,5611712316691,5611712346099,72,0,0
tx,360,107,1,1,1787954034637345841,1787954034622861304,5611722154099,5611722180506,72,0,0
rx,361,160,1,1,1787954034638469119,1787954034638107156,5611723277136,0,0,0,0
tx,361,116,1,1,1787954034647216249,1787954034638107156,5611732024506,5611732053858,72,0,0
rx,362,161,1,1,1787954034653817008,1787954034653221341,5611738625006,0,0,0,0
tx,362,125,1,1,1787954034657097841,1787954034653221341,5611741906080,5611741938747,72,0,0
rx,363,162,1,1,1787954034668205026,1787954034667926489,5611753013025,0,0,0,0
tx,363,135,1,1,1787954034668213452,1787954034667926489,5611753021747,5611753053636,72,0,0
tx,363,144,1,1,1787954034678088360,1787954034667926489,5611762896617,5611762931691,72,0,0
rx,364,163,1,1,1787954034683582823,1787954034683131786,5611768390840,0,0,0,0
tx,364,154,1,1,1787954034689023249,1787954034683131786,5611773831488,5611773861543,72,0,0
rx,365,164,1,1,1787954034698899656,1787954034698081175,5611783707673,0,0,0,0
tx,365,164,1,1,1787954034699994638,1787954034698081175,5611784802877,5611784833580,72,0,0
tx,365,173,1,1,1787954034709846767,1787954034698081175,5611794655025,5611794681951,72,0,0
rx,366,165,1,1,1787954034713311897,1787954034713005138,5611798119895,0,0,0,0
tx,366,182,1,1,1787954034719843360,1787954034713005138,5611804651654,5611804687099,72,0,0
tx,366,191,1,1,1787954034729750193,1787954034713005138,5611814558432,5611814585062,72,0,0
rx,367,166,1,1,1787954034731955749,1787954034731513934,5611816763747,0,0,0,0
tx,367,200,1,1,1787954034739569934,1787954034731513934,5611824378191,5611824407617,72,0,0
rx,368,167,1,1,1787954034744007526,1787954034742974712,5611828815525,0,0,0,0
tx,368,8,1,1,1787954034749445008,1787954034742974712,5611834253284,5611834284080,72,0,0
rx,369,168,1,1,1787954034759300304,1787954034758455156,5611844108303,0,0,0,0
tx,369,17,1,1,1787954034759309156,1787954034758455156,5611844117451,5611844149117,72,0,0
tx,369,26,1,1,1787954034769192212,1787954034758455156,5611854000488,5611854033136,72,0,0
rx,370,169,1,1,1787954034773568915,1787954034772738656,5611858376932,0,0,0,0
tx,370,36,1,1,1787954034780083563,1787954034772738656,5611864891802,5611864922284,72,0,0
rx,371,170,1,1,1787954034788910212,1787954034788853230,5611873718228,0,0,0,0
tx,371,45,1,1,1787954034790015934,1787954034788853230,5611874824173,5611874853580,72,0,0
tx,371,55,1,1,1787954034800960378,1787954034788853230,5611885768673,5611885796340,72,0,0
rx,372,171,1,1,1787954034803283934,1787954034803086471,5611888091951,0,0,0,0
tx,372,64,1,1,1787954034810879008,1787954034803086471,5611895687265,5611895716340,72,0,0
rx,373,172,1,1,1787954034818547860,1787954034817949841,5611903355840,0,0,0,0
tx,373,73,1,1,1787954034820721304,1787954034817949841,5611905529562,5611905564247,72,0,0
tx,373,82,1,1,1787954034830519397,1787954034817949841,5611915327654,5611915367858,72,0,0
rx,374,173,1,1,1787954034834888415,1787954034834851582,5611919696377,0,0,0,0
tx,374,91,1,1,1787954034840311804,1787954034834851582,5611925120062,5611925146284,72,0,0
rx,375,174,1,1,1787954034849112767,1787954034848551730,5611933920747,0,0,0,0
tx,375,100,1,1,1787954034850200360,1787954034848551730,5611935008599,5611935035173,72,0,0
tx,375,108,1,1,1787954034860475434,1787954034848551730,5611945283691,5611945331265,72,0,0
rx,376,175,1,1,1787954034863819952,1787954034863285971,5611948627932,0,0,0,0
tx,376,117,1,1,1787954034870327082,1787954034863285971,5611955135339,5611955168525,72,0,0
tx,376,126,1,1,1787954034880251711,1787954034863285971,5611965059951,5611965087321,72,0,0
rx,377,176,1,1,1787954034881365508,1787954034880878304,5611966173488,0,0,0,0
tx,377,135,1,1,1787954034890021674,1787954034880878304,5611974829914,5611974856673,72,0,0
rx,378,177,1,1,1787954034894450508,1787954034893695286,5611979258506,0,0,0,0
tx,378,145,1,1,1787954034900945434,1787954034893695286,5611985753691,5611985779432,72,0,0
rx,379,178,1,1,1787954034909718471,1787954034908947508,5611994526451,0,0,0,0
tx,379,154,1,1,1787954034910806174,1787954034908947508,5611995614414,5611995640469,72,0,0
tx,379,163,1,1,1787954034920653952,1787954034908947508,5612005462191,5612005493914,72,0,0
rx,380,179,1,1,1787954034923936452,1787954034923496600,5612008744469,0,0,0,0
tx,380,172,1,1,1787954034930432341,1787954034923496600,5612015240580,5612015269691,72,0,0
rx,381,180,1,1,1787954034939188804,1787954034938506934,5612023996821,0,0,0,0
tx,381,181,1,1,1787954034940306600,1787954034938506934,5612025114839,5612025142543,72,0,0
tx,381,190,1,1,1787954034950126026,1787954034938506934,5612034934265,5612034977321,72,0,0
rx,382,181,1,1,1787954034955573934,1787954034955273119,5612040381932,0,0,0,0
tx,382,200,1,1,1787954034961028008,1787954034955273119,5612045836247,5612045867562,72,0,0
rx,383,182,1,1,1787954034968746082,1787954034967945526,5612053554062,0,0,0,0
tx,383,9,1,1,1787954034972003193,1787954034967945526,5612056811543,5612056845876,72,0,0
tx,383,18,1,1,1787954034981814063,1787954034967945526,5612066622302,5612066647265,72,0,0
rx,384,183,1,1,1787954034984006267,1787954034983344508,5612068814265,0,0,0,0
tx,384,27,1,1,1787954034991566248,1787954034983344508,5612076374506,5612076401062,72,0,0
rx,385,184,1,1,1787954034999280489,1787954034998434082,5612084088506,0,0,0,0
tx,385,36,1,1,1787954035001459285,1787954034998434082,5612086267562,5612086293747,72,0,0
tx,385,45,1,1,1787954035011261563,1787954034998434082,5612096069802,5612096093839,72,0,0
rx,386,185,1,1,1787954035014526341,1787954035013896989,5612099334358,0,0,0,0
tx,386,54,1,1,1787954035021029971,1787954035013896989,5612105838321,5612105869488,72,0,0
rx,387,186,1,1,1787954035028718841,1787954035028577730,5612113526839,0,0,0,0
tx,387,64,1,1,1787954035032001360,1787954035028577730,5612116809654,5612116837988,72,0,0
tx,387,73,1,1,1787954035041804637,1787954035028577730,5612126612876,5612126637376,72,0,0
rx,388,187,1,1,1787954035042912452,1787954035042556119,5612127720450,0,0,0,0
tx,388,82,1,1,1787954035051614360,1787954035042556119,5612136422617,5612136449210,72,0,0
rx,389,188,1,1,1787954035059354989,1787954035059253045,5612144162988,0,0,0,0
tx,389,91,1,1,1787954035061528989,1787954035059253045,5612146337228,5612146369321,72,0,0
tx,389,100,1,1,1787954035071342119,1787954035059253045,5612156150413,5612156214839,72,0,0
rx,390,189,1,1,1787954035074664878,1787954035074394248,5612159472876,0,0,0,0
tx,390,109,1,1,1787954035081162063,1787954035074394248,5612165970302,5612165997728,72,0,0
rx,391,190,1,1,1787954035088815878,1787954035088115860,5612173623876,0,0,0,0
tx,391,119,1,1,1787954035092063248,1787954035088115860,5612176871487,5612176897839,72,0,0
tx,391,129,1,1,1787954035102980156,1787954035088115860,5612187788395,5612187813506,72,0,0
rx,392,191,1,1,1787954035104106897,1787954035103346137,5612188914913,0,0,0,0
tx,392,138,1,1,1787954035112771934,1787954035103346137,5612197580191,5612197611802,72,0,0
rx,393,192,1,1,1787954035118265989,1787954035117828748,5612203073969,0,0,0,0
tx,393,147,1,1,1787954035122608637,1787954035117828748,5612207416876,5612207447376,72,0,0
tx,393,156,1,1,1787954035132427526,1787954035117828748,5612217235765,5612217260895,72,0,0
rx,394,193,1,1,1787954035133537785,1787954035133281934,5612218345765,0,0,0,0
tx,394,165,1,1,1787954035142192471,1787954035133281934,5612227000728,5612227026747,72,0,0
rx,395,194,1,1,1787954035147697693,1787954035147216137,5612232505710,0,0,0,0
tx,395,174,1,1,1787954035152064156,1787954035147216137,5612236872506,5612236898784,72,0,0
tx,395,184,1,1,1787954035162994748,1787954035147216137,5612247803006,5612247838006,72,0,0
rx,396,195,1,1,1787954035164115934,1787954035164056378,5612248923913,0,0,0,0
tx,396,193,1,1,1787954035172811804,1787954035164056378,5612257620043,5612257647691,72,0,0
rx,397,196,1,1,1787954035178318193,1787954035177742971,5612263126191,0,0,0,0
tx,397,1,1,1,1787954035182640230,1787954035177742971,5612267448469,5612267475599,72,0,0
tx,397,10,1,1,1787954035192442045,1787954035177742971,5612277250302,5612277289580,72,0,0
rx,398,197,1,1,1787954035193568508,1787954035193294600,5612278376506,0,0,0,0
tx,398,19,1,1,1787954035202239711,1787954035193294600,5612287047950,5612287073802,72,0,0
rx,399,198,1,1,1787954035208802934,1787954035208611434,5612293610913,0,0,0,0
tx,399,28,1,1,1787954035212060415,1787954035208611434,5612296868654,5612296894876,72,0,0
rx,400,199,1,1,1787954035222968026,1787954035222416156,5612307776006,0,0,0,0
tx,400,38,1,1,1787954035222976563,1787954035222416156,5612307784839,5612307816284,72,0,0
tx,400,47,1,1,1787954035232806489,1787954035222416156,5612317614728,5612317639747,72,0,0
rx,401,200,1,1,1787954035238240285,1787954035238044656,5612323048284,0,0,0,0
tx,401,56,1,1,1787954035242584619,1787954035238044656,5612327392876,5612327419636,72,0,0
tx,401,65,1,1,1787954035252444878,1787954035238044656,5612337253173,5612337280080,72,0,0
rx,402,0,1,1,1787954035253555452,1787954035253255322,5612338363432,0,0,0,0
tx,402,74,1,1,1787954035262232267,1787954035253255322,5612347040524,5612347071524,72,0,0
rx,403,1,1,1,1787954035268827341,1787954035268115582,5612353635321,0,0,0,0
tx,403,83,1,1,1787954035272075248,1787954035268115582,5612356883506,5612356917191,72,0,0
rx,404,2,1,1,1787954035283050452,1787954035282936748,5612367858432,0,0,0,0
tx,404,93,1,1,1787954035283058470,1787954035282936748,5612367866710,5612367893598,72,0,0
tx,404,103,1,1,1787954035293941711,1787954035282936748,5612378749950,5612378774469,72,0,0
rx,405,3,1,1,1787954035298294748,1787954035297989637,5612383102710,0,0,0,0
tx,405,112,1,1,1787954035303697619,1787954035297989637,5612388505876,5612388533302,72,0,0
tx,405,121,1,1,1787954035313522341,1787954035297989637,5612398330598,5612398426339,72,0,0
rx,406,4,1,1,1787954035314731193,1787954035313612045,5612399539191,0,0,0,0
tx,406,130,1,1,1787954035323403804,1787954035313612045,5612408212080,5612408242598,72,0,0
rx,407,5,1,1,1787954035327847174,1787954035327775785,5612412655191,0,0,0,0
tx,407,139,1,1,1787954035333278989,1787954035327775785,5612418087247,5612418115173,72,0,0
tx,407,148,1,1,1787954035343096600,1787954035327775785,5612427904858,5612427930135,72,0,0
rx,408,6,1,1,1787954035344220656,1787954035343835933,5612429028654,0,0,0,0
tx,408,158,1,1,1787954035354001026,1787954035343835933,5612438809321,5612438837673,72,0,0
rx,409,7,1,1,1787954035358462137,1787954035357562193,5612443270135,0,0,0,0
tx,409,167,1,1,1787954035363922470,1787954035357562193,5612448730747,5612448767191,72,0,0
tx,409,176,1,1,1787954035373776230,1787954035357562193,5612458584524,5612458661913,72,0,0
rx,410,8,1,1,1787954035374953415,1787954035374159619,5612459761432,0,0,0,0
tx,410,185,1,1,1787954035383613322,1787954035374159619,5612468421598,5612468450228,72,0,0
rx,411,9,1,1,1787954035389139804,1787954035388736878,5612473947802,0,0,0,0
tx,411,194,1,1,1787954035393479433,1787954035388736878,5612478287747,5612478314913,72,0,0
rx,412,10,1,1,1787954035403294211,1787954035402719785,5612488102210,0,0,0,0
tx,412,2,1,1,1787954035403305915,1787954035402719785,5612488114154,5612488142376,72,0,0
tx,412,11,1,1,1787954035413140489,1787954035402719785,5612497948747,5612497977154,72,0,0
rx,413,11,1,1,1787954035418615748,1787954035418183674,5612503423728,0,0,0,0
tx,413,21,1,1,1787954035424030156,1787954035418183674,5612508838395,5612508869543,72,0,0
rx,414,12,1,1,1787954035433896767,1787954035433113063,5612518704784,0,0,0,0
tx,414,31,1,1,1787954035434994656,1787954035433113063,5612519802913,5612519830950,72,0,0
tx,414,40,1,1,1787954035444831767,1787954035433113063,5612529640024,5612529664284,72,0,0
rx,415,13,1,1,1787954035451400248,1787954035450499841,5612536208247,0,0,0,0
tx,415,49,1,1,1787954035454650174,1787954035450499841,5612539458432,5612539486006,72,0,0
rx,416,14,1,1,1787954035464531785,1787954035463632785,5612549339784,0,0,0,0
tx,416,58,1,1,1787954035464540915,1787954035463632785,5612549349154,5612549390672,72,0,0
tx,416,67,1,1,1787954035474384841,1787954035463632785,5612559193098,5612559235284,72,0,0
rx,417,15,1,1,1787954035478765785,1787954035478379007,5612563573784,0,0,0,0
tx,417,76,1,1,1787954035484189341,1787954035478379007,5612568997598,5612569025765,72,0,0
rx,418,16,1,1,1787954035494092693,1787954035493277933,5612578900691,0,0,0,0
tx,418,85,1,1,1787954035494100878,1787954035493277933,5612578909117,5612578937709,72,0,0
tx,418,95,1,1,1787954035505034452,1787954035493277933,5612589842691,5612589867006,72,0,0
rx,419,17,1,1,1787954035509414304,1787954035508631174,5612594222265,0,0,0,0
tx,419,105,1,1,1787954035515934915,1787954035508631174,5612600743209,5612600776265,72,0,0
rx,420,18,1,1,1787954035523589248,1787954035523109933,5612608397246,0,0,0,0
tx,420,114,1,1,1787954035525764711,1787954035523109933,5612610573006,5612610604821,72,0,0
tx,420,123,1,1,1787954035535583322,1787954035523109933,5612620391561,5612620416154,72,0,0
rx,421,19,1,1,1787954035539024304,1787954035538774693,5612623832302,0,0,0,0
tx,421,132,1,1,1787954035545536989,1787954035538774693,5612630345228,5612630373524,72,0,0
rx,422,20,1,1,1787954035554286841,1787954035554001526,5612639094839,0,0,0,0
tx,422,141,1,1,1787954035555393174,1787954035554001526,5612640201413,5612640229635,72,0,0
tx,422,150,1,1,1787954035565318989,1787954035554001526,5612650127376,5612650160580,72,0,0
rx,423,21,1,1,1787954035568798878,1787954035568449581,5612653606895,0,0,0,0
tx,423,159,1,1,1787954035575296322,1787954035568449581,5612660104561,5612660133469,72,0,0
rx,424,22,1,1,1787954035584158674,1787954035583905841,5612668966672,0,0,0,0
tx,424,168,1,1,1787954035585251656,1787954035583905841,5612670059895,5612670087358,72,0,0
tx,424,177,1,1,1787954035595075285,1787954035583905841,5612679883524,5612679908543,72,0,0
rx,425,23,1,1,1787954035598358267,1787954035597662785,5612683166246,0,0,0,0
tx,425,187,1,1,1787954035605931952,1787954035597662785,5612690740265,5612690768321,72,0,0
rx,426,24,1,1,1787954035613614859,1787954035613011118,5612698422858,0,0,0,0
tx,426,196,1,1,1787954035615791804,1787954035613011118,5612700600061,5612700633617,72,0,0
tx,426,4,1,1,1787954035625628193,1787954035613011118,5612710436432,5612710462376,72,0,0
rx,427,25,1,1,1787954035628947767,1787954035628091489,5612713755746,0,0,0,0
tx,427,13,1,1,1787954035635450896,1787954035628091489,5612720259135,5612720286358,72,0,0
rx,428,26,1,1,1787954035644187489,1787954035643089989,5612728995487,0,0,0,0
tx,428,22,1,1,1787954035645286193,1787954035643089989,5612730094432,5612730122821,72,0,0
tx,428,31,1,1,1787954035655122341,1787954035643089989,5612739930598,5612739959543,72,0,0
rx,429,27,1,1,1787954035658435600,1787954035658150248,5612743243617,0,0,0,0
tx,429,41,1,1,1787954035666055378,1787954035658150248,5612750863635,5612750902580,72,0,0
rx,430,28,1,1,1787954035673785600,1787954035673031341,5612758593598,0,0,0,0
tx,430,51,1,1,1787954035677058767,1787954035673031341,5612761867172,5612761896858,72,0,0
tx,430,61,1,1,1787954035687970581,1787954035673031341,5612772778820,5612772868432,72,0,0
rx,431,29,1,1,1787954035689156655,1787954035688073804,5612773964654,0,0,0,0
tx,431,70,1,1,1787954035697820896,1787954035688073804,5612782629154,5612782656876,72,0,0
rx,432,30,1,1,1787954035703438285,1787954035703139952,5612788246283,0,0,0,0
tx,432,79,1,1,1787954035707777730,1787954035703139952,5612792585987,5612792614209,72,0,0
tx,432,88,1,1,1787954035717647378,1787954035703139952,5612802455728,5612802487709,72,0,0
rx,433,31,1,1,1787954035719861211,1787954035719357248,5612804669209,0,0,0,0
tx,433,97,1,1,1787954035727451081,1787954035719357248,5612812259395,5612812288950,72,0,0
rx,434,32,1,1,1787954035734104878,1787954035733287729,5612818912895,0,0,0,0
tx,434,106,1,1,1787954035737390970,1787954035733287729,5612822199209,5612822228876,72,0,0
tx,434,115,1,1,1787954035747224600,1787954035733287729,5612832032839,5612832072080,72,0,0
rx,435,33,1,1,1787954035748359637,1787954035747621785,5612833167635,0,0,0,0
tx,435,124,1,1,1787954035757042581,1787954035747621785,5612841850820,5612841879006,72,0,0
rx,436,34,1,1,1787954035762704970,1787954035762413785,5612847512987,0,0,0,0
tx,436,133,1,1,1787954035767062544,1787954035762413785,5612851870857,5612851905969,72,0,0
tx,436,143,1,1,1787954035778066933,1787954035762413785,5612862875191,5612862913376,72,0,0
rx,437,35,1,1,1787954035779243452,1787954035778066637,5612864051469,0,0,0,0
tx,437,153,1,1,1787954035789023915,1787954035778066637,5612873832209,5612873860302,72,0,0
rx,438,36,1,1,1787954035793447396,1787954035793097452,5612878255394,0,0,0,0
tx,438,163,1,1,1787954035799997137,1787954035793097452,5612884805376,5612884833561,72,0,0
rx,439,37,1,1,1787954035809855878,1787954035809094896,5612894663876,0,0,0,0
tx,439,172,1,1,1787954035809863804,1787954035809094896,5612894672098,5612894699783,72,0,0
tx,439,181,1,1,1787954035819681878,1787954035809094896,5612904490172,5612904519969,72,0,0
rx,440,38,1,1,1787954035824082304,1787954035823101878,5612908890320,0,0,0,0
tx,440,190,1,1,1787954035829509544,1787954035823101878,5612914317802,5612914346802,72,0,0
rx,441,39,1,1,1787954035839346952,1787954035838645118,5612924154950,0,0,0,0
tx,441,199,1,1,1787954035839355544,1787954035838645118,5612924163783,5612924191876,72,0,0
tx,441,7,1,1,1787954035849185841,1787954035838645118,5612933994098,5612934018487,72,0,0
rx,442,40,1,1,1787954035854651303,1787954035853880878,5612939459283,0,0,0,0
tx,442,16,1,1,1787954035859083544,1787954035853880878,5612943891820,5612943938580,72,0,0
rx,443,41,1,1,1787954035869107081,1787954035868634563,5612953915080,0,0,0,0
tx,443,25,1,1,1787954035869116637,1787954035868634563,5612953924969,5612953961950,72,0,0
tx,443,34,1,1,1787954035879026637,1787954035868634563,5612963834876,5612963861950,72,0,0
rx,444,42,1,1,1787954035883416303,1787954035883109026,5612968224302,0,0,0,0
tx,444,44,1,1,1787954035889932248,1787954035883109026,5612974740487,5612974767506,72,0,0
rx,445,43,1,1,1787954035898711952,1787954035898061137,5612983519931,0,0,0,0
tx,445,53,1,1,1787954035899806007,1787954035898061137,5612984614283,5612984643283,72,0,0
tx,445,62,1,1,1787954035909639915,1787954035898061137,5612994448172,5612994476413,72,0,0
rx,446,44,1,1,1787954035914013248,1787954035913563137,5612998821265,0,0,0,0
tx,446,71,1,1,1787954035919607896,1787954035913563137,5613004416191,5613004449987,72,0,0
rx,447,45,1,1,1787954035928373896,1787954035927803174,5613013181894,0,0,0,0
tx,447,80,1,1,1787954035929464618,1787954035927803174,5613014272857,5613014303339,72,0,0
tx,447,89,1,1,1787954035939305692,1787954035927803174,5613024113950,5613024138598,72,0,0
rx,448,46,1,1,1787954035943697526,1787954035943259340,5613028505506,0,0,0,0
tx,448,98,1,1,1787954035949117192,1787954035943259340,5613033925487,5613033952598,72,0,0
rx,449,47,1,1,1787954035958960970,1787954035958315377,5613043768913,0,0,0,0
tx,449,108,1,1,1787954035960064340,1787954035958315377,5613044872617,5613044907450,72,0,0
tx,449,118,1,1,1787954035971019452,1787954035958315377,5613055827728,5613055857783,72,0,0
rx,450,48,1,1,1787954035974370674,1787954035973476007,5613059178672,0,0,0,0
tx,450,128,1,1,1787954035981965563,1787954035973476007,5613066773839,5613066803913,72,0,0
rx,451,49,1,1,1787954035988557415,1787954035988006989,5613073365431,0,0,0,0
tx,451,137,1,1,1787954035991831896,1787954035988006989,5613076640135,5613076666820,72,0,0
tx,451,146,1,1,1787954036001640340,1787954035988006989,5613086448635,5613086472654,72,0,0
rx,452,50,1,1,1787954036003843433,1787954036003145507,5613088651413,0,0,0,0
tx,452,155,1,1,1787954036011457655,1787954036003145507,5613096265987,5613096298450,72,0,0
rx,453,51,1,1,1787954036019135303,1787954036018540729,5613103943246,0,0,0,0
tx,453,164,1,1,1787954036021313359,1787954036018540729,5613106121617,5613106170691,72,0,0
tx,453,173,1,1,1787954036031171563,1787954036018540729,5613115979820,5613116033357,72,0,0
rx,454,52,1,1,1787954036034500285,1787954036033706211,5613119308265,0,0,0,0
tx,454,182,1,1,1787954036041024044,1787954036033706211,5613125832302,5613125859005,72,0,0
rx,455,53,1,1,1787954036048692266,1787954036048059396,5613133500265,0,0,0,0
tx,455,192,1,1,1787954036051947007,1787954036048059396,5613136755265,5613136781931,72,0,0
tx,455,0,1,1,1787954036061935192,1787954036048059396,5613146743450,5613146770765,72,0,0
rx,456,54,1,1,1787954036064168174,1787954036063518507,5613148976191,0,0,0,0
tx,456,9,1,1,1787954036071762414,1787954036063518507,5613156570765,5613156603413,72,0,0
rx,457,55,1,1,1787954036080567155,1787954036079553359,5613165375154,0,0,0,0
tx,457,18,1,1,1787954036081662192,1787954036079553359,5613166470450,5613166501098,72,0,0
tx,457,27,1,1,1787954036091480914,1787954036079553359,5613176289172,5613176314728,72,0,0
rx,458,56,1,1,1787954036092601026,1787954036092570729,5613177409005,0,0,0,0
tx,458,36,1,1,1787954036101287192,1787954036092570729,5613186095431,5613186121672,72,0,0
rx,459,57,1,1,1787954036110055192,1787954036109275192,5613194863172,0,0,0,0
tx,459,45,1,1,1787954036111178785,1787954036109275192,5613195987061,5613196041487,72,0,0
tx,459,54,1,1,1787954036121055489,1787954036109275192,5613205863746,5613205891542,72,0,0
rx,460,58,1,1,1787954036123266433,1787954036122807859,5613208074431,0,0,0,0
tx,460,64,1,1,1787954036131934137,1787954036122807859,5613216742376,5613216770061,72,0,0
rx,461,59,1,1,1787954036139618840,1787954036138627063,5613224426820,0,0,0,0
tx,461,73,1,1,1787954036141810470,1787954036138627063,5613226618709,5613226646431,72,0,0
tx,461,82,1,1,1787954036151623063,1787954036138627063,5613236431320,5613236455839,72,0,0
rx,462,60,1,1,1787954036153832637,1787954036153598674,5613238640654,0,0,0,0
tx,462,91,1,1,1787954036161461581,1787954036153598674,5613246269931,5613246309857,72,0,0
rx,463,61,1,1,1787954036169243877,1787954036168131507,5613254051894,0,0,0,0
tx,463,100,1,1,1787954036171423007,1787954036168131507,5613256231265,5613256264172,72,0,0
tx,463,109,1,1,1787954036181246729,1787954036168131507,5613266054987,5613266080283,72,0,0
rx,464,62,1,1,1787954036183452785,1787954036183087896,5613268260802,0,0,0,0
tx,464,118,1,1,1787954036191097600,1787954036183087896,5613275905857,5613275935172,72,0,0
rx,465,63,1,1,1787954036198849803,1787954036198033933,5613283657783,0,0,0,0
tx,465,127,1,1,1787954036201032451,1787954036198033933,5613285840765,5613285869876,72,0,0
tx,465,137,1,1,1787954036211951563,1787954036198033933,5613296759802,5613296789728,72,0,0
rx,466,64,1,1,1787954036213235933,1787954036212932451,5613298043931,0,0,0,0
tx,466,146,1,1,1787954036221900859,1787954036212932451,5613306709116,5613306738042,72,0,0
rx,467,65,1,1,1787954036228521785,1787954036227663933,5613313329783,0,0,0,0
tx,467,155,1,1,1787954036231784451,1787954036227663933,5613316592746,5613316620116,72,0,0
tx,467,164,1,1,1787954036241599340,1787954036227663933,5613326407598,5613326431968,72,0,0
rx,468,66,1,1,1787954036243799859,1787954036243036748,5613328607876,0,0,0,0
tx,468,173,1,1,1787954036251388951,1787954036243036748,5613336197209,5613336224876,72,0,0
rx,469,67,1,1,1787954036259065470,1787954036258509359,5613343873450,0,0,0,0
tx,469,182,1,1,1787954036261248285,1787954036258509359,5613346056579,5613346091005,72,0,0
tx,469,191,1,1,1787954036271123637,1787954036258509359,5613355931894,5613355960153,72,0,0
rx,470,68,1,1,1787954036273419248,1787954036273112266,5613358227265,0,0,0,0
tx,470,200,1,1,1787954036281022600,1787954036273112266,5613365830839,5613365860765,72,0,0
rx,471,69,1,1,1787954036288735525,1787954036287839785,5613373543320,0,0,0,0
tx,471,9,1,1,1787954036291996155,1787954036287839785,5613376804413,5613376832616,72,0,0
tx,471,18,1,1,1787954036301809637,1787954036287839785,5613386617894,5613386641968,72,0,0
rx,472,70,1,1,1787954036304057896,1787954036303298211,5613388865894,0,0,0,0
tx,472,27,1,1,1787954036311643859,1787954036303298211,5613396452116,5613396495487,72,0,0
rx,473,71,1,1,1787954036319343692,1787954036318490062,5613404151635,0,0,0,0
tx,473,36,1,1,1787954036321525062,1787954036318490062,5613406333302,5613406366320,72,0,0
tx,473,45,1,1,1787954036331358562,1787954036318490062,5613416166802,5613416190653,72,0,0
rx,474,72,1,1,1787954036333559822,1787954036332841896,5613418367839,0,0,0,0
tx,474,54,1,1,1787954036341146859,1787954036332841896,5613425955098,5613425982524,72,0,0
rx,475,73,1,1,1787954036347754303,1787954036347374877,5613432562246,0,0,0,0
tx,475,63,1,1,1787954036351014211,1787954036347374877,5613435822450,5613435850302,72,0,0
tx,475,73,1,1,1787954036362166896,1787954036347374877,5613446975135,5613447012839,72,0,0
rx,476,74,1,1,1787954036364399229,1787954036363500211,5613449207227,0,0,0,0
tx,476,83,1,1,1787954036373070081,1787954036363500211,5613457878339,5613457908913,72,0,0
rx,477,75,1,1,1787954036378685581,1787954036378420044,5613463493561,0,0,0,0
tx,477,92,1,1,1787954036383022340,1787954036378420044,5613467830598,5613467859376,72,0,0
rx,478,76,1,1,1787954036393968970,1787954036393256285,5613478776931,0,0,0,0
tx,478,102,1,1,1787954036393977229,1787954036393256285,5613478785487,5613478814561,72,0,0
tx,478,111,1,1,1787954036403801859,1787954036393256285,5613488610116,5613488634561,72,0,0
rx,479,77,1,1,1787954036408189711,1787954036407835062,5613492997709,0,0,0,0
tx,479,120,1,1,1787954036413618248,1787954036407835062,5613498426505,5613498459098,72,0,0
rx,480,78,1,1,1787954036423460136,1787954036422941674,5613508268079,0,0,0,0
tx,480,129,1,1,1787954036423469025,1787954036422941674,5613508277376,5613508308339,72,0,0
tx,480,138,1,1,1787954036433389822,1787954036422941674,5613518198079,5613518223098,72,0,0
rx,481,79,1,1,1787954036437809525,1787954036437662044,5613522617524,0,0,0,0
tx,481,147,1,1,1787954036443253655,1787954036437662044,5613528061950,5613528092764,72,0,0
rx,482,80,1,1,1787954036453134766,1787954036452669044,5613537942764,0,0,0,0
tx,482,156,1,1,1787954036453142692,1787954036452669044,5613537950950,5613537978950,72,0,0
tx,482,166,1,1,1787954036464073136,1787954036452669044,5613548881394,5613548915505,72,0,0
rx,483,81,1,1,1787954036469530673,1787954036469253062,5613554338672,0,0,0,0
tx,483,176,1,1,1787954036474964970,1787954036469253062,5613559773227,5613559803950,72,0,0
rx,484,82,1,1,1787954036483788692,1787954036483690507,5613568596672,0,0,0,0
tx,484,185,1,1,1787954036484881303,1787954036483690507,5613569689616,5613569720172,72,0,0
tx,484,194,1,1,1787954036494711877,1787954036483690507,5613579520135,5613579546505,72,0,0
rx,485,83,1,1,1787954036499086599,1787954036498947914,5613583894598,0,0,0,0
tx,485,2,1,1,1787954036504508099,1787954036498947914,5613589316376,5613589344061,72,0,0
rx,486,84,1,1,1787954036514426303,1787954036514339285,5613599234283,0,0,0,0
tx,486,11,1,1,1787954036514435673,1787954036514339285,5613599243931,5613599275320,72,0,0
tx,486,20,1,1,1787954036524295636,1787954036514339285,5613609103894,5613609131635,72,0,0
rx,487,85,1,1,1787954036528726192,1787954036528642229,5613613534172,0,0,0,0
tx,487,29,1,1,1787954036534156229,1787954036528642229,5613618964524,5613618992338,72,0,0
rx,488,86,1,1,1787954036543985099,1787954036543464340,5613628793079,0,0,0,0
tx,488,39,1,1,1787954036545073988,1787954036543464340,5613629882246,5613629911264,72,0,0
tx,488,49,1,1,1787954036555998896,1787954036543464340,5613640807135,5613640836820,72,0,0
rx,489,87,1,1,1787954036558201192,1787954036557974766,5613643009209,0,0,0,0
tx,489,58,1,1,1787954036565791562,1787954036557974766,5613650599876,5613650631672,72,0,0
rx,490,88,1,1,1787954036574546970,1787954036574244081,5613659354950,0,0,0,0
tx,490,67,1,1,1787954036575665359,1787954036574244081,5613660473598,5613660504727,72,0,0
tx,490,76,1,1,1787954036585480155,1787954036574244081,5613670288394,5613670315616,72,0,0
rx,491,89,1,1,1787954036589856507,1787954036588790044,5613674664487,0,0,0,0
tx,491,85,1,1,1787954036595286896,1787954036588790044,5613680095135,5613680125005,72,0,0
rx,492,90,1,1,1787954036605085933,1787954036604193729,5613689893931,0,0,0,0
tx,492,94,1,1,1787954036605093747,1787954036604193729,5613689902005,5613689931375,72,0,0
tx,492,104,1,1,1787954036616011729,1787954036604193729,5613700819987,5613700852635,72,0,0
rx,493,91,1,1,1787954036619322840,1787954036618793655,5613704130838,0,0,0,0
tx,493,114,1,1,1787954036626909377,1787954036618793655,5613711717616,5613711747820,72,0,0
rx,494,92,1,1,1787954036633473988,1787954036633238822,5613718281987,0,0,0,0
tx,494,123,1,1,1787954036636732062,1787954036633238822,5613721540320,5613721568431,72,0,0
tx,494,132,1,1,1787954036646557229,1787954036633238822,5613731365487,5613731391579,72,0,0
rx,495,93,1,1,1787954036648758377,1787954036648044210,5613733566375,0,0,0,0
tx,495,141,1,1,1787954036656371192,1787954036648044210,5613741179450,5613741208598,72,0,0
rx,496,94,1,1,1787954036662923544,1787954036662743266,5613747731542,0,0,0,0
tx,496,150,1,1,1787954036666232025,1787954036662743266,5613751040283,5613751100950,72,0,0
tx,496,159,1,1,1787954036676114173,1787954036662743266,5613760922431,5613760948875,72,0,0
rx,497,95,1,1,1787954036679389822,1787954036678849118,5613764197820,0,0,0,0
tx,497,169,1,1,1787954036686986822,1787954036678849118,5613771795116,5613771823468,72,0,0
rx,498,96,1,1,1787954036693596451,1787954036692876396,5613778404450,0,0,0,0
tx,498,178,1,1,1787954036696855914,1787954036692876396,5613781664153,5613781691931,72,0,0
tx,498,187,1,1,1787954036706682470,1787954036692876396,5613791490727,5613791521542,72,0,0
rx,499,97,1,1,1787954036708887599,1787954036708179470,5613793695598,0,0,0,0
tx,499,196,1,1,1787954036716490136,1787954036708179470,5613801298375,5613801328875,72,0,0
rx,500,98,1,1,1787954036723096896,1787954036722850136,5613807904912,0,0,0,0
tx,500,4,1,1,1787954036726359284,1787954036722850136,5613811167524,5613811197598,72,0,0
tx,500,13,1,1,1787954036736186877,1787954036722850136,5613820995116,5613821022635,72,0,0
rx,501,99,1,1,1787954036739527988,1787954036738548340,5613824336005,0,0,0,0
tx,501,22,1,1,1787954036746039933,1787954036738548340,5613830848190,5613830878301,72,0,0
rx,502,100,1,1,1787954036753720173,1787954036752985766,5613838528172,0,0,0,0
tx,502,32,1,1,1787954036756998284,1787954036752985766,5613841806579,5613841845172,72,0,0
tx,502,41,1,1,1787954036766836099,1787954036752985766,5613851644338,5613851676727,72,0,0
rx,503,101,1,1,1787954036767965192,1787954036767559933,5613852773190,0,0,0,0
tx,503,50,1,1,1787954036776659247,1787954036767559933,5613861467505,5613861498338,72,0,0
rx,504,102,1,1,1787954036783377229,1787954036783290081,5613868185246,0,0,0,0
tx,504,59,1,1,1787954036786641470,1787954036783290081,5613871449709,5613871478801,72,0,0
tx,504,68,1,1,1787954036796469562,1787954036783290081,5613881277820,5613881303783,72,0,0
rx,505,103,1,1,1787954036798727507,1787954036797733858,5613883535486,0,0,0,0
tx,505,77,1,1,1787954036806328377,1787954036797733858,5613891136635,5613891170690,72,0,0
rx,506,104,1,1,1787954036812923007,1787954036812368858,5613897730968,0,0,0,0
tx,506,86,1,1,1787954036816168766,1787954036812368858,5613900977024,5613901017524,72,0,0
tx,506,95,1,1,1787954036826044970,1787954036812368858,5613910853227,5613910880783,72,0,0
rx,507,105,1,1,1787954036829357655,1787954036829232192,5613914165672,0,0,0,0
tx,507,105,1,1,1787954036836957395,1787954036829232192,5613921765653,5613921794412,72,0,0
rx,508,106,1,1,1787954036843650007,1787954036843568321,5613928457986,0,0,0,0
tx,508,114,1,1,1787954036846908599,1787954036843568321,5613931716838,5613931744338,72,0,0
tx,508,123,1,1,1787954036856755747,1787954036843568321,5613941563986,5613941608209,72,0,0
rx,509,107,1,1,1787954036859085284,1787954036858949562,5613943893264,0,0,0,0
tx,509,132,1,1,1787954036866677544,1787954036858949562,5613951485838,5613951522875,72,0,0
rx,510,108,1,1,1787954036874382895,1787954036874003358,5613959190912,0,0,0,0
tx,510,141,1,1,1787954036876599414,1787954036874003358,5613961407653,5613961440486,72,0,0
tx,510,150,1,1,1787954036886438988,1787954036874003358,5613971247227,5613971273320,72,0,0
rx,511,109,1,1,1787954036888635914,1787954036888490155,5613973443912,0,0,0,0
tx,511,159,1,1,1787954036896220599,1787954036888490155,5613981028857,5613981057060,72,0,0
rx,512,110,1,1,1787954036902878340,1787954036902769970,5613987686301,0,0,0,0
tx,512,168,1,1,1787954036906130247,1787954036902769970,5613990938505,5613990966153,72,0,0
tx,512,178,1,1,1787954036917057192,1787954036902769970,5614001865449,5614001896172,72,0,0
rx,513,111,1,1,1787954036918185692,1787954036917611673,5614002993653,0,0,0,0
tx,513,188,1,1,1787954036927935710,1787954036917611673,5614012743986,5614012773598,72,0,0
rx,514,112,1,1,1787954036933464581,1787954036932788618,5614018272579,0,0,0,0
tx,514,197,1,1,1787954036937793581,1787954036932788618,5614022601820,5614022631227,72,0,0
tx,514,5,1,1,1787954036947630192,1787954036932788618,5614032438449,5614032464986,72,0,0
rx,515,113,1,1,1787954036948750895,1787954036948290877,5614033558894,0,0,0,0
tx,515,14,1,1,1787954036957431507,1787954036948290877,5614042239764,5614042272746,72,0,0
rx,516,114,1,1,1787954036962965895,1787954036962753284,5614047773912,0,0,0,0
tx,516,23,1,1,1787954036967344340,1787954036962753284,5614052152838,5614052184820,72,0,0
tx,516,32,1,1,1787954036977173432,1787954036962753284,5614061981727,5614062008653,72,0,0
rx,517,115,1,1,1787954036978286395,1787954036977819599,5614063094394,0,0,0,0
tx,517,42,1,1,1787954036988046766,1787954036977819599,5614072855042,5614072884375,72,0,0
rx,518,116,1,1,1787954036993554358,1787954036993461581,5614078362320,0,0,0,0
tx,518,52,1,1,1787954036998977432,1787954036993461581,5614083785727,5614083814153,72,0,0
rx,519,117,1,1,1787954037008878803,1787954037007885988,5614093686801,0,0,0,0
tx,519,61,1,1,1787954037008886932,1787954037007885988,5614093695209,5614093728764,72,0,0
tx,519,70,1,1,1787954037018736303,1787954037007885988,5614103544542,5614103572801,72,0,0
rx,520,118,1,1,1787954037023111988,1787954037022756803,5614107919986,0,0,0,0
tx,520,79,1,1,1787954037028537210,1787954037022756803,5614113345486,5614113374949,72,0,0
tx,520,88,1,1,1787954037038369784,1787954037022756803,5614123178042,5614123204449,72,0,0
rx,521,119,1,1,1787954037039482081,1787954037038430914,5614124290060,0,0,0,0
tx,521,97,1,1,1787954037048158210,1787954037038430914,5614132966468,5614132993875,72,0,0
rx,522,120,1,1,1787954037053688173,1787954037052656895,5614138496153,0,0,0,0
tx,522,106,1,1,1787954037058026951,1787954037052656895,5614142835190,5614142870394,72,0,0
rx,523,121,1,1,1787954037069020469,1787954037068213044,5614153828486,0,0,0,0
tx,523,116,1,1,1787954037069034284,1787954037068213044,5614153842542,5614153877431,72,0,0
tx,523,126,1,1,1787954037080008247,1787954037068213044,5614164816486,5614164844005,72,0,0
rx,524,122,1,1,1787954037085460525,1787954037084730284,5614170268486,0,0,0,0
tx,524,135,1,1,1787954037089801432,1787954037084730284,5614174609727,5614174639690,72,0,0
rx,525,123,1,1,1787954037098529395,1787954037098319451,5614183337412,0,0,0,0
tx,525,144,1,1,1787954037099619618,1787954037098319451,5614184427875,5614184462857,72,0,0
tx,525,153,1,1,1787954037109475858,1787954037098319451,5614194284097,5614194317097,72,0,0
rx,526,124,1,1,1787954037113847951,1787954037113382599,5614198655949,0,0,0,0
tx,526,162,1,1,1787954037119294043,1787954037113382599,5614204102283,5614204133764,72,0,0
rx,527,125,1,1,1787954037128073562,1787954037127674581,5614212881560,0,0,0,0
tx,527,171,1,1,1787954037129160692,1787954037127674581,5614213968949,5614213998412,72,0,0
tx,527,181,1,1,1787954037140066840,1787954037127674581,5614224875079,5614224901746,72,0,0
rx,528,126,1,1,1787954037143365673,1787954037142938766,5614228173671,0,0,0,0
tx,528,191,1,1,1787954037150950914,1787954037142938766,5614235759171,5614235787523,72,0,0
rx,529,127,1,1,1787954037158635229,1787954037158217340,5614243443227,0,0,0,0
tx,529,200,1,1,1787954037160807155,1787954037158217340,5614245615412,5614245651412,72,0,0
tx,529,8,1,1,1787954037170676599,1787954037158217340,5614255484894,5614255515171,72,0,0
rx,530,128,1,1,1787954037173968932,1787954037172927136,5614258776931,0,0,0,0
tx,530,17,1,1,1787954037180475451,1787954037172927136,5614265283746,5614265314634,72,0,0
rx,531,129,1,1,1787954037189244099,1787954037188238210,5614274052097,0,0,0,0
tx,531,26,1,1,1787954037190340803,1787954037188238210,5614275149060,5614275178153,72,0,0
tx,531,35,1,1,1787954037200177543,1787954037188238210,5614284985783,5614285012579,72,0,0
rx,532,130,1,1,1787954037203498117,1787954037203393173,5614288306079,0,0,0,0
tx,532,44,1,1,1787954037210030043,1787954037203393173,5614294838301,5614294871801,72,0,0
rx,533,131,1,1,1787954037218889488,1787954037217887414,5614303697505,0,0,0,0
tx,533,54,1,1,1787954037221064932,1787954037217887414,5614305873208,5614305904912,72,0,0
tx,533,64,1,1,1787954037231986506,1787954037217887414,5614316794764,5614316820931,72,0,0
rx,534,132,1,1,1787954037234180895,1787954037233616247,5614318988894,0,0,0,0
tx,534,73,1,1,1787954037241763099,1787954037233616247,5614326571357,5614326598783,72,0,0
rx,535,133,1,1,1787954037249434136,1787954037248892340,5614334242134,0,0,0,0
tx,535,82,1,1,1787954037251607932,1787954037248892340,5614336416171,5614336444357,72,0,0
tx,535,91,1,1,1787954037261517155,1787954037248892340,5614346325412,5614346356171,72,0,0
rx,536,134,1,1,1787954037263720747,1787954037263222951,5614348528764,0,0,0,0
tx,536,100,1,1,1787954037271331192,1787954037263222951,5614356139449,5614356171708,72,0,0
rx,537,135,1,1,1787954037279049840,1787954037278090506,5614363857838,0,0,0,0
tx,537,109,1,1,1787954037281232043,1787954037278090506,5614366040301,5614366070431,72,0,0
tx,537,118,1,1,1787954037291061858,1787954037278090506,5614375870116,5614375895745,72,0,0
rx,538,136,1,1,1787954037293255469,1787954037292963525,5614378063468,0,0,0,0
tx,538,128,1,1,1787954037301912747,1787954037292963525,5614386721042,5614386748912,72,0,0
rx,539,137,1,1,1787954037308494673,1787954037308131173,5614393302671,0,0,0,0
tx,539,137,1,1,1787954037311772006,1787954037308131173,5614396580264,5614396612745,72,0,0
tx,539,146,1,1,1787954037321630358,1787954037308131173,5614406438597,5614406466523,72,0,0
rx,540,138,1,1,1787954037323823136,1787954037323264395,5614408631134,0,0,0,0
tx,540,155,1,1,1787954037331421988,1787954037323264395,5614416230245,5614416257357,72,0,0
rx,541,139,1,1,1787954037339082803,1787954037338743543,5614423890801,0,0,0,0
tx,541,164,1,1,1787954037341265488,1787954037338743543,5614426073745,5614426100894,72,0,0
tx,541,173,1,1,1787954037351162414,1787954037338743543,5614435970671,5614436034079,72,0,0
rx,542,140,1,1,1787954037353397840,1787954037353201617,5614438205838,0,0,0,0
tx,542,182,1,1,1787954037361031414,1787954037353201617,5614445839653,5614445870875,72,0,0
rx,543,141,1,1,1787954037368774784,1787954037368511543,5614453582671,0,0,0,0
tx,543,192,1,1,1787954037372049895,1787954037368511543,5614456858153,5614456892505,72,0,0
tx,543,1,1,1,1787954037382975821,1787954037368511543,5614467784079,5614467811690,72,0,0
rx,544,142,1,1,1787954037384090784,1787954037383054117,5614468898782,0,0,0,0
tx,544,10,1,1,1787954037392762932,1787954037383054117,5614477571171,5614477598153,72,0,0
rx,545,143,1,1,1787954037399306914,1787954037398902580,5614484114856,0,0,0,0
tx,545,19,1,1,1787954037402567395,1787954037398902580,5614487375653,5614487410060,72,0,0
tx,545,28,1,1,1787954037412405914,1787954037398902580,5614497214153,5614497242968,72,0,0
rx,546,144,1,1,1787954037413524691,1787954037413159488,5614498332690,0,0,0,0
tx,546,37,1,1,1787954037422221266,1787954037413159488,5614507029542,5614507058097,72,0,0
rx,547,145,1,1,1787954037428761914,1787954037428212766,5614513569931,0,0,0,0
tx,547,46,1,1,1787954037432032451,1787954037428212766,5614516840708,5614516869375,72,0,0
tx,547,56,1,1,1787954037443013543,1787954037428212766,5614527821801,5614527849116,72,0,0
rx,548,146,1,1,1787954037444128784,1787954037443100062,5614528936745,0,0,0,0
tx,548,65,1,1,1787954037452802006,1787954037443100062,5614537610264,5614537637542,72,0,0
rx,549,147,1,1,1787954037458311969,1787954037457922136,5614543119838,0,0,0,0
tx,549,74,1,1,1787954037462652006,1787954037457922136,5614547460245,5614547491893,72,0,0
tx,549,83,1,1,1787954037472590321,1787954037457922136,5614557398597,5614557428616,72,0,0
rx,550,148,1,1,1787954037473710562,1787954037472673117,5614558518560,0,0,0,0
tx,550,92,1,1,1787954037482384673,1787954037472673117,5614567192931,5614567220690,72,0,0
rx,551,149,1,1,1787954037488974395,1787954037488556654,5614573782393,0,0,0,0
tx,551,101,1,1,1787954037492218914,1787954037488556654,5614577027153,5614577055116,72,0,0
tx,551,110,1,1,1787954037502066321,1787954037488556654,5614586874579,5614586901060,72,0,0
rx,552,150,1,1,1787954037503190340,1787954037502285599,5614587998338,0,0,0,0
tx,552,120,1,1,1787954037512992099,1787954037502285599,5614597800338,5614597832412,72,0,0
rx,553,151,1,1,1787954037518534858,1787954037518415469,5614603342856,0,0,0,0
tx,553,129,1,1,1787954037522880340,1787954037518415469,5614607688597,5614607719505,72,0,0
tx,553,138,1,1,1787954037532712691,1787954037518415469,5614617520949,5614617548023,72,0,0
rx,554,152,1,1,1787954037533831302,1787954037533254043,5614618639319,0,0,0,0
tx,554,147,1,1,1787954037542507802,1787954037533254043,5614627316060,5614627344727,72,0,0
rx,555,153,1,1,1787954037549073228,1787954037548531895,5614633881227,0,0,0,0
tx,555,156,1,1,1787954037552341488,1787954037548531895,5614637149745,5614637182893,72,0,0
tx,555,165,1,1,1787954037562212080,1787954037548531895,5614647020338,5614647048634,72,0,0
rx,556,154,1,1,1787954037563328377,1787954037563062414,5614648136375,0,0,0,0
tx,556,174,1,1,1787954037572023728,1787954037563062414,5614656831986,5614656864319,72,0,0
rx,557,155,1,1,1787954037578629914,1787954037578452377,5614663437912,0,0,0,0
tx,557,184,1,1,1787954037582962080,1787954037578452377,5614667770338,5614667800486,72,0,0
tx,557,193,1,1,1787954037592796043,1787954037578452377,5614677604282,5614677630875,72,0,0
rx,558,156,1,1,1787954037596078988,1787954037595634765,5614680886986,0,0,0,0
tx,558,1,1,1,1787954037602583006,1787954037595634765,5614687391282,5614687422338,72,0,0
rx,559,157,1,1,1787954037610338877,1787954037609342117,5614695146893,0,0,0,0
tx,559,10,1,1,1787954037612510691,1787954037609342117,5614697318949,5614697352005,72,0,0
tx,559,19,1,1,1787954037622345969,1787954037609342117,5614707154208,5614707182245,72,0,0
rx,560,158,1,1,1787954037623459154,1787954037623051265,5614708267153,0,0,0,0
tx,560,28,1,1,1787954037632141506,1787954037623051265,5614716949764,5614716977930,72,0,0
rx,561,159,1,1,1787954037638723191,1787954037637876821,5614723531190,0,0,0,0
tx,561,38,1,1,1787954037643077414,1787954037637876821,5614727885671,5614727913393,72,0,0
rx,562,160,1,1,1787954037654012839,1787954037653007488,5614738820819,0,0,0,0
tx,562,48,1,1,1787954037654020988,1787954037653007488,5614738829282,5614738862393,72,0,0
tx,562,57,1,1,1787954037663893932,1787954037653007488,5614748702190,5614748730412,72,0,0
rx,563,161,1,1,1787954037668264469,1787954037667869710,5614753072467,0,0,0,0
tx,563,66,1,1,1787954037673706580,1787954037667869710,5614758514819,5614758546893,72,0,0
rx,564,162,1,1,1787954037683515432,1787954037683166821,5614768323449,0,0,0,0
tx,564,75,1,1,1787954037683523710,1787954037683166821,5614768331967,5614768360264,72,0,0
tx,564,84,1,1,1787954037693349173,1787954037683166821,5614778157430,5614778184542,72,0,0
rx,565,163,1,1,1787954037698806154,1787954037698667525,5614783614153,0,0,0,0
tx,565,93,1,1,1787954037703145525,1787954037698667525,5614787953782,5614787983653,72,0,0
rx,566,164,1,1,1787954037713059080,1787954037712809710,5614797867079,0,0,0,0
tx,566,102,1,1,1787954037713071154,1787954037712809710,5614797879393,5614797912004,72,0,0
tx,566,112,1,1,1787954037724027025,1787954037712809710,5614808835264,5614808863801,72,0,0
rx,567,165,1,1,1787954037729466599,1787954037728730525,5614814274616,0,0,0,0
tx,567,122,1,1,1787954037734913913,1787954037728730525,5614819722153,5614819750912,72,0,0
rx,568,166,1,1,1787954037743672376,1787954037743124710,5614828480375,0,0,0,0
tx,568,131,1,1,1787954037744763413,1787954037743124710,5614829571708,5614829602245,72,0,0
tx,568,140,1,1,1787954037754613469,1787954037743124710,5614839421745,5614839451116,72,0,0
rx,569,167,1,1,1787954037760085636,1787954037759499673,5614844893653,0,0,0,0
tx,569,149,1,1,1787954037764432969,1787954037759499673,5614849241264,5614849270023,72,0,0
rx,570,168,1,1,1787954037773269265,1787954037773155228,5614858077227,0,0,0,0
tx,570,158,1,1,1787954037774364932,1787954037773155228,5614859173190,5614859206078,72,0,0
tx,570,167,1,1,1787954037784208136,1787954037773155228,5614869016393,5614869043912,72,0,0
rx,571,169,1,1,1787954037788581025,1787954037787547617,5614873389041,0,0,0,0
tx,571,177,1,1,1787954037795065691,1787954037787547617,5614879873967,5614879903486,72,0,0
rx,572,170,1,1,1787954037803838691,1787954037803184617,5614888646690,0,0,0,0
tx,572,187,1,1,1787954037806013006,1787954037803184617,5614890821301,5614890859523,72,0,0
tx,572,197,1,1,1787954037816996728,1787954037803184617,5614901805023,5614901833208,72,0,0
rx,573,171,1,1,1787954037819228636,1787954037818748210,5614904036653,0,0,0,0
tx,573,5,1,1,1787954037826840025,1787954037818748210,5614911648264,5614911678671,72,0,0
rx,574,172,1,1,1787954037834517302,1787954037833845469,5614919325319,0,0,0,0
tx,574,14,1,1,1787954037836696506,1787954037833845469,5614921504801,5614921534467,72,0,0
tx,574,23,1,1,1787954037846525117,1787954037833845469,5614931333356,5614931360153,72,0,0
rx,575,173,1,1,1787954037848778228,1787954037847786376,5614933586227,0,0,0,0
tx,575,32,1,1,1787954037856386136,1787954037847786376,5614941194393,5614941232467,72,0,0
rx,576,174,1,1,1787954037863030080,1787954037862690839,5614947838004,0,0,0,0
tx,576,41,1,1,1787954037866299302,1787954037862690839,5614951107653,5614951143875,72,0,0
tx,576,50,1,1,1787954037876181376,1787954037862690839,5614960989671,5614961020115,72,0,0
rx,577,175,1,1,1787954037878377025,1787954037878127321,5614963185041,0,0,0,0
tx,577,60,1,1,1787954037887056636,1787954037878127321,5614971864875,5614971893634,72,0,0
rx,578,176,1,1,1787954037893654136,1787954037892827358,5614978462115,0,0,0,0
tx,578,70,1,1,1787954037898005228,1787954037892827358,5614982813467,5614982844541,72,0,0
tx,578,79,1,1,1787954037907855006,1787954037892827358,5614992663245,5614992692152,72,0,0
rx,579,177,1,1,1787954037910119469,1787954037909120321,5614994927486,0,0,0,0
tx,579,88,1,1,1787954037917745765,1787954037909120321,5615002554041,5615002581819,72,0,0
rx,580,178,1,1,1787954037924578395,1787954037922947858,5615009386356,0,0,0,0
tx,580,96,1,1,1787954037927868006,1787954037922947858,5615012676245,5615012723023,72,0,0
tx,580,105,1,1,1787954037937808599,1787954037922947858,5615022616875,5615022645115,72,0,0
rx,581,179,1,1,1787954037938925673,1787954037938650469,5615023733671,0,0,0,0
tx,581,114,1,1,1787954037947605710,1787954037938650469,5615032413949,5615032449597,72,0,0
rx,582,180,1,1,1787954037953134228,1787954037952776061,5615037942245,0,0,0,0
tx,582,123,1,1,1787954037957491617,1787954037952776061,5615042299875,5615042331764,72,0,0
tx,582,132,1,1,1787954037967347487,1787954037952776061,5615052155745,5615052186912,72,0,0
rx,583,181,1,1,1787954037969545395,1787954037968721543,5615054353171,0,0,0,0
tx,583,141,1,1,1787954037977170561,1787954037968721543,5615061978856,5615062010597,72,0,0
rx,584,182,1,1,1787954037983762543,1787954037983505987,5615068570560,0,0,0,0
tx,584,150,1,1,1787954037987027969,1787954037983505987,5615071836227,5615071864727,72,0,0
tx,584,160,1,1,1787954037997935784,1787954037983505987,5615082744023,5615082780856,72,0,0
rx,585,183,1,1,1787954037999059802,1787954037997990599,5615083867801,0,0,0,0
tx,585,169,1,1,1787954038007744024,1787954037997990599,5615092552301,5615092585023,72,0,0
rx,586,184,1,1,1787954038013256506,1787954038012583284,5615098064504,0,0,0,0
tx,586,178,1,1,1787954038017599636,1787954038012583284,5615102407893,5615102437134,72,0,0
tx,586,187,1,1,1787954038027443876,1787954038012583284,5615112252134,5615112280486,72,0,0
rx,587,185,1,1,1787954038028556969,1787954038028057673,5615113364967,0,0,0,0
tx,587,196,1,1,1787954038037232006,1787954038028057673,5615122040264,5615122066726,72,0,0
rx,588,186,1,1,1787954038043811043,1787954038043317469,5615128619041,0,0,0,0
tx,588,4,1,1,1787954038047056728,1787954038043317469,5615131864986,5615131892152,72,0,0
tx,588,14,1,1,1787954038057993728,1787954038043317469,5615142801967,5615142836893,72,0,0
rx,589,187,1,1,1787954038059119136,1787954038058448339,5615143927152,0,0,0,0
tx,589,23,1,1,1787954038067837506,1787954038058448339,5615152645764,5615152679375,72,0,0
rx,590,188,1,1,1787954038073419673,1787954038072823358,5615158227689,0,0,0,0
tx,590,32,1,1,1787954038077760728,1787954038072823358,5615162569023,5615162609393,72,0,0
tx,590,41,1,1,1787954038087605913,1787954038072823358,5615172414171,5615172441449,72,0,0
rx,591,189,1,1,1787954038088728580,1787954038087941895,5615173536597,0,0,0,0
tx,591,50,1,1,1787954038097415561,1787954038087941895,5615182223819,5615182252560,72,0,0
rx,592,190,1,1,1787954038102912506,1787954038102662932,5615187720523,0,0,0,0
tx,592,59,1,1,1787954038107296710,1787954038102662932,5615192104967,5615192168652,72,0,0
tx,592,68,1,1,1787954038117176561,1787954038102662932,5615201984819,5615202012375,72,0,0
rx,593,191,1,1,1787954038118315413,1787954038117935710,5615203123393,0,0,0,0
tx,593,78,1,1,1787954038128081154,1787954038117935710,5615212889412,5615212919430,72,0,0
rx,594,192,1,1,1787954038133585135,1787954038133379858,5615218393152,0,0,0,0
tx,594,88,1,1,1787954038139002376,1787954038133379858,5615223810634,5615223838375,72,0,0
rx,595,193,1,1,1787954038148833043,1787954038148106635,5615233641060,0,0,0,0
tx,595,97,1,1,1787954038148841617,1787954038148106635,5615233649856,5615233683208,72,0,0
tx,595,106,1,1,1787954038158724543,1787954038148106635,5615243532800,5615243561763,72,0,0
rx,596,194,1,1,1787954038164197524,1787954038164000987,5615249005541,0,0,0,0
tx,596,115,1,1,1787954038168547135,1787954038164000987,5615253355393,5615253388412,72,0,0
tx,596,124,1,1,1787954038178393635,1787954038164000987,5615263201875,5615263230893,72,0,0
rx,597,195,1,1,1787954038179511247,1787954038178801061,5615264319263,0,0,0,0
tx,597,133,1,1,1787954038188190117,1787954038178801061,5615272998412,5615273027226,72,0,0
rx,598,196,1,1,1787954038193762080,1787954038192768413,5615278570097,0,0,0,0
tx,598,142,1,1,1787954038198105358,1787954038192768413,5615282913597,5615282945634,72,0,0
tx,598,152,1,1,1787954038209006376,1787954038192768413,5615293814634,5615293842004,72,0,0
rx,599,197,1,1,1787954038210124506,1787954038209485561,5615294932504,0,0,0,0
tx,599,161,1,1,1787954038218822821,1787954038209485561,5615303631078,5615303659949,72,0,0
rx,600,198,1,1,1787954038223257932,1787954038222959839,5615308065949,0,0,0,0
tx,600,170,1,1,1787954038228679487,1787954038222959839,5615313487745,5615313517152,72,0,0
rx,601,199,1,1,1787954038238504043,1787954038238125247,5615323312060,0,0,0,0
tx,601,179,1,1,1787954038238511802,1787954038238125247,5615323320060,5615323348467,72,0,0
tx,601,188,1,1,1787954038248357172,1787954038238125247,5615333165449,5615333196875,72,0,0
rx,602,200,1,1,1787954038253810339,1787954038253471395,5615338618337,0,0,0,0
tx,602,197,1,1,1787954038258148302,1787954038253471395,5615342956615,5615342987152,72,0,0
rx,603,0,1,1,1787954038269068302,1787954038268443061,5615353876300,0,0,0,0
tx,603,6,1,1,1787954038269080913,1787954038268443061,5615353889152,5615353922171,72,0,0
tx,603,16,1,1,1787954038280024617,1787954038268443061,5615364832874,5615364861782,72,0,0
rx,604,1,1,1,1787954038283313543,1787954038283067135,5615368121541,0,0,0,0
tx,604,26,1,1,1787954038290898284,1787954038283067135,5615375706523,5615375734504,72,0,0
rx,605,2,1,1,1787954038298565284,1787954038298446728,5615383373282,0,0,0,0
tx,605,35,1,1,1787954038300741598,1787954038298446728,5615385549837,5615385583856,72,0,0
tx,605,44,1,1,1787954038310582858,1787954038298446728,5615395391097,5615395420041,72,0,0
rx,606,3,1,1,1787954038313843376,1787954038313087821,5615398651374,0,0,0,0
tx,606,53,1,1,1787954038320350672,1787954038313087821,5615405158911,5615405187337,72,0,0
rx,607,4,1,1,1787954038329259283,1787954038328263765,5615414067300,0,0,0,0
tx,607,62,1,1,1787954038330346709,1787954038328263765,5615415154949,5615415183430,72,0,0
tx,607,71,1,1,1787954038340181561,1787954038328263765,5615424989819,5615425016152,72,0,0
rx,608,5,1,1,1787954038343469691,1787954038342748209,5615428277671,0,0,0,0
tx,608,80,1,1,1787954038350010913,1787954038342748209,5615434819152,5615434852967,72,0,0
rx,609,6,1,1,1787954038358777987,1787954038358087765,5615443585986,0,0,0,0
tx,609,90,1,1,1787954038360944969,1787954038358087765,5615445753208,5615445782819,72,0,0
tx,609,99,1,1,1787954038370840783,1787954038358087765,5615455649023,5615455680449,72,0,0
rx,610,7,1,1,1787954038374194154,1787954038373708339,5615459002171,0,0,0,0
tx,610,108,1,1,1787954038380695006,1787954038373708339,5615465503263,5615465533411,72,0,0
rx,611,8,1,1,1787954038388380635,1787954038387776635,5615473188634,0,0,0,0
tx,611,117,1,1,1787954038390559006,1787954038387776635,5615475367263,5615475396097,72,0,0
tx,611,126,1,1,1787954038400387783,1787954038387776635,5615485196023,5615485226541,72,0,0
rx,612,9,1,1,1787954038403672506,1787954038403042246,5615488480504,0,0,0,0
tx,612,135,1,1,1787954038410191283,1787954038403042246,5615494999541,5615495028245,72,0,0
rx,613,10,1,1,1787954038420035061,1787954038419849246,5615504843078,0,0,0,0
tx,613,144,1,1,1787954038420042746,1787954038419849246,5615504851004,5615504878634,72,0,0
tx,613,154,1,1,1787954038430994802,1787954038419849246,5615515803060,5615515831300,72,0,0
rx,614,11,1,1,1787954038434273154,1787954038433594191,5615519081171,0,0,0,0
tx,614,163,1,1,1787954038440782950,1787954038433594191,5615525591208,5615525618430,72,0,0
rx,615,12,1,1,1787954038448452376,1787954038447824117,5615533260374,0,0,0,0
tx,615,172,1,1,1787954038450629024,1787954038447824117,5615535437282,5615535468115,72,0,0
tx,615,181,1,1,1787954038460469357,1787954038447824117,5615545277615,5615545304411,72,0,0
rx,616,13,1,1,1787954038463778154,1787954038463498209,5615548586060,0,0,0,0
tx,616,190,1,1,1787954038470296228,1787954038463498209,5615555104485,5615555136911,72,0,0
rx,617,14,1,1,1787954038479106061,1787954038478095746,5615563914060,0,0,0,0
tx,617,199,1,1,1787954038480204024,1787954038478095746,5615565012282,5615565043967,72,0,0
tx,617,7,1,1,1787954038490034172,1787954038478095746,5615574842411,5615574869078,72,0,0
rx,618,15,1,1,1787954038493338672,1787954038493246895,5615578146652,0,0,0,0
tx,618,17,1,1,1787954038500951746,1787954038493246895,5615585760004,5615585791597,72,0,0
rx,619,16,1,1,1787954038508657043,1787954038507632487,5615593465060,0,0,0,0
tx,619,26,1,1,1787954038510845654,1787954038507632487,5615595653930,5615595683985,72,0,0
tx,619,35,1,1,1787954038520667320,1787954038507632487,5615605475578,5615605502448,72,0,0
rx,620,17,1,1,1787954038523957061,1787954038523138561,5615608765060,0,0,0,0
tx,620,44,1,1,1787954038530473746,1787954038523138561,5615615282004,5615615312356,72,0,0
rx,621,18,1,1,1787954038538154783,1787954038537828376,5615622962800,0,0,0,0
tx,621,53,1,1,1787954038540337228,1787954038537828376,5615625145485,5615625174467,72,0,0
tx,621,62,1,1,1787954038550177098,1787954038537828376,5615634985337,5615635012856,72,0,0
rx,622,19,1,1,1787954038553465469,1787954038553007765,5615638273485,0,0,0,0
tx,622,72,1,1,1787954038561062450,1787954038553007765,5615645870689,5615645901467,72,0,0
rx,623,20,1,1,1787954038568685154,1787954038568187394,5615653493171,0,0,0,0
tx,623,82,1,1,1787954038571948913,1787954038568187394,5615656757152,5615656790615,72,0,0
tx,623,91,1,1,1787954038581829506,1787954038568187394,5615666637763,5615666666041,72,0,0
rx,624,21,1,1,1787954038584035580,1787954038582967431,5615668843559,0,0,0,0
tx,624,100,1,1,1787954038591603857,1787954038582967431,5615676412097,5615676441078,72,0,0
rx,625,22,1,1,1787954038598214191,1787954038597981450,5615683022208,0,0,0,0
tx,625,109,1,1,1787954038601456080,1787954038597981450,5615686264337,5615686297652,72,0,0
tx,625,118,1,1,1787954038611302487,1787954038597981450,5615696110726,5615696138726,72,0,0
rx,626,23,1,1,1787954038613501524,1787954038613092598,5615698309541,0,0,0,0
tx,626,127,1,1,1787954038621082283,1787954038613092598,5615705890578,5615705918874,72,0,0
rx,627,24,1,1,1787954038627760802,1787954038627661469,5615712568819,0,0,0,0
tx,627,136,1,1,1787954038631026876,1787954038627661469,5615715835134,5615715865652,72,0,0
tx,627,146,1,1,1787954038641935913,1787954038627661469,5615726744152,5615726771300,72,0,0
rx,628,25,1,1,1787954038643051728,1787954038642641487,5615727859726,0,0,0,0
tx,628,155,1,1,1787954038651725394,1787954038642641487,5615736533652,5615736568022,72,0,0
rx,629,26,1,1,1787954038658331857,1787954038657996191,5615743139856,0,0,0,0
tx,629,164,1,1,1787954038661587080,1787954038657996191,5615746395337,5615746426800,72,0,0
tx,629,173,1,1,1787954038671485691,1787954038657996191,5615756293930,5615756323874,72,0,0
rx,630,27,1,1,1787954038673699839,1787954038672947654,5615758507837,0,0,0,0
tx,630,182,1,1,1787954038681295357,1787954038672947654,5615766103596,5615766133708,72,0,0
rx,631,28,1,1,1787954038687921209,1787954038687752283,5615772729208,0,0,0,0
tx,631,191,1,1,1787954038691177968,1787954038687752283,5615775986226,5615776056411,72,0,0
tx,631,200,1,1,1787954038701056820,1787954038687752283,5615785865078,5615785897467,72,0,0
rx,632,29,1,1,1787954038703249450,1787954038702988098,5615788057374,0,0,0,0
tx,632,9,1,1,1787954038711941154,1787954038702988098,5615796749430,5615796778319,72,0,0
rx,633,30,1,1,1787954038718535024,1787954038717852320,5615803343022,0,0,0,0
tx,633,18,1,1,1787954038721800209,1787954038717852320,5615806608467,5615806636893,72,0,0
tx,633,27,1,1,1787954038731649005,1787954038717852320,5615816457522,5615816484596,72,0,0
rx,634,31,1,1,1787954038733883950,1787954038732869043,5615818691930,0,0,0,0
tx,634,36,1,1,1787954038741479135,1787954038732869043,5615826287393,5615826315467,72,0,0
rx,635,32,1,1,1787954038749207468,1787954038748210302,5615834015467,0,0,0,0
tx,635,45,1,1,1787954038751385635,1787954038748210302,5615836193911,5615836226374,72,0,0
tx,635,54,1,1,1787954038761227005,1787954038748210302,5615846035263,5615846061911,72,0,0
rx,636,33,1,1,1787954038763418987,1787954038762720413,5615848226985,0,0,0,0
tx,636,63,1,1,1787954038771015672,1787954038762720413,5615855823930,5615855855485,72,0,0
rx,637,34,1,1,1787954038780906709,1787954038780229802,5615865714726,0,0,0,0
tx,637,73,1,1,1787954038781993283,1787954038780229802,5615866801522,5615866833078,72,0,0
tx,637,82,1,1,1787954038791834339,1787954038780229802,5615876642596,5615876673300,72,0,0
rx,638,35,1,1,1787954038792955357,1787954038792767320,5615877763374,0,0,0,0
tx,638,91,1,1,1787954038801627191,1787954038792767320,5615886435430,5615886466393,72,0,0
rx,639,36,1,1,1787954038808220987,1787954038807924765,5615893029004,0,0,0,0
tx,639,100,1,1,1787954038811479413,1787954038807924765,5615896287670,5615896315689,72,0,0
tx,639,109,1,1,1787954038821315394,1787954038807924765,5615906123652,5615906150707,72,0,0
rx,640,37,1,1,1787954038823519968,1787954038823252913,5615908327985,0,0,0,0
tx,640,118,1,1,1787954038831116320,1787954038823252913,5615915924578,5615915954282,72,0,0
rx,641,38,1,1,1787954038838816376,1787954038837916098,5615923624374,0,0,0,0
tx,641,128,1,1,1787954038842085376,1787954038837916098,5615926893615,5615926921096,72,0,0
rx,642,39,1,1,1787954038853008320,1787954038852673561,5615937816337,0,0,0,0
tx,642,138,1,1,1787954038853017042,1787954038852673561,5615937825319,5615937863356,72,0,0
tx,642,147,1,1,1787954038862916820,1787954038852673561,5615947725078,5615947763096,72,0,0
rx,643,40,1,1,1787954038868432728,1787954038867586487,5615953240726,0,0,0,0
tx,643,156,1,1,1787954038872779228,1787954038867586487,5615957587485,5615957622893,72,0,0
tx,643,165,1,1,1787954038882664431,1787954038867586487,5615967472689,5615967501041,72,0,0
rx,644,41,1,1,1787954038883781876,1787954038883117746,5615968589893,0,0,0,0
tx,644,174,1,1,1787954038892519968,1787954038883117746,5615977328226,5615977357615,72,0,0
rx,645,42,1,1,1787954038899123191,1787954038898091228,5615983931207,0,0,0,0
tx,645,183,1,1,1787954038902376487,1787954038898091228,5615987184744,5615987220300,72,0,0
tx,645,192,1,1,1787954038912250913,1787954038898091228,5615997059170,5615997114467,72,0,0
rx,646,43,1,1,1787954038913395505,1787954038912671098,5615998203522,0,0,0,0
tx,646,0,1,1,1787954038922070728,1787954038912671098,5616006878967,5616006908689,72,0,0
rx,647,44,1,1,1787954038928764839,1787954038928677616,5616013572800,0,0,0,0
tx,647,9,1,1,1787954038932017728,1787954038928677616,5616016826022,5616016855726,72,0,0
rx,648,45,1,1,1787954038942955413,1787954038942840228,5616027763430,0,0,0,0
tx,648,19,1,1,1787954038942963394,1787954038942840228,5616027771652,5616027801022,72,0,0
tx,648,28,1,1,1787954038952810691,1787954038942840228,5616037618930,5616037651652,72,0,0
rx,649,46,1,1,1787954038959346987,1787954038958706561,5616044154948,0,0,0,0
tx,649,37,1,1,1787954038962605857,1787954038958706561,5616047414096,5616047441689,72,0,0
tx,649,46,1,1,1787954038972488228,1787954038958706561,5616057296485,5616057325800,72,0,0
rx,650,47,1,1,1787954038973614579,1787954038973097598,5616058422596,0,0,0,0
tx,650,55,1,1,1787954038982298542,1787954038973097598,5616067107004,5616067138244,72,0,0
rx,651,48,1,1,1787954038988899246,1787954038988064783,5616073707226,0,0,0,0
tx,651,64,1,1,1787954038992150894,1787954038988064783,5616076959133,5616076988059,72,0,0
rx,652,49,1,1,1787954039003069672,1787954039002857987,5616087877670,0,0,0,0
tx,652,74,1,1,1787954039003078005,1787954039002857987,5616087886263,5616087918781,72,0,0
tx,652,84,1,1,1787954039014000950,1787954039002857987,5616098809207,5616098835633,72,0,0
rx,653,50,1,1,1787954039018363135,1787954039017894987,5616103171152,0,0,0,0
tx,653,93,1,1,1787954039023765135,1787954039017894987,5616108573393,5616108603115,72,0,0
rx,654,51,1,1,1787954039033655061,1787954039033059468,5616118463059,0,0,0,0
tx,654,102,1,1,1787954039033666505,1787954039033059468,5616118474744,5616118503856,72,0,0
tx,654,111,1,1,1787954039043521153,1787954039033059468,5616128329393,5616128360115,72,0,0
rx,655,52,1,1,1787954039047934505,1787954039047831487,5616132742485,0,0,0,0
tx,655,120,1,1,1787954039053386320,1787954039047831487,5616138194578,5616138222818,72,0,0
rx,656,53,1,1,1787954039063248968,1787954039062672542,5616148056967,0,0,0,0
tx,656,129,1,1,1787954039063256876,1787954039062672542,5616148065133,5616148094041,72,0,0
tx,656,138,1,1,1787954039073116802,1787954039062672542,5616157925059,5616157953578,72,0,0
rx,657,54,1,1,1787954039079663709,1787954039078773802,5616164471707,0,0,0,0
tx,657,148,1,1,1787954039084015005,1787954039078773802,5616168823263,5616168852689,72,0,0
tx,657,158,1,1,1787954039094931876,1787954039078773802,5616179740170,5616179772022,72,0,0
rx,658,55,1,1,1787954039101474487,1787954039101081653,5616186282504,0,0,0,0
tx,658,167,1,1,1787954039104723394,1787954039101081653,5616189531652,5616189561355,72,0,0
rx,659,56,1,1,1787954039110239487,1787954039109185857,5616195047467,0,0,0,0
tx,659,176,1,1,1787954039114624968,1787954039109185857,5616199433207,5616199463763,72,0,0
rx,660,57,1,1,1787954039124472302,1787954039123574579,5616209280318,0,0,0,0
tx,660,185,1,1,1787954039124480487,1787954039123574579,5616209288744,5616209318448,72,0,0
tx,660,194,1,1,1787954039134312987,1787954039123574579,5616219121226,5616219147615,72,0,0
rx,661,58,1,1,1787954039139776357,1787954039139397283,5616224584226,0,0,0,0
tx,661,2,1,1,1787954039144110950,1787954039139397283,5616228919207,5616228947467,72,0,0
rx,662,59,1,1,1787954039152879209,1787954039152667431,5616237687207,0,0,0,0
tx,662,12,1,1,1787954039155058505,1787954039152667431,5616239866781,5616239899892,72,0,0
tx,662,22,1,1,1787954039165985505,1787954039152667431,5616250793744,5616250821411,72,0,0
rx,663,60,1,1,1787954039168220209,1787954039167694024,5616253028207,0,0,0,0
tx,663,31,1,1,1787954039175821116,1787954039167694024,5616260629355,5616260663930,72,0,0
rx,664,61,1,1,1787954039183551524,1787954039183353172,5616268359522,0,0,0,0
tx,664,40,1,1,1787954039185725042,1787954039183353172,5616270533318,5616270563430,72,0,0
tx,664,49,1,1,1787954039195604061,1787954039183353172,5616280412300,5616280443670,72,0,0
rx,665,62,1,1,1787954039198933783,1787954039197935931,5616283741763,0,0,0,0
tx,665,58,1,1,1787954039205412505,1787954039197935931,5616290220763,5616290250355,72,0,0
rx,666,63,1,1,1787954039213102542,1787954039212875690,5616297910541,0,0,0,0
tx,666,67,1,1,1787954039215254857,1787954039212875690,5616300063115,5616300091281,72,0,0
tx,666,76,1,1,1787954039225121301,1787954039212875690,5616309929559,5616309958633,72,0,0
rx,667,64,1,1,1787954039228409468,1787954039227361394,5616313217467,0,0,0,0
tx,667,86,1,1,1787954039235973190,1787954039227361394,5616320781448,5616320808263,72,0,0
tx,667,95,1,1,1787954039245780931,1787954039227361394,5616330589226,5616330618429,72,0,0
tx,667,104,1,1,1787954039255537505,1787954039227361394,5616340345763,5616340370059,72,0,0
tx,667,113,1,1,1787954039265281894,1787954039227361394,5616350090152,5616350114466,72,0,0
tx,667,122,1,1,1787954039275076061,1787954039227361394,5616359884300,5616359915170,72,0,0
tx,667,132,1,1,1787954039285905764,1787954039227361394,5616370714022,5616370738411,72,0,0
tx,667,141,1,1,1787954039295658801,1787954039227361394,5616380467152,5616380496133,72,0,0
tx,667,150,1,1,1787954039305428857,1787954039227361394,5616390237115,5616390261355,72,0,0
tx,667,159,1,1,1787954039315174727,1787954039227361394,5616399982966,5616400031411,72,0,0
tx,667,169,1,1,1787954039326035098,1787954039227361394,5616410843355,5616410870337,72,0,0
tx,667,179,1,1,1787954039336860616,1787954039227361394,5616421668874,5616421692892,72,0,0
tx,667,188,1,1,1787954039346658227,1787954039227361394,5616431466466,5616431496800,72,0,0
tx,667,197,1,1,1787954039356414783,1787954039227361394,5616441223022,5616441247466,72,0,0
tx,667,5,1,1,1787954039366154542,1787954039227361394,5616450962781,5616450987022,72,0,0
tx,667,15,1,1,1787954039376986931,1787954039227361394,5616461795189,5616461827448,72,0,0
tx,667,24,1,1,1787954039386757024,1787954039227361394,5616471565281,5616471589466,72,0,0
tx,667,33,1,1,1787954039396512375,1787954039227361394,5616481320633,5616481348337,72,0,0
tx,667,42,1,1,1787954039406258987,1787954039227361394,5616491067226,5616491092152,72,0,0
tx,667,52,1,1,1787954039417078561,1787954039227361394,5616501886818,5616501910522,72,0,0
tx,667,62,1,1,1787954039427893505,1787954039227361394,5616512701763,5616512728948,72,0,0
tx,667,71,1,1,1787954039437641653,1787954039227361394,5616522449911,5616522473781,72,0,0
tx,667,80,1,1,1787954039447388635,1787954039227361394,5616532196892,5616532223652,72,0,0
tx,667,89,1,1,1787954039457126949,1787954039227361394,5616541935207,5616541958689,72,0,0
tx,667,99,1,1,1787954039467948283,1787954039227361394,5616552756522,5616552780300,72,0,0
tx,667,108,1,1,1787954039477739931,1787954039227361394,5616562548411,5616562576503,72,0,0
tx,667,117,1,1,1787954039487484246,1787954039227361394,5616572292503,5616572316540,72,0,0
tx,667,126,1,1,1787954039497265264,1787954039227361394,5616582073540,5616582101226,72,0,0
tx,667,135,1,1,1787954039507012875,1787954039227361394,5616591821114,5616591845318,72,0,0
tx,667,145,1,1,1787954039517838709,1787954039227361394,5616602646948,5616602671392,72,0,0
tx,667,154,1,1,1787954039527597635,1787954039227361394,5616612405892,5616612432726,72,0,0
tx,667,163,1,1,1787954039537343542,1787954039227361394,5616622151800,5616622176448,72,0,0
tx,667,172,1,1,1787954039547083635,1787954039227361394,5616631891874,5616631916781,72,0,0
tx,667,182,1,1,1787954039557931264,1787954039227361394,5616642739503,5616642763522,72,0,0
tx,667,191,1,1,1787954039567668875,1787954039227361394,5616652477114,5616652500985,72,0,0
tx,667,200,1,1,1787954039577420468,1787954039227361394,5616662228726,5616662256651,72,0,0
tx,667,8,1,1,1787954039587162375,1787954039227361394,5616671970614,5616671994911,72,0,0
tx,667,18,1,1,1787954039597997246,1787954039227361394,5616682805485,5616682832003,72,0,0
tx,667,27,1,1,1787954039607744523,1787954039227361394,5616692552763,5616692577318,72,0,0
tx,667,36,1,1,1787954039617486061,1787954039227361394,5616702294300,5616702318263,72,0,0
tx,667,45,1,1,1787954039627229338,1787954039227361394,5616712037596,5616712064003,72,0,0
tx,667,55,1,1,1787954039638067727,1787954039227361394,5616722875985,5616722904170,72,0,0
tx,667,65,1,1,1787954039648903579,1787954039227361394,5616733711818,5616733736318,72,0,0
tx,667,74,1,1,1787954039658648005,1787954039227361394,5616743456263,5616743480633,72,0,0
tx,667,83,1,1,1787954039668389449,1787954039227361394,5616753197688,5616753222244,72,0,0
tx,667,92,1,1,1787954039678213005,1787954039227361394,5616763021244,5616763050559,72,0,0
tx,667,102,1,1,1787954039689040209,1787954039227361394,5616773848466,5616773872503,72,0,0
tx,667,112,1,1,1787954039699874672,1787954039227361394,5616784682911,5616784711003,72,0,0
tx,667,121,1,1,1787954039709630820,1787954039227361394,5616794439077,5616794463707,72,0,0
tx,667,130,1,1,1787954039719361746,1787954039227361394,5616804170003,5616804193985,72,0,0
tx,667,139,1,1,1787954039729120449,1787954039227361394,5616813928707,5616813955022,72,0,0
tx,667,149,1,1,1787954039739948912,1787954039227361394,5616824757170,5616824781040,72,0,0
tx,667,158,1,1,1787954039749710449,1787954039227361394,5616834518707,5616834545003,72,0,0
tx,667,167,1,1,1787954039759464690,1787954039227361394,5616844272948,5616844297003,72,0,0
tx,667,176,1,1,1787954039769210634,1787954039227361394,5616854018892,5616854042300,72,0,0
tx,667,186,1,1,1787954039780049153,1787954039227361394,5616864857392,5616864887466,72,0,0
tx,667,196,1,1,1787954039790902560,1787954039227361394,5616875710818,5616875737707,72,0,0
tx,667,4,1,1,1787954039800633320,1787954039227361394,5616885441559,5616885466744,72,0,0
tx,667,13,1,1,1787954039810371412,1787954039227361394,5616895179651,5616895202855,72,0,0
tx,667,22,1,1,1787954039820115634,1787954039227361394,5616904923892,5616904947355,72,0,0
tx,667,32,1,1,1787954039831010727,1787954039227361394,5616915818985,5616915846855,72,0,0
tx,667,41,1,1,1787954039840769171,1787954039227361394,5616925577448,5616925604096,72,0,0
tx,667,50,1,1,1787954039850473042,1787954039227361394,5616935281299,5616935305540,72,0,0
tx,667,59,1,1,1787954039860231042,1787954039227361394,5616945039299,5616945080188,72,0,0
tx,667,69,1,1,1787954039871084894,1787954039227361394,5616955893133,5616955917596,72,0,0
tx,667,79,1,1,1787954039881926079,1787954039227361394,5616966734336,5616966762874,72,0,0
tx,667,88,1,1,1787954039891684486,1787954039227361394,5616976492725,5616976527336,72,0,0
tx,667,97,1,1,1787954039901441505,1787954039227361394,5616986249744,5616986274133,72,0,0
tx,667,106,1,1,1787954039911222505,1787954039227361394,5616996030744,5616996055374,72,0,0
tx,667,116,1,1,1787954039922062023,1787954039227361394,5617006870281,5617006894966,72,0,0
tx,667,126,1,1,1787954039932916171,1787954039227361394,5617017724429,5617017750225,72,0,0
tx,667,135,1,1,1787954039942674986,1787954039227361394,5617027483225,5617027513725,72,0,0
tx,667,144,1,1,1787954039952484857,1787954039227361394,5617037293225,5617037321133,72,0,0
tx,667,153,1,1,1787954039962248875,1787954039227361394,5617047057114,5617047080818,72,0,0
tx,667,163,1,1,1787954039973083801,1787954039227361394,5617057892040,5617057915892,72,0,0
tx,667,173,1,1,1787954039983952931,1787954039227361394,5617068761170,5617068789744,72,0,0
tx,667,182,1,1,1787954039993724079,1787954039227361394,5617078532336,5617078560466,72,0,0
tx,667,191,1,1,1787954040003485190,1787954039227361394,5617088293429,5617088317429,72,0,0
tx,667,200,1,1,1787954040013240801,1787954039227361394,5617098049059,5617098072281,72,0,0
tx,667,9,1,1,1787954040024082320,1787954039227361394,5617108890559,5617108914781,72,0,0
tx,667,19,1,1,1787954040034934690,1787954039227361394,5617119742929,5617119769448,72,0,0
tx,667,28,1,1,1787954040044711042,1787954039227361394,5617129519299,5617129547077,72,0,0
tx,667,37,1,1,1787954040054471634,1787954039227361394,5617139279873,5617139304077,72,0,0
tx,667,46,1,1,1787954040064232005,1787954039227361394,5617149040262,5617149063929,72,0,0
tx,667,56,1,1,1787954040075071097,1787954039227361394,5617159879355,5617159903577,72,0,0
tx,667,66,1,1,1787954040085904060,1787954039227361394,5617170712318,5617170739077,72,0,0
tx,667,75,1,1,1787954040095701116,1787954039227361394,5617180509355,5617180560577,72,0,0
tx,667,84,1,1,1787954040105488931,1787954039227361394,5617190297170,5617190321003,72,0,0
tx,667,93,1,1,1787954040115246319,1787954039227361394,5617200054559,5617200078336,72,0,0
tx,667,103,1,1,1787954040126082227,1787954039227361394,5617210890466,5617210913577,72,0,0
tx,667,113,1,1,1787954040137004949,1787954039227361394,5617221813299,5617221844244,72,0,0
tx,667,122,1,1,1787954040146790523,1787954039227361394,5617231598762,5617231625003,72,0,0
tx,667,131,1,1,1787954040156548894,1787954039227361394,5617241357151,5617241381040,72,0,0
tx,667,140,1,1,1787954040166304449,1787954039227361394,5617251112688,5617251137133,72,0,0
tx,667,149,1,1,1787954040176077690,1787954039227361394,5617260885947,5617260913818,72,0,0
tx,667,159,1,1,1787954040186950412,1787954039227361394,5617271758725,5617271787984,72,0,0
tx,667,168,1,1,1787954040196712634,1787954039227361394,5617281520873,5617281545355,72,0,0
tx,667,177,1,1,1787954040206467801,1787954039227361394,5617291276059,5617291299577,72,0,0
tx,667,186,1,1,1787954040216223060,1787954039227361394,5617301031318,5617301054929,72,0,0
tx,667,196,1,1,1787954040227064486,1787954039227361394,5617311872744,5617311898281,72,0,0
tx,667,5,1,1,1787954040237901634,1787954039227361394,5617322709873,5617322734873,72,0,0
tx,667,14,1,1,1787954040247662838,1787954039227361394,5617332471077,5617332499170,72,0,0
tx,667,23,1,1,1787954040257428949,1787954039227361394,5617342237188,5617342261633,72,0,0
tx,667,32,1,1,1787954040267183634,1787954039227361394,5617351991873,5617352038873,72,0,0
tx,667,42,1,1,1787954040278056968,1787954039227361394,5617362865207,5617362895170,72,0,0
tx,667,52,1,1,1787954040288929653,1787954039227361394,5617373737910,5617373786855,72,0,0
tx,667,61,1,1,1787954040298719893,1787954039227361394,5617383528133,5617383554447,72,0,0
tx,667,70,1,1,1787954040308477005,1787954039227361394,5617393285244,5617393309021,72,0,0
tx,667,79,1,1,1787954040318232634,1787954039227361394,5617403040892,5617403064299,72,0,0
tx,667,89,1,1,1787954040329087893,1787954039227361394,5617413896133,5617413922262,72,0,0
tx,667,99,1,1,1787954040339941764,1787954039227361394,5617424750003,5617424776133,72,0,0
tx,667,108,1,1,1787954040349732134,1787954039227361394,5617434540392,5617434567151,72,0,0
tx,667,117,1,1,1787954040359494819,1787954039227361394,5617444303077,5617444326540,72,0,0
tx,667,126,1,1,1787954040369253616,1787954039227361394,5617454061873,5617454085781,72,0,0
tx,667,135,1,1,1787954040379079338,1787954039227361394,5617463887595,5617463917077,72,0,0
tx,667,145,1,1,1787954040389927912,1787954039227361394,5617474736170,5617474763781,72,0,0
tx,667,154,1,1,1787954040399688782,1787954039227361394,5617484497021,5617484520762,72,0,0
tx,667,163,1,1,1787954040409446116,1787954039227361394,5617494254355,5617494278188,72,0,0
tx,667,172,1,1,1787954040419235560,1787954039227361394,5617504043799,5617504067410,72,0,0
tx,667,181,1,1,1787954040429019912,1787954039227361394,5617513828170,5617513854373,72,0,0
tx,667,191,1,1,1787954040439874579,1787954039227361394,5617524682836,5617524711966,72,0,0
tx,667,200,1,1,1787954040449639412,1787954039227361394,5617534447651,5617534472336,72,0,0
tx,667,8,1,1,1787954040459405449,1787954039227361394,5617544213707,5617544237947,72,0,0
tx,667,17,1,1,1787954040469164597,1787954039227361394,5617553972836,5617553996669,72,0,0
tx,667,27,1,1,1787954040480018097,1787954039227361394,5617564826355,5617564855058,72,0,0
tx,667,37,1,1,1787954040490912319,1787954039227361394,5617575720558,5617575748947,72,0,0
tx,667,46,1,1,1787954040500675782,1787954039227361394,5617585484021,5617585508595,72,0,0
tx,667,55,1,1,1787954040510458893,1787954039227361394,5617595267132,5617595291114,72,0,0
tx,667,64,1,1,1787954040520216727,1787954039227361394,5617605024966,5617605049244,72,0,0
tx,667,73,1,1,1787954040530016616,1787954039227361394,5617614824855,5617614852651,72,0,0
tx,667,83,1,1,1787954040540874134,1787954039227361394,5617625682373,5617625710225,72,0,0
tx,667,92,1,1,1787954040550635486,1787954039227361394,5617635443744,5617635468095,72,0,0
tx,667,101,1,1,1787954040560395208,1787954039227361394,5617645203466,5617645227058,72,0,0
tx,667,110,1,1,1787954040570153338,1787954039227361394,5617654961595,5617654985040,72,0,0
tx,667,120,1,1,1787954040581022171,1787954039227361394,5617665830429,5617665858799,72,0,0
