 +0.0 elt    0 [0mimu  -1.8 Dt 4150 LtCy 2075 integ.govd   +0.00   +0.00 integ.vbp +0.00 +0.00 omni.gos X     +0.0 ,Y     -0.1. omgD -0.008 omg  +0.00 loop   5135
[0mBatt=23.4 [0m[33mODOM [31mVisionX  +0.00 Y  +0.00 theta   +0.0 elt    0 [0mimu  -1.8 Dt 4166 LtCy 2083 integ.govd   +0.00   +0.00 integ.vbp +0.00 +0.00 omni.gos X     -0.0 ,Y     -0.1. omgD -0.011 omg  +0.00 loop   5145
[0mBatt=23.4 [0m[33mODOM [31mVisionX  +0.00 Y  +0.00 theta   +0.0 elt    0 [0mimu  -1.8 Dt 4182 LtCy 2091 integ.govd   +0.00   +0.00 integ.vbp +0.00 +0.00 omni.gos X     +0.0 ,Y     -0.1. omgD -0.006 omg  +0.00 loop   5125
[0mBatt=23.4 [0m[33mODOM [31mVisionX  +0.00 Y  +0.00 theta   +0.0 elt    0 [0mimu  -1.8 Dt 4198 LtCy 2099 integ.govd   +0.00   +0.00 integ.vbp +0.00 +0.00 omni.gos X     -0.0 ,Y     -0.1. omgD -0.004 omg  +0.00 loop   5125
[0mBatt=23.4 [0m[33mODOM [31mVisionX  +0.00 Y  +0.00 theta   +0.0 elt    0 [0mimu  -1.8 Dt 4214 LtCy 2107 integ.govd   +0.00   +0.00 integ.vbp +0.00 +0.00 omni.gos X     -0.0 ,Y     -0.1. omgD -0.011 omg  +0.00 loop   5143
[0mBatt=23.4 [0m[33mODOM [31mVisionX  +0.00 Y  +0.00 theta   +0.0 elt    0 [0mimu  -1.8 Dt 4230 LtCy 2115 integ.govd   +0.00   +0.00 integ.vbp +0.00 +0.00 omni.gos X     -0.0 ,Y     -0.1. omgD -0.006 omg  +0.00 loop   5129
[0mBatt=23.4 [0m[33mODOM [31mVisionX  +0.00 Y  +0.00 theta   +0.0 elt    0 [0mimu  -1.8 Dt 4246 LtCy 2123 integ.govd   +0.00   +0.00 integ.vbp +0.00 +0.00 omni.gos X     -0.0 ,Y     -0.1. omgD -0.006 omg  +0.00 loop   5112
[0mBatt=23.4 [0m[33mODOM [31mVisionX  +0.00 Y  +0.00 theta   +0.0 elt    0 [0mimu  -1.8 Dt 4262 LtCy 2131 integ.govd   +0.00   +0.00 integ.vbp +0.00 +0.00 omni.gos X     -0.0 ,Y     -0.2. omgD -0.013 omg  +0.00 loop   5141
[0mBatt=23.4 [0m[33mODOM [31mVisionX  +0.00 Y  +0.00 theta   +0.0 elt    0 [0mimu  -1.8 Dt 4278 LtCy 2139 integ.govd   +0.00   +0.00 integ.vbp +0.00 +0.00 omni.gos X     +0.0 ,Y     -0.1. omgD -0.004 omg  +0.00 loop   5136
[0mBatt=23.4 [0m[33mODOM [31mVisionX  +0.00 Y  +0.00 theta   +0.0 elt    0 [0mimu  -1.8 Dt 4294 LtCy 2147 integ.govd   +0.00   +0.00 integ.vbp +0.00 +0.00 omni.gos X     -0.0 ,Y     -0.1. omgD -0.008 omg  +0.00 loop   5094
[0mBatt=23.4 [0m[33mODOM [31mVisionX  +0.00 Y  +0.00 theta   +0.0 elt    0 [0mimu  -1.8 Dt 4310 LtCy 2155 integ.govd   +0.00   +0.00 integ.vbp +0.00 +0.00 omni.gos X     +0.0 ,Y     -0.1. omgD -0.008 omg  +0.00 loop   5134
[0mBatt=23.4 [0m[33mODOM [31mVisionX  +0.00 Y  +0.00 theta   +0.0 elt    0 [0mimu  -1.8 Dt 4326 LtCy 2163 integ.govd   +0.00   +0.00 integ.vbp +0.00 +0.00 omni.gos X     +0.0 ,Y     -0.1. omgD -0.008 omg  +0.00 loop   5149
[0mBatt=23.4 [0m[33mODOM [31mVisionX  +0.00 Y  +0.00 theta   +0.0 elt    0 [0mimu  -1.8 Dt 4342 LtCy 2171 integ.govd   +0.00   +0.00 integ.vbp +0.00 +0.00 omni.gos X     +0.0 ,Y     -0.1. omgD -0.008 omg  +0.00 loop   5127
[0mBatt=23.4 [0m[33mODOM [31mVisionX  +0.00 Y  +0.00 theta   +0.0 elt    0 [0mimu  -1.8 Dt 4358 LtCy 2179 integ.govd   +0.00   +0.00 integ.vbp +0.00 +0.00 omni.gos X     -0.0 ,Y     -0.1. omgD -0.008 omg  +0.00 loop   5130
[0mBatt=23.4 [0m[33mODOM [31mVisionX  +0.00 Y  +0.00 theta   +0.0 elt    0 [0mimu  -1.8 Dt 4374 LtCy 2187 integ.govd   +0.00   +0.00 integ.vbp +0.00 +0.00 omni.gos X     -0.0 ,Y     -0.1. omgD -0.008 omg  +0.00 loop   5141
[0mBatt=23.4 [0m[33mODOM [31mVisionX  +0.00 Y  +0.00 theta   +0.0 elt    0 [0mimu  -1.8 Dt 4390 LtCy 2195 integ.govd   +0.00   +0.00 integ.vbp +0.00 +0.00 omni.gos X     +0.0 ,Y     -0.2. omgD -0.013 omg  +0.00 loop   5127
[0mBatt=23.4 [0m[33mODOM [31mVisionX  +0.00 Y  +0.00 theta   +0.0 elt    0 [0mimu  -1.9 Dt 4406 LtCy 2203 integ.govd   +0.00   +0.00 integ.vbp +0.00 +0.00 omni.gos X     -0.0 ,Y     -0.1. omgD -0.008 omg  +0.00 loop   5131
[0mBatt=23.4 [0m[33mODOM [31mVisionX  +0.00 Y  +0.00 theta   +0.0 elt    0 [0mimu  -1.9 Dt 4422 LtCy 2211 integ.govd   +0.00   +0.00 integ.vbp +0.00 +0.00 omni.gos X     +0.0 ,Y     -0.1. omgD -0.004 omg  +0.00 loop   5139
[0mBatt=23.4 [0m[33mODOM [31mVisionX  +0.00 Y  +0.00 theta   +0.0 elt    0 [0mimu  -1.9 Dt 4438 LtCy 2219 integ.govd   +0.00   +0.00 integ.vbp +0.00 +0.00 omni.gos X     -0.0 ,Y     -0.1. omgD -0.008 omg  +0.00 loop   5149
[0mBatt=23.4 [0m[33mODOM [31mVisionX  +0.00 Y  +0.00 theta   +0.0 elt    0 [0mimu  -1.9 Dt 4454 LtCy 2227 integ.govd   +0.00   +0.00 integ.vbp +0.00 +0.00 omni.gos X     +0.0 ,Y     -0.1. omgD -0.004 omg  +0.00 loop   5113
[0mBatt=23.4 [0m[33mODOM [31mVisionX  +0.00 Y  +0.00 theta   +0.0 elt    0 [0mimu  -1.9 Dt 4470 LtCy 2235 integ.govd   +0.00   +0.00 integ.vbp +0.00 +0.00 omni.gos X     -0.0 ,Y     -0.1. omgD -0.008 omg  +0.00 loop   5151
[0mBatt=23.4 [0m[33mODOM [31mVisionX  +0.00 Y  +0.00 theta   +0.0 elt    0 [0mimu  -1.9 Dt 4486 LtCy 2243 integ.govd   +0.00   +0.00 integ.vbp +0.00 +0.00 omni.gos X     -0.0 ,Y     -0.1. omgD -0.008 omg  +0.00 loop   5156
[0mBatt=23.4 [0m[33mODOM [31mVisionX  +0.00 Y  +0.00 theta   +0.0 elt    0 [0mimu  -1.9 Dt 4502 LtCy 2251 integ.govd   +0.00   +0.00 integ.vbp +0.00 +0.00 omni.gos X     +0.0 ,Y     -0.1. omgD -0.004 omg  +0.00 loop   5122
[0mBatt=23.4 [0m[33mODOM [31mVisionX  +0.00 Y  +0.00 theta   +0.0 elt    0 [0mimu  -1.9 Dt 4518 LtCy 2259 integ.govd   +0.00   +0.00 integ.vbp +0.00 +0.00 omni.gos X     +0.0 ,Y     -0.1. omgD -0.004 omg  +0.00 loop   5139
[0mBatt=23.4 [0m[33mODOM [31mVisionX  +0.00 Y  +0.00 theta   +0.0 elt    0 [0mimu  -1.9 Dt 4534 LtCy 2267 integ.govd   +0.00   +0.00 integ.vbp +0.00 +0.00 omni.gos X     +0.0 ,Y     -0.1. omgD -0.008 omg  +0.00 loop   5148
[0mBatt=23.4 [0m[33mODOM [31mVisionX  +0.00 Y  +0.00 theta   +0.0 elt    0 [0mimu  -1.9 Dt 4550 LtCy 2275 integ.govd   +0.00   +0.00 integ.vbp +0.00 +0.00 omni.gos X     -0.0 ,Y     -0.1. omgD -0.008 omg  +0.00 loop   5141
[0mBatt=23.4 [0m[33mODOM [31mVisionX  +0.00 Y  +0.00 theta   +0.0 elt    0 [0mimu  -1.9 Dt 4566 LtCy 2283 integ.govd   +0.00   +0.00 integ.vbp +0.00 +0.00 omni.gos X     +0.0 ,Y     -0.1. omgD -0.008 omg  +0.00 loop   5133
[0mBatt=23.4 [0m[33mODOM [31mVisionX  +0.00 Y  +0.00 theta   +0.0 elt    0 [0mimu  -1.9 Dt 4582 LtCy 2291 integ.govd   +0.00   +0.00 integ.vbp +0.00 +0.00 omni.gos X     +0.0 ,Y     -0.1. omgD -0.004 omg  +0.00 loop   5156
[0mBatt=23.4 [0m[33mODOM [31mVisionX  +0.00 Y  +0.00 theta   +0.0 elt    0 [0mimu  -1.9 Dt 4598 LtCy 2299 integ.govd   +0.00   +0.00 integ.vbp +0.00 +0.00 omni.gos X     +0.0 ,Y     -0.1. omgD -0.008 omg  +0.00 loop   5159
[0mBatt=23.4 [0m[33mODOM [31mVisionX  +0.00 Y  +0.00 theta   +0.0 elt    0 [0mimu  -1.9 Dt 4614 LtCy 2307 integ.govd   +0.00   +0.00 integ.vbp +0.00 +0.00 omni.gos X     +0.0 ,Y     -0.1. omgD -0.004 omg  +0.00 loop   5123
[0mBatt=23.4 [0m[33mODOM [31mVisionX  +0.00 Y  +0.00 theta   +0.0 elt    0 [0mimu  -1.9 Dt 4630 LtCy 2315 integ.govd   +0.00   +0.00 integ.vbp +0.00 +0.00 omni.gos X     +0.0 ,Y     -0.1. omgD -0.008 omg  +0.00 loop   5170
[0mBatt=23.4 [0m[33mODOM [31mVisionX  +0.00 Y  +0.00 theta   +0.0 elt    0 [0mimu  -1.9 Dt 4646 LtCy 2323 integ.govd   +0.00   +0.00 integ.vbp +0.00 +0.00 omni.gos X     +0.0 ,Y     -0.1. omgD -0.008 omg  +0.00 loop   5148
[0mBatt=23.4 [0m[33mODOM [31mVisionX  +0.00 Y  +0.00 theta   +0.0 elt    0 [0mimu  -1.9 Dt 4662 LtCy 2331 integ.govd   +0.00   +0.00 integ.vbp +0.00 +0.00 omni.gos X     -0.0 ,Y     -0.1. omgD -0.008 omg  +0.00 loop   5130
[0mBatt=23.4 [0m[33mODOM [31mVisionX  +0.00 Y  +0.00 theta   +0.0 elt    0 [0mimu  -1.9 Dt 4678 LtCy 2339 integ.govd   +0.00   +0.00 integ.vbp +0.00 +0.00 omni.gos X     +0.0 ,Y     -0.2. omgD -0.013 omg  +0.00 loop   5132
[0mBatt=23.4 [0m[33mODOM [31mVisionX  +0.00 Y  +0.00 theta   +0.0 elt    0 [0mimu  -1.9 Dt 4694 LtCy 2347 integ.govd   +0.00   +0.00 integ.vbp +0.00 +0.00 omni.gos X     +0.0 ,Y     -0.2. omgD -0.013 omg  +0.00 loop   5153
[0mBatt=23.4 [0m[33mODOM [31mVisionX  +0.00 Y  +0.00 theta   +0.0 elt    0 [0mimu  -1.9 Dt 4710 LtCy 2355 integ.govd   +0.00   +0.00 integ.vbp +0.00 +0.00 omni.gos X     +0.0 ,Y     +0.0. omgD +0.000 omg  +0.00 loop   5124
[0mBatt=23.4 [0m[33mODOM [31mVisionX  +0.00 Y  +0.00 theta   +0.0 elt    0 [0mimu  -1.9 Dt 4726 LtCy 2363 integ.govd   +0.00   +0.00 integ.vbp +0.00 +0.00 omni.gos X     -0.0 ,Y     -0.2. omgD -0.017 omg  +0.00 loop   5146
[0mBatt=23.4 [0m[33mODOM [31mVisionX  +0.00 Y  +0.00 theta   +0.0 elt    0 [0mimu  -1.9 Dt 4742 LtCy 2371 integ.govd   +0.00   +0.00 integ.vbp +0.00 +0.00 omni.gos X     -0.0 ,Y     -0.1. omgD -0.008 omg  +0.00 loop   5142
[0mBatt=23.4 [0m[33mODOM [31mVisionX  +0.00 Y  +0.00 theta   +0.0 elt    0 [0mimu  -1.9 Dt 4758 LtCy 2379 integ.govd   +0.00   +0.00 integ.vbp +0.00 +0.00 omni.gos X     +0.0 ,Y     -0.2. omgD -0.013 omg  +0.00 loop   5127
[0mBatt=23.4 [0m[33mODOM [31mVisionX  +0.00 Y  +0.00 theta   +0.0 elt    0 [0mimu  -1.9 Dt 4774 LtCy 2387 integ.govd   +0.00   +0.00 integ.vbp +0.00 +0.00 omni.gos X     +0.0 ,Y     -0.1. omgD -0.004 omg  +0.00 loop   5131
[0mBatt=23.4 [0m[33mODOM [31mVisionX  +0.00 Y  +0.00 theta   +0.0 elt    0 [0mimu  -1.9 Dt 4790 LtCy 2395 integ.govd   +0.00   +0.00 integ.vbp +0.00 +0.00 omni.gos X     +0.0 ,Y     -0.1. omgD -0.004 omg  +0.00 loop   5139
[0mBatt=23.4 [0m[33mODOM [31mVisionX  +0.00 Y  +0.00 theta   +0.0 elt    0 [0mimu  -1.9 Dt 4806 LtCy 2403 integ.govd   +0.00   +0.00 integ.vbp +0.00 +0.00 omni.gos X     +0.0 ,Y     -0.1. omgD -0.008 omg  +0.00 loop   5151
[0mBatt=23.4 [0m[33mODOM [31mVisionX  +0.00 Y  +0.00 theta   +0.0 elt    0 [0mimu  -1.9 Dt 4822 LtCy 2411 integ.govd   +0.00   +0.00 integ.vbp +0.00 +0.00 omni.gos X     +0.0 ,Y     -0.1. omgD -0.008 omg  +0.00 loop   5109
[0mBatt=23.4 [0m[33mODOM [31mVisionX  +0.00 Y  +0.00 theta   +0.0 elt    0 [0mimu  -1.9 Dt 4838 LtCy 2419 integ.govd   +0.00   +0.00 integ.vbp +0.00 +0.00 omni.gos X     +0.0 ,Y     +0.0. omgD +0.000 omg  +0.00 loop   5151
[0mBatt=23.4 [0m[33mODOM [31mVisionX  +0.00 Y  +0.00 theta   +0.0 elt    0 [0mimu  -1.9 Dt 4854 LtCy 2427 integ.govd   +0.00   +0.00 integ.vbp +0.00 +0.00 omni.gos X     -0.0 ,Y     -0.1. omgD -0.008 omg  +0.00 loop   5154
[0mBatt=23.4 [0m[33mODOM [31mVisionX  +0.00 Y  +0.00 theta   +0.0 elt    0 [0mimu  -1.9 Dt 4870 LtCy 2435 integ.govd   +0.00   +0.00 integ.vbp +0.00 +0.00 omni.gos X     -0.0 ,Y     -0.2. omgD -0.013 omg  +0.00 loop   5113
[0mBatt=23.4 [0m[33mODOM [31mVisionX  +0.00 Y  +0.00 theta   +0.0 elt    0 [0mimu  -1.9 Dt 4886 LtCy 2443 integ.govd   +0.00   +0.00 integ.vbp +0.00 +0.00 omni.gos X     -0.0 ,Y     -0.1. omgD -0.008 omg  +0.00 loop   5141
[0mBatt=23.4 [0m[33mODOM [31mVisionX  +0.00 Y  +0.00 theta   +0.0 elt    0 [0mimu  -1.9 Dt 4902 LtCy 2451 integ.govd   +0.00   +0.00 integ.vbp +0.00 +0.00 omni.gos X     -0.0 ,Y     -0.1. omgD -0.008 omg  +0.00 loop   5129
[0mBatt=23.4 [0m[33mODOM [31mVisionX  +0.00 Y  +0.00 theta   +0.0 elt    0 [0mimu  -1.9 Dt 4918 LtCy 2459 integ.govd   +0.00   +0.00 integ.vbp +0.00 +0.00 omni.gos X     +0.0 ,Y     +0.0. omgD +0.000 omg  +0.00 loop   5125
[0mBatt=23.4 [0m[33mODOM [31mVisionX  +0.00 Y  +0.00 theta   +0.0 elt    0 [0mimu  -1.9 Dt 4934 LtCy 2467 integ.govd   +0.00   +0.00 integ.vbp +0.00 +0.00 omni.gos X     +0.0 ,Y     -0.1. omgD -0.004 omg  +0.00 loop   5133
[0mBatt=23.4 [0m[33mODOM [31mVisionX  +0.00 Y  +0.00 theta   +0.0 elt    0 [0mimu  -1.9 Dt 4950 LtCy 2475 integ.govd   +0.00   +0.00 integ.vbp +0.00 +0.00 omni.gos X     -0.0 ,Y     -0.1. omgD -0.008 omg  +0.00 loop   5148
[0mBatt=23.4 [0m[33mODOM [31mVisionX  +0.00 Y  +0.00 theta   +0.0 elt    0 [0mimu  -1.9 Dt 4966 LtCy 2483 integ.govd   +0.00   +0.00 integ.vbp +0.00 +0.00 omni.gos X     -0.0 ,Y     -0.1. omgD -0.008 omg  +0.00 loop   5127
[0mBatt=23.4 [0m[33mODOM [31mVisionX  +0.00 Y  +0.00 theta   +0.0 elt    0 [0mimu  -1.9 Dt 4982 LtCy 2491 integ.govd   +0.00   +0.00 integ.vbp +0.00 +0.00 omni.gos X     -0.0 ,Y     -0.1. omgD -0.004 omg  +0.00 loop   5117
[0mBatt=23.4 [0m[33mODOM [31mVisionX  +0.00 Y  +0.00 theta   +0.0 elt    0 [0mimu  -1.9 Dt 4998 LtCy 2499 integ.govd   +0.00   +0.00 integ.vbp +0.00 +0.00 omni.gos X     -0.0 ,Y     -0.2. omgD -0.013 omg  +0.00 loop   5145
[0mBatt=23.4 [0m[33mODOM [31mVisionX  +0.00 Y  +0.00 theta   +0.0 elt    0 [0mimu  -1.9 Dt 5014 LtCy 2507 integ.govd   +0.00   +0.00 integ.vbp +0.00 +0.00 omni.gos X     +0.0 ,Y     -0.1. omgD -0.004 omg  +0.00 loop   5135
[0mBatt=23.4 [0m[33mODOM [31mVisionX  +0.00 Y  +0.00 theta   +0.0 elt    0 [0mimu  -1.9 Dt 5030 LtCy 2515 integ.govd   +0.00   +0.00 integ.vbp +0.00 +0.00 omni.gos X     +0.0 ,Y     -0.1. omgD -0.008 omg  +0.00 loop   5118
[0mBatt=23.4 [0m[33mODOM [31mVisionX  +0.00 Y  +0.00 theta   +0.0 elt    0 [0mimu  -1.9 Dt 5046 LtCy 2523 integ.govd   +0.00   +0.00 integ.vbp +0.00 +0.00 omni.gos X     +0.0 ,Y     -0.1. omgD -0.004 omg  +0.00 loop   5143
[0mBatt=23.4 [0m[33mODOM [31mVisionX  +0.00 Y  +0.00 theta   +0.0 elt    0 [0mimu  -1.9 Dt 5062 LtCy 2531 integ.govd   +0.00   +0.00 integ.vbp +0.00 +0.00 omni.gos X     +0.0 ,Y     -0.1. omgD -0.004 omg  +0.00 loop   5144
[0mBatt=23.4 [0m[33mODOM [31mVisionX  +0.00 Y  +0.00 theta   +0.0 elt    0 [0mimu  -1.9 Dt 5078 LtCy 2539 integ.govd   +0.00   +0.00 integ.vbp +0.00 +0.00 omni.gos X     +0.0 ,Y     +0.0. omgD +0.000 omg  +0.00 loop   5116
[0mBatt=23.4 [0m[33mODOM [31mVisionX  +0.00 Y  +0.00 theta   +0.0 elt    0 [0mimu  -1.9 Dt 5094 LtCy 2547 integ.govd   +0.00   +0.00 integ.vbp +0.00 +0.00 omni.gos X     +0.0 ,Y     +0.1. omgD +0.004 omg  +0.00 loop   5152
[0mBatt=23.4 [0m[33mODOM [31mVisionX  +0.00 Y  +0.00 theta   +0.0 elt    0 [0mimu  -1.9 Dt 5102 LtCy 2551 integ.govd   +0.00   +0.00 integ.vbp +0.00 +0.00 omni.gos X     -0.0 ,Y     -0.1. omgD -0.008 omg  +0.00 loop   2490
[0mBatt=23.4 [0m[33mODOM [31mVisionX  +0.00 Y  +0.00 theta   +0.0 elt    0 [0mimu  -1.9 Dt 5118 LtCy 2559 integ.govd   +0.00   +0.00 integ.vbp +0.00 +0.00 omni.gos X     -0.0 ,Y     -0.2. omgD -0.013 omg  +0.00 loop   5133
[0mBatt=23.4 [0m[33mODOM [31mVisionX  +0.00 Y  +0.00 theta   +0.0 elt    0 [0mimu  -1.9 Dt 5134 LtCy 2567 integ.govd   +0.00   +0.00 integ.vbp +0.00 +0.00 omni.gos X     +0.0 ,Y     -0.1. omgD -0.004 omg  +0.00 loop   5107
[0mBatt=23.4 [0m[33mODOM [31mVisionX  +0.00 Y  +0.00 theta   +0.0 elt    0 [0mimu  -1.9 Dt 5150 LtCy 2575 integ.govd   +0.00   +0.00 integ.vbp +0.00 +0.00 omni.gos X     -0.0 ,Y     -0.1. omgD -0.008 omg  +0.00 loop   5144
[0mBatt=23.4 [0m[33mODOM [31mVisionX  +0.00 Y  +0.00 theta   +0.0 elt    0 [0mimu  -1.9 Dt 5166 LtCy 2583 integ.govd   +0.00   +0.00 integ.vbp +0.00 +0.00 omni.gos X     +0.0 ,Y     -0.1. omgD -0.004 omg  +0.00 loop   5135
[0mBatt=23.4 [0m[33mODOM [31mVisionX  +0.00 Y  +0.00 theta   +0.0 elt    0 [0mimu  -1.9 Dt 5182 LtCy 2591 integ.govd   +0.00   +0.00 integ.vbp +0.00 +0.00 omni.gos X     -0.0 ,Y     -0.1. omgD -0.008 omg  +0.00 loop   5128
[0mBatt=23.4 [0m[33mODOM [31mVisionX  +0.00 Y  +0.00 theta   +0.0 elt    0 [0mimu  -1.9 Dt 5198 LtCy 2599 integ.govd   +0.00   +0.00 integ.vbp +0.00 +0.00 omni.gos X     -0.0 ,Y     -0.2. omgD -0.013 omg  +0.00 loop   5123
[0mBatt=23.4 [0m[33mODOM [31mVisionX  +0.00 Y  +0.00 theta   +0.0 elt    0 [0mimu  -1.9 Dt 5214 LtCy 2607 integ.govd   +0.00   +0.00 integ.vbp +0.00 +0.00 omni.gos X     -0.0 ,Y     -0.1. omgD -0.008 omg  +0.00 loop   5137
[0mBatt=23.4 [0m[33mODOM [31mVisionX  +0.00 Y  +0.00 theta   +0.0 elt    0 [0mimu  -1.9 Dt 5230 LtCy 2615 integ.govd   +0.00   +0.00 integ.vbp +0.00 +0.00 omni.gos X     +0.0 ,Y     +0.0. omgD +0.000 omg  +0.00 loop   5120
[0mBatt=23.4 [0m[33mODOM [31mVisionX  +0.00 Y  +0.00 theta   +0.0 elt    0 [0mimu  -1.9 Dt 5246 LtCy 2623 integ.govd   +0.00   +0.00 integ.vbp +0.00 +0.00 omni.gos X     +0.0 ,Y     +0.0. omgD +0.000 omg  +0.00 loop   5130
[0mBatt=23.4 [0m[33mODOM [31mVisionX  +0.00 Y  +0.00 theta   +0.0 elt    0 [0mimu  -1.9 Dt 5262 LtCy 2631 integ.govd   +0.00   +0.00 integ.vbp +0.00 +0.00 omni.gos X     +0.0 ,Y     -0.1. omgD -0.004 omg  +0.00 loop   5149
[0mBatt=23.4 [0m[33mODOM [31mVisionX  +0.00 Y  +0.00 theta   +0.0 elt    0 [0mimu  -1.9 Dt 5278 LtCy 2639 integ.govd   +0.00   +0.00 integ.vbp +0.00 +0.00 omni.gos X     +0.0 ,Y     -0.1. omgD -0.008 omg  +0.00 loop   5139
[0mBatt=23.4 [0m[33mODOM [31mVisionX  +0.00 Y  +0.00 theta   +0.0 elt    0 [0mimu  -1.9 Dt 5294 LtCy 2647 integ.govd   +0.00   +0.00 integ.vbp +0.00 +0.00 omni.gos X     +0.0 ,Y     -0.1. omgD -0.004 omg  +0.00 loop   5119
[0mBatt=23.4 [0m[33mODOM [31mVisionX  +0.00 Y  +0.00 theta   +0.0 elt    0 [0mimu  -1.9 Dt 5310 LtCy 2655 integ.govd   +0.00   +0.00 integ.vbp +0.00 +0.00 omni.gos X     -0.0 ,Y     -0.2. omgD -0.013 omg  +0.00 loop   5137
[0mBatt=23.4 [0m[33mODOM [31mVisionX  +0.00 Y  +0.00 theta   +0.0 elt    0 [0mimu  -1.9 Dt 5326 LtCy 2663 integ.govd   +0.00   +0.00 integ.vbp +0.00 +0.00 omni.gos X     -0.0 ,Y     -0.2. omgD -0.013 omg  +0.00 loop   5143
[0mBatt=23.4 [0m[33mODOM [31mVisionX  +0.00 Y  +0.00 theta   +0.0 elt    0 [0mimu  -1.9 Dt 5342 LtCy 2671 integ.govd   +0.00   +0.00 integ.vbp +0.00 +0.00 omni.gos X     +0.0 ,Y     -0.1. omgD -0.004 omg  +0.00 loop   5110
[0mBatt=23.4 [0m[33mODOM [31mVisionX  +0.00 Y  +0.00 theta   +0.0 elt    0 [0mimu  -1.9 Dt 5358 LtCy 2679 integ.govd   +0.00   +0.00 integ.vbp +0.00 +0.00 omni.gos X     +0.0 ,Y     -0.1. omgD -0.008 omg  +0.00 loop   5137
[0mBatt=23.4 [0m[33mODOM [31mVisionX  +0.00 Y  +0.00 theta   +0.0 elt    0 [0mimu  -1.9 Dt 5374 LtCy 2687 integ.govd   +0.00   +0.00 integ.vbp +0.00 +0.00 omni.gos X     -0.0 ,Y     -0.2. omgD -0.017 omg  +0.00 loop   5147
[0mBatt=23.4 [0m[33mODOM [31mVisionX  +0.00 Y  +0.00 theta   +0.0 elt    0 [0mimu  -1.9 Dt 5390 LtCy 2695 integ.govd   +0.00   +0.00 integ.vbp +0.00 +0.00 omni.gos X     -0.0 ,Y     -0.2. omgD -0.013 omg  +0.00 loop   5120
[0mBatt=23.4 [0m[33mODOM [31mVisionX  +0.00 Y  +0.00 theta   +0.0 elt    0 [0mimu  -1.9 Dt 5406 LtCy 2703 integ.govd   +0.00   +0.00 integ.vbp +0.00 +0.00 omni.gos X     +0.0 ,Y     -0.1. omgD -0.004 omg  +0.00 loop   5126
[0mBatt=23.4 [0m[33mODOM [31mVisionX  +0.00 Y  +0.00 theta   +0.0 elt    0 [0mimu  -1.9 Dt 5422 LtCy 2711 integ.govd   +0.00   +0.00 integ.vbp +0.00 +0.00 omni.gos X     +0.0 ,Y     +0.1. omgD +0.004 omg  +0.00 loop   5138
[0mBatt=23.4 [0m[33mODOM [31mVisionX  +0.00 Y  +0.00 theta   +0.0 elt    0 [0mimu  -1.9 Dt 5438 LtCy 2719 integ.govd   +0.00   +0.00 integ.vbp +0.00 +0.00 omni.gos X     -0.0 ,Y     -0.1. omgD -0.006 omg  +0.00 loop   5140
[0mBatt=23.4 [0m[33mODOM [31mVisionX  +0.00 Y  +0.00 theta   +0.0 elt    0 [0mimu  -1.9 Dt 5454 LtCy 2727 integ.govd   +0.00   +0.00 integ.vbp +0.00 +0.00 omni.gos X     -0.0 ,Y     -0.2. omgD -0.015 omg  +0.00 loop   5107
[0mBatt=23.4 [0m[33mODOM [31mVisionX  +0.00 Y  +0.00 theta   +0.0 elt    0 [0mimu  -1.9 Dt 5470 LtCy 2735 integ.govd   +0.00   +0.00 integ.vbp +0.00 +0.00 omni.gos X     -0.0 ,Y     -0.2. omgD -0.015 omg  +0.00 loop   5137
[0mBatt=23.4 [0m[33mODOM [31mVisionX  +0.00 Y  +0.00 theta   +0.0 elt    0 [0mimu  -1.9 Dt 5486 LtCy 2743 integ.govd   +0.00   +0.00 integ.vbp +0.00 +0.00 omni.gos X     -0.0 ,Y     -0.1. omgD -0.006 omg  +0.00 loop   5138
[0mBatt=23.4 [0m[33mODOM [31mVisionX  +0.00 Y  +0.00 theta   +0.0 elt    0 [0mimu  -1.9 Dt 5502 LtCy 2751 integ.govd   +0.00   +0.00 integ.vbp +0.00 +0.00 omni.gos X     +0.0 ,Y     +0.0. omgD +0.000 omg  +0.00 loop   5105
[0mBatt=23.4 [0m[33mODOM [31mVisionX  +0.00 Y  +0.00 theta   +0.0 elt    0 [0mimu  -1.9 Dt 5518 LtCy 2759 integ.govd   +0.00   +0.00 integ.vbp +0.00 +0.00 omni.gos X     +0.0 ,Y     -0.0. omgD -0.002 omg  +0.00 loop   5151
[0mBatt=23.4 [0m[33mODOM [31mVisionX  +0.00 Y  +0.00 theta   +0.0 elt    0 [0mimu  -1.9 Dt 5534 LtCy 2767 integ.govd   +0.00   +0.00 integ.vbp +0.00 +0.00 omni.gos X     +0.0 ,Y     -0.1. omgD -0.006 omg  +0.00 loop   5134
[0mBatt=23.4 [0m[33mODOM [31mVisionX  +0.00 Y  +0.00 theta   +0.0 elt    0 [0mimu  -1.9 Dt 5550 LtCy 2775 integ.govd   +0.00   +0.00 integ.vbp +0.00 +0.00 omni.gos X     -0.0 ,Y     -0.1. omgD -0.011 omg  +0.00 loop   5126
[0mBatt=23.4 [0m[33mODOM [31mVisionX  +0.00 Y  +0.00 theta   +0.0 elt    0 [0mimu  -1.9 Dt 5566 LtCy 2783 integ.govd   +0.00   +0.00 integ.vbp +0.00 +0.00 omni.gos X     +0.0 ,Y     -0.1. omgD -0.006 omg  +0.00 loop   5126
[0mBatt=23.4 [0m[33mODOM [31mVisionX  +0.00 Y  +0.00 theta   +0.0 elt    0 [0mimu  -1.9 Dt 5582 LtCy 2791 integ.govd   +0.00   +0.00 integ.vbp +0.00 +0.00 omni.gos X     +0.0 ,Y     -0.1. omgD -0.008 omg  +0.00 loop   5147
[0mBatt=23.4 [0m[33mODOM [31mVisionX  +0.00 Y  +0.00 theta   +0.0 elt    0 [0mimu  -1.9 Dt 5598 LtCy 2799 integ.govd   +0.00   +0.00 integ.vbp +0.00 +0.00 omni.gos X     +0.0 ,Y     -0.1. omgD -0.006 omg  +0.00 loop   5117
[0mBatt=23.4 [0m[33mODOM [31mVisionX  +0.00 Y  +0.00 theta   +0.0 elt    0 [0mimu  -1.9 Dt 5614 LtCy 2807 integ.govd   +0.00   +0.00 integ.vbp +0.00 +0.00 omni.gos X     +0.0 ,Y     -0.1. omgD -0.008 omg  +0.00 loop   5131
[0mBatt=23.4 [0m[33mODOM [31mVisionX  +0.00 Y  +0.00 theta   +0.0 elt    0 [0mimu  -1.9 Dt 5630 LtCy 2815 integ.govd   +0.00   +0.00 integ.vbp +0.00 +0.00 omni.gos X     +0.0 ,Y     -0.2. omgD -0.013 omg  +0.00 loop   5147
[0mBatt=23.4 [0m[33mODOM [31mVisionX  +0.00 Y  +0.00 theta   +0.0 elt    0 [0mimu  -1.9 Dt 5646 LtCy 2823 integ.govd   +0.00   +0.00 integ.vbp +0.00 +0.00 omni.gos X     -0.0 ,Y     -0.1. omgD -0.006 omg  +0.00 loop   5135
[0mBatt=23.4 [0m[33mODOM [31mVisionX  +0.00 Y  +0.00 theta   +0.0 elt    0 [0mimu  -1.9 Dt 5662 LtCy 2831 integ.govd   +0.00   +0.00 integ.vbp +0.00 +0.00 omni.gos X     -0.0 ,Y     -0.1. omgD -0.006 omg  +0.00 loop   5119
[0mBatt=23.4 [0m[33mODOM [31mVisionX  +0.00 Y  +0.00 theta   +0.0 elt    0 [0mimu  -1.9 Dt 5678 LtCy 2839 integ.govd   +0.00   +0.00 integ.vbp +0.00 +0.00 omni.gos X     +0.0 ,Y     -0.1. omgD -0.006 omg  +0.00 loop   5128
[0mBatt=23.4 [0m[33mODOM [31mVisionX  +0.00 Y  +0.00 theta   +0.0 elt    0 [0mimu  -1.9 Dt 5694 LtCy 2847 integ.govd   +0.00   +0.00 integ.vbp +0.00 +0.00 omni.gos X     +0.0 ,Y     +0.0. omgD +0.000 omg  +0.00 loop   5152
[0mBatt=23.4 [0m[33mODOM [31mVisionX  +0.00 Y  +0.00 theta   +0.0 elt    0 [0mimu  -1.9 Dt 5710 LtCy 2855 integ.govd   +0.00   +0.00 integ.vbp +0.00 +0.00 omni.gos X     -0.0 ,Y     -0.1. omgD -0.008 omg  +0.00 loop   5115
[0mBatt=23.4 [0m[33mODOM [31mVisionX  +0.00 Y  +0.00 theta   +0.0 elt    0 [0mimu  -1.9 Dt 5726 LtCy 2863 integ.govd   +0.00   +0.00 integ.vbp +0.00 +0.00 omni.gos X     -0.0 ,Y     -0.2. omgD -0.013 omg  +0.00 loop   5134
[0mBatt=23.4 [0m[33mODOM [31mVisionX  +0.00 Y  +0.00 theta   +0.0 elt    0 [0mimu  -1.9 Dt 5742 LtCy 2871 integ.govd   +0.00   +0.00 integ.vbp +0.00 +0.00 omni.gos X     +0.0 ,Y     -0.1. omgD -0.004 omg  +0.00 loop   5134
[0mBatt=23.4 [0m[33mODOM [31mVisionX  +0.00 Y  +0.00 theta   +0.0 elt    0 [0mimu  -1.9 Dt 5758 LtCy 2879 integ.govd   +0.00   +0.00 integ.vbp +0.00 +0.00 omni.gos X     -0.0 ,Y     -0.1. omgD -0.008 omg  +0.00 loop   5125
[0mBatt=23.4 [0m[33mODOM [31mVisionX  +0.00 Y  +0.00 theta   +0.0 elt    0 [0mimu  -1.9 Dt 5774 LtCy 2887 integ.govd   +0.00   +0.00 integ.vbp +0.00 +0.00 omni.gos X     -0.0 ,Y     -0.1. omgD -0.011 omg  +0.00 loop   5128
[0mBatt=23.4 [0m[33mODOM [31mVisionX  +0.00 Y  +0.00 theta   +0.0 elt    0 [0mimu  -1.9 Dt 5790 LtCy 2895 integ.govd   +0.00   +0.00 integ.vbp +0.00 +0.00 omni.gos X     +0.0 ,Y     -0.0. omgD -0.002 omg  +0.00 loop   5126
[0mBatt=23.4 [0m[33mODOM [31mVisionX  +0.00 Y  +0.00 theta   +0.0 elt    0 [0mimu  -1.9 Dt 5806 LtCy 2903 integ.govd   +0.00   +0.00 integ.vbp +0.00 +0.00 omni.gos X     -0.0 ,Y     -0.1. omgD -0.008 omg  +0.00 loop   5138
[0mBatt=23.4 [0m[33mODOM [31mVisionX  +0.00 Y  +0.00 theta   +0.0 elt    0 [0mimu  -1.9 Dt 5822 LtCy 2911 integ.govd   +0.00   +0.00 integ.vbp +0.00 +0.00 omni.gos X     -0.0 ,Y     -0.1. omgD -0.008 omg  +0.00 loop   5109
[0mBatt=23.4 [0m[33mODOM [31mVisionX  +0.00 Y  +0.00 theta   +0.0 elt    0 [0mimu  -1.9 Dt 5838 LtCy 2919 integ.govd   +0.00   +0.00 integ.vbp +0.00 +0.00 omni.gos X     +0.0 ,Y     -0.2. omgD -0.013 omg  +0.00 loop   5140
[0mBatt=23.4 [0m[33mODOM [31mVisionX  +0.00 Y  +0.00 theta   +0.0 elt    0 [0mimu  -1.9 Dt 5854 LtCy 2927 integ.govd   +0.00   +0.00 integ.vbp +0.00 +0.00 omni.gos X     +0.0 ,Y     -0.2. omgD -0.013 omg  +0.00 loop   5139
[0mBatt=23.4 [0m[33mODOM [31mVisionX  +0.00 Y  +0.00 theta   +0.0 elt    0 [0mimu  -1.9 Dt 5870 LtCy 2935 integ.govd   +0.00   +0.00 integ.vbp +0.00 +0.00 omni.gos X     +0.0 ,Y     -0.1. omgD -0.004 omg  +0.00 loop   5114
[0mBatt=23.4 [0m[33mODOM [31mVisionX  +0.00 Y  +0.00 theta   +0.0 elt    0 [0mimu  -1.9 Dt 5886 LtCy 2943 integ.govd   +0.00   +0.00 integ.vbp +0.00 +0.00 omni.gos X     -0.0 ,Y     -0.2. omgD -0.013 omg  +0.00 loop   5149
[0mBatt=23.4 [0m[33mODOM [31mVisionX  +0.00 Y  +0.00 theta   +0.0 elt    0 [0mimu  -1.9 Dt 5902 LtCy 2951 integ.govd   +0.00   +0.00 integ.vbp +0.00 +0.00 omni.gos X     -0.0 ,Y     -0.1. omgD -0.004 omg  +0.00 loop   5131
[0mBatt=23.4 [0m[33mODOM [31mVisionX  +0.00 Y  +0.00 theta   +0.0 elt    0 [0mimu  -1.9 Dt 5918 LtCy 2959 integ.govd   +0.00   +0.00 integ.vbp +0.00 +0.00 omni.gos X     +0.0 ,Y     -0.1. omgD -0.008 omg  +0.00 loop   5121
[0mBatt=23.4 [0m[33mODOM [31mVisionX  +0.00 Y  +0.00 theta   +0.0 elt    0 [0mimu  -1.9 Dt 5934 LtCy 2967 integ.govd   +0.00   +0.00 integ.vbp +0.00 +0.00 omni.gos X     +0.0 ,Y     -0.1. omgD -0.008 omg  +0.00 loop   5131
[0mBatt=23.4 [0m[33mODOM [31mVisionX  +0.00 Y  +0.00 theta   +0.0 elt    0 [0mimu  -1.9 Dt 5950 LtCy 2975 integ.govd   +0.00   +0.00 integ.vbp +0.00 +0.00 omni.gos X     -0.0 ,Y     -0.1. omgD -0.008 omg  +0.00 loop   5145
[0mBatt=23.4 [0m[33mODOM [31mVisionX  +0.00 Y  +0.00 theta   +0.0 elt    0 [0mimu  -1.9 Dt 5966 LtCy 2983 integ.govd   +0.00   +0.00 integ.vbp +0.00 +0.00 omni.gos X     +0.0 ,Y     -0.1. omgD -0.004 omg  +0.00 loop   5121
[0mBatt=23.4 [0m[33mODOM [31mVisionX  +0.00 Y  +0.00 theta   +0.0 elt    0 [0mimu  -1.9 Dt 5982 LtCy 2991 integ.govd   +0.00   +0.00 integ.vbp +0.00 +0.00 omni.gos X     +0.0 ,Y     -0.1. omgD -0.004 omg  +0.00 loop   5127
[0mBatt=23.4 [0m[33mODOM [31mVisionX  +0.00 Y  +0.00 theta   +0.0 elt    0 [0mimu  -1.9 Dt 5998 LtCy 2999 integ.govd   +0.00   +0.00 integ.vbp +0.00 +0.00 omni.gos X     +0.0 ,Y     -0.1. omgD -0.004 omg  +0.00 loop   5145
[0mBatt=23.4 [0m[33mODOM [31mVisionX  +0.00 Y  +0.00 theta   +0.0 elt    0 [0mimu  -1.9 Dt 6014 LtCy 3007 integ.govd   +0.00   +0.00 integ.vbp +0.00 +0.00 omni.gos X     -0.0 ,Y     -0.2. omgD -0.013 omg  +0.00 loop   5142
[0mBatt=23.4 [0m[33mODOM [31mVisionX  +0.00 Y  +0.00 theta   +0.0 elt    0 [0mimu  -1.9 Dt 6030 LtCy 3015 integ.govd   +0.00   +0.00 integ.vbp +0.00 +0.00 omni.gos X     +0.0 ,Y     -0.1. omgD -0.004 omg  +0.00 loop   5112
[0mBatt=23.4 [0m[33mODOM [31mVisionX  +0.00 Y  +0.00 theta   +0.0 elt    0 [0mimu  -1.9 Dt 6046 LtCy 3023 integ.govd   +0.00   +0.00 integ.vbp +0.00 +0.00 omni.gos X     +0.0 ,Y     +0.0. omgD +0.000 omg  +0.00 loop   5145
[0mBatt=23.4 [0m[33mODOM [31mVisionX  +0.00 Y  +0.00 theta   +0.0 elt    0 [0mimu  -1.9 Dt 6062 LtCy 3031 integ.govd   +0.00   +0.00 integ.vbp +0.00 +0.00 omni.gos X     -0.0 ,Y     -0.1. omgD -0.008 omg  +0.00 loop   5155
[0mBatt=23.4 [0m[33mODOM [31mVisionX  +0.00 Y  +0.00 theta   +0.0 elt    0 [0mimu  -1.9 Dt 6078 LtCy 3039 integ.govd   +0.00   +0.00 integ.vbp +0.00 +0.00 omni.gos X     +0.0 ,Y     -0.1. omgD -0.004 omg  +0.00 loop   5095
[0mBatt=23.4 [0m[33mODOM [31mVisionX  +0.00 Y  +0.00 theta   +0.0 elt    0 [0mimu  -1.9 Dt 6094 LtCy 3047 integ.govd   +0.00   +0.00 integ.vbp +0.00 +0.00 omni.gos X     +0.0 ,Y     +0.0. omgD +0.000 omg  +0.00 loop   5147
[0mBatt=23.4 [0m[33mODOM [31mVisionX  +0.00 Y  +0.00 theta   +0.0 elt    0 [0mimu  -1.9 Dt 6102 LtCy 3051 integ.govd   +0.00   +0.00 integ.vbp +0.00 +0.00 omni.gos X     -0.0 ,Y     -0.2. omgD -0.013 omg  +0.00 loop   2494
[0mBatt=23.4 [0m[33mODOM [31mVisionX  +0.00 Y  +0.00 theta   +0.0 elt    0 [0mimu  -1.9 Dt 6118 LtCy 3059 integ.govd   +0.00   +0.00 integ.vbp +0.00 +0.00 omni.gos X     +0.0 ,Y     +0.0. omgD +0.000 omg  +0.00 loop   5129
[0mBatt=23.4 [0m[33mODOM [31mVisionX  +0.00 Y  +0.00 theta   +0.0 elt    0 [0mimu  -1.9 Dt 6134 LtCy 3067 integ.govd   +0.00   +0.00 integ.vbp +0.00 +0.00 omni.gos X     +0.0 ,Y     +0.0. omgD +0.000 omg  +0.00 loop   5129
[0mBatt=23.4 [0m[33mODOM [31mVisionX  +0.00 Y  +0.00 theta   +0.0 elt    0 [0mimu  -1.9 Dt 6150 LtCy 3075 integ.govd   +0.00   +0.00 integ.vbp +0.00 +0.00 omni.gos X     +0.0 ,Y     -0.1. omgD -0.008 omg  +0.00 loop   4662
[0mBatt=23.4 [0m[33mODOM [31mVisionX  +0.00 Y  +0.00 theta   +0.0 elt    0 [0mimu  -1.9 Dt 6166 LtCy 3083 integ.govd   +0.00   +0.00 integ.vbp +0.00 +0.00 omni.gos X     +0.0 ,Y     +0.0. omgD +0.000 omg  +0.00 loop   4602
[0mBatt=23.4 [0m[33mODOM [31mVisionX  +0.00 Y  +0.00 theta   +0.0 elt    0 [0mimu  -1.9 Dt 6182 LtCy 3091 integ.govd   +0.00   +0.00 integ.vbp +0.00 +0.00 omni.gos X     -0.0 ,Y     -0.2. omgD -0.017 omg  +0.00 loop   4585
[0mBatt=23.4 [0m[33mODOM [31mVisionX  +0.00 Y  +0.00 theta   +0.0 elt    0 [0mimu  -1.9 Dt 6198 LtCy 3099 integ.govd   +0.00   +0.00 integ.vbp +0.00 +0.00 omni.gos X     +0.0 ,Y     +0.0. omgD +0.000 omg  +0.00 loop   4589
[0mBatt=23.4 [0m[33mODOM [31mVisionX  +0.00 Y  +0.00 theta   +0.0 elt    0 [0mimu  -1.9 Dt 6214 LtCy 3107 integ.govd   +0.00   +0.00 integ.vbp +0.00 +0.00 omni.gos X     +0.0 ,Y     -0.2. omgD -0.013 omg  +0.00 loop   4616
[0mBatt=23.4 [0m[33mODOM [31mVisionX  +0.00 Y  +0.00 theta   +0.0 elt    0 [0mimu  -1.9 Dt 6230 LtCy 3115 integ.govd   +0.00   +0.00 integ.vbp +0.00 +0.00 omni.gos X     -0.0 ,Y     -0.2. omgD -0.017 omg  +0.00 loop   4572
[0mBatt=23.4 [0m[33mODOM [31mVisionX  +0.00 Y  +0.00 theta   +0.0 elt    0 [0mimu  -1.9 Dt 6246 LtCy 3123 integ.govd   +0.00   +0.00 integ.vbp +0.00 +0.00 omni.gos X     +0.0 ,Y     -0.1. omgD -0.004 omg  +0.00 loop   4588
[0mBatt=23.4 [0m[33mODOM [31mVisionX  +0.00 Y  +0.00 theta   +0.0 elt    0 [0mimu  -1.9 Dt 6262 LtCy 3131 integ.govd   +0.00   +0.00 integ.vbp +0.00 +0.00 omni.gos X     +0.0 ,Y     +0.0. omgD +0.000 omg  +0.00 loop   4608
[0mBatt=23.4 [0m[33mODOM [31mVisionX  +0.00 Y  +0.00 theta   +0.0 elt    0 [0mimu  -1.9 Dt 6278 LtCy 3139 integ.govd   +0.00   +0.00 integ.vbp +0.00 +0.00 omni.gos X     -0.0 ,Y     -0.2. omgD -0.013 omg  +0.00 loop   4596
[0mBatt=23.4 [0m[33mODOM [31mVisionX  +0.00 Y  +0.00 theta   +0.0 elt    0 [0mimu  -1.9 Dt    4 LtCy    2 integ.govd   -0.00   -0.00 integ.vbp -0.00 -0.00 omni.gos X     -0.0 ,Y     -0.2. omgD -0.013 omg  +0.00 loop   4505
[0mBatt=23.4 [0m[33mODOM [31mVisionX  +0.00 Y  +0.00 theta   +0.0 elt    0 [0mimu  -1.9 Dt    2 LtCy    1 integ.govd   +0.00   -0.00 integ.vbp +0.00 -0.00 omni.gos X     +0.0 ,Y     -0.1. omgD -0.004 omg  +0.00 loop   4421
[0mBatt=23.4 [0m[33mODOM [31mVisionX  +0.00 Y  +0.00 theta   +0.0 elt    0 [0mimu  -1.9 Dt    8 LtCy    4 integ.govd   -0.00   -0.00 integ.vbp -0.00 -0.00 omni.gos X     +0.0 ,Y     -0.1. omgD -0.004 omg  +0.00 loop   4531
[0mBatt=23.4 [0m[33mODOM [31mVisionX  +0.00 Y  +0.00 theta   +0.0 elt    0 [0mimu  -1.9 Dt    2 LtCy    1 integ.govd   +0.00   -0.00 integ.vbp +0.00 -0.00 omni.gos X     +0.0 ,Y     -0.1. omgD -0.008 omg  +0.00 loop   4386
[0mBatt=23.4 [0m[33mODOM [31mVisionX  +0.00 Y  +0.00 theta   +0.0 elt    0 [0mimu  -1.9 Dt    0 LtCy    0 integ.govd   +0.00   +0.00 integ.vbp +0.00 +0.00 omni.gos X     +0.0 ,Y     +0.0. omgD +0.000 omg  +0.00 loop   4458
[0mBatt=23.4 [0m[33mODOM [31mVisionX  +0.00 Y  +0.00 theta   +0.0 elt    0 [0mimu  -1.9 Dt    6 LtCy    3 integ.govd   -0.00   -0.00 integ.vbp -0.00 -0.00 omni.gos X     +0.0 ,Y     -0.1. omgD -0.004 omg  +0.00 loop   4540
[0mBatt=23.4 [0m[33mODOM [31mVisionX  +0.00 Y  +0.00 theta   +0.0 elt    0 [0mimu  -2.0 Dt    0 LtCy    0 integ.govd   +0.00   +0.00 integ.vbp +0.00 +0.00 omni.gos X     +0.0 ,Y     -0.1. omgD -0.004 omg  +0.00 loop   4419
[0mBatt=23.4 [0m[33mODOM [31mVisionX  +0.00 Y  +0.00 theta   +0.0 elt    0 [0mimu  -2.0 Dt    8 LtCy    4 integ.govd   +0.00   +0.00 integ.vbp +0.00 +0.00 omni.gos X     +0.0 ,Y     +0.1. omgD +0.004 omg  +0.00 loop   4542
[0mBatt=23.4 [0m[33mODOM [31mVisionX  +0.00 Y  +0.00 theta   +0.0 elt    0 [0mimu  -2.0 Dt    4 LtCy    2 integ.govd   +0.00   +0.00 integ.vbp +0.00 +0.00 omni.gos X     +0.0 ,Y     +0.0. omgD +0.000 omg  +0.00 loop   4423
[0mBatt=23.4 [0m[33mODOM [31mVisionX  +0.00 Y  +0.00 theta   +0.0 elt    0 [0mimu  -2.0 Dt    0 LtCy    0 integ.govd   +0.00   +0.00 integ.vbp +0.00 +0.00 omni.gos X     -0.0 ,Y     -0.1. omgD -0.008 omg  +0.00 loop   4452
[0mBatt=23.4 [0m[33mODOM [31mVisionX  +0.00 Y  +0.00 theta   +0.0 elt    0 [0mimu  -2.0 Dt    4 LtCy    2 integ.govd   -0.00   -0.00 integ.vbp -0.00 -0.00 omni.gos X     +0.0 ,Y     -0.1. omgD -0.008 omg  +0.00 loop   4501
[0mBatt=23.4 [0m[33mODOM [31mVisionX  +0.00 Y  +0.00 theta   +0.0 elt    0 [0mimu  -2.0 Dt    0 LtCy    0 integ.govd   +0.00   +0.00 integ.vbp +0.00 +0.00 omni.gos X     +0.0 ,Y     -0.1. omgD -0.008 omg  +0.00 loop   4435
[0mBatt=23.4 [0m[33mODOM [31mVisionX  +0.00 Y  +0.00 theta   +0.0 elt    0 [0mimu  -2.0 Dt    6 LtCy    3 integ.govd   -0.00   -0.00 integ.vbp -0.00 -0.00 omni.gos X     +0.0 ,Y     -0.1. omgD -0.008 omg  +0.00 loop   4527
[0mBatt=23.4 [0m[33mODOM [31mVisionX  +0.00 Y  +0.00 theta   +0.0 elt    0 [0mimu  -2.0 Dt    4 LtCy    2 integ.govd   -0.00   -0.00 integ.vbp -0.00 -0.00 omni.gos X     -0.0 ,Y     -0.1. omgD -0.008 omg  +0.00 loop   4417
[0mBatt=23.4 [0m[33mODOM [31mVisionX  +0.00 Y  +0.00 theta   +0.0 elt    0 [0mimu  -2.0 Dt    8 LtCy    4 integ.govd   -0.00   -0.00 integ.vbp -0.00 -0.00 omni.gos X     -0.0 ,Y     -0.1. omgD -0.008 omg  +0.00 loop   4452
[0mBatt=23.4 [0m[33mODOM [31mVisionX  +0.00 Y  +0.00 theta   +0.0 elt    0 [0mimu  -2.0 Dt    6 LtCy    3 integ.govd   -0.00   -0.00 integ.vbp -0.00 -0.00 omni.gos X     +0.0 ,Y     -0.1. omgD -0.004 omg  +0.00 loop   4472
[0mBatt=23.4 [0m[33mODOM [31mVisionX  +0.00 Y  +0.00 theta   +0.0 elt    0 [0mimu  -2.0 Dt    2 LtCy    1 integ.govd   +0.00   -0.00 integ.vbp +0.00 -0.00 omni.gos X     +0.0 ,Y     -0.1. omgD -0.008 omg  +0.00 loop   4415
[0mBatt=23.4 [0m[33mODOM [31mVisionX  +0.00 Y  +0.00 theta   +0.0 elt    0 [0mimu  -2.0 Dt    8 LtCy    4 integ.govd   -0.00   -0.00 integ.vbp -0.00 -0.00 omni.gos X     +0.0 ,Y     -0.2. omgD -0.013 omg  +0.00 loop   4523
[0mBatt=23.4 [0m[33mODOM [31mVisionX  +0.00 Y  +0.00 theta   +0.0 elt    0 [0mimu  -2.0 Dt    4 LtCy    2 integ.govd   -0.00   -0.00 integ.vbp -0.00 -0.00 omni.gos X     -0.0 ,Y     -0.1. omgD -0.008 omg  +0.00 loop   4450
[0mBatt=23.4 [0m[33mODOM [31mVisionX  +0.00 Y  +0.00 theta   +0.0 elt    0 [0mimu  -2.0 Dt    0 LtCy    0 integ.govd   +0.00   +0.00 integ.vbp +0.00 +0.00 omni.gos X     +0.0 ,Y     +0.1. omgD +0.004 omg  +0.00 loop   4403
[0mBatt=23.4 [0m[33mODOM [31mVisionX  +0.00 Y  +0.00 theta   +0.0 elt    0 [0mimu  -2.0 Dt    6 LtCy    3 integ.govd   +0.00   +0.00 integ.vbp +0.00 +0.00 omni.gos X     +0.0 ,Y     +0.0. omgD +0.000 omg  +0.00 loop   4529
[0mBatt=23.4 [0m[33mODOM [31mVisionX  +0.00 Y  +0.00 theta   +0.0 elt    0 [0mimu  -2.0 Dt    2 LtCy    1 integ.govd   +0.00   -0.00 integ.vbp +0.00 -0.00 omni.gos X     +0.0 ,Y     -0.1. omgD -0.004 omg  +0.00 loop   4474
[0mBatt=23.4 [0m[33mODOM [31mVisionX  +0.00 Y  +0.00 theta   +0.0 elt    0 [0mimu  -2.0 Dt    8 LtCy    4 integ.govd   +0.00   -0.00 integ.vbp +0.00 -0.00 omni.gos X     +0.0 ,Y     +0.0. omgD +0.000 omg  +0.00 loop   4515
[0mBatt=23.4 [0m[33mODOM [31mVisionX  +0.00 Y  +0.00 theta   +0.0 elt    0 [0mimu  -2.0 Dt    4 LtCy    2 integ.govd   +0.00   -0.00 integ.vbp +0.00 -0.00 omni.gos X     +0.0 ,Y     -0.1. omgD -0.004 omg  +0.00 loop   4446
[0mBatt=23.4 [0m[33mODOM [31mVisionX  +0.00 Y  +0.00 theta   +0.0 elt    0 [0mimu  -2.0 Dt    0 LtCy    0 integ.govd   +0.00   +0.00 integ.vbp +0.00 +0.00 omni.gos X     +0.0 ,Y     -0.1. omgD -0.008 omg  +0.00 loop   4443
[0mBatt=23.4 [0m[33mODOM [31mVisionX  +0.00 Y  +0.00 theta   +0.0 elt    0 [0mimu  -2.0 Dt    6 LtCy    3 integ.govd   -0.00   -0.00 integ.vbp -0.00 -0.00 omni.gos X     -0.0 ,Y     -0.1. omgD -0.008 omg  +0.00 loop   4531
[0mBatt=23.4 [0m[33mODOM [31mVisionX  +0.00 Y  +0.00 theta   +0.0 elt    0 [0mimu  -2.0 Dt    0 LtCy    0 integ.govd   +0.00   +0.00 integ.vbp +0.00 +0.00 omni.gos X     +0.0 ,Y     -0.1. omgD -0.004 omg  +0.00 loop   4404
[0mBatt=23.4 [0m[33mODOM [31mVisionX  +0.00 Y  +0.00 theta   +0.0 elt    0 [0mimu  -2.0 Dt    8 LtCy    4 integ.govd   +0.00   -0.00 integ.vbp +0.00 -0.00 omni.gos X     +0.0 ,Y     +0.0. omgD +0.000 omg  +0.00 loop   4546
[0mBatt=23.4 [0m[33mODOM [31mVisionX  +0.00 Y  +0.00 theta   +0.0 elt    0 [0mimu  -2.0 Dt    4 LtCy    2 integ.govd   -0.00   -0.00 integ.vbp -0.00 -0.00 omni.gos X     -0.0 ,Y     -0.1. omgD -0.004 omg  +0.00 loop   4470
[0mBatt=23.4 [0m[33mODOM [31mVisionX  +0.00 Y  +0.00 theta   +0.0 elt    0 [0mimu  -2.0 Dt    0 LtCy    0 integ.govd   +0.00   +0.00 integ.vbp +0.00 +0.00 omni.gos X     +0.0 ,Y     -0.1. omgD -0.008 omg  +0.00 loop   4414
[0mBatt=23.4 [0m[33mODOM [31mVisionX  +0.00 Y  +0.00 theta   +0.0 elt    0 [0mimu  -2.0 Dt    6 LtCy    3 integ.govd   -0.00   -0.00 integ.vbp -0.00 -0.00 omni.gos X     +0.0 ,Y     -0.1. omgD -0.008 omg  +0.00 loop   4537
[0mBatt=23.4 [0m[33mODOM [31mVisionX  +0.00 Y  +0.00 theta   +0.0 elt    0 [0mimu  -2.0 Dt    2 LtCy    1 integ.govd   +0.00   -0.00 integ.vbp +0.00 -0.00 omni.gos X     +0.0 ,Y     -0.1. omgD -0.008 omg  +0.00 loop   4440
[0mBatt=23.4 [0m[33mODOM [31mVisionX  +0.00 Y  +0.00 theta   +0.0 elt    0 [0mimu  -2.0 Dt    8 LtCy    4 integ.govd   -0.00   -0.00 integ.vbp -0.00 -0.00 omni.gos X     +0.0 ,Y     -0.2. omgD -0.013 omg  +0.00 loop   4511
[0mBatt=23.4 [0m[33mODOM [31mVisionX  +0.00 Y  +0.00 theta   +0.0 elt    0 [0mimu  -2.0 Dt    4 LtCy    2 integ.govd   -0.00   -0.00 integ.vbp -0.00 -0.00 omni.gos X     -0.0 ,Y     -0.1. omgD -0.008 omg  +0.00 loop   4407
[0mBatt=23.4 [0m[33mODOM [31mVisionX  +0.00 Y  +0.00 theta   +0.0 elt    0 [0mimu  -2.0 Dt   10 LtCy    5 integ.govd   -0.00   -0.00 integ.vbp -0.00 -0.00 omni.gos X     -0.0 ,Y     -0.1. omgD -0.008 omg  +0.00 loop   4471
[0mBatt=23.4 [0m[33mODOM [31mVisionX  +0.00 Y  +0.00 theta   +0.0 elt    0 [0mimu  -2.0 Dt    4 LtCy    2 integ.govd   -0.00   -0.00 integ.vbp -0.00 -0.00 omni.gos X     +0.0 ,Y     -0.1. omgD -0.004 omg  +0.00 loop   4473
[0mBatt=23.4 [0m[33mODOM [31mVisionX  +0.00 Y  +0.00 theta   +0.0 elt    0 [0mimu  -2.0 Dt    2 LtCy    1 integ.govd   -0.00   -0.00 integ.vbp -0.00 -0.00 omni.gos X     -0.0 ,Y     -0.2. omgD -0.013 omg  +0.00 loop   4423
[0mBatt=23.4 [0m[33mODOM [31mVisionX  +0.00 Y  +0.00 theta   +0.0 elt    0 [0mimu  -2.0 Dt    8 LtCy    4 integ.govd   -0.00   -0.00 integ.vbp -0.00 -0.00 omni.gos X     +0.0 ,Y     -0.1. omgD -0.006 omg  +0.00 loop   4512
[0mBatt=23.4 [0m[33mODOM [31mVisionX  +0.00 Y  +0.00 theta   +0.0 elt    0 [0mimu  -2.0 Dt    2 LtCy    1 integ.govd   +0.00   -0.00 integ.vbp +0.00 -0.00 omni.gos X     +0.0 ,Y     -0.1. omgD -0.011 omg  +0.00 loop   4440
[0mBatt=23.4 [0m[33mODOM [31mVisionX  +0.00 Y  +0.00 theta   +0.0 elt    0 [0mimu  -2.0 Dt    8 LtCy    4 integ.govd   -0.00   -0.00 integ.vbp -0.00 -0.00 omni.gos X     -0.0 ,Y     -0.1. omgD -0.004 omg  +0.00 loop   4436
[0mBatt=23.4 [0m[33mODOM [31mVisionX  +0.00 Y  +0.00 theta   +0.0 elt    0 [0mimu  -2.0 Dt    6 LtCy    3 integ.govd   -0.00   -0.00 integ.vbp -0.00 -0.00 omni.gos X     -0.0 ,Y     -0.2. omgD -0.015 omg  +0.00 loop   4502
[0mBatt=23.4 [0m[33mODOM [31mVisionX  +0.00 Y  +0.00 theta   +0.0 elt    0 [0mimu  -2.0 Dt    0 LtCy    0 integ.govd   +0.00   +0.00 integ.vbp +0.00 +0.00 omni.gos X     -0.0 ,Y     -0.1. omgD -0.008 omg  +0.00 loop   4422
[0mBatt=23.4 [0m[33mODOM [31mVisionX  +0.00 Y  +0.00 theta   +0.0 elt    0 [0mimu  -2.0 Dt    6 LtCy    3 integ.govd   -0.00   -0.00 integ.vbp -0.00 -0.00 omni.gos X     +0.0 ,Y     -0.1. omgD -0.008 omg  +0.00 loop   4500
[0mBatt=23.4 [0m[33mODOM [31mVisionX  +0.00 Y  +0.00 theta   +0.0 elt    0 [0mimu  -2.0 Dt    4 LtCy    2 integ.govd   -0.00   -0.00 integ.vbp -0.00 -0.00 omni.gos X     -0.0 ,Y     -0.1. omgD -0.011 omg  +0.00 loop   4444
[0mBatt=23.4 [0m[33mODOM [31mVisionX  +0.00 Y  +0.00 theta   +0.0 elt    0 [0mimu  -2.0 Dt   10 LtCy    5 integ.govd   -0.00   -0.00 integ.vbp -0.00 -0.00 omni.gos X     -0.0 ,Y     -0.1. omgD -0.008 omg  +0.00 loop   4471
[0mBatt=23.4 [0m[33mODOM [31mVisionX  +0.00 Y  +0.00 theta   +0.0 elt    0 [0mimu  -2.0 Dt    4 LtCy    2 integ.govd   +0.00   +0.00 integ.vbp +0.00 +0.00 omni.gos X     +0.0 ,Y     +0.0. omgD +0.002 omg  +0.00 loop   4439
[0mBatt=23.4 [0m[33mODOM [31mVisionX  +0.00 Y  +0.00 theta   +0.0 elt    0 [0mimu  -2.0 Dt    2 LtCy    1 integ.govd   +0.00   -0.00 integ.vbp +0.00 -0.00 omni.gos X     +0.0 ,Y     -0.1. omgD -0.008 omg  +0.00 loop   4444
[0mBatt=23.4 [0m[33mODOM [31mVisionX  +0.00 Y  +0.00 theta   +0.0 elt    0 [0mimu  -2.0 Dt    8 LtCy    4 integ.govd   -0.00   -0.00 integ.vbp -0.00 -0.00 omni.gos X     +0.0 ,Y     -0.1. omgD -0.006 omg  +0.00 loop   4520
[0mBatt=23.4 [0m[33mODOM [31mVisionX  +0.00 Y  +0.00 theta   +0.0 elt    0 [0mimu  -2.0 Dt    4 LtCy    2 integ.govd   -0.00   -0.00 integ.vbp -0.00 -0.00 omni.gos X     +0.0 ,Y     -0.1. omgD -0.004 omg  +0.00 loop   4420
[0mBatt=23.4 [0m[33mODOM [31mVisionX  +0.00 Y  +0.00 theta   +0.0 elt    0 [0mimu  -2.0 Dt    8 LtCy    4 integ.govd   -0.00   -0.00 integ.vbp -0.00 -0.00 omni.gos X     +0.0 ,Y     -0.1. omgD -0.008 omg  +0.00 loop   4476
[0mBatt=23.4 [0m[33mODOM [31mVisionX  +0.00 Y  +0.00 theta   +0.0 elt    0 [0mimu  -2.0 Dt    4 LtCy    2 integ.govd   -0.00   -0.00 integ.vbp -0.00 -0.00 omni.gos X     -0.0 ,Y     -0.2. omgD -0.013 omg  +0.00 loop   4423
[0mBatt=23.4 [0m[33mODOM [31mVisionX  +0.00 Y  +0.00 theta   +0.0 elt    0 [0mimu  -2.0 Dt    2 LtCy    1 integ.govd   -0.00   -0.00 integ.vbp -0.00 -0.00 omni.gos X     -0.0 ,Y     -0.2. omgD -0.013 omg  +0.00 loop   2121
[0mBatt=23.4 [0m[33mODOM [31mVisionX  +0.00 Y  +0.00 theta   +0.0 elt    0 [0mimu  -2.0 Dt    0 LtCy    0 integ.govd   +0.00   +0.00 integ.vbp +0.00 +0.00 omni.gos X     +0.0 ,Y     -0.1. omgD -0.004 omg  +0.00 loop   4411
[0mBatt=23.4 [0m[33mODOM [31mVisionX  +0.00 Y  +0.00 theta   +0.0 elt    0 [0mimu  -2.0 Dt    4 LtCy    2 integ.govd   +0.00   -0.00 integ.vbp +0.00 -0.00 omni.gos X     +0.0 ,Y     -0.0. omgD -0.002 omg  +0.00 loop   4518
[0mBatt=23.4 [0m[33mODOM [31mVisionX  +0.00 Y  +0.00 theta   +0.0 elt    0 [0mimu  -2.0 Dt    0 LtCy    0 integ.govd   +0.00   +0.00 integ.vbp +0.00 +0.00 omni.gos X     +0.0 ,Y     -0.1. omgD -0.006 omg  +0.00 loop   4458
[0mBatt=23.4 [0m[33mODOM [31mVisionX  +0.00 Y  +0.00 theta   +0.0 elt    0 [0mimu  -2.0 Dt    6 LtCy    3 integ.govd   +0.00   +0.00 integ.vbp +0.00 +0.00 omni.gos X     +0.0 ,Y     +0.0. omgD +0.002 omg  +0.00 loop   4530
[0mBatt=23.4 [0m[33mODOM [31mVisionX  +0.00 Y  +0.00 theta   +0.0 elt    0 [0mimu  -2.0 Dt    2 LtCy    1 integ.govd   +0.00   -0.00 integ.vbp +0.00 -0.00 omni.gos X     +0.0 ,Y     -0.1. omgD -0.004 omg  +0.00 loop   4407
[0mBatt=23.4 [0m[33mODOM [31mVisionX  +0.00 Y  +0.00 theta   +0.0 elt    0 [0mimu  -2.0 Dt    8 LtCy    4 integ.govd   -0.00   -0.00 integ.vbp -0.00 -0.00 omni.gos X     +0.0 ,Y     -0.1. omgD -0.008 omg  +0.00 loop   4524
[0mBatt=23.4 [0m[33mODOM [31mVisionX  +0.00 Y  +0.00 theta   +0.0 elt    0 [0mimu  -2.0 Dt    2 LtCy    1 integ.govd   -0.00   -0.00 integ.vbp -0.00 -0.00 omni.gos X     -0.0 ,Y     -0.2. omgD -0.013 omg  +0.00 loop   4439
[0mBatt=23.4 [0m[33mODOM [31mVisionX  +0.00 Y  +0.00 theta   +0.0 elt    0 [0mimu  -2.0 Dt    8 LtCy    4 integ.govd   +0.00   -0.00 integ.vbp +0.00 -0.00 omni.gos X     +0.0 ,Y     -0.1. omgD -0.006 omg  +0.00 loop   4464
[0mBatt=23.4 [0m[33mODOM [31mVisionX  +0.00 Y  +0.00 theta   +0.0 elt    0 [0mimu  -2.0 Dt    4 LtCy    2 integ.govd   +0.00   -0.00 integ.vbp +0.00 -0.00 omni.gos X     +0.0 ,Y     +0.0. omgD +0.000 omg  +0.00 loop   4460
[0mBatt=23.4 [0m[33mODOM [31mVisionX  +0.00 Y  +0.00 theta   +0.0 elt    0 [0mimu  -2.0 Dt    0 LtCy    0 integ.govd   +0.00   +0.00 integ.vbp +0.00 +0.00 omni.gos X     -0.0 ,Y     -0.2. omgD -0.013 omg  +0.00 loop   4465
[0mBatt=23.4 [0m[33mODOM [31mVisionX  +0.00 Y  +0.00 theta   +0.0 elt    0 [0mimu  -2.0 Dt    6 LtCy    3 integ.govd   -0.00   -0.00 integ.vbp -0.00 -0.00 omni.gos X     +0.0 ,Y     -0.1. omgD -0.004 omg  +0.00 loop   4494
[0mBatt=23.4 [0mODOM [31mVisionX  +0.00 Y  +0.00 theta   +0.0 elt    0 [0mimu  -2.0 Dt    2 LtCy    1 integ.govd   +0.00   -0.00 integ.vbp +0.00 -0.00 omni.gos X     +0.0 ,Y     -0.2. omgD -0.013 omg  +0.00 loop   4435
[0mBatt=23.4 [0mODOM [31mVisionX  +0.00 Y  +0.00 theta   +0.0 elt    0 [0mimu  -2.0 Dt    8 LtCy    4 integ.govd   -0.00   -0.00 integ.vbp -0.00 -0.00 omni.gos X     -0.0 ,Y     -0.1. omgD -0.008 omg  +0.00 loop   4540
[0mBatt=23.4 [0mODOM [31mVisionX  +0.00 Y  +0.00 theta   +0.0 elt    0 [0mimu  -2.0 Dt    2 LtCy    1 integ.govd   +0.00   +0.00 integ.vbp +0.00 +0.00 omni.gos X     +0.0 ,Y     +0.0. omgD +0.000 omg  +0.00 loop   4457
[0mBatt=23.4 [0mODOM [31mVisionX  +0.00 Y  +0.00 theta   +0.0 elt    0 [0mimu  -2.0 Dt    0 LtCy    0 integ.govd   +0.00   +0.00 integ.vbp +0.00 +0.00 omni.gos X     +0.0 ,Y     -0.1. omgD -0.004 omg  +0.00 loop   4478
[0mBatt=23.4 [0mODOM [31mVisionX  +0.00 Y  +0.00 theta   +0.0 elt    0 [0mimu  -2.0 Dt    6 LtCy    3 integ.govd   -0.00   -0.00 integ.vbp -0.00 -0.00 omni.gos X     +0.0 ,Y     +0.0. omgD +0.000 omg  +0.00 loop   4570
[0mBatt=23.4 [0mODOM [31mVisionX  +0.00 Y  +0.00 theta   +0.0 elt    0 [0mimu  -2.0 Dt    2 LtCy    1 integ.govd   +0.00   -0.00 integ.vbp +0.00 -0.00 omni.gos X     +0.0 ,Y     -0.1. omgD -0.008 omg  +0.00 loop   4468
[0mBatt=23.4 [0mODOM [31mVisionX  +0.00 Y  +0.00 theta   +0.0 elt    0 [0mimu  -2.0 Dt    8 LtCy    4 integ.govd   -0.00   -0.00 integ.vbp -0.00 -0.00 omni.gos X     +0.0 ,Y     -0.1. omgD -0.004 omg  +0.00 loop   4516
[0mBatt=23.4 [0mODOM [31mVisionX  +0.00 Y  +0.00 theta   +0.0 elt    0 [0mimu  -2.0 Dt    2 LtCy    1 integ.govd   +0.00   -0.00 integ.vbp +0.00 -0.00 omni.gos X     +0.0 ,Y     -0.1. omgD -0.004 omg  +0.00 loop   4466
[0mBatt=23.4 [0mODOM [31mVisionX  +0.00 Y  +0.00 theta   +0.0 elt    0 [0mimu  -2.0 Dt    8 LtCy    4 integ.govd   -0.00   -0.00 integ.vbp -0.00 -0.00 omni.gos X     +0.0 ,Y     -0.2. omgD -0.013 omg  +0.00 loop   4547
[0mBatt=23.4 [0mODOM [31mVisionX  +0.00 Y  +0.00 theta   +0.0 elt    0 [0mimu  -2.0 Dt    4 LtCy    2 integ.govd   +0.00   +0.00 integ.vbp +0.00 +0.00 omni.gos X     +0.0 ,Y     +0.0. omgD +0.000 omg  +0.00 loop   4438
[0mBatt=23.4 [0mODOM [31mVisionX  +0.00 Y  +0.00 theta   +0.0 elt    0 [0mimu  -2.0 Dt    0 LtCy    0 integ.govd   +0.00   +0.00 integ.vbp +0.00 +0.00 omni.gos X     -0.0 ,Y     -0.1. omgD -0.008 omg  +0.00 loop   4490
[0mBatt=23.4 [0mODOM [31mVisionX  +0.00 Y  +0.00 theta   +0.0 elt    0 [0mimu  -2.0 Dt    6 LtCy    3 integ.govd   -0.00   -0.00 integ.vbp -0.00 -0.00 omni.gos X     -0.0 ,Y     -0.2. omgD -0.017 omg  +0.00 loop   4562
[0mBatt=23.4 [0mODOM [31mVisionX  +0.00 Y  +0.00 theta   +0.0 elt    0 [0mimu  -2.0 Dt    2 LtCy    1 integ.govd   +0.00   -0.00 integ.vbp +0.00 -0.00 omni.gos X     +0.0 ,Y     -0.1. omgD -0.004 omg  +0.00 loop   4433
[0mBatt=23.4 [0mODOM [31mVisionX  +0.00 Y  +0.00 theta   +0.0 elt    0 [0mimu  -2.0 Dt    8 LtCy    4 integ.govd   -0.00   -0.00 integ.vbp -0.00 -0.00 omni.gos X     -0.0 ,Y     -0.1. omgD -0.008 omg  +0.00 loop   4522
[0mBatt=23.4 [0mODOM [31mVisionX  +0.00 Y  +0.00 theta   +0.0 elt    0 [0mimu  -2.0 Dt    4 LtCy    2 integ.govd   +0.00   -0.00 integ.vbp +0.00 -0.00 omni.gos X     +0.0 ,Y     +0.0. omgD +0.000 omg  +0.00 loop   4449
[0mBatt=23.4 [0mODOM [31mVisionX  +0.00 Y  +0.00 theta   +0.0 elt    0 [0mimu  -2.0 Dt    0 LtCy    0 integ.govd   +0.00   +0.00 integ.vbp +0.00 +0.00 omni.gos X     +0.0 ,Y     -0.1. omgD -0.008 omg  +0.00 loop   4482
[0mBatt=23.4 [0mODOM [31mVisionX  +0.00 Y  +0.00 theta   +0.0 elt    0 [0mimu  -2.0 Dt    6 LtCy    3 integ.govd   -0.00   -0.00 integ.vbp -0.00 -0.00 omni.gos X     +0.0 ,Y     -0.1. omgD -0.008 omg  +0.00 loop   4533
[0mBatt=23.4 [0mODOM [31mVisionX  +0.00 Y  +0.00 theta   +0.0 elt    0 [0mimu  -2.0 Dt    2 LtCy    1 integ.govd   -0.00   -0.00 integ.vbp -0.00 -0.00 omni.gos X     -0.0 ,Y     -0.1. omgD -0.008 omg  +0.00 loop   4455
[0mBatt=23.4 [0mODOM [31mVisionX  +0.00 Y  +0.00 theta   +0.0 elt    0 [0mimu  -2.0 Dt    0 LtCy    0 integ.govd   +0.00   +0.00 integ.vbp +0.00 +0.00 omni.gos X     -0.0 ,Y     -0.1. omgD -0.008 omg  +0.00 loop   4464
[0mBatt=23.4 [0mODOM [31mVisionX  +0.00 Y  +0.00 theta   +0.0 elt    0 [0mimu  -2.0 Dt    6 LtCy    3 integ.govd   -0.00   -0.00 integ.vbp -0.00 -0.00 omni.gos X     +0.0 ,Y     -0.1. omgD -0.004 omg  +0.00 loop   4523
[0mBatt=23.4 [0mODOM [31mVisionX  +0.00 Y  +0.00 theta   +0.0 elt    0 [0mimu  -2.0 Dt    0 LtCy    0 integ.govd   +0.00   +0.00 integ.vbp +0.00 +0.00 omni.gos X     +0.0 ,Y     -0.1. omgD -0.008 omg  +0.00 loop   4468
[0mBatt=23.4 [0mODOM [31mVisionX  +0.00 Y  +0.00 theta   +0.0 elt    0 [0mimu  -2.0 Dt    8 LtCy    4 integ.govd   -0.00   -0.00 integ.vbp -0.00 -0.00 omni.gos X     -0.0 ,Y     -0.2. omgD -0.013 omg  +0.00 loop   4565
[0mBatt=23.4 [0mODOM [31mVisionX  +0.00 Y  +0.00 theta   +0.0 elt    0 [0mimu  -2.0 Dt    4 LtCy    2 integ.govd   -0.00   -0.00 integ.vbp -0.00 -0.00 omni.gos X     -0.0 ,Y     -0.2. omgD -0.013 omg  +0.00 loop   4441
[0mBatt=23.4 [0mODOM [31mVisionX  +0.00 Y  +0.00 theta   +0.0 elt    0 [0mimu  -2.0 Dt    8 LtCy    4 integ.govd   -0.00   -0.00 integ.vbp -0.00 -0.00 omni.gos X     +0.0 ,Y     -0.2. omgD -0.013 omg  +0.00 loop   4511
[0mBatt=23.4 [0mODOM [31mVisionX  +0.00 Y  +0.00 theta   +0.0 elt    0 [0mimu  -2.0 Dt    2 LtCy    1 integ.govd   +0.00   -0.00 integ.vbp +0.00 -0.00 omni.gos X     +0.0 ,Y     -0.1. omgD -0.004 omg  +0.00 loop   4455
[0mBatt=23.4 [0mODOM [31mVisionX  +0.00 Y  +0.00 theta   +0.0 elt    0 [0mimu  -2.0 Dt    8 LtCy    4 integ.govd   -0.00   -0.00 integ.vbp -0.00 -0.00 omni.gos X     +0.0 ,Y     -0.2. omgD -0.013 omg  +0.00 loop   4539
[0mBatt=23.4 [0mODOM [31mVisionX  +0.00 Y  +0.00 theta   +0.0 elt    0 [0mimu  -2.0 Dt    4 LtCy    2 integ.govd   +0.00   -0.00 integ.vbp +0.00 -0.00 omni.gos X     +0.0 ,Y     -0.1. omgD -0.004 omg  +0.00 loop   4415
[0mBatt=23.4 [0mODOM [31mVisionX  +0.00 Y  +0.00 theta   +0.0 elt    0 [0mimu  -2.0 Dt    2 LtCy    1 integ.govd   +0.00   -0.00 integ.vbp +0.00 -0.00 omni.gos X     +0.0 ,Y     -0.1. omgD -0.004 omg  +0.00 loop   4481
[0mBatt=23.4 [0mODOM [31mVisionX  +0.00 Y  +0.00 theta   +0.0 elt    0 [0mimu  -2.0 Dt    6 LtCy    3 integ.govd   -0.00   -0.00 integ.vbp -0.00 -0.00 omni.gos X     +0.0 ,Y     -0.2. omgD -0.013 omg  +0.00 loop   4539
[0mBatt=23.4 [0mODOM [31mVisionX  +0.00 Y  +0.00 theta   +0.0 elt    0 [0mimu  -2.0 Dt    2 LtCy    1 integ.govd   +0.00   +0.00 integ.vbp +0.00 +0.00 omni.gos X     +0.0 ,Y     +0.0. omgD +0.000 omg  +0.00 loop   4443
[0mBatt=23.4 [0mODOM [31mVisionX  +0.00 Y  +0.00 theta   +0.0 elt    0 [0mimu  -2.0 Dt    8 LtCy    4 integ.govd   -0.00   -0.00 integ.vbp -0.00 -0.00 omni.gos X     +0.0 ,Y     -0.1. omgD -0.008 omg  +0.00 loop   4575
[0mBatt=23.4 [0mODOM [31mVisionX  +0.00 Y  +0.00 theta   +0.0 elt    0 [0mimu  -2.0 Dt    4 LtCy    2 integ.govd   +0.00   -0.00 integ.vbp +0.00 -0.00 omni.gos X     +0.0 ,Y     -0.1. omgD -0.004 omg  +0.00 loop   4439
[0mBatt=23.4 [0mODOM [31mVisionX  +0.00 Y  +0.00 theta   +0.0 elt    0 [0mimu  -2.0 Dt    0 LtCy    0 integ.govd   +0.00   +0.00 integ.vbp +0.00 +0.00 omni.gos X     +0.0 ,Y     +0.0. omgD +0.000 omg  +0.00 loop   4444
[0mBatt=23.4 [0mODOM [31mVisionX  +0.00 Y  +0.00 theta   +0.0 elt    0 [0mimu  -2.0 Dt    6 LtCy    3 integ.govd   +0.00   -0.00 integ.vbp +0.00 -0.00 omni.gos X     +0.0 ,Y     -0.1. omgD -0.004 omg  +0.00 loop   4559
[0mBatt=23.4 [0mODOM [31mVisionX  +0.00 Y  +0.00 theta   +0.0 elt    0 [0mimu  -2.0 Dt    2 LtCy    1 integ.govd   -0.00   -0.00 integ.vbp -0.00 -0.00 omni.gos X     -0.0 ,Y     -0.1. omgD -0.008 omg  +0.00 loop   4479
[0mBatt=23.4 [0mODOM [31mVisionX  +0.00 Y  +0.00 theta   +0.0 elt    0 [0mimu  -2.0 Dt    8 LtCy    4 integ.govd   -0.00   -0.00 integ.vbp -0.00 -0.00 omni.gos X     -0.0 ,Y     -0.2. omgD -0.013 omg  +0.00 loop   4471
[0mBatt=23.4 [0mODOM [31mVisionX  +0.00 Y  +0.00 theta   +0.0 elt    0 [0mimu  -2.0 Dt    4 LtCy    2 integ.govd   -0.00   -0.00 integ.vbp -0.00 -0.00 omni.gos X     +0.0 ,Y     -0.1. omgD -0.004 omg  +0.00 loop   4466
[0mBatt=23.4 [0mODOM [31mVisionX  +0.00 Y  +0.00 theta   +0.0 elt    0 [0mimu  -2.0 Dt    0 LtCy    0 integ.govd   +0.00   +0.00 integ.vbp +0.00 +0.00 omni.gos X     +0.0 ,Y     -0.2. omgD -0.013 omg  +0.00 loop   4468
[0mBatt=23.4 [0mODOM [31mVisionX  +0.00 Y  +0.00 theta   +0.0 elt    0 [0mimu  -2.0 Dt    6 LtCy    3 integ.govd   -0.00   -0.00 integ.vbp -0.00 -0.00 omni.gos X     +0.0 ,Y     -0.1. omgD -0.008 omg  +0.00 loop   4541
[0mBatt=23.4 [0mODOM [31mVisionX  +0.00 Y  +0.00 theta   +0.0 elt    0 [0mimu  -2.0 Dt    4 LtCy    2 integ.govd   -0.00   -0.00 integ.vbp -0.00 -0.00 omni.gos X     +0.0 ,Y     -0.1. omgD -0.008 omg  +0.00 loop   4441
[0mBatt=23.4 [0mODOM [31mVisionX  +0.00 Y  +0.00 theta   +0.0 elt    0 [0mimu  -2.0 Dt    0 LtCy    0 integ.govd   +0.00   +0.00 integ.vbp +0.00 +0.00 omni.gos X     +0.0 ,Y     +0.0. omgD +0.000 omg  +0.00 loop   4468
[0mBatt=23.4 [0mODOM [31mVisionX  +0.00 Y  +0.00 theta   +0.0 elt    0 [0mimu  -2.0 Dt    4 LtCy    2 integ.govd   -0.00   -0.00 integ.vbp -0.00 -0.00 omni.gos X     -0.0 ,Y     -0.2. omgD -0.013 omg  +0.00 loop   4560
[0mBatt=23.4 [0mODOM [31mVisionX  +0.00 Y  +0.00 theta   +0.0 elt    0 [0mimu  -2.0 Dt    2 LtCy    1 integ.govd   +0.00   +0.00 integ.vbp +0.00 +0.00 omni.gos X     +0.0 ,Y     +0.1. omgD +0.004 omg  +0.00 loop   4432
[0mBatt=23.4 [0mODOM [31mVisionX  +0.00 Y  +0.00 theta   +0.0 elt    0 [0mimu  -2.0 Dt    8 LtCy    4 integ.govd   -0.00   -0.00 integ.vbp -0.00 -0.00 omni.gos X     +0.0 ,Y     -0.1. omgD -0.008 omg  +0.00 loop   4552
[0mBatt=23.4 [0mODOM [31mVisionX  +0.00 Y  +0.00 theta   +0.0 elt    0 [0mimu  -2.0 Dt    2 LtCy    1 integ.govd   +0.00   -0.00 integ.vbp +0.00 -0.00 omni.gos X     +0.0 ,Y     -0.1. omgD -0.004 omg  +0.00 loop   4468
[0mBatt=23.4 [0mODOM [31mVisionX  +0.00 Y  +0.00 theta   +0.0 elt    0 [0mimu  -2.0 Dt    0 LtCy    0 integ.govd   +0.00   +0.00 integ.vbp +0.00 +0.00 omni.gos X     +0.0 ,Y     -0.1. omgD -0.008 omg  +0.00 loop   4463
[0mBatt=23.4 [0mODOM [31mVisionX  +0.00 Y  +0.00 theta   +0.0 elt    0 [0mimu  -2.0 Dt    6 LtCy    3 integ.govd   +0.00   -0.00 integ.vbp +0.00 -0.00 omni.gos X     +0.0 ,Y     -0.1. omgD -0.004 omg  +0.00 loop   4555
[0mBatt=23.4 [0mODOM [31mVisionX  +0.00 Y  +0.00 theta   +0.0 elt    0 [0mimu  -2.0 Dt    2 LtCy    1 integ.govd   -0.00   -0.00 integ.vbp -0.00 -0.00 omni.gos X     -0.0 ,Y     -0.1. omgD -0.008 omg  +0.00 loop   4482
[0mBatt=23.4 [0mODOM [31mVisionX  +0.00 Y  +0.00 theta   +0.0 elt    0 [0mimu  -2.0 Dt    8 LtCy    4 integ.govd   -0.00   -0.00 integ.vbp -0.00 -0.00 omni.gos X     -0.0 ,Y     -0.1. omgD -0.008 omg  +0.00 loop   4510
[0mBatt=23.4 [0mODOM [31mVisionX  +0.00 Y  +0.00 theta   +0.0 elt    0 [0mimu  -2.0 Dt    4 LtCy    2 integ.govd   -0.00   -0.00 integ.vbp -0.00 -0.00 omni.gos X     -0.0 ,Y     -0.1. omgD -0.008 omg  +0.00 loop   4435
[0mBatt=23.4 [0mODOM [31mVisionX  +0.00 Y  +0.00 theta   +0.0 elt    0 [0mimu  -2.0 Dt    0 LtCy    0 integ.govd   +0.00   +0.00 integ.vbp +0.00 +0.00 omni.gos X     +0.0 ,Y     +0.0. omgD +0.000 omg  +0.00 loop   4453
[0mBatt=23.4 [0mODOM [31mVisionX  +0.00 Y  +0.00 theta   +0.0 elt    0 [0mimu  -2.0 Dt    8 LtCy    4 integ.govd   -0.00   -0.00 integ.vbp -0.00 -0.00 omni.gos X     -0.0 ,Y     -0.2. omgD -0.013 omg  +0.00 loop   2219
[0mBatt=23.4 [0mODOM [31mVisionX  +0.00 Y  +0.00 theta   +0.0 elt    0 [0mimu  -2.0 Dt    4 LtCy    2 integ.govd   -0.00   -0.00 integ.vbp -0.00 -0.00 omni.gos X     -0.0 ,Y     -0.2. omgD -0.013 omg  +0.00 loop   4452
[0mBatt=23.4 [0mODOM [31mVisionX  +0.00 Y  +0.00 theta   +0.0 elt    0 [0mimu  -2.0 Dt    0 LtCy    0 integ.govd   +0.00   +0.00 integ.vbp +0.00 +0.00 omni.gos X     +0.0 ,Y     +0.0. omgD +0.000 omg  +0.00 loop   4456
[0mBatt=23.4 [0mODOM [31mVisionX  +0.00 Y  +0.00 theta   +0.0 elt    0 [0mimu  -2.0 Dt    6 LtCy    3 integ.govd   -0.00   -0.00 integ.vbp -0.00 -0.00 omni.gos X     +0.0 ,Y     -0.1. omgD -0.004 omg  +0.00 loop   4570
[0mBatt=23.4 [0mODOM [31mVisionX  +0.00 Y  +0.00 theta   +0.0 elt    0 [0mimu  -2.0 Dt    2 LtCy    1 integ.govd   -0.00   -0.00 integ.vbp -0.00 -0.00 omni.gos X     -0.0 ,Y     -0.2. omgD -0.017 omg  +0.00 loop   4453
[0mBatt=23.4 [0mODOM [31mVisionX  +0.00 Y  +0.00 theta   +0.0 elt    0 [0mimu  -2.0 Dt    8 LtCy    4 integ.govd   +0.00   -0.00 integ.vbp +0.00 -0.00 omni.gos X     +0.0 ,Y     +0.0. omgD +0.000 omg  +0.00 loop   4510
[0mBatt=23.4 [0mODOM [31mVisionX  +0.00 Y  +0.00 theta   +0.0 elt    0 [0mimu  -2.0 Dt    4 LtCy    2 integ.govd   -0.00   -0.00 integ.vbp -0.00 -0.00 omni.gos X     +0.0 ,Y     -0.1. omgD -0.008 omg  +0.00 loop   4489
[0mBatt=23.4 [0mODOM [31mVisionX  +0.00 Y  +0.00 theta   +0.0 elt    0 [0mimu  -2.0 Dt    0 LtCy    0 integ.govd   +0.00   +0.00 integ.vbp +0.00 +0.00 omni.gos X     +0.0 ,Y     +0.1. omgD +0.004 omg  +0.00 loop   4471
[0mBatt=23.4 [0mODOM [31mVisionX  +0.00 Y  +0.00 theta   +0.0 elt    0 [0mimu  -2.0 Dt    6 LtCy    3 integ.govd   -0.00   -0.00 integ.vbp -0.00 -0.00 omni.gos X     +0.0 ,Y     -0.1. omgD -0.004 omg  +0.00 loop   4525
[0mBatt=23.4 [0mODOM [31mVisionX  +0.00 Y  +0.00 theta   +0.0 elt    0 [0mimu  -2.0 Dt    2 LtCy    1 integ.govd   +0.00   -0.00 integ.vbp +0.00 -0.00 omni.gos X     +0.0 ,Y     -0.2. omgD -0.013 omg  +0.00 loop   4472
[0mBatt=23.4 [0mODOM [31mVisionX  +0.00 Y  +0.00 theta   +0.0 elt    0 [0mimu  -2.0 Dt    8 LtCy    4 integ.govd   -0.00   -0.00 integ.vbp -0.00 -0.00 omni.gos X     -0.0 ,Y     -0.2. omgD -0.013 omg  +0.00 loop   4549
[0mBatt=23.4 [0mODOM [31mVisionX  +0.00 Y  +0.00 theta   +0.0 elt    0 [0mimu  -2.0 Dt    4 LtCy    2 integ.govd   +0.00   -0.00 integ.vbp +0.00 -0.00 omni.gos X     +0.0 ,Y     -0.1. omgD -0.004 omg  +0.00 loop   4420
[0mBatt=23.4 [0mODOM [31mVisionX  +0.00 Y  +0.00 theta   +0.0 elt    0 [0mimu  -2.0 Dt    0 LtCy    0 integ.govd   +0.00   +0.00 integ.vbp +0.00 +0.00 omni.gos X     +0.0 ,Y     +0.0. omgD +0.000 omg  +0.00 loop   4471
[0mBatt=23.4 [0mODOM [31mVisionX  +0.00 Y  +0.00 theta   +0.0 elt    0 [0mimu  -2.0 Dt    6 LtCy    3 integ.govd   -0.00   -0.00 integ.vbp -0.00 -0.00 omni.gos X     +0.0 ,Y     -0.2. omgD -0.013 omg  +0.00 loop   4558
[0mBatt=23.4 [0mODOM [31mVisionX  +0.00 Y  +0.00 theta   +0.0 elt    0 [0mimu  -2.0 Dt    2 LtCy    1 integ.govd   +0.00   -0.00 integ.vbp +0.00 -0.00 omni.gos X     +0.0 ,Y     -0.1. omgD -0.004 omg  +0.00 loop   4450
[0mBatt=23.4 [0mODOM [31mVisionX  +0.00 Y  +0.00 theta   +0.0 elt    0 [0mimu  -2.1 Dt    8 LtCy    4 integ.govd   -0.00   -0.00 integ.vbp -0.00 -0.00 omni.gos X     +0.0 ,Y     -0.1. omgD -0.008 omg  +0.00 loop   4536
[0mBatt=23.4 [0mODOM [31mVisionX  +0.00 Y  +0.00 theta   +0.0 elt    0 [0mimu  -2.1 Dt    4 LtCy    2 integ.govd   -0.00   -0.00 integ.vbp -0.00 -0.00 omni.gos X     +0.0 ,Y     -0.1. omgD -0.006 omg  +0.00 loop   4472
[0mBatt=23.4 [0mODOM [31mVisionX  +0.00 Y  +0.00 theta   +0.0 elt    0 [0mimu  -2.1 Dt    0 LtCy    0 integ.govd   +0.00   +0.00 integ.vbp +0.00 +0.00 omni.gos X     +0.0 ,Y     -0.1. omgD -0.004 omg  +0.00 loop   4453
[0mBatt=23.4 [0mODOM [31mVisionX  +0.00 Y  +0.00 theta   +0.0 elt    0 [0mimu  -2.1 Dt    4 LtCy    2 integ.govd   -0.00   -0.00 integ.vbp -0.00 -0.00 omni.gos X     -0.0 ,Y     -0.1. omgD -0.011 omg  +0.00 loop   4541
[0mBatt=23.4 [0mODOM [31mVisionX  +0.00 Y  +0.00 theta   +0.0 elt    0 [0mimu  -2.1 Dt    0 LtCy    0 integ.govd   +0.00   +0.00 integ.vbp +0.00 +0.00 omni.gos X     +0.0 ,Y     -0.1. omgD -0.008 omg  +0.00 loop   4469
[0mBatt=23.4 [0mODOM [31mVisionX  +0.00 Y  +0.00 theta   +0.0 elt    0 [0mimu  -2.1 Dt    6 LtCy    3 integ.govd   -0.00   -0.00 integ.vbp -0.00 -0.00 omni.gos X     -0.0 ,Y     -0.1. omgD -0.008 omg  +0.00 loop   4559
[0mBatt=23.4 [0mODOM [31mVisionX  +0.00 Y  +0.00 theta   +0.0 elt    0 [0mimu  -2.1 Dt    2 LtCy    1 integ.govd   +0.00   -0.00 integ.vbp +0.00 -0.00 omni.gos X     +0.0 ,Y     -0.1. omgD -0.006 omg  +0.00 loop   4424
[0mBatt=23.4 [0mODOM [31mVisionX  +0.00 Y  +0.00 theta   +0.0 elt    0 [0mimu  -2.1 Dt    8 LtCy    4 integ.govd   -0.00   -0.00 integ.vbp -0.00 -0.00 omni.gos X     +0.0 ,Y     -0.1. omgD -0.008 omg  +0.00 loop   4507
[0mBatt=23.4 [0mODOM [31mVisionX  +0.00 Y  +0.00 theta   +0.0 elt    0 [0mimu  -2.1 Dt    4 LtCy    2 integ.govd   +0.00   -0.00 integ.vbp +0.00 -0.00 omni.gos X     +0.0 ,Y     -0.0. omgD -0.002 omg  +0.00 loop   4500
[0mBatt=23.4 [0mODOM [31mVisionX  +0.00 Y  +0.00 theta   +0.0 elt    0 [0mimu  -2.1 Dt    0 LtCy    0 integ.govd   +0.00   +0.00 integ.vbp +0.00 +0.00 omni.gos X     -0.0 ,Y     -0.2. omgD -0.017 omg  +0.00 loop   4448
[0mBatt=23.4 [0mODOM [31mVisionX  +0.00 Y  +0.00 theta   +0.0 elt    0 [0mimu  -2.1 Dt    6 LtCy    3 integ.govd   -0.00   -0.00 integ.vbp -0.00 -0.00 omni.gos X     -0.0 ,Y     -0.2. omgD -0.013 omg  +0.00 loop   4544
[0mBatt=23.4 [0mODOM [31mVisionX  +0.00 Y  +0.00 theta   +0.0 elt    0 [0mimu  -2.1 Dt    2 LtCy    1 integ.govd   +0.00   -0.00 integ.vbp +0.00 -0.00 omni.gos X     +0.0 ,Y     -0.1. omgD -0.011 omg  +0.00 loop   4459
[0mBatt=23.4 [0mODOM [31mVisionX  +0.00 Y  +0.00 theta   +0.0 elt    0 [0mimu  -2.1 Dt    8 LtCy    4 integ.govd   +0.00   +0.00 integ.vbp +0.00 +0.00 omni.gos X     +0.0 ,Y     +0.0. omgD +0.000 omg  +0.00 loop   4479
[0mBatt=23.4 [0mODOM [31mVisionX  +0.00 Y  +0.00 theta   +0.0 elt    0 [0mimu  -2.1 Dt    4 LtCy    2 integ.govd   -0.00   -0.00 integ.vbp -0.00 -0.00 omni.gos X     -0.0 ,Y     -0.1. omgD -0.006 omg  +0.00 loop   4507
[0mBatt=23.4 [0mODOM [31mVisionX  +0.00 Y  +0.00 theta   +0.0 elt    0 [0mimu  -2.1 Dt    2 LtCy    1 integ.govd   -0.00   -0.00 integ.vbp -0.00 -0.00 omni.gos X     -0.0 ,Y     -0.1. omgD -0.008 omg  +0.00 loop   4467
[0mBatt=23.4 [0mODOM [31mVisionX  +0.00 Y  +0.00 theta   +0.0 elt    0 [0mimu  -2.1 Dt    6 LtCy    3 integ.govd   +0.00   -0.00 integ.vbp +0.00 -0.00 omni.gos X     +0.0 ,Y     -0.1. omgD -0.008 omg  +0.00 loop   4512
[0mBatt=23.4 [0mODOM [31mVisionX  +0.00 Y  +0.00 theta   +0.0 elt    0 [0mimu  -2.1 Dt    2 LtCy    1 integ.govd   +0.00   -0.00 integ.vbp +0.00 -0.00 omni.gos X     +0.0 ,Y     -0.1. omgD -0.008 omg  +0.00 loop   4446
[0mBatt=23.4 [0mODOM [31mVisionX  +0.00 Y  +0.00 theta   +0.0 elt    0 [0mimu  -2.1 Dt    8 LtCy    4 integ.govd   -0.00   -0.00 integ.vbp -0.00 -0.00 omni.gos X     +0.0 ,Y     -0.1. omgD -0.008 omg  +0.00 loop   4536
[0mBatt=23.4 [0mODOM [31mVisionX  +0.00 Y  +0.00 theta   +0.0 elt    0 [0mimu  -2.1 Dt    4 LtCy    2 integ.govd   -0.00   -0.00 integ.vbp -0.00 -0.00 omni.gos X     -0.0 ,Y     -0.1. omgD -0.008 omg  +0.00 loop   4461
[0mBatt=23.4 [0mODOM [31mVisionX  +0.00 Y  +0.00 theta   +0.0 elt    0 [0mimu  -2.1 Dt    0 LtCy    0 integ.govd   +0.00   +0.00 integ.vbp +0.00 +0.00 omni.gos X     +0.0 ,Y     -0.1. omgD -0.006 omg  +0.00 loop   4435
[0mBatt=23.4 [0mODOM [31mVisionX  +0.00 Y  +0.00 theta   +0.0 elt    0 [0mimu  -2.1 Dt    6 LtCy    3 integ.govd   -0.00   -0.00 integ.vbp -0.00 -0.00 omni.gos X     -0.0 ,Y     -0.1. omgD -0.011 omg  +0.00 loop   4567
[0mBatt=23.4 [0mODOM [31mVisionX  +0.00 Y  +0.00 theta   +0.0 elt    0 [0mimu  -2.1 Dt    2 LtCy    1 integ.govd   -0.00   -0.00 integ.vbp -0.00 -0.00 omni.gos X     -0.0 ,Y     -0.1. omgD -0.004 omg  +0.00 loop   4456
[0mBatt=23.4 [0mODOM [31mVisionX  +0.00 Y  +0.00 theta   +0.0 elt    0 [0mimu  -2.1 Dt    8 LtCy    4 integ.govd   -0.00   -0.00 integ.vbp -0.00 -0.00 omni.gos X     -0.0 ,Y     -0.1. omgD -0.004 omg  +0.00 loop   4511
[0mBatt=23.4 [0mODOM [31mVisionX  +0.00 Y  +0.00 theta   +0.0 elt    0 [0mimu  -2.1 Dt    2 LtCy    1 integ.govd   -0.00   -0.00 integ.vbp -0.00 -0.00 omni.gos X     -0.0 ,Y     -0.1. omgD -0.008 omg  +0.00 loop   4445
[0mBatt=23.4 [0mODOM [31mVisionX  +0.00 Y  +0.00 theta   +0.0 elt    0 [0mimu  -2.1 Dt    6 LtCy    3 integ.govd   -0.00   -0.00 integ.vbp -0.00 -0.00 omni.gos X     -0.0 ,Y     -0.2. omgD -0.013 omg  +0.00 loop   4526
[0mBatt=23.4 [0mODOM [31mVisionX  +0.00 Y  +0.00 theta   +0.0 elt    0 [0mimu  -2.1 Dt    0 LtCy    0 integ.govd   +0.00   +0.00 integ.vbp +0.00 +0.00 omni.gos X     -0.0 ,Y     -0.1. omgD -0.004 omg  +0.00 loop   4444
[0mBatt=23.4 [0mODOM [31mVisionX  +0.00 Y  +0.00 theta   +0.0 elt    0 [0mimu  -2.1 Dt    6 LtCy    3 integ.govd   -0.00   -0.00 integ.vbp -0.00 -0.00 omni.gos X     -0.0 ,Y     -0.1. omgD -0.008 omg  +0.00 loop   4538
[0mBatt=23.4 [0mODOM [31mVisionX  +0.00 Y  +0.00 theta   +0.0 elt    0 [0mimu  -2.1 Dt    2 LtCy    1 integ.govd   +0.00   +0.00 integ.vbp +0.00 +0.00 omni.gos X     +0.0 ,Y     +0.1. omgD +0.004 omg  +0.00 loop   4467
[0mBatt=23.4 [0mODOM [31mVisionX  +0.00 Y  +0.00 theta   +0.0 elt    0 [0mimu  -2.1 Dt    8 LtCy    4 integ.govd   +0.00   -0.00 integ.vbp +0.00 -0.00 omni.gos X     +0.0 ,Y     -0.1. omgD -0.008 omg  +0.00 loop   4515
[0mBatt=23.4 [0mODOM [31mVisionX  +0.00 Y  +0.00 theta   +0.0 elt    0 [0mimu  -2.1 Dt    4 LtCy    2 integ.govd   -0.00   -0.00 integ.vbp -0.00 -0.00 omni.gos X     +0.0 ,Y     -0.1. omgD -0.004 omg  +0.00 loop   4458
[0mBatt=23.4 [0mODOM [31mVisionX  +0.00 Y  +0.00 theta   +0.0 elt    0 [0mimu  -2.1 Dt    0 LtCy    0 integ.govd   +0.00   +0.00 integ.vbp +0.00 +0.00 omni.gos X     -0.0 ,Y     -0.1. omgD -0.004 omg  +0.00 loop   4470
[0mBatt=23.4 [0mODOM [31mVisionX  +0.00 Y  +0.00 theta   +0.0 elt    0 [0mimu  -2.1 Dt    6 LtCy    3 integ.govd   -0.00   -0.00 integ.vbp -0.00 -0.00 omni.gos X     -0.0 ,Y     -0.2. omgD -0.017 omg  +0.00 loop   4559
[0mBatt=23.4 [0mODOM [31mVisionX  +0.00 Y  +0.00 theta   +0.0 elt    0 [0mimu  -2.1 Dt    2 LtCy    1 integ.govd   -0.00   -0.00 integ.vbp -0.00 -0.00 omni.gos X     -0.0 ,Y     -0.1. omgD -0.008 omg  +0.00 loop   4434
[0mBatt=23.4 [0mODOM [31mVisionX  +0.00 Y  +0.00 theta   +0.0 elt    0 [0mimu  -2.1 Dt    8 LtCy    4 integ.govd   -0.00   -0.00 integ.vbp -0.00 -0.00 omni.gos X     +0.0 ,Y     -0.1. omgD -0.004 omg  +0.00 loop   4526
[0mBatt=23.4 [0mODOM [31mVisionX  +0.00 Y  +0.00 theta   +0.0 elt    0 [0mimu  -2.1 Dt    2 LtCy    1 integ.govd   -0.00   -0.00 integ.vbp -0.00 -0.00 omni.gos X     -0.0 ,Y     -0.2. omgD -0.013 omg  +0.00 loop   4466
[0mBatt=23.4 [0mODOM [31mVisionX  +0.00 Y  +0.00 theta   +0.0 elt    0 [0mimu  -2.1 Dt    8 LtCy    4 integ.govd   -0.00   -0.00 integ.vbp -0.00 -0.00 omni.gos X     +0.0 ,Y     +0.0. omgD +0.000 omg  +0.00 loop   4472
[0mBatt=23.4 [0mODOM [31mVisionX  +0.00 Y  +0.00 theta   +0.0 elt    0 [0mimu  -2.1 Dt    4 LtCy    2 integ.govd   -0.00   -0.00 integ.vbp -0.00 -0.00 omni.gos X     +0.0 ,Y     -0.1. omgD -0.004 omg  +0.00 loop   4474
[0mBatt=23.4 [0mODOM [31mVisionX  +0.00 Y  +0.00 theta   +0.0 elt    0 [0mimu  -2.1 Dt    0 LtCy    0 integ.govd   +0.00   +0.00 integ.vbp +0.00 +0.00 omni.gos X     -0.0 ,Y     -0.1. omgD -0.004 omg  +0.00 loop   4470
[0mBatt=23.4 [0mODOM [31mVisionX  +0.00 Y  +0.00 theta   +0.0 elt    0 [0mimu  -2.1 Dt    6 LtCy    3 integ.govd   -0.00   -0.00 integ.vbp -0.00 -0.00 omni.gos X     -0.0 ,Y     -0.1. omgD -0.008 omg  +0.00 loop   4534
[0mBatt=23.4 [0mODOM [31mVisionX  +0.00 Y  +0.00 theta   +0.0 elt    0 [0mimu  -2.1 Dt    4 LtCy    2 integ.govd   -0.00   -0.00 integ.vbp -0.00 -0.00 omni.gos X     +0.0 ,Y     -0.1. omgD -0.004 omg  +0.00 loop   4435
[0mBatt=23.4 [0mODOM [31mVisionX  +0.00 Y  +0.00 theta   +0.0 elt    0 [0mimu  -2.1 Dt    8 LtCy    4 integ.govd   -0.00   -0.00 integ.vbp -0.00 -0.00 omni.gos X     +0.0 ,Y     -0.1. omgD -0.004 omg  +0.00 loop   4537
[0mBatt=23.4 [0mODOM [31mVisionX  +0.00 Y  +0.00 theta   +0.0 elt    0 [0mimu  -2.1 Dt    4 LtCy    2 integ.govd   +0.00   -0.00 integ.vbp +0.00 -0.00 omni.gos X     +0.0 ,Y     +0.0. omgD +0.000 omg  +0.00 loop   4470
[0mBatt=23.4 [0mODOM [31mVisionX  +0.00 Y  +0.00 theta   +0.0 elt    0 [0mimu  -2.1 Dt    0 LtCy    0 integ.govd   +0.00   +0.00 integ.vbp +0.00 +0.00 omni.gos X     -0.0 ,Y     -0.1. omgD -0.008 omg  +0.00 loop   4452
[0mBatt=23.4 [0mODOM [31mVisionX  +0.00 Y  +0.00 theta   +0.0 elt    0 [0mimu  -2.1 Dt    6 LtCy    3 integ.govd   +0.00   -0.00 integ.vbp +0.00 -0.00 omni.gos X     +0.0 ,Y     -0.1. omgD -0.004 omg  +0.00 loop   4558
[0mBatt=23.4 [0mODOM [31mVisionX  +0.00 Y  +0.00 theta   +0.0 elt    0 [0mimu  -2.1 Dt    0 LtCy    0 integ.govd   +0.00   +0.00 integ.vbp +0.00 +0.00 omni.gos X     -0.0 ,Y     -0.1. omgD -0.008 omg  +0.00 loop   4473
[0mBatt=23.4 [0mODOM [31mVisionX  +0.00 Y  +0.00 theta   +0.0 elt    0 [0mimu  -2.1 Dt    6 LtCy    3 integ.govd   -0.00   -0.00 integ.vbp -0.00 -0.00 omni.gos X     -0.0 ,Y     -0.1. omgD -0.008 omg  +0.00 loop   4528
[0mBatt=23.4 [0mODOM [31mVisionX  +0.00 Y  +0.00 theta   +0.0 elt    0 [0mimu  -2.1 Dt    2 LtCy    1 integ.govd   +0.00   -0.00 integ.vbp +0.00 -0.00 omni.gos X     +0.0 ,Y     -0.1. omgD -0.004 omg  +0.00 loop   4451
[0mBatt=23.4 [0mODOM [31mVisionX  +0.00 Y  +0.00 theta   +0.0 elt    0 [0mimu  -2.1 Dt    8 LtCy    4 integ.govd   -0.00   -0.00 integ.vbp -0.00 -0.00 omni.gos X     -0.0 ,Y     -0.2. omgD -0.013 omg  +0.00 loop   4528
[0mBatt=23.4 [0mODOM [31mVisionX  +0.00 Y  +0.00 theta   +0.0 elt    0 [0mimu  -2.1 Dt    6 LtCy    3 integ.govd   -0.00   -0.00 integ.vbp -0.00 -0.00 omni.gos X     -0.0 ,Y     -0.2. omgD -0.013 omg  +0.00 loop   2133
[0mBatt=23.4 [0mODOM [31mVisionX  +0.00 Y  +0.00 theta   +0.0 elt    0 [0mimu  -2.1 Dt    2 LtCy    1 integ.govd   +0.00   -0.00 integ.vbp +0.00 -0.00 omni.gos X     +0.0 ,Y     -0.1. omgD -0.008 omg  +0.00 loop   4424
[0mBatt=23.4 [0mODOM [31mVisionX  +0.00 Y  +0.00 theta   +0.0 elt    0 [0mimu  -2.1 Dt    8 LtCy    4 integ.govd   -0.00   -0.00 integ.vbp -0.00 -0.00 omni.gos X     +0.0 ,Y     -0.1. omgD -0.004 omg  +0.00 loop   4556
[0mBatt=23.4 [0mODOM [31mVisionX  +0.00 Y  +0.00 theta   +0.0 elt    0 [0mimu  -2.1 Dt    4 LtCy    2 integ.govd   +0.00   +0.00 integ.vbp +0.00 +0.00 omni.gos X     +0.0 ,Y     +0.0. omgD +0.000 omg  +0.00 loop   4462
[0mBatt=23.4 [0mODOM [31mVisionX  +0.00 Y  +0.00 theta   +0.0 elt    0 [0mimu  -2.1 Dt    0 LtCy    0 integ.govd   +0.00   +0.00 integ.vbp +0.00 +0.00 omni.gos X     +0.0 ,Y     -0.1. omgD -0.008 omg  +0.00 loop   4483
[0mBatt=23.4 [0mODOM [31mVisionX  +0.00 Y  +0.00 theta   +0.0 elt    0 [0mimu  -2.1 Dt    6 LtCy    3 integ.govd   -0.00   -0.00 integ.vbp -0.00 -0.00 omni.gos X     -0.0 ,Y     -0.2. omgD -0.017 omg  +0.00 loop   4559
[0mBatt=23.4 [0mODOM [31mVisionX  +0.00 Y  +0.00 theta   +0.0 elt    0 [0mimu  -2.1 Dt    2 LtCy    1 integ.govd   +0.00   -0.00 integ.vbp +0.00 -0.00 omni.gos X     +0.0 ,Y     -0.1. omgD -0.008 omg  +0.00 loop   4449
[0mBatt=23.4 [0mODOM [31mVisionX  +0.00 Y  +0.00 theta   +0.0 elt    0 [0mimu  -2.1 Dt    8 LtCy    4 integ.govd   -0.00   -0.00 integ.vbp -0.00 -0.00 omni.gos X     -0.0 ,Y     -0.1. omgD -0.008 omg  +0.00 loop   4498
[0mBatt=23.4 [0mODOM [31mVisionX  +0.00 Y  +0.00 theta   +0.0 elt    0 [0mimu  -2.1 Dt    4 LtCy    2 integ.govd   -0.00   -0.00 integ.vbp -0.00 -0.00 omni.gos X     +0.0 ,Y     -0.1. omgD -0.008 omg  +0.00 loop   4459
[0mBatt=23.4 [0mODOM [31mVisionX  +0.00 Y  +0.00 theta   +0.0 elt    0 [0mimu  -2.1 Dt    0 LtCy    0 integ.govd   +0.00   +0.00 integ.vbp +0.00 +0.00 omni.gos X     -0.0 ,Y     -0.2. omgD -0.013 omg  +0.00 loop   4472
[0mBatt=23.4 [0mODOM [31mVisionX  +0.00 Y  +0.00 theta   +0.0 elt    0 [0mimu  -2.1 Dt    6 LtCy    3 integ.govd   -0.00   -0.00 integ.vbp -0.00 -0.00 omni.gos X     +0.0 ,Y     -0.1. omgD -0.008 omg  +0.00 loop   4549
[0mBatt=23.4 [0mODOM [31mVisionX  +0.00 Y  +0.00 theta   +0.0 elt    0 [0mimu  -2.1 Dt    4 LtCy    2 integ.govd   -0.00   -0.00 integ.vbp -0.00 -0.00 omni.gos X     +0.0 ,Y     -0.1. omgD -0.004 omg  +0.00 loop   4433
[0mBatt=23.4 [0mODOM [31mVisionX  +0.00 Y  +0.00 theta   +0.0 elt    0 [0mimu  -2.1 Dt    8 LtCy    4 integ.govd   -0.00   -0.00 integ.vbp -0.00 -0.00 omni.gos X     +0.0 ,Y     -0.1. omgD -0.004 omg  +0.00 loop   4514
[0mBatt=23.4 [0mODOM [31mVisionX  +0.00 Y  +0.00 theta   +0.0 elt    0 [0mimu  -2.1 Dt    4 LtCy    2 integ.govd   -0.00   -0.00 integ.vbp -0.00 -0.00 omni.gos X     -0.0 ,Y     -0.1. omgD -0.004 omg  +0.00 loop   4474
[0mBatt=23.4 [0mODOM [31mVisionX  +0.00 Y  +0.00 theta   +0.0 elt    0 [0mimu  -2.1 Dt    0 LtCy    0 integ.govd   +0.00   +0.00 integ.vbp +0.00 +0.00 omni.gos X     +0.0 ,Y     -0.1. omgD -0.008 omg  +0.00 loop   4427
[0mBatt=23.4 [0mODOM [31mVisionX  +0.00 Y  +0.00 theta   +0.0 elt    0 [0mimu  -2.1 Dt    6 LtCy    3 integ.govd   -0.00   -0.00 integ.vbp -0.00 -0.00 omni.gos X     -0.0 ,Y     -0.1. omgD -0.008 omg  +0.00 loop   4549
[0mBatt=23.4 [0mODOM [31mVisionX  +0.00 Y  +0.00 theta   +0.0 elt    0 [0mimu  -2.1 Dt    4 LtCy    2 integ.govd   -0.00   -0.00 integ.vbp -0.00 -0.00 omni.gos X     -0.0 ,Y     -0.2. omgD -0.013 omg  +0.00 loop   4465
[0mBatt=23.4 [0mODOM [31mVisionX  +0.00 Y  +0.00 theta   +0.0 elt    0 [0mimu  -2.1 Dt    8 LtCy    4 integ.govd   -0.00   -0.00 integ.vbp -0.00 -0.00 omni.gos X     +0.0 ,Y     -0.2. omgD -0.013 omg  +0.00 loop   4496
[0mBatt=23.4 [0mODOM [31mVisionX  +0.00 Y  +0.00 theta   +0.0 elt    0 [0mimu  -2.1 Dt    4 LtCy    2 integ.govd   -0.00   -0.00 integ.vbp -0.00 -0.00 omni.gos X     +0.0 ,Y     -0.1. omgD -0.008 omg  +0.00 loop   4433
[0mBatt=23.4 [0mODOM [31mVisionX  +0.00 Y  +0.00 theta   +0.0 elt    0 [0mimu  -2.1 Dt    0 LtCy    0 integ.govd   +0.00   +0.00 integ.vbp +0.00 +0.00 omni.gos X     +0.0 ,Y     -0.1. omgD -0.004 omg  +0.00 loop   4461
[0mBatt=23.4 [0mODOM [31mVisionX  +0.00 Y  +0.00 theta   +0.0 elt    0 [0mimu  -2.1 Dt    6 LtCy    3 integ.govd   -0.00   -0.00 integ.vbp -0.00 -0.00 omni.gos X     -0.0 ,Y     -0.1. omgD -0.004 omg  +0.00 loop   4540
[0mBatt=23.4 [0mODOM [31mVisionX  +0.00 Y  +0.00 theta   +0.0 elt    0 [0mimu  -2.1 Dt    4 LtCy    2 integ.govd   -0.00   -0.00 integ.vbp -0.00 -0.00 omni.gos X     -0.0 ,Y     -0.1. omgD -0.008 omg  +0.00 loop   4432
[0mBatt=23.4 [0mODOM [31mVisionX  +0.00 Y  +0.00 theta   +0.0 elt    0 [0mimu  -2.1 Dt    8 LtCy    4 integ.govd   -0.00   -0.00 integ.vbp -0.00 -0.00 omni.gos X     +0.0 ,Y     -0.1. omgD -0.008 omg  +0.00 loop   4505
[0mBatt=23.4 [0mODOM [31mVisionX  +0.00 Y  +0.00 theta   +0.0 elt    0 [0mimu  -2.1 Dt    4 LtCy    2 integ.govd   -0.00   -0.00 integ.vbp -0.00 -0.00 omni.gos X     -0.0 ,Y     -0.2. omgD -0.013 omg  +0.00 loop   4460
[0mBatt=23.4 [0mODOM [31mVisionX  +0.00 Y  +0.00 theta   +0.0 elt    0 [0mimu  -2.1 Dt    2 LtCy    1 integ.govd   +0.00   -0.00 integ.vbp +0.00 -0.00 omni.gos X     +0.0 ,Y     -0.1. omgD -0.008 omg  +0.00 loop   4429
[0mBatt=23.4 [0mODOM [31mVisionX  +0.00 Y  +0.00 theta   +0.0 elt    0 [0mimu  -2.1 Dt    6 LtCy    3 integ.govd   -0.00   -0.00 integ.vbp -0.00 -0.00 omni.gos X     -0.0 ,Y     -0.1. omgD -0.004 omg  +0.00 loop   4544
[0mBatt=23.4 [0mODOM [31mVisionX  +0.00 Y  +0.00 theta   +0.0 elt    0 [0mimu  -2.1 Dt    2 LtCy    1 integ.govd   +0.00   +0.00 integ.vbp +0.00 +0.00 omni.gos X     +0.0 ,Y     +0.1. omgD +0.004 omg  +0.00 loop   4461
[0mBatt=23.4 [0mODOM [31mVisionX  +0.00 Y  +0.00 theta   +0.0 elt    0 [0mimu  -2.1 Dt    8 LtCy    4 integ.govd   -0.00   -0.00 integ.vbp -0.00 -0.00 omni.gos X     -0.0 ,Y     -0.2. omgD -0.013 omg  +0.00 loop   4519
[0mBatt=23.4 [0mODOM [31mVisionX  +0.00 Y  +0.00 theta   +0.0 elt    0 [0mimu  -2.1 Dt    4 LtCy    2 integ.govd   -0.00   -0.00 integ.vbp -0.00 -0.00 omni.gos X     -0.0 ,Y     -0.1. omgD -0.008 omg  +0.00 loop   4412
[0mBatt=23.4 [0mODOM [31mVisionX  +0.00 Y  +0.00 theta   +0.0 elt    0 [0mimu  -2.1 Dt    0 LtCy    0 integ.govd   +0.00   +0.00 integ.vbp +0.00 +0.00 omni.gos X     +0.0 ,Y     -0.1. omgD -0.008 omg  +0.00 loop   4452
[0mBatt=23.4 [0mODOM [31mVisionX  +0.00 Y  +0.00 theta   +0.0 elt    0 [0mimu  -2.1 Dt    6 LtCy    3 integ.govd   -0.00   -0.00 integ.vbp -0.00 -0.00 omni.gos X     -0.0 ,Y     -0.1. omgD -0.008 omg  +0.00 loop   4542
[0mBatt=23.4 [0mODOM [31mVisionX  +0.00 Y  +0.00 theta   +0.0 elt    0 [0mimu  -2.1 Dt    2 LtCy    1 integ.govd   +0.00   -0.00 integ.vbp +0.00 -0.00 omni.gos X     +0.0 ,Y     -0.1. omgD -0.008 omg  +0.00 loop   4429
[0mBatt=23.4 [0mODOM [31mVisionX  +0.00 Y  +0.00 theta   +0.0 elt    0 [0mimu  -2.1 Dt    8 LtCy    4 integ.govd   -0.00   -0.00 integ.vbp -0.00 -0.00 omni.gos X     -0.0 ,Y     -0.1. omgD -0.008 omg  +0.00 loop   4487
[0mBatt=23.4 [0mODOM [31mVisionX  +0.00 Y  +0.00 theta   +0.0 elt    0 [0mimu  -2.1 Dt    6 LtCy    3 integ.govd   -0.00   -0.00 integ.vbp -0.00 -0.00 omni.gos X     -0.0 ,Y     -0.2. omgD -0.013 omg  +0.00 loop   4514
[0mBatt=23.4 [0mODOM [31mVisionX  +0.00 Y  +0.00 theta   +0.0 elt    0 [0mimu  -2.1 Dt    0 LtCy    0 integ.govd   +0.00   +0.00 integ.vbp +0.00 +0.00 omni.gos X     -0.0 ,Y     -0.2. omgD -0.013 omg  +0.00 loop   4426
[0mBatt=23.4 [0mODOM [31mVisionX  +0.00 Y  +0.00 theta   +0.0 elt    0 [0mimu  -2.1 Dt    6 LtCy    3 integ.govd   +0.00   -0.00 integ.vbp +0.00 -0.00 omni.gos X     +0.0 ,Y     -0.1. omgD -0.004 omg  +0.00 loop   4560
[0mBatt=23.4 [0mODOM [31mVisionX  +0.00 Y  +0.00 theta   +0.0 elt    0 [0mimu  -2.1 Dt    2 LtCy    1 integ.govd   -0.00   -0.00 integ.vbp -0.00 -0.00 omni.gos X     -0.0 ,Y     -0.1. omgD -0.008 omg  +0.00 loop   4476
[0mBatt=23.4 [0mODOM [31mVisionX  +0.00 Y  +0.00 theta   +0.0 elt    0 [0mimu  -2.1 Dt    8 LtCy    4 integ.govd   +0.00   +0.00 integ.vbp +0.00 +0.00 omni.gos X     +0.0 ,Y     +0.0. omgD +0.000 omg  +0.00 loop   4495
[0mBatt=23.4 [0mODOM [31mVisionX  +0.00 Y  +0.00 theta   +0.0 elt    0 [0mimu  -2.1 Dt    2 LtCy    1 integ.govd   -0.00   -0.00 integ.vbp -0.00 -0.00 omni.gos X     -0.0 ,Y     -0.2. omgD -0.013 omg  +0.00 loop   4494
[0mBatt=23.4 [0mODOM [31mVisionX  +0.00 Y  +0.00 theta   +0.0 elt    0 [0mimu  -2.1 Dt    8 LtCy    4 integ.govd   -0.00   -0.00 integ.vbp -0.00 -0.00 omni.gos X     -0.0 ,Y     -0.2. omgD -0.017 omg  +0.00 loop   4528
[0mBatt=23.4 [0mODOM [31mVisionX  +0.00 Y  +0.00 theta   +0.0 elt    0 [0mimu  -2.1 Dt    4 LtCy    2 integ.govd   -0.00   -0.00 integ.vbp -0.00 -0.00 omni.gos X     -0.0 ,Y     -0.1. omgD -0.008 omg  +0.00 loop   4440
[0mBatt=23.4 [0mODOM [31mVisionX  +0.00 Y  +0.00 theta   +0.0 elt    0 [0mimu  -2.1 Dt    0 LtCy    0 integ.govd   +0.00   +0.00 integ.vbp +0.00 +0.00 omni.gos X     +0.0 ,Y     -0.1. omgD -0.004 omg  +0.00 loop   4449
[0mBatt=23.4 [0mODOM [31mVisionX  +0.00 Y  +0.00 theta   +0.0 elt    0 [0mimu  -2.1 Dt    6 LtCy    3 integ.govd   -0.00   -0.00 integ.vbp -0.00 -0.00 omni.gos X     +0.0 ,Y     -0.1. omgD -0.008 omg  +0.00 loop   4570
[0mBatt=23.4 [0mODOM [31mVisionX  +0.00 Y  +0.00 theta   +0.0 elt    0 [0mimu  -2.1 Dt    0 LtCy    0 integ.govd   +0.00   +0.00 integ.vbp +0.00 +0.00 omni.gos X     +0.0 ,Y     -0.1. omgD -0.004 omg  +0.00 loop   4442
[0mBatt=23.4 [0mODOM [31mVisionX  +0.00 Y  +0.00 theta   +0.0 elt    0 [0mimu  -2.1 Dt    6 LtCy    3 integ.govd   -0.00   -0.00 integ.vbp -0.00 -0.00 omni.gos X     -0.0 ,Y     -0.1. omgD -0.008 omg  +0.00 loop   4547
[0mBatt=23.4 [0mODOM [31mVisionX  +0.00 Y  +0.00 theta   +0.0 elt    0 [0mimu  -2.1 Dt    2 LtCy    1 integ.govd   +0.00   -0.00 integ.vbp +0.00 -0.00 omni.gos X     +0.0 ,Y     -0.1. omgD -0.008 omg  +0.00 loop   4459
[0mBatt=23.4 [0mODOM [31mVisionX  +0.00 Y  +0.00 theta   +0.0 elt    0 [0mimu  -2.1 Dt    8 LtCy    4 integ.govd   -0.00   -0.00 integ.vbp -0.00 -0.00 omni.gos X     -0.0 ,Y     -0.1. omgD -0.006 omg  +0.00 loop   4547
[0mBatt=23.4 [0mODOM [31mVisionX  +0.00 Y  +0.00 theta   +0.0 elt    0 [0mimu  -2.1 Dt    4 LtCy    2 integ.govd   -0.00   -0.00 integ.vbp -0.00 -0.00 omni.gos X     +0.0 ,Y     -0.1. omgD -0.006 omg  +0.00 loop   4415
[0mBatt=23.4 [0mODOM [31mVisionX  +0.00 Y  +0.00 theta   +0.0 elt    0 [0mimu  -2.1 Dt    0 LtCy    0 integ.govd   +0.00   +0.00 integ.vbp +0.00 +0.00 omni.gos X     -0.0 ,Y     -0.2. omgD -0.013 omg  +0.00 loop   4460
[0mBatt=23.4 [0mODOM [31mVisionX  +0.00 Y  +0.00 theta   +0.0 elt    0 [0mimu  -2.1 Dt    4 LtCy    2 integ.govd   -0.00   -0.00 integ.vbp -0.00 -0.00 omni.gos X     -0.0 ,Y     -0.1. omgD -0.008 omg  +0.00 loop   4560
[0mBatt=23.4 [0mODOM [31mVisionX  +0.00 Y  +0.00 theta   +0.0 elt    0 [0mimu  -2.1 Dt    2 LtCy    1 integ.govd   +0.00   -0.00 integ.vbp +0.00 -0.00 omni.gos X     +0.0 ,Y     -0.1. omgD -0.006 omg  +0.00 loop   4428
[0mBatt=23.4 [0mODOM [31mVisionX  +0.00 Y  +0.00 theta   +0.0 elt    0 [0mimu  -2.1 Dt    8 LtCy    4 integ.govd   +0.00   -0.00 integ.vbp +0.00 -0.00 omni.gos X     +0.0 ,Y     -0.1. omgD -0.006 omg  +0.00 loop   4549
[0mBatt=23.4 [0mODOM [31mVisionX  +0.00 Y  +0.00 theta   +0.0 elt    0 [0mimu  -2.1 Dt    4 LtCy    2 integ.govd   -0.00   -0.00 integ.vbp -0.00 -0.00 omni.gos X     +0.0 ,Y     -0.2. omgD -0.013 omg  +0.00 loop   4480
[0mBatt=23.4 [0mODOM [31mVisionX  +0.00 Y  +0.00 theta   +0.0 elt    0 [0mimu  -2.1 Dt    0 LtCy    0 integ.govd   +0.00   +0.00 integ.vbp +0.00 +0.00 omni.gos X     -0.0 ,Y     -0.1. omgD -0.011 omg  +0.00 loop   4455
[0mBatt=23.4 [0mODOM [31mVisionX  +0.00 Y  +0.00 theta   +0.0 elt    0 [0mimu  -2.1 Dt    6 LtCy    3 integ.govd   +0.00   +0.00 integ.vbp +0.00 +0.00 omni.gos X     +0.0 ,Y     +0.0. omgD +0.002 omg  +0.00 loop   4532
[0mBatt=23.4 [0mODOM [31mVisionX  +0.00 Y  +0.00 theta   +0.0 elt    0 [0mimu  -2.1 Dt    0 LtCy    0 integ.govd   +0.00   +0.00 integ.vbp +0.00 +0.00 omni.gos X     +0.0 ,Y     -0.1. omgD -0.006 omg  +0.00 loop   4478
[0mBatt=23.4 [0mODOM [31mVisionX  +0.00 Y  +0.00 theta   +0.0 elt    0 [0mimu  -2.1 Dt    6 LtCy    3 integ.govd   +0.00   +0.00 integ.vbp +0.00 +0.00 omni.gos X     -0.0 ,Y     -0.0. omgD -0.002 omg  +0.00 loop   4558
[0mBatt=23.4 [0mODOM [31mVisionX  +0.00 Y  +0.00 theta   +0.0 elt    0 [0mimu  -2.1 Dt    4 LtCy    2 integ.govd   -0.00   -0.00 integ.vbp -0.00 -0.00 omni.gos X     -0.0 ,Y     -0.1. omgD -0.006 omg  +0.00 loop   4446
[0mBatt=23.4 [0mODOM [31mVisionX  +0.00 Y  +0.00 theta   +0.0 elt    0 [0mimu  -2.1 Dt   10 LtCy    5 integ.govd   -0.00   -0.00 integ.vbp -0.00 -0.00 omni.gos X     +0.0 ,Y     -0.1. omgD -0.008 omg  +0.00 loop   4488
[0mBatt=23.4 [0mODOM [31mVisionX  +0.00 Y  +0.00 theta   +0.0 elt    0 [0mimu  -2.1 Dt    6 LtCy    3 integ.govd   -0.00   -0.00 integ.vbp -0.00 -0.00 omni.gos X     -0.0 ,Y     -0.1. omgD -0.011 omg  +0.00 loop   4510
[0mBatt=23.4 [0mODOM [31mVisionX  +0.00 Y  +0.00 theta   +0.0 elt    0 [0mimu  -2.1 Dt    2 LtCy    1 integ.govd   +0.00   -0.00 integ.vbp +0.00 -0.00 omni.gos X     +0.0 ,Y     -0.1. omgD -0.004 omg  +0.00 loop   4429
[0mBatt=23.4 [0mODOM [31mVisionX  +0.00 Y  +0.00 theta   +0.0 elt    0 [0mimu  -2.1 Dt    8 LtCy    4 integ.govd   -0.00   -0.00 integ.vbp -0.00 -0.00 omni.gos X     +0.0 ,Y     -0.0. omgD -0.002 omg  +0.00 loop   4548
[0mBatt=23.4 [0mODOM [31mVisionX  +0.00 Y  +0.00 theta   +0.0 elt    0 [0mimu  -2.1 Dt    4 LtCy    2 integ.govd   -0.00   -0.00 integ.vbp -0.00 -0.00 omni.gos X     -0.0 ,Y     -0.1. omgD -0.004 omg  +0.00 loop   4451
[0mBatt=23.4 [0mODOM [31mVisionX  +0.00 Y  +0.00 theta   +0.0 elt    0 [0mimu  -2.1 Dt    2 LtCy    1 integ.govd   -0.00   -0.00 integ.vbp -0.00 -0.00 omni.gos X     -0.0 ,Y     -0.1. omgD -0.008 omg  +0.00 loop   2130
[0mBatt=23.4 [0mODOM [31mVisionX  +0.00 Y  +0.00 theta   +0.0 elt    0 [0mimu  -2.1 Dt    8 LtCy    4 integ.govd   -0.00   -0.00 integ.vbp -0.00 -0.00 omni.gos X     -0.0 ,Y     -0.2. omgD -0.013 omg  +0.00 loop   4499
[0mBatt=23.4 [0mODOM [31mVisionX  +0.00 Y  +0.00 theta   +0.0 elt    0 [0mimu  -2.1 Dt    4 LtCy    2 integ.govd   -0.00   -0.00 integ.vbp -0.00 -0.00 omni.gos X     -0.0 ,Y     -0.1. omgD -0.011 omg  +0.00 loop   4441
[0mBatt=23.4 [0mODOM [31mVisionX  +0.00 Y  +0.00 theta   +0.0 elt    0 [0mimu  -2.1 Dt    0 LtCy    0 integ.govd   +0.00   +0.00 integ.vbp +0.00 +0.00 omni.gos X     +0.0 ,Y     +0.0. omgD +0.002 omg  +0.00 loop   4465
[0mBatt=23.4 [0mODOM [31mVisionX  +0.00 Y  +0.00 theta   +0.0 elt    0 [0mimu  -2.1 Dt    6 LtCy    3 integ.govd   -0.00   -0.00 integ.vbp -0.00 -0.00 omni.gos X     +0.0 ,Y     +0.0. omgD +0.000 omg  +0.00 loop   4521
[0mBatt=23.4 [0mODOM [31mVisionX  +0.00 Y  +0.00 theta   +0.0 elt    0 [0mimu  -2.1 Dt    2 LtCy    1 integ.govd   +0.00   -0.00 integ.vbp +0.00 -0.00 omni.gos X     +0.0 ,Y     -0.1. omgD -0.008 omg  +0.00 loop   4463
[0mBatt=23.4 [0mODOM [31mVisionX  +0.00 Y  +0.00 theta   +0.0 elt    0 [0mimu  -2.1 Dt    8 LtCy    4 integ.govd   -0.00   -0.00 integ.vbp -0.00 -0.00 omni.gos X     -0.0 ,Y     -0.2. omgD -0.017 omg  +0.00 loop   4549
[0mBatt=23.4 [0mODOM [31mVisionX  +0.00 Y  +0.00 theta   +0.0 elt    0 [0mimu  -2.1 Dt    2 LtCy    1 integ.govd   -0.00   -0.00 integ.vbp -0.00 -0.00 omni.gos X     -0.0 ,Y     -0.1. omgD -0.008 omg  +0.00 loop   4423
[0mBatt=23.4 [0mODOM [31mVisionX  +0.00 Y  +0.00 theta   +0.0 elt    0 [0mimu  -2.1 Dt    8 LtCy    4 integ.govd   -0.00   -0.00 integ.vbp -0.00 -0.00 omni.gos X     -0.0 ,Y     -0.1. omgD -0.008 omg  +0.00 loop   4515
[0mBatt=23.4 [0mODOM [31mVisionX  +0.00 Y  +0.00 theta   +0.0 elt    0 [0mimu  -2.2 Dt    4 LtCy    2 integ.govd   +0.00   +0.00 integ.vbp +0.00 +0.00 omni.gos X     +0.0 ,Y     +0.1. omgD +0.004 omg  +0.00 loop   4439
[0mBatt=23.4 [0mODOM [31mVisionX  +0.00 Y  +0.00 theta   +0.0 elt    0 [0mimu  -2.2 Dt    0 LtCy    0 integ.govd   +0.00   +0.00 integ.vbp +0.00 +0.00 omni.gos X     -0.0 ,Y     -0.1. omgD -0.004 omg  +0.00 loop   4462
[0mBatt=23.4 [0mODOM [31mVisionX  +0.00 Y  +0.00 theta   +0.0 elt    0 [0mimu  -2.2 Dt    8 LtCy    4 integ.govd   -0.00   -0.00 integ.vbp -0.00 -0.00 omni.gos X     +0.0 ,Y     -0.1. omgD -0.008 omg  +0.00 loop   4540
[0mBatt=23.4 [0mODOM [31mVisionX  +0.00 Y  +0.00 theta   +0.0 elt    0 [0mimu  -2.2 Dt    2 LtCy    1 integ.govd   -0.00   -0.00 integ.vbp -0.00 -0.00 omni.gos X     -0.0 ,Y     -0.1. omgD -0.004 omg  +0.00 loop   4463
[0mBatt=23.4 [0mODOM [31mVisionX  +0.00 Y  +0.00 theta   +0.0 elt    0 [0mimu  -2.2 Dt    0 LtCy    0 integ.govd   +0.00   +0.00 integ.vbp +0.00 +0.00 omni.gos X     +0.0 ,Y     -0.2. omgD -0.013 omg  +0.00 loop   4453
[0mBatt=23.4 [0mODOM [31mVisionX  +0.00 Y  +0.00 theta   +0.0 elt    0 [0mimu  -2.2 Dt    6 LtCy    3 integ.govd   +0.00   -0.00 integ.vbp +0.00 -0.00 omni.gos X     +0.0 ,Y     +0.0. omgD +0.000 omg  +0.00 loop   4537
[0mBatt=23.4 [0mODOM [31mVisionX  +0.00 Y  +0.00 theta   +0.0 elt    0 [0mimu  -2.2 Dt    2 LtCy    1 integ.govd   +0.00   +0.00 integ.vbp +0.00 +0.00 omni.gos X     +0.0 ,Y     +0.1. omgD +0.004 omg  +0.00 loop   4483
[0mBatt=23.4 [0mODOM [31mVisionX  +0.00 Y  +0.00 theta   +0.0 elt    0 [0mimu  -2.2 Dt    8 LtCy    4 integ.govd   -0.00   -0.00 integ.vbp -0.00 -0.00 omni.gos X     -0.0 ,Y     -0.2. omgD -0.017 omg  +0.00 loop   4528
[0mBatt=23.4 [0mODOM [31mVisionX  +0.00 Y  +0.00 theta   +0.0 elt    0 [0mimu  -2.2 Dt    4 LtCy    2 integ.govd   +0.00   -0.00 integ.vbp +0.00 -0.00 omni.gos X     +0.0 ,Y     -0.1. omgD -0.008 omg  +0.00 loop   4431
[0mBatt=23.4 [0mODOM [31mVisionX  +0.00 Y  +0.00 theta   +0.0 elt    0 [0mimu  -2.2 Dt    0 LtCy    0 integ.govd   +0.00   +0.00 integ.vbp +0.00 +0.00 omni.gos X     +0.0 ,Y     -0.1. omgD -0.008 omg  +0.00 loop   4472
[0mBatt=23.4 [0mODOM [31mVisionX  +0.00 Y  +0.00 theta   +0.0 elt    0 [0mimu  -2.2 Dt    4 LtCy    2 integ.govd   -0.00   -0.00 integ.vbp -0.00 -0.00 omni.gos X     -0.0 ,Y     -0.1. omgD -0.004 omg  +0.00 loop   4563
[0mBatt=23.4 [0mODOM [31mVisionX  +0.00 Y  +0.00 theta   +0.0 elt    0 [0mimu  -2.2 Dt    0 LtCy    0 integ.govd   +0.00   +0.00 integ.vbp +0.00 +0.00 omni.gos X     +0.0 ,Y     -0.1. omgD -0.004 omg  +0.00 loop   4423
[0mBatt=23.4 [0mODOM [31mVisionX  +0.00 Y  +0.00 theta   +0.0 elt    0 [0mimu  -2.2 Dt    6 LtCy    3 integ.govd   -0.00   -0.00 integ.vbp -0.00 -0.00 omni.gos X     +0.0 ,Y     -0.1. omgD -0.008 omg  +0.00 loop   4550
[0mBatt=23.4 [0mODOM [31mVisionX  +0.00 Y  +0.00 theta   +0.0 elt    0 [0mimu  -2.2 Dt    2 LtCy    1 integ.govd   -0.00   -0.00 integ.vbp -0.00 -0.00 omni.gos X     -0.0 ,Y     -0.2. omgD -0.013 omg  +0.00 loop   4457
[0mBatt=23.4 [0mODOM [31mVisionX  +0.00 Y  +0.00 theta   +0.0 elt    0 [0mimu  -2.2 Dt    8 LtCy    4 integ.govd   -0.00   -0.00 integ.vbp -0.00 -0.00 omni.gos X     -0.0 ,Y     -0.1. omgD -0.008 omg  +0.00 loop   4528
[0mBatt=23.4 [0mODOM [31mVisionX  +0.00 Y  +0.00 theta   +0.0 elt    0 [0mimu  -2.2 Dt    4 LtCy    2 integ.govd   -0.00   -0.00 integ.vbp -0.00 -0.00 omni.gos X     +0.0 ,Y     -0.1. omgD -0.008 omg  +0.00 loop   4420
[0mBatt=23.4 [0mODOM [31mVisionX  +0.00 Y  +0.00 theta   +0.0 elt    0 [0mimu  -2.2 Dt    0 LtCy    0 integ.govd   +0.00   +0.00 integ.vbp +0.00 +0.00 omni.gos X     +0.0 ,Y     -0.1. omgD -0.008 omg  +0.00 loop   4455
[0mBatt=23.4 [0mODOM [31mVisionX  +0.00 Y  +0.00 theta   +0.0 elt    0 [0mimu  -2.2 Dt    6 LtCy    3 integ.govd   +0.00   -0.00 integ.vbp +0.00 -0.00 omni.gos X     +0.0 ,Y     -0.1. omgD -0.004 omg  +0.00 loop   4564
[0mBatt=23.4 [0mODOM [31mVisionX  +0.00 Y  +0.00 theta   +0.0 elt    0 [0mimu  -2.2 Dt    2 LtCy    1 integ.govd   -0.00   -0.00 integ.vbp -0.00 -0.00 omni.gos X     -0.0 ,Y     -0.2. omgD -0.013 omg  +0.00 loop   4452
[0mBatt=23.4 [0mODOM [31mVisionX  +0.00 Y  +0.00 theta   +0.0 elt    0 [0mimu  -2.2 Dt    6 LtCy    3 integ.govd   -0.00   -0.00 integ.vbp -0.00 -0.00 omni.gos X     -0.0 ,Y     -0.1. omgD -0.004 omg  +0.00 loop   4528
[0mBatt=23.4 [0mODOM [31mVisionX  +0.00 Y  +0.00 theta   +0.0 elt    0 [0mimu  -2.2 Dt    4 LtCy    2 integ.govd   -0.00   -0.00 integ.vbp -0.00 -0.00 omni.gos X     -0.0 ,Y     -0.3. omgD -0.021 omg  +0.00 loop   4461
[0mBatt=23.4 [0mODOM [31mVisionX  +0.00 Y  +0.00 theta   +0.0 elt    0 [0mimu  -2.2 Dt    8 LtCy    4 integ.govd   +0.00   +0.00 integ.vbp +0.00 +0.00 omni.gos X     +0.0 ,Y     +0.0. omgD +0.000 omg  +0.00 loop   4501
[0mBatt=23.4 [0mODOM [31mVisionX  +0.00 Y  +0.00 theta   +0.0 elt    0 [0mimu  -2.2 Dt    6 LtCy    3 integ.govd   +0.00   +0.00 integ.vbp +0.00 +0.00 omni.gos X     +0.0 ,Y     +0.1. omgD +0.004 omg  +0.00 loop   4475
[0mBatt=23.4 [0mODOM [31mVisionX  +0.00 Y  +0.00 theta   +0.0 elt    0 [0mimu  -2.2 Dt    0 LtCy    0 integ.govd   +0.00   +0.00 integ.vbp +0.00 +0.00 omni.gos X     +0.0 ,Y     +0.0. omgD +0.000 omg  +0.00 loop   4456
[0mBatt=23.4 [0mODOM [31mVisionX  +0.00 Y  +0.00 theta   +0.0 elt    0 [0mimu  -2.2 Dt    6 LtCy    3 integ.govd   +0.00   -0.00 integ.vbp +0.00 -0.00 omni.gos X     +0.0 ,Y     +0.0. omgD +0.000 omg  +0.00 loop   4552
[0mBatt=23.4 [0mODOM [31mVisionX  +0.00 Y  +0.00 theta   +0.0 elt    0 [0mimu  -2.2 Dt    4 LtCy    2 integ.govd   -0.00   -0.00 integ.vbp -0.00 -0.00 omni.gos X     -0.0 ,Y     -0.2. omgD -0.017 omg  +0.00 loop   4469
[0mBatt=23.4 [0mODOM [31mVisionX  +0.00 Y  +0.00 theta   +0.0 elt    0 [0mimu  -2.2 Dt    0 LtCy    0 integ.govd   +0.00   +0.00 integ.vbp +0.00 +0.00 omni.gos X     +0.0 ,Y     -0.1. omgD -0.004 omg  +0.00 loop   4464
[0mBatt=23.4 [0mODOM [31mVisionX  +0.00 Y  +0.00 theta   +0.0 elt    0 [0mimu  -2.2 Dt    6 LtCy    3 integ.govd   +0.00   -0.00 integ.vbp +0.00 -0.00 omni.gos X     +0.0 ,Y     +0.0. omgD +0.000 omg  +0.00 loop   4550
[0mBatt=23.4 [0mODOM [31mVisionX  +0.00 Y  +0.00 theta   +0.0 elt    0 [0mimu  -2.2 Dt    2 LtCy    1 integ.govd   -0.00   -0.00 integ.vbp -0.00 -0.00 omni.gos X     -0.0 ,Y     -0.2. omgD -0.013 omg  +0.00 loop   4466
[0mBatt=23.4 [0mODOM [31mVisionX  +0.00 Y  +0.00 theta   +0.0 elt    0 [0mimu  -2.2 Dt    8 LtCy    4 integ.govd   -0.00   -0.00 integ.vbp -0.00 -0.00 omni.gos X     +0.0 ,Y     -0.1. omgD -0.004 omg  +0.00 loop   4527
[0mBatt=23.4 [0mODOM [31mVisionX  +0.00 Y  +0.00 theta   +0.0 elt    0 [0mimu  -2.2 Dt    4 LtCy    2 integ.govd   -0.00   -0.00 integ.vbp -0.00 -0.00 omni.gos X     -0.0 ,Y     -0.1. omgD -0.008 omg  +0.00 loop   4475
[0mBatt=23.4 [0mODOM [31mVisionX  +0.00 Y  +0.00 theta   +0.0 elt    0 [0mimu  -2.2 Dt    0 LtCy    0 integ.govd   +0.00   +0.00 integ.vbp +0.00 +0.00 omni.gos X     -0.0 ,Y     -0.2. omgD -0.013 omg  +0.00 loop   4409
[0mBatt=23.4 [0mODOM [31mVisionX  +0.00 Y  +0.00 theta   +0.0 elt    0 [0mimu  -2.2 Dt    6 LtCy    3 integ.govd   -0.00   -0.00 integ.vbp -0.00 -0.00 omni.gos X     -0.0 ,Y     -0.1. omgD -0.008 omg  +0.00 loop   4541
[0mBatt=23.4 [0mODOM [31mVisionX  +0.00 Y  +0.00 theta   +0.0 elt    0 [0mimu  -2.2 Dt    2 LtCy    1 integ.govd   +0.00   +0.00 integ.vbp +0.00 +0.00 omni.gos X     +0.0 ,Y     +0.1. omgD +0.004 omg  +0.00 loop   4469
[0mBatt=23.4 [0mODOM [31mVisionX  +0.00 Y  +0.00 theta   +0.0 elt    0 [0mimu  -2.2 Dt    6 LtCy    3 integ.govd   -0.00   -0.00 integ.vbp -0.00 -0.00 omni.gos X     -0.0 ,Y     -0.1. omgD -0.004 omg  +0.00 loop   4518
[0mBatt=23.4 [0mODOM [31mVisionX  +0.00 Y  +0.00 theta   +0.0 elt    0 [0mimu  -2.2 Dt    2 LtCy    1 integ.govd   -0.00   -0.00 integ.vbp -0.00 -0.00 omni.gos X     -0.0 ,Y     -0.2. omgD -0.013 omg  +0.00 loop   4442
[0mBatt=23.4 [0mODOM [31mVisionX  +0.00 Y  +0.00 theta   +0.0 elt    0 [0mimu  -2.2 Dt    6 LtCy    3 integ.govd   -0.00   -0.00 integ.vbp -0.00 -0.00 omni.gos X     -0.0 ,Y     -0.2. omgD -0.013 omg  +0.00 loop   4527
[0mBatt=23.4 [0mODOM [31mVisionX  +0.00 Y  +0.00 theta   +0.0 elt    0 [0mimu  -2.2 Dt    4 LtCy    2 integ.govd   -0.00   -0.00 integ.vbp -0.00 -0.00 omni.gos X     -0.0 ,Y     -0.1. omgD -0.008 omg  +0.00 loop   4456
[0mBatt=23.4 [0mODOM [31mVisionX  +0.00 Y  +0.00 theta   +0.0 elt    0 [0mimu  -2.2 Dt    0 LtCy    0 integ.govd   +0.00   +0.00 integ.vbp +0.00 +0.00 omni.gos X     +0.0 ,Y     +0.0. omgD +0.000 omg  +0.00 loop   4433
[0mBatt=23.4 [0mODOM [31mVisionX  +0.00 Y  +0.00 theta   +0.0 elt    0 [0mimu  -2.2 Dt    6 LtCy    3 integ.govd   -0.00   -0.00 integ.vbp -0.00 -0.00 omni.gos X     -0.0 ,Y     -0.1. omgD -0.004 omg  +0.00 loop   4567
[0mBatt=23.4 [0mODOM [31mVisionX  +0.00 Y  +0.00 theta   +0.0 elt    0 [0mimu  -2.2 Dt    2 LtCy    1 integ.govd   -0.00   -0.00 integ.vbp -0.00 -0.00 omni.gos X     -0.0 ,Y     -0.1. omgD -0.008 omg  +0.00 loop   4459
[0mBatt=23.4 [0mODOM [31mVisionX  +0.00 Y  +0.00 theta   +0.0 elt    0 [0mimu  -2.2 Dt    8 LtCy    4 integ.govd   -0.00   -0.00 integ.vbp -0.00 -0.00 omni.gos X     +0.0 ,Y     -0.1. omgD -0.004 omg  +0.00 loop   4497
[0mBatt=23.4 [0mODOM [31mVisionX  +0.00 Y  +0.00 theta   +0.0 elt    0 [0mimu  -2.2 Dt    4 LtCy    2 integ.govd   -0.00   -0.00 integ.vbp -0.00 -0.00 omni.gos X     -0.0 ,Y     -0.1. omgD -0.008 omg  +0.00 loop   4448
[0mBatt=23.4 [0mODOM [31mVisionX  +0.00 Y  +0.00 theta   +0.0 elt    0 [0mimu  -2.2 Dt    0 LtCy    0 integ.govd   +0.00   +0.00 integ.vbp +0.00 +0.00 omni.gos X     +0.0 ,Y     -0.1. omgD -0.004 omg  +0.00 loop   4462
[0mBatt=23.4 [0mODOM [31mVisionX  +0.00 Y  +0.00 theta   +0.0 elt    0 [0mimu  -2.2 Dt    6 LtCy    3 integ.govd   +0.00   -0.00 integ.vbp +0.00 -0.00 omni.gos X     +0.0 ,Y     -0.1. omgD -0.004 omg  +0.00 loop   4536
[0mBatt=23.4 [0mODOM [31mVisionX  +0.00 Y  +0.00 theta   +0.0 elt    0 [0mimu  -2.2 Dt    2 LtCy    1 integ.govd   -0.00   -0.00 integ.vbp -0.00 -0.00 omni.gos X     -0.0 ,Y     -0.1. omgD -0.008 omg  +0.00 loop   4474
[0mBatt=23.4 [0mODOM [31mVisionX  +0.00 Y  +0.00 theta   +0.0 elt    0 [0mimu  -2.2 Dt    8 LtCy    4 integ.govd   -0.00   -0.00 integ.vbp -0.00 -0.00 omni.gos X     +0.0 ,Y     -0.1. omgD -0.008 omg  +0.00 loop   4532
[0mBatt=23.4 [0mODOM [31mVisionX  +0.00 Y  +0.00 theta   +0.0 elt    0 [0mimu  -2.2 Dt    4 LtCy    2 integ.govd   -0.00   -0.00 integ.vbp -0.00 -0.00 omni.gos X     -0.0 ,Y     -0.2. omgD -0.013 omg  +0.00 loop   4423
[0mBatt=23.4 [0mODOM [31mVisionX  +0.00 Y  +0.00 theta   +0.0 elt    0 [0mimu  -2.2 Dt    0 LtCy    0 integ.govd   +0.00   +0.00 integ.vbp +0.00 +0.00 omni.gos X     -0.0 ,Y     -0.2. omgD -0.013 omg  +0.00 loop   4437
[0mBatt=23.4 [0mODOM [31mVisionX  +0.00 Y  +0.00 theta   +0.0 elt    0 [0mimu  -2.2 Dt    6 LtCy    3 integ.govd   +0.00   +0.00 integ.vbp +0.00 +0.00 omni.gos X     +0.0 ,Y     +0.1. omgD +0.004 omg  +0.00 loop   4551
[0mBatt=23.4 [0mODOM [31mVisionX  +0.00 Y  +0.00 theta   +0.0 elt    0 [0mimu  -2.2 Dt    4 LtCy    2 integ.govd   -0.00   -0.00 integ.vbp -0.00 -0.00 omni.gos X     -0.0 ,Y     -0.1. omgD -0.004 omg  +0.00 loop   4465
[0mBatt=23.4 [0mODOM [31mVisionX  +0.00 Y  +0.00 theta   +0.0 elt    0 [0mimu  -2.2 Dt   10 LtCy    5 integ.govd   -0.00   -0.00 integ.vbp -0.00 -0.00 omni.gos X     +0.0 ,Y     -0.1. omgD -0.008 omg  +0.00 loop   4504
[0mBatt=23.4 [0mODOM [31mVisionX  +0.00 Y  +0.00 theta   +0.0 elt    0 [0mimu  -2.2 Dt    4 LtCy    2 integ.govd   -0.00   -0.00 integ.vbp -0.00 -0.00 omni.gos X     -0.0 ,Y     -0.2. omgD -0.013 omg  +0.00 loop   4446
[0mBatt=23.4 [0mODOM [31mVisionX  +0.00 Y  +0.00 theta   +0.0 elt    0 [0mimu  -2.2 Dt    8 LtCy    4 integ.govd   -0.00   -0.00 integ.vbp -0.00 -0.00 omni.gos X     +0.0 ,Y     -0.1. omgD -0.004 omg  +0.00 loop   4485
[0mBatt=23.4 [0mODOM [31mVisionX  +0.00 Y  +0.00 theta   +0.0 elt    0 [0mimu  -2.2 Dt    6 LtCy    3 integ.govd   +0.00   -0.00 integ.vbp +0.00 -0.00 omni.gos X     +0.0 ,Y     -0.1. omgD -0.004 omg  +0.00 loop   2158
[0mBatt=23.4 [0mODOM [31mVisionX  +0.00 Y  +0.00 theta   +0.0 elt    0 [0mimu  -2.2 Dt    4 LtCy    2 integ.govd   -0.00   -0.00 integ.vbp -0.00 -0.00 omni.gos X     +0.0 ,Y     -0.1. omgD -0.008 omg  +0.00 loop   4458
[0mBatt=23.4 [0mODOM [31mVisionX  +0.00 Y  +0.00 theta   +0.0 elt    0 [0mimu  -2.2 Dt    0 LtCy    0 integ.govd   +0.00   +0.00 integ.vbp +0.00 +0.00 omni.gos X     -0.0 ,Y     -0.2. omgD -0.013 omg  +0.00 loop   4469
[0mBatt=23.4 [0mODOM [31mVisionX  +0.00 Y  +0.00 theta   +0.0 elt    0 [0mimu  -2.2 Dt    6 LtCy    3 integ.govd   -0.00   -0.00 integ.vbp -0.00 -0.00 omni.gos X     +0.0 ,Y     -0.1. omgD -0.008 omg  +0.00 loop   4549
[0mBatt=23.4 [0mODOM [31mVisionX  +0.00 Y  +0.00 theta   +0.0 elt    0 [0mimu  -2.2 Dt    2 LtCy    1 integ.govd   +0.00   -0.00 integ.vbp +0.00 -0.00 omni.gos X     +0.0 ,Y     -0.1. omgD -0.004 omg  +0.00 loop   4439
[0mBatt=23.4 [0mODOM [31mVisionX  +0.00 Y  +0.00 theta   +0.0 elt    0 [0mimu  -2.2 Dt    8 LtCy    4 integ.govd   -0.00   -0.00 integ.vbp -0.00 -0.00 omni.gos X     -0.0 ,Y     -0.2. omgD -0.013 omg  +0.00 loop   4553
[0mBatt=23.4 [0mODOM [31mVisionX  +0.00 Y  +0.00 theta   +0.0 elt    0 [0mimu  -2.2 Dt    2 LtCy    1 integ.govd   +0.00   +0.00 integ.vbp +0.00 +0.00 omni.gos X     +0.0 ,Y     +0.0. omgD +0.000 omg  +0.00 loop   4458
[0mBatt=23.4 [0mODOM [31mVisionX  +0.00 Y  +0.00 theta   +0.0 elt    0 [0mimu  -2.2 Dt    8 LtCy    4 integ.govd   -0.00   -0.00 integ.vbp -0.00 -0.00 omni.gos X     +0.0 ,Y     -0.1. omgD -0.004 omg  +0.00 loop   4524
[0mBatt=23.4 [0mODOM [31mVisionX  +0.00 Y  +0.00 theta   +0.0 elt    0 [0mimu  -2.2 Dt    2 LtCy    1 integ.govd   -0.00   -0.00 integ.vbp -0.00 -0.00 omni.gos X     -0.0 ,Y     -0.2. omgD -0.013 omg  +0.00 loop   4444
[0mBatt=23.4 [0mODOM [31mVisionX  +0.00 Y  +0.00 theta   +0.0 elt    0 [0mimu  -2.2 Dt    8 LtCy    4 integ.govd   -0.00   -0.00 integ.vbp -0.00 -0.00 omni.gos X     -0.0 ,Y     -0.2. omgD -0.013 omg  +0.00 loop   4508
[0mBatt=23.4 [0mODOM [31mVisionX  +0.00 Y  +0.00 theta   +0.0 elt    0 [0mimu  -2.2 Dt    4 LtCy    2 integ.govd   +0.00   -0.00 integ.vbp +0.00 -0.00 omni.gos X     +0.0 ,Y     -0.1. omgD -0.006 omg  +0.00 loop   4451
[0mBatt=23.4 [0mODOM [31mVisionX  +0.00 Y  +0.00 theta   +0.0 elt    0 [0mimu  -2.2 Dt    2 LtCy    1 integ.govd   -0.00   -0.00 integ.vbp -0.00 -0.00 omni.gos X     -0.0 ,Y     -0.1. omgD -0.004 omg  +0.00 loop   4466
[0mBatt=23.4 [0mODOM [31mVisionX  +0.00 Y  +0.00 theta   +0.0 elt    0 [0mimu  -2.2 Dt    8 LtCy    4 integ.govd   -0.00   -0.00 integ.vbp -0.00 -0.00 omni.gos X     +0.0 ,Y     -0.1. omgD -0.008 omg  +0.00 loop   4532
[0mBatt=23.4 [0mODOM [31mVisionX  +0.00 Y  +0.00 theta   +0.0 elt    0 [0mimu  -2.2 Dt    4 LtCy    2 integ.govd   -0.00   -0.00 integ.vbp -0.00 -0.00 omni.gos X     -0.0 ,Y     -0.1. omgD -0.004 omg  +0.00 loop   4449
[0mBatt=23.4 [0mODOM [31mVisionX  +0.00 Y  +0.00 theta   +0.0 elt    0 [0mimu  -2.2 Dt   10 LtCy    5 integ.govd   +0.00   +0.00 integ.vbp +0.00 +0.00 omni.gos X     +0.0 ,Y     +0.0. omgD +0.000 omg  +0.00 loop   4449
[0mBatt=23.4 [0mODOM [31mVisionX  +0.00 Y  +0.00 theta   +0.0 elt    0 [0mimu  -2.2 Dt    4 LtCy    2 integ.govd   -0.00   -0.00 integ.vbp -0.00 -0.00 omni.gos X     +0.0 ,Y     -0.1. omgD -0.006 omg  +0.00 loop   4530
[0mBatt=23.4 [0mODOM [31mVisionX  +0.00 Y  +0.00 theta   +0.0 elt    0 [0mimu  -2.2 Dt    0 LtCy    0 integ.govd   +0.00   +0.00 integ.vbp +0.00 +0.00 omni.gos X     +0.0 ,Y     +0.0. omgD +0.000 omg  +0.00 loop   4460
[0mBatt=23.4 [0mODOM [31mVisionX  +0.00 Y  +0.00 theta   +0.0 elt    0 [0mimu  -2.2 Dt    6 LtCy    3 integ.govd   +0.00   -0.00 integ.vbp +0.00 -0.00 omni.gos X     +0.0 ,Y     -0.1. omgD -0.006 omg  +0.00 loop   4529
[0mBatt=23.4 [0mODOM [31mVisionX  +0.00 Y  +0.00 theta   +0.0 elt    0 [0mimu  -2.2 Dt    2 LtCy    1 integ.govd   +0.00   -0.00 integ.vbp +0.00 -0.00 omni.gos X     +0.0 ,Y     -0.1. omgD -0.008 omg  +0.00 loop   4474
[0mBatt=23.4 [0mODOM [31mVisionX  +0.00 Y  +0.00 theta   +0.0 elt    0 [0mimu  -2.2 Dt    8 LtCy    4 integ.govd   -0.00   -0.00 integ.vbp -0.00 -0.00 omni.gos X     -0.0 ,Y     -0.1. omgD -0.011 omg  +0.00 loop   4493
[0mBatt=23.4 [0mODOM [31mVisionX  +0.00 Y  +0.00 theta   +0.0 elt    0 [0mimu  -2.2 Dt    6 LtCy    3 integ.govd   +0.00   -0.00 integ.vbp +0.00 -0.00 omni.gos X     +0.0 ,Y     -0.1. omgD -0.004 omg  +0.00 loop   4481
[0mBatt=23.4 [0mODOM [31mVisionX  +0.00 Y  +0.00 theta   +0.0 elt    0 [0mimu  -2.2 Dt    2 LtCy    1 integ.govd   +0.00   +0.00 integ.vbp +0.00 +0.00 omni.gos X     +0.0 ,Y     +0.0. omgD +0.002 omg  +0.00 loop   4475
[0mBatt=23.4 [0mODOM [31mVisionX  +0.00 Y  +0.00 theta   +0.0 elt    0 [0mimu  -2.2 Dt    8 LtCy    4 integ.govd   +0.00   -0.00 integ.vbp +0.00 -0.00 omni.gos X     +0.0 ,Y     -0.1. omgD -0.006 omg  +0.00 loop   4548
[0mBatt=23.4 [0mODOM [31mVisionX  +0.00 Y  +0.00 theta   +0.0 elt    0 [0mimu  -2.2 Dt    4 LtCy    2 integ.govd   -0.00   -0.00 integ.vbp -0.00 -0.00 omni.gos X     +0.0 ,Y     -0.1. omgD -0.006 omg  +0.00 loop   4465
[0mBatt=23.4 [0mODOM [31mVisionX  +0.00 Y  +0.00 theta   +0.0 elt    0 [0mimu  -2.2 Dt    0 LtCy    0 integ.govd   +0.00   +0.00 integ.vbp +0.00 +0.00 omni.gos X     -0.0 ,Y     -0.1. omgD -0.008 omg  +0.00 loop   4453
[0mBatt=23.4 [0mODOM [31mVisionX  +0.00 Y  +0.00 theta   +0.0 elt    0 [0mimu  -2.2 Dt    6 LtCy    3 integ.govd   -0.00   -0.00 integ.vbp -0.00 -0.00 omni.gos X     -0.0 ,Y     -0.1. omgD -0.008 omg  +0.00 loop   4558
[0mBatt=23.4 [0mODOM [31mVisionX  +0.00 Y  +0.00 theta   +0.0 elt    0 [0mimu  -2.2 Dt    2 LtCy    1 integ.govd   +0.00   -0.00 integ.vbp +0.00 -0.00 omni.gos X     +0.0 ,Y     -0.1. omgD -0.006 omg  +0.00 loop   4449
[0mBatt=23.4 [0mODOM [31mVisionX  +0.00 Y  +0.00 theta   +0.0 elt    0 [0mimu  -2.2 Dt    8 LtCy    4 integ.govd   -0.00   -0.00 integ.vbp -0.00 -0.00 omni.gos X     -0.0 ,Y     -0.1. omgD -0.006 omg  +0.00 loop   4522
[0mBatt=23.4 [0mODOM [31mVisionX  +0.00 Y  +0.00 theta   +0.0 elt    0 [0mimu  -2.2 Dt    4 LtCy    2 integ.govd   -0.00   -0.00 integ.vbp -0.00 -0.00 omni.gos X     +0.0 ,Y     -0.1. omgD -0.006 omg  +0.00 loop   4465
[0mBatt=23.4 [0mODOM [31mVisionX  +0.00 Y  +0.00 theta   +0.0 elt    0 [0mimu  -2.2 Dt    0 LtCy    0 integ.govd   +0.00   +0.00 integ.vbp +0.00 +0.00 omni.gos X     +0.0 ,Y     +0.0. omgD +0.000 omg  +0.00 loop   4469
[0mBatt=23.4 [0mODOM [31mVisionX  +0.00 Y  +0.00 theta   +0.0 elt    0 [0mimu  -2.2 Dt    6 LtCy    3 integ.govd   -0.00   -0.00 integ.vbp -0.00 -0.00 omni.gos X     -0.0 ,Y     -0.1. omgD -0.006 omg  +0.00 loop   4535
[0mBatt=23.4 [0mODOM [31mVisionX  +0.00 Y  +0.00 theta   +0.0 elt    0 [0mimu  -2.2 Dt    2 LtCy    1 integ.govd   -0.00   -0.00 integ.vbp -0.00 -0.00 omni.gos X     -0.0 ,Y     -0.2. omgD -0.013 omg  +0.00 loop   4440
[0mBatt=23.4 [0mODOM [31mVisionX  +0.00 Y  +0.00 theta   +0.0 elt    0 [0mimu  -2.2 Dt    8 LtCy    4 integ.govd   -0.00   -0.00 integ.vbp -0.00 -0.00 omni.gos X     -0.0 ,Y     -0.1. omgD -0.011 omg  +0.00 loop   4534
[0mBatt=23.4 [0mODOM [31mVisionX  +0.00 Y  +0.00 theta   +0.0 elt    0 [0mimu  -2.2 Dt    4 LtCy    2 integ.govd   -0.00   -0.00 integ.vbp -0.00 -0.00 omni.gos X     -0.0 ,Y     -0.1. omgD -0.004 omg  +0.00 loop   4414
[0mBatt=23.4 [0mODOM [31mVisionX  +0.00 Y  +0.00 theta   +0.0 elt    0 [0mimu  -2.2 Dt    0 LtCy    0 integ.govd   +0.00   +0.00 integ.vbp +0.00 +0.00 omni.gos X     -0.0 ,Y     -0.1. omgD -0.008 omg  +0.00 loop   4438
[0mBatt=23.4 [0mODOM [31mVisionX  +0.00 Y  +0.00 theta   +0.0 elt    0 [0mimu  -2.2 Dt    6 LtCy    3 integ.govd   -0.00   -0.00 integ.vbp -0.00 -0.00 omni.gos X     -0.0 ,Y     -0.2. omgD -0.013 omg  +0.00 loop   4547
[0mBatt=23.4 [0mODOM [31mVisionX  +0.00 Y  +0.00 theta   +0.0 elt    0 [0mimu  -2.2 Dt    4 LtCy    2 integ.govd   -0.00   -0.00 integ.vbp -0.00 -0.00 omni.gos X     -0.0 ,Y     -0.2. omgD -0.013 omg  +0.00 loop   4439
[0mBatt=23.4 [0mODOM [31mVisionX  +0.00 Y  +0.00 theta   +0.0 elt    0 [0mimu  -2.2 Dt    8 LtCy    4 integ.govd   -0.00   -0.00 integ.vbp -0.00 -0.00 omni.gos X     -0.0 ,Y     -0.2. omgD -0.013 omg  +0.00 loop   4512
[0mBatt=23.4 [0mODOM [31mVisionX  +0.00 Y  +0.00 theta   +0.0 elt    0 [0mimu  -2.2 Dt    4 LtCy    2 integ.govd   -0.00   -0.00 integ.vbp -0.00 -0.00 omni.gos X     -0.0 ,Y     -0.1. omgD -0.004 omg  +0.00 loop   4441
[0mBatt=23.4 [0mODOM [31mVisionX  +0.00 Y  +0.00 theta   +0.0 elt    0 [0mimu  -2.2 Dt    8 LtCy    4 integ.govd   +0.00   -0.00 integ.vbp +0.00 -0.00 omni.gos X     +0.0 ,Y     -0.1. omgD -0.004 omg  +0.00 loop   4481
[0mBatt=23.4 [0mODOM [31mVisionX  +0.00 Y  +0.00 theta   +0.0 elt    0 [0mimu  -2.2 Dt    4 LtCy    2 integ.govd   +0.00   -0.00 integ.vbp +0.00 -0.00 omni.gos X     +0.0 ,Y     -0.1. omgD -0.004 omg  +0.00 loop   4480
[0mBatt=23.4 [0mODOM [31mVisionX  +0.00 Y  +0.00 theta   +0.0 elt    0 [0mimu  -2.2 Dt    2 LtCy    1 integ.govd   -0.00   -0.00 integ.vbp -0.00 -0.00 omni.gos X     -0.0 ,Y     -0.1. omgD -0.004 omg  +0.00 loop   4477
[0mBatt=23.4 [0mODOM [31mVisionX  +0.00 Y  +0.00 theta   +0.0 elt    0 [0mimu  -2.2 Dt    8 LtCy    4 integ.govd   -0.00   -0.00 integ.vbp -0.00 -0.00 omni.gos X     -0.0 ,Y     -0.1. omgD -0.008 omg  +0.00 loop   4529
[0mBatt=23.4 [0mODOM [31mVisionX  +0.00 Y  +0.00 theta   +0.0 elt    0 [0mimu  -2.2 Dt    4 LtCy    2 integ.govd   -0.00   -0.00 integ.vbp -0.00 -0.00 omni.gos X     +0.0 ,Y     -0.1. omgD -0.004 omg  +0.00 loop   4427
[0mBatt=23.4 [0mODOM [31mVisionX  +0.00 Y  +0.00 theta   +0.0 elt    0 [0mimu  -2.2 Dt    0 LtCy    0 integ.govd   +0.00   +0.00 integ.vbp +0.00 +0.00 omni.gos X     +0.0 ,Y     +0.0. omgD +0.000 omg  +0.00 loop   4462
[0mBatt=23.4 [0mODOM [31mVisionX  +0.00 Y  +0.00 theta   +0.0 elt    0 [0mimu  -2.2 Dt    4 LtCy    2 integ.govd   -0.00   -0.00 integ.vbp -0.00 -0.00 omni.gos X     -0.0 ,Y     -0.1. omgD -0.008 omg  +0.00 loop   4569
[0mBatt=23.4 [0mODOM [31mVisionX  +0.00 Y  +0.00 theta   +0.0 elt    0 [0mimu  -2.2 Dt    0 LtCy    0 integ.govd   +0.00   +0.00 integ.vbp +0.00 +0.00 omni.gos X     +0.0 ,Y     +0.0. omgD +0.000 omg  +0.00 loop   4428
[0mBatt=23.4 [0mODOM [31mVisionX  +0.00 Y  +0.00 theta   +0.0 elt    0 [0mimu  -2.2 Dt    6 LtCy    3 integ.govd   -0.00   -0.00 integ.vbp -0.00 -0.00 omni.gos X     +0.0 ,Y     +0.0. omgD +0.000 omg  +0.00 loop   4547
[0mBatt=23.4 [0mODOM [31mVisionX  +0.00 Y  +0.00 theta   +0.0 elt    0 [0mimu  -2.2 Dt    4 LtCy    2 integ.govd   -0.00   -0.00 integ.vbp -0.00 -0.00 omni.gos X     +0.0 ,Y     -0.1. omgD -0.008 omg  +0.00 loop   4477
[0mBatt=23.4 [0mODOM [31mVisionX  +0.00 Y  +0.00 theta   +0.0 elt    0 [0mimu  -2.2 Dt    0 LtCy    0 integ.govd   +0.00   +0.00 integ.vbp +0.00 +0.00 omni.gos X     -0.0 ,Y     -0.1. omgD -0.004 omg  +0.00 loop   4462
[0mBatt=23.4 [0mODOM [31mVisionX  +0.00 Y  +0.00 theta   +0.0 elt    0 [0mimu  -2.2 Dt    6 LtCy    3 integ.govd   -0.00   -0.00 integ.vbp -0.00 -0.00 omni.gos X     +0.0 ,Y     -0.1. omgD -0.008 omg  +0.00 loop   4529
[0mBatt=23.4 [0mODOM [31mVisionX  +0.00 Y  +0.00 theta   +0.0 elt    0 [0mimu  -2.2 Dt    0 LtCy    0 integ.govd   +0.00   +0.00 integ.vbp +0.00 +0.00 omni.gos X     -0.0 ,Y     -0.2. omgD -0.017 omg  +0.00 loop   4459
[0mBatt=23.4 [0mODOM [31mVisionX  +0.00 Y  +0.00 theta   +0.0 elt    0 [0mimu  -2.2 Dt    6 LtCy    3 integ.govd   -0.00   -0.00 integ.vbp -0.00 -0.00 omni.gos X     -0.0 ,Y     -0.2. omgD -0.013 omg  +0.00 loop   4559
[0mBatt=23.4 [0mODOM [31mVisionX  +0.00 Y  +0.00 theta   +0.0 elt    0 [0mimu  -2.2 Dt    4 LtCy    2 integ.govd   -0.00   -0.00 integ.vbp -0.00 -0.00 omni.gos X     -0.0 ,Y     -0.1. omgD -0.008 omg  +0.00 loop   4421
[0mBatt=23.4 [0mODOM [31mVisionX  +0.00 Y  +0.00 theta   +0.0 elt    0 [0mimu  -2.2 Dt    0 LtCy    0 integ.govd   +0.00   +0.00 integ.vbp +0.00 +0.00 omni.gos X     +0.0 ,Y     -0.1. omgD -0.004 omg  +0.00 loop   4467
[0mBatt=23.4 [0mODOM [31mVisionX  +0.00 Y  +0.00 theta   +0.0 elt    0 [0mimu  -2.2 Dt    6 LtCy    3 integ.govd   -0.00   -0.00 integ.vbp -0.00 -0.00 omni.gos X     +0.0 ,Y     -0.1. omgD -0.004 omg  +0.00 loop   4566
[0mBatt=23.4 [0mODOM [31mVisionX  +0.00 Y  +0.00 theta   +0.0 elt    0 [0mimu  -2.2 Dt    0 LtCy    0 integ.govd   +0.00   +0.00 integ.vbp +0.00 +0.00 omni.gos X     -0.0 ,Y     -0.1. omgD -0.008 omg  +0.00 loop   4428
[0mBatt=23.4 [0mODOM [31mVisionX  +0.00 Y  +0.00 theta   +0.0 elt    0 [0mimu  -2.2 Dt    6 LtCy    3 integ.govd   -0.00   -0.00 integ.vbp -0.00 -0.00 omni.gos X     -0.0 ,Y     -0.1. omgD -0.008 omg  +0.00 loop   4544
[0mBatt=23.4 [0mODOM [31mVisionX  +0.00 Y  +0.00 theta   +0.0 elt    0 [0mimu  -2.2 Dt    4 LtCy    2 integ.govd   -0.00   -0.00 integ.vbp -0.00 -0.00 omni.gos X     -0.0 ,Y     -0.3. omgD -0.021 omg  +0.00 loop   4460
[0mBatt=23.4 [0mODOM [31mVisionX  +0.00 Y  +0.00 theta   +0.0 elt    0 [0mimu  -2.2 Dt   10 LtCy    5 integ.govd   +0.00   +0.00 integ.vbp +0.00 +0.00 omni.gos X     +0.0 ,Y     +0.0. omgD +0.000 omg  +0.00 loop   4490
[0mBatt=23.4 [0mODOM [31mVisionX  +0.00 Y  +0.00 theta   +0.0 elt    0 [0mimu  -2.2 Dt    4 LtCy    2 integ.govd   +0.00   -0.00 integ.vbp +0.00 -0.00 omni.gos X     +0.0 ,Y     -0.1. omgD -0.004 omg  +0.00 loop   4477
[0mBatt=23.4 [0mODOM [31mVisionX  +0.00 Y  +0.00 theta   +0.0 elt    0 [0mimu  -2.2 Dt    2 LtCy    1 integ.govd   -0.00   -0.00 integ.vbp -0.00 -0.00 omni.gos X     -0.0 ,Y     -0.2. omgD -0.013 omg  +0.00 loop   4491
[0mBatt=23.4 [0mODOM [31mVisionX  +0.00 Y  +0.00 theta   +0.0 elt    0 [0mimu  -2.2 Dt    8 LtCy    4 integ.govd   -0.00   -0.00 integ.vbp -0.00 -0.00 omni.gos X     -0.0 ,Y     -0.2. omgD -0.013 omg  +0.00 loop   4521
[0mBatt=23.4 [0mODOM [31mVisionX  +0.00 Y  +0.00 theta   +0.0 elt    0 [0mimu  -2.2 Dt    6 LtCy    3 integ.govd   -0.00   -0.00 integ.vbp -0.00 -0.00 omni.gos X     +0.0 ,Y     -0.2. omgD -0.013 omg  +0.00 loop   2106
[0mBatt=23.4 [0mODOM [31mVisionX  +0.00 Y  +0.00 theta   +0.0 elt    0 [0mimu  -2.2 Dt    0 LtCy    0 integ.govd   +0.00   +0.00 integ.vbp +0.00 +0.00 omni.gos X     +0.0 ,Y     -0.1. omgD -0.004 omg  +0.00 loop   4448
[0mBatt=23.4 [0mODOM [31mVisionX  +0.00 Y  +0.00 theta   +0.0 elt    0 [0mimu  -2.2 Dt    6 LtCy    3 integ.govd   -0.00   -0.00 integ.vbp -0.00 -0.00 omni.gos X     -0.0 ,Y     -0.1. omgD -0.004 omg  +0.00 loop   4569
[0mBatt=23.4 [0mODOM [31mVisionX  +0.00 Y  +0.00 theta   +0.0 elt    0 [0mimu  -2.2 Dt    2 LtCy    1 integ.govd   +0.00   -0.00 integ.vbp +0.00 -0.00 omni.gos X     +0.0 ,Y     -0.1. omgD -0.004 omg  +0.00 loop   4432
[0mBatt=23.4 [0mODOM [31mVisionX  +0.00 Y  +0.00 theta   +0.0 elt    0 [0mimu  -2.2 Dt    0 LtCy    0 integ.govd   +0.00   +0.00 integ.vbp +0.00 +0.00 omni.gos X     +0.0 ,Y     -0.1. omgD -0.008 omg  +0.00 loop   4463
[0mBatt=23.4 [0mODOM [31mVisionX  +0.00 Y  +0.00 theta   +0.0 elt    0 [0mimu  -2.2 Dt    4 LtCy    2 integ.govd   -0.00   -0.00 integ.vbp -0.00 -0.00 omni.gos X     -0.0 ,Y     -0.2. omgD -0.013 omg  +0.00 loop   4562
[0mBatt=23.4 [0mODOM [31mVisionX  +0.00 Y  +0.00 theta   +0.0 elt    0 [0mimu  -2.2 Dt    0 LtCy    0 integ.govd   +0.00   +0.00 integ.vbp +0.00 +0.00 omni.gos X     -0.0 ,Y     -0.1. omgD -0.008 omg  +0.00 loop   4436
[0mBatt=23.4 [0mODOM [31mVisionX  +0.00 Y  +0.00 theta   +0.0 elt    0 [0mimu  -2.2 Dt    8 LtCy    4 integ.govd   -0.00   -0.00 integ.vbp -0.00 -0.00 omni.gos X     +0.0 ,Y     +0.0. omgD +0.000 omg  +0.00 loop   4531
[0mBatt=23.4 [0mODOM [31mVisionX  +0.00 Y  +0.00 theta   +0.0 elt    0 [0mimu  -2.2 Dt    4 LtCy    2 integ.govd   -0.00   -0.00 integ.vbp -0.00 -0.00 omni.gos X     +0.0 ,Y     -0.1. omgD -0.008 omg  +0.00 loop   4470
[0mBatt=23.4 [0mODOM [31mVisionX  +0.00 Y  +0.00 theta   +0.0 elt    0 [0mimu  -2.2 Dt    0 LtCy    0 integ.govd   +0.00   +0.00 integ.vbp +0.00 +0.00 omni.gos X     -0.0 ,Y     -0.2. omgD -0.013 omg  +0.00 loop   4475
[0mBatt=23.4 [0mODOM [31mVisionX  +0.00 Y  +0.00 theta   +0.0 elt    0 [0mimu  -2.3 Dt    6 LtCy    3 integ.govd   +0.00   -0.00 integ.vbp +0.00 -0.00 omni.gos X     +0.0 ,Y     +0.0. omgD +0.000 omg  +0.00 loop   4520
[0mBatt=23.4 [0mODOM [31mVisionX  +0.00 Y  +0.00 theta   +0.0 elt    0 [0mimu  -2.3 Dt    2 LtCy    1 integ.govd   -0.00   -0.00 integ.vbp -0.00 -0.00 omni.gos X     -0.0 ,Y     -0.1. omgD -0.004 omg  +0.00 loop   4491
[0mBatt=23.4 [0mODOM [31mVisionX  +0.00 Y  +0.00 theta   +0.0 elt    0 [0mimu  -2.3 Dt    8 LtCy    4 integ.govd   -0.00   -0.00 integ.vbp -0.00 -0.00 omni.gos X     -0.0 ,Y     -0.1. omgD -0.008 omg  +0.00 loop   4529
[0mBatt=23.4 [0mODOM [31mVisionX  +0.00 Y  +0.00 theta   +0.0 elt    0 [0mimu  -2.3 Dt    2 LtCy    1 integ.govd   +0.00   +0.00 integ.vbp +0.00 +0.00 omni.gos X     +0.0 ,Y     +0.0. omgD +0.000 omg  +0.00 loop   4435
[0mBatt=23.4 [0mODOM [31mVisionX  +0.00 Y  +0.00 theta   +0.0 elt    0 [0mimu  -2.3 Dt    8 LtCy    4 integ.govd   -0.00   -0.00 integ.vbp -0.00 -0.00 omni.gos X     +0.0 ,Y     -0.2. omgD -0.013 omg  +0.00 loop   4515
[0mBatt=23.4 [0mODOM [31mVisionX  +0.00 Y  +0.00 theta   +0.0 elt    0 [0mimu  -2.3 Dt    4 LtCy    2 integ.govd   -0.00   -0.00 integ.vbp -0.00 -0.00 omni.gos X     -0.0 ,Y     -0.2. omgD -0.013 omg  +0.00 loop   4499
[0mBatt=23.4 [0mODOM [31mVisionX  +0.00 Y  +0.00 theta   +0.0 elt    0 [0mimu  -2.3 Dt    2 LtCy    1 integ.govd   +0.00   -0.00 integ.vbp +0.00 -0.00 omni.gos X     +0.0 ,Y     -0.1. omgD -0.004 omg  +0.00 loop   4449
[0mBatt=23.4 [0mODOM [31mVisionX  +0.00 Y  +0.00 theta   +0.0 elt    0 [0mimu  -2.3 Dt    6 LtCy    3 integ.govd   -0.00   -0.00 integ.vbp -0.00 -0.00 omni.gos X     +0.0 ,Y     -0.1. omgD -0.004 omg  +0.00 loop   4518
[0mBatt=23.4 [0mODOM [31mVisionX  +0.00 Y  +0.00 theta   +0.0 elt    0 [0mimu  -2.3 Dt    2 LtCy    1 integ.govd   +0.00   -0.00 integ.vbp +0.00 -0.00 omni.gos X     +0.0 ,Y     -0.1. omgD -0.004 omg  +0.00 loop   4462
[0mBatt=23.4 [0mODOM [31mVisionX  +0.00 Y  +0.00 theta   +0.0 elt    0 [0mimu  -2.3 Dt    0 LtCy    0 integ.govd   +0.00   +0.00 integ.vbp +0.00 +0.00 omni.gos X     -0.0 ,Y     -0.1. omgD -0.004 omg  +0.00 loop   4486
[0mBatt=23.4 [0mODOM [31mVisionX  +0.00 Y  +0.00 theta   +0.0 elt    0 [0mimu  -2.3 Dt    6 LtCy    3 integ.govd   -0.00   -0.00 integ.vbp -0.00 -0.00 omni.gos X     -0.0 ,Y     -0.2. omgD -0.013 omg  +0.00 loop   4525
[0mBatt=23.4 [0mODOM [31mVisionX  +0.00 Y  +0.00 theta   +0.0 elt    0 [0mimu  -2.3 Dt    0 LtCy    0 integ.govd   +0.00   +0.00 integ.vbp +0.00 +0.00 omni.gos X     -0.0 ,Y     -0.2. omgD -0.013 omg  +0.00 loop   4418
[0mBatt=23.4 [0mODOM [31mVisionX  +0.00 Y  +0.00 theta   +0.0 elt    0 [0mimu  -2.3 Dt    6 LtCy    3 integ.govd   -0.00   -0.00 integ.vbp -0.00 -0.00 omni.gos X     -0.0 ,Y     -0.2. omgD -0.013 omg  +0.00 loop   4561
[0mBatt=23.4 [0mODOM [31mVisionX  +0.00 Y  +0.00 theta   +0.0 elt    0 [0mimu  -2.3 Dt    2 LtCy    1 integ.govd   -0.00   -0.00 integ.vbp -0.00 -0.00 omni.gos X     -0.0 ,Y     -0.1. omgD -0.008 omg  +0.00 loop   4419
[0mBatt=23.4 [0mODOM [31mVisionX  +0.00 Y  +0.00 theta   +0.0 elt    0 [0mimu  -2.3 Dt    8 LtCy    4 integ.govd   -0.00   -0.00 integ.vbp -0.00 -0.00 omni.gos X     -0.0 ,Y     -0.1. omgD -0.008 omg  +0.00 loop   4458
[0mBatt=23.4 [0mODOM [31mVisionX  +0.00 Y  +0.00 theta   +0.0 elt    0 [0mimu  -2.3 Dt    6 LtCy    3 integ.govd   -0.00   -0.00 integ.vbp -0.00 -0.00 omni.gos X     +0.0 ,Y     -0.1. omgD -0.008 omg  +0.00 loop   4521
[0mBatt=23.4 [0mODOM [31mVisionX  +0.00 Y  +0.00 theta   +0.0 elt    0 [0mimu  -2.3 Dt    0 LtCy    0 integ.govd   +0.00   +0.00 integ.vbp +0.00 +0.00 omni.gos X     +0.0 ,Y     -0.1. omgD -0.008 omg  +0.00 loop   4438
[0mBatt=23.4 [0mODOM [31mVisionX  +0.00 Y  +0.00 theta   +0.0 elt    0 [0mimu  -2.3 Dt    6 LtCy    3 integ.govd   +0.00   +0.00 integ.vbp +0.00 +0.00 omni.gos X     +0.0 ,Y     +0.1. omgD +0.004 omg  +0.00 loop   4546
[0mBatt=23.4 [0mODOM [31mVisionX  +0.00 Y  +0.00 theta   +0.0 elt    0 [0mimu  -2.3 Dt    2 LtCy    1 integ.govd   -0.00   -0.00 integ.vbp -0.00 -0.00 omni.gos X     -0.0 ,Y     -0.1. omgD -0.008 omg  +0.00 loop   4461
[0mBatt=23.4 [0mODOM [31mVisionX  +0.00 Y  +0.00 theta   +0.0 elt    0 [0mimu  -2.3 Dt    8 LtCy    4 integ.govd   -0.00   -0.00 integ.vbp -0.00 -0.00 omni.gos X     +0.0 ,Y     -0.1. omgD -0.004 omg  +0.00 loop   4503
[0mBatt=23.4 [0mODOM [31mVisionX  +0.00 Y  +0.00 theta   +0.0 elt    0 [0mimu  -2.3 Dt    4 LtCy    2 integ.govd   -0.00   -0.00 integ.vbp -0.00 -0.00 omni.gos X     -0.0 ,Y     -0.1. omgD -0.008 omg  +0.00 loop   4427
[0mBatt=23.4 [0mODOM [31mVisionX  +0.00 Y  +0.00 theta   +0.0 elt    0 [0mimu  -2.3 Dt    0 LtCy    0 integ.govd   +0.00   +0.00 integ.vbp +0.00 +0.00 omni.gos X     -0.0 ,Y     -0.1. omgD -0.008 omg  +0.00 loop   4448
[0mBatt=23.4 [0mODOM [31mVisionX  +0.00 Y  +0.00 theta   +0.0 elt    0 [0mimu  -2.3 Dt    8 LtCy    4 integ.govd   +0.00   +0.00 integ.vbp +0.00 +0.00 omni.gos X     +0.0 ,Y     +0.1. omgD +0.004 omg  +0.00 loop   4559
[0mBatt=23.4 [0mODOM [31mVisionX  +0.00 Y  +0.00 theta   +0.0 elt    0 [0mimu  -2.3 Dt    2 LtCy    1 integ.govd   -0.00   -0.00 integ.vbp -0.00 -0.00 omni.gos X     -0.0 ,Y     -0.1. omgD -0.004 omg  +0.00 loop   4436
[0mBatt=23.4 [0mODOM [31mVisionX  +0.00 Y  +0.00 theta   +0.0 elt    0 [0mimu  -2.3 Dt    8 LtCy    4 integ.govd   -0.00   -0.00 integ.vbp -0.00 -0.00 omni.gos X     +0.0 ,Y     -0.1. omgD -0.008 omg  +0.00 loop   4473
[0mBatt=23.4 [0mODOM [31mVisionX  +0.00 Y  +0.00 theta   +0.0 elt    0 [0mimu  -2.3 Dt    6 LtCy    3 integ.govd   -0.00   -0.00 integ.vbp -0.00 -0.00 omni.gos X     -0.0 ,Y     -0.2. omgD -0.013 omg  +0.00 loop   4519
[0mBatt=23.4 [0mODOM [31mVisionX  +0.00 Y  +0.00 theta   +0.0 elt    0 [0mimu  -2.3 Dt    0 LtCy    0 integ.govd   +0.00   +0.00 integ.vbp +0.00 +0.00 omni.gos X     -0.0 ,Y     -0.2. omgD -0.017 omg  +0.00 loop   4430
[0mBatt=23.4 [0mODOM [31mVisionX  +0.00 Y  +0.00 theta   +0.0 elt    0 [0mimu  -2.3 Dt    6 LtCy    3 integ.govd   -0.00   -0.00 integ.vbp -0.00 -0.00 omni.gos X     -0.0 ,Y     -0.2. omgD -0.017 omg  +0.00 loop   4544
[0mBatt=23.4 [0mODOM [31mVisionX  +0.00 Y  +0.00 theta   +0.0 elt    0 [0mimu  -2.3 Dt    0 LtCy    0 integ.govd   +0.00   +0.00 integ.vbp +0.00 +0.00 omni.gos X     -0.0 ,Y     -0.1. omgD -0.008 omg  +0.00 loop   4454
[0mBatt=23.4 [0mODOM [31mVisionX  +0.00 Y  +0.00 theta   +0.0 elt    0 [0mimu  -2.3 Dt    8 LtCy    4 integ.govd   -0.00   -0.00 integ.vbp -0.00 -0.00 omni.gos X     -0.0 ,Y     -0.1. omgD -0.008 omg  +0.00 loop   4546
[0mBatt=23.4 [0mODOM [31mVisionX  +0.00 Y  +0.00 theta   +0.0 elt    0 [0mimu  -2.3 Dt    4 LtCy    2 integ.govd   +0.00   -0.00 integ.vbp +0.00 -0.00 omni.gos X     +0.0 ,Y     -0.1. omgD -0.004 omg  +0.00 loop   4435
[0mBatt=23.4 [0mODOM [31mVisionX  +0.00 Y  +0.00 theta   +0.0 elt    0 [0mimu  -2.3 Dt    0 LtCy    0 integ.govd   +0.00   +0.00 integ.vbp +0.00 +0.00 omni.gos X     -0.0 ,Y     -0.1. omgD -0.006 omg  +0.00 loop   4482
[0mBatt=23.4 [0mODOM [31mVisionX  +0.00 Y  +0.00 theta   +0.0 elt    0 [0mimu  -2.3 Dt    6 LtCy    3 integ.govd   -0.00   -0.00 integ.vbp -0.00 -0.00 omni.gos X     -0.0 ,Y     -0.2. omgD -0.013 omg  +0.00 loop   4554
[0mBatt=23.4 [0mODOM [31mVisionX  +0.00 Y  +0.00 theta   +0.0 elt    0 [0mimu  -2.3 Dt    2 LtCy    1 integ.govd   -0.00   -0.00 integ.vbp -0.00 -0.00 omni.gos X     -0.0 ,Y     -0.1. omgD -0.011 omg  +0.00 loop   4430
[0mBatt=23.4 [0mODOM [31mVisionX  +0.00 Y  +0.00 theta   +0.0 elt    0 [0mimu  -2.3 Dt    6 LtCy    3 integ.govd   +0.00   -0.00 integ.vbp +0.00 -0.00 omni.gos X     +0.0 ,Y     -0.1. omgD -0.004 omg  +0.00 loop   4519
[0mBatt=23.4 [0mODOM [31mVisionX  +0.00 Y  +0.00 theta   +0.0 elt    0 [0mimu  -2.3 Dt    2 LtCy    1 integ.govd   +0.00   -0.00 integ.vbp +0.00 -0.00 omni.gos X     +0.0 ,Y     -0.1. omgD -0.004 omg  +0.00 loop   4490
[0mBatt=23.4 [0mODOM [31mVisionX  +0.00 Y  +0.00 theta   +0.0 elt    0 [0mimu  -2.3 Dt    8 LtCy    4 integ.govd   -0.00   -0.00 integ.vbp -0.00 -0.00 omni.gos X     +0.0 ,Y     -0.1. omgD -0.008 omg  +0.00 loop   4518
[0mBatt=23.4 [0mODOM [31mVisionX  +0.00 Y  +0.00 theta   +0.0 elt    0 [0mimu  -2.3 Dt    4 LtCy    2 integ.govd   -0.00   -0.00 integ.vbp -0.00 -0.00 omni.gos X     -0.0 ,Y     -0.2. omgD -0.013 omg  +0.00 loop   4438
[0mBatt=23.4 [0mODOM [31mVisionX  +0.00 Y  +0.00 theta   +0.0 elt    0 [0mimu  -2.3 Dt    0 LtCy    0 integ.govd   +0.00   +0.00 integ.vbp +0.00 +0.00 omni.gos X     -0.0 ,Y     -0.2. omgD -0.015 omg  +0.00 loop   4448
[0mBatt=23.4 [0mODOM [31mVisionX  +0.00 Y  +0.00 theta   +0.0 elt    0 [0mimu  -2.3 Dt    6 LtCy    3 integ.govd   -0.00   -0.00 integ.vbp -0.00 -0.00 omni.gos X     -0.0 ,Y     -0.1. omgD -0.011 omg  +0.00 loop   4532
[0mBatt=23.4 [0mODOM [31mVisionX  +0.00 Y  +0.00 theta   +0.0 elt    0 [0mimu  -2.3 Dt    2 LtCy    1 integ.govd   -0.00   -0.00 integ.vbp -0.00 -0.00 omni.gos X     -0.0 ,Y     -0.2. omgD -0.013 omg  +0.00 loop   4444
[0mBatt=23.4 [0mODOM [31mVisionX  +0.00 Y  +0.00 theta   +0.0 elt    0 [0mimu  -2.3 Dt    8 LtCy    4 integ.govd   +0.00   +0.00 integ.vbp +0.00 +0.00 omni.gos X     +0.0 ,Y     +0.0. omgD +0.002 omg  +0.00 loop   4514
[0mBatt=23.4 [0mODOM [31mVisionX  +0.00 Y  +0.00 theta   +0.0 elt    0 [0mimu  -2.3 Dt    4 LtCy    2 integ.govd   -0.00   -0.00 integ.vbp -0.00 -0.00 omni.gos X     -0.0 ,Y     -0.1. omgD -0.011 omg  +0.00 loop   4450
[0mBatt=23.4 [0mODOM [31mVisionX  +0.00 Y  +0.00 theta   +0.0 elt    0 [0mimu  -2.3 Dt    0 LtCy    0 integ.govd   +0.00   +0.00 integ.vbp +0.00 +0.00 omni.gos X     +0.0 ,Y     -0.1. omgD -0.004 omg  +0.00 loop   4425
[0mBatt=23.4 [0mODOM [31mVisionX  +0.00 Y  +0.00 theta   +0.0 elt    0 [0mimu  -2.3 Dt    8 LtCy    4 integ.govd   -0.00   -0.00 integ.vbp -0.00 -0.00 omni.gos X     +0.0 ,Y     -0.1. omgD -0.006 omg  +0.00 loop   4569
[0mBatt=23.4 [0mODOM [31mVisionX  +0.00 Y  +0.00 theta   +0.0 elt    0 [0mimu  -2.3 Dt    2 LtCy    1 integ.govd   -0.00   -0.00 integ.vbp -0.00 -0.00 omni.gos X     -0.0 ,Y     -0.1. omgD -0.008 omg  +0.00 loop   4459
[0mBatt=23.4 [0mODOM [31mVisionX  +0.00 Y  +0.00 theta   +0.0 elt    0 [0mimu  -2.3 Dt    6 LtCy    3 integ.govd   -0.00   -0.00 integ.vbp -0.00 -0.00 omni.gos X     -0.0 ,Y     -0.1. omgD -0.008 omg  +0.00 loop   4489
[0mBatt=23.4 [0mODOM [31mVisionX  +0.00 Y  +0.00 theta   +0.0 elt    0 [0mimu  -2.3 Dt    2 LtCy    1 integ.govd   +0.00   -0.00 integ.vbp +0.00 -0.00 omni.gos X     +0.0 ,Y     -0.1. omgD -0.004 omg  +0.00 loop   4452
[0mBatt=23.4 [0mODOM [31mVisionX  +0.00 Y  +0.00 theta   +0.0 elt    0 [0mimu  -2.3 Dt    0 LtCy    0 integ.govd   +0.00   +0.00 integ.vbp +0.00 +0.00 omni.gos X     +0.0 ,Y     +0.0. omgD +0.002 omg  +0.00 loop   4487
[0mBatt=23.4 [0mODOM [31mVisionX  +0.00 Y  +0.00 theta   +0.0 elt    0 [0mimu  -2.3 Dt    6 LtCy    3 integ.govd   -0.00   -0.00 integ.vbp -0.00 -0.00 omni.gos X     -0.0 ,Y     -0.1. omgD -0.011 omg  +0.00 loop   4542
[0mBatt=23.4 [0mODOM [31mVisionX  +0.00 Y  +0.00 theta   +0.0 elt    0 [0mimu  -2.3 Dt    2 LtCy    1 integ.govd   -0.00   -0.00 integ.vbp -0.00 -0.00 omni.gos X     -0.0 ,Y     -0.1. omgD -0.008 omg  +0.00 loop   4447
[0mBatt=23.4 [0mODOM [31mVisionX  +0.00 Y  +0.00 theta   +0.0 elt    0 [0mimu  -2.3 Dt    8 LtCy    4 integ.govd   -0.00   -0.00 integ.vbp -0.00 -0.00 omni.gos X     -0.0 ,Y     -0.1. omgD -0.004 omg  +0.00 loop   4531
[0mBatt=23.4 [0mODOM [31mVisionX  +0.00 Y  +0.00 theta   +0.0 elt    0 [0mimu  -2.3 Dt    4 LtCy    2 integ.govd   -0.00   -0.00 integ.vbp -0.00 -0.00 omni.gos X     +0.0 ,Y     -0.1. omgD -0.004 omg  +0.00 loop   4444
[0mBatt=23.4 [0mODOM [31mVisionX  +0.00 Y  +0.00 theta   +0.0 elt    0 [0mimu  -2.3 Dt    2 LtCy    1 integ.govd   +0.00   +0.00 integ.vbp +0.00 +0.00 omni.gos X     +0.0 ,Y     +0.0. omgD +0.000 omg  +0.00 loop   2126
[0mBatt=23.4 [0mODOM [31mVisionX  +0.00 Y  +0.00 theta   +0.0 elt    0 [0mimu  -2.3 Dt    8 LtCy    4 integ.govd   -0.00   -0.00 integ.vbp -0.00 -0.00 omni.gos X     +0.0 ,Y     -0.1. omgD -0.008 omg  +0.00 loop   4565
[0mBatt=23.4 [0mODOM [31mVisionX  +0.00 Y  +0.00 theta   +0.0 elt    0 [0mimu  -2.3 Dt    4 LtCy    2 integ.govd   -0.00   -0.00 integ.vbp -0.00 -0.00 omni.gos X     -0.0 ,Y     -0.2. omgD -0.013 omg  +0.00 loop   4449
[0mBatt=23.4 [0mODOM [31mVisionX  +0.00 Y  +0.00 theta   +0.0 elt    0 [0mimu  -2.3 Dt    0 LtCy    0 integ.govd   +0.00   +0.00 integ.vbp +0.00 +0.00 omni.gos X     +0.0 ,Y     -0.1. omgD -0.004 omg  +0.00 loop   4433
[0mBatt=23.4 [0mODOM [31mVisionX  +0.00 Y  +0.00 theta   +0.0 elt    0 [0mimu  -2.3 Dt    6 LtCy    3 integ.govd   +0.00   +0.00 integ.vbp +0.00 +0.00 omni.gos X     +0.0 ,Y     +0.1. omgD +0.004 omg  +0.00 loop   4555
[0mBatt=23.4 [0mODOM [31mVisionX  +0.00 Y  +0.00 theta   +0.0 elt    0 [0mimu  -2.3 Dt    2 LtCy    1 integ.govd   +0.00   -0.00 integ.vbp +0.00 -0.00 omni.gos X     +0.0 ,Y     -0.1. omgD -0.008 omg  +0.00 loop   4472
[0mBatt=23.4 [0mODOM [31mVisionX  +0.00 Y  +0.00 theta   +0.0 elt    0 [0mimu  -2.3 Dt    8 LtCy    4 integ.govd   +0.00   -0.00 integ.vbp +0.00 -0.00 omni.gos X     -0.0 ,Y     -0.1. omgD -0.008 omg  +0.00 loop   4489
[0mBatt=23.4 [0mODOM [31mVisionX  +0.00 Y  +0.00 theta   +0.0 elt    0 [0mimu  -2.3 Dt    4 LtCy    2 integ.govd   -0.00   -0.00 integ.vbp -0.00 -0.00 omni.gos X     +0.0 ,Y     -0.1. omgD -0.008 omg  +0.00 loop   4482
[0mBatt=23.4 [0mODOM [31mVisionX  +0.00 Y  +0.00 theta   +0.0 elt    0 [0mimu  -2.3 Dt    0 LtCy    0 integ.govd   +0.00   +0.00 integ.vbp +0.00 +0.00 omni.gos X     +0.0 ,Y     -0.1. omgD -0.004 omg  +0.00 loop   4467
[0mBatt=23.4 [0mODOM [31mVisionX  +0.00 Y  +0.00 theta   +0.0 elt    0 [0mimu  -2.3 Dt    6 LtCy    3 integ.govd   -0.00   -0.00 integ.vbp -0.00 -0.00 omni.gos X     +0.0 ,Y     -0.1. omgD -0.004 omg  +0.00 loop   4556
[0mBatt=23.4 [0mODOM [31mVisionX  +0.00 Y  +0.00 theta   +0.0 elt    0 [0mimu  -2.3 Dt    2 LtCy    1 integ.govd   -0.00   -0.00 integ.vbp -0.00 -0.00 omni.gos X     -0.0 ,Y     -0.1. omgD -0.008 omg  +0.00 loop   4423
[0mBatt=23.4 [0mODOM [31mVisionX  +0.00 Y  +0.00 theta   +0.0 elt    0 [0mimu  -2.3 Dt    0 LtCy    0 integ.govd   +0.00   +0.00 integ.vbp +0.00 +0.00 omni.gos X     +0.0 ,Y     -0.1. omgD -0.004 omg  +0.00 loop   4467
[0mBatt=23.4 [0mODOM [31mVisionX  +0.00 Y  +0.00 theta   +0.0 elt    0 [0mimu  -2.3 Dt    6 LtCy    3 integ.govd   -0.00   -0.00 integ.vbp -0.00 -0.00 omni.gos X     -0.0 ,Y     -0.2. omgD -0.017 omg  +0.00 loop   4564
[0mBatt=23.4 [0mODOM [31mVisionX  +0.00 Y  +0.00 theta   +0.0 elt    0 [0mimu  -2.3 Dt    0 LtCy    0 integ.govd   +0.00   +0.00 integ.vbp +0.00 +0.00 omni.gos X     -0.0 ,Y     -0.2. omgD -0.017 omg  +0.00 loop   4414
[0mBatt=23.4 [0mODOM [31mVisionX  +0.00 Y  +0.00 theta   +0.0 elt    0 [0mimu  -2.3 Dt    6 LtCy    3 integ.govd   -0.00   -0.00 integ.vbp -0.00 -0.00 omni.gos X     -0.0 ,Y     -0.3. omgD -0.021 omg  +0.00 loop   4547
[0mBatt=23.4 [0mODOM [31mVisionX  +0.00 Y  +0.00 theta   +0.0 elt    0 [0mimu  -2.3 Dt    4 LtCy    2 integ.govd   -0.00   -0.00 integ.vbp -0.00 -0.00 omni.gos X     +0.0 ,Y     -0.1. omgD -0.008 omg  +0.00 loop   4465
[0mBatt=23.4 [0mODOM [31mVisionX  +0.00 Y  +0.00 theta   +0.0 elt    0 [0mimu  -2.3 Dt    0 LtCy    0 integ.govd   +0.00   +0.00 integ.vbp +0.00 +0.00 omni.gos X     +0.0 ,Y     +0.0. omgD +0.000 omg  +0.00 loop   4443
[0mBatt=23.4 [0mODOM [31mVisionX  +0.00 Y  +0.00 theta   +0.0 elt    0 [0mimu  -2.3 Dt    4 LtCy    2 integ.govd   -0.00   -0.00 integ.vbp -0.00 -0.00 omni.gos X     +0.0 ,Y     -0.1. omgD -0.008 omg  +0.00 loop   4550
[0mBatt=23.4 [0mODOM [31mVisionX  +0.00 Y  +0.00 theta   +0.0 elt    0 [0mimu  -2.3 Dt    0 LtCy    0 integ.govd   +0.00   +0.00 integ.vbp +0.00 +0.00 omni.gos X     -0.0 ,Y     -0.1. omgD -0.008 omg  +0.00 loop   4469
[0mBatt=23.4 [0mODOM [31mVisionX  +0.00 Y  +0.00 theta   +0.0 elt    0 [0mimu  -2.3 Dt    6 LtCy    3 integ.govd   -0.00   -0.00 integ.vbp -0.00 -0.00 omni.gos X     +0.0 ,Y     -0.1. omgD -0.008 omg  +0.00 loop   4541
[0mBatt=23.4 [0mODOM [31mVisionX  +0.00 Y  +0.00 theta   +0.0 elt    0 [0mimu  -2.3 Dt    2 LtCy    1 integ.govd   +0.00   -0.00 integ.vbp +0.00 -0.00 omni.gos X     +0.0 ,Y     -0.1. omgD -0.008 omg  +0.00 loop   4451
[0mBatt=23.4 [0mODOM [31mVisionX  +0.00 Y  +0.00 theta   +0.0 elt    0 [0mimu  -2.3 Dt    8 LtCy    4 integ.govd   -0.00   -0.00 integ.vbp -0.00 -0.00 omni.gos X     +0.0 ,Y     -0.1. omgD -0.008 omg  +0.00 loop   4545
[0mBatt=23.4 [0mODOM [31mVisionX  +0.00 Y  +0.00 theta   +0.0 elt    0 [0mimu  -2.3 Dt    4 LtCy    2 integ.govd   +0.00   -0.00 integ.vbp +0.00 -0.00 omni.gos X     +0.0 ,Y     -0.1. omgD -0.004 omg  +0.00 loop   4450
[0mBatt=23.4 [0mODOM [31mVisionX  +0.00 Y  +0.00 theta   +0.0 elt    0 [0mimu  -2.3 Dt    0 LtCy    0 integ.govd   +0.00   +0.00 integ.vbp +0.00 +0.00 omni.gos X     +0.0 ,Y     -0.1. omgD -0.004 omg  +0.00 loop   4444
[0mBatt=23.4 [0mODOM [31mVisionX  +0.00 Y  +0.00 theta   +0.0 elt    0 [0mimu  -2.3 Dt    4 LtCy    2 integ.govd   -0.00   -0.00 integ.vbp -0.00 -0.00 omni.gos X     +0.0 ,Y     -0.1. omgD -0.008 omg  +0.00 loop   4557
[0mBatt=23.4 [0mODOM [31mVisionX  +0.00 Y  +0.00 theta   +0.0 elt    0 [0mimu  -2.3 Dt    2 LtCy    1 integ.govd   -0.00   -0.00 integ.vbp -0.00 -0.00 omni.gos X     -0.0 ,Y     -0.2. omgD -0.013 omg  +0.00 loop   4460
[0mBatt=23.4 [0mODOM [31mVisionX  +0.00 Y  +0.00 theta   +0.0 elt    0 [0mimu  -2.3 Dt    8 LtCy    4 integ.govd   -0.00   -0.00 integ.vbp -0.00 -0.00 omni.gos X     -0.0 ,Y     -0.2. omgD -0.013 omg  +0.00 loop   4498
[0mBatt=23.4 [0mODOM [31mVisionX  +0.00 Y  +0.00 theta   +0.0 elt    0 [0mimu  -2.3 Dt    4 LtCy    2 integ.govd   -0.00   -0.00 integ.vbp -0.00 -0.00 omni.gos X     +0.0 ,Y     -0.1. omgD -0.008 omg  +0.00 loop   4455
[0mBatt=23.4 [0mODOM [31mVisionX  +0.00 Y  +0.00 theta   +0.0 elt    0 [0mimu  -2.3 Dt   10 LtCy    5 integ.govd   -0.00   -0.00 integ.vbp -0.00 -0.00 omni.gos X     +0.0 ,Y     +0.0. omgD +0.000 omg  +0.00 loop   4474
[0mBatt=23.4 [0mODOM [31mVisionX  +0.00 Y  +0.00 theta   +0.0 elt    0 [0mimu  -2.3 Dt    4 LtCy    2 integ.govd   +0.00   -0.00 integ.vbp +0.00 -0.00 omni.gos X     +0.0 ,Y     -0.1. omgD -0.008 omg  +0.00 loop   4522
[0mBatt=23.4 [0mODOM [31mVisionX  +0.00 Y  +0.00 theta   +0.0 elt    0 [0mimu  -2.3 Dt    0 LtCy    0 integ.govd   +0.00   +0.00 integ.vbp +0.00 +0.00 omni.gos X     +0.0 ,Y     +0.0. omgD +0.000 omg  +0.00 loop   4442
[0mBatt=23.4 [0mODOM [31mVisionX  +0.00 Y  +0.00 theta   +0.0 elt    0 [0mimu  -2.3 Dt    6 LtCy    3 integ.govd   -0.00   -0.00 integ.vbp -0.00 -0.00 omni.gos X     -0.0 ,Y     -0.2. omgD -0.013 omg  +0.00 loop   4567
[0mBatt=23.4 [0mODOM [31mVisionX  +0.00 Y  +0.00 theta   +0.0 elt    0 [0mimu  -2.3 Dt    4 LtCy    2 integ.govd   -0.00   -0.00 integ.vbp -0.00 -0.00 omni.gos X     -0.0 ,Y     -0.1. omgD -0.008 omg  +0.00 loop   4457
[0mBatt=23.4 [0mODOM [31mVisionX  +0.00 Y  +0.00 theta   +0.0 elt    0 [0mimu  -2.3 Dt    8 LtCy    4 integ.govd   -0.00   -0.00 integ.vbp -0.00 -0.00 omni.gos X     -0.0 ,Y     -0.1. omgD -0.008 omg  +0.00 loop   4488
[0mBatt=23.4 [0mODOM [31mVisionX  +0.00 Y  +0.00 theta   +0.0 elt    0 [0mimu  -2.3 Dt    4 LtCy    2 integ.govd   +0.00   -0.00 integ.vbp +0.00 -0.00 omni.gos X     +0.0 ,Y     -0.1. omgD -0.004 omg  +0.00 loop   4453
[0mBatt=23.4 [0mODOM [31mVisionX  +0.00 Y  +0.00 theta   +0.0 elt    0 [0mimu  -2.3 Dt    0 LtCy    0 integ.govd   +0.00   +0.00 integ.vbp +0.00 +0.00 omni.gos X     -0.0 ,Y     -0.1. omgD -0.008 omg  +0.00 loop   4476
[0mBatt=23.4 [0mODOM [31mVisionX  +0.00 Y  +0.00 theta   +0.0 elt    0 [0mimu  -2.3 Dt    6 LtCy    3 integ.govd   +0.00   -0.00 integ.vbp +0.00 -0.00 omni.gos X     +0.0 ,Y     +0.0. omgD +0.000 omg  +0.00 loop   4518
[0mBatt=23.4 [0mODOM [31mVisionX  +0.00 Y  +0.00 theta   +0.0 elt    0 [0mimu  -2.3 Dt    2 LtCy    1 integ.govd   +0.00   -0.00 integ.vbp +0.00 -0.00 omni.gos X     +0.0 ,Y     -0.1. omgD -0.004 omg  +0.00 loop   4482
[0mBatt=23.4 [0mODOM [31mVisionX  +0.00 Y  +0.00 theta   +0.0 elt    0 [0mimu  -2.3 Dt    8 LtCy    4 integ.govd   -0.00   -0.00 integ.vbp -0.00 -0.00 omni.gos X     +0.0 ,Y     -0.1. omgD -0.008 omg  +0.00 loop   4540
[0mBatt=23.4 [0mODOM [31mVisionX  +0.00 Y  +0.00 theta   +0.0 elt    0 [0mimu  -2.3 Dt    4 LtCy    2 integ.govd   +0.00   -0.00 integ.vbp +0.00 -0.00 omni.gos X     +0.0 ,Y     -0.1. omgD -0.004 omg  +0.00 loop   4426
[0mBatt=23.4 [0mODOM [31mVisionX  +0.00 Y  +0.00 theta   +0.0 elt    0 [0mimu  -2.3 Dt    2 LtCy    1 integ.govd   +0.00   -0.00 integ.vbp +0.00 -0.00 omni.gos X     +0.0 ,Y     -0.1. omgD -0.004 omg  +0.00 loop   4467
[0mBatt=23.4 [0mODOM [31mVisionX  +0.00 Y  +0.00 theta   +0.0 elt    0 [0mimu  -2.3 Dt    8 LtCy    4 integ.govd   -0.00   -0.00 integ.vbp -0.00 -0.00 omni.gos X     -0.0 ,Y     -0.1. omgD -0.004 omg  +0.00 loop   4548
[0mBatt=23.4 [0mODOM [31mVisionX  +0.00 Y  +0.00 theta   +0.0 elt    0 [0mimu  -2.3 Dt    2 LtCy    1 integ.govd   +0.00   -0.00 integ.vbp +0.00 -0.00 omni.gos X     +0.0 ,Y     -0.1. omgD -0.004 omg  +0.00 loop   4434
[0mBatt=23.4 [0mODOM [31mVisionX  +0.00 Y  +0.00 theta   +0.0 elt    0 [0mimu  -2.3 Dt    8 LtCy    4 integ.govd   -0.00   -0.00 integ.vbp -0.00 -0.00 omni.gos X     +0.0 ,Y     -0.1. omgD -0.004 omg  +0.00 loop   4466
[0mBatt=23.4 [0mODOM [31mVisionX  +0.00 Y  +0.00 theta   +0.0 elt    0 [0mimu  -2.3 Dt    6 LtCy    3 integ.govd   -0.00   -0.00 integ.vbp -0.00 -0.00 omni.gos X     -0.0 ,Y     -0.2. omgD -0.013 omg  +0.00 loop   4529
[0mBatt=23.4 [0mODOM [31mVisionX  +0.00 Y  +0.00 theta   +0.0 elt    0 [0mimu  -2.3 Dt    2 LtCy    1 integ.govd   +0.00   -0.00 integ.vbp +0.00 -0.00 omni.gos X     +0.0 ,Y     -0.1. omgD -0.008 omg  +0.00 loop   4464
[0mBatt=23.4 [0mODOM [31mVisionX  +0.00 Y  +0.00 theta   +0.0 elt    0 [0mimu  -2.3 Dt    8 LtCy    4 integ.govd   -0.00   -0.00 integ.vbp -0.00 -0.00 omni.gos X     +0.0 ,Y     -0.2. omgD -0.013 omg  +0.00 loop   4516
[0mBatt=23.4 [0mODOM [31mVisionX  +0.00 Y  +0.00 theta   +0.0 elt    0 [0mimu  -2.3 Dt    4 LtCy    2 integ.govd   -0.00   -0.00 integ.vbp -0.00 -0.00 omni.gos X     -0.0 ,Y     -0.2. omgD -0.013 omg  +0.00 loop   4468
[0mBatt=23.4 [0mODOM [31mVisionX  +0.00 Y  +0.00 theta   +0.0 elt    0 [0mimu  -2.3 Dt    0 LtCy    0 integ.govd   +0.00   +0.00 integ.vbp +0.00 +0.00 omni.gos X     -0.0 ,Y     -0.1. omgD -0.008 omg  +0.00 loop   4462
[0mBatt=23.4 [0mODOM [31mVisionX  +0.00 Y  +0.00 theta   +0.0 elt    0 [0mimu  -2.3 Dt    6 LtCy    3 integ.govd   +0.00   +0.00 integ.vbp +0.00 +0.00 omni.gos X     +0.0 ,Y     +0.1. omgD +0.004 omg  +0.00 loop   4525
[0mBatt=23.4 [0mODOM [31mVisionX  +0.00 Y  +0.00 theta   +0.0 elt    0 [0mimu  -2.3 Dt    2 LtCy    1 integ.govd   -0.00   -0.00 integ.vbp -0.00 -0.00 omni.gos X     -0.0 ,Y     -0.2. omgD -0.017 omg  +0.00 loop   4469
[0mBatt=23.4 [0mODOM [31mVisionX  +0.00 Y  +0.00 theta   +0.0 elt    0 [0mimu  -2.3 Dt    8 LtCy    4 integ.govd   -0.00   -0.00 integ.vbp -0.00 -0.00 omni.gos X     +0.0 ,Y     -0.1. omgD -0.008 omg  +0.00 loop   4524
[0mBatt=23.4 [0mODOM [31mVisionX  +0.00 Y  +0.00 theta   +0.0 elt    0 [0mimu  -2.3 Dt    2 LtCy    1 integ.govd   -0.00   -0.00 integ.vbp -0.00 -0.00 omni.gos X     -0.0 ,Y     -0.1. omgD -0.004 omg  +0.00 loop   4445
[0mBatt=23.4 [0mODOM [31mVisionX  +0.00 Y  +0.00 theta   +0.0 elt    0 [0mimu  -2.3 Dt    8 LtCy    4 integ.govd   -0.00   -0.00 integ.vbp -0.00 -0.00 omni.gos X     -0.0 ,Y     -0.1. omgD -0.008 omg  +0.00 loop   4447
[0mBatt=23.4 [0mODOM [31mVisionX  +0.00 Y  +0.00 theta   +0.0 elt    0 [0mimu  -2.3 Dt    6 LtCy    3 integ.govd   -0.00   -0.00 integ.vbp -0.00 -0.00 omni.gos X     +0.0 ,Y     -0.1. omgD -0.004 omg  +0.00 loop   4523
[0mBatt=23.4 [0mODOM [31mVisionX  +0.00 Y  +0.00 theta   +0.0 elt    0 [0mimu  -2.3 Dt    2 LtCy    1 integ.govd   -0.00   -0.00 integ.vbp -0.00 -0.00 omni.gos X     -0.0 ,Y     -0.1. omgD -0.008 omg  +0.00 loop   4450
[0mBatt=23.4 [0mODOM [31mVisionX  +0.00 Y  +0.00 theta   +0.0 elt    0 [0mimu  -2.3 Dt    6 LtCy    3 integ.govd   -0.00   -0.00 integ.vbp -0.00 -0.00 omni.gos X     -0.0 ,Y     -0.1. omgD -0.004 omg  +0.00 loop   4494
[0mBatt=23.4 [0mODOM [31mVisionX  +0.00 Y  +0.00 theta   +0.0 elt    0 [0mimu  -2.3 Dt    2 LtCy    1 integ.govd   -0.00   -0.00 integ.vbp -0.00 -0.00 omni.gos X     -0.0 ,Y     -0.1. omgD -0.008 omg  +0.00 loop   4460
[0mBatt=23.4 [0mODOM [31mVisionX  +0.00 Y  +0.00 theta   +0.0 elt    0 [0mimu  -2.3 Dt    8 LtCy    4 integ.govd   -0.00   -0.00 integ.vbp -0.00 -0.00 omni.gos X     +0.0 ,Y     -0.1. omgD -0.004 omg  +0.00 loop   4497
[0mBatt=23.4 [0mODOM [31mVisionX  +0.00 Y  +0.00 theta   +0.0 elt    0 [0mimu  -2.3 Dt    4 LtCy    2 integ.govd   -0.00   -0.00 integ.vbp -0.00 -0.00 omni.gos X     -0.0 ,Y     -0.1. omgD -0.004 omg  +0.00 loop   4441
[0mBatt=23.4 [0mODOM [31mVisionX  +0.00 Y  +0.00 theta   +0.0 elt    0 [0mimu  -2.3 Dt    2 LtCy    1 integ.govd   -0.00   -0.00 integ.vbp -0.00 -0.00 omni.gos X     -0.0 ,Y     -0.1. omgD -0.008 omg  +0.00 loop   4467
[0mBatt=23.4 [0mODOM [31mVisionX  +0.00 Y  +0.00 theta   +0.0 elt    0 [0mimu  -2.3 Dt    6 LtCy    3 integ.govd   -0.00   -0.00 integ.vbp -0.00 -0.00 omni.gos X     -0.0 ,Y     -0.2. omgD -0.013 omg  +0.00 loop   4520
[0mBatt=23.4 [0mODOM [31mVisionX  +0.00 Y  +0.00 theta   +0.0 elt    0 [0mimu  -2.3 Dt    2 LtCy    1 integ.govd   +0.00   +0.00 integ.vbp +0.00 +0.00 omni.gos X     +0.0 ,Y     +0.0. omgD +0.000 omg  +0.00 loop   4433
[0mBatt=23.4 [0mODOM [31mVisionX  +0.00 Y  +0.00 theta   +0.0 elt    0 [0mimu  -2.3 Dt    0 LtCy    0 integ.govd   +0.00   +0.00 integ.vbp +0.00 +0.00 omni.gos X     -0.0 ,Y     -0.1. omgD -0.004 omg  +0.00 loop   2162
[0mBatt=23.4 [0mODOM [31mVisionX  +0.00 Y  +0.00 theta   +0.0 elt    0 [0mimu  -2.3 Dt    6 LtCy    3 integ.govd   -0.00   -0.00 integ.vbp -0.00 -0.00 omni.gos X     +0.0 ,Y     -0.1. omgD -0.008 omg  +0.00 loop   4555
[0mBatt=23.4 [0mODOM [31mVisionX  +0.00 Y  +0.00 theta   +0.0 elt    0 [0mimu  -2.3 Dt    2 LtCy    1 integ.govd   -0.00   -0.00 integ.vbp -0.00 -0.00 omni.gos X     -0.0 ,Y     -0.2. omgD -0.013 omg  +0.00 loop   4453
[0mBatt=23.4 [0mODOM [31mVisionX  +0.00 Y  +0.00 theta   +0.0 elt    0 [0mimu  -2.3 Dt    8 LtCy    4 integ.govd   -0.00   -0.00 integ.vbp -0.00 -0.00 omni.gos X     +0.0 ,Y     -0.1. omgD -0.004 omg  +0.00 loop   4493
[0mBatt=23.4 [0mODOM [31mVisionX  +0.00 Y  +0.00 theta   +0.0 elt    0 [0mimu  -2.4 Dt    4 LtCy    2 integ.govd   -0.00   -0.00 integ.vbp -0.00 -0.00 omni.gos X     -0.0 ,Y     -0.1. omgD -0.008 omg  +0.00 loop   4468
[0mBatt=23.4 [0mODOM [31mVisionX  +0.00 Y  +0.00 theta   +0.0 elt    0 [0mimu  -2.4 Dt    0 LtCy    0 integ.govd   +0.00   +0.00 integ.vbp +0.00 +0.00 omni.gos X     -0.0 ,Y     -0.1. omgD -0.006 omg  +0.00 loop   4440
[0mBatt=23.4 [0mODOM [31mVisionX  +0.00 Y  +0.00 theta   +0.0 elt    0 [0mimu  -2.4 Dt    6 LtCy    3 integ.govd   -0.00   -0.00 integ.vbp -0.00 -0.00 omni.gos X     -0.0 ,Y     -0.1. omgD -0.008 omg  +0.00 loop   4531
[0mBatt=23.4 [0mODOM [31mVisionX  +0.00 Y  +0.00 theta   +0.0 elt    0 [0mimu  -2.4 Dt    2 LtCy    1 integ.govd   -0.00   -0.00 integ.vbp -0.00 -0.00 omni.gos X     -0.0 ,Y     -0.1. omgD -0.006 omg  +0.00 loop   4446
[0mBatt=23.4 [0mODOM [31mVisionX  +0.00 Y  +0.00 theta   +0.0 elt    0 [0mimu  -2.4 Dt    8 LtCy    4 integ.govd   -0.00   -0.00 integ.vbp -0.00 -0.00 omni.gos X     +0.0 ,Y     -0.1. omgD -0.004 omg  +0.00 loop   4527
[0mBatt=23.4 [0mODOM [31mVisionX  +0.00 Y  +0.00 theta   +0.0 elt    0 [0mimu  -2.4 Dt    2 LtCy    1 integ.govd   -0.00   -0.00 integ.vbp -0.00 -0.00 omni.gos X     -0.0 ,Y     -0.1. omgD -0.008 omg  +0.00 loop   4442
[0mBatt=23.4 [0mODOM [31mVisionX  +0.00 Y  +0.00 theta   +0.0 elt    0 [0mimu  -2.4 Dt    0 LtCy    0 integ.govd   +0.00   +0.00 integ.vbp +0.00 +0.00 omni.gos X     -0.0 ,Y     -0.2. omgD -0.015 omg  +0.00 loop   4441
[0mBatt=23.4 [0mODOM [31mVisionX  +0.00 Y  +0.00 theta   +0.0 elt    0 [0mimu  -2.4 Dt    6 LtCy    3 integ.govd   -0.00   -0.00 integ.vbp -0.00 -0.00 omni.gos X     +0.0 ,Y     -0.1. omgD -0.004 omg  +0.00 loop   4552
[0mBatt=23.4 [0mODOM [31mVisionX  +0.00 Y  +0.00 theta   +0.0 elt    0 [0mimu  -2.4 Dt    2 LtCy    1 integ.govd   -0.00   -0.00 integ.vbp -0.00 -0.00 omni.gos X     -0.0 ,Y     -0.1. omgD -0.006 omg  +0.00 loop   4463
[0mBatt=23.4 [0mODOM [31mVisionX  +0.00 Y  +0.00 theta   +0.0 elt    0 [0mimu  -2.4 Dt    6 LtCy    3 integ.govd   +0.00   +0.00 integ.vbp +0.00 +0.00 omni.gos X     +0.0 ,Y     -0.1. omgD -0.004 omg  +0.00 loop   4497
[0mBatt=23.4 [0mODOM [31mVisionX  +0.00 Y  +0.00 theta   +0.0 elt    0 [0mimu  -2.4 Dt    4 LtCy    2 integ.govd   -0.00   -0.00 integ.vbp -0.00 -0.00 omni.gos X     +0.0 ,Y     -0.1. omgD -0.004 omg  +0.00 loop   4484
[0mBatt=23.4 [0mODOM [31mVisionX  +0.00 Y  +0.00 theta   +0.0 elt    0 [0mimu  -2.4 Dt    0 LtCy    0 integ.govd   +0.00   +0.00 integ.vbp +0.00 +0.00 omni.gos X     -0.0 ,Y     -0.1. omgD -0.006 omg  +0.00 loop   4472
[0mBatt=23.4 [0mODOM [31mVisionX  +0.00 Y  +0.00 theta   +0.0 elt    0 [0mimu  -2.4 Dt    6 LtCy    3 integ.govd   -0.00   -0.00 integ.vbp -0.00 -0.00 omni.gos X     +0.0 ,Y     -0.1. omgD -0.008 omg  +0.00 loop   4523
[0mBatt=23.4 [0mODOM [31mVisionX  +0.00 Y  +0.00 theta   +0.0 elt    0 [0mimu  -2.4 Dt    2 LtCy    1 integ.govd   -0.00   -0.00 integ.vbp -0.00 -0.00 omni.gos X     -0.0 ,Y     -0.1. omgD -0.008 omg  +0.00 loop   4462
[0mBatt=23.4 [0mODOM [31mVisionX  +0.00 Y  +0.00 theta   +0.0 elt    0 [0mimu  -2.4 Dt    6 LtCy    3 integ.govd   +0.00   -0.00 integ.vbp +0.00 -0.00 omni.gos X     +0.0 ,Y     -0.0. omgD -0.002 omg  +0.00 loop   4519
[0mBatt=23.4 [0mODOM [31mVisionX  +0.00 Y  +0.00 theta   +0.0 elt    0 [0mimu  -2.4 Dt    2 LtCy    1 integ.govd   -0.00   -0.00 integ.vbp -0.00 -0.00 omni.gos X     -0.0 ,Y     -0.1. omgD -0.006 omg  +0.00 loop   4457
[0mBatt=23.4 [0mODOM [31mVisionX  +0.00 Y  +0.00 theta   +0.0 elt    0 [0mimu  -2.4 Dt    0 LtCy    0 integ.govd   +0.00   +0.00 integ.vbp +0.00 +0.00 omni.gos X     -0.0 ,Y     -0.1. omgD -0.006 omg  +0.00 loop   4451
[0mBatt=23.4 [0mODOM [31mVisionX  +0.00 Y  +0.00 theta   +0.0 elt    0 [0mimu  -2.4 Dt    6 LtCy    3 integ.govd   -0.00   -0.00 integ.vbp -0.00 -0.00 omni.gos X     -0.0 ,Y     -0.2. omgD -0.013 omg  +0.00 loop   4559
[0mBatt=23.4 [0mODOM [31mVisionX  +0.00 Y  +0.00 theta   +0.0 elt    0 [0mimu  -2.4 Dt    0 LtCy    0 integ.govd   +0.00   +0.00 integ.vbp +0.00 +0.00 omni.gos X     -0.0 ,Y     -0.1. omgD -0.008 omg  +0.00 loop   4453
[0mBatt=23.4 [0mODOM [31mVisionX  +0.00 Y  +0.00 theta   +0.0 elt    0 [0mimu  -2.4 Dt    8 LtCy    4 integ.govd   -0.00   -0.00 integ.vbp -0.00 -0.00 omni.gos X     -0.0 ,Y     -0.1. omgD -0.006 omg  +0.00 loop   4533
[0mBatt=23.4 [0mODOM [31mVisionX  +0.00 Y  +0.00 theta   +0.0 elt    0 [0mimu  -2.4 Dt    4 LtCy    2 integ.govd   -0.00   -0.00 integ.vbp -0.00 -0.00 omni.gos X     -0.0 ,Y     -0.1. omgD -0.011 omg  +0.00 loop   4469
[0mBatt=23.4 [0mODOM [31mVisionX  +0.00 Y  +0.00 theta   +0.0 elt    0 [0mimu  -2.4 Dt    0 LtCy    0 integ.govd   +0.00   +0.00 integ.vbp +0.00 +0.00 omni.gos X     -0.0 ,Y     -0.2. omgD -0.015 omg  +0.00 loop   4458
[0mBatt=23.4 [0mODOM [31mVisionX  +0.00 Y  +0.00 theta   +0.0 elt    0 [0mimu  -2.4 Dt    6 LtCy    3 integ.govd   -0.00   -0.00 integ.vbp -0.00 -0.00 omni.gos X     -0.0 ,Y     -0.1. omgD -0.006 omg  +0.00 loop   4521
[0mBatt=23.4 [0mODOM [31mVisionX  +0.00 Y  +0.00 theta   +0.0 elt    0 [0mimu  -2.4 Dt    2 LtCy    1 integ.govd   -0.00   -0.00 integ.vbp -0.00 -0.00 omni.gos X     -0.0 ,Y     -0.1. omgD -0.008 omg  +0.00 loop   4458
[0mBatt=23.4 [0mODOM [31mVisionX  +0.00 Y  +0.00 theta   +0.0 elt    0 [0mimu  -2.4 Dt    8 LtCy    4 integ.govd   -0.00   -0.00 integ.vbp -0.00 -0.00 omni.gos X     +0.0 ,Y     -0.1. omgD -0.008 omg  +0.00 loop   4533
[0mBatt=23.4 [0mODOM [31mVisionX  +0.00 Y  +0.00 theta   +0.0 elt    0 [0mimu  -2.4 Dt    4 LtCy    2 integ.govd   -0.00   -0.00 integ.vbp -0.00 -0.00 omni.gos X     +0.0 ,Y     -0.1. omgD -0.008 omg  +0.00 loop   4422
[0mBatt=23.4 [0mODOM [31mVisionX  +0.00 Y  +0.00 theta   +0.0 elt    0 [0mimu  -2.4 Dt    0 LtCy    0 integ.govd   +0.00   +0.00 integ.vbp +0.00 +0.00 omni.gos X     -0.0 ,Y     -0.2. omgD -0.013 omg  +0.00 loop   4455
[0mBatt=23.4 [0mODOM [31mVisionX  +0.00 Y  +0.00 theta   +0.0 elt    0 [0mimu  -2.4 Dt    6 LtCy    3 integ.govd   -0.00   -0.00 integ.vbp -0.00 -0.00 omni.gos X     -0.0 ,Y     -0.2. omgD -0.013 omg  +0.00 loop   4554
[0mBatt=23.4 [0mODOM [31mVisionX  +0.00 Y  +0.00 theta   +0.0 elt    0 [0mimu  -2.4 Dt    2 LtCy    1 integ.govd   +0.00   +0.00 integ.vbp +0.00 +0.00 omni.gos X     +0.0 ,Y     +0.0. omgD +0.000 omg  +0.00 loop   4441
[0mBatt=23.4 [0mODOM [31mVisionX  +0.00 Y  +0.00 theta   +0.0 elt    0 [0mimu  -2.4 Dt    8 LtCy    4 integ.govd   -0.00   -0.00 integ.vbp -0.00 -0.00 omni.gos X     -0.0 ,Y     -0.2. omgD -0.013 omg  +0.00 loop   4502
[0mBatt=23.4 [0mODOM [31mVisionX  +0.00 Y  +0.00 theta   +0.0 elt    0 [0mimu  -2.4 Dt    4 LtCy    2 integ.govd   -0.00   -0.00 integ.vbp -0.00 -0.00 omni.gos X     -0.0 ,Y     -0.1. omgD -0.008 omg  +0.00 loop   4491
[0mBatt=23.4 [0mODOM [31mVisionX  +0.00 Y  +0.00 theta   +0.0 elt    0 [0mimu  -2.4 Dt    0 LtCy    0 integ.govd   +0.00   +0.00 integ.vbp +0.00 +0.00 omni.gos X     -0.0 ,Y     -0.1. omgD -0.008 omg  +0.00 loop   4458
[0mBatt=23.4 [0mODOM [31mVisionX  +0.00 Y  +0.00 theta   +0.0 elt    0 [0mimu  -2.4 Dt    6 LtCy    3 integ.govd   -0.00   -0.00 integ.vbp -0.00 -0.00 omni.gos X     -0.0 ,Y     -0.1. omgD -0.008 omg  +0.00 loop   4525
[0mBatt=23.4 [0mODOM [31mVisionX  +0.00 Y  +0.00 theta   +0.0 elt    0 [0mimu  -2.4 Dt    2 LtCy    1 integ.govd   -0.00   -0.00 integ.vbp -0.00 -0.00 omni.gos X     -0.0 ,Y     -0.2. omgD -0.013 omg  +0.00 loop   4464
[0mBatt=23.4 [0mODOM [31mVisionX  +0.00 Y  +0.00 theta   +0.0 elt    0 [0mimu  -2.4 Dt    8 LtCy    4 integ.govd   -0.00   -0.00 integ.vbp -0.00 -0.00 omni.gos X     +0.0 ,Y     -0.1. omgD -0.008 omg  +0.00 loop   4529
[0mBatt=23.4 [0mODOM [31mVisionX  +0.00 Y  +0.00 theta   +0.0 elt    0 [0mimu  -2.4 Dt    4 LtCy    2 integ.govd   -0.00   -0.00 integ.vbp -0.00 -0.00 omni.gos X     +0.0 ,Y     -0.1. omgD -0.004 omg  +0.00 loop   4419
[0mBatt=23.4 [0mODOM [31mVisionX  +0.00 Y  +0.00 theta   +0.0 elt    0 [0mimu  -2.4 Dt    8 LtCy    4 integ.govd   -0.00   -0.00 integ.vbp -0.00 -0.00 omni.gos X     +0.0 ,Y     +0.0. omgD +0.000 omg  +0.00 loop   4480
[0mBatt=23.4 [0mODOM [31mVisionX  +0.00 Y  +0.00 theta   +0.0 elt    0 [0mimu  -2.4 Dt    6 LtCy    3 integ.govd   +0.00   -0.00 integ.vbp +0.00 -0.00 omni.gos X     +0.0 ,Y     -0.1. omgD -0.004 omg  +0.00 loop   4512
[0mBatt=23.4 [0mODOM [31mVisionX  +0.00 Y  +0.00 theta   +0.0 elt    0 [0mimu  -2.4 Dt    2 LtCy    1 integ.govd   +0.00   -0.00 integ.vbp +0.00 -0.00 omni.gos X     +0.0 ,Y     -0.1. omgD -0.004 omg  +0.00 loop   4460
[0mBatt=23.4 [0mODOM [31mVisionX  +0.00 Y  +0.00 theta   +0.0 elt    0 [0mimu  -2.4 Dt    8 LtCy    4 integ.govd   -0.00   -0.00 integ.vbp -0.00 -0.00 omni.gos X     -0.0 ,Y     -0.1. omgD -0.008 omg  +0.00 loop   4537
[0mBatt=23.4 [0mODOM [31mVisionX  +0.00 Y  +0.00 theta   +0.0 elt    0 [0mimu  -2.4 Dt    2 LtCy    1 integ.govd   -0.00   -0.00 integ.vbp -0.00 -0.00 omni.gos X     -0.0 ,Y     -0.2. omgD -0.013 omg  +0.00 loop   4456
[0mBatt=23.4 [0mODOM [31mVisionX  +0.00 Y  +0.00 theta   +0.0 elt    0 [0mimu  -2.4 Dt    8 LtCy    4 integ.govd   -0.00   -0.00 integ.vbp -0.00 -0.00 omni.gos X     -0.0 ,Y     -0.2. omgD -0.017 omg  +0.00 loop   4512
[0mBatt=23.4 [0mODOM [31mVisionX  +0.00 Y  +0.00 theta   +0.0 elt    0 [0mimu  -2.4 Dt    4 LtCy    2 integ.govd   +0.00   -0.00 integ.vbp +0.00 -0.00 omni.gos X     +0.0 ,Y     -0.1. omgD -0.004 omg  +0.00 loop   4435
[0mBatt=23.4 [0mODOM [31mVisionX  +0.00 Y  +0.00 theta   +0.0 elt    0 [0mimu  -2.4 Dt    0 LtCy    0 integ.govd   +0.00   +0.00 integ.vbp +0.00 +0.00 omni.gos X     -0.0 ,Y     -0.1. omgD -0.004 omg  +0.00 loop   4486
[0mBatt=23.4 [0mODOM [31mVisionX  +0.00 Y  +0.00 theta   +0.0 elt    0 [0mimu  -2.4 Dt    6 LtCy    3 integ.govd   -0.00   -0.00 integ.vbp -0.00 -0.00 omni.gos X     -0.0 ,Y     -0.2. omgD -0.013 omg  +0.00 loop   4550
[0mBatt=23.4 [0mODOM [31mVisionX  +0.00 Y  +0.00 theta   +0.0 elt    0 [0mimu  -2.4 Dt    2 LtCy    1 integ.govd   -0.00   -0.00 integ.vbp -0.00 -0.00 omni.gos X     -0.0 ,Y     -0.1. omgD -0.004 omg  +0.00 loop   4425
[0mBatt=23.4 [0mODOM [31mVisionX  +0.00 Y  +0.00 theta   +0.0 elt    0 [0mimu  -2.4 Dt    6 LtCy    3 integ.govd   -0.00   -0.00 integ.vbp -0.00 -0.00 omni.gos X     -0.0 ,Y     -0.2. omgD -0.013 omg  +0.00 loop   4519
[0mBatt=23.4 [0mODOM [31mVisionX  +0.00 Y  +0.00 theta   +0.0 elt    0 [0mimu  -2.4 Dt    2 LtCy    1 integ.govd   +0.00   +0.00 integ.vbp +0.00 +0.00 omni.gos X     +0.0 ,Y     +0.0. omgD +0.000 omg  +0.00 loop   4454
[0mBatt=23.4 [0mODOM [31mVisionX  +0.00 Y  +0.00 theta   +0.0 elt    0 [0mimu  -2.4 Dt    8 LtCy    4 integ.govd   -0.00   -0.00 integ.vbp -0.00 -0.00 omni.gos X     -0.0 ,Y     -0.1. omgD -0.004 omg  +0.00 loop   4480
[0mBatt=23.4 [0mODOM [31mVisionX  +0.00 Y  +0.00 theta   +0.0 elt    0 [0mimu  -2.4 Dt    6 LtCy    3 integ.govd   -0.00   -0.00 integ.vbp -0.00 -0.00 omni.gos X     +0.0 ,Y     -0.1. omgD -0.004 omg  +0.00 loop   4514
[0mBatt=23.4 [0mODOM [31mVisionX  +0.00 Y  +0.00 theta   +0.0 elt    0 [0mimu  -2.4 Dt    2 LtCy    1 integ.govd   -0.00   -0.00 integ.vbp -0.00 -0.00 omni.gos X     -0.0 ,Y     -0.1. omgD -0.008 omg  +0.00 loop   4465
[0mBatt=23.4 [0mODOM [31mVisionX  +0.00 Y  +0.00 theta   +0.0 elt    0 [0mimu  -2.4 Dt    8 LtCy    4 integ.govd   -0.00   -0.00 integ.vbp -0.00 -0.00 omni.gos X     +0.0 ,Y     -0.1. omgD -0.008 omg  +0.00 loop   4511
[0mBatt=23.4 [0mODOM [31mVisionX  +0.00 Y  +0.00 theta   +0.0 elt    0 [0mimu  -2.4 Dt    4 LtCy    2 integ.govd   +0.00   +0.00 integ.vbp +0.00 +0.00 omni.gos X     +0.0 ,Y     +0.0. omgD +0.000 omg  +0.00 loop   4432
[0mBatt=23.4 [0mODOM [31mVisionX  +0.00 Y  +0.00 theta   +0.0 elt    0 [0mimu  -2.4 Dt    0 LtCy    0 integ.govd   +0.00   +0.00 integ.vbp +0.00 +0.00 omni.gos X     +0.0 ,Y     +0.0. omgD +0.000 omg  +0.00 loop   4482
[0mBatt=23.4 [0mODOM [31mVisionX  +0.00 Y  +0.00 theta   +0.0 elt    0 [0mimu  -2.4 Dt    6 LtCy    3 integ.govd   -0.00   -0.00 integ.vbp -0.00 -0.00 omni.gos X     +0.0 ,Y     -0.1. omgD -0.004 omg  +0.00 loop   4557
[0mBatt=23.4 [0mODOM [31mVisionX  +0.00 Y  +0.00 theta   +0.0 elt    0 [0mimu  -2.4 Dt    2 LtCy    1 integ.govd   -0.00   -0.00 integ.vbp -0.00 -0.00 omni.gos X     -0.0 ,Y     -0.1. omgD -0.004 omg  +0.00 loop   4430
[0mBatt=23.4 [0mODOM [31mVisionX  +0.00 Y  +0.00 theta   +0.0 elt    0 [0mimu  -2.4 Dt    8 LtCy    4 integ.govd   +0.00   -0.00 integ.vbp +0.00 -0.00 omni.gos X     +0.0 ,Y     +0.1. omgD +0.004 omg  +0.00 loop   4531
[0mBatt=23.4 [0mODOM [31mVisionX  +0.00 Y  +0.00 theta   +0.0 elt    0 [0mimu  -2.4 Dt    4 LtCy    2 integ.govd   +0.00   -0.00 integ.vbp +0.00 -0.00 omni.gos X     +0.0 ,Y     -0.1. omgD -0.004 omg  +0.00 loop   4472
[0mBatt=23.4 [0mODOM [31mVisionX  +0.00 Y  +0.00 theta   +0.0 elt    0 [0mimu  -2.4 Dt    0 LtCy    0 integ.govd   +0.00   +0.00 integ.vbp +0.00 +0.00 omni.gos X     -0.0 ,Y     -0.1. omgD -0.004 omg  +0.00 loop   4443
[0mBatt=23.4 [0mODOM [31mVisionX  +0.00 Y  +0.00 theta   +0.0 elt    0 [0mimu  -2.4 Dt    8 LtCy    4 integ.govd   -0.00   -0.00 integ.vbp -0.00 -0.00 omni.gos X     -0.0 ,Y     -0.1. omgD -0.004 omg  +0.00 loop   2202
[0mBatt=23.4 [0mODOM [31mVisionX  +0.00 Y  +0.00 theta   +0.0 elt    0 [0mimu  -2.4 Dt    4 LtCy    2 integ.govd   -0.00   -0.00 integ.vbp -0.00 -0.00 omni.gos X     -0.0 ,Y     -0.1. omgD -0.008 omg  +0.00 loop   4466
[0mBatt=23.4 [0mODOM [31mVisionX  +0.00 Y  +0.00 theta   +0.0 elt    0 [0mimu  -2.4 Dt    0 LtCy    0 integ.govd   +0.00   +0.00 integ.vbp +0.00 +0.00 omni.gos X     +0.0 ,Y     +0.1. omgD +0.004 omg  +0.00 loop   4453
[0mBatt=23.4 [0mODOM [31mVisionX  +0.00 Y  +0.00 theta   +0.0 elt    0 [0mimu  -2.4 Dt    6 LtCy    3 integ.govd   -0.00   -0.00 integ.vbp -0.00 -0.00 omni.gos X     +0.0 ,Y     -0.1. omgD -0.008 omg  +0.00 loop   4534
[0mBatt=23.4 [0mODOM [31mVisionX  +0.00 Y  +0.00 theta   +0.0 elt    0 [0mimu  -2.4 Dt    2 LtCy    1 integ.govd   +0.00   +0.00 integ.vbp +0.00 +0.00 omni.gos X     +0.0 ,Y     +0.1. omgD +0.004 omg  +0.00 loop   4462
[0mBatt=23.4 [0mODOM [31mVisionX  +0.00 Y  +0.00 theta   +0.0 elt    0 [0mimu  -2.4 Dt    8 LtCy    4 integ.govd   +0.00   -0.00 integ.vbp +0.00 -0.00 omni.gos X     +0.0 ,Y     -0.1. omgD -0.004 omg  +0.00 loop   4554
[0mBatt=23.4 [0mODOM [31mVisionX  +0.00 Y  +0.00 theta   +0.0 elt    0 [0mimu  -2.4 Dt    4 LtCy    2 integ.govd   -0.00   -0.00 integ.vbp -0.00 -0.00 omni.gos X     -0.0 ,Y     -0.2. omgD -0.013 omg  +0.00 loop   4418
[0mBatt=23.4 [0mODOM [31mVisionX  +0.00 Y  +0.00 theta   +0.0 elt    0 [0mimu  -2.4 Dt    0 LtCy    0 integ.govd   +0.00   +0.00 integ.vbp +0.00 +0.00 omni.gos X     -0.0 ,Y     -0.2. omgD -0.013 omg  +0.00 loop   4455
[0mBatt=23.4 [0mODOM [31mVisionX  +0.00 Y  +0.00 theta   +0.0 elt    0 [0mimu  -2.4 Dt    6 LtCy    3 integ.govd   -0.00   -0.00 integ.vbp -0.00 -0.00 omni.gos X     +0.0 ,Y     -0.1. omgD -0.008 omg  +0.00 loop   4558
[0mBatt=23.4 [0mODOM [31mVisionX  +0.00 Y  +0.00 theta   +0.0 elt    0 [0mimu  -2.4 Dt    2 LtCy    1 integ.govd   +0.00   -0.00 integ.vbp +0.00 -0.00 omni.gos X     +0.0 ,Y     -0.1. omgD -0.004 omg  +0.00 loop   4430
[0mBatt=23.4 [0mODOM [31mVisionX  +0.00 Y  +0.00 theta   +0.0 elt    0 [0mimu  -2.4 Dt    8 LtCy    4 integ.govd   +0.00   +0.00 integ.vbp +0.00 +0.00 omni.gos X     +0.0 ,Y     +0.1. omgD +0.004 omg  +0.00 loop   4531
[0mBatt=23.4 [0mODOM [31mVisionX  +0.00 Y  +0.00 theta   +0.0 elt    0 [0mimu  -2.4 Dt    2 LtCy    1 integ.govd   -0.00   -0.00 integ.vbp -0.00 -0.00 omni.gos X     -0.0 ,Y     -0.1. omgD -0.008 omg  +0.00 loop   4456
[0mBatt=23.4 [0mODOM [31mVisionX  +0.00 Y  +0.00 theta   +0.0 elt    0 [0mimu  -2.4 Dt    8 LtCy    4 integ.govd   -0.00   -0.00 integ.vbp -0.00 -0.00 omni.gos X     -0.0 ,Y     -0.1. omgD -0.008 omg  +0.00 loop   4508
[0mBatt=23.4 [0mODOM [31mVisionX  +0.00 Y  +0.00 theta   +0.0 elt    0 [0mimu  -2.4 Dt    4 LtCy    2 integ.govd   -0.00   -0.00 integ.vbp -0.00 -0.00 omni.gos X     -0.0 ,Y     -0.1. omgD -0.004 omg  +0.00 loop   4416
[0mBatt=23.4 [0mODOM [31mVisionX  +0.00 Y  +0.00 theta   +0.0 elt    0 [0mimu  -2.4 Dt    0 LtCy    0 integ.govd   +0.00   +0.00 integ.vbp +0.00 +0.00 omni.gos X     +0.0 ,Y     +0.0. omgD +0.000 omg  +0.00 loop   4462
[0mBatt=23.4 [0mODOM [31mVisionX  +0.00 Y  +0.00 theta   +0.0 elt    0 [0mimu  -2.4 Dt    8 LtCy    4 integ.govd   -0.00   -0.00 integ.vbp -0.00 -0.00 omni.gos X     +0.0 ,Y     -0.1. omgD -0.008 omg  +0.00 loop   4573
[0mBatt=23.4 [0mODOM [31mVisionX  +0.00 Y  +0.00 theta   +0.0 elt    0 [0mimu  -2.4 Dt    2 LtCy    1 integ.govd   -0.00   -0.00 integ.vbp -0.00 -0.00 omni.gos X     -0.0 ,Y     -0.1. omgD -0.008 omg  +0.00 loop   4424
[0mBatt=23.4 [0mODOM [31mVisionX  +0.00 Y  +0.00 theta   +0.0 elt    0 [0mimu  -2.4 Dt    8 LtCy    4 integ.govd   -0.00   -0.00 integ.vbp -0.00 -0.00 omni.gos X     +0.0 ,Y     -0.1. omgD -0.008 omg  +0.00 loop   4467
[0mBatt=23.4 [0mODOM [31mVisionX  +0.00 Y  +0.00 theta   +0.0 elt    0 [0mimu  -2.4 Dt    6 LtCy    3 integ.govd   -0.00   -0.00 integ.vbp -0.00 -0.00 omni.gos X     +0.0 ,Y     -0.1. omgD -0.004 omg  +0.00 loop   4511
[0mBatt=23.4 [0mODOM [31mVisionX  +0.00 Y  +0.00 theta   +0.0 elt    0 [0mimu  -2.4 Dt    2 LtCy    1 integ.govd   -0.00   -0.00 integ.vbp -0.00 -0.00 omni.gos X     -0.0 ,Y     -0.2. omgD -0.017 omg  +0.00 loop   4439
[0mBatt=23.4 [0mODOM [31mVisionX  +0.00 Y  +0.00 theta   +0.0 elt    0 [0mimu  -2.4 Dt    8 LtCy    4 integ.govd   -0.00   -0.00 integ.vbp -0.00 -0.00 omni.gos X     +0.0 ,Y     -0.1. omgD -0.004 omg  +0.00 loop   4518
[0mBatt=23.4 [0mODOM [31mVisionX  +0.00 Y  +0.00 theta   +0.0 elt    0 [0mimu  -2.4 Dt    4 LtCy    2 integ.govd   -0.00   -0.00 integ.vbp -0.00 -0.00 omni.gos X     -0.0 ,Y     -0.1. omgD -0.004 omg  +0.00 loop   4462
[0mBatt=23.4 [mODOM [31mVsionX  +000 Y  +0.0 theta   +.0 elt    0 [0mimu  -2.4 Dt    0LtCy    0 inte.govd   +0.0   +.00 integvbp +0.00 +0.0 omni.gos X     -0.0,     -0.2. omgD -.013 omg  +0.00 loop   4445
[0mBatt=23.4 [0mODOM [31mVisionX  +0.00 Y  +0.00 theta   +0.0 elt    0 [0mimu  -2.4 Dt    6 LtCy    3 integ.govd   -0.00   -0.00 integ.vbp -0.00 -0.00 omni.gos X     +0.0 ,Y     -0.1. omgD -0.004 omg  +0.00 loop   4527
[0mBatt=23.4 [0mODOM [31mVisionX  +0.00 Y  +0.00 theta   +0.0 elt    0 [0mimu  -2.4 Dt    2 LtCy    1 integ.govd   -0.00   -0.00 integ.vbp -0.00 -0.00 omni.gos X     -0.0 ,Y     -0.1. omgD -0.004 omg  +0.00 loop   4462
[0mBatt=23.4 [0mODOM [31mVisionX  +0.00 Y  +0.00 theta   +0.0 elt    0 [0mimu  -2.4 Dt    8 LtCy    4 integ.govd   -0.00   -0.00 integ.vbp -0.00 -0.00 omni.gos X     +0.0 ,Y     -0.1. omgD -0.004 omg  +0.00 loop   4518
[0mBatt=23.4 [0mODOM [31mVisionX  +0.00 Y  +0.00 theta   +0.0 elt    0 [0mimu  -2.4 Dt    4 LtCy    2 integ.govd   -0.00   -0.00 integ.vbp -0.00 -0.00 omni.gos X     -0.0 ,Y     -0.1. omgD -0.004 omg  +0.00 loop   4434
[0mBatt=23.4 [0mODOM [31mVisionX  +0.00 Y  +0.00 theta   +0.0 elt    0 [0mimu  -2.4 Dt    0 LtCy    0 integ.govd   +0.00   +0.00 integ.vbp +0.00 +0.00 omni.gos X     -0.0 ,Y     -0.2. omgD -0.013 omg  +0.00 loop   4457
[0mBatt=23.4 [0mODOM [31mVisionX  +0.00 Y  +0.00 theta   +0.0 elt    0 [0mimu  -2.4 Dt    6 LtCy    3 integ.govd   -0.00   -0.00 integ.vbp -0.00 -0.00 omni.gos X     -0.0 ,Y     -0.2. omgD -0.013 omg  +0.00 loop   4551
[0mBatt=23.4 [0mODOM [31mVisionX  +0.00 Y  +0.00 theta   +0.0 elt    0 [0mimu  -2.4 Dt    0 LtCy    0 integ.govd   +0.00   +0.00 integ.vbp +0.00 +0.00 omni.gos X     +0.0 ,Y     -0.1. omgD -0.004 omg  +0.00 loop   4425
[0mBatt=23.4 [0mODOM [31mVisionX  +0.00 Y  +0.00 theta   +0.0 elt    0 [0mimu  -2.4 Dt    8 LtCy    4 integ.govd   -0.00   -0.00 integ.vbp -0.00 -0.00 omni.gos X     -0.0 ,Y     -0.2. omgD -0.013 omg  +0.00 loop   4560
[0mBatt=23.4 [0mODOM [31mVisionX  +0.00 Y  +0.00 theta   +0.0 elt    0 [0mimu  -2.4 Dt    4 LtCy    2 integ.govd   -0.00   -0.00 integ.vbp -0.00 -0.00 omni.gos X     -0.0 ,Y     -0.2. omgD -0.017 omg  +0.00 loop   4454
[0mBatt=23.4 [0mODOM [31mVisionX  +0.00 Y  +0.00 theta   +0.0 elt    0 [0mimu  -2.4 Dt    0 LtCy    0 integ.govd   +0.00   +0.00 integ.vbp +0.00 +0.00 omni.gos X     -0.0 ,Y     -0.1. omgD -0.008 omg  +0.00 loop   4443
[0mBatt=23.4 [0mODOM [31mVisionX  +0.00 Y  +0.00 theta   +0.0 elt    0 [0mimu  -2.4 Dt    6 LtCy    3 integ.govd   -0.00   -0.00 integ.vbp -0.00 -0.00 omni.gos X     -0.0 ,Y     -0.1. omgD -0.006 omg  +0.00 loop   4541
[0mBatt=23.4 [0mODOM [31mVisionX  +0.00 Y  +0.00 theta   +0.0 elt    0 [0mimu  -2.4 Dt    2 LtCy    1 integ.govd   -0.00   -0.00 integ.vbp -0.00 -0.00 omni.gos X     -0.0 ,Y     -0.2. omgD -0.013 omg  +0.00 loop   4463
[0mBatt=23.4 [0mODOM [31mVisionX  +0.00 Y  +0.00 theta   +0.0 elt    0 [0mimu  -2.4 Dt    8 LtCy    4 integ.govd   -0.00   -0.00 integ.vbp -0.00 -0.00 omni.gos X     +0.0 ,Y     -0.1. omgD -0.006 omg  +0.00 loop   4505
[0mBatt=23.4 [0mODOM [31mVisionX  +0.00 Y  +0.00 theta   +0.0 elt    0 [0mimu  -2.4 Dt    4 LtCy    2 integ.govd   -0.00   -0.00 integ.vbp -0.00 -0.00 omni.gos X     -0.0 ,Y     -0.1. omgD -0.006 omg  +0.00 loop   4430
[0mBatt=23.4 [0mODOM [31mVisionX  +0.00 Y  +0.00 theta   +0.0 elt    0 [0mimu  -2.4 Dt    0 LtCy    0 integ.govd   +0.00   +0.00 integ.vbp +0.00 +0.00 omni.gos X     +0.0 ,Y     +0.0. omgD +0.000 omg  +0.00 loop   4449
[0mBatt=23.4 [0mODOM [31mVisionX  +0.00 Y  +0.00 theta   +0.0 elt    0 [0mimu  -2.4 Dt    6 LtCy    3 integ.govd   -0.00   -0.00 integ.vbp -0.00 -0.00 omni.gos X     -0.0 ,Y     -0.1. omgD -0.008 omg  +0.00 loop   4560
[0mBatt=23.4 [0mODOM [31mVisionX  +0.00 Y  +0.00 theta   +0.0 elt    0 [0mimu  -2.4 Dt    2 LtCy    1 integ.govd   +0.00   -0.00 integ.vbp +0.00 -0.00 omni.gos X     +0.0 ,Y     -0.1. omgD -0.004 omg  +0.00 loop   4436
[0mBatt=23.4 [0mODOM [31mVisionX  +0.00 Y  +0.00 theta   +0.0 elt    0 [0mimu  -2.4 Dt    8 LtCy    4 integ.govd   -0.00   -0.00 integ.vbp -0.00 -0.00 omni.gos X     -0.0 ,Y     -0.2. omgD -0.013 omg  +0.00 loop   4517
[0mBatt=23.4 [0mODOM [31mVisionX  +0.00 Y  +0.00 theta   +0.0 elt    0 [0mimu  -2.4 Dt    4 LtCy    2 integ.govd   +0.00   -0.00 integ.vbp +0.00 -0.00 omni.gos X     +0.0 ,Y     -0.1. omgD -0.004 omg  +0.00 loop   4461
[0mBatt=23.4 [0mODOM [31mVisionX  +0.00 Y  +0.00 theta   +0.0 elt    0 [0mimu  -2.4 Dt    0 LtCy    0 integ.govd   +0.00   +0.00 integ.vbp +0.00 +0.00 omni.gos X     +0.0 ,Y     -0.0. omgD -0.002 omg  +0.00 loop   4455
[0mBatt=23.4 [0mODOM [31mVisionX  +0.00 Y  +0.00 theta   +0.0 elt    0 [0mimu  -2.4 Dt    6 LtCy    3 integ.govd   -0.00   -0.00 integ.vbp -0.00 -0.00 omni.gos X     +0.0 ,Y     -0.1. omgD -0.004 omg  +0.00 loop   4546
[0mBatt=23.4 [0mODOM [31mVisionX  +0.00 Y  +0.00 theta   +0.0 elt    0 [0mimu  -2.4 Dt    2 LtCy    1 integ.govd   +0.00   -0.00 integ.vbp +0.00 -0.00 omni.gos X     +0.0 ,Y     -0.1. omgD -0.004 omg  +0.00 loop   4460
[0mBatt=23.4 [0mODOM [31mVisionX  +0.00 Y  +0.00 theta   +0.0 elt    0 [0mimu  -2.4 Dt    0 LtCy    0 integ.govd   +0.00   +0.00 integ.vbp +0.00 +0.00 omni.gos X     +0.0 ,Y     +0.0. omgD +0.000 omg  +0.00 loop   4442
[0mBatt=23.4 [0mODOM [31mVisionX  +0.00 Y  +0.00 theta   +0.0 elt    0 [0mimu  -2.4 Dt    4 LtCy    2 integ.govd   -0.00   -0.00 integ.vbp -0.00 -0.00 omni.gos X     -0.0 ,Y     -0.2. omgD -0.013 omg  +0.00 loop   4547
[0mBatt=23.4 [0mODOM [31mVisionX  +0.00 Y  +0.00 theta   +0.0 elt    0 [0mimu  -2.4 Dt    0 LtCy    0 integ.govd   +0.00   +0.00 integ.vbp +0.00 +0.00 omni.gos X     -0.0 ,Y     -0.1. omgD -0.011 omg  +0.00 loop   4456
[0mBatt=23.4 [0mODOM [31mVisionX  +0.00 Y  +0.00 theta   +0.0 elt    0 [0mimu  -2.4 Dt    6 LtCy    3 integ.govd   -0.00   -0.00 integ.vbp -0.00 -0.00 omni.gos X     +0.0 ,Y     -0.1. omgD -0.008 omg  +0.00 loop   4549
[0mBatt=23.4 [0mODOM [31mVisionX  +0.00 Y  +0.00 theta   +0.0 elt    0 [0mimu  -2.4 Dt    2 LtCy    1 integ.govd   +0.00   -0.00 integ.vbp +0.00 -0.00 omni.gos X     +0.0 ,Y     -0.0. omgD -0.002 omg  +0.00 loop   4433
[0mBatt=23.4 [0mODOM [31mVisionX  +0.00 Y  +0.00 theta   +0.0 elt    0 [0mimu  -2.4 Dt    8 LtCy    4 integ.govd   +0.00   +0.00 integ.vbp +0.00 +0.00 omni.gos X     +0.0 ,Y     +0.0. omgD +0.002 omg  +0.00 loop   4512
[0mBatt=23.4 [0mODOM [31mVisionX  +0.00 Y  +0.00 theta   +0.0 elt    0 [0mimu  -2.4 Dt    4 LtCy    2 integ.govd   -0.00   -0.00 integ.vbp -0.00 -0.00 omni.gos X     -0.0 ,Y     -0.1. omgD -0.004 omg  +0.00 loop   4489
[0mBatt=23.4 [0mODOM [31mVisionX  +0.00 Y  +0.00 theta   +0.0 elt    0 [0mimu  -2.4 Dt    0 LtCy    0 integ.govd   +0.00   +0.00 integ.vbp +0.00 +0.00 omni.gos X     -0.0 ,Y     -0.1. omgD -0.008 omg  +0.00 loop   4430
[0mBatt=23.4 [0mODOM [31mVisionX  +0.00 Y  +0.00 theta   +0.0 elt    0 [0mimu  -2.4 Dt    6 LtCy    3 integ.govd   -0.00   -0.00 integ.vbp -0.00 -0.00 omni.gos X     -0.0 ,Y     -0.2. omgD -0.013 omg  +0.00 loop   4549
[0mBatt=23.4 [0mODOM [31mVisionX  +0.00 Y  +0.00 theta   +0.0 elt    0 [0mimu  -2.4 Dt    2 LtCy    1 integ.govd   +0.00   -0.00 integ.vbp +0.00 -0.00 omni.gos X     +0.0 ,Y     -0.1. omgD -0.004 omg  +0.00 loop   4445
[0mBatt=23.4 [0mODOM [31mVisionX  +0.00 Y  +0.00 theta   +0.0 elt    0 [0mimu  -2.4 Dt    0 LtCy    0 integ.govd   +0.00   +0.00 integ.vbp +0.00 +0.00 omni.gos X     -0.0 ,Y     -0.1. omgD -0.006 omg  +0.00 loop   4458
[0mBatt=23.4 [0mODOM [31mVisionX  +0.00 Y  +0.00 theta   +0.0 elt    0 [0mimu  -2.4 Dt    4 LtCy    2 integ.govd   -0.00   -0.00 integ.vbp -0.00 -0.00 omni.gos X     -0.0 ,Y     -0.1. omgD -0.008 omg  +0.00 loop   4538
[0mBatt=23.4 [0mODOM [31mVisionX  +0.00 Y  +0.00 theta   +0.0 elt    0 [0mimu  -2.4 Dt    0 LtCy    0 integ.govd   +0.00   +0.00 integ.vbp +0.00 +0.00 omni.gos X     +0.0 ,Y     -0.1. omgD -0.004 omg  +0.00 loop   4461
[0mBatt=23.4 [0mODOM [31mVisionX  +0.00 Y  +0.00 theta   +0.0 elt    0 [0mimu  -2.4 Dt    6 LtCy    3 integ.govd   -0.00   -0.00 integ.vbp -0.00 -0.00 omni.gos X     +0.0 ,Y     +0.0. omgD +0.000 omg  +0.00 loop   4539
[0mBatt=23.4 [0mODOM [31mVisionX  +0.00 Y  +0.00 theta   +0.0 elt    0 [0mimu  -2.4 Dt    2 LtCy    1 integ.govd   +0.00   -0.00 integ.vbp +0.00 -0.00 omni.gos X     +0.0 ,Y     -0.1. omgD -0.004 omg  +0.00 loop   4449
[0mBatt=23.4 [0mODOM [31mVisionX  +0.00 Y  +0.00 theta   +0.0 elt    0 [0mimu  -2.4 Dt    8 LtCy    4 integ.govd   -0.00   -0.00 integ.vbp -0.00 -0.00 omni.gos X     -0.0 ,Y     -0.2. omgD -0.017 omg  +0.00 loop   4497
TPRB_BEGIN,version=1,clock_hz=170000000,duration_cycles=1700000000
TPRB_TYPE,event_sequence,cycle,marker_sequence,counter
TPRB_RX,0,26037484,1,1
TPRB_RX,1,27721517,1,10
TPRB_RX,2,29383797,2,19
TPRB_RX,3,31052816,2,28
TPRB_RX,4,32898018,3,38
TPRB_RX,5,34568259,4,47
TPRB_RX,6,36235477,4,56
TPRB_RX,7,37897712,5,65
TPRB_RX,8,39569429,6,74
TPRB_RX,9,41241348,6,83
TPRB_RX,10,43085966,7,93
TPRB_RX,11,44757147,8,102
TPRB_RX,12,46429725,8,111
TPRB_RX,13,48092399,9,120
TPRB_RX,14,49762808,10,129
TPRB_RX,15,51614140,10,139
TPRB_RX,16,53463019,11,149
TPRB_RX,17,55136641,12,158
TPRB_RX,18,56806583,13,167
TPRB_RX,19,58482145,13,176
TPRB_RX,20,60155866,14,185
TPRB_RX,21,61833261,14,194
TPRB_RX,22,63681295,15,3
TPRB_RX,23,65353996,16,12
TPRB_RX,24,67022253,16,21
TPRB_RX,25,68683611,17,30
TPRB_RX,26,70361873,18,39
TPRB_RX,27,72031862,18,48
TPRB_RX,28,73883635,19,58
TPRB_RX,29,75558944,20,67
TPRB_RX,30,77228917,21,76
TPRB_RX,31,78899677,21,85
TPRB_RX,32,80562724,22,94
TPRB_RX,33,82232742,22,103
TPRB_RX,34,84077457,23,113
TPRB_RX,35,85759182,24,122
TPRB_RX,36,87428906,24,131
TPRB_RX,37,89091135,25,140
TPRB_RX,38,90771925,26,149
TPRB_RX,39,92455074,26,158
TPRB_RX,40,94122711,27,167
TPRB_RX,41,95987892,28,177
TPRB_RX,42,97852537,29,187
TPRB_RX,43,99521340,29,196
TPRB_RX,44,101184354,30,4
TPRB_RX,45,102854126,31,13
TPRB_RX,46,104527011,31,22
TPRB_RX,47,106195974,32,31
TPRB_RX,48,108055021,33,41
TPRB_RX,49,109729288,33,50
TPRB_RX,50,111391197,34,59
TPRB_RX,51,113068949,35,68
TPRB_RX,52,114740475,35,77
TPRB_RX,53,116402977,36,86
TPRB_RX,54,118256594,37,96
TPRB_RX,55,120107129,37,106
TPRB_RX,56,121782156,38,115
TPRB_RX,57,123454683,39,124
TPRB_RX,58,125122723,39,133
TPRB_RX,59,126785419,40,142
TPRB_RX,60,128643032,41,152
TPRB_RX,61,130497211,41,162
TPRB_RX,62,132072049,42,169
TPRB_RX,63,133763261,43,178
TPRB_RX,64,135437975,43,187
TPRB_RX,65,137290604,44,197
TPRB_RX,66,138965115,45,5
TPRB_RX,67,140635197,45,14
TPRB_RX,68,142300401,46,23
TPRB_RX,69,143971437,47,32
TPRB_RX,70,145639179,47,41
TPRB_RX,71,147496647,48,51
TPRB_RX,72,149172290,49,60
TPRB_RX,73,150839901,49,69
TPRB_RX,74,152501588,50,78
TPRB_RX,75,154171260,51,87
TPRB_RX,76,155839651,51,96
TPRB_RX,77,157701970,52,106
TPRB_RX,78,159561759,53,116
TPRB_RX,79,161236302,53,125
TPRB_RX,80,162906926,54,134
TPRB_RX,81,164579694,55,143
TPRB_RX,82,166248507,55,152
TPRB_RX,83,167909546,56,161
TPRB_RX,84,169771572,57,171
TPRB_RX,85,171628861,58,181
TPRB_RX,86,173302467,58,190
TPRB_RX,87,174964676,59,199
TPRB_RX,88,176635613,60,7
TPRB_RX,89,178303200,60,16
TPRB_RX,90,180158924,61,26
TPRB_RX,91,181865242,62,35
TPRB_RX,92,183718772,62,45
TPRB_RX,93,185594576,63,55
TPRB_RX,94,187450800,64,65
TPRB_RX,95,189145941,64,74
TPRB_RX,96,190848417,65,83
TPRB_RX,97,192526328,66,92
TPRB_RX,98,194205805,66,101
TPRB_RX,99,195872167,67,110
TPRB_RX,100,197546684,67,119
TPRB_RX,101,199206638,67,128
TPRB_RX,102,201061020,67,138
TPRB_RX,103,202902546,67,148
TPRB_RX,104,204561193,67,157
TPRB_RX,105,206221712,67,166
TPRB_RX,106,207883473,67,175
TPRB_RX,107,209557793,67,184
TPRB_RX,108,211419176,68,194
TPRB_RX,109,213130846,74,2
TPRB_RX,110,214996857,75,12
TPRB_RX,111,216696389,75,21
TPRB_RX,112,218542742,76,31
TPRB_RX,113,220213157,76,40
TPRB_RX,114,221874567,76,49
TPRB_RX,115,223542670,76,58
TPRB_RX,116,225205174,76,67
TPRB_RX,117,227044160,76,77
TPRB_RX,118,228708879,76,86
TPRB_RX,119,230378860,76,95
TPRB_RX,120,232041868,76,104
TPRB_RX,121,233760121,82,113
TPRB_RX,122,235445135,83,122
TPRB_RX,123,237117150,83,131
TPRB_RX,124,238962308,84,141
TPRB_RX,125,240641983,85,150
TPRB_RX,126,242330614,85,159
TPRB_RX,127,243992409,85,168
TPRB_RX,128,245651666,85,177
TPRB_RX,129,247313528,85,186
TPRB_RX,130,249000177,85,195
TPRB_RX,131,250847866,85,4
TPRB_RX,132,252505826,85,13
TPRB_RX,133,254170707,85,22
TPRB_RX,134,255838562,85,31
TPRB_RX,135,257509892,91,40
TPRB_RX,136,259368669,92,50
TPRB_RX,137,261251022,93,60
TPRB_RX,138,263118251,93,70
TPRB_RX,139,264970356,94,80
TPRB_RX,140,266646326,94,89
TPRB_RX,141,268329471,94,98
TPRB_RX,142,269987319,94,107
TPRB_RX,143,271644578,94,116
TPRB_RX,144,273490609,94,126
TPRB_RX,145,275345659,94,136
TPRB_RX,146,277001193,94,145
TPRB_RX,147,278659643,94,154
TPRB_RX,148,280362940,100,163
TPRB_RX,149,282051830,101,172
TPRB_RX,150,283749359,102,181
TPRB_RX,151,285417300,102,190
TPRB_RX,152,287083475,103,199
TPRB_RX,153,288942064,103,8
TPRB_RX,154,290607912,103,17
TPRB_RX,155,292270766,103,26
TPRB_RX,156,293945805,103,35
TPRB_RX,157,295633411,103,44
TPRB_RX,158,297297317,103,53
TPRB_RX,159,299146758,103,63
TPRB_RX,160,300815690,103,72
TPRB_RX,161,302453727,103,79
TPRB_RX,162,304135429,110,88
TPRB_RX,163,305809611,110,97
TPRB_RX,164,307483070,111,106
TPRB_RX,165,309340342,112,116
TPRB_RX,166,311009605,112,125
TPRB_RX,167,312672567,112,134
TPRB_RX,168,314336391,112,143
TPRB_RX,169,315997822,112,152
TPRB_RX,170,317840104,112,162
TPRB_RX,171,319508747,112,171
TPRB_RX,172,321169189,112,180
TPRB_RX,173,322831227,112,189
TPRB_RX,174,324491340,112,198
TPRB_RX,175,326346077,118,7
TPRB_RX,176,328024811,119,16
TPRB_RX,177,329697070,120,25
TPRB_RX,178,331372930,120,34
TPRB_RX,179,333043727,121,43
TPRB_RX,180,334714779,121,52
TPRB_RX,181,336382015,121,61
TPRB_RX,182,338257505,121,71
TPRB_RX,183,340099024,121,81
TPRB_RX,184,341764036,121,90
TPRB_RX,185,343436528,121,99
TPRB_RX,186,345096397,121,108
TPRB_RX,187,346757882,121,117
TPRB_RX,188,348617012,122,127
TPRB_RX,189,350319732,128,136
TPRB_RX,190,352002000,128,145
TPRB_RX,191,353669881,129,154
TPRB_RX,192,355343265,130,163
TPRB_RX,193,357038037,130,172
TPRB_RX,194,358698757,130,181
TPRB_RX,195,360358064,130,190
TPRB_RX,196,362203779,130,200
TPRB_RX,197,363876799,130,8
TPRB_RX,198,365542448,130,17
TPRB_RX,199,367205835,130,26
TPRB_RX,200,368865635,130,35
TPRB_RX,201,370733527,130,45
TPRB_RX,202,372590612,136,55
TPRB_RX,203,374268656,137,64
TPRB_RX,204,375943888,138,73
TPRB_RX,205,377626527,138,82
TPRB_RX,206,379289914,139,91
TPRB_RX,207,380957575,139,100
TPRB_RX,208,382804642,139,110
TPRB_RX,209,384678234,139,120
TPRB_RX,210,386521045,139,130
TPRB_RX,211,388202622,142,139
TPRB_RX,212,389894654,143,148
TPRB_RX,213,391569803,144,157
TPRB_RX,214,393249521,144,166
TPRB_RX,215,394910899,145,175
TPRB_RX,216,396586609,145,184
TPRB_RX,217,398430261,145,194
TPRB_RX,218,400100278,145,2
TPRB_RX,219,401759483,145,11
TPRB_RX,220,403419668,145,20
TPRB_RX,221,405082293,145,29
TPRB_RX,222,406929826,145,39
TPRB_RX,223,408590534,145,48
TPRB_RX,224,410261168,151,57
TPRB_RX,225,411939244,152,66
TPRB_RX,226,413607621,152,75
TPRB_RX,227,415269116,153,84
TPRB_RX,228,417166588,154,94
TPRB_RX,229,418839399,154,103
TPRB_RX,230,420687448,154,113
TPRB_RX,231,422344373,154,122
TPRB_RX,232,424007020,154,131
TPRB_RX,233,425669788,154,140
TPRB_RX,234,427512037,154,150
TPRB_RX,235,429363317,154,160
TPRB_RX,236,431025616,154,169
TPRB_RX,237,432683201,154,178
TPRB_RX,238,434345132,154,187
TPRB_RX,239,436189366,154,197
TPRB_RX,240,438060535,154,6
TPRB_RX,241,439920387,163,16
TPRB_RX,242,441811212,164,26
TPRB_RX,243,443669737,164,36
TPRB_RX,244,445535466,165,46
TPRB_RX,245,447393418,165,56
TPRB_RX,246,449050450,165,65
TPRB_RX,247,450754489,165,74
TPRB_RX,248,452414178,165,83
TPRB_RX,249,454103876,165,92
TPRB_RX,250,455762462,165,101
TPRB_RX,251,457603485,165,111
TPRB_RX,252,459447141,165,121
TPRB_RX,253,461128389,165,130
TPRB_RX,254,462781702,165,139
TPRB_RX,255,464439490,165,148
TPRB_RX,256,466284872,165,158
TPRB_RX,257,467979108,174,167
TPRB_RX,258,469834812,174,177
TPRB_RX,259,471538925,175,185
TPRB_RX,260,473264119,176,194
TPRB_RX,261,474943738,176,2
TPRB_RX,262,476793709,176,12
TPRB_RX,263,478458598,176,21
TPRB_RX,264,480123392,176,30
TPRB_RX,265,481789783,176,39
TPRB_RX,266,483449581,176,48
TPRB_RX,267,485315703,176,58
TPRB_RX,268,487165282,176,68
TPRB_RX,269,488834704,176,77
TPRB_RX,270,490499718,176,86
TPRB_RX,271,492163107,176,95
TPRB_RX,272,493837779,176,104
TPRB_RX,273,495689118,176,114
TPRB_RX,274,497565877,185,124
TPRB_RX,275,499258886,186,133
TPRB_RX,276,501118879,187,143
TPRB_RX,277,502788204,187,152
TPRB_RX,278,504453370,188,161
TPRB_RX,279,506125691,188,170
TPRB_RX,280,507787693,188,179
TPRB_RX,281,509631130,188,189
TPRB_RX,282,511473155,188,199
TPRB_RX,283,513131951,188,7
TPRB_RX,284,514792767,188,16
TPRB_RX,285,516450682,188,25
TPRB_RX,286,518292292,188,35
TPRB_RX,287,519963381,188,44
TPRB_RX,288,521622663,188,53
TPRB_RX,289,523283981,188,62
TPRB_RX,290,524942362,188,71
TPRB_RX,291,526628347,197,80
TPRB_RX,292,528494548,198,90
TPRB_RX,293,530164232,198,99
TPRB_RX,294,531835416,199,108
TPRB_RX,295,533504008,199,117
TPRB_RX,296,535163081,199,126
TPRB_RX,297,536826913,199,135
TPRB_RX,298,538669107,199,145
TPRB_RX,299,540331325,199,154
TPRB_RX,300,541989335,199,163
TPRB_RX,301,543647832,199,172
TPRB_RX,302,545489176,199,182
TPRB_RX,303,547147470,199,191
TPRB_RX,304,548807955,199,200
TPRB_RX,305,550465697,199,8
TPRB_RX,306,552307527,199,18
TPRB_RX,307,554049603,208,27
TPRB_RX,308,555776846,208,36
TPRB_RX,309,557447956,209,45
TPRB_RX,310,559133898,209,54
TPRB_RX,311,560859110,210,63
TPRB_RX,312,562536140,210,72
TPRB_RX,313,564198718,210,81
TPRB_RX,314,566045813,210,91
TPRB_RX,315,567712101,210,100
TPRB_RX,316,569380896,210,109
TPRB_RX,317,571049967,210,118
TPRB_RX,318,572731038,210,127
TPRB_RX,319,574582503,210,137
TPRB_RX,320,576429983,210,147
TPRB_RX,321,578095638,210,156
TPRB_RX,322,579758186,210,165
TPRB_RX,323,581421212,210,174
TPRB_RX,324,583126093,219,183
TPRB_RX,325,584806527,220,192
TPRB_RX,326,586480382,220,0
TPRB_RX,327,588329898,221,10
TPRB_RX,328,590006817,221,19
TPRB_RX,329,591673406,221,28
TPRB_RX,330,593338543,221,37
TPRB_RX,331,595005751,221,46
TPRB_RX,332,596681030,221,55
TPRB_RX,333,598547879,221,65
TPRB_RX,334,600393862,221,75
TPRB_RX,335,602067796,221,84
TPRB_RX,336,603730748,221,93
TPRB_RX,337,605396663,221,102
TPRB_RX,338,607066307,221,111
TPRB_RX,339,608927256,221,121
TPRB_RX,340,610787885,230,131
TPRB_RX,341,612651854,230,141
TPRB_RX,342,614506465,231,151
TPRB_RX,343,616182101,232,160
TPRB_RX,344,617863390,232,169
TPRB_RX,345,619526290,232,178
TPRB_RX,346,621186096,232,187
TPRB_RX,347,623035163,232,197
TPRB_RX,348,624891702,232,6
TPRB_RX,349,626743682,232,16
TPRB_RX,350,628454817,237,25
TPRB_RX,351,630136202,237,34
TPRB_RX,352,631815695,238,43
TPRB_RX,353,633496825,239,52
TPRB_RX,354,635169625,239,61
TPRB_RX,355,636827210,239,70
TPRB_RX,356,638677728,239,80
TPRB_RX,357,640531082,239,90
TPRB_RX,358,642150132,239,97
TPRB_RX,359,643822932,239,106
TPRB_RX,360,645560364,243,115
TPRB_RX,361,647271042,244,124
TPRB_RX,362,648954424,245,133
TPRB_RX,363,650626152,245,142
TPRB_RX,364,652298144,246,151
TPRB_RX,365,653977795,246,160
TPRB_RX,366,655844360,246,170
TPRB_RX,367,657692798,246,180
TPRB_RX,368,659354931,246,189
TPRB_RX,369,661013886,246,198
TPRB_RX,370,662680481,246,6
TPRB_RX,371,664341392,246,15
TPRB_RX,372,666197526,252,25
TPRB_RX,373,667874044,252,34
TPRB_RX,374,669536474,253,43
TPRB_RX,375,671205449,253,52
TPRB_RX,376,672870991,254,61
TPRB_RX,377,674559039,254,70
TPRB_RX,378,676402478,254,80
TPRB_RX,379,678059298,254,89
TPRB_RX,380,679713580,254,98
TPRB_RX,381,681377093,254,107
TPRB_RX,382,683034636,254,116
TPRB_RX,383,684876960,254,126
TPRB_RX,384,686533705,254,135
TPRB_RX,385,688193460,254,144
TPRB_RX,386,689861022,254,153
TPRB_RX,387,691553320,254,162
TPRB_RX,388,693399243,254,172
TPRB_RX,389,695130735,263,181
TPRB_RX,390,696991284,264,191
TPRB_RX,391,698845554,264,0
TPRB_RX,392,700511217,265,9
TPRB_RX,393,702196051,266,18
TPRB_RX,394,703864930,266,27
TPRB_RX,395,705527397,266,36
TPRB_RX,396,707193293,266,45
TPRB_RX,397,709043269,266,55
TPRB_RX,398,710704107,266,64
TPRB_RX,399,712363284,266,73
TPRB_RX,400,714025685,266,82
TPRB_RX,401,715695031,266,91
TPRB_RX,402,717537726,266,101
TPRB_RX,403,719197021,266,110
TPRB_RX,404,720856350,266,119
TPRB_RX,405,722518514,266,128
TPRB_RX,406,724194120,274,137
TPRB_RX,407,725891123,275,146
TPRB_RX,408,727750084,276,156
TPRB_RX,409,729608503,276,166
TPRB_RX,410,731275064,277,175
TPRB_RX,411,732950112,277,184
TPRB_RX,412,734609985,277,193
TPRB_RX,413,736278039,277,1
TPRB_RX,414,738129541,277,11
TPRB_RX,415,739973583,277,21
TPRB_RX,416,741639325,277,30
TPRB_RX,417,743320990,277,39
TPRB_RX,418,744989603,277,48
TPRB_RX,419,746649941,277,57
TPRB_RX,420,748498131,277,67
TPRB_RX,421,750341502,277,77
TPRB_RX,422,752001818,277,86
TPRB_RX,423,753774597,286,94
TPRB_RX,424,755486525,287,103
TPRB_RX,425,757168612,287,112
TPRB_RX,426,759021299,288,122
TPRB_RX,427,760782551,289,131
TPRB_RX,428,762274131,289,139
TPRB_RX,429,764129522,290,149
TPRB_RX,430,765806816,291,158
TPRB_RX,431,767480649,291,167
TPRB_RX,432,769151004,292,176
TPRB_RX,433,770828298,292,185
TPRB_RX,434,772500004,293,194
TPRB_RX,435,774179976,294,2
TPRB_RX,436,775865751,295,11
TPRB_RX,437,777724420,295,21
TPRB_RX,438,779412315,296,30
TPRB_RX,439,781092336,297,39
TPRB_RX,440,782767738,297,48
TPRB_RX,441,784434577,298,57
TPRB_RX,442,786123911,299,66
TPRB_RX,443,787797135,299,75
TPRB_RX,444,789473690,300,84
TPRB_RX,445,791350252,301,94
TPRB_RX,446,793034176,301,103
TPRB_RX,447,794912964,302,113
TPRB_RX,448,796614993,303,122
TPRB_RX,449,798475706,303,132
TPRB_RX,450,800328709,304,142
TPRB_RX,451,802004429,305,151
TPRB_RX,452,803672119,305,160
TPRB_RX,453,805342102,306,169
TPRB_RX,454,807037240,307,178
TPRB_RX,455,808720619,307,187
TPRB_RX,456,810388235,308,196
TPRB_RX,457,812110600,309,4
TPRB_RX,458,813800411,309,13
TPRB_RX,459,815488763,310,22
TPRB_RX,460,817175920,311,31
TPRB_RX,461,819034933,311,41
TPRB_RX,462,820719411,312,50
TPRB_RX,463,822410645,313,59
TPRB_RX,464,824088528,313,68
TPRB_RX,465,825784635,314,77
TPRB_RX,466,827483266,315,86
TPRB_RX,467,829162664,315,95
TPRB_RX,468,830850009,316,104
TPRB_RX,469,832530856,317,113
TPRB_RX,470,834202855,317,122
TPRB_RX,471,835912562,318,131
TPRB_RX,472,837597429,319,140
TPRB_RX,473,839279728,319,149
TPRB_RX,474,840983531,320,158
TPRB_RX,475,842849522,321,168
TPRB_RX,476,844725141,321,178
TPRB_RX,477,846574200,322,188
TPRB_RX,478,848255387,323,197
TPRB_RX,479,849932562,324,5
TPRB_RX,480,851608148,324,14
TPRB_RX,481,853282379,325,23
TPRB_RX,482,854985228,326,32
TPRB_RX,483,856696601,326,41
TPRB_RX,484,858365902,327,50
TPRB_RX,485,860039801,327,59
TPRB_RX,486,861720322,328,68
TPRB_RX,487,863588123,329,78
TPRB_RX,488,865466017,330,88
TPRB_RX,489,867329749,330,98
TPRB_RX,490,869190951,331,108
TPRB_RX,491,870872314,332,117
TPRB_RX,492,872547195,332,126
TPRB_RX,493,874281911,333,135
TPRB_RX,494,875969944,334,144
TPRB_RX,495,877647528,334,153
TPRB_RX,496,879327471,335,162
TPRB_RX,497,881016225,336,171
TPRB_RX,498,882693881,336,180
TPRB_RX,499,884367393,337,189
TPRB_RX,500,886050840,338,198
TPRB_RX,501,887905399,338,7
TPRB_RX,502,889762121,339,17
TPRB_RX,503,891450986,340,26
TPRB_RX,504,893124126,340,35
TPRB_RX,505,894798935,341,44
TPRB_RX,506,896509867,342,53
TPRB_RX,507,898187881,342,62
TPRB_RX,508,899903375,343,71
TPRB_RX,509,901599698,344,80
TPRB_RX,510,903278627,344,89
TPRB_RX,511,904948506,345,98
TPRB_RX,512,906628893,346,107
TPRB_RX,513,908301045,346,116
TPRB_RX,514,910161024,347,126
TPRB_RX,515,911841193,348,135
TPRB_RX,516,913513930,348,144
TPRB_RX,517,915194699,349,153
TPRB_RX,518,916877603,350,162
TPRB_RX,519,918553310,350,171
TPRB_RX,520,920223209,351,180
TPRB_RX,521,921901209,352,189
TPRB_RX,522,923764840,352,199
TPRB_RX,523,925432466,353,7
TPRB_RX,524,927110484,354,16
TPRB_RX,525,928776037,354,25
TPRB_RX,526,930445799,355,34
TPRB_RX,527,932129553,356,43
TPRB_RX,528,933810385,356,52
TPRB_RX,529,935663767,357,62
TPRB_RX,530,937340537,358,71
TPRB_RX,531,939014338,358,80
TPRB_RX,532,940690135,359,89
TPRB_RX,533,942387287,360,98
TPRB_RX,534,944059464,360,107
TPRB_RX,535,945737768,361,116
TPRB_RX,536,947418171,362,125
TPRB_RX,537,949307918,363,135
TPRB_RX,538,950987070,363,144
TPRB_RX,539,952845347,364,154
TPRB_RX,540,954710842,365,164
TPRB_RX,541,956385491,365,173
TPRB_RX,542,958085725,366,182
TPRB_RX,543,959769172,366,191
TPRB_RX,544,961438895,367,200
TPRB_RX,545,963117854,368,8
TPRB_RX,546,964795116,369,17
TPRB_RX,547,966475355,369,26
TPRB_RX,548,968326769,370,36
TPRB_RX,549,970015313,371,45
TPRB_RX,550,971875856,371,55
TPRB_RX,551,973562240,372,64
TPRB_RX,552,975236028,373,73
TPRB_RX,553,976903492,373,82
TPRB_RX,554,978565743,374,91
TPRB_RX,555,980246925,375,100
TPRB_RX,556,981996092,375,108
TPRB_RX,557,983669515,376,117
TPRB_RX,558,985356159,376,126
TPRB_RX,559,987017059,377,135
TPRB_RX,560,988874168,378,145
TPRB_RX,561,990550703,379,154
TPRB_RX,562,992225372,379,163
TPRB_RX,563,993887611,380,172
TPRB_RX,564,995566063,381,181
TPRB_RX,565,997235241,381,190
TPRB_RX,566,999089400,382,200
TPRB_RX,567,1000955769,383,9
TPRB_RX,568,1002622530,383,18
TPRB_RX,569,1004280778,384,27
TPRB_RX,570,1005962648,385,36
TPRB_RX,571,1007628950,385,45
TPRB_RX,572,1009290423,386,54
TPRB_RX,573,1011155422,387,64
TPRB_RX,574,1012821649,387,73
TPRB_RX,575,1014489528,388,82
TPRB_RX,576,1016175795,389,91
TPRB_RX,577,1017843639,389,100
TPRB_RX,578,1019513071,390,109
TPRB_RX,579,1021366369,391,119
TPRB_RX,580,1023222162,391,129
TPRB_RX,581,1024887442,392,138
TPRB_RX,582,1026559691,393,147
TPRB_RX,583,1028228559,393,156
TPRB_RX,584,1029888755,394,165
TPRB_RX,585,1031567047,395,174
TPRB_RX,586,1033426199,395,184
TPRB_RX,587,1035094538,396,193
TPRB_RX,588,1036765458,397,1
TPRB_RX,589,1038434081,397,10
TPRB_RX,590,1040097403,398,19
TPRB_RX,591,1041767058,399,28
TPRB_RX,592,1043623693,400,38
TPRB_RX,593,1045294075,400,47
TPRB_RX,594,1046956672,401,56
TPRB_RX,595,1048632988,401,65
TPRB_RX,596,1050297333,402,74
TPRB_RX,597,1051970959,403,83
TPRB_RX,598,1053837537,404,93
TPRB_RX,599,1055687626,404,103
TPRB_RX,600,1057346560,405,112
TPRB_RX,601,1059028644,405,121
TPRB_RX,602,1060697212,406,130
TPRB_RX,603,1062375718,407,139
TPRB_RX,604,1064044775,407,148
TPRB_RX,605,1065898879,408,158
TPRB_RX,606,1067586573,409,167
TPRB_RX,607,1069260599,409,176
TPRB_RX,608,1070933350,410,185
TPRB_RX,609,1072610513,411,194
TPRB_RX,610,1074281221,412,2
TPRB_RX,611,1075953330,412,11
TPRB_RX,612,1077805673,413,21
TPRB_RX,613,1079669677,414,31
TPRB_RX,614,1081341723,414,40
TPRB_RX,615,1083011309,415,49
TPRB_RX,616,1084694310,416,58
TPRB_RX,617,1086366274,416,67
TPRB_RX,618,1088033405,417,76
TPRB_RX,619,1089718481,418,85
TPRB_RX,620,1091576832,418,95
TPRB_RX,621,1093431012,419,105
TPRB_RX,622,1095101974,420,114
TPRB_RX,623,1096770610,420,123
TPRB_RX,624,1098463091,421,132
TPRB_RX,625,1100138902,422,141
TPRB_RX,626,1101826739,422,150
TPRB_RX,627,1103522596,423,159
TPRB_RX,628,1105215077,424,168
TPRB_RX,629,1106884924,424,177
TPRB_RX,630,1108731037,425,187
TPRB_RX,631,1110407691,426,196
TPRB_RX,632,1112079194,426,4
TPRB_RX,633,1113749408,427,13
TPRB_RX,634,1115421531,428,22
TPRB_RX,635,1117093960,428,31
TPRB_RX,636,1118953505,429,41
TPRB_RX,637,1120823484,430,51
TPRB_RX,638,1122678003,430,61
TPRB_RX,639,1124353067,431,70
TPRB_RX,640,1126045878,432,79
TPRB_RX,641,1127724157,432,88
TPRB_RX,642,1129390668,433,97
TPRB_RX,643,1131080511,434,106
TPRB_RX,644,1132751833,434,115
TPRB_RX,645,1134421329,435,124
TPRB_RX,646,1136125611,436,133
TPRB_RX,647,1137995750,436,143
TPRB_RX,648,1139858560,437,153
TPRB_RX,649,1141724103,438,163
TPRB_RX,650,1143401441,439,172
TPRB_RX,651,1145070937,439,181
TPRB_RX,652,1146741598,440,190
TPRB_RX,653,1148415511,441,199
TPRB_RX,654,1150086347,441,7
TPRB_RX,655,1151771339,442,16
TPRB_RX,656,1153476121,443,25
TPRB_RX,657,1155160047,443,34
TPRB_RX,658,1157014100,444,44
TPRB_RX,659,1158692771,445,53
TPRB_RX,660,1160364576,445,62
TPRB_RX,661,1162059755,446,71
TPRB_RX,662,1163735269,447,80
TPRB_RX,663,1165407767,447,89
TPRB_RX,664,1167076072,448,98
TPRB_RX,665,1168937813,449,108
TPRB_RX,666,1170799961,449,118
TPRB_RX,667,1172660855,450,128
TPRB_RX,668,1174337938,451,137
TPRB_RX,669,1176005299,451,146
TPRB_RX,670,1177675060,452,155
TPRB_RX,671,1179350368,453,164
TPRB_RX,672,1181025951,453,173
TPRB_RX,673,1182701142,454,182
TPRB_RX,674,1184558104,455,192
TPRB_RX,675,1186256330,455,0
TPRB_RX,676,1187927685,456,9
TPRB_RX,677,1189610430,457,18
TPRB_RX,678,1191279202,457,27
TPRB_RX,679,1192946592,458,36
TPRB_RX,680,1194628693,459,45
TPRB_RX,681,1196307463,459,54
TPRB_RX,682,1198156871,460,64
TPRB_RX,683,1199835961,461,73
TPRB_RX,684,1201503949,461,82
TPRB_RX,685,1203178257,462,91
TPRB_RX,686,1204871092,463,100
TPRB_RX,687,1206540251,463,109
TPRB_RX,688,1208215674,464,118
TPRB_RX,689,1209904633,465,127
TPRB_RX,690,1211760952,465,137
TPRB_RX,691,1213452335,466,146
TPRB_RX,692,1215132508,467,155
TPRB_RX,693,1216800856,467,164
TPRB_RX,694,1218465550,468,173
TPRB_RX,695,1220142428,469,182
TPRB_RX,696,1221820731,469,191
TPRB_RX,697,1223503827,470,200
TPRB_RX,698,1225369259,471,9
TPRB_RX,699,1227037330,471,18
TPRB_RX,700,1228709616,472,27
TPRB_RX,701,1230390048,473,36
TPRB_RX,702,1232060896,473,45
TPRB_RX,703,1233725355,474,54
TPRB_RX,704,1235403097,475,63
TPRB_RX,705,1237300175,475,73
TPRB_RX,706,1239152882,476,83
TPRB_RX,707,1240844764,477,92
TPRB_RX,708,1242707321,478,102
TPRB_RX,709,1244377056,478,111
TPRB_RX,710,1246046893,479,120
TPRB_RX,711,1247721296,480,129
TPRB_RX,712,1249407387,480,138
TPRB_RX,713,1251085129,481,147
TPRB_RX,714,1252765865,482,156
TPRB_RX,715,1254624944,482,166
TPRB_RX,716,1256476212,483,176
TPRB_RX,717,1258161985,484,185
TPRB_RX,718,1259833003,484,194
TPRB_RX,719,1261498553,485,2
TPRB_RX,720,1263186742,486,11
TPRB_RX,721,1264862683,486,20
TPRB_RX,722,1266539012,487,29
TPRB_RX,723,1268395342,488,39
TPRB_RX,724,1270252705,488,49
TPRB_RX,725,1271917824,489,58
TPRB_RX,726,1273596363,490,67
TPRB_RX,727,1275264659,490,76
TPRB_RX,728,1276932135,491,85
TPRB_RX,729,1278599314,492,94
TPRB_RX,730,1280455756,492,104
TPRB_RX,731,1282308375,493,114
TPRB_RX,732,1283978194,494,123
TPRB_RX,733,1285648335,494,132
TPRB_RX,734,1287317052,495,141
TPRB_RX,735,1288994088,496,150
TPRB_RX,736,1290673376,496,159
TPRB_RX,737,1292521976,497,169
TPRB_RX,738,1294199747,498,178
TPRB_RX,739,1295870618,498,187
TPRB_RX,740,1297538058,499,196
TPRB_RX,741,1299215970,500,4
TPRB_RX,742,1300886388,500,13
TPRB_RX,743,1302561960,501,22
TPRB_RX,744,1304425856,502,32
TPRB_RX,745,1306097631,502,41
TPRB_RX,746,1307767633,503,50
TPRB_RX,747,1309464382,504,59
TPRB_RX,748,1311134964,504,68
TPRB_RX,749,1312811929,505,77
TPRB_RX,750,1314484421,506,86
TPRB_RX,751,1316163245,506,95
TPRB_RX,752,1318018749,507,105
TPRB_RX,753,1319710427,508,114
TPRB_RX,754,1321386264,508,123
TPRB_RX,755,1323072250,509,132
TPRB_RX,756,1324758649,510,141
TPRB_RX,757,1326430780,510,150
TPRB_RX,758,1328093932,511,159
TPRB_RX,759,1329778632,512,168
TPRB_RX,760,1331636636,512,178
TPRB_RX,761,1333485970,513,188
TPRB_RX,762,1335162093,514,197
TPRB_RX,763,1336833988,514,5
TPRB_RX,764,1338500888,515,14
TPRB_RX,765,1340186237,516,23
TPRB_RX,766,1341856636,516,32
TPRB_RX,767,1343705529,517,42
TPRB_RX,768,1345563787,518,52
TPRB_RX,769,1347249068,519,61
TPRB_RX,770,1348923019,519,70
TPRB_RX,771,1350589251,520,79
TPRB_RX,772,1352260730,520,88
TPRB_RX,773,1353924858,521,97
TPRB_RX,774,1355603523,522,106
TPRB_RX,775,1357475057,523,116
TPRB_RX,776,1359339818,523,126
TPRB_RX,777,1361004952,524,135
TPRB_RX,778,1362675021,525,144
TPRB_RX,779,1364350170,525,153
TPRB_RX,780,1366019358,526,162
TPRB_RX,781,1367696407,527,171
TPRB_RX,782,1369550309,527,181
TPRB_RX,783,1371400952,528,191
TPRB_RX,784,1373077353,529,200
TPRB_RX,785,1374754680,529,8
TPRB_RX,786,1376421757,530,17
TPRB_RX,787,1378098761,531,26
TPRB_RX,788,1379770870,531,35
TPRB_RX,789,1381446401,532,44
TPRB_RX,790,1383322414,533,54
TPRB_RX,791,1385178676,533,64
TPRB_RX,792,1386840873,534,73
TPRB_RX,793,1388514799,535,82
TPRB_RX,794,1390199734,535,91
TPRB_RX,795,1391868336,536,100
TPRB_RX,796,1393551262,537,109
TPRB_RX,797,1395222011,537,118
TPRB_RX,798,1397067103,538,128
TPRB_RX,799,1398743624,539,137
TPRB_RX,800,1400419303,539,146
TPRB_RX,801,1402083836,540,155
TPRB_RX,802,1403757316,541,164
TPRB_RX,803,1405440455,541,173
TPRB_RX,804,1407118104,542,182
TPRB_RX,805,1408991818,543,192
TPRB_RX,806,1410848668,543,1
TPRB_RX,807,1412512475,544,10
TPRB_RX,808,1414180038,545,19
TPRB_RX,809,1415852119,545,28
TPRB_RX,810,1417520814,546,37
TPRB_RX,811,1419188928,547,46
TPRB_RX,812,1421055725,547,56
TPRB_RX,813,1422719847,548,65
TPRB_RX,814,1424394871,549,74
TPRB_RX,815,1426084290,549,83
TPRB_RX,816,1427749270,550,92
TPRB_RX,817,1429421242,551,101
TPRB_RX,818,1431095104,551,110
TPRB_RX,819,1432953267,552,120
TPRB_RX,820,1434634098,553,129
TPRB_RX,821,1436305517,553,138
TPRB_RX,822,1437970853,554,147
TPRB_RX,823,1439643119,555,156
TPRB_RX,824,1441320794,555,165
TPRB_RX,825,1442989302,556,174
TPRB_RX,826,1444848819,557,184
TPRB_RX,827,1446520244,557,193
TPRB_RX,828,1448184607,558,1
TPRB_RX,829,1449872537,559,10
TPRB_RX,830,1451544271,559,19
TPRB_RX,831,1453209654,560,28
TPRB_RX,832,1455068734,561,38
TPRB_RX,833,1456929891,562,48
TPRB_RX,834,1458607816,562,57
TPRB_RX,835,1460276484,563,66
TPRB_RX,836,1461945087,564,75
TPRB_RX,837,1463615389,564,84
TPRB_RX,838,1465281052,565,93
TPRB_RX,839,1466968875,566,102
TPRB_RX,840,1468831116,566,112
TPRB_RX,841,1470682024,567,122
TPRB_RX,842,1472356717,568,131
TPRB_RX,843,1474031185,568,140
TPRB_RX,844,1475700543,569,149
TPRB_RX,845,1477389589,570,158
TPRB_RX,846,1479062462,570,167
TPRB_RX,847,1480908506,571,177
TPRB_RX,848,1482770781,572,187
TPRB_RX,849,1484636956,572,197
TPRB_RX,850,1486310723,573,5
TPRB_RX,851,1487986309,574,14
TPRB_RX,852,1489656973,574,23
TPRB_RX,853,1491334476,575,32
TPRB_RX,854,1493019727,576,41
TPRB_RX,855,1494699231,576,50
TPRB_RX,856,1496547885,577,60
TPRB_RX,857,1498409396,578,70
TPRB_RX,858,1500083823,578,79
TPRB_RX,859,1501765372,579,88
TPRB_RX,860,1503488188,580,96
TPRB_RX,861,1505176343,580,105
TPRB_RX,862,1506842723,581,114
TPRB_RX,863,1508522832,582,123
TPRB_RX,864,1510198538,582,132
TPRB_RX,865,1511868592,583,141
TPRB_RX,866,1513544201,584,150
TPRB_RX,867,1515398579,584,160
TPRB_RX,868,1517066491,585,169
TPRB_RX,869,1518741693,586,178
TPRB_RX,870,1520415110,586,187
TPRB_RX,871,1522079252,587,196
TPRB_RX,872,1523749558,588,4
TPRB_RX,873,1525609688,588,14
TPRB_RX,874,1527283197,589,23
TPRB_RX,875,1528969989,590,32
TPRB_RX,876,1530643351,590,41
TPRB_RX,877,1532311200,591,50
TPRB_RX,878,1533991563,592,59
TPRB_RX,879,1535670657,592,68
TPRB_RX,880,1537524844,593,78
TPRB_RX,881,1539381192,594,88
TPRB_RX,882,1541054450,595,97
TPRB_RX,883,1542734464,595,106
TPRB_RX,884,1544404910,596,115
TPRB_RX,885,1546078280,596,124
TPRB_RX,886,1547743931,597,133
TPRB_RX,887,1549429869,598,142
TPRB_RX,888,1551282660,598,152
TPRB_RX,889,1552951820,599,161
TPRB_RX,890,1554627560,600,170
TPRB_RX,891,1556299167,601,179
TPRB_RX,892,1557973107,601,188
TPRB_RX,893,1559637815,602,197
TPRB_RX,894,1561496676,603,6
TPRB_RX,895,1563356802,603,16
TPRB_RX,896,1565205438,604,26
TPRB_RX,897,1566879191,605,35
TPRB_RX,898,1568552090,605,44
TPRB_RX,899,1570212711,606,53
TPRB_RX,900,1571912110,607,62
TPRB_RX,901,1573583858,607,71
TPRB_RX,902,1575255627,608,80
TPRB_RX,903,1577114196,609,90
TPRB_RX,904,1578796638,609,99
TPRB_RX,905,1580472029,610,108
TPRB_RX,906,1582148854,611,117
TPRB_RX,907,1583819984,611,126
TPRB_RX,908,1585486510,612,135
TPRB_RX,909,1587161242,613,144
TPRB_RX,910,1589023305,613,154
TPRB_RX,911,1590687197,614,163
TPRB_RX,912,1592361595,615,172
TPRB_RX,913,1594034136,615,181
TPRB_RX,914,1595706415,616,190
TPRB_RX,915,1597390764,617,199
TPRB_RX,916,1599061417,617,7
TPRB_RX,917,1600918107,618,17
TPRB_RX,918,1602600109,619,26
TPRB_RX,919,1604269463,619,35
TPRB_RX,920,1605936962,620,44
TPRB_RX,921,1607613790,621,53
TPRB_RX,922,1609286457,621,62
TPRB_RX,923,1611137412,622,72
TPRB_RX,924,1612988547,623,82
TPRB_RX,925,1614667881,623,91
TPRB_RX,926,1616329663,624,100
TPRB_RX,927,1618004871,625,109
TPRB_RX,928,1619678544,625,118
TPRB_RX,929,1621341253,626,127
TPRB_RX,930,1623032177,627,136
TPRB_RX,931,1624886477,627,146
TPRB_RX,932,1626551411,628,155
TPRB_RX,933,1628227792,629,164
TPRB_RX,934,1629910441,629,173
TPRB_RX,935,1631578366,630,182
TPRB_RX,936,1633258451,631,191
TPRB_RX,937,1634938065,631,200
TPRB_RX,938,1636788207,632,9
TPRB_RX,939,1638464344,633,18
TPRB_RX,940,1640138770,633,27
TPRB_RX,941,1641810048,634,36
TPRB_RX,942,1643494712,635,45
TPRB_RX,943,1645167202,635,54
TPRB_RX,944,1646831788,636,63
TPRB_RX,945,1648698314,637,73
TPRB_RX,946,1650371135,637,82
TPRB_RX,947,1652036019,638,91
TPRB_RX,948,1653710817,639,100
TPRB_RX,949,1655382913,639,109
TPRB_RX,950,1657050487,640,118
TPRB_RX,951,1658915116,641,128
TPRB_RX,952,1660774757,642,138
TPRB_RX,953,1662457913,642,147
TPRB_RX,954,1664134209,643,156
TPRB_RX,955,1665813990,643,165
TPRB_RX,956,1667489659,644,174
TPRB_RX,957,1669166081,645,183
TPRB_RX,958,1670844115,645,192
TPRB_RX,959,1672513749,646,0
TPRB_RX,960,1674204708,647,9
TPRB_RX,961,1676065580,648,19
TPRB_RX,962,1677739973,648,28
TPRB_RX,963,1679404825,649,37
TPRB_RX,964,1681085055,649,46
TPRB_RX,965,1682753260,650,55
TPRB_RX,966,1684427930,651,64
TPRB_RX,967,1686286019,652,74
TPRB_RX,968,1688142408,652,84
TPRB_RX,969,1689802788,653,93
TPRB_RX,970,1691486020,654,102
TPRB_RX,971,1693161562,654,111
TPRB_RX,972,1694838516,655,120
TPRB_RX,973,1696516750,656,129
TPRB_RX,974,1698193065,656,138
TPRB_APPLY,0,26310228,1,1
TPRB_APPLY,1,28021083,1,10
TPRB_APPLY,2,29389767,2,19
TPRB_APPLY,3,31100750,2,28
TPRB_APPLY,4,33153648,3,38
TPRB_APPLY,5,34864503,4,47
TPRB_APPLY,6,36575358,4,56
TPRB_APPLY,7,37944104,5,65
TPRB_APPLY,8,39654897,6,74
TPRB_APPLY,9,41365752,6,83
TPRB_APPLY,10,43418778,7,93
TPRB_APPLY,11,44787462,8,102
TPRB_APPLY,12,46498317,8,111
TPRB_APPLY,13,48209172,9,120
TPRB_APPLY,14,49920027,10,129
TPRB_APPLY,15,51630882,10,139
TPRB_APPLY,16,53683908,11,149
TPRB_APPLY,17,55394763,12,158
TPRB_APPLY,18,57106648,13,167
TPRB_APPLY,19,58816473,13,176
TPRB_APPLY,20,60185157,14,185
TPRB_APPLY,21,61896710,14,194
TPRB_APPLY,22,63949038,15,3
TPRB_APPLY,23,65659893,16,12
TPRB_APPLY,24,67028577,16,21
TPRB_APPLY,25,68739432,17,30
TPRB_APPLY,26,70450287,18,39
TPRB_APPLY,27,72161142,18,48
TPRB_APPLY,28,74214168,19,58
TPRB_APPLY,29,75582853,20,67
TPRB_APPLY,30,77293707,21,76
TPRB_APPLY,31,79004562,21,85
TPRB_APPLY,32,80715417,22,94
TPRB_APPLY,33,82427111,22,103
TPRB_APPLY,34,84137127,23,113
TPRB_APPLY,35,85847982,24,122
TPRB_APPLY,36,87558837,24,131
TPRB_APPLY,37,89269692,25,140
TPRB_APPLY,38,90980547,26,149
TPRB_APPLY,39,92691402,26,158
TPRB_APPLY,40,94402257,27,167
TPRB_APPLY,41,96113112,28,177
TPRB_APPLY,42,98166138,29,187
TPRB_APPLY,43,99534822,29,196
TPRB_APPLY,44,101245677,30,4
TPRB_APPLY,45,102956532,31,13
TPRB_APPLY,46,104667387,31,22
TPRB_APPLY,47,106378242,32,31
TPRB_APPLY,48,108089097,33,41
TPRB_APPLY,49,109799953,33,50
TPRB_APPLY,50,111510807,34,59
TPRB_APPLY,51,113221662,35,68
TPRB_APPLY,52,114932517,35,77
TPRB_APPLY,53,116643372,36,86
TPRB_APPLY,54,118354227,37,96
TPRB_APPLY,55,120408029,37,106
TPRB_APPLY,56,122118108,38,115
TPRB_APPLY,57,123486792,39,124
TPRB_APPLY,58,125197647,39,133
TPRB_APPLY,59,126908502,40,142
TPRB_APPLY,60,128961528,41,152
TPRB_APPLY,61,130672383,41,162
TPRB_APPLY,62,132384714,42,169
TPRB_APPLY,63,134095017,43,178
TPRB_APPLY,64,135462777,43,187
TPRB_APPLY,65,137515803,44,197
TPRB_APPLY,66,139226658,45,5
TPRB_APPLY,67,140937513,45,14
TPRB_APPLY,68,142306197,46,23
TPRB_APPLY,69,144017052,47,32
TPRB_APPLY,70,145727907,47,41
TPRB_APPLY,71,147780933,48,51
TPRB_APPLY,72,149491788,49,60
TPRB_APPLY,73,150860472,49,69
TPRB_APPLY,74,152571327,50,78
TPRB_APPLY,75,154282182,51,87
TPRB_APPLY,76,155993037,51,96
TPRB_APPLY,77,157704098,52,106
TPRB_APPLY,78,159756918,53,116
TPRB_APPLY,79,161467773,53,125
TPRB_APPLY,80,163178628,54,134
TPRB_APPLY,81,164889483,55,143
TPRB_APPLY,82,166258167,55,152
TPRB_APPLY,83,167969022,56,161
TPRB_APPLY,84,170022048,57,171
TPRB_APPLY,85,171732903,58,181
TPRB_APPLY,86,173443758,58,190
TPRB_APPLY,87,175154613,59,199
TPRB_APPLY,88,176865719,60,7
TPRB_APPLY,89,178576323,60,16
TPRB_APPLY,90,180287178,61,26
TPRB_APPLY,91,181998033,62,35
TPRB_APPLY,92,184051059,62,45
TPRB_APPLY,93,185761914,63,55
TPRB_APPLY,94,187472769,64,65
TPRB_APPLY,95,189183624,64,74
TPRB_APPLY,96,190894479,65,83
TPRB_APPLY,97,192605334,66,92
TPRB_APPLY,98,194316189,66,101
TPRB_APPLY,99,196027044,67,110
TPRB_APPLY,100,197737899,67,119
TPRB_APPLY,101,199448754,67,128
TPRB_APPLY,102,201159609,67,138
TPRB_APPLY,103,203212635,67,148
TPRB_APPLY,104,204581319,67,157
TPRB_APPLY,105,206292174,67,166
TPRB_APPLY,106,208003029,67,175
TPRB_APPLY,107,209713884,67,184
TPRB_APPLY,108,211424739,68,194
TPRB_APPLY,109,213135594,74,2
TPRB_APPLY,110,215188620,75,12
TPRB_APPLY,111,216899475,75,21
TPRB_APPLY,112,218610330,76,31
TPRB_APPLY,113,220321185,76,40
TPRB_APPLY,114,222032040,76,49
TPRB_APPLY,115,223742895,76,58
TPRB_APPLY,116,225453750,76,67
TPRB_APPLY,117,227164605,76,77
TPRB_APPLY,118,228875460,76,86
TPRB_APPLY,119,230586315,76,95
TPRB_APPLY,120,232297170,76,104
TPRB_APPLY,121,234008025,82,113
TPRB_APPLY,122,235718880,83,122
TPRB_APPLY,123,237429735,83,131
TPRB_APPLY,124,239140590,84,141
TPRB_APPLY,125,240851445,85,150
TPRB_APPLY,126,242562300,85,159
TPRB_APPLY,127,244273155,85,168
TPRB_APPLY,128,245984010,85,177
TPRB_APPLY,129,247352694,85,186
TPRB_APPLY,130,249063549,85,195
TPRB_APPLY,131,251116575,85,4
TPRB_APPLY,132,252827430,85,13
TPRB_APPLY,133,254196114,85,22
TPRB_APPLY,134,255906969,85,31
TPRB_APPLY,135,257617825,91,40
TPRB_APPLY,136,259670850,92,50
TPRB_APPLY,137,261381705,93,60
TPRB_APPLY,138,263434731,93,70
TPRB_APPLY,139,265145586,94,80
TPRB_APPLY,140,266856441,94,89
TPRB_APPLY,141,268567296,94,98
TPRB_APPLY,142,270278151,94,107
TPRB_APPLY,143,271647704,94,116
TPRB_APPLY,144,273699861,94,126
TPRB_APPLY,145,275410716,94,136
TPRB_APPLY,146,277121571,94,145
TPRB_APPLY,147,278832426,94,154
TPRB_APPLY,148,280543282,100,163
TPRB_APPLY,149,282254136,101,172
TPRB_APPLY,150,283964991,102,181
TPRB_APPLY,151,285675846,102,190
TPRB_APPLY,152,287386701,103,199
TPRB_APPLY,153,289097556,103,8
TPRB_APPLY,154,290808411,103,17
TPRB_APPLY,155,292519266,103,26
TPRB_APPLY,156,294230121,103,35
TPRB_APPLY,157,295940976,103,44
TPRB_APPLY,158,297309660,103,53
TPRB_APPLY,159,299362686,103,63
TPRB_APPLY,160,301073541,103,72
TPRB_APPLY,161,302784396,103,79
TPRB_APPLY,162,304153080,110,88
TPRB_APPLY,163,305863935,110,97
TPRB_APPLY,164,307574790,111,106
TPRB_APPLY,165,309627849,112,116
TPRB_APPLY,166,311338671,112,125
TPRB_APPLY,167,312707355,112,134
TPRB_APPLY,168,314418210,112,143
TPRB_APPLY,169,316129065,112,152
TPRB_APPLY,170,318182091,112,162
TPRB_APPLY,171,319550775,112,171
TPRB_APPLY,172,321261630,112,180
TPRB_APPLY,173,322972485,112,189
TPRB_APPLY,174,324683340,112,198
TPRB_APPLY,175,326394195,118,7
TPRB_APPLY,176,328105050,119,16
TPRB_APPLY,177,329815905,120,25
TPRB_APPLY,178,331526760,120,34
TPRB_APPLY,179,333237615,121,43
TPRB_APPLY,180,334948470,121,52
TPRB_APPLY,181,336659325,121,61
TPRB_APPLY,182,338370180,121,71
TPRB_APPLY,183,340423206,121,81
TPRB_APPLY,184,341791890,121,90
TPRB_APPLY,185,343502745,121,99
TPRB_APPLY,186,345213600,121,108
TPRB_APPLY,187,346924455,121,117
TPRB_APPLY,188,348635310,122,127
TPRB_APPLY,189,350346165,128,136
TPRB_APPLY,190,352057020,128,145
TPRB_APPLY,191,353767875,129,154
TPRB_APPLY,192,355478730,130,163
TPRB_APPLY,193,357189585,130,172
TPRB_APPLY,194,358900440,130,181
TPRB_APPLY,195,360611295,130,190
TPRB_APPLY,196,362322150,130,200
TPRB_APPLY,197,364033005,130,8
TPRB_APPLY,198,365743860,130,17
TPRB_APPLY,199,367454715,130,26
TPRB_APPLY,200,369165570,130,35
TPRB_APPLY,201,370876425,130,45
TPRB_APPLY,202,372929451,136,55
TPRB_APPLY,203,374298135,137,64
TPRB_APPLY,204,376008990,138,73
TPRB_APPLY,205,377719845,138,82
TPRB_APPLY,206,379430700,139,91
TPRB_APPLY,207,381141555,139,100
TPRB_APPLY,208,382852410,139,110
TPRB_APPLY,209,384906303,139,120
TPRB_APPLY,210,386616291,139,130
TPRB_APPLY,211,388327146,142,139
TPRB_APPLY,212,390038001,143,148
TPRB_APPLY,213,391748856,144,157
TPRB_APPLY,214,393459711,144,166
TPRB_APPLY,215,395170566,145,175
TPRB_APPLY,216,396881421,145,184
TPRB_APPLY,217,398592276,145,194
TPRB_APPLY,218,400303131,145,2
TPRB_APPLY,219,402013986,145,11
TPRB_APPLY,220,403724841,145,20
TPRB_APPLY,221,405093525,145,29
TPRB_APPLY,222,407146551,145,39
TPRB_APPLY,223,408857406,145,48
TPRB_APPLY,224,410568261,151,57
TPRB_APPLY,225,412279116,152,66
TPRB_APPLY,226,413647800,152,75
TPRB_APPLY,227,415358655,153,84
TPRB_APPLY,228,417411681,154,94
TPRB_APPLY,229,419122536,154,103
TPRB_APPLY,230,420833391,154,113
TPRB_APPLY,231,422544246,154,122
TPRB_APPLY,232,424255101,154,131
TPRB_APPLY,233,425965956,154,140
TPRB_APPLY,234,427676811,154,150
TPRB_APPLY,235,429387666,154,160
TPRB_APPLY,236,431098524,154,169
TPRB_APPLY,237,432809376,154,178
TPRB_APPLY,238,434520231,154,187
TPRB_APPLY,239,436231086,154,197
TPRB_APPLY,240,438284112,154,6
TPRB_APPLY,241,439994967,163,16
TPRB_APPLY,242,442047993,164,26
TPRB_APPLY,243,443758848,164,36
TPRB_APPLY,244,445811874,165,46
TPRB_APPLY,245,447523311,165,56
TPRB_APPLY,246,449233584,165,65
TPRB_APPLY,247,450944439,165,74
TPRB_APPLY,248,452655294,165,83
TPRB_APPLY,249,454366149,165,92
TPRB_APPLY,250,456077004,165,101
TPRB_APPLY,251,457787859,165,111
TPRB_APPLY,252,459498714,165,121
TPRB_APPLY,253,461209569,165,130
TPRB_APPLY,254,462920424,165,139
TPRB_APPLY,255,464631279,165,148
TPRB_APPLY,256,466342134,165,158
TPRB_APPLY,257,468052989,174,167
TPRB_APPLY,258,470106015,174,177
TPRB_APPLY,259,471816870,175,185
TPRB_APPLY,260,473527725,176,194
TPRB_APPLY,261,475238580,176,2
TPRB_APPLY,262,476949435,176,12
TPRB_APPLY,263,478660290,176,21
TPRB_APPLY,264,480371145,176,30
TPRB_APPLY,265,482082000,176,39
TPRB_APPLY,266,483451709,176,48
TPRB_APPLY,267,485503710,176,58
TPRB_APPLY,268,487214565,176,68
TPRB_APPLY,269,488925420,176,77
TPRB_APPLY,270,490636275,176,86
TPRB_APPLY,271,492347130,176,95
TPRB_APPLY,272,494057985,176,104
TPRB_APPLY,273,495768840,176,114
TPRB_APPLY,274,497821866,185,124
TPRB_APPLY,275,499532721,186,133
TPRB_APPLY,276,501243576,187,143
TPRB_APPLY,277,502954431,187,152
TPRB_APPLY,278,504665286,188,161
TPRB_APPLY,279,506376141,188,170
TPRB_APPLY,280,508086996,188,179
TPRB_APPLY,281,509797851,188,189
TPRB_APPLY,282,511508706,188,199
TPRB_APPLY,283,513219561,188,7
TPRB_APPLY,284,514930416,188,16
TPRB_APPLY,285,516641271,188,25
TPRB_APPLY,286,518352126,188,35
TPRB_APPLY,287,520062981,188,44
TPRB_APPLY,288,521773836,188,53
TPRB_APPLY,289,523484691,188,62
TPRB_APPLY,290,525195546,188,71
TPRB_APPLY,291,526906401,197,80
TPRB_APPLY,292,528617256,198,90
TPRB_APPLY,293,530328111,198,99
TPRB_APPLY,294,532038966,199,108
TPRB_APPLY,295,533749821,199,117
TPRB_APPLY,296,535460676,199,126
TPRB_APPLY,297,536830030,199,135
TPRB_APPLY,298,538882386,199,145
TPRB_APPLY,299,540593241,199,154
TPRB_APPLY,300,542304096,199,163
TPRB_APPLY,301,543672780,199,172
TPRB_APPLY,302,545725806,199,182
TPRB_APPLY,303,547436661,199,191
TPRB_APPLY,304,549147516,199,200
TPRB_APPLY,305,550516200,199,8
TPRB_APPLY,306,552569226,199,18
TPRB_APPLY,307,554280081,208,27
TPRB_APPLY,308,555990936,208,36
TPRB_APPLY,309,557701791,209,45
TPRB_APPLY,310,559412646,209,54
TPRB_APPLY,311,561123501,210,63
TPRB_APPLY,312,562834356,210,72
TPRB_APPLY,313,564203040,210,81
TPRB_APPLY,314,566256991,210,91
TPRB_APPLY,315,567966921,210,100
TPRB_APPLY,316,569677776,210,109
TPRB_APPLY,317,571388631,210,118
TPRB_APPLY,318,572757315,210,127
TPRB_APPLY,319,574810341,210,137
TPRB_APPLY,320,576521196,210,147
TPRB_APPLY,321,578232051,210,156
TPRB_APPLY,322,579942906,210,165
TPRB_APPLY,323,581653761,210,174
TPRB_APPLY,324,583364616,219,183
TPRB_APPLY,325,585075471,220,192
TPRB_APPLY,326,586786326,220,0
TPRB_APPLY,327,588497181,221,10
TPRB_APPLY,328,590208036,221,19
TPRB_APPLY,329,591918891,221,28
TPRB_APPLY,330,593629746,221,37
TPRB_APPLY,331,595340604,221,46
TPRB_APPLY,332,596709285,221,55
TPRB_APPLY,333,598762311,221,65
TPRB_APPLY,334,600473166,221,75
TPRB_APPLY,335,602184021,221,84
TPRB_APPLY,336,603894876,221,93
TPRB_APPLY,337,605605731,221,102
TPRB_APPLY,338,607316586,221,111
TPRB_APPLY,339,609028445,221,121
TPRB_APPLY,340,611080852,230,131
TPRB_APPLY,341,612791322,230,141
TPRB_APPLY,342,614844348,231,151
TPRB_APPLY,343,616213032,232,160
TPRB_APPLY,344,617923887,232,169
TPRB_APPLY,345,619634742,232,178
TPRB_APPLY,346,621345597,232,187
TPRB_APPLY,347,623056452,232,197
TPRB_APPLY,348,625109478,232,6
TPRB_APPLY,349,626820336,232,16
TPRB_APPLY,350,628531188,237,25
TPRB_APPLY,351,630242043,237,34
TPRB_APPLY,352,631952898,238,43
TPRB_APPLY,353,633663753,239,52
TPRB_APPLY,354,635374608,239,61
TPRB_APPLY,355,637085463,239,70
TPRB_APPLY,356,638796318,239,80
TPRB_APPLY,357,640849344,239,90
TPRB_APPLY,358,642218028,239,97
TPRB_APPLY,359,643928883,239,106
TPRB_APPLY,360,645639738,243,115
TPRB_APPLY,361,647350930,244,124
TPRB_APPLY,362,649061448,245,133
TPRB_APPLY,363,650772303,245,142
TPRB_APPLY,364,652483158,246,151
TPRB_APPLY,365,654195010,246,160
TPRB_APPLY,366,655904868,246,170
TPRB_APPLY,367,657958179,246,180
TPRB_APPLY,368,659668749,246,189
TPRB_APPLY,369,661037433,246,198
TPRB_APPLY,370,662748288,246,6
TPRB_APPLY,371,664459143,246,15
TPRB_APPLY,372,666512169,252,25
TPRB_APPLY,373,667880853,252,34
TPRB_APPLY,374,669591708,253,43
TPRB_APPLY,375,671302563,253,52
TPRB_APPLY,376,673013418,254,61
TPRB_APPLY,377,674724273,254,70
TPRB_APPLY,378,676435128,254,80
TPRB_APPLY,379,678145983,254,89
TPRB_APPLY,380,679856838,254,98
TPRB_APPLY,381,681567693,254,107
TPRB_APPLY,382,683278548,254,116
TPRB_APPLY,383,684989403,254,126
TPRB_APPLY,384,686700258,254,135
TPRB_APPLY,385,688411113,254,144
TPRB_APPLY,386,690121968,254,153
TPRB_APPLY,387,691832823,254,162
TPRB_APPLY,388,693543678,254,172
TPRB_APPLY,389,695254533,263,181
TPRB_APPLY,390,697307559,264,191
TPRB_APPLY,391,699018414,264,0
TPRB_APPLY,392,700729269,265,9
TPRB_APPLY,393,702440124,266,18
TPRB_APPLY,394,704150979,266,27
TPRB_APPLY,395,705861834,266,36
TPRB_APPLY,396,707230518,266,45
TPRB_APPLY,397,709283544,266,55
TPRB_APPLY,398,710994399,266,64
TPRB_APPLY,399,712705254,266,73
TPRB_APPLY,400,714073938,266,82
TPRB_APPLY,401,715784793,266,91
TPRB_APPLY,402,717837819,266,101
TPRB_APPLY,403,719207212,266,110
TPRB_APPLY,404,720917358,266,119
TPRB_APPLY,405,722628213,266,128
TPRB_APPLY,406,724339068,274,137
TPRB_APPLY,407,726049923,275,146
TPRB_APPLY,408,727760778,276,156
TPRB_APPLY,409,729813804,276,166
TPRB_APPLY,410,731524659,277,175
TPRB_APPLY,411,733235514,277,184
TPRB_APPLY,412,734946369,277,193
TPRB_APPLY,413,736315053,277,1
TPRB_APPLY,414,738368936,277,11
TPRB_APPLY,415,740078934,277,21
TPRB_APPLY,416,741789789,277,30
TPRB_APPLY,417,743500644,277,39
TPRB_APPLY,418,745211499,277,48
TPRB_APPLY,419,746922354,277,57
TPRB_APPLY,420,748634060,277,67
TPRB_APPLY,421,750344064,277,77
TPRB_APPLY,422,752054919,277,86
TPRB_APPLY,423,754107945,286,94
TPRB_APPLY,424,755818800,287,103
TPRB_APPLY,425,757187484,287,112
TPRB_APPLY,426,759240509,288,122
TPRB_APPLY,427,760951364,289,131
TPRB_APPLY,428,762320048,289,139
TPRB_APPLY,429,764373074,290,149
TPRB_APPLY,430,766083929,291,158
TPRB_APPLY,431,767794784,291,167
TPRB_APPLY,432,769163468,292,176
TPRB_APPLY,433,770874323,292,185
TPRB_APPLY,434,772585178,293,194
TPRB_APPLY,435,774296033,294,2
TPRB_APPLY,436,776006888,295,11
TPRB_APPLY,437,778059914,295,21
TPRB_APPLY,438,779428598,296,30
TPRB_APPLY,439,781139453,297,39
TPRB_APPLY,440,782850308,297,48
TPRB_APPLY,441,784561163,298,57
TPRB_APPLY,442,786272018,299,66
TPRB_APPLY,443,787982873,299,75
TPRB_APPLY,444,789693727,300,84
TPRB_APPLY,445,791404582,301,94
TPRB_APPLY,446,793115437,301,103
TPRB_APPLY,447,795168463,302,113
TPRB_APPLY,448,796879318,303,122
TPRB_APPLY,449,798590173,303,132
TPRB_APPLY,450,800643199,304,142
TPRB_APPLY,451,802011883,305,151
TPRB_APPLY,452,803722738,305,160
TPRB_APPLY,453,805433593,306,169
TPRB_APPLY,454,807144448,307,178
TPRB_APPLY,455,808855303,307,187
TPRB_APPLY,456,810566158,308,196
TPRB_APPLY,457,812277013,309,4
TPRB_APPLY,458,813987868,309,13
TPRB_APPLY,459,815698723,310,22
TPRB_APPLY,460,817409578,311,31
TPRB_APPLY,461,819120433,311,41
TPRB_APPLY,462,820831288,312,50
TPRB_APPLY,463,822542143,313,59
TPRB_APPLY,464,824252998,313,68
TPRB_APPLY,465,825963853,314,77
TPRB_APPLY,466,827674708,315,86
TPRB_APPLY,467,829385563,315,95
TPRB_APPLY,468,831097246,316,104
TPRB_APPLY,469,832807273,317,113
TPRB_APPLY,470,834519058,317,122
TPRB_APPLY,471,836228983,318,131
TPRB_APPLY,472,837599557,319,140
TPRB_APPLY,473,839308522,319,149
TPRB_APPLY,474,841019377,320,158
TPRB_APPLY,475,843072403,321,168
TPRB_APPLY,476,844783258,321,178
TPRB_APPLY,477,846836284,322,188
TPRB_APPLY,478,848547139,323,197
TPRB_APPLY,479,850257994,324,5
TPRB_APPLY,480,851626678,324,14
TPRB_APPLY,481,853337533,325,23
TPRB_APPLY,482,855049399,326,32
TPRB_APPLY,483,856759243,326,41
TPRB_APPLY,484,858470098,327,50
TPRB_APPLY,485,860180953,327,59
TPRB_APPLY,486,861891808,328,68
TPRB_APPLY,487,863602663,329,78
TPRB_APPLY,488,865655689,330,88
TPRB_APPLY,489,867366544,330,98
TPRB_APPLY,490,869419570,331,108
TPRB_APPLY,491,871130425,332,117
TPRB_APPLY,492,872841280,332,126
TPRB_APPLY,493,874552135,333,135
TPRB_APPLY,494,876263558,334,144
TPRB_APPLY,495,877973845,334,153
TPRB_APPLY,496,879342529,335,162
TPRB_APPLY,497,881053384,336,171
TPRB_APPLY,498,882764239,336,180
TPRB_APPLY,499,884475094,337,189
TPRB_APPLY,500,886185949,338,198
TPRB_APPLY,501,888238975,338,7
TPRB_APPLY,502,889949830,339,17
TPRB_APPLY,503,891660685,340,26
TPRB_APPLY,504,893371540,340,35
TPRB_APPLY,505,895082395,341,44
TPRB_APPLY,506,896793250,342,53
TPRB_APPLY,507,898504105,342,62
TPRB_APPLY,508,900214960,343,71
TPRB_APPLY,509,901925815,344,80
TPRB_APPLY,510,903294499,344,89
TPRB_APPLY,511,905005354,345,98
TPRB_APPLY,512,906716209,346,107
TPRB_APPLY,513,908427064,346,116
TPRB_APPLY,514,910480090,347,126
TPRB_APPLY,515,911848774,348,135
TPRB_APPLY,516,913559629,348,144
TPRB_APPLY,517,915270484,349,153
TPRB_APPLY,518,916981339,350,162
TPRB_APPLY,519,918692194,350,171
TPRB_APPLY,520,920403049,351,180
TPRB_APPLY,521,922113904,352,189
TPRB_APPLY,522,923824759,352,199
TPRB_APPLY,523,925535614,353,7
TPRB_APPLY,524,927246469,354,16
TPRB_APPLY,525,928957324,354,25
TPRB_APPLY,526,930668179,355,34
TPRB_APPLY,527,932380033,356,43
TPRB_APPLY,528,934089889,356,52
TPRB_APPLY,529,935800744,357,62
TPRB_APPLY,530,937511599,358,71
TPRB_APPLY,531,939222454,358,80
TPRB_APPLY,532,940933309,359,89
TPRB_APPLY,533,942644164,360,98
TPRB_APPLY,534,944355019,360,107
TPRB_APPLY,535,946066321,361,116
TPRB_APPLY,536,947434558,362,125
TPRB_APPLY,537,949487584,363,135
TPRB_APPLY,538,951198440,363,144
TPRB_APPLY,539,952909294,364,154
TPRB_APPLY,540,954962320,365,164
TPRB_APPLY,541,956673175,365,173
TPRB_APPLY,542,958384030,366,182
TPRB_APPLY,543,960094885,366,191
TPRB_APPLY,544,961463569,367,200
TPRB_APPLY,545,963174424,368,8
TPRB_APPLY,546,964885279,369,17
TPRB_APPLY,547,966596134,369,26
TPRB_APPLY,548,968649160,370,36
TPRB_APPLY,549,970017844,371,45
TPRB_APPLY,550,972070870,371,55
TPRB_APPLY,551,973781725,372,64
TPRB_APPLY,552,975492580,373,73
TPRB_APPLY,553,977203435,373,82
TPRB_APPLY,554,978572119,374,91
TPRB_APPLY,555,980282974,375,100
TPRB_APPLY,556,982336000,375,108
TPRB_APPLY,557,983704684,376,117
TPRB_APPLY,558,985415539,376,126
TPRB_APPLY,559,987126394,377,135
TPRB_APPLY,560,989179508,378,145
TPRB_APPLY,561,990890275,379,154
TPRB_APPLY,562,992258959,379,163
TPRB_APPLY,563,993969814,380,172
TPRB_APPLY,564,995680669,381,181
TPRB_APPLY,565,997391524,381,190
TPRB_APPLY,566,999102379,382,200
TPRB_APPLY,567,1001155405,383,9
TPRB_APPLY,568,1002866260,383,18
TPRB_APPLY,569,1004577115,384,27
TPRB_APPLY,570,1006288457,385,36
TPRB_APPLY,571,1007656654,385,45
TPRB_APPLY,572,1009367509,386,54
TPRB_APPLY,573,1011420535,387,64
TPRB_APPLY,574,1013131390,387,73
TPRB_APPLY,575,1014500074,388,82
TPRB_APPLY,576,1016211791,389,91
TPRB_APPLY,577,1017921784,389,100
TPRB_APPLY,578,1019632640,390,109
TPRB_APPLY,579,1021685665,391,119
TPRB_APPLY,580,1023396520,391,129
TPRB_APPLY,581,1025107375,392,138
TPRB_APPLY,582,1026818230,393,147
TPRB_APPLY,583,1028529085,393,156
TPRB_APPLY,584,1029897769,394,165
TPRB_APPLY,585,1031608624,395,174
TPRB_APPLY,586,1033661650,395,184
TPRB_APPLY,587,1035372505,396,193
TPRB_APPLY,588,1037083360,397,1
TPRB_APPLY,589,1038452044,397,10
TPRB_APPLY,590,1040162899,398,19
TPRB_APPLY,591,1041873754,399,28
TPRB_APPLY,592,1043926780,400,38
TPRB_APPLY,593,1045296203,400,47
TPRB_APPLY,594,1047006319,401,56
TPRB_APPLY,595,1048717174,401,65
TPRB_APPLY,596,1050428029,402,74
TPRB_APPLY,597,1052138884,403,83
TPRB_APPLY,598,1053849739,404,93
TPRB_APPLY,599,1055902765,404,103
TPRB_APPLY,600,1057613620,405,112
TPRB_APPLY,601,1059324475,405,121
TPRB_APPLY,602,1061035330,406,130
TPRB_APPLY,603,1062404014,407,139
TPRB_APPLY,604,1064114869,407,148
TPRB_APPLY,605,1066167895,408,158
TPRB_APPLY,606,1067878750,409,167
TPRB_APPLY,607,1069589605,409,176
TPRB_APPLY,608,1070958289,410,185
TPRB_APPLY,609,1072669144,411,194
TPRB_APPLY,610,1074379999,412,2
TPRB_APPLY,611,1076090854,412,11
TPRB_APPLY,612,1078143880,413,21
TPRB_APPLY,613,1079854735,414,31
TPRB_APPLY,614,1081565590,414,40
TPRB_APPLY,615,1083276445,415,49
TPRB_APPLY,616,1084987300,416,58
TPRB_APPLY,617,1086698155,416,67
TPRB_APPLY,618,1088066839,417,76
TPRB_APPLY,619,1089777694,418,85
TPRB_APPLY,620,1091830720,418,95
TPRB_APPLY,621,1093541575,419,105
TPRB_APPLY,622,1095252430,420,114
TPRB_APPLY,623,1096963285,420,123
TPRB_APPLY,624,1098674140,421,132
TPRB_APPLY,625,1100384995,422,141
TPRB_APPLY,626,1102095850,422,150
TPRB_APPLY,627,1103806705,423,159
TPRB_APPLY,628,1105517560,424,168
TPRB_APPLY,629,1106887052,424,177
TPRB_APPLY,630,1108939270,425,187
TPRB_APPLY,631,1110650125,426,196
TPRB_APPLY,632,1112360980,426,4
TPRB_APPLY,633,1114071835,427,13
TPRB_APPLY,634,1115440519,428,22
TPRB_APPLY,635,1117151374,428,31
TPRB_APPLY,636,1119204400,429,41
TPRB_APPLY,637,1120915255,430,51
TPRB_APPLY,638,1122968281,430,61
TPRB_APPLY,639,1124679136,431,70
TPRB_APPLY,640,1126048006,432,79
TPRB_APPLY,641,1127758675,432,88
TPRB_APPLY,642,1129469530,433,97
TPRB_APPLY,643,1131180385,434,106
TPRB_APPLY,644,1132891240,434,115
TPRB_APPLY,645,1134602095,435,124
TPRB_APPLY,646,1136312950,436,133
TPRB_APPLY,647,1138023805,436,143
TPRB_APPLY,648,1140076831,437,153
TPRB_APPLY,649,1141787686,438,163
TPRB_APPLY,650,1143498541,439,172
TPRB_APPLY,651,1145209396,439,181
TPRB_APPLY,652,1146920252,440,190
TPRB_APPLY,653,1148631106,441,199
TPRB_APPLY,654,1150341961,441,7
TPRB_APPLY,655,1152052816,442,16
TPRB_APPLY,656,1153763672,443,25
TPRB_APPLY,657,1155475544,443,34
TPRB_APPLY,658,1157185381,444,44
TPRB_APPLY,659,1158896236,445,53
TPRB_APPLY,660,1160607091,445,62
TPRB_APPLY,661,1162317946,446,71
TPRB_APPLY,662,1164028801,447,80
TPRB_APPLY,663,1165739656,447,89
TPRB_APPLY,664,1167108340,448,98
TPRB_APPLY,665,1169161880,449,108
TPRB_APPLY,666,1170872221,449,118
TPB_APPLY,667,117292547,450,128
TPRB_APPLY,668,1174636102,451,137
TPRB_APPLY,669,1176346957,451,146
TPRB_APPLY,670,1177715641,452,155
TPRB_APPLY,671,1179426496,453,164
TPRB_APPLY,672,1181137351,453,173
TPRB_APPLY,673,1182848519,454,182
TPRB_APPLY,674,1184560232,455,192
TPRB_APPLY,675,1186269916,455,0
TPRB_APPLY,676,1187980771,456,9
TPRB_APPLY,677,1189691626,457,18
TPRB_APPLY,678,1191402481,457,27
TPRB_APPLY,679,1193113336,458,36
TPRB_APPLY,680,1194824191,459,45
TPRB_APPLY,681,1196535046,459,54
TPRB_APPLY,682,1198245901,460,64
TPRB_APPLY,683,1199956756,461,73
TPRB_APPLY,684,1201667611,461,82
TPRB_APPLY,685,1203378466,462,91
TPRB_APPLY,686,1205089321,463,100
TPRB_APPLY,687,1206800176,463,109
TPRB_APPLY,688,1208511031,464,118
TPRB_APPLY,689,1210221886,465,127
TPRB_APPLY,690,1211932741,465,137
TPRB_APPLY,691,1213643596,466,146
TPRB_APPLY,692,1215354451,467,155
TPRB_APPLY,693,1217065305,467,164
TPRB_APPLY,694,1218776160,468,173
TPRB_APPLY,695,1220144844,469,182
TPRB_APPLY,696,1221855699,469,191
TPRB_APPLY,697,1223566554,470,200
TPRB_APPLY,698,1225619580,471,9
TPRB_APPLY,699,1227330435,471,18
TPRB_APPLY,700,1229041290,472,27
TPRB_APPLY,701,1230409974,473,36
TPRB_APPLY,702,1232120829,473,45
TPRB_APPLY,703,1233831684,474,54
TPRB_APPLY,704,1235542539,475,63
TPRB_APPLY,705,1237595565,475,73
TPRB_APPLY,706,1239306420,476,83
TPRB_APPLY,707,1241017275,477,92
TPRB_APPLY,708,1242728130,478,102
TPRB_APPLY,709,1244438985,478,111
TPRB_APPLY,710,1246149859,479,120
TPRB_APPLY,711,1247860695,480,129
TPRB_APPLY,712,1249571549,480,138
TPRB_APPLY,713,1251282404,481,147
TPRB_APPLY,714,1252993259,482,156
TPRB_APPLY,715,1254704114,482,166
TPRB_APPLY,716,1256757140,483,176
TPRB_APPLY,717,1258467995,484,185
TPRB_APPLY,718,1259836679,484,194
TPRB_APPLY,719,1261547534,485,2
TPRB_APPLY,720,1263258389,486,11
TPRB_APPLY,721,1264969244,486,20
TPRB_APPLY,722,1266680099,487,29
TPRB_APPLY,723,1268733125,488,39
TPRB_APPLY,724,1270443980,488,49
TPRB_APPLY,725,1272154835,489,58
TPRB_APPLY,726,1273865690,490,67
TPRB_APPLY,727,1275576545,490,76
TPRB_APPLY,728,1276945229,491,85
TPRB_APPLY,729,1278656084,492,94
TPRB_APPLY,730,1280709110,492,104
TPRB_APPLY,731,1282419965,493,114
TPRB_APPLY,732,1284130820,494,123
TPRB_APPLY,733,1285841675,494,132
TPRB_APPLY,734,1287552530,495,141
TPRB_APPLY,735,1289263385,496,150
TPRB_APPLY,736,1290975857,496,159
TPRB_APPLY,737,1292685095,497,169
TPRB_APPLY,738,1294395950,498,178
TPRB_APPLY,739,1296106805,498,187
TPRB_APPLY,740,1297817660,499,196
TPRB_APPLY,741,1299528515,500,4
TPRB_APPLY,742,1300897199,500,13
TPRB_APPLY,743,1302608054,501,22
TPRB_APPLY,744,1304661080,502,32
TPRB_APPLY,745,1306371935,502,41
TPRB_APPLY,746,1308082790,503,50
TPRB_APPLY,747,1309793645,504,59
TPRB_APPLY,748,1311162329,504,68
TPRB_APPLY,749,1312874087,505,77
TPRB_APPLY,750,1314584039,506,86
TPRB_APPLY,751,1316294894,506,95
TPRB_APPLY,752,1318347920,507,105
TPRB_APPLY,753,1319717552,508,114
TPRB_APPLY,754,1321427459,508,123
TPRB_APPLY,755,1323138314,509,132
TPRB_APPLY,756,1324849169,510,141
TPRB_APPLY,757,1326560024,510,150
TPRB_APPLY,758,1328270879,511,159
TPRB_APPLY,759,1329981734,512,168
TPRB_APPLY,760,1331692589,512,178
TPRB_APPLY,761,1333745615,513,188
TPRB_APPLY,762,1335456470,514,197
TPRB_APPLY,763,1337167325,514,5
TPRB_APPLY,764,1338536009,515,14
TPRB_APPLY,765,1340246950,516,23
TPRB_APPLY,766,1341958721,516,32
TPRB_APPLY,767,1344010745,517,42
TPRB_APPLY,768,1345721600,518,52
TPRB_APPLY,769,1347432455,519,61
TPRB_APPLY,770,1349143310,519,70
TPRB_APPLY,771,1350854165,520,79
TPRB_APPLY,772,1352565020,520,88
TPRB_APPLY,773,1353934377,521,97
TPRB_APPLY,774,1355644559,522,106
TPRB_APPLY,775,1357697585,523,116
TPRB_APPLY,776,1359408440,523,126
TPRB_APPLY,777,1361119295,524,135
TPRB_APPLY,778,1362830150,525,144
TPRB_APPLY,779,1364541005,525,153
TPRB_APPLY,780,1366251860,526,162
TPRB_APPLY,781,1367962715,527,171
TPRB_APPLY,782,1369673570,527,181
TPRB_APPLY,783,1371726596,528,191
TPRB_APPLY,784,1373095280,529,200
TPRB_APPLY,785,1374806135,529,8
TPRB_APPLY,786,1376516990,530,17
TPRB_APPLY,787,1378227845,531,26
TPRB_APPLY,788,1379938700,531,35
TPRB_APPLY,789,1381649555,532,44
TPRB_APPLY,790,1383360410,533,54
TPRB_APPLY,791,1385413436,533,64
TPRB_APPLY,792,1387124291,534,73
TPRB_APPLY,793,1388835146,535,82
TPRB_APPLY,794,1390203992,535,91
TPRB_APPLY,795,1391914685,536,100
TPRB_APPLY,796,1393625540,537,109
TPRB_APPLY,797,1395336395,537,118
TPRB_APPLY,798,1397389421,538,128
TPRB_APPLY,799,1398758105,539,137
TPRB_APPLY,800,1400469802,539,146
TPRB_APPLY,801,1402180813,540,155
TPRB_APPLY,802,1403890670,541,164
TPRB_APPLY,803,1405601525,541,173
TPRB_APPLY,804,1407312379,542,182
TPRB_APPLY,805,1409023234,543,192
TPRB_APPLY,806,1411076260,543,1
TPRB_APPLY,807,1412787115,544,10
TPRB_APPLY,808,1414497970,545,19
TPRB_APPLY,809,1415866654,545,28
TPRB_APPLY,810,1417577509,546,37
TPRB_APPLY,811,1419288364,547,46
TPRB_APPLY,812,1421341390,547,56
TPRB_APPLY,813,1423052245,548,65
TPRB_APPLY,814,1424420929,549,74
TPRB_APPLY,815,1426131784,549,83
TPRB_APPLY,816,1427842639,550,92
TPRB_APPLY,817,1429553494,551,101
TPRB_APPLY,818,1431264349,551,110
TPRB_APPLY,819,1432975204,552,120
TPRB_APPLY,820,1434686059,553,129
TPRB_APPLY,821,1436396914,553,138
TPRB_APPLY,822,1438107769,554,147
TPRB_APPLY,823,1439818624,555,156
TPRB_APPLY,824,1441529479,555,165
TPRB_APPLY,825,1443240874,556,174
TPRB_APPLY,826,1444951189,557,184
TPRB_APPLY,827,1446662044,557,193
TPRB_APPLY,828,1448372899,558,1
TPRB_APPLY,829,1450083754,559,10
TPRB_APPLY,830,1451794609,559,19
TPRB_APPLY,831,1453505464,560,28
TPRB_APPLY,832,1455216319,561,38
TPRB_APPLY,833,1457270264,562,48
TPRB_APPLY,834,1458638029,562,57
TPRB_APPLY,835,1460348884,563,66
TPRB_APPLY,836,1462059739,564,75
TPRB_APPLY,837,1463770594,564,84
TPRB_APPLY,838,1465481449,565,93
TPRB_APPLY,839,1467192826,566,102
TPRB_APPLY,840,1468903159,566,112
TPRB_APPLY,841,1470956185,567,122
TPRB_APPLY,842,1472667040,568,131
TPRB_APPLY,843,1474035724,568,140
TPRB_APPLY,844,1475746579,569,149
TPRB_APPLY,845,1477457434,570,158
TPRB_APPLY,846,1479168289,570,167
TPRB_APPLY,847,1481221315,571,177
TPRB_APPLY,848,1482932170,572,187
TPRB_APPLY,849,1484643025,572,197
TPRB_APPLY,850,1486353880,573,5
TPRB_APPLY,851,1488064735,574,14
TPRB_APPLY,852,1489775590,574,23
TPRB_APPLY,853,1491486445,575,32
TPRB_APPLY,854,1493198282,576,41
TPRB_APPLY,855,1494908155,576,50
TPRB_APPLY,856,1496619010,577,60
TPRB_APPLY,857,1498672036,578,70
TPRB_APPLY,858,1500382891,578,79
TPRB_APPLY,859,1502093746,579,88
TPRB_APPLY,860,1503804601,580,96
TPRB_APPLY,861,1505515456,580,105
TPRB_APPLY,862,1506884140,581,114
TPRB_APPLY,863,1508594995,582,123
TPRB_APPLY,864,1510305850,582,132
TPRB_APPLY,865,1512016705,583,141
TPRB_APPLY,866,1513727560,584,150
TPRB_APPLY,867,1515438415,584,160
TPRB_APPLY,868,1517149965,585,169
TPRB_APPLY,869,1518860125,586,178
TPRB_APPLY,870,1520570980,586,187
TPRB_APPLY,871,1522281835,587,196
TPRB_APPLY,872,1523992690,588,4
TPRB_APPLY,873,1525703545,588,14
TPRB_APPLY,874,1527414400,589,23
TPRB_APPLY,875,1529125255,590,32
TPRB_APPLY,876,1530836110,590,41
TPRB_APPLY,877,1532547686,591,50
TPRB_APPLY,878,1534257820,592,59
TPRB_APPLY,879,1535968675,592,68
TPRB_APPLY,880,1537679530,593,78
TPRB_APPLY,881,1539390385,594,88
TPRB_APPLY,882,1541101240,595,97
TPRB_APPLY,883,1542812095,595,106
TPRB_APPLY,884,1544522950,596,115
TPRB_APPLY,885,1546233805,596,124
TPRB_APPLY,886,1547944660,597,133
TPRB_APPLY,887,1549655515,598,142
TPRB_APPLY,888,1551366370,598,152
TPRB_APPLY,889,1553077281,599,161
TPRB_APPLY,890,1554788080,600,170
TPRB_APPLY,891,1556498935,601,179
TPRB_APPLY,892,1558209790,601,188
TPRB_APPLY,893,1559920645,602,197
TPRB_APPLY,894,1561631500,603,6
TPRB_APPLY,895,1563684526,603,16
TPRB_APPLY,896,1565396403,604,26
TPRB_APPLY,897,1567106236,605,35
TPRB_APPLY,898,1568817091,605,44
TPRB_APPLY,899,1570527946,606,53
TPRB_APPLY,900,1572238801,607,62
TPRB_APPLY,901,1573607485,607,71
TPRB_APPLY,902,1575318340,608,80
TPRB_APPLY,903,1577371366,609,90
TPRB_APPLY,904,1579082221,609,99
TPRB_APPLY,905,1580793076,610,108
TPRB_APPLY,906,1582161760,611,117
TPRB_APPLY,907,1583872615,611,126
TPRB_APPLY,908,1585583470,612,135
TPRB_APPLY,909,1587294325,613,144
TPRB_APPLY,910,1589347351,613,154
TPRB_APPLY,911,1590716035,614,163
TPRB_APPLY,912,1592426890,615,172
TPRB_APPLY,913,1594137745,615,181
TPRB_APPLY,914,1595848600,616,190
TPRB_APPLY,915,1597559455,617,199
TPRB_APPLY,916,1599270310,617,7
TPRB_APPLY,917,1600981165,618,17
TPRB_APPLY,918,1602692020,619,26
TPRB_APPLY,919,1604402875,619,35
TPRB_APPLY,920,1606113730,620,44
TPRB_APPLY,921,1607824585,621,53
TPRB_APPLY,922,1609535440,621,62
TPRB_APPLY,923,1611246295,622,72
TPRB_APPLY,924,1613299321,623,82
TPRB_APPLY,925,1614669986,623,91
TPRB_APPLY,926,1616378860,624,100
TPRB_APPLY,927,1618089715,625,109
TPRB_APPLY,928,1619800789,625,118
TPRB_APPLY,929,1621511425,626,127
TPRB_APPLY,930,1623222280,627,136
TPRB_APPLY,931,1624933135,627,146
TPRB_APPLY,932,1626643990,628,155
TPRB_APPLY,933,1628354845,629,164
TPRB_APPLY,934,1630065700,629,173
TPRB_APPLY,935,1631776555,630,182
TPRB_APPLY,936,1633487464,631,191
TPRB_APPLY,937,1635198265,631,200
TPRB_APPLY,938,1636909120,632,9
TPRB_APPLY,939,1638619975,633,18
TPRB_APPLY,940,1640331868,633,27
TPRB_APPLY,941,1642041685,634,36
TPRB_APPLY,942,1643752540,635,45
TPRB_APPLY,943,1645463395,635,54
TPRB_APPLY,944,1646833916,636,63
TPRB_APPLY,945,1648885670,637,73
TPRB_APPLY,946,1650595960,637,82
TPRB_APPLY,947,1652306815,638,91
TPRB_APPLY,948,1654017670,639,100
TPRB_APPLY,949,1655386354,639,109
TPRB_APPLY,950,1657097209,640,118
TPRB_APPLY,951,1659150235,641,128
TPRB_APPLY,952,1660861090,642,138
TPRB_APPLY,953,1662571945,642,147
TPRB_APPLY,954,1664282800,643,156
TPRB_APPLY,955,1665993655,643,165
TPRB_APPLY,956,1667704510,644,174
TPRB_APPLY,957,1669415365,645,183
TPRB_APPLY,958,1671126220,645,192
TPRB_APPLY,959,1672837075,646,0
TPRB_APPLY,960,1674206836,647,9
TPRB_APPLY,961,1676258785,648,19
TPRB_APPLY,962,1677969640,648,28
TPRB_APPLY,963,1679680495,649,37
TPRB_APPLY,964,1681391350,649,46
TPRB_APPLY,965,1682760034,650,55
TPRB_APPLY,966,1684470889,651,64
TPRB_APPLY,967,1686523915,652,74
TPRB_APPLY,968,1688234770,652,84
TPRB_APPLY,969,1689945625,653,93
TPRB_APPLY,970,1691656480,654,102
TPRB_APPLY,971,1693367335,654,111
TPRB_APPLY,972,1695078190,655,120
TPRB_APPLY,973,1696789045,656,129
TPRB_APPLY,974,1698499900,656,138
TPRB_END,rx=975,apply=975,filtered=0,rx_overflow=0,apply_overflow=0,apply_race=0
TPRB_STATS,frame=975,valid=975,checksum_error=0,irq=71479,rxirq=70245,byte=70245
TPRB_STATS_ERR,pe=0,fe=0,ne=0,ore=0
[0mBatt=23.4 [0mODOM [31mVisionX  +0.00 Y  +0.00 theta   +0.0 elt    0 [0mimu  -2.5 Dt    0 LtCy    0 integ.govd   +0.00   +0.00 integ.vbp +0.00 +0.00 omni.gos X     -0.0 ,Y     -0.2. omgD -0.017 omg  +0.00 
[0mBatt=23.4 [0mODOM [31mVisionX  +0.00 Y  +0.00 theta   +0.0 elt    0 [0mimu  -2.5 Dt    8 LtCy    4 integ.govd   -0.00   -0.00 integ.vbp -0.00 -0.00 omni.gos X     -0.0 ,Y     -0.2. omgD -0.013 omg  +0.00 loop   5062
[0mBatt=23.4 [0mODOM [31mVisionX  +0.00 Y  +0.00 theta   +0.0 elt    0 [0mimu  -2.5 Dt    2 LtCy    1 integ.govd   -0.00   -0.00 integ.vbp -0.00 -0.00 omni.gos X     -0.0 ,Y     -0.2. omgD -0.013 omg  +0.00 loop   4976
[0mBatt=23.4 [0mODOM [31mVisionX  +0.00 Y  +0.00 theta   +0.0 elt    0 [0mimu  -2.5 Dt    0 LtCy    0 integ.govd   +0.00   +0.00 integ.vbp +0.00 +0.00 omni.gos X     +0.0 ,Y     -0.1. omgD -0.008 omg  +0.00 loop   4987
[0mBatt=23.4 [0mODOM [31mVisionX  +0.00 Y  +0.00 theta   +0.0 elt    0 [0mimu  -2.5 Dt    4 LtCy    2 integ.govd   -0.00   -0.00 integ.vbp -0.00 -0.00 omni.gos X     -0.0 ,Y     -0.2. omgD -0.013 omg  +0.00 loop   5067
[0mBatt=23.4 [0mODOM [31mVisionX  +0.00 Y  +0.00 theta   +0.0 elt    0 [0mimu  -2.5 Dt    0 LtCy    0 integ.govd   +0.00   +0.00 integ.vbp +0.00 +0.00 omni.gos X     -0.0 ,Y     -0.2. omgD -0.017 omg  +0.00 loop   4981
[0mBatt=23.4 [0mODOM [31mVisionX  +0.00 Y  +0.00 theta   +0.0 elt    0 [0mimu  -2.5 Dt    8 LtCy    4 integ.govd   -0.00   -0.00 integ.vbp -0.00 -0.00 omni.gos X     +0.0 ,Y     -0.1. omgD -0.008 omg  +0.00 loop   2479
[0mBatt=23.4 [0mODOM [31mVisionX  +0.00 Y  +0.00 theta   +0.0 elt    0 [0mimu  -2.6 Dt    4 LtCy    2 integ.govd   -0.00   -0.00 integ.vbp -0.00 -0.00 omni.gos X     -0.0 ,Y     -0.2. omgD -0.013 omg  +0.00 loop   4976
[0mBatt=23.4 [0mODOM [31mVisionX  +0.00 Y  +0.00 theta   +0.0 elt    0 [0mimu  -2.6 Dt    0 LtCy    0 integ.govd   +0.00   +0.00 integ.vbp +0.00 +0.00 omni.gos X     +0.0 ,Y     -0.1. omgD -0.004 omg  +0.00 loop   4956
[0mBatt=23.4 [0mODOM [31mVisionX  +0.00 Y  +0.00 theta   +0.0 elt    0 [0mimu  -2.6 Dt    6 LtCy    3 integ.govd   -0.00   -0.00 integ.vbp -0.00 -0.00 omni.gos X     -0.0 ,Y     -0.1. omgD -0.008 omg  +0.00 loop   5081
[0mBatt=23.4 [0mODOM [31mVisionX  +0.00 Y  +0.00 theta   +0.0 elt    0 [0mimu  -2.6 Dt    4 LtCy    2 integ.govd   -0.00   -0.00 integ.vbp -0.00 -0.00 omni.gos X     -0.0 ,Y     -0.2. omgD -0.017 omg  +0.00 loop   4996
[0mBatt=23.4 [0mODOM [31mVisionX  +0.00 Y  +0.00 theta   +0.0 elt    0 [0mimu  -2.6 Dt    8 LtCy    4 integ.govd   -0.00   -0.00 integ.vbp -0.00 -0.00 omni.gos X     -0.0 ,Y     -0.2. omgD -0.013 omg  +0.00 loop   4979
[0mBatt=23.4 [0mODOM [31mVisionX  +0.00 Y  +0.00 theta   +0.0 elt    0 [0mimu  -2.6 Dt    6 LtCy    3 integ.govd   -0.00   -0.00 integ.vbp -0.00 -0.00 omni.gos X     +0.0 ,Y     -0.1. omgD -0.008 omg  +0.00 loop   5015
[0mBatt=23.4 [0mODOM [31mVisionX  +0.00 Y  +0.00 theta   +0.0 elt    0 [0mimu  -2.6 Dt    0 LtCy    0 integ.govd   +0.00   +0.00 integ.vbp +0.00 +0.00 omni.gos X     +0.0 ,Y     -0.1. omgD -0.004 omg  +0.00 loop   4983
[0mBatt=23.4 [0mODOM [31mVisionX  +0.00 Y  +0.00 theta   +0.0 elt    0 [0mimu  -2.6 Dt    6 LtCy    3 integ.govd   -0.00   -0.00 integ.vbp -0.00 -0.00 omni.gos X     -0.0 ,Y     -0.1. omgD -0.008 omg  +0.00 loop   5082
[0mBatt=23.4 [0mODOM [31mVisionX  +0.00 Y  +0.00 theta   +0.0 elt    0 [0mimu  -2.6 Dt    4 LtCy    2 integ.govd   -0.00   -0.00 integ.vbp -0.00 -0.00 omni.gos X     -0.0 ,Y     -0.1. omgD -0.004 omg  +0.00 loop   4979
[0mBatt=23.4 [0mODOM [31mVisionX  +0.00 Y  +0.00 theta   +0.0 elt    0 [0mimu  -2.6 Dt    0 LtCy    0 integ.govd   +0.00   +0.00 integ.vbp +0.00 +0.00 omni.gos X     -0.0 ,Y     -0.2. omgD -0.013 omg  +0.00 loop   4975
[0mBatt=23.4 [0mODOM [31mVisionX  +0.00 Y  +0.00 theta   +0.0 elt    0 [0mimu  -2.6 Dt    6 LtCy    3 integ.govd   -0.00   -0.00 integ.vbp -0.00 -0.00 omni.gos X     -0.0 ,Y     -0.2. omgD -0.017 omg  +0.00 loop   5094
[0mBatt=23.4 [0mODOM [31mVisionX  +0.00 Y  +0.00 theta   +0.0 elt    0 [0mimu  -2.6 Dt    0 LtCy    0 integ.govd   +0.00   +0.00 integ.vbp +0.00 +0.00 omni.gos X     +0.0 ,Y     +0.0. omgD +0.000 omg  +0.00 loop   4951
[0mBatt=23.4 [0mODOM [31mVisionX  +0.00 Y  +0.00 theta   +0.0 elt    0 [0mimu  -2.6 Dt    6 LtCy    3 integ.govd   -0.00   -0.00 integ.vbp -0.00 -0.00 omni.gos X     +0.0 ,Y     -0.1. omgD -0.008 omg  +0.00 loop   5106
[0mBatt=23.4 [0mODOM [31mVisionX  +0.00 Y  +0.00 theta   +0.0 elt    0 [0mimu  -2.6 Dt    2 LtCy    1 integ.govd   -0.00   -0.00 integ.vbp -0.00 -0.00 omni.gos X     -0.0 ,Y     -0.1. omgD -0.008 omg  +0.00 loop   4980
[0mBatt=23.4 [0mODOM [31mVisionX  +0.00 Y  +0.00 theta   +0.0 elt    0 [0mimu  -2.6 Dt   10 LtCy    5 integ.govd   +0.00   +0.00 integ.vbp +0.00 +0.00 omni.gos X     +0.0 ,Y     +0.0. omgD +0.000 omg  +0.00 loop   5030
[0mBatt=23.4 [0mODOM [31mVisionX  +0.00 Y  +0.00 theta   +0.0 elt    0 [0mimu  -2.6 Dt    4 LtCy    2 integ.govd   -0.00   -0.00 integ.vbp -0.00 -0.00 omni.gos X     +0.0 ,Y     -0.1. omgD -0.008 omg  +0.00 loop   5011
[0mBatt=23.4 [0mODOM [31mVisionX  +0.00 Y  +0.00 theta   +0.0 elt    0 [0mimu  -2.6 Dt    0 LtCy    0 integ.govd   +0.00   +0.00 integ.vbp +0.00 +0.00 omni.gos X     +0.0 ,Y     +0.0. omgD +0.000 omg  +0.00 loop   4993
[0mBatt=23.4 [0mODOM [31mVisionX  +0.00 Y  +0.00 theta   +0.0 elt    0 [0mimu  -2.6 Dt    6 LtCy    3 integ.govd   +0.00   +0.00 integ.vbp +0.00 +0.00 omni.gos X     +0.0 ,Y     +0.0. omgD +0.000 omg  +0.00 loop   5087
[0mBatt=23.4 [0mODOM [31mVisionX  +0.00 Y  +0.00 theta   +0.0 elt    0 [0mimu  -2.6 Dt    2 LtCy    1 integ.govd   +0.00   -0.00 integ.vbp +0.00 -0.00 omni.gos X     +0.0 ,Y     -0.1. omgD -0.004 omg  +0.00 loop   5015
[0mBatt=23.4 [0mODOM [31mVisionX  +0.00 Y  +0.00 theta   +0.0 elt    0 [0mimu  -2.6 Dt    8 LtCy    4 integ.govd   -0.00   -0.00 integ.vbp -0.00 -0.00 omni.gos X     +0.0 ,Y     -0.1. omgD -0.008 omg  +0.00 loop   5052
[0mBatt=23.4 [0mODOM [31mVisionX  +0.00 Y  +0.00 theta   +0.0 elt    0 [0mimu  -2.6 Dt    4 LtCy    2 integ.govd   -0.00   -0.00 integ.vbp -0.00 -0.00 omni.gos X     -0.0 ,Y     -0.1. omgD -0.008 omg  +0.00 loop   4993
[0mBatt=23.4 [0mODOM [31mVisionX  +0.00 Y  +0.00 theta   +0.0 elt    0 [0mimu  -2.6 Dt    0 LtCy    0 integ.govd   +0.00   +0.00 integ.vbp +0.00 +0.00 omni.gos X     +0.0 ,Y     -0.2. omgD -0.013 omg  +0.00 loop   4980
[0mBatt=23.4 [0mODOM [31mVisionX  +0.00 Y  +0.00 theta   +0.0 elt    0 [0mimu  -2.6 Dt    6 LtCy    3 integ.govd   -0.00   -0.00 integ.vbp -0.00 -0.00 omni.gos X     +0.0 ,Y     -0.1. omgD -0.008 omg  +0.00 loop   5097
[0mBatt=23.4 [0mODOM [31mVisionX  +0.00 Y  +0.00 theta   +0.0 elt    0 [0mimu  -2.6 Dt    2 LtCy    1 integ.govd   -0.00   -0.00 integ.vbp -0.00 -0.00 omni.gos X     -0.0 ,Y     -0.1. omgD -0.004 omg  +0.00 loop   4991
[0mBatt=23.4 [0mODOM [31mVisionX  +0.00 Y  +0.00 theta   +0.0 elt    0 [0mimu  -2.6 Dt    8 LtCy    4 integ.govd   +0.00   +0.00 integ.vbp +0.00 +0.00 omni.gos X     +0.0 ,Y     +0.1. omgD +0.004 omg  +0.00 loop   5034
[0mBatt=23.4 [0mODOM [31mVisionX  +0.00 Y  +0.00 theta   +0.0 elt    0 [0mimu  -2.6 Dt    4 LtCy    2 integ.govd   -0.00   -0.00 integ.vbp -0.00 -0.00 omni.gos X     +0.0 ,Y     -0.1. omgD -0.004 omg  +0.00 loop   4983
[0mBatt=23.4 [0mODOM [31mVisionX  +0.00 Y  +0.00 theta   +0.0 elt    0 [0mimu  -2.6 Dt    0 LtCy    0 integ.govd   +0.00   +0.00 integ.vbp +0.00 +0.00 omni.gos X     +0.0 ,Y     -0.1. omgD -0.006 omg  +0.00 loop   4994
[0mBatt=23.4 [0mODOM [31mVisionX  +0.00 Y  +0.00 theta   +0.0 elt    0 [0mimu  -2.6 Dt    6 LtCy    3 integ.govd   -0.00   -0.00 integ.vbp -0.00 -0.00 omni.gos X     +0.0 ,Y     -0.0. omgD -0.002 omg  +0.00 loop   5058
[0mBatt=23.4 [0mODOM [31mVisionX  +0.00 Y  +0.00 theta   +0.0 elt    0 [0mimu  -2.6 Dt    2 LtCy    1 integ.govd   +0.00   +0.00 integ.vbp +0.00 +0.00 omni.gos X     +0.0 ,Y     +0.0. omgD +0.000 omg  +0.00 loop   4995
[0mBatt=23.4 [0mODOM [31mVisionX  +0.00 Y  +0.00 theta   +0.0 elt    0 [0mimu  -2.6 Dt    8 LtCy    4 integ.govd   -0.00   -0.00 integ.vbp -0.00 -0.00 omni.gos X     -0.0 ,Y     -0.1. omgD -0.011 omg  +0.00 loop   5064
[0mBatt=23.4 [0mODOM [31mVisionX  +0.00 Y  +0.00 theta   +0.0 elt    0 [0mimu  -2.6 Dt    4 LtCy    2 integ.govd   +0.00   -0.00 integ.vbp +0.00 -0.00 omni.gos X     +0.0 ,Y     -0.0. omgD -0.002 omg  +0.00 loop   4992
[0mBatt=23.4 [0mODOM [31mVisionX  +0.00 Y  +0.00 theta   +0.0 elt    0 [0mimu  -2.6 Dt    0 LtCy    0 integ.govd   +0.00   +0.00 integ.vbp +0.00 +0.00 omni.gos X     -0.0 ,Y     -0.1. omgD -0.008 omg  +0.00 loop   4998
[0mBatt=23.4 [0mODOM [31mVisionX  +0.00 Y  +0.00 theta   +0.0 elt    0 [0mimu  -2.6 Dt    6 LtCy    3 integ.govd   +0.00   +0.00 integ.vbp +0.00 +0.00 omni.gos X     +0.0 ,Y     +0.0. omgD +0.000 omg  +0.00 loop   5091
[0mBatt=23.4 [0mODOM [31mVisionX  +0.00 Y  +0.00 theta   +0.0 elt    0 [0mimu  -2.6 Dt    2 LtCy    1 integ.govd   +0.00   -0.00 integ.vbp +0.00 -0.00 omni.gos X     +0.0 ,Y     -0.1. omgD -0.004 omg  +0.00 loop   5020
[0mBatt=23.4 [0mODOM [31mVisionX  +0.00 Y  +0.00 theta   +0.0 elt    0 [0mimu  -2.6 Dt    8 LtCy    4 integ.govd   -0.00   -0.00 integ.vbp -0.00 -0.00 omni.gos X     -0.0 ,Y     -0.1. omgD -0.004 omg  +0.00 loop   5051
[0mBatt=23.4 [0mODOM [31mVisionX  +0.00 Y  +0.00 theta   +0.0 elt    0 [0mimu  -2.6 Dt    4 LtCy    2 integ.govd   -0.00   -0.00 integ.vbp -0.00 -0.00 omni.gos X     -0.0 ,Y     -0.1. omgD -0.008 omg  +0.00 loop   4981
[0mBatt=23.4 [0mODOM [31mVisionX  +0.00 Y  +0.00 theta   +0.0 elt    0 [0mimu  -2.6 Dt    0 LtCy    0 integ.govd   +0.00   +0.00 integ.vbp +0.00 +0.00 omni.gos X     +0.0 ,Y     -0.1. omgD -0.008 omg  +0.00 loop   4983
[0mBatt=23.4 [0mODOM [31mVisionX  +0.00 Y  +0.00 theta   +0.0 elt    0 [0mimu  -2.6 Dt    4 LtCy    2 integ.govd   -0.00   -0.00 integ.vbp -0.00 -0.00 omni.gos X     -0.0 ,Y     -0.1. omgD -0.011 omg  +0.00 loop   5058
[0mBatt=23.4 [0mODOM [31mVisionX  +0.00 Y  +0.00 theta   +0.0 elt    0 [0mimu  -2.6 Dt    2 LtCy    1 integ.govd   -0.00   -0.00 integ.vbp -0.00 -0.00 omni.gos X     -0.0 ,Y     -0.1. omgD -0.008 omg  +0.00 loop   4989
[0mBatt=23.4 [0mODOM [31mVisionX  +0.00 Y  +0.00 theta   +0.0 elt    0 [0mimu  -2.6 Dt    8 LtCy    4 integ.govd   -0.00   -0.00 integ.vbp -0.00 -0.00 omni.gos X     +0.0 ,Y     -0.1. omgD -0.004 omg  +0.00 loop   5060
[0mBatt=23.4 [0mODOM [31mVisionX  +0.00 Y  +0.00 theta   +0.0 elt    0 [0mimu  -2.6 Dt    4 LtCy    2 integ.govd   -0.00   -0.00 integ.vbp -0.00 -0.00 omni.gos X     -0.0 ,Y     -0.1. omgD -0.006 omg  +0.00 loop   4964
[0mBatt=23.4 [0mODOM [31mVisionX  +0.00 Y  +0.00 theta   +0.0 elt    0 [0mimu  -2.6 Dt    0 LtCy    0 integ.govd   +0.00   +0.00 integ.vbp +0.00 +0.00 omni.gos X     -0.0 ,Y     -0.1. omgD -0.008 omg  +0.00 loop   4984
[0mBatt=23.4 [0mODOM [31mVisionX  +0.00 Y  +0.00 theta   +0.0 elt    0 [0mimu  -2.6 Dt    6 LtCy    3 integ.govd   +0.00   -0.00 integ.vbp +0.00 -0.00 omni.gos X     +0.0 ,Y     -0.1. omgD -0.004 omg  +0.00 loop   5095
[0mBatt=23.4 [0mODOM [31mVisionX  +0.00 Y  +0.00 theta   +0.0 elt    0 [0mimu  -2.6 Dt    2 LtCy    1 integ.govd   +0.00   -0.00 integ.vbp +0.00 -0.00 omni.gos X     +0.0 ,Y     -0.1. omgD -0.004 omg  +0.00 loop   4996
[0mBatt=23.4 [0mODOM [31mVisionX  +0.00 Y  +0.00 theta   +0.0 elt    0 [0mimu  -2.6 Dt    8 LtCy    4 integ.govd   +0.00   -0.00 integ.vbp +0.00 -0.00 omni.gos X     +0.0 ,Y     -0.0. omgD -0.002 omg  +0.00 loop   5069
[0mBatt=23.4 [0mODOM [31mVisionX  +0.00 Y  +0.00 theta   +0.0 elt    0 [0mimu  -2.6 Dt    4 LtCy    2 integ.govd   -0.00   -0.00 integ.vbp -0.00 -0.00 omni.gos X     -0.0 ,Y     -0.1. omgD -0.004 omg  +0.00 loop   4993
[0mBatt=23.4 [0mODOM [31mVisionX  +0.00 Y  +0.00 theta   +0.0 elt    0 [0mimu  -2.6 Dt   10 LtCy    5 integ.govd   -0.00   -0.00 integ.vbp -0.00 -0.00 omni.gos X     -0.0 ,Y     -0.2. omgD -0.013 omg  +0.00 loop   5029
[0mBatt=23.4 [0mODOM [31mVisionX  +0.00 Y  +0.00 theta   +0.0 elt    0 [0mimu  -2.6 Dt    4 LtCy    2 integ.govd   -0.00   -0.00 integ.vbp -0.00 -0.00 omni.gos X     -0.0 ,Y     -0.1. omgD -0.011 omg  +0.00 loop   4973
[0mBatt=23.4 [0mODOM [31mVisionX  +0.00 Y  +0.00 theta   +0.0 elt    0 [0mimu  -2.6 Dt    2 LtCy    1 integ.govd   +0.00   -0.00 integ.vbp +0.00 -0.00 omni.gos X     +0.0 ,Y     -0.1. omgD -0.004 omg  +0.00 loop   4986
[0mBatt=23.4 [0mODOM [31mVisionX  +0.00 Y  +0.00 theta   +0.0 elt    0 [0mimu  -2.6 Dt    6 LtCy    3 integ.govd   -0.00   -0.00 integ.vbp -0.00 -0.00 omni.gos X     -0.0 ,Y     -0.2. omgD -0.013 omg  +0.00 loop   5077
[0mBatt=23.4 [0mODOM [31mVisionX  +0.00 Y  +0.00 theta   +0.0 elt    0 [0mimu  -2.6 Dt    2 LtCy    1 integ.govd   -0.00   -0.00 integ.vbp -0.00 -0.00 omni.gos X     -0.0 ,Y     -0.2. omgD -0.013 omg  +0.00 loop   4950
[0mBatt=23.4 [0mODOM [31mVisionX  +0.00 Y  +0.00 theta   +0.0 elt    0 [0mimu  -2.6 Dt    8 LtCy    4 integ.govd   -0.00   -0.00 integ.vbp -0.00 -0.00 omni.gos X     -0.0 ,Y     -0.2. omgD -0.013 omg  +0.00 loop   4992
[0mBatt=23.4 [0mODOM [31mVisionX  +0.00 Y  +0.00 theta   +0.0 elt    0 [0mimu  -2.6 Dt    4 LtCy    2 integ.govd   -0.00   -0.00 integ.vbp -0.00 -0.00 omni.gos X     -0.0 ,Y     -0.2. omgD -0.013 omg  +0.00 loop   5048
[0mBatt=23.4 [0mODOM [31mVisionX  +0.00 Y  +0.00 theta   +0.0 elt    0 [0mimu  -2.6 Dt    0 LtCy    0 integ.govd   +0.00   +0.00 integ.vbp +0.00 +0.00 omni.gos X     +0.0 ,Y     -0.1. omgD -0.004 omg  +0.00 loop   4976
[0mBatt=23.4 [0mODOM [31mVisionX  +0.00 Y  +0.00 theta   +0.0 elt    0 [0mimu  -2.6 Dt    6 LtCy    3 integ.govd   -0.00   -0.00 integ.vbp -0.00 -0.00 omni.gos X     -0.0 ,Y     -0.1. omgD -0.008 omg  +0.00 loop   5092
[0mBatt=23.4 [0mODOM [31mVisionX  +0.00 Y  +0.00 theta   +0.0 elt    0 [0mimu  -2.6 Dt    2 LtCy    1 integ.govd   -0.00   -0.00 integ.vbp -0.00 -0.00 omni.gos X     -0.0 ,Y     -0.1. omgD -0.004 omg  +0.00 loop   4982
[0mBatt=23.4 [0mODOM [31mVisionX  +0.00 Y  +0.00 theta   +0.0 elt    0 [0mimu  -2.6 Dt    8 LtCy    4 integ.govd   +0.00   +0.00 integ.vbp +0.00 +0.00 omni.gos X     +0.0 ,Y     +0.0. omgD +0.000 omg  +0.00 loop   5058
[0mBatt=23.4 [0mODOM [31mVisionX  +0.00 Y  +0.00 theta   +0.0 elt    0 [0mimu  -2.6 Dt    2 LtCy    1 integ.govd   -0.00   -0.00 integ.vbp -0.00 -0.00 omni.gos X     -0.0 ,Y     -0.1. omgD -0.008 omg  +0.00 loop   5002
[0mBatt=23.4 [0mODOM [31mVisionX  +0.00 Y  +0.00 theta   +0.0 elt    0 [0mimu  -2.6 Dt    0 LtCy    0 integ.govd   +0.00   +0.00 integ.vbp +0.00 +0.00 omni.gos X     -0.0 ,Y     -0.2. omgD -0.013 omg  +0.00 loop   4999
[0mBatt=23.4 [0mODOM [31mVisionX  +0.00 Y  +0.00 theta   +0.0 elt    0 [0mimu  -2.6 Dt   16 LtCy    8 integ.govd   -0.00   -0.00 integ.vbp -0.00 -0.00 omni.gos X     +0.0 ,Y     -0.1. omgD -0.004 omg  +0.00 loop   5165
[0mBatt=23.4 [0mODOM [31mVisionX  +0.00 Y  +0.00 theta   +0.0 elt    0 [0mimu  -2.6 Dt   32 LtCy   16 integ.govd   -0.00   -0.00 integ.vbp -0.00 -0.00 omni.gos X     +0.0 ,Y     -0.1. omgD -0.008 omg  +0.00 loop   5106
[0mBatt=23.4 [0mODOM [31mVisionX  +0.00 Y  +0.00 theta   +0.0 elt    0 [0mimu  -2.6 Dt   48 LtCy   24 integ.govd   -0.00   -0.00 integ.vbp -0.00 -0.00 omni.gos X     +0.0 ,Y     +0.0. omgD +0.000 omg  +0.00 loop   5136
[0mBatt=23.4 [0mODOM [31mVisionX  +0.00 Y  +0.00 theta   +0.0 elt    0 [0mimu  -2.6 Dt   56 LtCy   28 integ.govd   -0.00   -0.00 integ.vbp -0.00 -0.00 omni.gos X     -0.0 ,Y     -0.2. omgD -0.013 omg  +0.00 loop   2464
[0mBatt=23.4 [0mODOM [31mVisionX  +0.00 Y  +0.00 theta   +0.0 elt    0 [0mimu  -2.6 Dt   72 LtCy   36 integ.govd   -0.00   -0.01 integ.vbp -0.00 -0.00 omni.gos X     -0.0 ,Y     -0.1. omgD -0.008 omg  +0.00 loop   5107
[0mBatt=23.4 [0mODOM [31mVisionX  +0.00 Y  +0.00 theta   +0.0 elt    0 [0mimu  -2.6 Dt   88 LtCy   44 integ.govd   -0.00   -0.01 integ.vbp -0.00 -0.00 omni.gos X     -0.0 ,Y     -0.1. omgD -0.008 omg  +0.00 loop   5091
[0mBatt=23.4 [0mODOM [31mVisionX  +0.00 Y  +0.00 theta   +0.0 elt    0 [0mimu  -2.6 Dt  104 LtCy   52 integ.govd   -0.00   -0.01 integ.vbp -0.00 -0.00 omni.gos X     -0.0 ,Y     -0.1. omgD -0.004 omg  +0.00 loop   5104
[0mBatt=23.4 [0mODOM [31mVisionX  +0.00 Y  +0.00 theta   +0.0 elt    0 [0mimu  -2.6 Dt  120 LtCy   60 integ.govd   -0.00   -0.01 integ.vbp -0.00 -0.00 omni.gos X     +0.0 ,Y     -0.1. omgD -0.004 omg  +0.00 loop   5110
[0mBatt=23.4 [0mODOM [31mVisionX  +0.00 Y  +0.00 theta   +0.0 elt    0 [0mimu  -2.6 Dt  136 LtCy   68 integ.govd   -0.00   -0.01 integ.vbp -0.00 -0.00 omni.gos X     +0.0 ,Y     +0.1. omgD +0.004 omg  +0.00 loop   5065
[0mBatt=23.4 [0mODOM [31mVisionX  +0.00 Y  +0.00 theta   +0.0 elt    0 [0mimu  -2.6 Dt  152 LtCy   76 integ.govd   -0.00   -0.01 integ.vbp -0.00 -0.00 omni.gos X     -0.0 ,Y     -0.2. omgD -0.013 omg  +0.00 loop   5095
[0mBatt=23.4 [0mODOM [31mVisionX  +0.00 Y  +0.00 theta   +0.0 elt    0 [0mimu  -2.6 Dt  168 LtCy   84 integ.govd   -0.00   -0.01 integ.vbp -0.00 -0.00 omni.gos X     +0.0 ,Y     +0.0. omgD +0.000 omg  +0.00 loop   5084
[0mBatt=23.4 [0mODOM [31mVisionX  +0.00 Y  +0.00 theta   +0.0 elt    0 [0mimu  -2.6 Dt  184 LtCy   92 integ.govd   -0.00   -0.02 integ.vbp -0.00 -0.00 omni.gos X     -0.0 ,Y     -0.1. omgD -0.008 omg  +0.00 loop   5069
[0mBatt=23.4 [0mODOM [31mVisionX  +0.00 Y  +0.00 theta   +0.0 elt    0 [0mimu  -2.6 Dt  200 LtCy  100 integ.govd   -0.00   -0.02 integ.vbp -0.00 -0.00 omni.gos X     -0.0 ,Y     -0.1. omgD -0.008 omg  +0.00 loop   5072
[0mBatt=23.4 [0mODOM [31mVisionX  +0.00 Y  +0.00 theta   +0.0 elt    0 [0mimu  -2.6 Dt  216 LtCy  108 integ.govd   -0.00   -0.02 integ.vbp -0.00 -0.00 omni.gos X     -0.0 ,Y     -0.1. omgD -0.008 omg  +0.00 loop   5069
[0mBatt=23.4 [0mODOM [31mVisionX  +0.00 Y  +0.00 theta   +0.0 elt    0 [0mimu  -2.6 Dt  232 LtCy  116 integ.govd   -0.00   -0.02 integ.vbp -0.00 -0.00 omni.gos X     -0.0 ,Y     -0.1. omgD -0.008 omg  +0.00 loop   5051
[0mBatt=23.4 [0mODOM [31mVisionX  +0.00 Y  +0.00 theta   +0.0 elt    0 [0mimu  -2.6 Dt  248 LtCy  124 integ.govd   -0.00   -0.02 integ.vbp -0.00 -0.00 omni.gos X     -0.0 ,Y     -0.1. omgD -0.008 omg  +0.00 loop   5043
[0mBatt=23.4 [0m[33mODOM [31mVisionX  +0.00 Y  +0.00 theta   +0.0 elt    0 [0mimu  -2.6 Dt  264 LtCy  132 integ.govd   -0.00   -0.02 integ.vbp -0.00 -0.00 omni.gos X     +0.0 ,Y     -0.1. omgD -0.004 omg  +0.00 loop   5036
[0mBatt=23.4 [0m[33mODOM [31mVisionX  +0.00 Y  +0.00 theta   +0.0 elt    0 [0mimu  -2.6 Dt  280 LtCy  140 integ.govd   -0.00   -0.02 integ.vbp -0.00 -0.00 omni.gos X     -0.0 ,Y     -0.2. omgD -0.017 omg  +0.00 loop   4998
[0mBatt=23.4 [0m[33mODOM [31mVisionX  +0.00 Y  +0.00 theta   +0.0 elt    0 [0mimu  -2.6 Dt  296 LtCy  148 integ.govd   -0.00   -0.03 integ.vbp -0.00 -0.00 omni.gos X     +0.0 ,Y     +0.0. omgD +0.000 omg  +0.00 loop   4992
[0mBatt=23.4 [0m[33mODOM [31mVisionX  +0.00 Y  +0.00 theta   +0.0 elt    0 [0mimu  -2.6 Dt  312 LtCy  156 integ.govd   -0.00   -0.03 integ.vbp -0.00 -0.00 omni.gos X     -0.0 ,Y     -0.2. omgD -0.013 omg  +0.00 loop   5023
[0mBatt=23.4 [0m[33mODOM [31mVisionX  +0.00 Y  +0.00 theta   +0.0 elt    0 [0mimu  -2.6 Dt  328 LtCy  164 integ.govd   -0.00   -0.03 integ.vbp -0.00 -0.00 omni.gos X     -0.0 ,Y     -0.1. omgD -0.008 omg  +0.00 loop   5004
[0mBatt=23.4 [0m[33mODOM [31mVisionX  +0.00 Y  +0.00 theta   +0.0 elt    0 [0mimu  -2.6 Dt  344 LtCy  172 integ.govd   -0.00   -0.03 integ.vbp -0.00 -0.00 omni.gos X     +0.0 ,Y     -0.1. omgD -0.008 omg  +0.00 loop   4972
[0mBatt=23.4 [0m[33mODOM [31mVisionX  +0.00 Y  +0.00 theta   +0.0 elt    0 [0mimu  -2.6 Dt  360 LtCy  180 integ.govd   -0.00   -0.03 integ.vbp -0.00 -0.00 omni.gos X     +0.0 ,Y     -0.1. omgD -0.004 omg  +0.00 loop   4994
[0mBatt=23.4 [0m[33mODOM [31mVisionX  +0.00 Y  +0.00 theta   +0.0 elt    0 [0mimu  -2.6 Dt  376 LtCy  188 integ.govd   -0.00   -0.04 integ.vbp -0.00 -0.00 omni.gos X     -0.0 ,Y     -0.2. omgD -0.013 omg  +0.00 loop   5000
[0mBatt=23.4 [0m[33mODOM [31mVisionX  +0.00 Y  +0.00 theta   +0.0 elt    0 [0mimu  -2.6 Dt  392 LtCy  196 integ.govd   -0.00   -0.04 integ.vbp -0.00 -0.00 omni.gos X     -0.0 ,Y     -0.2. omgD -0.013 omg  +0.00 loop   4961
[0mBatt=23.4 [0m[33mODOM [31mVisionX  +0.00 Y  +0.00 theta   +0.0 elt    0 [0mimu  -2.6 Dt  408 LtCy  204 integ.govd   -0.00   -0.04 integ.vbp -0.00 -0.00 omni.gos X     -0.0 ,Y     -0.2. omgD -0.013 omg  +0.00 loop   4970
[0mBatt=23.4 [0m[33mODOM [31mVisionX  +0.00 Y  +0.00 theta   +0.0 elt    0 [0mimu  -2.6 Dt  424 LtCy  212 integ.govd   -0.00   -0.04 integ.vbp -0.00 -0.00 omni.gos X     +0.0 ,Y     -0.1. omgD -0.008 omg  +0.00 loop   4975
[0mBatt=23.4 [0m[33mODOM [31mVisionX  +0.00 Y  +0.00 theta   +0.0 elt    0 [0mimu  -2.6 Dt  440 LtCy  220 integ.govd   -0.00   -0.04 integ.vbp -0.00 -0.00 omni.gos X     +0.0 ,Y     +0.1. omgD +0.004 omg  +0.00 loop   4968
[0mBatt=23.4 [0m[33mODOM [31mVisionX  +0.00 Y  +0.00 theta   +0.0 elt    0 [0mimu  -2.6 Dt  456 LtCy  228 integ.govd   -0.00   -0.05 integ.vbp -0.00 -0.00 omni.gos X     -0.0 ,Y     -0.1. omgD -0.004 omg  +0.00 loop   4954
[0mBatt=23.4 [0m[33mODOM [31mVisionX  +0.00 Y  +0.00 theta   +0.0 elt    0 [0mimu  -2.6 Dt  472 LtCy  236 integ.govd   -0.00   -0.05 integ.vbp -0.00 -0.00 omni.gos X     -0.0 ,Y     -0.2. omgD -0.013 omg  +0.00 loop   4955
[0mBatt=23.4 [0m[33mODOM [31mVisionX  +0.00 Y  +0.00 theta   +0.0 elt    0 [0mimu  -2.6 Dt  488 LtCy  244 integ.govd   -0.00   -0.05 integ.vbp -0.00 -0.00 omni.gos X     -0.0 ,Y     -0.1. omgD -0.008 omg  +0.00 loop   4959
[0mBatt=23.4 [0m[33mODOM [31mVisionX  +0.00 Y  +0.00 theta   +0.0 elt    0 [0mimu  -2.6 Dt  504 LtCy  252 integ.govd   -0.00   -0.05 integ.vbp -0.00 -0.00 omni.gos X     +0.0 ,Y     -0.1. omgD -0.008 omg  +0.00 loop   4915
[0mBatt=23.4 [0m[33mODOM [31mVisionX  +0.00 Y  +0.00 theta   +0.0 elt    0 [0mimu  -2.6 Dt  520 LtCy  260 integ.govd   -0.00   -0.05 integ.vbp -0.00 -0.00 omni.gos X     +0.0 ,Y     +0.0. omgD +0.000 omg  +0.00 loop   4960
[0mBatt=23.4 [0m[33mODOM [31mVisionX  +0.00 Y  +0.00 theta   +0.0 elt    0 [0mimu  -2.6 Dt  536 LtCy  268 integ.govd   -0.00   -0.05 integ.vbp -0.00 -0.00 omni.gos X     -0.0 ,Y     -0.1. omgD -0.008 omg  +0.00 loop   4956
[0mBatt=23.4 [0m[33mODOM [31mVisionX  +0.00 Y  +0.00 theta   +0.0 elt    0 [0mimu  -2.6 Dt  552 LtCy  276 integ.govd   -0.00   -0.05 integ.vbp -0.00 -0.00 omni.gos X     -0.0 ,Y     -0.3. omgD -0.021 omg  +0.00 loop   4908
[0mBatt=23.4 [0m[33mODOM [31mVisionX  +0.00 Y  +0.00 theta   +0.0 elt    0 [0mimu  -2.6 Dt  568 LtCy  284 integ.govd   -0.00   -0.06 integ.vbp -0.00 -0.00 omni.gos X     -0.0 ,Y     -0.1. omgD -0.008 omg  +0.00 loop   4926
[0mBatt=23.4 [0m[33mODOM [31mVisionX  +0.00 Y  +0.00 theta   +0.0 elt    0 [0mimu  -2.6 Dt  584 LtCy  292 integ.govd   -0.00   -0.06 integ.vbp -0.00 -0.00 omni.gos X     -0.0 ,Y     -0.2. omgD -0.013 omg  +0.00 loop   4919
[0mBatt=23.4 [0m[33mODOM [31mVisionX  +0.00 Y  +0.00 theta   +0.0 elt    0 [0mimu  -2.6 Dt  600 LtCy  300 integ.govd   -0.00   -0.06 integ.vbp -0.00 -0.00 omni.gos X     +0.0 ,Y     -0.1. omgD -0.008 omg  +0.00 loop   4908
[0mBatt=23.4 [0m[33mODOM [31mVisionX  +0.00 Y  +0.00 theta   +0.0 elt    0 [0mimu  -2.6 Dt  616 LtCy  308 integ.govd   -0.00   -0.06 integ.vbp -0.00 -0.00 omni.gos X     -0.0 ,Y     -0.1. omgD -0.008 omg  +0.00 loop   4900
[0mBatt=23.4 [0m[33mODOM [31mVisionX  +0.00 Y  +0.00 theta   +0.0 elt    0 [0mimu  -2.6 Dt  632 LtCy  316 integ.govd   -0.00   -0.06 integ.vbp -0.00 -0.00 omni.gos X     -0.0 ,Y     -0.1. omgD -0.008 omg  +0.00 loop   4909
[0mBatt=23.4 [0m[33mODOM [31mVisionX  +0.00 Y  +0.00 theta   +0.0 elt    0 [0mimu  -2.6 Dt  648 LtCy  324 integ.govd   -0.00   -0.06 integ.vbp -0.00 -0.00 omni.gos X     +0.0 ,Y     -0.1. omgD -0.004 omg  +0.00 loop   4900
[0mBatt=23.4 [0m[33mODOM [31mVisionX  +0.00 Y  +0.00 theta   +0.0 elt    0 [0mimu  -2.6 Dt  664 LtCy  332 integ.govd   -0.00   -0.07 integ.vbp -0.00 -0.00 omni.gos X     +0.0 ,Y     -0.1. omgD -0.004 omg  +0.00 loop   4883
[0mBatt=23.4 [0m[33mODOM [31mVisionX  +0.00 Y  +0.00 theta   +0.0 elt    0 [0mimu  -2.6 Dt  680 LtCy  340 integ.govd   -0.00   -0.07 integ.vbp -0.00 -0.00 omni.gos X     +0.0 ,Y     +0.0. omgD +0.000 omg  +0.00 loop   4905
[0mBatt=23.4 [0m[33mODOM [31mVisionX  +0.00 Y  +0.00 theta   +0.0 elt    0 [0mimu  -2.6 Dt  696 LtCy  348 integ.govd   -0.00   -0.07 integ.vbp -0.00 -0.00 omni.gos X     -0.0 ,Y     -0.3. omgD -0.026 omg  +0.00 loop   4897
[0mBatt=23.4 [0m[33mODOM [31mVisionX  +0.00 Y  +0.00 theta   +0.0 elt    0 [0mimu  -2.6 Dt  712 LtCy  356 integ.govd   -0.00   -0.07 integ.vbp -0.00 -0.00 omni.gos X     +0.0 ,Y     -0.1. omgD -0.008 omg  +0.00 loop   4854
[0mBatt=23.4 [0m[33mODOM [31mVisionX  +0.00 Y  +0.00 theta   +0.0 elt    0 [0mimu  -2.6 Dt  728 LtCy  364 integ.govd   -0.00   -0.07 integ.vbp -0.00 -0.00 omni.gos X     -0.0 ,Y     -0.2. omgD -0.013 omg  +0.00 loop   4884
[0mBatt=23.4 [0m[33mODOM [31mVisionX  +0.00 Y  +0.00 theta   +0.0 elt    0 [0mimu  -2.6 Dt  744 LtCy  372 integ.govd   -0.00   -0.07 integ.vbp -0.00 -0.00 omni.gos X     +0.0 ,Y     -0.1. omgD -0.004 omg  +0.00 loop   4873
[0mBatt=23.4 [0m[33mODOM [31mVisionX  +0.00 Y  +0.00 theta   +0.0 elt    0 [0mimu  -2.6 Dt  760 LtCy  380 integ.govd   -0.00   -0.07 integ.vbp -0.00 -0.00 omni.gos X     -0.0 ,Y     -0.1. omgD -0.004 omg  +0.00 loop   4854
[0mBatt=23.4 [0m[33mODOM [31mVisionX  +0.00 Y  +0.00 theta   +0.0 elt    0 [0mimu  -2.6 Dt  776 LtCy  388 integ.govd   -0.00   -0.08 integ.vbp -0.00 -0.00 omni.gos X     -0.0 ,Y     -0.1. omgD -0.008 omg  +0.00 loop   4860
[0mBatt=23.4 [0m[33mODOM [31mVisionX  +0.00 Y  +0.00 theta   +0.0 elt    0 [0mimu  -2.6 Dt  792 LtCy  396 integ.govd   -0.00   -0.08 integ.vbp -0.00 -0.00 omni.gos X     -0.0 ,Y     -0.1. omgD -0.008 omg  +0.00 loop   4867
[0mBatt=23.4 [0m[33mODOM [31mVisionX  +0.00 Y  +0.00 theta   +0.0 elt    0 [0mimu  -2.6 Dt  808 LtCy  404 integ.govd   -0.00   -0.08 integ.vbp -0.00 -0.00 omni.gos X     -0.0 ,Y     -0.2. omgD -0.013 omg  +0.00 loop   4839
[0mBatt=23.4 [0m[33mODOM [31mVisionX  +0.00 Y  +0.00 theta   +0.0 elt    0 [0mimu  -2.6 Dt  824 LtCy  412 integ.govd   -0.00   -0.08 integ.vbp -0.00 -0.00 omni.gos X     -0.0 ,Y     -0.2. omgD -0.013 omg  +0.00 loop   4834
[0mBatt=23.4 [0m[33mODOM [31mVisionX  +0.00 Y  +0.00 theta   +0.0 elt    0 [0mimu  -2.6 Dt  840 LtCy  420 integ.govd   -0.00   -0.08 integ.vbp -0.00 -0.00 omni.gos X     -0.0 ,Y     -0.1. omgD -0.008 omg  +0.00 loop   4848
[0mBatt=23.4 [0m[33mODOM [31mVisionX  +0.00 Y  +0.00 theta   +0.0 elt    0 [0mimu  -2.6 Dt  856 LtCy  428 integ.govd   -0.00   -0.08 integ.vbp -0.00 -0.00 omni.gos X     -0.0 ,Y     -0.1. omgD -0.008 omg  +0.00 loop   4839
[0mBatt=23.4 [0m[33mODOM [31mVisionX  +0.00 Y  +0.00 theta   +0.0 elt    0 [0mimu  -2.6 Dt  872 LtCy  436 integ.govd   -0.00   -0.09 integ.vbp -0.00 -0.00 omni.gos X     -0.0 ,Y     -0.1. omgD -0.004 omg  +0.00 loop   4799
[0mBatt=23.4 [0m[33mODOM [31mVisionX  +0.00 Y  +0.00 theta   +0.0 elt    0 [0mimu  -2.6 Dt  888 LtCy  444 integ.govd   -0.00   -0.09 integ.vbp -0.00 -0.00 omni.gos X     -0.0 ,Y     -0.2. omgD -0.017 omg  +0.00 loop   4832
[0mBatt=23.4 [0m[33mODOM [31mVisionX  +0.00 Y  +0.00 theta   +0.0 elt    0 [0mimu  -2.6 Dt  904 LtCy  452 integ.govd   -0.00   -0.09 integ.vbp -0.00 -0.00 omni.gos X     +0.0 ,Y     -0.1. omgD -0.004 omg  +0.00 loop   4825
[0mBatt=23.4 [0m[33mODOM [31mVisionX  +0.00 Y  +0.00 theta   +0.0 elt    0 [0mimu  -2.6 Dt  920 LtCy  460 integ.govd   -0.00   -0.09 integ.vbp -0.00 -0.00 omni.gos X     -0.0 ,Y     -0.1. omgD -0.008 omg  +0.00 loop   4795
[0mBatt=23.4 [0m[33mODOM [31mVisionX  +0.00 Y  +0.00 theta   +0.0 elt    0 [0mimu  -2.6 Dt  936 LtCy  468 integ.govd   -0.00   -0.09 integ.vbp -0.00 -0.00 omni.gos X     +0.0 ,Y     -0.1. omgD -0.004 omg  +0.00 loop   4822
[0mBatt=23.4 [0m[33mODOM [31mVisionX  +0.00 Y  +0.00 theta   +0.0 elt    0 [0mimu  -2.6 Dt  952 LtCy  476 integ.govd   -0.00   -0.10 integ.vbp -0.00 -0.00 omni.gos X     +0.0 ,Y     -0.1. omgD -0.004 omg  +0.00 loop   4811
[0mBatt=23.4 [0m[33mODOM [31mVisionX  +0.00 Y  +0.00 theta   +0.0 elt    0 [0mimu  -2.6 Dt  968 LtCy  484 integ.govd   -0.00   -0.10 integ.vbp -0.00 -0.00 omni.gos X     +0.0 ,Y     -0.1. omgD -0.004 omg  +0.00 loop   4797
[0mBatt=23.4 [0m[33mODOM [31mVisionX  +0.00 Y  +0.00 theta   +0.0 elt    0 [0mimu  -2.6 Dt  984 LtCy  492 integ.govd   -0.00   -0.10 integ.vbp -0.00 -0.00 omni.gos X     -0.0 ,Y     -0.1. omgD -0.011 omg  +0.00 loop   4791
[0mBatt=23.4 [0m[33mODOM [31mVisionX  +0.00 Y  +0.00 theta   +0.0 elt    0 [0mimu  -2.6 Dt 1000 LtCy  500 integ.govd   -0.00   -0.10 integ.vbp -0.00 -0.00 omni.gos X     -0.0 ,Y     -0.1. omgD -0.008 omg  +0.00 loop   4792
[0mBatt=23.4 [0m[33mODOM [31mVisionX  +0.00 Y  +0.00 theta   +0.0 elt    0 [0mimu  -2.6 Dt 1016 LtCy  508 integ.govd   -0.00   -0.10 integ.vbp -0.00 -0.00 omni.gos X     +0.0 ,Y     -0.1. omgD -0.004 omg  +0.00 loop   4783
[0mBatt=23.4 [0m[33mODOM [31mVisionX  +0.00 Y  +0.00 theta   +0.0 elt    0 [0mimu  -2.7 Dt 1032 LtCy  516 integ.govd   -0.00   -0.10 integ.vbp -0.00 -0.00 omni.gos X     -0.0 ,Y     -0.2. omgD -0.013 omg  +0.00 loop   4766
[0mBatt=23.4 [0m[33mODOM [31mVisionX  +0.00 Y  +0.00 theta   +0.0 elt    0 [0mimu  -2.7 Dt 1048 LtCy  524 integ.govd   -0.00   -0.11 integ.vbp -0.00 -0.00 omni.gos X     -0.0 ,Y     -0.1. omgD -0.004 omg  +0.00 loop   4791
[0mBatt=23.4 [0m[33mODOM [31mVisionX  +0.00 Y  +0.00 theta   +0.0 elt    0 [0mimu  -2.7 Dt 1056 LtCy  528 integ.govd   -0.00   -0.11 integ.vbp -0.00 -0.00 omni.gos X     -0.0 ,Y     -0.1. omgD -0.004 omg  +0.00 loop   2276
[0mBatt=23.4 [0m[33mODOM [31mVisionX  +0.00 Y  +0.00 theta   +0.0 elt    0 [0mimu  -2.7 Dt 1072 LtCy  536 integ.govd   -0.00   -0.11 integ.vbp -0.00 -0.00 omni.gos X     +0.0 ,Y     +0.0. omgD +0.000 omg  +0.00 loop   4756
[0mBatt=23.4 [0m[33mODOM [31mVisionX  +0.00 Y  +0.00 theta   +0.0 elt    0 [0mimu  -2.7 Dt 1088 LtCy  544 integ.govd   -0.00   -0.11 integ.vbp -0.00 -0.00 omni.gos X     -0.0 ,Y     -0.1. omgD -0.011 omg  +0.00 loop   4763
[0mBatt=23.4 [0m[33mODOM [31mVisionX  +0.00 Y  +0.00 theta   +0.0 elt    0 [0mimu  -2.7 Dt 1104 LtCy  552 integ.govd   -0.01   -0.11 integ.vbp -0.00 -0.00 omni.gos X     +0.0 ,Y     -0.1. omgD -0.011 omg  +0.00 loop   4761
[0mBatt=23.4 [0m[33mODOM [31mVisionX  +0.00 Y  +0.00 theta   +0.0 elt    0 [0mimu  -2.7 Dt 1120 LtCy  560 integ.govd   -0.01   -0.11 integ.vbp -0.00 -0.00 omni.gos X     -0.0 ,Y     -0.1. omgD -0.008 omg  +0.00 loop   4766
[0mBatt=23.4 [0m[33mODOM [31mVisionX  +0.00 Y  +0.00 theta   +0.0 elt    0 [0mimu  -2.7 Dt 1136 LtCy  568 integ.govd   -0.01   -0.11 integ.vbp -0.00 -0.00 omni.gos X     -0.0 ,Y     -0.1. omgD -0.006 omg  +0.00 loop   4722
[0mBatt=23.4 [0m[33mODOM [31mVisionX  +0.00 Y  +0.00 theta   +0.0 elt    0 [0mimu  -2.7 Dt 1152 LtCy  576 integ.govd   -0.01   -0.11 integ.vbp -0.00 -0.00 omni.gos X     +0.0 ,Y     -0.1. omgD -0.008 omg  +0.00 loop   4747
[0mBatt=23.4 [0m[33mODOM [31mVisionX  +0.00 Y  +0.00 theta   +0.0 elt    0 [0mimu  -2.7 Dt 1168 LtCy  584 integ.govd   -0.01   -0.12 integ.vbp -0.00 -0.00 omni.gos X     +0.0 ,Y     -0.1. omgD -0.008 omg  +0.00 loop   4754
[0mBatt=23.4 [0m[33mODOM [31mVisionX  +0.00 Y  +0.00 theta   +0.0 elt    0 [0mimu  -2.7 Dt 1184 LtCy  592 integ.govd   -0.01   -0.12 integ.vbp -0.00 -0.00 omni.gos X     +0.0 ,Y     -0.1. omgD -0.008 omg  +0.00 loop   4711
[0mBatt=23.4 [0m[33mODOM [31mVisionX  +0.00 Y  +0.00 theta   +0.0 elt    0 [0mimu  -2.7 Dt 1200 LtCy  600 integ.govd   -0.01   -0.12 integ.vbp -0.00 -0.00 omni.gos X     -0.0 ,Y     -0.1. omgD -0.006 omg  +0.00 loop   4744
[0mBatt=23.4 [0m[33mODOM [31mVisionX  +0.00 Y  +0.00 theta   +0.0 elt    0 [0mimu  -2.7 Dt 1216 LtCy  608 integ.govd   -0.01   -0.12 integ.vbp -0.00 -0.00 omni.gos X     -0.0 ,Y     -0.0. omgD -0.002 omg  +0.00 loop   4731
[0mBatt=23.4 [0m[33mODOM [31mVisionX  +0.00 Y  +0.00 theta   +0.0 elt    0 [0mimu  -2.7 Dt 1232 LtCy  616 integ.govd   -0.01   -0.12 integ.vbp -0.00 -0.00 omni.gos X     +0.0 ,Y     -0.0. omgD -0.002 omg  +0.00 loop   4702
[0mBatt=23.4 [0m[33mODOM [31mVisionX  +0.00 Y  +0.00 theta   +0.0 elt    0 [0mimu  -2.7 Dt 1248 LtCy  624 integ.govd   -0.01   -0.12 integ.vbp -0.00 -0.00 omni.gos X     -0.0 ,Y     -0.1. omgD -0.004 omg  +0.00 loop   4713
[0mBatt=23.4 [0m[33mODOM [31mVisionX  +0.00 Y  +0.00 theta   +0.0 elt    0 [0mimu  -2.7 Dt 1264 LtCy  632 integ.govd   -0.01   -0.12 integ.vbp -0.00 -0.00 omni.gos X     +0.0 ,Y     -0.1. omgD -0.011 omg  +0.00 loop   4715
[0mBatt=23.4 [0m[33mODOM [31mVisionX  +0.00 Y  +0.00 theta   +0.0 elt    0 [0mimu  -2.7 Dt 1280 LtCy  640 integ.govd   -0.01   -0.13 integ.vbp -0.00 -0.00 omni.gos X     -0.0 ,Y     -0.2. omgD -0.015 omg  +0.00 loop   4699
[0mBatt=23.4 [0m[33mODOM [31mVisionX  +0.00 Y  +0.00 theta   +0.0 elt    0 [0mimu  -2.7 Dt 1296 LtCy  648 integ.govd   -0.01   -0.13 integ.vbp -0.00 -0.00 omni.gos X     -0.0 ,Y     -0.1. omgD -0.004 omg  +0.00 loop   4689
[0mBatt=23.4 [0m[33mODOM [31mVisionX  +0.00 Y  +0.00 theta   +0.0 elt    0 [0mimu  -2.7 Dt 1312 LtCy  656 integ.govd   -0.01   -0.13 integ.vbp -0.00 -0.00 omni.gos X     -0.0 ,Y     -0.1. omgD -0.004 omg  +0.00 loop   4712
[0mBatt=23.4 [0m[33mODOM [31mVisionX  +0.00 Y  +0.00 theta   +0.0 elt    0 [0mimu  -2.7 Dt 1328 LtCy  664 integ.govd   -0.01   -0.13 integ.vbp -0.00 -0.00 omni.gos X     +0.0 ,Y     -0.1. omgD -0.004 omg  +0.00 loop   4687
[0mBatt=23.4 [0m[33mODOM [31mVisionX  +0.00 Y  +0.00 theta   +0.0 elt    0 [0mimu  -2.7 Dt 1344 LtCy  672 integ.govd   -0.01   -0.13 integ.vbp -0.00 -0.00 omni.gos X     +0.0 ,Y     -0.1. omgD -0.008 omg  +0.00 loop   4671
[0mBatt=23.4 [0m[33mODOM [31mVisionX  +0.00 Y  +0.00 theta   +0.0 elt    0 [0mimu  -2.7 Dt 1360 LtCy  680 integ.govd   -0.01   -0.13 integ.vbp -0.00 -0.00 omni.gos X     +0.0 ,Y     -0.1. omgD -0.008 omg  +0.00 loop   4691
[0mBatt=23.4 [0m[33mODOM [31mVisionX  +0.00 Y  +0.00 theta   +0.0 elt    0 [0mimu  -2.7 Dt 1376 LtCy  688 integ.govd   -0.01   -0.14 integ.vbp -0.00 -0.00 omni.gos X     -0.0 ,Y     -0.1. omgD -0.008 omg  +0.00 loop   4690
[0mBatt=23.4 [0m[33mODOM [31mVisionX  +0.00 Y  +0.00 theta   +0.0 elt    0 [0mimu  -2.7 Dt 1392 LtCy  696 integ.govd   -0.01   -0.14 integ.vbp -0.00 -0.00 omni.gos X     -0.0 ,Y     -0.2. omgD -0.013 omg  +0.00 loop   4643
[0mBatt=23.4 [0m[33mODOM [31mVisionX  +0.00 Y  +0.00 theta   +0.0 elt    0 [0mimu  -2.7 Dt 1408 LtCy  704 integ.govd   -0.01   -0.14 integ.vbp -0.00 -0.00 omni.gos X     -0.0 ,Y     -0.1. omgD -0.004 omg  +0.00 loop   4664
[0mBatt=23.4 [0m[33mODOM [31mVisionX  +0.00 Y  +0.00 theta   +0.0 elt    0 [0mimu  -2.7 Dt 1424 LtCy  712 integ.govd   -0.01   -0.14 integ.vbp -0.00 -0.00 omni.gos X     +0.0 ,Y     -0.1. omgD -0.008 omg  +0.00 loop   4668
[0mBatt=23.4 [0m[33mODOM [31mVisionX  +0.00 Y  +0.00 theta   +0.0 elt    0 [0mimu  -2.7 Dt 1440 LtCy  720 integ.govd   -0.01   -0.14 integ.vbp -0.00 -0.00 omni.gos X     +0.0 ,Y     -0.1. omgD -0.008 omg  +0.00 loop   4645
[0mBatt=23.4 [0m[33mODOM [31mVisionX  +0.00 Y  +0.00 theta   +0.0 elt    0 [0mimu  -2.7 Dt 1456 LtCy  728 integ.govd   -0.01   -0.14 integ.vbp -0.00 -0.00 omni.gos X     +0.0 ,Y     -0.1. omgD -0.004 omg  +0.00 loop   4655
[0mBatt=23.4 [0m[33mODOM [31mVisionX  +0.00 Y  +0.00 theta   +0.0 elt    0 [0mimu  -2.7 Dt 1472 LtCy  736 integ.govd   -0.01   -0.14 integ.vbp -0.00 -0.00 omni.gos X     +0.0 ,Y     +0.0. omgD +0.000 omg  +0.00 loop   4657
[0mBatt=23.4 [0m[33mODOM [31mVisionX  +0.00 Y  +0.00 theta   +0.0 elt    0 [0mimu  -2.7 Dt 1488 LtCy  744 integ.govd   -0.01   -0.14 integ.vbp -0.00 -0.00 omni.gos X     -0.0 ,Y     -0.2. omgD -0.013 omg  +0.00 loop   4656
[0mBatt=23.4 [0m[33mODOM [31mVisionX  +0.00 Y  +0.00 theta   +0.0 elt    0 [0mimu  -2.7 Dt 1504 LtCy  752 integ.govd   -0.01   -0.15 integ.vbp -0.00 -0.00 omni.gos X     -0.0 ,Y     -0.2. omgD -0.017 omg  +0.00 loop   4615
[0mBatt=23.4 [0m[33mODOM [31mVisionX  +0.00 Y  +0.00 theta   +0.0 elt    0 [0mimu  -2.7 Dt 1520 LtCy  760 integ.govd   -0.01   -0.15 integ.vbp -0.00 -0.00 omni.gos X     -0.0 ,Y     -0.2. omgD -0.013 omg  +0.00 loop   4629
[0mBatt=23.4 [0m[33mODOM [31mVisionX  +0.00 Y  +0.00 theta   +0.0 elt    0 [0mimu  -2.7 Dt 1536 LtCy  768 integ.govd   -0.01   -0.15 integ.vbp -0.00 -0.00 omni.gos X     -0.0 ,Y     -0.1. omgD -0.008 omg  +0.00 loop   4632
[0mBatt=23.4 [0m[33mODOM [31mVisionX  +0.00 Y  +0.00 theta   +0.0 elt    0 [0mimu  -2.7 Dt 1552 LtCy  776 integ.govd   -0.01   -0.15 integ.vbp -0.00 -0.00 omni.gos X     -0.0 ,Y     -0.2. omgD -0.017 omg  +0.00 loop   4587
[0mBatt=23.4 [0m[33mODOM [31mVisionX  +0.00 Y  +0.00 theta   +0.0 elt    0 [0mimu  -2.7 Dt 1568 LtCy  784 integ.govd   -0.01   -0.15 integ.vbp -0.00 -0.00 omni.gos X     -0.0 ,Y     -0.1. omgD -0.008 omg  +0.00 loop   4633
[0mBatt=23.4 [0m[33mODOM [31mVisionX  +0.00 Y  +0.00 theta   +0.0 elt    0 [0mimu  -2.7 Dt 1584 LtCy  792 integ.govd   -0.01   -0.16 integ.vbp -0.00 -0.00 omni.gos X     +0.0 ,Y     -0.1. omgD -0.008 omg  +0.00 loop   4608
[0mBatt=23.4 [0m[33mODOM [31mVisionX  +0.00 Y  +0.00 theta   +0.0 elt    0 [0mimu  -2.7 Dt 1600 LtCy  800 integ.govd   -0.01   -0.16 integ.vbp -0.00 -0.00 omni.gos X     +0.0 ,Y     -0.1. omgD -0.004 omg  +0.00 loop   4605
[0mBatt=23.4 [0m[33mODOM [31mVisionX  +0.00 Y  +0.00 theta   +0.0 elt    0 [0mimu  -2.7 Dt 1616 LtCy  808 integ.govd   -0.01   -0.16 integ.vbp -0.00 -0.00 omni.gos X     -0.0 ,Y     -0.1. omgD -0.008 omg  +0.00 loop   4601
[0mBatt=23.4 [0m[33mODOM [31mVisionX  +0.00 Y  +0.00 theta   +0.0 elt    0 [0mimu  -2.7 Dt 1632 LtCy  816 integ.govd   -0.01   -0.16 integ.vbp -0.00 -0.00 omni.gos X     -0.0 ,Y     -0.1. omgD -0.008 omg  +0.00 loop   4599
[0mBatt=23.4 [0m[33mODOM [31mVisionX  +0.00 Y  +0.00 theta   +0.0 elt    0 [0mimu  -2.7 Dt 1648 LtCy  824 integ.govd   -0.01   -0.16 integ.vbp -0.00 -0.00 omni.gos X     -0.0 ,Y     -0.2. omgD -0.013 omg  +0.00 loop   4583
[0mBatt=23.4 [0m[33mODOM [31mVisionX  +0.00 Y  +0.00 theta   +0.0 elt    0 [0mimu  -2.7 Dt 1664 LtCy  832 integ.govd   -0.01   -0.16 integ.vbp -0.00 -0.00 omni.gos X     +0.0 ,Y     -0.1. omgD -0.004 omg  +0.00 loop   4567
[0mBatt=23.4 [0m[33mODOM [31mVisionX  +0.00 Y  +0.00 theta   +0.0 elt    0 [0mimu  -2.7 Dt 1680 LtCy  840 integ.govd   -0.01   -0.17 integ.vbp -0.00 -0.00 omni.gos X     +0.0 ,Y     -0.1. omgD -0.004 omg  +0.00 loop   4605
[0mBatt=23.4 [0m[33mODOM [31mVisionX  +0.00 Y  +0.00 theta   +0.0 elt    0 [0mimu  -2.7 Dt 1696 LtCy  848 integ.govd   -0.01   -0.17 integ.vbp -0.00 -0.00 omni.gos X     -0.0 ,Y     -0.1. omgD -0.004 omg  +0.00 loop   4571
[0mBatt=23.4 [0m[33mODOM [31mVisionX  +0.00 Y  +0.00 theta   +0.0 elt    0 [0mimu  -2.7 Dt 1712 LtCy  856 integ.govd   -0.01   -0.17 integ.vbp -0.00 -0.00 omni.gos X     -0.0 ,Y     -0.2. omgD -0.013 omg  +0.00 loop   4537
[0mBatt=23.4 [0m[33mODOM [31mVisionX  +0.00 Y  +0.00 theta   +0.0 elt    0 [0mimu  -2.7 Dt 1728 LtCy  864 integ.govd   -0.01   -0.17 integ.vbp -0.00 -0.00 omni.gos X     +0.0 ,Y     +0.0. omgD +0.000 omg  +0.00 loop   4574
[0mBatt=23.4 [0m[33mODOM [31mVisionX  +0.00 Y  +0.00 theta   +0.0 elt    0 [0mimu  -2.7 Dt 1744 LtCy  872 integ.govd   -0.01   -0.17 integ.vbp -0.00 -0.00 omni.gos X     -0.0 ,Y     -0.2. omgD -0.017 omg  +0.00 loop   4581
[0mBatt=23.4 [0m[33mODOM [31mVisionX  +0.00 Y  +0.00 theta   +0.0 elt    0 [0mimu  -2.7 Dt 1760 LtCy  880 integ.govd   -0.01   -0.17 integ.vbp -0.00 -0.00 omni.gos X     +0.0 ,Y     +0.0. omgD +0.000 omg  +0.00 loop   4528
[0mBatt=23.4 [0m[33mODOM [31mVisionX  +0.00 Y  +0.00 theta   +0.0 elt    0 [0mimu  -2.7 Dt 1776 LtCy  888 integ.govd   -0.01   -0.17 integ.vbp -0.00 -0.00 omni.gos X     +0.0 ,Y     -0.1. omgD -0.004 omg  +0.00 loop   4562
[0mBatt=23.4 [0m[33mODOM [31mVisionX  +0.00 Y  +0.00 theta   +0.0 elt    0 [0mimu  -2.7 Dt 1792 LtCy  896 integ.govd   -0.01   -0.18 integ.vbp -0.00 -0.00 omni.gos X     -0.0 ,Y     -0.1. omgD -0.008 omg  +0.00 loop   4564
[0mBatt=23.4 [0m[33mODOM [31mVisionX  +0.00 Y  +0.00 theta   +0.0 elt    0 [0mimu  -2.7 Dt 1808 LtCy  904 integ.govd   -0.01   -0.18 integ.vbp -0.00 -0.00 omni.gos X     +0.0 ,Y     -0.1. omgD -0.004 omg  +0.00 loop   4517
[0mBatt=23.4 [0m[33mODOM [31mVisionX  +0.00 Y  +0.00 theta   +0.0 elt    0 [0mimu  -2.7 Dt 1824 LtCy  912 integ.govd   -0.01   -0.18 integ.vbp -0.00 -0.00 omni.gos X     +0.0 ,Y     +0.0. omgD +0.000 omg  +0.00 loop   4550
[0mBatt=23.4 [0m[33mODOM [31mVisionX  +0.00 Y  +0.00 theta   +0.0 elt    0 [0mimu  -2.7 Dt 1840 LtCy  920 integ.govd   -0.01   -0.18 integ.vbp -0.00 -0.00 omni.gos X     +0.0 ,Y     -0.1. omgD -0.004 omg  +0.00 loop   4547
[0mBatt=23.4 [0m[33mODOM [31mVisionX  +0.00 Y  +0.00 theta   +0.0 elt    0 [0mimu  -2.7 Dt 1856 LtCy  928 integ.govd   -0.01   -0.18 integ.vbp -0.00 -0.00 omni.gos X     +0.0 ,Y     -0.1. omgD -0.004 omg  +0.00 loop   4541
[0mBatt=23.4 [0m[33mODOM [31mVisionX  +0.00 Y  +0.00 theta   +0.0 elt    0 [0mimu  -2.7 Dt 1872 LtCy  936 integ.govd   -0.01   -0.18 integ.vbp -0.00 -0.00 omni.gos X     -0.0 ,Y     -0.1. omgD -0.004 omg  +0.00 loop   4514
[0mBatt=23.4 [0m[33mODOM [31mVisionX  +0.00 Y  +0.00 theta   +0.0 elt    0 [0mimu  -2.7 Dt 1888 LtCy  944 integ.govd   -0.01   -0.18 integ.vbp -0.00 -0.00 omni.gos X     -0.0 ,Y     -0.1. omgD -0.004 omg  +0.00 loop   4522
[0mBatt=23.4 [0m[33mODOM [31mVisionX  +0.00 Y  +0.00 theta   +0.0 elt    0 [0mimu  -2.7 Dt 1904 LtCy  952 integ.govd   -0.01   -0.18 integ.vbp -0.00 -0.00 omni.gos X     +0.0 ,Y     -0.1. omgD -0.004 omg  +0.00 loop   4525
[0mBatt=23.4 [0m[33mODOM [31mVisionX  +0.00 Y  +0.00 theta   +0.0 elt    0 [0mimu  -2.7 Dt 1920 LtCy  960 integ.govd   -0.01   -0.18 integ.vbp -0.00 -0.00 omni.gos X     -0.0 ,Y     -0.1. omgD -0.004 omg  +0.00 loop   4476
[0mBatt=23.4 [0m[33mODOM [31mVisionX  +0.00 Y  +0.00 theta   +0.0 elt    0 [0mimu  -2.7 Dt 1936 LtCy  968 integ.govd   -0.01   -0.18 integ.vbp -0.00 -0.00 omni.gos X     -0.0 ,Y     -0.2. omgD -0.013 omg  +0.00 loop   4523
[0mBatt=23.4 [0m[33mODOM [31mVisionX  +0.00 Y  +0.00 theta   +0.0 elt    0 [0mimu  -2.7 Dt 1952 LtCy  976 integ.govd   -0.01   -0.19 integ.vbp -0.00 -0.00 omni.gos X     +0.0 ,Y     +0.0. omgD +0.000 omg  +0.00 loop   4493
[0mBatt=23.4 [0m[33mODOM [31mVisionX  +0.00 Y  +0.00 theta   +0.0 elt    0 [0mimu  -2.7 Dt 1968 LtCy  984 integ.govd   -0.01   -0.19 integ.vbp -0.00 -0.00 omni.gos X     -0.0 ,Y     -0.2. omgD -0.013 omg  +0.00 loop   4495
[0mBatt=23.4 [0m[33mODOM [31mVisionX  +0.00 Y  +0.00 theta   +0.0 elt    0 [0mimu  -2.7 Dt 1984 LtCy  992 integ.govd   -0.01   -0.19 integ.vbp -0.00 -0.00 omni.gos X     -0.0 ,Y     -0.2. omgD -0.017 omg  +0.00 loop   4478
[0mBatt=23.4 [0m[33mODOM [31mVisionX  +0.00 Y  +0.00 theta   +0.0 elt    0 [0mimu  -2.7 Dt 2000 LtCy 1000 integ.govd   -0.01   -0.19 integ.vbp -0.00 -0.00 omni.gos X     -0.0 ,Y     -0.1. omgD -0.004 omg  +0.00 loop   4497
[0mBatt=23.4 [0m[33mODOM [31mVisionX  +0.00 Y  +0.00 theta   +0.0 elt    0 [0mimu  -2.7 Dt 2016 LtCy 1008 integ.govd   +0.00   +0.00 integ.vbp +0.00 +0.00 omni.gos X     -0.0 ,Y     -0.2. omgD -0.013 omg  +0.00 loop   5009
[0mBatt=23.4 [0m[33mODOM [31mVisionX  +0.00 Y  +0.00 theta   +0.0 elt    0 [0mimu  -2.7 Dt 2032 LtCy 1016 integ.govd   +0.00   +0.00 integ.vbp +0.00 +0.00 omni.gos X     -0.0 ,Y     -0.3. omgD -0.021 omg  +0.00 loop   5121
[0mBatt=23.4 [0m[33mODOM [31mVisionX  +0.00 Y  +0.00 theta   +0.0 elt    0 [0mimu  -2.7 Dt 2048 LtCy 1024 integ.govd   +0.00   +0.00 integ.vbp +0.00 +0.00 omni.gos X     -0.0 ,Y     -0.2. omgD -0.013 omg  +0.00 loop   5145
[0mBatt=23.4 [0m[33mODOM [31mVisionX  +0.00 Y  +0.00 theta   +0.0 elt    0 [0mimu  -2.7 Dt 2056 LtCy 1028 integ.govd   +0.00   +0.00 integ.vbp +0.00 +0.00 omni.gos X     +0.0 ,Y     -0.1. omgD -0.008 omg  +0.00 loop   2468
[0mBatt=23.4 [0m[33mODOM [31mVisionX  +0.00 Y  +0.00 theta   +0.0 elt    0 [0mimu  -2.7 Dt 2072 LtCy 1036 integ.govd   +0.00   +0.00 integ.vbp +0.00 +0.00 omni.gos X     -0.0 ,Y     -0.2. omgD -0.013 omg  +0.00 loop   5122
[0mBatt=23.4 [0m[33mODOM [31mVisionX  +0.00 Y  +0.00 theta   +0.0 elt    0 [0mimu  -2.7 Dt 2088 LtCy 1044 integ.govd   +0.00   +0.00 integ.vbp +0.00 +0.00 omni.gos X     +0.0 ,Y     -0.1. omgD -0.004 omg  +0.00 loop   5135
[0mBatt=23.4 [0m[33mODOM [31mVisionX  +0.00 Y  +0.00 theta   +0.0 elt    0 [0mimu  -2.7 Dt 2104 LtCy 1052 integ.govd   +0.00   +0.00 integ.vbp +0.00 +0.00 omni.gos X     -0.0 ,Y     -0.1. omgD -0.008 omg  +0.00 loop   5142
[0mBatt=23.4 [0m[33mODOM [31mVisionX  +0.00 Y  +0.00 theta   +0.0 elt    0 [0mimu  -2.7 Dt 2120 LtCy 1060 integ.govd   +0.00   +0.00 integ.vbp +0.00 +0.00 omni.gos X     -0.0 ,Y     -0.2. omgD -0.017 omg  +0.00 loop   5128
[0mBatt=23.4 [0m[33mODOM [31mVisionX  +0.00 Y  +0.00 theta   +0.0 elt    0 [0mimu  -2.7 Dt 2136 LtCy 1068 integ.govd   +0.00   +0.00 integ.vbp +0.00 +0.00 omni.gos X     +0.0 ,Y     -0.1. omgD -0.004 omg  +0.00 loop   5118
[0mBatt=23.4 [0m[33mODOM [31mVisionX  +0.00 Y  +0.00 theta   +0.0 elt    0 [0mimu  -2.7 Dt 2152 LtCy 1076 integ.govd   +0.00   +0.00 integ.vbp +0.00 +0.00 omni.gos X     -0.0 ,Y     -0.3. omgD -0.021 omg  +0.00 loop   5145
[0mBatt=23.4 [0m[33mODOM [31mVisionX  +0.00 Y  +0.00 theta   +0.0 elt    0 [0mimu  -2.7 Dt 2168 LtCy 1084 integ.govd   +0.00   +0.00 integ.vbp +0.00 +0.00 omni.gos X     -0.0 ,Y     -0.1. omgD -0.008 omg  +0.00 loop   5133
[0mBatt=23.4 [0m[33mODOM [31mVisionX  +0.00 Y  +0.00 theta   +0.0 elt    0 [0mimu  -2.7 Dt 2184 LtCy 1092 integ.govd   +0.00   +0.00 integ.vbp +0.00 +0.00 omni.gos X     -0.0 ,Y     -0.1. omgD -0.008 omg  +0.00 loop   5104
[0mBatt=23.4 [0m[33mODOM [31mVisionX  +0.00 Y  +0.00 theta   +0.0 elt    0 [0mimu  -2.7 Dt 2200 LtCy 1100 integ.govd   +0.00   +0.00 integ.vbp +0.00 +0.00 omni.gos X     -0.0 ,Y     -0.1. omgD -0.008 omg  +0.00 loop   5158
[0mBatt=23.4 [0m[33mODOM [31mVisionX  +0.00 Y  +0.00 theta   +0.0 elt    0 [0mimu  -2.7 Dt 2216 LtCy 1108 integ.govd   +0.00   +0.00 integ.vbp +0.00 +0.00 omni.gos X     -0.0 ,Y     -0.1. omgD -0.004 omg  +0.00 loop   5134
[0mBatt=23.4 [0m[33mODOM [31mVisionX  +0.00 Y  +0.00 theta   +0.0 elt    0 [0mimu  -2.7 Dt 2232 LtCy 1116 integ.govd   +0.00   +0.00 integ.vbp +0.00 +0.00 omni.gos X     -0.0 ,Y     -0.1. omgD -0.008 omg  +0.00 loop   5115
[0mBatt=23.4 [0m[33mODOM [31mVisionX  +0.00 Y  +0.00 theta   +0.0 elt    0 [0mimu  -2.7 Dt 2248 LtCy 1124 integ.govd   +0.00   +0.00 integ.vbp +0.00 +0.00 omni.gos X     -0.0 ,Y     -0.2. omgD -0.013 omg  +0.00 loop   5146
[0mBatt=23.4 [0m[33mODOM [31mVisionX  +0.00 Y  +0.00 theta   +0.0 elt    0 [0mimu  -2.7 Dt 2264 LtCy 1132 integ.govd   +0.00   +0.00 integ.vbp +0.00 +0.00 omni.gos X     +0.0 ,Y     +0.0. omgD +0.000 omg  +0.00 loop   5141
[0mBatt=23.4 [0m[33mODOM [31mVisionX  +0.00 Y  +0.00 theta   +0.0 elt    0 [0mimu  -2.7 Dt 2280 LtCy 1140 integ.govd   +0.00   +0.00 integ.vbp +0.00 +0.00 omni.gos X     -0.0 ,Y     -0.2. omgD -0.013 omg  +0.00 loop   5131
[0mBatt=23.4 [0m[33mODOM [31mVisionX  +0.00 Y  +0.00 theta   +0.0 elt    0 [0mimu  -2.7 Dt 2296 LtCy 1148 integ.govd   +0.00   +0.00 integ.vbp +0.00 +0.00 omni.gos X     +0.0 ,Y     -0.2. omgD -0.013 omg  +0.00 loop   5138
[0mBatt=23.4 [0m[33mODOM [31mVisionX  +0.00 Y  +0.00 theta   +0.0 elt    0 [0mimu  -2.7 Dt 2312 LtCy 1156 integ.govd   +0.00   +0.00 integ.vbp +0.00 +0.00 omni.gos X     -0.0 ,Y     -0.1. omgD -0.008 omg  +0.00 loop   5163
[0mBatt=23.4 [0m[33mODOM [31mVisionX  +0.00 Y  +0.00 theta   +0.0 elt    0 [0mimu  -2.7 Dt 2328 LtCy 1164 integ.govd   +0.00   +0.00 integ.vbp +0.00 +0.00 omni.gos X     +0.0 ,Y     -0.1. omgD -0.004 omg  +0.00 loop   5123
[0mBatt=23.4 [0m[33mODOM [31mVisionX  +0.00 Y  +0.00 theta   +0.0 elt    0 [0mimu  -2.7 Dt 2344 LtCy 1172 integ.govd   +0.00   +0.00 integ.vbp +0.00 +0.00 omni.gos X     +0.0 ,Y     +0.0. omgD +0.000 omg  +0.00 loop   5146
[0mBatt=23.4 [0m[33mODOM [31mVisionX  +0.00 Y  +0.00 theta   +0.0 elt    0 [0mimu  -2.7 Dt 2360 LtCy 1180 integ.govd   +0.00   +0.00 integ.vbp +0.00 +0.00 omni.gos X     -0.0 ,Y     -0.1. omgD -0.008 omg  +0.00 loop   5154
[0mBatt=23.4 [0m[33mODOM [31mVisionX  +0.00 Y  +0.00 theta   +0.0 elt    0 [0mimu  -2.7 Dt 2376 LtCy 1188 integ.govd   +0.00   +0.00 integ.vbp +0.00 +0.00 omni.gos X     -0.0 ,Y     -0.1. omgD -0.008 omg  +0.00 loop   5143
[0mBatt=23.4 [0m[33mODOM [31mVisionX  +0.00 Y  +0.00 theta   +0.0 elt    0 [0mimu  -2.7 Dt 2392 LtCy 1196 integ.govd   +0.00   +0.00 integ.vbp +0.00 +0.00 omni.gos X     +0.0 ,Y     -0.1. omgD -0.004 omg  +0.00 loop   5099
[0mBatt=23.4 [0m[33mODOM [31mVisionX  +0.00 Y  +0.00 theta   +0.0 elt    0 [0mimu  -2.7 Dt 2408 LtCy 1204 integ.govd   +0.00   +0.00 integ.vbp +0.00 +0.00 omni.gos X     +0.0 ,Y     -0.0. omgD -0.002 omg  +0.00 loop   5148
[0mBatt=23.4 [0m[33mODOM [31mVisionX  +0.00 Y  +0.00 theta   +0.0 elt    0 [0mimu  -2.7 Dt 2424 LtCy 1212 integ.govd   +0.00   +0.00 integ.vbp +0.00 +0.00 omni.gos X     -0.0 ,Y     -0.1. omgD -0.008 omg  +0.00 loop   5150
[0mBatt=23.4 [0m[33mODOM [31mVisionX  +0.00 Y  +0.00 theta   +0.0 elt    0 [0mimu  -2.7 Dt 2440 LtCy 1220 integ.govd   +0.00   +0.00 integ.vbp +0.00 +0.00 omni.gos X     +0.0 ,Y     -0.2. omgD -0.013 omg  +0.00 loop   5103
[0mBatt=23.4 [0m[33mODOM [31mVisionX  +0.00 Y  +0.00 theta   +0.0 elt    0 [0mimu  -2.7 Dt 2456 LtCy 1228 integ.govd   +0.00   +0.00 integ.vbp +0.00 +0.00 omni.gos X     +0.0 ,Y     -0.1. omgD -0.006 omg  +0.00 loop   5149
[0mBatt=23.4 [0m[33mODOM [31mVisionX  +0.00 Y  +0.00 theta   +0.0 elt    0 [0mimu  -2.7 Dt 2472 LtCy 1236 integ.govd   +0.00   +0.00 integ.vbp +0.00 +0.00 omni.gos X     +0.0 ,Y     -0.1. omgD -0.004 omg  +0.00 loop   5144
[0mBatt=23.4 [0m[33mODOM [31mVisionX  +0.00 Y  +0.00 theta   +0.0 elt    0 [0mimu  -2.7 Dt 2488 LtCy 1244 integ.govd   +0.00   +0.00 integ.vbp +0.00 +0.00 omni.gos X     +0.0 ,Y     -0.1. omgD -0.004 omg  +0.00 loop   5126
[0mBatt=23.4 [0m[33mODOM [31mVisionX  +0.00 Y  +0.00 theta   +0.0 elt    0 [0mimu  -2.7 Dt 2504 LtCy 1252 integ.govd   +0.00   +0.00 integ.vbp +0.00 +0.00 omni.gos X     -0.0 ,Y     -0.1. omgD -0.011 omg  +0.00 loop   5131
[0mBatt=23.4 [0m[33mODOM [31mVisionX  +0.00 Y  +0.00 theta   +0.0 elt    0 [0mimu  -2.7 Dt 2520 LtCy 1260 integ.govd   +0.00   +0.00 integ.vbp +0.00 +0.00 omni.gos X     +0.0 ,Y     -0.1. omgD -0.008 omg  +0.00 loop   5139
[0mBatt=23.4 [0m[33mODOM [31mVisionX  +0.00 Y  +0.00 theta   +0.0 elt    0 [0mimu  -2.7 Dt 2536 LtCy 1268 integ.govd   +0.00   +0.00 integ.vbp +0.00 +0.00 omni.gos X     -0.0 ,Y     -0.1. omgD -0.008 omg  +0.00 loop   5137
[0mBatt=23.4 [0m[33mODOM [31mVisionX  +0.00 Y  +0.00 theta   +0.0 elt    0 [0mimu  -2.7 Dt 2552 LtCy 1276 integ.govd   +0.00   +0.00 integ.vbp +0.00 +0.00 omni.gos X     +0.0 ,Y     -0.1. omgD -0.006 omg  +0.00 loop   5113
[0mBatt=23.4 [0m[33mODOM [31mVisionX  +0.00 Y  +0.00 theta   +0.0 elt    0 [0mimu  -2.7 Dt 2568 LtCy 1284 integ.govd   +0.00   +0.00 integ.vbp +0.00 +0.00 omni.gos X     +0.0 ,Y     -0.1. omgD -0.011 omg  +0.00 loop   5156
[0mBatt=23.4 [0m[33mODOM [31mVisionX  +0.00 Y  +0.00 theta   +0.0 elt    0 [0mimu  -2.7 Dt 2584 LtCy 1292 integ.govd   +0.00   +0.00 integ.vbp +0.00 +0.00 omni.gos X     +0.0 ,Y     +0.0. omgD +0.000 omg  +0.00 loop   5130
[0mBatt=23.4 [0m[33mODOM [31mVisionX  +0.00 Y  +0.00 theta   +0.0 elt    0 [0mimu  -2.7 Dt 2600 LtCy 1300 integ.govd   +0.00   +0.00 integ.vbp +0.00 +0.00 omni.gos X     +0.0 ,Y     -0.1. omgD -0.011 omg  +0.00 loop   5134
[0mBatt=23.4 [0m[33mODOM [31mVisionX  +0.00 Y  +0.00 theta   +0.0 elt    0 [0mimu  -2.7 Dt 2616 LtCy 1308 integ.govd   +0.00   +0.00 integ.vbp +0.00 +0.00 omni.gos X     -0.0 ,Y     -0.2. omgD -0.013 omg  +0.00 loop   5136
[0mBatt=23.4 [0m[33mODOM [31mVisionX  +0.00 Y  +0.00 theta   +0.0 elt    0 [0mimu  -2.7 Dt 2632 LtCy 1316 integ.govd   +0.00   +0.00 integ.vbp +0.00 +0.00 omni.gos X     -0.0 ,Y     -0.1. omgD -0.006 omg  +0.00 loop   5139
[0mBatt=23.4 [0m[33mODOM [31mVisionX  +0.00 Y  +0.00 theta   +0.0 elt    0 [0mimu  -2.7 Dt 2648 LtCy 1324 integ.govd   +0.00   +0.00 integ.vbp +0.00 +0.00 omni.gos X     -0.0 ,Y     -0.1. omgD -0.006 omg  +0.00 loop   5117
[0mBatt=23.4 [0m[33mODOM [31mVisionX  +0.00 Y  +0.00 theta   +0.0 elt    0 [0mimu  -2.7 Dt 2664 LtCy 1332 integ.govd   +0.00   +0.00 integ.vbp +0.00 +0.00 omni.gos X     +0.0 ,Y     -0.0. omgD -0.002 omg  +0.00 loop   5122
[0mBatt=23.4 [0m[33mODOM [31mVisionX  +0.00 Y  +0.00 theta   +0.0 elt    0 [0mimu  -2.7 Dt 2680 LtCy 1340 integ.govd   +0.00   +0.00 integ.vbp +0.00 +0.00 omni.gos X     -0.0 ,Y     -0.2. omgD -0.017 omg  +0.00 loop   5152
[0mBatt=23.4 [0m[33mODOM [31mVisionX  +0.00 Y  +0.00 theta   +0.0 elt    0 [0mimu  -2.7 Dt 2696 LtCy 1348 integ.govd   +0.00   +0.00 integ.vbp +0.00 +0.00 omni.gos X     -0.0 ,Y     -0.1. omgD -0.006 omg  +0.00 loop   5113
[0mBatt=23.4 [0m[33mODOM [31mVisionX  +0.00 Y  +0.00 theta   +0.0 elt    0 [0mimu  -2.7 Dt 2712 LtCy 1356 integ.govd   +0.00   +0.00 integ.vbp +0.00 +0.00 omni.gos X     +0.0 ,Y     -0.1. omgD -0.008 omg  +0.00 loop   5123
[0mBatt=23.4 [0m[33mODOM [31mVisionX  +0.00 Y  +0.00 theta   +0.0 elt    0 [0mimu  -2.7 Dt 2728 LtCy 1364 integ.govd   +0.00   +0.00 integ.vbp +0.00 +0.00 omni.gos X     -0.0 ,Y     -0.1. omgD -0.006 omg  +0.00 loop   5137
[0mBatt=23.4 [0m[33mODOM [31mVisionX  +0.00 Y  +0.00 theta   +0.0 elt    0 [0mimu  -2.7 Dt 2744 LtCy 1372 integ.govd   +0.00   +0.00 integ.vbp +0.00 +0.00 omni.gos X     -0.0 ,Y     -0.1. omgD -0.008 omg  +0.00 loop   5134
