event,sequence,counter,valid_self,adopted,realtime_ns,kernel_ns,monotonic_ns,write_end_ns,written,socket_drop_total,trace_record_overflow
rx,1,1,1,1,1787954234039329945,1787954234038531111,5811124137999,0,0,0,0
tx,1,1,1,1,1787954234039334556,1787954234038531111,5811124142776,5811124171776,72,0,0
rx,2,2,1,1,1787954234054317537,1787954234053759519,5811139125591,0,0,0,0
tx,2,2,1,1,1787954234054321315,1787954234053759519,5811139129499,5811139144573,72,0,0
rx,3,3,1,1,1787954234070434056,1787954234069968074,5811155242128,0,0,0,0
tx,3,3,1,1,1787954234070437982,1787954234069968074,5811155246221,5811155267387,72,0,0
rx,4,4,1,1,1787954234084391704,1787954234084301333,5811169199776,0,0,0,0
tx,4,4,1,1,1787954234084397482,1787954234084301333,5811169205758,5811169221313,72,0,0
rx,5,5,1,1,1787954234099338889,1787954234099049463,5811184146961,0,0,0,0
tx,5,5,1,1,1787954234099342519,1787954234099049463,5811184150702,5811184164887,72,0,0
rx,6,6,1,1,1787954234114330463,1787954234113903445,5811199138499,0,0,0,0
tx,6,6,1,1,1787954234114334482,1787954234113903445,5811199142721,5811199161980,72,0,0
rx,7,7,1,1,1787954234129295278,1787954234128964426,5811214103332,0,0,0,0
tx,7,7,1,1,1787954234129298870,1787954234128964426,5811214107128,5811214121961,72,0,0
rx,8,8,1,1,1787954234144242945,1787954234144022685,5811229051017,0,0,0,0
tx,8,8,1,1,1787954234144246482,1787954234144022685,5811229054739,5811229069443,72,0,0
rx,9,9,1,1,1787954234159221574,1787954234158901408,5811244029628,0,0,0,0
tx,9,9,1,1,1787954234159225741,1787954234158901408,5811244033980,5811244052980,72,0,0
rx,10,10,1,1,1787954234175333852,1787954234174465796,5811260141924,0,0,0,0
tx,10,10,1,1,1787954234175337833,1787954234174465796,5811260146073,5811260164165,72,0,0
rx,11,11,1,1,1787954234190297278,1787954234189351296,5811275105350,0,0,0,0
tx,11,11,1,1,1787954234190301111,1787954234189351296,5811275109350,5811275124739,72,0,0
rx,12,12,1,1,1787954234204171241,1787954234204153167,5811288979313,0,0,0,0
tx,12,12,1,1,1787954234204174945,1787954234204153167,5811288983128,5811288996573,72,0,0
rx,13,13,1,1,1787954234220187185,1787954234219342685,5811304995258,0,0,0,0
tx,13,13,1,1,1787954234220191370,1787954234219342685,5811304999573,5811305018017,72,0,0
rx,14,14,1,1,1787954234235143445,1787954234234382852,5811319951498,0,0,0,0
tx,14,14,1,1,1787954234235147296,1787954234234382852,5811319955480,5811319970702,72,0,0
rx,15,15,1,1,1787954234250093426,1787954234249584815,5811334901498,0,0,0,0
tx,15,15,1,1,1787954234250096907,1787954234249584815,5811334905147,5811334919054,72,0,0
rx,16,16,1,1,1787954234265072130,1787954234264529093,5811349880202,0,0,0,0
tx,16,16,1,1,1787954234265076482,1787954234264529093,5811349884702,5811349907091,72,0,0
rx,17,17,1,1,1787954234280068019,1787954234279668630,5811364876072,0,0,0,0
tx,17,17,1,1,1787954234280071630,1787954234279668630,5811364879813,5811364895258,72,0,0
rx,18,18,1,1,1787954234295018148,1787954234294564185,5811379826221,0,0,0,0
tx,18,18,1,1,1787954234295021815,1787954234294564185,5811379829998,5811379844258,72,0,0
rx,19,19,1,1,1787954234309966796,1787954234309570611,5811394774869,0,0,0,0
tx,19,19,1,1,1787954234309972944,1787954234309570611,5811394781128,5811394798980,72,0,0
rx,20,20,1,1,1787954234324922259,1787954234323939815,5811409730332,0,0,0,0
tx,20,20,1,1,1787954234324926296,1787954234323939815,5811409734480,5811409750109,72,0,0
rx,21,21,1,1,1787954234339878111,1787954234339410593,5811424686184,0,0,0,0
tx,21,21,1,1,1787954234339882000,1787954234339410593,5811424690184,5811424707035,72,0,0
rx,22,22,1,1,1787954234354862370,1787954234354370722,5811439670424,0,0,0,0
tx,22,22,1,1,1787954234354865981,1787954234354370722,5811439674165,5811439689517,72,0,0
rx,23,23,1,1,1787954234369869759,1787954234369432611,5811454677832,0,0,0,0
tx,23,23,1,1,1787954234369874370,1787954234369432611,5811454682591,5811454702535,72,0,0
rx,24,24,1,1,1787954234385909407,1787954234384926426,5811470717461,0,0,0,0
tx,24,24,1,1,1787954234385913148,1787954234384926426,5811470721387,5811470737109,72,0,0
rx,25,25,1,1,1787954234399797444,1787954234399320667,5811484605498,0,0,0,0
tx,25,25,1,1,1787954234399801185,1787954234399320667,5811484609443,5811484623202,72,0,0
rx,26,26,1,1,1787954234414744315,1787954234413867389,5811499552387,0,0,0,0
tx,26,26,1,1,1787954234414750296,1787954234413867389,5811499558480,5811499576072,72,0,0
rx,27,27,1,1,1787954234429691593,1787954234429370407,5811514499665,0,0,0,0
tx,27,27,1,1,1787954234429695296,1787954234429370407,5811514503554,5811514518017,72,0,0
rx,28,28,1,1,1787954234444629981,1787954234444558648,5811529438035,0,0,0,0
tx,28,28,1,1,1787954234444633870,1787954234444558648,5811529442054,5811529456480,72,0,0
rx,29,29,1,1,1787954234459579555,1787954234459398333,5811544387609,0,0,0,0
tx,29,29,1,1,1787954234459583352,1787954234459398333,5811544391609,5811544410572,72,0,0
rx,30,30,1,1,1787954234474546500,1787954234474012648,5811559354554,0,0,0,0
tx,30,30,1,1,1787954234474550055,1787954234474012648,5811559358239,5811559375702,72,0,0
rx,31,31,1,1,1787954234490570055,1787954234489584018,5811575378128,0,0,0,0
tx,31,31,1,1,1787954234490573630,1787954234489584018,5811575381813,5811575396517,72,0,0
rx,32,32,1,1,1787954234504469185,1787954234503953037,5811589277258,0,0,0,0
tx,32,32,1,1,1787954234504473167,1787954234503953037,5811589281350,5811589300109,72,0,0
rx,33,33,1,1,1787954234520515981,1787954234519594796,5811605324054,0,0,0,0
tx,33,33,1,1,1787954234520519500,1787954234519594796,5811605327683,5811605342369,72,0,0
rx,34,34,1,1,1787954234534415833,1787954234534294315,5811619223887,0,0,0,0
tx,34,34,1,1,1787954234534419630,1787954234534294315,5811619227813,5811619242220,72,0,0
rx,35,35,1,1,1787954234549349370,1787954234549127278,5811634157424,0,0,0,0
tx,35,35,1,1,1787954234549352963,1787954234549127278,5811634161202,5811634174665,72,0,0
rx,36,36,1,1,1787954234565356963,1787954234564520667,5811650165035,0,0,0,0
tx,36,36,1,1,1787954234565360889,1787954234564520667,5811650169109,5811650187554,72,0,0
rx,37,37,1,1,1787954234579268315,1787954234578867852,5811664076387,0,0,0,0
tx,37,37,1,1,1787954234579272500,1787954234578867852,5811664080739,5811664097554,72,0,0
rx,38,38,1,1,1787954234595283796,1787954234594548352,5811680091850,0,0,0,0
tx,38,38,1,1,1787954234595287389,1787954234594548352,5811680095572,5811680110128,72,0,0
rx,39,39,1,1,1787954234610262241,1787954234609260426,5811695070295,0,0,0,0
tx,39,39,1,1,1787954234610266185,1787954234609260426,5811695074443,5811695092498,72,0,0
rx,40,40,1,1,1787954234625222852,1787954234624534185,5811710030906,0,0,0,0
tx,40,40,1,1,1787954234625226259,1787954234624534185,5811710034498,5811710048498,72,0,0
rx,41,41,1,1,1787954234640165148,1787954234639233907,5811724973202,0,0,0,0
tx,41,41,1,1,1787954234640170666,1787954234639233907,5811724978850,5811724993109,72,0,0
rx,42,42,1,1,1787954234655106370,1787954234654369481,5811739914443,0,0,0,0
tx,42,42,1,1,1787954234655109944,1787954234654369481,5811739918146,5811739931424,72,0,0
rx,43,43,1,1,1787954234670065852,1787954234669511648,5811754873924,0,0,0,0
tx,43,43,1,1,1787954234670070296,1787954234669511648,5811754878535,5811754899294,72,0,0
rx,44,44,1,1,1787954234685028463,1787954234684376074,5811769836517,0,0,0,0
tx,44,44,1,1,1787954234685032111,1787954234684376074,5811769840350,5811769855794,72,0,0
rx,45,45,1,1,1787954234699989426,1787954234699875000,5811784797498,0,0,0,0
tx,45,45,1,1,1787954234699993037,1787954234699875000,5811784801276,5811784815165,72,0,0
rx,46,46,1,1,1787954234714942185,1787954234714446537,5811799750257,0,0,0,0
tx,46,46,1,1,1787954234714946203,1787954234714446537,5811799754646,5811799772183,72,0,0
rx,47,47,1,1,1787954234729867370,1787954234729532333,5811814675424,0,0,0,0
tx,47,47,1,1,1787954234729870907,1787954234729532333,5811814679257,5811814693572,72,0,0
rx,48,48,1,1,1787954234744798315,1787954234744066981,5811829606387,0,0,0,0
tx,48,48,1,1,1787954234744803722,1787954234744066981,5811829611961,5811829626017,72,0,0
rx,49,49,1,1,1787954234759738037,1787954234759131889,5811844546109,0,0,0,0
tx,49,49,1,1,1787954234759742222,1787954234759131889,5811844550480,5811844568072,72,0,0
rx,50,50,1,1,1787954234774745296,1787954234774305333,5811859553368,0,0,0,0
tx,50,50,1,1,1787954234774749389,1787954234774305333,5811859557646,5811859575128,72,0,0
rx,51,51,1,1,1787954234789714629,1787954234788712315,5811874522702,0,0,0,0
tx,51,51,1,1,1787954234789718278,1787954234788712315,5811874526443,5811874540239,72,0,0
rx,52,52,1,1,1787954234805731185,1787954234804969463,5811890539239,0,0,0,0
tx,52,52,1,1,1787954234805735277,1787954234804969463,5811890543461,5811890561165,72,0,0
rx,53,53,1,1,1787954234820689944,1787954234820098481,5811905498017,0,0,0,0
tx,53,53,1,1,1787954234820693352,1787954234820098481,5811905501535,5811905514831,72,0,0
rx,54,54,1,1,1787954234834609185,1787954234834493981,5811919417239,0,0,0,0
tx,54,54,1,1,1787954234834612574,1787954234834493981,5811919420813,5811919434276,72,0,0
rx,55,55,1,1,1787954234849569944,1787954234849434629,5811934378017,0,0,0,0
tx,55,55,1,1,1787954234849575315,1787954234849434629,5811934383572,5811934398480,72,0,0
rx,56,56,1,1,1787954234864560555,1787954234864178111,5811949368628,0,0,0,0
tx,56,56,1,1,1787954234864565481,1787954234864178111,5811949373720,5811949395294,72,0,0
rx,57,57,1,1,1787954234879538352,1787954234879400518,5811964346424,0,0,0,0
tx,57,57,1,1,1787954234879542314,1787954234879400518,5811964350591,5811964370202,72,0,0
rx,58,58,1,1,1787954234895562555,1787954234894641426,5811980370628,0,0,0,0
tx,58,58,1,1,1787954234895566074,1787954234894641426,5811980374257,5811980388665,72,0,0
rx,59,59,1,1,1787954234910517389,1787954234910484870,5811995325461,0,0,0,0
tx,59,59,1,1,1787954234910521500,1787954234910484870,5811995329776,5811995347294,72,0,0
rx,60,60,1,1,1787954234924427148,1787954234924348129,5812009235220,0,0,0,0
tx,60,60,1,1,1787954234924430629,1787954234924348129,5812009238868,5812009255387,72,0,0
rx,61,61,1,1,1787954234940442444,1787954234939508055,5812025250517,0,0,0,0
tx,61,61,1,1,1787954234940445981,1787954234939508055,5812025254239,5812025267813,72,0,0
rx,62,62,1,1,1787954234955394537,1787954234954622444,5812040202609,0,0,0,0
tx,62,62,1,1,1787954234955398592,1787954234954622444,5812040206831,5812040225794,72,0,0
rx,63,63,1,1,1787954234969359018,1787954234968912518,5812054167091,0,0,0,0
tx,63,63,1,1,1787954234969363240,1787954234968912518,5812054171424,5812054193368,72,0,0
rx,64,64,1,1,1787954234984367518,1787954234983847129,5812069175591,0,0,0,0
tx,64,64,1,1,1787954234984371037,1787954234983847129,5812069179220,5812069193739,72,0,0
rx,65,65,1,1,1787954234999331574,1787954234999072296,5812084139628,0,0,0,0
tx,65,65,1,1,1787954234999335166,1787954234999072296,5812084143350,5812084157479,72,0,0
rx,66,66,1,1,1787954235015348833,1787954235014276888,5812100156905,0,0,0,0
tx,66,66,1,1,1787954235015352777,1787954235014276888,5812100161035,5812100178016,72,0,0
rx,67,67,1,1,1787954235030313814,1787954235029309074,5812115121887,0,0,0,0
tx,67,67,1,1,1787954235030317426,1787954235029309074,5812115125609,5812115139665,72,0,0
rx,68,68,1,1,1787954235045256500,1787954235044246240,5812130064572,0,0,0,0
tx,68,68,1,1,1787954235045259833,1787954235044246240,5812130068016,5812130081609,72,0,0
rx,69,69,1,1,1787954235059172944,1787954235058831888,5812143981016,0,0,0,0
tx,69,69,1,1,1787954235059179351,1787954235058831888,5812143987535,5812144027424,72,0,0
rx,70,70,1,1,1787954235074153555,1787954235073929333,5812158961628,0,0,0,0
tx,70,70,1,1,1787954235074157592,1787954235073929333,5812158965776,5812158981702,72,0,0
rx,71,71,1,1,1787954235090170370,1787954235089096370,5812174978442,0,0,0,0
tx,71,71,1,1,1787954235090174222,1787954235089096370,5812174982479,5812174996942,72,0,0
rx,72,72,1,1,1787954235104055277,1787954235103995277,5812188863331,0,0,0,0
tx,72,72,1,1,1787954235104058759,1787954235103995277,5812188866942,5812188880961,72,0,0
rx,73,73,1,1,1787954235120169462,1787954235119184259,5812204977535,0,0,0,0
tx,73,73,1,1,1787954235120173462,1787954235119184259,5812204981702,5812205001035,72,0,0
rx,74,74,1,1,1787954235135134314,1787954235134179351,5812219942368,0,0,0,0
tx,74,74,1,1,1787954235135137796,1787954235134179351,5812219945979,5812219959794,72,0,0
rx,75,75,1,1,1787954235149014574,1787954235148876777,5812233822628,0,0,0,0
tx,75,75,1,1,1787954235149018074,1787954235148876777,5812233826276,5812233839813,72,0,0
rx,76,76,1,1,1787954235165040314,1787954235164128777,5812249848387,0,0,0,0
tx,76,76,1,1,1787954235165044685,1787954235164128777,5812249852905,5812249870850,72,0,0
rx,77,77,1,1,1787954235180023018,1787954235179182018,5812264831090,0,0,0,0
tx,77,77,1,1,1787954235180028796,1787954235179182018,5812264836979,5812264853350,72,0,0
rx,78,78,1,1,1787954235194969796,1787954235194223962,5812279777868,0,0,0,0
tx,78,78,1,1,1787954235194973666,1787954235194223962,5812279781905,5812279796368,72,0,0
rx,79,79,1,1,1787954235209917203,1787954235209251148,5812294725276,0,0,0,0
tx,79,79,1,1,1787954235209921037,1787954235209251148,5812294729276,5812294749590,72,0,0
rx,80,80,1,1,1787954235224875277,1787954235224124611,5812309683350,0,0,0,0
tx,80,80,1,1,1787954235224878759,1787954235224124611,5812309686942,5812309700109,72,0,0
rx,81,81,1,1,1787954235239841055,1787954235239144574,5812324649127,0,0,0,0
tx,81,81,1,1,1787954235239844518,1787954235239144574,5812324652776,5812324668424,72,0,0
rx,82,82,1,1,1787954235254796462,1787954235254104314,5812339604535,0,0,0,0
tx,82,82,1,1,1787954235254800277,1787954235254104314,5812339608516,5812339626331,72,0,0
rx,83,83,1,1,1787954235269802111,1787954235268898425,5812354610183,0,0,0,0
tx,83,83,1,1,1787954235269806129,1787954235268898425,5812354614368,5812354631813,72,0,0
rx,84,84,1,1,1787954235284752722,1787954235283715092,5812369560794,0,0,0,0
tx,84,84,1,1,1787954235284757999,1787954235283715092,5812369566183,5812369580035,72,0,0
rx,85,85,1,1,1787954235299690036,1787954235299459722,5812384498090,0,0,0,0
tx,85,85,1,1,1787954235299693907,1787954235299459722,5812384502109,5812384515979,72,0,0
rx,86,86,1,1,1787954235314666740,1787954235314265851,5812399474813,0,0,0,0
tx,86,86,1,1,1787954235314670814,1787954235314265851,5812399479053,5812399497313,72,0,0
rx,87,87,1,1,1787954235330660740,1787954235330134518,5812415468813,0,0,0,0
tx,87,87,1,1,1787954235330664036,1787954235330134518,5812415472220,5812415486090,72,0,0
rx,88,88,1,1,1787954235344568888,1787954235343937536,5812429376979,0,0,0,0
tx,88,88,1,1,1787954235344573055,1787954235343937536,5812429381294,5812429398664,72,0,0
rx,89,89,1,1,1787954235359547129,1787954235359430203,5812444355201,0,0,0,0
tx,89,89,1,1,1787954235359551388,1787954235359430203,5812444359553,5812444378701,72,0,0
rx,90,90,1,1,1787954235375580907,1787954235375058925,5812460388979,0,0,0,0
tx,90,90,1,1,1787954235375584851,1787954235375058925,5812460393090,5812460409331,72,0,0
rx,91,91,1,1,1787954235390542240,1787954235389828222,5812475350313,0,0,0,0
tx,91,91,1,1,1787954235390545925,1787954235389828222,5812475354183,5812475369424,72,0,0
rx,92,92,1,1,1787954235404424370,1787954235404256314,5812489232442,0,0,0,0
tx,92,92,1,1,1787954235404428055,1787954235404256314,5812489236294,5812489250016,72,0,0
rx,93,93,1,1,1787954235419380277,1787954235419141370,5812504188350,0,0,0,0
tx,93,93,1,1,1787954235419384555,1787954235419141370,5812504192813,5812504210516,72,0,0
rx,94,94,1,1,1787954235435402685,1787954235434835759,5812520210757,0,0,0,0
tx,94,94,1,1,1787954235435406388,1787954235434835759,5812520214609,5812520227813,72,0,0
rx,95,95,1,1,1787954235449289870,1787954235449246073,5812534097942,0,0,0,0
tx,95,95,1,1,1787954235449293240,1787954235449246073,5812534101424,5812534115868,72,0,0
rx,96,96,1,1,1787954235464249499,1787954235464189666,5812549057572,0,0,0,0
tx,96,96,1,1,1787954235464253407,1787954235464189666,5812549061627,5812549079127,72,0,0
rx,97,97,1,1,1787954235479247222,1787954235479207444,5812564055294,0,0,0,0
tx,97,97,1,1,1787954235479260870,1787954235479207444,5812564069146,5812564085164,72,0,0
rx,98,98,1,1,1787954235494235907,1787954235493972314,5812579043998,0,0,0,0
tx,98,98,1,1,1787954235494239370,1787954235493972314,5812579047627,5812579062572,72,0,0
rx,99,99,1,1,1787954235509187092,1787954235509077962,5812593995164,0,0,0,0
tx,99,99,1,1,1787954235509191092,1787954235509077962,5812593999312,5812594017090,72,0,0
rx,100,100,1,1,1787954235525210203,1787954235524867592,5812610018275,0,0,0,0
tx,100,100,1,1,1787954235525213888,1787954235524867592,5812610022350,5812610036701,72,0,0
rx,101,101,1,1,1787954235541230055,1787954235540869277,5812626038127,0,0,0,0
tx,101,101,1,1,1787954235541233499,1787954235540869277,5812626041757,5812626057461,72,0,0
rx,102,102,1,1,1787954235555120907,1787954235554587129,5812639928868,0,0,0,0
tx,102,102,1,1,1787954235555124703,1787954235554587129,5812639932961,5812639952035,72,0,0
rx,103,103,1,1,1787954235570098351,1787954235569332814,5812654906405,0,0,0,0
tx,103,103,1,1,1787954235570102407,1787954235569332814,5812654910646,5812654929201,72,0,0
rx,104,104,1,1,1787954235585075573,1787954235584082888,5812669883646,0,0,0,0
tx,104,104,1,1,1787954235585078981,1787954235584082888,5812669887164,5812669901331,72,0,0
rx,105,105,1,1,1787954235600066518,1787954235600026925,5812684874590,0,0,0,0
tx,105,105,1,1,1787954235600081147,1787954235600026925,5812684889331,5812684906998,72,0,0
rx,106,106,1,1,1787954235615039536,1787954235614775184,5812699847609,0,0,0,0
tx,106,106,1,1,1787954235615043018,1787954235614775184,5812699851257,5812699864053,72,0,0
rx,107,107,1,1,1787954235629978962,1787954235629062036,5812714787035,0,0,0,0
tx,107,107,1,1,1787954235629982499,1787954235629062036,5812714790683,5812714803738,72,0,0
rx,108,108,1,1,1787954235644923740,1787954235644228166,5812729731831,0,0,0,0
tx,108,108,1,1,1787954235644927166,1787954235644228166,5812729735349,5812729750424,72,0,0
rx,109,109,1,1,1787954235659870944,1787954235659171573,5812744679016,0,0,0,0
tx,109,109,1,1,1787954235659874666,1787954235659171573,5812744682905,5812744701609,72,0,0
rx,110,110,1,1,1787954235674828666,1787954235673814962,5812759636738,0,0,0,0
tx,110,110,1,1,1787954235674832795,1787954235673814962,5812759641312,5812759656886,72,0,0
rx,111,111,1,1,1787954235690823555,1787954235690126555,5812775631627,0,0,0,0
tx,111,111,1,1,1787954235690827092,1787954235690126555,5812775635275,5812775650646,72,0,0
rx,112,112,1,1,1787954235705753518,1787954235704817425,5812790561590,0,0,0,0
tx,112,112,1,1,1787954235705758203,1787954235704817425,5812790566386,5812790585294,72,0,0
rx,113,113,1,1,1787954235720712592,1787954235719656833,5812805520646,0,0,0,0
tx,113,113,1,1,1787954235720716277,1787954235719656833,5812805524461,5812805538275,72,0,0
rx,114,114,1,1,1787954235735669425,1787954235734739036,5812820477498,0,0,0,0
tx,114,114,1,1,1787954235735675740,1787954235734739036,5812820483979,5812820499349,72,0,0
rx,115,115,1,1,1787954235749568832,1787954235749512925,5812834376905,0,0,0,0
tx,115,115,1,1,1787954235749572277,1787954235749512925,5812834380460,5812834393109,72,0,0
rx,116,116,1,1,1787954235764531740,1787954235764220981,5812849339812,0,0,0,0
tx,116,116,1,1,1787954235764535721,1787954235764220981,5812849343942,5812849361460,72,0,0
rx,117,117,1,1,1787954235779487573,1787954235779176462,5812864295646,0,0,0,0
tx,117,117,1,1,1787954235779491166,1787954235779176462,5812864299423,5812864315275,72,0,0
rx,118,118,1,1,1787954235794446036,1787954235793830147,5812879254109,0,0,0,0
tx,118,118,1,1,1787954235794449610,1787954235793830147,5812879257794,5812879272997,72,0,0
rx,119,119,1,1,1787954235809400110,1787954235809223647,5812894208183,0,0,0,0
tx,119,119,1,1,1787954235809404073,1787954235809223647,5812894212257,5812894229035,72,0,0
rx,120,120,1,1,1787954235824372721,1787954235824076981,5812909180794,0,0,0,0
tx,120,120,1,1,1787954235824376110,1787954235824076981,5812909184294,5812909198720,72,0,0
rx,121,121,1,1,1787954235840389481,1787954235839580147,5812925197553,0,0,0,0
tx,121,121,1,1,1787954235840394647,1787954235839580147,5812925202831,5812925217979,72,0,0
rx,122,122,1,1,1787954235855344721,1787954235854416351,5812940152794,0,0,0,0
tx,122,122,1,1,1787954235855349018,1787954235854416351,5812940157201,5812940173905,72,0,0
rx,123,123,1,1,1787954235869285369,1787954235869221314,5812954093349,0,0,0,0
tx,123,123,1,1,1787954235869290036,1787954235869221314,5812954098220,5812954119368,72,0,0
rx,124,124,1,1,1787954235885343740,1787954235884338203,5812970151812,0,0,0,0
tx,124,124,1,1,1787954235885347814,1787954235884338203,5812970155997,5812970171646,72,0,0
rx,125,125,1,1,1787954235899250018,1787954235898952481,5812984058090,0,0,0,0
tx,125,125,1,1,1787954235899254221,1787954235898952481,5812984062479,5812984083960,72,0,0
rx,126,126,1,1,1787954235914218332,1787954235913867481,5812999026386,0,0,0,0
tx,126,126,1,1,1787954235914221647,1787954235913867481,5812999029942,5812999043109,72,0,0
rx,127,127,1,1,1787954235929215369,1787954235929054184,5813014023442,0,0,0,0
tx,127,127,1,1,1787954235929219666,1787954235929054184,5813014027849,5813014049312,72,0,0
rx,128,128,1,1,1787954235944195406,1787954235943960610,5813029003479,0,0,0,0
tx,128,128,1,1,1787954235944201110,1787954235943960610,5813029009349,5813029025183,72,0,0
rx,129,129,1,1,1787954235961345555,1787954235960429240,5813046153627,0,0,0,0
tx,129,129,1,1,1787954235961350277,1787954235960429240,5813046158460,5813046176368,72,0,0
rx,130,130,1,1,1787954235974178999,1787954235973871999,5813058987090,0,0,0,0
tx,130,130,1,1,1787954235974183277,1787954235973871999,5813058991460,5813059009090,72,0,0
rx,131,131,1,1,1787954235989140443,1787954235989058980,5813073948479,0,0,0,0
tx,131,131,1,1,1787954235989144573,1787954235989058980,5813073952757,5813073968090,72,0,0
rx,132,132,1,1,1787954236004102166,1787954236003804943,5813088910127,0,0,0,0
tx,132,132,1,1,1787954236004106240,1787954236003804943,5813088914423,5813088932423,72,0,0
rx,133,133,1,1,1787954236019070573,1787954236018798832,5813103878646,0,0,0,0
tx,133,133,1,1,1787954236019074055,1787954236018798832,5813103882257,5813103896997,72,0,0
rx,134,134,1,1,1787954236035099332,1787954236034101110,5813119907405,0,0,0,0
tx,134,134,1,1,1787954236035102758,1787954236034101110,5813119910942,5813119924571,72,0,0
rx,135,135,1,1,1787954236050030406,1787954236049342073,5813134838479,0,0,0,0
tx,135,135,1,1,1787954236050034925,1787954236049342073,5813134843183,5813134861016,72,0,0
rx,136,136,1,1,1787954236064985017,1787954236064770666,5813149793090,0,0,0,0
tx,136,136,1,1,1787954236064990277,1787954236064770666,5813149798460,5813149812849,72,0,0
rx,137,137,1,1,1787954236079952555,1787954236078908647,5813164760627,0,0,0,0
tx,137,137,1,1,1787954236079956814,1787954236078908647,5813164765053,5813164779683,72,0,0
rx,138,138,1,1,1787954236094928129,1787954236093890351,5813179736201,0,0,0,0
tx,138,138,1,1,1787954236094931647,1787954236093890351,5813179739905,5813179754645,72,0,0
rx,139,139,1,1,1787954236109891017,1787954236108865184,5813194699090,0,0,0,0
tx,139,139,1,1,1787954236109894925,1787954236108865184,5813194703164,5813194720220,72,0,0
rx,140,140,1,1,1787954236124860443,1787954236124174980,5813209668516,0,0,0,0
tx,140,140,1,1,1787954236124864147,1787954236124174980,5813209672331,5813209688775,72,0,0
rx,141,141,1,1,1787954236139820184,1787954236139040666,5813224628257,0,0,0,0
tx,141,141,1,1,1787954236139823795,1787954236139040666,5813224631979,5813224647608,72,0,0
rx,142,142,1,1,1787954236154774166,1787954236154536351,5813239582238,0,0,0,0
tx,142,142,1,1,1787954236154778036,1787954236154536351,5813239586220,5813239603220,72,0,0
rx,143,143,1,1,1787954236170793999,1787954236169908369,5813255602053,0,0,0,0
tx,143,143,1,1,1787954236170797832,1787954236169908369,5813255606090,5813255621405,72,0,0
rx,144,144,1,1,1787954236184679425,1787954236184072369,5813269487479,0,0,0,0
tx,144,144,1,1,1787954236184683110,1787954236184072369,5813269491294,5813269503923,72,0,0
rx,145,145,1,1,1787954236199633721,1787954236199250888,5813284441775,0,0,0,0
tx,145,145,1,1,1787954236199637814,1787954236199250888,5813284445997,5813284464016,72,0,0
rx,146,146,1,1,1787954236214590999,1787954236213761536,5813299399071,0,0,0,0
tx,146,146,1,1,1787954236214594536,1787954236213761536,5813299402719,5813299416645,72,0,0
rx,147,147,1,1,1787954236229535128,1787954236229232221,5813314343201,0,0,0,0
tx,147,147,1,1,1787954236229538647,1787954236229232221,5813314346886,5813314360997,72,0,0
rx,148,148,1,1,1787954236244581758,1787954236244024499,5813329389831,0,0,0,0
tx,148,148,1,1,1787954236244587166,1787954236244024499,5813329395442,5813329421331,72,0,0
rx,149,149,1,1,1787954236259651758,1787954236259581166,5813344459812,0,0,0,0
tx,149,149,1,1,1787954236259656314,1787954236259581166,5813344464497,5813344486553,72,0,0
rx,150,150,1,1,1787954236274620425,1787954236274556684,5813359428497,0,0,0,0
tx,150,150,1,1,1787954236274626295,1787954236274556684,5813359434479,5813359451108,72,0,0
rx,151,151,1,1,1787954236289606369,1787954236289150351,5813374414442,0,0,0,0
tx,151,151,1,1,1787954236289610295,1787954236289150351,5813374418534,5813374434516,72,0,0
rx,152,152,1,1,1787954236304569165,1787954236304385277,5813389377219,0,0,0,0
tx,152,152,1,1,1787954236304573721,1787954236304385277,5813389381923,5813389400516,72,0,0
rx,153,153,1,1,1787954236319531017,1787954236319344925,5813404339071,0,0,0,0
tx,153,153,1,1,1787954236319534554,1787954236319344925,5813404342849,5813404356293,72,0,0
rx,154,154,1,1,1787954236335539406,1787954236334722203,5813420347479,0,0,0,0
tx,154,154,1,1,1787954236335542980,1787954236334722203,5813420351164,5813420365053,72,0,0
rx,155,155,1,1,1787954236349457017,1787954236349008721,5813434265090,0,0,0,0
tx,155,155,1,1,1787954236349461091,1787954236349008721,5813434269349,5813434289219,72,0,0
rx,156,156,1,1,1787954236364421184,1787954236363834721,5813449229256,0,0,0,0
tx,156,156,1,1,1787954236364425017,1787954236363834721,5813449233238,5813449247812,72,0,0
rx,157,157,1,1,1787954236379372147,1787954236379255480,5813464180145,0,0,0,0
tx,157,157,1,1,1787954236379378202,1787954236379255480,5813464186386,5813464202330,72,0,0
rx,158,158,1,1,1787954236394330314,1787954236393880202,5813479138386,0,0,0,0
tx,158,158,1,1,1787954236394334147,1787954236393880202,5813479142423,5813479157275,72,0,0
rx,159,159,1,1,1787954236410362073,1787954236409839221,5813495170145,0,0,0,0
tx,159,159,1,1,1787954236410365851,1787954236409839221,5813495174034,5813495191460,72,0,0
rx,160,160,1,1,1787954236424256184,1787954236423842165,5813509064256,0,0,0,0
tx,160,160,1,1,1787954236424259591,1787954236423842165,5813509067775,5813509081812,72,0,0
rx,161,161,1,1,1787954236440292184,1787954236439432517,5813525100256,0,0,0,0
tx,161,161,1,1,1787954236440295721,1787954236439432517,5813525103905,5813525119127,72,0,0
rx,162,162,1,1,1787954236455247739,1787954236454515017,5813540055812,0,0,0,0
tx,162,162,1,1,1787954236455251832,1787954236454515017,5813540060016,5813540076830,72,0,0
rx,163,163,1,1,1787954236470205832,1787954236469344388,5813555013886,0,0,0,0
tx,163,163,1,1,1787954236470210017,1787954236469344388,5813555018275,5813555034886,72,0,0
rx,164,164,1,1,1787954236485159943,1787954236484580406,5813569968016,0,0,0,0
tx,164,164,1,1,1787954236485163499,1787954236484580406,5813569971904,5813569985960,72,0,0
rx,165,165,1,1,1787954236500116554,1787954236499326684,5813584924645,0,0,0,0
tx,165,165,1,1,1787954236500123425,1787954236499326684,5813584931886,5813584949553,72,0,0
rx,166,166,1,1,1787954236515080758,1787954236514265369,5813599888830,0,0,0,0
tx,166,166,1,1,1787954236515084573,1787954236514265369,5813599892756,5813599907627,72,0,0
rx,167,167,1,1,1787954236530030758,1787954236529174517,5813614838830,0,0,0,0
tx,167,167,1,1,1787954236530034351,1787954236529174517,5813614842608,5813614856256,72,0,0
rx,168,168,1,1,1787954236544983647,1787954236544457388,5813629791719,0,0,0,0
tx,168,168,1,1,1787954236544987295,1787954236544457388,5813629795534,5813629808886,72,0,0
rx,169,169,1,1,1787954236559935036,1787954236559496462,5813644743108,0,0,0,0
tx,169,169,1,1,1787954236559939813,1787954236559496462,5813644747997,5813644764090,72,0,0
rx,170,170,1,1,1787954236573843980,1787954236573803962,5813658652053,0,0,0,0
tx,170,170,1,1,1787954236573857776,1787954236573803962,5813658665960,5813658681349,72,0,0
rx,171,171,1,1,1787954236589875239,1787954236589265591,5813674683312,0,0,0,0
tx,171,171,1,1,1787954236589878980,1787954236589265591,5813674687164,5813674701849,72,0,0
rx,172,172,1,1,1787954236604847999,1787954236604150480,5813689655960,0,0,0,0
tx,172,172,1,1,1787954236604854091,1787954236604150480,5813689662349,5813689679627,72,0,0
rx,173,173,1,1,1787954236619810850,1787954236618805888,5813704618923,0,0,0,0
tx,173,173,1,1,1787954236619814202,1787954236618805888,5813704622386,5813704635386,72,0,0
rx,174,174,1,1,1787954236634753665,1787954236633946443,5813719561738,0,0,0,0
tx,174,174,1,1,1787954236634756999,1787954236633946443,5813719565182,5813719578256,72,0,0
rx,175,175,1,1,1787954236649723110,1787954236649153888,5813734531182,0,0,0,0
tx,175,175,1,1,1787954236649727258,1787954236649153888,5813734535441,5813734553960,72,0,0
rx,176,176,1,1,1787954236664685202,1787954236664084184,5813749493275,0,0,0,0
tx,176,176,1,1,1787954236664688739,1787954236664084184,5813749496997,5813749511904,72,0,0
rx,177,177,1,1,1787954236679631739,1787954236679108962,5813764439719,0,0,0,0
tx,177,177,1,1,1787954236679635573,1787954236679108962,5813764443830,5813764460404,72,0,0
rx,178,178,1,1,1787954236694595647,1787954236694412850,5813779403738,0,0,0,0
tx,178,178,1,1,1787954236694599980,1787954236694412850,5813779408256,5813779426645,72,0,0
rx,179,179,1,1,1787954236709552221,1787954236709041776,5813794360293,0,0,0,0
tx,179,179,1,1,1787954236709557443,1787954236709041776,5813794365627,5813794378608,72,0,0
rx,180,180,1,1,1787954236724492350,1787954236724045887,5813809300423,0,0,0,0
tx,180,180,1,1,1787954236724495832,1787954236724045887,5813809304015,5813809316645,72,0,0
rx,181,181,1,1,1787954236739446758,1787954236739201276,5813824254830,0,0,0,0
tx,181,181,1,1,1787954236739450480,1787954236739201276,5813824258719,5813824275571,72,0,0
rx,182,182,1,1,1787954236754413684,1787954236754044647,5813839221738,0,0,0,0
tx,182,182,1,1,1787954236754417647,1787954236754044647,5813839225830,5813839243145,72,0,0
rx,183,183,1,1,1787954236769370443,1787954236768902165,5813854178515,0,0,0,0
tx,183,183,1,1,1787954236769374406,1787954236768902165,5813854182590,5813854196904,72,0,0
rx,184,184,1,1,1787954236784317776,1787954236783829147,5813869125849,0,0,0,0
tx,184,184,1,1,1787954236784321758,1787954236783829147,5813869129941,5813869145645,72,0,0
rx,185,185,1,1,1787954236799292554,1787954236799159813,5813884100627,0,0,0,0
tx,185,185,1,1,1787954236799296943,1787954236799159813,5813884105127,5813884125608,72,0,0
rx,186,186,1,1,1787954236815341610,1787954236814370443,5813900149682,0,0,0,0
tx,186,186,1,1,1787954236815345332,1787954236814370443,5813900153515,5813900167201,72,0,0
rx,187,187,1,1,1787954236829220776,1787954236828959443,5813914028849,0,0,0,0
tx,187,187,1,1,1787954236829224128,1787954236828959443,5813914032312,5813914044830,72,0,0
rx,188,188,1,1,1787954236844171850,1787954236843777665,5813928979923,0,0,0,0
tx,188,188,1,1,1787954236844175499,1787954236843777665,5813928983682,5813928999349,72,0,0
rx,189,189,1,1,1787954236860256202,1787954236859257573,5813945064275,0,0,0,0
tx,189,189,1,1,1787954236860260313,1787954236859257573,5813945068589,5813945093534,72,0,0
rx,190,190,1,1,1787954236874169702,1787954236874075091,5813958977664,0,0,0,0
tx,190,190,1,1,1787954236874173498,1787954236874075091,5813958981867,5813959000182,72,0,0
rx,191,191,1,1,1787954236889140832,1787954236888898961,5813973948904,0,0,0,0
tx,191,191,1,1,1787954236889144684,1787954236888898961,5813973952941,5813973970404,72,0,0
rx,192,192,1,1,1787954236905171295,1787954236904242665,5813989979367,0,0,0,0
tx,192,192,1,1,1787954236905175313,1787954236904242665,5813989983497,5813990001589,72,0,0
rx,193,193,1,1,1787954236919085406,1787954236919028054,5814003893478,0,0,0,0
tx,193,193,1,1,1787954236919090795,1787954236919028054,5814003898997,5814003912034,72,0,0
rx,194,194,1,1,1787954236935094017,1787954236934068073,5814019902071,0,0,0,0
tx,194,194,1,1,1787954236935099128,1787954236934068073,5814019907386,5814019921163,72,0,0
rx,195,195,1,1,1787954236950197832,1787954236949241628,5814035005849,0,0,0,0
tx,195,195,1,1,1787954236950206535,1787954236949241628,5814035014775,5814035050478,72,0,0
rx,196,196,1,1,1787954236964364332,1787954236964236980,5814049172330,0,0,0,0
tx,196,196,1,1,1787954236964371832,1787954236964236980,5814049180238,5814049208349,72,0,0
rx,197,197,1,1,1787954236979616647,1787954236979032276,5814064424663,0,0,0,0
tx,197,197,1,1,1787954236979624332,1787954236979032276,5814064432571,5814064463923,72,0,0
rx,198,198,1,1,1787954236994873758,1787954236994218350,5814079681756,0,0,0,0
tx,198,198,1,1,1787954236994881869,1787954236994218350,5814079690200,5814079723238,72,0,0
rx,199,199,1,1,1787954237010107054,1787954237009495202,5814094915052,0,0,0,0
tx,199,199,1,1,1787954237010114647,1787954237009495202,5814094922886,5814094949256,72,0,0
rx,200,200,1,1,1787954237025326258,1787954237024546535,5814110134275,0,0,0,0
tx,200,200,1,1,1787954237025333924,1787954237024546535,5814110142163,5814110167997,72,0,0
rx,201,0,1,1,1787954237039463665,1787954237039009276,5814124271663,0,0,0,0
tx,201,0,1,1,1787954237039476072,1787954237039009276,5814124284349,5814124313978,72,0,0
rx,202,1,1,1,1787954237054724295,1787954237054296147,5814139532312,0,0,0,0
tx,202,1,1,1,1787954237054732035,1787954237054296147,5814139540386,5814139572145,72,0,0
rx,203,2,1,1,1787954237069959980,1787954237069167054,5814154767960,0,0,0,0
tx,203,2,1,1,1787954237069967202,1787954237069167054,5814154775460,5814154802904,72,0,0
rx,204,3,1,1,1787954237084106535,1787954237083997684,5814168914441,0,0,0,0
tx,204,3,1,1,1787954237084114128,1787954237083997684,5814168922386,5814168951386,72,0,0
rx,205,4,1,1,1787954237100509684,1787954237099521109,5814185317700,0,0,0,0
tx,205,4,1,1,1787954237100517906,1787954237099521109,5814185326237,5814185360349,72,0,0
rx,206,5,1,1,1787954237114763721,1787954237114672943,5814199571719,0,0,0,0
tx,206,5,1,1,1787954237114772387,1787954237114672943,5814199580626,5814199607960,72,0,0
rx,207,6,1,1,1787954237130023832,1787954237128997146,5814214831830,0,0,0,0
tx,207,6,1,1,1787954237130030998,1787954237128997146,5814214839256,5814214868274,72,0,0
rx,208,7,1,1,1787954237144296684,1787954237144189146,5814229104682,0,0,0,0
tx,208,7,1,1,1787954237144310813,1787954237144189146,5814229119163,5814229153237,72,0,0
rx,209,8,1,1,1787954237159549721,1787954237159116165,5814244357737,0,0,0,0
tx,209,8,1,1,1787954237159558258,1787954237159116165,5814244366515,5814244397441,72,0,0
rx,210,9,1,1,1787954237174786591,1787954237174351350,5814259594589,0,0,0,0
tx,210,9,1,1,1787954237174794202,1787954237174351350,5814259602534,5814259631552,72,0,0
rx,211,10,1,1,1787954237191134943,1787954237190066961,5814275942960,0,0,0,0
tx,211,10,1,1,1787954237191142554,1787954237190066961,5814275950830,5814275979774,72,0,0
rx,212,11,1,1,1787954237204235683,1787954237204091406,5814289043682,0,0,0,0
tx,212,11,1,1,1787954237204243591,1787954237204091406,5814289051849,5814289083237,72,0,0
rx,213,12,1,1,1787954237219466924,1787954237219241776,5814304274941,0,0,0,0
tx,213,12,1,1,1787954237219474091,1787954237219241776,5814304282386,5814304309108,72,0,0
rx,214,13,1,1,1787954237234681628,1787954237233931387,5814319489626,0,0,0,0
tx,214,13,1,1,1787954237234688813,1787954237233931387,5814319497182,5814319524071,72,0,0
rx,215,14,1,1,1787954237249924887,1787954237249291054,5814334732886,0,0,0,0
tx,215,14,1,1,1787954237249932832,1787954237249291054,5814334741089,5814334772848,72,0,0
rx,216,15,1,1,1787954237264074276,1787954237263826165,5814348882274,0,0,0,0
tx,216,15,1,1,1787954237264081795,1787954237263826165,5814348890052,5814348918274,72,0,0
rx,217,16,1,1,1787954237279298943,1787954237278922424,5814364106941,0,0,0,0
tx,217,16,1,1,1787954237279306906,1787954237278922424,5814364115182,5814364144311,72,0,0
rx,218,17,1,1,1787954237294588906,1787954237294252609,5814379396904,0,0,0,0
tx,218,17,1,1,1787954237294596646,1787954237294252609,5814379404904,5814379439071,72,0,0
rx,219,18,1,1,1787954237309827757,1787954237309637813,5814394635756,0,0,0,0
tx,219,18,1,1,1787954237309835072,1787954237309637813,5814394643348,5814394671385,72,0,0
rx,220,19,1,1,1787954237325074276,1787954237324686072,5814409882274,0,0,0,0
tx,220,19,1,1,1787954237325081628,1787954237324686072,5814409889867,5814409916423,72,0,0
rx,221,20,1,1,1787954237340333517,1787954237339257609,5814425141534,0,0,0,0
tx,221,20,1,1,1787954237340341480,1787954237339257609,5814425149830,5814425180589,72,0,0
rx,222,21,1,1,1787954237354499683,1787954237354112257,5814439307682,0,0,0,0
tx,222,21,1,1,1787954237354507628,1787954237354112257,5814439315885,5814439346108,72,0,0
rx,223,22,1,1,1787954237370835961,1787954237370060294,5814455643978,0,0,0,0
tx,223,22,1,1,1787954237370843757,1787954237370060294,5814455652145,5814455679663,72,0,0
rx,224,23,1,1,1787954237385022350,1787954237384034832,5814469830348,0,0,0,0
tx,224,23,1,1,1787954237385030017,1787954237384034832,5814469838274,5814469867497,72,0,0
rx,225,24,1,1,1787954237400398776,1787954237400306072,5814485206774,0,0,0,0
tx,225,24,1,1,1787954237400407757,1787954237400306072,5814485215997,5814485249552,72,0,0
rx,226,25,1,1,1787954237415641480,1787954237414606998,5814500449459,0,0,0,0
tx,226,25,1,1,1787954237415648943,1787954237414606998,5814500457200,5814500483200,72,0,0
rx,227,26,1,1,1787954237429776498,1787954237429434924,5814514584515,0,0,0,0
tx,227,26,1,1,1787954237429783813,1787954237429434924,5814514592071,5814514617867,72,0,0
rx,228,27,1,1,1787954237445037702,1787954237444256350,5814529845719,0,0,0,0
tx,228,27,1,1,1787954237445045794,1787954237444256350,5814529854052,5814529889126,72,0,0
rx,229,28,1,1,1787954237460309294,1787954237459250202,5814545117274,0,0,0,0
tx,229,28,1,1,1787954237460316906,1787954237459250202,5814545125145,5814545152293,72,0,0
rx,230,29,1,1,1787954237475553146,1787954237474788572,5814560361145,0,0,0,0
tx,230,29,1,1,1787954237475560906,1787954237474788572,5814560369237,5814560397756,72,0,0
rx,231,30,1,1,1787954237489698331,1787954237489410091,5814574506330,0,0,0,0
tx,231,30,1,1,1787954237489705591,1787954237489410091,5814574513848,5814574540848,72,0,0
rx,232,31,1,1,1787954237504996183,1787954237503997128,5814589804163,0,0,0,0
tx,232,31,1,1,1787954237505004091,1787954237503997128,5814589812367,5814589844719,72,0,0
rx,233,32,1,1,1787954237519147368,1787954237518957572,5814603955385,0,0,0,0
tx,233,32,1,1,1787954237519154794,1787954237518957572,5814603963052,5814603990534,72,0,0
rx,234,33,1,1,1787954237535487757,1787954237534640165,5814620295700,0,0,0,0
tx,234,33,1,1,1787954237535495220,1787954237534640165,5814620303478,5814620330108,72,0,0
rx,235,34,1,1,1787954237549681572,1787954237549189443,5814634489589,0,0,0,0
tx,235,34,1,1,1787954237549689591,1787954237549189443,5814634497959,5814634529293,72,0,0
rx,236,35,1,1,1787954237565996628,1787954237565433720,5814650804645,0,0,0,0
tx,236,35,1,1,1787954237566003980,1787954237565433720,5814650812237,5814650840163,72,0,0
rx,237,36,1,1,1787954237580133368,1787954237579376757,5814664941367,0,0,0,0
tx,237,36,1,1,1787954237580141202,1787954237579376757,5814664949645,5814664977922,72,0,0
rx,238,37,1,1,1787954237595381257,1787954237594481646,5814680189163,0,0,0,0
tx,238,37,1,1,1787954237595392776,1787954237594481646,5814680201015,5814680232737,72,0,0
rx,239,38,1,1,1787954237610625739,1787954237609606980,5814695433682,0,0,0,0
tx,239,38,1,1,1787954237610636331,1787954237609606980,5814695444589,5814695471330,72,0,0
rx,240,39,1,1,1787954237624757850,1787954237624436683,5814709565848,0,0,0,0
tx,240,39,1,1,1787954237624765183,1787954237624436683,5814709573441,5814709598830,72,0,0
rx,241,40,1,1,1787954237640001831,1787954237639644480,5814724809830,0,0,0,0
tx,241,40,1,1,1787954237640009128,1787954237639644480,5814724817385,5814724842941,72,0,0
rx,242,41,1,1,1787954237655272017,1787954237654414405,5814740080015,0,0,0,0
tx,242,41,1,1,1787954237655279924,1787954237654414405,5814740088163,5814740119830,72,0,0
rx,243,42,1,1,1787954237670512461,1787954237669444165,5814755320441,0,0,0,0
tx,243,42,1,1,1787954237670520035,1787954237669444165,5814755328274,5814755355015,72,0,0
rx,244,43,1,1,1787954237684654887,1787954237683978998,5814769462885,0,0,0,0
tx,244,43,1,1,1787954237684662961,1787954237683978998,5814769471256,5814769500607,72,0,0
rx,245,44,1,1,1787954237699941405,1787954237699003368,5814784749404,0,0,0,0
tx,245,44,1,1,1787954237699954072,1787954237699003368,5814784762589,5814784795978,72,0,0
rx,246,45,1,1,1787954237715236239,1787954237714206831,5814800044256,0,0,0,0
tx,246,45,1,1,1787954237715247424,1787954237714206831,5814800055700,5814800083145,72,0,0
rx,247,46,1,1,1787954237730467072,1787954237729397831,5814815275070,0,0,0,0
tx,247,46,1,1,1787954237730474572,1787954237729397831,5814815282830,5814815309422,72,0,0
rx,248,47,1,1,1787954237744658165,1787954237744374609,5814829466163,0,0,0,0
tx,248,47,1,1,1787954237744666720,1787954237744374609,5814829474978,5814829512311,72,0,0
rx,249,48,1,1,1787954237759905998,1787954237759783720,5814844714015,0,0,0,0
tx,249,48,1,1,1787954237759913424,1787954237759783720,5814844721737,5814844748274,72,0,0
rx,250,49,1,1,1787954237775127313,1787954237774822424,5814859934978,0,0,0,0
tx,250,49,1,1,1787954237775134739,1787954237774822424,5814859943089,5814859972496,72,0,0
rx,251,50,1,1,1787954237789324702,1787954237789198053,5814874132700,0,0,0,0
tx,251,50,1,1,1787954237789333072,1787954237789198053,5814874141404,5814874172922,72,0,0
rx,252,51,1,1,1787954237804570683,1787954237804260276,5814889378681,0,0,0,0
tx,252,51,1,1,1787954237804581887,1787954237804260276,5814889390144,5814889417756,72,0,0
rx,253,52,1,1,1787954237819787220,1787954237819212220,5814904595237,0,0,0,0
tx,253,52,1,1,1787954237819794498,1787954237819212220,5814904602737,5814904629552,72,0,0
rx,254,53,1,1,1787954237835007461,1787954237834245813,5814919815478,0,0,0,0
tx,254,53,1,1,1787954237835014739,1787954237834245813,5814919822978,5814919848941,72,0,0
rx,255,54,1,1,1787954237850239794,1787954237849465998,5814935047811,0,0,0,0
tx,255,54,1,1,1787954237850247961,1787954237849465998,5814935056256,5814935089181,72,0,0
rx,256,55,1,1,1787954237864421739,1787954237863858461,5814949229756,0,0,0,0
tx,256,55,1,1,1787954237864430128,1787954237863858461,5814949238385,5814949274774,72,0,0
rx,257,56,1,1,1787954237879705498,1787954237878989405,5814964513515,0,0,0,0
tx,257,56,1,1,1787954237879713553,1787954237878989405,5814964521793,5814964552218,72,0,0
rx,258,57,1,1,1787954237894992813,1787954237893937887,5814979800774,0,0,0,0
tx,258,57,1,1,1787954237895001016,1787954237893937887,5814979809367,5814979844626,72,0,0
rx,259,58,1,1,1787954237910231905,1787954237909424313,5814995039904,0,0,0,0
tx,259,58,1,1,1787954237910239220,1787954237909424313,5814995047459,5814995074367,72,0,0
rx,260,59,1,1,1787954237924359368,1787954237923906479,5815009167348,0,0,0,0
tx,260,59,1,1,1787954237924366942,1787954237923906479,5815009175218,5815009202181,72,0,0
rx,261,60,1,1,1787954237939576868,1787954237938929387,5815024384867,0,0,0,0
tx,261,60,1,1,1787954237939584183,1787954237938929387,5815024392441,5815024419107,72,0,0
rx,262,61,1,1,1787954237954841665,1787954237954319776,5815039649681,0,0,0,0
tx,262,61,1,1,1787954237954850294,1787954237954319776,5815039658793,5815039692163,72,0,0
rx,263,62,1,1,1787954237970105794,1787954237969103350,5815054913774,0,0,0,0
tx,263,62,1,1,1787954237970113164,1787954237969103350,5815054921422,5815054948515,72,0,0
rx,264,63,1,1,1787954237984260294,1787954237984168127,5815069068292,0,0,0,0
tx,264,63,1,1,1787954237984268276,1787954237984168127,5815069076533,5815069106367,72,0,0
rx,265,64,1,1,1787954237999557998,1787954237999107331,5815084366015,0,0,0,0
tx,265,64,1,1,1787954237999566276,1787954237999107331,5815084374515,5815084409792,72,0,0
rx,266,65,1,1,1787954238014816442,1787954238014234646,5815099624441,0,0,0,0
tx,266,65,1,1,1787954238014823757,1787954238014234646,5815099632089,5815099660274,72,0,0
rx,267,66,1,1,1787954238030046053,1787954238029041813,5815114854033,0,0,0,0
tx,267,66,1,1,1787954238030057461,1787954238029041813,5815114865718,5815114893589,72,0,0
rx,268,67,1,1,1787954238044226905,1787954238043988961,5815129034922,0,0,0,0
tx,268,67,1,1,1787954238044234776,1787954238043988961,5815129043033,5815129075922,72,0,0
rx,269,68,1,1,1787954238059520035,1787954238059432461,5815144328015,0,0,0,0
tx,269,68,1,1,1787954238059527424,1787954238059432461,5815144335663,5815144363829,72,0,0
rx,270,69,1,1,1787954238074743590,1787954238074198257,5815159551589,0,0,0,0
tx,270,69,1,1,1787954238074750627,1787954238074198257,5815159558904,5815159585478,72,0,0
rx,271,70,1,1,1787954238089973109,1787954238089143627,5815174781126,0,0,0,0
tx,271,70,1,1,1787954238089981072,1787954238089143627,5815174789311,5815174821737,72,0,0
rx,272,71,1,1,1787954238104151276,1787954238104045183,5815188959218,0,0,0,0
tx,272,71,1,1,1787954238104159461,1787954238104045183,5815188967737,5815188996329,72,0,0
rx,273,72,1,1,1787954238119408183,1787954238119092701,5815204216200,0,0,0,0
tx,273,72,1,1,1787954238119415627,1787954238119092701,5815204223904,5815204250792,72,0,0
rx,274,73,1,1,1787954238134666146,1787954238133872646,5815219474144,0,0,0,0
tx,274,73,1,1,1787954238134678035,1787954238133872646,5815219486366,5815219518978,72,0,0
rx,275,74,1,1,1787954238149982424,1787954238149406850,5815234790441,0,0,0,0
tx,275,74,1,1,1787954238149994794,1787954238149406850,5815234803052,5815234834255,72,0,0
rx,276,75,1,1,1787954238165215757,1787954238164400331,5815250023755,0,0,0,0
tx,276,75,1,1,1787954238165223016,1787954238164400331,5815250031255,5815250057015,72,0,0
rx,277,76,1,1,1787954238179363572,1787954238179254553,5815264171570,0,0,0,0
tx,277,76,1,1,1787954238179371035,1787954238179254553,5815264179292,5815264208089,72,0,0
rx,278,77,1,1,1787954238194626442,1787954238194293794,5815279434441,0,0,0,0
tx,278,77,1,1,1787954238194635127,1787954238194293794,5815279443459,5815279478200,72,0,0
rx,279,78,1,1,1787954238209931646,1787954238208943405,5815294739644,0,0,0,0
tx,279,78,1,1,1787954238209939257,1787954238208943405,5815294747496,5815294775959,72,0,0
rx,280,79,1,1,1787954238224089794,1787954238223818275,5815308897811,0,0,0,0
tx,280,79,1,1,1787954238224097312,1787954238223818275,5815308905570,5815308931755,72,0,0
rx,281,80,1,1,1787954238239306516,1787954238239013183,5815324114515,0,0,0,0
tx,281,80,1,1,1787954238239319090,1787954238239013183,5815324127329,5815324160922,72,0,0
rx,282,81,1,1,1787954238254567257,1787954238254051775,5815339375237,0,0,0,0
tx,282,81,1,1,1787954238254579424,1787954238254051775,5815339387718,5815339418459,72,0,0
rx,283,82,1,1,1787954238269794850,1787954238269347646,5815354602607,0,0,0,0
tx,283,82,1,1,1787954238269802035,1787954238269347646,5815354610292,5815354637811,72,0,0
rx,284,83,1,1,1787954238285073035,1787954238284085942,5815369881033,0,0,0,0
tx,284,83,1,1,1787954238285080924,1787954238284085942,5815369889181,5815369918866,72,0,0
rx,285,84,1,1,1787954238299259257,1787954238299014812,5815384067255,0,0,0,0
tx,285,84,1,1,1787954238299267090,1787954238299014812,5815384075366,5815384108774,72,0,0
rx,286,85,1,1,1787954238314495461,1787954238314183053,5815399303459,0,0,0,0
tx,286,85,1,1,1787954238314502664,1787954238314183053,5815399310940,5815399339070,72,0,0
rx,287,86,1,1,1787954238329716572,1787954238329113516,5815414524570,0,0,0,0
tx,287,86,1,1,1787954238329723775,1787954238329113516,5815414532033,5815414557422,72,0,0
rx,288,87,1,1,1787954238344978794,1787954238344235275,5815429786792,0,0,0,0
tx,288,87,1,1,1787954238344986683,1787954238344235275,5815429794959,5815429828366,72,0,0
rx,289,88,1,1,1787954238359160701,1787954238358956035,5815443968700,0,0,0,0
tx,289,88,1,1,1787954238359168442,1787954238358956035,5815443976681,5815444032144,72,0,0
rx,290,89,1,1,1787954238375495275,1787954238374671035,5815460303181,0,0,0,0
tx,290,89,1,1,1787954238375506405,1787954238374671035,5815460314681,5815460341274,72,0,0
rx,291,90,1,1,1787954238389639090,1787954238389072312,5815474447107,0,0,0,0
tx,291,90,1,1,1787954238389647386,1787954238389072312,5815474455626,5815474489163,72,0,0
rx,292,91,1,1,1787954238404941701,1787954238404162757,5815489749681,0,0,0,0
tx,292,91,1,1,1787954238404948998,1787954238404162757,5815489757274,5815489787829,72,0,0
rx,293,92,1,1,1787954238419086331,1787954238418794294,5815503894329,0,0,0,0
tx,293,92,1,1,1787954238419093423,1787954238418794294,5815503901774,5815503928737,72,0,0
rx,294,93,1,1,1787954238434309794,1787954238434087516,5815519117811,0,0,0,0
tx,294,93,1,1,1787954238434317738,1787954238434087516,5815519126033,5815519158866,72,0,0
rx,295,94,1,1,1787954238449602146,1787954238449341072,5815534410089,0,0,0,0
tx,295,94,1,1,1787954238449609868,1787954238449341072,5815534418144,5815534447255,72,0,0
rx,296,95,1,1,1787954238464819683,1787954238464289923,5815549627681,0,0,0,0
tx,296,95,1,1,1787954238464830849,1787954238464289923,5815549639107,5815549665533,72,0,0
rx,297,96,1,1,1787954238480051127,1787954238479708423,5815564859033,0,0,0,0
tx,297,96,1,1,1787954238480062701,1787954238479708423,5815564870959,5815564923811,72,0,0
rx,298,97,1,1,1787954238495353442,1787954238494347998,5815580161422,0,0,0,0
tx,298,97,1,1,1787954238495361164,1787954238494347998,5815580169422,5815580202181,72,0,0
rx,299,98,1,1,1787954238509525960,1787954238509429201,5815594333977,0,0,0,0
tx,299,98,1,1,1787954238509533460,1787954238509429201,5815594341718,5815594368403,72,0,0
rx,300,99,1,1,1787954238524745627,1787954238524042127,5815609553644,0,0,0,0
tx,300,99,1,1,1787954238524752775,1787954238524042127,5815609561033,5815609587051,72,0,0
rx,301,100,1,1,1787954238539968683,1787954238539447516,5815624776700,0,0,0,0
tx,301,100,1,1,1787954238539976479,1787954238539447516,5815624784755,5815624817459,72,0,0
rx,302,101,1,1,1787954238555317905,1787954238554329590,5815640125922,0,0,0,0
tx,302,101,1,1,1787954238555325164,1787954238554329590,5815640133422,5815640162274,72,0,0
rx,303,102,1,1,1787954238570538146,1787954238569683109,5815655346144,0,0,0,0
tx,303,102,1,1,1787954238570545201,1787954238569683109,5815655353459,5815655378922,72,0,0
rx,304,103,1,1,1787954238584740738,1787954238584628331,5815669548737,0,0,0,0
tx,304,103,1,1,1787954238584753535,1787954238584628331,5815669561792,5815669624570,72,0,0
rx,305,104,1,1,1787954238599007349,1787954238598910997,5815683815348,0,0,0,0
tx,305,104,1,1,1787954238599016368,1787954238598910997,5815683824607,5815683858329,72,0,0
rx,306,105,1,1,1787954238614257034,1787954238614065479,5815699065051,0,0,0,0
tx,306,105,1,1,1787954238614264942,1787954238614065479,5815699073200,5815699100496,72,0,0
rx,307,106,1,1,1787954238629471664,1787954238629125146,5815714279662,0,0,0,0
tx,307,106,1,1,1787954238629478720,1787954238629125146,5815714286959,5815714312144,72,0,0
rx,308,107,1,1,1787954238644775368,1787954238644690738,5815729583348,0,0,0,0
tx,308,107,1,1,1787954238644784312,1787954238644690738,5815729592644,5815729623662,72,0,0
rx,309,108,1,1,1787954238660011942,1787954238659412127,5815744819940,0,0,0,0
tx,309,108,1,1,1787954238660019016,1787954238659412127,5815744827274,5815744854459,72,0,0
rx,310,109,1,1,1787954238674240109,1787954238674164331,5815759048125,0,0,0,0
tx,310,109,1,1,1787954238674252257,1787954238674164331,5815759060514,5815759085922,72,0,0
rx,311,110,1,1,1787954238690552053,1787954238689687831,5815775360033,0,0,0,0
tx,311,110,1,1,1787954238690560238,1787954238689687831,5815775368514,5815775400755,72,0,0
rx,312,111,1,1,1787954238704717183,1787954238704381386,5815789525181,0,0,0,0
tx,312,111,1,1,1787954238704724534,1787954238704381386,5815789532903,5815789562329,72,0,0
rx,313,112,1,1,1787954238720026460,1787954238719037201,5815804834459,0,0,0,0
tx,313,112,1,1,1787954238720033849,1787954238719037201,5815804842125,5815804869551,72,0,0
rx,314,113,1,1,1787954238734163220,1787954238734041405,5815818971181,0,0,0,0
tx,314,113,1,1,1787954238734170275,1787954238734041405,5815818978514,5815819005181,72,0,0
rx,315,114,1,1,1787954238749475201,1787954238749065757,5815834283199,0,0,0,0
tx,315,114,1,1,1787954238749483534,1787954238749065757,5815834291885,5815834325811,72,0,0
rx,316,115,1,1,1787954238764716979,1787954238764482794,5815849524959,0,0,0,0
tx,316,115,1,1,1787954238764724831,1787954238764482794,5815849533088,5815849559977,72,0,0
rx,317,116,1,1,1787954238779960460,1787954238778953349,5815864768199,0,0,0,0
tx,317,116,1,1,1787954238779967812,1787954238778953349,5815864776070,5815864806348,72,0,0
rx,318,117,1,1,1787954238795285405,1787954238794553497,5815880093403,0,0,0,0
tx,318,117,1,1,1787954238795294275,1787954238794553497,5815880102533,5815880135625,72,0,0
rx,319,118,1,1,1787954238809403590,1787954238809138868,5815894211607,0,0,0,0
tx,319,118,1,1,1787954238809411090,1787954238809138868,5815894219348,5815894247533,72,0,0
rx,320,119,1,1,1787954238824645534,1787954238824091386,5815909453533,0,0,0,0
tx,320,119,1,1,1787954238824653145,1787954238824091386,5815909461403,5815909489736,72,0,0
rx,321,120,1,1,1787954238839888960,1787954238839719090,5815924696977,0,0,0,0
tx,321,120,1,1,1787954238839897090,1787954238839719090,5815924705385,5815924739607,72,0,0
rx,322,121,1,1,1787954238855233442,1787954238854713220,5815940041459,0,0,0,0
tx,322,121,1,1,1787954238855241368,1787954238854713220,5815940049644,5815940080440,72,0,0
rx,323,122,1,1,1787954238870590775,1787954238869977664,5815955398792,0,0,0,0
tx,323,122,1,1,1787954238870599182,1787954238869977664,5815955407440,5815955445199,72,0,0
rx,324,123,1,1,1787954238884983534,1787954238883995294,5815969791422,0,0,0,0
tx,324,123,1,1,1787954238884992423,1787954238883995294,5815969800681,5815969839236,72,0,0
rx,325,124,1,1,1787954238900321331,1787954238899462868,5815985129329,0,0,0,0
tx,325,124,1,1,1787954238900329053,1787954238899462868,5815985137310,5815985170792,72,0,0
rx,326,125,1,1,1787954238915682368,1787954238914670238,5816000490347,0,0,0,0
tx,326,125,1,1,1787954238915693368,1787954238914670238,5816000501625,5816000531588,72,0,0
rx,327,126,1,1,1787954238929837645,1787954238929667757,5816014645662,0,0,0,0
tx,327,126,1,1,1787954238929845645,1787954238929667757,5816014653903,5816014682922,72,0,0
rx,328,127,1,1,1787954238945135571,1787954238944238812,5816029943588,0,0,0,0
tx,328,127,1,1,1787954238945144831,1787954238944238812,5816029953088,5816029989385,72,0,0
rx,329,128,1,1,1787954238959443349,1787954238959254905,5816044251347,0,0,0,0
tx,329,128,1,1,1787954238959451108,1787954238959254905,5816044259366,5816044288736,72,0,0
rx,330,129,1,1,1787954238974664034,1787954238974274442,5816059472051,0,0,0,0
tx,330,129,1,1,1787954238974671331,1787954238974274442,5816059479625,5816059507255,72,0,0
rx,331,130,1,1,1787954238989939719,1787954238988936294,5816074747681,0,0,0,0
tx,331,130,1,1,1787954238989947960,1787954238988936294,5816074756236,5816074791088,72,0,0
rx,332,131,1,1,1787954239005247331,1787954239004693331,5816090055329,0,0,0,0
tx,332,131,1,1,1787954239005255294,1787954239004693331,5816090063533,5816090094310,72,0,0
rx,333,132,1,1,1787954239019419719,1787954239018850738,5816104227718,0,0,0,0
tx,333,132,1,1,1787954239019427423,1787954239018850738,5816104235681,5816104426829,72,0,0
rx,334,133,1,1,1787954239034809590,1787954239034194238,5816119617588,0,0,0,0
tx,334,133,1,1,1787954239034817127,1787954239034194238,5816119625551,5816119653421,72,0,0
rx,335,134,1,1,1787954239050268034,1787954239049264812,5816135075996,0,0,0,0
tx,335,134,1,1,1787954239050276423,1787954239049264812,5816135084662,5816135123125,72,0,0
rx,336,135,1,1,1787954239064436145,1787954239064233145,5816149244144,0,0,0,0
tx,336,135,1,1,1787954239064443738,1787954239064233145,5816149252014,5816149281699,72,0,0
rx,337,136,1,1,1787954239079738645,1787954239079436534,5816164546662,0,0,0,0
tx,337,136,1,1,1787954239079746553,1787954239079436534,5816164554847,5816164587051,72,0,0
rx,338,137,1,1,1787954239095005034,1787954239093950590,5816179813051,0,0,0,0
tx,338,137,1,1,1787954239095014627,1787954239093950590,5816179822884,5816179859162,72,0,0
rx,339,138,1,1,1787954239110261330,1787954239109829775,5816195069347,0,0,0,0
tx,339,138,1,1,1787954239110269256,1787954239109829775,5816195077514,5816195107051,72,0,0
rx,340,139,1,1,1787954239125544145,1787954239124533238,5816210352088,0,0,0,0
tx,340,139,1,1,1787954239125551886,1787954239124533238,5816210360125,5816210389847,72,0,0
rx,341,140,1,1,1787954239139826442,1787954239139173997,5816224634458,0,0,0,0
tx,341,140,1,1,1787954239139834830,1787954239139173997,5816224643107,5816224676755,72,0,0
rx,342,141,1,1,1787954239154066349,1787954239153971201,5816238874366,0,0,0,0
tx,342,141,1,1,1787954239154074127,1787954239153971201,5816238882384,5816238912181,72,0,0
rx,343,142,1,1,1787954239169395923,1787954239169119367,5816254203884,0,0,0,0
tx,343,142,1,1,1787954239169403330,1787954239169119367,5816254211588,5816254240625,72,0,0
rx,344,143,1,1,1787954239184710201,1787954239183920942,5816269518199,0,0,0,0
tx,344,143,1,1,1787954239184718664,1787954239183920942,5816269526940,5816269564866,72,0,0
rx,345,144,1,1,1787954239198963793,1787954239198879238,5816283771792,0,0,0,0
tx,345,144,1,1,1787954239198972608,1787954239198879238,5816283780866,5816283810088,72,0,0
rx,346,145,1,1,1787954239214265627,1787954239214182942,5816299073644,0,0,0,0
tx,346,145,1,1,1787954239214273997,1787954239214182942,5816299082255,5816299110773,72,0,0
rx,347,146,1,1,1787954239229500608,1787954239229169404,5816314308625,0,0,0,0
tx,347,146,1,1,1787954239229512553,1787954239229169404,5816314320810,5816314355495,72,0,0
rx,348,147,1,1,1787954239244742404,1787954239244256423,5816329550403,0,0,0,0
tx,348,147,1,1,1787954239244750182,1787954239244256423,5816329558440,5816329588662,72,0,0
rx,349,148,1,1,1787954239260018849,1787954239259187812,5816344826847,0,0,0,0
tx,349,148,1,1,1787954239260027330,1787954239259187812,5816344835570,5816344865014,72,0,0
rx,350,149,1,1,1787954239275239738,1787954239274770053,5816360047736,0,0,0,0
tx,350,149,1,1,1787954239275246979,1787954239274770053,5816360055273,5816360082736,72,0,0
rx,351,150,1,1,1787954239289576404,1787954239289045330,5816374384403,0,0,0,0
tx,351,150,1,1,1787954239289584479,1787954239289045330,5816374392736,5816374429181,72,0,0
rx,352,151,1,1,1787954239304844719,1787954239303941775,5816389652718,0,0,0,0
tx,352,151,1,1,1787954239304852553,1787954239303941775,5816389660810,5816389691514,72,0,0
rx,353,152,1,1,1787954239320190479,1787954239319499701,5816404998477,0,0,0,0
tx,353,152,1,1,1787954239320197867,1787954239319499701,5816405006162,5816405035736,72,0,0
rx,354,153,1,1,1787954239335460164,1787954239334404053,5816420267958,0,0,0,0
tx,354,153,1,1,1787954239335468145,1787954239334404053,5816420276403,5816420310699,72,0,0
rx,355,154,1,1,1787954239349667516,1787954239349040404,5816434475514,0,0,0,0
tx,355,154,1,1,1787954239349679145,1787954239349040404,5816434487403,5816434518273,72,0,0
rx,356,155,1,1,1787954239364912886,1787954239364383886,5816449720903,0,0,0,0
tx,356,155,1,1,1787954239364920645,1787954239364383886,5816449728903,5816449759681,72,0,0
rx,357,156,1,1,1787954239380180682,1787954239379110645,5816464988662,0,0,0,0
tx,357,156,1,1,1787954239380188664,1787954239379110645,5816464996903,5816465031551,72,0,0
rx,358,157,1,1,1787954239394348127,1787954239394034738,5816479156144,0,0,0,0
tx,358,157,1,1,1787954239394356256,1787954239394034738,5816479164551,5816479198440,72,0,0
rx,359,158,1,1,1787954239408744238,1787954239408650886,5816493552236,0,0,0,0
tx,359,158,1,1,1787954239408752404,1787954239408650886,5816493560662,5816493590995,72,0,0
rx,360,159,1,1,1787954239425052090,1787954239424564034,5816509860069,0,0,0,0
tx,360,159,1,1,1787954239425059793,1787954239424564034,5816509868032,5816509895847,72,0,0
rx,361,160,1,1,1787954239440332386,1787954239439730090,5816525140403,0,0,0,0
tx,361,160,1,1,1787954239440340312,1787954239439730090,5816525148569,5816525181699,72,0,0
rx,362,161,1,1,1787954239454492608,1787954239454365275,5816539300606,0,0,0,0
tx,362,161,1,1,1787954239454538960,1787954239454365275,5816539347218,5816539377032,72,0,0
rx,363,162,1,1,1787954239469812478,1787954239469037256,5816554620495,0,0,0,0
tx,363,162,1,1,1787954239469820330,1787954239469037256,5816554628588,5816554656477,72,0,0
rx,364,163,1,1,1787954239485042627,1787954239484441960,5816569850643,0,0,0,0
tx,364,163,1,1,1787954239485050849,1787954239484441960,5816569859125,5816569905643,72,0,0
rx,365,164,1,1,1787954239500325830,1787954239499877015,5816585133829,0,0,0,0
tx,365,164,1,1,1787954239500333367,1787954239499877015,5816585141662,5816585172421,72,0,0
rx,366,165,1,1,1787954239514553534,1787954239514179849,5816599361551,0,0,0,0
tx,366,165,1,1,1787954239514560886,1787954239514179849,5816599369143,5816599398273,72,0,0
rx,367,166,1,1,1787954239531028312,1787954239530707830,5816615836310,0,0,0,0
tx,367,166,1,1,1787954239531037145,1787954239530707830,5816615845403,5816615880625,72,0,0
rx,368,167,1,1,1787954239545222330,1787954239544218608,5816630030347,0,0,0,0
tx,368,167,1,1,1787954239545230015,1787954239544218608,5816630038292,5816630068310,72,0,0
rx,369,168,1,1,1787954239560601312,1787954239559589886,5816645409310,0,0,0,0
tx,369,168,1,1,1787954239560608664,1787954239559589886,5816645416940,5816645446717,72,0,0
rx,370,169,1,1,1787954239574723386,1787954239574288423,5816659531403,0,0,0,0
tx,370,169,1,1,1787954239574731052,1787954239574288423,5816659539329,5816659567366,72,0,0
rx,371,170,1,1,1787954239589973126,1787954239589138441,5816674781143,0,0,0,0
tx,371,170,1,1,1787954239589982571,1787954239589138441,5816674790829,5816674823699,72,0,0
rx,372,171,1,1,1787954239604213849,1787954239603989738,5816689021847,0,0,0,0
tx,372,171,1,1,1787954239604221367,1787954239603989738,5816689029903,5816689060032,72,0,0
rx,373,172,1,1,1787954239619622645,1787954239619494145,5816704430643,0,0,0,0
tx,373,172,1,1,1787954239619630997,1787954239619494145,5816704439254,5816704470143,72,0,0
rx,374,173,1,1,1787954239635002478,1787954239634883904,5816719810495,0,0,0,0
tx,374,173,1,1,1787954239635011015,1787954239634883904,5816719819273,5816719854421,72,0,0
rx,375,174,1,1,1787954239649135238,1787954239648772886,5816733943254,0,0,0,0
tx,375,174,1,1,1787954239649142904,1787954239648772886,5816733951162,5816733980384,72,0,0
rx,376,175,1,1,1787954239665414201,1787954239664404830,5816750222199,0,0,0,0
tx,376,175,1,1,1787954239665421552,1787954239664404830,5816750229829,5816750256995,72,0,0
rx,377,176,1,1,1787954239679560256,1787954239678865626,5816764368273,0,0,0,0
tx,377,176,1,1,1787954239681119719,1787954239678865626,5816765928014,5816765964440,72,0,0
rx,378,177,1,1,1787954239695287756,1787954239694398719,5816780095717,0,0,0,0
tx,378,177,1,1,1787954239695295663,1787954239694398719,5816780103903,5816780132588,72,0,0
rx,379,178,1,1,1787954239709423645,1787954239709331775,5816794231662,0,0,0,0
tx,379,178,1,1,1787954239709431015,1787954239709331775,5816794239291,5816794266125,72,0,0
rx,380,179,1,1,1787954239725709460,1787954239724821238,5816810517477,0,0,0,0
tx,380,179,1,1,1787954239725716775,1787954239724821238,5816810525032,5816810551958,72,0,0
rx,381,180,1,1,1787954239740319275,1787954239739875904,5816825127291,0,0,0,0
tx,381,180,1,1,1787954239740327145,1787954239739875904,5816825135421,5816825168643,72,0,0
rx,382,181,1,1,1787954239754523312,1787954239754213108,5816839331291,0,0,0,0
tx,382,181,1,1,1787954239754531071,1787954239754213108,5816839339347,5816839368273,72,0,0
rx,383,182,1,1,1787954239769751182,1787954239769001108,5816854559162,0,0,0,0
tx,383,182,1,1,1787954239769758367,1787954239769001108,5816854566625,5816854593051,72,0,0
rx,384,183,1,1,1787954239785306386,1787954239784307163,5816870114384,0,0,0,0
tx,384,183,1,1,1787954239785315182,1787954239784307163,5816870123514,5816870159014,72,0,0
rx,385,184,1,1,1787954239799460386,1787954239799279775,5816884268384,0,0,0,0
tx,385,184,1,1,1787954239799468071,1787954239799279775,5816884276440,5816884306569,72,0,0
rx,386,185,1,1,1787954239814689589,1787954239814193941,5816899497588,0,0,0,0
tx,386,185,1,1,1787954239814696867,1787954239814193941,5816899505125,5816899531440,72,0,0
rx,387,186,1,1,1787954239829958275,1787954239829112904,5816914766273,0,0,0,0
tx,387,186,1,1,1787954239829966923,1787954239829112904,5816914775199,5816914810662,72,0,0
rx,388,187,1,1,1787954239845192886,1787954239844486126,5816930000884,0,0,0,0
tx,388,187,1,1,1787954239845200774,1787954239844486126,5816930009051,5816930038643,72,0,0
rx,389,188,1,1,1787954239860518793,1787954239859448423,5816945326791,0,0,0,0
tx,389,188,1,1,1787954239860527608,1787954239859448423,5816945335865,5816945377699,72,0,0
rx,390,189,1,1,1787954239874707386,1787954239874084071,5816959515273,0,0,0,0
tx,390,189,1,1,1787954239874714904,1787954239874084071,5816959523143,5816959551180,72,0,0
rx,391,190,1,1,1787954239890378849,1787954239889375200,5816975186754,0,0,0,0
tx,391,190,1,1,1787954239890387126,1787954239889375200,5816975195365,5816975233940,72,0,0
rx,392,191,1,1,1787954239904528441,1787954239904095052,5816989336458,0,0,0,0
tx,392,191,1,1,1787954239904536182,1787954239904095052,5816989344439,5816989373032,72,0,0
rx,393,192,1,1,1787954239919713700,1787954239919268237,5817004521680,0,0,0,0
tx,393,192,1,1,1787954239919721293,1787954239919268237,5817004529569,5817004558736,72,0,0
rx,394,193,1,1,1787954239935034460,1787954239934277997,5817019842477,0,0,0,0
tx,394,193,1,1,1787954239935042737,1787954239934277997,5817019851106,5817019886902,72,0,0
rx,395,194,1,1,1787954239950228386,1787954239950021460,5817035036384,0,0,0,0
tx,395,194,1,1,1787954239950236311,1787954239950021460,5817035044588,5817035073514,72,0,0
rx,396,195,1,1,1787954239965469497,1787954239964857330,5817050277514,0,0,0,0
tx,396,195,1,1,1787954239965477108,1787954239964857330,5817050285384,5817050312051,72,0,0
rx,397,196,1,1,1787954239979658552,1787954239979248034,5817064466551,0,0,0,0
tx,397,196,1,1,1787954239979667404,1787954239979248034,5817064475643,5817064513365,72,0,0
rx,398,197,1,1,1787954239994870071,1787954239994457793,5817079678088,0,0,0,0
tx,398,197,1,1,1787954239994877774,1787954239994457793,5817079686014,5817079716791,72,0,0
rx,399,198,1,1,1787954240009009274,1787954240008925515,5817093817273,0,0,0,0
tx,399,198,1,1,1787954240009017774,1787954240008925515,5817093826014,5817093853699,72,0,0
rx,400,199,1,1,1787954240024201145,1787954240024033848,5817109009125,0,0,0,0
tx,400,199,1,1,1787954240024208682,1787954240024033848,5817109016939,5817109044662,72,0,0
rx,401,200,1,1,1787954240039287034,1787954240039004348,5817124095032,0,0,0,0
tx,401,200,1,1,1787954240039295515,1787954240039004348,5817124103754,5817124139754,72,0,0
rx,402,0,1,1,1787954240054553719,1787954240054338274,5817139361699,0,0,0,0
tx,402,0,1,1,1787954240054561163,1787954240054338274,5817139369421,5817139399828,72,0,0
rx,403,1,1,1,1787954240069927293,1787954240069695348,5817154735291,0,0,0,0
tx,403,1,1,1,1787954240069934589,1787954240069695348,5817154742847,5817154769865,72,0,0
rx,404,2,1,1,1787954240085177404,1787954240084924274,5817169985402,0,0,0,0
tx,404,2,1,1,1787954240085185941,1787954240084924274,5817169994180,5817170031273,72,0,0
rx,405,3,1,1,1787954240100437534,1787954240099567978,5817185245532,0,0,0,0
tx,405,3,1,1,1787954240100445460,1787954240099567978,5817185253717,5817185285291,72,0,0
rx,406,4,1,1,1787954240114600293,1787954240114046571,5817199408310,0,0,0,0
tx,406,4,1,1,1787954240114611293,1787954240114046571,5817199419550,5817199447717,72,0,0
rx,407,5,1,1,1787954240128973737,1787954240128741626,5817213781736,0,0,0,0
tx,407,5,1,1,1787954240128981571,1787954240128741626,5817213790069,5817213819273,72,0,0
rx,408,6,1,1,1787954240144374182,1787954240143963348,5817229182199,0,0,0,0
tx,408,6,1,1,1787954240144383145,1787954240143963348,5817229191402,5817229228013,72,0,0
rx,409,7,1,1,1787954240160812608,1787954240159706145,5817245620606,0,0,0,0
tx,409,7,1,1,1787954240160820830,1787954240159706145,5817245629087,5817245659495,72,0,0
rx,410,8,1,1,1787954240175111497,1787954240174864552,5817259919495,0,0,0,0
tx,410,8,1,1,1787954240175119348,1787954240174864552,5817259927587,5817259957273,72,0,0
rx,411,9,1,1,1787954240189527774,1787954240189199700,5817274335773,0,0,0,0
tx,411,9,1,1,1787954240189536645,1787954240189199700,5817274344902,5817274381162,72,0,0
rx,412,10,1,1,1787954240204967774,1787954240204060552,5817289775791,0,0,0,0
tx,412,10,1,1,1787954240204975571,1787954240204060552,5817289783810,5817289814921,72,0,0
rx,413,11,1,1,1787954240220397478,1787954240219316071,5817305205476,0,0,0,0
tx,413,11,1,1,1787954240220405089,1787954240219316071,5817305213365,5817305242643,72,0,0
rx,414,12,1,1,1787954240234808089,1787954240234402200,5817319616087,0,0,0,0
tx,414,12,1,1,1787954240234816330,1787954240234402200,5817319624587,5817319657476,72,0,0
rx,415,13,1,1,1787954240250168034,1787954240249073404,5817334976032,0,0,0,0
tx,415,13,1,1,1787954240250175811,1787954240249073404,5817334984069,5817335035365,72,0,0
rx,416,14,1,1,1787954240264517256,1787954240264259830,5817349325254,0,0,0,0
tx,416,14,1,1,1787954240264525256,1787954240264259830,5817349333513,5817349363865,72,0,0
rx,417,15,1,1,1787954240279843719,1787954240279430608,5817364651717,0,0,0,0
tx,417,15,1,1,1787954240279852533,1787954240279430608,5817364660810,5817364696699,72,0,0
rx,418,16,1,1,1787954240294164163,1787954240293877311,5817378972161,0,0,0,0
tx,418,16,1,1,1787954240294172385,1787954240293877311,5817378980661,5817379013050,72,0,0
rx,419,17,1,1,1787954240309428256,1787954240309094941,5817394236254,0,0,0,0
tx,419,17,1,1,1787954240309436126,1787954240309094941,5817394244402,5817394274032,72,0,0
rx,420,18,1,1,1787954240324755700,1787954240323812811,5817409563699,0,0,0,0
tx,420,18,1,1,1787954240324764552,1787954240323812811,5817409572810,5817409609939,72,0,0
rx,421,19,1,1,1787954240340059237,1787954240339168256,5817424867236,0,0,0,0
tx,421,19,1,1,1787954240340071570,1787954240339168256,5817424879810,5817424912310,72,0,0
rx,422,20,1,1,1787954240354272570,1787954240353945182,5817439080569,0,0,0,0
tx,422,20,1,1,1787954240354280608,1787954240353945182,5817439088865,5817439119754,72,0,0
rx,423,21,1,1,1787954240369581496,1787954240369093626,5817454389495,0,0,0,0
tx,423,21,1,1,1787954240369590108,1787954240369093626,5817454398347,5817454429439,72,0,0
rx,424,22,1,1,1787954240384887533,1787954240384517033,5817469695550,0,0,0,0
tx,424,22,1,1,1787954240384896126,1787954240384517033,5817469704384,5817469754198,72,0,0
rx,425,23,1,1,1787954240400235200,1787954240399134182,5817485043198,0,0,0,0
tx,425,23,1,1,1787954240400243219,1787954240399134182,5817485051458,5817485082124,72,0,0
rx,426,24,1,1,1787954240414503589,1787954240414047904,5817499311606,0,0,0,0
tx,426,24,1,1,1787954240414511737,1787954240414047904,5817499319976,5817499349680,72,0,0
rx,427,25,1,1,1787954240430047367,1787954240429723163,5817514855365,0,0,0,0
tx,427,25,1,1,1787954240430056274,1787954240429723163,5817514864532,5817514901069,72,0,0
rx,428,26,1,1,1787954240445373533,1787954240444484700,5817530181532,0,0,0,0
tx,428,26,1,1,1787954240445386015,1787954240444484700,5817530194254,5817530223902,72,0,0
rx,429,27,1,1,1787954240459576385,1787954240458844385,5817544384384,0,0,0,0
tx,429,27,1,1,1787954240459584144,1787954240458844385,5817544392384,5817544423217,72,0,0
rx,430,28,1,1,1787954240474949330,1787954240474007700,5817559757328,0,0,0,0
tx,430,28,1,1,1787954240474957144,1787954240474007700,5817559765402,5817559795661,72,0,0
rx,431,29,1,1,1787954240490247144,1787954240489237867,5817575055161,0,0,0,0
tx,431,29,1,1,1787954240490255885,1787954240489237867,5817575064143,5817575099735,72,0,0
rx,432,30,1,1,1787954240504500885,1787954240504083867,5817589308884,0,0,0,0
tx,432,30,1,1,1787954240504509885,1787954240504083867,5817589318124,5817589347847,72,0,0
rx,433,31,1,1,1787954240519812348,1787954240519223441,5817604620365,0,0,0,0
tx,433,31,1,1,1787954240519820422,1787954240519223441,5817604628661,5817604657235,72,0,0
rx,434,32,1,1,1787954240535187830,1787954240534092700,5817619995828,0,0,0,0
tx,434,32,1,1,1787954240535232867,1787954240534092700,5817620041106,5817620075347,72,0,0
rx,435,33,1,1,1787954240549427607,1787954240548797237,5817634235606,0,0,0,0
tx,435,33,1,1,1787954240549439644,1787954240548797237,5817634247921,5817634278069,72,0,0
rx,436,34,1,1,1787954240564746663,1787954240563899922,5817649554661,0,0,0,0
tx,436,34,1,1,1787954240564754719,1787954240563899922,5817649562958,5817649591421,72,0,0
rx,437,35,1,1,1787954240580047885,1787954240578941607,5817664855884,0,0,0,0
tx,437,35,1,1,1787954240580056330,1787954240578941607,5817664864624,5817664897291,72,0,0
rx,438,36,1,1,1787954240595362515,1787954240594370330,5817680170513,0,0,0,0
tx,438,36,1,1,1787954240595370941,1787954240594370330,5817680179198,5817680212735,72,0,0
rx,439,37,1,1,1787954240609562089,1787954240609236052,5817694370087,0,0,0,0
tx,439,37,1,1,1787954240609569978,1787954240609236052,5817694378235,5817694407902,72,0,0
rx,440,38,1,1,1787954240624825385,1787954240624084163,5817709633384,0,0,0,0
tx,440,38,1,1,1787954240624833756,1787954240624084163,5817709642013,5817709677346,72,0,0
rx,441,39,1,1,1787954240640104478,1787954240639135367,5817724912458,0,0,0,0
tx,441,39,1,1,1787954240640113144,1787954240639135367,5817724921402,5817724950069,72,0,0
rx,442,40,1,1,1787954240655377459,1787954240654669718,5817740185458,0,0,0,0
tx,442,40,1,1,1787954240655385255,1787954240654669718,5817740193513,5817740223309,72,0,0
rx,443,41,1,1,1787954240669539811,1787954240669056793,5817754347828,0,0,0,0
tx,443,41,1,1,1787954240669547552,1787954240669056793,5817754355791,5817754383809,72,0,0
rx,444,42,1,1,1787954240684844422,1787954240684050441,5817769652421,0,0,0,0
tx,444,42,1,1,1787954240684853033,1787954240684050441,5817769661291,5817769695198,72,0,0
rx,445,43,1,1,1787954240700132867,1787954240699604533,5817784940883,0,0,0,0
tx,445,43,1,1,1787954240700141107,1787954240699604533,5817784949402,5817784980402,72,0,0
rx,446,44,1,1,1787954240715408404,1787954240714307570,5817800216346,0,0,0,0
tx,446,44,1,1,1787954240715415978,1787954240714307570,5817800224217,5817800252143,72,0,0
rx,447,45,1,1,1787954240729599218,1787954240728938626,5817814407217,0,0,0,0
tx,447,45,1,1,1787954240729607274,1787954240728938626,5817814415532,5817814449180,72,0,0
rx,448,46,1,1,1787954240744893533,1787954240744073570,5817829701495,0,0,0,0
tx,448,46,1,1,1787954240744901367,1787954240744073570,5817829709661,5817829738883,72,0,0
rx,449,47,1,1,1787954240760225033,1787954240759881126,5817845033013,0,0,0,0
tx,449,47,1,1,1787954240760233367,1787954240759881126,5817845041643,5817845070458,72,0,0
rx,450,48,1,1,1787954240775518478,1787954240774384385,5817860326457,0,0,0,0
tx,450,48,1,1,1787954240775531255,1787954240774384385,5817860339532,5817860372587,72,0,0
rx,451,49,1,1,1787954240789693626,1787954240789203848,5817874501624,0,0,0,0
tx,451,49,1,1,1787954240789701978,1787954240789203848,5817874510235,5817874544439,72,0,0
rx,452,50,1,1,1787954240804983533,1787954240804489829,5817889791532,0,0,0,0
tx,452,50,1,1,1787954240804991978,1787954240804489829,5817889800217,5817889830143,72,0,0
rx,453,51,1,1,1787954240820319607,1787954240819217422,5817905127606,0,0,0,0
tx,453,51,1,1,1787954240820327478,1787954240819217422,5817905135754,5817905164124,72,0,0
rx,454,52,1,1,1787954240834516866,1787954240834069329,5817919324809,0,0,0,0
tx,454,52,1,1,1787954240834525552,1787954240834069329,5817919333883,5817919366420,72,0,0
rx,455,53,1,1,1787954240849764348,1787954240849130404,5817934572328,0,0,0,0
tx,455,53,1,1,1787954240849773126,1787954240849130404,5817934581402,5817934610754,72,0,0
rx,456,54,1,1,1787954240864857478,1787954240864350829,5817949665494,0,0,0,0
tx,456,54,1,1,1787954240864866829,1787954240864350829,5817949675069,5817949715717,72,0,0
rx,457,55,1,1,1787954240880455237,1787954240880130033,5817965263235,0,0,0,0
tx,457,55,1,1,1787954240880464218,1787954240880130033,5817965272476,5817965307809,72,0,0
rx,458,56,1,1,1787954240894644181,1787954240893965441,5817979452198,0,0,0,0
tx,458,56,1,1,1787954240894652737,1787954240893965441,5817979461013,5817979493254,72,0,0
rx,459,57,1,1,1787954240909935329,1787954240909117348,5817994743328,0,0,0,0
tx,459,57,1,1,1787954240909943441,1787954240909117348,5817994751698,5817994780698,72,0,0
rx,460,58,1,1,1787954240924142681,1787954240923821626,5818008950680,0,0,0,0
tx,460,58,1,1,1787954240924151681,1787954240923821626,5818008960031,5818008994439,72,0,0
rx,461,59,1,1,1787954240939396848,1787954240938700941,5818024204828,0,0,0,0
tx,461,59,1,1,1787954240939404607,1787954240938700941,5818024212883,5818024240717,72,0,0
rx,462,60,1,1,1787954240954661126,1787954240954179644,5818039469143,0,0,0,0
tx,462,60,1,1,1787954240954669255,1787954240954179644,5818039477494,5818039506494,72,0,0
rx,463,61,1,1,1787954240969974218,1787954240969070181,5818054782198,0,0,0,0
tx,463,61,1,1,1787954240969981829,1787954240969070181,5818054790087,5818054818476,72,0,0
rx,464,62,1,1,1787954240984216422,1787954240983868866,5818069024402,0,0,0,0
tx,464,62,1,1,1787954240984229940,1787954240983868866,5818069038198,5818069070531,72,0,0
rx,465,63,1,1,1787954240999611274,1787954240999277755,5818084419272,0,0,0,0
tx,465,63,1,1,1787954240999620126,1787954240999277755,5818084428402,5818084458643,72,0,0
rx,466,64,1,1,1787954241015998366,1787954241014997848,5818100806328,0,0,0,0
tx,466,64,1,1,1787954241016010737,1787954241014997848,5818100818994,5818100849013,72,0,0
rx,467,65,1,1,1787954241030164718,1787954241029458626,5818114972735,0,0,0,0
tx,467,65,1,1,1787954241030173218,1787954241029458626,5818114981457,5818115016605,72,0,0
rx,468,66,1,1,1787954241045405811,1787954241044619755,5818130213754,0,0,0,0
tx,468,66,1,1,1787954241045414126,1787954241044619755,5818130222365,5818130250031,72,0,0
rx,469,67,1,1,1787954241059586163,1787954241058824848,5818144394161,0,0,0,0
tx,469,67,1,1,1787954241059593922,1787954241058824848,5818144402161,5818144431809,72,0,0
rx,470,68,1,1,1787954241074885718,1787954241074587107,5818159693735,0,0,0,0
tx,470,68,1,1,1787954241074893829,1787954241074587107,5818159702180,5818159734105,72,0,0
rx,471,69,1,1,1787954241090175274,1787954241089391533,5818174983161,0,0,0,0
tx,471,69,1,1,1787954241090183200,1787954241089391533,5818174991457,5818175023254,72,0,0
rx,472,70,1,1,1787954241105453959,1787954241104579533,5818190261939,0,0,0,0
tx,472,70,1,1,1787954241105465718,1787954241104579533,5818190274013,5818190302531,72,0,0
rx,473,71,1,1,1787954241119602144,1787954241119129107,5818204410142,0,0,0,0
tx,473,71,1,1,1787954241119609700,1787954241119129107,5818204417939,5818204446068,72,0,0
rx,474,72,1,1,1787954241134882700,1787954241134208718,5818219690698,0,0,0,0
tx,474,72,1,1,1787954241134891218,1787954241134208718,5818219699717,5818219736217,72,0,0
rx,475,73,1,1,1787954241150227829,1787954241149371977,5818235035809,0,0,0,0
tx,475,73,1,1,1787954241150236144,1787954241149371977,5818235044383,5818235073346,72,0,0
rx,476,74,1,1,1787954241164405607,1787954241163867329,5818249213605,0,0,0,0
tx,476,74,1,1,1787954241164413903,1787954241163867329,5818249222142,5818249251272,72,0,0
rx,477,75,1,1,1787954241179658626,1787954241178921589,5818264466568,0,0,0,0
tx,477,75,1,1,1787954241179667144,1787954241178921589,5818264475383,5818264507605,72,0,0
rx,478,76,1,1,1787954241194955107,1787954241193986255,5818279763068,0,0,0,0
tx,478,76,1,1,1787954241194962996,1787954241193986255,5818279771254,5818279802717,72,0,0
rx,479,77,1,1,1787954241210236107,1787954241209389292,5818295044087,0,0,0,0
tx,479,77,1,1,1787954241210248126,1787954241209389292,5818295056383,5818295085031,72,0,0
rx,480,78,1,1,1787954241224538866,1787954241224192700,5818309346865,0,0,0,0
tx,480,78,1,1,1787954241224547551,1787954241224192700,5818309355809,5818309388494,72,0,0
rx,481,79,1,1,1787954241239890033,1787954241239151811,5818324698050,0,0,0,0
tx,481,79,1,1,1787954241239897829,1787954241239151811,5818324706105,5818324735494,72,0,0
rx,482,80,1,1,1787954241255226070,1787954241254126181,5818340034050,0,0,0,0
tx,482,80,1,1,1787954241255234588,1787954241254126181,5818340042994,5818340075309,72,0,0
rx,483,81,1,1,1787954241269420737,1787954241268769588,5818354228698,0,0,0,0
tx,483,81,1,1,1787954241269428237,1787954241268769588,5818354236513,5818354265272,72,0,0
rx,484,82,1,1,1787954241285772366,1787954241284798792,5818370580309,0,0,0,0
tx,484,82,1,1,1787954241285781570,1787954241284798792,5818370589828,5818370625568,72,0,0
rx,485,83,1,1,1787954241299962533,1787954241299028477,5818384770494,0,0,0,0
tx,485,83,1,1,1787954241299970403,1787954241299028477,5818384778661,5818384808772,72,0,0
rx,486,84,1,1,1787954241314134422,1787954241313836088,5818398942420,0,0,0,0
tx,486,84,1,1,1787954241314145996,1787954241313836088,5818398954272,5818398982716,72,0,0
rx,487,85,1,1,1787954241329678607,1787954241329295329,5818414486624,0,0,0,0
tx,487,85,1,1,1787954241329687237,1787954241329295329,5818414495568,5818414527105,72,0,0
rx,488,86,1,1,1787954241344965977,1787954241343979366,5818429773976,0,0,0,0
tx,488,86,1,1,1787954241344973681,1787954241343979366,5818429781939,5818429811290,72,0,0
rx,489,87,1,1,1787954241359285033,1787954241359025681,5818444093050,0,0,0,0
tx,489,87,1,1,1787954241359293848,1787954241359025681,5818444102105,5818444138124,72,0,0
rx,490,88,1,1,1787954241374583125,1787954241374007922,5818459391124,0,0,0,0
tx,490,88,1,1,1787954241374591366,1787954241374007922,5818459399605,5818459436050,72,0,0
rx,491,89,1,1,1787954241389887811,1787954241388833514,5818474695753,0,0,0,0
tx,491,89,1,1,1787954241389895570,1787954241388833514,5818474703827,5818474738365,72,0,0
rx,492,90,1,1,1787954241404113107,1787954241404004885,5818488921124,0,0,0,0
tx,492,90,1,1,1787954241404120977,1787954241404004885,5818488929290,5818488959013,72,0,0
rx,493,91,1,1,1787954241420483292,1787954241419412866,5818505291253,0,0,0,0
tx,493,91,1,1,1787954241420491477,1787954241419412866,5818505299753,5818505333050,72,0,0
rx,494,92,1,1,1787954241435747292,1787954241434876737,5818520555253,0,0,0,0
tx,494,92,1,1,1787954241435755459,1787954241434876737,5818520563716,5818520592476,72,0,0
rx,495,93,1,1,1787954241449974348,1787954241449878014,5818534782346,0,0,0,0
tx,495,93,1,1,1787954241449983236,1787954241449878014,5818534791476,5818534819976,72,0,0
rx,496,94,1,1,1787954241464260940,1787954241463943662,5818549068939,0,0,0,0
tx,496,94,1,1,1787954241464268774,1787954241463943662,5818549077031,5818549106272,72,0,0
rx,497,95,1,1,1787954241479550792,1787954241479252662,5818564358735,0,0,0,0
tx,497,95,1,1,1787954241479559236,1787954241479252662,5818564367513,5818564401216,72,0,0
rx,498,96,1,1,1787954241494857903,1787954241494096014,5818579665902,0,0,0,0
tx,498,96,1,1,1787954241494865885,1787954241494096014,5818579674124,5818579706827,72,0,0
rx,499,97,1,1,1787954241509106681,1787954241508959625,5818593914698,0,0,0,0
tx,499,97,1,1,1787954241509114662,1787954241508959625,5818593922920,5818593954402,72,0,0
rx,500,98,1,1,1787954241524402218,1787954241524284959,5818609210216,0,0,0,0
tx,500,98,1,1,1787954241524411459,1787954241524284959,5818609219716,5818609254642,72,0,0
rx,501,99,1,1,1787954241539685477,1787954241539559496,5818624493494,0,0,0,0
tx,501,99,1,1,1787954241539698014,1787954241539559496,5818624506272,5818624538957,72,0,0
rx,502,100,1,1,1787954241555040014,1787954241554036922,5818639848013,0,0,0,0
tx,502,100,1,1,1787954241555047848,1787954241554036922,5818639856124,5818639888013,72,0,0
rx,503,101,1,1,1787954241569215162,1787954241569105014,5818654023179,0,0,0,0
tx,503,101,1,1,1787954241569223051,1787954241569105014,5818654031309,5818654059846,72,0,0
rx,504,102,1,1,1787954241584509996,1787954241584343773,5818669317938,0,0,0,0
tx,504,102,1,1,1787954241584518588,1787954241584343773,5818669326901,5818669359883,72,0,0
rx,505,103,1,1,1787954241600895366,1787954241600265570,5818685703383,0,0,0,0
tx,505,103,1,1,1787954241600903496,1787954241600265570,5818685711753,5818685744346,72,0,0
rx,506,104,1,1,1787954241616245125,1787954241615249459,5818701053142,0,0,0,0
tx,506,104,1,1,1787954241616252885,1787954241615249459,5818701061161,5818701090531,72,0,0
rx,507,105,1,1,1787954241630437273,1787954241629835570,5818715245290,0,0,0,0
tx,507,105,1,1,1787954241630445496,1787954241629835570,5818715253753,5818715285198,72,0,0
rx,508,106,1,1,1787954241645744403,1787954241644698533,5818730552401,0,0,0,0
tx,508,106,1,1,1787954241645751940,1787954241644698533,5818730560198,5818730599013,72,0,0
rx,509,107,1,1,1787954241659940199,1787954241659214292,5818744748198,0,0,0,0
tx,509,107,1,1,1787954241659954996,1787954241659214292,5818744763235,5818744792142,72,0,0
rx,510,108,1,1,1787954241675224236,1787954241674399829,5818760032235,0,0,0,0
tx,510,108,1,1,1787954241675232736,1787954241674399829,5818760041031,5818760073235,72,0,0
rx,511,109,1,1,1787954241690682347,1787954241689634681,5818775490346,0,0,0,0
tx,511,109,1,1,1787954241690690440,1787954241689634681,5818775498679,5818775532809,72,0,0
rx,512,110,1,1,1787954241704875662,1787954241704275662,5818789683661,0,0,0,0
tx,512,110,1,1,1787954241704883662,1787954241704275662,5818789691901,5818789722142,72,0,0
rx,513,111,1,1,1787954241720218422,1787954241719215977,5818805026420,0,0,0,0
tx,513,111,1,1,1787954241720226292,1787954241719215977,5818805034568,5818805066772,72,0,0
rx,514,112,1,1,1787954241734407162,1787954241734037496,5818819215161,0,0,0,0
tx,514,112,1,1,1787954241734414736,1787954241734037496,5818819222994,5818819251679,72,0,0
rx,515,113,1,1,1787954241749679218,1787954241749572033,5818834487216,0,0,0,0
tx,515,113,1,1,1787954241749686996,1787954241749572033,5818834495235,5818834523438,72,0,0
rx,516,114,1,1,1787954241764009199,1787954241763902607,5818848817198,0,0,0,0
tx,516,114,1,1,1787954241764017736,1787954241763902607,5818848825994,5818848856605,72,0,0
rx,517,115,1,1,1787954241779255033,1787954241779118255,5818864063031,0,0,0,0
tx,517,115,1,1,1787954241779263218,1787954241779118255,5818864071494,5818864105975,72,0,0
rx,518,116,1,1,1787954241794522533,1787954241794310459,5818879330531,0,0,0,0
tx,518,116,1,1,1787954241794530403,1787954241794310459,5818879338661,5818879371272,72,0,0
rx,519,117,1,1,1787954241809794810,1787954241809480477,5818894602809,0,0,0,0
tx,519,117,1,1,1787954241809802792,1787954241809480477,5818894611049,5818894641716,72,0,0
rx,520,118,1,1,1787954241825070236,1787954241824038847,5818909878253,0,0,0,0
tx,520,118,1,1,1787954241825078977,1787954241824038847,5818909887272,5818909922012,72,0,0
rx,521,119,1,1,1787954241839353736,1787954241839180662,5818924161753,0,0,0,0
tx,521,119,1,1,1787954241839364033,1787954241839180662,5818924172290,5818924200642,72,0,0
rx,522,120,1,1,1787954241854748792,1787954241854625236,5818939556735,0,0,0,0
tx,522,120,1,1,1787954241854759496,1787954241854625236,5818939567753,5818939598364,72,0,0
rx,523,121,1,1,1787954241870040236,1787954241869848662,5818954848216,0,0,0,0
tx,523,121,1,1,1787954241870053903,1787954241869848662,5818954862235,5818954902475,72,0,0
rx,524,122,1,1,1787954241885367958,1787954241885258607,5818970175938,0,0,0,0
tx,524,122,1,1,1787954241885375755,1787954241885258607,5818970184031,5818970328290,72,0,0
rx,525,123,1,1,1787954241899695792,1787954241899525921,5818984503790,0,0,0,0
tx,525,123,1,1,1787954241899703773,1787954241899525921,5818984512012,5818984544975,72,0,0
rx,526,124,1,1,1787954241913921681,1787954241913734310,5818998729698,0,0,0,0
tx,526,124,1,1,1787954241913929458,1787954241913734310,5818998737716,5818998766809,72,0,0
rx,527,125,1,1,1787954241929259051,1787954241928847644,5819014067049,0,0,0,0
tx,527,125,1,1,1787954241929267958,1787954241928847644,5819014076438,5819014115012,72,0,0
rx,528,126,1,1,1787954241944586921,1787954241943998458,5819029394920,0,0,0,0
tx,528,126,1,1,1787954241944594921,1787954241943998458,5819029403198,5819029433068,72,0,0
rx,529,127,1,1,1787954241959875199,1787954241959327958,5819044683142,0,0,0,0
tx,529,127,1,1,1787954241959883032,1787954241959327958,5819044691290,5819044723179,72,0,0
rx,530,128,1,1,1787954241975224662,1787954241974130736,5819060032605,0,0,0,0
tx,530,128,1,1,1787954241975233958,1787954241974130736,5819060042198,5819060076864,72,0,0
rx,531,129,1,1,1787954241989792903,1787954241989661125,5819074600920,0,0,0,0
tx,531,129,1,1,1787954241989800699,1787954241989661125,5819074608957,5819074643846,72,0,0
rx,532,130,1,1,1787954242005086125,1787954242004049570,5819089894086,0,0,0,0
tx,532,130,1,1,1787954242005093958,1787954242004049570,5819089902216,5819089933623,72,0,0
rx,533,131,1,1,1787954242019250607,1787954242019103551,5819104058605,0,0,0,0
tx,533,131,1,1,1787954242019259199,1787954242019103551,5819104067457,5819104103938,72,0,0
rx,534,132,1,1,1787954242034547218,1787954242033895718,5819119355216,0,0,0,0
tx,534,132,1,1,1787954242034554903,1787954242033895718,5819119363142,5819119392438,72,0,0
rx,535,133,1,1,1787954242049952162,1787954242049251477,5819134760160,0,0,0,0
tx,535,133,1,1,1787954242049960347,1787954242049251477,5819134768605,5819134803883,72,0,0
rx,536,134,1,1,1787954242065267107,1787954242064432866,5819150075105,0,0,0,0
tx,536,134,1,1,1787954242065275236,1787954242064432866,5819150083494,5819150118679,72,0,0
rx,537,135,1,1,1787954242079456218,1787954242079028181,5819164264234,0,0,0,0
tx,537,135,1,1,1787954242079468551,1787954242079028181,5819164276809,5819164306994,72,0,0
rx,538,136,1,1,1787954242094753644,1787954242094190106,5819179561642,0,0,0,0
tx,538,136,1,1,1787954242094794810,1787954242094190106,5819179603068,5819179635142,72,0,0
rx,539,137,1,1,1787954242110100514,1787954242109340644,5819194908512,0,0,0,0
tx,539,137,1,1,1787954242110108421,1787954242109340644,5819194916679,5819194945938,72,0,0
rx,540,138,1,1,1787954242124317403,1787954242123891477,5819209125401,0,0,0,0
tx,540,138,1,1,1787954242124325847,1787954242123891477,5819209134123,5819209169290,72,0,0
rx,541,139,1,1,1787954242139584829,1787954242138974940,5819224392771,0,0,0,0
tx,541,139,1,1,1787954242139592088,1787954242138974940,5819224400346,5819224430383,72,0,0
rx,542,140,1,1,1787954242154868681,1787954242154490255,5819239676679,0,0,0,0
tx,542,140,1,1,1787954242154876477,1787954242154490255,5819239684716,5819239714346,72,0,0
rx,543,141,1,1,1787954242170149218,1787954242169647069,5819254957234,0,0,0,0
tx,543,141,1,1,1787954242170157681,1787954242169647069,5819254965957,5819255003549,72,0,0
rx,544,142,1,1,1787954242185425940,1787954242184874199,5819270233938,0,0,0,0
tx,544,142,1,1,1787954242185433699,1787954242184874199,5819270241938,5819270272216,72,0,0
rx,545,143,1,1,1787954242200716810,1787954242199689199,5819285524808,0,0,0,0
tx,545,143,1,1,1787954242200724699,1787954242199689199,5819285532938,5819285566234,72,0,0
rx,546,144,1,1,1787954242214906495,1787954242214144069,5819299714512,0,0,0,0
tx,546,144,1,1,1787954242214914199,1787954242214144069,5819299722457,5819299751216,72,0,0
rx,547,145,1,1,1787954242229100421,1787954242228971736,5819313908420,0,0,0,0
tx,547,145,1,1,1787954242229109162,1787954242228971736,5819313917420,5819313950531,72,0,0
rx,548,146,1,1,1787954242244372180,1787954242243963236,5819329180179,0,0,0,0
tx,548,146,1,1,1787954242244379995,1787954242243963236,5819329188253,5819329219327,72,0,0
rx,549,147,1,1,1787954242259721792,1787954242259635643,5819344529808,0,0,0,0
tx,549,147,1,1,1787954242259730995,1787954242259635643,5819344539253,5819344568827,72,0,0
rx,550,148,1,1,1787954242275018940,1787954242274344921,5819359826957,0,0,0,0
tx,550,148,1,1,1787954242275027143,1787954242274344921,5819359835420,5819359869031,72,0,0
rx,551,149,1,1,1787954242289311329,1787954242289203792,5819374119327,0,0,0,0
tx,551,149,1,1,1787954242289320051,1787954242289203792,5819374128308,5819374162734,72,0,0
rx,552,150,1,1,1787954242304669717,1787954242303900736,5819389477697,0,0,0,0
tx,552,150,1,1,1787954242304681736,1787954242303900736,5819389489994,5819389520753,72,0,0
rx,553,151,1,1,1787954242319923273,1787954242319255162,5819404731271,0,0,0,0
tx,553,151,1,1,1787954242319931329,1787954242319255162,5819404739623,5819404772679,72,0,0
rx,554,152,1,1,1787954242334172940,1787954242334065254,5819418980957,0,0,0,0
tx,554,152,1,1,1787954242334180995,1787954242334065254,5819418989253,5819419018382,72,0,0
rx,555,153,1,1,1787954242349464810,1787954242348908014,5819434272827,0,0,0,0
tx,555,153,1,1,1787954242349472606,1787954242348908014,5819434280864,5819434311642,72,0,0
rx,556,154,1,1,1787954242364785421,1787954242364508458,5819449593420,0,0,0,0
tx,556,154,1,1,1787954242364793625,1787954242364508458,5819449601864,5819449634605,72,0,0
rx,557,155,1,1,1787954242380086162,1787954242379548125,5819464894160,0,0,0,0
tx,557,155,1,1,1787954242380094440,1787954242379548125,5819464902679,5819464937123,72,0,0
rx,558,156,1,1,1787954242394498069,1787954242393815032,5819479306086,0,0,0,0
tx,558,156,1,1,1787954242394506291,1787954242393815032,5819479314549,5819479347327,72,0,0
rx,559,157,1,1,1787954242409783236,1787954242408929884,5819494591253,0,0,0,0
tx,559,157,1,1,1787954242409791273,1787954242408929884,5819494599531,5819494630308,72,0,0
rx,560,158,1,1,1787954242425101921,1787954242424117347,5819509909901,0,0,0,0
tx,560,158,1,1,1787954242425114773,1787954242424117347,5819509923049,5819509955642,72,0,0
rx,561,159,1,1,1787954242439335958,1787954242439243477,5819524143957,0,0,0,0
tx,561,159,1,1,1787954242439343551,1787954242439243477,5819524151808,5819524180234,72,0,0
rx,562,160,1,1,1787954242454616866,1787954242454243791,5819539424864,0,0,0,0
tx,562,160,1,1,1787954242454624754,1787954242454243791,5819539432994,5819539463808,72,0,0
rx,563,161,1,1,1787954242469913754,1787954242468897643,5819554721753,0,0,0,0
tx,563,161,1,1,1787954242469922477,1787954242468897643,5819554730753,5819554766160,72,0,0
rx,564,162,1,1,1787954242485195162,1787954242484133643,5819570003160,0,0,0,0
tx,564,162,1,1,1787954242485202551,1787954242484133643,5819570010790,5819570039734,72,0,0
rx,565,163,1,1,1787954242499440199,1787954242499004014,5819584248216,0,0,0,0
tx,565,163,1,1,1787954242499448588,1787954242499004014,5819584256845,5819584290271,72,0,0
rx,566,164,1,1,1787954242514754810,1787954242514481440,5819599562827,0,0,0,0
tx,566,164,1,1,1787954242514764458,1787954242514481440,5819599572716,5819599608864,72,0,0
rx,567,165,1,1,1787954242529991903,1787954242529533625,5819614799901,0,0,0,0
tx,567,165,1,1,1787954242530003125,1787954242529533625,5819614811364,5819614840364,72,0,0
rx,568,166,1,1,1787954242544228328,1787954242544131717,5819629036345,0,0,0,0
tx,568,166,1,1,1787954242544235903,1787954242544131717,5819629044160,5819629072068,72,0,0
rx,569,167,1,1,1787954242559484125,1787954242558807977,5819644292012,0,0,0,0
tx,569,167,1,1,1787954242559491680,1787954242558807977,5819644299938,5819644328753,72,0,0
rx,570,168,1,1,1787954242574750532,1787954242574338032,5819659558549,0,0,0,0
tx,570,168,1,1,1787954242574759106,1787954242574338032,5819659567364,5819659599716,72,0,0
rx,571,169,1,1,1787954242590040754,1787954242589787940,5819674848771,0,0,0,0
tx,571,169,1,1,1787954242590049014,1787954242589787940,5819674857271,5819674891827,72,0,0
rx,572,170,1,1,1787954242605350347,1787954242604652477,5819690158364,0,0,0,0
tx,572,170,1,1,1787954242605358717,1787954242604652477,5819690166993,5819690197808,72,0,0
rx,573,171,1,1,1787954242619569865,1787954242618915310,5819704377864,0,0,0,0
tx,573,171,1,1,1787954242619578569,1787954242618915310,5819704386827,5819704422068,72,0,0
rx,574,172,1,1,1787954242634818328,1787954242633952939,5819719626327,0,0,0,0
tx,574,172,1,1,1787954242634830273,1787954242633952939,5819719638530,5819719669049,72,0,0
rx,575,173,1,1,1787954242650193088,1787954242649156199,5819735001086,0,0,0,0
tx,575,173,1,1,1787954242650233180,1787954242649156199,5819735041419,5819735070993,72,0,0
rx,576,174,1,1,1787954242664399680,1787954242664021995,5819749207679,0,0,0,0
tx,576,174,1,1,1787954242664407273,1787954242664021995,5819749215512,5819749244808,72,0,0
rx,577,175,1,1,1787954242679766736,1787954242678778569,5819764574753,0,0,0,0
tx,577,175,1,1,1787954242679775069,1787954242678778569,5819764583345,5819764616438,72,0,0
rx,578,176,1,1,1787954242695043976,1787954242694501810,5819779851975,0,0,0,0
tx,578,176,1,1,1787954242695052254,1787954242694501810,5819779860530,5819779893993,72,0,0
rx,579,177,1,1,1787954242709257162,1787954242708964106,5819794065179,0,0,0,0
tx,579,177,1,1,1787954242709265254,1787954242708964106,5819794073512,5819794103308,72,0,0
rx,580,178,1,1,1787954242724577717,1787954242724480791,5819809385716,0,0,0,0
tx,580,178,1,1,1787954242724586588,1787954242724480791,5819809394882,5819809427660,72,0,0
rx,581,179,1,1,1787954242740956421,1787954242740178754,5819825764419,0,0,0,0
tx,581,179,1,1,1787954242740963921,1787954242740178754,5819825772197,5819825802419,72,0,0
rx,582,180,1,1,1787954242755242532,1787954242754215810,5819840050530,0,0,0,0
tx,582,180,1,1,1787954242755255680,1787954242754215810,5819840063938,5819840093827,72,0,0
rx,583,181,1,1,1787954242769472291,1787954242768865662,5819854280290,0,0,0,0
tx,583,181,1,1,1787954242769480958,1787954242768865662,5819854289216,5819854324141,72,0,0
rx,584,182,1,1,1787954242784747902,1787954242784113680,5819869555901,0,0,0,0
tx,584,182,1,1,1787954242784755551,1787954242784113680,5819869563827,5819869591382,72,0,0
rx,585,183,1,1,1787954242800305217,1787954242799436291,5819885113234,0,0,0,0
tx,585,183,1,1,1787954242800313569,1787954242799436291,5819885121808,5819885156049,72,0,0
rx,586,184,1,1,1787954242814546236,1787954242814433273,5819899354234,0,0,0,0
tx,586,184,1,1,1787954242814554773,1787954242814433273,5819899363160,5819899396901,72,0,0
rx,587,185,1,1,1787954242830903199,1787954242830332162,5819915711197,0,0,0,0
tx,587,185,1,1,1787954242830911069,1787954242830332162,5819915719327,5819915747975,72,0,0
rx,588,186,1,1,1787954242844024013,1787954242843917958,5819928831993,0,0,0,0
tx,588,186,1,1,1787954242844035569,1787954242843917958,5819928843827,5819928872290,72,0,0
rx,589,187,1,1,1787954242859588550,1787954242859057680,5819944396567,0,0,0,0
tx,589,187,1,1,1787954242859603902,1787954242859057680,5819944412197,5819944485938,72,0,0
rx,590,188,1,1,1787954242875004791,1787954242874245606,5819959812808,0,0,0,0
tx,590,188,1,1,1787954242875014013,1787954242874245606,5819959822253,5819959858197,72,0,0
rx,591,189,1,1,1787954242890289217,1787954242889571143,5819975097215,0,0,0,0
tx,591,189,1,1,1787954242890297050,1787954242889571143,5819975105308,5819975137401,72,0,0
rx,592,190,1,1,1787954242905643736,1787954242904634995,5819990451753,0,0,0,0
tx,592,190,1,1,1787954242905652902,1787954242904634995,5819990461160,5819990497493,72,0,0
rx,593,191,1,1,1787954242918863625,1787954242918801328,5820003671586,0,0,0,0
tx,593,191,1,1,1787954242918872458,1787954242918801328,5820003680734,5820003714030,72,0,0
rx,594,192,1,1,1787954242935240810,1787954242934164828,5820020048808,0,0,0,0
tx,594,192,1,1,1787954242935249273,1787954242934164828,5820020057512,5820020089993,72,0,0
rx,595,193,1,1,1787954242949563569,1787954242949295199,5820034371567,0,0,0,0
tx,595,193,1,1,1787954242949571513,1787954242949295199,5820034379771,5820034407678,72,0,0
rx,596,194,1,1,1787954242965023273,1787954242964668699,5820049831290,0,0,0,0
tx,596,194,1,1,1787954242965038050,1787954242964668699,5820049846345,5820049882845,72,0,0
rx,597,195,1,1,1787954242980317439,1787954242979632384,5820065125419,0,0,0,0
tx,597,195,1,1,1787954242980330569,1787954242979632384,5820065138808,5820065169827,72,0,0
rx,598,196,1,1,1787954242994716810,1787954242994266032,5820079524808,0,0,0,0
tx,598,196,1,1,1787954242994724828,1787954242994266032,5820079533067,5820079569475,72,0,0
rx,599,197,1,1,1787954243009990069,1787954243009677921,5820094798067,0,0,0,0
tx,599,197,1,1,1787954243009997606,1787954243009677921,5820094805882,5820094836123,72,0,0
rx,600,198,1,1,1787954243026322069,1787954243025248754,5820111130049,0,0,0,0
tx,600,198,1,1,1787954243026330717,1787954243025248754,5820111138956,5820111171827,72,0,0
rx,601,199,1,1,1787954243040516847,1787954243039621995,5820125324827,0,0,0,0
tx,601,199,1,1,1787954243040524217,1787954243039621995,5820125332512,5820125361604,72,0,0
rx,602,200,1,1,1787954243054705847,1787954243053793143,5820139513827,0,0,0,0
tx,602,200,1,1,1787954243054713699,1787954243053793143,5820139521956,5820139550660,72,0,0
rx,603,0,1,1,1787954243068885661,1787954243068822902,5820153693678,0,0,0,0
tx,603,0,1,1,1787954243068898143,1787954243068822902,5820153706382,5820153738123,72,0,0
rx,604,1,1,1,1787954243085219902,1787954243084371254,5820170027901,0,0,0,0
tx,604,1,1,1,1787954243085231476,1787954243084371254,5820170039715,5820170070271,72,0,0
rx,605,2,1,1,1787954243099454143,1787954243099066013,5820184262012,0,0,0,0
tx,605,2,1,1,1787954243099462310,1787954243099066013,5820184270549,5820184302049,72,0,0
rx,606,3,1,1,1787954243115803458,1787954243115321884,5820200611475,0,0,0,0
tx,606,3,1,1,1787954243115812217,1787954243115321884,5820200620475,5820200657271,72,0,0
rx,607,4,1,1,1787954243128942495,1787954243128671606,5820213750512,0,0,0,0
tx,607,4,1,1,1787954243128950347,1787954243128671606,5820213758604,5820213788252,72,0,0
rx,608,5,1,1,1787954243144370643,1787954243144109087,5820229178641,0,0,0,0
tx,608,5,1,1,1787954243144378643,1787954243144109087,5820229186901,5820229216086,72,0,0
rx,609,6,1,1,1787954243159839532,1787954243159499884,5820244647530,0,0,0,0
tx,609,6,1,1,1787954243159848254,1787954243159499884,5820244656530,5820244692419,72,0,0
rx,610,7,1,1,1787954243175154828,1787954243174368291,5820259962826,0,0,0,0
tx,610,7,1,1,1787954243175162476,1787954243174368291,5820259970715,5820260030049,72,0,0
rx,611,8,1,1,1787954243189339939,1787954243189234458,5820274147938,0,0,0,0
tx,611,8,1,1,1787954243189347513,1787954243189234458,5820274155771,5820274182734,72,0,0
rx,612,9,1,1,1787954243204605772,1787954243204161013,5820289413752,0,0,0,0
tx,612,9,1,1,1787954243204614643,1787954243204161013,5820289422900,5820289457123,72,0,0
rx,613,10,1,1,1787954243220175476,1787954243219779235,5820304983475,0,0,0,0
tx,613,10,1,1,1787954243220184772,1787954243219779235,5820304993030,5820305033345,72,0,0
rx,614,11,1,1,1787954243234458328,1787954243234184680,5820319266326,0,0,0,0
tx,614,11,1,1,1787954243234466569,1787954243234184680,5820319274826,5820319304882,72,0,0
rx,615,12,1,1,1787954243249718032,1787954243248995069,5820334526049,0,0,0,0
tx,615,12,1,1,1787954243249725939,1787954243248995069,5820334534197,5820334562956,72,0,0
rx,616,13,1,1,1787954243264990069,1787954243264175995,5820349798067,0,0,0,0
tx,616,13,1,1,1787954243264999069,1787954243264175995,5820349807530,5820349843345,72,0,0
rx,617,14,1,1,1787954243279227365,1787954243278722495,5820364035308,0,0,0,0
tx,617,14,1,1,1787954243279235050,1787954243278722495,5820364043308,5820364072956,72,0,0
rx,618,15,1,1,1787954243294455995,1787954243293841347,5820379264012,0,0,0,0
tx,618,15,1,1,1787954243294469235,1787954243293841347,5820379277475,5820379310512,72,0,0
rx,619,16,1,1,1787954243309757050,1787954243309150217,5820394565049,0,0,0,0
tx,619,16,1,1,1787954243309765439,1787954243309150217,5820394573678,5820394605123,72,0,0
rx,620,17,1,1,1787954243325057384,1787954243324032050,5820409865382,0,0,0,0
tx,620,17,1,1,1787954243325066254,1787954243324032050,5820409874512,5820409907826,72,0,0
rx,621,18,1,1,1787954243339248439,1787954243338923958,5820424056437,0,0,0,0
tx,621,18,1,1,1787954243339256198,1787954243338923958,5820424064456,5820424095197,72,0,0
rx,622,19,1,1,1787954243354529643,1787954243353669661,5820439337660,0,0,0,0
tx,622,19,1,1,1787954243354537606,1787954243353669661,5820439345863,5820439375845,72,0,0
rx,623,20,1,1,1787954243369817624,1787954243369131902,5820454625623,0,0,0,0
tx,623,20,1,1,1787954243369826569,1787954243369131902,5820454634808,5820454671308,72,0,0
rx,624,21,1,1,1787954243385086846,1787954243384365717,5820469894863,0,0,0,0
tx,624,21,1,1,1787954243385094883,1787954243384365717,5820469903141,5820469933660,72,0,0
rx,625,22,1,1,1787954243399523939,1787954243399207828,5820484331956,0,0,0,0
tx,625,22,1,1,1787954243399536958,1787954243399207828,5820484345197,5820484377660,72,0,0
rx,626,23,1,1,1787954243414862458,1787954243413976680,5820499670474,0,0,0,0
tx,626,23,1,1,1787954243414871458,1787954243413976680,5820499679697,5820499716289,72,0,0
rx,627,24,1,1,1787954243430239883,1787954243429404439,5820515047882,0,0,0,0
tx,627,24,1,1,1787954243430247606,1787954243429404439,5820515055882,5820515085549,72,0,0
rx,628,25,1,1,1787954243444420143,1787954243444023883,5820529228141,0,0,0,0
tx,628,25,1,1,1787954243444427939,1787954243444023883,5820529236178,5820529265826,72,0,0
rx,629,26,1,1,1787954243459708902,1787954243459011532,5820544516919,0,0,0,0
tx,629,26,1,1,1787954243459718069,1787954243459011532,5820544526326,5820544562919,72,0,0
rx,630,27,1,1,1787954243474997680,1787954243474251606,5820559805678,0,0,0,0
tx,630,27,1,1,1787954243475005439,1787954243474251606,5820559813771,5820559842400,72,0,0
rx,631,28,1,1,1787954243489173217,1787954243488723495,5820573981215,0,0,0,0
tx,631,28,1,1,1787954243489180920,1787954243488723495,5820573989178,5820574016863,72,0,0
rx,632,29,1,1,1787954243504424402,1787954243504033809,5820589232419,0,0,0,0
tx,632,29,1,1,1787954243504437161,1787954243504033809,5820589245419,5820589279030,72,0,0
rx,633,30,1,1,1787954243519716032,1787954243519088309,5820604524048,0,0,0,0
tx,633,30,1,1,1787954243519758772,1787954243519088309,5820604567030,5820604602678,72,0,0
rx,634,31,1,1,1787954243534996309,1787954243534379532,5820619804252,0,0,0,0
tx,634,31,1,1,1787954243535003939,1787954243534379532,5820619812197,5820619841419,72,0,0
rx,635,32,1,1,1787954243550282309,1787954243549270217,5820635090252,0,0,0,0
tx,635,32,1,1,1787954243550290069,1787954243549270217,5820635098308,5820635127456,72,0,0
rx,636,33,1,1,1787954243564531328,1787954243563873698,5820649339345,0,0,0,0
tx,636,33,1,1,1787954243564540402,1787954243563873698,5820649348678,5820649384771,72,0,0
rx,637,34,1,1,1787954243579861439,1787954243578859291,5820664669437,0,0,0,0
tx,637,34,1,1,1787954243579869254,1787954243578859291,5820664677511,5820664705863,72,0,0
rx,638,35,1,1,1787954243595191976,1787954243594179569,5820679999993,0,0,0,0
tx,638,35,1,1,1787954243595231661,1787954243594179569,5820680039956,5820680074808,72,0,0
rx,639,36,1,1,1787954243609470883,1787954243609123402,5820694278900,0,0,0,0
tx,639,36,1,1,1787954243609479976,1787954243609123402,5820694288215,5820694323808,72,0,0
rx,640,37,1,1,1787954243624727031,1787954243624043013,5820709535048,0,0,0,0
tx,640,37,1,1,1787954243624739069,1787954243624043013,5820709547326,5820709579289,72,0,0
rx,641,38,1,1,1787954243640012531,1787954243639218383,5820724820530,0,0,0,0
tx,641,38,1,1,1787954243640020050,1787954243639218383,5820724828289,5820724858604,72,0,0
rx,642,39,1,1,1787954243654243291,1787954243653952531,5820739051308,0,0,0,0
tx,642,39,1,1,1787954243654250957,1787954243653952531,5820739059215,5820739088400,72,0,0
rx,643,40,1,1,1787954243669605809,1787954243669247957,5820754413808,0,0,0,0
tx,643,40,1,1,1787954243669614717,1787954243669247957,5820754422974,5820754458011,72,0,0
rx,644,41,1,1,1787954243684864550,1787954243683793328,5820769672511,0,0,0,0
tx,644,41,1,1,1787954243684872661,1787954243683793328,5820769680956,5820769709419,72,0,0
rx,645,42,1,1,1787954243699161883,1787954243698864328,5820783969882,0,0,0,0
tx,645,42,1,1,1787954243699170531,1787954243698864328,5820783978771,5820784044808,72,0,0
rx,646,43,1,1,1787954243714479846,1787954243713892198,5820799287863,0,0,0,0
tx,646,43,1,1,1787954243714488772,1787954243713892198,5820799297030,5820799330900,72,0,0
rx,647,44,1,1,1787954243729718828,1787954243729282254,5820814526771,0,0,0,0
tx,647,44,1,1,1787954243729731143,1787954243729282254,5820814539400,5820814568085,72,0,0
rx,648,45,1,1,1787954243744977754,1787954243744165420,5820829785752,0,0,0,0
tx,648,45,1,1,1787954243744985772,1787954243744165420,5820829794030,5820829823456,72,0,0
rx,649,46,1,1,1787954243759227031,1787954243758733105,5820844035030,0,0,0,0
tx,649,46,1,1,1787954243759235068,1787954243758733105,5820844043308,5820844073289,72,0,0
rx,650,47,1,1,1787954243774478809,1787954243773830198,5820859286808,0,0,0,0
tx,650,47,1,1,1787954243774487550,1787954243773830198,5820859295900,5820859329993,72,0,0
rx,651,48,1,1,1787954243789725846,1787954243789014476,5820874533845,0,0,0,0
tx,651,48,1,1,1787954243789733476,1787954243789014476,5820874541752,5820874569493,72,0,0
rx,652,49,1,1,1787954243804271883,1787954243803973939,5820889079900,0,0,0,0
tx,652,49,1,1,1787954243804280661,1787954243803973939,5820889088937,5820889123511,72,0,0
rx,653,50,1,1,1787954243820702531,1787954243820365809,5820905510530,0,0,0,0
tx,653,50,1,1,1787954243820711235,1787954243820365809,5820905519474,5820905553252,72,0,0
rx,654,51,1,1,1787954243834900439,1787954243834143309,5820919708419,0,0,0,0
tx,654,51,1,1,1787954243834907939,1787954243834143309,5820919716178,5820919744845,72,0,0
rx,655,52,1,1,1787954243850122865,1787954243849555328,5820934930845,0,0,0,0
tx,655,52,1,1,1787954243850134346,1787954243849555328,5820934942604,5820934971345,72,0,0
rx,656,53,1,1,1787954243864554105,1787954243864142865,5820949362104,0,0,0,0
tx,656,53,1,1,1787954243864563383,1787954243864142865,5820949371733,5820949414474,72,0,0
rx,657,54,1,1,1787954243879910254,1787954243879034198,5820964718270,0,0,0,0
tx,657,54,1,1,1787954243879918272,1787954243879034198,5820964726530,5820964759307,72,0,0
rx,658,55,1,1,1787954243894155717,1787954243894104865,5820978963715,0,0,0,0
tx,658,55,1,1,1787954243894163568,1787954243894104865,5820978971826,5820978998789,72,0,0
rx,659,56,1,1,1787954243909480105,1787954243909124846,5820994288104,0,0,0,0
tx,659,56,1,1,1787954243909489198,1787954243909124846,5820994297437,5820994336252,72,0,0
rx,660,57,1,1,1787954243924850254,1787954243923847254,5821009658252,0,0,0,0
tx,660,57,1,1,1787954243924858957,1787954243923847254,5821009667196,5821009702307,72,0,0
rx,661,58,1,1,1787954243940151587,1787954243939336865,5821024959604,0,0,0,0
tx,661,58,1,1,1787954243940159661,1787954243939336865,5821024967919,5821024999122,72,0,0
rx,662,59,1,1,1787954243954379772,1787954243954140365,5821039187770,0,0,0,0
tx,662,59,1,1,1787954243954515235,1787954243954140365,5821039323511,5821039356307,72,0,0
rx,663,60,1,1,1787954243969817624,1787954243969296087,5821054625641,0,0,0,0
tx,663,60,1,1,1787954243969826457,1787954243969296087,5821054634696,5821054668048,72,0,0
rx,664,61,1,1,1787954243985117550,1787954243984281087,5821069925548,0,0,0,0
tx,664,61,1,1,1787954243985125698,1787954243984281087,5821069933956,5821069964604,72,0,0
rx,665,62,1,1,1787954243999617605,1787954243999331753,5821084425567,0,0,0,0
tx,665,62,1,1,1787954243999626198,1787954243999331753,5821084434437,5821084472659,72,0,0
rx,666,63,1,1,1787954244014876957,1787954244013999698,5821099684956,0,0,0,0
tx,666,63,1,1,1787954244014885272,1787954244013999698,5821099693548,5821099728344,72,0,0
rx,667,64,1,1,1787954244030131309,1787954244029097735,5821114939289,0,0,0,0
tx,667,64,1,1,1787954244030139291,1787954244029097735,5821114947548,5821114975419,72,0,0
