[0mBatt=23.4 [0m[33mODOM [31mVisionX  +0.00 Y  +0.00 theta   +0.0 elt    0 [0mimu  -3.5 Dt 137338 LtCy 68669 integ.govd   +0.00   +0.00 integ.vbp +0.00 +0.00 omni.gos X     -0.0 ,Y     -0.1. omgD -0.005 omg  +0.00 loop   5155
[0mBatt=23.4 [0m[33mODOM [31mVisionX  +0.00 Y  +0.00 theta   +0.0 elt    0 [0mimu  -3.5 Dt 137354 LtCy 68677 integ.govd   +0.00   +0.00 integ.vbp +0.00 +0.00 omni.gos X     -0.0 ,Y     -0.1. omgD -0.005 omg  +0.00 loop   5129
[0mBatt=23.4 [0m[33mODOM [31mVisionX  +0.00 Y  +0.00 theta   +0.0 elt    0 [0mimu  -3.5 Dt 137370 LtCy 68685 integ.govd   +0.00   +0.00 integ.vbp +0.00 +0.00 omni.gos X     -0.0 ,Y     -0.1. omgD -0.005 omg  +0.00 loop   5135
[0mBatt=23.4 [0m[33mODOM [31mVisionX  +0.00 Y  +0.00 theta   +0.0 elt    0 [0mimu  -3.5 Dt 137386 LtCy 68693 integ.govd   +0.00   +0.00 integ.vbp +0.00 +0.00 omni.gos X     -0.0 ,Y     -0.1. omgD -0.005 omg  +0.00 loop   5155
[0mBatt=23.4 [0m[33mODOM [31mVisionX  +0.00 Y  +0.00 theta   +0.0 elt    0 [0mimu  -3.5 Dt 137402 LtCy 68701 integ.govd   +0.00   +0.00 integ.vbp +0.00 +0.00 omni.gos X     -0.0 ,Y     -0.1. omgD -0.009 omg  +0.00 loop   5143
[0mBatt=23.4 [0m[33mODOM [31mVisionX  +0.00 Y  +0.00 theta   +0.0 elt    0 [0mimu  -3.5 Dt 137418 LtCy 68709 integ.govd   +0.00   +0.00 integ.vbp +0.00 +0.00 omni.gos X     +0.0 ,Y     +0.0. omgD +0.004 omg  +0.00 loop   5129
[0mBatt=23.4 [0m[33mODOM [31mVisionX  +0.00 Y  +0.00 theta   +0.0 elt    0 [0mimu  -3.5 Dt 13743 LtCy 6877 neg.gvd   +0.00   +000 integ.b +0.00 +0.00 omni.gos      +0.0 ,Y     -0.1. omD -0005 omg  0.00 loop   5160
[0mBatt=23.4 [0m[33mODOM [31mVisionX  +0.00 Y  +0.00 theta   +0.0 elt    0 [0mimu  -3.5 Dt 137450 LtCy 68725 integ.govd   +0.00   +0.00 integ.vbp +0.00 +0.00 omni.gos X     -0.0 ,Y     -0.1. omgD -0.005 omg  +0.00 loop   5144
[0mBatt=23.4 [0m[33mODOM [31mVisionX  +0.00 Y  +0.00 theta   +0.0 elt    0 [0mimu  -3.5 Dt 137466 LtCy 68733 integ.govd   +0.00   +0.00 integ.vbp +0.00 +0.00 omni.gos X     -0.0 ,Y     -0.1. omgD -0.005 omg  +0.00 loop   5119
[0mBatt=23.4 [0m[33mODOM [31mVisionX  +0.00 Y  +0.00 theta   +0.0 elt    0 [0mimu  -3.5 Dt 137482 LtCy 68741 integ.govd   +0.00   +0.00 integ.vbp +0.00 +0.00 omni.gos X     -0.0 ,Y     -0.1. omgD -0.009 omg  +0.00 loop   5157
[0mBatt=23.4 [0m[33mODOM [31mVisionX  +0.00 Y  +0.00 theta   +0.0 elt    0 [0mimu  -3.5 Dt 137498 LtCy 68749 integ.govd   +0.00   +0.00 integ.vbp +0.00 +0.00 omni.gos X     +0.0 ,Y     +0.0. omgD +0.004 omg  +0.00 loop   5151
[0mBatt=23.4 [0m[33mODOM [31mVisionX  +0.00 Y  +0.00 theta   +0.0 elt    0 [0mimu  -3.5 Dt 137514 LtCy 68757 integ.govd   +0.00   +0.00 integ.vbp +0.00 +0.00 omni.gos X     +0.0 ,Y     -0.0. omgD -0.001 omg  +0.00 loop   5134
[0mBatt=23.4 [0m[33mODOM [31mVisionX  +0.00 Y  +0.00 theta   +0.0 elt    0 [0mimu  -3.5 Dt 137530 LtCy 68765 integ.govd   +0.00   +0.00 integ.vbp +0.00 +0.00 omni.gos X     -0.0 ,Y     -0.1. omgD -0.009 omg  +0.00 loop   5148
[0mBatt=23.4 [0m[33mODOM [31mVisionX  +0.00 Y  +0.00 theta   +0.0 elt    0 [0mimu  -3.5 Dt 137546 LtCy 68773 integ.govd   +0.00   +0.00 integ.vbp +0.00 +0.00 omni.gos X     +0.0 ,Y     -0.1. omgD -0.005 omg  +0.00 loop   5157
[0mBatt=23.4 [0m[33mODOM [31mVisionX  +0.00 Y  +0.00 theta   +0.0 elt    0 [0mimu  -3.5 Dt 137562 LtCy 68781 integ.govd   +0.00   +0.00 integ.vbp +0.00 +0.00 omni.gos X     +0.0 ,Y     -0.1. omgD -0.005 omg  +0.00 loop   5153
[0mBatt=23.4 [0m[33mODOM [31mVisionX  +0.00 Y  +0.00 theta   +0.0 elt    0 [0mimu  -3.5 Dt 137578 LtCy 68789 integ.govd   +0.00   +0.00 integ.vbp +0.00 +0.00 omni.gos X     +0.0 ,Y     -0.0. omgD -0.001 omg  +0.00 loop   5135
[0mBatt=23.4 [0m[33mODOM [31mVisionX  +0.00 Y  +0.00 theta   +0.0 elt    0 [0mimu  -3.5 Dt 137594 LtCy 68797 integ.govd   +0.00   +0.00 integ.vbp +0.00 +0.00 omni.gos X     -0.0 ,Y     -0.1. omgD -0.005 omg  +0.00 loop   5164
[0mBatt=23.4 [0m[33mODOM [31mVisionX  +0.00 Y  +0.00 theta   +0.0 elt    0 [0mimu  -3.5 Dt 137610 LtCy 68805 integ.govd   +0.00   +0.00 integ.vbp +0.00 +0.00 omni.gos X     -0.0 ,Y     -0.2. omgD -0.013 omg  +0.00 loop   5145
[0mBatt=23.4 [0m[33mODOM [31mVisionX  +0.00 Y  +0.00 theta   +0.0 elt    0 [0mimu  -3.5 Dt 137626 LtCy 68813 integ.govd   +0.00   +0.00 integ.vbp +0.00 +0.00 omni.gos X     -0.0 ,Y     -0.1. omgD -0.005 omg  +0.00 loop   5121
[0mBatt=23.4 [0m[33mODOM [31mVisionX  +0.00 Y  +0.00 theta   +0.0 elt    0 [0mimu  -3.5 Dt 137642 LtCy 68821 integ.govd   +0.00   +0.00 integ.vbp +0.00 +0.00 omni.gos X     +0.0 ,Y     -0.0. omgD -0.001 omg  +0.00 loop   5155
[0mBatt=23.4 [0m[33mODOM [31mVisionX  +0.00 Y  +0.00 theta   +0.0 elt    0 [0mimu  -3.5 Dt 137658 LtCy 68829 integ.govd   +0.00   +0.00 integ.vbp +0.00 +0.00 omni.gos X     -0.0 ,Y     -0.1. omgD -0.005 omg  +0.00 loop   5160
[0mBatt=23.4 [0m[33mODOM [31mVisionX  +0.00 Y  +0.00 theta   +0.0 elt    0 [0mimu  -3.5 Dt 137674 LtCy 68837 integ.govd   +0.00   +0.00 integ.vbp +0.00 +0.00 omni.gos X     -0.0 ,Y     -0.1. omgD -0.009 omg  +0.00 loop   5135
[0mBatt=23.4 [0m[33mODOM [31mVisionX  +0.00 Y  +0.00 theta   +0.0 elt    0 [0mimu  -3.5 Dt 137690 LtCy 68845 integ.govd   +0.00   +0.00 integ.vbp +0.00 +0.00 omni.gos X     +0.0 ,Y     -0.1. omgD -0.005 omg  +0.00 loop   5145
[0mBatt=23.4 [0m[33mODOM [31mVisionX  +0.00 Y  +0.00 theta   +0.0 elt    0 [0mimu  -3.5 Dt 137706 LtCy 68853 integ.govd   +0.00   +0.00 integ.vbp +0.00 +0.00 omni.gos X     +0.0 ,Y     -0.1. omgD -0.005 omg  +0.00 loop   5165
[0mBatt=23.4 [0m[33mODOM [31mVisionX  +0.00 Y  +0.00 theta   +0.0 elt    0 [0mimu  -3.5 Dt 137722 LtCy 68861 integ.govd   +0.00   +0.00 integ.vbp +0.00 +0.00 omni.gos X     -0.0 ,Y     -0.1. omgD -0.009 omg  +0.00 loop   5135
[0mBatt=23.4 [0m[33mODOM [31mVisionX  +0.00 Y  +0.00 theta   +0.0 elt    0 [0mimu  -3.5 Dt 137738 LtCy 68869 integ.govd   +0.00   +0.00 integ.vbp +0.00 +0.00 omni.gos X     -0.0 ,Y     -0.1. omgD -0.009 omg  +0.00 loop   5136
[0mBatt=23.4 [0m[33mODOM [31mVisionX  +0.00 Y  +0.00 theta   +0.0 elt    0 [0mimu  -3.5 Dt 137754 LtCy 68877 integ.govd   +0.00   +0.00 integ.vbp +0.00 +0.00 omni.gos X     -0.0 ,Y     -0.2. omgD -0.013 omg  +0.00 loop   5160
[0mBatt=23.4 [0m[33mODOM [31mVisionX  +0.00 Y  +0.00 theta   +0.0 elt    0 [0mimu  -3.5 Dt 137770 LtCy 68885 integ.govd   +0.00   +0.00 integ.vbp +0.00 +0.00 omni.gos X     +0.0 ,Y     -0.0. omgD -0.001 omg  +0.00 loop   5139
[0mBatt=23.4 [0m[33mODOM [31mVisionX  +0.00 Y  +0.00 theta   +0.0 elt    0 [0mimu  -3.5 Dt 137786 LtCy 68893 integ.govd   +0.00   +0.00 integ.vbp +0.00 +0.00 omni.gos X     +0.0 ,Y     -0.1. omgD -0.005 omg  +0.00 loop   5149
[0mBatt=23.4 [0m[33mODOM [31mVisionX  +0.00 Y  +0.00 theta   +0.0 elt    0 [0mimu  -3.5 Dt 137802 LtCy 68901 integ.govd   +0.00   +0.00 integ.vbp +0.00 +0.00 omni.gos X     +0.0 ,Y     -0.0. omgD -0.001 omg  +0.00 loop   5161
[0mBatt=23.4 [0m[33mODOM [31mVisionX  +0.00 Y  +0.00 theta   +0.0 elt    0 [0mimu  -3.5 Dt 137818 LtCy 68909 integ.govd   +0.00   +0.00 integ.vbp +0.00 +0.00 omni.gos X     +0.0 ,Y     +0.0. omgD +0.004 omg  +0.00 loop   5170
[0mBatt=23.4 [0m[33mODOM [31mVisionX  +0.00 Y  +0.00 theta   +0.0 elt    0 [0mimu  -3.5 Dt 137834 LtCy 68917 integ.govd   +0.00   +0.00 integ.vbp +0.00 +0.00 omni.gos X     -0.0 ,Y     -0.1. omgD -0.005 omg  +0.00 loop   5130
[0mBatt=23.4 [0m[33mODOM [31mVisionX  +0.00 Y  +0.00 theta   +0.0 elt    0 [0mimu  -3.5 Dt 137850 LtCy 68925 integ.govd   +0.00   +0.00 integ.vbp +0.00 +0.00 omni.gos X     +0.0 ,Y     -0.1. omgD -0.005 omg  +0.00 loop   5162
[0mBatt=23.4 [0m[33mODOM [31mVisionX  +0.00 Y  +0.00 theta   +0.0 elt    0 [0mimu  -3.5 Dt 137866 LtCy 68933 integ.govd   +0.00   +0.00 integ.vbp +0.00 +0.00 omni.gos X     +0.0 ,Y     +0.1. omgD +0.008 omg  +0.00 loop   5169
[0mBatt=23.4 [0m[33mODOM [31mVisionX  +0.00 Y  +0.00 theta   +0.0 elt    0 [0mimu  -3.5 Dt 137882 LtCy 68941 integ.govd   +0.00   +0.00 integ.vbp +0.00 +0.00 omni.gos X     +0.0 ,Y     -0.0. omgD -0.001 omg  +0.00 loop   5126
[0mBatt=23.4 [0m[33mODOM [31mVisionX  +0.00 Y  +0.00 theta   +0.0 elt    0 [0mimu  -3.5 Dt 137898 LtCy 68949 integ.govd   +0.00   +0.00 integ.vbp +0.00 +0.00 omni.gos X     -0.0 ,Y     -0.1. omgD -0.009 omg  +0.00 loop   5161
[0mBatt=23.4 [0m[33mODOM [31mVisionX  +0.00 Y  +0.00 theta   +0.0 elt    0 [0mimu  -3.5 Dt 137914 LtCy 68957 integ.govd   +0.00   +0.00 integ.vbp +0.00 +0.00 omni.gos X     +0.0 ,Y     -0.0. omgD -0.001 omg  +0.00 loop   5152
[0mBatt=23.4 [0m[33mODOM [31mVisionX  +0.00 Y  +0.00 theta   +0.0 elt    0 [0mimu  -3.5 Dt 137930 LtCy 68965 integ.govd   +0.00   +0.00 integ.vbp +0.00 +0.00 omni.gos X     +0.0 ,Y     -0.0. omgD -0.001 omg  +0.00 loop   5151
[0mBatt=23.4 [0m[33mODOM [31mVisionX  +0.00 Y  +0.00 theta   +0.0 elt    0 [0mimu  -3.5 Dt 137946 LtCy 68973 integ.govd   +0.00   +0.00 integ.vbp +0.00 +0.00 omni.gos X     -0.0 ,Y     -0.2. omgD -0.018 omg  +0.00 loop   5138
[0mBatt=23.4 [0m[33mODOM [31mVisionX  +0.00 Y  +0.00 theta   +0.0 elt    0 [0mimu  -3.5 Dt 137962 LtCy 68981 integ.govd   +0.00   +0.00 integ.vbp +0.00 +0.00 omni.gos X     +0.0 ,Y     -0.1. omgD -0.009 omg  +0.00 loop   5152
[0mBatt=23.4 [0m[33mODOM [31mVisionX  +0.00 Y  +0.00 theta   +0.0 elt    0 [0mimu  -3.5 Dt 137978 LtCy 68989 integ.govd   +0.00   +0.00 integ.vbp +0.00 +0.00 omni.gos X     +0.0 ,Y     -0.0. omgD -0.001 omg  +0.00 loop   5141
[0mBatt=23.4 [0m[33mODOM [31mVisionX  +0.00 Y  +0.00 theta   +0.0 elt    0 [0mimu  -3.5 Dt 137994 LtCy 68997 integ.govd   +0.00   +0.00 integ.vbp +0.00 +0.00 omni.gos X     +0.0 ,Y     +0.0. omgD +0.004 omg  +0.00 loop   5134
[0mBatt=23.4 [0m[33mODOM [31mVisionX  +0.00 Y  +0.00 theta   +0.0 elt    0 [0mimu  -3.5 Dt 138002 LtCy 69001 integ.govd   +0.00   +0.00 integ.vbp +0.00 +0.00 omni.gos X     +0.0 ,Y     +0.1. omgD +0.008 omg  +0.00 loop   2484
[0mBatt=23.4 [0m[33mODOM [31mVisionX  +0.00 Y  +0.00 theta   +0.0 elt    0 [0mimu  -3.5 Dt 138018 LtCy 69009 integ.govd   +0.00   +0.00 integ.vbp +0.00 +0.00 omni.gos X     -0.0 ,Y     -0.1. omgD -0.009 omg  +0.00 loop   5160
[0mBatt=23.4 [0m[33mODOM [31mVisionX  +0.00 Y  +0.00 theta   +0.0 elt    0 [0mimu  -3.5 Dt 138034 LtCy 69017 integ.govd   +0.00   +0.00 integ.vbp +0.00 +0.00 omni.gos X     -0.0 ,Y     -0.1. omgD -0.007 omg  +0.00 loop   5137
[0mBatt=23.4 [0m[33mODOM [31mVisionX  +0.00 Y  +0.00 theta   +0.0 elt    0 [0mimu  -3.5 Dt 138050 LtCy 69025 integ.govd   +0.00   +0.00 integ.vbp +0.00 +0.00 omni.gos X     +0.0 ,Y     -0.0. omgD -0.001 omg  +0.00 loop   5130
[0mBatt=23.4 [0m[33mODOM [31mVisionX  +0.00 Y  +0.00 theta   +0.0 elt    0 [0mimu  -3.5 Dt 138066 LtCy 69033 integ.govd   +0.00   +0.00 integ.vbp +0.00 +0.00 omni.gos X     +0.0 ,Y     -0.0. omgD -0.003 omg  +0.00 loop   5168
[0mBatt=23.4 [0m[33mODOM [31mVisionX  +0.00 Y  +0.00 theta   +0.0 elt    0 [0mimu  -3.5 Dt 138082 LtCy 69041 integ.govd   +0.00   +0.00 integ.vbp +0.00 +0.00 omni.gos X     +0.0 ,Y     -0.0. omgD -0.003 omg  +0.00 loop   5156
[0mBatt=23.4 [0m[33mODOM [31mVisionX  +0.00 Y  +0.00 theta   +0.0 elt    0 [0mimu  -3.5 Dt 138098 LtCy 69049 integ.govd   +0.00   +0.00 integ.vbp +0.00 +0.00 omni.gos X     -0.0 ,Y     -0.1. omgD -0.009 omg  +0.00 loop   5123
[0mBatt=23.4 [0m[33mODOM [31mVisionX  +0.00 Y  +0.00 theta   +0.0 elt    0 [0mimu  -3.5 Dt 138114 LtCy 69057 integ.govd   +0.00   +0.00 integ.vbp +0.00 +0.00 omni.gos X     -0.0 ,Y     -0.1. omgD -0.009 omg  +0.00 loop   5154
[0mBatt=23.4 [0m[33mODOM [31mVisionX  +0.00 Y  +0.00 theta   +0.0 elt    0 [0mimu  -3.5 Dt 138130 LtCy 69065 integ.govd   +0.00   +0.00 integ.vbp +0.00 +0.00 omni.gos X     -0.0 ,Y     -0.1. omgD -0.005 omg  +0.00 loop   5150
[0mBatt=23.4 [0m[33mODOM [31mVisionX  +0.00 Y  +0.00 theta   +0.0 elt    0 [0mimu  -3.5 Dt 138146 LtCy 69073 integ.govd   +0.00   +0.00 integ.vbp +0.00 +0.00 omni.gos X     -0.0 ,Y     -0.0. omgD -0.003 omg  +0.00 loop   5124
[0mBatt=23.4 [0m[33mODOM [31mVisionX  +0.00 Y  +0.00 theta   +0.0 elt    0 [0mimu  -3.5 Dt 138162 LtCy 69081 integ.govd   +0.00   +0.00 integ.vbp +0.00 +0.00 omni.gos X     +0.0 ,Y     -0.0. omgD -0.003 omg  +0.00 loop   5149
[0mBatt=23.4 [0m[33mODOM [31mVisionX  +0.00 Y  +0.00 theta   +0.0 elt    0 [0mimu  -3.5 Dt 138178 LtCy 69089 integ.govd   +0.00   +0.00 integ.vbp +0.00 +0.00 omni.gos X     +0.0 ,Y     -0.0. omgD -0.001 omg  +0.00 loop   5161
[0mBatt=23.4 [0m[33mODOM [31mVisionX  +0.00 Y  +0.00 theta   +0.0 elt    0 [0mimu  -3.5 Dt 138194 LtCy 69097 integ.govd   +0.00   +0.00 integ.vbp +0.00 +0.00 omni.gos X     +0.0 ,Y     -0.0. omgD -0.003 omg  +0.00 loop   5144
[0mBatt=23.4 [0m[33mODOM [31mVisionX  +0.00 Y  +0.00 theta   +0.0 elt    0 [0mimu  -3.5 Dt 138210 LtCy 69105 integ.govd   +0.00   +0.00 integ.vbp +0.00 +0.00 omni.gos X     -0.0 ,Y     -0.1. omgD -0.009 omg  +0.00 loop   5136
[0mBatt=23.4 [0m[33mODOM [31mVisionX  +0.00 Y  +0.00 theta   +0.0 elt    0 [0mimu  -3.5 Dt 138226 LtCy 69113 integ.govd   +0.00   +0.00 integ.vbp +0.00 +0.00 omni.gos X     -0.0 ,Y     -0.0. omgD -0.003 omg  +0.00 loop   5154
[0mBatt=23.4 [0m[33mODOM [31mVisionX  +0.00 Y  +0.00 theta   +0.0 elt    0 [0mimu  -3.5 Dt 138242 LtCy 69121 integ.govd   +0.00   +0.00 integ.vbp +0.00 +0.00 omni.gos X     +0.0 ,Y     +0.1. omgD +0.006 omg  +0.00 loop   5137
[0mBatt=23.3 [0m[33mODOM [31mVisionX  +0.00 Y  +0.00 theta   +0.0 elt    0 [0mimu  -3.5 Dt 138258 LtCy 69129 integ.govd   +0.00   +0.00 integ.vbp +0.00 +0.00 omni.gos X     +0.0 ,Y     -0.1. omgD -0.005 omg  +0.00 loop   5124
[0mBatt=23.3 [0m[33mODOM [31mVisionX  +0.00 Y  +0.00 theta   +0.0 elt    0 [0mimu  -3.5 Dt 138274 LtCy 69137 integ.govd   +0.00   +0.00 integ.vbp +0.00 +0.00 omni.gos X     -0.0 ,Y     -0.1. omgD -0.009 omg  +0.00 loop   5163
[0mBatt=23.3 [0m[33mODOM [31mVisionX  +0.00 Y  +0.00 theta   +0.0 elt    0 [0mimu  -3.5 Dt 138290 LtCy 69145 integ.govd   +0.00   +0.00 integ.vbp +0.00 +0.00 omni.gos X     +0.0 ,Y     -0.1. omgD -0.007 omg  +0.00 loop   5149
[0mBatt=23.3 [0m[33mODOM [31mVisionX  +0.00 Y  +0.00 theta   +0.0 elt    0 [0mimu  -3.5 Dt 138306 LtCy 69153 integ.govd   +0.00   +0.00 integ.vbp +0.00 +0.00 omni.gos X     +0.0 ,Y     +0.0. omgD +0.004 omg  +0.00 loop   5136
[0mBatt=23.3 [0m[33mODOM [31mVisionX  +0.00 Y  +0.00 theta   +0.0 elt    0 [0mimu  -3.5 Dt 138322 LtCy 69161 integ.govd   +0.00   +0.00 integ.vbp +0.00 +0.00 omni.gos X     +0.0 ,Y     +0.1. omgD +0.010 omg  +0.00 loop   5149
[0mBatt=23.3 [0m[33mODOM [31mVisionX  +0.00 Y  +0.00 theta   +0.0 elt    0 [0mimu  -3.5 Dt 138338 LtCy 69169 integ.govd   +0.00   +0.00 integ.vbp +0.00 +0.00 omni.gos X     +0.0 ,Y     -0.0. omgD -0.003 omg  +0.00 loop   5166
[0mBatt=23.3 [0m[33mODOM [31mVisionX  +0.00 Y  +0.00 theta   +0.0 elt    0 [0mimu  -3.5 Dt 138354 LtCy 69177 integ.govd   +0.00   +0.00 integ.vbp +0.00 +0.00 omni.gos X     -0.0 ,Y     -0.1. omgD -0.011 omg  +0.00 loop   5122
[0mBatt=23.3 [0m[33mODOM [31mVisionX  +0.00 Y  +0.00 theta   +0.0 elt    0 [0mimu  -3.5 Dt 138370 LtCy 69185 integ.govd   +0.00   +0.00 integ.vbp +0.00 +0.00 omni.gos X     -0.0 ,Y     -0.3. omgD -0.022 omg  +0.00 loop   5140
[0mBatt=23.4 [0m[33mODOM [31mVisionX  +0.00 Y  +0.00 theta   +0.0 elt    0 [0mimu  -3.5 Dt 138386 LtCy 69193 integ.govd   +0.00   +0.00 integ.vbp +0.00 +0.00 omni.gos X     +0.0 ,Y     -0.0. omgD -0.001 omg  +0.00 loop   5153
[0mBatt=23.4 [0m[33mODOM [31mVisionX  +0.00 Y  +0.00 theta   +0.0 elt    0 [0mimu  -3.5 Dt 138402 LtCy 69201 integ.govd   +0.00   +0.00 integ.vbp +0.00 +0.00 omni.gos X     +0.0 ,Y     +0.1. omgD +0.008 omg  +0.00 loop   5141
[0mBatt=23.4 [0m[33mODOM [31mVisionX  +0.00 Y  +0.00 theta   +0.0 elt    0 [0mimu  -3.5 Dt 138418 LtCy 69209 integ.govd   +0.00   +0.00 integ.vbp +0.00 +0.00 omni.gos X     +0.0 ,Y     +0.1. omgD +0.008 omg  +0.00 loop   5138
[0mBatt=23.4 [0m[33mODOM [31mVisionX  +0.00 Y  +0.00 theta   +0.0 elt    0 [0mimu  -3.5 Dt 138434 LtCy 69217 integ.govd   +0.00   +0.00 integ.vbp +0.00 +0.00 omni.gos X     -0.0 ,Y     -0.1. omgD -0.009 omg  +0.00 loop   5161
[0mBatt=23.4 [0m[33mODOM [31mVisionX  +0.00 Y  +0.00 theta   +0.0 elt    0 [0mimu  -3.5 Dt 138450 LtCy 69225 integ.govd   +0.00   +0.00 integ.vbp +0.00 +0.00 omni.gos X     -0.0 ,Y     -0.2. omgD -0.013 omg  +0.00 loop   5150
[0mBatt=23.4 [0m[33mODOM [31mVisionX  +0.00 Y  +0.00 theta   +0.0 elt    0 [0mimu  -3.5 Dt 138466 LtCy 69233 integ.govd   +0.00   +0.00 integ.vbp +0.00 +0.00 omni.gos X     -0.0 ,Y     -0.2. omgD -0.013 omg  +0.00 loop   5119
[0mBatt=23.4 [0m[33mODOM [31mVisionX  +0.00 Y  +0.00 theta   +0.0 elt    0 [0mimu  -3.5 Dt 138482 LtCy 69241 integ.govd   +0.00   +0.00 integ.vbp +0.00 +0.00 omni.gos X     +0.0 ,Y     +0.0. omgD +0.004 omg  +0.00 loop   5152
[0mBatt=23.4 [0m[33mODOM [31mVisionX  +0.00 Y  +0.00 theta   +0.0 elt    0 [0mimu  -3.5 Dt 138498 LtCy 69249 integ.govd   +0.00   +0.00 integ.vbp +0.00 +0.00 omni.gos X     +0.0 ,Y     -0.0. omgD -0.001 omg  +0.00 loop   5147
[0mBatt=23.4 [0m[33mODOM [31mVisionX  +0.00 Y  +0.00 theta   +0.0 elt    0 [0mimu  -3.5 Dt 138514 LtCy 69257 integ.govd   +0.00   +0.00 integ.vbp +0.00 +0.00 omni.gos X     +0.0 ,Y     -0.0. omgD -0.001 omg  +0.00 loop   5132
[0mBatt=23.4 [0m[33mODOM [31mVisionX  +0.00 Y  +0.00 theta   +0.0 elt    0 [0mimu  -3.5 Dt 138530 LtCy 69265 integ.govd   +0.00   +0.00 integ.vbp +0.00 +0.00 omni.gos X     -0.0 ,Y     -0.1. omgD -0.005 omg  +0.00 loop   5153
[0mBatt=23.4 [0m[33mODOM [31mVisionX  +0.00 Y  +0.00 theta   +0.0 elt    0 [0mimu  -3.5 Dt 138546 LtCy 69273 integ.govd   +0.00   +0.00 integ.vbp +0.00 +0.00 omni.gos X     +0.0 ,Y     -0.1. omgD -0.009 omg  +0.00 loop   5162
[0mBatt=23.4 [0m[33mODOM [31mVisionX  +0.00 Y  +0.00 theta   +0.0 elt    0 [0mimu  -3.5 Dt 138562 LtCy 69281 integ.govd   +0.00   +0.00 integ.vbp +0.00 +0.00 omni.gos X     +0.0 ,Y     -0.1. omgD -0.005 omg  +0.00 loop   5140
[0mBatt=23.4 [0m[33mODOM [31mVisionX  +0.00 Y  +0.00 theta   +0.0 elt    0 [0mimu  -3.5 Dt 138578 LtCy 69289 integ.govd   +0.00   +0.00 integ.vbp +0.00 +0.00 omni.gos X     +0.0 ,Y     -0.1. omgD -0.005 omg  +0.00 loop   5139
[0mBatt=23.4 [0m[33mODOM [31mVisionX  +0.00 Y  +0.00 theta   +0.0 elt    0 [0mimu  -3.5 Dt 138594 LtCy 69297 integ.govd   +0.00   +0.00 integ.vbp +0.00 +0.00 omni.gos X     +0.0 ,Y     -0.1. omgD -0.005 omg  +0.00 loop   5170
[0mBatt=23.4 [0m[33mODOM [31mVisionX  +0.00 Y  +0.00 theta   +0.0 elt    0 [0mimu  -3.5 Dt 138610 LtCy 69305 integ.govd   +0.00   +0.00 integ.vbp +0.00 +0.00 omni.gos X     +0.0 ,Y     -0.0. omgD -0.001 omg  +0.00 loop   5133
[0mBatt=23.4 [0m[33mODOM [31mVisionX  +0.00 Y  +0.00 theta   +0.0 elt    0 [0mimu  -3.5 Dt 138626 LtCy 69313 integ.govd   +0.00   +0.00 integ.vbp +0.00 +0.00 omni.gos X     +0.0 ,Y     -0.1. omgD -0.009 omg  +0.00 loop   5138
[0mBatt=23.4 [0m[33mODOM [31mVisionX  +0.00 Y  +0.00 theta   +0.0 elt    0 [0mimu  -3.5 Dt 138642 LtCy 69321 integ.govd   +0.00   +0.00 integ.vbp +0.00 +0.00 omni.gos X     -0.0 ,Y     -0.1. omgD -0.009 omg  +0.00 loop   5161
[0mBatt=23.4 [0m[33mODOM [31mVisionX  +0.00 Y  +0.00 theta   +0.0 elt    0 [0mimu  -3.5 Dt 138658 LtCy 69329 integ.govd   +0.00   +0.00 integ.vbp +0.00 +0.00 omni.gos X     +0.0 ,Y     -0.1. omgD -0.009 omg  +0.00 loop   5141
[0mBatt=23.4 [0m[33mODOM [31mVisionX  +0.00 Y  +0.00 theta   +0.0 elt    0 [0mimu  -3.5 Dt 138674 LtCy 69337 integ.govd   +0.00   +0.00 integ.vbp +0.00 +0.00 omni.gos X     +0.0 ,Y     +0.0. omgD +0.004 omg  +0.00 loop   5135
[0mBatt=23.4 [0m[33mODOM [31mVisionX  +0.00 Y  +0.00 theta   +0.0 elt    0 [0mimu  -3.5 Dt 138690 LtCy 69345 integ.govd   +0.00   +0.00 integ.vbp +0.00 +0.00 omni.gos X     +0.0 ,Y     -0.0. omgD -0.001 omg  +0.00 loop   5152
[0mBatt=23.4 [0m[33mODOM [31mVisionX  +0.00 Y  +0.00 theta   +0.0 elt    0 [0mimu  -3.5 Dt 138706 LtCy 69353 integ.govd   +0.00   +0.00 integ.vbp +0.00 +0.00 omni.gos X     -0.0 ,Y     -0.3. omgD -0.022 omg  +0.00 loop   5169
[0mBatt=23.4 [0m[33mODOM [31mVisionX  +0.00 Y  +0.00 theta   +0.0 elt    0 [0mimu  -3.5 Dt 138722 LtCy 69361 integ.govd   +0.00   +0.00 integ.vbp +0.00 +0.00 omni.gos X     -0.0 ,Y     -0.2. omgD -0.018 omg  +0.00 loop   5114
[0mBatt=23.4 [0m[33mODOM [31mVisionX  +0.00 Y  +0.00 theta   +0.0 elt    0 [0mimu  -3.5 Dt 138738 LtCy 69369 integ.govd   +0.00   +0.00 integ.vbp +0.00 +0.00 omni.gos X     -0.0 ,Y     -0.1. omgD -0.009 omg  +0.00 loop   5143
[0mBatt=23.4 [0m[33mODOM [31mVisionX  +0.00 Y  +0.00 theta   +0.0 elt    0 [0mimu  -3.5 Dt 138754 LtCy 69377 integ.govd   +0.00   +0.00 integ.vbp +0.00 +0.00 omni.gos X     +0.0 ,Y     +0.1. omgD +0.008 omg  +0.00 loop   5150
[0mBatt=23.4 [0m[33mODOM [31mVisionX  +0.00 Y  +0.00 theta   +0.0 elt    0 [0mimu  -3.5 Dt 138770 LtCy 69385 integ.govd   +0.00   +0.00 integ.vbp +0.00 +0.00 omni.gos X     +0.0 ,Y     +0.1. omgD +0.008 omg  +0.00 loop   5131
[0mBatt=23.4 [0m[33mODOM [31mVisionX  +0.00 Y  +0.00 theta   +0.0 elt    0 [0mimu  -3.5 Dt 138786 LtCy 69393 integ.govd   +0.00   +0.00 integ.vbp +0.00 +0.00 omni.gos X     -0.0 ,Y     -0.1. omgD -0.009 omg  +0.00 loop   5153
[0mBatt=23.4 [0m[33mODOM [31mVisionX  +0.00 Y  +0.00 theta   +0.0 elt    0 [0mimu  -3.5 Dt 138802 LtCy 69401 integ.govd   +0.00   +0.00 integ.vbp +0.00 +0.00 omni.gos X     -0.0 ,Y     -0.2. omgD -0.018 omg  +0.00 loop   5144
[0mBatt=23.4 [0m[33mODOM [31mVisionX  +0.00 Y  +0.00 theta   +0.0 elt    0 [0mimu  -3.5 Dt 138818 LtCy 69409 integ.govd   +0.00   +0.00 integ.vbp +0.00 +0.00 omni.gos X     -0.0 ,Y     -0.2. omgD -0.013 omg  +0.00 loop   5146
[0mBatt=23.4 [0m[33mODOM [31mVisionX  +0.00 Y  +0.00 theta   +0.0 elt    0 [0mimu  -3.5 Dt 138834 LtCy 69417 integ.govd   +0.00   +0.00 integ.vbp +0.00 +0.00 omni.gos X     +0.0 ,Y     +0.1. omgD +0.008 omg  +0.00 loop   5117
[0mBatt=23.4 [0m[33mODOM [31mVisionX  +0.00 Y  +0.00 theta   +0.0 elt    0 [0mimu  -3.5 Dt 138850 LtCy 69425 integ.govd   +0.00   +0.00 integ.vbp +0.00 +0.00 omni.gos X     -0.0 ,Y     -0.1. omgD -0.009 omg  +0.00 loop   5153
[0mBatt=23.4 [0m[33mODOM [31mVisionX  +0.00 Y  +0.00 theta   +0.0 elt    0 [0mimu  -3.5 Dt 138866 LtCy 69433 integ.govd   +0.00   +0.00 integ.vbp +0.00 +0.00 omni.gos X     -0.0 ,Y     -0.1. omgD -0.005 omg  +0.00 loop   5149
[0mBatt=23.4 [0m[33mODOM [31mVisionX  +0.00 Y  +0.00 theta   +0.0 elt    0 [0mimu  -3.5 Dt 138882 LtCy 69441 integ.govd   +0.00   +0.00 integ.vbp +0.00 +0.00 omni.gos X     -0.0 ,Y     -0.2. omgD -0.013 omg  +0.00 loop   5118
[0mBatt=23.4 [0m[33mODOM [31mVisionX  +0.00 Y  +0.00 theta   +0.0 elt    0 [0mimu  -3.5 Dt 138898 LtCy 69449 integ.govd   +0.00   +0.00 integ.vbp +0.00 +0.00 omni.gos X     -0.0 ,Y     -0.2. omgD -0.013 omg  +0.00 loop   5145
[0mBatt=23.4 [0m[33mODOM [31mVisionX  +0.00 Y  +0.00 theta   +0.0 elt    0 [0mimu  -3.5 Dt 138914 LtCy 69457 integ.govd   +0.00   +0.00 integ.vbp +0.00 +0.00 omni.gos X     +0.0 ,Y     +0.0. omgD +0.004 omg  +0.00 loop   5154
[0mBatt=23.4 [0m[33mODOM [31mVisionX  +0.00 Y  +0.00 theta   +0.0 elt    0 [0mimu  -3.5 Dt 138930 LtCy 69465 integ.govd   +0.00   +0.00 integ.vbp +0.00 +0.00 omni.gos X     +0.0 ,Y     -0.0. omgD -0.001 omg  +0.00 loop   5125
[0mBatt=23.4 [0m[33mODOM [31mVisionX  +0.00 Y  +0.00 theta   +0.0 elt    0 [0mimu  -3.5 Dt 138946 LtCy 69473 integ.govd   +0.00   +0.00 integ.vbp +0.00 +0.00 omni.gos X     +0.0 ,Y     -0.1. omgD -0.005 omg  +0.00 loop   5149
[0mBatt=23.4 [0m[33mODOM [31mVisionX  +0.00 Y  +0.00 theta   +0.0 elt    0 [0mimu  -3.5 Dt 138962 LtCy 69481 integ.govd   +0.00   +0.00 integ.vbp +0.00 +0.00 omni.gos X     -0.0 ,Y     -0.1. omgD -0.009 omg  +0.00 loop   5169
[0mBatt=23.4 [0m[33mODOM [31mVisionX  +0.00 Y  +0.00 theta   +0.0 elt    0 [0mimu  -3.5 Dt 138978 LtCy 69489 integ.govd   +0.00   +0.00 integ.vbp +0.00 +0.00 omni.gos X     -0.0 ,Y     -0.1. omgD -0.009 omg  +0.00 loop   5123
[0mBatt=23.4 [0m[33mODOM [31mVisionX  +0.00 Y  +0.00 theta   +0.0 elt    0 [0mimu  -3.5 Dt 138994 LtCy 69497 integ.govd   +0.00   +0.00 integ.vbp +0.00 +0.00 omni.gos X     +0.0 ,Y     +0.0. omgD +0.004 omg  +0.00 loop   5136
[0mBatt=23.4 [0m[33mODOM [31mVisionX  +0.00 Y  +0.00 theta   +0.0 elt    0 [0mimu  -3.5 Dt 139002 LtCy 69501 integ.govd   +0.00   +0.00 integ.vbp +0.00 +0.00 omni.gos X     +0.0 ,Y     -0.0. omgD -0.001 omg  +0.00 loop   2484
[0mBatt=23.4 [0m[33mODOM [31mVisionX  +0.00 Y  +0.00 theta   +0.0 elt    0 [0mimu  -3.5 Dt 139018 LtCy 69509 integ.govd   +0.00   +0.00 integ.vbp +0.00 +0.00 omni.gos X     -0.0 ,Y     -0.1. omgD -0.005 omg  +0.00 loop   5157
[0mBatt=23.4 [0m[33mODOM [31mVisionX  +0.00 Y  +0.00 theta   +0.0 elt    0 [0mimu  -3.5 Dt 139034 LtCy 69517 integ.govd   +0.00   +0.00 integ.vbp +0.00 +0.00 omni.gos X     +0.0 ,Y     -0.0. omgD -0.001 omg  +0.00 loop   5128
[0mBatt=23.4 [0m[33mODOM [31mVisionX  +0.00 Y  +0.00 theta   +0.0 elt    0 [0mimu  -3.5 Dt 139050 LtCy 69525 integ.govd   +0.00   +0.00 integ.vbp +0.00 +0.00 omni.gos X     +0.0 ,Y     -0.1. omgD -0.005 omg  +0.00 loop   5151
[0mBatt=23.4 [0m[33mODOM [31mVisionX  +0.00 Y  +0.00 theta   +0.0 elt    0 [0mimu  -3.5 Dt 139066 LtCy 69533 integ.govd   +0.00   +0.00 integ.vbp +0.00 +0.00 omni.gos X     +0.0 ,Y     +0.0. omgD +0.004 omg  +0.00 loop   5162
[0mBatt=23.4 [0m[33mODOM [31mVisionX  +0.00 Y  +0.00 theta   +0.0 elt    0 [0mimu  -3.5 Dt 139082 LtCy 69541 integ.govd   +0.00   +0.00 integ.vbp +0.00 +0.00 omni.gos X     +0.0 ,Y     +0.1. omgD +0.008 omg  +0.00 loop   5147
[0mBatt=23.4 [0m[33mODOM [31mVisionX  +0.00 Y  +0.00 theta   +0.0 elt    0 [0mimu  -3.5 Dt 139098 LtCy 69549 integ.govd   +0.00   +0.00 integ.vbp +0.00 +0.00 omni.gos X     +0.0 ,Y     +0.1. omgD +0.008 omg  +0.00 loop   5128
[0mBatt=23.4 [0m[33mODOM [31mVisionX  +0.00 Y  +0.00 theta   +0.0 elt    0 [0mimu  -3.5 Dt 139114 LtCy 69557 integ.govd   +0.00   +0.00 integ.vbp +0.00 +0.00 omni.gos X     +0.0 ,Y     -0.1. omgD -0.005 omg  +0.00 loop   5158
[0mBatt=23.4 [0m[33mODOM [31mVisionX  +0.00 Y  +0.00 theta   +0.0 elt    0 [0mimu  -3.5 Dt 139130 LtCy 69565 integ.govd   +0.00   +0.00 integ.vbp +0.00 +0.00 omni.gos X     +0.0 ,Y     -0.0. omgD -0.001 omg  +0.00 loop   5149
[0mBatt=23.4 [0m[33mODOM [31mVisionX  +0.00 Y  +0.00 theta   +0.0 elt    0 [0mimu  -3.5 Dt 139146 LtCy 69573 integ.govd   +0.00   +0.00 integ.vbp +0.00 +0.00 omni.gos X     +0.0 ,Y     -0.1. omgD -0.005 omg  +0.00 loop   5129
[0mBatt=23.4 [0m[33mODOM [31mVisionX  +0.00 Y  +0.00 theta   +0.0 elt    0 [0mimu  -3.5 Dt 139162 LtCy 69581 integ.govd   +0.00   +0.00 integ.vbp +0.00 +0.00 omni.gos X     -0.0 ,Y     -0.2. omgD -0.013 omg  +0.00 loop   5162
[0mBatt=23.4 [0m[33mODOM [31mVisionX  +0.00 Y  +0.00 theta   +0.0 elt    0 [0mimu  -3.5 Dt 139178 LtCy 69589 integ.govd   +0.00   +0.00 integ.vbp +0.00 +0.00 omni.gos X     +0.0 ,Y     +0.0. omgD +0.004 omg  +0.00 loop   5143
[0mBatt=23.4 [0m[33mODOM [31mVisionX  +0.00 Y  +0.00 theta   +0.0 elt    0 [0mimu  -3.5 Dt 139194 LtCy 69597 integ.govd   +0.00   +0.00 integ.vbp +0.00 +0.00 omni.gos X     +0.0 ,Y     +0.2. omgD +0.012 omg  +0.00 loop   5135
[0mBatt=23.4 [0m[33mODOM [31mVisionX  +0.00 Y  +0.00 theta   +0.0 elt    0 [0mimu  -3.5 Dt 139210 LtCy 69605 integ.govd   +0.00   +0.00 integ.vbp +0.00 +0.00 omni.gos X     -0.0 ,Y     -0.1. omgD -0.005 omg  +0.00 loop   5139
[0mBatt=23.4 [0m[33mODOM [31mVisionX  +0.00 Y  +0.00 theta   +0.0 elt    0 [0mimu  -3.5 Dt 139226 LtCy 69613 integ.govd   +0.00   +0.00 integ.vbp +0.00 +0.00 omni.gos X     +0.0 ,Y     +0.0. omgD +0.004 omg  +0.00 loop   5162
[0mBatt=23.4 [0m[33mODOM [31mVisionX  +0.00 Y  +0.00 theta   +0.0 elt    0 [0mimu  -3.5 Dt 139242 LtCy 69621 integ.govd   +0.00   +0.00 integ.vbp +0.00 +0.00 omni.gos X     -0.0 ,Y     -0.1. omgD -0.009 omg  +0.00 loop   5127
[0mBatt=23.4 [0m[33mODOM [31mVisionX  +0.00 Y  +0.00 theta   +0.0 elt    0 [0mimu  -3.5 Dt 139258 LtCy 69629 integ.govd   +0.00   +0.00 integ.vbp +0.00 +0.00 omni.gos X     +0.0 ,Y     +0.0. omgD +0.004 omg  +0.00 loop   5140
[0mBatt=23.4 [0m[33mODOM [31mVisionX  +0.00 Y  +0.00 theta   +0.0 elt    0 [0mimu  -3.5 Dt 139274 LtCy 69637 integ.govd   +0.00   +0.00 integ.vbp +0.00 +0.00 omni.gos X     +0.0 ,Y     -0.0. omgD -0.001 omg  +0.00 loop   5151
[0mBatt=23.4 [0m[33mODOM [31mVisionX  +0.00 Y  +0.00 theta   +0.0 elt    0 [0mimu  -3.5 Dt 139290 LtCy 69645 integ.govd   +0.00   +0.00 integ.vbp +0.00 +0.00 omni.gos X     +0.0 ,Y     -0.1. omgD -0.009 omg  +0.00 loop   5149
[0mBatt=23.4 [0m[33mODOM [31mVisionX  +0.00 Y  +0.00 theta   +0.0 elt    0 [0mimu  -3.5 Dt 139306 LtCy 69653 integ.govd   +0.00   +0.00 integ.vbp +0.00 +0.00 omni.gos X     -0.0 ,Y     -0.1. omgD -0.005 omg  +0.00 loop   5141
[0mBatt=23.4 [0m[33mODOM [31mVisionX  +0.00 Y  +0.00 theta   +0.0 elt    0 [0mimu  -3.5 Dt 139322 LtCy 69661 integ.govd   +0.00   +0.00 integ.vbp +0.00 +0.00 omni.gos X     +0.0 ,Y     +0.0. omgD +0.004 omg  +0.00 loop   5146
[0mBatt=23.4 [0m[33mODOM [31mVisionX  +0.00 Y  +0.00 theta   +0.0 elt    0 [0mimu  -3.5 Dt 139338 LtCy 69669 integ.govd   +0.00   +0.00 integ.vbp +0.00 +0.00 omni.gos X     -0.0 ,Y     -0.1. omgD -0.009 omg  +0.00 loop   5164
[0mBatt=23.4 [0m[33mODOM [31mVisionX  +0.00 Y  +0.00 theta   +0.0 elt    0 [0mimu  -3.5 Dt 139354 LtCy 69677 integ.govd   +0.00   +0.00 integ.vbp +0.00 +0.00 omni.gos X     +0.0 ,Y     -0.0. omgD -0.001 omg  +0.00 loop   5114
[0mBatt=23.4 [0m[33mODOM [31mVisionX  +0.00 Y  +0.00 theta   +0.0 elt    0 [0mimu  -3.6 Dt 139370 LtCy 69685 integ.govd   +0.00   +0.00 integ.vbp +0.00 +0.00 omni.gos X     +0.0 ,Y     -0.1. omgD -0.005 omg  +0.00 loop   5156
[0mBatt=23.4 [0m[33mODOM [31mVisionX  +0.00 Y  +0.00 theta   +0.0 elt    0 [0mimu  -3.6 Dt 139386 LtCy 69693 integ.govd   +0.00   +0.00 integ.vbp +0.00 +0.00 omni.gos X     +0.0 ,Y     -0.1. omgD -0.009 omg  +0.00 loop   5162
[0mBatt=23.4 [0m[33mODOM [31mVisionX  +0.00 Y  +0.00 theta   +0.0 elt    0 [0mimu  -3.6 Dt 139402 LtCy 69701 integ.govd   +0.00   +0.00 integ.vbp +0.00 +0.00 omni.gos X     +0.0 ,Y     -0.1. omgD -0.005 omg  +0.00 loop   5130
[0mBatt=23.4 [0m[33mODOM [31mVisionX  +0.00 Y  +0.00 theta   +0.0 elt    0 [0mimu  -3.6 Dt 139418 LtCy 69709 integ.govd   +0.00   +0.00 integ.vbp +0.00 +0.00 omni.gos X     +0.0 ,Y     -0.0. omgD -0.001 omg  +0.00 loop   5151
[0mBatt=23.4 [0m[33mODOM [31mVisionX  +0.00 Y  +0.00 theta   +0.0 elt    0 [0mimu  -3.6 Dt 139434 LtCy 69717 integ.govd   +0.00   +0.00 integ.vbp +0.00 +0.00 omni.gos X     +0.0 ,Y     +0.1. omgD +0.004 omg  +0.00 loop   5158
[0mBatt=23.4 [0m[33mODOM [31mVisionX  +0.00 Y  +0.00 theta   +0.0 elt    0 [0mimu  -3.6 Dt 139450 LtCy 69725 integ.govd   +0.00   +0.00 integ.vbp +0.00 +0.00 omni.gos X     +0.0 ,Y     -0.0. omgD -0.001 omg  +0.00 loop   5140
[0mBatt=23.4 [0m[33mODOM [31mVisionX  +0.00 Y  +0.00 theta   +0.0 elt    0 [0mimu  -3.6 Dt 139466 LtCy 69733 integ.govd   +0.00   +0.00 integ.vbp +0.00 +0.00 omni.gos X     +0.0 ,Y     -0.1. omgD -0.005 omg  +0.00 loop   5139
[0mBatt=23.4 [0m[33mODOM [31mVisionX  +0.00 Y  +0.00 theta   +0.0 elt    0 [0mimu  -3.6 Dt 139482 LtCy 69741 integ.govd   +0.00   +0.00 integ.vbp +0.00 +0.00 omni.gos X     +0.0 ,Y     -0.1. omgD -0.009 omg  +0.00 loop   5168
[0mBatt=23.4 [0m[33mODOM [31mVisionX  +0.00 Y  +0.00 theta   +0.0 elt    0 [0mimu  -3.6 Dt 139498 LtCy 69749 integ.govd   +0.00   +0.00 integ.vbp +0.00 +0.00 omni.gos X     -0.0 ,Y     -0.2. omgD -0.016 omg  +0.00 loop   5144
[0mBatt=23.4 [0m[33mODOM [31mVisionX  +0.00 Y  +0.00 theta   +0.0 elt    0 [0mimu  -3.6 Dt 139514 LtCy 69757 integ.govd   +0.00   +0.00 integ.vbp +0.00 +0.00 omni.gos X     +0.0 ,Y     -0.0. omgD -0.001 omg  +0.00 loop   5122
[0mBatt=23.4 [0m[33mODOM [31mVisionX  +0.00 Y  +0.00 theta   +0.0 elt    0 [0mimu  -3.6 Dt 139530 LtCy 69765 integ.govd   +0.00   +0.00 integ.vbp +0.00 +0.00 omni.gos X     +0.0 ,Y     +0.0. omgD +0.002 omg  +0.00 loop   5160
[0mBatt=23.4 [0m[33mODOM [31mVisionX  +0.00 Y  +0.00 theta   +0.0 elt    0 [0mimu  -3.6 Dt 139546 LtCy 69773 integ.govd   +0.00   +0.00 integ.vbp +0.00 +0.00 omni.gos X     +0.0 ,Y     -0.0. omgD -0.003 omg  +0.00 loop   5158
[0mBatt=23.4 [0m[33mODOM [31mVisionX  +0.00 Y  +0.00 theta   +0.0 elt    0 [0mimu  -3.6 Dt 139562 LtCy 69781 integ.govd   +0.00   +0.00 integ.vbp +0.00 +0.00 omni.gos X     +0.0 ,Y     -0.0. omgD -0.001 omg  +0.00 loop   5138
[0mBatt=23.4 [0m[33mODOM [31mVisionX  +0.00 Y  +0.00 theta   +0.0 elt    0 [0mimu  -3.6 Dt 139578 LtCy 69789 integ.govd   +0.00   +0.00 integ.vbp +0.00 +0.00 omni.gos X     -0.0 ,Y     -0.1. omgD -0.007 omg  +0.00 loop   5148
[0mBatt=23.4 [0m[33mODOM [31mVisionX  +0.00 Y  +0.00 theta   +0.0 elt    0 [0mimu  -3.6 Dt 139594 LtCy 69797 integ.govd   +0.00   +0.00 integ.vbp +0.00 +0.00 omni.gos X     +0.0 ,Y     -0.0. omgD -0.001 omg  +0.00 loop   5161
[0mBatt=23.4 [0m[33mODOM [31mVisionX  +0.00 Y  +0.00 theta   +0.0 elt    0 [0mimu  -3.6 Dt 139610 LtCy 69805 integ.govd   +0.00   +0.00 integ.vbp +0.00 +0.00 omni.gos X     +0.0 ,Y     -0.1. omgD -0.011 omg  +0.00 loop   5131
[0mBatt=23.4 [0m[33mODOM [31mVisionX  +0.00 Y  +0.00 theta   +0.0 elt    0 [0mimu  -3.6 Dt 139626 LtCy 69813 integ.govd   +0.00   +0.00 integ.vbp +0.00 +0.00 omni.gos X     +0.0 ,Y     -0.1. omgD -0.005 omg  +0.00 loop   5145
[0mBatt=23.4 [0m[33mODOM [31mVisionX  +0.00 Y  +0.00 theta   +0.0 elt    0 [0mimu  -3.6 Dt 139642 LtCy 69821 integ.govd   +0.00   +0.00 integ.vbp +0.00 +0.00 omni.gos X     +0.0 ,Y     -0.0. omgD -0.003 omg  +0.00 loop   5157
[0mBatt=23.4 [0m[33mODOM [31mVisionX  +0.00 Y  +0.00 theta   +0.0 elt    0 [0mimu  -3.6 Dt 139658 LtCy 69829 integ.govd   +0.00   +0.00 integ.vbp +0.00 +0.00 omni.gos X     +0.0 ,Y     -0.0. omgD -0.001 omg  +0.00 loop   5145
[0mBatt=23.4 [0m[33mODOM [31mVisionX  +0.00 Y  +0.00 theta   +0.0 elt    0 [0mimu  -3.6 Dt 139674 LtCy 69837 integ.govd   +0.00   +0.00 integ.vbp +0.00 +0.00 omni.gos X     +0.0 ,Y     -0.0. omgD -0.003 omg  +0.00 loop   5141
[0mBatt=23.4 [0m[33mODOM [31mVisionX  +0.00 Y  +0.00 theta   +0.0 elt    0 [0mimu  -3.6 Dt 139690 LtCy 69845 integ.govd   +0.00   +0.00 integ.vbp +0.00 +0.00 omni.gos X     +0.0 ,Y     -0.1. omgD -0.005 omg  +0.00 loop   5156
[0mBatt=23.4 [0m[33mODOM [31mVisionX  +0.00 Y  +0.00 theta   +0.0 elt    0 [0mimu  -3.6 Dt 139706 LtCy 69853 integ.govd   +0.00   +0.00 integ.vbp +0.00 +0.00 omni.gos X     -0.0 ,Y     -0.0. omgD -0.003 omg  +0.00 loop   5169
[0mBatt=23.4 [0m[33mODOM [31mVisionX  +0.00 Y  +0.00 theta   +0.0 elt    0 [0mimu  -3.6 Dt 139722 LtCy 69861 integ.govd   +0.00   +0.00 integ.vbp +0.00 +0.00 omni.gos X     +0.0 ,Y     -0.0. omgD -0.001 omg  +0.00 loop   5112
[0mBatt=23.4 [0m[33mODOM [31mVisionX  +0.00 Y  +0.00 theta   +0.0 elt    0 [0mimu  -3.6 Dt 139738 LtCy 69869 integ.govd   +0.00   +0.00 integ.vbp +0.00 +0.00 omni.gos X     -0.0 ,Y     -0.1. omgD -0.005 omg  +0.00 loop   5163
[0mBatt=23.4 [0m[33mODOM [31mVisionX  +0.00 Y  +0.00 theta   +0.0 elt    0 [0mimu  -3.6 Dt 139754 LtCy 69877 integ.govd   +0.00   +0.00 integ.vbp +0.00 +0.00 omni.gos X     -0.0 ,Y     -0.1. omgD -0.011 omg  +0.00 loop   5151
[0mBatt=23.4 [0m[33mODOM [31mVisionX  +0.00 Y  +0.00 theta   +0.0 elt    0 [0mimu  -3.6 Dt 139770 LtCy 69885 integ.govd   +0.00   +0.00 integ.vbp +0.00 +0.00 omni.gos X     -0.0 ,Y     -0.1. omgD -0.007 omg  +0.00 loop   5113
[0mBatt=23.4 [0m[33mODOM [31mVisionX  +0.00 Y  +0.00 theta   +0.0 elt    0 [0mimu  -3.6 Dt 139786 LtCy 69893 integ.govd   +0.00   +0.00 integ.vbp +0.00 +0.00 omni.gos X     -0.0 ,Y     -0.1. omgD -0.007 omg  +0.00 loop   5148
[0mBatt=23.4 [0m[33mODOM [31mVisionX  +0.00 Y  +0.00 theta   +0.0 elt    0 [0mimu  -3.6 Dt 139802 LtCy 69901 integ.govd   +0.00   +0.00 integ.vbp +0.00 +0.00 omni.gos X     +0.0 ,Y     -0.0. omgD -0.003 omg  +0.00 loop   5152
[0mBatt=23.4 [0m[33mODOM [31mVisionX  +0.00 Y  +0.00 theta   +0.0 elt    0 [0mimu  -3.6 Dt 139818 LtCy 69909 integ.govd   +0.00   +0.00 integ.vbp +0.00 +0.00 omni.gos X     +0.0 ,Y     +0.0. omgD +0.002 omg  +0.00 loop   5141
[0mBatt=23.4 [0m[33mODOM [31mVisionX  +0.00 Y  +0.00 theta   +0.0 elt    0 [0mimu  -3.6 Dt 139834 LtCy 69917 integ.govd   +0.00   +0.00 integ.vbp +0.00 +0.00 omni.gos X     -0.0 ,Y     -0.1. omgD -0.009 omg  +0.00 loop   5141
[0mBatt=23.4 [0m[33mODOM [31mVisionX  +0.00 Y  +0.00 theta   +0.0 elt    0 [0mimu  -3.6 Dt 139850 LtCy 69925 integ.govd   +0.00   +0.00 integ.vbp +0.00 +0.00 omni.gos X     +0.0 ,Y     -0.1. omgD -0.005 omg  +0.00 loop   5156
[0mBatt=23.4 [0m[33mODOM [31mVisionX  +0.00 Y  +0.00 theta   +0.0 elt    0 [0mimu  -3.6 Dt 139866 LtCy 69933 integ.govd   +0.00   +0.00 integ.vbp +0.00 +0.00 omni.gos X     +0.0 ,Y     +0.1. omgD +0.004 omg  +0.00 loop   5148
[0mBatt=23.4 [0m[33mODOM [31mVisionX  +0.00 Y  +0.00 theta   +0.0 elt    0 [0mimu  -3.6 Dt 139882 LtCy 69941 integ.govd   +0.00   +0.00 integ.vbp +0.00 +0.00 omni.gos X     +0.0 ,Y     -0.0. omgD -0.001 omg  +0.00 loop   5131
[0mBatt=23.4 [0m[33mODOM [31mVisionX  +0.00 Y  +0.00 theta   +0.0 elt    0 [0mimu  -3.6 Dt 139898 LtCy 69949 integ.govd   +0.00   +0.00 integ.vbp +0.00 +0.00 omni.gos X     +0.0 ,Y     -0.1. omgD -0.005 omg  +0.00 loop   5134
[0mBatt=23.4 [0m[33mODOM [31mVisionX  +0.00 Y  +0.00 theta   +0.0 elt    0 [0mimu  -3.6 Dt 139914 LtCy 69957 integ.govd   +0.00   +0.00 integ.vbp +0.00 +0.00 omni.gos X     +0.0 ,Y     -0.1. omgD -0.005 omg  +0.00 loop   5158
[0mBatt=23.4 [0m[33mODOM [31mVisionX  +0.00 Y  +0.00 theta   +0.0 elt    0 [0mimu  -3.6 Dt 139930 LtCy 69965 integ.govd   +0.00   +0.00 integ.vbp +0.00 +0.00 omni.gos X     +0.0 ,Y     -0.0. omgD -0.001 omg  +0.00 loop   5129
[0mBatt=23.4 [0m[33mODOM [31mVisionX  +0.00 Y  +0.00 theta   +0.0 elt    0 [0mimu  -3.6 Dt 139946 LtCy 69973 integ.govd   +0.00   +0.00 integ.vbp +0.00 +0.00 omni.gos X     -0.0 ,Y     -0.1. omgD -0.005 omg  +0.00 loop   5155
[0mBatt=23.4 [0m[33mODOM [31mVisionX  +0.00 Y  +0.00 theta   +0.0 elt    0 [0mimu  -3.6 Dt 139962 LtCy 69981 integ.govd   +0.00   +0.00 integ.vbp +0.00 +0.00 omni.gos X     +0.0 ,Y     -0.1. omgD -0.009 omg  +0.00 loop   5161
[0mBatt=23.4 [0m[33mODOM [31mVisionX  +0.00 Y  +0.00 theta   +0.0 elt    0 [0mimu  -3.6 Dt 139978 LtCy 69989 integ.govd   +0.00   +0.00 integ.vbp +0.00 +0.00 omni.gos X     +0.0 ,Y     -0.1. omgD -0.005 omg  +0.00 loop   5123
[0mBatt=23.4 [0m[33mODOM [31mVisionX  +0.00 Y  +0.00 theta   +0.0 elt    0 [0mimu  -3.6 Dt 139994 LtCy 69997 integ.govd   +0.00   +0.00 integ.vbp +0.00 +0.00 omni.gos X     +0.0 ,Y     -0.0. omgD -0.001 omg  +0.00 loop   5151
[0mBatt=23.4 [0m[33mODOM [31mVisionX  +0.00 Y  +0.00 theta   +0.0 elt    0 [0mimu  -3.6 Dt 140002 LtCy 70001 integ.govd   +0.00   +0.00 integ.vbp +0.00 +0.00 omni.gos X     -0.0 ,Y     -0.1. omgD -0.005 omg  +0.00 loop   2493
[0mBatt=23.4 [0m[33mODOM [31mVisionX  +0.00 Y  +0.00 theta   +0.0 elt    0 [0mimu  -3.6 Dt 140018 LtCy 70009 integ.govd   +0.00   +0.00 integ.vbp +0.00 +0.00 omni.gos X     -0.0 ,Y     -0.1. omgD -0.005 omg  +0.00 loop   5142
[0mBatt=23.4 [0m[33mODOM [31mVisionX  +0.00 Y  +0.00 theta   +0.0 elt    0 [0mimu  -3.6 Dt 140034 LtCy 70017 integ.govd   +0.00   +0.00 integ.vbp +0.00 +0.00 omni.gos X     +0.0 ,Y     -0.0. omgD -0.001 omg  +0.00 loop   5125
[0mBatt=23.4 [0m[33mODOM [31mVisionX  +0.00 Y  +0.00 theta   +0.0 elt    0 [0mimu  -3.6 Dt 140050 LtCy 70025 integ.govd   +0.00   +0.00 integ.vbp +0.00 +0.00 omni.gos X     +0.0 ,Y     -0.0. omgD -0.001 omg  +0.00 loop   5155
[0mBatt=23.4 [0m[33mODOM [31mVisionX  +0.00 Y  +0.00 theta   +0.0 elt    0 [0mimu  -3.6 Dt 140066 LtCy 70033 integ.govd   +0.00   +0.00 integ.vbp +0.00 +0.00 omni.gos X     -0.0 ,Y     -0.1. omgD -0.005 omg  +0.00 loop   5158
[0mBatt=23.4 [0m[33mODOM [31mVisionX  +0.00 Y  +0.00 theta   +0.0 elt    0 [0mimu  -3.6 Dt 140082 LtCy 70041 integ.govd   +0.00   +0.00 integ.vbp +0.00 +0.00 omni.gos X     +0.0 ,Y     -0.0. omgD -0.001 omg  +0.00 loop   5136
[0mBatt=23.4 [0m[33mODOM [31mVisionX  +0.00 Y  +0.00 theta   +0.0 elt    0 [0mimu  -3.6 Dt 140098 LtCy 70049 integ.govd   +0.00   +0.00 integ.vbp +0.00 +0.00 omni.gos X     +0.0 ,Y     +0.1. omgD +0.004 omg  +0.00 loop   5138
[0mBatt=23.4 [0m[33mODOM [31mVisionX  +0.00 Y  +0.00 theta   +0.0 elt    0 [0mimu  -3.6 Dt 140114 LtCy 70057 integ.govd   +0.00   +0.00 integ.vbp +0.00 +0.00 omni.gos X     +0.0 ,Y     +0.1. omgD +0.004 omg  +0.00 loop   5169
[0mBatt=23.4 [0m[33mODOM [31mVisionX  +0.00 Y  +0.00 theta   +0.0 elt    0 [0mimu  -3.6 Dt 140130 LtCy 70065 integ.govd   +0.00   +0.00 integ.vbp +0.00 +0.00 omni.gos X     -0.0 ,Y     -0.2. omgD -0.013 omg  +0.00 loop   5135
[0mBatt=23.4 [0m[33mODOM [31mVisionX  +0.00 Y  +0.00 theta   +0.0 elt    0 [0mimu  -3.6 Dt 140146 LtCy 70073 integ.govd   +0.00   +0.00 integ.vbp +0.00 +0.00 omni.gos X     -0.0 ,Y     -0.1. omgD -0.009 omg  +0.00 loop   5136
[0mBatt=23.4 [0m[33mODOM [31mVisionX  +0.00 Y  +0.00 theta   +0.0 elt    0 [0mimu  -3.6 Dt 140162 LtCy 70081 integ.govd   +0.00   +0.00 integ.vbp +0.00 +0.00 omni.gos X     -0.0 ,Y     -0.1. omgD -0.005 omg  +0.00 loop   5146
[0mBatt=23.4 [0m[33mODOM [31mVisionX  +0.00 Y  +0.00 theta   +0.0 elt    0 [0mimu  -3.6 Dt 140178 LtCy 70089 integ.govd   +0.00   +0.00 integ.vbp +0.00 +0.00 omni.gos X     +0.0 ,Y     -0.0. omgD -0.001 omg  +0.00 loop   5151
[0mBatt=23.4 [0m[33mODOM [31mVisionX  +0.00 Y  +0.00 theta   +0.0 elt    0 [0mimu  -3.6 Dt 140194 LtCy 70097 integ.govd   +0.00   +0.00 integ.vbp +0.00 +0.00 omni.gos X     -0.0 ,Y     -0.1. omgD -0.009 omg  +0.00 loop   5137
[0mBatt=23.4 [0m[33mODOM [31mVisionX  +0.00 Y  +0.00 theta   +0.0 elt    0 [0mimu  -3.6 Dt 140210 LtCy 70105 integ.govd   +0.00   +0.00 integ.vbp +0.00 +0.00 omni.gos X     -0.0 ,Y     -0.1. omgD -0.009 omg  +0.00 loop   5144
[0mBatt=23.4 [0m[33mODOM [31mVisionX  +0.00 Y  +0.00 theta   +0.0 elt    0 [0mimu  -3.6 Dt 140226 LtCy 70113 integ.govd   +0.00   +0.00 integ.vbp +0.00 +0.00 omni.gos X     +0.0 ,Y     -0.1. omgD -0.005 omg  +0.00 loop   5157
[0mBatt=23.4 [0m[33mODOM [31mVisionX  +0.00 Y  +0.00 theta   +0.0 elt    0 [0mimu  -3.6 Dt 140242 LtCy 70121 integ.govd   +0.00   +0.00 integ.vbp +0.00 +0.00 omni.gos X     -0.0 ,Y     -0.1. omgD -0.005 omg  +0.00 loop   5119
[0mBatt=23.3 [0m[33mODOM [31mVisionX  +0.00 Y  +0.00 theta   +0.0 elt    0 [0mimu  -3.6 Dt 140258 LtCy 70129 integ.govd   +0.00   +0.00 integ.vbp +0.00 +0.00 omni.gos X     +0.0 ,Y     -0.1. omgD -0.005 omg  +0.00 loop   5148
[0mBatt=23.3 [0m[33mODOM [31mVisionX  +0.00 Y  +0.00 theta   +0.0 elt    0 [0mimu  -3.6 Dt 140274 LtCy 70137 integ.govd   +0.00   +0.00 integ.vbp +0.00 +0.00 omni.gos X     -0.0 ,Y     -0.1. omgD -0.005 omg  +0.00 loop   5156
[0mBatt=23.3 [0m[33mODOM [31mVisionX  +0.00 Y  +0.00 theta   +0.0 elt    0 [0mimu  -3.6 Dt 140290 LtCy 70145 integ.govd   +0.00   +0.00 integ.vbp +0.00 +0.00 omni.gos X     +0.0 ,Y     -0.0. omgD -0.001 omg  +0.00 loop   5127
[0mBatt=23.3 [0m[33mODOM [31mVisionX  +0.00 Y  +0.00 theta   +0.0 elt    0 [0mimu  -3.6 Dt 140306 LtCy 70153 integ.govd   +0.00   +0.00 integ.vbp +0.00 +0.00 omni.gos X     +0.0 ,Y     -0.1. omgD -0.005 omg  +0.00 loop   5144
[0mBatt=23.3 [0m[33mODOM [31mVisionX  +0.00 Y  +0.00 theta   +0.0 elt    0 [0mimu  -3.6 Dt 140322 LtCy 70161 integ.govd   +0.00   +0.00 integ.vbp +0.00 +0.00 omni.gos X     +0.0 ,Y     -0.1. omgD -0.005 omg  +0.00 loop   5158
[0mBatt=23.3 [0m[33mODOM [31mVisionX  +0.00 Y  +0.00 theta   +0.0 elt    0 [0mimu  -3.6 Dt 140338 LtCy 70169 integ.govd   +0.00   +0.00 integ.vbp +0.00 +0.00 omni.gos X     +0.0 ,Y     -0.0. omgD -0.001 omg  +0.00 loop   5151
[0mBatt=23.3 [0m[33mODOM [31mVisionX  +0.00 Y  +0.00 theta   +0.0 elt    0 [0mimu  -3.6 Dt 140354 LtCy 70177 integ.govd   +0.00   +0.00 integ.vbp +0.00 +0.00 omni.gos X     -0.0 ,Y     -0.1. omgD -0.005 omg  +0.00 loop   5130
[0mBatt=23.3 [0m[33mODOM [31mVisionX  +0.00 Y  +0.00 theta   +0.0 elt    0 [0mimu  -3.6 Dt 140370 LtCy 70185 integ.govd   +0.00   +0.00 integ.vbp +0.00 +0.00 omni.gos X     +0.0 ,Y     +0.0. omgD +0.004 omg  +0.00 loop   5154
[0mBatt=23.4 [0m[33mODOM [31mVisionX  +0.00 Y  +0.00 theta   +0.0 elt    0 [0mimu  -3.6 Dt 140386 LtCy 70193 integ.govd   +0.00   +0.00 integ.vbp +0.00 +0.00 omni.gos X     -0.0 ,Y     -0.1. omgD -0.009 omg  +0.00 loop   5155
[0mBatt=23.4 [0m[33mODOM [31mVisionX  +0.00 Y  +0.00 theta   +0.0 elt    0 [0mimu  -3.6 Dt 140402 LtCy 70201 integ.govd   +0.00   +0.00 integ.vbp +0.00 +0.00 omni.gos X     -0.0 ,Y     -0.1. omgD -0.009 omg  +0.00 loop   5121
[0mBatt=23.4 [0m[33mODOM [31mVisionX  +0.00 Y  +0.00 theta   +0.0 elt    0 [0mimu  -3.6 Dt 140418 LtCy 70209 integ.govd   +0.00   +0.00 integ.vbp +0.00 +0.00 omni.gos X     +0.0 ,Y     -0.0. omgD -0.001 omg  +0.00 loop   5144
[0mBatt=23.4 [0m[33mODOM [31mVisionX  +0.00 Y  +0.00 theta   +0.0 elt    0 [0mimu  -3.6 Dt 140434 LtCy 70217 integ.govd   +0.00   +0.00 integ.vbp +0.00 +0.00 omni.gos X     +0.0 ,Y     +0.0. omgD +0.004 omg  +0.00 loop   5165
[0mBatt=23.4 [0m[33mODOM [31mVisionX  +0.00 Y  +0.00 theta   +0.0 elt    0 [0mimu  -3.6 Dt 140450 LtCy 70225 integ.govd   +0.00   +0.00 integ.vbp +0.00 +0.00 omni.gos X     -0.0 ,Y     -0.1. omgD -0.009 omg  +0.00 loop   5119
[0mBatt=23.4 [0m[33mODOM [31mVisionX  +0.00 Y  +0.00 theta   +0.0 elt    0 [0mimu  -3.6 Dt 140466 LtCy 70233 integ.govd   +0.00   +0.00 integ.vbp +0.00 +0.00 omni.gos X     -0.0 ,Y     -0.1. omgD -0.009 omg  +0.00 loop   5141
[0mBatt=23.4 [0m[33mODOM [31mVisionX  +0.00 Y  +0.00 theta   +0.0 elt    0 [0mimu  -3.6 Dt 140482 LtCy 70241 integ.govd   +0.00   +0.00 integ.vbp +0.00 +0.00 omni.gos X     +0.0 ,Y     -0.1. omgD -0.005 omg  +0.00 loop   5160
[0mBatt=23.4 [0m[33mODOM [31mVisionX  +0.00 Y  +0.00 theta   +0.0 elt    0 [0mimu  -3.6 Dt 140498 LtCy 70249 integ.govd   +0.00   +0.00 integ.vbp +0.00 +0.00 omni.gos X     +0.0 ,Y     +0.0. omgD +0.004 omg  +0.00 loop   5135
[0mBatt=23.4 [0m[33mODOM [31mVisionX  +0.00 Y  +0.00 theta   +0.0 elt    0 [0mimu  -3.6 Dt 140514 LtCy 70257 integ.govd   +0.00   +0.00 integ.vbp +0.00 +0.00 omni.gos X     -0.0 ,Y     -0.1. omgD -0.005 omg  +0.00 loop   5144
[0mBatt=23.4 [0m[33mODOM [31mVisionX  +0.00 Y  +0.00 theta   +0.0 elt    0 [0mimu  -3.6 Dt 140530 LtCy 70265 integ.govd   +0.00   +0.00 integ.vbp +0.00 +0.00 omni.gos X     +0.0 ,Y     -0.0. omgD -0.001 omg  +0.00 loop   5149
[0mBatt=23.4 [0m[33mODOM [31mVisionX  +0.00 Y  +0.00 theta   +0.0 elt    0 [0mimu  -3.6 Dt 140546 LtCy 70273 integ.govd   +0.00   +0.00 integ.vbp +0.00 +0.00 omni.gos X     +0.0 ,Y     -0.1. omgD -0.005 omg  +0.00 loop   5153
[0mBatt=23.4 [0m[33mODOM [31mVisionX  +0.00 Y  +0.00 theta   +0.0 elt    0 [0mimu  -3.6 Dt 140562 LtCy 70281 integ.govd   +0.00   +0.00 integ.vbp +0.00 +0.00 omni.gos X     +0.0 ,Y     -0.0. omgD -0.001 omg  +0.00 loop   5130
[0mBatt=23.4 [0m[33mODOM [31mVisionX  +0.00 Y  +0.00 theta   +0.0 elt    0 [0mimu  -3.6 Dt 140578 LtCy 70289 integ.govd   +0.00   +0.00 integ.vbp +0.00 +0.00 omni.gos X     -0.0 ,Y     -0.1. omgD -0.005 omg  +0.00 loop   5155
[0mBatt=23.4 [0m[33mODOM [31mVisionX  +0.00 Y  +0.00 theta   +0.0 elt    0 [0mimu  -3.6 Dt 140594 LtCy 70297 integ.govd   +0.00   +0.00 integ.vbp +0.00 +0.00 omni.gos X     +0.0 ,Y     -0.1. omgD -0.005 omg  +0.00 loop   5157
[0mBatt=23.4 [0m[33mODOM [31mVisionX  +0.00 Y  +0.00 theta   +0.0 elt    0 [0mimu  -3.6 Dt 140610 LtCy 70305 integ.govd   +0.00   +0.00 integ.vbp +0.00 +0.00 omni.gos X     +0.0 ,Y     -0.0. omgD -0.001 omg  +0.00 loop   5125
[0mBatt=23.4 [0m[33mODOM [31mVisionX  +0.00 Y  +0.00 theta   +0.0 elt    0 [0mimu  -3.6 Dt 140626 LtCy 70313 integ.govd   +0.00   +0.00 integ.vbp +0.00 +0.00 omni.gos X     +0.0 ,Y     +0.0. omgD +0.004 omg  +0.00 loop   5154
[0mBatt=23.4 [0m[33mODOM [31mVisionX  +0.00 Y  +0.00 theta   +0.0 elt    0 [0mimu  -3.6 Dt 140642 LtCy 70321 integ.govd   +0.00   +0.00 integ.vbp +0.00 +0.00 omni.gos X     +0.0 ,Y     -0.1. omgD -0.005 omg  +0.00 loop   5157
[0mBatt=23.4 [0m[33mODOM [31mVisionX  +0.00 Y  +0.00 theta   +0.0 elt    0 [0mimu  -3.6 Dt 140658 LtCy 70329 integ.govd   +0.00   +0.00 integ.vbp +0.00 +0.00 omni.gos X     +0.0 ,Y     -0.0. omgD -0.001 omg  +0.00 loop   5136
[0mBatt=23.4 [0m[33mODOM [31mVisionX  +0.00 Y  +0.00 theta   +0.0 elt    0 [0mimu  -3.6 Dt 140674 LtCy 70337 integ.govd   +0.00   +0.00 integ.vbp +0.00 +0.00 omni.gos X     -0.0 ,Y     -0.2. omgD -0.013 omg  +0.00 loop   5151
[0mBatt=23.4 [0m[33mODOM [31mVisionX  +0.00 Y  +0.00 theta   +0.0 elt    0 [0mimu  -3.6 Dt 140690 LtCy 70345 integ.govd   +0.00   +0.00 integ.vbp +0.00 +0.00 omni.gos X     +0.0 ,Y     +0.1. omgD +0.008 omg  +0.00 loop   5145
[0mBatt=23.4 [0m[33mODOM [31mVisionX  +0.00 Y  +0.00 theta   +0.0 elt    0 [0mimu  -3.6 Dt 140706 LtCy 70353 integ.govd   +0.00   +0.00 integ.vbp +0.00 +0.00 omni.gos X     +0.0 ,Y     -0.1. omgD -0.005 omg  +0.00 loop   5145
[0mBatt=23.4 [0m[33mODOM [31mVisionX  +0.00 Y  +0.00 theta   +0.0 elt    0 [0mimu  -3.6 Dt 140722 LtCy 70361 integ.govd   +0.00   +0.00 integ.vbp +0.00 +0.00 omni.gos X     -0.0 ,Y     -0.1. omgD -0.005 omg  +0.00 loop   5137
[0mBatt=23.4 [0m[33mODOM [31mVisionX  +0.00 Y  +0.00 theta   +0.0 elt    0 [0mimu  -3.6 Dt 140738 LtCy 70369 integ.govd   +0.00   +0.00 integ.vbp +0.00 +0.00 omni.gos X     +0.0 ,Y     -0.1. omgD -0.009 omg  +0.00 loop   5152
[0mBatt=23.4 [0m[33mODOM [31mVisionX  +0.00 Y  +0.00 theta   +0.0 elt    0 [0mimu  -3.6 Dt 140754 LtCy 70377 integ.govd   +0.00   +0.00 integ.vbp +0.00 +0.00 omni.gos X     +4.0 ,Y     +3.5. omgD -0.005 omg  +0.00 loop   5156
[0mBatt=23.4 [0m[33mODOM [31mVisionX  +0.00 Y  +0.00 theta   +0.0 elt    0 [0mimu  -3.6 Dt 140770 LtCy 70385 integ.govd   +0.00   +0.00 integ.vbp +0.00 +0.00 omni.gos X     -4.0 ,Y     -3.6. omgD -0.001 omg  +0.00 loop   5123
[0mBatt=23.4 [0m[33mODOM [31mVisionX  +0.00 Y  +0.00 theta   +0.0 elt    0 [0mimu  -3.6 Dt 140786 LtCy 70393 integ.govd   +0.00   +0.00 integ.vbp +0.00 +0.00 omni.gos X     +0.0 ,Y     +0.1. omgD +0.008 omg  +0.00 loop   5150
[0mBatt=23.4 [0m[33mODOM [31mVisionX  +0.00 Y  +0.00 theta   +0.0 elt    0 [0mimu  -3.6 Dt 140802 LtCy 70401 integ.govd   +0.00   +0.00 integ.vbp +0.00 +0.00 omni.gos X     -0.0 ,Y     -0.1. omgD -0.005 omg  +0.00 loop   5144
[0mBatt=23.4 [0m[33mODOM [31mVisionX  +0.00 Y  +0.00 theta   +0.0 elt    0 [0mimu  -3.6 Dt 140818 LtCy 70409 integ.govd   +0.00   +0.00 integ.vbp +0.00 +0.00 omni.gos X     +4.0 ,Y     +3.4. omgD -0.009 omg  +0.00 loop   5121
[0mBatt=23.4 [0m[33mODOM [31mVisionX  +0.00 Y  +0.00 theta   +0.0 elt    0 [0mimu  -3.6 Dt 140834 LtCy 70417 integ.govd   +0.00   +0.00 integ.vbp +0.00 +0.00 omni.gos X     -0.0 ,Y     -0.3. omgD -0.022 omg  +0.00 loop   5142
[0mBatt=23.4 [0m[33mODOM [31mVisionX  +0.00 Y  +0.00 theta   +0.0 elt    0 [0mimu  -3.6 Dt 140850 LtCy 70425 integ.govd   +0.00   +0.00 integ.vbp +0.00 +0.00 omni.gos X     +0.0 ,Y     -0.1. omgD -0.009 omg  +0.00 loop   5150
[0mBatt=23.4 [0m[33mODOM [31mVisionX  +0.00 Y  +0.00 theta   +0.0 elt    0 [0mimu  -3.6 Dt 140866 LtCy 70433 integ.govd   +0.00   +0.00 integ.vbp +0.00 +0.00 omni.gos X     +4.0 ,Y     +3.9. omgD +0.025 omg  +0.00 loop   5141
[0mBatt=23.4 [0m[33mODOM [31mVisionX  +0.00 Y  +0.00 theta   +0.0 elt    0 [0mimu  -3.6 Dt 140882 LtCy 70441 integ.govd   +0.00   +0.00 integ.vbp +0.00 +0.00 omni.gos X     -4.1 ,Y     -4.0. omgD -0.035 omg  +0.00 loop   5124
[0mBatt=23.4 [0m[33mODOM [31mVisionX  +0.00 Y  +0.00 theta   +0.0 elt    0 [0mimu  -3.6 Dt 140898 LtCy 70449 integ.govd   +0.00   +0.00 integ.vbp +0.00 +0.00 omni.gos X     +4.1 ,Y     +3.9. omgD +0.029 omg  +0.00 loop   5147
[0mBatt=23.4 [0m[33mODOM [31mVisionX  +0.00 Y  +0.00 theta   +0.0 elt    0 [0mimu  -3.6 Dt 140914 LtCy 70457 integ.govd   +0.00   +0.00 integ.vbp +0.00 +0.00 omni.gos X     -7.6 ,Y     +0.1. omgD -0.026 omg  +0.00 loop   5134
[0mBatt=23.4 [0m[33mODOM [31mVisionX  +0.00 Y  +0.00 theta   +0.0 elt    0 [0mimu  -3.6 Dt 140930 LtCy 70465 integ.govd   +0.00   +0.00 integ.vbp +0.00 +0.00 omni.gos X     +8.1 ,Y     +7.2. omgD +0.008 omg  +0.00 loop   5121
[0mBatt=23.4 [0m[33mODOM [31mVisionX  +0.00 Y  +0.00 theta   +0.0 elt    0 [0mimu  -3.6 Dt 140946 LtCy 70473 integ.govd   +0.00   +0.00 integ.vbp +0.00 +0.00 omni.gos X     -4.0 ,Y     -3.7. omgD -0.013 omg  +0.00 loop   5146
[0mBatt=23.4 [0m[33mODOM [31mVisionX  +0.00 Y  +0.00 theta   +0.0 elt    0 [0mimu  -3.6 Dt 140962 LtCy 70481 integ.govd   +0.00   +0.00 integ.vbp +0.00 +0.00 omni.gos X     +0.0 ,Y     +0.2. omgD +0.016 omg  +0.00 loop   5142
[0mBatt=23.4 [0m[33mODOM [31mVisionX  +0.00 Y  +0.00 theta   +0.0 elt    0 [0mimu  -3.6 Dt 140978 LtCy 70489 integ.govd   +0.00   +0.00 integ.vbp +0.00 +0.00 omni.gos X     -0.0 ,Y     -0.2. omgD -0.011 omg  +0.00 loop   5115
[0mBatt=23.4 [0m[33mODOM [31mVisionX  +0.00 Y  +0.00 theta   +0.0 elt    0 [0mimu  -3.6 Dt 140994 LtCy 70497 integ.govd   +0.00   +0.00 integ.vbp +0.00 +0.00 omni.gos X     -4.0 ,Y     -3.6. omgD -0.005 omg  +0.00 loop   5142
[0mBatt=23.4 [0m[33mODOM [31mVisionX  +0.00 Y  +0.00 theta   +0.0 elt    0 [0mimu  -3.6 Dt 141002 LtCy 70501 integ.govd   +0.00   +0.00 integ.vbp +0.00 +0.00 omni.gos X     +4.0 ,Y     +3.6. omgD +0.002 omg  +0.00 loop   2484
[0mBatt=23.4 [0m[33mODOM [31mVisionX  +0.00 Y  +0.00 theta   +0.0 elt    0 [0mimu  -3.6 Dt 141018 LtCy 70509 integ.govd   +0.00   +0.00 integ.vbp +0.00 +0.00 omni.gos X     -4.0 ,Y     -3.8. omgD -0.016 omg  +0.00 loop   5130
[0mBatt=23.4 [0m[33mODOM [31mVisionX  +0.00 Y  +0.00 theta   +0.0 elt    0 [0mimu  -3.6 Dt 141034 LtCy 70517 integ.govd   +0.00   +0.00 integ.vbp +0.00 +0.00 omni.gos X     +0.0 ,Y     +0.2. omgD +0.012 omg  +0.00 loop   5124
[0mBatt=23.4 [0m[33mODOM [31mVisionX  +0.00 Y  +0.00 theta   +0.0 elt    0 [0mimu  -3.6 Dt 141050 LtCy 70525 integ.govd   +0.00   +0.00 integ.vbp +0.00 +0.00 omni.gos X     -0.0 ,Y     -0.1. omgD -0.007 omg  +0.00 loop   5145
[0mBatt=23.4 [0m[33mODOM [31mVisionX  +0.00 Y  +0.00 theta   +0.0 elt    0 [0mimu  -3.6 Dt 141066 LtCy 70533 integ.govd   +0.00   +0.00 integ.vbp +0.00 +0.00 omni.gos X     -0.0 ,Y     -0.1. omgD -0.011 omg  +0.00 loop   5145
[0mBatt=23.4 [0m[33mODOM [31mVisionX  +0.00 Y  +0.00 theta   +0.0 elt    0 [0mimu  -3.6 Dt 141082 LtCy 70541 integ.govd   +0.00   +0.00 integ.vbp +0.00 +0.00 omni.gos X     -0.0 ,Y     -0.1. omgD -0.007 omg  +0.00 loop   5115
[0mBatt=23.4 [0m[33mODOM [31mVisionX  +0.00 Y  +0.00 theta   +0.0 elt    0 [0mimu  -3.6 Dt 141098 LtCy 70549 integ.govd   +0.00   +0.00 integ.vbp +0.00 +0.00 omni.gos X     -0.0 ,Y     -0.1. omgD -0.011 omg  +0.00 loop   5147
[0mBatt=23.4 [0m[33mODOM [31mVisionX  +0.00 Y  +0.00 theta   +0.0 elt    0 [0mimu  -3.6 Dt 141114 LtCy 70557 integ.govd   +0.00   +0.00 integ.vbp +0.00 +0.00 omni.gos X     -0.0 ,Y     -0.1. omgD -0.005 omg  +0.00 loop   5155
[0mBatt=23.4 [0m[33mODOM [31mVisionX  +0.00 Y  +0.00 theta   +0.0 elt    0 [0mimu  -3.6 Dt 141130 LtCy 70565 integ.govd   +0.00   +0.00 integ.vbp +0.00 +0.00 omni.gos X     +0.0 ,Y     +0.0. omgD +0.002 omg  +0.00 loop   5119
[0mBatt=23.4 [0m[33mODOM [31mVisionX  +0.00 Y  +0.00 theta   +0.0 elt    0 [0mimu  -3.6 Dt 141146 LtCy 70573 integ.govd   +0.00   +0.00 integ.vbp +0.00 +0.00 omni.gos X     -0.0 ,Y     -0.1. omgD -0.009 omg  +0.00 loop   5149
[0mBatt=23.4 [0m[33mODOM [31mVisionX  +0.00 Y  +0.00 theta   +0.0 elt    0 [0mimu  -3.6 Dt 141162 LtCy 70581 integ.govd   +0.00   +0.00 integ.vbp +0.00 +0.00 omni.gos X     +0.0 ,Y     -0.0. omgD -0.001 omg  +0.00 loop   5144
[0mBatt=23.4 [0m[33mODOM [31mVisionX  +0.00 Y  +0.00 theta   +0.0 elt    0 [0mimu  -3.6 Dt 141178 LtCy 70589 integ.govd   +0.00   +0.00 integ.vbp +0.00 +0.00 omni.gos X     +0.0 ,Y     +0.0. omgD +0.002 omg  +0.00 loop   5137
[0mBatt=23.4 [0m[33mODOM [31mVisionX  +0.00 Y  +0.00 theta   +0.0 elt    0 [0mimu  -3.6 Dt 141194 LtCy 70597 integ.govd   +0.00   +0.00 integ.vbp +0.00 +0.00 omni.gos X     -0.0 ,Y     -0.1. omgD -0.009 omg  +0.00 loop   5140
[0mBatt=23.4 [0m[33mODOM [31mVisionX  +0.00 Y  +0.00 theta   +0.0 elt    0 [0mimu  -3.6 Dt 141210 LtCy 70605 integ.govd   +0.00   +0.00 integ.vbp +0.00 +0.00 omni.gos X     +0.0 ,Y     -0.0. omgD -0.003 omg  +0.00 loop   5142
[0mBatt=23.4 [0m[33mODOM [31mVisionX  +0.00 Y  +0.00 theta   +0.0 elt    0 [0mimu  -3.6 Dt 141226 LtCy 70613 integ.govd   +0.00   +0.00 integ.vbp +0.00 +0.00 omni.gos X     -0.0 ,Y     -0.1. omgD -0.009 omg  +0.00 loop   5156
[0mBatt=23.4 [0m[33mODOM [31mVisionX  +0.00 Y  +0.00 theta   +0.0 elt    0 [0mimu  -3.6 Dt 141242 LtCy 70621 integ.govd   +0.00   +0.00 integ.vbp +0.00 +0.00 omni.gos X     +0.0 ,Y     -0.0. omgD -0.001 omg  +0.00 loop   5120
[0mBatt=23.4 [0m[33mODOM [31mVisionX  +0.00 Y  +0.00 theta   +0.0 elt    0 [0mimu  -3.6 Dt 141258 LtCy 70629 integ.govd   +0.00   +0.00 integ.vbp +0.00 +0.00 omni.gos X     -4.0 ,Y     -3.5. omgD +0.004 omg  +0.00 loop   5159
[0mBatt=23.4 [0m[33mODOM [31mVisionX  +0.00 Y  +0.00 theta   +0.0 elt    0 [0mimu  -3.6 Dt 141274 LtCy 70637 integ.govd   +0.00   +0.00 integ.vbp +0.00 +0.00 omni.gos X     +0.0 ,Y     +0.0. omgD +0.002 omg  +0.00 loop   5143
[0mBatt=23.4 [0m[33mODOM [31mVisionX  +0.00 Y  +0.00 theta   +0.0 elt    0 [0mimu  -3.6 Dt 141290 LtCy 70645 integ.govd   +0.00   +0.00 integ.vbp +0.00 +0.00 omni.gos X     +0.0 ,Y     -0.1. omgD -0.005 omg  +0.00 loop   5136
[0mBatt=23.4 [0m[33mODOM [31mVisionX  +0.00 Y  +0.00 theta   +0.0 elt    0 [0mimu  -3.6 Dt 141306 LtCy 70653 integ.govd   +0.00   +0.00 integ.vbp +0.00 +0.00 omni.gos X     +0.0 ,Y     -0.0. omgD -0.001 omg  +0.00 loop   5150
[0mBatt=23.4 [0m[33mODOM [31mVisionX  +0.00 Y  +0.00 theta   +0.0 elt    0 [0mimu  -3.6 Dt 141322 LtCy 70661 integ.govd   +0.00   +0.00 integ.vbp +0.00 +0.00 omni.gos X     +0.0 ,Y     -0.1. omgD -0.005 omg  +0.00 loop   5158
[0mBatt=23.4 [0m[33mODOM [31mVisionX  +0.00 Y  +0.00 theta   +0.0 elt    0 [0mimu  -3.6 Dt 141338 LtCy 70669 integ.govd   +0.00   +0.00 integ.vbp +0.00 +0.00 omni.gos X     +4.0 ,Y     +3.5. omgD -0.001 omg  +0.00 loop   5120
[0mBatt=23.4 [0m[33mODOM [31mVisionX  +0.00 Y  +0.00 theta   +0.0 elt    0 [0mimu  -3.6 Dt 141354 LtCy 70677 integ.govd   +0.00   +0.00 integ.vbp +0.00 +0.00 omni.gos X     -0.0 ,Y     -0.1. omgD -0.005 omg  +0.00 loop   5132
[0mBatt=23.4 [0m[33mODOM [31mVisionX  +0.00 Y  +0.00 theta   +0.0 elt    0 [0mimu  -3.6 Dt 141370 LtCy 70685 integ.govd   +0.00   +0.00 integ.vbp +0.00 +0.00 omni.gos X     +0.0 ,Y     +0.1. omgD +0.004 omg  +0.00 loop   5153
[0mBatt=23.4 [0m[33mODOM [31mVisionX  +0.00 Y  +0.00 theta   +0.0 elt    0 [0mimu  -3.6 Dt 141386 LtCy 70693 integ.govd   +0.00   +0.00 integ.vbp +0.00 +0.00 omni.gos X     +0.0 ,Y     -0.0. omgD -0.001 omg  +0.00 loop   5140
[0mBatt=23.4 [0m[33mODOM [31mVisionX  +0.00 Y  +0.00 theta   +0.0 elt    0 [0mimu  -3.6 Dt 141402 LtCy 70701 integ.govd   +0.00   +0.00 integ.vbp +0.00 +0.00 omni.gos X     +0.0 ,Y     -0.0. omgD -0.001 omg  +0.00 loop   5131
[0mBatt=23.4 [0m[33mODOM [31mVisionX  +0.00 Y  +0.00 theta   +0.0 elt    0 [0mimu  -3.6 Dt 141418 LtCy 70709 integ.govd   +0.00   +0.00 integ.vbp +0.00 +0.00 omni.gos X     +0.0 ,Y     -0.1. omgD -0.005 omg  +0.00 loop   5159
[0mBatt=23.4 [0m[33mODOM [31mVisionX  +0.00 Y  +0.00 theta   +0.0 elt    0 [0mimu  -3.6 Dt 141434 LtCy 70717 integ.govd   +0.00   +0.00 integ.vbp +0.00 +0.00 omni.gos X     +0.0 ,Y     -0.0. omgD -0.001 omg  +0.00 loop   5152
[0mBatt=23.4 [0m[33mODOM [31mVisionX  +0.00 Y  +0.00 theta   +0.0 elt    0 [0mimu  -3.6 Dt 141450 LtCy 70725 integ.govd   +0.00   +0.00 integ.vbp +0.00 +0.00 omni.gos X     +0.0 ,Y     -0.1. omgD -0.005 omg  +0.00 loop   5128
[0mBatt=23.4 [0m[33mODOM [31mVisionX  +0.00 Y  +0.00 theta   +0.0 elt    0 [0mimu  -3.6 Dt 141466 LtCy 70733 integ.govd   +0.00   +0.00 integ.vbp +0.00 +0.00 omni.gos X     -0.0 ,Y     -0.1. omgD -0.005 omg  +0.00 loop   5157
[0mBatt=23.4 [0m[33mODOM [31mVisionX  +0.00 Y  +0.00 theta   +0.0 elt    0 [0mimu  -3.6 Dt 141482 LtCy 70741 integ.govd   +0.00   +0.00 integ.vbp +0.00 +0.00 omni.gos X     -0.0 ,Y     -0.1. omgD -0.005 omg  +0.00 loop   5151
[0mBatt=23.4 [0m[33mODOM [31mVisionX  +0.00 Y  +0.00 theta   +0.0 elt    0 [0mimu  -3.6 Dt 141498 LtCy 70749 integ.govd   +0.00   +0.00 integ.vbp +0.00 +0.00 omni.gos X     -0.0 ,Y     -0.1. omgD -0.005 omg  +0.00 loop   5121
[0mBatt=23.4 [0m[33mODOM [31mVisionX  +0.00 Y  +0.00 theta   +0.0 elt    0 [0mimu  -3.6 Dt 141514 LtCy 70757 integ.govd   +0.00   +0.00 integ.vbp +0.00 +0.00 omni.gos X     +0.0 ,Y     -0.0. omgD -0.001 omg  +0.00 loop   5141
[0mBatt=23.4 [0m[33mODOM [31mVisionX  +0.00 Y  +0.00 theta   +0.0 elt    0 [0mimu  -3.6 Dt 141530 LtCy 70765 integ.govd   +0.00   +0.00 integ.vbp +0.00 +0.00 omni.gos X     -0.0 ,Y     -0.1. omgD -0.005 omg  +0.00 loop   5156
[0mBatt=23.4 [0m[33mODOM [31mVisionX  +0.00 Y  +0.00 theta   +0.0 elt    0 [0mimu  -3.6 Dt 141546 LtCy 70773 integ.govd   +0.00   +0.00 integ.vbp +0.00 +0.00 omni.gos X     +0.0 ,Y     -0.1. omgD -0.005 omg  +0.00 loop   5140
[0mBatt=23.4 [0m[33mODOM [31mVisionX  +0.00 Y  +0.00 theta   +0.0 elt    0 [0mimu  -3.6 Dt 141562 LtCy 70781 integ.govd   +0.00   +0.00 integ.vbp +0.00 +0.00 omni.gos X     +0.0 ,Y     +0.1. omgD +0.004 omg  +0.00 loop   5144
[0mBatt=23.4 [0m[33mODOM [31mVisionX  +0.00 Y  +0.00 theta   +0.0 elt    0 [0mimu  -3.6 Dt 141578 LtCy 70789 integ.govd   +0.00   +0.00 integ.vbp +0.00 +0.00 omni.gos X     +0.0 ,Y     -0.0. omgD -0.001 omg  +0.00 loop   5154
[0mBatt=23.4 [0m[33mODOM [31mVisionX  +0.00 Y  +0.00 theta   +0.0 elt    0 [0mimu  -3.6 Dt 141594 LtCy 70797 integ.govd   +0.00   +0.00 integ.vbp +0.00 +0.00 omni.gos X     +0.0 ,Y     -0.0. omgD -0.001 omg  +0.00 loop   5155
[0mBatt=23.4 [0m[33mODOM [31mVisionX  +0.00 Y  +0.00 theta   +0.0 elt    0 [0mimu  -3.6 Dt 141610 LtCy 70805 integ.govd   +0.00   +0.00 integ.vbp +0.00 +0.00 omni.gos X     -0.0 ,Y     -0.1. omgD -0.005 omg  +0.00 loop   5127
[0mBatt=23.4 [0m[33mODOM [31mVisionX  +0.00 Y  +0.00 theta   +0.0 elt    0 [0mimu  -3.6 Dt 141626 LtCy 70813 integ.govd   +0.00   +0.00 integ.vbp +0.00 +0.00 omni.gos X     +0.0 ,Y     -0.1. omgD -0.005 omg  +0.00 loop   5146
[0mBatt=23.4 [0m[33mODOM [31mVisionX  +0.00 Y  +0.00 theta   +0.0 elt    0 [0mimu  -3.6 Dt 141642 LtCy 70821 integ.govd   +0.00   +0.00 integ.vbp +0.00 +0.00 omni.gos X     -0.0 ,Y     -0.0. omgD -0.001 omg  +0.00 loop   5162
[0mBatt=23.4 [0m[33mODOM [31mVisionX  +0.00 Y  +0.00 theta   +0.0 elt    0 [0mimu  -3.6 Dt 141658 LtCy 70829 integ.govd   +0.00   +0.00 integ.vbp +0.00 +0.00 omni.gos X     +0.0 ,Y     -0.0. omgD -0.001 omg  +0.00 loop   5125
[0mBatt=23.4 [0m[33mODOM [31mVisionX  +0.00 Y  +0.00 theta   +0.0 elt    0 [0mimu  -3.6 Dt 141674 LtCy 70837 integ.govd   +0.00   +0.00 integ.vbp +0.00 +0.00 omni.gos X     -0.0 ,Y     -0.1. omgD -0.005 omg  +0.00 loop   5154
[0mBatt=23.4 [0m[33mODOM [31mVisionX  +0.00 Y  +0.00 theta   +0.0 elt    0 [0mimu  -3.6 Dt 141690 LtCy 70845 integ.govd   +0.00   +0.00 integ.vbp +0.00 +0.00 omni.gos X     +0.0 ,Y     -0.0. omgD -0.001 omg  +0.00 loop   5147
[0mBatt=23.4 [0m[33mODOM [31mVisionX  +0.00 Y  +0.00 theta   +0.0 elt    0 [0mimu  -3.6 Dt 141706 LtCy 70853 integ.govd   +0.00   +0.00 integ.vbp +0.00 +0.00 omni.gos X     +0.0 ,Y     -0.0. omgD -0.001 omg  +0.00 loop   5134
[0mBatt=23.4 [0m[33mODOM [31mVisionX  +0.00 Y  +0.00 theta   +0.0 elt    0 [0mimu  -3.6 Dt 141722 LtCy 70861 integ.govd   +0.00   +0.00 integ.vbp +0.00 +0.00 omni.gos X     +0.0 ,Y     +0.0. omgD +0.004 omg  +0.00 loop   5147
[0mBatt=23.4 [0m[33mODOM [31mVisionX  +0.00 Y  +0.00 theta   +0.0 elt    0 [0mimu  -3.6 Dt 141738 LtCy 70869 integ.govd   +0.00   +0.00 integ.vbp +0.00 +0.00 omni.gos X     +0.0 ,Y     -0.1. omgD -0.005 omg  +0.00 loop   5151
[0mBatt=23.4 [0m[33mODOM [31mVisionX  +0.00 Y  +0.00 theta   +0.0 elt    0 [0mimu  -3.6 Dt 141754 LtCy 70877 integ.govd   +0.00   +0.00 integ.vbp +0.00 +0.00 omni.gos X     -0.0 ,Y     -0.1. omgD -0.009 omg  +0.00 loop   5144
[0mBatt=23.4 [0m[33mODOM [31mVisionX  +0.00 Y  +0.00 theta   +0.0 elt    0 [0mimu  -3.6 Dt 141770 LtCy 70885 integ.govd   +0.00   +0.00 integ.vbp +0.00 +0.00 omni.gos X     -0.0 ,Y     -0.1. omgD -0.005 omg  +0.00 loop   5122
[0mBatt=23.4 [0m[33mODOM [31mVisionX  +0.00 Y  +0.00 theta   +0.0 elt    0 [0mimu  -3.6 Dt 141786 LtCy 70893 integ.govd   +0.00   +0.00 integ.vbp +0.00 +0.00 omni.gos X     +0.0 ,Y     -0.1. omgD -0.005 omg  +0.00 loop   5157
[0mBatt=23.4 [0m[33mODOM [31mVisionX  +0.00 Y  +0.00 theta   +0.0 elt    0 [0mimu  -3.6 Dt 141802 LtCy 70901 integ.govd   +0.00   +0.00 integ.vbp +0.00 +0.00 omni.gos X     +0.0 ,Y     -0.0. omgD -0.001 omg  +0.00 loop   5151
[0mBatt=23.4 [0m[33mODOM [31mVisionX  +0.00 Y  +0.00 theta   +0.0 elt    0 [0mimu  -3.6 Dt 141818 LtCy 70909 integ.govd   +0.00   +0.00 integ.vbp +0.00 +0.00 omni.gos X     -0.0 ,Y     -0.1. omgD -0.009 omg  +0.00 loop   5131
[0mBatt=23.4 [0m[33mODOM [31mVisionX  +0.00 Y  +0.00 theta   +0.0 elt    0 [0mimu  -3.6 Dt 141834 LtCy 70917 integ.govd   +0.00   +0.00 integ.vbp +0.00 +0.00 omni.gos X     -0.0 ,Y     -0.2. omgD -0.018 omg  +0.00 loop   5150
[0mBatt=23.4 [0m[33mODOM [31mVisionX  +0.00 Y  +0.00 theta   +0.0 elt    0 [0mimu  -3.6 Dt 141850 LtCy 70925 integ.govd   +0.00   +0.00 integ.vbp +0.00 +0.00 omni.gos X     -0.0 ,Y     -0.1. omgD -0.005 omg  +0.00 loop   5146
[0mBatt=23.4 [0m[33mODOM [31mVisionX  +0.00 Y  +0.00 theta   +0.0 elt    0 [0mimu  -3.6 Dt 141866 LtCy 70933 integ.govd   +0.00   +0.00 integ.vbp +0.00 +0.00 omni.gos X     +0.0 ,Y     -0.0. omgD -0.001 omg  +0.00 loop   5129
[0mBatt=23.4 [0m[33mODOM [31mVisionX  +0.00 Y  +0.00 theta   +0.0 elt    0 [0mimu  -3.6 Dt 141882 LtCy 70941 integ.govd   +0.00   +0.00 integ.vbp +0.00 +0.00 omni.gos X     -0.0 ,Y     -0.1. omgD -0.009 omg  +0.00 loop   5147
[0mBatt=23.4 [0m[33mODOM [31mVisionX  +0.00 Y  +0.00 theta   +0.0 elt    0 [0mimu  -3.6 Dt 141898 LtCy 70949 integ.govd   +0.00   +0.00 integ.vbp +0.00 +0.00 omni.gos X     -0.0 ,Y     -0.0. omgD -0.001 omg  +0.00 loop   5148
[0mBatt=23.4 [0m[33mODOM [31mVisionX  +0.00 Y  +0.00 theta   +0.0 elt    0 [0mimu  -3.6 Dt 141914 LtCy 70957 integ.govd   +0.00   +0.00 integ.vbp +0.00 +0.00 omni.gos X     +0.0 ,Y     -0.0. omgD -0.001 omg  +0.00 loop   5131
[0mBatt=23.4 [0m[33mODOM [31mVisionX  +0.00 Y  +0.00 theta   +0.0 elt    0 [0mimu  -3.6 Dt 141930 LtCy 70965 integ.govd   +0.00   +0.00 integ.vbp +0.00 +0.00 omni.gos X     -0.0 ,Y     -0.1. omgD -0.005 omg  +0.00 loop   5148
[0mBatt=23.4 [0m[33mODOM [31mVisionX  +0.00 Y  +0.00 theta   +0.0 elt    0 [0mimu  -3.6 Dt 141946 LtCy 70973 integ.govd   +0.00   +0.00 integ.vbp +0.00 +0.00 omni.gos X     -0.0 ,Y     -0.1. omgD -0.009 omg  +0.00 loop   5151
[0mBatt=23.4 [0m[33mODOM [31mVisionX  +0.00 Y  +0.00 theta   +0.0 elt    0 [0mimu  -3.6 Dt 141962 LtCy 70981 integ.govd   +0.00   +0.00 integ.vbp +0.00 +0.00 omni.gos X     -0.0 ,Y     -0.1. omgD -0.009 omg  +0.00 loop   5137
[0mBatt=23.4 [0m[33mODOM [31mVisionX  +0.00 Y  +0.00 theta   +0.0 elt    0 [0mimu  -3.6 Dt 141978 LtCy 70989 integ.govd   +0.00   +0.00 integ.vbp +0.00 +0.00 omni.gos X     -0.0 ,Y     -0.2. omgD -0.013 omg  +0.00 loop   5120
[0mBatt=23.4 [0m[33mODOM [31mVisionX  +0.00 Y  +0.00 theta   +0.0 elt    0 [0mimu  -3.6 Dt 141994 LtCy 70997 integ.govd   +0.00   +0.00 integ.vbp +0.00 +0.00 omni.gos X     +0.0 ,Y     -0.0. omgD -0.001 omg  +0.00 loop   5145
[0mBatt=23.4 [0m[33mODOM [31mVisionX  +0.00 Y  +0.00 theta   +0.0 elt    0 [0mimu  -3.6 Dt 142002 LtCy 71001 integ.govd   +0.00   +0.00 integ.vbp +0.00 +0.00 omni.gos X     -0.0 ,Y     -0.1. omgD -0.005 omg  +0.00 loop   2489
[0mBatt=23.4 [0m[33mODOM [31mVisionX  +0.00 Y  +0.00 theta   +0.0 elt    0 [0mimu  -3.6 Dt 142018 LtCy 71009 integ.govd   +0.00   +0.00 integ.vbp +0.00 +0.00 omni.gos X     +0.0 ,Y     -0.1. omgD -0.005 omg  +0.00 loop   5128
[0mBatt=23.4 [0m[33mODOM [31mVisionX  +0.00 Y  +0.00 theta   +0.0 elt    0 [0mimu  -3.6 Dt 142034 LtCy 71017 integ.govd   +0.00   +0.00 integ.vbp +0.00 +0.00 omni.gos X     +0.0 ,Y     -0.0. omgD -0.001 omg  +0.00 loop   5147
[0mBatt=23.4 [0m[33mODOM [31mVisionX  +0.00 Y  +0.00 theta   +0.0 elt    0 [0mimu  -3.6 Dt 142050 LtCy 71025 integ.govd   +0.00   +0.00 integ.vbp +0.00 +0.00 omni.gos X     +0.0 ,Y     -0.0. omgD -0.001 omg  +0.00 loop   5153
[0mBatt=23.4 [0m[33mODOM [31mVisionX  +0.00 Y  +0.00 theta   +0.0 elt    0 [0mimu  -3.6 Dt 142066 LtCy 71033 integ.govd   +0.00   +0.00 integ.vbp +0.00 +0.00 omni.gos X     +0.0 ,Y     -0.0. omgD -0.001 omg  +0.00 loop   5153
[0mBatt=23.4 [0m[33mODOM [31mVisionX  +0.00 Y  +0.00 theta   +0.0 elt    0 [0mimu  -3.6 Dt 142082 LtCy 71041 integ.govd   +0.00   +0.00 integ.vbp +0.00 +0.00 omni.gos X     +0.0 ,Y     -0.1. omgD -0.005 omg  +0.00 loop   5130
[0mBatt=23.4 [0m[33mODOM [31mVisionX  +0.00 Y  +0.00 theta   +0.0 elt    0 [0mimu  -3.6 Dt 142098 LtCy 71049 integ.govd   +0.00   +0.00 integ.vbp +0.00 +0.00 omni.gos X     +0.0 ,Y     -0.0. omgD -0.001 omg  +0.00 loop   5153
[0mBatt=23.4 [0m[33mODOM [31mVisionX  +0.00 Y  +0.00 theta   +0.0 elt    0 [0mimu  -3.6 Dt 142114 LtCy 71057 integ.govd   +0.00   +0.00 integ.vbp +0.00 +0.00 omni.gos X     +0.0 ,Y     -0.1. omgD -0.005 omg  +0.00 loop   5159
[0mBatt=23.4 [0m[33mODOM [31mVisionX  +0.00 Y  +0.00 theta   +0.0 elt    0 [0mimu  -3.6 Dt 142130 LtCy 71065 integ.govd   +0.00   +0.00 integ.vbp +0.00 +0.00 omni.gos X     +0.0 ,Y     +0.1. omgD +0.008 omg  +0.00 loop   5129
[0mBatt=23.4 [0m[33mODOM [31mVisionX  +0.00 Y  +0.00 theta   +0.0 elt    0 [0mimu  -3.6 Dt 142146 LtCy 71073 integ.govd   +0.00   +0.00 integ.vbp +0.00 +0.00 omni.gos X     +0.0 ,Y     -0.0. omgD -0.001 omg  +0.00 loop   5151
[0mBatt=23.4 [0m[33mODOM [31mVisionX  +0.00 Y  +0.00 theta   +0.0 elt    0 [0mimu  -3.6 Dt 142162 LtCy 71081 integ.govd   +0.00   +0.00 integ.vbp +0.00 +0.00 omni.gos X     -0.0 ,Y     -0.1. omgD -0.005 omg  +0.00 loop   5159
[0mBatt=23.4 [0m[33mODOM [31mVisionX  +0.00 Y  +0.00 theta   +0.0 elt    0 [0mimu  -3.6 Dt 142178 LtCy 71089 integ.govd   +0.00   +0.00 integ.vbp +0.00 +0.00 omni.gos X     +0.0 ,Y     -0.1. omgD -0.005 omg  +0.00 loop   5130
[0mBatt=23.4 [0m[33mODOM [31mVisionX  +0.00 Y  +0.00 theta   +0.0 elt    0 [0mimu  -3.6 Dt 142194 LtCy 71097 integ.govd   +0.00   +0.00 integ.vbp +0.00 +0.00 omni.gos X     -0.0 ,Y     -0.1. omgD -0.005 omg  +0.00 loop   5146
[0mBatt=23.4 [0m[33mODOM [31mVisionX  +0.00 Y  +0.00 theta   +0.0 elt    0 [0mimu  -3.6 Dt 142210 LtCy 71105 integ.govd   +0.00   +0.00 integ.vbp +0.00 +0.00 omni.gos X     -0.0 ,Y     -0.1. omgD -0.009 omg  +0.00 loop   5149
[0mBatt=23.4 [0m[33mODOM [31mVisionX  +0.00 Y  +0.00 theta   +0.0 elt    0 [0mimu  -3.6 Dt 142226 LtCy 71113 integ.govd   +0.00   +0.00 integ.vbp +0.00 +0.00 omni.gos X     -0.0 ,Y     -0.1. omgD -0.009 omg  +0.00 loop   5133
[0mBatt=23.4 [0m[33mODOM [31mVisionX  +0.00 Y  +0.00 theta   +0.0 elt    0 [0mimu  -3.6 Dt 142242 LtCy 71121 integ.govd   +0.00   +0.00 integ.vbp +0.00 +0.00 omni.gos X     +0.0 ,Y     -0.0. omgD -0.001 omg  +0.00 loop   5128
[0mBatt=23.4 [0m[33mODOM [31mVisionX  +0.00 Y  +0.00 theta   +0.0 elt    0 [0mimu  -3.6 Dt 142258 LtCy 71129 integ.govd   +0.00   +0.00 integ.vbp +0.00 +0.00 omni.gos X     -0.0 ,Y     -0.1. omgD -0.005 omg  +0.00 loop   5154
[0mBatt=23.4 [0m[33mODOM [31mVisionX  +0.00 Y  +0.00 theta   +0.0 elt    0 [0mimu  -3.6 Dt 142274 LtCy 71137 integ.govd   +0.00   +0.00 integ.vbp +0.00 +0.00 omni.gos X     +0.0 ,Y     +0.0. omgD +0.004 omg  +0.00 loop   5143
[0mBatt=23.4 [0m[33mODOM [31mVisionX  +0.00 Y  +0.00 theta   +0.0 elt    0 [0mimu  -3.6 Dt 142290 LtCy 71145 integ.govd   +0.00   +0.00 integ.vbp +0.00 +0.00 omni.gos X     +0.0 ,Y     -0.0. omgD -0.001 omg  +0.00 loop   5124
[0mBatt=23.4 [0m[33mODOM [31mVisionX  +0.00 Y  +0.00 theta   +0.0 elt    0 [0mimu  -3.6 Dt 142306 LtCy 71153 integ.govd   +0.00   +0.00 integ.vbp +0.00 +0.00 omni.gos X     +0.0 ,Y     -0.1. omgD -0.005 omg  +0.00 loop   5159
[0mBatt=23.4 [0m[33mODOM [31mVisionX  +0.00 Y  +0.00 theta   +0.0 elt    0 [0mimu  -3.6 Dt 142322 LtCy 71161 integ.govd   +0.00   +0.00 integ.vbp +0.00 +0.00 omni.gos X     -0.0 ,Y     -0.1. omgD -0.009 omg  +0.00 loop   5154
[0mBatt=23.4 [0m[33mODOM [31mVisionX  +0.00 Y  +0.00 theta   +0.0 elt    0 [0mimu  -3.6 Dt 142338 LtCy 71169 integ.govd   +0.00   +0.00 integ.vbp +0.00 +0.00 omni.gos X     -0.0 ,Y     -0.2. omgD -0.013 omg  +0.00 loop   5122
[0mBatt=23.4 [0m[33mODOM [31mVisionX  +0.00 Y  +0.00 theta   +0.0 elt    0 [0mimu  -3.6 Dt 142354 LtCy 71177 integ.govd   +0.00   +0.00 integ.vbp +0.00 +0.00 omni.gos X     -0.0 ,Y     -0.1. omgD -0.005 omg  +0.00 loop   5144
[0mBatt=23.4 [0m[33mODOM [31mVisionX  +0.00 Y  +0.00 theta   +0.0 elt    0 [0mimu  -3.6 Dt 142370 LtCy 71185 integ.govd   +0.00   +0.00 integ.vbp +0.00 +0.00 omni.gos X     +0.0 ,Y     -0.0. omgD -0.003 omg  +0.00 loop   5147
[0mBatt=23.4 [0m[33mODOM [31mVisionX  +0.00 Y  +0.00 theta   +0.0 elt    0 [0mimu  -3.6 Dt 142386 LtCy 71193 integ.govd   +0.00   +0.00 integ.vbp +0.00 +0.00 omni.gos X     +0.0 ,Y     -0.1. omgD -0.005 omg  +0.00 loop   5144
[0mBatt=23.4 [0m[33mODOM [31mVisionX  +0.00 Y  +0.00 theta   +0.0 elt    0 [0mimu  -3.6 Dt 142402 LtCy 71201 integ.govd   +0.00   +0.00 integ.vbp +0.00 +0.00 omni.gos X     -0.0 ,Y     -0.1. omgD -0.007 omg  +0.00 loop   5145
[0mBatt=23.4 [0m[33mODOM [31mVisionX  +0.00 Y  +0.00 theta   +0.0 elt    0 [0mimu  -3.6 Dt 142418 LtCy 71209 integ.govd   +0.00   +0.00 integ.vbp +0.00 +0.00 omni.gos X     +0.0 ,Y     -0.0. omgD -0.001 omg  +0.00 loop   5152
[0mBatt=23.4 [0m[33mODOM [31mVisionX  +0.00 Y  +0.00 theta   +0.0 elt    0 [0mimu  -3.6 Dt 142434 LtCy 71217 integ.govd   +0.00   +0.00 integ.vbp +0.00 +0.00 omni.gos X     +0.0 ,Y     -0.0. omgD -0.003 omg  +0.00 loop   5148
[0mBatt=23.4 [0m[33mODOM [31mVisionX  +0.00 Y  +0.00 theta   +0.0 elt    0 [0mimu  -3.6 Dt 142450 LtCy 71225 integ.govd   +0.00   +0.00 integ.vbp +0.00 +0.00 omni.gos X     +0.0 ,Y     -0.0. omgD -0.003 omg  +0.00 loop   5133
[0mBatt=23.4 [0m[33mODOM [31mVisionX  +0.00 Y  +0.00 theta   +0.0 elt    0 [0mimu  -3.6 Dt 142466 LtCy 71233 integ.govd   +0.00   +0.00 integ.vbp +0.00 +0.00 omni.gos X     -0.0 ,Y     -0.1. omgD -0.007 omg  +0.00 loop   5160
[0mBatt=23.4 [0m[33mODOM [31mVisionX  +0.00 Y  +0.00 theta   +0.0 elt    0 [0mimu  -3.6 Dt 142482 LtCy 71241 integ.govd   +0.00   +0.00 integ.vbp +0.00 +0.00 omni.gos X     +0.0 ,Y     -0.0. omgD -0.001 omg  +0.00 loop   5145
[0mBatt=23.4 [0m[33mODOM [31mVisionX  +0.00 Y  +0.00 theta   +0.0 elt    0 [0mimu  -3.6 Dt 142498 LtCy 71249 integ.govd   +0.00   +0.00 integ.vbp +0.00 +0.00 omni.gos X     +0.0 ,Y     -0.0. omgD -0.001 omg  +0.00 loop   5126
[0mBatt=23.4 [0m[33mODOM [31mVisionX  +0.00 Y  +0.00 theta   +0.0 elt    0 [0mimu  -3.6 Dt 142514 LtCy 71257 integ.govd   +0.00   +0.00 integ.vbp +0.00 +0.00 omni.gos X     +0.0 ,Y     -0.0. omgD -0.001 omg  +0.00 loop   5154
[0mBatt=23.4 [0m[33mODOM [31mVisionX  +0.00 Y  +0.00 theta   +0.0 elt    0 [0mimu  -3.6 Dt 142530 LtCy 71265 integ.govd   +0.00   +0.00 integ.vbp +0.00 +0.00 omni.gos X     +0.0 ,Y     -0.0. omgD -0.003 omg  +0.00 loop   5160
[0mBatt=23.4 [0m[33mODOM [31mVisionX  +0.00 Y  +0.00 theta   +0.0 elt    0 [0mimu  -3.6 Dt 142546 LtCy 71273 integ.govd   +0.00   +0.00 integ.vbp +0.00 +0.00 omni.gos X     -0.0 ,Y     -0.1. omgD -0.007 omg  +0.00 loop   5129
[0mBatt=23.4 [0m[33mODOM [31mVisionX  +0.00 Y  +0.00 theta   +0.0 elt    0 [0mimu  -3.6 Dt 142562 LtCy 71281 integ.govd   +0.00   +0.00 integ.vbp +0.00 +0.00 omni.gos X     +0.0 ,Y     -0.1. omgD -0.005 omg  +0.00 loop   5145
[0mBatt=23.4 [0m[33mODOM [31mVisionX  +0.00 Y  +0.00 theta   +0.0 elt    0 [0mimu  -3.6 Dt 142578 LtCy 71289 integ.govd   +0.00   +0.00 integ.vbp +0.00 +0.00 omni.gos X     +0.0 ,Y     -0.1. omgD -0.005 omg  +0.00 loop   5154
[0mBatt=23.4 [0m[33mODOM [31mVisionX  +0.00 Y  +0.00 theta   +0.0 elt    0 [0mimu  -3.6 Dt 142594 LtCy 71297 integ.govd   +0.00   +0.00 integ.vbp +0.00 +0.00 omni.gos X     +0.0 ,Y     +0.0. omgD +0.002 omg  +0.00 loop   5141
[0mBatt=23.4 [0m[33mODOM [31mVisionX  +0.00 Y  +0.00 theta   +0.0 elt    0 [0mimu  -3.6 Dt 142610 LtCy 71305 integ.govd   +0.00   +0.00 integ.vbp +0.00 +0.00 omni.gos X     +0.0 ,Y     -0.0. omgD -0.003 omg  +0.00 loop   5140
[0mBatt=23.4 [0m[33mODOM [31mVisionX  +0.00 Y  +0.00 theta   +0.0 elt    0 [0mimu  -3.6 Dt 142626 LtCy 71313 integ.govd   +0.00   +0.00 integ.vbp +0.00 +0.00 omni.gos X     +0.0 ,Y     +0.0. omgD +0.002 omg  +0.00 loop   5155
[0mBatt=23.4 [0m[33mODOM [31mVisionX  +0.00 Y  +0.00 theta   +0.0 elt    0 [0mimu  -3.6 Dt 142642 LtCy 71321 integ.govd   +0.00   +0.00 integ.vbp +0.00 +0.00 omni.gos X     -0.0 ,Y     -0.1. omgD -0.007 omg  +0.00 loop   5154
[0mBatt=23.4 [0m[33mODOM [31mVisionX  +0.00 Y  +0.00 theta   +0.0 elt    0 [0mimu  -3.6 Dt 142658 LtCy 71329 integ.govd   +0.00   +0.00 integ.vbp +0.00 +0.00 omni.gos X     -0.0 ,Y     -0.1. omgD -0.007 omg  +0.00 loop   5117
[0mBatt=23.4 [0m[33mODOM [31mVisionX  +0.00 Y  +0.00 theta   +0.0 elt    0 [0mimu  -3.6 Dt 142674 LtCy 71337 integ.govd   +0.00   +0.00 integ.vbp +0.00 +0.00 omni.gos X     +0.0 ,Y     -0.0. omgD -0.003 omg  +0.00 loop   5157
[0mBatt=23.4 [0m[33mODOM [31mVisionX  +0.00 Y  +0.00 theta   +0.0 elt    0 [0mimu  -3.6 Dt 142690 LtCy 71345 integ.govd   +0.00   +0.00 integ.vbp +0.00 +0.00 omni.gos X     -0.0 ,Y     -0.0. omgD -0.003 omg  +0.00 loop   5149
[0mBatt=23.4 [0m[33mODOM [31mVisionX  +0.00 Y  +0.00 theta   +0.0 elt    0 [0mimu  -3.6 Dt 142706 LtCy 71353 integ.govd   +0.00   +0.00 integ.vbp +0.00 +0.00 omni.gos X     +0.0 ,Y     -0.1. omgD -0.005 omg  +0.00 loop   5137
[0mBatt=23.4 [0m[33mODOM [31mVisionX  +0.00 Y  +0.00 theta   +0.0 elt    0 [0mimu  -3.6 Dt 142722 LtCy 71361 integ.govd   +0.00   +0.00 integ.vbp +0.00 +0.00 omni.gos X     +0.0 ,Y     -0.0. omgD -0.003 omg  +0.00 loop   5154
[0mBatt=23.4 [0m[33mODOM [31mVisionX  +0.00 Y  +0.00 theta   +0.0 elt    0 [0mimu  -3.6 Dt 142738 LtCy 71369 integ.govd   +0.00   +0.00 integ.vbp +0.00 +0.00 omni.gos X     +0.0 ,Y     -0.0. omgD -0.001 omg  +0.00 loop   5155
[0mBatt=23.4 [0m[33mODOM [31mVisionX  +0.00 Y  +0.00 theta   +0.0 elt    0 [0mimu  -3.6 Dt 142754 LtCy 71377 integ.govd   +0.00   +0.00 integ.vbp +0.00 +0.00 omni.gos X     -0.0 ,Y     -0.1. omgD -0.009 omg  +0.00 loop   5138
[0mBatt=23.4 [0m[33mODOM [31mVisionX  +0.00 Y  +0.00 theta   +0.0 elt    0 [0mimu  -3.6 Dt 142770 LtCy 71385 integ.govd   +0.00   +0.00 integ.vbp +0.00 +0.00 omni.gos X     +0.0 ,Y     -0.0. omgD -0.001 omg  +0.00 loop   5131
[0mBatt=23.4 [0m[33mODOM [31mVisionX  +0.00 Y  +0.00 theta   +0.0 elt    0 [0mimu  -3.6 Dt 142786 LtCy 71393 integ.govd   +0.00   +0.00 integ.vbp +0.00 +0.00 omni.gos X     -0.0 ,Y     -0.1. omgD -0.009 omg  +0.00 loop   5162
[0mBatt=23.4 [0m[33mODOM [31mVisionX  +0.00 Y  +0.00 theta   +0.0 elt    0 [0mimu  -3.6 Dt 142802 LtCy 71401 integ.govd   +0.00   +0.00 integ.vbp +0.00 +0.00 omni.gos X     +0.0 ,Y     +0.1. omgD +0.008 omg  +0.00 loop   5131
[0mBatt=23.4 [0m[33mODOM [31mVisionX  +0.00 Y  +0.00 theta   +0.0 elt    0 [0mimu  -3.6 Dt 142818 LtCy 71409 integ.govd   +0.00   +0.00 integ.vbp +0.00 +0.00 omni.gos X     +0.0 ,Y     +0.0. omgD +0.004 omg  +0.00 loop   5132
[0mBatt=23.4 [0m[33mODOM [31mVisionX  +0.00 Y  +0.00 theta   +0.0 elt    0 [0mimu  -3.6 Dt 142834 LtCy 71417 integ.govd   +0.00   +0.00 integ.vbp +0.00 +0.00 omni.gos X     -0.0 ,Y     -0.1. omgD -0.009 omg  +0.00 loop   5148
[0mBatt=23.4 [0m[33mODOM [31mVisionX  +0.00 Y  +0.00 theta   +0.0 elt    0 [0mimu  -3.6 Dt 142850 LtCy 71425 integ.govd   +0.00   +0.00 integ.vbp +0.00 +0.00 omni.gos X     +0.0 ,Y     -0.1. omgD -0.005 omg  +0.00 loop   5146
[0mBatt=23.4 [0m[33mODOM [31mVisionX  +0.00 Y  +0.00 theta   +0.0 elt    0 [0mimu  -3.6 Dt 142866 LtCy 71433 integ.govd   +0.00   +0.00 integ.vbp +0.00 +0.00 omni.gos X     +0.0 ,Y     +0.0. omgD +0.004 omg  +0.00 loop   5135
[0mBatt=23.4 [0m[33mODOM [31mVisionX  +0.00 Y  +0.00 theta   +0.0 elt    0 [0mimu  -3.6 Dt 142882 LtCy 71441 integ.govd   +0.00   +0.00 integ.vbp +0.00 +0.00 omni.gos X     +0.0 ,Y     -0.0. omgD -0.001 omg  +0.00 loop   5147
[0mBatt=23.4 [0m[33mODOM [31mVisionX  +0.00 Y  +0.00 theta   +0.0 elt    0 [0mimu  -3.6 Dt 142898 LtCy 71449 integ.govd   +0.00   +0.00 integ.vbp +0.00 +0.00 omni.gos X     -0.0 ,Y     -0.1. omgD -0.005 omg  +0.00 loop   5159
[0mBatt=23.4 [0m[33mODOM [31mVisionX  +0.00 Y  +0.00 theta   +0.0 elt    0 [0mimu  -3.6 Dt 142914 LtCy 71457 integ.govd   +0.00   +0.00 integ.vbp +0.00 +0.00 omni.gos X     -0.0 ,Y     -0.1. omgD -0.009 omg  +0.00 loop   5117
[0mBatt=23.4 [0m[33mODOM [31mVisionX  +0.00 Y  +0.00 theta   +0.0 elt    0 [0mimu  -3.6 Dt 142930 LtCy 71465 integ.govd   +0.00   +0.00 integ.vbp +0.00 +0.00 omni.gos X     +0.0 ,Y     -0.0. omgD -0.001 omg  +0.00 loop   5151
[0mBatt=23.4 [0m[33mODOM [31mVisionX  +0.00 Y  +0.00 theta   +0.0 elt    0 [0mimu  -3.6 Dt 142946 LtCy 71473 integ.govd   +0.00   +0.00 integ.vbp +0.00 +0.00 omni.gos X     -0.0 ,Y     -0.1. omgD -0.005 omg  +0.00 loop   5156
[0mBatt=23.4 [0m[33mODOM [31mVisionX  +0.00 Y  +0.00 theta   +0.0 elt    0 [0mimu  -3.6 Dt 142962 LtCy 71481 integ.govd   +0.00   +0.00 integ.vbp +0.00 +0.00 omni.gos X     +0.0 ,Y     -0.1. omgD -0.005 omg  +0.00 loop   5140
[0mBatt=23.4 [0m[33mODOM [31mVisionX  +0.00 Y  +0.00 theta   +0.0 elt    0 [0mimu  -3.6 Dt 142978 LtCy 71489 integ.govd   +0.00   +0.00 integ.vbp +0.00 +0.00 omni.gos X     +0.0 ,Y     +0.0. omgD +0.004 omg  +0.00 loop   5137
[0mBatt=23.4 [0m[33mODOM [31mVisionX  +0.00 Y  +0.00 theta   +0.0 elt    0 [0mimu  -3.6 Dt 142994 LtCy 71497 integ.govd   +0.00   +0.00 integ.vbp +0.00 +0.00 omni.gos X     +0.0 ,Y     -0.1. omgD -0.005 omg  +0.00 loop   5149
[0mBatt=23.4 [0m[33mODOM [31mVisionX  +0.00 Y  +0.00 theta   +0.0 elt    0 [0mimu  -3.6 Dt 143002 LtCy 71501 integ.govd   +0.00   +0.00 integ.vbp +0.00 +0.00 omni.gos X     -0.0 ,Y     -0.1. omgD -0.005 omg  +0.00 loop   2491
[0mBatt=23.4 [0m[33mODOM [31mVisionX  +0.00 Y  +0.00 theta   +0.0 elt    0 [0mimu  -3.6 Dt 143018 LtCy 71509 integ.govd   +0.00   +0.00 integ.vbp +0.00 +0.00 omni.gos X     +0.0 ,Y     +0.0. omgD +0.004 omg  +0.00 loop   5124
[0mBatt=23.4 [0m[33mODOM [31mVisionX  +0.00 Y  +0.00 theta   +0.0 elt    0 [0mimu  -3.6 Dt 143034 LtCy 71517 integ.govd   +0.00   +0.00 integ.vbp +0.00 +0.00 omni.gos X     +0.0 ,Y     +0.0. omgD +0.004 omg  +0.00 loop   5155
[0mBatt=23.3 [0m[33mODOM [31mVisionX  +0.00 Y  +0.00 theta   +0.0 elt    0 [0mimu  -3.6 Dt 143050 LtCy 71525 integ.govd   +0.00   +0.00 integ.vbp +0.00 +0.00 omni.gos X     +0.0 ,Y     -0.0. omgD -0.001 omg  +0.00 loop   5158
[0mBatt=23.3 [0m[33mODOM [31mVisionX  +0.00 Y  +0.00 theta   +0.0 elt    0 [0mimu  -3.6 Dt 143066 LtCy 71533 integ.govd   +0.00   +0.00 integ.vbp +0.00 +0.00 omni.gos X     -0.0 ,Y     -0.1. omgD -0.009 omg  +0.00 loop   5138
[0mBatt=23.3 [0m[33mODOM [31mVisionX  +0.00 Y  +0.00 theta   +0.0 elt    0 [0mimu  -3.7 Dt 143082 LtCy 71541 integ.govd   +0.00   +0.00 integ.vbp +0.00 +0.00 omni.gos X     -0.0 ,Y     -0.1. omgD -0.009 omg  +0.00 loop   5137
[0mBatt=23.4 [0m[33mODOM [31mVisionX  +0.00 Y  +0.00 theta   +0.0 elt    0 [0mimu  -3.7 Dt 143098 LtCy 71549 integ.govd   +0.00   +0.00 integ.vbp +0.00 +0.00 omni.gos X     +0.0 ,Y     +0.1. omgD +0.008 omg  +0.00 loop   5145
[0mBatt=23.4 [0m[33mODOM [31mVisionX  +0.00 Y  +0.00 theta   +0.0 elt    0 [0mimu  -3.7 Dt 143114 LtCy 71557 integ.govd   +0.00   +0.00 integ.vbp +0.00 +0.00 omni.gos X     +0.0 ,Y     -0.0. omgD -0.001 omg  +0.00 loop   5146
[0mBatt=23.4 [0m[33mODOM [31mVisionX  +0.00 Y  +0.00 theta   +0.0 elt    0 [0mimu  -3.7 Dt 143130 LtCy 71565 integ.govd   +0.00   +0.00 integ.vbp +0.00 +0.00 omni.gos X     +0.0 ,Y     +0.0. omgD +0.004 omg  +0.00 loop   5132
[0mBatt=23.4 [0m[33mODOM [31mVisionX  +0.00 Y  +0.00 theta   +0.0 elt    0 [0mimu  -3.7 Dt 143146 LtCy 71573 integ.govd   +0.00   +0.00 integ.vbp +0.00 +0.00 omni.gos X     +0.0 ,Y     -0.0. omgD -0.001 omg  +0.00 loop   5157
[0mBatt=23.4 [0m[33mODOM [31mVisionX  +0.00 Y  +0.00 theta   +0.0 elt    0 [0mimu  -3.7 Dt 143162 LtCy 71581 integ.govd   +0.00   +0.00 integ.vbp +0.00 +0.00 omni.gos X     +0.0 ,Y     -0.0. omgD -0.001 omg  +0.00 loop   5156
[0mBatt=23.4 [0m[33mODOM [31mVisionX  +0.00 Y  +0.00 theta   +0.0 elt    0 [0mimu  -3.7 Dt 143178 LtCy 71589 integ.govd   +0.00   +0.00 integ.vbp +0.00 +0.00 omni.gos X     -0.0 ,Y     -0.0. omgD -0.001 omg  +0.00 loop   5129
[0mBatt=23.4 [0m[33mODOM [31mVisionX  +0.00 Y  +0.00 theta   +0.0 elt    0 [0mimu  -3.7 Dt 143194 LtCy 71597 integ.govd   +0.00   +0.00 integ.vbp +0.00 +0.00 omni.gos X     -0.0 ,Y     -0.1. omgD -0.005 omg  +0.00 loop   5152
[0mBatt=23.3 [0m[33mODOM [31mVisionX  +0.00 Y  +0.00 theta   +0.0 elt    0 [0mimu  -3.7 Dt 143210 LtCy 71605 integ.govd   +0.00   +0.00 integ.vbp +0.00 +0.00 omni.gos X     +0.0 ,Y     -0.0. omgD -0.001 omg  +0.00 loop   5148
[0mBatt=23.3 [0m[33mODOM [31mVisionX  +0.00 Y  +0.00 theta   +0.0 elt    0 [0mimu  -3.7 Dt 143226 LtCy 71613 integ.govd   +0.00   +0.00 integ.vbp +0.00 +0.00 omni.gos X     +0.0 ,Y     -0.0. omgD -0.001 omg  +0.00 loop   5139
[0mBatt=23.4 [0m[33mODOM [31mVisionX  +0.00 Y  +0.00 theta   +0.0 elt    0 [0mimu  -3.7 Dt 143242 LtCy 71621 integ.govd   +0.00   +0.00 integ.vbp +0.00 +0.00 omni.gos X     -0.0 ,Y     -0.1. omgD -0.005 omg  +0.00 loop   5146
[0mBatt=23.4 [0m[33mODOM [31mVisionX  +0.00 Y  +0.00 theta   +0.0 elt    0 [0mimu  -3.7 Dt 143258 LtCy 71629 integ.govd   +0.00   +0.00 integ.vbp +0.00 +0.00 omni.gos X     +0.0 ,Y     -0.0. omgD -0.001 omg  +0.00 loop   5149
[0mBatt=23.4 [0m[33mODOM [31mVisionX  +0.00 Y  +0.00 theta   +0.0 elt    0 [0mimu  -3.7 Dt 143274 LtCy 71637 integ.govd   +0.00   +0.00 integ.vbp +0.00 +0.00 omni.gos X     -0.0 ,Y     -0.0. omgD -0.001 omg  +0.00 loop   5150
[0mBatt=23.4 [0m[33mODOM [31mVisionX  +0.00 Y  +0.00 theta   +0.0 elt    0 [0mimu  -3.7 Dt 143290 LtCy 71645 integ.govd   +0.00   +0.00 integ.vbp +0.00 +0.00 omni.gos X     +0.0 ,Y     -0.0. omgD -0.001 omg  +0.00 loop   5130
[0mBatt=23.4 [0m[33mODOM [31mVisionX  +0.00 Y  +0.00 theta   +0.0 elt    0 [0mimu  -3.7 Dt 143306 LtCy 71653 integ.govd   +0.00   +0.00 integ.vbp +0.00 +0.00 omni.gos X     -0.0 ,Y     -0.1. omgD -0.005 omg  +0.00 loop   5163
[0mBatt=23.4 [0m[33mODOM [31mVisionX  +0.00 Y  +0.00 theta   +0.0 elt    0 [0mimu  -3.7 Dt 143322 LtCy 71661 integ.govd   +0.00   +0.00 integ.vbp +0.00 +0.00 omni.gos X     -0.0 ,Y     -0.1. omgD -0.009 omg  +0.00 loop   5140
[0mBatt=23.4 [0m[33mODOM [31mVisionX  +0.00 Y  +0.00 theta   +0.0 elt    0 [0mimu  -3.7 Dt 143338 LtCy 71669 integ.govd   +0.00   +0.00 integ.vbp +0.00 +0.00 omni.gos X     -0.0 ,Y     -0.1. omgD -0.009 omg  +0.00 loop   5124
[0mBatt=23.4 [0m[33mODOM [31mVisionX  +0.00 Y  +0.00 theta   +0.0 elt    0 [0mimu  -3.7 Dt 143354 LtCy 71677 integ.govd   +0.00   +0.00 integ.vbp +0.00 +0.00 omni.gos X     +0.0 ,Y     +0.1. omgD +0.004 omg  +0.00 loop   5147
[0mBatt=23.4 [0m[33mODOM [31mVisionX  +0.00 Y  +0.00 theta   +0.0 elt    0 [0mimu  -3.7 Dt 143370 LtCy 71685 integ.govd   +0.00   +0.00 integ.vbp +0.00 +0.00 omni.gos X     +0.0 ,Y     +0.1. omgD +0.008 omg  +0.00 loop   5145
[0mBatt=23.4 [0m[33mODOM [31mVisionX  +0.00 Y  +0.00 theta   +0.0 elt    0 [0mimu  -3.7 Dt 143386 LtCy 71693 integ.govd   +0.00   +0.00 integ.vbp +0.00 +0.00 omni.gos X     +0.0 ,Y     +0.0. omgD +0.004 omg  +0.00 loop   5128
[0mBatt=23.4 [0m[33mODOM [31mVisionX  +0.00 Y  +0.00 theta   +0.0 elt    0 [0mimu  -3.7 Dt 143402 LtCy 71701 integ.govd   +0.00   +0.00 integ.vbp +0.00 +0.00 omni.gos X     +0.0 ,Y     -0.1. omgD -0.005 omg  +0.00 loop   5150
[0mBatt=23.4 [0m[33mODOM [31mVisionX  +0.00 Y  +0.00 theta   +0.0 elt    0 [0mimu  -3.7 Dt 143418 LtCy 71709 integ.govd   +0.00   +0.00 integ.vbp +0.00 +0.00 omni.gos X     -0.0 ,Y     -0.1. omgD -0.005 omg  +0.00 loop   5159
[0mBatt=23.4 [0m[33mODOM [31mVisionX  +0.00 Y  +0.00 theta   +0.0 elt    0 [0mimu  -3.7 Dt 143434 LtCy 71717 integ.govd   +0.00   +0.00 integ.vbp +0.00 +0.00 omni.gos X     +0.0 ,Y     -0.0. omgD -0.001 omg  +0.00 loop   5131
[0mBatt=23.4 [0m[33mODOM [31mVisionX  +0.00 Y  +0.00 theta   +0.0 elt    0 [0mimu  -3.7 Dt 143450 LtCy 71725 integ.govd   +0.00   +0.00 integ.vbp +0.00 +0.00 omni.gos X     -0.0 ,Y     -0.1. omgD -0.005 omg  +0.00 loop   5144
[0mBatt=23.4 [0m[33mODOM [31mVisionX  +0.00 Y  +0.00 theta   +0.0 elt    0 [0mimu  -3.7 Dt 143466 LtCy 71733 integ.govd   +0.00   +0.00 integ.vbp +0.00 +0.00 omni.gos X     +0.0 ,Y     -0.0. omgD -0.001 omg  +0.00 loop   5148
[0mBatt=23.4 [0m[33mODOM [31mVisionX  +0.00 Y  +0.00 theta   +0.0 elt    0 [0mimu  -3.7 Dt 143482 LtCy 71741 integ.govd   +0.00   +0.00 integ.vbp +0.00 +0.00 omni.gos X     -0.0 ,Y     -0.2. omgD -0.018 omg  +0.00 loop   5154
[0mBatt=23.4 [0m[33mODOM [31mVisionX  +0.00 Y  +0.00 theta   +0.0 elt    0 [0mimu  -3.7 Dt 143498 LtCy 71749 integ.govd   +0.00   +0.00 integ.vbp +0.00 +0.00 omni.gos X     +0.0 ,Y     +0.1. omgD +0.008 omg  +0.00 loop   5125
[0mBatt=23.4 [0m[33mODOM [31mVisionX  +0.00 Y  +0.00 theta   +0.0 elt    0 [0mimu  -3.7 Dt 143514 LtCy 71757 integ.govd   +0.00   +0.00 nteg.vbp +0.00+0.00 omn.gos X    +0.0 ,Y     +0.1. ogD +0.008 omg  +0.00 loop  5142
[0mBatt=23.4 [0m[33mODOM [31mVisionX  +0.00 Y  +0.00 theta   +0.0 elt    0 [0mimu  -3.7 Dt 143530 LtCy 71765 integ.govd   +0.00   +0.00 integ.vbp +0.00 +0.00 omni.gos X     +0.0 ,Y     +0.0. omgD +0.004 omg  +0.00 loop   5135
[0mBatt=23.4 [0m[33mODOM [31mVisionX  +0.00 Y  +0.00 theta   +0.0 elt    0 [0mimu  -3.7 Dt 143546 LtCy 71773 integ.govd   +0.00   +0.00 integ.vbp +0.00 +0.00 omni.gos X     +0.0 ,Y     -0.0. omgD -0.001 omg  +0.00 loop   5121
[0mBatt=23.4 [0m[33mODOM [31mVisionX  +0.00 Y  +0.00 theta   +0.0 elt    0 [0mimu  -3.7 Dt 143562 LtCy 71781 integ.govd   +0.00   +0.00 integ.vbp +0.00 +0.00 omni.gos X     +0.0 ,Y     -0.0. omgD -0.001 omg  +0.00 loop   5157
[0mBatt=23.4 [0m[33mODOM [31mVisionX  +0.00 Y  +0.00 theta   +0.0 elt    0 [0mimu  -3.7 Dt 143578 LtCy 71789 integ.govd   +0.00   +0.00 integ.vbp +0.00 +0.00 omni.gos X     -0.0 ,Y     -0.1. omgD -0.009 omg  +0.00 loop   5154
[0mBatt=23.4 [0m[33mODOM [31mVisionX  +0.00 Y  +0.00 theta   +0.0 elt    0 [0mimu  -3.7 Dt 143594 LtCy 71797 integ.govd   +0.00   +0.00 integ.vbp +0.00 +0.00 omni.gos X     -0.0 ,Y     -0.1. omgD -0.005 omg  +0.00 loop   5133
[0mBatt=23.4 [0m[33mODOM [31mVisionX  +0.00 Y  +0.00 theta   +0.0 elt    0 [0mimu  -3.7 Dt 143610 LtCy 71805 integ.govd   +0.00   +0.00 integ.vbp +0.00 +0.00 omni.gos X     +0.0 ,Y     -0.0. omgD -0.001 omg  +0.00 loop   5136
[0mBatt=23.4 [0m[33mODOM [31mVisionX  +0.00 Y  +0.00 theta   +0.0 elt    0 [0mimu  -3.7 Dt 143626 LtCy 71813 integ.govd   +0.00   +0.00 integ.vbp +0.00 +0.00 omni.gos X     -0.0 ,Y     -0.1. omgD -0.009 omg  +0.00 loop   5162
[0mBatt=23.4 [0m[33mODOM [31mVisionX  +0.00 Y  +0.00 theta   +0.0 elt    0 [0mimu  -3.7 Dt 143642 LtCy 71821 integ.govd   +0.00   +0.00 integ.vbp +0.00 +0.00 omni.gos X     -0.0 ,Y     -0.1. omgD -0.005 omg  +0.00 loop   5138
[0mBatt=23.4 [0m[33mODOM [31mVisionX  +0.00 Y  +0.00 theta   +0.0 elt    0 [0mimu  -3.7 Dt 143658 LtCy 71829 integ.govd   +0.00   +0.00 integ.vbp +0.00 +0.00 omni.gos X     -0.0 ,Y     -0.0. omgD -0.001 omg  +0.00 loop   5124
[0mBatt=23.4 [0m[33mODOM [31mVisionX  +0.00 Y  +0.00 theta   +0.0 elt    0 [0mimu  -3.7 Dt 143674 LtCy 71837 integ.govd   +0.00   +0.00 integ.vbp +0.00 +0.00 omni.gos X     -0.0 ,Y     -0.2. omgD -0.013 omg  +0.00 loop   5159
[0mBatt=23.4 [0m[33mODOM [31mVisionX  +0.00 Y  +0.00 theta   +0.0 elt    0 [0mimu  -3.7 Dt 143690 LtCy 71845 integ.govd   +0.00   +0.00 integ.vbp +0.00 +0.00 omni.gos X     +0.0 ,Y     -0.0. omgD -0.001 omg  +0.00 loop   5138
[0mBatt=23.4 [0m[33mODOM [31mVisionX  +0.00 Y  +0.00 theta   +0.0 elt    0 [0mimu  -3.7 Dt 143706 LtCy 71853 integ.govd   +0.00   +0.00 integ.vbp +0.00 +0.00 omni.gos X     +0.0 ,Y     +0.0. omgD +0.004 omg  +0.00 loop   5138
[0mBatt=23.4 [0m[33mODOM [31mVisionX  +0.00 Y  +0.00 theta   +0.0 elt    0 [0mimu  -3.7 Dt 143722 LtCy 71861 integ.govd   +0.00   +0.00 integ.vbp +0.00 +0.00 omni.gos X     +0.0 ,Y     +0.0. omgD +0.004 omg  +0.00 loop   5147
[0mBatt=23.4 [0m[33mODOM [31mVisionX  +0.00 Y  +0.00 theta   +0.0 elt    0 [0mimu  -3.7 Dt 143738 LtCy 71869 integ.govd   +0.00   +0.00 integ.vbp +0.00 +0.00 omni.gos X     +0.0 ,Y     -0.0. omgD -0.001 omg  +0.00 loop   5158
[0mBatt=23.4 [0m[33mODOM [31mVisionX  +0.00 Y  +0.00 theta   +0.0 elt    0 [0mimu  -3.7 Dt 143754 LtCy 71877 integ.govd   +0.00   +0.00 integ.vbp +0.00 +0.00 omni.gos X     -0.0 ,Y     -0.1. omgD -0.009 omg  +0.00 loop   5130
[0mBatt=23.4 [0m[33mODOM [31mVisionX  +0.00 Y  +0.00 theta   +0.0 elt    0 [0mimu  -3.7 Dt 143770 LtCy 71885 integ.govd   +0.00   +0.00 integ.vbp +0.00 +0.00 omni.gos X     +0.0 ,Y     -0.1. omgD -0.009 omg  +0.00 loop   5142
[0mBatt=23.4 [0m[33mODOM [31mVisionX  +0.00 Y  +0.00 theta   +0.0 elt    0 [0mimu  -3.7 Dt 143786 LtCy 71893 integ.govd   +0.00   +0.00 integ.vbp +0.00 +0.00 omni.gos X     +0.0 ,Y     +0.0. omgD +0.004 omg  +0.00 loop   5158
[0mBatt=23.4 [0m[33mODOM [31mVisionX  +0.00 Y  +0.00 theta   +0.0 elt    0 [0mimu  -3.7 Dt 143802 LtCy 71901 integ.govd   +0.00   +0.00 integ.vbp +0.00 +0.00 omni.gos X     +0.0 ,Y     -0.0. omgD -0.001 omg  +0.00 loop   5129
[0mBatt=23.4 [0m[33mODOM [31mVisionX  +0.00 Y  +0.00 theta   +0.0 elt    0 [0mimu  -3.7 Dt 143818 LtCy 71909 integ.govd   +0.00   +0.00 integ.vbp +0.00 +0.00 omni.gos X     +0.0 ,Y     -0.0. omgD -0.001 omg  +0.00 loop   5150
[0mBatt=23.4 [0m[33mODOM [31mVisionX  +0.00 Y  +0.00 theta   +0.0 elt    0 [0mimu  -3.7 Dt 143834 LtCy 71917 integ.govd   +0.00   +0.00 integ.vbp +0.00 +0.00 omni.gos X     -0.0 ,Y     -0.1. omgD -0.011 omg  +0.00 loop   5157
[0mBatt=23.4 [0m[33mODOM [31mVisionX  +0.00 Y  +0.00 theta   +0.0 elt    0 [0mimu  -3.7 Dt 143850 LtCy 71925 integ.govd   +0.00   +0.00 integ.vbp +0.00 +0.00 omni.gos X     +0.0 ,Y     -0.0. omgD -0.003 omg  +0.00 loop   5140
[0mBatt=23.4 [0m[33mODOM [31mVisionX  +0.00 Y  +0.00 theta   +0.0 elt    0 [0mimu  -3.7 Dt 143866 LtCy 71933 integ.govd   +0.00   +0.00 integ.vbp +0.00 +0.00 omni.gos X     +0.0 ,Y     -0.0. omgD -0.003 omg  +0.00 loop   5137
[0mBatt=23.4 [0m[33mODOM [31mVisionX  +0.00 Y  +0.00 theta   +0.0 elt    0 [0mimu  -3.7 Dt 143882 LtCy 71941 integ.govd   +0.00   +0.00 integ.vbp +0.00 +0.00 omni.gos X     +0.0 ,Y     -0.1. omgD -0.005 omg  +0.00 loop   5150
[0mBatt=23.4 [0m[33mODOM [31mVisionX  +0.00 Y  +0.00 theta   +0.0 elt    0 [0mimu  -3.7 Dt 143898 LtCy 71949 integ.govd   +0.00   +0.00 integ.vbp +0.00 +0.00 omni.gos X     -0.0 ,Y     -0.1. omgD -0.007 omg  +0.00 loop   5151
[0mBatt=23.4 [0m[33mODOM [31mVisionX  +0.00 Y  +0.00 theta   +0.0 elt    0 [0mimu  -3.7 Dt 143914 LtCy 71957 integ.govd   +0.00   +0.00 integ.vbp +0.00 +0.00 omni.gos X     -0.0 ,Y     -0.1. omgD -0.005 omg  +0.00 loop   5125
[0mBatt=23.4 [0m[33mODOM [31mVisionX  +0.00 Y  +0.00 theta   +0.0 elt    0 [0mimu  -3.7 Dt 143930 LtCy 71965 integ.govd   +0.00   +0.00 integ.vbp +0.00 +0.00 omni.gos X     -0.0 ,Y     -0.1. omgD -0.005 omg  +0.00 loop   5148
[0mBatt=23.4 [0m[33mODOM [31mVisionX  +0.00 Y  +0.00 theta   +0.0 elt    0 [0mimu  -3.7 Dt 143946 LtCy 71973 integ.govd   +0.00   +0.00 integ.vbp +0.00 +0.00 omni.gos X     -0.0 ,Y     -0.0. omgD -0.003 omg  +0.00 loop   5149
[0mBatt=23.4 [0m[33mODOM [31mVisionX  +0.00 Y  +0.00 theta   +0.0 elt    0 [0mimu  -3.7 Dt 143962 LtCy 71981 integ.govd   +0.00   +0.00 integ.vbp +0.00 +0.00 omni.gos X     -0.0 ,Y     -0.0. omgD -0.003 omg  +0.00 loop   5130
[0mBatt=23.4 [0m[33mODOM [31mVisionX  +0.00 Y  +0.00 theta   +0.0 elt    0 [0mimu  -3.7 Dt 143978 LtCy 71989 integ.govd   +0.00   +0.00 integ.vbp +0.00 +0.00 omni.gos X     -0.0 ,Y     -0.0. omgD -0.003 omg  +0.00 loop   5137
[0mBatt=23.4 [0m[33mODOM [31mVisionX  +0.00 Y  +0.00 theta   +0.0 elt    0 [0mimu  -3.7 Dt 143994 LtCy 71997 integ.govd   +0.00   +0.00 integ.vbp +0.00 +0.00 omni.gos X     -0.0 ,Y     -0.1. omgD -0.007 omg  +0.00 loop   5156
[0mBatt=23.4 [0m[33mODOM [31mVisionX  +0.00 Y  +0.00 theta   +0.0 elt    0 [0mimu  -3.7 Dt 144002 LtCy 72001 integ.govd   +0.00   +0.00 integ.vbp +0.00 +0.00 omni.gos X     +0.0 ,Y     -0.0. omgD -0.003 omg  +0.00 loop   2478
[0mBatt=23.4 [0m[33mODOM [31mVisionX  +0.00 Y  +0.00 theta   +0.0 elt    0 [0mimu  -3.7 Dt 144018 LtCy 72009 integ.govd   +0.00   +0.00 integ.vbp +0.00 +0.00 omni.gos X     +0.0 ,Y     -0.0. omgD -0.003 omg  +0.00 loop   5126
[0mBatt=23.4 [0m[33mODOM [31mVisionX  +0.00 Y  +0.00 theta   +0.0 elt    0 [0mimu  -3.7 Dt 144034 LtCy 72017 integ.govd   +0.00   +0.00 integ.vbp +0.00 +0.00 omni.gos X     +0.0 ,Y     -0.0. omgD -0.003 omg  +0.00 loop   5152
[0mBatt=23.4 [0m[33mODOM [31mVisionX  +0.00 Y  +0.00 theta   +0.0 elt    0 [0mimu  -3.7 Dt 144050 LtCy 72025 integ.govd   +0.00   +0.00 integ.vbp +0.00 +0.00 omni.gos X     +0.0 ,Y     +0.1. omgD +0.010 omg  +0.00 loop   5158
[0mBatt=23.4 [0m[33mODOM [31mVisionX  +0.00 Y  +0.00 theta   +0.0 elt    0 [0mimu  -3.7 Dt 144066 LtCy 72033 integ.govd   +0.00   +0.00 integ.vbp +0.00 +0.00 omni.gos X     +0.0 ,Y     -0.1. omgD -0.005 omg  +0.00 loop   5130
[0mBatt=23.4 [0m[33mODOM [31mVisionX  +0.00 Y  +0.00 theta   +0.0 elt    0 [0mimu  -3.7 Dt 144082 LtCy 72041 integ.govd   +0.00   +0.00 integ.vbp +0.00 +0.00 omni.gos X     -0.0 ,Y     -0.1. omgD -0.009 omg  +0.00 loop   5147
[0mBatt=23.4 [0m[33mODOM [31mVisionX  +0.00 Y  +0.00 theta   +0.0 elt    0 [0mimu  -3.7 Dt 144098 LtCy 72049 integ.govd   +0.00   +0.00 integ.vbp +0.00 +0.00 omni.gos X     -0.0 ,Y     -0.1. omgD -0.007 omg  +0.00 loop   5144
[0mBatt=23.4 [0m[33mODOM [31mVisionX  +0.00 Y  +0.00 theta   +0.0 elt    0 [0mimu  -3.7 Dt 144114 LtCy 72057 integ.govd   +0.00   +0.00 integ.vbp +0.00 +0.00 omni.gos X     +0.0 ,Y     +0.0. omgD +0.002 omg  +0.00 loop   5144
[0mBatt=23.4 [0m[33mODOM [31mVisionX  +0.00 Y  +0.00 theta   +0.0 elt    0 [0mimu  -3.7 Dt 144130 LtCy 72065 integ.govd   +0.00   +0.00 integ.vbp +0.00 +0.00 omni.gos X     +0.0 ,Y     +0.0. omgD +0.004 omg  +0.00 loop   5141
[0mBatt=23.4 [0m[33mODOM [31mVisionX  +0.00 Y  +0.00 theta   +0.0 elt    0 [0mimu  -3.7 Dt 144146 LtCy 72073 integ.govd   +0.00   +0.00 integ.vbp +0.00 +0.00 omni.gos X     +0.0 ,Y     +0.0. omgD +0.004 omg  +0.00 loop   5158
[0mBatt=23.4 [0m[33mODOM [31mVisionX  +0.00 Y  +0.00 theta   +0.0 elt    0 [0mimu  -3.7 Dt 144162 LtCy 72081 integ.govd   +0.00   +0.00 integ.vbp +0.00 +0.00 omni.gos X     +0.0 ,Y     -0.0. omgD -0.003 omg  +0.00 loop   5145
[0mBatt=23.4 [0m[33mODOM [31mVisionX  +0.00 Y  +0.00 theta   +0.0 elt    0 [0mimu  -3.7 Dt 144178 LtCy 72089 integ.govd   +0.00   +0.00 integ.vbp +0.00 +0.00 omni.gos X     -0.0 ,Y     -0.1. omgD -0.005 omg  +0.00 loop   5127
[0mBatt=23.3 [0m[33mODOM [31mVisionX  +0.00 Y  +0.00 theta   +0.0 elt    0 [0mimu  -3.7 Dt 144194 LtCy 72097 integ.govd   +0.00   +0.00 integ.vbp +0.00 +0.00 omni.gos X     -0.0 ,Y     -0.1. omgD -0.005 omg  +0.00 loop   5154
[0mBatt=23.3 [0m[33mODOM [31mVisionX  +0.00 Y  +0.00 theta   +0.0 elt    0 [0mimu  -3.7 Dt 144210 LtCy 72105 integ.govd   +0.00   +0.00 integ.vbp +0.00 +0.00 omni.gos X     +0.0 ,Y     +0.0. omgD +0.004 omg  +0.00 loop   5145
[0mBatt=23.3 [0m[33mODOM [31mVisionX  +0.00 Y  +0.00 theta   +0.0 elt    0 [0mimu  -3.7 Dt 144226 LtCy 72113 integ.govd   +0.00   +0.00 integ.vbp +0.00 +0.00 omni.gos X     +0.0 ,Y     -0.0. omgD -0.001 omg  +0.00 loop   5127
[0mBatt=23.3 [0m[33mODOM [31mVisionX  +0.00 Y  +0.00 theta   +0.0 elt    0 [0mimu  -3.7 Dt 144242 LtCy 72121 integ.govd   +0.00   +0.00 integ.vbp +0.00 +0.00 omni.gos X     -0.0 ,Y     -0.1. omgD -0.005 omg  +0.00 loop   5152
[0mBatt=23.3 [0m[33mODOM [31mVisionX  +0.00 Y  +0.00 theta   +0.0 elt    0 [0mimu  -3.7 Dt 144258 LtCy 72129 integ.govd   +0.00   +0.00 integ.vbp +0.00 +0.00 omni.gos X     -0.0 ,Y     -0.1. omgD -0.009 omg  +0.00 loop   5155
[0mBatt=23.4 [0m[33mODOM [31mVisionX  +0.00 Y  +0.00 theta   +0.0 elt    0 [0mimu  -3.7 Dt 144274 LtCy 72137 integ.govd   +0.00   +0.00 integ.vbp +0.00 +0.00 omni.gos X     -0.0 ,Y     -0.1. omgD -0.009 omg  +0.00 loop   5126
[0mBatt=23.4 [0m[33mODOM [31mVisionX  +0.00 Y  +0.00 theta   +0.0 elt    0 [0mimu  -3.7 Dt 144290 LtCy 72145 integ.govd   +0.00   +0.00 integ.vbp +0.00 +0.00 omni.gos X     +0.0 ,Y     -0.1. omgD -0.005 omg  +0.00 loop   5135
[0mBatt=23.4 [0m[33mODOM [31mVisionX  +0.00 Y  +0.00 theta   +0.0 elt    0 [0mimu  -3.7 Dt 144306 LtCy 72153 integ.govd   +0.00   +0.00 integ.vbp +0.00 +0.00 omni.gos X     -0.0 ,Y     -0.1. omgD -0.005 omg  +0.00 loop   5161
[0mBatt=23.4 [0m[33mODOM [31mVisionX  +0.00 Y  +0.00 theta   +0.0 elt    0 [0mimu  -3.7 Dt 144322 LtCy 72161 integ.govd   +0.00   +0.00 integ.vbp +0.00 +0.00 omni.gos X     +0.0 ,Y     -0.1. omgD -0.005 omg  +0.00 loop   5134
[0mBatt=23.4 [0m[33mODOM [31mVisionX  +0.00 Y  +0.00 theta   +0.0 elt    0 [0mimu  -3.7 Dt 144338 LtCy 72169 integ.govd   +0.00   +0.00 integ.vbp +0.00 +0.00 omni.gos X     -0.0 ,Y     -0.2. omgD -0.018 omg  +0.00 loop   5137
[0mBatt=23.4 [0m[33mODOM [31mVisionX  +0.00 Y  +0.00 theta   +0.0 elt    0 [0mimu  -3.7 Dt 144354 LtCy 72177 integ.govd   +0.00   +0.00 integ.vbp +0.00 +0.00 omni.gos X     -0.0 ,Y     -0.1. omgD -0.009 omg  +0.00 loop   5144
[0mBatt=23.4 [0m[33mODOM [31mVisionX  +0.00 Y  +0.00 theta   +0.0 elt    0 [0mimu  -3.7 Dt 144370 LtCy 72185 integ.govd   +0.00   +0.00 integ.vbp +0.00 +0.00 omni.gos X     +0.0 ,Y     -0.0. omgD -0.001 omg  +0.00 loop   5146
[0mBatt=23.4 [0m[33mODOM [31mVisionX  +0.00 Y  +0.00 theta   +0.0 elt    0 [0mimu  -3.7 Dt 144386 LtCy 72193 integ.govd   +0.00   +0.00 integ.vbp +0.00 +0.00 omni.gos X     +0.0 ,Y     -0.0. omgD -0.001 omg  +0.00 loop   5134
[0mBatt=23.4 [0m[33mODOM [31mVisionX  +0.00 Y  +0.00 theta   +0.0 elt    0 [0mimu  -3.7 Dt 144402 LtCy 72201 integ.govd   +0.00   +0.00 integ.vbp +0.00 +0.00 omni.gos X     -0.0 ,Y     -0.1. omgD -0.009 omg  +0.00 loop   5155
[0mBatt=23.4 [0m[33mODOM [31mVisionX  +0.00 Y  +0.00 theta   +0.0 elt    0 [0mimu  -3.7 Dt 144418 LtCy 72209 integ.govd   +0.00   +0.00 integ.vbp +0.00 +0.00 omni.gos X     -0.0 ,Y     -0.1. omgD -0.005 omg  +0.00 loop   5150
[0mBatt=23.4 [0m[33mODOM [31mVisionX  +0.00 Y  +0.00 theta   +0.0 elt    0 [0mimu  -3.7 Dt 144434 LtCy 72217 integ.govd   +0.00   +0.00 integ.vbp +0.00 +0.00 omni.gos X     -0.0 ,Y     -0.1. omgD -0.009 omg  +0.00 loop   5097
[0mBatt=23.4 [0m[33mODOM [31mVisionX  +0.00 Y  +0.00 theta   +0.0 elt    0 [0mimu  -3.7 Dt 144450 LtCy 72225 integ.govd   +0.00   +0.00 integ.vbp +0.00 +0.00 omni.gos X     -0.0 ,Y     -0.1. omgD -0.005 omg  +0.00 loop   5145
[0mBatt=23.4 [0m[33mODOM [31mVisionX  +0.00 Y  +0.00 theta   +0.0 elt    0 [0mimu  -3.7 Dt 144466 LtCy 72233 integ.govd   +0.00   +0.00 integ.vbp +0.00 +0.00 omni.gos X     +0.0 ,Y     -0.0. omgD -0.001 omg  +0.00 loop   5150
[0mBatt=23.4 [0m[33mODOM [31mVisionX  +0.00 Y  +0.00 theta   +0.0 elt    0 [0mimu  -3.7 Dt 144482 LtCy 72241 integ.govd   +0.00   +0.00 integ.vbp +0.00 +0.00 omni.gos X     +0.0 ,Y     -0.0. omgD -0.001 omg  +0.00 loop   5143
[0mBatt=23.3 [0m[33mODOM [31mVisionX  +0.00 Y  +0.00 theta   +0.0 elt    0 [0mimu  -3.7 Dt 144498 LtCy 72249 integ.govd   +0.00   +0.00 integ.vbp +0.00 +0.00 omni.gos X     -0.0 ,Y     -0.1. omgD -0.009 omg  +0.00 loop   5138
[0mBatt=23.3 [0m[33mODOM [31mVisionX  +0.00 Y  +0.00 theta   +0.0 elt    0 [0mimu  -3.7 Dt 144514 LtCy 72257 integ.govd   +0.00   +0.00 integ.vbp +0.00 +0.00 omni.gos X     +0.0 ,Y     -0.1. omgD -0.009 omg  +0.00 loop   5151
[0mBatt=23.3 [0m[33mODOM [31mVisionX  +0.00 Y  +0.00 theta   +0.0 elt    0 [0mimu  -3.7 Dt 144530 LtCy 72265 integ.govd   +0.00   +0.00 integ.vbp +0.00 +0.00 omni.gos X     -0.0 ,Y     -0.1. omgD -0.009 omg  +0.00 loop   5135
[0mBatt=23.3 [0m[33mODOM [31mVisionX  +0.00 Y  +0.00 theta   +0.0 elt    0 [0mimu  -3.7 Dt 144546 LtCy 72273 integ.govd   +0.00   +0.00 integ.vbp +0.00 +0.00 omni.gos X     +0.0 ,Y     +0.0. omgD +0.004 omg  +0.00 loop   5127
[0mBatt=23.3 [0m[33mODOM [31mVisionX  +0.00 Y  +0.00 theta   +0.0 elt    0 [0mimu  -3.7 Dt 144562 LtCy 72281 integ.govd   +0.00   +0.00 integ.vbp +0.00 +0.00 omni.gos X     -0.0 ,Y     -0.1. omgD -0.009 omg  +0.00 loop   5162
[0mBatt=23.3 [0m[33mODOM [31mVisionX  +0.00 Y  +0.00 theta   +0.0 elt    0 [0mimu  -3.7 Dt 144578 LtCy 72289 integ.govd   +0.00   +0.00 integ.vbp +0.00 +0.00 omni.gos X     +0.0 ,Y     -0.0. omgD -0.001 omg  +0.00 loop   5137
[0mBatt=23.3 [0m[33mODOM [31mVisionX  +0.00 Y  +0.00 theta   +0.0 elt    0 [0mimu  -3.7 Dt 144594 LtCy 72297 integ.govd   +0.00   +0.00 integ.vbp +0.00 +0.00 omni.gos X     -0.0 ,Y     -0.1. omgD -0.005 omg  +0.00 loop   5139
[0mBatt=23.3 [0m[33mODOM [31mVisionX  +0.00 Y  +0.00 theta   +0.0 elt    0 [0mimu  -3.7 Dt 144610 LtCy 72305 integ.govd   +0.00   +0.00 integ.vbp +0.00 +0.00 omni.gos X     +0.0 ,Y     -0.1. omgD -0.005 omg  +0.00 loop   5139
[0mBatt=23.3 [0m[33mODOM [31mVisionX  +0.00 Y  +0.00 theta   +0.0 elt    0 [0mimu  -3.7 Dt 144626 LtCy 72313 integ.govd   +0.00   +0.00 integ.vbp +0.00 +0.00 omni.gos X     +0.0 ,Y     -0.0. omgD -0.001 omg  +0.00 loop   5162
[0mBatt=23.4 [0m[33mODOM [31mVisionX  +0.00 Y  +0.00 theta   +0.0 elt    0 [0mimu  -3.7 Dt 144642 LtCy 72321 integ.govd   +0.00   +0.00 integ.vbp +0.00 +0.00 omni.gos X     +0.0 ,Y     -0.1. omgD -0.005 omg  +0.00 loop   5132
[0mBatt=23.4 [0m[33mODOM [31mVisionX  +0.00 Y  +0.00 theta   +0.0 elt    0 [0mimu  -3.7 Dt 144658 LtCy 72329 integ.govd   +0.00   +0.00 integ.vbp +0.00 +0.00 omni.gos X     -0.0 ,Y     -0.1. omgD -0.005 omg  +0.00 loop   5149
[0mBatt=23.4 [0m[33mODOM [31mVisionX  +0.00 Y  +0.00 theta   +0.0 elt    0 [0mimu  -3.7 Dt 144674 LtCy 72337 integ.govd   +0.00   +0.00 integ.vbp +0.00 +0.00 omni.gos X     +0.0 ,Y     -0.1. omgD -0.005 omg  +0.00 loop   5149
[0mBatt=23.4 [0m[33mODOM [31mVisionX  +0.00 Y  +0.00 theta   +0.0 elt    0 [0mimu  -3.7 Dt 144690 LtCy 72345 integ.govd   +0.00   +0.00 integ.vbp +0.00 +0.00 omni.gos X     -0.0 ,Y     -0.2. omgD -0.013 omg  +0.00 loop   5142
[0mBatt=23.4 [0m[33mODOM [31mVisionX  +0.00 Y  +0.00 theta   +0.0 elt    0 [0mimu  -3.7 Dt 144706 LtCy 72353 integ.govd   +0.00   +0.00 integ.vbp +0.00 +0.00 omni.gos X     -0.0 ,Y     -0.1. omgD -0.009 omg  +0.00 loop   5138
[0mBatt=23.4 [0m[33mODOM [31mVisionX  +0.00 Y  +0.00 theta   +0.0 elt    0 [0mimu  -3.7 Dt 144722 LtCy 72361 integ.govd   +0.00   +0.00 integ.vbp +0.00 +0.00 omni.gos X     +0.0 ,Y     -0.0. omgD -0.001 omg  +0.00 loop   5145
[0mBatt=23.4 [0m[33mODOM [31mVisionX  +0.00 Y  +0.00 theta   +0.0 elt    0 [0mimu  -3.7 Dt 144738 LtCy 72369 integ.govd   +0.00   +0.00 integ.vbp +0.00 +0.00 omni.gos X     -0.0 ,Y     -0.1. omgD -0.009 omg  +0.00 loop   5154
[0mBatt=23.4 [0m[33mODOM [31mVisionX  +0.00 Y  +0.00 theta   +0.0 elt    0 [0mimu  -3.7 Dt 144754 LtCy 72377 integ.govd   +0.00   +0.00 integ.vbp +0.00 +0.00 omni.gos X     +0.0 ,Y     -0.1. omgD -0.005 omg  +0.00 loop   5121
[0mBatt=23.4 [0m[33mODOM [31mVisionX  +0.00 Y  +0.00 theta   +0.0 elt    0 [0mimu  -3.7 Dt 144770 LtCy 72385 integ.govd   +0.00   +0.00 integ.vbp +0.00 +0.00 omni.gos X     -0.0 ,Y     -0.2. omgD -0.013 omg  +0.00 loop   5158
[0mBatt=23.4 [0m[33mODOM [31mVisionX  +0.00 Y  +0.00 theta   +0.0 elt    0 [0mimu  -3.7 Dt 144786 LtCy 72393 integ.govd   +0.00   +0.00 integ.vbp +0.00 +0.00 omni.gos X     -0.0 ,Y     -0.1. omgD -0.005 omg  +0.00 loop   5143
[0mBatt=23.4 [0m[33mODOM [31mVisionX  +0.00 Y  +0.00 theta   +0.0 elt    0 [0mimu  -3.7 Dt 144802 LtCy 72401 integ.govd   +0.00   +0.00 integ.vbp +0.00 +0.00 omni.gos X     -0.0 ,Y     -0.1. omgD -0.005 omg  +0.00 loop   5123
[0mBatt=23.4 [0m[33mODOM [31mVisionX  +0.00 Y  +0.00 theta   +0.0 elt    0 [0mimu  -3.7 Dt 144818 LtCy 72409 integ.govd   +0.00   +0.00 integ.vbp +0.00 +0.00 omni.gos X     +0.0 ,Y     -0.0. omgD -0.001 omg  +0.00 loop   5141
[0mBatt=23.4 [0m[33mODOM [31mVisionX  +0.00 Y  +0.00 theta   +0.0 elt    0 [0mimu  -3.7 Dt 144834 LtCy 72417 integ.govd   +0.00   +0.00 integ.vbp +0.00 +0.00 omni.gos X     -0.0 ,Y     -0.1. omgD -0.005 omg  +0.00 loop   5162
[0mBatt=23.4 [0m[33mODOM [31mVisionX  +0.00 Y  +0.00 theta   +0.0 elt    0 [0mimu  -3.7 Dt 144850 LtCy 72425 integ.govd   +0.00   +0.00 integ.vbp +0.00 +0.00 omni.gos X     +0.0 ,Y     -0.1. omgD -0.005 omg  +0.00 loop   5128
[0mBatt=23.4 [0m[33mODOM [31mVisionX  +0.00 Y  +0.00 theta   +0.0 elt    0 [0mimu  -3.7 Dt 144866 LtCy 72433 integ.govd   +0.00   +0.00 integ.vbp +0.00 +0.00 omni.gos X     -0.0 ,Y     -0.1. omgD -0.009 omg  +0.00 loop   5147
[0mBatt=23.4 [0m[33mODOM [31mVisionX  +0.00 Y  +0.00 theta   +0.0 elt    0 [0mimu  -3.7 Dt 144882 LtCy 72441 integ.govd   +0.00   +0.00 integ.vbp +0.00 +0.00 omni.gos X     +0.0 ,Y     +0.1. omgD +0.004 omg  +0.00 loop   5150
[0mBatt=23.4 [0m[33mODOM [31mVisionX  +0.00 Y  +0.00 theta   +0.0 elt    0 [0mimu  -3.7 Dt 144898 LtCy 72449 integ.govd   +0.00   +0.00 integ.vbp +0.00 +0.00 omni.gos X     +0.0 ,Y     -0.0. omgD -0.001 omg  +0.00 loop   5141
[0mBatt=23.4 [0m[33mODOM [31mVisionX  +0.00 Y  +0.00 theta   +0.0 elt    0 [0mimu  -3.7 Dt 144914 LtCy 72457 integ.govd   +0.00   +0.00 integ.vbp +0.00 +0.00 omni.gos X     +0.0 ,Y     +0.0. omgD +0.004 omg  +0.00 loop   5136
[0mBatt=23.4 [0m[33mODOM [31mVisionX  +0.00 Y  +0.00 theta   +0.0 elt    0 [0mimu  -3.7 Dt 144930 LtCy 72465 integ.govd   +0.00   +0.00 integ.vbp +0.00 +0.00 omni.gos X     -0.0 ,Y     -0.1. omgD -0.009 omg  +0.00 loop   5157
[0mBatt=23.4 [0m[33mODOM [31mVisionX  +0.00 Y  +0.00 theta   +0.0 elt    0 [0mimu  -3.7 Dt 144946 LtCy 72473 integ.govd   +0.00   +0.00 integ.vbp +0.00 +0.00 omni.gos X     +0.0 ,Y     +0.0. omgD +0.004 omg  +0.00 loop   5147
[0mBatt=23.4 [0m[33mODOM [31mVisionX  +0.00 Y  +0.00 theta   +0.0 elt    0 [0mimu  -3.7 Dt 144962 LtCy 72481 integ.govd   +0.00   +0.00 integ.vbp +0.00 +0.00 omni.gos X     -0.0 ,Y     -0.1. omgD -0.009 omg  +0.00 loop   5128
[0mBatt=23.4 [0m[33mODOM [31mVisionX  +0.00 Y  +0.00 theta   +0.0 elt    0 [0mimu  -3.7 Dt 144978 LtCy 72489 integ.govd   +0.00   +0.00 integ.vbp +0.00 +0.00 omni.gos X     +0.0 ,Y     -0.0. omgD -0.001 omg  +0.00 loop   5147
[0mBatt=23.4 [0m[33mODOM [31mVisionX  +0.00 Y  +0.00 theta   +0.0 elt    0 [0mimu  -3.7 Dt 144994 LtCy 72497 integ.govd   +0.00   +0.00 integ.vbp +0.00 +0.00 omni.gos X     +0.0 ,Y     +0.1. omgD +0.004 omg  +0.00 loop   5159
[0mBatt=23.4 [0m[33mODOM [31mVisionX  +0.00 Y  +0.00 theta   +0.0 elt    0 [0mimu  -3.7 Dt 145002 LtCy 72501 integ.govd   +0.00   +0.00 integ.vbp +0.00 +0.00 omni.gos X     +0.0 ,Y     +0.0. omgD +0.004 omg  +0.00 loop   2471
[0mBatt=23.4 [0m[33mODOM [31mVisionX  +0.00 Y  +0.00 theta   +0.0 elt    0 [0mimu  -3.7 Dt 145018 LtCy 72509 integ.govd   +0.00   +0.00 integ.vbp +0.00 +0.00 omni.gos X     +0.0 ,Y     -0.0. omgD -0.001 omg  +0.00 loop   5121
[0mBatt=23.4 [0m[33mODOM [31mVisionX  +0.00 Y  +0.00 theta   +0.0 elt    0 [0mimu  -3.7 Dt 145034 LtCy 72517 integ.govd   +0.00   +0.00 integ.vbp +0.00 +0.00 omni.gos X     +0.0 ,Y     -0.1. omgD -0.005 omg  +0.00 loop   5164
[0mBatt=23.4 [0m[33mODOM [31mVisionX  +0.00 Y  +0.00 theta   +0.0 elt    0 [0mimu  -3.7 Dt 145050 LtCy 72525 integ.govd   +0.00   +0.00 integ.vbp +0.00 +0.00 omni.gos X     +0.0 ,Y     -0.1. omgD -0.005 omg  +0.00 loop   5149
[0mBatt=23.4 [0m[33mODOM [31mVisionX  +0.00 Y  +0.00 theta   +0.0 elt    0 [0mimu  -3.7 Dt 145066 LtCy 72533 integ.govd   +0.00   +0.00 integ.vbp +0.00 +0.00 omni.gos X     +0.0 ,Y     -0.0. omgD -0.001 omg  +0.00 loop   5132
[0mBatt=23.4 [0m[33mODOM [31mVisionX  +0.00 Y  +0.00 theta   +0.0 elt    0 [0mimu  -3.7 Dt 145082 LtCy 72541 integ.govd   +0.00   +0.00 integ.vbp +0.00 +0.00 omni.gos X     -0.0 ,Y     -0.1. omgD -0.005 omg  +0.00 loop   5152
[0mBatt=23.4 [0m[33mODOM [31mVisionX  +0.00 Y  +0.00 theta   +0.0 elt    0 [0mimu  -3.7 Dt 145098 LtCy 72549 integ.govd   +0.00   +0.00 integ.vbp +0.00 +0.00 omni.gos X     -0.0 ,Y     -0.1. omgD -0.005 omg  +0.00 loop   5148
[0mBatt=23.4 [0m[33mODOM [31mVisionX  +0.00 Y  +0.00 theta   +0.0 elt    0 [0mimu  -3.7 Dt 145114 LtCy 72557 integ.govd   +0.00   +0.00 integ.vbp +0.00 +0.00 omni.gos X     -0.0 ,Y     -0.1. omgD -0.005 omg  +0.00 loop   5126
[0mBatt=23.4 [0m[33mODOM [31mVisionX  +0.00 Y  +0.00 theta   +0.0 elt    0 [0mimu  -3.7 Dt 145130 LtCy 72565 integ.govd   +0.00   +0.00 integ.vbp +0.00 +0.00 omni.gos X     +0.0 ,Y     -0.1. omgD -0.005 omg  +0.00 loop   5139
[0mBatt=23.4 [0m[33mODOM [31mVisionX  +0.00 Y  +0.00 theta   +0.0 elt    0 [0mimu  -3.7 Dt 145146 LtCy 72573 integ.govd   +0.00   +0.00 integ.vbp +0.00 +0.00 omni.gos X     -0.0 ,Y     -0.1. omgD -0.005 omg  +0.00 loop   5160
[0mBatt=23.4 [0m[33mODOM [31mVisionX  +0.00 Y  +0.00 theta   +0.0 elt    0 [0mimu  -3.7 Dt 145162 LtCy 72581 integ.govd   +0.00   +0.00 integ.vbp +0.00 +0.00 omni.gos X     +0.0 ,Y     -0.0. omgD -0.001 omg  +0.00 loop   5133
[0mBatt=23.4 [0m[33mODOM [31mVisionX  +0.00 Y  +0.00 theta   +0.0 elt    0 [0mimu  -3.7 Dt 145178 LtCy 72589 integ.govd   +0.00   +0.00 integ.vbp +0.00 +0.00 omni.gos X     -0.0 ,Y     -0.1. omgD -0.005 omg  +0.00 loop   5138
[0mBatt=23.4 [0m[33mODOM [31mVisionX  +0.00 Y  +0.00 theta   +0.0 elt    0 [0mimu  -3.7 Dt 145194 LtCy 72597 integ.govd   +0.00   +0.00 integ.vbp +0.00 +0.00 omni.gos X     -0.0 ,Y     -0.2. omgD -0.013 omg  +0.00 loop   5149
[0mBatt=23.4 [0m[33mODOM [31mVisionX  +0.00 Y  +0.00 theta   +0.0 elt    0 [0mimu  -3.7 Dt 145210 LtCy 72605 integ.govd   +0.00   +0.00 integ.vbp +0.00 +0.00 omni.gos X     -0.0 ,Y     -0.1. omgD -0.005 omg  +0.00 loop   5138
[0mBatt=23.4 [0m[33mODOM [31mVisionX  +0.00 Y  +0.00 theta   +0.0 elt    0 [0mimu  -3.7 Dt 145226 LtCy 72613 integ.govd   +0.00   +0.00 integ.vbp +0.00 +0.00 omni.gos X     -0.0 ,Y     -0.1. omgD -0.009 omg  +0.00 loop   5124
[0mBatt=23.4 [0m[33mODOM [31mVisionX  +0.00 Y  +0.00 theta   +0.0 elt    0 [0mimu  -3.7 Dt 145242 LtCy 72621 integ.govd   +0.00   +0.00 integ.vbp +0.00 +0.00 omni.gos X     +0.0 ,Y     -0.0. omgD -0.001 omg  +0.00 loop   5145
[0mBatt=23.4 [0m[33mODOM [31mVisionX  +0.00 Y  +0.00 theta   +0.0 elt    0 [0mimu  -3.7 Dt 145258 LtCy 72629 integ.govd   +0.00   +0.00 integ.vbp +0.00 +0.00 omni.gos X     +0.0 ,Y     -0.1. omgD -0.005 omg  +0.00 loop   5158
[0mBatt=23.4 [0m[33mODOM [31mVisionX  +0.00 Y  +0.00 theta   +0.0 elt    0 [0mimu  -3.7 Dt 145274 LtCy 72637 integ.govd   +0.00   +0.00 integ.vbp +0.00 +0.00 omni.gos X     +0.0 ,Y     -0.0. omgD -0.003 omg  +0.00 loop   5126
[0mBatt=23.4 [0m[33mODOM [31mVisionX  +0.00 Y  +0.00 theta   +0.0 elt    0 [0mimu  -3.7 Dt 145290 LtCy 72645 integ.govd   +0.00   +0.00 integ.vbp +0.00 +0.00 omni.gos X     +0.0 ,Y     -0.0. omgD -0.001 omg  +0.00 loop   5154
[0mBatt=23.4 [0m[33mODOM [31mVisionX  +0.00 Y  +0.00 theta   +0.0 elt    0 [0mimu  -3.7 Dt 145306 LtCy 72653 integ.govd   +0.00   +0.00 integ.vbp +0.00 +0.00 omni.gos X     +0.0 ,Y     -0.1. omgD -0.005 omg  +0.00 loop   5156
[0mBatt=23.4 [0m[33mODOM [31mVisionX  +0.00 Y  +0.00 theta   +0.0 elt    0 [0mimu  -3.7 Dt 145322 LtCy 72661 integ.govd   +0.00   +0.00 integ.vbp +0.00 +0.00 omni.gos X     +0.0 ,Y     -0.1. omgD -0.007 omg  +0.00 loop   5132
[0mBatt=23.4 [0m[33mODOM [31mVisionX  +0.00 Y  +0.00 theta   +0.0 elt    0 [0mimu  -3.7 Dt 145338 LtCy 72669 integ.govd   +0.00   +0.00 integ.vbp +0.00 +0.00 omni.gos X     +0.0 ,Y     -0.1. omgD -0.005 omg  +0.00 loop   5145
[0mBatt=23.4 [0m[33mODOM [31mVisionX  +0.00 Y  +0.00 theta   +0.0 elt    0 [0mimu  -3.7 Dt 145354 LtCy 72677 integ.govd   +0.00   +0.00 integ.vbp +0.00 +0.00 omni.gos X     -0.0 ,Y     -0.1. omgD -0.005 omg  +0.00 loop   5156
[0mBatt=23.4 [0m[33mODOM [31mVisionX  +0.00 Y  +0.00 theta   +0.0 elt    0 [0mimu  -3.7 Dt 145370 LtCy 72685 integ.govd   +0.00   +0.00 integ.vbp +0.00 +0.00 omni.gos X     +0.0 ,Y     -0.0. omgD -0.003 omg  +0.00 loop   5138
[0mBatt=23.4 [0m[33mODOM [31mVisionX  +0.00 Y  +0.00 theta   +0.0 elt    0 [0mimu  -3.7 Dt 145386 LtCy 72693 integ.govd   +0.00   +0.00 integ.vbp +0.00 +0.00 omni.gos X     -0.0 ,Y     -0.2. omgD -0.013 omg  +0.00 loop   5137
[0mBatt=23.4 [0m[33mODOM [31mVisionX  +0.00 Y  +0.00 theta   +0.0 elt    0 [0mimu  -3.7 Dt 145402 LtCy 72701 integ.govd   +0.00   +0.00 integ.vbp +0.00 +0.00 omni.gos X     +0.0 ,Y     -0.1. omgD -0.009 omg  +0.00 loop   5148
[0mBatt=23.4 [0m[33mODOM [31mVisionX  +0.00 Y  +0.00 theta   +0.0 elt    0 [0mimu  -3.7 Dt 145418 LtCy 72709 integ.govd   +0.00   +0.00 integ.vbp +0.00 +0.00 omni.gos X     -0.0 ,Y     -0.1. omgD -0.007 omg  +0.00 loop   5148
[0mBatt=23.4 [0m[33mODOM [31mVisionX  +0.00 Y  +0.00 theta   +0.0 elt    0 [0mimu  -3.7 Dt 145434 LtCy 72717 integ.govd   +0.00   +0.00 integ.vbp +0.00 +0.00 omni.gos X     +0.0 ,Y     -0.1. omgD -0.005 omg  +0.00 loop   5123
[0mBatt=23.4 [0m[33mODOM [31mVisionX  +0.00 Y  +0.00 theta   +0.0 elt    0 [0mimu  -3.7 Dt 145450 LtCy 72725 integ.govd   +0.00   +0.00 integ.vbp +0.00 +0.00 omni.gos X     -0.0 ,Y     -0.0. omgD -0.003 omg  +0.00 loop   5156
[0mBatt=23.4 [0m[33mODOM [31mVisionX  +0.00 Y  +0.00 theta   +0.0 elt    0 [0mimu  -3.7 Dt 145466 LtCy 72733 integ.govd   +0.00   +0.00 integ.vbp +0.00 +0.00 omni.gos X     -0.0 ,Y     -0.1. omgD -0.007 omg  +0.00 loop   5148
[0mBatt=23.4 [0m[33mODOM [31mVisionX  +0.00 Y  +0.00 theta   +0.0 elt    0 [0mimu  -3.7 Dt 145482 LtCy 72741 integ.govd   +0.00   +0.00 integ.vbp +0.00 +0.00 omni.gos X     -0.0 ,Y     -0.1. omgD -0.009 omg  +0.00 loop   5126
[0mBatt=23.4 [0m[33mODOM [31mVisionX  +0.00 Y  +0.00 theta   +0.0 elt    0 [0mimu  -3.7 Dt 145498 LtCy 72749 integ.govd   +0.00   +0.00 integ.vbp +0.00 +0.00 omni.gos X     +0.0 ,Y     -0.1. omgD -0.009 omg  +0.00 loop   5142
[0mBatt=23.4 [0m[33mODOM [31mVisionX  +0.00 Y  +0.00 theta   +0.0 elt    0 [0mimu  -3.7 Dt 145514 LtCy 72757 integ.govd   +0.00   +0.00 integ.vbp +0.00 +0.00 omni.gos X     -0.0 ,Y     -0.1. omgD -0.005 omg  +0.00 loop   5155
[0mBatt=23.4 [0m[33mODOM [31mVisionX  +0.00 Y  +0.00 theta   +0.0 elt    0 [0mimu  -3.7 Dt 145530 LtCy 72765 integ.govd   +0.00   +0.00 integ.vbp +0.00 +0.00 omni.gos X     +0.0 ,Y     +0.0. omgD +0.002 omg  +0.00 loop   5102
[0mBatt=23.4 [0m[33mODOM [31mVisionX  +0.00 Y  +0.00 theta   +0.0 elt    0 [0mimu  -3.7 Dt 145546 LtCy 72773 integ.govd   +0.00   +0.00 integ.vbp +0.00 +0.00 omni.gos X     +0.0 ,Y     +0.0. omgD +0.002 omg  +0.00 loop   5144
[0mBatt=23.4 [0m[33mODOM [31mVisionX  +0.00 Y  +0.00 theta   +0.0 elt    0 [0mimu  -3.7 Dt 145562 LtCy 72781 integ.govd   +0.00   +0.00 integ.vbp +0.00 +0.00 omni.gos X     -0.0 ,Y     -0.1. omgD -0.009 omg  +0.00 loop   5159
[0mBatt=23.4 [0m[33mODOM [31mVisionX  +0.00 Y  +0.00 theta   +0.0 elt    0 [0mimu  -3.7 Dt 145578 LtCy 72789 integ.govd   +0.00   +0.00 integ.vbp +0.00 +0.00 omni.gos X     -0.0 ,Y     -0.1. omgD -0.007 omg  +0.00 loop   5137
[0mBatt=23.4 [0m[33mODOM [31mVisionX  +0.00 Y  +0.00 theta   +0.0 elt    0 [0mimu  -3.7 Dt 145594 LtCy 72797 integ.govd   +0.00   +0.00 integ.vbp +0.00 +0.00 omni.gos X     +0.0 ,Y     -0.0. omgD -0.003 omg  +0.00 loop   5120
[0mBatt=23.4 [0m[33mODOM [31mVisionX  +0.00 Y  +0.00 theta   +0.0 elt    0 [0mimu  -3.7 Dt 145610 LtCy 72805 integ.govd   +0.00   +0.00 integ.vbp +0.00 +0.00 omni.gos X     -0.0 ,Y     -0.0. omgD -0.003 omg  +0.00 loop   5159
[0mBatt=23.4 [0m[33mODOM [31mVisionX  +0.00 Y  +0.00 theta   +0.0 elt    0 [0mimu  -3.7 Dt 145626 LtCy 72813 integ.govd   +0.00   +0.00 integ.vbp +0.00 +0.00 omni.gos X     -0.0 ,Y     -0.0. omgD -0.003 omg  +0.00 loop   5151
[0mBatt=23.4 [0m[33mODOM [31mVisionX  +0.00 Y  +0.00 theta   +0.0 elt    0 [0mimu  -3.7 Dt 145642 LtCy 72821 integ.govd   +0.00   +0.00 integ.vbp +0.00 +0.00 omni.gos X     +0.0 ,Y     -0.0. omgD -0.001 omg  +0.00 loop   5123
[0mBatt=23.3 [0m[33mODOM [31mVisionX  +0.00 Y  +0.00 theta   +0.0 elt    0 [0mimu  -3.7 Dt 145658 LtCy 72829 integ.govd   +0.00   +0.00 integ.vbp +0.00 +0.00 omni.gos X     -0.0 ,Y     -0.2. omgD -0.013 omg  +0.00 loop   5155
[0mBatt=23.3 [0m[33mODOM [31mVisionX  +0.00 Y  +0.00 theta   +0.0 elt    0 [0mimu  -3.7 Dt 145674 LtCy 72837 integ.govd   +0.00   +0.00 integ.vbp +0.00 +0.00 omni.gos X     +0.0 ,Y     -0.1. omgD -0.005 omg  +0.00 loop   5150
[0mBatt=23.3 [0m[33mODOM [31mVisionX  +0.00 Y  +0.00 theta   +0.0 elt    0 [0mimu  -3.7 Dt 145690 LtCy 72845 integ.govd   +0.00   +0.00 integ.vbp +0.00 +0.00 omni.gos X     +0.0 ,Y     -0.0. omgD -0.001 omg  +0.00 loop   5133
[0mBatt=23.3 [0m[33mODOM [31mVisionX  +0.00 Y  +0.00 theta   +0.0 elt    0 [0mimu  -3.7 Dt 145706 LtCy 72853 integ.govd   +0.00   +0.00 integ.vbp +0.00 +0.00 omni.gos X     -0.0 ,Y     -0.1. omgD -0.009 omg  +0.00 loop   5146
[0mBatt=23.3 [0m[33mODOM [31mVisionX  +0.00 Y  +0.00 theta   +0.0 elt    0 [0mimu  -3.7 Dt 145722 LtCy 72861 integ.govd   +0.00   +0.00 integ.vbp +0.00 +0.00 omni.gos X     -0.0 ,Y     -0.1. omgD -0.005 omg  +0.00 loop   5151
[0mBatt=23.3 [0m[33mODOM [31mVisionX  +0.00 Y  +0.00 theta   +0.0 elt    0 [0mimu  -3.7 Dt 145738 LtCy 72869 integ.govd   +0.00   +0.00 integ.vbp +0.00 +0.00 omni.gos X     +0.0 ,Y     +0.0. omgD +0.004 omg  +0.00 loop   5129
[0mBatt=23.3 [0m[33mODOM [31mVisionX  +0.00 Y  +0.00 theta   +0.0 elt    0 [0mimu  -3.7 Dt 145754 LtCy 72877 integ.govd   +0.00   +0.00 integ.vbp +0.00 +0.00 omni.gos X     -0.0 ,Y     -0.1. omgD -0.005 omg  +0.00 loop   5142
[0mBatt=23.3 [0m[33mODOM [31mVisionX  +0.00 Y  +0.00 theta   +0.0 elt    0 [0mimu  -3.7 Dt 145770 LtCy 72885 integ.govd   +0.00   +0.00 integ.vbp +0.00 +0.00 omni.gos X     -0.0 ,Y     -0.2. omgD -0.013 omg  +0.00 loop   5150
[0mBatt=23.3 [0m[33mODOM [31mVisionX  +0.00 Y  +0.00 theta   +0.0 elt    0 [0mimu  -3.7 Dt 145786 LtCy 72893 integ.govd   +0.00   +0.00 integ.vbp +0.00 +0.00 omni.gos X     +0.0 ,Y     -0.0. omgD -0.001 omg  +0.00 loop   5138
[0mBatt=23.3 [0m[33mODOM [31mVisionX  +0.00 Y  +0.00 theta   +0.0 elt    0 [0mimu  -3.7 Dt 145802 LtCy 72901 integ.govd   +0.00   +0.00 integ.vbp +0.00 +0.00 omni.gos X     +0.0 ,Y     -0.1. omgD -0.005 omg  +0.00 loop   5134
[0mBatt=23.3 [0m[33mODOM [31mVisionX  +0.00 Y  +0.00 theta   +0.0 elt    0 [0mimu  -3.7 Dt 145818 LtCy 72909 integ.govd   +0.00   +0.00 integ.vbp +0.00 +0.00 omni.gos X     -0.0 ,Y     -0.0. omgD -0.001 omg  +0.00 loop   5152
[0mBatt=23.3 [0m[33mODOM [31mVisionX  +0.00 Y  +0.00 theta   +0.0 elt    0 [0mimu  -3.7 Dt 145834 LtCy 72917 integ.govd   +0.00   +0.00 integ.vbp +0.00 +0.00 omni.gos X     -0.0 ,Y     -0.1. omgD -0.009 omg  +0.00 loop   5150
[0mBatt=23.3 [0m[33mODOM [31mVisionX  +0.00 Y  +0.00 theta   +0.0 elt    0 [0mimu  -3.7 Dt 145850 LtCy 72925 integ.govd   +0.00   +0.00 integ.vbp +0.00 +0.00 omni.gos X     -0.0 ,Y     -0.1. omgD -0.009 omg  +0.00 loop   5114
[0mBatt=23.3 [0m[33mODOM [31mVisionX  +0.00 Y  +0.00 theta   +0.0 elt    0 [0mimu  -3.7 Dt 145866 LtCy 72933 integ.govd   +0.00   +0.00 integ.vbp +0.00 +0.00 omni.gos X     -0.0 ,Y     -0.1. omgD -0.005 omg  +0.00 loop   5145
[0mBatt=23.3 [0m[33mODOM [31mVisionX  +0.00 Y  +0.00 theta   +0.0 elt    0 [0mimu  -3.7 Dt 145882 LtCy 72941 integ.govd   +0.00   +0.00 integ.vbp +0.00 +0.00 omni.gos X     +0.0 ,Y     -0.1. omgD -0.005 omg  +0.00 loop   5146
[0mBatt=23.3 [0m[33mODOM [31mVisionX  +0.00 Y  +0.00 theta   +0.0 elt    0 [0mimu  -3.7 Dt 145898 LtCy 72949 integ.govd   +0.00   +0.00 integ.vbp +0.00 +0.00 omni.gos X     -0.0 ,Y     -0.1. omgD -0.005 omg  +0.00 loop   5135
[0mBatt=23.3 [0m[33mODOM [31mVisionX  +0.00 Y  +0.00 theta   +0.0 elt    0 [0mimu  -3.7 Dt 145914 LtCy 72957 integ.govd   +0.00   +0.00 integ.vbp +0.00 +0.00 omni.gos X     +0.0 ,Y     +0.1. omgD +0.008 omg  +0.00 loop   5135
[0mBatt=23.3 [0m[33mODOM [31mVisionX  +0.00 Y  +0.00 theta   +0.0 elt    0 [0mimu  -3.7 Dt 145930 LtCy 72965 integ.govd   +0.00   +0.00 integ.vbp +0.00 +0.00 omni.gos X     +0.0 ,Y     -0.1. omgD -0.005 omg  +0.00 loop   5148
[0mBatt=23.3 [0m[33mODOM [31mVisionX  +0.00 Y  +0.00 theta   +0.0 elt    0 [0mimu  -3.7 Dt 145946 LtCy 72973 integ.govd   +0.00   +0.00 integ.vbp +0.00 +0.00 omni.gos X     -0.0 ,Y     -0.1. omgD -0.005 omg  +0.00 loop   5149
[0mBatt=23.3 [0m[33mODOM [31mVisionX  +0.00 Y  +0.00 theta   +0.0 elt    0 [0mimu  -3.7 Dt 145962 LtCy 72981 integ.govd   +0.00   +0.00 integ.vbp +0.00 +0.00 omni.gos X     +0.0 ,Y     +0.0. omgD +0.004 omg  +0.00 loop   5124
[0mBatt=23.3 [0m[33mODOM [31mVisionX  +0.00 Y  +0.00 theta   +0.0 elt    0 [0mimu  -3.7 Dt 145978 LtCy 72989 integ.govd   +0.00   +0.00 integ.vbp +0.00 +0.00 omni.gos X     -0.0 ,Y     -0.1. omgD -0.009 omg  +0.00 loop   5158
[0mBatt=23.3 [0m[33mODOM [31mVisionX  +0.00 Y  +0.00 theta   +0.0 elt    0 [0mimu  -3.7 Dt 145994 LtCy 72997 integ.govd   +0.00   +0.00 integ.vbp +0.00 +0.00 omni.gos X     +0.0 ,Y     -0.1. omgD -0.005 omg  +0.00 loop   5140
[0mBatt=23.3 [0m[33mODOM [31mVisionX  +0.00 Y  +0.00 theta   +0.0 elt    0 [0mimu  -3.7 Dt 146002 LtCy 73001 integ.govd   +0.00   +0.00 integ.vbp +0.00 +0.00 omni.gos X     +0.0 ,Y     +0.1. omgD +0.008 omg  +0.00 loop   2476
[0mBatt=23.3 [0m[33mODOM [31mVisionX  +0.00 Y  +0.00 theta   +0.0 elt    0 [0mimu  -3.7 Dt 146018 LtCy 73009 integ.govd   +0.00   +0.00 integ.vbp +0.00 +0.00 omni.gos X     +0.0 ,Y     +0.2. omgD +0.016 omg  +0.00 loop   5134
[0mBatt=23.4 [0m[33mODOM [31mVisionX  +0.00 Y  +0.00 theta   +0.0 elt    0 [0mimu  -3.7 Dt 146034 LtCy 73017 integ.govd   +0.00   +0.00 integ.vbp +0.00 +0.00 omni.gos X     +0.0 ,Y     +0.0. omgD +0.004 omg  +0.00 loop   5149
[0mBatt=23.4 [0m[33mODOM [31mVisionX  +0.00 Y  +0.00 theta   +0.0 elt    0 [0mimu  -3.7 Dt 146050 LtCy 73025 integ.govd   +0.00   +0.00 integ.vbp +0.00 +0.00 omni.gos X     -0.0 ,Y     -0.2. omgD -0.018 omg  +0.00 loop   5141
[0mBatt=23.4 [0m[33mODOM [31mVisionX  +0.00 Y  +0.00 theta   +0.0 elt    0 [0mimu  -3.7 Dt 146066 LtCy 73033 integ.govd   +0.00   +0.00 integ.vbp +0.00 +0.00 omni.gos X     -0.0 ,Y     -0.2. omgD -0.013 omg  +0.00 loop   5126
[0mBatt=23.4 [0m[33mODOM [31mVisionX  +0.00 Y  +0.00 theta   +0.0 elt    0 [0mimu  -3.7 Dt 146082 LtCy 73041 integ.govd   +0.00   +0.00 integ.vbp +0.00 +0.00 omni.gos X     +0.0 ,Y     -0.0. omgD -0.001 omg  +0.00 loop   5146
[0mBatt=23.4 [0m[33mODOM [31mVisionX  +0.00 Y  +0.00 theta   +0.0 elt    0 [0mimu  -3.7 Dt 146098 LtCy 73049 integ.govd   +0.00   +0.00 integ.vbp +0.00 +0.00 omni.gos X     +0.0 ,Y     +0.2. omgD +0.012 omg  +0.00 loop   5154
[0mBatt=23.4 [0m[33mODOM [31mVisionX  +0.00 Y  +0.00 theta   +0.0 elt    0 [0mimu  -3.7 Dt 146114 LtCy 73057 integ.govd   +0.00   +0.00 integ.vbp +0.00 +0.00 omni.gos X     +0.0 ,Y     +0.4. omgD +0.033 omg  +0.00 loop   5118
[0mBatt=23.3 [0m[33mODOM [31mVisionX  +0.00 Y  +0.00 theta   +0.0 elt    0 [0mimu  -3.7 Dt 146130 LtCy 73065 integ.govd   +0.00   +0.00 integ.vbp +0.00 +0.00 omni.gos X     -0.0 ,Y     -0.1. omgD -0.009 omg  +0.00 loop   5143
[0mBatt=23.3 [0m[33mODOM [31mVisionX  +0.00 Y  +0.00 theta   +0.0 elt    0 [0mimu  -3.7 Dt 146146 LtCy 73073 integ.govd   +0.00   +0.00 integ.vbp +0.00 +0.00 omni.gos X     -0.0 ,Y     -0.3. omgD -0.022 omg  +0.00 loop   5152
[0mBatt=23.3 [0m[33mODOM [31mVisionX  +0.00 Y  +0.00 theta   +0.0 elt    0 [0mimu  -3.7 Dt 146162 LtCy 73081 integ.govd   +0.00   +0.00 integ.vbp +0.00 +0.00 omni.gos X     -0.0 ,Y     -0.3. omgD -0.022 omg  +0.00 loop   5118
[0mBatt=23.3 [0m[33mODOM [31mVisionX  +0.00 Y  +0.00 theta   +0.0 elt    0 [0mimu  -3.7 Dt 146178 LtCy 73089 integ.govd   +0.00   +0.00 integ.vbp +0.00 +0.00 omni.gos X     +0.0 ,Y     +0.0. omgD +0.004 omg  +0.00 loop   5142
[0mBatt=23.3 [0m[33mODOM [31mVisionX  +0.00 Y  +0.00 theta   +0.0 elt    0 [0mimu  -3.7 Dt 146194 LtCy 73097 integ.govd   +0.00   +0.00 integ.vbp +0.00 +0.00 omni.gos X     +0.0 ,Y     +0.2. omgD +0.016 omg  +0.00 loop   5156
[0mBatt=23.4 [0m[33mODOM [31mVisionX  +0.00 Y  +0.00 theta   +0.0 elt    0 [0mimu  -3.7 Dt 146210 LtCy 73105 integ.govd   +0.00   +0.00 integ.vbp +0.00 +0.00 omni.gos X     +0.0 ,Y     +0.1. omgD +0.008 omg  +0.00 loop   5128
[0mBatt=23.4 [0m[33mODOM [31mVisionX  +0.00 Y  +0.00 theta   +0.0 elt    0 [0mimu  -3.7 Dt 146226 LtCy 73113 integ.govd   +0.00   +0.00 integ.vbp +0.00 +0.00 omni.gos X     -0.0 ,Y     -0.2. omgD -0.018 omg  +0.00 loop   5127
[0mBatt=23.4 [0m[33mODOM [31mVisionX  +0.00 Y  +0.00 theta   +0.0 elt    0 [0mimu  -3.7 Dt 146242 LtCy 73121 integ.govd   +0.00   +0.00 integ.vbp +0.00 +0.00 omni.gos X     -0.0 ,Y     -0.3. omgD -0.022 omg  +0.00 loop   5151
[0mBatt=23.4 [0m[33mODOM [31mVisionX  +0.00 Y  +0.00 theta   +0.0 elt    0 [0mimu  -3.7 Dt 146258 LtCy 73129 integ.govd   +0.00   +0.00 integ.vbp +0.00 +0.00 omni.gos X     +0.0 ,Y     -0.1. omgD -0.005 omg  +0.00 loop   5141
[0mBatt=23.4 [0m[33mODOM [31mVisionX  +0.00 Y  +0.00 theta   +0.0 elt    0 [0mimu  -3.7 Dt 146274 LtCy 73137 integ.govd   +0.00   +0.00 integ.vbp +0.00 +0.00 omni.gos X     +0.0 ,Y     +0.2. omgD +0.016 omg  +0.00 loop   5127
[0mBatt=23.4 [0m[33mODOM [31mVisionX  +0.00 Y  +0.00 theta   +0.0 elt    0 [0mimu  -3.7 Dt 146290 LtCy 73145 integ.govd   +0.00   +0.00 integ.vbp +0.00 +0.00 omni.gos X     +0.0 ,Y     +0.2. omgD +0.016 omg  +0.00 loop   5148
[0mBatt=23.4 [0m[33mODOM [31mVisionX  +0.00 Y  +0.00 theta   +0.0 elt    0 [0mimu  -3.7 Dt 146306 LtCy 73153 integ.govd   +0.00   +0.00 integ.vbp +0.00 +0.00 omni.gos X     -0.0 ,Y     -0.1. omgD -0.005 omg  +0.00 loop   5143
[0mBatt=23.4 [0m[33mODOM [31mVisionX  +0.00 Y  +0.00 theta   +0.0 elt    0 [0mimu  -3.7 Dt 146322 LtCy 73161 integ.govd   +0.00   +0.00 integ.vbp +0.00 +0.00 omni.gos X     -0.0 ,Y     -0.2. omgD -0.013 omg  +0.00 loop   5127
[0mBatt=23.3 [0m[33mODOM [31mVisionX  +0.00 Y  +0.00 theta   +0.0 elt    0 [0mimu  -3.7 Dt 146338 LtCy 73169 integ.govd   +0.00   +0.00 integ.vbp +0.00 +0.00 omni.gos X     +0.0 ,Y     -0.0. omgD -0.001 omg  +0.00 loop   5136
[0mBatt=23.3 [0m[33mODOM [31mVisionX  +0.00 Y  +0.00 theta   +0.0 elt    0 [0mimu  -3.7 Dt 146354 LtCy 73177 integ.govd   +0.00   +0.00 integ.vbp +0.00 +0.00 omni.gos X     +0.0 ,Y     +0.1. omgD +0.004 omg  +0.00 loop   5135
[0mBatt=23.3 [0m[33mODOM [31mVisionX  +0.00 Y  +0.00 theta   +0.0 elt    0 [0mimu  -3.7 Dt 146370 LtCy 73185 integ.govd   +0.00   +0.00 integ.vbp +0.00 +0.00 omni.gos X     +0.0 ,Y     +0.0. omgD +0.004 omg  +0.00 loop   5123
[0mBatt=23.3 [0m[33mODOM [31mVisionX  +0.00 Y  +0.00 theta   +0.0 elt    0 [0mimu  -3.7 Dt 146386 LtCy 73193 integ.govd   +0.00   +0.00 integ.vbp +0.00 +0.00 omni.gos X     -0.0 ,Y     -0.1. omgD -0.005 omg  +0.00 loop   5148
[0mBatt=23.3 [0m[33mODOM [31mVisionX  +0.00 Y  +0.00 theta   +0.0 elt    0 [0mimu  -3.7 Dt 146402 LtCy 73201 integ.govd   +0.00   +0.00 integ.vbp +0.00 +0.00 omni.gos X     -0.0 ,Y     -0.2. omgD -0.013 omg  +0.00 loop   5152
[0mBatt=23.3 [0m[33mODOM [31mVisionX  +0.00 Y  +0.00 theta   +0.0 elt    0 [0mimu  -3.7 Dt 146418 LtCy 73209 integ.govd   +0.00   +0.00 integ.vbp +0.00 +0.00 omni.gos X     +0.0 ,Y     +0.0. omgD +0.004 omg  +0.00 loop   5129
[0mBatt=23.3 [0m[33mODOM [31mVisionX  +0.00 Y  +0.00 theta   +0.0 elt    0 [0mimu  -3.7 Dt 146434 LtCy 73217 integ.govd   +0.00   +0.00 integ.vbp +0.00 +0.00 omni.gos X     +0.0 ,Y     -0.0. omgD -0.001 omg  +0.00 loop   5125
[0mBatt=23.3 [0m[33mODOM [31mVisionX  +0.00 Y  +0.00 theta   +0.0 elt    0 [0mimu  -3.7 Dt 146450 LtCy 73225 integ.govd   +0.00   +0.00 integ.vbp +0.00 +0.00 omni.gos X     +0.0 ,Y     -0.0. omgD -0.001 omg  +0.00 loop   5157
[0mBatt=23.3 [0m[33mODOM [31mVisionX  +0.00 Y  +0.00 theta   +0.0 elt    0 [0mimu  -3.7 Dt 146466 LtCy 73233 integ.govd   +0.00   +0.00 integ.vbp +0.00 +0.00 omni.gos X     -0.0 ,Y     -0.2. omgD -0.013 omg  +0.00 loop   5155
[0mBatt=23.3 [0m[33mODOM [31mVisionX  +0.00 Y  +0.00 theta   +0.0 elt    0 [0mimu  -3.7 Dt 146482 LtCy 73241 integ.govd   +0.00   +0.00 integ.vbp +0.00 +0.00 omni.gos X     -0.0 ,Y     -0.1. omgD -0.009 omg  +0.00 loop   5115
[0mBatt=23.3 [0m[33mODOM [31mVisionX  +0.00 Y  +0.00 theta   +0.0 elt    0 [0mimu  -3.7 Dt 146498 LtCy 73249 integ.govd   +0.00   +0.00 integ.vbp +0.00 +0.00 omni.gos X     +0.0 ,Y     -0.0. omgD -0.001 omg  +0.00 loop   5149
[0mBatt=23.3 [0m[33mODOM [31mVisionX  +0.00 Y  +0.00 theta   +0.0 elt    0 [0mimu  -3.7 Dt 146514 LtCy 73257 integ.govd   +0.00   +0.00 integ.vbp +0.00 +0.00 omni.gos X     +0.0 ,Y     +0.0. omgD +0.004 omg  +0.00 loop   5157
[0mBatt=23.3 [0m[33mODOM [31mVisionX  +0.00 Y  +0.00 theta   +0.0 elt    0 [0mimu  -3.7 Dt 146530 LtCy 73265 integ.govd   +0.00   +0.00 integ.vbp +0.00 +0.00 omni.gos X     -0.0 ,Y     -0.1. omgD -0.005 omg  +0.00 loop   5125
[0mBatt=23.3 [0m[33mODOM [31mVisionX  +0.00 Y  +0.00 theta   +0.0 elt    0 [0mimu  -3.7 Dt 146546 LtCy 73273 integ.govd   +0.00   +0.00 integ.vbp +0.00 +0.00 omni.gos X     -0.0 ,Y     -0.2. omgD -0.013 omg  +0.00 loop   5149
[0mBatt=23.3 [0m[33mODOM [31mVisionX  +0.00 Y  +0.00 theta   +0.0 elt    0 [0mimu  -3.7 Dt 146562 LtCy 73281 integ.govd   +0.00   +0.00 integ.vbp +0.00 +0.00 omni.gos X     +0.0 ,Y     -0.0. omgD -0.001 omg  +0.00 loop   5146
[0mBatt=23.3 [0m[33mODOM [31mVisionX  +0.00 Y  +0.00 theta   +0.0 elt    0 [0mimu  -3.7 Dt 146578 LtCy 73289 integ.govd   +0.00   +0.00 integ.vbp +0.00 +0.00 omni.gos X     +0.0 ,Y     -0.1. omgD -0.005 omg  +0.00 loop   5139
[0mBatt=23.3 [0m[33mODOM [31mVisionX  +0.00 Y  +0.00 theta   +0.0 elt    0 [0mimu  -3.7 Dt 146594 LtCy 73297 integ.govd   +0.00   +0.00 integ.vbp +0.00 +0.00 omni.gos X     -0.0 ,Y     -0.1. omgD -0.005 omg  +0.00 loop   5136
[0mBatt=23.3 [0m[33mODOM [31mVisionX  +0.00 Y  +0.00 theta   +0.0 elt    0 [0mimu  -3.7 Dt 146610 LtCy 73305 integ.govd   +0.00   +0.00 integ.vbp +0.00 +0.00 omni.gos X     +0.0 ,Y     -0.0. omgD -0.001 omg  +0.00 loop   5149
[0mBatt=23.3 [0m[33mODOM [31mVisionX  +0.00 Y  +0.00 theta   +0.0 elt    0 [0mimu  -3.7 Dt 146626 LtCy 73313 integ.govd   +0.00   +0.00 integ.vbp +0.00 +0.00 omni.gos X     +0.0 ,Y     +0.2. omgD +0.012 omg  +0.00 loop   5149
[0mBatt=23.3 [0m[33mODOM [31mVisionX  +0.00 Y  +0.00 theta   +0.0 elt    0 [0mimu  -3.7 Dt 146642 LtCy 73321 integ.govd   +0.00   +0.00 integ.vbp +0.00 +0.00 omni.gos X     +0.0 ,Y     -0.1. omgD -0.005 omg  +0.00 loop   5120
[0mBatt=23.3 [0m[33mODOM [31mVisionX  +0.00 Y  +0.00 theta   +0.0 elt    0 [0mimu  -3.7 Dt 146658 LtCy 73329 integ.govd   +0.00   +0.00 integ.vbp +0.00 +0.00 omni.gos X     -0.0 ,Y     -0.2. omgD -0.013 omg  +0.00 loop   5152
[0mBatt=23.3 [0m[33mODOM [31mVisionX  +0.00 Y  +0.00 theta   +0.0 elt    0 [0mimu  -3.7 Dt 146674 LtCy 73337 integ.govd   +0.00   +0.00 integ.vbp +0.00 +0.00 omni.gos X     -0.0 ,Y     -0.2. omgD -0.018 omg  +0.00 loop   5150
[0mBatt=23.3 [0m[33mODOM [31mVisionX  +0.00 Y  +0.00 theta   +0.0 elt    0 [0mimu  -3.7 Dt 146690 LtCy 73345 integ.govd   +0.00   +0.00 integ.vbp +0.00 +0.00 omni.gos X     +0.0 ,Y     -0.1. omgD -0.005 omg  +0.00 loop   5118
[0mBatt=23.3 [0m[33mODOM [31mVisionX  +0.00 Y  +0.00 theta   +0.0 elt    0 [0mimu  -3.7 Dt 146706 LtCy 73353 integ.govd   +0.00   +0.00 integ.vbp +0.00 +0.00 omni.gos X     +0.0 ,Y     +0.1. omgD +0.008 omg  +0.00 loop   5156
[0mBatt=23.3 [0m[33mODOM [31mVisionX  +0.00 Y  +0.00 theta   +0.0 elt    0 [0mimu  -3.7 Dt 146722 LtCy 73361 integ.govd   +0.00   +0.00 integ.vbp +0.00 +0.00 omni.gos X     +0.0 ,Y     +0.0. omgD +0.002 omg  +0.00 loop   5150
[0mBatt=23.3 [0m[33mODOM [31mVisionX  +0.00 Y  +0.00 theta   +0.0 elt    0 [0mimu  -3.7 Dt 146738 LtCy 73369 integ.govd   +0.00   +0.00 integ.vbp +0.00 +0.00 omni.gos X     -0.0 ,Y     -0.0. omgD -0.001 omg  +0.00 loop   5129
[0mBatt=23.3 [0m[33mODOM [31mVisionX  +0.00 Y  +0.00 theta   +0.0 elt    0 [0mimu  -3.7 Dt 146754 LtCy 73377 integ.govd   +0.00   +0.00 integ.vbp +0.00 +0.00 omni.gos X     +0.0 ,Y     -0.1. omgD -0.005 omg  +0.00 loop   5141
[0mBatt=23.3 [0m[33mODOM [31mVisionX  +0.00 Y  +0.00 theta   +0.0 elt    0 [0mimu  -3.7 Dt 146770 LtCy 73385 integ.govd   +0.00   +0.00 integ.vbp +0.00 +0.00 omni.gos X     -0.0 ,Y     -0.1. omgD -0.011 omg  +0.00 loop   5154
[0mBatt=23.3 [0m[33mODOM [31mVisionX  +0.00 Y  +0.00 theta   +0.0 elt    0 [0mimu  -3.7 Dt 146786 LtCy 73393 integ.govd   +0.00   +0.00 integ.vbp +0.00 +0.00 omni.gos X     -0.0 ,Y     -0.0. omgD -0.003 omg  +0.00 loop   5131
[0mBatt=23.3 [0m[33mODOM [31mVisionX  +0.00 Y  +0.00 theta   +0.0 elt    0 [0mimu  -3.7 Dt 146802 LtCy 73401 integ.govd   +0.00   +0.00 integ.vbp +0.00 +0.00 omni.gos X     +0.0 ,Y     -0.0. omgD -0.003 omg  +0.00 loop   5131
[0mBatt=23.3 [0m[33mODOM [31mVisionX  +0.00 Y  +0.00 theta   +0.0 elt    0 [0mimu  -3.7 Dt 146818 LtCy 73409 integ.govd   +0.00   +0.00 integ.vbp +0.00 +0.00 omni.gos X     -0.0 ,Y     -0.1. omgD -0.011 omg  +0.00 loop   5157
[0mBatt=23.3 [0m[33mODOM [31mVisionX  +0.00 Y  +0.00 theta   +0.0 elt    0 [0mimu  -3.7 Dt 146834 LtCy 73417 integ.govd   +0.00   +0.00 integ.vbp +0.00 +0.00 omni.gos X     -0.0 ,Y     -0.0. omgD -0.003 omg  +0.00 loop   5142
[0mBatt=23.3 [0m[33mODOM [31mVisionX  +0.00 Y  +0.00 theta   +0.0 elt    0 [0mimu  -3.7 Dt 146850 LtCy 73425 integ.govd   +0.00   +0.00 integ.vbp +0.00 +0.00 omni.gos X     +0.0 ,Y     -0.0. omgD -0.001 omg  +0.00 loop   5119
[0mBatt=23.3 [0m[33mODOM [31mVisionX  +0.00 Y  +0.00 theta   +0.0 elt    0 [0mimu  -3.7 Dt 146866 LtCy 73433 integ.govd   +0.00   +0.00 integ.vbp +0.00 +0.00 omni.gos X     -0.0 ,Y     -0.1. omgD -0.005 omg  +0.00 loop   5158
[0mBatt=23.3 [0m[33mODOM [31mVisionX  +0.00 Y  +0.00 theta   +0.0 elt    0 [0mimu  -3.7 Dt 146882 LtCy 73441 integ.govd   +0.00   +0.00 integ.vbp +0.00 +0.00 omni.gos X     -0.0 ,Y     -0.1. omgD -0.005 omg  +0.00 loop   5144
[0mBatt=23.3 [0m[33mODOM [31mVisionX  +0.00 Y  +0.00 theta   +0.0 elt    0 [0mimu  -3.8 Dt 146898 LtCy 73449 integ.govd   +0.00   +0.00 integ.vbp +0.00 +0.00 omni.gos X     -0.0 ,Y     -0.1. omgD -0.007 omg  +0.00 loop   5121
[0mBatt=23.3 [0m[33mODOM [31mVisionX  +0.00 Y  +0.00 theta   +0.0 elt    0 [0mimu  -3.8 Dt 146914 LtCy 73457 integ.govd   +0.00   +0.00 integ.vbp +0.00 +0.00 omni.gos X     +0.0 ,Y     +0.1. omgD +0.006 omg  +0.00 loop   5146
[0mBatt=23.3 [0m[33mODOM [31mVisionX  +0.00 Y  +0.00 theta   +0.0 elt    0 [0mimu  -3.7 Dt 146930 LtCy 73465 integ.govd   +0.00   +0.00 integ.vbp +0.00 +0.00 omni.gos X     +0.0 ,Y     +0.1. omgD +0.004 omg  +0.00 loop   5148
[0mBatt=23.3 [0m[33mODOM [31mVisionX  +0.00 Y  +0.00 theta   +0.0 elt    0 [0mimu  -3.7 Dt 146946 LtCy 73473 integ.govd   +0.00   +0.00 integ.vbp +0.00 +0.00 omni.gos X     +0.0 ,Y     +0.0. omgD +0.002 omg  +0.00 loop   5131
[0mBatt=23.3 [0m[33mODOM [31mVisionX  +0.00 Y  +0.00 theta   +0.0 elt    0 [0mimu  -3.7 Dt 146962 LtCy 73481 integ.govd   +0.00   +0.00 integ.vbp +0.00 +0.00 omni.gos X     +0.0 ,Y     +0.0. omgD +0.004 omg  +0.00 loop   5137
[0mBatt=23.3 [0m[33mODOM [31mVisionX  +0.00 Y  +0.00 theta   +0.0 elt    0 [0mimu  -3.7 Dt 146978 LtCy 73489 integ.govd   +0.00   +0.00 integ.vbp +0.00 +0.00 omni.gos X     +0.0 ,Y     -0.0. omgD -0.003 omg  +0.00 loop   5143
[0mBatt=23.3 [0m[33mODOM [31mVisionX  +0.00 Y  +0.00 theta   +0.0 elt    0 [0mimu  -3.7 Dt 146994 LtCy 73497 integ.govd   +0.00   +0.00 integ.vbp +0.00 +0.00 omni.gos X     +0.0 ,Y     -0.0. omgD -0.001 omg  +0.00 loop   5147
[0mBatt=23.4 [0m[33mODOM [31mVisionX  +0.00 Y  +0.00 theta   +0.0 elt    0 [0mimu  -3.7 Dt 147002 LtCy 73501 integ.govd   +0.00   +0.00 integ.vbp +0.00 +0.00 omni.gos X     -0.0 ,Y     -0.0. omgD -0.003 omg  +0.00 loop   2469
[0mBatt=23.4 [0m[33mODOM [31mVisionX  +0.00 Y  +0.00 theta   +0.0 elt    0 [0mimu  -3.8 Dt 147018 LtCy 73509 integ.govd   +0.00   +0.00 integ.vbp +0.00 +0.00 omni.gos X     -0.0 ,Y     -0.1. omgD -0.009 omg  +0.00 loop   5149
[0mBatt=23.4 [0m[33mODOM [31mVisionX  +0.00 Y  +0.00 theta   +0.0 elt    0 [0mimu  -3.8 Dt 147034 LtCy 73517 integ.govd   +0.00   +0.00 integ.vbp +0.00 +0.00 omni.gos X     -0.0 ,Y     -0.1. omgD -0.009 omg  +0.00 loop   5152
[0mBatt=23.4 [0m[33mODOM [31mVisionX  +0.00 Y  +0.00 theta   +0.0 elt    0 [0mimu  -3.8 Dt 147050 LtCy 73525 integ.govd   +0.00   +0.00 integ.vbp +0.00 +0.00 omni.gos X     -0.0 ,Y     -0.1. omgD -0.005 omg  +0.00 loop   5123
[0mBatt=23.4 [0m[33mODOM [31mVisionX  +0.00 Y  +0.00 theta   +0.0 elt    0 [0mimu  -3.8 Dt 147066 LtCy 73533 integ.govd   +0.00   +0.00 integ.vbp +0.00 +0.00 omni.gos X     +0.0 ,Y     -0.0. omgD -0.003 omg  +0.00 loop   5143
[0mBatt=23.4 [0m[33mODOM [31mVisionX  +0.00 Y  +0.00 theta   +0.0 elt    0 [0mimu  -3.8 Dt 147082 LtCy 73541 integ.govd   +0.00   +0.00 integ.vbp +0.00 +0.00 omni.gos X     +0.0 ,Y     -0.0. omgD -0.001 omg  +0.00 loop   5154
[0mBatt=23.4 [0m[33mODOM [31mVisionX  +0.00 Y  +0.00 theta   +0.0 elt    0 [0mimu  -3.8 Dt 147098 LtCy 73549 integ.govd   +0.00   +0.00 integ.vbp +0.00 +0.00 omni.gos X     +0.0 ,Y     -0.0. omgD -0.001 omg  +0.00 loop   5150
[0mBatt=23.4 [0m[33mODOM [31mVisionX  +0.00 Y  +0.00 theta   +0.0 elt    0 [0mimu  -3.8 Dt 147114 LtCy 73557 integ.govd   +0.00   +0.00 integ.vbp +0.00 +0.00 omni.gos X     -0.0 ,Y     -0.1. omgD -0.005 omg  +0.00 loop   5127
[0mBatt=23.4 [0m[33mODOM [31mVisionX  +0.00 Y  +0.00 theta   +0.0 elt    0 [0mimu  -3.8 Dt 147130 LtCy 73565 integ.govd   +0.00   +0.00 integ.vbp +0.00 +0.00 omni.gos X     +0.0 ,Y     -0.0. omgD -0.001 omg  +0.00 loop   5150
[0mBatt=23.4 [0m[33mODOM [31mVisionX  +0.00 Y  +0.00 theta   +0.0 elt    0 [0mimu  -3.8 Dt 147146 LtCy 73573 integ.govd   +0.00   +0.00 integ.vbp +0.00 +0.00 omni.gos X     -0.0 ,Y     -0.1. omgD -0.009 omg  +0.00 loop   5152
[0mBatt=23.4 [0m[33mODOM [31mVisionX  +0.00 Y  +0.00 theta   +0.0 elt    0 [0mimu  -3.8 Dt 147162 LtCy 73581 integ.govd   +0.00   +0.00 integ.vbp +0.00 +0.00 omni.gos X     +0.0 ,Y     +0.0. omgD +0.004 omg  +0.00 loop   5120
[0mBatt=23.4 [0m[33mODOM [31mVisionX  +0.00 Y  +0.00 theta   +0.0 elt    0 [0mimu  -3.8 Dt 147178 LtCy 73589 integ.govd   +0.00   +0.00 integ.vbp +0.00 +0.00 omni.gos X     +0.0 ,Y     -0.1. omgD -0.005 omg  +0.00 loop   5154
[0mBatt=23.4 [0m[33mODOM [31mVisionX  +0.00 Y  +0.00 theta   +0.0 elt    0 [0mimu  -3.8 Dt 147194 LtCy 73597 integ.govd   +0.00   +0.00 integ.vbp +0.00 +0.00 omni.gos X     -0.0 ,Y     -0.1. omgD -0.009 omg  +0.00 loop   5156
[0mBatt=23.4 [0m[33mODOM [31mVisionX  +0.00 Y  +0.00 theta   +0.0 elt    0 [0mimu  -3.8 Dt 147210 LtCy 73605 integ.govd   +0.00   +0.00 integ.vbp +0.00 +0.00 omni.gos X     +0.0 ,Y     -0.1. omgD -0.005 omg  +0.00 loop   5125
[0mBatt=23.4 [0m[33mODOM [31mVisionX  +0.00 Y  +0.00 theta   +0.0 elt    0 [0mimu  -3.8 Dt 147226 LtCy 73613 integ.govd   +0.00   +0.00 integ.vbp +0.00 +0.00 omni.gos X     +0.0 ,Y     -0.0. omgD -0.001 omg  +0.00 loop   5147
[0mBatt=23.3 [0m[33mODOM [31mVisionX  +0.00 Y  +0.00 theta   +0.0 elt    0 [0mimu  -3.8 Dt 147242 LtCy 73621 integ.govd   +0.00   +0.00 integ.vbp +0.00 +0.00 omni.gos X     -0.0 ,Y     -0.1. omgD -0.009 omg  +0.00 loop   5159
[0mBatt=23.3 [0m[33mODOM [31mVisionX  +0.00 Y  +0.00 theta   +0.0 elt    0 [0mimu  -3.8 Dt 147258 LtCy 73629 integ.govd   +0.00   +0.00 integ.vbp +0.00 +0.00 omni.gos X     +0.0 ,Y     -0.0. omgD -0.001 omg  +0.00 loop   5130
[0mBatt=23.3 [0m[33mODOM [31mVisionX  +0.00 Y  +0.00 theta   +0.0 elt    0 [0mimu  -3.8 Dt 147274 LtCy 73637 integ.govd   +0.00   +0.00 integ.vbp +0.00 +0.00 omni.gos X     +0.0 ,Y     -0.0. omgD -0.001 omg  +0.00 loop   5142
[0mBatt=23.3 [0m[33mODOM [31mVisionX  +0.00 Y  +0.00 theta   +0.0 elt    0 [0mimu  -3.8 Dt 147290 LtCy 73645 integ.govd   +0.00   +0.00 integ.vbp +0.00 +0.00 omni.gos X     +0.0 ,Y     -0.0. omgD -0.001 omg  +0.00 loop   5156
[0mBatt=23.3 [0m[33mODOM [31mVisionX  +0.00 Y  +0.00 theta   +0.0 elt    0 [0mimu  -3.8 Dt 147306 LtCy 73653 integ.govd   +0.00   +0.00 integ.vbp +0.00 +0.00 omni.gos X     +0.0 ,Y     +0.0. omgD +0.004 omg  +0.00 loop   5151
[0mBatt=23.3 [0m[33mODOM [31mVisionX  +0.00 Y  +0.00 theta   +0.0 elt    0 [0mimu  -3.8 Dt 147322 LtCy 73661 integ.govd   +0.00   +0.00 integ.vbp +0.00 +0.00 omni.gos X     -0.0 ,Y     -0.1. omgD -0.009 omg  +0.00 loop   5128
[0mBatt=23.4 [0m[33mODOM [31mVisionX  +0.00 Y  +0.00 theta   +0.0 elt    0 [0mimu  -3.8 Dt 147338 LtCy 73669 integ.govd   +0.00   +0.00 integ.vbp +0.00 +0.00 omni.gos X     -0.0 ,Y     -0.2. omgD -0.013 omg  +0.00 loop   4683
[0mBatt=23.4 [0m[33mODOM [31mVisionX  +0.00 Y  +0.00 theta   +0.0 elt    0 [0mimu  -3.8 Dt 147354 LtCy 73677 integ.govd   +0.00   +0.00 integ.vbp +0.00 +0.00 omni.gos X     -0.0 ,Y     -0.1. omgD -0.009 omg  +0.00 loop   4607
[0mBatt=23.4 [0m[33mODOM [31mVisionX  +0.00 Y  +0.00 theta   +0.0 elt    0 [0mimu  -3.8 Dt 147370 LtCy 73685 integ.govd   +0.00   +0.00 integ.vbp +0.00 +0.00 omni.gos X     -0.0 ,Y     -0.0. omgD -0.001 omg  +0.00 loop   4579
[0mBatt=23.4 [0m[33mODOM [31mVisionX  +0.00 Y  +0.00 theta   +0.0 elt    0 [0mimu  -3.8 Dt 147386 LtCy 73693 integ.govd   +0.00   +0.00 integ.vbp +0.00 +0.00 omni.gos X     -0.0 ,Y     -0.1. omgD -0.005 omg  +0.00 loop   4605
[0mBatt=23.4 [0m[33mODOM [31mVisionX  +0.00 Y  +0.00 theta   +0.0 elt    0 [0mimu  -3.8 Dt 147402 LtCy 73701 integ.govd   +0.00   +0.00 integ.vbp +0.00 +0.00 omni.gos X     +0.0 ,Y     +0.0. omgD +0.004 omg  +0.00 loop   4608
[0mBatt=23.4 [0m[33mODOM [31mVisionX  +0.00 Y  +0.00 theta   +0.0 elt    0 [0mimu  -3.8 Dt 147418 LtCy 73709 integ.govd   +0.00   +0.00 integ.vbp +0.00 +0.00 omni.gos X     +0.0 ,Y     +0.1. omgD +0.004 omg  +0.00 loop   4591
[0mBatt=23.4 [0m[33mODOM [31mVisionX  +0.00 Y  +0.00 theta   +0.0 elt    0 [0mimu  -3.8 Dt 147434 LtCy 73717 integ.govd   +0.00   +0.00 integ.vbp +0.00 +0.00 omni.gos X     -0.0 ,Y     -0.1. omgD -0.009 omg  +0.00 loop   4598
[0mBatt=23.4 [0m[33mODOM [31mVisionX  +0.00 Y  +0.00 theta   +0.0 elt    0 [0mimu  -3.8 Dt 147450 LtCy 73725 integ.govd   +0.00   +0.00 integ.vbp +0.00 +0.00 omni.gos X     +0.0 ,Y     -0.0. omgD -0.001 omg  +0.00 loop   4603
[0mBatt=23.4 [0m[33mODOM [31mVisionX  +0.00 Y  +0.00 theta   +0.0 elt    0 [0mimu  -3.8 Dt 147466 LtCy 73733 integ.govd   +0.00   +0.00 integ.vbp +0.00 +0.00 omni.gos X     -0.0 ,Y     -0.1. omgD -0.005 omg  +0.00 loop   4615
[0mBatt=23.4 [0m[33mODOM [31mVisionX  +0.00 Y  +0.00 theta   +0.0 elt    0 [0mimu  -3.8 Dt 147482 LtCy 73741 integ.govd   +0.00   +0.00 integ.vbp +0.00 +0.00 omni.gos X     -0.0 ,Y     -0.1. omgD -0.009 omg  +0.00 loop   4586
[0mBatt=23.4 [0m[33mODOM [31mVisionX  +0.00 Y  +0.00 theta   +0.0 elt    0 [0mimu  -3.8 Dt    4 LtCy    2 integ.govd   -0.00   -0.00 integ.vbp -0.00 -0.00 omni.gos X     -0.0 ,Y     -0.1. omgD -0.005 omg  +0.00 loop   4538
[0mBatt=23.4 [0m[33mODOM [31mVisionX  +0.00 Y  +0.00 theta   +0.0 elt    0 [0mimu  -3.8 Dt    4 LtCy    2 integ.govd   +0.00   -0.00 integ.vbp +0.00 -0.00 omni.gos X     +0.0 ,Y     -0.0. omgD -0.001 omg  +0.00 loop   4485
[0mBatt=23.4 [0m[33mODOM [31mVisionX  +0.00 Y  +0.00 theta   +0.0 elt    0 [0mimu  -3.8 Dt    4 LtCy    2 integ.govd   +0.00   -0.00 integ.vbp +0.00 -0.00 omni.gos X     +0.0 ,Y     -0.0. omgD -0.001 omg  +0.00 loop   4483
[0mBatt=23.4 [0m[33mODOM [31mVisionX  +0.00 Y  +0.00 theta   +0.0 elt    0 [0mimu  -3.8 Dt    6 LtCy    3 integ.govd   -0.00   -0.00 integ.vbp -0.00 -0.00 omni.gos X     -0.0 ,Y     -0.1. omgD -0.009 omg  +0.00 loop   4516
[0mBatt=23.4 [0m[33mODOM [31mVisionX  +0.00 Y  +0.00 theta   +0.0 elt    0 [0mimu  -3.8 Dt    8 LtCy    4 integ.govd   -0.00   -0.00 integ.vbp -0.00 -0.00 omni.gos X     +0.0 ,Y     -0.0. omgD -0.001 omg  +0.00 loop   4499
[0mBatt=23.4 [0m[33mODOM [31mVisionX  +0.00 Y  +0.00 theta   +0.0 elt    0 [0mimu  -3.8 Dt    8 LtCy    4 integ.govd   -0.00   -0.00 integ.vbp -0.00 -0.00 omni.gos X     +0.0 ,Y     -0.0. omgD -0.001 omg  +0.00 loop   4478
[0mBatt=23.4 [0m[33mODOM [31mVisionX  +0.00 Y  +0.00 theta   +0.0 elt    0 [0mimu  -3.8 Dt   10 LtCy    5 integ.govd   +0.00   -0.00 integ.vbp +0.00 -0.00 omni.gos X     -0.0 ,Y     -0.1. omgD -0.005 omg  +0.00 loop   4500
[0mBatt=23.4 [0m[33mODOM [31mVisionX  +0.00 Y  +0.00 theta   +0.0 elt    0 [0mimu  -3.8 Dt   12 LtCy    6 integ.govd   -0.00   -0.00 integ.vbp -0.00 -0.00 omni.gos X     -0.0 ,Y     -0.1. omgD -0.009 omg  +0.00 loop   4519
[0mBatt=23.4 [0m[33mODOM [31mVisionX  +0.00 Y  +0.00 theta   +0.0 elt    0 [0mimu  -3.8 Dt   12 LtCy    6 integ.govd   -0.00   -0.00 integ.vbp -0.00 -0.00 omni.gos X     +0.0 ,Y     -0.0. omgD -0.001 omg  +0.00 loop   4471
[0mBatt=23.4 [0m[33mODOM [31mVisionX  +0.00 Y  +0.00 theta   +0.0 elt    0 [0mimu  -3.8 Dt   12 LtCy    6 integ.govd   -0.00   -0.00 integ.vbp -0.00 -0.00 omni.gos X     -0.0 ,Y     -0.1. omgD -0.009 omg  +0.00 loop   4480
[0mBatt=23.4 [0m[33mODOM [31mVisionX  +0.00 Y  +0.00 theta   +0.0 elt    0 [0mimu  -3.8 Dt    0 LtCy    0 integ.govd   +0.00   +0.00 integ.vbp +0.00 +0.00 omni.gos X     -0.0 ,Y     -0.1. omgD -0.009 omg  +0.00 loop   4434
[0mBatt=23.4 [0m[33mODOM [31mVisionX  +0.00 Y  +0.00 theta   +0.0 elt    0 [0mimu  -3.8 Dt    0 LtCy    0 integ.govd   +0.00   +0.00 integ.vbp +0.00 +0.00 omni.gos X     +0.0 ,Y     -0.0. omgD -0.001 omg  +0.00 loop   4520
[0mBatt=23.4 [0m[33mODOM [31mVisionX  +0.00 Y  +0.00 theta   +0.0 elt    0 [0mimu  -3.8 Dt    0 LtCy    0 integ.govd   +0.00   +0.00 integ.vbp +0.00 +0.00 omni.gos X     +0.0 ,Y     -0.0. omgD -0.001 omg  +0.00 loop   4511
[0mBatt=23.4 [0m[33mODOM [31mVisionX  +0.00 Y  +0.00 theta   +0.0 elt    0 [0mimu  -3.8 Dt    2 LtCy    1 integ.govd   +0.00   -0.00 integ.vbp +0.00 -0.00 omni.gos X     +0.0 ,Y     -0.0. omgD -0.001 omg  +0.00 loop   4538
[0mBatt=23.4 [0m[33mODOM [31mVisionX  +0.00 Y  +0.00 theta   +0.0 elt    0 [0mimu  -3.8 Dt    4 LtCy    2 integ.govd   -0.00   -0.00 integ.vbp -0.00 -0.00 omni.gos X     -0.0 ,Y     -0.1. omgD -0.005 omg  +0.00 loop   4519
[0mBatt=23.4 [0m[33mODOM [31mVisionX  +0.00 Y  +0.00 theta   +0.0 elt    0 [0mimu  -3.8 Dt    4 LtCy    2 integ.govd   -0.00   -0.00 integ.vbp -0.00 -0.00 omni.gos X     +0.0 ,Y     -0.1. omgD -0.005 omg  +0.00 loop   4467
[0mBatt=23.4 [0m[33mODOM [31mVisionX  +0.00 Y  +0.00 theta   +0.0 elt    0 [0mimu  -3.8 Dt    6 LtCy    3 integ.govd   -0.00   -0.00 integ.vbp -0.00 -0.00 omni.gos X     -0.0 ,Y     -0.1. omgD -0.009 omg  +0.00 loop   4506
[0mBatt=23.3 [0m[33mODOM [31mVisionX  +0.00 Y  +0.00 theta   +0.0 elt    0 [0mimu  -3.8 Dt    6 LtCy    3 integ.govd   -0.00   -0.00 integ.vbp -0.00 -0.00 omni.gos X     -0.0 ,Y     -0.1. omgD -0.009 omg  +0.00 loop   4488
[0mBatt=23.3 [0m[33mODOM [31mVisionX  +0.00 Y  +0.00 theta   +0.0 elt    0 [0mimu  -3.8 Dt    8 LtCy    4 integ.govd   -0.00   -0.00 integ.vbp -0.00 -0.00 omni.gos X     +0.0 ,Y     -0.1. omgD -0.005 omg  +0.00 loop   4482
[0mBatt=23.3 [0m[33mODOM [31mVisionX  +0.00 Y  +0.00 theta   +0.0 elt    0 [0mimu  -3.8 Dt    8 LtCy    4 integ.govd   +0.00   +0.00 integ.vbp +0.00 +0.00 omni.gos X     +0.0 ,Y     +0.1. omgD +0.008 omg  +0.00 loop   4491
[0mBatt=23.3 [0m[33mODOM [31mVisionX  +0.00 Y  +0.00 theta   +0.0 elt    0 [0mimu  -3.8 Dt   10 LtCy    5 integ.govd   +0.00   +0.00 integ.vbp +0.00 +0.00 omni.gos X     +0.0 ,Y     -0.0. omgD -0.001 omg  +0.00 loop   4498
[0mBatt=23.3 [0m[33mODOM [31mVisionX  +0.00 Y  +0.00 theta   +0.0 elt    0 [0mimu  -3.8 Dt   10 LtCy    5 integ.govd   -0.00   -0.00 integ.vbp -0.00 -0.00 omni.gos X     +0.0 ,Y     -0.0. omgD -0.001 omg  +0.00 loop   4494
[0mBatt=23.3 [0m[33mODOM [31mVisionX  +0.00 Y  +0.00 theta   +0.0 elt    0 [0mimu  -3.8 Dt   12 LtCy    6 integ.govd   -0.00   -0.00 integ.vbp -0.00 -0.00 omni.gos X     +0.0 ,Y     -0.1. omgD -0.005 omg  +0.00 loop   4491
[0mBatt=23.3 [0m[33mODOM [31mVisionX  +0.00 Y  +0.00 theta   +0.0 elt    0 [0mimu  -3.8 Dt   14 LtCy    7 integ.govd   -0.00   -0.00 integ.vbp -0.00 -0.00 omni.gos X     +0.0 ,Y     -0.0. omgD -0.001 omg  +0.00 loop   4476
[0mBatt=23.3 [0m[33mODOM [31mVisionX  +0.00 Y  +0.00 theta   +0.0 elt    0 [0mimu  -3.8 Dt    0 LtCy    0 integ.govd   +0.00   +0.00 integ.vbp +0.00 +0.00 omni.gos X     -0.0 ,Y     -0.0. omgD -0.001 omg  +0.00 loop   4425
[0mBatt=23.3 [0m[33mODOM [31mVisionX  +0.00 Y  +0.00 theta   +0.0 elt    0 [0mimu  -3.8 Dt    0 LtCy    0 integ.govd   +0.00   +0.00 integ.vbp +0.00 +0.00 omni.gos X     +0.0 ,Y     -0.0. omgD -0.001 omg  +0.00 loop   4493
[0mBatt=23.4 [0m[33mODOM [31mVisionX  +0.00 Y  +0.00 theta   +0.0 elt    0 [0mimu  -3.8 Dt    2 LtCy    1 integ.govd   -0.00   -0.00 integ.vbp -0.00 -0.00 omni.gos X     -0.0 ,Y     -0.1. omgD -0.009 omg  +0.00 loop   4537
[0mBatt=23.4 [0m[33mODOM [31mVisionX  +0.00 Y  +0.00 theta   +0.0 elt    0 [0mimu  -3.8 Dt    2 LtCy    1 integ.govd   -0.00   -0.00 integ.vbp -0.00 -0.00 omni.gos X     -0.0 ,Y     -0.1. omgD -0.005 omg  +0.00 loop   4498
[0mBatt=23.4 [0m[33mODOM [31mVisionX  +0.00 Y  +0.00 theta   +0.0 elt    0 [0mimu  -3.8 Dt    4 LtCy    2 integ.govd   +0.00   +0.00 integ.vbp +0.00 +0.00 omni.gos X     +0.0 ,Y     +0.0. omgD +0.004 omg  +0.00 loop   4478
[0mBatt=23.4 [0m[33mODOM [31mVisionX  +0.00 Y  +0.00 theta   +0.0 elt    0 [0mimu  -3.8 Dt    6 LtCy    3 integ.govd   -0.00   -0.00 integ.vbp -0.00 -0.00 omni.gos X     +0.0 ,Y     -0.1. omgD -0.005 omg  +0.00 loop   4504
[0mBatt=23.4 [0m[33mODOM [31mVisionX  +0.00 Y  +0.00 theta   +0.0 elt    0 [0mimu  -3.8 Dt    6 LtCy    3 integ.govd   -0.00   -0.00 integ.vbp -0.00 -0.00 omni.gos X     -0.0 ,Y     -0.1. omgD -0.005 omg  +0.00 loop   4504
[0mBatt=23.4 [0m[33mODOM [31mVisionX  +0.00 Y  +0.00 theta   +0.0 elt    0 [0mimu  -3.8 Dt    8 LtCy    4 integ.govd   -0.00   -0.00 integ.vbp -0.00 -0.00 omni.gos X     -0.0 ,Y     -0.2. omgD -0.013 omg  +0.00 loop   4486
[0mBatt=23.4 [0m[33mODOM [31mVisionX  +0.00 Y  +0.00 theta   +0.0 elt    0 [0mimu  -3.8 Dt    0 LtCy    0 integ.govd   +0.00   +0.00 integ.vbp +0.00 +0.00 omni.gos X     -0.0 ,Y     -0.1. omgD -0.009 omg  +0.00 loop   2098
[0mBatt=23.4 [0m[33mODOM [31mVisionX  +0.00 Y  +0.00 theta   +0.0 elt    0 [0mimu  -3.8 Dt    0 LtCy    0 integ.govd   +0.00   +0.00 integ.vbp +0.00 +0.00 omni.gos X     -0.0 ,Y     -0.1. omgD -0.009 omg  +0.00 loop   4521
[0mBatt=23.4 [0m[33mODOM [31mVisionX  +0.00 Y  +0.00 theta   +0.0 elt    0 [0mimu  -3.8 Dt    2 LtCy    1 integ.govd   +0.00   -0.00 integ.vbp +0.00 -0.00 omni.gos X     +0.0 ,Y     -0.0. omgD -0.001 omg  +0.00 loop   4525
[0mBatt=23.3 [0m[33mODOM [31mVisionX  +0.00 Y  +0.00 theta   +0.0 elt    0 [0mimu  -3.8 Dt    2 LtCy    1 integ.govd   +0.00   +0.00 integ.vbp +0.00 +0.00 omni.gos X     +0.0 ,Y     +0.0. omgD +0.004 omg  +0.00 loop   4498
[0mBatt=23.3 [0m[33mODOM [31mVisionX  +0.00 Y  +0.00 theta   +0.0 elt    0 [0mimu  -3.8 Dt    4 LtCy    2 integ.govd   -0.00   -0.00 integ.vbp -0.00 -0.00 omni.gos X     -0.0 ,Y     -0.1. omgD -0.005 omg  +0.00 loop   4518
[0mBatt=23.3 [0m[33mODOM [31mVisionX  +0.00 Y  +0.00 theta   +0.0 elt    0 [0mimu  -3.8 Dt    6 LtCy    3 integ.govd   +0.00   -0.00 integ.vbp +0.00 -0.00 omni.gos X     +0.0 ,Y     -0.0. omgD -0.001 omg  +0.00 loop   4499
[0mBatt=23.3 [0m[33mODOM [31mVisionX  +0.00 Y  +0.00 theta   +0.0 elt    0 [0mimu  -3.8 Dt    6 LtCy    3 integ.govd   -0.00   -0.00 integ.vbp -0.00 -0.00 omni.gos X     +0.0 ,Y     -0.1. omgD -0.005 omg  +0.00 loop   4497
[0mBatt=23.3 [0m[33mODOM [31mVisionX  +0.00 Y  +0.00 theta   +0.0 elt    0 [0mimu  -3.8 Dt    8 LtCy    4 integ.govd   +0.00   -0.00 integ.vbp +0.00 -0.00 omni.gos X     +0.0 ,Y     -0.0. omgD -0.001 omg  +0.00 loop   4490
[0mBatt=23.3 [0m[33mODOM [31mVisionX  +0.00 Y  +0.00 theta   +0.0 elt    0 [0mimu  -3.8 Dt    8 LtCy    4 integ.govd   -0.00   -0.00 integ.vbp -0.00 -0.00 omni.gos X     +0.0 ,Y     -0.1. omgD -0.005 omg  +0.00 loop   4520
[0mBatt=23.3 [0m[33mODOM [31mVisionX  +0.00 Y  +0.00 theta   +0.0 elt    0 [0mimu  -3.8 Dt   10 LtCy    5 integ.govd   -0.00   -0.00 integ.vbp -0.00 -0.00 omni.gos X     -0.0 ,Y     -0.2. omgD -0.013 omg  +0.00 loop   4494
[0mBatt=23.3 [0m[33mODOM [31mVisionX  +0.00 Y  +0.00 theta   +0.0 elt    0 [0mimu  -3.8 Dt   10 LtCy    5 integ.govd   -0.00   -0.00 integ.vbp -0.00 -0.00 omni.gos X     +0.0 ,Y     -0.1. omgD -0.005 omg  +0.00 loop   4471
[0mBatt=23.3 [0m[33mODOM [31mVisionX  +0.00 Y  +0.00 theta   +0.0 elt    0 [0mimu  -3.8 Dt   12 LtCy    6 integ.govd   -0.00   -0.00 integ.vbp -0.00 -0.00 omni.gos X     -0.0 ,Y     -0.1. omgD -0.005 omg  +0.00 loop   4508
[0mBatt=23.3 [0m[33mODOM [31mVisionX  +0.00 Y  +0.00 theta   +0.0 elt    0 [0mimu  -3.8 Dt   14 LtCy    7 integ.govd   -0.00   -0.00 integ.vbp -0.00 -0.00 omni.gos X     +0.0 ,Y     -0.0. omgD -0.003 omg  +0.00 loop   4487
[0mBatt=23.3 [0m[33mODOM [31mVisionX  +0.00 Y  +0.00 theta   +0.0 elt    0 [0mimu  -3.8 Dt    0 LtCy    0 integ.govd   +0.00   +0.00 integ.vbp +0.00 +0.00 omni.gos X     +0.0 ,Y     -0.0. omgD -0.003 omg  +0.00 loop   4407
[0mBatt=23.3 [0m[33mODOM [31mVisionX  +0.00 Y  +0.00 theta   +0.0 elt    0 [0mimu  -3.8 Dt    0 LtCy    0 integ.govd   +0.00   +0.00 integ.vbp +0.00 +0.00 omni.gos X     +0.0 ,Y     +0.0. omgD +0.002 omg  +0.00 loop   4527
[0mBatt=23.4 [0m[33mODOM [31mVisionX  +0.00 Y  +0.00 theta   +0.0 elt    0 [0mimu  -3.8 Dt    2 LtCy    1 integ.govd   +0.00   -0.00 integ.vbp +0.00 -0.00 omni.gos X     +0.0 ,Y     -0.0. omgD -0.003 omg  +0.00 loop   4530
[0mBatt=23.4 [0m[33mODOM [31mVisionX  +0.00 Y  +0.00 theta   +0.0 elt    0 [0mimu  -3.8 Dt    2 LtCy    1 integ.govd   +0.00   +0.00 integ.vbp +0.00 +0.00 omni.gos X     +0.0 ,Y     +0.0. omgD +0.002 omg  +0.00 loop   4499
[0mBatt=23.4 [0m[33mODOM [31mVisionX  +0.00 Y  +0.00 theta   +0.0 elt    0 [0mimu  -3.8 Dt    2 LtCy    1 integ.govd   +0.00   -0.00 integ.vbp +0.00 -0.00 omni.gos X     +0.0 ,Y     -0.0. omgD -0.003 omg  +0.00 loop   4514
[0mBatt=23.4 [0m[33mODOM [31mVisionX  +0.00 Y  +0.00 theta   +0.0 elt    0 [0mimu  -3.8 Dt    6 LtCy    3 integ.govd   -0.00   -0.00 integ.vbp -0.00 -0.00 omni.gos X     -0.0 ,Y     -0.1. omgD -0.007 omg  +0.00 loop   4518
[0mBatt=23.4 [0m[33mODOM [31mVisionX  +0.00 Y  +0.00 theta   +0.0 elt    0 [0mimu  -3.8 Dt    6 LtCy    3 integ.govd   +0.00   -0.00 integ.vbp +0.00 -0.00 omni.gos X     +0.0 ,Y     -0.0. omgD -0.003 omg  +0.00 loop   4478
[0mBatt=23.4 [0m[33mODOM [31mVisionX  +0.00 Y  +0.00 theta   +0.0 elt    0 [0mimu  -3.8 Dt    8 LtCy    4 integ.govd   -0.00   -0.00 integ.vbp -0.00 -0.00 omni.gos X     +0.0 ,Y     -0.1. omgD -0.005 omg  +0.00 loop   4507
[0mBatt=23.4 [0m[33mODOM [31mVisionX  +0.00 Y  +0.00 theta   +0.0 elt    0 [0mimu  -3.8 Dt    8 LtCy    4 integ.govd   -0.00   -0.00 integ.vbp -0.00 -0.00 omni.gos X     -0.0 ,Y     -0.0. omgD -0.001 omg  +0.00 loop   4497
[0mBatt=23.4 [0m[33mODOM [31mVisionX  +0.00 Y  +0.00 theta   +0.0 elt    0 [0mimu  -3.8 Dt    8 LtCy    4 integ.govd   -0.00   -0.00 integ.vbp -0.00 -0.00 omni.gos X     -0.0 ,Y     -0.1. omgD -0.007 omg  +0.00 loop   4485
[0mBatt=23.4 [0m[33mODOM [31mVisionX  +0.00 Y  +0.00 theta   +0.0 elt    0 [0mimu  -3.8 Dt   10 LtCy    5 integ.govd   -0.00   -0.00 integ.vbp -0.00 -0.00 omni.gos X     -0.0 ,Y     -0.0. omgD -0.003 omg  +0.00 loop   4476
[0mBatt=23.4 [0m[33mODOM [31mVisionX  +0.00 Y  +0.00 theta   +0.0 elt    0 [0mimu  -3.8 Dt   12 LtCy    6 integ.govd   -0.00   -0.00 integ.vbp -0.00 -0.00 omni.gos X     -0.0 ,Y     -0.1. omgD -0.007 omg  +0.00 loop   4502
[0mBatt=23.4 [0m[33mODOM [31mVisionX  +0.00 Y  +0.00 theta   +0.0 elt    0 [0mimu  -3.8 Dt   12 LtCy    6 integ.govd   -0.00   -0.00 integ.vbp -0.00 -0.00 omni.gos X     -0.0 ,Y     -0.1. omgD -0.009 omg  +0.00 loop   4499
[0mBatt=23.4 [0m[33mODOM [31mVisionX  +0.00 Y  +0.00 theta   +0.0 elt    0 [0mimu  -3.8 Dt    0 LtCy    0 integ.govd   +0.00   +0.00 integ.vbp +0.00 +0.00 omni.gos X     -0.0 ,Y     -0.0. omgD -0.003 omg  +0.00 loop   4404
[0mBatt=23.4 [0m[33mODOM [31mVisionX  +0.00 Y  +0.00 theta   +0.0 elt    0 [0mimu  -3.8 Dt    0 LtCy    0 integ.govd   +0.00   +0.00 integ.vbp +0.00 +0.00 omni.gos X     +0.0 ,Y     -0.0. omgD -0.001 omg  +0.00 loop   4517
[0mBatt=23.4 [0m[33mODOM [31mVisionX  +0.00 Y  +0.00 theta   +0.0 elt    0 [0mimu  -3.8 Dt    2 LtCy    1 integ.govd   -0.00   -0.00 integ.vbp -0.00 -0.00 omni.gos X     -0.0 ,Y     -0.1. omgD -0.007 omg  +0.00 loop   4534
[0mBatt=23.4 [0m[33mODOM [31mVisionX  +0.00 Y  +0.00 theta   +0.0 elt    0 [0mimu  -3.8 Dt    2 LtCy    1 integ.govd   -0.00   -0.00 integ.vbp -0.00 -0.00 omni.gos X     -0.0 ,Y     -0.0. omgD -0.003 omg  +0.00 loop   4482
[0mBatt=23.4 [0m[33mODOM [31mVisionX  +0.00 Y  +0.00 theta   +0.0 elt    0 [0mimu  -3.8 Dt    2 LtCy    1 integ.govd   -0.00   -0.00 integ.vbp -0.00 -0.00 omni.gos X     -0.0 ,Y     -0.1. omgD -0.007 omg  +0.00 loop   4476
[0mBatt=23.4 [0mODOM [31mVisionX  +0.00 Y  +0.00 theta   +0.0 elt    0 [0mimu  -3.8 Dt    4 LtCy    2 integ.govd   -0.00   -0.00 integ.vbp -0.00 -0.00 omni.gos X     -0.0 ,Y     -0.0. omgD -0.001 omg  +0.00 loop   4512
[0mBatt=23.4 [0mODOM [31mVisionX  +0.00 Y  +0.00 theta   +0.0 elt    0 [0mimu  -3.8 Dt    6 LtCy    3 integ.govd   +0.00   +0.00 integ.vbp +0.00 +0.00 omni.gos X     +0.0 ,Y     +0.0. omgD +0.002 omg  +0.00 loop   4517
[0mBatt=23.4 [0mODOM [31mVisionX  +0.00 Y  +0.00 theta   +0.0 elt    0 [0mimu  -3.8 Dt    8 LtCy    4 integ.govd   -0.00   -0.00 integ.vbp -0.00 -0.00 omni.gos X     -0.0 ,Y     -0.1. omgD -0.009 omg  +0.00 loop   4505
[0mBatt=23.4 [0mODOM [31mVisionX  +0.00 Y  +0.00 theta   +0.0 elt    0 [0mimu  -3.8 Dt    8 LtCy    4 integ.govd   -0.00   -0.00 integ.vbp -0.00 -0.00 omni.gos X     +0.0 ,Y     +0.0. omgD +0.004 omg  +0.00 loop   4532
[0mBatt=23.4 [0mODOM [31mVisionX  +0.00 Y  +0.00 theta   +0.0 elt    0 [0mimu  -3.8 Dt   10 LtCy    5 integ.govd   -0.00   -0.00 integ.vbp -0.00 -0.00 omni.gos X     +0.0 ,Y     +0.0. omgD +0.004 omg  +0.00 loop   4528
[0mBatt=23.4 [0mODOM [31mVisionX  +0.00 Y  +0.00 theta   +0.0 elt    0 [0mimu  -3.8 Dt   10 LtCy    5 integ.govd   -0.00   -0.00 integ.vbp -0.00 -0.00 omni.gos X     -0.0 ,Y     -0.1. omgD -0.005 omg  +0.00 loop   4509
[0mBatt=23.4 [0mODOM [31mVisionX  +0.00 Y  +0.00 theta   +0.0 elt    0 [0mimu  -3.8 Dt   10 LtCy    5 integ.govd   +0.00   -0.00 integ.vbp +0.00 -0.00 omni.gos X     +0.0 ,Y     -0.0. omgD -0.001 omg  +0.00 loop   4517
[0mBatt=23.4 [0mODOM [31mVisionX  +0.00 Y  +0.00 theta   +0.0 elt    0 [0mimu  -3.8 Dt   12 LtCy    6 integ.govd   -0.00   -0.00 integ.vbp -0.00 -0.00 omni.gos X     +0.0 ,Y     -0.0. omgD -0.001 omg  +0.00 loop   4537
[0mBatt=23.4 [0mODOM [31mVisionX  +0.00 Y  +0.00 theta   +0.0 elt    0 [0mimu  -3.8 Dt   12 LtCy    6 integ.govd   -0.00   -0.00 integ.vbp -0.00 -0.00 omni.gos X     -0.0 ,Y     -0.1. omgD -0.005 omg  +0.00 loop   4510
[0mBatt=23.4 [0mODOM [31mVisionX  +0.00 Y  +0.00 theta   +0.0 elt    0 [0mimu  -3.8 Dt    0 LtCy    0 integ.govd   +0.00   +0.00 integ.vbp +0.00 +0.00 omni.gos X     +0.0 ,Y     +0.0. omgD +0.004 omg  +0.00 loop   4441
[0mBatt=23.4 [0mODOM [31mVisionX  +0.00 Y  +0.00 theta   +0.0 elt    0 [0mimu  -3.8 Dt    0 LtCy    0 integ.govd   +0.00   +0.00 integ.vbp +0.00 +0.00 omni.gos X     +0.0 ,Y     +0.1. omgD +0.004 omg  +0.00 loop   4556
[0mBatt=23.4 [0mODOM [31mVisionX  +0.00 Y  +0.00 theta   +0.0 elt    0 [0mimu  -3.8 Dt    2 LtCy    1 integ.govd   +0.00   -0.00 integ.vbp +0.00 -0.00 omni.gos X     +0.0 ,Y     -0.0. omgD -0.001 omg  +0.00 loop   4540
[0mBatt=23.4 [0mODOM [31mVisionX  +0.00 Y  +0.00 theta   +0.0 elt    0 [0mimu  -3.8 Dt    2 LtCy    1 integ.govd   +0.00   -0.00 integ.vbp +0.00 -0.00 omni.gos X     +0.0 ,Y     -0.1. omgD -0.009 omg  +0.00 loop   4502
[0mBatt=23.4 [0mODOM [31mVisionX  +0.00 Y  +0.00 theta   +0.0 elt    0 [0mimu  -3.8 Dt    4 LtCy    2 integ.govd   +0.00   +0.00 integ.vbp +0.00 +0.00 omni.gos X     +0.0 ,Y     +0.0. omgD +0.004 omg  +0.00 loop   4554
[0mBatt=23.4 [0mODOM [31mVisionX  +0.00 Y  +0.00 theta   +0.0 elt    0 [0mimu  -3.8 Dt    4 LtCy    2 integ.govd   +0.00   +0.00 integ.vbp +0.00 +0.00 omni.gos X     +0.0 ,Y     +0.0. omgD +0.004 omg  +0.00 loop   4530
[0mBatt=23.4 [0mODOM [31mVisionX  +0.00 Y  +0.00 theta   +0.0 elt    0 [0mimu  -3.8 Dt    6 LtCy    3 integ.govd   +0.00   -0.00 integ.vbp +0.00 -0.00 omni.gos X     +0.0 ,Y     +0.1. omgD +0.008 omg  +0.00 loop   4516
[0mBatt=23.4 [0mODOM [31mVisionX  +0.00 Y  +0.00 theta   +0.0 elt    0 [0mimu  -3.8 Dt    6 LtCy    3 integ.govd   +0.00   +0.00 integ.vbp +0.00 +0.00 omni.gos X     +0.0 ,Y     -0.0. omgD -0.001 omg  +0.00 loop   4543
[0mBatt=23.4 [0mODOM [31mVisionX  +0.00 Y  +0.00 theta   +0.0 elt    0 [0mimu  -3.8 Dt    8 LtCy    4 integ.govd   -0.00   -0.00 integ.vbp -0.00 -0.00 omni.gos X     +0.0 ,Y     -0.0. omgD -0.001 omg  +0.00 loop   4538
[0mBatt=23.4 [0mODOM [31mVisionX  +0.00 Y  +0.00 theta   +0.0 elt    0 [0mimu  -3.8 Dt    8 LtCy    4 integ.govd   +0.00   -0.00 integ.vbp +0.00 -0.00 omni.gos X     +0.0 ,Y     -0.0. omgD -0.001 omg  +0.00 loop   4503
[0mBatt=23.3 [0mODOM [31mVisionX  +0.00 Y  +0.00 theta   +0.0 elt    0 [0mimu  -3.8 Dt   10 LtCy    5 integ.govd   +0.00   +0.00 integ.vbp +0.00 +0.00 omni.gos X     +0.0 ,Y     +0.0. omgD +0.004 omg  +0.00 loop   4538
[0mBatt=23.3 [0mODOM [31mVisionX  +0.00 Y  +0.00 theta   +0.0 elt    0 [0mimu  -3.8 Dt   12 LtCy    6 integ.govd   +0.00   +0.00 integ.vbp +0.00 +0.00 omni.gos X     +0.0 ,Y     -0.0. omgD -0.001 omg  +0.00 loop   4547
[0mBatt=23.3 [0mODOM [31mVisionX  +0.00 Y  +0.00 theta   +0.0 elt    0 [0mimu  -3.8 Dt   12 LtCy    6 integ.govd   +0.00   +0.00 integ.vbp +0.00 +0.00 omni.gos X     +0.0 ,Y     +0.0. omgD +0.004 omg  +0.00 loop   4513
[0mBatt=23.3 [0mODOM [31mVisionX  +0.00 Y  +0.00 theta   +0.0 elt    0 [0mimu  -3.8 Dt   12 LtCy    6 integ.govd   -0.00   -0.00 integ.vbp -0.00 -0.00 omni.gos X     +0.0 ,Y     +0.0. omgD +0.004 omg  +0.00 loop   4453
[0mBatt=23.3 [0mODOM [31mVisionX  +0.00 Y  +0.00 theta   +0.0 elt    0 [0mimu  -3.8 Dt    0 LtCy    0 integ.govd   +0.00   +0.00 integ.vbp +0.00 +0.00 omni.gos X     +0.0 ,Y     -0.0. omgD -0.001 omg  +0.00 loop   4523
[0mBatt=23.4 [0mODOM [31mVisionX  +0.00 Y  +0.00 theta   +0.0 elt    0 [0mimu  -3.8 Dt    0 LtCy    0 integ.govd   +0.00   +0.00 integ.vbp +0.00 +0.00 omni.gos X     +0.0 ,Y     +0.0. omgD +0.004 omg  +0.00 loop   4551
[0mBatt=23.4 [0mODOM [31mVisionX  +0.00 Y  +0.00 theta   +0.0 elt    0 [0mimu  -3.8 Dt    2 LtCy    1 integ.govd   +0.00   +0.00 integ.vbp +0.00 +0.00 omni.gos X     +0.0 ,Y     +0.1. omgD +0.008 omg  +0.00 loop   4526
[0mBatt=23.4 [0mODOM [31mVisionX  +0.00 Y  +0.00 theta   +0.0 elt    0 [0mimu  -3.8 Dt    4 LtCy    2 integ.govd   +0.00   -0.00 integ.vbp +0.00 -0.00 omni.gos X     +0.0 ,Y     -0.0. omgD -0.001 omg  +0.00 loop   4531
[0mBatt=23.4 [0mODOM [31mVisionX  +0.00 Y  +0.00 theta   +0.0 elt    0 [0mimu  -3.8 Dt    4 LtCy    2 integ.govd   +0.00   +0.00 integ.vbp +0.00 +0.00 omni.gos X     +0.0 ,Y     +0.1. omgD +0.008 omg  +0.00 loop   4534
[0mBatt=23.4 [0mODOM [31mVisionX  +0.00 Y  +0.00 theta   +0.0 elt    0 [0mimu  -3.8 Dt    6 LtCy    3 integ.govd   -0.00   -0.00 integ.vbp -0.00 -0.00 omni.gos X     +0.0 ,Y     -0.1. omgD -0.005 omg  +0.00 loop   4501
[0mBatt=23.4 [0mODOM [31mVisionX  +0.00 Y  +0.00 theta   +0.0 elt    0 [0mimu  -3.8 Dt    6 LtCy    3 integ.govd   -0.00   -0.00 integ.vbp -0.00 -0.00 omni.gos X     -0.0 ,Y     -0.1. omgD -0.005 omg  +0.00 loop   4531
[0mBatt=23.4 [0mODOM [31mVisionX  +0.00 Y  +0.00 theta   +0.0 elt    0 [0mimu  -3.8 Dt    6 LtCy    3 integ.govd   +0.00   -0.00 integ.vbp +0.00 -0.00 omni.gos X     +0.0 ,Y     -0.0. omgD -0.001 omg  +0.00 loop   4523
[0mBatt=23.4 [0mODOM [31mVisionX  +0.00 Y  +0.00 theta   +0.0 elt    0 [0mimu  -3.8 Dt    6 LtCy    3 integ.govd   -0.00   -0.00 integ.vbp -0.00 -0.00 omni.gos X     +0.0 ,Y     -0.0. omgD -0.001 omg  +0.00 loop   4520
[0mBatt=23.4 [0mODOM [31mVisionX  +0.00 Y  +0.00 theta   +0.0 elt    0 [0mimu  -3.8 Dt    2 LtCy    1 integ.govd   -0.00   -0.00 integ.vbp -0.00 -0.00 omni.gos X     -0.0 ,Y     -0.1. omgD -0.009 omg  +0.00 loop   2128
[0mBatt=23.4 [0mODOM [31mVisionX  +0.00 Y  +0.00 theta   +0.0 elt    0 [0mimu  -3.8 Dt    2 LtCy    1 integ.govd   +0.00   +0.00 integ.vbp +0.00 +0.00 omni.gos X     +0.0 ,Y     +0.0. omgD +0.004 omg  +0.00 loop   4526
[0mBatt=23.4 [0mODOM [31mVisionX  +0.00 Y  +0.00 theta   +0.0 elt    0 [0mimu  -3.8 Dt    4 LtCy    2 integ.govd   +0.00   -0.00 integ.vbp +0.00 -0.00 omni.gos X     +0.0 ,Y     -0.0. omgD -0.001 omg  +0.00 loop   4524
[0mBatt=23.4 [0mODOM [31mVisionX  +0.00 Y  +0.00 theta   +0.0 elt    0 [0mimu  -3.8 Dt    4 LtCy    2 integ.govd   +0.00   -0.00 integ.vbp +0.00 -0.00 omni.gos X     +0.0 ,Y     -0.0. omgD -0.001 omg  +0.00 loop   4507
[0mBatt=23.4 [0mODOM [31mVisionX  +0.00 Y  +0.00 theta   +0.0 elt    0 [0mimu  -3.8 Dt    6 LtCy    3 integ.govd   -0.00   -0.00 integ.vbp -0.00 -0.00 omni.gos X     +0.0 ,Y     -0.0. omgD -0.001 omg  +0.00 loop   4550
[0mBatt=23.3 [0mODOM [31mVisionX  +0.00 Y  +0.00 theta   +0.0 elt    0 [0mimu  -3.8 Dt    6 LtCy    3 integ.govd   +0.00   +0.00 integ.vbp +0.00 +0.00 omni.gos X     +0.0 ,Y     -0.0. omgD -0.001 omg  +0.00 loop   4526
[0mBatt=23.3 [0mODOM [31mVisionX  +0.00 Y  +0.00 theta   +0.0 elt    0 [0mimu  -3.8 Dt    8 LtCy    4 integ.govd   -0.00   -0.00 integ.vbp -0.00 -0.00 omni.gos X     -0.0 ,Y     -0.1. omgD -0.005 omg  +0.00 loop   4522
[0mBatt=23.3 [0mODOM [31mVisionX  +0.00 Y  +0.00 theta   +0.0 elt    0 [0mimu  -3.8 Dt   10 LtCy    5 integ.govd   -0.00   -0.00 integ.vbp -0.00 -0.00 omni.gos X     -0.0 ,Y     -0.2. omgD -0.013 omg  +0.00 loop   4522
[0mBatt=23.4 [0mODOM [31mVisionX  +0.00 Y  +0.00 theta   +0.0 elt    0 [0mimu  -3.8 Dt   10 LtCy    5 integ.govd   -0.00   -0.00 integ.vbp -0.00 -0.00 omni.gos X     +0.0 ,Y     -0.1. omgD -0.005 omg  +0.00 loop   4518
[0mBatt=23.4 [0mODOM [31mVisionX  +0.00 Y  +0.00 theta   +0.0 elt    0 [0mimu  -3.8 Dt   10 LtCy    5 integ.govd   +0.00   +0.00 integ.vbp +0.00 +0.00 omni.gos X     +0.0 ,Y     +0.0. omgD +0.004 omg  +0.00 loop   4514
[0mBatt=23.4 [0mODOM [31mVisionX  +0.00 Y  +0.00 theta   +0.0 elt    0 [0mimu  -3.8 Dt   12 LtCy    6 integ.govd   +0.00   +0.00 integ.vbp +0.00 +0.00 omni.gos X     +0.0 ,Y     +0.1. omgD +0.008 omg  +0.00 loop   4507
[0mBatt=23.4 [0mODOM [31mVisionX  +0.00 Y  +0.00 theta   +0.0 elt    0 [0mimu  -3.8 Dt   12 LtCy    6 integ.govd   -0.00   -0.00 integ.vbp -0.00 -0.00 omni.gos X     +0.0 ,Y     -0.0. omgD -0.001 omg  +0.00 loop   4524
[0mBatt=23.4 [0mODOM [31mVisionX  +0.00 Y  +0.00 theta   +0.0 elt    0 [0mimu  -3.8 Dt    0 LtCy    0 integ.govd   +0.00   +0.00 integ.vbp +0.00 +0.00 omni.gos X     +0.0 ,Y     -0.0. omgD -0.001 omg  +0.00 loop   4456
[0mBatt=23.3 [0mODOM [31mVisionX  +0.00 Y  +0.00 theta   +0.0 elt    0 [0mimu  -3.8 Dt    2 LtCy    1 integ.govd   +0.00   -0.00 integ.vbp +0.00 -0.00 omni.gos X     +0.0 ,Y     -0.0. omgD -0.001 omg  +0.00 loop   4535
[0mBatt=23.3 [0mODOM [31mVisionX  +0.00 Y  +0.00 theta   +0.0 elt    0 [0mimu  -3.8 Dt    2 LtCy    1 integ.govd   -0.00   -0.00 integ.vbp -0.00 -0.00 omni.gos X     -0.0 ,Y     -0.2. omgD -0.018 omg  +0.00 loop   4544
[0mBatt=23.3 [0mODOM [31mVisionX  +0.00 Y  +0.00 theta   +0.0 elt    0 [0mimu  -3.8 Dt    4 LtCy    2 integ.govd   +0.00   -0.00 integ.vbp +0.00 -0.00 omni.gos X     +0.0 ,Y     -0.0. omgD -0.001 omg  +0.00 loop   4526
[0mBatt=23.3 [0mODOM [31mVisionX  +0.00 Y  +0.00 theta   +0.0 elt    0 [0mimu  -3.8 Dt    4 LtCy    2 integ.govd   -0.00   -0.00 integ.vbp -0.00 -0.00 omni.gos X     +0.0 ,Y     -0.1. omgD -0.005 omg  +0.00 loop   4509
[0mBatt=23.3 [0mODOM [31mVisionX  +0.00 Y  +0.00 theta   +0.0 elt    0 [0mimu  -3.8 Dt    6 LtCy    3 integ.govd   +0.00   +0.00 integ.vbp +0.00 +0.00 omni.gos X     +0.0 ,Y     +0.0. omgD +0.004 omg  +0.00 loop   4537
[0mBatt=23.3 [0mODOM [31mVisionX  +0.00 Y  +0.00 theta   +0.0 elt    0 [0mimu  -3.8 Dt    6 LtCy    3 integ.govd   +0.00   -0.00 integ.vbp +0.00 -0.00 omni.gos X     +0.0 ,Y     -0.0. omgD -0.001 omg  +0.00 loop   4527
[0mBatt=23.3 [0mODOM [31mVisionX  +0.00 Y  +0.00 theta   +0.0 elt    0 [0mimu  -3.8 Dt    6 LtCy    3 integ.govd   -0.00   -0.00 integ.vbp -0.00 -0.00 omni.gos X     +0.0 ,Y     -0.1. omgD -0.005 omg  +0.00 loop   4519
[0mBatt=23.3 [0mODOM [31mVisionX  +0.00 Y  +0.00 theta   +0.0 elt    0 [0mimu  -3.8 Dt    8 LtCy    4 integ.govd   -0.00   -0.00 integ.vbp -0.00 -0.00 omni.gos X     -0.0 ,Y     -0.1. omgD -0.005 omg  +0.00 loop   4523
[0mBatt=23.3 [0mODOM [31mVisionX  +0.00 Y  +0.00 theta   +0.0 elt    0 [0mimu  -3.8 Dt   10 LtCy    5 integ.govd   -0.00   -0.00 integ.vbp -0.00 -0.00 omni.gos X     -0.0 ,Y     -0.1. omgD -0.005 omg  +0.00 loop   4528
[0mBatt=23.3 [0mODOM [31mVisionX  +0.00 Y  +0.00 theta   +0.0 elt    0 [0mimu  -3.8 Dt   12 LtCy    6 integ.govd   +0.00   -0.00 integ.vbp +0.00 -0.00 omni.gos X     +0.0 ,Y     -0.0. omgD -0.001 omg  +0.00 loop   4515
[0mBatt=23.3 [0mODOM [31mVisionX  +0.00 Y  +0.00 theta   +0.0 elt    0 [0mimu  -3.8 Dt   12 LtCy    6 integ.govd   -0.00   -0.00 integ.vbp -0.00 -0.00 omni.gos X     -0.0 ,Y     -0.1. omgD -0.005 omg  +0.00 loop   4522
[0mBatt=23.3 [0mODOM [31mVisionX  +0.00 Y  +0.00 theta   +0.0 elt    0 [0mimu  -3.8 Dt   14 LtCy    7 integ.govd   +0.00   -0.00 integ.vbp +0.00 -0.00 omni.gos X     +0.0 ,Y     -0.1. omgD -0.005 omg  +0.00 loop   4511
[0mBatt=23.4 [0mODOM [31mVisionX  +0.00 Y  +0.00 theta   +0.0 elt    0 [0mimu  -3.8 Dt   14 LtCy    7 integ.govd   -0.00   -0.00 integ.vbp -0.00 -0.00 omni.gos X     -0.0 ,Y     -0.1. omgD -0.009 omg  +0.00 loop   4554
[0mBatt=23.4 [0mODOM [31mVisionX  +0.00 Y  +0.00 theta   +0.0 elt    0 [0mimu  -3.8 Dt    0 LtCy    0 integ.govd   +0.00   +0.00 integ.vbp +0.00 +0.00 omni.gos X     +0.0 ,Y     -0.0. omgD -0.001 omg  +0.00 loop   4423
[0mBatt=23.4 [0mODOM [31mVisionX  +0.00 Y  +0.00 theta   +0.0 elt    0 [0mimu  -3.8 Dt    2 LtCy    1 integ.govd   +0.00   +0.00 integ.vbp +0.00 +0.00 omni.gos X     +0.0 ,Y     +0.0. omgD +0.004 omg  +0.00 loop   4562
[0mBatt=23.4 [0mODOM [31mVisionX  +0.00 Y  +0.00 theta   +0.0 elt    0 [0mimu  -3.8 Dt    4 LtCy    2 integ.govd   -0.00   -0.00 integ.vbp -0.00 -0.00 omni.gos X     -0.0 ,Y     -0.1. omgD -0.009 omg  +0.00 loop   4545
[0mBatt=23.4 [0mODOM [31mVisionX  +0.00 Y  +0.00 theta   +0.0 elt    0 [0mimu  -3.8 Dt    4 LtCy    2 integ.govd   -0.00   -0.00 integ.vbp -0.00 -0.00 omni.gos X     -0.0 ,Y     -0.1. omgD -0.009 omg  +0.00 loop   4502
[0mBatt=23.4 [0mODOM [31mVisionX  +0.00 Y  +0.00 theta   +0.0 elt    0 [0mimu  -3.8 Dt    4 LtCy    2 integ.govd   +0.00   +0.00 integ.vbp +0.00 +0.00 omni.gos X     +0.0 ,Y     +0.1. omgD +0.004 omg  +0.00 loop   4512
[0mBatt=23.4 [0mODOM [31mVisionX  +0.00 Y  +0.00 theta   +0.0 elt    0 [0mimu  -3.8 Dt    6 LtCy    3 integ.govd   +0.00   -0.00 integ.vbp +0.00 -0.00 omni.gos X     +0.0 ,Y     -0.0. omgD -0.001 omg  +0.00 loop   4525
[0mBatt=23.4 [0mODOM [31mVisionX  +0.00 Y  +0.00 theta   +0.0 elt    0 [0mimu  -3.8 Dt    6 LtCy    3 integ.govd   +0.00   +0.00 integ.vbp +0.00 +0.00 omni.gos X     +0.0 ,Y     +0.0. omgD +0.004 omg  +0.00 loop   4528
[0mBatt=23.4 [0mODOM [31mVisionX  +0.00 Y  +0.00 theta   +0.0 elt    0 [0mimu  -3.8 Dt    8 LtCy    4 integ.govd   -0.00   -0.00 integ.vbp -0.00 -0.00 omni.gos X     -0.0 ,Y     -0.1. omgD -0.005 omg  +0.00 loop   4511
[0mBatt=23.4 [0mODOM [31mVisionX  +0.00 Y  +0.00 theta   +0.0 elt    0 [0mimu  -3.8 Dt    8 LtCy    4 integ.govd   -0.00   -0.00 integ.vbp -0.00 -0.00 omni.gos X     -0.0 ,Y     -0.0. omgD -0.001 omg  +0.00 loop   4531
[0mBatt=23.4 [0mODOM [31mVisionX  +0.00 Y  +0.00 theta   +0.0 elt    0 [0mimu  -3.8 Dt   10 LtCy    5 integ.govd   -0.00   -0.00 integ.vbp -0.00 -0.00 omni.gos X     -0.0 ,Y     -0.1. omgD -0.009 omg  +0.00 loop   4519
[0mBatt=23.4 [0mODOM [31mVisionX  +0.00 Y  +0.00 theta   +0.0 elt    0 [0mimu  -3.8 Dt   12 LtCy    6 integ.govd   -0.00   -0.00 integ.vbp -0.00 -0.00 omni.gos X     -0.0 ,Y     -0.1. omgD -0.009 omg  +0.00 loop   4501
[0mBatt=23.4 [0mODOM [31mVisionX  +0.00 Y  +0.00 theta   +0.0 elt    0 [0mimu  -3.8 Dt   12 LtCy    6 integ.govd   -0.00   -0.00 integ.vbp -0.00 -0.00 omni.gos X     -0.0 ,Y     -0.1. omgD -0.009 omg  +0.00 loop   4526
[0mBatt=23.4 [0mODOM [31mVisionX  +0.00 Y  +0.00 theta   +0.0 elt    0 [0mimu  -3.8 Dt   14 LtCy    7 integ.govd   -0.00   -0.00 integ.vbp -0.00 -0.00 omni.gos X     -0.0 ,Y     -0.1. omgD -0.009 omg  +0.00 loop   4519
[0mBatt=23.4 [0mODOM [31mVisionX  +0.00 Y  +0.00 theta   +0.0 elt    0 [0mimu  -3.8 Dt    0 LtCy    0 integ.govd   +0.00   +0.00 integ.vbp +0.00 +0.00 omni.gos X     -0.0 ,Y     -0.1. omgD -0.007 omg  +0.00 loop   4437
[0mBatt=23.4 [0mODOM [31mVisionX  +0.00 Y  +0.00 theta   +0.0 elt    0 [0mimu  -3.8 Dt    0 LtCy    0 integ.govd   +0.00   +0.00 integ.vbp +0.00 +0.00 omni.gos X     -0.0 ,Y     -0.1. omgD -0.007 omg  +0.00 loop   4542
[0mBatt=23.4 [0mODOM [31mVisionX  +0.00 Y  +0.00 theta   +0.0 elt    0 [0mimu  -3.8 Dt    2 LtCy    1 integ.govd   +0.00   -0.00 integ.vbp +0.00 -0.00 omni.gos X     +0.0 ,Y     -0.0. omgD -0.001 omg  +0.00 loop   4559
[0mBatt=23.4 [0mODOM [31mVisionX  +0.00 Y  +0.00 theta   +0.0 elt    0 [0mimu  -3.8 Dt    2 LtCy    1 integ.govd   -0.00   -0.00 integ.vbp -0.00 -0.00 omni.gos X     -0.0 ,Y     -0.0. omgD -0.003 omg  +0.00 loop   4519
[0mBatt=23.4 [0mODOM [31mVisionX  +0.00 Y  +0.00 theta   +0.0 elt    0 [0mimu  -3.8 Dt    4 LtCy    2 integ.govd   -0.00   -0.00 integ.vbp -0.00 -0.00 omni.gos X     -0.0 ,Y     -0.0. omgD -0.003 omg  +0.00 loop   4523
[0mBatt=23.4 [0mODOM [31mVisionX  +0.00 Y  +0.00 theta   +0.0 elt    0 [0mimu  -3.8 Dt    6 LtCy    3 integ.govd   -0.00   -0.00 integ.vbp -0.00 -0.00 omni.gos X     -0.0 ,Y     -0.1. omgD -0.005 omg  +0.00 loop   4529
[0mBatt=23.4 [0mODOM [31mVisionX  +0.00 Y  +0.00 theta   +0.0 elt    0 [0mimu  -3.8 Dt    6 LtCy    3 integ.govd   +0.00   +0.00 integ.vbp +0.00 +0.00 omni.gos X     +0.0 ,Y     +0.0. omgD +0.004 omg  +0.00 loop   4503
[0mBatt=23.4 [0mODOM [31mVisionX  +0.00 Y  +0.00 theta   +0.0 elt    0 [0mimu  -3.8 Dt    8 LtCy    4 integ.govd   +0.00   -0.00 integ.vbp +0.00 -0.00 omni.gos X     +0.0 ,Y     -0.0. omgD -0.001 omg  +0.00 loop   4511
[0mBatt=23.4 [0mODOM [31mVisionX  +0.00 Y  +0.00 theta   +0.0 elt    0 [0mimu  -3.8 Dt    8 LtCy    4 integ.govd   -0.00   -0.00 integ.vbp -0.00 -0.00 omni.gos X     -0.0 ,Y     -0.1. omgD -0.007 omg  +0.00 loop   4541
[0mBatt=23.4 [0mODOM [31mVisionX  +0.00 Y  +0.00 theta   +0.0 elt    0 [0mimu  -3.8 Dt   10 LtCy    5 integ.govd   -0.00   -0.00 integ.vbp -0.00 -0.00 omni.gos X     -0.0 ,Y     -0.1. omgD -0.009 omg  +0.00 loop   4526
[0mBatt=23.4 [0mODOM [31mVisionX  +0.00 Y  +0.00 theta   +0.0 elt    0 [0mimu  -3.8 Dt   10 LtCy    5 integ.govd   -0.00   -0.00 integ.vbp -0.00 -0.00 omni.gos X     +0.0 ,Y     -0.0. omgD -0.003 omg  +0.00 loop   4496
[0mBatt=23.4 [0mODOM [31mVisionX  +0.00 Y  +0.00 theta   +0.0 elt    0 [0mimu  -3.8 Dt   12 LtCy    6 integ.govd   -0.00   -0.00 integ.vbp -0.00 -0.00 omni.gos X     -0.0 ,Y     -0.0. omgD -0.003 omg  +0.00 loop   4539
[0mBatt=23.4 [0mODOM [31mVisionX  +0.00 Y  +0.00 theta   +0.0 elt    0 [0mimu  -3.8 Dt   12 LtCy    6 integ.govd   +0.00   -0.00 integ.vbp +0.00 -0.00 omni.gos X     +0.0 ,Y     -0.0. omgD -0.001 omg  +0.00 loop   4520
[0mBatt=23.4 [0mODOM [31mVisionX  +0.00 Y  +0.00 theta   +0.0 elt    0 [0mimu  -3.8 Dt    0 LtCy    0 integ.govd   +0.00   +0.00 integ.vbp +0.00 +0.00 omni.gos X     -0.0 ,Y     -0.1. omgD -0.009 omg  +0.00 loop   4444
[0mBatt=23.4 [0mODOM [31mVisionX  +0.00 Y  +0.00 theta   +0.0 elt    0 [0mimu  -3.8 Dt    0 LtCy    0 integ.govd   +0.00   +0.00 integ.vbp +0.00 +0.00 omni.gos X     +0.0 ,Y     -0.0. omgD -0.001 omg  +0.00 loop   4554
[0mBatt=23.4 [0mODOM [31mVisionX  +0.00 Y  +0.00 theta   +0.0 elt    0 [0mimu  -3.8 Dt    2 LtCy    1 integ.govd   +0.00   -0.00 integ.vbp +0.00 -0.00 omni.gos X     +0.0 ,Y     -0.0. omgD -0.003 omg  +0.00 loop   4567
[0mBatt=23.4 [0mODOM [31mVisionX  +0.00 Y  +0.00 theta   +0.0 elt    0 [0mimu  -3.8 Dt    2 LtCy    1 integ.govd   +0.00   -0.00 integ.vbp +0.00 -0.00 omni.gos X     +0.0 ,Y     -0.1. omgD -0.005 omg  +0.00 loop   4533
[0mBatt=23.4 [0mODOM [31mVisionX  +0.00 Y  +0.00 theta   +0.0 elt    0 [0mimu  -3.8 Dt    2 LtCy    1 integ.govd   +0.00   -0.00 integ.vbp +0.00 -0.00 omni.gos X     +0.0 ,Y     -0.0. omgD -0.003 omg  +0.00 loop   4517
[0mBatt=23.4 [0mODOM [31mVisionX  +0.00 Y  +0.00 theta   +0.0 elt    0 [0mimu  -3.8 Dt    4 LtCy    2 integ.govd   +0.00   +0.00 integ.vbp +0.00 +0.00 omni.gos X     +0.0 ,Y     +0.0. omgD +0.004 omg  +0.00 loop   4555
[0mBatt=23.3 [0mODOM [31mVisionX  +0.00 Y  +0.00 theta   +0.0 elt    0 [0mimu  -3.8 Dt    4 LtCy    2 integ.govd   -0.00   -0.00 integ.vbp -0.00 -0.00 omni.gos X     -0.0 ,Y     -0.1. omgD -0.005 omg  +0.00 loop   4516
[0mBatt=23.3 [0mODOM [31mVisionX  +0.00 Y  +0.00 theta   +0.0 elt    0 [0mimu  -3.8 Dt    6 LtCy    3 integ.govd   -0.00   -0.00 integ.vbp -0.00 -0.00 omni.gos X     -0.0 ,Y     -0.1. omgD -0.007 omg  +0.00 loop   4509
[0mBatt=23.4 [0mODOM [31mVisionX  +0.00 Y  +0.00 theta   +0.0 elt    0 [0mimu  -3.8 Dt    8 LtCy    4 integ.govd   +0.00   -0.00 integ.vbp +0.00 -0.00 omni.gos X     +0.0 ,Y     -0.1. omgD -0.005 omg  +0.00 loop   4534
[0mBatt=23.4 [0mODOM [31mVisionX  +0.00 Y  +0.00 theta   +0.0 elt    0 [0mimu  -3.8 Dt    8 LtCy    4 integ.govd   -0.00   -0.00 integ.vbp -0.00 -0.00 omni.gos X     -0.0 ,Y     -0.2. omgD -0.013 omg  +0.00 loop   4533
[0mBatt=23.4 [0mODOM [31mVisionX  +0.00 Y  +0.00 theta   +0.0 elt    0 [0mimu  -3.8 Dt   10 LtCy    5 integ.govd   -0.00   -0.00 integ.vbp -0.00 -0.00 omni.gos X     -0.0 ,Y     -0.1. omgD -0.005 omg  +0.00 loop   4506
[0mBatt=23.4 [0mODOM [31mVisionX  +0.00 Y  +0.00 theta   +0.0 elt    0 [0mimu  -3.8 Dt    2 LtCy    1 integ.govd   -0.00   -0.00 integ.vbp -0.00 -0.00 omni.gos X     -0.0 ,Y     -0.1. omgD -0.009 omg  +0.00 loop   2121
[0mBatt=23.4 [0mODOM [31mVisionX  +0.00 Y  +0.00 theta   +0.0 elt    0 [0mimu  -3.8 Dt    4 LtCy    2 integ.govd   +0.00   -0.00 integ.vbp +0.00 -0.00 omni.gos X     +0.0 ,Y     -0.0. omgD -0.001 omg  +0.00 loop   4520
[0mBatt=23.4 [0mODOM [31mVisionX  +0.00 Y  +0.00 theta   +0.0 elt    0 [0mimu  -3.8 Dt    4 LtCy    2 integ.govd   -0.00   -0.00 integ.vbp -0.00 -0.00 omni.gos X     -0.0 ,Y     -0.1. omgD -0.009 omg  +0.00 loop   4542
[0mBatt=23.4 [0mODOM [31mVisionX  +0.00 Y  +0.00 theta   +0.0 elt    0 [0mimu  -3.8 Dt    6 LtCy    3 integ.govd   -0.00   -0.00 integ.vbp -0.00 -0.00 omni.gos X     +0.0 ,Y     -0.1. omgD -0.005 omg  +0.00 loop   4499
[0mBatt=23.4 [0mODOM [31mVisionX  +0.00 Y  +0.00 theta   +0.0 elt    0 [0mimu  -3.8 Dt    8 LtCy    4 integ.govd   -0.00   -0.00 integ.vbp -0.00 -0.00 omni.gos X     -0.0 ,Y     -0.1. omgD -0.009 omg  +0.00 loop   4541
[0mBatt=23.4 [0mODOM [31mVisionX  +0.00 Y  +0.00 theta   +0.0 elt    0 [0mimu  -3.8 Dt    8 LtCy    4 integ.govd   -0.00   -0.00 integ.vbp -0.00 -0.00 omni.gos X     +0.0 ,Y     -0.1. omgD -0.009 omg  +0.00 loop   4515
[0mBatt=23.4 [0mODOM [31mVisionX  +0.00 Y  +0.00 theta   +0.0 elt    0 [0mimu  -3.8 Dt   10 LtCy    5 integ.govd   -0.00   -0.00 integ.vbp -0.00 -0.00 omni.gos X     -0.0 ,Y     -0.2. omgD -0.013 omg  +0.00 loop   4506
[0mBatt=23.4 [0mODOM [31mVisionX  +0.00 Y  +0.00 theta   +0.0 elt    0 [0mimu  -3.8 Dt   10 LtCy    5 integ.govd   -0.00   -0.00 integ.vbp -0.00 -0.00 omni.gos X     +0.0 ,Y     -0.0. omgD -0.001 omg  +0.00 loop   4514
[0mBatt=23.4 [0mODOM [31mVisionX  +0.00 Y  +0.00 theta   +0.0 elt    0 [0mimu  -3.8 Dt   12 LtCy    6 integ.govd   -0.00   -0.00 integ.vbp -0.00 -0.00 omni.gos X     -0.0 ,Y     -0.1. omgD -0.005 omg  +0.00 loop   4535
[0mBatt=23.4 [0mODOM [31mVisionX  +0.00 Y  +0.00 theta   +0.0 elt    0 [0mimu  -3.8 Dt   12 LtCy    6 integ.govd   -0.00   -0.00 integ.vbp -0.00 -0.00 omni.gos X     +0.0 ,Y     -0.0. omgD -0.001 omg  +0.00 loop   4508
[0mBatt=23.4 [0mODOM [31mVisionX  +0.00 Y  +0.00 theta   +0.0 elt    0 [0mimu  -3.8 Dt    0 LtCy    0 integ.govd   +0.00   +0.00 integ.vbp +0.00 +0.00 omni.gos X     -0.0 ,Y     -0.2. omgD -0.018 omg  +0.00 loop   4443
[0mBatt=23.4 [0mODOM [31mVisionX  +0.00 Y  +0.00 theta   +0.0 elt    0 [0mimu  -3.8 Dt    0 LtCy    0 integ.govd   +0.00   +0.00 integ.vbp +0.00 +0.00 omni.gos X     -0.0 ,Y     -0.2. omgD -0.013 omg  +0.00 loop   4557
[0mBatt=23.4 [0mODOM [31mVisionX  +0.00 Y  +0.00 theta   +0.0 elt    0 [0mimu  -3.8 Dt    2 LtCy    1 integ.govd   +0.00   -0.00 integ.vbp +0.00 -0.00 omni.gos X     +0.0 ,Y     -0.0. omgD -0.001 omg  +0.00 loop   4539
[0mBatt=23.4 [0mODOM [31mVisionX  +0.00 Y  +0.00 theta   +0.0 elt    0 [0mimu  -3.8 Dt    2 LtCy    1 integ.govd   -0.00   -0.00 integ.vbp -0.00 -0.00 omni.gos X     -0.0 ,Y     -0.1. omgD -0.009 omg  +0.00 loop   4527
[0mBatt=23.4 [0mODOM [31mVisionX  +0.00 Y  +0.00 theta   +0.0 elt    0 [0mimu  -3.8 Dt    4 LtCy    2 integ.govd   -0.00   -0.00 integ.vbp -0.00 -0.00 omni.gos X     -0.0 ,Y     -0.2. omgD -0.013 omg  +0.00 loop   4532
[0mBatt=23.4 [0mODOM [31mVisionX  +0.00 Y  +0.00 theta   +0.0 elt    0 [0mimu  -3.8 Dt    4 LtCy    2 integ.govd   +0.00   -0.00 integ.vbp +0.00 -0.00 omni.gos X     +0.0 ,Y     -0.0. omgD -0.001 omg  +0.00 loop   4515
[0mBatt=23.4 [0mODOM [31mVisionX  +0.00 Y  +0.00 theta   +0.0 elt    0 [0mimu  -3.8 Dt    4 LtCy    2 integ.govd   -0.00   -0.00 integ.vbp -0.00 -0.00 omni.gos X     +0.0 ,Y     -0.1. omgD -0.005 omg  +0.00 loop   4526
[0mBatt=23.3 [0mODOM [31mVisionX  +0.00 Y  +0.00 theta   +0.0 elt    0 [0mimu  -3.8 Dt    8 LtCy    4 integ.govd   +0.00   +0.00 integ.vbp +0.00 +0.00 omni.gos X     +0.0 ,Y     -0.0. omgD -0.001 omg  +0.00 loop   4536
[0mBatt=23.3 [0mODOM [31mVisionX  +0.00 Y  +0.00 theta   +0.0 elt    0 [0mimu  -3.8 Dt    8 LtCy    4 integ.govd   -0.00   -0.00 integ.vbp -0.00 -0.00 omni.gos X     +0.0 ,Y     -0.0. omgD -0.001 omg  +0.00 loop   4536
[0mBatt=23.3 [0mODOM [31mVisionX  +0.00 Y  +0.00 theta   +0.0 elt    0 [0mimu  -3.8 Dt    8 LtCy    4 integ.govd   -0.00   -0.00 integ.vbp -0.00 -0.00 omni.gos X     +0.0 ,Y     -0.1. omgD -0.005 omg  +0.00 loop   4501
[0mBatt=23.3 [0mODOM [31mVisionX  +0.00 Y  +0.00 theta   +0.0 elt    0 [0mimu  -3.8 Dt   10 LtCy    5 integ.govd   +0.00   -0.00 integ.vbp +0.00 -0.00 omni.gos X     +0.0 ,Y     -0.0. omgD -0.001 omg  +0.00 loop   4532
[0mBatt=23.3 [0mODOM [31mVisionX  +0.00 Y  +0.00 theta   +0.0 elt    0 [0mimu  -3.8 Dt   12 LtCy    6 integ.govd   +0.00   -0.00 integ.vbp +0.00 -0.00 omni.gos X     +0.0 ,Y     -0.1. omgD -0.005 omg  +0.00 loop   4551
[0mBatt=23.3 [0mODOM [31mVisionX  +0.00 Y  +0.00 theta   +0.0 elt    0 [0mimu  -3.8 Dt   12 LtCy    6 integ.govd   +0.00   +0.00 integ.vbp +0.00 +0.00 omni.gos X     +0.0 ,Y     -0.0. omgD -0.001 omg  +0.00 loop   4527
[0mBatt=23.3 [0mODOM [31mVisionX  +0.00 Y  +0.00 theta   +0.0 elt    0 [0mimu  -3.8 Dt   14 LtCy    7 integ.govd   -0.00   -0.00 integ.vbp -0.00 -0.00 omni.gos X     -0.0 ,Y     -0.1. omgD -0.009 omg  +0.00 loop   4512
[0mBatt=23.3 [0mODOM [31mVisionX  +0.00 Y  +0.00 theta   +0.0 elt    0 [0mimu  -3.8 Dt   14 LtCy    7 integ.govd   -0.00   -0.00 integ.vbp -0.00 -0.00 omni.gos X     +0.0 ,Y     -0.1. omgD -0.009 omg  +0.00 loop   4468
[0mBatt=23.3 [0mODOM [31mVisionX  +0.00 Y  +0.00 theta   +0.0 elt    0 [0mimu  -3.8 Dt    0 LtCy    0 integ.govd   +0.00   +0.00 integ.vbp +0.00 +0.00 omni.gos X     +0.0 ,Y     -0.1. omgD -0.005 omg  +0.00 loop   4502
[0mBatt=23.3 [0mODOM [31mVisionX  +0.00 Y  +0.00 theta   +0.0 elt    0 [0mimu  -3.8 Dt    2 LtCy    1 integ.govd   +0.00   -0.00 integ.vbp +0.00 -0.00 omni.gos X     +0.0 ,Y     -0.0. omgD -0.001 omg  +0.00 loop   4536
[0mBatt=23.3 [0mODOM [31mVisionX  +0.00 Y  +0.00 theta   +0.0 elt    0 [0mimu  -3.8 Dt    2 LtCy    1 integ.govd   -0.00   -0.00 integ.vbp -0.00 -0.00 omni.gos X     -0.0 ,Y     -0.1. omgD -0.009 omg  +0.00 loop   4550
[0mBatt=23.3 [0mODOM [31mVisionX  +0.00 Y  +0.00 theta   +0.0 elt    0 [0mimu  -3.8 Dt    4 LtCy    2 integ.govd   +0.00   -0.00 integ.vbp +0.00 -0.00 omni.gos X     +0.0 ,Y     -0.0. omgD -0.001 omg  +0.00 loop   4516
[0mBatt=23.3 [0mODOM [31mVisionX  +0.00 Y  +0.00 theta   +0.0 elt    0 [0mimu  -3.8 Dt    4 LtCy    2 integ.govd   -0.00   -0.00 integ.vbp -0.00 -0.00 omni.gos X     +0.0 ,Y     -0.1. omgD -0.005 omg  +0.00 loop   4523
[0mBatt=23.4 [0mODOM [31mVisionX  +0.00 Y  +0.00 theta   +0.0 elt    0 [0mimu  -3.8 Dt    6 LtCy    3 integ.govd   -0.00   -0.00 integ.vbp -0.00 -0.00 omni.gos X     +0.0 ,Y     -0.1. omgD -0.005 omg  +0.00 loop   4530
[0mBatt=23.4 [0mODOM [31mVisionX  +0.00 Y  +0.00 theta   +0.0 elt    0 [0mimu  -3.8 Dt    6 LtCy    3 integ.govd   -0.00   -0.00 integ.vbp -0.00 -0.00 omni.gos X     -0.0 ,Y     -0.1. omgD -0.009 omg  +0.00 loop   4532
[0mBatt=23.4 [0mODOM [31mVisionX  +0.00 Y  +0.00 theta   +0.0 elt    0 [0mimu  -3.8 Dt    8 LtCy    4 integ.govd   -0.00   -0.00 integ.vbp -0.00 -0.00 omni.gos X     +0.0 ,Y     -0.0. omgD -0.001 omg  +0.00 loop   4507
[0mBatt=23.4 [0mODOM [31mVisionX  +0.00 Y  +0.00 theta   +0.0 elt    0 [0mimu  -3.8 Dt   10 LtCy    5 integ.govd   +0.00   -0.00 integ.vbp +0.00 -0.00 omni.gos X     -0.0 ,Y     -0.1. omgD -0.009 omg  +0.00 loop   4522
[0mBatt=23.4 [0mODOM [31mVisionX  +0.00 Y  +0.00 theta   +0.0 elt    0 [0mimu  -3.8 Dt   10 LtCy    5 integ.govd   -0.00   -0.00 integ.vbp -0.00 -0.00 omni.gos X     +0.0 ,Y     -0.0. omgD -0.001 omg  +0.00 loop   4547
[0mBatt=23.4 [0mODOM [31mVisionX  +0.00 Y  +0.00 theta   +0.0 elt    0 [0mimu  -3.8 Dt   12 LtCy    6 integ.govd   -0.00   -0.00 integ.vbp -0.00 -0.00 omni.gos X     +0.0 ,Y     -0.0. omgD -0.001 omg  +0.00 loop   4512
[0mBatt=23.4 [0mODOM [31mVisionX  +0.00 Y  +0.00 theta   +0.0 elt    0 [0mimu  -3.8 Dt   12 LtCy    6 integ.govd   -0.00   -0.00 integ.vbp -0.00 -0.00 omni.gos X     -0.0 ,Y     -0.1. omgD -0.009 omg  +0.00 loop   4523
[0mBatt=23.4 [0mODOM [31mVisionX  +0.00 Y  +0.00 theta   +0.0 elt    0 [0mimu  -3.8 Dt   14 LtCy    7 integ.govd   -0.00   -0.00 integ.vbp -0.00 -0.00 omni.gos X     -0.0 ,Y     -0.1. omgD -0.005 omg  +0.00 loop   4465
[0mBatt=23.4 [0mODOM [31mVisionX  +0.00 Y  +0.00 theta   +0.0 elt    0 [0mimu  -3.8 Dt    0 LtCy    0 integ.govd   +0.00   +0.00 integ.vbp +0.00 +0.00 omni.gos X     -0.0 ,Y     -0.1. omgD -0.009 omg  +0.00 loop   4492
[0mBatt=23.4 [0mODOM [31mVisionX  +0.00 Y  +0.00 theta   +0.0 elt    0 [0mimu  -3.8 Dt    0 LtCy    0 integ.govd   +0.00   +0.00 integ.vbp +0.00 +0.00 omni.gos X     +0.0 ,Y     -0.1. omgD -0.009 omg  +0.00 loop   4533
[0mBatt=23.4 [0mODOM [31mVisionX  +0.00 Y  +0.00 theta   +0.0 elt    0 [0mimu  -3.8 Dt    2 LtCy    1 integ.govd   -0.00   -0.00 integ.vbp -0.00 -0.00 omni.gos X     -0.0 ,Y     -0.0. omgD -0.001 omg  +0.00 loop   4551
[0mBatt=23.4 [0mODOM [31mVisionX  +0.00 Y  +0.00 theta   +0.0 elt    0 [0mimu  -3.8 Dt    4 LtCy    2 integ.govd   +0.00   -0.00 integ.vbp +0.00 -0.00 omni.gos X     +0.0 ,Y     -0.0. omgD -0.001 omg  +0.00 loop   4529
[0mBatt=23.4 [0mODOM [31mVisionX  +0.00 Y  +0.00 theta   +0.0 elt    0 [0mimu  -3.8 Dt    4 LtCy    2 integ.govd   +0.00   -0.00 integ.vbp +0.00 -0.00 omni.gos X     +0.0 ,Y     -0.0. omgD -0.001 omg  +0.00 loop   4519
[0mBatt=23.4 [0mODOM [31mVisionX  +0.00 Y  +0.00 theta   +0.0 elt    0 [0mimu  -3.8 Dt    4 LtCy    2 integ.govd   +0.00   +0.00 integ.vbp +0.00 +0.00 omni.gos X     +0.0 ,Y     +0.0. omgD +0.004 omg  +0.00 loop   4548
[0mBatt=23.4 [0mODOM [31mVisionX  +0.00 Y  +0.00 theta   +0.0 elt    0 [0mimu  -3.8 Dt    6 LtCy    3 integ.govd   -0.00   -0.00 integ.vbp -0.00 -0.00 omni.gos X     +0.0 ,Y     -0.1. omgD -0.005 omg  +0.00 loop   4530
[0mBatt=23.4 [0mODOM [31mVisionX  +0.00 Y  +0.00 theta   +0.0 elt    0 [0mimu  -3.8 Dt    8 LtCy    4 integ.govd   -0.00   -0.00 integ.vbp -0.00 -0.00 omni.gos X     -0.0 ,Y     -0.1. omgD -0.009 omg  +0.00 loop   4510
[0mBatt=23.4 [0mODOM [31mVisionX  +0.00 Y  +0.00 theta   +0.0 elt    0 [0mimu  -3.8 Dt    8 LtCy    4 integ.govd   -0.00   -0.00 integ.vbp -0.00 -0.00 omni.gos X     +0.0 ,Y     -0.0. omgD -0.001 omg  +0.00 loop   4506
[0mBatt=23.4 [0mODOM [31mVisionX  +0.00 Y  +0.00 theta   +0.0 elt    0 [0mimu  -3.8 Dt   10 LtCy    5 integ.govd   -0.00   -0.00 integ.vbp -0.00 -0.00 omni.gos X     +0.0 ,Y     -0.0. omgD -0.001 omg  +0.00 loop   4538
[0mBatt=23.4 [0mODOM [31mVisionX  +0.00 Y  +0.00 theta   +0.0 elt    0 [0mimu  -3.8 Dt   10 LtCy    5 integ.govd   +0.00   -0.00 integ.vbp +0.00 -0.00 omni.gos X     +0.0 ,Y     -0.0. omgD -0.001 omg  +0.00 loop   4516
[0mBatt=23.4 [0mODOM [31mVisionX  +0.00 Y  +0.00 theta   +0.0 elt    0 [0mimu  -3.8 Dt   12 LtCy    6 integ.govd   -0.00   -0.00 integ.vbp -0.00 -0.00 omni.gos X     +0.0 ,Y     -0.1. omgD -0.005 omg  +0.00 loop   4525
[0mBatt=23.4 [0mODOM [31mVisionX  +0.00 Y  +0.00 theta   +0.0 elt    0 [0mimu  -3.8 Dt   14 LtCy    7 integ.govd   -0.00   -0.00 integ.vbp -0.00 -0.00 omni.gos X     -0.0 ,Y     -0.1. omgD -0.009 omg  +0.00 loop   4540
[0mBatt=23.4 [0mODOM [31mVisionX  +0.00 Y  +0.00 theta   +0.0 elt    0 [0mimu  -3.8 Dt   12 LtCy    6 integ.govd   -0.00   -0.00 integ.vbp -0.00 -0.00 omni.gos X     -0.0 ,Y     -0.1. omgD -0.009 omg  +0.00 loop   4470
[0mBatt=23.4 [0mODOM [31mVisionX  +0.00 Y  +0.00 theta   +0.0 elt    0 [0mimu  -3.8 Dt    0 LtCy    0 integ.govd   +0.00   +0.00 integ.vbp +0.00 +0.00 omni.gos X     -0.0 ,Y     -0.0. omgD -0.001 omg  +0.00 loop   4474
[0mBatt=23.4 [0mODOM [31mVisionX  +0.00 Y  +0.00 theta   +0.0 elt    0 [0mimu  -3.8 Dt    0 LtCy    0 integ.govd   +0.00   +0.00 integ.vbp +0.00 +0.00 omni.gos X     +0.0 ,Y     -0.0. omgD -0.001 omg  +0.00 loop   4546
[0mBatt=23.4 [0mODOM [31mVisionX  +0.00 Y  +0.00 theta   +0.0 elt    0 [0mimu  -3.8 Dt    2 LtCy    1 integ.govd   -0.00   -0.00 integ.vbp -0.00 -0.00 omni.gos X     -0.0 ,Y     -0.1. omgD -0.009 omg  +0.00 loop   4551
[0mBatt=23.4 [0mODOM [31mVisionX  +0.00 Y  +0.00 theta   +0.0 elt    0 [0mimu  -3.8 Dt    4 LtCy    2 integ.govd   +0.00   +0.00 integ.vbp +0.00 +0.00 omni.gos X     +0.0 ,Y     +0.1. omgD +0.008 omg  +0.00 loop   4505
[0mBatt=23.4 [0mODOM [31mVisionX  +0.00 Y  +0.00 theta   +0.0 elt    0 [0mimu  -3.8 Dt    4 LtCy    2 integ.govd   +0.00   +0.00 integ.vbp +0.00 +0.00 omni.gos X     +0.0 ,Y     +0.0. omgD +0.004 omg  +0.00 loop   4519
[0mBatt=23.4 [0mODOM [31mVisionX  +0.00 Y  +0.00 theta   +0.0 elt    0 [0mimu  -3.8 Dt    4 LtCy    2 integ.govd   -0.00   -0.00 integ.vbp -0.00 -0.00 omni.gos X     -0.0 ,Y     -0.2. omgD -0.013 omg  +0.00 loop   4536
[0mBatt=23.4 [0mODOM [31mVisionX  +0.00 Y  +0.00 theta   +0.0 elt    0 [0mimu  -3.8 Dt    6 LtCy    3 integ.govd   -0.00   -0.00 integ.vbp -0.00 -0.00 omni.gos X     -0.0 ,Y     -0.1. omgD -0.009 omg  +0.00 loop   4494
[0mBatt=23.4 [0mODOM [31mVisionX  +0.00 Y  +0.00 theta   +0.0 elt    0 [0mimu  -3.8 Dt    8 LtCy    4 integ.govd   -0.00   -0.00 integ.vbp -0.00 -0.00 omni.gos X     -0.0 ,Y     -0.1. omgD -0.005 omg  +0.00 loop   4516
[0mBatt=23.4 [0mODOM [31mVisionX  +0.00 Y  +0.00 theta   +0.0 elt    0 [0mimu  -3.8 Dt   10 LtCy    5 integ.govd   -0.00   -0.00 integ.vbp -0.00 -0.00 omni.gos X     -0.0 ,Y     -0.1. omgD -0.005 omg  +0.00 loop   4532
[0mBatt=23.4 [0mODOM [31mVisionX  +0.00 Y  +0.00 theta   +0.0 elt    0 [0mimu  -3.8 Dt   10 LtCy    5 integ.govd   +0.00   +0.00 integ.vbp +0.00 +0.00 omni.gos X     +0.0 ,Y     +0.0. omgD +0.004 omg  +0.00 loop   4514
[0mBatt=23.4 [0mODOM [31mVisionX  +0.00 Y  +0.00 theta   +0.0 elt    0 [0mimu  -3.8 Dt   12 LtCy    6 integ.govd   +0.00   +0.00 integ.vbp +0.00 +0.00 omni.gos X     +0.0 ,Y     +0.0. omgD +0.004 omg  +0.00 loop   4526
[0mBatt=23.4 [0mODOM [31mVisionX  +0.00 Y  +0.00 theta   +0.0 elt    0 [0mimu  -3.8 Dt    2 LtCy    1 integ.govd   +0.00   -0.00 integ.vbp +0.00 -0.00 omni.gos X     +0.0 ,Y     -0.0. omgD -0.001 omg  +0.00 loop   2132
[0mBatt=23.4 [0mODOM [31mVisionX  +0.00 Y  +0.00 theta   +0.0 elt    0 [0mimu  -3.8 Dt    4 LtCy    2 integ.govd   -0.00   -0.00 integ.vbp -0.00 -0.00 omni.gos X     +0.0 ,Y     -0.1. omgD -0.009 omg  +0.00 loop   4543
[0mBatt=23.4 [0mODOM [31mVisionX  +0.00 Y  +0.00 theta   +0.0 elt    0 [0mimu  -3.8 Dt    6 LtCy    3 integ.govd   -0.00   -0.00 integ.vbp -0.00 -0.00 omni.gos X     +0.0 ,Y     -0.1. omgD -0.005 omg  +0.00 loop   4517
[0mBatt=23.4 [0mODOM [31mVisionX  +0.00 Y  +0.00 theta   +0.0 elt    0 [0mimu  -3.8 Dt    6 LtCy    3 integ.govd   -0.00   -0.00 integ.vbp -0.00 -0.00 omni.gos X     -0.0 ,Y     -0.1. omgD -0.005 omg  +0.00 loop   4505
[0mBatt=23.4 [0mODOM [31mVisionX  +0.00 Y  +0.00 theta   +0.0 elt    0 [0mimu  -3.8 Dt    8 LtCy    4 integ.govd   +0.00   -0.00 integ.vbp +0.00 -0.00 omni.gos X     +0.0 ,Y     -0.0. omgD -0.003 omg  +0.00 loop   4527
[0mBatt=23.4 [0mODOM [31mVisionX  +0.00 Y  +0.00 theta   +0.0 elt    0 [0mimu  -3.8 Dt   10 LtCy    5 integ.govd   -0.00   -0.00 integ.vbp -0.00 -0.00 omni.gos X     +0.0 ,Y     -0.0. omgD -0.003 omg  +0.00 loop   4531
[0mBatt=23.4 [0mODOM [31mVisionX  +0.00 Y  +0.00 theta   +0.0 elt    0 [0mimu  -3.9 Dt   10 LtCy    5 integ.govd   +0.00   -0.00 integ.vbp +0.00 -0.00 omni.gos X     +0.0 ,Y     +0.0. omgD +0.002 omg  +0.00 loop   4511
[0mBatt=23.4 [0mODOM [31mVisionX  +0.00 Y  +0.00 theta   +0.0 elt    0 [0mimu  -3.9 Dt   12 LtCy    6 integ.govd   -0.00   -0.00 integ.vbp -0.00 -0.00 omni.gos X     -0.0 ,Y     -0.1. omgD -0.007 omg  +0.00 loop   4542
[0mBatt=23.4 [0mODOM [31mVisionX  +0.00 Y  +0.00 theta   +0.0 elt    0 [0mimu  -3.9 Dt   12 LtCy    6 integ.govd   -0.00   -0.00 integ.vbp -0.00 -0.00 omni.gos X     +0.0 ,Y     -0.0. omgD -0.003 omg  +0.00 loop   4520
[0mBatt=23.4 [0mODOM [31mVisionX  +0.00 Y  +0.00 theta   +0.0 elt    0 [0mimu  -3.9 Dt   14 LtCy    7 integ.govd   -0.00   -0.00 integ.vbp -0.00 -0.00 omni.gos X     +0.0 ,Y     -0.0. omgD -0.003 omg  +0.00 loop   4477
[0mBatt=23.4 [0mODOM [31mVisionX  +0.00 Y  +0.00 theta   +0.0 elt    0 [0mimu  -3.9 Dt    0 LtCy    0 integ.govd   +0.00   +0.00 integ.vbp +0.00 +0.00 omni.gos X     +0.0 ,Y     -0.0. omgD -0.001 omg  +0.00 loop   4479
[0mBatt=23.4 [0mODOM [31mVisionX  +0.00 Y  +0.00 theta   +0.0 elt    0 [0mimu  -3.9 Dt    2 LtCy    1 integ.govd   -0.00   -0.00 integ.vbp -0.00 -0.00 omni.gos X     -0.0 ,Y     -0.1. omgD -0.005 omg  +0.00 loop   4573
[0mBatt=23.4 [0mODOM [31mVisionX  +0.00 Y  +0.00 theta   +0.0 elt    0 [0mimu  -3.9 Dt    2 LtCy    1 integ.govd   -0.00   -0.00 integ.vbp -0.00 -0.00 omni.gos X     -0.0 ,Y     -0.1. omgD -0.005 omg  +0.00 loop   4494
[0mBatt=23.4 [0mODOM [31mVisionX  +0.00 Y  +0.00 theta   +0.0 elt    0 [0mimu  -3.9 Dt    4 LtCy    2 integ.govd   -0.00   -0.00 integ.vbp -0.00 -0.00 omni.gos X     +0.0 ,Y     -0.1. omgD -0.007 omg  +0.00 loop   4521
[0mBatt=23.4 [0mODOM [31mVisionX  +0.00 Y  +0.00 theta   +0.0 elt    0 [0mimu  -3.9 Dt    4 LtCy    2 integ.govd   -0.00   -0.00 integ.vbp -0.00 -0.00 omni.gos X     -0.0 ,Y     -0.1. omgD -0.007 omg  +0.00 loop   4535
[0mBatt=23.4 [0mODOM [31mVisionX  +0.00 Y  +0.00 theta   +0.0 elt    0 [0mimu  -3.9 Dt    6 LtCy    3 integ.govd   -0.00   -0.00 integ.vbp -0.00 -0.00 omni.gos X     +0.0 ,Y     -0.0. omgD -0.003 omg  +0.00 loop   4516
[0mBatt=23.4 [0mODOM [31mVisionX  +0.00 Y  +0.00 theta   +0.0 elt    0 [0mimu  -3.9 Dt    6 LtCy    3 integ.govd   -0.00   -0.00 integ.vbp -0.00 -0.00 omni.gos X     -0.0 ,Y     -0.1. omgD -0.009 omg  +0.00 loop   4512
[0mBatt=23.4 [0mODOM [31mVisionX  +0.00 Y  +0.00 theta   +0.0 elt    0 [0mimu  -3.9 Dt    8 LtCy    4 integ.govd   +0.00   +0.00 integ.vbp +0.00 +0.00 omni.gos X     +0.0 ,Y     -0.0. omgD -0.001 omg  +0.00 loop   4528
[0mBatt=23.4 [0mODOM [31mVisionX  +0.00 Y  +0.00 theta   +0.0 elt    0 [0mimu  -3.9 Dt    8 LtCy    4 integ.govd   +0.00   -0.00 integ.vbp +0.00 -0.00 omni.gos X     +0.0 ,Y     +0.0. omgD +0.002 omg  +0.00 loop   4523
[0mBatt=23.4 [0mODOM [31mVisionX  +0.00 Y  +0.00 theta   +0.0 elt    0 [0mimu  -3.9 Dt   10 LtCy    5 integ.govd   -0.00   -0.00 integ.vbp -0.00 -0.00 omni.gos X     -0.0 ,Y     -0.1. omgD -0.007 omg  +0.00 loop   4508
[0mBatt=23.4 [0mODOM [31mVisionX  +0.00 Y  +0.00 theta   +0.0 elt    0 [0mimu  -3.9 Dt   12 LtCy    6 integ.govd   -0.00   -0.00 integ.vbp -0.00 -0.00 omni.gos X     -0.0 ,Y     -0.1. omgD -0.007 omg  +0.00 loop   4538
[0mBatt=23.4 [0mODOM [31mVisionX  +0.00 Y  +0.00 theta   +0.0 elt    0 [0mimu  -3.9 Dt   12 LtCy    6 integ.govd   -0.00   -0.00 integ.vbp -0.00 -0.00 omni.gos X     -0.0 ,Y     -0.1. omgD -0.009 omg  +0.00 loop   4518
[0mBatt=23.4 [0mODOM [31mVisionX  +0.00 Y  +0.00 theta   +0.0 elt    0 [0mimu  -3.9 Dt   12 LtCy    6 integ.govd   -0.00   -0.00 integ.vbp -0.00 -0.00 omni.gos X     -0.0 ,Y     -0.1. omgD -0.007 omg  +0.00 loop   4461
[0mBatt=23.4 [0mODOM [31mVisionX  +0.00 Y  +0.00 theta   +0.0 elt    0 [0mimu  -3.9 Dt    0 LtCy    0 integ.govd   +0.00   +0.00 integ.vbp +0.00 +0.00 omni.gos X     -0.0 ,Y     -0.1. omgD -0.007 omg  +0.00 loop   4491
[0mBatt=23.4 [0mODOM [31mVisionX  +0.00 Y  +0.00 theta   +0.0 elt    0 [0mimu  -3.9 Dt    0 LtCy    0 integ.govd   +0.00   +0.00 integ.vbp +0.00 +0.00 omni.gos X     +0.0 ,Y     -0.0. omgD -0.003 omg  +0.00 loop   4551
[0mBatt=23.4 [0mODOM [31mVisionX  +0.00 Y  +0.00 theta   +0.0 elt    0 [0mimu  -3.9 Dt    2 LtCy    1 integ.govd   -0.00   -0.00 integ.vbp -0.00 -0.00 omni.gos X     -0.0 ,Y     -0.0. omgD -0.003 omg  +0.00 loop   4549
[0mBatt=23.4 [0mODOM [31mVisionX  +0.00 Y  +0.00 theta   +0.0 elt    0 [0mimu  -3.9 Dt    4 LtCy    2 integ.govd   -0.00   -0.00 integ.vbp -0.00 -0.00 omni.gos X     -0.0 ,Y     -0.0. omgD -0.003 omg  +0.00 loop   4511
[0mBatt=23.4 [0mODOM [31mVisionX  +0.00 Y  +0.00 theta   +0.0 elt    0 [0mimu  -3.9 Dt    4 LtCy    2 integ.govd   -0.00   -0.00 integ.vbp -0.00 -0.00 omni.gos X     -0.0 ,Y     -0.1. omgD -0.005 omg  +0.00 loop   4536
[0mBatt=23.4 [0mODOM [31mVisionX  +0.00 Y  +0.00 theta   +0.0 elt    0 [0mimu  -3.9 Dt    4 LtCy    2 integ.govd   -0.00   -0.00 integ.vbp -0.00 -0.00 omni.gos X     +0.0 ,Y     -0.1. omgD -0.009 omg  +0.00 loop   4507
[0mBatt=23.4 [0mODOM [31mVisionX  +0.00 Y  +0.00 theta   +0.0 elt    0 [0mimu  -3.9 Dt    6 LtCy    3 integ.govd   -0.00   -0.00 integ.vbp -0.00 -0.00 omni.gos X     -0.0 ,Y     -0.1. omgD -0.009 omg  +0.00 loop   4515
[0mBatt=23.4 [0mODOM [31mVisionX  +0.00 Y  +0.00 theta   +0.0 elt    0 [0mimu  -3.9 Dt    8 LtCy    4 integ.govd   -0.00   -0.00 integ.vbp -0.00 -0.00 omni.gos X     +0.0 ,Y     -0.0. omgD -0.001 omg  +0.00 loop   4527
[0mBatt=23.4 [0mODOM [31mVisionX  +0.00 Y  +0.00 theta   +0.0 elt    0 [0mimu  -3.9 Dt    8 LtCy    4 integ.govd   -0.00   -0.00 integ.vbp -0.00 -0.00 omni.gos X     -0.0 ,Y     -0.1. omgD -0.009 omg  +0.00 loop   4525
[0mBatt=23.4 [0mODOM [31mVisionX  +0.00 Y  +0.00 theta   +0.0 elt    0 [0mimu  -3.9 Dt   10 LtCy    5 integ.govd   -0.00   -0.00 integ.vbp -0.00 -0.00 omni.gos X     -0.0 ,Y     -0.1. omgD -0.009 omg  +0.00 loop   4503
[0mBatt=23.4 [0mODOM [31mVisionX  +0.00 Y  +0.00 theta   +0.0 elt    0 [0mimu  -3.9 Dt   10 LtCy    5 integ.govd   -0.00   -0.00 integ.vbp -0.00 -0.00 omni.gos X     -0.0 ,Y     -0.1. omgD -0.009 omg  +0.00 loop   4518
[0mBatt=23.4 [0mODOM [31mVisionX  +0.00 Y  +0.00 theta   +0.0 elt    0 [0mimu  -3.9 Dt   12 LtCy    6 integ.govd   -0.00   -0.00 integ.vbp -0.00 -0.00 omni.gos X     -0.0 ,Y     -0.1. omgD -0.009 omg  +0.00 loop   4537
[0mBatt=23.4 [0mODOM [31mVisionX  +0.00 Y  +0.00 theta   +0.0 elt    0 [0mimu  -3.9 Dt   12 LtCy    6 integ.govd   -0.00   -0.00 integ.vbp -0.00 -0.00 omni.gos X     +0.0 ,Y     -0.1. omgD -0.005 omg  +0.00 loop   4494
[0mBatt=23.4 [0mODOM [31mVisionX  +0.00 Y  +0.00 theta   +0.0 elt    0 [0mimu  -3.9 Dt   14 LtCy    7 integ.govd   -0.00   -0.00 integ.vbp -0.00 -0.00 omni.gos X     -0.0 ,Y     -0.1. omgD -0.005 omg  +0.00 loop   4470
[0mBatt=23.3 [0mODOM [31mVisionX  +0.00 Y  +0.00 theta   +0.0 elt    0 [0mimu  -3.9 Dt    0 LtCy    0 integ.govd   +0.00   +0.00 integ.vbp +0.00 +0.00 omni.gos X     +0.0 ,Y     -0.1. omgD -0.005 omg  +0.00 loop   4479
[0mBatt=23.3 [0mODOM [31mVisionX  +0.00 Y  +0.00 theta   +0.0 elt    0 [0mimu  -3.9 Dt    2 LtCy    1 integ.govd   -0.00   -0.00 integ.vbp -0.00 -0.00 omni.gos X     -0.0 ,Y     -0.1. omgD -0.005 omg  +0.00 loop   4546
[0mBatt=23.3 [0mODOM [31mVisionX  +0.00 Y  +0.00 theta   +0.0 elt    0 [0mimu  -3.9 Dt    2 LtCy    1 integ.govd   +0.00   -0.00 integ.vbp +0.00 -0.00 omni.gos X     +0.0 ,Y     -0.1. omgD -0.005 omg  +0.00 loop   4509
[0mBatt=23.3 [0mODOM [31mVisionX  +0.00 Y  +0.00 theta   +0.0 elt    0 [0mimu  -3.9 Dt    4 LtCy    2 integ.govd   -0.00   -0.00 integ.vbp -0.00 -0.00 omni.gos X     -0.0 ,Y     -0.1. omgD -0.009 omg  +0.00 loop   4550
[0mBatt=23.4 [0mODOM [31mVisionX  +0.00 Y  +0.00 theta   +0.0 elt    0 [0mimu  -3.9 Dt    4 LtCy    2 integ.govd   -0.00   -0.00 integ.vbp -0.00 -0.00 omni.gos X     +0.0 ,Y     -0.1. omgD -0.009 omg  +0.00 loop   4518
[0mBatt=23.3 [0mODOM [31mVisionX  +0.00 Y  +0.00 theta   +0.0 elt    0 [0mimu  -3.9 Dt    6 LtCy    3 integ.govd   -0.00   -0.00 integ.vbp -0.00 -0.00 omni.gos X     -0.0 ,Y     -0.1. omgD -0.009 omg  +0.00 loop   4508
[0mBatt=23.3 [0mODOM [31mVisionX  +0.00 Y  +0.00 theta   +0.0 elt    0 [0mimu  -3.9 Dt    6 LtCy    3 integ.govd   -0.00   -0.00 integ.vbp -0.00 -0.00 omni.gos X     +0.0 ,Y     -0.1. omgD -0.005 omg  +0.00 loop   4527
[0mBatt=23.3 [0mODOM [31mVisionX  +0.00 Y  +0.00 theta   +0.0 elt    0 [0mimu  -3.9 Dt    8 LtCy    4 integ.govd   +0.00   -0.00 integ.vbp +0.00 -0.00 omni.gos X     +0.0 ,Y     +0.0. omgD +0.004 omg  +0.00 loop   4530
[0mBatt=23.3 [0mODOM [31mVisionX  +0.00 Y  +0.00 theta   +0.0 elt    0 [0mimu  -3.9 Dt    8 LtCy    4 integ.govd   -0.00   -0.00 integ.vbp -0.00 -0.00 omni.gos X     -0.0 ,Y     -0.1. omgD -0.005 omg  +0.00 loop   4513
[0mBatt=23.3 [0mODOM [31mVisionX  +0.00 Y  +0.00 theta   +0.0 elt    0 [0mimu  -3.9 Dt   10 LtCy    5 integ.govd   -0.00   -0.00 integ.vbp -0.00 -0.00 omni.gos X     -0.0 ,Y     -0.1. omgD -0.009 omg  +0.00 loop   4514
[0mBatt=23.3 [0mODOM [31mVisionX  +0.00 Y  +0.00 theta   +0.0 elt    0 [0mimu  -3.9 Dt   12 LtCy    6 integ.govd   -0.00   -0.00 integ.vbp -0.00 -0.00 omni.gos X     -0.0 ,Y     -0.1. omgD -0.005 omg  +0.00 loop   4528
[0mBatt=23.3 [0mODOM [31mVisionX  +0.00 Y  +0.00 theta   +0.0 elt    0 [0mimu  -3.9 Dt   12 LtCy    6 integ.govd   +0.00   +0.00 integ.vbp +0.00 +0.00 omni.gos X     +0.0 ,Y     +0.0. omgD +0.004 omg  +0.00 loop   4507
[0mBatt=23.3 [0mODOM [31mVisionX  +0.00 Y  +0.00 theta   +0.0 elt    0 [0mimu  -3.9 Dt   12 LtCy    6 integ.govd   +0.00   +0.00 integ.vbp +0.00 +0.00 omni.gos X     +0.0 ,Y     +0.2. omgD +0.012 omg  +0.00 loop   4479
[0mBatt=23.4 [0mODOM [31mVisionX  +0.00 Y  +0.00 theta   +0.0 elt    0 [0mimu  -3.9 Dt   14 LtCy    7 integ.govd   +0.00   +0.00 integ.vbp +0.00 +0.00 omni.gos X     +0.0 ,Y     -0.0. omgD -0.001 omg  +0.00 loop   4546
[0mBatt=23.4 [0mODOM [31mVisionX  +0.00 Y  +0.00 theta   +0.0 elt    0 [0mimu  -3.9 Dt    0 LtCy    0 integ.govd   +0.00   +0.00 integ.vbp +0.00 +0.00 omni.gos X     -0.0 ,Y     -0.1. omgD -0.005 omg  +0.00 loop   4451
[0mBatt=23.4 [0mODOM [31mVisionX  +0.00 Y  +0.00 theta   +0.0 elt    0 [0mimu  -3.9 Dt    2 LtCy    1 integ.govd   -0.00   -0.00 integ.vbp -0.00 -0.00 omni.gos X     -0.0 ,Y     -0.2. omgD -0.013 omg  +0.00 loop   4538
[0mBatt=23.4 [0mODOM [31mVisionX  +0.00 Y  +0.00 theta   +0.0 elt    0 [0mimu  -3.9 Dt    4 LtCy    2 integ.govd   -0.00   -0.00 integ.vbp -0.00 -0.00 omni.gos X     -0.0 ,Y     -0.1. omgD -0.009 omg  +0.00 loop   4530
[0mBatt=23.4 [0mODOM [31mVisionX  +0.00 Y  +0.00 theta   +0.0 elt    0 [0mimu  -3.9 Dt    4 LtCy    2 integ.govd   +0.00   -0.00 integ.vbp +0.00 -0.00 omni.gos X     +0.0 ,Y     -0.0. omgD -0.001 omg  +0.00 loop   4523
[0mBatt=23.4 [0mODOM [31mVisionX  +0.00 Y  +0.00 theta   +0.0 elt    0 [0mimu  -3.9 Dt    4 LtCy    2 integ.govd   -0.00   -0.00 integ.vbp -0.00 -0.00 omni.gos X     +0.0 ,Y     -0.1. omgD -0.005 omg  +0.00 loop   4523
[0mBatt=23.4 [0mODOM [31mVisionX  +0.00 Y  +0.00 theta   +0.0 elt    0 [0mimu  -3.9 Dt    6 LtCy    3 integ.govd   -0.00   -0.00 integ.vbp -0.00 -0.00 omni.gos X     +0.0 ,Y     -0.0. omgD -0.001 omg  +0.00 loop   4529
[0mBatt=23.4 [0mODOM [31mVisionX  +0.00 Y  +0.00 theta   +0.0 elt    0 [0mimu  -3.9 Dt    6 LtCy    3 integ.govd   -0.00   -0.00 integ.vbp -0.00 -0.00 omni.gos X     -0.0 ,Y     -0.1. omgD -0.005 omg  +0.00 loop   4533
[0mBatt=23.4 [0mODOM [31mVisionX  +0.00 Y  +0.00 theta   +0.0 elt    0 [0mimu  -3.9 Dt    8 LtCy    4 integ.govd   -0.00   -0.00 integ.vbp -0.00 -0.00 omni.gos X     -0.0 ,Y     -0.1. omgD -0.005 omg  +0.00 loop   4498
[0mBatt=23.4 [0mODOM [31mVisionX  +0.00 Y  +0.00 theta   +0.0 elt    0 [0mimu  -3.9 Dt   10 LtCy    5 integ.govd   +0.00   +0.00 integ.vbp +0.00 +0.00 omni.gos X     +0.0 ,Y     +0.0. omgD +0.004 omg  +0.00 loop   4524
[0mBatt=23.4 [0mODOM [31mVisionX  +0.00 Y  +0.00 theta   +0.0 elt    0 [0mimu  -3.9 Dt   10 LtCy    5 integ.govd   +0.00   +0.00 integ.vbp +0.00 +0.00 omni.gos X     +0.0 ,Y     +0.0. omgD +0.004 omg  +0.00 loop   4536
[0mBatt=23.4 [0mODOM [31mVisionX  +0.00 Y  +0.00 theta   +0.0 elt    0 [0mimu  -3.9 Dt   12 LtCy    6 integ.govd   -0.00   -0.00 integ.vbp -0.00 -0.00 omni.gos X     -0.0 ,Y     -0.1. omgD -0.009 omg  +0.00 loop   4511
[0mBatt=23.4 [0mODOM [31mVisionX  +0.00 Y  +0.00 theta   +0.0 elt    0 [0mimu  -3.9 Dt   12 LtCy    6 integ.govd   -0.00   -0.00 integ.vbp -0.00 -0.00 omni.gos X     +0.0 ,Y     -0.0. omgD -0.001 omg  +0.00 loop   4516
[0mBatt=23.4 [0mODOM [31mVisionX  +0.00 Y  +0.00 theta   +0.0 elt    0 [0mimu  -3.9 Dt    4 LtCy    2 integ.govd   +0.00   +0.00 integ.vbp +0.00 +0.00 omni.gos X     +0.0 ,Y     +0.0. omgD +0.004 omg  +0.00 loop   2128
[0mBatt=23.4 [0mODOM [31mVisionX  +0.00 Y  +0.00 theta   +0.0 elt    0 [0mimu  -3.9 Dt    6 LtCy    3 integ.govd   -0.00   -0.00 integ.vbp -0.00 -0.00 omni.gos X     -0.0 ,Y     -0.1. omgD -0.005 omg  +0.00 loop   4542
[0mBatt=23.4 [0mODOM [31mVisionX  +0.00 Y  +0.00 theta   +0.0 elt    0 [0mimu  -3.9 Dt    8 LtCy    4 integ.govd   -0.00   -0.00 integ.vbp -0.00 -0.00 omni.gos X     -0.0 ,Y     -0.1. omgD -0.005 omg  +0.00 loop   4501
[0mBatt=23.4 [0mODOM [31mVisionX  +0.00 Y  +0.00 theta   +0.0 elt    0 [0mimu  -3.9 Dt   10 LtCy    5 integ.govd   -0.00   -0.00 integ.vbp -0.00 -0.00 omni.gos X     +0.0 ,Y     -0.1. omgD -0.005 omg  +0.00 loop   4519
[0mBatt=23.4 [0mODOM [31mVisionX  +0.00 Y  +0.00 theta   +0.0 elt    0 [0mimu  -3.9 Dt   10 LtCy    5 integ.govd   +0.00   +0.00 integ.vbp +0.00 +0.00 omni.gos X     +0.0 ,Y     -0.0. omgD -0.001 omg  +0.00 loop   4546
[0mBatt=23.4 [0mODOM [31mVisionX  +0.00 Y  +0.00 theta   +0.0 elt    0 [0mimu  -3.9 Dt   10 LtCy    5 integ.govd   -0.00   -0.00 integ.vbp -0.00 -0.00 omni.gos X     +0.0 ,Y     +0.0. omgD +0.004 omg  +0.00 loop   4521
[0mBatt=23.4 [0mODOM [31mVisionX  +0.00 Y  +0.00 theta   +0.0 elt    0 [0mimu  -3.9 Dt   12 LtCy    6 integ.govd   +0.00   +0.00 integ.vbp +0.00 +0.00 omni.gos X     +0.0 ,Y     -0.0. omgD -0.001 omg  +0.00 loop   4523
[0mBatt=23.4 [0mODOM [31mVisionX  +0.00 Y  +0.00 theta   +0.0 elt    0 [0mimu  -3.9 Dt   14 LtCy    7 integ.govd   -0.00   -0.00 integ.vbp -0.00 -0.00 omni.gos X     +0.0 ,Y     +0.0. omgD +0.004 omg  +0.00 loop   4532
[0mBatt=23.4 [0mODOM [31mVisionX  +0.00 Y  +0.00 theta   +0.0 elt    0 [0mimu  -3.9 Dt    0 LtCy    0 integ.govd   +0.00   +0.00 integ.vbp +0.00 +0.00 omni.gos X     +0.0 ,Y     +0.0. omgD +0.004 omg  +0.00 loop   4462
[0mBatt=23.4 [0mODOM [31mVisionX  +0.00 Y  +0.00 theta   +0.0 elt    0 [0mimu  -3.9 Dt    0 LtCy    0 integ.govd   +0.00   +0.00 integ.vbp +0.00 +0.00 omni.gos X     -0.0 ,Y     -0.1. omgD -0.005 omg  +0.00 loop   4541
[0mBatt=23.4 [0mODOM [31mVisionX  +0.00 Y  +0.00 theta   +0.0 elt    0 [0mimu  -3.9 Dt    2 LtCy    1 integ.govd   -0.00   -0.00 integ.vbp -0.00 -0.00 omni.gos X     -0.0 ,Y     -0.1. omgD -0.009 omg  +0.00 loop   4559
[0mBatt=23.4 [0mODOM [31mVisionX  +0.00 Y  +0.00 theta   +0.0 elt    0 [0mimu  -3.9 Dt    2 LtCy    1 integ.govd   -0.00   -0.00 integ.vbp -0.00 -0.00 omni.gos X     -0.0 ,Y     -0.1. omgD -0.009 omg  +0.00 loop   4532
[0mBatt=23.4 [0mODOM [31mVisionX  +0.00 Y  +0.00 theta   +0.0 elt    0 [0mimu  -3.9 Dt    4 LtCy    2 integ.govd   +0.00   +0.00 integ.vbp +0.00 +0.00 omni.gos X     +0.0 ,Y     +0.0. omgD +0.004 omg  +0.00 loop   4495
[0mBatt=23.4 [0mODOM [31mVisionX  +0.00 Y  +0.00 theta   +0.0 elt    0 [0mimu  -3.9 Dt    4 LtCy    2 integ.govd   +0.00   +0.00 integ.vbp +0.00 +0.00 omni.gos X     +0.0 ,Y     +0.2. omgD +0.012 omg  +0.00 loop   4522
[0mBatt=23.4 [0mODOM [31mVisionX  +0.00 Y  +0.00 theta   +0.0 elt    0 [0mimu  -3.9 Dt    6 LtCy    3 integ.govd   +0.00   +0.00 integ.vbp +0.00 +0.00 omni.gos X     +0.0 ,Y     +0.1. omgD +0.008 omg  +0.00 loop   4525
[0mBatt=23.4 [0mODOM [31mVisionX  +0.00 Y  +0.00 theta   +0.0 elt    0 [0mimu  -3.9 Dt    8 LtCy    4 integ.govd   +0.00   +0.00 integ.vbp +0.00 +0.00 omni.gos X     +0.0 ,Y     +0.0. omgD +0.004 omg  +0.00 loop   4513
[0mBatt=23.4 [0mODOM [31mVisionX  +0.00 Y  +0.00 theta   +0.0 elt    0 [0mimu  -3.9 Dt    8 LtCy    4 integ.govd   -0.00   -0.00 integ.vbp -0.00 -0.00 omni.gos X     -0.0 ,Y     -0.1. omgD -0.005 omg  +0.00 loop   4522
[0mBatt=23.4 [0mODOM [31mVisionX  +0.00 Y  +0.00 theta   +0.0 elt    0 [0mimu  -3.9 Dt   10 LtCy    5 integ.govd   -0.00   -0.00 integ.vbp -0.00 -0.00 omni.gos X     -0.0 ,Y     -0.0. omgD -0.001 omg  +0.00 loop   4532
[0mBatt=23.4 [0mODOM [31mVisionX  +0.00 Y  +0.00 theta   +0.0 elt    0 [0mimu  -3.9 Dt   10 LtCy    5 integ.govd   -0.00   -0.00 integ.vbp -0.00 -0.00 omni.gos X     -0.0 ,Y     -0.1. omgD -0.005 omg  +0.00 loop   4515
[0mBatt=23.4 [0mODOM [31mVisionX  +0.00 Y  +0.00 theta   +0.0 elt    0 [0mimu  -3.9 Dt   10 LtCy    5 integ.govd   -0.00   -0.00 integ.vbp -0.00 -0.00 omni.gos X     -0.0 ,Y     -0.1. omgD -0.009 omg  +0.00 loop   4502
[0mBatt=23.4 [0mODOM [31mVisionX  +0.00 Y  +0.00 theta   +0.0 elt    0 [0mimu  -3.9 Dt   12 LtCy    6 integ.govd   -0.00   -0.00 integ.vbp -0.00 -0.00 omni.gos X     -0.0 ,Y     -0.1. omgD -0.009 omg  +0.00 loop   4534
[0mBatt=23.4 [0mODOM [31mVisionX  +0.00 Y  +0.00 theta   +0.0 elt    0 [0mimu  -3.9 Dt   12 LtCy    6 integ.govd   +0.00   +0.00 integ.vbp +0.00 +0.00 omni.gos X     +0.0 ,Y     +0.1. omgD +0.008 omg  +0.00 loop   4518
[0mBatt=23.3 [0mODOM [31mVisionX  +0.00 Y  +0.00 theta   +0.0 elt    0 [0mimu  -3.9 Dt    0 LtCy    0 integ.govd   +0.00   +0.00 integ.vbp +0.00 +0.00 omni.gos X     -0.0 ,Y     -0.1. omgD -0.009 omg  +0.00 loop   4448
[0mBatt=23.3 [0mODOM [31mVisionX  +0.00 Y  +0.00 theta   +0.0 elt    0 [0mimu  -3.9 Dt    0 LtCy    0 integ.govd   +0.00   +0.00 integ.vbp +0.00 +0.00 omni.gos X     -0.0 ,Y     -0.0. omgD -0.001 omg  +0.00 loop   4543
[0mBatt=23.3 [0mODOM [31mVisionX  +0.00 Y  +0.00 theta   +0.0 elt    0 [0mimu  -3.9 Dt    2 LtCy    1 integ.govd   -0.00   -0.00 integ.vbp -0.00 -0.00 omni.gos X     -0.0 ,Y     -0.1. omgD -0.009 omg  +0.00 loop   4559
[0mBatt=23.3 [0mODOM [31mVisionX  +0.00 Y  +0.00 theta   +0.0 elt    0 [0mimu  -3.9 Dt    4 LtCy    2 integ.govd   -0.00   -0.00 integ.vbp -0.00 -0.00 omni.gos X     -0.0 ,Y     -0.1. omgD -0.005 omg  +0.00 loop   4511
[0mBatt=23.3 [0mODOM [31mVisionX  +0.00 Y  +0.00 theta   +0.0 elt    0 [0mimu  -3.9 Dt    4 LtCy    2 integ.govd   -0.00   -0.00 integ.vbp -0.00 -0.00 omni.gos X     -0.0 ,Y     -0.1. omgD -0.005 omg  +0.00 loop   4524
[0mBatt=23.3 [0mODOM [31mVisionX  +0.00 Y  +0.00 theta   +0.0 elt    0 [0mimu  -3.9 Dt    4 LtCy    2 integ.govd   -0.00   -0.00 integ.vbp -0.00 -0.00 omni.gos X     +0.0 ,Y     -0.1. omgD -0.005 omg  +0.00 loop   4534
[0mBatt=23.3 [0mODOM [31mVisionX  +0.00 Y  +0.00 theta   +0.0 elt    0 [0mimu  -3.9 Dt    6 LtCy    3 integ.govd   -0.00   -0.00 integ.vbp -0.00 -0.00 omni.gos X     -0.0 ,Y     -0.1. omgD -0.005 omg  +0.00 loop   4509
[0mBatt=23.3 [0mODOM [31mVisionX  +0.00 Y  +0.00 theta   +0.0 elt    0 [0mimu  -3.9 Dt    8 LtCy    4 integ.govd   -0.00   -0.00 integ.vbp -0.00 -0.00 omni.gos X     -0.0 ,Y     -0.1. omgD -0.005 omg  +0.00 loop   4529
[0mBatt=23.3 [0mODOM [31mVisionX  +0.00 Y  +0.00 theta   +0.0 elt    0 [0mimu  -3.9 Dt    8 LtCy    4 integ.govd   +0.00   +0.00 integ.vbp +0.00 +0.00 omni.gos X     +0.0 ,Y     +0.0. omgD +0.004 omg  +0.00 loop   4533
[0mBatt=23.3 [0mODOM [31mVisionX  +0.00 Y  +0.00 theta   +0.0 elt    0 [0mimu  -3.9 Dt   10 LtCy    5 integ.govd   +0.00   +0.00 integ.vbp +0.00 +0.00 omni.gos X     +0.0 ,Y     +0.1. omgD +0.004 omg  +0.00 loop   4530
[0mBatt=23.3 [0mODOM [31mVisionX  +0.00 Y  +0.00 theta   +0.0 elt    0 [0mimu  -3.9 Dt   10 LtCy    5 integ.govd   -0.00   -0.00 integ.vbp -0.00 -0.00 omni.gos X     +0.0 ,Y     -0.0. omgD -0.003 omg  +0.00 loop   4505
[0mBatt=23.3 [0mODOM [31mVisionX  +0.00 Y  +0.00 theta   +0.0 elt    0 [0mimu  -3.9 Dt   12 LtCy    6 integ.govd   -0.00   -0.00 integ.vbp -0.00 -0.00 omni.gos X     +0.0 ,Y     -0.0. omgD -0.003 omg  +0.00 loop   4534
[0mBatt=23.4 [0mODOM [31mVisionX  +0.00 Y  +0.00 theta   +0.0 elt    0 [0mimu  -3.9 Dt   12 LtCy    6 integ.govd   +0.00   -0.00 integ.vbp +0.00 -0.00 omni.gos X     +0.0 ,Y     -0.0. omgD -0.003 omg  +0.00 loop   4536
[0mBatt=23.4 [0mODOM [31mVisionX  +0.00 Y  +0.00 theta   +0.0 elt    0 [0mimu  -3.9 Dt   14 LtCy    7 integ.govd   -0.00   -0.00 integ.vbp -0.00 -0.00 omni.gos X     +0.0 ,Y     +0.0. omgD +0.002 omg  +0.00 loop   4471
[0mBatt=23.4 [0mODOM [31mVisionX  +0.00 Y  +0.00 theta   +0.0 elt    0 [0mimu  -3.9 Dt    0 LtCy    0 integ.govd   +0.00   +0.00 integ.vbp +0.00 +0.00 omni.gos X     -0.0 ,Y     -0.1. omgD -0.005 omg  +0.00 loop   4516
[0mBatt=23.4 [0mODOM [31mVisionX  +0.00 Y  +0.00 theta   +0.0 elt    0 [0mimu  -3.9 Dt    2 LtCy    1 integ.govd   +0.00   -0.00 integ.vbp +0.00 -0.00 omni.gos X     +0.0 ,Y     -0.1. omgD -0.009 omg  +0.00 loop   4567
[0mBatt=23.4 [0mODOM [31mVisionX  +0.00 Y  +0.00 theta   +0.0 elt    0 [0mimu  -3.9 Dt    2 LtCy    1 integ.govd   +0.00   -0.00 integ.vbp +0.00 -0.00 omni.gos X     +0.0 ,Y     -0.1. omgD -0.009 omg  +0.00 loop   4526
[0mBatt=23.4 [0mODOM [31mVisionX  +0.00 Y  +0.00 theta   +0.0 elt    0 [0mimu  -3.9 Dt    4 LtCy    2 integ.govd   -0.00   -0.00 integ.vbp -0.00 -0.00 omni.gos X     -0.0 ,Y     -0.1. omgD -0.011 omg  +0.00 loop   4539
[0mBatt=23.4 [0mODOM [31mVisionX  +0.00 Y  +0.00 theta   +0.0 elt    0 [0mimu  -3.9 Dt    4 LtCy    2 integ.govd   +0.00   +0.00 integ.vbp +0.00 +0.00 omni.gos X     +0.0 ,Y     +0.1. omgD +0.008 omg  +0.00 loop   4533
[0mBatt=23.4 [0mODOM [31mVisionX  +0.00 Y  +0.00 theta   +0.0 elt    0 [0mimu  -3.9 Dt    6 LtCy    3 integ.govd   +0.00   -0.00 integ.vbp +0.00 -0.00 omni.gos X     +0.0 ,Y     -0.0. omgD -0.003 omg  +0.00 loop   4515
[0mBatt=23.4 [0mODOM [31mVisionX  +0.00 Y  +0.00 theta   +0.0 elt    0 [0mimu  -3.9 Dt    6 LtCy    3 integ.govd   -0.00   -0.00 integ.vbp -0.00 -0.00 omni.gos X     -0.0 ,Y     -0.1. omgD -0.005 omg  +0.00 loop   4489
[0mBatt=23.4 [0mODOM [31mVisionX  +0.00 Y  +0.00 theta   +0.0 elt    0 [0mimu  -3.9 Dt    8 LtCy    4 integ.govd   -0.00   -0.00 integ.vbp -0.00 -0.00 omni.gos X     -0.0 ,Y     -0.1. omgD -0.007 omg  +0.00 loop   4535
[0mBatt=23.4 [0mODOM [31mVisionX  +0.00 Y  +0.00 theta   +0.0 elt    0 [0mimu  -3.9 Dt    8 LtCy    4 integ.govd   +0.00   +0.00 integ.vbp +0.00 +0.00 omni.gos X     +0.0 ,Y     +0.0. omgD +0.002 omg  +0.00 loop   4523
[0mBatt=23.4 [0mODOM [31mVisionX  +0.00 Y  +0.00 theta   +0.0 elt    0 [0mimu  -3.9 Dt   10 LtCy    5 integ.govd   +0.00   +0.00 integ.vbp +0.00 +0.00 omni.gos X     +0.0 ,Y     +0.0. omgD +0.004 omg  +0.00 loop   4505
[0mBatt=23.4 [0mODOM [31mVisionX  +0.00 Y  +0.00 theta   +0.0 elt    0 [0mimu  -3.9 Dt   10 LtCy    5 integ.govd   +0.00   +0.00 integ.vbp +0.00 +0.00 omni.gos X     +0.0 ,Y     +0.0. omgD +0.004 omg  +0.00 loop   4532
[0mBatt=23.4 [0mODOM [31mVisionX  +0.00 Y  +0.00 theta   +0.0 elt    0 [0mimu  -3.9 Dt   12 LtCy    6 integ.govd   -0.00   -0.00 integ.vbp -0.00 -0.00 omni.gos X     -0.0 ,Y     -0.1. omgD -0.005 omg  +0.00 loop   4537
[0mBatt=23.4 [0mODOM [31mVisionX  +0.00 Y  +0.00 theta   +0.0 elt    0 [0mimu  -3.9 Dt   12 LtCy    6 integ.govd   -0.00   -0.00 integ.vbp -0.00 -0.00 omni.gos X     -0.0 ,Y     -0.1. omgD -0.005 omg  +0.00 loop   4486
[0mBatt=23.4 [0mODOM [31mVisionX  +0.00 Y  +0.00 theta   +0.0 elt    0 [0mimu  -3.9 Dt    0 LtCy    0 integ.govd   +0.00   +0.00 integ.vbp +0.00 +0.00 omni.gos X     +0.0 ,Y     -0.0. omgD -0.003 omg  +0.00 loop   4461
[0mBatt=23.4 [0mODOM [31mVisionX  +0.00 Y  +0.00 theta   +0.0 elt    0 [0mimu  -3.9 Dt    0 LtCy    0 integ.govd   +0.00   +0.00 integ.vbp +0.00 +0.00 omni.gos X     +0.0 ,Y     +0.0. omgD +0.004 omg  +0.00 loop   4566
[0mBatt=23.3 [0mODOM [31mVisionX  +0.00 Y  +0.00 theta   +0.0 elt    0 [0mimu  -3.9 Dt    2 LtCy    1 integ.govd   -0.00   -0.00 integ.vbp -0.00 -0.00 omni.gos X     -0.0 ,Y     -0.1. omgD -0.005 omg  +0.00 loop   4532
[0mBatt=23.3 [0mODOM [31mVisionX  +0.00 Y  +0.00 theta   +0.0 elt    0 [0mimu  -3.9 Dt    4 LtCy    2 integ.govd   -0.00   -0.00 integ.vbp -0.00 -0.00 omni.gos X     -0.0 ,Y     -0.2. omgD -0.011 omg  +0.00 loop   4517
[0mBatt=23.3 [0mODOM [31mVisionX  +0.00 Y  +0.00 theta   +0.0 elt    0 [0mimu  -3.9 Dt    4 LtCy    2 integ.govd   +0.00   -0.00 integ.vbp +0.00 -0.00 omni.gos X     +0.0 ,Y     -0.0. omgD -0.001 omg  +0.00 loop   4529
[0mBatt=23.3 [0mODOM [31mVisionX  +0.00 Y  +0.00 theta   +0.0 elt    0 [0mimu  -3.9 Dt    4 LtCy    2 integ.govd   +0.00   +0.00 integ.vbp +0.00 +0.00 omni.gos X     +0.0 ,Y     +0.1. omgD +0.006 omg  +0.00 loop   4532
[0mBatt=23.3 [0mODOM [31mVisionX  +0.00 Y  +0.00 theta   +0.0 elt    0 [0mimu  -3.9 Dt    6 LtCy    3 integ.govd   +0.00   +0.00 integ.vbp +0.00 +0.00 omni.gos X     +0.0 ,Y     +0.0. omgD +0.004 omg  +0.00 loop   4537
[0mBatt=23.3 [0mODOM [31mVisionX  +0.00 Y  +0.00 theta   +0.0 elt    0 [0mimu  -3.9 Dt    8 LtCy    4 integ.govd   -0.00   -0.00 integ.vbp -0.00 -0.00 omni.gos X     +0.0 ,Y     -0.1. omgD -0.005 omg  +0.00 loop   4528
[0mBatt=23.3 [0mODOM [31mVisionX  +0.00 Y  +0.00 theta   +0.0 elt    0 [0mimu  -3.9 Dt    8 LtCy    4 integ.govd   -0.00   -0.00 integ.vbp -0.00 -0.00 omni.gos X     -0.0 ,Y     -0.3. omgD -0.022 omg  +0.00 loop   4534
[0mBatt=23.3 [0mODOM [31mVisionX  +0.00 Y  +0.00 theta   +0.0 elt    0 [0mimu  -3.9 Dt    8 LtCy    4 integ.govd   -0.00   -0.00 integ.vbp -0.00 -0.00 omni.gos X     +0.0 ,Y     -0.1. omgD -0.005 omg  +0.00 loop   4492
[0mBatt=23.3 [0mODOM [31mVisionX  +0.00 Y  +0.00 theta   +0.0 elt    0 [0mimu  -3.9 Dt   10 LtCy    5 integ.govd   -0.00   -0.00 integ.vbp -0.00 -0.00 omni.gos X     +0.0 ,Y     -0.1. omgD -0.005 omg  +0.00 loop   4528
[0mBatt=23.3 [0mODOM [31mVisionX  +0.00 Y  +0.00 theta   +0.0 elt    0 [0mimu  -3.9 Dt   10 LtCy    5 integ.govd   -0.00   -0.00 integ.vbp -0.00 -0.00 omni.gos X     +0.0 ,Y     -0.1. omgD -0.005 omg  +0.00 loop   4536
[0mBatt=23.3 [0mODOM [31mVisionX  +0.00 Y  +0.00 theta   +0.0 elt    0 [0mimu  -3.9 Dt   12 LtCy    6 integ.govd   -0.00   -0.00 integ.vbp -0.00 -0.00 omni.gos X     -0.0 ,Y     -0.1. omgD -0.009 omg  +0.00 loop   4508
[0mBatt=23.3 [0mODOM [31mVisionX  +0.00 Y  +0.00 theta   +0.0 elt    0 [0mimu  -3.9 Dt   12 LtCy    6 integ.govd   -0.00   -0.00 integ.vbp -0.00 -0.00 omni.gos X     -0.0 ,Y     -0.1. omgD -0.009 omg  +0.00 loop   4477
[0mBatt=23.3 [0mODOM [31mVisionX  +0.00 Y  +0.00 theta   +0.0 elt    0 [0mimu  -3.9 Dt    6 LtCy    3 integ.govd   -0.00   -0.00 integ.vbp -0.00 -0.00 omni.gos X     -0.0 ,Y     -0.1. omgD -0.009 omg  +0.00 loop   2169
[0mBatt=23.3 [0mODOM [31mVisionX  +0.00 Y  +0.00 theta   +0.0 elt    0 [0mimu  -3.9 Dt    8 LtCy    4 integ.govd   +0.00   +0.00 integ.vbp +0.00 +0.00 omni.gos X     -0.0 ,Y     -0.1. omgD -0.005 omg  +0.00 loop   4528
[0mBatt=23.3 [0mODOM [31mVisionX  +0.00 Y  +0.00 theta   +0.0 elt    0 [0mimu  -3.9 Dt   10 LtCy    5 integ.govd   +0.00   -0.00 integ.vbp +0.00 -0.00 omni.gos X     +0.0 ,Y     -0.0. omgD -0.001 omg  +0.00 loop   4520
[0mBatt=23.3 [0mODOM [31mVisionX  +0.00 Y  +0.00 theta   +0.0 elt    0 [0mimu  -3.9 Dt   10 LtCy    5 integ.govd   +0.00   -0.00 integ.vbp +0.00 -0.00 omni.gos X     -0.0 ,Y     -0.1. omgD -0.009 omg  +0.00 loop   4539
[0mBatt=23.3 [0mODOM [31mVisionX  +0.00 Y  +0.00 theta   +0.0 elt    0 [0mimu  -3.9 Dt   10 LtCy    5 integ.govd   -0.00   -0.00 integ.vbp -0.00 -0.00 omni.gos X     +0.0 ,Y     -0.1. omgD -0.005 omg  +0.00 loop   4547
[0mBatt=23.3 [0mODOM [31mVisionX  +0.00 Y  +0.00 theta   +0.0 elt    0 [0mimu  -3.9 Dt   12 LtCy    6 integ.govd   -0.00   -0.00 integ.vbp -0.00 -0.00 omni.gos X     -0.0 ,Y     -0.2. omgD -0.018 omg  +0.00 loop   4504
[0mBatt=23.4 [0mODOM [31mVisionX  +0.00 Y  +0.00 theta   +0.0 elt    0 [0mimu  -3.9 Dt   12 LtCy    6 integ.govd   -0.00   -0.00 integ.vbp -0.00 -0.00 omni.gos X     -0.0 ,Y     -0.1. omgD -0.005 omg  +0.00 loop   4513
[0mBatt=23.4 [0mODOM [31mVisionX  +0.00 Y  +0.00 theta   +0.0 elt    0 [0mimu  -3.9 Dt   14 LtCy    7 integ.govd   -0.00   -0.00 integ.vbp -0.00 -0.00 omni.gos X     -0.0 ,Y     -0.2. omgD -0.013 omg  +0.00 loop   4469
[0mBatt=23.4 [0mODOM [31mVisionX  +0.00 Y  +0.00 theta   +0.0 elt    0 [0mimu  -3.9 Dt    0 LtCy    0 integ.govd   +0.00   +0.00 integ.vbp +0.00 +0.00 omni.gos X     -0.0 ,Y     -0.2. omgD -0.013 omg  +0.00 loop   4508
[0mBatt=23.4 [0mODOM [31mVisionX  +0.00 Y  +0.00 theta   +0.0 elt    0 [0mimu  -3.9 Dt    0 LtCy    0 integ.govd   +0.00   +0.00 integ.vbp +0.00 +0.00 omni.gos X     -0.0 ,Y     -0.1. omgD -0.009 omg  +0.00 loop   4534
[0mBatt=23.4 [0mODOM [31mVisionX  +0.00 Y  +0.00 theta   +0.0 elt    0 [0mimu  -3.9 Dt    2 LtCy    1 integ.govd   -0.00   -0.00 integ.vbp -0.00 -0.00 omni.gos X     -0.0 ,Y     -0.1. omgD -0.009 omg  +0.00 loop   4557
[0mBatt=23.3 [0mODOM [31mVisionX  +0.00 Y  +0.00 theta   +0.0 elt    0 [0mimu  -3.9 Dt    4 LtCy    2 integ.govd   -0.00   -0.00 integ.vbp -0.00 -0.00 omni.gos X     -0.0 ,Y     -0.1. omgD -0.009 omg  +0.00 loop   4523
[0mBatt=23.3 [0mODOM [31mVisionX  +0.00 Y  +0.00 theta   +0.0 elt    0 [0mimu  -3.9 Dt    4 LtCy    2 integ.govd   -0.00   -0.00 integ.vbp -0.00 -0.00 omni.gos X     +0.0 ,Y     -0.1. omgD -0.005 omg  +0.00 loop   4500
[0mBatt=23.3 [0mODOM [31mVisionX  +0.00 Y  +0.00 theta   +0.0 elt    0 [0mimu  -3.9 Dt    6 LtCy    3 integ.govd   +0.00   +0.00 integ.vbp +0.00 +0.00 omni.gos X     +0.0 ,Y     +0.0. omgD +0.004 omg  +0.00 loop   4542
[0mBatt=23.3 [0mODOM [31mVisionX  +0.00 Y  +0.00 theta   +0.0 elt    0 [0mimu  -3.9 Dt    8 LtCy    4 integ.govd   +0.00   +0.00 integ.vbp +0.00 +0.00 omni.gos X     +0.0 ,Y     -0.1. omgD -0.005 omg  +0.00 loop   4527
[0mBatt=23.3 [0mODOM [31mVisionX  +0.00 Y  +0.00 theta   +0.0 elt    0 [0mimu  -3.9 Dt    8 LtCy    4 integ.govd   -0.00   -0.00 integ.vbp -0.00 -0.00 omni.gos X     -0.0 ,Y     -0.2. omgD -0.018 omg  +0.00 loop   4516
[0mBatt=23.3 [0mODOM [31mVisionX  +0.00 Y  +0.00 theta   +0.0 elt    0 [0mimu  -3.9 Dt   10 LtCy    5 integ.govd   -0.00   -0.00 integ.vbp -0.00 -0.00 omni.gos X     -0.0 ,Y     -0.2. omgD -0.013 omg  +0.00 loop   4522
[0mBatt=23.3 [0mODOM [31mVisionX  +0.00 Y  +0.00 theta   +0.0 elt    0 [0mimu  -3.9 Dt   10 LtCy    5 integ.govd   -0.00   -0.00 integ.vbp -0.00 -0.00 omni.gos X     -0.0 ,Y     -0.1. omgD -0.009 omg  +0.00 loop   4532
[0mBatt=23.3 [0mODOM [31mVisionX  +0.00 Y  +0.00 theta   +0.0 elt    0 [0mimu  -3.9 Dt   10 LtCy    5 integ.govd   -0.00   -0.00 integ.vbp -0.00 -0.00 omni.gos X     -0.0 ,Y     -0.1. omgD -0.005 omg  +0.00 loop   4503
[0mBatt=23.3 [0mODOM [31mVisionX  +0.00 Y  +0.00 theta   +0.0 elt    0 [0mimu  -3.9 Dt   12 LtCy    6 integ.govd   +0.00   +0.00 integ.vbp +0.00 +0.00 omni.gos X     +0.0 ,Y     +0.1. omgD +0.008 omg  +0.00 loop   4509
[0mBatt=23.3 [0mODOM [31mVisionX  +0.00 Y  +0.00 theta   +0.0 elt    0 [0mimu  -3.9 Dt    0 LtCy    0 integ.govd   +0.00   +0.00 integ.vbp +0.00 +0.00 omni.gos X     +0.0 ,Y     -0.0. omgD -0.001 omg  +0.00 loop   4464
[0mBatt=23.3 [0mODOM [31mVisionX  +0.00 Y  +0.00 theta   +0.0 elt    0 [0mimu  -3.9 Dt    0 LtCy    0 integ.govd   +0.00   +0.00 integ.vbp +0.00 +0.00 omni.gos X     -0.0 ,Y     -0.2. omgD -0.013 omg  +0.00 loop   4549
[0mBatt=23.4 [0mODOM [31mVisionX  +0.00 Y  +0.00 theta   +0.0 elt    0 [0mimu  -3.9 Dt    0 LtCy    0 integ.govd   +0.00   +0.00 integ.vbp +0.00 +0.00 omni.gos X     -0.0 ,Y     -0.2. omgD -0.013 omg  +0.00 loop   4533
[0mBatt=23.4 [0mODOM [31mVisionX  +0.00 Y  +0.00 theta   +0.0 elt    0 [0mimu  -3.9 Dt    2 LtCy    1 integ.govd   -0.00   -0.00 integ.vbp -0.00 -0.00 omni.gos X     -0.0 ,Y     -0.1. omgD -0.009 omg  +0.00 loop   4553
[0mBatt=23.4 [0mODOM [31mVisionX  +0.00 Y  +0.00 theta   +0.0 elt    0 [0mimu  -3.9 Dt    2 LtCy    1 integ.govd   +0.00   -0.00 integ.vbp +0.00 -0.00 omni.gos X     +0.0 ,Y     -0.0. omgD -0.001 omg  +0.00 loop   4519
[0mBatt=23.4 [0mODOM [31mVisionX  +0.00 Y  +0.00 theta   +0.0 elt    0 [0mimu  -3.9 Dt    4 LtCy    2 integ.govd   +0.00   +0.00 integ.vbp +0.00 +0.00 omni.gos X     +0.0 ,Y     +0.1. omgD +0.008 omg  +0.00 loop   4520
[0mBatt=23.4 [0mODOM [31mVisionX  +0.00 Y  +0.00 theta   +0.0 elt    0 [0mimu  -3.9 Dt    6 LtCy    3 integ.govd   +0.00   +0.00 integ.vbp +0.00 +0.00 omni.gos X     +0.0 ,Y     -0.0. omgD -0.001 omg  +0.00 loop   4525
[0mBatt=23.4 [0mODOM [31mVisionX  +0.00 Y  +0.00 theta   +0.0 elt    0 [0mimu  -3.9 Dt    8 LtCy    4 integ.govd   -0.00   -0.00 integ.vbp -0.00 -0.00 omni.gos X     -0.0 ,Y     -0.1. omgD -0.009 omg  +0.00 loop   4554
[0mBatt=23.4 [0mODOM [31mVisionX  +0.00 Y  +0.00 theta   +0.0 elt    0 [0mimu  -3.9 Dt    8 LtCy    4 integ.govd   -0.00   -0.00 integ.vbp -0.00 -0.00 omni.gos X     +0.0 ,Y     -0.0. omgD -0.001 omg  +0.00 loop   4499
[0mBatt=23.4 [0mODOM [31mVisionX  +0.00 Y  +0.00 theta   +0.0 elt    0 [0mimu  -3.9 Dt   10 LtCy    5 integ.govd   -0.00   -0.00 integ.vbp -0.00 -0.00 omni.gos X     -0.0 ,Y     -0.1. omgD -0.005 omg  +0.00 loop   4525
[0mBatt=23.4 [0mODOM [31mVisionX  +0.00 Y  +0.00 theta   +0.0 elt    0 [0mimu  -3.9 Dt   10 LtCy    5 integ.govd   -0.00   -0.00 integ.vbp -0.00 -0.00 omni.gos X     -0.0 ,Y     -0.0. omgD -0.001 omg  +0.00 loop   4532
[0mBatt=23.4 [0mODOM [31mVisionX  +0.00 Y  +0.00 theta   +0.0 elt    0 [0mimu  -3.9 Dt   10 LtCy    5 integ.govd   +0.00   -0.00 integ.vbp +0.00 -0.00 omni.gos X     +0.0 ,Y     -0.0. omgD -0.001 omg  +0.00 loop   4499
[0mBatt=23.4 [0mODOM [31mVisionX  +0.00 Y  +0.00 theta   +0.0 elt    0 [0mimu  -3.9 Dt   12 LtCy    6 integ.govd   -0.00   -0.00 integ.vbp -0.00 -0.00 omni.gos X     -0.0 ,Y     -0.2. omgD -0.013 omg  +0.00 loop   4538
[0mBatt=23.4 [0mODOM [31mVisionX  +0.00 Y  +0.00 theta   +0.0 elt    0 [0mimu  -3.9 Dt   12 LtCy    6 integ.govd   -0.00   -0.00 integ.vbp -0.00 -0.00 omni.gos X     -0.0 ,Y     -0.1. omgD -0.005 omg  +0.00 loop   4517
[0mBatt=23.4 [0mODOM [31mVisionX  +0.00 Y  +0.00 theta   +0.0 elt    0 [0mimu  -3.9 Dt    0 LtCy    0 integ.govd   +0.00   +0.00 integ.vbp +0.00 +0.00 omni.gos X     -0.0 ,Y     -0.1. omgD -0.005 omg  +0.00 loop   4441
[0mBatt=23.4 [0mODOM [31mVisionX  +0.00 Y  +0.00 theta   +0.0 elt    0 [0mimu  -3.9 Dt    0 LtCy    0 integ.govd   +0.00   +0.00 integ.vbp +0.00 +0.00 omni.gos X     +0.0 ,Y     +0.0. omgD +0.004 omg  +0.00 loop   4527
[0mBatt=23.4 [0mODOM [31mVisionX  +0.00 Y  +0.00 theta   +0.0 elt    0 [0mimu  -3.9 Dt    0 LtCy    0 integ.govd   +0.00   +0.00 integ.vbp +0.00 +0.00 omni.gos X     +0.0 ,Y     -0.0. omgD -0.001 omg  +0.00 loop   4550
[0mBatt=23.4 [0mODOM [31mVisionX  +0.00 Y  +0.00 theta   +0.0 elt    0 [0mimu  -3.9 Dt    2 LtCy    1 integ.govd   +0.00   -0.00 integ.vbp +0.00 -0.00 omni.gos X     +0.0 ,Y     -0.1. omgD -0.009 omg  +0.00 loop   4560
[0mBatt=23.4 [0mODOM [31mVisionX  +0.00 Y  +0.00 theta   +0.0 elt    0 [0mimu  -3.9 Dt    4 LtCy    2 integ.govd   -0.00   -0.00 integ.vbp -0.00 -0.00 omni.gos X     +0.0 ,Y     -0.1. omgD -0.005 omg  +0.00 loop   4521
[0mBatt=23.3 [0mODOM [31mVisionX  +0.00 Y  +0.00 theta   +0.0 elt    0 [0mimu  -3.9 Dt    4 LtCy    2 integ.govd   -0.00   -0.00 integ.vbp -0.00 -0.00 omni.gos X     -0.0 ,Y     -0.1. omgD -0.009 omg  +0.00 loop   4531
[0mBatt=23.3 [0mODOM [31mVisionX  +0.00 Y  +0.00 theta   +0.0 elt    0 [0mimu  -3.9 Dt    6 LtCy    3 integ.govd   +0.00   +0.00 integ.vbp +0.00 +0.00 omni.gos X     +0.0 ,Y     +0.0. omgD +0.004 omg  +0.00 loop   4524
[0mBatt=23.3 [0mODOM [31mVisionX  +0.00 Y  +0.00 theta   +0.0 elt    0 [0mimu  -3.9 Dt    6 LtCy    3 integ.govd   -0.00   -0.00 integ.vbp -0.00 -0.00 omni.gos X     +0.0 ,Y     -0.0. omgD -0.001 omg  +0.00 loop   4504
[0mBatt=23.3 [0mODOM [31mVisionX  +0.00 Y  +0.00 theta   +0.0 elt    0 [0mimu  -3.9 Dt    8 LtCy    4 integ.govd   -0.00   -0.00 integ.vbp -0.00 -0.00 omni.gos X     +0.0 ,Y     -0.1. omgD -0.005 omg  +0.00 loop   4526
[0mBatt=23.3 [0mODOM [31mVisionX  +0.00 Y  +0.00 theta   +0.0 elt    0 [0mimu  -3.9 Dt   10 LtCy    5 integ.govd   -0.00   -0.00 integ.vbp -0.00 -0.00 omni.gos X     -0.0 ,Y     -0.1. omgD -0.005 omg  +0.00 loop   4534
[0mBatt=23.3 [0mODOM [31mVisionX  +0.00 Y  +0.00 theta   +0.0 elt    0 [0mimu  -3.9 Dt   10 LtCy    5 integ.govd   -0.00   -0.00 integ.vbp -0.00 -0.00 omni.gos X     +0.0 ,Y     -0.0. omgD -0.001 omg  +0.00 loop   4515
[0mBatt=23.3 [0mODOM [31mVisionX  +0.00 Y  +0.00 theta   +0.0 elt    0 [0mimu  -3.9 Dt   12 LtCy    6 integ.govd   -0.00   -0.00 integ.vbp -0.00 -0.00 omni.gos X     -0.0 ,Y     -0.1. omgD -0.005 omg  +0.00 loop   4498
[0mBatt=23.3 [0mODOM [31mVisionX  +0.00 Y  +0.00 theta   +0.0 elt    0 [0mimu  -3.9 Dt   12 LtCy    6 integ.govd   -0.00   -0.00 integ.vbp -0.00 -0.00 omni.gos X     +0.0 ,Y     -0.1. omgD -0.005 omg  +0.00 loop   4523
[0mBatt=23.3 [0mODOM [31mVisionX  +0.00 Y  +0.00 theta   +0.0 elt    0 [0mimu  -3.9 Dt   14 LtCy    7 integ.govd   -0.00   -0.00 integ.vbp -0.00 -0.00 omni.gos X     -0.0 ,Y     -0.2. omgD -0.013 omg  +0.00 loop   4527
[0mBatt=23.3 [0mODOM [31mVisionX  +0.00 Y  +0.00 theta   +0.0 elt    0 [0mimu  -3.9 Dt    0 LtCy    0 integ.govd   +0.00   +0.00 integ.vbp +0.00 +0.00 omni.gos X     -0.0 ,Y     -0.1. omgD -0.005 omg  +0.00 loop   4422
[0mBatt=23.3 [0mODOM [31mVisionX  +0.00 Y  +0.00 theta   +0.0 elt    0 [0mimu  -3.9 Dt    0 LtCy    0 integ.govd   +0.00   +0.00 integ.vbp +0.00 +0.00 omni.gos X     +0.0 ,Y     -0.0. omgD -0.001 omg  +0.00 loop   4554
[0mBatt=23.4 [0mODOM [31mVisionX  +0.00 Y  +0.00 theta   +0.0 elt    0 [0mimu  -3.9 Dt    2 LtCy    1 integ.govd   +0.00   +0.00 integ.vbp +0.00 +0.00 omni.gos X     +0.0 ,Y     +0.0. omgD +0.004 omg  +0.00 loop   4567
[0mBatt=23.4 [0mODOM [31mVisionX  +0.00 Y  +0.00 theta   +0.0 elt    0 [0mimu  -3.9 Dt    2 LtCy    1 integ.govd   +0.00   -0.00 integ.vbp +0.00 -0.00 omni.gos X     +0.0 ,Y     -0.0. omgD -0.001 omg  +0.00 loop   4498
[0mBatt=23.4 [0mODOM [31mVisionX  +0.00 Y  +0.00 theta   +0.0 elt    0 [0mimu  -3.9 Dt    4 LtCy    2 integ.govd   -0.00   -0.00 integ.vbp -0.00 -0.00 omni.gos X     -0.0 ,Y     -0.1. omgD -0.005 omg  +0.00 loop   4536
[0mBatt=23.4 [0mODOM [31mVisionX  +0.00 Y  +0.00 theta   +0.0 elt    0 [0mimu  -3.9 Dt    4 LtCy    2 integ.govd   -0.00   -0.00 integ.vbp -0.00 -0.00 omni.gos X     +0.0 ,Y     -0.1. omgD -0.005 omg  +0.00 loop   4531
[0mBatt=23.4 [0mODOM [31mVisionX  +0.00 Y  +0.00 theta   +0.0 elt    0 [0mimu  -3.9 Dt    6 LtCy    3 integ.govd   +0.00   -0.00 integ.vbp +0.00 -0.00 omni.gos X     +0.0 ,Y     -0.0. omgD -0.001 omg  +0.00 loop   4514
[0mBatt=23.4 [0mODOM [31mVisionX  +0.00 Y  +0.00 theta   +0.0 elt    0 [0mimu  -3.9 Dt    8 LtCy    4 integ.govd   -0.00   -0.00 integ.vbp -0.00 -0.00 omni.gos X     -0.0 ,Y     -0.1. omgD -0.005 omg  +0.00 loop   4545
[0mBatt=23.4 [0mODOM [31mVisionX  +0.00 Y  +0.00 theta   +0.0 elt    0 [0mimu  -3.9 Dt    8 LtCy    4 integ.govd   -0.00   -0.00 integ.vbp -0.00 -0.00 omni.gos X     -0.0 ,Y     -0.1. omgD -0.009 omg  +0.00 loop   4519
[0mBatt=23.4 [0mODOM [31mVisionX  +0.00 Y  +0.00 theta   +0.0 elt    0 [0mimu  -3.9 Dt   10 LtCy    5 integ.govd   -0.00   -0.00 integ.vbp -0.00 -0.00 omni.gos X     -0.0 ,Y     -0.1. omgD -0.009 omg  +0.00 loop   4525
[0mBatt=23.4 [0mODOM [31mVisionX  +0.00 Y  +0.00 theta   +0.0 elt    0 [0mimu  -3.9 Dt   10 LtCy    5 integ.govd   -0.00   -0.00 integ.vbp -0.00 -0.00 omni.gos X     -0.0 ,Y     -0.1. omgD -0.005 omg  +0.00 loop   4502
[0mBatt=23.4 [0mODOM [31mVisionX  +0.00 Y  +0.00 theta   +0.0 elt    0 [0mimu  -3.9 Dt   12 LtCy    6 integ.govd   +0.00   +0.00 integ.vbp +0.00 +0.00 omni.gos X     +0.0 ,Y     +0.0. omgD +0.004 omg  +0.00 loop   4527
[0mBatt=23.4 [0mODOM [31mVisionX  +0.00 Y  +0.00 theta   +0.0 elt    0 [0mimu  -3.9 Dt   12 LtCy    6 integ.govd   +0.00   +0.00 integ.vbp +0.00 +0.00 omni.gos X     +0.0 ,Y     +0.0. omgD +0.004 omg  +0.00 loop   4535
[0mBatt=23.4 [0mODOM [31mVisionX  +0.00 Y  +0.00 theta   +0.0 elt    0 [0mimu  -3.9 Dt   14 LtCy    7 integ.govd   +0.00   +0.00 integ.vbp +0.00 +0.00 omni.gos X     +0.0 ,Y     -0.0. omgD -0.003 omg  +0.00 loop   4428
[0mBatt=23.4 [0mODOM [31mVisionX  +0.00 Y  +0.00 theta   +0.0 elt    0 [0mimu  -3.9 Dt    0 LtCy    0 integ.govd   +0.00   +0.00 integ.vbp +0.00 +0.00 omni.gos X     -0.0 ,Y     -0.1. omgD -0.011 omg  +0.00 loop   4550
[0mBatt=23.4 [0mODOM [31mVisionX  +0.00 Y  +0.00 theta   +0.0 elt    0 [0mimu  -3.9 Dt    8 LtCy    4 integ.govd   -0.00   -0.00 integ.vbp -0.00 -0.00 omni.gos X     -0.0 ,Y     -0.2. omgD -0.016 omg  +0.00 loop   2221
[0mBatt=23.4 [0mODOM [31mVisionX  +0.00 Y  +0.00 theta   +0.0 elt    0 [0mimu  -3.9 Dt    8 LtCy    4 integ.govd   -0.00   -0.00 integ.vbp -0.00 -0.00 omni.gos X     +0.0 ,Y     -0.1. omgD -0.005 omg  +0.00 loop   4515
[0mBatt=23.4 [0mODOM [31mVisionX  +0.00 Y  +0.00 theta   +0.0 elt    0 [0mimu  -3.9 Dt   10 LtCy    5 integ.govd   -0.00   -0.00 integ.vbp -0.00 -0.00 omni.gos X     +0.0 ,Y     -0.0. omgD -0.003 omg  +0.00 loop   4505
[0mBatt=23.4 [0mODOM [31mVisionX  +0.00 Y  +0.00 theta   +0.0 elt    0 [0mimu  -3.9 Dt   12 LtCy    6 integ.govd   -0.00   -0.00 integ.vbp -0.00 -0.00 omni.gos X     -0.0 ,Y     -0.1. omgD -0.005 omg  +0.00 loop   4534
[0mBatt=23.4 [0mODOM [31mVisionX  +0.00 Y  +0.00 theta   +0.0 elt    0 [0mimu  -3.9 Dt   12 LtCy    6 integ.govd   -0.00   -0.00 integ.vbp -0.00 -0.00 omni.gos X     -0.0 ,Y     -0.0. omgD -0.003 omg  +0.00 loop   4534
[0mBatt=23.4 [0mODOM [31mVisionX  +0.00 Y  +0.00 theta   +0.0 elt    0 [0mimu  -3.9 Dt   12 LtCy    6 integ.govd   -0.00   -0.00 integ.vbp -0.00 -0.00 omni.gos X     -0.0 ,Y     -0.1. omgD -0.009 omg  +0.00 loop   4454
[0mBatt=23.4 [0mODOM [31mVisionX  +0.00 Y  +0.00 theta   +0.0 elt    0 [0mimu  -3.9 Dt    0 LtCy    0 integ.govd   +0.00   +0.00 integ.vbp +0.00 +0.00 omni.gos X     +0.0 ,Y     -0.1. omgD -0.005 omg  +0.00 loop   4504
[0mBatt=23.3 [0mODOM [31mVisionX  +0.00 Y  +0.00 theta   +0.0 elt    0 [0mimu  -3.9 Dt    0 LtCy    0 integ.govd   +0.00   +0.00 integ.vbp +0.00 +0.00 omni.gos X     +0.0 ,Y     -0.0. omgD -0.001 omg  +0.00 loop   4562
[0mBatt=23.3 [0mODOM [31mVisionX  +0.00 Y  +0.00 theta   +0.0 elt    0 [0mimu  -3.9 Dt    2 LtCy    1 integ.govd   -0.00   -0.00 integ.vbp -0.00 -0.00 omni.gos X     -0.0 ,Y     -0.0. omgD -0.003 omg  +0.00 loop   4541
[0mBatt=23.3 [0mODOM [31mVisionX  +0.00 Y  +0.00 theta   +0.0 elt    0 [0mimu  -3.9 Dt    4 LtCy    2 integ.govd   +0.00   -0.00 integ.vbp +0.00 -0.00 omni.gos X     +0.0 ,Y     -0.0. omgD -0.003 omg  +0.00 loop   4526
[0mBatt=23.4 [0mODOM [31mVisionX  +0.00 Y  +0.00 theta   +0.0 elt    0 [0mimu  -3.9 Dt    4 LtCy    2 integ.govd   -0.00   -0.00 integ.vbp -0.00 -0.00 omni.gos X     -0.0 ,Y     -0.1. omgD -0.007 omg  +0.00 loop   4547
[0mBatt=23.3 [0mODOM [31mVisionX  +0.00 Y  +0.00 theta   +0.0 elt    0 [0mimu  -3.9 Dt    4 LtCy    2 integ.govd   -0.00   -0.00 integ.vbp -0.00 -0.00 omni.gos X     -0.0 ,Y     -0.1. omgD -0.011 omg  +0.00 loop   4513
[0mBatt=23.3 [0mODOM [31mVisionX  +0.00 Y  +0.00 theta   +0.0 elt    0 [0mimu  -3.9 Dt    6 LtCy    3 integ.govd   -0.00   -0.00 integ.vbp -0.00 -0.00 omni.gos X     -0.0 ,Y     -0.1. omgD -0.007 omg  +0.00 loop   4509
[0mBatt=23.3 [0mODOM [31mVisionX  +0.00 Y  +0.00 theta   +0.0 elt    0 [0mimu  -3.9 Dt    8 LtCy    4 integ.govd   +0.00   -0.00 integ.vbp +0.00 -0.00 omni.gos X     +0.0 ,Y     +0.0. omgD +0.002 omg  +0.00 loop   4527
[0mBatt=23.3 [0mODOM [31mVisionX  +0.00 Y  +0.00 theta   +0.0 elt    0 [0mimu  -3.9 Dt    8 LtCy    4 integ.govd   +0.00   -0.00 integ.vbp +0.00 -0.00 omni.gos X     +0.0 ,Y     -0.0. omgD -0.003 omg  +0.00 loop   4535
[0mBatt=23.3 [0mODOM [31mVisionX  +0.00 Y  +0.00 theta   +0.0 elt    0 [0mimu  -3.9 Dt   10 LtCy    5 integ.govd   -0.00   -0.00 integ.vbp -0.00 -0.00 omni.gos X     +0.0 ,Y     -0.1. omgD -0.005 omg  +0.00 loop   4525
[0mBatt=23.3 [0mODOM [31mVisionX  +0.00 Y  +0.00 theta   +0.0 elt    0 [0mimu  -3.9 Dt   10 LtCy    5 integ.govd   -0.00   -0.00 integ.vbp -0.00 -0.00 omni.gos X     -0.0 ,Y     -0.0. omgD -0.003 omg  +0.00 loop   4536
[0mBatt=23.3 [0mODOM [31mVisionX  +0.00 Y  +0.00 theta   +0.0 elt    0 [0mimu  -3.9 Dt   12 LtCy    6 integ.govd   -0.00   -0.00 integ.vbp -0.00 -0.00 omni.gos X     -0.0 ,Y     -0.1. omgD -0.009 omg  +0.00 loop   4536
[0mBatt=23.3 [0mODOM [31mVisionX  +0.00 Y  +0.00 theta   +0.0 elt    0 [0mimu  -3.9 Dt   12 LtCy    6 integ.govd   -0.00   -0.00 integ.vbp -0.00 -0.00 omni.gos X     -0.0 ,Y     -0.1. omgD -0.005 omg  +0.00 loop   4498
[0mBatt=23.3 [0mODOM [31mVisionX  +0.00 Y  +0.00 theta   +0.0 elt    0 [0mimu  -3.9 Dt    0 LtCy    0 integ.govd   +0.00   +0.00 integ.vbp +0.00 +0.00 omni.gos X     +0.0 ,Y     -0.0. omgD -0.003 omg  +0.00 loop   4455
[0mBatt=23.3 [0mODOM [31mVisionX  +0.00 Y  +0.00 theta   +0.0 elt    0 [0mimu  -3.9 Dt    0 LtCy    0 integ.govd   +0.00   +0.00 integ.vbp +0.00 +0.00 omni.gos X     +0.0 ,Y     +0.1. omgD +0.004 omg  +0.00 loop   4573
[0mBatt=23.3 [0mODOM [31mVisionX  +0.00 Y  +0.00 theta   +0.0 elt    0 [0mimu  -3.9 Dt    2 LtCy    1 integ.govd   -0.00   -0.00 integ.vbp -0.00 -0.00 omni.gos X     -0.0 ,Y     -0.1. omgD -0.005 omg  +0.00 loop   4534
[0mBatt=23.3 [0mODOM [31mVisionX  +0.00 Y  +0.00 theta   +0.0 elt    0 [0mimu  -3.9 Dt    2 LtCy    1 integ.govd   -0.00   -0.00 integ.vbp -0.00 -0.00 omni.gos X     -0.0 ,Y     -0.1. omgD -0.009 omg  +0.00 loop   4507
[0mBatt=23.3 [0mODOM [31mVisionX  +0.00 Y  +0.00 theta   +0.0 elt    0 [0mimu  -3.9 Dt    4 LtCy    2 integ.govd   +0.00   -0.00 integ.vbp +0.00 -0.00 omni.gos X     +0.0 ,Y     -0.0. omgD -0.001 omg  +0.00 loop   4532
[0mBatt=23.3 [0mODOM [31mVisionX  +0.00 Y  +0.00 theta   +0.0 elt    0 [0mimu  -3.9 Dt    4 LtCy    2 integ.govd   -0.00   -0.00 integ.vbp -0.00 -0.00 omni.gos X     -0.0 ,Y     -0.1. omgD -0.009 omg  +0.00 loop   4531
[0mBatt=23.3 [0mODOM [31mVisionX  +0.00 Y  +0.00 theta   +0.0 elt    0 [0mimu  -3.9 Dt    6 LtCy    3 integ.govd   -0.00   -0.00 integ.vbp -0.00 -0.00 omni.gos X     +0.0 ,Y     -0.0. omgD -0.001 omg  +0.00 loop   4515
[0mBatt=23.4 [0mODOM [31mVisionX  +0.00 Y  +0.00 theta   +0.0 elt    0 [0mimu  -3.9 Dt    6 LtCy    3 integ.govd   +0.00   -0.00 integ.vbp +0.00 -0.00 omni.gos X     +0.0 ,Y     -0.0. omgD -0.001 omg  +0.00 loop   4526
[0mBatt=23.4 [0mODOM [31mVisionX  +0.00 Y  +0.00 theta   +0.0 elt    0 [0mimu  -3.9 Dt    6 LtCy    3 integ.govd   -0.00   -0.00 integ.vbp -0.00 -0.00 omni.gos X     -0.0 ,Y     -0.0. omgD -0.001 omg  +0.00 loop   4541
[0mBatt=23.4 [0mODOM [31mVisionX  +0.00 Y  +0.00 theta   +0.0 elt    0 [0mimu  -3.9 Dt    8 LtCy    4 integ.govd   -0.00   -0.00 integ.vbp -0.00 -0.00 omni.gos X     -0.0 ,Y     -0.1. omgD -0.005 omg  +0.00 loop   4498
[0mBatt=23.4 [0mODOM [31mVisionX  +0.00 Y  +0.00 theta   +0.0 elt    0 [0mimu  -3.9 Dt   10 LtCy    5 integ.govd   -0.00   -0.00 integ.vbp -0.00 -0.00 omni.gos X     -0.0 ,Y     -0.1. omgD -0.005 omg  +0.00 loop   4525
[0mBatt=23.4 [0mODOM [31mVisionX  +0.00 Y  +0.00 theta   +0.0 elt    0 [0mimu  -3.9 Dt   12 LtCy    6 integ.govd   +0.00   +0.00 integ.vbp +0.00 +0.00 omni.gos X     +0.0 ,Y     -0.1. omgD -0.005 omg  +0.00 loop   4535
[0mBatt=23.4 [0mODOM [31mVisionX  +0.00 Y  +0.00 theta   +0.0 elt    0 [0mimu  -4.0 Dt   12 LtCy    6 integ.govd   -0.00   -0.00 integ.vbp -0.00 -0.00 omni.gos X     +0.0 ,Y     -0.1. omgD -0.005 omg  +0.00 loop   4510
[0mBatt=23.4 [0mODOM [31mVisionX  +0.00 Y  +0.00 theta   +0.0 elt    0 [0mimu  -4.0 Dt   12 LtCy    6 integ.govd   -0.00   -0.00 integ.vbp -0.00 -0.00 omni.gos X     +0.0 ,Y     -0.0. omgD -0.001 omg  +0.00 loop   4534
[0mBatt=23.4 [0mODOM [31mVisionX  +0.00 Y  +0.00 theta   +0.0 elt    0 [0mimu  -4.0 Dt    0 LtCy    0 integ.govd   +0.00   +0.00 integ.vbp +0.00 +0.00 omni.gos X     +0.0 ,Y     -0.0. omgD -0.001 omg  +0.00 loop   4461
[0mBatt=23.4 [0mODOM [31mVisionX  +0.00 Y  +0.00 theta   +0.0 elt    0 [0mimu  -4.0 Dt    0 LtCy    0 integ.govd   +0.00   +0.00 integ.vbp +0.00 +0.00 omni.gos X     +0.0 ,Y     -0.1. omgD -0.005 omg  +0.00 loop   4552
[0mBatt=23.3 [0mODOM [31mVisionX  +0.00 Y  +0.00 theta   +0.0 elt    0 [0mimu  -4.0 Dt    2 LtCy    1 integ.govd   -0.00   -0.00 integ.vbp -0.00 -0.00 omni.gos X     -0.0 ,Y     -0.1. omgD -0.009 omg  +0.00 loop   4543
[0mBatt=23.3 [0mODOM [31mVisionX  +0.00 Y  +0.00 theta   +0.0 elt    0 [0mimu  -4.0 Dt    4 LtCy    2 integ.govd   -0.00   -0.00 integ.vbp -0.00 -0.00 omni.gos X     -0.0 ,Y     -0.1. omgD -0.009 omg  +0.00 loop   4529
[0mBatt=23.3 [0mODOM [31mVisionX  +0.00 Y  +0.00 theta   +0.0 elt    0 [0mimu  -4.0 Dt    4 LtCy    2 integ.govd   -0.00   -0.00 integ.vbp -0.00 -0.00 omni.gos X     -0.0 ,Y     -0.1. omgD -0.005 omg  +0.00 loop   4524
[0mBatt=23.3 [0mODOM [31mVisionX  +0.00 Y  +0.00 theta   +0.0 elt    0 [0mimu  -4.0 Dt    4 LtCy    2 integ.govd   +0.00   -0.00 integ.vbp +0.00 -0.00 omni.gos X     +0.0 ,Y     -0.1. omgD -0.005 omg  +0.00 loop   4493
[0mBatt=23.3 [0mODOM [31mVisionX  +0.00 Y  +0.00 theta   +0.0 elt    0 [0mimu  -4.0 Dt    6 LtCy    3 integ.govd   -0.00   -0.00 integ.vbp -0.00 -0.00 omni.gos X     +0.0 ,Y     +0.0. omgD +0.004 omg  +0.00 loop   4559
[0mBatt=23.3 [0mODOM [31mVisionX  +0.00 Y  +0.00 theta   +0.0 elt    0 [0mimu  -4.0 Dt    8 LtCy    4 integ.govd   +0.00   -0.00 integ.vbp +0.00 -0.00 omni.gos X     +0.0 ,Y     -0.0. omgD -0.001 omg  +0.00 loop   4535
[0mBatt=23.3 [0mODOM [31mVisionX  +0.00 Y  +0.00 theta   +0.0 elt    0 [0mimu  -4.0 Dt    8 LtCy    4 integ.govd   -0.00   -0.00 integ.vbp -0.00 -0.00 omni.gos X     -0.0 ,Y     -0.0. omgD -0.001 omg  +0.00 loop   4533
[0mBatt=23.3 [0mODOM [31mVisionX  +0.00 Y  +0.00 theta   +0.0 elt    0 [0mimu  -4.0 Dt    8 LtCy    4 integ.govd   -0.00   -0.00 integ.vbp -0.00 -0.00 omni.gos X     +0.0 ,Y     -0.0. omgD -0.001 omg  +0.00 loop   4523
[0mBatt=23.3 [0mODOM [31mVisionX  +0.00 Y  +0.00 theta   +0.0 elt    0 [0mimu  -4.0 Dt   10 LtCy    5 integ.govd   -0.00   -0.00 integ.vbp -0.00 -0.00 omni.gos X     -0.0 ,Y     -0.1. omgD -0.005 omg  +0.00 loop   4545
[0mBatt=23.3 [0mODOM [31mVisionX  +0.00 Y  +0.00 theta   +0.0 elt    0 [0mimu  -4.0 Dt   10 LtCy    5 integ.govd   -0.00   -0.00 integ.vbp -0.00 -0.00 omni.gos X     -0.0 ,Y     -0.1. omgD -0.009 omg  +0.00 loop   4504
[0mBatt=23.3 [0mODOM [31mVisionX  +0.00 Y  +0.00 theta   +0.0 elt    0 [0mimu  -4.0 Dt   12 LtCy    6 integ.govd   -0.00   -0.00 integ.vbp -0.00 -0.00 omni.gos X     -0.0 ,Y     -0.1. omgD -0.005 omg  +0.00 loop   4518
[0mBatt=23.3 [0mODOM [31mVisionX  +0.00 Y  +0.00 theta   +0.0 elt    0 [0mimu  -4.0 Dt   14 LtCy    7 integ.govd   +0.00   +0.00 integ.vbp +0.00 +0.00 omni.gos X     -0.0 ,Y     -0.1. omgD -0.005 omg  +0.00 loop   4472
[0mBatt=23.3 [0mODOM [31mVisionX  +0.00 Y  +0.00 theta   +0.0 elt    0 [0mimu  -4.0 Dt    0 LtCy    0 integ.govd   +0.00   +0.00 integ.vbp +0.00 +0.00 omni.gos X     +0.0 ,Y     -0.1. omgD -0.005 omg  +0.00 loop   4515
[0mBatt=23.3 [0mODOM [31mVisionX  +0.00 Y  +0.00 theta   +0.0 elt    0 [0mimu  -4.0 Dt    2 LtCy    1 integ.govd   -0.00   -0.00 integ.vbp -0.00 -0.00 omni.gos X     -0.0 ,Y     -0.1. omgD -0.009 omg  +0.00 loop   4564
[0mBatt=23.3 [0mODOM [31mVisionX  +0.00 Y  +0.00 theta   +0.0 elt    0 [0mimu  -4.0 Dt    2 LtCy    1 integ.govd   -0.00   -0.00 integ.vbp -0.00 -0.00 omni.gos X     -0.0 ,Y     -0.2. omgD -0.013 omg  +0.00 loop   4532
[0mBatt=23.3 [0mODOM [31mVisionX  +0.00 Y  +0.00 theta   +0.0 elt    0 [0mimu  -4.0 Dt    4 LtCy    2 integ.govd   +0.00   +0.00 integ.vbp +0.00 +0.00 omni.gos X     +0.0 ,Y     +0.0. omgD +0.004 omg  +0.00 loop   4536
[0mBatt=23.3 [0mODOM [31mVisionX  +0.00 Y  +0.00 theta   +0.0 elt    0 [0mimu  -4.0 Dt    4 LtCy    2 integ.govd   -0.00   -0.00 integ.vbp -0.00 -0.00 omni.gos X     -0.0 ,Y     -0.1. omgD -0.009 omg  +0.00 loop   4505
[0mBatt=23.3 [0mODOM [31mVisionX  +0.00 Y  +0.00 theta   +0.0 elt    0 [0mimu  -4.0 Dt    4 LtCy    2 integ.govd   +0.00   +0.00 integ.vbp +0.00 +0.00 omni.gos X     +0.0 ,Y     +0.0. omgD +0.004 omg  +0.00 loop   4533
[0mBatt=23.3 [0mODOM [31mVisionX  +0.00 Y  +0.00 theta   +0.0 elt    0 [0mimu  -4.0 Dt    6 LtCy    3 integ.govd   +0.00   +0.00 integ.vbp +0.00 +0.00 omni.gos X     +0.0 ,Y     +0.0. omgD +0.004 omg  +0.00 loop   4547
[0mBatt=23.3 [0mODOM [31mVisionX  +0.00 Y  +0.00 theta   +0.0 elt    0 [0mimu  -4.0 Dt    8 LtCy    4 integ.govd   -0.00   -0.00 integ.vbp -0.00 -0.00 omni.gos X     -0.0 ,Y     -0.1. omgD -0.005 omg  +0.00 loop   4510
[0mBatt=23.3 [0mODOM [31mVisionX  +0.00 Y  +0.00 theta   +0.0 elt    0 [0mimu  -4.0 Dt   10 LtCy    5 integ.govd   -0.00   -0.00 integ.vbp -0.00 -0.00 omni.gos X     -0.0 ,Y     -0.2. omgD -0.018 omg  +0.00 loop   4534
[0mBatt=23.3 [0mODOM [31mVisionX  +0.00 Y  +0.00 theta   +0.0 elt    0 [0mimu  -4.0 Dt   10 LtCy    5 integ.govd   -0.00   -0.00 integ.vbp -0.00 -0.00 omni.gos X     +0.0 ,Y     -0.0. omgD -0.001 omg  +0.00 loop   4529
[0mBatt=23.3 [0mODOM [31mVisionX  +0.00 Y  +0.00 theta   +0.0 elt    0 [0mimu  -4.0 Dt   10 LtCy    5 integ.govd   -0.00   -0.00 integ.vbp -0.00 -0.00 omni.gos X     -0.0 ,Y     -0.2. omgD -0.013 omg  +0.00 loop   4515
[0mBatt=23.3 [0mODOM [31mVisionX  +0.00 Y  +0.00 theta   +0.0 elt    0 [0mimu  -4.0 Dt   12 LtCy    6 integ.govd   -0.00   -0.00 integ.vbp -0.00 -0.00 omni.gos X     -0.0 ,Y     -0.2. omgD -0.013 omg  +0.00 loop   4503
[0mBatt=23.3 [0mODOM [31mVisionX  +0.00 Y  +0.00 theta   +0.0 elt    0 [0mimu  -4.0 Dt   14 LtCy    7 integ.govd   -0.00   -0.00 integ.vbp -0.00 -0.00 omni.gos X     +0.0 ,Y     -0.1. omgD -0.005 omg  +0.00 loop   4534
[0mBatt=23.3 [0mODOM [31mVisionX  +0.00 Y  +0.00 theta   +0.0 elt    0 [0mimu  -4.0 Dt   14 LtCy    7 integ.govd   -0.00   -0.00 integ.vbp -0.00 -0.00 omni.gos X     +0.0 ,Y     -0.0. omgD -0.001 omg  +0.00 loop   4459
[0mBatt=23.3 [0mODOM [31mVisionX  +0.00 Y  +0.00 theta   +0.0 elt    0 [0mimu  -4.0 Dt    0 LtCy    0 integ.govd   +0.00   +0.00 integ.vbp +0.00 +0.00 omni.gos X     +0.0 ,Y     +0.1. omgD +0.004 omg  +0.00 loop   4495
[0mBatt=23.4 [0mODOM [31mVisionX  +0.00 Y  +0.00 theta   +0.0 elt    0 [0mimu  -4.0 Dt    2 LtCy    1 integ.govd   +0.00   +0.00 integ.vbp +0.00 +0.00 omni.gos X     +0.0 ,Y     +0.0. omgD +0.004 omg  +0.00 loop   4564
[0mBatt=23.4 [0mODOM [31mVisionX  +0.00 Y  +0.00 theta   +0.0 elt    0 [0mimu  -4.0 Dt   10 LtCy    5 integ.govd   +0.00   +0.00 integ.vbp +0.00 +0.00 omni.gos X     +0.0 ,Y     +0.0. omgD +0.004 omg  +0.00 loop   2215
[0mBatt=23.4 [0mODOM [31mVisionX  +0.00 Y  +0.00 theta   +0.0 elt    0 [0mimu  -4.0 Dt   10 LtCy    5 integ.govd   -0.00   -0.00 integ.vbp -0.00 -0.00 omni.gos X     +0.0 ,Y     -0.0. omgD -0.001 omg  +0.00 loop   4521
[0mBatt=23.4 [0mODOM [31mVisionX  +0.00 Y  +0.00 theta   +0.0 elt    0 [0mimu  -4.0 Dt   10 LtCy    5 integ.govd   -0.00   -0.00 integ.vbp -0.00 -0.00 omni.gos X     -0.0 ,Y     -0.2. omgD -0.013 omg  +0.00 loop   4532
[0mBatt=23.4 [0mODOM [31mVisionX  +0.00 Y  +0.00 theta   +0.0 elt    0 [0mimu  -4.0 Dt   12 LtCy    6 integ.govd   -0.00   -0.00 integ.vbp -0.00 -0.00 omni.gos X     +0.0 ,Y     -0.0. omgD -0.001 omg  +0.00 loop   4522
[0mBatt=23.4 [0mODOM [31mVisionX  +0.00 Y  +0.00 theta   +0.0 elt    0 [0mimu  -4.0 Dt   12 LtCy    6 integ.govd   -0.00   -0.00 integ.vbp -0.00 -0.00 omni.gos X     -0.0 ,Y     -0.1. omgD -0.009 omg  +0.00 loop   4502
[0mBatt=23.3 [0mODOM [31mVisionX  +0.00 Y  +0.00 theta   +0.0 elt    0 [0mimu  -4.0 Dt    0 LtCy    0 integ.govd   +0.00   +0.00 integ.vbp +0.00 +0.00 omni.gos X     -0.0 ,Y     -0.1. omgD -0.005 omg  +0.00 loop   4466
[0mBatt=23.3 [0mODOM [31mVisionX  +0.00 Y  +0.00 theta   +0.0 elt    0 [0mimu  -4.0 Dt    0 LtCy    0 integ.govd   +0.00   +0.00 integ.vbp +0.00 +0.00 omni.gos X     -0.0 ,Y     -0.1. omgD -0.005 omg  +0.00 loop   4557
[0mBatt=23.3 [0mODOM [31mVisionX  +0.00 Y  +0.00 theta   +0.0 elt    0 [0mimu  -4.0 Dt    2 LtCy    1 integ.govd   +0.00   -0.00 integ.vbp +0.00 -0.00 omni.gos X     +0.0 ,Y     -0.0. omgD -0.001 omg  +0.00 loop   4559
[0mBatt=23.3 [0mODOM [31mVisionX  +0.00 Y  +0.00 theta   +0.0 elt    0 [0mimu  -4.0 Dt    2 LtCy    1 integ.govd   -0.00   -0.00 integ.vbp -0.00 -0.00 omni.gos X     -0.0 ,Y     -0.2. omgD -0.013 omg  +0.00 loop   4513
[0mBatt=23.3 [0mODOM [31mVisionX  +0.00 Y  +0.00 theta   +0.0 elt    0 [0mimu  -4.0 Dt    4 LtCy    2 integ.govd   +0.00   -0.00 integ.vbp +0.00 -0.00 omni.gos X     +0.0 ,Y     -0.0. omgD -0.001 omg  +0.00 loop   4525
[0mBatt=23.3 [0mODOM [31mVisionX  +0.00 Y  +0.00 theta   +0.0 elt    0 [0mimu  -4.0 Dt    6 LtCy    3 integ.govd   -0.00   -0.00 integ.vbp -0.00 -0.00 omni.gos X     +0.0 ,Y     -0.1. omgD -0.005 omg  +0.00 loop   4548
[0mBatt=23.3 [0mODOM [31mVisionX  +0.00 Y  +0.00 theta   +0.0 elt    0 [0mimu  -4.0 Dt    8 LtCy    4 integ.govd   -0.00   -0.00 integ.vbp -0.00 -0.00 omni.gos X     -0.0 ,Y     -0.1. omgD -0.005 omg  +0.00 loop   4520
[0mBatt=23.4 [0mODOM [31mVisionX  +0.00 Y  +0.00 theta   +0.0 elt    0 [0mimu  -4.0 Dt    8 LtCy    4 integ.govd   -0.00   -0.00 integ.vbp -0.00 -0.00 omni.gos X     +0.0 ,Y     -0.0. omgD -0.001 omg  +0.00 loop   4515
[0mBatt=23.4 [0mODOM [31mVisionX  +0.00 Y  +0.00 theta   +0.0 elt    0 [0mimu  -4.0 Dt    8 LtCy    4 integ.govd   -0.00   -0.00 integ.vbp -0.00 -0.00 omni.gos X     -0.0 ,Y     -0.1. omgD -0.009 omg  +0.00 loop   4540
[0mBatt=23.4 [0mODOM [31mVisionX  +0.00 Y  +0.00 theta   +0.0 elt    0 [0mimu  -4.0 Dt   10 LtCy    5 integ.govd   -0.00   -0.00 integ.vbp -0.00 -0.00 omni.gos X     -0.0 ,Y     -0.1. omgD -0.009 omg  +0.00 loop   4517
[0mBatt=23.4 [0mODOM [31mVisionX  +0.00 Y  +0.00 theta   +0.0 elt    0 [0mimu  -4.0 Dt   10 LtCy    5 integ.govd   -0.00   -0.00 integ.vbp -0.00 -0.00 omni.gos X     -0.0 ,Y     -0.1. omgD -0.005 omg  +0.00 loop   4502
[0mBatt=23.4 [0mODOM [31mVisionX  +0.00 Y  +0.00 theta   +0.0 elt    0 [0mimu  -4.0 Dt   12 LtCy    6 integ.govd   -0.00   -0.00 integ.vbp -0.00 -0.00 omni.gos X     -0.0 ,Y     -0.1. omgD -0.009 omg  +0.00 loop   4529
[0mBatt=23.4 [0mODOM [31mVisionX  +0.00 Y  +0.00 theta   +0.0 elt    0 [0mimu  -4.0 Dt   14 LtCy    7 integ.govd   +0.00   +0.00 integ.vbp +0.00 +0.00 omni.gos X     +0.0 ,Y     -0.0. omgD -0.001 omg  +0.00 loop   4522
[0mBatt=23.4 [0mODOM [31mVisionX  +0.00 Y  +0.00 theta   +0.0 elt    0 [0mimu  -4.0 Dt   14 LtCy    7 integ.govd   +0.00   -0.00 integ.vbp +0.00 -0.00 omni.gos X     -0.0 ,Y     -0.1. omgD -0.005 omg  +0.00 loop   4475
[0mBatt=23.4 [0mODOM [31mVisionX  +0.00 Y  +0.00 theta   +0.0 elt    0 [0mimu  -4.0 Dt    0 LtCy    0 integ.govd   +0.00   +0.00 integ.vbp +0.00 +0.00 omni.gos X     -0.0 ,Y     -0.1. omgD -0.009 omg  +0.00 loop   4491
[0mBatt=23.4 [0mODOM [31mVisionX  +0.00 Y  +0.00 theta   +0.0 elt    0 [0mimu  -4.0 Dt    2 LtCy    1 integ.govd   -0.00   -0.00 integ.vbp -0.00 -0.00 omni.gos X     -0.0 ,Y     -0.1. omgD -0.005 omg  +0.00 loop   4554
[0mBatt=23.4 [0mODOM [31mVisionX  +0.00 Y  +0.00 theta   +0.0 elt    0 [0mimu  -4.0 Dt    4 LtCy    2 integ.govd   +0.00   -0.00 integ.vbp +0.00 -0.00 omni.gos X     +0.0 ,Y     -0.0. omgD -0.001 omg  +0.00 loop   4504
[0mBatt=23.4 [0mODOM [31mVisionX  +0.00 Y  +0.00 theta   +0.0 elt    0 [0mimu  -4.0 Dt    4 LtCy    2 integ.govd   -0.00   -0.00 integ.vbp -0.00 -0.00 omni.gos X     +0.0 ,Y     -0.0. omgD -0.001 omg  +0.00 loop   4546
[0mBatt=23.4 [0mODOM [31mVisionX  +0.00 Y  +0.00 theta   +0.0 elt    0 [0mimu  -4.0 Dt    4 LtCy    2 integ.govd   -0.00   -0.00 integ.vbp -0.00 -0.00 omni.gos X     -0.0 ,Y     -0.2. omgD -0.013 omg  +0.00 loop   4528
[0mBatt=23.4 [0mODOM [31mVisionX  +0.00 Y  +0.00 theta   +0.0 elt    0 [0mimu  -4.0 Dt    6 LtCy    3 integ.govd   +0.00   -0.00 integ.vbp +0.00 -0.00 omni.gos X     +0.0 ,Y     -0.0. omgD -0.001 omg  +0.00 loop   4510
[0mBatt=23.4 [0mODOM [31mVisionX  +0.00 Y  +0.00 theta   +0.0 elt    0 [0mimu  -4.0 Dt    6 LtCy    3 integ.govd   +0.00   +0.00 integ.vbp +0.00 +0.00 omni.gos X     -0.0 ,Y     -0.0. omgD -0.001 omg  +0.00 loop   4540
[0mBatt=23.4 [0mODOM [31mVisionX  +0.00 Y  +0.00 theta   +0.0 elt    0 [0mimu  -4.0 Dt    8 LtCy    4 integ.govd   +0.00   -0.00 integ.vbp +0.00 -0.00 omni.gos X     +0.0 ,Y     -0.1. omgD -0.005 omg  +0.00 loop   4540
[0mBatt=23.4 [0mODOM [31mVisionX  +0.00 Y  +0.00 theta   +0.0 elt    0 [0mimu  -4.0 Dt   10 LtCy    5 integ.govd   -0.00   -0.00 integ.vbp -0.00 -0.00 omni.gos X     +0.0 ,Y     -0.1. omgD -0.005 omg  +0.00 loop   4544
[0mBatt=23.4 [0mODOM [31mVisionX  +0.00 Y  +0.00 theta   +0.0 elt    0 [0mimu  -4.0 Dt   10 LtCy    5 integ.govd   -0.00   -0.00 integ.vbp -0.00 -0.00 omni.gos X     +0.0 ,Y     -0.1. omgD -0.005 omg  +0.00 loop   4502
[0mBatt=23.4 [0mODOM [31mVisionX  +0.00 Y  +0.00 theta   +0.0 elt    0 [0mimu  -4.0 Dt   12 LtCy    6 integ.govd   -0.00   -0.00 integ.vbp -0.00 -0.00 omni.gos X     +0.0 ,Y     -0.1. omgD -0.005 omg  +0.00 loop   4536
[0mBatt=23.4 [0mODOM [31mVisionX  +0.00 Y  +0.00 theta   +0.0 elt    0 [0mimu  -4.0 Dt   12 LtCy    6 integ.govd   -0.00   -0.00 integ.vbp -0.00 -0.00 omni.gos X     -0.0 ,Y     -0.1. omgD -0.007 omg  +0.00 loop   4538
[0mBatt=23.4 [0mODOM [31mVisionX  +0.00 Y  +0.00 theta   +0.0 elt    0 [0mimu  -4.0 Dt   14 LtCy    7 integ.govd   -0.00   -0.00 integ.vbp -0.00 -0.00 omni.gos X     -0.0 ,Y     -0.1. omgD -0.005 omg  +0.00 loop   4464
[0mBatt=23.4 [0mODOM [31mVisionX  +0.00 Y  +0.00 theta   +0.0 elt    0 [0mimu  -4.0 Dt    0 LtCy    0 integ.govd   +0.00   +0.00 integ.vbp +0.00 +0.00 omni.gos X     -0.0 ,Y     -0.1. omgD -0.005 omg  +0.00 loop   4482
[0mBatt=23.4 [0mODOM [31mVisionX  +0.00 Y  +0.00 theta   +0.0 elt    0 [0mimu  -4.0 Dt    2 LtCy    1 integ.govd   +0.00   -0.00 integ.vbp +0.00 -0.00 omni.gos X     +0.0 ,Y     -0.1. omgD -0.005 omg  +0.00 loop   4550
[0mBatt=23.4 [0mODOM [31mVisionX  +0.00 Y  +0.00 theta   +0.0 elt    0 [0mimu  -4.0 Dt    2 LtCy    1 integ.govd   -0.00   -0.00 integ.vbp -0.00 -0.00 omni.gos X     -0.0 ,Y     -0.1. omgD -0.009 omg  +0.00 loop   4537
[0mBatt=23.4 [0mODOM [31mVisionX  +0.00 Y  +0.00 theta   +0.0 elt    0 [0mimu  -4.0 Dt    2 LtCy    1 integ.govd   -0.00   -0.00 integ.vbp -0.00 -0.00 omni.gos X     -0.0 ,Y     -0.1. omgD -0.007 omg  +0.00 loop   4513
[0mBatt=23.4 [0mODOM [31mVisionX  +0.00 Y  +0.00 theta   +0.0 elt    0 [0mimu  -4.0 Dt    4 LtCy    2 integ.govd   +0.00   -0.00 integ.vbp +0.00 -0.00 omni.gos X     +0.0 ,Y     -0.0. omgD -0.003 omg  +0.00 loop   4531
[0mBatt=23.4 [0mODOM [31mVisionX  +0.00 Y  +0.00 theta   +0.0 elt    0 [0mimu  -4.0 Dt    4 LtCy    2 integ.govd   +0.00   +0.00 integ.vbp +0.00 +0.00 omni.gos X     +0.0 ,Y     -0.0. omgD -0.001 omg  +0.00 loop   4524
[0mBatt=23.4 [0mODOM [31mVisionX  +0.00 Y  +0.00 theta   +0.0 elt    0 [0mimu  -4.0 Dt    6 LtCy    3 integ.govd   -0.00   -0.00 integ.vbp -0.00 -0.00 omni.gos X     -0.0 ,Y     -0.1. omgD -0.007 omg  +0.00 loop   4539
[0mBatt=23.4 [0mODOM [31mVisionX  +0.00 Y  +0.00 theta   +0.0 elt    0 [0mimu  -4.0 Dt    8 LtCy    4 integ.govd   -0.00   -0.00 integ.vbp -0.00 -0.00 omni.gos X     +0.0 ,Y     -0.0. omgD -0.003 omg  +0.00 loop   4539
[0mBatt=23.4 [0mODOM [31mVisionX  +0.00 Y  +0.00 theta   +0.0 elt    0 [0mimu  -4.0 Dt   10 LtCy    5 integ.govd   -0.00   -0.00 integ.vbp -0.00 -0.00 omni.gos X     +0.0 ,Y     -0.0. omgD -0.003 omg  +0.00 loop   4522
[0mBatt=23.4 [0mODOM [31mVisionX  +0.00 Y  +0.00 theta   +0.0 elt    0 [0mimu  -4.0 Dt   10 LtCy    5 integ.govd   +0.00   +0.00 integ.vbp +0.00 +0.00 omni.gos X     +0.0 ,Y     +0.1. omgD +0.006 omg  +0.00 loop   4518
[0mBatt=23.4 [0mODOM [31mVisionX  +0.00 Y  +0.00 theta   +0.0 elt    0 [0mimu  -4.0 Dt   10 LtCy    5 integ.govd   +0.00   +0.00 integ.vbp +0.00 +0.00 omni.gos X     +0.0 ,Y     +0.1. omgD +0.006 omg  +0.00 loop   4516
[0mBatt=23.4 [0mODOM [31mVisionX  +0.00 Y  +0.00 theta   +0.0 elt    0 [0mimu  -4.0 Dt   12 LtCy    6 integ.govd   -0.00   -0.00 integ.vbp -0.00 -0.00 omni.gos X     -0.0 ,Y     -0.1. omgD -0.005 omg  +0.00 loop   4529
[0mBatt=23.4 [0mODOM [31mVisionX  +0.00 Y  +0.00 theta   +0.0 elt    0 [0mimu  -4.0 Dt   14 LtCy    7 integ.govd   -0.00   -0.00 integ.vbp -0.00 -0.00 omni.gos X     +0.0 ,Y     -0.0. omgD -0.001 omg  +0.00 loop   4504
[0mBatt=23.4 [0mODOM [31mVisionX  +0.00 Y  +0.00 theta   +0.0 elt    0 [0mimu  -4.0 Dt   14 LtCy    7 integ.govd   +0.00   +0.00 integ.vbp +0.00 +0.00 omni.gos X     +0.0 ,Y     +0.1. omgD +0.004 omg  +0.00 loop   4467
[0mBatt=23.4 [0mODOM [31mVisionX  +0.00 Y  +0.00 theta   +0.0 elt    0 [0mimu  -4.0 Dt    0 LtCy    0 integ.govd   +0.00   +0.00 integ.vbp +0.00 +0.00 omni.gos X     +0.0 ,Y     -0.0. omgD -0.003 omg  +0.00 loop   4513
[0mBatt=23.4 [0mODOM [31mVisionX  +0.00 Y  +0.00 theta   +0.0 elt    0 [0mimu  -4.0 Dt    2 LtCy    1 integ.govd   -0.00   -0.00 integ.vbp -0.00 -0.00 omni.gos X     -0.0 ,Y     -0.0. omgD -0.001 omg  +0.00 loop   4543
[0mBatt=23.4 [0mODOM [31mVisionX  +0.00 Y  +0.00 theta   +0.0 elt    0 [0mimu  -4.0 Dt    2 LtCy    1 integ.govd   -0.00   -0.00 integ.vbp -0.00 -0.00 omni.gos X     -0.0 ,Y     -0.1. omgD -0.009 omg  +0.00 loop   4518
[0mBatt=23.4 [0mODOM [31mVisionX  +0.00 Y  +0.00 theta   +0.0 elt    0 [0mimu  -4.0 Dt    4 LtCy    2 integ.govd   -0.00   -0.00 integ.vbp -0.00 -0.00 omni.gos X     +0.0 ,Y     -0.1. omgD -0.005 omg  +0.00 loop   4525
[0mBatt=23.4 [0mODOM [31mVisionX  +0.00 Y  +0.00 theta   +0.0 elt    0 [0mimu  -4.0 Dt    4 LtCy    2 integ.govd   -0.00   -0.00 integ.vbp -0.00 -0.00 omni.gos X     +0.0 ,Y     -0.1. omgD -0.005 omg  +0.00 loop   4528
[0mBatt=23.4 [0mODOM [31mVisionX  +0.00 Y  +0.00 theta   +0.0 elt    0 [0mimu  -4.0 Dt    6 LtCy    3 integ.govd   -0.00   -0.00 integ.vbp -0.00 -0.00 omni.gos X     -0.0 ,Y     -0.1. omgD -0.005 omg  +0.00 loop   4512
[0mBatt=23.4 [0mODOM [31mVisionX  +0.00 Y  +0.00 theta   +0.0 elt    0 [0mimu  -4.0 Dt    6 LtCy    3 integ.govd   -0.00   -0.00 integ.vbp -0.00 -0.00 omni.gos X     -0.0 ,Y     -0.1. omgD -0.009 omg  +0.00 loop   4521
[0mBatt=23.4 [0mODOM [31mVisionX  +0.00 Y  +0.00 theta   +0.0 elt    0 [0mimu  -4.0 Dt    8 LtCy    4 integ.govd   -0.00   -0.00 integ.vbp -0.00 -0.00 omni.gos X     +0.0 ,Y     -0.0. omgD -0.001 omg  +0.00 loop   4522
[0mBatt=23.4 [0mODOM [31mVisionX  +0.00 Y  +0.00 theta   +0.0 elt    0 [0mimu  -4.0 Dt    8 LtCy    4 integ.govd   -0.00   -0.00 integ.vbp -0.00 -0.00 omni.gos X     +0.0 ,Y     +0.0. omgD +0.004 omg  +0.00 loop   4510
[0mBatt=23.4 [0mODOM [31mVisionX  +0.00 Y  +0.00 theta   +0.0 elt    0 [0mimu  -4.0 Dt   10 LtCy    5 integ.govd   +0.00   +0.00 integ.vbp +0.00 +0.00 omni.gos X     +0.0 ,Y     -0.1. omgD -0.005 omg  +0.00 loop   4532
[0mBatt=23.4 [0mODOM [31mVisionX  +0.00 Y  +0.00 theta   +0.0 elt    0 [0mimu  -4.0 Dt   10 LtCy    5 integ.govd   +0.00   +0.00 integ.vbp +0.00 +0.00 omni.gos X     +0.0 ,Y     -0.0. omgD -0.001 omg  +0.00 loop   4517
[0mBatt=23.4 [0mODOM [31mVisionX  +0.00 Y  +0.00 theta   +0.0 elt    0 [0mimu  -4.0 Dt   12 LtCy    6 integ.govd   +0.00   +0.00 integ.vbp +0.00 +0.00 omni.gos X     +0.0 ,Y     +0.0. omgD +0.004 omg  +0.00 loop   4510
[0mBatt=23.3 [0mODOM [31mVisionX  +0.00 Y  +0.00 theta   +0.0 elt    0 [0mimu  -4.0 Dt   14 LtCy    7 integ.govd   -0.00   -0.00 integ.vbp -0.00 -0.00 omni.gos X     +0.0 ,Y     +0.0. omgD +0.004 omg  +0.00 loop   4496
[0mBatt=23.3 [0mODOM [31mVisionX  +0.00 Y  +0.00 theta   +0.0 elt    0 [0mimu  -4.0 Dt    0 LtCy    0 integ.govd   +0.00   +0.00 integ.vbp +0.00 +0.00 omni.gos X     -0.0 ,Y     -0.2. omgD -0.013 omg  +0.00 loop   4442
[0mBatt=23.3 [0mODOM [31mVisionX  +0.00 Y  +0.00 theta   +0.0 elt    0 [0mimu  -4.0 Dt    0 LtCy    0 integ.govd   +0.00   +0.00 integ.vbp +0.00 +0.00 omni.gos X     +0.0 ,Y     -0.1. omgD -0.005 omg  +0.00 loop   4532
[0mBatt=23.3 [0mODOM [31mVisionX  +0.00 Y  +0.00 theta   +0.0 elt    0 [0mimu  -4.0 Dt    2 LtCy    1 integ.govd   +0.00   -0.00 integ.vbp +0.00 -0.00 omni.gos X     +0.0 ,Y     -0.0. omgD -0.001 omg  +0.00 loop   4550
[0mBatt=23.3 [0mODOM [31mVisionX  +0.00 Y  +0.00 theta   +0.0 elt    0 [0mimu  -4.0 Dt    2 LtCy    1 integ.govd   +0.00   +0.00 integ.vbp +0.00 +0.00 omni.gos X     +0.0 ,Y     +0.0. omgD +0.004 omg  +0.00 loop   4547
[0mBatt=23.3 [0mODOM [31mVisionX  +0.00 Y  +0.00 theta   +0.0 elt    0 [0mimu  -4.0 Dt   10 LtCy    5 integ.govd   +0.00   +0.00 integ.vbp +0.00 +0.00 omni.gos X     +0.0 ,Y     -0.0. omgD -0.001 omg  +0.00 loop   2196
[0mBatt=23.3 [0mODOM [31mVisionX  +0.00 Y  +0.00 theta   +0.0 elt    0 [0mimu  -4.0 Dt   12 LtCy    6 integ.govd   -0.00   -0.00 integ.vbp -0.00 -0.00 omni.gos X     +0.0 ,Y     -0.0. omgD -0.001 omg  +0.00 loop   4484
[0mBatt=23.3 [0mODOM [31mVisionX  +0.00 Y  +0.00 theta   +0.0 elt    0 [0mimu  -4.0 Dt   14 LtCy    7 integ.govd   -0.00   -0.00 integ.vbp -0.00 -0.00 omni.gos X     -0.0 ,Y     -0.1. omgD -0.009 omg  +0.00 loop   4534
[0mBatt=23.3 [0mODOM [31mVisionX  +0.00 Y  +0.00 theta   +0.0 elt    0 [0mimu  -4.0 Dt   14 LtCy    7 integ.govd   -0.00   -0.00 integ.vbp -0.00 -0.00 omni.gos X     +0.0 ,Y     -0.1. omgD -0.005 omg  +0.00 loop   4482
[0mBatt=23.3 [0mODOM [31mVisionX  +0.00 Y  +0.00 theta   +0.0 elt    0 [0mimu  -4.0 Dt    0 LtCy    0 integ.govd   +0.00   +0.00 integ.vbp +0.00 +0.00 omni.gos X     -0.0 ,Y     -0.1. omgD -0.005 omg  +0.00 loop   4470
[0mBatt=23.3 [0mODOM [31mVisionX  +0.00 Y  +0.00 theta   +0.0 elt    0 [0mimu  -4.0 Dt    2 LtCy    1 integ.govd   +0.00   -0.00 integ.vbp +0.00 -0.00 omni.gos X     +0.0 ,Y     -0.0. omgD -0.001 omg  +0.00 loop   4537
[0mBatt=23.3 [0mODOM [31mVisionX  +0.00 Y  +0.00 theta   +0.0 elt    0 [0mimu  -4.0 Dt    2 LtCy    1 integ.govd   -0.00   -0.00 integ.vbp -0.00 -0.00 omni.gos X     -0.0 ,Y     -0.0. omgD -0.001 omg  +0.00 loop   4546
[0mBatt=23.3 [0mODOM [31mVisionX  +0.00 Y  +0.00 theta   +0.0 elt    0 [0mimu  -4.0 Dt    4 LtCy    2 integ.govd   +0.00   -0.00 integ.vbp +0.00 -0.00 omni.gos X     +0.0 ,Y     -0.0. omgD -0.001 omg  +0.00 loop   4522
[0mBatt=23.3 [0mODOM [31mVisionX  +0.00 Y  +0.00 theta   +0.0 elt    0 [0mimu  -4.0 Dt    4 LtCy    2 integ.govd   -0.00   -0.00 integ.vbp -0.00 -0.00 omni.gos X     -0.0 ,Y     -0.1. omgD -0.009 omg  +0.00 loop   4522
[0mBatt=23.3 [0mODOM [31mVisionX  +0.00 Y  +0.00 theta   +0.0 elt    0 [0mimu  -4.0 Dt    4 LtCy    2 integ.govd   -0.00   -0.00 integ.vbp -0.00 -0.00 omni.gos X     -0.0 ,Y     -0.2. omgD -0.013 omg  +0.00 loop   4523
[0mBatt=23.3 [0mODOM [31mVisionX  +0.00 Y  +0.00 theta   +0.0 elt    0 [0mimu  -4.0 Dt    6 LtCy    3 integ.govd   -0.00   -0.00 integ.vbp -0.00 -0.00 omni.gos X     +0.0 ,Y     -0.1. omgD -0.005 omg  +0.00 loop   4511
[0mBatt=23.3 [0mODOM [31mVisionX  +0.00 Y  +0.00 theta   +0.0 elt    0 [0mimu  -4.0 Dt    8 LtCy    4 integ.govd   -0.00   -0.00 integ.vbp -0.00 -0.00 omni.gos X     -0.0 ,Y     -0.1. omgD -0.005 omg  +0.00 loop   4516
[0mBatt=23.3 [0mODOM [31mVisionX  +0.00 Y  +0.00 theta   +0.0 elt    0 [0mimu  -4.0 Dt    8 LtCy    4 integ.govd   +0.00   +0.00 integ.vbp +0.00 +0.00 omni.gos X     +0.0 ,Y     -0.0. omgD -0.001 omg  +0.00 loop   4517
[0mBatt=23.3 [0mODOM [31mVisionX  +0.00 Y  +0.00 theta   +0.0 elt    0 [0mimu  -4.0 Dt   10 LtCy    5 integ.govd   -0.00   -0.00 integ.vbp -0.00 -0.00 omni.gos X     +0.0 ,Y     -0.1. omgD -0.005 omg  +0.00 loop   4543
[0mBatt=23.3 [0mODOM [31mVisionX  +0.00 Y  +0.00 theta   +0.0 elt    0 [0mimu  -4.0 Dt   12 LtCy    6 integ.govd   -0.00   -0.00 integ.vbp -0.00 -0.00 omni.gos X     -0.0 ,Y     -0.1. omgD -0.009 omg  +0.00 loop   4509
[0mBatt=23.3 [0mODOM [31mVisionX  +0.00 Y  +0.00 theta   +0.0 elt    0 [0mimu  -4.0 Dt   12 LtCy    6 integ.govd   +0.00   +0.00 integ.vbp +0.00 +0.00 omni.gos X     +0.0 ,Y     -0.1. omgD -0.005 omg  +0.00 loop   4521
[0mBatt=23.3 [0mODOM [31mVisionX  +0.00 Y  +0.00 theta   +0.0 elt    0 [0mimu  -4.0 Dt   14 LtCy    7 integ.govd   -0.00   -0.00 integ.vbp -0.00 -0.00 omni.gos X     +0.0 ,Y     -0.0. omgD -0.001 omg  +0.00 loop   4521
[0mBatt=23.3 [0mODOM [31mVisionX  +0.00 Y  +0.00 theta   +0.0 elt    0 [0mimu  -4.0 Dt    0 LtCy    0 integ.govd   +0.00   +0.00 integ.vbp +0.00 +0.00 omni.gos X     +0.0 ,Y     +0.0. omgD +0.004 omg  +0.00 loop   4457
[0mBatt=23.3 [0mODOM [31mVisionX  +0.00 Y  +0.00 theta   +0.0 elt    0 [0mimu  -4.0 Dt    0 LtCy    0 integ.govd   +0.00   +0.00 integ.vbp +0.00 +0.00 omni.gos X     -0.0 ,Y     -0.2. omgD -0.013 omg  +0.00 loop   4542
[0mBatt=23.3 [0mODOM [31mVisionX  +0.00 Y  +0.00 theta   +0.0 elt    0 [0mimu  -4.0 Dt    0 LtCy    0 integ.govd   +0.00   +0.00 integ.vbp +0.00 +0.00 omni.gos X     -0.0 ,Y     -0.1. omgD -0.005 omg  +0.00 loop   4546
[0mBatt=23.3 [0mODOM [31mVisionX  +0.00 Y  +0.00 theta   +0.0 elt    0 [0mimu  -4.0 Dt    4 LtCy    2 integ.govd   +0.00   +0.00 integ.vbp +0.00 +0.00 omni.gos X     +0.0 ,Y     +0.0. omgD +0.004 omg  +0.00 loop   4560
[0mBatt=23.3 [0mODOM [31mVisionX  +0.00 Y  +0.00 theta   +0.0 elt    0 [0mimu  -4.0 Dt    4 LtCy    2 integ.govd   -0.00   -0.00 integ.vbp -0.00 -0.00 omni.gos X     -0.0 ,Y     -0.1. omgD -0.005 omg  +0.00 loop   4500
[0mBatt=23.4 [0mODOM [31mVisionX  +0.00 Y  +0.00 theta   +0.0 elt    0 [0mimu  -4.0 Dt    6 LtCy    3 integ.govd   +0.00   +0.00 integ.vbp +0.00 +0.00 omni.gos X     +0.0 ,Y     +0.1. omgD +0.004 omg  +0.00 loop   4531
[0mBatt=23.4 [0mODOM [31mVisionX  +0.00 Y  +0.00 theta   +0.0 elt    0 [0mimu  -4.0 Dt    6 LtCy    3 integ.govd   -0.00   -0.00 integ.vbp -0.00 -0.00 omni.gos X     +0.0 ,Y     -0.1. omgD -0.005 omg  +0.00 loop   4533
[0mBatt=23.4 [0mODOM [31mVisionX  +0.00 Y  +0.00 theta   +0.0 elt    0 [0mimu  -4.0 Dt    6 LtCy    3 integ.govd   -0.00   -0.00 integ.vbp -0.00 -0.00 omni.gos X     -0.0 ,Y     -0.1. omgD -0.005 omg  +0.00 loop   4514
[0mBatt=23.4 [0mODOM [31mVisionX  +0.00 Y  +0.00 theta   +0.0 elt    0 [0mimu  -4.0 Dt    8 LtCy    4 integ.govd   -0.00   -0.00 integ.vbp -0.00 -0.00 omni.gos X     +0.0 ,Y     -0.0. omgD -0.001 omg  +0.00 loop   4527
[0mBatt=23.4 [0mODOM [31mVisionX  +0.00 Y  +0.00 theta   +0.0 elt    0 [0mimu  -4.0 Dt   10 LtCy    5 integ.govd   +0.00   -0.00 integ.vbp +0.00 -0.00 omni.gos X     +0.0 ,Y     -0.0. omgD -0.001 omg  +0.00 loop   4526
[0mBatt=23.4 [0mODOM [31mVisionX  +0.00 Y  +0.00 theta   +0.0 elt    0 [0mimu  -4.0 Dt    8 LtCy    4 integ.govd   +0.00   -0.00 integ.vbp +0.00 -0.00 omni.gos X     +0.0 ,Y     -0.0. omgD -0.001 omg  +0.00 loop   4536
[0mBatt=23.4 [0mODOM [31mVisionX  +0.00 Y  +0.00 theta   +0.0 elt    0 [0mimu  -4.0 Dt   10 LtCy    5 integ.govd   -0.00   -0.00 integ.vbp -0.00 -0.00 omni.gos X     +0.0 ,Y     -0.1. omgD -0.005 omg  +0.00 loop   4527
[0mBatt=23.4 [0mODOM [31mVisionX  +0.00 Y  +0.00 theta   +0.0 elt    0 [0mimu  -4.0 Dt   12 LtCy    6 integ.govd   +0.00   +0.00 integ.vbp +0.00 +0.00 omni.gos X     +0.0 ,Y     -0.0. omgD -0.001 omg  +0.00 loop   4504
[0mBatt=23.4 [0mODOM [31mVisionX  +0.00 Y  +0.00 theta   +0.0 elt    0 [0mimu  -4.0 Dt   14 LtCy    7 integ.govd   -0.00   -0.00 integ.vbp -0.00 -0.00 omni.gos X     -0.0 ,Y     -0.1. omgD -0.005 omg  +0.00 loop   4531
[0mBatt=23.4 [0mODOM [31mVisionX  +0.00 Y  +0.00 theta   +0.0 elt    0 [0mimu  -4.0 Dt    0 LtCy    0 integ.govd   +0.00   +0.00 integ.vbp +0.00 +0.00 omni.gos X     +0.0 ,Y     -0.0. omgD -0.001 omg  +0.00 loop   4422
[0mBatt=23.4 [0mODOM [31mVisionX  +0.00 Y  +0.00 theta   +0.0 elt    0 [0mimu  -4.0 Dt    0 LtCy    0 integ.govd   +0.00   +0.00 integ.vbp +0.00 +0.00 omni.gos X     -0.0 ,Y     -0.1. omgD -0.005 omg  +0.00 loop   4569
[0mBatt=23.4 [0mODOM [31mVisionX  +0.00 Y  +0.00 theta   +0.0 elt    0 [0mimu  -4.0 Dt    2 LtCy    1 integ.govd   -0.00   -0.00 integ.vbp -0.00 -0.00 omni.gos X     -0.0 ,Y     -0.1. omgD -0.005 omg  +0.00 loop   4543
[0mBatt=23.4 [0mODOM [31mVisionX  +0.00 Y  +0.00 theta   +0.0 elt    0 [0mimu  -4.0 Dt    4 LtCy    2 integ.govd   -0.00   -0.00 integ.vbp -0.00 -0.00 omni.gos X     +0.0 ,Y     -0.1. omgD -0.005 omg  +0.00 loop   4513
[0mBatt=23.3 [0mODOM [31mVisionX  +0.00 Y  +0.00 theta   +0.0 elt    0 [0mimu  -4.0 Dt    4 LtCy    2 integ.govd   -0.00   -0.00 integ.vbp -0.00 -0.00 omni.gos X     -0.0 ,Y     -0.1. omgD -0.005 omg  +0.00 loop   4523
[0mBatt=23.3 [0mODOM [31mVisionX  +0.00 Y  +0.00 theta   +0.0 elt    0 [0mimu  -4.0 Dt    4 LtCy    2 integ.govd   -0.00   -0.00 integ.vbp -0.00 -0.00 omni.gos X     -0.0 ,Y     -0.2. omgD -0.013 omg  +0.00 loop   4532
[0mBatt=23.3 [0mODOM [31mVisionX  +0.00 Y  +0.00 theta   +0.0 elt    0 [0mimu  -4.0 Dt    6 LtCy    3 integ.govd   -0.00   -0.00 integ.vbp -0.00 -0.00 omni.gos X     -0.0 ,Y     -0.1. omgD -0.009 omg  +0.00 loop   4501
[0mBatt=23.3 [0mODOM [31mVisionX  +0.00 Y  +0.00 theta   +0.0 elt    0 [0mimu  -4.0 Dt    8 LtCy    4 integ.govd   -0.00   -0.00 integ.vbp -0.00 -0.00 omni.gos X     -0.0 ,Y     -0.1. omgD -0.009 omg  +0.00 loop   4520
[0mBatt=23.3 [0mODOM [31mVisionX  +0.00 Y  +0.00 theta   +0.0 elt    0 [0mimu  -4.0 Dt    8 LtCy    4 integ.govd   -0.00   -0.00 integ.vbp -0.00 -0.00 omni.gos X     -0.0 ,Y     -0.1. omgD -0.005 omg  +0.00 loop   4527
[0mBatt=23.3 [0mODOM [31mVisionX  +0.00 Y  +0.00 theta   +0.0 elt    0 [0mimu  -4.0 Dt   10 LtCy    5 integ.govd   -0.00   -0.00 integ.vbp -0.00 -0.00 omni.gos X     -0.0 ,Y     -0.1. omgD -0.005 omg  +0.00 loop   4514
[0mBatt=23.3 [0mODOM [31mVisionX  +0.00 Y  +0.00 theta   +0.0 elt    0 [0mimu  -4.0 Dt   10 LtCy    5 integ.govd   -0.00   -0.00 integ.vbp -0.00 -0.00 omni.gos X     -0.0 ,Y     -0.1. omgD -0.005 omg  +0.00 loop   4514
[0mBatt=23.3 [0mODOM [31mVisionX  +0.00 Y  +0.00 theta   +0.0 elt    0 [0mimu  -4.0 Dt   12 LtCy    6 integ.govd   -0.00   -0.00 integ.vbp -0.00 -0.00 omni.gos X     -0.0 ,Y     -0.1. omgD -0.009 omg  +0.00 loop   4529
[0mBatt=23.3 [0mODOM [31mVisionX  +0.00 Y  +0.00 theta   +0.0 elt    0 [0mimu  -4.0 Dt   14 LtCy    7 integ.govd   -0.00   -0.00 integ.vbp -0.00 -0.00 omni.gos X     -0.0 ,Y     -0.1. omgD -0.005 omg  +0.00 loop   4511
[0mBatt=23.3 [0mODOM [31mVisionX  +0.00 Y  +0.00 theta   +0.0 elt    0 [0mimu  -4.0 Dt    0 LtCy    0 integ.govd   +0.00   +0.00 integ.vbp +0.00 +0.00 omni.gos X     -0.0 ,Y     -0.1. omgD -0.005 omg  +0.00 loop   4434
[0mBatt=23.3 [0mODOM [31mVisionX  +0.00 Y  +0.00 theta   +0.0 elt    0 [0mimu  -4.0 Dt    0 LtCy    0 integ.govd   +0.00   +0.00 integ.vbp +0.00 +0.00 omni.gos X     +0.0 ,Y     -0.0. omgD -0.001 omg  +0.00 loop   4557
[0mBatt=23.3 [0mODOM [31mVisionX  +0.00 Y  +0.00 theta   +0.0 elt    0 [0mimu  -4.0 Dt    2 LtCy    1 integ.govd   -0.00   -0.00 integ.vbp -0.00 -0.00 omni.gos X     -0.0 ,Y     -0.1. omgD -0.009 omg  +0.00 loop   4563
[0mBatt=23.3 [0mODOM [31mVisionX  +0.00 Y  +0.00 theta   +0.0 elt    0 [0mimu  -4.0 Dt    2 LtCy    1 integ.govd   +0.00   -0.00 integ.vbp +0.00 -0.00 omni.gos X     +0.0 ,Y     -0.1. omgD -0.005 omg  +0.00 loop   4493
[0mBatt=23.3 [0mODOM [31mVisionX  +0.00 Y  +0.00 theta   +0.0 elt    0 [0mimu  -4.0 Dt    4 LtCy    2 integ.govd   -0.00   -0.00 integ.vbp -0.00 -0.00 omni.gos X     -0.0 ,Y     -0.1. omgD -0.009 omg  +0.00 loop   4552
[0mBatt=23.3 [0mODOM [31mVisionX  +0.00 Y  +0.00 theta   +0.0 elt    0 [0mimu  -4.0 Dt    4 LtCy    2 integ.govd   -0.00   -0.00 integ.vbp -0.00 -0.00 omni.gos X     +0.0 ,Y     -0.1. omgD -0.005 omg  +0.00 loop   4520
[0mBatt=23.3 [0mODOM [31mVisionX  +0.00 Y  +0.00 theta   +0.0 elt    0 [0mimu  -4.0 Dt    6 LtCy    3 integ.govd   -0.00   -0.00 integ.vbp -0.00 -0.00 omni.gos X     -0.0 ,Y     -0.2. omgD -0.013 omg  +0.00 loop   4507
[0mBatt=23.3 [0mODOM [31mVisionX  +0.00 Y  +0.00 theta   +0.0 elt    0 [0mimu  -4.0 Dt    6 LtCy    3 integ.govd   -0.00   -0.00 integ.vbp -0.00 -0.00 omni.gos X     -0.0 ,Y     -0.1. omgD -0.009 omg  +0.00 loop   4515
[0mBatt=23.3 [0mODOM [31mVisionX  +0.00 Y  +0.00 theta   +0.0 elt    0 [0mimu  -4.0 Dt    8 LtCy    4 integ.govd   -0.00   -0.00 integ.vbp -0.00 -0.00 omni.gos X     -0.0 ,Y     -0.1. omgD -0.005 omg  +0.00 loop   4528
[0mBatt=23.3 [0mODOM [31mVisionX  +0.00 Y  +0.00 theta   +0.0 elt    0 [0mimu  -4.0 Dt   10 LtCy    5 integ.govd   +0.00   -0.00 integ.vbp +0.00 -0.00 omni.gos X     +0.0 ,Y     -0.0. omgD -0.001 omg  +0.00 loop   4521
[0mBatt=23.3 [0mODOM [31mVisionX  +0.00 Y  +0.00 theta   +0.0 elt    0 [0mimu  -4.0 Dt   10 LtCy    5 integ.govd   -0.00   -0.00 integ.vbp -0.00 -0.00 omni.gos X     -0.0 ,Y     -0.1. omgD -0.005 omg  +0.00 loop   4530
[0mBatt=23.3 [0mODOM [31mVisionX  +0.00 Y  +0.00 theta   +0.0 elt    0 [0mimu  -4.0 Dt   12 LtCy    6 integ.govd   -0.00   -0.00 integ.vbp -0.00 -0.00 omni.gos X     +0.0 ,Y     -0.0. omgD -0.003 omg  +0.00 loop   4533
[0mBatt=23.3 [0mODOM [31mVisionX  +0.00 Y  +0.00 theta   +0.0 elt    0 [0mimu  -4.0 Dt   12 LtCy    6 integ.govd   -0.00   -0.00 integ.vbp -0.00 -0.00 omni.gos X     -0.0 ,Y     -0.1. omgD -0.005 omg  +0.00 loop   4526
[0mBatt=23.3 [0mODOM [31mVisionX  +0.00 Y  +0.00 theta   +0.0 elt    0 [0mimu  -4.0 Dt   14 LtCy    7 integ.govd   -0.00   -0.00 integ.vbp -0.00 -0.00 omni.gos X     -0.0 ,Y     -0.0. omgD -0.003 omg  +0.00 loop   4480
[0mBatt=23.3 [0mODOM [31mVisionX  +0.00 Y  +0.00 theta   +0.0 elt    0 [0mimu  -4.0 Dt    0 LtCy    0 integ.govd   +0.00   +0.00 integ.vbp +0.00 +0.00 omni.gos X     -0.0 ,Y     -0.1. omgD -0.007 omg  +0.00 loop   4470
[0mBatt=23.3 [0mODOM [31mVisionX  +0.00 Y  +0.00 theta   +0.0 elt    0 [0mimu  -4.0 Dt    0 LtCy    0 integ.govd   +0.00   +0.00 integ.vbp +0.00 +0.00 omni.gos X     +0.0 ,Y     -0.0. omgD -0.003 omg  +0.00 loop   4558
[0mBatt=23.3 [0mODOM [31mVisionX  +0.00 Y  +0.00 theta   +0.0 elt    0 [0mimu  -4.0 Dt    2 LtCy    1 integ.govd   -0.00   -0.00 integ.vbp -0.00 -0.00 omni.gos X     -0.0 ,Y     -0.1. omgD -0.007 omg  +0.00 loop   4545
[0mBatt=23.3 [0mODOM [31mVisionX  +0.00 Y  +0.00 theta   +0.0 elt    0 [0mimu  -4.0 Dt    2 LtCy    1 integ.govd   -0.00   -0.00 integ.vbp -0.00 -0.00 omni.gos X     -0.0 ,Y     -0.1. omgD -0.005 omg  +0.00 loop   4519
[0mBatt=23.4 [0mODOM [31mVisionX  +0.00 Y  +0.00 theta   +0.0 elt    0 [0mimu  -4.0 Dt    4 LtCy    2 integ.govd   -0.00   -0.00 integ.vbp -0.00 -0.00 omni.gos X     +0.0 ,Y     -0.1. omgD -0.005 omg  +0.00 loop   4531
[0mBatt=23.4 [0mODOM [31mVisionX  +0.00 Y  +0.00 theta   +0.0 elt    0 [0mimu  -4.0 Dt   12 LtCy    6 integ.govd   -0.00   -0.00 integ.vbp -0.00 -0.00 omni.gos X     +0.0 ,Y     -0.0. omgD -0.003 omg  +0.00 loop   2198
[0mBatt=23.3 [0mODOM [31mVisionX  +0.00 Y  +0.00 theta   +0.0 elt    0 [0mimu  -4.0 Dt   14 LtCy    7 integ.govd   -0.00   -0.00 integ.vbp -0.00 -0.00 omni.gos X     -0.0 ,Y     -0.1. omgD -0.009 omg  +0.00 loop   4519
[0mBatt=23.3 [0mODOM [31mVisionX  +0.00 Y  +0.00 theta   +0.0 elt    0 [0mimu  -4.0 Dt    0 LtCy    0 integ.govd   +0.00   +0.00 integ.vbp +0.00 +0.00 omni.gos X     +0.0 ,Y     +0.0. omgD +0.002 omg  +0.00 loop   4454
[0mBatt=23.3 [0mODOM [31mVisionX  +0.00 Y  +0.00 theta   +0.0 elt    0 [0mimu  -4.0 Dt    0 LtCy    0 integ.govd   +0.00   +0.00 integ.vbp +0.00 +0.00 omni.gos X     +0.0 ,Y     -0.1. omgD -0.005 omg  +0.00 loop   4545
[0mBatt=23.3 [0mODOM [31mVisionX  +0.00 Y  +0.00 theta   +0.0 elt    0 [0mimu  -4.0 Dt    2 LtCy    1 integ.govd   +0.00   -0.00 integ.vbp +0.00 -0.00 omni.gos X     +0.0 ,Y     -0.0. omgD -0.001 omg  +0.00 loop   4553
[0mBatt=23.3 [0mODOM [31mVisionX  +0.00 Y  +0.00 theta   +0.0 elt    0 [0mimu  -4.0 Dt    2 LtCy    1 integ.govd   -0.00   -0.00 integ.vbp -0.00 -0.00 omni.gos X     -0.0 ,Y     -0.1. omgD -0.007 omg  +0.00 loop   4534
[0mBatt=23.3 [0mODOM [31mVisionX  +0.00 Y  +0.00 theta   +0.0 elt    0 [0mimu  -4.0 Dt    4 LtCy    2 integ.govd   +0.00   -0.00 integ.vbp +0.00 -0.00 omni.gos X     +0.0 ,Y     -0.1. omgD -0.005 omg  +0.00 loop   4525
[0mBatt=23.3 [0mODOM [31mVisionX  +0.00 Y  +0.00 theta   +0.0 elt    0 [0mimu  -4.0 Dt    6 LtCy    3 integ.govd   +0.00   +0.00 integ.vbp +0.00 +0.00 omni.gos X     +0.0 ,Y     -0.0. omgD -0.003 omg  +0.00 loop   4547
[0mBatt=23.4 [0mODOM [31mVisionX  +0.00 Y  +0.00 theta   +0.0 elt    0 [0mimu  -4.0 Dt    6 LtCy    3 integ.govd   +0.00   +0.00 integ.vbp +0.00 +0.00 omni.gos X     +0.0 ,Y     +0.0. omgD +0.002 omg  +0.00 loop   4534
[0mBatt=23.4 [0mODOM [31mVisionX  +0.00 Y  +0.00 theta   +0.0 elt    0 [0mimu  -4.0 Dt    6 LtCy    3 integ.govd   +0.00   +0.00 integ.vbp +0.00 +0.00 omni.gos X     +0.0 ,Y     +0.0. omgD +0.002 omg  +0.00 loop   4542
[0mBatt=23.4 [0mODOM [31mVisionX  +0.00 Y  +0.00 theta   +0.0 elt    0 [0mimu  -4.0 Dt    8 LtCy    4 integ.govd   +0.00   -0.00 integ.vbp +0.00 -0.00 omni.gos X     +0.0 ,Y     -0.0. omgD -0.001 omg  +0.00 loop   4519
[0mBatt=23.4 [0mODOM [31mVisionX  +0.00 Y  +0.00 theta   +0.0 elt    0 [0mimu  -4.0 Dt   10 LtCy    5 integ.govd   -0.00   -0.00 integ.vbp -0.00 -0.00 omni.gos X     -0.0 ,Y     -0.1. omgD -0.005 omg  +0.00 loop   4538
[0mBatt=23.4 [0mODOM [31mVisionX  +0.00 Y  +0.00 theta   +0.0 elt    0 [0mimu  -4.0 Dt   10 LtCy    5 integ.govd   -0.00   -0.00 integ.vbp -0.00 -0.00 omni.gos X     -0.0 ,Y     -0.2. omgD -0.016 omg  +0.00 loop   4517
[0mBatt=23.4 [0mODOM [31mVisionX  +0.00 Y  +0.00 theta   +0.0 elt    0 [0mimu  -4.0 Dt   12 LtCy    6 integ.govd   -0.00   -0.00 integ.vbp -0.00 -0.00 omni.gos X     -0.0 ,Y     -0.1. omgD -0.005 omg  +0.00 loop   4526
[0mBatt=23.4 [0mODOM [31mVisionX  +0.00 Y  +0.00 theta   +0.0 elt    0 [0mimu  -4.0 Dt   12 LtCy    6 integ.govd   -0.00   -0.00 integ.vbp -0.00 -0.00 omni.gos X     -0.0 ,Y     -0.1. omgD -0.005 omg  +0.00 loop   4503
[0mBatt=23.4 [0mODOM [31mVisionX  +0.00 Y  +0.00 theta   +0.0 elt    0 [0mimu  -4.0 Dt   14 LtCy    7 integ.govd   -0.00   -0.00 integ.vbp -0.00 -0.00 omni.gos X     -0.0 ,Y     -0.1. omgD -0.009 omg  +0.00 loop   4526
[0mBatt=23.4 [0mODOM [31mVisionX  +0.00 Y  +0.00 theta   +0.0 elt    0 [0mimu  -4.0 Dt    0 LtCy    0 integ.govd   +0.00   +0.00 integ.vbp +0.00 +0.00 omni.gos X     -0.0 ,Y     -0.1. omgD -0.005 omg  +0.00 loop   4442
TPRB_BEGIN,version=1,clock_hz=170000000,duration_cycles=1700000000
TPRB_TYPE,event_sequence,cycle,marker_sequence,counter
TPRB_RX,0,28837865,1,1
TPRB_RX,1,31383866,2,2
TPRB_RX,2,34124567,3,3
TPRB_RX,3,36497104,4,4
TPRB_RX,4,39037850,5,5
TPRB_RX,5,41587294,6,6
TPRB_RX,6,44130870,7,7
TPRB_RX,7,46672161,8,8
TPRB_RX,8,49219108,9,9
TPRB_RX,9,51958386,10,10
TPRB_RX,10,54501847,11,11
TPRB_RX,11,56860375,12,12
TPRB_RX,12,59583926,13,13
TPRB_RX,13,62126279,14,14
TPRB_RX,14,64667722,15,15
TPRB_RX,15,67215279,16,16
TPRB_RX,16,69763856,17,17
TPRB_RX,17,72305474,18,18
TPRB_RX,18,74847516,19,19
TPRB_RX,19,77389712,20,20
TPRB_RX,20,79932506,21,21
TPRB_RX,21,82479701,22,22
TPRB_RX,22,85031820,23,23
TPRB_RX,23,87758160,24,24
TPRB_RX,24,90118992,25,25
TPRB_RX,25,92662110,26,26
TPRB_RX,26,95202582,27,27
TPRB_RX,27,97742220,28,28
TPRB_RX,28,100284261,29,29
TPRB_RX,29,102828681,30,30
TPRB_RX,30,105552514,31,31
TPRB_RX,31,107916018,32,32
TPRB_RX,32,110643647,33,33
TPRB_RX,33,113006800,34,34
TPRB_RX,34,115545549,35,35
TPRB_RX,35,118267586,36,36
TPRB_RX,36,120632510,37,37
TPRB_RX,37,123355014,38,38
TPRB_RX,38,125901904,39,39
TPRB_RX,39,128444864,40,40
TPRB_RX,40,130985595,41,41
TPRB_RX,41,133525345,42,42
TPRB_RX,42,136069412,43,43
TPRB_RX,43,138612772,44,44
TPRB_RX,44,141156086,45,45
TPRB_RX,45,143698546,46,46
TPRB_RX,46,146235615,47,47
TPRB_RX,47,148774407,48,48
TPRB_RX,48,151314398,49,49
TPRB_RX,49,153865833,50,50
TPRB_RX,50,156410169,51,51
TPRB_RX,51,159133796,52,52
TPRB_RX,52,161676415,53,53
TPRB_RX,53,164042721,54,54
TPRB_RX,54,166586709,55,55
TPRB_RX,55,169135944,56,56
TPRB_RX,56,171681954,57,57
TPRB_RX,57,174405584,58,58
TPRB_RX,58,176948564,59,59
TPRB_RX,59,179313048,60,60
TPRB_RX,60,182035666,61,61
TPRB_RX,61,184578181,62,62
TPRB_RX,62,186953060,63,63
TPRB_RX,63,189503413,64,64
TPRB_RX,64,192047409,65,65
TPRB_RX,65,194770979,66,66
TPRB_RX,66,197314849,67,67
TPRB_RX,67,199855062,68,68
TPRB_RX,68,202222080,69,69
TPRB_RX,69,204768233,70,70
TPRB_RX,70,207491102,71,71
TPRB_RX,71,209851456,72,72
TPRB_RX,72,212591815,73,73
TPRB_RX,73,215135349,74,74
TPRB_RX,74,217495144,75,75
TPRB_RX,75,220220258,76,76
TPRB_RX,76,222767615,77,77
TPRB_RX,77,225308101,78,78
TPRB_RX,78,227850051,79,79
TPRB_RX,79,230392174,80,80
TPRB_RX,80,232937808,81,81
TPRB_RX,81,235480625,82,82
TPRB_RX,82,238031801,83,83
TPRB_RX,83,240573358,84,84
TPRB_RX,84,243112703,85,85
TPRB_RX,85,245659515,86,86
TPRB_RX,86,248377899,87,87
TPRB_RX,87,250743120,88,88
TPRB_RX,88,253289657,89,89
TPRB_RX,89,256015204,90,90
TPRB_RX,90,258558688,91,91
TPRB_RX,91,260918697,92,92
TPRB_RX,92,263461953,93,93
TPRB_RX,93,266185168,94,94
TPRB_RX,94,268546335,95,95
TPRB_RX,95,271089903,96,96
TPRB_RX,96,273641252,97,97
TPRB_RX,97,276187661,98,98
TPRB_RX,98,278729854,99,99
TPRB_RX,99,281453700,100,100
TPRB_RX,100,284177311,101,101
TPRB_RX,101,286539302,102,102
TPRB_RX,102,289085672,103,103
TPRB_RX,103,291631343,104,104
TPRB_RX,104,294182235,105,105
TPRB_RX,105,296725339,106,106
TPRB_RX,106,299265346,107,107
TPRB_RX,107,301806279,108,108
TPRB_RX,108,304347927,109,109
TPRB_RX,109,306890639,110,110
TPRB_RX,110,309609715,111,111
TPRB_RX,111,312148663,112,112
TPRB_RX,112,314691079,113,113
TPRB_RX,113,317234512,114,114
TPRB_RX,114,319596694,115,115
TPRB_RX,115,322141315,116,116
TPRB_RX,116,324683584,117,117
TPRB_RX,117,327226677,118,118
TPRB_RX,118,329769123,119,119
TPRB_RX,119,332314363,120,120
TPRB_RX,120,335037751,121,121
TPRB_RX,121,337580421,122,122
TPRB_RX,122,339951063,123,123
TPRB_RX,123,342680399,124,124
TPRB_RX,124,345045379,125,125
TPRB_RX,125,347589051,126,126
TPRB_RX,126,350139608,127,127
TPRB_RX,127,352686199,128,128
TPRB_RX,128,355601771,129,129
TPRB_RX,129,357783622,130,130
TPRB_RX,130,360326878,131,131
TPRB_RX,131,362870858,132,132
TPRB_RX,132,365415073,133,133
TPRB_RX,133,368140035,134,134
TPRB_RX,134,370679344,135,135
TPRB_RX,135,373221346,136,136
TPRB_RX,136,375765969,137,137
TPRB_RX,137,378311858,138,138
TPRB_RX,138,380855917,139,139
TPRB_RX,139,383400917,140,140
TPRB_RX,140,385944081,141,141
TPRB_RX,141,388486494,142,142
TPRB_RX,142,391209968,143,143
TPRB_RX,143,393570280,144,144
TPRB_RX,144,396113430,145,145
TPRB_RX,145,398655809,146,146
TPRB_RX,146,401196498,147,147
TPRB_RX,147,403755992,148,148
TPRB_RX,148,406317399,149,149
TPRB_RX,149,408862069,150,150
TPRB_RX,150,411409355,151,151
TPRB_RX,151,413953734,152,152
TPRB_RX,152,416496712,153,153
TPRB_RX,153,419218190,154,154
TPRB_RX,154,421585185,155,155
TPRB_RX,155,424128681,156,156
TPRB_RX,156,426671047,157,157
TPRB_RX,157,429213381,158,158
TPRB_RX,158,431939309,159,159
TPRB_RX,159,434301045,160,160
TPRB_RX,160,437027484,161,161
TPRB_RX,161,439570227,162,162
TPRB_RX,162,442113427,163,163
TPRB_RX,163,444655453,164,164
TPRB_RX,164,447199084,165,165
TPRB_RX,165,449742369,166,166
TPRB_RX,166,452284047,167,167
TPRB_RX,167,454825954,168,168
TPRB_RX,168,457368389,169,169
TPRB_RX,169,459734545,170,170
TPRB_RX,170,462458315,171,171
TPRB_RX,171,465004417,172,172
TPRB_RX,172,467547329,173,173
TPRB_RX,173,470087856,174,174
TPRB_RX,174,472633549,175,175
TPRB_RX,175,475176697,176,176
TPRB_RX,176,477717975,177,177
TPRB_RX,177,480262510,178,178
TPRB_RX,178,482804719,179,179
TPRB_RX,179,485344282,180,180
TPRB_RX,180,487887216,181,181
TPRB_RX,181,490431808,182,182
TPRB_RX,182,492974317,183,183
TPRB_RX,183,495515765,184,184
TPRB_RX,184,498062132,185,185
TPRB_RX,185,500789927,186,186
TPRB_RX,186,503149213,187,187
TPRB_RX,187,505691527,188,188
TPRB_RX,188,508427074,189,189
TPRB_RX,189,510791678,190,190
TPRB_RX,190,513336855,191,191
TPRB_RX,191,516062347,192,192
TPRB_RX,192,518427546,193,193
TPRB_RX,193,521149215,194,194
TPRB_RX,194,523719283,195,195
TPRB_RX,195,526126553,196,196
TPRB_RX,196,528720038,197,197
TPRB_RX,197,531314301,198,198
TPRB_RX,198,533903257,199,199
TPRB_RX,199,536490504,200,200
TPRB_RX,200,538895250,201,0
TPRB_RX,201,541489264,202,1
TPRB_RX,202,544078774,203,2
TPRB_RX,203,546484156,204,3
TPRB_RX,204,549273712,205,4
TPRB_RX,205,551696308,206,5
TPRB_RX,206,554290569,207,6
TPRB_RX,207,556718808,208,7
TPRB_RX,208,559310767,209,8
TPRB_RX,209,561900770,210,9
TPRB_RX,210,564680207,211,10
TPRB_RX,211,566907632,212,11
TPRB_RX,212,569496647,213,12
TPRB_RX,213,572083260,214,13
TPRB_RX,214,574675523,215,14
TPRB_RX,215,577080459,216,15
TPRB_RX,216,579669120,217,16
TPRB_RX,217,582269108,218,17
TPRB_RX,218,584859109,219,18
TPRB_RX,219,587450986,220,19
TPRB_RX,220,590045845,221,20
TPRB_RX,221,592454133,222,21
TPRB_RX,222,595231320,223,22
TPRB_RX,223,597643272,224,23
TPRB_RX,224,600257840,225,24
TPRB_RX,225,602848418,226,25
TPRB_RX,226,605251368,227,26
TPRB_RX,227,607847057,228,27
TPRB_RX,228,610442384,229,28
TPRB_RX,229,613034354,230,29
TPRB_RX,230,615438848,231,30
TPRB_RX,231,618040353,232,31
TPRB_RX,232,620445620,233,32
TPRB_RX,233,623223606,234,33
TPRB_RX,234,625637373,235,34
TPRB_RX,235,628410676,236,35
TPRB_RX,236,630814208,237,36
TPRB_RX,237,633407355,238,37
TPRB_RX,238,635998432,239,38
TPRB_RX,239,638400394,240,39
TPRB_RX,240,640991981,241,40
TPRB_RX,241,643588870,242,41
TPRB_RX,242,646179330,243,42
TPRB_RX,243,648584151,244,43
TPRB_RX,244,651184068,245,44
TPRB_RX,245,653783527,246,45
TPRB_RX,246,656372127,247,46
TPRB_RX,247,658786096,248,47
TPRB_RX,248,661377088,249,48
TPRB_RX,249,663965393,250,49
TPRB_RX,250,666379382,251,50
TPRB_RX,251,668971360,252,51
TPRB_RX,252,671557593,253,52
TPRB_RX,253,674145025,254,53
TPRB_RX,254,676735644,255,54
TPRB_RX,255,679147135,256,55
TPRB_RX,256,681744864,257,56
TPRB_RX,257,684344444,258,57
TPRB_RX,258,686934186,259,58
TPRB_RX,259,689336112,260,59
TPRB_RX,260,691923224,261,60
TPRB_RX,261,694519187,262,61
TPRB_RX,262,697113419,263,62
TPRB_RX,263,699520183,264,63
TPRB_RX,264,702121702,265,64
TPRB_RX,265,704714927,266,65
TPRB_RX,266,707304601,267,66
TPRB_RX,267,709715434,268,67
TPRB_RX,268,712314904,269,68
TPRB_RX,269,714902943,270,69
TPRB_RX,270,717492775,271,70
TPRB_RX,271,719902876,272,71
TPRB_RX,272,722496557,273,72
TPRB_RX,273,725091887,274,73
TPRB_RX,274,727696790,275,74
TPRB_RX,275,730285246,276,75
TPRB_RX,276,732690819,277,76
TPRB_RX,277,735286518,278,77
TPRB_RX,278,737887689,279,78
TPRB_RX,279,740294493,280,79
TPRB_RX,280,742883053,281,80
TPRB_RX,281,745477295,282,81
TPRB_RX,282,748064939,283,82
TPRB_RX,283,750662688,284,83
TPRB_RX,284,753074860,285,84
TPRB_RX,285,755664470,286,85
TPRB_RX,286,758251988,287,86
TPRB_RX,287,760847772,288,87
TPRB_RX,288,763258389,289,88
TPRB_RX,289,766035742,290,89
TPRB_RX,290,768440666,291,90
TPRB_RX,291,771041780,292,91
TPRB_RX,292,773445987,293,92
TPRB_RX,293,776034808,294,93
TPRB_RX,294,778634377,295,94
TPRB_RX,295,781221752,296,95
TPRB_RX,296,783815400,297,96
TPRB_RX,297,786412872,298,97
TPRB_RX,298,788821806,299,98
TPRB_RX,299,791409172,300,99
TPRB_RX,300,793998006,301,100
TPRB_RX,301,796607092,302,101
TPRB_RX,302,799194356,303,102
TPRB_RX,303,801610066,304,103
TPRB_RX,304,804035477,305,104
TPRB_RX,305,806627354,306,105
TPRB_RX,306,809213570,307,106
TPRB_RX,307,811816296,308,107
TPRB_RX,308,814406020,309,108
TPRB_RX,309,816825654,310,109
TPRB_RX,310,819598848,311,110
TPRB_RX,311,822006597,312,111
TPRB_RX,312,824609282,313,112
TPRB_RX,313,827012531,314,113
TPRB_RX,314,829616724,315,114
TPRB_RX,315,832207042,316,115
TPRB_RX,316,834798925,317,116
TPRB_RX,317,837404707,318,117
TPRB_RX,318,839804347,319,118
TPRB_RX,319,842395717,320,119
TPRB_RX,320,844987836,321,120
TPRB_RX,321,847596297,322,121
TPRB_RX,322,850207952,323,122
TPRB_RX,323,852655071,324,123
TPRB_RX,324,855261944,325,124
TPRB_RX,325,857873657,326,125
TPRB_RX,326,860279615,327,126
TPRB_RX,327,862881232,328,127
TPRB_RX,328,865312794,329,128
TPRB_RX,329,867900279,330,129
TPRB_RX,330,870498112,331,130
TPRB_RX,331,873100310,332,131
TPRB_RX,332,875536594,333,132
TPRB_RX,333,878125757,334,133
TPRB_RX,334,880755158,335,134
TPRB_RX,335,883162794,336,135
TPRB_RX,336,885764775,337,136
TPRB_RX,337,888360851,338,137
TPRB_RX,338,890953791,339,138
TPRB_RX,339,893551865,340,139
TPRB_RX,340,895980556,341,140
TPRB_RX,341,898401051,342,141
TPRB_RX,342,901007045,343,142
TPRB_RX,343,903611741,344,143
TPRB_RX,344,906034136,345,144
TPRB_RX,345,908635488,346,145
TPRB_RX,346,911226649,347,146
TPRB_RX,347,913818183,348,147
TPRB_RX,348,916415275,349,148
TPRB_RX,349,919002469,350,149
TPRB_RX,350,921441187,351,150
TPRB_RX,351,924036141,352,151
TPRB_RX,352,926644909,353,152
TPRB_RX,353,929241421,354,153
TPRB_RX,354,931657190,355,154
TPRB_RX,355,934248357,356,155
TPRB_RX,356,936844586,357,156
TPRB_RX,357,939252987,358,157
TPRB_RX,358,941700194,359,158
TPRB_RX,359,944472327,360,159
TPRB_RX,360,947070760,361,160
TPRB_RX,361,949484438,362,161
TPRB_RX,362,952082111,363,162
TPRB_RX,363,954673899,364,163
TPRB_RX,364,957270174,365,164
TPRB_RX,365,959688634,366,165
TPRB_RX,366,962490472,367,166
TPRB_RX,367,964902854,368,167
TPRB_RX,368,967517467,369,168
TPRB_RX,369,969918155,370,169
TPRB_RX,370,972511626,371,170
TPRB_RX,371,974931997,372,171
TPRB_RX,372,977551815,373,172
TPRB_RX,373,980167139,374,173
TPRB_RX,374,982569165,375,174
TPRB_RX,375,985336328,376,175
TPRB_RX,376,988006107,377,176
TPRB_RX,377,990415638,378,177
TPRB_RX,378,992818535,379,178
TPRB_RX,379,995587224,380,179
TPRB_RX,380,998071976,381,180
TPRB_RX,381,1000486123,382,181
TPRB_RX,382,1003074810,383,182
TPRB_RX,383,1005720518,384,183
TPRB_RX,384,1008125966,385,184
TPRB_RX,385,1010714726,386,185
TPRB_RX,386,1013311785,387,186
TPRB_RX,387,1015901145,388,187
TPRB_RX,388,1018508166,389,188
TPRB_RX,389,1020918791,390,189
TPRB_RX,390,1023584035,391,190
TPRB_RX,391,1025988674,392,191
TPRB_RX,392,1028570283,393,192
TPRB_RX,393,1031175903,394,193
TPRB_RX,394,1033758132,395,194
TPRB_RX,395,1036349113,396,195
TPRB_RX,396,1038762773,397,196
TPRB_RX,397,1041347878,398,197
TPRB_RX,398,1043751497,399,198
TPRB_RX,399,1046334063,400,199
TPRB_RX,400,1048899873,401,200
TPRB_RX,401,1051494765,402,0
TPRB_RX,402,1054108043,403,1
TPRB_RX,403,1056701852,404,2
TPRB_RX,404,1059295584,405,3
TPRB_RX,405,1061703570,406,4
TPRB_RX,406,1064147001,407,5
TPRB_RX,407,1066766156,408,6
TPRB_RX,408,1069559961,409,7
TPRB_RX,409,1071990866,410,8
TPRB_RX,410,1074442552,411,9
TPRB_RX,411,1077066873,412,10
TPRB_RX,412,1079689814,413,11
TPRB_RX,413,1082140300,414,12
TPRB_RX,414,1084751331,415,13
TPRB_RX,415,1087190959,416,14
TPRB_RX,416,1089797217,417,15
TPRB_RX,417,1092231340,418,16
TPRB_RX,418,1094826738,419,17
TPRB_RX,419,1097433490,420,18
TPRB_RX,420,1100035396,421,19
TPRB_RX,421,1102450954,422,20
TPRB_RX,422,1105053695,423,21
TPRB_RX,423,1107656477,424,22
TPRB_RX,424,1110265091,425,23
TPRB_RX,425,1112690759,426,24
TPRB_RX,426,1115334225,427,25
TPRB_RX,427,1117939689,428,26
TPRB_RX,428,1120353647,429,27
TPRB_RX,429,1122967153,430,28
TPRB_RX,430,1125568600,431,29
TPRB_RX,431,1127991513,432,30
TPRB_RX,432,1130594192,433,31
TPRB_RX,433,1133214964,434,32
TPRB_RX,434,1135630072,435,33
TPRB_RX,435,1138233648,436,34
TPRB_RX,436,1140835448,437,35
TPRB_RX,437,1143439127,438,36
TPRB_RX,438,1145852714,439,37
TPRB_RX,439,1148448464,440,38
TPRB_RX,440,1151045266,441,39
TPRB_RX,441,1153641928,442,40
TPRB_RX,442,1156049510,443,41
TPRB_RX,443,1158652256,444,42
TPRB_RX,444,1161250991,445,43
TPRB_RX,445,1163847475,446,44
TPRB_RX,446,1166260774,447,45
TPRB_RX,447,1168860572,448,46
TPRB_RX,448,1171467111,449,47
TPRB_RX,449,1174068279,450,48
TPRB_RX,450,1176477678,451,49
TPRB_RX,451,1179076657,452,50
TPRB_RX,452,1181683654,453,51
TPRB_RX,453,1184098006,454,52
TPRB_RX,454,1186689857,455,53
TPRB_RX,455,1189257230,456,54
TPRB_RX,456,1191908446,457,55
TPRB_RX,457,1194320061,458,56
TPRB_RX,458,1196919424,459,57
TPRB_RX,459,1199335538,460,58
TPRB_RX,460,1201928180,461,59
TPRB_RX,461,1204523280,462,60
TPRB_RX,462,1207126619,463,61
TPRB_RX,463,1209549310,464,62
TPRB_RX,464,1212165640,465,63
TPRB_RX,465,1214951987,466,64
TPRB_RX,466,1217360574,467,65
TPRB_RX,467,1219950801,468,66
TPRB_RX,468,1222361725,469,67
TPRB_RX,469,1224963065,470,68
TPRB_RX,470,1227562482,471,69
TPRB_RX,471,1230160263,472,70
TPRB_RX,472,1232564896,473,71
TPRB_RX,473,1235163878,474,72
TPRB_RX,474,1237771898,475,73
TPRB_RX,475,1240182169,476,74
TPRB_RX,476,1242775741,477,75
TPRB_RX,477,1245376217,478,76
TPRB_RX,478,1247974319,479,77
TPRB_RX,479,1250405993,480,78
TPRB_RX,480,1253015373,481,79
TPRB_RX,481,1255622993,482,80
TPRB_RX,482,1258035724,483,81
TPRB_RX,483,1260816513,484,82
TPRB_RX,484,1263228366,485,83
TPRB_RX,485,1265638192,486,84
TPRB_RX,486,1268280808,487,85
TPRB_RX,487,1270879324,488,86
TPRB_RX,488,1273314616,489,87
TPRB_RX,489,1275915467,490,88
TPRB_RX,490,1278516988,491,89
TPRB_RX,491,1280935139,492,90
TPRB_RX,492,1283718552,493,91
TPRB_RX,493,1286313166,494,92
TPRB_RX,494,1288731862,495,93
TPRB_RX,495,1291160854,496,94
TPRB_RX,496,1293760727,497,95
TPRB_RX,497,1296362876,498,96
TPRB_RX,498,1298785225,499,97
TPRB_RX,499,1301386066,500,98
TPRB_RX,500,1303984848,501,99
TPRB_RX,501,1306594548,502,100
TPRB_RX,502,1309004001,503,101
TPRB_RX,503,1311604895,504,102
TPRB_RX,504,1314390605,505,103
TPRB_RX,505,1316999634,506,104
TPRB_RX,506,1319412795,507,105
TPRB_RX,507,1322014806,508,106
TPRB_RX,508,1324429581,509,107
TPRB_RX,509,1327027224,510,108
TPRB_RX,510,1329655499,511,109
TPRB_RX,511,1332068043,512,110
TPRB_RX,512,1334676620,513,111
TPRB_RX,513,1337088549,514,112
TPRB_RX,514,1339684867,515,113
TPRB_RX,515,1342121538,516,114
TPRB_RX,516,1344713772,517,115
TPRB_RX,517,1347309418,518,116
TPRB_RX,518,1349905454,519,117
TPRB_RX,519,1352502958,520,118
TPRB_RX,520,1354930920,521,119
TPRB_RX,521,1357548506,522,120
TPRB_RX,522,1360149624,523,121
TPRB_RX,523,1362753897,524,122
TPRB_RX,524,1365189702,525,123
TPRB_RX,525,1367607930,526,124
TPRB_RX,526,1370216665,527,125
TPRB_RX,527,1372821564,528,126
TPRB_RX,528,1375420894,529,127
TPRB_RX,529,1378030992,530,128
TPRB_RX,530,1380507571,531,129
TPRB_RX,531,1383107156,532,130
TPRB_RX,532,1385515829,533,131
TPRB_RX,533,1388115501,534,132
TPRB_RX,534,1390735319,535,133
TPRB_RX,535,1393338954,536,134
TPRB_RX,536,1395751372,537,135
TPRB_RX,537,1398357413,538,136
TPRB_RX,538,1400960482,539,137
TPRB_RX,539,1403378296,540,138
TPRB_RX,540,1405973113,541,139
TPRB_RX,541,1408571721,542,140
TPRB_RX,542,1411170357,543,141
TPRB_RX,543,1413766688,544,142
TPRB_RX,544,1416366647,545,143
TPRB_RX,545,1418778618,546,144
TPRB_RX,546,1421192226,547,145
TPRB_RX,547,1423788178,548,146
TPRB_RX,548,1426398018,549,147
TPRB_RX,549,1428998826,550,148
TPRB_RX,550,1431428981,551,149
TPRB_RX,551,1434040203,552,150
TPRB_RX,552,1436633188,553,151
TPRB_RX,553,1439055264,554,152
TPRB_RX,554,1441655138,555,153
TPRB_RX,555,1444260066,556,154
TPRB_RX,556,1446861587,557,155
TPRB_RX,557,1449311539,558,156
TPRB_RX,558,1451909876,559,157
TPRB_RX,559,1454515328,560,158
TPRB_RX,560,1456933887,561,159
TPRB_RX,561,1459532117,562,160
TPRB_RX,562,1462133389,563,161
TPRB_RX,563,1464730394,564,162
TPRB_RX,564,1467153053,565,163
TPRB_RX,565,1469756921,566,164
TPRB_RX,566,1472348129,567,165
TPRB_RX,567,1474767750,568,166
TPRB_RX,568,1477361607,569,167
TPRB_RX,569,1479957549,570,168
TPRB_RX,570,1482557211,571,169
TPRB_RX,571,1485159550,572,170
TPRB_RX,572,1487578692,573,171
TPRB_RX,573,1490171044,574,172
TPRB_RX,574,1492789799,575,173
TPRB_RX,575,1495199400,576,174
TPRB_RX,576,1497812332,577,175
TPRB_RX,577,1500409825,578,176
TPRB_RX,578,1502825758,579,177
TPRB_RX,579,1505430936,580,178
TPRB_RX,580,1508214993,581,179
TPRB_RX,581,1510644739,582,180
TPRB_RX,582,1513063711,583,181
TPRB_RX,583,1515659760,584,182
TPRB_RX,584,1518305331,585,183
TPRB_RX,585,1520726523,586,184
TPRB_RX,586,1523506823,587,185
TPRB_RX,587,1525738111,588,186
TPRB_RX,588,1528391575,589,187
TPRB_RX,589,1531005433,590,188
TPRB_RX,590,1533603447,591,189
TPRB_RX,591,1536214594,592,190
TPRB_RX,592,1538461642,593,191
TPRB_RX,593,1541245754,594,192
TPRB_RX,594,1543680239,595,193
TPRB_RX,595,1546310798,596,194
TPRB_RX,596,1548909928,597,195
TPRB_RX,597,1551357716,598,196
TPRB_RX,598,1553953638,599,197
TPRB_RX,599,1556730750,600,198
TPRB_RX,600,1559143285,601,199
TPRB_RX,601,1561555602,602,200
TPRB_RX,602,1563967545,603,0
TPRB_RX,603,1566744152,604,1
TPRB_RX,604,1569163601,605,2
TPRB_RX,605,1571944090,606,3
TPRB_RX,606,1574176994,607,4
TPRB_RX,607,1576799661,608,5
TPRB_RX,608,1579430400,609,6
TPRB_RX,609,1582033428,610,7
TPRB_RX,610,1584444752,611,8
TPRB_RX,611,1587041176,612,9
TPRB_RX,612,1589688827,613,10
TPRB_RX,613,1592115566,614,11
TPRB_RX,614,1594710018,615,12
TPRB_RX,615,1597307078,616,13
TPRB_RX,616,1599726688,617,14
TPRB_RX,617,1602317135,618,15
TPRB_RX,618,1604917503,619,16
TPRB_RX,619,1607519076,620,17
TPRB_RX,620,1609931149,621,18
TPRB_RX,621,1612529018,622,19
TPRB_RX,622,1615129143,623,20
TPRB_RX,623,1617724342,624,21
TPRB_RX,624,1620179885,625,22
TPRB_RX,625,1622787211,626,23
TPRB_RX,626,1625400553,627,24
TPRB_RX,627,1627811323,628,25
TPRB_RX,628,1630411743,629,26
TPRB_RX,629,1633009787,630,27
TPRB_RX,630,1635419756,631,28
TPRB_RX,631,1638014066,632,29
TPRB_RX,632,1640619059,633,30
TPRB_RX,633,1643210312,634,31
TPRB_RX,634,1645809064,635,32
TPRB_RX,635,1648232522,636,33
TPRB_RX,636,1650837847,637,34
TPRB_RX,637,1653450076,638,35
TPRB_RX,638,1655872686,639,36
TPRB_RX,639,1658466491,640,37
TPRB_RX,640,1661064218,641,38
TPRB_RX,641,1663483810,642,39
TPRB_RX,642,1666096153,643,40
TPRB_RX,643,1668689385,644,41
TPRB_RX,644,1671120607,645,42
TPRB_RX,645,1673725136,646,43
TPRB_RX,646,1676315862,647,44
TPRB_RX,647,1678909574,648,45
TPRB_RX,648,1681332031,649,46
TPRB_RX,649,1683925726,650,47
TPRB_RX,650,1686516888,651,48
TPRB_RX,651,1688990575,652,49
TPRB_RX,652,1691784122,653,50
TPRB_RX,653,1694197184,654,51
TPRB_RX,654,1696785892,655,52
TPRB_RX,655,1699240419,656,53
TPRB_APPLY,0,28913171,1,1
TPRB_APPLY,1,31649540,2,2
TPRB_APPLY,2,34386908,3,3
TPRB_APPLY,3,36782105,4,4
TPRB_APPLY,4,39177302,5,5
TPRB_APPLY,5,41914670,6,6
TPRB_APPLY,6,44309867,7,7
TPRB_APPLY,7,46705064,8,8
TPRB_APPLY,8,49442432,9,9
TPRB_APPLY,9,52179800,10,10
TPRB_APPLY,10,54574997,11,11
TPRB_APPLY,11,56970194,12,12
TPRB_APPLY,12,59707562,13,13
TPRB_APPLY,13,62444930,14,14
TPRB_APPLY,14,64840127,15,15
TPRB_APPLY,15,67235324,16,16
TPRB_APPLY,16,69973510,17,17
TPRB_APPLY,17,72367889,18,18
TPRB_APPLY,18,75105257,19,19
TPRB_APPLY,19,77500454,20,20
TPRB_APPLY,20,80237822,21,21
TPRB_APPLY,21,82633019,22,22
TPRB_APPLY,22,85370387,23,23
TPRB_APPLY,23,87765584,24,24
TPRB_APPLY,24,90161428,25,25
TPRB_APPLY,25,92898149,26,26
TPRB_APPLY,26,95293346,27,27
TPRB_APPLY,27,98030714,28,28
TPRB_APPLY,28,100425911,29,29
TPRB_APPLY,29,103163279,30,30
TPRB_APPLY,30,105558476,31,31
TPRB_APPLY,31,107953673,32,32
TPRB_APPLY,32,110691041,33,33
TPRB_APPLY,33,113086238,34,34
TPRB_APPLY,34,115823606,35,35
TPRB_APPLY,35,118560974,36,36
TPRB_APPLY,36,120956171,37,37
TPRB_APPLY,37,123693539,38,38
TPRB_APPLY,38,126088736,39,39
TPRB_APPLY,39,128483933,40,40
TPRB_APPLY,40,131221301,41,41
TPRB_APPLY,41,133616498,42,42
TPRB_APPLY,42,136353866,43,43
TPRB_APPLY,43,138749063,44,44
TPRB_APPLY,44,141486431,45,45
TPRB_APPLY,45,143881628,46,46
TPRB_APPLY,46,146276825,47,47
TPRB_APPLY,47,149014193,48,48
TPRB_APPLY,48,151409390,49,49
TPRB_APPLY,49,154146758,50,50
TPRB_APPLY,50,156541955,51,51
TPRB_APPLY,51,159279323,52,52
TPRB_APPLY,52,162016691,53,53
TPRB_APPLY,53,164069717,54,54
TPRB_APPLY,54,166807085,55,55
TPRB_APPLY,55,169202357,56,56
TPRB_APPLY,56,171939650,57,57
TPRB_APPLY,57,174677018,58,58
TPRB_APPLY,58,177072215,59,59
TPRB_APPLY,59,179467412,60,60
TPRB_APPLY,60,182204780,61,61
TPRB_APPLY,61,184599977,62,62
TPRB_APPLY,62,186995174,63,63
TPRB_APPLY,63,189732542,64,64
TPRB_APPLY,64,192127740,65,65
TPRB_APPLY,65,194865108,66,66
TPRB_APPLY,66,197602476,67,67
TPRB_APPLY,67,199997672,68,68
TPRB_APPLY,68,202392869,69,69
TPRB_APPLY,69,204788066,70,70
TPRB_APPLY,70,207525434,71,71
TPRB_APPLY,71,209920631,72,72
TPRB_APPLY,72,212657999,73,73
TPRB_APPLY,73,215395367,74,74
TPRB_APPLY,74,217790564,75,75
TPRB_APPLY,75,220527932,76,76
TPRB_APPLY,76,222923129,77,77
TPRB_APPLY,77,225318326,78,78
TPRB_APPLY,78,228055694,79,79
TPRB_APPLY,79,230450891,80,80
TPRB_APPLY,80,233189217,81,81
TPRB_APPLY,81,235583456,82,82
TPRB_APPLY,82,238320824,83,83
TPRB_APPLY,83,240716021,84,84
TPRB_APPLY,84,243453389,85,85
TPRB_APPLY,85,245848586,86,86
TPRB_APPLY,86,248585954,87,87
TPRB_APPLY,87,250981151,88,88
TPRB_APPLY,88,253376348,89,89
TPRB_APPLY,89,256113716,90,90
TPRB_APPLY,90,258851084,91,91
TPRB_APPLY,91,261246281,92,92
TPRB_APPLY,92,263642357,93,93
TPRB_APPLY,93,266378846,94,94
TPRB_APPLY,94,268774043,95,95
TPRB_APPLY,95,271169240,96,96
TPRB_APPLY,96,273906608,97,97
TPRB_APPLY,97,276301805,98,98
TPRB_APPLY,98,279039538,99,99
TPRB_APPLY,99,281776541,100,100
TPRB_APPLY,100,284513909,101,101
TPRB_APPLY,101,286566935,102,102
TPRB_APPLY,102,289304303,103,103
TPRB_APPLY,103,291699500,104,104
TPRB_APPLY,104,294436868,105,105
TPRB_APPLY,105,296832065,106,106
TPRB_APPLY,106,299569433,107,107
TPRB_APPLY,107,301964630,108,108
TPRB_APPLY,108,304359827,109,109
TPRB_APPLY,109,307097195,110,110
TPRB_APPLY,110,309834563,111,111
TPRB_APPLY,111,312229760,112,112
TPRB_APPLY,112,314967128,113,113
TPRB_APPLY,113,317362325,114,114
TPRB_APPLY,114,319757522,115,115
TPRB_APPLY,115,322152719,116,116
TPRB_APPLY,116,324890087,117,117
TPRB_APPLY,117,327285284,118,118
TPRB_APPLY,118,330022652,119,119
TPRB_APPLY,119,332417849,120,120
TPRB_APPLY,120,335155216,121,121
TPRB_APPLY,121,337892584,122,122
TPRB_APPLY,122,340287781,123,123
TPRB_APPLY,123,342682978,124,124
TPRB_APPLY,124,345078175,125,125
TPRB_APPLY,125,347815543,126,126
TPRB_APPLY,126,350210740,127,127
TPRB_APPLY,127,352948108,128,128
TPRB_APPLY,128,355685476,129,129
TPRB_APPLY,129,358080673,130,130
TPRB_APPLY,130,360475870,131,131
TPRB_APPLY,131,362872986,132,132
TPRB_APPLY,132,365608435,133,133
TPRB_APPLY,133,368345803,134,134
TPRB_APPLY,134,370741000,135,135
TPRB_APPLY,135,373478368,136,136
TPRB_APPLY,136,375873565,137,137
TPRB_APPLY,137,378611466,138,138
TPRB_APPLY,138,381006130,139,139
TPRB_APPLY,139,383403045,140,140
TPRB_APPLY,140,386138695,141,141
TPRB_APPLY,141,388533892,142,142
TPRB_APPLY,142,391271260,143,143
TPRB_APPLY,143,393666457,144,144
TPRB_APPLY,144,396404747,145,145
TPRB_APPLY,145,398799022,146,146
TPRB_APPLY,146,401536390,147,147
TPRB_APPLY,147,403931587,148,148
TPRB_APPLY,148,406326784,149,149
TPRB_APPLY,149,409064152,150,150
TPRB_APPLY,150,411459349,151,151
TPRB_APPLY,151,414197346,152,152
TPRB_APPLY,152,416591914,153,153
TPRB_APPLY,153,419329282,154,154
TPRB_APPLY,154,421724479,155,155
TPRB_APPLY,155,424461847,156,156
TPRB_APPLY,156,426857044,157,157
TPRB_APPLY,157,429252241,158,158
TPRB_APPLY,158,431989609,159,159
TPRB_APPLY,159,434384806,160,160
TPRB_APPLY,160,437122174,161,161
TPRB_APPLY,161,439859542,162,162
TPRB_APPLY,162,442254739,163,163
TPRB_APPLY,163,444993028,164,164
TPRB_APPLY,164,447387304,165,165
TPRB_APPLY,165,449782501,166,166
TPRB_APPLY,166,452519869,167,167
TPRB_APPLY,167,454915915,168,168
TPRB_APPLY,168,457652434,169,169
TPRB_APPLY,169,460047631,170,170
TPRB_APPLY,170,462784999,171,171
TPRB_APPLY,171,465180196,172,172
TPRB_APPLY,172,467575393,173,173
TPRB_APPLY,173,470312761,174,174
TPRB_APPLY,174,472707958,175,175
TPRB_APPLY,175,475445326,176,176
TPRB_APPLY,176,477840523,177,177
TPRB_APPLY,177,480577891,178,178
TPRB_APPLY,178,482973088,179,179
TPRB_APPLY,179,485368285,180,180
TPRB_APPLY,180,488105653,181,181
TPRB_APPLY,181,490500850,182,182
TPRB_APPLY,182,493238218,183,183
TPRB_APPLY,183,495633415,184,184
TPRB_APPLY,184,498370783,185,185
TPRB_APPLY,185,501108151,186,186
TPRB_APPLY,186,503161177,187,187
TPRB_APPLY,187,505898545,188,188
TPRB_APPLY,188,508635913,189,189
TPRB_APPLY,189,511031110,190,190
TPRB_APPLY,190,513426307,191,191
TPRB_APPLY,191,516163675,192,192
TPRB_APPLY,192,518558872,193,193
TPRB_APPLY,193,521296240,194,194
TPRB_APPLY,194,524033608,195,195
TPRB_APPLY,195,526428805,196,196
TPRB_APPLY,196,528824002,197,197
TPRB_APPLY,197,531561370,198,198
TPRB_APPLY,198,533956567,199,199
TPRB_APPLY,199,536693935,200,200
TPRB_APPLY,200,539089132,201,0
TPRB_APPLY,201,541826500,202,1
TPRB_APPLY,202,544221697,203,2
TPRB_APPLY,203,546616894,204,3
TPRB_APPLY,204,549354262,205,4
TPRB_APPLY,205,551749459,206,5
TPRB_APPLY,206,554486828,207,6
TPRB_APPLY,207,556882024,208,7
TPRB_APPLY,208,559619392,209,8
TPRB_APPLY,209,562014589,210,9
TPRB_APPLY,210,564751957,211,10
TPRB_APPLY,211,567147154,212,11
TPRB_APPLY,212,569542351,213,12
TPRB_APPLY,213,572279719,214,13
TPRB_APPLY,214,575017087,215,14
TPRB_APPLY,215,577412284,216,15
TPRB_APPLY,216,579807481,217,16
TPRB_APPLY,217,582544849,218,17
TPRB_APPLY,218,584940046,219,18
TPRB_APPLY,219,587677414,220,19
TPRB_APPLY,220,590072611,221,20
TPRB_APPLY,221,592467808,222,21
TPRB_APPLY,222,595547347,223,22
TPRB_APPLY,223,597942544,224,23
TPRB_APPLY,224,600337741,225,24
TPRB_APPLY,225,603075109,226,25
TPRB_APPLY,226,605470306,227,26
TPRB_APPLY,227,607865503,228,27
TPRB_APPLY,228,610602871,229,28
TPRB_APPLY,229,613340239,230,29
TPRB_APPLY,230,615735436,231,30
TPRB_APPLY,231,618130633,232,31
TPRB_APPLY,232,620525830,233,32
TPRB_APPLY,233,623263198,234,33
TPRB_APPLY,234,625658395,235,34
TPRB_APPLY,235,628737934,236,35
TPRB_APPLY,236,631133131,237,36
TPRB_APPLY,237,633528328,238,37
TPRB_APPLY,238,636265696,239,38
TPRB_APPLY,239,638660893,240,39
TPRB_APPLY,240,641056090,241,40
TPRB_APPLY,241,643794236,242,41
TPRB_APPLY,242,646189685,243,42
TPRB_APPLY,243,648926023,244,43
TPRB_APPLY,244,651321220,245,44
TPRB_APPLY,245,654058588,246,45
TPRB_APPLY,246,656453785,247,46
TPRB_APPLY,247,658848982,248,47
TPRB_APPLY,248,661586350,249,48
TPRB_APPLY,249,663981547,250,49
TPRB_APPLY,250,666718915,251,50
TPRB_APPLY,251,669114112,252,51
TPRB_APPLY,252,671851480,253,52
TPRB_APPLY,253,674246677,254,53
TPRB_APPLY,254,676984045,255,54
TPRB_APPLY,255,679379242,256,55
TPRB_APPLY,256,681774496,257,56
TPRB_APPLY,257,684511807,258,57
TPRB_APPLY,258,687249175,259,58
TPRB_APPLY,259,689644372,260,59
TPRB_APPLY,260,692039569,261,60
TPRB_APPLY,261,694776937,262,61
TPRB_APPLY,262,697172134,263,62
TPRB_APPLY,263,699567331,264,63
TPRB_APPLY,264,702304699,265,64
TPRB_APPLY,265,705042067,266,65
TPRB_APPLY,266,707437264,267,66
TPRB_APPLY,267,709832461,268,67
TPRB_APPLY,268,712569829,269,68
TPRB_APPLY,269,714965776,270,69
TPRB_APPLY,270,717702394,271,70
TPRB_APPLY,271,720097591,272,71
TPRB_APPLY,272,722834959,273,72
TPRB_APPLY,273,725230156,274,73
TPRB_APPLY,274,727967524,275,74
TPRB_APPLY,275,730362721,276,75
TPRB_APPLY,276,732757918,277,76
TPRB_APPLY,277,735495286,278,77
TPRB_APPLY,278,737890483,279,78
TPRB_APPLY,279,740627851,280,79
TPRB_APPLY,280,743023048,281,80
TPRB_APPLY,281,745760416,282,81
TPRB_APPLY,282,748155613,283,82
TPRB_APPLY,283,750892981,284,83
TPRB_APPLY,284,753288178,285,84
TPRB_APPLY,285,755683375,286,85
TPRB_APPLY,286,758420743,287,86
TPRB_APPLY,287,761158111,288,87
TPRB_APPLY,288,763553308,289,88
TPRB_APPLY,289,766290676,290,89
TPRB_APPLY,290,768685873,291,90
TPRB_APPLY,291,771081070,292,91
TPRB_APPLY,292,773476267,293,92
TPRB_APPLY,93,776214366,24,93
TPRB_APPLY,294,778951003,295,94
TPRB_APPLY,295,781346200,296,95
TPRB_APPLY,296,784083568,297,96
TPRB_APPLY,297,786478765,298,97
TPRB_APPLY,298,788873962,299,98
TPRB_APPLY,299,791611330,300,99
TPRB_APPLY,300,794006527,301,100
TPRB_APPLY,301,796743895,302,101
TPRB_APPLY,302,799481263,303,102
TPRB_APPLY,303,801876460,304,103
TPRB_APPLY,304,804271657,305,104
TPRB_APPLY,305,806666854,306,105
TPRB_APPLY,306,809404222,307,106
TPRB_APPLY,307,812141590,308,107
TPRB_APPLY,308,814536787,309,108
TPRB_APPLY,309,816931984,310,109
TPRB_APPLY,310,819669352,311,110
TPRB_APPLY,311,822065336,312,111
TPRB_APPLY,312,824801917,313,112
TPRB_APPLY,313,827197114,314,113
TPRB_APPLY,314,829934482,315,114
TPRB_APPLY,315,832329679,316,115
TPRB_APPLY,316,835067047,317,116
TPRB_APPLY,317,837462244,318,117
TPRB_APPLY,318,839857441,319,118
TPRB_APPLY,319,842594809,320,119
TPRB_APPLY,320,844990012,321,120
TPRB_APPLY,321,847727374,322,121
TPRB_APPLY,322,850464742,323,122
TPRB_APPLY,323,852859939,324,123
TPRB_APPLY,324,855597307,325,124
TPRB_APPLY,325,857992504,326,125
TPRB_APPLY,326,860387701,327,126
TPRB_APPLY,327,863125069,328,127
TPRB_APPLY,328,865520266,329,128
TPRB_APPLY,329,867915463,330,129
TPRB_APPLY,330,870652889,331,130
TPRB_APPLY,331,873390199,332,131
TPRB_APPLY,332,875785396,333,132
TPRB_APPLY,333,878180593,334,133
TPRB_APPLY,334,880917961,335,134
TPRB_APPLY,335,883313158,336,135
TPRB_APPLY,336,886050526,337,136
TPRB_APPLY,337,888445723,338,137
TPRB_APPLY,338,891183091,339,138
TPRB_APPLY,339,893578288,340,139
TPRB_APPLY,340,896315656,341,140
TPRB_APPLY,341,898710853,342,141
TPRB_APPLY,342,901106050,343,142
TPRB_APPLY,343,903843418,344,143
TPRB_APPLY,344,906238615,345,144
TPRB_APPLY,345,908975985,346,145
TPRB_APPLY,346,911371180,347,146
TPRB_APPLY,347,914108548,348,147
TPRB_APPLY,348,916503745,349,148
TPRB_APPLY,349,919241113,350,149
TPRB_APPLY,350,921636310,351,150
TPRB_APPLY,351,924373678,352,151
TPRB_APPLY,352,926768875,353,152
TPRB_APPLY,353,929506243,354,153
TPRB_APPLY,354,931901440,355,154
TPRB_APPLY,355,934296637,356,155
TPRB_APPLY,356,937034005,357,156
TPRB_APPLY,357,939429202,358,157
TPRB_APPLY,358,941824399,359,158
TPRB_APPLY,359,944561767,360,159
TPRB_APPLY,360,947299135,361,160
TPRB_APPLY,361,949694332,362,161
TPRB_APPLY,362,952089529,363,162
TPRB_APPLY,363,954826897,364,163
TPRB_APPLY,364,957564265,365,164
TPRB_APPLY,365,959959462,366,165
TPRB_APPLY,366,962696830,367,166
TPRB_APPLY,367,965092027,368,167
TPRB_APPLY,368,967829395,369,168
TPRB_APPLY,369,970224592,370,169
TPRB_APPLY,370,972619789,371,170
TPRB_APPLY,371,975014986,372,171
TPRB_APPLY,372,977752354,373,172
TPRB_APPLY,373,980490645,374,173
TPRB_APPLY,374,982884919,375,174
TPRB_APPLY,375,985622287,376,175
TPRB_APPLY,376,988017484,377,176
TPRB_APPLY,377,990754852,378,177
TPRB_APPLY,378,993150049,379,178
TPRB_APPLY,379,995887417,380,179
TPRB_APPLY,380,998282614,381,180
TPRB_APPLY,381,1000677811,382,181
TPRB_APPLY,382,1003415179,383,182
TPRB_APPLY,383,1005810378,384,183
TPRB_APPLY,384,1008205572,385,184
TPRB_APPLY,385,1010942940,386,185
TPRB_APPLY,386,1013338137,387,186
TPRB_APPLY,387,1016075505,388,187
TPRB_APPLY,388,1018812873,389,188
TPRB_APPLY,389,1021208070,390,189
TPRB_APPLY,390,1023603267,391,190
TPRB_APPLY,391,1025998464,392,191
TPRB_APPLY,392,1028735832,393,192
TPRB_APPLY,393,1031473226,394,193
TPRB_APPLY,394,1033868397,395,194
TPRB_APPLY,395,1036605765,396,195
TPRB_APPLY,396,1039001874,397,196
TPRB_APPLY,397,1041396159,398,197
TPRB_APPLY,398,1043791615,399,198
TPRB_APPLY,399,1046528724,400,199
TPRB_APPLY,400,1048923921,401,200
TPRB_APPLY,401,1051661289,402,0
TPRB_APPLY,402,1054398657,403,1
TPRB_APPLY,403,1056793854,404,2
TPRB_APPLY,404,1059531222,405,3
TPRB_APPLY,405,1061926419,406,4
TPRB_APPLY,406,1064322088,407,5
TPRB_APPLY,407,1067058984,408,6
TPRB_APPLY,408,1069796352,409,7
TPRB_APPLY,409,1072191549,410,8
TPRB_APPLY,410,1074586746,411,9
TPRB_APPLY,411,1077324114,412,10
TPRB_APPLY,412,1079719311,413,11
TPRB_APPLY,413,1082456679,414,12
TPRB_APPLY,414,1084851876,415,13
TPRB_APPLY,415,1087247073,416,14
TPRB_APPLY,416,1089984441,417,15
TPRB_APPLY,417,1092379639,418,16
TPRB_APPLY,418,1095117007,419,17
TPRB_APPLY,419,1097512203,420,18
TPRB_APPLY,420,1100249571,421,19
TPRB_APPLY,421,1102644768,422,20
TPRB_APPLY,422,1105382136,423,21
TPRB_APPLY,423,1107777333,424,22
TPRB_APPLY,424,1110514701,425,23
TPRB_APPLY,425,1112909898,426,24
TPRB_APPLY,426,1115647266,427,25
TPRB_APPLY,427,1118042463,428,26
TPRB_APPLY,428,1120437660,429,27
TPRB_APPLY,429,1123175028,430,28
TPRB_APPLY,430,1125570728,431,29
TPRB_APPLY,431,1128307593,432,30
TPRB_APPLY,432,1130702790,433,31
TPRB_APPLY,433,1133440158,434,32
TPRB_APPLY,434,1135835355,435,33
TPRB_APPLY,435,1138572723,436,34
TPRB_APPLY,436,1140967920,437,35
TPRB_APPLY,437,1143705288,438,36
TPRB_APPLY,438,1146100485,439,37
TPRB_APPLY,439,1148495682,440,38
TPRB_APPLY,440,1151233050,441,39
TPRB_APPLY,441,1153970418,442,40
TPRB_APPLY,442,1156365615,443,41
TPRB_APPLY,443,1158760812,444,42
TPRB_APPLY,444,1161498180,445,43
TPRB_APPLY,445,1163894020,446,44
TPRB_APPLY,446,1166288574,447,45
TPRB_APPLY,447,1169025942,448,46
TPRB_APPLY,448,1171763310,449,47
TPRB_APPLY,449,1174158507,450,48
TPRB_APPLY,450,1176553704,451,49
TPRB_APPLY,451,1179291072,452,50
TPRB_APPLY,452,1181686269,453,51
TPRB_APPLY,453,1184423636,454,52
TPRB_APPLY,454,1186818833,455,53
TPRB_APPLY,455,1189556201,456,54
TPRB_APPLY,456,1191951398,457,55
TPRB_APPLY,457,1194346595,458,56
TPRB_APPLY,458,1197083963,459,57
TPRB_APPLY,459,1199479160,460,58
TPRB_APPLY,460,1202216528,461,59
TPRB_APPLY,461,1204611725,462,60
TPRB_APPLY,462,1207349093,463,61
TPRB_APPLY,463,1209744290,464,62
TPRB_APPLY,464,1212481658,465,63
TPRB_APPLY,465,1215219026,466,64
TPRB_APPLY,466,1217614223,467,65
TPRB_APPLY,467,1220009420,468,66
TPRB_APPLY,468,1222404617,469,67
TPRB_APPLY,469,1225141985,470,68
TPRB_APPLY,470,1227879353,471,69
TPRB_APPLY,471,1230274550,472,70
TPRB_APPLY,472,1232669747,473,71
TPRB_APPLY,473,1235407115,474,72
TPRB_APPLY,474,1237802312,475,73
TPRB_APPLY,475,1240197509,476,74
TPRB_APPLY,476,1242934877,477,75
TPRB_APPLY,477,1245672245,478,76
TPRB_APPLY,478,1248067442,479,77
TPRB_APPLY,479,1250462639,480,78
TPRB_APPLY,480,1253200007,481,79
TPRB_APPLY,481,1255937375,482,80
TPRB_APPLY,482,1258332572,483,81
TPRB_APPLY,483,1261069940,484,82
TPRB_APPLY,484,1263465137,485,83
TPRB_APPLY,485,1265860334,486,84
TPRB_APPLY,486,1268597702,487,85
TPRB_APPLY,487,1270992899,488,86
TPRB_APPLY,488,1273388096,489,87
TPRB_APPLY,489,1276125464,490,88
TPRB_APPLY,490,1278520661,491,89
TPRB_APPLY,491,1281258029,492,90
TPRB_APPLY,492,1283995397,493,91
TPRB_APPLY,493,1286390594,494,92
TPRB_APPLY,494,1288785790,495,93
TPRB_APPLY,495,1291180987,496,94
TPRB_APPLY,496,1293918355,497,95
TPRB_APPLY,497,1296655723,498,96
TPRB_APPLY,498,1299050920,499,97
TPRB_APPLY,499,1301446117,500,98
TPRB_APPLY,500,1304183485,501,99
TPRB_APPLY,501,1306920853,502,100
TPRB_APPLY,502,1309316050,503,101
TPRB_APPLY,503,1311711247,504,102
TPRB_APPLY,504,1314449532,505,103
TPRB_APPLY,505,1317185983,506,104
TPRB_APPLY,506,1319581180,507,105
TPRB_APPLY,507,1322318548,508,106
TPRB_APPLY,508,1324713745,509,107
TPRB_APPLY,509,1327108942,510,108
TPRB_APPLY,510,1329846310,511,109
TPRB_APPLY,511,1332241507,512,110
TPRB_APPLY,512,1334979677,513,111
TPRB_APPLY,513,1337374072,514,112
TPRB_APPLY,514,1339769269,515,113
TPRB_APPLY,515,1342164466,516,114
TPRB_APPLY,516,1344901834,517,115
TPRB_APPLY,517,1347639202,518,116
TPRB_APPLY,518,1350034399,519,117
TPRB_APPLY,519,1352771767,520,118
TPRB_APPLY,520,1355166964,521,119
TPRB_APPLY,521,1357562161,522,120
TPRB_APPLY,522,1360299530,523,121
TPRB_APPLY,523,1363036897,524,122
TPRB_APPLY,524,1365432094,525,123
TPRB_APPLY,525,1367827291,526,124
TPRB_APPLY,526,1370222488,527,125
TPRB_APPLY,527,1372959856,528,126
TPRB_APPLY,528,1375697224,529,127
TPRB_APPLY,529,1378092421,530,128
TPRB_APPLY,530,1380829789,531,129
TPRB_APPLY,531,1383224986,532,130
TPRB_APPLY,532,1385620183,533,131
TPRB_APPLY,533,1388357551,534,132
TPRB_APPLY,534,1390752748,535,133
TPRB_APPLY,535,1393490116,536,134
TPRB_APPLY,536,1395885314,537,135
TPRB_APPLY,537,1398622681,538,136
TPRB_APPLY,538,1401017878,539,137
TPRB_APPLY,539,1403413075,540,138
TPRB_APPLY,540,1406150443,541,139
TPRB_APPLY,541,1408887811,542,140
TPRB_APPLY,542,1411283008,543,141
TPRB_APPLY,543,1414020376,544,142
TPRB_APPLY,544,1416416471,545,143
TPRB_APPLY,545,1418810770,546,144
TPRB_APPLY,546,1421205967,547,145
TPRB_APPLY,547,1423943335,548,146
TPRB_APPLY,548,1426680703,549,147
TPRB_APPLY,549,1429075900,550,148
TPRB_APPLY,550,1431471097,551,149
TPRB_APPLY,551,1434208465,552,150
TPRB_APPLY,552,1436945833,553,151
TPRB_APPLY,553,1439341030,554,152
TPRB_APPLY,554,1441736227,555,153
TPRB_APPLY,555,1444473595,556,154
TPRB_APPLY,556,1446868792,557,155
TPRB_APPLY,557,1449606160,558,156
TPRB_APPLY,558,1452001357,559,157
TPRB_APPLY,559,1454738725,560,158
TPRB_APPLY,560,1457133922,561,159
TPRB_APPLY,561,1459871290,562,160
TPRB_APPLY,562,1462266487,563,161
TPRB_APPLY,563,1465003855,564,162
TPRB_APPLY,564,1467399052,565,163
TPRB_APPLY,565,1469794249,566,164
TPRB_APPLY,566,1472531617,567,165
TPRB_APPLY,567,1474926814,568,166
TPRB_APPLY,568,1477664182,569,167
TPRB_APPLY,569,1480059379,570,168
TPRB_APPLY,570,1482796747,571,169
TPRB_APPLY,571,1485191944,572,170
TPRB_APPLY,572,1487587141,573,171
TPRB_APPLY,573,1490324509,574,172
TPRB_APPLY,574,1493061877,575,173
TPRB_APPLY,575,1495457074,576,174
TPRB_APPLY,576,1497852271,577,175
TPRB_APPLY,577,1500589639,578,176
TPRB_APPLY,578,1502984836,579,177
TPRB_APPLY,579,1505722204,580,178
TPRB_APPLY,580,1508459572,581,179
TPRB_APPLY,581,1510854769,582,180
TPRB_APPLY,582,1513249966,583,181
TPRB_APPLY,583,1515987334,584,182
TPRB_APPLY,584,1518382531,585,183
TPRB_APPLY,585,1520778757,586,184
TPRB_APPLY,586,1523515096,587,185
TPRB_APPLY,587,1525910293,588,186
TPRB_APPLY,588,1528647661,589,187
TPRB_APPLY,589,1531042858,590,188
TPRB_APPLY,590,1533780226,591,189
TPRB_APPLY,591,1536517594,592,190
TPRB_APPLY,592,1538570620,593,191
TPRB_APPLY,593,1541307988,594,192
TPRB_APPLY,594,1543703185,595,193
TPRB_APPLY,595,1546440553,596,194
TPRB_APPLY,596,1549177921,597,195
TPRB_APPLY,597,1551573118,598,196
TPRB_APPLY,598,1553968315,599,197
TPRB_APPLY,599,1557047854,600,198
TPRB_APPLY,600,1559443051,601,199
TPRB_APPLY,601,1561838248,602,200
TPRB_APPLY,602,1564234480,603,0
TPRB_APPLY,603,1566970813,604,1
TPRB_APPLY,604,1569366010,605,2
TPRB_APPLY,605,1572103378,606,3
TPRB_APPLY,606,1574498575,607,4
TPRB_APPLY,607,1576893772,608,5
TPRB_APPLY,608,1579631140,609,6
TPRB_APPLY,609,1582368508,610,7
TPRB_APPLY,610,1584763705,611,8
TPRB_APPLY,611,1587158902,612,9
TPRB_APPLY,612,1589896270,613,10
TPRB_APPLY,613,1592291467,614,11
TPRB_APPLY,614,1595028835,615,12
TPRB_APPLY,615,1597424032,616,13
TPRB_APPLY,616,1599819229,617,14
TPRB_APPLY,617,1602556597,618,15
TPRB_APPLY,618,1604951794,619,16
TPRB_APPLY,619,1607689162,620,17
TPRB_APPLY,620,1610084359,621,18
TPRB_APPLY,621,1612821727,622,19
TPRB_APPLY,622,1615217946,623,20
TPRB_APPLY,623,1617954292,624,21
TPRB_APPLY,624,1620349489,625,22
TPRB_APPLY,625,1623086857,626,23
TPRB_APPLY,626,1625482054,627,24
TPRB_APPLY,627,1627877563,628,25
TPRB_APPLY,628,1630614619,629,26
TPRB_APPLY,629,1633011791,630,27
TPRB_APPLY,630,1635747184,631,28
TPRB_APPLY,631,1638142381,632,29
TPRB_APPLY,632,1640879749,633,30
TPRB_APPLY,633,1643274946,634,31
TPRB_APPLY,634,1646012314,635,32
TPRB_APPLY,635,1648407511,636,33
TPRB_APPLY,636,1651144879,637,34
TPRB_APPLY,637,1653540076,638,35
TPRB_APPLY,638,1655935273,639,36
TPRB_APPLY,639,1658672641,640,37
TPRB_APPLY,640,1661067838,641,38
TPRB_APPLY,641,1663805206,642,39
TPRB_APPLY,642,1666200403,643,40
TPRB_APPLY,643,1668937771,644,41
TPRB_APPLY,644,1671332968,645,42
TPRB_APPLY,645,1673728165,646,43
TPRB_APPLY,646,1676465533,647,44
TPRB_APPLY,647,1679202901,648,45
TPRB_APPLY,648,1681598098,649,46
TPRB_APPLY,649,1683993295,650,47
TPRB_APPLY,650,1686730663,651,48
TPRB_APPLY,651,1689125860,652,49
TPRB_APPLY,652,1691863228,653,50
TPRB_APPLY,653,1694258425,654,51
TPRB_APPLY,654,1696995793,655,52
TPRB_APPLY,655,1699390990,656,53
TPRB_END,rx=656,apply=656,filtered=0,rx_overflow=0,apply_overflow=0,apply_race=0
TPRB_STATS,frame=656,valid=656,checksum_error=0,irq=48470,rxirq=47232,byte=47232
TPRB_STATS_ERR,pe=0,fe=0,ne=0,ore=0
[0mBatt=23.3 [0m[33mODOM [31mVisionX  +0.00 Y  +0.00 theta   +0.0 elt    0 [0mimu  -4.1 Dt 1146 LtCy  573 integ.govd   -0.00   -0.06 integ.vbp -0.00 -0.00 omni.gos X     -0.0 ,Y     -0.1. omgD -0.005 omg  +0.00 
[0mBatt=23.3 [0m[33mODOM [31mVisionX  +0.00 Y  +0.00 theta   +0.0 elt    0 [0mimu  -4.1 Dt 1156 LtCy  578 integ.govd   -0.00   -0.06 integ.vbp -0.00 -0.00 omni.gos X     -0.0 ,Y     -0.1. omgD -0.005 omg  +0.00 loop   2741
[0mBatt=23.3 [0m[33mODOM [31mVisionX  +0.00 Y  +0.00 theta   +0.0 elt    0 [0mimu  -4.1 Dt 1172 LtCy  586 integ.govd   -0.00   -0.06 integ.vbp -0.00 -0.00 omni.gos X     +0.0 ,Y     +0.0. omgD +0.002 omg  +0.00 loop   4732
[0mBatt=23.3 [0m[33mODOM [31mVisionX  +0.00 Y  +0.00 theta   +0.0 elt    0 [0mimu  -4.1 Dt 1188 LtCy  594 integ.govd   -0.00   -0.06 integ.vbp -0.00 -0.00 omni.gos X     -0.0 ,Y     -0.1. omgD -0.009 omg  +0.00 loop   4741
[0mBatt=23.4 [0m[33mODOM [31mVisionX  +0.00 Y  +0.00 theta   +0.0 elt    0 [0mimu  -4.1 Dt 1204 LtCy  602 integ.govd   -0.00   -0.06 integ.vbp -0.00 -0.00 omni.gos X     +0.0 ,Y     -0.1. omgD -0.005 omg  +0.00 loop   4741
[0mBatt=23.4 [0m[33mODOM [31mVisionX  +0.00 Y  +0.00 theta   +0.0 elt    0 [0mimu  -4.1 Dt 1220 LtCy  610 integ.govd   -0.00   -0.06 integ.vbp -0.00 -0.00 omni.gos X     -0.0 ,Y     -0.1. omgD -0.009 omg  +0.00 loop   4700
[0mBatt=23.4 [0m[33mODOM [31mVisionX  +0.00 Y  +0.00 theta   +0.0 elt    0 [0mimu  -4.1 Dt 1236 LtCy  618 integ.govd   -0.00   -0.06 integ.vbp -0.00 -0.00 omni.gos X     +0.0 ,Y     -0.0. omgD -0.001 omg  +0.00 loop   4737
[0mBatt=23.4 [0m[33mODOM [31mVisionX  +0.00 Y  +0.00 theta   +0.0 elt    0 [0mimu  -4.1 Dt 1252 LtCy  626 integ.govd   -0.00   -0.06 integ.vbp -0.00 -0.00 omni.gos X     -0.0 ,Y     -0.1. omgD -0.009 omg  +0.00 loop   4728
[0mBatt=23.4 [0m[33mODOM [31mVisionX  +0.00 Y  +0.00 theta   +0.0 elt    0 [0mimu  -4.1 Dt 1268 LtCy  634 integ.govd   -0.00   -0.07 integ.vbp -0.00 -0.00 omni.gos X     -0.0 ,Y     -0.1. omgD -0.009 omg  +0.00 loop   4686
[0mBatt=23.3 [0m[33mODOM [31mVisionX  +0.00 Y  +0.00 theta   +0.0 elt    0 [0mimu  -4.1 Dt 1284 LtCy  642 integ.govd   -0.00   -0.07 integ.vbp -0.00 -0.00 omni.gos X     +0.0 ,Y     -0.0. omgD -0.001 omg  +0.00 loop   4713
[0mBatt=23.3 [0m[33mODOM [31mVisionX  +0.00 Y  +0.00 theta   +0.0 elt    0 [0mimu  -4.1 Dt 1300 LtCy  650 integ.govd   -0.00   -0.07 integ.vbp -0.00 -0.00 omni.gos X     +0.0 ,Y     -0.1. omgD -0.005 omg  +0.00 loop   4708
[0mBatt=23.3 [0m[33mODOM [31mVisionX  +0.00 Y  +0.00 theta   +0.0 elt    0 [0mimu  -4.1 Dt 1316 LtCy  658 integ.govd   -0.00   -0.07 integ.vbp -0.00 -0.00 omni.gos X     +0.0 ,Y     +0.0. omgD +0.004 omg  +0.00 loop   4696
[0mBatt=23.3 [0m[33mODOM [31mVisionX  +0.00 Y  +0.00 theta   +0.0 elt    0 [0mimu  -4.1 Dt 1332 LtCy  666 integ.govd   -0.00   -0.07 integ.vbp -0.00 -0.00 omni.gos X     -0.0 ,Y     -0.1. omgD -0.005 omg  +0.00 loop   4681
[0mBatt=23.3 [0m[33mODOM [31mVisionX  +0.00 Y  +0.00 theta   +0.0 elt    0 [0mimu  -4.1 Dt 1348 LtCy  674 integ.govd   -0.00   -0.07 integ.vbp -0.00 -0.00 omni.gos X     +0.0 ,Y     +0.1. omgD +0.004 omg  +0.00 loop   4698
[0mBatt=23.3 [0m[33mODOM [31mVisionX  +0.00 Y  +0.00 theta   +0.0 elt    0 [0mimu  -4.1 Dt 1364 LtCy  682 integ.govd   -0.00   -0.07 integ.vbp -0.00 -0.00 omni.gos X     +0.0 ,Y     -0.0. omgD -0.001 omg  +0.00 loop   4674
[0mBatt=23.4 [0m[33mODOM [31mVisionX  +0.00 Y  +0.00 theta   +0.0 elt    0 [0mimu  -4.1 Dt 1380 LtCy  690 integ.govd   -0.00   -0.07 integ.vbp -0.00 -0.00 omni.gos X     +0.0 ,Y     -0.0. omgD -0.001 omg  +0.00 loop   4669
[0mBatt=23.4 [0m[33mODOM [31mVisionX  +0.00 Y  +0.00 theta   +0.0 elt    0 [0mimu  -4.1 Dt 1396 LtCy  698 integ.govd   -0.00   -0.07 integ.vbp -0.00 -0.00 omni.gos X     -0.0 ,Y     -0.1. omgD -0.005 omg  +0.00 loop   4688
[0mBatt=23.4 [0m[33mODOM [31mVisionX  +0.00 Y  +0.00 theta   +0.0 elt    0 [0mimu  -4.1 Dt 1412 LtCy  706 integ.govd   -0.00   -0.07 integ.vbp -0.00 -0.00 omni.gos X     -0.0 ,Y     -0.1. omgD -0.005 omg  +0.00 loop   4666
[0mBatt=23.4 [0m[33mODOM [31mVisionX  +0.00 Y  +0.00 theta   +0.0 elt    0 [0mimu  -4.1 Dt 1428 LtCy  714 integ.govd   -0.00   -0.07 integ.vbp -0.00 -0.00 omni.gos X     -0.0 ,Y     -0.1. omgD -0.009 omg  +0.00 loop   4646
[0mBatt=23.4 [0m[33mODOM [31mVisionX  +0.00 Y  +0.00 theta   +0.0 elt    0 [0mimu  -4.1 Dt 1444 LtCy  722 integ.govd   -0.01   -0.07 integ.vbp -0.00 -0.00 omni.gos X     -0.0 ,Y     -0.1. omgD -0.009 omg  +0.00 loop   4645
[0mBatt=23.4 [0m[33mODOM [31mVisionX  +0.00 Y  +0.00 theta   +0.0 elt    0 [0mimu  -4.1 Dt 1460 LtCy  730 integ.govd   -0.01   -0.07 integ.vbp -0.00 -0.00 omni.gos X     -0.0 ,Y     -0.1. omgD -0.009 omg  +0.00 loop   4662
[0mBatt=23.4 [0m[33mODOM [31mVisionX  +0.00 Y  +0.00 theta   +0.0 elt    0 [0mimu  -4.1 Dt 1476 LtCy  738 integ.govd   -0.01   -0.07 integ.vbp -0.00 -0.00 omni.gos X     +0.0 ,Y     +0.0. omgD +0.004 omg  +0.00 loop   4616
[0mBatt=23.4 [0m[33mODOM [31mVisionX  +0.00 Y  +0.00 theta   +0.0 elt    0 [0mimu  -4.1 Dt 1492 LtCy  746 integ.govd   -0.01   -0.07 integ.vbp -0.00 -0.00 omni.gos X     +0.0 ,Y     -0.1. omgD -0.005 omg  +0.00 loop   4652
[0mBatt=23.4 [0m[33mODOM [31mVisionX  +0.00 Y  +0.00 theta   +0.0 elt    0 [0mimu  -4.1 Dt 1508 LtCy  754 integ.govd   -0.01   -0.08 integ.vbp -0.00 -0.00 omni.gos X     +0.0 ,Y     -0.1. omgD -0.005 omg  +0.00 loop   4649
[0mBatt=23.4 [0m[33mODOM [31mVisionX  +0.00 Y  +0.00 theta   +0.0 elt    0 [0mimu  -4.1 Dt 1524 LtCy  762 integ.govd   -0.01   -0.08 integ.vbp -0.00 -0.00 omni.gos X     -0.0 ,Y     -0.1. omgD -0.005 omg  +0.00 loop   4630
[0mBatt=23.4 [0m[33mODOM [31mVisionX  +0.00 Y  +0.00 theta   +0.0 elt    0 [0mimu  -4.1 Dt 1540 LtCy  770 integ.govd   -0.01   -0.08 integ.vbp -0.00 -0.00 omni.gos X     +0.0 ,Y     +0.1. omgD +0.008 omg  +0.00 loop   4618
[0mBatt=23.4 [0m[33mODOM [31mVisionX  +0.00 Y  +0.00 theta   +0.0 elt    0 [0mimu  -4.1 Dt 1556 LtCy  778 integ.govd   -0.01   -0.08 integ.vbp -0.00 -0.00 omni.gos X     +0.0 ,Y     -0.1. omgD -0.005 omg  +0.00 loop   4615
[0mBatt=23.4 [0m[33mODOM [31mVisionX  +0.00 Y  +0.00 theta   +0.0 elt    0 [0mimu  -4.1 Dt 1572 LtCy  786 integ.govd   -0.01   -0.08 integ.vbp -0.00 -0.00 omni.gos X     -0.0 ,Y     -0.1. omgD -0.009 omg  +0.00 loop   4631
[0mBatt=23.4 [0m[33mODOM [31mVisionX  +0.00 Y  +0.00 theta   +0.0 elt    0 [0mimu  -4.1 Dt 1580 LtCy  790 integ.govd   -0.01   -0.08 integ.vbp -0.00 -0.00 omni.gos X     -0.0 ,Y     -0.2. omgD -0.013 omg  +0.00 loop   2180
[0mBatt=23.4 [0m[33mODOM [31mVisionX  +0.00 Y  +0.00 theta   +0.0 elt    0 [0mimu  -4.1 Dt 1596 LtCy  798 integ.govd   -0.01   -0.08 integ.vbp -0.00 -0.00 omni.gos X     +0.0 ,Y     -0.1. omgD -0.005 omg  +0.00 loop   4593
[0mBatt=23.4 [0m[33mODOM [31mVisionX  +0.00 Y  +0.00 theta   +0.0 elt    0 [0mimu  -4.1 Dt 1612 LtCy  806 integ.govd   -0.01   -0.08 integ.vbp -0.00 -0.00 omni.gos X     +0.0 ,Y     -0.0. omgD -0.001 omg  +0.00 loop   4625
[0mBatt=23.3 [0m[33mODOM [31mVisionX  +0.00 Y  +0.00 theta   +0.0 elt    0 [0mimu  -4.1 Dt 1628 LtCy  814 integ.govd   -0.01   -0.08 integ.vbp -0.00 -0.00 omni.gos X     -0.0 ,Y     -0.1. omgD -0.009 omg  +0.00 loop   4591
[0mBatt=23.4 [0m[33mODOM [31mVisionX  +0.00 Y  +0.00 theta   +0.0 elt    0 [0mimu  -4.1 Dt 1644 LtCy  822 integ.govd   -0.01   -0.08 integ.vbp -0.00 -0.00 omni.gos X     -0.0 ,Y     -0.0. omgD -0.001 omg  +0.00 loop   4581
[0mBatt=23.4 [0m[33mODOM [31mVisionX  +0.00 Y  +0.00 theta   +0.0 elt    0 [0mimu  -4.1 Dt 1660 LtCy  830 integ.govd   -0.01   -0.08 integ.vbp -0.00 -0.00 omni.gos X     +0.0 ,Y     -0.1. omgD -0.005 omg  +0.00 loop   4596
[0mBatt=23.4 [0m[33mODOM [31mVisionX  +0.00 Y  +0.00 theta   +0.0 elt    0 [0mimu  -4.1 Dt 1676 LtCy  838 integ.govd   -0.01   -0.08 integ.vbp -0.00 -0.00 omni.gos X     +0.0 ,Y     +0.0. omgD +0.004 omg  +0.00 loop   4591
[0mBatt=23.4 [0m[33mODOM [31mVisionX  +0.00 Y  +0.00 theta   +0.0 elt    0 [0mimu  -4.1 Dt 1692 LtCy  846 integ.govd   -0.01   -0.08 integ.vbp -0.00 -0.00 omni.gos X     +0.0 ,Y     -0.0. omgD -0.001 omg  +0.00 loop   4571
[0mBatt=23.4 [0m[33mODOM [31mVisionX  +0.00 Y  +0.00 theta   +0.0 elt    0 [0mimu  -4.1 Dt 1708 LtCy  854 integ.govd   -0.01   -0.08 integ.vbp -0.00 -0.00 omni.gos X     +0.0 ,Y     +0.1. omgD +0.008 omg  +0.00 loop   4575
[0mBatt=23.4 [0m[33mODOM [31mVisionX  +0.00 Y  +0.00 theta   +0.0 elt    0 [0mimu  -4.1 Dt 1724 LtCy  862 integ.govd   -0.01   -0.08 integ.vbp -0.00 -0.00 omni.gos X     -0.0 ,Y     -0.1. omgD -0.005 omg  +0.00 loop   4585
[0mBatt=23.4 [0m[33mODOM [31mVisionX  +0.00 Y  +0.00 theta   +0.0 elt    0 [0mimu  -4.1 Dt 1740 LtCy  870 integ.govd   -0.01   -0.08 integ.vbp -0.00 -0.00 omni.gos X     -0.0 ,Y     -0.2. omgD -0.013 omg  +0.00 loop   4535
[0mBatt=23.4 [0m[33mODOM [31mVisionX  +0.00 Y  +0.00 theta   +0.0 elt    0 [0mimu  -4.1 Dt 1756 LtCy  878 integ.govd   -0.01   -0.08 integ.vbp -0.00 -0.00 omni.gos X     +0.0 ,Y     -0.0. omgD -0.001 omg  +0.00 loop   4561
[0mBatt=23.4 [0m[33mODOM [31mVisionX  +0.00 Y  +0.00 theta   +0.0 elt    0 [0mimu  -4.1 Dt 1772 LtCy  886 integ.govd   -0.01   -0.08 integ.vbp -0.00 -0.00 omni.gos X     -0.0 ,Y     -0.1. omgD -0.009 omg  +0.00 loop   4569
[0mBatt=23.4 [0m[33mODOM [31mVisionX  +0.00 Y  +0.00 theta   +0.0 elt    0 [0mimu  -4.1 Dt 1788 LtCy  894 integ.govd   -0.01   -0.09 integ.vbp -0.00 -0.00 omni.gos X     -0.0 ,Y     -0.1. omgD -0.005 omg  +0.00 loop   4528
[0mBatt=23.4 [0m[33mODOM [31mVisionX  +0.00 Y  +0.00 theta   +0.0 elt    0 [0mimu  -4.1 Dt 1804 LtCy  902 integ.govd   -0.01   -0.09 integ.vbp -0.00 -0.00 omni.gos X     +0.0 ,Y     -0.0. omgD -0.001 omg  +0.00 loop   4540
[0mBatt=23.4 [0m[33mODOM [31mVisionX  +0.00 Y  +0.00 theta   +0.0 elt    0 [0mimu  -4.1 Dt 1820 LtCy  910 integ.govd   -0.01   -0.09 integ.vbp -0.00 -0.00 omni.gos X     +0.0 ,Y     -0.0. omgD -0.001 omg  +0.00 loop   4549
[0mBatt=23.4 [0m[33mODOM [31mVisionX  +0.00 Y  +0.00 theta   +0.0 elt    0 [0mimu  -4.1 Dt 1836 LtCy  918 integ.govd   -0.01   -0.09 integ.vbp -0.00 -0.00 omni.gos X     +0.0 ,Y     +0.0. omgD +0.004 omg  +0.00 loop   4553
[0mBatt=23.4 [0m[33mODOM [31mVisionX  +0.00 Y  +0.00 theta   +0.0 elt    0 [0mimu  -4.1 Dt 1852 LtCy  926 integ.govd   -0.01   -0.09 integ.vbp -0.00 -0.00 omni.gos X     +0.0 ,Y     +0.0. omgD +0.004 omg  +0.00 loop   4511
[0mBatt=23.4 [0m[33mODOM [31mVisionX  +0.00 Y  +0.00 theta   +0.0 elt    0 [0mimu  -4.1 Dt 1868 LtCy  934 integ.govd   -0.01   -0.09 integ.vbp -0.00 -0.00 omni.gos X     +0.0 ,Y     -0.0. omgD -0.001 omg  +0.00 loop   4542
[0mBatt=23.4 [0m[33mODOM [31mVisionX  +0.00 Y  +0.00 theta   +0.0 elt    0 [0mimu  -4.1 Dt 1884 LtCy  942 integ.govd   -0.01   -0.09 integ.vbp -0.00 -0.00 omni.gos X     +0.0 ,Y     -0.1. omgD -0.005 omg  +0.00 loop   4529
[0mBatt=23.4 [0m[33mODOM [31mVisionX  +0.00 Y  +0.00 theta   +0.0 elt    0 [0mimu  -4.1 Dt 1900 LtCy  950 integ.govd   -0.01   -0.09 integ.vbp -0.00 -0.00 omni.gos X     +0.0 ,Y     -0.0. omgD -0.001 omg  +0.00 loop   4505
[0mBatt=23.4 [0m[33mODOM [31mVisionX  +0.00 Y  +0.00 theta   +0.0 elt    0 [0mimu  -4.1 Dt 1916 LtCy  958 integ.govd   -0.01   -0.09 integ.vbp -0.00 -0.00 omni.gos X     +0.0 ,Y     -0.1. omgD -0.005 omg  +0.00 loop   4518
[0mBatt=23.4 [0m[33mODOM [31mVisionX  +0.00 Y  +0.00 theta   +0.0 elt    0 [0mimu  -4.1 Dt 1932 LtCy  966 integ.govd   -0.01   -0.09 integ.vbp -0.00 -0.00 omni.gos X     +0.0 ,Y     -0.0. omgD -0.001 omg  +0.00 loop   4517
[0mBatt=23.4 [0m[33mODOM [31mVisionX  +0.00 Y  +0.00 theta   +0.0 elt    0 [0mimu  -4.1 Dt 1948 LtCy  974 integ.govd   -0.01   -0.09 integ.vbp -0.00 -0.00 omni.gos X     +0.0 ,Y     -0.1. omgD -0.005 omg  +0.00 loop   4502
[0mBatt=23.4 [0m[33mODOM [31mVisionX  +0.00 Y  +0.00 theta   +0.0 elt    0 [0mimu  -4.1 Dt 1964 LtCy  982 integ.govd   -0.01   -0.09 integ.vbp -0.00 -0.00 omni.gos X     -0.0 ,Y     -0.2. omgD -0.013 omg  +0.00 loop   4491
[0mBatt=23.4 [0m[33mODOM [31mVisionX  +0.00 Y  +0.00 theta   +0.0 elt    0 [0mimu  -4.1 Dt 1980 LtCy  990 integ.govd   -0.01   -0.09 integ.vbp -0.00 -0.00 omni.gos X     -0.0 ,Y     -0.1. omgD -0.009 omg  +0.00 loop   4502
[0mBatt=23.4 [0m[33mODOM [31mVisionX  +0.00 Y  +0.00 theta   +0.0 elt    0 [0mimu  -4.1 Dt 1996 LtCy  998 integ.govd   -0.01   -0.09 integ.vbp -0.00 -0.00 omni.gos X     +0.0 ,Y     -0.1. omgD -0.005 omg  +0.00 loop   4466
[0mBatt=23.4 [0m[33mODOM [31mVisionX  +0.00 Y  +0.00 theta   +0.0 elt    0 [0mimu  -4.1 Dt 2012 LtCy 1006 integ.govd   +0.00   +0.00 integ.vbp +0.00 +0.00 omni.gos X     +0.0 ,Y     +0.0. omgD +0.004 omg  +0.00 loop   4867
[0mBatt=23.4 [0m[33mODOM [31mVisionX  +0.00 Y  +0.00 theta   +0.0 elt    0 [0mimu  -4.1 Dt 2028 LtCy 1014 integ.govd   +0.00   +0.00 integ.vbp +0.00 +0.00 omni.gos X     +0.0 ,Y     -0.1. omgD -0.005 omg  +0.00 loop   5147
[0mBatt=23.4 [0m[33mODOM [31mVisionX  +0.00 Y  +0.00 theta   +0.0 elt    0 [0mimu  -4.1 Dt 2044 LtCy 1022 integ.govd   +0.00   +0.00 integ.vbp +0.00 +0.00 omni.gos X     +0.0 ,Y     -0.0. omgD -0.001 omg  +0.00 loop   5138
[0mBatt=23.4 [0m[33mODOM [31mVisionX  +0.00 Y  +0.00 theta   +0.0 elt    0 [0mimu  -4.1 Dt 2060 LtCy 1030 integ.govd   +0.00   +0.00 integ.vbp +0.00 +0.00 omni.gos X     +0.0 ,Y     -0.1. omgD -0.005 omg  +0.00 loop   5128
[0mBatt=23.4 [0m[33mODOM [31mVisionX  +0.00 Y  +0.00 theta   +0.0 elt    0 [0mimu  -4.1 Dt 2076 LtCy 1038 integ.govd   +0.00   +0.00 integ.vbp +0.00 +0.00 omni.gos X     +0.0 ,Y     +0.1. omgD +0.004 omg  +0.00 loop   5134
[0mBatt=23.4 [0m[33mODOM [31mVisionX  +0.00 Y  +0.00 theta   +0.0 elt    0 [0mimu  -4.1 Dt 2092 LtCy 1046 integ.govd   +0.00   +0.00 integ.vbp +0.00 +0.00 omni.gos X     -0.0 ,Y     -0.1. omgD -0.009 omg  +0.00 loop   5151
[0mBatt=23.4 [0m[33mODOM [31mVisionX  +0.00 Y  +0.00 theta   +0.0 elt    0 [0mimu  -4.1 Dt 2108 LtCy 1054 integ.govd   +0.00   +0.00 integ.vbp +0.00 +0.00 omni.gos X     -0.0 ,Y     -0.2. omgD -0.013 omg  +0.00 loop   5105
[0mBatt=23.4 [0m[33mODOM [31mVisionX  +0.00 Y  +0.00 theta   +0.0 elt    0 [0mimu  -4.1 Dt 2124 LtCy 1062 integ.govd   +0.00   +0.00 integ.vbp +0.00 +0.00 omni.gos X     +0.0 ,Y     +0.0. omgD +0.004 omg  +0.00 loop   5141
[0mBatt=23.4 [0m[33mODOM [31mVisionX  +0.00 Y  +0.00 theta   +0.0 elt    0 [0mimu  -4.1 Dt 2140 LtCy 1070 integ.govd   +0.00   +0.00 integ.vbp +0.00 +0.00 omni.gos X     -0.0 ,Y     -0.1. omgD -0.005 omg  +0.00 loop   5139
[0mBatt=23.4 [0m[33mODOM [31mVisionX  +0.00 Y  +0.00 theta   +0.0 elt    0 [0mimu  -4.1 Dt 2156 LtCy 1078 integ.govd   +0.00   +0.00 integ.vbp +0.00 +0.00 omni.gos X     -0.0 ,Y     -0.1. omgD -0.005 omg  +0.00 loop   5125
[0mBatt=23.4 [0m[33mODOM [31mVisionX  +0.00 Y  +0.00 theta   +0.0 elt    0 [0mimu  -4.1 Dt 2172 LtCy 1086 integ.govd   +0.00   +0.00 integ.vbp +0.00 +0.00 omni.gos X     +0.0 ,Y     -0.0. omgD -0.001 omg  +0.00 loop   5129
[0mBatt=23.4 [0m[33mODOM [31mVisionX  +0.00 Y  +0.00 theta   +0.0 elt    0 [0mimu  -4.1 Dt 2188 LtCy 1094 integ.govd   +0.00   +0.00 integ.vbp +0.00 +0.00 omni.gos X     -0.0 ,Y     -0.1. omgD -0.005 omg  +0.00 loop   5142
[0mBatt=23.4 [0m[33mODOM [31mVisionX  +0.00 Y  +0.00 theta   +0.0 elt    0 [0mimu  -4.1 Dt 2204 LtCy 1102 integ.govd   +0.00   +0.00 integ.vbp +0.00 +0.00 omni.gos X     +0.0 ,Y     -0.1. omgD -0.005 omg  +0.00 loop   5130
[0mBatt=23.4 [0m[33mODOM [31mVisionX  +0.00 Y  +0.00 theta   +0.0 elt    0 [0mimu  -4.1 Dt 2220 LtCy 1110 integ.govd   +0.00   +0.00 integ.vbp +0.00 +0.00 omni.gos X     +0.0 ,Y     +0.1. omgD +0.004 omg  +0.00 loop   5095
[0mBatt=23.4 [0m[33mODOM [31mVisionX  +0.00 Y  +0.00 theta   +0.0 elt    0 [0mimu  -4.1 Dt 2236 LtCy 1118 integ.govd   +0.00   +0.00 integ.vbp +0.00 +0.00 omni.gos X     -0.0 ,Y     -0.1. omgD -0.005 omg  +0.00 loop   5141
[0mBatt=23.4 [0m[33mODOM [31mVisionX  +0.00 Y  +0.00 theta   +0.0 elt    0 [0mimu  -4.1 Dt 2252 LtCy 1126 integ.govd   +0.00   +0.00 integ.vbp +0.00 +0.00 omni.gos X     +0.0 ,Y     +0.0. omgD +0.004 omg  +0.00 loop   5133
[0mBatt=23.4 [0m[33mODOM [31mVisionX  +0.00 Y  +0.00 theta   +0.0 elt    0 [0mimu  -4.1 Dt 2268 LtCy 1134 integ.govd   +0.00   +0.00 integ.vbp +0.00 +0.00 omni.gos X     +0.0 ,Y     -0.0. omgD -0.001 omg  +0.00 loop   5126
[0mBatt=23.4 [0m[33mODOM [31mVisionX  +0.00 Y  +0.00 theta   +0.0 elt    0 [0mimu  -4.1 Dt 2284 LtCy 1142 integ.govd   +0.00   +0.00 integ.vbp +0.00 +0.00 omni.gos X     -0.0 ,Y     -0.0. omgD -0.003 omg  +0.00 loop   5140
[0mBatt=23.4 [0m[33mODOM [31mVisionX  +0.00 Y  +0.00 theta   +0.0 elt    0 [0mimu  -4.1 Dt 2300 LtCy 1150 integ.govd   +0.00   +0.00 integ.vbp +0.00 +0.00 omni.gos X     -0.0 ,Y     -0.0. omgD -0.003 omg  +0.00 loop   5138
[0mBatt=23.4 [0m[33mODOM [31mVisionX  +0.00 Y  +0.00 theta   +0.0 elt    0 [0mimu  -4.1 Dt 2316 LtCy 1158 integ.govd   +0.00   +0.00 integ.vbp +0.00 +0.00 omni.gos X     +0.0 ,Y     -0.0. omgD -0.001 omg  +0.00 loop   5118
[0mBatt=23.4 [0m[33mODOM [31mVisionX  +0.00 Y  +0.00 theta   +0.0 elt    0 [0mimu  -4.1 Dt 2332 LtCy 1166 integ.govd   +0.00   +0.00 integ.vbp +0.00 +0.00 omni.gos X     +0.0 ,Y     +0.0. omgD +0.002 omg  +0.00 loop   5135
[0mBatt=23.4 [0m[33mODOM [31mVisionX  +0.00 Y  +0.00 theta   +0.0 elt    0 [0mimu  -4.1 Dt 2348 LtCy 1174 integ.govd   +0.00   +0.00 integ.vbp +0.00 +0.00 omni.gos X     +0.0 ,Y     -0.1. omgD -0.005 omg  +0.00 loop   5145
[0mBatt=23.4 [0m[33mODOM [31mVisionX  +0.00 Y  +0.00 theta   +0.0 elt    0 [0mimu  -4.1 Dt 2364 LtCy 1182 integ.govd   +0.00   +0.00 integ.vbp +0.00 +0.00 omni.gos X     +0.0 ,Y     +0.0. omgD +0.004 omg  +0.00 loop   5121
[0mBatt=23.4 [0m[33mODOM [31mVisionX  +0.00 Y  +0.00 theta   +0.0 elt    0 [0mimu  -4.1 Dt 2380 LtCy 1190 integ.govd   +0.00   +0.00 integ.vbp +0.00 +0.00 omni.gos X     -0.0 ,Y     -0.1. omgD -0.005 omg  +0.00 loop   5130
[0mBatt=23.3 [0m[33mODOM [31mVisionX  +0.00 Y  +0.00 theta   +0.0 elt    0 [0mimu  -4.1 Dt 2396 LtCy 1198 integ.govd   +0.00   +0.00 integ.vbp +0.00 +0.00 omni.gos X     +0.0 ,Y     -0.0. omgD -0.003 omg  +0.00 loop   5133
[0mBatt=23.3 [0m[33mODOM [31mVisionX  +0.00 Y  +0.00 theta   +0.0 elt    0 [0mimu  -4.1 Dt 2412 LtCy 1206 integ.govd   +0.00   +0.00 integ.vbp +0.00 +0.00 omni.gos X     +0.0 ,Y     +0.0. omgD +0.002 omg  +0.00 loop   5137
[0mBatt=23.3 [0m[33mODOM [31mVisionX  +0.00 Y  +0.00 theta   +0.0 elt    0 [0mimu  -4.1 Dt 2428 LtCy 1214 integ.govd   +0.00   +0.00 integ.vbp +0.00 +0.00 omni.gos X     -0.0 ,Y     -0.0. omgD -0.003 omg  +0.00 loop   5127
[0mBatt=23.3 [0m[33mODOM [31mVisionX  +0.00 Y  +0.00 theta   +0.0 elt    0 [0mimu  -4.1 Dt 2444 LtCy 1222 integ.govd   +0.00   +0.00 integ.vbp +0.00 +0.00 omni.gos X     +0.0 ,Y     -0.1. omgD -0.005 omg  +0.00 loop   5135
[0mBatt=23.3 [0m[33mODOM [31mVisionX  +0.00 Y  +0.00 theta   +0.0 elt    0 [0mimu  -4.1 Dt 2460 LtCy 1230 integ.govd   +0.00   +0.00 integ.vbp +0.00 +0.00 omni.gos X     -0.0 ,Y     -0.1. omgD -0.007 omg  +0.00 loop   5147
[0mBatt=23.4 [0m[33mODOM [31mVisionX  +0.00 Y  +0.00 theta   +0.0 elt    0 [0mimu  -4.1 Dt 2476 LtCy 1238 integ.govd   +0.00   +0.00 integ.vbp +0.00 +0.00 omni.gos X     +0.0 ,Y     +0.0. omgD +0.004 omg  +0.00 loop   5097
[0mBatt=23.4 [0m[33mODOM [31mVisionX  +0.00 Y  +0.00 theta   +0.0 elt    0 [0mimu  -4.1 Dt 2492 LtCy 1246 integ.govd   +0.00   +0.00 integ.vbp +0.00 +0.00 omni.gos X     -0.0 ,Y     -0.1. omgD -0.005 omg  +0.00 loop   5154
[0mBatt=23.4 [0m[33mODOM [31mVisionX  +0.00 Y  +0.00 theta   +0.0 elt    0 [0mimu  -4.1 Dt 2508 LtCy 1254 integ.govd   +0.00   +0.00 integ.vbp +0.00 +0.00 omni.gos X     -0.0 ,Y     -0.1. omgD -0.007 omg  +0.00 loop   5133
[0mBatt=23.4 [0m[33mODOM [31mVisionX  +0.00 Y  +0.00 theta   +0.0 elt    0 [0mimu  -4.1 Dt 2524 LtCy 1262 integ.govd   +0.00   +0.00 integ.vbp +0.00 +0.00 omni.gos X     +0.0 ,Y     +0.0. omgD +0.002 omg  +0.00 loop   5128
[0mBatt=23.4 [0m[33mODOM [31mVisionX  +0.00 Y  +0.00 theta   +0.0 elt    0 [0mimu  -4.1 Dt 2540 LtCy 1270 integ.govd   +0.00   +0.00 integ.vbp +0.00 +0.00 omni.gos X     -0.0 ,Y     -0.1. omgD -0.007 omg  +0.00 loop   5125
[0mBatt=23.4 [0m[33mODOM [31mVisionX  +0.00 Y  +0.00 theta   +0.0 elt    0 [0mimu  -4.1 Dt 2556 LtCy 1278 integ.govd   +0.00   +0.00 integ.vbp +0.00 +0.00 omni.gos X     -0.0 ,Y     -0.1. omgD -0.005 omg  +0.00 loop   5132
[0mBatt=23.4 [0m[33mODOM [31mVisionX  +0.00 Y  +0.00 theta   +0.0 elt    0 [0mimu  -4.1 Dt 2572 LtCy 1286 integ.govd   +0.00   +0.00 integ.vbp +0.00 +0.00 omni.gos X     -0.0 ,Y     -0.1. omgD -0.005 omg  +0.00 loop   5135
[0mBatt=23.4 [0m[33mODOM [31mVisionX  +0.00 Y  +0.00 theta   +0.0 elt    0 [0mimu  -4.1 Dt 2580 LtCy 1290 integ.govd   +0.00   +0.00 integ.vbp +0.00 +0.00 omni.gos X     -0.0 ,Y     -0.1. omgD -0.007 omg  +0.00 loop   2457
[0mBatt=23.4 [0m[33mODOM [31mVisionX  +0.00 Y  +0.00 theta   +0.0 elt    0 [0mimu  -4.1 Dt 2596 LtCy 1298 integ.govd   +0.00   +0.00 integ.vbp +0.00 +0.00 omni.gos X     +0.0 ,Y     -0.0. omgD -0.001 omg  +0.00 loop   5133
[0mBatt=23.4 [0m[33mODOM [31mVisionX  +0.00 Y  +0.00 theta   +0.0 elt    0 [0mimu  -4.1 Dt 2612 LtCy 1306 integ.govd   +0.00   +0.00 integ.vbp +0.00 +0.00 omni.gos X     -0.0 ,Y     -0.1. omgD -0.005 omg  +0.00 loop   5152
[0mBatt=23.4 [0m[33mODOM [31mVisionX  +0.00 Y  +0.00 theta   +0.0 elt    0 [0mimu  -4.1 Dt 2628 LtCy 1314 integ.govd   +0.00   +0.00 integ.vbp +0.00 +0.00 omni.gos X     -0.0 ,Y     -0.1. omgD -0.005 omg  +0.00 loop   5108
[0mBatt=23.4 [0m[33mODOM [31mVisionX  +0.00 Y  +0.00 theta   +0.0 elt    0 [0mimu  -4.1 Dt 2644 LtCy 1322 integ.govd   +0.00   +0.00 integ.vbp +0.00 +0.00 omni.gos X     -0.0 ,Y     -0.1. omgD -0.005 omg  +0.00 loop   5135
[0mBatt=23.4 [0m[33mODOM [31mVisionX  +0.00 Y  +0.00 theta   +0.0 elt    0 [0mimu  -4.1 Dt 2660 LtCy 1330 integ.govd   +0.00   +0.00 integ.vbp +0.00 +0.00 omni.gos X     -0.0 ,Y     -0.1. omgD -0.005 omg  +0.00 loop   5139
[0mBatt=23.4 [0m[33mODOM [31mVisionX  +0.00 Y  +0.00 theta   +0.0 elt    0 [0mimu  -4.1 Dt 2676 LtCy 1338 integ.govd   +0.00   +0.00 integ.vbp +0.00 +0.00 omni.gos X     -0.0 ,Y     -0.1. omgD -0.005 omg  +0.00 loop   5125
[0mBatt=23.4 [0m[33mODOM [31mVisionX  +0.00 Y  +0.00 theta   +0.0 elt    0 [0mimu  -4.1 Dt 2692 LtCy 1346 integ.govd   +0.00   +0.00 integ.vbp +0.00 +0.00 omni.gos X     +0.0 ,Y     -0.0. omgD -0.001 omg  +0.00 loop   5122
[0mBatt=23.3 [0m[33mODOM [31mVisionX  +0.00 Y  +0.00 theta   +0.0 elt    0 [0mimu  -4.1 Dt 2708 LtCy 1354 integ.govd   +0.00   +0.00 integ.vbp +0.00 +0.00 omni.gos X     +0.0 ,Y     +0.0. omgD +0.004 omg  +0.00 loop   5137
[0mBatt=23.3 [0m[33mODOM [31mVisionX  +0.00 Y  +0.00 theta   +0.0 elt    0 [0mimu  -4.1 Dt 2724 LtCy 1362 integ.govd   +0.00   +0.00 integ.vbp +0.00 +0.00 omni.gos X     -0.0 ,Y     -0.1. omgD -0.005 omg  +0.00 loop   5151
[0mBatt=23.4 [0m[33mODOM [31mVisionX  +0.00 Y  +0.00 theta   +0.0 elt    0 [0mimu  -4.1 Dt 2740 LtCy 1370 integ.govd   +0.00   +0.00 integ.vbp +0.00 +0.00 omni.gos X     +0.0 ,Y     -0.0. omgD -0.001 omg  +0.00 loop   5106
[0mBatt=23.4 [0m[33mODOM [31mVisionX  +0.00 Y  +0.00 theta   +0.0 elt    0 [0mimu  -4.1 Dt 2756 LtCy 1378 integ.govd   +0.00   +0.00 integ.vbp +0.00 +0.00 omni.gos X     +0.0 ,Y     -0.0. omgD -0.001 omg  +0.00 loop   5149
[0mBatt=23.4 [0m[33mODOM [31mVisionX  +0.00 Y  +0.00 theta   +0.0 elt    0 [0mimu  -4.1 Dt 2772 LtCy 1386 integ.govd   +0.00   +0.00 integ.vbp +0.00 +0.00 omni.gos X     -0.0 ,Y     -0.1. omgD -0.005 omg  +0.00 loop   5145
[0mBatt=23.4 [0m[33mODOM [31mVisionX  +0.00 Y  +0.00 theta   +0.0 elt    0 [0mimu  -4.1 Dt 2788 LtCy 1394 integ.govd   +0.00   +0.00 integ.vbp +0.00 +0.00 omni.gos X     +0.0 ,Y     +0.0. omgD +0.004 omg  +0.00 loop   5115
[0mBatt=23.4 [0m[33mODOM [31mVisionX  +0.00 Y  +0.00 theta   +0.0 elt    0 [0mimu  -4.1 Dt 2804 LtCy 1402 integ.govd   +0.00   +0.00 integ.vbp +0.00 +0.00 omni.gos X     -0.0 ,Y     -0.2. omgD -0.013 omg  +0.00 loop   5141
[0mBatt=23.3 [0m[33mODOM [31mVisionX  +0.00 Y  +0.00 theta   +0.0 elt    0 [0mimu  -4.1 Dt 2820 LtCy 1410 integ.govd   +0.00   +0.00 integ.vbp +0.00 +0.00 omni.gos X     -0.0 ,Y     -0.1. omgD -0.009 omg  +0.00 loop   5137
[0mBatt=23.3 [0m[33mODOM [31mVisionX  +0.00 Y  +0.00 theta   +0.0 elt    0 [0mimu  -4.1 Dt 2836 LtCy 1418 integ.govd   +0.00   +0.00 integ.vbp +0.00 +0.00 omni.gos X     +0.0 ,Y     -0.0. omgD -0.001 omg  +0.00 loop   5122
[0mBatt=23.3 [0m[33mODOM [31mVisionX  +0.00 Y  +0.00 theta   +0.0 elt    0 [0mimu  -4.1 Dt 2852 LtCy 1426 integ.govd   +0.00   +0.00 integ.vbp +0.00 +0.00 omni.gos X     +0.0 ,Y     -0.0. omgD -0.001 omg  +0.00 loop   5129
[0mBatt=23.4 [0m[33mODOM [31mVisionX  +0.00 Y  +0.00 theta   +0.0 elt    0 [0mimu  -4.1 Dt 2868 LtCy 1434 integ.govd   +0.00   +0.00 integ.vbp +0.00 +0.00 omni.gos X     -0.0 ,Y     -0.1. omgD -0.005 omg  +0.00 loop   5150
[0mBatt=23.4 [0m[33mODOM [31mVisionX  +0.00 Y  +0.00 theta   +0.0 elt    0 [0mimu  -4.1 Dt 2884 LtCy 1442 integ.govd   +0.00   +0.00 integ.vbp +0.00 +0.00 omni.gos X     +0.0 ,Y     -0.0. omgD -0.001 omg  +0.00 loop   5122
[0mBatt=23.4 [0m[33mODOM [31mVisionX  +0.00 Y  +0.00 theta   +0.0 elt    0 [0mimu  -4.1 Dt 2900 LtCy 1450 integ.govd   +0.00   +0.00 integ.vbp +0.00 +0.00 omni.gos X     -0.0 ,Y     -0.1. omgD -0.005 omg  +0.00 loop   5127
[0mBatt=23.4 [0m[33mODOM [31mVisionX  +0.00 Y  +0.00 theta   +0.0 elt    0 [0mimu  -4.1 Dt 2916 LtCy 1458 integ.govd   +0.00   +0.00 integ.vbp +0.00 +0.00 omni.gos X     -0.0 ,Y     -0.1. omgD -0.005 omg  +0.00 loop   5133
[0mBatt=23.4 [0m[33mODOM [31mVisionX  +0.00 Y  +0.00 theta   +0.0 elt    0 [0mimu  -4.1 Dt 2932 LtCy 1466 integ.govd   +0.00   +0.00 integ.vbp +0.00 +0.00 omni.gos X     -0.0 ,Y     -0.1. omgD -0.005 omg  +0.00 loop   5132
[0mBatt=23.4 [0m[33mODOM [31mVisionX  +0.00 Y  +0.00 theta   +0.0 elt    0 [0mimu  -4.1 Dt 2948 LtCy 1474 integ.govd   +0.00   +0.00 integ.vbp +0.00 +0.00 omni.gos X     +0.0 ,Y     -0.0. omgD -0.001 omg  +0.00 loop   5114
[0mBatt=23.4 [0m[33mODOM [31mVisionX  +0.00 Y  +0.00 theta   +0.0 elt    0 [0mimu  -4.1 Dt 2964 LtCy 1482 integ.govd   +0.00   +0.00 integ.vbp +0.00 +0.00 omni.gos X     -0.0 ,Y     -0.1. omgD -0.005 omg  +0.00 loop   5146
[0mBatt=23.4 [0m[33mODOM [31mVisionX  +0.00 Y  +0.00 theta   +0.0 elt    0 [0mimu  -4.1 Dt 2980 LtCy 1490 integ.govd   +0.00   +0.00 integ.vbp +0.00 +0.00 omni.gos X     -0.0 ,Y     -0.1. omgD -0.009 omg  +0.00 loop   5141
[0mBatt=23.4 [0m[33mODOM [31mVisionX  +0.00 Y  +0.00 theta   +0.0 elt    0 [0mimu  -4.1 Dt 2996 LtCy 1498 integ.govd   +0.00   +0.00 integ.vbp +0.00 +0.00 omni.gos X     -0.0 ,Y     -0.1. omgD -0.009 omg  +0.00 loop   5105
[0mBatt=23.4 [0m[33mODOM [31mVisionX  +0.00 Y  +0.00 theta   +0.0 elt    0 [0mimu  -4.1 Dt 3012 LtCy 1506 integ.govd   +0.00   +0.00 integ.vbp +0.00 +0.00 omni.gos X     -0.0 ,Y     -0.1. omgD -0.005 omg  +0.00 loop   5133
[0mBatt=23.4 [0m[33mODOM [31mVisionX  +0.00 Y  +0.00 theta   +0.0 elt    0 [0mimu  -4.1 Dt 3028 LtCy 1514 integ.govd   +0.00   +0.00 integ.vbp +0.00 +0.00 omni.gos X     -0.0 ,Y     -0.1. omgD -0.005 omg  +0.00 loop   5133
[0mBatt=23.4 [0m[33mODOM [31mVisionX  +0.00 Y  +0.00 theta   +0.0 elt    0 [0mimu  -4.1 Dt 3044 LtCy 1522 integ.govd   +0.00   +0.00 integ.vbp +0.00 +0.00 omni.gos X     -0.0 ,Y     -0.1. omgD -0.009 omg  +0.00 loop   5130
[0mBatt=23.4 [0m[33mODOM [31mVisionX  +0.00 Y  +0.00 theta   +0.0 elt    0 [0mimu  -4.1 Dt 3060 LtCy 1530 integ.govd   +0.00   +0.00 integ.vbp +0.00 +0.00 omni.gos X     -0.0 ,Y     -0.1. omgD -0.005 omg  +0.00 loop   5113
[0mBatt=23.4 [0m[33mODOM [31mVisionX  +0.00 Y  +0.00 theta   +0.0 elt    0 [0mimu  -4.1 Dt 3076 LtCy 1538 integ.govd   +0.00   +0.00 integ.vbp +0.00 +0.00 omni.gos X     +0.0 ,Y     -0.0. omgD -0.001 omg  +0.00 loop   5135
[0mBatt=23.4 [0m[33mODOM [31mVisionX  +0.00 Y  +0.00 theta   +0.0 elt    0 [0mimu  -4.1 Dt 3092 LtCy 1546 integ.govd   +0.00   +0.00 integ.vbp +0.00 +0.00 omni.gos X     +0.0 ,Y     -0.1. omgD -0.005 omg  +0.00 loop   5148
[0mBatt=23.4 [0m[33mODOM [31mVisionX  +0.00 Y  +0.00 theta   +0.0 elt    0 [0mimu  -4.1 Dt 3108 LtCy 1554 integ.govd   +0.00   +0.00 integ.vbp +0.00 +0.00 omni.gos X     -0.0 ,Y     -0.0. omgD -0.001 omg  +0.00 loop   5107
[0mBatt=23.4 [0m[33mODOM [31mVisionX  +0.00 Y  +0.00 theta   +0.0 elt    0 [0mimu  -4.1 Dt 3124 LtCy 1562 integ.govd   +0.00   +0.00 integ.vbp +0.00 +0.00 omni.gos X     -0.0 ,Y     -0.1. omgD -0.005 omg  +0.00 loop   5142
[0mBatt=23.4 [0m[33mODOM [31mVisionX  +0.00 Y  +0.00 theta   +0.0 elt    0 [0mimu  -4.1 Dt 3140 LtCy 1570 integ.govd   +0.00   +0.00 integ.vbp +0.00 +0.00 omni.gos X     +0.0 ,Y     -0.0. omgD -0.001 omg  +0.00 loop   5131
[0mBatt=23.4 [0m[33mODOM [31mVisionX  +0.00 Y  +0.00 theta   +0.0 elt    0 [0mimu  -4.1 Dt 3156 LtCy 1578 integ.govd   +0.00   +0.00 integ.vbp +0.00 +0.00 omni.gos X     +0.0 ,Y     +0.1. omgD +0.004 omg  +0.00 loop   5120
[0mBatt=23.3 [0m[33mODOM [31mVisionX  +0.00 Y  +0.00 theta   +0.0 elt    0 [0mimu  -4.1 Dt 3172 LtCy 1586 integ.govd   +0.00   +0.00 integ.vbp +0.00 +0.00 omni.gos X     -0.0 ,Y     -0.0. omgD -0.001 omg  +0.00 loop   5132
[0mBatt=23.3 [0m[33mODOM [31mVisionX  +0.00 Y  +0.00 theta   +0.0 elt    0 [0mimu  -4.1 Dt 3188 LtCy 1594 integ.govd   +0.00   +0.00 integ.vbp +0.00 +0.00 omni.gos X     -0.0 ,Y     -0.1. omgD -0.005 omg  +0.00 loop   5133
[0mBatt=23.3 [0m[33mODOM [31mVisionX  +0.00 Y  +0.00 theta   +0.0 elt    0 [0mimu  -4.1 Dt 3204 LtCy 1602 integ.govd   +0.00   +0.00 integ.vbp +0.00 +0.00 omni.gos X     -0.0 ,Y     -0.2. omgD -0.013 omg  +0.00 loop   5120
[0mBatt=23.3 [0m[33mODOM [31mVisionX  +0.00 Y  +0.00 theta   +0.0 elt    0 [0mimu  -4.1 Dt 3220 LtCy 1610 integ.govd   +0.00   +0.00 integ.vbp +0.00 +0.00 omni.gos X     +0.0 ,Y     -0.0. omgD -0.001 omg  +0.00 loop   5121
[0mBatt=23.3 [0m[33mODOM [31mVisionX  +0.00 Y  +0.00 theta   +0.0 elt    0 [0mimu  -4.1 Dt 3236 LtCy 1618 integ.govd   +0.00   +0.00 integ.vbp +0.00 +0.00 omni.gos X     +0.0 ,Y     +0.1. omgD +0.008 omg  +0.00 loop   5153
[0mBatt=23.3 [0m[33mODOM [31mVisionX  +0.00 Y  +0.00 theta   +0.0 elt    0 [0mimu  -4.1 Dt 3252 LtCy 1626 integ.govd   +0.00   +0.00 integ.vbp +0.00 +0.00 omni.gos X     +0.0 ,Y     +0.2. omgD +0.012 omg  +0.00 loop   5123
[0mBatt=23.3 [0m[33mODOM [31mVisionX  +0.00 Y  +0.00 theta   +0.0 elt    0 [0mimu  -4.1 Dt 3268 LtCy 1634 integ.govd   +0.00   +0.00 integ.vbp +0.00 +0.00 omni.gos X     -0.0 ,Y     -0.1. omgD -0.005 omg  +0.00 loop   5114
[0mBatt=23.3 [0m[33mODOM [31mVisionX  +0.00 Y  +0.00 theta   +0.0 elt    0 [0mimu  -4.1 Dt 3284 LtCy 1642 integ.govd   +0.00   +0.00 integ.vbp +0.00 +0.00 omni.gos X     -0.0 ,Y     -0.1. omgD -0.005 omg  +0.00 loop   5140
[0mBatt=23.3 [0m[33mODOM [31mVisionX  +0.00 Y  +0.00 theta   +0.0 elt    0 [0mimu  -4.1 Dt 3300 LtCy 1650 integ.govd   +0.00   +0.00 integ.vbp +0.00 +0.00 omni.gos X     +0.0 ,Y     -0.0. omgD -0.001 omg  +0.00 loop   5128
[0mBatt=23.3 [0m[33mODOM [31mVisionX  +0.00 Y  +0.00 theta   +0.0 elt    0 [0mimu  -4.1 Dt 3316 LtCy 1658 integ.govd   +0.00   +0.00 integ.vbp +0.00 +0.00 omni.gos X     -0.0 ,Y     -0.1. omgD -0.005 omg  +0.00 loop   5116
[0mBatt=23.3 [0m[33mODOM [31mVisionX  +0.00 Y  +0.00 theta   +0.0 elt    0 [0mimu  -4.1 Dt 3332 LtCy 1666 integ.govd   +0.00   +0.00 integ.vbp +0.00 +0.00 omni.gos X     +0.0 ,Y     -0.0. omgD -0.001 omg  +0.00 loop   5137
[0mBatt=23.4 [0m[33mODOM [31mVisionX  +0.00 Y  +0.00 theta   +0.0 elt    0 [0mimu  -4.1 Dt 3348 LtCy 1674 integ.govd   +0.00   +0.00 integ.vbp +0.00 +0.00 omni.gos X     -0.0 ,Y     -0.1. omgD -0.005 omg  +0.00 loop   5150
[0mBatt=23.4 [0m[33mODOM [31mVisionX  +0.00 Y  +0.00 theta   +0.0 elt    0 [0mimu  -4.1 Dt 3364 LtCy 1682 integ.govd   +0.00   +0.00 integ.vbp +0.00 +0.00 omni.gos X     +0.0 ,Y     +0.1. omgD +0.008 omg  +0.00 loop   5108
[0mBatt=23.4 [0m[33mODOM [31mVisionX  +0.00 Y  +0.00 theta   +0.0 elt    0 [0mimu  -4.1 Dt 3380 LtCy 1690 integ.govd   +0.00   +0.00 integ.vbp +0.00 +0.00 omni.gos X     -0.0 ,Y     -0.1. omgD -0.005 omg  +0.00 loop   5132
[0mBatt=23.4 [0m[33mODOM [31mVisionX  +0.00 Y  +0.00 theta   +0.0 elt    0 [0mimu  -4.1 Dt 3396 LtCy 1698 integ.govd   +0.00   +0.00 integ.vbp +0.00 +0.00 omni.gos X     +0.0 ,Y     +0.0. omgD +0.004 omg  +0.00 loop   5133
[0mBatt=23.4 [0m[33mODOM [31mVisionX  +0.00 Y  +0.00 theta   +0.0 elt    0 [0mimu  -4.1 Dt 3412 LtCy 1706 integ.govd   +0.00   +0.00 integ.vbp +0.00 +0.00 omni.gos X     +0.0 ,Y     -0.0. omgD -0.001 omg  +0.00 loop   5121
[0mBatt=23.4 [0m[33mODOM [31mVisionX  +0.00 Y  +0.00 theta   +0.0 elt    0 [0mimu  -4.1 Dt 3428 LtCy 1714 integ.govd   +0.00   +0.00 integ.vbp +0.00 +0.00 omni.gos X     -0.0 ,Y     -0.2. omgD -0.013 omg  +0.00 loop   5127
[0mBatt=23.4 [0m[33mODOM [31mVisionX  +0.00 Y  +0.00 theta   +0.0 elt    0 [0mimu  -4.1 Dt 3444 LtCy 1722 integ.govd   +0.00   +0.00 integ.vbp +0.00 +0.00 omni.gos X     +0.0 ,Y     +0.1. omgD +0.008 omg  +0.00 loop   5113
[0mBatt=23.4 [0m[33mODOM [31mVisionX  +0.00 Y  +0.00 theta   +0.0 elt    0 [0mimu  -4.1 Dt 3460 LtCy 1730 integ.govd   +0.00   +0.00 integ.vbp +0.00 +0.00 omni.gos X     -0.0 ,Y     -0.1. omgD -0.009 omg  +0.00 loop   5130
[0mBatt=23.4 [0m[33mODOM [31mVisionX  +0.00 Y  +0.00 theta   +0.0 elt    0 [0mimu  -4.1 Dt 3476 LtCy 1738 integ.govd   +0.00   +0.00 integ.vbp +0.00 +0.00 omni.gos X     +0.0 ,Y     -0.0. omgD -0.001 omg  +0.00 loop   5101
[0mBatt=23.4 [0m[33mODOM [31mVisionX  +0.00 Y  +0.00 theta   +0.0 elt    0 [0mimu  -4.1 Dt 3492 LtCy 1746 integ.govd   +0.00   +0.00 integ.vbp +0.00 +0.00 omni.gos X     +0.0 ,Y     -0.0. omgD -0.001 omg  +0.00 loop   5157
[0mBatt=23.4 [0m[33mODOM [31mVisionX  +0.00 Y  +0.00 theta   +0.0 elt    0 [0mimu  -4.1 Dt 3508 LtCy 1754 integ.govd   +0.00   +0.00 integ.vbp +0.00 +0.00 omni.gos X     -0.0 ,Y     -0.1. omgD -0.009 omg  +0.00 loop   5141
[0mBatt=23.4 [0m[33mODOM [31mVisionX  +0.00 Y  +0.00 theta   +0.0 elt    0 [0mimu  -4.1 Dt 3524 LtCy 1762 integ.govd   +0.00   +0.00 integ.vbp +0.00 +0.00 omni.gos X     -0.0 ,Y     -0.2. omgD -0.013 omg  +0.00 loop   5118
[0mBatt=23.3 [0m[33mODOM [31mVisionX  +0.00 Y  +0.00 theta   +0.0 elt    0 [0mimu  -4.1 Dt 3540 LtCy 1770 integ.govd   +0.00   +0.00 integ.vbp +0.00 +0.00 omni.gos X     -0.0 ,Y     -0.1. omgD -0.009 omg  +0.00 loop   5126
[0mBatt=23.3 [0m[33mODOM [31mVisionX  +0.00 Y  +0.00 theta   +0.0 elt    0 [0mimu  -4.1 Dt 3556 LtCy 1778 integ.govd   +0.00   +0.00 integ.vbp +0.00 +0.00 omni.gos X     +0.0 ,Y     -0.0. omgD -0.001 omg  +0.00 loop   5131
[0mBatt=23.3 [0m[33mODOM [31mVisionX  +0.00 Y  +0.00 theta   +0.0 elt    0 [0mimu  -4.1 Dt 3572 LtCy 1786 integ.govd   +0.00   +0.00 integ.vbp +0.00 +0.00 omni.gos X     +0.0 ,Y     +0.0. omgD +0.004 omg  +0.00 loop   5122
[0mBatt=23.3 [0m[33mODOM [31mVisionX  +0.00 Y  +0.00 theta   +0.0 elt    0 [0mimu  -4.1 Dt 3580 LtCy 1790 integ.govd   +0.00   +0.00 integ.vbp +0.00 +0.00 omni.gos X     +0.0 ,Y     +0.0. omgD +0.004 omg  +0.00 loop   2467
[0mBatt=23.3 [0m[33mODOM [31mVisionX  +0.00 Y  +0.00 theta   +0.0 elt    0 [0mimu  -4.1 Dt 3596 LtCy 1798 integ.govd   +0.00   +0.00 integ.vbp +0.00 +0.00 omni.gos X     -0.0 ,Y     -0.1. omgD -0.009 omg  +0.00 loop   5136
[0mBatt=23.3 [0m[33mODOM [31mVisionX  +0.00 Y  +0.00 theta   +0.0 elt    0 [0mimu  -4.1 Dt 3612 LtCy 1806 integ.govd   +0.00   +0.00 integ.vbp +0.00 +0.00 omni.gos X     -0.0 ,Y     -0.2. omgD -0.013 omg  +0.00 loop   5141
[0mBatt=23.4 [0m[33mODOM [31mVisionX  +0.00 Y  +0.00 theta   +0.0 elt    0 [0mimu  -4.1 Dt 3628 LtCy 1814 integ.govd   +0.00   +0.00 integ.vbp +0.00 +0.00 omni.gos X     +0.0 ,Y     -0.1. omgD -0.005 omg  +0.00 loop   5098
[0mBatt=23.4 [0m[33mODOM [31mVisionX  +0.00 Y  +0.00 theta   +0.0 elt    0 [0mimu  -4.1 Dt 3644 LtCy 1822 integ.govd   +0.00   +0.00 integ.vbp +0.00 +0.00 omni.gos X     -0.0 ,Y     -0.2. omgD -0.018 omg  +0.00 loop   5145
[0mBatt=23.4 [0m[33mODOM [31mVisionX  +0.00 Y  +0.00 theta   +0.0 elt    0 [0mimu  -4.1 Dt 3660 LtCy 1830 integ.govd   +0.00   +0.00 integ.vbp +0.00 +0.00 omni.gos X     +0.0 ,Y     +0.1. omgD +0.008 omg  +0.00 loop   5134
[0mBatt=23.3 [0m[33mODOM [31mVisionX  +0.00 Y  +0.00 theta   +0.0 elt    0 [0mimu  -4.1 Dt 3676 LtCy 1838 integ.govd   +0.00   +0.00 integ.vbp +0.00 +0.00 omni.gos X     -0.0 ,Y     -0.1. omgD -0.005 omg  +0.00 loop   5114
[0mBatt=23.3 [0m[33mODOM [31mVisionX  +0.00 Y  +0.00 theta   +0.0 elt    0 [0mimu  -4.1 Dt 3692 LtCy 1846 integ.govd   +0.00   +0.00 integ.vbp +0.00 +0.00 omni.gos X     -0.0 ,Y     -0.1. omgD -0.005 omg  +0.00 loop   5124
[0mBatt=23.3 [0m[33mODOM [31mVisionX  +0.00 Y  +0.00 theta   +0.0 elt    0 [0mimu  -4.1 Dt 3708 LtCy 1854 integ.govd   +0.00   +0.00 integ.vbp +0.00 +0.00 omni.gos X     -0.0 ,Y     -0.1. omgD -0.005 omg  +0.00 loop   5139
[0mBatt=23.3 [0m[33mODOM [31mVisionX  +0.00 Y  +0.00 theta   +0.0 elt    0 [0mimu  -4.1 Dt 3724 LtCy 1862 integ.govd   +0.00   +0.00 integ.vbp +0.00 +0.00 omni.gos X     -0.0 ,Y     -0.0. omgD -0.003 omg  +0.00 loop   5132
[0mBatt=23.3 [0m[33mODOM [31mVisionX  +0.00 Y  +0.00 theta   +0.0 elt    0 [0mimu  -4.1 Dt 3740 LtCy 1870 integ.govd   +0.00   +0.00 integ.vbp +0.00 +0.00 omni.gos X     -0.0 ,Y     -0.0. omgD -0.001 omg  +0.00 loop   5109
[0mBatt=23.3 [0m[33mODOM [31mVisionX  +0.00 Y  +0.00 theta   +0.0 elt    0 [0mimu  -4.1 Dt 3756 LtCy 1878 integ.govd   +0.00   +0.00 integ.vbp +0.00 +0.00 omni.gos X     -0.0 ,Y     -0.1. omgD -0.007 omg  +0.00 loop   5145
[0mBatt=23.3 [0m[33mODOM [31mVisionX  +0.00 Y  +0.00 theta   +0.0 elt    0 [0mimu  -4.1 Dt 3772 LtCy 1886 integ.govd   +0.00   +0.00 integ.vbp +0.00 +0.00 omni.gos X     +0.0 ,Y     +0.0. omgD +0.002 omg  +0.00 loop   5128
[0mBatt=23.3 [0m[33mODOM [31mVisionX  +0.00 Y  +0.00 theta   +0.0 elt    0 [0mimu  -4.1 Dt 3788 LtCy 1894 integ.govd   +0.00   +0.00 integ.vbp +0.00 +0.00 omni.gos X     +0.0 ,Y     +0.0. omgD +0.004 omg  +0.00 loop   5123
[0mBatt=23.3 [0m[33mODOM [31mVisionX  +0.00 Y  +0.00 theta   +0.0 elt    0 [0mimu  -4.1 Dt 3804 LtCy 1902 integ.govd   +0.00   +0.00 integ.vbp +0.00 +0.00 omni.gos X     +0.0 ,Y     +0.0. omgD +0.004 omg  +0.00 loop   5140
[0mBatt=23.3 [0m[33mODOM [31mVisionX  +0.00 Y  +0.00 theta   +0.0 elt    0 [0mimu  -4.1 Dt 3820 LtCy 1910 integ.govd   +0.00   +0.00 integ.vbp +0.00 +0.00 omni.gos X     +0.0 ,Y     -0.0. omgD -0.003 omg  +0.00 loop   5134
[0mBatt=23.3 [0m[33mODOM [31mVisionX  +0.00 Y  +0.00 theta   +0.0 elt    0 [0mimu  -4.1 Dt 3836 LtCy 1918 integ.govd   +0.00   +0.00 integ.vbp +0.00 +0.00 omni.gos X     +0.0 ,Y     -0.1. omgD -0.005 omg  +0.00 loop   5115
[0mBatt=23.3 [0m[33mODOM [31mVisionX  +0.00 Y  +0.00 theta   +0.0 elt    0 [0mimu  -4.1 Dt 3852 LtCy 1926 integ.govd   +0.00   +0.00 integ.vbp +0.00 +0.00 omni.gos X     -0.0 ,Y     -0.1. omgD -0.007 omg  +0.00 loop   5138
[0mBatt=23.3 [0m[33mODOM [31mVisionX  +0.00 Y  +0.00 theta   +0.0 elt    0 [0mimu  -4.1 Dt 3868 LtCy 1934 integ.govd   +0.00   +0.00 integ.vbp +0.00 +0.00 omni.gos X     +0.0 ,Y     +0.0. omgD +0.004 omg  +0.00 loop   5143
[0mBatt=23.3 [0m[33mODOM [31mVisionX  +0.00 Y  +0.00 theta   +0.0 elt    0 [0mimu  -4.1 Dt 3884 LtCy 1942 integ.govd   +0.00   +0.00 integ.vbp +0.00 +0.00 omni.gos X     +0.0 ,Y     +0.0. omgD +0.002 omg  +0.00 loop   5126
[0mBatt=23.4 [0m[33mODOM [31mVisionX  +0.00 Y  +0.00 theta   +0.0 elt    0 [0mimu  -4.1 Dt 3900 LtCy 1950 integ.govd   +0.00   +0.00 integ.vbp +0.00 +0.00 omni.gos X     +0.0 ,Y     +0.1. omgD +0.008 omg  +0.00 loop   5121
[0mBatt=23.4 [0m[33mODOM [31mVisionX  +0.00 Y  +0.00 theta   +0.0 elt    0 [0mimu  -4.1 Dt 3916 LtCy 1958 integ.govd   +0.00   +0.00 integ.vbp +0.00 +0.00 omni.gos X     -0.0 ,Y     -0.1. omgD -0.005 omg  +0.00 loop   5133
[0mBatt=23.4 [0m[33mODOM [31mVisionX  +0.00 Y  +0.00 theta   +0.0 elt    0 [0mimu  -4.1 Dt 3932 LtCy 1966 integ.govd   +0.00   +0.00 integ.vbp +0.00 +0.00 omni.gos X     -0.0 ,Y     -0.1. omgD -0.009 omg  +0.00 loop   5130
[0mBatt=23.4 [0m[33mODOM [31mVisionX  +0.00 Y  +0.00 theta   +0.0 elt    0 [0mimu  -4.1 Dt 3948 LtCy 1974 integ.govd   +0.00   +0.00 integ.vbp +0.00 +0.00 omni.gos X     -0.0 ,Y     -0.2. omgD -0.013 omg  +0.00 loop   5109
[0mBatt=23.4 [0m[33mODOM [31mVisionX  +0.00 Y  +0.00 theta   +0.0 elt    0 [0mimu  -4.1 Dt 3964 LtCy 1982 integ.govd   +0.00   +0.00 integ.vbp +0.00 +0.00 omni.gos X     -0.0 ,Y     -0.1. omgD -0.007 omg  +0.00 loop   5138
[0mBatt=23.4 [0m[33mODOM [31mVisionX  +0.00 Y  +0.00 theta   +0.0 elt    0 [0mimu  -4.1 Dt 3980 LtCy 1990 integ.govd   +0.00   +0.00 integ.vbp +0.00 +0.00 omni.gos X     +0.0 ,Y     +0.1. omgD +0.006 omg  +0.00 loop   5143
[0mBatt=23.4 [0m[33mODOM [31mVisionX  +0.00 Y  +0.00 theta   +0.0 elt    0 [0mimu  -4.1 Dt 3996 LtCy 1998 integ.govd   +0.00   +0.00 integ.vbp +0.00 +0.00 omni.gos X     +0.0 ,Y     +0.0. omgD +0.004 omg  +0.00 loop   5105
[0mBatt=23.4 [0m[33mODOM [31mVisionX  +0.00 Y  +0.00 theta   +0.0 elt    0 [0mimu  -4.1 Dt 4012 LtCy 2006 integ.govd   +0.00   +0.00 integ.vbp +0.00 +0.00 omni.gos X     +0.0 ,Y     +0.0. omgD +0.002 omg  +0.00 loop   5148
[0mBatt=23.4 [0m[33mODOM [31mVisionX  +0.00 Y  +0.00 theta   +0.0 elt    0 [0mimu  -4.1 Dt 4028 LtCy 2014 integ.govd   +0.00   +0.00 integ.vbp +0.00 +0.00 omni.gos X     +0.0 ,Y     -0.0. omgD -0.003 omg  +0.00 loop   5142
[0mBatt=23.4 [0m[33mODOM [31mVisionX  +0.00 Y  +0.00 theta   +0.0 elt    0 [0mimu  -4.1 Dt 4044 LtCy 2022 integ.govd   +0.00   +0.00 integ.vbp +0.00 +0.00 omni.gos X     -0.0 ,Y     -0.1. omgD -0.011 omg  +0.00 loop   5121
[0mBatt=23.4 [0m[33mODOM [31mVisionX  +0.00 Y  +0.00 theta   +0.0 elt    0 [0mimu  -4.1 Dt 4060 LtCy 2030 integ.govd   +0.00   +0.00 integ.vbp +0.00 +0.00 omni.gos X     -0.0 ,Y     -0.1. omgD -0.009 omg  +0.00 loop   5122
[0mBatt=23.4 [0m[33mODOM [31mVisionX  +0.00 Y  +0.00 theta   +0.0 elt    0 [0mimu  -4.1 Dt 4076 LtCy 2038 integ.govd   +0.00   +0.00 integ.vbp +0.00 +0.00 omni.gos X     +0.0 ,Y     -0.1. omgD -0.005 omg  +0.00 loop   5138
[0mBatt=23.4 [0m[33mODOM [31mVisionX  +0.00 Y  +0.00 theta   +0.0 elt    0 [0mimu  -4.1 Dt 4092 LtCy 2046 integ.govd   +0.00   +0.00 integ.vbp +0.00 +0.00 omni.gos X     +0.0 ,Y     -0.1. omgD -0.005 omg  +0.00 loop   5130
[0mBatt=23.4 [0m[33mODOM [31mVisionX  +0.00 Y  +0.00 theta   +0.0 elt    0 [0mimu  -4.1 Dt 4108 LtCy 2054 integ.govd   +0.00   +0.00 integ.vbp +0.00 +0.00 omni.gos X     -0.0 ,Y     -0.1. omgD -0.005 omg  +0.00 loop   5119
[0mBatt=23.4 [0m[33mODOM [31mVisionX  +0.00 Y  +0.00 theta   +0.0 elt    0 [0mimu  -4.1 Dt 4124 LtCy 2062 integ.govd   +0.00   +0.00 integ.vbp +0.00 +0.00 omni.gos X     -0.0 ,Y     -0.1. omgD -0.005 omg  +0.00 loop   5151
[0mBatt=23.4 [0m[33mODOM [31mVisionX  +0.00 Y  +0.00 theta   +0.0 elt    0 [0mimu  -4.1 Dt 4140 LtCy 2070 integ.govd   +0.00   +0.00 integ.vbp +0.00 +0.00 omni.gos X     -0.0 ,Y     -0.1. omgD -0.009 omg  +0.00 loop   5125
[0mBatt=23.4 [0m[33mODOM [31mVisionX  +0.00 Y  +0.00 theta   +0.0 elt    0 [0mimu  -4.1 Dt 4156 LtCy 2078 integ.govd   +0.00   +0.00 integ.vbp +0.00 +0.00 omni.gos X     +0.0 ,Y     -0.1. omgD -0.005 omg  +0.00 loop   5110
[0mBatt=23.4 [0m[33mODOM [31mVisionX  +0.00 Y  +0.00 theta   +0.0 elt    0 [0mimu  -4.1 Dt 4172 LtCy 2086 integ.govd   +0.00   +0.00 integ.vbp +0.00 +0.00 omni.gos X     +0.0 ,Y     +0.0. omgD +0.004 omg  +0.00 loop   5144
[0mBatt=23.4 [0m[33mODOM [31mVisionX  +0.00 Y  +0.00 theta   +0.0 elt    0 [0mimu  -4.1 Dt 4188 LtCy 2094 integ.govd   +0.00   +0.00 integ.vbp +0.00 +0.00 omni.gos X     +0.0 ,Y     -0.0. omgD -0.001 omg  +0.00 loop   5129
[0mBatt=23.4 [0m[33mODOM [31mVisionX  +0.00 Y  +0.00 theta   +0.0 elt    0 [0mimu  -4.1 Dt 4204 LtCy 2102 integ.govd   +0.00   +0.00 integ.vbp +0.00 +0.00 omni.gos X     +0.0 ,Y     +0.0. omgD +0.004 omg  +0.00 loop   5122
[0mBatt=23.4 [0m[33mODOM [31mVisionX  +0.00 Y  +0.00 theta   +0.0 elt    0 [0mimu  -4.1 Dt 4220 LtCy 2110 integ.govd   +0.00   +0.00 integ.vbp +0.00 +0.00 omni.gos X     -0.0 ,Y     -0.1. omgD -0.009 omg  +0.00 loop   5135
[0mBatt=23.3 [0m[33mODOM [31mVisionX  +0.00 Y  +0.00 theta   +0.0 elt    0 [0mimu  -4.1 Dt 4236 LtCy 2118 integ.govd   +0.00   +0.00 integ.vbp +0.00 +0.00 omni.gos X     +0.0 ,Y     -0.0. omgD -0.001 omg  +0.00 loop   5137
[0mBatt=23.3 [0m[33mODOM [31mVisionX  +0.00 Y  +0.00 theta   +0.0 elt    0 [0mimu  -4.1 Dt 4252 LtCy 2126 integ.govd   +0.00   +0.00 integ.vbp +0.00 +0.00 omni.gos X     +0.0 ,Y     +0.0. omgD +0.004 omg  +0.00 loop   5130
[0mBatt=23.3 [0m[33mODOM [31mVisionX  +0.00 Y  +0.00 theta   +0.0 elt    0 [0mimu  -4.1 Dt 4268 LtCy 2134 integ.govd   +0.00   +0.00 integ.vbp +0.00 +0.00 omni.gos X     -0.0 ,Y     -0.1. omgD -0.005 omg  +0.00 loop   5124
[0mBatt=23.3 [0m[33mODOM [31mVisionX  +0.00 Y  +0.00 theta   +0.0 elt    0 [0mimu  -4.1 Dt 4284 LtCy 2142 integ.govd   +0.00   +0.00 integ.vbp +0.00 +0.00 omni.gos X     -0.0 ,Y     -0.1. omgD -0.005 omg  +0.00 loop   5136
[0mBatt=23.3 [0m[33mODOM [31mVisionX  +0.00 Y  +0.00 theta   +0.0 elt    0 [0mimu  -4.1 Dt 4300 LtCy 2150 integ.govd   +0.00   +0.00 integ.vbp +0.00 +0.00 omni.gos X     -0.0 ,Y     -0.1. omgD -0.009 omg  +0.00 loop   5127
[0mBatt=23.3 [0m[33mODOM [31mVisionX  +0.00 Y  +0.00 theta   +0.0 elt    0 [0mimu  -4.1 Dt 4316 LtCy 2158 integ.govd   +0.00   +0.00 integ.vbp +0.00 +0.00 omni.gos X     +0.0 ,Y     +0.0. omgD +0.004 omg  +0.00 loop   5103
[0mBatt=23.3 [0m[33mODOM [31mVisionX  +0.00 Y  +0.00 theta   +0.0 elt    0 [0mimu  -4.1 Dt 4332 LtCy 2166 integ.govd   +0.00   +0.00 integ.vbp +0.00 +0.00 omni.gos X     +0.0 ,Y     -0.0. omgD -0.001 omg  +0.00 loop   5141
[0mBatt=23.3 [0m[33mODOM [31mVisionX  +0.00 Y  +0.00 theta   +0.0 elt    0 [0mimu  -4.1 Dt 4348 LtCy 2174 integ.govd   +0.00   +0.00 integ.vbp +0.00 +0.00 omni.gos X     -0.0 ,Y     -0.1. omgD -0.009 omg  +0.00 loop   5141
[0mBatt=23.3 [0m[33mODOM [31mVisionX  +0.00 Y  +0.00 theta   +0.0 elt    0 [0mimu  -4.1 Dt 4364 LtCy 2182 integ.govd   +0.00   +0.00 integ.vbp +0.00 +0.00 omni.gos X     +0.0 ,Y     +0.1. omgD +0.004 omg  +0.00 loop   5108
[0mBatt=23.3 [0m[33mODOM [31mVisionX  +0.00 Y  +0.00 theta   +0.0 elt    0 [0mimu  -4.1 Dt 4380 LtCy 2190 integ.govd   +0.00   +0.00 integ.vbp +0.00 +0.00 omni.gos X     -0.0 ,Y     -0.1. omgD -0.009 omg  +0.00 loop   5147
[0mBatt=23.3 [0m[33mODOM [31mVisionX  +0.00 Y  +0.00 theta   +0.0 elt    0 [0mimu  -4.1 Dt 4396 LtCy 2198 integ.govd   +0.00   +0.00 integ.vbp +0.00 +0.00 omni.gos X     +0.0 ,Y     -0.0. omgD -0.001 omg  +0.00 loop   5133
[0mBatt=23.3 [0m[33mODOM [31mVisionX  +0.00 Y  +0.00 theta   +0.0 elt    0 [0mimu  -4.1 Dt 4412 LtCy 2206 integ.govd   +0.00   +0.00 integ.vbp +0.00 +0.00 omni.gos X     -0.0 ,Y     -0.1. omgD -0.005 omg  +0.00 loop   5119
[0mBatt=23.3 [0m[33mODOM [31mVisionX  +0.00 Y  +0.00 theta   +0.0 elt    0 [0mimu  -4.1 Dt 4428 LtCy 2214 integ.govd   +0.00   +0.00 integ.vbp +0.00 +0.00 omni.gos X     -0.0 ,Y     -0.0. omgD -0.001 omg  +0.00 loop   5128
[0mBatt=23.3 [0m[33mODOM [31mVisionX  +0.00 Y  +0.00 theta   +0.0 elt    0 [0mimu  -4.1 Dt 4444 LtCy 2222 integ.govd   +0.00   +0.00 integ.vbp +0.00 +0.00 omni.gos X     +0.0 ,Y     +0.1. omgD +0.004 omg  +0.00 loop   5137
[0mBatt=23.3 [0m[33mODOM [31mVisionX  +0.00 Y  +0.00 theta   +0.0 elt    0 [0mimu  -4.1 Dt 4460 LtCy 2230 integ.govd   +0.00   +0.00 integ.vbp +0.00 +0.00 omni.gos X     -0.0 ,Y     -0.1. omgD -0.009 omg  +0.00 loop   5119
[0mBatt=23.3 [0m[33mODOM [31mVisionX  +0.00 Y  +0.00 theta   +0.0 elt    0 [0mimu  -4.1 Dt 4476 LtCy 2238 integ.govd   +0.00   +0.00 integ.vbp +0.00 +0.00 omni.gos X     -0.0 ,Y     -0.2. omgD -0.013 omg  +0.00 loop   5113
[0mBatt=23.3 [0m[33mODOM [31mVisionX  +0.00 Y  +0.00 theta   +0.0 elt    0 [0mimu  -4.1 Dt 4492 LtCy 2246 integ.govd   +0.00   +0.00 integ.vbp +0.00 +0.00 omni.gos X     -0.0 ,Y     -0.1. omgD -0.005 omg  +0.00 loop   5142
[0mBatt=23.3 [0m[33mODOM [31mVisionX  +0.00 Y  +0.00 theta   +0.0 elt    0 [0mimu  -4.1 Dt 4508 LtCy 2254 integ.govd   +0.00   +0.00 integ.vbp +0.00 +0.00 omni.gos X     +0.0 ,Y     -0.0. omgD -0.001 omg  +0.00 loop   5131
[0mBatt=23.3 [0m[33mODOM [31mVisionX  +0.00 Y  +0.00 theta   +0.0 elt    0 [0mimu  -4.1 Dt 4524 LtCy 2262 integ.govd   +0.00   +0.00 integ.vbp +0.00 +0.00 omni.gos X     +0.0 ,Y     +0.0. omgD +0.004 omg  +0.00 loop   5117
[0mBatt=23.3 [0m[33mODOM [31mVisionX  +0.00 Y  +0.00 theta   +0.0 elt    0 [0mimu  -4.1 Dt 4540 LtCy 2270 integ.govd   +0.00   +0.00 integ.vbp +0.00 +0.00 omni.gos X     +0.0 ,Y     -0.0. omgD -0.001 omg  +0.00 loop   5134
[0mBatt=23.3 [0m[33mODOM [31mVisionX  +0.00 Y  +0.00 theta   +0.0 elt    0 [0mimu  -4.1 Dt 4556 LtCy 2278 integ.govd   +0.00   +0.00 integ.vbp +0.00 +0.00 omni.gos X     +0.0 ,Y     -0.0. omgD -0.001 omg  +0.00 loop   5142
[0mBatt=23.3 [0m[33mODOM [31mVisionX  +0.00 Y  +0.00 theta   +0.0 elt    0 [0mimu  -4.1 Dt 4572 LtCy 2286 integ.govd   +0.00   +0.00 integ.vbp +0.00 +0.00 omni.gos X     -0.0 ,Y     -0.2. omgD -0.013 omg  +0.00 loop   5113
[0mBatt=23.3 [0m[33mODOM [31mVisionX  +0.00 Y  +0.00 theta   +0.0 elt    0 [0mimu  -4.1 Dt 4580 LtCy 2290 integ.govd   +0.00   +0.00 integ.vbp +0.00 +0.00 omni.gos X     -0.0 ,Y     -0.1. omgD -0.009 omg  +0.00 loop   2466
[0mBatt=23.3 [0m[33mODOM [31mVisionX  +0.00 Y  +0.00 theta   +0.0 elt    0 [0mimu  -4.1 Dt 4596 LtCy 2298 integ.govd   +0.00   +0.00 integ.vbp +0.00 +0.00 omni.gos X     +0.0 ,Y     -0.0. omgD -0.001 omg  +0.00 loop   5138
[0mBatt=23.3 [0m[33mODOM [31mVisionX  +0.00 Y  +0.00 theta   +0.0 elt    0 [0mimu  -4.1 Dt 4612 LtCy 2306 integ.govd   +0.00   +0.00 integ.vbp +0.00 +0.00 omni.gos X     -0.0 ,Y     -0.1. omgD -0.005 omg  +0.00 loop   5140
[0mBatt=23.3 [0m[33mODOM [31mVisionX  +0.00 Y  +0.00 theta   +0.0 elt    0 [0mimu  -4.1 Dt 4628 LtCy 2314 integ.govd   +0.00   +0.00 integ.vbp +0.00 +0.00 omni.gos X     +0.0 ,Y     -0.1. omgD -0.005 omg  +0.00 loop   5104
[0mBatt=23.3 [0m[33mODOM [31mVisionX  +0.00 Y  +0.00 theta   +0.0 elt    0 [0mimu  -4.1 Dt 4644 LtCy 2322 integ.govd   +0.00   +0.00 integ.vbp +0.00 +0.00 omni.gos X     +0.0 ,Y     +0.0. omgD +0.004 omg  +0.00 loop   5153
[0mBatt=23.3 [0m[33mODOM [31mVisionX  +0.00 Y  +0.00 theta   +0.0 elt    0 [0mimu  -4.1 Dt 4660 LtCy 2330 integ.govd   +0.00   +0.00 integ.vbp +0.00 +0.00 omni.gos X     -0.0 ,Y     -0.1. omgD -0.005 omg  +0.00 loop   5131
[0mBatt=23.3 [0m[33mODOM [31mVisionX  +0.00 Y  +0.00 theta   +0.0 elt    0 [0mimu  -4.1 Dt 4676 LtCy 2338 integ.govd   +0.00   +0.00 integ.vbp +0.00 +0.00 omni.gos X     +0.0 ,Y     +0.0. omgD +0.004 omg  +0.00 loop   5112
[0mBatt=23.3 [0m[33mODOM [31mVisionX  +0.00 Y  +0.00 theta   +0.0 elt    0 [0mimu  -4.1 Dt 4692 LtCy 2346 integ.govd   +0.00   +0.00 integ.vbp +0.00 +0.00 omni.gos X     -0.0 ,Y     -0.1. omgD -0.005 omg  +0.00 loop   5130
[0mBatt=23.3 [0m[33mODOM [31mVisionX  +0.00 Y  +0.00 theta   +0.0 elt    0 [0mimu  -4.1 Dt 4708 LtCy 2354 integ.govd   +0.00   +0.00 integ.vbp +0.00 +0.00 omni.gos X     -0.0 ,Y     -0.1. omgD -0.005 omg  +0.00 loop   5136
[0mBatt=23.3 [0m[33mODOM [31mVisionX  +0.00 Y  +0.00 theta   +0.0 elt    0 [0mimu  -4.1 Dt 4724 LtCy 2362 integ.govd   +0.00   +0.00 integ.vbp +0.00 +0.00 omni.gos X     +0.0 ,Y     -0.1. omgD -0.005 omg  +0.00 loop   5115
[0mBatt=23.3 [0m[33mODOM [31mVisionX  +0.00 Y  +0.00 theta   +0.0 elt    0 [0mimu  -4.1 Dt 4740 LtCy 2370 integ.govd   +0.00   +0.00 integ.vbp +0.00 +0.00 omni.gos X     -0.0 ,Y     -0.1. omgD -0.009 omg  +0.00 loop   5126
[0mBatt=23.3 [0m[33mODOM [31mVisionX  +0.00 Y  +0.00 theta   +0.0 elt    0 [0mimu  -4.1 Dt 4756 LtCy 2378 integ.govd   +0.00   +0.00 integ.vbp +0.00 +0.00 omni.gos X     +0.0 ,Y     +0.0. omgD +0.004 omg  +0.00 loop   5145
[0mBatt=23.3 [0m[33mODOM [31mVisionX  +0.00 Y  +0.00 theta   +0.0 elt    0 [0mimu  -4.1 Dt 4772 LtCy 2386 integ.govd   +0.00   +0.00 integ.vbp +0.00 +0.00 omni.gos X     +0.0 ,Y     -0.0. omgD -0.001 omg  +0.00 loop   5120
[0mBatt=23.3 [0m[33mODOM [31mVisionX  +0.00 Y  +0.00 theta   +0.0 elt    0 [0mimu  -4.1 Dt 4788 LtCy 2394 integ.govd   +0.00   +0.00 integ.vbp +0.00 +0.00 omni.gos X     +0.0 ,Y     +0.0. omgD +0.004 omg  +0.00 loop   5119
[0mBatt=23.3 [0m[33mODOM [31mVisionX  +0.00 Y  +0.00 theta   +0.0 elt    0 [0mimu  -4.1 Dt 4804 LtCy 2402 integ.govd   +0.00   +0.00 integ.vbp +0.00 +0.00 omni.gos X     -0.0 ,Y     -0.1. omgD -0.009 omg  +0.00 loop   5140
[0mBatt=23.3 [0m[33mODOM [31mVisionX  +0.00 Y  +0.00 theta   +0.0 elt    0 [0mimu  -4.1 Dt 4820 LtCy 2410 integ.govd   +0.00   +0.00 integ.vbp +0.00 +0.00 omni.gos X     -0.0 ,Y     -0.1. omgD -0.005 omg  +0.00 loop   5128
[0mBatt=23.3 [0m[33mODOM [31mVisionX  +0.00 Y  +0.00 theta   +0.0 elt    0 [0mimu  -4.1 Dt 4836 LtCy 2418 integ.govd   +0.00   +0.00 integ.vbp +0.00 +0.00 omni.gos X     +0.0 ,Y     +0.0. omgD +0.004 omg  +0.00 loop   5104
[0mBatt=23.3 [0m[33mODOM [31mVisionX  +0.00 Y  +0.00 theta   +0.0 elt    0 [0mimu  -4.1 Dt 4852 LtCy 2426 integ.govd   +0.00   +0.00 integ.vbp +0.00 +0.00 omni.gos X     +0.0 ,Y     -0.0. omgD -0.001 omg  +0.00 loop   5144
[0mBatt=23.3 [0m[33mODOM [31mVisionX  +0.00 Y  +0.00 theta   +0.0 elt    0 [0mimu  -4.1 Dt 4868 LtCy 2434 integ.govd   +0.00   +0.00 integ.vbp +0.00 +0.00 omni.gos X     +0.0 ,Y     -0.1. omgD -0.005 omg  +0.00 loop   5143
[0mBatt=23.3 [0m[33mODOM [31mVisionX  +0.00 Y  +0.00 theta   +0.0 elt    0 [0mimu  -4.1 Dt 4884 LtCy 2442 integ.govd   +0.00   +0.00 integ.vbp +0.00 +0.00 omni.gos X     +0.0 ,Y     -0.0. omgD -0.001 omg  +0.00 loop   5118
[0mBatt=23.3 [0m[33mODOM [31mVisionX  +0.00 Y  +0.00 theta   +0.0 elt    0 [0mimu  -4.2 Dt 4900 LtCy 2450 integ.govd   +0.00   +0.00 integ.vbp +0.00 +0.00 omni.gos X     -0.0 ,Y     -0.1. omgD -0.005 omg  +0.00 loop   5148
[0mBatt=23.3 [0m[33mODOM [31mVisionX  +0.00 Y  +0.00 theta   +0.0 elt    0 [0mimu  -4.2 Dt 4916 LtCy 2458 integ.govd   +0.00   +0.00 integ.vbp +0.00 +0.00 omni.gos X     -0.0 ,Y     -0.1. omgD -0.009 omg  +0.00 loop   5129
[0mBatt=23.3 [0m[33mODOM [31mVisionX  +0.00 Y  +0.00 theta   +0.0 elt    0 [0mimu  -4.2 Dt 4932 LtCy 2466 integ.govd   +0.00   +0.00 integ.vbp +0.00 +0.00 omni.gos X     +0.0 ,Y     -0.1. omgD -0.005 omg  +0.00 loop   5118
[0mBatt=23.3 [0m[33mODOM [31mVisionX  +0.00 Y  +0.00 theta   +0.0 elt    0 [0mimu  -4.2 Dt 4948 LtCy 2474 integ.govd   +0.00   +0.00 integ.vbp +0.00 +0.00 omni.gos X     -0.0 ,Y     -0.1. omgD -0.005 omg  +0.00 loop   5128
[0mBatt=23.4 [0m[33mODOM [31mVisionX  +0.00 Y  +0.00 theta   +0.0 elt    0 [0mimu  -4.2 Dt 4964 LtCy 2482 integ.govd   +0.00   +0.00 integ.vbp +0.00 +0.00 omni.gos X     +0.0 ,Y     +0.1. omgD +0.004 omg  +0.00 loop   5141
[0mBatt=23.4 [0m[33mODOM [31mVisionX  +0.00 Y  +0.00 theta   +0.0 elt    0 [0mimu  -4.2 Dt 4980 LtCy 2490 integ.govd   +0.00   +0.00 integ.vbp +0.00 +0.00 omni.gos X     +0.0 ,Y     -0.0. omgD -0.001 omg  +0.00 loop   5132
[0mBatt=23.4 [0m[33mODOM [31mVisionX  +0.00 Y  +0.00 theta   +0.0 elt    0 [0mimu  -4.2 Dt 4996 LtCy 2498 integ.govd   +0.00   +0.00 integ.vbp +0.00 +0.00 omni.gos X     -0.0 ,Y     -0.1. omgD -0.009 omg  +0.00 loop   5116
[0mBatt=23.4 [0m[33mODOM [31mVisionX  +0.00 Y  +0.00 theta   +0.0 elt    0 [0mimu  -4. Dt 5012 LtCy 506 integ.god   +0.00   000 ineg.vbp +0.00 +0.00 omni.gosX     +0. ,Y     -0.0. omgD -0.001 omg  +0.0 loop  514
[0mBatt=23.4 [0m[33mODOM [31mVisionX  +0.00 Y  +0.00 theta   +0.0 elt    0 [0mimu  -4.2 Dt 5028 LtCy 2514 integ.govd   +0.00   +0.00 integ.vbp +0.00 +0.00 omni.gos X     -0.0 ,Y     -0.1. omgD -0.009 omg  +0.00 loop   5132
[0mBatt=23.4 [0m[33mODOM [31mVisionX  +0.00 Y  +0.00 theta   +0.0 elt    0 [0mimu  -4.2 Dt 5044 LtCy 2522 integ.govd   +0.00   +0.00 integ.vbp +0.00 +0.00 omni.gos X     -0.0 ,Y     -0.1. omgD -0.005 omg  +0.00 loop   5116
[0mBatt=23.4 [0m[33mODOM [31mVisionX  +0.00 Y  +0.00 theta   +0.0 elt    0 [0mimu  -4.2 Dt 5060 LtCy 2530 integ.govd   +0.00   +0.00 integ.vbp +0.00 +0.00 omni.gos X     +0.0 ,Y     -0.1. omgD -0.005 omg  +0.00 loop   5134
[0mBatt=23.4 [0m[33mODOM [31mVisionX  +0.00 Y  +0.00 theta   +0.0 elt    0 [0mimu  -4.2 Dt 5076 LtCy 2538 integ.govd   +0.00   +0.00 integ.vbp +0.00 +0.00 omni.gos X     -0.0 ,Y     -0.1. omgD -0.009 omg  +0.00 loop   5140
[0mBatt=23.3 [0m[33mODOM [31mVisionX  +0.00 Y  +0.00 theta   +0.0 elt    0 [0mimu  -4.2 Dt 5092 LtCy 2546 integ.govd   +0.00   +0.00 integ.vbp +0.00 +0.00 omni.gos X     -0.0 ,Y     -0.1. omgD -0.005 omg  +0.00 loop   5116
[0mBatt=23.3 [0m[33mODOM [31mVisionX  +0.00 Y  +0.00 theta   +0.0 elt    0 [0mimu  -4.2 Dt 5108 LtCy 2554 integ.govd   +0.00   +0.00 integ.vbp +0.00 +0.00 omni.gos X     +0.0 ,Y     -0.0. omgD -0.001 omg  +0.00 loop   5122
[0mBatt=23.3 [0m[33mODOM [31mVisionX  +0.00 Y  +0.00 theta   +0.0 elt    0 [0mimu  -4.2 Dt 5124 LtCy 2562 integ.govd   +0.00   +0.00 integ.vbp +0.00 +0.00 omni.gos X     -0.0 ,Y     -0.1. omgD -0.005 omg  +0.00 loop   5155
[0mBatt=23.3 [0m[33mODOM [31mVisionX  +0.00 Y  +0.00 theta   +0.0 elt    0 [0mimu  -4.2 Dt 5140 LtCy 2570 integ.govd   +0.00   +0.00 integ.vbp +0.00 +0.00 omni.gos X     -0.0 ,Y     -0.1. omgD -0.007 omg  +0.00 loop   5124
[0mBatt=23.3 [0m[33mODOM [31mVisionX  +0.00 Y  +0.00 theta   +0.0 elt    0 [0mimu  -4.2 Dt 5156 LtCy 2578 integ.govd   +0.00   +0.00 integ.vbp +0.00 +0.00 omni.gos X     -0.0 ,Y     -0.1. omgD -0.011 omg  +0.00 loop   5115
[0mBatt=23.3 [0m[33mODOM [31mVisionX  +0.00 Y  +0.00 theta   +0.0 elt    0 [0mimu  -4.2 Dt 5172 LtCy 2586 integ.govd   +0.00   +0.00 integ.vbp +0.00 +0.00 omni.gos X     -0.0 ,Y     -0.1. omgD -0.007 omg  +0.00 loop   5145
[0mBatt=23.3 [0m[33mODOM [31mVisionX  +0.00 Y  +0.00 theta   +0.0 elt    0 [0mimu  -4.2 Dt 5188 LtCy 2594 integ.govd   +0.00   +0.00 integ.vbp +0.00 +0.00 omni.gos X     +0.0 ,Y     -0.0. omgD -0.001 omg  +0.00 loop   5121
[0mBatt=23.3 [0m[33mODOM [31mVisionX  +0.00 Y  +0.00 theta   +0.0 elt    0 [0mimu  -4.2 Dt 5204 LtCy 2602 integ.govd   +0.00   +0.00 integ.vbp +0.00 +0.00 omni.gos X     +0.0 ,Y     +0.1. omgD +0.006 omg  +0.00 loop   5122
[0mBatt=23.3 [0m[33mODOM [31mVisionX  +0.00 Y  +0.00 theta   +0.0 elt    0 [0mimu  -4.2 Dt 5220 LtCy 2610 integ.govd   +0.00   +0.00 integ.vbp +0.00 +0.00 omni.gos X     +0.0 ,Y     -0.1. omgD -0.005 omg  +0.00 loop   5137
[0mBatt=23.3 [0m[33mODOM [31mVisionX  +0.00 Y  +0.00 theta   +0.0 elt    0 [0mimu  -4.2 Dt 5236 LtCy 2618 integ.govd   +0.00   +0.00 integ.vbp +0.00 +0.00 omni.gos X     -0.0 ,Y     -0.1. omgD -0.009 omg  +0.00 loop   5142
[0mBatt=23.3 [0m[33mODOM [31mVisionX  +0.00 Y  +0.00 theta   +0.0 elt    0 [0mimu  -4.2 Dt 5252 LtCy 2626 integ.govd   +0.00   +0.00 integ.vbp +0.00 +0.00 omni.gos X     +0.0 ,Y     -0.0. omgD -0.001 omg  +0.00 loop   5109
[0mBatt=23.3 [0m[33mODOM [31mVisionX  +0.00 Y  +0.00 theta   +0.0 elt    0 [0mimu  -4.2 Dt 5268 LtCy 2634 integ.govd   +0.00   +0.00 integ.vbp +0.00 +0.00 omni.gos X     +0.0 ,Y     -0.0. omgD -0.003 omg  +0.00 loop   5140
[0mBatt=23.3 [0m[33mODOM [31mVisionX  +0.00 Y  +0.00 theta   +0.0 elt    0 [0mimu  -4.2 Dt 5284 LtCy 2642 integ.govd   +0.00   +0.00 integ.vbp +0.00 +0.00 omni.gos X     +0.0 ,Y     -0.0. omgD -0.003 omg  +0.00 loop   5145
[0mBatt=23.3 [0m[33mODOM [31mVisionX  +0.00 Y  +0.00 theta   +0.0 elt    0 [0mimu  -4.2 Dt 5300 LtCy 2650 integ.govd   +0.00   +0.00 integ.vbp +0.00 +0.00 omni.gos X     +0.0 ,Y     -0.1. omgD -0.007 omg  +0.00 loop   5122
[0mBatt=23.3 [0m[33mODOM [31mVisionX  +0.00 Y  +0.00 theta   +0.0 elt    0 [0mimu  -4.2 Dt 5316 LtCy 2658 integ.govd   +0.00   +0.00 integ.vbp +0.00 +0.00 omni.gos X     +0.0 ,Y     -0.1. omgD -0.005 omg  +0.00 loop   5129
[0mBatt=23.3 [0m[33mODOM [31mVisionX  +0.00 Y  +0.00 theta   +0.0 elt    0 [0mimu  -4.2 Dt 5332 LtCy 2666 integ.govd   +0.00   +0.00 integ.vbp +0.00 +0.00 omni.gos X     +0.0 ,Y     -0.1. omgD -0.005 omg  +0.00 loop   5147
[0mBatt=23.3 [0m[33mODOM [31mVisionX  +0.00 Y  +0.00 theta   +0.0 elt    0 [0mimu  -4.2 Dt 5348 LtCy 2674 integ.govd   +0.00   +0.00 integ.vbp +0.00 +0.00 omni.gos X     -0.0 ,Y     -0.1. omgD -0.005 omg  +0.00 loop   5134
[0mBatt=23.3 [0m[33mODOM [31mVisionX  +0.00 Y  +0.00 theta   +0.0 elt    0 [0mimu  -4.2 Dt 5364 LtCy 2682 integ.govd   +0.00   +0.00 integ.vbp +0.00 +0.00 omni.gos X     +0.0 ,Y     -0.0. omgD -0.001 omg  +0.00 loop   5112
[0mBatt=23.3 [0m[33mODOM [31mVisionX  +0.00 Y  +0.00 theta   +0.0 elt    0 [0mimu  -4.2 Dt 5380 LtCy 2690 integ.govd   +0.00   +0.00 integ.vbp +0.00 +0.00 omni.gos X     +0.0 ,Y     -0.0. omgD -0.001 omg  +0.00 loop   5146
[0mBatt=23.3 [0m[33mODOM [31mVisionX  +0.00 Y  +0.00 theta   +0.0 elt    0 [0mimu  -4.2 Dt 5396 LtCy 2698 integ.govd   +0.00   +0.00 integ.vbp +0.00 +0.00 omni.gos X     +0.0 ,Y     -0.0. omgD -0.001 omg  +0.00 loop   5139
[0mBatt=23.3 [0m[33mODOM [31mVisionX  +0.00 Y  +0.00 theta   +0.0 elt    0 [0mimu  -4.2 Dt 5412 LtCy 2706 integ.govd   +0.00   +0.00 integ.vbp +0.00 +0.00 omni.gos X     -0.0 ,Y     -0.1. omgD -0.009 omg  +0.00 loop   5119
[0mBatt=23.3 [0m[33mODOM [31mVisionX  +0.00 Y  +0.00 theta   +0.0 elt    0 [0mimu  -4.2 Dt 5428 LtCy 2714 integ.govd   +0.00   +0.00 integ.vbp +0.00 +0.00 omni.gos X     +0.0 ,Y     -0.0. omgD -0.003 omg  +0.00 loop   5133
[0mBatt=23.3 [0m[33mODOM [31mVisionX  +0.00 Y  +0.00 theta   +0.0 elt    0 [0mimu  -4.2 Dt 5444 LtCy 2722 integ.govd   +0.00   +0.00 integ.vbp +0.00 +0.00 omni.gos X     -0.0 ,Y     -0.1. omgD -0.007 omg  +0.00 loop   5143
[0mBatt=23.3 [0m[33mODOM [31mVisionX  +0.00 Y  +0.00 theta   +0.0 elt    0 [0mimu  -4.2 Dt 5460 LtCy 2730 integ.govd   +0.00   +0.00 integ.vbp +0.00 +0.00 omni.gos X     +0.0 ,Y     -0.1. omgD -0.005 omg  +0.00 loop   5109
[0mBatt=23.4 [0m[33mODOM [31mVisionX  +0.00 Y  +0.00 theta   +0.0 elt    0 [0mimu  -4.2 Dt 5476 LtCy 2738 integ.govd   +0.00   +0.00 integ.vbp +0.00 +0.00 omni.gos X     -0.0 ,Y     -0.1. omgD -0.009 omg  +0.00 loop   5132
[0mBatt=23.4 [0m[33mODOM [31mVisionX  +0.00 Y  +0.00 theta   +0.0 elt    0 [0mimu  -4.2 Dt 5492 LtCy 2746 integ.govd   +0.00   +0.00 integ.vbp +0.00 +0.00 omni.gos X     +0.0 ,Y     +0.1. omgD +0.008 omg  +0.00 loop   5139
[0mBatt=23.4 [0m[33mODOM [31mVisionX  +0.00 Y  +0.00 theta   +0.0 elt    0 [0mimu  -4.2 Dt 5508 LtCy 2754 integ.govd   +0.00   +0.00 integ.vbp +0.00 +0.00 omni.gos X     +0.0 ,Y     -0.1. omgD -0.005 omg  +0.00 loop   5118
[0mBatt=23.3 [0m[33mODOM [31mVisionX  +0.00 Y  +0.00 theta   +0.0 elt    0 [0mimu  -4.2 Dt 5524 LtCy 2762 integ.govd   +0.00   +0.00 integ.vbp +0.00 +0.00 omni.gos X     +0.0 ,Y     -0.0. omgD -0.001 omg  +0.00 loop   5126
[0mBatt=23.3 [0m[33mODOM [31mVisionX  +0.00 Y  +0.00 theta   +0.0 elt    0 [0mimu  -4.2 Dt 5540 LtCy 2770 integ.govd   +0.00   +0.00 integ.vbp +0.00 +0.00 omni.gos X     -0.0 ,Y     -0.1. omgD -0.005 omg  +0.00 loop   5152
[0mBatt=23.3 [0m[33mODOM [31mVisionX  +0.00 Y  +0.00 theta   +0.0 elt    0 [0mimu  -4.2 Dt 5556 LtCy 2778 integ.govd   +0.00   +0.00 integ.vbp +0.00 +0.00 omni.gos X     +0.0 ,Y     -0.1. omgD -0.005 omg  +0.00 loop   5120
[0mBatt=23.3 [0m[33mODOM [31mVisionX  +0.00 Y  +0.00 theta   +0.0 elt    0 [0mimu  -4.2 Dt 5572 LtCy 2786 integ.govd   +0.00   +0.00 integ.vbp +0.00 +0.00 omni.gos X     -0.0 ,Y     -0.2. omgD -0.013 omg  +0.00 loop   5117
[0mBatt=23.3 [0m[33mODOM [31mVisionX  +0.00 Y  +0.00 theta   +0.0 elt    0 [0mimu  -4.2 Dt 5580 LtCy 2790 integ.govd   +0.00   +0.00 integ.vbp +0.00 +0.00 omni.gos X     +0.0 ,Y     +0.0. omgD +0.004 omg  +0.00 loop   2471
