event,sequence,counter,valid_self,adopted,realtime_ns,kernel_ns,monotonic_ns,write_end_ns,written,socket_drop_total,trace_record_overflow
rx,1,1,1,1,1787954291653999929,1787954291653933873,5868738808001,0,0,0,0
tx,1,1,1,1,1787954291654005540,1787954291653933873,5868738813723,5868738858464,72,0,0
rx,2,2,1,1,1787954291655172633,1787954291655024466,5868739980705,0,0,0,0
tx,2,2,1,1,1787954291655178392,1787954291655024466,5868739986575,5868740016983,72,0,0
rx,3,3,1,1,1787954291656301818,1787954291656174040,5868741109890,0,0,0,0
tx,3,3,1,1,1787954291656305429,1787954291656174040,5868741113612,5868741127112,72,0,0
rx,4,4,1,1,1787954291657404540,1787954291657288151,5868742212612,0,0,0,0
tx,4,4,1,1,1787954291657408058,1787954291657288151,5868742216242,5868742228372,72,0,0
rx,5,5,1,1,1787954291658502632,1787954291658402836,5868743310705,0,0,0,0
tx,5,5,1,1,1787954291658506058,1787954291658402836,5868743314242,5868743325501,72,0,0
rx,6,6,1,1,1787954291659600077,1787954291659524021,5868744408149,0,0,0,0
tx,6,6,1,1,1787954291659603429,1787954291659524021,5868744411612,5868744423631,72,0,0
rx,7,7,1,1,1787954291756634632,1787954291756306447,5868841442705,0,0,0,0
tx,7,7,1,1,1787954291756639114,1787954291756306447,5868841447372,5868841470409,72,0,0
rx,8,8,1,1,1787954291757767762,1787954291757415892,5868842575835,0,0,0,0
tx,8,8,1,1,1787954291757771540,1787954291757415892,5868842579723,5868842593316,72,0,0
rx,9,9,1,1,1787954291758870521,1787954291758559503,5868843678594,0,0,0,0
tx,9,9,1,1,1787954291758873984,1787954291758559503,5868843682168,5868843693927,72,0,0
rx,10,10,1,1,1787954291759969669,1787954291759661410,5868844777742,0,0,0,0
tx,10,10,1,1,1787954291759976058,1787954291759661410,5868844784242,5868844797353,72,0,0
rx,11,11,1,1,1787954291761074577,1787954291760779151,5868845882649,0,0,0,0
tx,11,11,1,1,1787954291761077855,1787954291760779151,5868845886038,5868845897316,72,0,0
rx,12,12,1,1,1787954291762173892,1787954291761921540,5868846981964,0,0,0,0
tx,12,12,1,1,1787954291762177521,1787954291761921540,5868846985705,5868846998779,72,0,0
rx,13,13,1,1,1787954291763274373,1787954291763026021,5868848082446,0,0,0,0
tx,13,13,1,1,1787954291763277707,1787954291763026021,5868848085890,5868848098001,72,0,0
rx,14,14,1,1,1787954291859264299,1787954291858741021,5868944072371,0,0,0,0
tx,14,14,1,1,1787954291859268836,1787954291858741021,5868944077112,5868944103038,72,0,0
rx,15,15,1,1,1787954291860404781,1787954291859819836,5868945212853,0,0,0,0
tx,15,15,1,1,1787954291860408262,1787954291859819836,5868945216557,5868945230038,72,0,0
rx,16,16,1,1,1787954291861506836,1787954291860980836,5868946314909,0,0,0,0
tx,16,16,1,1,1787954291861510206,1787954291860980836,5868946318390,5868946330038,72,0,0
rx,17,17,1,1,1787954291862627318,1787954291862097651,5868947435390,0,0,0,0
tx,17,17,1,1,1787954291862630910,1787954291862097651,5868947439094,5868947451057,72,0,0
rx,18,18,1,1,1787954291863738706,1787954291863238003,5868948546779,0,0,0,0
tx,18,18,1,1,1787954291863759762,1787954291863238003,5868948567946,5868948581723,72,0,0
rx,19,19,1,1,1787954291864863743,1787954291864348466,5868949671816,0,0,0,0
tx,19,19,1,1,1787954291864867151,1787954291864348466,5868949675334,5868949686983,72,0,0
rx,20,20,1,1,1787954291865960873,1787954291865461095,5868950768927,0,0,0,0
tx,20,20,1,1,1787954291865964151,1787954291865461095,5868950772353,5868950783649,72,0,0
rx,21,21,1,1,1787954291961932892,1787954291961137799,5869046740964,0,0,0,0
tx,21,21,1,1,1787954291961937392,1787954291961137799,5869046745649,5869046766242,72,0,0
rx,22,22,1,1,1787954291963061910,1787954291962271003,5869047869983,0,0,0,0
tx,22,22,1,1,1787954291963065225,1787954291962271003,5869047873408,5869047885834,72,0,0
rx,23,23,1,1,1787954291964160280,1787954291963465503,5869048968353,0,0,0,0
tx,23,23,1,1,1787954291964163595,1787954291963465503,5869048971779,5869048983353,72,0,0
rx,24,24,1,1,1787954291965260447,1787954291964588540,5869050068520,0,0,0,0
tx,24,24,1,1,1787954291965263984,1787954291964588540,5869050072168,5869050085408,72,0,0
rx,25,25,1,1,1787954291966361873,1787954291965704132,5869051169945,0,0,0,0
tx,25,25,1,1,1787954291966365280,1787954291965704132,5869051173483,5869051184927,72,0,0
rx,26,26,1,1,1787954291967458429,1787954291966823540,5869052266483,0,0,0,0
tx,26,26,1,1,1787954291967461743,1787954291966823540,5869052269927,5869052281353,72,0,0
rx,27,27,1,1,1787954291968555817,1787954291967946373,5869053363890,0,0,0,0
tx,27,27,1,1,1787954291968561540,1787954291967946373,5869053369723,5869053381353,72,0,0
rx,28,28,1,1,1787954292064566151,1787954292063517651,5869149374223,0,0,0,0
tx,28,28,1,1,1787954292064570336,1787954292063517651,5869149378575,5869149399334,72,0,0
rx,29,29,1,1,1787954292065735354,1787954292064631669,5869150543427,0,0,0,0
tx,29,29,1,1,1787954292065741077,1787954292064631669,5869150549316,5869150562723,72,0,0
rx,30,30,1,1,1787954292066846317,1787954292065789521,5869151654371,0,0,0,0
tx,30,30,1,1,1787954292066850206,1787954292065789521,5869151658390,5869151670075,72,0,0
rx,31,31,1,1,1787954292067948095,1787954292066889373,5869152756168,0,0,0,0
tx,31,31,1,1,1787954292067951466,1787954292066889373,5869152759649,5869152771501,72,0,0
rx,32,32,1,1,1787954292069047206,1787954292067992077,5869153855242,0,0,0,0
tx,32,32,1,1,1787954292069050447,1787954292067992077,5869153858649,5869153869834,72,0,0
rx,33,33,1,1,1787954292070165280,1787954292069114429,5869154973353,0,0,0,0
tx,33,33,1,1,1787954292070168632,1787954292069114429,5869154976816,5869154988464,72,0,0
rx,34,34,1,1,1787954292071280429,1787954292070232095,5869156088501,0,0,0,0
tx,34,34,1,1,1787954292071283947,1787954292070232095,5869156092149,5869156104982,72,0,0
rx,35,35,1,1,1787954292166137206,1787954292165926262,5869250945168,0,0,0,0
tx,35,35,1,1,1787954292166141910,1787954292165926262,5869250950149,5869250969297,72,0,0
rx,36,36,1,1,1787954292167266521,1787954292167034984,5869252074594,0,0,0,0
tx,36,36,1,1,1787954292167270040,1787954292167034984,5869252078223,5869252091816,72,0,0
rx,37,37,1,1,1787954292168370540,1787954292168176299,5869253178612,0,0,0,0
tx,37,37,1,1,1787954292168374003,1787954292168176299,5869253182186,5869253194168,72,0,0
rx,38,38,1,1,1787954292169468632,1787954292169297540,5869254276705,0,0,0,0
tx,38,38,1,1,1787954292169472003,1787954292169297540,5869254280186,5869254291890,72,0,0
rx,39,39,1,1,1787954292170567003,1787954292170414428,5869255375075,0,0,0,0
tx,39,39,1,1,1787954292170572595,1787954292170414428,5869255380779,5869255392927,72,0,0
rx,40,40,1,1,1787954292171666354,1787954292171533354,5869256474427,0,0,0,0
tx,40,40,1,1,1787954292171669725,1787954292171533354,5869256477927,5869256489001,72,0,0
rx,41,41,1,1,1787954292172765391,1787954292172653095,5869257573464,0,0,0,0
tx,41,41,1,1,1787954292172768966,1787954292172653095,5869257577168,5869257589464,72,0,0
rx,42,42,1,1,1787954292268809521,1787954292268317003,5869353617575,0,0,0,0
tx,42,42,1,1,1787954292268814391,1787954292268317003,5869353622631,5869353644631,72,0,0
rx,43,43,1,1,1787954292269940928,1787954292269421077,5869354749001,0,0,0,0
tx,43,43,1,1,1787954292269944632,1787954292269421077,5869354752816,5869354764390,72,0,0
rx,44,44,1,1,1787954292271037540,1787954292270534854,5869355845593,0,0,0,0
tx,44,44,1,1,1787954292271040854,1787954292270534854,5869355849038,5869355860001,72,0,0
rx,45,45,1,1,1787954292272131206,1787954292271659503,5869356939279,0,0,0,0
tx,45,45,1,1,1787954292272134503,1787954292271659503,5869356942686,5869356954131,72,0,0
rx,46,46,1,1,1787954292273230577,1787954292272775799,5869358038649,0,0,0,0
tx,46,46,1,1,1787954292273234132,1787954292272775799,5869358042316,5869358054186,72,0,0
rx,47,47,1,1,1787954292274360243,1787954292273917280,5869359168297,0,0,0,0
tx,47,47,1,1,1787954292274366021,1787954292273917280,5869359174223,5869359187649,72,0,0
rx,48,48,1,1,1787954292371294058,1787954292370725336,5869456102130,0,0,0,0
tx,48,48,1,1,1787954292371300651,1787954292370725336,5869456108853,5869456130742,72,0,0
rx,49,49,1,1,1787954292372427688,1787954292371851039,5869457235760,0,0,0,0
tx,49,49,1,1,1787954292372431539,1787954292371851039,5869457239723,5869457254186,72,0,0
rx,50,50,1,1,1787954292373531688,1787954292372963410,5869458339760,0,0,0,0
tx,50,50,1,1,1787954292373534947,1787954292372963410,5869458343130,5869458354093,72,0,0
rx,51,51,1,1,1787954292374646262,1787954292374082114,5869459454316,0,0,0,0
tx,51,51,1,1,1787954292374649688,1787954292374082114,5869459457871,5869459468853,72,0,0
rx,52,52,1,1,1787954292375740965,1787954292375209447,5869460549038,0,0,0,0
tx,52,52,1,1,1787954292375744354,1787954292375209447,5869460552538,5869460563982,72,0,0
rx,53,53,1,1,1787954292376837039,1787954292376324243,5869461645112,0,0,0,0
tx,53,53,1,1,1787954292376840280,1787954292376324243,5869461648464,5869461659501,72,0,0
rx,54,54,1,1,1787954292377938688,1787954292377440410,5869462746760,0,0,0,0
tx,54,54,1,1,1787954292377942206,1787954292377440410,5869462750390,5869462762408,72,0,0
rx,55,55,1,1,1787954292473815299,1787954292473180891,5869558623353,0,0,0,0
tx,55,55,1,1,1787954292473819188,1787954292473180891,5869558627427,5869558648445,72,0,0
rx,56,56,1,1,1787954292474944280,1787954292474333984,5869559752353,0,0,0,0
tx,56,56,1,1,1787954292474948132,1787954292474333984,5869559756390,5869559768779,72,0,0
rx,57,57,1,1,1787954292476054151,1787954292475473613,5869560862223,0,0,0,0
tx,57,57,1,1,1787954292476061132,1787954292475473613,5869560869316,5869560886464,72,0,0
rx,58,58,1,1,1787954292477176206,1787954292476605836,5869561984279,0,0,0,0
tx,58,58,1,1,1787954292477180095,1787954292476605836,5869561988279,5869562002019,72,0,0
rx,59,59,1,1,1787954292478279336,1787954292477702410,5869563087408,0,0,0,0
tx,59,59,1,1,1787954292478282669,1787954292477702410,5869563090853,5869563101853,72,0,0
rx,60,60,1,1,1787954292479374021,1787954292478818836,5869564182093,0,0,0,0
tx,60,60,1,1,1787954292479377391,1787954292478818836,5869564185575,5869564197871,72,0,0
rx,61,61,1,1,1787954292480470595,1787954292479934910,5869565278667,0,0,0,0
tx,61,61,1,1,1787954292480473891,1787954292479934910,5869565282075,5869565293112,72,0,0
rx,62,62,1,1,1787954292576378113,1787954292575573780,5869661186186,0,0,0,0
tx,62,62,1,1,1787954292576382317,1787954292575573780,5869661190556,5869661213260,72,0,0
rx,63,63,1,1,1787954292577506410,1787954292576710965,5869662314464,0,0,0,0
tx,63,63,1,1,1787954292577509762,1787954292576710965,5869662317945,5869662329871,72,0,0
rx,64,64,1,1,1787954292578602632,1787954292577826854,5869663410704,0,0,0,0
tx,64,64,1,1,1787954292578605947,1787954292577826854,5869663414130,5869663425390,72,0,0
rx,65,65,1,1,1787954292579710558,1787954292579154595,5869664518630,0,0,0,0
tx,65,65,1,1,1787954292579714280,1787954292579154595,5869664522519,5869664535853,72,0,0
rx,66,66,1,1,1787954292580817799,1787954292580263576,5869665625871,0,0,0,0
tx,66,66,1,1,1787954292580823373,1787954292580263576,5869665631556,5869665644112,72,0,0
rx,67,67,1,1,1787954292581920521,1787954292581384002,5869666728575,0,0,0,0
tx,67,67,1,1,1787954292581923891,1787954292581384002,5869666732075,5869666742982,72,0,0
rx,68,68,1,1,1787954292583014576,1787954292582503447,5869667822649,0,0,0,0
tx,68,68,1,1,1787954292583017947,1787954292582503447,5869667826149,5869667837001,72,0,0
rx,69,69,1,1,1787954292678888502,1787954292677952095,5869763696556,0,0,0,0
tx,69,69,1,1,1787954292678892373,1787954292677952095,5869763700630,5869763720501,72,0,0
rx,70,70,1,1,1787954292680014299,1787954292679084002,5869764822371,0,0,0,0
tx,70,70,1,1,1787954292680017669,1787954292679084002,5869764825852,5869764837890,72,0,0
rx,71,71,1,1,1787954292681111762,1787954292680253706,5869765919815,0,0,0,0
tx,71,71,1,1,1787954292681115039,1787954292680253706,5869765923223,5869765934427,72,0,0
rx,72,72,1,1,1787954292682206243,1787954292681415076,5869767014315,0,0,0,0
tx,72,72,1,1,1787954292682209521,1787954292681415076,5869767017704,5869767028741,72,0,0
rx,73,73,1,1,1787954292683299817,1787954292682550373,5869768107890,0,0,0,0
tx,73,73,1,1,1787954292683303039,1787954292682550373,5869768111223,5869768122241,72,0,0
rx,74,74,1,1,1787954292684397650,1787954292683690206,5869769205723,0,0,0,0
tx,74,74,1,1,1787954292684401113,1787954292683690206,5869769209297,5869769221519,72,0,0
rx,75,75,1,1,1787954292685505743,1787954292684826724,5869770313815,0,0,0,0
tx,75,75,1,1,1787954292685511076,1787954292684826724,5869770319260,5869770331908,72,0,0
rx,76,76,1,1,1787954292781426798,1787954292780413706,5869866234871,0,0,0,0
tx,76,76,1,1,1787954292781433391,1787954292780413706,5869866241575,5869866261556,72,0,0
rx,77,77,1,1,1787954292782555947,1787954292781538891,5869867364019,0,0,0,0
tx,77,77,1,1,1787954292782559428,1787954292781538891,5869867367612,5869867379056,72,0,0
rx,78,78,1,1,1787954292783652317,1787954292782707947,5869868460389,0,0,0,0
tx,78,78,1,1,1787954292783655836,1787954292782707947,5869868464019,5869868475204,72,0,0
rx,79,79,1,1,1787954292784748706,1787954292783845465,5869869556778,0,0,0,0
tx,79,79,1,1,1787954292784752002,1787954292783845465,5869869560186,5869869571556,72,0,0
rx,80,80,1,1,1787954292785843021,1787954292784977447,5869870651093,0,0,0,0
tx,80,80,1,1,1787954292785846298,1787954292784977447,5869870654482,5869870665519,72,0,0
rx,81,81,1,1,1787954292786936021,1787954292786112576,5869871744075,0,0,0,0
tx,81,81,1,1,1787954292786939373,1787954292786112576,5869871747556,5869871758149,72,0,0
rx,82,82,1,1,1787954292788029150,1787954292787254317,5869872837223,0,0,0,0
tx,82,82,1,1,1787954292788032465,1787954292787254317,5869872840649,5869872851445,72,0,0
rx,83,83,1,1,1787954292986410761,1787954292985500909,5870071218834,0,0,0,0
tx,83,83,1,1,1787954292986415409,1787954292985500909,5870071223593,5870071245019,72,0,0
rx,84,84,1,1,1787954292987542558,1787954292986875243,5870072350612,0,0,0,0
tx,84,84,1,1,1787954292987545965,1787954292986875243,5870072354149,5870072366797,72,0,0
rx,85,85,1,1,1787954292988641002,1787954292988146409,5870073449056,0,0,0,0
tx,85,85,1,1,1787954292988644317,1787954292988146409,5870073452519,5870073463649,72,0,0
rx,86,86,1,1,1787954292989761854,1787954292989414261,5870074569926,0,0,0,0
tx,86,86,1,1,1787954292989765335,1787954292989414261,5870074573519,5870074585371,72,0,0
rx,87,87,1,1,1787954292990863113,1787954292990713909,5870075671186,0,0,0,0
tx,87,87,1,1,1787954292990868595,1787954292990713909,5870075676778,5870075689667,72,0,0
rx,88,88,1,1,1787954292993030058,1787954292991963872,5870077838130,0,0,0,0
tx,88,88,1,1,1787954292993033354,1787954292991963872,5870077841537,5870077853593,72,0,0
rx,91,91,1,1,1787954292996253650,1787954292995779928,5870081061723,0,0,0,0
tx,91,91,1,1,1787954292996256928,1787954292995779928,5870081065112,5870081076686,72,0,0
rx,92,92,1,1,1787954292997349558,1787954292997048428,5870082157630,0,0,0,0
tx,92,92,1,1,1787954292997352854,1787954292997048428,5870082161056,5870082171760,72,0,0
rx,93,93,1,1,1787954292998444428,1787954292998328743,5870083252500,0,0,0,0
tx,93,93,1,1,1787954292998447854,1787954292998328743,5870083256019,5870083267630,72,0,0
rx,95,95,1,1,1787954293001674280,1787954293001332576,5870086482334,0,0,0,0
tx,95,95,1,1,1787954293001677891,1787954293001332576,5870086486093,5870086498223,72,0,0
rx,96,96,1,1,1787954293087991317,1787954293087721946,5870172799389,0,0,0,0
tx,96,96,1,1,1787954293087997983,1787954293087721946,5870172806167,5870172826686,72,0,0
rx,97,97,1,1,1787954293089122206,1787954293089068650,5870173930278,0,0,0,0
tx,97,97,1,1,1787954293089125502,1787954293089068650,5870173933686,5870173945371,72,0,0
rx,98,98,1,1,1787954293091282058,1787954293090693669,5870176090130,0,0,0,0
tx,98,98,1,1,1787954293091285372,1787954293090693669,5870176093556,5870176105000,72,0,0
rx,99,99,1,1,1787954293092377872,1787954293091965354,5870177185945,0,0,0,0
tx,99,99,1,1,1787954293092381076,1787954293091965354,5870177189278,5870177200186,72,0,0
rx,100,100,1,1,1787954293093489576,1787954293093236983,5870178297630,0,0,0,0
tx,100,100,1,1,1787954293093492928,1787954293093236983,5870178301111,5870178312167,72,0,0
rx,101,101,1,1,1787954293094590298,1787954293094518280,5870179398371,0,0,0,0
tx,101,101,1,1,1787954293094593891,1787954293094518280,5870179402074,5870179414130,72,0,0
rx,102,102,1,1,1787954293096758687,1787954293095793076,5870181566760,0,0,0,0
tx,102,102,1,1,1787954293096762132,1787954293095793076,5870181570315,5870181582630,72,0,0
rx,103,103,1,1,1787954293191581428,1787954293190557835,5870276389500,0,0,0,0
tx,103,103,1,1,1787954293191586261,1787954293190557835,5870276394445,5870276414556,72,0,0
rx,104,104,1,1,1787954293192710298,1787954293191907650,5870277518371,0,0,0,0
tx,104,104,1,1,1787954293192715520,1787954293191907650,5870277523704,5870277536815,72,0,0
rx,105,105,1,1,1787954293193815039,1787954293193167928,5870278623111,0,0,0,0
tx,105,105,1,1,1787954293193818446,1787954293193167928,5870278626630,5870278637852,72,0,0
rx,107,107,1,1,1787954293195992854,1787954293195708428,5870280800908,0,0,0,0
tx,107,107,1,1,1787954293195996169,1787954293195708428,5870280804352,5870280816056,72,0,0
rx,109,109,1,1,1787954293199222761,1787954293198249002,5870284030834,0,0,0,0
tx,109,109,1,1,1787954293199226298,1787954293198249002,5870284034500,5870284046408,72,0,0
rx,110,110,1,1,1787954293292937057,1787954293292611965,5870377745111,0,0,0,0
tx,110,110,1,1,1787954293292941557,1787954293292611965,5870377749778,5870377769871,72,0,0
rx,111,111,1,1,1787954293295121613,1787954293294065465,5870379929667,0,0,0,0
tx,111,111,1,1,1787954293295124854,1787954293294065465,5870379933037,5870379944334,72,0,0
rx,112,112,1,1,1787954293296219743,1787954293295337706,5870381027815,0,0,0,0
tx,112,112,1,1,1787954293296223169,1787954293295337706,5870381031352,5870381043611,72,0,0
rx,113,113,1,1,1787954293297322983,1787954293296632132,5870382131056,0,0,0,0
tx,113,113,1,1,1787954293297328706,1787954293296632132,5870382136889,5870382149815,72,0,0
rx,114,114,1,1,1787954293298426298,1787954293297887261,5870383234371,0,0,0,0
tx,114,114,1,1,1787954293298429669,1787954293297887261,5870383237852,5870383248963,72,0,0
rx,115,115,1,1,1787954293299520965,1787954293299423335,5870384329037,0,0,0,0
tx,115,115,1,1,1787954293299524280,1787954293299423335,5870384332463,5870384343778,72,0,0
rx,116,116,1,1,1787954293301679835,1787954293300693057,5870386487908,0,0,0,0
tx,116,116,1,1,1787954293301683094,1787954293300693057,5870386491278,5870386502426,72,0,0
rx,117,117,1,1,1787954293395392483,1787954293394749169,5870480200537,0,0,0,0
tx,117,117,1,1,1787954293395397243,1787954293394749169,5870480205482,5870480226278,72,0,0
rx,118,118,1,1,1787954293396520224,1787954293395854113,5870481328296,0,0,0,0
tx,118,118,1,1,1787954293396523557,1787954293395854113,5870481331815,5870481344130,72,0,0
rx,119,119,1,1,1787954293397617020,1787954293396965594,5870482425074,0,0,0,0
tx,119,119,1,1,1787954293397620335,1787954293396965594,5870482428537,5870482439945,72,0,0
rx,120,120,1,1,1787954293398711483,1787954293398089502,5870483519556,0,0,0,0
tx,120,120,1,1,1787954293398714743,1787954293398089502,5870483522926,5870483533630,72,0,0
rx,121,121,1,1,1787954293399804835,1787954293399213891,5870484612889,0,0,0,0
tx,121,121,1,1,1787954293399808094,1787954293399213891,5870484616278,5870484627611,72,0,0
rx,122,122,1,1,1787954293400906465,1787954293400333261,5870485714537,0,0,0,0
tx,122,122,1,1,1787954293400910446,1787954293400333261,5870485718630,5870485730463,72,0,0
rx,123,123,1,1,1787954293497896039,1787954293497168483,5870582704111,0,0,0,0
tx,123,123,1,1,1787954293497902520,1787954293497168483,5870582710704,5870582730278,72,0,0
rx,124,124,1,1,1787954293499023391,1787954293498272687,5870583831463,0,0,0,0
tx,124,124,1,1,1787954293499027002,1787954293498272687,5870583835185,5870583846685,72,0,0
rx,125,125,1,1,1787954293500138094,1787954293499395205,5870584946148,0,0,0,0
tx,125,125,1,1,1787954293500141428,1787954293499395205,5870584949611,5870584960908,72,0,0
rx,126,126,1,1,1787954293501232983,1787954293500506205,5870586041056,0,0,0,0
tx,126,126,1,1,1787954293501236280,1787954293500506205,5870586044463,5870586055426,72,0,0
rx,127,127,1,1,1787954293502326131,1787954293501620520,5870587134204,0,0,0,0
tx,127,127,1,1,1787954293502329354,1787954293501620520,5870587137537,5870587148389,72,0,0
rx,128,128,1,1,1787954293503419983,1787954293502740002,5870588228056,0,0,0,0
tx,128,128,1,1,1787954293503423243,1787954293502740002,5870588231445,5870588242315,72,0,0
rx,129,129,1,1,1787954293504513909,1787954293503861909,5870589321982,0,0,0,0
tx,129,129,1,1,1787954293504517113,1787954293503861909,5870589325296,5870589336148,72,0,0
rx,130,130,1,1,1787954293600382502,1787954293599541020,5870685190574,0,0,0,0
tx,130,130,1,1,1787954293600386798,1787954293599541020,5870685195037,5870685215889,72,0,0
rx,131,131,1,1,1787954293601510502,1787954293600647835,5870686318574,0,0,0,0
tx,131,131,1,1,1787954293601514020,1787954293600647835,5870686322204,5870686334722,72,0,0
rx,132,132,1,1,1787954293602633779,1787954293601778965,5870687441852,0,0,0,0
tx,132,132,1,1,1787954293602639168,1787954293601778965,5870687447352,5870687459482,72,0,0
rx,133,133,1,1,1787954293603736279,1787954293602892854,5870688544352,0,0,0,0
tx,133,133,1,1,1787954293603739724,1787954293602892854,5870688547907,5870688560000,72,0,0
rx,134,134,1,1,1787954293604854872,1787954293604008465,5870689662945,0,0,0,0
tx,134,134,1,1,1787954293604858335,1787954293604008465,5870689666537,5870689677945,72,0,0
rx,135,135,1,1,1787954293605950354,1787954293605125317,5870690758426,0,0,0,0
tx,135,135,1,1,1787954293605953687,1787954293605125317,5870690761870,5870690772982,72,0,0
rx,136,136,1,1,1787954293607043557,1787954293606244650,5870691851630,0,0,0,0
tx,136,136,1,1,1787954293607046835,1787954293606244650,5870691855019,5870691865852,72,0,0
rx,137,137,1,1,1787954293702891039,1787954293701958891,5870787699111,0,0,0,0
tx,137,137,1,1,1787954293702895409,1787954293701958891,5870787703648,5870787723111,72,0,0
rx,138,138,1,1,1787954293704016076,1787954293703064872,5870788824148,0,0,0,0
tx,138,138,1,1,1787954293704019613,1787954293703064872,5870788827796,5870788839556,72,0,0
rx,139,139,1,1,1787954293705113465,1787954293704193779,5870789921537,0,0,0,0
tx,139,139,1,1,1787954293705116724,1787954293704193779,5870789924907,5870789936778,72,0,0
rx,140,140,1,1,1787954293706213094,1787954293705306150,5870791021167,0,0,0,0
tx,140,140,1,1,1787954293706216594,1787954293705306150,5870791024778,5870791037074,72,0,0
rx,141,141,1,1,1787954293707322483,1787954293706441372,5870792130556,0,0,0,0
tx,141,141,1,1,1787954293707328576,1787954293706441372,5870792136759,5870792149981,72,0,0
rx,142,142,1,1,1787954293708444520,1787954293707576650,5870793252593,0,0,0,0
tx,142,142,1,1,1787954293708447965,1787954293707576650,5870793256148,5870793267870,72,0,0
rx,143,143,1,1,1787954293709540446,1787954293708668224,5870794348519,0,0,0,0
tx,143,143,1,1,1787954293709543742,1787954293708668224,5870794351926,5870794362611,72,0,0
rx,144,144,1,1,1787954293805414020,1787954293804367076,5870890222074,0,0,0,0
tx,144,144,1,1,1787954293805418502,1787954293804367076,5870890226741,5870890248074,72,0,0
rx,145,145,1,1,1787954293806541335,1787954293805497465,5870891349389,0,0,0,0
tx,145,145,1,1,1787954293806544761,1787954293805497465,5870891352944,5870891364111,72,0,0
rx,146,146,1,1,1787954293807636594,1787954293806639983,5870892444667,0,0,0,0
tx,146,146,1,1,1787954293807640076,1787954293806639983,5870892448259,5870892459870,72,0,0
rx,147,147,1,1,1787954293808732020,1787954293807761372,5870893540093,0,0,0,0
tx,147,147,1,1,1787954293808735298,1787954293807761372,5870893543481,5870893554278,72,0,0
rx,148,148,1,1,1787954293809826409,1787954293808878890,5870894634481,0,0,0,0
tx,148,148,1,1,1787954293809829687,1787954293808878890,5870894637889,5870894648741,72,0,0
rx,149,149,1,1,1787954293810925928,1787954293810003242,5870895734000,0,0,0,0
tx,149,149,1,1,1787954293810929409,1787954293810003242,5870895737593,5870895749704,72,0,0
rx,150,150,1,1,1787954293812028465,1787954293811120742,5870896836518,0,0,0,0
tx,150,150,1,1,1787954293812033835,1787954293811120742,5870896842018,5870896854981,72,0,0
rx,151,151,1,1,1787954293908000613,1787954293906967631,5870992808685,0,0,0,0
tx,151,151,1,1,1787954293908005316,1787954293906967631,5870992813574,5870992835037,72,0,0
rx,152,152,1,1,1787954293909143464,1787954293908312557,5870993951537,0,0,0,0
tx,152,152,1,1,1787954293909149168,1787954293908312557,5870993957407,5870993971130,72,0,0
rx,153,153,1,1,1787954293910252113,1787954293909674779,5870995060167,0,0,0,0
tx,153,153,1,1,1787954293910255557,1787954293909674779,5870995063741,5870995075370,72,0,0
rx,154,154,1,1,1787954293911348853,1787954293911233483,5870996156926,0,0,0,0
tx,154,154,1,1,1787954293911352409,1787954293911233483,5870996160592,5870996172463,72,0,0
rx,155,155,1,1,1787954293913509372,1787954293912503909,5870998317444,0,0,0,0
tx,155,155,1,1,1787954293913512742,1787954293912503909,5870998320926,5870998331741,72,0,0
rx,156,156,1,1,1787954293914606187,1787954293913778964,5870999414259,0,0,0,0
tx,156,156,1,1,1787954293914609872,1787954293913778964,5870999418055,5870999430685,72,0,0
rx,157,157,1,1,1787954293915708539,1787954293915049076,5871000516592,0,0,0,0
tx,157,157,1,1,1787954293915712076,1787954293915049076,5871000520259,5871000532667,72,0,0
rx,158,158,1,1,1787954294009449816,1787954294009400261,5871094257870,0,0,0,0
tx,158,158,1,1,1787954294009454483,1787954294009400261,5871094262778,5871094283648,72,0,0
rx,159,159,1,1,1787954294011643205,1787954294010734779,5871096451278,0,0,0,0
tx,159,159,1,1,1787954294011646576,1787954294010734779,5871096454759,5871096467222,72,0,0
rx,160,160,1,1,1787954294012763853,1787954294012043409,5871097571926,0,0,0,0
tx,160,160,1,1,1787954294012767298,1787954294012043409,5871097575481,5871097588055,72,0,0
rx,161,161,1,0,1787954294014943576,1787954294014079650,5871099751648,0,0,0,0
rx,162,162,1,1,1787954294014947187,1787954294014932613,5871099755259,0,0,0,0
tx,162,162,1,1,1787954294014950631,1787954294014932613,5871099758889,5871099779685,72,0,0
rx,163,163,1,1,1787954294017131057,1787954294016204020,5871101939111,0,0,0,0
tx,163,163,1,1,1787954294017134353,1787954294016204020,5871101942537,5871101954129,72,0,0
rx,164,164,1,1,1787954294111937631,1787954294111702316,5871196745703,0,0,0,0
tx,164,164,1,1,1787954294111942242,1787954294111702316,5871196750481,5871196771500,72,0,0
rx,165,165,1,1,1787954294113067187,1787954294112958853,5871197875259,0,0,0,0
tx,165,165,1,1,1787954294113070575,1787954294112958853,5871197878759,5871197889796,72,0,0
rx,166,166,1,1,1787954294115218001,1787954294114226224,5871200026074,0,0,0,0
tx,166,166,1,1,1787954294115242261,1787954294114226224,5871200050444,5871200064926,72,0,0
rx,168,168,1,1,1787954294117409946,1787954294117069946,5871202218000,0,0,0,0
tx,168,168,1,1,1787954294117413446,1787954294117069946,5871202221629,5871202233611,72,0,0
rx,169,169,1,1,1787954294119588798,1787954294118883779,5871204396870,0,0,0,0
tx,169,169,1,1,1787954294119593131,1787954294118883779,5871204401315,5871204419685,72,0,0
rx,170,170,1,1,1787954294120704983,1787954294119953075,5871205513037,0,0,0,0
tx,170,170,1,1,1787954294120708261,1787954294119953075,5871205516463,5871205527741,72,0,0
rx,171,171,1,1,1787954294214653872,1787954294214122501,5871299461944,0,0,0,0
tx,171,171,1,1,1787954294214660964,1787954294214122501,5871299469148,5871299490870,72,0,0
rx,172,172,1,1,1787954294215791335,1787954294215408224,5871300599407,0,0,0,0
tx,172,172,1,1,1787954294215795649,1787954294215408224,5871300603907,5871300620370,72,0,0
rx,173,173,1,1,1787954294216904761,1787954294216647187,5871301712833,0,0,0,0
tx,173,173,1,1,1787954294216908149,1787954294216647187,5871301716333,5871301727740,72,0,0
rx,174,174,1,1,1787954294219062853,1787954294218234853,5871303870907,0,0,0,0
tx,174,174,1,1,1787954294219066168,1787954294218234853,5871303874352,5871303885370,72,0,0
rx,175,175,1,1,1787954294220156853,1787954294219501520,5871304964926,0,0,0,0
tx,175,175,1,1,1787954294220160224,1787954294219501520,5871304968407,5871304979703,72,0,0
rx,176,176,1,1,1787954294221255020,1787954294220776168,5871306063092,0,0,0,0
tx,176,176,1,1,1787954294221258298,1787954294220776168,5871306066481,5871306077296,72,0,0
rx,177,177,1,1,1787954294222350668,1787954294222055483,5871307158740,0,0,0,0
tx,177,177,1,1,1787954294222354446,1787954294222055483,5871307162648,5871307177889,72,0,0
rx,178,178,1,1,1787954294317128612,1787954294316445372,5871401936685,0,0,0,0
tx,178,178,1,1,1787954294317133316,1787954294316445372,5871401941814,5871401965203,72,0,0
rx,179,179,1,1,1787954294318282316,1787954294317538057,5871403090389,0,0,0,0
tx,179,179,1,1,1787954294318286131,1787954294317538057,5871403094314,5871403107314,72,0,0
rx,180,180,1,1,1787954294319387038,1787954294318658742,5871404195111,0,0,0,0
tx,180,180,1,1,1787954294319393335,1787954294318658742,5871404201518,5871404214240,72,0,0
rx,181,181,1,1,1787954294320494001,1787954294319781149,5871405302074,0,0,0,0
tx,181,181,1,1,1787954294320497501,1787954294319781149,5871405305685,5871405316926,72,0,0
rx,182,182,1,1,1787954294321589205,1787954294320899890,5871406397259,0,0,0,0
tx,182,182,1,1,1787954294321592501,1787954294320899890,5871406400685,5871406411777,72,0,0
rx,183,183,1,1,1787954294322683001,1787954294322018816,5871407491074,0,0,0,0
tx,183,183,1,1,1787954294322686279,1787954294322018816,5871407494463,5871407505426,72,0,0
rx,184,184,1,1,1787954294323777409,1787954294323141335,5871408585481,0,0,0,0
tx,184,184,1,1,1787954294323780761,1787954294323141335,5871408589018,5871408600352,72,0,0
rx,185,185,1,1,1787954294419671279,1787954294418775668,5871504479333,0,0,0,0
tx,185,185,1,1,1787954294419675983,1787954294418775668,5871504484203,5871504506703,72,0,0
rx,186,186,1,1,1787954294420801483,1787954294419890835,5871505609555,0,0,0,0
tx,186,186,1,1,1787954294420804798,1787954294419890835,5871505612981,5871505624148,72,0,0
rx,187,187,1,1,1787954294421896816,1787954294421006131,5871506704870,0,0,0,0
tx,187,187,1,1,1787954294421900149,1787954294421006131,5871506708333,5871506719074,72,0,0
rx,188,188,1,1,1787954294422992872,1787954294422122335,5871507800944,0,0,0,0
tx,188,188,1,1,1787954294422996594,1787954294422122335,5871507804777,5871507816463,72,0,0
rx,189,189,1,1,1787954294424094946,1787954294423264353,5871508903018,0,0,0,0
tx,189,189,1,1,1787954294424100557,1787954294423264353,5871508908740,5871508921500,72,0,0
rx,190,190,1,1,1787954294425200723,1787954294424367298,5871510008796,0,0,0,0
tx,190,190,1,1,1787954294425204149,1787954294424367298,5871510012333,5871510023851,72,0,0
rx,191,191,1,1,1787954294426295316,1787954294425483890,5871511103388,0,0,0,0
tx,191,191,1,1,1787954294426298686,1787954294425483890,5871511106870,5871511117685,72,0,0
rx,192,192,1,1,1787954294522130723,1787954294521412297,5871606938796,0,0,0,0
tx,192,192,1,1,1787954294522134983,1787954294521412297,5871606943203,5871606962685,72,0,0
rx,193,193,1,1,1787954294523220483,1787954294522622872,5871608028555,0,0,0,0
tx,193,193,1,1,1787954294523224001,1787954294522622872,5871608032185,5871608043944,72,0,0
rx,194,194,1,1,1787954294524317242,1787954294523814927,5871609125296,0,0,0,0
tx,194,194,1,1,1787954294524320538,1787954294523814927,5871609128777,5871609139870,72,0,0
rx,196,196,1,1,1787954294526473760,1787954294526199520,5871611281833,0,0,0,0
tx,196,196,1,1,1787954294526477057,1787954294526199520,5871611285240,5871611296481,72,0,0
rx,197,197,1,1,1787954294527591483,1787954294527407057,5871612399555,0,0,0,0
tx,197,197,1,1,1787954294527595001,1787954294527407057,5871612403185,5871612415259,72,0,0
rx,198,198,1,1,1787954294528695316,1787954294528628538,5871613503388,0,0,0,0
tx,198,198,1,1,1787954294528701001,1787954294528628538,5871613509185,5871613522037,72,0,0
rx,199,199,1,1,1787954294624739575,1787954294623922038,5871709547592,0,0,0,0
tx,199,199,1,1,1787954294624756390,1787954294623922038,5871709564648,5871709601148,72,0,0
rx,200,200,1,1,1787954294625945853,1787954294625044909,5871710753870,0,0,0,0
tx,200,200,1,1,1787954294625983723,1787954294625044909,5871710791981,5871710819333,72,0,0
rx,201,0,1,1,1787954294627137779,1787954294626173186,5871711945777,0,0,0,0
tx,201,0,1,1,1787954294627145112,1787954294626173186,5871711953351,5871711977407,72,0,0
rx,202,1,1,1,1787954294628335927,1787954294627291742,5871713143925,0,0,0,0
tx,202,1,1,1,1787954294628343057,1787954294627291742,5871713151296,5871713175870,72,0,0
rx,203,2,1,1,1787954294629484649,1787954294628398316,5871714292629,0,0,0,0
tx,203,2,1,1,1787954294629491742,1787954294628398316,5871714299999,5871714323740,72,0,0
rx,204,3,1,1,1787954294630628390,1787954294629508501,5871715436370,0,0,0,0
tx,204,3,1,1,1787954294630635594,1787954294629508501,5871715443851,5871715466981,72,0,0
rx,205,4,1,1,1787954294727113223,1787954294726107371,5871811921203,0,0,0,0
tx,205,4,1,1,1787954294727121964,1787954294726107371,5871811930222,5871811964981,72,0,0
rx,206,5,1,1,1787954294728344612,1787954294727263464,5871813152629,0,0,0,0
tx,206,5,1,1,1787954294728352020,1787954294727263464,5871813160277,5871813185111,72,0,0
rx,207,6,1,1,1787954294729498760,1787954294728406260,5871814306777,0,0,0,0
tx,207,6,1,1,1787954294729506038,1787954294728406260,5871814314296,5871814340444,72,0,0
rx,208,7,1,0,1787954294730661316,1787954294729527408,5871815469333,0,0,0,0
rx,209,8,1,1,1787954294730667390,1787954294730652816,5871815475407,0,0,0,0
tx,209,8,1,1,1787954294730677797,1787954294730652816,5871815486055,5871815512388,72,0,0
rx,210,9,1,1,1787954294731827816,1787954294731771279,5871816635814,0,0,0,0
tx,210,9,1,1,1787954294731835242,1787954294731771279,5871816643499,5871816668833,72,0,0
rx,211,10,1,1,1787954294732979464,1787954294732878149,5871817787462,0,0,0,0
tx,211,10,1,1,1787954294732986612,1787954294732878149,5871817794851,5871817818407,72,0,0
rx,212,11,1,1,1787954294829576890,1787954294828577075,5871914384851,0,0,0,0
tx,212,11,1,1,1787954294829585482,1787954294828577075,5871914393925,5871914430092,72,0,0
rx,213,12,1,1,1787954294830764686,1787954294829678871,5871915572703,0,0,0,0
tx,213,12,1,1,1787954294830771723,1787954294829678871,5871915579981,5871915604703,72,0,0
rx,214,13,1,1,1787954294831912186,1787954294830827649,5871916720203,0,0,0,0
tx,214,13,1,1,1787954294831919223,1787954294830827649,5871916727481,5871916751259,72,0,0
rx,215,14,1,1,1787954294833094186,1787954294831944075,5871917902203,0,0,0,0
tx,215,14,1,1,1787954294833101279,1787954294831944075,5871917909536,5871917933018,72,0,0
rx,216,15,1,1,1787954294931608094,1787954294930943316,5872016416092,0,0,0,0
tx,216,15,1,1,1787954294931621038,1787954294930943316,5872016429277,5872016466870,72,0,0
rx,217,16,1,1,1787954294932810297,1787954294932022890,5872017618296,0,0,0,0
tx,217,16,1,1,1787954294932817556,1787954294932022890,5872017625814,5872017651240,72,0,0
rx,218,17,1,1,1787954294933959168,1787954294933112223,5872018767166,0,0,0,0
tx,218,17,1,1,1787954294933966390,1787954294933112223,5872018774629,5872018798351,72,0,0
rx,219,18,1,1,1787954294935104168,1787954294934226649,5872019912147,0,0,0,0
tx,219,18,1,1,1787954294935111131,1787954294934226649,5872019919370,5872019942962,72,0,0
rx,220,19,1,1,1787954294936249927,1787954294935370408,5872021057925,0,0,0,0
tx,220,19,1,1,1787954294936257260,1787954294935370408,5872021065518,5872021089333,72,0,0
rx,221,20,1,1,1787954294937397427,1787954294936479075,5872022205425,0,0,0,0
tx,221,20,1,1,1787954294937404594,1787954294936479075,5872022212851,5872022235981,72,0,0
rx,222,21,1,1,1787954294938547445,1787954294937591482,5872023355444,0,0,0,0
tx,222,21,1,1,1787954294938555205,1787954294937591482,5872023363444,5872023389481,72,0,0
rx,223,22,1,1,1787954294939719390,1787954294938742390,5872024527388,0,0,0,0
tx,223,22,1,1,1787954294939731019,1787954294938742390,5872024539277,5872024565462,72,0,0
rx,224,23,1,1,1787954294940882556,1787954294939838131,5872025690573,0,0,0,0
tx,224,23,1,1,1787954294940889723,1787954294939838131,5872025697981,5872025721925,72,0,0
rx,225,24,1,1,1787954294942027408,1787954294940944279,5872026835407,0,0,0,0
tx,225,24,1,1,1787954294942034427,1787954294940944279,5872026842684,5872026865573,72,0,0
rx,226,25,1,1,1787954295034241816,1787954295033278945,5872119049833,0,0,0,0
tx,226,25,1,1,1787954295034250538,1787954295033278945,5872119058777,5872119096536,72,0,0
rx,227,26,1,1,1787954295035440982,1787954295034419556,5872120248981,0,0,0,0
tx,227,26,1,1,1787954295035448705,1787954295034419556,5872120256962,5872120284444,72,0,0
rx,228,27,1,1,1787954295036607945,1787954295035538834,5872121415944,0,0,0,0
tx,228,27,1,1,1787954295036619075,1787954295035538834,5872121427314,5872121454351,72,0,0
rx,229,28,1,0,1787954295037771130,1787954295036634779,5872122579147,0,0,0,0
rx,230,29,1,1,1787954295037777297,1787954295037752093,5872122585314,0,0,0,0
tx,230,29,1,1,1787954295037784242,1787954295037752093,5872122592481,5872122616666,72,0,0
rx,231,30,1,1,1787954295038924371,1787954295038874445,5872123732351,0,0,0,0
tx,231,30,1,1,1787954295038931797,1787954295038874445,5872123740036,5872123763870,72,0,0
rx,232,31,1,1,1787954295040071593,1787954295039998130,5872124879555,0,0,0,0
tx,232,31,1,1,1787954295040078723,1787954295039998130,5872124886962,5872124911407,72,0,0
rx,233,32,1,1,1787954295136624186,1787954295135672464,5872221432166,0,0,0,0
tx,233,32,1,1,1787954295136662001,1787954295135672464,5872221470295,5872221510110,72,0,0
rx,234,33,1,1,1787954295137849779,1787954295136802112,5872222657777,0,0,0,0
tx,234,33,1,1,1787954295137857001,1787954295136802112,5872222665258,5872222689240,72,0,0
rx,235,34,1,1,1787954295138994908,1787954295137917167,5872223802851,0,0,0,0
tx,235,34,1,1,1787954295139001834,1787954295137917167,5872223810073,5872223833425,72,0,0
rx,236,35,1,1,1787954295140152686,1787954295139057390,5872224960684,0,0,0,0
tx,236,35,1,1,1787954295140160093,1787954295139057390,5872224968351,5872224995592,72,0,0
rx,237,36,1,0,1787954295141330297,1787954295140204316,5872226138295,0,0,0,0
rx,238,37,1,1,1787954295141335964,1787954295141283353,5872226143981,0,0,0,0
tx,238,37,1,1,1787954295141347001,1787954295141283353,5872226155258,5872226183407,72,0,0
rx,239,38,1,1,1787954295142501371,1787954295142397242,5872227309370,0,0,0,0
tx,239,38,1,1,1787954295142508519,1787954295142397242,5872227316777,5872227340684,72,0,0
rx,240,39,1,1,1787954295238174241,1787954295238081353,5872322982240,0,0,0,0
tx,240,39,1,1,1787954295238182779,1787954295238081353,5872322991018,5872323028499,72,0,0
rx,241,40,1,1,1787954295239369334,1787954295239179408,5872324177332,0,0,0,0
tx,241,40,1,1,1787954295239376408,1787954295239179408,5872324184647,5872324210499,72,0,0
rx,242,41,1,1,1787954295240520649,1787954295240346482,5872325328647,0,0,0,0
tx,242,41,1,1,1787954295240527816,1787954295240346482,5872325336184,5872325360147,72,0,0
rx,243,42,1,1,1787954295241665797,1787954295241461316,5872326473814,0,0,0,0
tx,243,42,1,1,1787954295241672964,1787954295241461316,5872326481221,5872326504369,72,0,0
rx,244,43,1,1,1787954295242808130,1787954295242574871,5872327616147,0,0,0,0
tx,244,43,1,1,1787954295242815112,1787954295242574871,5872327623351,5872327646499,72,0,0
rx,245,44,1,1,1787954295243964316,1787954295243698945,5872328772314,0,0,0,0
tx,245,44,1,1,1787954295243971593,1787954295243698945,5872328779869,5872328805925,72,0,0
rx,246,45,1,1,1787954295340652260,1787954295340495167,5872425460277,0,0,0,0
tx,246,45,1,1,1787954295340660556,1787954295340495167,5872425468832,5872425504110,72,0,0
rx,247,46,1,1,1787954295341901038,1787954295341606001,5872426709036,0,0,0,0
tx,247,46,1,1,1787954295341912038,1787954295341606001,5872426720277,5872426747555,72,0,0
rx,248,47,1,1,1787954295343061871,1787954295342717056,5872427869832,0,0,0,0
tx,248,47,1,1,1787954295343068797,1787954295342717056,5872427877092,5872427900758,72,0,0
rx,249,48,1,1,1787954295344206741,1787954295343834297,5872429014740,0,0,0,0
tx,249,48,1,1,1787954295344213871,1787954295343834297,5872429022462,5872429047147,72,0,0
rx,250,49,1,1,1787954295345353519,1787954295344949204,5872430161518,0,0,0,0
tx,250,49,1,1,1787954295345360427,1787954295344949204,5872430168684,5872430191962,72,0,0
rx,251,50,1,1,1787954295346495723,1787954295346074056,5872431303740,0,0,0,0
tx,251,50,1,1,1787954295346502704,1787954295346074056,5872431310962,5872431334110,72,0,0
rx,252,51,1,1,1787954295347665112,1787954295347218075,5872432473110,0,0,0,0
tx,252,51,1,1,1787954295347672130,1787954295347218075,5872432480388,5872432504147,72,0,0
rx,253,52,1,1,1787954295443286445,1787954295442889001,5872528094425,0,0,0,0
tx,253,52,1,1,1787954295443294667,1787954295442889001,5872528102943,5872528140814,72,0,0
rx,254,53,1,1,1787954295444478519,1787954295444031241,5872529286536,0,0,0,0
tx,254,53,1,1,1787954295444485630,1787954295444031241,5872529293888,5872529317832,72,0,0
rx,255,54,1,1,1787954295445629075,1787954295445156908,5872530437073,0,0,0,0
tx,255,54,1,1,1787954295445636649,1787954295445156908,5872530444906,5872530477666,72,0,0
rx,256,55,1,1,1787954295446805982,1787954295446318704,5872531613980,0,0,0,0
tx,256,55,1,1,1787954295446817149,1787954295446318704,5872531625406,5872531650943,72,0,0
rx,257,56,1,1,1787954295447965908,1787954295447415056,5872532773906,0,0,0,0
tx,257,56,1,1,1787954295447973241,1787954295447415056,5872532781480,5872532805443,72,0,0
rx,258,57,1,1,1787954295449112389,1787954295448509019,5872533920369,0,0,0,0
tx,258,57,1,1,1787954295449119371,1787954295448509019,5872533927629,5872533951017,72,0,0
rx,259,58,1,1,1787954295450254871,1787954295449613667,5872535062869,0,0,0,0
tx,259,58,1,1,1787954295450261871,1787954295449613667,5872535070110,5872535093203,72,0,0
rx,260,59,1,1,1787954295545721075,1787954295545337408,5872630529054,0,0,0,0
tx,260,59,1,1,1787954295545729112,1787954295545337408,5872630537499,5872630574147,72,0,0
rx,261,60,1,1,1787954295546909704,1787954295546436260,5872631717703,0,0,0,0
tx,261,60,1,1,1787954295546916630,1787954295546436260,5872631724869,5872631748462,72,0,0
rx,262,61,1,1,1787954295548055038,1787954295547566519,5872632863054,0,0,0,0
tx,262,61,1,1,1787954295548062112,1787954295547566519,5872632870369,5872632894573,72,0,0
rx,263,62,1,1,1787954295549201556,1787954295548683075,5872634009573,0,0,0,0
tx,263,62,1,1,1787954295549208649,1787954295548683075,5872634016906,5872634040017,72,0,0
rx,264,63,1,1,1787954295550355630,1787954295549856778,5872635163629,0,0,0,0
tx,264,63,1,1,1787954295550362945,1787954295549856778,5872635171184,5872635196684,72,0,0
rx,265,64,1,1,1787954295551513038,1787954295551129426,5872636321036,0,0,0,0
tx,265,64,1,1,1787954295551524075,1787954295551129426,5872636332314,5872636359369,72,0,0
rx,266,65,1,1,1787954295552704408,1787954295552260482,5872637512406,0,0,0,0
tx,266,65,1,1,1787954295552711575,1787954295552260482,5872637519814,5872637543832,72,0,0
rx,267,66,1,1,1787954295648082556,1787954295647771926,5872732890554,0,0,0,0
tx,267,66,1,1,1787954295648095204,1787954295647771926,5872732903443,5872732939240,72,0,0
rx,268,67,1,1,1787954295649275723,1787954295648802593,5872734083721,0,0,0,0
tx,268,67,1,1,1787954295649282945,1787954295648802593,5872734091203,5872734114962,72,0,0
rx,269,68,1,1,1787954295650445593,1787954295649952908,5872735253591,0,0,0,0
tx,269,68,1,1,1787954295650452871,1787954295649952908,5872735261128,5872735284499,72,0,0
rx,270,69,1,1,1787954295651588649,1787954295651082889,5872736396647,0,0,0,0
tx,270,69,1,1,1787954295651595889,1787954295651082889,5872736404147,5872736428462,72,0,0
rx,271,70,1,1,1787954295652736649,1787954295652193500,5872737544647,0,0,0,0
tx,271,70,1,1,1787954295652743649,1787954295652193500,5872737551906,5872737575221,72,0,0
rx,272,71,1,1,1787954295653879371,1787954295653312445,5872738687369,0,0,0,0
tx,272,71,1,1,1787954295653886389,1787954295653312445,5872738694647,5872738717610,72,0,0
rx,273,72,1,1,1787954295655029575,1787954295654435963,5872739837573,0,0,0,0
tx,273,72,1,1,1787954295655037167,1787954295654435963,5872739845425,5872739870925,72,0,0
rx,274,73,1,1,1787954295750384963,1787954295750131037,5872835192943,0,0,0,0
tx,274,73,1,1,1787954295750393297,1787954295750131037,5872835201536,5872835238443,72,0,0
rx,275,74,1,1,1787954295751581334,1787954295751305686,5872836389332,0,0,0,0
tx,275,74,1,1,1787954295751588649,1787954295751305686,5872836396943,5872836422647,72,0,0
rx,276,75,1,1,1787954295752765741,1787954295752402741,5872837573758,0,0,0,0
tx,276,75,1,1,1787954295752778815,1787954295752402741,5872837587073,5872837618610,72,0,0
rx,277,76,1,0,1787954295755028093,1787954295754268204,5872839836091,0,0,0,0
rx,278,77,1,1,1787954295755034130,1787954295754634297,5872839842147,0,0,0,0
tx,278,77,1,1,1787954295755041019,1787954295754634297,5872839849258,5872839878425,72,0,0
rx,279,78,1,1,1787954295756193463,1787954295755756278,5872841001480,0,0,0,0
tx,279,78,1,1,1787954295756200704,1787954295755756278,5872841008962,5872841033203,72,0,0
rx,280,79,1,1,1787954295757341593,1787954295756845186,5872842149610,0,0,0,0
tx,280,79,1,1,1787954295757348593,1787954295756845186,5872842156851,5872842179999,72,0,0
rx,281,80,1,1,1787954295852624926,1787954295852567130,5872937432906,0,0,0,0
tx,281,80,1,1,1787954295852633389,1787954295852567130,5872937441628,5872937477351,72,0,0
rx,282,81,1,1,1787954295853817500,1787954295853776852,5872938625517,0,0,0,0
tx,282,81,1,1,1787954295853824741,1787954295853776852,5872938632980,5872938657851,72,0,0
rx,283,82,1,1,1787954295856051186,1787954295855014852,5872940859202,0,0,0,0
tx,283,82,1,1,1787954295856058260,1787954295855014852,5872940866499,5872940890851,72,0,0
rx,284,83,1,1,1787954295857220371,1787954295856325852,5872942028388,0,0,0,0
tx,284,83,1,1,1787954295857233574,1787954295856325852,5872942041851,5872942074925,72,0,0
rx,285,84,1,0,1787954295859518982,1787954295859032111,5872944326999,0,0,0,0
rx,286,85,1,1,1787954295859526130,1787954295859383241,5872944334147,0,0,0,0
tx,286,85,1,1,1787954295859533704,1787954295859383241,5872944341943,5872944380573,72,0,0
rx,287,86,1,1,1787954295955492611,1787954295955295463,5873040300610,0,0,0,0
tx,287,86,1,1,1787954295955501815,1787954295955295463,5873040310091,5873040351776,72,0,0
rx,288,87,1,1,1787954295956727760,1787954295956377685,5873041535758,0,0,0,0
tx,288,87,1,1,1787954295956735111,1787954295956377685,5873041543388,5873041568721,72,0,0
rx,289,88,1,1,1787954295957878704,1787954295957540889,5873042686684,0,0,0,0
tx,289,88,1,1,1787954295957885815,1787954295957540889,5873042694073,5873042718091,72,0,0
rx,290,89,1,1,1787954295959026815,1787954295958725148,5873043834832,0,0,0,0
tx,290,89,1,1,1787954295959033834,1787954295958725148,5873043842073,5873043865869,72,0,0
rx,291,90,1,1,1787954295961257334,1787954295960203204,5873046065332,0,0,0,0
tx,291,90,1,1,1787954295961264352,1787954295960203204,5873046072610,5873046097184,72,0,0
rx,292,91,1,1,1787954295962409648,1787954295961375111,5873047217647,0,0,0,0
tx,292,91,1,1,1787954295962421093,1787954295961375111,5873047229332,5873047253702,72,0,0
rx,293,92,1,1,1787954295963583167,1787954295962518889,5873048391184,0,0,0,0
tx,293,92,1,1,1787954295963590889,1787954295962518889,5873048399147,5873048430054,72,0,0
rx,294,93,1,1,1787954296057777648,1787954296057381408,5873142585628,0,0,0,0
tx,294,93,1,1,1787954296057786167,1787954296057381408,5873142594443,5873142629925,72,0,0
rx,295,94,1,0,1787954296061151352,1787954296060266389,5873145959350,0,0,0,0
rx,296,95,1,0,1787954296061157241,1787954296060576722,5873145965239,0,0,0,0
rx,297,96,1,1,1787954296061162556,1787954296060872352,5873145970554,0,0,0,0
tx,297,96,1,1,1787954296061169222,1787954296060872352,5873145977480,5873146012147,72,0,0
rx,298,97,1,1,1787954296062340352,1787954296061786908,5873147148350,0,0,0,0
tx,298,97,1,1,1787954296062347741,1787954296061786908,5873147155999,5873147180332,72,0,0
rx,299,98,1,1,1787954296063505445,1787954296062917463,5873148313443,0,0,0,0
tx,299,98,1,1,1787954296063513519,1787954296062917463,5873148321776,5873148354665,72,0,0
rx,300,99,1,1,1787954296064702408,1787954296064052019,5873149510406,0,0,0,0
tx,300,99,1,1,1787954296064710167,1787954296064052019,5873149518443,5873149543406,72,0,0
rx,301,100,1,1,1787954296159973556,1787954296159714926,5873244781554,0,0,0,0
tx,301,100,1,1,1787954296159982463,1787954296159714926,5873244790721,5873244833239,72,0,0
rx,302,101,1,1,1787954296161173500,1787954296160798445,5873245981499,0,0,0,0
tx,302,101,1,1,1787954296161180759,1787954296160798445,5873245988999,5873246013369,72,0,0
rx,303,102,1,1,1787954296162324445,1787954296161956908,5873247132443,0,0,0,0
tx,303,102,1,1,1787954296162331593,1787954296161956908,5873247139832,5873247164258,72,0,0
rx,304,103,1,1,1787954296163481630,1787954296163030222,5873248289628,0,0,0,0
tx,304,103,1,1,1787954296163492704,1787954296163030222,5873248300943,5873248327387,72,0,0
rx,305,104,1,1,1787954296164658871,1787954296164174445,5873249466887,0,0,0,0
tx,305,104,1,1,1787954296164667500,1787954296164174445,5873249475758,5873249507313,72,0,0
rx,306,105,1,1,1787954296165831908,1787954296165283852,5873250639924,0,0,0,0
tx,306,105,1,1,1787954296165839259,1787954296165283852,5873250647517,5873250672221,72,0,0
rx,307,106,1,1,1787954296167005593,1787954296166438463,5873251813610,0,0,0,0
tx,307,106,1,1,1787954296167012667,1787954296166438463,5873251820924,5873251845647,72,0,0
rx,308,107,1,1,1787954296262290056,1787954296262164333,5873347098054,0,0,0,0
tx,308,107,1,1,1787954296262298111,1787954296262164333,5873347106387,5873347141461,72,0,0
rx,309,108,1,1,1787954296263474963,1787954296263279815,5873348282961,0,0,0,0
tx,309,108,1,1,1787954296263482259,1787954296263279815,5873348290517,5873348315536,72,0,0
rx,310,109,1,1,1787954296264643945,1787954296264396278,5873349451943,0,0,0,0
tx,310,109,1,1,1787954296264651778,1787954296264396278,5873349460036,5873349489073,72,0,0
rx,311,110,1,1,1787954296265807630,1787954296265497148,5873350615628,0,0,0,0
tx,311,110,1,1,1787954296265814722,1787954296265497148,5873350622980,5873350646961,72,0,0
rx,312,111,1,1,1787954296266956296,1787954296266654611,5873351764295,0,0,0,0
tx,312,111,1,1,1787954296266963370,1787954296266654611,5873351771628,5873351795554,72,0,0
rx,313,112,1,1,1787954296268106056,1787954296267763463,5873352914036,0,0,0,0
tx,313,112,1,1,1787954296268117037,1787954296267763463,5873352925295,5873352951054,72,0,0
rx,314,113,1,1,1787954296269263019,1787954296268875870,5873354071036,0,0,0,0
tx,314,113,1,1,1787954296269270167,1787954296268875870,5873354078424,5873354102091,72,0,0
rx,315,114,1,1,1787954296365788926,1787954296364662852,5873450596906,0,0,0,0
tx,315,114,1,1,1787954296365797926,1787954296364662852,5873450606165,5873450645517,72,0,0
rx,316,115,1,1,1787954296366983611,1787954296365892907,5873451791610,0,0,0,0
tx,316,115,1,1,1787954296366990796,1787954296365892907,5873451799054,5873451823573,72,0,0
rx,317,116,1,1,1787954296368132426,1787954296367129241,5873452940443,0,0,0,0
tx,317,116,1,1,1787954296368139463,1787954296367129241,5873452947702,5873452971961,72,0,0
rx,318,117,1,1,1787954296369280000,1787954296368583222,5873454088017,0,0,0,0
tx,318,117,1,1,1787954296369287000,1787954296368583222,5873454095258,5873454119054,72,0,0
rx,319,118,1,1,1787954296370435241,1787954296369767389,5873455243239,0,0,0,0
tx,319,118,1,1,1787954296370442704,1787954296369767389,5873455250961,5873455278184,72,0,0
rx,320,119,1,1,1787954296371596704,1787954296371011482,5873456404702,0,0,0,0
tx,320,119,1,1,1787954296371603945,1787954296371011482,5873456412202,5873456437054,72,0,0
rx,321,120,1,1,1787954296372750500,1787954296372185352,5873457558480,0,0,0,0
tx,321,120,1,1,1787954296372761241,1787954296372185352,5873457569498,5873457593202,72,0,0
rx,322,121,1,1,1787954296468310167,1787954296468093463,5873553118165,0,0,0,0
tx,322,121,1,1,1787954296468319222,1787954296468093463,5873553127498,5873553164480,72,0,0
rx,323,122,1,1,1787954296469507574,1787954296469356722,5873554315572,0,0,0,0
tx,323,122,1,1,1787954296469518833,1787954296469356722,5873554327072,5873554351647,72,0,0
rx,324,123,1,1,1787954296471759111,1787954296470910981,5873556567109,0,0,0,0
tx,324,123,1,1,1787954296471766296,1787954296470910981,5873556574554,5873556601554,72,0,0
rx,325,124,1,1,1787954296472950870,1787954296472150667,5873557758887,0,0,0,0
tx,325,124,1,1,1787954296472957981,1787954296472150667,5873557766221,5873557791091,72,0,0
rx,326,125,1,1,1787954296474100426,1787954296473370315,5873558908443,0,0,0,0
tx,326,125,1,1,1787954296474107611,1787954296473370315,5873558915850,5873558939443,72,0,0
rx,327,126,1,1,1787954296475249204,1787954296474585685,5873560057202,0,0,0,0
tx,327,126,1,1,1787954296475256315,1787954296474585685,5873560064572,5873560088109,72,0,0
rx,328,127,1,1,1787954296570574537,1787954296569880407,5873655382535,0,0,0,0
tx,328,127,1,1,1787954296570583185,1787954296569880407,5873655391443,5873655429239,72,0,0
rx,329,128,1,1,1787954296571779296,1787954296571164055,5873656587295,0,0,0,0
tx,329,128,1,1,1787954296571787944,1787954296571164055,5873656596202,5873656625072,72,0,0
rx,330,129,1,1,1787954296572953574,1787954296572451111,5873657761591,0,0,0,0
tx,330,129,1,1,1787954296572961370,1787954296572451111,5873657769628,5873657797146,72,0,0
rx,331,130,1,1,1787954296574117204,1787954296573604889,5873658925221,0,0,0,0
tx,331,130,1,1,1787954296574128667,1787954296573604889,5873658936906,5873658962517,72,0,0
rx,332,131,1,1,1787954296575300204,1787954296574778259,5873660108221,0,0,0,0
tx,332,131,1,1,1787954296575307907,1787954296574778259,5873660116165,5873660142221,72,0,0
rx,333,132,1,1,1787954296576463926,1787954296576254537,5873661271924,0,0,0,0
tx,333,132,1,1,1787954296576471481,1787954296576254537,5873661279721,5873661304665,72,0,0
rx,334,133,1,1,1787954296577625944,1787954296577434870,5873662433961,0,0,0,0
tx,334,133,1,1,1787954296577633611,1787954296577434870,5873662441850,5873662466369,72,0,0
rx,335,134,1,1,1787954296671835074,1787954296671766926,5873756643091,0,0,0,0
tx,335,134,1,1,1787954296671844222,1787954296671766926,5873756652480,5873756689683,72,0,0
rx,336,135,1,1,1787954296673103278,1787954296672911685,5873757911276,0,0,0,0
tx,336,135,1,1,1787954296673110648,1787954296672911685,5873757918906,5873757946350,72,0,0
rx,337,136,1,1,1787954296674370259,1787954296674146407,5873759178258,0,0,0,0
tx,337,136,1,1,1787954296674377685,1787954296674146407,5873759185943,5873759211758,72,0,0
rx,338,137,1,1,1787954296675545333,1787954296675348370,5873760353350,0,0,0,0
tx,338,137,1,1,1787954296675552741,1787954296675348370,5873760360980,5873760388239,72,0,0
rx,340,139,1,1,1787954296677877759,1787954296677666963,5873762685758,0,0,0,0
tx,340,139,1,1,1787954296677885296,1787954296677666963,5873762693535,5873762720424,72,0,0
rx,341,140,1,1,1787954296679043648,1787954296678765944,5873763851665,0,0,0,0
tx,341,140,1,1,1787954296679054611,1787954296678765944,5873763862869,5873763888387,72,0,0
rx,342,141,1,1,1787954296774719629,1787954296774149870,5873859527628,0,0,0,0
tx,342,141,1,1,1787954296774732444,1787954296774149870,5873859540702,5873859579998,72,0,0
rx,343,142,1,1,1787954296775956259,1787954296775239555,5873860764276,0,0,0,0
tx,343,142,1,1,1787954296775963944,1787954296775239555,5873860772183,5873860797906,72,0,0
rx,344,143,1,1,1787954296777110129,1787954296776340518,5873861918128,0,0,0,0
tx,344,143,1,1,1787954296777117296,1787954296776340518,5873861925535,5873861949832,72,0,0
rx,345,144,1,1,1787954296778255704,1787954296777466444,5873863063702,0,0,0,0
tx,345,144,1,1,1787954296778262759,1787954296777466444,5873863070998,5873863093943,72,0,0
rx,346,145,1,1,1787954296779400870,1787954296778577704,5873864208869,0,0,0,0
tx,346,145,1,1,1787954296779408166,1787954296778577704,5873864216406,5873864241054,72,0,0
rx,347,146,1,1,1787954296780550889,1787954296779700204,5873865358887,0,0,0,0
tx,347,146,1,1,1787954296780558092,1787954296779700204,5873865366332,5873865389850,72,0,0
rx,348,147,1,1,1787954296781697333,1787954296780812296,5873866505332,0,0,0,0
tx,348,147,1,1,1787954296781704889,1787954296780812296,5873866513128,5873866536628,72,0,0
rx,349,148,1,1,1787954296876684203,1787954296876509740,5873961492183,0,0,0,0
tx,349,148,1,1,1787954296876693426,1787954296876509740,5873961501683,5873961544220,72,0,0
rx,350,149,1,1,1787954296877892426,1787954296877640092,5873962700424,0,0,0,0
tx,350,149,1,1,1787954296877899981,1787954296877640092,5873962708239,5873962733276,72,0,0
rx,351,150,1,1,1787954296879044852,1787954296878774870,5873963852850,0,0,0,0
tx,351,150,1,1,1787954296879052500,1787954296878774870,5873963860757,5873963885443,72,0,0
rx,352,151,1,1,1787954296880198555,1787954296879875389,5873965006554,0,0,0,0
tx,352,151,1,1,1787954296880209852,1787954296879875389,5873965018109,5873965042554,72,0,0
rx,353,152,1,1,1787954296881354907,1787954296881000518,5873966162887,0,0,0,0
tx,353,152,1,1,1787954296881362129,1787954296881000518,5873966170387,5873966193831,72,0,0
rx,354,153,1,1,1787954296882501407,1787954296882118463,5873967309406,0,0,0,0
tx,354,153,1,1,1787954296882508759,1787954296882118463,5873967317017,5873967340350,72,0,0
rx,355,154,1,1,1787954296883647759,1787954296883236796,5873968455776,0,0,0,0
tx,355,154,1,1,1787954296883654963,1787954296883236796,5873968463220,5873968487072,72,0,0
rx,356,155,1,1,1787954296979886129,1787954296978938926,5874064694109,0,0,0,0
tx,356,155,1,1,1787954296979894389,1787954296978938926,5874064702628,5874064740202,72,0,0
rx,357,156,1,1,1787954296981077555,1787954296980045963,5874065885572,0,0,0,0
tx,357,156,1,1,1787954296981085111,1787954296980045963,5874065893350,5874065918146,72,0,0
rx,358,157,1,1,1787954296982226129,1787954296981159907,5874067034146,0,0,0,0
tx,358,157,1,1,1787954296982233500,1787954296981159907,5874067041757,5874067065091,72,0,0
rx,359,158,1,1,1787954296983373407,1787954296982276944,5874068181405,0,0,0,0
tx,359,158,1,1,1787954296983380648,1787954296982276944,5874068188905,5874068213220,72,0,0
rx,360,159,1,0,1787954296984554666,1787954296983480092,5874069362665,0,0,0,0
rx,361,160,1,1,1787954296984560555,1787954296984518018,5874069368554,0,0,0,0
tx,361,160,1,1,1787954296984571240,1787954296984518018,5874069379480,5874069404480,72,0,0
rx,362,161,1,1,1787954297081814481,1787954297081313592,5874166622461,0,0,0,0
tx,362,161,1,1,1787954297081822833,1787954297081313592,5874166631091,5874166664998,72,0,0
rx,363,162,1,1,1787954297082998629,1787954297082424796,5874167806646,0,0,0,0
tx,363,162,1,1,1787954297083006148,1787954297082424796,5874167814387,5874167837646,72,0,0
rx,364,163,1,1,1787954297184548611,1787954297183728592,5874269356609,0,0,0,0
tx,364,163,1,1,1787954297184556944,1787954297183728592,5874269365202,5874269399294,72,0,0
rx,365,164,1,1,1787954297185732981,1787954297184884629,5874270540979,0,0,0,0
tx,365,164,1,1,1787954297185759888,1787954297184884629,5874270568239,5874270593461,72,0,0
rx,366,165,1,1,1787954297186908611,1787954297185957537,5874271716553,0,0,0,0
tx,366,165,1,1,1787954297186915907,1787954297185957537,5874271724146,5874271747905,72,0,0
rx,367,166,1,1,1787954297188058166,1787954297187068944,5874272866183,0,0,0,0
tx,367,166,1,1,1787954297188065314,1787954297187068944,5874272873572,5874272897146,72,0,0
rx,368,167,1,1,1787954297189202629,1787954297188187870,5874274010646,0,0,0,0
tx,368,167,1,1,1787954297189210074,1787954297188187870,5874274018313,5874274042165,72,0,0
rx,369,168,1,1,1787954297190347166,1787954297189306444,5874275155165,0,0,0,0
tx,369,168,1,1,1787954297190354740,1787954297189306444,5874275162998,5874275186202,72,0,0
rx,370,169,1,1,1787954297191492629,1787954297190427092,5874276300535,0,0,0,0
tx,370,169,1,1,1787954297191499759,1787954297190427092,5874276308016,5874276332257,72,0,0
rx,371,170,1,1,1787954297192643925,1787954297191542629,5874277451942,0,0,0,0
tx,371,170,1,1,1787954297192651092,1787954297191542629,5874277459350,5874277483128,72,0,0
rx,372,171,1,1,1787954297193793222,1787954297192679796,5874278601239,0,0,0,0
tx,372,171,1,1,1787954297193804407,1787954297192679796,5874278612646,5874278636924,72,0,0
rx,373,172,1,0,1787954297194948648,1787954297193788555,5874279756646,0,0,0,0
rx,374,173,1,1,1787954297194954277,1787954297194904148,5874279762294,0,0,0,0
tx,374,173,1,1,1787954297194961129,1787954297194904148,5874279769387,5874279793239,72,0,0
rx,375,174,1,1,1787954297196102685,1787954297196018777,5874280910702,0,0,0,0
tx,375,174,1,1,1787954297196109814,1787954297196018777,5874280918072,5874280941979,72,0,0
rx,376,175,1,1,1787954297286902111,1787954297286116092,5874371710053,0,0,0,0
tx,376,175,1,1,1787954297286910370,1787954297286116092,5874371718794,5874371752350,72,0,0
rx,377,176,1,1,1787954297288082666,1787954297287228555,5874372890683,0,0,0,0
tx,377,176,1,1,1787954297288089833,1787954297287228555,5874372898090,5874372921850,72,0,0
rx,378,177,1,1,1787954297289227888,1787954297288330888,5874374035887,0,0,0,0
tx,378,177,1,1,1787954297289235018,1787954297288330888,5874374043368,5874374067202,72,0,0
rx,379,178,1,1,1787954297290401314,1787954297289488814,5874375209313,0,0,0,0
tx,379,178,1,1,1787954297290412962,1787954297289488814,5874375221220,5874375246165,72,0,0
rx,380,179,1,1,1787954297291558129,1787954297290568481,5874376366146,0,0,0,0
tx,380,179,1,1,1787954297291565333,1787954297290568481,5874376373590,5874376397998,72,0,0
rx,381,180,1,1,1787954297292709259,1787954297291683240,5874377517257,0,0,0,0
tx,381,180,1,1,1787954297292716407,1787954297291683240,5874377524646,5874377547961,72,0,0
rx,382,181,1,1,1787954297293854462,1787954297292794240,5874378662461,0,0,0,0
tx,382,181,1,1,1787954297293861425,1787954297292794240,5874378669683,5874378693128,72,0,0
rx,383,182,1,1,1787954297389000648,1787954297388907185,5874473808627,0,0,0,0
tx,383,182,1,1,1787954297389008851,1787954297388907185,5874473817127,5874473851053,72,0,0
rx,384,183,1,1,1787954297391235240,1787954297390325796,5874476043239,0,0,0,0
tx,384,183,1,1,1787954297391242425,1787954297390325796,5874476050664,5874476074461,72,0,0
rx,385,184,1,1,1787954297392381277,1787954297391563870,5874477189276,0,0,0,0
tx,385,184,1,1,1787954297392388629,1787954297391563870,5874477196887,5874477219979,72,0,0
rx,386,185,1,1,1787954297393524407,1787954297393077833,5874478332405,0,0,0,0
tx,386,185,1,1,1787954297393531277,1787954297393077833,5874478339535,5874478368294,72,0,0
rx,387,186,1,1,1787954297394675129,1787954297394343407,5874479483146,0,0,0,0
tx,387,186,1,1,1787954297394685851,1787954297394343407,5874479494109,5874479518479,72,0,0
rx,388,187,1,0,1787954297396991648,1787954297396501333,5874481799646,0,0,0,0
rx,389,188,1,1,1787954297396998074,1787954297396800296,5874481806072,0,0,0,0
tx,389,188,1,1,1787954297397005685,1787954297396800296,5874481813924,5874481847961,72,0,0
rx,390,189,1,1,1787954297492136129,1787954297491130573,5874576944072,0,0,0,0
tx,390,189,1,1,1787954297492147944,1787954297491130573,5874576956183,5874576990979,72,0,0
rx,391,190,1,1,1787954297493320703,1787954297492407592,5874578128701,0,0,0,0
tx,391,190,1,1,1787954297493327925,1787954297492407592,5874578136164,5874578160294,72,0,0
rx,392,191,1,1,1787954297494464111,1787954297493632814,5874579272109,0,0,0,0
tx,392,191,1,1,1787954297494471314,1787954297493632814,5874579279572,5874579302813,72,0,0
rx,394,193,1,1,1787954297496690425,1787954297496381685,5874581498405,0,0,0,0
tx,394,193,1,1,1787954297496697518,1787954297496381685,5874581505757,5874581529905,72,0,0
rx,395,194,1,1,1787954297497839925,1787954297497609870,5874582647924,0,0,0,0
tx,395,194,1,1,1787954297497847388,1787954297497609870,5874582655646,5874582680350,72,0,0
rx,396,195,1,1,1787954297498991703,1787954297498917925,5874583799646,0,0,0,0
tx,396,195,1,1,1787954297498998796,1787954297498917925,5874583807053,5874583831276,72,0,0
rx,397,196,1,1,1787954297594025351,1787954297593335240,5874678833331,0,0,0,0
tx,397,196,1,1,1787954297594033759,1787954297593335240,5874678842016,5874678875850,72,0,0
rx,398,197,1,1,1787954297595266147,1787954297594471259,5874680074146,0,0,0,0
tx,398,197,1,1,1787954297595273944,1787954297594471259,5874680082201,5874680107720,72,0,0
rx,399,198,1,1,1787954297596428370,1787954297595692740,5874681236368,0,0,0,0
tx,399,198,1,1,1787954297596462981,1787954297595692740,5874681271331,5874681300775,72,0,0
rx,400,199,1,0,1787954297598706647,1787954297597832870,5874683514646,0,0,0,0
rx,401,200,1,1,1787954297598712314,1787954297598115277,5874683520313,0,0,0,0
tx,401,200,1,1,1787954297598719296,1787954297598115277,5874683527535,5874683554868,72,0,0
rx,402,0,1,1,1787954297599869851,1787954297598940296,5874684677868,0,0,0,0
tx,402,0,1,1,1787954297599877203,1787954297598940296,5874684685498,5874684709850,72,0,0
rx,403,1,1,1,1787954297696054573,1787954297695744314,5874780862553,0,0,0,0
tx,403,1,1,1,1787954297696062684,1787954297695744314,5874780870924,5874780907146,72,0,0
rx,404,2,1,1,1787954297697234610,1787954297696822536,5874782042627,0,0,0,0
tx,404,2,1,1,1787954297697241962,1787954297696822536,5874782050201,5874782074257,72,0,0
rx,405,3,1,1,1787954297698377962,1787954297697972129,5874783185961,0,0,0,0
tx,405,3,1,1,1787954297698385184,1787954297697972129,5874783193442,5874783216831,72,0,0
rx,406,4,1,1,1787954297699525740,1787954297699067184,5874784333757,0,0,0,0
tx,406,4,1,1,1787954297699533221,1787954297699067184,5874784341479,5874784366961,72,0,0
rx,407,5,1,1,1787954297700680740,1787954297700245573,5874785488757,0,0,0,0
tx,407,5,1,1,1787954297700692351,1787954297700245573,5874785500609,5874785524664,72,0,0
rx,408,6,1,1,1787954297701834592,1787954297701341407,5874786642572,0,0,0,0
tx,408,6,1,1,1787954297701841684,1787954297701341407,5874786649942,5874786673146,72,0,0
rx,409,7,1,1,1787954297702979740,1787954297702455944,5874787787738,0,0,0,0
tx,409,7,1,1,1787954297702986888,1787954297702455944,5874787795127,5874787818849,72,0,0
rx,410,8,1,0,1787954297799826758,1787954297798813203,5874884634775,0,0,0,0
rx,411,9,1,1,1787954297799833740,1787954297799292944,5874884641738,0,0,0,0
tx,411,9,1,1,1787954297799841184,1787954297799292944,5874884649424,5874884691016,72,0,0
rx,412,10,1,1,1787954297801032277,1787954297800401147,5874885840275,0,0,0,0
tx,412,10,1,1,1787954297801039981,1787954297800401147,5874885848238,5874885872849,72,0,0
rx,413,11,1,1,1787954297802181407,1787954297801516740,5874886989424,0,0,0,0
tx,413,11,1,1,1787954297802188907,1787954297801516740,5874886997164,5874887021164,72,0,0
rx,414,12,1,1,1787954297803330407,1787954297802630073,5874888138405,0,0,0,0
tx,414,12,1,1,1787954297803337684,1787954297802630073,5874888145942,5874888170090,72,0,0
rx,415,13,1,1,1787954297804490777,1787954297803748629,5874889298775,0,0,0,0
tx,415,13,1,1,1787954297804498703,1787954297803748629,5874889306961,5874889334090,72,0,0
rx,416,14,1,1,1787954297805656610,1787954297804932407,5874890464627,0,0,0,0
tx,416,14,1,1,1787954297805668444,1787954297804932407,5874890476683,5874890503479,72,0,0
rx,417,15,1,1,1787954297901300758,1787954297900611110,5874986108775,0,0,0,0
tx,417,15,1,1,1787954297901310018,1787954297900611110,5874986118257,5874986166849,72,0,0
rx,418,16,1,1,1787954297902543147,1787954297901849647,5874987351164,0,0,0,0
tx,418,16,1,1,1787954297902555407,1787954297901849647,5874987363646,5874987392072,72,0,0
rx,419,17,1,1,1787954297903723388,1787954297902808647,5874988531368,0,0,0,0
tx,419,17,1,1,1787954297903731351,1787954297902808647,5874988539720,5874988565479,72,0,0
rx,420,18,1,1,1787954297904922073,1787954297903979425,5874989730090,0,0,0,0
tx,420,18,1,1,1787954297904930351,1787954297903979425,5874989738609,5874989763053,72,0,0
rx,421,19,1,1,1787954297906075999,1787954297905013832,5874990884016,0,0,0,0
tx,421,19,1,1,1787954297906083703,1787954297905013832,5874990891942,5874990918738,72,0,0
rx,422,20,1,1,1787954297907244555,1787954297906177092,5874992052553,0,0,0,0
tx,422,20,1,1,1787954297907252647,1787954297906177092,5874992060942,5874992085979,72,0,0
rx,423,21,1,1,1787954297908397055,1787954297907331388,5874993205072,0,0,0,0
tx,423,21,1,1,1787954297908411851,1787954297907331388,5874993220109,5874993244905,72,0,0
rx,424,22,1,1,1787954298003062314,1787954298002946981,5875087870331,0,0,0,0
tx,424,22,1,1,1787954298003071666,1787954298002946981,5875087879923,5875087918090,72,0,0
rx,425,23,1,1,1787954298004258036,1787954298004060518,5875089066016,0,0,0,0
tx,425,23,1,1,1787954298004265777,1787954298004060518,5875089074053,5875089100479,72,0,0
rx,426,24,1,1,1787954298005428851,1787954298005164666,5875090236868,0,0,0,0
tx,426,24,1,1,1787954298005436444,1787954298005164666,5875090244738,5875090271423,72,0,0
rx,427,25,1,1,1787954298006596295,1787954298006417406,5875091404294,0,0,0,0
tx,427,25,1,1,1787954298006607888,1787954298006417406,5875091416127,5875091443516,72,0,0
rx,428,26,1,1,1787954298007761981,1787954298007468518,5875092569979,0,0,0,0
tx,428,26,1,1,1787954298007769925,1787954298007468518,5875092578201,5875092604997,72,0,0
rx,429,27,1,1,1787954298008917518,1787954298008536425,5875093725516,0,0,0,0
tx,429,27,1,1,1787954298008924981,1787954298008536425,5875093733238,5875093757423,72,0,0
rx,430,28,1,1,1787954298010063851,1787954298009646647,5875094871849,0,0,0,0
tx,430,28,1,1,1787954298010071184,1787954298009646647,5875094879423,5875094903405,72,0,0
rx,431,29,1,1,1787954298105577647,1787954298105382592,5875190385664,0,0,0,0
tx,431,29,1,1,1787954298105586499,1787954298105382592,5875190394775,5875190432275,72,0,0
rx,432,30,1,1,1787954298106767981,1787954298106480703,5875191575979,0,0,0,0
tx,432,30,1,1,1787954298106801943,1787954298106480703,5875191610183,5875191635720,72,0,0
rx,433,31,1,1,1787954298107944629,1787954298107599369,5875192752646,0,0,0,0
tx,433,31,1,1,1787954298107952110,1787954298107599369,5875192760349,5875192784646,72,0,0
rx,434,32,1,1,1787954298109101962,1787954298108707573,5875193909960,0,0,0,0
tx,434,32,1,1,1787954298109109777,1787954298108707573,5875193918034,5875193943053,72,0,0
rx,435,33,1,1,1787954298110291240,1787954298109853425,5875195099238,0,0,0,0
tx,435,33,1,1,1787954298110298999,1787954298109853425,5875195107238,5875195133164,72,0,0
rx,436,34,1,1,1787954298111452555,1787954298111002943,5875196260553,0,0,0,0
tx,436,34,1,1,1787954298111463925,1787954298111002943,5875196272183,5875196299220,72,0,0
rx,437,35,1,1,1787954298112613129,1787954298112103555,5875197421109,0,0,0,0
tx,437,35,1,1,1787954298112620388,1787954298112103555,5875197428627,5875197452627,72,0,0
rx,438,36,1,1,1787954298208261684,1787954298208005221,5875293069701,0,0,0,0
tx,438,36,1,1,1787954298208274147,1787954298208005221,5875293082442,5875293119145,72,0,0
rx,439,37,1,1,1787954298209456480,1787954298209135517,5875294264479,0,0,0,0
tx,439,37,1,1,1787954298209463925,1787954298209135517,5875294272183,5875294296831,72,0,0
rx,440,38,1,1,1787954298210595888,1787954298210249999,5875295403868,0,0,0,0
tx,440,38,1,1,1787954298210603129,1787954298210249999,5875295411386,5875295435497,72,0,0
rx,441,39,1,1,1787954298211747295,1787954298211399869,5875296555294,0,0,0,0
tx,441,39,1,1,1787954298211754925,1787954298211399869,5875296563183,5875296590164,72,0,0
rx,442,40,1,1,1787954298212902666,1787954298212496610,5875297710664,0,0,0,0
tx,442,40,1,1,1787954298212910110,1787954298212496610,5875297718368,5875297742349,72,0,0
rx,443,41,1,1,1787954298214047092,1787954298213608573,5875298855090,0,0,0,0
tx,443,41,1,1,1787954298214054406,1787954298213608573,5875298862664,5875298886127,72,0,0
rx,444,42,1,1,1787954298311244147,1787954298310337073,5875396052145,0,0,0,0
tx,444,42,1,1,1787954298311253703,1787954298310337073,5875396061960,5875396107127,72,0,0
rx,445,43,1,1,1787954298312578091,1787954298311615906,5875397386090,0,0,0,0
tx,445,43,1,1,1787954298312589721,1787954298311615906,5875397397979,5875397425127,72,0,0
rx,446,44,1,0,1787954298313853888,1787954298312642332,5875398661868,0,0,0,0
rx,447,45,1,1,1787954298313859110,1787954298313763647,5875398667090,0,0,0,0
tx,447,45,1,1,1787954298313866314,1787954298313763647,5875398674553,5875398699979,72,0,0
rx,448,46,1,1,1787954298315008721,1787954298314897703,5875399816719,0,0,0,0
tx,448,46,1,1,1787954298315016036,1787954298314897703,5875399824294,5875399848664,72,0,0
rx,449,47,1,1,1787954298316156054,1787954298316031758,5875400964053,0,0,0,0
tx,449,47,1,1,1787954298316163369,1787954298316031758,5875400971608,5875400995886,72,0,0
rx,450,48,1,1,1787954298317303406,1787954298317166573,5875402111423,0,0,0,0
tx,450,48,1,1,1787954298317310666,1787954298317166573,5875402118923,5875402142460,72,0,0
rx,451,49,1,1,1787954298413281258,1787954298412856777,5875498089256,0,0,0,0
tx,451,49,1,1,1787954298413290184,1787954298412856777,5875498098497,5875498137645,72,0,0
rx,452,50,1,1,1787954298414482184,1787954298414018647,5875499290182,0,0,0,0
tx,452,50,1,1,1787954298414489740,1787954298414018647,5875499297979,5875499325312,72,0,0
rx,453,51,1,1,1787954298415681666,1787954298415154999,5875500489682,0,0,0,0
tx,453,51,1,1,1787954298415689851,1787954298415154999,5875500498108,5875500524219,72,0,0
rx,454,52,1,1,1787954298416927314,1787954298416301573,5875501735312,0,0,0,0
tx,454,52,1,1,1787954298416938443,1787954298416301573,5875501746701,5875501772756,72,0,0
rx,455,53,1,1,1787954298418091869,1787954298417385036,5875502899886,0,0,0,0
tx,455,53,1,1,1787954298418099314,1787954298417385036,5875502907553,5875502934182,72,0,0
rx,456,54,1,1,1787954298419299591,1787954298418519425,5875504107590,0,0,0,0
tx,456,54,1,1,1787954298419307351,1787954298418519425,5875504115590,5875504142979,72,0,0
rx,457,55,1,1,1787954298420456314,1787954298419632295,5875505264312,0,0,0,0
tx,457,55,1,1,1787954298420463869,1787954298419632295,5875505272127,5875505296571,72,0,0
rx,458,56,1,1,1787954298515239425,1787954298514936814,5875600047423,0,0,0,0
tx,458,56,1,1,1787954298515247221,1787954298514936814,5875600055516,5875600089775,72,0,0
rx,459,57,1,1,1787954298516423573,1787954298516039610,5875601231590,0,0,0,0
tx,459,57,1,1,1787954298516430573,1787954298516039610,5875601238793,5875601262905,72,0,0
rx,460,58,1,1,1787954298517567980,1787954298517144573,5875602375997,0,0,0,0
tx,460,58,1,1,1787954298517574591,1787954298517144573,5875602382830,5875602404201,72,0,0
rx,461,59,1,1,1787954298518704665,1787954298518280425,5875603512682,0,0,0,0
tx,461,59,1,1,1787954298518710906,1787954298518280425,5875603519145,5875603539979,72,0,0
rx,462,60,1,1,1787954298519839240,1787954298519435573,5875604647256,0,0,0,0
tx,462,60,1,1,1787954298519845591,1787954298519435573,5875604653830,5875604674738,72,0,0
rx,463,61,1,1,1787954298521017480,1787954298520557851,5875605825497,0,0,0,0
tx,463,61,1,1,1787954298521024202,1787954298520557851,5875605832442,5875605855553,72,0,0
rx,464,62,1,1,1787954298522164980,1787954298521776665,5875606972997,0,0,0,0
tx,464,62,1,1,1787954298522175017,1787954298521776665,5875606983238,5875607006423,72,0,0
rx,467,65,1,1,1787954298620160869,1787954298619655128,5875704968886,0,0,0,0
tx,467,65,1,1,1787954298620170147,1787954298619655128,5875704978404,5875705015219,72,0,0
rx,468,66,1,1,1787954298621350832,1787954298620748499,5875706158812,0,0,0,0
tx,468,66,1,1,1787954298621358295,1787954298620748499,5875706166553,5875706191442,72,0,0
rx,469,67,1,1,1787954298622460684,1787954298621863628,5875707268701,0,0,0,0
tx,469,67,1,1,1787954298622467925,1787954298621863628,5875707276182,5875707300219,72,0,0
rx,470,68,1,1,1787954298623613628,1787954298623010425,5875708421627,0,0,0,0
tx,470,68,1,1,1787954298623621091,1787954298623010425,5875708429349,5875708456719,72,0,0
rx,471,69,1,1,1787954298624770388,1787954298624112665,5875709578386,0,0,0,0
tx,471,69,1,1,1787954298624777554,1787954298624112665,5875709585812,5875709610330,72,0,0
rx,472,70,1,1,1787954298720241813,1787954298719780925,5875805049812,0,0,0,0
tx,472,70,1,1,1787954298720250795,1787954298719780925,5875805059053,5875805097997,72,0,0
rx,473,71,1,1,1787954298721436351,1787954298720912851,5875806244349,0,0,0,0
tx,473,71,1,1,1787954298721443739,1787954298720912851,5875806251979,5875806276534,72,0,0
rx,474,72,1,1,1787954298722585147,1787954298722170721,5875807393145,0,0,0,0
tx,474,72,1,1,1787954298722592369,1787954298722170721,5875807400608,5875807424349,72,0,0
rx,475,73,1,1,1787954298723731888,1787954298723237851,5875808539867,0,0,0,0
tx,475,73,1,1,1787954298723743147,1787954298723237851,5875808551404,5875808575441,72,0,0
rx,476,74,1,1,1787954298724889888,1787954298724352091,5875809697904,0,0,0,0
tx,476,74,1,1,1787954298724897202,1787954298724352091,5875809705441,5875809730516,72,0,0
rx,477,75,1,1,1787954298726038517,1787954298725467832,5875810846534,0,0,0,0
tx,477,75,1,1,1787954298726045610,1787954298725467832,5875810853849,5875810877219,72,0,0
rx,478,76,1,1,1787954298727181684,1787954298726582536,5875811989627,0,0,0,0
tx,478,76,1,1,1787954298727188665,1787954298726582536,5875811996923,5875812055016,72,0,0
rx,479,77,1,1,1787954298822807647,1787954298822214758,5875907615627,0,0,0,0
tx,479,77,1,1,1787954298822817425,1787954298822214758,5875907625664,5875907660812,72,0,0
rx,480,78,1,1,1787954298824006462,1787954298823396147,5875908814478,0,0,0,0
tx,480,78,1,1,1787954298824013999,1787954298823396147,5875908822256,5875908847219,72,0,0
rx,481,79,1,1,1787954298825160739,1787954298824503684,5875909968756,0,0,0,0
tx,481,79,1,1,1787954298825168165,1787954298824503684,5875909976404,5875910000682,72,0,0
rx,482,80,1,1,1787954298826310221,1787954298825636980,5875911118182,0,0,0,0
tx,482,80,1,1,1787954298826317573,1787954298825636980,5875911125812,5875911168312,72,0,0
rx,483,81,1,1,1787954298827509091,1787954298826771073,5875912317090,0,0,0,0
tx,483,81,1,1,1787954298827521184,1787954298826771073,5875912329441,5875912356478,72,0,0
rx,484,82,1,1,1787954298828692813,1787954298827911313,5875913500830,0,0,0,0
tx,484,82,1,1,1787954298828700350,1787954298827911313,5875913508608,5875913533312,72,0,0
rx,485,83,1,1,1787954298925282943,1787954298924570202,5876010090923,0,0,0,0
tx,485,83,1,1,1787954298925292091,1787954298924570202,5876010100386,5876010135590,72,0,0
rx,486,84,1,1,1787954298926472961,1787954298926160258,5876011280978,0,0,0,0
tx,486,84,1,1,1787954298926480628,1787954298926160258,5876011288867,5876011313386,72,0,0
rx,487,85,1,1,1787954298927626795,1787954298927296147,5876012434793,0,0,0,0
tx,487,85,1,1,1787954298927634184,1787954298927296147,5876012442423,5876012468997,72,0,0
rx,488,86,1,1,1787954298928782110,1787954298928419461,5876013590108,0,0,0,0
tx,488,86,1,1,1787954298928789647,1787954298928419461,5876013597904,5876013622756,72,0,0
rx,489,87,1,1,1787954298929962980,1787954298929522980,5876014770978,0,0,0,0
tx,489,87,1,1,1787954298929970610,1787954298929522980,5876014778849,5876014803015,72,0,0
rx,490,88,1,1,1787954298931112887,1787954298930648610,5876015920867,0,0,0,0
tx,490,88,1,1,1787954298931120591,1787954298930648610,5876015928849,5876015953182,72,0,0
rx,491,89,1,1,1787954298932262610,1787954298931809258,5876017070627,0,0,0,0
tx,491,89,1,1,1787954298932274258,1787954298931809258,5876017082515,5876017107571,72,0,0
rx,492,90,1,1,1787954299027626165,1787954299026938739,5876112434145,0,0,0,0
tx,492,90,1,1,1787954299027634591,1787954299026938739,5876112442867,5876112476608,72,0,0
rx,493,91,1,1,1787954299028833147,1787954299028199573,5876113641164,0,0,0,0
tx,493,91,1,1,1787954299028844869,1787954299028199573,5876113653108,5876113679367,72,0,0
rx,494,92,1,1,1787954299029996054,1787954299029287998,5876114804034,0,0,0,0
tx,494,92,1,1,1787954299030003406,1787954299029287998,5876114811664,5876114835830,72,0,0
rx,495,93,1,1,1787954299031146295,1787954299030416684,5876115954312,0,0,0,0
tx,495,93,1,1,1787954299031153795,1787954299030416684,5876115962034,5876115985997,72,0,0
rx,496,94,1,1,1787954299032349147,1787954299031565924,5876117157145,0,0,0,0
tx,496,94,1,1,1787954299032356554,1787954299031565924,5876117164793,5876117189182,72,0,0
rx,497,95,1,1,1787954299033498332,1787954299032730276,5876118306312,0,0,0,0
tx,497,95,1,1,1787954299033505628,1787954299032730276,5876118313886,5876118338145,72,0,0
rx,498,96,1,1,1787954299129948147,1787954299129385776,5876214756126,0,0,0,0
tx,498,96,1,1,1787954299129957147,1787954299129385776,5876214765404,5876214801330,72,0,0
rx,499,97,1,1,1787954299131155480,1787954299130514647,5876215963497,0,0,0,0
tx,499,97,1,1,1787954299131162887,1787954299130514647,5876215971126,5876215995312,72,0,0
rx,500,98,1,1,1787954299132341702,1787954299131612924,5876217149700,0,0,0,0
tx,500,98,1,1,1787954299132349258,1787954299131612924,5876217157515,5876217181719,72,0,0
rx,501,99,1,1,1787954299133495591,1787954299132770239,5876218303608,0,0,0,0
tx,501,99,1,1,1787954299133506943,1787954299132770239,5876218315200,5876218339608,72,0,0
rx,502,100,1,1,1787954299134670628,1787954299133887035,5876219478626,0,0,0,0
tx,502,100,1,1,1787954299134677943,1787954299133887035,5876219486182,5876219510367,72,0,0
rx,504,102,1,1,1787954299136914647,1787954299136135591,5876221722645,0,0,0,0
tx,504,102,1,1,1787954299136934869,1787954299136135591,5876221743108,5876221766960,72,0,0
rx,505,103,1,1,1787954299138077887,1787954299137312017,5876222885886,0,0,0,0
tx,505,103,1,1,1787954299138085258,1787954299137312017,5876222893515,5876222916849,72,0,0
rx,506,104,1,1,1787954299232410684,1787954299231795535,5876317218682,0,0,0,0
tx,506,104,1,1,1787954299232419776,1787954299231795535,5876317228108,5876317261404,72,0,0
rx,507,105,1,1,1787954299233595998,1787954299232948369,5876318403997,0,0,0,0
tx,507,105,1,1,1787954299233603572,1787954299232948369,5876318411812,5876318436349,72,0,0
rx,508,106,1,1,1787954299234774850,1787954299234098609,5876319582830,0,0,0,0
tx,508,106,1,1,1787954299234782202,1787954299234098609,5876319590460,5876319615034,72,0,0
rx,509,107,1,1,1787954299235922591,1787954299235244850,5876320730571,0,0,0,0
tx,509,107,1,1,1787954299235929869,1787954299235244850,5876320738145,5876320762126,72,0,0
rx,510,108,1,1,1787954299237070369,1787954299236345202,5876321878386,0,0,0,0
tx,510,108,1,1,1787954299237077702,1787954299236345202,5876321885960,5876321909997,72,0,0
rx,511,109,1,1,1787954299238255128,1787954299237525184,5876323063126,0,0,0,0
tx,511,109,1,1,1787954299238267276,1787954299237525184,5876323075534,5876323114997,72,0,0
rx,512,110,1,1,1787954299239440646,1787954299238676813,5876324248645,0,0,0,0
tx,512,110,1,1,1787954299239449480,1787954299238676813,5876324257737,5876324286460,72,0,0
rx,513,111,1,1,1787954299334914776,1787954299334188017,5876419722793,0,0,0,0
tx,513,111,1,1,1787954299334926739,1787954299334188017,5876419734997,5876419783182,72,0,0
rx,514,112,1,1,1787954299336151924,1787954299335391721,5876420959867,0,0,0,0
tx,514,112,1,1,1787954299336161128,1787954299335391721,5876420969386,5876420997849,72,0,0
rx,515,113,1,1,1787954299337345665,1787954299336536480,5876422153682,0,0,0,0
tx,515,113,1,1,1787954299337370406,1787954299336536480,5876422178663,5876422210849,72,0,0
rx,516,114,1,0,1787954299338630850,1787954299337491517,5876423438867,0,0,0,0
rx,517,115,1,1,1787954299338636406,1787954299338622128,5876423444423,0,0,0,0
tx,517,115,1,1,1787954299338643480,1787954299338622128,5876423451719,5876423493997,72,0,0
rx,518,116,1,1,1787954299339816091,1787954299339725109,5876424624089,0,0,0,0
tx,518,116,1,1,1787954299339823443,1787954299339725109,5876424631700,5876424656219,72,0,0
rx,519,117,1,1,1787954299437430054,1787954299436613535,5876522238052,0,0,0,0
tx,519,117,1,1,1787954299437439795,1787954299436613535,5876522248034,5876522281997,72,0,0
rx,520,118,1,1,1787954299438649776,1787954299437859072,5876523457774,0,0,0,0
tx,520,118,1,1,1787954299438657406,1787954299437859072,5876523465645,5876523490348,72,0,0
rx,521,119,1,1,1787954299439836665,1787954299439053646,5876524644682,0,0,0,0
tx,521,119,1,1,1787954299439849313,1787954299439053646,5876524657571,5876524686923,72,0,0
rx,522,120,1,1,1787954299441022609,1787954299440137128,5876525830608,0,0,0,0
tx,522,120,1,1,1787954299441031035,1787954299440137128,5876525839311,5876525926404,72,0,0
rx,523,121,1,0,1787954299442268313,1787954299441104609,5876527076219,0,0,0,0
rx,524,122,1,1,1787954299442294220,1787954299442229332,5876527102219,0,0,0,0
tx,524,122,1,1,1787954299442302128,1787954299442229332,5876527110367,5876527135960,72,0,0
rx,525,123,1,1,1787954299443467591,1787954299443405776,5876528275608,0,0,0,0
tx,525,123,1,1,1787954299443475832,1787954299443405776,5876528284089,5876528309589,72,0,0
rx,526,124,1,1,1787954299539925609,1787954299538978220,5876624733626,0,0,0,0
tx,526,124,1,1,1787954299539934591,1787954299538978220,5876624742848,5876624800441,72,0,0
rx,527,125,1,0,1787954299541263869,1787954299540081609,5876626071867,0,0,0,0
rx,528,126,1,1,1787954299541270072,1787954299541188924,5876626078089,0,0,0,0
tx,528,126,1,1,1787954299541277146,1787954299541188924,5876626085404,5876626111311,72,0,0
rx,529,127,1,1,1787954299542423294,1787954299542302776,5876627231311,0,0,0,0
tx,529,127,1,1,1787954299542430776,1787954299542302776,5876627239015,5876627263274,72,0,0
rx,530,128,1,1,1787954299543572887,1787954299543487628,5876628380904,0,0,0,0
tx,530,128,1,1,1787954299543580517,1787954299543487628,5876628388756,5876628413385,72,0,0
rx,531,129,1,1,1787954299544745146,1787954299544542924,5876629553145,0,0,0,0
tx,531,129,1,1,1787954299544756702,1787954299544542924,5876629564941,5876629589811,72,0,0
rx,532,130,1,1,1787954299545899665,1787954299545669035,5876630707682,0,0,0,0
tx,532,130,1,1,1787954299545907035,1787954299545669035,5876630715274,5876630739330,72,0,0
rx,533,131,1,0,1787954299642477276,1787954299641360683,5876727285293,0,0,0,0
rx,534,132,1,1,1787954299642498035,1787954299642467943,5876727306015,0,0,0,0
tx,534,132,1,1,1787954299642505535,1787954299642467943,5876727313793,5876727366034,72,0,0
rx,535,133,1,1,1787954299643698924,1787954299643573683,5876728506922,0,0,0,0
tx,535,133,1,1,1787954299643706480,1787954299643573683,5876728514719,5876728540108,72,0,0
rx,536,134,1,1,1787954299644851850,1787954299644700331,5876729659867,0,0,0,0
tx,536,134,1,1,1787954299644859202,1787954299644700331,5876729667459,5876729691608,72,0,0
rx,537,135,1,1,1787954299645999887,1787954299645817406,5876730807904,0,0,0,0
tx,537,135,1,1,1787954299646007331,1787954299645817406,5876730815571,5876730838904,72,0,0
rx,538,136,1,1,1787954299647146776,1787954299646937368,5876731954793,0,0,0,0
tx,538,136,1,1,1787954299647154035,1787954299646937368,5876731962293,5876731985626,72,0,0
rx,539,137,1,1,1787954299648319072,1787954299648069998,5876733127089,0,0,0,0
tx,539,137,1,1,1787954299648326646,1787954299648069998,5876733134885,5876733159534,72,0,0
rx,540,138,1,0,1787954299744960331,1787954299743821628,5876829768330,0,0,0,0
rx,541,139,1,1,1787954299744966498,1787954299744943498,5876829774515,0,0,0,0
tx,541,139,1,1,1787954299744973498,1787954299744943498,5876829781756,5876829814774,72,0,0
rx,542,140,1,1,1787954299746187109,1787954299746043609,5876830995126,0,0,0,0
tx,542,140,1,1,1787954299746198720,1787954299746043609,5876831006959,5876831032774,72,0,0
rx,543,141,1,1,1787954299747351831,1787954299747165442,5876832159848,0,0,0,0
tx,543,141,1,1,1787954299747364480,1787954299747165442,5876832172830,5876832203219,72,0,0
rx,544,142,1,1,1787954299748514831,1787954299748284017,5876833322848,0,0,0,0
tx,544,142,1,1,1787954299748522294,1787954299748284017,5876833330533,5876833355163,72,0,0
rx,545,143,1,1,1787954299749665813,1787954299749384757,5876834473830,0,0,0,0
tx,545,143,1,1,1787954299749673165,1787954299749384757,5876834481404,5876834504867,72,0,0
rx,546,144,1,1,1787954299750812091,1787954299750501498,5876835620089,0,0,0,0
tx,546,144,1,1,1787954299750819313,1787954299750501498,5876835627552,5876835651200,72,0,0
rx,547,145,1,1,1787954299846261794,1787954299846225665,5876931069793,0,0,0,0
tx,547,145,1,1,1787954299846269813,1787954299846225665,5876931078052,5876931130348,72,0,0
rx,548,146,1,1,1787954299847464517,1787954299847345535,5876932272533,0,0,0,0
tx,548,146,1,1,1787954299847472183,1787954299847345535,5876932280422,5876932307330,72,0,0
rx,549,147,1,1,1787954299848624479,1787954299848479961,5876933432496,0,0,0,0
tx,549,147,1,1,1787954299848631794,1787954299848479961,5876933440052,5876933464941,72,0,0
rx,550,148,1,1,1787954299849774313,1787954299849639794,5876934582311,0,0,0,0
tx,550,148,1,1,1787954299849781831,1787954299849639794,5876934590089,5876934615237,72,0,0
rx,551,149,1,1,1787954299850952350,1787954299850738535,5876935760367,0,0,0,0
tx,551,149,1,1,1787954299850963257,1787954299850738535,5876935771533,5876935796163,72,0,0
rx,552,150,1,1,1787954299852106257,1787954299851846757,5876936914274,0,0,0,0
tx,552,150,1,1,1787954299852113535,1787954299851846757,5876936921793,5876936946311,72,0,0
rx,553,151,1,1,1787954299853257220,1787954299852958165,5876938065237,0,0,0,0
tx,553,151,1,1,1787954299853264702,1787954299852958165,5876938072941,5876938096256,72,0,0
rx,554,152,1,1,1787954299949771572,1787954299948808202,5877034579570,0,0,0,0
tx,554,152,1,1,1787954299949780257,1787954299948808202,5877034588515,5877034624589,72,0,0
rx,555,153,1,1,1787954299950978665,1787954299950158757,5877035786663,0,0,0,0
tx,555,153,1,1,1787954299950986016,1787954299950158757,5877035794256,5877035818607,72,0,0
rx,556,154,1,1,1787954299952142035,1787954299951328739,5877036950015,0,0,0,0
tx,556,154,1,1,1787954299952149498,1787954299951328739,5877036957756,5877036981774,72,0,0
rx,557,155,1,1,1787954299953291905,1787954299952522165,5877038099885,0,0,0,0
tx,557,155,1,1,1787954299953299257,1787954299952522165,5877038107496,5877038131422,72,0,0
rx,558,156,1,1,1787954299954488628,1787954299953747887,5877039296589,0,0,0,0
tx,558,156,1,1,1787954299954507553,1787954299953747887,5877039315811,5877039340756,72,0,0
rx,559,157,1,1,1787954299955668646,1787954299954898702,5877040476663,0,0,0,0
tx,559,157,1,1,1787954299955679368,1787954299954898702,5877040487607,5877040512570,72,0,0
rx,560,158,1,1,1787954300052245553,1787954300051136016,5877137053570,0,0,0,0
tx,560,158,1,1,1787954300052254127,1787954300051136016,5877137062478,5877137157811,72,0,0
rx,561,159,1,1,1787954300053507035,1787954300052358794,5877138315052,0,0,0,0
tx,561,159,1,1,1787954300053514572,1787954300052358794,5877138322811,5877138346367,72,0,0
rx,562,160,1,1,1787954300054655239,1787954300053963924,5877139463237,0,0,0,0
tx,562,160,1,1,1787954300054662757,1787954300053963924,5877139470996,5877139495367,72,0,0
rx,563,161,1,1,1787954300055803331,1787954300055236887,5877140611348,0,0,0,0
tx,563,161,1,1,1787954300055810757,1787954300055236887,5877140619015,5877140642904,72,0,0
rx,564,162,1,1,1787954300056981535,1787954300056475646,5877141789515,0,0,0,0
tx,564,162,1,1,1787954300056988720,1787954300056475646,5877141796978,5877141820737,72,0,0
rx,565,163,1,1,1787954300058157905,1787954300057739572,5877142965922,0,0,0,0
tx,565,163,1,1,1787954300058165109,1787954300057739572,5877142973367,5877142997255,72,0,0
rx,566,164,1,1,1787954300059345220,1787954300059036627,5877144153237,0,0,0,0
tx,566,164,1,1,1787954300059372109,1787954300059036627,5877144180385,5877144206663,72,0,0
rx,567,165,1,1,1787954300153752720,1787954300153377794,5877238560737,0,0,0,0
tx,567,165,1,1,1787954300153761090,1787954300153377794,5877238569330,5877238604404,72,0,0
rx,568,166,1,1,1787954300154960720,1787954300154500739,5877239768737,0,0,0,0
tx,568,166,1,1,1787954300154967979,1787954300154500739,5877239776237,5877239801681,72,0,0
rx,569,167,1,1,1787954300156115127,1787954300155661683,5877240923144,0,0,0,0
tx,569,167,1,1,1787954300156126572,1787954300155661683,5877240934811,5877240962200,72,0,0
rx,570,168,1,1,1787954300157276905,1787954300156745442,5877242084922,0,0,0,0
tx,570,168,1,1,1787954300157284590,1787954300156745442,5877242092830,5877242117607,72,0,0
rx,571,169,1,1,1787954300158427016,1787954300157857294,5877243235015,0,0,0,0
tx,571,169,1,1,1787954300158434572,1787954300157857294,5877243242811,5877243266755,72,0,0
rx,572,170,1,1,1787954300159575109,1787954300158984924,5877244383089,0,0,0,0
tx,572,170,1,1,1787954300159582553,1787954300158984924,5877244390811,5877244415681,72,0,0
rx,573,171,1,1,1787954300160725664,1787954300160097239,5877245533681,0,0,0,0
tx,573,171,1,1,1787954300160733072,1787954300160097239,5877245541330,5877245565274,72,0,0
rx,574,172,1,1,1787954300256097350,1787954300255791331,5877340905237,0,0,0,0
tx,574,172,1,1,1787954300256106072,1787954300255791331,5877340914311,5877340948441,72,0,0
rx,575,173,1,1,1787954300257280016,1787954300256912850,5877342088033,0,0,0,0
tx,575,173,1,1,1787954300257287572,1787954300256912850,5877342095811,5877342120755,72,0,0
rx,576,174,1,1,1787954300258431498,1787954300258046979,5877343239515,0,0,0,0
tx,576,174,1,1,1787954300258439035,1787954300258046979,5877343247292,5877343271829,72,0,0
rx,577,175,1,1,1787954300259588183,1787954300259161053,5877344396200,0,0,0,0
tx,577,175,1,1,1787954300259595738,1787954300259161053,5877344403978,5877344429200,72,0,0
rx,578,176,1,1,1787954300260742757,1787954300260304498,5877345550774,0,0,0,0
tx,578,176,1,1,1787954300260754035,1787954300260304498,5877345562274,5877345587626,72,0,0
rx,579,177,1,1,1787954300261898831,1787954300261387720,5877346706848,0,0,0,0
tx,579,177,1,1,1787954300261906350,1787954300261387720,5877346714607,5877346738885,72,0,0
rx,580,178,1,1,1787954300263047313,1787954300262527794,5877347855311,0,0,0,0
tx,580,178,1,1,1787954300263054979,1787954300262527794,5877347863218,5877347888348,72,0,0
rx,581,179,1,1,1787954300358416331,1787954300358162757,5877443224348,0,0,0,0
tx,581,179,1,1,1787954300358425220,1787954300358162757,5877443233478,5877443270274,72,0,0
rx,582,180,1,1,1787954300359603738,1787954300359338109,5877444411755,0,0,0,0
tx,582,180,1,1,1787954300359611109,1787954300359338109,5877444419348,5877444444107,72,0,0
rx,583,181,1,1,1787954300360754609,1787954300360424683,5877445562607,0,0,0,0
tx,583,181,1,1,1787954300360762405,1787954300360424683,5877445570644,5877445595311,72,0,0
rx,584,182,1,1,1787954300361904442,1787954300361550850,5877446712440,0,0,0,0
tx,584,182,1,1,1787954300361911850,1787954300361550850,5877446720089,5877446744348,72,0,0
rx,585,183,1,1,1787954300363052868,1787954300362669461,5877447860829,0,0,0,0
tx,585,183,1,1,1787954300363060220,1787954300362669461,5877447868459,5877447892866,72,0,0
rx,586,184,1,1,1787954300364219664,1787954300363783498,5877449027681,0,0,0,0
tx,586,184,1,1,1787954300364227072,1787954300363783498,5877449035311,5877449059922,72,0,0
rx,587,185,1,1,1787954300365373683,1787954300364947720,5877450181700,0,0,0,0
tx,587,185,1,1,1787954300365384905,1787954300364947720,5877450193144,5877450218737,72,0,0
rx,588,186,1,1,1787954300460774349,1787954300460614461,5877545582366,0,0,0,0
tx,588,186,1,1,1787954300460782831,1787954300460614461,5877545591218,5877545626811,72,0,0
rx,589,187,1,1,1787954300461965442,1787954300461756201,5877546773440,0,0,0,0
tx,589,187,1,1,1787954300461976738,1787954300461756201,5877546784996,5877546810626,72,0,0
rx,590,188,1,1,1787954300463124164,1787954300462898183,5877547932181,0,0,0,0
tx,590,188,1,1,1787954300463131683,1787954300462898183,5877547939922,5877547964237,72,0,0
rx,591,189,1,1,1787954300464273868,1787954300464016498,5877549081848,0,0,0,0
tx,591,189,1,1,1787954300464281312,1787954300464016498,5877549089552,5877549113811,72,0,0
rx,592,190,1,1,1787954300465420387,1787954300465129979,5877550228403,0,0,0,0
tx,592,190,1,1,1787954300465427794,1787954300465129979,5877550236052,5877550260218,72,0,0
rx,593,191,1,1,1787954300466564572,1787954300466246349,5877551372552,0,0,0,0
tx,593,191,1,1,1787954300466571905,1787954300466246349,5877551380144,5877551403681,72,0,0
rx,594,192,1,1,1787954300467711664,1787954300467429646,5877552519663,0,0,0,0
tx,594,192,1,1,1787954300467718887,1787954300467429646,5877552527126,5877552551589,72,0,0
rx,595,193,1,1,1787954300563238590,1787954300562971090,5877648046607,0,0,0,0
tx,595,193,1,1,1787954300563247516,1787954300562971090,5877648055755,5877648091589,72,0,0
rx,596,194,1,1,1787954300564423498,1787954300564080090,5877649231496,0,0,0,0
tx,596,194,1,1,1787954300564430868,1787954300564080090,5877649239126,5877649264551,72,0,0
rx,597,195,1,1,1787954300565576349,1787954300565277386,5877650384366,0,0,0,0
tx,597,195,1,1,1787954300565583757,1787954300565277386,5877650391996,5877650417014,72,0,0
rx,598,196,1,1,1787954300566732127,1787954300566400572,5877651540144,0,0,0,0
tx,598,196,1,1,1787954300566759238,1787954300566400572,5877651567477,5877651593014,72,0,0
rx,599,197,1,1,1787954300567927164,1787954300567516368,5877652735181,0,0,0,0
tx,599,197,1,1,1787954300567934849,1787954300567516368,5877652743089,5877652767866,72,0,0
rx,600,198,1,1,1787954300569079775,1787954300568625423,5877653887792,0,0,0,0
tx,600,198,1,1,1787954300569087072,1787954300568625423,5877653895311,5877653919533,72,0,0
rx,601,199,1,1,1787954300665576757,1787954300665374627,5877750384774,0,0,0,0
tx,601,199,1,1,1787954300665585053,1787954300665374627,5877750393329,5877750428829,72,0,0
rx,602,200,1,1,1787954300666762405,1787954300666494831,5877751570422,0,0,0,0
tx,602,200,1,1,1787954300666769757,1787954300666494831,5877751577996,5877751602755,72,0,0
rx,603,0,1,1,1787954300667911053,1787954300667600460,5877752719070,0,0,0,0
tx,603,0,1,1,1787954300667918331,1787954300667600460,5877752726570,5877752750700,72,0,0
rx,604,1,1,1,1787954300669059368,1787954300668749405,5877753867366,0,0,0,0
tx,604,1,1,1,1787954300669066701,1787954300668749405,5877753874959,5877753899218,72,0,0
rx,605,2,1,1,1787954300670208646,1787954300669869794,5877755016663,0,0,0,0
tx,605,2,1,1,1787954300670215923,1787954300669869794,5877755024163,5877755048644,72,0,0
rx,606,3,1,1,1787954300671360664,1787954300671018775,5877756168681,0,0,0,0
tx,606,3,1,1,1787954300671371923,1787954300671018775,5877756180163,5877756205422,72,0,0
rx,607,4,1,1,1787954300672517720,1787954300672112701,5877757325718,0,0,0,0
tx,607,4,1,1,1787954300672524997,1787954300672112701,5877757333237,5877757357774,72,0,0
rx,608,5,1,1,1787954300768007164,1787954300767907257,5877852815181,0,0,0,0
tx,608,5,1,1,1787954300768019146,1787954300767907257,5877852827385,5877852861625,72,0,0
rx,609,6,1,1,1787954300769195146,1787954300768928627,5877854003144,0,0,0,0
tx,609,6,1,1,1787954300769202553,1787954300768928627,5877854010829,5877854036496,72,0,0
rx,610,7,1,1,1787954300770346405,1787954300770038775,5877855154403,0,0,0,0
tx,610,7,1,1,1787954300770353831,1787954300770038775,5877855162070,5877855186514,72,0,0
rx,611,8,1,1,1787954300771495775,1787954300771159757,5877856303792,0,0,0,0
tx,611,8,1,1,1787954300771503201,1787954300771159757,5877856311440,5877856336607,72,0,0
rx,612,9,1,1,1787954300772646775,1787954300772272590,5877857454774,0,0,0,0
tx,612,9,1,1,1787954300772654220,1787954300772272590,5877857462459,5877857486662,72,0,0
rx,613,10,1,1,1787954300773794664,1787954300773390868,5877858602662,0,0,0,0
tx,613,10,1,1,1787954300773801979,1787954300773390868,5877858610218,5877858634533,72,0,0
rx,614,11,1,1,1787954300774957683,1787954300774569460,5877859765700,0,0,0,0
tx,614,11,1,1,1787954300774965257,1787954300774569460,5877859773496,5877859798274,72,0,0
rx,615,12,1,1,1787954300870554664,1787954300870450331,5877955362681,0,0,0,0
tx,615,12,1,1,1787954300870563386,1787954300870450331,5877955371625,5877955408533,72,0,0
rx,616,13,1,1,1787954300871875423,1787954300871780090,5877956683422,0,0,0,0
tx,616,13,1,1,1787954300871883238,1787954300871780090,5877956691477,5877956728144,72,0,0
rx,617,14,1,1,1787954300873169275,1787954300873079294,5877957977292,0,0,0,0
tx,617,14,1,1,1787954300873181016,1787954300873079294,5877957989255,5877958014570,72,0,0
rx,618,15,1,1,1787954300875437646,1787954300874717053,5877960245644,0,0,0,0
tx,618,15,1,1,1787954300875445460,1787954300874717053,5877960253699,5877960279774,72,0,0
rx,619,16,1,1,1787954300876591164,1787954300875986960,5877961399181,0,0,0,0
tx,619,16,1,1,1787954300876598590,1787954300875986960,5877961406829,5877961430922,72,0,0
rx,620,17,1,1,1787954300877743164,1787954300877266312,5877962551181,0,0,0,0
tx,620,17,1,1,1787954300877750534,1787954300877266312,5877962558774,5877962585625,72,0,0
rx,621,18,1,1,1787954300878898183,1787954300878547108,5877963706181,0,0,0,0
tx,621,18,1,1,1787954300878905757,1787954300878547108,5877963713996,5877963738718,72,0,0
rx,622,19,1,1,1787954300973212553,1787954300973012608,5878058020570,0,0,0,0
tx,622,19,1,1,1787954300973221145,1787954300973012608,5878058029385,5878058064496,72,0,0
rx,623,20,1,1,1787954300974426479,1787954300974326460,5878059234496,0,0,0,0
tx,623,20,1,1,1787954300974433812,1787954300974326460,5878059242051,5878059266681,72,0,0
rx,624,21,1,1,1787954300976687090,1787954300975816590,5878061495107,0,0,0,0
tx,624,21,1,1,1787954300976694627,1787954300975816590,5878061502885,5878061528051,72,0,0
rx,625,22,1,1,1787954300977950349,1787954300977113460,5878062758366,0,0,0,0
tx,625,22,1,1,1787954300977964016,1787954300977113460,5878062772273,5878062804014,72,0,0
rx,626,23,1,1,1787954300979154164,1787954300978387405,5878063962181,0,0,0,0
tx,626,23,1,1,1787954300979162312,1787954300978387405,5878063970551,5878063998922,72,0,0
rx,628,25,1,1,1787954300981450701,1787954300980856979,5878066258718,0,0,0,0
tx,628,25,1,1,1787954300981458201,1787954300980856979,5878066266459,5878066291570,72,0,0
rx,629,26,1,1,1787954301075877182,1787954301075596368,5878160685199,0,0,0,0
tx,629,26,1,1,1787954301075885479,1787954301075596368,5878160693718,5878160726051,72,0,0
rx,630,27,1,1,1787954301077069386,1787954301076970960,5878161877403,0,0,0,0
tx,630,27,1,1,1787954301077076738,1787954301076970960,5878161884977,5878161909792,72,0,0
rx,631,28,1,1,1787954301078348090,1787954301078252553,5878163156070,0,0,0,0
tx,631,28,1,1,1787954301078371479,1787954301078252553,5878163179718,5878163207959,72,0,0
rx,632,29,1,1,1787954301080650312,1787954301079848571,5878165458273,0,0,0,0
tx,632,29,1,1,1787954301080657979,1787954301079848571,5878165466218,5878165491014,72,0,0
rx,633,30,1,1,1787954301081810590,1787954301081143682,5878166618607,0,0,0,0
tx,633,30,1,1,1787954301081822831,1787954301081143682,5878166631070,5878166660310,72,0,0
rx,634,31,1,1,1787954301083025757,1787954301082399849,5878167833755,0,0,0,0
tx,634,31,1,1,1787954301083034757,1787954301082399849,5878167843014,5878167870199,72,0,0
rx,635,32,1,1,1787954301177542997,1787954301177446090,5878262350996,0,0,0,0
tx,635,32,1,1,1787954301177551145,1787954301177446090,5878262359477,5878262404421,72,0,0
rx,636,33,1,1,1787954301178750368,1787954301178514627,5878263558384,0,0,0,0
tx,636,33,1,1,1787954301178764201,1787954301178514627,5878263572440,5878263606144,72,0,0
rx,637,34,1,1,1787954301179945775,1787954301179683331,5878264753773,0,0,0,0
tx,637,34,1,1,1787954301179955053,1787954301179683331,5878264763292,5878264795255,72,0,0
rx,638,35,1,1,1787954301181120349,1787954301180776182,5878265928366,0,0,0,0
tx,638,35,1,1,1787954301181127812,1787954301180776182,5878265936051,5878265960403,72,0,0
rx,639,36,1,1,1787954301182270738,1787954301181891460,5878267078755,0,0,0,0
tx,639,36,1,1,1787954301182278145,1787954301181891460,5878267086384,5878267110347,72,0,0
rx,640,37,1,1,1787954301183420664,1787954301183010145,5878268228681,0,0,0,0
tx,640,37,1,1,1787954301183428219,1787954301183010145,5878268236459,5878268261403,72,0,0
rx,641,38,1,1,1787954301184573571,1787954301184128997,5878269381588,0,0,0,0
tx,641,38,1,1,1787954301184580923,1787954301184128997,5878269389162,5878269414866,72,0,0
rx,642,39,1,1,1787954301279950479,1787954301279823608,5878364758496,0,0,0,0
tx,642,39,1,1,1787954301279958942,1787954301279823608,5878364767181,5878364803958,72,0,0
rx,643,40,1,1,1787954301281143016,1787954301280924145,5878365951033,0,0,0,0
tx,643,40,1,1,1787954301281150497,1787954301280924145,5878365958755,5878365984255,72,0,0
rx,644,41,1,1,1787954301282316090,1787954301282068145,5878367124088,0,0,0,0
tx,644,41,1,1,1787954301282323627,1787954301282068145,5878367131866,5878367156755,72,0,0
rx,645,42,1,0,1787954301383433590,1787954301382226719,5878468241607,0,0,0,0
rx,646,43,1,1,1787954301383439886,1787954301383344090,5878468247903,0,0,0,0
tx,646,43,1,1,1787954301383447553,1787954301383344090,5878468255903,5878468296366,72,0,0
rx,647,44,1,1,1787954301384636201,1787954301384419053,5878469444218,0,0,0,0
tx,647,44,1,1,1787954301384643738,1787954301384419053,5878469451995,5878469478458,72,0,0
rx,648,45,1,1,1787954301385789645,1787954301385566016,5878470597662,0,0,0,0
tx,648,45,1,1,1787954301385797053,1787954301385566016,5878470605310,5878470629532,72,0,0
rx,649,46,1,1,1787954301386938867,1787954301386706775,5878471746866,0,0,0,0
tx,649,46,1,1,1787954301386946664,1787954301386706775,5878471754903,5878471796384,72,0,0
rx,650,47,1,1,1787954301388108682,1787954301387833627,5878472916681,0,0,0,0
tx,650,47,1,1,1787954301388120293,1787954301387833627,5878472928551,5878472954662,72,0,0
rx,651,48,1,1,1787954301389267719,1787954301388940682,5878474075718,0,0,0,0
tx,651,48,1,1,1787954301389275034,1787954301388940682,5878474083292,5878474107440,72,0,0
rx,652,49,1,1,1787954301390444386,1787954301390064053,5878475252403,0,0,0,0
tx,652,49,1,1,1787954301390451701,1787954301390064053,5878475259958,5878475283995,72,0,0
rx,653,50,1,1,1787954301391593182,1787954301391176923,5878476401199,0,0,0,0
tx,653,50,1,1,1787954301391600590,1787954301391176923,5878476408829,5878476433921,72,0,0
rx,654,51,1,1,1787954301392743479,1787954301392304682,5878477551477,0,0,0,0
tx,654,51,1,1,1787954301392750738,1787954301392304682,5878477558977,5878477583977,72,0,0
rx,655,52,1,1,1787954301393893367,1787954301393421812,5878478701384,0,0,0,0
tx,655,52,1,1,1787954301393900793,1787954301393421812,5878478709032,5878478733236,72,0,0
rx,656,53,1,1,1787954301484905034,1787954301484636423,5878569712977,0,0,0,0
tx,656,53,1,1,1787954301484917201,1787954301484636423,5878569725458,5878569759736,72,0,0
rx,657,54,1,1,1787954301486095775,1787954301485811645,5878570903792,0,0,0,0
tx,657,54,1,1,1787954301486103145,1787954301485811645,5878570911403,5878570936903,72,0,0
rx,658,55,1,1,1787954301487248404,1787954301486949330,5878572056421,0,0,0,0
tx,658,55,1,1,1787954301487255664,1787954301486949330,5878572063921,5878572088884,72,0,0
rx,659,56,1,1,1787954301488399608,1787954301488068127,5878573207606,0,0,0,0
tx,659,56,1,1,1787954301488406886,1787954301488068127,5878573215144,5878573239051,72,0,0
rx,660,57,1,1,1787954301489547997,1787954301489196423,5878574355995,0,0,0,0
tx,660,57,1,1,1787954301489555201,1787954301489196423,5878574363440,5878574387532,72,0,0
rx,661,58,1,1,1787954301490694238,1787954301490314645,5878575502236,0,0,0,0
tx,661,58,1,1,1787954301490701460,1787954301490314645,5878575509699,5878575533718,72,0,0
rx,662,59,1,1,1787954301491860145,1787954301491481367,5878576668144,0,0,0,0
tx,662,59,1,1,1787954301491867738,1787954301491481367,5878576675995,5878576701588,72,0,0
rx,663,60,1,1,1787954301587257145,1787954301587074793,5878672065162,0,0,0,0
tx,663,60,1,1,1787954301587265256,1787954301587074793,5878672073606,5878672107773,72,0,0
rx,664,61,1,1,1787954301588471441,1787954301588238886,5878673279458,0,0,0,0
tx,664,61,1,1,1787954301588478997,1787954301588238886,5878673287255,5878673312681,72,0,0
rx,665,62,1,1,1787954301589626793,1787954301589498201,5878674434792,0,0,0,0
tx,665,62,1,1,1787954301589637941,1787954301589498201,5878674446181,5878674471551,72,0,0
rx,666,63,1,1,1787954301590783164,1787954301590619256,5878675591162,0,0,0,0
tx,666,63,1,1,1787954301590790645,1787954301590619256,5878675598884,5878675623125,72,0,0
rx,667,64,1,1,1787954301591930682,1787954301591731349,5878676738681,0,0,0,0
tx,667,64,1,1,1787954301591937960,1787954301591731349,5878676746199,5878676770218,72,0,0
