event,sequence,counter,valid_self,adopted,realtime_ns,kernel_ns,monotonic_ns,write_end_ns,written,socket_drop_total,trace_record_overflow
rx,1,1,1,1,1787954375234312249,1787954375234100638,5952319120322,0,0,0,0
tx,1,1,1,1,1787954375234318138,1787954375234100638,5952319126414,5952319154785,72,0,0
tx,1,11,1,1,1787954375245062231,1787954375234100638,5952329870414,5952329884211,72,0,0
rx,2,2,1,1,1787954375249350768,1787954375248819435,5952334158840,0,0,0,0
tx,2,21,1,1,1787954375255753138,1787954375248819435,5952340561322,5952340574951,72,0,0
rx,3,3,1,1,1787954375265386583,1787954375264676379,5952350194655,0,0,0,0
tx,3,30,1,1,1787954375265390657,1787954375264676379,5952350198840,5952350212488,72,0,0
tx,3,39,1,1,1787954375275034879,1787954375264676379,5952359843063,5952359861248,72,0,0
rx,4,4,1,1,1787954375280386157,1787954375279592601,5952365194229,0,0,0,0
tx,4,49,1,1,1787954375285718027,1787954375279592601,5952370526266,5952370540229,72,0,0
rx,5,5,1,1,1787954375294323009,1787954375294255509,5952379131081,0,0,0,0
tx,5,58,1,1,1787954375295394823,1787954375294255509,5952380203081,5952380218692,72,0,0
tx,5,67,1,1,1787954375305030805,1787954375294255509,5952389838988,5952389851822,72,0,0
rx,6,6,1,1,1787954375310382379,1787954375310282138,5952395190451,0,0,0,0
tx,6,77,1,1,1787954375315712564,1787954375310282138,5952400520803,5952400534118,72,0,0
rx,7,7,1,1,1787954375325351472,1787954375324425934,5952410159544,0,0,0,0
tx,7,86,1,1,1787954375325356620,1787954375324425934,5952410164840,5952410185340,72,0,0
tx,7,95,1,1,1787954375335022157,1787954375324425934,5952419830414,5952419844525,72,0,0
rx,8,8,1,1,1787954375339317694,1787954375339265823,5952424125766,0,0,0,0
tx,8,105,1,1,1787954375345716731,1787954375339265823,5952430524933,5952430539211,72,0,0
rx,9,9,1,1,1787954375355362638,1787954375354629046,5952440170711,0,0,0,0
tx,9,114,1,1,1787954375355366601,1787954375354629046,5952440174785,5952440190359,72,0,0
tx,9,124,1,1,1787954375366062120,1787954375354629046,5952450870377,5952450883229,72,0,0
rx,10,10,1,1,1787954375370359527,1787954375370294453,5952455167599,0,0,0,0
tx,10,134,1,1,1787954375376781990,1787954375370294453,5952461590248,5952461608062,72,0,0
rx,11,11,1,1,1787954375386418046,1787954375385394286,5952471226099,0,0,0,0
tx,11,143,1,1,1787954375386422212,1787954375385394286,5952471230451,5952471244599,72,0,0
tx,11,152,1,1,1787954375396068546,1787954375385394286,5952480876729,5952480889970,72,0,0
rx,12,12,1,1,1787954375400288397,1787954375399557971,5952485096451,0,0,0,0
tx,12,162,1,1,1787954375406683842,1787954375399557971,5952491492025,5952491508803,72,0,0
rx,13,13,1,1,1787954375415229453,1787954375414837083,5952500037525,0,0,0,0
tx,13,171,1,1,1787954375416309138,1787954375414837083,5952501117359,5952501136599,72,0,0
tx,13,181,1,1,1787954375426981879,1787954375414837083,5952511790340,5952511806303,72,0,0
rx,14,14,1,1,1787954375430199638,1787954375429514157,5952515007711,0,0,0,0
tx,14,190,1,1,1787954375436596564,1787954375429514157,5952521404840,5952521418970,72,0,0
rx,15,15,1,1,1787954375445169564,1787954375444284823,5952529977618,0,0,0,0
tx,15,199,1,1,1787954375446239897,1787954375444284823,5952531048155,5952531062155,72,0,0
tx,15,8,1,1,1787954375456938268,1787954375444284823,5952541746525,5952541760266,72,0,0
rx,16,16,1,1,1787954375460150120,1787954375459479564,5952544958192,0,0,0,0
tx,16,17,1,1,1787954375466556323,1787954375459479564,5952551364599,5952551383951,72,0,0
rx,17,17,1,1,1787954375475144286,1787954375474543360,5952559952359,0,0,0,0
tx,17,26,1,1,1787954375476213768,1787954375474543360,5952561022025,5952561037488,72,0,0
tx,17,36,1,1,1787954375486910434,1787954375474543360,5952571718618,5952571731470,72,0,0
rx,18,18,1,1,1787954375490127471,1787954375489619508,5952574935544,0,0,0,0
tx,18,45,1,1,1787954375496563471,1787954375489619508,5952581371729,5952581386377,72,0,0
rx,19,19,1,1,1787954375505135768,1787954375504310490,5952589943840,0,0,0,0
tx,19,54,1,1,1787954375506204323,1787954375504310490,5952591012507,5952591026896,72,0,0
tx,19,64,1,1,1787954375516862971,1787954375504310490,5952601671229,5952601688562,72,0,0
rx,20,20,1,1,1787954375521161342,1787954375520771416,5952605969414,0,0,0,0
tx,20,73,1,1,1787954375526498379,1787954375520771416,5952611306636,5952611323322,72,0,0
rx,21,21,1,1,1787954375536112490,1787954375535298953,5952620920562,0,0,0,0
tx,21,82,1,1,1787954375536118508,1787954375535298953,5952620926711,5952620941803,72,0,0
tx,21,92,1,1,1787954375546865305,1787954375535298953,5952631673488,5952631685507,72,0,0
rx,22,22,1,1,1787954375550068786,1787954375549636064,5952634876840,0,0,0,0
tx,22,101,1,1,1787954375556479008,1787954375549636064,5952641287266,5952641300525,72,0,0
rx,23,23,1,1,1787954375565068416,1787954375564437657,5952649876470,0,0,0,0
tx,23,110,1,1,1787954375566140490,1787954375564437657,5952650948748,5952650962877,72,0,0
tx,23,120,1,1,1787954375576833471,1787954375564437657,5952661641729,5952661657729,72,0,0
rx,24,24,1,1,1787954375580046212,1787954375579430157,5952664854285,0,0,0,0
tx,24,129,1,1,1787954375586430286,1787954375579430157,5952671238488,5952671251210,72,0,0
rx,25,25,1,1,1787954375595023231,1787954375594729638,5952679831303,0,0,0,0
tx,25,138,1,1,1787954375596094453,1787954375594729638,5952680902710,5952680918155,72,0,0
tx,25,148,1,1,1787954375606791268,1787954375594729638,5952691599451,5952691612118,72,0,0
rx,26,26,1,1,1787954375610006582,1787954375609315360,5952694814655,0,0,0,0
tx,26,157,1,1,1787954375616428805,1787954375609315360,5952701237044,5952701254155,72,0,0
rx,27,27,1,1,1787954375626084657,1787954375625260471,5952710892710,0,0,0,0
tx,27,166,1,1,1787954375626089416,1787954375625260471,5952710897636,5952710915655,72,0,0
tx,27,176,1,1,1787954375636827379,1787954375625260471,5952721635636,5952721649247,72,0,0
rx,28,28,1,1,1787954375640036823,1787954375639265749,5952724844896,0,0,0,0
tx,28,185,1,1,1787954375646407249,1787954375639265749,5952731215673,5952731229803,72,0,0
rx,29,29,1,1,1787954375654997064,1787954375654563805,5952739805118,0,0,0,0
tx,29,194,1,1,1787954375656067768,1787954375654563805,5952740876025,5952740890044,72,0,0
tx,29,3,1,1,1787954375666784490,1787954375654563805,5952751592766,5952751609562,72,0,0
rx,30,30,1,1,1787954375670003064,1787954375669314008,5952754811118,0,0,0,0
tx,30,12,1,1,1787954375676401694,1787954375669314008,5952761210136,5952761223840,72,0,0
rx,31,31,1,1,1787954375684979268,1787954375684301490,5952769787322,0,0,0,0
tx,31,21,1,1,1787954375686046842,1787954375684301490,5952770855025,5952770867803,72,0,0
tx,31,31,1,1,1787954375696745045,1787954375684301490,5952781553229,5952781565859,72,0,0
rx,32,32,1,1,1787954375699955675,1787954375699666508,5952784763747,0,0,0,0
tx,32,40,1,1,1787954375706352323,1787954375699666508,5952791160507,5952791173359,72,0,0
rx,33,33,1,1,1787954375714921749,1787954375714264823,5952799729822,0,0,0,0
tx,33,50,1,1,1787954375717054175,1787954375714264823,5952801862451,5952801881210,72,0,0
tx,33,60,1,1,1787954375727731119,1787954375714264823,5952812539396,5952812554618,72,0,0
rx,34,34,1,1,1787954375730951064,1787954375730561434,5952815759118,0,0,0,0
tx,34,69,1,1,1787954375737348768,1787954375730561434,5952822156951,5952822170784,72,0,0
rx,35,35,1,1,1787954375744919490,1787954375744631990,5952829727562,0,0,0,0
tx,35,78,1,1,1787954375747054712,1787954375744631990,5952831862896,5952831877470,72,0,0
tx,35,88,1,1,1787954375757745045,1787954375744631990,5952842553229,5952842565784,72,0,0
rx,36,36,1,1,1787954375759894268,1787954375759507916,5952844702321,0,0,0,0
tx,36,97,1,1,1787954375767428564,1787954375759507916,5952852236803,5952852256451,72,0,0
rx,37,37,1,1,1787954375774947008,1787954375774346231,5952859755081,0,0,0,0
tx,37,106,1,1,1787954375777110731,1787954375774346231,5952861918914,5952861932970,72,0,0
tx,37,116,1,1,1787954375787809823,1787954375774346231,5952872618007,5952872629859,72,0,0
rx,38,38,1,1,1787954375789955008,1787954375789473786,5952874763081,0,0,0,0
tx,38,125,1,1,1787954375797458471,1787954375789473786,5952882266655,5952882280321,72,0,0
rx,39,39,1,1,1787954375804968879,1787954375804616656,5952889776951,0,0,0,0
tx,39,134,1,1,1787954375807099008,1787954375804616656,5952891907284,5952891922210,72,0,0
tx,39,144,1,1,1787954375817884305,1787954375804616656,5952902692581,5952902712470,72,0,0
rx,40,40,1,1,1787954375820035193,1787954375819672490,5952904843266,0,0,0,0
tx,40,153,1,1,1787954375827566842,1787954375819672490,5952912375025,5952912390914,72,0,0
rx,41,41,1,1,1787954375835086230,1787954375834737249,5952919894303,0,0,0,0
tx,41,162,1,1,1787954375837217971,1787954375834737249,5952922026155,5952922040099,72,0,0
tx,41,172,1,1,1787954375847918749,1787954375834737249,5952932727007,5952932740673,72,0,0
rx,42,42,1,1,1787954375850071397,1787954375849569971,5952934879470,0,0,0,0
tx,42,181,1,1,1787954375857709749,1787954375849569971,5952942517988,5952942539581,72,0,0
rx,43,43,1,1,1787954375865237045,1787954375864501897,5952950045118,0,0,0,0
tx,43,190,1,1,1787954375867390175,1787954375864501897,5952952198433,5952952217933,72,0,0
tx,43,199,1,1,1787954375877080323,1787954375864501897,5952961888581,5952961901636,72,0,0
rx,44,44,1,1,1787954375880283008,1787954375879393990,5952965091062,0,0,0,0
tx,44,8,1,1,1787954375887745434,1787954375879393990,5952972553692,5952972567062,72,0,0
rx,45,45,1,1,1787954375895262249,1787954375894630601,5952980070321,0,0,0,0
tx,45,17,1,1,1787954375897398971,1787954375894630601,5952982207229,5952982221970,72,0,0
tx,45,26,1,1,1787954375907037397,1787954375894630601,5952991845581,5952991858266,72,0,0
rx,46,46,1,1,1787954375910245193,1787954375909440101,5952995053229,0,0,0,0
tx,46,36,1,1,1787954375917717101,1787954375909440101,5953002525358,5953002543025,72,0,0
rx,47,47,1,1,1787954375925255860,1787954375924407175,5953010063932,0,0,0,0
tx,47,45,1,1,1787954375927394212,1787954375924407175,5953012202470,5953012221432,72,0,0
tx,47,54,1,1,1787954375937035397,1787954375924407175,5953021843581,5953021855821,72,0,0
rx,48,48,1,1,1787954375940248397,1787954375939733786,5953025056451,0,0,0,0
tx,48,64,1,1,1787954375947717693,1787954375939733786,5953032525877,5953032540599,72,0,0
rx,49,49,1,1,1787954375955291249,1787954375954427971,5953040099321,0,0,0,0
tx,49,73,1,1,1787954375957427434,1787954375954427971,5953042235618,5953042250451,72,0,0
tx,49,82,1,1,1787954375967072286,1787954375954427971,5953051880544,5953051898266,72,0,0
rx,50,50,1,1,1787954375970345490,1787954375969640934,5953055153562,0,0,0,0
tx,50,92,1,1,1787954375977811749,1787954375969640934,5953062619932,5953062634618,72,0,0
rx,51,51,1,1,1787954375985317416,1787954375984290341,5953070125488,0,0,0,0
tx,51,101,1,1,1787954375987504934,1787954375984290341,5953072313118,5953072326247,72,0,0
tx,51,110,1,1,1787954375997138804,1787954375984290341,5953081946988,5953081959599,72,0,0
rx,52,52,1,1,1787954376000367267,1787954375999373675,5953085175321,0,0,0,0
tx,52,120,1,1,1787954376007846101,1787954375999373675,5953092654358,5953092668932,72,0,0
rx,53,53,1,1,1787954376015363323,1787954376014525712,5953100171395,0,0,0,0
tx,53,129,1,1,1787954376017500564,1787954376014525712,5953102308821,5953102326673,72,0,0
tx,53,138,1,1,1787954376027210341,1787954376014525712,5953112018525,5953112033581,72,0,0
rx,54,54,1,1,1787954376030420416,1787954376029369119,5953115228469,0,0,0,0
tx,54,148,1,1,1787954376037882341,1787954376029369119,5953122690525,5953122704099,72,0,0
rx,55,55,1,1,1787954376045396212,1787954376044916786,5953130204266,0,0,0,0
tx,55,157,1,1,1787954376047531304,1787954376044916786,5953132339488,5953132355562,72,0,0
tx,55,166,1,1,1787954376057217804,1787954376044916786,5953142025988,5953142038618,72,0,0
rx,56,56,1,1,1787954376060443582,1787954376059386527,5953145251636,0,0,0,0
tx,56,176,1,1,1787954376067915990,1787954376059386527,5953152724247,5953152740655,72,0,0
rx,57,57,1,1,1787954376075425749,1787954376074638249,5953160233821,0,0,0,0
tx,57,185,1,1,1787954376077564749,1787954376074638249,5953162372932,5953162386210,72,0,0
tx,57,194,1,1,1787954376087187841,1787954376074638249,5953171996025,5953172024932,72,0,0
rx,58,58,1,1,1787954376090416508,1787954376089921804,5953175224562,0,0,0,0
tx,58,3,1,1,1787954376097863582,1787954376089921804,5953182671840,5953182685710,72,0,0
rx,59,59,1,1,1787954376105349860,1787954376104319082,5953190157914,0,0,0,0
tx,59,12,1,1,1787954376107483193,1787954376104319082,5953192291377,5953192305655,72,0,0
tx,59,21,1,1,1787954376117080471,1787954376104319082,5953201888710,5953201904821,72,0,0
rx,60,60,1,1,1787954376120311878,1787954376119527564,5953205119932,0,0,0,0
tx,60,31,1,1,1787954376127779064,1787954376119527564,5953212587247,5953212604581,72,0,0
rx,61,61,1,1,1787954376135301953,1787954376135025841,5953220110025,0,0,0,0
tx,61,40,1,1,1787954376137434841,1787954376135025841,5953222243099,5953222256988,72,0,0
tx,61,49,1,1,1787954376147064953,1787954376135025841,5953231873192,5953231885932,72,0,0
rx,62,62,1,1,1787954376150282415,1787954376149567545,5953235090469,0,0,0,0
tx,62,59,1,1,1787954376157745267,1787954376149567545,5953242553451,5953242566618,72,0,0
rx,63,63,1,1,1787954376165261508,1787954376164616138,5953250069580,0,0,0,0
tx,63,68,1,1,1787954376167395619,1787954376164616138,5953252203858,5953252222006,72,0,0
tx,63,77,1,1,1787954376177048415,1787954376164616138,5953261856914,5953261868784,72,0,0
rx,64,64,1,1,1787954376180275508,1787954376179424804,5953265083580,0,0,0,0
tx,64,87,1,1,1787954376187739767,1787954376179424804,5953272547951,5953272560543,72,0,0
rx,65,65,1,1,1787954376195239860,1787954376194367249,5953280047914,0,0,0,0
tx,65,96,1,1,1787954376197374675,1787954376194367249,5953282182877,5953282196358,72,0,0
tx,65,105,1,1,1787954376207008638,1787954376194367249,5953291816821,5953291828618,72,0,0
rx,66,66,1,1,1787954376210220193,1787954376209673508,5953295028266,0,0,0,0
tx,66,115,1,1,1787954376217689971,1787954376209673508,5953302498155,5953302514729,72,0,0
rx,67,67,1,1,1787954376225192564,1787954376224391897,5953310000636,0,0,0,0
tx,67,124,1,1,1787954376227330619,1787954376224391897,5953312138858,5953312155562,72,0,0
tx,67,134,1,1,1787954376238039860,1787954376224391897,5953322848043,5953322860617,72,0,0
rx,68,68,1,1,1787954376240187527,1787954376239915638,5953324995599,0,0,0,0
tx,68,144,1,1,1787954376248715804,1787954376239915638,5953333524006,5953333538321,72,0,0
rx,69,69,1,1,1787954376255158915,1787954376254720397,5953339966988,0,0,0,0
tx,69,153,1,1,1787954376258358767,1787954376254720397,5953343166951,5953343181617,72,0,0
tx,69,163,1,1,1787954376269040712,1787954376254720397,5953353848914,5953353864266,72,0,0
rx,70,70,1,1,1787954376270128360,1787954376269218878,5953354936432,0,0,0,0
tx,70,173,1,1,1787954376279736915,1787954376269218878,5953364545340,5953364558395,72,0,0
rx,71,71,1,1,1787954376285114841,1787954376284700175,5953369922895,0,0,0,0
tx,71,182,1,1,1787954376289380286,1787954376284700175,5953374188469,5953374201340,72,0,0
tx,71,191,1,1,1787954376299011082,1787954376284700175,5953383819266,5953383832173,72,0,0
rx,72,72,1,1,1787954376300091675,1787954376299532656,5953384899747,0,0,0,0
tx,72,0,1,1,1787954376309696101,1787954376299532656,5953394504284,5953394520969,72,0,0
rx,73,73,1,1,1787954376315073915,1787954376314317360,5953399881969,0,0,0,0
tx,73,9,1,1,1787954376319351304,1787954376314317360,5953404159599,5953404176599,72,0,0
tx,73,18,1,1,1787954376329018304,1787954376314317360,5953413826488,5953413839062,72,0,0
rx,74,74,1,1,1787954376330098526,1787954376329517897,5953414906599,0,0,0,0
tx,74,28,1,1,1787954376339694841,1787954376329517897,5953424503025,5953424516136,72,0,0
rx,75,75,1,1,1787954376345032878,1787954376344755675,5953429840951,0,0,0,0
tx,75,37,1,1,1787954376349302712,1787954376344755675,5953434110969,5953434124840,72,0,0
tx,75,47,1,1,1787954376360014026,1787954376344755675,5953444822210,5953444841821,72,0,0
rx,76,76,1,1,1787954376361106008,1787954376359995730,5953445914080,0,0,0,0
tx,76,57,1,1,1787954376370698415,1787954376359995730,5953455506654,5953455519840,72,0,0
rx,77,77,1,1,1787954376375016897,1787954376374657045,5953459824951,0,0,0,0
tx,77,66,1,1,1787954376380348360,1787954376374657045,5953465156543,5953465170395,72,0,0
rx,78,78,1,1,1787954376390003712,1787954376389719323,5953474811784,0,0,0,0
tx,78,76,1,1,1787954376391072082,1787954376389719323,5953475880266,5953475893136,72,0,0
tx,78,86,1,1,1787954376401768563,1787954376389719323,5953486576747,5953486589729,72,0,0
rx,79,79,1,1,1787954376404980638,1787954376404215026,5953489788710,0,0,0,0
tx,79,95,1,1,1787954376411378063,1787954376404215026,5953496186266,5953496198691,72,0,0
rx,80,80,1,1,1787954376419969582,1787954376419255656,5953504777654,0,0,0,0
tx,80,104,1,1,1787954376421042878,1787954376419255656,5953505851173,5953505872043,72,0,0
tx,80,114,1,1,1787954376431769989,1787954376419255656,5953516578173,5953516590599,72,0,0
rx,81,81,1,1,1787954376434983156,1787954376434618804,5953519791228,0,0,0,0
tx,81,123,1,1,1787954376441380638,1787954376434618804,5953526188877,5953526201784,72,0,0
rx,82,82,1,1,1787954376449950119,1787954376449245249,5953534758191,0,0,0,0
tx,82,132,1,1,1787954376451018563,1787954376449245249,5953535826821,5953535842654,72,0,0
tx,82,142,1,1,1787954376461726008,1787954376449245249,5953546534228,5953546550728,72,0,0
rx,83,83,1,1,1787954376464947082,1787954376464927675,5953549755154,0,0,0,0
tx,83,151,1,1,1787954376471346360,1787954376464927675,5953556154543,5953556169562,72,0,0
rx,84,84,1,1,1787954376479929397,1787954376479424100,5953564737469,0,0,0,0
tx,84,161,1,1,1787954376482061767,1787954376479424100,5953566870025,5953566882821,72,0,0
tx,84,171,1,1,1787954376492734212,1787954376479424100,5953577542414,5953577554932,72,0,0
rx,85,85,1,1,1787954376494885434,1787954376494415415,5953579693488,0,0,0,0
tx,85,180,1,1,1787954376502346971,1787954376494415415,5953587155210,5953587168803,72,0,0
rx,86,86,1,1,1787954376509857508,1787954376509353045,5953594665580,0,0,0,0
tx,86,190,1,1,1787954376513017286,1787954376509353045,5953597825580,5953597843154,72,0,0
tx,86,200,1,1,1787954376523751545,1787954376509353045,5953608559784,5953608575728,72,0,0
rx,87,87,1,1,1787954376524837989,1787954376524450860,5953609646062,0,0,0,0
tx,87,8,1,1,1787954376533353915,1787954376524450860,5953618162099,5953618175506,72,0,0
rx,88,88,1,1,1787954376539822137,1787954376539632082,5953624630210,0,0,0,0
tx,88,17,1,1,1787954376543021841,1787954376539632082,5953627830025,5953627842932,72,0,0
tx,88,27,1,1,1787954376553692934,1787954376539632082,5953638501173,5953638513877,72,0,0
rx,89,89,1,1,1787954376554777249,1787954376554255897,5953639585321,0,0,0,0
tx,89,36,1,1,1787954376563312952,1787954376554255897,5953648121210,5953648138228,72,0,0
rx,90,90,1,1,1787954376569762693,1787954376569630656,5953654570765,0,0,0,0
tx,90,46,1,1,1787954376573986545,1787954376569630656,5953658794784,5953658809395,72,0,0
tx,90,55,1,1,1787954376583621415,1787954376569630656,5953668429599,5953668441284,72,0,0
rx,91,91,1,1,1787954376584702156,1787954376584402712,5953669510210,0,0,0,0
tx,91,64,1,1,1787954376593231304,1787954376584402712,5953678039488,5953678051617,72,0,0
rx,92,92,1,1,1787954376599634249,1787954376599252471,5953684442284,0,0,0,0
tx,92,74,1,1,1787954376603898286,1787954376599252471,5953688706469,5953688721080,72,0,0
tx,92,83,1,1,1787954376613532600,1787954376599252471,5953698340858,5953698356932,72,0,0
rx,93,93,1,1,1787954376615650304,1787954376614623711,5953700458377,0,0,0,0
tx,93,92,1,1,1787954376623130415,1787954376614623711,5953707938599,5953707955358,72,0,0
rx,94,94,1,1,1787954376630651971,1787954376629585045,5953715460025,0,0,0,0
tx,94,102,1,1,1787954376633853119,1787954376629585045,5953718661302,5953718675302,72,0,0
tx,94,111,1,1,1787954376643479434,1787954376629585045,5953728287617,5953728299895,72,0,0
rx,95,95,1,1,1787954376644559249,1787954376644274878,5953729367302,0,0,0,0
tx,95,120,1,1,1787954376653093008,1787954376644274878,5953737901191,5953737915265,72,0,0
rx,96,96,1,1,1787954376659530915,1787954376659449452,5953744338988,0,0,0,0
tx,96,130,1,1,1787954376663806267,1787954376659449452,5953748614488,5953748633228,72,0,0
tx,96,139,1,1,1787954376673453415,1787954376659449452,5953758261599,5953758273525,72,0,0
rx,97,97,1,1,1787954376675600397,1787954376674899526,5953760408469,0,0,0,0
tx,97,148,1,1,1787954376683064767,1787954376674899526,5953767873025,5953767885876,72,0,0
rx,98,98,1,1,1787954376690565711,1787954376689589304,5953775373765,0,0,0,0
tx,98,158,1,1,1787954376693767823,1787954376689589304,5953778576006,5953778589395,72,0,0
tx,98,167,1,1,1787954376703399674,1787954376689589304,5953788207858,5953788220802,72,0,0
rx,99,99,1,1,1787954376704479471,1787954376704452174,5953789287543,0,0,0,0
tx,99,177,1,1,1787954376714050989,1787954376704452174,5953798859228,5953798875765,72,0,0
rx,100,100,1,1,1787954376720510693,1787954376719775063,5953805318765,0,0,0,0
tx,100,187,1,1,1787954376724781156,1787954376719775063,5953809589413,5953809607839,72,0,0
tx,100,196,1,1,1787954376734427508,1787954376719775063,5953819235691,5953819248043,72,0,0
rx,101,101,1,1,1787954376735507248,1787954376734623693,5953820315302,0,0,0,0
tx,101,4,1,1,1787954376744041989,1787954376734623693,5953828850173,5953828863080,72,0,0
rx,102,102,1,1,1787954376750474230,1787954376749845637,5953835282284,0,0,0,0
tx,102,14,1,1,1787954376754744119,1787954376749845637,5953839552358,5953839566821,72,0,0
tx,102,23,1,1,1787954376764403285,1787954376749845637,5953849211580,5953849230413,72,0,0
rx,103,103,1,1,1787954376765490897,1787954376764432100,5953850298951,0,0,0,0
tx,103,32,1,1,1787954376774039323,1787954376764432100,5953858847636,5953858860802,72,0,0
rx,104,104,1,1,1787954376780485730,1787954376779761008,5953865293802,0,0,0,0
tx,104,42,1,1,1787954376784755693,1787954376779761008,5953869563932,5953869577006,72,0,0
tx,104,51,1,1,1787954376794388860,1787954376779761008,5953879197043,5953879208543,72,0,0
rx,105,105,1,1,1787954376795467600,1787954376794555100,5953880275673,0,0,0,0
tx,105,61,1,1,1787954376805062563,1787954376794555100,5953889870821,5953889883895,72,0,0
rx,106,106,1,1,1787954376809377489,1787954376809271656,5953894185543,0,0,0,0
tx,106,71,1,1,1787954376815777285,1787954376809271656,5953900585543,5953900602950,72,0,0
rx,107,107,1,1,1787954376825440397,1787954376824452285,5953910248469,0,0,0,0
tx,107,80,1,1,1787954376825444452,1787954376824452285,5953910252636,5953910269228,72,0,0
tx,107,89,1,1,1787954376835084656,1787954376824452285,5953919892950,5953919905599,72,0,0
rx,108,108,1,1,1787954376840428619,1787954376839525156,5953925236691,0,0,0,0
tx,108,99,1,1,1787954376845763656,1787954376839525156,5953930571839,5953930585450,72,0,0
rx,109,109,1,1,1787954376855397378,1787954376854342897,5953940205432,0,0,0,0
tx,109,108,1,1,1787954376855401063,1787954376854342897,5953940209321,5953940222228,72,0,0
tx,109,117,1,1,1787954376865075767,1787954376854342897,5953949883969,5953949904284,72,0,0
rx,110,110,1,1,1787954376870428471,1787954376869414656,5953955236543,0,0,0,0
tx,110,127,1,1,1787954376875764026,1787954376869414656,5953960572210,5953960587450,72,0,0
rx,111,111,1,1,1787954376885416193,1787954376884841989,5953970224265,0,0,0,0
tx,111,136,1,1,1787954376885419878,1787954376884841989,5953970228136,5953970241562,72,0,0
tx,111,145,1,1,1787954376895049600,1787954376884841989,5953979857858,5953979869913,72,0,0
rx,112,112,1,1,1787954376899328211,1787954376899301656,5953984136284,0,0,0,0
tx,112,155,1,1,1787954376905737971,1787954376899301656,5953990546154,5953990564636,72,0,0
rx,113,113,1,1,1787954376914321748,1787954376914251674,5953999129802,0,0,0,0
tx,113,164,1,1,1787954376915392785,1787954376914251674,5954000201024,5954000216228,72,0,0
tx,113,173,1,1,1787954376925141582,1787954376914251674,5954009949839,5954009964932,72,0,0
rx,114,114,1,1,1787954376930490971,1787954376929767859,5954015299024,0,0,0,0
tx,114,183,1,1,1787954376935821896,1787954376929767859,5954020630154,5954020643395,72,0,0
rx,115,115,1,1,1787954376945460248,1787954376944576582,5954030268302,0,0,0,0
tx,115,192,1,1,1787954376945464045,1787954376944576582,5954030272228,5954030285376,72,0,0
tx,115,0,1,1,1787954376955096378,1787954376944576582,5954039904562,5954039917265,72,0,0
rx,116,116,1,1,1787954376960440082,1787954376959579045,5954045248154,0,0,0,0
tx,116,10,1,1,1787954376965781082,1787954376959579045,5954050589321,5954050607673,72,0,0
rx,117,117,1,1,1787954376975430267,1787954376974630396,5954060238339,0,0,0,0
tx,117,19,1,1,1787954376975434137,1787954376974630396,5954060242395,5954060256376,72,0,0
tx,117,28,1,1,1787954376985099915,1787954376974630396,5954069908099,5954069920765,72,0,0
rx,118,118,1,1,1787954376990441711,1787954376990087415,5954075249765,0,0,0,0
tx,118,38,1,1,1787954376995775156,1787954376990087415,5954080583413,5954080597228,72,0,0
rx,119,119,1,1,1787954377005412600,1787954377004447322,5954090220673,0,0,0,0
tx,119,47,1,1,1787954377005416433,1787954377004447322,5954090224673,5954090239413,72,0,0
tx,119,56,1,1,1787954377015062748,1787954377004447322,5954099870987,5954099888024,72,0,0
rx,120,120,1,1,1787954377020413859,1787954377019801156,5954105221913,0,0,0,0
tx,120,66,1,1,1787954377025763137,1787954377019801156,5954110571358,5954110589487,72,0,0
rx,121,121,1,1,1787954377035417600,1787954377034642304,5954120225654,0,0,0,0
tx,121,75,1,1,1787954377035421600,1787954377034642304,5954120229876,5954120244061,72,0,0
tx,121,84,1,1,1787954377045051433,1787954377034642304,5954129859617,5954129871821,72,0,0
rx,122,122,1,1,1787954377049346674,1787954377049330952,5954134154747,0,0,0,0
tx,122,94,1,1,1787954377055748174,1787954377049330952,5954140556358,5954140570210,72,0,0
rx,123,123,1,1,1787954377064318174,1787954377064201137,5954149126228,0,0,0,0
tx,123,103,1,1,1787954377065389785,1787954377064201137,5954150198024,5954150213691,72,0,0
tx,123,112,1,1,1787954377075031415,1787954377064201137,5954159839598,5954159851858,72,0,0
rx,124,124,1,1,1787954377080370637,1787954377079513359,5954165178691,0,0,0,0
tx,124,122,1,1,1787954377085706619,1787954377079513359,5954170514821,5954170526876,72,0,0
rx,125,125,1,1,1787954377095335359,1787954377094739841,5954180143413,0,0,0,0
tx,125,131,1,1,1787954377095338748,1787954377094739841,5954180146987,5954180161024,72,0,0
tx,125,141,1,1,1787954377106019748,1787954377094739841,5954190827987,5954190843543,72,0,0
rx,126,126,1,1,1787954377110304526,1787954377109292285,5954195112580,0,0,0,0
tx,126,151,1,1,1787954377116709082,1787954377109292285,5954201517265,5954201531543,72,0,0
rx,127,127,1,1,1787954377125289230,1787954377124464045,5954210097302,0,0,0,0
tx,127,160,1,1,1787954377126356785,1787954377124464045,5954211164969,5954211180858,72,0,0
tx,127,170,1,1,1787954377137070526,1787954377124464045,5954221878710,5954221892247,72,0,0
rx,128,128,1,1,1787954377140282748,1787954377139480082,5954225090802,0,0,0,0
tx,128,180,1,1,1787954377147750711,1787954377139480082,5954232558950,5954232572802,72,0,0
rx,129,129,1,1,1787954377155259582,1787954377154610174,5954240067654,0,0,0,0
tx,129,189,1,1,1787954377157413396,1787954377154610174,5954242221672,5954242239395,72,0,0
tx,129,198,1,1,1787954377167055415,1787954377154610174,5954251863598,5954251876710,72,0,0
rx,130,130,1,1,1787954377170266304,1787954377169269674,5954255074376,0,0,0,0
tx,130,7,1,1,1787954377177733211,1787954377169269674,5954262541395,5954262554821,72,0,0
rx,131,131,1,1,1787954377185234137,1787954377184494230,5954270042210,0,0,0,0
tx,131,16,1,1,1787954377187370563,1787954377184494230,5954272178747,5954272192654,72,0,0
tx,131,26,1,1,1787954377198065767,1787954377184494230,5954282873950,5954282886747,72,0,0
rx,132,132,1,1,1787954377200211526,1787954377199721619,5954285019580,0,0,0,0
tx,132,36,1,1,1787954377208752359,1787954377199721619,5954293560598,5954293576932,72,0,0
rx,133,133,1,1,1787954377215218230,1787954377214141933,5954300026302,0,0,0,0
tx,133,45,1,1,1787954377218421674,1787954377214141933,5954303229858,5954303245006,72,0,0
tx,133,54,1,1,1787954377228072822,1787954377214141933,5954312881006,5954312895524,72,0,0
rx,134,134,1,1,1787954377230221526,1787954377229392581,5954315029580,0,0,0,0
tx,134,64,1,1,1787954377238751711,1787954377229392581,5954323559895,5954323573950,72,0,0
rx,135,135,1,1,1787954377245191600,1787954377244219767,5954329999672,0,0,0,0
tx,135,73,1,1,1787954377248392526,1787954377244219767,5954333200709,5954333216858,72,0,0
tx,135,82,1,1,1787954377258022933,1787954377244219767,5954342831117,5954342843043,72,0,0
rx,136,136,1,1,1787954377260183156,1787954377259504804,5954344991228,0,0,0,0
tx,136,92,1,1,1787954377268714156,1787954377259504804,5954353522413,5954353538247,72,0,0
rx,137,137,1,1,1787954377275158322,1787954377274323952,5954359966376,0,0,0,0
tx,137,101,1,1,1787954377278359970,1787954377274323952,5954363168247,5954363181339,72,0,0
tx,137,111,1,1,1787954377289052507,1787954377274323952,5954373860691,5954373873080,72,0,0
rx,138,138,1,1,1787954377290133137,1787954377289441767,5954374941191,0,0,0,0
tx,138,121,1,1,1787954377299732081,1787954377289441767,5954384540265,5954384553746,72,0,0
rx,139,139,1,1,1787954377305101989,1787954377304542044,5954389910061,0,0,0,0
tx,139,130,1,1,1787954377309376396,1787954377304542044,5954394184635,5954394201061,72,0,0
tx,139,139,1,1,1787954377319015378,1787954377304542044,5954403823561,5954403835672,72,0,0
rx,140,140,1,1,1787954377320095748,1787954377319548470,5954404903802,0,0,0,0
tx,140,149,1,1,1787954377329706359,1787954377319548470,5954414514543,5954414530450,72,0,0
rx,141,141,1,1,1787954377335087248,1787954377334505526,5954419895321,0,0,0,0
tx,141,158,1,1,1787954377339358211,1787954377334505526,5954424166432,5954424180598,72,0,0
rx,142,142,1,1,1787954377350063304,1787954377349286785,5954434871358,0,0,0,0
tx,142,168,1,1,1787954377350067044,1787954377349286785,5954434875228,5954434889895,72,0,0
tx,142,178,1,1,1787954377360776915,1787954377349286785,5954445585172,5954445601839,72,0,0
rx,143,143,1,1,1787954377365060674,1787954377364437118,5954449868746,0,0,0,0
tx,143,187,1,1,1787954377370411044,1787954377364437118,5954455219302,5954455233432,72,0,0
rx,144,144,1,1,1787954377380053211,1787954377379524822,5954464861172,0,0,0,0
tx,144,196,1,1,1787954377380059007,1787954377379524822,5954464867191,5954464881302,72,0,0
tx,144,5,1,1,1787954377390755026,1787954377379524822,5954475563209,5954475575524,72,0,0
rx,145,145,1,1,1787954377395031378,1787954377394508896,5954479839450,0,0,0,0
tx,145,14,1,1,1787954377400365378,1787954377394508896,5954485173617,5954485187543,72,0,0
tx,145,23,1,1,1787954377410004915,1787954377394508896,5954494813209,5954494832339,72,0,0
rx,146,146,1,1,1787954377411098155,1787954377410012341,5954495906209,0,0,0,0
tx,146,33,1,1,1787954377420698230,1787954377410012341,5954505506413,5954505520061,72,0,0
rx,147,147,1,1,1787954377425041618,1787954377424443026,5954509849672,0,0,0,0
tx,147,42,1,1,1787954377430377748,1787954377424443026,5954515185932,5954515202395,72,0,0
rx,148,148,1,1,1787954377440020878,1787954377439263230,5954524828950,0,0,0,0
tx,148,51,1,1,1787954377440024785,1787954377439263230,5954524832969,5954524847506,72,0,0
tx,148,61,1,1,1787954377450701044,1787954377439263230,5954535509302,5954535525987,72,0,0
rx,149,149,1,1,1787954377454993785,1787954377454906211,5954539801839,0,0,0,0
tx,149,70,1,1,1787954377460330748,1787954377454906211,5954545138932,5954545155117,72,0,0
rx,150,150,1,1,1787954377469975100,1787954377469630304,5954554783172,0,0,0,0
tx,150,80,1,1,1787954377470998785,1787954377469630304,5954555806969,5954555820691,72,0,0
tx,150,89,1,1,1787954377480627174,1787954377469630304,5954565435357,5954565447765,72,0,0
rx,151,151,1,1,1787954377484906989,1787954377484647100,5954569715043,0,0,0,0
tx,151,98,1,1,1787954377490239896,1787954377484647100,5954575048080,5954575061265,72,0,0
rx,152,152,1,1,1787954377499841137,1787954377499448433,5954584649191,0,0,0,0
tx,152,108,1,1,1787954377500911655,1787954377499448433,5954585719932,5954585734357,72,0,0
tx,152,117,1,1,1787954377510549192,1787954377499448433,5954595357376,5954595373487,72,0,0
rx,153,153,1,1,1787954377514833970,1787954377514790544,5954599642024,0,0,0,0
tx,153,126,1,1,1787954377520172192,1787954377514790544,5954604980376,5954604994043,72,0,0
rx,154,154,1,1,1787954377529825600,1787954377529586452,5954614633672,0,0,0,0
tx,154,136,1,1,1787954377530894674,1787954377529586452,5954615702857,5954615718376,72,0,0
tx,154,145,1,1,1787954377540532359,1787954377529586452,5954625340617,5954625353339,72,0,0
rx,155,155,1,1,1787954377544827896,1787954377544365248,5954629635950,0,0,0,0
tx,155,154,1,1,1787954377550162766,1787954377544365248,5954634971024,5954634986265,72,0,0
rx,156,156,1,1,1787954377559807804,1787954377559497581,5954644615765,0,0,0,0
tx,156,164,1,1,1787954377560876729,1787954377559497581,5954645684969,5954645703320,72,0,0
tx,156,173,1,1,1787954377570505304,1787954377559497581,5954655313561,5954655326117,72,0,0
rx,157,157,1,1,1787954377574787007,1787954377574299804,5954659595061,0,0,0,0
tx,157,182,1,1,1787954377580117229,1787954377574299804,5954664925413,5954664938969,72,0,0
rx,158,158,1,1,1787954377589717729,1787954377589565155,5954674525783,0,0,0,0
tx,158,192,1,1,1787954377590786266,1787954377589565155,5954675594450,5954675607302,72,0,0
tx,158,0,1,1,1787954377600413415,1787954377589565155,5954685221672,5954685234469,72,0,0
rx,159,159,1,1,1787954377604694266,1787954377604216007,5954689502320,0,0,0,0
tx,159,10,1,1,1787954377611048841,1787954377604216007,5954695857098,5954695874691,72,0,0
rx,160,160,1,1,1787954377620694470,1787954377619943766,5954705502543,0,0,0,0
tx,160,20,1,1,1787954377621773026,1787954377619943766,5954706581246,5954706597839,72,0,0
tx,160,29,1,1,1787954377631419026,1787954377619943766,5954716227209,5954716239709,72,0,0
rx,161,161,1,1,1787954377634627229,1787954377634219915,5954719435302,0,0,0,0
tx,161,38,1,1,1787954377641026137,1787954377634219915,5954725834376,5954725846746,72,0,0
rx,162,162,1,1,1787954377649614026,1787954377649546748,5954734422098,0,0,0,0
tx,162,48,1,1,1787954377651747766,1787954377649546748,5954736556024,5954736571080,72,0,0
tx,162,57,1,1,1787954377661383452,1787954377649546748,5954746191691,5954746205894,72,0,0
rx,163,163,1,1,1787954377664596396,1787954377664239729,5954749404468,0,0,0,0
tx,163,67,1,1,1787954377672059248,1787954377664239729,5954756867506,5954756880320,72,0,0
rx,164,164,1,1,1787954377679567859,1787954377679375359,5954764375931,0,0,0,0
tx,164,77,1,1,1787954377682765896,1787954377679375359,5954767574135,5954767587191,72,0,0
tx,164,86,1,1,1787954377692378655,1787954377679375359,5954777186839,5954777198987,72,0,0
rx,165,165,1,1,1787954377695593470,1787954377694549155,5954780401543,0,0,0,0
tx,165,96,1,1,1787954377703057840,1787954377694549155,5954787866024,5954787882728,72,0,0
rx,166,166,1,1,1787954377710573655,1787954377709591544,5954795381728,0,0,0,0
tx,166,106,1,1,1787954377713771044,1787954377709591544,5954798579302,5954798593654,72,0,0
tx,166,115,1,1,1787954377723419285,1787954377709591544,5954808227468,5954808243080,72,0,0
rx,167,167,1,1,1787954377725573581,1787954377724748933,5954810381654,0,0,0,0
tx,167,124,1,1,1787954377733034637,1787954377724748933,5954817842839,5954817856876,72,0,0
rx,168,168,1,1,1787954377739478600,1787954377739322100,5954824286672,0,0,0,0
tx,168,134,1,1,1787954377743747452,1787954377739322100,5954828555635,5954828568931,72,0,0
tx,168,143,1,1,1787954377753380877,1787954377739322100,5954838189191,5954838205394,72,0,0
rx,169,169,1,1,1787954377755532377,1787954377754512729,5954840340450,0,0,0,0
tx,169,153,1,1,1787954377764061285,1787954377754512729,5954848869543,5954848884913,72,0,0
rx,170,170,1,1,1787954377770508266,1787954377769665711,5954855316339,0,0,0,0
tx,170,163,1,1,1787954377774776303,1787954377769665711,5954859584561,5954859598820,72,0,0
tx,170,172,1,1,1787954377784382211,1787954377769665711,5954869190394,5954869202172,72,0,0
rx,171,171,1,1,1787954377785462989,1787954377784415396,5954870271061,0,0,0,0
tx,171,182,1,1,1787954377795059229,1787954377784415396,5954879867413,5954879879561,72,0,0
rx,172,172,1,1,1787954377800388285,1787954377799398248,5954885196357,0,0,0,0
tx,172,192,1,1,1787954377805724952,1787954377799398248,5954890533191,5954890547931,72,0,0
rx,173,173,1,1,1787954377815362952,1787954377814738896,5954900171024,0,0,0,0
tx,173,0,1,1,1787954377815367044,1787954377814738896,5954900175228,5954900192117,72,0,0
tx,173,9,1,1,1787954377825022211,1787954377814738896,5954909830394,5954909846802,72,0,0
rx,174,174,1,1,1787954377830371803,1787954377829665933,5954915179876,0,0,0,0
tx,174,19,1,1,1787954377835707026,1787954377829665933,5954920515283,5954920528357,72,0,0
rx,175,175,1,1,1787954377845348729,1787954377844464137,5954930156783,0,0,0,0
tx,175,28,1,1,1787954377845352414,1787954377844464137,5954930160598,5954930174320,72,0,0
tx,175,38,1,1,1787954377856058174,1787954377844464137,5954940866357,5954940882505,72,0,0
rx,176,176,1,1,1787954377860375396,1787954377859461859,5954945183450,0,0,0,0
tx,176,48,1,1,1787954377866779526,1787954377859461859,5954951587783,5954951608265,72,0,0
rx,177,177,1,1,1787954377875391489,1787954377874476803,5954960199542,0,0,0,0
tx,177,57,1,1,1787954377876463637,1787954377874476803,5954961271913,5954961288357,72,0,0
tx,177,66,1,1,1787954377886095748,1787954377874476803,5954970904024,5954970915524,72,0,0
rx,178,178,1,1,1787954377890373729,1787954377889641711,5954975181802,0,0,0,0
tx,178,76,1,1,1787954377896774896,1787954377889641711,5954981583154,5954981596468,72,0,0
rx,179,179,1,1,1787954377905354081,1787954377904526674,5954990162154,0,0,0,0
tx,179,85,1,1,1787954377906423303,1787954377904526674,5954991231542,5954991251561,72,0,0
tx,179,94,1,1,1787954377916074637,1787954377904526674,5955000882894,5955000895228,72,0,0
rx,180,180,1,1,1787954377920353766,1787954377919514285,5955005161820,0,0,0,0
tx,180,104,1,1,1787954377926816637,1787954377919514285,5955011624820,5955011641524,72,0,0
rx,181,181,1,1,1787954377935415822,1787954377934458433,5955020223894,0,0,0,0
tx,181,113,1,1,1787954377936486488,1787954377934458433,5955021294672,5955021309246,72,0,0
tx,181,122,1,1,1787954377946114359,1787954377934458433,5955030922542,5955030934394,72,0,0
rx,182,182,1,1,1787954377950409859,1787954377949723840,5955035217913,0,0,0,0
tx,182,132,1,1,1787954377956815970,1787954377949723840,5955041624394,5955041643339,72,0,0
rx,183,183,1,1,1787954377965403914,1787954377964409488,5955050211968,0,0,0,0
tx,183,141,1,1,1787954377966472803,1787954377964409488,5955051280987,5955051295116,72,0,0
tx,183,150,1,1,1787954377976088285,1787954377964409488,5955060896468,5955060908653,72,0,0
rx,184,184,1,1,1787954377980364877,1787954377979883840,5955065172950,0,0,0,0
tx,184,160,1,1,1787954377986761970,1787954377979883840,5955071570153,5955071582653,72,0,0
rx,185,185,1,1,1787954377995296711,1787954377994554044,5955080104783,0,0,0,0
tx,185,169,1,1,1787954377996364933,1787954377994554044,5955081173191,5955081185765,72,0,0
tx,185,179,1,1,1787954378007066414,1787954377994554044,5955091874635,5955091890672,72,0,0
rx,186,186,1,1,1787954378010244340,1787954378009312877,5955095052413,0,0,0,0
tx,186,189,1,1,1787954378017707174,1787954378009312877,5955102515468,5955102528542,72,0,0
rx,187,187,1,1,1787954378025235840,1787954378024509581,5955110043913,0,0,0,0
tx,187,198,1,1,1787954378027369525,1787954378024509581,5955112177783,5955112193542,72,0,0
tx,187,6,1,1,1787954378037009137,1787954378024509581,5955121817394,5955121830153,72,0,0
rx,188,188,1,1,1787954378040221433,1787954378039537785,5955125029487,0,0,0,0
tx,188,16,1,1,1787954378047686248,1787954378039537785,5955132494468,5955132508246,72,0,0
rx,189,189,1,1,1787954378055186822,1787954378054184100,5955139994894,0,0,0,0
tx,189,25,1,1,1787954378057329637,1787954378054184100,5955142137876,5955142155524,72,0,0
tx,189,35,1,1,1787954378068037692,1787954378054184100,5955152845968,5955152858690,72,0,0
rx,190,190,1,1,1787954378070187303,1787954378069197100,5955154995376,0,0,0,0
tx,190,45,1,1,1787954378078714229,1787954378069197100,5955163522487,5955163535116,72,0,0
rx,191,191,1,1,1787954378085151933,1787954378084466692,5955169959987,0,0,0,0
tx,191,54,1,1,1787954378088352988,1787954378084466692,5955173161228,5955173174283,72,0,0
tx,191,64,1,1,1787954378099063785,1787954378084466692,5955183872024,5955183884820,72,0,0
rx,192,192,1,1,1787954378100147044,1787954378099433322,5955184955116,0,0,0,0
tx,192,74,1,1,1787954378109746340,1787954378099433322,5955194554598,5955194571709,72,0,0
rx,193,193,1,1,1787954378115126933,1787954378114310655,5955199934987,0,0,0,0
tx,193,83,1,1,1787954378119390433,1787954378114310655,5955204198709,5955204212820,72,0,0
tx,193,92,1,1,1787954378129043174,1787954378114310655,5955213851357,5955213867227,72,0,0
rx,194,194,1,1,1787954378130129933,1787954378129418877,5955214937968,0,0,0,0
tx,194,102,1,1,1787954378139740637,1787954378129418877,5955224548820,5955224561302,72,0,0
rx,195,195,1,1,1787954378145116766,1787954378145008674,5955229924839,0,0,0,0
tx,195,111,1,1,1787954378149354118,1787954378145008674,5955234162357,5955234177450,72,0,0
rx,196,196,1,1,1787954378160059488,1787954378159304488,5955244867542,0,0,0,0
tx,196,121,1,1,1787954378160065859,1787954378159304488,5955244874098,5955244891524,72,0,0
tx,196,131,1,1,1787954378170776396,1787954378159304488,5955255584579,5955255596561,72,0,0
rx,197,197,1,1,1787954378175050229,1787954378174386007,5955259858172,0,0,0,0
tx,197,140,1,1,1787954378180386766,1787954378174386007,5955265195024,5955265208542,72,0,0
rx,198,198,1,1,1787954378190017322,1787954378189156488,5955274825394,0,0,0,0
tx,198,149,1,1,1787954378190020988,1787954378189156488,5955274829172,5955274841635,72,0,0
tx,198,159,1,1,1787954378200702248,1787954378189156488,5955285510431,5955285526894,72,0,0
rx,199,199,1,1,1787954378204989711,1787954378204568599,5955289797764,0,0,0,0
tx,199,168,1,1,1787954378210322970,1787954378204568599,5955295131209,5955295145672,72,0,0
rx,200,200,1,1,1787954378219964785,1787954378219189581,5955304772857,0,0,0,0
tx,200,178,1,1,1787954378221001470,1787954378219189581,5955305809653,5955305823394,72,0,0
tx,200,187,1,1,1787954378230637933,1787954378219189581,5955315446116,5955315459968,72,0,0
rx,201,0,1,1,1787954378234922322,1787954378234503859,5955319730394,0,0,0,0
tx,201,196,1,1,1787954378240269433,1787954378234503859,5955325077616,5955325091005,72,0,0
rx,202,1,1,1,1787954378249917673,1787954378249737488,5955334725746,0,0,0,0
tx,202,5,1,1,1787954378250987544,1787954378249737488,5955335795727,5955335813653,72,0,0
tx,202,14,1,1,1787954378260630025,1787954378249737488,5955345438209,5955345450579,72,0,0
rx,203,2,1,1,1787954378264907007,1787954378264373211,5955349715061,0,0,0,0
tx,203,23,1,1,1787954378270239618,1787954378264373211,5955355047820,5955355060283,72,0,0
rx,204,3,1,1,1787954378279868488,1787954378279253377,5955364676561,0,0,0,0
tx,204,33,1,1,1787954378280938581,1787954378279253377,5955365746764,5955365759598,72,0,0
tx,204,42,1,1,1787954378290566081,1787954378279253377,5955375374264,5955375385968,72,0,0
rx,205,4,1,1,1787954378294841766,1787954378294305285,5955379649838,0,0,0,0
tx,205,51,1,1,1787954378300178470,1787954378294305285,5955384986709,5955385005061,72,0,0
rx,206,5,1,1,1787954378309847303,1787954378309687118,5955394655376,0,0,0,0
tx,206,61,1,1,1787954378310916766,1787954378309687118,5955395725042,5955395739338,72,0,0
tx,206,70,1,1,1787954378320570433,1787954378309687118,5955405378690,5955405391542,72,0,0
rx,207,6,1,1,1787954378324860470,1787954378324642636,5955409668524,0,0,0,0
tx,207,79,1,1,1787954378330199155,1787954378324642636,5955415007431,5955415022653,72,0,0
rx,208,7,1,1,1787954378339843859,1787954378339163507,5955424651931,0,0,0,0
tx,208,89,1,1,1787954378340912822,1787954378339163507,5955425721079,5955425734190,72,0,0
tx,208,98,1,1,1787954378350543451,1787954378339163507,5955435351635,5955435364135,72,0,0
rx,209,8,1,1,1787954378354834173,1787954378354809303,5955439642227,0,0,0,0
tx,209,107,1,1,1787954378360167173,1787954378354809303,5955444975357,5955444991838,72,0,0
rx,210,9,1,1,1787954378369815636,1787954378369304747,5955454623709,0,0,0,0
tx,210,117,1,1,1787954378370886581,1787954378369304747,5955455694820,5955455708098,72,0,0
tx,210,126,1,1,1787954378380474507,1787954378369304747,5955465282764,5955465294450,72,0,0
rx,211,10,1,1,1787954378384751081,1787954378384581099,5955469559153,0,0,0,0
tx,211,135,1,1,1787954378390083914,1787954378384581099,5955474892098,5955474904320,72,0,0
rx,212,11,1,1,1787954378399681322,1787954378399255692,5955484489394,0,0,0,0
tx,212,145,1,1,1787954378400750099,1787954378399255692,5955485558338,5955485572005,72,0,0
tx,212,154,1,1,1787954378410524692,1787954378399255692,5955495332931,5955495363079,72,0,0
rx,213,12,1,1,1787954378414899488,1787954378414392970,5955499707505,0,0,0,0
tx,213,163,1,1,1787954378420331914,1787954378414392970,5955505140209,5955505168672,72,0,0
rx,214,13,1,1,1787954378430218470,1787954378429528359,5955515026450,0,0,0,0
tx,214,172,1,1,1787954378430226896,1787954378429528359,5955515035135,5955515069820,72,0,0
tx,214,181,1,1,1787954378440079636,1787954378429528359,5955524887894,5955524914301,72,0,0
rx,215,14,1,1,1787954378444451359,1787954378444405859,5955529259357,0,0,0,0
tx,215,191,1,1,1787954378450977025,1787954378444405859,5955535785283,5955535818450,72,0,0
rx,216,15,1,1,1787954378459762636,1787954378459689210,5955544570598,0,0,0,0
tx,216,200,1,1,1787954378460855044,1787954378459689210,5955545663301,5955545695098,72,0,0
tx,216,8,1,1,1787954378470686618,1787954378459689210,5955555494894,5955555520727,72,0,0
rx,217,16,1,1,1787954378475058155,1787954378474465970,5955559866135,0,0,0,0
tx,217,17,1,1,1787954378480487636,1787954378474465970,5955565296024,5955565325968,72,0,0
rx,218,17,1,1,1787954378490326007,1787954378490258396,5955575133987,0,0,0,0
tx,218,26,1,1,1787954378490337692,1787954378490258396,5955575145949,5955575173227,72,0,0
tx,218,35,1,1,1787954378500171433,1787954378490258396,5955584979709,5955585013338,72,0,0
rx,219,18,1,1,1787954378504572359,1787954378504379173,5955589380375,0,0,0,0
tx,219,45,1,1,1787954378511091507,1787954378504379173,5955595899894,5955595929246,72,0,0
rx,220,19,1,1,1787954378519852618,1787954378519295247,5955604660598,0,0,0,0
tx,220,55,1,1,1787954378522032451,1787954378519295247,5955606840912,5955606869672,72,0,0
tx,220,64,1,1,1787954378532099655,1787954378519295247,5955616908042,5955616937449,72,0,0
rx,221,20,1,1,1787954378535379118,1787954378534444377,5955620187098,0,0,0,0
tx,221,74,1,1,1787954378542985081,1787954378534444377,5955627793338,5955627819949,72,0,0
rx,222,21,1,1,1787954378549584729,1787954378549343284,5955634392598,0,0,0,0
tx,222,83,1,1,1787954378552848284,1787954378549343284,5955637656579,5955637693190,72,0,0
tx,222,92,1,1,1787954378562695210,1787954378549343284,5955647503468,5955647530079,72,0,0
rx,223,22,1,1,1787954378565971747,1787954378565026766,5955650779746,0,0,0,0
tx,223,101,1,1,1787954378572489784,1787954378565026766,5955657298042,5955657325690,72,0,0
rx,224,23,1,1,1787954378580154877,1787954378579600877,5955664962838,0,0,0,0
tx,224,110,1,1,1787954378582331784,1787954378579600877,5955667140264,5955667166931,72,0,0
tx,224,119,1,1,1787954378592154766,1787954378579600877,5955676963005,5955676988190,72,0,0
rx,225,24,1,1,1787954378595426692,1787954378594375692,5955680234635,0,0,0,0
tx,225,129,1,1,1787954378603035266,1787954378594375692,5955687843523,5955687876079,72,0,0
rx,226,25,1,1,1787954378609629970,1787954378609525377,5955694437949,0,0,0,0
tx,226,139,1,1,1787954378613978618,1787954378609525377,5955698787005,5955698816505,72,0,0
tx,226,148,1,1,1787954378623828433,1787954378609525377,5955708636690,5955708666542,72,0,0
rx,227,26,1,1,1787954378624949525,1787954378624529229,5955709757505,0,0,0,0
tx,227,157,1,1,1787954378633591470,1787954378624529229,5955718399727,5955718427264,72,0,0
rx,228,27,1,1,1787954378640183581,1787954378639445081,5955724991598,0,0,0,0
tx,228,166,1,1,1787954378643453284,1787954378639445081,5955728261542,5955728289264,72,0,0
tx,228,175,1,1,1787954378653305544,1787954378639445081,5955738113801,5955738145949,72,0,0
rx,229,28,1,1,1787954378655514692,1787954378654680803,5955740322672,0,0,0,0
tx,229,184,1,1,1787954378663110266,1787954378654680803,5955747918505,5955747947672,72,0,0
rx,230,29,1,1,1787954378669739821,1787954378669674007,5955754547820,0,0,0,0
tx,230,194,1,1,1787954378674084581,1787954378669674007,5955758892838,5955758921598,72,0,0
rx,231,30,1,1,1787954378685002599,1787954378684538395,5955769810579,0,0,0,0
tx,231,3,1,1,1787954378685010062,1787954378684538395,5955769818320,5955769845153,72,0,0
tx,231,12,1,1,1787954378694817858,1787954378684538395,5955779626098,5955779651227,72,0,0
rx,232,31,1,1,1787954378700279488,1787954378699455155,5955785087486,0,0,0,0
tx,232,21,1,1,1787954378704660562,1787954378699455155,5955789468820,5955789505431,72,0,0
rx,233,32,1,1,1787954378714516914,1787954378714419358,5955799324894,0,0,0,0
tx,233,30,1,1,1787954378714524932,1787954378714419358,5955799333172,5955799363338,72,0,0
tx,233,39,1,1,1787954378724376044,1787954378714419358,5955809184283,5955809215986,72,0,0
rx,234,33,1,1,1787954378729841247,1787954378729680932,5955814649246,0,0,0,0
tx,234,48,1,1,1787954378734196303,1787954378729680932,5955819004542,5955819033338,72,0,0
tx,234,57,1,1,1787954378744021599,1787954378729680932,5955828829838,5955828854375,72,0,0
rx,235,34,1,1,1787954378745138581,1787954378744384784,5955829946560,0,0,0,0
tx,235,67,1,1,1787954378754903840,1787954378744384784,5955839712116,5955839747579,72,0,0
rx,236,35,1,1,1787954378759323395,1787954378759278451,5955844131375,0,0,0,0
tx,236,76,1,1,1787954378764748710,1787954378759278451,5955849556968,5955849586597,72,0,0
tx,236,85,1,1,1787954378774573136,1787954378759278451,5955859381394,5955859406412,72,0,0
rx,237,36,1,1,1787954378775690562,1787954378774918599,5955860498560,0,0,0,0
tx,237,94,1,1,1787954378784363025,1787954378774918599,5955869171283,5955869197801,72,0,0
rx,238,37,1,1,1787954378789860581,1787954378789696469,5955874668560,0,0,0,0
tx,238,103,1,1,1787954378794197192,1787954378789696469,5955879005486,5955879031727,72,0,0
tx,238,112,1,1,1787954378804020784,1787954378789696469,5955888829060,5955888861894,72,0,0
rx,239,38,1,1,1787954378806231969,1787954378805183747,5955891039986,0,0,0,0
tx,239,122,1,1,1787954378814893821,1787954378805183747,5955899702116,5955899728709,72,0,0
rx,240,39,1,1,1787954378820400784,1787954378819705284,5955905208783,0,0,0,0
tx,240,131,1,1,1787954378824755025,1787954378819705284,5955909563283,5955909594820,72,0,0
rx,241,40,1,1,1787954378834594229,1787954378834385395,5955919402227,0,0,0,0
tx,241,140,1,1,1787954378834601877,1787954378834385395,5955919410134,5955919438301,72,0,0
tx,241,149,1,1,1787954378844419451,1787954378834385395,5955929227709,5955929253875,72,0,0
rx,242,41,1,1,1787954378849865303,1787954378849634006,5955934673283,0,0,0,0
tx,242,158,1,1,1787954378854189043,1787954378849634006,5955938997357,5955939028005,72,0,0
tx,242,167,1,1,1787954378864060766,1787954378849634006,5955948869005,5955948904894,72,0,0
rx,243,42,1,1,1787954378865181858,1787954378864796432,5955949989838,0,0,0,0
tx,243,177,1,1,1787954378874929803,1787954378864796432,5955959738097,5955959765968,72,0,0
rx,244,43,1,1,1787954378880447340,1787954378879774377,5955965255338,0,0,0,0
tx,244,186,1,1,1787954378884789692,1787954378879774377,5955969597931,5955969626023,72,0,0
tx,244,195,1,1,1787954378894624988,1787954378879774377,5955979433246,5955979458783,72,0,0
rx,245,44,1,1,1787954378895735655,1787954378894762599,5955980543634,0,0,0,0
tx,245,3,1,1,1787954378904455951,1787954378894762599,5955989264246,5955989297986,72,0,0
rx,246,45,1,1,1787954378909981784,1787954378909742580,5955994789764,0,0,0,0
tx,246,12,1,1,1787954378914319562,1787954378909742580,5955999127875,5955999156616,72,0,0
tx,246,21,1,1,1787954378924145692,1787954378909742580,5956008953949,5956008983116,72,0,0
rx,247,46,1,1,1787954378925279636,1787954378924499006,5956010087653,0,0,0,0
tx,247,31,1,1,1787954378935057969,1787954378924499006,5956019866264,5956019896320,72,0,0
rx,248,47,1,1,1787954378939483580,1787954378939296710,5956024291597,0,0,0,0
tx,248,41,1,1,1787954378945994321,1787954378939296710,5956030802616,5956030831227,72,0,0
rx,249,48,1,1,1787954378954756988,1787954378954319692,5956039564986,0,0,0,0
tx,249,50,1,1,1787954378955848858,1787954378954319692,5956040657134,5956040694838,72,0,0
tx,249,59,1,1,1787954378965734562,1787954378954319692,5956050542875,5956050570468,72,0,0
rx,250,49,1,1,1787954378970095858,1787954378969595117,5956054903875,0,0,0,0
tx,250,68,1,1,1787954378975525766,1787954378969595117,5956060334079,5956060361449,72,0,0
rx,251,50,1,1,1787954378985347043,1787954378984644840,5956070155042,0,0,0,0
tx,251,77,1,1,1787954378985354599,1787954378984644840,5956070162894,5956070189579,72,0,0
tx,251,86,1,1,1787954378995172729,1787954378984644840,5956079980968,5956080040523,72,0,0
rx,252,51,1,1,1787954378999585117,1787954378999346099,5956084393097,0,0,0,0
tx,252,96,1,1,1787954379006089784,1787954378999346099,5956090898042,5956090929968,72,0,0
rx,253,52,1,1,1787954379014841525,1787954379014435932,5956099649505,0,0,0,0
tx,253,106,1,1,1787954379017012655,1787954379014435932,5956101820912,5956101849449,72,0,0
tx,253,116,1,1,1787954379027927395,1787954379014435932,5956112735671,5956112766338,72,0,0
rx,254,53,1,1,1787954379030141506,1787954379029582636,5956114949486,0,0,0,0
tx,254,125,1,1,1787954379037725654,1787954379029582636,5956122533912,5956122561579,72,0,0
rx,255,54,1,1,1787954379045429821,1787954379044679673,5956130237820,0,0,0,0
tx,255,134,1,1,1787954379047615154,1787954379044679673,5956132423412,5956132455301,72,0,0
tx,255,143,1,1,1787954379057454858,1787954379044679673,5956142263208,5956142289375,72,0,0
rx,256,55,1,1,1787954379059652710,1787954379059475562,5956144460690,0,0,0,0
tx,256,152,1,1,1787954379067252543,1787954379059475562,5956152060782,5956152088968,72,0,0
rx,257,56,1,1,1787954379074896154,1787954379074622340,5956159704116,0,0,0,0
tx,257,161,1,1,1787954379077069395,1787954379074622340,5956161877653,5956161905134,72,0,0
tx,257,171,1,1,1787954379087983358,1787954379074622340,5956172791653,5956172816616,72,0,0
rx,258,57,1,1,1787954379090206247,1787954379089703914,5956175014245,0,0,0,0
tx,258,180,1,1,1787954379097800117,1787954379089703914,5956182608375,5956182639079,72,0,0
rx,259,58,1,1,1787954379105477395,1787954379104617858,5956190285394,0,0,0,0
tx,259,189,1,1,1787954379107647729,1787954379104617858,5956192455986,5956192486857,72,0,0
tx,259,198,1,1,1787954379117471525,1787954379104617858,5956202279764,5956202306079,72,0,0
rx,260,59,1,1,1787954379119666043,1787954379119456525,5956204474042,0,0,0,0
tx,260,6,1,1,1787954379127283340,1787954379119456525,5956212091579,5956212122468,72,0,0
rx,261,60,1,1,1787954379136027525,1787954379135445210,5956220835542,0,0,0,0
tx,261,15,1,1,1787954379137119729,1787954379135445210,5956221927986,5956221956134,72,0,0
tx,261,25,1,1,1787954379148034377,1787954379135445210,5956232842634,5956232873319,72,0,0
rx,262,61,1,1,1787954379150234488,1787954379149402006,5956235042486,0,0,0,0
tx,262,35,1,1,1787954379158924154,1787954379149402006,5956243732449,5956243764190,72,0,0
rx,263,62,1,1,1787954379164395766,1787954379164323969,5956249203764,0,0,0,0
tx,263,44,1,1,1787954379168744043,1787954379164323969,5956253552301,5956253580634,72,0,0
tx,263,53,1,1,1787954379178571432,1787954379164323969,5956263379690,5956263405931,72,0,0
rx,264,63,1,1,1787954379179684488,1787954379179319821,5956264492375,0,0,0,0
tx,264,62,1,1,1787954379188351099,1787954379179319821,5956273159356,5956273187023,72,0,0
rx,265,64,1,1,1787954379194924043,1787954379194732599,5956279732060,0,0,0,0
tx,265,71,1,1,1787954379198188951,1787954379194732599,5956282997227,5956283025042,72,0,0
tx,265,80,1,1,1787954379208042303,1787954379194732599,5956292850560,5956292882097,72,0,0
rx,266,65,1,1,1787954379210245747,1787954379209274265,5956295053597,0,0,0,0
tx,266,90,1,1,1787954379218918006,1787954379209274265,5956303726264,5956303753245,72,0,0
rx,267,66,1,1,1787954379224400358,1787954379224308265,5956309208375,0,0,0,0
tx,267,99,1,1,1787954379228763747,1787954379224308265,5956313572042,5956313605931,72,0,0
tx,267,108,1,1,1787954379238582895,1787954379224308265,5956323391153,5956323418542,72,0,0
rx,268,67,1,1,1787954379239700617,1787954379239478154,5956324508634,0,0,0,0
tx,268,117,1,1,1787954379248380228,1787954379239478154,5956333188486,5956333220338,72,0,0
rx,269,68,1,1,1787954379254945525,1787954379254428099,5956339753523,0,0,0,0
tx,269,126,1,1,1787954379258206488,1787954379254428099,5956343014764,5956343044375,72,0,0
tx,269,135,1,1,1787954379268027043,1787954379254428099,5956352835301,5956352860338,72,0,0
rx,270,69,1,1,1787954379270229080,1787954379269689414,5956355037097,0,0,0,0
tx,270,145,1,1,1787954379278899099,1787954379269689414,5956363707356,5956363734375,72,0,0
rx,271,70,1,1,1787954379285479784,1787954379284676654,5956370287801,0,0,0,0
tx,271,154,1,1,1787954379288743488,1787954379284676654,5956373551727,5956373579079,72,0,0
tx,271,163,1,1,1787954379298565451,1787954379284676654,5956383373782,5956383403560,72,0,0
rx,272,71,1,1,1787954379300776765,1787954379299773599,5956385584782,0,0,0,0
tx,272,172,1,1,1787954379308389080,1787954379299773599,5956393197393,5956393226875,72,0,0
rx,273,72,1,1,1787954379314963728,1787954379314211025,5956399771671,0,0,0,0
tx,273,181,1,1,1787954379318212543,1787954379314211025,5956403020875,5956403049264,72,0,0
tx,273,190,1,1,1787954379328072543,1787954379314211025,5956412880782,5956412911597,72,0,0
rx,274,73,1,1,1787954379330235469,1787954379329626191,5956415043486,0,0,0,0
tx,274,200,1,1,1787954379338892488,1787954379329626191,5956423700745,5956423728579,72,0,0
rx,275,74,1,1,1787954379345503506,1787954379344662802,5956430311523,0,0,0,0
tx,275,8,1,1,1787954379348757932,1787954379344662802,5956433566171,5956433600079,72,0,0
tx,275,17,1,1,1787954379358594580,1787954379344662802,5956443402819,5956443431245,72,0,0
rx,276,75,1,1,1787954379359694191,1787954379359410932,5956444502190,0,0,0,0
tx,276,26,1,1,1787954379368384321,1787954379359410932,5956453192579,5956453221708,72,0,0
rx,277,76,1,1,1787954379374966062,1787954379374667284,5956459774060,0,0,0,0
tx,277,35,1,1,1787954379378235339,1787954379374667284,5956463043597,5956463071153,72,0,0
tx,277,44,1,1,1787954379388064006,1787954379374667284,5956472872245,5956472898005,72,0,0
rx,278,77,1,1,1787954379390237895,1787954379389634321,5956475045893,0,0,0,0
tx,278,54,1,1,1787954379398922599,1787954379389634321,5956483730893,5956483763208,72,0,0
rx,279,78,1,1,1787954379405520117,1787954379404904895,5956490328097,0,0,0,0
tx,279,63,1,1,1787954379408785617,1787954379404904895,5956493593875,5956493623338,72,0,0
tx,279,72,1,1,1787954379418651932,1787954379404904895,5956503460171,5956503485264,72,0,0
rx,280,79,1,1,1787954379419762525,1787954379419615506,5956504570542,0,0,0,0
tx,280,81,1,1,1787954379428431747,1787954379419615506,5956513240004,5956513273264,72,0,0
rx,281,80,1,1,1787954379435027099,1787954379434552210,5956519835097,0,0,0,0
tx,281,90,1,1,1787954379438290080,1787954379434552210,5956523098319,5956523126004,72,0,0
tx,281,99,1,1,1787954379448099951,1787954379434552210,5956532908190,5956532934449,72,0,0
rx,282,81,1,1,1787954379450310525,1787954379449485839,5956535118523,0,0,0,0
tx,282,109,1,1,1787954379458970321,1787954379449485839,5956543778579,5956543810597,72,0,0
rx,283,82,1,1,1787954379465565728,1787954379464592432,5956550373708,0,0,0,0
tx,283,118,1,1,1787954379468827673,1787954379464592432,5956553635949,5956553666116,72,0,0
tx,283,127,1,1,1787954379478679617,1787954379464592432,5956563487930,5956563514579,72,0,0
rx,284,83,1,1,1787954379479792728,1787954379479448858,5956564600727,0,0,0,0
tx,284,136,1,1,1787954379488481358,1787954379479448858,5956573289597,5956573318301,72,0,0
rx,285,84,1,1,1787954379495057321,1787954379494670913,5956579865319,0,0,0,0
tx,285,145,1,1,1787954379498343562,1787954379494670913,5956583151875,5956583189319,72,0,0
tx,285,154,1,1,1787954379508233302,1787954379494670913,5956593041560,5956593071153,72,0,0
rx,286,85,1,1,1787954379510428580,1787954379509826876,5956595236560,0,0,0,0
tx,286,163,1,1,1787954379518026339,1787954379509826876,5956602834838,5956602862523,72,0,0
rx,287,86,1,1,1787954379524586358,1787954379524387469,5956609394356,0,0,0,0
tx,287,172,1,1,1787954379528109525,1787954379524387469,5956612917801,5956612951541,72,0,0
tx,287,182,1,1,1787954379539045858,1787954379524387469,5956623854116,5956623881041,72,0,0
rx,288,87,1,1,1787954379540158839,1787954379539619580,5956624966838,0,0,0,0
tx,288,192,1,1,1787954379549927562,1787954379539619580,5956634735875,5956634766782,72,0,0
rx,289,88,1,1,1787954379554368858,1787954379554309673,5956639176875,0,0,0,0
tx,289,0,1,1,1787954379559786710,1787954379554309673,5956644594967,5956644625504,72,0,0
tx,289,9,1,1,1787954379569604339,1787954379554309673,5956654412597,5956654438764,72,0,0
rx,290,89,1,1,1787954379570716228,1787954379569597988,5956655524208,0,0,0,0
tx,290,18,1,1,1787954379579389802,1787954379569597988,5956664198060,5956664225245,72,0,0
rx,291,90,1,1,1787954379584872895,1787954379584496562,5956669680912,0,0,0,0
tx,291,27,1,1,1787954379589207339,1787954379584496562,5956674015597,5956674043060,72,0,0
tx,291,36,1,1,1787954379599024265,1787954379584496562,5956683832541,5956683862541,72,0,0
rx,292,91,1,1,1787954379600145487,1787954379599650913,5956684953504,0,0,0,0
tx,292,46,1,1,1787954379609940636,1787954379599650913,5956694748893,5956694777486,72,0,0
rx,293,92,1,1,1787954379615439876,1787954379614998191,5956700247856,0,0,0,0
tx,293,55,1,1,1787954379619774617,1787954379614998191,5956704582856,5956704612393,72,0,0
tx,293,64,1,1,1787954379629624747,1787954379614998191,5956714433264,5956714464004,72,0,0
rx,294,93,1,1,1787954379630741617,1787954379629672432,5956715549597,0,0,0,0
tx,294,73,1,1,1787954379639420358,1787954379629672432,5956724228615,5956724256171,72,0,0
rx,295,94,1,1,1787954379644965765,1787954379644771154,5956729773764,0,0,0,0
tx,295,82,1,1,1787954379649299099,1787954379644771154,5956734107338,5956734146449,72,0,0
tx,295,91,1,1,1787954379659153617,1787954379644771154,5956743961875,5956743988893,72,0,0
rx,296,95,1,1,1787954379660270154,1787954379659276895,5956745078152,0,0,0,0
tx,296,101,1,1,1787954379670031413,1787954379659276895,5956754839652,5956754867467,72,0,0
rx,297,96,1,1,1787954379675566821,1787954379674590228,5956760374819,0,0,0,0
tx,297,111,1,1,1787954379680978580,1787954379674590228,5956765786819,5956765814504,72,0,0
rx,298,97,1,1,1787954379689740728,1787954379689554136,5956774548727,0,0,0,0
tx,298,120,1,1,1787954379690846117,1787954379689554136,5956775654467,5956775686634,72,0,0
tx,298,129,1,1,1787954379700690562,1787954379689554136,5956785498838,5956785526671,72,0,0
rx,299,98,1,1,1787954379705047636,1787954379704395247,5956789855652,0,0,0,0
tx,299,138,1,1,1787954379710469728,1787954379704395247,5956795278023,5956795304523,72,0,0
tx,299,147,1,1,1787954379720393450,1787954379704395247,5956805201708,5956805227764,72,0,0
rx,300,99,1,1,1787954379721514228,1787954379720584895,5956806322208,0,0,0,0
tx,300,156,1,1,1787954379730183543,1787954379720584895,5956814991838,5956815021652,72,0,0
rx,301,100,1,1,1787954379734612747,1787954379734535117,5956819420727,0,0,0,0
tx,301,165,1,1,1787954379740041747,1787954379734535117,5956824850060,5956824879152,72,0,0
rx,302,101,1,1,1787954379749878543,1787954379749610024,5956834686523,0,0,0,0
tx,302,175,1,1,1787954379750965580,1787954379749610024,5956835773875,5956835807208,72,0,0
tx,302,184,1,1,1787954379760806061,1787954379749610024,5956845614356,5956845641671,72,0,0
rx,303,102,1,1,1787954379765177210,1787954379764453691,5956849985189,0,0,0,0
tx,303,193,1,1,1787954379770605358,1787954379764453691,5956855413652,5956855443338,72,0,0
rx,304,103,1,1,1787954379780442006,1787954379779569469,5956865250004,0,0,0,0
tx,304,1,1,1,1787954379780449969,1787954379779569469,5956865258208,5956865285838,72,0,0
tx,304,10,1,1,1787954379790265561,1787954379779569469,5956875073801,5956875098893,72,0,0
rx,305,104,1,1,1787954379795726098,1787954379794764469,5956880534097,0,0,0,0
tx,305,19,1,1,1787954379800062617,1787954379794764469,5956884870875,5956884904097,72,0,0
rx,306,105,1,1,1787954379809911561,1787954379809386784,5956894719541,0,0,0,0
tx,306,29,1,1,1787954379811006598,1787954379809386784,5956895814893,5956895844893,72,0,0
tx,306,38,1,1,1787954379820847006,1787954379809386784,5956905655245,5956905680838,72,0,0
rx,307,106,1,1,1787954379825201950,1787954379824833265,5956910009930,0,0,0,0
tx,307,47,1,1,1787954379830635506,1787954379824833265,5956915443763,5956915475708,72,0,0
rx,308,107,1,1,1787954379840482784,1787954379839392561,5956925290782,0,0,0,0
tx,308,56,1,1,1787954379840490617,1787954379839392561,5956925298875,5956925326930,72,0,0
tx,308,65,1,1,1787954379850322173,1787954379839392561,5956935130412,5956935160301,72,0,0
rx,309,108,1,1,1787954379854691358,1787954379854601821,5956939499356,0,0,0,0
tx,309,74,1,1,1787954379860185691,1787954379854601821,5956944993967,5956945029523,72,0,0
rx,310,109,1,1,1787954379870051895,1787954379869761265,5956954859893,0,0,0,0
tx,310,83,1,1,1787954379870060395,1787954379869761265,5956954868652,5956954897838,72,0,0
tx,310,93,1,1,1787954379881009654,1787954379869761265,5956965817912,5956965845301,72,0,0
rx,311,110,1,1,1787954379885396821,1787954379884709376,5956970204819,0,0,0,0
tx,311,102,1,1,1787954379890819673,1787954379884709376,5956975627912,5956975654801,72,0,0
rx,312,111,1,1,1787954379900683395,1787954379899967172,5956985491115,0,0,0,0
tx,312,111,1,1,1787954379900691339,1787954379899967172,5956985499597,5956985532430,72,0,0
tx,312,120,1,1,1787954379910563839,1787954379899967172,5956995372097,5956995399263,72,0,0
rx,313,112,1,1,1787954379914928932,1787954379914738358,5956999736949,0,0,0,0
tx,313,129,1,1,1787954379920324191,1787954379914738358,5957005132449,5957005166226,72,0,0
rx,314,113,1,1,1787954379930639987,1787954379930217561,5957015448004,0,0,0,0
tx,314,138,1,1,1787954379930649210,1787954379930217561,5957015457467,5957015496263,72,0,0
tx,314,147,1,1,1787954379940495228,1787954379930217561,5957025303597,5957025336689,72,0,0
rx,315,114,1,1,1787954379944876024,1787954379944450469,5957029684004,0,0,0,0
tx,315,156,1,1,1787954379950300450,1787954379944450469,5957035108708,5957035139745,72,0,0
rx,316,115,1,1,1787954379960143672,1787954379959609098,5957044951689,0,0,0,0
tx,316,165,1,1,1787954379960151987,1787954379959609098,5957044960245,5957044990652,72,0,0
tx,316,175,1,1,1787954379971061228,1787954379959609098,5957055869541,5957055896226,72,0,0
rx,317,116,1,1,1787954379974340617,1787954379974316635,5957059148597,0,0,0,0
tx,317,185,1,1,1787954379981925561,1787954379974316635,5957066733800,5957066759319,72,0,0
rx,318,117,1,1,1787954379990674876,1787954379989603524,5957075482875,0,0,0,0
tx,318,194,1,1,1787954379991767080,1787954379989603524,5957076575319,5957076607930,72,0,0
tx,318,2,1,1,1787954380001598506,1787954379989603524,5957086406819,5957086432449,72,0,0
rx,319,118,1,1,1787954380004878765,1787954380004718098,5957089686763,0,0,0,0
tx,319,11,1,1,1787954380011412932,1787954380004718098,5957096221226,5957096252097,72,0,0
rx,320,119,1,1,1787954380020170987,1787954380019554080,5957104978949,0,0,0,0
tx,320,20,1,1,1787954380021271932,1787954380019554080,5957106080226,5957106108393,72,0,0
tx,320,29,1,1,1787954380031114191,1787954380019554080,5957115922430,5957115953449,72,0,0
rx,321,120,1,1,1787954380035475672,1787954380035002746,5957120283671,0,0,0,0
tx,321,39,1,1,1787954380041980172,1787954380035002746,5957126788430,5957126814874,72,0,0
rx,322,121,1,1,1787954380050733117,1787954380049775524,5957135541097,0,0,0,0
tx,322,48,1,1,1787954380051832784,1787954380049775524,5957136641023,5957136674041,72,0,0
tx,322,57,1,1,1787954380061700209,1787954380049775524,5957146508449,5957146536041,72,0,0
rx,323,122,1,1,1787954380064975895,1787954380064428543,5957149783893,0,0,0,0
tx,323,66,1,1,1787954380071477746,1787954380064428543,5957156285986,5957156312819,72,0,0
rx,324,123,1,1,1787954380080263598,1787954380079341524,5957165071597,0,0,0,0
tx,324,75,1,1,1787954380081350154,1787954380079341524,5957166158467,5957166185300,72,0,0
tx,324,84,1,1,1787954380091168061,1787954380079341524,5957175976356,5957176026245,72,0,0
rx,325,124,1,1,1787954380095563506,1787954380094652709,5957180371449,0,0,0,0
tx,325,94,1,1,1787954380102072543,1787954380094652709,5957186880837,5957186912541,72,0,0
rx,326,125,1,1,1787954380109773265,1787954380109445506,5957194581263,0,0,0,0
tx,326,104,1,1,1787954380113032061,1787954380109445506,5957197840319,5957197869856,72,0,0
tx,326,114,1,1,1787954380123934043,1787954380109445506,5957208742282,5957208768023,72,0,0
rx,327,126,1,1,1787954380125043080,1787954380124500061,5957209851060,0,0,0,0
tx,327,123,1,1,1787954380133760376,1787954380124500061,5957218568652,5957218600263,72,0,0
rx,328,127,1,1,1787954380140342209,1787954380139950043,5957225150189,0,0,0,0
tx,328,132,1,1,1787954380143618839,1787954380139950043,5957228427097,5957228459708,72,0,0
tx,328,141,1,1,1787954380153448728,1787954380139950043,5957238256986,5957238283189,72,0,0
rx,329,128,1,1,1787954380155646302,1787954380154537154,5957240454282,0,0,0,0
tx,329,150,1,1,1787954380163263913,1787954380154537154,5957248072171,5957248101745,72,0,0
rx,330,129,1,1,1787954380169857413,1787954380169566561,5957254665411,0,0,0,0
tx,330,159,1,1,1787954380173112246,1787954380169566561,5957257920504,5957257948319,72,0,0
tx,330,169,1,1,1787954380184020691,1787954380169566561,5957268828967,5957268855134,72,0,0
rx,331,130,1,1,1787954380185130932,1787954380184299598,5957269938930,0,0,0,0
tx,331,179,1,1,1787954380194891654,1787954380184299598,5957279699911,5957279730930,72,0,0
rx,332,131,1,1,1787954380200402283,1787954380199420320,5957285210263,0,0,0,0
tx,332,188,1,1,1787954380204738172,1787954380199420320,5957289546430,5957289576282,72,0,0
rx,333,132,1,1,1787954380214611987,1787954380214232691,5957299419967,0,0,0,0
tx,333,197,1,1,1787954380214620061,1787954380214232691,5957299428319,5957299456985,72,0,0
tx,333,5,1,1,1787954380224451320,1787954380214232691,5957309259578,5957309285319,72,0,0
rx,334,133,1,1,1787954380232078598,1787954380231498024,5957316886578,0,0,0,0
tx,334,14,1,1,1787954380234247598,1787954380231498024,5957319055874,5957319089763,72,0,0
tx,334,23,1,1,1787954380244097543,1787954380231498024,5957328905856,5957328938282,72,0,0
rx,335,134,1,1,1787954380245255820,1787954380245012061,5957330063837,0,0,0,0
tx,335,33,1,1,1787954380255023635,1787954380245012061,5957339831930,5957339861745,72,0,0
rx,336,135,1,1,1787954380260533191,1787954380259911172,5957345341208,0,0,0,0
tx,336,43,1,1,1787954380265952894,1787954380259911172,5957350761189,5957350789374,72,0,0
rx,337,136,1,1,1787954380275778061,1787954380274689894,5957360586060,0,0,0,0
tx,337,52,1,1,1787954380275786043,1787954380274689894,5957360594337,5957360622004,72,0,0
tx,337,61,1,1,1787954380285627006,1787954380274689894,5957370435263,5957370462356,72,0,0
rx,338,137,1,1,1787954380289979709,1787954380289644728,5957374787708,0,0,0,0
tx,338,70,1,1,1787954380295425061,1787954380289644728,5957380233319,5957380265226,72,0,0
rx,339,138,1,1,1787954380305283857,1787954380304750617,5957390091856,0,0,0,0
tx,339,79,1,1,1787954380305292061,1787954380304750617,5957390100319,5957390130245,72,0,0
tx,339,88,1,1,1787954380315110098,1787954380304750617,5957399918393,5957399943004,72,0,0
rx,340,139,1,1,1787954380320555950,1787954380319629802,5957405363930,0,0,0,0
tx,340,98,1,1,1787954380325986117,1787954380319629802,5957410794374,5957410821615,72,0,0
rx,341,140,1,1,1787954380335826487,1787954380335722987,5957420634485,0,0,0,0
tx,341,107,1,1,1787954380335834876,1787954380335722987,5957420643134,5957420673078,72,0,0
tx,341,116,1,1,1787954380345675543,1787954380335722987,5957430483874,5957430516059,72,0,0
rx,342,141,1,1,1787954380350046487,1787954380349912617,5957434854467,0,0,0,0
tx,342,125,1,1,1787954380355467617,1787954380349912617,5957440275874,5957440303800,72,0,0
rx,343,142,1,1,1787954380365303746,1787954380364352876,5957450111745,0,0,0,0
tx,343,134,1,1,1787954380365311302,1787954380364352876,5957450119578,5957450148837,72,0,0
tx,343,143,1,1,1787954380375148635,1787954380364352876,5957459956911,5957459983059,72,0,0
rx,344,143,1,1,1787954380380586191,1787954380379536802,5957465394189,0,0,0,0
tx,344,153,1,1,1787954380386010154,1787954380379536802,5957470818448,5957470844134,72,0,0
rx,345,144,1,1,1787954380394753135,1787954380394664339,5957479561115,0,0,0,0
tx,345,163,1,1,1787954380396925746,1787954380394664339,5957481734041,5957481775948,72,0,0
tx,345,172,1,1,1787954380406795061,1787954380394664339,5957491603319,5957491630559,72,0,0
rx,346,145,1,1,1787954380410073802,1787954380409689617,5957494881800,0,0,0,0
tx,346,181,1,1,1787954380416585950,1787954380409689617,5957501394245,5957501421615,72,0,0
rx,347,146,1,1,1787954380425339487,1787954380424588135,5957510147467,0,0,0,0
tx,347,190,1,1,1787954380426425487,1787954380424588135,5957511233837,5957511261115,72,0,0
tx,347,199,1,1,1787954380436249857,1787954380424588135,5957521058115,5957521088115,72,0,0
rx,348,147,1,1,1787954380440634228,1787954380440225320,5957525442226,0,0,0,0
tx,348,7,1,1,1787954380446062043,1787954380440225320,5957530870411,5957530902708,72,0,0
rx,349,148,1,1,1787954380455932598,1787954380455006117,5957540740596,0,0,0,0
tx,349,17,1,1,1787954380457019135,1787954380455006117,5957541827448,5957541858671,72,0,0
tx,349,27,1,1,1787954380467915005,1787954380455006117,5957552723319,5957552750004,72,0,0
rx,350,149,1,1,1787954380470116487,1787954380469629117,5957554924467,0,0,0,0
tx,350,36,1,1,1787954380477714691,1787954380469629117,5957562522948,5957562550133,72,0,0
rx,351,150,1,1,1787954380485398061,1787954380484642061,5957570206078,0,0,0,0
tx,351,45,1,1,1787954380487579617,1787954380484642061,5957572387874,5957572418356,72,0,0
tx,351,54,1,1,1787954380497411080,1787954380484642061,5957582219374,5957582247059,72,0,0
rx,352,151,1,1,1787954380499611783,1787954380499340524,5957584419782,0,0,0,0
tx,352,63,1,1,1787954380507229543,1787954380499340524,5957592037800,5957592067300,72,0,0
rx,353,152,1,1,1787954380514906654,1787954380514404061,5957599714652,0,0,0,0
tx,353,72,1,1,1787954380517077876,1787954380514404061,5957601886133,5957601916226,72,0,0
tx,353,82,1,1,1787954380528023154,1787954380514404061,5957612831393,5957612856837,72,0,0
rx,354,153,1,1,1787954380530215617,1787954380529313580,5957615023633,0,0,0,0
tx,354,92,1,1,1787954380538912154,1787954380529313580,5957623720467,5957623759263,72,0,0
rx,355,154,1,1,1787954380545544376,1787954380544467505,5957630352356,0,0,0,0
tx,355,101,1,1,1787954380548797024,1787954380544467505,5957633605282,5957633634541,72,0,0
tx,355,110,1,1,1787954380558631598,1787954380544467505,5957643439837,5957643468245,72,0,0
rx,356,155,1,1,1787954380559726635,1787954380559570228,5957644534633,0,0,0,0
tx,356,119,1,1,1787954380568412246,1787954380559570228,5957653220559,5957653249004,72,0,0
rx,357,156,1,1,1787954380574988042,1787954380574326209,5957659796041,0,0,0,0
tx,357,128,1,1,1787954380578250913,1787954380574326209,5957663059170,5957663086152,72,0,0
tx,357,137,1,1,1787954380588070135,1787954380574326209,5957672878393,5957672904245,72,0,0
rx,358,157,1,1,1787954380590258913,1787954380589375005,5957675066911,0,0,0,0
tx,358,147,1,1,1787954380598935579,1787954380589375005,5957683743874,5957683774819,72,0,0
rx,359,158,1,1,1787954380604444728,1787954380604288320,5957689252745,0,0,0,0
tx,359,156,1,1,1787954380608784524,1787954380604288320,5957693592819,5957693622374,72,0,0
tx,359,165,1,1,1787954380618623709,1787954380604288320,5957703431967,5957703458485,72,0,0
rx,360,159,1,1,1787954380619736691,1787954380619704876,5957704544670,0,0,0,0
tx,360,174,1,1,1787954380628384950,1787954380619704876,5957713193207,5957713220911,72,0,0
rx,361,160,1,1,1787954380635007228,1787954380634409154,5957719815226,0,0,0,0
tx,361,183,1,1,1787954380638249820,1787954380634409154,5957723058115,5957723089615,72,0,0
tx,361,192,1,1,1787954380648087654,1787954380634409154,5957732895911,5957732926670,72,0,0
rx,362,161,1,1,1787954380650288061,1787954380649800061,5957735096041,0,0,0,0
tx,362,1,1,1,1787954380658942468,1787954380649800061,5957743750744,5957743779819,72,0,0
rx,363,162,1,1,1787954380665523450,1787954380664617542,5957750331467,0,0,0,0
tx,363,10,1,1,1787954380668788135,1787954380664617542,5957753596467,5957753626337,72,0,0
tx,363,19,1,1,1787954380678609783,1787954380664617542,5957763418041,5957763444189,72,0,0
rx,364,163,1,1,1787954380679721765,1787954380679644450,5957764529763,0,0,0,0
tx,364,28,1,1,1787954380688391765,1787954380679644450,5957773200041,5957773235170,72,0,0
rx,365,164,1,1,1787954380694986728,1787954380694403116,5957779794726,0,0,0,0
tx,365,37,1,1,1787954380698230579,1787954380694403116,5957783038837,5957783070282,72,0,0
tx,365,46,1,1,1787954380708054468,1787954380694403116,5957792862707,5957792888133,72,0,0
rx,366,165,1,1,1787954380710269950,1787954380709657394,5957795077911,0,0,0,0
tx,366,56,1,1,1787954380718912709,1787954380709657394,5957803721004,5957803750004,72,0,0
rx,367,166,1,1,1787954380725491487,1787954380724399765,5957810299467,0,0,0,0
tx,367,65,1,1,1787954380728752413,1787954380724399765,5957813560670,5957813588226,72,0,0
tx,367,74,1,1,1787954380738627376,1787954380724399765,5957823435615,5957823469800,72,0,0
rx,368,167,1,1,1787954380739748672,1787954380739361376,5957824556652,0,0,0,0
tx,368,83,1,1,1787954380748429691,1787954380739361376,5957833237930,5957833266281,72,0,0
rx,369,168,1,1,1787954380755027579,1787954380754279042,5957839835559,0,0,0,0
tx,369,92,1,1,1787954380758289672,1787954380754279042,5957843097911,5957843128337,72,0,0
tx,369,101,1,1,1787954380768098950,1787954380754279042,5957852907189,5957852933763,72,0,0
rx,370,169,1,1,1787954380770306894,1787954380769838802,5957855114911,0,0,0,0
tx,370,111,1,1,1787954380778974746,1787954380769838802,5957863783004,5957863810467,72,0,0
rx,371,170,1,1,1787954380785562839,1787954380784937616,5957870370818,0,0,0,0
tx,371,120,1,1,1787954380788825820,1787954380784937616,5957873634096,5957873668374,72,0,0
tx,371,129,1,1,1787954380798649450,1787954380784937616,5957883457707,5957883483189,72,0,0
rx,372,171,1,1,1787954380799767746,1787954380799451987,5957884575763,0,0,0,0
tx,372,138,1,1,1787954380808440246,1787954380799451987,5957893248504,5957893276967,72,0,0
rx,373,172,1,1,1787954380815039820,1787954380814554894,5957899847837,0,0,0,0
tx,373,147,1,1,1787954380818299024,1787954380814554894,5957903107281,5957903134707,72,0,0
tx,373,156,1,1,1787954380828122265,1787954380814554894,5957912930504,5957912956115,72,0,0
rx,374,173,1,1,1787954380830318709,1787954380829603635,5957915126652,0,0,0,0
tx,374,166,1,1,1787954380839019802,1787954380829603635,5957923828096,5957923863374,72,0,0
rx,375,174,1,1,1787954380845608616,1787954380844761746,5957930416615,0,0,0,0
tx,375,176,1,1,1787954380849957746,1787954380844761746,5957934765985,5957934795763,72,0,0
rx,376,175,1,1,1787954380859789913,1787954380859635190,5957944597911,0,0,0,0
tx,376,185,1,1,1787954380859798579,1787954380859635190,5957944606855,5957944648893,72,0,0
tx,376,194,1,1,1787954380869675302,1787954380859635190,5957954483633,5957954510670,72,0,0
rx,377,176,1,1,1787954380875122968,1787954380874659283,5957959930948,0,0,0,0
tx,377,2,1,1,1787954380879456042,1787954380874659283,5957964264300,5957964291893,72,0,0
tx,377,11,1,1,1787954380889286876,1787954380874659283,5957974095133,5957974122670,72,0,0
rx,378,177,1,1,1787954380890408950,1787954380889835135,5957975216967,0,0,0,0
tx,378,20,1,1,1787954380899091931,1787954380889835135,5957983900189,5957983931355,72,0,0
rx,379,178,1,1,1787954380905690709,1787954380904805413,5957990498726,0,0,0,0
tx,379,30,1,1,1787954380910031505,1787954380904805413,5957994839800,5957994869559,72,0,0
rx,380,179,1,1,1787954380919899839,1787954380919594357,5958004707855,0,0,0,0
tx,380,40,1,1,1787954380920994153,1787954380919594357,5958005802467,5958005830522,72,0,0
tx,380,49,1,1,1787954380930820876,1787954380919594357,5958015629133,5958015654892,72,0,0
rx,381,180,1,1,1787954380935308005,1787954380934736894,5958020115985,0,0,0,0
tx,381,58,1,1,1787954380940756190,1787954380934736894,5958025564485,5958025600559,72,0,0
rx,382,181,1,1,1787954380950604598,1787954380949720598,5958035412596,0,0,0,0
tx,382,67,1,1,1787954380950612505,1787954380949720598,5958035420763,5958035448689,72,0,0
tx,382,76,1,1,1787954380960483413,1787954380949720598,5958045291670,5958045319596,72,0,0
rx,383,182,1,1,1787954380964859357,1787954380964210857,5958049667337,0,0,0,0
tx,383,85,1,1,1787954380970282153,1787954380964210857,5958055090429,5958055118022,72,0,0
rx,384,183,1,1,1787954380980117042,1787954380979964820,5958064925004,0,0,0,0
tx,384,94,1,1,1787954380980124413,1787954380979964820,5958064932652,5958064959078,72,0,0
tx,384,104,1,1,1787954380991022450,1787954380979964820,5958075830744,5958075862244,72,0,0
rx,385,184,1,1,1787954380995407394,1787954380994427487,5958080215374,0,0,0,0
tx,385,114,1,1,1787954381001914135,1787954380994427487,5958086722429,5958086750522,72,0,0
rx,386,185,1,1,1787954381009594727,1787954381009381727,5958094402596,0,0,0,0
tx,386,123,1,1,1787954381011774357,1787954381009381727,5958096582596,5958096610800,72,0,0
tx,386,132,1,1,1787954381021614394,1787954381009381727,5958106422652,5958106448152,72,0,0
rx,387,186,1,1,1787954381024894468,1787954381024496376,5958109702411,0,0,0,0
tx,387,141,1,1,1787954381031390598,1787954381024496376,5958116198837,5958116225041,72,0,0
rx,388,187,1,1,1787954381040169783,1787954381039488209,5958124977781,0,0,0,0
tx,388,150,1,1,1787954381041261357,1787954381039488209,5958126069633,5958126104596,72,0,0
tx,388,159,1,1,1787954381051117857,1787954381039488209,5958135926133,5958135952244,72,0,0
rx,389,188,1,1,1787954381055442283,1787954381055015950,5958140250281,0,0,0,0
tx,389,169,1,1,1787954381061950727,1787954381055015950,5958146759041,5958146788059,72,0,0
rx,390,189,1,1,1787954381069629505,1787954381069368709,5958154437522,0,0,0,0
tx,390,178,1,1,1787954381071803468,1787954381069368709,5958156611707,5958156639911,72,0,0
tx,390,187,1,1,1787954381081629264,1787954381069368709,5958166437522,5958166463874,72,0,0
rx,391,190,1,1,1787954381085986005,1787954381085162413,5958170793985,0,0,0,0
tx,391,196,1,1,1787954381091418283,1787954381085162413,5958176226541,5958176258374,72,0,0
rx,392,191,1,1,1787954381100176301,1787954381099482950,5958184984263,0,0,0,0
tx,392,4,1,1,1787954381101265320,1787954381099482950,5958186073615,5958186100744,72,0,0
tx,392,13,1,1,1787954381111086450,1787954381099482950,5958195894689,5958195921726,72,0,0
rx,393,192,1,1,1787954381115442894,1787954381114648375,5958200250781,0,0,0,0
tx,393,23,1,1,1787954381121946005,1787954381114648375,5958206754281,5958206781985,72,0,0
rx,394,193,1,1,1787954381130693968,1787954381129959579,5958215501948,0,0,0,0
tx,394,32,1,1,1787954381131792005,1787954381129959579,5958216600263,5958216627152,72,0,0
tx,394,41,1,1,1787954381141644727,1787954381129959579,5958226453003,5958226487355,72,0,0
rx,395,194,1,1,1787954381144885709,1787954381144524338,5958229693689,0,0,0,0
tx,395,50,1,1,1787954381151409431,1787954381144524338,5958236217689,5958236246633,72,0,0
rx,396,195,1,1,1787954381160171375,1787954381159690561,5958244979355,0,0,0,0
tx,396,59,1,1,1787954381161269987,1787954381159690561,5958246078244,5958246108337,72,0,0
tx,396,68,1,1,1787954381171108524,1787954381159690561,5958255916781,5958255943263,72,0,0
rx,397,196,1,1,1787954381175447042,1787954381174592505,5958260255040,0,0,0,0
tx,397,78,1,1,1787954381181960579,1787954381174592505,5958266768966,5958266795781,72,0,0
rx,398,197,1,1,1787954381190721375,1787954381190055005,5958275529392,0,0,0,0
tx,398,87,1,1,1787954381191819468,1787954381190055005,5958276627726,5958276661559,72,0,0
tx,398,96,1,1,1787954381201662598,1787954381190055005,5958286470837,5958286497466,72,0,0
rx,399,198,1,1,1787954381204944524,1787954381204817135,5958289752522,0,0,0,0
tx,399,105,1,1,1787954381211433894,1787954381204817135,5958296242152,5958296272226,72,0,0
rx,400,199,1,1,1787954381220178412,1787954381219488005,5958304986411,0,0,0,0
tx,400,114,1,1,1787954381221267653,1787954381219488005,5958306075911,5958306103781,72,0,0
tx,400,123,1,1,1787954381231088727,1787954381219488005,5958315896966,5958315923929,72,0,0
rx,401,200,1,1,1787954381235467357,1787954381234627209,5958320275337,0,0,0,0
tx,401,133,1,1,1787954381241996709,1787954381234627209,5958326805152,5958326839596,72,0,0
rx,402,0,1,1,1787954381249672320,1787954381249413542,5958334480300,0,0,0,0
tx,402,142,1,1,1787954381251855135,1787954381249413542,5958336663392,5958336691374,72,0,0
tx,402,151,1,1,1787954381261676764,1787954381249413542,5958346485022,5958346511633,72,0,0
rx,403,1,1,1,1787954381264956912,1787954381264652857,5958349764911,0,0,0,0
tx,403,160,1,1,1787954381271457986,1787954381264652857,5958356266244,5958356294300,72,0,0
rx,404,2,1,1,1787954381280208931,1787954381279618042,5958365016911,0,0,0,0
tx,404,169,1,1,1787954381281295635,1787954381279618042,5958366103892,5958366131540,72,0,0
tx,404,178,1,1,1787954381291122338,1787954381279618042,5958375930652,5958375961522,72,0,0
rx,405,3,1,1,1787954381295501894,1787954381294880061,5958380309892,0,0,0,0
tx,405,188,1,1,1787954381302003468,1787954381294880061,5958386811744,5958386839744,72,0,0
rx,406,4,1,1,1787954381310749542,1787954381310137838,5958395557540,0,0,0,0
tx,406,197,1,1,1787954381311839709,1787954381310137838,5958396647948,5958396676355,72,0,0
tx,406,5,1,1,1787954381321660412,1787954381310137838,5958406468670,5958406494985,72,0,0
rx,407,5,1,1,1787954381326027523,1787954381325573542,5958410835522,0,0,0,0
tx,407,14,1,1,1787954381331444172,1787954381325573542,5958416252466,5958416279151,72,0,0
rx,408,6,1,1,1787954381341300394,1787954381340492838,5958426108374,0,0,0,0
tx,408,23,1,1,1787954381341308709,1787954381340492838,5958426116985,5958426153466,72,0,0
tx,408,32,1,1,1787954381351159172,1787954381340492838,5958435967411,5958435993596,72,0,0
rx,409,7,1,1,1787954381355525301,1787954381355323561,5958440333300,0,0,0,0
tx,409,42,1,1,1787954381362022320,1787954381355323561,5958446830651,5958446860207,72,0,0
rx,410,8,1,1,1787954381369699949,1787954381369542338,5958454507929,0,0,0,0
tx,410,52,1,1,1787954381372955820,1787954381369542338,5958457764059,5958457792948,72,0,0
tx,410,61,1,1,1787954381382808190,1787954381369542338,5958467616485,5958467646411,72,0,0
rx,411,9,1,1,1787954381385018968,1787954381384416338,5958469826985,0,0,0,0
tx,411,70,1,1,1787954381392635579,1787954381384416338,5958477443837,5958477470855,72,0,0
rx,412,10,1,1,1787954381400322227,1787954381399880116,5958485130170,0,0,0,0
tx,412,79,1,1,1787954381402516338,1787954381399880116,5958487324596,5958487352170,72,0,0
tx,412,88,1,1,1787954381412362079,1787954381399880116,5958497170337,5958497204429,72,0,0
rx,413,11,1,1,1787954381415689560,1787954381414679301,5958500497577,0,0,0,0
tx,413,97,1,1,1787954381422197820,1787954381414679301,5958507006077,5958507033244,72,0,0
rx,414,12,1,1,1787954381429853579,1787954381429604690,5958514661596,0,0,0,0
tx,414,106,1,1,1787954381432038153,1787954381429604690,5958516846411,5958516873707,72,0,0
tx,414,116,1,1,1787954381442980672,1787954381429604690,5958527788966,5958527824263,72,0,0
rx,415,13,1,1,1787954381445181505,1787954381444408968,5958529989522,0,0,0,0
tx,415,125,1,1,1787954381452788042,1787954381444408968,5958537596300,5958537625559,72,0,0
rx,416,14,1,1,1787954381460462172,1787954381459639838,5958545270151,0,0,0,0
tx,416,134,1,1,1787954381462643912,1787954381459639838,5958547452244,5958547481133,72,0,0
tx,416,143,1,1,1787954381472477505,1787954381459639838,5958557285763,5958557311855,72,0,0
rx,417,15,1,1,1787954381474672023,1787954381474319505,5958559480003,0,0,0,0
tx,417,152,1,1,1787954381482272542,1787954381474319505,5958567080874,5958567107596,72,0,0
rx,418,16,1,1,1787954381489935635,1787954381489422597,5958574743596,0,0,0,0
tx,418,161,1,1,1787954381492115857,1787954381489422597,5958576924300,5958576957300,72,0,0
tx,418,171,1,1,1787954381503055875,1787954381489422597,5958587864170,5958587890855,72,0,0
rx,419,17,1,1,1787954381505245542,1787954381504553468,5958590053522,0,0,0,0
tx,419,181,1,1,1787954381513916931,1787954381504553468,5958598725188,5958598755429,72,0,0
rx,420,18,1,1,1787954381520514283,1787954381519573838,5958605322281,0,0,0,0
tx,420,190,1,1,1787954381523728264,1787954381519573838,5958608536503,5958608565133,72,0,0
tx,420,199,1,1,1787954381533567375,1787954381519573838,5958618375633,5958618406466,72,0,0
rx,421,19,1,1,1787954381535799968,1787954381534703468,5958620607966,0,0,0,0
tx,421,7,1,1,1787954381543399820,1787954381534703468,5958628208133,5958628241929,72,0,0
rx,422,20,1,1,1787954381549996005,1787954381549469060,5958634804003,0,0,0,0
tx,422,16,1,1,1787954381553250431,1787954381549469060,5958638058707,5958638085892,72,0,0
tx,422,25,1,1,1787954381563069357,1787954381549469060,5958647877781,5958647905022,72,0,0
rx,423,21,1,1,1787954381565268320,1787954381564946783,5958650076337,0,0,0,0
tx,423,35,1,1,1787954381573944690,1787954381564946783,5958658752929,5958658781003,72,0,0
rx,424,22,1,1,1787954381580516134,1787954381579588060,5958665324114,0,0,0,0
tx,424,44,1,1,1787954381583793357,1787954381579588060,5958668601596,5958668637262,72,0,0
tx,424,53,1,1,1787954381593637060,1787954381579588060,5958678445337,5958678474225,72,0,0
rx,425,23,1,1,1787954381595830338,1787954381594779690,5958680638318,0,0,0,0
tx,425,62,1,1,1787954381603419134,1787954381594779690,5958688227411,5958688253577,72,0,0
rx,426,24,1,1,1787954381609988375,1787954381609941264,5958694796355,0,0,0,0
tx,426,71,1,1,1787954381613246690,1787954381609941264,5958698054948,5958698082781,72,0,0
tx,426,80,1,1,1787954381623131264,1787954381609941264,5958707939522,5958707964429,72,0,0
rx,427,25,1,1,1787954381625326283,1787954381624395783,5958710134281,0,0,0,0
tx,427,90,1,1,1787954381634006079,1787954381624395783,5958718814355,5958718846225,72,0,0
rx,428,26,1,1,1787954381639568042,1787954381639424671,5958724376040,0,0,0,0
tx,428,99,1,1,1787954381643905783,1787954381639424671,5958728714040,5958728748040,72,0,0
tx,428,108,1,1,1787954381653743431,1787954381639424671,5958738551670,5958738577503,72,0,0
rx,429,27,1,1,1787954381654862653,1787954381654436597,5958739670614,0,0,0,0
tx,429,117,1,1,1787954381663565986,1787954381654436597,5958748374244,5958748402577,72,0,0
rx,430,28,1,1,1787954381670131338,1787954381669616523,5958754939336,0,0,0,0
tx,430,126,1,1,1787954381673386116,1787954381669616523,5958758194355,5958758221911,72,0,0
tx,430,135,1,1,1787954381683219764,1787954381669616523,5958768028022,5958768053244,72,0,0
rx,431,29,1,1,1787954381685404227,1787954381684357412,5958770212207,0,0,0,0
tx,431,145,1,1,1787954381694081523,1787954381684357412,5958778889818,5958778921651,72,0,0
rx,432,30,1,1,1787954381700677283,1787954381699734857,5958785485281,0,0,0,0
tx,432,155,1,1,1787954381705026060,1787954381699734857,5958789834355,5958789862911,72,0,0
rx,433,31,1,1,1787954381714840005,1787954381714724171,5958799648003,0,0,0,0
tx,433,165,1,1,1787954381715938079,1787954381714724171,5958800746336,5958800776373,72,0,0
tx,433,174,1,1,1787954381725780208,1787954381714724171,5958810588448,5958810615151,72,0,0
rx,434,32,1,1,1787954381730113690,1787954381729349838,5958814921670,0,0,0,0
tx,434,183,1,1,1787954381735653264,1787954381729349838,5958820461559,5958820500022,72,0,0
rx,435,33,1,1,1787954381744435708,1787954381744335949,5958829243707,0,0,0,0
tx,435,192,1,1,1787954381745531042,1787954381744335949,5958830339299,5958830370244,72,0,0
tx,435,0,1,1,1787954381755346079,1787954381744335949,5958840154336,5958840179818,72,0,0
rx,436,34,1,1,1787954381759701505,1787954381759215653,5958844509503,0,0,0,0
tx,436,9,1,1,1787954381765113986,1787954381759215653,5958849922281,5958849951985,72,0,0
rx,437,35,1,1,1787954381774939634,1787954381774830023,5958859747614,0,0,0,0
tx,437,19,1,1,1787954381776037820,1787954381774830023,5958860846096,5958860874096,72,0,0
tx,437,29,1,1,1787954381786949597,1787954381774830023,5958871757836,5958871788762,72,0,0
rx,438,36,1,1,1787954381790253912,1787954381789837857,5958875061744,0,0,0,0
tx,438,38,1,1,1787954381796766894,1787954381789837857,5958881575133,5958881602799,72,0,0
rx,439,37,1,1,1787954381805513708,1787954381804660782,5958890321688,0,0,0,0
tx,439,47,1,1,1787954381806611060,1787954381804660782,5958891419318,5958891446188,72,0,0
tx,439,56,1,1,1787954381816430449,1787954381804660782,5958901238707,5958901264503,72,0,0
rx,440,38,1,1,1787954381820787634,1787954381819749931,5958905595614,0,0,0,0
tx,440,65,1,1,1787954381826216042,1787954381819749931,5958911024299,5958911051614,72,0,0
rx,441,39,1,1,1787954381834974264,1787954381834762245,5958919782262,0,0,0,0
tx,441,74,1,1,1787954381836078431,1787954381834762245,5958920886688,5958920925244,72,0,0
tx,441,84,1,1,1787954381847037375,1787954381834762245,5958931845633,5958931872910,72,0,0
rx,442,40,1,1,1787954381850330134,1787954381849770782,5958935138133,0,0,0,0
tx,442,94,1,1,1787954381857948357,1787954381849770782,5958942756614,5958942799947,72,0,0
rx,443,41,1,1,1787954381864581245,1787954381864378857,5958949389262,0,0,0,0
tx,443,103,1,1,1787954381867837042,1787954381864378857,5958952645299,5958952679466,72,0,0
tx,443,112,1,1,1787954381877674431,1787954381864378857,5958962482688,5958962508873,72,0,0
rx,444,42,1,1,1787954381879873671,1787954381879498653,5958964681651,0,0,0,0
tx,444,121,1,1,1787954381887460912,1787954381879498653,5958972269170,5958972302873,72,0,0
rx,445,43,1,1,1787954381895150171,1787954381894618764,5958979958040,0,0,0,0
tx,445,130,1,1,1787954381897323708,1787954381894618764,5958982131966,5958982159633,72,0,0
tx,445,139,1,1,1787954381907139523,1787954381894618764,5958991947762,5958991973355,72,0,0
rx,446,44,1,1,1787954381910413338,1787954381909371968,5958995221336,0,0,0,0
tx,446,149,1,1,1787954381918026042,1787954381909371968,5959002834336,5959002862244,72,0,0
rx,447,45,1,1,1787954381925686190,1787954381924918338,5959010494170,0,0,0,0
tx,447,159,1,1,1787954381928955431,1787954381924918338,5959013763670,5959013796688,72,0,0
tx,447,168,1,1,1787954381939022005,1787954381924918338,5959023830281,5959023861225,72,0,0
rx,448,46,1,1,1787954381940145042,1787954381939737819,5959024953059,0,0,0,0
tx,448,178,1,1,1787954381949895079,1787954381939737819,5959034703318,5959034730059,72,0,0
rx,449,47,1,1,1787954381955404301,1787954381954450227,5959040212299,0,0,0,0
tx,449,187,1,1,1787954381959743097,1787954381954450227,5959044551336,5959044581059,72,0,0
rx,450,48,1,1,1787954381969574560,1787954381969344153,5959054382559,0,0,0,0
tx,450,196,1,1,1787954381969582597,1787954381969344153,5959054390892,5959054417244,72,0,0
tx,450,4,1,1,1787954381979402116,1787954381969344153,5959064210392,5959064237410,72,0,0
rx,451,49,1,1,1787954381984852393,1787954381984544579,5959069660392,0,0,0,0
tx,451,13,1,1,1787954381989199560,1787954381984544579,5959074007873,5959074042114,72,0,0
tx,451,22,1,1,1787954381999037708,1787954381984544579,5959083845947,5959083872188,72,0,0
rx,452,50,1,1,1787954382000156597,1787954381999654634,5959084964577,0,0,0,0
tx,452,32,1,1,1787954382009913282,1787954381999654634,5959094721540,5959094751558,72,0,0
rx,453,51,1,1,1787954382015401856,1787954382014319819,5959100209855,0,0,0,0
tx,453,41,1,1,1787954382019745486,1787954382014319819,5959104553744,5959104582799,72,0,0
tx,453,50,1,1,1787954382029567430,1787954382014319819,5959114375670,5959114401521,72,0,0
rx,454,52,1,1,1787954382030684005,1787954382029665356,5959115492003,0,0,0,0
tx,454,59,1,1,1787954382039378153,1787954382029665356,5959124186447,5959124222077,72,0,0
rx,455,53,1,1,1787954382044895745,1787954382044789190,5959129703707,0,0,0,0
tx,455,68,1,1,1787954382049238319,1787954382044789190,5959134046596,5959134076114,72,0,0
tx,455,77,1,1,1787954382059062856,1787954382044789190,5959143871096,5959143897577,72,0,0
rx,456,54,1,1,1787954382060173838,1787954382059436116,5959144981818,0,0,0,0
tx,456,87,1,1,1787954382069918986,1787954382059436116,5959154727262,5959154753744,72,0,0
rx,457,55,1,1,1787954382075442542,1787954382074547912,5959160250521,0,0,0,0
tx,457,96,1,1,1787954382079784856,1787954382074547912,5959164593151,5959164619373,72,0,0
tx,457,105,1,1,1787954382089588782,1787954382074547912,5959174397077,5959174427336,72,0,0
rx,458,56,1,1,1787954382090701079,1787954382089710282,5959175509077,0,0,0,0
tx,458,114,1,1,1787954382099388393,1787954382089710282,5959184196707,5959184222670,72,0,0
rx,459,57,1,1,1787954382104890690,1787954382104662449,5959189698447,0,0,0,0
tx,459,123,1,1,1787954382109241505,1787954382104662449,5959194049762,5959194077984,72,0,0
tx,459,132,1,1,1787954382119098764,1787954382104662449,5959203907077,5959203934095,72,0,0
rx,460,58,1,1,1787954382120211430,1787954382119290523,5959205019429,0,0,0,0
tx,460,142,1,1,1787954382129978875,1787954382119290523,5959214787151,5959214818132,72,0,0
rx,461,59,1,1,1787954382135493986,1787954382135175430,5959220301984,0,0,0,0
tx,461,151,1,1,1787954382139858171,1787954382135175430,5959224666466,5959224701614,72,0,0
rx,462,60,1,1,1787954382149714449,1787954382149248134,5959234522447,0,0,0,0
tx,462,160,1,1,1787954382149722579,1787954382149248134,5959234530836,5959234559484,72,0,0
tx,462,169,1,1,1787954382159592430,1787954382149248134,5959244400670,5959244427984,72,0,0
rx,463,61,1,1,1787954382165030653,1787954382164665097,5959249838670,0,0,0,0
tx,463,178,1,1,1787954382169401930,1787954382164665097,5959254210188,5959254238632,72,0,0
tx,463,187,1,1,1787954382179269079,1787954382164665097,5959264077355,5959264107818,72,0,0
rx,464,62,1,1,1787954382181461727,1787954382180580560,5959266269725,0,0,0,0
tx,464,196,1,1,1787954382189032023,1787954382180580560,5959273840336,5959273868095,72,0,0
rx,465,63,1,1,1787954382195630597,1787954382194687134,5959280438595,0,0,0,0
tx,465,5,1,1,1787954382199951338,1787954382194687134,5959284759595,5959284787169,72,0,0
tx,465,14,1,1,1787954382209778597,1787954382194687134,5959294586855,5959294613466,72,0,0
rx,466,64,1,1,1787954382210891208,1787954382209929671,5959295699225,0,0,0,0
tx,466,23,1,1,1787954382219616467,1787954382209929671,5959304424744,5959304450651,72,0,0
rx,467,65,1,1,1787954382225104356,1787954382224732541,5959309912373,0,0,0,0
tx,467,32,1,1,1787954382229415282,1787954382224732541,5959314223558,5959314254299,72,0,0
tx,467,41,1,1,1787954382239269449,1787954382224732541,5959324077688,5959324108262,72,0,0
rx,468,66,1,1,1787954382240390356,1787954382239887504,5959325198373,0,0,0,0
tx,468,50,1,1,1787954382249030227,1787954382239887504,5959333838484,5959333869040,72,0,0
rx,469,67,1,1,1787954382255617912,1787954382254667338,5959340425910,0,0,0,0
tx,469,60,1,1,1787954382259969819,1787954382254667338,5959344778077,5959344806484,72,0,0
rx,470,68,1,1,1787954382269795097,1787954382269381171,5959354603095,0,0,0,0
tx,470,69,1,1,1787954382269802745,1787954382269381171,5959354611003,5959354639262,72,0,0
tx,470,78,1,1,1787954382279648356,1787954382269381171,5959364456632,5959364482355,72,0,0
rx,471,69,1,1,1787954382285107504,1787954382284534708,5959369915503,0,0,0,0
tx,471,87,1,1,1787954382289418541,1787954382284534708,5959374226855,5959374258058,72,0,0
tx,471,96,1,1,1787954382299258301,1787954382284534708,5959384066558,5959384092021,72,0,0
rx,472,70,1,1,1787954382300371875,1787954382299640727,5959385179855,0,0,0,0
tx,472,105,1,1,1787954382309025653,1787954382299640727,5959393833892,5959393859318,72,0,0
rx,473,71,1,1,1787954382315599671,1787954382314613153,5959400407688,0,0,0,0
tx,473,115,1,1,1787954382319970745,1787954382314613153,5959404779003,5959404807910,72,0,0
rx,474,72,1,1,1787954382329798949,1787954382329627467,5959414606873,0,0,0,0
tx,474,124,1,1,1787954382329806597,1787954382329627467,5959414614873,5959414643225,72,0,0
tx,474,133,1,1,1787954382339679245,1787954382329627467,5959424487521,5959424520577,72,0,0
rx,475,73,1,1,1787954382345133264,1787954382344712041,5959429941243,0,0,0,0
tx,475,142,1,1,1787954382349478301,1787954382344712041,5959434286614,5959434315003,72,0,0
tx,475,151,1,1,1787954382359312764,1787954382344712041,5959444121021,5959444147873,72,0,0
rx,476,74,1,1,1787954382360426393,1787954382359591412,5959445234373,0,0,0,0
tx,476,160,1,1,1787954382369091819,1787954382359591412,5959453900058,5959453927355,72,0,0
rx,477,75,1,1,1787954382374596171,1787954382374297745,5959459404151,0,0,0,0
tx,477,170,1,1,1787954382380030541,1787954382374297745,5959464838780,5959464870280,72,0,0
rx,478,76,1,1,1787954382389871060,1787954382389570690,5959474679058,0,0,0,0
tx,478,180,1,1,1787954382390957078,1787954382389570690,5959475765336,5959475793910,72,0,0
tx,478,189,1,1,1787954382400782023,1787954382389570690,5959485590355,5959485616077,72,0,0
rx,479,77,1,1,1787954382405147208,1787954382404364393,5959489955188,0,0,0,0
tx,479,198,1,1,1787954382410568634,1787954382404364393,5959495376892,5959495405669,72,0,0
rx,480,78,1,1,1787954382420401486,1787954382420077004,5959505209466,0,0,0,0
tx,480,6,1,1,1787954382420408986,1787954382420077004,5959505217410,5959505244577,72,0,0
tx,480,15,1,1,1787954382430235115,1787954382420077004,5959515043373,5959515073355,72,0,0
rx,481,79,1,1,1787954382435687801,1787954382434741764,5959520495780,0,0,0,0
tx,481,24,1,1,1787954382440044375,1787954382434741764,5959524852669,5959524888669,72,0,0
rx,482,80,1,1,1787954382449908986,1787954382449777152,5959534716966,0,0,0,0
tx,482,34,1,1,1787954382451004912,1787954382449777152,5959535813188,5959535842299,72,0,0
tx,482,43,1,1,1787954382460846412,1787954382449777152,5959545654669,5959545682743,72,0,0
rx,483,81,1,1,1787954382465207597,1787954382464419319,5959550015614,0,0,0,0
tx,483,52,1,1,1787954382470625708,1787954382464419319,5959555433947,5959555460947,72,0,0
rx,484,82,1,1,1787954382480471041,1787954382479554967,5959565279040,0,0,0,0
tx,484,61,1,1,1787954382480479467,1787954382479554967,5959565287725,5959565321780,72,0,0
tx,484,70,1,1,1787954382490299745,1787954382479554967,5959575107984,5959575134669,72,0,0
rx,485,83,1,1,1787954382494676115,1787954382494479893,5959579484114,0,0,0,0
tx,485,79,1,1,1787954382500096393,1787954382494479893,5959584904632,5959584933466,72,0,0
rx,486,84,1,1,1787954382509941986,1787954382509293245,5959594749966,0,0,0,0
tx,486,89,1,1,1787954382511028504,1787954382509293245,5959595836743,5959595864280,72,0,0
tx,486,99,1,1,1787954382521957189,1787954382509293245,5959606765447,5959606793151,72,0,0
rx,487,85,1,1,1787954382525246023,1787954382524475615,5959610054003,0,0,0,0
tx,487,108,1,1,1787954382531706801,1787954382524475615,5959616515040,5959616544243,72,0,0
rx,488,86,1,1,1787954382540488319,1787954382539378652,5959625296299,0,0,0,0
tx,488,117,1,1,1787954382541580245,1787954382539378652,5959626388503,5959626423669,72,0,0
tx,488,126,1,1,1787954382551425171,1787954382539378652,5959636233429,5959636259521,72,0,0
rx,489,87,1,1,1787954382555779449,1787954382554891523,5959640587429,0,0,0,0
tx,489,135,1,1,1787954382561189801,1787954382554891523,5959645998095,5959646025688,72,0,0
rx,490,88,1,1,1787954382569934134,1787954382569424597,5959654742132,0,0,0,0
tx,490,144,1,1,1787954382571027189,1787954382569424597,5959655835484,5959655863614,72,0,0
tx,490,154,1,1,1787954382581935893,1787954382569424597,5959666744132,5959666774095,72,0,0
rx,491,89,1,1,1787954382585218541,1787954382584592745,5959670026540,0,0,0,0
tx,491,163,1,1,1787954382591716023,1787954382584592745,5959676524280,5959676551632,72,0,0
rx,492,90,1,1,1787954382599380930,1787954382599179652,5959684188929,0,0,0,0
tx,492,172,1,1,1787954382601555282,1787954382599179652,5959686363577,5959686389873,72,0,0
tx,492,181,1,1,1787954382611371708,1787954382599179652,5959696179966,5959696207243,72,0,0
rx,493,91,1,1,1787954382614649319,1787954382614208412,5959699457317,0,0,0,0
tx,493,190,1,1,1787954382621190708,1787954382614208412,5959705998984,5959706026632,72,0,0
rx,494,92,1,1,1787954382629932782,1787954382629557763,5959714740762,0,0,0,0
tx,494,199,1,1,1787954382631033300,1787954382629557763,5959715841540,5959715877891,72,0,0
tx,494,8,1,1,1787954382641987004,1787954382629557763,5959726795262,5959726827040,72,0,0
rx,495,93,1,1,1787954382645266856,1787954382644658208,5959730074854,0,0,0,0
tx,495,17,1,1,1787954382651785356,1787954382644658208,5959736593651,5959736622280,72,0,0
rx,496,94,1,1,1787954382660529875,1787954382659633097,5959745337873,0,0,0,0
tx,496,26,1,1,1787954382661629134,1787954382659633097,5959746437391,5959746466003,72,0,0
tx,496,35,1,1,1787954382671447486,1787954382659633097,5959756255743,5959756282132,72,0,0
rx,497,95,1,1,1787954382674727486,1787954382674530782,5959759535466,0,0,0,0
tx,497,44,1,1,1787954382681257245,1787954382674530782,5959766065540,5959766095910,72,0,0
rx,498,96,1,1,1787954382690008949,1787954382689451689,5959774816928,0,0,0,0
tx,498,53,1,1,1787954382691090208,1787954382689451689,5959775898465,5959775926225,72,0,0
tx,498,63,1,1,1787954382702014152,1787954382689451689,5959786822410,5959786848984,72,0,0
rx,499,97,1,1,1787954382705288375,1787954382704557782,5959790096391,0,0,0,0
tx,499,73,1,1,1787954382712893393,1787954382704557782,5959797701632,5959797729151,72,0,0
rx,500,98,1,1,1787954382719504152,1787954382719329152,5959804312169,0,0,0,0
tx,500,82,1,1,1787954382722727560,1787954382719329152,5959807535799,5959807565003,72,0,0
tx,500,91,1,1,1787954382732592097,1787954382719329152,5959817400336,5959817431391,72,0,0
rx,501,99,1,1,1787954382734792023,1787954382734439912,5959819600021,0,0,0,0
tx,501,100,1,1,1787954382742410430,1787954382734439912,5959827218688,5959827249762,72,0,0
rx,502,100,1,1,1787954382750085652,1787954382749358337,5959834893632,0,0,0,0
tx,502,109,1,1,1787954382752257967,1787954382749358337,5959837066225,5959837094669,72,0,0
tx,502,118,1,1,1787954382762058171,1787954382749358337,5959846866428,5959846892151,72,0,0
rx,503,101,1,1,1787954382765341023,1787954382764978967,5959850148910,0,0,0,0
tx,503,128,1,1,1787954382772929893,1787954382764978967,5959857738151,5959857766484,72,0,0
rx,504,102,1,1,1787954382779546486,1787954382779508763,5959864354484,0,0,0,0
tx,504,137,1,1,1787954382782811152,1787954382779508763,5959867619447,5959867650336,72,0,0
tx,504,146,1,1,1787954382792710337,1787954382779508763,5959877518577,5959877544965,72,0,0
rx,505,103,1,1,1787954382794912023,1787954382794351856,5959879720021,0,0,0,0
tx,505,155,1,1,1787954382802468615,1787954382794351856,5959887276873,5959887303373,72,0,0
rx,506,104,1,1,1787954382810129652,1787954382809539134,5959894937651,0,0,0,0
tx,506,164,1,1,1787954382812337189,1787954382809539134,5959897145428,5959897173169,72,0,0
tx,506,173,1,1,1787954382822191578,1787954382809539134,5959906999836,5959907026243,72,0,0
rx,507,105,1,1,1787954382825449356,1787954382824690467,5959910257354,0,0,0,0
tx,507,183,1,1,1787954382833045615,1787954382824690467,5959917853910,5959917885447,72,0,0
rx,508,106,1,1,1787954382839659245,1787954382839562615,5959924467243,0,0,0,0
tx,508,193,1,1,1787954382844001337,1787954382839562615,5959928809651,5959928843910,72,0,0
tx,508,1,1,1,1787954382853838523,1787954382839562615,5959938646762,5959938672058,72,0,0
rx,509,107,1,1,1787954382854955726,1787954382854608356,5959939763706,0,0,0,0
tx,509,10,1,1,1787954382863662208,1787954382854608356,5959948470484,5959948507021,72,0,0
rx,510,108,1,1,1787954382870252837,1787954382869576911,5959955060836,0,0,0,0
tx,510,19,1,1,1787954382873505615,1787954382869576911,5959958313873,5959958343539,72,0,0
tx,510,28,1,1,1787954382883340282,1787954382869576911,5959968148558,5959968181243,72,0,0
rx,511,109,1,1,1787954382885534319,1787954382884630134,5959970342317,0,0,0,0
tx,511,37,1,1,1787954382893121319,1787954382884630134,5959977929576,5959977957262,72,0,0
rx,512,110,1,1,1787954382899704763,1787954382899231967,5959984512762,0,0,0,0
tx,512,47,1,1,1787954382904057726,1787954382899231967,5959988865984,5959988893762,72,0,0
rx,513,111,1,1,1787954382914969337,1787954382914312967,5959999777336,0,0,0,0
tx,513,57,1,1,1787954382914976893,1787954382914312967,5959999785132,5959999814188,72,0,0
tx,513,66,1,1,1787954382924812208,1787954382914312967,5960009620465,5960009648280,72,0,0
rx,514,112,1,1,1787954382930277911,1787954382930124560,5960015085910,0,0,0,0
tx,514,75,1,1,1787954382934631597,1787954382930124560,5960019439854,5960019472725,72,0,0
tx,514,84,1,1,1787954382944496023,1787954382930124560,5960029304354,5960029334539,72,0,0
rx,515,113,1,1,1787954382945665856,1787954382945234282,5960030473836,0,0,0,0
tx,515,93,1,1,1787954382954336837,1787954382945234282,5960039145132,5960039174613,72,0,0
rx,516,114,1,1,1787954382959878393,1787954382959207689,5960044686373,0,0,0,0
tx,516,102,1,1,1787954382964212393,1787954382959207689,5960049020688,5960049051299,72,0,0
tx,516,111,1,1,1787954382974047467,1787954382959207689,5960058855725,5960058883021,72,0,0
rx,517,115,1,1,1787954382975171263,1787954382974793115,5960059979262,0,0,0,0
tx,517,121,1,1,1787954382984943060,1787954382974793115,5960069751336,5960069783151,72,0,0
rx,518,116,1,1,1787954382989405060,1787954382989263393,5960074213058,0,0,0,0
tx,518,130,1,1,1787954382994821504,1787954382989263393,5960079629743,5960079656651,72,0,0
rx,519,117,1,1,1787954383004643337,1787954383004421004,5960089451317,0,0,0,0
tx,519,139,1,1,1787954383004651115,1787954383004421004,5960089459373,5960089486817,72,0,0
tx,519,148,1,1,1787954383014504763,1787954383004421004,5960099313002,5960099340928,72,0,0
rx,520,118,1,1,1787954383019951504,1787954383019390208,5960104759502,0,0,0,0
tx,520,157,1,1,1787954383024312245,1787954383019390208,5960109120558,5960109153613,72,0,0
tx,520,166,1,1,1787954383034145467,1787954383019390208,5960118953725,5960118980836,72,0,0
rx,521,119,1,1,1787954383035262393,1787954383034394893,5960120070373,0,0,0,0
tx,521,175,1,1,1787954383044116578,1787954383034394893,5960128924817,5960128955910,72,0,0
rx,522,120,1,1,1787954383050711411,1787954383049739226,5960135519410,0,0,0,0
tx,522,185,1,1,1787954383055063226,1787954383049739226,5960139871484,5960139901891,72,0,0
rx,523,121,1,1,1787954383064902763,1787954383064437652,5960149710780,0,0,0,0
tx,523,195,1,1,1787954383065988837,1787954383064437652,5960150797132,5960150826150,72,0,0
tx,523,3,1,1,1787954383075822800,1787954383064437652,5960160631058,5960160662428,72,0,0
rx,524,122,1,1,1787954383080203504,1787954383079911078,5960165011521,0,0,0,0
tx,524,12,1,1,1787954383085622763,1787954383079911078,5960170431225,5960170459558,72,0,0
rx,525,123,1,1,1787954383094394893,1787954383094368522,5960179202910,0,0,0,0
tx,525,21,1,1,1787954383095490874,1787954383094368522,5960180299150,5960180327058,72,0,0
tx,525,30,1,1,1787954383105318837,1787954383094368522,5960190127095,5960190152410,72,0,0
rx,526,124,1,1,1787954383109682671,1787954383109285985,5960194490669,0,0,0,0
tx,526,39,1,1,1787954383115104097,1787954383109285985,5960199912336,5960199939928,72,0,0
rx,527,125,1,1,1787954383124912652,1787954383124255393,5960209720632,0,0,0,0
tx,527,49,1,1,1787954383125998967,1787954383124255393,5960210807262,5960210835113,72,0,0
tx,527,58,1,1,1787954383135842652,1787954383124255393,5960220650947,5960220680762,72,0,0
rx,528,126,1,1,1787954383140225448,1787954383139559208,5960225033447,0,0,0,0
tx,528,67,1,1,1787954383145665319,1787954383139559208,5960230473595,5960230505132,72,0,0
rx,529,127,1,1,1787954383155508578,1787954383155436004,5960240316558,0,0,0,0
tx,529,76,1,1,1787954383155516096,1787954383155436004,5960240324354,5960240351391,72,0,0
tx,529,85,1,1,1787954383165390708,1787954383155436004,5960250199021,5960250226965,72,0,0
rx,530,128,1,1,1787954383169760448,1787954383169604189,5960254568447,0,0,0,0
tx,530,94,1,1,1787954383175177059,1787954383169604189,5960259985317,5960260040817,72,0,0
rx,531,129,1,1,1787954383185044004,1787954383184942485,5960269851984,0,0,0,0
tx,531,103,1,1,1787954383185052800,1787954383184942485,5960269861039,5960269892039,72,0,0
tx,531,113,1,1,1787954383195967245,1787954383184942485,5960280775502,5960280802021,72,0,0
rx,532,130,1,1,1787954383200334930,1787954383199495689,5960285142910,0,0,0,0
tx,532,122,1,1,1787954383205755893,1787954383199495689,5960290564132,5960290590169,72,0,0
rx,533,131,1,1,1787954383215585948,1787954383214665745,5960300393965,0,0,0,0
tx,533,131,1,1,1787954383215594726,1787954383214665745,5960300402984,5960300432854,72,0,0
tx,533,140,1,1,1787954383225469856,1787954383214665745,5960310278095,5960310309169,72,0,0
rx,534,132,1,1,1787954383229831541,1787954383229792208,5960314639539,0,0,0,0
tx,534,149,1,1,1787954383235234004,1787954383229792208,5960320042280,5960320069243,72,0,0
rx,535,133,1,1,1787954383245097504,1787954383244409337,5960329905521,0,0,0,0
tx,535,158,1,1,1787954383245105522,1787954383244409337,5960329913780,5960329947076,72,0,0
tx,535,168,1,1,1787954383256034985,1787954383244409337,5960340843243,5960340870169,72,0,0
rx,536,134,1,1,1787954383260395930,1787954383259510541,5960345203928,0,0,0,0
tx,536,178,1,1,1787954383266896578,1787954383259510541,5960351704817,5960351731280,72,0,0
rx,537,135,1,1,1787954383275639504,1787954383274596782,5960360447521,0,0,0,0
tx,537,187,1,1,1787954383276737485,1787954383274596782,5960361545761,5960361580132,72,0,0
tx,537,196,1,1,1787954383286551004,1787954383274596782,5960371359261,5960371384428,72,0,0
rx,538,136,1,1,1787954383290906652,1787954383289936911,5960375714650,0,0,0,0
tx,538,4,1,1,1787954383296334745,1787954383289936911,5960381143002,5960381168817,72,0,0
rx,539,137,1,1,1787954383305085152,1787954383304387985,5960389893132,0,0,0,0
tx,539,13,1,1,1787954383306174874,1787954383304387985,5960390983113,5960391008724,72,0,0
tx,539,23,1,1,1787954383317086652,1787954383304387985,5960401894910,5960401920447,72,0,0
rx,540,138,1,1,1787954383320389504,1787954383319625670,5960405197484,0,0,0,0
tx,540,33,1,1,1787954383327995041,1787954383319625670,5960412803391,5960412835576,72,0,0
rx,541,139,1,1,1787954383334618874,1787954383334580022,5960419426873,0,0,0,0
tx,541,42,1,1,1787954383337885782,1787954383334580022,5960422694058,5960422722317,72,0,0
tx,541,51,1,1,1787954383347737300,1787954383334580022,5960432545558,5960432574169,72,0,0
rx,542,140,1,1,1787954383349929485,1787954383349565967,5960434737484,0,0,0,0
tx,542,60,1,1,1787954383357524874,1787954383349565967,5960442333132,5960442360169,72,0,0
rx,543,141,1,1,1787954383365194207,1787954383364363541,5960450002224,0,0,0,0
tx,543,69,1,1,1787954383367360189,1787954383364363541,5960452168428,5960452196576,72,0,0
tx,543,78,1,1,1787954383377187763,1787954383364363541,5960461996021,5960462024372,72,0,0
rx,544,142,1,1,1787954383380474226,1787954383379502670,5960465282206,0,0,0,0
tx,544,88,1,1,1787954383388062189,1787954383379502670,5960472870447,5960472900021,72,0,0
rx,545,143,1,1,1787954383395769170,1787954383394960078,5960480577150,0,0,0,0
tx,545,98,1,1,1787954383399020004,1787954383394960078,5960483828298,5960483856410,72,0,0
rx,546,144,1,1,1787954383409933819,1787954383409417707,5960494741798,0,0,0,0
tx,546,108,1,1,1787954383409945096,1787954383409417707,5960494753354,5960494780354,72,0,0
tx,546,117,1,1,1787954383419775819,1787954383409417707,5960504584113,5960504610372,72,0,0
rx,547,145,1,1,1787954383425245559,1787954383424171022,5960510053539,0,0,0,0
tx,547,126,1,1,1787954383429593930,1787954383424171022,5960514402169,5960514434502,72,0,0
rx,548,146,1,1,1787954383439437430,1787954383439327374,5960524245428,0,0,0,0
tx,548,135,1,1,1787954383439445967,1787954383439327374,5960524254243,5960524282947,72,0,0
tx,548,144,1,1,1787954383449319004,1787954383439327374,5960534127298,5960534159058,72,0,0
rx,549,147,1,1,1787954383454764874,1787954383454229004,5960539572891,0,0,0,0
tx,549,153,1,1,1787954383459112578,1787954383454229004,5960543920835,5960543948002,72,0,0
rx,550,148,1,1,1787954383470060189,1787954383469237559,5960554868187,0,0,0,0
tx,550,163,1,1,1787954383470067874,1787954383469237559,5960554876132,5960554904428,72,0,0
tx,550,173,1,1,1787954383481021670,1787954383469237559,5960565829965,5960565860928,72,0,0
rx,551,149,1,1,1787954383485392485,1787954383484657800,5960570200465,0,0,0,0
tx,551,183,1,1,1787954383491905263,1787954383484657800,5960576713521,5960576740298,72,0,0
rx,552,150,1,1,1787954383500692967,1787954383499648318,5960585500965,0,0,0,0
tx,552,192,1,1,1787954383501784874,1787954383499648318,5960586593132,5960586620039,72,0,0
tx,552,0,1,1,1787954383511608189,1787954383499648318,5960596416446,5960596442743,72,0,0
rx,553,151,1,1,1787954383514889152,1787954383514769041,5960599697132,0,0,0,0
tx,553,9,1,1,1787954383521456170,1787954383514769041,5960606264743,5960606293484,72,0,0
rx,554,152,1,1,1787954383530184356,1787954383529657559,5960614992372,0,0,0,0
tx,554,18,1,1,1787954383531286967,1787954383529657559,5960616095224,5960616125984,72,0,0
tx,554,27,1,1,1787954383541123226,1787954383529657559,5960625931484,5960625957521,72,0,0
rx,555,153,1,1,1787954383544414578,1787954383544255578,5960629222558,0,0,0,0
tx,555,37,1,1,1787954383551975596,1787954383544255578,5960636783854,5960636815039,72,0,0
rx,556,154,1,1,1787954383559648485,1787954383559582004,5960644456483,0,0,0,0
tx,556,46,1,1,1787954383561830689,1787954383559582004,5960646638946,5960646666854,72,0,0
tx,556,55,1,1,1787954383571669374,1787954383559582004,5960656477613,5960656508391,72,0,0
rx,557,155,1,1,1787954383574941318,1787954383574341615,5960659749317,0,0,0,0
tx,557,64,1,1,1787954383581445467,1787954383574341615,5960666253724,5960666281224,72,0,0
rx,558,156,1,1,1787954383590196985,1787954383589679800,5960675004965,0,0,0,0
tx,558,73,1,1,1787954383591289300,1787954383589679800,5960676097539,5960676124169,72,0,0
tx,558,82,1,1,1787954383601108578,1787954383589679800,5960685916835,5960685943076,72,0,0
rx,559,157,1,1,1787954383605475004,1787954383604676596,5960690283002,0,0,0,0
tx,559,92,1,1,1787954383611989096,1787954383604676596,5960696797335,5960696825002,72,0,0
rx,560,158,1,1,1787954383620775022,1787954383619715392,5960705583020,0,0,0,0
tx,560,101,1,1,1787954383621897652,1787954383619715392,5960706705909,5960706740317,72,0,0
tx,560,110,1,1,1787954383631740911,1787954383619715392,5960716549169,5960716575724,72,0,0
rx,561,159,1,1,1787954383635026615,1787954383634820467,5960719834613,0,0,0,0
tx,561,119,1,1,1787954383641527226,1787954383634820467,5960726335502,5960726362687,72,0,0
rx,562,160,1,1,1787954383650285930,1787954383649216559,5960735093909,0,0,0,0
tx,562,128,1,1,1787954383651380800,1787954383649216559,5960736189076,5960736219835,72,0,0
tx,562,137,1,1,1787954383661202207,1787954383649216559,5960746010465,5960746035743,72,0,0
rx,563,161,1,1,1787954383664485355,1787954383664260207,5960749293335,0,0,0,0
tx,563,147,1,1,1787954383672084115,1787954383664260207,5960756892372,5960756919724,72,0,0
rx,564,162,1,1,1787954383679769948,1787954383679428337,5960764577946,0,0,0,0
tx,564,157,1,1,1787954383683023522,1787954383679428337,5960767831761,5960767867335,72,0,0
tx,564,167,1,1,1787954383693961429,1787954383679428337,5960778769687,5960778795076,72,0,0
rx,565,163,1,1,1787954383695070929,1787954383694379207,5960779878946,0,0,0,0
tx,565,176,1,1,1787954383703741578,1787954383694379207,5960788549854,5960788576391,72,0,0
rx,566,164,1,1,1787954383710318726,1787954383710155207,5960795126706,0,0,0,0
tx,566,185,1,1,1787954383713561467,1787954383710155207,5960798369706,5960798396261,72,0,0
tx,566,194,1,1,1787954383723429078,1787954383710155207,5960808237335,5960808268669,72,0,0
rx,567,165,1,1,1787954383726711004,1787954383726658244,5960811519020,0,0,0,0
tx,567,2,1,1,1787954383733225004,1787954383726658244,5960818033261,5960818062669,72,0,0
rx,568,166,1,1,1787954383739818115,1787954383739525781,5960824626095,0,0,0,0
tx,568,11,1,1,1787954383743089300,1787954383739525781,5960827897557,5960827933595,72,0,0
tx,568,21,1,1,1787954383754009818,1787954383739525781,5960838818113,5960838845891,72,0,0
rx,569,167,1,1,1787954383755126966,1787954383754284207,5960839934946,0,0,0,0
tx,569,30,1,1,1787954383763787504,1787954383754284207,5960848595780,5960848623928,72,0,0
rx,570,168,1,1,1787954383770376652,1787954383769523726,5960855184669,0,0,0,0
tx,570,39,1,1,1787954383773636985,1787954383769523726,5960858445243,5960858477483,72,0,0
tx,570,48,1,1,1787954383783462726,1787954383769523726,5960868270983,5960868295928,72,0,0
rx,571,169,1,1,1787954383784571096,1787954383784458022,5960869379094,0,0,0,0
tx,571,57,1,1,1787954383793221004,1787954383784458022,5960878029261,5960878055706,72,0,0
rx,572,170,1,1,1787954383799806133,1787954383799703929,5960884614113,0,0,0,0
tx,572,66,1,1,1787954383803062411,1787954383799703929,5960887870669,5960887897632,72,0,0
tx,572,76,1,1,1787954383813972541,1787954383799703929,5960898780798,5960898807539,72,0,0
rx,573,171,1,1,1787954383817254170,1787954383816270078,5960902062150,0,0,0,0
tx,573,85,1,1,1787954383823762003,1787954383816270078,5960908570261,5960908602131,72,0,0
rx,574,172,1,1,1787954383829282429,1787954383829189948,5960914090446,0,0,0,0
tx,574,94,1,1,1787954383833625503,1787954383829189948,5960918433798,5960918462057,72,0,0
tx,574,103,1,1,1787954383843496263,1787954383829189948,5960928304539,5960928334743,72,0,0
rx,575,173,1,1,1787954383845699689,1787954383844957041,5960930507669,0,0,0,0
tx,575,112,1,1,1787954383853299781,1787954383844957041,5960938108039,5960938135835,72,0,0
rx,576,174,1,1,1787954383859908448,1787954383859714022,5960944716446,0,0,0,0
tx,576,121,1,1,1787954383863181096,1787954383859714022,5960947989354,5960948048243,72,0,0
tx,576,130,1,1,1787954383873067540,1787954383859714022,5960957875798,5960957908557,72,0,0
rx,577,175,1,1,1787954383875267985,1787954383874366966,5960960075983,0,0,0,0
tx,577,140,1,1,1787954383883944059,1787954383874366966,5960968752317,5960968782354,72,0,0
rx,578,176,1,1,1787954383889456596,1787954383889321040,5960974264576,0,0,0,0
tx,578,149,1,1,1787954383893811207,1787954383889321040,5960978619502,5960978647076,72,0,0
tx,578,158,1,1,1787954383903636948,1787954383889321040,5960988445206,5960988470317,72,0,0
rx,579,177,1,1,1787954383904745670,1787954383904448170,5960989553650,0,0,0,0
tx,579,167,1,1,1787954383913411244,1787954383904448170,5960998219483,5960998244168,72,0,0
rx,580,178,1,1,1787954383921061448,1787954383920027578,5961005869428,0,0,0,0
tx,580,176,1,1,1787954383923246892,1787954383920027578,5961008055150,5961008085983,72,0,0
tx,580,185,1,1,1787954383933081781,1787954383920027578,5961017890020,5961017921409,72,0,0
rx,581,179,1,1,1787954383935286726,1787954383934390411,5961020094724,0,0,0,0
tx,581,194,1,1,1787954383943052577,1787954383934390411,5961027860835,5961027893428,72,0,0
rx,582,180,1,1,1787954383949658189,1787954383949398800,5961034466168,0,0,0,0
tx,582,3,1,1,1787954383954003448,1787954383949398800,5961038811687,5961038839946,72,0,0
tx,582,12,1,1,1787954383963831948,1787954383949398800,5961048640187,5961048666465,72,0,0
rx,583,181,1,1,1787954383964944707,1787954383964711726,5961049752724,0,0,0,0
tx,583,21,1,1,1787954383973624226,1787954383964711726,5961058432576,5961058465094,72,0,0
rx,584,182,1,1,1787954383980220892,1787954383979336115,5961065028891,0,0,0,0
tx,584,30,1,1,1787954383983485911,1787954383979336115,5961068294168,5961068322835,72,0,0
tx,584,39,1,1,1787954383993299670,1787954383979336115,5961078107928,5961078132724,72,0,0
rx,585,183,1,1,1787954383994417226,1787954383994357763,5961079225205,0,0,0,0
tx,585,48,1,1,1787954384003073374,1787954383994357763,5961087881668,5961087907409,72,0,0
rx,586,184,1,1,1787954384009652207,1787954384009540744,5961094460205,0,0,0,0
tx,586,58,1,1,1787954384013999503,1787954384009540744,5961098807761,5961098836335,72,0,0
tx,586,67,1,1,1787954384023833096,1787954384009540744,5961108641335,5961108672391,72,0,0
rx,587,185,1,1,1787954384026041466,1787954384025787985,5961110849465,0,0,0,0
tx,587,76,1,1,1787954384033629077,1787954384025787985,5961118437335,5961118465020,72,0,0
rx,588,186,1,1,1787954384040227448,1787954384039348670,5961125035446,0,0,0,0
tx,588,85,1,1,1787954384043507337,1787954384039348670,5961128315594,5961128347631,72,0,0
tx,588,94,1,1,1787954384053409059,1787954384039348670,5961138217317,5961138247354,72,0,0
rx,589,187,1,1,1787954384055621337,1787954384054610040,5961140429335,0,0,0,0
tx,589,103,1,1,1787954384063226133,1787954384054610040,5961148034372,5961148061168,72,0,0
rx,590,188,1,1,1787954384069819485,1787954384069590522,5961154627465,0,0,0,0
tx,590,112,1,1,1787954384073082059,1787954384069590522,5961157890354,5961157925224,72,0,0
tx,590,122,1,1,1787954384084014429,1787954384069590522,5961168822687,5961168849076,72,0,0
rx,591,189,1,1,1787954384085133448,1787954384084438966,5961169941391,0,0,0,0
tx,591,132,1,1,1787954384094883689,1787954384084438966,5961179691946,5961179718872,72,0,0
rx,592,190,1,1,1787954384100382540,1787954384099289077,5961185190539,0,0,0,0
tx,592,141,1,1,1787954384104751096,1787954384099289077,5961189559428,5961189586076,72,0,0
rx,593,191,1,1,1787954384114568114,1787954384114543077,5961199376094,0,0,0,0
tx,593,150,1,1,1787954384114575651,1787954384114543077,5961199383909,5961199409539,72,0,0
tx,593,159,1,1,1787954384124406318,1787954384114543077,5961209214576,5961209246168,72,0,0
rx,594,192,1,1,1787954384129866059,1787954384129512985,5961214674002,0,0,0,0
tx,594,168,1,1,1787954384134209337,1787954384129512985,5961219017594,5961219045594,72,0,0
tx,594,177,1,1,1787954384144067540,1787954384129512985,5961228875798,5961228906020,72,0,0
rx,595,193,1,1,1787954384145181355,1787954384144459726,5961229989354,0,0,0,0
tx,595,187,1,1,1787954384154935077,1787954384144459726,5961239743391,5961239770798,72,0,0
rx,596,194,1,1,1787954384159335170,1787954384159222855,5961244143150,0,0,0,0
tx,596,196,1,1,1787954384164751485,1787954384159222855,5961249559761,5961249587724,72,0,0
rx,597,195,1,1,1787954384174584744,1787954384174353744,5961259392742,0,0,0,0
tx,597,4,1,1,1787954384174597466,1787954384174353744,5961259405724,5961259436650,72,0,0
tx,597,13,1,1,1787954384184444151,1787954384174353744,5961269252409,5961269279409,72,0,0
rx,598,196,1,1,1787954384189854596,1787954384189399429,5961274662576,0,0,0,0
tx,598,22,1,1,1787954384194202633,1787954384189399429,5961279011020,5961279036909,72,0,0
tx,598,31,1,1,1787954384204019744,1787954384189399429,5961288828002,5961288853557,72,0,0
rx,599,197,1,1,1787954384205130966,1787954384204368596,5961289938965,0,0,0,0
tx,599,41,1,1,1787954384214900707,1787954384204368596,5961299709113,5961299736168,72,0,0
rx,600,198,1,1,1787954384219291318,1787954384219228225,5961304099316,0,0,0,0
tx,600,50,1,1,1787954384224764411,1787954384219228225,5961309572668,5961309605242,72,0,0
tx,600,59,1,1,1787954384234555837,1787954384219228225,5961319364094,5961319390742,72,0,0
rx,601,199,1,1,1787954384235667892,1787954384234934725,5961320475909,0,0,0,0
tx,601,68,1,1,1787954384244353040,1787954384234934725,5961329161483,5961329194261,72,0,0
rx,602,200,1,1,1787954384249831744,1787954384249568744,5961334639761,0,0,0,0
tx,602,77,1,1,1787954384254175911,1787954384249568744,5961338984187,5961339013205,72,0,0
tx,602,86,1,1,1787954384264013318,1787954384249568744,5961348821557,5961348847187,72,0,0
rx,603,0,1,1,1787954384265123577,1787954384264117281,5961349931576,0,0,0,0
tx,603,96,1,1,1787954384274881596,1787954384264117281,5961359689835,5961359720576,72,0,0
rx,604,1,1,1,1787954384280423114,1787954384279443466,5961365231094,0,0,0,0
tx,604,105,1,1,1787954384284750707,1787954384279443466,5961369558965,5961369588390,72,0,0
rx,605,2,1,1,1787954384294563596,1787954384294156096,5961379371576,0,0,0,0
tx,605,114,1,1,1787954384294571114,1787954384294156096,5961379379372,5961379406316,72,0,0
tx,605,123,1,1,1787954384304389337,1787954384294156096,5961389197594,5961389223150,72,0,0
rx,606,3,1,1,1787954384309830559,1787954384309597874,5961394638539,0,0,0,0
tx,606,132,1,1,1787954384314168966,1787954384309597874,5961398977242,5961399004224,72,0,0
rx,607,4,1,1,1787954384325087707,1787954384324410948,5961409895687,0,0,0,0
tx,607,142,1,1,1787954384325096188,1787954384324410948,5961409904427,5961409939205,72,0,0
tx,607,152,1,1,1787954384336030485,1787954384324410948,5961420838761,5961420865187,72,0,0
rx,608,5,1,1,1787954384340392485,1787954384339625466,5961425200465,0,0,0,0
tx,608,162,1,1,1787954384346913670,1787954384339625466,5961431721965,5961431754465,72,0,0
rx,609,6,1,1,1787954384354592651,1787954384354261725,5961439400650,0,0,0,0
tx,609,171,1,1,1787954384356760225,1787954384354261725,5961441568465,5961441595909,72,0,0
tx,609,180,1,1,1787954384366573003,1787954384354261725,5961451381242,5961451408427,72,0,0
rx,610,7,1,1,1787954384369875744,1787954384369786540,5961454683724,0,0,0,0
tx,610,189,1,1,1787954384376388633,1787954384369786540,5961461196909,5961461227594,72,0,0
rx,611,8,1,1,1787954384385155762,1787954384384483448,5961469963761,0,0,0,0
tx,611,198,1,1,1787954384386245170,1787954384384483448,5961471053502,5961471082539,72,0,0
tx,611,6,1,1,1787954384396070244,1787954384384483448,5961480878520,5961480904390,72,0,0
rx,612,9,1,1,1787954384400435281,1787954384399602411,5961485243279,0,0,0,0
tx,612,16,1,1,1787954384406934836,1787954384399602411,5961491743150,5961491770372,72,0,0
rx,613,10,1,1,1787954384414577688,1787954384414324725,5961499385687,0,0,0,0
tx,613,25,1,1,1787954384416764948,1787954384414324725,5961501573242,5961501605298,72,0,0
tx,613,34,1,1,1787954384426608003,1787954384414324725,5961511416261,5961511444335,72,0,0
rx,614,11,1,1,1787954384429878373,1787954384429364485,5961514686372,0,0,0,0
tx,614,43,1,1,1787954384436390855,1787954384429364485,5961521199131,5961521225946,72,0,0
rx,615,12,1,1,1787954384445146836,1787954384444576688,5961529954816,0,0,0,0
tx,615,52,1,1,1787954384446243651,1787954384444576688,5961531051946,5961531087335,72,0,0
tx,615,61,1,1,1787954384456078540,1787954384444576688,5961540886816,5961540913761,72,0,0
rx,616,13,1,1,1787954384460444373,1787954384459446188,5961545252353,0,0,0,0
tx,616,71,1,1,1787954384466955670,1787954384459446188,5961551763927,5961551796464,72,0,0
rx,617,14,1,1,1787954384474636336,1787954384474606244,5961559444335,0,0,0,0
tx,617,80,1,1,1787954384476811540,1787954384474606244,5961561619798,5961561648668,72,0,0
tx,617,89,1,1,1787954384486631133,1787954384474606244,5961571439372,5961571464964,72,0,0
rx,618,15,1,1,1787954384489954188,1787954384489225114,5961574762187,0,0,0,0
tx,618,98,1,1,1787954384496457170,1787954384489225114,5961581265409,5961581293983,72,0,0
rx,619,16,1,1,1787954384505220670,1787954384504280540,5961590028650,0,0,0,0
tx,619,107,1,1,1787954384506306762,1787954384504280540,5961591115020,5961591142353,72,0,0
tx,619,116,1,1,1787954384516133225,1787954384504280540,5961600941464,5961600967705,72,0,0
rx,620,17,1,1,1787954384519396373,1787954384519360855,5961604204372,0,0,0,0
tx,620,126,1,1,1787954384527025836,1787954384519360855,5961611834094,5961611867057,72,0,0
rx,621,18,1,1,1787954384534673373,1787954384534520522,5961619481390,0,0,0,0
tx,621,136,1,1,1787954384537941207,1787954384534520522,5961622749464,5961622778316,72,0,0
tx,621,145,1,1,1787954384547766022,1787954384534520522,5961632574261,5961632603779,72,0,0
rx,622,19,1,1,1787954384549973318,1787954384549608836,5961634781316,0,0,0,0
tx,622,154,1,1,1787954384557557596,1787954384549608836,5961642365835,5961642394168,72,0,0
rx,623,20,1,1,1787954384565238947,1787954384564423003,5961650046927,0,0,0,0
tx,623,163,1,1,1787954384567411577,1787954384564423003,5961652219835,5961652249427,72,0,0
tx,623,172,1,1,1787954384577236151,1787954384564423003,5961662044427,5961662073150,72,0,0
rx,624,21,1,1,1787954384579430207,1787954384579230855,5961664238205,0,0,0,0
tx,624,181,1,1,1787954384587026577,1787954384579230855,5961671834835,5961671862187,72,0,0
rx,625,22,1,1,1787954384594696373,1787954384594547077,5961679504372,0,0,0,0
tx,625,191,1,1,1787954384597947355,1787954384594547077,5961682755650,5961682782983,72,0,0
tx,625,200,1,1,1787954384607765429,1787954384594547077,5961692573687,5961692599168,72,0,0
rx,626,23,1,1,1787954384609965040,1787954384609578688,5961694773020,0,0,0,0
tx,626,8,1,1,1787954384617562040,1787954384609578688,5961702370279,5961702401705,72,0,0
rx,627,24,1,1,1787954384625274392,1787954384624166892,5961710082409,0,0,0,0
tx,627,17,1,1,1787954384627453929,1787954384624166892,5961712262187,5961712291687,72,0,0
tx,627,26,1,1,1787954384637283447,1787954384624166892,5961722091724,5961722116983,72,0,0
rx,628,25,1,1,1787954384640563947,1787954384639489651,5961725371946,0,0,0,0
tx,628,35,1,1,1787954384647079262,1787954384639489651,5961731887557,5961731920409,72,0,0
rx,629,26,1,1,1787954384654740410,1787954384654597225,5961739548390,0,0,0,0
tx,629,45,1,1,1787954384658006559,1787954384654597225,5961742814816,5961742843761,72,0,0
tx,629,54,1,1,1787954384667850762,1787954384654597225,5961752659335,5961752692168,72,0,0
rx,630,27,1,1,1787954384670018318,1787954384669381429,5961754826316,0,0,0,0
tx,630,63,1,1,1787954384677615559,1787954384669381429,5961762423798,5961762450779,72,0,0
rx,631,28,1,1,1787954384685297836,1787954384684462762,5961770105816,0,0,0,0
tx,631,72,1,1,1787954384687472651,1787954384684462762,5961772280927,5961772308335,72,0,0
tx,631,81,1,1,1787954384697289207,1787954384684462762,5961782097501,5961782122779,72,0,0
rx,632,29,1,1,1787954384700558836,1787954384699721855,5961785366816,0,0,0,0
tx,632,90,1,1,1787954384707058929,1787954384699721855,5961791867224,5961791893483,72,0,0
rx,633,30,1,1,1787954384714732170,1787954384714322688,5961799540168,0,0,0,0
tx,633,100,1,1,1787954384718006670,1787954384714322688,5961802815149,5961802854409,72,0,0
tx,633,109,1,1,1787954384727969040,1787954384714322688,5961812777298,5961812805131,72,0,0
rx,634,31,1,1,1787954384730165688,1787954384729416096,5961814973687,0,0,0,0
tx,634,118,1,1,1787954384737754244,1787954384729416096,5961822562483,5961822589112,72,0,0
rx,635,32,1,1,1787954384745482670,1787954384744429299,5961830290668,0,0,0,0
tx,635,127,1,1,1787954384747674188,1787954384744429299,5961832482427,5961832514001,72,0,0
tx,635,136,1,1,1787954384757504633,1787954384744429299,5961842312909,5961842339409,72,0,0
rx,636,33,1,1,1787954384759696910,1787954384759578114,5961844504890,0,0,0,0
tx,636,145,1,1,1787954384767287151,1787954384759578114,5961852095390,5961852126594,72,0,0
rx,637,34,1,1,1787954384774978170,1787954384774222521,5961859786149,0,0,0,0
tx,637,154,1,1,1787954384777157651,1787954384774222521,5961861965927,5961861999464,72,0,0
tx,637,164,1,1,1787954384788094558,1787954384774222521,5961872902835,5961872929261,72,0,0
rx,638,35,1,1,1787954384790282262,1787954384789273429,5961875090242,0,0,0,0
tx,638,174,1,1,1787954384798952577,1787954384789273429,5961883760835,5961883787335,72,0,0
rx,639,36,1,1,1787954384804445818,1787954384804323633,5961889253835,0,0,0,0
tx,639,183,1,1,1787954384808787040,1787954384804323633,5961893595298,5961893622927,72,0,0
tx,639,192,1,1,1787954384818620873,1787954384804323633,5961903429316,5961903458649,72,0,0
rx,640,37,1,1,1787954384819744688,1787954384819357799,5961904552668,0,0,0,0
tx,640,0,1,1,1787954384828409058,1787954384819357799,5961913217316,5961913247298,72,0,0
rx,641,38,1,1,1787954384834959373,1787954384834559873,5961919767372,0,0,0,0
tx,641,9,1,1,1787954384838214818,1787954384834559873,5961923023075,5961923050316,72,0,0
tx,641,18,1,1,1787954384848055299,1787954384834559873,5961932863557,5961932894723,72,0,0
rx,642,39,1,1,1787954384850272133,1787954384849260651,5961935080131,0,0,0,0
tx,642,28,1,1,1787954384858973373,1787954384849260651,5961943781612,5961943821205,72,0,0
rx,643,40,1,1,1787954384865566762,1787954384864658058,5961950374760,0,0,0,0
tx,643,37,1,1,1787954384868842744,1787954384864658058,5961953651001,5961953687149,72,0,0
tx,643,46,1,1,1787954384878664170,1787954384864658058,5961963472427,5961963500464,72,0,0
rx,644,41,1,1,1787954384879787744,1787954384879382558,5961964595742,0,0,0,0
tx,644,55,1,1,1787954384888470670,1787954384879382558,5961973278927,5961973305705,72,0,0
rx,645,42,1,1,1787954384895045318,1787954384894590632,5961979853298,0,0,0,0
tx,645,64,1,1,1787954384898302040,1787954384894590632,5961983110279,5961983137742,72,0,0
tx,645,73,1,1,1787954384908133355,1787954384894590632,5961992941612,5961992967168,72,0,0
rx,646,43,1,1,1787954384910315299,1787954384909421836,5961995123298,0,0,0,0
tx,646,83,1,1,1787954384918980447,1787954384909421836,5962003788705,5962003821705,72,0,0
rx,647,44,1,1,1787954384924489984,1787954384924308132,5962009297964,0,0,0,0
tx,647,92,1,1,1787954384928856595,1787954384924308132,5962013664872,5962013695353,72,0,0
tx,647,101,1,1,1787954384938719151,1787954384924308132,5962023527464,5962023555464,72,0,0
rx,648,45,1,1,1787954384939836614,1787954384939559669,5962024644631,0,0,0,0
tx,648,110,1,1,1787954384948508114,1787954384939559669,5962033316353,5962033347594,72,0,0
rx,649,46,1,1,1787954384955103040,1787954384954709188,5962039911057,0,0,0,0
tx,649,119,1,1,1787954384958360947,1787954384954709188,5962043169205,5962043199168,72,0,0
tx,649,128,1,1,1787954384968187429,1787954384954709188,5962052995668,5962053029760,72,0,0
rx,650,47,1,1,1787954384970398132,1787954384969862614,5962055206112,0,0,0,0
tx,650,138,1,1,1787954384979056632,1787954384969862614,5962063864872,5962063891612,72,0,0
rx,651,48,1,1,1787954384984562503,1787954384984395744,5962069370446,0,0,0,0
tx,651,148,1,1,1787954384989974262,1787954384984395744,5962074782575,5962074810038,72,0,0
rx,652,49,1,1,1787954384999788929,1787954384999372725,5962084596909,0,0,0,0
tx,652,157,1,1,1787954384999797244,1787954384999372725,5962084605520,5962084632872,72,0,0
tx,652,166,1,1,1787954385009614410,1787954384999372725,5962094422705,5962094448834,72,0,0
rx,653,50,1,1,1787954385015066910,1787954385014279244,5962099874909,0,0,0,0
tx,653,175,1,1,1787954385019407132,1787954385014279244,5962104215390,5962104246872,72,0,0
tx,653,184,1,1,1787954385029246632,1787954385014279244,5962114054890,5962114081779,72,0,0
rx,654,51,1,1,1787954385030358447,1787954385029410336,5962115166427,0,0,0,0
tx,654,193,1,1,1787954385039016392,1787954385029410336,5962123824631,5962123850427,72,0,0
rx,655,52,1,1,1787954385046702447,1787954385045743632,5962131510464,0,0,0,0
tx,655,2,1,1,1787954385049948392,1787954385045743632,5962134756686,5962134789483,72,0,0
rx,656,53,1,1,1787954385059787855,1787954385059369132,5962144595834,0,0,0,0
tx,656,11,1,1,1787954385059799466,1787954385059369132,5962144607705,5962144635723,72,0,0
tx,656,20,1,1,1787954385069632243,1787954385059369132,5962154440483,5962154473446,72,0,0
rx,657,54,1,1,1787954385075092540,1787954385074972799,5962159900483,0,0,0,0
tx,657,29,1,1,1787954385079434614,1787954385074972799,5962164242909,5962164270649,72,0,0
tx,657,38,1,1,1787954385089274762,1787954385074972799,5962174083020,5962174108705,72,0,0
rx,658,55,1,1,1787954385090382855,1787954385089396947,5962175190853,0,0,0,0
tx,658,47,1,1,1787954385099056669,1787954385089396947,5962183865057,5962183892223,72,0,0
rx,659,56,1,1,1787954385104538466,1787954385104448021,5962189346483,0,0,0,0
tx,659,57,1,1,1787954385109958818,1787954385104448021,5962194767057,5962194795686,72,0,0
rx,660,57,1,1,1787954385119808225,1787954385119470725,5962204616205,0,0,0,0
tx,660,66,1,1,1787954385119817058,1787954385119470725,5962204625316,5962204659927,72,0,0
tx,660,75,1,1,1787954385129654484,1787954385119470725,5962214462742,5962214489964,72,0,0
rx,661,58,1,1,1787954385136166799,1787954385135146632,5962220974779,0,0,0,0
tx,661,84,1,1,1787954385139419873,1787954385135146632,5962224228168,5962224255557,72,0,0
tx,661,93,1,1,1787954385149267466,1787954385135146632,5962234075890,5962234106446,72,0,0
rx,662,59,1,1,1787954385150385521,1787954385149850873,5962235193538,0,0,0,0
tx,662,102,1,1,1787954385159056540,1787954385149850873,5962243864779,5962243892705,72,0,0
rx,663,60,1,1,1787954385164554114,1787954385164500743,5962249362112,0,0,0,0
tx,663,112,1,1,1787954385169990373,1787954385164500743,5962254798649,5962254837316,72,0,0
rx,664,61,1,1,1787954385179821225,1787954385179538780,5962264629205,0,0,0,0
tx,664,121,1,1,1787954385179829725,1787954385179538780,5962264637964,5962264666020,72,0,0
tx,664,130,1,1,1787954385189651373,1787954385179538780,5962274459631,5962274486149,72,0,0
rx,665,62,1,1,1787954385195084447,1787954385194772169,5962279892427,0,0,0,0
tx,665,139,1,1,1787954385199426447,1787954385194772169,5962284234686,5962284263057,72,0,0
tx,665,148,1,1,1787954385209250855,1787954385194772169,5962294059112,5962294084816,72,0,0
rx,666,63,1,1,1787954385210366373,1787954385209496077,5962295174353,0,0,0,0
tx,666,157,1,1,1787954385219035984,1787954385209496077,5962303844279,5962303877668,72,0,0
rx,667,64,1,1,1787954385224555040,1787954385224310466,5962309363020,0,0,0,0
tx,667,167,1,1,1787954385229986410,1787954385224310466,5962314794668,5962314823112,72,0,0
tx,667,176,1,1,1787954385239816410,1787954385224310466,5962324624723,5962324651020,72,0,0
tx,667,185,1,1,1787954385249603614,1787954385224310466,5962334411927,5962334442779,72,0,0
tx,667,194,1,1,1787954385259397040,1787954385224310466,5962344205297,5962344231297,72,0,0
tx,667,2,1,1,1787954385269188577,1787954385224310466,5962353996834,5962354026890,72,0,0
tx,667,12,1,1,1787954385280077132,1787954385224310466,5962364885371,5962364910649,72,0,0
tx,667,22,1,1,1787954385290927651,1787954385224310466,5962375735890,5962375761334,72,0,0
tx,667,31,1,1,1787954385300689929,1787954385224310466,5962385498186,5962385523019,72,0,0
tx,667,40,1,1,1787954385310494706,1787954385224310466,5962395302964,5962395328279,72,0,0
tx,667,49,1,1,1787954385320301762,1787954385224310466,5962405110038,5962405141279,72,0,0
tx,667,58,1,1,1787954385330105373,1787954385224310466,5962414913612,5962414938982,72,0,0
tx,667,68,1,1,1787954385340985854,1787954385224310466,5962425794112,5962425820538,72,0,0
tx,667,77,1,1,1787954385350784373,1787954385224310466,5962435592612,5962435622964,72,0,0
tx,667,86,1,1,1787954385360565132,1787954385224310466,5962445373371,5962445399149,72,0,0
tx,667,95,1,1,1787954385370343854,1787954385224310466,5962455152149,5962455183908,72,0,0
tx,667,104,1,1,1787954385380124873,1787954385224310466,5962464933112,5962464959519,72,0,0
tx,667,114,1,1,1787954385390976651,1787954385224310466,5962475784908,5962475810427,72,0,0
tx,667,123,1,1,1787954385400749077,1787954385224310466,5962485557334,5962485581556,72,0,0
tx,667,132,1,1,1787954385410509077,1787954385224310466,5962495317334,5962495341538,72,0,0
tx,667,141,1,1,1787954385420315003,1787954385224310466,5962505123260,5962505154482,72,0,0
tx,667,150,1,1,1787954385430098706,1787954385224310466,5962514906964,5962514932705,72,0,0
tx,667,160,1,1,1787954385440966058,1787954385224310466,5962525774316,5962525799279,72,0,0
tx,667,169,1,1,1787954385450807354,1787954385224310466,5962535615816,5962535647390,72,0,0
tx,667,178,1,1,1787954385460595854,1787954385224310466,5962545404093,5962545431001,72,0,0
tx,667,187,1,1,1787954385470387743,1787954385224310466,5962555196001,5962555225760,72,0,0
tx,667,196,1,1,1787954385480163632,1787954385224310466,5962564971890,5962564996871,72,0,0
tx,667,5,1,1,1787954385491007651,1787954385224310466,5962575815908,5962575841279,72,0,0
tx,667,14,1,1,1787954385500778614,1787954385224310466,5962585586871,5962585612501,72,0,0
tx,667,23,1,1,1787954385510565558,1787954385224310466,5962595373816,5962595403168,72,0,0
tx,667,32,1,1,1787954385520333577,1787954385224310466,5962605141853,5962605171908,72,0,0
tx,667,41,1,1,1787954385530087614,1787954385224310466,5962614895871,5962614919982,72,0,0
tx,667,51,1,1,1787954385540950410,1787954385224310466,5962625758649,5962625783482,72,0,0
tx,667,60,1,1,1787954385550734651,1787954385224310466,5962635542927,5962635571130,72,0,0
tx,667,69,1,1,1787954385560498114,1787954385224310466,5962645306371,5962645336019,72,0,0
tx,667,78,1,1,1787954385570253410,1787954385224310466,5962655061705,5962655085945,72,0,0
tx,667,88,1,1,1787954385581084447,1787954385224310466,5962665892705,5962665915316,72,0,0
tx,667,98,1,1,1787954385591917465,1787954385224310466,5962676725705,5962676749019,72,0,0
tx,667,107,1,1,1787954385601664947,1787954385224310466,5962686473205,5962686495723,72,0,0
tx,667,116,1,1,1787954385611413262,1787954385224310466,5962696221519,5962696244130,72,0,0
tx,667,125,1,1,1787954385621167836,1787954385224310466,5962705976093,5962706004853,72,0,0
tx,667,135,1,1,1787954385632013614,1787954385224310466,5962716821871,5962716846130,72,0,0
tx,667,144,1,1,1787954385641763947,1787954385224310466,5962726572186,5962726594853,72,0,0
tx,667,153,1,1,1787954385651567484,1787954385224310466,5962736375723,5962736403427,72,0,0
tx,667,162,1,1,1787954385661323262,1787954385224310466,5962746131519,5962746154464,72,0,0
tx,667,171,1,1,1787954385671082188,1787954385224310466,5962755890427,5962755919316,72,0,0
tx,667,181,1,1,1787954385681926576,1787954385224310466,5962766734834,5962766758519,72,0,0
tx,667,190,1,1,1787954385691680262,1787954385224310466,5962776488501,5962776511519,72,0,0
tx,667,199,1,1,1787954385701429725,1787954385224310466,5962786237982,5962786260945,72,0,0
tx,667,7,1,1,1787954385711179651,1787954385224310466,5962795987890,5962796028704,72,0,0
tx,667,17,1,1,1787954385722041021,1787954385224310466,5962806849316,5962806876186,72,0,0
tx,667,27,1,1,1787954385732891762,1787954385224310466,5962817700001,5962817723834,72,0,0
tx,667,36,1,1,1787954385742642280,1787954385224310466,5962827450519,5962827474575,72,0,0
tx,667,45,1,1,1787954385752421299,1787954385224310466,5962837229556,5962837258316,72,0,0
tx,667,54,1,1,1787954385762188391,1787954385224310466,5962846996760,5962847027612,72,0,0
tx,667,64,1,1,1787954385773074058,1787954385224310466,5962857882297,5962857909686,72,0,0
tx,667,74,1,1,1787954385783912891,1787954385224310466,5962868721149,5962868745390,72,0,0
tx,667,83,1,1,1787954385793673262,1787954385224310466,5962878481501,5962878504890,72,0,0
tx,667,92,1,1,1787954385803426021,1787954385224310466,5962888234260,5962888256945,72,0,0
tx,667,101,1,1,1787954385813185132,1787954385224310466,5962897993390,5962898020964,72,0,0
tx,667,111,1,1,1787954385824023780,1787954385224310466,5962908832038,5962908855982,72,0,0
tx,667,121,1,1,1787954385834848817,1787954385224310466,5962919657075,5962919680908,72,0,0
tx,667,130,1,1,1787954385844629243,1787954385224310466,5962929437482,5962929460741,72,0,0
tx,667,139,1,1,1787954385854406373,1787954385224310466,5962939214612,5962939243019,72,0,0
tx,667,148,1,1,1787954385864202502,1787954385224310466,5962949010945,5962949044723,72,0,0
tx,667,158,1,1,1787954385875063650,1787954385224310466,5962959871890,5962959896852,72,0,0
tx,667,168,1,1,1787954385885905187,1787954385224310466,5962970713427,5962970736649,72,0,0
tx,667,177,1,1,1787954385895663799,1787954385224310466,5962980472056,5962980495427,72,0,0
tx,667,186,1,1,1787954385905425465,1787954385224310466,5962990233704,5962990256556,72,0,0
tx,667,195,1,1,1787954385915188613,1787954385224310466,5962999996852,5963000049797,72,0,0
tx,667,3,1,1,1787954385925021558,1787954385224310466,5963009829945,5963009867389,72,0,0
tx,667,13,1,1,1787954385935887891,1787954385224310466,5963020696130,5963020722352,72,0,0
tx,667,22,1,1,1787954385945654965,1787954385224310466,5963030463204,5963030486501,72,0,0
tx,667,31,1,1,1787954385955444743,1787954385224310466,5963040253001,5963040280260,72,0,0
tx,667,40,1,1,1787954385965215447,1787954385224310466,5963050023704,5963050053167,72,0,0
tx,667,50,1,1,1787954385976058299,1787954385224310466,5963060866556,5963060890501,72,0,0
tx,667,60,1,1,1787954385986902298,1787954385224310466,5963071710556,5963071733871,72,0,0
tx,667,69,1,1,1787954385996660928,1787954385224310466,5963081469186,5963081491871,72,0,0
tx,667,78,1,1,1787954386006416373,1787954385224310466,5963091224612,5963091247297,72,0,0
tx,667,87,1,1,1787954386016174947,1787954385224310466,5963100983186,5963101011352,72,0,0
tx,667,97,1,1,1787954386027021113,1787954385224310466,5963111829352,5963111854371,72,0,0
tx,667,107,1,1,1787954386037860502,1787954385224310466,5963122668760,5963122692038,72,0,0
tx,667,116,1,1,1787954386047615613,1787954385224310466,5963132423852,5963132446223,72,0,0
tx,667,125,1,1,1787954386057392298,1787954385224310466,5963142200538,5963142228593,72,0,0
tx,667,134,1,1,1787954386067167058,1787954385224310466,5963151975334,5963152027760,72,0,0
tx,667,144,1,1,1787954386078033835,1787954385224310466,5963162842093,5963162866852,72,0,0
tx,667,154,1,1,1787954386088871224,1787954385224310466,5963173679482,5963173702519,72,0,0
tx,667,163,1,1,1787954386098629187,1787954385224310466,5963183437426,5963183460482,72,0,0
tx,667,172,1,1,1787954386108387984,1787954385224310466,5963193196241,5963193222519,72,0,0
tx,667,181,1,1,1787954386118143132,1787954385224310466,5963202951371,5963202974204,72,0,0
tx,667,191,1,1,1787954386128979761,1787954385224310466,5963213788019,5963213811630,72,0,0
tx,667,200,1,1,1787954386138752021,1787954385224310466,5963223560278,5963223584371,72,0,0
tx,667,8,1,1,1787954386148514206,1787954385224310466,5963233322463,5963233344926,72,0,0
tx,667,17,1,1,1787954386158288687,1787954385224310466,5963243096945,5963243123389,72,0,0
tx,667,26,1,1,1787954386168053669,1787954385224310466,5963252861926,5963252890556,72,0,0
tx,667,36,1,1,1787954386178898724,1787954385224310466,5963263706982,5963263731297,72,0,0
tx,667,45,1,1,1787954386188656465,1787954385224310466,5963273464723,5963273487778,72,0,0
tx,667,54,1,1,1787954386198409169,1787954385224310466,5963283217426,5963283240056,72,0,0
tx,667,63,1,1,1787954386208161669,1787954385224310466,5963292969908,5963292992704,72,0,0
tx,667,73,1,1,1787954386219002909,1787954385224310466,5963303811149,5963303838056,72,0,0
tx,667,82,1,1,1787954386228759150,1787954385224310466,5963313567408,5963313591741,72,0,0
tx,667,91,1,1,1787954386238511761,1787954385224310466,5963323320019,5963323342686,72,0,0
tx,667,100,1,1,1787954386248267076,1787954385224310466,5963333075334,5963333099093,72,0,0
tx,667,109,1,1,1787954386258042650,1787954385224310466,5963342850889,5963342878186,72,0,0
tx,667,119,1,1,1787954386268892428,1787954385224310466,5963353700667,5963353728963,72,0,0
tx,667,128,1,1,1787954386278650243,1787954385224310466,5963363458500,5963363482260,72,0,0
tx,667,137,1,1,1787954386288405002,1787954385224310466,5963373213241,5963373236463,72,0,0
tx,667,146,1,1,1787954386298158206,1787954385224310466,5963382966445,5963382989760,72,0,0
tx,667,156,1,1,1787954386309001761,1787954385224310466,5963393810037,5963393836371,72,0,0
tx,667,165,1,1,1787954386318782798,1787954385224310466,5963403591056,5963403614704,72,0,0
tx,667,174,1,1,1787954386328535687,1787954385224310466,5963413343945,5963413367297,72,0,0
tx,667,183,1,1,1787954386338281743,1787954385224310466,5963423089982,5963423112908,72,0,0
tx,667,192,1,1,1787954386348028169,1787954385224310466,5963432836408,5963432860260,72,0,0
tx,667,1,1,1,1787954386358896632,1787954385224310466,5963443704889,5963443734778,72,0,0
tx,667,10,1,1,1787954386368659558,1787954385224310466,5963453467797,5963453491926,72,0,0
tx,667,19,1,1,1787954386378415761,1787954385224310466,5963463224000,5963463247519,72,0,0
tx,667,28,1,1,1787954386388174780,1787954385224310466,5963472983019,5963473006093,72,0,0
tx,667,38,1,1,1787954386399007650,1787954385224310466,5963483815889,5963483838389,72,0,0
tx,667,47,1,1,1787954386408763872,1787954385224310466,5963493572130,5963493599852,72,0,0
tx,667,56,1,1,1787954386418519909,1787954385224310466,5963503328167,5963503351019,72,0,0
tx,667,65,1,1,1787954386428276224,1787954385224310466,5963513084482,5963513109945,72,0,0
tx,667,74,1,1,1787954386438062854,1787954385224310466,5963522871093,5963522895648,72,0,0
tx,667,84,1,1,1787954386448896483,1787954385224310466,5963533704723,5963533727537,72,0,0
tx,667,93,1,1,1787954386458680335,1787954385224310466,5963543488574,5963543517519,72,0,0
tx,667,102,1,1,1787954386468458724,1787954385224310466,5963553266963,5963553295834,72,0,0
tx,667,111,1,1,1787954386478221687,1787954385224310466,5963563029945,5963563053278,72,0,0
tx,667,121,1,1,1787954386489055057,1787954385224310466,5963573863297,5963573886222,72,0,0
tx,667,131,1,1,1787954386499891613,1787954385224310466,5963584699852,5963584723630,72,0,0
tx,667,140,1,1,1787954386509653798,1787954385224310466,5963594462037,5963594487278,72,0,0
tx,667,149,1,1,1787954386519410224,1787954385224310466,5963604218463,5963604244297,72,0,0
tx,667,158,1,1,1787954386529165076,1787954385224310466,5963613973334,5963613997204,72,0,0
tx,667,168,1,1,1787954386540008613,1787954385224310466,5963624816871,5963624842074,72,0,0
tx,667,177,1,1,1787954386549764724,1787954385224310466,5963634572982,5963634596297,72,0,0
tx,667,186,1,1,1787954386559551576,1787954385224310466,5963644359815,5963644391871,72,0,0
tx,667,195,1,1,1787954386569336206,1787954385224310466,5963654144556,5963654169111,72,0,0
tx,667,3,1,1,1787954386579090594,1787954385224310466,5963663898852,5963663922278,72,0,0
