[0mBatt=23.3 [0m[33mODOM [31mVisionX  +0.00 Y  +0.00 theta   +0.0 elt    0 [0mimu  -1.4 Dt 4230 LtCy 2115 integ.govd   +0.00   +0.00 integ.vbp +0.00 +0.00 omni.gos X     +0.0 ,Y     +0.0. omgD +0.000 omg  +0.00 loop   5151
[0mBatt=23.3 [0m[33mODOM [31mVisionX  +0.00 Y  +0.00 theta   +0.0 elt    0 [0mimu  -1.3 Dt 4246 LtCy 2123 integ.govd   +0.00   +0.00 integ.vbp +0.00 +0.00 omni.gos X     +0.0 ,Y     +0.0. omgD +0.002 omg  +0.00 loop   5145
[0mBatt=23.3 [0m[33mODOM [31mVisionX  +0.00 Y  +0.00 theta   +0.0 elt    0 [0mimu  -1.4 Dt 4262 LtCy 2131 integ.govd   +0.00   +0.00 integ.vbp +0.00 +0.00 omni.gos X     +0.0 ,Y     -0.1. omgD -0.010 omg  +0.00 loop   5112
[0mBatt=23.3 [0m[33mODOM [31mVisionX  +0.00 Y  +0.00 theta   +0.0 elt    0 [0mimu  -1.4 Dt 4278 LtCy 2139 integ.govd   +0.00   +0.00 integ.vbp +0.00 +0.00 omni.gos X     +0.0 ,Y     -0.1. omgD -0.008 omg  +0.00 loop   5139
[0mBatt=23.3 [0m[33mODOM [31mVisionX  +0.00 Y  +0.00 theta   +0.0 elt    0 [0mimu  -1.4 Dt 4294 LtCy 2147 integ.govd   +0.00   +0.00 integ.vbp +0.00 +0.00 omni.gos X     +0.0 ,Y     -0.2. omgD -0.012 omg  +0.00 loop   5146
[0mBatt=23.3 [0m[33mODOM [31mVisionX  +0.00 Y  +0.00 theta   +0.0 elt    0 [0mimu  -1.4 Dt 4310 LtCy 2155 integ.govd   +0.00   +0.00 integ.vbp +0.00 +0.00 omni.gos X     -0.0 ,Y     -0.1. omgD -0.004 omg  +0.00 loop   5120
[0mBatt=23.3 [0m[33mODOM [31mVisionX  +0.00 Y  +0.00 theta   +0.0 elt    0 [0mimu  -1.4 Dt 4326 LtCy 2163 integ.govd   +0.00   +0.00 integ.vbp +0.00 +0.00 omni.gos X     +0.0 ,Y     -0.1. omgD -0.004 omg  +0.00 loop   5124
[0mBatt=23.3 [0m[33mODOM [31mVisionX  +0.00 Y  +0.00 theta   +0.0 elt    0 [0mimu  -1.4 Dt 4342 LtCy 2171 integ.govd   +0.00   +0.00 integ.vbp +0.00 +0.00 omni.gos X     -0.0 ,Y     -0.1. omgD -0.008 omg  +0.00 loop   5136
[0mBatt=23.3 [0m[33mODOM [31mVisionX  +0.00 Y  +0.00 theta   +0.0 elt    0 [0mimu  -1.4 Dt 4358 LtCy 2179 integ.govd   +0.00   +0.00 integ.vbp +0.00 +0.00 omni.gos X     +0.0 ,Y     -0.1. omgD -0.008 omg  +0.00 loop   5127
[0mBatt=23.3 [0m[33mODOM [31mVisionX  +0.00 Y  +0.00 theta   +0.0 elt    0 [0mimu  -1.4 Dt 4374 LtCy 2187 integ.govd   +0.00   +0.00 integ.vbp +0.00 +0.00 omni.gos X     +0.0 ,Y     -0.1. omgD -0.008 omg  +0.00 loop   5124
[0mBatt=23.3 [0m[33mODOM [31mVisionX  +0.00 Y  +0.00 theta   +0.0 elt    0 [0mimu  -1.4 Dt 4390 LtCy 2195 integ.govd   +0.00   +0.00 integ.vbp +0.00 +0.00 omni.gos X     +0.0 ,Y     -0.1. omgD -0.008 omg  +0.00 loop   5143
[0mBatt=23.3 [0m[33mODOM [31mVisionX  +0.00 Y  +0.00 theta   +0.0 elt    0 [0mimu  -1.4 Dt 4406 LtCy 2203 integ.govd   +0.00   +0.00 integ.vbp +0.00 +0.00 omni.gos X     +0.0 ,Y     +0.0. omgD +0.000 omg  +0.00 loop   5146
[0mBatt=23.3 [0m[33mODOM [31mVisionX  +0.00 Y  +0.00 theta   +0.0 elt    0 [0mimu  -1.4 Dt 4422 LtCy 2211 integ.govd   +0.00   +0.00 integ.vbp +0.00 +0.00 omni.gos X     +0.0 ,Y     -0.1. omgD -0.008 omg  +0.00 loop   5109
[0mBatt=23.3 [0m[33mODOM [31mVisionX  +0.00 Y  +0.00 theta   +0.0 elt    0 [0mimu  -1.4 Dt 4438 LtCy 2219 integ.govd   +0.00   +0.00 integ.vbp +0.00 +0.00 omni.gos X     +0.0 ,Y     +0.0. omgD +0.000 omg  +0.00 loop   5148
[0mBatt=23.3 [0m[33mODOM [31mVisionX  +0.00 Y  +0.00 theta   +0.0 elt    0 [0mimu  -1.4 Dt 4454 LtCy 2227 integ.govd   +0.00   +0.00 integ.vbp +0.00 +0.00 omni.gos X     -0.0 ,Y     -0.1. omgD -0.008 omg  +0.00 loop   5147
[0mBatt=23.3 [0m[33mODOM [31mVisionX  +0.00 Y  +0.00 theta   +0.0 elt    0 [0mimu  -1.4 Dt 4470 LtCy 2235 integ.govd   +0.00   +0.00 integ.vbp +0.00 +0.00 omni.gos X     +0.0 ,Y     -0.1. omgD -0.008 omg  +0.00 loop   5107
[0mBatt=23.3 [0m[33mODOM [31mVisionX  +0.00 Y  +0.00 theta   +0.0 elt    0 [0mimu  -1.4 Dt 4486 LtCy 2243 integ.govd   +0.00   +0.00 integ.vbp +0.00 +0.00 omni.gos X     -0.0 ,Y     -0.1. omgD -0.008 omg  +0.00 loop   5133
[0mBatt=23.3 [0m[33mODOM [31mVisionX  +0.00 Y  +0.00 theta   +0.0 elt    0 [0mimu  -1.4 Dt 4502 LtCy 2251 integ.govd   +0.00   +0.00 integ.vbp +0.00 +0.00 omni.gos X     +0.0 ,Y     -0.1. omgD -0.008 omg  +0.00 loop   5140
[0mBatt=23.3 [0m[33mODOM [31mVisionX  +0.00 Y  +0.00 theta   +0.0 elt    0 [0mimu  -1.4 Dt 4518 LtCy 2259 integ.govd   +0.00   +0.00 integ.vbp +0.00 +0.00 omni.gos X     +0.0 ,Y     -0.2. omgD -0.012 omg  +0.00 loop   5123
[0mBatt=23.3 [0m[33mODOM [31mVisionX  +0.00 Y  +0.00 theta   +0.0 elt    0 [0mimu  -1.4 Dt 4534 LtCy 2267 integ.govd   +0.00   +0.00 integ.vbp +0.00 +0.00 omni.gos X     +0.0 ,Y     +0.1. omgD +0.005 omg  +0.00 loop   5122
[0mBatt=23.3 [0m[33mODOM [31mVisionX  +0.00 Y  +0.00 theta   +0.0 elt    0 [0mimu  -1.4 Dt 4550 LtCy 2275 integ.govd   +0.00   +0.00 integ.vbp +0.00 +0.00 omni.gos X     +0.0 ,Y     -0.1. omgD -0.004 omg  +0.00 loop   5141
[0mBatt=23.3 [0m[33mODOM [31mVisionX  +0.00 Y  +0.00 theta   +0.0 elt    0 [0mimu  -1.4 Dt 4566 LtCy 2283 integ.govd   +0.00   +0.00 integ.vbp +0.00 +0.00 omni.gos X     -0.0 ,Y     -0.1. omgD -0.004 omg  +0.00 loop   5137
[0mBatt=23.3 [0m[33mODOM [31mVisionX  +0.00 Y  +0.00 theta   +0.0 elt    0 [0mimu  -1.4 Dt 4582 LtCy 2291 integ.govd   +0.00   +0.00 integ.vbp +0.00 +0.00 omni.gos X     +0.0 ,Y     +0.1. omgD +0.005 omg  +0.00 loop   5106
[0mBatt=23.3 [0m[33mODOM [31mVisionX  +0.00 Y  +0.00 theta   +0.0 elt    0 [0mimu  -1.4 Dt 4598 LtCy 2299 integ.govd   +0.00   +0.00 integ.vbp +0.00 +0.00 omni.gos X     -0.0 ,Y     -0.1. omgD -0.008 omg  +0.00 loop   5144
[0mBatt=23.3 [0m[33mODOM [31mVisionX  +0.00 Y  +0.00 theta   +0.0 elt    0 [0mimu  -1.4 Dt 4614 LtCy 2307 integ.govd   +0.00   +0.00 integ.vbp +0.00 +0.00 omni.gos X     +0.0 ,Y     -0.1. omgD -0.004 omg  +0.00 loop   5140
[0mBatt=23.3 [0m[33mODOM [31mVisionX  +0.00 Y  +0.00 theta   +0.0 elt    0 [0mimu  -1.4 Dt 4630 LtCy 2315 integ.govd   +0.00   +0.00 integ.vbp +0.00 +0.00 omni.gos X     +0.0 ,Y     +0.1. omgD +0.005 omg  +0.00 loop   5105
[0mBatt=23.3 [0m[33mODOM [31mVisionX  +0.00 Y  +0.00 theta   +0.0 elt    0 [0mimu  -1.4 Dt 4646 LtCy 2323 integ.govd   +0.00   +0.00 integ.vbp +0.00 +0.00 omni.gos X     +0.0 ,Y     +0.0. omgD +0.000 omg  +0.00 loop   5152
[0mBatt=23.3 [0m[33mODOM [31mVisionX  +0.00 Y  +0.00 theta   +0.0 elt    0 [0mimu  -1.4 Dt 4662 LtCy 2331 integ.govd   +0.00   +0.00 integ.vbp +0.00 +0.00 omni.gos X     +0.0 ,Y     -0.1. omgD -0.008 omg  +0.00 loop   5142
[0mBatt=23.3 [0m[33mODOM [31mVisionX  +0.00 Y  +0.00 theta   +0.0 elt    0 [0mimu  -1.4 Dt 4678 LtCy 2339 integ.govd   +0.00   +0.00 integ.vbp +0.00 +0.00 omni.gos X     +0.0 ,Y     -0.1. omgD -0.004 omg  +0.00 loop   5120
[0mBatt=23.3 [0m[33mODOM [31mVisionX  +0.00 Y  +0.00 theta   +0.0 elt    0 [0mimu  -1.4 Dt 4694 LtCy 2347 integ.govd   +0.00   +0.00 integ.vbp +0.00 +0.00 omni.gos X     +0.0 ,Y     -0.1. omgD -0.004 omg  +0.00 loop   5132
[0mBatt=23.3 [0m[33mODOM [31mVisionX  +0.00 Y  +0.00 theta   +0.0 elt    0 [0mimu  -1.4 Dt 4710 LtCy 2355 integ.govd   +0.00   +0.00 integ.vbp +0.00 +0.00 omni.gos X     +0.0 ,Y     -0.1. omgD -0.004 omg  +0.00 loop   5153
[0mBatt=23.3 [0m[33mODOM [31mVisionX  +0.00 Y  +0.00 theta   +0.0 elt    0 [0mimu  -1.4 Dt 4726 LtCy 2363 integ.govd   +0.00   +0.00 integ.vbp +0.00 +0.00 omni.gos X     +0.0 ,Y     -0.1. omgD -0.004 omg  +0.00 loop   5126
[0mBatt=23.3 [0m[33mODOM [31mVisionX  +0.00 Y  +0.00 theta   +0.0 elt    0 [0mimu  -1.4 Dt 4742 LtCy 2371 integ.govd   +0.00   +0.00 integ.vbp +0.00 +0.00 omni.gos X     +0.0 ,Y     +0.0. omgD +0.000 omg  +0.00 loop   5119
[0mBatt=23.3 [0m[33mODOM [31mVisionX  +0.00 Y  +0.00 theta   +0.0 elt    0 [0mimu  -1.4 Dt 4758 LtCy 2379 integ.govd   +0.00   +0.00 integ.vbp +0.00 +0.00 omni.gos X     -0.0 ,Y     -0.1. omgD -0.004 omg  +0.00 loop   5152
[0mBatt=23.3 [0m[33mODOM [31mVisionX  +0.00 Y  +0.00 theta   +0.0 elt    0 [0mimu  -1.4 Dt 4774 LtCy 2387 integ.govd   +0.00   +0.00 integ.vbp +0.00 +0.00 omni.gos X     +0.0 ,Y     +0.0. omgD +0.000 omg  +0.00 loop   5127
[0mBatt=23.3 [0m[33mODOM [31mVisionX  +0.00 Y  +0.00 theta   +0.0 elt    0 [0mimu  -1.4 Dt 4790 LtCy 2395 integ.govd   +0.00   +0.00 integ.vbp +0.00 +0.00 omni.gos X     +0.0 ,Y     -0.1. omgD -0.004 omg  +0.00 loop   5122
[0mBatt=23.3 [0m[33mODOM [31mVisionX  +0.00 Y  +0.00 theta   +0.0 elt    0 [0mimu  -1.4 Dt 4806 LtCy 2403 integ.govd   +0.00   +0.00 integ.vbp +0.00 +0.00 omni.gos X     -0.0 ,Y     -0.1. omgD -0.008 omg  +0.00 loop   5145
[0mBatt=23.3 [0m[33mODOM [31mVisionX  +0.00 Y  +0.00 theta   +0.0 elt    0 [0mimu  -1.4 Dt 4822 LtCy 2411 integ.govd   +0.00   +0.00 integ.vbp +0.00 +0.00 omni.gos X     +0.0 ,Y     +0.0. omgD +0.000 omg  +0.00 loop   5142
[0mBatt=23.3 [0m[33mODOM [31mVisionX  +0.00 Y  +0.00 theta   +0.0 elt    0 [0mimu  -1.4 Dt 4838 LtCy 2419 integ.govd   +0.00   +0.00 integ.vbp +0.00 +0.00 omni.gos X     +0.0 ,Y     -0.1. omgD -0.008 omg  +0.00 loop   5113
[0mBatt=23.3 [0m[33mODOM [31mVisionX  +0.00 Y  +0.00 theta   +0.0 elt    0 [0mimu  -1.4 Dt 4854 LtCy 2427 integ.govd   +0.00   +0.00 integ.vbp +0.00 +0.00 omni.gos X     +0.0 ,Y     -0.1. omgD -0.004 omg  +0.00 loop   5137
[0mBatt=23.3 [0m[33mODOM [31mVisionX  +0.00 Y  +0.00 theta   +0.0 elt    0 [0mimu  -1.4 Dt 4870 LtCy 2435 integ.govd   +0.00   +0.00 integ.vbp +0.00 +0.00 omni.gos X     +0.0 ,Y     -0.1. omgD -0.004 omg  +0.00 loop   5155
[0mBatt=23.3 [0m[33mODOM [31mVisionX  +0.00 Y  +0.00 theta   +0.0 elt    0 [0mimu  -1.4 Dt 4886 LtCy 2443 integ.govd   +0.00   +0.00 integ.vbp +0.00 +0.00 omni.gos X     +0.0 ,Y     +0.1. omgD +0.005 omg  +0.00 loop   5119
[0mBatt=23.3 [0m[33mODOM [31mVisionX  +0.00 Y  +0.00 theta   +0.0 elt    0 [0mimu  -1.4 Dt 4902 LtCy 2451 integ.govd   +0.00   +0.00 integ.vbp +0.00 +0.00 omni.gos X     +0.0 ,Y     -0.1. omgD -0.004 omg  +0.00 loop   5131
[0mBatt=23.3 [0m[33mODOM [31mVisionX  +0.00 Y  +0.00 theta   +0.0 elt    0 [0mimu  -1.4 Dt 4918 LtCy 2459 integ.govd   +0.00   +0.00 integ.vbp +0.00 +0.00 omni.gos X     -0.0 ,Y     -0.1. omgD -0.004 omg  +0.00 loop   5145
[0mBatt=23.3 [0m[33mODOM [31mVisionX  +0.00 Y  +0.00 theta   +0.0 elt    0 [0mimu  -1.4 Dt 4926 LtCy 2463 integ.govd   +0.00   +0.00 integ.vbp +0.00 +0.00 omni.gos X     +0.0 ,Y     -0.1. omgD -0.004 omg  +0.00 loop   2482
[0mBatt=23.3 [0m[33mODOM [31mVisionX  +0.00 Y  +0.00 theta   +0.0 elt    0 [0mimu  -1.4 Dt 4942 LtCy 2471 integ.govd   +0.00   +0.00 integ.vbp +0.00 +0.00 omni.gos X     -0.0 ,Y     -0.1. omgD -0.008 omg  +0.00 loop   5106
[0mBatt=23.3 [0m[33mODOM [31mVisionX  +0.00 Y  +0.00 theta   +0.0 elt    0 [0mimu  -1.4 Dt 4958 LtCy 2479 integ.govd   +0.00   +0.00 integ.vbp +0.00 +0.00 omni.gos X     +0.0 ,Y     -0.1. omgD -0.008 omg  +0.00 loop   5137
[0mBatt=23.3 [0m[33mODOM [31mVisionX  +0.00 Y  +0.00 theta   +0.0 elt    0 [0mimu  -1.4 Dt 4974 LtCy 2487 integ.govd   +0.00   +0.00 integ.vbp +0.00 +0.00 omni.gos X     +0.0 ,Y     -0.1. omgD -0.004 omg  +0.00 loop   5143
[0mBatt=23.3 [0m[33mODOM [31mVisionX  +0.00 Y  +0.00 theta   +0.0 elt    0 [0mimu  -1.4 Dt 4990 LtCy 2495 integ.govd   +0.00   +0.00 integ.vbp +0.00 +0.00 omni.gos X     -0.0 ,Y     -0.2. omgD -0.012 omg  +0.00 loop   5124
[0mBatt=23.3 [0m[33mODOM [31mVisionX  +0.00 Y  +0.00 theta   +0.0 elt    0 [0mimu  -1.4 Dt 5006 LtCy 2503 integ.govd   +0.00   +0.00 integ.vbp +0.00 +0.00 omni.gos X     +0.0 ,Y     -0.2. omgD -0.012 omg  +0.00 loop   5122
[0mBatt=23.3 [0m[33mODOM [31mVisionX  +0.00 Y  +0.00 theta   +0.0 elt    0 [0mimu  -1.4 Dt 5022 LtCy 2511 integ.govd   +0.00   +0.00 integ.vbp +0.00 +0.00 omni.gos X     -0.0 ,Y     -0.1. omgD -0.004 omg  +0.00 loop   5144
[0mBatt=23.3 [0m[33mODOM [31mVisionX  +0.00 Y  +0.00 theta   +0.0 elt    0 [0mimu  -1.4 Dt 5038 LtCy 2519 integ.govd   +0.00   +0.00 integ.vbp +0.00 +0.00 omni.gos X     +0.0 ,Y     -0.1. omgD -0.008 omg  +0.00 loop   5127
[0mBatt=23.3 [0m[33mODOM [31mVisionX  +0.00 Y  +0.00 theta   +0.0 elt    0 [0mimu  -1.4 Dt 5054 LtCy 2527 integ.govd   +0.00   +0.00 integ.vbp +0.00 +0.00 omni.gos X     +0.0 ,Y     -0.1. omgD -0.004 omg  +0.00 loop   5091
[0mBatt=23.3 [0m[33mODOM [31mVisionX  +0.00 Y  +0.00 theta   +0.0 elt    0 [0mimu  -1.4 Dt 5070 LtCy 2535 integ.govd   +0.00   +0.00 integ.vbp +0.00 +0.00 omni.gos X     -0.0 ,Y     -0.1. omgD -0.008 omg  +0.00 loop   5150
[0mBatt=23.3 [0m[33mODOM [31mVisionX  +0.00 Y  +0.00 theta   +0.0 elt    0 [0mimu  -1.4 Dt 5086 LtCy 2543 integ.govd   +0.00   +0.00 integ.vbp +0.00 +0.00 omni.gos X     +0.0 ,Y     -0.1. omgD -0.004 omg  +0.00 loop   5136
[0mBatt=23.3 [0m[33mODOM [31mVisionX  +0.00 Y  +0.00 theta   +0.0 elt    0 [0mimu  -1.4 Dt 5102 LtCy 2551 integ.govd   +0.00   +0.00 integ.vbp +0.00 +0.00 omni.gos X     +0.0 ,Y     +0.1. omgD +0.005 omg  +0.00 loop   5108
[0mBatt=23.3 [0m[33mODOM [31mVisionX  +0.00 Y  +0.00 theta   +0.0 elt    0 [0mimu  -1.4 Dt 5118 LtCy 2559 integ.govd   +0.00   +0.00 integ.vbp +0.00 +0.00 omni.gos X     +0.0 ,Y     -0.1. omgD -0.008 omg  +0.00 loop   5118
[0mBatt=23.3 [0m[33mODOM [31mVisionX  +0.00 Y  +0.00 theta   +0.0 elt    0 [0mimu  -1.4 Dt 5134 LtCy 2567 integ.govd   +0.00   +0.00 integ.vbp +0.00 +0.00 omni.gos X     +0.0 ,Y     -0.1. omgD -0.008 omg  +0.00 loop   5146
[0mBatt=23.3 [0m[33mODOM [31mVisionX  +0.00 Y  +0.00 theta   +0.0 elt    0 [0mimu  -1.4 Dt 5150 LtCy 2575 integ.govd   +0.00   +0.00 integ.vbp +0.00 +0.00 omni.gos X     +0.0 ,Y     -0.2. omgD -0.012 omg  +0.00 loop   5124
[0mBatt=23.3 [0m[33mODOM [31mVisionX  +0.00 Y  +0.00 theta   +0.0 elt    0 [0mimu  -1.4 Dt 5166 LtCy 2583 integ.govd   +0.00   +0.00 integ.vbp +0.00 +0.00 omni.gos X     -0.0 ,Y     -0.2. omgD -0.017 omg  +0.00 loop   5134
[0mBatt=23.3 [0m[33mODOM [31mVisionX  +0.00 Y  +0.00 theta   +0.0 elt    0 [0mimu  -1.4 Dt 5182 LtCy 2591 integ.govd   +0.00   +0.00 integ.vbp +0.00 +0.00 omni.gos X     +0.0 ,Y     -0.1. omgD -0.004 omg  +0.00 loop   5138
[0mBatt=23.3 [0m[33mODOM [31mVisionX  +0.00 Y  +0.00 theta   +0.0 elt    0 [0mimu  -1.4 Dt 5198 LtCy 2599 integ.govd   +0.00   +0.00 integ.vbp +0.00 +0.00 omni.gos X     +0.0 ,Y     -0.1. omgD -0.004 omg  +0.00 loop   5127
[0mBatt=23.3 [0m[33mODOM [31mVisionX  +0.00 Y  +0.00 theta   +0.0 elt    0 [0mimu  -1.4 Dt 5214 LtCy 2607 integ.govd   +0.00   +0.00 integ.vbp +0.00 +0.00 omni.gos X     +0.0 ,Y     -0.1. omgD -0.008 omg  +0.00 loop   5122
[0mBatt=23.3 [0m[33mODOM [31mVisionX  +0.00 Y  +0.00 theta   +0.0 elt    0 [0mimu  -1.4 Dt 5230 LtCy 2615 integ.govd   +0.00   +0.00 integ.vbp +0.00 +0.00 omni.gos X     -0.0 ,Y     -0.1. omgD -0.008 omg  +0.00 loop   5147
[0mBatt=23.3 [0m[33mODOM [31mVisionX  +0.00 Y  +0.00 theta   +0.0 elt    0 [0mimu  -1.4 Dt 5246 LtCy 2623 integ.govd   +0.00   +0.00 integ.vbp +0.00 +0.00 omni.gos X     -0.0 ,Y     -0.2. omgD -0.012 omg  +0.00 loop   5130
[0mBatt=23.3 [0m[33mODOM [31mVisionX  +0.00 Y  +0.00 theta   +0.0 elt    0 [0mimu  -1.4 Dt 5262 LtCy 2631 integ.govd   +0.00   +0.00 integ.vbp +0.00 +0.00 omni.gos X     -0.0 ,Y     -0.2. omgD -0.012 omg  +0.00 loop   5099
[0mBatt=23.3 [0m[33mODOM [31mVisionX  +0.00 Y  +0.00 theta   +0.0 elt    0 [0mimu  -1.4 Dt 5278 LtCy 2639 integ.govd   +0.00   +0.00 integ.vbp +0.00 +0.00 omni.gos X     +0.0 ,Y     -0.2. omgD -0.012 omg  +0.00 loop   5141
[0mBatt=23.3 [0m[33mODOM [31mVisionX  +0.00 Y  +0.00 theta   +0.0 elt    0 [0mimu  -1.4 Dt 5294 LtCy 2647 integ.govd   +0.00   +0.00 integ.vbp +0.00 +0.00 omni.gos X     -0.0 ,Y     -0.2. omgD -0.012 omg  +0.00 loop   5146
[0mBatt=23.3 [0m[33mODOM [31mVisionX  +0.00 Y  +0.00 theta   +0.0 elt    0 [0mimu  -1.4 Dt 5310 LtCy 2655 integ.govd   +0.00   +0.00 integ.vbp +0.00 +0.00 omni.gos X     +0.0 ,Y     +0.0. omgD +0.000 omg  +0.00 loop   5101
[0mBatt=23.3 [0m[33mODOM [31mVisionX  +0.00 Y  +0.00 theta   +0.0 elt    0 [0mimu  -1.4 Dt 5326 LtCy 2663 integ.govd   +0.00   +0.00 integ.vbp +0.00 +0.00 omni.gos X     +0.0 ,Y     -0.1. omgD -0.008 omg  +0.00 loop   5144
[0mBatt=23.3 [0m[33mODOM [31mVisionX  +0.00 Y  +0.00 theta   +0.0 elt    0 [0mimu  -1.4 Dt 5342 LtCy 2671 integ.govd   +0.00   +0.00 integ.vbp +0.00 +0.00 omni.gos X     +0.0 ,Y     -0.1. omgD -0.004 omg  +0.00 loop   5145
[0mBatt=23.3 [0m[33mODOM [31mVisionX  +0.00 Y  +0.00 theta   +0.0 elt    0 [0mimu  -1.4 Dt 5358 LtCy 2679 integ.govd   +0.00   +0.00 integ.vbp +0.00 +0.00 omni.gos X     -0.0 ,Y     -0.1. omgD -0.008 omg  +0.00 loop   5121
[0mBatt=23.3 [0m[33mODOM [31mVisionX  +0.00 Y  +0.00 theta   +0.0 elt    0 [0mimu  -1.4 Dt 5374 LtCy 2687 integ.govd   +0.00   +0.00 integ.vbp +0.00 +0.00 omni.gos X     +0.0 ,Y     -0.1. omgD -0.008 omg  +0.00 loop   5122
[0mBatt=23.3 [0m[33mODOM [31mVisionX  +0.00 Y  +0.00 theta   +0.0 elt    0 [0mimu  -1.4 Dt 5390 LtCy 2695 integ.govd   +0.00   +0.00 integ.vbp +0.00 +0.00 omni.gos X     +0.0 ,Y     -0.1. omgD -0.006 omg  +0.00 loop   5152
[0mBatt=23.3 [0m[33mODOM [31mVisionX  +0.00 Y  +0.00 theta   +0.0 elt    0 [0mimu  -1.4 Dt 5406 LtCy 2703 integ.govd   +0.00   +0.00 integ.vbp +0.00 +0.00 omni.gos X     -0.0 ,Y     -0.1. omgD -0.006 omg  +0.00 loop   5127
[0mBatt=23.3 [0m[33mODOM [31mVisionX  +0.00 Y  +0.00 theta   +0.0 elt    0 [0mimu  -1.4 Dt 5422 LtCy 2711 integ.govd   +0.00   +0.00 integ.vbp +0.00 +0.00 omni.gos X     +0.0 ,Y     -0.0. omgD -0.002 omg  +0.00 loop   5115
[0mBatt=23.3 [0m[33mODOM [31mVisionX  +0.00 Y  +0.00 theta   +0.0 elt    0 [0mimu  -1.4 Dt 5438 LtCy 2719 integ.govd   +0.00   +0.00 integ.vbp +0.00 +0.00 omni.gos X     +0.0 ,Y     -0.1. omgD -0.006 omg  +0.00 loop   5148
[0mBatt=23.3 [0m[33mODOM [31mVisionX  +0.00 Y  +0.00 theta   +0.0 elt    0 [0mimu  -1.4 Dt 5454 LtCy 2727 integ.govd   +0.00   +0.00 integ.vbp +0.00 +0.00 omni.gos X     +0.0 ,Y     -0.1. omgD -0.010 omg  +0.00 loop   5140
[0mBatt=23.3 [0m[33mODOM [31mVisionX  +0.00 Y  +0.00 theta   +0.0 elt    0 [0mimu  -1.4 Dt 5470 LtCy 2735 integ.govd   +0.00   +0.00 integ.vbp +0.00 +0.00 omni.gos X     +0.0 ,Y     -0.1. omgD -0.006 omg  +0.00 loop   5111
[0mBatt=23.3 [0m[33mODOM [31mVisionX  +0.00 Y  +0.00 theta   +0.0 elt    0 [0mimu  -1.4 Dt 5486 LtCy 2743 integ.govd   +0.00   +0.00 integ.vbp +0.00 +0.00 omni.gos X     +0.0 ,Y     -0.1. omgD -0.006 omg  +0.00 loop   5142
[0mBatt=23.3 [0m[33mODOM [31mVisionX  +0.00 Y  +0.00 theta   +0.0 elt    0 [0mimu  -1.4 Dt 5502 LtCy 2751 integ.govd   +0.00   +0.00 integ.vbp +0.00 +0.00 omni.gos X     -0.0 ,Y     -0.1. omgD -0.008 omg  +0.00 loop   5145
[0mBatt=23.3 [0m[33mODOM [31mVisionX  +0.00 Y  +0.00 theta   +0.0 elt    0 [0mimu  -1.4 Dt 5518 LtCy 2759 integ.govd   +0.00   +0.00 integ.vbp +0.00 +0.00 omni.gos X     -0.0 ,Y     -0.1. omgD -0.008 omg  +0.00 loop   5105
[0mBatt=23.3 [0m[33mODOM [31mVisionX  +0.00 Y  +0.00 theta   +0.0 elt    0 [0mimu  -1.4 Dt 5534 LtCy 2767 integ.govd   +0.00   +0.00 integ.vbp +0.00 +0.00 omni.gos X     -0.0 ,Y     -0.1. omgD -0.008 omg  +0.00 loop   5127
[0mBatt=23.3 [0m[33mODOM [31mVisionX  +0.00 Y  +0.00 theta   +0.0 elt    0 [0mimu  -1.4 Dt 5550 LtCy 2775 integ.govd   +0.00   +0.00 integ.vbp +0.00 +0.00 omni.gos X     +0.0 ,Y     -0.1. omgD -0.006 omg  +0.00 loop   5138
[0mBatt=23.3 [0m[33mODOM [31mVisionX  +0.00 Y  +0.00 theta   +0.0 elt    0 [0mimu  -1.4 Dt 5566 LtCy 2783 integ.govd   +0.00   +0.00 integ.vbp +0.00 +0.00 omni.gos X     -0.0 ,Y     -0.2. omgD -0.012 omg  +0.00 loop   5132
[0mBatt=23.3 [0m[33mODOM [31mVisionX  +0.00 Y  +0.00 theta   +0.0 elt    0 [0mimu  -1.4 Dt 5582 LtCy 2791 integ.govd   +0.00   +0.00 integ.vbp +0.00 +0.00 omni.gos X     -0.0 ,Y     -0.1. omgD -0.008 omg  +0.00 loop   5114
[0mBatt=23.3 [0m[33mODOM [31mVisionX  +0.00 Y  +0.00 theta   +0.0 elt    0 [0mimu  -1.4 Dt 5598 LtCy 2799 integ.govd   +0.00   +0.00 integ.vbp +0.00 +0.00 omni.gos X     +0.0 ,Y     -0.1. omgD -0.004 omg  +0.00 loop   5142
[0mBatt=23.3 [0m[33mODOM [31mVisionX  +0.00 Y  +0.00 theta   +0.0 elt    0 [0mimu  -1.4 Dt 5614 LtCy 2807 integ.govd   +0.00   +0.00 integ.vbp +0.00 +0.00 omni.gos X     +0.0 ,Y     -0.1. omgD -0.006 omg  +0.00 loop   5137
[0mBatt=23.3 [0m[33mODOM [31mVisionX  +0.00 Y  +0.00 theta   +0.0 elt    0 [0mimu  -1.4 Dt 5630 LtCy 2815 integ.govd   +0.00   +0.00 integ.vbp +0.00 +0.00 omni.gos X     -0.0 ,Y     -0.1. omgD -0.006 omg  +0.00 loop   5107
[0mBatt=23.3 [0m[33mODOM [31mVisionX  +0.00 Y  +0.00 theta   +0.0 elt    0 [0mimu  -1.4 Dt 5646 LtCy 2823 integ.govd   +0.00   +0.00 integ.vbp +0.00 +0.00 omni.gos X     -0.0 ,Y     -0.2. omgD -0.012 omg  +0.00 loop   5141
[0mBatt=23.3 [0m[33mODOM [31mVisionX  +0.00 Y  +0.00 theta   +0.0 elt    0 [0mimu  -1.4 Dt 5662 LtCy 2831 integ.govd   +0.00   +0.00 integ.vbp +0.00 +0.00 omni.gos X     +0.0 ,Y     -0.1. omgD -0.008 omg  +0.00 loop   5135
[0mBatt=23.3 [0m[33mODOM [31mVisionX  +0.00 Y  +0.00 theta   +0.0 elt    0 [0mimu  -1.4 Dt 5678 LtCy 2839 integ.govd   +0.00   +0.00 integ.vbp +0.00 +0.00 omni.gos X     +0.0 ,Y     -0.2. omgD -0.012 omg  +0.00 loop   5109
[0mBatt=23.3 [0m[33mODOM [31mVisionX  +0.00 Y  +0.00 theta   +0.0 elt    0 [0mimu  -1.4 Dt 5694 LtCy 2847 integ.govd   +0.00   +0.00 integ.vbp +0.00 +0.00 omni.gos X     +0.0 ,Y     -0.2. omgD -0.012 omg  +0.00 loop   5136
[0mBatt=23.3 [0m[33mODOM [31mVisionX  +0.00 Y  +0.00 theta   +0.0 elt    0 [0mimu  -1.4 Dt 5710 LtCy 2855 integ.govd   +0.00   +0.00 integ.vbp +0.00 +0.00 omni.gos X     +0.0 ,Y     -0.0. omgD -0.002 omg  +0.00 loop   5152
[0mBatt=23.3 [0m[33mODOM [31mVisionX  +0.00 Y  +0.00 theta   +0.0 elt    0 [0mimu  -1.4 Dt 5726 LtCy 2863 integ.govd   +0.00   +0.00 integ.vbp +0.00 +0.00 omni.gos X     +0.0 ,Y     -0.1. omgD -0.008 omg  +0.00 loop   5117
[0mBatt=23.3 [0m[33mODOM [31mVisionX  +0.00 Y  +0.00 theta   +0.0 elt    0 [0mimu  -1.4 Dt 5742 LtCy 2871 integ.govd   +0.00   +0.00 integ.vbp +0.00 +0.00 omni.gos X     +0.0 ,Y     +0.0. omgD +0.000 omg  +0.00 loop   5130
[0mBatt=23.3 [0m[33mODOM [31mVisionX  +0.00 Y  +0.00 theta   +0.0 elt    0 [0mimu  -1.4 Dt 5758 LtCy 2879 integ.govd   +0.00   +0.00 integ.vbp +0.00 +0.00 omni.gos X     -0.0 ,Y     -0.1. omgD -0.008 omg  +0.00 loop   5147
[0mBatt=23.3 [0m[33mODOM [31mVisionX  +0.00 Y  +0.00 theta   +0.0 elt    0 [0mimu  -1.4 Dt 5774 LtCy 2887 integ.govd   +0.00   +0.00 integ.vbp +0.00 +0.00 omni.gos X     -0.0 ,Y     -0.1. omgD -0.008 omg  +0.00 loop   5115
[0mBatt=23.3 [0m[33mODOM [31mVisionX  +0.00 Y  +0.00 theta   +0.0 elt    0 [0mimu  -1.4 Dt 5790 LtCy 2895 integ.govd   +0.00   +0.00 integ.vbp +0.00 +0.00 omni.gos X     -0.0 ,Y     -0.1. omgD -0.008 omg  +0.00 loop   5115
[0mBatt=23.3 [0m[33mODOM [31mVisionX  +0.00 Y  +0.00 theta   +0.0 elt    0 [0mimu  -1.4 Dt 5806 LtCy 2903 integ.govd   +0.00   +0.00 integ.vbp +0.00 +0.00 omni.gos X     +0.0 ,Y     -0.1. omgD -0.004 omg  +0.00 loop   5134
[0mBatt=23.3 [0m[33mODOM [31mVisionX  +0.00 Y  +0.00 theta   +0.0 elt    0 [0mimu  -1.4 Dt 5822 LtCy 2911 integ.govd   +0.00   +0.00 integ.vbp +0.00 +0.00 omni.gos X     +0.0 ,Y     -0.1. omgD -0.004 omg  +0.00 loop   5146
[0mBatt=23.3 [0m[33mODOM [31mVisionX  +0.00 Y  +0.00 theta   +0.0 elt    0 [0mimu  -1.4 Dt 5838 LtCy 2919 integ.govd   +0.00   +0.00 integ.vbp +0.00 +0.00 omni.gos X     +0.0 ,Y     -0.1. omgD -0.008 omg  +0.00 loop   5113
[0mBatt=23.3 [0m[33mODOM [31mVisionX  +0.00 Y  +0.00 theta   +0.0 elt    0 [0mimu  -1.4 Dt 5854 LtCy 2927 integ.govd   +0.00   +0.00 integ.vbp +0.00 +0.00 omni.gos X     +0.0 ,Y     -0.1. omgD -0.008 omg  +0.00 loop   5145
[0mBatt=23.3 [0m[33mODOM [31mVisionX  +0.00 Y  +0.00 theta   +0.0 elt    0 [0mimu  -1.4 Dt 5870 LtCy 2935 integ.govd   +0.00   +0.00 integ.vbp +0.00 +0.00 omni.gos X     +0.0 ,Y     +0.0. omgD +0.000 omg  +0.00 loop   5149
[0mBatt=23.3 [0m[33mODOM [31mVisionX  +0.00 Y  +0.00 theta   +0.0 elt    0 [0mimu  -1.4 Dt 5886 LtCy 2943 integ.govd   +0.00   +0.00 integ.vbp +0.00 +0.00 omni.gos X     +0.0 ,Y     +0.0. omgD +0.000 omg  +0.00 loop   5105
[0mBatt=23.3 [0m[33mODOM [31mVisionX  +0.00 Y  +0.00 theta   +0.0 elt    0 [0mimu  -1.4 Dt 5902 LtCy 2951 integ.govd   +0.00   +0.00 integ.vbp +0.00 +0.00 omni.gos X     +0.0 ,Y     +0.0. omgD +0.000 omg  +0.00 loop   5138
[0mBatt=23.3 [0m[33mODOM [31mVisionX  +0.00 Y  +0.00 theta   +0.0 elt    0 [0mimu  -1.4 Dt 5918 LtCy 2959 integ.govd   +0.00   +0.00 integ.vbp +0.00 +0.00 omni.gos X     +0.0 ,Y     -0.1. omgD -0.004 omg  +0.00 loop   5146
[0mBatt=23.3 [0m[33mODOM [31mVisionX  +0.00 Y  +0.00 theta   +0.0 elt    0 [0mimu  -1.4 Dt 5926 LtCy 2963 integ.govd   +0.00   +0.00 integ.vbp +0.00 +0.00 omni.gos X     +0.0 ,Y     -0.1. omgD -0.004 omg  +0.00 loop   2482
[0mBatt=23.3 [0m[33mODOM [31mVisionX  +0.00 Y  +0.00 theta   +0.0 elt    0 [0mimu  -1.4 Dt 5942 LtCy 2971 integ.govd   +0.00   +0.00 integ.vbp +0.00 +0.00 omni.gos X     -0.0 ,Y     -0.2. omgD -0.017 omg  +0.00 loop   5107
[0mBatt=23.3 [0m[33mODOM [31mVisionX  +0.00 Y  +0.00 theta   +0.0 elt    0 [0mimu  -1.4 Dt 5958 LtCy 2979 integ.govd   +0.00   +0.00 integ.vbp +0.00 +0.00 omni.gos X     -0.0 ,Y     -0.2. omgD -0.017 omg  +0.00 loop   5139
[0mBatt=23.3 [0m[33mODOM [31mVisionX  +0.00 Y  +0.00 theta   +0.0 elt    0 [0mimu  -1.4 Dt 5974 LtCy 2987 integ.govd   +0.00   +0.00 integ.vbp +0.00 +0.00 omni.gos X     +0.0 ,Y     -0.2. omgD -0.012 omg  +0.00 loop   5134
[0mBatt=23.3 [0m[33mODOM [31mVisionX  +0.00 Y  +0.00 theta   +0.0 elt    0 [0mimu  -1.4 Dt 5990 LtCy 2995 integ.govd   +0.00   +0.00 integ.vbp +0.00 +0.00 omni.gos X     +0.0 ,Y     -0.1. omgD -0.008 omg  +0.00 loop   5114
[0mBatt=23.3 [0m[33mODOM [31mVisionX  +0.00 Y  +0.00 theta   +0.0 elt    0 [0mimu  -1.4 Dt 6006 LtCy 3003 integ.govd   +0.00   +0.00 integ.vbp +0.00 +0.00 omni.gos X     +0.0 ,Y     +0.0. omgD +0.000 omg  +0.00 loop   5131
[0mBatt=23.3 [0m[33mODOM [31mVisionX  +0.00 Y  +0.00 theta   +0.0 elt    0 [0mimu  -1.4 Dt 6022 LtCy 3011 integ.govd   +0.00   +0.00 integ.vbp +0.00 +0.00 omni.gos X     +0.0 ,Y     -0.1. omgD -0.004 omg  +0.00 loop   5149
[0mBatt=23.3 [0m[33mODOM [31mVisionX  +0.00 Y  +0.00 theta   +0.0 elt    0 [0mimu  -1.4 Dt 6038 LtCy 3019 integ.govd   +0.00   +0.00 integ.vbp +0.00 +0.00 omni.gos X     +0.0 ,Y     -0.2. omgD -0.012 omg  +0.00 loop   5122
[0mBatt=23.3 [0m[33mODOM [31mVisionX  +0.00 Y  +0.00 theta   +0.0 elt    0 [0mimu  -1.4 Dt 6054 LtCy 3027 integ.govd   +0.00   +0.00 integ.vbp +0.00 +0.00 omni.gos X     +0.0 ,Y     -0.1. omgD -0.008 omg  +0.00 loop   5122
[0mBatt=23.3 [0m[33mODOM [31mVisionX  +0.00 Y  +0.00 theta   +0.0 elt    0 [0mimu  -1.4 Dt 6070 LtCy 3035 integ.govd   +0.00   +0.00 integ.vbp +0.00 +0.00 omni.gos X     +0.0 ,Y     -0.1. omgD -0.004 omg  +0.00 loop   5148
[0mBatt=23.3 [0m[33mODOM [31mVisionX  +0.00 Y  +0.00 theta   +0.0 elt    0 [0mimu  -1.4 Dt 6086 LtCy 3043 integ.govd   +0.00   +0.00 integ.vbp +0.00 +0.00 omni.gos X     +0.0 ,Y     +0.1. omgD +0.005 omg  +0.00 loop   5136
[0mBatt=23.3 [0m[33mODOM [31mVisionX  +0.00 Y  +0.00 theta   +0.0 elt    0 [0mimu  -1.4 Dt 6102 LtCy 3051 integ.govd   +0.00   +0.00 integ.vbp +0.00 +0.00 omni.gos X     +0.0 ,Y     -0.1. omgD -0.008 omg  +0.00 loop   5114
[0mBatt=23.3 [0m[33mODOM [31mVisionX  +0.00 Y  +0.00 theta   +0.0 elt    0 [0mimu  -1.4 Dt 6118 LtCy 3059 integ.govd   +0.00   +0.00 integ.vbp +0.00 +0.00 omni.gos X     +0.0 ,Y     -0.1. omgD -0.008 omg  +0.00 loop   5144
[0mBatt=23.3 [0m[33mODOM [31mVisionX  +0.00 Y  +0.00 theta   +0.0 elt    0 [0mimu  -1.4 Dt 6134 LtCy 3067 integ.govd   +0.00   +0.00 integ.vbp +0.00 +0.00 omni.gos X     -0.0 ,Y     -0.2. omgD -0.012 omg  +0.00 loop   5146
[0mBatt=23.3 [0m[33mODOM [31mVisionX  +0.00 Y  +0.00 theta   +0.0 elt    0 [0mimu  -1.4 Dt 6150 LtCy 3075 integ.govd   +0.00   +0.00 integ.vbp +0.00 +0.00 omni.gos X     +0.0 ,Y     -0.1. omgD -0.004 omg  +0.00 loop   5096
[0mBatt=23.3 [0m[33mODOM [31mVisionX  +0.00 Y  +0.00 theta   +0.0 elt    0 [0mimu  -1.4 Dt 6166 LtCy 3083 integ.govd   +0.00   +0.00 integ.vbp +0.00 +0.00 omni.gos X     +0.0 ,Y     -0.1. omgD -0.008 omg  +0.00 loop   5147
[0mBatt=23.3 [0m[33mODOM [31mVisionX  +0.00 Y  +0.00 theta   +0.0 elt    0 [0mimu  -1.4 Dt 6182 LtCy 3091 integ.govd   +0.00   +0.00 integ.vbp +0.00 +0.00 omni.gos X     +0.0 ,Y     -0.1. omgD -0.008 omg  +0.00 loop   5140
[0mBatt=23.3 [0m[33mODOM [31mVisionX  +0.00 Y  +0.00 theta   +0.0 elt    0 [0mimu  -1.4 Dt 6198 LtCy 3099 integ.govd   +0.00   +0.00 integ.vbp +0.00 +0.00 omni.gos X     +0.0 ,Y     +0.0. omgD +0.000 omg  +0.00 loop   5112
[0mBatt=23.3 [0m[33mODOM [31mVisionX  +0.00 Y  +0.00 theta   +0.0 elt    0 [0mimu  -1.4 Dt 6214 LtCy 3107 integ.govd   +0.00   +0.00 integ.vbp +0.00 +0.00 omni.gos X     -0.0 ,Y     -0.2. omgD -0.012 omg  +0.00 loop   5139
[0mBatt=23.3 [0m[33mODOM [31mVisionX  +0.00 Y  +0.00 theta   +0.0 elt    0 [0mimu  -1.4 Dt 6230 LtCy 3115 integ.govd   +0.00   +0.00 integ.vbp +0.00 +0.00 omni.gos X     +0.0 ,Y     -0.1. omgD -0.008 omg  +0.00 loop   5137
[0mBatt=23.3 [0m[33mODOM [31mVisionX  +0.00 Y  +0.00 theta   +0.0 elt    0 [0mimu  -1.4 Dt 6246 LtCy 3123 integ.govd   +0.00   +0.00 integ.vbp +0.00 +0.00 omni.gos X     +0.0 ,Y     -0.1. omgD -0.008 omg  +0.00 loop   5126
[0mBatt=23.3 [0m[33mODOM [31mVisionX  +0.00 Y  +0.00 theta   +0.0 elt    0 [0mimu  -1.4 Dt 6262 LtCy 3131 integ.govd   +0.00   +0.00 integ.vbp +0.00 +0.00 omni.gos X     -0.0 ,Y     -0.1. omgD -0.004 omg  +0.00 loop   5118
[0mBatt=23.3 [0m[33mODOM [31mVisionX  +0.00 Y  +0.00 theta   +0.0 elt    0 [0mimu  -1.4 Dt 6278 LtCy 3139 integ.govd   +0.00   +0.00 integ.vbp +0.00 +0.00 omni.gos X     -0.0 ,Y     -0.1. omgD -0.008 omg  +0.00 loop   5138
[0mBatt=23.3 [0m[33mODOM [31mVisionX  +0.00 Y  +0.00 theta   +0.0 elt    0 [0mimu  -1.4 Dt 6294 LtCy 3147 integ.govd   +0.00   +0.00 integ.vbp +0.00 +0.00 omni.gos X     -0.0 ,Y     -0.2. omgD -0.017 omg  +0.00 loop   5126
[0mBatt=23.3 [0m[33mODOM [31mVisionX  +0.00 Y  +0.00 theta   +0.0 elt    0 [0mimu  -1.4 Dt 6310 LtCy 3155 integ.govd   +0.00   +0.00 integ.vbp +0.00 +0.00 omni.gos X     +0.0 ,Y     -0.2. omgD -0.012 omg  +0.00 loop   5108
[0mBatt=23.3 [0m[33mODOM [31mVisionX  +0.00 Y  +0.00 theta   +0.0 elt    0 [0mimu  -1.4 Dt 6326 LtCy 3163 integ.govd   +0.00   +0.00 integ.vbp +0.00 +0.00 omni.gos X     +0.0 ,Y     -0.1. omgD -0.004 omg  +0.00 loop   5136
[0mBatt=23.3 [0m[33mODOM [31mVisionX  +0.00 Y  +0.00 theta   +0.0 elt    0 [0mimu  -1.4 Dt 6342 LtCy 3171 integ.govd   +0.00   +0.00 integ.vbp +0.00 +0.00 omni.gos X     +0.0 ,Y     -0.2. omgD -0.012 omg  +0.00 loop   5146
[0mBatt=23.3 [0m[33mODOM [31mVisionX  +0.00 Y  +0.00 theta   +0.0 elt    0 [0mimu  -1.4 Dt 6358 LtCy 3179 integ.govd   +0.00   +0.00 integ.vbp +0.00 +0.00 omni.gos X     +0.0 ,Y     +0.0. omgD +0.000 omg  +0.00 loop   5112
[0mBatt=23.3 [0m[33mODOM [31mVisionX  +0.00 Y  +0.00 theta   +0.0 elt    0 [0mimu  -1.4 Dt 6374 LtCy 3187 integ.govd   +0.00   +0.00 integ.vbp +0.00 +0.00 omni.gos X     +0.0 ,Y     -0.1. omgD -0.004 omg  +0.00 loop   5139
[0mBatt=23.3 [0m[33mODOM [31mVisionX  +0.00 Y  +0.00 theta   +0.0 elt    0 [0mimu  -1.4 Dt 6390 LtCy 3195 integ.govd   +0.00   +0.00 integ.vbp +0.00 +0.00 omni.gos X     -0.0 ,Y     -0.3. omgD -0.021 omg  +0.00 loop   5149
[0mBatt=23.3 [0m[33mODOM [31mVisionX  +0.00 Y  +0.00 theta   +0.0 elt    0 [0mimu  -1.4 Dt 6406 LtCy 3203 integ.govd   +0.00   +0.00 integ.vbp +0.00 +0.00 omni.gos X     +0.0 ,Y     -0.1. omgD -0.004 omg  +0.00 loop   5107
[0mBatt=23.3 [0m[33mODOM [31mVisionX  +0.00 Y  +0.00 theta   +0.0 elt    0 [0mimu  -1.5 Dt 6422 LtCy 3211 integ.govd   +0.00   +0.00 integ.vbp +0.00 +0.00 omni.gos X     +0.0 ,Y     -0.1. omgD -0.008 omg  +0.00 loop   5127
[0mBatt=23.3 [0m[33mODOM [31mVisionX  +0.00 Y  +0.00 theta   +0.0 elt    0 [0mimu  -1.5 Dt 6438 LtCy 3219 integ.govd   +0.00   +0.00 integ.vbp +0.00 +0.00 omni.gos X     +0.0 ,Y     +0.0. omgD +0.000 omg  +0.00 loop   5144
[0mBatt=23.3 [0m[33mODOM [31mVisionX  +0.00 Y  +0.00 theta   +0.0 elt    0 [0mimu  -1.5 Dt 6454 LtCy 3227 integ.govd   +0.00   +0.00 integ.vbp +0.00 +0.00 omni.gos X     -0.0 ,Y     -0.1. omgD -0.008 omg  +0.00 loop   5110
[0mBatt=23.2 [0m[33mODOM [31mVisionX  +0.00 Y  +0.00 theta   +0.0 elt    0 [0mimu  -1.5 Dt 6470 LtCy 3235 integ.govd   +0.00   +0.00 integ.vbp +0.00 +0.00 omni.gos X     -0.0 ,Y     -0.2. omgD -0.017 omg  +0.00 loop   5111
[0mBatt=23.2 [0m[33mODOM [31mVisionX  +0.00 Y  +0.00 theta   +0.0 elt    0 [0mimu  -1.5 Dt 6486 LtCy 3243 integ.govd   +0.00   +0.00 integ.vbp +0.00 +0.00 omni.gos X     -0.0 ,Y     -0.2. omgD -0.012 omg  +0.00 loop   5139
orion main start [Sep 20 2026] [10:24:38]
put the IMU still!
cal_len[1235]
Gyro Yaw +0.000069 
complete imu init

start can1

start can2
[0m[0m AI_CMD [0m MOTOR [0m DRIBBLER [0m KICKER [0m MOUSE [32m[1m ODOM [0m MOTION [0m VEL [0m LATENCY [0m SYSTEM [0m UART [0m TUI [0m DRIVE_LOG [0m
[33mBatt=0.1 [0m[33mODOM [31mVisionX  +0.00 Y  +0.00 theta   +0.0 elt    0 [0mimu  -0.0 Dt 1500 LtCy  750 integ.govd   +0.00   +0.00 integ.vbp +0.00 +0.00 omni.gos X     +0.0 ,Y     -0.2. omgD -0.012 omg  +0.00 loop      0
[0m[33mBatt=0.1 [0m[33mODOM [31mVisionX  +0.00 Y  +0.00 theta   +0.0 elt    0 [0mimu  -0.0 Dt 1514 LtCy  757 integ.govd   +0.00   +0.00 integ.vbp +0.00 +0.00 omni.gos X     +0.0 ,Y     -0.0. omgD -0.003 omg  +0.00 loop   4687
[0m[33mBatt=0.1 [0m[33mODOM [31mVisionX  +0.00 Y  +0.00 theta   +0.0 elt    0 [0mimu  -0.0 Dt 1530 LtCy  765 integ.govd   +0.00   +0.00 integ.vbp +0.00 +0.00 omni.gos X     +0.0 ,Y     -0.1. omgD -0.008 omg  +0.00 loop   5381
[0m[33mBatt=0.1 [0m[33mODOM [31mVisionX  +0.00 Y  +0.00 theta   +0.0 elt    0 [0mimu  -0.0 Dt 1546 LtCy  773 integ.govd   +0.00   +0.00 integ.vbp +0.00 +0.00 omni.gos X     +0.0 ,Y     -0.0. omgD -0.003 omg  +0.00 loop   5384
[0m[33mBatt=0.1 [0m[33mODOM [31mVisionX  +0.00 Y  +0.00 theta   +0.0 elt    0 [0mimu  -0.0 Dt 1562 LtCy  781 integ.govd   +0.00   +0.00 integ.vbp +0.00 +0.00 omni.gos X     +0.0 ,Y     +0.0. omgD +0.001 omg  +0.00 loop   5378
[0m[33mBatt=0.1 [0m[33mODOM [31mVisionX  +0.00 Y  +0.00 theta   +0.0 elt    0 [0mimu  -0.0 Dt 1578 LtCy  789 integ.govd   +0.00   +0.00 integ.vbp +0.00 +0.00 omni.gos X     +0.0 ,Y     -0.2. omgD -0.016 omg  +0.00 loop   5389
[0m[33mBatt=0.0 [0m[33mODOM [31mVisionX  +0.00 Y  +0.00 theta   +0.0 elt    0 [0mimu  -0.0 Dt 1594 LtCy  797 integ.govd   +0.00   +0.00 integ.vbp +0.00 +0.00 omni.gos X     +0.0 ,Y     -0.3. omgD -0.020 omg  +0.00 loop   5379
[0m[33mBatt=0.0 [0m[33mODOM [31mVisionX  +0.00 Y  +0.00 theta   +0.0 elt    0 [0mimu  -0.0 Dt 1610 LtCy  805 integ.govd   +0.00   +0.00 integ.vbp +0.00 +0.00 omni.gos X     +0.0 ,Y     +0.0. omgD +0.001 omg  +0.00 loop   5381
[0m[33mBatt=0.0 [0m[33mODOM [31mVisionX  +0.00 Y  +0.00 theta   +0.0 elt    0 [0mimu  -0.0 Dt 1626 LtCy  813 integ.govd   +0.00   +0.00 integ.vbp +0.00 +0.00 omni.gos X     +0.0 ,Y     -0.0. omgD -0.003 omg  +0.00 loop   5385
[0m[33mBatt=0.0 [0m[33mODOM [31mVisionX  +0.00 Y  +0.00 theta   +0.0 elt    0 [0mimu  -0.0 Dt 1642 LtCy  821 integ.govd   +0.00   +0.00 integ.vbp +0.00 +0.00 omni.gos X     +0.0 ,Y     -0.0. omgD -0.003 omg  +0.00 loop   5382
[0m[33mBatt=0.0 [0m[33mODOM [31mVisionX  +0.00 Y  +0.00 theta   +0.0 elt    0 [0mimu  -0.0 Dt 1658 LtCy  829 integ.govd   +0.00   +0.00 integ.vbp +0.00 +0.00 omni.gos X     +0.0 ,Y     -0.0. omgD -0.003 omg  +0.00 loop   5380
[0m[33mBatt=0.0 [0m[33mODOM [31mVisionX  +0.00 Y  +0.00 theta   +0.0 elt    0 [0mimu  -0.0 Dt 1674 LtCy  837 integ.govd   +0.00   +0.00 integ.vbp +0.00 +0.00 omni.gos X     +0.0 ,Y     -0.3. omgD -0.020 omg  +0.00 loop   5382
[0m[33mBatt=0.0 [0m[33mODOM [31mVisionX  +0.00 Y  +0.00 theta   +0.0 elt    0 [0mimu  -0.0 Dt 1690 LtCy  845 integ.govd   +0.00   +0.00 integ.vbp +0.00 +0.00 omni.gos X     +0.0 ,Y     -0.2. omgD -0.012 omg  +0.00 loop   5379
[0m[33mBatt=0.0 [0m[33mODOM [31mVisionX  +0.00 Y  +0.00 theta   +0.0 elt    0 [0mimu  -0.0 Dt 1706 LtCy  853 integ.govd   +0.00   +0.00 integ.vbp +0.00 +0.00 omni.gos X     +0.0 ,Y     -0.1. omgD -0.008 omg  +0.00 loop   5382
[0m[33mBatt=0.0 [0m[33mODOM [31mVisionX  +0.00 Y  +0.00 theta   +0.0 elt    0 [0mimu  -0.0 Dt 1722 LtCy  861 integ.govd   +0.00   +0.00 integ.vbp +0.00 +0.00 omni.gos X     +0.0 ,Y     -0.0. omgD -0.003 omg  +0.00 loop   5384
[0m[33mBatt=0.0 [0m[33mODOM [31mVisionX  +0.00 Y  +0.00 theta   +0.0 elt    0 [0mimu  -0.0 Dt 1738 LtCy  869 integ.govd   +0.00   +0.00 integ.vbp +0.00 +0.00 omni.gos X     +0.0 ,Y     -0.3. omgD -0.020 omg  +0.00 loop   5376
[0m[33mBatt=0.0 [0m[33mODOM [31mVisionX  +0.00 Y  +0.00 theta   +0.0 elt    0 [0mimu  -0.0 Dt 1754 LtCy  877 integ.govd   +0.00   +0.00 integ.vbp +0.00 +0.00 omni.gos X     +0.0 ,Y     -0.0. omgD -0.003 omg  +0.00 loop   5381
[0m[33mBatt=0.0 [0m[33mODOM [31mVisionX  +0.00 Y  +0.00 theta   +0.0 elt    0 [0mimu  -0.0 Dt 1770 LtCy  885 integ.govd   +0.00   +0.00 integ.vbp +0.00 +0.00 omni.gos X     +0.0 ,Y     -0.0. omgD -0.003 omg  +0.00 loop   5378
[0m[33mBatt=0.0 [0m[33mODOM [31mVisionX  +0.00 Y  +0.00 theta   +0.0 elt    0 [0mimu  -0.0 Dt 1786 LtCy  893 integ.govd   +0.00   +0.00 integ.vbp +0.00 +0.00 omni.gos X     +0.0 ,Y     +0.1. omgD +0.005 omg  +0.00 loop   5386
[0m[33mBatt=0.0 [0m[33mODOM [31mVisionX  +0.00 Y  +0.00 theta   +0.0 elt    0 [0mimu  -0.0 Dt 1802 LtCy  901 integ.govd   +0.00   +0.00 integ.vbp +0.00 +0.00 omni.gos X     +0.0 ,Y     -0.0. omgD -0.003 omg  +0.00 loop   5383
[0m[33mBatt=0.0 [0m[33mODOM [31mVisionX  +0.00 Y  +0.00 theta   +0.0 elt    0 [0mimu  -0.0 Dt 1818 LtCy  909 integ.govd   +0.00   +0.00 integ.vbp +0.00 +0.00 omni.gos X     +0.0 ,Y     -0.2. omgD -0.012 omg  +0.00 loop   5376
[0m[33mBatt=0.0 [0m[33mODOM [31mVisionX  +0.00 Y  +0.00 theta   +0.0 elt    0 [0mimu  -0.0 Dt 1834 LtCy  917 integ.govd   +0.00   +0.00 integ.vbp +0.00 +0.00 omni.gos X     +0.0 ,Y     -0.3. omgD -0.020 omg  +0.00 loop   5385
[0m[33mBatt=0.0 [0m[33mODOM [31mVisionX  +0.00 Y  +0.00 theta   +0.0 elt    0 [0mimu  -0.0 Dt 1850 LtCy  925 integ.govd   +0.00   +0.00 integ.vbp +0.00 +0.00 omni.gos X     +0.0 ,Y     -0.0. omgD -0.003 omg  +0.00 loop   5377
[0m[33mBatt=0.0 [0m[33mODOM [31mVisionX  +0.00 Y  +0.00 theta   +0.0 elt    0 [0mimu  -0.0 Dt 1866 LtCy  933 integ.govd   +0.00   +0.00 integ.vbp +0.00 +0.00 omni.gos X     +0.0 ,Y     -0.0. omgD -0.003 omg  +0.00 loop   5384
[0m[33mBatt=0.0 [0m[33mODOM [31mVisionX  +0.00 Y  +0.00 theta   +0.0 elt    0 [0mimu  -0.0 Dt 1882 LtCy  941 integ.govd   +0.00   +0.00 integ.vbp +0.00 +0.00 omni.gos X     +0.0 ,Y     +0.0. omgD +0.001 omg  +0.00 loop   5381
[0m[33mBatt=0.0 [0m[33mODOM [31mVisionX  +0.00 Y  +0.00 theta   +0.0 elt    0 [0mimu  -0.0 Dt 1898 LtCy  949 integ.govd   +0.00   +0.00 integ.vbp +0.00 +0.00 omni.gos X     +0.0 ,Y     -0.0. omgD -0.003 omg  +0.00 loop   5387
[0m[33mBatt=0.0 [0m[33mODOM [31mVisionX  +0.00 Y  +0.00 theta   +0.0 elt    0 [0mimu  -0.0 Dt 1914 LtCy  957 integ.govd   +0.00   +0.00 integ.vbp +0.00 +0.00 omni.gos X     +0.0 ,Y     -0.2. omgD -0.012 omg  +0.00 loop   5378
[0m[33mBatt=0.0 [0m[33mODOM [31mVisionX  +0.00 Y  +0.00 theta   +0.0 elt    0 [0mimu  -0.0 Dt 1930 LtCy  965 integ.govd   +0.00   +0.00 integ.vbp +0.00 +0.00 omni.gos X     +0.0 ,Y     -0.2. omgD -0.016 omg  +0.00 loop   5379
[0m[33mBatt=0.0 [0m[33mODOM [31mVisionX  +0.00 Y  +0.00 theta   +0.0 elt    0 [0mimu  -0.0 Dt 1946 LtCy  973 integ.govd   +0.00   +0.00 integ.vbp +0.00 +0.00 omni.gos X     +0.0 ,Y     +0.0. omgD +0.001 omg  +0.00 loop   5384
[0m[33mBatt=0.0 [0m[33mODOM [31mVisionX  +0.00 Y  +0.00 theta   +0.0 elt    0 [0mimu  -0.0 Dt 1962 LtCy  981 integ.govd   +0.00   +0.00 integ.vbp +0.00 +0.00 omni.gos X     +0.0 ,Y     +0.2. omgD +0.014 omg  +0.00 loop   5380
[0m[33mBatt=0.0 [0m[33mODOM [31mVisionX  +0.00 Y  +0.00 theta   +0.0 elt    0 [0mimu  -0.0 Dt 1978 LtCy  989 integ.govd   +0.00   +0.00 integ.vbp +0.00 +0.00 omni.gos X     +0.0 ,Y     -0.2. omgD -0.012 omg  +0.00 loop   5379
[0m[33mBatt=0.0 [0m[33mODOM [31mVisionX  +0.00 Y  +0.00 theta   +0.0 elt    0 [0mimu  -0.0 Dt 1994 LtCy  997 integ.govd   +0.00   +0.00 integ.vbp +0.00 +0.00 omni.gos X     +0.0 ,Y     -0.1. omgD -0.008 omg  +0.00 loop   5379
[0m[33mBatt=0.0 [0m[33mODOM [31mVisionX  +0.00 Y  +0.00 theta   +0.0 elt    0 [0mimu  -0.0 Dt 2002 LtCy 1001 integ.govd   +0.00   +0.00 integ.vbp +0.00 +0.00 omni.gos X     +0.0 ,Y     -0.3. omgD -0.020 omg  +0.00 loop   2603
[0m[33mBatt=0.0 [0m[33mODOM [31mVisionX  +0.00 Y  +0.00 theta   +0.0 elt    0 [0mimu  -0.1 Dt 2018 LtCy 1009 integ.govd   +0.00   +0.00 integ.vbp +0.00 +0.00 omni.gos X     +0.0 ,Y     -0.2. omgD -0.016 omg  +0.00 loop   5377
[0m[33mBatt=0.0 [0m[33mODOM [31mVisionX  +0.00 Y  +0.00 theta   +0.0 elt    0 [0mimu  -0.1 Dt 2034 LtCy 1017 integ.govd   +0.00   +0.00 integ.vbp +0.00 +0.00 omni.gos X     +0.0 ,Y     -0.1. omgD -0.008 omg  +0.00 loop   5381
[0m[33mBatt=0.0 [0m[33mODOM [31mVisionX  +0.00 Y  +0.00 theta   +0.0 elt    0 [0mimu  -0.1 Dt 2050 LtCy 1025 integ.govd   +0.00   +0.00 integ.vbp +0.00 +0.00 omni.gos X     +0.0 ,Y     +0.0. omgD +0.001 omg  +0.00 loop   5382
[0m[33mBatt=0.0 [0m[33mODOM [31mVisionX  +0.00 Y  +0.00 theta   +0.0 elt    0 [0mimu  -0.1 Dt 2066 LtCy 1033 integ.govd   +0.00   +0.00 integ.vbp +0.00 +0.00 omni.gos X     +0.0 ,Y     -0.2. omgD -0.016 omg  +0.00 loop   5385
[0m[33mBatt=0.0 [0m[33mODOM [31mVisionX  +0.00 Y  +0.00 theta   +0.0 elt    0 [0mimu  -0.1 Dt 2082 LtCy 1041 integ.govd   +0.00   +0.00 integ.vbp +0.00 +0.00 omni.gos X     +0.0 ,Y     -0.2. omgD -0.012 omg  +0.00 loop   5374
[0m[33mBatt=0.0 [0m[33mODOM [31mVisionX  +0.00 Y  +0.00 theta   +0.0 elt    0 [0mimu  -0.1 Dt 2098 LtCy 1049 integ.govd   +0.00   +0.00 integ.vbp +0.00 +0.00 omni.gos X     +0.0 ,Y     -0.1. omgD -0.005 omg  +0.00 loop   5385
[0m[33mBatt=0.0 [0m[33mODOM [31mVisionX  +0.00 Y  +0.00 theta   +0.0 elt    0 [0mimu  -0.1 Dt 2114 LtCy 1057 integ.govd   +0.00   +0.00 integ.vbp +0.00 +0.00 omni.gos X     +0.0 ,Y     +0.0. omgD +0.001 omg  +0.00 loop   5378
[0m[33mBatt=0.0 [0m[33mODOM [31mVisionX  +0.00 Y  +0.00 theta   +0.0 elt    0 [0mimu  -0.1 Dt 2130 LtCy 1065 integ.govd   +0.00   +0.00 integ.vbp +0.00 +0.00 omni.gos X     +0.0 ,Y     -0.0. omgD -0.001 omg  +0.00 loop   5381
[0m[33mBatt=0.0 [0m[33mODOM [31mVisionX  +0.00 Y  +0.00 theta   +0.0 elt    0 [0mimu  -0.1 Dt 2146 LtCy 1073 integ.govd   +0.00   +0.00 integ.vbp +0.00 +0.00 omni.gos X     +0.0 ,Y     -0.2. omgD -0.014 omg  +0.00 loop   5387
[0m[33mBatt=0.0 [0m[33mODOM [31mVisionX  +0.00 Y  +0.00 theta   +0.0 elt    0 [0mimu  -0.1 Dt 2162 LtCy 1081 integ.govd   +0.00   +0.00 integ.vbp +0.00 +0.00 omni.gos X     +0.0 ,Y     -0.2. omgD -0.012 omg  +0.00 loop   5380
[0m[33mBatt=0.0 [0m[33mODOM [31mVisionX  +0.00 Y  +0.00 theta   +0.0 elt    0 [0mimu  -0.1 Dt 2178 LtCy 1089 integ.govd   +0.00   +0.00 integ.vbp +0.00 +0.00 omni.gos X     +0.0 ,Y     -0.1. omgD -0.008 omg  +0.00 loop   5355
[0m[33mBatt=0.0 [0m[33mODOM [31mViinX  0.00Y  +0.00 theta   0.0 lt    0[0mimu  -0.1 Dt 2194 ty 097 nteg.god   +000  +000 integ.vbp +0.00 0.00 omni.gos X     +0.0 ,Y    -0.0. omgD-0.00 omg  +0.00 lop   5381
[0m[33mBatt=0.0 [0m[33mODOM [31mVisionX  +0.00 Y  +0.00 theta   +0.0 elt    0 [0mimu  -0.1 Dt 2210 LtCy 1105 integ.govd   +0.00   +0.00 integ.vbp +0.00 +0.00 omni.gos X     +0.0 ,Y     -0.0. omgD -0.003 omg  +0.00 loop   5372
[0m[33mBatt=0.0 [0m[33mODOM [31mVisionX  +0.00 Y  +0.00 theta   +0.0 elt    0 [0mimu  -0.1 Dt 2226 LtCy 1113 integ.govd   +0.00   +0.00 integ.vbp +0.00 +0.00 omni.gos X     +0.0 ,Y     -0.2. omgD -0.014 omg  +0.00 loop   5380
[0m[33mBatt=0.0 [0m[33mODOM [31mVisionX  +0.00 Y  +0.00 theta   +0.0 elt    0 [0mimu  -0.1 Dt 2242 LtCy 1121 integ.govd   +0.00   +0.00 integ.vbp +0.00 +0.00 omni.gos X     +0.0 ,Y     -0.1. omgD -0.008 omg  +0.00 loop   5383
[0m[33mBatt=0.0 [0m[33mODOM [31mVisionX  +0.00 Y  +0.00 theta   +0.0 elt    0 [0mimu  -0.1 Dt 2258 LtCy 1129 integ.govd   +0.00   +0.00 integ.vbp +0.00 +0.00 omni.gos X     +0.0 ,Y     -0.1. omgD -0.010 omg  +0.00 loop   5379
[0m[33mBatt=0.0 [0m[33mODOM [31mVisionX  +0.00 Y  +0.00 theta   +0.0 elt    0 [0mimu  -0.1 Dt 2274 LtCy 1137 integ.govd   +0.00   +0.00 integ.vbp +0.00 +0.00 omni.gos X     +0.0 ,Y     -0.0. omgD -0.001 omg  +0.00 loop   5385
[0m[33mBatt=0.0 [0m[33mODOM [31mVisionX  +0.00 Y  +0.00 theta   +0.0 elt    0 [0mimu  -0.1 Dt 2290 LtCy 1145 integ.govd   +0.00   +0.00 integ.vbp +0.00 +0.00 omni.gos X     +0.0 ,Y     -0.1. omgD -0.005 omg  +0.00 loop   5382
[0m[33mBatt=0.0 [0m[33mODOM [31mVisionX  +0.00 Y  +0.00 theta   +0.0 elt    0 [0mimu  -0.1 Dt 2306 LtCy 1153 integ.govd   +0.00   +0.00 integ.vbp +0.00 +0.00 omni.gos X     +0.0 ,Y     -0.0. omgD -0.003 omg  +0.00 loop   5383
[0m[33mBatt=0.0 [0m[33mODOM [31mVisionX  +0.00 Y  +0.00 theta   +0.0 elt    0 [0mimu  -0.1 Dt 2322 LtCy 1161 integ.govd   +0.00   +0.00 integ.vbp +0.00 +0.00 omni.gos X     +0.0 ,Y     -0.0. omgD -0.003 omg  +0.00 loop   5383
[0m[33mBatt=3.3 [0m[33mODOM [31mVisionX  +0.00 Y  +0.00 theta   +0.0 elt    0 [0mimu  -0.1 Dt 2338 LtCy 1169 integ.govd   +0.00   +0.00 integ.vbp +0.00 +0.00 omni.gos X     +0.0 ,Y     -0.1. omgD -0.010 omg  +0.00 loop   5185
[0m[33mBatt=6.8 [0m[33mODOM [31mVisionX  +0.00 Y  +0.00 theta   +0.0 elt    0 [0mimu  -0.1 Dt 2354 LtCy 1177 integ.govd   +0.00   +0.00 integ.vbp +0.00 +0.00 omni.gos X     +0.0 ,Y     -0.1. omgD -0.008 omg  +0.00 loop   5144
[0m[33mBatt=9.6 [0m[33mODOM [31mVisionX  +0.00 Y  +0.00 theta   +0.0 elt    0 [0mimu  -0.1 Dt 2370 LtCy 1185 integ.govd   +0.00   +0.00 integ.vbp +0.00 +0.00 omni.gos X     +0.0 ,Y     -0.1. omgD -0.010 omg  +0.00 loop   5150
[0m[33mBatt=12.0 [0m[33mODOM [31mVisionX  +0.00 Y  +0.00 theta   +0.0 elt    0 [0mimu  -0.1 Dt 2386 LtCy 1193 integ.govd   +0.00   +0.00 integ.vbp +0.00 +0.00 omni.gos X     +0.0 ,Y     -0.1. omgD -0.008 omg  +0.00 loop   5130
[0m[33mBatt=14.0 [0m[33mODOM [31mVisionX  +0.00 Y  +0.00 theta   +0.0 elt    0 [0mimu  -0.1 Dt 2402 LtCy 1201 integ.govd   +0.00   +0.00 integ.vbp +0.00 +0.00 omni.gos X     +0.0 ,Y     -0.2. omgD -0.012 omg  +0.00 loop   5126
[0m[33mBatt=15.6 [0m[33mODOM [31mVisionX  +0.00 Y  +0.00 theta   +0.0 elt    0 [0mimu  -0.1 Dt 2418 LtCy 1209 integ.govd   +0.00   +0.00 integ.vbp +0.00 +0.00 omni.gos X     +0.0 ,Y     -0.1. omgD -0.005 omg  +0.00 loop   5146
[0m[33mBatt=16.9 [0m[33mODOM [31mVisionX  +0.00 Y  +0.00 theta   +0.0 elt    0 [0mimu  -0.1 Dt 2434 LtCy 1217 integ.govd   +0.00   +0.00 integ.vbp +0.00 +0.00 omni.gos X     +0.0 ,Y     -0.1. omgD -0.005 omg  +0.00 loop   5142
[0m[33mBatt=18.1 [0m[33mODOM [31mVisionX  +0.00 Y  +0.00 theta   +0.0 elt    0 [0mimu  -0.1 Dt 2450 LtCy 1225 integ.govd   +0.00   +0.00 integ.vbp +0.00 +0.00 omni.gos X     +0.0 ,Y     -0.2. omgD -0.012 omg  +0.00 loop   5114
[0m[33mBatt=19.0 [0m[33mODOM [31mVisionX  +0.00 Y  +0.00 theta   +0.0 elt    0 [0mimu  -0.1 Dt 2466 LtCy 1233 integ.govd   +0.00   +0.00 integ.vbp +0.00 +0.00 omni.gos X     +0.0 ,Y     -0.1. omgD -0.008 omg  +0.00 loop   5157
[0m[33mBatt=19.7 [0m[33mODOM [31mVisionX  +0.00 Y  +0.00 theta   +0.0 elt    0 [0mimu  -0.1 Dt 2482 LtCy 1241 integ.govd   +0.00   +0.00 integ.vbp +0.00 +0.00 omni.gos X     +0.0 ,Y     -0.2. omgD -0.016 omg  +0.00 loop   5146
[0m[33mBatt=20.4 [0m[33mODOM [31mVisionX  +0.00 Y  +0.00 theta   +0.0 elt    0 [0mimu  -0.1 Dt 2498 LtCy 1249 integ.govd   +0.00   +0.00 integ.vbp +0.00 +0.00 omni.gos X     +0.0 ,Y     -0.1. omgD -0.008 omg  +0.00 loop   5107
[0m[33mBatt=20.9 [0m[33mODOM [31mVisionX  +0.00 Y  +0.00 theta   +0.0 elt    0 [0mimu  -0.1 Dt 2514 LtCy 1257 integ.govd   +0.00   +0.00 integ.vbp +0.00 +0.00 omni.gos X     +0.0 ,Y     -0.1. omgD -0.008 omg  +0.00 loop   5144
[0m[33mBatt=21.3 [0m[33mODOM [31mVisionX  +0.00 Y  +0.00 theta   +0.0 elt    0 [0mimu  -0.1 Dt 2530 LtCy 1265 integ.govd   +0.00   +0.00 integ.vbp +0.00 +0.00 omni.gos X     +0.0 ,Y     -0.0. omgD -0.003 omg  +0.00 loop   5149
[0m[33mBatt=21.6 [0m[33mODOM [31mVisionX  +0.00 Y  +0.00 theta   +0.0 elt    0 [0mimu  -0.1 Dt 2546 LtCy 1273 integ.govd   +0.00   +0.00 integ.vbp +0.00 +0.00 omni.gos X     +0.0 ,Y     -0.1. omgD -0.008 omg  +0.00 loop   5123
[0m[33mBatt=21.9 [0m[33mODOM [31mVisionX  +0.00 Y  +0.00 theta   +0.0 elt    0 [0mimu  -0.1 Dt 2562 LtCy 1281 integ.govd   +0.00   +0.00 integ.vbp +0.00 +0.00 omni.gos X     +0.0 ,Y     +0.0. omgD +0.001 omg  +0.00 loop   5131
[0m[33mBatt=22.2 [0m[33mODOM [31mVisionX  +0.00 Y  +0.00 theta   +0.0 elt    0 [0mimu  -0.1 Dt 2578 LtCy 1289 integ.govd   +0.00   +0.00 integ.vbp +0.00 +0.00 omni.gos X     +0.0 ,Y     -0.1. omgD -0.008 omg  +0.00 loop   5152
[0m[33mBatt=22.4 [0m[33mODOM [31mVisionX  +0.00 Y  +0.00 theta   +0.0 elt    0 [0mimu  -0.1 Dt 2594 LtCy 1297 integ.govd   +0.00   +0.00 integ.vbp +0.00 +0.00 omni.gos X     +0.0 ,Y     -0.0. omgD -0.003 omg  +0.00 loop   5131
[0mBatt=22.5 [0m[33mODOM [31mVisionX  +0.00 Y  +0.00 theta   +0.0 elt    0 [0mimu  -0.1 Dt 2610 LtCy 1305 integ.govd   +0.00   +0.00 integ.vbp +0.00 +0.00 omni.gos X     +0.0 ,Y     -0.1. omgD -0.008 omg  +0.00 loop   5125
[0mBatt=22.7 [0m[33mODOM [31mVisionX  +0.00 Y  +0.00 theta   +0.0 elt    0 [0mimu  -0.1 Dt 2626 LtCy 1313 integ.govd   +0.00   +0.00 integ.vbp +0.00 +0.00 omni.gos X     +0.0 ,Y     -0.2. omgD -0.012 omg  +0.00 loop   5149
[0mBatt=22.8 [0m[33mODOM [31mVisionX  +0.00 Y  +0.00 theta   +0.0 elt    0 [0mimu  -0.1 Dt 2642 LtCy 1321 integ.govd   +0.00   +0.00 integ.vbp +0.00 +0.00 omni.gos X     +0.0 ,Y     -0.0. omgD -0.003 omg  +0.00 loop   5142
[0mBatt=22.9 [0m[33mODOM [31mVisionX  +0.00 Y  +0.00 theta   +0.0 elt    0 [0mimu  -0.1 Dt 2658 LtCy 1329 integ.govd   +0.00   +0.00 integ.vbp +0.00 +0.00 omni.gos X     +0.0 ,Y     -0.0. omgD -0.003 omg  +0.00 loop   5108
[0mBatt=23.0 [0m[33mODOM [31mVisionX  +0.00 Y  +0.00 theta   +0.0 elt    0 [0mimu  -0.1 Dt 2674 LtCy 1337 integ.govd   +0.00   +0.00 integ.vbp +0.00 +0.00 omni.gos X     +0.0 ,Y     -0.2. omgD -0.012 omg  +0.00 loop   5152
[0mBatt=23.0 [0m[33mODOM [31mVisionX  +0.00 Y  +0.00 theta   +0.0 elt    0 [0mimu  -0.1 Dt 2690 LtCy 1345 integ.govd   +0.00   +0.00 integ.vbp +0.00 +0.00 omni.gos X     +0.0 ,Y     -0.2. omgD -0.016 omg  +0.00 loop   5145
[0mBatt=23.1 [0m[33mODOM [31mVisionX  +0.00 Y  +0.00 theta   +0.0 elt    0 [0mimu  -0.1 Dt 2706 LtCy 1353 integ.govd   +0.00   +0.00 integ.vbp +0.00 +0.00 omni.gos X     +0.0 ,Y     -0.1. omgD -0.008 omg  +0.00 loop   5112
[0mBatt=23.1 [0m[33mODOM [31mVisionX  +0.00 Y  +0.00 theta   +0.0 elt    0 [0mimu  -0.1 Dt 2722 LtCy 1361 integ.govd   +0.00   +0.00 integ.vbp +0.00 +0.00 omni.gos X     +0.0 ,Y     -0.0. omgD -0.003 omg  +0.00 loop   5148
[0mBatt=23.2 [0m[33mODOM [31mVisionX  +0.00 Y  +0.00 theta   +0.0 elt    0 [0mimu  -0.1 Dt 2738 LtCy 1369 integ.govd   +0.00   +0.00 integ.vbp +0.00 +0.00 omni.gos X     +0.0 ,Y     -0.0. omgD -0.003 omg  +0.00 loop   5147
[0mBatt=23.2 [0m[33mODOM [31mVisionX  +0.00 Y  +0.00 theta   +0.0 elt    0 [0mimu  -0.1 Dt 2754 LtCy 1377 integ.govd   +0.00   +0.00 integ.vbp +0.00 +0.00 omni.gos X     +0.0 ,Y     -0.1. omgD -0.008 omg  +0.00 loop   5123
[0mBatt=23.2 [0m[33mODOM [31mVisionX  +0.00 Y  +0.00 theta   +0.0 elt    0 [0mimu  -0.1 Dt 2770 LtCy 1385 integ.govd   +0.00   +0.00 integ.vbp +0.00 +0.00 omni.gos X     +0.0 ,Y     -0.2. omgD -0.012 omg  +0.00 loop   5130
[0mBatt=23.2 [0m[33mODOM [31mVisionX  +0.00 Y  +0.00 theta   +0.0 elt    0 [0mimu  -0.1 Dt 2786 LtCy 1393 integ.govd   +0.00   +0.00 integ.vbp +0.00 +0.00 omni.gos X     +0.0 ,Y     -0.2. omgD -0.016 omg  +0.00 loop   5149
[0mBatt=23.2 [0m[33mODOM [31mVisionX  +0.00 Y  +0.00 theta   +0.0 elt    0 [0mimu  -0.1 Dt 2802 LtCy 1401 integ.govd   +0.00   +0.00 integ.vbp +0.00 +0.00 omni.gos X     +0.0 ,Y     -0.2. omgD -0.012 omg  +0.00 loop   5134
[0mBatt=23.3 [0m[33mODOM [31mVisionX  +0.00 Y  +0.00 theta   +0.0 elt    0 [0mimu  -0.1 Dt 2818 LtCy 1409 integ.govd   +0.00   +0.00 integ.vbp +0.00 +0.00 omni.gos X     +0.0 ,Y     -0.2. omgD -0.012 omg  +0.00 loop   5120
[0mBatt=23.3 [0m[33mODOM [31mVisionX  +0.00 Y  +0.00 theta   +0.0 elt    0 [0mimu  -0.1 Dt 2834 LtCy 1417 integ.govd   +0.00   +0.00 integ.vbp +0.00 +0.00 omni.gos X     +0.0 ,Y     -0.2. omgD -0.016 omg  +0.00 loop   5155
[0mBatt=23.3 [0m[33mODOM [31mVisionX  +0.00 Y  +0.00 theta   +0.0 elt    0 [0mimu  -0.1 Dt 2850 LtCy 1425 integ.govd   +0.00   +0.00 integ.vbp +0.00 +0.00 omni.gos X     +0.0 ,Y     -0.0. omgD -0.003 omg  +0.00 loop   5138
[0mBatt=23.3 [0m[33mODOM [31mVisionX  +0.00 Y  +0.00 theta   +0.0 elt    0 [0mimu  -0.1 Dt 2866 LtCy 1433 integ.govd   +0.00   +0.00 integ.vbp +0.00 +0.00 omni.gos X     +0.0 ,Y     -0.2. omgD -0.016 omg  +0.00 loop   5114
[0mBatt=23.3 [0m[33mODOM [31mVisionX  +0.00 Y  +0.00 theta   +0.0 elt    0 [0mimu  -0.1 Dt 2882 LtCy 1441 integ.govd   +0.00   +0.00 integ.vbp +0.00 +0.00 omni.gos X     +0.0 ,Y     -0.2. omgD -0.012 omg  +0.00 loop   5147
[0mBatt=23.3 [0m[33mODOM [31mVisionX  +0.00 Y  +0.00 theta   +0.0 elt    0 [0mimu  -0.1 Dt 2898 LtCy 1449 integ.govd   +0.00   +0.00 integ.vbp +0.00 +0.00 omni.gos X     +0.0 ,Y     -0.1. omgD -0.008 omg  +0.00 loop   5144
[0mBatt=23.3 [0m[33mODOM [31mVisionX  +0.00 Y  +0.00 theta   +0.0 elt    0 [0mimu  -0.1 Dt 2914 LtCy 1457 integ.govd   +0.00   +0.00 integ.vbp +0.00 +0.00 omni.gos X     +0.0 ,Y     -0.2. omgD -0.012 omg  +0.00 loop   5121
[0mBatt=23.3 [0m[33mODOM [31mVisionX  +0.00 Y  +0.00 theta   +0.0 elt    0 [0mimu  -0.1 Dt 2930 LtCy 1465 integ.govd   +0.00   +0.00 integ.vbp +0.00 +0.00 omni.gos X     +0.0 ,Y     -0.0. omgD -0.003 omg  +0.00 loop   5135
[0mBatt=23.3 [0m[33mODOM [31mVisionX  +0.00 Y  +0.00 theta   +0.0 elt    0 [0mimu  -0.1 Dt 2946 LtCy 1473 integ.govd   +0.00   +0.00 integ.vbp +0.00 +0.00 omni.gos X     +0.0 ,Y     -0.0. omgD -0.003 omg  +0.00 loop   5152
[0mBatt=23.3 [0m[33mODOM [31mVisionX  +0.00 Y  +0.00 theta   +0.0 elt    0 [0mimu  -0.1 Dt 2962 LtCy 1481 integ.govd   +0.00   +0.00 integ.vbp +0.00 +0.00 omni.gos X     +0.0 ,Y     -0.0. omgD -0.003 omg  +0.00 loop   5129
[0mBatt=23.3 [0m[33mODOM [31mVisionX  +0.00 Y  +0.00 theta   +0.0 elt    0 [0mimu  -0.1 Dt 2978 LtCy 1489 integ.govd   +0.00   +0.00 integ.vbp +0.00 +0.00 omni.gos X     +0.0 ,Y     -0.0. omgD -0.003 omg  +0.00 loop   5127
[0mBatt=23.3 [0m[33mODOM [31mVisionX  +0.00 Y  +0.00 theta   +0.0 elt    0 [0mimu  -0.1 Dt 2994 LtCy 1497 integ.govd   +0.00   +0.00 integ.vbp +0.00 +0.00 omni.gos X     +0.0 ,Y     -0.1. omgD -0.008 omg  +0.00 loop   5149
[0mBatt=23.3 [0m[33mODOM [31mVisionX  +0.00 Y  +0.00 theta   +0.0 elt    0 [0mimu  -0.1 Dt 3002 LtCy 1501 integ.govd   +0.00   +0.00 integ.vbp +0.00 +0.00 omni.gos X     +0.0 ,Y     -0.0. omgD -0.003 omg  +0.00 loop   2481
[0mBatt=23.3 [0m[33mODOM [31mVisionX  +0.00 Y  +0.00 theta   +0.0 elt    0 [0mimu  -0.1 Dt 3018 LtCy 1509 integ.govd   +0.00   +0.00 integ.vbp +0.00 +0.00 omni.gos X     +0.0 ,Y     -0.0. omgD -0.003 omg  +0.00 loop   5122
[0mBatt=23.3 [0m[33mODOM [31mVisionX  +0.00 Y  +0.00 theta   +0.0 elt    0 [0mimu  -0.1 Dt 3034 LtCy 1517 integ.govd   +0.00   +0.00 integ.vbp +0.00 +0.00 omni.gos X     +0.0 ,Y     -0.2. omgD -0.012 omg  +0.00 loop   5132
[0mBatt=23.3 [0m[33mODOM [31mVisionX  +0.00 Y  +0.00 theta   +0.0 elt    0 [0mimu  -0.1 Dt 3050 LtCy 1525 integ.govd   +0.00   +0.00 integ.vbp +0.00 +0.00 omni.gos X     +0.0 ,Y     -0.0. omgD -0.003 omg  +0.00 loop   5146
[0mBatt=23.3 [0m[33mODOM [31mVisionX  +0.00 Y  +0.00 theta   +0.0 elt    0 [0mimu  -0.1 Dt 3066 LtCy 1533 integ.govd   +0.00   +0.00 integ.vbp +0.00 +0.00 omni.gos X     +0.0 ,Y     +0.0. omgD +0.001 omg  +0.00 loop   5138
[0mBatt=23.3 [0m[33mODOM [31mVisionX  +0.00 Y  +0.00 theta   +0.0 elt    0 [0mimu  -0.1 Dt 3082 LtCy 1541 integ.govd   +0.00   +0.00 integ.vbp +0.00 +0.00 omni.gos X     +0.0 ,Y     +0.0. omgD +0.001 omg  +0.00 loop   5118
[0mBatt=23.3 [0m[33mODOM [31mVisionX  +0.00 Y  +0.00 theta   +0.0 elt    0 [0mimu  -0.1 Dt 3098 LtCy 1549 integ.govd   +0.00   +0.00 integ.vbp +0.00 +0.00 omni.gos X     +0.0 ,Y     -0.2. omgD -0.012 omg  +0.00 loop   5151
[0mBatt=23.3 [0m[33mODOM [31mVisionX  +0.00 Y  +0.00 theta   +0.0 elt    0 [0mimu  -0.1 Dt 3114 LtCy 1557 integ.govd   +0.00   +0.00 integ.vbp +0.00 +0.00 omni.gos X     +0.0 ,Y     -0.1. omgD -0.008 omg  +0.00 loop   5138
[0mBatt=23.3 [0m[33mODOM [31mVisionX  +0.00 Y  +0.00 theta   +0.0 elt    0 [0mimu  -0.1 Dt 3130 LtCy 1565 integ.govd   +0.00   +0.00 integ.vbp +0.00 +0.00 omni.gos X     +0.0 ,Y     +0.0. omgD +0.001 omg  +0.00 loop   5116
[0mBatt=23.3 [0m[33mODOM [31mVisionX  +0.00 Y  +0.00 theta   +0.0 elt    0 [0mimu  -0.1 Dt 3146 LtCy 1573 integ.govd   +0.00   +0.00 integ.vbp +0.00 +0.00 omni.gos X     +0.0 ,Y     -0.1. omgD -0.008 omg  +0.00 loop   5151
[0mBatt=23.3 [0m[33mODOM [31mVisionX  +0.00 Y  +0.00 theta   +0.0 elt    0 [0mimu  -0.1 Dt 3162 LtCy 1581 integ.govd   +0.00   +0.00 integ.vbp +0.00 +0.00 omni.gos X     +0.0 ,Y     -0.0. omgD -0.003 omg  +0.00 loop   5148
[0mBatt=23.3 [0m[33mODOM [31mVisionX  +0.00 Y  +0.00 theta   +0.0 elt    0 [0mimu  -0.1 Dt 3178 LtCy 1589 integ.govd   +0.00   +0.00 integ.vbp +0.00 +0.00 omni.gos X     +0.0 ,Y     -0.0. omgD -0.003 omg  +0.00 loop   5109
[0mBatt=23.3 [0m[33mODOM [31mVisionX  +0.00 Y  +0.00 theta   +0.0 elt    0 [0mimu  -0.1 Dt 3194 LtCy 1597 integ.govd   +0.00   +0.00 integ.vbp +0.00 +0.00 omni.gos X     +0.0 ,Y     -0.1. omgD -0.008 omg  +0.00 loop   5142
[0mBatt=23.3 [0m[33mODOM [31mVisionX  +0.00 Y  +0.00 theta   +0.0 elt    0 [0mimu  -0.1 Dt 3210 LtCy 1605 integ.govd   +0.00   +0.00 integ.vbp +0.00 +0.00 omni.gos X     +0.0 ,Y     -0.1. omgD -0.008 omg  +0.00 loop   5150
[0mBatt=23.3 [0m[33mODOM [31mVisionX  +0.00 Y  +0.00 theta   +0.0 elt    0 [0mimu  -0.1 Dt 3226 LtCy 1613 integ.govd   +0.00   +0.00 integ.vbp +0.00 +0.00 omni.gos X     +0.0 ,Y     -0.1. omgD -0.008 omg  +0.00 loop   5122
[0mBatt=23.3 [0m[33mODOM [31mVisionX  +0.00 Y  +0.00 theta   +0.0 elt    0 [0mimu  -0.1 Dt 3242 LtCy 1621 integ.govd   +0.00   +0.00 integ.vbp +0.00 +0.00 omni.gos X     +0.0 ,Y     -0.0. omgD -0.003 omg  +0.00 loop   5132
[0mBatt=23.3 [0m[33mODOM [31mVisionX  +0.00 Y  +0.00 theta   +0.0 elt    0 [0mimu  -0.1 Dt 3258 LtCy 1629 integ.govd   +0.00   +0.00 integ.vbp +0.00 +0.00 omni.gos X     +0.0 ,Y     -0.1. omgD -0.008 omg  +0.00 loop   5145
[0mBatt=23.3 [0m[33mODOM [31mVisionX  +0.00 Y  +0.00 theta   +0.0 elt    0 [0mimu  -0.1 Dt 3274 LtCy 1637 integ.govd   +0.00   +0.00 integ.vbp +0.00 +0.00 omni.gos X     +0.0 ,Y     -0.0. omgD -0.003 omg  +0.00 loop   5132
[0mBatt=23.3 [0m[33mODOM [31mVisionX  +0.00 Y  +0.00 theta   +0.0 elt    0 [0mimu  -0.1 Dt 3290 LtCy 1645 integ.govd   +0.00   +0.00 integ.vbp +0.00 +0.00 omni.gos X     +0.0 ,Y     -0.0. omgD -0.003 omg  +0.00 loop   5122
[0mBatt=23.3 [0m[33mODOM [31mVisionX  +0.00 Y  +0.00 theta   +0.0 elt    0 [0mimu  -0.1 Dt 3306 LtCy 1653 integ.govd   +0.00   +0.00 integ.vbp +0.00 +0.00 omni.gos X     +0.0 ,Y     -0.0. omgD -0.003 omg  +0.00 loop   5150
[0mBatt=23.4 [0m[33mODOM [31mVisionX  +0.00 Y  +0.00 theta   +0.0 elt    0 [0mimu  -0.1 Dt 3322 LtCy 1661 integ.govd   +0.00   +0.00 integ.vbp +0.00 +0.00 omni.gos X     +0.0 ,Y     -0.1. omgD -0.008 omg  +0.00 loop   5146
[0mBatt=23.3 [0m[33mODOM [31mVisionX  +0.00 Y  +0.00 theta   +0.0 elt    0 [0mimu  -0.1 Dt 3338 LtCy 1669 integ.govd   +0.00   +0.00 integ.vbp +0.00 +0.00 omni.gos X     +0.0 ,Y     -0.1. omgD -0.008 omg  +0.00 loop   5112
[0mBatt=23.3 [0m[33mODOM [31mVisionX  +0.00 Y  +0.00 theta   +0.0 elt    0 [0mimu  -0.1 Dt 3354 LtCy 1677 integ.govd   +0.00   +0.00 integ.vbp +0.00 +0.00 omni.gos X     +0.0 ,Y     -0.0. omgD -0.003 omg  +0.00 loop   5149
[0mBatt=23.3 [0m[33mODOM [31mVisionX  +0.00 Y  +0.00 theta   +0.0 elt    0 [0mimu  -0.1 Dt 3370 LtCy 1685 integ.govd   +0.00   +0.00 integ.vbp +0.00 +0.00 omni.gos X     +0.0 ,Y     -0.1. omgD -0.008 omg  +0.00 loop   5143
[0mBatt=23.3 [0m[33mODOM [31mVisionX  +0.00 Y  +0.00 theta   +0.0 elt    0 [0mimu  -0.1 Dt 3386 LtCy 1693 integ.govd   +0.00   +0.00 integ.vbp +0.00 +0.00 omni.gos X     +0.0 ,Y     -0.1. omgD -0.008 omg  +0.00 loop   5121
[0mBatt=23.3 [0m[33mODOM [31mVisionX  +0.00 Y  +0.00 theta   +0.0 elt    0 [0mimu  -0.1 Dt 3402 LtCy 1701 integ.govd   +0.00   +0.00 integ.vbp +0.00 +0.00 omni.gos X     +0.0 ,Y     +0.0. omgD +0.001 omg  +0.00 loop   5134
[0mBatt=23.3 [0m[33mODOM [31mVisionX  +0.00 Y  +0.00 theta   +0.0 elt    0 [0mimu  -0.1 Dt 3418 LtCy 1709 integ.govd   +0.00   +0.00 integ.vbp +0.00 +0.00 omni.gos X     +0.0 ,Y     -0.2. omgD -0.012 omg  +0.00 loop   5149
[0mBatt=23.3 [0m[33mODOM [31mVisionX  +0.00 Y  +0.00 theta   +0.0 elt    0 [0mimu  -0.1 Dt 3434 LtCy 1717 integ.govd   +0.00   +0.00 integ.vbp +0.00 +0.00 omni.gos X     +0.0 ,Y     +0.0. omgD +0.001 omg  +0.00 loop   5129
[0mBatt=23.3 [0m[33mODOM [31mVisionX  +0.00 Y  +0.00 theta   +0.0 elt    0 [0mimu  -0.1 Dt 3450 LtCy 1725 integ.govd   +0.00   +0.00 integ.vbp +0.00 +0.00 omni.gos X     +0.0 ,Y     +0.0. omgD +0.001 omg  +0.00 loop   5123
[0mBatt=23.3 [0m[33mODOM [31mVisionX  +0.00 Y  +0.00 theta   +0.0 elt    0 [0mimu  -0.1 Dt 3466 LtCy 1733 integ.govd   +0.00   +0.00 integ.vbp +0.00 +0.00 omni.gos X     +0.0 ,Y     -0.2. omgD -0.012 omg  +0.00 loop   5155
[0mBatt=23.3 [0m[33mODOM [31mVisionX  +0.00 Y  +0.00 theta   +0.0 elt    0 [0mimu  -0.1 Dt 3482 LtCy 1741 integ.govd   +0.00   +0.00 integ.vbp +0.00 +0.00 omni.gos X     +0.0 ,Y     -0.1. omgD -0.008 omg  +0.00 loop   5137
[0mBatt=23.3 [0m[33mODOM [31mVisionX  +0.00 Y  +0.00 theta   +0.0 elt    0 [0mimu  -0.1 Dt 3498 LtCy 1749 integ.govd   +0.00   +0.00 integ.vbp +0.00 +0.00 omni.gos X     +0.0 ,Y     +0.0. omgD +0.001 omg  +0.00 loop   5114
[0mBatt=23.3 [0m[33mODOM [31mVisionX  +0.00 Y  +0.00 theta   +0.0 elt    0 [0mimu  -0.1 Dt 3514 LtCy 1757 integ.govd   +0.00   +0.00 integ.vbp +0.00 +0.00 omni.gos X     +0.0 ,Y     -0.1. omgD -0.010 omg  +0.00 loop   5150
[0mBatt=23.3 [0m[33mODOM [31mVisionX  +0.00 Y  +0.00 theta   +0.0 elt    0 [0mimu  -0.1 Dt 3530 LtCy 1765 integ.govd   +0.00   +0.00 integ.vbp +0.00 +0.00 omni.gos X     +0.0 ,Y     -0.1. omgD -0.008 omg  +0.00 loop   5144
[0mBatt=23.3 [0m[33mODOM [31mVisionX  +0.00 Y  +0.00 theta   +0.0 elt    0 [0mimu  -0.1 Dt 3546 LtCy 1773 integ.govd   +0.00   +0.00 integ.vbp +0.00 +0.00 omni.gos X     +0.0 ,Y     -0.2. omgD -0.012 omg  +0.00 loop   5111
[0mBatt=23.3 [0m[33mODOM [31mVisionX  +0.00 Y  +0.00 theta   +0.0 elt    0 [0mimu  -0.1 Dt 3562 LtCy 1781 integ.govd   +0.00   +0.00 integ.vbp +0.00 +0.00 omni.gos X     +0.0 ,Y     -0.2. omgD -0.014 omg  +0.00 loop   5145
[0mBatt=23.3 [0m[33mODOM [31mVisionX  +0.00 Y  +0.00 theta   +0.0 elt    0 [0mimu  -0.1 Dt 3578 LtCy 1789 integ.govd   +0.00   +0.00 integ.vbp +0.00 +0.00 omni.gos X     +0.0 ,Y     -0.1. omgD -0.010 omg  +0.00 loop   5151
[0mBatt=23.3 [0m[33mODOM [31mVisionX  +0.00 Y  +0.00 theta   +0.0 elt    0 [0mimu  -0.1 Dt 3594 LtCy 1797 integ.govd   +0.00   +0.00 integ.vbp +0.00 +0.00 omni.gos X     +0.0 ,Y     -0.0. omgD -0.003 omg  +0.00 loop   5123
[0mBatt=23.3 [0m[33mODOM [31mVisionX  +0.00 Y  +0.00 theta   +0.0 elt    0 [0mimu  -0.1 Dt 3610 LtCy 1805 integ.govd   +0.00   +0.00 integ.vbp +0.00 +0.00 omni.gos X     +0.0 ,Y     -0.0. omgD -0.003 omg  +0.00 loop   5130
[0mBatt=23.3 [0m[33mODOM [31mVisionX  +0.00 Y  +0.00 theta   +0.0 elt    0 [0mimu  -0.1 Dt 3626 LtCy 1813 integ.govd   +0.00   +0.00 integ.vbp +0.00 +0.00 omni.gos X     +0.0 ,Y     -0.0. omgD -0.003 omg  +0.00 loop   5152
[0mBatt=23.3 [0m[33mODOM [31mVisionX  +0.00 Y  +0.00 theta   +0.0 elt    0 [0mimu  -0.1 Dt 3642 LtCy 1821 integ.govd   +0.00   +0.00 integ.vbp +0.00 +0.00 omni.gos X     +0.0 ,Y     -0.1. omgD -0.010 omg  +0.00 loop   5129
[0mBatt=23.3 [0m[33mODOM [31mVisionX  +0.00 Y  +0.00 theta   +0.0 elt    0 [0mimu  -0.1 Dt 3658 LtCy 1829 integ.govd   +0.00   +0.00 integ.vbp +0.00 +0.00 omni.gos X     +0.0 ,Y     -0.1. omgD -0.008 omg  +0.00 loop   5121
[0mBatt=23.3 [0m[33mODOM [31mVisionX  +0.00 Y  +0.00 theta   +0.0 elt    0 [0mimu  -0.1 Dt 3674 LtCy 1837 integ.govd   +0.00   +0.00 integ.vbp +0.00 +0.00 omni.gos X     +0.0 ,Y     -0.1. omgD -0.005 omg  +0.00 loop   5148
[0mBatt=23.3 [0m[33mODOM [31mVisionX  +0.00 Y  +0.00 theta   +0.0 elt    0 [0mimu  -0.1 Dt 3690 LtCy 1845 integ.govd   +0.00   +0.00 integ.vbp +0.00 +0.00 omni.gos X     +0.0 ,Y     -0.1. omgD -0.010 omg  +0.00 loop   5140
[0mBatt=23.3 [0m[33mODOM [31mVisionX  +0.00 Y  +0.00 theta   +0.0 elt    0 [0mimu  -0.1 Dt 3706 LtCy 1853 integ.govd   +0.00   +0.00 integ.vbp +0.00 +0.00 omni.gos X     +0.0 ,Y     -0.1. omgD -0.008 omg  +0.00 loop   5122
[0mBatt=23.3 [0m[33mODOM [31mVisionX  +0.00 Y  +0.00 theta   +0.0 elt    0 [0mimu  -0.1 Dt 3722 LtCy 1861 integ.govd   +0.00   +0.00 integ.vbp +0.00 +0.00 omni.gos X     +0.0 ,Y     -0.1. omgD -0.008 omg  +0.00 loop   5144
[0mBatt=23.3 [0m[33mODOM [31mVisionX  +0.00 Y  +0.00 theta   +0.0 elt    0 [0mimu  -0.1 Dt 3738 LtCy 1869 integ.govd   +0.00   +0.00 integ.vbp +0.00 +0.00 omni.gos X     +0.0 ,Y     -0.1. omgD -0.005 omg  +0.00 loop   5146
[0mBatt=23.3 [0m[33mODOM [31mVisionX  +0.00 Y  +0.00 theta   +0.0 elt    0 [0mimu  -0.1 Dt 3754 LtCy 1877 integ.govd   +0.00   +0.00 integ.vbp +0.00 +0.00 omni.gos X     +0.0 ,Y     -0.2. omgD -0.014 omg  +0.00 loop   5119
[0mBatt=23.3 [0m[33mODOM [31mVisionX  +0.00 Y  +0.00 theta   +0.0 elt    0 [0mimu  -0.1 Dt 3770 LtCy 1885 integ.govd   +0.00   +0.00 integ.vbp +0.00 +0.00 omni.gos X     +0.0 ,Y     -0.1. omgD -0.008 omg  +0.00 loop   5135
[0mBatt=23.3 [0m[33mODOM [31mVisionX  +0.00 Y  +0.00 theta   +0.0 elt    0 [0mimu  -0.1 Dt 3786 LtCy 1893 integ.govd   +0.00   +0.00 integ.vbp +0.00 +0.00 omni.gos X     +0.0 ,Y     -0.1. omgD -0.005 omg  +0.00 loop   5148
[0mBatt=23.3 [0m[33mODOM [31mVisionX  +0.00 Y  +0.00 theta   +0.0 elt    0 [0mimu  -0.1 Dt 3802 LtCy 1901 integ.govd   +0.00   +0.00 integ.vbp +0.00 +0.00 omni.gos X     +0.0 ,Y     -0.1. omgD -0.008 omg  +0.00 loop   5126
[0mBatt=23.3 [0m[33mODOM [31mVisionX  +0.00 Y  +0.00 theta   +0.0 elt    0 [0mimu  -0.1 Dt 3818 LtCy 1909 integ.govd   +0.00   +0.00 integ.vbp +0.00 +0.00 omni.gos X     +0.0 ,Y     -0.0. omgD -0.003 omg  +0.00 loop   5124
[0mBatt=23.3 [0m[33mODOM [31mVisionX  +0.00 Y  +0.00 theta   +0.0 elt    0 [0mimu  -0.1 Dt 3834 LtCy 1917 integ.govd   +0.00   +0.00 integ.vbp +0.00 +0.00 omni.gos X     +0.0 ,Y     -0.1. omgD -0.010 omg  +0.00 loop   5152
[0mBatt=23.3 [0m[33mODOM [31mVisionX  +0.00 Y  +0.00 theta   +0.0 elt    0 [0mimu  -0.1 Dt 3850 LtCy 1925 integ.govd   +0.00   +0.00 integ.vbp +0.00 +0.00 omni.gos X     +0.0 ,Y     -0.1. omgD -0.005 omg  +0.00 loop   5136
[0mBatt=23.3 [0m[33mODOM [31mVisionX  +0.00 Y  +0.00 theta   +0.0 elt    0 [0mimu  -0.1 Dt 3866 LtCy 1933 integ.govd   +0.00   +0.00 integ.vbp +0.00 +0.00 omni.gos X     +0.0 ,Y     -0.1. omgD -0.005 omg  +0.00 loop   5116
[0mBatt=23.3 [0m[33mODOM [31mVisionX  +0.00 Y  +0.00 theta   +0.0 elt    0 [0mimu  -0.1 Dt 3882 LtCy 1941 integ.govd   +0.00   +0.00 integ.vbp +0.00 +0.00 omni.gos X     +0.0 ,Y     -0.2. omgD -0.016 omg  +0.00 loop   5149
[0mBatt=23.3 [0m[33mODOM [31mVisionX  +0.00 Y  +0.00 theta   +0.0 elt    0 [0mimu  -0.1 Dt 3898 LtCy 1949 integ.govd   +0.00   +0.00 integ.vbp +0.00 +0.00 omni.gos X     +0.0 ,Y     -0.2. omgD -0.012 omg  +0.00 loop   5143
[0mBatt=23.3 [0m[33mODOM [31mVisionX  +0.00 Y  +0.00 theta   +0.0 elt    0 [0mimu  -0.1 Dt 3914 LtCy 1957 integ.govd   +0.00   +0.00 integ.vbp +0.00 +0.00 omni.gos X     +0.0 ,Y     -0.1. omgD -0.008 omg  +0.00 loop   5111
[0mBatt=23.3 [0m[33mODOM [31mVisionX  +0.00 Y  +0.00 theta   +0.0 elt    0 [0mimu  -0.1 Dt 3930 LtCy 1965 integ.govd   +0.00   +0.00 integ.vbp +0.00 +0.00 omni.gos X     +0.0 ,Y     -0.1. omgD -0.008 omg  +0.00 loop   5143
[0mBatt=23.3 [0m[33mODOM [31mVisionX  +0.00 Y  +0.00 theta   +0.0 elt    0 [0mimu  -0.1 Dt 3946 LtCy 1973 integ.govd   +0.00   +0.00 integ.vbp +0.00 +0.00 omni.gos X     +0.0 ,Y     -0.0. omgD -0.003 omg  +0.00 loop   5148
[0mBatt=23.3 [0m[33mODOM [31mVisionX  +0.00 Y  +0.00 theta   +0.0 elt    0 [0mimu  -0.1 Dt 3962 LtCy 1981 integ.govd   +0.00   +0.00 integ.vbp +0.00 +0.00 omni.gos X     +0.0 ,Y     -0.0. omgD -0.003 omg  +0.00 loop   5120
[0mBatt=23.3 [0m[33mODOM [31mVisionX  +0.00 Y  +0.00 theta   +0.0 elt    0 [0mimu  -0.1 Dt 3978 LtCy 1989 integ.govd   +0.00   +0.00 integ.vbp +0.00 +0.00 omni.gos X     +0.0 ,Y     -0.1. omgD -0.008 omg  +0.00 loop   5131
[0mBatt=23.3 [0m[33mODOM [31mVisionX  +0.00 Y  +0.00 theta   +0.0 elt    0 [0mimu  -0.1 Dt 3994 LtCy 1997 integ.govd   +0.00   +0.00 integ.vbp +0.00 +0.00 omni.gos X     +0.0 ,Y     -0.1. omgD -0.008 omg  +0.00 loop   5155
[0mBatt=23.3 [0m[33mODOM [31mVisionX  +0.00 Y  +0.00 theta   +0.0 elt    0 [0mimu  -0.1 Dt 4002 LtCy 2001 integ.govd   +0.00   +0.00 integ.vbp +0.00 +0.00 omni.gos X     +0.0 ,Y     -0.2. omgD -0.012 omg  +0.00 loop   2475
[0mBatt=23.3 [0m[33mODOM [31mVisionX  +0.00 Y  +0.00 theta   +0.0 elt    0 [0mimu  -0.1 Dt 4018 LtCy 2009 integ.govd   +0.00   +0.00 integ.vbp +0.00 +0.00 omni.gos X     -0.0 ,Y     -0.2. omgD -0.012 omg  +0.00 loop   5112
[0mBatt=23.3 [0m[33mODOM [31mVisionX  +0.00 Y  +0.00 theta   +0.0 elt    0 [0mimu  -0.1 Dt 4034 LtCy 2017 integ.govd   +0.00   +0.00 integ.vbp +0.00 +0.00 omni.gos X     +0.0 ,Y     -0.0. omgD -0.003 omg  +0.00 loop   5137
[0mBatt=23.3 [0m[33mODOM [31mVisionX  +0.00 Y  +0.00 theta   +0.0 elt    0 [0mimu  -0.1 Dt 4050 LtCy 2025 integ.govd   +0.00   +0.00 integ.vbp +0.00 +0.00 omni.gos X     +0.0 ,Y     -0.1. omgD -0.008 omg  +0.00 loop   5146
[0mBatt=23.3 [0m[33mODOM [31mVisionX  +0.00 Y  +0.00 theta   +0.0 elt    0 [0mimu  -0.1 Dt 4066 LtCy 2033 integ.govd   +0.00   +0.00 integ.vbp +0.00 +0.00 omni.gos X     +0.0 ,Y     -0.1. omgD -0.008 omg  +0.00 loop   5120
[0mBatt=23.3 [0m[33mODOM [31mVisionX  +0.00 Y  +0.00 theta   +0.0 elt    0 [0mimu  -0.1 Dt 4082 LtCy 2041 integ.govd   +0.00   +0.00 integ.vbp +0.00 +0.00 omni.gos X     +0.0 ,Y     -0.1. omgD -0.008 omg  +0.00 loop   5134
[0mBatt=23.3 [0m[33mODOM [31mVisionX  +0.00 Y  +0.00 theta   +0.0 elt    0 [0mimu  -0.2 Dt 4098 LtCy 2049 integ.govd   +0.00   +0.00 integ.vbp +0.00 +0.00 omni.gos X     +0.0 ,Y     -0.0. omgD -0.003 omg  +0.00 loop   5151
[0mBatt=23.3 [0m[33mODOM [31mVisionX  +0.00 Y  +0.00 theta   +0.0 elt    0 [0mimu  -0.2 Dt 4114 LtCy 2057 integ.govd   +0.00   +0.00 integ.vbp +0.00 +0.00 omni.gos X     +0.0 ,Y     -0.1. omgD -0.008 omg  +0.00 loop   5130
[0mBatt=23.3 [0m[33mODOM [31mVisionX  +0.00 Y  +0.00 theta   +0.0 elt    0 [0mimu  -0.2 Dt 4130 LtCy 2065 integ.govd   +0.00   +0.00 integ.vbp +0.00 +0.00 omni.gos X     +0.0 ,Y     -0.1. omgD -0.008 omg  +0.00 loop   5123
[0mBatt=23.3 [0m[33mODOM [31mVisionX  +0.00 Y  +0.00 theta   +0.0 elt    0 [0mimu  -0.2 Dt 4146 LtCy 2073 integ.govd   +0.00   +0.00 integ.vbp +0.00 +0.00 omni.gos X     +0.0 ,Y     -0.2. omgD -0.012 omg  +0.00 loop   5152
[0mBatt=23.3 [0m[33mODOM [31mVisionX  +0.00 Y  +0.00 theta   +0.0 elt    0 [0mimu  -0.2 Dt 4162 LtCy 2081 integ.govd   +0.00   +0.00 integ.vbp +0.00 +0.00 omni.gos X     +0.0 ,Y     -0.0. omgD -0.003 omg  +0.00 loop   5143
[0mBatt=23.3 [0m[33mODOM [31mVisionX  +0.00 Y  +0.00 theta   +0.0 elt    0 [0mimu  -0.2 Dt 4178 LtCy 2089 integ.govd   +0.00   +0.00 integ.vbp +0.00 +0.00 omni.gos X     +0.0 ,Y     -0.2. omgD -0.012 omg  +0.00 loop   5109
[0mBatt=23.3 [0m[33mODOM [31mVisionX  +0.00 Y  +0.00 theta   +0.0 elt    0 [0mimu  -0.2 Dt 4194 LtCy 2097 integ.govd   +0.00   +0.00 integ.vbp +0.00 +0.00 omni.gos X     +0.0 ,Y     +0.0. omgD +0.001 omg  +0.00 loop   5143
[0mBatt=23.3 [0m[33mODOM [31mVisionX  +0.00 Y  +0.00 theta   +0.0 elt    0 [0mimu  -0.2 Dt 4210 LtCy 2105 integ.govd   +0.00   +0.00 integ.vbp +0.00 +0.00 omni.gos X     +0.0 ,Y     +0.0. omgD +0.001 omg  +0.00 loop   5148
[0mBatt=23.3 [0m[33mODOM [31mVisionX  +0.00 Y  +0.00 theta   +0.0 elt    0 [0mimu  -0.2 Dt 4226 LtCy 2113 integ.govd   +0.00   +0.00 integ.vbp +0.00 +0.00 omni.gos X     +0.0 ,Y     +0.0. omgD +0.001 omg  +0.00 loop   5118
[0mBatt=23.3 [0m[33mODOM [31mVisionX  +0.00 Y  +0.00 theta   +0.0 elt    0 [0mimu  -0.2 Dt 4242 LtCy 2121 integ.govd   +0.00   +0.00 integ.vbp +0.00 +0.00 omni.gos X     +0.0 ,Y     -0.0. omgD -0.003 omg  +0.00 loop   5141
[0mBatt=23.3 [0m[33mODOM [31mVisionX  +0.00 Y  +0.00 theta   +0.0 elt    0 [0mimu  -0.2 Dt 4258 LtCy 2129 integ.govd   +0.00   +0.00 integ.vbp +0.00 +0.00 omni.gos X     +0.0 ,Y     -0.2. omgD -0.016 omg  +0.00 loop   5148
[0mBatt=23.3 [0m[33mODOM [31mVisionX  +0.00 Y  +0.00 theta   +0.0 elt    0 [0mimu  -0.2 Dt 4274 LtCy 2137 integ.govd   +0.00   +0.00 integ.vbp +0.00 +0.00 omni.gos X     +0.0 ,Y     -0.2. omgD -0.016 omg  +0.00 loop   5125
[0mBatt=23.3 [0m[33mODOM [31mVisionX  +0.00 Y  +0.00 theta   +0.0 elt    0 [0mimu  -0.2 Dt 4290 LtCy 2145 integ.govd   +0.00   +0.00 integ.vbp +0.00 +0.00 omni.gos X     +0.0 ,Y     -0.0. omgD -0.003 omg  +0.00 loop   5127
[0mBatt=23.3 [0m[33mODOM [31mVisionX  +0.00 Y  +0.00 theta   +0.0 elt    0 [0mimu  -0.2 Dt 4306 LtCy 2153 integ.govd   +0.00   +0.00 integ.vbp +0.00 +0.00 omni.gos X     +0.0 ,Y     -0.0. omgD -0.003 omg  +0.00 loop   5147
[0mBatt=23.3 [0m[33mODOM [31mVisionX  +0.00 Y  +0.00 theta   +0.0 elt    0 [0mimu  -0.2 Dt 4322 LtCy 2161 integ.govd   +0.00   +0.00 integ.vbp +0.00 +0.00 omni.gos X     +0.0 ,Y     -0.0. omgD -0.003 omg  +0.00 loop   5137
[0mBatt=23.3 [0m[33mODOM [31mVisionX  +0.00 Y  +0.00 theta   +0.0 elt    0 [0mimu  -0.2 Dt 4338 LtCy 2169 integ.govd   +0.00   +0.00 integ.vbp +0.00 +0.00 omni.gos X     +0.0 ,Y     +0.0. omgD +0.001 omg  +0.00 loop   5115
[0mBatt=23.3 [0m[33mODOM [31mVisionX  +0.00 Y  +0.00 theta   +0.0 elt    0 [0mimu  -0.2 Dt 4354 LtCy 2177 integ.govd   +0.00   +0.00 integ.vbp +0.00 +0.00 omni.gos X     +0.0 ,Y     -0.1. omgD -0.008 omg  +0.00 loop   5151
[0mBatt=23.3 [0m[33mODOM [31mVisionX  +0.00 Y  +0.00 theta   +0.0 elt    0 [0mimu  -0.2 Dt 4370 LtCy 2185 integ.govd   +0.00   +0.00 integ.vbp +0.00 +0.00 omni.gos X     +0.0 ,Y     -0.0. omgD -0.003 omg  +0.00 loop   5148
[0mBatt=23.3 [0m[33mODOM [31mVisionX  +0.00 Y  +0.00 theta   +0.0 elt    0 [0mimu  -0.2 Dt 4386 LtCy 2193 integ.govd   +0.00   +0.00 integ.vbp +0.00 +0.00 omni.gos X     +0.0 ,Y     -0.1. omgD -0.008 omg  +0.00 loop   5110
[0mBatt=23.3 [0m[33mODOM [31mVisionX  +0.00 Y  +0.00 theta   +0.0 elt    0 [0mimu  -0.2 Dt 4402 LtCy 2201 integ.govd   +0.00   +0.00 integ.vbp +0.00 +0.00 omni.gos X     +0.0 ,Y     -0.1. omgD -0.008 omg  +0.00 loop   5148
[0mBatt=23.3 [0m[33mODOM [31mVisionX  +0.00 Y  +0.00 theta   +0.0 elt    0 [0mimu  -0.2 Dt 4418 LtCy 2209 integ.govd   +0.00   +0.00 integ.vbp +0.00 +0.00 omni.gos X     +0.0 ,Y     -0.0. omgD -0.003 omg  +0.00 loop   5144
[0mBatt=23.3 [0m[33mODOM [31mVisionX  +0.00 Y  +0.00 theta   +0.0 elt    0 [0mimu  -0.2 Dt 4434 LtCy 2217 integ.govd   +0.00   +0.00 integ.vbp +0.00 +0.00 omni.gos X     +0.0 ,Y     +0.0. omgD +0.001 omg  +0.00 loop   5119
[0mBatt=23.3 [0m[33mODOM [31mVisionX  +0.00 Y  +0.00 theta   +0.0 elt    0 [0mimu  -0.2 Dt 4450 LtCy 2225 integ.govd   +0.00   +0.00 integ.vbp +0.00 +0.00 omni.gos X     +0.0 ,Y     -0.1. omgD -0.008 omg  +0.00 loop   5134
[0mBatt=23.3 [0m[33mODOM [31mVisionX  +0.00 Y  +0.00 theta   +0.0 elt    0 [0mimu  -0.2 Dt 4466 LtCy 2233 integ.govd   +0.00   +0.00 integ.vbp +0.00 +0.00 omni.gos X     +0.0 ,Y     +0.1. omgD +0.005 omg  +0.00 loop   5149
[0mBatt=23.3 [0m[33mODOM [31mVisionX  +0.00 Y  +0.00 theta   +0.0 elt    0 [0mimu  -0.2 Dt 4482 LtCy 2241 integ.govd   +0.00   +0.00 integ.vbp +0.00 +0.00 omni.gos X     +0.0 ,Y     -0.0. omgD -0.003 omg  +0.00 loop   5107
[0mBatt=23.3 [0m[33mODOM [31mVisionX  +0.00 Y  +0.00 theta   +0.0 elt    0 [0mimu  -0.2 Dt 4498 LtCy 2249 integ.govd   +0.00   +0.00 integ.vbp +0.00 +0.00 omni.gos X     +0.0 ,Y     -0.2. omgD -0.012 omg  +0.00 loop   5128
[0mBatt=23.3 [0m[33mODOM [31mVisionX  +0.00 Y  +0.00 theta   +0.0 elt    0 [0mimu  -0.2 Dt 4514 LtCy 2257 integ.govd   +0.00   +0.00 integ.vbp +0.00 +0.00 omni.gos X     +0.0 ,Y     -0.2. omgD -0.012 omg  +0.00 loop   5142
[0mBatt=23.3 [0m[33mODOM [31mVisionX  +0.00 Y  +0.00 theta   +0.0 elt    0 [0mimu  -0.2 Dt 4530 LtCy 2265 integ.govd   +0.00   +0.00 integ.vbp +0.00 +0.00 omni.gos X     +0.0 ,Y     +0.1. omgD +0.005 omg  +0.00 loop   5140
[0mBatt=23.3 [0m[33mODOM [31mVisionX  +0.00 Y  +0.00 theta   +0.0 elt    0 [0mimu  -0.2 Dt 4546 LtCy 2273 integ.govd   +0.00   +0.00 integ.vbp +0.00 +0.00 omni.gos X     +0.0 ,Y     -0.0. omgD -0.003 omg  +0.00 loop   5118
[0mBatt=23.3 [0m[33mODOM [31mVisionX  +0.00 Y  +0.00 theta   +0.0 elt    0 [0mimu  -0.2 Dt 4562 LtCy 2281 integ.govd   +0.00   +0.00 integ.vbp +0.00 +0.00 omni.gos X     +0.0 ,Y     +0.0. omgD +0.001 omg  +0.00 loop   5145
[0mBatt=23.3 [0m[33mODOM [31mVisionX  +0.00 Y  +0.00 theta   +0.0 elt    0 [0mimu  -0.2 Dt 4578 LtCy 2289 integ.govd   +0.00   +0.00 integ.vbp +0.00 +0.00 omni.gos X     -0.0 ,Y     -0.2. omgD -0.016 omg  +0.00 loop   5149
[0mBatt=23.3 [0m[33mODOM [31mVisionX  +0.00 Y  +0.00 theta   +0.0 elt    0 [0mimu  -0.2 Dt 4594 LtCy 2297 integ.govd   +0.00   +0.00 integ.vbp +0.00 +0.00 omni.gos X     +0.0 ,Y     -0.2. omgD -0.016 omg  +0.00 loop   5109
[0mBatt=23.3 [0m[33mODOM [31mVisionX  +0.00 Y  +0.00 theta   +0.0 elt    0 [0mimu  -0.2 Dt 4610 LtCy 2305 integ.govd   +0.00   +0.00 integ.vbp +0.00 +0.00 omni.gos X     +0.0 ,Y     -0.1. omgD -0.008 omg  +0.00 loop   5135
[0mBatt=23.3 [0m[33mODOM [31mVisionX  +0.00 Y  +0.00 theta   +0.0 elt    0 [0mimu  -0.2 Dt 4626 LtCy 2313 integ.govd   +0.00   +0.00 integ.vbp +0.00 +0.00 omni.gos X     +0.0 ,Y     -0.0. omgD -0.003 omg  +0.00 loop   5155
[0mBatt=23.3 [0m[33mODOM [31mVisionX  +0.00 Y  +0.00 theta   +0.0 elt    0 [0mimu  -0.2 Dt 4642 LtCy 2321 integ.govd   +0.00   +0.00 integ.vbp +0.00 +0.00 omni.gos X     +0.0 ,Y     -0.0. omgD -0.003 omg  +0.00 loop   5116
[0mBatt=23.3 [0m[33mODOM [31mVisionX  +0.00 Y  +0.00 theta   +0.0 elt    0 [0mimu  -0.2 Dt 4658 LtCy 2329 integ.govd   +0.00   +0.00 integ.vbp +0.00 +0.00 omni.gos X     +0.0 ,Y     +0.0. omgD +0.001 omg  +0.00 loop   5134
[0mBatt=23.3 [0m[33mODOM [31mVisionX  +0.00 Y  +0.00 theta   +0.0 elt    0 [0mimu  -0.2 Dt 4674 LtCy 2337 integ.govd   +0.00   +0.00 integ.vbp +0.00 +0.00 omni.gos X     +0.0 ,Y     -0.1. omgD -0.008 omg  +0.00 loop   5154
[0mBatt=23.3 [0m[33mODOM [31mVisionX  +0.00 Y  +0.00 theta   +0.0 elt    0 [0mimu  -0.2 Dt 4690 LtCy 2345 integ.govd   +0.00   +0.00 integ.vbp +0.00 +0.00 omni.gos X     +0.0 ,Y     -0.2. omgD -0.012 omg  +0.00 loop   5127
[0mBatt=23.3 [0m[33mODOM [31mVisionX  +0.00 Y  +0.00 theta   +0.0 elt    0 [0mimu  -0.2 Dt 4706 LtCy 2353 integ.govd   +0.00   +0.00 integ.vbp +0.00 +0.00 omni.gos X     -0.0 ,Y     -0.1. omgD -0.008 omg  +0.00 loop   5124
[0mBatt=23.3 [0m[33mODOM [31mVisionX  +0.00 Y  +0.00 theta   +0.0 elt    0 [0mimu  -0.2 Dt 4722 LtCy 2361 integ.govd   +0.00   +0.00 integ.vbp +0.00 +0.00 omni.gos X     +0.0 ,Y     -0.1. omgD -0.008 omg  +0.00 loop   5138
[0mBatt=23.3 [0m[33mODOM [31mVisionX  +0.00 Y  +0.00 theta   +0.0 elt    0 [0mimu  -0.2 Dt 4738 LtCy 2369 integ.govd   +0.00   +0.00 integ.vbp +0.00 +0.00 omni.gos X     +0.0 ,Y     -0.0. omgD -0.003 omg  +0.00 loop   5146
[0mBatt=23.3 [0m[33mODOM [31mVisionX  +0.00 Y  +0.00 theta   +0.0 elt    0 [0mimu  -0.2 Dt 4754 LtCy 2377 integ.govd   +0.00   +0.00 integ.vbp +0.00 +0.00 omni.gos X     +0.0 ,Y     -0.0. omgD -0.003 omg  +0.00 loop   5108
[0mBatt=23.3 [0m[33mODOM [31mVisionX  +0.00 Y  +0.00 theta   +0.0 elt    0 [0mimu  -0.2 Dt 4770 LtCy 2385 integ.govd   +0.00   +0.00 integ.vbp +0.00 +0.00 omni.gos X     +0.0 ,Y     -0.1. omgD -0.008 omg  +0.00 loop   5151
[0mBatt=23.3 [0m[33mODOM [31mVisionX  +0.00 Y  +0.00 theta   +0.0 elt    0 [0mimu  -0.2 Dt 4786 LtCy 2393 integ.govd   +0.00   +0.00 integ.vbp +0.00 +0.00 omni.gos X     +0.0 ,Y     -0.2. omgD -0.012 omg  +0.00 loop   5145
[0mBatt=23.3 [0m[33mODOM [31mVisionX  +0.00 Y  +0.00 theta   +0.0 elt    0 [0mimu  -0.2 Dt 4802 LtCy 2401 integ.govd   +0.00   +0.00 integ.vbp +0.00 +0.00 omni.gos X     +0.0 ,Y     -0.1. omgD -0.008 omg  +0.00 loop   5123
[0mBatt=23.3 [0m[33mODOM [31mVisionX  +0.00 Y  +0.00 theta   +0.0 elt    0 [0mimu  -0.2 Dt 4818 LtCy 2409 integ.govd   +0.00   +0.00 integ.vbp +0.00 +0.00 omni.gos X     +0.0 ,Y     -0.2. omgD -0.012 omg  +0.00 loop   5140
[0mBatt=23.3 [0m[33mODOM [31mVisionX  +0.00 Y  +0.00 theta   +0.0 elt    0 [0mimu  -0.2 Dt 4834 LtCy 2417 integ.govd   +0.00   +0.00 integ.vbp +0.00 +0.00 omni.gos X     +0.0 ,Y     -0.0. omgD -0.003 omg  +0.00 loop   5144
[0mBatt=23.3 [0m[33mODOM [31mVisionX  +0.00 Y  +0.00 theta   +0.0 elt    0 [0mimu  -0.2 Dt 4850 LtCy 2425 integ.govd   +0.00   +0.00 integ.vbp +0.00 +0.00 omni.gos X     +0.0 ,Y     -0.1. omgD -0.008 omg  +0.00 loop   5130
[0mBatt=23.3 [0m[33mODOM [31mVisionX  +0.00 Y  +0.00 theta   +0.0 elt    0 [0mimu  -0.2 Dt 4866 LtCy 2433 integ.govd   +0.00   +0.00 integ.vbp +0.00 +0.00 omni.gos X     +0.0 ,Y     -0.0. omgD -0.003 omg  +0.00 loop   5122
[0mBatt=23.3 [0m[33mODOM [31mVisionX  +0.00 Y  +0.00 theta   +0.0 elt    0 [0mimu  -0.2 Dt 4882 LtCy 2441 integ.govd   +0.00   +0.00 integ.vbp +0.00 +0.00 omni.gos X     +0.0 ,Y     -0.2. omgD -0.016 omg  +0.00 loop   5153
[0mBatt=23.3 [0m[33mODOM [31mVisionX  +0.00 Y  +0.00 theta   +0.0 elt    0 [0mimu  -0.2 Dt 4898 LtCy 2449 integ.govd   +0.00   +0.00 integ.vbp +0.00 +0.00 omni.gos X     +0.0 ,Y     -0.2. omgD -0.012 omg  +0.00 loop   5129
[0mBatt=23.3 [0m[33mODOM [31mVisionX  +0.00 Y  +0.00 theta   +0.0 elt    0 [0mimu  -0.2 Dt 4914 LtCy 2457 integ.govd   +0.00   +0.00 integ.vbp +0.00 +0.00 omni.gos X     -0.0 ,Y     -0.1. omgD -0.008 omg  +0.00 loop   5122
[0mBatt=23.3 [0m[33mODOM [31mVisionX  +0.00 Y  +0.00 theta   +0.0 elt    0 [0mimu  -0.2 Dt 4930 LtCy 2465 integ.govd   +0.00   +0.00 integ.vbp +0.00 +0.00 omni.gos X     +0.0 ,Y     -0.1. omgD -0.008 omg  +0.00 loop   5135
[0mBatt=23.3 [0m[33mODOM [31mVisionX  +0.00 Y  +0.00 theta   +0.0 elt    0 [0mimu  -0.2 Dt 4946 LtCy 2473 integ.govd   +0.00   +0.00 integ.vbp +0.00 +0.00 omni.gos X     +0.0 ,Y     -0.1. omgD -0.010 omg  +0.00 loop   5155
[0mBatt=23.3 [0m[33mODOM [31mVisionX  +0.00 Y  +0.00 theta   +0.0 elt    0 [0mimu  -0.2 Dt 4962 LtCy 2481 integ.govd   +0.00   +0.00 integ.vbp +0.00 +0.00 omni.gos X     +0.0 ,Y     -0.0. omgD -0.003 omg  +0.00 loop   5107
[0mBatt=23.3 [0m[33mODOM [31mVisionX  +0.00 Y  +0.00 theta   +0.0 elt    0 [0mimu  -0.2 Dt 4978 LtCy 2489 integ.govd   +0.00   +0.00 integ.vbp +0.00 +0.00 omni.gos X     +0.0 ,Y     -0.0. omgD -0.001 omg  +0.00 loop   5141
[0mBatt=23.3 [0m[33mODOM [31mVisionX  +0.00 Y  +0.00 theta   +0.0 elt    0 [0mimu  -0.2 Dt 4994 LtCy 2497 integ.govd   +0.00   +0.00 integ.vbp +0.00 +0.00 omni.gos X     +0.0 ,Y     -0.1. omgD -0.008 omg  +0.00 loop   5155
[0mBatt=23.3 [0m[33mODOM [31mVisionX  +0.00 Y  +0.00 theta   +0.0 elt    0 [0mimu  -0.2 Dt 5002 LtCy 2501 integ.govd   +0.00   +0.00 integ.vbp +0.00 +0.00 omni.gos X     +0.0 ,Y     -0.1. omgD -0.008 omg  +0.00 loop   2468
[0mBatt=23.3 [0m[33mODOM [31mVisionX  +0.00 Y  +0.00 theta   +0.0 elt    0 [0mimu  -0.2 Dt 5018 LtCy 2509 integ.govd   +0.00   +0.00 integ.vbp +0.00 +0.00 omni.gos X     +0.0 ,Y     -0.1. omgD -0.008 omg  +0.00 loop   5119
[0mBatt=23.3 [0m[33mODOM [31mVisionX  +0.00 Y  +0.00 theta   +0.0 elt    0 [0mimu  -0.2 Dt 5034 LtCy 2517 integ.govd   +0.00   +0.00 integ.vbp +0.00 +0.00 omni.gos X     +0.0 ,Y     -0.1. omgD -0.008 omg  +0.00 loop   5149
[0mBatt=23.3 [0m[33mODOM [31mVisionX  +0.00 Y  +0.00 theta   +0.0 elt    0 [0mimu  -0.2 Dt 5050 LtCy 2525 integ.govd   +0.00   +0.00 integ.vbp +0.00 +0.00 omni.gos X     +0.0 ,Y     -0.0. omgD -0.001 omg  +0.00 loop   5147
[0mBatt=23.3 [0m[33mODOM [31mVisionX  +0.00 Y  +0.00 theta   +0.0 elt    0 [0mimu  -0.2 Dt 5066 LtCy 2533 integ.govd   +0.00   +0.00 integ.vbp +0.00 +0.00 omni.gos X     +0.0 ,Y     +0.0. omgD +0.001 omg  +0.00 loop   5116
[0mBatt=23.3 [0m[33mODOM [31mVisionX  +0.00 Y  +0.00 theta   +0.0 elt    0 [0mimu  -0.2 Dt 5082 LtCy 2541 integ.govd   +0.00   +0.00 integ.vbp +0.00 +0.00 omni.gos X     +0.0 ,Y     -0.1. omgD -0.008 omg  +0.00 loop   5139
[0mBatt=23.3 [0m[33mODOM [31mVisionX  +0.00 Y  +0.00 theta   +0.0 elt    0 [0mimu  -0.2 Dt 5098 LtCy 2549 integ.govd   +0.00   +0.00 integ.vbp +0.00 +0.00 omni.gos X     +0.0 ,Y     -0.1. omgD -0.008 omg  +0.00 loop   5148
[0mBatt=23.3 [0m[33mODOM [31mVisionX  +0.00 Y  +0.00 theta   +0.0 elt    0 [0mimu  -0.2 Dt 5114 LtCy 2557 integ.govd   +0.00   +0.00 integ.vbp +0.00 +0.00 omni.gos X     +0.0 ,Y     -0.2. omgD -0.012 omg  +0.00 loop   5124
[0mBatt=23.3 [0m[33mODOM [31mVisionX  +0.00 Y  +0.00 theta   +0.0 elt    0 [0mimu  -0.2 Dt 5130 LtCy 2565 integ.govd   +0.00   +0.00 integ.vbp +0.00 +0.00 omni.gos X     +0.0 ,Y     -0.0. omgD -0.001 omg  +0.00 loop   5123
[0mBatt=23.3 [0m[33mODOM [31mVisionX  +0.00 Y  +0.00 theta   +0.0 elt    0 [0mimu  -0.2 Dt 5146 LtCy 2573 integ.govd   +0.00   +0.00 integ.vbp +0.00 +0.00 omni.gos X     +0.0 ,Y     +0.1. omgD +0.005 omg  +0.00 loop   5156
[0mBatt=23.3 [0m[33mODOM [31mVisionX  +0.00 Y  +0.00 theta   +0.0 elt    0 [0mimu  -0.2 Dt 5162 LtCy 2581 integ.govd   +0.00   +0.00 integ.vbp +0.00 +0.00 omni.gos X     +0.0 ,Y     -0.1. omgD -0.008 omg  +0.00 loop   5133
[0mBatt=23.3 [0m[33mODOM [31mVisionX  +0.00 Y  +0.00 theta   +0.0 elt    0 [0mimu  -0.2 Dt 5178 LtCy 2589 integ.govd   +0.00   +0.00 integ.vbp +0.00 +0.00 omni.gos X     +0.0 ,Y     -0.1. omgD -0.008 omg  +0.00 loop   5125
[0mBatt=23.3 [0m[33mODOM [31mVisionX  +0.00 Y  +0.00 theta   +0.0 elt    0 [0mimu  -0.2 Dt 5194 LtCy 2597 integ.govd   +0.00   +0.00 integ.vbp +0.00 +0.00 omni.gos X     +0.0 ,Y     -0.1. omgD -0.010 omg  +0.00 loop   5146
[0mBatt=23.3 [0m[33mODOM [31mVisionX  +0.00 Y  +0.00 theta   +0.0 elt    0 [0mimu  -0.2 Dt 5210 LtCy 2605 integ.govd   +0.00   +0.00 integ.vbp +0.00 +0.00 omni.gos X     +0.0 ,Y     -0.1. omgD -0.010 omg  +0.00 loop   5141
[0mBatt=23.3 [0m[33mODOM [31mVisionX  +0.00 Y  +0.00 theta   +0.0 elt    0 [0mimu  -0.2 Dt 5226 LtCy 2613 integ.govd   +0.00   +0.00 integ.vbp +0.00 +0.00 omni.gos X     +0.0 ,Y     -0.0. omgD -0.001 omg  +0.00 loop   5118
[0mBatt=23.3 [0m[33mODOM [31mVisionX  +0.00 Y  +0.00 theta   +0.0 elt    0 [0mimu  -0.2 Dt 5242 LtCy 2621 integ.govd   +0.00   +0.00 integ.vbp +0.00 +0.00 omni.gos X     +0.0 ,Y     -0.0. omgD -0.001 omg  +0.00 loop   5147
[0mBatt=23.3 [0m[33mODOM [31mVisionX  +0.00 Y  +0.00 theta   +0.0 elt    0 [0mimu  -0.2 Dt 5258 LtCy 2629 integ.govd   +0.00   +0.00 integ.vbp +0.00 +0.00 omni.gos X     +0.0 ,Y     +0.0. omgD +0.001 omg  +0.00 loop   5144
[0mBatt=23.3 [0m[33mODOM [31mVisionX  +0.00 Y  +0.00 theta   +0.0 elt    0 [0mimu  -0.2 Dt 5274 LtCy 2637 integ.govd   +0.00   +0.00 integ.vbp +0.00 +0.00 omni.gos X     +0.0 ,Y     -0.2. omgD -0.014 omg  +0.00 loop   5113
[0mBatt=23.3 [0m[33mODOM [31mVisionX  +0.00 Y  +0.00 theta   +0.0 elt    0 [0mimu  -0.2 Dt 5290 LtCy 2645 integ.govd   +0.00   +0.00 integ.vbp +0.00 +0.00 omni.gos X     +0.0 ,Y     -0.1. omgD -0.010 omg  +0.00 loop   5145
[0mBatt=23.3 [0m[33mODOM [31mVisionX  +0.00 Y  +0.00 theta   +0.0 elt    0 [0mimu  -0.2 Dt 5306 LtCy 2653 integ.govd   +0.00   +0.00 integ.vbp +0.00 +0.00 omni.gos X     +0.0 ,Y     -0.0. omgD -0.003 omg  +0.00 loop   5150
[0mBatt=23.3 [0m[33mODOM [31mVisionX  +0.00 Y  +0.00 theta   +0.0 elt    0 [0mimu  -0.2 Dt 5322 LtCy 2661 integ.govd   +0.00   +0.00 integ.vbp +0.00 +0.00 omni.gos X     +0.0 ,Y     +0.0. omgD +0.001 omg  +0.00 loop   5134
[0mBatt=23.3 [0m[33mODOM [31mVisionX  +0.00 Y  +0.00 theta   +0.0 elt    0 [0mimu  -0.2 Dt 5338 LtCy 2669 integ.govd   +0.00   +0.00 integ.vbp +0.00 +0.00 omni.gos X     -0.0 ,Y     -0.0. omgD -0.003 omg  +0.00 loop   5126
[0mBatt=23.3 [0m[33mODOM [31mVisionX  +0.00 Y  +0.00 theta   +0.0 elt    0 [0mimu  -0.2 Dt 5354 LtCy 2677 integ.govd   +0.00   +0.00 integ.vbp +0.00 +0.00 omni.gos X     +0.0 ,Y     -0.0. omgD -0.003 omg  +0.00 loop   5143
[0mBatt=23.3 [0m[33mODOM [31mVisionX  +0.00 Y  +0.00 theta   +0.0 elt    0 [0mimu  -0.2 Dt 5370 LtCy 2685 integ.govd   +0.00   +0.00 integ.vbp +0.00 +0.00 omni.gos X     +0.0 ,Y     -0.1. omgD -0.008 omg  +0.00 loop   5138
[0mBatt=23.3 [0m[33mODOM [31mVisionX  +0.00 Y  +0.00 theta   +0.0 elt    0 [0mimu  -0.2 Dt 5386 LtCy 2693 integ.govd   +0.00   +0.00 integ.vbp +0.00 +0.00 omni.gos X     +0.0 ,Y     -0.1. omgD -0.008 omg  +0.00 loop   5121
[0mBatt=23.3 [0m[33mODOM [31mVisionX  +0.00 Y  +0.00 theta   +0.0 elt    0 [0mimu  -0.2 Dt 5402 LtCy 2701 integ.govd   +0.00   +0.00 integ.vbp +0.00 +0.00 omni.gos X     +0.0 ,Y     -0.0. omgD -0.003 omg  +0.00 loop   5150
[0mBatt=23.3 [0m[33mODOM [31mVisionX  +0.00 Y  +0.00 theta   +0.0 elt    0 [0mimu  -0.2 Dt 5418 LtCy 2709 integ.govd   +0.00   +0.00 integ.vbp +0.00 +0.00 omni.gos X     +0.0 ,Y     -0.0. omgD -0.003 omg  +0.00 loop   5144
[0mBatt=23.3 [0m[33mODOM [31mVisionX  +0.00 Y  +0.00 theta   +0.0 elt    0 [0mimu  -0.2 Dt 5434 LtCy 2717 integ.govd   +0.00   +0.00 integ.vbp +0.00 +0.00 omni.gos X     +0.0 ,Y     -0.0. omgD -0.003 omg  +0.00 loop   5117
[0mBatt=23.3 [0m[33mODOM [31mVisionX  +0.00 Y  +0.00 theta   +0.0 elt    0 [0mimu  -0.2 Dt 5450 LtCy 2725 integ.govd   +0.00   +0.00 integ.vbp +0.00 +0.00 omni.gos X     +0.0 ,Y     -0.2. omgD -0.012 omg  +0.00 loop   5146
[0mBatt=23.3 [0m[33mODOM [31mVisionX  +0.00 Y  +0.00 theta   +0.0 elt    0 [0mimu  -0.2 Dt 5466 LtCy 2733 integ.govd   +0.00   +0.00 integ.vbp +0.00 +0.00 omni.gos X     +0.0 ,Y     -0.1. omgD -0.008 omg  +0.00 loop   5148
[0mBatt=23.3 [0m[33mODOM [31mVisionX  +0.00 Y  +0.00 theta   +0.0 elt    0 [0mimu  -0.2 Dt 5482 LtCy 2741 integ.govd   +0.00   +0.00 integ.vbp +0.00 +0.00 omni.gos X     +0.0 ,Y     -0.2. omgD -0.012 omg  +0.00 loop   5117
[0mBatt=23.3 [0m[33mODOM [31mVisionX  +0.00 Y  +0.00 theta   +0.0 elt    0 [0mimu  -0.2 Dt 5498 LtCy 2749 integ.govd   +0.00   +0.00 integ.vbp +0.00 +0.00 omni.gos X     +0.0 ,Y     -0.0. omgD -0.003 omg  +0.00 loop   5131
[0mBatt=23.3 [0m[33mODOM [31mVisionX  +0.00 Y  +0.00 theta   +0.0 elt    0 [0mimu  -0.2 Dt 5514 LtCy 2757 integ.govd   +0.00   +0.00 integ.vbp +0.00 +0.00 omni.gos X     +0.0 ,Y     -0.1. omgD -0.008 omg  +0.00 loop   5154
[0mBatt=23.3 [0m[33mODOM [31mVisionX  +0.00 Y  +0.00 theta   +0.0 elt    0 [0mimu  -0.2 Dt 5530 LtCy 2765 integ.govd   +0.00   +0.00 integ.vbp +0.00 +0.00 omni.gos X     +0.0 ,Y     -0.1. omgD -0.008 omg  +0.00 loop   5124
[0mBatt=23.3 [0m[33mODOM [31mVisionX  +0.00 Y  +0.00 theta   +0.0 elt    0 [0mimu  -0.2 Dt 5546 LtCy 2773 integ.govd   +0.00   +0.00 integ.vbp +0.00 +0.00 omni.gos X     +0.0 ,Y     -0.2. omgD -0.012 omg  +0.00 loop   5131
[0mBatt=23.3 [0m[33mODOM [31mVisionX  +0.00 Y  +0.00 theta   +0.0 elt    0 [0mimu  -0.2 Dt 5562 LtCy 2781 integ.govd   +0.00   +0.00 integ.vbp +0.00 +0.00 omni.gos X     +0.0 ,Y     -0.1. omgD -0.008 omg  +0.00 loop   5144
[0mBatt=23.3 [0m[33mODOM [31mVisionX  +0.00 Y  +0.00 theta   +0.0 elt    0 [0mimu  -0.2 Dt 5578 LtCy 2789 integ.govd   +0.00   +0.00 integ.vbp +0.00 +0.00 omni.gos X     +0.0 ,Y     -0.1. omgD -0.008 omg  +0.00 loop   5145
[0mBatt=23.3 [0m[33mODOM [31mVisionX  +0.00 Y  +0.00 theta   +0.0 elt    0 [0mimu  -0.2 Dt 5594 LtCy 2797 integ.govd   +0.00   +0.00 integ.vbp +0.00 +0.00 omni.gos X     -0.0 ,Y     -0.0. omgD -0.003 omg  +0.00 loop   5116
[0mBatt=23.3 [0m[33mODOM [31mVisionX  +0.00 Y  +0.00 theta   +0.0 elt    0 [0mimu  -0.2 Dt 5610 LtCy 2805 integ.govd   +0.00   +0.00 integ.vbp +0.00 +0.00 omni.gos X     +0.0 ,Y     -0.0. omgD -0.003 omg  +0.00 loop   5138
[0mBatt=23.3 [0m[33mODOM [31mVisionX  +0.00 Y  +0.00 theta   +0.0 elt    0 [0mimu  -0.2 Dt 5626 LtCy 2813 integ.govd   +0.00   +0.00 integ.vbp +0.00 +0.00 omni.gos X     +0.0 ,Y     -0.0. omgD -0.003 omg  +0.00 loop   5157
[0mBatt=23.3 [0m[33mODOM [31mVisionX  +0.00 Y  +0.00 theta   +0.0 elt    0 [0mimu  -0.2 Dt 5642 LtCy 2821 integ.govd   +0.00   +0.00 integ.vbp +0.00 +0.00 omni.gos X     +0.0 ,Y     -0.1. omgD -0.008 omg  +0.00 loop   5112
[0mBatt=23.3 [0m[33mODOM [31mVisionX  +0.00 Y  +0.00 theta   +0.0 elt    0 [0mimu  -0.2 Dt 5658 LtCy 2829 integ.govd   +0.00   +0.00 integ.vbp +0.00 +0.00 omni.gos X     +0.0 ,Y     -0.0. omgD -0.003 omg  +0.00 loop   5144
[0mBatt=23.3 [0m[33mODOM [31mVisionX  +0.00 Y  +0.00 theta   +0.0 elt    0 [0mimu  -0.2 Dt 5674 LtCy 2837 integ.govd   +0.00   +0.00 integ.vbp +0.00 +0.00 omni.gos X     +0.0 ,Y     -0.1. omgD -0.008 omg  +0.00 loop   5118
[0mBatt=23.3 [0m[33mODOM [31mVisionX  +0.00 Y  +0.00 theta   +0.0 elt    0 [0mimu  -0.2 Dt 5690 LtCy 2845 integ.govd   +0.00   +0.00 integ.vbp +0.00 +0.00 omni.gos X     -0.0 ,Y     -0.2. omgD -0.012 omg  +0.00 loop   5127
[0mBatt=23.3 [0m[33mODOM [31mVisionX  +0.00 Y  +0.00 theta   +0.0 elt    0 [0mimu  -0.2 Dt 5706 LtCy 2853 integ.govd   +0.00   +0.00 integ.vbp +0.00 +0.00 omni.gos X     +0.0 ,Y     -0.2. omgD -0.012 omg  +0.00 loop   5126
[0mBatt=23.3 [0m[33mODOM [31mVisionX  +0.00 Y  +0.00 theta   +0.0 elt    0 [0mimu  -0.2 Dt 5722 LtCy 2861 integ.govd   +0.00   +0.00 integ.vbp +0.00 +0.00 omni.gos X     +0.0 ,Y     -0.2. omgD -0.012 omg  +0.00 loop   5144
[0mBatt=23.3 [0m[33mODOM [31mVisionX  +0.00 Y  +0.00 theta   +0.0 elt    0 [0mimu  -0.2 Dt 5738 LtCy 2869 integ.govd   +0.00   +0.00 integ.vbp +0.00 +0.00 omni.gos X     +0.0 ,Y     +0.1. omgD +0.005 omg  +0.00 loop   5137
[0mBatt=23.3 [0m[33mODOM [31mVisionX  +0.00 Y  +0.00 theta   +0.0 elt    0 [0mimu  -0.2 Dt 5754 LtCy 2877 integ.govd   +0.00   +0.00 integ.vbp +0.00 +0.00 omni.gos X     +0.0 ,Y     +0.0. omgD +0.001 omg  +0.00 loop   5119
[0mBatt=23.3 [0m[33mODOM [31mVisionX  +0.00 Y  +0.00 theta   +0.0 elt    0 [0mimu  -0.2 Dt 5770 LtCy 2885 integ.govd   +0.00   +0.00 integ.vbp +0.00 +0.00 omni.gos X     +0.0 ,Y     -0.1. omgD -0.008 omg  +0.00 loop   5152
[0mBatt=23.3 [0m[33mODOM [31mVisionX  +0.00 Y  +0.00 theta   +0.0 elt    0 [0mimu  -0.2 Dt 5786 LtCy 2893 integ.govd   +0.00   +0.00 integ.vbp +0.00 +0.00 omni.gos X     +0.0 ,Y     -0.0. omgD -0.003 omg  +0.00 loop   5141
[0mBatt=23.4 [0m[33mODOM [31mVisionX  +0.00 Y  +0.00 theta   +0.0 elt    0 [0mimu  -0.2 Dt 5802 LtCy 2901 integ.govd   +0.00   +0.00 integ.vbp +0.00 +0.00 omni.gos X     +0.0 ,Y     -0.0. omgD -0.003 omg  +0.00 loop   5113
[0mBatt=23.4 [0m[33mODOM [31mVisionX  +0.00 Y  +0.00 theta   +0.0 elt    0 [0mimu  -0.2 Dt 5818 LtCy 2909 integ.govd   +0.00   +0.00 integ.vbp +0.00 +0.00 omni.gos X     +0.0 ,Y     -0.0. omgD -0.003 omg  +0.00 loop   5143
[0mBatt=23.4 [0m[33mODOM [31mVisionX  +0.00 Y  +0.00 theta   +0.0 elt    0 [0mimu  -0.2 Dt 5834 LtCy 2917 integ.govd   +0.00   +0.00 integ.vbp +0.00 +0.00 omni.gos X     -0.0 ,Y     -0.1. omgD -0.008 omg  +0.00 loop   5156
[0mBatt=23.4 [0m[33mODOM [31mVisionX  +0.00 Y  +0.00 theta   +0.0 elt    0 [0mimu  -0.2 Dt 5850 LtCy 2925 integ.govd   +0.00   +0.00 integ.vbp +0.00 +0.00 omni.gos X     +0.0 ,Y     -0.2. omgD -0.016 omg  +0.00 loop   5108
[0mBatt=23.4 [0m[33mODOM [31mVisionX  +0.00 Y  +0.00 theta   +0.0 elt    0 [0mimu  -0.2 Dt 5866 LtCy 2933 integ.govd   +0.00   +0.00 integ.vbp +0.00 +0.00 omni.gos X     -0.0 ,Y     -0.1. omgD -0.008 omg  +0.00 loop   5144
[0mBatt=23.4 [0m[33mODOM [31mVisionX  +0.00 Y  +0.00 theta   +0.0 elt    0 [0mimu  -0.2 Dt 5882 LtCy 2941 integ.govd   +0.00   +0.00 integ.vbp +0.00 +0.00 omni.gos X     +0.0 ,Y     -0.1. omgD -0.008 omg  +0.00 loop   5156
[0mBatt=23.4 [0m[33mODOM [31mVisionX  +0.00 Y  +0.00 theta   +0.0 elt    0 [0mimu  -0.2 Dt 5898 LtCy 2949 integ.govd   +0.00   +0.00 integ.vbp +0.00 +0.00 omni.gos X     +0.0 ,Y     -0.1. omgD -0.008 omg  +0.00 loop   5119
[0mBatt=23.4 [0m[33mODOM [31mVisionX  +0.00 Y  +0.00 theta   +0.0 elt    0 [0mimu  -0.2 Dt 5914 LtCy 2957 integ.govd   +0.00   +0.00 integ.vbp +0.00 +0.00 omni.gos X     +0.0 ,Y     -0.0. omgD -0.003 omg  +0.00 loop   5137
[0mBatt=23.3 [0m[33mODOM [31mVisionX  +0.00 Y  +0.00 theta   +0.0 elt    0 [0mimu  -0.2 Dt 5930 LtCy 2965 integ.govd   +0.00   +0.00 integ.vbp +0.00 +0.00 omni.gos X     +0.0 ,Y     -0.1. omgD -0.008 omg  +0.00 loop   5142
[0mBatt=23.3 [0m[33mODOM [31mVisionX  +0.00 Y  +0.00 theta   +0.0 elt    0 [0mimu  -0.2 Dt 5946 LtCy 2973 integ.govd   +0.00   +0.00 integ.vbp +0.00 +0.00 omni.gos X     +0.0 ,Y     -0.1. omgD -0.008 omg  +0.00 loop   5146
[0mBatt=23.3 [0m[33mODOM [31mVisionX  +0.00 Y  +0.00 theta   +0.0 elt    0 [0mimu  -0.2 Dt 5962 LtCy 2981 integ.govd   +0.00   +0.00 integ.vbp +0.00 +0.00 omni.gos X     +0.0 ,Y     +0.0. omgD +0.001 omg  +0.00 loop   5128
[0mBatt=23.3 [0m[33mODOM [31mVisionX  +0.00 Y  +0.00 theta   +0.0 elt    0 [0mimu  -0.2 Dt 5978 LtCy 2989 integ.govd   +0.00   +0.00 integ.vbp +0.00 +0.00 omni.gos X     +0.0 ,Y     -0.0. omgD -0.003 omg  +0.00 loop   5142
[0mBatt=23.3 [0m[33mODOM [31mVisionX  +0.00 Y  +0.00 theta   +0.0 elt    0 [0mimu  -0.2 Dt 5994 LtCy 2997 integ.govd   +0.00   +0.00 integ.vbp +0.00 +0.00 omni.gos X     +0.0 ,Y     -0.0. omgD -0.003 omg  +0.00 loop   5159
[0mBatt=23.3 [0m[33mODOM [31mVisionX  +0.00 Y  +0.00 theta   +0.0 elt    0 [0mimu  -0.2 Dt 6002 LtCy 3001 integ.govd   +0.00   +0.00 integ.vbp +0.00 +0.00 omni.gos X     +0.0 ,Y     -0.3. omgD -0.020 omg  +0.00 loop   2465
[0mBatt=23.3 [0m[33mODOM [31mVisionX  +0.00 Y  +0.00 theta   +0.0 elt    0 [0mimu  -0.2 Dt 6018 LtCy 3009 integ.govd   +0.00   +0.00 integ.vbp +0.00 +0.00 omni.gos X     +0.0 ,Y     -0.1. omgD -0.008 omg  +0.00 loop   5128
[0mBatt=23.3 [0m[33mODOM [31mVisionX  +0.00 Y  +0.00 theta   +0.0 elt    0 [0mimu  -0.2 Dt 6034 LtCy 3017 integ.govd   +0.00   +0.00 integ.vbp +0.00 +0.00 omni.gos X     -0.0 ,Y     -0.2. omgD -0.016 omg  +0.00 loop   5154
[0mBatt=23.3 [0m[33mODOM [31mVisionX  +0.00 Y  +0.00 theta   +0.0 elt    0 [0mimu  -0.2 Dt 6050 LtCy 3025 integ.govd   +0.00   +0.00 integ.vbp +0.00 +0.00 omni.gos X     +0.0 ,Y     -0.0. omgD -0.003 omg  +0.00 loop   5131
[0mBatt=23.3 [0m[33mODOM [31mVisionX  +0.00 Y  +0.00 theta   +0.0 elt    0 [0mimu  -0.2 Dt 6066 LtCy 3033 integ.govd   +0.00   +0.00 integ.vbp +0.00 +0.00 omni.gos X     +0.0 ,Y     -0.2. omgD -0.012 omg  +0.00 loop   5123
[0mBatt=23.3 [0m[33mODOM [31mVisionX  +0.00 Y  +0.00 theta   +0.0 elt    0 [0mimu  -0.2 Dt 6082 LtCy 3041 integ.govd   +0.00   +0.00 integ.vbp +0.00 +0.00 omni.gos X     +0.0 ,Y     -0.0. omgD -0.003 omg  +0.00 loop   5148
[0mBatt=23.3 [0m[33mODOM [31mVisionX  +0.00 Y  +0.00 theta   +0.0 elt    0 [0mimu  -0.2 Dt 6098 LtCy 3049 integ.govd   +0.00   +0.00 integ.vbp +0.00 +0.00 omni.gos X     +0.0 ,Y     +0.0. omgD +0.001 omg  +0.00 loop   5145
[0mBatt=23.3 [0m[33mODOM [31mVisionX  +0.00 Y  +0.00 theta   +0.0 elt    0 [0mimu  -0.2 Dt 6114 LtCy 3057 integ.govd   +0.00   +0.00 integ.vbp +0.00 +0.00 omni.gos X     +0.0 ,Y     -0.0. omgD -0.003 omg  +0.00 loop   5116
[0mBatt=23.3 [0m[33mODOM [31mVisionX  +0.00 Y  +0.00 theta   +0.0 elt    0 [0mimu  -0.2 Dt 6130 LtCy 3065 integ.govd   +0.00   +0.00 integ.vbp +0.00 +0.00 omni.gos X     +0.0 ,Y     -0.2. omgD -0.012 omg  +0.00 loop   5136
[0mBatt=23.3 [0m[33mODOM [31mVisionX  +0.00 Y  +0.00 theta   +0.0 elt    0 [0mimu  -0.2 Dt 6146 LtCy 3073 integ.govd   +0.00   +0.00 integ.vbp +0.00 +0.00 omni.gos X     +0.0 ,Y     -0.2. omgD -0.012 omg  +0.00 loop   5155
[0mBatt=23.3 [0m[33mODOM [31mVisionX  +0.00 Y  +0.00 theta   +0.0 elt    0 [0mimu  -0.2 Dt 6162 LtCy 3081 integ.govd   +0.00   +0.00 integ.vbp +0.00 +0.00 omni.gos X     +0.0 ,Y     -0.1. omgD -0.008 omg  +0.00 loop   5118
[0mBatt=23.3 [0m[33mODOM [31mVisionX  +0.00 Y  +0.00 theta   +0.0 elt    0 [0mimu  -0.2 Dt 6178 LtCy 3089 integ.govd   +0.00   +0.00 integ.vbp +0.00 +0.00 omni.gos X     +0.0 ,Y     +0.0. omgD +0.001 omg  +0.00 loop   5140
[0mBatt=23.3 [0m[33mODOM [31mVisionX  +0.00 Y  +0.00 theta   +0.0 elt    0 [0mimu  -0.2 Dt 6194 LtCy 3097 integ.govd   +0.00   +0.00 integ.vbp +0.00 +0.00 omni.gos X     +0.0 ,Y     -0.0. omgD -0.003 omg  +0.00 loop   5140
[0mBatt=23.3 [0m[33mODOM [31mVisionX  +0.00 Y  +0.00 theta   +0.0 elt    0 [0mimu  -0.2 Dt 6210 LtCy 3105 integ.govd   +0.00   +0.00 integ.vbp +0.00 +0.00 omni.gos X     +0.0 ,Y     -0.0. omgD -0.003 omg  +0.00 loop   5140
[0mBatt=23.3 [0m[33mODOM [31mVisionX  +0.00 Y  +0.00 theta   +0.0 elt    0 [0mimu  -0.2 Dt 6226 LtCy 3113 integ.govd   +0.00   +0.00 integ.vbp +0.00 +0.00 omni.gos X     +0.0 ,Y     -0.2. omgD -0.016 omg  +0.00 loop   5121
[0mBatt=23.3 [0m[33mODOM [31mVisionX  +0.00 Y  +0.00 theta   +0.0 elt    0 [0mimu  -0.2 Dt 6242 LtCy 3121 integ.govd   +0.00   +0.00 integ.vbp +0.00 +0.00 omni.gos X     +0.0 ,Y     -0.1. omgD -0.008 omg  +0.00 loop   5140
[0mBatt=23.3 [0m[33mODOM [31mVisionX  +0.00 Y  +0.00 theta   +0.0 elt    0 [0mimu  -0.2 Dt 6258 LtCy 3129 integ.govd   +0.00   +0.00 integ.vbp +0.00 +0.00 omni.gos X     +0.0 ,Y     -0.1. omgD -0.008 omg  +0.00 loop   5145
[0mBatt=23.3 [0m[33mODOM [31mVisionX  +0.00 Y  +0.00 theta   +0.0 elt    0 [0mimu  -0.2 Dt 6274 LtCy 3137 integ.govd   +0.00   +0.00 integ.vbp +0.00 +0.00 omni.gos X     +0.0 ,Y     -0.0. omgD -0.003 omg  +0.00 loop   5109
[0mBatt=23.3 [0m[33mODOM [31mVisionX  +0.00 Y  +0.00 theta   +0.0 elt    0 [0mimu  -0.2 Dt 6290 LtCy 3145 integ.govd   +0.00   +0.00 integ.vbp +0.00 +0.00 omni.gos X     +0.0 ,Y     -0.1. omgD -0.008 omg  +0.00 loop   5150
[0mBatt=23.3 [0m[33mODOM [31mVisionX  +0.00 Y  +0.00 theta   +0.0 elt    0 [0mimu  -0.2 Dt 6306 LtCy 3153 integ.govd   +0.00   +0.00 integ.vbp +0.00 +0.00 omni.gos X     +0.0 ,Y     -0.2. omgD -0.012 omg  +0.00 loop   5145
[0mBatt=23.3 [0m[33mODOM [31mVisionX  +0.00 Y  +0.00 theta   +0.0 elt    0 [0mimu  -0.2 Dt 6322 LtCy 3161 integ.govd   +0.00   +0.00 integ.vbp +0.00 +0.00 omni.gos X     +0.0 ,Y     -0.0. omgD -0.003 omg  +0.00 loop   5123
[0mBatt=23.3 [0m[33mODOM [31mVisionX  +0.00 Y  +0.00 theta   +0.0 elt    0 [0mimu  -0.2 Dt 6338 LtCy 3169 integ.govd   +0.00   +0.00 integ.vbp +0.00 +0.00 omni.gos X     +0.0 ,Y     -0.1. omgD -0.008 omg  +0.00 loop   5131
[0mBatt=23.3 [0m[33mODOM [31mVisionX  +0.00 Y  +0.00 theta   +0.0 elt    0 [0mimu  -0.3 Dt 6354 LtCy 3177 integ.govd   +0.00   +0.00 integ.vbp +0.00 +0.00 omni.gos X     +0.0 ,Y     -0.1. omgD -0.008 omg  +0.00 loop   5153
[0mBatt=23.3 [0m[33mODOM [31mVisionX  +0.00 Y  +0.00 theta   +0.0 elt    0 [0mimu  -0.3 Dt 6370 LtCy 3185 integ.govd   +0.00   +0.00 integ.vbp +0.00 +0.00 omni.gos X     +0.0 ,Y     -0.1. omgD -0.008 omg  +0.00 loop   5126
[0mBatt=23.3 [0m[33mODOM [31mVisionX  +0.00 Y  +0.00 theta   +0.0 elt    0 [0mimu  -0.3 Dt 6386 LtCy 3193 integ.govd   +0.00   +0.00 integ.vbp +0.00 +0.00 omni.gos X     +0.0 ,Y     -0.1. omgD -0.010 omg  +0.00 loop   5120
[0mBatt=23.3 [0m[33mODOM [31mVisionX  +0.00 Y  +0.00 theta   +0.0 elt    0 [0mimu  -0.3 Dt 6402 LtCy 3201 integ.govd   +0.00   +0.00 integ.vbp +0.00 +0.00 omni.gos X     +0.0 ,Y     -0.2. omgD -0.016 omg  +0.00 loop   5155
[0mBatt=23.3 [0m[33mODOM [31mVisionX  +0.00 Y  +0.00 theta   +0.0 elt    0 [0mimu  -0.3 Dt 6418 LtCy 3209 integ.govd   +0.00   +0.00 integ.vbp +0.00 +0.00 omni.gos X     +0.0 ,Y     -0.1. omgD -0.010 omg  +0.00 loop   5130
[0mBatt=23.3 [0m[33mODOM [31mVisionX  +0.00 Y  +0.00 theta   +0.0 elt    0 [0mimu  -0.3 Dt 6434 LtCy 3217 integ.govd   +0.00   +0.00 integ.vbp +0.00 +0.00 omni.gos X     +0.0 ,Y     -0.1. omgD -0.005 omg  +0.00 loop   5130
[0mBatt=23.3 [0m[33mODOM [31mVisionX  +0.00 Y  +0.00 theta   +0.0 elt    0 [0mimu  -0.3 Dt 6450 LtCy 3225 integ.govd   +0.00   +0.00 integ.vbp +0.00 +0.00 omni.gos X     +0.0 ,Y     -0.1. omgD -0.008 omg  +0.00 loop   5142
[0mBatt=23.3 [0m[33mODOM [31mVisionX  +0.00 Y  +0.00 theta   +0.0 elt    0 [0mimu  -0.3 Dt 6466 LtCy 3233 integ.govd   +0.00   +0.00 integ.vbp +0.00 +0.00 omni.gos X     -0.0 ,Y     -0.0. omgD -0.003 omg  +0.00 loop   5154
[0mBatt=23.3 [0m[33mODOM [31mVisionX  +0.00 Y  +0.00 theta   +0.0 elt    0 [0mimu  -0.3 Dt 6482 LtCy 3241 integ.govd   +0.00   +0.00 integ.vbp +0.00 +0.00 omni.gos X     +0.0 ,Y     -0.1. omgD -0.005 omg  +0.00 loop   5101
[0mBatt=23.3 [0m[33mODOM [31mVisionX  +0.00 Y  +0.00 theta   +0.0 elt    0 [0mimu  -0.3 Dt 6498 LtCy 3249 integ.govd   +0.00   +0.00 integ.vbp +0.00 +0.00 omni.gos X     +0.0 ,Y     -0.0. omgD -0.001 omg  +0.00 loop   5139
[0mBatt=23.3 [0m[33mODOM [31mVisionX  +0.00 Y  +0.00 theta   +0.0 elt    0 [0mimu  -0.3 Dt 6514 LtCy 3257 integ.govd   +0.00   +0.00 integ.vbp +0.00 +0.00 omni.gos X     +0.0 ,Y     -0.1. omgD -0.008 omg  +0.00 loop   5158
[0mBatt=23.3 [0m[33mODOM [31mVisionX  +0.00 Y  +0.00 theta   +0.0 elt    0 [0mimu  -0.3 Dt 6530 LtCy 3265 integ.govd   +0.00   +0.00 integ.vbp +0.00 +0.00 omni.gos X     +0.0 ,Y     -0.0. omgD -0.001 omg  +0.00 loop   5114
[0mBatt=23.3 [0m[33mODOM [31mVisionX  +0.00 Y  +0.00 theta   +0.0 elt    0 [0mimu  -0.3 Dt 6546 LtCy 3273 integ.govd   +0.00   +0.00 integ.vbp +0.00 +0.00 omni.gos X     +0.0 ,Y     -0.1. omgD -0.008 omg  +0.00 loop   5142
[0mBatt=23.3 [0m[33mODOM [31mVisionX  +0.00 Y  +0.00 theta   +0.0 elt    0 [0mimu  -0.3 Dt 6562 LtCy 3281 integ.govd   +0.00   +0.00 integ.vbp +0.00 +0.00 omni.gos X     +0.0 ,Y     -0.0. omgD -0.003 omg  +0.00 loop   5142
[0mBatt=23.3 [0m[33mODOM [31mVisionX  +0.00 Y  +0.00 theta   +0.0 elt    0 [0mimu  -0.3 Dt 6578 LtCy 3289 integ.govd   +0.00   +0.00 integ.vbp +0.00 +0.00 omni.gos X     +0.0 ,Y     -0.1. omgD -0.010 omg  +0.00 loop   5141
[0mBatt=23.3 [0m[33mODOM [31mVisionX  +0.00 Y  +0.00 theta   +0.0 elt    0 [0mimu  -0.3 Dt 6594 LtCy 3297 integ.govd   +0.00   +0.00 integ.vbp +0.00 +0.00 omni.gos X     +0.0 ,Y     -0.1. omgD -0.005 omg  +0.00 loop   5121
[0mBatt=23.3 [0m[33mODOM [31mVisionX  +0.00 Y  +0.00 theta   +0.0 elt    0 [0mimu  -0.3 Dt 6610 LtCy 3305 integ.govd   +0.00   +0.00 integ.vbp +0.00 +0.00 omni.gos X     +0.0 ,Y     -0.1. omgD -0.005 omg  +0.00 loop   5146
[0mBatt=23.3 [0m[33mODOM [31mVisionX  +0.00 Y  +0.00 theta   +0.0 elt    0 [0mimu  -0.3 Dt 6626 LtCy 3313 integ.govd   +0.00   +0.00 integ.vbp +0.00 +0.00 omni.gos X     +0.0 ,Y     -0.1. omgD -0.008 omg  +0.00 loop   5148
[0mBatt=23.3 [0m[33mODOM [31mVisionX  +0.00 Y  +0.00 theta   +0.0 elt    0 [0mimu  -0.3 Dt 6642 LtCy 3321 integ.govd   +0.00   +0.00 integ.vbp +0.00 +0.00 omni.gos X     +0.0 ,Y     -0.1. omgD -0.008 omg  +0.00 loop   5114
[0mBatt=23.3 [0m[33mODOM [31mVisionX  +0.00 Y  +0.00 theta   +0.0 elt    0 [0mimu  -0.3 Dt 6658 LtCy 3329 integ.govd   +0.00   +0.00 integ.vbp +0.00 +0.00 omni.gos X     +0.0 ,Y     -0.1. omgD -0.008 omg  +0.00 loop   5149
[0mBatt=23.3 [0m[33mODOM [31mVisionX  +0.00 Y  +0.00 theta   +0.0 elt    0 [0mimu  -0.3 Dt 6674 LtCy 3337 integ.govd   +0.00   +0.00 integ.vbp +0.00 +0.00 omni.gos X     +0.0 ,Y     -0.1. omgD -0.010 omg  +0.00 loop   5148
[0mBatt=23.3 [0m[33mODOM [31mVisionX  +0.00 Y  +0.00 theta   +0.0 elt    0 [0mimu  -0.3 Dt 6690 LtCy 3345 integ.govd   +0.00   +0.00 integ.vbp +0.00 +0.00 omni.gos X     +0.0 ,Y     -0.1. omgD -0.005 omg  +0.00 loop   5116
[0mBatt=23.3 [0m[33mODOM [31mVisionX  +0.00 Y  +0.00 theta   +0.0 elt    0 [0mimu  -0.3 Dt 6706 LtCy 3353 integ.govd   +0.00   +0.00 integ.vbp +0.00 +0.00 omni.gos X     +0.0 ,Y     -0.1. omgD -0.005 omg  +0.00 loop   5143
[0mBatt=23.3 [0m[33mODOM [31mVisionX  +0.00 Y  +0.00 theta   +0.0 elt    0 [0mimu  -0.3 Dt 6722 LtCy 3361 integ.govd   +0.00   +0.00 integ.vbp +0.00 +0.00 omni.gos X     +0.0 ,Y     +0.1. omgD +0.005 omg  +0.00 loop   5152
[0mBatt=23.3 [0m[33mODOM [31mVisionX  +0.00 Y  +0.00 theta   +0.0 elt    0 [0mimu  -0.3 Dt 6738 LtCy 3369 integ.govd   +0.00   +0.00 integ.vbp +0.00 +0.00 omni.gos X     +0.0 ,Y     -0.0. omgD -0.003 omg  +0.00 loop   5124
[0mBatt=23.3 [0m[33mODOM [31mVisionX  +0.00 Y  +0.00 theta   +0.0 elt    0 [0mimu  -0.3 Dt 6754 LtCy 3377 integ.govd   +0.00   +0.00 integ.vbp +0.00 +0.00 omni.gos X     +0.0 ,Y     -0.2. omgD -0.012 omg  +0.00 loop   5134
[0mBatt=23.3 [0m[33mODOM [31mVisionX  +0.00 Y  +0.00 theta   +0.0 elt    0 [0mimu  -0.3 Dt 6770 LtCy 3385 integ.govd   +0.00   +0.00 integ.vbp +0.00 +0.00 omni.gos X     +0.0 ,Y     -0.2. omgD -0.012 omg  +0.00 loop   5146
[0mBatt=23.3 [0m[33mODOM [31mVisionX  +0.00 Y  +0.00 theta   +0.0 elt    0 [0mimu  -0.3 Dt 6786 LtCy 3393 integ.govd   +0.00   +0.00 integ.vbp +0.00 +0.00 omni.gos X     +0.0 ,Y     -0.1. omgD -0.008 omg  +0.00 loop   5135
[0mBatt=23.3 [0m[33mODOM [31mVisionX  +0.00 Y  +0.00 theta   +0.0 elt    0 [0mimu  -0.3 Dt 6802 LtCy 3401 integ.govd   +0.00   +0.00 integ.vbp +0.00 +0.00 omni.gos X     +0.0 ,Y     -0.0. omgD -0.003 omg  +0.00 loop   5127
[0mBatt=23.3 [0m[33mODOM [31mVisionX  +0.00 Y  +0.00 theta   +0.0 elt    0 [0mimu  -0.3 Dt 6818 LtCy 3409 integ.govd   +0.00   +0.00 integ.vbp +0.00 +0.00 omni.gos X     +0.0 ,Y     -0.1. omgD -0.008 omg  +0.00 loop   5140
[0mBatt=23.3 [0m[33mODOM [31mVisionX  +0.00 Y  +0.00 theta   +0.0 elt    0 [0mimu  -0.3 Dt 6834 LtCy 3417 integ.govd   +0.00   +0.00 integ.vbp +0.00 +0.00 omni.gos X     +0.0 ,Y     +0.0. omgD +0.001 omg  +0.00 loop   5153
[0mBatt=23.3 [0m[33mODOM [31mVisionX  +0.00 Y  +0.00 theta   +0.0 elt    0 [0mimu  -0.3 Dt 6850 LtCy 3425 integ.govd   +0.00   +0.00 integ.vbp +0.00 +0.00 omni.gos X     +0.0 ,Y     -0.0. omgD -0.003 omg  +0.00 loop   5110
[0mBatt=23.3 [0m[33mODOM [31mVisionX  +0.00 Y  +0.00 theta   +0.0 elt    0 [0mimu  -0.3 Dt 6866 LtCy 3433 integ.govd   +0.00   +0.00 integ.vbp +0.00 +0.00 omni.gos X     +0.0 ,Y     -0.2. omgD -0.012 omg  +0.00 loop   5148
[0mBatt=23.3 [0m[33mODOM [31mVisionX  +0.00 Y  +0.00 theta   +0.0 elt    0 [0mimu  -0.3 Dt 6882 LtCy 3441 integ.govd   +0.00   +0.00 integ.vbp +0.00 +0.00 omni.gos X     +0.0 ,Y     -0.0. omgD -0.003 omg  +0.00 loop   5146
[0mBatt=23.3 [0m[33mODOM [31mVisionX  +0.00 Y  +0.00 theta   +0.0 elt    0 [0mimu  -0.3 Dt 6898 LtCy 3449 integ.govd   +0.00   +0.00 integ.vbp +0.00 +0.00 omni.gos X     +0.0 ,Y     -0.1. omgD -0.008 omg  +0.00 loop   5121
[0mBatt=23.3 [0m[33mODOM [31mVisionX  +0.00 Y  +0.00 theta   +0.0 elt    0 [0mimu  -0.3 Dt 6914 LtCy 3457 integ.govd   +0.00   +0.00 integ.vbp +0.00 +0.00 omni.gos X     +0.0 ,Y     -0.2. omgD -0.012 omg  +0.00 loop   5138
[0mBatt=23.3 [0m[33mODOM [31mVisionX  +0.00 Y  +0.00 theta   +0.0 elt    0 [0mimu  -0.3 Dt 6930 LtCy 3465 integ.govd   +0.00   +0.00 integ.vbp +0.00 +0.00 omni.gos X     +0.0 ,Y     -0.1. omgD -0.008 omg  +0.00 loop   5141
[0mBatt=23.3 [0m[33mODOM [31mVisionX  +0.00 Y  +0.00 theta   +0.0 elt    0 [0mimu  -0.3 Dt 6946 LtCy 3473 integ.govd   +0.00   +0.00 integ.vbp +0.00 +0.00 omni.gos X     +0.0 ,Y     +0.0. omgD +0.001 omg  +0.00 loop   5140
[0mBatt=23.3 [0m[33mODOM [31mVisionX  +0.00 Y  +0.00 theta   +0.0 elt    0 [0mimu  -0.3 Dt 6962 LtCy 3481 integ.govd   +0.00   +0.00 integ.vbp +0.00 +0.00 omni.gos X     +0.0 ,Y     -0.1. omgD -0.008 omg  +0.00 loop   5127
[0mBatt=23.3 [0m[33mODOM [31mVisionX  +0.00 Y  +0.00 theta   +0.0 elt    0 [0mimu  -0.3 Dt 6978 LtCy 3489 integ.govd   +0.00   +0.00 integ.vbp +0.00 +0.00 omni.gos X     +0.0 ,Y     -0.2. omgD -0.012 omg  +0.00 loop   5145
[0mBatt=23.3 [0m[33mODOM [31mVisionX  +0.00 Y  +0.00 theta   +0.0 elt    0 [0mimu  -0.3 Dt 6994 LtCy 3497 integ.govd   +0.00   +0.00 integ.vbp +0.00 +0.00 omni.gos X     +0.0 ,Y     -0.1. omgD -0.008 omg  +0.00 loop   5139
[0mBatt=23.3 [0m[33mODOM [31mVisionX  +0.00 Y  +0.00 theta   +0.0 elt    0 [0mimu  -0.3 Dt 7002 LtCy 3501 integ.govd   +0.00   +0.00 integ.vbp +0.00 +0.00 omni.gos X     +0.0 ,Y     -0.1. omgD -0.008 omg  +0.00 loop   2466
[0mBatt=23.3 [0m[33mODOM [31mVisionX  +0.00 Y  +0.00 theta   +0.0 elt    0 [0mimu  -0.3 Dt 7018 LtCy 3509 integ.govd   +0.00   +0.00 integ.vbp +0.00 +0.00 omni.gos X     +0.0 ,Y     -0.2. omgD -0.012 omg  +0.00 loop   4899
[0mBatt=23.3 [0m[33mODOM [31mVisionX  +0.00 Y  +0.00 theta   +0.0 elt    0 [0mimu  -0.3 Dt 7034 LtCy 3517 integ.govd   +0.00   +0.00 integ.vbp +0.00 +0.00 omni.gos X     +0.0 ,Y     -0.2. omgD -0.012 omg  +0.00 loop   4612
[0mBatt=23.3 [0m[33mODOM [31mVisionX  +0.00 Y  +0.00 theta   +0.0 elt    0 [0mimu  -0.3 Dt 7050 LtCy 3525 integ.govd   +0.00   +0.00 integ.vbp +0.00 +0.00 omni.gos X     +0.0 ,Y     -0.1. omgD -0.008 omg  +0.00 loop   4589
[0mBatt=23.3 [0m[33mODOM [31mVisionX  +0.00 Y  +0.00 theta   +0.0 elt    0 [0mimu  -0.3 Dt 7066 LtCy 3533 integ.govd   +0.00   +0.00 integ.vbp +0.00 +0.00 omni.gos X     +0.0 ,Y     -0.1. omgD -0.008 omg  +0.00 loop   4597
[0mBatt=23.3 [0m[33mODOM [31mVisionX  +0.00 Y  +0.00 theta   +0.0 elt    0 [0mimu  -0.3 Dt 7082 LtCy 3541 integ.govd   +0.00   +0.00 integ.vbp +0.00 +0.00 omni.gos X     +0.0 ,Y     -0.1. omgD -0.008 omg  +0.00 loop   4598
[0mBatt=23.3 [0m[33mODOM [31mVisionX  +0.00 Y  +0.00 theta   +0.0 elt    0 [0mimu  -0.3 Dt 7098 LtCy 3549 integ.govd   +0.00   +0.00 integ.vbp +0.00 +0.00 omni.gos X     +0.0 ,Y     -0.2. omgD -0.012 omg  +0.00 loop   4608
[0mBatt=23.3 [0m[33mODOM [31mVisionX  +0.00 Y  +0.00 theta   +0.0 elt    0 [0mimu  -0.3 Dt 7114 LtCy 3557 integ.govd   +0.00   +0.00 integ.vbp +0.00 +0.00 omni.gos X     +0.0 ,Y     -0.2. omgD -0.016 omg  +0.00 loop   4574
[0mBatt=23.3 [0m[33mODOM [31mVisionX  +0.00 Y  +0.00 theta   +0.0 elt    0 [0mimu  -0.3 Dt 7130 LtCy 3565 integ.govd   +0.00   +0.00 integ.vbp +0.00 +0.00 omni.gos X     +0.0 ,Y     -0.0. omgD -0.003 omg  +0.00 loop   4603
[0mBatt=23.3 [0m[33mODOM [31mVisionX  +0.00 Y  +0.00 theta   +0.0 elt    0 [0mimu  -0.3 Dt 7146 LtCy 3573 integ.govd   +0.00   +0.00 integ.vbp +0.00 +0.00 omni.gos X     +0.0 ,Y     -0.1. omgD -0.008 omg  +0.00 loop   4616
[0mBatt=23.3 [0m[33mODOM [31mVisionX  +0.00 Y  +0.00 theta   +0.0 elt    0 [0mimu  -0.3 Dt 7162 LtCy 3581 integ.govd   +0.00   +0.00 integ.vbp +0.00 +0.00 omni.gos X     +0.0 ,Y     -0.0. omgD -0.003 omg  +0.00 loop   4575
[0mBatt=23.3 [0m[33mODOM [31mVisionX  +0.00 Y  +0.00 theta   +0.0 elt    0 [0mimu  -0.3 Dt    0 LtCy    0 integ.govd   +0.00   +0.00 integ.vbp +0.00 +0.00 omni.gos X     +0.0 ,Y     -0.1. omgD -0.008 omg  +0.00 loop   4470
[0mBatt=23.3 [0m[33mODOM [31mVisionX  +0.00 Y  +0.00 theta   +0.0 elt    0 [0mimu  -0.3 Dt    4 LtCy    2 integ.govd   +0.00   -0.00 integ.vbp +0.00 -0.00 omni.gos X     +0.0 ,Y     -0.1. omgD -0.008 omg  +0.00 loop   4517
[0mBatt=23.3 [0m[33mODOM [31mVisionX  +0.00 Y  +0.00 theta   +0.0 elt    0 [0mimu  -0.3 Dt    2 LtCy    1 integ.govd   +0.00   +0.00 integ.vbp +0.00 +0.00 omni.gos X     +0.0 ,Y     +0.0. omgD +0.001 omg  +0.00 loop   4433
[0mBatt=23.3 [0m[33mODOM [31mVisionX  +0.00 Y  +0.00 theta   +0.0 elt    0 [0mimu  -0.3 Dt    6 LtCy    3 integ.govd   +0.00   -0.00 integ.vbp +0.00 -0.00 omni.gos X     +0.0 ,Y     -0.1. omgD -0.008 omg  +0.00 loop   4496
[0mBatt=23.3 [0m[33mODOM [31mVisionX  +0.00 Y  +0.00 theta   +0.0 elt    0 [0mimu  -0.3 Dt    4 LtCy    2 integ.govd   +0.00   -0.00 integ.vbp +0.00 -0.00 omni.gos X     +0.0 ,Y     -0.0. omgD -0.003 omg  +0.00 loop   4443
[0mBatt=23.3 [0m[33mODOM [31mVisionX  +0.00 Y  +0.00 theta   +0.0 elt    0 [0mimu  -0.3 Dt    0 LtCy    0 integ.govd   +0.00   +0.00 integ.vbp +0.00 +0.00 omni.gos X     +0.0 ,Y     -0.0. omgD -0.003 omg  +0.00 loop   4438
[0mBatt=23.3 [0m[33mODOM [31mVisionX  +0.00 Y  +0.00 theta   +0.0 elt    0 [0mimu  -0.3 Dt    6 LtCy    3 integ.govd   +0.00   -0.00 integ.vbp +0.00 -0.00 omni.gos X     +0.0 ,Y     -0.1. omgD -0.008 omg  +0.00 loop   4504
[0mBatt=23.3 [0m[33mODOM [31mVisionX  +0.00 Y  +0.00 theta   +0.0 elt    0 [0mimu  -0.3 Dt    2 LtCy    1 integ.govd   +0.00   -0.00 integ.vbp +0.00 -0.00 omni.gos X     +0.0 ,Y     -0.2. omgD -0.012 omg  +0.00 loop   4451
[0mBatt=23.3 [0m[33mODOM [31mVisionX  +0.00 Y  +0.00 theta   +0.0 elt    0 [0mimu  -0.3 Dt    8 LtCy    4 integ.govd   +0.00   -0.00 integ.vbp +0.00 -0.00 omni.gos X     +0.0 ,Y     -0.1. omgD -0.008 omg  +0.00 loop   4509
[0mBatt=23.3 [0m[33mODOM [31mVisionX  +0.00 Y  +0.00 theta   +0.0 elt    0 [0mimu  -0.3 Dt    2 LtCy    1 integ.govd   +0.00   -0.00 integ.vbp +0.00 -0.00 omni.gos X     +0.0 ,Y     -0.1. omgD -0.008 omg  +0.00 loop   4415
[0mBatt=23.3 [0m[33mODOM [31mVisionX  +0.00 Y  +0.00 theta   +0.0 elt    0 [0mimu  -0.3 Dt   10 LtCy    5 integ.govd   +0.00   -0.00 integ.vbp +0.00 -0.00 omni.gos X     +0.0 ,Y     -0.1. omgD -0.008 omg  +0.00 loop   4462
[0mBatt=23.3 [0m[33mODOM [31mVisionX  +0.00 Y  +0.00 theta   +0.0 elt    0 [0mimu  -0.3 Dt    6 LtCy    3 integ.govd   -0.00   -0.00 integ.vbp -0.00 -0.00 omni.gos X     +0.0 ,Y     -0.1. omgD -0.008 omg  +0.00 loop   4489
[0mBatt=23.3 [0m[33mODOM [31mVisionX  +0.00 Y  +0.00 theta   +0.0 elt    0 [0mimu  -0.3 Dt    2 LtCy    1 integ.govd   +0.00   -0.00 integ.vbp +0.00 -0.00 omni.gos X     +0.0 ,Y     -0.0. omgD -0.003 omg  +0.00 loop   4399
[0mBatt=23.3 [0m[33mODOM [31mVisionX  +0.00 Y  +0.00 theta   +0.0 elt    0 [0mimu  -0.3 Dt    8 LtCy    4 integ.govd   -0.00   -0.00 integ.vbp -0.00 -0.00 omni.gos X     +0.0 ,Y     -0.1. omgD -0.008 omg  +0.00 loop   4505
[0mBatt=23.3 [0m[33mODOM [31mVisionX  +0.00 Y  +0.00 theta   +0.0 elt    0 [0mimu  -0.3 Dt    4 LtCy    2 integ.govd   +0.00   -0.00 integ.vbp +0.00 -0.00 omni.gos X     +0.0 ,Y     -0.1. omgD -0.008 omg  +0.00 loop   4430
[0mBatt=23.3 [0m[33mODOM [31mVisionX  +0.00 Y  +0.00 theta   +0.0 elt    0 [0mimu  -0.3 Dt    0 LtCy    0 integ.govd   +0.00   +0.00 integ.vbp +0.00 +0.00 omni.gos X     -0.0 ,Y     -0.2. omgD -0.012 omg  +0.00 loop   4433
[0mBatt=23.3 [0m[33mODOM [31mVisionX  +0.00 Y  +0.00 theta   +0.0 elt    0 [0mimu  -0.3 Dt    6 LtCy    3 integ.govd   +0.00   -0.00 integ.vbp +0.00 -0.00 omni.gos X     +0.0 ,Y     -0.1. omgD -0.008 omg  +0.00 loop   4510
[0mBatt=23.3 [0m[33mODOM [31mVisionX  +0.00 Y  +0.00 theta   +0.0 elt    0 [0mimu  -0.3 Dt    2 LtCy    1 integ.govd   +0.00   -0.00 integ.vbp +0.00 -0.00 omni.gos X     +0.0 ,Y     -0.1. omgD -0.008 omg  +0.00 loop   4441
[0mBatt=23.3 [0m[33mODOM [31mVisionX  +0.00 Y  +0.00 theta   +0.0 elt    0 [0mimu  -0.3 Dt    8 LtCy    4 integ.govd   +0.00   -0.00 integ.vbp +0.00 -0.00 omni.gos X     +0.0 ,Y     -0.1. omgD -0.008 omg  +0.00 loop   4511
[0mBatt=23.3 [0m[33mODOM [31mVisionX  +0.00 Y  +0.00 theta   +0.0 elt    0 [0mimu  -0.3 Dt    4 LtCy    2 integ.govd   +0.00   -0.00 integ.vbp +0.00 -0.00 omni.gos X     +0.0 ,Y     -0.1. omgD -0.008 omg  +0.00 loop   4399
[0mBatt=23.3 [0m[33mODOM [31mVisionX  +0.00 Y  +0.00 theta   +0.0 elt    0 [0mimu  -0.3 Dt    0 LtCy    0 integ.govd   +0.00   +0.00 integ.vbp +0.00 +0.00 omni.gos X     +0.0 ,Y     -0.1. omgD -0.008 omg  +0.00 loop   4434
[0mBatt=23.3 [0m[33mODOM [31mVisionX  +0.00 Y  +0.00 theta   +0.0 elt    0 [0mimu  -0.3 Dt    6 LtCy    3 integ.govd   +0.00   -0.00 integ.vbp +0.00 -0.00 omni.gos X     +0.0 ,Y     -0.0. omgD -0.003 omg  +0.00 loop   4530
[0mBatt=23.3 [0m[33mODOM [31mVisionX  +0.00 Y  +0.00 theta   +0.0 elt    0 [0mimu  -0.3 Dt    2 LtCy    1 integ.govd   +0.00   +0.00 integ.vbp +0.00 +0.00 omni.gos X     +0.0 ,Y     +0.0. omgD +0.001 omg  +0.00 loop   4397
[0mBatt=23.3 [0m[33mODOM [31mVisionX  +0.00 Y  +0.00 theta   +0.0 elt    0 [0mimu  -0.3 Dt    8 LtCy    4 integ.govd   +0.00   -0.00 integ.vbp +0.00 -0.00 omni.gos X     +0.0 ,Y     -0.0. omgD -0.003 omg  +0.00 loop   4509
[0mBatt=23.3 [0m[33mODOM [31mVisionX  +0.00 Y  +0.00 theta   +0.0 elt    0 [0mimu  -0.3 Dt    4 LtCy    2 integ.govd   +0.00   -0.00 integ.vbp +0.00 -0.00 omni.gos X     +0.0 ,Y     -0.1. omgD -0.008 omg  +0.00 loop   4428
[0mBatt=23.3 [0m[33mODOM [31mVisionX  +0.00 Y  +0.00 theta   +0.0 elt    0 [0mimu  -0.3 Dt    0 LtCy    0 integ.govd   +0.00   +0.00 integ.vbp +0.00 +0.00 omni.gos X     +0.0 ,Y     -0.2. omgD -0.012 omg  +0.00 loop   4421
[0mBatt=23.3 [0m[33mODOM [31mVisionX  +0.00 Y  +0.00 theta   +0.0 elt    0 [0mimu  -0.3 Dt    6 LtCy    3 integ.govd   -0.00   -0.00 integ.vbp -0.00 -0.00 omni.gos X     -0.0 ,Y     -0.2. omgD -0.012 omg  +0.00 loop   4520
[0mBatt=23.3 [0m[33mODOM [31mVisionX  +0.00 Y  +0.00 theta   +0.0 elt    0 [0mimu  -0.3 Dt    2 LtCy    1 integ.govd   +0.00   -0.00 integ.vbp +0.00 -0.00 omni.gos X     +0.0 ,Y     -0.0. omgD -0.003 omg  +0.00 loop   4379
[0mBatt=23.3 [0m[33mODOM [31mVisionX  +0.00 Y  +0.00 theta   +0.0 elt    0 [0mimu  -0.3 Dt   10 LtCy    5 integ.govd   +0.00   -0.00 integ.vbp +0.00 -0.00 omni.gos X     +0.0 ,Y     -0.1. omgD -0.008 omg  +0.00 loop   4485
[0mBatt=23.3 [0m[33mODOM [31mVisionX  +0.00 Y  +0.00 theta   +0.0 elt    0 [0mimu  -0.3 Dt    4 LtCy    2 integ.govd   +0.00   -0.00 integ.vbp +0.00 -0.00 omni.gos X     +0.0 ,Y     -0.0. omgD -0.003 omg  +0.00 loop   4437
[0mBatt=23.3 [0m[33mODOM [31mVisionX  +0.00 Y  +0.00 theta   +0.0 elt    0 [0mimu  -0.3 Dt    0 LtCy    0 integ.govd   +0.00   +0.00 integ.vbp +0.00 +0.00 omni.gos X     +0.0 ,Y     -0.2. omgD -0.012 omg  +0.00 loop   4437
[0mBatt=23.3 [0m[33mODOM [31mVisionX  +0.00 Y  +0.00 theta   +0.0 elt    0 [0mimu  -0.3 Dt    6 LtCy    3 integ.govd   -0.00   -0.00 integ.vbp -0.00 -0.00 omni.gos X     -0.0 ,Y     -0.0. omgD -0.003 omg  +0.00 loop   4520
[0mBatt=23.3 [0m[33mODOM [31mVisionX  +0.00 Y  +0.00 theta   +0.0 elt    0 [0mimu  -0.3 Dt    2 LtCy    1 integ.govd   +0.00   -0.00 integ.vbp +0.00 -0.00 omni.gos X     +0.0 ,Y     -0.2. omgD -0.012 omg  +0.00 loop   4388
[0mBatt=23.3 [0m[33mODOM [31mVisionX  +0.00 Y  +0.00 theta   +0.0 elt    0 [0mimu  -0.3 Dt    8 LtCy    4 integ.govd   +0.00   -0.00 integ.vbp +0.00 -0.00 omni.gos X     +0.0 ,Y     -0.1. omgD -0.008 omg  +0.00 loop   4475
[0mBatt=23.3 [0m[33mODOM [31mVisionX  +0.00 Y  +0.00 theta   +0.0 elt    0 [0mimu  -0.3 Dt    4 LtCy    2 integ.govd   +0.00   -0.00 integ.vbp +0.00 -0.00 omni.gos X     +0.0 ,Y     -0.0. omgD -0.003 omg  +0.00 loop   4478
[0mBatt=23.3 [0m[33mODOM [31mVisionX  +0.00 Y  +0.00 theta   +0.0 elt    0 [0mimu  -0.3 Dt    0 LtCy    0 integ.govd   +0.00   +0.00 integ.vbp +0.00 +0.00 omni.gos X     +0.0 ,Y     -0.2. omgD -0.012 omg  +0.00 loop   4407
[0mBatt=23.3 [0m[33mODOM [31mVisionX  +0.00 Y  +0.00 theta   +0.0 elt    0 [0mimu  -0.3 Dt    6 LtCy    3 integ.govd   +0.00   -0.00 integ.vbp +0.00 -0.00 omni.gos X     +0.0 ,Y     -0.0. omgD -0.003 omg  +0.00 loop   4514
[0mBatt=23.3 [0m[33mODOM [31mVisionX  +0.00 Y  +0.00 theta   +0.0 elt    0 [0mimu  -0.3 Dt    2 LtCy    1 integ.govd   +0.00   -0.00 integ.vbp +0.00 -0.00 omni.gos X     +0.0 ,Y     -0.0. omgD -0.003 omg  +0.00 loop   4441
[0mBatt=23.3 [0m[33mODOM [31mVisionX  +0.00 Y  +0.00 theta   +0.0 elt    0 [0mimu  -0.3 Dt    8 LtCy    4 integ.govd   +0.00   -0.00 integ.vbp +0.00 -0.00 omni.gos X     +0.0 ,Y     -0.1. omgD -0.008 omg  +0.00 loop   4458
[0mBatt=23.3 [0m[33mODOM [31mVisionX  +0.00 Y  +0.00 theta   +0.0 elt    0 [0mimu  -0.3 Dt    4 LtCy    2 integ.govd   +0.00   -0.00 integ.vbp +0.00 -0.00 omni.gos X     +0.0 ,Y     -0.1. omgD -0.010 omg  +0.00 loop   4448
[0mBatt=23.3 [0m[33mODOM [31mVisionX  +0.00 Y  +0.00 theta   +0.0 elt    0 [0mimu  -0.3 Dt    0 LtCy    0 integ.govd   +0.00   +0.00 integ.vbp +0.00 +0.00 omni.gos X     +0.0 ,Y     -0.1. omgD -0.010 omg  +0.00 loop   4439
[0mBatt=23.3 [0m[33mODOM [31mVisionX  +0.00 Y  +0.00 theta   +0.0 elt    0 [0mimu  -0.3 Dt    8 LtCy    4 integ.govd   -0.00   -0.00 integ.vbp -0.00 -0.00 omni.gos X     +0.0 ,Y     -0.1. omgD -0.010 omg  +0.00 loop   4519
[0mBatt=23.3 [0m[33mODOM [31mVisionX  +0.00 Y  +0.00 theta   +0.0 elt    0 [0mimu  -0.3 Dt    2 LtCy    1 integ.govd   +0.00   -0.00 integ.vbp +0.00 -0.00 omni.gos X     +0.0 ,Y     -0.0. omgD -0.003 omg  +0.00 loop   4379
[0mBatt=23.3 [0m[33mODOM [31mVisionX  +0.00 Y  +0.00 theta   +0.0 elt    0 [0mimu  -0.3 Dt    0 LtCy    0 integ.govd   +0.00   +0.00 integ.vbp +0.00 +0.00 omni.gos X     +0.0 ,Y     -0.2. omgD -0.012 omg  +0.00 loop   4447
[0mBatt=23.3 [0m[33mODOM [31mVisionX  +0.00 Y  +0.00 theta   +0.0 elt    0 [0mimu  -0.3 Dt    6 LtCy    3 integ.govd   -0.00   -0.00 integ.vbp -0.00 -0.00 omni.gos X     +0.0 ,Y     -0.1. omgD -0.008 omg  +0.00 loop   4530
[0mBatt=23.3 [0m[33mODOM [31mVisionX  +0.00 Y  +0.00 theta   +0.0 elt    0 [0mimu  -0.3 Dt    2 LtCy    1 integ.govd   +0.00   -0.00 integ.vbp +0.00 -0.00 omni.gos X     +0.0 ,Y     -0.1. omgD -0.008 omg  +0.00 loop   4398
[0mBatt=23.3 [0m[33mODOM [31mVisionX  +0.00 Y  +0.00 theta   +0.0 elt    0 [0mimu  -0.3 Dt    8 LtCy    4 integ.govd   +0.00   -0.00 integ.vbp +0.00 -0.00 omni.gos X     +0.0 ,Y     -0.1. omgD -0.005 omg  +0.00 loop   4518
[0mBatt=23.3 [0m[33mODOM [31mVisionX  +0.00 Y  +0.00 theta   +0.0 elt    0 [0mimu  -0.3 Dt    4 LtCy    2 integ.govd   +0.00   +0.00 integ.vbp +0.00 +0.00 omni.gos X     +0.0 ,Y     +0.0. omgD +0.001 omg  +0.00 loop   4442
[0mBatt=23.3 [0m[33mODOM [31mVisionX  +0.00 Y  +0.00 theta   +0.0 elt    0 [0mimu  -0.3 Dt    0 LtCy    0 integ.govd   +0.00   +0.00 integ.vbp +0.00 +0.00 omni.gos X     +0.0 ,Y     -0.0. omgD -0.001 omg  +0.00 loop   4430
[0mBatt=23.3 [0m[33mODOM [31mVisionX  +0.00 Y  +0.00 theta   +0.0 elt    0 [0mimu  -0.3 Dt    6 LtCy    3 integ.govd   +0.00   -0.00 integ.vbp +0.00 -0.00 omni.gos X     +0.0 ,Y     -0.0. omgD -0.003 omg  +0.00 loop   4522
[0mBatt=23.3 [0m[33mODOM [31mVisionX  +0.00 Y  +0.00 theta   +0.0 elt    0 [0mimu  -0.3 Dt    2 LtCy    1 integ.govd   +0.00   -0.00 integ.vbp +0.00 -0.00 omni.gos X     +0.0 ,Y     -0.1. omgD -0.008 omg  +0.00 loop   4440
[0mBatt=23.3 [0m[33mODOM [31mVisionX  +0.00 Y  +0.00 theta   +0.0 elt    0 [0mimu  -0.3 Dt    8 LtCy    4 integ.govd   +0.00   -0.00 integ.vbp +0.00 -0.00 omni.gos X     +0.0 ,Y     -0.1. omgD -0.010 omg  +0.00 loop   4496
[0mBatt=23.3 [0m[33mODOM [31mVisionX  +0.00 Y  +0.00 theta   +0.0 elt    0 [0mimu  -0.3 Dt    6 LtCy    3 integ.govd   +0.00   -0.00 integ.vbp +0.00 -0.00 omni.gos X     +0.0 ,Y     -0.1. omgD -0.010 omg  +0.00 loop   2107
[0mBatt=23.3 [0m[33mODOM [31mVisionX  +0.00 Y  +0.00 theta   +0.0 elt    0 [0mimu  -0.3 Dt    2 LtCy    1 integ.govd   -0.00   -0.00 integ.vbp -0.00 -0.00 omni.gos X     -0.0 ,Y     -0.0. omgD -0.003 omg  +0.00 loop   4438
[0mBatt=23.3 [0m[33mODOM [31mVisionX  +0.00 Y  +0.00 theta   +0.0 elt    0 [0mimu  -0.3 Dt    8 LtCy    4 integ.govd   +0.00   -0.00 integ.vbp +0.00 -0.00 omni.gos X     -0.0 ,Y     -0.1. omgD -0.005 omg  +0.00 loop   4488
[0mBatt=23.3 [0m[33mODOM [31mVisionX  +0.00 Y  +0.00 theta   +0.0 elt    0 [0mimu  -0.3 Dt    4 LtCy    2 integ.govd   +0.00   -0.00 integ.vbp +0.00 -0.00 omni.gos X     +0.0 ,Y     -0.0. omgD -0.001 omg  +0.00 loop   4402
[0mBatt=23.3 [0m[33mODOM [31mVisionX  +0.00 Y  +0.00 theta   +0.0 elt    0 [0mimu  -0.3 Dt    0 LtCy    0 integ.govd   +0.00   +0.00 integ.vbp +0.00 +0.00 omni.gos X     +0.0 ,Y     -0.1. omgD -0.005 omg  +0.00 loop   4432
[0mBatt=23.3 [0m[33mODOM [31mVisionX  +0.00 Y  +0.00 theta   +0.0 elt    0 [0mimu  -0.3 Dt    8 LtCy    4 integ.govd   +0.00   -0.00 integ.vbp +0.00 -0.00 omni.gos X     +0.0 ,Y     -0.1. omgD -0.005 omg  +0.00 loop   4521
[0mBatt=23.3 [0m[33mODOM [31mVisionX  +0.00 Y  +0.00 theta   +0.0 elt    0 [0mimu  -0.3 Dt    2 LtCy    1 integ.govd   +0.00   +0.00 integ.vbp +0.00 +0.00 omni.gos X     +0.0 ,Y     +0.0. omgD +0.001 omg  +0.00 loop   4429
[0mBatt=23.3 [0m[33mODOM [31mVisionX  +0.00 Y  +0.00 theta   +0.0 elt    0 [0mimu  -0.3 Dt   10 LtCy    5 integ.govd   +0.00   +0.00 integ.vbp +0.00 +0.00 omni.gos X     +0.0 ,Y     -0.1. omgD -0.005 omg  +0.00 loop   4464
[0mBatt=23.3 [0m[33mODOM [31mVisionX  +0.00 Y  +0.00 theta   +0.0 elt    0 [0mimu  -0.3 Dt    6 LtCy    3 integ.govd   -0.00   -0.00 integ.vbp -0.00 -0.00 omni.gos X     +0.0 ,Y     -0.2. omgD -0.012 omg  +0.00 loop   4465
[0mBatt=23.3 [0m[33mODOM [31mVisionX  +0.00 Y  +0.00 theta   +0.0 elt    0 [0mimu  -0.3 Dt    0 LtCy    0 integ.govd   +0.00   +0.00 integ.vbp +0.00 +0.00 omni.gos X     +0.0 ,Y     -0.2. omgD -0.012 omg  +0.00 loop   4431
[0mBatt=23.3 [0m[33mODOM [31mVisionX  +0.00 Y  +0.00 theta   +0.0 elt    0 [0mimu  -0.3 Dt    8 LtCy    4 integ.govd   +0.00   -0.00 integ.vbp +0.00 -0.00 omni.gos X     +0.0 ,Y     -0.0. omgD -0.003 omg  +0.00 loop   4504
[0mBatt=23.3 [0mODOM [31mVisionX  +0.00 Y  +0.00 theta   +0.0 elt    0 [0mimu  -0.3 Dt    2 LtCy    1 integ.govd   +0.00   -0.00 integ.vbp +0.00 -0.00 omni.gos X     +0.0 ,Y     -0.0. omgD -0.003 omg  +0.00 loop   4458
[0mBatt=23.3 [0mODOM [31mVisionX  +0.00 Y  +0.00 theta   +0.0 elt    0 [0mimu  -0.3 Dt    8 LtCy    4 integ.govd   +0.00   -0.00 integ.vbp +0.00 -0.00 omni.gos X     +0.0 ,Y     -0.1. omgD -0.008 omg  +0.00 loop   4537
[0mBatt=23.3 [0mODOM [31mVisionX  +0.00 Y  +0.00 theta   +0.0 elt    0 [0mimu  -0.3 Dt    4 LtCy    2 integ.govd   +0.00   +0.00 integ.vbp +0.00 +0.00 omni.gos X     +0.0 ,Y     +0.0. omgD +0.001 omg  +0.00 loop   4449
[0mBatt=23.3 [0mODOM [31mVisionX  +0.00 Y  +0.00 theta   +0.0 elt    0 [0mimu  -0.3 Dt    0 LtCy    0 integ.govd   +0.00   +0.00 integ.vbp +0.00 +0.00 omni.gos X     +0.0 ,Y     -0.1. omgD -0.008 omg  +0.00 loop   4477
[0mBatt=23.3 [0mODOM [31mVisionX  +0.00 Y  +0.00 theta   +0.0 elt    0 [0mimu  -0.3 Dt    6 LtCy    3 integ.govd   +0.00   -0.00 integ.vbp +0.00 -0.00 omni.gos X     +0.0 ,Y     -0.1. omgD -0.008 omg  +0.00 loop   4560
[0mBatt=23.3 [0mODOM [31mVisionX  +0.00 Y  +0.00 theta   +0.0 elt    0 [0mimu  -0.3 Dt    2 LtCy    1 integ.govd   +0.00   -0.00 integ.vbp +0.00 -0.00 omni.gos X     +0.0 ,Y     -0.2. omgD -0.012 omg  +0.00 loop   4451
[0mBatt=23.3 [0mODOM [31mVisionX  +0.00 Y  +0.00 theta   +0.0 elt    0 [0mimu  -0.3 Dt    8 LtCy    4 integ.govd   +0.01   -0.01 integ.vbp +0.00 -0.00 omni.gos X     +0.0 ,Y     -0.3. omgD -0.020 omg  +0.00 loop   4534
[0mBatt=23.3 [0mODOM [31mVisionX  +0.00 Y  +0.00 theta   +0.0 elt    0 [0mimu  -0.3 Dt    4 LtCy    2 integ.govd   +0.01   -0.01 integ.vbp +0.00 -0.00 omni.gos X     +0.0 ,Y     -0.1. omgD -0.008 omg  +0.00 loop   4449
[0mBatt=23.3 [0mODOM [31mVisionX  +0.00 Y  +0.00 theta   +0.0 elt    0 [0mimu  -0.3 Dt    0 LtCy    0 integ.govd   +0.00   +0.00 integ.vbp +0.00 +0.00 omni.gos X     +0.0 ,Y     -0.3. omgD -0.020 omg  +0.00 loop   4454
[0mBatt=23.3 [0mODOM [31mVisionX  +0.00 Y  +0.00 theta   +0.0 elt    0 [0mimu  -0.3 Dt    4 LtCy    2 integ.govd   +0.00   -0.00 integ.vbp +0.00 -0.00 omni.gos X     +0.0 ,Y     -0.3. omgD -0.020 omg  +0.00 loop   4528
[0mBatt=23.3 [0mODOM [31mVisionX  +0.00 Y  +0.00 theta   +0.0 elt    0 [0mimu  -0.3 Dt    0 LtCy    0 integ.govd   +0.00   +0.00 integ.vbp +0.00 +0.00 omni.gos X     +0.0 ,Y     -0.0. omgD -0.003 omg  +0.00 loop   4472
[0mBatt=23.3 [0mODOM [31mVisionX  +0.00 Y  +0.00 theta   +0.0 elt    0 [0mimu  -0.3 Dt    6 LtCy    3 integ.govd   +0.01   +0.01 integ.vbp +0.00 +0.00 omni.gos X     +0.0 ,Y     +0.2. omgD +0.014 omg  +0.00 loop   4552
[0mBatt=23.3 [0mODOM [31mVisionX  +0.00 Y  +0.00 theta   +0.0 elt    0 [0mimu  -0.3 Dt    2 LtCy    1 integ.govd   +0.00   -0.00 integ.vbp +0.00 -0.00 omni.gos X     +0.0 ,Y     -0.1. omgD -0.008 omg  +0.00 loop   4426
[0mBatt=23.3 [0mODOM [31mVisionX  +0.00 Y  +0.00 theta   +0.0 elt    0 [0mimu  -0.3 Dt    8 LtCy    4 integ.govd   -0.00   -0.00 integ.vbp -0.00 -0.00 omni.gos X     +0.0 ,Y     -0.2. omgD -0.012 omg  +0.00 loop   4541
[0mBatt=23.3 [0mODOM [31mVisionX  +0.00 Y  +0.00 theta   +0.0 elt    0 [0mimu  -0.3 Dt    4 LtCy    2 integ.govd   -0.01   -0.01 integ.vbp -0.00 -0.00 omni.gos X     +0.0 ,Y     -0.2. omgD -0.012 omg  +0.00 loop   4445
[0mBatt=23.3 [0mODOM [31mVisionX  +0.00 Y  +0.00 theta   +0.0 elt    0 [0mimu  -0.3 Dt    0 LtCy    0 integ.govd   +0.00   +0.00 integ.vbp +0.00 +0.00 omni.gos X     +0.0 ,Y     -0.0. omgD -0.003 omg  +0.00 loop   4440
[0mBatt=23.3 [0mODOM [31mVisionX  +0.00 Y  +0.00 theta   +0.0 elt    0 [0mimu  -0.4 Dt    6 LtCy    3 integ.govd   -0.01   -0.01 integ.vbp -0.00 -0.00 omni.gos X     -3.8 ,Y     -3.9. omgD -0.008 omg  +0.00 loop   4549
[0mBatt=23.3 [0mODOM [31mVisionX  +0.00 Y  +0.00 theta   +0.0 elt    0 [0mimu  -0.4 Dt    0 LtCy    0 integ.govd   +0.00   +0.00 integ.vbp +0.00 +0.00 omni.gos X     +0.0 ,Y     -0.1. omgD -0.008 omg  +0.00 loop   4446
[0mBatt=23.3 [0mODOM [31mVisionX  +0.00 Y  +0.00 theta   +0.0 elt    0 [0mimu  -0.4 Dt    8 LtCy    4 integ.govd   -0.01   -0.01 integ.vbp -0.00 -0.00 omni.gos X     -3.8 ,Y     -3.9. omgD -0.008 omg  +0.00 loop   4546
[0mBatt=23.3 [0mODOM [31mVisionX  +0.00 Y  +0.00 theta   +0.0 elt    0 [0mimu  -0.4 Dt    2 LtCy    1 integ.govd   +0.00   -0.00 integ.vbp +0.00 -0.00 omni.gos X     +0.0 ,Y     -0.2. omgD -0.012 omg  +0.00 loop   4443
[0mBatt=23.3 [0mODOM [31mVisionX  +0.00 Y  +0.00 theta   +0.0 elt    0 [0mimu  -0.4 Dt   10 LtCy    5 integ.govd   -0.00   -0.00 integ.vbp -0.00 -0.00 omni.gos X     +0.0 ,Y     -0.1. omgD -0.008 omg  +0.00 loop   4487
[0mBatt=23.3 [0mODOM [31mVisionX  +0.00 Y  +0.00 theta   +0.0 elt    0 [0mimu  -0.4 Dt    6 LtCy    3 integ.govd   +0.00   -0.00 integ.vbp +0.00 -0.00 omni.gos X     +0.0 ,Y     +0.0. omgD +0.001 omg  +0.00 loop   4500
[0mBatt=23.3 [0mODOM [31mVisionX  +0.00 Y  +0.00 theta   +0.0 elt    0 [0mimu  -0.4 Dt    2 LtCy    1 integ.govd   +0.00   -0.00 integ.vbp +0.00 -0.00 omni.gos X     +0.0 ,Y     -0.3. omgD -0.020 omg  +0.00 loop   4450
[0mBatt=23.3 [0mODOM [31mVisionX  +0.00 Y  +0.00 theta   +0.0 elt    0 [0mimu  -0.4 Dt    8 LtCy    4 integ.govd   -0.00   -0.00 integ.vbp -0.00 -0.00 omni.gos X     +0.0 ,Y     -0.1. omgD -0.008 omg  +0.00 loop   4543
[0mBatt=23.3 [0mODOM [31mVisionX  +0.00 Y  +0.00 theta   +0.0 elt    0 [0mimu  -0.4 Dt    4 LtCy    2 integ.govd   -0.00   -0.00 integ.vbp -0.00 -0.00 omni.gos X     +0.0 ,Y     -0.2. omgD -0.012 omg  +0.00 loop   4444
[0mBatt=23.3 [0mODOM [31mVisionX  +0.00 Y  +0.00 theta   +0.0 elt    0 [0mimu  -0.4 Dt    0 LtCy    0 integ.govd   +0.00   +0.00 integ.vbp +0.00 +0.00 omni.gos X     +0.0 ,Y     +0.0. omgD +0.001 omg  +0.00 loop   4419
[0mBatt=23.3 [0mODOM [31mVisionX  +0.00 Y  +0.00 theta   +0.0 elt    0 [0mimu  -0.4 Dt    6 LtCy    3 integ.govd   +0.00   +0.00 integ.vbp +0.00 +0.00 omni.gos X     +0.0 ,Y     +0.2. omgD +0.018 omg  +0.00 loop   4556
[0mBatt=23.3 [0mODOM [31mVisionX  +0.00 Y  +0.00 theta   +0.0 elt    0 [0mimu  -0.4 Dt    2 LtCy    1 integ.govd   +0.00   +0.00 integ.vbp +0.00 +0.00 omni.gos X     +0.0 ,Y     +0.1. omgD +0.005 omg  +0.00 loop   4439
[0mBatt=23.3 [0mODOM [31mVisionX  +0.00 Y  +0.00 theta   +0.0 elt    0 [0mimu  -0.4 Dt    8 LtCy    4 integ.govd   +0.00   +0.00 integ.vbp +0.00 +0.00 omni.gos X     +0.0 ,Y     +0.2. omgD +0.014 omg  +0.00 loop   4527
[0mBatt=23.3 [0mODOM [31mVisionX  +0.00 Y  +0.00 theta   +0.0 elt    0 [0mimu  -0.4 Dt    4 LtCy    2 integ.govd   +0.00   -0.00 integ.vbp +0.00 -0.00 omni.gos X     +0.0 ,Y     -0.0. omgD -0.003 omg  +0.00 loop   4443
[0mBatt=23.3 [0mODOM [31mVisionX  +0.00 Y  +0.00 theta   +0.0 elt    0 [0mimu  -0.4 Dt    0 LtCy    0 integ.govd   +0.00   +0.00 integ.vbp +0.00 +0.00 omni.gos X     +0.0 ,Y     +0.1. omgD +0.009 omg  +0.00 loop   4476
[0mBatt=23.3 [0mODOM [31mVisionX  +0.00 Y  +0.00 theta   +0.0 elt    0 [0mimu  -0.4 Dt    6 LtCy    3 integ.govd   -0.01   -0.01 integ.vbp -0.00 -0.00 omni.gos X     +0.0 ,Y     -0.4. omgD -0.029 omg  +0.00 loop   4540
[0mBatt=23.3 [0mODOM [31mVisionX  +0.00 Y  +0.00 theta   +0.0 elt    0 [0mimu  -0.4 Dt    2 LtCy    1 integ.govd   +0.01   +0.01 integ.vbp +0.00 +0.00 omni.gos X     +3.8 ,Y     +3.6. omgD -0.012 omg  +0.00 loop   4435
[0mBatt=23.3 [0mODOM [31mVisionX  +0.00 Y  +0.00 theta   +0.0 elt    0 [0mimu  -0.4 Dt    8 LtCy    4 integ.govd   -0.01   -0.01 integ.vbp -0.00 -0.00 omni.gos X     +0.0 ,Y     +0.0. omgD +0.001 omg  +0.00 loop   4522
[0mBatt=23.3 [0mODOM [31mVisionX  +0.00 Y  +0.00 theta   +0.0 elt    0 [0mimu  -0.4 Dt    4 LtCy    2 integ.govd   +0.01   +0.01 integ.vbp +0.00 +0.00 omni.gos X     +3.8 ,Y     +3.8. omgD +0.001 omg  +0.00 loop   4451
[0mBatt=23.3 [0mODOM [31mVisionX  +0.00 Y  +0.00 theta   +0.0 elt    0 [0mimu  -0.4 Dt   10 LtCy    5 integ.govd   -0.01   -0.01 integ.vbp -0.00 -0.00 omni.gos X     +0.0 ,Y     -0.1. omgD -0.008 omg  +0.00 loop   4478
[0mBatt=23.3 [0mODOM [31mVisionX  +0.00 Y  +0.00 theta   +0.0 elt    0 [0mimu  -0.4 Dt    4 LtCy    2 integ.govd   +0.00   -0.00 integ.vbp +0.00 -0.00 omni.gos X     +0.0 ,Y     -0.2. omgD -0.016 omg  +0.00 loop   4463
[0mBatt=23.3 [0mODOM [31mVisionX  +0.00 Y  +0.00 theta   +0.0 elt    0 [0mimu  -0.4 Dt    0 LtCy    0 integ.govd   +0.00   +0.00 integ.vbp +0.00 +0.00 omni.gos X     +0.0 ,Y     -0.1. omgD -0.008 omg  +0.00 loop   4472
[0mBatt=23.3 [0mODOM [31mVisionX  +0.00 Y  +0.00 theta   +0.0 elt    0 [0mimu  -0.4 Dt    8 LtCy    4 integ.govd   +0.00   -0.00 integ.vbp +0.00 -0.00 omni.gos X     +0.0 ,Y     +0.0. omgD +0.001 omg  +0.00 loop   4527
[0mBatt=23.3 [0mODOM [31mVisionX  +0.00 Y  +0.00 theta   +0.0 elt    0 [0mimu  -0.4 Dt    2 LtCy    1 integ.govd   +0.00   -0.00 integ.vbp +0.00 -0.00 omni.gos X     +0.0 ,Y     -0.0. omgD -0.003 omg  +0.00 loop   4467
[0mBatt=23.3 [0mODOM [31mVisionX  +0.00 Y  +0.00 theta   +0.0 elt    0 [0mimu  -0.4 Dt    0 LtCy    0 integ.govd   +0.00   +0.00 integ.vbp +0.00 +0.00 omni.gos X     +0.0 ,Y     +0.0. omgD +0.001 omg  +0.00 loop   4473
[0mBatt=23.3 [0mODOM [31mVisionX  +0.00 Y  +0.00 theta   +0.0 elt    0 [0mimu  -0.4 Dt    6 LtCy    3 integ.govd   +0.00   -0.00 integ.vbp +0.00 -0.00 omni.gos X     +0.0 ,Y     -0.2. omgD -0.012 omg  +0.00 loop   4537
[0mBatt=23.3 [0mODOM [31mVisionX  +0.00 Y  +0.00 theta   +0.0 elt    0 [0mimu  -0.4 Dt    2 LtCy    1 integ.govd   +0.00   -0.00 integ.vbp +0.00 -0.00 omni.gos X     +0.0 ,Y     -0.0. omgD -0.003 omg  +0.00 loop   4458
[0mBatt=23.3 [0mODOM [31mVisionX  +0.00 Y  +0.00 theta   +0.0 elt    0 [0mimu  -0.4 Dt    8 LtCy    4 integ.govd   -0.00   -0.00 integ.vbp -0.00 -0.00 omni.gos X     +0.0 ,Y     -0.0. omgD -0.003 omg  +0.00 loop   4537
[0mBatt=23.3 [0mODOM [31mVisionX  +0.00 Y  +0.00 theta   +0.0 elt    0 [0mimu  -0.4 Dt    4 LtCy    2 integ.govd   +0.00   -0.00 integ.vbp +0.00 -0.00 omni.gos X     +0.0 ,Y     -0.1. omgD -0.008 omg  +0.00 loop   4460
[0mBatt=23.3 [0mODOM [31mVisionX  +0.00 Y  +0.00 theta   +0.0 elt    0 [0mimu  -0.4 Dt    0 LtCy    0 integ.govd   +0.00   +0.00 integ.vbp +0.00 +0.00 omni.gos X     +0.0 ,Y     -0.2. omgD -0.012 omg  +0.00 loop   4438
[0mBatt=23.3 [0mODOM [31mVisionX  +0.00 Y  +0.00 theta   +0.0 elt    0 [0mimu  -0.4 Dt    6 LtCy    3 integ.govd   +0.00   -0.00 integ.vbp +0.00 -0.00 omni.gos X     +0.0 ,Y     -0.2. omgD -0.016 omg  +0.00 loop   4553
[0mBatt=23.3 [0mODOM [31mVisionX  +0.00 Y  +0.00 theta   +0.0 elt    0 [0mimu  -0.4 Dt    2 LtCy    1 integ.govd   +0.00   -0.00 integ.vbp +0.00 -0.00 omni.gos X     +0.0 ,Y     -0.1. omgD -0.008 omg  +0.00 loop   4471
[0mBatt=23.3 [0mODOM [31mVisionX  +0.00 Y  +0.00 theta   +0.0 elt    0 [0mimu  -0.4 Dt    8 LtCy    4 integ.govd   -0.00   -0.00 integ.vbp -0.00 -0.00 omni.gos X     +0.0 ,Y     -0.2. omgD -0.016 omg  +0.00 loop   4506
[0mBatt=23.3 [0mODOM [31mVisionX  +0.00 Y  +0.00 theta   +0.0 elt    0 [0mimu  -0.4 Dt    4 LtCy    2 integ.govd   +0.00   -0.00 integ.vbp +0.00 -0.00 omni.gos X     +0.0 ,Y     -0.1. omgD -0.008 omg  +0.00 loop   4443
[0mBatt=23.3 [0mODOM [31mVisionX  +0.00 Y  +0.00 theta   +0.0 elt    0 [0mimu  -0.4 Dt    0 LtCy    0 integ.govd   +0.00   +0.00 integ.vbp +0.00 +0.00 omni.gos X     +0.0 ,Y     -0.0. omgD -0.003 omg  +0.00 loop   4466
[0mBatt=23.3 [0mODOM [31mVisionX  +0.00 Y  +0.00 theta   +0.0 elt    0 [0mimu  -0.4 Dt    6 LtCy    3 integ.govd   -0.00   -0.00 integ.vbp -0.00 -0.00 omni.gos X     +0.0 ,Y     -0.2. omgD -0.012 omg  +0.00 loop   4530
[0mBatt=23.3 [0mODOM [31mVisionX  +0.00 Y  +0.00 theta   +0.0 elt    0 [0mimu  -0.4 Dt    4 LtCy    2 integ.govd   +0.00   -0.00 integ.vbp +0.00 -0.00 omni.gos X     +0.0 ,Y     -0.1. omgD -0.008 omg  +0.00 loop   2122
[0mBatt=23.3 [0mODOM [31mVisionX  +0.00 Y  +0.00 theta   +0.0 elt    0 [0mimu  -0.4 Dt    0 LtCy    0 integ.govd   +0.00   +0.00 integ.vbp +0.00 +0.00 omni.gos X     +0.0 ,Y     -0.1. omgD -0.008 omg  +0.00 loop   4461
[0mBatt=23.3 [0mODOM [31mVisionX  +0.00 Y  +0.00 theta   +0.0 elt    0 [0mimu  -0.4 Dt    6 LtCy    3 integ.govd   -0.00   -0.00 integ.vbp -0.00 -0.00 omni.gos X     -0.0 ,Y     -0.0. omgD -0.003 omg  +0.00 loop   4557
[0mBatt=23.3 [0mODOM [31mVisionX  +0.00 Y  +0.00 theta   +0.0 elt    0 [0mimu  -0.4 Dt    2 LtCy    1 integ.govd   +0.00   -0.00 integ.vbp +0.00 -0.00 omni.gos X     +0.0 ,Y     -0.2. omgD -0.016 omg  +0.00 loop   4419
[0mBatt=23.3 [0mODOM [31mVisionX  +0.00 Y  +0.00 theta   +0.0 elt    0 [0mimu  -0.4 Dt    8 LtCy    4 integ.govd   +0.00   -0.00 integ.vbp +0.00 -0.00 omni.gos X     +0.0 ,Y     -0.2. omgD -0.012 omg  +0.00 loop   4544
[0mBatt=23.3 [0mODOM [31mVisionX  +0.00 Y  +0.00 theta   +0.0 elt    0 [0mimu  -0.4 Dt    4 LtCy    2 integ.govd   +0.00   -0.00 integ.vbp +0.00 -0.00 omni.gos X     +0.0 ,Y     -0.0. omgD -0.003 omg  +0.00 loop   4463
[0mBatt=23.3 [0mODOM [31mVisionX  +0.00 Y  +0.00 theta   +0.0 elt    0 [0mimu  -0.4 Dt   10 LtCy    5 integ.govd   +0.00   -0.00 integ.vbp +0.00 -0.00 omni.gos X     +0.0 ,Y     -0.0. omgD -0.003 omg  +0.00 loop   4465
[0mBatt=23.3 [0mODOM [31mVisionX  +0.00 Y  +0.00 theta   +0.0 elt    0 [0mimu  -0.4 Dt    6 LtCy    3 integ.govd   +0.00   +0.00 integ.vbp +0.00 +0.00 omni.gos X     +0.0 ,Y     +0.0. omgD +0.001 omg  +0.00 loop   4506
[0mBatt=23.3 [0mODOM [31mVisionX  +0.00 Y  +0.00 theta   +0.0 elt    0 [0mimu  -0.4 Dt    0 LtCy    0 integ.govd   +0.00   +0.00 integ.vbp +0.00 +0.00 omni.gos X     +0.0 ,Y     -0.1. omgD -0.008 omg  +0.00 loop   4468
[0mBatt=23.3 [0mODOM [31mVisionX  +0.00 Y  +0.00 theta   +0.0 elt    0 [0mimu  -0.4 Dt    6 LtCy    3 integ.govd   -0.00   -0.00 integ.vbp -0.00 -0.00 omni.gos X     +0.0 ,Y     -0.3. omgD -0.020 omg  +0.00 loop   4532
[0mBatt=23.3 [0mODOM [31mVisionX  +0.00 Y  +0.00 theta   +0.0 elt    0 [0mimu  -0.4 Dt    2 LtCy    1 integ.govd   +0.00   -0.00 integ.vbp +0.00 -0.00 omni.gos X     +0.0 ,Y     -0.2. omgD -0.012 omg  +0.00 loop   4431
[0mBatt=23.3 [0mODOM [31mVisionX  +0.00 Y  +0.00 theta   +0.0 elt    0 [0mimu  -0.4 Dt    0 LtCy    0 integ.govd   +0.00   +0.00 integ.vbp +0.00 +0.00 omni.gos X     -0.0 ,Y     -0.0. omgD -0.003 omg  +0.00 loop   4473
[0mBatt=23.3 [0mODOM [31mVisionX  +0.00 Y  +0.00 theta   +0.0 elt    0 [0mimu  -0.4 Dt    4 LtCy    2 integ.govd   +0.00   +0.00 integ.vbp +0.00 +0.00 omni.gos X     +0.0 ,Y     +0.1. omgD +0.005 omg  +0.00 loop   4534
[0mBatt=23.3 [0mODOM [31mVisionX  +0.00 Y  +0.00 theta   +0.0 elt    0 [0mimu  -0.4 Dt    0 LtCy    0 integ.govd   +0.00   +0.00 integ.vbp +0.00 +0.00 omni.gos X     +0.0 ,Y     -0.1. omgD -0.008 omg  +0.00 loop   4439
[0mBatt=23.3 [0mODOM [31mVisionX  +0.00 Y  +0.00 theta   +0.0 elt    0 [0mimu  -0.4 Dt    6 LtCy    3 integ.govd   +0.00   -0.00 integ.vbp +0.00 -0.00 omni.gos X     +0.0 ,Y     -0.0. omgD -0.003 omg  +0.00 loop   4552
[0mBatt=23.3 [0mODOM [31mVisionX  +0.00 Y  +0.00 theta   +0.0 elt    0 [0mimu  -0.4 Dt    2 LtCy    1 integ.govd   +0.00   -0.00 integ.vbp +0.00 -0.00 omni.gos X     +0.0 ,Y     -0.0. omgD -0.003 omg  +0.00 loop   4461
[0mBatt=23.3 [0mODOM [31mVisionX  +0.00 Y  +0.00 theta   +0.0 elt    0 [0mimu  -0.4 Dt    8 LtCy    4 integ.govd   +0.00   -0.00 integ.vbp +0.00 -0.00 omni.gos X     +0.0 ,Y     -0.1. omgD -0.008 omg  +0.00 loop   4516
[0mBatt=23.3 [0mODOM [31mVisionX  +0.00 Y  +0.00 theta   +0.0 elt    0 [0mimu  -0.4 Dt    4 LtCy    2 integ.govd   +0.00   -0.00 integ.vbp +0.00 -0.00 omni.gos X     +0.0 ,Y     -0.0. omgD -0.001 omg  +0.00 loop   4451
[0mBatt=23.3 [0mODOM [31mVisionX  +0.00 Y  +0.00 theta   +0.0 elt    0 [0mimu  -0.4 Dt    0 LtCy    0 integ.govd   +0.00   +0.00 integ.vbp +0.00 +0.00 omni.gos X     +0.0 ,Y     -0.2. omgD -0.012 omg  +0.00 loop   4474
[0mBatt=23.3 [0mODOM [31mVisionX  +0.00 Y  +0.00 theta   +0.0 elt    0 [0mimu  -0.4 Dt    6 LtCy    3 integ.govd   +0.00   -0.00 integ.vbp +0.00 -0.00 omni.gos X     +0.0 ,Y     -0.0. omgD -0.003 omg  +0.00 loop   4532
[0mBatt=23.3 [0mODOM [31mVisionX  +0.00 Y  +0.00 theta   +0.0 elt    0 [0mimu  -0.4 Dt    2 LtCy    1 integ.govd   +0.00   -0.00 integ.vbp +0.00 -0.00 omni.gos X     +0.0 ,Y     -0.0. omgD -0.003 omg  +0.00 loop   4465
[0mBatt=23.3 [0mODOM [31mVisionX  +0.00 Y  +0.00 theta   +0.0 elt    0 [0mimu  -0.4 Dt    8 LtCy    4 integ.govd   +0.00   +0.00 integ.vbp +0.00 +0.00 omni.gos X     +0.0 ,Y     -0.0. omgD -0.001 omg  +0.00 loop   4538
[0mBatt=23.3 [0mODOM [31mVisionX  +0.00 Y  +0.00 theta   +0.0 elt    0 [0mimu  -0.4 Dt    4 LtCy    2 integ.govd   +0.00   -0.00 integ.vbp +0.00 -0.00 omni.gos X     +0.0 ,Y     -0.1. omgD -0.005 omg  +0.00 loop   4461
[0mBatt=23.3 [0mODOM [31mVisionX  +0.00 Y  +0.00 theta   +0.0 elt    0 [0mimu  -0.4 Dt    0 LtCy    0 integ.govd   +0.00   +0.00 integ.vbp +0.00 +0.00 omni.gos X     +0.0 ,Y     -0.0. omgD -0.003 omg  +0.00 loop   4445
[0mBatt=23.3 [0mODOM [31mVisionX  +0.00 Y  +0.00 theta   +0.0 elt    0 [0mimu  -0.4 Dt    6 LtCy    3 integ.govd   -0.00   -0.00 integ.vbp -0.00 -0.00 omni.gos X     +0.0 ,Y     -0.2. omgD -0.012 omg  +0.00 loop   4555
[0mBatt=23.3 [0mODOM [31mVisionX  +0.00 Y  +0.00 theta   +0.0 elt    0 [0mimu  -0.4 Dt    2 LtCy    1 integ.govd   +0.00   -0.00 integ.vbp +0.00 -0.00 omni.gos X     +0.0 ,Y     -0.1. omgD -0.008 omg  +0.00 loop   4463
[0mBatt=23.3 [0mODOM [31mVisionX  +0.00 Y  +0.00 theta   +0.0 elt    0 [0mimu  -0.4 Dt    8 LtCy    4 integ.govd   +0.00   -0.00 integ.vbp +0.00 -0.00 omni.gos X     +0.0 ,Y     -0.1. omgD -0.010 omg  +0.00 loop   4496
[0mBatt=23.3 [0mODOM [31mVisionX  +0.00 Y  +0.00 theta   +0.0 elt    0 [0mimu  -0.4 Dt    4 LtCy    2 integ.govd   +0.00   -0.00 integ.vbp +0.00 -0.00 omni.gos X     +0.0 ,Y     -0.1. omgD -0.005 omg  +0.00 loop   4474
[0mBatt=23.3 [0mODOM [31mVisionX  +0.00 Y  +0.00 theta   +0.0 elt    0 [0mimu  -0.4 Dt    0 LtCy    0 integ.govd   +0.00   +0.00 integ.vbp +0.00 +0.00 omni.gos X     +0.0 ,Y     +0.1. omgD +0.005 omg  +0.00 loop   4467
[0mBatt=23.3 [0mODOM [31mVisionX  +0.00 Y  +0.00 theta   +0.0 elt    0 [0mimu  -0.4 Dt    6 LtCy    3 integ.govd   +0.00   -0.00 integ.vbp +0.00 -0.00 omni.gos X     +0.0 ,Y     -0.0. omgD -0.003 omg  +0.00 loop   4521
[0mBatt=23.3 [0mODOM [31mVisionX  +0.00 Y  +0.00 theta   +0.0 elt    0 [0mimu  -0.4 Dt    2 LtCy    1 integ.govd   -0.00   -0.00 integ.vbp -0.00 -0.00 omni.gos X     -0.0 ,Y     -0.1. omgD -0.008 omg  +0.00 loop   4463
[0mBatt=23.3 [0mODOM [31mVisionX  +0.00 Y  +0.00 theta   +0.0 elt    0 [0mimu  -0.4 Dt    8 LtCy    4 integ.govd   -0.00   -0.00 integ.vbp -0.00 -0.00 omni.gos X     +0.0 ,Y     -0.1. omgD -0.010 omg  +0.00 loop   4443
[0mBatt=23.3 [0mODOM [31mVisionX  +0.00 Y  +0.00 theta   +0.0 elt    0 [0mimu  -0.4 Dt    4 LtCy    2 integ.govd   +0.00   -0.00 integ.vbp +0.00 -0.00 omni.gos X     +0.0 ,Y     -0.1. omgD -0.005 omg  +0.00 loop   4505
[0mBatt=23.3 [0mODOM [31mVisionX  +0.00 Y  +0.00 theta   +0.0 elt    0 [0mimu  -0.4 Dt    0 LtCy    0 integ.govd   +0.00   +0.00 integ.vbp +0.00 +0.00 omni.gos X     +0.0 ,Y     +0.0. omgD +0.001 omg  +0.00 loop   4442
[0mBatt=23.3 [0mODOM [31mVisionX  +0.00 Y  +0.00 theta   +0.0 elt    0 [0mimu  -0.4 Dt    6 LtCy    3 integ.govd   +0.00   -0.00 integ.vbp +0.00 -0.00 omni.gos X     +0.0 ,Y     -0.0. omgD -0.003 omg  +0.00 loop   4564
[0mBatt=23.3 [0mODOM [31mVisionX  +0.00 Y  +0.00 theta   +0.0 elt    0 [0mimu  -0.4 Dt    2 LtCy    1 integ.govd   +0.00   -0.00 integ.vbp +0.00 -0.00 omni.gos X     +0.0 ,Y     -0.2. omgD -0.014 omg  +0.00 loop   4452
[0mBatt=23.3 [0mODOM [31mVisionX  +0.00 Y  +0.00 theta   +0.0 elt    0 [0mimu  -0.4 Dt    8 LtCy    4 integ.govd   -0.00   -0.00 integ.vbp -0.00 -0.00 omni.gos X     +0.0 ,Y     -0.3. omgD -0.020 omg  +0.00 loop   4518
[0mBatt=23.3 [0mODOM [31mVisionX  +0.00 Y  +0.00 theta   +0.0 elt    0 [0mimu  -0.4 Dt    4 LtCy    2 integ.govd   +0.00   -0.00 integ.vbp +0.00 -0.00 omni.gos X     +0.0 ,Y     -0.2. omgD -0.012 omg  +0.00 loop   4443
[0mBatt=23.3 [0mODOM [31mVisionX  +0.00 Y  +0.00 theta   +0.0 elt    0 [0mimu  -0.4 Dt    0 LtCy    0 integ.govd   +0.00   +0.00 integ.vbp +0.00 +0.00 omni.gos X     +0.0 ,Y     -0.4. omgD -0.029 omg  +0.00 loop   4467
[0mBatt=23.3 [0mODOM [31mVisionX  +0.00 Y  +0.00 theta   +0.0 elt    0 [0mimu  -0.4 Dt    4 LtCy    2 integ.govd   +0.01   +0.01 integ.vbp +0.00 +0.00 omni.gos X     +0.0 ,Y     -0.0. omgD -0.003 omg  +0.00 loop   4527
[0mBatt=23.3 [0mODOM [31mVisionX  +0.00 Y  +0.00 theta   +0.0 elt    0 [0mimu  -0.4 Dt    0 LtCy    0 integ.govd   +0.00   +0.00 integ.vbp +0.00 +0.00 omni.gos X     +0.0 ,Y     +0.2. omgD +0.018 omg  +0.00 loop   4440
[0mBatt=23.3 [0mODOM [31mVisionX  +0.00 Y  +0.00 theta   +0.0 elt    0 [0mimu  -0.4 Dt    8 LtCy    4 integ.govd   +0.03   +0.00 integ.vbp +0.00 +0.00 omni.gos X     +3.8 ,Y     -4.4. omgD -0.042 omg  +0.00 loop   4557
[0mBatt=23.3 [0mODOM [31mVisionX  +0.00 Y  +0.00 theta   +0.0 elt    0 [0mimu  -0.4 Dt    2 LtCy    1 integ.govd   -0.00   -0.00 integ.vbp -0.00 -0.00 omni.gos X     -0.0 ,Y     -0.2. omgD -0.012 omg  +0.00 loop   4415
[0mBatt=23.3 [0mODOM [31mVisionX  +0.00 Y  +0.00 theta   +0.0 elt    0 [0mimu  -0.4 Dt    8 LtCy    4 integ.govd   +0.02   +0.01 integ.vbp +0.00 +0.00 omni.gos X     +3.8 ,Y     +4.1. omgD +0.026 omg  +0.00 loop   4504
[0mBatt=23.3 [0mODOM [31mVisionX  +0.00 Y  +0.00 theta   +0.0 elt    0 [0mimu  -0.4 Dt    4 LtCy    2 integ.govd   -0.00   -0.00 integ.vbp -0.00 -0.00 omni.gos X     -0.0 ,Y     -0.6. omgD -0.046 omg  +0.00 loop   4450
[0mBatt=23.3 [0mODOM [31mVisionX  +0.00 Y  +0.00 theta   +0.0 elt    0 [0mimu  -0.4 Dt   10 LtCy    5 integ.govd   -0.01   +0.01 integ.vbp -0.00 +0.00 omni.gos X     +0.0 ,Y     +0.0. omgD +0.001 omg  +0.00 loop   4457
[0mBatt=23.3 [0mODOM [31mVisionX  +0.00 Y  +0.00 theta   +0.0 elt    0 [0mimu  -0.4 Dt    6 LtCy    3 integ.govd   +0.00   -0.00 integ.vbp +0.00 -0.00 omni.gos X     +0.0 ,Y     +0.1. omgD +0.005 omg  +0.00 loop   4487
[0mBatt=23.3 [0mODOM [31mVisionX  +0.00 Y  +0.00 theta   +0.0 elt    0 [0mimu  -0.4 Dt    2 LtCy    1 integ.govd   +0.01   -0.01 integ.vbp +0.00 -0.00 omni.gos X     +3.8 ,Y     -4.1. omgD -0.020 omg  +0.00 loop   4464
[0mBatt=23.3 [0mODOM [31mVisionX  +0.00 Y  +0.00 theta   +0.0 elt    0 [0mimu  -0.4 Dt    8 LtCy    4 integ.govd   -0.01   +0.01 integ.vbp -0.00 +0.00 omni.gos X     +0.0 ,Y     +0.1. omgD +0.005 omg  +0.00 loop   4525
[0mBatt=23.3 [0mODOM [31mVisionX  +0.00 Y  +0.00 theta   +0.0 elt    0 [0mimu  -0.4 Dt    2 LtCy    1 integ.govd   +0.00   +0.00 integ.vbp +0.00 +0.00 omni.gos X     +0.0 ,Y     +0.1. omgD +0.005 omg  +0.00 loop   4422
[0mBatt=23.3 [0mODOM [31mVisionX  +0.00 Y  +0.00 theta   +0.0 elt    0 [0mimu  -0.4 Dt    8 LtCy    4 integ.govd   -0.01   -0.01 integ.vbp -0.00 -0.00 omni.gos X     +0.0 ,Y     -0.3. omgD -0.025 omg  +0.00 loop   4461
[0mBatt=23.3 [0mODOM [31mVisionX  +0.00 Y  +0.00 theta   +0.0 elt    0 [0mimu  -0.4 Dt    4 LtCy    2 integ.govd   -0.01   +0.01 integ.vbp -0.00 +0.00 omni.gos X     -3.8 ,Y     +3.7. omgD -0.012 omg  +0.00 loop   4505
[0mBatt=23.3 [0mODOM [31mVisionX  +0.00 Y  +0.00 theta   +0.0 elt    0 [0mimu  -0.4 Dt    2 LtCy    1 integ.govd   +0.00   +0.00 integ.vbp +0.00 +0.00 omni.gos X     +0.0 ,Y     +0.0. omgD +0.001 omg  +0.00 loop   4423
[0mBatt=23.3 [0mODOM [31mVisionX  +0.00 Y  +0.00 theta   +0.0 elt    0 [0mimu  -0.4 Dt    6 LtCy    3 integ.govd   +0.01   -0.01 integ.vbp +0.00 -0.00 omni.gos X     +3.8 ,Y     -4.0. omgD -0.012 omg  +0.00 loop   4529
[0mBatt=23.3 [0mODOM [31mVisionX  +0.00 Y  +0.00 theta   +0.0 elt    0 [0mimu  -0.4 Dt    4 LtCy    2 integ.govd   +0.00   +0.00 integ.vbp +0.00 +0.00 omni.gos X     +0.0 ,Y     +0.1. omgD +0.005 omg  +0.00 loop   4443
[0mBatt=23.3 [0mODOM [31mVisionX  +0.00 Y  +0.00 theta   +0.0 elt    0 [0mimu  -0.4 Dt    0 LtCy    0 integ.govd   +0.00   +0.00 integ.vbp +0.00 +0.00 omni.gos X     +0.0 ,Y     +0.1. omgD +0.005 omg  +0.00 loop   4456
[0mBatt=23.3 [0mODOM [31mVisionX  +0.00 Y  +0.00 theta   +0.0 elt    0 [0mimu  -0.4 Dt    6 LtCy    3 integ.govd   +0.00   +0.00 integ.vbp +0.00 +0.00 omni.gos X     +0.0 ,Y     -0.0. omgD -0.003 omg  +0.00 loop   4533
[0mBatt=23.3 [0mODOM [31mVisionX  +0.00 Y  +0.00 theta   +0.0 elt    0 [0mimu  -0.4 Dt    2 LtCy    1 integ.govd   +0.00   -0.00 integ.vbp +0.00 -0.00 omni.gos X     +0.0 ,Y     -0.2. omgD -0.012 omg  +0.00 loop   4477
[0mBatt=23.3 [0mODOM [31mVisionX  +0.00 Y  +0.00 theta   +0.0 elt    0 [0mimu  -0.4 Dt    6 LtCy    3 integ.govd   +0.00   -0.00 integ.vbp +0.00 -0.00 omni.gos X     +0.0 ,Y     -0.1. omgD -0.008 omg  +0.00 loop   4522
[0mBatt=23.3 [0mODOM [31mVisionX  +0.00 Y  +0.00 theta   +0.0 elt    0 [0mimu  -0.4 Dt    2 LtCy    1 integ.govd   +0.00   -0.00 integ.vbp +0.00 -0.00 omni.gos X     +0.0 ,Y     -0.2. omgD -0.012 omg  +0.00 loop   4446
[0mBatt=23.3 [0mODOM [31mVisionX  +0.00 Y  +0.00 theta   +0.0 elt    0 [0mimu  -0.4 Dt    8 LtCy    4 integ.govd   -0.00   -0.00 integ.vbp -0.00 -0.00 omni.gos X     +0.0 ,Y     -0.1. omgD -0.008 omg  +0.00 loop   4538
[0mBatt=23.3 [0mODOM [31mVisionX  +0.00 Y  +0.00 theta   +0.0 elt    0 [0mimu  -0.4 Dt    4 LtCy    2 integ.govd   +0.00   +0.00 integ.vbp +0.00 +0.00 omni.gos X     +0.0 ,Y     +0.1. omgD +0.009 omg  +0.00 loop   4434
[0mBatt=23.3 [0mODOM [31mVisionX  +0.00 Y  +0.00 theta   +0.0 elt    0 [0mimu  -0.4 Dt    0 LtCy    0 integ.govd   +0.00   +0.00 integ.vbp +0.00 +0.00 omni.gos X     +0.0 ,Y     -0.0. omgD -0.003 omg  +0.00 loop   4444
[0mBatt=23.3 [0mODOM [31mVisionX  +0.00 Y  +0.00 theta   +0.0 elt    0 [0mimu  -0.4 Dt    8 LtCy    4 integ.govd   +0.00   -0.00 integ.vbp +0.00 -0.00 omni.gos X     +0.0 ,Y     -0.0. omgD -0.003 omg  +0.00 loop   2226
[0mBatt=23.3 [0mODOM [31mVisionX  +0.00 Y  +0.00 theta   +0.0 elt    0 [0mimu  -0.4 Dt    4 LtCy    2 integ.govd   +0.00   -0.00 integ.vbp +0.00 -0.00 omni.gos X     +0.0 ,Y     -0.1. omgD -0.008 omg  +0.00 loop   4453
[0mBatt=23.3 [0mODOM [31mVisionX  +0.00 Y  +0.00 theta   +0.0 elt    0 [0mimu  -0.4 Dt    0 LtCy    0 integ.govd   +0.00   +0.00 integ.vbp +0.00 +0.00 omni.gos X     +0.0 ,Y     -0.0. omgD -0.003 omg  +0.00 loop   4465
[0mBatt=23.3 [0mODOM [31mVisionX  +0.00 Y  +0.00 theta   +0.0 elt    0 [0mimu  -0.4 Dt    6 LtCy    3 integ.govd   +0.00   -0.00 integ.vbp +0.00 -0.00 omni.gos X     +0.0 ,Y     -0.2. omgD -0.012 omg  +0.00 loop   4528
[0mBatt=23.3 [0mODOM [31mVisionX  +0.00 Y  +0.00 theta   +0.0 elt    0 [0mimu  -0.4 Dt    2 LtCy    1 integ.govd   +0.00   -0.00 integ.vbp +0.00 -0.00 omni.gos X     +0.0 ,Y     -0.2. omgD -0.012 omg  +0.00 loop   4477
[0mBatt=23.3 [0mODOM [31mVisionX  +0.00 Y  +0.00 theta   +0.0 elt    0 [0mimu  -0.4 Dt    6 LtCy    3 integ.govd   -0.00   -0.00 integ.vbp -0.00 -0.00 omni.gos X     -0.0 ,Y     -0.1. omgD -0.008 omg  +0.00 loop   4530
[0mBatt=23.3 [0mODOM [31mVisionX  +0.00 Y  +0.00 theta   +0.0 elt    0 [0mimu  -0.4 Dt    2 LtCy    1 integ.govd   +0.00   -0.00 integ.vbp +0.00 -0.00 omni.gos X     +0.0 ,Y     -0.1. omgD -0.008 omg  +0.00 loop   4419
[0mBatt=23.3 [0mODOM [31mVisionX  +0.00 Y  +0.00 theta   +0.0 elt    0 [0mimu  -0.4 Dt    8 LtCy    4 integ.govd   -0.00   -0.00 integ.vbp -0.00 -0.00 omni.gos X     -0.0 ,Y     -0.2. omgD -0.016 omg  +0.00 loop   4535
[0mBatt=23.3 [0mODOM [31mVisionX  +0.00 Y  +0.00 theta   +0.0 elt    0 [0mimu  -0.4 Dt    4 LtCy    2 integ.govd   +0.00   +0.00 integ.vbp +0.00 +0.00 omni.gos X     +0.0 ,Y     +0.0. omgD +0.001 omg  +0.00 loop   4422
[0mBatt=23.3 [0mODOM [31mVisionX  +0.00 Y  +0.00 theta   +0.0 elt    0 [0mimu  -0.4 Dt    0 LtCy    0 integ.govd   +0.00   +0.00 integ.vbp +0.00 +0.00 omni.gos X     +0.0 ,Y     -0.1. omgD -0.008 omg  +0.00 loop   4455
[0mBatt=23.3 [0mODOM [31mVisionX  +0.00 Y  +0.00 theta   +0.0 elt    0 [0mimu  -0.4 Dt    6 LtCy    3 integ.govd   +0.00   -0.00 integ.vbp +0.00 -0.00 omni.gos X     +0.0 ,Y     -0.2. omgD -0.012 omg  +0.00 loop   4540
[0mBatt=23.3 [0mODOM [31mVisionX  +0.00 Y  +0.00 theta   +0.0 elt    0 [0mimu  -0.4 Dt    2 LtCy    1 integ.govd   +0.00   -0.00 integ.vbp +0.00 -0.00 omni.gos X     +0.0 ,Y     -0.1. omgD -0.008 omg  +0.00 loop   4462
[0mBatt=23.3 [0mODOM [31mVisionX  +0.00 Y  +0.00 theta   +0.0 elt    0 [0mimu  -0.4 Dt   10 LtCy    5 integ.govd   -0.00   -0.00 integ.vbp -0.00 -0.00 omni.gos X     +0.0 ,Y     -0.1. omgD -0.008 omg  +0.00 loop   4504
[0mBatt=23.3 [0mODOM [31mVisionX  +0.00 Y  +0.00 theta   +0.0 elt    0 [0mimu  -0.4 Dt    4 LtCy    2 integ.govd   +0.00   -0.00 integ.vbp +0.00 -0.00 omni.gos X     +0.0 ,Y     -0.1. omgD -0.008 omg  +0.00 loop   4454
[0mBatt=23.3 [0mODOM [31mVisionX  +0.00 Y  +0.00 theta   +0.0 elt    0 [0mimu  -0.4 Dt    0 LtCy    0 integ.govd   +0.00   +0.00 integ.vbp +0.00 +0.00 omni.gos X     +0.0 ,Y     -0.0. omgD -0.003 omg  +0.00 loop   4472
[0mBatt=23.3 [0mODOM [31mVisionX  +0.00 Y  +0.00 theta   +0.0 elt    0 [0mimu  -0.4 Dt    8 LtCy    4 integ.govd   -0.00   -0.00 integ.vbp -0.00 -0.00 omni.gos X     +0.0 ,Y     -0.2. omgD -0.016 omg  +0.00 loop   4547
[0mBatt=23.3 [0mODOM [31mVisionX  +0.00 Y  +0.00 theta   +0.0 elt    0 [0mimu  -0.4 Dt    2 LtCy    1 integ.govd   -0.00   -0.00 integ.vbp -0.00 -0.00 omni.gos X     -0.0 ,Y     -0.2. omgD -0.016 omg  +0.00 loop   4429
[0mBatt=23.3 [0mODOM [31mVisionX  +0.00 Y  +0.00 theta   +0.0 elt    0 [0mimu  -0.4 Dt    0 LtCy    0 integ.govd   +0.00   +0.00 integ.vbp +0.00 +0.00 omni.gos X     +0.0 ,Y     -0.1. omgD -0.008 omg  +0.00 loop   4451
[0mBatt=23.3 [0mODOM [31mVisionX  +0.00 Y  +0.00 theta   +0.0 elt    0 [0mimu  -0.4 Dt    6 LtCy    3 integ.govd   +0.00   +0.00 integ.vbp +0.00 +0.00 omni.gos X     +0.0 ,Y     +0.0. omgD +0.001 omg  +0.00 loop   4558
[0mBatt=23.3 [0mODOM [31mVisionX  +0.00 Y  +0.00 theta   +0.0 elt    0 [0mimu  -0.4 Dt    2 LtCy    1 integ.govd   +0.00   -0.00 integ.vbp +0.00 -0.00 omni.gos X     +0.0 ,Y     -0.0. omgD -0.003 omg  +0.00 loop   4444
[0mBatt=23.3 [0mODOM [31mVisionX  +0.00 Y  +0.00 theta   +0.0 elt    0 [0mimu  -0.4 Dt    8 LtCy    4 integ.govd   +0.00   -0.00 integ.vbp +0.00 -0.00 omni.gos X     +0.0 ,Y     -0.0. omgD -0.003 omg  +0.00 loop   4542
[0mBatt=23.3 [0mODOM [31mVisionX  +0.00 Y  +0.00 theta   +0.0 elt    0 [0mimu  -0.4 Dt    4 LtCy    2 integ.govd   +0.00   -0.00 integ.vbp +0.00 -0.00 omni.gos X     +0.0 ,Y     -0.2. omgD -0.016 omg  +0.00 loop   4466
[0mBatt=23.3 [0mODOM [31mVisionX  +0.00 Y  +0.00 theta   +0.0 elt    0 [0mimu  -0.4 Dt    0 LtCy    0 integ.govd   +0.00   +0.00 integ.vbp +0.00 +0.00 omni.gos X     +0.0 ,Y     -0.0. omgD -0.003 omg  +0.00 loop   4444
[0mBatt=23.3 [0mODOM [31mVisionX  +0.00 Y  +0.00 theta   +0.0 elt    0 [0mimu  -0.4 Dt    6 LtCy    3 integ.govd   +0.00   +0.00 integ.vbp +0.00 +0.00 omni.gos X     +0.0 ,Y     +0.0. omgD +0.001 omg  +0.00 loop   4541
[0mBatt=23.3 [0mODOM [31mVisionX  +0.00 Y  +0.00 theta   +0.0 elt    0 [0mimu  -0.4 Dt    2 LtCy    1 integ.govd   +0.00   +0.00 integ.vbp +0.00 +0.00 omni.gos X     +0.0 ,Y     +0.0. omgD +0.001 omg  +0.00 loop   4462
[0mBatt=23.3 [0mODOM [31mVisionX  +0.00 Y  +0.00 theta   +0.0 elt    0 [0mimu  -0.4 Dt    8 LtCy    4 integ.govd   +0.00   -0.00 integ.vbp +0.00 -0.00 omni.gos X     +0.0 ,Y     -0.1. omgD -0.008 omg  +0.00 loop   4517
[0mBatt=23.3 [0mODOM [31mVisionX  +0.00 Y  +0.00 theta   +0.0 elt    0 [0mimu  -0.4 Dt    4 LtCy    2 integ.govd   -0.00   -0.00 integ.vbp -0.00 -0.00 omni.gos X     +0.0 ,Y     -0.1. omgD -0.008 omg  +0.00 loop   4446
[0mBatt=23.3 [0mODOM [31mVisionX  +0.00 Y  +0.00 theta   +0.0 elt    0 [0mimu  -0.4 Dt   10 LtCy    5 integ.govd   -0.00   -0.00 integ.vbp -0.00 -0.00 omni.gos X     +0.0 ,Y     -0.1. omgD -0.008 omg  +0.00 loop   4474
[0mBatt=23.3 [0mODOM [31mVisionX  +0.00 Y  +0.00 theta   +0.0 elt    0 [0mimu  -0.4 Dt    4 LtCy    2 integ.govd   +0.00   +0.00 integ.vbp +0.00 +0.00 omni.gos X     +0.0 ,Y     +0.0. omgD +0.001 omg  +0.00 loop   4517
[0mBatt=23.3 [0mODOM [31mVisionX  +0.00 Y  +0.00 theta   +0.0 elt    0 [0mimu  -0.4 Dt    0 LtCy    0 integ.govd   +0.00   +0.00 integ.vbp +0.00 +0.00 omni.gos X     -0.0 ,Y     -0.2. omgD -0.012 omg  +0.00 loop   4441
[0mBatt=23.3 [0mODOM [31mVisionX  +0.00 Y  +0.00 theta   +0.0 elt    0 [0mimu  -0.4 Dt    6 LtCy    3 integ.govd   +0.00   +0.00 integ.vbp +0.00 +0.00 omni.gos X     +0.0 ,Y     +0.0. omgD +0.001 omg  +0.00 loop   4547
[0mBatt=23.3 [0mODOM [31mVisionX  +0.00 Y  +0.00 theta   +0.0 elt    0 [0mimu  -0.4 Dt    4 LtCy    2 integ.govd   +0.00   -0.00 integ.vbp +0.00 -0.00 omni.gos X     +0.0 ,Y     -0.0. omgD -0.003 omg  +0.00 loop   4466
[0mBatt=23.3 [0mODOM [31mVisionX  +0.00 Y  +0.00 theta   +0.0 elt    0 [0mimu  -0.4 Dt   10 LtCy    5 integ.govd   +0.00   -0.00 integ.vbp +0.00 -0.00 omni.gos X     +0.0 ,Y     -0.2. omgD -0.016 omg  +0.00 loop   4515
[0mBatt=23.3 [0mODOM [31mVisionX  +0.00 Y  +0.00 theta   +0.0 elt    0 [0mimu  -0.4 Dt    4 LtCy    2 integ.govd   +0.00   -0.00 integ.vbp +0.00 -0.00 omni.gos X     +0.0 ,Y     -0.1. omgD -0.008 omg  +0.00 loop   4470
[0mBatt=23.3 [0mODOM [31mVisionX  +0.00 Y  +0.00 theta   +0.0 elt    0 [0mimu  -0.4 Dt    0 LtCy    0 integ.govd   +0.00   +0.00 integ.vbp +0.00 +0.00 omni.gos X     +0.0 ,Y     +0.0. omgD +0.001 omg  +0.00 loop   4486
[0mBatt=23.3 [0mODOM [31mVisionX  +0.00 Y  +0.00 theta   +0.0 elt    0 [0mimu  -0.4 Dt    6 LtCy    3 integ.govd   +0.00   +0.00 integ.vbp +0.00 +0.00 omni.gos X     +0.0 ,Y     +0.0. omgD +0.001 omg  +0.00 loop   4540
[0mBatt=23.3 [0mODOM [31mVisionX  +0.00 Y  +0.00 theta   +0.0 elt    0 [0mimu  -0.4 Dt    2 LtCy    1 integ.govd   -0.00   -0.00 integ.vbp -0.00 -0.00 omni.gos X     -0.0 ,Y     -0.1. omgD -0.008 omg  +0.00 loop   4452
[0mBatt=23.3 [0mODOM [31mVisionX  +0.00 Y  +0.00 theta   +0.0 elt    0 [0mimu  -0.4 Dt    8 LtCy    4 integ.govd   +0.00   -0.00 integ.vbp +0.00 -0.00 omni.gos X     +0.0 ,Y     -0.1. omgD -0.008 omg  +0.00 loop   4535
[0mBatt=23.3 [0mODOM [31mVisionX  +0.00 Y  +0.00 theta   +0.0 elt    0 [0mimu  -0.4 Dt    4 LtCy    2 integ.govd   -0.00   -0.00 integ.vbp -0.00 -0.00 omni.gos X     +0.0 ,Y     -0.1. omgD -0.008 omg  +0.00 loop   4467
[0mBatt=23.3 [0mODOM [31mVisionX  +0.00 Y  +0.00 theta   +0.0 elt    0 [0mimu  -0.4 Dt    0 LtCy    0 integ.govd   +0.00   +0.00 integ.vbp +0.00 +0.00 omni.gos X     +0.0 ,Y     -0.0. omgD -0.003 omg  +0.00 loop   4453
[0mBatt=23.3 [0mODOM [31mVisionX  +0.00 Y  +0.00 theta   +0.0 elt    0 [0mimu  -0.5 Dt    6 LtCy    3 integ.govd   +0.00   -0.00 integ.vbp +0.00 -0.00 omni.gos X     +0.0 ,Y     -0.0. omgD -0.003 omg  +0.00 loop   4555
[0mBatt=23.3 [0mODOM [31mVisionX  +0.00 Y  +0.00 theta   +0.0 elt    0 [0mimu  -0.5 Dt    2 LtCy    1 integ.govd   +0.00   +0.00 integ.vbp +0.00 +0.00 omni.gos X     +0.0 ,Y     +0.0. omgD +0.001 omg  +0.00 loop   4471
[0mBatt=23.3 [0mODOM [31mVisionX  +0.00 Y  +0.00 theta   +0.0 elt    0 [0mimu  -0.5 Dt    8 LtCy    4 integ.govd   -0.00   -0.00 integ.vbp -0.00 -0.00 omni.gos X     +0.0 ,Y     -0.1. omgD -0.005 omg  +0.00 loop   4531
[0mBatt=23.3 [0mODOM [31mVisionX  +0.00 Y  +0.00 theta   +0.0 elt    0 [0mimu  -0.5 Dt    4 LtCy    2 integ.govd   +0.00   -0.00 integ.vbp +0.00 -0.00 omni.gos X     +0.0 ,Y     -0.2. omgD -0.012 omg  +0.00 loop   4456
[0mBatt=23.3 [0mODOM [31mVisionX  +0.00 Y  +0.00 theta   +0.0 elt    0 [0mimu  -0.5 Dt    0 LtCy    0 integ.govd   +0.00   +0.00 integ.vbp +0.00 +0.00 omni.gos X     -0.0 ,Y     -0.1. omgD -0.010 omg  +0.00 loop   4471
[0mBatt=23.3 [0mODOM [31mVisionX  +0.00 Y  +0.00 theta   +0.0 elt    0 [0mimu  -0.5 Dt    6 LtCy    3 integ.govd   +0.00   -0.00 integ.vbp +0.00 -0.00 omni.gos X     +0.0 ,Y     -0.1. omgD -0.008 omg  +0.00 loop   4531
[0mBatt=23.3 [0mODOM [31mVisionX  +0.00 Y  +0.00 theta   +0.0 elt    0 [0mimu  -0.5 Dt    2 LtCy    1 integ.govd   +0.00   -0.00 integ.vbp +0.00 -0.00 omni.gos X     +0.0 ,Y     -0.2. omgD -0.012 omg  +0.00 loop   4469
[0mBatt=23.3 [0mODOM [31mVisionX  +0.00 Y  +0.00 theta   +0.0 elt    0 [0mimu  -0.5 Dt    8 LtCy    4 integ.govd   +0.00   -0.00 integ.vbp +0.00 -0.00 omni.gos X     +0.0 ,Y     -0.0. omgD -0.003 omg  +0.00 loop   4498
[0mBatt=23.3 [0mODOM [31mVisionX  +0.00 Y  +0.00 theta   +0.0 elt    0 [0mimu  -0.5 Dt    4 LtCy    2 integ.govd   +0.00   -0.00 integ.vbp +0.00 -0.00 omni.gos X     +0.0 ,Y     -0.2. omgD -0.014 omg  +0.00 loop   4485
[0mBatt=23.3 [0mODOM [31mVisionX  +0.00 Y  +0.00 theta   +0.0 elt    0 [0mimu  -0.5 Dt    0 LtCy    0 integ.govd   +0.00   +0.00 integ.vbp +0.00 +0.00 omni.gos X     +0.0 ,Y     +0.0. omgD +0.001 omg  +0.00 loop   4448
[0mBatt=23.3 [0mODOM [31mVisionX  +0.00 Y  +0.00 theta   +0.0 elt    0 [0mimu  -0.5 Dt    6 LtCy    3 integ.govd   +0.00   -0.00 integ.vbp +0.00 -0.00 omni.gos X     +0.0 ,Y     -0.1. omgD -0.005 omg  +0.00 loop   4554
[0mBatt=23.3 [0mODOM [31mVisionX  +0.00 Y  +0.00 theta   +0.0 elt    0 [0mimu  -0.5 Dt    2 LtCy    1 integ.govd   +0.00   -0.00 integ.vbp +0.00 -0.00 omni.gos X     +0.0 ,Y     -0.0. omgD -0.001 omg  +0.00 loop   4464
[0mBatt=23.3 [0mODOM [31mVisionX  +0.00 Y  +0.00 theta   +0.0 elt    0 [0mimu  -0.5 Dt    0 LtCy    0 integ.govd   +0.00   +0.00 integ.vbp +0.00 +0.00 omni.gos X     -0.0 ,Y     -0.1. omgD -0.010 omg  +0.00 loop   4450
[0mBatt=23.3 [0mODOM [31mVisionX  +0.00 Y  +0.00 theta   +0.0 elt    0 [0mimu  -0.5 Dt    4 LtCy    2 integ.govd   +0.00   -0.00 integ.vbp +0.00 -0.00 omni.gos X     +0.0 ,Y     -0.0. omgD -0.003 omg  +0.00 loop   4540
[0mBatt=23.3 [0mODOM [31mVisionX  +0.00 Y  +0.00 theta   +0.0 elt    0 [0mimu  -0.5 Dt    0 LtCy    0 integ.govd   +0.00   +0.00 integ.vbp +0.00 +0.00 omni.gos X     +0.0 ,Y     -0.1. omgD -0.005 omg  +0.00 loop   4477
[0mBatt=23.3 [0mODOM [31mVisionX  +0.00 Y  +0.00 theta   +0.0 elt    0 [0mimu  -0.5 Dt    6 LtCy    3 integ.govd   -0.00   -0.00 integ.vbp -0.00 -0.00 omni.gos X     +0.0 ,Y     -0.1. omgD -0.010 omg  +0.00 loop   4536
[0mBatt=23.3 [0mODOM [31mVisionX  +0.00 Y  +0.00 theta   +0.0 elt    0 [0mimu  -0.5 Dt    2 LtCy    1 integ.govd   +0.00   -0.00 integ.vbp +0.00 -0.00 omni.gos X     +0.0 ,Y     -0.1. omgD -0.008 omg  +0.00 loop   4412
[0mBatt=23.3 [0mODOM [31mVisionX  +0.00 Y  +0.00 theta   +0.0 elt    0 [0mimu  -0.5 Dt    8 LtCy    4 integ.govd   +0.00   +0.00 integ.vbp +0.00 +0.00 omni.gos X     +0.0 ,Y     +0.0. omgD +0.003 omg  +0.00 loop   4541
[0mBatt=23.3 [0mODOM [31mVisionX  +0.00 Y  +0.00 theta   +0.0 elt    0 [0mimu  -0.5 Dt    4 LtCy    2 integ.govd   +0.00   -0.00 integ.vbp +0.00 -0.00 omni.gos X     +0.0 ,Y     -0.0. omgD -0.003 omg  +0.00 loop   4439
[0mBatt=23.3 [0mODOM [31mVisionX  +0.00 Y  +0.00 theta   +0.0 elt    0 [0mimu  -0.5 Dt    8 LtCy    4 integ.govd   +0.00   -0.00 integ.vbp +0.00 -0.00 omni.gos X     +0.0 ,Y     -0.1. omgD -0.005 omg  +0.00 loop   4501
[0mBatt=23.3 [0mODOM [31mVisionX  +0.00 Y  +0.00 theta   +0.0 elt    0 [0mimu  -0.5 Dt    4 LtCy    2 integ.govd   +0.00   -0.00 integ.vbp +0.00 -0.00 omni.gos X     +0.0 ,Y     -0.0. omgD -0.001 omg  +0.00 loop   4477
[0mBatt=23.3 [0mODOM [31mVisionX  +0.00 Y  +0.00 theta   +0.0 elt    0 [0mimu  -0.5 Dt    2 LtCy    1 integ.govd   +0.00   -0.00 integ.vbp +0.00 -0.00 omni.gos X     +0.0 ,Y     -0.0. omgD -0.003 omg  +0.00 loop   4462
[0mBatt=23.3 [0mODOM [31mVisionX  +0.00 Y  +0.00 theta   +0.0 elt    0 [0mimu  -0.5 Dt    8 LtCy    4 integ.govd   +0.00   +0.00 integ.vbp +0.00 +0.00 omni.gos X     +0.0 ,Y     -0.0. omgD -0.001 omg  +0.00 loop   4526
[0mBatt=23.3 [0mODOM [31mVisionX  +0.00 Y  +0.00 theta   +0.0 elt    0 [0mimu  -0.5 Dt    4 LtCy    2 integ.govd   +0.00   -0.00 integ.vbp +0.00 -0.00 omni.gos X     +0.0 ,Y     -0.0. omgD -0.003 omg  +0.00 loop   2139
[0mBatt=23.3 [0mODOM [31mVisionX  +0.00 Y  +0.00 theta   +0.0 elt    0 [0mimu  -0.5 Dt    2 LtCy    1 integ.govd   +0.00   -0.00 integ.vbp +0.00 -0.00 omni.gos X     +0.0 ,Y     -0.1. omgD -0.008 omg  +0.00 loop   4470
[0mBatt=23.3 [0mODOM [31mVisionX  +0.00 Y  +0.00 theta   +0.0 elt    0 [0mimu  -0.5 Dt    8 LtCy    4 integ.govd   -0.00   -0.00 integ.vbp -0.00 -0.00 omni.gos X     +0.0 ,Y     -0.0. omgD -0.003 omg  +0.00 loop   4532
[0mBatt=23.3 [0mODOM [31mVisionX  +0.00 Y  +0.00 theta   +0.0 elt    0 [0mimu  -0.5 Dt    4 LtCy    2 integ.govd   +0.00   -0.00 integ.vbp +0.00 -0.00 omni.gos X     +0.0 ,Y     -0.1. omgD -0.008 omg  +0.00 loop   4440
[0mBatt=23.3 [0mODOM [31mVisionX  +0.00 Y  +0.00 theta   +0.0 elt    0 [0mimu  -0.5 Dt    8 LtCy    4 integ.govd   +0.00   +0.00 integ.vbp +0.00 +0.00 omni.gos X     +0.0 ,Y     +0.0. omgD +0.001 omg  +0.00 loop   4548
[0mBatt=23.3 [0mODOM [31mVisionX  +0.00 Y  +0.00 theta   +0.0 elt    0 [0mimu  -0.5 Dt    4 LtCy    2 integ.govd   +0.00   -0.00 integ.vbp +0.00 -0.00 omni.gos X     +0.0 ,Y     +0.0. omgD +0.001 omg  +0.00 loop   4435
[0mBatt=23.3 [0mODOM [31mVisionX  +0.00 Y  +0.00 theta   +0.0 elt    0 [0mimu  -0.5 Dt    0 LtCy    0 integ.govd   +0.00   +0.00 integ.vbp +0.00 +0.00 omni.gos X     +0.0 ,Y     -0.2. omgD -0.016 omg  +0.00 loop   4443
[0mBatt=23.3 [0mODOM [31mVisionX  +0.00 Y  +0.00 theta   +0.0 elt    0 [0mimu  -0.5 Dt    8 LtCy    4 integ.govd   -0.00   -0.00 integ.vbp -0.00 -0.00 omni.gos X     +0.0 ,Y     +0.0. omgD +0.001 omg  +0.00 loop   4554
[0mBatt=23.3 [0mODOM [31mVisionX  +0.00 Y  +0.00 theta   +0.0 elt    0 [0mimu  -0.5 Dt    2 LtCy    1 integ.govd   +0.00   +0.00 integ.vbp +0.00 +0.00 omni.gos X     +0.0 ,Y     +0.1. omgD +0.005 omg  +0.00 loop   4446
[0mBatt=23.3 [0mODOM [31mVisionX  +0.00 Y  +0.00 theta   +0.0 elt    0 [0mimu  -0.5 Dt    8 LtCy    4 integ.govd   +0.00   -0.00 integ.vbp +0.00 -0.00 omni.gos X     +0.0 ,Y     -0.1. omgD -0.008 omg  +0.00 loop   4458
[0mBatt=23.3 [0mODOM [31mVisionX  +0.00 Y  +0.00 theta   +0.0 elt    0 [0mimu  -0.5 Dt    6 LtCy    3 integ.govd   +0.00   -0.00 integ.vbp +0.00 -0.00 omni.gos X     +0.0 ,Y     -0.0. omgD -0.003 omg  +0.00 loop   4520
[0mBatt=23.3 [0mODOM [31mVisionX  +0.00 Y  +0.00 theta   +0.0 elt    0 [0mimu  -0.5 Dt    2 LtCy    1 integ.govd   +0.00   -0.00 integ.vbp +0.00 -0.00 omni.gos X     +0.0 ,Y     -0.1. omgD -0.008 omg  +0.00 loop   4475
[0mBatt=23.3 [0mODOM [31mVisionX  +0.00 Y  +0.00 theta   +0.0 elt    0 [0mimu  -0.5 Dt    6 LtCy    3 integ.govd   -0.00   -0.00 integ.vbp -0.00 -0.00 omni.gos X     +0.0 ,Y     -0.1. omgD -0.008 omg  +0.00 loop   4515
[0mBatt=23.3 [0mODOM [31mVisionX  +0.00 Y  +0.00 theta   +0.0 elt    0 [0mimu  -0.5 Dt    4 LtCy    2 integ.govd   +0.00   -0.00 integ.vbp +0.00 -0.00 omni.gos X     +0.0 ,Y     -0.1. omgD -0.008 omg  +0.00 loop   4453
[0mBatt=23.3 [0mODOM [31mVisionX  +0.00 Y  +0.00 theta   +0.0 elt    0 [0mimu  -0.5 Dt    0 LtCy    0 integ.govd   +0.00   +0.00 integ.vbp +0.00 +0.00 omni.gos X     +0.0 ,Y     -0.0. omgD -0.003 omg  +0.00 loop   4478
[0mBatt=23.3 [0mODOM [31mVisionX  +0.00 Y  +0.00 theta   +0.0 elt    0 [0mimu  -0.5 Dt    6 LtCy    3 integ.govd   -0.00   -0.00 integ.vbp -0.00 -0.00 omni.gos X     +0.0 ,Y     -0.0. omgD -0.003 omg  +0.00 loop   4545
[0mBatt=23.3 [0mODOM [31mVisionX  +0.00 Y  +0.00 theta   +0.0 elt    0 [0mimu  -0.5 Dt    2 LtCy    1 integ.govd   +0.00   -0.00 integ.vbp +0.00 -0.00 omni.gos X     +0.0 ,Y     -0.2. omgD -0.012 omg  +0.00 loop   4445
[0mBatt=23.3 [0mODOM [31mVisionX  +0.00 Y  +0.00 theta   +0.0 elt    0 [0mimu  -0.5 Dt    8 LtCy    4 integ.govd   -0.00   -0.00 integ.vbp -0.00 -0.00 omni.gos X     +0.0 ,Y     -0.0. omgD -0.003 omg  +0.00 loop   4538
[0mBatt=23.3 [0mODOM [31mVisionX  +0.00 Y  +0.00 theta   +0.0 elt    0 [0mimu  -0.5 Dt    4 LtCy    2 integ.govd   +0.00   -0.00 integ.vbp +0.00 -0.00 omni.gos X     +0.0 ,Y     -0.1. omgD -0.008 omg  +0.00 loop   4442
[0mBatt=23.3 [0mODOM [31mVisionX  +0.00 Y  +0.00 theta   +0.0 elt    0 [0mimu  -0.5 Dt    0 LtCy    0 integ.govd   +0.00   +0.00 integ.vbp +0.00 +0.00 omni.gos X     +0.0 ,Y     +0.0. omgD +0.001 omg  +0.00 loop   4439
[0mBatt=23.3 [0mODOM [31mVisionX  +0.00 Y  +0.00 theta   +0.0 elt    0 [0mimu  -0.5 Dt    6 LtCy    3 integ.govd   +0.00   -0.00 integ.vbp +0.00 -0.00 omni.gos X     +0.0 ,Y     -0.1. omgD -0.008 omg  +0.00 loop   4558
[0mBatt=23.3 [0mODOM [31mVisionX  +0.00 Y  +0.00 theta   +0.0 elt    0 [0mimu  -0.5 Dt    2 LtCy    1 integ.govd   -0.00   -0.00 integ.vbp -0.00 -0.00 omni.gos X     -0.0 ,Y     -0.1. omgD -0.008 omg  +0.00 loop   4464
[0mBatt=23.3 [0mODOM [31mVisionX  +0.00 Y  +0.00 theta   +0.0 elt    0 [0mimu  -0.5 Dt    8 LtCy    4 integ.govd   +0.00   -0.00 integ.vbp +0.00 -0.00 omni.gos X     +0.0 ,Y     -0.0. omgD -0.003 omg  +0.00 loop   4454
[0mBatt=23.3 [0mODOM [31mVisionX  +0.00 Y  +0.00 theta   +0.0 elt    0 [0mimu  -0.5 Dt    4 LtCy    2 integ.govd   +0.00   -0.00 integ.vbp +0.00 -0.00 omni.gos X     +0.0 ,Y     -0.1. omgD -0.008 omg  +0.00 loop   4500
[0mBatt=23.3 [0mODOM [31mVisionX  +0.00 Y  +0.00 theta   +0.0 elt    0 [0mimu  -0.5 Dt    0 LtCy    0 integ.govd   +0.00   +0.00 integ.vbp +0.00 +0.00 omni.gos X     -0.0 ,Y     -0.2. omgD -0.016 omg  +0.00 loop   4461
[0mBatt=23.3 [0mODOM [31mVisionX  +0.00 Y  +0.00 theta   +0.0 elt    0 [0mimu  -0.5 Dt    6 LtCy    3 integ.govd   +0.00   -0.00 integ.vbp +0.00 -0.00 omni.gos X     +0.0 ,Y     -0.1. omgD -0.008 omg  +0.00 loop   4523
[0mBatt=23.3 [0mODOM [31mVisionX  +0.00 Y  +0.00 theta   +0.0 elt    0 [0mimu  -0.5 Dt    2 LtCy    1 integ.govd   +0.00   +0.00 integ.vbp +0.00 +0.00 omni.gos X     +0.0 ,Y     +0.0. omgD +0.001 omg  +0.00 loop   4449
[0mBatt=23.3 [0mODOM [31mVisionX  +0.00 Y  +0.00 theta   +0.0 elt    0 [0mimu  -0.5 Dt    0 LtCy    0 integ.govd   +0.00   +0.00 integ.vbp +0.00 +0.00 omni.gos X     +0.0 ,Y     -0.1. omgD -0.008 omg  +0.00 loop   4483
[0mBatt=23.3 [0mODOM [31mVisionX  +0.00 Y  +0.00 theta   +0.0 elt    0 [0mimu  -0.5 Dt    4 LtCy    2 integ.govd   +0.00   -0.00 integ.vbp +0.00 -0.00 omni.gos X     +0.0 ,Y     -0.1. omgD -0.008 omg  +0.00 loop   4531
[0mBatt=23.3 [0mODOM [31mVisionX  +0.00 Y  +0.00 theta   +0.0 elt    0 [0mimu  -0.5 Dt    0 LtCy    0 integ.govd   +0.00   +0.00 integ.vbp +0.00 +0.00 omni.gos X     +0.0 ,Y     -0.1. omgD -0.008 omg  +0.00 loop   4456
[0mBatt=23.3 [0mODOM [31mVisionX  +0.00 Y  +0.00 theta   +0.0 elt    0 [0mimu  -0.5 Dt    6 LtCy    3 integ.govd   -0.00   -0.00 integ.vbp -0.00 -0.00 omni.gos X     +0.0 ,Y     -0.1. omgD -0.008 omg  +0.00 loop   4558
[0mBatt=23.3 [0mODOM [31mVisionX  +0.00 Y  +0.00 theta   +0.0 elt    0 [0mimu  -0.5 Dt    2 LtCy    1 integ.govd   +0.00   -0.00 integ.vbp +0.00 -0.00 omni.gos X     +0.0 ,Y     -0.1. omgD -0.008 omg  +0.00 loop   4440
[0mBatt=23.3 [0mODOM [31mVisionX  +0.00 Y  +0.00 theta   +0.0 elt    0 [0mimu  -0.5 Dt    8 LtCy    4 integ.govd   +0.00   -0.00 integ.vbp +0.00 -0.00 omni.gos X     +0.0 ,Y     +0.0. omgD +0.001 omg  +0.00 loop   4508
[0mBatt=23.3 [0mODOM [31mVisionX  +0.00 Y  +0.00 theta   +0.0 elt    0 [0mimu  -0.5 Dt    4 LtCy    2 integ.govd   +0.00   -0.00 integ.vbp +0.00 -0.00 omni.gos X     +0.0 ,Y     -0.0. omgD -0.003 omg  +0.00 loop   4453
[0mBatt=23.3 [0mODOM [31mVisionX  +0.00 Y  +0.00 theta   +0.0 elt    0 [0mimu  -0.5 Dt    0 LtCy    0 integ.govd   +0.00   +0.00 integ.vbp +0.00 +0.00 omni.gos X     +0.0 ,Y     -0.2. omgD -0.012 omg  +0.00 loop   4462
[0mBatt=23.3 [0mODOM [31mVisionX  +0.00 Y  +0.00 theta   +0.0 elt    0 [0mimu  -0.5 Dt    6 LtCy    3 integ.govd   +0.00   -0.00 integ.vbp +0.00 -0.00 omni.gos X     +0.0 ,Y     -0.2. omgD -0.012 omg  +0.00 loop   4521
[0mBatt=23.3 [0mODOM [31mVisionX  +0.00 Y  +0.00 theta   +0.0 elt    0 [0mimu  -0.5 Dt    2 LtCy    1 integ.govd   +0.00   -0.00 integ.vbp +0.00 -0.00 omni.gos X     +0.0 ,Y     -0.1. omgD -0.008 omg  +0.00 loop   4469
[0mBatt=23.3 [0mODOM [31mVisionX  +0.00 Y  +0.00 theta   +0.0 elt    0 [0mimu  -0.5 Dt    8 LtCy    4 integ.govd   +0.00   -0.00 integ.vbp +0.00 -0.00 omni.gos X     +0.0 ,Y     -0.1. omgD -0.008 omg  +0.00 loop   4539
[0mBatt=23.3 [0mODOM [31mVisionX  +0.00 Y  +0.00 theta   +0.0 elt    0 [0mimu  -0.5 Dt    4 LtCy    2 integ.govd   +0.00   -0.00 integ.vbp +0.00 -0.00 omni.gos X     +0.0 ,Y     -0.0. omgD -0.003 omg  +0.00 loop   4459
[0mBatt=23.3 [0mODOM [31mVisionX  +0.00 Y  +0.00 theta   +0.0 elt    0 [0mimu  -0.5 Dt    0 LtCy    0 integ.govd   +0.00   +0.00 integ.vbp +0.00 +0.00 omni.gos X     -0.0 ,Y     -0.2. omgD -0.012 omg  +0.00 loop   4458
[0mBatt=23.3 [0mODOM [31mVisionX  +0.00 Y  +0.00 theta   +0.0 elt    0 [0mimu  -0.5 Dt    6 LtCy    3 integ.govd   +0.00   -0.00 integ.vbp +0.00 -0.00 omni.gos X     +0.0 ,Y     -0.0. omgD -0.003 omg  +0.00 loop   4535
[0mBatt=23.3 [0mODOM [31mVisionX  +0.00 Y  +0.00 theta   +0.0 elt    0 [0mimu  -0.5 Dt    2 LtCy    1 integ.govd   +0.00   -0.00 integ.vbp +0.00 -0.00 omni.gos X     +0.0 ,Y     -0.1. omgD -0.008 omg  +0.00 loop   4466
[0mBatt=23.3 [0mODOM [31mVisionX  +0.00 Y  +0.00 theta   +0.0 elt    0 [0mimu  -0.5 Dt    8 LtCy    4 integ.govd   -0.00   -0.00 integ.vbp -0.00 -0.00 omni.gos X     +0.0 ,Y     -0.0. omgD -0.003 omg  +0.00 loop   4506
[0mBatt=23.3 [0mODOM [31mVisionX  +0.00 Y  +0.00 theta   +0.0 elt    0 [0mimu  -0.5 Dt    4 LtCy    2 integ.govd   +0.00   +0.00 integ.vbp +0.00 +0.00 omni.gos X     +0.0 ,Y     +0.0. omgD +0.001 omg  +0.00 loop   4433
[0mBatt=23.3 [0mODOM [31mVisionX  +0.00 Y  +0.00 theta   +0.0 elt    0 [0mimu  -0.5 Dt    0 LtCy    0 integ.govd   +0.00   +0.00 integ.vbp +0.00 +0.00 omni.gos X     +0.0 ,Y     -0.1. omgD -0.008 omg  +0.00 loop   4465
[0mBatt=23.3 [0mODOM [31mVisionX  +0.00 Y  +0.00 theta   +0.0 elt    0 [0mimu  -0.5 Dt    6 LtCy    3 integ.govd   -0.00   -0.00 integ.vbp -0.00 -0.00 omni.gos X     -0.0 ,Y     -0.1. omgD -0.008 omg  +0.00 loop   4530
[0mBatt=23.3 [0mODOM [31mVisionX  +0.00 Y  +0.00 theta   +0.0 elt    0 [0mimu  -0.5 Dt    2 LtCy    1 integ.govd   +0.00   -0.00 integ.vbp +0.00 -0.00 omni.gos X     +0.0 ,Y     -0.0. omgD -0.003 omg  +0.00 loop   4433
[0mBatt=23.3 [0mODOM [31mVisionX  +0.00 Y  +0.00 theta   +0.0 elt    0 [0mimu  -0.5 Dt    0 LtCy    0 integ.govd   +0.00   +0.00 integ.vbp +0.00 +0.00 omni.gos X     +0.0 ,Y     +0.0. omgD +0.001 omg  +0.00 loop   4466
[0mBatt=23.3 [0mODOM [31mVisionX  +0.00 Y  +0.00 theta   +0.0 elt    0 [0mimu  -0.5 Dt    6 LtCy    3 integ.govd   +0.00   +0.00 integ.vbp +0.00 +0.00 omni.gos X     +0.0 ,Y     +0.0. omgD +0.001 omg  +0.00 loop   4536
[0mBatt=23.3 [0mODOM [31mVisionX  +0.00 Y  +0.00 theta   +0.0 elt    0 [0mimu  -0.5 Dt    0 LtCy    0 integ.govd   +0.00   +0.00 integ.vbp +0.00 +0.00 omni.gos X     +0.0 ,Y     -0.0. omgD -0.003 omg  +0.00 loop   4453
[0mBatt=23.3 [0mODOM [31mVisionX  +0.00 Y  +0.00 theta   +0.0 elt    0 [0mimu  -0.5 Dt    6 LtCy    3 integ.govd   -0.00   -0.00 integ.vbp -0.00 -0.00 omni.gos X     +0.0 ,Y     -0.2. omgD -0.016 omg  +0.00 loop   4549
[0mBatt=23.3 [0mODOM [31mVisionX  +0.00 Y  +0.00 theta   +0.0 elt    0 [0mimu  -0.5 Dt    4 LtCy    2 integ.govd   +0.00   -0.00 integ.vbp +0.00 -0.00 omni.gos X     +0.0 ,Y     -0.1. omgD -0.008 omg  +0.00 loop   4437
[0mBatt=23.3 [0mODOM [31mVisionX  +0.00 Y  +0.00 theta   +0.0 elt    0 [0mimu  -0.5 Dt    0 LtCy    0 integ.govd   +0.00   +0.00 integ.vbp +0.00 +0.00 omni.gos X     -0.0 ,Y     -0.2. omgD -0.012 omg  +0.00 loop   4465
[0mBatt=23.3 [0mODOM [31mVisionX  +0.00 Y  +0.00 theta   +0.0 elt    0 [0mimu  -0.5 Dt    6 LtCy    3 integ.govd   +0.00   -0.00 integ.vbp +0.00 -0.00 omni.gos X     +0.0 ,Y     -0.1. omgD -0.008 omg  +0.00 loop   4553
[0mBatt=23.3 [0mODOM [31mVisionX  +0.00 Y  +0.00 theta   +0.0 elt    0 [0mimu  -0.5 Dt    2 LtCy    1 integ.govd   +0.00   -0.00 integ.vbp +0.00 -0.00 omni.gos X     +0.0 ,Y     -0.2. omgD -0.012 omg  +0.00 loop   4472
[0mBatt=23.3 [0mODOM [31mVisionX  +0.00 Y  +0.00 theta   +0.0 elt    0 [0mimu  -0.5 Dt    8 LtCy    4 integ.govd   +0.00   -0.00 integ.vbp +0.00 -0.00 omni.gos X     +0.0 ,Y     -0.1. omgD -0.008 omg  +0.00 loop   4515
[0mBatt=23.3 [0mODOM [31mVisionX  +0.00 Y  +0.00 theta   +0.0 elt    0 [0mimu  -0.5 Dt    2 LtCy    1 integ.govd   -0.00   -0.00 integ.vbp -0.00 -0.00 omni.gos X     -0.0 ,Y     -0.2. omgD -0.016 omg  +0.00 loop   4455
[0mBatt=23.3 [0mODOM [31mVisionX  +0.00 Y  +0.00 theta   +0.0 elt    0 [0mimu  -0.5 Dt    8 LtCy    4 integ.govd   +0.00   -0.00 integ.vbp +0.00 -0.00 omni.gos X     +0.0 ,Y     -0.0. omgD -0.003 omg  +0.00 loop   4454
[0mBatt=23.3 [0mODOM [31mVisionX  +0.00 Y  +0.00 theta   +0.0 elt    0 [0mimu  -0.5 Dt    6 LtCy    3 integ.govd   +0.00   +0.00 integ.vbp +0.00 +0.00 omni.gos X     +0.0 ,Y     +0.0. omgD +0.001 omg  +0.00 loop   4502
[0mBatt=23.3 [0mODOM [31mVisionX  +0.00 Y  +0.00 theta   +0.0 elt    0 [0mimu  -0.5 Dt    0 LtCy    0 integ.govd   +0.00   +0.00 integ.vbp +0.00 +0.00 omni.gos X     +0.0 ,Y     -0.1. omgD -0.008 omg  +0.00 loop   4464
[0mBatt=23.3 [0mODOM [31mVisionX  +0.00 Y  +0.00 theta   +0.0 elt    0 [0mimu  -0.5 Dt    6 LtCy    3 integ.govd   +0.00   -0.00 integ.vbp +0.00 -0.00 omni.gos X     +0.0 ,Y     -0.0. omgD -0.003 omg  +0.00 loop   4549
[0mBatt=23.3 [0mODOM [31mVisionX  +0.00 Y  +0.00 theta   +0.0 elt    0 [0mimu  -0.5 Dt    4 LtCy    2 integ.govd   -0.00   -0.00 integ.vbp -0.00 -0.00 omni.gos X     +0.0 ,Y     -0.2. omgD -0.012 omg  +0.00 loop   4458
[0mBatt=23.3 [0mODOM [31mVisionX  +0.00 Y  +0.00 theta   +0.0 elt    0 [0mimu  -0.5 Dt    0 LtCy    0 integ.govd   +0.00   +0.00 integ.vbp +0.00 +0.00 omni.gos X     +0.0 ,Y     -0.0. omgD -0.003 omg  +0.00 loop   4446
[0mBatt=23.3 [0mODOM [31mVisionX  +0.00 Y  +0.00 theta   +0.0 elt    0 [0mimu  -0.5 Dt    8 LtCy    4 integ.govd   -0.00   -0.00 integ.vbp -0.00 -0.00 omni.gos X     +0.0 ,Y     -0.2. omgD -0.012 omg  +0.00 loop   2230
[0mBatt=23.3 [0mODOM [31mVisionX  +0.00 Y  +0.00 theta   +0.0 elt    0 [0mimu  -0.5 Dt    2 LtCy    1 integ.govd   +0.00   -0.00 integ.vbp +0.00 -0.00 omni.gos X     +0.0 ,Y     -0.1. omgD -0.008 omg  +0.00 loop   4445
[0mBatt=23.3 [0mODOM [31mVisionX  +0.00 Y  +0.00 theta   +0.0 elt    0 [0mimu  -0.5 Dt    8 LtCy    4 integ.govd   -0.00   -0.00 integ.vbp -0.00 -0.00 omni.gos X     +0.0 ,Y     -0.1. omgD -0.008 omg  +0.00 loop   4523
[0mBatt=23.3 [0mODOM [31mVisionX  +0.00 Y  +0.00 theta   +0.0 elt    0 [0mimu  -0.5 Dt    4 LtCy    2 integ.govd   +0.00   -0.00 integ.vbp +0.00 -0.00 omni.gos X     +0.0 ,Y     -0.1. omgD -0.008 omg  +0.00 loop   4445
[0mBatt=23.3 [0mODOM [31mVisionX  +0.00 Y  +0.00 theta   +0.0 elt    0 [0mimu  -0.5 Dt    0 LtCy    0 integ.govd   +0.00   +0.00 integ.vbp +0.00 +0.00 omni.gos X     +0.0 ,Y     -0.0. omgD -0.003 omg  +0.00 loop   4482
[0mBatt=23.3 [0mODOM [31mVisionX  +0.00 Y  +0.00 theta   +0.0 elt    0 [0mimu  -0.5 Dt    6 LtCy    3 integ.govd   +0.00   +0.00 integ.vbp +0.00 +0.00 omni.gos X     +0.0 ,Y     +0.0. omgD +0.001 omg  +0.00 loop   4524
[0mBatt=23.3 [0mODOM [31mVisionX  +0.00 Y  +0.00 theta   +0.0 elt    0 [0mimu  -0.5 Dt    0 LtCy    0 integ.govd   +0.00   +0.00 integ.vbp +0.00 +0.00 omni.gos X     +0.0 ,Y     +0.0. omgD +0.001 omg  +0.00 loop   4436
[0mBatt=23.3 [0mODOM [31mVisionX  +0.00 Y  +0.00 theta   +0.0 elt    0 [0mimu  -0.5 Dt    6 LtCy    3 integ.govd   -0.00   -0.00 integ.vbp -0.00 -0.00 omni.gos X     +0.0 ,Y     -0.1. omgD -0.010 omg  +0.00 loop   4553
[0mBatt=23.3 [0mODOM [31mVisionX  +0.00 Y  +0.00 theta   +0.0 elt    0 [0mimu  -0.5 Dt    4 LtCy    2 integ.govd   -0.00   -0.00 integ.vbp -0.00 -0.00 omni.gos X     +0.0 ,Y     -0.1. omgD -0.005 omg  +0.00 loop   4454
[0mBatt=23.3 [0mODOM [31mVisionX  +0.00 Y  +0.00 theta   +0.0 elt    0 [0mimu  -0.5 Dt    0 LtCy    0 integ.govd   +0.00   +0.00 integ.vbp +0.00 +0.00 omni.gos X     +0.0 ,Y     -0.0. omgD -0.001 omg  +0.00 loop   4441
[0mBatt=23.3 [0mODOM [31mVisionX  +0.00 Y  +0.00 theta   +0.0 elt    0 [0mimu  -0.5 Dt    4 LtCy    2 integ.govd   +0.00   -0.00 integ.vbp +0.00 -0.00 omni.gos X     +0.0 ,Y     -0.2. omgD -0.012 omg  +0.00 loop   4548
[0mBatt=23.3 [0mODOM [31mVisionX  +0.00 Y  +0.00 theta   +0.0 elt    0 [0mimu  -0.5 Dt    0 LtCy    0 integ.govd   +0.00   +0.00 integ.vbp +0.00 +0.00 omni.gos X     +0.0 ,Y     -0.0. omgD -0.003 omg  +0.00 loop   4472
[0mBatt=23.3 [0mODOM [31mVisionX  +0.00 Y  +0.00 theta   +0.0 elt    0 [0mimu  -0.5 Dt    6 LtCy    3 integ.govd   -0.00   -0.00 integ.vbp -0.00 -0.00 omni.gos X     +0.0 ,Y     -0.0. omgD -0.003 omg  +0.00 loop   4516
[0mBatt=23.3 [0mODOM [31mVisionX  +0.00 Y  +0.00 theta   +0.0 elt    0 [0mimu  -0.5 Dt    2 LtCy    1 integ.govd   +0.00   +0.00 integ.vbp +0.00 +0.00 omni.gos X     +0.0 ,Y     +0.0. omgD +0.001 omg  +0.00 loop   4450
[0mBatt=23.3 [0mODOM [31mVisionX  +0.00 Y  +0.00 theta   +0.0 elt    0 [0mimu  -0.5 Dt   10 LtCy    5 integ.govd   +0.00   -0.00 integ.vbp +0.00 -0.00 omni.gos X     +0.0 ,Y     -0.1. omgD -0.010 omg  +0.00 loop   4533
[0mBatt=23.3 [0mODOM [31mVisionX  +0.00 Y  +0.00 theta   +0.0 elt    0 [0mimu  -0.5 Dt    4 LtCy    2 integ.govd   +0.00   -0.00 integ.vbp +0.00 -0.00 omni.gos X     +0.0 ,Y     -0.0. omgD -0.003 omg  +0.00 loop   4436
[0mBatt=23.3 [0mODOM [31mVisionX  +0.00 Y  +0.00 theta   +0.0 elt    0 [0mimu  -0.5 Dt    2 LtCy    1 integ.govd   +0.00   -0.00 integ.vbp +0.00 -0.00 omni.gos X     +0.0 ,Y     -0.2. omgD -0.014 omg  +0.00 loop   4464
[0mBatt=23.3 [0mODOM [31mVisionX  +0.00 Y  +0.00 theta   +0.0 elt    0 [0mimu  -0.5 Dt    8 LtCy    4 integ.govd   -0.00   -0.00 integ.vbp -0.00 -0.00 omni.gos X     +0.0 ,Y     -0.1. omgD -0.005 omg  +0.00 loop   4535
[0mBatt=23.3 [0mODOM [31mVisionX  +0.00 Y  +0.00 theta   +0.0 elt    0 [0mimu  -0.5 Dt    2 LtCy    1 integ.govd   +0.00   -0.00 integ.vbp +0.00 -0.00 omni.gos X     +0.0 ,Y     -0.1. omgD -0.010 omg  +0.00 loop   4446
[0mBatt=23.3 [0mODOM [31mVisionX  +0.00 Y  +0.00 theta   +0.0 elt    0 [0mimu  -0.5 Dt    8 LtCy    4 integ.govd   -0.00   -0.00 integ.vbp -0.00 -0.00 omni.gos X     +0.0 ,Y     -0.1. omgD -0.008 omg  +0.00 loop   4517
[0mBatt=23.3 [0mODOM [31mVisionX  +0.00 Y  +0.00 theta   +0.0 elt    0 [0mimu  -0.5 Dt    4 LtCy    2 integ.govd   +0.00   -0.00 integ.vbp +0.00 -0.00 omni.gos X     +0.0 ,Y     -0.1. omgD -0.005 omg  +0.00 loop   4439
[0mBatt=23.3 [0mODOM [31mVisionX  +0.00 Y  +0.00 theta   +0.0 elt    0 [0mimu  -0.5 Dt    0 LtCy    0 integ.govd   +0.00   +0.00 integ.vbp +0.00 +0.00 omni.gos X     +0.0 ,Y     -0.2. omgD -0.014 omg  +0.00 loop   4445
[0mBatt=23.3 [0mODOM [31mVisionX  +0.00 Y  +0.00 theta   +0.0 elt    0 [0mimu  -0.5 Dt    8 LtCy    4 integ.govd   -0.00   -0.00 integ.vbp -0.00 -0.00 omni.gos X     +0.0 ,Y     -0.1. omgD -0.010 omg  +0.00 loop   4533
[0mBatt=23.3 [0mODOM [31mVisionX  +0.00 Y  +0.00 theta   +0.0 elt    0 [0mimu  -0.5 Dt    2 LtCy    1 integ.govd   +0.00   -0.00 integ.vbp +0.00 -0.00 omni.gos X     +0.0 ,Y     -0.1. omgD -0.008 omg  +0.00 loop   4461
[0mBatt=23.3 [0mODOM [31mVisionX  +0.00 Y  +0.00 theta   +0.0 elt    0 [0mimu  -0.5 Dt    8 LtCy    4 integ.govd   +0.00   +0.00 integ.vbp +0.00 +0.00 omni.gos X     +0.0 ,Y     +0.1. omgD +0.005 omg  +0.00 loop   4537
[0mBatt=23.3 [0mODOM [31mVisionX  +0.00 Y  +0.00 theta   +0.0 elt    0 [0mimu  -0.5 Dt    4 LtCy    2 integ.govd   -0.00   -0.00 integ.vbp -0.00 -0.00 omni.gos X     -0.0 ,Y     -0.1. omgD -0.010 omg  +0.00 loop   4450
[0mBatt=23.3 [0mODOM [31mVisionX  +0.00 Y  +0.00 theta   +0.0 elt    0 [0mimu  -0.5 Dt    0 LtCy    0 integ.govd   +0.00   +0.00 integ.vbp +0.00 +0.00 omni.gos X     +0.0 ,Y     -0.1. omgD -0.008 omg  +0.00 loop   4431
[0mBatt=23.3 [0mODOM [31mVisionX  +0.00 Y  +0.00 theta   +0.0 elt    0 [0mimu  -0.5 Dt    6 LtCy    3 integ.govd   +0.00   -0.00 integ.vbp +0.00 -0.00 omni.gos X     +0.0 ,Y     -0.1. omgD -0.005 omg  +0.00 loop   4563
[0mBatt=23.3 [0mODOM [31mVisionX  +0.00 Y  +0.00 theta   +0.0 elt    0 [0mimu  -0.5 Dt    0 LtCy    0 integ.govd   +0.00   +0.00 integ.vbp +0.00 +0.00 omni.gos X     +0.0 ,Y     -0.1. omgD -0.008 omg  +0.00 loop   4448
[0mBatt=23.3 [0mODOM [31mVisionX  +0.00 Y  +0.00 theta   +0.0 elt    0 [0mimu  -0.5 Dt    8 LtCy    4 integ.govd   +0.00   -0.00 integ.vbp +0.00 -0.00 omni.gos X     +0.0 ,Y     -0.0. omgD -0.003 omg  +0.00 loop   4543
[0mBatt=23.3 [0mODOM [31mVisionX  +0.00 Y  +0.00 theta   +0.0 elt    0 [0mimu  -0.5 Dt    4 LtCy    2 integ.govd   +0.00   -0.00 integ.vbp +0.00 -0.00 omni.gos X     +0.0 ,Y     -0.0. omgD -0.003 omg  +0.00 loop   4475
[0mBatt=23.3 [0mODOM [31mVisionX  +0.00 Y  +0.00 theta   +0.0 elt    0 [0mimu  -0.5 Dt    0 LtCy    0 integ.govd   +0.00   +0.00 integ.vbp +0.00 +0.00 omni.gos X     +0.0 ,Y     +0.0. omgD +0.001 omg  +0.00 loop   4466
[0mBatt=23.3 [0mODOM [31mVisionX  +0.00 Y  +0.00 theta   +0.0 elt    0 [0mimu  -0.5 Dt    6 LtCy    3 integ.govd   +0.00   -0.00 integ.vbp +0.00 -0.00 omni.gos X     +0.0 ,Y     -0.2. omgD -0.016 omg  +0.00 loop   4539
[0mBatt=23.3 [0mODOM [31mVisionX  +0.00 Y  +0.00 theta   +0.0 elt    0 [0mimu  -0.5 Dt    2 LtCy    1 integ.govd   +0.00   -0.00 integ.vbp +0.00 -0.00 omni.gos X     +0.0 ,Y     -0.0. omgD -0.003 omg  +0.00 loop   4472
[0mBatt=23.3 [0mODOM [31mVisionX  +0.00 Y  +0.00 theta   +0.0 elt    0 [0mimu  -0.5 Dt    8 LtCy    4 integ.govd   +0.00   -0.00 integ.vbp +0.00 -0.00 omni.gos X     +0.0 ,Y     -0.1. omgD -0.008 omg  +0.00 loop   4546
[0mBatt=23.3 [0mODOM [31mVisionX  +0.00 Y  +0.00 theta   +0.0 elt    0 [0mimu  -0.5 Dt    4 LtCy    2 integ.govd   -0.00   -0.00 integ.vbp -0.00 -0.00 omni.gos X     +0.0 ,Y     -0.1. omgD -0.008 omg  +0.00 loop   4416
[0mBatt=23.3 [0mODOM [31mVisionX  +0.00 Y  +0.00 theta   +0.0 elt    0 [0mimu  -0.5 Dt    0 LtCy    0 integ.govd   +0.00   +0.00 integ.vbp +0.00 +0.00 omni.gos X     +0.0 ,Y     -0.1. omgD -0.008 omg  +0.00 loop   4463
[0mBatt=23.3 [0mODOM [31mVisionX  +0.00 Y  +0.00 theta   +0.0 elt    0 [0mimu  -0.5 Dt    6 LtCy    3 integ.govd   +0.00   -0.00 integ.vbp +0.00 -0.00 omni.gos X     +0.0 ,Y     -0.2. omgD -0.012 omg  +0.00 loop   4547
[0mBatt=23.3 [0mODOM [31mVisionX  +0.00 Y  +0.00 theta   +0.0 elt    0 [0mimu  -0.5 Dt    2 LtCy    1 integ.govd   +0.00   -0.00 integ.vbp +0.00 -0.00 omni.gos X     +0.0 ,Y     -0.2. omgD -0.016 omg  +0.00 loop   4440
[0mBatt=23.3 [0mODOM [31mVisionX  +0.00 Y  +0.00 theta   +0.0 elt    0 [0mimu  -0.5 Dt    8 LtCy    4 integ.govd   -0.00   -0.00 integ.vbp -0.00 -0.00 omni.gos X     -0.0 ,Y     -0.1. omgD -0.008 omg  +0.00 loop   4532
[0mBatt=23.3 [0mODOM [31mVisionX  +0.00 Y  +0.00 theta   +0.0 elt    0 [0mimu  -0.5 Dt    4 LtCy    2 integ.govd   +0.00   -0.00 integ.vbp +0.00 -0.00 omni.gos X     +0.0 ,Y     -0.2. omgD -0.016 omg  +0.00 loop   4427
[0mBatt=23.3 [0mODOM [31mVisionX  +0.00 Y  +0.00 theta   +0.0 elt    0 [0mimu  -0.5 Dt    0 LtCy    0 integ.govd   +0.00   +0.00 integ.vbp +0.00 +0.00 omni.gos X     +0.0 ,Y     -0.0. omgD -0.003 omg  +0.00 loop   4446
[0mBatt=23.3 [0mODOM [31mVisionX  +0.00 Y  +0.00 theta   +0.0 elt    0 [0mimu  -0.5 Dt    8 LtCy    4 integ.govd   +0.00   -0.00 integ.vbp +0.00 -0.00 omni.gos X     +0.0 ,Y     +0.0. omgD +0.001 omg  +0.00 loop   4537
[0mBatt=23.3 [0mODOM [31mVisionX  +0.00 Y  +0.00 theta   +0.0 elt    0 [0mimu  -0.5 Dt    2 LtCy    1 integ.govd   +0.00   -0.00 integ.vbp +0.00 -0.00 omni.gos X     +0.0 ,Y     -0.2. omgD -0.012 omg  +0.00 loop   4462
[0mBatt=23.3 [0mODOM [31mVisionX  +0.00 Y  +0.00 theta   +0.0 elt    0 [0mimu  -0.5 Dt    8 LtCy    4 integ.govd   -0.00   -0.00 integ.vbp -0.00 -0.00 omni.gos X     +0.0 ,Y     -0.2. omgD -0.012 omg  +0.00 loop   4475
[0mBatt=23.3 [0mODOM [31mVisionX  +0.00 Y  +0.00 theta   +0.0 elt    0 [0mimu  -0.5 Dt    6 LtCy    3 integ.govd   +0.00   -0.00 integ.vbp +0.00 -0.00 omni.gos X     +0.0 ,Y     -0.0. omgD -0.003 omg  +0.00 loop   4489
[0mBatt=23.3 [0mODOM [31mVisionX  +0.00 Y  +0.00 theta   +0.0 elt    0 [0mimu  -0.5 Dt    0 LtCy    0 integ.govd   +0.00   +0.00 integ.vbp +0.00 +0.00 omni.gos X     +0.0 ,Y     -0.2. omgD -0.012 omg  +0.00 loop   4463
[0mBatt=23.3 [0mODOM [31mVisionX  +0.00 Y  +0.00 theta   +0.0 elt    0 [0mimu  -0.5 Dt    6 LtCy    3 integ.govd   +0.00   -0.00 integ.vbp +0.00 -0.00 omni.gos X     +0.0 ,Y     -0.2. omgD -0.012 omg  +0.00 loop   4551
[0mBatt=23.3 [0mODOM [31mVisionX  +0.00 Y  +0.00 theta   +0.0 elt    0 [0mimu  -0.5 Dt    2 LtCy    1 integ.govd   +0.00   -0.00 integ.vbp +0.00 -0.00 omni.gos X     +0.0 ,Y     -0.1. omgD -0.008 omg  +0.00 loop   4454
[0mBatt=23.3 [0mODOM [31mVisionX  +0.00 Y  +0.00 theta   +0.0 elt    0 [0mimu  -0.5 Dt    8 LtCy    4 integ.govd   -0.00   -0.00 integ.vbp -0.00 -0.00 omni.gos X     -0.0 ,Y     -0.1. omgD -0.008 omg  +0.00 loop   4511
[0mBatt=23.3 [0mODOM [31mVisionX  +0.00 Y  +0.00 theta   +0.0 elt    0 [0mimu  -0.5 Dt    4 LtCy    2 integ.govd   +0.00   -0.00 integ.vbp +0.00 -0.00 omni.gos X     +0.0 ,Y     -0.2. omgD -0.016 omg  +0.00 loop   4470
[0mBatt=23.3 [0mODOM [31mVisionX  +0.00 Y  +0.00 theta   +0.0 elt    0 [0mimu  -0.5 Dt    0 LtCy    0 integ.govd   +0.00   +0.00 integ.vbp +0.00 +0.00 omni.gos X     +0.0 ,Y     -0.0. omgD -0.003 omg  +0.00 loop   4459
[0mBatt=23.3 [0mODOM [31mVisionX  +0.00 Y  +0.00 theta   +0.0 elt    0 [0mimu  -0.5 Dt    6 LtCy    3 integ.govd   -0.00   -0.00 integ.vbp -0.00 -0.00 omni.gos X     +0.0 ,Y     -0.1. omgD -0.008 omg  +0.00 loop   4540
[0mBatt=23.3 [0mODOM [31mVisionX  +0.00 Y  +0.00 theta   +0.0 elt    0 [0mimu  -0.5 Dt    2 LtCy    1 integ.govd   +0.00   -0.00 integ.vbp +0.00 -0.00 omni.gos X     +0.0 ,Y     -0.2. omgD -0.012 omg  +0.00 loop   4467
[0mBatt=23.3 [0mODOM [31mVisionX  +0.00 Y  +0.00 theta   +0.0 elt    0 [0mimu  -0.5 Dt    8 LtCy    4 integ.govd   +0.00   -0.00 integ.vbp +0.00 -0.00 omni.gos X     +0.0 ,Y     -0.2. omgD -0.012 omg  +0.00 loop   4537
[0mBatt=23.3 [0mODOM [31mVisionX  +0.00 Y  +0.00 theta   +0.0 elt    0 [0mimu  -0.6 Dt    4 LtCy    2 integ.govd   +0.00   -0.00 integ.vbp +0.00 -0.00 omni.gos X     +0.0 ,Y     -0.2. omgD -0.012 omg  +0.00 loop   4426
[0mBatt=23.3 [0mODOM [31mVisionX  +0.00 Y  +0.00 theta   +0.0 elt    0 [0mimu  -0.6 Dt   10 LtCy    5 integ.govd   +0.00   -0.00 integ.vbp +0.00 -0.00 omni.gos X     +0.0 ,Y     -0.1. omgD -0.008 omg  +0.00 loop   4511
[0mBatt=23.3 [0mODOM [31mVisionX  +0.00 Y  +0.00 theta   +0.0 elt    0 [0mimu  -0.6 Dt    4 LtCy    2 integ.govd   -0.00   -0.00 integ.vbp -0.00 -0.00 omni.gos X     +0.0 ,Y     -0.0. omgD -0.003 omg  +0.00 loop   4497
[0mBatt=23.3 [0mODOM [31mVisionX  +0.00 Y  +0.00 theta   +0.0 elt    0 [0mimu  -0.6 Dt    2 LtCy    1 integ.govd   +0.00   -0.00 integ.vbp +0.00 -0.00 omni.gos X     +0.0 ,Y     -0.0. omgD -0.003 omg  +0.00 loop   4435
[0mBatt=23.3 [0mODOM [31mVisionX  +0.00 Y  +0.00 theta   +0.0 elt    0 [0mimu  -0.6 Dt    8 LtCy    4 integ.govd   -0.00   -0.00 integ.vbp -0.00 -0.00 omni.gos X     +0.0 ,Y     -0.1. omgD -0.008 omg  +0.00 loop   4548
[0mBatt=23.3 [0mODOM [31mVisionX  +0.00 Y  +0.00 theta   +0.0 elt    0 [0mimu  -0.6 Dt    4 LtCy    2 integ.govd   +0.00   -0.00 integ.vbp +0.00 -0.00 omni.gos X     +0.0 ,Y     -0.1. omgD -0.008 omg  +0.00 loop   4467
[0mBatt=23.3 [0mODOM [31mVisionX  +0.00 Y  +0.00 theta   +0.0 elt    0 [0mimu  -0.6 Dt    0 LtCy    0 integ.govd   +0.00   +0.00 integ.vbp +0.00 +0.00 omni.gos X     +0.0 ,Y     -0.1. omgD -0.008 omg  +0.00 loop   4446
[0mBatt=23.3 [0mODOM [31mVisionX  +0.00 Y  +0.00 theta   +0.0 elt    0 [0mimu  -0.6 Dt    6 LtCy    3 integ.govd   +0.00   -0.00 integ.vbp +0.00 -0.00 omni.gos X     +0.0 ,Y     -0.0. omgD -0.003 omg  +0.00 loop   4561
[0mBatt=23.3 [0mODOM [31mVisionX  +0.00 Y  +0.00 theta   +0.0 elt    0 [0mimu  -0.6 Dt    4 LtCy    2 integ.govd   +0.00   -0.00 integ.vbp +0.00 -0.00 omni.gos X     +0.0 ,Y     -0.2. omgD -0.012 omg  +0.00 loop   2147
[0mBatt=23.3 [0mODOM [31mVisionX  +0.00 Y  +0.00 theta   +0.0 elt    0 [0mimu  -0.6 Dt    0 LtCy    0 integ.govd   +0.00   +0.00 integ.vbp +0.00 +0.00 omni.gos X     +0.0 ,Y     -0.0. omgD -0.003 omg  +0.00 loop   4472
[0mBatt=23.3 [0mODOM [31mVisionX  +0.00 Y  +0.00 theta   +0.0 elt    0 [0mimu  -0.6 Dt    6 LtCy    3 integ.govd   -0.00   -0.00 integ.vbp -0.00 -0.00 omni.gos X     -0.0 ,Y     -0.2. omgD -0.012 omg  +0.00 loop   4517
[0mBatt=23.3 [0mODOM [31mVisionX  +0.00 Y  +0.00 theta   +0.0 elt    0 [0mimu  -0.6 Dt    2 LtCy    1 integ.govd   +0.00   -0.00 integ.vbp +0.00 -0.00 omni.gos X     +0.0 ,Y     -0.1. omgD -0.008 omg  +0.00 loop   4452
[0mBatt=23.3 [0mODOM [31mVisionX  +0.00 Y  +0.00 theta   +0.0 elt    0 [0mimu  -0.6 Dt    8 LtCy    4 integ.govd   -0.00   -0.00 integ.vbp -0.00 -0.00 omni.gos X     -0.0 ,Y     -0.2. omgD -0.012 omg  +0.00 loop   4526
[0mBatt=23.3 [0mODOM [31mVisionX  +0.00 Y  +0.00 theta   +0.0 elt    0 [0mimu  -0.6 Dt    4 LtCy    2 integ.govd   -0.00   -0.00 integ.vbp -0.00 -0.00 omni.gos X     +0.0 ,Y     -0.2. omgD -0.012 omg  +0.00 loop   4410
[0mBatt=23.3 [0mODOM [31mVisionX  +0.00 Y  +0.00 theta   +0.0 elt    0 [0mimu  -0.6 Dt    0 LtCy    0 integ.govd   +0.00   +0.00 integ.vbp +0.00 +0.00 omni.gos X     +0.0 ,Y     -0.1. omgD -0.008 omg  +0.00 loop   4454
[0mBatt=23.3 [0mODOM [31mVisionX  +0.00 Y  +0.00 theta   +0.0 elt    0 [0mimu  -0.6 Dt    6 LtCy    3 integ.govd   +0.00   -0.00 integ.vbp +0.00 -0.00 omni.gos X     +0.0 ,Y     -0.0. omgD -0.003 omg  +0.00 loop   4546
[0mBatt=23.3 [0mODOM [31mVisionX  +0.00 Y  +0.00 theta   +0.0 elt    0 [0mimu  -0.6 Dt    2 LtCy    1 integ.govd   +0.00   -0.00 integ.vbp +0.00 -0.00 omni.gos X     +0.0 ,Y     -0.0. omgD -0.003 omg  +0.00 loop   4449
[0mBatt=23.3 [0mODOM [31mVisionX  +0.00 Y  +0.00 theta   +0.0 elt    0 [0mimu  -0.6 Dt    8 LtCy    4 integ.govd   -0.00   -0.00 integ.vbp -0.00 -0.00 omni.gos X     +0.0 ,Y     -0.2. omgD -0.012 omg  +0.00 loop   4526
[0mBatt=23.3 [0mODOM [31mVisionX  +0.00 Y  +0.00 theta   +0.0 elt    0 [0mimu  -0.6 Dt    4 LtCy    2 integ.govd   +0.00   -0.00 integ.vbp +0.00 -0.00 omni.gos X     +0.0 ,Y     -0.0. omgD -0.003 omg  +0.00 loop   4436
[0mBatt=23.3 [0mODOM [31mVisionX  +0.00 Y  +0.00 theta   +0.0 elt    0 [0mimu  -0.6 Dt    2 LtCy    1 integ.govd   +0.00   -0.00 integ.vbp +0.00 -0.00 omni.gos X     +0.0 ,Y     -0.2. omgD -0.012 omg  +0.00 loop   4466
[0mBatt=23.3 [0mODOM [31mVisionX  +0.00 Y  +0.00 theta   +0.0 elt    0 [0mimu  -0.6 Dt    8 LtCy    4 integ.govd   +0.00   -0.00 integ.vbp +0.00 -0.00 omni.gos X     +0.0 ,Y     -0.0. omgD -0.003 omg  +0.00 loop   4510
[0mBatt=23.3 [0mODOM [31mVisionX  +0.00 Y  +0.00 theta   +0.0 elt    0 [0mimu  -0.6 Dt    2 LtCy    1 integ.govd   +0.00   -0.00 integ.vbp +0.00 -0.00 omni.gos X     +0.0 ,Y     -0.0. omgD -0.003 omg  +0.00 loop   4464
[0mBatt=23.3 [0mODOM [31mVisionX  +0.00 Y  +0.00 theta   +0.0 elt    0 [0mimu  -0.6 Dt    0 LtCy    0 integ.govd   +0.00   +0.00 integ.vbp +0.00 +0.00 omni.gos X     +0.0 ,Y     -0.2. omgD -0.012 omg  +0.00 loop   4473
[0mBatt=23.3 [0mODOM [31mVisionX  +0.00 Y  +0.00 theta   +0.0 elt    0 [0mimu  -0.6 Dt    6 LtCy    3 integ.govd   +0.00   -0.00 integ.vbp +0.00 -0.00 omni.gos X     +0.0 ,Y     -0.0. omgD -0.003 omg  +0.00 loop   4530
[0mBatt=23.3 [0mODOM [31mVisionX  +0.00 Y  +0.00 theta   +0.0 elt    0 [0mimu  -0.6 Dt    0 LtCy    0 integ.govd   +0.00   +0.00 integ.vbp +0.00 +0.00 omni.gos X     +0.0 ,Y     -0.0. omgD -0.003 omg  +0.00 loop   4462
[0mBatt=23.3 [0mODOM [31mVisionX  +0.00 Y  +0.00 theta   +0.0 elt    0 [0mimu  -0.6 Dt    6 LtCy    3 integ.govd   +0.00   -0.00 integ.vbp +0.00 -0.00 omni.gos X     +0.0 ,Y     -0.0. omgD -0.003 omg  +0.00 loop   4554
[0mBatt=23.3 [0mODOM [31mVisionX  +0.00 Y  +0.00 theta   +0.0 elt    0 [0mimu  -0.6 Dt    2 LtCy    1 integ.govd   +0.00   -0.00 integ.vbp +0.00 -0.00 omni.gos X     +0.0 ,Y     -0.0. omgD -0.003 omg  +0.00 loop   4444
[0mBatt=23.3 [0mODOM [31mVisionX  +0.00 Y  +0.00 theta   +0.0 elt    0 [0mimu  -0.6 Dt    8 LtCy    4 integ.govd   +0.00   -0.00 integ.vbp +0.00 -0.00 omni.gos X     +0.0 ,Y     -0.2. omgD -0.012 omg  +0.00 loop   4479
[0mBatt=23.3 [0mODOM [31mVisionX  +0.00 Y  +0.00 theta   +0.0 elt    0 [0mimu  -0.6 Dt    6 LtCy    3 integ.govd   -0.00   -0.00 integ.vbp -0.00 -0.00 omni.gos X     +0.0 ,Y     -0.1. omgD -0.008 omg  +0.00 loop   4514
[0mBatt=23.3 [0mODOM [31mVisionX  +0.00 Y  +0.00 theta   +0.0 elt    0 [0mimu  -0.6 Dt    0 LtCy    0 integ.govd   +0.00   +0.00 integ.vbp +0.00 +0.00 omni.gos X     +0.0 ,Y     -0.1. omgD -0.008 omg  +0.00 loop   4436
[0mBatt=23.3 [0mODOM [31mVisionX  +0.00 Y  +0.00 theta   +0.0 elt    0 [0mimu  -0.6 Dt    6 LtCy    3 integ.govd   -0.00   -0.00 integ.vbp -0.00 -0.00 omni.gos X     +0.0 ,Y     -0.0. omgD -0.003 omg  +0.00 loop   4527
[0mBatt=23.3 [0mODOM [31mVisionX  +0.00 Y  +0.00 theta   +0.0 elt    0 [0mimu  -0.6 Dt    4 LtCy    2 integ.govd   +0.00   -0.00 integ.vbp +0.00 -0.00 omni.gos X     +0.0 ,Y     -0.2. omgD -0.012 omg  +0.00 loop   4457
[0mBatt=23.3 [0mODOM [31mVisionX  +0.00 Y  +0.00 theta   +0.0 elt    0 [0mimu  -0.6 Dt    0 LtCy    0 integ.govd   +0.00   +0.00 integ.vbp +0.00 +0.00 omni.gos X     +0.0 ,Y     -0.1. omgD -0.008 omg  +0.00 loop   4469
[0mBatt=23.3 [0mODOM [31mVisionX  +0.00 Y  +0.00 theta   +0.0 elt    0 [0mimu  -0.6 Dt    4 LtCy    2 integ.govd   +0.00   +0.00 integ.vbp +0.00 +0.00 omni.gos X     +0.0 ,Y     +0.1. omgD +0.005 omg  +0.00 loop   4516
[0mBatt=23.3 [0mODOM [31mVisionX  +0.00 Y  +0.00 theta   +0.0 elt    0 [0mimu  -0.6 Dt    0 LtCy    0 integ.govd   +0.00   +0.00 integ.vbp +0.00 +0.00 omni.gos X     +0.0 ,Y     -0.0. omgD -0.003 omg  +0.00 loop   4475
[0mBatt=23.3 [0mODOM [31mVisionX  +0.00 Y  +0.00 theta   +0.0 elt    0 [0mimu  -0.6 Dt    6 LtCy    3 integ.govd   -0.00   -0.00 integ.vbp -0.00 -0.00 omni.gos X     +0.0 ,Y     -0.0. omgD -0.003 omg  +0.00 loop   4553
[0mBatt=23.3 [0mODOM [31mVisionX  +0.00 Y  +0.00 theta   +0.0 elt    0 [0mimu  -0.6 Dt    2 LtCy    1 integ.govd   +0.00   +0.00 integ.vbp +0.00 +0.00 omni.gos X     +0.0 ,Y     +0.0. omgD +0.001 omg  +0.00 loop   4419
[0mBatt=23.3 [0mODOM [31mVisionX  +0.00 Y  +0.00 theta   +0.0 elt    0 [0mimu  -0.6 Dt   10 LtCy    5 integ.govd   -0.00   -0.00 integ.vbp -0.00 -0.00 omni.gos X     +0.0 ,Y     -0.2. omgD -0.016 omg  +0.00 loop   4537
[0mBatt=23.3 [0mODOM [31mVisionX  +0.00 Y  +0.00 theta   +0.0 elt    0 [0mimu  -0.6 Dt    4 LtCy    2 integ.govd   -0.00   -0.00 integ.vbp -0.00 -0.00 omni.gos X     +0.0 ,Y     -0.2. omgD -0.012 omg  +0.00 loop   4434
[0mBatt=23.3 [0mODOM [31mVisionX  +0.00 Y  +0.00 theta   +0.0 elt    0 [0mimu  -0.6 Dt    0 LtCy    0 integ.govd   +0.00   +0.00 integ.vbp +0.00 +0.00 omni.gos X     -0.0 ,Y     -0.2. omgD -0.016 omg  +0.00 loop   4437
[0mBatt=23.3 [0mODOM [31mVisionX  +0.00 Y  +0.00 theta   +0.0 elt    0 [0mimu  -0.6 Dt    8 LtCy    4 integ.govd   +0.00   -0.00 integ.vbp +0.00 -0.00 omni.gos X     +0.0 ,Y     +0.0. omgD +0.001 omg  +0.00 loop   4537
[0mBatt=23.3 [0mODOM [31mVisionX  +0.00 Y  +0.00 theta   +0.0 elt    0 [0mimu  -0.6 Dt    2 LtCy    1 integ.govd   +0.00   -0.00 integ.vbp +0.00 -0.00 omni.gos X     +0.0 ,Y     -0.1. omgD -0.008 omg  +0.00 loop   4462
[0mBatt=23.3 [0mODOM [31mVisionX  +0.00 Y  +0.00 theta   +0.0 elt    0 [0mimu  -0.6 Dt    8 LtCy    4 integ.govd   -0.00   -0.00 integ.vbp -0.00 -0.00 omni.gos X     -0.0 ,Y     -0.2. omgD -0.012 omg  +0.00 loop   4471
[0mBatt=23.3 [0mODOM [31mVisionX  +0.00 Y  +0.00 theta   +0.0 elt    0 [0mimu  -0.6 Dt    6 LtCy    3 integ.govd   +0.00   -0.00 integ.vbp +0.00 -0.00 omni.gos X     +0.0 ,Y     -0.1. omgD -0.010 omg  +0.00 loop   4487
[0mBatt=23.3 [0mODOM [31mVisionX  +0.00 Y  +0.00 theta   +0.0 elt    0 [0mimu  -0.6 Dt    2 LtCy    1 integ.govd   +0.00   -0.00 integ.vbp +0.00 -0.00 omni.gos X     +0.0 ,Y     -0.1. omgD -0.010 omg  +0.00 loop   4475
[0mBatt=23.3 [0mODOM [31mVisionX  +0.00 Y  +0.00 theta   +0.0 elt    0 [0mimu  -0.6 Dt    6 LtCy    3 integ.govd   -0.00   -0.00 integ.vbp -0.00 -0.00 omni.gos X     +0.0 ,Y     -0.2. omgD -0.012 omg  +0.00 loop   4544
[0mBatt=23.3 [0mODOM [31mVisionX  +0.00 Y  +0.00 theta   +0.0 elt    0 [0mimu  -0.6 Dt    2 LtCy    1 integ.govd   +0.00   -0.00 integ.vbp +0.00 -0.00 omni.gos X     +0.0 ,Y     -0.1. omgD -0.005 omg  +0.00 loop   4423
[0mBatt=23.3 [0mODOM [31mVisionX  +0.00 Y  +0.00 theta   +0.0 elt    0 [0mimu  -0.6 Dt    8 LtCy    4 integ.govd   -0.00   -0.00 integ.vbp -0.00 -0.00 omni.gos X     +0.0 ,Y     -0.1. omgD -0.008 omg  +0.00 loop   4548
[0mBatt=23.3 [0mODOM [31mVisionX  +0.00 Y  +0.00 theta   +0.0 elt    0 [0mimu  -0.6 Dt    4 LtCy    2 integ.govd   +0.00   -0.00 integ.vbp +0.00 -0.00 omni.gos X     +0.0 ,Y     -0.1. omgD -0.005 omg  +0.00 loop   4455
[0mBatt=23.3 [0mODOM [31mVisionX  +0.00 Y  +0.00 theta   +0.0 elt    0 [0mimu  -0.6 Dt    0 LtCy    0 integ.govd   +0.00   +0.00 integ.vbp +0.00 +0.00 omni.gos X     +0.0 ,Y     -0.1. omgD -0.005 omg  +0.00 loop   4446
[0mBatt=23.3 [0mODOM [31mVisionX  +0.00 Y  +0.00 theta   +0.0 elt    0 [0mimu  -0.6 Dt    6 LtCy    3 integ.govd   +0.00   -0.00 integ.vbp +0.00 -0.00 omni.gos X     +0.0 ,Y     -0.1. omgD -0.005 omg  +0.00 loop   4542
[0mBatt=23.3 [0mODOM [31mVisionX  +0.00 Y  +0.00 theta   +0.0 elt    0 [0mimu  -0.6 Dt    0 LtCy    0 integ.govd   +0.00   +0.00 integ.vbp +0.00 +0.00 omni.gos X     +0.0 ,Y     -0.1. omgD -0.008 omg  +0.00 loop   4462
[0mBatt=23.3 [0mODOM [31mVisionX  +0.00 Y  +0.00 theta   +0.0 elt    0 [0mimu  -0.6 Dt    8 LtCy    4 integ.govd   -0.00   -0.00 integ.vbp -0.00 -0.00 omni.gos X     +0.0 ,Y     -0.2. omgD -0.012 omg  +0.00 loop   4546
[0mBatt=23.3 [0mODOM [31mVisionX  +0.00 Y  +0.00 theta   +0.0 elt    0 [0mimu  -0.6 Dt    4 LtCy    2 integ.govd   +0.00   -0.00 integ.vbp +0.00 -0.00 omni.gos X     +0.0 ,Y     -0.2. omgD -0.012 omg  +0.00 loop   4437
[0mBatt=23.3 [0mODOM [31mVisionX  +0.00 Y  +0.00 theta   +0.0 elt    0 [0mimu  -0.6 Dt   10 LtCy    5 integ.govd   -0.00   -0.00 integ.vbp -0.00 -0.00 omni.gos X     +0.0 ,Y     -0.1. omgD -0.008 omg  +0.00 loop   4493
[0mBatt=23.3 [0mODOM [31mVisionX  +0.00 Y  +0.00 theta   +0.0 elt    0 [0mimu  -0.6 Dt    4 LtCy    2 integ.govd   -0.00   -0.00 integ.vbp -0.00 -0.00 omni.gos X     +0.0 ,Y     -0.2. omgD -0.012 omg  +0.00 loop   4494
[0mBatt=23.3 [0mODOM [31mVisionX  +0.00 Y  +0.00 theta   +0.0 elt    0 [0mimu  -0.6 Dt    0 LtCy    0 integ.govd   +0.00   +0.00 integ.vbp +0.00 +0.00 omni.gos X     +0.0 ,Y     -0.1. omgD -0.005 omg  +0.00 loop   4428
[0mBatt=23.3 [0mODOM [31mVisionX  +0.00 Y  +0.00 theta   +0.0 elt    0 [0mimu  -0.6 Dt    6 LtCy    3 integ.govd   +0.00   -0.00 integ.vbp +0.00 -0.00 omni.gos X     +0.0 ,Y     -0.1. omgD -0.005 omg  +0.00 loop   4549
[0mBatt=23.3 [0mODOM [31mVisionX  +0.00 Y  +0.00 theta   +0.0 elt    0 [0mimu  -0.6 Dt    4 LtCy    2 integ.govd   +0.00   -0.00 integ.vbp +0.00 -0.00 omni.gos X     +0.0 ,Y     -0.1. omgD -0.005 omg  +0.00 loop   4472
[0mBatt=23.3 [0mODOM [31mVisionX  +0.00 Y  +0.00 theta   +0.0 elt    0 [0mimu  -0.6 Dt    8 LtCy    4 integ.govd   -0.00   -0.00 integ.vbp -0.00 -0.00 omni.gos X     -0.0 ,Y     -0.2. omgD -0.012 omg  +0.00 loop   4502
[0mBatt=23.3 [0mODOM [31mVisionX  +0.00 Y  +0.00 theta   +0.0 elt    0 [0mimu  -0.6 Dt    4 LtCy    2 integ.govd   -0.00   -0.00 integ.vbp -0.00 -0.00 omni.gos X     +0.0 ,Y     -0.1. omgD -0.005 omg  +0.00 loop   4451
[0mBatt=23.3 [0mODOM [31mVisionX  +0.00 Y  +0.00 theta   +0.0 elt    0 [0mimu  -0.6 Dt    8 LtCy    4 integ.govd   +0.00   -0.00 integ.vbp +0.00 -0.00 omni.gos X     +0.0 ,Y     -0.1. omgD -0.008 omg  +0.00 loop   4473
[0mBatt=23.3 [0mODOM [31mVisionX  +0.00 Y  +0.00 theta   +0.0 elt    0 [0mimu  -0.6 Dt    6 LtCy    3 integ.govd   +0.00   -0.00 integ.vbp +0.00 -0.00 omni.gos X     +0.0 ,Y     -0.1. omgD -0.005 omg  +0.00 loop   4499
[0mBatt=23.3 [0mODOM [31mVisionX  +0.00 Y  +0.00 theta   +0.0 elt    0 [0mimu  -0.6 Dt    2 LtCy    1 integ.govd   +0.00   -0.00 integ.vbp +0.00 -0.00 omni.gos X     +0.0 ,Y     -0.2. omgD -0.016 omg  +0.00 loop   4468
[0mBatt=23.3 [0mODOM [31mVisionX  +0.00 Y  +0.00 theta   +0.0 elt    0 [0mimu  -0.6 Dt    8 LtCy    4 integ.govd   +0.00   -0.00 integ.vbp +0.00 -0.00 omni.gos X     +0.0 ,Y     -0.1. omgD -0.005 omg  +0.00 loop   4531
[0mBatt=23.3 [0mODOM [31mVisionX  +0.00 Y  +0.00 theta   +0.0 elt    0 [0mimu  -0.6 Dt    4 LtCy    2 integ.govd   +0.00   +0.00 integ.vbp +0.00 +0.00 omni.gos X     +0.0 ,Y     +0.0. omgD +0.001 omg  +0.00 loop   4470
[0mBatt=23.3 [0mODOM [31mVisionX  +0.00 Y  +0.00 theta   +0.0 elt    0 [0mimu  -0.6 Dt    0 LtCy    0 integ.govd   +0.00   +0.00 integ.vbp +0.00 +0.00 omni.gos X     +0.0 ,Y     -0.2. omgD -0.012 omg  +0.00 loop   4447
[0mBatt=23.3 [0mODOM [31mVisionX  +0.00 Y  +0.00 theta   +0.0 elt    0 [0mimu  -0.6 Dt    6 LtCy    3 integ.govd   -0.00   -0.00 integ.vbp -0.00 -0.00 omni.gos X     +0.0 ,Y     -0.2. omgD -0.012 omg  +0.00 loop   4555
[0mBatt=23.3 [0mODOM [31mVisionX  +0.00 Y  +0.00 theta   +0.0 elt    0 [0mimu  -0.6 Dt    2 LtCy    1 integ.govd   +0.00   -0.00 integ.vbp +0.00 -0.00 omni.gos X     +0.0 ,Y     -0.0. omgD -0.003 omg  +0.00 loop   4465
[0mBatt=23.3 [0mODOM [31mVisionX  +0.00 Y  +0.00 theta   +0.0 elt    0 [0mimu  -0.6 Dt    8 LtCy    4 integ.govd   +0.00   -0.00 integ.vbp +0.00 -0.00 omni.gos X     +0.0 ,Y     -0.0. omgD -0.003 omg  +0.00 loop   4499
[0mBatt=23.3 [0mODOM [31mVisionX  +0.00 Y  +0.00 theta   +0.0 elt    0 [0mimu  -0.6 Dt    4 LtCy    2 integ.govd   -0.00   -0.00 integ.vbp -0.00 -0.00 omni.gos X     +0.0 ,Y     -0.3. omgD -0.020 omg  +0.00 loop   4471
[0mBatt=23.3 [0mODOM [31mVisionX  +0.00 Y  +0.00 theta   +0.0 elt    0 [0mimu  -0.6 Dt    2 LtCy    1 integ.govd   -0.00   -0.00 integ.vbp -0.00 -0.00 omni.gos X     -0.0 ,Y     -0.1. omgD -0.008 omg  +0.00 loop   2124
[0mBatt=23.3 [0mODOM [31mVisionX  +0.00 Y  +0.00 theta   +0.0 elt    0 [0mimu  -0.6 Dt    8 LtCy    4 integ.govd   +0.00   -0.00 integ.vbp +0.00 -0.00 omni.gos X     +0.0 ,Y     -0.2. omgD -0.012 omg  +0.00 loop   4500
[0mBatt=23.3 [0mODOM [31mVisionX  +0.00 Y  +0.00 theta   +0.0 elt    0 [0mimu  -0.6 Dt    4 LtCy    2 integ.govd   +0.00   -0.00 integ.vbp +0.00 -0.00 omni.gos X     +0.0 ,Y     -0.0. omgD -0.003 omg  +0.00 loop   4443
[0mBatt=23.3 [0mODOM [31mVisionX  +0.00 Y  +0.00 theta   +0.0 elt    0 [0mimu  -0.6 Dt    0 LtCy    0 integ.govd   +0.00   +0.00 integ.vbp +0.00 +0.00 omni.gos X     +0.0 ,Y     -0.1. omgD -0.008 omg  +0.00 loop   4467
[0mBatt=23.3 [0mODOM [31mVisionX  +0.00 Y  +0.00 theta   +0.0 elt    0 [0mimu  -0.6 Dt    6 LtCy    3 integ.govd   -0.00   -0.00 integ.vbp -0.00 -0.00 omni.gos X     -0.0 ,Y     -0.1. omgD -0.008 omg  +0.00 loop   4548
[0mBatt=23.3 [0mODOM [31mVisionX  +0.00 Y  +0.00 theta   +0.0 elt    0 [0mimu  -0.6 Dt    4 LtCy    2 integ.govd   -0.00   -0.00 integ.vbp -0.00 -0.00 omni.gos X     -0.0 ,Y     -0.0. omgD -0.003 omg  +0.00 loop   4413
[0mBatt=23.3 [0mODOM [31mVisionX  +0.00 Y  +0.00 theta   +0.0 elt    0 [0mimu  -0.6 Dt    8 LtCy    4 integ.govd   -0.00   -0.00 integ.vbp -0.00 -0.00 omni.gos X     +0.0 ,Y     -0.1. omgD -0.008 omg  +0.00 loop   4510
[0mBatt=23.3 [0mODOM [31mVisionX  +0.00 Y  +0.00 theta   +0.0 elt    0 [0mimu  -0.6 Dt    4 LtCy    2 integ.govd   +0.00   -0.00 integ.vbp +0.00 -0.00 omni.gos X     +0.0 ,Y     -0.2. omgD -0.012 omg  +0.00 loop   4446
[0mBatt=23.3 [0mODOM [31mVisionX  +0.00 Y  +0.00 theta   +0.0 elt    0 [0mimu  -0.6 Dt    2 LtCy    1 integ.govd   +0.00   -0.00 integ.vbp +0.00 -0.00 omni.gos X     +0.0 ,Y     -0.1. omgD -0.008 omg  +0.00 loop   4452
[0mBatt=23.3 [0mODOM [31mVisionX  +0.00 Y  +0.00 theta   +0.0 elt    0 [0mimu  -0.6 Dt    8 LtCy    4 integ.govd   -0.00   -0.00 integ.vbp -0.00 -0.00 omni.gos X     +0.0 ,Y     -0.1. omgD -0.008 omg  +0.00 loop   4529
[0mBatt=23.3 [0mODOM [31mVisionX  +0.00 Y  +0.00 theta   +0.0 elt    0 [0mimu  -0.6 Dt    2 LtCy    1 integ.govd   +0.00   -0.00 integ.vbp +0.00 -0.00 omni.gos X     +0.0 ,Y     -0.1. omgD -0.008 omg  +0.00 loop   4442
[0mBatt=23.3 [0mODOM [31mVisionX  +0.00 Y  +0.00 theta   +0.0 elt    0 [0mimu  -0.6 Dt    0 LtCy    0 integ.govd   +0.00   +0.00 integ.vbp +0.00 +0.00 omni.gos X     +0.0 ,Y     -0.0. omgD -0.003 omg  +0.00 loop   4458
[0mBatt=23.3 [0mODOM [31mVisionX  +0.00 Y  +0.00 theta   +0.0 elt    0 [0mimu  -0.6 Dt    6 LtCy    3 integ.govd   -0.00   -0.00 integ.vbp -0.00 -0.00 omni.gos X     +0.0 ,Y     -0.1. omgD -0.008 omg  +0.00 loop   4527
[0mBatt=23.3 [0mODOM [31mVisionX  +0.00 Y  +0.00 theta   +0.0 elt    0 [0mimu  -0.6 Dt    0 LtCy    0 integ.govd   +0.00   +0.00 integ.vbp +0.00 +0.00 omni.gos X     +0.0 ,Y     +0.1. omgD +0.005 omg  +0.00 loop   4462
[0mBatt=23.3 [0mODOM [31mVisionX  +0.00 Y  +0.00 theta   +0.0 elt    0 [0mimu  -0.6 Dt    8 LtCy    4 integ.govd   +0.00   -0.00 integ.vbp +0.00 -0.00 omni.gos X     +0.0 ,Y     -0.2. omgD -0.012 omg  +0.00 loop   4550
[0mBatt=23.3 [0mODOM [31mVisionX  +0.00 Y  +0.00 theta   +0.0 elt    0 [0mimu  -0.6 Dt    4 LtCy    2 integ.govd   +0.00   -0.00 integ.vbp +0.00 -0.00 omni.gos X     +0.0 ,Y     -0.0. omgD -0.003 omg  +0.00 loop   4440
[0mBatt=23.3 [0mODOM [31mVisionX  +0.00 Y  +0.00 theta   +0.0 elt    0 [0mimu  -0.6 Dt    0 LtCy    0 integ.govd   +0.00   +0.00 integ.vbp +0.00 +0.00 omni.gos X     +0.0 ,Y     -0.0. omgD -0.003 omg  +0.00 loop   4478
[0mBatt=23.3 [0mODOM [31mVisionX  +0.00 Y  +0.00 theta   +0.0 elt    0 [0mimu  -0.6 Dt    6 LtCy    3 integ.govd   +0.00   -0.00 integ.vbp +0.00 -0.00 omni.gos X     +0.0 ,Y     -0.1. omgD -0.008 omg  +0.00 loop   4548
[0mBatt=23.3 [0mODOM [31mVisionX  +0.00 Y  +0.00 theta   +0.0 elt    0 [0mimu  -0.6 Dt    0 LtCy    0 integ.govd   +0.00   +0.00 integ.vbp +0.00 +0.00 omni.gos X     -0.0 ,Y     -0.2. omgD -0.012 omg  +0.00 loop   4425
[0mBatt=23.3 [0mODOM [31mVisionX  +0.00 Y  +0.00 theta   +0.0 elt    0 [0mimu  -0.6 Dt    6 LtCy    3 integ.govd   +0.00   -0.00 integ.vbp +0.00 -0.00 omni.gos X     +0.0 ,Y     -0.2. omgD -0.012 omg  +0.00 loop   4543
[0mBatt=23.3 [0mODOM [31mVisionX  +0.00 Y  +0.00 theta   +0.0 elt    0 [0mimu  -0.6 Dt    4 LtCy    2 integ.govd   +0.00   -0.00 integ.vbp +0.00 -0.00 omni.gos X     +0.0 ,Y     -0.1. omgD -0.008 omg  +0.00 loop   4477
[0mBatt=23.3 [0mODOM [31mVisionX  +0.00 Y  +0.00 theta   +0.0 elt    0 [0mimu  -0.6 Dt   10 LtCy    5 integ.govd   +0.00   -0.00 integ.vbp +0.00 -0.00 omni.gos X     +0.0 ,Y     -0.1. omgD -0.008 omg  +0.00 loop   4477
[0mBatt=23.3 [0mODOM [31mVisionX  +0.00 Y  +0.00 theta   +0.0 elt    0 [0mimu  -0.6 Dt    4 LtCy    2 integ.govd   +0.00   -0.00 integ.vbp +0.00 -0.00 omni.gos X     +0.0 ,Y     -0.0. omgD -0.003 omg  +0.00 loop   4490
[0mBatt=23.3 [0mODOM [31mVisionX  +0.00 Y  +0.00 theta   +0.0 elt    0 [0mimu  -0.6 Dt    2 LtCy    1 integ.govd   +0.00   -0.00 integ.vbp +0.00 -0.00 omni.gos X     +0.0 ,Y     -0.1. omgD -0.008 omg  +0.00 loop   4475
[0mBatt=23.3 [0mODOM [31mVisionX  +0.00 Y  +0.00 theta   +0.0 elt    0 [0mimu  -0.6 Dt    8 LtCy    4 integ.govd   +0.00   +0.00 integ.vbp +0.00 +0.00 omni.gos X     +0.0 ,Y     +0.1. omgD +0.005 omg  +0.00 loop   4523
[0mBatt=23.3 [0mODOM [31mVisionX  +0.00 Y  +0.00 theta   +0.0 elt    0 [0mimu  -0.6 Dt    4 LtCy    2 integ.govd   +0.00   -0.00 integ.vbp +0.00 -0.00 omni.gos X     +0.0 ,Y     -0.2. omgD -0.012 omg  +0.00 loop   4418
[0mBatt=23.3 [0mODOM [31mVisionX  +0.00 Y  +0.00 theta   +0.0 elt    0 [0mimu  -0.6 Dt    8 LtCy    4 integ.govd   -0.00   -0.00 integ.vbp -0.00 -0.00 omni.gos X     +0.0 ,Y     -0.0. omgD -0.003 omg  +0.00 loop   4520
[0mBatt=23.3 [0mODOM [31mVisionX  +0.00 Y  +0.00 theta   +0.0 elt    0 [0mimu  -0.6 Dt    4 LtCy    2 integ.govd   +0.00   -0.00 integ.vbp +0.00 -0.00 omni.gos X     +0.0 ,Y     -0.0. omgD -0.003 omg  +0.00 loop   4459
[0mBatt=23.3 [0mODOM [31mVisionX  +0.00 Y  +0.00 theta   +0.0 elt    0 [0mimu  -0.6 Dt    2 LtCy    1 integ.govd   +0.00   -0.00 integ.vbp +0.00 -0.00 omni.gos X     +0.0 ,Y     -0.1. omgD -0.008 omg  +0.00 loop   4413
[0mBatt=23.3 [0mODOM [31mVisionX  +0.00 Y  +0.00 theta   +0.0 elt    0 [0mimu  -0.6 Dt    8 LtCy    4 integ.govd   -0.00   -0.00 integ.vbp -0.00 -0.00 omni.gos X     +0.0 ,Y     -0.2. omgD -0.012 omg  +0.00 loop   4546
[0mBatt=23.3 [0mODOM [31mVisionX  +0.00 Y  +0.00 theta   +0.0 elt    0 [0mimu  -0.6 Dt    2 LtCy    1 integ.govd   +0.00   +0.00 integ.vbp +0.00 +0.00 omni.gos X     +0.0 ,Y     +0.0. omgD +0.001 omg  +0.00 loop   4456
[0mBatt=23.3 [0mODOM [31mVisionX  +0.00 Y  +0.00 theta   +0.0 elt    0 [0mimu  -0.6 Dt    0 LtCy    0 integ.govd   +0.00   +0.00 integ.vbp +0.00 +0.00 omni.gos X     +0.0 ,Y     -0.0. omgD -0.003 omg  +0.00 loop   4445
[0mBatt=23.3 [0mODOM [31mVisionX  +0.00 Y  +0.00 theta   +0.0 elt    0 [0mimu  -0.6 Dt    6 LtCy    3 integ.govd   +0.00   -0.00 integ.vbp +0.00 -0.00 omni.gos X     +0.0 ,Y     -0.2. omgD -0.012 omg  +0.00 loop   4553
[0mBatt=23.3 [0mODOM [31mVisionX  +0.00 Y  +0.00 theta   +0.0 elt    0 [0mimu  -0.6 Dt    0 LtCy    0 integ.govd   +0.00   +0.00 integ.vbp +0.00 +0.00 omni.gos X     +0.0 ,Y     -0.2. omgD -0.012 omg  +0.00 loop   4461
[0mBatt=23.3 [0mODOM [31mVisionX  +0.00 Y  +0.00 theta   +0.0 elt    0 [0mimu  -0.6 Dt    8 LtCy    4 integ.govd   -0.00   -0.00 integ.vbp -0.00 -0.00 omni.gos X     +0.0 ,Y     -0.1. omgD -0.008 omg  +0.00 loop   4539
[0mBatt=23.3 [0mODOM [31mVisionX  +0.00 Y  +0.00 theta   +0.0 elt    0 [0mimu  -0.6 Dt    4 LtCy    2 integ.govd   +0.00   -0.00 integ.vbp +0.00 -0.00 omni.gos X     +0.0 ,Y     -0.0. omgD -0.003 omg  +0.00 loop   4438
[0mBatt=23.3 [0mODOM [31mVisionX  +0.00 Y  +0.00 theta   +0.0 elt    0 [0mimu  -0.6 Dt    0 LtCy    0 integ.govd   +0.00   +0.00 integ.vbp +0.00 +0.00 omni.gos X     +0.0 ,Y     +0.0. omgD +0.001 omg  +0.00 loop   4477
[0mBatt=23.3 [0mODOM [31mVisionX  +0.00 Y  +0.00 theta   +0.0 elt    0 [0mimu  -0.6 Dt    6 LtCy    3 integ.govd   +0.00   -0.00 integ.vbp +0.00 -0.00 omni.gos X     +0.0 ,Y     -0.1. omgD -0.008 omg  +0.00 loop   4547
[0mBatt=23.3 [0mODOM [31mVisionX  +0.00 Y  +0.00 theta   +0.0 elt    0 [0mimu  -0.6 Dt    0 LtCy    0 integ.govd   +0.00   +0.00 integ.vbp +0.00 +0.00 omni.gos X     +0.0 ,Y     -0.0. omgD -0.003 omg  +0.00 loop   4430
[0mBatt=23.3 [0mODOM [31mVisionX  +0.00 Y  +0.00 theta   +0.0 elt    0 [0mimu  -0.6 Dt    6 LtCy    3 integ.govd   +0.00   -0.00 integ.vbp +0.00 -0.00 omni.gos X     +0.0 ,Y     -0.2. omgD -0.012 omg  +0.00 loop   4559
[0mBatt=23.3 [0mODOM [31mVisionX  +0.00 Y  +0.00 theta   +0.0 elt    0 [0mimu  -0.6 Dt    4 LtCy    2 integ.govd   +0.00   -0.00 integ.vbp +0.00 -0.00 omni.gos X     +0.0 ,Y     -0.1. omgD -0.008 omg  +0.00 loop   4465
[0mBatt=23.3 [0mODOM [31mVisionX  +0.00 Y  +0.00 theta   +0.0 elt    0 [0mimu  -0.6 Dt   10 LtCy    5 integ.govd   +0.00   -0.00 integ.vbp +0.00 -0.00 omni.gos X     +0.0 ,Y     +0.0. omgD +0.001 omg  +0.00 loop   4469
[0mBatt=23.3 [0mODOM [31mVisionX  +0.00 Y  +0.00 theta   +0.0 elt    0 [0mimu  -0.6 Dt    4 LtCy    2 integ.govd   +0.00   -0.00 integ.vbp +0.00 -0.00 omni.gos X     +0.0 ,Y     -0.0. omgD -0.003 omg  +0.00 loop   4504
[0mBatt=23.3 [0mODOM [31mVisionX  +0.00 Y  +0.00 theta   +0.0 elt    0 [0mimu  -0.6 Dt    2 LtCy    1 integ.govd   +0.00   -0.00 integ.vbp +0.00 -0.00 omni.gos X     +0.0 ,Y     -0.0. omgD -0.003 omg  +0.00 loop   4477
[0mBatt=23.3 [0mODOM [31mVisionX  +0.00 Y  +0.00 theta   +0.0 elt    0 [0mimu  -0.6 Dt    8 LtCy    4 integ.govd   -0.00   -0.00 integ.vbp -0.00 -0.00 omni.gos X     +0.0 ,Y     -0.2. omgD -0.016 omg  +0.00 loop   4523
[0mBatt=23.3 [0mODOM [31mVisionX  +0.00 Y  +0.00 theta   +0.0 elt    0 [0mimu  -0.6 Dt    4 LtCy    2 integ.govd   +0.00   -0.00 integ.vbp +0.00 -0.00 omni.gos X     +0.0 ,Y     -0.2. omgD -0.012 omg  +0.00 loop   4434
[0mBatt=23.3 [0mODOM [31mVisionX  +0.00 Y  +0.00 theta   +0.0 elt    0 [0mimu  -0.6 Dt    8 LtCy    4 integ.govd   -0.00   -0.00 integ.vbp -0.00 -0.00 omni.gos X     +0.0 ,Y     -0.2. omgD -0.012 omg  +0.00 loop   4536
[0mBatt=23.3 [0mODOM [31mVisionX  +0.00 Y  +0.00 theta   +0.0 elt    0 [0mimu  -0.6 Dt    4 LtCy    2 integ.govd   +0.00   -0.00 integ.vbp +0.00 -0.00 omni.gos X     +0.0 ,Y     -0.0. omgD -0.003 omg  +0.00 loop   4420
[0mBatt=23.3 [0mODOM [31mVisionX  +0.00 Y  +0.00 theta   +0.0 elt    0 [0mimu  -0.6 Dt    2 LtCy    1 integ.govd   +0.00   +0.00 integ.vbp +0.00 +0.00 omni.gos X     +0.0 ,Y     +0.0. omgD +0.001 omg  +0.00 loop   4450
[0mBatt=23.3 [0mODOM [31mVisionX  +0.00 Y  +0.00 theta   +0.0 elt    0 [0mimu  -0.6 Dt    8 LtCy    4 integ.govd   -0.00   -0.00 integ.vbp -0.00 -0.00 omni.gos X     +0.0 ,Y     -0.1. omgD -0.008 omg  +0.00 loop   4541
[0mBatt=23.3 [0mODOM [31mVisionX  +0.00 Y  +0.00 theta   +0.0 elt    0 [0mimu  -0.6 Dt    2 LtCy    1 integ.govd   +0.00   -0.00 integ.vbp +0.00 -0.00 omni.gos X     +0.0 ,Y     -0.2. omgD -0.012 omg  +0.00 loop   4450
[0mBatt=23.3 [0mODOM [31mVisionX  +0.00 Y  +0.00 theta   +0.0 elt    0 [0mimu  -0.6 Dt    8 LtCy    4 integ.govd   -0.00   -0.00 integ.vbp -0.00 -0.00 omni.gos X     +0.0 ,Y     -0.2. omgD -0.012 omg  +0.00 loop   4504
[0mBatt=23.3 [0mODOM [31mVisionX  +0.00 Y  +0.00 theta   +0.0 elt    0 [0mimu  -0.6 Dt    4 LtCy    2 integ.govd   -0.00   -0.00 integ.vbp -0.00 -0.00 omni.gos X     +0.0 ,Y     -0.2. omgD -0.016 omg  +0.00 loop   4439
[0mBatt=23.3 [0mODOM [31mVisionX  +0.00 Y  +0.00 theta   +0.0 elt    0 [0mimu  -0.6 Dt    0 LtCy    0 integ.govd   +0.00   +0.00 integ.vbp +0.00 +0.00 omni.gos X     +0.0 ,Y     -0.0. omgD -0.003 omg  +0.00 loop   4449
[0mBatt=23.3 [0mODOM [31mVisionX  +0.00 Y  +0.00 theta   +0.0 elt    0 [0mimu  -0.6 Dt    6 LtCy    3 integ.govd   +0.00   +0.00 integ.vbp +0.00 +0.00 omni.gos X     +0.0 ,Y     +0.0. omgD +0.001 omg  +0.00 loop   4522
[0mBatt=23.3 [0mODOM [31mVisionX  +0.00 Y  +0.00 theta   +0.0 elt    0 [0mimu  -0.6 Dt    2 LtCy    1 integ.govd   +0.00   +0.00 integ.vbp +0.00 +0.00 omni.gos X     +0.0 ,Y     +0.0. omgD +0.001 omg  +0.00 loop   4469
[0mBatt=23.3 [0mODOM [31mVisionX  +0.00 Y  +0.00 theta   +0.0 elt    0 [0mimu  -0.6 Dt    8 LtCy    4 integ.govd   -0.00   -0.00 integ.vbp -0.00 -0.00 omni.gos X     +0.0 ,Y     -0.0. omgD -0.003 omg  +0.00 loop   4492
[0mBatt=23.3 [0mODOM [31mVisionX  +0.00 Y  +0.00 theta   +0.0 elt    0 [0mimu  -0.6 Dt    4 LtCy    2 integ.govd   +0.00   -0.00 integ.vbp +0.00 -0.00 omni.gos X     +0.0 ,Y     -0.0. omgD -0.003 omg  +0.00 loop   4467
[0mBatt=23.3 [0mODOM [31mVisionX  +0.00 Y  +0.00 theta   +0.0 elt    0 [0mimu  -0.6 Dt    2 LtCy    1 integ.govd   +0.00   -0.00 integ.vbp +0.00 -0.00 omni.gos X     +0.0 ,Y     -0.2. omgD -0.012 omg  +0.00 loop   4451
[0mBatt=23.3 [0mODOM [31mVisionX  +0.00 Y  +0.00 theta   +0.0 elt    0 [0mimu  -0.7 Dt    6 LtCy    3 integ.govd   -0.00   -0.00 integ.vbp -0.00 -0.00 omni.gos X     +0.0 ,Y     -0.1. omgD -0.008 omg  +0.00 loop   4541
[0mBatt=23.3 [0mODOM [31mVisionX  +0.00 Y  +0.00 theta   +0.0 elt    0 [0mimu  -0.7 Dt    2 LtCy    1 integ.govd   +0.00   -0.00 integ.vbp +0.00 -0.00 omni.gos X     +0.0 ,Y     -0.0. omgD -0.003 omg  +0.00 loop   4448
[0mBatt=23.3 [0mODOM [31mVisionX  +0.00 Y  +0.00 theta   +0.0 elt    0 [0mimu  -0.7 Dt    8 LtCy    4 integ.govd   -0.00   -0.00 integ.vbp -0.00 -0.00 omni.gos X     +0.0 ,Y     -0.1. omgD -0.008 omg  +0.00 loop   4516
[0mBatt=23.3 [0mODOM [31mVisionX  +0.00 Y  +0.00 theta   +0.0 elt    0 [0mimu  -0.7 Dt    4 LtCy    2 integ.govd   +0.00   -0.00 integ.vbp +0.00 -0.00 omni.gos X     +0.0 ,Y     -0.1. omgD -0.005 omg  +0.00 loop   4440
[0mBatt=23.3 [0mODOM [31mVisionX  +0.00 Y  +0.00 theta   +0.0 elt    0 [0mimu  -0.7 Dt    2 LtCy    1 integ.govd   +0.00   -0.00 integ.vbp +0.00 -0.00 omni.gos X     +0.0 ,Y     -0.1. omgD -0.008 omg  +0.00 loop   2144
[0mBatt=23.3 [0mODOM [31mVisionX  +0.00 Y  +0.00 theta   +0.0 elt    0 [0mimu  -0.7 Dt    8 LtCy    4 integ.govd   +0.00   -0.00 integ.vbp +0.00 -0.00 omni.gos X     +0.0 ,Y     -0.1. omgD -0.005 omg  +0.00 loop   4511
[0mBatt=23.3 [0mODOM [31mVisionX  +0.00 Y  +0.00 theta   +0.0 elt    0 [0mimu  -0.7 Dt    4 LtCy    2 integ.govd   -0.00   -0.00 integ.vbp -0.00 -0.00 omni.gos X     -0.0 ,Y     -0.2. omgD -0.012 omg  +0.00 loop   4434
[0mBatt=23.3 [0mODOM [31mVisionX  +0.00 Y  +0.00 theta   +0.0 elt    0 [0mimu  -0.7 Dt    0 LtCy    0 integ.govd   +0.00   +0.00 integ.vbp +0.00 +0.00 omni.gos X     +0.0 ,Y     -0.1. omgD -0.005 omg  +0.00 loop   4441
[0mBatt=23.3 [0mODOM [31mVisionX  +0.00 Y  +0.00 theta   +0.0 elt    0 [0mimu  -0.7 Dt    8 LtCy    4 integ.govd   -0.00   -0.00 integ.vbp -0.00 -0.00 omni.gos X     +0.0 ,Y     -0.0. omgD -0.001 omg  +0.00 loop   4552
[0mBatt=23.3 [0mODOM [31mVisionX  +0.00 Y  +0.00 theta   +0.0 elt    0 [0mimu  -0.7 Dt    2 LtCy    1 integ.govd   +0.00   -0.00 integ.vbp +0.00 -0.00 omni.gos X     +0.0 ,Y     -0.1. omgD -0.005 omg  +0.00 loop   4422
[0mBatt=23.3 [0mODOM [31mVisionX  +0.00 Y  +0.00 theta   +0.0 elt    0 [0mimu  -0.7 Dt    8 LtCy    4 integ.govd   +0.00   -0.00 integ.vbp +0.00 -0.00 omni.gos X     +0.0 ,Y     -0.0. omgD -0.003 omg  +0.00 loop   4486
[0mBatt=23.3 [0mODOM [31mVisionX  +0.00 Y  +0.00 theta   +0.0 elt    0 [0mimu  -0.7 Dt    6 LtCy    3 integ.govd   -0.00   -0.00 integ.vbp -0.00 -0.00 omni.gos X     +0.0 ,Y     -0.1. omgD -0.005 omg  +0.00 loop   4527
[0mBatt=23.3 [0mODOM [31mVisionX  +0.00 Y  +0.00 theta   +0.0 elt    0 [0mimu  -0.7 Dt    2 LtCy    1 integ.govd   +0.00   -0.00 integ.vbp +0.00 -0.00 omni.gos X     +0.0 ,Y     -0.0. omgD -0.001 omg  +0.00 loop   4432
[0mBatt=23.3 [0mODOM [31mVisionX  +0.00 Y  +0.00 theta   +0.0 elt    0 [0mimu  -0.7 Dt    6 LtCy    3 integ.govd   +0.00   -0.00 integ.vbp +0.00 -0.00 omni.gos X     +0.0 ,Y     -0.1. omgD -0.005 omg  +0.00 loop   4537
[0mBatt=23.3 [0mODOM [31mVisionX  +0.00 Y  +0.00 theta   +0.0 elt    0 [0mimu  -0.7 Dt    2 LtCy    1 integ.govd   +0.00   -0.00 integ.vbp +0.00 -0.00 omni.gos X     +0.0 ,Y     -0.0. omgD -0.003 omg  +0.00 loop   4465
[0mBatt=23.3 [0mODOM [31mVisionX  +0.00 Y  +0.00 theta   +0.0 elt    0 [0mimu  -0.7 Dt    8 LtCy    4 integ.govd   +0.00   -0.00 integ.vbp +0.00 -0.00 omni.gos X     +0.0 ,Y     -0.1. omgD -0.010 omg  +0.00 loop   4487
[0mBatt=23.3 [0mODOM [31mVisionX  +0.00 Y  +0.00 theta   +0.0 elt    0 [0mimu  -0.7 Dt    4 LtCy    2 integ.govd   +0.00   -0.00 integ.vbp +0.00 -0.00 omni.gos X     +0.0 ,Y     -0.1. omgD -0.008 omg  +0.00 loop   4485
[0mBatt=23.3 [0mODOM [31mVisionX  +0.00 Y  +0.00 theta   +0.0 elt    0 [0mimu  -0.7 Dt    0 LtCy    0 integ.govd   +0.00   +0.00 integ.vbp +0.00 +0.00 omni.gos X     -0.0 ,Y     -0.1. omgD -0.008 omg  +0.00 loop   4481
[0mBatt=23.3 [0mODOM [31mVisionX  +0.00 Y  +0.00 theta   +0.0 elt    0 [0mimu  -0.7 Dt    6 LtCy    3 integ.govd   +0.00   -0.00 integ.vbp +0.00 -0.00 omni.gos X     +0.0 ,Y     -0.1. omgD -0.010 omg  +0.00 loop   4537
[0mBatt=23.3 [0mODOM [31mVisionX  +0.00 Y  +0.00 theta   +0.0 elt    0 [0mimu  -0.7 Dt    2 LtCy    1 integ.govd   +0.00   -0.00 integ.vbp +0.00 -0.00 omni.gos X     +0.0 ,Y     -0.2. omgD -0.012 omg  +0.00 loop   4454
[0mBatt=23.3 [0mODOM [31mVisionX  +0.00 Y  +0.00 theta   +0.0 elt    0 [0mimu  -0.7 Dt    8 LtCy    4 integ.govd   +0.00   -0.00 integ.vbp +0.00 -0.00 omni.gos X     +0.0 ,Y     -0.2. omgD -0.012 omg  +0.00 loop   4543
[0mBatt=23.3 [0mODOM [31mVisionX  +0.00 Y  +0.00 theta   +0.0 elt    0 [0mimu  -0.7 Dt    4 LtCy    2 integ.govd   +0.00   -0.00 integ.vbp +0.00 -0.00 omni.gos X     +0.0 ,Y     -0.0. omgD -0.003 omg  +0.00 loop   4445
[0mBatt=23.3 [0mODOM [31mVisionX  +0.00 Y  +0.00 theta   +0.0 elt    0 [0mimu  -0.7 Dt    8 LtCy    4 integ.govd   +0.00   -0.00 integ.vbp +0.00 -0.00 omni.gos X     +0.0 ,Y     -0.0. omgD -0.003 omg  +0.00 loop   4504
[0mBatt=23.3 [0mODOM [31mVisionX  +0.00 Y  +0.00 theta   +0.0 elt    0 [0mimu  -0.7 Dt    4 LtCy    2 integ.govd   +0.00   -0.00 integ.vbp +0.00 -0.00 omni.gos X     +0.0 ,Y     -0.1. omgD -0.008 omg  +0.00 loop   4468
[0mBatt=23.3 [0mODOM [31mVisionX  +0.00 Y  +0.00 theta   +0.0 elt    0 [0mimu  -0.7 Dt    0 LtCy    0 integ.govd   +0.00   +0.00 integ.vbp +0.00 +0.00 omni.gos X     +0.0 ,Y     -0.1. omgD -0.005 omg  +0.00 loop   4469
[0mBatt=23.3 [0mODOM [31mVisionX  +0.00 Y  +0.00 theta   +0.0 elt    0 [0mimu  -0.7 Dt    6 LtCy    3 integ.govd   -0.00   -0.00 integ.vbp -0.00 -0.00 omni.gos X     +0.0 ,Y     -0.1. omgD -0.008 omg  +0.00 loop   4512
[0mBatt=23.3 [0mODOM [31mVisionX  +0.00 Y  +0.00 theta   +0.0 elt    0 [0mimu  -0.7 Dt    2 LtCy    1 integ.govd   +0.00   +0.00 integ.vbp +0.00 +0.00 omni.gos X     +0.0 ,Y     +0.1. omgD +0.005 omg  +0.00 loop   4456
[0mBatt=23.3 [0mODOM [31mVisionX  +0.00 Y  +0.00 theta   +0.0 elt    0 [0mimu  -0.7 Dt    8 LtCy    4 integ.govd   +0.00   -0.00 integ.vbp +0.00 -0.00 omni.gos X     +0.0 ,Y     -0.0. omgD -0.003 omg  +0.00 loop   4546
[0mBatt=23.3 [0mODOM [31mVisionX  +0.00 Y  +0.00 theta   +0.0 elt    0 [0mimu  -0.7 Dt    2 LtCy    1 integ.govd   +0.00   -0.00 integ.vbp +0.00 -0.00 omni.gos X     +0.0 ,Y     -0.2. omgD -0.012 omg  +0.00 loop   4435
[0mBatt=23.3 [0mODOM [31mVisionX  +0.00 Y  +0.00 theta   +0.0 elt    0 [0mimu  -0.7 Dt    8 LtCy    4 integ.govd   -0.00   -0.00 integ.vbp -0.00 -0.00 omni.gos X     +0.0 ,Y     -0.2. omgD -0.016 omg  +0.00 loop   4461
[0mBatt=23.3 [0mODOM [31mVisionX  +0.00 Y  +0.00 theta   +0.0 elt    0 [0mimu  -0.7 Dt    6 LtCy    3 integ.govd   +0.00   -0.00 integ.vbp +0.00 -0.00 omni.gos X     +0.0 ,Y     -0.1. omgD -0.008 omg  +0.00 loop   4511
[0mBatt=23.3 [0mODOM [31mVisionX  +0.00 Y  +0.00 theta   +0.0 elt    0 [0mimu  -0.7 Dt    0 LtCy    0 integ.govd   +0.00   +0.00 integ.vbp +0.00 +0.00 omni.gos X     +0.0 ,Y     -0.0. omgD -0.003 omg  +0.00 loop   4462
[0mBatt=23.3 [0mODOM [31mVisionX  +0.00 Y  +0.00 theta   +0.0 elt    0 [0mimu  -0.7 Dt    6 LtCy    3 integ.govd   -0.00   -0.00 integ.vbp -0.00 -0.00 omni.gos X     -0.0 ,Y     -0.2. omgD -0.012 omg  +0.00 loop   4520
[0mBatt=23.3 [0mODOM [31mVisionX  +0.00 Y  +0.00 theta   +0.0 elt    0 [0mimu  -0.7 Dt    4 LtCy    2 integ.govd   +0.00   -0.00 integ.vbp +0.00 -0.00 omni.gos X     +0.0 ,Y     -0.0. omgD -0.003 omg  +0.00 loop   4463
[0mBatt=23.3 [0mODOM [31mVisionX  +0.00 Y  +0.00 theta   +0.0 elt    0 [0mimu  -0.7 Dt    0 LtCy    0 integ.govd   +0.00   +0.00 integ.vbp +0.00 +0.00 omni.gos X     +0.0 ,Y     -0.2. omgD -0.012 omg  +0.00 loop   4476
[0mBatt=23.3 [0mODOM [31mVisionX  +0.00 Y  +0.00 theta   +0.0 elt    0 [0mimu  -0.7 Dt    4 LtCy    2 integ.govd   +0.00   -0.00 integ.vbp +0.00 -0.00 omni.gos X     +0.0 ,Y     -0.0. omgD -0.003 omg  +0.00 loop   4518
[0mBatt=23.3 [0mODOM [31mVisionX  +0.00 Y  +0.00 theta   +0.0 elt    0 [0mimu  -0.7 Dt    2 LtCy    1 integ.govd   +0.00   -0.00 integ.vbp +0.00 -0.00 omni.gos X     +0.0 ,Y     -0.1. omgD -0.008 omg  +0.00 loop   4482
[0mBatt=23.3 [0mODOM [31mVisionX  +0.00 Y  +0.00 theta   +0.0 elt    0 [0mimu  -0.7 Dt    8 LtCy    4 integ.govd   +0.00   +0.00 integ.vbp +0.00 +0.00 omni.gos X     +0.0 ,Y     -0.0. omgD -0.003 omg  +0.00 loop   4533
[0mBatt=23.3 [0mODOM [31mVisionX  +0.00 Y  +0.00 theta   +0.0 elt    0 [0mimu  -0.7 Dt    4 LtCy    2 integ.govd   +0.00   -0.00 integ.vbp +0.00 -0.00 omni.gos X     +0.0 ,Y     -0.1. omgD -0.008 omg  +0.00 loop   4427
[0mBatt=23.3 [0mODOM [31mVisionX  +0.00 Y  +0.00 theta   +0.0 elt    0 [0mimu  -0.7 Dt   10 LtCy    5 integ.govd   -0.00   -0.00 integ.vbp -0.00 -0.00 omni.gos X     -0.0 ,Y     -0.2. omgD -0.016 omg  +0.00 loop   4517
[0mBatt=23.3 [0mODOM [31mVisionX  +0.00 Y  +0.00 theta   +0.0 elt    0 [0mimu  -0.7 Dt    4 LtCy    2 integ.govd   -0.00   -0.00 integ.vbp -0.00 -0.00 omni.gos X     -0.0 ,Y     -0.2. omgD -0.016 omg  +0.00 loop   4449
[0mBatt=23.3 [0mODOM [31mVisionX  +0.00 Y  +0.00 theta   +0.0 elt    0 [0mimu  -0.7 Dt    0 LtCy    0 integ.govd   +0.00   +0.00 integ.vbp +0.00 +0.00 omni.gos X     +0.0 ,Y     +0.1. omgD +0.005 omg  +0.00 loop   4436
[0mBatt=23.3 [0mODOM [31mVisionX  +0.00 Y  +0.00 theta   +0.0 elt    0 [0mimu  -0.7 Dt    6 LtCy    3 integ.govd   +0.00   -0.00 integ.vbp +0.00 -0.00 omni.gos X     +0.0 ,Y     -0.0. omgD -0.003 omg  +0.00 loop   4531
[0mBatt=23.3 [0mODOM [31mVisionX  +0.00 Y  +0.00 theta   +0.0 elt    0 [0mimu  -0.7 Dt    2 LtCy    1 integ.govd   +0.00   -0.00 integ.vbp +0.00 -0.00 omni.gos X     +0.0 ,Y     -0.2. omgD -0.012 omg  +0.00 loop   4469
[0mBatt=23.3 [0mODOM [31mVisionX  +0.00 Y  +0.00 theta   +0.0 elt    0 [0mimu  -0.7 Dt    8 LtCy    4 integ.govd   +0.00   -0.00 integ.vbp +0.00 -0.00 omni.gos X     +0.0 ,Y     +0.1. omgD +0.005 omg  +0.00 loop   4530
[0mBatt=23.3 [0mODOM [31mVisionX  +0.00 Y  +0.00 theta   +0.0 elt    0 [0mimu  -0.7 Dt    4 LtCy    2 integ.govd   +0.00   -0.00 integ.vbp +0.00 -0.00 omni.gos X     +0.0 ,Y     -0.0. omgD -0.003 omg  +0.00 loop   4417
[0mBatt=23.3 [0mODOM [31mVisionX  +0.00 Y  +0.00 theta   +0.0 elt    0 [0mimu  -0.7 Dt    0 LtCy    0 integ.govd   +0.00   +0.00 integ.vbp +0.00 +0.00 omni.gos X     +0.0 ,Y     -0.0. omgD -0.003 omg  +0.00 loop   4466
[0mBatt=23.3 [0mODOM [31mVisionX  +0.00 Y  +0.00 theta   +0.0 elt    0 [0mimu  -0.7 Dt    8 LtCy    4 integ.govd   +0.00   -0.00 integ.vbp +0.00 -0.00 omni.gos X     +0.0 ,Y     -0.2. omgD -0.016 omg  +0.00 loop   4558
[0mBatt=23.3 [0mODOM [31mVisionX  +0.00 Y  +0.00 theta   +0.0 elt    0 [0mimu  -0.7 Dt    2 LtCy    1 integ.govd   +0.00   -0.00 integ.vbp +0.00 -0.00 omni.gos X     +0.0 ,Y     -0.0. omgD -0.003 omg  +0.00 loop   4426
[0mBatt=23.3 [0mODOM [31mVisionX  +0.00 Y  +0.00 theta   +0.0 elt    0 [0mimu  -0.7 Dt    8 LtCy    4 integ.govd   +0.00   -0.00 integ.vbp +0.00 -0.00 omni.gos X     +0.0 ,Y     -0.2. omgD -0.012 omg  +0.00 loop   4476
[0mBatt=23.3 [0mODOM [31mVisionX  +0.00 Y  +0.00 theta   +0.0 elt    0 [0mimu  -0.7 Dt    6 LtCy    3 integ.govd   +0.00   +0.00 integ.vbp +0.00 +0.00 omni.gos X     +0.0 ,Y     +0.1. omgD +0.005 omg  +0.00 loop   4531
[0mBatt=23.3 [0mODOM [31mVisionX  +0.00 Y  +0.00 theta   +0.0 elt    0 [0mimu  -0.7 Dt    2 LtCy    1 integ.govd   +0.00   -0.00 integ.vbp +0.00 -0.00 omni.gos X     +0.0 ,Y     -0.0. omgD -0.003 omg  +0.00 loop   4429
[0mBatt=23.3 [0mODOM [31mVisionX  +0.00 Y  +0.00 theta   +0.0 elt    0 [0mimu  -0.7 Dt    6 LtCy    3 integ.govd   -0.00   -0.00 integ.vbp -0.00 -0.00 omni.gos X     -0.0 ,Y     -0.2. omgD -0.012 omg  +0.00 loop   4528
[0mBatt=23.3 [0mODOM [31mVisionX  +0.00 Y  +0.00 theta   +0.0 elt    0 [0mimu  -0.7 Dt    4 LtCy    2 integ.govd   +0.00   -0.00 integ.vbp +0.00 -0.00 omni.gos X     +0.0 ,Y     -0.1. omgD -0.008 omg  +0.00 loop   4448
[0mBatt=23.3 [0mODOM [31mVisionX  +0.00 Y  +0.00 theta   +0.0 elt    0 [0mimu  -0.7 Dt    0 LtCy    0 integ.govd   +0.00   +0.00 integ.vbp +0.00 +0.00 omni.gos X     +0.0 ,Y     -0.1. omgD -0.008 omg  +0.00 loop   4466
[0mBatt=23.3 [0mODOM [31mVisionX  +0.00 Y  +0.00 theta   +0.0 elt    0 [0mimu  -0.7 Dt    6 LtCy    3 integ.govd   +0.00   -0.00 integ.vbp +0.00 -0.00 omni.gos X     +0.0 ,Y     -0.0. omgD -0.003 omg  +0.00 loop   4525
[0mBatt=23.3 [0mODOM [31mVisionX  +0.00 Y  +0.00 theta   +0.0 elt    0 [0mimu  -0.7 Dt    2 LtCy    1 integ.govd   +0.00   +0.00 integ.vbp +0.00 +0.00 omni.gos X     +0.0 ,Y     +0.0. omgD +0.001 omg  +0.00 loop   4478
[0mBatt=23.3 [0mODOM [31mVisionX  +0.00 Y  +0.00 theta   +0.0 elt    0 [0mimu  -0.7 Dt    8 LtCy    4 integ.govd   -0.00   -0.00 integ.vbp -0.00 -0.00 omni.gos X     -0.0 ,Y     -0.2. omgD -0.016 omg  +0.00 loop   4545
[0mBatt=23.3 [0mODOM [31mVisionX  +0.00 Y  +0.00 theta   +0.0 elt    0 [0mimu  -0.7 Dt    4 LtCy    2 integ.govd   -0.00   -0.00 integ.vbp -0.00 -0.00 omni.gos X     -0.0 ,Y     -0.2. omgD -0.016 omg  +0.00 loop   4421
[0mBatt=23.3 [0mODOM [31mVisionX  +0.00 Y  +0.00 theta   +0.0 elt    0 [0mimu  -0.7 Dt    0 LtCy    0 integ.govd   +0.00   +0.00 integ.vbp +0.00 +0.00 omni.gos X     +0.0 ,Y     +0.1. omgD +0.005 omg  +0.00 loop   4454
[0mBatt=23.3 [0mODOM [31mVisionX  +0.00 Y  +0.00 theta   +0.0 elt    0 [0mimu  -0.7 Dt    6 LtCy    3 integ.govd   +0.00   -0.00 integ.vbp +0.00 -0.00 omni.gos X     +0.0 ,Y     -0.1. omgD -0.008 omg  +0.00 loop   4548
[0mBatt=23.3 [0mODOM [31mVisionX  +0.00 Y  +0.00 theta   +0.0 elt    0 [0mimu  -0.7 Dt    2 LtCy    1 integ.govd   +0.00   +0.00 integ.vbp +0.00 +0.00 omni.gos X     +0.0 ,Y     +0.0. omgD +0.001 omg  +0.00 loop   4452
[0mBatt=23.3 [0mODOM [31mVisionX  +0.00 Y  +0.00 theta   +0.0 elt    0 [0mimu  -0.7 Dt    8 LtCy    4 integ.govd   +0.00   -0.00 integ.vbp +0.00 -0.00 omni.gos X     +0.0 ,Y     -0.0. omgD -0.003 omg  +0.00 loop   4525
[0mBatt=23.3 [0mODOM [31mVisionX  +0.00 Y  +0.00 theta   +0.0 elt    0 [0mimu  -0.7 Dt    4 LtCy    2 integ.govd   -0.00   -0.00 integ.vbp -0.00 -0.00 omni.gos X     +0.0 ,Y     -0.2. omgD -0.012 omg  +0.00 loop   4459
[0mBatt=23.3 [0mODOM [31mVisionX  +0.00 Y  +0.00 theta   +0.0 elt    0 [0mimu  -0.7 Dt    0 LtCy    0 integ.govd   +0.00   +0.00 integ.vbp +0.00 +0.00 omni.gos X     -0.0 ,Y     -0.1. omgD -0.008 omg  +0.00 loop   4438
[0mBatt=23.3 [0mODOM [31mVisionX  +0.00 Y  +0.00 theta   +0.0 elt    0 [0mimu  -0.7 Dt    6 LtCy    3 integ.govd   +0.00   -0.00 integ.vbp +0.00 -0.00 omni.gos X     +0.0 ,Y     -0.1. omgD -0.008 omg  +0.00 loop   4529
[0mBatt=23.3 [0mODOM [31mVisionX  +0.00 Y  +0.00 theta   +0.0 elt    0 [0mimu  -0.7 Dt    2 LtCy    1 integ.govd   +0.00   +0.00 integ.vbp +0.00 +0.00 omni.gos X     +0.0 ,Y     +0.1. omgD +0.005 omg  +0.00 loop   4480
[0mBatt=23.3 [0mODOM [31mVisionX  +0.00 Y  +0.00 theta   +0.0 elt    0 [0mimu  -0.7 Dt    0 LtCy    0 integ.govd   +0.00   +0.00 integ.vbp +0.00 +0.00 omni.gos X     +0.0 ,Y     -0.0. omgD -0.003 omg  +0.00 loop   2153
[0mBatt=23.3 [0mODOM [31mVisionX  +0.00 Y  +0.00 theta   +0.0 elt    0 [0mimu  -0.7 Dt    6 LtCy    3 integ.govd   +0.00   -0.00 integ.vbp +0.00 -0.00 omni.gos X     +0.0 ,Y     -0.2. omgD -0.012 omg  +0.00 loop   4524
[0mBatt=23.3 [0mODOM [31mVisionX  +0.00 Y  +0.00 theta   +0.0 elt    0 [0mimu  -0.7 Dt    2 LtCy    1 integ.govd   +0.00   -0.00 integ.vbp +0.00 -0.00 omni.gos X     +0.0 ,Y     -0.1. omgD -0.008 omg  +0.00 loop   4462
[0mBatt=23.3 [0mODOM [31mVisionX  +0.00 Y  +0.00 theta   +0.0 elt    0 [0mimu  -0.7 Dt    8 LtCy    4 integ.govd   +0.00   -0.00 integ.vbp +0.00 -0.00 omni.gos X     +0.0 ,Y     +0.0. omgD +0.001 omg  +0.00 loop   4538
[0mBatt=23.3 [0mODOM [31mVisionX  +0.00 Y  +0.00 theta   +0.0 elt    0 [0mimu  -0.7 Dt    4 LtCy    2 integ.govd   -0.00   -0.00 integ.vbp -0.00 -0.00 omni.gos X     +0.0 ,Y     -0.0. omgD -0.003 omg  +0.00 loop   4449
[0mBatt=23.3 [0mODOM [31mVisionX  +0.00 Y  +0.00 theta   +0.0 elt    0 [0mimu  -0.7 Dt    0 LtCy    0 integ.govd   +0.00   +0.00 integ.vbp +0.00 +0.00 omni.gos X     -0.0 ,Y     -0.2. omgD -0.016 omg  +0.00 loop   4420
[0mBatt=23.3 [0mODOM [31mVisionX  +0.00 Y  +0.00 theta   +0.0 elt    0 [0mimu  -0.7 Dt    6 LtCy    3 integ.govd   -0.00   -0.00 integ.vbp -0.00 -0.00 omni.gos X     -0.0 ,Y     -0.3. omgD -0.020 omg  +0.00 loop   4552
[0mBatt=23.3 [0mODOM [31mVisionX  +0.00 Y  +0.00 theta   +0.0 elt    0 [0mimu  -0.7 Dt    2 LtCy    1 integ.govd   +0.00   -0.00 integ.vbp +0.00 -0.00 omni.gos X     +0.0 ,Y     -0.2. omgD -0.016 omg  +0.00 loop   4437
[0mBatt=23.3 [0mODOM [31mVisionX  +0.00 Y  +0.00 theta   +0.0 elt    0 [0mimu  -0.7 Dt    8 LtCy    4 integ.govd   -0.00   -0.00 integ.vbp -0.00 -0.00 omni.gos X     -0.0 ,Y     -0.0. omgD -0.003 omg  +0.00 loop   4455
[0mBatt=23.3 [0mODOM [31mVisionX  +0.00 Y  +0.00 theta   +0.0 elt    0 [0mimu  -0.7 Dt    6 LtCy    3 integ.govd   -0.00   -0.00 integ.vbp -0.00 -0.00 omni.gos X     +0.0 ,Y     -0.0. omgD -0.003 omg  +0.00 loop   4508
[0mBatt=23.3 [0mODOM [31mVisionX  +0.00 Y  +0.00 theta   +0.0 elt    0 [0mimu  -0.7 Dt    0 LtCy    0 integ.govd   +0.00   +0.00 integ.vbp +0.00 +0.00 omni.gos X     -0.0 ,Y     -0.2. omgD -0.012 omg  +0.00 loop   4435
[0mBatt=23.3 [0mODOM [31mVisionX  +0.00 Y  +0.00 theta   +0.0 elt    0 [0mimu  -0.7 Dt    6 LtCy    3 integ.govd   -0.00   -0.00 integ.vbp -0.00 -0.00 omni.gos X     -0.0 ,Y     -0.2. omgD -0.012 omg  +0.00 loop   4507
[0mBatt=23.3 [0mODOM [31mVisionX  +0.00 Y  +0.00 theta   +0.0 elt    0 [0mimu  -0.7 Dt    4 LtCy    2 integ.govd   +0.00   -0.00 integ.vbp +0.00 -0.00 omni.gos X     +0.0 ,Y     -0.1. omgD -0.008 omg  +0.00 loop   4443
[0mBatt=23.3 [0mODOM [31mVisionX  +0.00 Y  +0.00 theta   +0.0 elt    0 [0mimu  -0.7 Dt    8 LtCy    4 integ.govd   +0.00   -0.00 integ.vbp +0.00 -0.00 omni.gos X     +0.0 ,Y     -0.0. omgD -0.003 omg  +0.00 loop   4540
[0mBatt=23.3 [0mODOM [31mVisionX  +0.00 Y  +0.00 theta   +0.0 elt    0 [0mimu  -0.7 Dt    2 LtCy    1 integ.govd   +0.00   -0.00 integ.vbp +0.00 -0.00 omni.gos X     +0.0 ,Y     -0.1. omgD -0.008 omg  +0.00 loop   4440
[0mBatt=23.3 [0mODOM [31mVisionX  +0.00 Y  +0.00 theta   +0.0 elt    0 [0mimu  -0.7 Dt    0 LtCy    0 integ.govd   +0.00   +0.00 integ.vbp +0.00 +0.00 omni.gos X     -0.0 ,Y     -0.1. omgD -0.008 omg  +0.00 loop   4467
[0mBatt=23.3 [0mODOM [31mVisionX  +0.00 Y  +0.00 theta   +0.0 elt    0 [0mimu  -0.7 Dt    6 LtCy    3 integ.govd   +0.00   -0.00 integ.vbp +0.00 -0.00 omni.gos X     +0.0 ,Y     -0.3. omgD -0.020 omg  +0.00 loop   4552
[0mBatt=23.3 [0mODOM [31mVisionX  +0.00 Y  +0.00 theta   +0.0 elt    0 [0mimu  -0.7 Dt    2 LtCy    1 integ.govd   -0.00   -0.00 integ.vbp -0.00 -0.00 omni.gos X     -0.0 ,Y     -0.2. omgD -0.016 omg  +0.00 loop   4451
[0mBatt=23.3 [0mODOM [31mVisionX  +0.00 Y  +0.00 theta   +0.0 elt    0 [0mimu  -0.7 Dt    8 LtCy    4 integ.govd   +0.00   -0.00 integ.vbp +0.00 -0.00 omni.gos X     +0.0 ,Y     -0.0. omgD -0.003 omg  +0.00 loop   4504
[0mBatt=23.3 [0mODOM [31mVisionX  +0.00 Y  +0.00 theta   +0.0 elt    0 [0mimu  -0.7 Dt    4 LtCy    2 integ.govd   +0.00   +0.00 integ.vbp +0.00 +0.00 omni.gos X     +0.0 ,Y     +0.1. omgD +0.009 omg  +0.00 loop   4468
[0mBatt=23.3 [0mODOM [31mVisionX  +0.00 Y  +0.00 theta   +0.0 elt    0 [0mimu  -0.7 Dt    0 LtCy    0 integ.govd   +0.00   +0.00 integ.vbp +0.00 +0.00 omni.gos X     +0.0 ,Y     -0.0. omgD -0.003 omg  +0.00 loop   4459
[0mBatt=23.3 [0mODOM [31mVisionX  +0.00 Y  +0.00 theta   +0.0 elt    0 [0mimu  -0.7 Dt    6 LtCy    3 integ.govd   +0.00   -0.00 integ.vbp +0.00 -0.00 omni.gos X     +0.0 ,Y     -0.0. omgD -0.003 omg  +0.00 loop   4514
[0mBatt=23.3 [0mODOM [31mVisionX  +0.00 Y  +0.00 theta   +0.0 elt    0 [0mimu  -0.7 Dt    2 LtCy    1 integ.govd   +0.00   -0.00 integ.vbp +0.00 -0.00 omni.gos X     +0.0 ,Y     -0.. omD -0.008 omg +.00 loop  4477
[0mBatt=23.3 [0mODOM [31mVisionX  +0.00 Y  +0.00 theta   +0.0 elt    0 [0mimu  -0.7 Dt    8 LtCy    4 integ.govd   -0.00   -0.00 integ.vbp -0.00 -0.00 omni.gos X     +0.0 ,Y     -0.1. omgD -0.008 omg  +0.00 loop   4522
[0mBatt=23.3 [0mODOM [31mVisionX  +0.00 Y  +0.00 theta   +0.0 elt    0 [0mimu  -0.7 Dt    4 LtCy    2 integ.govd   +0.00   +0.00 integ.vbp +0.00 +0.00 omni.gos X     +0.0 ,Y     +0.1. omgD +0.005 omg  +0.00 loop   4404
[0mBatt=23.3 [0mODOM [31mVisionX  +0.00 Y  +0.00 theta   +0.0 elt    0 [0mimu  -0.7 Dt    0 LtCy    0 integ.govd   +0.00   +0.00 integ.vbp +0.00 +0.00 omni.gos X     +0.0 ,Y     -0.0. omgD -0.003 omg  +0.00 loop   4466
[0mBatt=23.3 [0mODOM [31mVisionX  +0.00 Y  +0.00 theta   +0.0 elt    0 [0mimu  -0.7 Dt    4 LtCy    2 integ.govd   -0.00   -0.00 integ.vbp -0.00 -0.00 omni.gos X     +0.0 ,Y     -0.2. omgD -0.012 omg  +0.00 loop   4546
[0mBatt=23.3 [0mODOM [31mVisionX  +0.00 Y  +0.00 theta   +0.0 elt    0 [0mimu  -0.7 Dt    2 LtCy    1 integ.govd   +0.00   -0.00 integ.vbp +0.00 -0.00 omni.gos X     +0.0 ,Y     -0.1. omgD -0.008 omg  +0.00 loop   4446
[0mBatt=23.3 [0mODOM [31mVisionX  +0.00 Y  +0.00 theta   +0.0 elt    0 [0mimu  -0.7 Dt    8 LtCy    4 integ.govd   -0.00   -0.00 integ.vbp -0.00 -0.00 omni.gos X     +0.0 ,Y     -0.2. omgD -0.012 omg  +0.00 loop   4514
[0mBatt=23.3 [0mODOM [31mVisionX  +0.00 Y  +0.00 theta   +0.0 elt    0 [0mimu  -0.7 Dt    4 LtCy    2 integ.govd   -0.00   -0.00 integ.vbp -0.00 -0.00 omni.gos X     -0.0 ,Y     -0.2. omgD -0.016 omg  +0.00 loop   4458
[0mBatt=23.3 [0mODOM [31mVisionX  +0.00 Y  +0.00 theta   +0.0 elt    0 [0mimu  -0.7 Dt    0 LtCy    0 integ.govd   +0.00   +0.00 integ.vbp +0.00 +0.00 omni.gos X     +0.0 ,Y     -0.2. omgD -0.012 omg  +0.00 loop   4445
[0mBatt=23.3 [0mODOM [31mVisionX  +0.00 Y  +0.00 theta   +0.0 elt    0 [0mimu  -0.7 Dt    6 LtCy    3 integ.govd   +0.00   +0.00 integ.vbp +0.00 +0.00 omni.gos X     +0.0 ,Y     -0.0. omgD -0.001 omg  +0.00 loop   4526
[0mBatt=23.3 [0mODOM [31mVisionX  +0.00 Y  +0.00 theta   +0.0 elt    0 [0mimu  -0.7 Dt    2 LtCy    1 integ.govd   +0.00   -0.00 integ.vbp +0.00 -0.00 omni.gos X     +0.0 ,Y     -0.1. omgD -0.005 omg  +0.00 loop   4478
[0mBatt=23.3 [0mODOM [31mVisionX  +0.00 Y  +0.00 theta   +0.0 elt    0 [0mimu  -0.7 Dt    8 LtCy    4 integ.govd   +0.00   +0.00 integ.vbp +0.00 +0.00 omni.gos X     +0.0 ,Y     -0.0. omgD -0.001 omg  +0.00 loop   4525
[0mBatt=23.3 [0mODOM [31mVisionX  +0.00 Y  +0.00 theta   +0.0 elt    0 [0mimu  -0.7 Dt    4 LtCy    2 integ.govd   -0.00   -0.00 integ.vbp -0.00 -0.00 omni.gos X     -0.0 ,Y     -0.1. omgD -0.008 omg  +0.00 loop   4439
[0mBatt=23.3 [0mODOM [31mVisionX  +0.00 Y  +0.00 theta   +0.0 elt    0 [0mimu  -0.7 Dt    0 LtCy    0 integ.govd   +0.00   +0.00 integ.vbp +0.00 +0.00 omni.gos X     -0.0 ,Y     -0.2. omgD -0.012 omg  +0.00 loop   4443
[0mBatt=23.3 [0mODOM [31mVisionX  +0.00 Y  +0.00 theta   +0.0 elt    0 [0mimu  -0.7 Dt    6 LtCy    3 integ.govd   -0.00   -0.00 integ.vbp -0.00 -0.00 omni.gos X     -0.0 ,Y     -0.2. omgD -0.016 omg  +0.00 loop   4541
[0mBatt=23.3 [0mODOM [31mVisionX  +0.00 Y  +0.00 theta   +0.0 elt    0 [0mimu  -0.7 Dt    2 LtCy    1 integ.govd   +0.00   -0.00 integ.vbp +0.00 -0.00 omni.gos X     +0.0 ,Y     -0.1. omgD -0.005 omg  +0.00 loop   4420
[0mBatt=23.3 [0mODOM [31mVisionX  +0.00 Y  +0.00 theta   +0.0 elt    0 [0mimu  -0.7 Dt    8 LtCy    4 integ.govd   +0.00   -0.00 integ.vbp +0.00 -0.00 omni.gos X     +0.0 ,Y     -0.1. omgD -0.008 omg  +0.00 loop   4532
[0mBatt=23.3 [0mODOM [31mVisionX  +0.00 Y  +0.00 theta   +0.0 elt    0 [0mimu  -0.7 Dt    4 LtCy    2 integ.govd   +0.00   -0.00 integ.vbp +0.00 -0.00 omni.gos X     +0.0 ,Y     -0.1. omgD -0.010 omg  +0.00 loop   4450
[0mBatt=23.3 [0mODOM [31mVisionX  +0.00 Y  +0.00 theta   +0.0 elt    0 [0mimu  -0.7 Dt    0 LtCy    0 integ.govd   +0.00   +0.00 integ.vbp +0.00 +0.00 omni.gos X     +0.0 ,Y     -0.1. omgD -0.008 omg  +0.00 loop   4450
[0mBatt=23.3 [0mODOM [31mVisionX  +0.00 Y  +0.00 theta   +0.0 elt    0 [0mimu  -0.7 Dt    8 LtCy    4 integ.govd   +0.00   -0.00 integ.vbp +0.00 -0.00 omni.gos X     +0.0 ,Y     -0.1. omgD -0.005 omg  +0.00 loop   4533
[0mBatt=23.3 [0mODOM [31mVisionX  +0.00 Y  +0.00 theta   +0.0 elt    0 [0mimu  -0.7 Dt    2 LtCy    1 integ.govd   +0.00   -0.00 integ.vbp +0.00 -0.00 omni.gos X     +0.0 ,Y     -0.1. omgD -0.008 omg  +0.00 loop   4462
[0mBatt=23.3 [0mODOM [31mVisionX  +0.00 Y  +0.00 theta   +0.0 elt    0 [0mimu  -0.7 Dt    8 LtCy    4 integ.govd   -0.00   -0.00 integ.vbp -0.00 -0.00 omni.gos X     -0.0 ,Y     -0.0. omgD -0.003 omg  +0.00 loop   4533
[0mBatt=23.3 [0mODOM [31mVisionX  +0.00 Y  +0.00 theta   +0.0 elt    0 [0mimu  -0.7 Dt    4 LtCy    2 integ.govd   +0.00   -0.00 integ.vbp +0.00 -0.00 omni.gos X     +0.0 ,Y     -0.1. omgD -0.010 omg  +0.00 loop   4403
[0mBatt=23.3 [0mODOM [31mVisionX  +0.00 Y  +0.00 theta   +0.0 elt    0 [0mimu  -0.7 Dt    0 LtCy    0 integ.govd   +0.00   +0.00 integ.vbp +0.00 +0.00 omni.gos X     +0.0 ,Y     -0.1. omgD -0.010 omg  +0.00 loop   4456
[0mBatt=23.3 [0mODOM [31mVisionX  +0.00 Y  +0.00 theta   +0.0 elt    0 [0mimu  -0.7 Dt    6 LtCy    3 integ.govd   -0.00   -0.00 integ.vbp -0.00 -0.00 omni.gos X     +0.0 ,Y     -0.1. omgD -0.008 omg  +0.00 loop   4553
[0mBatt=23.3 [0mODOM [31mVisionX  +0.00 Y  +0.00 theta   +0.0 elt    0 [0mimu  -0.7 Dt    2 LtCy    1 integ.govd   -0.00   -0.00 integ.vbp -0.00 -0.00 omni.gos X     -0.0 ,Y     -0.1. omgD -0.008 omg  +0.00 loop   4422
[0mBatt=23.3 [0mODOM [31mVisionX  +0.00 Y  +0.00 theta   +0.0 elt    0 [0mimu  -0.7 Dt    8 LtCy    4 integ.govd   +0.00   -0.00 integ.vbp +0.00 -0.00 omni.gos X     +0.0 ,Y     -0.1. omgD -0.008 omg  +0.00 loop   4469
[0mBatt=23.3 [0mODOM [31mVisionX  +0.00 Y  +0.00 theta   +0.0 elt    0 [0mimu  -0.7 Dt    4 LtCy    2 integ.govd   +0.00   +0.00 integ.vbp +0.00 +0.00 omni.gos X     +0.0 ,Y     +0.0. omgD +0.001 omg  +0.00 loop   4508
[0mBatt=23.3 [0mODOM [31mVisionX  +0.00 Y  +0.00 theta   +0.0 elt    0 [0mimu  -0.7 Dt    0 LtCy    0 integ.govd   +0.00   +0.00 integ.vbp +0.00 +0.00 omni.gos X     +0.0 ,Y     +0.0. omgD +0.001 omg  +0.00 loop   4445
[0mBatt=23.3 [0mODOM [31mVisionX  +0.00 Y  +0.00 theta   +0.0 elt    0 [0mimu  -0.7 Dt    6 LtCy    3 integ.govd   +0.00   -0.00 integ.vbp +0.00 -0.00 omni.gos X     +0.0 ,Y     -0.1. omgD -0.008 omg  +0.00 loop   4528
[0mBatt=23.3 [0mODOM [31mVisionX  +0.00 Y  +0.00 theta   +0.0 elt    0 [0mimu  -0.7 Dt    4 LtCy    2 integ.govd   -0.00   -0.00 integ.vbp -0.00 -0.00 omni.gos X     -0.0 ,Y     -0.1. omgD -0.008 omg  +0.00 loop   4475
[0mBatt=23.3 [0mODOM [31mVisionX  +0.00 Y  +0.00 theta   +0.0 elt    0 [0mimu  -0.7 Dt   10 LtCy    5 integ.govd   -0.00   -0.00 integ.vbp -0.00 -0.00 omni.gos X     -0.0 ,Y     -0.2. omgD -0.016 omg  +0.00 loop   4484
[0mBatt=23.3 [0mODOM [31mVisionX  +0.00 Y  +0.00 theta   +0.0 elt    0 [0mimu  -0.7 Dt    4 LtCy    2 integ.govd   -0.00   -0.00 integ.vbp -0.00 -0.00 omni.gos X     +0.0 ,Y     -0.2. omgD -0.012 omg  +0.00 loop   4438
[0mBatt=23.3 [0mODOM [31mVisionX  +0.00 Y  +0.00 theta   +0.0 elt    0 [0mimu  -0.7 Dt    0 LtCy    0 integ.govd   +0.00   +0.00 integ.vbp +0.00 +0.00 omni.gos X     +0.0 ,Y     +0.1. omgD +0.005 omg  +0.00 loop   4459
[0mBatt=23.3 [0mODOM [31mVisionX  +0.00 Y  +0.00 theta   +0.0 elt    0 [0mimu  -0.7 Dt    6 LtCy    3 integ.govd   +0.00   -0.00 integ.vbp +0.00 -0.00 omni.gos X     +0.0 ,Y     -0.0. omgD -0.003 omg  +0.00 loop   4539
[0mBatt=23.3 [0mODOM [31mVisionX  +0.00 Y  +0.00 theta   +0.0 elt    0 [0mimu  -0.7 Dt    2 LtCy    1 integ.govd   +0.00   -0.00 integ.vbp +0.00 -0.00 omni.gos X     +0.0 ,Y     -0.1. omgD -0.008 omg  +0.00 loop   4431
[0mBatt=23.3 [0mODOM [31mVisionX  +0.00 Y  +0.00 theta   +0.0 elt    0 [0mimu  -0.7 Dt    8 LtCy    4 integ.govd   +0.00   -0.00 integ.vbp +0.00 -0.00 omni.gos X     +0.0 ,Y     -0.0. omgD -0.003 omg  +0.00 loop   4542
[0mBatt=23.3 [0mODOM [31mVisionX  +0.00 Y  +0.00 theta   +0.0 elt    0 [0mimu  -0.7 Dt    4 LtCy    2 integ.govd   -0.00   -0.00 integ.vbp -0.00 -0.00 omni.gos X     +0.0 ,Y     -0.2. omgD -0.012 omg  +0.00 loop   4450
TPRB_BEGIN,version=1,clock_hz=170000000,duration_cycles=1700000000
TPRB_TYPE,event_sequence,cycle,marker_sequence,counter
TPRB_RX,0,26593645,1,1
TPRB_RX,1,28418232,1,11
TPRB_RX,2,30235899,2,21
TPRB_RX,3,31874389,3,30
TPRB_RX,4,33514475,3,39
TPRB_RX,5,35330295,4,49
TPRB_RX,6,36975587,5,58
TPRB_RX,7,38613553,5,67
TPRB_RX,8,40429521,6,77
TPRB_RX,9,42069914,7,86
TPRB_RX,10,43712476,7,95
TPRB_RX,11,45530677,8,105
TPRB_RX,12,47171517,9,114
TPRB_RX,13,48989476,9,124
TPRB_RX,14,50812418,10,134
TPRB_RX,15,52451210,11,143
TPRB_RX,16,54090952,11,152
TPRB_RX,17,55895698,12,162
TPRB_RX,18,57532796,13,171
TPRB_RX,19,59346812,13,181
TPRB_RX,20,60981334,14,190
TPRB_RX,21,62620798,15,199
TPRB_RX,22,64439597,15,8
TPRB_RX,23,66075292,16,17
TPRB_RX,24,67716716,17,26
TPRB_RX,25,69534984,17,36
TPRB_RX,26,71176271,18,45
TPRB_RX,27,72815304,19,54
TPRB_RX,28,74627816,19,64
TPRB_RX,29,76265816,20,73
TPRB_RX,30,77901220,21,82
TPRB_RX,31,79727996,21,92
TPRB_RX,32,81362482,22,101
TPRB_RX,33,83005107,23,110
TPRB_RX,34,84823150,23,120
TPRB_RX,35,86454464,24,129
TPRB_RX,36,88097755,25,138
TPRB_RX,37,89916035,25,148
TPRB_RX,38,91555101,26,157
TPRB_RX,39,93197492,27,166
TPRB_RX,40,95022557,27,176
TPRB_RX,41,96651406,28,185
TPRB_RX,42,98293768,29,194
TPRB_RX,43,100115905,29,3
TPRB_RX,44,101751859,30,12
TPRB_RX,45,103391504,31,21
TPRB_RX,46,105210349,31,31
TPRB_RX,47,106843731,32,40
TPRB_RX,48,108663725,33,50
TPRB_RX,49,110478575,33,60
TPRB_RX,50,112113504,34,69
TPRB_RX,51,113763693,35,78
TPRB_RX,52,115580897,35,88
TPRB_RX,53,117227991,36,97
TPRB_RX,54,118873491,37,106
TPRB_RX,55,120692278,37,116
TPRB_RX,56,122332767,38,125
TPRB_RX,57,123972011,39,134
TPRB_RX,58,125805916,39,144
TPRB_RX,59,127451820,40,153
TPRB_RX,60,129092473,41,162
TPRB_RX,61,130911688,41,172
TPRB_RX,62,132576967,42,181
TPRB_RX,63,134222532,43,190
TPRB_RX,64,135869292,43,199
TPRB_RX,65,137682588,44,8
TPRB_RX,66,139323884,45,17
TPRB_RX,67,140962291,45,26
TPRB_RX,68,142778979,46,36
TPRB_RX,69,144424862,47,45
TPRB_RX,70,146063215,47,54
TPRB_RX,71,147879602,48,64
TPRB_RX,72,149530398,49,73
TPRB_RX,73,151170292,49,82
TPRB_RX,74,152995922,50,92
TPRB_RX,75,154643669,51,101
TPRB_RX,76,156281512,51,110
TPRB_RX,77,158102074,52,120
TPRB_RX,78,159743827,53,129
TPRB_RX,79,161394250,53,138
TPRB_RX,80,163208449,54,148
TPRB_RX,81,164849217,55,157
TPRB_RX,82,166495621,55,166
TPRB_RX,83,168314883,56,176
TPRB_RX,84,169954925,57,185
TPRB_RX,85,171590841,57,194
TPRB_RX,86,173406106,58,3
TPRB_RX,87,175041499,59,12
TPRB_RX,88,176673277,59,21
TPRB_RX,89,178492206,60,31
TPRB_RX,90,180133482,61,40
TPRB_RX,91,181770639,61,49
TPRB_RX,92,183586426,62,59
TPRB_RX,93,185227648,63,68
TPRB_RX,94,186868044,63,77
TPRB_RX,95,188685801,64,87
TPRB_RX,96,190323899,65,96
TPRB_RX,97,191961572,65,105
TPRB_RX,98,193778119,66,115
TPRB_RX,99,195417167,67,124
TPRB_RX,100,197237258,67,134
TPRB_RX,101,199052601,68,144
TPRB_RX,102,200691919,69,153
TPRB_RX,103,202508098,69,163
TPRB_RX,104,204326311,70,173
TPRB_RX,105,205965739,71,182
TPRB_RX,106,207603105,71,191
TPRB_RX,107,209420013,72,0
TPRB_RX,108,211061544,73,9
TPRB_RX,109,212704636,73,18
TPRB_RX,110,214519800,74,28
TPRB_RX,111,216153417,75,37
TPRB_RX,112,217974998,75,47
TPRB_RX,113,219790804,76,57
TPRB_RX,114,221431474,77,66
TPRB_RX,115,223254465,78,76
TPRB_RX,116,225072966,78,86
TPRB_RX,117,226706570,79,95
TPRB_RX,118,228350834,80,104
TPRB_RX,119,230173530,80,114
TPRB_RX,120,231807510,81,123
TPRB_RX,121,233446380,82,132
TPRB_RX,122,235266832,82,142
TPRB_RX,123,236902164,83,151
TPRB_RX,124,238723823,84,161
TPRB_RX,125,240538113,84,171
TPRB_RX,126,242172601,85,180
TPRB_RX,127,243986904,86,190
TPRB_RX,128,245811851,86,200
TPRB_RX,129,247444013,87,8
TPRB_RX,130,249087652,88,17
TPRB_RX,131,250901851,88,27
TPRB_RX,132,252537682,89,36
TPRB_RX,133,254352135,90,46
TPRB_RX,134,255989798,90,55
TPRB_RX,135,257623691,91,64
TPRB_RX,136,259437314,92,74
TPRB_RX,137,261075456,92,83
TPRB_RX,138,262707223,93,92
TPRB_RX,139,264530010,94,102
TPRB_RX,140,266166383,94,111
TPRB_RX,141,267801019,95,120
TPRB_RX,142,269622834,96,130
TPRB_RX,143,271262304,96,139
TPRB_RX,144,272896354,97,148
TPRB_RX,145,274716102,98,158
TPRB_RX,146,276353560,98,167
TPRB_RX,147,278164743,99,177
TPRB_RX,148,279989245,100,187
TPRB_RX,149,281628530,100,196
TPRB_RX,150,283263266,101,4
TPRB_RX,151,285082837,102,14
TPRB_RX,152,286725388,102,23
TPRB_RX,153,288363072,103,32
TPRB_RX,154,290184973,104,42
TPRB_RX,155,291822509,104,51
TPRB_RX,156,293637401,105,61
TPRB_RX,157,295459426,106,71
TPRB_RX,158,297102918,107,80
TPRB_RX,159,298741425,107,89
TPRB_RX,160,300557131,108,99
TPRB_RX,161,302195487,109,108
TPRB_RX,162,303840977,109,117
TPRB_RX,163,305657619,110,127
TPRB_RX,164,307299023,111,136
TPRB_RX,165,308936016,111,145
TPRB_RX,166,310753837,112,155
TPRB_RX,167,312394889,113,164
TPRB_RX,168,314052326,113,173
TPRB_RX,169,315867947,114,183
TPRB_RX,170,317507234,115,192
TPRB_RX,171,319144708,115,0
TPRB_RX,172,320961807,116,10
TPRB_RX,173,322602529,117,19
TPRB_RX,174,324245631,117,28
TPRB_RX,175,326060614,118,38
TPRB_RX,176,327699861,119,47
TPRB_RX,177,329340117,119,56
TPRB_RX,178,331159256,120,66
TPRB_RX,179,332801102,121,75
TPRB_RX,180,334438043,121,84
TPRB_RX,181,336256707,122,94
TPRB_RX,182,337896148,123,103
TPRB_RX,183,339534977,123,112
TPRB_RX,184,341349850,124,122
TPRB_RX,185,342987613,125,131
TPRB_RX,186,344803653,125,141
TPRB_RX,187,346620833,126,151
TPRB_RX,188,348261129,127,160
TPRB_RX,189,350082318,127,170
TPRB_RX,190,351898162,128,180
TPRB_RX,191,353541319,129,189
TPRB_RX,192,355180023,129,198
TPRB_RX,193,356995496,130,7
TPRB_RX,194,358633957,131,16
TPRB_RX,195,360452260,131,26
TPRB_RX,196,362269375,132,36
TPRB_RX,197,363913031,133,45
TPRB_RX,198,365553851,133,54
TPRB_RX,199,367369391,134,64
TPRB_RX,200,369008633,135,73
TPRB_RX,201,370645352,135,82
TPRB_RX,202,372463461,136,92
TPRB_RX,203,374103112,137,101
TPRB_RX,204,375920773,137,111
TPRB_RX,205,377736628,138,121
TPRB_RX,206,379376511,139,130
TPRB_RX,207,381014838,139,139
TPRB_RX,208,382832823,140,149
TPRB_RX,209,384473562,141,158
TPRB_RX,210,386294173,142,168
TPRB_RX,211,388115229,142,178
TPRB_RX,212,389752900,143,187
TPRB_RX,213,391393071,144,196
TPRB_RX,214,393211360,144,5
TPRB_RX,215,394845358,145,14
TPRB_RX,216,396484720,145,23
TPRB_RX,217,398302231,146,33
TPRB_RX,218,399948048,147,42
TPRB_RX,219,401588103,148,51
TPRB_RX,220,403403458,148,61
TPRB_RX,221,405040410,149,70
TPRB_RX,222,406853811,150,80
TPRB_RX,223,408490593,150,89
TPRB_RX,224,410124866,151,98
TPRB_RX,225,411939445,152,108
TPRB_RX,226,413578035,152,117
TPRB_RX,227,415213849,153,126
TPRB_RX,228,417036929,154,136
TPRB_RX,229,418675198,154,145
TPRB_RX,230,420312777,155,154
TPRB_RX,231,422134582,156,164
TPRB_RX,232,423770843,156,173
TPRB_RX,233,425405171,157,182
TPRB_RX,234,427218954,158,192
TPRB_RX,235,428855640,158,0
TPRB_RX,236,430664354,159,10
TPRB_RX,237,432487370,160,20
TPRB_RX,238,434126839,160,29
TPRB_RX,239,435760199,161,38
TPRB_RX,240,437583238,162,48
TPRB_RX,241,439221440,162,57
TPRB_RX,242,441036150,163,67
TPRB_RX,243,442856540,164,77
TPRB_RX,244,444490657,164,86
TPRB_RX,245,446306735,165,96
TPRB_RX,246,448127848,166,106
TPRB_RX,247,449768230,166,115
TPRB_RX,248,451402880,167,124
TPRB_RX,249,453223926,168,134
TPRB_RX,250,454862069,168,143
TPRB_RX,251,456677827,169,153
TPRB_RX,252,458499366,170,163
TPRB_RX,253,460132195,170,172
TPRB_RX,254,461947444,171,182
TPRB_RX,255,463761061,172,192
TPRB_RX,256,465400443,173,0
TPRB_RX,257,467041835,173,9
TPRB_RX,258,468858147,174,19
TPRB_RX,259,470497978,175,28
TPRB_RX,260,472318381,175,38
TPRB_RX,261,474141492,176,48
TPRB_RX,262,475787642,177,57
TPRB_RX,263,477425769,177,66
TPRB_RX,264,479241429,178,76
TPRB_RX,265,480882652,179,85
TPRB_RX,266,482522517,179,94
TPRB_RX,267,484349263,180,104
TPRB_RX,268,485993096,181,113
TPRB_RX,269,487629519,181,122
TPRB_RX,270,489449678,182,132
TPRB_RX,271,491090997,183,141
TPRB_RX,272,492725572,183,150
TPRB_RX,273,494540288,184,160
TPRB_RX,274,496172843,185,169
TPRB_RX,275,497992559,185,179
TPRB_RX,276,499801277,186,189
TPRB_RX,277,501444199,187,198
TPRB_RX,278,503082845,187,6
TPRB_RX,279,504898153,188,16
TPRB_RX,280,506538028,189,25
TPRB_RX,281,508357909,189,35
TPRB_RX,282,510173099,190,45
TPRB_RX,283,511811757,191,54
TPRB_RX,284,513632690,191,64
TPRB_RX,285,515449290,192,74
TPRB_RX,286,517088689,193,83
TPRB_RX,287,518729953,193,92
TPRB_RX,288,520548282,194,102
TPRB_RX,289,522182935,195,111
TPRB_RX,290,524004241,196,121
TPRB_RX,291,525824648,196,131
TPRB_RX,292,527458568,197,140
TPRB_RX,293,529096476,198,149
TPRB_RX,294,530912774,198,159
TPRB_RX,295,532548205,199,168
TPRB_RX,296,534363605,200,178
TPRB_RX,297,536001832,200,187
TPRB_RX,298,537639363,201,196
TPRB_RX,299,539461993,202,5
TPRB_RX,300,541100709,202,14
TPRB_RX,301,542734366,203,23
TPRB_RX,302,544553417,204,33
TPRB_RX,303,546190153,204,42
TPRB_RX,304,547824943,205,51
TPRB_RX,305,549650290,206,61
TPRB_RX,306,551291254,206,70
TPRB_RX,307,552928406,207,79
TPRB_RX,308,554749716,208,89
TPRB_RX,309,556386958,208,98
TPRB_RX,310,558023560,209,107
TPRB_RX,311,559845619,210,117
TPRB_RX,312,561475461,210,126
TPRB_RX,313,563109203,211,135
TPRB_RX,314,564922785,212,145
TPRB_RX,315,566585407,212,154
TPRB_RX,316,568252602,213,163
TPRB_RX,317,569935443,214,172
TPRB_RX,318,571609557,214,181
TPRB_RX,319,573462876,215,191
TPRB_RX,320,575142275,216,200
TPRB_RX,321,576813161,216,8
TPRB_RX,322,578479936,217,17
TPRB_RX,323,580154237,218,26
TPRB_RX,324,581826744,218,35
TPRB_RX,325,583682949,219,45
TPRB_RX,326,585542910,220,55
TPRB_RX,327,587254572,220,64
TPRB_RX,328,589104675,221,74
TPRB_RX,329,590782682,222,83
TPRB_RX,330,592455600,222,92
TPRB_RX,331,594120985,223,101
TPRB_RX,332,595794149,224,110
TPRB_RX,333,597463960,224,119
TPRB_RX,334,599314527,225,129
TPRB_RX,335,601174723,226,139
TPRB_RX,336,602849367,226,148
TPRB_RX,337,604508789,227,157
TPRB_RX,338,606185458,228,166
TPRB_RX,339,607861088,228,175
TPRB_RX,340,609527573,229,184
TPRB_RX,341,611393359,230,194
TPRB_RX,342,613250456,231,3
TPRB_RX,343,614917720,231,12
TPRB_RX,344,616592327,232,21
TPRB_RX,345,618268627,233,30
TPRB_RX,346,619943718,233,39
TPRB_RX,347,621612927,234,48
TPRB_RX,348,623282884,234,57
TPRB_RX,349,625134328,235,67
TPRB_RX,350,626807298,236,76
TPRB_RX,351,628477027,236,85
TPRB_RX,352,630141508,237,94
TPRB_RX,353,631813417,238,103
TPRB_RX,354,633484273,238,112
TPRB_RX,355,635332150,239,122
TPRB_RX,356,637009356,240,131
TPRB_RX,357,638683014,241,140
TPRB_RX,358,640351772,241,149
TPRB_RX,359,642013288,242,158
TPRB_RX,360,643692070,242,167
TPRB_RX,361,645539013,243,177
TPRB_RX,362,647215331,244,186
TPRB_RX,363,648887168,244,195
TPRB_RX,364,650559521,245,3
TPRB_RX,365,652235865,246,12
TPRB_RX,366,653906395,246,21
TPRB_RX,367,655761836,247,31
TPRB_RX,368,657620871,248,41
TPRB_RX,369,659297438,249,50
TPRB_RX,370,660976822,249,59
TPRB_RX,371,662641388,250,68
TPRB_RX,372,664313401,251,77
TPRB_RX,373,665982622,251,86
TPRB_RX,374,667839245,252,96
TPRB_RX,375,669695889,253,106
TPRB_RX,376,671551810,253,116
TPRB_RX,377,673217256,254,125
TPRB_RX,378,674899004,255,134
TPRB_RX,379,676571361,255,143
TPRB_RX,380,678237211,256,152
TPRB_RX,381,679906112,257,161
TPRB_RX,382,681761291,257,171
TPRB_RX,383,683430787,258,180
TPRB_RX,384,685105138,259,189
TPRB_RX,385,686774702,259,198
TPRB_RX,386,688443290,260,6
TPRB_RX,387,690115358,261,15
TPRB_RX,388,691971297,261,25
TPRB_RX,389,693822815,262,35
TPRB_RX,390,695491841,263,44
TPRB_RX,391,697162390,263,53
TPRB_RX,392,698825208,264,62
TPRB_RX,393,700497706,265,71
TPRB_RX,394,702173258,265,80
TPRB_RX,395,704021797,266,90
TPRB_RX,396,705696571,267,99
TPRB_RX,397,707365066,267,108
TPRB_RX,398,709031264,268,117
TPRB_RX,399,710701634,269,126
TPRB_RX,400,712370678,269,135
TPRB_RX,401,714219332,270,145
TPRB_RX,402,715892960,271,154
TPRB_RX,403,717562988,271,163
TPRB_RX,404,719232961,272,172
TPRB_RX,405,720903093,273,181
TPRB_RX,406,722579602,273,190
TPRB_RX,407,724418911,274,200
TPRB_RX,408,726096702,275,8
TPRB_RX,409,727768482,275,17
TPRB_RX,410,729432921,276,26
TPRB_RX,411,731107603,277,35
TPRB_RX,412,732778367,277,44
TPRB_RX,413,734624998,278,54
TPRB_RX,414,736301645,279,63
TPRB_RX,415,737978525,279,72
TPRB_RX,416,739642117,280,81
TPRB_RX,417,741317495,281,90
TPRB_RX,418,742985121,281,99
TPRB_RX,419,744833891,282,109
TPRB_RX,420,746509485,283,118
TPRB_RX,421,748184152,283,127
TPRB_RX,422,749850711,284,136
TPRB_RX,423,751528408,285,145
TPRB_RX,424,753208862,285,154
TPRB_RX,425,754873561,286,163
TPRB_RX,426,756588504,287,172
TPRB_RX,427,758447015,287,182
TPRB_RX,428,760297583,288,192
TPRB_RX,429,761973538,289,0
TPRB_RX,430,763642210,289,9
TPRB_RX,431,765305995,290,18
TPRB_RX,432,766975109,291,27
TPRB_RX,433,768644298,291,36
TPRB_RX,434,770499986,292,46
TPRB_RX,435,772171936,293,55
TPRB_RX,436,773846900,293,64
TPRB_RX,437,775511809,294,73
TPRB_RX,438,777193043,295,82
TPRB_RX,439,778866678,295,91
TPRB_RX,440,780716134,296,101
TPRB_RX,441,782577149,297,111
TPRB_RX,442,784255276,298,120
TPRB_RX,443,785928476,298,129
TPRB_RX,444,787590875,299,138
TPRB_RX,445,789277903,299,147
TPRB_RX,446,790942852,300,156
TPRB_RX,447,792618764,301,165
TPRB_RX,448,794476343,302,175
TPRB_RX,449,796148707,302,184
TPRB_RX,450,797815066,303,193
TPRB_RX,451,799488425,304,1
TPRB_RX,452,801156948,304,10
TPRB_RX,453,802823370,305,19
TPRB_RX,454,804683516,306,29
TPRB_RX,455,806356135,306,38
TPRB_RX,456,808020797,307,47
TPRB_RX,457,809695992,308,56
TPRB_RX,458,811367688,308,65
TPRB_RX,459,813045232,309,74
TPRB_RX,460,814723195,310,83
TPRB_RX,461,816584695,310,93
TPRB_RX,462,818252435,311,102
TPRB_RX,463,819931377,312,111
TPRB_RX,464,821609088,312,120
TPRB_RX,465,823269138,313,129
TPRB_RX,466,825025120,314,138
TPRB_RX,467,826698378,314,147
TPRB_RX,468,828365165,315,156
TPRB_RX,469,830040068,316,165
TPRB_RX,470,831894418,316,175
TPRB_RX,471,833741212,317,185
TPRB_RX,472,835415171,318,194
TPRB_RX,473,837085861,318,2
TPRB_RX,474,838755055,319,11
TPRB_RX,475,840430863,320,20
TPRB_RX,476,842104471,320,29
TPRB_RX,477,843951265,321,39
TPRB_RX,478,845627127,322,48
TPRB_RX,479,847304170,322,57
TPRB_RX,480,848966266,323,66
TPRB_RX,481,850644624,324,75
TPRB_RX,482,852313689,324,84
TPRB_RX,483,854168269,325,94
TPRB_RX,484,856031117,326,104
TPRB_RX,485,857884180,326,114
TPRB_RX,486,859555600,327,123
TPRB_RX,487,861231587,328,132
TPRB_RX,488,862902049,328,141
TPRB_RX,489,864571248,329,150
TPRB_RX,490,866245238,330,159
TPRB_RX,491,868099698,330,169
TPRB_RX,492,869948338,331,179
TPRB_RX,493,871622329,332,188
TPRB_RX,494,873302162,333,197
TPRB_RX,495,874973305,333,5
TPRB_RX,496,876639463,334,14
TPRB_RX,497,878314069,334,23
TPRB_RX,498,880171277,335,33
TPRB_RX,499,882029206,336,43
TPRB_RX,500,883700827,337,52
TPRB_RX,501,885373893,337,61
TPRB_RX,502,887040187,338,70
TPRB_RX,503,888717601,339,79
TPRB_RX,504,890386165,339,88
TPRB_RX,505,892235562,340,98
TPRB_RX,506,893910167,341,107
TPRB_RX,507,895583520,341,116
TPRB_RX,508,897247703,342,125
TPRB_RX,509,898921418,343,134
TPRB_RX,510,900593479,343,143
TPRB_RX,511,902440025,344,153
TPRB_RX,512,904296532,345,163
TPRB_RX,513,905973876,345,172
TPRB_RX,514,907638413,346,181
TPRB_RX,515,909311095,347,190
TPRB_RX,516,910981827,347,199
TPRB_RX,517,912650314,348,7
TPRB_RX,518,914512862,349,17
TPRB_RX,519,916364874,349,27
TPRB_RX,520,918030931,350,36
TPRB_RX,521,919708231,351,45
TPRB_RX,522,921379522,351,54
TPRB_RX,523,923048922,352,63
TPRB_RX,524,924723454,353,72
TPRB_RX,525,926583723,353,82
TPRB_RX,526,928436462,354,92
TPRB_RX,527,930116054,355,101
TPRB_RX,528,931787870,355,110
TPRB_RX,529,933450651,356,119
TPRB_RX,530,935123163,357,128
TPRB_RX,531,936792362,357,137
TPRB_RX,532,938640200,358,147
TPRB_RX,533,940314581,359,156
TPRB_RX,534,941986978,359,165
TPRB_RX,535,943646626,360,174
TPRB_RX,536,945324207,361,183
TPRB_RX,537,946996524,361,192
TPRB_RX,538,948841800,362,1
TPRB_RX,539,950515840,363,10
TPRB_RX,540,952185169,363,19
TPRB_RX,541,953848924,364,28
TPRB_RX,542,955521406,365,37
TPRB_RX,543,957191055,365,46
TPRB_RX,544,959037420,366,56
TPRB_RX,545,960710156,367,65
TPRB_RX,546,962389501,367,74
TPRB_RX,547,964055601,368,83
TPRB_RX,548,965732191,369,92
TPRB_RX,549,967399306,369,101
TPRB_RX,550,969248481,370,111
TPRB_RX,551,970923916,371,120
TPRB_RX,552,972593228,371,129
TPRB_RX,553,974257978,372,138
TPRB_RX,554,975934120,373,147
TPRB_RX,555,977603824,373,156
TPRB_RX,556,979457441,374,166
TPRB_RX,557,981316509,375,176
TPRB_RX,558,982990721,376,185
TPRB_RX,559,984668539,376,194
TPRB_RX,560,986331433,377,2
TPRB_RX,561,988002718,377,11
TPRB_RX,562,989670193,378,20
TPRB_RX,563,991529800,379,30
TPRB_RX,564,993393419,380,40
TPRB_RX,565,995063839,380,49
TPRB_RX,566,996753837,381,58
TPRB_RX,567,998428787,382,67
TPRB_RX,568,1000106863,382,76
TPRB_RX,569,1001772758,383,85
TPRB_RX,570,1003445940,384,94
TPRB_RX,571,1005299142,384,104
TPRB_RX,572,1007150625,385,114
TPRB_RX,573,1008827006,386,123
TPRB_RX,574,1010499487,386,132
TPRB_RX,575,1012161695,387,141
TPRB_RX,576,1013840785,388,150
TPRB_RX,577,1015515551,388,159
TPRB_RX,578,1017357490,389,169
TPRB_RX,579,1019032642,390,178
TPRB_RX,580,1020702835,390,187
TPRB_RX,581,1022367645,391,196
TPRB_RX,582,1024041177,392,4
TPRB_RX,583,1025710991,392,13
TPRB_RX,584,1027557300,393,23
TPRB_RX,585,1029231179,394,32
TPRB_RX,586,1030906987,394,41
TPRB_RX,587,1032566558,395,50
TPRB_RX,588,1034243002,396,59
TPRB_RX,589,1035915398,396,68
TPRB_RX,590,1037761385,397,78
TPRB_RX,591,1039438383,398,87
TPRB_RX,592,1041110979,398,96
TPRB_RX,593,1042772378,399,105
TPRB_RX,594,1044444158,400,114
TPRB_RX,595,1046113725,400,123
TPRB_RX,596,1047968949,401,133
TPRB_RX,597,1049644451,402,142
TPRB_RX,598,1051313891,402,151
TPRB_RX,599,1052977006,403,160
TPRB_RX,600,1054649540,404,169
TPRB_RX,601,1056320703,404,178
TPRB_RX,602,1058170155,405,188
TPRB_RX,603,1059842463,406,197
TPRB_RX,604,1061511898,406,5
TPRB_RX,605,1063175354,407,14
TPRB_RX,606,1064853250,408,23
TPRB_RX,607,1066526936,408,32
TPRB_RX,608,1068374262,409,42
TPRB_RX,609,1070232807,410,52
TPRB_RX,610,1071908010,410,61
TPRB_RX,611,1073578451,411,70
TPRB_RX,612,1075258360,412,79
TPRB_RX,613,1076933223,412,88
TPRB_RX,614,1078604397,413,97
TPRB_RX,615,1080277399,414,106
TPRB_RX,616,1082138509,414,116
TPRB_RX,617,1083805217,415,125
TPRB_RX,618,1085481004,416,134
TPRB_RX,619,1087152355,416,143
TPRB_RX,620,1088817731,417,152
TPRB_RX,621,1090491860,418,161
TPRB_RX,622,1092351098,418,171
TPRB_RX,623,1094197881,419,181
TPRB_RX,624,1095865783,420,190
TPRB_RX,625,1097538580,420,199
TPRB_RX,626,1099210839,421,7
TPRB_RX,627,1100884857,422,16
TPRB_RX,628,1102554172,422,25
TPRB_RX,629,1104403224,423,35
TPRB_RX,630,1106078237,424,44
TPRB_RX,631,1107751048,424,53
TPRB_RX,632,1109413887,425,62
TPRB_RX,633,1111084811,426,71
TPRB_RX,634,1112765006,426,80
TPRB_RX,635,1114614532,427,90
TPRB_RX,636,1116298002,428,99
TPRB_RX,637,1117969521,428,108
TPRB_RX,638,1119639593,429,117
TPRB_RX,639,1121309078,430,126
TPRB_RX,640,1122980699,430,135
TPRB_RX,641,1124828119,431,145
TPRB_RX,642,1126688404,432,155
TPRB_RX,643,1128543768,433,165
TPRB_RX,644,1130216609,433,174
TPRB_RX,645,1131896316,434,183
TPRB_RX,646,1133574907,435,192
TPRB_RX,647,1135243107,435,0
TPRB_RX,648,1136904219,436,9
TPRB_RX,649,1138761161,437,19
TPRB_RX,650,1140616520,437,29
TPRB_RX,651,1142285242,438,38
TPRB_RX,652,1143958788,439,47
TPRB_RX,653,1145628035,439,56
TPRB_RX,654,1147291935,440,65
TPRB_RX,655,1148969695,441,74
TPRB_RX,656,1150831802,441,84
TPRB_RX,657,1152688442,442,94
TPRB_RX,658,1154368470,443,103
TPRB_RX,659,1156040239,443,112
TPRB_RX,660,1157704731,444,121
TPRB_RX,661,1159381069,445,130
TPRB_RX,662,1161049567,445,139
TPRB_RX,663,1162900648,446,149
TPRB_RX,664,1164759343,447,159
TPRB_RX,665,1166470530,447,168
TPRB_RX,666,1168318492,448,178
TPRB_RX,667,1169993318,449,187
TPRB_RX,668,1171665633,450,196
TPRB_RX,669,1173335033,450,4
TPRB_RX,670,1175001841,451,13
TPRB_RX,671,1176673291,451,22
TPRB_RX,672,1178522700,452,32
TPRB_RX,673,1180194233,453,41
TPRB_RX,674,1181863736,453,50
TPRB_RX,675,1183532569,454,59
TPRB_RX,676,1185208390,455,68
TPRB_RX,677,1186878306,455,77
TPRB_RX,678,1188723911,456,87
TPRB_RX,679,1190401242,457,96
TPRB_RX,680,1192068543,457,105
TPRB_RX,681,1193734078,458,114
TPRB_RX,682,1195409382,459,123
TPRB_RX,683,1197085051,459,132
TPRB_RX,684,1198935202,460,142
TPRB_RX,685,1200615174,461,151
TPRB_RX,686,1202291664,462,160
TPRB_RX,687,1203969455,462,169
TPRB_RX,688,1205637347,463,178
TPRB_RX,689,1207315100,463,187
TPRB_RX,690,1208974606,464,196
TPRB_RX,691,1210831038,465,5
TPRB_RX,692,1212501647,465,14
TPRB_RX,693,1214174143,466,23
TPRB_RX,694,1215840542,467,32
TPRB_RX,695,1217515629,467,41
TPRB_RX,696,1219175148,468,50
TPRB_RX,697,1221034757,469,60
TPRB_RX,698,1222706605,470,69
TPRB_RX,699,1224380192,470,78
TPRB_RX,700,1226041833,471,87
TPRB_RX,701,1227713942,471,96
TPRB_RX,702,1229374524,472,105
TPRB_RX,703,1231235760,473,115
TPRB_RX,704,1232907774,474,124
TPRB_RX,705,1234586736,474,133
TPRB_RX,706,1236252322,475,142
TPRB_RX,707,1237924006,475,151
TPRB_RX,708,1239586658,476,160
TPRB_RX,709,1241446767,477,170
TPRB_RX,710,1243304198,478,180
TPRB_RX,711,1244974150,478,189
TPRB_RX,712,1246638380,479,198
TPRB_RX,713,1248311091,480,6
TPRB_RX,714,1249981947,480,15
TPRB_RX,715,1251650220,481,24
TPRB_RX,716,1253513038,482,34
TPRB_RX,717,1255185987,482,43
TPRB_RX,718,1256848459,483,52
TPRB_RX,719,1258524478,484,61
TPRB_RX,720,1260193298,484,70
TPRB_RX,721,1261859060,485,79
TPRB_RX,722,1263717532,486,89
TPRB_RX,723,1265575451,486,99
TPRB_RX,724,1267233168,487,108
TPRB_RX,725,1268912286,488,117
TPRB_RX,726,1270585268,488,126
TPRB_RX,727,1272246485,489,135
TPRB_RX,728,1273918997,490,144
TPRB_RX,729,1275773782,490,154
TPRB_RX,730,1277436223,491,163
TPRB_RX,731,1279108927,492,172
TPRB_RX,732,1280777973,492,181
TPRB_RX,733,1282447380,493,190
TPRB_RX,734,1284121644,494,199
TPRB_RX,735,1285983335,494,8
TPRB_RX,736,1287648835,495,17
TPRB_RX,737,1289322440,496,26
TPRB_RX,738,1290991354,496,35
TPRB_RX,739,1292659552,497,44
TPRB_RX,740,1294331003,498,53
TPRB_RX,741,1296188052,498,63
TPRB_RX,742,1298037600,499,73
TPRB_RX,743,1299709805,500,82
TPRB_RX,744,1301387114,500,91
TPRB_RX,745,1303056307,501,100
TPRB_RX,746,1304730223,502,109
TPRB_RX,747,1306396095,502,118
TPRB_RX,748,1308244679,503,128
TPRB_RX,749,1309924930,504,137
TPRB_RX,750,1311607449,504,146
TPRB_RX,751,1313266433,505,155
TPRB_RX,752,1314944237,506,164
TPRB_RX,753,1316619480,506,173
TPRB_RX,754,1318465457,507,183
TPRB_RX,755,1320328349,508,193
TPRB_RX,756,1321999764,508,1
TPRB_RX,757,1323671004,509,10
TPRB_RX,758,1325343837,510,19
TPRB_RX,759,1327016125,510,28
TPRB_RX,760,1328678482,511,37
TPRB_RX,761,1330537580,512,47
TPRB_RX,762,1332394150,513,57
TPRB_RX,763,1334066196,513,66
TPRB_RX,764,1335736236,514,75
TPRB_RX,765,1337412943,514,84
TPRB_RX,766,1339086044,515,93
TPRB_RX,767,1340765056,516,102
TPRB_RX,768,1342436772,516,111
TPRB_RX,769,1344289564,517,121
TPRB_RX,770,1345968490,518,130
TPRB_RX,771,1347639739,519,139
TPRB_RX,772,1349315101,519,148
TPRB_RX,773,1350982836,520,157
TPRB_RX,774,1352654006,520,166
TPRB_RX,775,1354349665,521,175
TPRB_RX,776,1356210655,522,185
TPRB_RX,777,1358067944,523,195
TPRB_RX,778,1359739979,523,3
TPRB_RX,779,1361405938,524,12
TPRB_RX,780,1363083583,525,21
TPRB_RX,781,1364754057,525,30
TPRB_RX,782,1366418050,526,39
TPRB_RX,783,1368270209,527,49
TPRB_RX,784,1369943938,527,58
TPRB_RX,785,1371614099,528,67
TPRB_RX,786,1373288228,529,76
TPRB_RX,787,1374967291,529,85
TPRB_RX,788,1376631214,530,94
TPRB_RX,789,1378310242,531,103
TPRB_RX,790,1380165429,531,113
TPRB_RX,791,1381829517,532,122
TPRB_RX,792,1383502882,533,131
TPRB_RX,793,1385181615,533,140
TPRB_RX,794,1386841226,534,149
TPRB_RX,795,1388520316,535,158
TPRB_RX,796,1390377748,535,168
TPRB_RX,797,1392224301,536,178
TPRB_RX,798,1393898149,537,187
TPRB_RX,799,1395565467,537,196
TPRB_RX,800,1397229005,538,4
TPRB_RX,801,1398901917,539,13
TPRB_RX,802,1400756907,539,23
TPRB_RX,803,1402612180,540,33
TPRB_RX,804,1404293299,541,42
TPRB_RX,805,1405968321,541,51
TPRB_RX,806,1407632036,542,60
TPRB_RX,807,1409304274,543,69
TPRB_RX,808,1410975145,543,78
TPRB_RX,809,1412823989,544,88
TPRB_RX,810,1414686891,545,98
TPRB_RX,811,1416543955,546,108
TPRB_RX,812,1418215277,546,117
TPRB_RX,813,1419885156,547,126
TPRB_RX,814,1421559635,548,135
TPRB_RX,815,1423238470,548,144
TPRB_RX,816,1424903161,549,153
TPRB_RX,817,1426765816,550,163
TPRB_RX,818,1428628258,550,173
TPRB_RX,819,1430478049,551,183
TPRB_RX,820,1432157734,552,192
TPRB_RX,821,1433827847,552,0
TPRB_RX,822,1435502483,553,9
TPRB_RX,823,1437173723,554,18
TPRB_RX,824,1438845610,554,27
TPRB_RX,825,1440691301,555,37
TPRB_RX,826,1442366364,556,46
TPRB_RX,827,1444039322,556,55
TPRB_RX,828,1445700891,557,64
TPRB_RX,829,1447374423,558,73
TPRB_RX,830,1449043887,558,82
TPRB_RX,831,1450893809,559,92
TPRB_RX,832,1452579090,560,101
TPRB_RX,833,1454251646,560,110
TPRB_RX,834,1455915611,561,119
TPRB_RX,835,1457591170,562,128
TPRB_RX,836,1459260293,562,137
TPRB_RX,837,1461110488,563,147
TPRB_RX,838,1462971321,564,157
TPRB_RX,839,1464829706,564,167
TPRB_RX,840,1466492508,565,176
TPRB_RX,841,1468162015,566,185
TPRB_RX,842,1469839926,566,194
TPRB_RX,843,1471505364,567,2
TPRB_RX,844,1473183398,568,11
TPRB_RX,845,1475038814,568,21
TPRB_RX,846,1476701181,569,30
TPRB_RX,847,1478376147,570,39
TPRB_RX,848,1480045876,570,48
TPRB_RX,849,1481705099,571,57
TPRB_RX,850,1483378260,572,66
TPRB_RX,851,1485233124,572,76
TPRB_RX,852,1486897803,573,85
TPRB_RX,853,1488574477,574,94
TPRB_RX,854,1490252759,574,103
TPRB_RX,855,1491919255,575,112
TPRB_RX,856,1493599903,576,121
TPRB_RX,857,1495280405,576,130
TPRB_RX,858,1497129251,577,140
TPRB_RX,859,1498806606,578,149
TPRB_RX,860,1500476875,578,158
TPRB_RX,861,1502138461,579,167
TPRB_RX,862,1503811371,580,176
TPRB_RX,863,1505483382,580,185
TPRB_RX,864,1507178718,581,194
TPRB_RX,865,1509040048,582,3
TPRB_RX,866,1510710734,582,12
TPRB_RX,867,1512376410,583,21
TPRB_RX,868,1514052372,584,30
TPRB_RX,869,1515720469,584,39
TPRB_RX,870,1517382203,585,48
TPRB_RX,871,1519240083,586,58
TPRB_RX,872,1520912172,586,67
TPRB_RX,873,1522577136,587,76
TPRB_RX,874,1524257045,588,85
TPRB_RX,875,1525940310,588,94
TPRB_RX,876,1527608885,589,103
TPRB_RX,877,1529285384,590,112
TPRB_RX,878,1531143001,590,122
TPRB_RX,879,1532991072,591,132
TPRB_RX,880,1534668664,592,141
TPRB_RX,881,1536338659,593,150
TPRB_RX,882,1538010661,593,159
TPRB_RX,883,1539677038,594,168
TPRB_RX,884,1541353096,594,177
TPRB_RX,885,1543200497,595,187
TPRB_RX,886,1544869525,596,196
TPRB_RX,887,1546543641,597,4
TPRB_RX,888,1548217153,597,13
TPRB_RX,889,1549876205,598,22
TPRB_RX,890,1551545205,598,31
TPRB_RX,891,1553395294,599,41
TPRB_RX,892,1555072755,600,50
TPRB_RX,893,1556736652,600,59
TPRB_RX,894,1558402981,601,68
TPRB_RX,895,1560072775,602,77
TPRB_RX,896,1561744734,602,86
TPRB_RX,897,1563593084,603,96
TPRB_RX,898,1565270715,604,105
TPRB_RX,899,1566940096,605,114
TPRB_RX,900,1568609169,605,123
TPRB_RX,901,1570271913,606,132
TPRB_RX,902,1572130468,607,142
TPRB_RX,903,1573988532,607,152
TPRB_RX,904,1575839456,608,162
TPRB_RX,905,1577513096,609,171
TPRB_RX,906,1579181310,609,180
TPRB_RX,907,1580850398,610,189
TPRB_RX,908,1582526034,611,198
TPRB_RX,909,1584195960,611,6
TPRB_RX,910,1586043305,612,16
TPRB_RX,911,1587714861,613,25
TPRB_RX,912,1589388038,613,34
TPRB_RX,913,1591050973,614,43
TPRB_RX,914,1592726907,615,52
TPRB_RX,915,1594398039,615,61
TPRB_RX,916,1596247883,616,71
TPRB_RX,917,1597923115,617,80
TPRB_RX,918,1599593184,617,89
TPRB_RX,919,1601264165,618,98
TPRB_RX,920,1602938476,619,107
TPRB_RX,921,1604609003,619,116
TPRB_RX,922,1606461632,620,126
TPRB_RX,923,1608316988,621,136
TPRB_RX,924,1609987165,621,145
TPRB_RX,925,1611651837,622,154
TPRB_RX,926,1613327229,623,163
TPRB_RX,927,1614997440,623,172
TPRB_RX,928,1616661836,624,181
TPRB_RX,929,1618518417,625,191
TPRB_RX,930,1620187291,625,200
TPRB_RX,931,1621853461,626,8
TPRB_RX,932,1623535101,627,17
TPRB_RX,933,1625205702,627,26
TPRB_RX,934,1626871924,628,35
TPRB_RX,935,1628729270,629,45
TPRB_RX,936,1630403431,629,54
TPRB_RX,937,1632062844,630,63
TPRB_RX,938,1633738673,631,72
TPRB_RX,939,1635407362,631,81
TPRB_RX,940,1637068423,632,90
TPRB_RX,941,1638931028,633,100
TPRB_RX,942,1640623507,633,109
TPRB_RX,943,1642287085,634,118
TPRB_RX,944,1643974005,635,127
TPRB_RX,945,1645644754,635,136
TPRB_RX,946,1647308581,636,145
TPRB_RX,947,1648986712,637,154
TPRB_RX,948,1650845270,637,164
TPRB_RX,949,1652691374,638,174
TPRB_RX,950,1654363442,639,183
TPRB_RX,951,1656035539,639,192
TPRB_RX,952,1657699555,640,0
TPRB_RX,953,1659366490,641,9
TPRB_RX,954,1661039726,641,18
TPRB_RX,955,1662896935,642,28
TPRB_RX,956,1664574527,643,37
TPRB_RX,957,1666243347,643,46
TPRB_RX,958,1667910428,644,55
TPRB_RX,959,1669582020,645,64
TPRB_RX,960,1671253239,645,73
TPRB_RX,961,1673098101,646,83
TPRB_RX,962,1674776846,647,92
TPRB_RX,963,1676453279,647,101
TPRB_RX,964,1678117954,648,110
TPRB_RX,965,1679792940,649,119
TPRB_RX,966,1681463892,649,128
TPRB_RX,967,1683311056,650,138
TPRB_RX,968,1685167256,651,148
TPRB_RX,969,1686837265,652,157
TPRB_RX,970,1688506129,652,166
TPRB_RX,971,1690171449,653,175
TPRB_RX,972,1691843824,653,184
TPRB_RX,973,1693504778,654,193
TPRB_RX,974,1695364066,655,2
TPRB_RX,975,1697038429,656,11
TPRB_RX,976,1698710367,656,20
TPRB_APPLY,0,26774257,1,1
TPRB_APPLY,1,28485112,1,11
TPRB_APPLY,2,30538138,2,21
TPRB_APPLY,3,31907631,3,30
TPRB_APPLY,4,33617677,3,39
TPRB_APPLY,5,35670703,4,49
TPRB_APPLY,6,37039387,5,58
TPRB_APPLY,7,38750242,5,67
TPRB_APPLY,8,40461097,6,77
TPRB_APPLY,9,42171952,7,86
TPRB_APPLY,10,43882807,7,95
TPRB_APPLY,11,45593661,8,105
TPRB_APPLY,12,47305545,9,114
TPRB_APPLY,13,49015371,9,124
TPRB_APPLY,14,51068516,10,134
TPRB_APPLY,15,52779252,11,143
TPRB_APPLY,16,54147935,11,152
TPRB_APPLY,17,56200961,12,162
TPRB_APPLY,18,57569645,13,171
TPRB_APPLY,19,59622671,13,181
TPRB_APPLY,20,60991737,14,190
TPRB_APPLY,21,62702210,15,199
TPRB_APPLY,22,64755438,15,8
TPRB_APPLY,23,66123920,16,17
TPRB_APPLY,24,67834775,17,26
TPRB_APPLY,25,69545630,17,36
TPRB_APPLY,26,71256485,18,45
TPRB_APPLY,27,72967340,19,54
TPRB_APPLY,28,74678196,19,64
TPRB_APPLY,29,76389050,20,73
TPRB_APPLY,30,78099905,21,82
TPRB_APPLY,31,79810760,21,92
TPRB_APPLY,32,81521616,22,101
TPRB_APPLY,33,83232470,23,110
TPRB_APPLY,34,84943325,23,120
TPRB_APPLY,35,86654180,24,129
TPRB_APPLY,36,88365035,25,138
TPRB_APPLY,37,90075890,25,148
TPRB_APPLY,38,91786745,26,157
TPRB_APPLY,39,93497600,27,166
TPRB_APPLY,40,95208455,27,176
TPRB_APPLY,41,96919310,28,185
TPRB_APPLY,42,98630165,29,194
TPRB_APPLY,43,100341020,29,3
TPRB_APPLY,44,102052550,30,12
TPRB_APPLY,45,103420559,31,21
TPRB_APPLY,46,105473585,31,31
TPRB_APPLY,47,107184440,32,40
TPRB_APPLY,48,108896279,33,50
TPRB_APPLY,49,110607175,33,60
TPRB_APPLY,50,112317005,34,69
TPRB_APPLY,51,114027860,35,78
TPRB_APPLY,52,115738715,35,88
TPRB_APPLY,53,117449570,36,97
TPRB_APPLY,54,119160425,37,106
TPRB_APPLY,55,120871280,37,116
TPRB_APPLY,56,122582135,38,125
TPRB_APPLY,57,124292990,39,134
TPRB_APPLY,58,126003845,39,144
TPRB_APPLY,59,127714700,40,153
TPRB_APPLY,60,129425555,41,162
TPRB_APPLY,61,131136410,41,172
TPRB_APPLY,62,132847265,42,181
TPRB_APPLY,63,134558120,43,190
TPRB_APPLY,64,135927527,43,199
TPRB_APPLY,65,137979830,44,8
TPRB_APPLY,66,139348514,45,17
TPRB_APPLY,67,141059369,45,26
TPRB_APPLY,68,143112395,46,36
TPRB_APPLY,69,144481079,47,45
TPRB_APPLY,70,146192896,47,54
TPRB_APPLY,71,147902789,48,64
TPRB_APPLY,72,149613644,49,73
TPRB_APPLY,73,151324499,49,82
TPRB_APPLY,74,153035354,50,92
TPRB_APPLY,75,154746209,51,101
TPRB_APPLY,76,156457064,51,110
TPRB_APPLY,77,158167919,52,120
TPRB_APPLY,78,159878774,53,129
TPRB_APPLY,79,161589629,53,138
TPRB_APPLY,80,163300484,54,148
TPRB_APPLY,81,165011339,55,157
TPRB_APPLY,82,166723184,55,166
TPRB_APPLY,83,168433049,56,176
TPRB_APPLY,84,170143904,57,185
TPRB_APPLY,85,171854759,57,194
TPRB_APPLY,86,173565614,58,3
TPRB_APPLY,87,175276469,59,12
TPRB_APPLY,88,176987324,59,21
TPRB_APPLY,89,178698179,60,31
TPRB_APPLY,90,180409034,61,40
TPRB_APPLY,91,181777718,61,49
TPRB_APPLY,92,183830744,62,59
TPRB_APPLY,93,185541599,63,68
TPRB_APPLY,94,186910283,63,77
TPRB_APPLY,95,188963316,64,87
TPRB_APPLY,96,190331993,65,96
TPRB_APPLY,97,192042848,65,105
TPRB_APPLY,98,194095874,66,115
TPRB_APPLY,99,195464558,67,124
TPRB_APPLY,100,197517584,67,134
TPRB_APPLY,101,199229127,68,144
TPRB_APPLY,102,200939294,69,153
TPRB_APPLY,103,202650149,69,163
TPRB_APPLY,104,204361004,70,173
TPRB_APPLY,105,206071859,71,182
TPRB_APPLY,106,207782714,71,191
TPRB_APPLY,107,209493569,72,0
TPRB_APPLY,108,211204424,73,9
TPRB_APPLY,109,212915279,73,18
TPRB_APPLY,110,214626134,74,28
TPRB_APPLY,111,216336989,75,37
TPRB_APPLY,112,218047844,75,47
TPRB_APPLY,113,220100870,76,57
TPRB_APPLY,114,221469554,77,66
TPRB_APPLY,115,223522580,78,76
TPRB_APPLY,116,225233435,78,86
TPRB_APPLY,117,226944290,79,95
TPRB_APPLY,118,228655145,80,104
TPRB_APPLY,119,230366000,80,114
TPRB_APPLY,120,232076855,81,123
TPRB_APPLY,121,233787710,82,132
TPRB_APPLY,122,235498565,82,142
TPRB_APPLY,123,237209420,83,151
TPRB_APPLY,124,238920275,84,161
TPRB_APPLY,125,240631130,84,171
TPRB_APPLY,126,242341985,85,180
TPRB_APPLY,127,244052840,86,190
TPRB_APPLY,128,246105866,86,200
TPRB_APPLY,129,247474550,87,8
TPRB_APPLY,130,249185676,88,17
TPRB_APPLY,131,251238431,88,27
TPRB_APPLY,132,252607115,89,36
TPRB_APPLY,133,254660141,90,46
TPRB_APPLY,134,256028825,90,55
TPRB_APPLY,135,257739680,91,64
TPRB_APPLY,136,259450535,92,74
TPRB_APPLY,137,261162404,92,83
TPRB_APPLY,138,262872245,93,92
TPRB_APPLY,139,264583100,94,102
TPRB_APPLY,140,266293955,94,111
TPRB_APPLY,141,268004810,95,120
TPRB_APPLY,142,269715665,96,130
TPRB_APPLY,143,271426520,96,139
TPRB_APPLY,144,273137375,97,148
TPRB_APPLY,145,274848230,98,158
TPRB_APPLY,146,276559085,98,167
TPRB_APPLY,147,278269940,99,177
TPRB_APPLY,148,280322966,100,187
TPRB_APPLY,149,281691924,100,196
TPRB_APPLY,150,283402505,101,4
TPRB_APPLY,151,285113360,102,14
TPRB_APPLY,152,286824215,102,23
TPRB_APPLY,153,288535070,103,32
TPRB_APPLY,154,290245925,104,42
TPRB_APPLY,155,291956780,104,51
TPRB_APPLY,156,293667635,105,61
TPRB_APPLY,157,295720661,106,71
TPRB_APPLY,158,297431516,107,80
TPRB_APPLY,159,298800200,107,89
TPRB_APPLY,160,300853226,108,99
TPRB_APPLY,161,302221910,109,108
TPRB_APPLY,162,303932765,109,117
TPRB_APPLY,163,305985791,110,127
TPRB_APPLY,164,307354475,111,136
TPRB_APPLY,165,309065330,111,145
TPRB_APPLY,166,310776185,112,155
TPRB_APPLY,167,312487687,113,164
TPRB_APPLY,168,314197895,113,173
TPRB_APPLY,169,315908750,114,183
TPRB_APPLY,170,317619605,115,192
TPRB_APPLY,171,319330460,115,0
TPRB_APPLY,172,321041315,116,10
TPRB_APPLY,173,322752170,117,19
TPRB_APPLY,174,324463025,117,28
TPRB_APPLY,175,326173880,118,38
TPRB_APPLY,176,327884735,119,47
TPRB_APPLY,177,329595590,119,56
TPRB_APPLY,178,331306445,120,66
TPRB_APPLY,179,333017300,121,75
TPRB_APPLY,180,334728155,121,84
TPRB_APPLY,181,336439010,122,94
TPRB_APPLY,182,338149865,123,103
TPRB_APPLY,183,339860720,123,112
TPRB_APPLY,184,341571575,124,122
TPRB_APPLY,185,343282430,125,131
TPRB_APPLY,186,344993285,125,141
TPRB_APPLY,187,346704140,126,151
TPRB_APPLY,188,348414995,127,160
TPRB_APPLY,189,350125850,127,170
TPRB_APPLY,190,352178876,128,180
TPRB_APPLY,191,353547560,129,189
TPRB_APPLY,192,355258415,129,198
TPRB_APPLY,193,357311441,130,7
TPRB_APPLY,194,358680125,131,16
TPRB_APPLY,195,360733151,131,26
TPRB_APPLY,196,362444006,132,36
TPRB_APPLY,197,364154861,133,45
TPRB_APPLY,198,365865716,133,54
TPRB_APPLY,199,367576571,134,64
TPRB_APPLY,200,369287426,135,73
TPRB_APPLY,201,370656110,135,82
TPRB_APPLY,202,372709136,136,92
TPRB_APPLY,203,374419991,137,101
TPRB_APPLY,204,376131620,137,111
TPRB_APPLY,205,377841701,138,121
TPRB_APPLY,206,379552556,139,130
TPRB_APPLY,207,381263411,139,139
TPRB_APPLY,208,382974266,140,149
TPRB_APPLY,209,384685121,141,158
TPRB_APPLY,210,386395976,142,168
TPRB_APPLY,211,388449002,142,178
TPRB_APPLY,212,389817686,143,187
TPRB_APPLY,213,391528541,144,196
TPRB_APPLY,214,393239396,144,5
TPRB_APPLY,215,394950251,145,14
TPRB_APPLY,216,396661106,145,23
TPRB_APPLY,217,398371961,146,33
TPRB_APPLY,218,400082816,147,42
TPRB_APPLY,219,401793671,148,51
TPRB_APPLY,220,403504526,148,61
TPRB_APPLY,221,405215381,149,70
TPRB_APPLY,222,406926236,150,80
TPRB_APPLY,223,408637091,150,89
TPRB_APPLY,224,410347946,151,98
TPRB_APPLY,225,412058801,152,108
TPRB_APPLY,226,413769715,152,117
TPRB_APPLY,227,415480511,153,126
TPRB_APPLY,228,417191366,154,136
TPRB_APPLY,229,418902221,154,145
TPRB_APPLY,230,420613076,155,154
TPRB_APPLY,231,422323931,156,164
TPRB_APPLY,232,424034786,156,173
TPRB_APPLY,233,425745641,157,182
TPRB_APPLY,234,427456496,158,192
TPRB_APPLY,235,429167351,158,0
TPRB_APPLY,236,430878206,159,10
TPRB_APPLY,237,432589177,160,20
TPRB_APPLY,238,434299916,160,29
TPRB_APPLY,239,436010771,161,38
TPRB_APPLY,240,437721626,162,48
TPRB_APPLY,241,439432481,162,57
TPRB_APPLY,242,441143336,163,67
TPRB_APPLY,243,443196362,164,77
TPRB_APPLY,244,444565046,164,86
TPRB_APPLY,245,446618072,165,96
TPRB_APPLY,246,448328927,166,106
TPRB_APPLY,247,450039782,166,115
TPRB_APPLY,248,451408466,167,124
TPRB_APPLY,249,453461492,168,134
TPRB_APPLY,250,455172347,168,143
TPRB_APPLY,251,456883202,169,153
TPRB_APPLY,252,458594057,170,163
TPRB_APPLY,253,460304912,170,172
TPRB_APPLY,254,462015767,171,182
TPRB_APPLY,255,464068793,172,192
TPRB_APPLY,256,465437477,173,0
TPRB_APPLY,257,467148332,173,9
TPRB_APPLY,258,468860275,174,19
TPRB_APPLY,259,470570042,175,28
TPRB_APPLY,260,472623068,175,38
TPRB_APPLY,261,474333923,176,48
TPRB_APPLY,262,476044778,177,57
TPRB_APPLY,263,477755633,177,66
TPRB_APPLY,264,479466488,178,76
TPRB_APPLY,265,481177343,179,85
TPRB_APPLY,266,482546027,179,94
TPRB_APPLY,267,484599053,180,104
TPRB_APPLY,268,486309908,181,113
TPRB_APPLY,269,487678592,181,122
TPRB_APPLY,270,489731618,182,132
TPRB_APPLY,271,491100302,183,141
TPRB_APPLY,272,492811157,183,150
TPRB_APPLY,273,494864183,184,160
TPRB_APPLY,274,496232867,185,169
TPRB_APPLY,275,498285893,185,179
TPRB_APPLY,276,499997770,186,189
TPRB_APPLY,277,501707603,187,198
TPRB_APPLY,278,503418458,187,6
TPRB_APPLY,279,505129313,188,16
TPRB_APPLY,280,506840168,189,25
TPRB_APPLY,281,508551023,189,35
TPRB_APPLY,282,510261878,190,45
TPRB_APPLY,283,511972733,191,54
TPRB_APPLY,284,513683588,191,64
TPRB_APPLY,285,515737978,192,74
TPRB_APPLY,286,517105298,193,83
TPRB_APPLY,287,518816153,193,92
TPRB_APPLY,288,520869179,194,102
TPRB_APPLY,289,522238901,195,111
TPRB_APPLY,290,524290889,196,121
TPRB_APPLY,291,526001744,196,131
TPRB_APPLY,292,527712599,197,140
TPRB_APPLY,293,529423454,198,149
TPRB_APPLY,294,531134309,198,159
TPRB_APPLY,295,532845164,199,168
TPRB_APPLY,296,534556019,200,178
TPRB_APPLY,297,536266874,200,187
TPRB_APPLY,298,537977729,201,196
TPRB_APPLY,299,539688584,202,5
TPRB_APPLY,300,541399439,202,14
TPRB_APPLY,301,542768123,203,23
TPRB_APPLY,302,544821149,204,33
TPRB_APPLY,303,546532004,204,42
TPRB_APPLY,304,547900688,205,51
TPRB_APPLY,305,549953714,206,61
TPRB_APPLY,306,551322398,206,70
TPRB_APPLY,307,553034184,207,79
TPRB_APPLY,308,555086279,208,89
TPRB_APPLY,309,556454963,208,98
TPRB_APPLY,310,558165818,209,107
TPRB_APPLY,311,559876673,210,117
TPRB_APPLY,312,561587528,210,126
TPRB_APPLY,313,563298383,211,135
TPRB_APPLY,314,565009238,212,145
TPRB_APPLY,315,566720093,212,154
TPRB_APPLY,316,568430948,213,163
TPRB_APPLY,317,570141803,214,172
TPRB_APPLY,318,571852658,214,181
TPRB_APPLY,319,573563513,215,191
TPRB_APPLY,320,575274368,216,200
TPRB_APPLY,321,576985223,216,8
TPRB_APPLY,322,578696078,217,17
TPRB_APPLY,323,580406933,218,26
TPRB_APPLY,324,582117788,218,35
TPRB_APPLY,325,583828643,219,45
TPRB_APPLY,326,585881669,220,55
TPRB_APPLY,327,587592524,220,64
TPRB_APPLY,328,589303379,221,74
TPRB_APPLY,329,591014234,222,83
TPRB_APPLY,330,592725089,222,92
TPRB_APPLY,331,594435944,223,101
TPRB_APPLY,332,595804628,224,110
TPRB_APPLY,333,597515483,224,119
TPRB_APPLY,334,599568509,225,129
TPRB_APPLY,335,601279364,226,139
TPRB_APPLY,336,602990219,226,148
TPRB_APPLY,337,604701074,227,157
TPRB_APPLY,338,606411929,228,166
TPRB_APPLY,339,608122784,228,175
TPRB_APPLY,340,609833639,229,184
TPRB_APPLY,341,611544494,230,194
TPRB_APPLY,342,613255349,231,3
TPRB_APPLY,343,614966204,231,12
TPRB_APPLY,344,616677059,232,21
TPRB_APPLY,345,618387914,233,30
TPRB_APPLY,346,620098769,233,39
TPRB_APPLY,347,621809624,234,48
TPRB_APPLY,348,623520479,234,57
TPRB_APPLY,349,625231334,235,67
TPRB_APPLY,350,626942189,236,76
TPRB_APPLY,351,628653044,236,85
TPRB_APPLY,352,630363899,237,94
TPRB_APPLY,353,632074754,238,103
TPRB_APPLY,354,633785609,238,112
TPRB_APPLY,355,635497395,239,122
TPRB_APPLY,356,637207319,240,131
TPRB_APPLY,357,638918174,241,140
TPRB_APPLY,358,640629029,241,149
TPRB_APPLY,359,642339884,242,158
TPRB_APPLY,360,643708568,242,167
TPRB_APPLY,361,645761594,243,177
TPRB_APPLY,362,647472449,244,186
TPRB_APPLY,363,649183304,244,195
TPRB_APPLY,364,650894159,245,3
TPRB_APPLY,365,652262843,246,12
TPRB_APPLY,366,653973698,246,21
TPRB_APPLY,367,656026724,247,31
TPRB_APPLY,368,657737579,248,41
TPRB_APPLY,369,659448434,249,50
TPRB_APPLY,370,661159289,249,59
TPRB_APPLY,371,662870144,250,68
TPRB_APPLY,372,664580999,251,77
TPRB_APPLY,373,666291854,251,86
TPRB_APPLY,374,668002710,252,96
TPRB_APPLY,375,669713564,253,106
TPRB_APPLY,376,671766590,253,116
TPRB_APPLY,377,673477445,254,125
TPRB_APPLY,378,675188300,255,134
TPRB_APPLY,379,676899155,255,143
TPRB_APPLY,380,678267839,256,152
TPRB_APPLY,381,679978694,257,161
TPRB_APPLY,382,682031720,257,171
TPRB_APPLY,383,683742575,258,180
TPRB_APPLY,384,685111259,259,189
TPRB_APPLY,385,686822947,259,198
TPRB_APPLY,386,688532969,260,6
TPRB_APPLY,387,690243824,261,15
TPRB_APPLY,388,692296850,261,25
TPRB_APPLY,389,694007705,262,35
TPRB_APPLY,390,695718560,263,44
TPRB_APPLY,391,697429415,263,53
TPRB_APPLY,392,699140270,264,62
TPRB_APPLY,393,700508954,265,71
TPRB_APPLY,394,702219809,265,80
TPRB_APPLY,395,704272835,266,90
TPRB_APPLY,396,705983690,267,99
TPRB_APPLY,397,707694545,267,108
TPRB_APPLY,398,709063229,268,117
TPRB_APPLY,399,710774084,269,126
TPRB_APPLY,400,712484939,269,135
TPRB_APPLY,401,714537965,270,145
TPRB_APPLY,402,715907581,271,154
TPRB_APPLY,403,717617504,271,163
TPRB_APPLY,404,719328359,272,172
TPRB_APPLY,405,721039214,273,181
TPRB_APPLY,406,722750069,273,190
TPRB_APPLY,407,724460924,274,200
TPRB_APPLY,408,726171779,275,8
TPRB_APPLY,409,727882634,275,17
TPRB_APPLY,410,729593489,276,26
TPRB_APPLY,411,731304344,277,35
TPRB_APPLY,412,733015199,277,44
TPRB_APPLY,413,734726054,278,54
TPRB_APPLY,414,736436909,279,63
TPRB_APPLY,415,738147764,279,72
TPRB_APPLY,416,739858619,280,81
TPRB_APPLY,417,741569474,281,90
TPRB_APPLY,418,743280329,281,99
TPRB_APPLY,419,744991184,282,109
TPRB_APPLY,420,746702039,283,118
TPRB_APPLY,421,748412894,283,127
TPRB_APPLY,422,750123749,284,136
TPRB_APPLY,423,751834604,285,145
TPRB_APPLY,424,753545459,285,154
TPRB_APPLY,425,754914143,286,163
TPRB_APPLY,426,756624998,287,172
TPRB_APPLY,427,758678024,287,182
TPRB_APPLY,428,760388879,288,192
TPRB_APPLY,429,762099859,289,0
TPRB_APPLY,430,763810589,289,9
TPRB_APPLY,431,765521444,290,18
TPRB_APPLY,432,767232299,291,27
TPRB_APPLY,433,768943154,291,36
TPRB_APPLY,434,770654009,292,46
TPRB_APPLY,435,772364864,293,55
TPRB_APPLY,436,774075719,293,64
TPRB_APPLY,437,775786574,294,73
TPRB_APPLY,438,777497429,295,82
TPRB_APPLY,439,779208284,295,91
TPRB_APPLY,440,780919139,296,101
TPRB_APPLY,441,782629994,297,111
TPRB_APPLY,442,784340849,298,120
TPRB_APPLY,443,786051704,298,129
TPRB_APPLY,444,787762559,299,138
TPRB_APPLY,445,789473414,299,147
TPRB_APPLY,446,791184269,300,156
TPRB_APPLY,447,792895124,301,165
TPRB_APPLY,448,794605979,302,175
TPRBAPPLY,449,796316834,302,184
TPRB_APPLY,450,798027689,303,193
TPRB_APPLY,451,799738544,304,1
TPRB_APPLY,452,801449399,304,10
TPRB_APPLY,453,803160254,305,19
TPRB_APPLY,454,804871109,306,29
TPRB_APPLY,455,806581964,306,38
TPRB_APPLY,456,808292819,307,47
TPRB_APPLY,457,810003674,308,56
TPRB_APPLY,458,811372358,308,65
TPRB_APPLY,459,813083213,309,74
TPRB_APPLY,460,814794068,310,83
TPRB_APPLY,461,816847094,310,93
TPRB_APPLY,462,818557949,311,102
TPRB_APPLY,463,820269518,312,111
TPRB_APPLY,464,821637488,312,120
TPRB_APPLY,465,823348343,313,129
TPRB_APPLY,466,825059198,314,138
TPRB_APPLY,467,826770053,314,147
TPRB_APPLY,468,828480908,315,156
TPRB_APPLY,469,830191763,316,165
TPRB_APPLY,470,831902618,316,175
TPRB_APPLY,471,833955645,317,185
TPRB_APPLY,472,835666499,318,194
TPRB_APPLY,473,837377354,318,2
TPRB_APPLY,474,839088209,319,11
TPRB_APPLY,475,840456893,320,20
TPRB_APPLY,476,842167748,320,29
TPRB_APPLY,477,844220774,321,39
TPRB_APPLY,478,845931629,322,48
TPRB_APPLY,479,847642484,322,57
TPRB_APPLY,480,849011168,323,66
TPRB_APPLY,481,850722023,324,75
TPRB_APPLY,482,852432878,324,84
TPRB_APPLY,483,854485904,325,94
TPRB_APPLY,484,856196759,326,104
TPRB_APPLY,485,857907614,326,114
TPRB_APPLY,486,859618469,327,123
TPRB_APPLY,487,861329324,328,132
TPRB_APPLY,488,863040179,328,141
TPRB_APPLY,489,864751034,329,150
TPRB_APPLY,490,866461889,330,159
TPRB_APPLY,491,868172744,330,169
TPRB_APPLY,492,870225770,331,179
TPRB_APPLY,493,871936625,332,188
TPRB_APPLY,494,873305309,333,197
TPRB_APPLY,495,875016164,333,5
TPRB_APPLY,496,876727019,334,14
TPRB_APPLY,497,878437874,334,23
TPRB_APPLY,498,880490900,335,33
TPRB_APPLY,499,882201755,336,43
TPRB_APPLY,500,883912610,337,52
TPRB_APPLY,501,885623465,337,61
TPRB_APPLY,502,887334320,338,70
TPRB_APPLY,503,889045175,339,79
TPRB_APPLY,504,890413859,339,88
TPRB_APPLY,505,892466885,340,98
TPRB_APPLY,506,894177740,341,107
TPRB_APPLY,507,895888595,341,116
TPRB_APPLY,508,897257279,342,125
TPRB_APPLY,509,898968134,343,134
TPRB_APPLY,510,900678989,343,143
TPRB_APPLY,511,902732015,344,153
TPRB_APPLY,512,904442870,345,163
TPRB_APPLY,513,906153725,345,172
TPRB_APPLY,514,907864580,346,181
TPRB_APPLY,515,909575435,347,190
TPRB_APPLY,516,911286290,347,199
TPRB_APPLY,517,912655898,348,7
TPRB_APPLY,518,914708564,349,17
TPRB_APPLY,519,916418855,349,27
TPRB_APPLY,520,918129710,350,36
TPRB_APPLY,521,919840565,351,45
TPRB_APPLY,522,921551420,351,54
TPRB_APPLY,523,923262275,352,63
TPRB_APPLY,524,924973130,353,72
TPRB_APPLY,525,926683985,353,82
TPRB_APPLY,526,928737011,354,92
TPRB_APPLY,527,930447866,355,101
TPRB_APPLY,528,931816550,355,110
TPRB_APPLY,529,933527405,356,119
TPRB_APPLY,530,935238260,357,128
TPRB_APPLY,531,936949115,357,137
TPRB_APPLY,532,938659970,358,147
TPRB_APPLY,533,940370825,359,156
TPRB_APPLY,534,942081680,359,165
TPRB_APPLY,535,943792535,360,174
TPRB_APPLY,536,945503390,361,183
TPRB_APPLY,537,947215268,361,192
TPRB_APPLY,538,948925100,362,1
TPRB_APPLY,539,950635955,363,10
TPRB_APPLY,540,952346810,363,19
TPRB_APPLY,541,954057665,364,28
TPRB_APPLY,542,955768520,365,37
TPRB_APPLY,543,957479375,365,46
TPRB_APPLY,544,959190230,366,56
TPRB_APPLY,545,960901085,367,65
TPRB_APPLY,546,962611940,367,74
TPRB_APPLY,547,964322795,368,83
TPRB_APPLY,548,966033650,369,92
TPRB_APPLY,549,967402334,369,101
TPRB_APPLY,550,969455361,370,111
TPRB_APPLY,551,971167253,371,120
TPRB_APPLY,552,972877070,371,129
TPRB_APPLY,553,974587925,372,138
TPRB_APPLY,554,975956609,373,147
TPRB_APPLY,555,977667465,373,156
TPRB_APPLY,556,979720490,374,166
TPRB_APPLY,557,981431345,375,176
TPRB_APPLY,558,983142200,376,185
TPRB_APPLY,559,984853055,376,194
TPRB_APPLY,560,986563910,377,2
TPRB_APPLY,561,988275006,377,11
TPRB_APPLY,562,989985620,378,20
TPRB_APPLY,563,991696475,379,30
TPRB_APPLY,564,993407330,380,40
TPRB_APPLY,565,995118738,380,49
TPRB_APPLY,566,996829040,381,58
TPRB_APPLY,567,998539895,382,67
TPRB_APPLY,568,1000250750,382,76
TPRB_APPLY,569,1001961605,383,85
TPRB_APPLY,570,1003672460,384,94
TPRB_APPLY,571,1005383315,384,104
TPRB_APPLY,572,1007436341,385,114
TPRB_APPLY,573,1009147196,386,123
TPRB_APPLY,574,1010515880,386,132
TPRB_APPLY,575,1012226735,387,141
TPRB_APPLY,576,1013937590,388,150
TPRB_APPLY,577,1015648445,388,159
TPRB_APPLY,578,1017359618,389,169
TPRB_APPLY,579,1019070155,390,178
TPRB_APPLY,580,1020781010,390,187
TPRB_APPLY,581,1022491865,391,196
TPRB_APPLY,582,1024202720,392,4
TPRB_APPLY,583,1025913575,392,13
TPRB_APPLY,584,1027624430,393,23
TPRB_APPLY,585,1029335284,394,32
TPRB_APPLY,586,1031046163,394,41
TPRB_APPLY,587,1032756994,395,50
TPRB_APPLY,588,1034468036,396,59
TPRB_APPLY,589,1036178704,396,68
TPRB_APPLY,590,1037889559,397,78
TPRB_APPLY,591,1039600414,398,87
TPRB_APPLY,592,1041311269,398,96
TPRB_APPLY,593,1043022124,399,105
TPRB_APPLY,594,1044732979,400,114
TPRB_APPLY,595,1046443834,400,123
TPRB_APPLY,596,1048154689,401,133
TPRB_APPLY,597,1049865544,402,142
TPRB_APPLY,598,1051576399,402,151
TPRB_APPLY,599,1053287254,403,160
TPRB_APPLY,600,1054655938,404,169
TPRB_APPLY,601,1056366793,404,178
TPRB_APPLY,602,1058419819,405,188
TPRB_APPLY,603,1060130674,406,197
TPRB_APPLY,604,1061841529,406,5
TPRB_APPLY,605,1063210213,407,14
TPRB_APPLY,606,1064921068,408,23
TPRB_APPLY,607,1066631923,408,32
TPRB_APPLY,608,1068684949,409,42
TPRB_APPLY,609,1070395804,410,52
TPRB_APPLY,610,1072106659,410,61
TPRB_APPLY,611,1073818542,411,70
TPRB_APPLY,612,1075528369,412,79
TPRB_APPLY,613,1077239224,412,88
TPRB_APPLY,614,1078607908,413,97
TPRB_APPLY,615,1080318763,414,106
TPRB_APPLY,616,1082371789,414,116
TPRB_APPLY,617,1084082644,415,125
TPRB_APPLY,618,1085793499,416,134
TPRB_APPLY,619,1087162183,416,143
TPRB_APPLY,620,1088873038,417,152
TPRB_APPLY,621,1090583893,418,161
TPRB_APPLY,622,1092636919,418,171
TPRB_APPLY,623,1094347774,419,181
TPRB_APPLY,624,1096058629,420,190
TPRB_APPLY,625,1097769616,420,199
TPRB_APPLY,626,1099481366,421,7
TPRB_APPLY,627,1101191194,422,16
TPRB_APPLY,628,1102559878,422,25
TPRB_APPLY,629,1104612905,423,35
TPRB_APPLY,630,1106323759,424,44
TPRB_APPLY,631,1108034614,424,53
TPRB_APPLY,632,1109745469,425,62
TPRB_APPLY,633,1111114153,426,71
TPRB_APPLY,634,1112825008,426,80
TPRB_APPLY,635,1114878034,427,90
TPRB_APPLY,636,1116588889,428,99
TPRB_APPLY,637,1118299744,428,108
TPRB_APPLY,638,1119668428,429,117
TPRB_APPLY,639,1121379283,430,126
TPRB_APPLY,640,1123090138,430,135
TPRB_APPLY,641,1125143164,431,145
TPRB_APPLY,642,1126854019,432,155
TPRB_APPLY,643,1128564874,433,165
TPRB_APPLY,644,1130275729,433,174
TPRB_APPLY,645,1131986584,434,183
TPRB_APPLY,646,1133697439,435,192
TPRB_APPLY,647,1135408294,435,0
TPRB_APPLY,648,1137119149,436,9
TPRB_APPLY,649,1138830004,437,19
TPRB_APPLY,650,1140883030,437,29
TPRB_APPLY,651,1142593885,438,38
TPRB_APPLY,652,1143962569,439,47
TPRB_APPLY,653,1145673424,439,56
TPRB_APPLY,654,1147384279,440,65
TPRB_APPLY,655,1149095134,441,74
TPRB_APPLY,656,1151148160,441,84
TPRB_APPLY,657,1152859015,442,94
TPRB_APPLY,658,1154569870,443,103
TPRB_APPLY,659,1156280725,443,112
TPRB_APPLY,660,1157991580,444,121
TPRB_APPLY,661,1159702435,445,130
TPRB_APPLY,662,1161071119,445,139
TPRB_APPLY,663,1163124145,446,149
TPRB_APPLY,664,1164835000,447,159
TPRB_APPLY,665,1166545855,447,168
TPRB_APPLY,666,1168598881,448,178
TPRB_APPLY,667,1170309736,449,187
TPRB_APPLY,668,1171678420,450,196
TPRB_APPLY,669,1173389275,450,4
TPRB_APPLY,670,1175100809,451,13
TPRB_APPLY,671,1176810985,451,22
TPRB_APPLY,672,1178864011,452,32
TPRB_APPLY,673,1180232695,453,41
TPRB_APPLY,674,1181943809,453,50
TPRB_APPLY,675,1183654405,454,59
TPRB_APPLY,676,1185365260,455,68
TPRB_APPLY,677,1187076115,455,77
TPRB_APPLY,678,1188786970,456,87
TPRB_APPLY,679,1190497825,457,96
TPRB_APPLY,680,1192208679,457,105
TPRB_APPLY,681,1193920561,458,114
TPRB_APPLY,682,1195630389,459,123
TPRB_APPLY,683,1197341244,459,132
TPRB_APPLY,684,1199052099,460,142
TPRB_APPLY,685,1200762954,461,151
TPRB_APPLY,686,1202473809,462,160
TPRB_APPLY,687,1204184664,462,169
TPRB_APPLY,688,1205895519,463,178
TPRB_APPLY,689,1207606374,463,187
TPRB_APPLY,690,1208976734,464,196
TPRB_APPLY,691,1211028547,465,5
TPRB_APPLY,692,1212738939,465,14
TPRB_APPLY,693,1214449794,466,23
TPRB_APPLY,694,1216160649,467,32
TPRB_APPLY,695,1217529333,467,41
TPRB_APPLY,696,1219240188,468,50
TPRB_APPLY,697,1221293214,469,60
TPRB_APPLY,698,1223004069,470,69
TPRB_APPLY,699,1224714924,470,78
TPRB_APPLY,700,1226083608,471,87
TPRB_APPLY,701,1227794463,471,96
TPRB_APPLY,702,1229505318,472,105
TPRB_APPLY,703,1231559349,473,115
TPRB_APPLY,704,1232927028,474,124
TPRB_APPLY,705,1234637883,474,133
TPRB_APPLY,706,1236349126,475,142
TPRB_APPLY,707,1238059595,475,151
TPRB_APPLY,708,1239770448,476,160
TPRB_APPLY,709,1241481303,477,170
TPRB_APPLY,710,1243534329,478,180
TPRB_APPLY,711,1245245184,478,189
TPRB_APPLY,712,1246956039,479,198
TPRB_APPLY,713,1248324723,480,6
TPRB_APPLY,714,1250035578,480,15
TPRB_APPLY,715,1251746433,481,24
TPRB_APPLY,716,1253799459,482,34
TPRB_APPLY,717,1255510314,482,43
TPRB_APPLY,718,1256879505,483,52
TPRB_APPLY,719,1258589853,484,61
TPRB_APPLY,720,1260300708,484,70
TPRB_APPLY,721,1262011563,485,79
TPRB_APPLY,722,1263723424,486,89
TPRB_APPLY,723,1265775444,486,99
TPRB_APPLY,724,1267486299,487,108
TPRB_APPLY,725,1269197154,488,117
TPRB_APPLY,726,1270908009,488,126
TPRB_APPLY,727,1272276693,489,135
TPRB_APPLY,728,1273987887,490,144
TPRB_APPLY,729,1276040574,490,154
TPRB_APPLY,730,1277751429,491,163
TPRB_APPLY,731,1279120113,492,172
TPRB_APPLY,732,1280830968,492,181
TPRB_APPLY,733,1282541823,493,190
TPRB_APPLY,734,1284252678,494,199
TPRB_APPLY,735,1286305704,494,8
TPRB_APPLY,736,1287674388,495,17
TPRB_APPLY,737,1289385243,496,26
TPRB_APPLY,738,1291096098,496,35
TPRB_APPLY,739,1292806952,497,44
TPRB_APPLY,740,1294517807,498,53
TPRB_APPLY,741,1296228662,498,63
TPRB_APPLY,742,1298281688,499,73
TPRB_APPLY,743,1299992543,500,82
TPRB_APPLY,744,1301703398,500,91
TPRB_APPLY,745,1303072082,501,100
TPRB_APPLY,746,1304782937,502,109
TPRB_APPLY,747,1306493792,502,118
TPRB_APPLY,748,1308546818,503,128
TPRB_APPLY,749,1310257673,504,137
TPRB_APPLY,750,1311626357,504,146
TPRB_APPLY,751,1313337212,505,155
TPRB_APPLY,752,1315048067,506,164
TPRB_APPLY,753,1316758922,506,173
TPRB_APPLY,754,1318469777,507,183
TPRB_APPLY,755,1320522803,508,193
TPRB_APPLY,756,1322233658,508,1
TPRB_APPLY,757,1323944513,509,10
TPRB_APPLY,758,1325655368,510,19
TPRB_APPLY,759,1327024052,510,28
TPRB_APPLY,760,1328734907,511,37
TPRB_APPLY,761,1330787933,512,47
TPRB_APPLY,762,1332498788,513,57
TPRB_APPLY,763,1334209787,513,66
TPRB_APPLY,764,1335920498,514,75
TPRB_APPLY,765,1337631353,514,84
TPRB_APPLY,766,1339343116,515,93
TPRB_APPLY,767,1341053063,516,102
TPRB_APPLY,768,1342763918,516,111
TPRB_APPLY,769,1344474773,517,121
TPRB_APPLY,770,1346187329,518,130
TPRB_APPLY,771,1347896483,519,139
TPRB_APPLY,772,1349607338,519,148
TPRB_APPLY,773,1351318193,520,157
TPRB_APPLY,774,1352686877,520,166
TPRB_APPLY,775,1354397732,521,175
TPRB_APPLY,776,1356450758,522,185
TPRB_APPLY,777,1358161613,523,195
TPRB_APPLY,778,1359872468,523,3
TPRB_APPLY,779,1361583323,524,12
TPRB_APPLY,780,1363294178,525,21
TPRB_APPLY,781,1365005033,525,30
TPRB_APPLY,782,1366715888,526,39
TPRB_APPLY,783,1368426743,527,49
TPRB_APPLY,784,1370137598,527,58
TPRB_APPLY,785,1371848453,528,67
TPRB_APPLY,786,1373559308,529,76
TPRB_APPLY,787,1375270163,529,85
TPRB_APPLY,788,1376638847,530,94
TPRB_APPLY,789,1378349757,531,103
TPRB_APPLY,790,1380402728,531,113
TPRB_APPLY,791,1382113583,532,122
TPRB_APPLY,792,1383824438,533,131
TPRB_APPLY,793,1385193122,533,140
TPRB_APPLY,794,1386903977,534,149
TPRB_APPLY,795,1388614832,535,158
TPRB_APPLY,796,1390667858,535,168
TPRB_APPLY,797,1392378713,536,178
TPRB_APPLY,798,1394089568,537,187
TPRB_APPLY,799,1395800423,537,196
TPRB_APPLY,800,1397511278,538,4
TPRB_APPLY,801,1399222133,539,13
TPRB_APPLY,802,1400932988,539,23
TPRB_APPLY,803,1402643843,540,33
TPRB_APPLY,804,1404354698,541,42
TPRB_APPLY,805,1406065553,541,51
TPRB_APPLY,806,1407776408,542,60
TPRB_APPLY,807,1409487263,543,69
TPRB_APPLY,808,1411198118,543,78
TPRB_APPLY,809,1412908973,544,88
TPRB_APPLY,810,1414961999,545,98
TPRB_APPLY,811,1416672854,546,108
TPRB_APPLY,812,1418383709,546,117
TPRB_APPLY,813,1420094564,547,126
TPRB_APPLY,814,1421805419,548,135
TPRB_APPLY,815,1423516274,548,144
TPRB_APPLY,816,1425227129,549,153
TPRB_APPLY,817,1426937984,550,163
TPRB_APPLY,818,1428648841,550,173
TPRB_APPLY,819,1430701865,551,183
TPRB_APPLY,820,1432412720,552,192
TPRB_APPLY,821,1434123575,552,0
TPRB_APPLY,822,1435834430,553,9
TPRB_APPLY,823,1437203114,554,18
TPRB_APPLY,824,1438913969,554,27
TPRB_APPLY,825,1440966995,555,37
TPRB_APPLY,826,1442677850,556,46
TPRB_APPLY,827,1444046534,556,55
TPRB_APPLY,828,1445757389,557,64
TPRB_APPLY,829,1447468244,558,73
TPRB_APPLY,830,1449179099,558,82
TPRB_APPLY,831,1451232125,559,92
TPRB_APPLY,832,1452600809,560,101
TPRB_APPLY,833,1454311664,560,110
TPRB_APPLY,834,1456022519,561,119
TPRB_APPLY,835,1457733374,562,128
TPRB_APPLY,836,1459444229,562,137
TPRB_APPLY,837,1461155815,563,147
TPRB_APPLY,838,1463209039,564,157
TPRB_APPLY,839,1464918965,564,167
TPRB_APPLY,840,1466629820,565,176
TPRB_APPLY,841,1468340675,566,185
TPRB_APPLY,842,1470051530,566,194
TPRB_APPLY,843,1471762385,567,2
TPRB_APPLY,844,1473473240,568,11
TPRB_APPLY,845,1475184095,568,21
TPRB_APPLY,846,1476894950,569,30
TPRB_APPLY,847,1478605805,570,39
TPRB_APPLY,848,1480316660,570,48
TPRB_APPLY,849,1482027515,571,57
TPRB_APPLY,850,1483396199,572,66
TPRB_APPLY,851,1485449225,572,76
TPRB_APPLY,852,1487160080,573,85
TPRB_APPLY,853,1488870935,574,94
TPRB_APPLY,854,1490581790,574,103
TPRB_APPLY,855,1491950474,575,112
TPRB_APPLY,856,1493661329,576,121
TPRB_APPLY,857,1495372184,576,130
TPRB_APPLY,858,1497425210,577,140
TPRB_APPLY,859,1499136786,578,149
TPRB_APPLY,860,1500504749,578,158
TPRB_APPLY,861,1502215604,579,167
TPRB_APPLY,862,1503926459,580,176
TPRB_APPLY,863,1505637314,580,185
TPRB_APPLY,864,1507348169,581,194
TPRB_APPLY,865,1509059024,582,3
TPRB_APPLY,866,1510769879,582,12
TPRB_APPLY,867,1512480734,583,21
TPRB_APPLY,868,1514191589,584,30
TPRB_APPLY,869,1515902444,584,39
TPRB_APPLY,870,1517613299,585,48
TPRB_APPLY,871,1519324154,586,58
TPRB_APPLY,872,1521035009,586,67
TPRB_APPLY,873,1522745864,587,76
TPRB_APPLY,874,1524456719,588,85
TPRB_APPLY,875,1526167948,588,94
TPRB_APPLY,876,1527878429,589,103
TPRB_APPLY,877,1529589284,590,112
TPRB_APPLY,878,1531300139,590,122
TPRB_APPLY,879,1533010994,591,132
TPRB_APPLY,880,1534721849,592,141
TPRB_APPLY,881,1536432704,593,150
TPRB_APPLY,882,1538143559,593,159
TPRB_APPLY,883,1539854414,594,168
TPRB_APPLY,884,1541565269,594,177
TPRB_APPLY,885,1543276124,595,187
TPRB_APPLY,886,1544986979,596,196
TPRB_APPLY,887,1546697834,597,4
TPRB_APPLY,888,1548408689,597,13
TPRB_APPLY,889,1550119544,598,22
TPRB_APPLY,890,1551830399,598,31
TPRB_APPLY,891,1553541254,599,41
TPRB_APPLY,892,1555252109,600,50
TPRB_APPLY,893,1556962964,600,59
TPRB_APPLY,894,1558673819,601,68
TPRB_APPLY,895,1560384674,602,77
TPRB_APPLY,896,1561753358,602,86
TPRB_APPLY,897,1563806384,603,96
TPRB_APPLY,898,1565517239,604,105
TPRB_APPLY,899,1567229118,605,114
TPRB_APPLY,900,1568938949,605,123
TPRB_APPLY,901,1570307633,606,132
TPRB_APPLY,902,1572360659,607,142
TPRB_APPLY,903,1574071514,607,152
TPRB_APPLY,904,1576124540,608,162
TPRB_APPLY,905,1577835395,609,171
TPRB_APPLY,906,1579204079,609,180
TPRB_APPLY,907,1580914934,610,189
TPRB_APPLY,908,1582625789,611,198
TPRB_APPLY,909,1584336644,611,6
TPRB_APPLY,910,1586047499,612,16
TPRB_APPLY,911,1587758354,613,25
TPRB_APPLY,912,1589469209,613,34
TPRB_APPLY,913,1591180064,614,43
TPRB_APPLY,914,1592890919,615,52
TPRB_APPLY,915,1594601774,615,61
TPRB_APPLY,916,1596312629,616,71
TPRB_APPLY,917,1598023484,617,80
TPRB_APPLY,918,1599734339,617,89
TPRB_APPLY,919,1601445194,618,98
TPRB_APPLY,920,1603156049,619,107
TPRB_APPLY,921,1604866904,619,116
TPRB_APPLY,922,1606577759,620,126
TPRB_APPLY,923,1608630785,621,136
TPRB_APPLY,924,1609999469,621,145
TPRB_APPLY,925,1611710324,622,154
TPRB_APPLY,926,1613421777,623,163
TPRB_APPLY,927,1615132034,623,172
TPRB_APPLY,928,1616842889,624,181
TPRB_APPLY,929,1618553744,625,191
TPRB_APPLY,930,1620264599,625,200
TPRB_APPLY,931,1621975454,626,8
TPRB_APPLY,932,1623686309,627,17
TPRB_APPLY,933,1625397164,627,26
TPRB_APPLY,934,1627108019,628,35
TPRB_APPLY,935,1628818874,629,45
TPRB_APPLY,936,1630530727,629,54
TPRB_APPLY,937,1632240584,630,63
TPRB_APPLY,938,1633951439,631,72
TPRB_APPLY,939,1635662294,631,81
TPRB_APPLY,940,1637373149,632,90
TPRB_APPLY,941,1639084004,633,100
TPRB_APPLY,942,1640794859,633,109
TPRB_APPLY,943,1642505714,634,118
TPRB_APPLY,944,1644216569,635,127
TPRB_APPLY,945,1645927424,635,136
TPRB_APPLY,946,1647638279,636,145
TPRB_APPLY,947,1649006963,637,154
TPRB_APPLY,948,1651059989,637,164
TPRB_APPLY,949,1652770844,638,174
TPRB_APPLY,950,1654481699,639,183
TPRB_APPLY,951,1656192554,639,192
TPRB_APPLY,952,1657903409,640,0
TPRB_APPLY,953,1659614264,641,9
TPRB_APPLY,954,1661325119,641,18
TPRB_APPLY,955,1663035974,642,28
TPRB_APPLY,956,1664746829,643,37
TPRB_APPLY,957,1666457684,643,46
TPRB_APPLY,958,1668168539,644,55
TPRB_APPLY,959,1669879394,645,64
TPRB_APPLY,960,1671590249,645,73
TPRB_APPLY,961,1673301104,646,83
TPRB_APPLY,962,1675011959,647,92
TPRB_APPLY,963,1676722815,647,101
TPRB_APPLY,964,1678433669,648,110
TPRB_APPLY,965,1679802353,649,119
TPRB_APPLY,966,1681513208,649,128
TPRB_APPLY,967,1683566234,650,138
TPRB_APPLY,968,1685277089,651,148
TPRB_APPLY,969,1686987944,652,157
TPRB_APPLY,970,1688698799,652,166
TPRB_APPLY,971,1690409654,653,175
TPRB_APPLY,972,1692120509,653,184
TPRB_APPLY,973,1693831434,654,193
TPRB_APPLY,974,1695542219,655,2
TPRB_APPLY,975,1697253975,656,11
TPRB_APPLY,976,1698963929,656,20
TPRB_END,rx=977,apply=977,filtered=0,rx_overflow=0,apply_overflow=0,apply_race=0
TPRB_STATS,frame=977,valid=977,checksum_error=0,irq=71581,rxirq=70344,byte=70344
TPRB_STATS_ERR,pe=0,fe=0,ne=0,ore=0
[0mBatt=23.3 [0mODOM [31mVisionX  +0.00 Y  +0.00 theta   +0.0 elt    0 [0mimu  -0.8 Dt   10 LtCy    5 integ.govd   -0.00   -0.00 integ.vbp -0.00 -0.00 omni.gos X     +0.0 ,Y     -0.1. omgD -0.010 omg  +0.00 
[0mBatt=23.3 [0mODOM [31mVisionX  +0.00 Y  +0.00 theta   +0.0 elt    0 [0mimu  -0.8 Dt    4 LtCy    2 integ.govd   +0.00   -0.00 integ.vbp +0.00 -0.00 omni.gos X     +0.0 ,Y     -0.2. omgD -0.012 omg  +0.00 loop   1279
[0mBatt=23.3 [0mODOM [31mVisionX  +0.00 Y  +0.00 theta   +0.0 elt    0 [0mimu  -0.8 Dt    2 LtCy    1 integ.govd   -0.00   -0.00 integ.vbp -0.00 -0.00 omni.gos X     -0.0 ,Y     -0.0. omgD -0.003 omg  +0.00 loop   4984
[0mBatt=23.3 [0mODOM [31mVisionX  +0.00 Y  +0.00 theta   +0.0 elt    0 [0mimu  -0.8 Dt    8 LtCy    4 integ.govd   -0.00   -0.00 integ.vbp -0.00 -0.00 omni.gos X     +0.0 ,Y     -0.0. omgD -0.003 omg  +0.00 loop   5051
[0mBatt=23.3 [0mODOM [31mVisionX  +0.00 Y  +0.00 theta   +0.0 elt    0 [0mimu  -0.8 Dt    2 LtCy    1 integ.govd   +0.00   +0.00 integ.vbp +0.00 +0.00 omni.gos X     +0.0 ,Y     +0.0. omgD +0.001 omg  +0.00 loop   4965
[0mBatt=23.3 [0mODOM [31mVisionX  +0.00 Y  +0.00 theta   +0.0 elt    0 [0mimu  -0.8 Dt    8 LtCy    4 integ.govd   -0.00   -0.00 integ.vbp -0.00 -0.00 omni.gos X     +0.0 ,Y     -0.1. omgD -0.008 omg  +0.00 loop   5017
[0mBatt=23.3 [0mODOM [31mVisionX  +0.00 Y  +0.00 theta   +0.0 elt    0 [0mimu  -0.8 Dt    4 LtCy    2 integ.govd   -0.00   -0.00 integ.vbp -0.00 -0.00 omni.gos X     +0.0 ,Y     -0.1. omgD -0.008 omg  +0.00 loop   4993
[0mBatt=23.3 [0mODOM [31mVisionX  +0.00 Y  +0.00 theta   +0.0 elt    0 [0mimu  -0.8 Dt    0 LtCy    0 integ.govd   +0.00   +0.00 integ.vbp +0.00 +0.00 omni.gos X     -0.0 ,Y     -0.2. omgD -0.012 omg  +0.00 loop   4982
[0mBatt=23.3 [0mODOM [31mVisionX  +0.00 Y  +0.00 theta   +0.0 elt    0 [0mimu  -0.8 Dt    8 LtCy    4 integ.govd   +0.00   -0.00 integ.vbp +0.00 -0.00 omni.gos X     +0.0 ,Y     -0.1. omgD -0.008 omg  +0.00 loop   2415
[0mBatt=23.3 [0mODOM [31mVisionX  +0.00 Y  +0.00 theta   +0.0 elt    0 [0mimu  -0.8 Dt    6 LtCy    3 integ.govd   +0.00   +0.00 integ.vbp +0.00 +0.00 omni.gos X     +0.0 ,Y     +0.1. omgD +0.005 omg  +0.00 loop   5004
[0mBatt=23.3 [0mODOM [31mVisionX  +0.00 Y  +0.00 theta   +0.0 elt    0 [0mimu  -0.8 Dt    0 LtCy    0 integ.govd   +0.00   +0.00 integ.vbp +0.00 +0.00 omni.gos X     +0.0 ,Y     -0.0. omgD -0.003 omg  +0.00 loop   4971
[0mBatt=23.3 [0mODOM [31mVisionX  +0.00 Y  +0.00 theta   +0.0 elt    0 [0mimu  -0.8 Dt    6 LtCy    3 integ.govd   -0.00   -0.00 integ.vbp -0.00 -0.00 omni.gos X     +0.0 ,Y     -0.1. omgD -0.008 omg  +0.00 loop   5080
[0mBatt=23.3 [0mODOM [31mVisionX  +0.00 Y  +0.00 theta   +0.0 elt    0 [0mimu  -0.8 Dt    2 LtCy    1 integ.govd   +0.00   -0.00 integ.vbp +0.00 -0.00 omni.gos X     +0.0 ,Y     -0.2. omgD -0.012 omg  +0.00 loop   4950
[0mBatt=23.3 [0mODOM [31mVisionX  +0.00 Y  +0.00 theta   +0.0 elt    0 [0mimu  -0.8 Dt    0 LtCy    0 integ.govd   +0.00   +0.00 integ.vbp +0.00 +0.00 omni.gos X     +0.0 ,Y     -0.1. omgD -0.008 omg  +0.00 loop   5002
[0mBatt=23.3 [0mODOM [31mVisionX  +0.00 Y  +0.00 theta   +0.0 elt    0 [0mimu  -0.8 Dt    6 LtCy    3 integ.govd   -0.00   -0.00 integ.vbp -0.00 -0.00 omni.gos X     -0.0 ,Y     -0.1. omgD -0.008 omg  +0.00 loop   5089
[0mBatt=23.3 [0mODOM [31mVisionX  +0.00 Y  +0.00 theta   +0.0 elt    0 [0mimu  -0.8 Dt    2 LtCy    1 integ.govd   +0.00   -0.00 integ.vbp +0.00 -0.00 omni.gos X     +0.0 ,Y     -0.0. omgD -0.003 omg  +0.00 loop   4937
[0mBatt=23.3 [0mODOM [31mVisionX  +0.00 Y  +0.00 theta   +0.0 elt    0 [0mimu  -0.8 Dt    8 LtCy    4 integ.govd   +0.00   -0.00 integ.vbp +0.00 -0.00 omni.gos X     +0.0 ,Y     +0.0. omgD +0.001 omg  +0.00 loop   5083
[0mBatt=23.3 [0mODOM [31mVisionX  +0.00 Y  +0.00 theta   +0.0 elt    0 [0mimu  -0.8 Dt    4 LtCy    2 integ.govd   +0.00   -0.00 integ.vbp +0.00 -0.00 omni.gos X     +0.0 ,Y     -0.1. omgD -0.008 omg  +0.00 loop   4993
[0mBatt=23.3 [0mODOM [31mVisionX  +0.00 Y  +0.00 theta   +0.0 elt    0 [0mimu  -0.8 Dt    0 LtCy    0 integ.govd   +0.00   +0.00 integ.vbp +0.00 +0.00 omni.gos X     +0.0 ,Y     -0.1. omgD -0.008 omg  +0.00 loop   4975
[0mBatt=23.3 [0mODOM [31mVisionX  +0.00 Y  +0.00 theta   +0.0 elt    0 [0mimu  -0.8 Dt    6 LtCy    3 integ.govd   +0.00   +0.00 integ.vbp +0.00 +0.00 omni.gos X     +0.0 ,Y     +0.0. omgD +0.001 omg  +0.00 loop   5071
[0mBatt=23.3 [0mODOM [31mVisionX  +0.00 Y  +0.00 theta   +0.0 elt    0 [0mimu  -0.8 Dt    2 LtCy    1 integ.govd   +0.00   -0.00 integ.vbp +0.00 -0.00 omni.gos X     +0.0 ,Y     -0.0. omgD -0.003 omg  +0.00 loop   5008
[0mBatt=23.3 [0mODOM [31mVisionX  +0.00 Y  +0.00 theta   +0.0 elt    0 [0mimu  -0.8 Dt    8 LtCy    4 integ.govd   +0.00   +0.00 integ.vbp +0.00 +0.00 omni.gos X     +0.0 ,Y     +0.0. omgD +0.001 omg  +0.00 loop   5056
[0mBatt=23.3 [0mODOM [31mVisionX  +0.00 Y  +0.00 theta   +0.0 elt    0 [0mimu  -0.8 Dt    4 LtCy    2 integ.govd   +0.00   -0.00 integ.vbp +0.00 -0.00 omni.gos X     +0.0 ,Y     -0.1. omgD -0.008 omg  +0.00 loop   4936
[0mBatt=23.3 [0mODOM [31mVisionX  +0.00 Y  +0.00 theta   +0.0 elt    0 [0mimu  -0.8 Dt    0 LtCy    0 integ.govd   +0.00   +0.00 integ.vbp +0.00 +0.00 omni.gos X     -0.0 ,Y     -0.0. omgD -0.003 omg  +0.00 loop   4997
[0mBatt=23.3 [0mODOM [31mVisionX  +0.00 Y  +0.00 theta   +0.0 elt    0 [0mimu  -0.8 Dt    6 LtCy    3 integ.govd   +0.00   -0.00 integ.vbp +0.00 -0.00 omni.gos X     +0.0 ,Y     -0.2. omgD -0.012 omg  +0.00 loop   5074
[0mBatt=23.3 [0mODOM [31mVisionX  +0.00 Y  +0.00 theta   +0.0 elt    0 [0mimu  -0.8 Dt    2 LtCy    1 integ.govd   -0.00   -0.00 integ.vbp -0.00 -0.00 omni.gos X     -0.0 ,Y     -0.2. omgD -0.016 omg  +0.00 loop   4966
[0mBatt=23.3 [0mODOM [31mVisionX  +0.00 Y  +0.00 theta   +0.0 elt    0 [0mimu  -0.8 Dt    8 LtCy    4 integ.govd   -0.00   -0.00 integ.vbp -0.00 -0.00 omni.gos X     +0.0 ,Y     -0.1. omgD -0.008 omg  +0.00 loop   4987
[0mBatt=23.3 [0mODOM [31mVisionX  +0.00 Y  +0.00 theta   +0.0 elt    0 [0mimu  -0.8 Dt    4 LtCy    2 integ.govd   +0.00   -0.00 integ.vbp +0.00 -0.00 omni.gos X     +0.0 ,Y     -0.0. omgD -0.001 omg  +0.00 loop   5043
[0mBatt=23.3 [0mODOM [31mVisionX  +0.00 Y  +0.00 theta   +0.0 elt    0 [0mimu  -0.8 Dt    0 LtCy    0 integ.govd   +0.00   +0.00 integ.vbp +0.00 +0.00 omni.gos X     -0.0 ,Y     -0.0. omgD -0.003 omg  +0.00 loop   4948
[0mBatt=23.3 [0mODOM [31mVisionX  +0.00 Y  +0.00 theta   +0.0 elt    0 [0mimu  -0.8 Dt    6 LtCy    3 integ.govd   +0.00   -0.00 integ.vbp +0.00 -0.00 omni.gos X     +0.0 ,Y     -0.0. omgD -0.003 omg  +0.00 loop   5078
[0mBatt=23.3 [0mODOM [31mVisionX  +0.00 Y  +0.00 theta   +0.0 elt    0 [0mimu  -0.8 Dt    2 LtCy    1 integ.govd   +0.00   -0.00 integ.vbp +0.00 -0.00 omni.gos X     +0.0 ,Y     -0.2. omgD -0.016 omg  +0.00 loop   4997
[0mBatt=23.3 [0mODOM [31mVisionX  +0.00 Y  +0.00 theta   +0.0 elt    0 [0mimu  -0.8 Dt    8 LtCy    4 integ.govd   -0.00   -0.00 integ.vbp -0.00 -0.00 omni.gos X     -0.0 ,Y     -0.1. omgD -0.010 omg  +0.00 loop   5039
[0mBatt=23.3 [0mODOM [31mVisionX  +0.00 Y  +0.00 theta   +0.0 elt    0 [0mimu  -0.8 Dt    4 LtCy    2 integ.govd   -0.00   -0.00 integ.vbp -0.00 -0.00 omni.gos X     -0.0 ,Y     -0.1. omgD -0.008 omg  +0.00 loop   4955
[0mBatt=23.3 [0mODOM [31mVisionX  +0.00 Y  +0.00 theta   +0.0 elt    0 [0mimu  -0.8 Dt    0 LtCy    0 integ.govd   +0.00   +0.00 integ.vbp +0.00 +0.00 omni.gos X     +0.0 ,Y     -0.0. omgD -0.003 omg  +0.00 loop   4975
[0mBatt=23.3 [0mODOM [31mVisionX  +0.00 Y  +0.00 theta   +0.0 elt    0 [0mimu  -0.8 Dt    6 LtCy    3 integ.govd   +0.00   -0.00 integ.vbp +0.00 -0.00 omni.gos X     +0.0 ,Y     -0.1. omgD -0.008 omg  +0.00 loop   5069
[0mBatt=23.3 [0mODOM [31mVisionX  +0.00 Y  +0.00 theta   +0.0 elt    0 [0mimu  -0.8 Dt    2 LtCy    1 integ.govd   +0.00   -0.00 integ.vbp +0.00 -0.00 omni.gos X     +0.0 ,Y     -0.1. omgD -0.005 omg  +0.00 loop   4975
[0mBatt=23.3 [0mODOM [31mVisionX  +0.00 Y  +0.00 theta   +0.0 elt    0 [0mimu  -0.8 Dt    8 LtCy    4 integ.govd   +0.00   -0.00 integ.vbp +0.00 -0.00 omni.gos X     +0.0 ,Y     -0.0. omgD -0.001 omg  +0.00 loop   5015
[0mBatt=23.3 [0mODOM [31mVisionX  +0.00 Y  +0.00 theta   +0.0 elt    0 [0mimu  -0.8 Dt    4 LtCy    2 integ.govd   +0.00   -0.00 integ.vbp +0.00 -0.00 omni.gos X     +0.0 ,Y     -0.1. omgD -0.005 omg  +0.00 loop   5046
[0mBatt=23.3 [0mODOM [31mVisionX  +0.00 Y  +0.00 theta   +0.0 elt    0 [0mimu  -0.9 Dt    0 LtCy    0 integ.govd   +0.00   +0.00 integ.vbp +0.00 +0.00 omni.gos X     +0.0 ,Y     -0.1. omgD -0.008 omg  +0.00 loop   4955
[0mBatt=23.3 [0mODOM [31mVisionX  +0.00 Y  +0.00 theta   +0.0 elt    0 [0mimu  -0.9 Dt    8 LtCy    4 integ.govd   -0.00   -0.00 integ.vbp -0.00 -0.00 omni.gos X     -0.0 ,Y     -0.1. omgD -0.008 omg  +0.00 loop   5086
[0mBatt=23.3 [0mODOM [31mVisionX  +0.00 Y  +0.00 theta   +0.0 elt    0 [0mimu  -0.9 Dt    2 LtCy    1 integ.govd   -0.00   -0.00 integ.vbp -0.00 -0.00 omni.gos X     -0.0 ,Y     -0.2. omgD -0.012 omg  +0.00 loop   4968
[0mBatt=23.3 [0mODOM [31mVisionX  +0.00 Y  +0.00 theta   +0.0 elt    0 [0mimu  -0.9 Dt    0 LtCy    0 integ.govd   +0.00   +0.00 integ.vbp +0.00 +0.00 omni.gos X     +0.0 ,Y     -0.1. omgD -0.005 omg  +0.00 loop   4946
[0mBatt=23.3 [0mODOM [31mVisionX  +0.00 Y  +0.00 theta   +0.0 elt    0 [0mimu  -0.9 Dt    4 LtCy    2 integ.govd   +0.00   -0.00 integ.vbp +0.00 -0.00 omni.gos X     +0.0 ,Y     -0.2. omgD -0.012 omg  +0.00 loop   5076
[0mBatt=23.3 [0mODOM [31mVisionX  +0.00 Y  +0.00 theta   +0.0 elt    0 [0mimu  -0.9 Dt    0 LtCy    0 integ.govd   +0.00   +0.00 integ.vbp +0.00 +0.00 omni.gos X     +0.0 ,Y     -0.0. omgD -0.003 omg  +0.00 loop   5009
[0mBatt=23.3 [0mODOM [31mVisionX  +0.00 Y  +0.00 theta   +0.0 elt    0 [0mimu  -0.9 Dt    6 LtCy    3 integ.govd   +0.00   +0.00 integ.vbp +0.00 +0.00 omni.gos X     +0.0 ,Y     -0.0. omgD -0.001 omg  +0.00 loop   5062
[0mBatt=23.3 [0mODOM [31mVisionX  +0.00 Y  +0.00 theta   +0.0 elt    0 [0mimu  -0.9 Dt    2 LtCy    1 integ.govd   +0.00   -0.00 integ.vbp +0.00 -0.00 omni.gos X     +0.0 ,Y     -0.1. omgD -0.010 omg  +0.00 loop   4973
[0mBatt=23.3 [0mODOM [31mVisionX  +0.00 Y  +0.00 theta   +0.0 elt    0 [0mimu  -0.9 Dt    8 LtCy    4 integ.govd   -0.00   -0.00 integ.vbp -0.00 -0.00 omni.gos X     +0.0 ,Y     -0.0. omgD -0.003 omg  +0.00 loop   5052
[0mBatt=23.3 [0mODOM [31mVisionX  +0.00 Y  +0.00 theta   +0.0 elt    0 [0mimu  -0.9 Dt    4 LtCy    2 integ.govd   -0.00   -0.00 integ.vbp -0.00 -0.00 omni.gos X     +0.0 ,Y     -0.1. omgD -0.008 omg  +0.00 loop   4974
[0mBatt=23.3 [0mODOM [31mVisionX  +0.00 Y  +0.00 theta   +0.0 elt    0 [0mimu  -0.9 Dt    0 LtCy    0 integ.govd   +0.00   +0.00 integ.vbp +0.00 +0.00 omni.gos X     -0.0 ,Y     -0.2. omgD -0.014 omg  +0.00 loop   4960
[0mBatt=23.3 [0mODOM [31mVisionX  +0.00 Y  +0.00 theta   +0.0 elt    0 [0mimu  -0.9 Dt    6 LtCy    3 integ.govd   -0.00   -0.00 integ.vbp -0.00 -0.00 omni.gos X     +0.0 ,Y     -0.1. omgD -0.010 omg  +0.00 loop   5082
[0mBatt=23.3 [0mODOM [31mVisionX  +0.00 Y  +0.00 theta   +0.0 elt    0 [0mimu  -0.9 Dt    2 LtCy    1 integ.govd   +0.00   -000 integ.vbp +000 -0.00 omni.os X     0.0 ,Y     -0.0. omgD -0.003 omg  +0.00 oop   477
[0mBatt=23.3 [0mODOM [31mVisionX  +0.00 Y  +0.00 theta   +0.0 elt    0 [0mimu  -0.9 Dt    8 LtCy    4 integ.govd   +0.00   -0.00 integ.vbp +0.00 -0.00 omni.gos X     +0.0 ,Y     -0.1. omgD -0.008 omg  +0.00 loop   5026
[0mBatt=23.3 [0mODOM [31mVisionX  +0.00 Y  +0.00 theta   +0.0 elt    0 [0mimu  -0.9 Dt    4 LtCy    2 integ.govd   +0.00   -0.00 integ.vbp +0.00 -0.00 omni.gos X     +0.0 ,Y     -0.2. omgD -0.012 omg  +0.00 loop   4988
[0mBatt=23.3 [0mODOM [31mVisionX  +0.00 Y  +0.00 theta   +0.0 elt    0 [0mimu  -0.9 Dt    0 LtCy    0 integ.govd   +0.00   +0.00 integ.vbp +0.00 +0.00 omni.gos X     +0.0 ,Y     +0.1. omgD +0.005 omg  +0.00 loop   4991
[0mBatt=23.3 [0mODOM [31mVisionX  +0.00 Y  +0.00 theta   +0.0 elt    0 [0mimu  -0.9 Dt    4 LtCy    2 integ.govd   +0.00   -0.00 integ.vbp +0.00 -0.00 omni.gos X     +0.0 ,Y     +0.0. omgD +0.001 omg  +0.00 loop   5063
[0mBatt=23.3 [0mODOM [31mVisionX  +0.00 Y  +0.00 theta   +0.0 elt    0 [0mimu  -0.9 Dt    2 LtCy    1 integ.govd   +0.00   -0.00 integ.vbp +0.00 -0.00 omni.gos X     +0.0 ,Y     -0.0. omgD -0.003 omg  +0.00 loop   4989
[0mBatt=23.3 [0mODOM [31mVisionX  +0.00 Y  +0.00 theta   +0.0 elt    0 [0mimu  -0.9 Dt    8 LtCy    4 integ.govd   +0.00   -0.00 integ.vbp +0.00 -0.00 omni.gos X     +0.0 ,Y     -0.0. omgD -0.003 omg  +0.00 loop   5078
[0mBatt=23.3 [0mODOM [31mVisionX  +0.00 Y  +0.00 theta   +0.0 elt    0 [0mimu  -0.9 Dt    4 LtCy    2 integ.govd   +0.00   -0.00 integ.vbp +0.00 -0.00 omni.gos X     +0.0 ,Y     -0.0. omgD -0.003 omg  +0.00 loop   4990
[0mBatt=23.3 [0mODOM [31mVisionX  +0.00 Y  +0.00 theta   +0.0 elt    0 [0mimu  -0.9 Dt    0 LtCy    0 integ.govd   +0.00   +0.00 integ.vbp +0.00 +0.00 omni.gos X     +0.0 ,Y     +0.1. omgD +0.005 omg  +0.00 loop   4978
[0mBatt=23.3 [0mODOM [31mVisionX  +0.00 Y  +0.00 theta   +0.0 elt    0 [0mimu  -0.9 Dt    6 LtCy    3 integ.govd   +0.00   +0.00 integ.vbp +0.00 +0.00 omni.gos X     +0.0 ,Y     -0.0. omgD -0.003 omg  +0.00 loop   5087
[0mBatt=23.3 [0mODOM [31mVisionX  +0.00 Y  +0.00 theta   +0.0 elt    0 [0mimu  -0.9 Dt    0 LtCy    0 integ.govd   +0.00   +0.00 integ.vbp +0.00 +0.00 omni.gos X     +0.0 ,Y     -0.0. omgD -0.003 omg  +0.00 loop   4972
[0mBatt=23.3 [0mODOM [31mVisionX  +0.00 Y  +0.00 theta   +0.0 elt    0 [0mimu  -0.9 Dt    8 LtCy    4 integ.govd   -0.00   -0.00 integ.vbp -0.00 -0.00 omni.gos X     +0.0 ,Y     -0.0. omgD -0.003 omg  +0.00 loop   5059
[0mBatt=23.3 [0mODOM [31mVisionX  +0.00 Y  +0.00 theta   +0.0 elt    0 [0mimu  -0.9 Dt    2 LtCy    1 integ.govd   +0.00   -0.00 integ.vbp +0.00 -0.00 omni.gos X     +0.0 ,Y     -0.0. omgD -0.003 omg  +0.00 loop   4973
[0mBatt=23.3 [0mODOM [31mVisionX  +0.00 Y  +0.00 theta   +0.0 elt    0 [0mimu  -0.9 Dt    0 LtCy    0 integ.govd   +0.00   +0.00 integ.vbp +0.00 +0.00 omni.gos X     +0.0 ,Y     -0.0. omgD -0.003 omg  +0.00 loop   5004
[0mBatt=23.3 [0mODOM [31mVisionX  +0.00 Y  +0.00 theta   +0.0 elt    0 [0mimu  -0.9 Dt    6 LtCy    3 integ.govd   +0.00   -0.00 integ.vbp +0.00 -0.00 omni.gos X     +0.0 ,Y     -0.1. omgD -0.008 omg  +0.00 loop   5055
[0mBatt=23.3 [0mODOM [31mVisionX  +0.00 Y  +0.00 theta   +0.0 elt    0 [0mimu  -0.9 Dt    0 LtCy    0 integ.govd   +0.00   +0.00 integ.vbp +0.00 +0.00 omni.gos X     +0.0 ,Y     +0.0. omgD +0.001 omg  +0.00 loop   4994
[0mBatt=23.3 [0mODOM [31mVisionX  +0.00 Y  +0.00 theta   +0.0 elt    0 [0mimu  -0.9 Dt    6 LtCy    3 integ.govd   -0.00   -0.00 integ.vbp -0.00 -0.00 omni.gos X     +0.0 ,Y     -0.0. omgD -0.003 omg  +0.00 loop   5083
[0mBatt=23.3 [0mODOM [31mVisionX  +0.00 Y  +0.00 theta   +0.0 elt    0 [0mimu  -0.9 Dt   22 LtCy   11 integ.govd   -0.00   -0.00 integ.vbp -0.00 -0.00 omni.gos X     +0.0 ,Y     -0.1. omgD -0.008 omg  +0.00 loop   5106
[0mBatt=23.3 [0mODOM [31mVisionX  +0.00 Y  +0.00 theta   +0.0 elt    0 [0mimu  -0.9 Dt   38 LtCy   19 integ.govd   -0.00   -0.00 integ.vbp -0.00 -0.00 omni.gos X     +0.0 ,Y     +0.0. omgD +0.001 omg  +0.00 loop   5102
[0mBatt=23.3 [0mODOM [31mVisionX  +0.00 Y  +0.00 theta   +0.0 elt    0 [0mimu  -0.9 Dt   54 LtCy   27 integ.govd   -0.00   -0.00 integ.vbp -0.00 -0.00 omni.gos X     +0.0 ,Y     +0.0. omgD +0.001 omg  +0.00 loop   5118
[0mBatt=23.3 [0mODOM [31mVisionX  +0.00 Y  +0.00 theta   +0.0 elt    0 [0mimu  -0.9 Dt   70 LtCy   35 integ.govd   -0.00   -0.00 integ.vbp -0.00 -0.00 omni.gos X     +0.0 ,Y     -0.0. omgD -0.003 omg  +0.00 loop   5112
[0mBatt=23.3 [0mODOM [31mVisionX  +0.00 Y  +0.00 theta   +0.0 elt    0 [0mimu  -0.9 Dt   78 LtCy   39 integ.govd   -0.00   -0.00 integ.vbp -0.00 -0.00 omni.gos X     +0.0 ,Y     +0.0. omgD +0.001 omg  +0.00 loop   2430
[0mBatt=23.3 [0mODOM [31mVisionX  +0.00 Y  +0.00 theta   +0.0 elt    0 [0mimu  -0.9 Dt   94 LtCy   47 integ.govd   -0.00   -0.01 integ.vbp -0.00 -0.00 omni.gos X     +0.0 ,Y     -0.2. omgD -0.012 omg  +0.00 loop   5098
[0mBatt=23.3 [0mODOM [31mVisionX  +0.00 Y  +0.00 theta   +0.0 elt    0 [0mimu  -0.9 Dt  110 LtCy   55 integ.govd   -0.00   -0.01 integ.vbp -0.00 -0.00 omni.gos X     -0.0 ,Y     -0.1. omgD -0.008 omg  +0.00 loop   5094
[0mBatt=23.3 [0mODOM [31mVisionX  +0.00 Y  +0.00 theta   +0.0 elt    0 [0mimu  -0.9 Dt  126 LtCy   63 integ.govd   -0.00   -0.01 integ.vbp -0.00 -0.00 omni.gos X     +0.0 ,Y     -0.0. omgD -0.003 omg  +0.00 loop   5073
[0mBatt=23.3 [0mODOM [31mVisionX  +0.00 Y  +0.00 theta   +0.0 elt    0 [0mimu  -0.9 Dt  142 LtCy   71 integ.govd   -0.00   -0.01 integ.vbp -0.00 -0.00 omni.gos X     +0.0 ,Y     -0.0. omgD -0.003 omg  +0.00 loop   5069
[0mBatt=23.3 [0mODOM [31mVisionX  +0.00 Y  +0.00 theta   +0.0 elt    0 [0mimu  -0.9 Dt  158 LtCy   79 integ.govd   -0.00   -0.01 integ.vbp -0.00 -0.00 omni.gos X     -0.0 ,Y     -0.1. omgD -0.008 omg  +0.00 loop   5092
[0mBatt=23.3 [0mODOM [31mVisionX  +0.00 Y  +0.00 theta   +0.0 elt    0 [0mimu  -0.9 Dt  174 LtCy   87 integ.govd   -0.00   -0.01 integ.vbp -0.00 -0.00 omni.gos X     +0.0 ,Y     +0.0. omgD +0.001 omg  +0.00 loop   5064
[0mBatt=23.3 [0mODOM [31mVisionX  +0.00 Y  +0.00 theta   +0.0 elt    0 [0mimu  -0.9 Dt  190 LtCy   95 integ.govd   -0.00   -0.02 integ.vbp -0.00 -0.00 omni.gos X     +0.0 ,Y     -0.2. omgD -0.016 omg  +0.00 loop   5047
[0mBatt=23.3 [0mODOM [31mVisionX  +0.00 Y  +0.00 theta   +0.0 elt    0 [0mimu  -0.9 Dt  206 LtCy  103 integ.govd   -0.00   -0.02 integ.vbp -0.00 -0.00 omni.gos X     -0.0 ,Y     -0.2. omgD -0.016 omg  +0.00 loop   5066
[0mBatt=23.3 [0mODOM [31mVisionX  +0.00 Y  +0.00 theta   +0.0 elt    0 [0mimu  -0.9 Dt  222 LtCy  111 integ.govd   -0.00   -0.02 integ.vbp -0.00 -0.00 omni.gos X     -0.0 ,Y     -0.1. omgD -0.008 omg  +0.00 loop   5060
[0mBatt=23.3 [0mODOM [31mVisionX  +0.00 Y  +0.00 theta   +0.0 elt    0 [0mimu  -0.9 Dt  238 LtCy  119 integ.govd   -0.00   -0.02 integ.vbp -0.00 -0.00 omni.gos X     +0.0 ,Y     -0.0. omgD -0.003 omg  +0.00 loop   5013
[0mBatt=23.3 [0m[33mODOM [31mVisionX  +0.00 Y  +0.00 theta   +0.0 elt    0 [0mimu  -0.9 Dt  254 LtCy  127 integ.govd   -0.00   -0.02 integ.vbp -0.00 -0.00 omni.gos X     +0.0 ,Y     +0.0. omgD +0.001 omg  +0.00 loop   5045
[0mBatt=23.3 [0m[33mODOM [31mVisionX  +0.00 Y  +0.00 theta   +0.0 elt    0 [0mimu  -0.9 Dt  270 LtCy  135 integ.govd   -0.00   -0.02 integ.vbp -0.00 -0.00 omni.gos X     -0.0 ,Y     -0.2. omgD -0.012 omg  +0.00 loop   5025
[0mBatt=23.3 [0m[33mODOM [31mVisionX  +0.00 Y  +0.00 theta   +0.0 elt    0 [0mimu  -0.9 Dt  286 LtCy  143 integ.govd   -0.00   -0.02 integ.vbp -0.00 -0.00 omni.gos X     +0.0 ,Y     -0.1. omgD -0.008 omg  +0.00 loop   4977
[0mBatt=23.3 [0m[33mODOM [31mVisionX  +0.00 Y  +0.00 theta   +0.0 elt    0 [0mimu  -0.9 Dt  302 LtCy  151 integ.govd   -0.00   -0.03 integ.vbp -0.00 -0.00 omni.gos X     -0.0 ,Y     -0.2. omgD -0.012 omg  +0.00 loop   5002
[0mBatt=23.3 [0m[33mODOM [31mVisionX  +0.00 Y  +0.00 theta   +0.0 elt    0 [0mimu  -0.9 Dt  318 LtCy  159 integ.govd   -0.00   -0.03 integ.vbp -0.00 -0.00 omni.gos X     +0.0 ,Y     -0.0. omgD -0.003 omg  +0.00 loop   4993
[0mBatt=23.3 [0m[33mODOM [31mVisionX  +0.00 Y  +0.00 theta   +0.0 elt    0 [0mimu  -0.9 Dt  334 LtCy  167 integ.govd   -0.00   -0.03 integ.vbp -0.00 -0.00 omni.gos X     -0.0 ,Y     -0.1. omgD -0.008 omg  +0.00 loop   4989
[0mBatt=23.3 [0m[33mODOM [31mVisionX  +0.00 Y  +0.00 theta   +0.0 elt    0 [0mimu  -0.9 Dt  350 LtCy  175 integ.govd   -0.00   -0.03 integ.vbp -0.00 -0.00 omni.gos X     +0.0 ,Y     -0.0. omgD -0.003 omg  +0.00 loop   4963
[0mBatt=23.3 [0m[33mODOM [31mVisionX  +0.00 Y  +0.00 theta   +0.0 elt    0 [0mimu  -0.9 Dt  366 LtCy  183 integ.govd   -0.00   -0.03 integ.vbp -0.00 -0.00 omni.gos X     +0.0 ,Y     -0.0. omgD -0.003 omg  +0.00 loop   4983
[0mBatt=23.3 [0m[33mODOM [31mVisionX  +0.00 Y  +0.00 theta   +0.0 elt    0 [0mimu  -0.9 Dt  382 LtCy  191 integ.govd   -0.00   -0.03 integ.vbp -0.00 -0.00 omni.gos X     -0.0 ,Y     -0.0. omgD -0.003 omg  +0.00 loop   4980
[0mBatt=23.3 [0m[33mODOM [31mVisionX  +0.00 Y  +0.00 theta   +0.0 elt    0 [0mimu  -0.9 Dt  398 LtCy  199 integ.govd   -0.00   -0.03 integ.vbp -0.00 -0.00 omni.gos X     +0.0 ,Y     -0.0. omgD -0.003 omg  +0.00 loop   4942
[0mBatt=23.3 [0m[33mODOM [31mVisionX  +0.00 Y  +0.00 theta   +0.0 elt    0 [0mimu  -0.9 Dt  414 LtCy  207 integ.govd   -0.00   -0.03 integ.vbp -0.00 -0.00 omni.gos X     +0.0 ,Y     -0.0. omgD -0.003 omg  +0.00 loop   4974
[0mBatt=23.3 [0m[33mODOM [31mVisionX  +0.00 Y  +0.00 theta   +0.0 elt    0 [0mimu  -0.9 Dt  430 LtCy  215 integ.govd   -0.00   -0.04 integ.vbp -0.00 -0.00 omni.gos X     +0.0 ,Y     -0.0. omgD -0.003 omg  +0.00 loop   4969
[0mBatt=23.3 [0m[33mODOM [31mVisionX  +0.00 Y  +0.00 theta   +0.0 elt    0 [0mimu  -0.9 Dt  446 LtCy  223 integ.govd   -0.00   -0.04 integ.vbp -0.00 -0.00 omni.gos X     +0.0 ,Y     -0.1. omgD -0.008 omg  +0.00 loop   4930
[0mBatt=23.3 [0m[33mODOM [31mVisionX  +0.00 Y  +0.00 theta   +0.0 elt    0 [0mimu  -0.9 Dt  462 LtCy  231 integ.govd   -0.00   -0.04 integ.vbp -0.00 -0.00 omni.gos X     +0.0 ,Y     +0.0. omgD +0.001 omg  +0.00 loop   4955
[0mBatt=23.3 [0m[33mODOM [31mVisionX  +0.00 Y  +0.00 theta   +0.0 elt    0 [0mimu  -0.9 Dt  478 LtCy  239 integ.govd   -0.00   -0.04 integ.vbp -0.00 -0.00 omni.gos X     +0.0 ,Y     -0.0. omgD -0.003 omg  +0.00 loop   4959
[0mBatt=23.3 [0m[33mODOM [31mVisionX  +0.00 Y  +0.00 theta   +0.0 elt    0 [0mimu  -0.9 Dt  494 LtCy  247 integ.govd   -0.00   -0.04 integ.vbp -0.00 -0.00 omni.gos X     +0.0 ,Y     -0.0. omgD -0.003 omg  +0.00 loop   4926
[0mBatt=23.3 [0m[33mODOM [31mVisionX  +0.00 Y  +0.00 theta   +0.0 elt    0 [0mimu  -0.9 Dt  510 LtCy  255 integ.govd   -0.00   -0.04 integ.vbp -0.00 -0.00 omni.gos X     -0.0 ,Y     -0.1. omgD -0.008 omg  +0.00 loop   4935
[0mBatt=23.3 [0m[33mODOM [31mVisionX  +0.00 Y  +0.00 theta   +0.0 elt    0 [0mimu  -0.9 Dt  526 LtCy  263 integ.govd   -0.00   -0.04 integ.vbp -0.00 -0.00 omni.gos X     +0.0 ,Y     -0.0. omgD -0.003 omg  +0.00 loop   4931
[0mBatt=23.3 [0m[33mODOM [31mVisionX  +0.00 Y  +0.00 theta   +0.0 elt    0 [0mimu  -0.9 Dt  542 LtCy  271 integ.govd   -0.00   -0.04 integ.vbp -0.00 -0.00 omni.gos X     +0.0 ,Y     -0.0. omgD -0.003 omg  +0.00 loop   4910
[0mBatt=23.3 [0m[33mODOM [31mVisionX  +0.00 Y  +0.00 theta   +0.0 elt    0 [0mimu  -0.9 Dt  558 LtCy  279 integ.govd   -0.00   -0.04 integ.vbp -0.00 -0.00 omni.gos X     +0.0 ,Y     -0.1. omgD -0.008 omg  +0.00 loop   4900
[0mBatt=23.3 [0m[33mODOM [31mVisionX  +0.00 Y  +0.00 theta   +0.0 elt    0 [0mimu  -0.9 Dt  574 LtCy  287 integ.govd   -0.00   -0.05 integ.vbp -0.00 -0.00 omni.gos X     +0.0 ,Y     +0.0. omgD +0.001 omg  +0.00 loop   4920
[0mBatt=23.3 [0m[33mODOM [31mVisionX  +0.00 Y  +0.00 theta   +0.0 elt    0 [0mimu  -0.9 Dt  590 LtCy  295 integ.govd   -0.00   -0.05 integ.vbp -0.00 -0.00 omni.gos X     +0.0 ,Y     -0.0. omgD -0.003 omg  +0.00 loop   4928
[0mBatt=23.3 [0m[33mODOM [31mVisionX  +0.00 Y  +0.00 theta   +0.0 elt    0 [0mimu  -0.9 Dt  606 LtCy  303 integ.govd   -0.00   -0.05 integ.vbp -0.00 -0.00 omni.gos X     +0.0 ,Y     -0.2. omgD -0.012 omg  +0.00 loop   4870
[0mBatt=23.3 [0m[33mODOM [31mVisionX  +0.00 Y  +0.00 theta   +0.0 elt    0 [0mimu  -0.9 Dt  622 LtCy  311 integ.govd   -0.00   -0.05 integ.vbp -0.00 -0.00 omni.gos X     +0.0 ,Y     -0.1. omgD -0.008 omg  +0.00 loop   4918
[0mBatt=23.3 [0m[33mODOM [31mVisionX  +0.00 Y  +0.00 theta   +0.0 elt    0 [0mimu  -0.9 Dt  638 LtCy  319 integ.govd   -0.00   -0.05 integ.vbp -0.00 -0.00 omni.gos X     +0.0 ,Y     -0.2. omgD -0.016 omg  +0.00 loop   4906
[0mBatt=23.3 [0m[33mODOM [31mVisionX  +0.00 Y  +0.00 theta   +0.0 elt    0 [0mimu  -0.9 Dt  654 LtCy  327 integ.govd   -0.00   -0.05 integ.vbp -0.00 -0.00 omni.gos X     +0.0 ,Y     -0.0. omgD -0.003 omg  +0.00 loop   4872
[0mBatt=23.3 [0m[33mODOM [31mVisionX  +0.00 Y  +0.00 theta   +0.0 elt    0 [0mimu  -0.9 Dt  670 LtCy  335 integ.govd   -0.00   -0.06 integ.vbp -0.00 -0.00 omni.gos X     +0.0 ,Y     -0.1. omgD -0.008 omg  +0.00 loop   4881
[0mBatt=23.3 [0m[33mODOM [31mVisionX  +0.00 Y  +0.00 theta   +0.0 elt    0 [0mimu  -0.9 Dt  686 LtCy  343 integ.govd   -0.00   -0.06 integ.vbp -0.00 -0.00 omni.gos X     +0.0 ,Y     -0.0. omgD -0.003 omg  +0.00 loop   4888
[0mBatt=23.3 [0m[33mODOM [31mVisionX  +0.00 Y  +0.00 theta   +0.0 elt    0 [0mimu  -0.9 Dt  702 LtCy  351 integ.govd   -0.00   -0.06 integ.vbp -0.00 -0.00 omni.gos X     +0.0 ,Y     -0.2. omgD -0.012 omg  +0.00 loop   4871
[0mBatt=23.3 [0m[33mODOM [31mVisionX  +0.00 Y  +0.00 theta   +0.0 elt    0 [0mimu  -0.9 Dt  718 LtCy  359 integ.govd   -0.00   -0.06 integ.vbp -0.00 -0.00 omni.gos X     +0.0 ,Y     +0.0. omgD +0.001 omg  +0.00 loop   4863
[0mBatt=23.3 [0m[33mODOM [31mVisionX  +0.00 Y  +0.00 theta   +0.0 elt    0 [0mimu  -0.9 Dt  734 LtCy  367 integ.govd   -0.00   -0.06 integ.vbp -0.00 -0.00 omni.gos X     +0.0 ,Y     -0.1. omgD -0.008 omg  +0.00 loop   4871
[0mBatt=23.3 [0m[33mODOM [31mVisionX  +0.00 Y  +0.00 theta   +0.0 elt    0 [0mimu  -0.9 Dt  750 LtCy  375 integ.govd   -0.00   -0.06 integ.vbp -0.00 -0.00 omni.gos X     +0.0 ,Y     +0.0. omgD +0.001 omg  +0.00 loop   4866
[0mBatt=23.3 [0m[33mODOM [31mVisionX  +0.00 Y  +0.00 theta   +0.0 elt    0 [0mimu  -0.9 Dt  766 LtCy  383 integ.govd   -0.00   -0.06 integ.vbp -0.00 -0.00 omni.gos X     +0.0 ,Y     -0.1. omgD -0.008 omg  +0.00 loop   4838
[0mBatt=23.3 [0m[33mODOM [31mVisionX  +0.00 Y  +0.00 theta   +0.0 elt    0 [0mimu  -0.9 Dt  782 LtCy  391 integ.govd   -0.00   -0.06 integ.vbp -0.00 -0.00 omni.gos X     +0.0 ,Y     +0.0. omgD +0.001 omg  +0.00 loop   4857
[0mBatt=23.3 [0m[33mODOM [31mVisionX  +0.00 Y  +0.00 theta   +0.0 elt    0 [0mimu  -0.9 Dt  798 LtCy  399 integ.govd   -0.00   -0.06 integ.vbp -0.00 -0.00 omni.gos X     -0.0 ,Y     -0.2. omgD -0.012 omg  +0.00 loop   4861
[0mBatt=23.3 [0m[33mODOM [31mVisionX  +0.00 Y  +0.00 theta   +0.0 elt    0 [0mimu  -0.9 Dt  814 LtCy  407 integ.govd   -0.00   -0.07 integ.vbp -0.00 -0.00 omni.gos X     +0.0 ,Y     -0.1. omgD -0.008 omg  +0.00 loop   4798
[0mBatt=23.3 [0m[33mODOM [31mVisionX  +0.00 Y  +0.00 theta   +0.0 elt    0 [0mimu  -0.9 Dt  830 LtCy  415 integ.govd   -0.00   -0.07 integ.vbp -0.00 -0.00 omni.gos X     +0.0 ,Y     -0.1. omgD -0.005 omg  +0.00 loop   4847
[0mBatt=23.3 [0m[33mODOM [31mVisionX  +0.00 Y  +0.00 theta   +0.0 elt    0 [0mimu  -0.9 Dt  846 LtCy  423 integ.govd   -0.00   -0.07 integ.vbp -0.00 -0.00 omni.gos X     +0.0 ,Y     -0.1. omgD -0.005 omg  +0.00 loop   4842
[0mBatt=23.3 [0m[33mODOM [31mVisionX  +0.00 Y  +0.00 theta   +0.0 elt    0 [0mimu  -0.9 Dt  862 LtCy  431 integ.govd   -0.00   -0.07 integ.vbp -0.00 -0.00 omni.gos X     +0.0 ,Y     -0.1. omgD -0.008 omg  +0.00 loop   4818
[0mBatt=23.3 [0m[33mODOM [31mVisionX  +0.00 Y  +0.00 theta   +0.0 elt    0 [0mimu  -0.9 Dt  878 LtCy  439 integ.govd   -0.00   -0.07 integ.vbp -0.00 -0.00 omni.gos X     +0.0 ,Y     -0.2. omgD -0.014 omg  +0.00 loop   4819
[0mBatt=23.3 [0m[33mODOM [31mVisionX  +0.00 Y  +0.00 theta   +0.0 elt    0 [0mimu  -0.9 Dt  894 LtCy  447 integ.govd   -0.00   -0.07 integ.vbp -0.00 -0.00 omni.gos X     +0.0 ,Y     -0.0. omgD -0.001 omg  +0.00 loop   4821
[0mBatt=23.3 [0m[33mODOM [31mVisionX  +0.00 Y  +0.00 theta   +0.0 elt    0 [0mimu  -0.9 Dt  910 LtCy  455 integ.govd   -0.00   -0.07 integ.vbp -0.00 -0.00 omni.gos X     +0.0 ,Y     -0.1. omgD -0.005 omg  +0.00 loop   4810
[0mBatt=23.3 [0m[33mODOM [31mVisionX  +0.00 Y  +0.00 theta   +0.0 elt    0 [0mimu  -0.9 Dt  926 LtCy  463 integ.govd   -0.00   -0.07 integ.vbp -0.00 -0.00 omni.gos X     +0.0 ,Y     -0.1. omgD -0.010 omg  +0.00 loop   4788
[0mBatt=23.3 [0m[33mODOM [31mVisionX  +0.00 Y  +0.00 theta   +0.0 elt    0 [0mimu  -0.9 Dt  942 LtCy  471 integ.govd   -0.00   -0.08 integ.vbp -0.00 -0.00 omni.gos X     +0.0 ,Y     -0.1. omgD -0.008 omg  +0.00 loop   4817
[0mBatt=23.3 [0m[33mODOM [31mVisionX  +0.00 Y  +0.00 theta   +0.0 elt    0 [0mimu  -0.9 Dt  958 LtCy  479 integ.govd   -0.00   -0.08 integ.vbp -0.00 -0.00 omni.gos X     -0.0 ,Y     -0.2. omgD -0.016 omg  +0.00 loop   4804
[0mBatt=23.3 [0m[33mODOM [31mVisionX  +0.00 Y  +0.00 theta   +0.0 elt    0 [0mimu  -0.9 Dt  974 LtCy  487 integ.govd   -0.00   -0.08 integ.vbp -0.00 -0.00 omni.gos X     -0.0 ,Y     -0.1. omgD -0.010 omg  +0.00 loop   4757
[0mBatt=23.3 [0m[33mODOM [31mVisionX  +0.00 Y  +0.00 theta   +0.0 elt    0 [0mimu  -0.9 Dt  990 LtCy  495 integ.govd   -0.00   -0.08 integ.vbp -0.00 -0.00 omni.gos X     +0.0 ,Y     -0.1. omgD -0.008 omg  +0.00 loop   4792
[0mBatt=23.3 [0m[33mODOM [31mVisionX  +0.00 Y  +0.00 theta   +0.0 elt    0 [0mimu  -0.9 Dt 1006 LtCy  503 integ.govd   -0.00   -0.08 integ.vbp -0.00 -0.00 omni.gos X     +0.0 ,Y     -0.0. omgD -0.001 omg  +0.00 loop   4790
[0mBatt=23.3 [0m[33mODOM [31mVisionX  +0.00 Y  +0.00 theta   +0.0 elt    0 [0mimu  -0.9 Dt 1022 LtCy  511 integ.govd   -0.00   -0.08 integ.vbp -0.00 -0.00 omni.gos X     +0.0 ,Y     -0.0. omgD -0.001 omg  +0.00 loop   4755
[0mBatt=23.3 [0m[33mODOM [31mVisionX  +0.00 Y  +0.00 theta   +0.0 elt    0 [0mimu  -0.9 Dt 1038 LtCy  519 integ.govd   -0.00   -0.08 integ.vbp -0.00 -0.00 omni.gos X     +0.0 ,Y     -0.1. omgD -0.005 omg  +0.00 loop   4767
[0mBatt=23.3 [0m[33mODOM [31mVisionX  +0.00 Y  +0.00 theta   +0.0 elt    0 [0mimu  -0.9 Dt 1054 LtCy  527 integ.govd   -0.00   -0.09 integ.vbp -0.00 -0.00 omni.gos X     -0.0 ,Y     -0.2. omgD -0.014 omg  +0.00 loop   4779
[0mBatt=23.3 [0m[33mODOM [31mVisionX  +0.00 Y  +0.00 theta   +0.0 elt    0 [0mimu  -0.9 Dt 1070 LtCy  535 integ.govd   -0.00   -0.09 integ.vbp -0.00 -0.00 omni.gos X     -0.0 ,Y     -0.1. omgD -0.010 omg  +0.00 loop   4741
[0mBatt=23.3 [0m[33mODOM [31mVisionX  +0.00 Y  +0.00 theta   +0.0 elt    0 [0mimu  -0.9 Dt 1078 LtCy  539 integ.govd   -0.00   -0.09 integ.vbp -0.00 -0.00 omni.gos X     +0.0 ,Y     -0.0. omgD -0.001 omg  +0.00 loop   2256
[0mBatt=23.3 [0m[33mODOM [31mVisionX  +0.00 Y  +0.00 theta   +0.0 elt    0 [0mimu  -0.9 Dt 1094 LtCy  547 integ.govd   -0.00   -0.09 integ.vbp -0.00 -0.00 omni.gos X     +0.0 ,Y     -0.1. omgD -0.010 omg  +0.00 loop   4762
[0mBatt=23.3 [0m[33mODOM [31mVisionX  +0.00 Y  +0.00 theta   +0.0 elt    0 [0mimu  -0.9 Dt 1110 LtCy  555 integ.govd   -0.00   -0.09 integ.vbp -0.00 -0.00 omni.gos X     -0.0 ,Y     -0.1. omgD -0.005 omg  +0.00 loop   4758
[0mBatt=23.3 [0m[33mODOM [31mVisionX  +0.00 Y  +0.00 theta   +0.0 elt    0 [0mimu  -0.9 Dt 1126 LtCy  563 integ.govd   -0.00   -0.09 integ.vbp -0.00 -0.00 omni.gos X     +0.0 ,Y     -0.0. omgD -0.001 omg  +0.00 loop   4718
[0mBatt=23.3 [0m[33mODOM [31mVisionX  +0.00 Y  +0.00 theta   +0.0 elt    0 [0mimu  -0.9 Dt 1142 LtCy  571 integ.govd   -0.00   -0.10 integ.vbp -0.00 -0.00 omni.gos X     +0.0 ,Y     -0.1. omgD -0.010 omg  +0.00 loop   4745
[0mBatt=23.3 [0m[33mODOM [31mVisionX  +0.00 Y  +0.00 theta   +0.0 elt    0 [0mimu  -0.9 Dt 1158 LtCy  579 integ.govd   -0.00   -0.10 integ.vbp -0.00 -0.00 omni.gos X     +0.0 ,Y     -0.1. omgD -0.010 omg  +0.00 loop   4741
[0mBatt=23.3 [0m[33mODOM [31mVisionX  +0.00 Y  +0.00 theta   +0.0 elt    0 [0mimu  -0.9 Dt 1174 LtCy  587 integ.govd   -0.00   -0.10 integ.vbp -0.00 -0.00 omni.gos X     +0.0 ,Y     -0.1. omgD -0.008 omg  +0.00 loop   4724
[0mBatt=23.3 [0m[33mODOM [31mVisionX  +0.00 Y  +0.00 theta   +0.0 elt    0 [0mimu  -0.9 Dt 1190 LtCy  595 integ.govd   -0.00   -0.10 integ.vbp -0.00 -0.00 omni.gos X     +0.0 ,Y     -0.2. omgD -0.012 omg  +0.00 loop   4716
[0mBatt=23.3 [0m[33mODOM [31mVisionX  +0.00 Y  +0.00 theta   +0.0 elt    0 [0mimu  -0.9 Dt 1206 LtCy  603 integ.govd   -0.00   -0.10 integ.vbp -0.00 -0.00 omni.gos X     -0.0 ,Y     -0.2. omgD -0.012 omg  +0.00 loop   4728
[0mBatt=23.3 [0m[33mODOM [31mVisionX  +0.00 Y  +0.00 theta   +0.0 elt    0 [0mimu  -0.9 Dt 1222 LtCy  611 integ.govd   -0.00   -0.10 integ.vbp -0.00 -0.00 omni.gos X     +0.0 ,Y     -0.0. omgD -0.003 omg  +0.00 loop   4713
[0mBatt=23.3 [0m[33mODOM [31mVisionX  +0.00 Y  +0.00 theta   +0.0 elt    0 [0mimu  -0.9 Dt 1238 LtCy  619 integ.govd   -0.00   -0.10 integ.vbp -0.00 -0.00 omni.gos X     -0.0 ,Y     -0.0. omgD -0.003 omg  +0.00 loop   4694
[0mBatt=23.3 [0m[33mODOM [31mVisionX  +0.00 Y  +0.00 theta   +0.0 elt    0 [0mimu  -0.9 Dt 1254 LtCy  627 integ.govd   -0.00   -0.11 integ.vbp -0.00 -0.00 omni.gos X     -0.0 ,Y     -0.0. omgD -0.003 omg  +0.00 loop   4706
[0mBatt=23.3 [0m[33mODOM [31mVisionX  +0.00 Y  +0.00 theta   +0.0 elt    0 [0mimu  -0.9 Dt 1270 LtCy  635 integ.govd   -0.00   -0.11 integ.vbp -0.00 -0.00 omni.gos X     +0.0 ,Y     -0.1. omgD -0.008 omg  +0.00 loop   4704
[0mBatt=23.3 [0m[33mODOM [31mVisionX  +0.00 Y  +0.00 theta   +0.0 elt    0 [0mimu  -0.9 Dt 1286 LtCy  643 integ.govd   -0.00   -0.11 integ.vbp -0.00 -0.00 omni.gos X     +0.0 ,Y     -0.1. omgD -0.008 omg  +0.00 loop   4668
[0mBatt=23.3 [0m[33mODOM [31mVisionX  +0.00 Y  +0.00 theta   +0.0 elt    0 [0mimu  -0.9 Dt 1302 LtCy  651 integ.govd   -0.00   -0.11 integ.vbp -0.00 -0.00 omni.gos X     +0.0 ,Y     -0.1. omgD -0.008 omg  +0.00 loop   4692
[0mBatt=23.3 [0m[33mODOM [31mVisionX  +0.00 Y  +0.00 theta   +0.0 elt    0 [0mimu  -0.9 Dt 1318 LtCy  659 integ.govd   -0.00   -0.11 integ.vbp -0.00 -0.00 omni.gos X     +0.0 ,Y     -0.1. omgD -0.008 omg  +0.00 loop   4699
[0mBatt=23.3 [0m[33mODOM [31mVisionX  +0.00 Y  +0.00 theta   +0.0 elt    0 [0mimu  -0.9 Dt 1334 LtCy  667 integ.govd   -0.00   -0.11 integ.vbp -0.00 -0.00 omni.gos X     +0.0 ,Y     +0.0. omgD +0.001 omg  +0.00 loop   4663
[0mBatt=23.3 [0m[33mODOM [31mVisionX  +0.00 Y  +0.00 theta   +0.0 elt    0 [0mimu  -0.9 Dt 1350 LtCy  675 integ.govd   -0.00   -0.12 integ.vbp -0.00 -0.00 omni.gos X     +0.0 ,Y     -0.1. omgD -0.008 omg  +0.00 loop   4677
[0mBatt=23.3 [0m[33mODOM [31mVisionX  +0.00 Y  +0.00 theta   +0.0 elt    0 [0mimu  -0.9 Dt 1366 LtCy  683 integ.govd   -0.00   -0.12 integ.vbp -0.00 -0.00 omni.gos X     +0.0 ,Y     -0.1. omgD -0.008 omg  +0.00 loop   4677
[0mBatt=23.3 [0m[33mODOM [31mVisionX  +0.00 Y  +0.00 theta   +0.0 elt    0 [0mimu  -0.9 Dt 1382 LtCy  691 integ.govd   -0.00   -0.12 integ.vbp -0.00 -0.00 omni.gos X     +0.0 ,Y     -0.1. omgD -0.008 omg  +0.00 loop   4664
[0mBatt=23.3 [0m[33mODOM [31mVisionX  +0.00 Y  +0.00 theta   +0.0 elt    0 [0mimu  -0.9 Dt 1398 LtCy  699 integ.govd   -0.00   -0.12 integ.vbp -0.00 -0.00 omni.gos X     +0.0 ,Y     +0.0. omgD +0.001 omg  +0.00 loop   4649
[0mBatt=23.3 [0m[33mODOM [31mVisionX  +0.00 Y  +0.00 theta   +0.0 elt    0 [0mimu  -0.9 Dt 1414 LtCy  707 integ.govd   -0.00   -0.12 integ.vbp -0.00 -0.00 omni.gos X     +0.0 ,Y     -0.2. omgD -0.012 omg  +0.00 loop   4662
[0mBatt=23.3 [0m[33mODOM [31mVisionX  +0.00 Y  +0.00 theta   +0.0 elt    0 [0mimu  -0.9 Dt 1430 LtCy  715 integ.govd   -0.00   -0.12 integ.vbp -0.00 -0.00 omni.gos X     +0.0 ,Y     -0.2. omgD -0.012 omg  +0.00 loop   4654
[0mBatt=23.3 [0m[33mODOM [31mVisionX  +0.00 Y  +0.00 theta   +0.0 elt    0 [0mimu  -0.9 Dt 1446 LtCy  723 integ.govd   -0.00   -0.12 integ.vbp -0.00 -0.00 omni.gos X     +0.0 ,Y     -0.1. omgD -0.008 omg  +0.00 loop   4610
[0mBatt=23.3 [0m[33mODOM [31mVisionX  +0.00 Y  +0.00 theta   +0.0 elt    0 [0mimu  -0.9 Dt 1462 LtCy  731 integ.govd   -0.00   -0.13 integ.vbp -0.00 -0.00 omni.gos X     +0.0 ,Y     -0.1. omgD -0.008 omg  +0.00 loop   4657
[0mBatt=23.3 [0m[33mODOM [31mVisionX  +0.00 Y  +0.00 theta   +0.0 elt    0 [0mimu  -0.9 Dt 1478 LtCy  739 integ.govd   -0.00   -0.13 integ.vbp -0.00 -0.00 omni.gos X     +0.0 ,Y     +0.1. omgD +0.005 omg  +0.00 loop   4642
[0mBatt=23.3 [0m[33mODOM [31mVisionX  +0.00 Y  +0.00 theta   +0.0 elt    0 [0mimu  -0.9 Dt 1494 LtCy  747 integ.govd   -0.00   -0.13 integ.vbp -0.00 -0.00 omni.gos X     +0.0 ,Y     -0.0. omgD -0.003 omg  +0.00 loop   4611
[0mBatt=23.3 [0m[33mODOM [31mVisionX  +0.00 Y  +0.00 theta   +0.0 elt    0 [0mimu  -0.9 Dt 1510 LtCy  755 integ.govd   -0.00   -0.13 integ.vbp -0.00 -0.00 omni.gos X     +0.0 ,Y     -0.2. omgD -0.016 omg  +0.00 loop   4631
[0mBatt=23.3 [0m[33mODOM [31mVisionX  +0.00 Y  +0.00 theta   +0.0 elt    0 [0mimu  -0.9 Dt 1526 LtCy  763 integ.govd   -0.00   -0.13 integ.vbp -0.00 -0.00 omni.gos X     +0.0 ,Y     +0.0. omgD +0.001 omg  +0.00 loop   4622
[0mBatt=23.3 [0m[33mODOM [31mVisionX  +0.00 Y  +0.00 theta   +0.0 elt    0 [0mimu  -0.9 Dt 1542 LtCy  771 integ.govd   -0.00   -0.13 integ.vbp -0.00 -0.00 omni.gos X     +0.0 ,Y     -0.2. omgD -0.012 omg  +0.00 loop   4611
[0mBatt=23.3 [0m[33mODOM [31mVisionX  +0.00 Y  +0.00 theta   +0.0 elt    0 [0mimu  -0.9 Dt 1558 LtCy  779 integ.govd   -0.00   -0.13 integ.vbp -0.00 -0.00 omni.gos X     +0.0 ,Y     +0.0. omgD +0.001 omg  +0.00 loop   4597
[0mBatt=23.3 [0m[33mODOM [31mVisionX  +0.00 Y  +0.00 theta   +0.0 elt    0 [0mimu  -0.9 Dt 1574 LtCy  787 integ.govd   -0.00   -0.13 integ.vbp -0.00 -0.00 omni.gos X     +0.0 ,Y     -0.0. omgD -0.003 omg  +0.00 loop   4618
[0mBatt=23.3 [0m[33mODOM [31mVisionX  +0.00 Y  +0.00 theta   +0.0 elt    0 [0mimu  -0.9 Dt 1590 LtCy  795 integ.govd   -0.00   -0.13 integ.vbp -0.00 -0.00 omni.gos X     -0.0 ,Y     -0.2. omgD -0.012 omg  +0.00 loop   4598
[0mBatt=23.3 [0m[33mODOM [31mVisionX  +0.00 Y  +0.00 theta   +0.0 elt    0 [0mimu  -0.9 Dt 1606 LtCy  803 integ.govd   -0.00   -0.14 integ.vbp -0.00 -0.00 omni.gos X     +0.0 ,Y     -0.0. omgD -0.003 omg  +0.00 loop   4572
[0mBatt=23.3 [0m[33mODOM [31mVisionX  +0.00 Y  +0.00 theta   +0.0 elt    0 [0mimu  -0.9 Dt 1622 LtCy  811 integ.govd   -0.00   -0.14 integ.vbp -0.00 -0.00 omni.gos X     +0.0 ,Y     -0.0. omgD -0.003 omg  +0.00 loop   4602
[0mBatt=23.3 [0m[33mODOM [31mVisionX  +0.00 Y  +0.00 theta   +0.0 elt    0 [0mimu  -0.9 Dt 1638 LtCy  819 integ.govd   -0.00   -0.14 integ.vbp -0.00 -0.00 omni.gos X     +0.0 ,Y     -0.1. omgD -0.008 omg  +0.00 loop   4597
[0mBatt=23.3 [0m[33mODOM [31mVisionX  +0.00 Y  +0.00 theta   +0.0 elt    0 [0mimu  -0.9 Dt 1654 LtCy  827 integ.govd   -0.00   -0.14 integ.vbp -0.00 -0.00 omni.gos X     +0.0 ,Y     -0.0. omgD -0.003 omg  +0.00 loop   4552
[0mBatt=23.3 [0m[33mODOM [31mVisionX  +0.00 Y  +0.00 theta   +0.0 elt    0 [0mimu  -0.9 Dt 1670 LtCy  835 integ.govd   -0.00   -0.14 integ.vbp -0.00 -0.00 omni.gos X     +0.0 ,Y     -0.0. omgD -0.003 omg  +0.00 loop   4580
[0mBatt=23.3 [0m[33mODOM [31mVisionX  +0.00 Y  +0.00 theta   +0.0 elt    0 [0mimu  -0.9 Dt 1686 LtCy  843 integ.govd   -0.00   -0.14 integ.vbp -0.00 -0.00 omni.gos X     +0.0 ,Y     -0.2. omgD -0.012 omg  +0.00 loop   4583
[0mBatt=23.3 [0m[33mODOM [31mVisionX  +0.00 Y  +0.00 theta   +0.0 elt    0 [0mimu  -0.9 Dt 1702 LtCy  851 integ.govd   -0.00   -0.14 integ.vbp -0.00 -0.00 omni.gos X     +0.0 ,Y     -0.1. omgD -0.008 omg  +0.00 loop   4542
[0mBatt=23.3 [0m[33mODOM [31mVisionX  +0.00 Y  +0.00 theta   +0.0 elt    0 [0mimu  -0.9 Dt 1718 LtCy  859 integ.govd   -0.00   -0.14 integ.vbp -0.00 -0.00 omni.gos X     +0.0 ,Y     -0.1. omgD -0.008 omg  +0.00 loop   4567
[0mBatt=23.3 [0m[33mODOM [31mVisionX  +0.00 Y  +0.00 theta   +0.0 elt    0 [0mimu  -0.9 Dt 1734 LtCy  867 integ.govd   -0.00   -0.14 integ.vbp -0.00 -0.00 omni.gos X     +0.0 ,Y     -0.1. omgD -0.008 omg  +0.00 loop   4559
[0mBatt=23.3 [0m[33mODOM [31mVisionX  +0.00 Y  +0.00 theta   +0.0 elt    0 [0mimu  -0.9 Dt 1750 LtCy  875 integ.govd   -0.00   -0.15 integ.vbp -0.00 -0.00 omni.gos X     +0.0 ,Y     -0.1. omgD -0.008 omg  +0.00 loop   4544
[0mBatt=23.3 [0m[33mODOM [31mVisionX  +0.00 Y  +0.00 theta   +0.0 elt    0 [0mimu  -0.9 Dt 1766 LtCy  883 integ.govd   -0.00   -0.15 integ.vbp -0.00 -0.00 omni.gos X     +0.0 ,Y     +0.1. omgD +0.005 omg  +0.00 loop   4541
[0mBatt=23.3 [0m[33mODOM [31mVisionX  +0.00 Y  +0.00 theta   +0.0 elt    0 [0mimu  -0.9 Dt 1782 LtCy  891 integ.govd   -0.00   -0.15 integ.vbp -0.00 -0.00 omni.gos X     -0.0 ,Y     -0.2. omgD -0.012 omg  +0.00 loop   4549
[0mBatt=23.3 [0m[33mODOM [31mVisionX  +0.00 Y  +0.00 theta   +0.0 elt    0 [0mimu  -0.9 Dt 1798 LtCy  899 integ.govd   -0.00   -0.15 integ.vbp -0.00 -0.00 omni.gos X     +0.0 ,Y     -0.0. omgD -0.003 omg  +0.00 loop   4535
[0mBatt=23.3 [0m[33mODOM [31mVisionX  +0.00 Y  +0.00 theta   +0.0 elt    0 [0mimu  -0.9 Dt 1814 LtCy  907 integ.govd   -0.00   -0.15 integ.vbp -0.00 -0.00 omni.gos X     +0.0 ,Y     -0.1. omgD -0.008 omg  +0.00 loop   4502
[0mBatt=23.3 [0m[33mODOM [31mVisionX  +0.00 Y  +0.00 theta   +0.0 elt    0 [0mimu  -0.9 Dt 1830 LtCy  915 integ.govd   -0.00   -0.15 integ.vbp -0.00 -0.00 omni.gos X     +0.0 ,Y     -0.2. omgD -0.012 omg  +0.00 loop   4539
[0mBatt=23.3 [0m[33mODOM [31mVisionX  +0.00 Y  +0.00 theta   +0.0 elt    0 [0mimu  -1.0 Dt 1846 LtCy  923 integ.govd   -0.00   -0.15 integ.vbp -0.00 -0.00 omni.gos X     -0.0 ,Y     -0.2. omgD -0.012 omg  +0.00 loop   4526
[0mBatt=23.3 [0m[33mODOM [31mVisionX  +0.00 Y  +0.00 theta   +0.0 elt    0 [0mimu  -1.0 Dt 1862 LtCy  931 integ.govd   -0.00   -0.16 integ.vbp -0.00 -0.00 omni.gos X     +0.0 ,Y     -0.2. omgD -0.012 omg  +0.00 loop   4492
[0mBatt=23.3 [0m[33mODOM [31mVisionX  +0.00 Y  +0.00 theta   +0.0 elt    0 [0mimu  -1.0 Dt 1878 LtCy  939 integ.govd   -0.00   -0.16 integ.vbp -0.00 -0.00 omni.gos X     +0.0 ,Y     -0.0. omgD -0.003 omg  +0.00 loop   4512
[0mBatt=23.3 [0m[33mODOM [31mVisionX  +0.00 Y  +0.00 theta   +0.0 elt    0 [0mimu  -1.0 Dt 1894 LtCy  947 integ.govd   -0.00   -0.16 integ.vbp -0.00 -0.00 omni.gos X     +0.0 ,Y     -0.2. omgD -0.012 omg  +0.00 loop   4489
[0mBatt=23.3 [0m[33mODOM [31mVisionX  +0.00 Y  +0.00 theta   +0.0 elt    0 [0mimu  -1.0 Dt 1910 LtCy  955 integ.govd   -0.00   -0.16 integ.vbp -0.00 -0.00 omni.gos X     +0.0 ,Y     -0.1. omgD -0.008 omg  +0.00 loop   4493
[0mBatt=23.3 [0m[33mODOM [31mVisionX  +0.00 Y  +0.00 theta   +0.0 elt    0 [0mimu  -1.0 Dt 1926 LtCy  963 integ.govd   -0.00   -0.16 integ.vbp -0.00 -0.00 omni.gos X     +0.0 ,Y     +0.0. omgD +0.001 omg  +0.00 loop   4486
[0mBatt=23.3 [0m[33mODOM [31mVisionX  +0.00 Y  +0.00 theta   +0.0 elt    0 [0mimu  -1.0 Dt 1942 LtCy  971 integ.govd   -0.00   -0.16 integ.vbp -0.00 -0.00 omni.gos X     +0.0 ,Y     -0.1. omgD -0.008 omg  +0.00 loop   4509
[0mBatt=23.3 [0m[33mODOM [31mVisionX  +0.00 Y  +0.00 theta   +0.0 elt    0 [0mimu  -1.0 Dt 1958 LtCy  979 integ.govd   -0.00   -0.16 integ.vbp -0.00 -0.00 omni.gos X     +0.0 ,Y     -0.1. omgD -0.008 omg  +0.00 loop   4478
[0mBatt=23.3 [0m[33mODOM [31mVisionX  +0.00 Y  +0.00 theta   +0.0 elt    0 [0mimu  -1.0 Dt 1974 LtCy  987 integ.govd   -0.00   -0.16 integ.vbp -0.00 -0.00 omni.gos X     -0.0 ,Y     -0.1. omgD -0.008 omg  +0.00 loop   4466
[0mBatt=23.3 [0m[33mODOM [31mVisionX  +0.00 Y  +0.00 theta   +0.0 elt    0 [0mimu  -1.0 Dt 1990 LtCy  995 integ.govd   -0.00   -0.17 integ.vbp -0.00 -0.00 omni.gos X     +0.0 ,Y     -0.2. omgD -0.012 omg  +0.00 loop   4481
[0mBatt=23.3 [0m[33mODOM [31mVisionX  +0.00 Y  +0.00 theta   +0.0 elt    0 [0mimu  -1.0 Dt 2006 LtCy 1003 integ.govd   +0.00   +0.00 integ.vbp +0.00 +0.00 omni.gos X     +0.0 ,Y     -0.0. omgD -0.003 omg  +0.00 loop   4632
[0mBatt=23.3 [0m[33mODOM [31mVisionX  +0.00 Y  +0.00 theta   +0.0 elt    0 [0mimu  -1.0 Dt 2022 LtCy 1011 integ.govd   +0.00   +0.00 integ.vbp +0.00 +0.00 omni.gos X     +0.0 ,Y     -0.1. omgD -0.008 omg  +0.00 loop   5103
[0mBatt=23.3 [0m[33mODOM [31mVisionX  +0.00 Y  +0.00 theta   +0.0 elt    0 [0mimu  -1.0 Dt 2038 LtCy 1019 integ.govd   +0.00   +0.00 integ.vbp +0.00 +0.00 omni.gos X     -0.0 ,Y     -0.2. omgD -0.016 omg  +0.00 loop   5128
[0mBatt=23.3 [0m[33mODOM [31mVisionX  +0.00 Y  +0.00 theta   +0.0 elt    0 [0mimu  -1.0 Dt 2054 LtCy 1027 integ.govd   +0.00   +0.00 integ.vbp +0.00 +0.00 omni.gos X     +0.0 ,Y     -0.2. omgD -0.012 omg  +0.00 loop   5123
[0mBatt=23.3 [0m[33mODOM [31mVisionX  +0.00 Y  +0.00 theta   +0.0 elt    0 [0mimu  -1.0 Dt 2070 LtCy 1035 integ.govd   +0.00   +0.00 integ.vbp +0.00 +0.00 omni.gos X     +0.0 ,Y     +0.1. omgD +0.005 omg  +0.00 loop   5101
[0mBatt=23.3 [0m[33mODOM [31mVisionX  +0.00 Y  +0.00 theta   +0.0 elt    0 [0mimu  -1.0 Dt 2078 LtCy 1039 integ.govd   +0.00   +0.00 integ.vbp +0.00 +0.00 omni.gos X     +0.0 ,Y     +0.0. omgD +0.001 omg  +0.00 loop   2466
[0mBatt=23.3 [0m[33mODOM [31mVisionX  +0.00 Y  +0.00 theta   +0.0 elt    0 [0mimu  -1.0 Dt 2094 LtCy 1047 integ.govd   +0.00   +0.00 integ.vbp +0.00 +0.00 omni.gos X     +0.0 ,Y     +0.0. omgD +0.001 omg  +0.00 loop   5133
[0mBatt=23.3 [0m[33mODOM [31mVisionX  +0.00 Y  +0.00 theta   +0.0 elt    0 [0mimu  -1.0 Dt 2110 LtCy 1055 integ.govd   +0.00   +0.00 integ.vbp +0.00 +0.00 omni.gos X     +0.0 ,Y     -0.0. omgD -0.003 omg  +0.00 loop   5139
[0mBatt=23.3 [0m[33mODOM [31mVisionX  +0.00 Y  +0.00 theta   +0.0 elt    0 [0mimu  -1.0 Dt 2126 LtCy 1063 integ.govd   +0.00   +0.00 integ.vbp +0.00 +0.00 omni.gos X     +0.0 ,Y     -0.0. omgD -0.003 omg  +0.00 loop   5094
[0mBatt=23.3 [0m[33mODOM [31mVisionX  +0.00 Y  +0.00 theta   +0.0 elt    0 [0mimu  -1.0 Dt 2142 LtCy 1071 integ.govd   +0.00   +0.00 integ.vbp +0.00 +0.00 omni.gos X     +0.0 ,Y     -0.0. omgD -0.003 omg  +0.00 loop   5136
[0mBatt=23.3 [0m[33mODOM [31mVisionX  +0.00 Y  +0.00 theta   +0.0 elt    0 [0mimu  -1.0 Dt 2158 LtCy 1079 integ.govd   +0.00   +0.00 integ.vbp +0.00 +0.00 omni.gos X     +0.0 ,Y     -0.0. omgD -0.003 omg  +0.00 loop   5133
[0mBatt=23.3 [0m[33mODOM [31mVisionX  +0.00 Y  +0.00 theta   +0.0 elt    0 [0mimu  -1.0 Dt 2174 LtCy 1087 integ.govd   +0.00   +0.00 integ.vbp +0.00 +0.00 omni.gos X     -0.0 ,Y     -0.1. omgD -0.008 omg  +0.00 loop   5104
[0mBatt=23.3 [0m[33mODOM [31mVisionX  +0.00 Y  +0.00 theta   +0.0 elt    0 [0mimu  -1.0 Dt 2190 LtCy 1095 integ.govd   +0.00   +0.00 integ.vbp +0.00 +0.00 omni.gos X     +0.0 ,Y     -0.1. omgD -0.008 omg  +0.00 loop   5114
[0mBatt=23.3 [0m[33mODOM [31mVisionX  +0.00 Y  +0.00 theta   +0.0 elt    0 [0mimu  -1.0 Dt 2206 LtCy 1103 integ.govd   +0.00   +0.00 integ.vbp +0.00 +0.00 omni.gos X     +0.0 ,Y     -0.2. omgD -0.012 omg  +0.00 loop   5140
[0mBatt=23.3 [0m[33mODOM [31mVisionX  +0.00 Y  +0.00 theta   +0.0 elt    0 [0mimu  -1.0 Dt 2222 LtCy 1111 integ.govd   +0.00   +0.00 integ.vbp +0.00 +0.00 omni.gos X     +0.0 ,Y     -0.0. omgD -0.003 omg  +0.00 loop   5111
[0mBatt=23.3 [0m[33mODOM [31mVisionX  +0.00 Y  +0.00 theta   +0.0 elt    0 [0mimu  -1.0 Dt 2238 LtCy 1119 integ.govd   +0.00   +0.00 integ.vbp +0.00 +0.00 omni.gos X     +0.0 ,Y     +0.0. omgD +0.001 omg  +0.00 loop   5120
[0mBatt=23.3 [0m[33mODOM [31mVisionX  +0.00 Y  +0.00 theta   +0.0 elt    0 [0mimu  -1.0 Dt 2254 LtCy 1127 integ.govd   +0.00   +0.00 integ.vbp +0.00 +0.00 omni.gos X     +0.0 ,Y     -0.2. omgD -0.012 omg  +0.00 loop   5134
[0mBatt=23.3 [0m[33mODOM [31mVisionX  +0.00 Y  +0.00 theta   +0.0 elt    0 [0mimu  -1.0 Dt 2270 LtCy 1135 integ.govd   +0.00   +0.00 integ.vbp +0.00 +0.00 omni.gos X     +0.0 ,Y     -0.1. omgD -0.010 omg  +0.00 loop   5123
[0mBatt=23.3 [0m[33mODOM [31mVisionX  +0.00 Y  +0.00 theta   +0.0 elt    0 [0mimu  -1.0 Dt 2286 LtCy 1143 integ.govd   +0.00   +0.00 integ.vbp +0.00 +0.00 omni.gos X     +0.0 ,Y     +0.0. omgD +0.003 omg  +0.00 loop   5108
[0mBatt=23.3 [0m[33mODOM [31mVisionX  +0.00 Y  +0.00 theta   +0.0 elt    0 [0mimu  -1.0 Dt 2302 LtCy 1151 integ.govd   +0.00   +0.00 integ.vbp +0.00 +0.00 omni.gos X     +0.0 ,Y     -0.0. omgD -0.003 omg  +0.00 loop   5128
[0mBatt=23.3 [0m[33mODOM [31mVisionX  +0.00 Y  +0.00 theta   +0.0 elt    0 [0mimu  -1.0 Dt 2318 LtCy 1159 integ.govd   +0.00   +0.00 integ.vbp +0.00 +0.00 omni.gos X     +0.0 ,Y     -0.1. omgD -0.005 omg  +0.00 loop   5136
[0mBatt=23.3 [0m[33mODOM [31mVisionX  +0.00 Y  +0.00 theta   +0.0 elt    0 [0mimu  -1.0 Dt 2334 LtCy 1167 integ.govd   +0.00   +0.00 integ.vbp +0.00 +0.00 omni.gos X     +0.0 ,Y     -0.1. omgD -0.005 omg  +0.00 loop   5097
[0mBatt=23.3 [0m[33mODOM [31mVisionX  +0.00 Y  +0.00 theta   +0.0 elt    0 [0mimu  -1.0 Dt 2350 LtCy 1175 integ.govd   +0.00   +0.00 integ.vbp +0.00 +0.00 omni.gos X     +0.0 ,Y     -0.1. omgD -0.005 omg  +0.00 loop   5133
[0mBatt=23.3 [0m[33mODOM [31mVisionX  +0.00 Y  +0.00 theta   +0.0 elt    0 [0mimu  -1.0 Dt 2366 LtCy 1183 integ.govd   +0.00   +0.00 integ.vbp +0.00 +0.00 omni.gos X     +0.0 ,Y     -0.0. omgD -0.003 omg  +0.00 loop   5132
[0mBatt=23.3 [0m[33mODOM [31mVisionX  +0.00 Y  +0.00 theta   +0.0 elt    0 [0mimu  -1.0 Dt 2382 LtCy 1191 integ.govd   +0.00   +0.00 integ.vbp +0.00 +0.00 omni.gos X     +0.0 ,Y     -0.2. omgD -0.012 omg  +0.00 loop   5119
[0mBatt=23.3 [0m[33mODOM [31mVisionX  +0.00 Y  +0.00 theta   +0.0 elt    0 [0mimu  -1.0 Dt 2398 LtCy 1199 integ.govd   +0.00   +0.00 integ.vbp +0.00 +0.00 omni.gos X     +0.0 ,Y     -0.0. omgD -0.003 omg  +0.00 loop   5118
[0mBatt=23.3 [0m[33mODOM [31mVisionX  +0.00 Y  +0.00 theta   +0.0 elt    0 [0mimu  -1.0 Dt 2414 LtCy 1207 integ.govd   +0.00   +0.00 integ.vbp +0.00 +0.00 omni.gos X     +0.0 ,Y     -0.2. omgD -0.016 omg  +0.00 loop   5130
[0mBatt=23.3 [0m[33mODOM [31mVisionX  +0.00 Y  +0.00 theta   +0.0 elt    0 [0mimu  -1.0 Dt 2430 LtCy 1215 integ.govd   +0.00   +0.00 integ.vbp +0.00 +0.00 omni.gos X     +0.0 ,Y     -0.1. omgD -0.008 omg  +0.00 loop   5128
[0mBatt=23.3 [0m[33mODOM [31mVisionX  +0.00 Y  +0.00 theta   +0.0 elt    0 [0mimu  -1.0 Dt 2446 LtCy 1223 integ.govd   +0.00   +0.00 integ.vbp +0.00 +0.00 omni.gos X     +0.0 ,Y     -0.1. omgD -0.005 omg  +0.00 loop   5098
[0mBatt=23.3 [0m[33mODOM [31mVisionX  +0.00 Y  +0.00 theta   +0.0 elt    0 [0mimu  -1.0 Dt 2462 LtCy 1231 integ.govd   +0.00   +0.00 integ.vbp +0.00 +0.00 omni.gos X     -0.0 ,Y     -0.1. omgD -0.008 omg  +0.00 loop   5142
[0mBatt=23.3 [0m[33mODOM [31mVisionX  +0.00 Y  +0.00 theta   +0.0 elt    0 [0mimu  -1.0 Dt 2478 LtCy 1239 integ.govd   +0.00   +0.00 integ.vbp +0.00 +0.00 omni.gos X     +0.0 ,Y     -0.1. omgD -0.008 omg  +0.00 loop   5118
[0mBatt=23.3 [0m[33mODOM [31mVisionX  +0.00 Y  +0.00 theta   +0.0 elt    0 [0mimu  -1.0 Dt 2494 LtCy 1247 integ.govd   +0.00   +0.00 integ.vbp +0.00 +0.00 omni.gos X     -0.0 ,Y     -0.1. omgD -0.008 omg  +0.00 loop   5106
[0mBatt=23.3 [0m[33mODOM [31mVisionX  +0.00 Y  +0.00 theta   +0.0 elt    0 [0mimu  -1.0 Dt 2510 LtCy 1255 integ.govd   +0.00   +0.00 integ.vbp +0.00 +0.00 omni.gos X     +0.0 ,Y     -0.0. omgD -0.001 omg  +0.00 loop   5124
[0mBatt=23.3 [0m[33mODOM [31mVisionX  +0.00 Y  +0.00 theta   +0.0 elt    0 [0mimu  -1.0 Dt 2526 LtCy 1263 integ.govd   +0.00   +0.00 integ.vbp +0.00 +0.00 omni.gos X     -0.0 ,Y     -0.1. omgD -0.010 omg  +0.00 loop   5134
[0mBatt=23.3 [0m[33mODOM [31mVisionX  +0.00 Y  +0.00 theta   +0.0 elt    0 [0mimu  -1.0 Dt 2542 LtCy 1271 integ.govd   +0.00   +0.00 integ.vbp +0.00 +0.00 omni.gos X     +0.0 ,Y     -0.1. omgD -0.005 omg  +0.00 loop   5102
[0mBatt=23.3 [0m[33mODOM [31mVisionX  +0.00 Y  +0.00 theta   +0.0 elt    0 [0mimu  -1.0 Dt 2558 LtCy 1279 integ.govd   +0.00   +0.00 integ.vbp +0.00 +0.00 omni.gos X     +0.0 ,Y     -0.0. omgD -0.001 omg  +0.00 loop   5120
[0mBatt=23.3 [0m[33mODOM [31mVisionX  +0.00 Y  +0.00 theta   +0.0 elt    0 [0mimu  -1.0 Dt 2574 LtCy 1287 integ.govd   +0.00   +0.00 integ.vbp +0.00 +0.00 omni.gos X     -0.0 ,Y     -0.0. omgD -0.003 omg  +0.00 loop   5135
[0mBatt=23.3 [0m[33mODOM [31mVisionX  +0.00 Y  +0.00 theta   +0.0 elt    0 [0mimu  -1.0 Dt 2590 LtCy 1295 integ.govd   +0.00   +0.00 integ.vbp +0.00 +0.00 omni.gos X     +0.0 ,Y     -0.0. omgD -0.003 omg  +0.00 loop   5099
[0mBatt=23.3 [0m[33mODOM [31mVisionX  +0.00 Y  +0.00 theta   +0.0 elt    0 [0mimu  -1.0 Dt 2606 LtCy 1303 integ.govd   +0.00   +0.00 integ.vbp +0.00 +0.00 omni.gos X     -0.0 ,Y     -0.1. omgD -0.008 omg  +0.00 loop   5118
[0mBatt=23.3 [0m[33mODOM [31mVisionX  +0.00 Y  +0.00 theta   +0.0 elt    0 [0mimu  -1.0 Dt 2622 LtCy 1311 integ.govd   +0.00   +0.00 integ.vbp +0.00 +0.00 omni.gos X     +0.0 ,Y     -0.0. omgD -0.003 omg  +0.00 loop   5124
[0mBatt=23.3 [0m[33mODOM [31mVisionX  +0.00 Y  +0.00 theta   +0.0 elt    0 [0mimu  -1.0 Dt 2638 LtCy 1319 integ.govd   +0.00   +0.00 integ.vbp +0.00 +0.00 omni.gos X     +0.0 ,Y     -0.0. omgD -0.003 omg  +0.00 loop   5133
[0mBatt=23.3 [0m[33mODOM [31mVisionX  +0.00 Y  +0.00 theta   +0.0 elt    0 [0mimu  -1.0 Dt 2654 LtCy 1327 integ.govd   +0.00   +0.00 integ.vbp +0.00 +0.00 omni.gos X     -0.0 ,Y     -0.2. omgD -0.012 omg  +0.00 loop   5103
[0mBatt=23.3 [0m[33mODOM [31mVisionX  +0.00 Y  +0.00 theta   +0.0 elt    0 [0mimu  -1.0 Dt 2670 LtCy 1335 integ.govd   +0.00   +0.00 integ.vbp +0.00 +0.00 omni.gos X     -0.0 ,Y     -0.1. omgD -0.008 omg  +0.00 loop   5124
[0mBatt=23.3 [0m[33mODOM [31mVisionX  +0.00 Y  +0.00 theta   +0.0 elt    0 [0mimu  -1.0 Dt 2686 LtCy 1343 integ.govd   +0.00   +0.00 integ.vbp +0.00 +0.00 omni.gos X     +0.0 ,Y     -0.2. omgD -0.012 omg  +0.00 loop   5130
[0mBatt=23.3 [0m[33mODOM [31mVisionX  +0.00 Y  +0.00 theta   +0.0 elt    0 [0mimu  -1.0 Dt 2702 LtCy 1351 integ.govd   +0.00   +0.00 integ.vbp +0.00 +0.00 omni.gos X     -0.0 ,Y     -0.1. omgD -0.008 omg  +0.00 loop   5095
[0mBatt=23.3 [0m[33mODOM [31mVisionX  +0.00 Y  +0.00 theta   +0.0 elt    0 [0mimu  -1.0 Dt 2718 LtCy 1359 integ.govd   +0.00   +0.00 integ.vbp +0.00 +0.00 omni.gos X     -0.0 ,Y     -0.2. omgD -0.012 omg  +0.00 loop   5127
