event,sequence,counter,valid_self,adopted,realtime_ns,kernel_ns,monotonic_ns,write_end_ns,written,socket_drop_total,trace_record_overflow
rx,1,1,1,1,1787953631815413378,1787953631814584581,5208900221302,0,0,0,0
tx,1,1,1,1,1787953631815418785,1787953631814584581,5208900227024,5208900257654,72,0,0
rx,2,2,1,1,1787953631830399211,1787953631829489267,5208915207265,0,0,0,0
tx,2,2,1,1,1787953631830403248,1787953631829489267,5208915211524,5208915226635,72,0,0
rx,3,3,1,1,1787953631845372581,1787953631844485359,5208930180654,0,0,0,0
tx,3,3,1,1,1787953631845376674,1787953631844485359,5208930184857,5208930204895,72,0,0
rx,4,4,1,1,1787953631860239785,1787953631859514896,5208945047839,0,0,0,0
tx,4,4,1,1,1787953631860244322,1787953631859514896,5208945052543,5208945081117,72,0,0
rx,5,5,1,1,1787953631875217970,1787953631874481081,5208960026024,0,0,0,0
tx,5,5,1,1,1787953631875221581,1787953631874481081,5208960029820,5208960047728,72,0,0
rx,6,6,1,1,1787953631890166915,1787953631889475952,5208974974876,0,0,0,0
tx,6,6,1,1,1787953631890170378,1787953631889475952,5208974978598,5208974993228,72,0,0
rx,7,7,1,1,1787953631905281378,1787953631904479544,5208990089450,0,0,0,0
tx,7,7,1,1,1787953631905289081,1787953631904479544,5208990097265,5208990119691,72,0,0
rx,8,8,1,1,1787953631920237266,1787953631919487804,5209005045320,0,0,0,0
tx,8,8,1,1,1787953631920241322,1787953631919487804,5209005049598,5209005066561,72,0,0
rx,9,9,1,1,1787953631935189211,1787953631934476711,5209019997283,0,0,0,0
tx,9,9,1,1,1787953631935209044,1787953631934476711,5209020017246,5209020033450,72,0,0
rx,10,10,1,1,1787953631950170822,1787953631949476952,5209034978876,0,0,0,0
tx,10,10,1,1,1787953631950175063,1787953631949476952,5209034983246,5209035002617,72,0,0
rx,11,11,1,1,1787953631965247803,1787953631964482155,5209050055876,0,0,0,0
tx,11,11,1,1,1787953631965252118,1787953631964482155,5209050060339,5209050079931,72,0,0
rx,12,12,1,1,1787953631980194211,1787953631979477581,5209065002265,0,0,0,0
tx,12,12,1,1,1787953631980198026,1787953631979477581,5209065006246,5209065021228,72,0,0
rx,13,13,1,1,1787953631995142766,1787953631994473100,5209079950839,0,0,0,0
tx,13,13,1,1,1787953631995146415,1787953631994473100,5209079954598,5209079968617,72,0,0
rx,14,14,1,1,1787953632010337748,1787953632009482137,5209095145820,0,0,0,0
tx,14,14,1,1,1787953632010342192,1787953632009482137,5209095150672,5209095169172,72,0,0
rx,15,15,1,1,1787953632025276859,1787953632024476581,5209110084931,0,0,0,0
tx,15,15,1,1,1787953632025281933,1787953632024476581,5209110090172,5209110104598,72,0,0
rx,16,16,1,1,1787953632040227322,1787953632039485044,5209125035376,0,0,0,0
tx,16,16,1,1,1787953632040231692,1787953632039485044,5209125039913,5209125057691,72,0,0
rx,17,17,1,1,1787953632055212507,1787953632054474396,5209140020580,0,0,0,0
tx,17,17,1,1,1787953632055216526,1787953632054474396,5209140024765,5209140038654,72,0,0
rx,18,18,1,1,1787953632070164285,1787953632069481729,5209154972357,0,0,0,0
tx,18,18,1,1,1787953632070168507,1787953632069481729,5209154976746,5209154998265,72,0,0
rx,19,19,1,1,1787953632085131192,1787953632084475100,5209169939265,0,0,0,0
tx,19,19,1,1,1787953632085134970,1787953632084475100,5209169943191,5209169958394,72,0,0
rx,20,20,1,1,1787953632100076155,1787953632099473822,5209184884209,0,0,0,0
tx,20,20,1,1,1787953632100079581,1787953632099473822,5209184887857,5209184902728,72,0,0
rx,21,21,1,1,1787953632115031655,1787953632114478470,5209199839728,0,0,0,0
tx,21,21,1,1,1787953632115035544,1787953632114478470,5209199843802,5209199862191,72,0,0
rx,22,22,1,1,1787953632129969285,1787953632129475526,5209214777357,0,0,0,0
tx,22,22,1,1,1787953632129974692,1787953632129475526,5209214782931,5209214797135,72,0,0
rx,23,23,1,1,1787953632144910674,1787953632144487952,5209229718728,0,0,0,0
tx,23,23,1,1,1787953632144915452,1787953632144487952,5209229723691,5209229744691,72,0,0
rx,24,24,1,1,1787953632160103081,1787953632159492377,5209244911135,0,0,0,0
tx,24,24,1,1,1787953632160107507,1787953632159492377,5209244915746,5209244939228,72,0,0
rx,25,25,1,1,1787953632175049877,1787953632174477785,5209259857950,0,0,0,0
tx,25,25,1,1,1787953632175053285,1787953632174477785,5209259861561,5209259877728,72,0,0
rx,26,26,1,1,1787953632189983266,1787953632189471711,5209274791339,0,0,0,0
tx,26,26,1,1,1787953632189986933,1787953632189471711,5209274795413,5209274809524,72,0,0
rx,27,27,1,1,1787953632205189581,1787953632204487877,5209289997561,0,0,0,0
tx,27,27,1,1,1787953632205193489,1787953632204487877,5209290001783,5209290022431,72,0,0
rx,28,28,1,1,1787953632220132192,1787953632219476600,5209304940246,0,0,0,0
tx,28,28,1,1,1787953632220135970,1787953632219476600,5209304944209,5209304958857,72,0,0
rx,29,29,1,1,1787953632235070581,1787953632234472637,5209319878635,0,0,0,0
tx,29,29,1,1,1787953632235075489,1787953632234472637,5209319883672,5209319897468,72,0,0
rx,30,30,1,1,1787953632250028563,1787953632249476507,5209334836616,0,0,0,0
tx,30,30,1,1,1787953632250032507,1787953632249476507,5209334840691,5209334858709,72,0,0
rx,31,31,1,1,1787953632265115488,1787953632264490488,5209349923542,0,0,0,0
tx,31,31,1,1,1787953632265120451,1787953632264490488,5209349928635,5209349949505,72,0,0
rx,32,32,1,1,1787953632280095285,1787953632279482840,5209364903357,0,0,0,0
tx,32,32,1,1,1787953632280099488,1787953632279482840,5209364907672,5209364925042,72,0,0
rx,33,33,1,1,1787953632295082488,1787953632294479100,5209379890561,0,0,0,0
tx,33,33,1,1,1787953632295086600,1787953632294479100,5209379894783,5209379910857,72,0,0
rx,34,34,1,1,1787953632310072914,1787953632309487563,5209394880987,0,0,0,0
tx,34,34,1,1,1787953632310077470,1787953632309487563,5209394885802,5209394905265,72,0,0
rx,35,35,1,1,1787953632325064211,1787953632324478988,5209409872283,0,0,0,0
tx,35,35,1,1,1787953632325068359,1787953632324478988,5209409876542,5209409892302,72,0,0
rx,36,36,1,1,1787953632340023840,1787953632339483081,5209424831913,0,0,0,0
tx,36,36,1,1,1787953632340030100,1787953632339483081,5209424838635,5209424856542,72,0,0
rx,37,37,1,1,1787953632354988414,1787953632354484118,5209439796487,0,0,0,0
tx,37,37,1,1,1787953632354992674,1787953632354484118,5209439800913,5209439817394,72,0,0
rx,38,38,1,1,1787953632369973248,1787953632369494970,5209454781320,0,0,0,0
tx,38,38,1,1,1787953632369977988,1787953632369494970,5209454786172,5209454807635,72,0,0
rx,39,39,1,1,1787953632384969285,1787953632384486192,5209469777357,0,0,0,0
tx,39,39,1,1,1787953632384973562,1787953632384486192,5209469781765,5209469799579,72,0,0
rx,40,40,1,1,1787953632399950025,1787953632399483100,5209484758098,0,0,0,0
tx,40,40,1,1,1787953632399953970,1787953632399483100,5209484762153,5209484779098,72,0,0
rx,41,41,1,1,1787953632414947933,1787953632414491637,5209499756005,0,0,0,0
tx,41,41,1,1,1787953632414952470,1787953632414491637,5209499760653,5209499782098,72,0,0
rx,42,42,1,1,1787953632429936655,1787953632429483970,5209514744709,0,0,0,0
tx,42,42,1,1,1787953632429940711,1787953632429483970,5209514748894,5209514767413,72,0,0
rx,43,43,1,1,1787953632444912785,1787953632444490988,5209529720857,0,0,0,0
tx,43,43,1,1,1787953632444917155,1787953632444490988,5209529725357,5209529745709,72,0,0
rx,44,44,1,1,1787953632459896470,1787953632459504285,5209544704542,0,0,0,0
tx,44,44,1,1,1787953632459902766,1787953632459504285,5209544710987,5209544731505,72,0,0
rx,45,45,1,1,1787953632474876081,1787953632474482637,5209559684153,0,0,0,0
tx,45,45,1,1,1787953632474880081,1787953632474482637,5209559688339,5209559705635,72,0,0
rx,46,46,1,1,1787953632489848488,1787953632489481692,5209574656561,0,0,0,0
tx,46,46,1,1,1787953632489852414,1787953632489481692,5209574660598,5209574676913,72,0,0
rx,47,47,1,1,1787953632504835414,1787953632504498896,5209589643487,0,0,0,0
tx,47,47,1,1,1787953632504840211,1787953632504498896,5209589648413,5209589671635,72,0,0
rx,48,48,1,1,1787953632519830822,1787953632519486433,5209604638894,0,0,0,0
tx,48,48,1,1,1787953632519834988,1787953632519486433,5209604643172,5209604661542,72,0,0
rx,49,49,1,1,1787953632534811451,1787953632534480081,5209619619524,0,0,0,0
tx,49,49,1,1,1787953632534815636,1787953632534480081,5209619623820,5209619640413,72,0,0
rx,50,50,1,1,1787953632549795211,1787953632549503618,5209634603283,0,0,0,0
tx,50,50,1,1,1787953632549799933,1787953632549503618,5209634608172,5209634632005,72,0,0
rx,51,51,1,1,1787953632564801136,1787953632564495396,5209649609209,0,0,0,0
tx,51,51,1,1,1787953632564807081,1787953632564495396,5209649615264,5209649632431,72,0,0
rx,52,52,1,1,1787953632579774525,1787953632579479988,5209664582598,0,0,0,0
tx,52,52,1,1,1787953632579778359,1787953632579479988,5209664586542,5209664602209,72,0,0
rx,53,53,1,1,1787953632594744581,1787953632594480322,5209679552653,0,0,0,0
tx,53,53,1,1,1787953632594748655,1787953632594480322,5209679556839,5209679573579,72,0,0
rx,54,54,1,1,1787953632609736988,1787953632609503414,5209694545061,0,0,0,0
tx,54,54,1,1,1787953632609741488,1787953632609503414,5209694549672,5209694572209,72,0,0
rx,55,55,1,1,1787953632624743914,1787953632624487507,5209709551987,0,0,0,0
tx,55,55,1,1,1787953632624748044,1787953632624487507,5209709556431,5209709574061,72,0,0
rx,56,56,1,1,1787953632639757544,1787953632639488822,5209724565616,0,0,0,0
tx,56,56,1,1,1787953632639762525,1787953632639488822,5209724570709,5209724594801,72,0,0
rx,57,57,1,1,1787953632654758136,1787953632654506396,5209739566209,0,0,0,0
tx,57,57,1,1,1787953632654763266,1787953632654506396,5209739571468,5209739594561,72,0,0
rx,58,58,1,1,1787953632669740618,1787953632669485840,5209754548690,0,0,0,0
tx,58,58,1,1,1787953632669746359,1787953632669485840,5209754554542,5209754571635,72,0,0
rx,59,59,1,1,1787953632684711673,1787953632684504747,5209769519746,0,0,0,0
tx,59,59,1,1,1787953632684715414,1787953632684504747,5209769523653,5209769540542,72,0,0
rx,60,60,1,1,1787953632699685322,1787953632699480562,5209784493394,0,0,0,0
tx,60,60,1,1,1787953632699689303,1787953632699480562,5209784497487,5209784513135,72,0,0
rx,61,61,1,1,1787953632714697155,1787953632714491359,5209799505227,0,0,0,0
tx,61,61,1,1,1787953632714702136,1787953632714491359,5209799510320,5209799531598,72,0,0
rx,62,62,1,1,1787953632729725562,1787953632729483951,5209814533635,0,0,0,0
tx,62,62,1,1,1787953632729729544,1787953632729483951,5209814537727,5209814554709,72,0,0
rx,63,63,1,1,1787953632744706136,1787953632744489729,5209829514209,0,0,0,0
tx,63,63,1,1,1787953632744710581,1787953632744489729,5209829518764,5209829537394,72,0,0
rx,64,64,1,1,1787953632759727562,1787953632759503192,5209844535635,0,0,0,0
tx,64,64,1,1,1787953632759732377,1787953632759503192,5209844540561,5209844562968,72,0,0
rx,65,65,1,1,1787953632774736099,1787953632774490451,5209859544153,0,0,0,0
tx,65,65,1,1,1787953632774742081,1787953632774490451,5209859550320,5209859567542,72,0,0
rx,66,66,1,1,1787953632789713766,1787953632789484784,5209874521838,0,0,0,0
tx,66,66,1,1,1787953632789717766,1787953632789484784,5209874526024,5209874542931,72,0,0
rx,67,67,1,1,1787953632804752766,1787953632804499433,5209889560838,0,0,0,0
tx,67,67,1,1,1787953632804757451,1787953632804499433,5209889565635,5209889588264,72,0,0
rx,68,68,1,1,1787953632819749266,1787953632819487877,5209904557338,0,0,0,0
tx,68,68,1,1,1787953632819753784,1787953632819487877,5209904561968,5209904580598,72,0,0
rx,69,69,1,1,1787953632834754099,1787953632834484451,5209919562172,0,0,0,0
tx,69,69,1,1,1787953632834758062,1787953632834484451,5209919566320,5209919582579,72,0,0
rx,70,70,1,1,1787953632849750766,1787953632849506396,5209934558838,0,0,0,0
tx,70,70,1,1,1787953632849755692,1787953632849506396,5209934564209,5209934588949,72,0,0
rx,71,71,1,1,1787953632864786062,1787953632864503692,5209949594135,0,0,0,0
tx,71,71,1,1,1787953632864790933,1787953632864503692,5209949599116,5209949623061,72,0,0
rx,72,72,1,1,1787953632879788507,1787953632879493062,5209964596579,0,0,0,0
tx,72,72,1,1,1787953632879792766,1787953632879493062,5209964601024,5209964620672,72,0,0
rx,73,73,1,1,1787953632894768414,1787953632894489914,5209979576486,0,0,0,0
tx,73,73,1,1,1787953632894774266,1787953632894489914,5209979582486,5209979599375,72,0,0
rx,74,74,1,1,1787953632909761914,1787953632909509933,5209994569986,0,0,0,0
tx,74,74,1,1,1787953632909766562,1787953632909509933,5209994574746,5209994596301,72,0,0
rx,75,75,1,1,1787953632924758877,1787953632924487544,5210009566949,0,0,0,0
tx,75,75,1,1,1787953632924763044,1787953632924487544,5210009571227,5210009590042,72,0,0
rx,76,76,1,1,1787953632939747062,1787953632939483321,5210024555135,0,0,0,0
tx,76,76,1,1,1787953632939751229,1787953632939483321,5210024559412,5210024576764,72,0,0
rx,77,77,1,1,1787953632954764044,1787953632954506636,5210039572098,0,0,0,0
tx,77,77,1,1,1787953632954768766,1787953632954506636,5210039577061,5210039601505,72,0,0
rx,78,78,1,1,1787953632969761266,1787953632969486933,5210054569338,0,0,0,0
tx,78,78,1,1,1787953632969765303,1787953632969486933,5210054573486,5210054591449,72,0,0
rx,79,79,1,1,1787953632984743025,1787953632984484507,5210069551079,0,0,0,0
tx,79,79,1,1,1787953632984746821,1787953632984484507,5210069555061,5210069571690,72,0,0
rx,80,80,1,1,1787953632999743803,1787953632999508229,5210084551857,0,0,0,0
tx,80,80,1,1,1787953632999752562,1787953632999508229,5210084560746,5210084583338,72,0,0
rx,81,81,1,1,1787953633014786025,1787953633014494525,5210099594098,0,0,0,0
tx,81,81,1,1,1787953633014790618,1787953633014494525,5210099598801,5210099616820,72,0,0
rx,82,82,1,1,1787953633029759581,1787953633029485247,5210114567653,0,0,0,0
tx,82,82,1,1,1787953633029763451,1787953633029485247,5210114571635,5210114588098,72,0,0
rx,83,83,1,1,1787953633044732173,1787953633044486284,5210129540246,0,0,0,0
tx,83,83,1,1,1787953633044736414,1787953633044486284,5210129544598,5210129563764,72,0,0
rx,84,84,1,1,1787953633059719321,1787953633059487803,5210144527394,0,0,0,0
tx,84,84,1,1,1787953633059724007,1787953633059487803,5210144532190,5210144551912,72,0,0
rx,85,85,1,1,1787953633074693451,1787953633074479044,5210159501523,0,0,0,0
tx,85,85,1,1,1787953633074697451,1787953633074479044,5210159505672,5210159521431,72,0,0
rx,86,86,1,1,1787953633089678358,1787953633089476062,5210174486431,0,0,0,0
tx,86,86,1,1,1787953633089682062,1787953633089476062,5210174490301,5210174505949,72,0,0
rx,87,87,1,1,1787953633104645099,1787953633104487007,5210189453153,0,0,0,0
tx,87,87,1,1,1787953633104651266,1787953633104487007,5210189459542,5210189478968,72,0,0
rx,88,88,1,1,1787953633119617303,1787953633119482877,5210204425375,0,0,0,0
tx,88,88,1,1,1787953633119621673,1787953633119482877,5210204429931,5210204445597,72,0,0
rx,89,89,1,1,1787953633134575803,1787953633134478173,5210219383875,0,0,0,0
tx,89,89,1,1,1787953633134579618,1787953633134478173,5210219387801,5210219402986,72,0,0
rx,90,90,1,1,1787953633149591914,1787953633149486451,5210234399986,0,0,0,0
tx,90,90,1,1,1787953633149596618,1787953633149486451,5210234404912,5210234423912,72,0,0
rx,91,91,1,1,1787953633164601173,1787953633164489506,5210249409246,0,0,0,0
tx,91,91,1,1,1787953633164605988,1787953633164489506,5210249414264,5210249433616,72,0,0
rx,92,92,1,1,1787953633179578895,1787953633179485581,5210264386968,0,0,0,0
tx,92,92,1,1,1787953633179582451,1787953633179485581,5210264390690,5210264407190,72,0,0
rx,93,93,1,1,1787953633194564099,1787953633194476469,5210279372171,0,0,0,0
tx,93,93,1,1,1787953633194567803,1787953633194476469,5210279375986,5210279391283,72,0,0
rx,94,94,1,1,1787953633209591543,1787953633209484914,5210294399597,0,0,0,0
tx,94,94,1,1,1787953633209596136,1787953633209484914,5210294404468,5210294424097,72,0,0
rx,95,95,1,1,1787953633224612432,1787953633224485340,5210309420505,0,0,0,0
tx,95,95,1,1,1787953633224618210,1787953633224485340,5210309426709,5210309460190,72,0,0
rx,96,96,1,1,1787953633239597525,1787953633239478451,5210324405597,0,0,0,0
tx,96,96,1,1,1787953633239601432,1787953633239478451,5210324409616,5210324424431,72,0,0
rx,97,97,1,1,1787953633254626525,1787953633254501321,5210339434597,0,0,0,0
tx,97,97,1,1,1787953633254631043,1787953633254501321,5210339439375,5210339462338,72,0,0
rx,98,98,1,1,1787953633269677155,1787953633269486303,5210354485227,0,0,0,0
tx,98,98,1,1,1787953633269681229,1787953633269486303,5210354489468,5210354507671,72,0,0
rx,99,99,1,1,1787953633284686840,1787953633284483710,5210369494894,0,0,0,0
tx,99,99,1,1,1787953633284690580,1787953633284483710,5210369498764,5210369515505,72,0,0
rx,100,100,1,1,1787953633299737377,1787953633299502025,5210384545431,0,0,0,0
tx,100,100,1,1,1787953633299741766,1787953633299502025,5210384549986,5210384571171,72,0,0
rx,101,101,1,1,1787953633314747673,1787953633314486117,5210399555745,0,0,0,0
tx,101,101,1,1,1787953633314751506,1787953633314486117,5210399559745,5210399576931,72,0,0
rx,102,102,1,1,1787953633329766580,1787953633329485543,5210414574634,0,0,0,0
tx,102,102,1,1,1787953633329772321,1787953633329485543,5210414580505,5210414597745,72,0,0
rx,103,103,1,1,1787953633344782914,1787953633344492729,5210429590986,0,0,0,0
tx,103,103,1,1,1787953633344787321,1787953633344492729,5210429595505,5210429614597,72,0,0
rx,104,104,1,1,1787953633359818803,1787953633359497840,5210444626875,0,0,0,0
tx,104,104,1,1,1787953633359823229,1787953633359497840,5210444631431,5210444653431,72,0,0
rx,105,105,1,1,1787953633374843673,1787953633374485377,5210459651745,0,0,0,0
tx,105,105,1,1,1787953633374847766,1787953633374485377,5210459655968,5210459674134,72,0,0
rx,106,106,1,1,1787953633389883747,1787953633389481284,5210474691820,0,0,0,0
tx,106,106,1,1,1787953633389887599,1787953633389481284,5210474695782,5210474712208,72,0,0
rx,107,107,1,1,1787953633404941395,1787953633404494303,5210489749468,0,0,0,0
tx,107,107,1,1,1787953633404945654,1787953633404494303,5210489753912,5210489774968,72,0,0
rx,108,108,1,1,1787953633419959395,1787953633419486266,5210504767468,0,0,0,0
tx,108,108,1,1,1787953633419963173,1787953633419486266,5210504771412,5210504790023,72,0,0
rx,109,109,1,1,1787953633434986358,1787953633434483580,5210519794431,0,0,0,0
tx,109,109,1,1,1787953633434990266,1787953633434483580,5210519798523,5210519814968,72,0,0
rx,110,110,1,1,1787953633449970710,1787953633449487506,5210534778764,0,0,0,0
tx,110,110,1,1,1787953633449976321,1787953633449487506,5210534784560,5210534802542,72,0,0
rx,111,111,1,1,1787953633464956506,1787953633464496006,5210549764579,0,0,0,0
tx,111,111,1,1,1787953633464960858,1787953633464496006,5210549769042,5210549789449,72,0,0
rx,112,112,1,1,1787953633480001173,1787953633479485691,5210564809245,0,0,0,0
tx,112,112,1,1,1787953633480005340,1787953633479485691,5210564813542,5210564830486,72,0,0
rx,113,113,1,1,1787953633494982228,1787953633494479877,5210579790301,0,0,0,0
tx,113,113,1,1,1787953633494986191,1787953633494479877,5210579794449,5210579810505,72,0,0
rx,114,114,1,1,1787953633509966710,1787953633509495395,5210594774782,0,0,0,0
tx,114,114,1,1,1787953633509971191,1787953633509495395,5210594779375,5210594799394,72,0,0
rx,115,115,1,1,1787953633524957488,1787953633524485303,5210609765560,0,0,0,0
tx,115,115,1,1,1787953633524961451,1787953633524485303,5210609769634,5210609787708,72,0,0
rx,116,116,1,1,1787953633539936154,1787953633539483784,5210624744227,0,0,0,0
tx,116,116,1,1,1787953633539940080,1787953633539483784,5210624748264,5210624764468,72,0,0
rx,117,117,1,1,1787953633554930191,1787953633554509265,5210639738264,0,0,0,0
tx,117,117,1,1,1787953633554937191,1787953633554509265,5210639745523,5210639766782,72,0,0
rx,118,118,1,1,1787953633569916414,1787953633569486451,5210654724486,0,0,0,0
tx,118,118,1,1,1787953633569920395,1787953633569486451,5210654728653,5210654746097,72,0,0
rx,119,119,1,1,1787953633584892765,1787953633584482358,5210669700838,0,0,0,0
tx,119,119,1,1,1787953633584896580,1787953633584482358,5210669704819,5210669721542,72,0,0
rx,120,120,1,1,1787953633599904636,1787953633599502358,5210684712708,0,0,0,0
tx,120,120,1,1,1787953633599909414,1787953633599502358,5210684717653,5210684740579,72,0,0
rx,121,121,1,1,1787953633614894414,1787953633614486654,5210699702486,0,0,0,0
tx,121,121,1,1,1787953633614898284,1787953633614486654,5210699706523,5210699723764,72,0,0
rx,122,122,1,1,1787953633629902247,1787953633629490117,5210714710301,0,0,0,0
tx,122,122,1,1,1787953633629905802,1787953633629490117,5210714714060,5210714733782,72,0,0
rx,123,123,1,1,1787953633644896636,1787953633644551654,5210729704690,0,0,0,0
tx,123,123,1,1,1787953633644901210,1787953633644551654,5210729709449,5210729734060,72,0,0
rx,124,124,1,1,1787953633659867154,1787953633659485321,5210744675227,0,0,0,0
tx,124,124,1,1,1787953633659872562,1787953633659485321,5210744680801,5210744696893,72,0,0
rx,125,125,1,1,1787953633674820340,1787953633674482895,5210759628412,0,0,0,0
tx,125,125,1,1,1787953633674824247,1787953633674482895,5210759632486,5210759647282,72,0,0
rx,126,126,1,1,1787953633689839802,1787953633689480654,5210774647875,0,0,0,0
tx,126,126,1,1,1787953633689843562,1787953633689480654,5210774651801,5210774666912,72,0,0
rx,127,127,1,1,1787953633704808691,1787953633704494562,5210789616745,0,0,0,0
tx,127,127,1,1,1787953633704812895,1787953633704494562,5210789621338,5210789640356,72,0,0
rx,128,128,1,1,1787953633719771543,1787953633719484414,5210804579616,0,0,0,0
tx,128,128,1,1,1787953633719775117,1787953633719484414,5210804583301,5210804599690,72,0,0
rx,129,129,1,1,1787953633734746154,1787953633734481839,5210819554227,0,0,0,0
tx,129,129,1,1,1787953633734749784,1787953633734481839,5210819558042,5210819573838,72,0,0
rx,130,130,1,1,1787953633749708080,1787953633749504895,5210834516134,0,0,0,0
tx,130,130,1,1,1787953633749712821,1787953633749504895,5210834521060,5210834543856,72,0,0
rx,131,131,1,1,1787953633764672025,1787953633764483043,5210849480097,0,0,0,0
tx,131,131,1,1,1787953633764677765,1787953633764483043,5210849485949,5210849501949,72,0,0
rx,132,132,1,1,1787953633779616636,1787953633779481525,5210864424708,0,0,0,0
tx,132,132,1,1,1787953633779620321,1787953633779481525,5210864428504,5210864443356,72,0,0
rx,133,133,1,1,1787953633794565784,1787953633794480284,5210879373856,0,0,0,0
tx,133,133,1,1,1787953633794569080,1787953633794480284,5210879377264,5210879390542,72,0,0
rx,134,134,1,1,1787953633809585543,1787953633809498284,5210894393597,0,0,0,0
tx,134,134,1,1,1787953633809589951,1787953633809498284,5210894398190,5210894419967,72,0,0
rx,135,135,1,1,1787953633824583969,1787953633824487247,5210909392041,0,0,0,0
tx,135,135,1,1,1787953633824587858,1787953633824487247,5210909396041,5210909411560,72,0,0
rx,136,136,1,1,1787953633839613488,1787953633839481173,5210924421523,0,0,0,0
tx,136,136,1,1,1787953633839616895,1787953633839481173,5210924425153,5210924440597,72,0,0
rx,137,137,1,1,1787953633854613339,1787953633854497321,5210939421393,0,0,0,0
tx,137,137,1,1,1787953633854617636,1787953633854497321,5210939425893,5210939447616,72,0,0
rx,138,138,1,1,1787953633869708025,1787953633869500247,5210954516097,0,0,0,0
tx,138,138,1,1,1787953633869712302,1787953633869500247,5210954520541,5210954544727,72,0,0
rx,139,139,1,1,1787953633884743117,1787953633884484395,5210969551190,0,0,0,0
tx,139,139,1,1,1787953633884748265,1787953633884484395,5210969556486,5210969572912,72,0,0
rx,140,140,1,1,1787953633899706858,1787953633899503210,5210984514930,0,0,0,0
tx,140,140,1,1,1787953633899711136,1787953633899503210,5210984519375,5210984539523,72,0,0
rx,141,141,1,1,1787953633914665543,1787953633914483580,5210999473597,0,0,0,0
tx,141,141,1,1,1787953633914668858,1787953633914483580,5210999477041,5210999492893,72,0,0
rx,142,142,1,1,1787953633929600469,1787953633929485358,5211014408541,0,0,0,0
tx,142,142,1,1,1787953633929603858,1787953633929485358,5211014412060,5211014428023,72,0,0
rx,143,143,1,1,1787953633944554117,1787953633944508487,5211029362190,0,0,0,0
tx,143,143,1,1,1787953633944558080,1787953633944508487,5211029366319,5211029389319,72,0,0
rx,144,144,1,1,1787953633959531062,1787953633959484173,5211044339134,0,0,0,0
tx,144,144,1,1,1787953633959534913,1787953633959484173,5211044343190,5211044358523,72,0,0
rx,145,145,1,1,1787953633975548821,1787953633974480487,5211060356893,0,0,0,0
tx,145,145,1,1,1787953633975552506,1787953633974480487,5211060360690,5211060375912,72,0,0
rx,146,146,1,1,1787953633990449802,1787953633989478080,5211075257875,0,0,0,0
tx,146,146,1,1,1787953633990453413,1787953633989478080,5211075261597,5211075275745,72,0,0
rx,147,147,1,1,1787953634005493302,1787953634004505710,5211090301375,0,0,0,0
tx,147,147,1,1,1787953634005499395,1787953634004505710,5211090307578,5211090326004,72,0,0
rx,148,148,1,1,1787953634020455228,1787953634019486710,5211105263282,0,0,0,0
tx,148,148,1,1,1787953634020458876,1787953634019486710,5211105267134,5211105282912,72,0,0
rx,149,149,1,1,1787953634035425321,1787953634034480543,5211120233393,0,0,0,0
tx,149,149,1,1,1787953634035428673,1787953634034480543,5211120236856,5211120252745,72,0,0
rx,150,150,1,1,1787953634050410765,1787953634049504728,5211135218819,0,0,0,0
tx,150,150,1,1,1787953634050415117,1787953634049504728,5211135223301,5211135246986,72,0,0
rx,151,151,1,1,1787953634065396099,1787953634064485932,5211150204171,0,0,0,0
tx,151,151,1,1,1787953634065399561,1787953634064485932,5211150207745,5211150222782,72,0,0
rx,152,152,1,1,1787953634080345784,1787953634079482636,5211165153838,0,0,0,0
tx,152,152,1,1,1787953634080349191,1787953634079482636,5211165157467,5211165172375,72,0,0
rx,153,153,1,1,1787953634095312265,1787953634094499099,5211180120338,0,0,0,0
tx,153,153,1,1,1787953634095316302,1787953634094499099,5211180124560,5211180146245,72,0,0
rx,154,154,1,1,1787953634110274043,1787953634109500302,5211195082115,0,0,0,0
tx,154,154,1,1,1787953634110279876,1787953634109500302,5211195088115,5211195103208,72,0,0
rx,155,155,1,1,1787953634125245061,1787953634124491913,5211210053134,0,0,0,0
tx,155,155,1,1,1787953634125248876,1787953634124491913,5211210057152,5211210072671,72,0,0
rx,156,156,1,1,1787953634140189858,1787953634139483173,5211224997930,0,0,0,0
tx,156,156,1,1,1787953634140193469,1787953634139483173,5211225001726,5211225016338,72,0,0
rx,157,157,1,1,1787953634155223543,1787953634154505580,5211240031615,0,0,0,0
tx,157,157,1,1,1787953634155227895,1787953634154505580,5211240036115,5211240056875,72,0,0
rx,158,158,1,1,1787953634170190432,1787953634169488747,5211254998504,0,0,0,0
tx,158,158,1,1,1787953634170194154,1787953634169488747,5211255002412,5211255020041,72,0,0
rx,159,159,1,1,1787953634185193191,1787953634184485524,5211270001263,0,0,0,0
tx,159,159,1,1,1787953634185196598,1787953634184485524,5211270004838,5211270020319,72,0,0
rx,160,160,1,1,1787953634200253413,1787953634199498654,5211285061486,0,0,0,0
tx,160,160,1,1,1787953634200257784,1787953634199498654,5211285066023,5211285086004,72,0,0
rx,161,161,1,1,1787953634215229006,1787953634214488654,5211300037078,0,0,0,0
tx,161,161,1,1,1787953634215234839,1787953634214488654,5211300043078,5211300059986,72,0,0
rx,162,162,1,1,1787953634230197784,1787953634229489210,5211315005856,0,0,0,0
tx,162,162,1,1,1787953634230201339,1787953634229489210,5211315009541,5211315024912,72,0,0
rx,163,163,1,1,1787953634245153006,1787953634244517839,5211329961060,0,0,0,0
tx,163,163,1,1,1787953634245157247,1787953634244517839,5211329965486,5211329988504,72,0,0
rx,164,164,1,1,1787953634260119765,1787953634259488413,5211344927838,0,0,0,0
tx,164,164,1,1,1787953634260123265,1787953634259488413,5211344931541,5211344948578,72,0,0
rx,165,165,1,1,1787953634275069821,1787953634274487191,5211359877875,0,0,0,0
tx,165,165,1,1,1787953634275073450,1787953634274487191,5211359881634,5211359897078,72,0,0
rx,166,166,1,1,1787953634290022321,1787953634289485876,5211374830393,0,0,0,0
tx,166,166,1,1,1787953634290025802,1787953634289485876,5211374834134,5211374849745,72,0,0
rx,167,167,1,1,1787953634304979395,1787953634304497598,5211389787449,0,0,0,0
tx,167,167,1,1,1787953634304983709,1787953634304497598,5211389791893,5211389811356,72,0,0
rx,168,168,1,1,1787953634319950469,1787953634319490950,5211404758541,0,0,0,0
tx,168,168,1,1,1787953634319956080,1787953634319490950,5211404764263,5211404781578,72,0,0
rx,169,169,1,1,1787953634334965802,1787953634334481987,5211419773875,0,0,0,0
tx,169,169,1,1,1787953634334969487,1787953634334481987,5211419777726,5211419792430,72,0,0
rx,170,170,1,1,1787953634350024543,1787953634349517247,5211434832504,0,0,0,0
tx,170,170,1,1,1787953634350028672,1787953634349517247,5211434836930,5211434861300,72,0,0
rx,171,171,1,1,1787953634365044524,1787953634364491635,5211449852597,0,0,0,0
tx,171,171,1,1,1787953634365048024,1787953634364491635,5211449856208,5211449874097,72,0,0
rx,172,172,1,1,1787953634380059580,1787953634379487598,5211464867652,0,0,0,0
tx,172,172,1,1,1787953634380063209,1787953634379487598,5211464871467,5211464887171,72,0,0
rx,173,173,1,1,1787953634395121821,1787953634394502302,5211479929893,0,0,0,0
tx,173,173,1,1,1787953634395126524,1787953634394502302,5211479934782,5211479956708,72,0,0
rx,174,174,1,1,1787953634410132691,1787953634409486209,5211494940763,0,0,0,0
tx,174,174,1,1,1787953634410136191,1787953634409486209,5211494944449,5211494960578,72,0,0
rx,175,175,1,1,1787953634425070172,1787953634424485746,5211509878245,0,0,0,0
tx,175,175,1,1,1787953634425075302,1787953634424485746,5211509883541,5211509899560,72,0,0
rx,176,176,1,1,1787953634440085506,1787953634439525524,5211524893504,0,0,0,0
tx,176,176,1,1,1787953634440093691,1787953634439525524,5211524901930,5211524933782,72,0,0
rx,177,177,1,1,1787953634455354339,1787953634454545450,5211540162356,0,0,0,0
tx,177,177,1,1,1787953634455362913,1787953634454545450,5211540171208,5211540207967,72,0,0
rx,178,178,1,1,1787953634470612691,1787953634469526469,5211555420689,0,0,0,0
tx,178,178,1,1,1787953634470620358,1787953634469526469,5211555428634,5211555462097,72,0,0
rx,179,179,1,1,1787953634484891950,1787953634484523302,5211569699967,0,0,0,0
tx,179,179,1,1,1787953634484900006,1787953634484523302,5211569708263,5211569742430,72,0,0
rx,180,180,1,1,1787953634500241950,1787953634499536765,5211585049948,0,0,0,0
tx,180,180,1,1,1787953634500250246,1787953634499536765,5211585058504,5211585095819,72,0,0
rx,181,181,1,1,1787953634514855024,1787953634514524228,5211599663023,0,0,0,0
tx,181,181,1,1,1787953634514862876,1787953634514524228,5211599671115,5211599702634,72,0,0
rx,182,182,1,1,1787953634530166876,1787953634529519320,5211614974874,0,0,0,0
tx,182,182,1,1,1787953634530174469,1787953634529519320,5211614982726,5211615015004,72,0,0
rx,183,183,1,1,1787953634545151098,1787953634544556117,5211629959115,0,0,0,0
tx,183,183,1,1,1787953634545165580,1787953634544556117,5211629973837,5211630012171,72,0,0
rx,184,184,1,1,1787953634560463895,1787953634559528024,5211645271911,0,0,0,0
tx,184,184,1,1,1787953634560472228,1787953634559528024,5211645280467,5211645314282,72,0,0
rx,185,185,1,1,1787953634574871506,1787953634574526024,5211659679523,0,0,0,0
tx,185,185,1,1,1787953634574879728,1787953634574526024,5211659688004,5211659720615,72,0,0
rx,186,186,1,1,1787953634590260135,1787953634589516617,5211675068134,0,0,0,0
tx,186,186,1,1,1787953634590268024,1787953634589516617,5211675076282,5211675109097,72,0,0
rx,187,187,1,1,1787953634604764413,1787953634604572524,5211689572411,0,0,0,0
tx,187,187,1,1,1787953634604773117,1787953634604572524,5211689581393,5211689619578,72,0,0
rx,188,188,1,1,1787953634620121950,1787953634619523709,5211704929948,0,0,0,0
tx,188,188,1,1,1787953634620130246,1787953634619523709,5211704938578,5211704972041,72,0,0
rx,189,189,1,1,1787953634635496876,1787953634634533598,5211720304874,0,0,0,0
tx,189,189,1,1,1787953634635504543,1787953634634533598,5211720312800,5211720347615,72,0,0
rx,190,190,1,1,1787953634650169283,1787953634649551969,5211734977282,0,0,0,0
tx,190,190,1,1,1787953634650182635,1787953634649551969,5211734990893,5211735030263,72,0,0
rx,191,191,1,1,1787953634665496728,1787953634664526432,5211750304745,0,0,0,0
tx,191,191,1,1,1787953634665505357,1787953634664526432,5211750313615,5211750346800,72,0,0
rx,192,192,1,1,1787953634679866191,1787953634679524265,5211764674208,0,0,0,0
tx,192,192,1,1,1787953634679874228,1787953634679524265,5211764682485,5211764716522,72,0,0
rx,193,193,1,1,1787953634695243857,1787953634694550283,5211780051856,0,0,0,0
tx,193,193,1,1,1787953634695252931,1787953634694550283,5211780061208,5211780101022,72,0,0
rx,194,194,1,1,1787953634710578209,1787953634709549728,5211795386208,0,0,0,0
tx,194,194,1,1,1787953634710587098,1787953634709549728,5211795395356,5211795427578,72,0,0
rx,195,195,1,1,1787953634724864839,1787953634724523802,5211809672837,0,0,0,0
tx,195,195,1,1,1787953634724872672,1787953634724523802,5211809680948,5211809714208,72,0,0
rx,196,196,1,1,1787953634740242450,1787953634739547691,5211825050448,0,0,0,0
tx,196,196,1,1,1787953634740251746,1787953634739547691,5211825060004,5211825113300,72,0,0
rx,197,197,1,1,1787953634754730209,1787953634754542654,5211839538226,0,0,0,0
tx,197,197,1,1,1787953634754742876,1787953634754542654,5211839551152,5211839587504,72,0,0
rx,198,198,1,1,1787953634770045561,1787953634769521691,5211854853578,0,0,0,0
tx,198,198,1,1,1787953634770053654,1787953634769521691,5211854861893,5211854895319,72,0,0
rx,199,199,1,1,1787953634785356154,1787953634784520746,5211870164152,0,0,0,0
tx,199,199,1,1,1787953634785364154,1787953634784520746,5211870172411,5211870206041,72,0,0
rx,200,200,1,1,1787953634799944135,1787953634799535728,5211884752152,0,0,0,0
tx,200,200,1,1,1787953634799953117,1787953634799535728,5211884761393,5211884799615,72,0,0
rx,201,0,1,1,1787953634815262746,1787953634814520746,5211900070763,0,0,0,0
tx,201,0,1,1,1787953634815270987,1787953634814520746,5211900079245,5211900113319,72,0,0
rx,202,1,1,1,1787953634829860987,1787953634829519339,5211914669004,0,0,0,0
tx,202,1,1,1,1787953634829868857,1787953634829519339,5211914677133,5211914709985,72,0,0
rx,203,2,1,1,1787953634845228117,1787953634844561320,5211930036115,0,0,0,0
tx,203,2,1,1,1787953634845238117,1787953634844561320,5211930046467,5211930089448,72,0,0
rx,204,3,1,1,1787953634859792505,1787953634859574542,5211944600522,0,0,0,0
tx,204,3,1,1,1787953634859806450,1787953634859574542,5211944614708,5211944655152,72,0,0
rx,205,4,1,1,1787953634875163394,1787953634874536931,5211959971411,0,0,0,0
tx,205,4,1,1,1787953634875176172,1787953634874536931,5211959984411,5211960057726,72,0,0
rx,206,5,1,1,1787953634889693320,1787953634889514950,5211974501337,0,0,0,0
tx,206,5,1,1,1787953634889701024,1787953634889514950,5211974509263,5211974540967,72,0,0
rx,207,6,1,1,1787953634905043117,1787953634904540265,5211989851133,0,0,0,0
tx,207,6,1,1,1787953634905051931,1787953634904540265,5211989860189,5211989898930,72,0,0
rx,208,7,1,1,1787953634920433080,1787953634919535746,5212005241078,0,0,0,0
tx,208,7,1,1,1787953634920441024,1787953634919535746,5212005249300,5212005284522,72,0,0
rx,209,8,1,1,1787953634934881154,1787953634934527579,5212019689152,0,0,0,0
tx,209,8,1,1,1787953634934889042,1787953634934527579,5212019697319,5212019732319,72,0,0
rx,210,9,1,1,1787953634950240005,1787953634949548394,5212035048022,0,0,0,0
tx,210,9,1,1,1787953634950248931,1787953634949548394,5212035057170,5212035097726,72,0,0
rx,211,10,1,1,1787953634965589857,1787953634964591079,5212050397874,0,0,0,0
tx,211,10,1,1,1787953634965598283,1787953634964591079,5212050406522,5212050440596,72,0,0
rx,212,11,1,1,1787953634980079672,1787953634979523061,5212064887670,0,0,0,0
tx,212,11,1,1,1787953634980091505,1787953634979523061,5212064899745,5212064934189,72,0,0
rx,213,12,1,1,1787953634995446561,1787953634994546691,5212080254559,0,0,0,0
tx,213,12,1,1,1787953634995455561,1787953634994546691,5212080263800,5212080302041,72,0,0
rx,214,13,1,1,1787953635009878098,1787953635009528894,5212094686115,0,0,0,0
tx,214,13,1,1,1787953635009886283,1787953635009528894,5212094694541,5212094727856,72,0,0
rx,215,14,1,1,1787953635025192691,1787953635024519320,5212110000689,0,0,0,0
tx,215,14,1,1,1787953635025200950,1787953635024519320,5212110009207,5212110042615,72,0,0
rx,216,15,1,1,1787953635040539635,1787953635039530524,5212125347633,0,0,0,0
tx,216,15,1,1,1787953635040548394,1787953635039530524,5212125356633,5212125396689,72,0,0
rx,217,16,1,1,1787953635054901191,1787953635054532857,5212139709189,0,0,0,0
tx,217,16,1,1,1787953635054910209,1787953635054532857,5212139718467,5212139755744,72,0,0
rx,218,17,1,1,1787953635070236505,1787953635069527765,5212155044522,0,0,0,0
tx,218,17,1,1,1787953635070244320,1787953635069527765,5212155052596,5212155084800,72,0,0
rx,219,18,1,1,1787953635085565894,1787953635084536598,5212170373893,0,0,0,0
tx,219,18,1,1,1787953635085575376,1787953635084536598,5212170383652,5212170425596,72,0,0
rx,220,19,1,1,1787953635099917505,1787953635099535357,5212184725522,0,0,0,0
tx,220,19,1,1,1787953635099926394,1787953635099535357,5212184734633,5212184768467,72,0,0
rx,221,20,1,1,1787953635115233431,1787953635114522431,5212200041430,0,0,0,0
tx,221,20,1,1,1787953635115241839,1787953635114522431,5212200050096,5212200083318,72,0,0
rx,222,21,1,1,1787953635130552283,1787953635129517061,5212215360300,0,0,0,0
tx,222,21,1,1,1787953635130560394,1787953635129517061,5212215368652,5212215401041,72,0,0
rx,223,22,1,1,1787953635144956135,1787953635144546876,5212229764152,0,0,0,0
tx,223,22,1,1,1787953635144965357,1787953635144546876,5212229773596,5212229812467,72,0,0
rx,224,23,1,1,1787953635160515653,1787953635159535746,5212245323652,0,0,0,0
tx,224,23,1,1,1787953635160523913,1787953635159535746,5212245332170,5212245369744,72,0,0
rx,225,24,1,1,1787953635174887135,1787953635174532190,5212259695152,0,0,0,0
tx,225,24,1,1,1787953635174895042,1787953635174532190,5212259703281,5212259736096,72,0,0
rx,226,25,1,1,1787953635190221598,1787953635189551061,5212275029596,0,0,0,0
tx,226,25,1,1,1787953635190230709,1787953635189551061,5212275038967,5212275078411,72,0,0
rx,227,26,1,1,1787953635205550857,1787953635204532246,5212290358855,0,0,0,0
tx,227,26,1,1,1787953635205563616,1787953635204532246,5212290371874,5212290406004,72,0,0
rx,228,27,1,1,1787953635219859876,1787953635219523542,5212304667893,0,0,0,0
tx,228,27,1,1,1787953635219867913,1787953635219523542,5212304676170,5212304708133,72,0,0
rx,229,28,1,1,1787953635235182524,1787953635234526653,5212319990522,0,0,0,0
tx,229,28,1,1,1787953635235190690,1787953635234526653,5212319998948,5212320066448,72,0,0
rx,230,29,1,1,1787953635250574931,1787953635249564931,5212335382948,0,0,0,0
tx,230,29,1,1,1787953635250583857,1787953635249564931,5212335392115,5212335434207,72,0,0
rx,231,30,1,1,1787953635264869005,1787953635264523098,5212349677004,0,0,0,0
tx,231,30,1,1,1787953635264877024,1787953635264523098,5212349685281,5212349718392,72,0,0
rx,232,31,1,1,1787953635280156635,1787953635279524246,5212364964633,0,0,0,0
tx,232,31,1,1,1787953635280164672,1787953635279524246,5212364972930,5212365006430,72,0,0
rx,233,32,1,1,1787953635295490024,1787953635294538005,5212380298004,0,0,0,0
tx,233,32,1,1,1787953635295498135,1787953635294538005,5212380306411,5212380344244,72,0,0
rx,234,33,1,1,1787953635309782357,1787953635309529283,5212394590374,0,0,0,0
tx,234,33,1,1,1787953635309792894,1787953635309529283,5212394601189,5212394630633,72,0,0
rx,235,34,1,1,1787953635324965653,1787953635324526413,5212409773652,0,0,0,0
tx,235,34,1,1,1787953635324973561,1787953635324526413,5212409781818,5212409812004,72,0,0
rx,236,35,1,1,1787953635340307394,1787953635339548820,5212425115374,0,0,0,0
tx,236,35,1,1,1787953635340315579,1787953635339548820,5212425123837,5212425164207,72,0,0
rx,237,36,1,1,1787953635355613561,1787953635354545301,5212440421541,0,0,0,0
tx,237,36,1,1,1787953635355621653,1787953635354545301,5212440429911,5212440466818,72,0,0
rx,238,37,1,1,1787953635369805153,1787953635369528931,5212454613170,0,0,0,0
tx,238,37,1,1,1787953635369812616,1787953635369528931,5212454620892,5212454653133,72,0,0
rx,239,38,1,1,1787953635385036857,1787953635384524172,5212469844874,0,0,0,0
tx,239,38,1,1,1787953635385044450,1787953635384524172,5212469852744,5212469881559,72,0,0
rx,240,39,1,1,1787953635400313653,1787953635399537598,5212485121670,0,0,0,0
tx,240,39,1,1,1787953635400322024,1787953635399537598,5212485130281,5212485164355,72,0,0
rx,241,40,1,1,1787953635415582820,1787953635414546005,5212500390837,0,0,0,0
tx,241,40,1,1,1787953635415590450,1787953635414546005,5212500398707,5212500428041,72,0,0
rx,242,41,1,1,1787953635429764098,1787953635429519598,5212514572115,0,0,0,0
tx,242,41,1,1,1787953635429771653,1787953635429519598,5212514579892,5212514609837,72,0,0
rx,243,42,1,1,1787953635445118450,1787953635444545727,5212529926466,0,0,0,0
tx,243,42,1,1,1787953635445126301,1787953635444545727,5212529934596,5212529972541,72,0,0
rx,244,43,1,1,1787953635460382042,1787953635459533357,5212545190041,0,0,0,0
tx,244,43,1,1,1787953635460389820,1787953635459533357,5212545198115,5212545231281,72,0,0
rx,245,44,1,1,1787953635474673301,1787953635474528283,5212559481300,0,0,0,0
tx,245,44,1,1,1787953635474680301,1787953635474528283,5212559488541,5212559519781,72,0,0
rx,246,45,1,1,1787953635489916320,1787953635489547561,5212574724337,0,0,0,0
tx,246,45,1,1,1787953635489924561,1787953635489547561,5212574732800,5212574769226,72,0,0
rx,247,46,1,1,1787953635505171301,1787953635504538357,5212589979281,0,0,0,0
tx,247,46,1,1,1787953635505178838,1787953635504538357,5212589987133,5212590018633,72,0,0
rx,248,47,1,1,1787953635520391561,1787953635519519450,5212605199559,0,0,0,0
tx,248,47,1,1,1787953635520399024,1787953635519519450,5212605207281,5212605236096,72,0,0
rx,249,48,1,1,1787953635534572412,1787953635534525820,5212619380411,0,0,0,0
tx,249,48,1,1,1787953635534579950,1787953635534525820,5212619388207,5212619416707,72,0,0
rx,250,49,1,1,1787953635549825709,1787953635549555246,5212634633707,0,0,0,0
tx,250,49,1,1,1787953635549833801,1787953635549555246,5212634642207,5212634681929,72,0,0
rx,251,50,1,1,1787953635565080375,1787953635564562487,5212649888392,0,0,0,0
tx,251,50,1,1,1787953635565087505,1787953635564562487,5212649895781,5212649925596,72,0,0
rx,252,51,1,1,1787953635580442024,1787953635579527468,5212665250022,0,0,0,0
tx,252,51,1,1,1787953635580449098,1787953635579527468,5212665257355,5212665287689,72,0,0
rx,253,52,1,1,1787953635594667153,1787953635594537598,5212679475133,0,0,0,0
tx,253,52,1,1,1787953635594675172,1787953635594537598,5212679483411,5212679516318,72,0,0
rx,254,53,1,1,1787953635609921838,1787953635609524190,5212694729855,0,0,0,0
tx,254,53,1,1,1787953635609929301,1787953635609524190,5212694737596,5212694766392,72,0,0
rx,255,54,1,1,1787953635625163098,1787953635624525912,5212709971114,0,0,0,0
tx,255,54,1,1,1787953635625170598,1787953635624525912,5212709978874,5212710009077,72,0,0
rx,256,55,1,1,1787953635640510357,1787953635639555857,5212725318355,0,0,0,0
tx,256,55,1,1,1787953635640522375,1787953635639555857,5212725330614,5212725365466,72,0,0
rx,257,56,1,1,1787953635654733227,1787953635654547542,5212739541244,0,0,0,0
tx,257,56,1,1,1787953635654741098,1787953635654547542,5212739549392,5212739582818,72,0,0
rx,258,57,1,1,1787953635670040079,1787953635669526301,5212754848059,0,0,0,0
tx,258,57,1,1,1787953635670047783,1787953635669526301,5212754856040,5212754886114,72,0,0
rx,259,58,1,1,1787953635685304486,1787953635684527338,5212770112485,0,0,0,0
tx,259,58,1,1,1787953635685312061,1787953635684527338,5212770120300,5212770151337,72,0,0
rx,260,59,1,1,1787953635700568394,1787953635699543672,5212785376392,0,0,0,0
tx,260,59,1,1,1787953635700576116,1787953635699543672,5212785384614,5212785421300,72,0,0
rx,261,60,1,1,1787953635714730338,1787953635714524986,5212799538355,0,0,0,0
tx,261,60,1,1,1787953635714737875,1787953635714524986,5212799546133,5212799577040,72,0,0
rx,262,61,1,1,1787953635730122912,1787953635729526005,5212814930929,0,0,0,0
tx,262,61,1,1,1787953635730130394,1787953635729526005,5212814938633,5212814968818,72,0,0
rx,263,62,1,1,1787953635745346746,1787953635744538005,5212830154744,0,0,0,0
tx,263,62,1,1,1787953635745358264,1787953635744538005,5212830166503,5212830201114,72,0,0
rx,264,63,1,1,1787953635760624060,1787953635759535246,5212845432059,0,0,0,0
tx,264,63,1,1,1787953635760635172,1787953635759535246,5212845443429,5212845474485,72,0,0
rx,265,64,1,1,1787953635774755912,1787953635774537727,5212859563911,0,0,0,0
tx,265,64,1,1,1787953635774763394,1787953635774537727,5212859571670,5212859601726,72,0,0
rx,266,65,1,1,1787953635790028635,1787953635789549227,5212874836651,0,0,0,0
tx,266,65,1,1,1787953635790036783,1787953635789549227,5212874845022,5212874882726,72,0,0
rx,267,66,1,1,1787953635805308820,1787953635804529135,5212890116800,0,0,0,0
tx,267,66,1,1,1787953635805316097,1787953635804529135,5212890124337,5212890153614,72,0,0
rx,268,67,1,1,1787953635820535986,1787953635819526449,5212905343985,0,0,0,0
tx,268,67,1,1,1787953635820543153,1787953635819526449,5212905351392,5212905381892,72,0,0
rx,269,68,1,1,1787953635834821135,1787953635834553357,5212919629151,0,0,0,0
tx,269,68,1,1,1787953635834829005,1787953635834553357,5212919637244,5212919674707,72,0,0
rx,270,69,1,1,1787953635850102060,1787953635849534116,5212934910059,0,0,0,0
tx,270,69,1,1,1787953635850113449,1787953635849534116,5212934921707,5212934954688,72,0,0
rx,271,70,1,1,1787953635865644412,1787953635864608505,5212950452411,0,0,0,0
tx,271,70,1,1,1787953635865656579,1787953635864608505,5212950464818,5212950502059,72,0,0
rx,272,71,1,1,1787953635879978690,1787953635879531894,5212964786688,0,0,0,0
tx,272,71,1,1,1787953635879986820,1787953635879531894,5212964795077,5212964831170,72,0,0
rx,273,72,1,1,1787953635895304338,1787953635894541523,5212980112337,0,0,0,0
tx,273,72,1,1,1787953635895313209,1787953635894541523,5212980121448,5212980161744,72,0,0
rx,274,73,1,1,1787953635909872746,1787953635909520672,5212994680744,0,0,0,0
tx,274,73,1,1,1787953635909880857,1787953635909520672,5212994689114,5212994722355,72,0,0
rx,275,74,1,1,1787953635925470060,1787953635924585171,5213010278059,0,0,0,0
tx,275,74,1,1,1787953635925479764,1787953635924585171,5213010288022,5213010334744,72,0,0
rx,276,75,1,1,1787953635939953597,1787953635939549153,5213024761614,0,0,0,0
tx,276,75,1,1,1787953635939961579,1787953635939549153,5213024769855,5213024807392,72,0,0
rx,277,76,1,1,1787953635955246875,1787953635954525801,5213040054892,0,0,0,0
tx,277,76,1,1,1787953635955254875,1787953635954525801,5213040063114,5213040096411,72,0,0
rx,278,77,1,1,1787953635970495820,1787953635969514246,5213055303837,0,0,0,0
tx,278,77,1,1,1787953635970505801,1787953635969514246,5213055314040,5213055343077,72,0,0
rx,279,78,1,1,1787953635984917653,1787953635984517116,5213069725670,0,0,0,0
tx,279,78,1,1,1787953635984924986,1787953635984517116,5213069733244,5213069760836,72,0,0
rx,280,79,1,1,1787953636000154579,1787953635999529542,5213084962596,0,0,0,0
tx,280,79,1,1,1787953636000162320,1787953635999529542,5213084970577,5213085005707,72,0,0
rx,281,80,1,1,1787953636015425449,1787953636014513505,5213100233466,0,0,0,0
tx,281,80,1,1,1787953636015432653,1787953636014513505,5213100240892,5213100269874,72,0,0
rx,282,81,1,1,1787953636029831986,1787953636029493616,5213114640003,0,0,0,0
tx,282,81,1,1,1787953636029839171,1787953636029493616,5213114647411,5213114676911,72,0,0
rx,283,82,1,1,1787953636045175616,1787953636044530764,5213129983614,0,0,0,0
tx,283,82,1,1,1787953636045184320,1787953636044530764,5213129992577,5213130029614,72,0,0
rx,284,83,1,1,1787953636059721468,1787953636059537283,5213144529466,0,0,0,0
tx,284,83,1,1,1787953636059733023,1787953636059537283,5213144541281,5213144575688,72,0,0
rx,285,84,1,1,1787953636075228653,1787953636074591745,5213160036633,0,0,0,0
tx,285,84,1,1,1787953636075241690,1787953636074591745,5213160049948,5213160082355,72,0,0
rx,286,85,1,1,1787953636090561875,1787953636089576505,5213175369892,0,0,0,0
tx,286,85,1,1,1787953636090570468,1787953636089576505,5213175378762,5213175415262,72,0,0
rx,287,86,1,1,1787953636104868542,1787953636104519486,5213189676559,0,0,0,0
tx,287,86,1,1,1787953636104876208,1787953636104519486,5213189684485,5213189717762,72,0,0
rx,288,87,1,1,1787953636120199579,1787953636119518190,5213205007596,0,0,0,0
tx,288,87,1,1,1787953636120207486,1787953636119518190,5213205015744,5213205047633,72,0,0
rx,289,88,1,1,1787953636135492745,1787953636134538468,5213220300744,0,0,0,0
tx,289,88,1,1,1787953636135501968,1787953636134538468,5213220310207,5213220350633,72,0,0
rx,290,89,1,1,1787953636150216005,1787953636149520912,5213235024022,0,0,0,0
tx,290,89,1,1,1787953636150224023,1787953636149520912,5213235032355,5213235069522,72,0,0
rx,291,90,1,1,1787953636165461116,1787953636164523505,5213250269151,0,0,0,0
tx,291,90,1,1,1787953636165468801,1787953636164523505,5213250277059,5213250308096,72,0,0
rx,292,91,1,1,1787953636179914801,1787953636179529523,5213264722836,0,0,0,0
tx,292,91,1,1,1787953636179926986,1787953636179529523,5213264735207,5213264770170,72,0,0
rx,293,92,1,1,1787953636195154338,1787953636194535486,5213279962355,0,0,0,0
tx,293,92,1,1,1787953636195162079,1787953636194535486,5213279970318,5213280032188,72,0,0
rx,294,93,1,1,1787953636210399375,1787953636209518727,5213295207392,0,0,0,0
tx,294,93,1,1,1787953636210406838,1787953636209518727,5213295215059,5213295242966,72,0,0
rx,295,94,1,1,1787953636224664431,1787953636224517208,5213309472447,0,0,0,0
tx,295,94,1,1,1787953636224671412,1787953636224517208,5213309479651,5213309507966,72,0,0
rx,296,95,1,1,1787953636239986486,1787953636239536523,5213324794484,0,0,0,0
tx,296,95,1,1,1787953636239995431,1787953636239536523,5213324803688,5213324846355,72,0,0
rx,297,96,1,1,1787953636255311671,1787953636254528708,5213340119688,0,0,0,0
tx,297,96,1,1,1787953636255320412,1787953636254528708,5213340128670,5213340165096,72,0,0
rx,298,97,1,1,1787953636269699912,1787953636269534671,5213354507929,0,0,0,0
tx,298,97,1,1,1787953636269708690,1787953636269534671,5213354516947,5213354548077,72,0,0
rx,299,98,1,1,1787953636285072523,1787953636284535838,5213369880540,0,0,0,0
tx,299,98,1,1,1787953636285082690,1787953636284535838,5213369890947,5213369930725,72,0,0
rx,300,99,1,1,1787953636300333745,1787953636299540727,5213385141744,0,0,0,0
tx,300,99,1,1,1787953636300345468,1787953636299540727,5213385153725,5213385185410,72,0,0
rx,301,100,1,1,1787953636314698856,1787953636314514393,5213399506855,0,0,0,0
tx,301,100,1,1,1787953636314706856,1787953636314514393,5213399515373,5213399544892,72,0,0
rx,302,101,1,1,1787953636329969468,1787953636329509653,5213414777484,0,0,0,0
tx,302,101,1,1,1787953636329977727,1787953636329509653,5213414785966,5213414817299,72,0,0
rx,303,102,1,1,1787953636345412782,1787953636344526208,5213430220781,0,0,0,0
tx,303,102,1,1,1787953636345421671,1787953636344526208,5213430229929,5213430267040,72,0,0
rx,304,103,1,1,1787953636359737356,1787953636359533208,5213444545355,0,0,0,0
tx,304,103,1,1,1787953636359746023,1787953636359533208,5213444554299,5213444591503,72,0,0
rx,305,104,1,1,1787953636375016356,1787953636374512745,5213459824373,0,0,0,0
tx,305,104,1,1,1787953636375024634,1787953636374512745,5213459832892,5213459865133,72,0,0
rx,306,105,1,1,1787953636390375745,1787953636389528023,5213475183744,0,0,0,0
tx,306,105,1,1,1787953636390384653,1787953636389528023,5213475192929,5213475229133,72,0,0
rx,307,106,1,1,1787953636404885042,1787953636404539912,5213489693040,0,0,0,0
tx,307,106,1,1,1787953636404896653,1787953636404539912,5213489704910,5213489734281,72,0,0
rx,308,107,1,1,1787953636420168449,1787953636419548060,5213504976466,0,0,0,0
tx,308,107,1,1,1787953636420176393,1787953636419548060,5213504984670,5213505013614,72,0,0
rx,309,108,1,1,1787953636435452801,1787953636434536338,5213520260818,0,0,0,0
tx,309,108,1,1,1787953636435461430,1787953636434536338,5213520269707,5213520308984,72,0,0
rx,310,109,1,1,1787953636449704393,1787953636449519171,5213534512392,0,0,0,0
tx,310,109,1,1,1787953636449712542,1787953636449519171,5213534520818,5213534551355,72,0,0
rx,311,110,1,1,1787953636465016079,1787953636464520653,5213549824077,0,0,0,0
tx,311,110,1,1,1787953636465024542,1787953636464520653,5213549832799,5213549866633,72,0,0
rx,312,111,1,1,1787953636480465171,1787953636479532893,5213565273170,0,0,0,0
tx,312,111,1,1,1787953636480473875,1787953636479532893,5213565282244,5213565320392,72,0,0
rx,313,112,1,1,1787953636494696338,1787953636494519875,5213579504355,0,0,0,0
tx,313,112,1,1,1787953636494704875,1787953636494519875,5213579513132,5213579545355,72,0,0
rx,314,113,1,1,1787953636509974356,1787953636509515245,5213594782355,0,0,0,0
tx,314,113,1,1,1787953636509985301,1787953636509515245,5213594793558,5213594824484,72,0,0
rx,315,114,1,1,1787953636525237023,1787953636524515171,5213610045040,0,0,0,0
tx,315,114,1,1,1787953636525244801,1787953636524515171,5213610053040,5213610083670,72,0,0
rx,316,115,1,1,1787953636539751838,1787953636539548949,5213624559855,0,0,0,0
tx,316,115,1,1,1787953636539760504,1787953636539548949,5213624568744,5213624609447,72,0,0
rx,317,116,1,1,1787953636555063653,1787953636554535560,5213639871651,0,0,0,0
tx,317,116,1,1,1787953636555071727,1787953636554535560,5213639879984,5213639917003,72,0,0
rx,318,117,1,1,1787953636570301801,1787953636569511819,5213655109818,0,0,0,0
tx,318,117,1,1,1787953636570309949,1787953636569511819,5213655118207,5213655150281,72,0,0
rx,319,118,1,1,1787953636584760208,1787953636584547449,5213669568207,0,0,0,0
tx,319,118,1,1,1787953636584769023,1787953636584547449,5213669577392,5213669615873,72,0,0
rx,320,119,1,1,1787953636600069041,1787953636599515245,5213684877040,0,0,0,0
tx,320,119,1,1,1787953636600077467,1787953636599515245,5213684885725,5213684917077,72,0,0
rx,321,120,1,1,1787953636615389227,1787953636614513412,5213700197244,0,0,0,0
tx,321,120,1,1,1787953636615397356,1787953636614513412,5213700205614,5213700236521,72,0,0
rx,322,121,1,1,1787953636629758171,1787953636629519634,5213714566169,0,0,0,0
tx,322,121,1,1,1787953636629766467,1787953636629519634,5213714574744,5213714605021,72,0,0
rx,323,122,1,1,1787953636645057449,1787953636644527041,5213729865447,0,0,0,0
tx,323,122,1,1,1787953636645066449,1787953636644527041,5213729874688,5213729910410,72,0,0
rx,324,123,1,1,1787953636660400578,1787953636659528486,5213745208577,0,0,0,0
tx,324,123,1,1,1787953636660409319,1787953636659528486,5213745217577,5213745253744,72,0,0
rx,325,124,1,1,1787953636674698782,1787953636674514301,5213759506781,0,0,0,0
tx,325,124,1,1,1787953636674706949,1787953636674514301,5213759515206,5213759547725,72,0,0
rx,326,125,1,1,1787953636690023264,1787953636689527282,5213774831262,0,0,0,0
tx,326,125,1,1,1787953636690032356,1787953636689527282,5213774840595,5213774876614,72,0,0
rx,327,126,1,1,1787953636705348412,1787953636704512153,5213790156410,0,0,0,0
tx,327,126,1,1,1787953636705356597,1787953636704512153,5213790164855,5213790197836,72,0,0
rx,328,127,1,1,1787953636719737486,1787953636719514801,5213804545484,0,0,0,0
tx,328,127,1,1,1787953636719745634,1787953636719514801,5213804553892,5213804584040,72,0,0
rx,329,128,1,1,1787953636735018134,1787953636734535375,5213819826132,0,0,0,0
tx,329,128,1,1,1787953636735030356,1787953636734535375,5213819838614,5213819873725,72,0,0
rx,330,129,1,1,1787953636750422819,1787953636749529856,5213835230818,0,0,0,0
tx,330,129,1,1,1787953636750430930,1787953636749529856,5213835239206,5213835270095,72,0,0
rx,331,130,1,1,1787953636764721486,1787953636764528208,5213849529503,0,0,0,0
tx,331,130,1,1,1787953636764730171,1787953636764528208,5213849538447,5213849572077,72,0,0
rx,332,131,1,1,1787953636780064523,1787953636779538227,5213864872521,0,0,0,0
tx,332,131,1,1,1787953636780073652,1787953636779538227,5213864881929,5213864922521,72,0,0
rx,333,132,1,1,1787953636795433634,1787953636794517041,5213880241632,0,0,0,0
tx,333,132,1,1,1787953636795442467,1787953636794517041,5213880250725,5213880281929,72,0,0
rx,334,133,1,1,1787953636809700115,1787953636809517041,5213894508114,0,0,0,0
tx,334,133,1,1,1787953636809708282,1787953636809517041,5213894516780,5213894548262,72,0,0
rx,335,134,1,1,1787953636825018819,1787953636824517578,5213909826836,0,0,0,0
tx,335,134,1,1,1787953636825026560,1787953636824517578,5213909834836,5213909865484,72,0,0
rx,336,135,1,1,1787953636840343541,1787953636839568097,5213925151540,0,0,0,0
tx,336,135,1,1,1787953636840355819,1787953636839568097,5213925164077,5213925202984,72,0,0
rx,337,136,1,1,1787953636854873893,1787953636854555264,5213939681873,0,0,0,0
tx,337,136,1,1,1787953636854884801,1787953636854555264,5213939693058,5213939728558,72,0,0
rx,338,137,1,1,1787953636870361393,1787953636869540764,5213955169392,0,0,0,0
tx,338,137,1,1,1787953636870370523,1787953636869540764,5213955178780,5213955220188,72,0,0
rx,339,138,1,1,1787953636884777597,1787953636884549782,5213969585614,0,0,0,0
tx,339,138,1,1,1787953636884786634,1787953636884549782,5213969594910,5213969635632,72,0,0
rx,340,139,1,1,1787953636900130578,1787953636899513967,5213984938595,0,0,0,0
tx,340,139,1,1,1787953636900138949,1787953636899513967,5213984947206,5213984978225,72,0,0
rx,341,140,1,1,1787953636915444893,1787953636914511282,5214000252854,0,0,0,0
tx,341,140,1,1,1787953636915452949,1787953636914511282,5214000261206,5214000291632,72,0,0
rx,342,141,1,1,1787953636929810578,1787953636929559615,5214014618577,0,0,0,0
tx,342,141,1,1,1787953636929820967,1787953636929559615,5214014629225,5214014672873,72,0,0
rx,343,142,1,1,1787953636945145782,1787953636944528949,5214029953780,0,0,0,0
tx,343,142,1,1,1787953636945154486,1787953636944528949,5214029962762,5214029997614,72,0,0
rx,344,143,1,1,1787953636959782041,1787953636959557801,5214044590040,0,0,0,0
tx,344,143,1,1,1787953636959790856,1787953636959557801,5214044599280,5214044680225,72,0,0
rx,345,144,1,1,1787953636975133967,1787953636974513893,5214059941984,0,0,0,0
tx,345,144,1,1,1787953636975142486,1787953636974513893,5214059950743,5214059980891,72,0,0
rx,346,145,1,1,1787953636990488393,1787953636989528949,5214075296391,0,0,0,0
tx,346,145,1,1,1787953636990497152,1787953636989528949,5214075305410,5214075342688,72,0,0
rx,347,146,1,1,1787953637004780078,1787953637004518115,5214089588095,0,0,0,0
tx,347,146,1,1,1787953637004788800,1787953637004518115,5214089597058,5214089629262,72,0,0
rx,348,147,1,1,1787953637020069282,1787953637019511115,5214104877280,0,0,0,0
tx,348,147,1,1,1787953637020077393,1787953637019511115,5214104885669,5214104916669,72,0,0
rx,349,148,1,1,1787953637035475356,1787953637034520856,5214120283373,0,0,0,0
tx,349,148,1,1,1787953637035483930,1787953637034520856,5214120292206,5214120328114,72,0,0
rx,350,149,1,1,1787953637049830282,1787953637049516134,5214134638280,0,0,0,0
tx,350,149,1,1,1787953637049838671,1787953637049516134,5214134646910,5214134677688,72,0,0
rx,351,150,1,1,1787953637065109615,1787953637064532134,5214149917614,0,0,0,0
tx,351,150,1,1,1787953637065120930,1787953637064532134,5214149929169,5214149962058,72,0,0
rx,352,151,1,1,1787953637080443319,1787953637079515430,5214165251336,0,0,0,0
tx,352,151,1,1,1787953637080451504,1787953637079515430,5214165259743,5214165289614,72,0,0
rx,353,152,1,1,1787953637094769745,1787953637094530930,5214179577743,0,0,0,0
tx,353,152,1,1,1787953637094778282,1787953637094530930,5214179586540,5214179624743,72,0,0
rx,354,153,1,1,1787953637110132597,1787953637109517245,5214194940614,0,0,0,0
tx,354,153,1,1,1787953637110140800,1787953637109517245,5214194949058,5214194980058,72,0,0
rx,355,154,1,1,1787953637125506412,1787953637124508874,5214210314428,0,0,0,0
tx,355,154,1,1,1787953637125514504,1787953637124508874,5214210322762,5214210353317,72,0,0
rx,356,155,1,1,1787953637139728319,1787953637139523856,5214224536336,0,0,0,0
tx,356,155,1,1,1787953637139737300,1787953637139523856,5214224545577,5214224583132,72,0,0
rx,357,156,1,1,1787953637155114430,1787953637154540763,5214239922447,0,0,0,0
tx,357,156,1,1,1787953637155123171,1787953637154540763,5214239931540,5214239970817,72,0,0
rx,358,157,1,1,1787953637170562115,1787953637169538411,5214255370114,0,0,0,0
tx,358,157,1,1,1787953637170570245,1787953637169538411,5214255378521,5214255409632,72,0,0
rx,359,158,1,1,1787953637184813411,1787953637184545134,5214269621410,0,0,0,0
tx,359,158,1,1,1787953637184822541,1787953637184545134,5214269630799,5214269666077,72,0,0
rx,360,159,1,1,1787953637200173152,1787953637199519134,5214284981151,0,0,0,0
tx,360,159,1,1,1787953637200181226,1787953637199519134,5214284989502,5214285022354,72,0,0
rx,361,160,1,1,1787953637215459152,1787953637214510467,5214300267151,0,0,0,0
tx,361,160,1,1,1787953637215467282,1787953637214510467,5214300275577,5214300306762,72,0,0
rx,362,161,1,1,1787953637229771930,1787953637229533671,5214314579928,0,0,0,0
tx,362,161,1,1,1787953637229781282,1787953637229533671,5214314589539,5214314628651,72,0,0
rx,363,162,1,1,1787953637245185060,1787953637244515671,5214329993058,0,0,0,0
tx,363,162,1,1,1787953637245193171,1787953637244515671,5214330001428,5214330031762,72,0,0
rx,364,163,1,1,1787953637260495337,1787953637259518893,5214345303336,0,0,0,0
tx,364,163,1,1,1787953637260504486,1787953637259518893,5214345312743,5214345348521,72,0,0
rx,365,164,1,1,1787953637274768467,1787953637274538948,5214359576484,0,0,0,0
tx,365,164,1,1,1787953637274782060,1787953637274538948,5214359590502,5214359628039,72,0,0
rx,366,165,1,1,1787953637290078597,1787953637289525485,5214374886595,0,0,0,0
tx,366,165,1,1,1787953637290086745,1787953637289525485,5214374895021,5214374928169,72,0,0
rx,367,166,1,1,1787953637305342263,1787953637304522726,5214390150280,0,0,0,0
tx,367,166,1,1,1787953637305350541,1787953637304522726,5214390158780,5214390188502,72,0,0
rx,368,167,1,1,1787953637319696467,1787953637319526967,5214404504465,0,0,0,0
tx,368,167,1,1,1787953637319704911,1787953637319526967,5214404513169,5214404544502,72,0,0
rx,369,168,1,1,1787953637334988634,1787953637334529023,5214419796651,0,0,0,0
tx,369,168,1,1,1787953637334997504,1787953637334529023,5214419805780,5214419840428,72,0,0
rx,370,169,1,1,1787953637350342097,1787953637349512411,5214435150113,0,0,0,0
tx,370,169,1,1,1787953637350350171,1787953637349512411,5214435158428,5214435190021,72,0,0
rx,371,170,1,1,1787953637364731374,1787953637364547597,5214449539391,0,0,0,0
tx,371,170,1,1,1787953637364740134,1787953637364547597,5214449548391,5214449585002,72,0,0
rx,372,171,1,1,1787953637380049985,1787953637379591245,5214464857984,0,0,0,0
tx,372,171,1,1,1787953637380060004,1787953637379591245,5214464868243,5214464908484,72,0,0
rx,373,172,1,1,1787953637395369726,1787953637394537374,5214480177725,0,0,0,0
tx,373,172,1,1,1787953637395381374,1787953637394537374,5214480189613,5214480222947,72,0,0
rx,374,173,1,1,1787953637409701763,1787953637409531134,5214494509762,0,0,0,0
tx,374,173,1,1,1787953637409709800,1787953637409531134,5214494518058,5214494548187,72,0,0
rx,375,174,1,1,1787953637425112041,1787953637424508189,5214509920058,0,0,0,0
tx,375,174,1,1,1787953637425119948,1787953637424508189,5214509928187,5214509959447,72,0,0
rx,376,175,1,1,1787953637440407467,1787953637439523522,5214525215465,0,0,0,0
tx,376,175,1,1,1787953637440416263,1787953637439523522,5214525224521,5214525262039,72,0,0
rx,377,176,1,1,1787953637454734263,1787953637454534134,5214539542262,0,0,0,0
tx,377,176,1,1,1787953637454743208,1787953637454534134,5214539551465,5214539589632,72,0,0
rx,378,177,1,1,1787953637470095726,1787953637469520467,5214554903706,0,0,0,0
tx,378,177,1,1,1787953637470103578,1787953637469520467,5214554911836,5214554945299,72,0,0
rx,379,178,1,1,1787953637485596578,1787953637484527726,5214570404558,0,0,0,0
tx,379,178,1,1,1787953637485604985,1787953637484527726,5214570413224,5214570449243,72,0,0
rx,380,179,1,1,1787953637499722096,1787953637499569263,5214584530076,0,0,0,0
tx,380,179,1,1,1787953637499733171,1787953637499569263,5214584541428,5214584570076,72,0,0
rx,381,180,1,1,1787953637514945782,1787953637514549745,5214599753799,0,0,0,0
tx,381,180,1,1,1787953637514953134,1787953637514549745,5214599761391,5214599787984,72,0,0
rx,382,181,1,1,1787953637530206504,1787953637529542041,5214615014465,0,0,0,0
tx,382,181,1,1,1787953637530215226,1787953637529542041,5214615023465,5214615064076,72,0,0
rx,383,182,1,1,1787953637545457115,1787953637544522967,5214630265095,0,0,0,0
tx,383,182,1,1,1787953637545464985,1787953637544522967,5214630273224,5214630302373,72,0,0
rx,384,183,1,1,1787953637559608208,1787953637559525448,5214644416206,0,0,0,0
tx,384,183,1,1,1787953637559616671,1787953637559525448,5214644424928,5214644456484,72,0,0
rx,385,184,1,1,1787953637574591671,1787953637574536745,5214659399669,0,0,0,0
tx,385,184,1,1,1787953637574599985,1787953637574536745,5214659408243,5214659444854,72,0,0
rx,386,185,1,1,1787953637589796096,1787953637589519467,5214674604095,0,0,0,0
tx,386,185,1,1,1787953637589803819,1787953637589519467,5214674612169,5214674639873,72,0,0
rx,387,186,1,1,1787953637604957689,1787953637604514411,5214689765687,0,0,0,0
tx,387,186,1,1,1787953637604967856,1787953637604514411,5214689776132,5214689802817,72,0,0
rx,388,187,1,1,1787953637620202096,1787953637619541689,5214705010076,0,0,0,0
tx,388,187,1,1,1787953637620212874,1787953637619541689,5214705021113,5214705048150,72,0,0
rx,389,188,1,1,1787953637635493300,1787953637634549004,5214720301243,0,0,0,0
tx,389,188,1,1,1787953637635502319,1787953637634549004,5214720310706,5214720347336,72,0,0
rx,390,189,1,1,1787953637649641985,1787953637649526670,5214734449984,0,0,0,0
tx,390,189,1,1,1787953637649649948,1787953637649526670,5214734458187,5214734493224,72,0,0
rx,391,190,1,1,1787953637664873559,1787953637664527559,5214749681539,0,0,0,0
tx,391,190,1,1,1787953637664881800,1787953637664527559,5214749690039,5214749721002,72,0,0
rx,392,191,1,1,1787953637680327096,1787953637679539967,5214765135039,0,0,0,0
tx,392,191,1,1,1787953637680335837,1787953637679539967,5214765144095,5214765183706,72,0,0
rx,393,192,1,1,1787953637695544170,1787953637694519022,5214780352169,0,0,0,0
tx,393,192,1,1,1787953637695552152,1787953637694519022,5214780360410,5214780389224,72,0,0
rx,394,193,1,1,1787953637709716615,1787953637709515041,5214794524632,0,0,0,0
tx,394,193,1,1,1787953637709727078,1787953637709515041,5214794535317,5214794562317,72,0,0
rx,395,194,1,1,1787953637725039244,1787953637724526004,5214809847243,0,0,0,0
tx,395,194,1,1,1787953637725050744,1787953637724526004,5214809858984,5214809891521,72,0,0
rx,396,195,1,1,1787953637740340615,1787953637739529133,5214825148632,0,0,0,0
tx,396,195,1,1,1787953637740349541,1787953637739529133,5214825157798,5214825201910,72,0,0
rx,397,196,1,1,1787953637754696133,1787953637754530319,5214839504132,0,0,0,0
tx,397,196,1,1,1787953637754704244,1787953637754530319,5214839512484,5214839543632,72,0,0
rx,398,197,1,1,1787953637769999059,1787953637769517670,5214854807076,0,0,0,0
tx,398,197,1,1,1787953637770007893,1787953637769517670,5214854816169,5214854849947,72,0,0
rx,399,198,1,1,1787953637785310411,1787953637784528652,5214870118409,0,0,0,0
tx,399,198,1,1,1787953637785319041,1787953637784528652,5214870127298,5214870164298,72,0,0
rx,400,199,1,1,1787953637799694559,1787953637799517263,5214884502558,0,0,0,0
tx,400,199,1,1,1787953637799703115,1787953637799517263,5214884511372,5214884542891,72,0,0
rx,401,200,1,1,1787953637814959726,1787953637814515800,5214899767743,0,0,0,0
tx,401,200,1,1,1787953637814967763,1787953637814515800,5214899776021,5214899806521,72,0,0
rx,402,0,1,1,1787953637830300078,1787953637829538726,5214915108076,0,0,0,0
tx,402,0,1,1,1787953637830312430,1787953637829538726,5214915120687,5214915156187,72,0,0
rx,403,1,1,1,1787953637844743596,1787953637844529485,5214929551595,0,0,0,0
tx,403,1,1,1,1787953637844752022,1787953637844529485,5214929560521,5214929591113,72,0,0
rx,404,2,1,1,1787953637860050893,1787953637859579133,5214944858891,0,0,0,0
tx,404,2,1,1,1787953637860059948,1787953637859579133,5214944868243,5214944915058,72,0,0
rx,405,3,1,1,1787953637875372356,1787953637874550615,5214960180372,0,0,0,0
tx,405,3,1,1,1787953637875381411,1787953637874550615,5214960189650,5214960232298,72,0,0
rx,406,4,1,1,1787953637889709763,1787953637889523837,5214974517780,0,0,0,0
tx,406,4,1,1,1787953637889717911,1787953637889523837,5214974526187,5214974560039,72,0,0
rx,407,5,1,1,1787953637905060170,1787953637904512818,5214989868187,0,0,0,0
tx,407,5,1,1,1787953637905068337,1787953637904512818,5214989876595,5214989908280,72,0,0
rx,408,6,1,1,1787953637920345374,1787953637919515689,5215005153335,0,0,0,0
tx,408,6,1,1,1787953637920353559,1787953637919515689,5215005161835,5215005192224,72,0,0
rx,409,7,1,1,1787953637934749096,1787953637934499281,5215019557095,0,0,0,0
tx,409,7,1,1,1787953637934760874,1787953637934499281,5215019569132,5215019605409,72,0,0
rx,410,8,1,1,1787953637950072837,1787953637949531596,5215034880835,0,0,0,0
tx,410,8,1,1,1787953637950080633,1787953637949531596,5215034888965,5215034918761,72,0,0
rx,411,9,1,1,1787953637964709300,1787953637964537541,5215049517317,0,0,0,0
tx,411,9,1,1,1787953637964718207,1787953637964537541,5215049526706,5215049561743,72,0,0
rx,412,10,1,1,1787953637980012096,1787953637979556485,5215064820113,0,0,0,0
tx,412,10,1,1,1787953637980021448,1787953637979556485,5215064829687,5215064873872,72,0,0
rx,413,11,1,1,1787953637995324948,1787953637994517004,5215080132965,0,0,0,0
tx,413,11,1,1,1787953637995333392,1787953637994517004,5215080141669,5215080175020,72,0,0
rx,414,12,1,1,1787953638009688226,1787953638009529337,5215094496224,0,0,0,0
tx,414,12,1,1,1787953638009696411,1787953638009529337,5215094504724,5215094536354,72,0,0
rx,415,13,1,1,1787953638025051744,1787953638024530485,5215109859743,0,0,0,0
tx,415,13,1,1,1787953638025061244,1787953638024530485,5215109869483,5215109908206,72,0,0
rx,416,14,1,1,1787953638040340078,1787953638039518615,5215125148095,0,0,0,0
tx,416,14,1,1,1787953638040348318,1787953638039518615,5215125156576,5215125188687,72,0,0
rx,417,15,1,1,1787953638054748929,1787953638054524837,5215139556928,0,0,0,0
tx,417,15,1,1,1787953638054757133,1787953638054524837,5215139565391,5215139598317,72,0,0
rx,418,16,1,1,1787953638070090948,1787953638069530929,5215154898965,0,0,0,0
tx,418,16,1,1,1787953638070099485,1787953638069530929,5215154907761,5215154943039,72,0,0
rx,419,17,1,1,1787953638085392392,1787953638084531670,5215170200409,0,0,0,0
tx,419,17,1,1,1787953638085401281,1787953638084531670,5215170209539,5215170247187,72,0,0
rx,420,18,1,1,1787953638099621615,1787953638099518429,5215184429557,0,0,0,0
tx,420,18,1,1,1787953638099629929,1787953638099518429,5215184438169,5215184474206,72,0,0
rx,421,19,1,1,1787953638114860300,1787953638114514781,5215199668298,0,0,0,0
tx,421,19,1,1,1787953638114868041,1787953638114514781,5215199676298,5215199703428,72,0,0
rx,422,20,1,1,1787953638129587466,1787953638129533855,5215214395446,0,0,0,0
tx,422,20,1,1,1787953638129596466,1787953638129533855,5215214404724,5215214440983,72,0,0
rx,423,21,1,1,1787953638144855448,1787953638144520504,5215229663428,0,0,0,0
tx,423,21,1,1,1787953638144863392,1787953638144520504,5215229671632,5215229698650,72,0,0
rx,424,22,1,1,1787953638160103374,1787953638159550726,5215244911372,0,0,0,0
tx,424,22,1,1,1787953638160115152,1787953638159550726,5215244923446,5215244957354,72,0,0
rx,425,23,1,1,1787953638174657652,1787953638174590337,5215259465557,0,0,0,0
tx,425,23,1,1,1787953638174666133,1787953638174590337,5215259474372,5215259510428,72,0,0
rx,426,24,1,1,1787953638189888096,1787953638189514985,5215274696076,0,0,0,0
tx,426,24,1,1,1787953638189895503,1787953638189514985,5215274703761,5215274733094,72,0,0
rx,427,25,1,1,1787953638205108374,1787953638204516281,5215289916372,0,0,0,0
tx,427,25,1,1,1787953638205115466,1787953638204516281,5215289923724,5215289950928,72,0,0
rx,428,26,1,1,1787953638220345670,1787953638219510189,5215305153668,0,0,0,0
tx,428,26,1,1,1787953638220353540,1787953638219510189,5215305161780,5215305189835,72,0,0
rx,429,27,1,1,1787953638235543429,1787953638234526892,5215320351428,0,0,0,0
tx,429,27,1,1,1787953638235552429,1787953638234526892,5215320360798,5215320395817,72,0,0
rx,430,28,1,1,1787953638249765411,1787953638249520448,5215334573391,0,0,0,0
tx,430,28,1,1,1787953638249772929,1787953638249520448,5215334581261,5215334610446,72,0,0
rx,431,29,1,1,1787953638264991633,1787953638264521652,5215349799631,0,0,0,0
tx,431,29,1,1,1787953638265002633,1787953638264521652,5215349810872,5215349840668,72,0,0
rx,432,30,1,1,1787953638280400633,1787953638279556466,5215365208631,0,0,0,0
tx,432,30,1,1,1787953638280413133,1787953638279556466,5215365221576,5215365256872,72,0,0
rx,433,31,1,1,1787953638294545577,1787953638294514226,5215379353557,0,0,0,0
tx,433,31,1,1,1787953638294553281,1787953638294514226,5215379361631,5215379388909,72,0,0
rx,434,32,1,1,1787953638309749448,1787953638309511726,5215394557465,0,0,0,0
tx,434,32,1,1,1787953638309757040,1787953638309511726,5215394565372,5215394592335,72,0,0
rx,435,33,1,1,1787953638325008596,1787953638324537115,5215409816594,0,0,0,0
tx,435,33,1,1,1787953638325017244,1787953638324537115,5215409825502,5215409862650,72,0,0
rx,436,34,1,1,1787953638340227781,1787953638339518689,5215425035761,0,0,0,0
tx,436,34,1,1,1787953638340235596,1787953638339518689,5215425043854,5215425072168,72,0,0
rx,437,35,1,1,1787953638355454818,1787953638354515596,5215440262817,0,0,0,0
tx,437,35,1,1,1787953638355462559,1787953638354515596,5215440270817,5215440298854,72,0,0
rx,438,36,1,1,1787953638370587577,1787953638369548726,5215455395594,0,0,0,0
tx,438,36,1,1,1787953638370601411,1787953638369548726,5215455409742,5215455448724,72,0,0
rx,439,37,1,1,1787953638384726226,1787953638384537559,5215469534205,0,0,0,0
tx,439,37,1,1,1787953638384734355,1787953638384537559,5215469542613,5215469575780,72,0,0
rx,440,38,1,1,1787953638399951318,1787953638399515800,5215484759335,0,0,0,0
tx,440,38,1,1,1787953638399958503,1787953638399515800,5215484766742,5215484793298,72,0,0
rx,441,39,1,1,1787953638415165559,1787953638414512726,5215499973557,0,0,0,0
tx,441,39,1,1,1787953638415173151,1787953638414512726,5215499981409,5215500037094,72,0,0
rx,442,40,1,1,1787953638430424189,1787953638429531059,5215515232094,0,0,0,0
tx,442,40,1,1,1787953638430432726,1787953638429531059,5215515240983,5215515274168,72,0,0
rx,443,41,1,1,1787953638444577096,1787953638444517614,5215529385076,0,0,0,0
tx,443,41,1,1,1787953638444584596,1787953638444517614,5215529392835,5215529420317,72,0,0
rx,444,42,1,1,1787953638459801207,1787953638459523911,5215544609224,0,0,0,0
tx,444,42,1,1,1787953638459809133,1787953638459523911,5215544617483,5215544648483,72,0,0
rx,445,43,1,1,1787953638475034337,1787953638474540022,5215559842354,0,0,0,0
tx,445,43,1,1,1787953638475042651,1787953638474540022,5215559851002,5215559884557,72,0,0
rx,446,44,1,1,1787953638490311948,1787953638489530688,5215575119928,0,0,0,0
tx,446,44,1,1,1787953638490323540,1787953638489530688,5215575131798,5215575166391,72,0,0
rx,447,45,1,1,1787953638505582781,1787953638504516540,5215590390798,0,0,0,0
tx,447,45,1,1,1787953638505590077,1787953638504516540,5215590398335,5215590426965,72,0,0
rx,448,46,1,1,1787953638519722281,1787953638519511466,5215604530298,0,0,0,0
tx,448,46,1,1,1787953638519729670,1787953638519511466,5215604537928,5215604565891,72,0,0
rx,449,47,1,1,1787953638535029318,1787953638534524800,5215619837298,0,0,0,0
tx,449,47,1,1,1787953638535038411,1787953638534524800,5215619846668,5215619884853,72,0,0
rx,450,48,1,1,1787953638550323633,1787953638549514374,5215635131631,0,0,0,0
tx,450,48,1,1,1787953638550331263,1787953638549514374,5215635139520,5215635170761,72,0,0
rx,451,49,1,1,1787953638565607577,1787953638564523170,5215650415576,0,0,0,0
tx,451,49,1,1,1787953638565615929,1787953638564523170,5215650424261,5215650457742,72,0,0
rx,452,50,1,1,1787953638579820300,1787953638579536114,5215664628298,0,0,0,0
tx,452,50,1,1,1787953638579828948,1787953638579536114,5215664637224,5215664671353,72,0,0
rx,453,51,1,1,1787953638595085744,1787953638594516059,5215679893742,0,0,0,0
tx,453,51,1,1,1787953638595096614,1787953638594516059,5215679904853,5215679933298,72,0,0
rx,454,52,1,1,1787953638610341374,1787953638609525244,5215695149353,0,0,0,0
tx,454,52,1,1,1787953638610349485,1787953638609525244,5215695157724,5215695186779,72,0,0
rx,455,53,1,1,1787953638625625522,1787953638624543688,5215710433428,0,0,0,0
tx,455,53,1,1,1787953638625634911,1787953638624543688,5215710443168,5215710479428,72,0,0
rx,456,54,1,1,1787953638639831411,1787953638639523170,5215724639316,0,0,0,0
tx,456,54,1,1,1787953638639839281,1787953638639523170,5215724647520,5215724680576,72,0,0
rx,457,55,1,1,1787953638655259262,1787953638654522707,5215740067279,0,0,0,0
tx,457,55,1,1,1787953638655267948,1787953638654522707,5215740076187,5215740109687,72,0,0
rx,458,56,1,1,1787953638670563577,1787953638669558707,5215755371353,0,0,0,0
tx,458,56,1,1,1787953638670572448,1787953638669558707,5215755380705,5215755420039,72,0,0
rx,459,57,1,1,1787953638684769188,1787953638684518818,5215769577168,0,0,0,0
tx,459,57,1,1,1787953638684777114,1787953638684518818,5215769585372,5215769617576,72,0,0
rx,460,58,1,1,1787953638700036059,1787953638699512707,5215784844057,0,0,0,0
tx,460,58,1,1,1787953638700044318,1787953638699512707,5215784852557,5215784883002,72,0,0
rx,461,59,1,1,1787953638715287114,1787953638714521966,5215800095020,0,0,0,0
tx,461,59,1,1,1787953638715298503,1787953638714521966,5215800106761,5215800139057,72,0,0
rx,462,60,1,1,1787953638730555651,1787953638729526781,5215815363650,0,0,0,0
tx,462,60,1,1,1787953638730564096,1787953638729526781,5215815372353,5215815409613,72,0,0
rx,463,61,1,1,1787953638744760911,1787953638744524151,5215829568872,0,0,0,0
tx,463,61,1,1,1787953638744768966,1787953638744524151,5215829577224,5215829607853,72,0,0
rx,464,62,1,1,1787953638760093948,1787953638759531448,5215844901927,0,0,0,0
tx,464,62,1,1,1787953638760102596,1787953638759531448,5215844910835,5215844946613,72,0,0
rx,465,63,1,1,1787953638775477966,1787953638774555688,5215860285964,0,0,0,0
tx,465,63,1,1,1787953638775486392,1787953638774555688,5215860294742,5215860335594,72,0,0
rx,466,64,1,1,1787953638789736133,1787953638789519855,5215874544150,0,0,0,0
tx,466,64,1,1,1787953638789744151,1787953638789519855,5215874552409,5215874583390,72,0,0
rx,467,65,1,1,1787953638805003836,1787953638804514188,5215889811835,0,0,0,0
tx,467,65,1,1,1787953638805011781,1787953638804514188,5215889820020,5215889849279,72,0,0
rx,468,66,1,1,1787953638820255836,1787953638819537725,5215905063724,0,0,0,0
tx,468,66,1,1,1787953638820267873,1787953638819537725,5215905076131,5215905111964,72,0,0
rx,469,67,1,1,1787953638835596133,1787953638834528707,5215920404150,0,0,0,0
tx,469,67,1,1,1787953638835604170,1787953638834528707,5215920412427,5215920445390,72,0,0
rx,470,68,1,1,1787953638849826040,1787953638849516392,5215934634038,0,0,0,0
tx,470,68,1,1,1787953638849833929,1787953638849516392,5215934642187,5215934672890,72,0,0
rx,471,69,1,1,1787953638865184170,1787953638864545410,5215949992168,0,0,0,0
tx,471,69,1,1,1787953638865193151,1787953638864545410,5215950001501,5215950041335,72,0,0
rx,472,70,1,1,1787953638880604781,1787953638879534799,5215965412779,0,0,0,0
tx,472,70,1,1,1787953638880613373,1787953638879534799,5215965421631,5215965459390,72,0,0
rx,473,71,1,1,1787953638894811244,1787953638894521114,5215979619242,0,0,0,0
tx,473,71,1,1,1787953638894819244,1787953638894521114,5215979627483,5215979660094,72,0,0
rx,474,72,1,1,1787953638910122910,1787953638909514651,5215994930909,0,0,0,0
tx,474,72,1,1,1787953638910130651,1787953638909514651,5215994938909,5215994968872,72,0,0
rx,475,73,1,1,1787953638925391651,1787953638924601836,5216010199650,0,0,0,0
tx,475,73,1,1,1787953638925403781,1787953638924601836,5216010212020,5216010247798,72,0,0
rx,476,74,1,1,1787953638939578022,1787953638939533133,5216024386001,0,0,0,0
tx,476,74,1,1,1787953638939585299,1787953638939533133,5216024393557,5216024423131,72,0,0
rx,477,75,1,1,1787953638954840614,1787953638954518503,5216039648594,0,0,0,0
tx,477,75,1,1,1787953638954848485,1787953638954518503,5216039656742,5216039687038,72,0,0
rx,478,76,1,1,1787953638970227207,1787953638969553522,5216055035187,0,0,0,0
tx,478,76,1,1,1787953638970235688,1787953638969553522,5216055043927,5216055084224,72,0,0
rx,479,77,1,1,1787953638985517059,1787953638984521040,5216070325038,0,0,0,0
tx,479,77,1,1,1787953638985524818,1787953638984521040,5216070333075,5216070363742,72,0,0
rx,480,78,1,1,1787953638999765022,1787953638999514096,5216084573038,0,0,0,0
tx,480,78,1,1,1787953638999773003,1787953638999514096,5216084581261,5216084611761,72,0,0
rx,481,79,1,1,1787953639015053429,1787953639014513966,5216099861427,0,0,0,0
tx,481,79,1,1,1787953639015061262,1787953639014513966,5216099869501,5216099899205,72,0,0
rx,482,80,1,1,1787953639030421910,1787953639029538059,5216115229909,0,0,0,0
tx,482,80,1,1,1787953639030430633,1787953639029538059,5216115238890,5216115277353,72,0,0
rx,483,81,1,1,1787953639044652873,1787953639044612707,5216129460816,0,0,0,0
tx,483,81,1,1,1787953639044660984,1787953639044612707,5216129469224,5216129500372,72,0,0
rx,484,82,1,1,1787953639059931707,1787953639059537596,5216144739724,0,0,0,0
tx,484,82,1,1,1787953639059940410,1787953639059537596,5216144748649,5216144785557,72,0,0
rx,485,83,1,1,1787953639075400281,1787953639074551947,5216160208298,0,0,0,0
tx,485,83,1,1,1787953639075409466,1787953639074551947,5216160217705,5216160257131,72,0,0
rx,486,84,1,1,1787953639089743096,1787953639089523910,5216174551112,0,0,0,0
tx,486,84,1,1,1787953639089751484,1787953639089523910,5216174559742,5216174592224,72,0,0
rx,487,85,1,1,1787953639105019707,1787953639104513818,5216189827705,0,0,0,0
tx,487,85,1,1,1787953639105027947,1787953639104513818,5216189836186,5216189866261,72,0,0
rx,488,86,1,1,1787953639120340410,1787953639119545058,5216205148409,0,0,0,0
tx,488,86,1,1,1787953639120349355,1787953639119545058,5216205157594,5216205197205,72,0,0
rx,489,87,1,1,1787953639134550910,1787953639134520447,5216219358890,0,0,0,0
tx,489,87,1,1,1787953639134563151,1787953639134520447,5216219371390,5216219402390,72,0,0
rx,490,88,1,1,1787953639150101892,1787953639149519521,5216234909909,0,0,0,0
tx,490,88,1,1,1787953639150114170,1787953639149519521,5216234922409,5216234954353,72,0,0
rx,491,89,1,1,1787953639165413151,1787953639164542984,5216250221168,0,0,0,0
tx,491,89,1,1,1787953639165422818,1787953639164542984,5216250231075,5216250265316,72,0,0
rx,492,90,1,1,1787953639179804781,1787953639179535855,5216264612779,0,0,0,0
tx,492,90,1,1,1787953639179813947,1787953639179535855,5216264622205,5216264658298,72,0,0
rx,493,91,1,1,1787953639195281929,1787953639194523725,5216280089927,0,0,0,0
tx,493,91,1,1,1787953639195289910,1787953639194523725,5216280098390,5216280130372,72,0,0
rx,494,92,1,1,1787953639209556114,1787953639209517632,5216294364094,0,0,0,0
tx,494,92,1,1,1787953639209563558,1787953639209517632,5216294371798,5216294400779,72,0,0
rx,495,93,1,1,1787953639224852540,1787953639224527558,5216309660557,0,0,0,0
tx,495,93,1,1,1787953639224861336,1787953639224527558,5216309669594,5216309705112,72,0,0
rx,496,94,1,1,1787953639240220651,1787953639239520355,5216325028668,0,0,0,0
tx,496,94,1,1,1787953639240228947,1787953639239520355,5216325037186,5216325069223,72,0,0
rx,497,95,1,1,1787953639255563521,1787953639254582077,5216340371520,0,0,0,0
tx,497,95,1,1,1787953639255571855,1787953639254582077,5216340380112,5216340410242,72,0,0
rx,498,96,1,1,1787953639269859521,1787953639269570855,5216354667538,0,0,0,0
tx,498,96,1,1,1787953639269868244,1787953639269570855,5216354676483,5216354713223,72,0,0
rx,499,97,1,1,1787953639285259058,1787953639284526707,5216370067057,0,0,0,0
tx,499,97,1,1,1787953639285267262,1787953639284526707,5216370075501,5216370107094,72,0,0
rx,500,98,1,1,1787953639300546207,1787953639299515466,5216385354205,0,0,0,0
tx,500,98,1,1,1787953639300554503,1787953639299515466,5216385362760,5216385394279,72,0,0
rx,501,99,1,1,1787953639314758744,1787953639314512392,5216399566760,0,0,0,0
tx,501,99,1,1,1787953639314766725,1787953639314512392,5216399574983,5216399604909,72,0,0
rx,502,100,1,1,1787953639330079447,1787953639329530188,5216414887464,0,0,0,0
tx,502,100,1,1,1787953639330088003,1787953639329530188,5216414896260,5216414931835,72,0,0
rx,503,101,1,1,1787953639345339855,1787953639344553206,5216430147853,0,0,0,0
tx,503,101,1,1,1787953639345347873,1787953639344553206,5216430156112,5216430187594,72,0,0
rx,504,102,1,1,1787953639359564225,1787953639359517947,5216444372168,0,0,0,0
tx,504,102,1,1,1787953639359575799,1787953639359517947,5216444384057,5216444415557,72,0,0
rx,505,103,1,1,1787953639375462836,1787953639374566058,5216460270816,0,0,0,0
tx,505,103,1,1,1787953639375475003,1787953639374566058,5216460283242,5216460320649,72,0,0
rx,506,104,1,1,1787953639389607114,1787953639389521503,5216474415112,0,0,0,0
tx,506,104,1,1,1787953639389615058,1787953639389521503,5216474423297,5216474451853,72,0,0
rx,507,105,1,1,1787953639404843151,1787953639404511392,5216489651149,0,0,0,0
tx,507,105,1,1,1787953639404850577,1787953639404511392,5216489658816,5216489686075,72,0,0
rx,508,106,1,1,1787953639420323114,1787953639419539132,5216505131094,0,0,0,0
tx,508,106,1,1,1787953639420331392,1787953639419539132,5216505139760,5216505178020,72,0,0
rx,509,107,1,1,1787953639435545873,1787953639434522632,5216520353853,0,0,0,0
tx,509,107,1,1,1787953639435553521,1787953639434522632,5216520361779,5216520390779,72,0,0
rx,510,108,1,1,1787953639449671743,1787953639449541558,5216534479760,0,0,0,0
tx,510,108,1,1,1787953639449678781,1787953639449541558,5216534487168,5216534515112,72,0,0
rx,511,109,1,1,1787953639465432855,1787953639464546743,5216550240797,0,0,0,0
tx,511,109,1,1,1787953639465442929,1787953639464546743,5216550251316,5216550289575,72,0,0
rx,512,110,1,1,1787953639480623688,1787953639479549466,5216565431668,0,0,0,0
tx,512,110,1,1,1787953639480634614,1787953639479549466,5216565442853,5216565472001,72,0,0
rx,513,111,1,1,1787953639494797966,1787953639494518595,5216579605983,0,0,0,0
tx,513,111,1,1,1787953639494805966,1787953639494518595,5216579614353,5216579642371,72,0,0
rx,514,112,1,1,1787953639510021521,1787953639509514132,5216594829501,0,0,0,0
tx,514,112,1,1,1787953639510029040,1787953639509514132,5216594837297,5216594864205,72,0,0
rx,515,113,1,1,1787953639524625540,1787953639524527799,5216609433520,0,0,0,0
tx,515,113,1,1,1787953639524634058,1787953639524527799,5216609442501,5216609480186,72,0,0
rx,516,114,1,1,1787953639539878817,1787953639539521410,5216624686816,0,0,0,0
tx,516,114,1,1,1787953639539887132,1787953639539521410,5216624695390,5216624725297,72,0,0
rx,517,115,1,1,1787953639555166725,1787953639554513669,5216639974723,0,0,0,0
tx,517,115,1,1,1787953639555173873,1787953639554513669,5216639982131,5216640033779,72,0,0
rx,518,116,1,1,1787953639569606521,1787953639569537132,5216654414538,0,0,0,0
tx,518,116,1,1,1787953639569615151,1787953639569537132,5216654423557,5216654459483,72,0,0
rx,519,117,1,1,1787953639584800429,1787953639584661558,5216669608408,0,0,0,0
tx,519,117,1,1,1787953639584811466,1787953639584661558,5216669619797,5216669648223,72,0,0
rx,520,118,1,1,1787953639600015836,1787953639599517040,5216684823853,0,0,0,0
tx,520,118,1,1,1787953639600023317,1787953639599517040,5216684831557,5216684858149,72,0,0
rx,521,119,1,1,1787953639615231688,1787953639614510799,5216700039705,0,0,0,0
tx,521,119,1,1,1787953639615239577,1787953639614510799,5216700047853,5216700074390,72,0,0
rx,522,120,1,1,1787953639630466817,1787953639629534688,5216715274705,0,0,0,0
tx,522,120,1,1,1787953639630475095,1787953639629534688,5216715283353,5216715318649,72,0,0
rx,523,121,1,1,1787953639644626725,1787953639644521299,5216729434705,0,0,0,0
tx,523,121,1,1,1787953639644634262,1787953639644521299,5216729442631,5216729474075,72,0,0
rx,524,122,1,1,1787953639659867743,1787953639659519040,5216744675723,0,0,0,0
tx,524,122,1,1,1787953639659874966,1787953639659519040,5216744683223,5216744712242,72,0,0
rx,525,123,1,1,1787953639675357466,1787953639674536743,5216760165482,0,0,0,0
tx,525,123,1,1,1787953639675365429,1787953639674536743,5216760173797,5216760210982,72,0,0
rx,526,124,1,1,1787953639690558706,1787953639689522466,5216775366686,0,0,0,0
tx,526,124,1,1,1787953639690565743,1787953639689522466,5216775374001,5216775400668,72,0,0
rx,527,125,1,1,1787953639704646595,1787953639704514077,5216789454260,0,0,0,0
tx,527,125,1,1,1787953639704653632,1787953639704514077,5216789461871,5216789489445,72,0,0
rx,528,126,1,1,1787953639719907910,1787953639719543391,5216804715890,0,0,0,0
tx,528,126,1,1,1787953639719916688,1787953639719543391,5216804724927,5216804763723,72,0,0
rx,529,127,1,1,1787953639735094910,1787953639734519725,5216819902927,0,0,0,0
tx,529,127,1,1,1787953639735102558,1787953639734519725,5216819910797,5216819940038,72,0,0
rx,530,128,1,1,1787953639750330280,1787953639749513799,5216835138279,0,0,0,0
tx,530,128,1,1,1787953639750337817,1787953639749513799,5216835146075,5216835174686,72,0,0
rx,531,129,1,1,1787953639765479280,1787953639764545688,5216850287297,0,0,0,0
tx,531,129,1,1,1787953639765488484,1787953639764545688,5216850296742,5216850338131,72,0,0
rx,532,130,1,1,1787953639779715225,1787953639779519891,5216864523223,0,0,0,0
tx,532,130,1,1,1787953639779723373,1787953639779519891,5216864531668,5216864564427,72,0,0
rx,533,131,1,1,1787953639795077021,1787953639794516780,5216879885038,0,0,0,0
tx,533,131,1,1,1787953639795085521,1787953639794516780,5216879893945,5216879924945,72,0,0
rx,534,132,1,1,1787953639810356280,1787953639809524632,5216895164279,0,0,0,0
tx,534,132,1,1,1787953639810368984,1787953639809524632,5216895177242,5216895211686,72,0,0
rx,535,133,1,1,1787953639824737391,1787953639824531651,5216909545408,0,0,0,0
tx,535,133,1,1,1787953639824745762,1787953639824531651,5216909554019,5216909590427,72,0,0
rx,536,134,1,1,1787953639840027836,1787953639839518280,5216924835834,0,0,0,0
tx,536,134,1,1,1787953639840035928,1787953639839518280,5216924844427,5216924876130,72,0,0
rx,537,135,1,1,1787953639855372632,1787953639854512799,5216940180630,0,0,0,0
tx,537,135,1,1,1787953639855381095,1787953639854512799,5216940189334,5216940222149,72,0,0
rx,538,136,1,1,1787953639869844688,1787953639869558799,5216954652705,0,0,0,0
tx,538,136,1,1,1787953639869854077,1787953639869558799,5216954662334,5216954705205,72,0,0
rx,539,137,1,1,1787953639885191595,1787953639884523354,5216969999593,0,0,0,0
tx,539,137,1,1,1787953639885200002,1787953639884523354,5216970008242,5216970043427,72,0,0
rx,540,138,1,1,1787953639900498114,1787953639899517317,5216985306112,0,0,0,0
tx,540,138,1,1,1787953639900506447,1787953639899517317,5216985314705,5216985345445,72,0,0
rx,541,139,1,1,1787953639914843317,1787953639914557114,5216999651297,0,0,0,0
tx,541,139,1,1,1787953639914856391,1787953639914557114,5216999664649,5216999829056,72,0,0
rx,542,140,1,1,1787953639930299706,1787953639929547317,5217015107723,0,0,0,0
tx,542,140,1,1,1787953639930308873,1787953639929547317,5217015117112,5217015153205,72,0,0
rx,543,141,1,1,1787953639945564706,1787953639944521280,5217030372705,0,0,0,0
tx,543,141,1,1,1787953639945573039,1787953639944521280,5217030381279,5217030414612,72,0,0
rx,544,142,1,1,1787953639959801428,1787953639959515021,5217044609427,0,0,0,0
tx,544,142,1,1,1787953639959809891,1787953639959515021,5217044618149,5217044649445,72,0,0
rx,545,143,1,1,1787953639975167576,1787953639974540928,5217059975575,0,0,0,0
tx,545,143,1,1,1787953639975176595,1787953639974540928,5217059984853,5217060044760,72,0,0
rx,546,144,1,1,1787953639990529373,1787953639989524706,5217075337371,0,0,0,0
tx,546,144,1,1,1787953639990538521,1787953639989524706,5217075346779,5217075382279,72,0,0
rx,547,145,1,1,1787953640004707780,1787953640004517947,5217089515742,0,0,0,0
tx,547,145,1,1,1787953640004715614,1787953640004517947,5217089523853,5217089553779,72,0,0
rx,548,146,1,1,1787953640019951280,1787953640019532947,5217104759279,0,0,0,0
tx,548,146,1,1,1787953640019963743,1787953640019532947,5217104772186,5217104805279,72,0,0
rx,549,147,1,1,1787953640035244299,1787953640034546299,5217120052279,0,0,0,0
tx,549,147,1,1,1787953640035253651,1787953640034546299,5217120062038,5217120092686,72,0,0
rx,550,148,1,1,1787953640050488669,1787953640049602428,5217135296667,0,0,0,0
tx,550,148,1,1,1787953640050496428,1787953640049602428,5217135304686,5217135332149,72,0,0
rx,551,149,1,1,1787953640064694391,1787953640064568095,5217149502408,0,0,0,0
tx,551,149,1,1,1787953640064702891,1787953640064568095,5217149511149,5217149555704,72,0,0
rx,552,150,1,1,1787953640079985354,1787953640079530188,5217164793353,0,0,0,0
tx,552,150,1,1,1787953640079993558,1787953640079530188,5217164801797,5217164833056,72,0,0
rx,553,151,1,1,1787953640095272373,1787953640094519650,5217180080371,0,0,0,0
tx,553,151,1,1,1787953640095281317,1787953640094519650,5217180089575,5217180124167,72,0,0
rx,554,152,1,1,1787953640109763891,1787953640109541799,5217194571890,0,0,0,0
tx,554,152,1,1,1787953640109772947,1787953640109541799,5217194581204,5217194619741,72,0,0
rx,555,153,1,1,1787953640125134002,1787953640124520799,5217209942019,0,0,0,0
tx,555,153,1,1,1787953640125142188,1787953640124520799,5217209950427,5217209983093,72,0,0
rx,556,154,1,1,1787953640140381225,1787953640139537243,5217225189241,0,0,0,0
tx,556,154,1,1,1787953640140392836,1787953640139537243,5217225201093,5217225231130,72,0,0
rx,557,155,1,1,1787953640154735169,1787953640154514965,5217239543167,0,0,0,0
tx,557,155,1,1,1787953640154743373,1787953640154514965,5217239551630,5217239583427,72,0,0
rx,558,156,1,1,1787953640170026725,1787953640169549928,5217254834723,0,0,0,0
tx,558,156,1,1,1787953640170035613,1787953640169549928,5217254843871,5217254886390,72,0,0
rx,559,157,1,1,1787953640185415558,1787953640184515521,5217270223556,0,0,0,0
tx,559,157,1,1,1787953640185423169,1787953640184515521,5217270231408,5217270264760,72,0,0
rx,560,158,1,1,1787953640199704373,1787953640199508280,5217284512390,0,0,0,0
tx,560,158,1,1,1787953640199712058,1787953640199508280,5217284520297,5217284550723,72,0,0
rx,561,159,1,1,1787953640214946187,1787953640214527650,5217299754204,0,0,0,0
tx,561,159,1,1,1787953640214955076,1787953640214527650,5217299763334,5217299802038,72,0,0
rx,562,160,1,1,1787953640230230650,1787953640229512465,5217315038649,0,0,0,0
tx,562,160,1,1,1787953640230238465,1787953640229512465,5217315046723,5217315077982,72,0,0
rx,563,161,1,1,1787953640245456799,1787953640244515891,5217330264797,0,0,0,0
tx,563,161,1,1,1787953640245467576,1787953640244515891,5217330275834,5217330305575,72,0,0
rx,564,162,1,1,1787953640259767317,1787953640259510965,5217344575315,0,0,0,0
tx,564,162,1,1,1787953640259775336,1787953640259510965,5217344583612,5217344613204,72,0,0
rx,565,163,1,1,1787953640275022058,1787953640274528910,5217359830056,0,0,0,0
tx,565,163,1,1,1787953640275030947,1787953640274528910,5217359839223,5217359878927,72,0,0
rx,566,164,1,1,1787953640290301799,1787953640289514317,5217375109815,0,0,0,0
tx,566,164,1,1,1787953640290309836,1787953640289514317,5217375118075,5217375149686,72,0,0
rx,567,165,1,1,1787953640305561150,1787953640304529576,5217390369167,0,0,0,0
tx,567,165,1,1,1787953640305569187,1787953640304529576,5217390377445,5217390408112,72,0,0
rx,568,166,1,1,1787953640319806336,1787953640319523724,5217404614334,0,0,0,0
tx,568,166,1,1,1787953640319815391,1787953640319523724,5217404623649,5217404659612,72,0,0
rx,569,167,1,1,1787953640335060780,1787953640334516169,5217419868778,0,0,0,0
tx,569,167,1,1,1787953640335068391,1787953640334516169,5217419876667,5217419908575,72,0,0
rx,570,168,1,1,1787953640350298243,1787953640349511780,5217435106241,0,0,0,0
tx,570,168,1,1,1787953640350309058,1787953640349511780,5217435117297,5217435148426,72,0,0
rx,571,169,1,1,1787953640364840150,1787953640364582076,5217449648167,0,0,0,0
tx,571,169,1,1,1787953640364849428,1787953640364582076,5217449657667,5217449742982,72,0,0
rx,572,170,1,1,1787953640380152002,1787953640379516058,5217464960001,0,0,0,0
tx,572,170,1,1,1787953640380160298,1787953640379516058,5217464968556,5217465000112,72,0,0
rx,573,171,1,1,1787953640395393910,1787953640394509947,5217480201926,0,0,0,0
tx,573,171,1,1,1787953640395401910,1787953640394509947,5217480210167,5217480241834,72,0,0
rx,574,172,1,1,1787953640409757410,1787953640409534669,5217494565426,0,0,0,0
tx,574,172,1,1,1787953640409766280,1787953640409534669,5217494574815,5217494613389,72,0,0
rx,575,173,1,1,1787953640425127298,1787953640424512706,5217509935297,0,0,0,0
tx,575,173,1,1,1787953640425135947,1787953640424512706,5217509944186,5217509975538,72,0,0
rx,576,174,1,1,1787953640440337632,1787953640439508817,5217525145630,0,0,0,0
tx,576,174,1,1,1787953640440345743,1787953640439508817,5217525154001,5217525184019,72,0,0
rx,577,175,1,1,1787953640454680780,1787953640454520835,5217539488797,0,0,0,0
tx,577,175,1,1,1787953640454691891,1787953640454520835,5217539500130,5217539531741,72,0,0
rx,578,176,1,1,1787953640470259002,1787953640469564280,5217555067019,0,0,0,0
tx,578,176,1,1,1787953640470271298,1787953640469564280,5217555079556,5217555115519,72,0,0
rx,579,177,1,1,1787953640485514743,1787953640484512187,5217570322741,0,0,0,0
tx,579,177,1,1,1787953640485523317,1787953640484512187,5217570331575,5217570362149,72,0,0
rx,580,178,1,1,1787953640499738298,1787953640499514224,5217584546315,0,0,0,0
tx,580,178,1,1,1787953640499746058,1787953640499514224,5217584554315,5217584585038,72,0,0
rx,581,179,1,1,1787953640514988595,1787953640514528761,5217599796612,0,0,0,0
tx,581,179,1,1,1787953640514997576,1787953640514528761,5217599805815,5217599843889,72,0,0
rx,582,180,1,1,1787953640530407317,1787953640529508798,5217615215315,0,0,0,0
tx,582,180,1,1,1787953640530414947,1787953640529508798,5217615223223,5217615253815,72,0,0
rx,583,181,1,1,1787953640544688761,1787953640544510984,5217629496778,0,0,0,0
tx,583,181,1,1,1787953640544696909,1787953640544510984,5217629505149,5217629535852,72,0,0
rx,584,182,1,1,1787953640559981521,1787953640559532909,5217644789519,0,0,0,0
tx,584,182,1,1,1787953640559990835,1787953640559532909,5217644799093,5217644837871,72,0,0
rx,585,183,1,1,1787953640575517521,1787953640574539243,5217660325519,0,0,0,0
tx,585,183,1,1,1787953640575529021,1787953640574539243,5217660337297,5217660372815,72,0,0
rx,586,184,1,1,1787953640589740502,1787953640589512261,5217674548500,0,0,0,0
tx,586,184,1,1,1787953640589748595,1787953640589512261,5217674556852,5217674588500,72,0,0
rx,587,185,1,1,1787953640605033391,1787953640604508484,5217689841389,0,0,0,0
tx,587,185,1,1,1787953640605041372,1787953640604508484,5217689849630,5217689881223,72,0,0
rx,588,186,1,1,1787953640620280502,1787953640619530372,5217705088519,0,0,0,0
tx,588,186,1,1,1787953640620289484,1787953640619530372,5217705098000,5217705134352,72,0,0
rx,589,187,1,1,1787953640634699984,1787953640634528502,5217719508000,0,0,0,0
tx,589,187,1,1,1787953640634708113,1787953640634528502,5217719516371,5217719551500,72,0,0
rx,590,188,1,1,1787953640650106613,1787953640649511576,5217734914611,0,0,0,0
tx,590,188,1,1,1787953640650114817,1787953640649511576,5217734923074,5217734954704,72,0,0
rx,591,189,1,1,1787953640665440243,1787953640664536132,5217750248241,0,0,0,0
tx,591,189,1,1,1787953640665448928,1787953640664536132,5217750257186,5217750294519,72,0,0
rx,592,190,1,1,1787953640679741150,1787953640679528261,5217764549167,0,0,0,0
tx,592,190,1,1,1787953640679752891,1787953640679528261,5217764561130,5217764592889,72,0,0
rx,593,191,1,1,1787953640695119983,1787953640694513983,5217779927982,0,0,0,0
tx,593,191,1,1,1787953640695127483,1787953640694513983,5217779935741,5217779966223,72,0,0
rx,594,192,1,1,1787953640710397817,1787953640709508039,5217795205815,0,0,0,0
tx,594,192,1,1,1787953640710405576,1787953640709508039,5217795213852,5217795244352,72,0,0
rx,595,193,1,1,1787953640724727150,1787953640724526280,5217809535148,0,0,0,0
tx,595,193,1,1,1787953640724735909,1787953640724526280,5217809544186,5217809581167,72,0,0
rx,596,194,1,1,1787953640740041169,1787953640739518224,5217824849167,0,0,0,0
tx,596,194,1,1,1787953640740049317,1787953640739518224,5217824857574,5217824892426,72,0,0
rx,597,195,1,1,1787953640755303150,1787953640754507224,5217840111148,0,0,0,0
tx,597,195,1,1,1787953640755310761,1787953640754507224,5217840119019,5217840150834,72,0,0
rx,598,196,1,1,1787953640769734872,1787953640769540224,5217854542889,0,0,0,0
tx,598,196,1,1,1787953640769744002,1787953640769540224,5217854552278,5217854591019,72,0,0
rx,599,197,1,1,1787953640784981520,1787953640784514669,5217869789537,0,0,0,0
tx,599,197,1,1,1787953640784993020,1787953640784514669,5217869801260,5217869831963,72,0,0
rx,600,198,1,1,1787953640800286280,1787953640799511150,5217885094278,0,0,0,0
tx,600,198,1,1,1787953640800297020,1787953640799511150,5217885105278,5217885135130,72,0,0
rx,601,199,1,1,1787953640815577280,1787953640814554280,5217900385278,0,0,0,0
tx,601,199,1,1,1787953640815586409,1787953640814554280,5217900394667,5217900428963,72,0,0
rx,602,200,1,1,1787953640829841280,1787953640829511650,5217914649278,0,0,0,0
tx,602,200,1,1,1787953640829849206,1787953640829511650,5217914657482,5217914688834,72,0,0
rx,603,0,1,1,1787953640845092613,1787953640844511057,5217929900611,0,0,0,0
tx,603,0,1,1,1787953640845100520,1787953640844511057,5217929908797,5217929940111,72,0,0
rx,604,1,1,1,1787953640860594261,1787953640859619020,5217945402278,0,0,0,0
tx,604,1,1,1,1787953640860604391,1787953640859619020,5217945412630,5217945460260,72,0,0
rx,605,2,1,1,1787953640874883206,1787953640874535317,5217959691204,0,0,0,0
tx,605,2,1,1,1787953640874892335,1787953640874535317,5217959700630,5217959736260,72,0,0
rx,606,3,1,1,1787953640890136131,1787953640889519131,5217974944130,0,0,0,0
tx,606,3,1,1,1787953640890143891,1787953640889519131,5217974952148,5217974984445,72,0,0
rx,607,4,1,1,1787953640905414354,1787953640904512243,5217990222371,0,0,0,0
tx,607,4,1,1,1787953640905426965,1787953640904512243,5217990235204,5217990271297,72,0,0
rx,608,5,1,1,1787953640919811243,1787953640919526317,5218004619241,0,0,0,0
tx,608,5,1,1,1787953640919819780,1787953640919526317,5218004628056,5218004661278,72,0,0
rx,609,6,1,1,1787953640935134187,1787953640934511835,5218019942185,0,0,0,0
tx,609,6,1,1,1787953640935142131,1787953640934511835,5218019950389,5218019982315,72,0,0
rx,610,7,1,1,1787953640950564780,1787953640949529372,5218035372778,0,0,0,0
tx,610,7,1,1,1787953640950572354,1787953640949529372,5218035380593,5218035412148,72,0,0
rx,611,8,1,1,1787953640964764928,1787953640964543668,5218049572926,0,0,0,0
tx,611,8,1,1,1787953640964774020,1787953640964543668,5218049582259,5218049623204,72,0,0
rx,612,9,1,1,1787953640980153539,1787953640979514335,5218064961556,0,0,0,0
tx,612,9,1,1,1787953640980161335,1787953640979514335,5218064969574,5218065002093,72,0,0
rx,613,10,1,1,1787953640995388631,1787953640994517613,5218080196648,0,0,0,0
tx,613,10,1,1,1787953640995396631,1787953640994517613,5218080204908,5218080238315,72,0,0
rx,614,11,1,1,1787953641009845817,1787953641009592872,5218094653815,0,0,0,0
tx,614,11,1,1,1787953641009859057,1787953641009592872,5218094667296,5218094702685,72,0,0
rx,615,12,1,1,1787953641025257335,1787953641024535891,5218110065333,0,0,0,0
tx,615,12,1,1,1787953641025265909,1787953641024535891,5218110074167,5218110107371,72,0,0
rx,616,13,1,1,1787953641040530409,1787953641039493261,5218125338408,0,0,0,0
tx,616,13,1,1,1787953641040538946,1787953641039493261,5218125347204,5218125379648,72,0,0
rx,617,14,1,1,1787953641054774187,1787953641054507946,5218139582185,0,0,0,0
tx,617,14,1,1,1787953641054782076,1787953641054507946,5218139590333,5218139620500,72,0,0
rx,618,15,1,1,1787953641070351928,1787953641069536205,5218155159945,0,0,0,0
tx,618,15,1,1,1787953641070361057,1787953641069536205,5218155169315,5218155209556,72,0,0
rx,619,16,1,1,1787953641084701983,1787953641084517557,5218169509982,0,0,0,0
tx,619,16,1,1,1787953641084709668,1787953641084517557,5218169517945,5218169549630,72,0,0
rx,620,17,1,1,1787953641099970613,1787953641099514354,5218184778611,0,0,0,0
tx,620,17,1,1,1787953641099978335,1787953641099514354,5218184786593,5218184818833,72,0,0
rx,621,18,1,1,1787953641115395428,1787953641114536817,5218200203426,0,0,0,0
tx,621,18,1,1,1787953641115404724,1787953641114536817,5218200212982,5218200253500,72,0,0
rx,622,19,1,1,1787953641129750835,1787953641129547317,5218214558833,0,0,0,0
tx,622,19,1,1,1787953641129759076,1787953641129547317,5218214567333,5218214601519,72,0,0
rx,623,20,1,1,1787953641145047779,1787953641144515020,5218229855796,0,0,0,0
tx,623,20,1,1,1787953641145056150,1787953641144515020,5218229864426,5218229896852,72,0,0
rx,624,21,1,1,1787953641160336705,1787953641159539020,5218245144722,0,0,0,0
tx,624,21,1,1,1787953641160345391,1787953641159539020,5218245153630,5218245193333,72,0,0
rx,625,22,1,1,1787953641174724205,1787953641174528057,5218259532204,0,0,0,0
tx,625,22,1,1,1787953641174732779,1787953641174528057,5218259541019,5218259577926,72,0,0
rx,626,23,1,1,1787953641189986502,1787953641189516891,5218274794500,0,0,0,0
tx,626,23,1,1,1787953641189994261,1787953641189516891,5218274802500,5218274835500,72,0,0
rx,627,24,1,1,1787953641205267409,1787953641204533613,5218290075426,0,0,0,0
tx,627,24,1,1,1787953641205276150,1787953641204533613,5218290084389,5218290123926,72,0,0
rx,628,25,1,1,1787953641219697742,1787953641219517298,5218304505759,0,0,0,0
tx,628,25,1,1,1787953641219708816,1787953641219517298,5218304517074,5218304550500,72,0,0
rx,629,26,1,1,1787953641234987020,1787953641234511372,5218319795019,0,0,0,0
tx,629,26,1,1,1787953641234998261,1787953641234511372,5218319806500,5218319836389,72,0,0
rx,630,27,1,1,1787953641250198650,1787953641249509039,5218335006667,0,0,0,0
tx,630,27,1,1,1787953641250206465,1787953641249509039,5218335014722,5218335044241,72,0,0
rx,631,28,1,1,1787953641264829446,1787953641264613650,5218349637463,0,0,0,0
tx,631,28,1,1,1787953641264839150,1787953641264613650,5218349647667,5218349690519,72,0,0
rx,632,29,1,1,1787953641280317020,1787953641279520983,5218365125037,0,0,0,0
tx,632,29,1,1,1787953641280324576,1787953641279520983,5218365132833,5218365166056,72,0,0
rx,633,30,1,1,1787953641294691261,1787953641294511094,5218379499278,0,0,0,0
tx,633,30,1,1,1787953641294699391,1787953641294511094,5218379507648,5218379540667,72,0,0
rx,634,31,1,1,1787953641309948724,1787953641309532909,5218394756722,0,0,0,0
tx,634,31,1,1,1787953641309957483,1787953641309532909,5218394765741,5218394805259,72,0,0
rx,635,32,1,1,1787953641325310983,1787953641324518316,5218410118981,0,0,0,0
tx,635,32,1,1,1787953641325318705,1787953641324518316,5218410126944,5218410157704,72,0,0
rx,636,33,1,1,1787953641340570483,1787953641339703353,5218425378481,0,0,0,0
tx,636,33,1,1,1787953641340581353,1787953641339703353,5218425389611,5218425421037,72,0,0
rx,637,34,1,1,1787953641354780668,1787953641354516872,5218439588667,0,0,0,0
tx,637,34,1,1,1787953641354788687,1787953641354516872,5218439596963,5218439626389,72,0,0
rx,638,35,1,1,1787953641370068409,1787953641369541057,5218454876407,0,0,0,0
tx,638,35,1,1,1787953641370077372,1787953641369541057,5218454885759,5218454926000,72,0,0
rx,639,36,1,1,1787953641385327927,1787953641384513539,5218470135944,0,0,0,0
tx,639,36,1,1,1787953641385336298,1787953641384513539,5218470144555,5218470176704,72,0,0
rx,640,37,1,1,1787953641399676613,1787953641399518742,5218484484630,0,0,0,0
tx,640,37,1,1,1787953641399684465,1787953641399518742,5218484492722,5218484522426,72,0,0
rx,641,38,1,1,1787953641414962853,1787953641414525613,5218499770870,0,0,0,0
tx,641,38,1,1,1787953641414971520,1787953641414525613,5218499779778,5218499816241,72,0,0
rx,642,39,1,1,1787953641430358390,1787953641429508242,5218515166389,0,0,0,0
tx,642,39,1,1,1787953641430367002,1787953641429508242,5218515175259,5218515206796,72,0,0
rx,643,40,1,1,1787953641444684039,1787953641444517724,5218529492037,0,0,0,0
tx,643,40,1,1,1787953641444695427,1787953641444517724,5218529503685,5218529534944,72,0,0
rx,644,41,1,1,1787953641459948409,1787953641459535742,5218544756407,0,0,0,0
tx,644,41,1,1,1787953641459957372,1787953641459535742,5218544765630,5218544800741,72,0,0
rx,645,42,1,1,1787953641475251853,1787953641474521502,5218560059852,0,0,0,0
tx,645,42,1,1,1787953641475260650,1787953641474521502,5218560068926,5218560104055,72,0,0
rx,646,43,1,1,1787953641489672446,1787953641489515261,5218574480463,0,0,0,0
tx,646,43,1,1,1787953641489680224,1787953641489515261,5218574488500,5218574518722,72,0,0
rx,647,44,1,1,1787953641505011020,1787953641504531279,5218589819018,0,0,0,0
tx,647,44,1,1,1787953641505019835,1787953641504531279,5218589828111,5218589866185,72,0,0
rx,648,45,1,1,1787953641520315705,1787953641519514205,5218605123704,0,0,0,0
tx,648,45,1,1,1787953641520323483,1787953641519514205,5218605131741,5218605164407,72,0,0
rx,649,46,1,1,1787953641534684168,1787953641534510909,5218619492185,0,0,0,0
tx,649,46,1,1,1787953641534691927,1787953641534510909,5218619500167,5218619530222,72,0,0
rx,650,47,1,1,1787953641550038242,1787953641549511853,5218634846241,0,0,0,0
tx,650,47,1,1,1787953641550046057,1787953641549511853,5218634854296,5218634885000,72,0,0
rx,651,48,1,1,1787953641565296039,1787953641564554964,5218650104037,0,0,0,0
tx,651,48,1,1,1787953641565308279,1787953641564554964,5218650116518,5218650150592,72,0,0
rx,652,49,1,1,1787953641579719631,1787953641579523761,5218664527648,0,0,0,0
tx,652,49,1,1,1787953641579728094,1787953641579523761,5218664536352,5218664569278,72,0,0
rx,653,50,1,1,1787953641594960150,1787953641594508946,5218679768148,0,0,0,0
tx,653,50,1,1,1787953641594968409,1787953641594508946,5218679776648,5218679808296,72,0,0
rx,654,51,1,1,1787953641610338224,1787953641609532279,5218695146222,0,0,0,0
tx,654,51,1,1,1787953641610346927,1787953641609532279,5218695155259,5218695195166,72,0,0
rx,655,52,1,1,1787953641624684650,1787953641624509724,5218709492648,0,0,0,0
tx,655,52,1,1,1787953641624692464,1787953641624509724,5218709500722,5218709530944,72,0,0
rx,656,53,1,1,1787953641639966798,1787953641639518946,5218724774796,0,0,0,0
tx,656,53,1,1,1787953641639975113,1787953641639518946,5218724783370,5218724815555,72,0,0
rx,657,54,1,1,1787953641655339927,1787953641654538853,5218740147926,0,0,0,0
tx,657,54,1,1,1787953641655349038,1787953641654538853,5218740157463,5218740197759,72,0,0
rx,658,55,1,1,1787953641669953964,1787953641669535798,5218754761963,0,0,0,0
tx,658,55,1,1,1787953641669965613,1787953641669535798,5218754773870,5218754807389,72,0,0
rx,659,56,1,1,1787953641685317761,1787953641684522742,5218770125759,0,0,0,0
tx,659,56,1,1,1787953641685325816,1787953641684522742,5218770134074,5218770163278,72,0,0
rx,660,57,1,1,1787953641700557298,1787953641699525409,5218785365315,0,0,0,0
tx,660,57,1,1,1787953641700565131,1787953641699525409,5218785373389,5218785404315,72,0,0
rx,661,58,1,1,1787953641714757557,1787953641714524205,5218799565555,0,0,0,0
tx,661,58,1,1,1787953641714766131,1787953641714524205,5218799574389,5218799611629,72,0,0
rx,662,59,1,1,1787953641730052335,1787953641729510224,5218814860352,0,0,0,0
tx,662,59,1,1,1787953641730060316,1787953641729510224,5218814868574,5218814899185,72,0,0
rx,663,60,1,1,1787953641745419353,1787953641744510279,5218830227352,0,0,0,0
tx,663,60,1,1,1787953641745427483,1787953641744510279,5218830235740,5218830266148,72,0,0
rx,664,61,1,1,1787953641759722742,1787953641759527835,5218844530740,0,0,0,0
tx,664,61,1,1,1787953641759731909,1787953641759527835,5218844540166,5218844576537,72,0,0
rx,665,62,1,1,1787953641775084038,1787953641774523298,5218859892037,0,0,0,0
tx,665,62,1,1,1787953641775095853,1787953641774523298,5218859904111,5218859938555,72,0,0
rx,666,63,1,1,1787953641790323687,1787953641789524427,5218875131685,0,0,0,0
tx,666,63,1,1,1787953641790331612,1787953641789524427,5218875139852,5218875170166,72,0,0
rx,667,64,1,1,1787953641804633853,1787953641804541983,5218889441852,0,0,0,0
tx,667,64,1,1,1787953641804642761,1787953641804541983,5218889451000,5218889490055,72,0,0
