[0mBatt=23.5 [0m[33mODOM [31mVisionX  +0.00 Y  +0.00 theta   +0.0 elt    0 [0mimu  -0.7 Dt 19258 LtCy 9629 integ.govd   +0.00   +0.00 integ.vbp +0.00 +0.00 omni.gos X     +0.0 ,Y     -0.1. omgD -0.011 omg  +0.00 loop   5019
[0mBatt=23.5 [0m[33mODOM [31mVisionX  +0.00 Y  +0.00 theta   +0.0 elt    0 [0mimu  -0.7 Dt 19274 LtCy 9637 integ.govd   +0.00   +0.00 integ.vbp +0.00 +0.00 omni.gos X     +0.0 ,Y     -0.1. omgD -0.007 omg  +0.00 loop   4992
[0mBatt=23.5 [0m[33mODOM [31mVisionX  +0.00 Y  +0.00 theta   +0.0 elt    0 [0mimu  -0.7 Dt 19290 LtCy 9645 integ.govd   +0.00   +0.00 integ.vbp +0.00 +0.00 omni.gos X     +0.0 ,Y     -0.0. omgD -0.002 omg  +0.00 loop   5032
[0mBatt=23.5 [0m[33mODOM [31mVisionX  +0.00 Y  +0.00 theta   +0.0 elt    0 [0mimu  -0.7 Dt 19306 LtCy 9653 integ.govd   +0.00   +0.00 integ.vbp +0.00 +0.00 omni.gos X     +0.0 ,Y     -0.0. omgD -0.002 omg  +0.00 loop   5019
[0mBatt=23.5 [0m[33mODOM [31mVisionX  +0.00 Y  +0.00 theta   +0.0 elt    0 [0mimu  -0.7 Dt 19322 LtCy 9661 integ.govd   +0.00   +0.00 integ.vbp +0.00 +0.00 omni.gos X     +0.0 ,Y     -0.1. omgD -0.004 omg  +0.00 loop   4992
[0mBatt=23.5 [0m[33mODOM [31mVisionX  +0.00 Y  +0.00 theta   +0.0 elt    0 [0mimu  -0.7 Dt 19338 LtCy 9669 integ.govd   +0.00   +0.00 integ.vbp +0.00 +0.00 omni.gos X     +0.0 ,Y     +0.0. omgD -0.000 omg  +0.00 loop   5017
[0mBatt=23.5 [0m[33mODOM [31mVisionX  +0.00 Y  +0.00 theta   +0.0 elt    0 [0mimu  -0.7 Dt 19354 LtCy 9677 integ.govd   +0.00   +0.00 integ.vbp +0.00 +0.00 omni.gos X     +0.0 ,Y     -0.0. omgD -0.002 omg  +0.00 loop   5032
[0mBatt=23.5 [0m[33mODOM [31mVisionX  +0.00 Y  +0.00 theta   +0.0 elt    0 [0mimu  -0.7 Dt 19370 LtCy 9685 integ.govd   +0.00   +0.00 integ.vbp +0.00 +0.00 omni.gos X     +0.0 ,Y     -0.1. omgD -0.011 omg  +0.00 loop   5001
[0mBatt=23.5 [0m[33mODOM [31mVisionX  +0.00 Y  +0.00 theta   +0.0 elt    0 [0mimu  -0.7 Dt 19386 LtCy 9693 integ.govd   +0.00   +0.00 integ.vbp +0.00 +0.00 omni.gos X     +0.0 ,Y     -0.2. omgD -0.013 omg  +0.00 loop   5008
[0mBatt=23.5 [0m[33mODOM [31mVisionX  +0.00 Y  +0.00 theta   +0.0 elt    0 [0mimu  -0.7 Dt 19402 LtCy 9701 integ.govd   +0.00   +0.00 integ.vbp +0.00 +0.00 omni.gos X     -0.0 ,Y     -0.1. omgD -0.007 omg  +0.00 loop   5026
[0mBatt=23.5 [0m[33mODOM [31mVisionX  +0.00 Y  +0.00 theta   +0.0 elt    0 [0mimu  -0.7 Dt 19418 LtCy 9709 integ.govd   +0.00   +0.00 integ.vbp +0.00 +0.00 omni.gos X     +0.0 ,Y     -0.1. omgD -0.004 omg  +0.00 loop   4999
[0mBatt=23.5 [0m[33mODOM [31mVisionX  +0.00 Y  +0.00 theta   +0.0 elt    0 [0mimu  -0.7 Dt 19434 LtCy 9717 integ.govd   +0.00   +0.00 integ.vbp +0.00 +0.00 omni.gos X     +0.0 ,Y     -0.2. omgD -0.013 omg  +0.00 loop   5009
[0mBatt=23.5 [0m[33mODOM [31mVisionX  +0.00 Y  +0.00 theta   +0.0 elt    0 [0mimu  -0.7 Dt 19450 LtCy 9725 integ.govd   +0.00   +0.00 integ.vbp +0.00 +0.00 omni.gos X     +0.0 ,Y     -0.1. omgD -0.011 omg  +0.00 loop   5022
[0mBatt=23.5 [0m[33mODOM [31mVisionX  +0.00 Y  +0.00 theta   +0.0 elt    0 [0mimu  -0.7 Dt 19466 LtCy 9733 integ.govd   +0.00   +0.00 integ.vbp +0.00 +0.00 omni.gos X     +0.0 ,Y     +0.0. omgD -0.000 omg  +0.00 loop   5019
[0mBatt=23.5 [0m[33mODOM [31mVisionX  +0.00 Y  +0.00 theta   +0.0 elt    0 [0mimu  -0.7 Dt 19482 LtCy 9741 integ.govd   +0.00   +0.00 integ.vbp +0.00 +0.00 omni.gos X     +0.0 ,Y     -0.1. omgD -0.007 omg  +0.00 loop   4993
[0mBatt=23.5 [0m[33mODOM [31mVisionX  +0.00 Y  +0.00 theta   +0.0 elt    0 [0mimu  -0.7 Dt 19498 LtCy 9749 integ.govd   +0.00   +0.00 integ.vbp +0.00 +0.00 omni.gos X     +0.0 ,Y     -0.0. omgD -0.000 omg  +0.00 loop   5025
[0mBatt=23.5 [0m[33mODOM [31mVisionX  +0.00 Y  +0.00 theta   +0.0 elt    0 [0mimu  -0.7 Dt 19514 LtCy 9757 integ.govd   +0.00   +0.00 integ.vbp +0.00 +0.00 omni.gos X     +0.0 ,Y     -0.1. omgD -0.004 omg  +0.00 loop   5026
[0mBatt=23.5 [0m[33mODOM [31mVisionX  +0.00 Y  +0.00 theta   +0.0 elt    0 [0mimu  -0.7 Dt 19530 LtCy 9765 integ.govd   +0.00   +0.00 integ.vbp +0.00 +0.00 omni.gos X     +0.0 ,Y     -0.1. omgD -0.009 omg  +0.00 loop   4993
[0mBatt=23.5 [0m[33mODOM [31mVisionX  +0.00 Y  +0.00 theta   +0.0 elt    0 [0mimu  -0.7 Dt 19546 LtCy 9773 integ.govd   +0.00   +0.00 integ.vbp +0.00 +0.00 omni.gos X     +0.0 ,Y     -0.1. omgD -0.009 omg  +0.00 loop   5027
[0mBatt=23.5 [0m[33mODOM [31mVisionX  +0.00 Y  +0.00 theta   +0.0 elt    0 [0mimu  -0.7 Dt 19562 LtCy 9781 integ.govd   +0.00   +0.00 integ.vbp +0.00 +0.00 omni.gos X     +0.0 ,Y     -0.1. omgD -0.004 omg  +0.00 loop   5019
[0mBatt=23.5 [0m[33mODOM [31mVisionX  +0.00 Y  +0.00 theta   +0.0 elt    0 [0mimu  -0.7 Dt 19578 LtCy 9789 integ.govd   +0.00   +0.00 integ.vbp +0.00 +0.00 omni.gos X     +0.0 ,Y     -0.1. omgD -0.007 omg  +0.00 loop   4999
[0mBatt=23.5 [0m[33mODOM [31mVisionX  +0.00 Y  +0.00 theta   +0.0 elt    0 [0mimu  -0.7 Dt 19594 LtCy 9797 integ.govd   +0.00   +0.00 integ.vbp +0.00 +0.00 omni.gos X     +0.0 ,Y     -0.1. omgD -0.009 omg  +0.00 loop   5007
[0mBatt=23.5 [0m[33mODOM [31mVisionX  +0.00 Y  +0.00 theta   +0.0 elt    0 [0mimu  -0.7 Dt 19610 LtCy 9805 integ.govd   +0.00   +0.00 integ.vbp +0.00 +0.00 omni.gos X     -0.0 ,Y     -0.1. omgD -0.007 omg  +0.00 loop   5023
[0mBatt=23.5 [0m[33mODOM [31mVisionX  +0.00 Y  +0.00 theta   +0.0 elt    0 [0mimu  -0.7 Dt 19626 LtCy 9813 integ.govd   +0.00   +0.00 integ.vbp +0.00 +0.00 omni.gos X     +0.0 ,Y     -0.1. omgD -0.004 omg  +0.00 loop   5010
[0mBatt=23.5 [0m[33mODOM [31mVisionX  +0.00 Y  +0.00 theta   +0.0 elt    0 [0mimu  -0.7 Dt 19642 LtCy 9821 integ.govd   +0.00   +0.00 integ.vbp +0.00 +0.00 omni.gos X     +0.0 ,Y     -0.0. omgD -0.002 omg  +0.00 loop   4994
[0mBatt=23.5 [0m[33mODOM [31mVisionX  +0.00 Y  +0.00 theta   +0.0 elt    0 [0mimu  -0.7 Dt 19658 LtCy 9829 integ.govd   +0.00   +0.00 integ.vbp +0.00 +0.00 omni.gos X     -0.0 ,Y     -0.1. omgD -0.011 omg  +0.00 loop   5026
[0mBatt=23.5 [0m[33mODOM [31mVisionX  +0.00 Y  +0.00 theta   +0.0 elt    0 [0mimu  -0.7 Dt 19674 LtCy 9837 integ.govd   +0.00   +0.00 integ.vbp +0.00 +0.00 omni.gos X     +0.0 ,Y     -0.2. omgD -0.015 omg  +0.00 loop   5016
[0mBatt=23.5 [0m[33mODOM [31mVisionX  +0.00 Y  +0.00 theta   +0.0 elt    0 [0mimu  -0.7 Dt 19690 LtCy 9845 integ.govd   +0.00   +0.00 integ.vbp +0.00 +0.00 omni.gos X     +0.0 ,Y     -0.1. omgD -0.011 omg  +0.00 loop   4983
[0mBatt=23.5 [0m[33mODOM [31mVisionX  +0.00 Y  +0.00 theta   +0.0 elt    0 [0mimu  -0.7 Dt 19706 LtCy 9853 integ.govd   +0.00   +0.00 integ.vbp +0.00 +0.00 omni.gos X     -0.0 ,Y     -0.1. omgD -0.007 omg  +0.00 loop   5027
[0mBatt=23.5 [0m[33mODOM [31mVisionX  +0.00 Y  +0.00 theta   +0.0 elt    0 [0mimu  -0.7 Dt 19722 LtCy 9861 integ.govd   +0.00   +0.00 integ.vbp +0.00 +0.00 omni.gos X     +0.0 ,Y     -0.1. omgD -0.011 omg  +0.00 loop   5011
[0mBatt=23.5 [0m[33mODOM [31mVisionX  +0.00 Y  +0.00 theta   +0.0 elt    0 [0mimu  -0.7 Dt 19738 LtCy 9869 integ.govd   +0.00   +0.00 integ.vbp +0.00 +0.00 omni.gos X     +0.0 ,Y     -0.0. omgD -0.002 omg  +0.00 loop   4976
[0mBatt=23.5 [0m[33mODOM [31mVisionX  +0.00 Y  +0.00 theta   +0.0 elt    0 [0mimu  -0.7 Dt 19754 LtCy 9877 integ.govd   +0.00   +0.00 integ.vbp +0.00 +0.00 omni.gos X     +0.0 ,Y     -0.0. omgD -0.002 omg  +0.00 loop   5010
[0mBatt=23.5 [0m[33mODOM [31mVisionX  +0.00 Y  +0.00 theta   +0.0 elt    0 [0mimu  -0.7 Dt 19770 LtCy 9885 integ.govd   +0.00   +0.00 integ.vbp +0.00 +0.00 omni.gos X     +0.0 ,Y     -0.1. omgD -0.007 omg  +0.00 loop   5025
[0mBatt=23.5 [0m[33mODOM [31mVisionX  +0.00 Y  +0.00 theta   +0.0 elt    0 [0mimu  -0.7 Dt 19786 LtCy 9893 integ.govd   +0.00   +0.00 integ.vbp +0.00 +0.00 omni.gos X     +0.0 ,Y     -0.2. omgD -0.015 omg  +0.00 loop   5010
[0mBatt=23.5 [0m[33mODOM [31mVisionX  +0.00 Y  +0.00 theta   +0.0 elt    0 [0mimu  -0.7 Dt 19802 LtCy 9901 integ.govd   +0.00   +0.00 integ.vbp +0.00 +0.00 omni.gos X     +0.0 ,Y     +0.0. omgD +0.002 omg  +0.00 loop   5003
[0mBatt=23.5 [0m[33mODOM [31mVisionX  +0.00 Y  +0.00 theta   +0.0 elt    0 [0mimu  -0.7 Dt 19818 LtCy 9909 integ.govd   +0.00   +0.00 integ.vbp +0.00 +0.00 omni.gos X     +0.0 ,Y     -0.0. omgD -0.002 omg  +0.00 loop   5026
[0mBatt=23.5 [0m[33mODOM [31mVisionX  +0.00 Y  +0.00 theta   +0.0 elt    0 [0mimu  -0.7 Dt 19834 LtCy 9917 integ.govd   +0.00   +0.00 integ.vbp +0.00 +0.00 omni.gos X     +0.0 ,Y     +0.0. omgD +0.002 omg  +0.00 loop   5009
[0mBatt=23.5 [0m[33mODOM [31mVisionX  +0.00 Y  +0.00 theta   +0.0 elt    0 [0mimu  -0.7 Dt 19850 LtCy 9925 integ.govd   +0.00   +0.00 integ.vbp +0.00 +0.00 omni.gos X     +0.0 ,Y     -0.1. omgD -0.011 omg  +0.00 loop   4995
[0mBatt=23.5 [0m[33mODOM [31mVisionX  +0.00 Y  +0.00 theta   +0.0 elt    0 [0mimu  -0.7 Dt 19866 LtCy 9933 integ.govd   +0.00   +0.00 integ.vbp +0.00 +0.00 omni.gos X     +0.0 ,Y     -0.1. omgD -0.007 omg  +0.00 loop   5026
[0mBatt=23.5 [0m[33mODOM [31mVisionX  +0.00 Y  +0.00 theta   +0.0 elt    0 [0mimu  -0.7 Dt 19882 LtCy 9941 integ.govd   +0.00   +0.00 integ.vbp +0.00 +0.00 omni.gos X     +0.0 ,Y     -0.0. omgD -0.002 omg  +0.00 loop   5021
[0mBatt=23.5 [0m[33mODOM [31mVisionX  +0.00 Y  +0.00 theta   +0.0 elt    0 [0mimu  -0.7 Dt 19898 LtCy 9949 integ.govd   +0.00   +0.00 integ.vbp +0.00 +0.00 omni.gos X     +0.0 ,Y     +0.0. omgD +0.002 omg  +0.00 loop   4989
[0mBatt=23.5 [0m[33mODOM [31mVisionX  +0.00 Y  +0.00 theta   +0.0 elt    0 [0mimu  -0.7 Dt 19914 LtCy 9957 integ.govd   +0.00   +0.00 integ.vbp +0.00 +0.00 omni.gos X     +0.0 ,Y     +0.0. omgD +0.002 omg  +0.00 loop   5024
[0mBatt=23.5 [0m[33mODOM [31mVisionX  +0.00 Y  +0.00 theta   +0.0 elt    0 [0mimu  -0.7 Dt 19930 LtCy 9965 integ.govd   +0.00   +0.00 integ.vbp +0.00 +0.00 omni.gos X     +0.0 ,Y     -0.1. omgD -0.011 omg  +0.00 loop   5021
[0mBatt=23.5 [0m[33mODOM [31mVisionX  +0.00 Y  +0.00 theta   +0.0 elt    0 [0mimu  -0.7 Dt 19946 LtCy 9973 integ.govd   +0.00   +0.00 integ.vbp +0.00 +0.00 omni.gos X     +0.0 ,Y     -0.1. omgD -0.011 omg  +0.00 loop   4998
[0mBatt=23.5 [0m[33mODOM [31mVisionX  +0.00 Y  +0.00 theta   +0.0 elt    0 [0mimu  -0.7 Dt 19962 LtCy 9981 integ.govd   +0.00   +0.00 integ.vbp +0.00 +0.00 omni.gos X     +0.0 ,Y     -0.1. omgD -0.011 omg  +0.00 loop   5009
[0mBatt=23.5 [0m[33mODOM [31mVisionX  +0.00 Y  +0.00 theta   +0.0 elt    0 [0mimu  -0.7 Dt 19978 LtCy 9989 integ.govd   +0.00   +0.00 integ.vbp +0.00 +0.00 omni.gos X     +0.0 ,Y     -0.2. omgD -0.015 omg  +0.00 loop   5016
[0mBatt=23.5 [0m[33mODOM [31mVisionX  +0.00 Y  +0.00 theta   +0.0 elt    0 [0mimu  -0.7 Dt 19994 LtCy 9997 integ.govd   +0.00   +0.00 integ.vbp +0.00 +0.00 omni.gos X     +0.0 ,Y     -0.0. omgD -0.002 omg  +0.00 loop   5018
[0mBatt=23.5 [0m[33mODOM [31mVisionX  +0.00 Y  +0.00 theta   +0.0 elt    0 [0mimu  -0.7 Dt 20002 LtCy 10001 integ.govd   +0.00   +0.00 integ.vbp +0.00 +0.00 omni.gos X     -0.0 ,Y     -0.1. omgD -0.011 omg  +0.00 loop   2404
[0mBatt=23.5 [0m[33mODOM [31mVisionX  +0.00 Y  +0.00 theta   +0.0 elt    0 [0mimu  -0.7 Dt 20018 LtCy 10009 integ.govd   +0.00   +0.00 integ.vbp +0.00 +0.00 omni.gos X     +0.0 ,Y     -0.1. omgD -0.007 omg  +0.00 loop   5006
[0mBatt=23.5 [0m[33mODOM [31mVisionX  +0.00 Y  +0.00 theta   +0.0 elt    0 [0mimu  -0.7 Dt 20034 LtCy 10017 integ.govd   +0.00   +0.00 integ.vbp +0.00 +0.00 omni.gos X     +0.0 ,Y     -0.0. omgD -0.002 omg  +0.00 loop   5022
[0mBatt=23.5 [0m[33mODOM [31mVisionX  +0.00 Y  +0.00 theta   +0.0 elt    0 [0mimu  -0.7 Dt 20050 LtCy 10025 integ.govd   +0.00   +0.00 integ.vbp +0.00 +0.00 omni.gos X     +0.0 ,Y     -0.0. omgD -0.002 omg  +0.00 loop   5004
[0mBatt=23.5 [0m[33mODOM [31mVisionX  +0.00 Y  +0.00 theta   +0.0 elt    0 [0mimu  -0.7 Dt 20066 LtCy 10033 integ.govd   +0.00   +0.00 integ.vbp +0.00 +0.00 omni.gos X     +0.0 ,Y     -0.0. omgD -0.002 omg  +0.00 loop   5009
[0mBatt=23.5 [0m[33mODOM [31mVisionX  +0.00 Y  +0.00 theta   +0.0 elt    0 [0mimu  -0.7 Dt 20082 LtCy 10041 integ.govd   +0.00   +0.00 integ.vbp +0.00 +0.00 omni.gos X     +0.0 ,Y     -0.2. omgD -0.015 omg  +0.00 loop   5019
[0mBatt=23.5 [0m[33mODOM [31mVisionX  +0.00 Y  +0.00 theta   +0.0 elt    0 [0mimu  -0.7 Dt 20098 LtCy 10049 integ.govd   +0.00   +0.00 integ.vbp +0.00 +0.00 omni.gos X     +0.0 ,Y     -0.0. omgD -0.002 omg  +0.00 loop   5011
[0mBatt=23.5 [0m[33mODOM [31mVisionX  +0.00 Y  +0.00 theta   +0.0 elt    0 [0mimu  -0.7 Dt 20114 LtCy 10057 integ.govd   +0.00   +0.00 integ.vbp +0.00 +0.00 omni.gos X     +0.0 ,Y     -0.1. omgD -0.007 omg  +0.00 loop   4996
[0mBatt=23.5 [0m[33mODOM [31mVisionX  +0.00 Y  +0.00 theta   +0.0 elt    0 [0mimu  -0.7 Dt 20130 LtCy 10065 integ.govd   +0.00   +0.00 integ.vbp +0.00 +0.00 omni.gos X     +0.0 ,Y     -0.0. omgD -0.002 omg  +0.00 loop   5025
[0mBatt=23.5 [0m[33mODOM [31mVisionX  +0.00 Y  +0.00 theta   +0.0 elt    0 [0mimu  -0.7 Dt 20146 LtCy 10073 integ.govd   +0.00   +0.00 integ.vbp +0.00 +0.00 omni.gos X     +0.0 ,Y     -0.0. omgD -0.002 omg  +0.00 loop   5025
[0mBatt=23.5 [0m[33mODOM [31mVisionX  +0.00 Y  +0.00 theta   +0.0 elt    0 [0mimu  -0.7 Dt 20162 LtCy 10081 integ.govd   +0.00   +0.00 integ.vbp +0.00 +0.00 omni.gos X     +0.0 ,Y     -0.0. omgD -0.002 omg  +0.00 loop   4986
[0mBatt=23.5 [0m[33mODOM [31mVisionX  +0.00 Y  +0.00 theta   +0.0 elt    0 [0mimu  -0.7 Dt 20178 LtCy 10089 integ.govd   +0.00   +0.00 integ.vbp +0.00 +0.00 omni.gos X     +0.0 ,Y     -0.1. omgD -0.007 omg  +0.00 loop   4997
[0mBatt=23.6 [0m[33mODOM [31mVisionX  +0.00 Y  +0.00 theta   +0.0 elt    0 [0mimu  -0.7 Dt 20194 LtCy 10097 integ.govd   +0.00   +0.00 integ.vbp +0.00 +0.00 omni.gos X     +0.0 ,Y     -0.1. omgD -0.011 omg  +0.00 loop   5022
[0mBatt=23.5 [0m[33mODOM [31mVisionX  +0.00 Y  +0.00 theta   +0.0 elt    0 [0mimu  -0.7 Dt 20210 LtCy 10105 integ.govd   +0.00   +0.00 integ.vbp +0.00 +0.00 omni.gos X     +0.0 ,Y     -0.1. omgD -0.007 omg  +0.00 loop   4998
[0mBatt=23.5 [0m[33mODOM [31mVisionX  +0.00 Y  +0.00 theta   +0.0 elt    0 [0mimu  -0.7 Dt 20226 LtCy 10113 integ.govd   +0.00   +0.00 integ.vbp +0.00 +0.00 omni.gos X     +0.0 ,Y     +0.1. omgD +0.006 omg  +0.00 loop   5012
[0mBatt=23.5 [0m[33mODOM [31mVisionX  +0.00 Y  +0.00 theta   +0.0 elt    0 [0mimu  -0.7 Dt 20242 LtCy 10121 integ.govd   +0.00   +0.00 integ.vbp +0.00 +0.00 omni.gos X     +0.0 ,Y     -0.1. omgD -0.007 omg  +0.00 loop   5022
[0mBatt=23.5 [0m[33mODOM [31mVisionX  +0.00 Y  +0.00 theta   +0.0 elt    0 [0mimu  -0.7 Dt 20258 LtCy 10129 integ.govd   +0.00   +0.00 integ.vbp +0.00 +0.00 omni.gos X     +0.0 ,Y     -0.1. omgD -0.007 omg  +0.00 loop   5011
[0mBatt=23.5 [0m[33mODOM [31mVisionX  +0.00 Y  +0.00 theta   +0.0 elt    0 [0mimu  -0.7 Dt 20274 LtCy 10137 integ.govd   +0.00   +0.00 integ.vbp +0.00 +0.00 omni.gos X     +0.0 ,Y     -0.0. omgD -0.002 omg  +0.00 loop   5001
[0mBatt=23.5 [0m[33mODOM [31mVisionX  +0.00 Y  +0.00 theta   +0.0 elt    0 [0mimu  -0.7 Dt 20290 LtCy 10145 integ.govd   +0.00   +0.00 integ.vbp +0.00 +0.00 omni.gos X     +0.0 ,Y     -0.0. omgD -0.002 omg  +0.00 loop   5025
[0mBatt=23.5 [0m[33mODOM [31mVisionX  +0.00 Y  +0.00 theta   +0.0 elt    0 [0mimu  -0.7 Dt 20306 LtCy 10153 integ.govd   +0.00   +0.00 integ.vbp +0.00 +0.00 omni.gos X     +0.0 ,Y     -0.0. omgD -0.002 omg  +0.00 loop   5015
[0mBatt=23.5 [0m[33mODOM [31mVisionX  +0.00 Y  +0.00 theta   +0.0 elt    0 [0mimu  -0.7 Dt 20322 LtCy 10161 integ.govd   +0.00   +0.00 integ.vbp +0.00 +0.00 omni.gos X     +0.0 ,Y     +0.0. omgD +0.002 omg  +0.00 loop   4988
[0mBatt=23.5 [0m[33mODOM [31mVisionX  +0.00 Y  +0.00 theta   +0.0 elt    0 [0mimu  -0.7 Dt 20338 LtCy 10169 integ.govd   +0.00   +0.00 integ.vbp +0.00 +0.00 omni.gos X     +0.0 ,Y     -0.1. omgD -0.007 omg  +0.00 loop   5020
[0mBatt=23.5 [0m[33mODOM [31mVisionX  +0.00 Y  +0.00 theta   +0.0 elt    0 [0mimu  -0.7 Dt 20354 LtCy 10177 integ.govd   +0.00   +0.00 integ.vbp +0.00 +0.00 omni.gos X     +0.0 ,Y     -0.0. omgD -0.002 omg  +0.00 loop   5025
[0mBatt=23.5 [0m[33mODOM [31mVisionX  +0.00 Y  +0.00 theta   +0.0 elt    0 [0mimu  -0.7 Dt 20370 LtCy 10185 integ.govd   +0.00   +0.00 integ.vbp +0.00 +0.00 omni.gos X     +0.0 ,Y     -0.1. omgD -0.007 omg  +0.00 loop   4990
[0mBatt=23.5 [0m[33mODOM [31mVisionX  +0.00 Y  +0.00 theta   +0.0 elt    0 [0mimu  -0.7 Dt 20386 LtCy 10193 integ.govd   +0.00   +0.00 integ.vbp +0.00 +0.00 omni.gos X     +0.0 ,Y     -0.1. omgD -0.011 omg  +0.00 loop   5020
[0mBatt=23.5 [0m[33mODOM [31mVisionX  +0.00 Y  +0.00 theta   +0.0 elt    0 [0mimu  -0.7 Dt 20402 LtCy 10201 integ.govd   +0.00   +0.00 integ.vbp +0.00 +0.00 omni.gos X     +0.0 ,Y     -0.0. omgD -0.002 omg  +0.00 loop   5024
[0mBatt=23.5 [0m[33mODOM [31mVisionX  +0.00 Y  +0.00 theta   +0.0 elt    0 [0mimu  -0.7 Dt 20418 LtCy 10209 integ.govd   +0.00   +0.00 integ.vbp +0.00 +0.00 omni.gos X     +0.0 ,Y     -0.1. omgD -0.007 omg  +0.00 loop   4992
[0mBatt=23.5 [0m[33mODOM [31mVisionX  +0.00 Y  +0.00 theta   +0.0 elt    0 [0mimu  -0.7 Dt 20434 LtCy 10217 integ.govd   +0.00   +0.00 integ.vbp +0.00 +0.00 omni.gos X     +0.0 ,Y     -0.0. omgD -0.002 omg  +0.00 loop   5013
[0mBatt=23.5 [0m[33mODOM [31mVisionX  +0.00 Y  +0.00 theta   +0.0 elt    0 [0mimu  -0.7 Dt 20450 LtCy 10225 integ.govd   +0.00   +0.00 integ.vbp +0.00 +0.00 omni.gos X     +0.0 ,Y     -0.1. omgD -0.011 omg  +0.00 loop   5022
[0mBatt=23.5 [0m[33mODOM [31mVisionX  +0.00 Y  +0.00 theta   +0.0 elt    0 [0mimu  -0.7 Dt 20466 LtCy 10233 integ.govd   +0.00   +0.00 integ.vbp +0.00 +0.00 omni.gos X     +0.0 ,Y     -0.2. omgD -0.015 omg  +0.00 loop   5009
[0mBatt=23.5 [0m[33mODOM [31mVisionX  +0.00 Y  +0.00 theta   +0.0 elt    0 [0mimu  -0.7 Dt 20482 LtCy 10241 integ.govd   +0.00   +0.00 integ.vbp +0.00 +0.00 omni.gos X     +0.0 ,Y     -0.1. omgD -0.007 omg  +0.00 loop   4997
[0mBatt=23.5 [0m[33mODOM [31mVisionX  +0.00 Y  +0.00 theta   +0.0 elt    0 [0mimu  -0.7 Dt 20498 LtCy 10249 integ.govd   +0.00   +0.00 integ.vbp +0.00 +0.00 omni.gos X     +0.0 ,Y     -0.0. omgD -0.002 omg  +0.00 loop   5021
[0mBatt=23.5 [0m[33mODOM [31mVisionX  +0.00 Y  +0.00 theta   +0.0 elt    0 [0mimu  -0.7 Dt 20514 LtCy 10257 integ.govd   +0.00   +0.00 integ.vbp +0.00 +0.00 omni.gos X     +0.0 ,Y     -0.1. omgD -0.007 omg  +0.00 loop   5024
[0mBatt=23.5 [0m[33mODOM [31mVisionX  +0.00 Y  +0.00 theta   +0.0 elt    0 [0mimu  -0.7 Dt 20530 LtCy 10265 integ.govd   +0.00   +0.00 integ.vbp +0.00 +0.00 omni.gos X     +0.0 ,Y     -0.1. omgD -0.007 omg  +0.00 loop   4982
[0mBatt=23.5 [0m[33mODOM [31mVisionX  +0.00 Y  +0.00 theta   +0.0 elt    0 [0mimu  -0.7 Dt 20546 LtCy 10273 integ.govd   +0.00   +0.00 integ.vbp +0.00 +0.00 omni.gos X     +0.0 ,Y     -0.0. omgD -0.002 omg  +0.00 loop   5027
[0mBatt=23.5 [0m[33mODOM [31mVisionX  +0.00 Y  +0.00 theta   +0.0 elt    0 [0mimu  -0.7 Dt 20562 LtCy 10281 integ.govd   +0.00   +0.00 integ.vbp +0.00 +0.00 omni.gos X     +0.0 ,Y     -0.0. omgD -0.002 omg  +0.00 loop   5022
[0mBatt=23.5 [0m[33mODOM [31mVisionX  +0.00 Y  +0.00 theta   +0.0 elt    0 [0mimu  -0.7 Dt 20578 LtCy 10289 integ.govd   +0.00   +0.00 integ.vbp +0.00 +0.00 omni.gos X     +0.0 ,Y     -0.1. omgD -0.011 omg  +0.00 loop   4984
[0mBatt=23.5 [0m[33mODOM [31mVisionX  +0.00 Y  +0.00 theta   +0.0 elt    0 [0mimu  -0.7 Dt 20594 LtCy 10297 integ.govd   +0.00   +0.00 integ.vbp +0.00 +0.00 omni.gos X     +0.0 ,Y     -0.1. omgD -0.007 omg  +0.00 loop   5020
[0mBatt=23.5 [0m[33mODOM [31mVisionX  +0.00 Y  +0.00 theta   +0.0 elt    0 [0mimu  -0.7 Dt 20610 LtCy 10305 integ.govd   +0.00   +0.00 integ.vbp +0.00 +0.00 omni.gos X     +0.0 ,Y     -0.0. omgD -0.002 omg  +0.00 loop   5021
[0mBatt=23.5 [0m[33mODOM [31mVisionX  +0.00 Y  +0.00 theta   +0.0 elt    0 [0mimu  -0.7 Dt 20626 LtCy 10313 integ.govd   +0.00   +0.00 integ.vbp +0.00 +0.00 omni.gos X     +0.0 ,Y     -0.0. omgD -0.002 omg  +0.00 loop   5007
[0mBatt=23.5 [0m[33mODOM [31mVisionX  +0.00 Y  +0.00 theta   +0.0 elt    0 [0mimu  -0.7 Dt 20642 LtCy 10321 integ.govd   +0.00   +0.00 integ.vbp +0.00 +0.00 omni.gos X     -0.0 ,Y     -0.0. omgD -0.002 omg  +0.00 loop   5002
[0mBatt=23.5 [0m[33mODOM [31mVisionX  +0.00 Y  +0.00 theta   +0.0 elt    0 [0mimu  -0.7 Dt 20658 LtCy 10329 integ.govd   +0.00   +0.00 integ.vbp +0.00 +0.00 omni.gos X     +0.0 ,Y     -0.1. omgD -0.007 omg  +0.00 loop   5019
[0mBatt=23.5 [0m[33mODOM [31mVisionX  +0.00 Y  +0.00 theta   +0.0 elt    0 [0mimu  -0.7 Dt 20674 LtCy 10337 integ.govd   +0.00   +0.00 integ.vbp +0.00 +0.00 omni.gos X     +0.0 ,Y     -0.1. omgD -0.011 omg  +0.00 loop   5012
[0mBatt=23.5 [0m[33mODOM [31mVisionX  +0.00 Y  +0.00 theta   +0.0 elt    0 [0mimu  -0.7 Dt 20690 LtCy 10345 integ.govd   +0.00   +0.00 integ.vbp +0.00 +0.00 omni.gos X     +0.0 ,Y     -0.1. omgD -0.011 omg  +0.00 loop   4994
[0mBatt=23.5 [0m[33mODOM [31mVisionX  +0.00 Y  +0.00 theta   +0.0 elt    0 [0mimu  -0.8 Dt 20706 LtCy 10353 integ.govd   +0.00   +0.00 integ.vbp +0.00 +0.00 omni.gos X     +0.0 ,Y     -0.1. omgD -0.007 omg  +0.00 loop   5028
[0mBatt=23.5 [0m[33mODOM [31mVisionX  +0.00 Y  +0.00 theta   +0.0 elt    0 [0mimu  -0.8 Dt 20722 LtCy 10361 integ.govd   +0.00   +0.00 integ.vbp +0.00 +0.00 omni.gos X     -0.0 ,Y     -0.1. omgD -0.011 omg  +0.00 loop   5015
[0mBatt=23.5 [0m[33mODOM [31mVisionX  +0.00 Y  +0.00 theta   +0.0 elt    0 [0mimu  -0.8 Dt 20738 LtCy 10369 integ.govd   +0.00   +0.00 integ.vbp +0.00 +0.00 omni.gos X     +0.0 ,Y     +0.0. omgD +0.002 omg  +0.00 loop   4985
[0mBatt=23.5 [0m[33mODOM [31mVisionX  +0.00 Y  +0.00 theta   +0.0 elt    0 [0mimu  -0.8 Dt 20754 LtCy 10377 integ.govd   +0.00   +0.00 integ.vbp +0.00 +0.00 omni.gos X     +0.0 ,Y     -0.0. omgD -0.000 omg  +0.00 loop   5014
[0mBatt=23.5 [0m[33mODOM [31mVisionX  +0.00 Y  +0.00 theta   +0.0 elt    0 [0mimu  -0.8 Dt 20770 LtCy 10385 integ.govd   +0.00   +0.00 integ.vbp +0.00 +0.00 omni.gos X     +0.0 ,Y     -0.0. omgD -0.000 omg  +0.00 loop   5029
[0mBatt=23.5 [0m[33mODOM [31mVisionX  +0.00 Y  +0.00 theta   +0.0 elt    0 [0mimu  -0.8 Dt 20786 LtCy 10393 integ.govd   +0.00   +0.00 integ.vbp +0.00 +0.00 omni.gos X     +0.0 ,Y     -0.1. omgD -0.009 omg  +0.00 loop   5001
[0mBatt=23.5 [0m[33mODOM [31mVisionX  +0.00 Y  +0.00 theta   +0.0 elt    0 [0mimu  -0.8 Dt 20802 LtCy 10401 integ.govd   +0.00   +0.00 integ.vbp +0.00 +0.00 omni.gos X     +0.0 ,Y     -0.1. omgD -0.007 omg  +0.00 loop   5011
[0mBatt=23.5 [0m[33mODOM [31mVisionX  +0.00 Y  +0.00 theta   +0.0 elt    0 [0mimu  -0.8 Dt 20818 LtCy 10409 integ.govd   +0.00   +0.00 integ.vbp +0.00 +0.00 omni.gos X     -0.0 ,Y     -0.1. omgD -0.004 omg  +0.00 loop   5025
[0mBatt=23.5 [0m[33mODOM [31mVisionX  +0.00 Y  +0.00 theta   +0.0 elt    0 [0mimu  -0.8 Dt 20834 LtCy 10417 integ.govd   +0.00   +0.00 integ.vbp +0.00 +0.00 omni.gos X     -0.0 ,Y     -0.1. omgD -0.007 omg  +0.00 loop   4995
[0mBatt=23.5 [0m[33mODOM [31mVisionX  +0.00 Y  +0.00 theta   +0.0 elt    0 [0mimu  -0.8 Dt 20850 LtCy 10425 integ.govd   +0.00   +0.00 integ.vbp +0.00 +0.00 omni.gos X     +0.0 ,Y     -0.1. omgD -0.009 omg  +0.00 loop   4997
[0mBatt=23.5 [0m[33mODOM [31mVisionX  +0.00 Y  +0.00 theta   +0.0 elt    0 [0mimu  -0.8 Dt 20866 LtCy 10433 integ.govd   +0.00   +0.00 integ.vbp +0.00 +0.00 omni.gos X     +0.0 ,Y     +0.0. omgD +0.002 omg  +0.00 loop   5017
[0mBatt=23.5 [0m[33mODOM [31mVisionX  +0.00 Y  +0.00 theta   +0.0 elt    0 [0mimu  -0.8 Dt 20882 LtCy 10441 integ.govd   +0.00   +0.00 integ.vbp +0.00 +0.00 omni.gos X     +0.0 ,Y     +0.0. omgD +0.002 omg  +0.00 loop   5022
[0mBatt=23.5 [0m[33mODOM [31mVisionX  +0.00 Y  +0.00 theta   +0.0 elt    0 [0mimu  -0.8 Dt 20898 LtCy 10449 integ.govd   +0.00   +0.00 integ.vbp +0.00 +0.00 omni.gos X     +0.0 ,Y     -0.1. omgD -0.004 omg  +0.00 loop   4981
[0mBatt=23.5 [0m[33mODOM [31mVisionX  +0.00 Y  +0.00 theta   +0.0 elt    0 [0mimu  -0.8 Dt 20914 LtCy 10457 integ.govd   +0.00   +0.00 integ.vbp +0.00 +0.00 omni.gos X     +0.0 ,Y     -0.1. omgD -0.007 omg  +0.00 loop   5035
[0mBatt=23.5 [0m[33mODOM [31mVisionX  +0.00 Y  +0.00 theta   +0.0 elt    0 [0mimu  -0.8 Dt 20930 LtCy 10465 integ.govd   +0.00   +0.00 integ.vbp +0.00 +0.00 omni.gos X     +0.0 ,Y     -0.1. omgD -0.004 omg  +0.00 loop   5023
[0mBatt=23.5 [0m[33mODOM [31mVisionX  +0.00 Y  +0.00 theta   +0.0 elt    0 [0mimu  -0.8 Dt 20946 LtCy 10473 integ.govd   +0.00   +0.00 integ.vbp +0.00 +0.00 omni.gos X     +0.0 ,Y     -0.1. omgD -0.009 omg  +0.00 loop   4985
[0mBatt=23.5 [0m[33mODOM [31mVisionX  +0.00 Y  +0.00 theta   +0.0 elt    0 [0mimu  -0.8 Dt 20962 LtCy 10481 integ.govd   +0.00   +0.00 integ.vbp +0.00 +0.00 omni.gos X     +0.0 ,Y     -0.1. omgD -0.004 omg  +0.00 loop   5020
[0mBatt=23.5 [0m[33mODOM [31mVisionX  +0.00 Y  +0.00 theta   +0.0 elt    0 [0mimu  -0.8 Dt 20978 LtCy 10489 integ.govd   +0.00   +0.00 integ.vbp +0.00 +0.00 omni.gos X     -0.0 ,Y     -0.1. omgD -0.009 omg  +0.00 loop   5018
[0mBatt=23.5 [0m[33mODOM [31mVisionX  +0.00 Y  +0.00 theta   +0.0 elt    0 [0mimu  -0.8 Dt 20994 LtCy 10497 integ.govd   +0.00   +0.00 integ.vbp +0.00 +0.00 omni.gos X     +0.0 ,Y     -0.1. omgD -0.007 omg  +0.00 loop   5003
[0mBatt=23.5 [0m[33mODOM [31mVisionX  +0.00 Y  +0.00 theta   +0.0 elt    0 [0mimu  -0.8 Dt 21002 LtCy 10501 integ.govd   +0.00   +0.00 integ.vbp +0.00 +0.00 omni.gos X     +0.0 ,Y     -0.1. omgD -0.009 omg  +0.00 loop   2403
[0mBatt=23.5 [0m[33mODOM [31mVisionX  +0.00 Y  +0.00 theta   +0.0 elt    0 [0mimu  -0.8 Dt 21018 LtCy 10509 integ.govd   +0.00   +0.00 integ.vbp +0.00 +0.00 omni.gos X     +0.0 ,Y     -0.1. omgD -0.007 omg  +0.00 loop   5021
[0mBatt=23.5 [0m[33mODOM [31mVisionX  +0.00 Y  +0.00 theta   +0.0 elt    0 [0mimu  -0.8 Dt 21034 LtCy 10517 integ.govd   +0.00   +0.00 integ.vbp +0.00 +0.00 omni.gos X     +0.0 ,Y     -0.1. omgD -0.009 omg  +0.00 loop   5025
[0mBatt=23.5 [0m[33mODOM [31mVisionX  +0.00 Y  +0.00 theta   +0.0 elt    0 [0mimu  -0.8 Dt 21050 LtCy 10525 integ.govd   +0.00   +0.00 integ.vbp +0.00 +0.00 omni.gos X     +0.0 ,Y     -0.1. omgD -0.004 omg  +0.00 loop   4991
[0mBatt=23.5 [0m[33mODOM [31mVisionX  +0.00 Y  +0.00 theta   +0.0 elt    0 [0mimu  -0.8 Dt 21066 LtCy 10533 integ.govd   +0.00   +0.00 integ.vbp +0.00 +0.00 omni.gos X     +0.0 ,Y     -0.1. omgD -0.007 omg  +0.00 loop   5018
[0mBatt=23.5 [0m[33mODOM [31mVisionX  +0.00 Y  +0.00 theta   +0.0 elt    0 [0mimu  -0.8 Dt 21082 LtCy 10541 integ.govd   +0.00   +0.00 integ.vbp +0.00 +0.00 omni.gos X     +0.0 ,Y     -0.0. omgD -0.002 omg  +0.00 loop   5026
[0mBatt=23.5 [0m[33mODOM [31mVisionX  +0.00 Y  +0.00 theta   +0.0 elt    0 [0mimu  -0.8 Dt 21098 LtCy 10549 integ.govd   +0.00   +0.00 integ.vbp +0.00 +0.00 omni.gos X     +0.0 ,Y     +0.0. omgD +0.002 omg  +0.00 loop   4998
[0mBatt=23.5 [0m[33mODOM [31mVisionX  +0.00 Y  +0.00 theta   +0.0 elt    0 [0mimu  -0.8 Dt 21114 LtCy 10557 integ.govd   +0.00   +0.00 integ.vbp +0.00 +0.00 omni.gos X     +0.0 ,Y     -0.0. omgD -0.002 omg  +0.00 loop   5010
[0mBatt=23.5 [0m[33mODOM [31mVisionX  +0.00 Y  +0.00 theta   +0.0 elt    0 [0mimu  -0.8 Dt 21130 LtCy 10565 integ.govd   +0.00   +0.00 integ.vbp +0.00 +0.00 omni.gos X     +0.0 ,Y     -0.0. omgD -0.002 omg  +0.00 loop   5020
[0mBatt=23.5 [0m[33mODOM [31mVisionX  +0.00 Y  +0.00 theta   +0.0 elt    0 [0mimu  -0.8 Dt 21146 LtCy 10573 integ.govd   +0.00   +0.00 integ.vbp +0.00 +0.00 omni.gos X     +0.0 ,Y     +0.1. omgD +0.006 omg  +0.00 loop   5012
[0mBatt=23.5 [0m[33mODOM [31mVisionX  +0.00 Y  +0.00 theta   +0.0 elt    0 [0mimu  -0.8 Dt 21162 LtCy 10581 integ.govd   +0.00   +0.00 integ.vbp +0.00 +0.00 omni.gos X     +0.0 ,Y     -0.1. omgD -0.007 omg  +0.00 loop   4997
[0mBatt=23.5 [0m[33mODOM [31mVisionX  +0.00 Y  +0.00 theta   +0.0 elt    0 [0mimu  -0.8 Dt 21178 LtCy 10589 integ.govd   +0.00   +0.00 integ.vbp +0.00 +0.00 omni.gos X     +0.0 ,Y     -0.1. omgD -0.007 omg  +0.00 loop   5026
[0mBatt=23.5 [0m[33mODOM [31mVisionX  +0.00 Y  +0.00 theta   +0.0 elt    0 [0mimu  -0.8 Dt 21194 LtCy 10597 integ.govd   +0.00   +0.00 integ.vbp +0.00 +0.00 omni.gos X     +0.0 ,Y     -0.0. omgD -0.002 omg  +0.00 loop   5024
[0mBatt=23.5 [0m[33mODOM [31mVisionX  +0.00 Y  +0.00 theta   +0.0 elt    0 [0mimu  -0.8 Dt 21210 LtCy 10605 integ.govd   +0.00   +0.00 integ.vbp +0.00 +0.00 omni.gos X     -0.0 ,Y     -0.1. omgD -0.007 omg  +0.00 loop   4984
[0mBatt=23.5 [0m[33mODOM [31mVisionX  +0.00 Y  +0.00 theta   +0.0 elt    0 [0mimu  -0.8 Dt 21226 LtCy 10613 integ.govd   +0.00   +0.00 integ.vbp +0.00 +0.00 omni.gos X     +0.0 ,Y     -0.0. omgD -0.002 omg  +0.00 loop   5016
[0mBatt=23.5 [0m[33mODOM [31mVisionX  +0.00 Y  +0.00 theta   +0.0 elt    0 [0mimu  -0.8 Dt 21242 LtCy 10621 integ.govd   +0.00   +0.00 integ.vbp +0.00 +0.00 omni.gos X     +0.0 ,Y     -0.0. omgD -0.002 omg  +0.00 loop   5021
[0mBatt=23.5 [0m[33mODOM [31mVisionX  +0.00 Y  +0.00 theta   +0.0 elt    0 [0mimu  -0.8 Dt 21258 LtCy 10629 integ.govd   +0.00   +0.00 integ.vbp +0.00 +0.00 omni.gos X     +0.0 ,Y     -0.1. omgD -0.007 omg  +0.00 loop   5001
[0mBatt=23.5 [0m[33mODOM [31mVisionX  +0.00 Y  +0.00 theta   +0.0 elt    0 [0mimu  -0.8 Dt 21274 LtCy 10637 integ.govd   +0.00   +0.00 integ.vbp +0.00 +0.00 omni.gos X     +0.0 ,Y     +0.0. omgD +0.002 omg  +0.00 loop   4990
[0mBatt=23.5 [0m[33mODOM [31mVisionX  +0.00 Y  +0.00 theta   +0.0 elt    0 [0mimu  -0.8 Dt 21290 LtCy 10645 integ.govd   +0.00   +0.00 integ.vbp +0.00 +0.00 omni.gos X     +0.0 ,Y     -0.1. omgD -0.007 omg  +0.00 loop   4508
[0mBatt=23.5 [0m[33mODOM [31mVisionX  +0.00 Y  +0.00 theta   +0.0 elt    0 [0mimu  -0.8 Dt 21306 LtCy 10653 integ.govd   +0.00   +0.00 integ.vbp +0.00 +0.00 omni.gos X     +0.0 ,Y     -0.1. omgD -0.007 omg  +0.00 loop   4498
[0mBatt=23.5 [0m[33mODOM [31mVisionX  +0.00 Y  +0.00 theta   +0.0 elt    0 [0mimu  -0.8 Dt 21322 LtCy 10661 integ.govd   +0.00   +0.00 integ.vbp +0.00 +0.00 omni.gos X     -0.0 ,Y     -0.2. omgD -0.015 omg  +0.00 loop   4481
[0mBatt=23.5 [0m[33mODOM [31mVisionX  +0.00 Y  +0.00 theta   +0.0 elt    0 [0mimu  -0.8 Dt 21338 LtCy 10669 integ.govd   +0.00   +0.00 integ.vbp +0.00 +0.00 omni.gos X     +0.0 ,Y     -0.0. omgD -0.002 omg  +0.00 loop   4503
[0mBatt=23.5 [0m[33mODOM [31mVisionX  +0.00 Y  +0.00 theta   +0.0 elt    0 [0mimu  -0.8 Dt 21354 LtCy 10677 integ.govd   +0.00   +0.00 integ.vbp +0.00 +0.00 omni.gos X     +0.0 ,Y     -0.1. omgD -0.011 omg  +0.00 loop   4500
[0mBatt=23.5 [0m[33mODOM [31mVisionX  +0.00 Y  +0.00 theta   +0.0 elt    0 [0mimu  -0.8 Dt 21370 LtCy 10685 integ.govd   +0.00   +0.00 integ.vbp +0.00 +0.00 omni.gos X     +0.0 ,Y     -0.0. omgD -0.002 omg  +0.00 loop   4474
[0mBatt=23.5 [0m[33mODOM [31mVisionX  +0.00 Y  +0.00 theta   +0.0 elt    0 [0mimu  -0.8 Dt 21386 LtCy 10693 integ.govd   +0.00   +0.00 integ.vbp +0.00 +0.00 omni.gos X     +0.0 ,Y     -0.0. omgD -0.002 omg  +0.00 loop   4503
[0mBatt=23.5 [0m[33mODOM [31mVisionX  +0.00 Y  +0.00 theta   +0.0 elt    0 [0mimu  -0.8 Dt 21402 LtCy 10701 integ.govd   +0.00   +0.00 integ.vbp +0.00 +0.00 omni.gos X     +0.0 ,Y     +0.0. omgD +0.002 omg  +0.00 loop   4508
[0mBatt=23.5 [0m[33mODOM [31mVisionX  +0.00 Y  +0.00 theta   +0.0 elt    0 [0mimu  -0.8 Dt 21418 LtCy 10709 integ.govd   +0.00   +0.00 integ.vbp +0.00 +0.00 omni.gos X     +0.0 ,Y     -0.1. omgD -0.011 omg  +0.00 loop   4474
[0mBatt=23.5 [0m[33mODOM [31mVisionX  +0.00 Y  +0.00 theta   +0.0 elt    0 [0mimu  -0.8 Dt 21434 LtCy 10717 integ.govd   +0.00   +0.00 integ.vbp +0.00 +0.00 omni.gos X     +0.0 ,Y     -0.0. omgD -0.002 omg  +0.00 loop   4504
[0mBatt=23.5 [0m[33mODOM [31mVisionX  +0.00 Y  +0.00 theta   +0.0 elt    0 [0mimu  -0.8 Dt 21450 LtCy 10725 integ.govd   +0.00   +0.00 integ.vbp +0.00 +0.00 omni.gos X     +0.0 ,Y     -0.1. omgD -0.011 omg  +0.00 loop   4509
[0mBatt=23.5 [0m[33mODOM [31mVisionX  +0.00 Y  +0.00 theta   +0.0 elt    0 [0mimu  -0.8 Dt 21466 LtCy 10733 integ.govd   +0.00   +0.00 integ.vbp +0.00 +0.00 omni.gos X     +0.0 ,Y     -0.1. omgD -0.011 omg  +0.00 loop   4482
[0mBatt=23.5 [0m[33mODOM [31mVisionX  +0.00 Y  +0.00 theta   +0.0 elt    0 [0mimu  -0.8 Dt 21482 LtCy 10741 integ.govd   +0.00   +0.00 integ.vbp +0.00 +0.00 omni.gos X     +0.0 ,Y     -0.1. omgD -0.011 omg  +0.00 loop   4496
[0mBatt=23.5 [0m[33mODOM [31mVisionX  +0.00 Y  +0.00 theta   +0.0 elt    0 [0mimu  -0.8 Dt 21498 LtCy 10749 integ.govd   +0.00   +0.00 integ.vbp +0.00 +0.00 omni.gos X     -0.0 ,Y     -0.1. omgD -0.007 omg  +0.00 loop   4504
[0mBatt=23.5 [0m[33mODOM [31mVisionX  +0.00 Y  +0.00 theta   +0.0 elt    0 [0mimu  -0.8 Dt 21514 LtCy 10757 integ.govd   +0.00   +0.00 integ.vbp +0.00 +0.00 omni.gos X     +0.0 ,Y     -0.1. omgD -0.011 omg  +0.00 loop   4496
[0mBatt=23.5 [0m[33mODOM [31mVisionX  +0.00 Y  +0.00 theta   +0.0 elt    0 [0mimu  -0.8 Dt 21530 LtCy 10765 integ.govd   +0.00   +0.00 integ.vbp +0.00 +0.00 omni.gos X     +0.0 ,Y     +0.0. omgD +0.002 omg  +0.00 loop   4476
[0mBatt=23.5 [0m[33mODOM [31mVisionX  +0.00 Y  +0.00 theta   +0.0 elt    0 [0mimu  -0.8 Dt 21546 LtCy 10773 integ.govd   +0.00   +0.00 integ.vbp +0.00 +0.00 omni.gos X     +0.0 ,Y     +0.0. omgD +0.002 omg  +0.00 loop   4514
[0mBatt=23.5 [0m[33mODOM [31mVisionX  +0.00 Y  +0.00 theta   +0.0 elt    0 [0mimu  -0.8 Dt 21562 LtCy 10781 integ.govd   +0.00   +0.00 integ.vbp +0.00 +0.00 omni.gos X     +0.0 ,Y     -0.0. omgD -0.002 omg  +0.00 loop   4508
[0mBatt=23.5 [0m[33mODOM [31mVisionX  +0.00 Y  +0.00 theta   +0.0 elt    0 [0mimu  -0.8 Dt 21578 LtCy 10789 integ.govd   +0.00   +0.00 integ.vbp +0.00 +0.00 omni.gos X     +0.0 ,Y     -0.0. omgD -0.002 omg  +0.00 loop   4465
[0mBatt=23.5 [0m[33mODOM [31mVisionX  +0.00 Y  +0.00 theta   +0.0 elt    0 [0mimu  -0.8 Dt 21594 LtCy 10797 integ.govd   +0.00   +0.00 integ.vbp +0.00 +0.00 omni.gos X     +0.0 ,Y     -0.1. omgD -0.007 omg  +0.00 loop   4512
[0mBatt=23.5 [0m[33mODOM [31mVisionX  +0.00 Y  +0.00 theta   +0.0 elt    0 [0mimu  -0.8 Dt 21610 LtCy 10805 integ.govd   +0.00   +0.00 integ.vbp +0.00 +0.00 omni.gos X     +0.0 ,Y     -0.1. omgD -0.007 omg  +0.00 loop   4502
[0mBatt=23.5 [0m[33mODOM [31mVisionX  +0.00 Y  +0.00 theta   +0.0 elt    0 [0mimu  -0.8 Dt 21626 LtCy 10813 integ.govd   +0.00   +0.00 integ.vbp +0.00 +0.00 omni.gos X     -0.0 ,Y     -0.1. omgD -0.011 omg  +0.00 loop   4490
[0mBatt=23.5 [0m[33mODOM [31mVisionX  +0.00 Y  +0.00 theta   +0.0 elt    0 [0mimu  -0.8 Dt 21642 LtCy 10821 integ.govd   +0.00   +0.00 integ.vbp +0.00 +0.00 omni.gos X     +0.0 ,Y     +0.0. omgD +0.002 omg  +0.00 loop   4481
[0mBatt=23.5 [0m[33mODOM [31mVisionX  +0.00 Y  +0.00 theta   +0.0 elt    0 [0mimu  -0.8 Dt 21658 LtCy 10829 integ.govd   +0.00   +0.00 integ.vbp +0.00 +0.00 omni.gos X     +0.0 ,Y     +0.0. omgD +0.002 omg  +0.00 loop   4507
[0mBatt=23.5 [0m[33mODOM [31mVisionX  +0.00 Y  +0.00 theta   +0.0 elt    0 [0mimu  -0.8 Dt 21674 LtCy 10837 integ.govd   +0.00   +0.00 integ.vbp +0.00 +0.00 omni.gos X     +0.0 ,Y     -0.1. omgD -0.007 omg  +0.00 loop   4487
[0mBatt=23.5 [0m[33mODOM [31mVisionX  +0.00 Y  +0.00 theta   +0.0 elt    0 [0mimu  -0.8 Dt 21690 LtCy 10845 integ.govd   +0.00   +0.00 integ.vbp +0.00 +0.00 omni.gos X     +0.0 ,Y     +0.1. omgD +0.006 omg  +0.00 loop   4492
[0mBatt=23.5 [0m[33mODOM [31mVisionX  +0.00 Y  +0.00 theta   +0.0 elt    0 [0mimu  -0.8 Dt 21706 LtCy 10853 integ.govd   +0.00   +0.00 integ.vbp +0.00 +0.00 omni.gos X     +0.0 ,Y     -0.0. omgD -0.002 omg  +0.00 loop   4514
[0mBatt=23.5 [0m[33mODOM [31mVisionX  +0.00 Y  +0.00 theta   +0.0 elt    0 [0mimu  -0.8 Dt 21722 LtCy 10861 integ.govd   +0.00   +0.00 integ.vbp +0.00 +0.00 omni.gos X     +0.0 ,Y     -0.1. omgD -0.007 omg  +0.00 loop   4498
[0mBatt=23.5 [0m[33mODOM [31mVisionX  +0.00 Y  +0.00 theta   +0.0 elt    0 [0mimu  -0.8 Dt 21738 LtCy 10869 integ.govd   +0.00   +0.00 integ.vbp +0.00 +0.00 omni.gos X     +0.0 ,Y     -0.1. omgD -0.007 omg  +0.00 loop   4481
[0mBatt=23.5 [0m[33mODOM [31mVisionX  +0.00 Y  +0.00 theta   +0.0 elt    0 [0mimu  -0.8 Dt 21754 LtCy 10877 integ.govd   +0.00   +0.00 integ.vbp +0.00 +0.00 omni.gos X     +0.0 ,Y     +0.0. omgD +0.002 omg  +0.00 loop   4504
[0mBatt=23.5 [0m[33mODOM [31mVisionX  +0.00 Y  +0.00 theta   +0.0 elt    0 [0mimu  -0.8 Dt 21770 LtCy 10885 integ.govd   +0.00   +0.00 integ.vbp +0.00 +0.00 omni.gos X     +0.0 ,Y     -0.1. omgD -0.007 omg  +0.00 loop   4512
[0mBatt=23.5 [0m[33mODOM [31mVisionX  +0.00 Y  +0.00 theta   +0.0 elt    0 [0mimu  -0.8 Dt 21786 LtCy 10893 integ.govd   +0.00   +0.00 integ.vbp +0.00 +0.00 omni.gos X     +0.0 ,Y     -0.0. omgD -0.002 omg  +0.00 loop   4416
[0mBatt=23.5 [0m[33mODOM [31mVisionX  +0.00 Y  +0.00 theta   +0.0 elt    0 [0mimu  -0.8 Dt    0 LtCy    0 integ.govd   +0.00   +0.00 integ.vbp +0.00 +0.00 omni.gos X     +0.0 ,Y     -0.1. omgD -0.007 omg  +0.00 loop   4426
[0mBatt=23.5 [0m[33mODOM [31mVisionX  +0.00 Y  +0.00 theta   +0.0 elt    0 [0mimu  -0.8 Dt    2 LtCy    1 integ.govd   +0.00   -0.00 integ.vbp +0.00 -0.00 omni.gos X     +0.0 ,Y     -0.1. omgD -0.007 omg  +0.00 loop   4424
[0mBatt=23.5 [0m[33mODOM [31mVisionX  +0.00 Y  +0.00 theta   +0.0 elt    0 [0mimu  -0.8 Dt    2 LtCy    1 integ.govd   +0.00   -0.00 integ.vbp +0.00 -0.00 omni.gos X     +0.0 ,Y     -0.1. omgD -0.011 omg  +0.00 loop   4383
[0mBatt=23.5 [0m[33mODOM [31mVisionX  +0.00 Y  +0.00 theta   +0.0 elt    0 [0mimu  -0.8 Dt    4 LtCy    2 integ.govd   +0.00   -0.00 integ.vbp +0.00 -0.00 omni.gos X     +0.0 ,Y     -0.0. omgD -0.002 omg  +0.00 loop   4400
[0mBatt=23.5 [0m[33mODOM [31mVisionX  +0.00 Y  +0.00 theta   +0.0 elt    0 [0mimu  -0.8 Dt    4 LtCy    2 integ.govd   -0.00   -0.00 integ.vbp -0.00 -0.00 omni.gos X     +0.0 ,Y     -0.2. omgD -0.015 omg  +0.00 loop   4407
[0mBatt=23.5 [0m[33mODOM [31mVisionX  +0.00 Y  +0.00 theta   +0.0 elt    0 [0mimu  -0.8 Dt    6 LtCy    3 integ.govd   +0.00   -0.00 integ.vbp +0.00 -0.00 omni.gos X     +0.0 ,Y     -0.1. omgD -0.011 omg  +0.00 loop   4393
[0mBatt=23.5 [0m[33mODOM [31mVisionX  +0.00 Y  +0.00 theta   +0.0 elt    0 [0mimu  -0.8 Dt    6 LtCy    3 integ.govd   +0.00   -0.00 integ.vbp +0.00 -0.00 omni.gos X     +0.0 ,Y     -0.1. omgD -0.007 omg  +0.00 loop   4384
[0mBatt=23.5 [0m[33mODOM [31mVisionX  +0.00 Y  +0.00 theta   +0.0 elt    0 [0mimu  -0.8 Dt    8 LtCy    4 integ.govd   +0.00   -0.00 integ.vbp +0.00 -0.00 omni.gos X     +0.0 ,Y     -0.0. omgD -0.002 omg  +0.00 loop   4419
[0mBatt=23.5 [0m[33mODOM [31mVisionX  +0.00 Y  +0.00 theta   +0.0 elt    0 [0mimu  -0.8 Dt   10 LtCy    5 integ.govd   +0.00   -0.00 integ.vbp +0.00 -0.00 omni.gos X     +0.0 ,Y     -0.0. omgD -0.002 omg  +0.00 loop   4405
[0mBatt=23.5 [0m[33mODOM [31mVisionX  +0.00 Y  +0.00 theta   +0.0 elt    0 [0mimu  -0.8 Dt   10 LtCy    5 integ.govd   -0.00   -0.00 integ.vbp -0.00 -0.00 omni.gos X     -0.0 ,Y     -0.2. omgD -0.015 omg  +0.00 loop   4381
[0mBatt=23.5 [0m[33mODOM [31mVisionX  +0.00 Y  +0.00 theta   +0.0 elt    0 [0mimu  -0.8 Dt   12 LtCy    6 integ.govd   -0.00   -0.00 integ.vbp -0.00 -0.00 omni.gos X     +0.0 ,Y     -0.2. omgD -0.015 omg  +0.00 loop   4391
[0mBatt=23.5 [0m[33mODOM [31mVisionX  +0.00 Y  +0.00 theta   +0.0 elt    0 [0mimu  -0.8 Dt   12 LtCy    6 integ.govd   -0.00   -0.00 integ.vbp -0.00 -0.00 omni.gos X     +0.0 ,Y     -0.1. omgD -0.007 omg  +0.00 loop   4392
[0mBatt=23.5 [0m[33mODOM [31mVisionX  +0.00 Y  +0.00 theta   +0.0 elt    0 [0mimu  -0.8 Dt   14 LtCy    7 integ.govd   -0.00   -0.00 integ.vbp -0.00 -0.00 omni.gos X     +0.0 ,Y     -0.1. omgD -0.007 omg  +0.00 loop   4363
[0mBatt=23.5 [0m[33mODOM [31mVisionX  +0.00 Y  +0.00 theta   +0.0 elt    0 [0mimu  -0.8 Dt    6 LtCy    3 integ.govd   +0.00   +0.00 integ.vbp +0.00 +0.00 omni.gos X     +0.0 ,Y     +0.0. omgD +0.002 omg  +0.00 loop   2067
[0mBatt=23.5 [0m[33mODOM [31mVisionX  +0.00 Y  +0.00 theta   +0.0 elt    0 [0mimu  -0.8 Dt    8 LtCy    4 integ.govd   +0.00   +0.00 integ.vbp +0.00 +0.00 omni.gos X     +0.0 ,Y     +0.0. omgD +0.002 omg  +0.00 loop   4409
[0mBatt=23.5 [0m[33mODOM [31mVisionX  +0.00 Y  +0.00 theta   +0.0 elt    0 [0mimu  -0.8 Dt    8 LtCy    4 integ.govd   -0.00   -0.00 integ.vbp -0.00 -0.00 omni.gos X     +0.0 ,Y     -0.1. omgD -0.007 omg  +0.00 loop   4413
[0mBatt=23.5 [0m[33mODOM [31mVisionX  +0.00 Y  +0.00 theta   +0.0 elt    0 [0mimu  -0.8 Dt   10 LtCy    5 integ.govd   -0.00   -0.00 integ.vbp -0.00 -0.00 omni.gos X     -0.0 ,Y     -0.1. omgD -0.007 omg  +0.00 loop   4364
[0mBatt=23.5 [0m[33mODOM [31mVisionX  +0.00 Y  +0.00 theta   +0.0 elt    0 [0mimu  -0.8 Dt   10 LtCy    5 integ.govd   -0.00   -0.00 integ.vbp -0.00 -0.00 omni.gos X     -0.0 ,Y     -0.1. omgD -0.007 omg  +0.00 loop   4400
[0mBatt=23.5 [0m[33mODOM [31mVisionX  +0.00 Y  +0.00 theta   +0.0 elt    0 [0mimu  -0.8 Dt   12 LtCy    6 integ.govd   +0.00   -0.00 integ.vbp +0.00 -0.00 omni.gos X     +0.0 ,Y     -0.1. omgD -0.007 omg  +0.00 loop   4394
[0mBatt=23.5 [0m[33mODOM [31mVisionX  +0.00 Y  +0.00 theta   +0.0 elt    0 [0mimu  -0.8 Dt   14 LtCy    7 integ.govd   -0.00   -0.00 integ.vbp -0.00 -0.00 omni.gos X     +0.0 ,Y     +0.0. omgD +0.002 omg  +0.00 loop   4372
[0mBatt=23.5 [0m[33mODOM [31mVisionX  +0.00 Y  +0.00 theta   +0.0 elt    0 [0mimu  -0.8 Dt    0 LtCy    0 integ.govd   +0.00   +0.00 integ.vbp +0.00 +0.00 omni.gos X     +0.0 ,Y     +0.0. omgD +0.002 omg  +0.00 loop   4327
[0mBatt=23.5 [0m[33mODOM [31mVisionX  +0.00 Y  +0.00 theta   +0.0 elt    0 [0mimu  -0.8 Dt    0 LtCy    0 integ.govd   +0.00   +0.00 integ.vbp +0.00 +0.00 omni.gos X     +0.0 ,Y     -0.1. omgD -0.007 omg  +0.00 loop   4417
[0mBatt=23.5 [0m[33mODOM [31mVisionX  +0.00 Y  +0.00 theta   +0.0 elt    0 [0mimu  -0.8 Dt    2 LtCy    1 integ.govd   +0.00   -0.00 integ.vbp +0.00 -0.00 omni.gos X     +0.0 ,Y     -0.1. omgD -0.007 omg  +0.00 loop   4417
[0mBatt=23.5 [0m[33mODOM [31mVisionX  +0.00 Y  +0.00 theta   +0.0 elt    0 [0mimu  -0.8 Dt    2 LtCy    1 integ.govd   +0.00   -0.00 integ.vbp +0.00 -0.00 omni.gos X     +0.0 ,Y     -0.1. omgD -0.007 omg  +0.00 loop   4385
[0mBatt=23.5 [0m[33mODOM [31mVisionX  +0.00 Y  +0.00 theta   +0.0 elt    0 [0mimu  -0.8 Dt    4 LtCy    2 integ.govd   +0.00   -0.00 integ.vbp +0.00 -0.00 omni.gos X     +0.0 ,Y     -0.0. omgD -0.002 omg  +0.00 loop   4413
[0mBatt=23.5 [0m[33mODOM [31mVisionX  +0.00 Y  +0.00 theta   +0.0 elt    0 [0mimu  -0.8 Dt    4 LtCy    2 integ.govd   +0.00   -0.00 integ.vbp +0.00 -0.00 omni.gos X     +0.0 ,Y     -0.0. omgD -0.002 omg  +0.00 loop   4405
[0mBatt=23.5 [0m[33mODOM [31mVisionX  +0.00 Y  +0.00 theta   +0.0 elt    0 [0mimu  -0.8 Dt    6 LtCy    3 integ.govd   -0.00   -0.00 integ.vbp -0.00 -0.00 omni.gos X     -0.0 ,Y     -0.1. omgD -0.011 omg  +0.00 loop   4381
[0mBatt=23.5 [0m[33mODOM [31mVisionX  +0.00 Y  +0.00 theta   +0.0 elt    0 [0mimu  -0.8 Dt    8 LtCy    4 integ.govd   +0.00   -0.00 integ.vbp +0.00 -0.00 omni.gos X     +0.0 ,Y     -0.1. omgD -0.007 omg  +0.00 loop   4399
[0mBatt=23.5 [0m[33mODOM [31mVisionX  +0.00 Y  +0.00 theta   +0.0 elt    0 [0mimu  -0.8 Dt    8 LtCy    4 integ.govd   -0.00   -0.00 integ.vbp -0.00 -0.00 omni.gos X     +0.0 ,Y     -0.1. omgD -0.007 omg  +0.00 loop   4411
[0mBatt=23.5 [0m[33mODOM [31mVisionX  +0.00 Y  +0.00 theta   +0.0 elt    0 [0mimu  -0.8 Dt   10 LtCy    5 integ.govd   -0.00   -0.00 integ.vbp -0.00 -0.00 omni.gos X     +0.0 ,Y     -0.1. omgD -0.004 omg  +0.00 loop   4379
[0mBatt=23.5 [0m[33mODOM [31mVisionX  +0.00 Y  +0.00 theta   +0.0 elt    0 [0mimu  -0.8 Dt   10 LtCy    5 integ.govd   +0.00   -0.00 integ.vbp +0.00 -0.00 omni.gos X     +0.0 ,Y     +0.0. omgD -0.000 omg  +0.00 loop   4382
[0mBatt=23.5 [0m[33mODOM [31mVisionX  +0.00 Y  +0.00 theta   +0.0 elt    0 [0mimu  -0.8 Dt   12 LtCy    6 integ.govd   -0.00   -0.00 integ.vbp -0.00 -0.00 omni.gos X     +0.0 ,Y     -0.1. omgD -0.009 omg  +0.00 loop   4423
[0mBatt=23.5 [0m[33mODOM [31mVisionX  +0.00 Y  +0.00 theta   +0.0 elt    0 [0mimu  -0.8 Dt   12 LtCy    6 integ.govd   -0.00   -0.00 integ.vbp -0.00 -0.00 omni.gos X     +0.0 ,Y     -0.1. omgD -0.011 omg  +0.00 loop   4366
[0mBatt=23.5 [0m[33mODOM [31mVisionX  +0.00 Y  +0.00 theta   +0.0 elt    0 [0mimu  -0.8 Dt   14 LtCy    7 integ.govd   -0.00   -0.00 integ.vbp -0.00 -0.00 omni.gos X     +0.0 ,Y     -0.0. omgD -0.000 omg  +0.00 loop   4337
[0mBatt=23.5 [0m[33mODOM [31mVisionX  +0.00 Y  +0.00 theta   +0.0 elt    0 [0mimu  -0.8 Dt    0 LtCy    0 integ.govd   +0.00   +0.00 integ.vbp +0.00 +0.00 omni.gos X     -0.0 ,Y     -0.1. omgD -0.011 omg  +0.00 loop   4378
[0mBatt=23.5 [0m[33mODOM [31mVisionX  +0.00 Y  +0.00 theta   +0.0 elt    0 [0mimu  -0.8 Dt    2 LtCy    1 integ.govd   -0.00   -0.00 integ.vbp -0.00 -0.00 omni.gos X     -0.0 ,Y     -0.2. omgD -0.015 omg  +0.00 loop   4408
[0mBatt=23.5 [0m[33mODOM [31mVisionX  +0.00 Y  +0.00 theta   +0.0 elt    0 [0mimu  -0.8 Dt    2 LtCy    1 integ.govd   -0.00   -0.00 integ.vbp -0.00 -0.00 omni.gos X     -0.0 ,Y     -0.2. omgD -0.013 omg  +0.00 loop   4373
[0mBatt=23.5 [0m[33mODOM [31mVisionX  +0.00 Y  +0.00 theta   +0.0 elt    0 [0mimu  -0.8 Dt    4 LtCy    2 integ.govd   -0.00   -0.00 integ.vbp -0.00 -0.00 omni.gos X     -0.0 ,Y     -0.2. omgD -0.017 omg  +0.00 loop   4368
[0mBatt=23.5 [0m[33mODOM [31mVisionX  +0.00 Y  +0.00 theta   +0.0 elt    0 [0mimu  -0.8 Dt    4 LtCy    2 integ.govd   +0.00   -0.00 integ.vbp +0.00 -0.00 omni.gos X     +0.0 ,Y     -0.1. omgD -0.009 omg  +0.00 loop   4384
[0mBatt=23.5 [0m[33mODOM [31mVisionX  +0.00 Y  +0.00 theta   +0.0 elt    0 [0mimu  -0.8 Dt    6 LtCy    3 integ.govd   +0.00   -0.00 integ.vbp +0.00 -0.00 omni.gos X     +0.0 ,Y     -0.1. omgD -0.009 omg  +0.00 loop   4379
[0mBatt=23.5 [0m[33mODOM [31mVisionX  +0.00 Y  +0.00 theta   +0.0 elt    0 [0mimu  -0.8 Dt    6 LtCy    3 integ.govd   +0.00   -0.00 integ.vbp +0.00 -0.00 omni.gos X     +0.0 ,Y     -0.1. omgD -0.004 omg  +0.00 loop   4404
[0mBatt=23.5 [0m[33mODOM [31mVisionX  +0.00 Y  +0.00 theta   +0.0 elt    0 [0mimu  -0.8 Dt    8 LtCy    4 integ.govd   -0.00   -0.00 integ.vbp -0.00 -0.00 omni.gos X     +0.0 ,Y     -0.1. omgD -0.004 omg  +0.00 loop   4413
[0mBatt=23.5 [0m[33mODOM [31mVisionX  +0.00 Y  +0.00 theta   +0.0 elt    0 [0mimu  -0.8 Dt    8 LtCy    4 integ.govd   +0.00   -0.00 integ.vbp +0.00 -0.00 omni.gos X     +0.0 ,Y     +0.0. omgD +0.002 omg  +0.00 loop   4366
[0mBatt=23.5 [0m[33mODOM [31mVisionX  +0.00 Y  +0.00 theta   +0.0 elt    0 [0mimu  -0.8 Dt   10 LtCy    5 integ.govd   +0.00   -0.00 integ.vbp +0.00 -0.00 omni.gos X     +0.0 ,Y     -0.0. omgD -0.002 omg  +0.00 loop   4405
[0mBatt=23.5 [0m[33mODOM [31mVisionX  +0.00 Y  +0.00 theta   +0.0 elt    0 [0mimu  -0.8 Dt   12 LtCy    6 integ.govd   -0.00   -0.00 integ.vbp -0.00 -0.00 omni.gos X     +0.0 ,Y     -0.1. omgD -0.009 omg  +0.00 loop   4413
[0mBatt=23.5 [0m[33mODOM [31mVisionX  +0.00 Y  +0.00 theta   +0.0 elt    0 [0mimu  -0.8 Dt   12 LtCy    6 integ.govd   -0.00   -0.00 integ.vbp -0.00 -0.00 omni.gos X     -0.0 ,Y     -0.1. omgD -0.007 omg  +0.00 loop   4388
[0mBatt=23.5 [0m[33mODOM [31mVisionX  +0.00 Y  +0.00 theta   +0.0 elt    0 [0mimu  -0.8 Dt   14 LtCy    7 integ.govd   -0.00   -0.00 integ.vbp -0.00 -0.00 omni.gos X     -0.0 ,Y     -0.1. omgD -0.007 omg  +0.00 loop   4370
[0mBatt=23.5 [0m[33mODOM [31mVisionX  +0.00 Y  +0.00 theta   +0.0 elt    0 [0mimu  -0.8 Dt    0 LtCy    0 integ.govd   +0.00   +0.00 integ.vbp +0.00 +0.00 omni.gos X     +0.0 ,Y     -0.1. omgD -0.011 omg  +0.00 loop   4323
[0mBatt=23.5 [0m[33mODOM [31mVisionX  +0.00 Y  +0.00 theta   +0.0 elt    0 [0mimu  -0.8 Dt    0 LtCy    0 integ.govd   +0.00   +0.00 integ.vbp +0.00 +0.00 omni.gos X     +0.0 ,Y     -0.1. omgD -0.004 omg  +0.00 loop   4405
[0mBatt=23.5 [0m[33mODOM [31mVisionX  +0.00 Y  +0.00 theta   +0.0 elt    0 [0mimu  -0.8 Dt    2 LtCy    1 integ.govd   +0.00   -0.00 integ.vbp +0.00 -0.00 omni.gos X     +0.0 ,Y     -0.1. omgD -0.011 omg  +0.00 loop   4399
[0mBatt=23.5 [0m[33mODOM [31mVisionX  +0.00 Y  +0.00 theta   +0.0 elt    0 [0mimu  -0.8 Dt    2 LtCy    1 integ.govd   +0.00   -0.00 integ.vbp +0.00 -0.00 omni.gos X     +0.0 ,Y     -0.1. omgD -0.007 omg  +0.00 loop   4410
[0mBatt=23.5 [0m[33mODOM [31mVisionX  +0.00 Y  +0.00 theta   +0.0 elt    0 [0mimu  -0.8 Dt    4 LtCy    2 integ.govd   +0.00   -0.00 integ.vbp +0.00 -0.00 omni.gos X     +0.0 ,Y     -0.1. omgD -0.007 omg  +0.00 loop   4411
[0mBatt=23.5 [0m[33mODOM [31mVisionX  +0.00 Y  +0.00 theta   +0.0 elt    0 [0mimu  -0.8 Dt    4 LtCy    2 integ.govd   +0.00   -0.00 integ.vbp +0.00 -0.00 omni.gos X     +0.0 ,Y     -0.0. omgD -0.002 omg  +0.00 loop   4388
[0mBatt=23.5 [0m[33mODOM [31mVisionX  +0.00 Y  +0.00 theta   +0.0 elt    0 [0mimu  -0.8 Dt    6 LtCy    3 integ.govd   +0.00   -0.00 integ.vbp +0.00 -0.00 omni.gos X     +0.0 ,Y     -0.0. omgD -0.002 omg  +0.00 loop   4411
[0mBatt=23.5 [0m[33mODOM [31mVisionX  +0.00 Y  +0.00 theta   +0.0 elt    0 [0mimu  -0.8 Dt    8 LtCy    4 integ.govd   -0.00   -0.00 integ.vbp -0.00 -0.00 omni.gos X     +0.0 ,Y     -0.1. omgD -0.011 omg  +0.00 loop   4420
[0mBatt=23.5 [0m[33mODOM [31mVisionX  +0.00 Y  +0.00 theta   +0.0 elt    0 [0mimu  -0.8 Dt    8 LtCy    4 integ.govd   -0.00   -0.00 integ.vbp -0.00 -0.00 omni.gos X     +0.0 ,Y     -0.1. omgD -0.011 omg  +0.00 loop   4365
[0mBatt=23.5 [0m[33mODOM [31mVisionX  +0.00 Y  +0.00 theta   +0.0 elt    0 [0mimu  -0.8 Dt   10 LtCy    5 integ.govd   -0.00   -0.00 integ.vbp -0.00 -0.00 omni.gos X     +0.0 ,Y     -0.1. omgD -0.011 omg  +0.00 loop   4389
[0mBatt=23.5 [0m[33mODOM [31mVisionX  +0.00 Y  +0.00 theta   +0.0 elt    0 [0mimu  -0.8 Dt   10 LtCy    5 integ.govd   +0.00   -0.00 integ.vbp +0.00 -0.00 omni.gos X     +0.0 ,Y     -0.0. omgD -0.002 omg  +0.00 loop   4392
[0mBatt=23.5 [0m[33mODOM [31mVisionX  +0.00 Y  +0.00 theta   +0.0 elt    0 [0mimu  -0.8 Dt   12 LtCy    6 integ.govd   -0.00   -0.00 integ.vbp -0.00 -0.00 omni.gos X     +0.0 ,Y     -0.1. omgD -0.007 omg  +0.00 loop   4396
[0mBatt=23.5 [0m[33mODOM [31mVisionX  +0.00 Y  +0.00 theta   +0.0 elt    0 [0mimu  -0.8 Dt   12 LtCy    6 integ.govd   +0.00   +0.00 integ.vbp +0.00 +0.00 omni.gos X     +0.0 ,Y     -0.0. omgD -0.002 omg  +0.00 loop   4371
[0mBatt=23.5 [0m[33mODOM [31mVisionX  +0.00 Y  +0.00 theta   +0.0 elt    0 [0mimu  -0.8 Dt   14 LtCy    7 integ.govd   -0.00   -0.00 integ.vbp -0.00 -0.00 omni.gos X     -0.0 ,Y     -0.3. omgD -0.019 omg  +0.00 loop   4365
[0mBatt=23.5 [0m[33mODOM [31mVisionX  +0.00 Y  +0.00 theta   +0.0 elt    0 [0mimu  -0.8 Dt    0 LtCy    0 integ.govd   +0.00   +0.00 integ.vbp +0.00 +0.00 omni.gos X     +0.0 ,Y     -0.1. omgD -0.011 omg  +0.00 loop   4367
[0mBatt=23.5 [0mODOM [31mVisionX  +0.00 Y  +0.00 theta   +0.0 elt    0 [0mimu  -0.8 Dt    0 LtCy    0 integ.govd   +0.00   +0.00 integ.vbp +0.00 +0.00 omni.gos X     -0.0 ,Y     -0.0. omgD -0.002 omg  +0.00 loop   4399
[0mBatt=23.5 [0mODOM [31mVisionX  +0.00 Y  +0.00 theta   +0.0 elt    0 [0mimu  -0.8 Dt    2 LtCy    1 integ.govd   +0.00   -0.00 integ.vbp +0.00 -0.00 omni.gos X     +0.0 ,Y     -0.1. omgD -0.007 omg  +0.00 loop   4451
[0mBatt=23.5 [0mODOM [31mVisionX  +0.00 Y  +0.00 theta   +0.0 elt    0 [0mimu  -0.8 Dt    4 LtCy    2 integ.govd   -0.00   -0.00 integ.vbp -0.00 -0.00 omni.gos X     -0.0 ,Y     -0.2. omgD -0.015 omg  +0.00 loop   4440
[0mBatt=23.5 [0mODOM [31mVisionX  +0.00 Y  +0.00 theta   +0.0 elt    0 [0mimu  -0.8 Dt    4 LtCy    2 integ.govd   +0.00   -0.00 integ.vbp +0.00 -0.00 omni.gos X     +0.0 ,Y     -0.0. omgD -0.002 omg  +0.00 loop   4380
[0mBatt=23.5 [0mODOM [31mVisionX  +0.00 Y  +0.00 theta   +0.0 elt    0 [0mimu  -0.8 Dt    6 LtCy    3 integ.govd   +0.00   -0.00 integ.vbp +0.00 -0.00 omni.gos X     +0.0 ,Y     -0.0. omgD -0.002 omg  +0.00 loop   4431
[0mBatt=23.5 [0mODOM [31mVisionX  +0.00 Y  +0.00 theta   +0.0 elt    0 [0mimu  -0.8 Dt    6 LtCy    3 integ.govd   +0.00   -0.00 integ.vbp +0.00 -0.00 omni.gos X     +0.0 ,Y     -0.1. omgD -0.007 omg  +0.00 loop   4436
[0mBatt=23.5 [0mODOM [31mVisionX  +0.00 Y  +0.00 theta   +0.0 elt    0 [0mimu  -0.8 Dt    8 LtCy    4 integ.govd   -0.00   -0.00 integ.vbp -0.00 -0.00 omni.gos X     +0.0 ,Y     -0.1. omgD -0.011 omg  +0.00 loop   4420
[0mBatt=23.5 [0mODOM [31mVisionX  +0.00 Y  +0.00 theta   +0.0 elt    0 [0mimu  -0.8 Dt    8 LtCy    4 integ.govd   +0.00   -0.00 integ.vbp +0.00 -0.00 omni.gos X     +0.0 ,Y     -0.1. omgD -0.007 omg  +0.00 loop   4402
[0mBatt=23.5 [0mODOM [31mVisionX  +0.00 Y  +0.00 theta   +0.0 elt    0 [0mimu  -0.8 Dt   10 LtCy    5 integ.govd   -0.00   -0.00 integ.vbp -0.00 -0.00 omni.gos X     +0.0 ,Y     -0.1. omgD -0.007 omg  +0.00 loop   4449
[0mBatt=23.5 [0mODOM [31mVisionX  +0.00 Y  +0.00 theta   +0.0 elt    0 [0mimu  -0.8 Dt   10 LtCy    5 integ.govd   -0.00   -0.00 integ.vbp -0.00 -0.00 omni.gos X     +0.0 ,Y     -0.1. omgD -0.011 omg  +0.00 loop   4404
[0mBatt=23.5 [0mODOM [31mVisionX  +0.00 Y  +0.00 theta   +0.0 elt    0 [0mimu  -0.8 Dt   12 LtCy    6 integ.govd   -0.00   -0.00 integ.vbp -0.00 -0.00 omni.gos X     +0.0 ,Y     -0.0. omgD -0.002 omg  +0.00 loop   4406
[0mBatt=23.5 [0mODOM [31mVisionX  +0.00 Y  +0.00 theta   +0.0 elt    0 [0mimu  -0.8 Dt   14 LtCy    7 integ.govd   +0.00   -0.00 integ.vbp +0.00 -0.00 omni.gos X     +0.0 ,Y     +0.0. omgD +0.002 omg  +0.00 loop   4425
[0mBatt=23.5 [0mODOM [31mVisionX  +0.00 Y  +0.00 theta   +0.0 elt    0 [0mimu  -0.8 Dt    0 LtCy    0 integ.govd   +0.00   +0.00 integ.vbp +0.00 +0.00 omni.gos X     +0.0 ,Y     -0.1. omgD -0.007 omg  +0.00 loop   4353
[0mBatt=23.5 [0mODOM [31mVisionX  +0.00 Y  +0.00 theta   +0.0 elt    0 [0mimu  -0.8 Dt    0 LtCy    0 integ.govd   +0.00   +0.00 integ.vbp +0.00 +0.00 omni.gos X     +0.0 ,Y     -0.2. omgD -0.015 omg  +0.00 loop   4414
[0mBatt=23.5 [0mODOM [31mVisionX  +0.00 Y  +0.00 theta   +0.0 elt    0 [0mimu  -0.8 Dt    8 LtCy    4 integ.govd   -0.00   -0.00 integ.vbp -0.00 -0.00 omni.gos X     +0.0 ,Y     -0.1. omgD -0.007 omg  +0.00 loop   2181
[0mBatt=23.5 [0mODOM [31mVisionX  +0.00 Y  +0.00 theta   +0.0 elt    0 [0mimu  -0.8 Dt   10 LtCy    5 integ.govd   -0.00   -0.00 integ.vbp -0.00 -0.00 omni.gos X     +0.0 ,Y     -0.1. omgD -0.007 omg  +0.00 loop   4425
[0mBatt=23.5 [0mODOM [31mVisionX  +0.00 Y  +0.00 theta   +0.0 elt    0 [0mimu  -0.8 Dt   10 LtCy    5 integ.govd   -0.00   -0.00 integ.vbp -0.00 -0.00 omni.gos X     +0.0 ,Y     -0.1. omgD -0.011 omg  +0.00 loop   4417
[0mBatt=23.5 [0mODOM [31mVisionX  +0.00 Y  +0.00 theta   +0.0 elt    0 [0mimu  -0.8 Dt   12 LtCy    6 integ.govd   -0.00   -0.00 integ.vbp -0.00 -0.00 omni.gos X     +0.0 ,Y     -0.0. omgD -0.002 omg  +0.00 loop   4397
[0mBatt=23.5 [0mODOM [31mVisionX  +0.00 Y  +0.00 theta   +0.0 elt    0 [0mimu  -0.8 Dt   12 LtCy    6 integ.govd   -0.00   -0.00 integ.vbp -0.00 -0.00 omni.gos X     +0.0 ,Y     -0.1. omgD -0.011 omg  +0.00 loop   4425
[0mBatt=23.5 [0mODOM [31mVisionX  +0.00 Y  +0.00 theta   +0.0 elt    0 [0mimu  -0.8 Dt   14 LtCy    7 integ.govd   -0.00   -0.00 integ.vbp -0.00 -0.00 omni.gos X     +0.0 ,Y     -0.0. omgD -0.002 omg  +0.00 loop   4351
[0mBatt=23.5 [0mODOM [31mVisionX  +0.00 Y  +0.00 theta   +0.0 elt    0 [0mimu  -0.8 Dt    0 LtCy    0 integ.govd   +0.00   +0.00 integ.vbp +0.00 +0.00 omni.gos X     +0.0 ,Y     -0.1. omgD -0.011 omg  +0.00 loop   4386
[0mBatt=23.5 [0mODOM [31mVisionX  +0.00 Y  +0.00 theta   +0.0 elt    0 [0mimu  -0.8 Dt    2 LtCy    1 integ.govd   +0.00   -0.00 integ.vbp +0.00 -0.00 omni.gos X     +0.0 ,Y     -0.0. omgD -0.002 omg  +0.00 loop   4457
[0mBatt=23.5 [0mODOM [31mVisionX  +0.00 Y  +0.00 theta   +0.0 elt    0 [0mimu  -0.8 Dt    2 LtCy    1 integ.govd   +0.00   -0.00 integ.vbp +0.00 -0.00 omni.gos X     +0.0 ,Y     -0.1. omgD -0.007 omg  +0.00 loop   4426
[0mBatt=23.5 [0mODOM [31mVisionX  +0.00 Y  +0.00 theta   +0.0 elt    0 [0mimu  -0.8 Dt    4 LtCy    2 integ.govd   +0.00   -0.00 integ.vbp +0.00 -0.00 omni.gos X     +0.0 ,Y     -0.0. omgD -0.002 omg  +0.00 loop   4419
[0mBatt=23.5 [0mODOM [31mVisionX  +0.00 Y  +0.00 theta   +0.0 elt    0 [0mimu  -0.9 Dt    4 LtCy    2 integ.govd   +0.00   -0.00 integ.vbp +0.00 -0.00 omni.gos X     +0.0 ,Y     -0.0. omgD -0.002 omg  +0.00 loop   4419
[0mBatt=23.5 [0mODOM [31mVisionX  +0.00 Y  +0.00 theta   +0.0 elt    0 [0mimu  -0.9 Dt    6 LtCy    3 integ.govd   +0.00   -0.00 integ.vbp +0.00 -0.00 omni.gos X     +0.0 ,Y     -0.1. omgD -0.011 omg  +0.00 loop   4448
[0mBatt=23.5 [0mODOM [31mVisionX  +0.00 Y  +0.00 theta   +0.0 elt    0 [0mimu  -0.9 Dt    6 LtCy    3 integ.govd   -0.00   -0.00 integ.vbp -0.00 -0.00 omni.gos X     +0.0 ,Y     -0.1. omgD -0.011 omg  +0.00 loop   4410
[0mBatt=23.5 [0mODOM [31mVisionX  +0.00 Y  +0.00 theta   +0.0 elt    0 [0mimu  -0.9 Dt    8 LtCy    4 integ.govd   -0.00   -0.00 integ.vbp -0.00 -0.00 omni.gos X     -0.0 ,Y     -0.1. omgD -0.011 omg  +0.00 loop   4414
[0mBatt=23.5 [0mODOM [31mVisionX  +0.00 Y  +0.00 theta   +0.0 elt    0 [0mimu  -0.9 Dt    8 LtCy    4 integ.govd   -0.00   -0.00 integ.vbp -0.00 -0.00 omni.gos X     -0.0 ,Y     -0.1. omgD -0.007 omg  +0.00 loop   4417
[0mBatt=23.5 [0mODOM [31mVisionX  +0.00 Y  +0.00 theta   +0.0 elt    0 [0mimu  -0.9 Dt   10 LtCy    5 integ.govd   -0.00   -0.00 integ.vbp -0.00 -0.00 omni.gos X     -0.0 ,Y     -0.1. omgD -0.011 omg  +0.00 loop   4415
[0mBatt=23.5 [0mODOM [31mVisionX  +0.00 Y  +0.00 theta   +0.0 elt    0 [0mimu  -0.9 Dt   10 LtCy    5 integ.govd   +0.00   -0.00 integ.vbp +0.00 -0.00 omni.gos X     +0.0 ,Y     -0.2. omgD -0.015 omg  +0.00 loop   4391
[0mBatt=23.5 [0mODOM [31mVisionX  +0.00 Y  +0.00 theta   +0.0 elt    0 [0mimu  -0.9 Dt   12 LtCy    6 integ.govd   -0.00   -0.00 integ.vbp -0.00 -0.00 omni.gos X     +0.0 ,Y     -0.1. omgD -0.011 omg  +0.00 loop   4436
[0mBatt=23.5 [0mODOM [31mVisionX  +0.00 Y  +0.00 theta   +0.0 elt    0 [0mimu  -0.9 Dt   14 LtCy    7 integ.govd   -0.00   -0.00 integ.vbp -0.00 -0.00 omni.gos X     -0.0 ,Y     -0.2. omgD -0.015 omg  +0.00 loop   4428
[0mBatt=23.5 [0mODOM [31mVisionX  +0.00 Y  +0.00 theta   +0.0 elt    0 [0mimu  -0.9 Dt    0 LtCy    0 integ.govd   +0.00   +0.00 integ.vbp +0.00 +0.00 omni.gos X     +0.0 ,Y     -0.1. omgD -0.007 omg  +0.00 loop   4306
[0mBatt=23.5 [0mODOM [31mVisionX  +0.00 Y  +0.00 theta   +0.0 elt    0 [0mimu  -0.9 Dt    0 LtCy    0 integ.govd   +0.00   +0.00 integ.vbp +0.00 +0.00 omni.gos X     +0.0 ,Y     -0.1. omgD -0.007 omg  +0.00 loop   4445
[0mBatt=23.5 [0mODOM [31mVisionX  +0.00 Y  +0.00 theta   +0.0 elt    0 [0mimu  -0.9 Dt    2 LtCy    1 integ.govd   +0.00   -0.00 integ.vbp +0.00 -0.00 omni.gos X     +0.0 ,Y     -0.0. omgD -0.002 omg  +0.00 loop   4455
[0mBatt=23.5 [0mODOM [31mVisionX  +0.00 Y  +0.00 theta   +0.0 elt    0 [0mimu  -0.9 Dt    2 LtCy    1 integ.govd   +0.00   +0.00 integ.vbp +0.00 +0.00 omni.gos X     +0.0 ,Y     +0.0. omgD +0.002 omg  +0.00 loop   4410
[0mBatt=23.5 [0mODOM [31mVisionX  +0.00 Y  +0.00 theta   +0.0 elt    0 [0mimu  -0.9 Dt    4 LtCy    2 integ.govd   +0.00   -0.00 integ.vbp +0.00 -0.00 omni.gos X     +0.0 ,Y     -0.0. omgD -0.002 omg  +0.00 loop   4424
[0mBatt=23.5 [0mODOM [31mVisionX  +0.00 Y  +0.00 theta   +0.0 elt    0 [0mimu  -0.9 Dt    4 LtCy    2 integ.govd   -0.00   -0.00 integ.vbp -0.00 -0.00 omni.gos X     -0.0 ,Y     -0.1. omgD -0.007 omg  +0.00 loop   4438
[0mBatt=23.5 [0mODOM [31mVisionX  +0.00 Y  +0.00 theta   +0.0 elt    0 [0mimu  -0.9 Dt    6 LtCy    3 integ.govd   +0.00   -0.00 integ.vbp +0.00 -0.00 omni.gos X     +0.0 ,Y     -0.1. omgD -0.007 omg  +0.00 loop   4411
[0mBatt=23.5 [0mODOM [31mVisionX  +0.00 Y  +0.00 theta   +0.0 elt    0 [0mimu  -0.9 Dt    6 LtCy    3 integ.govd   +0.00   -0.00 integ.vbp +0.00 -0.00 omni.gos X     +0.0 ,Y     -0.0. omgD -0.002 omg  +0.00 loop   4408
[0mBatt=23.5 [0mODOM [31mVisionX  +0.00 Y  +0.00 theta   +0.0 elt    0 [0mimu  -0.9 Dt    8 LtCy    4 integ.govd   -0.00   -0.00 integ.vbp -0.00 -0.00 omni.gos X     +0.0 ,Y     -0.2. omgD -0.015 omg  +0.00 loop   4449
[0mBatt=23.5 [0mODOM [31mVisionX  +0.00 Y  +0.00 theta   +0.0 elt    0 [0mimu  -0.9 Dt    8 LtCy    4 integ.govd   -0.00   -0.00 integ.vbp -0.00 -0.00 omni.gos X     +0.0 ,Y     -0.1. omgD -0.007 omg  +0.00 loop   4417
[0mBatt=23.5 [0mODOM [31mVisionX  +0.00 Y  +0.00 theta   +0.0 elt    0 [0mimu  -0.9 Dt   10 LtCy    5 integ.govd   +0.00   -0.00 integ.vbp +0.00 -0.00 omni.gos X     +0.0 ,Y     +0.0. omgD +0.002 omg  +0.00 loop   4397
[0mBatt=23.5 [0mODOM [31mVisionX  +0.00 Y  +0.00 theta   +0.0 elt    0 [0mimu  -0.9 Dt   12 LtCy    6 integ.govd   -0.00   -0.00 integ.vbp -0.00 -0.00 omni.gos X     -0.0 ,Y     -0.0. omgD -0.002 omg  +0.00 loop   4442
[0mBatt=23.5 [0mODOM [31mVisionX  +0.00 Y  +0.00 theta   +0.0 elt    0 [0mimu  -0.9 Dt   12 LtCy    6 integ.govd   +0.00   -0.00 integ.vbp +0.00 -0.00 omni.gos X     +0.0 ,Y     -0.0. omgD -0.002 omg  +0.00 loop   4418
[0mBatt=23.5 [0mODOM [31mVisionX  +0.00 Y  +0.00 theta   +0.0 elt    0 [0mimu  -0.9 Dt   14 LtCy    7 integ.govd   -0.00   -0.00 integ.vbp -0.00 -0.00 omni.gos X     -0.0 ,Y     -0.1. omgD -0.011 omg  +0.00 loop   4408
[0mBatt=23.5 [0mODOM [31mVisionX  +0.00 Y  +0.00 theta   +0.0 elt    0 [0mimu  -0.9 Dt    0 LtCy    0 integ.govd   +0.00   +0.00 integ.vbp +0.00 +0.00 omni.gos X     +0.0 ,Y     -0.1. omgD -0.007 omg  +0.00 loop   4336
[0mBatt=23.5 [0mODOM [31mVisionX  +0.00 Y  +0.00 theta   +0.0 elt    0 [0mimu  -0.9 Dt    0 LtCy    0 integ.govd   +0.00   +0.00 integ.vbp +0.00 +0.00 omni.gos X     +0.0 ,Y     -0.0. omgD -0.002 omg  +0.00 loop   4452
[0mBatt=23.5 [0mODOM [31mVisionX  +0.00 Y  +0.00 theta   +0.0 elt    0 [0mimu  -0.9 Dt    2 LtCy    1 integ.govd   +0.00   -0.00 integ.vbp +0.00 -0.00 omni.gos X     +0.0 ,Y     -0.1. omgD -0.007 omg  +0.00 loop   4434
[0mBatt=23.5 [0mODOM [31mVisionX  +0.00 Y  +0.00 theta   +0.0 elt    0 [0mimu  -0.9 Dt    2 LtCy    1 integ.govd   +0.00   -0.00 integ.vbp +0.00 -0.00 omni.gos X     +0.0 ,Y     -0.2. omgD -0.015 omg  +0.00 loop   4420
[0mBatt=23.5 [0mODOM [31mVisionX  +0.00 Y  +0.00 theta   +0.0 elt    0 [0mimu  -0.9 Dt    4 LtCy    2 integ.govd   -0.00   -0.00 integ.vbp -0.00 -0.00 omni.gos X     +0.0 ,Y     -0.1. omgD -0.011 omg  +0.00 loop   4441
[0mBatt=23.5 [0mODOM [31mVisionX  +0.00 Y  +0.00 theta   +0.0 elt    0 [0mimu  -0.9 Dt    4 LtCy    2 integ.govd   -0.00   -0.00 integ.vbp -0.00 -0.00 omni.gos X     +0.0 ,Y     -0.1. omgD -0.011 omg  +0.00 loop   4419
[0mBatt=23.5 [0mODOM [31mVisionX  +0.00 Y  +0.00 theta   +0.0 elt    0 [0mimu  -0.9 Dt    6 LtCy    3 integ.govd   -0.00   -0.00 integ.vbp -0.00 -0.00 omni.gos X     +0.0 ,Y     -0.1. omgD -0.011 omg  +0.00 loop   4397
[0mBatt=23.5 [0mODOM [31mVisionX  +0.00 Y  +0.00 theta   +0.0 elt    0 [0mimu  -0.9 Dt    8 LtCy    4 integ.govd   +0.00   +0.00 integ.vbp +0.00 +0.00 omni.gos X     +0.0 ,Y     +0.0. omgD +0.002 omg  +0.00 loop   4427
[0mBatt=23.5 [0mODOM [31mVisionX  +0.00 Y  +0.00 theta   +0.0 elt    0 [0mimu  -0.9 Dt    8 LtCy    4 integ.govd   +0.00   -0.00 integ.vbp +0.00 -0.00 omni.gos X     +0.0 ,Y     -0.1. omgD -0.007 omg  +0.00 loop   4438
[0mBatt=23.5 [0mODOM [31mVisionX  +0.00 Y  +0.00 theta   +0.0 elt    0 [0mimu  -0.9 Dt   10 LtCy    5 integ.govd   -0.00   -0.00 integ.vbp -0.00 -0.00 omni.gos X     -0.0 ,Y     -0.1. omgD -0.009 omg  +0.00 loop   4404
[0mBatt=23.5 [0mODOM [31mVisionX  +0.00 Y  +0.00 theta   +0.0 elt    0 [0mimu  -0.9 Dt   10 LtCy    5 integ.govd   -0.00   -0.00 integ.vbp -0.00 -0.00 omni.gos X     +0.0 ,Y     -0.1. omgD -0.011 omg  +0.00 loop   4418
[0mBatt=23.5 [0mODOM [31mVisionX  +0.00 Y  +0.00 theta   +0.0 elt    0 [0mimu  -0.9 Dt   12 LtCy    6 integ.govd   -0.00   -0.00 integ.vbp -0.00 -0.00 omni.gos X     -0.0 ,Y     -0.1. omgD -0.007 omg  +0.00 loop   4427
[0mBatt=23.5 [0mODOM [31mVisionX  +0.00 Y  +0.00 theta   +0.0 elt    0 [0mimu  -0.9 Dt   12 LtCy    6 integ.govd   -0.00   -0.00 integ.vbp -0.00 -0.00 omni.gos X     +0.0 ,Y     -0.1. omgD -0.009 omg  +0.00 loop   4390
[0mBatt=23.5 [0mODOM [31mVisionX  +0.00 Y  +0.00 theta   +0.0 elt    0 [0mimu  -0.9 Dt    0 LtCy    0 integ.govd   +0.00   +0.00 integ.vbp +0.00 +0.00 omni.gos X     -0.0 ,Y     -0.1. omgD -0.004 omg  +0.00 loop   4330
[0mBatt=23.5 [0mODOM [31mVisionX  +0.00 Y  +0.00 theta   +0.0 elt    0 [0mimu  -0.9 Dt    0 LtCy    0 integ.govd   +0.00   +0.00 integ.vbp +0.00 +0.00 omni.gos X     +0.0 ,Y     -0.1. omgD -0.007 omg  +0.00 loop   4447
[0mBatt=23.5 [0mODOM [31mVisionX  +0.00 Y  +0.00 theta   +0.0 elt    0 [0mimu  -0.9 Dt    2 LtCy    1 integ.govd   +0.00   -0.00 integ.vbp +0.00 -0.00 omni.gos X     +0.0 ,Y     -0.1. omgD -0.009 omg  +0.00 loop   4439
[0mBatt=23.5 [0mODOM [31mVisionX  +0.00 Y  +0.00 theta   +0.0 elt    0 [0mimu  -0.9 Dt    2 LtCy    1 integ.govd   +0.00   +0.00 integ.vbp +0.00 +0.00 omni.gos X     +0.0 ,Y     +0.0. omgD +0.002 omg  +0.00 loop   4414
[0mBatt=23.5 [0mODOM [31mVisionX  +0.00 Y  +0.00 theta   +0.0 elt    0 [0mimu  -0.9 Dt    4 LtCy    2 integ.govd   +0.00   -0.00 integ.vbp +0.00 -0.00 omni.gos X     +0.0 ,Y     -0.1. omgD -0.007 omg  +0.00 loop   4444
[0mBatt=23.5 [0mODOM [31mVisionX  +0.00 Y  +0.00 theta   +0.0 elt    0 [0mimu  -0.9 Dt    4 LtCy    2 integ.govd   +0.00   -0.00 integ.vbp +0.00 -0.00 omni.gos X     +0.0 ,Y     -0.1. omgD -0.004 omg  +0.00 loop   4425
[0mBatt=23.5 [0mODOM [31mVisionX  +0.00 Y  +0.00 theta   +0.0 elt    0 [0mimu  -0.9 Dt    6 LtCy    3 integ.govd   +0.00   +0.00 integ.vbp +0.00 +0.00 omni.gos X     +0.0 ,Y     +0.1. omgD +0.004 omg  +0.00 loop   4410
[0mBatt=23.5 [0mODOM [31mVisionX  +0.00 Y  +0.00 theta   +0.0 elt    0 [0mimu  -0.9 Dt    6 LtCy    3 integ.govd   -0.00   -0.00 integ.vbp -0.00 -0.00 omni.gos X     -0.0 ,Y     -0.1. omgD -0.009 omg  +0.00 loop   4407
[0mBatt=23.5 [0mODOM [31mVisionX  +0.00 Y  +0.00 theta   +0.0 elt    0 [0mimu  -0.9 Dt    8 LtCy    4 integ.govd   -0.00   -0.00 integ.vbp -0.00 -0.00 omni.gos X     +0.0 ,Y     -0.1. omgD -0.007 omg  +0.00 loop   4428
[0mBatt=23.5 [0mODOM [31mVisionX  +0.00 Y  +0.00 theta   +0.0 elt    0 [0mimu  -0.9 Dt    8 LtCy    4 integ.govd   +0.00   -0.00 integ.vbp +0.00 -0.00 omni.gos X     +0.0 ,Y     +0.0. omgD -0.000 omg  +0.00 loop   4394
[0mBatt=23.5 [0mODOM [31mVisionX  +0.00 Y  +0.00 theta   +0.0 elt    0 [0mimu  -0.9 Dt   10 LtCy    5 integ.govd   +0.00   -0.00 integ.vbp +0.00 -0.00 omni.gos X     +0.0 ,Y     -0.1. omgD -0.004 omg  +0.00 loop   4440
[0mBatt=23.5 [0mODOM [31mVisionX  +0.00 Y  +0.00 theta   +0.0 elt    0 [0mimu  -0.9 Dt   12 LtCy    6 integ.govd   +0.00   -0.00 integ.vbp +0.00 -0.00 omni.gos X     +0.0 ,Y     -0.1. omgD -0.004 omg  +0.00 loop   4445
[0mBatt=23.5 [0mODOM [31mVisionX  +0.00 Y  +0.00 theta   +0.0 elt    0 [0mimu  -0.9 Dt   12 LtCy    6 integ.govd   -0.00   -0.00 integ.vbp -0.00 -0.00 omni.gos X     +0.0 ,Y     -0.1. omgD -0.011 omg  +0.00 loop   4413
[0mBatt=23.5 [0mODOM [31mVisionX  +0.00 Y  +0.00 theta   +0.0 elt    0 [0mimu  -0.9 Dt   12 LtCy    6 integ.govd   -0.00   -0.00 integ.vbp -0.00 -0.00 omni.gos X     -0.0 ,Y     -0.1. omgD -0.011 omg  +0.00 loop   4408
[0mBatt=23.5 [0mODOM [31mVisionX  +0.00 Y  +0.00 theta   +0.0 elt    0 [0mimu  -0.9 Dt   14 LtCy    7 integ.govd   -0.00   -0.00 integ.vbp -0.00 -0.00 omni.gos X     -0.0 ,Y     -0.1. omgD -0.009 omg  +0.00 loop   4382
[0mBatt=23.5 [0mODOM [31mVisionX  +0.00 Y  +0.00 theta   +0.0 elt    0 [0mimu  -0.9 Dt    0 LtCy    0 integ.govd   +0.00   +0.00 integ.vbp +0.00 +0.00 omni.gos X     +0.0 ,Y     -0.1. omgD -0.004 omg  +0.00 loop   4369
[0mBatt=23.5 [0mODOM [31mVisionX  +0.00 Y  +0.00 theta   +0.0 elt    0 [0mimu  -0.9 Dt    0 LtCy    0 integ.govd   +0.00   +0.00 integ.vbp +0.00 +0.00 omni.gos X     +0.0 ,Y     -0.0. omgD -0.000 omg  +0.00 loop   4427
[0mBatt=23.5 [0mODOM [31mVisionX  +0.00 Y  +0.00 theta   +0.0 elt    0 [0mimu  -0.9 Dt    8 LtCy    4 integ.govd   +0.00   +0.00 integ.vbp +0.00 +0.00 omni.gos X     +0.0 ,Y     -0.0. omgD -0.002 omg  +0.00 loop   2183
[0mBatt=23.5 [0mODOM [31mVisionX  +0.00 Y  +0.00 theta   +0.0 elt    0 [0mimu  -0.9 Dt   10 LtCy    5 integ.govd   +0.00   +0.00 integ.vbp +0.00 +0.00 omni.gos X     +0.0 ,Y     -0.0. omgD -0.002 omg  +0.00 loop   4439
[0mBatt=23.5 [0mODOM [31mVisionX  +0.00 Y  +0.00 theta   +0.0 elt    0 [0mimu  -0.9 Dt   12 LtCy    6 integ.govd   +0.00   -0.00 integ.vbp +0.00 -0.00 omni.gos X     +0.0 ,Y     -0.1. omgD -0.004 omg  +0.00 loop   4426
[0mBatt=23.5 [0mODOM [31mVisionX  +0.00 Y  +0.00 theta   +0.0 elt    0 [0mimu  -0.9 Dt   12 LtCy    6 integ.govd   -0.00   -0.00 integ.vbp -0.00 -0.00 omni.gos X     +0.0 ,Y     -0.1. omgD -0.011 omg  +0.00 loop   4416
[0mBatt=23.5 [0mODOM [31mVisionX  +0.00 Y  +0.00 theta   +0.0 elt    0 [0mimu  -0.9 Dt   14 LtCy    7 integ.govd   -0.00   -0.00 integ.vbp -0.00 -0.00 omni.gos X     +0.0 ,Y     -0.0. omgD -0.002 omg  +0.00 loop   4411
[0mBatt=23.5 [0mODOM [31mVisionX  +0.00 Y  +0.00 theta   +0.0 elt    0 [0mimu  -0.9 Dt    0 LtCy    0 integ.govd   +0.00   +0.00 integ.vbp +0.00 +0.00 omni.gos X     +0.0 ,Y     -0.0. omgD -0.002 omg  +0.00 loop   4368
[0mBatt=23.5 [0mODOM [31mVisionX  +0.00 Y  +0.00 theta   +0.0 elt    0 [0mimu  -0.9 Dt    0 LtCy    0 integ.govd   +0.00   +0.00 integ.vbp +0.00 +0.00 omni.gos X     +0.0 ,Y     -0.0. omgD -0.002 omg  +0.00 loop   4423
[0mBatt=23.5 [0mODOM [31mVisionX  +0.00 Y  +0.00 theta   +0.0 elt    0 [0mimu  -0.9 Dt    2 LtCy    1 integ.govd   +0.00   -0.00 integ.vbp +0.00 -0.00 omni.gos X     +0.0 ,Y     -0.1. omgD -0.007 omg  +0.00 loop   4452
[0mBatt=23.5 [0mODOM [31mVisionX  +0.00 Y  +0.00 theta   +0.0 elt    0 [0mimu  -0.9 Dt    4 LtCy    2 integ.govd   +0.00   -0.00 integ.vbp +0.00 -0.00 omni.gos X     +0.0 ,Y     -0.0. omgD -0.002 omg  +0.00 loop   4442
[0mBatt=23.5 [0mODOM [31mVisionX  +0.00 Y  +0.00 theta   +0.0 elt    0 [0mimu  -0.9 Dt    4 LtCy    2 integ.govd   +0.00   -0.00 integ.vbp +0.00 -0.00 omni.gos X     +0.0 ,Y     -0.1. omgD -0.011 omg  +0.00 loop   4401
[0mBatt=23.5 [0mODOM [31mVisionX  +0.00 Y  +0.00 theta   +0.0 elt    0 [0mimu  -0.9 Dt    6 LtCy    3 integ.govd   +0.00   -0.00 integ.vbp +0.00 -0.00 omni.gos X     +0.0 ,Y     -0.1. omgD -0.007 omg  +0.00 loop   4439
[0mBatt=23.5 [0mODOM [31mVisionX  +0.00 Y  +0.00 theta   +0.0 elt    0 [0mimu  -0.9 Dt    6 LtCy    3 integ.govd   +0.00   -0.00 integ.vbp +0.00 -0.00 omni.gos X     +0.0 ,Y     -0.1. omgD -0.007 omg  +0.00 loop   4436
[0mBatt=23.5 [0mODOM [31mVisionX  +0.00 Y  +0.00 theta   +0.0 elt    0 [0mimu  -0.9 Dt    8 LtCy    4 integ.govd   -0.00   -0.00 integ.vbp -0.00 -0.00 omni.gos X     +0.0 ,Y     -0.1. omgD -0.007 omg  +0.00 loop   4413
[0mBatt=23.5 [0mODOM [31mVisionX  +0.00 Y  +0.00 theta   +0.0 elt    0 [0mimu  -0.9 Dt    8 LtCy    4 integ.govd   +0.00   -0.00 integ.vbp +0.00 -0.00 omni.gos X     +0.0 ,Y     -0.0. omgD -0.002 omg  +0.00 loop   4414
[0mBatt=23.5 [0mODOM [31mVisionX  +0.00 Y  +0.00 theta   +0.0 elt    0 [0mimu  -0.9 Dt   10 LtCy    5 integ.govd   -0.00   -0.00 integ.vbp -0.00 -0.00 omni.gos X     +0.0 ,Y     -0.1. omgD -0.007 omg  +0.00 loop   4438
[0mBatt=23.5 [0mODOM [31mVisionX  +0.00 Y  +0.00 theta   +0.0 elt    0 [0mimu  -0.9 Dt   10 LtCy    5 integ.govd   -0.00   -0.00 integ.vbp -0.00 -0.00 omni.gos X     -0.0 ,Y     -0.3. omgD -0.019 omg  +0.00 loop   4409
[0mBatt=23.5 [0mODOM [31mVisionX  +0.00 Y  +0.00 theta   +0.0 elt    0 [0mimu  -0.9 Dt   12 LtCy    6 integ.govd   -0.00   -0.00 integ.vbp -0.00 -0.00 omni.gos X     +0.0 ,Y     -0.1. omgD -0.011 omg  +0.00 loop   4393
[0mBatt=23.5 [0mODOM [31mVisionX  +0.00 Y  +0.00 theta   +0.0 elt    0 [0mimu  -0.9 Dt   14 LtCy    7 integ.govd   +0.00   -0.00 integ.vbp +0.00 -0.00 omni.gos X     +0.0 ,Y     -0.0. omgD -0.002 omg  +0.00 loop   4429
[0mBatt=23.5 [0mODOM [31mVisionX  +0.00 Y  +0.00 theta   +0.0 elt    0 [0mimu  -0.9 Dt    0 LtCy    0 integ.govd   +0.00   +0.00 integ.vbp +0.00 +0.00 omni.gos X     +0.0 ,Y     -0.1. omgD -0.011 omg  +0.00 loop   4351
[0mBatt=23.5 [0mODOM [31mVisionX  +0.00 Y  +0.00 theta   +0.0 elt    0 [0mimu  -0.9 Dt    0 LtCy    0 integ.govd   +0.00   +0.00 integ.vbp +0.00 +0.00 omni.gos X     +0.0 ,Y     -0.0. omgD -0.002 omg  +0.00 loop   4418
[0mBatt=23.5 [0mODOM [31mVisionX  +0.00 Y  +0.00 theta   +0.0 elt    0 [0mimu  -0.9 Dt    2 LtCy    1 integ.govd   +0.00   -0.00 integ.vbp +0.00 -0.00 omni.gos X     +0.0 ,Y     -0.0. omgD -0.002 omg  +0.00 loop   4457
[0mBatt=23.5 [0mODOM [31mVisionX  +0.00 Y  +0.00 theta   +0.0 elt    0 [0mimu  -0.9 Dt    2 LtCy    1 integ.govd   +0.00   -0.00 integ.vbp +0.00 -0.00 omni.gos X     +0.0 ,Y     -0.0. omgD -0.002 omg  +0.00 loop   4432
[0mBatt=23.5 [0mODOM [31mVisionX  +0.00 Y  +0.00 theta   +0.0 elt    0 [0mimu  -0.9 Dt    4 LtCy    2 integ.govd   -0.00   -0.00 integ.vbp -0.00 -0.00 omni.gos X     -0.0 ,Y     -0.1. omgD -0.007 omg  +0.00 loop   4409
[0mBatt=23.5 [0mODOM [31mVisionX  +0.00 Y  +0.00 theta   +0.0 elt    0 [0mimu  -0.9 Dt    4 LtCy    2 integ.govd   -0.00   -0.00 integ.vbp -0.00 -0.00 omni.gos X     -0.0 ,Y     -0.3. omgD -0.019 omg  +0.00 loop   4401
[0mBatt=23.5 [0mODOM [31mVisionX  +0.00 Y  +0.00 theta   +0.0 elt    0 [0mimu  -0.9 Dt    6 LtCy    3 integ.govd   -0.00   -0.00 integ.vbp -0.00 -0.00 omni.gos X     -0.0 ,Y     -0.2. omgD -0.015 omg  +0.00 loop   4423
[0mBatt=23.5 [0mODOM [31mVisionX  +0.00 Y  +0.00 theta   +0.0 elt    0 [0mimu  -0.9 Dt    6 LtCy    3 integ.govd   -0.00   -0.00 integ.vbp -0.00 -0.00 omni.gos X     -0.0 ,Y     -0.1. omgD -0.007 omg  +0.00 loop   4393
[0mBatt=23.5 [0mODOM [31mVisionX  +0.00 Y  +0.00 theta   +0.0 elt    0 [0mimu  -0.9 Dt    8 LtCy    4 integ.govd   +0.00   -0.00 integ.vbp +0.00 -0.00 omni.gos X     +0.0 ,Y     -0.1. omgD -0.011 omg  +0.00 loop   4405
[0mBatt=23.5 [0mODOM [31mVisionX  +0.00 Y  +0.00 theta   +0.0 elt    0 [0mimu  -0.9 Dt    8 LtCy    4 integ.govd   -0.00   -0.00 integ.vbp -0.00 -0.00 omni.gos X     -0.0 ,Y     -0.1. omgD -0.011 omg  +0.00 loop   4439
[0mBatt=23.5 [0mODOM [31mVisionX  +0.00 Y  +0.00 theta   +0.0 elt    0 [0mimu  -0.9 Dt   10 LtCy    5 integ.govd   -0.00   -0.00 integ.vbp -0.00 -0.00 omni.gos X     +0.0 ,Y     -0.1. omgD -0.007 omg  +0.00 loop   4395
[0mBatt=23.5 [0mODOM [31mVisionX  +0.00 Y  +0.00 theta   +0.0 elt    0 [0mimu  -0.9 Dt   12 LtCy    6 integ.govd   -0.00   -0.00 integ.vbp -0.00 -0.00 omni.gos X     +0.0 ,Y     -0.1. omgD -0.011 omg  +0.00 loop   4409
[0mBatt=23.5 [0mODOM [31mVisionX  +0.00 Y  +0.00 theta   +0.0 elt    0 [0mimu  -0.9 Dt   12 LtCy    6 integ.govd   -0.00   -0.00 integ.vbp -0.00 -0.00 omni.gos X     +0.0 ,Y     +0.0. omgD +0.002 omg  +0.00 loop   4421
[0mBatt=23.5 [0mODOM [31mVisionX  +0.00 Y  +0.00 theta   +0.0 elt    0 [0mimu  -0.9 Dt   14 LtCy    7 integ.govd   -0.00   -0.00 integ.vbp -0.00 -0.00 omni.gos X     -0.0 ,Y     -0.1. omgD -0.007 omg  +0.00 loop   4416
[0mBatt=23.5 [0mODOM [31mVisionX  +0.00 Y  +0.00 theta   +0.0 elt    0 [0mimu  -0.9 Dt    0 LtCy    0 integ.govd   +0.00   +0.00 integ.vbp +0.00 +0.00 omni.gos X     +0.0 ,Y     -0.0. omgD -0.002 omg  +0.00 loop   4311
[0mBatt=23.5 [0mODOM [31mVisionX  +0.00 Y  +0.00 theta   +0.0 elt    0 [0mimu  -0.9 Dt    0 LtCy    0 integ.govd   +0.00   +0.00 integ.vbp +0.00 +0.00 omni.gos X     +0.0 ,Y     -0.0. omgD -0.002 omg  +0.00 loop   4451
[0mBatt=23.5 [0mODOM [31mVisionX  +0.00 Y  +0.00 theta   +0.0 elt    0 [0mimu  -0.9 Dt    2 LtCy    1 integ.govd   -0.00   -0.00 integ.vbp -0.00 -0.00 omni.gos X     -0.0 ,Y     -0.0. omgD -0.002 omg  +0.00 loop   4459
[0mBatt=23.5 [0mODOM [31mVisionX  +0.00 Y  +0.00 theta   +0.0 elt    0 [0mimu  -0.9 Dt    4 LtCy    2 integ.govd   -0.00   -0.00 integ.vbp -0.00 -0.00 omni.gos X     -0.0 ,Y     -0.1. omgD -0.007 omg  +0.00 loop   4398
[0mBatt=23.5 [0mODOM [31mVisionX  +0.00 Y  +0.00 theta   +0.0 elt    0 [0mimu  -0.9 Dt    4 LtCy    2 integ.govd   +0.00   -0.00 integ.vbp +0.00 -0.00 omni.gos X     +0.0 ,Y     -0.0. omgD -0.002 omg  +0.00 loop   4415
[0mBatt=23.5 [0mODOM [31mVisionX  +0.00 Y  +0.00 theta   +0.0 elt    0 [0mimu  -0.9 Dt    4 LtCy    2 integ.govd   +0.00   +0.00 integ.vbp +0.00 +0.00 omni.gos X     +0.0 ,Y     +0.0. omgD +0.002 omg  +0.00 loop   4433
[0mBatt=23.5 [0mODOM [31mVisionX  +0.00 Y  +0.00 theta   +0.0 elt    0 [0mimu  -0.9 Dt    6 LtCy    3 integ.govd   +0.00   -0.00 integ.vbp +0.00 -0.00 omni.gos X     +0.0 ,Y     -0.1. omgD -0.011 omg  +0.00 loop   4420
[0mBatt=23.5 [0mODOM [31mVisionX  +0.00 Y  +0.00 theta   +0.0 elt    0 [0mimu  -0.9 Dt    6 LtCy    3 integ.govd   +0.00   -0.00 integ.vbp +0.00 -0.00 omni.gos X     +0.0 ,Y     -0.1. omgD -0.007 omg  +0.00 loop   4419
[0mBatt=23.5 [0mODOM [31mVisionX  +0.00 Y  +0.00 theta   +0.0 elt    0 [0mimu  -0.9 Dt    8 LtCy    4 integ.govd   -0.00   -0.00 integ.vbp -0.00 -0.00 omni.gos X     +0.0 ,Y     -0.1. omgD -0.007 omg  +0.00 loop   4432
[0mBatt=23.5 [0mODOM [31mVisionX  +0.00 Y  +0.00 theta   +0.0 elt    0 [0mimu  -0.9 Dt   10 LtCy    5 integ.govd   -0.00   -0.00 integ.vbp -0.00 -0.00 omni.gos X     +0.0 ,Y     -0.1. omgD -0.007 omg  +0.00 loop   4418
[0mBatt=23.5 [0mODOM [31mVisionX  +0.00 Y  +0.00 theta   +0.0 elt    0 [0mimu  -0.9 Dt   10 LtCy    5 integ.govd   -0.00   -0.00 integ.vbp -0.00 -0.00 omni.gos X     +0.0 ,Y     -0.1. omgD -0.007 omg  +0.00 loop   4404
[0mBatt=23.5 [0mODOM [31mVisionX  +0.00 Y  +0.00 theta   +0.0 elt    0 [0mimu  -0.9 Dt   12 LtCy    6 integ.govd   +0.00   -0.00 integ.vbp +0.00 -0.00 omni.gos X     +0.0 ,Y     +0.0. omgD +0.002 omg  +0.00 loop   4423
[0mBatt=23.5 [0mODOM [31mVisionX  +0.00 Y  +0.00 theta   +0.0 elt    0 [0mimu  -0.9 Dt   12 LtCy    6 integ.govd   -0.00   -0.00 integ.vbp -0.00 -0.00 omni.gos X     +0.0 ,Y     -0.1. omgD -0.011 omg  +0.00 loop   4415
[0mBatt=23.5 [0mODOM [31mVisionX  +0.00 Y  +0.00 theta   +0.0 elt    0 [0mimu  -0.9 Dt   14 LtCy    7 integ.govd   +0.00   -0.00 integ.vbp +0.00 -0.00 omni.gos X     +0.0 ,Y     -0.0. omgD -0.002 omg  +0.00 loop   4323
[0mBatt=23.5 [0mODOM [31mVisionX  +0.00 Y  +0.00 theta   +0.0 elt    0 [0mimu  -0.9 Dt    0 LtCy    0 integ.govd   +0.00   +0.00 integ.vbp +0.00 +0.00 omni.gos X     +0.0 ,Y     -0.0. omgD -0.002 omg  +0.00 loop   4414
[0mBatt=23.5 [0mODOM [31mVisionX  +0.00 Y  +0.00 theta   +0.0 elt    0 [0mimu  -0.9 Dt    2 LtCy    1 integ.govd   +0.00   -0.00 integ.vbp +0.00 -0.00 omni.gos X     +0.0 ,Y     -0.1. omgD -0.007 omg  +0.00 loop   4458
[0mBatt=23.5 [0mODOM [31mVisionX  +0.00 Y  +0.00 theta   +0.0 elt    0 [0mimu  -0.9 Dt    2 LtCy    1 integ.govd   -0.00   -0.00 integ.vbp -0.00 -0.00 omni.gos X     -0.0 ,Y     -0.1. omgD -0.011 omg  +0.00 loop   4411
[0mBatt=23.5 [0mODOM [31mVisionX  +0.00 Y  +0.00 theta   +0.0 elt    0 [0mimu  -0.9 Dt    4 LtCy    2 integ.govd   +0.00   +0.00 integ.vbp +0.00 +0.00 omni.gos X     +0.0 ,Y     +0.0. omgD +0.002 omg  +0.00 loop   4411
[0mBatt=23.5 [0mODOM [31mVisionX  +0.00 Y  +0.00 theta   +0.0 elt    0 [0mimu  -0.9 Dt    4 LtCy    2 integ.govd   +0.00   -0.00 integ.vbp +0.00 -0.00 omni.gos X     +0.0 ,Y     -0.1. omgD -0.011 omg  +0.00 loop   4433
[0mBatt=23.5 [0mODOM [31mVisionX  +0.00 Y  +0.00 theta   +0.0 elt    0 [0mimu  -0.9 Dt    6 LtCy    3 integ.govd   -0.00   -0.00 integ.vbp -0.00 -0.00 omni.gos X     +0.0 ,Y     -0.0. omgD -0.002 omg  +0.00 loop   4423
[0mBatt=23.5 [0mODOM [31mVisionX  +0.00 Y  +0.00 theta   +0.0 elt    0 [0mimu  -0.9 Dt    6 LtCy    3 integ.govd   +0.00   -0.00 integ.vbp +0.00 -0.00 omni.gos X     +0.0 ,Y     -0.0. omgD -0.002 omg  +0.00 loop   4395
[0mBatt=23.5 [0mODOM [31mVisionX  +0.00 Y  +0.00 theta   +0.0 elt    0 [0mimu  -0.9 Dt    8 LtCy    4 integ.govd   -0.00   -0.00 integ.vbp -0.00 -0.00 omni.gos X     +0.0 ,Y     -0.1. omgD -0.011 omg  +0.00 loop   4441
[0mBatt=23.5 [0mODOM [31mVisionX  +0.00 Y  +0.00 theta   +0.0 elt    0 [0mimu  -0.9 Dt    8 LtCy    4 integ.govd   +0.00   -0.00 integ.vbp +0.00 -0.00 omni.gos X     +0.0 ,Y     -0.1. omgD -0.007 omg  +0.00 loop   4420
[0mBatt=23.5 [0mODOM [31mVisionX  +0.00 Y  +0.00 theta   +0.0 elt    0 [0mimu  -0.9 Dt   10 LtCy    5 integ.govd   +0.00   +0.00 integ.vbp +0.00 +0.00 omni.gos X     +0.0 ,Y     +0.1. omgD +0.006 omg  +0.00 loop   4407
[0mBatt=23.5 [0mODOM [31mVisionX  +0.00 Y  +0.00 theta   +0.0 elt    0 [0mimu  -0.9 Dt   12 LtCy    6 integ.govd   -0.00   -0.00 integ.vbp -0.00 -0.00 omni.gos X     +0.0 ,Y     -0.1. omgD -0.007 omg  +0.00 loop   4439
[0mBatt=23.5 [0mODOM [31mVisionX  +0.00 Y  +0.00 theta   +0.0 elt    0 [0mimu  -0.9 Dt   12 LtCy    6 integ.govd   -0.00   -0.00 integ.vbp -0.00 -0.00 omni.gos X     +0.0 ,Y     -0.0. omgD -0.002 omg  +0.00 loop   4427
[0mBatt=23.5 [0mODOM [31mVisionX  +0.00 Y  +0.00 theta   +0.0 elt    0 [0mimu  -0.9 Dt   12 LtCy    6 integ.govd   -0.00   -0.00 integ.vbp -0.00 -0.00 omni.gos X     +0.0 ,Y     -0.1. omgD -0.007 omg  +0.00 loop   4388
[0mBatt=23.5 [0mODOM [31mVisionX  +0.00 Y  +0.00 theta   +0.0 elt    0 [0mimu  -0.9 Dt   14 LtCy    7 integ.govd   -0.00   -0.00 integ.vbp -0.00 -0.00 omni.gos X     +0.0 ,Y     -0.1. omgD -0.011 omg  +0.00 loop   4352
[0mBatt=23.5 [0mODOM [31mVisionX  +0.00 Y  +0.00 theta   +0.0 elt    0 [0mimu  -0.9 Dt    0 LtCy    0 integ.govd   +0.00   +0.00 integ.vbp +0.00 +0.00 omni.gos X     +0.0 ,Y     +0.0. omgD +0.002 omg  +0.00 loop   4403
[0mBatt=23.5 [0mODOM [31mVisionX  +0.00 Y  +0.00 theta   +0.0 elt    0 [0mimu  -0.9 Dt    2 LtCy    1 integ.govd   -0.00   -0.00 integ.vbp -0.00 -0.00 omni.gos X     -0.0 ,Y     -0.1. omgD -0.007 omg  +0.00 loop   4433
[0mBatt=23.5 [0mODOM [31mVisionX  +0.00 Y  +0.00 theta   +0.0 elt    0 [0mimu  -0.9 Dt    2 LtCy    1 integ.govd   +0.00   -0.00 integ.vbp +0.00 -0.00 omni.gos X     +0.0 ,Y     -0.0. omgD -0.002 omg  +0.00 loop   4406
[0mBatt=23.5 [0mODOM [31mVisionX  +0.00 Y  +0.00 theta   +0.0 elt    0 [0mimu  -0.9 Dt   10 LtCy    5 integ.govd   +0.00   +0.00 integ.vbp +0.00 +0.00 omni.gos X     +0.0 ,Y     +0.0. omgD +0.002 omg  +0.00 loop   2164
[0mBatt=23.5 [0mODOM [31mVisionX  +0.00 Y  +0.00 theta   +0.0 elt    0 [0mimu  -0.9 Dt   12 LtCy    6 integ.govd   -0.00   -0.00 integ.vbp -0.00 -0.00 omni.gos X     +0.0 ,Y     -0.2. omgD -0.015 omg  +0.00 loop   4439
[0mBatt=23.5 [0mODOM [31mVisionX  +0.00 Y  +0.00 theta   +0.0 elt    0 [0mimu  -0.9 Dt   12 LtCy    6 integ.govd   -0.00   -0.00 integ.vbp -0.00 -0.00 omni.gos X     +0.0 ,Y     -0.1. omgD -0.011 omg  +0.00 loop   4385
[0mBatt=23.5 [0mODOM [31mVisionX  +0.00 Y  +0.00 theta   +0.0 elt    0 [0mimu  -0.9 Dt    0 LtCy    0 integ.govd   +0.00   +0.00 integ.vbp +0.00 +0.00 omni.gos X     +0.0 ,Y     -0.1. omgD -0.007 omg  +0.00 loop   4352
[0mBatt=23.5 [0mODOM [31mVisionX  +0.00 Y  +0.00 theta   +0.0 elt    0 [0mimu  -0.9 Dt    0 LtCy    0 integ.govd   +0.00   +0.00 integ.vbp +0.00 +0.00 omni.gos X     -0.0 ,Y     -0.1. omgD -0.011 omg  +0.00 loop   4457
[0mBatt=23.5 [0mODOM [31mVisionX  +0.00 Y  +0.00 theta   +0.0 elt    0 [0mimu  -0.9 Dt    0 LtCy    0 integ.govd   +0.00   +0.00 integ.vbp +0.00 +0.00 omni.gos X     +0.0 ,Y     +0.0. omgD +0.002 omg  +0.00 loop   4427
[0mBatt=23.5 [0mODOM [31mVisionX  +0.00 Y  +0.00 theta   +0.0 elt    0 [0mimu  -0.9 Dt    2 LtCy    1 integ.govd   +0.00   -0.00 integ.vbp +0.00 -0.00 omni.gos X     +0.0 ,Y     -0.1. omgD -0.007 omg  +0.00 loop   4429
[0mBatt=23.5 [0mODOM [31mVisionX  +0.00 Y  +0.00 theta   +0.0 elt    0 [0mimu  -0.9 Dt    2 LtCy    1 integ.govd   -0.00   -0.00 integ.vbp -0.00 -0.00 omni.gos X     -0.0 ,Y     -0.2. omgD -0.015 omg  +0.00 loop   4435
[0mBatt=23.5 [0mODOM [31mVisionX  +0.00 Y  +0.00 theta   +0.0 elt    0 [0mimu  -0.9 Dt    4 LtCy    2 integ.govd   -0.00   -0.00 integ.vbp -0.00 -0.00 omni.gos X     +0.0 ,Y     -0.2. omgD -0.015 omg  +0.00 loop   4404
[0mBatt=23.5 [0mODOM [31mVisionX  +0.00 Y  +0.00 theta   +0.0 elt    0 [0mimu  -0.9 Dt    6 LtCy    3 integ.govd   +0.00   -0.00 integ.vbp +0.00 -0.00 omni.gos X     +0.0 ,Y     -0.0. omgD -0.002 omg  +0.00 loop   4398
[0mBatt=23.5 [0mODOM [31mVisionX  +0.00 Y  +0.00 theta   +0.0 elt    0 [0mimu  -0.9 Dt    6 LtCy    3 integ.govd   -0.00   -0.00 integ.vbp -0.00 -0.00 omni.gos X     -0.0 ,Y     -0.1. omgD -0.009 omg  +0.00 loop   4440
[0mBatt=23.5 [0mODOM [31mVisionX  +0.00 Y  +0.00 theta   +0.0 elt    0 [0mimu  -0.9 Dt    8 LtCy    4 integ.govd   -0.00   -0.00 integ.vbp -0.00 -0.00 omni.gos X     +0.0 ,Y     -0.1. omgD -0.007 omg  +0.00 loop   4419
[0mBatt=23.5 [0mODOM [31mVisionX  +0.00 Y  +0.00 theta   +0.0 elt    0 [0mimu  -0.9 Dt    8 LtCy    4 integ.govd   +0.00   +0.00 integ.vbp +0.00 +0.00 omni.gos X     +0.0 ,Y     -0.0. omgD -0.002 omg  +0.00 loop   4389
[0mBatt=23.5 [0mODOM [31mVisionX  +0.00 Y  +0.00 theta   +0.0 elt    0 [0mimu  -0.9 Dt   10 LtCy    5 integ.govd   -0.00   -0.00 integ.vbp -0.00 -0.00 omni.gos X     +0.0 ,Y     -0.0. omgD -0.000 omg  +0.00 loop   4435
[0mBatt=23.5 [0mODOM [31mVisionX  +0.00 Y  +0.00 theta   +0.0 elt    0 [0mimu  -0.9 Dt   12 LtCy    6 integ.govd   +0.00   -0.00 integ.vbp +0.00 -0.00 omni.gos X     +0.0 ,Y     -0.1. omgD -0.004 omg  +0.00 loop   4431
[0mBatt=23.5 [0mODOM [31mVisionX  +0.00 Y  +0.00 theta   +0.0 elt    0 [0mimu  -0.9 Dt   12 LtCy    6 integ.govd   -0.00   -0.00 integ.vbp -0.00 -0.00 omni.gos X     +0.0 ,Y     +0.0. omgD -0.000 omg  +0.00 loop   4418
[0mBatt=23.5 [0mODOM [31mVisionX  +0.00 Y  +0.00 theta   +0.0 elt    0 [0mimu  -0.9 Dt   12 LtCy    6 integ.govd   -0.00   -0.00 integ.vbp -0.00 -0.00 omni.gos X     +0.0 ,Y     -0.1. omgD -0.007 omg  +0.00 loop   4386
[0mBatt=23.5 [0mODOM [31mVisionX  +0.00 Y  +0.00 theta   +0.0 elt    0 [0mimu  -0.9 Dt    0 LtCy    0 integ.govd   +0.00   +0.00 integ.vbp +0.00 +0.00 omni.gos X     +0.0 ,Y     -0.1. omgD -0.007 omg  +0.00 loop   4376
[0mBatt=23.5 [0mODOM [31mVisionX  +0.00 Y  +0.00 theta   +0.0 elt    0 [0mimu  -0.9 Dt    0 LtCy    0 integ.govd   +0.00   +0.00 integ.vbp +0.00 +0.00 omni.gos X     +0.0 ,Y     -0.1. omgD -0.007 omg  +0.00 loop   4432
[0mBatt=23.5 [0mODOM [31mVisionX  +0.00 Y  +0.00 theta   +0.0 elt    0 [0mimu  -0.9 Dt    2 LtCy    1 integ.govd   +0.00   -0.00 integ.vbp +0.00 -0.00 omni.gos X     +0.0 ,Y     -0.1. omgD -0.004 omg  +0.00 loop   4436
[0mBatt=23.5 [0mODOM [31mVisionX  +0.00 Y  +0.00 theta   +0.0 elt    0 [0mimu  -0.9 Dt    2 LtCy    1 integ.govd   +0.00   -0.00 integ.vbp +0.00 -0.00 omni.gos X     +0.0 ,Y     -0.1. omgD -0.011 omg  +0.00 loop   4439
[0mBatt=23.5 [0mODOM [31mVisionX  +0.00 Y  +0.00 theta   +0.0 elt    0 [0mimu  -0.9 Dt    4 LtCy    2 integ.govd   +0.00   -0.00 integ.vbp +0.00 -0.00 omni.gos X     +0.0 ,Y     -0.1. omgD -0.007 omg  +0.00 loop   4433
[0mBatt=23.5 [0mODOM [31mVisionX  +0.00 Y  +0.00 theta   +0.0 elt    0 [0mimu  -0.9 Dt    4 LtCy    2 integ.govd   +0.00   -0.00 integ.vbp +0.00 -0.00 omni.gos X     +0.0 ,Y     -0.1. omgD -0.007 omg  +0.00 loop   4406
[0mBatt=23.5 [0mODOM [31mVisionX  +0.00 Y  +0.00 theta   +0.0 elt    0 [0mimu  -0.9 Dt    6 LtCy    3 integ.govd   -0.00   -0.00 integ.vbp -0.00 -0.00 omni.gos X     -0.0 ,Y     -0.1. omgD -0.007 omg  +0.00 loop   4436
[0mBatt=23.5 [0mODOM [31mVisionX  +0.00 Y  +0.00 theta   +0.0 elt    0 [0mimu  -0.9 Dt    8 LtCy    4 integ.govd   -0.00   -0.00 integ.vbp -0.00 -0.00 omni.gos X     +0.0 ,Y     -0.1. omgD -0.011 omg  +0.00 loop   4423
[0mBatt=23.5 [0mODOM [31mVisionX  +0.00 Y  +0.00 theta   +0.0 elt    0 [0mimu  -0.9 Dt    8 LtCy    4 integ.govd   -0.00   -0.00 integ.vbp -0.00 -0.00 omni.gos X     +0.0 ,Y     -0.1. omgD -0.009 omg  +0.00 loop   4396
[0mBatt=23.5 [0mODOM [31mVisionX  +0.00 Y  +0.00 theta   +0.0 elt    0 [0mimu  -0.9 Dt    8 LtCy    4 integ.govd   +0.00   -0.00 integ.vbp +0.00 -0.00 omni.gos X     +0.0 ,Y     -0.1. omgD -0.004 omg  +0.00 loop   4417
[0mBatt=23.5 [0mODOM [31mVisionX  +0.00 Y  +0.00 theta   +0.0 elt    0 [0mimu  -0.9 Dt   10 LtCy    5 integ.govd   -0.00   -0.00 integ.vbp -0.00 -0.00 omni.gos X     +0.0 ,Y     -0.1. omgD -0.007 omg  +0.00 loop   4431
[0mBatt=23.5 [0mODOM [31mVisionX  +0.00 Y  +0.00 theta   +0.0 elt    0 [0mimu  -0.9 Dt   12 LtCy    6 integ.govd   -0.00   -0.00 integ.vbp -0.00 -0.00 omni.gos X     +0.0 ,Y     -0.1. omgD -0.007 omg  +0.00 loop   4404
[0mBatt=23.5 [0mODOM [31mVisionX  +0.00 Y  +0.00 theta   +0.0 elt    0 [0mimu  -0.9 Dt   12 LtCy    6 integ.govd   -0.00   -0.00 integ.vbp -0.00 -0.00 omni.gos X     +0.0 ,Y     -0.1. omgD -0.009 omg  +0.00 loop   4408
[0mBatt=23.5 [0mODOM [31mVisionX  +0.00 Y  +0.00 theta   +0.0 elt    0 [0mimu  -0.9 Dt    0 LtCy    0 integ.govd   +0.00   +0.00 integ.vbp +0.00 +0.00 omni.gos X     +0.0 ,Y     -0.0. omgD -0.000 omg  +0.00 loop   4359
[0mBatt=23.5 [0mODOM [31mVisionX  +0.00 Y  +0.00 theta   +0.0 elt    0 [0mimu  -0.9 Dt    0 LtCy    0 integ.govd   +0.00   +0.00 integ.vbp +0.00 +0.00 omni.gos X     +0.0 ,Y     -0.1. omgD -0.004 omg  +0.00 loop   4448
[0mBatt=23.5 [0mODOM [31mVisionX  +0.00 Y  +0.00 theta   +0.0 elt    0 [0mimu  -1.0 Dt    0 LtCy    0 integ.govd   +0.00   +0.00 integ.vbp +0.00 +0.00 omni.gos X     +0.0 ,Y     -0.0. omgD -0.002 omg  +0.00 loop   4427
[0mBatt=23.5 [0mODOM [31mVisionX  +0.00 Y  +0.00 theta   +0.0 elt    0 [0mimu  -1.0 Dt    2 LtCy    1 integ.govd   +0.00   -0.00 integ.vbp +0.00 -0.00 omni.gos X     +0.0 ,Y     -0.0. omgD -0.002 omg  +0.00 loop   4450
[0mBatt=23.5 [0mODOM [31mVisionX  +0.00 Y  +0.00 theta   +0.0 elt    0 [0mimu  -1.0 Dt    4 LtCy    2 integ.govd   +0.00   -0.00 integ.vbp +0.00 -0.00 omni.gos X     +0.0 ,Y     -0.0. omgD -0.002 omg  +0.00 loop   4440
[0mBatt=23.5 [0mODOM [31mVisionX  +0.00 Y  +0.00 theta   +0.0 elt    0 [0mimu  -1.0 Dt    4 LtCy    2 integ.govd   -0.00   -0.00 integ.vbp -0.00 -0.00 omni.gos X     +0.0 ,Y     -0.2. omgD -0.015 omg  +0.00 loop   4405
[0mBatt=23.5 [0mODOM [31mVisionX  +0.00 Y  +0.00 theta   +0.0 elt    0 [0mimu  -1.0 Dt    6 LtCy    3 integ.govd   +0.00   -0.00 integ.vbp +0.00 -0.00 omni.gos X     +0.0 ,Y     -0.1. omgD -0.011 omg  +0.00 loop   4423
[0mBatt=23.5 [0mODOM [31mVisionX  +0.00 Y  +0.00 theta   +0.0 elt    0 [0mimu  -1.0 Dt    6 LtCy    3 integ.govd   +0.00   -0.00 integ.vbp +0.00 -0.00 omni.gos X     +0.0 ,Y     -0.1. omgD -0.007 omg  +0.00 loop   4439
[0mBatt=23.5 [0mODOM [31mVisionX  +0.00 Y  +0.00 theta   +0.0 elt    0 [0mimu  -1.0 Dt    8 LtCy    4 integ.govd   +0.00   -0.00 integ.vbp +0.00 -0.00 omni.gos X     +0.0 ,Y     -0.1. omgD -0.007 omg  +0.00 loop   4417
[0mBatt=23.5 [0mODOM [31mVisionX  +0.00 Y  +0.00 theta   +0.0 elt    0 [0mimu  -1.0 Dt    8 LtCy    4 integ.govd   -0.00   -0.00 integ.vbp -0.00 -0.00 omni.gos X     -0.0 ,Y     -0.2. omgD -0.015 omg  +0.00 loop   4427
[0mBatt=23.5 [0mODOM [31mVisionX  +0.00 Y  +0.00 theta   +0.0 elt    0 [0mimu  -1.0 Dt   10 LtCy    5 integ.govd   +0.00   -0.00 integ.vbp +0.00 -0.00 omni.gos X     +0.0 ,Y     -0.1. omgD -0.007 omg  +0.00 loop   4420
[0mBatt=23.5 [0mODOM [31mVisionX  +0.00 Y  +0.00 theta   +0.0 elt    0 [0mimu  -1.0 Dt   10 LtCy    5 integ.govd   -0.00   -0.00 integ.vbp -0.00 -0.00 omni.gos X     -0.0 ,Y     -0.1. omgD -0.007 omg  +0.00 loop   4415
[0mBatt=23.5 [0mODOM [31mVisionX  +0.00 Y  +0.00 theta   +0.0 elt    0 [0mimu  -1.0 Dt   12 LtCy    6 integ.govd   -0.00   -0.00 integ.vbp -0.00 -0.00 omni.gos X     +0.0 ,Y     +0.0. omgD +0.002 omg  +0.00 loop   4401
[0mBatt=23.5 [0mODOM [31mVisionX  +0.00 Y  +0.00 theta   +0.0 elt    0 [0mimu  -1.0 Dt   12 LtCy    6 integ.govd   +0.00   -0.00 integ.vbp +0.00 -0.00 omni.gos X     +0.0 ,Y     -0.1. omgD -0.011 omg  +0.00 loop   4419
[0mBatt=23.5 [0mODOM [31mVisionX  +0.00 Y  +0.00 theta   +0.0 elt    0 [0mimu  -1.0 Dt   14 LtCy    7 integ.govd   -0.00   -0.00 integ.vbp -0.00 -0.00 omni.gos X     +0.0 ,Y     -0.1. omgD -0.011 omg  +0.00 loop   4407
[0mBatt=23.5 [0mODOM [31mVisionX  +0.00 Y  +0.00 theta   +0.0 elt    0 [0mimu  -1.0 Dt    0 LtCy    0 integ.govd   +0.00   +0.00 integ.vbp +0.00 +0.00 omni.gos X     +0.0 ,Y     -0.0. omgD -0.002 omg  +0.00 loop   4335
[0mBatt=23.5 [0mODOM [31mVisionX  +0.00 Y  +0.00 theta   +0.0 elt    0 [0mimu  -1.0 Dt    2 LtCy    1 integ.govd   +0.00   -0.00 integ.vbp +0.00 -0.00 omni.gos X     +0.0 ,Y     -0.0. omgD -0.002 omg  +0.00 loop   4449
[0mBatt=23.5 [0mODOM [31mVisionX  +0.00 Y  +0.00 theta   +0.0 elt    0 [0mimu  -1.0 Dt    2 LtCy    1 integ.govd   +0.00   -0.00 integ.vbp +0.00 -0.00 omni.gos X     +0.0 ,Y     -0.0. omgD -0.002 omg  +0.00 loop   4440
[0mBatt=23.5 [0mODOM [31mVisionX  +0.00 Y  +0.00 theta   +0.0 elt    0 [0mimu  -1.0 Dt    4 LtCy    2 integ.govd   +0.00   -0.00 integ.vbp +0.00 -0.00 omni.gos X     +0.0 ,Y     -0.1. omgD -0.007 omg  +0.00 loop   4407
[0mBatt=23.5 [0mODOM [31mVisionX  +0.00 Y  +0.00 theta   +0.0 elt    0 [0mimu  -1.0 Dt    4 LtCy    2 integ.govd   -0.00   -0.00 integ.vbp -0.00 -0.00 omni.gos X     -0.0 ,Y     -0.1. omgD -0.011 omg  +0.00 loop   4442
[0mBatt=23.5 [0mODOM [31mVisionX  +0.00 Y  +0.00 theta   +0.0 elt    0 [0mimu  -1.0 Dt    6 LtCy    3 integ.govd   -0.00   -0.00 integ.vbp -0.00 -0.00 omni.gos X     +0.0 ,Y     -0.1. omgD -0.007 omg  +0.00 loop   4418
[0mBatt=23.5 [0mODOM [31mVisionX  +0.00 Y  +0.00 theta   +0.0 elt    0 [0mimu  -1.0 Dt    6 LtCy    3 integ.govd   -0.00   -0.00 integ.vbp -0.00 -0.00 omni.gos X     -0.0 ,Y     -0.3. omgD -0.019 omg  +0.00 loop   4400
[0mBatt=23.5 [0mODOM [31mVisionX  +0.00 Y  +0.00 theta   +0.0 elt    0 [0mimu  -1.0 Dt    8 LtCy    4 integ.govd   +0.00   -0.00 integ.vbp +0.00 -0.00 omni.gos X     +0.0 ,Y     +0.0. omgD +0.002 omg  +0.00 loop   4410
[0mBatt=23.5 [0mODOM [31mVisionX  +0.00 Y  +0.00 theta   +0.0 elt    0 [0mimu  -1.0 Dt    8 LtCy    4 integ.govd   -0.00   -0.00 integ.vbp -0.00 -0.00 omni.gos X     +0.0 ,Y     -0.1. omgD -0.007 omg  +0.00 loop   4429
[0mBatt=23.5 [0mODOM [31mVisionX  +0.00 Y  +0.00 theta   +0.0 elt    0 [0mimu  -1.0 Dt   10 LtCy    5 integ.govd   +0.00   -0.00 integ.vbp +0.00 -0.00 omni.gos X     +0.0 ,Y     -0.1. omgD -0.007 omg  +0.00 loop   4413
[0mBatt=23.5 [0mODOM [31mVisionX  +0.00 Y  +0.00 theta   +0.0 elt    0 [0mimu  -1.0 Dt   10 LtCy    5 integ.govd   -0.00   -0.00 integ.vbp -0.00 -0.00 omni.gos X     +0.0 ,Y     -0.0. omgD -0.002 omg  +0.00 loop   4413
[0mBatt=23.5 [0mODOM [31mVisionX  +0.00 Y  +0.00 theta   +0.0 elt    0 [0mimu  -1.0 Dt   12 LtCy    6 integ.govd   -0.00   -0.00 integ.vbp -0.00 -0.00 omni.gos X     -0.0 ,Y     -0.1. omgD -0.011 omg  +0.00 loop   4417
[0mBatt=23.5 [0mODOM [31mVisionX  +0.00 Y  +0.00 theta   +0.0 elt    0 [0mimu  -1.0 Dt   14 LtCy    7 integ.govd   -0.00   -0.00 integ.vbp -0.00 -0.00 omni.gos X     -0.0 ,Y     -0.1. omgD -0.011 omg  +0.00 loop   4418
[0mBatt=23.5 [0mODOM [31mVisionX  +0.00 Y  +0.00 theta   +0.0 elt    0 [0mimu  -1.0 Dt    0 LtCy    0 integ.govd   +0.00   +0.00 integ.vbp +0.00 +0.00 omni.gos X     +0.0 ,Y     -0.1. omgD -0.007 omg  +0.00 loop   4305
[0mBatt=23.5 [0mODOM [31mVisionX  +0.00 Y  +0.00 theta   +0.0 elt    0 [0mimu  -1.0 Dt    0 LtCy    0 integ.govd   +0.00   +0.00 integ.vbp +0.00 +0.00 omni.gos X     +0.0 ,Y     -0.1. omgD -0.007 omg  +0.00 loop   4446
[0mBatt=23.5 [0mODOM [31mVisionX  +0.00 Y  +0.00 theta   +0.0 elt    0 [0mimu  -1.0 Dt    2 LtCy    1 integ.govd   +0.00   -0.00 integ.vbp +0.00 -0.00 omni.gos X     +0.0 ,Y     -0.2. omgD -0.015 omg  +0.00 loop   4457
[0mBatt=23.5 [0mODOM [31mVisionX  +0.00 Y  +0.00 theta   +0.0 elt    0 [0mimu  -1.0 Dt    4 LtCy    2 integ.govd   +0.00   -0.00 integ.vbp +0.00 -0.00 omni.gos X     +0.0 ,Y     -0.0. omgD -0.002 omg  +0.00 loop   4409
[0mBatt=23.5 [0mODOM [31mVisionX  +0.00 Y  +0.00 theta   +0.0 elt    0 [0mimu  -1.0 Dt    4 LtCy    2 integ.govd   +0.00   +0.00 integ.vbp +0.00 +0.00 omni.gos X     +0.0 ,Y     +0.1. omgD +0.006 omg  +0.00 loop   4435
[0mBatt=23.5 [0mODOM [31mVisionX  +0.00 Y  +0.00 theta   +0.0 elt    0 [0mimu  -1.0 Dt   12 LtCy    6 integ.govd   +0.00   +0.00 integ.vbp +0.00 +0.00 omni.gos X     +0.0 ,Y     -0.0. omgD -0.002 omg  +0.00 loop   2167
[0mBatt=23.5 [0mODOM [31mVisionX  +0.00 Y  +0.00 theta   +0.0 elt    0 [0mimu  -1.0 Dt   14 LtCy    7 integ.govd   -0.00   -0.00 integ.vbp -0.00 -0.00 omni.gos X     +0.0 ,Y     -0.0. omgD -0.002 omg  +0.00 loop   4442
[0mBatt=23.5 [0mODOM [31mVisionX  +0.00 Y  +0.00 theta   +0.0 elt    0 [0mimu  -1.0 Dt   14 LtCy    7 integ.govd   -0.00   -0.00 integ.vbp -0.00 -0.00 omni.gos X     +0.0 ,Y     -0.1. omgD -0.007 omg  +0.00 loop   4344
[0mBatt=23.5 [0mODOM [31mVisionX  +0.00 Y  +0.00 theta   +0.0 elt    0 [0mimu  -1.0 Dt    0 LtCy    0 integ.govd   +0.00   +0.00 integ.vbp +0.00 +0.00 omni.gos X     +0.0 ,Y     -0.0. omgD -0.002 omg  +0.00 loop   4381
[0mBatt=23.5 [0mODOM [31mVisionX  +0.00 Y  +0.00 theta   +0.0 elt    0 [0mimu  -1.0 Dt    2 LtCy    1 integ.govd   +0.00   -0.00 integ.vbp +0.00 -0.00 omni.gos X     +0.0 ,Y     -0.1. omgD -0.007 omg  +0.00 loop   4453
[0mBatt=23.5 [0mODOM [31mVisionX  +0.00 Y  +0.00 theta   +0.0 elt    0 [0mimu  -1.0 Dt    2 LtCy    1 integ.govd   -0.00   -0.00 integ.vbp -0.00 -0.00 omni.gos X     -0.0 ,Y     -0.1. omgD -0.011 omg  +0.00 loop   4421
[0mBatt=23.5 [0mODOM [31mVisionX  +0.00 Y  +0.00 theta   +0.0 elt    0 [0mimu  -1.0 Dt    4 LtCy    2 integ.govd   +0.00   -0.00 integ.vbp +0.00 -0.00 omni.gos X     +0.0 ,Y     -0.0. omgD -0.002 omg  +0.00 loop   4404
[0mBatt=23.5 [0mODOM [31mVisionX  +0.00 Y  +0.00 theta   +0.0 elt    0 [0mimu  -1.0 Dt    4 LtCy    2 integ.govd   +0.00   +0.00 integ.vbp +0.00 +0.00 omni.gos X     +0.0 ,Y     +0.1. omgD +0.006 omg  +0.00 loop   4435
[0mBatt=23.5 [0mODOM [31mVisionX  +0.00 Y  +0.00 theta   +0.0 elt    0 [0mimu  -1.0 Dt    6 LtCy    3 integ.govd   -0.00   -0.00 integ.vbp -0.00 -0.00 omni.gos X     +0.0 ,Y     -0.1. omgD -0.007 omg  +0.00 loop   4425
[0mBatt=23.5 [0mODOM [31mVisionX  +0.00 Y  +0.00 theta   +0.0 elt    0 [0mimu  -1.0 Dt    6 LtCy    3 integ.govd   -0.00   -0.00 integ.vbp -0.00 -0.00 omni.gos X     -0.0 ,Y     -0.1. omgD -0.011 omg  +0.00 loop   4401
[0mBatt=23.5 [0mODOM [31mVisionX  +0.00 Y  +0.00 theta   +0.0 elt    0 [0mimu  -1.0 Dt    8 LtCy    4 integ.govd   -0.00   -0.00 integ.vbp -0.00 -0.00 omni.gos X     +0.0 ,Y     -0.1. omgD -0.007 omg  +0.00 loop   4422
[0mBatt=23.5 [0mODOM [31mVisionX  +0.00 Y  +0.00 theta   +0.0 elt    0 [0mimu  -1.0 Dt   10 LtCy    5 integ.govd   -0.00   -0.00 integ.vbp -0.00 -0.00 omni.gos X     +0.0 ,Y     -0.0. omgD -0.002 omg  +0.00 loop   4412
[0mBatt=23.5 [0mODOM [31mVisionX  +0.00 Y  +0.00 theta   +0.0 elt    0 [0mimu  -1.0 Dt   10 LtCy    5 integ.govd   -0.00   -0.00 integ.vbp -0.00 -0.00 omni.gos X     -0.0 ,Y     -0.1. omgD -0.011 omg  +0.00 loop   4400
[0mBatt=23.5 [0mODOM [31mVisionX  +0.00 Y  +0.00 theta   +0.0 elt    0 [0mimu  -1.0 Dt   10 LtCy    5 integ.govd   +0.00   -0.00 integ.vbp +0.00 -0.00 omni.gos X     +0.0 ,Y     -0.1. omgD -0.007 omg  +0.00 loop   4417
[0mBatt=23.5 [0mODOM [31mVisionX  +0.00 Y  +0.00 theta   +0.0 elt    0 [0mimu  -1.0 Dt   12 LtCy    6 integ.govd   -0.00   -0.00 integ.vbp -0.00 -0.00 omni.gos X     +0.0 ,Y     -0.1. omgD -0.007 omg  +0.00 loop   4432
[0mBatt=23.5 [0mODOM [31mVisionX  +0.00 Y  +0.00 theta   +0.0 elt    0 [0mimu  -1.0 Dt   14 LtCy    7 integ.govd   -0.00   -0.00 integ.vbp -0.00 -0.00 omni.gos X     +0.0 ,Y     -0.1. omgD -0.007 omg  +0.00 loop   4394
[0mBatt=23.5 [0mODOM [31mVisionX  +0.00 Y  +0.00 theta   +0.0 elt    0 [0mimu  -1.0 Dt    0 LtCy    0 integ.govd   +0.00   +0.00 integ.vbp +0.00 +0.00 omni.gos X     +0.0 ,Y     -0.1. omgD -0.007 omg  +0.00 loop   4342
[0mBatt=23.5 [0mODOM [31mVisionX  +0.00 Y  +0.00 theta   +0.0 elt    0 [0mimu  -1.0 Dt    0 LtCy    0 integ.govd   +0.00   +0.00 integ.vbp +0.00 +0.00 omni.gos X     +0.0 ,Y     -0.1. omgD -0.007 omg  +0.00 loop   4453
[0mBatt=23.5 [0mODOM [31mVisionX  +0.00 Y  +0.00 theta   +0.0 elt    0 [0mimu  -1.0 Dt    2 LtCy    1 integ.govd   +0.00   -0.00 integ.vbp +0.00 -0.00 omni.gos X     +0.0 ,Y     -0.1. omgD -0.007 omg  +0.00 loop   4430
[0mBatt=23.5 [0mODOM [31mVisionX  +0.00 Y  +0.00 theta   +0.0 elt    0 [0mimu  -1.0 Dt    4 LtCy    2 integ.govd   -0.00   -0.00 integ.vbp -0.00 -0.00 omni.gos X     +0.0 ,Y     -0.1. omgD -0.007 omg  +0.00 loop   4432
[0mBatt=23.5 [0mODOM [31mVisionX  +0.00 Y  +0.00 theta   +0.0 elt    0 [0mimu  -1.0 Dt    4 LtCy    2 integ.govd   +0.00   -0.00 integ.vbp +0.00 -0.00 omni.gos X     +0.0 ,Y     -0.0. omgD -0.002 omg  +0.00 loop   4422
[0mBatt=23.5 [0mODOM [31mVisionX  +0.00 Y  +0.00 theta   +0.0 elt    0 [0mimu  -1.0 Dt    4 LtCy    2 integ.govd   +0.00   -0.00 integ.vbp +0.00 -0.00 omni.gos X     +0.0 ,Y     -0.1. omgD -0.011 omg  +0.00 loop   4422
[0mBatt=23.5 [0mODOM [31mVisionX  +0.00 Y  +0.00 theta   +0.0 elt    0 [0mimu  -1.0 Dt    6 LtCy    3 integ.govd   -0.00   -0.00 integ.vbp -0.00 -0.00 omni.gos X     +0.0 ,Y     -0.1. omgD -0.011 omg  +0.00 loop   4409
[0mBatt=23.5 [0mODOM [31mVisionX  +0.00 Y  +0.00 theta   +0.0 elt    0 [0mimu  -1.0 Dt    8 LtCy    4 integ.govd   +0.00   -0.00 integ.vbp +0.00 -0.00 omni.gos X     +0.0 ,Y     -0.0. omgD -0.002 omg  +0.00 loop   4421
[0mBatt=23.5 [0mODOM [31mVisionX  +0.00 Y  +0.00 theta   +0.0 elt    0 [0mimu  -1.0 Dt    8 LtCy    4 integ.govd   -0.00   -0.00 integ.vbp -0.00 -0.00 omni.gos X     +0.0 ,Y     -0.1. omgD -0.007 omg  +0.00 loop   4437
[0mBatt=23.5 [0mODOM [31mVisionX  +0.00 Y  +0.00 theta   +0.0 elt    0 [0mimu  -1.0 Dt   10 LtCy    5 integ.govd   +0.00   +0.00 integ.vbp +0.00 +0.00 omni.gos X     +0.0 ,Y     +0.1. omgD +0.006 omg  +0.00 loop   4399
[0mBatt=23.5 [0mODOM [31mVisionX  +0.00 Y  +0.00 theta   +0.0 elt    0 [0mimu  -1.0 Dt   10 LtCy    5 integ.govd   +0.00   -0.00 integ.vbp +0.00 -0.00 omni.gos X     +0.0 ,Y     -0.0. omgD -0.002 omg  +0.00 loop   4430
[0mBatt=23.5 [0mODOM [31mVisionX  +0.00 Y  +0.00 theta   +0.0 elt    0 [0mimu  -1.0 Dt   12 LtCy    6 integ.govd   -0.00   -0.00 integ.vbp -0.00 -0.00 omni.gos X     +0.0 ,Y     -0.1. omgD -0.007 omg  +0.00 loop   4438
[0mBatt=23.5 [0mODOM [31mVisionX  +0.00 Y  +0.00 theta   +0.0 elt    0 [0mimu  -1.0 Dt   14 LtCy    7 integ.govd   -0.00   -0.00 integ.vbp -0.00 -0.00 omni.gos X     +0.0 ,Y     -0.0. omgD -0.002 omg  +0.00 loop   4401
[0mBatt=23.5 [0mODOM [31mVisionX  +0.00 Y  +0.00 theta   +0.0 elt    0 [0mimu  -1.0 Dt   14 LtCy    7 integ.govd   +0.00   +0.00 integ.vbp +0.00 +0.00 omni.gos X     -0.0 ,Y     -0.0. omgD -0.002 omg  +0.00 loop   4371
[0mBatt=23.5 [0mODOM [31mVisionX  +0.00 Y  +0.00 theta   +0.0 elt    0 [0mimu  -1.0 Dt    0 LtCy    0 integ.govd   +0.00   +0.00 integ.vbp +0.00 +0.00 omni.gos X     +0.0 ,Y     -0.1. omgD -0.011 omg  +0.00 loop   4390
[0mBatt=23.5 [0mODOM [31mVisionX  +0.00 Y  +0.00 theta   +0.0 elt    0 [0mimu  -1.0 Dt    2 LtCy    1 integ.govd   +0.00   -0.00 integ.vbp +0.00 -0.00 omni.gos X     +0.0 ,Y     -0.1. omgD -0.007 omg  +0.00 loop   4432
[0mBatt=23.5 [0mODOM [31mVisionX  +0.00 Y  +0.00 theta   +0.0 elt    0 [0mimu  -1.0 Dt    2 LtCy    1 integ.govd   +0.00   -0.00 integ.vbp +0.00 -0.00 omni.gos X     +0.0 ,Y     -0.1. omgD -0.007 omg  +0.00 loop   4426
[0mBatt=23.5 [0mODOM [31mVisionX  +0.00 Y  +0.00 theta   +0.0 elt    0 [0mimu  -1.0 Dt    4 LtCy    2 integ.govd   -0.00   -0.00 integ.vbp -0.00 -0.00 omni.gos X     +0.0 ,Y     -0.0. omgD -0.002 omg  +0.00 loop   4440
[0mBatt=23.5 [0mODOM [31mVisionX  +0.00 Y  +0.00 theta   +0.0 elt    0 [0mimu  -1.0 Dt    4 LtCy    2 integ.govd   -0.00   -0.00 integ.vbp -0.00 -0.00 omni.gos X     -0.0 ,Y     -0.1. omgD -0.007 omg  +0.00 loop   4410
[0mBatt=23.5 [0mODOM [31mVisionX  +0.00 Y  +0.00 theta   +0.0 elt    0 [0mimu  -1.0 Dt    6 LtCy    3 integ.govd   +0.00   -0.00 integ.vbp +0.00 -0.00 omni.gos X     +0.0 ,Y     -0.0. omgD -0.002 omg  +0.00 loop   4395
[0mBatt=23.5 [0mODOM [31mVisionX  +0.00 Y  +0.00 theta   +0.0 elt    0 [0mimu  -1.0 Dt    6 LtCy    3 integ.govd   -0.00   -0.00 integ.vbp -0.00 -0.00 omni.gos X     -0.0 ,Y     -0.2. omgD -0.015 omg  +0.00 loop   4437
[0mBatt=23.5 [0mODOM [31mVisionX  +0.00 Y  +0.00 theta   +0.0 elt    0 [0mimu  -1.0 Dt    8 LtCy    4 integ.govd   -0.00   -0.00 integ.vbp -0.00 -0.00 omni.gos X     +0.0 ,Y     -0.1. omgD -0.007 omg  +0.00 loop   4420
[0mBatt=23.5 [0mODOM [31mVisionX  +0.00 Y  +0.00 theta   +0.0 elt    0 [0mimu  -1.0 Dt    8 LtCy    4 integ.govd   +0.00   -0.00 integ.vbp +0.00 -0.00 omni.gos X     +0.0 ,Y     -0.0. omgD -0.002 omg  +0.00 loop   4388
[0mBatt=23.5 [0mODOM [31mVisionX  +0.00 Y  +0.00 theta   +0.0 elt    0 [0mimu  -1.0 Dt   10 LtCy    5 integ.govd   -0.00   -0.00 integ.vbp -0.00 -0.00 omni.gos X     +0.0 ,Y     -0.1. omgD -0.004 omg  +0.00 loop   4436
[0mBatt=23.5 [0mODOM [31mVisionX  +0.00 Y  +0.00 theta   +0.0 elt    0 [0mimu  -1.0 Dt   10 LtCy    5 integ.govd   +0.00   -0.00 integ.vbp +0.00 -0.00 omni.gos X     +0.0 ,Y     -0.1. omgD -0.005 omg  +0.00 loop   4436
[0mBatt=23.5 [0mODOM [31mVisionX  +0.00 Y  +0.00 theta   +0.0 elt    0 [0mimu  -1.0 Dt   12 LtCy    6 integ.govd   +0.00   -0.00 integ.vbp +0.00 -0.00 omni.gos X     +0.0 ,Y     -0.0. omgD -0.002 omg  +0.00 loop   4426
[0mBatt=23.5 [0mODOM [31mVisionX  +0.00 Y  +0.00 theta   +0.0 elt    0 [0mimu  -1.0 Dt   14 LtCy    7 integ.govd   -0.00   -0.00 integ.vbp -0.00 -0.00 omni.gos X     +0.0 ,Y     -0.1. omgD -0.009 omg  +0.00 loop   4434
[0mBatt=23.5 [0mODOM [31mVisionX  +0.00 Y  +0.00 theta   +0.0 elt    0 [0mimu  -1.0 Dt   14 LtCy    7 integ.govd   +0.00   -0.00 integ.vbp +0.00 -0.00 omni.gos X     +0.0 ,Y     -0.0. omgD -0.002 omg  +0.00 loop   4361
[0mBatt=23.5 [0mODOM [31mVisionX  +0.00 Y  +0.00 theta   +0.0 elt    0 [0mimu  -1.0 Dt    0 LtCy    0 integ.govd   +0.00   +0.00 integ.vbp +0.00 +0.00 omni.gos X     +0.0 ,Y     +0.0. omgD +0.002 omg  +0.00 loop   4422
[0mBatt=23.5 [0mODOM [31mVisionX  +0.00 Y  +0.00 theta   +0.0 elt    0 [0mimu  -1.0 Dt    2 LtCy    1 integ.govd   -0.00   -0.00 integ.vbp -0.00 -0.00 omni.gos X     -0.0 ,Y     -0.1. omgD -0.004 omg  +0.00 loop   4446
[0mBatt=23.5 [0mODOM [31mVisionX  +0.00 Y  +0.00 theta   +0.0 elt    0 [0mimu  -1.0 Dt    2 LtCy    1 integ.govd   +0.00   -0.00 integ.vbp +0.00 -0.00 omni.gos X     +0.0 ,Y     -0.0. omgD -0.000 omg  +0.00 loop   4418
[0mBatt=23.5 [0mODOM [31mVisionX  +0.00 Y  +0.00 theta   +0.0 elt    0 [0mimu  -1.0 Dt    4 LtCy    2 integ.govd   -0.00   -0.00 integ.vbp -0.00 -0.00 omni.gos X     +0.0 ,Y     -0.2. omgD -0.013 omg  +0.00 loop   4444
[0mBatt=23.5 [0mODOM [31mVisionX  +0.00 Y  +0.00 theta   +0.0 elt    0 [0mimu  -1.0 Dt    4 LtCy    2 integ.govd   +0.00   -0.00 integ.vbp +0.00 -0.00 omni.gos X     +0.0 ,Y     -0.1. omgD -0.009 omg  +0.00 loop   4402
[0mBatt=23.5 [0mODOM [31mVisionX  +0.00 Y  +0.00 theta   +0.0 elt    0 [0mimu  -1.0 Dt    6 LtCy    3 integ.govd   -0.00   -0.00 integ.vbp -0.00 -0.00 omni.gos X     +0.0 ,Y     +0.0. omgD -0.000 omg  +0.00 loop   4451
[0mBatt=23.5 [0mODOM [31mVisionX  +0.00 Y  +0.00 theta   +0.0 elt    0 [0mimu  -1.0 Dt    8 LtCy    4 integ.govd   -0.00   -0.00 integ.vbp -0.00 -0.00 omni.gos X     +0.0 ,Y     -0.0. omgD -0.002 omg  +0.00 loop   4446
[0mBatt=23.5 [0mODOM [31mVisionX  +0.00 Y  +0.00 theta   +0.0 elt    0 [0mimu  -1.0 Dt    8 LtCy    4 integ.govd   +0.00   +0.00 integ.vbp +0.00 +0.00 omni.gos X     +0.0 ,Y     +0.1. omgD +0.004 omg  +0.00 loop   4399
[0mBatt=23.5 [0mODOM [31mVisionX  +0.00 Y  +0.00 theta   +0.0 elt    0 [0mimu  -1.0 Dt   10 LtCy    5 integ.govd   -0.00   -0.00 integ.vbp -0.00 -0.00 omni.gos X     +0.0 ,Y     -0.2. omgD -0.015 omg  +0.00 loop   4451
[0mBatt=23.5 [0mODOM [31mVisionX  +0.00 Y  +0.00 theta   +0.0 elt    0 [0mimu  -1.0 Dt   10 LtCy    5 integ.govd   -0.00   -0.00 integ.vbp -0.00 -0.00 omni.gos X     +0.0 ,Y     -0.1. omgD -0.007 omg  +0.00 loop   4428
[0mBatt=23.5 [0mODOM [31mVisionX  +0.00 Y  +0.00 theta   +0.0 elt    0 [0mimu  -1.0 Dt   10 LtCy    5 integ.govd   -0.00   -0.00 integ.vbp -0.00 -0.00 omni.gos X     +0.0 ,Y     -0.1. omgD -0.004 omg  +0.00 loop   4418
[0mBatt=23.5 [0mODOM [31mVisionX  +0.00 Y  +0.00 theta   +0.0 elt    0 [0mimu  -1.0 Dt   12 LtCy    6 integ.govd   -0.00   -0.00 integ.vbp -0.00 -0.00 omni.gos X     +0.0 ,Y     -0.0. omgD -0.000 omg  +0.00 loop   4417
[0mBatt=23.5 [0mODOM [31mVisionX  +0.00 Y  +0.00 theta   +0.0 elt    0 [0mimu  -1.0 Dt   14 LtCy    7 integ.govd   +0.00   -0.00 integ.vbp +0.00 -0.00 omni.gos X     +0.0 ,Y     -0.0. omgD -0.002 omg  +0.00 loop   4358
[0mBatt=23.5 [0mODOM [31mVisionX  +0.00 Y  +0.00 theta   +0.0 elt    0 [0mimu  -1.0 Dt    0 LtCy    0 integ.govd   +0.00   +0.00 integ.vbp +0.00 +0.00 omni.gos X     +0.0 ,Y     -0.1. omgD -0.007 omg  +0.00 loop   4424
[0mBatt=23.5 [0mODOM [31mVisionX  +0.00 Y  +0.00 theta   +0.0 elt    0 [0mimu  -1.0 Dt    0 LtCy    0 integ.govd   +0.00   +0.00 integ.vbp +0.00 +0.00 omni.gos X     +0.0 ,Y     -0.0. omgD -0.002 omg  +0.00 loop   4433
[0mBatt=23.5 [0mODOM [31mVisionX  +0.00 Y  +0.00 theta   +0.0 elt    0 [0mimu  -1.0 Dt    2 LtCy    1 integ.govd   +0.00   -0.00 integ.vbp +0.00 -0.00 omni.gos X     +0.0 ,Y     -0.1. omgD -0.004 omg  +0.00 loop   4461
[0mBatt=23.5 [0mODOM [31mVisionX  +0.00 Y  +0.00 theta   +0.0 elt    0 [0mimu  -1.0 Dt    4 LtCy    2 integ.govd   +0.00   -0.00 integ.vbp +0.00 -0.00 omni.gos X     +0.0 ,Y     -0.1. omgD -0.004 omg  +0.00 loop   4447
[0mBatt=23.5 [0mODOM [31mVisionX  +0.00 Y  +0.00 theta   +0.0 elt    0 [0mimu  -1.0 Dt    4 LtCy    2 integ.govd   -0.00   -0.00 integ.vbp -0.00 -0.00 omni.gos X     +0.0 ,Y     -0.0. omgD -0.002 omg  +0.00 loop   4420
[0mBatt=23.5 [0mODOM [31mVisionX  +0.00 Y  +0.00 theta   +0.0 elt    0 [0mimu  -1.0 Dt    6 LtCy    3 integ.govd   +0.00   -0.00 integ.vbp +0.00 -0.00 omni.gos X     +0.0 ,Y     -0.0. omgD -0.002 omg  +0.00 loop   4437
[0mBatt=23.5 [0mODOM [31mVisionX  +0.00 Y  +0.00 theta   +0.0 elt    0 [0mimu  -1.0 Dt   14 LtCy    7 integ.govd   -0.00   -0.00 integ.vbp -0.00 -0.00 omni.gos X     -0.0 ,Y     -0.0. omgD -0.002 omg  +0.00 loop   2169
[0mBatt=23.5 [0mODOM [31mVisionX  +0.00 Y  +0.00 theta   +0.0 elt    0 [0mimu  -1.0 Dt    0 LtCy    0 integ.govd   +0.00   +0.00 integ.vbp +0.00 +0.00 omni.gos X     +0.0 ,Y     +0.0. omgD +0.002 omg  +0.00 loop   4334
[0mBatt=23.5 [0mODOM [31mVisionX  +0.00 Y  +0.00 theta   +0.0 elt    0 [0mimu  -1.0 Dt    0 LtCy    0 integ.govd   +0.00   +0.00 integ.vbp +0.00 +0.00 omni.gos X     +0.0 ,Y     -0.0. omgD -0.002 omg  +0.00 loop   4433
[0mBatt=23.5 [0mODOM [31mVisionX  +0.00 Y  +0.00 theta   +0.0 elt    0 [0mimu  -1.0 Dt    2 LtCy    1 integ.govd   +0.00   -0.00 integ.vbp +0.00 -0.00 omni.gos X     +0.0 ,Y     -0.1. omgD -0.007 omg  +0.00 loop   4467
[0mBatt=23.5 [0mODOM [31mVisionX  +0.00 Y  +0.00 theta   +0.0 elt    0 [0mimu  -1.0 Dt    2 LtCy    1 integ.govd   +0.00   -0.00 integ.vbp +0.00 -0.00 omni.gos X     +0.0 ,Y     -0.1. omgD -0.007 omg  +0.00 loop   4440
[0mBatt=23.5 [0mODOM [31mVisionX  +0.00 Y  +0.00 theta   +0.0 elt    0 [0mimu  -1.0 Dt    4 LtCy    2 integ.govd   -0.00   -0.00 integ.vbp -0.00 -0.00 omni.gos X     -0.0 ,Y     -0.1. omgD -0.007 omg  +0.00 loop   4423
[0mBatt=23.5 [0mODOM [31mVisionX  +0.00 Y  +0.00 theta   +0.0 elt    0 [0mimu  -1.0 Dt    4 LtCy    2 integ.govd   +0.00   -0.00 integ.vbp +0.00 -0.00 omni.gos X     +0.0 ,Y     -0.1. omgD -0.007 omg  +0.00 loop   4424
[0mBatt=23.5 [0mODOM [31mVisionX  +0.00 Y  +0.00 theta   +0.0 elt    0 [0mimu  -1.0 Dt    6 LtCy    3 integ.govd   +0.00   -0.00 integ.vbp +0.00 -0.00 omni.gos X     +0.0 ,Y     -0.1. omgD -0.007 omg  +0.00 loop   4444
[0mBatt=23.5 [0mODOM [31mVisionX  +0.00 Y  +0.00 theta   +0.0 elt    0 [0mimu  -1.0 Dt    8 LtCy    4 integ.govd   +0.00   -0.00 integ.vbp +0.00 -0.00 omni.gos X     +0.0 ,Y     -0.1. omgD -0.011 omg  +0.00 loop   4430
[0mBatt=23.5 [0mODOM [31mVisionX  +0.00 Y  +0.00 theta   +0.0 elt    0 [0mimu  -1.0 Dt    8 LtCy    4 integ.govd   -0.00   -0.00 integ.vbp -0.00 -0.00 omni.gos X     +0.0 ,Y     -0.0. omgD -0.002 omg  +0.00 loop   4440
[0mBatt=23.5 [0mODOM [31mVisionX  +0.00 Y  +0.00 theta   +0.0 elt    0 [0mimu  -1.0 Dt    8 LtCy    4 integ.govd   +0.00   -0.00 integ.vbp +0.00 -0.00 omni.gos X     +0.0 ,Y     -0.1. omgD -0.007 omg  +0.00 loop   4430
[0mBatt=23.5 [0mODOM [31mVisionX  +0.00 Y  +0.00 theta   +0.0 elt    0 [0mimu  -1.0 Dt   10 LtCy    5 integ.govd   +0.00   -0.00 integ.vbp +0.00 -0.00 omni.gos X     +0.0 ,Y     +0.0. omgD +0.002 omg  +0.00 loop   4428
[0mBatt=23.5 [0mODOM [31mVisionX  +0.00 Y  +0.00 theta   +0.0 elt    0 [0mimu  -1.0 Dt   12 LtCy    6 integ.govd   -0.00   -0.00 integ.vbp -0.00 -0.00 omni.gos X     +0.0 ,Y     -0.1. omgD -0.007 omg  +0.00 loop   4435
[0mBatt=23.5 [0mODOM [31mVisionX  +0.00 Y  +0.00 theta   +0.0 elt    0 [0mimu  -1.0 Dt   12 LtCy    6 integ.govd   +0.00   -0.00 integ.vbp +0.00 -0.00 omni.gos X     +0.0 ,Y     +0.0. omgD +0.002 omg  +0.00 loop   4436
[0mBatt=23.5 [0mODOM [31mVisionX  +0.00 Y  +0.00 theta   +0.0 elt    0 [0mimu  -1.0 Dt   14 LtCy    7 integ.govd   +0.00   -0.00 integ.vbp +0.00 -0.00 omni.gos X     +0.0 ,Y     -0.0. omgD -0.002 omg  +0.00 loop   4396
[0mBatt=23.5 [0mODOM [31mVisionX  +0.00 Y  +0.00 theta   +0.0 elt    0 [0mimu  -1.0 Dt    0 LtCy    0 integ.govd   +0.00   +0.00 integ.vbp +0.00 +0.00 omni.gos X     +0.0 ,Y     +0.0. omgD +0.002 omg  +0.00 loop   4386
[0mBatt=23.5 [0mODOM [31mVisionX  +0.00 Y  +0.00 theta   +0.0 elt    0 [0mimu  -1.0 Dt    2 LtCy    1 integ.govd   +0.00   -0.00 integ.vbp +0.00 -0.00 omni.gos X     +0.0 ,Y     -0.1. omgD -0.011 omg  +0.00 loop   4461
[0mBatt=23.5 [0mODOM [31mVisionX  +0.00 Y  +0.00 theta   +0.0 elt    0 [0mimu  -1.0 Dt    2 LtCy    1 integ.govd   +0.00   -0.00 integ.vbp +0.00 -0.00 omni.gos X     +0.0 ,Y     -0.1. omgD -0.007 omg  +0.00 loop   4452
[0mBatt=23.5 [0mODOM [31mVisionX  +0.00 Y  +0.00 theta   +0.0 elt    0 [0mimu  -1.0 Dt    2 LtCy    1 integ.govd   +0.00   +0.00 integ.vbp +0.00 +0.00 omni.gos X     +0.0 ,Y     +0.0. omgD +0.002 omg  +0.00 loop   4411
[0mBatt=23.5 [0mODOM [31mVisionX  +0.00 Y  +0.00 theta   +0.0 elt    0 [0mimu  -1.0 Dt    4 LtCy    2 integ.govd   +0.00   +0.00 integ.vbp +0.00 +0.00 omni.gos X     +0.0 ,Y     +0.0. omgD +0.002 omg  +0.00 loop   4450
[0mBatt=23.5 [0mODOM [31mVisionX  +0.00 Y  +0.00 theta   +0.0 elt    0 [0mimu  -1.0 Dt    6 LtCy    3 integ.govd   +0.00   -0.00 integ.vbp +0.00 -0.00 omni.gos X     +0.0 ,Y     -0.1. omgD -0.007 omg  +0.00 loop   4446
[0mBatt=23.5 [0mODOM [31mVisionX  +0.00 Y  +0.00 theta   +0.0 elt    0 [0mimu  -1.0 Dt    6 LtCy    3 integ.govd   +0.00   -0.00 integ.vbp +0.00 -0.00 omni.gos X     +0.0 ,Y     -0.1. omgD -0.007 omg  +0.00 loop   4428
[0mBatt=23.5 [0mODOM [31mVisionX  +0.00 Y  +0.00 theta   +0.0 elt    0 [0mimu  -1.0 Dt    8 LtCy    4 integ.govd   -0.00   -0.00 integ.vbp -0.00 -0.00 omni.gos X     +0.0 ,Y     -0.1. omgD -0.011 omg  +0.00 loop   4440
[0mBatt=23.5 [0mODOM [31mVisionX  +0.00 Y  +0.00 theta   +0.0 elt    0 [0mimu  -1.0 Dt    8 LtCy    4 integ.govd   -0.00   -0.00 integ.vbp -0.00 -0.00 omni.gos X     +0.0 ,Y     -0.1. omgD -0.011 omg  +0.00 loop   4424
[0mBatt=23.5 [0mODOM [31mVisionX  +0.00 Y  +0.00 theta   +0.0 elt    0 [0mimu  -1.0 Dt   10 LtCy    5 integ.govd   -0.00   -0.00 integ.vbp -0.00 -0.00 omni.gos X     +0.0 ,Y     +0.0. omgD +0.002 omg  +0.00 loop   4425
[0mBatt=23.5 [0mODOM [31mVisionX  +0.00 Y  +0.00 theta   +0.0 elt    0 [0mimu  -1.0 Dt   12 LtCy    6 integ.govd   -0.00   -0.00 integ.vbp -0.00 -0.00 omni.gos X     -0.0 ,Y     -0.1. omgD -0.011 omg  +0.00 loop   4416
[0mBatt=23.5 [0mODOM [31mVisionX  +0.00 Y  +0.00 theta   +0.0 elt    0 [0mimu  -1.0 Dt   12 LtCy    6 integ.govd   -0.00   -0.00 integ.vbp -0.00 -0.00 omni.gos X     +0.0 ,Y     -0.2. omgD -0.015 omg  +0.00 loop   4425
[0mBatt=23.5 [0mODOM [31mVisionX  +0.00 Y  +0.00 theta   +0.0 elt    0 [0mimu  -1.0 Dt   12 LtCy    6 integ.govd   -0.00   -0.00 integ.vbp -0.00 -0.00 omni.gos X     +0.0 ,Y     -0.1. omgD -0.007 omg  +0.00 loop   4421
[0mBatt=23.5 [0mODOM [31mVisionX  +0.00 Y  +0.00 theta   +0.0 elt    0 [0mimu  -1.0 Dt    0 LtCy    0 integ.govd   +0.00   +0.00 integ.vbp +0.00 +0.00 omni.gos X     +0.0 ,Y     -0.0. omgD -0.002 omg  +0.00 loop   4330
[0mBatt=23.5 [0mODOM [31mVisionX  +0.00 Y  +0.00 theta   +0.0 elt    0 [0mimu  -1.0 Dt    0 LtCy    0 integ.govd   +0.00   +0.00 integ.vbp +0.00 +0.00 omni.gos X     +0.0 ,Y     -0.0. omgD -0.002 omg  +0.00 loop   4468
[0mBatt=23.5 [0mODOM [31mVisionX  +0.00 Y  +0.00 theta   +0.0 elt    0 [0mimu  -1.0 Dt    0 LtCy    0 integ.govd   +0.00   +0.00 integ.vbp +0.00 +0.00 omni.gos X     +0.0 ,Y     -0.1. omgD -0.007 omg  +0.00 loop   4460
[0mBatt=23.5 [0mODOM [31mVisionX  +0.00 Y  +0.00 theta   +0.0 elt    0 [0mimu  -1.0 Dt    2 LtCy    1 integ.govd   -0.00   -0.00 integ.vbp -0.00 -0.00 omni.gos X     -0.0 ,Y     -0.1. omgD -0.011 omg  +0.00 loop   4438
[0mBatt=23.5 [0mODOM [31mVisionX  +0.00 Y  +0.00 theta   +0.0 elt    0 [0mimu  -1.0 Dt    4 LtCy    2 integ.govd   +0.00   -0.00 integ.vbp +0.00 -0.00 omni.gos X     +0.0 ,Y     -0.1. omgD -0.007 omg  +0.00 loop   4418
[0mBatt=23.5 [0mODOM [31mVisionX  +0.00 Y  +0.00 theta   +0.0 elt    0 [0mimu  -1.0 Dt    4 LtCy    2 integ.govd   +0.00   -0.00 integ.vbp +0.00 -0.00 omni.gos X     +0.0 ,Y     -0.2. omgD -0.015 omg  +0.00 loop   4443
[0mBatt=23.5 [0mODOM [31mVisionX  +0.00 Y  +0.00 theta   +0.0 elt    0 [0mimu  -1.0 Dt    6 LtCy    3 integ.govd   -0.00   -0.00 integ.vbp -0.00 -0.00 omni.gos X     -0.0 ,Y     -0.2. omgD -0.015 omg  +0.00 loop   4431
[0mBatt=23.5 [0mODOM [31mVisionX  +0.00 Y  +0.00 theta   +0.0 elt    0 [0mimu  -1.0 Dt    6 LtCy    3 integ.govd   -0.00   -0.00 integ.vbp -0.00 -0.00 omni.gos X     -0.0 ,Y     -0.1. omgD -0.011 omg  +0.00 loop   4404
[0mBatt=23.5 [0mODOM [31mVisionX  +0.00 Y  +0.00 theta   +0.0 elt    0 [0mimu  -1.0 Dt    8 LtCy    4 integ.govd   +0.00   -0.00 integ.vbp +0.00 -0.00 omni.gos X     +0.0 ,Y     -0.0. omgD -0.002 omg  +0.00 loop   4434
[0mBatt=23.5 [0mODOM [31mVisionX  +0.00 Y  +0.00 theta   +0.0 elt    0 [0mimu  -1.0 Dt   10 LtCy    5 integ.govd   -0.00   -0.00 integ.vbp -0.00 -0.00 omni.gos X     +0.0 ,Y     -0.1. omgD -0.011 omg  +0.00 loop   4441
[0mBatt=23.5 [0mODOM [31mVisionX  +0.00 Y  +0.00 theta   +0.0 elt    0 [0mimu  -1.0 Dt   10 LtCy    5 integ.govd   -0.00   -0.00 integ.vbp -0.00 -0.00 omni.gos X     +0.0 ,Y     -0.0. omgD -0.002 omg  +0.00 loop   4407
[0mBatt=23.5 [0mODOM [31mVisionX  +0.00 Y  +0.00 theta   +0.0 elt    0 [0mimu  -1.0 Dt   10 LtCy    5 integ.govd   +0.00   -0.00 integ.vbp +0.00 -0.00 omni.gos X     +0.0 ,Y     -0.1. omgD -0.007 omg  +0.00 loop   4435
[0mBatt=23.5 [0mODOM [31mVisionX  +0.00 Y  +0.00 theta   +0.0 elt    0 [0mimu  -1.0 Dt   12 LtCy    6 integ.govd   -0.00   -0.00 integ.vbp -0.00 -0.00 omni.gos X     -0.0 ,Y     -0.1. omgD -0.007 omg  +0.00 loop   4453
[0mBatt=23.5 [0mODOM [31mVisionX  +0.00 Y  +0.00 theta   +0.0 elt    0 [0mimu  -1.0 Dt   14 LtCy    7 integ.govd   -0.00   -0.00 integ.vbp -0.00 -0.00 omni.gos X     +0.0 ,Y     -0.1. omgD -0.007 omg  +0.00 loop   4371
[0mBatt=23.5 [0mODOM [31mVisionX  +0.00 Y  +0.00 theta   +0.0 elt    0 [0mimu  -1.0 Dt    0 LtCy    0 integ.govd   +0.00   +0.00 integ.vbp +0.00 +0.00 omni.gos X     -0.0 ,Y     -0.1. omgD -0.011 omg  +0.00 loop   4370
[0mBatt=23.5 [0mODOM [31mVisionX  +0.00 Y  +0.00 theta   +0.0 elt    0 [0mimu  -1.0 Dt    0 LtCy    0 integ.govd   +0.00   +0.00 integ.vbp +0.00 +0.00 omni.gos X     +0.0 ,Y     +0.0. omgD +0.002 omg  +0.00 loop   4458
[0mBatt=23.5 [0mODOM [31mVisionX  +0.00 Y  +0.00 theta   +0.0 elt    0 [0mimu  -1.0 Dt    2 LtCy    1 integ.govd   +0.00   +0.00 integ.vbp +0.00 +0.00 omni.gos X     +0.0 ,Y     +0.1. omgD +0.006 omg  +0.00 loop   4435
[0mBatt=23.5 [0mODOM [31mVisionX  +0.00 Y  +0.00 theta   +0.0 elt    0 [0mimu  -1.0 Dt    2 LtCy    1 integ.govd   +0.00   -0.00 integ.vbp +0.00 -0.00 omni.gos X     +0.0 ,Y     -0.0. omgD -0.002 omg  +0.00 loop   4439
[0mBatt=23.5 [0mODOM [31mVisionX  +0.00 Y  +0.00 theta   +0.0 elt    0 [0mimu  -1.0 Dt    4 LtCy    2 integ.govd   +0.00   -0.00 integ.vbp +0.00 -0.00 omni.gos X     +0.0 ,Y     -0.0. omgD -0.002 omg  +0.00 loop   4433
[0mBatt=23.5 [0mODOM [31mVisionX  +0.00 Y  +0.00 theta   +0.0 elt    0 [0mimu  -1.0 Dt    6 LtCy    3 integ.govd   +0.00   +0.00 integ.vbp +0.00 +0.00 omni.gos X     +0.0 ,Y     +0.1. omgD +0.006 omg  +0.00 loop   4441
[0mBatt=23.5 [0mODOM [31mVisionX  +0.00 Y  +0.00 theta   +0.0 elt    0 [0mimu  -1.0 Dt    6 LtCy    3 integ.govd   -0.00   -0.00 integ.vbp -0.00 -0.00 omni.gos X     +0.0 ,Y     -0.1. omgD -0.007 omg  +0.00 loop   4411
[0mBatt=23.5 [0mODOM [31mVisionX  +0.00 Y  +0.00 theta   +0.0 elt    0 [0mimu  -1.0 Dt    8 LtCy    4 integ.govd   -0.00   -0.00 integ.vbp -0.00 -0.00 omni.gos X     +0.0 ,Y     -0.0. omgD -0.002 omg  +0.00 loop   4434
[0mBatt=23.5 [0mODOM [31mVisionX  +0.00 Y  +0.00 theta   +0.0 elt    0 [0mimu  -1.0 Dt    8 LtCy    4 integ.govd   -0.00   -0.00 integ.vbp -0.00 -0.00 omni.gos X     -0.0 ,Y     -0.0. omgD -0.002 omg  +0.00 loop   4428
[0mBatt=23.5 [0mODOM [31mVisionX  +0.00 Y  +0.00 theta   +0.0 elt    0 [0mimu  -1.0 Dt   10 LtCy    5 integ.govd   -0.00   -0.00 integ.vbp -0.00 -0.00 omni.gos X     +0.0 ,Y     -0.0. omgD -0.002 omg  +0.00 loop   4400
[0mBatt=23.5 [0mODOM [31mVisionX  +0.00 Y  +0.00 theta   +0.0 elt    0 [0mimu  -1.0 Dt   10 LtCy    5 integ.govd   +0.00   -0.00 integ.vbp +0.00 -0.00 omni.gos X     +0.0 ,Y     -0.0. omgD -0.002 omg  +0.00 loop   4436
[0mBatt=23.5 [0mODOM [31mVisionX  +0.00 Y  +0.00 theta   +0.0 elt    0 [0mimu  -1.0 Dt   12 LtCy    6 integ.govd   -0.00   -0.00 integ.vbp -0.00 -0.00 omni.gos X     +0.0 ,Y     -0.2. omgD -0.015 omg  +0.00 loop   4445
[0mBatt=23.5 [0mODOM [31mVisionX  +0.00 Y  +0.00 theta   +0.0 elt    0 [0mimu  -1.0 Dt   12 LtCy    6 integ.govd   -0.00   -0.00 integ.vbp -0.00 -0.00 omni.gos X     +0.0 ,Y     -0.1. omgD -0.011 omg  +0.00 loop   4404
[0mBatt=23.5 [0mODOM [31mVisionX  +0.00 Y  +0.00 theta   +0.0 elt    0 [0mimu  -1.0 Dt   14 LtCy    7 integ.govd   -0.00   -0.00 integ.vbp -0.00 -0.00 omni.gos X     -0.0 ,Y     -0.1. omgD -0.007 omg  +0.00 loop   4358
[0mBatt=23.5 [0mODOM [31mVisionX  +0.00 Y  +0.00 theta   +0.0 elt    0 [0mimu  -1.0 Dt    0 LtCy    0 integ.govd   +0.00   +0.00 integ.vbp +0.00 +0.00 omni.gos X     -0.0 ,Y     -0.0. omgD -0.002 omg  +0.00 loop   4403
[0mBatt=23.5 [0mODOM [31mVisionX  +0.00 Y  +0.00 theta   +0.0 elt    0 [0mimu  -1.0 Dt    2 LtCy    1 integ.govd   +0.00   -0.00 integ.vbp +0.00 -0.00 omni.gos X     +0.0 ,Y     -0.0. omgD -0.002 omg  +0.00 loop   4441
[0mBatt=23.5 [0mODOM [31mVisionX  +0.00 Y  +0.00 theta   +0.0 elt    0 [0mimu  -1.0 Dt    2 LtCy    1 integ.govd   +0.00   -0.00 integ.vbp +0.00 -0.00 omni.gos X     +0.0 ,Y     -0.1. omgD -0.011 omg  +0.00 loop   4429
[0mBatt=23.5 [0mODOM [31mVisionX  +0.00 Y  +0.00 theta   +0.0 elt    0 [0mimu  -1.0 Dt    4 LtCy    2 integ.govd   -0.00   -0.00 integ.vbp -0.00 -0.00 omni.gos X     +0.0 ,Y     -0.1. omgD -0.011 omg  +0.00 loop   4457
[0mBatt=23.5 [0mODOM [31mVisionX  +0.00 Y  +0.00 theta   +0.0 elt    0 [0mimu  -1.0 Dt    4 LtCy    2 integ.govd   -0.00   -0.00 integ.vbp -0.00 -0.00 omni.gos X     -0.0 ,Y     -0.3. omgD -0.019 omg  +0.00 loop   4409
[0mBatt=23.5 [0mODOM [31mVisionX  +0.00 Y  +0.00 theta   +0.0 elt    0 [0mimu  -1.0 Dt    6 LtCy    3 integ.govd   -0.00   -0.00 integ.vbp -0.00 -0.00 omni.gos X     +0.0 ,Y     -0.1. omgD -0.011 omg  +0.00 loop   4412
[0mBatt=23.5 [0mODOM [31mVisionX  +0.00 Y  +0.00 theta   +0.0 elt    0 [0mimu  -1.1 Dt    6 LtCy    3 integ.govd   -0.00   -0.00 integ.vbp -0.00 -0.00 omni.gos X     +0.0 ,Y     -0.1. omgD -0.007 omg  +0.00 loop   4430
[0mBatt=23.5 [0mODOM [31mVisionX  +0.00 Y  +0.00 theta   +0.0 elt    0 [0mimu  -1.1 Dt    0 LtCy    0 integ.govd   +0.00   +0.00 integ.vbp +0.00 +0.00 omni.gos X     +0.0 ,Y     -0.0. omgD -0.002 omg  +0.00 loop   2097
[0mBatt=23.5 [0mODOM [31mVisionX  +0.00 Y  +0.00 theta   +0.0 elt    0 [0mimu  -1.1 Dt    0 LtCy    0 integ.govd   +0.00   +0.00 integ.vbp +0.00 +0.00 omni.gos X     +0.0 ,Y     +0.1. omgD +0.006 omg  +0.00 loop   4439
[0mBatt=23.5 [0mODOM [31mVisionX  +0.00 Y  +0.00 theta   +0.0 elt    0 [0mimu  -1.1 Dt    2 LtCy    1 integ.govd   +0.00   +0.00 integ.vbp +0.00 +0.00 omni.gos X     +0.0 ,Y     +0.1. omgD +0.010 omg  +0.00 loop   4440
[0mBatt=23.5 [0mODOM [31mVisionX  +0.00 Y  +0.00 theta   +0.0 elt    0 [0mimu  -1.0 Dt    4 LtCy    2 integ.govd   +0.00   -0.00 integ.vbp +0.00 -0.00 omni.gos X     +0.0 ,Y     -0.0. omgD -0.002 omg  +0.00 loop   4430
[0mBatt=23.5 [0mODOM [31mVisionX  +0.00 Y  +0.00 theta   +0.0 elt    0 [0mimu  -1.1 Dt    4 LtCy    2 integ.govd   -0.00   -0.00 integ.vbp -0.00 -0.00 omni.gos X     -0.0 ,Y     -0.2. omgD -0.017 omg  +0.00 loop   4432
[0mBatt=23.5 [0mODOM [31mVisionX  +0.00 Y  +0.00 theta   +0.0 elt    0 [0mimu  -1.1 Dt    6 LtCy    3 integ.govd   -0.00   -0.00 integ.vbp -0.00 -0.00 omni.gos X     +0.0 ,Y     -0.2. omgD -0.017 omg  +0.00 loop   4406
[0mBatt=23.5 [0mODOM [31mVisionX  +0.00 Y  +0.00 theta   +0.0 elt    0 [0mimu  -1.1 Dt    6 LtCy    3 integ.govd   -0.00   -0.00 integ.vbp -0.00 -0.00 omni.gos X     +0.0 ,Y     -0.0. omgD -0.000 omg  +0.00 loop   4437
[0mBatt=23.5 [0mODOM [31mVisionX  +0.00 Y  +0.00 theta   +0.0 elt    0 [0mimu  -1.1 Dt    8 LtCy    4 integ.govd   +0.00   +0.00 integ.vbp +0.00 +0.00 omni.gos X     +0.0 ,Y     +0.1. omgD +0.006 omg  +0.00 loop   4438
[0mBatt=23.5 [0mODOM [31mVisionX  +0.00 Y  +0.00 theta   +0.0 elt    0 [0mimu  -1.1 Dt    8 LtCy    4 integ.govd   +0.00   +0.00 integ.vbp +0.00 +0.00 omni.gos X     +0.0 ,Y     +0.1. omgD +0.006 omg  +0.00 loop   4396
[0mBatt=23.5 [0mODOM [31mVisionX  +0.00 Y  +0.00 theta   +0.0 elt    0 [0mimu  -1.1 Dt   10 LtCy    5 integ.govd   -0.00   -0.00 integ.vbp -0.00 -0.00 omni.gos X     +0.0 ,Y     -0.1. omgD -0.009 omg  +0.00 loop   4428
[0mBatt=23.5 [0mODOM [31mVisionX  +0.00 Y  +0.00 theta   +0.0 elt    0 [0mimu  -1.1 Dt   10 LtCy    5 integ.govd   -0.00   -0.00 integ.vbp -0.00 -0.00 omni.gos X     -0.0 ,Y     -0.1. omgD -0.009 omg  +0.00 loop   4432
[0mBatt=23.5 [0mODOM [31mVisionX  +0.00 Y  +0.00 theta   +0.0 elt    0 [0mimu  -1.1 Dt   12 LtCy    6 integ.govd   -0.00   -0.00 integ.vbp -0.00 -0.00 omni.gos X     -0.0 ,Y     -0.1. omgD -0.009 omg  +0.00 loop   4402
[0mBatt=23.5 [0mODOM [31mVisionX  +0.00 Y  +0.00 theta   +0.0 elt    0 [0mimu  -1.1 Dt   14 LtCy    7 integ.govd   -0.00   -0.00 integ.vbp -0.00 -0.00 omni.gos X     -0.0 ,Y     -0.1. omgD -0.009 omg  +0.00 loop   4421
[0mBatt=23.5 [0mODOM [31mVisionX  +0.00 Y  +0.00 theta   +0.0 elt    0 [0mimu  -1.1 Dt   14 LtCy    7 integ.govd   +0.00   -0.00 integ.vbp +0.00 -0.00 omni.gos X     +0.0 ,Y     -0.0. omgD -0.002 omg  +0.00 loop   4396
[0mBatt=23.5 [0mODOM [31mVisionX  +0.00 Y  +0.00 theta   +0.0 elt    0 [0mimu  -1.1 Dt    0 LtCy    0 integ.govd   +0.00   +0.00 integ.vbp +0.00 +0.00 omni.gos X     +0.0 ,Y     -0.0. omgD -0.002 omg  +0.00 loop   4370
[0mBatt=23.5 [0mODOM [31mVisionX  +0.00 Y  +0.00 theta   +0.0 elt    0 [0mimu  -1.1 Dt    2 LtCy    1 integ.govd   +0.00   -0.00 integ.vbp +0.00 -0.00 omni.gos X     +0.0 ,Y     -0.1. omgD -0.007 omg  +0.00 loop   4451
[0mBatt=23.5 [0mODOM [31mVisionX  +0.00 Y  +0.00 theta   +0.0 elt    0 [0mimu  -1.1 Dt    2 LtCy    1 integ.govd   +0.00   -0.00 integ.vbp +0.00 -0.00 omni.gos X     +0.0 ,Y     -0.1. omgD -0.007 omg  +0.00 loop   4440
[0mBatt=23.5 [0mODOM [31mVisionX  +0.00 Y  +0.00 theta   +0.0 elt    0 [0mimu  -1.1 Dt    4 LtCy    2 integ.govd   +0.00   -0.00 integ.vbp +0.00 -0.00 omni.gos X     +0.0 ,Y     -0.0. omgD -0.000 omg  +0.00 loop   4445
[0mBatt=23.5 [0mODOM [31mVisionX  +0.00 Y  +0.00 theta   +0.0 elt    0 [0mimu  -1.1 Dt    4 LtCy    2 integ.govd   -0.00   -0.00 integ.vbp -0.00 -0.00 omni.gos X     -0.0 ,Y     -0.1. omgD -0.007 omg  +0.00 loop   4423
[0mBatt=23.5 [0mODOM [31mVisionX  +0.00 Y  +0.00 theta   +0.0 elt    0 [0mimu  -1.1 Dt    4 LtCy    2 integ.govd   +0.00   -0.00 integ.vbp +0.00 -0.00 omni.gos X     +0.0 ,Y     -0.0. omgD -0.002 omg  +0.00 loop   4426
[0mBatt=23.5 [0mODOM [31mVisionX  +0.00 Y  +0.00 theta   +0.0 elt    0 [0mimu  -1.1 Dt    6 LtCy    3 integ.govd   +0.00   -0.00 integ.vbp +0.00 -0.00 omni.gos X     +0.0 ,Y     -0.0. omgD -0.002 omg  +0.00 loop   4453
[0mBatt=23.5 [0mODOM [31mVisionX  +0.00 Y  +0.00 theta   +0.0 elt    0 [0mimu  -1.1 Dt    8 LtCy    4 integ.govd   -0.00   -0.00 integ.vbp -0.00 -0.00 omni.gos X     -0.0 ,Y     -0.0. omgD -0.002 omg  +0.00 loop   4416
[0mBatt=23.5 [0mODOM [31mVisionX  +0.00 Y  +0.00 theta   +0.0 elt    0 [0mimu  -1.1 Dt    8 LtCy    4 integ.govd   +0.00   -0.00 integ.vbp +0.00 -0.00 omni.gos X     +0.0 ,Y     -0.0. omgD -0.002 omg  +0.00 loop   4402
[0mBatt=23.5 [0mODOM [31mVisionX  +0.00 Y  +0.00 theta   +0.0 elt    0 [0mimu  -1.1 Dt   10 LtCy    5 integ.govd   +0.00   -0.00 integ.vbp +0.00 -0.00 omni.gos X     +0.0 ,Y     -0.1. omgD -0.007 omg  +0.00 loop   4442
[0mBatt=23.5 [0mODOM [31mVisionX  +0.00 Y  +0.00 theta   +0.0 elt    0 [0mimu  -1.1 Dt   12 LtCy    6 integ.govd   -0.00   -0.00 integ.vbp -0.00 -0.00 omni.gos X     +0.0 ,Y     -0.0. omgD -0.000 omg  +0.00 loop   4439
[0mBatt=23.5 [0mODOM [31mVisionX  +0.00 Y  +0.00 theta   +0.0 elt    0 [0mimu  -1.1 Dt   12 LtCy    6 integ.govd   -0.00   -0.00 integ.vbp -0.00 -0.00 omni.gos X     -0.0 ,Y     -0.1. omgD -0.009 omg  +0.00 loop   4413
[0mBatt=23.5 [0mODOM [31mVisionX  +0.00 Y  +0.00 theta   +0.0 elt    0 [0mimu  -1.1 Dt   14 LtCy    7 integ.govd   +0.00   -0.00 integ.vbp +0.00 -0.00 omni.gos X     +0.0 ,Y     +0.0. omgD +0.002 omg  +0.00 loop   4426
[0mBatt=23.5 [0mODOM [31mVisionX  +0.00 Y  +0.00 theta   +0.0 elt    0 [0mimu  -1.1 Dt   14 LtCy    7 integ.govd   +0.00   -0.00 integ.vbp +0.00 -0.00 omni.gos X     +0.0 ,Y     -0.0. omgD -0.002 omg  +0.00 loop   4378
[0mBatt=23.5 [0mODOM [31mVisionX  +0.00 Y  +0.00 theta   +0.0 elt    0 [0mimu  -1.1 Dt    0 LtCy    0 integ.govd   +0.00   +0.00 integ.vbp +0.00 +0.00 omni.gos X     -0.0 ,Y     -0.1. omgD -0.011 omg  +0.00 loop   4393
[0mBatt=23.5 [0mODOM [31mVisionX  +0.00 Y  +0.00 theta   +0.0 elt    0 [0mimu  -1.1 Dt    2 LtCy    1 integ.govd   -0.00   -0.00 integ.vbp -0.00 -0.00 omni.gos X     -0.0 ,Y     -0.1. omgD -0.011 omg  +0.00 loop   4466
[0mBatt=23.5 [0mODOM [31mVisionX  +0.00 Y  +0.00 theta   +0.0 elt    0 [0mimu  -1.1 Dt    2 LtCy    1 integ.govd   +0.00   -0.00 integ.vbp +0.00 -0.00 omni.gos X     +0.0 ,Y     -0.0. omgD -0.002 omg  +0.00 loop   4409
[0mBatt=23.5 [0mODOM [31mVisionX  +0.00 Y  +0.00 theta   +0.0 elt    0 [0mimu  -1.1 Dt    4 LtCy    2 integ.govd   -0.00   -0.00 integ.vbp -0.00 -0.00 omni.gos X     +0.0 ,Y     -0.3. omgD -0.019 omg  +0.00 loop   4427
[0mBatt=23.5 [0mODOM [31mVisionX  +0.00 Y  +0.00 theta   +0.0 elt    0 [0mimu  -1.1 Dt    6 LtCy    3 integ.govd   -0.00   -0.00 integ.vbp -0.00 -0.00 omni.gos X     -0.0 ,Y     -0.1. omgD -0.011 omg  +0.00 loop   4430
[0mBatt=23.5 [0mODOM [31mVisionX  +0.00 Y  +0.00 theta   +0.0 elt    0 [0mimu  -1.1 Dt    6 LtCy    3 integ.govd   -0.00   -0.00 integ.vbp -0.00 -0.00 omni.gos X     +0.0 ,Y     -0.1. omgD -0.007 omg  +0.00 loop   4429
[0mBatt=23.5 [0mODOM [31mVisionX  +0.00 Y  +0.00 theta   +0.0 elt    0 [0mimu  -1.1 Dt    6 LtCy    3 integ.govd   +0.00   -0.00 integ.vbp +0.00 -0.00 omni.gos X     +0.0 ,Y     -0.1. omgD -0.007 omg  +0.00 loop   4406
[0mBatt=23.5 [0mODOM [31mVisionX  +0.00 Y  +0.00 theta   +0.0 elt    0 [0mimu  -1.1 Dt    8 LtCy    4 integ.govd   +0.00   -0.00 integ.vbp +0.00 -0.00 omni.gos X     +0.0 ,Y     +0.1. omgD +0.006 omg  +0.00 loop   4443
[0mBatt=23.5 [0mODOM [31mVisionX  +0.00 Y  +0.00 theta   +0.0 elt    0 [0mimu  -1.1 Dt   10 LtCy    5 integ.govd   +0.00   +0.00 integ.vbp +0.00 +0.00 omni.gos X     +0.0 ,Y     +0.1. omgD +0.006 omg  +0.00 loop   4453
[0mBatt=23.5 [0mODOM [31mVisionX  +0.00 Y  +0.00 theta   +0.0 elt    0 [0mimu  -1.1 Dt   10 LtCy    5 integ.govd   -0.00   -0.00 integ.vbp -0.00 -0.00 omni.gos X     +0.0 ,Y     -0.1. omgD -0.007 omg  +0.00 loop   4430
[0mBatt=23.5 [0mODOM [31mVisionX  +0.00 Y  +0.00 theta   +0.0 elt    0 [0mimu  -1.1 Dt   10 LtCy    5 integ.govd   -0.00   -0.00 integ.vbp -0.00 -0.00 omni.gos X     +0.0 ,Y     -0.1. omgD -0.007 omg  +0.00 loop   4424
[0mBatt=23.5 [0mODOM [31mVisionX  +0.00 Y  +0.00 theta   +0.0 elt    0 [0mimu  -1.1 Dt   12 LtCy    6 integ.govd   -0.00   -0.00 integ.vbp -0.00 -0.00 omni.gos X     -0.0 ,Y     -0.1. omgD -0.011 omg  +0.00 loop   4427
[0mBatt=23.5 [0mODOM [31mVisionX  +0.00 Y  +0.00 theta   +0.0 elt    0 [0mimu  -1.1 Dt   14 LtCy    7 integ.govd   -0.00   -0.00 integ.vbp -0.00 -0.00 omni.gos X     +0.0 ,Y     -0.1. omgD -0.007 omg  +0.00 loop   4416
[0mBatt=23.5 [0mODOM [31mVisionX  +0.00 Y  +0.00 theta   +0.0 elt    0 [0mimu  -1.1 Dt    0 LtCy    0 integ.govd   +0.00   +0.00 integ.vbp +0.00 +0.00 omni.gos X     +0.0 ,Y     -0.1. omgD -0.011 omg  +0.00 loop   4340
[0mBatt=23.5 [0mODOM [31mVisionX  +0.00 Y  +0.00 theta   +0.0 elt    0 [0mimu  -1.1 Dt    2 LtCy    1 integ.govd   +0.00   +0.00 integ.vbp +0.00 +0.00 omni.gos X     +0.0 ,Y     +0.0. omgD +0.002 omg  +0.00 loop   4466
[0mBatt=23.5 [0mODOM [31mVisionX  +0.00 Y  +0.00 theta   +0.0 elt    0 [0mimu  -1.1 Dt    2 LtCy    1 integ.govd   +0.00   -0.00 integ.vbp +0.00 -0.00 omni.gos X     +0.0 ,Y     -0.1. omgD -0.011 omg  +0.00 loop   4453
[0mBatt=23.5 [0mODOM [31mVisionX  +0.00 Y  +0.00 theta   +0.0 elt    0 [0mimu  -1.1 Dt    2 LtCy    1 integ.govd   +0.00   -0.00 integ.vbp +0.00 -0.00 omni.gos X     +0.0 ,Y     -0.1. omgD -0.007 omg  +0.00 loop   4406
[0mBatt=23.5 [0mODOM [31mVisionX  +0.00 Y  +0.00 theta   +0.0 elt    0 [0mimu  -1.1 Dt    4 LtCy    2 integ.govd   +0.00   -0.00 integ.vbp +0.00 -0.00 omni.gos X     +0.0 ,Y     +0.0. omgD +0.002 omg  +0.00 loop   4450
[0mBatt=23.5 [0mODOM [31mVisionX  +0.00 Y  +0.00 theta   +0.0 elt    0 [0mimu  -1.1 Dt    6 LtCy    3 integ.govd   -0.00   -0.00 integ.vbp -0.00 -0.00 omni.gos X     -0.0 ,Y     -0.1. omgD -0.007 omg  +0.00 loop   4449
[0mBatt=23.5 [0mODOM [31mVisionX  +0.00 Y  +0.00 theta   +0.0 elt    0 [0mimu  -1.1 Dt    6 LtCy    3 integ.govd   +0.00   -0.00 integ.vbp +0.00 -0.00 omni.gos X     +0.0 ,Y     +0.0. omgD +0.002 omg  +0.00 loop   4408
[0mBatt=23.5 [0mODOM [31mVisionX  +0.00 Y  +0.00 theta   +0.0 elt    0 [0mimu  -1.1 Dt    6 LtCy    3 integ.govd   -0.00   -0.00 integ.vbp -0.00 -0.00 omni.gos X     +0.0 ,Y     -0.0. omgD -0.002 omg  +0.00 loop   4435
[0mBatt=23.5 [0mODOM [31mVisionX  +0.00 Y  +0.00 theta   +0.0 elt    0 [0mimu  -1.1 Dt    8 LtCy    4 integ.govd   -0.00   -0.00 integ.vbp -0.00 -0.00 omni.gos X     -0.0 ,Y     -0.1. omgD -0.011 omg  +0.00 loop   4431
[0mBatt=23.5 [0mODOM [31mVisionX  +0.00 Y  +0.00 theta   +0.0 elt    0 [0mimu  -1.1 Dt   10 LtCy    5 integ.govd   -0.00   -0.00 integ.vbp -0.00 -0.00 omni.gos X     -0.0 ,Y     -0.1. omgD -0.007 omg  +0.00 loop   4414
[0mBatt=23.5 [0mODOM [31mVisionX  +0.00 Y  +0.00 theta   +0.0 elt    0 [0mimu  -1.1 Dt   10 LtCy    5 integ.govd   -0.00   -0.00 integ.vbp -0.00 -0.00 omni.gos X     +0.0 ,Y     -0.1. omgD -0.011 omg  +0.00 loop   4410
[0mBatt=23.5 [0mODOM [31mVisionX  +0.00 Y  +0.00 theta   +0.0 elt    0 [0mimu  -1.1 Dt   12 LtCy    6 integ.govd   -0.00   -0.00 integ.vbp -0.00 -0.00 omni.gos X     +0.0 ,Y     +0.0. omgD +0.002 omg  +0.00 loop   4441
[0mBatt=23.5 [0mODOM [31mVisionX  +0.00 Y  +0.00 theta   +0.0 elt    0 [0mimu  -1.1 Dt   12 LtCy    6 integ.govd   -0.00   -0.00 integ.vbp -0.00 -0.00 omni.gos X     +0.0 ,Y     -0.1. omgD -0.011 omg  +0.00 loop   4422
[0mBatt=23.5 [0mODOM [31mVisionX  +0.00 Y  +0.00 theta   +0.0 elt    0 [0mimu  -1.1 Dt    0 LtCy    0 integ.govd   +0.00   +0.00 integ.vbp +0.00 +0.00 omni.gos X     +0.0 ,Y     +0.0. omgD +0.002 omg  +0.00 loop   4347
[0mBatt=23.5 [0mODOM [31mVisionX  +0.00 Y  +0.00 theta   +0.0 elt    0 [0mimu  -1.1 Dt    0 LtCy    0 integ.govd   +0.00   +0.00 integ.vbp +0.00 +0.00 omni.gos X     +0.0 ,Y     -0.1. omgD -0.007 omg  +0.00 loop   4455
[0mBatt=23.5 [0mODOM [31mVisionX  +0.00 Y  +0.00 theta   +0.0 elt    0 [0mimu  -1.1 Dt    2 LtCy    1 integ.govd   +0.00   -0.00 integ.vbp +0.00 -0.00 omni.gos X     +0.0 ,Y     -0.1. omgD -0.007 omg  +0.00 loop   4462
[0mBatt=23.5 [0mODOM [31mVisionX  +0.00 Y  +0.00 theta   +0.0 elt    0 [0mimu  -1.1 Dt    2 LtCy    1 integ.govd   +0.00   -0.00 integ.vbp +0.00 -0.00 omni.gos X     +0.0 ,Y     -0.0. omgD -0.002 omg  +0.00 loop   4432
[0mBatt=23.5 [0mODOM [31mVisionX  +0.00 Y  +0.00 theta   +0.0 elt    0 [0mimu  -1.1 Dt    4 LtCy    2 integ.govd   -0.00   -0.00 integ.vbp -0.00 -0.00 omni.gos X     -0.0 ,Y     -0.1. omgD -0.011 omg  +0.00 loop   4449
[0mBatt=23.5 [0mODOM [31mVisionX  +0.00 Y  +0.00 theta   +0.0 elt    0 [0mimu  -1.1 Dt    4 LtCy    2 integ.govd   -0.00   -0.00 integ.vbp -0.00 -0.00 omni.gos X     -0.0 ,Y     -0.1. omgD -0.007 omg  +0.00 loop   4428
[0mBatt=23.5 [0mODOM [31mVisionX  +0.00 Y  +0.00 theta   +0.0 elt    0 [0mimu  -1.1 Dt    6 LtCy    3 integ.govd   -0.00   -0.00 integ.vbp -0.00 -0.00 omni.gos X     -0.0 ,Y     -0.1. omgD -0.011 omg  +0.00 loop   4414
[0mBatt=23.5 [0mODOM [31mVisionX  +0.00 Y  +0.00 theta   +0.0 elt    0 [0mimu  -1.1 Dt    8 LtCy    4 integ.govd   +0.00   -0.00 integ.vbp +0.00 -0.00 omni.gos X     +0.0 ,Y     +0.0. omgD +0.002 omg  +0.00 loop   4420
[0mBatt=23.5 [0mODOM [31mVisionX  +0.00 Y  +0.00 theta   +0.0 elt    0 [0mimu  -1.1 Dt    8 LtCy    4 integ.govd   -0.00   -0.00 integ.vbp -0.00 -0.00 omni.gos X     +0.0 ,Y     -0.1. omgD -0.007 omg  +0.00 loop   4455
[0mBatt=23.5 [0mODOM [31mVisionX  +0.00 Y  +0.00 theta   +0.0 elt    0 [0mimu  -1.1 Dt    0 LtCy    0 integ.govd   +0.00   +0.00 integ.vbp +0.00 +0.00 omni.gos X     +0.0 ,Y     -0.1. omgD -0.011 omg  +0.00 loop   2081
[0mBatt=23.5 [0mODOM [31mVisionX  +0.00 Y  +0.00 theta   +0.0 elt    0 [0mimu  -1.1 Dt    2 LtCy    1 integ.govd   +0.00   -0.00 integ.vbp +0.00 -0.00 omni.gos X     +0.0 ,Y     -0.1. omgD -0.007 omg  +0.00 loop   4439
[0mBatt=23.5 [0mODOM [31mVisionX  +0.00 Y  +0.00 theta   +0.0 elt    0 [0mimu  -1.1 Dt    4 LtCy    2 integ.govd   -0.00   -0.00 integ.vbp -0.00 -0.00 omni.gos X     +0.0 ,Y     -0.1. omgD -0.011 omg  +0.00 loop   4449
[0mBatt=23.5 [0mODOM [31mVisionX  +0.00 Y  +0.00 theta   +0.0 elt    0 [0mimu  -1.1 Dt    4 LtCy    2 integ.govd   +0.00   -0.00 integ.vbp +0.00 -0.00 omni.gos X     +0.0 ,Y     -0.0. omgD -0.002 omg  +0.00 loop   4433
[0mBatt=23.5 [0mODOM [31mVisionX  +0.00 Y  +0.00 theta   +0.0 elt    0 [0mimu  -1.1 Dt    6 LtCy    3 integ.govd   -0.00   -0.00 integ.vbp -0.00 -0.00 omni.gos X     -0.0 ,Y     -0.1. omgD -0.007 omg  +0.00 loop   4434
[0mBatt=23.5 [0mODOM [31mVisionX  +0.00 Y  +0.00 theta   +0.0 elt    0 [0mimu  -1.1 Dt    6 LtCy    3 integ.govd   -0.00   -0.00 integ.vbp -0.00 -0.00 omni.gos X     +0.0 ,Y     -0.1. omgD -0.007 omg  +0.00 loop   4412
[0mBatt=23.5 [0mODOM [31mVisionX  +0.00 Y  +0.00 theta   +0.0 elt    0 [0mimu  -1.1 Dt    8 LtCy    4 integ.govd   +0.00   -0.00 integ.vbp +0.00 -0.00 omni.gos X     +0.0 ,Y     -0.0. omgD -0.002 omg  +0.00 loop   4441
[0mBatt=23.5 [0mODOM [31mVisionX  +0.00 Y  +0.00 theta   +0.0 elt    0 [0mimu  -1.1 Dt    8 LtCy    4 integ.govd   -0.00   -0.00 integ.vbp -0.00 -0.00 omni.gos X     +0.0 ,Y     -0.0. omgD -0.002 omg  +0.00 loop   4435
[0mBatt=23.5 [0mODOM [31mVisionX  +0.00 Y  +0.00 theta   +0.0 elt    0 [0mimu  -1.1 Dt   10 LtCy    5 integ.govd   -0.00   -0.00 integ.vbp -0.00 -0.00 omni.gos X     -0.0 ,Y     -0.1. omgD -0.007 omg  +0.00 loop   4416
[0mBatt=23.5 [0mODOM [31mVisionX  +0.00 Y  +0.00 theta   +0.0 elt    0 [0mimu  -1.1 Dt   12 LtCy    6 integ.govd   -0.00   -0.00 integ.vbp -0.00 -0.00 omni.gos X     -0.0 ,Y     -0.1. omgD -0.007 omg  +0.00 loop   4423
[0mBatt=23.5 [0mODOM [31mVisionX  +0.00 Y  +0.00 theta   +0.0 elt    0 [0mimu  -1.1 Dt   12 LtCy    6 integ.govd   -0.00   -0.00 integ.vbp -0.00 -0.00 omni.gos X     -0.0 ,Y     -0.1. omgD -0.011 omg  +0.00 loop   4435
[0mBatt=23.5 [0mODOM [31mVisionX  +0.00 Y  +0.00 theta   +0.0 elt    0 [0mimu  -1.1 Dt   12 LtCy    6 integ.govd   -0.00   -0.00 integ.vbp -0.00 -0.00 omni.gos X     +0.0 ,Y     -0.0. omgD -0.002 omg  +0.00 loop   4395
[0mBatt=23.5 [0mODOM [31mVisionX  +0.00 Y  +0.00 theta   +0.0 elt    0 [0mimu  -1.1 Dt    0 LtCy    0 integ.govd   +0.00   +0.00 integ.vbp +0.00 +0.00 omni.gos X     -0.0 ,Y     -0.1. omgD -0.007 omg  +0.00 loop   4370
[0mBatt=23.5 [0mODOM [31mVisionX  +0.00 Y  +0.00 theta   +0.0 elt    0 [0mimu  -1.1 Dt    0 LtCy    0 integ.govd   +0.00   +0.00 integ.vbp +0.00 +0.00 omni.gos X     +0.0 ,Y     -0.0. omgD -0.002 omg  +0.00 loop   4465
[0mBatt=23.5 [0mODOM [31mVisionX  +0.00 Y  +0.00 theta   +0.0 elt    0 [0mimu  -1.1 Dt    0 LtCy    0 integ.govd   +0.00   +0.00 integ.vbp +0.00 +0.00 omni.gos X     +0.0 ,Y     -0.1. omgD -0.011 omg  +0.00 loop   4435
[0mBatt=23.5 [0mODOM [31mVisionX  +0.00 Y  +0.00 theta   +0.0 elt    0 [0mimu  -1.1 Dt    2 LtCy    1 integ.govd   -0.00   -0.00 integ.vbp -0.00 -0.00 omni.gos X     -0.0 ,Y     -0.1. omgD -0.011 omg  +0.00 loop   4457
[0mBatt=23.5 [0mODOM [31mVisionX  +0.00 Y  +0.00 theta   +0.0 elt    0 [0mimu  -1.1 Dt    4 LtCy    2 integ.govd   -0.00   -0.00 integ.vbp -0.00 -0.00 omni.gos X     -0.0 ,Y     -0.2. omgD -0.015 omg  +0.00 loop   4419
[0mBatt=23.5 [0mODOM [31mVisionX  +0.00 Y  +0.00 theta   +0.0 elt    0 [0mimu  -1.1 Dt    4 LtCy    2 integ.govd   +0.00   +0.00 integ.vbp +0.00 +0.00 omni.gos X     +0.0 ,Y     +0.0. omgD +0.002 omg  +0.00 loop   4411
[0mBatt=23.5 [0mODOM [31mVisionX  +0.00 Y  +0.00 theta   +0.0 elt    0 [0mimu  -1.1 Dt    6 LtCy    3 integ.govd   -0.00   -0.00 integ.vbp -0.00 -0.00 omni.gos X     -0.0 ,Y     -0.1. omgD -0.007 omg  +0.00 loop   4424
[0mBatt=23.5 [0mODOM [31mVisionX  +0.00 Y  +0.00 theta   +0.0 elt    0 [0mimu  -1.1 Dt    6 LtCy    3 integ.govd   +0.00   -0.00 integ.vbp +0.00 -0.00 omni.gos X     +0.0 ,Y     -0.0. omgD -0.002 omg  +0.00 loop   4427
[0mBatt=23.5 [0mODOM [31mVisionX  +0.00 Y  +0.00 theta   +0.0 elt    0 [0mimu  -1.1 Dt    8 LtCy    4 integ.govd   +0.00   +0.00 integ.vbp +0.00 +0.00 omni.gos X     +0.0 ,Y     +0.0. omgD +0.002 omg  +0.00 loop   4441
[0mBatt=23.5 [0mODOM [31mVisionX  +0.00 Y  +0.00 theta   +0.0 elt    0 [0mimu  -1.1 Dt   10 LtCy    5 integ.govd   -0.00   -0.00 integ.vbp -0.00 -0.00 omni.gos X     +0.0 ,Y     -0.0. omgD -0.002 omg  +0.00 loop   4417
[0mBatt=23.5 [0mODOM [31mVisionX  +0.00 Y  +0.00 theta   +0.0 elt    0 [0mimu  -1.1 Dt   10 LtCy    5 integ.govd   -0.00   -0.00 integ.vbp -0.00 -0.00 omni.gos X     -0.0 ,Y     -0.2. omgD -0.015 omg  +0.00 loop   4442
[0mBatt=23.5 [0mODOM [31mVisionX  +0.00 Y  +0.00 theta   +0.0 elt    0 [0mimu  -1.1 Dt   10 LtCy    5 integ.govd   -0.00   -0.00 integ.vbp -0.00 -0.00 omni.gos X     +0.0 ,Y     -0.1. omgD -0.007 omg  +0.00 loop   4417
[0mBatt=23.5 [0mODOM [31mVisionX  +0.00 Y  +0.00 theta   +0.0 elt    0 [0mimu  -1.1 Dt   12 LtCy    6 integ.govd   -0.00   -0.00 integ.vbp -0.00 -0.00 omni.gos X     +0.0 ,Y     -0.1. omgD -0.007 omg  +0.00 loop   4407
[0mBatt=23.5 [0mODOM [31mVisionX  +0.00 Y  +0.00 theta   +0.0 elt    0 [0mimu  -1.1 Dt   12 LtCy    6 integ.govd   +0.00   +0.00 integ.vbp +0.00 +0.00 omni.gos X     +0.0 ,Y     +0.1. omgD +0.006 omg  +0.00 loop   4430
[0mBatt=23.5 [0mODOM [31mVisionX  +0.00 Y  +0.00 theta   +0.0 elt    0 [0mimu  -1.1 Dt    0 LtCy    0 integ.govd   +0.00   +0.00 integ.vbp +0.00 +0.00 omni.gos X     +0.0 ,Y     +0.0. omgD +0.002 omg  +0.00 loop   4356
[0mBatt=23.5 [0mODOM [31mVisionX  +0.00 Y  +0.00 theta   +0.0 elt    0 [0mimu  -1.1 Dt    0 LtCy    0 integ.govd   +0.00   +0.00 integ.vbp +0.00 +0.00 omni.gos X     +0.0 ,Y     -0.1. omgD -0.007 omg  +0.00 loop   4440
[0mBatt=23.5 [0mODOM [31mVisionX  +0.00 Y  +0.00 theta   +0.0 elt    0 [0mimu  -1.1 Dt    2 LtCy    1 integ.govd   -0.00   -0.00 integ.vbp -0.00 -0.00 omni.gos X     -0.0 ,Y     -0.1. omgD -0.007 omg  +0.00 loop   4452
[0mBatt=23.5 [0mODOM [31mVisionX  +0.00 Y  +0.00 theta   +0.0 elt    0 [0mimu  -1.1 Dt    4 LtCy    2 integ.govd   -0.00   -0.00 integ.vbp -0.00 -0.00 omni.gos X     -0.0 ,Y     -0.1. omgD -0.011 omg  +0.00 loop   4439
[0mBatt=23.5 [0mODOM [31mVisionX  +0.00 Y  +0.00 theta   +0.0 elt    0 [0mimu  -1.1 Dt    4 LtCy    2 integ.govd   -0.00   -0.00 integ.vbp -0.00 -0.00 omni.gos X     -0.0 ,Y     -0.0. omgD -0.002 omg  +0.00 loop   4413
[0mBatt=23.5 [0mODOM [31mVisionX  +0.00 Y  +0.00 theta   +0.0 elt    0 [0mimu  -1.1 Dt    6 LtCy    3 integ.govd   -0.00   -0.00 integ.vbp -0.00 -0.00 omni.gos X     -0.0 ,Y     -0.1. omgD -0.007 omg  +0.00 loop   4412
[0mBatt=23.5 [0mODOM [31mVisionX  +0.00 Y  +0.00 theta   +0.0 elt    0 [0mimu  -1.1 Dt    6 LtCy    3 integ.govd   +0.00   -0.00 integ.vbp +0.00 -0.00 omni.gos X     +0.0 ,Y     -0.1. omgD -0.007 omg  +0.00 loop   4417
[0mBatt=23.5 [0mODOM [31mVisionX  +0.00 Y  +0.00 theta   +0.0 elt    0 [0mimu  -1.1 Dt    8 LtCy    4 integ.govd   +0.00   -0.00 integ.vbp +0.00 -0.00 omni.gos X     +0.0 ,Y     -0.1. omgD -0.005 omg  +0.00 loop   4450
[0mBatt=23.5 [0mODOM [31mVisionX  +0.00 Y  +0.00 theta   +0.0 elt    0 [0mimu  -1.1 Dt    8 LtCy    4 integ.govd   -0.00   -0.00 integ.vbp -0.00 -0.00 omni.gos X     -0.0 ,Y     -0.1. omgD -0.004 omg  +0.00 loop   4416
[0mBatt=23.5 [0mODOM [31mVisionX  +0.00 Y  +0.00 theta   +0.0 elt    0 [0mimu  -1.1 Dt    8 LtCy    4 integ.govd   -0.00   -0.00 integ.vbp -0.00 -0.00 omni.gos X     +0.0 ,Y     -0.1. omgD -0.004 omg  +0.00 loop   4431
[0mBatt=23.5 [0mODOM [31mVisionX  +0.00 Y  +0.00 theta   +0.0 elt    0 [0mimu  -1.1 Dt   10 LtCy    5 integ.govd   -0.00   -0.00 integ.vbp -0.00 -0.00 omni.gos X     +0.0 ,Y     -0.0. omgD -0.002 omg  +0.00 loop   4437
[0mBatt=23.5 [0mODOM [31mVisionX  +0.00 Y  +0.00 theta   +0.0 elt    0 [0mimu  -1.1 Dt   12 LtCy    6 integ.govd   -0.00   -0.00 integ.vbp -0.00 -0.00 omni.gos X     +0.0 ,Y     -0.1. omgD -0.009 omg  +0.00 loop   4408
[0mBatt=23.5 [0mODOM [31mVisionX  +0.00 Y  +0.00 theta   +0.0 elt    0 [0mimu  -1.1 Dt   12 LtCy    6 integ.govd   -0.00   -0.00 integ.vbp -0.00 -0.00 omni.gos X     -0.0 ,Y     -0.1. omgD -0.007 omg  +0.00 loop   4429
[0mBatt=23.5 [0mODOM [31mVisionX  +0.00 Y  +0.00 theta   +0.0 elt    0 [0mimu  -1.1 Dt    0 LtCy    0 integ.govd   +0.00   +0.00 integ.vbp +0.00 +0.00 omni.gos X     +0.0 ,Y     -0.1. omgD -0.007 omg  +0.00 loop   4362
[0mBatt=23.5 [0mODOM [31mVisionX  +0.00 Y  +0.00 theta   +0.0 elt    0 [0mimu  -1.1 Dt    0 LtCy    0 integ.govd   +0.00   +0.00 integ.vbp +0.00 +0.00 omni.gos X     +0.0 ,Y     -0.1. omgD -0.004 omg  +0.00 loop   4451
[0mBatt=23.5 [0mODOM [31mVisionX  +0.00 Y  +0.00 theta   +0.0 elt    0 [0mimu  -1.1 Dt    2 LtCy    1 integ.govd   +0.00   -0.00 integ.vbp +0.00 -0.00 omni.gos X     +0.0 ,Y     -0.1. omgD -0.004 omg  +0.00 loop   4442
[0mBatt=23.5 [0mODOM [31mVisionX  +0.00 Y  +0.00 theta   +0.0 elt    0 [0mimu  -1.1 Dt    2 LtCy    1 integ.govd   +0.00   -0.00 integ.vbp +0.00 -0.00 omni.gos X     +0.0 ,Y     -0.0. omgD -0.002 omg  +0.00 loop   4449
[0mBatt=23.5 [0mODOM [31mVisionX  +0.00 Y  +0.00 theta   +0.0 elt    0 [0mimu  -1.1 Dt    2 LtCy    1 integ.govd   +0.00   -0.00 integ.vbp +0.00 -0.00 omni.gos X     +0.0 ,Y     -0.0. omgD -0.000 omg  +0.00 loop   4436
[0mBatt=23.5 [0mODOM [31mVisionX  +0.00 Y  +0.00 theta   +0.0 elt    0 [0mimu  -1.1 Dt    4 LtCy    2 integ.govd   -0.00   -0.00 integ.vbp -0.00 -0.00 omni.gos X     -0.0 ,Y     -0.1. omgD -0.009 omg  +0.00 loop   4422
[0mBatt=23.5 [0mODOM [31mVisionX  +0.00 Y  +0.00 theta   +0.0 elt    0 [0mimu  -1.1 Dt    6 LtCy    3 integ.govd   -0.00   -0.00 integ.vbp -0.00 -0.00 omni.gos X     +0.0 ,Y     -0.1. omgD -0.009 omg  +0.00 loop   4432
[0mBatt=23.5 [0mODOM [31mVisionX  +0.00 Y  +0.00 theta   +0.0 elt    0 [0mimu  -1.1 Dt    6 LtCy    3 integ.govd   -0.00   -0.00 integ.vbp -0.00 -0.00 omni.gos X     -0.0 ,Y     -0.1. omgD -0.009 omg  +0.00 loop   4426
[0mBatt=23.5 [0mODOM [31mVisionX  +0.00 Y  +0.00 theta   +0.0 elt    0 [0mimu  -1.1 Dt    8 LtCy    4 integ.govd   -0.00   -0.00 integ.vbp -0.00 -0.00 omni.gos X     +0.0 ,Y     -0.1. omgD -0.004 omg  +0.00 loop   4407
[0mBatt=23.5 [0mODOM [31mVisionX  +0.00 Y  +0.00 theta   +0.0 elt    0 [0mimu  -1.1 Dt    8 LtCy    4 integ.govd   -0.00   -0.00 integ.vbp -0.00 -0.00 omni.gos X     +0.0 ,Y     -0.1. omgD -0.011 omg  +0.00 loop   4424
[0mBatt=23.5 [0mODOM [31mVisionX  +0.00 Y  +0.00 theta   +0.0 elt    0 [0mimu  -1.1 Dt   10 LtCy    5 integ.govd   +0.00   -0.00 integ.vbp +0.00 -0.00 omni.gos X     +0.0 ,Y     -0.0. omgD -0.002 omg  +0.00 loop   4434
[0mBatt=23.5 [0mODOM [31mVisionX  +0.00 Y  +0.00 theta   +0.0 elt    0 [0mimu  -1.1 Dt   12 LtCy    6 integ.govd   -0.00   -0.00 integ.vbp -0.00 -0.00 omni.gos X     +0.0 ,Y     -0.1. omgD -0.009 omg  +0.00 loop   4429
[0mBatt=23.5 [0mODOM [31mVisionX  +0.00 Y  +0.00 theta   +0.0 elt    0 [0mimu  -1.1 Dt   12 LtCy    6 integ.govd   -0.00   -0.00 integ.vbp -0.00 -0.00 omni.gos X     +0.0 ,Y     -0.1. omgD -0.004 omg  +0.00 loop   4421
[0mBatt=23.5 [0mODOM [31mVisionX  +0.00 Y  +0.00 theta   +0.0 elt    0 [0mimu  -1.1 Dt   12 LtCy    6 integ.govd   -0.00   -0.00 integ.vbp -0.00 -0.00 omni.gos X     -0.0 ,Y     -0.1. omgD -0.009 omg  +0.00 loop   4431
[0mBatt=23.5 [0mODOM [31mVisionX  +0.00 Y  +0.00 theta   +0.0 elt    0 [0mimu  -1.1 Dt    0 LtCy    0 integ.govd   +0.00   +0.00 integ.vbp +0.00 +0.00 omni.gos X     +0.0 ,Y     -0.0. omgD -0.002 omg  +0.00 loop   4325
[0mBatt=23.5 [0mODOM [31mVisionX  +0.00 Y  +0.00 theta   +0.0 elt    0 [0mimu  -1.1 Dt    0 LtCy    0 integ.govd   +0.00   +0.00 integ.vbp +0.00 +0.00 omni.gos X     +0.0 ,Y     -0.1. omgD -0.009 omg  +0.00 loop   4453
[0mBatt=23.5 [0mODOM [31mVisionX  +0.00 Y  +0.00 theta   +0.0 elt    0 [0mimu  -1.1 Dt    2 LtCy    1 integ.govd   +0.00   -0.00 integ.vbp +0.00 -0.00 omni.gos X     +0.0 ,Y     -0.1. omgD -0.009 omg  +0.00 loop   4464
[0mBatt=23.5 [0mODOM [31mVisionX  +0.00 Y  +0.00 theta   +0.0 elt    0 [0mimu  -1.1 Dt    2 LtCy    1 integ.govd   +0.00   -0.00 integ.vbp +0.00 -0.00 omni.gos X     +0.0 ,Y     -0.0. omgD -0.002 omg  +0.00 loop   4434
[0mBatt=23.5 [0mODOM [31mVisionX  +0.00 Y  +0.00 theta   +0.0 elt    0 [0mimu  -1.1 Dt    4 LtCy    2 integ.govd   +0.00   -0.00 integ.vbp +0.00 -0.00 omni.gos X     +0.0 ,Y     -0.0. omgD -0.002 omg  +0.00 loop   4424
[0mBatt=23.5 [0mODOM [31mVisionX  +0.00 Y  +0.00 theta   +0.0 elt    0 [0mimu  -1.1 Dt    6 LtCy    3 integ.govd   -0.00   -0.00 integ.vbp -0.00 -0.00 omni.gos X     +0.0 ,Y     -0.1. omgD -0.007 omg  +0.00 loop   4447
[0mBatt=23.5 [0mODOM [31mVisionX  +0.00 Y  +0.00 theta   +0.0 elt    0 [0mimu  -1.1 Dt    6 LtCy    3 integ.govd   -0.00   -0.00 integ.vbp -0.00 -0.00 omni.gos X     -0.0 ,Y     -0.1. omgD -0.011 omg  +0.00 loop   4437
[0mBatt=23.5 [0mODOM [31mVisionX  +0.00 Y  +0.00 theta   +0.0 elt    0 [0mimu  -1.1 Dt    6 LtCy    3 integ.govd   -0.00   -0.00 integ.vbp -0.00 -0.00 omni.gos X     +0.0 ,Y     -0.0. omgD -0.002 omg  +0.00 loop   4392
[0mBatt=23.5 [0mODOM [31mVisionX  +0.00 Y  +0.00 theta   +0.0 elt    0 [0mimu  -1.1 Dt    8 LtCy    4 integ.govd   +0.00   -0.00 integ.vbp +0.00 -0.00 omni.gos X     +0.0 ,Y     -0.0. omgD -0.002 omg  +0.00 loop   4434
[0mBatt=23.5 [0mODOM [31mVisionX  +0.00 Y  +0.00 theta   +0.0 elt    0 [0mimu  -1.1 Dt   10 LtCy    5 integ.govd   -0.00   -0.00 integ.vbp -0.00 -0.00 omni.gos X     +0.0 ,Y     +0.0. omgD +0.002 omg  +0.00 loop   4446
[0mBatt=23.5 [0mODOM [31mVisionX  +0.00 Y  +0.00 theta   +0.0 elt    0 [0mimu  -1.1 Dt    2 LtCy    1 integ.govd   +0.00   -0.00 integ.vbp +0.00 -0.00 omni.gos X     +0.0 ,Y     -0.1. omgD -0.007 omg  +0.00 loop   2078
[0mBatt=23.5 [0mODOM [31mVisionX  +0.00 Y  +0.00 theta   +0.0 elt    0 [0mimu  -1.1 Dt    4 LtCy    2 integ.govd   -0.00   -0.00 integ.vbp -0.00 -0.00 omni.gos X     -0.0 ,Y     -0.3. omgD -0.019 omg  +0.00 loop   4430
[0mBatt=23.5 [0mODOM [31mVisionX  +0.00 Y  +0.00 theta   +0.0 elt    0 [0mimu  -1.1 Dt    4 LtCy    2 integ.govd   -0.00   -0.00 integ.vbp -0.00 -0.00 omni.gos X     -0.0 ,Y     -0.1. omgD -0.011 omg  +0.00 loop   4419
[0mBatt=23.5 [0mODOM [31mVisionX  +0.00 Y  +0.00 theta   +0.0 elt    0 [0mimu  -1.1 Dt    6 LtCy    3 integ.govd   -0.00   -0.00 integ.vbp -0.00 -0.00 omni.gos X     +0.0 ,Y     -0.0. omgD -0.002 omg  +0.00 loop   4431
[0mBatt=23.5 [0mODOM [31mVisionX  +0.00 Y  +0.00 theta   +0.0 elt    0 [0mimu  -1.1 Dt    6 LtCy    3 integ.govd   +0.00   -0.00 integ.vbp +0.00 -0.00 omni.gos X     +0.0 ,Y     +0.1. omgD +0.006 omg  +0.00 loop   4398
[0mBatt=23.5 [0mODOM [31mVisionX  +0.00 Y  +0.00 theta   +0.0 elt    0 [0mimu  -1.1 Dt    8 LtCy    4 integ.govd   +0.00   +0.00 integ.vbp +0.00 +0.00 omni.gos X     +0.0 ,Y     +0.1. omgD +0.006 omg  +0.00 loop   4448
[0mBatt=23.5 [0mODOM [31mVisionX  +0.00 Y  +0.00 theta   +0.0 elt    0 [0mimu  -1.1 Dt    8 LtCy    4 integ.govd   +0.00   -0.00 integ.vbp +0.00 -0.00 omni.gos X     +0.0 ,Y     -0.1. omgD -0.007 omg  +0.00 loop   4449
[0mBatt=23.5 [0mODOM [31mVisionX  +0.00 Y  +0.00 theta   +0.0 elt    0 [0mimu  -1.1 Dt   10 LtCy    5 integ.govd   -0.00   -0.00 integ.vbp -0.00 -0.00 omni.gos X     +0.0 ,Y     -0.3. omgD -0.019 omg  +0.00 loop   4425
[0mBatt=23.5 [0mODOM [31mVisionX  +0.00 Y  +0.00 theta   +0.0 elt    0 [0mimu  -1.1 Dt   12 LtCy    6 integ.govd   +0.00   -0.00 integ.vbp +0.00 -0.00 omni.gos X     +0.0 ,Y     -0.1. omgD -0.007 omg  +0.00 loop   4422
[0mBatt=23.5 [0mODOM [31mVisionX  +0.00 Y  +0.00 theta   +0.0 elt    0 [0mimu  -1.1 Dt   12 LtCy    6 integ.govd   +0.00   -0.00 integ.vbp +0.00 -0.00 omni.gos X     +0.0 ,Y     -0.0. omgD -0.002 omg  +0.00 loop   4440
[0mBatt=23.5 [0mODOM [31mVisionX  +0.00 Y  +0.00 theta   +0.0 elt    0 [0mimu  -1.1 Dt   14 LtCy    7 integ.govd   -0.00   -0.00 integ.vbp -0.00 -0.00 omni.gos X     +0.0 ,Y     -0.1. omgD -0.007 omg  +0.00 loop   4442
[0mBatt=23.5 [0mODOM [31mVisionX  +0.00 Y  +0.00 theta   +0.0 elt    0 [0mimu  -1.1 Dt    0 LtCy    0 integ.govd   +0.00   +0.00 integ.vbp +0.00 +0.00 omni.gos X     +0.0 ,Y     -0.1. omgD -0.007 omg  +0.00 loop   4337
[0mBatt=23.5 [0mODOM [31mVisionX  +0.00 Y  +0.00 theta   +0.0 elt    0 [0mimu  -1.1 Dt    0 LtCy    0 integ.govd   +0.00   +0.00 integ.vbp +0.00 +0.00 omni.gos X     +0.0 ,Y     -0.2. omgD -0.015 omg  +0.00 loop   4461
[0mBatt=23.5 [0mODOM [31mVisionX  +0.00 Y  +0.00 theta   +0.0 elt    0 [0mimu  -1.1 Dt    2 LtCy    1 integ.govd   -0.00   -0.00 integ.vbp -0.00 -0.00 omni.gos X     -0.0 ,Y     -0.1. omgD -0.011 omg  +0.00 loop   4459
[0mBatt=23.5 [0mODOM [31mVisionX  +0.00 Y  +0.00 theta   +0.0 elt    0 [0mimu  -1.1 Dt    2 LtCy    1 integ.govd   +0.00   -0.00 integ.vbp +0.00 -0.00 omni.gos X     +0.0 ,Y     -0.1. omgD -0.007 omg  +0.00 loop   4396
[0mBatt=23.5 [0mODOM [31mVisionX  +0.00 Y  +0.00 theta   +0.0 elt    0 [0mimu  -1.1 Dt    4 LtCy    2 integ.govd   +0.00   +0.00 integ.vbp +0.00 +0.00 omni.gos X     +0.0 ,Y     +0.0. omgD +0.002 omg  +0.00 loop   4435
[0mBatt=23.5 [0mODOM [31mVisionX  +0.00 Y  +0.00 theta   +0.0 elt    0 [0mimu  -1.1 Dt    4 LtCy    2 integ.govd   -0.00   -0.00 integ.vbp -0.00 -0.00 omni.gos X     +0.0 ,Y     -0.1. omgD -0.007 omg  +0.00 loop   4434
[0mBatt=23.5 [0mODOM [31mVisionX  +0.00 Y  +0.00 theta   +0.0 elt    0 [0mimu  -1.1 Dt    6 LtCy    3 integ.govd   +0.00   +0.00 integ.vbp +0.00 +0.00 omni.gos X     +0.0 ,Y     +0.0. omgD +0.002 omg  +0.00 loop   4421
[0mBatt=23.5 [0mODOM [31mVisionX  +0.00 Y  +0.00 theta   +0.0 elt    0 [0mimu  -1.1 Dt    8 LtCy    4 integ.govd   -0.00   -0.00 integ.vbp -0.00 -0.00 omni.gos X     -0.0 ,Y     -0.1. omgD -0.007 omg  +0.00 loop   4435
[0mBatt=23.5 [0mODOM [31mVisionX  +0.00 Y  +0.00 theta   +0.0 elt    0 [0mimu  -1.1 Dt    8 LtCy    4 integ.govd   -0.00   -0.00 integ.vbp -0.00 -0.00 omni.gos X     -0.0 ,Y     -0.1. omgD -0.011 omg  +0.00 loop   4430
[0mBatt=23.5 [0mODOM [31mVisionX  +0.00 Y  +0.00 theta   +0.0 elt    0 [0mimu  -1.1 Dt    8 LtCy    4 integ.govd   -0.00   -0.00 integ.vbp -0.00 -0.00 omni.gos X     +0.0 ,Y     -0.0. omgD -0.002 omg  +0.00 loop   4409
[0mBatt=23.5 [0mODOM [31mVisionX  +0.00 Y  +0.00 theta   +0.0 elt    0 [0mimu  -1.1 Dt   10 LtCy    5 integ.govd   -0.00   -0.00 integ.vbp -0.00 -0.00 omni.gos X     +0.0 ,Y     -0.2. omgD -0.015 omg  +0.00 loop   4405
[0mBatt=23.5 [0mODOM [31mVisionX  +0.00 Y  +0.00 theta   +0.0 elt    0 [0mimu  -1.1 Dt   12 LtCy    6 integ.govd   -0.00   -0.00 integ.vbp -0.00 -0.00 omni.gos X     +0.0 ,Y     -0.0. omgD -0.002 omg  +0.00 loop   4444
[0mBatt=23.5 [0mODOM [31mVisionX  +0.00 Y  +0.00 theta   +0.0 elt    0 [0mimu  -1.1 Dt   12 LtCy    6 integ.govd   +0.00   +0.00 integ.vbp +0.00 +0.00 omni.gos X     +0.0 ,Y     -0.1. omgD -0.007 omg  +0.00 loop   4421
[0mBatt=23.5 [0mODOM [31mVisionX  +0.00 Y  +0.00 theta   +0.0 elt    0 [0mimu  -1.1 Dt   14 LtCy    7 integ.govd   -0.00   -0.00 integ.vbp -0.00 -0.00 omni.gos X     -0.0 ,Y     -0.1. omgD -0.007 omg  +0.00 loop   4400
[0mBatt=23.5 [0mODOM [31mVisionX  +0.00 Y  +0.00 theta   +0.0 elt    0 [0mimu  -1.1 Dt    0 LtCy    0 integ.govd   +0.00   +0.00 integ.vbp +0.00 +0.00 omni.gos X     +0.0 ,Y     -0.1. omgD -0.011 omg  +0.00 loop   4366
[0mBatt=23.5 [0mODOM [31mVisionX  +0.00 Y  +0.00 theta   +0.0 elt    0 [0mimu  -1.1 Dt    2 LtCy    1 integ.govd   +0.00   -0.00 integ.vbp +0.00 -0.00 omni.gos X     +0.0 ,Y     -0.1. omgD -0.011 omg  +0.00 loop   4462
[0mBatt=23.5 [0mODOM [31mVisionX  +0.00 Y  +0.00 theta   +0.0 elt    0 [0mimu  -1.1 Dt    2 LtCy    1 integ.govd   -0.00   -0.00 integ.vbp -0.00 -0.00 omni.gos X     -0.0 ,Y     -0.1. omgD -0.007 omg  +0.00 loop   4418
[0mBatt=23.5 [0mODOM [31mVisionX  +0.00 Y  +0.00 theta   +0.0 elt    0 [0mimu  -1.2 Dt    2 LtCy    1 integ.govd   -0.00   -0.00 integ.vbp -0.00 -0.00 omni.gos X     -0.0 ,Y     -0.1. omgD -0.011 omg  +0.00 loop   4423
[0mBatt=23.5 [0mODOM [31mVisionX  +0.00 Y  +0.00 theta   +0.0 elt    0 [0mimu  -1.2 Dt    4 LtCy    2 integ.govd   +0.00   +0.00 integ.vbp +0.00 +0.00 omni.gos X     +0.0 ,Y     +0.0. omgD +0.002 omg  +0.00 loop   4430
[0mBatt=23.5 [0mODOM [31mVisionX  +0.00 Y  +0.00 theta   +0.0 elt    0 [0mimu  -1.2 Dt    6 LtCy    3 integ.govd   +0.00   -0.00 integ.vbp +0.00 -0.00 omni.gos X     +0.0 ,Y     -0.1. omgD -0.011 omg  +0.00 loop   4428
[0mBatt=23.5 [0mODOM [31mVisionX  +0.00 Y  +0.00 theta   +0.0 elt    0 [0mimu  -1.2 Dt    6 LtCy    3 integ.govd   -0.00   -0.00 integ.vbp -0.00 -0.00 omni.gos X     -0.0 ,Y     -0.2. omgD -0.015 omg  +0.00 loop   4440
[0mBatt=23.5 [0mODOM [31mVisionX  +0.00 Y  +0.00 theta   +0.0 elt    0 [0mimu  -1.2 Dt    8 LtCy    4 integ.govd   -0.00   -0.00 integ.vbp -0.00 -0.00 omni.gos X     -0.0 ,Y     -0.1. omgD -0.011 omg  +0.00 loop   4429
[0mBatt=23.5 [0mODOM [31mVisionX  +0.00 Y  +0.00 theta   +0.0 elt    0 [0mimu  -1.2 Dt    8 LtCy    4 integ.govd   +0.00   +0.00 integ.vbp +0.00 +0.00 omni.gos X     +0.0 ,Y     +0.1. omgD +0.006 omg  +0.00 loop   4412
[0mBatt=23.5 [0mODOM [31mVisionX  +0.00 Y  +0.00 theta   +0.0 elt    0 [0mimu  -1.2 Dt   10 LtCy    5 integ.govd   +0.00   -0.00 integ.vbp +0.00 -0.00 omni.gos X     +0.0 ,Y     -0.0. omgD -0.002 omg  +0.00 loop   4378
[0mBatt=23.5 [0mODOM [31mVisionX  +0.00 Y  +0.00 theta   +0.0 elt    0 [0mimu  -1.2 Dt   12 LtCy    6 integ.govd   -0.00   -0.00 integ.vbp -0.00 -0.00 omni.gos X     -0.0 ,Y     -0.1. omgD -0.007 omg  +0.00 loop   4444
[0mBatt=23.5 [0mODOM [31mVisionX  +0.00 Y  +0.00 theta   +0.0 elt    0 [0mimu  -1.2 Dt   12 LtCy    6 integ.govd   -0.00   -0.00 integ.vbp -0.00 -0.00 omni.gos X     -0.0 ,Y     -0.2. omgD -0.015 omg  +0.00 loop   4429
[0mBatt=23.5 [0mODOM [31mVisionX  +0.00 Y  +0.00 theta   +0.0 elt    0 [0mimu  -1.2 Dt   12 LtCy    6 integ.govd   -0.00   -0.00 integ.vbp -0.00 -0.00 omni.gos X     +0.0 ,Y     -0.1. omgD -0.011 omg  +0.00 loop   4391
[0mBatt=23.5 [0mODOM [31mVisionX  +0.00 Y  +0.00 theta   +0.0 elt    0 [0mimu  -1.2 Dt    0 LtCy    0 integ.govd   +0.00   +0.00 integ.vbp +0.00 +0.00 omni.gos X     +0.0 ,Y     -0.0. omgD -0.002 omg  +0.00 loop   4353
[0mBatt=23.5 [0mODOM [31mVisionX  +0.00 Y  +0.00 theta   +0.0 elt    0 [0mimu  -1.2 Dt    0 LtCy    0 integ.govd   +0.00   +0.00 integ.vbp +0.00 +0.00 omni.gos X     +0.0 ,Y     +0.0. omgD +0.002 omg  +0.00 loop   4466
[0mBatt=23.5 [0mODOM [31mVisionX  +0.00 Y  +0.00 theta   +0.0 elt    0 [0mimu  -1.2 Dt    2 LtCy    1 integ.govd   -0.00   -0.00 integ.vbp -0.00 -0.00 omni.gos X     -0.0 ,Y     -0.1. omgD -0.007 omg  +0.00 loop   4447
[0mBatt=23.5 [0mODOM [31mVisionX  +0.00 Y  +0.00 theta   +0.0 elt    0 [0mimu  -1.2 Dt    2 LtCy    1 integ.govd   +0.00   -0.00 integ.vbp +0.00 -0.00 omni.gos X     +0.0 ,Y     -0.1. omgD -0.011 omg  +0.00 loop   4413
[0mBatt=23.5 [0mODOM [31mVisionX  +0.00 Y  +0.00 theta   +0.0 elt    0 [0mimu  -1.2 Dt    4 LtCy    2 integ.govd   +0.00   -0.00 integ.vbp +0.00 -0.00 omni.gos X     +0.0 ,Y     -0.2. omgD -0.015 omg  +0.00 loop   4448
[0mBatt=23.5 [0mODOM [31mVisionX  +0.00 Y  +0.00 theta   +0.0 elt    0 [0mimu  -1.2 Dt    4 LtCy    2 integ.govd   -0.00   -0.00 integ.vbp -0.00 -0.00 omni.gos X     +0.0 ,Y     -0.1. omgD -0.007 omg  +0.00 loop   4434
[0mBatt=23.5 [0mODOM [31mVisionX  +0.00 Y  +0.00 theta   +0.0 elt    0 [0mimu  -1.2 Dt    6 LtCy    3 integ.govd   +0.00   -0.00 integ.vbp +0.00 -0.00 omni.gos X     +0.0 ,Y     -0.0. omgD -0.002 omg  +0.00 loop   4424
[0mBatt=23.5 [0mODOM [31mVisionX  +0.00 Y  +0.00 theta   +0.0 elt    0 [0mimu  -1.2 Dt    6 LtCy    3 integ.govd   -0.00   -0.00 integ.vbp -0.00 -0.00 omni.gos X     -0.0 ,Y     -0.2. omgD -0.015 omg  +0.00 loop   4449
[0mBatt=23.5 [0mODOM [31mVisionX  +0.00 Y  +0.00 theta   +0.0 elt    0 [0mimu  -1.2 Dt    8 LtCy    4 integ.govd   -0.00   -0.00 integ.vbp -0.00 -0.00 omni.gos X     +0.0 ,Y     -0.1. omgD -0.007 omg  +0.00 loop   4421
[0mBatt=23.5 [0mODOM [31mVisionX  +0.00 Y  +0.00 theta   +0.0 elt    0 [0mimu  -1.2 Dt   10 LtCy    5 integ.govd   -0.00   -0.00 integ.vbp -0.00 -0.00 omni.gos X     +0.0 ,Y     -0.1. omgD -0.007 omg  +0.00 loop   4414
[0mBatt=23.5 [0mODOM [31mVisionX  +0.00 Y  +0.00 theta   +0.0 elt    0 [0mimu  -1.2 Dt   10 LtCy    5 integ.govd   -0.00   -0.00 integ.vbp -0.00 -0.00 omni.gos X     +0.0 ,Y     -0.1. omgD -0.007 omg  +0.00 loop   4438
[0mBatt=23.5 [0mODOM [31mVisionX  +0.00 Y  +0.00 theta   +0.0 elt    0 [0mimu  -1.2 Dt   10 LtCy    5 integ.govd   -0.00   -0.00 integ.vbp -0.00 -0.00 omni.gos X     +0.0 ,Y     -0.0. omgD -0.002 omg  +0.00 loop   4429
[0mBatt=23.5 [0mODOM [31mVisionX  +0.00 Y  +0.00 theta   +0.0 elt    0 [0mimu  -1.2 Dt   12 LtCy    6 integ.govd   -0.00   -0.00 integ.vbp -0.00 -0.00 omni.gos X     +0.0 ,Y     -0.1. omgD -0.011 omg  +0.00 loop   4400
[0mBatt=23.5 [0mODOM [31mVisionX  +0.00 Y  +0.00 theta   +0.0 elt    0 [0mimu  -1.2 Dt   14 LtCy    7 integ.govd   -0.00   -0.00 integ.vbp -0.00 -0.00 omni.gos X     +0.0 ,Y     -0.0. omgD -0.002 omg  +0.00 loop   4432
[0mBatt=23.5 [0mODOM [31mVisionX  +0.00 Y  +0.00 theta   +0.0 elt    0 [0mimu  -1.2 Dt    0 LtCy    0 integ.govd   +0.00   +0.00 integ.vbp +0.00 +0.00 omni.gos X     +0.0 ,Y     -0.0. omgD -0.002 omg  +0.00 loop   4354
[0mBatt=23.5 [0mODOM [31mVisionX  +0.00 Y  +0.00 theta   +0.0 elt    0 [0mimu  -1.2 Dt    0 LtCy    0 integ.govd   +0.00   +0.00 integ.vbp +0.00 +0.00 omni.gos X     +0.0 ,Y     -0.0. omgD -0.002 omg  +0.00 loop   4433
[0mBatt=23.5 [0mODOM [31mVisionX  +0.00 Y  +0.00 theta   +0.0 elt    0 [0mimu  -1.2 Dt    2 LtCy    1 integ.govd   +0.00   +0.00 integ.vbp +0.00 +0.00 omni.gos X     +0.0 ,Y     +0.0. omgD +0.002 omg  +0.00 loop   4465
[0mBatt=23.5 [0mODOM [31mVisionX  +0.00 Y  +0.00 theta   +0.0 elt    0 [0mimu  -1.2 Dt    4 LtCy    2 integ.govd   -0.00   -0.00 integ.vbp -0.00 -0.00 omni.gos X     -0.0 ,Y     -0.1. omgD -0.011 omg  +0.00 loop   4448
[0mBatt=23.5 [0mODOM [31mVisionX  +0.00 Y  +0.00 theta   +0.0 elt    0 [0mimu  -1.2 Dt    4 LtCy    2 integ.govd   -0.00   -0.00 integ.vbp -0.00 -0.00 omni.gos X     -0.0 ,Y     -0.1. omgD -0.007 omg  +0.00 loop   4414
[0mBatt=23.5 [0mODOM [31mVisionX  +0.00 Y  +0.00 theta   +0.0 elt    0 [0mimu  -1.2 Dt    4 LtCy    2 integ.govd   +0.00   +0.00 integ.vbp +0.00 +0.00 omni.gos X     +0.0 ,Y     +0.0. omgD +0.002 omg  +0.00 loop   4411
[0mBatt=23.5 [0mODOM [31mVisionX  +0.00 Y  +0.00 theta   +0.0 elt    0 [0mimu  -1.2 Dt    6 LtCy    3 integ.govd   -0.00   -0.00 integ.vbp -0.00 -0.00 omni.gos X     +0.0 ,Y     -0.0. omgD -0.002 omg  +0.00 loop   4445
[0mBatt=23.5 [0mODOM [31mVisionX  +0.00 Y  +0.00 theta   +0.0 elt    0 [0mimu  -1.2 Dt    6 LtCy    3 integ.govd   +0.00   -0.00 integ.vbp +0.00 -0.00 omni.gos X     +0.0 ,Y     -0.1. omgD -0.007 omg  +0.00 loop   4439
[0mBatt=23.5 [0mODOM [31mVisionX  +0.00 Y  +0.00 theta   +0.0 elt    0 [0mimu  -1.2 Dt    8 LtCy    4 integ.govd   -0.00   -0.00 integ.vbp -0.00 -0.00 omni.gos X     -0.0 ,Y     -0.0. omgD -0.002 omg  +0.00 loop   4428
[0mBatt=23.5 [0mODOM [31mVisionX  +0.00 Y  +0.00 theta   +0.0 elt    0 [0mimu  -1.2 Dt   10 LtCy    5 integ.govd   -0.00   -0.00 integ.vbp -0.00 -0.00 omni.gos X     +0.0 ,Y     -0.1. omgD -0.011 omg  +0.00 loop   4431
[0mBatt=23.5 [0mODOM [31mVisionX  +0.00 Y  +0.00 theta   +0.0 elt    0 [0mimu  -1.2 Dt   10 LtCy    5 integ.govd   -0.00   -0.00 integ.vbp -0.00 -0.00 omni.gos X     +0.0 ,Y     -0.1. omgD -0.007 omg  +0.00 loop   4440
[0mBatt=23.5 [0mODOM [31mVisionX  +0.00 Y  +0.00 theta   +0.0 elt    0 [0mimu  -1.2 Dt    4 LtCy    2 integ.govd   -0.00   -0.00 integ.vbp -0.00 -0.00 omni.gos X     +0.0 ,Y     -0.1. omgD -0.011 omg  +0.00 loop   2079
[0mBatt=23.5 [0mODOM [31mVisionX  +0.00 Y  +0.00 theta   +0.0 elt    0 [0mimu  -1.2 Dt    4 LtCy    2 integ.govd   +0.00   -0.00 integ.vbp +0.00 -0.00 omni.gos X     +0.0 ,Y     -0.1. omgD -0.011 omg  +0.00 loop   4420
[0mBatt=23.5 [0mODOM [31mVisionX  +0.00 Y  +0.00 theta   +0.0 elt    0 [0mimu  -1.2 Dt    6 LtCy    3 integ.govd   -0.00   -0.00 integ.vbp -0.00 -0.00 omni.gos X     +0.0 ,Y     -0.0. omgD -0.002 omg  +0.00 loop   4449
[0mBatt=23.5 [0mODOM [31mVisionX  +0.00 Y  +0.00 theta   +0.0 elt    0 [0mimu  -1.2 Dt    8 LtCy    4 integ.govd   -0.00   -0.00 integ.vbp -0.00 -0.00 omni.gos X     +0.0 ,Y     -0.0. omgD -0.002 omg  +0.00 loop   4440
[0mBatt=23.5 [0mODOM [31mVisionX  +0.00 Y  +0.00 theta   +0.0 elt    0 [0mimu  -1.2 Dt    8 LtCy    4 integ.govd   -0.00   -0.00 integ.vbp -0.00 -0.00 omni.gos X     +0.0 ,Y     -0.1. omgD -0.011 omg  +0.00 loop   4410
[0mBatt=23.5 [0mODOM [31mVisionX  +0.00 Y  +0.00 theta   +0.0 elt    0 [0mimu  -1.2 Dt    8 LtCy    4 integ.govd   -0.00   -0.00 integ.vbp -0.00 -0.00 omni.gos X     -0.0 ,Y     -0.1. omgD -0.011 omg  +0.00 loop   4430
[0mBatt=23.5 [0mODOM [31mVisionX  +0.00 Y  +0.00 theta   +0.0 elt    0 [0mimu  -1.2 Dt   10 LtCy    5 integ.govd   -0.00   -0.00 integ.vbp -0.00 -0.00 omni.gos X     +0.0 ,Y     -0.1. omgD -0.007 omg  +0.00 loop   4428
[0mBatt=23.5 [0mODOM [31mVisionX  +0.00 Y  +0.00 theta   +0.0 elt    0 [0mimu  -1.2 Dt   12 LtCy    6 integ.govd   -0.00   -0.00 integ.vbp -0.00 -0.00 omni.gos X     +0.0 ,Y     -0.1. omgD -0.009 omg  +0.00 loop   4414
[0mBatt=23.5 [0mODOM [31mVisionX  +0.00 Y  +0.00 theta   +0.0 elt    0 [0mimu  -1.2 Dt   12 LtCy    6 integ.govd   -0.00   -0.00 integ.vbp -0.00 -0.00 omni.gos X     +0.0 ,Y     -0.1. omgD -0.004 omg  +0.00 loop   4442
[0mBatt=23.5 [0mODOM [31mVisionX  +0.00 Y  +0.00 theta   +0.0 elt    0 [0mimu  -1.2 Dt   14 LtCy    7 integ.govd   -0.00   -0.00 integ.vbp -0.00 -0.00 omni.gos X     +0.0 ,Y     -0.1. omgD -0.009 omg  +0.00 loop   4411
[0mBatt=23.5 [0mODOM [31mVisionX  +0.00 Y  +0.00 theta   +0.0 elt    0 [0mimu  -1.2 Dt    0 LtCy    0 integ.govd   +0.00   +0.00 integ.vbp +0.00 +0.00 omni.gos X     +0.0 ,Y     -0.2. omgD -0.015 omg  +0.00 loop   4378
[0mBatt=23.5 [0mODOM [31mVisionX  +0.00 Y  +0.00 theta   +0.0 elt    0 [0mimu  -1.2 Dt    0 LtCy    0 integ.govd   +0.00   +0.00 integ.vbp +0.00 +0.00 omni.gos X     +0.0 ,Y     -0.0. omgD -0.002 omg  +0.00 loop   4446
[0mBatt=23.5 [0mODOM [31mVisionX  +0.00 Y  +0.00 theta   +0.0 elt    0 [0mimu  -1.2 Dt    2 LtCy    1 integ.govd   +0.00   -0.00 integ.vbp +0.00 -0.00 omni.gos X     +0.0 ,Y     -0.0. omgD -0.002 omg  +0.00 loop   4480
TPRB_BEGIN,version=1,clock_hz=170000000,duration_cycles=1700000000
TPRB_TYPE,event_sequence,cycle,marker_sequence,counter
TPRB_RX,0,87673450,1,1
TPRB_RX,1,90218809,2,2
TPRB_RX,2,92765004,3,3
TPRB_RX,3,95293553,4,4
TPRB_RX,4,97838794,5,5
TPRB_RX,5,100379903,6,6
TPRB_RX,6,102950979,7,7
TPRB_RX,7,105492514,8,8
TPRB_RX,8,108036936,9,9
TPRB_RX,9,110581677,10,10
TPRB_RX,10,113144979,11,11
TPRB_RX,11,115685522,12,12
TPRB_RX,12,118226818,13,13
TPRB_RX,13,120810808,14,14
TPRB_RX,14,123350265,15,15
TPRB_RX,15,125892182,16,16
TPRB_RX,16,128439465,17,17
TPRB_RX,17,130982185,18,18
TPRB_RX,18,133526001,19,19
TPRB_RX,19,136066673,20,20
TPRB_RX,20,138609708,21,21
TPRB_RX,21,141149174,22,22
TPRB_RX,22,143689877,23,23
TPRB_RX,23,146272931,24,24
TPRB_RX,24,148813082,25,25
TPRB_RX,25,151351967,26,26
TPRB_RX,26,153937869,27,27
TPRB_RX,27,156477619,28,28
TPRB_RX,28,159017333,29,29
TPRB_RX,29,161560585,30,30
TPRB_RX,30,164125970,31,31
TPRB_RX,31,166672316,32,32
TPRB_RX,32,169220222,33,33
TPRB_RX,33,171769011,34,34
TPRB_RX,34,174317280,35,35
TPRB_RX,35,176861296,36,36
TPRB_RX,36,179404828,37,37
TPRB_RX,37,181952956,38,38
TPRB_RX,38,184502118,39,39
TPRB_RX,39,187048853,40,40
TPRB_RX,40,189599069,41,41
TPRB_RX,41,192148101,42,42
TPRB_RX,42,194694383,43,43
TPRB_RX,43,197242088,44,44
TPRB_RX,44,199788167,45,45
TPRB_RX,45,202333568,46,46
TPRB_RX,46,204882345,47,47
TPRB_RX,47,207431123,48,48
TPRB_RX,48,209977800,49,49
TPRB_RX,49,212525952,50,50
TPRB_RX,50,215076645,51,51
TPRB_RX,51,217621768,52,52
TPRB_RX,52,220167051,53,53
TPRB_RX,53,222716613,54,54
TPRB_RX,54,225267392,55,55
TPRB_RX,55,227820537,56,56
TPRB_RX,56,230370676,57,57
TPRB_RX,57,232917413,58,58
TPRB_RX,58,235462420,59,59
TPRB_RX,59,238008042,60,60
TPRB_RX,60,240560900,61,61
TPRB_RX,61,243115320,62,62
TPRB_RX,62,245662356,63,63
TPRB_RX,63,248216595,64,64
TPRB_RX,64,250767837,65,65
TPRB_RX,65,253313898,66,66
TPRB_RX,66,255871580,67,67
TPRB_RX,67,258420632,68,68
TPRB_RX,68,260971098,69,69
TPRB_RX,69,263521810,70,70
TPRB_RX,70,266077857,71,71
TPRB_RX,71,268627771,72,72
TPRB_RX,72,271174677,73,73
TPRB_RX,73,273724029,74,74
TPRB_RX,74,276273318,75,75
TPRB_RX,75,278821142,76,76
TPRB_RX,76,281375171,77,77
TPRB_RX,77,283924021,78,78
TPRB_RX,78,286470982,79,79
TPRB_RX,79,289022663,80,80
TPRB_RX,80,291578803,81,81
TPRB_RX,81,294124287,82,82
TPRB_RX,82,296669963,83,83
TPRB_RX,83,299218229,84,84
TPRB_RX,84,301763375,85,85
TPRB_RX,85,304310942,86,86
TPRB_RX,86,306856128,87,87
TPRB_RX,87,309401091,88,88
TPRB_RX,88,311943995,89,89
TPRB_RX,89,314497436,90,90
TPRB_RX,90,317049158,91,91
TPRB_RX,91,319595057,92,92
TPRB_RX,92,322142559,93,93
TPRB_RX,93,324697988,94,94
TPRB_RX,94,327251547,95,95
TPRB_RX,95,329798869,96,96
TPRB_RX,96,332354907,97,97
TPRB_RX,97,334913035,98,98
TPRB_RX,98,337464699,99,99
TPRB_RX,99,340023978,100,100
TPRB_RX,100,342575253,101,101
TPRB_RX,101,345129057,102,102
TPRB_RX,102,347682022,103,103
TPRB_RX,103,350238460,104,104
TPRB_RX,104,352792466,105,105
TPRB_RX,105,355349128,106,106
TPRB_RX,106,357909731,107,107
TPRB_RX,107,360462579,108,108
TPRB_RX,108,363017127,109,109
TPRB_RX,109,365565221,110,110
TPRB_RX,110,368112866,111,111
TPRB_RX,111,370670304,112,112
TPRB_RX,112,373217084,113,113
TPRB_RX,113,375765096,114,114
TPRB_RX,114,378313344,115,115
TPRB_RX,115,380859743,116,116
TPRB_RX,116,383409997,117,117
TPRB_RX,117,385956955,118,118
TPRB_RX,118,388502899,119,119
TPRB_RX,119,391055936,120,120
TPRB_RX,120,393603537,121,121
TPRB_RX,121,396155215,122,122
TPRB_RX,122,398705250,123,123
TPRB_RX,123,401249522,124,124
TPRB_RX,124,403791457,125,125
TPRB_RX,125,406344933,126,126
TPRB_RX,126,408890225,127,127
TPRB_RX,127,411433638,128,128
TPRB_RX,128,413979377,129,129
TPRB_RX,129,416524159,130,130
TPRB_RX,130,419067626,131,131
TPRB_RX,131,421607895,132,132
TPRB_RX,132,424149097,133,133
TPRB_RX,133,426703675,134,134
TPRB_RX,134,429252943,135,135
TPRB_RX,135,431807959,136,136
TPRB_RX,136,434358841,137,137
TPRB_RX,137,436925501,138,138
TPRB_RX,138,439480976,139,139
TPRB_RX,139,442026119,140,140
TPRB_RX,140,444568851,141,141
TPRB_RX,141,447107780,142,142
TPRB_RX,142,449650917,143,143
TPRB_RX,143,452196463,144,144
TPRB_RX,144,454919502,145,145
TPRB_RX,145,457452766,146,146
TPRB_RX,146,460011132,147,147
TPRB_RX,147,462554116,148,148
TPRB_RX,148,465099176,149,149
TPRB_RX,149,467647815,150,150
TPRB_RX,150,470194394,151,151
TPRB_RX,151,472735979,152,152
TPRB_RX,152,475281219,153,153
TPRB_RX,153,477824696,154,154
TPRB_RX,154,480369607,155,155
TPRB_RX,155,482910262,156,156
TPRB_RX,156,485466867,157,157
TPRB_RX,157,488011013,158,158
TPRB_RX,158,490561415,159,159
TPRB_RX,159,493122391,160,160
TPRB_RX,160,495668207,161,161
TPRB_RX,161,498212545,162,162
TPRB_RX,162,500756107,163,163
TPRB_RX,163,503299754,164,164
TPRB_RX,164,505841382,165,165
TPRB_RX,165,508383360,166,166
TPRB_RX,166,510926782,167,167
TPRB_RX,167,513472139,168,168
TPRB_RX,168,516024379,169,169
TPRB_RX,169,518585537,170,170
TPRB_RX,170,521138262,171,171
TPRB_RX,171,523690829,172,172
TPRB_RX,172,526252344,173,173
TPRB_RX,173,528803440,174,174
TPRB_RX,174,531343379,175,175
TPRB_RX,175,533897417,176,176
TPRB_RX,176,536493805,177,177
TPRB_RX,177,539087377,178,178
TPRB_RX,178,541515484,179,179
TPRB_RX,179,544125294,180,180
TPRB_RX,180,546608909,181,181
TPRB_RX,181,549212012,182,182
TPRB_RX,182,551761414,183,183
TPRB_RX,183,554363321,184,184
TPRB_RX,184,556812778,185,185
TPRB_RX,185,559428693,186,186
TPRB_RX,186,561895415,187,187
TPRB_RX,187,564505627,188,188
TPRB_RX,188,567119695,189,189
TPRB_RX,189,569615528,190,190
TPRB_RX,190,572220056,191,191
TPRB_RX,191,574662871,192,192
TPRB_RX,192,577277949,193,193
TPRB_RX,193,579884230,194,194
TPRB_RX,194,582313031,195,195
TPRB_RX,195,584928436,196,196
TPRB_RX,196,587392651,197,197
TPRB_RX,197,589995444,198,198
TPRB_RX,198,592598439,199,199
TPRB_RX,199,595078968,200,200
TPRB_RX,200,597682900,201,0
TPRB_RX,201,600164539,202,1
TPRB_RX,202,602778470,203,2
TPRB_RX,203,605255169,204,3
TPRB_RX,204,607867601,205,4
TPRB_RX,205,610336437,206,5
TPRB_RX,206,612947053,207,6
TPRB_RX,207,615563044,208,7
TPRB_RX,208,618019349,209,8
TPRB_RX,209,620631339,210,9
TPRB_RX,210,623240189,211,10
TPRB_RX,211,625704179,212,11
TPRB_RX,212,628316777,213,12
TPRB_RX,213,630769579,214,13
TPRB_RX,214,633373161,215,14
TPRB_RX,215,635982938,216,15
TPRB_RX,216,638424596,217,16
TPRB_RX,217,641030940,218,17
TPRB_RX,218,643638389,219,18
TPRB_RX,219,646077421,220,19
TPRB_RX,220,648681075,221,20
TPRB_RX,221,651285298,222,21
TPRB_RX,222,653734994,223,22
TPRB_RX,223,656380153,224,23
TPRB_RX,224,658822694,225,24
TPRB_RX,225,661430483,226,25
TPRB_RX,226,664036753,227,26
TPRB_RX,227,666468582,228,27
TPRB_RX,228,669078635,229,28
TPRB_RX,229,671691705,230,29
TPRB_RX,230,674120591,231,30
TPRB_RX,231,676719732,232,31
TPRB_RX,232,679327215,233,32
TPRB_RX,233,681756537,234,33
TPRB_RX,234,684337421,235,34
TPRB_RX,235,686946880,236,35
TPRB_RX,236,689548645,237,36
TPRB_RX,237,691960829,238,37
TPRB_RX,238,694550066,239,38
TPRB_RX,239,697147888,240,39
TPRB_RX,240,699743204,241,40
TPRB_RX,241,702154177,242,41
TPRB_RX,242,704765480,243,42
TPRB_RX,243,707360088,244,43
TPRB_RX,244,709789183,245,44
TPRB_RX,245,712381410,246,45
TPRB_RX,246,714974493,247,46
TPRB_RX,247,717561692,248,47
TPRB_RX,248,719972621,249,48
TPRB_RX,249,722566970,250,49
TPRB_RX,250,725159376,251,50
TPRB_RX,251,727770914,252,51
TPRB_RX,252,730189886,253,52
TPRB_RX,253,732782768,254,53
TPRB_RX,254,735374227,255,54
TPRB_RX,255,737984599,256,55
TPRB_RX,256,740401958,257,56
TPRB_RX,257,743003787,258,57
TPRB_RX,258,745598869,259,58
TPRB_RX,259,748194685,260,59
TPRB_RX,260,750601650,261,60
TPRB_RX,261,753218693,262,61
TPRB_RX,262,755807859,263,62
TPRB_RX,263,758404820,264,63
TPRB_RX,264,760806520,265,64
TPRB_RX,265,763403887,266,65
TPRB_RX,266,766000722,267,66
TPRB_RX,267,768589589,268,67
TPRB_RX,268,771018922,269,68
TPRB_RX,269,773617200,270,69
TPRB_RX,270,776260138,271,70
TPRB_RX,271,778696533,272,71
TPRB_RX,272,781302355,273,72
TPRB_RX,273,783778418,274,73
TPRB_RX,274,786431695,275,74
TPRB_RX,275,788893100,276,75
TPRB_RX,276,791492617,277,76
TPRB_RX,277,794084949,278,77
TPRB_RX,278,796536295,279,78
TPRB_RX,279,799127446,280,79
TPRB_RX,280,801723080,281,80
TPRB_RX,281,804172441,282,81
TPRB_RX,282,806781950,283,82
TPRB_RX,283,809254974,284,83
TPRB_RX,284,811891356,285,84
TPRB_RX,285,814497871,286,85
TPRB_RX,286,816929764,287,86
TPRB_RX,287,819536099,288,87
TPRB_RX,288,822137076,289,88
TPRB_RX,289,824640002,290,89
TPRB_RX,290,827231160,291,90
TPRB_RX,291,829689551,292,91
TPRB_RX,292,832279130,293,92
TPRB_RX,293,834870838,294,93
TPRB_RX,294,837295798,295,94
TPRB_RX,295,839902409,296,95
TPRB_RX,296,842507208,297,96
TPRB_RX,297,844952809,298,97
TPRB_RX,298,847567579,299,98
TPRB_RX,299,850161586,300,99
TPRB_RX,300,852602935,301,100
TPRB_RX,301,855199421,302,101
TPRB_RX,302,857825454,303,102
TPRB_RX,303,860260489,304,103
TPRB_RX,304,862857824,305,104
TPRB_RX,305,865469492,306,105
TPRB_RX,306,867936007,307,106
TPRB_RX,307,870533664,308,107
TPRB_RX,308,873133401,309,108
TPRB_RX,309,875555305,310,109
TPRB_RX,310,878158792,311,110
TPRB_RX,311,880785972,312,111
TPRB_RX,312,883204754,313,112
TPRB_RX,313,885802492,314,113
TPRB_RX,314,888396671,315,114
TPRB_RX,315,890865420,316,115
TPRB_RX,316,893468352,317,116
TPRB_RX,317,896058281,318,117
TPRB_RX,318,898517193,319,118
TPRB_RX,319,901118958,320,119
TPRB_RX,320,903723507,321,120
TPRB_RX,321,906166386,322,121
TPRB_RX,322,908768150,323,122
TPRB_RX,323,911376703,324,123
TPRB_RX,324,913806939,325,124
TPRB_RX,325,916412899,326,125
TPRB_RX,326,919017779,327,126
TPRB_RX,327,921463868,328,127
TPRB_RX,328,924062868,329,128
TPRB_RX,329,926680890,330,129
TPRB_RX,330,929112191,331,130
TPRB_RX,331,931721275,332,131
TPRB_RX,332,934333240,333,132
TPRB_RX,333,936758589,334,133
TPRB_RX,334,939362925,335,134
TPRB_RX,335,941969652,336,135
TPRB_RX,336,944439475,337,136
TPRB_RX,337,947072786,338,137
TPRB_RX,338,949523569,339,138
TPRB_RX,339,952132740,340,139
TPRB_RX,340,954736281,341,140
TPRB_RX,341,957180170,342,141
TPRB_RX,342,959786195,343,142
TPRB_RX,343,962283315,344,143
TPRB_RX,344,964885175,345,144
TPRB_RX,345,967496216,346,145
TPRB_RX,346,969925581,347,146
TPRB_RX,347,972524517,348,147
TPRB_RX,348,975144448,349,148
TPRB_RX,349,977584366,350,149
TPRB_RX,350,980182723,351,150
TPRB_RX,351,982788840,352,151
TPRB_RX,352,985225313,353,152
TPRB_RX,353,987836289,354,153
TPRB_RX,354,990450031,355,154
TPRB_RX,355,992868810,356,155
TPRB_RX,356,995484835,357,156
TPRB_RX,357,998110176,358,157
TPRB_RX,358,1000533622,359,158
TPRB_RX,359,1003144397,360,159
TPRB_RX,360,1005743099,361,160
TPRB_RX,361,1008177429,362,161
TPRB_RX,362,1010796703,363,162
TPRB_RX,363,1013400389,364,163
TPRB_RX,364,1015827894,365,164
TPRB_RX,365,1018429501,366,165
TPRB_RX,366,1021024040,367,166
TPRB_RX,367,1023464623,368,167
TPRB_RX,368,1026064805,369,168
TPRB_RX,369,1028674636,370,169
TPRB_RX,370,1031121658,371,170
TPRB_RX,371,1033726537,372,171
TPRB_RX,372,1036330566,373,172
TPRB_RX,373,1038766198,374,173
TPRB_RX,374,1041386259,375,174
TPRB_RX,375,1043987398,376,175
TPRB_RX,376,1046423254,377,176
TPRB_RX,377,1049034166,378,177
TPRB_RX,378,1051669919,379,178
TPRB_RX,379,1054071139,380,179
TPRB_RX,380,1056658464,381,180
TPRB_RX,381,1059254586,382,181
TPRB_RX,382,1061846110,383,182
TPRB_RX,383,1064252250,384,183
TPRB_RX,384,1066800003,385,184
TPRB_RX,385,1069384033,386,185
TPRB_RX,386,1071961989,387,186
TPRB_RX,387,1074553861,388,187
TPRB_RX,388,1077154320,389,188
TPRB_RX,389,1079559119,390,189
TPRB_RX,390,1082148388,391,190
TPRB_RX,391,1084776742,392,191
TPRB_RX,392,1087362639,393,192
TPRB_RX,393,1089772198,394,193
TPRB_RX,394,1092377831,395,194
TPRB_RX,395,1094979222,396,195
TPRB_RX,396,1097419237,397,196
TPRB_RX,397,1100021286,398,197
TPRB_RX,398,1102624581,399,198
TPRB_RX,399,1105069510,400,199
TPRB_RX,400,1107664549,401,200
TPRB_RX,401,1110273913,402,0
TPRB_RX,402,1112728117,403,1
TPRB_RX,403,1115332496,404,2
TPRB_RX,404,1117936789,405,3
TPRB_RX,405,1120373285,406,4
TPRB_RX,406,1122982816,407,5
TPRB_RX,407,1125581339,408,6
TPRB_RX,408,1128031266,409,7
TPRB_RX,409,1130635213,410,8
TPRB_RX,410,1133124440,411,9
TPRB_RX,411,1135726949,412,10
TPRB_RX,412,1138329011,413,11
TPRB_RX,413,1140770625,414,12
TPRB_RX,414,1143383559,415,13
TPRB_RX,415,1145981933,416,14
TPRB_RX,416,1148431719,417,15
TPRB_RX,417,1151040213,418,16
TPRB_RX,418,1153641847,419,17
TPRB_RX,419,1156060874,420,18
TPRB_RX,420,1158650546,421,19
TPRB_RX,421,1161155357,422,20
TPRB_RX,422,1163750141,423,21
TPRB_RX,423,1166343810,424,22
TPRB_RX,424,1168817598,425,23
TPRB_RX,425,1171406293,426,24
TPRB_RX,426,1173993546,427,25
TPRB_RX,427,1176584239,428,26
TPRB_RX,428,1179169044,429,27
TPRB_RX,429,1181586083,430,28
TPRB_RX,430,1184175215,431,29
TPRB_RX,431,1186795781,432,30
TPRB_RX,432,1189199023,433,31
TPRB_RX,433,1191783789,434,32
TPRB_RX,434,1194379297,435,33
TPRB_RX,435,1196965740,436,34
TPRB_RX,436,1199554329,437,35
TPRB_RX,437,1202129097,438,36
TPRB_RX,438,1204531623,439,37
TPRB_RX,439,1207119088,440,38
TPRB_RX,440,1209705723,441,39
TPRB_RX,441,1212301696,442,40
TPRB_RX,442,1214707175,443,41
TPRB_RX,443,1217295731,444,42
TPRB_RX,444,1219885863,445,43
TPRB_RX,445,1222483931,446,44
TPRB_RX,446,1225078737,447,45
TPRB_RX,447,1227482578,448,46
TPRB_RX,448,1230086162,449,47
TPRB_RX,449,1232685441,450,48
TPRB_RX,450,1235284411,451,49
TPRB_RX,451,1237700750,452,50
TPRB_RX,452,1240295874,453,51
TPRB_RX,453,1242889133,454,52
TPRB_RX,454,1245488428,455,53
TPRB_RX,455,1247902927,456,54
TPRB_RX,456,1250526090,457,55
TPRB_RX,457,1253128780,458,56
TPRB_RX,458,1255542890,459,57
TPRB_RX,459,1258138275,460,58
TPRB_RX,460,1260731800,461,59
TPRB_RX,461,1263327908,462,60
TPRB_RX,462,1265742007,463,61
TPRB_RX,463,1268349380,464,62
TPRB_RX,464,1270965391,465,63
TPRB_RX,465,1273388294,466,64
TPRB_RX,466,1275983781,467,65
TPRB_RX,467,1278578067,468,66
TPRB_RX,468,1281185152,469,67
TPRB_RX,469,1283604215,470,68
TPRB_RX,470,1286216327,471,69
TPRB_RX,471,1288837802,472,70
TPRB_RX,472,1291252205,473,71
TPRB_RX,473,1293855192,474,72
TPRB_RX,474,1296452324,475,73
TPRB_RX,475,1298862595,476,74
TPRB_RX,476,1301457687,477,75
TPRB_RX,477,1304074805,478,76
TPRB_RX,478,1306673073,479,77
TPRB_RX,479,1309095362,480,78
TPRB_RX,480,1311694396,481,79
TPRB_RX,481,1314308348,482,80
TPRB_RX,482,1316726970,483,81
TPRB_RX,483,1319325156,484,82
TPRB_RX,484,1321955333,485,83
TPRB_RX,485,1324393097,486,84
TPRB_RX,486,1326989929,487,85
TPRB_RX,487,1329595494,488,86
TPRB_RX,488,1332011142,489,87
TPRB_RX,489,1334655203,490,88
TPRB_RX,490,1337258212,491,89
TPRB_RX,491,1339704833,492,90
TPRB_RX,492,1342335613,493,91
TPRB_RX,493,1344761939,494,92
TPRB_RX,494,1347363342,495,93
TPRB_RX,495,1349975679,496,94
TPRB_RX,496,1352583901,497,95
TPRB_RX,497,1355015148,498,96
TPRB_RX,498,1357632627,499,97
TPRB_RX,499,1360231573,500,98
TPRB_RX,500,1362647659,501,99
TPRB_RX,501,1365253056,502,100
TPRB_RX,502,1367846968,503,101
TPRB_RX,503,1370265780,504,102
TPRB_RX,504,1372969470,505,103
TPRB_RX,505,1375372569,506,104
TPRB_RX,506,1377962741,507,105
TPRB_RX,507,1380595638,508,106
TPRB_RX,508,1383182722,509,107
TPRB_RX,509,1385583917,510,108
TPRB_RX,510,1388265075,511,109
TPRB_RX,511,1390847010,512,110
TPRB_RX,512,1393256239,513,111
TPRB_RX,513,1395844233,514,112
TPRB_RX,514,1398328168,515,113
TPRB_RX,515,1400920530,516,114
TPRB_RX,516,1403519382,517,115
TPRB_RX,517,1405974991,518,116
TPRB_RX,518,1408558045,519,117
TPRB_RX,519,1411144148,520,118
TPRB_RX,520,1413731049,521,119
TPRB_RX,521,1416322105,522,120
TPRB_RX,522,1418728839,523,121
TPRB_RX,523,1421319763,524,122
TPRB_RX,524,1423954129,525,123
TPRB_RX,525,1426537296,526,124
TPRB_RX,526,1428932363,527,125
TPRB_RX,527,1431528381,528,126
TPRB_RX,528,1434109225,529,127
TPRB_RX,529,1436699504,530,128
TPRB_RX,530,1439276509,531,129
TPRB_RX,531,1441695642,532,130
TPRB_RX,532,1444307193,533,131
TPRB_RX,533,1446905740,534,132
TPRB_RX,534,1449350288,535,133
TPRB_RX,535,1451949278,536,134
TPRB_RX,536,1454558172,537,135
TPRB_RX,537,1457019824,538,136
TPRB_RX,538,1459627975,539,137
TPRB_RX,539,1462229943,540,138
TPRB_RX,540,1464691356,541,139
TPRB_RX,541,1467297207,542,140
TPRB_RX,542,1469891969,543,141
TPRB_RX,543,1472312174,544,142
TPRB_RX,544,1474924882,545,143
TPRB_RX,545,1477536836,546,144
TPRB_RX,546,1479946489,547,145
TPRB_RX,547,1482539112,548,146
TPRB_RX,548,1485138516,549,147
TPRB_RX,549,1487729494,550,148
TPRB_RX,550,1490146374,551,149
TPRB_RX,551,1492744769,552,150
TPRB_RX,552,1495344018,553,151
TPRB_RX,553,1497808315,554,152
TPRB_RX,554,1500420580,555,153
TPRB_RX,555,1503013059,556,154
TPRB_RX,556,1505452973,557,155
TPRB_RX,557,1508053964,558,156
TPRB_RX,558,1510668895,559,157
TPRB_RX,559,1513098014,560,158
TPRB_RX,560,1515690405,561,159
TPRB_RX,561,1518287817,562,160
TPRB_RX,562,1520876768,563,161
TPRB_RX,563,1523309320,564,162
TPRB_RX,564,1525903988,565,163
TPRB_RX,565,1528500707,566,164
TPRB_RX,566,1531094800,567,165
TPRB_RX,567,1533518553,568,166
TPRB_RX,568,1536111489,569,167
TPRB_RX,569,1538702257,570,168
TPRB_RX,570,1541182664,571,169
TPRB_RX,571,1543777385,572,170
TPRB_RX,572,1546368692,573,171
TPRB_RX,573,1548811340,574,172
TPRB_RX,574,1551423497,575,173
TPRB_RX,575,1554009356,576,174
TPRB_RX,576,1556448475,577,175
TPRB_RX,577,1559097713,578,176
TPRB_RX,578,1561690224,579,177
TPRB_RX,579,1564108080,580,178
TPRB_RX,580,1566701937,581,179
TPRB_RX,581,1569322203,582,180
TPRB_RX,582,1571750120,583,181
TPRB_RX,583,1574351194,584,182
TPRB_RX,584,1576992612,585,183
TPRB_RX,585,1579409608,586,184
TPRB_RX,586,1582009652,587,185
TPRB_RX,587,1584603231,588,186
TPRB_RX,588,1587054848,589,187
TPRB_RX,589,1589673699,590,188
TPRB_RX,590,1592281158,591,189
TPRB_RX,591,1594712501,592,190
TPRB_RX,592,1597326134,593,191
TPRB_RX,593,1599923659,594,192
TPRB_RX,594,1602360568,595,193
TPRB_RX,595,1604963737,596,194
TPRB_RX,596,1607558191,597,195
TPRB_RX,597,1610012633,598,196
TPRB_RX,598,1612604440,599,197
TPRB_RX,599,1615206068,600,198
TPRB_RX,600,1617805857,601,199
TPRB_RX,601,1620230517,602,200
TPRB_RX,602,1622823403,603,0
TPRB_RX,603,1625460797,604,1
TPRB_RX,604,1627888900,605,2
TPRB_RX,605,1630481248,606,3
TPRB_RX,606,1633079869,607,4
TPRB_RX,607,1635526669,608,5
TPRB_RX,608,1638131384,609,6
TPRB_RX,609,1640754761,610,7
TPRB_RX,610,1643170025,611,8
TPRB_RX,611,1645785156,612,9
TPRB_RX,612,1648375509,613,10
TPRB_RX,613,1650834389,614,11
TPRB_RX,614,1653453714,615,12
TPRB_RX,615,1656050073,616,13
TPRB_RX,616,1658471404,617,14
TPRB_RX,617,1661120972,618,15
TPRB_RX,618,1663559525,619,16
TPRB_RX,619,1666155363,620,17
TPRB_RX,620,1668778962,621,18
TPRB_RX,621,1671218847,622,19
TPRB_RX,622,1673819196,623,20
TPRB_RX,623,1676419304,624,21
TPRB_RX,624,1678865136,625,22
TPRB_RX,625,1681459168,626,23
TPRB_RX,626,1684058094,627,24
TPRB_RX,627,1686511014,628,25
TPRB_RX,628,1689110070,629,26
TPRB_RX,629,1691695567,630,27
TPRB_RX,630,1694184753,631,28
TPRB_RX,631,1696816213,632,29
TPRB_RX,632,1699260143,633,30
TPRB_APPLY,0,88013431,1,1
TPRB_APPLY,1,90408628,2,2
TPRB_APPLY,2,92803825,3,3
TPRB_APPLY,3,95541193,4,4
TPRB_APPLY,4,97936390,5,5
TPRB_APPLY,5,100673758,6,6
TPRB_APPLY,6,103068955,7,7
TPRB_APPLY,7,105806323,8,8
TPRB_APPLY,8,108201520,9,9
TPRB_APPLY,9,110596717,10,10
TPRB_APPLY,10,113334085,11,11
TPRB_APPLY,11,115730324,12,12
TPRB_APPLY,12,118466650,13,13
TPRB_APPLY,13,120861847,14,14
TPRB_APPLY,14,123599215,15,15
TPRB_APPLY,15,125994412,16,16
TPRB_APPLY,16,128731780,17,17
TPRB_APPLY,17,131126977,18,18
TPRB_APPLY,18,133864345,19,19
TPRB_APPLY,19,136260335,20,20
TPRB_APPLY,20,138654739,21,21
TPRB_APPLY,21,141392107,22,22
TPRB_APPLY,22,143787304,23,23
TPRB_APPLY,23,146524672,24,24
TPRB_APPLY,24,148919869,25,25
TPRB_APPLY,25,151657237,26,26
TPRB_APPLY,26,154052434,27,27
TPRB_APPLY,27,156789802,28,28
TPRB_APPLY,28,159184999,29,29
TPRB_APPLY,29,161580196,30,30
TPRB_APPLY,30,164317564,31,31
TPRB_APPLY,31,166712761,32,32
TPRB_APPLY,32,169450129,33,33
TPRB_APPLY,33,171845326,34,34
TPRB_APPLY,34,174582694,35,35
TPRB_APPLY,35,176977891,36,36
TPRB_APPLY,36,179715259,37,37
TPRB_APPLY,37,182110456,38,38
TPRB_APPLY,38,184505653,39,39
TPRB_APPLY,39,187243021,40,40
TPRB_APPLY,40,189638218,41,41
TPRB_APPLY,41,192375586,42,42
TPRB_APPLY,42,194770783,43,43
TPRB_APPLY,43,197508151,44,44
TPRB_APPLY,44,199903348,45,45
TPRB_APPLY,45,202640716,46,46
TPRB_APPLY,46,205035913,47,47
TPRB_APPLY,47,207433119,48,48
TPRB_APPLY,48,210168478,49,49
TPRB_APPLY,49,212564585,50,50
TPRB_APPLY,50,215301043,51,51
TPRB_APPLY,51,217696240,52,52
TPRB_APPLY,52,220433608,53,53
TPRB_APPLY,53,222828805,54,54
TPRB_APPLY,54,225566173,55,55
TPRB_APPLY,55,227961370,56,56
TPRB_APPLY,56,230698738,57,57
TPRB_APPLY,57,233093935,58,58
TPRB_APPLY,58,235489132,59,59
TPRB_APPLY,59,238226500,60,60
TPRB_APPLY,60,240621696,61,61
TPRB_APPLY,61,243359064,62,62
TPRB_APPLY,62,245754261,63,63
TPRB_APPLY,63,248491631,64,64
TPRB_APPLY,64,250886826,65,65
TPRB_APPLY,65,253624194,66,66
TPRB_APPLY,66,256019391,67,67
TPRB_APPLY,67,258756759,68,68
TPRB_APPLY,68,261151956,69,69
TPRB_APPLY,69,263547153,70,70
TPRB_APPLY,70,266284523,71,71
TPRB_APPLY,71,268679718,72,72
TPRB_APPLY,72,271417086,73,73
TPRB_APPLY,73,273812283,74,74
TPRB_APPLY,74,276550588,75,75
TPRB_APPLY,75,278944848,76,76
TPRB_APPLY,76,281682216,77,77
TPRB_APPLY,77,284077413,78,78
TPRB_APPLY,78,286473117,79,79
TPRB_APPLY,79,289210435,80,80
TPRB_APPLY,80,291605175,81,81
TPRB_APPLY,81,294342543,82,82
TPRB_APPLY,82,296737740,83,83
TPRB_APPLY,83,299475108,84,84
TPRB_APPLY,84,301870305,85,85
TPRB_APPLY,85,304607673,86,86
TPRB_APPLY,86,307002870,87,87
TPRB_APPLY,87,309740238,88,88
TPRB_APPLY,88,312135435,89,89
TPRB_APPLY,89,314530632,90,90
TPRB_APPLY,90,317268000,91,91
TPRB_APPLY,91,319663198,92,92
TPRB_APPLY,92,322400565,93,93
TPRB_APPLY,93,324795762,94,94
TPRB_APPLY,94,327533458,95,95
TPRB_APPLY,95,329928992,96,96
TPRB_APPLY,96,332665695,97,97
TPRB_APPLY,97,335060892,98,98
TPRB_APPLY,98,337798260,99,99
TPRB_APPLY,99,340193457,100,100
TPRB_APPLY,100,342588654,101,101
TPRB_APPLY,101,345326021,102,102
TPRB_APPLY,102,347721218,103,103
TPRB_APPLY,103,350458586,104,104
TPRB_APPLY,104,352853783,105,105
TPRB_APPLY,105,355591411,106,106
TPRB_APPLY,106,357986348,107,107
TPRB_APPLY,107,360723716,108,108
TPRB_APPLY,108,363118913,109,109
TPRB_APPLY,109,365856281,110,110
TPRB_APPLY,110,368251641,111,111
TPRB_APPLY,111,370988846,112,112
TPRB_APPLY,112,373384043,113,113
TPRB_APPLY,113,375779240,114,114
TPRB_APPLY,114,378516608,115,115
TPRB_APPLY,115,380911805,116,116
TPRB_APPLY,116,383649173,117,117
TPRB_APPLY,117,386044370,118,118
TPRB_APPLY,118,388781738,119,119
TPRB_APPLY,119,391176935,120,120
TPRB_APPLY,120,393914303,121,121
TPRB_APPLY,121,396309501,122,122
TPRB_APPLY,122,399046869,123,123
TPRB_APPLY,123,401442065,124,124
TPRB_APPLY,124,403837262,125,125
TPRB_APPLY,125,406574630,126,126
TPRB_APPLY,126,408969827,127,127
TPRB_APPLY,127,411707195,128,128
TPRB_APPLY,128,414102392,129,129
TPRB_APPLY,129,416839760,130,130
TPRB_APPLY,130,419234958,131,131
TPRB_APPLY,131,421630154,132,132
TPRB_APPLY,132,424367522,133,133
TPRB_APPLY,133,426762719,134,134
TPRB_APPLY,134,429500087,135,135
TPRB_APPLY,135,431895284,136,136
TPRB_APPLY,136,434632652,137,137
TPRB_APPLY,137,437027849,138,138
TPRB_APPLY,138,439765217,139,139
TPRB_APPLY,139,442160414,140,140
TPRB_APPLY,140,444897782,141,141
TPRB_APPLY,141,447292979,142,142
TPRB_APPLY,142,449688176,143,143
TPRB_APPLY,143,452425544,144,144
TPRB_APPLY,144,455162912,145,145
TPRB_APPLY,145,457558109,146,146
TPRB_APPLY,146,460296510,147,147
TPRB_APPLY,147,462690674,148,148
TPRB_APPLY,148,465428042,149,149
TPRB_APPLY,149,467823239,150,150
TPRB_APPLY,150,470218436,151,151
TPRB_APPLY,151,472955804,152,152
TPRB_APPLY,152,475351001,153,153
TPRB_APPLY,153,478088369,154,154
TPRB_APPLY,154,480483566,155,155
TPRB_APPLY,155,483220934,156,156
TPRB_APPLY,156,485616131,157,157
TPRB_APPLY,157,488013148,158,158
TPRB_APPLY,158,490748696,159,159
TPRB_APPLY,159,493143893,160,160
TPRB_APPLY,160,495881261,161,161
TPRB_APPLY,161,498276458,162,162
TPRB_APPLY,162,501014864,163,163
TPRB_APPLY,163,503409023,164,164
TPRB_APPLY,164,506146391,165,165
TPRB_APPLY,165,508541588,166,166
TPRB_APPLY,166,510936785,167,167
TPRB_APPLY,167,513674153,168,168
TPRB_APPLY,168,516069350,169,169
TPRB_APPLY,169,518806718,170,170
TPRB_APPLY,170,521201915,171,171
TPRB_APPLY,171,523939283,172,172
TPRB_APPLY,172,526334480,173,173
TPRB_APPLY,173,529071848,174,174
TPRB_APPLY,174,531467045,175,175
TPRB_APPLY,175,534204413,176,176
TPRB_APPLY,176,536599610,177,177
TPRB_APPLY,177,539336978,178,178
TPRB_APPLY,178,541732175,179,179
TPRB_APPLY,179,544127429,180,180
TPRB_APPLY,180,546864740,181,181
TPRB_APPLY,181,549259937,182,182
TPRB_APPLY,182,551997305,183,183
TPRB_APPLY,183,554392502,184,184
TPRB_APPLY,184,557129870,185,185
TPRB_APPLY,185,559525067,186,186
TPRB_APPLY,186,561920264,187,187
TPRB_APPLY,187,564657632,188,188
TPRB_APPLY,188,567395000,189,189
TPRB_APPLY,189,569790197,190,190
TPRB_APPLY,190,572527565,191,191
TPRB_APPLY,191,574922762,192,192
TPRB_APPLY,192,577317959,193,193
TPRB_APPLY,193,580055327,194,194
TPRB_APPLY,194,582450524,195,195
TPRB_APPLY,195,585187892,196,196
TPRB_APPLY,196,587583091,197,197
TPRB_APPLY,197,590320457,198,198
TPRB_APPLY,198,592715654,199,199
TPRB_APPLY,199,595110983,200,200
TPRB_APPLY,200,597848219,201,0
TPRB_APPLY,201,600243416,202,1
TPRB_APPLY,202,602980784,203,2
TPRB_APPLY,203,605375981,204,3
TPRB_APPLY,204,608113349,205,4
TPRB_APPLY,205,610508546,206,5
TPRB_APPLY,206,613245914,207,6
TPRB_APPLY,207,615641111,208,7
TPRB_APPLY,208,618036308,209,8
TPRB_APPLY,209,620773676,210,9
TPRB_APPLY,210,623511044,211,10
TPRB_APPLY,211,625906241,212,11
TPRB_APPLY,212,628643609,213,12
TPRB_APPLY,213,631038806,214,13
TPRB_APPLY,214,633434003,215,14
TPRB_APPLY,215,636171371,216,15
TPRB_APPLY,216,638566568,217,16
TPRB_APPLY,217,641303936,218,17
TPRB_APPLY,218,643699133,219,18
TPRB_APPLY,219,646094814,220,19
TPRB_APPLY,220,648831698,221,20
TPRB_APPLY,221,651569066,222,21
TPRB_APPLY,222,653965289,223,22
TPRB_APPLY,223,656701817,224,23
TPRB_APPLY,224,659096828,225,24
TPRB_APPLY,225,661492025,226,25
TPRB_APPLY,226,664229393,227,26
TPRB_APPLY,227,666624590,228,27
TPRB_APPLY,228,669361958,229,28
TPRB_APPLY,229,671757155,230,29
TPRB_APPLY,230,674152352,231,30
TPRB_APPLY,231,676889720,232,31
TPRB_APPLY,232,679627088,233,32
TPRB_APPLY,233,682022285,234,33
TPRB_APPLY,234,684417482,235,34
TPRB_APPLY,235,687154850,236,35
TPRB_APPLY,236,689550780,237,36
TPRB_APPLY,237,692287415,238,37
TPRB_APPLY,238,694682612,239,38
TPRB_APPLY,239,697419980,240,39
TPRB_APPLY,240,699815177,241,40
TPRB_APPLY,241,702210374,242,41
TPRB_APPLY,242,704947742,243,42
TPRB_APPLY,243,707685110,244,43
TPRB_APPLY,244,710080307,245,44
TPRB_APPLY,245,712475504,246,45
TPRB_APPLY,246,715212872,247,46
TPRB_APPLY,247,717608069,248,47
TPRB_APPLY,248,720003266,249,48
TPRB_APPLY,249,722740634,250,49
TPRB_APPLY,250,725478002,251,50
TPRB_APPLY,251,727873199,252,51
TPRB_APPLY,252,730269002,253,52
TPRB_APPLY,253,733005764,254,53
TPRB_APPLY,254,735400961,255,54
TPRB_APPLY,255,738138329,256,55
TPRB_APPLY,256,740533526,257,56
TPRB_APPLY,257,743270894,258,57
TPRB_APPLY,258,745666091,259,58
TPRB_APPLY,259,748403459,260,59
TPRB_APPLY,260,750798656,261,60
TPRB_APPLY,261,753536024,262,61
TPRB_APPLY,262,755931221,263,62
TPRB_APPLY,263,758668589,264,63
TPRB_APPLY,264,761063786,265,64
TPRB_APPLY,265,763458983,266,65
TPRB_APPLY,266,766196394,267,66
TPRB_APPLY,267,768591724,268,67
TPRB_APPLY,268,771328916,269,68
TPRB_APPLY,269,773724113,270,69
TPRB_APPLY,270,776461481,271,70
TPRB_APPLY,271,778856678,272,71
TPRB_APPLY,272,781594046,273,72
TPRB_APPLY,273,783989243,274,73
TPRB_APPLY,274,786726611,275,74
TPRB_APPLY,275,789121808,276,75
TPRB_APPLY,276,791517005,277,76
TPRB_APPLY,277,794254373,278,77
TPRB_APPLY,278,796649570,279,78
TPRB_APPLY,279,799386938,280,79
TPRB_APPLY,280,801782135,281,80
TPRB_APPLY,281,804177332,282,81
TPRB_APPLY,282,806914700,283,82
TPRB_APPLY,283,809309897,284,83
TPRB_APPLY,284,812047265,285,84
TPRB_APPLY,285,814784633,286,85
TPRB_APPLY,286,817179830,287,86
TPRB_APPLY,287,819575027,288,87
TPRB_APPLY,288,822312395,289,88
TPRB_APPLY,289,824707592,290,89
TPRB_APPLY,290,827444960,291,90
TPRB_APPLY,291,829840157,292,91
TPRB_APPLY,292,832577525,293,92
TPRB_APPLY,293,834972722,294,93
TPRB_APPLY,294,837367919,295,94
TPRB_APPLY,295,840105287,296,95
TPRB_APPLY,296,842842655,297,96
TPRB_APPLY,297,845237852,298,97
TPRB_APPLY,298,847633049,299,98
TPRB_APPLY,299,850370417,300,99
TPRB_APPLY,300,852765614,301,100
TPRB_APPLY,301,855502982,302,101
TPRB_APPLY,302,857898179,303,102
TPRB_APPLY,303,860293376,304,103
TPRB_APPLY,304,863030744,305,104
TPRB_APPLY,305,865768112,306,105
TPRB_APPLY,306,868163309,307,106
TPRB_APPLY,307,870558506,308,107
TPRB_APPLY,308,873295874,309,108
TPRB_APPLY,309,875691071,310,109
TPRB_APPLY,310,878428439,311,110
TPRB_APPLY,311,880823636,312,111
TPRB_APPLY,312,883218925,313,112
TPRB_APPLY,313,885957232,314,113
TPRB_APPLY,314,888693569,315,114
TPRB_APPLY,315,891088766,316,115
TPRB_APPLY,316,893483963,317,116
TPRB_APPLY,317,896221331,318,117
TPRB_APPLY,318,898616827,319,118
TPRB_APPLY,319,901354878,320,119
TPRB_APPLY,320,903749093,321,120
TPRB_APPLY,321,906486461,322,121
TPRB_APPLY,322,908881658,323,122
TPRB_APPLY,323,911619026,324,123
TPRB_APPLY,324,914014223,325,124
TPRB_APPLY,325,916751591,326,125
TPRB_APPLY,326,919146788,327,126
TPRB_APPLY,327,921541985,328,127
TPRB_APPLY,328,924279353,329,128
TPRB_APPLY,329,927016721,330,129
TPRB_APPLY,330,929411918,331,130
TPRB_APPLY,331,931807115,332,131
TPRB_APPLY,332,934544483,333,132
TPRB_APPLY,333,936939680,334,133
TPRB_APPLY,334,939677048,335,134
TPRB_APPLY,335,942072245,336,135
TPRB_APPLY,336,944467442,337,136
TPRB_APPLY,337,947204810,338,137
TPRB_APPLY,338,949600007,339,138
TPRB_APPLY,339,952337375,340,139
TPRB_APPLY,340,955074743,341,140
TPRB_APPLY,341,957469940,342,141
TPRB_APPLY,342,959865137,343,142
TPRB_APPLY,343,962602505,344,143
TPRB_APPLY,344,964997702,345,144
TPRB_APPLY,345,967735070,346,145
TPRB_APPLY,346,970130267,347,146
TPRB_APPLY,347,972526652,348,147
TPRB_APPLY,348,975262831,349,148
TPRB_APPLY,349,977658028,350,149
TPRB_APPLY,350,980395396,351,150
TPRB_APPLY,351,982790975,352,151
TPRB_APPLY,352,985527961,353,152
TPRB_APPLY,353,987923158,354,153
TPRB_APPLY,354,990660526,355,154
TPRB_APPLY,355,993055723,356,155
TPRB_APPLY,356,995793091,357,156
TPRB_APPLY,357,998188288,358,157
TPRB_APPLY,358,1000583485,359,158
TPRB_APPLY,359,1003320853,360,159
TPRB_APPLY,360,1006058221,361,160
TPRB_APPLY,361,1008454087,362,161
TPRB_APPLY,362,1010848615,363,162
TPRB_APPLY,363,1013585983,364,163
TPRB_APPLY,364,1015981180,365,164
TPRB_APPLY,365,1018718548,366,165
TPRB_APPLY,366,1021113745,367,166
TPRB_APPLY,367,1023508942,368,167
TPRB_APPLY,368,1026246310,369,168
TPRB_APPLY,369,1028983678,370,169
TPRB_APPLY,370,1031378875,371,170
TPRB_APPLY,371,1033774072,372,171
TPRB_APPLY,372,1036511440,373,172
TPRB_APPLY,373,1038906637,374,173
TPRB_APPLY,374,1041644005,375,174
TPRB_APPLY,375,1044039202,376,175
TPRB_APPLY,376,1046434399,377,176
TPRB_APPLY,377,1049171767,378,177
TPRB_APPLY,378,1051909135,379,178
TPRB_APPLY,379,1054305123,380,179
TPRB_APPLY,380,1056699529,381,180
TPRB_APPLY,381,1059436897,382,181
TPRB_APPLY,382,1062174265,383,182
TPRB_APPLY,383,1064569462,384,183
TPRB_APPLY,384,1066964659,385,184
TPRB_APPLY,385,1069702027,386,185
TPRB_APPLY,386,1072097224,387,186
TPRB_APPLY,387,1074834592,388,187
TPRB_APPLY,388,1077229789,389,188
TPRB_APPLY,389,1079624986,390,189
TPRB_APPLY,390,1082362354,391,190
TPRB_APPLY,391,1085099722,392,191
TPRB_APPLY,392,1087494919,393,192
TPRB_APPLY,393,1089890116,394,193
TPRB_APPLY,394,1092627484,395,194
TPRB_APPLY,395,1095022681,396,195
TPRB_APPLY,396,1097760049,397,196
TPRB_APPLY,397,1100155246,398,197
TPRB_APPLY,398,1102892614,399,198
TPRB_APPLY,399,1105287811,400,199
TPRB_APPLY,400,1107683896,401,200
TPRB_APPLY,401,1110420376,402,0
TPRB_APPLY,402,1112815573,403,1
TPRB_APPLY,403,1115552941,404,2
TPRB_APPLY,404,1117948138,405,3
TPRB_APPLY,405,1120685508,406,4
TPRB_APPLY,406,1123080703,407,5
TPRB_APPLY,407,1125818071,408,6
TPRB_APPLY,408,1128213268,409,7
TPRB_APPLY,409,1130950636,410,8
TPRB_APPLY,410,1133345833,411,9
TPRB_APPLY,411,1135741030,412,10
TPRB_APPLY,412,1138478402,413,11
TPRB_APPLY,413,1140873595,414,12
TPRB_APPLY,414,1143610963,415,13
TPRB_APPLY,415,1146006160,416,14
TPRB_APPLY,416,1148743528,417,15
TPRB_APPLY,417,1151138725,418,16
TPRB_APPLY,418,1153876093,419,17
TPRB_APPLY,419,1156271290,420,18
TPRB_APPLY,420,1158666487,421,19
TPRB_APPLY,421,1161403855,422,20
TPRB_APPLY,422,1163799052,423,21
TPRB_APPLY,423,1166536420,424,22
TPRB_APPLY,424,1168931617,425,23
TPRB_APPLY,425,1171668985,426,24
TPRB_APPLY,426,1174064182,427,25
TPRB_APPLY,427,1176801550,428,26
TPRB_APPLY,428,1179196747,429,27
TPRB_APPLY,429,1181591944,430,28
TPRB_APPLY,430,1184329312,431,29
TPRB_APPLY,431,1187066680,432,30
TPRB_APPLY,432,1189461877,433,31
TPRB_APPLY,433,1191857074,434,32
TPRB_APPLY,434,1194594442,435,33
TPRB_APPLY,435,1196989639,436,34
TPRB_APPLY,436,1199727007,437,35
TPRB_APPLY,437,1202464375,438,36
TPRB_APPLY,438,1204859572,439,37
TPRB_APPLY,439,1207254769,440,38
TPRB_APPLY,440,1209992137,441,39
TPRB_APPLY,441,1212387334,442,40
TPRB_APPLY,442,1214782531,443,41
TPRB_APPLY,443,1217519899,444,42
TPRB_APPLY,444,1219915096,445,43
TPRB_APPLY,445,1222652464,446,44
TPRB_APPLY,446,1225389832,447,45
TPRB_APPLY,447,1227785216,448,46
TPRB_APPLY,448,1230180226,449,47
TPRB_APPLY,449,1232917594,450,48
TPRB_APPLY,450,1235312791,451,49
TPRB_APPLY,451,1237707988,452,50
TPRB_APPLY,452,1240445356,453,51
TPRB_APPLY,453,1243182724,454,52
TPRB_APPLY,454,1245577921,455,53
TPRB_APPLY,455,1247973550,456,54
TPRB_APPLY,456,1250710486,457,55
TPRB_APPLY,457,1253447854,458,56
TPRB_APPLY,458,1255843051,459,57
TPRB_APPLY,459,1258238248,460,58
TPRB_APPLY,460,1260975616,461,59
TPRB_APPLY,461,1263370813,462,60
TPRB_APPLY,462,1265766010,463,61
TPRB_APPLY,463,1268503378,464,62
TPRB_APPLY,464,1271240746,465,63
TPRB_APPLY,465,1273635943,466,64
TPRB_APPLY,466,1276031140,467,65
TPRB_APPLY,467,1278768508,468,66
TPRB_APPLY,468,1281505876,469,67
TPRB_APPLY,469,1283901073,470,68
TPRB_APPLY,470,1286296270,471,69
TPRB_APPLY,471,1289033638,472,70
TPRB_APPLY,472,1291428835,473,71
TPRB_APPLY,473,1294166203,474,72
TPRB_APPLY,474,1296561401,475,73
TPRB_APPLY,475,1298956597,476,74
TPRB_APPLY,476,1301693965,477,75
TPRB_APPLY,477,1304089162,478,76
TPRB_APPLY,478,1306826530,479,77
TPRB_APPLY,479,1309221727,480,78
TPRB_APPLY,480,1311959095,481,79
TPRB_APPLY,481,1314354292,482,80
TPRB_APPLY,482,1316749489,483,81
TPRB_APPLY,483,1319486857,484,82
TPRB_APPLY,484,1322224225,485,83
TPRB_APPLY,485,1324619422,486,84
TPRB_APPLY,486,1327014619,487,85
TPRB_APPLY,487,1329751987,488,86
TPRB_APPLY,488,1332147184,489,87
TPRB_APPLY,489,1334884552,490,88
TPRB_APPLY,490,1337279749,491,89
TPRB_APPLY,491,1340017117,492,90
TPRB_APPLY,492,1342412314,493,91
TPRB_APPLY,493,1344807511,494,92
TPRB_APPLY,494,1347544879,495,93
TPRB_APPLY,495,1350282247,496,94
TPRB_APPLY,496,1352677444,497,95
TPRB_APPLY,497,1355072641,498,96
TPRB_APPLY,498,1357810009,499,97
TPRB_APPLY,499,1360547377,500,98
TPRB_APPLY,500,1362942574,501,99
TPRB_APPLY,501,1365337771,502,100
TPRB_APPLY,502,1368075495,503,101
TPRB_APPLY,503,1370470336,504,102
TPRB_APPLY,504,1373207704,505,103
TPRB_APPLY,505,1375602901,506,104
TPRB_APPLY,506,1377998098,507,105
TPRB_APPLY,507,1380735466,508,106
TPRB_APPLY,508,1383472834,509,107
TPRB_APPLY,509,1385868031,510,108
TPRB_APPLY,510,1388605399,511,109
TPRB_APPLY,511,1391000597,512,110
TPRB_APPLY,512,1393396032,513,111
TPRB_APPLY,513,1396133161,514,112
TPRB_APPLY,514,1398528358,515,113
TPRB_APPLY,515,1400923555,516,114
TPRB_APPLY,516,1403660923,517,115
TPRB_APPLY,517,1406056176,518,116
TPRB_APPLY,518,1408793488,519,117
TPRB_APPLY,519,1411188685,520,118
TPRB_APPLY,520,1413926053,521,119
TPRB_APPLY,521,1416663421,522,120
TPRB_APPLY,522,1419059510,523,121
TPRB_APPLY,523,1421453815,524,122
TPRB_APPLY,524,1424191183,525,123
TPRB_APPLY,525,1426586380,526,124
TPRB_APPLY,526,1428981577,527,125
TPRB_APPLY,527,1431718945,528,126
TPRB_APPLY,528,1434114142,529,127
TPRB_APPLY,529,1436851510,530,128
TPRB_APPLY,530,1439588878,531,129
TPRB_APPLY,531,1441984075,532,130
TPRB_APPLY,532,1444379272,533,131
TPRB_APPLY,533,1447116640,534,132
TPRB_APPLY,534,1449511837,535,133
TPRB_APPLY,535,1452249205,536,134
TPRB_APPLY,536,1454644402,537,135
TPRB_APPLY,537,1457040630,538,136
TPRB_APPLY,538,1459776967,539,137
TPRB_APPLY,539,1462514335,540,138
TPRB_APPLY,540,1464909532,541,139
TPRB_APPLY,541,1467304729,542,140
TPRB_APPLY,542,1470042097,543,141
TPRB_APPLY,543,1472437294,544,142
TPRB_APPLY,544,1475174662,545,143
TPRB_APPLY,545,1477569859,546,144
TPRB_APPLY,546,1479965056,547,145
TPRB_APPLY,547,1482702424,548,146
TPRB_APPLY,548,1485439792,549,147
TPRB_APPLY,549,1487834989,550,148
TPRB_APPLY,550,1490230186,551,149
TPRB_APPLY,551,1492967554,552,150
TPRB_APPLY,552,1495362751,553,151
TPRB_APPLY,553,1498100119,554,152
TPRB_APPLY,554,1500495316,555,153
TPRB_APPLY,555,1503232684,556,154
TPRB_APPLY,556,1505627881,557,155
TPRB_APPLY,557,1508365249,558,156
TPRB_APPLY,558,1510760446,559,157
TPRB_APPLY,559,1513155643,560,158
TPRB_APPLY,560,1515893011,561,159
TPRB_APPLY,561,1518289952,562,160
TPRB_APPLY,562,1521025576,563,161
TPRB_APPLY,563,1523420773,564,162
TPRB_APPLY,564,1526158141,565,163
TPRB_APPLY,565,1528553338,566,164
TPRB_APPLY,566,1531290763,567,165
TPRB_APPLY,567,1533685903,568,166
TPRB_APPLY,568,1536423271,569,167
TPRB_APPLY,569,1538818468,570,168
TPRB_APPLY,570,1541213665,571,169
TPRB_APPLY,571,1543951033,572,170
TPRB_APPLY,572,1546688401,573,171
TPRB_APPLY,573,1549083598,574,172
TPRB_APPLY,574,1551478795,575,173
TPRB_APPLY,575,1554216163,576,174
TPRB_APPLY,576,1556611360,577,175
TPRB_APPLY,577,1559348728,578,176
TPRB_APPLY,578,1561743925,579,177
TPRB_APPLY,579,1564140141,580,178
TPRB_APPLY,580,1566876490,581,179
TPRB_APPLY,581,1569613858,582,180
TPRB_APPLY,582,1572009055,583,181
TPRB_APPLY,583,1574404252,584,182
TPRB_APPLY,584,1577141620,585,183
TPRB_APPLY,585,1579536817,586,184
TPRB_APPLY,586,1582274185,587,185
TPRB_APPLY,587,1584669382,588,186
TPRB_APPLY,588,1587064579,589,187
TPRB_APPLY,589,1589801948,590,188
TPRB_APPLY,590,1592539315,591,189
TPRB_APPLY,591,1594934512,592,190
TPRB_APPLY,592,1597329709,593,191
TPRB_APPLY,593,1600067077,594,192
TPRB_APPLY,594,1602462274,595,193
TPRB_APPLY,595,1605199642,596,194
TPRB_APPLY,596,1607594839,597,195
TPRB_APPLY,597,1610332207,598,196
TPRB_APPLY,598,1612727404,599,197
TPRB_APPLY,599,1615464772,600,198
TPRB_APPLY,600,1617859969,601,199
TPRB_APPLY,601,1620255166,602,200
TPRB_APPLY,602,1622992534,603,0
TPRB_APPLY,603,1625729902,604,1
TPRB_APPLY,604,1628125099,605,2
TPRB_APPLY,605,1630520296,606,3
TPRB_APPLY,606,1633257664,607,4
TPRB_APPLY,607,1635652861,608,5
TPRB_APPLY,608,1638390229,609,6
TPRB_APPLY,609,1640785426,610,7
TPRB_APPLY,610,1643180623,611,8
TPRB_APPLY,611,1645917991,612,9
TPRB_APPLY,612,1648655824,613,10
TPRB_APPLY,613,1651050556,614,11
TPRB_APPLY,614,1653787924,615,12
TPRB_APPLY,615,1656183121,616,13
TPRB_APPLY,616,1658578318,617,14
TPRB_APPLY,617,1661315686,618,15
TPRB_APPLY,618,1663710883,619,16
TPRB_APPLY,619,1666448251,620,17
TPRB_APPLY,620,1668843448,621,18
TPRB_APPLY,621,1671238699,622,19
TPRB_APPLY,622,1673976013,623,20
TPRB_APPLY,623,1676713381,624,21
TPRB_APPLY,624,1679110484,625,22
TPRB_APPLY,625,1681503775,626,23
TPRB_APPLY,626,1684241241,627,24
TPRB_APPLY,627,1686636340,628,25
TPRB_APPLY,628,1689373708,629,26
TPRB_APPLY,629,1691769933,630,27
TPRB_APPLY,630,1694506273,631,28
TPRB_APPLY,631,1696901470,632,29
TPRB_APPLY,632,1699296667,633,30
TPRB_END,rx=633,apply=633,filtered=0,rx_overflow=0,apply_overflow=0,apply_race=0
TPRB_STATS,frame=633,valid=633,checksum_error=0,irq=46814,rxirq=45576,byte=45576
TPRB_STATS_ERR,pe=0,fe=0,ne=0,ore=0
[0mBatt=23.5 [0mODOM [31mVisionX  +0.00 Y  +0.00 theta   +0.0 elt    0 [0mimu  -1.2 Dt    2 LtCy    1 integ.govd   +0.00   -0.00 integ.vbp +0.00 -0.00 omni.gos X     +0.0 ,Y     -0.0. omgD -0.002 omg  +0.00 
[0mBatt=23.5 [0mODOM [31mVisionX  +0.00 Y  +0.00 theta   +0.0 elt    0 [0mimu  -1.2 Dt    6 LtCy    3 integ.govd   +0.00   -0.00 integ.vbp +0.00 -0.00 omni.gos X     +0.0 ,Y     -0.0. omgD -0.002 omg  +0.00 loop    980
[0mBatt=23.5 [0mODOM [31mVisionX  +0.00 Y  +0.00 theta   +0.0 elt    0 [0mimu  -1.2 Dt    8 LtCy    4 integ.govd   -0.00   -0.00 integ.vbp -0.00 -0.00 omni.gos X     +0.0 ,Y     -0.1. omgD -0.007 omg  +0.00 loop   4963
[0mBatt=23.5 [0mODOM [31mVisionX  +0.00 Y  +0.00 theta   +0.0 elt    0 [0mimu  -1.2 Dt    8 LtCy    4 integ.govd   -0.00   -0.00 integ.vbp -0.00 -0.00 omni.gos X     +0.0 ,Y     -0.1. omgD -0.007 omg  +0.00 loop   4940
[0mBatt=23.5 [0mODOM [31mVisionX  +0.00 Y  +0.00 theta   +0.0 elt    0 [0mimu  -1.2 Dt   10 LtCy    5 integ.govd   -0.00   -0.00 integ.vbp -0.00 -0.00 omni.gos X     -0.0 ,Y     -0.1. omgD -0.011 omg  +0.00 loop   4925
[0mBatt=23.5 [0mODOM [31mVisionX  +0.00 Y  +0.00 theta   +0.0 elt    0 [0mimu  -1.2 Dt   12 LtCy    6 integ.govd   -0.00   -0.00 integ.vbp -0.00 -0.00 omni.gos X     +0.0 ,Y     -0.2. omgD -0.015 omg  +0.00 loop   4928
[0mBatt=23.5 [0mODOM [31mVisionX  +0.00 Y  +0.00 theta   +0.0 elt    0 [0mimu  -1.2 Dt   12 LtCy    6 integ.govd   +0.00   -0.00 integ.vbp +0.00 -0.00 omni.gos X     +0.0 ,Y     -0.0. omgD -0.002 omg  +0.00 loop   4948
[0mBatt=23.5 [0mODOM [31mVisionX  +0.00 Y  +0.00 theta   +0.0 elt    0 [0mimu  -1.2 Dt   12 LtCy    6 integ.govd   +0.00   -0.00 integ.vbp +0.00 -0.00 omni.gos X     +0.0 ,Y     -0.1. omgD -0.007 omg  +0.00 loop   4939
[0mBatt=23.5 [0mODOM [31mVisionX  +0.00 Y  +0.00 theta   +0.0 elt    0 [0mimu  -1.2 Dt    0 LtCy    0 integ.govd   +0.00   +0.00 integ.vbp +0.00 +0.00 omni.gos X     +0.0 ,Y     -0.1. omgD -0.007 omg  +0.00 loop   4851
[0mBatt=23.5 [0mODOM [31mVisionX  +0.00 Y  +0.00 theta   +0.0 elt    0 [0mimu  -1.2 Dt    0 LtCy    0 integ.govd   +0.00   +0.00 integ.vbp +0.00 +0.00 omni.gos X     +0.0 ,Y     -0.0. omgD -0.002 omg  +0.00 loop   4978
[0mBatt=23.5 [0mODOM [31mVisionX  +0.00 Y  +0.00 theta   +0.0 elt    0 [0mimu  -1.2 Dt    2 LtCy    1 integ.govd   +0.00   -0.00 integ.vbp +0.00 -0.00 omni.gos X     +0.0 ,Y     -0.0. omgD -0.002 omg  +0.00 loop   4971
[0mBatt=23.5 [0mODOM [31mVisionX  +0.00 Y  +0.00 theta   +0.0 elt    0 [0mimu  -1.2 Dt    2 LtCy    1 integ.govd   +0.00   -0.00 integ.vbp +0.00 -0.00 omni.gos X     +0.0 ,Y     -0.1. omgD -0.007 omg  +0.00 loop   4915
[0mBatt=23.5 [0mODOM [31mVisionX  +0.00 Y  +0.00 theta   +0.0 elt    0 [0mimu  -1.2 Dt    4 LtCy    2 integ.govd   +0.00   -0.00 integ.vbp +0.00 -0.00 omni.gos X     +0.0 ,Y     -0.0. omgD -0.002 omg  +0.00 loop   4962
[0mBatt=23.5 [0mODOM [31mVisionX  +0.00 Y  +0.00 theta   +0.0 elt    0 [0mimu  -1.2 Dt    6 LtCy    3 integ.govd   -0.00   -0.00 integ.vbp -0.00 -0.00 omni.gos X     +0.0 ,Y     +0.0. omgD +0.002 omg  +0.00 loop   4956
[0mBatt=23.5 [0mODOM [31mVisionX  +0.00 Y  +0.00 theta   +0.0 elt    0 [0mimu  -1.2 Dt    6 LtCy    3 integ.govd   -0.00   -0.00 integ.vbp -0.00 -0.00 omni.gos X     +0.0 ,Y     -0.1. omgD -0.011 omg  +0.00 loop   4928
[0mBatt=23.5 [0mODOM [31mVisionX  +0.00 Y  +0.00 theta   +0.0 elt    0 [0mimu  -1.2 Dt    6 LtCy    3 integ.govd   -0.00   -0.00 integ.vbp -0.00 -0.00 omni.gos X     -0.0 ,Y     -0.1. omgD -0.007 omg  +0.00 loop   4926
[0mBatt=23.5 [0mODOM [31mVisionX  +0.00 Y  +0.00 theta   +0.0 elt    0 [0mimu  -1.2 Dt    8 LtCy    4 integ.govd   -0.00   -0.00 integ.vbp -0.00 -0.00 omni.gos X     -0.0 ,Y     -0.0. omgD -0.002 omg  +0.00 loop   4931
[0mBatt=23.5 [0mODOM [31mVisionX  +0.00 Y  +0.00 theta   +0.0 elt    0 [0mimu  -1.2 Dt   24 LtCy   12 integ.govd   +0.00   -0.00 integ.vbp +0.00 -0.00 omni.gos X     +0.0 ,Y     +0.0. omgD +0.002 omg  +0.00 loop   4984
[0mBatt=23.5 [0mODOM [31mVisionX  +0.00 Y  +0.00 theta   +0.0 elt    0 [0mimu  -1.2 Dt   40 LtCy   20 integ.govd   -0.00   -0.00 integ.vbp -0.00 -0.00 omni.gos X     +0.0 ,Y     -0.1. omgD -0.007 omg  +0.00 loop   5012
[0mBatt=23.5 [0mODOM [31mVisionX  +0.00 Y  +0.00 theta   +0.0 elt    0 [0mimu  -1.2 Dt   56 LtCy   28 integ.govd   -0.00   -0.00 integ.vbp -0.00 -0.00 omni.gos X     +0.0 ,Y     -0.1. omgD -0.011 omg  +0.00 loop   5007
[0mBatt=23.5 [0mODOM [31mVisionX  +0.00 Y  +0.00 theta   +0.0 elt    0 [0mimu  -1.2 Dt   72 LtCy   36 integ.govd   -0.00   -0.00 integ.vbp -0.00 -0.00 omni.gos X     +0.0 ,Y     -0.1. omgD -0.007 omg  +0.00 loop   4988
[0mBatt=23.5 [0mODOM [31mVisionX  +0.00 Y  +0.00 theta   +0.0 elt    0 [0mimu  -1.2 Dt   88 LtCy   44 integ.govd   -0.00   -0.01 integ.vbp -0.00 -0.00 omni.gos X     +0.0 ,Y     -0.2. omgD -0.015 omg  +0.00 loop   4970
[0mBatt=23.5 [0mODOM [31mVisionX  +0.00 Y  +0.00 theta   +0.0 elt    0 [0mimu  -1.2 Dt  104 LtCy   52 integ.govd   -0.00   -0.01 integ.vbp -0.00 -0.00 omni.gos X     +0.0 ,Y     +0.1. omgD +0.006 omg  +0.00 loop   4987
[0mBatt=23.5 [0mODOM [31mVisionX  +0.00 Y  +0.00 theta   +0.0 elt    0 [0mimu  -1.2 Dt  120 LtCy   60 integ.govd   -0.00   -0.01 integ.vbp -0.00 -0.00 omni.gos X     -0.0 ,Y     -0.1. omgD -0.007 omg  +0.00 loop   4994
[0mBatt=23.5 [0mODOM [31mVisionX  +0.00 Y  +0.00 theta   +0.0 elt    0 [0mimu  -1.2 Dt  136 LtCy   68 integ.govd   -0.00   -0.01 integ.vbp -0.00 -0.00 omni.gos X     -0.0 ,Y     -0.2. omgD -0.015 omg  +0.00 loop   4929
[0mBatt=23.5 [0mODOM [31mVisionX  +0.00 Y  +0.00 theta   +0.0 elt    0 [0mimu  -1.2 Dt  152 LtCy   76 integ.govd   -0.00   -0.01 integ.vbp -0.00 -0.00 omni.gos X     -0.0 ,Y     -0.2. omgD -0.015 omg  +0.00 loop   4969
[0mBatt=23.5 [0mODOM [31mVisionX  +0.00 Y  +0.00 theta   +0.0 elt    0 [0mimu  -1.2 Dt  168 LtCy   84 integ.govd   -0.00   -0.01 integ.vbp -0.00 -0.00 omni.gos X     -0.0 ,Y     -0.1. omgD -0.011 omg  +0.00 loop   4960
[0mBatt=23.5 [0mODOM [31mVisionX  +0.00 Y  +0.00 theta   +0.0 elt    0 [0mimu  -1.2 Dt  184 LtCy   92 integ.govd   -0.00   -0.02 integ.vbp -0.00 -0.00 omni.gos X     -0.0 ,Y     -0.1. omgD -0.007 omg  +0.00 loop   4925
[0mBatt=23.5 [0mODOM [31mVisionX  +0.00 Y  +0.00 theta   +0.0 elt    0 [0mimu  -1.2 Dt  200 LtCy  100 integ.govd   -0.00   -0.02 integ.vbp -0.00 -0.00 omni.gos X     +0.0 ,Y     -0.1. omgD -0.007 omg  +0.00 loop   4948
[0mBatt=23.5 [0mODOM [31mVisionX  +0.00 Y  +0.00 theta   +0.0 elt    0 [0mimu  -1.2 Dt  216 LtCy  108 integ.govd   -0.00   -0.02 integ.vbp -0.00 -0.00 omni.gos X     +0.0 ,Y     -0.0. omgD -0.002 omg  +0.00 loop   4950
[0mBatt=23.5 [0mODOM [31mVisionX  +0.00 Y  +0.00 theta   +0.0 elt    0 [0mimu  -1.2 Dt  232 LtCy  116 integ.govd   -0.00   -0.02 integ.vbp -0.00 -0.00 omni.gos X     +0.0 ,Y     -0.1. omgD -0.007 omg  +0.00 loop   4947
[0mBatt=23.5 [0mODOM [31mVisionX  +0.00 Y  +0.00 theta   +0.0 elt    0 [0mimu  -1.2 Dt  248 LtCy  124 integ.govd   -0.00   -0.02 integ.vbp -0.00 -0.00 omni.gos X     +0.0 ,Y     -0.1. omgD -0.007 omg  +0.00 loop   4923
[0mBatt=23.5 [0m[33mODOM [31mVisionX  +0.00 Y  +0.00 theta   +0.0 elt    0 [0mimu  -1.2 Dt  264 LtCy  132 integ.govd   -0.00   -0.02 integ.vbp -0.00 -0.00 omni.gos X     +0.0 ,Y     -0.0. omgD -0.002 omg  +0.00 loop   4922
[0mBatt=23.5 [0m[33mODOM [31mVisionX  +0.00 Y  +0.00 theta   +0.0 elt    0 [0mimu  -1.2 Dt  280 LtCy  140 integ.govd   -0.00   -0.02 integ.vbp -0.00 -0.00 omni.gos X     +0.0 ,Y     -0.1. omgD -0.007 omg  +0.00 loop   4898
[0mBatt=23.5 [0m[33mODOM [31mVisionX  +0.00 Y  +0.00 theta   +0.0 elt    0 [0mimu  -1.2 Dt  288 LtCy  144 integ.govd   -0.00   -0.02 integ.vbp -0.00 -0.00 omni.gos X     -0.0 ,Y     -0.1. omgD -0.007 omg  +0.00 loop   2332
[0mBatt=23.5 [0m[33mODOM [31mVisionX  +0.00 Y  +0.00 theta   +0.0 elt    0 [0mimu  -1.2 Dt  304 LtCy  152 integ.govd   -0.00   -0.02 integ.vbp -0.00 -0.00 omni.gos X     -0.0 ,Y     -0.1. omgD -0.011 omg  +0.00 loop   4883
[0mBatt=23.5 [0m[33mODOM [31mVisionX  +0.00 Y  +0.00 theta   +0.0 elt    0 [0mimu  -1.2 Dt  320 LtCy  160 integ.govd   -0.00   -0.03 integ.vbp -0.00 -0.00 omni.gos X     -0.0 ,Y     -0.1. omgD -0.007 omg  +0.00 loop   4886
[0mBatt=23.5 [0m[33mODOM [31mVisionX  +0.00 Y  +0.00 theta   +0.0 elt    0 [0mimu  -1.2 Dt  336 LtCy  168 integ.govd   -0.00   -0.03 integ.vbp -0.00 -0.00 omni.gos X     +0.0 ,Y     -0.0. omgD -0.002 omg  +0.00 loop   4875
[0mBatt=23.5 [0m[33mODOM [31mVisionX  +0.00 Y  +0.00 theta   +0.0 elt    0 [0mimu  -1.2 Dt  352 LtCy  176 integ.govd   -0.00   -0.03 integ.vbp -0.00 -0.00 omni.gos X     +0.0 ,Y     -0.1. omgD -0.007 omg  +0.00 loop   4858
[0mBatt=23.5 [0m[33mODOM [31mVisionX  +0.00 Y  +0.00 theta   +0.0 elt    0 [0mimu  -1.2 Dt  368 LtCy  184 integ.govd   -0.00   -0.03 integ.vbp -0.00 -0.00 omni.gos X     +0.0 ,Y     -0.1. omgD -0.007 omg  +0.00 loop   4887
[0mBatt=23.5 [0m[33mODOM [31mVisionX  +0.00 Y  +0.00 theta   +0.0 elt    0 [0mimu  -1.2 Dt  384 LtCy  192 integ.govd   -0.00   -0.03 integ.vbp -0.00 -0.00 omni.gos X     +0.0 ,Y     -0.0. omgD -0.002 omg  +0.00 loop   4872
[0mBatt=23.5 [0m[33mODOM [31mVisionX  +0.00 Y  +0.00 theta   +0.0 elt    0 [0mimu  -1.2 Dt  400 LtCy  200 integ.govd   -0.00   -0.03 integ.vbp -0.00 -0.00 omni.gos X     +0.0 ,Y     -0.1. omgD -0.007 omg  +0.00 loop   4830
[0mBatt=23.5 [0m[33mODOM [31mVisionX  +0.00 Y  +0.00 theta   +0.0 elt    0 [0mimu  -1.2 Dt  416 LtCy  208 integ.govd   -0.00   -0.03 integ.vbp -0.00 -0.00 omni.gos X     +0.0 ,Y     -0.0. omgD -0.002 omg  +0.00 loop   4870
[0mBatt=23.5 [0m[33mODOM [31mVisionX  +0.00 Y  +0.00 theta   +0.0 elt    0 [0mimu  -1.2 Dt  432 LtCy  216 integ.govd   -0.00   -0.03 integ.vbp -0.00 -0.00 omni.gos X     +0.0 ,Y     -0.1. omgD -0.007 omg  +0.00 loop   4842
[0mBatt=23.5 [0m[33mODOM [31mVisionX  +0.00 Y  +0.00 theta   +0.0 elt    0 [0mimu  -1.2 Dt  448 LtCy  224 integ.govd   -0.00   -0.03 integ.vbp -0.00 -0.00 omni.gos X     +0.0 ,Y     -0.0. omgD -0.002 omg  +0.00 loop   4814
[0mBatt=23.5 [0m[33mODOM [31mVisionX  +0.00 Y  +0.00 theta   +0.0 elt    0 [0mimu  -1.2 Dt  464 LtCy  232 integ.govd   -0.00   -0.04 integ.vbp -0.00 -0.00 omni.gos X     +0.0 ,Y     -0.1. omgD -0.007 omg  +0.00 loop   4840
[0mBatt=23.5 [0m[33mODOM [31mVisionX  +0.00 Y  +0.00 theta   +0.0 elt    0 [0mimu  -1.2 Dt  480 LtCy  240 integ.govd   -0.00   -0.03 integ.vbp -0.00 -0.00 omni.gos X     +0.0 ,Y     -0.0. omgD -0.002 omg  +0.00 loop   4849
[0mBatt=23.5 [0m[33mODOM [31mVisionX  +0.00 Y  +0.00 theta   +0.0 elt    0 [0mimu  -1.2 Dt  496 LtCy  248 integ.govd   -0.00   -0.04 integ.vbp -0.00 -0.00 omni.gos X     +0.0 ,Y     -0.0. omgD -0.002 omg  +0.00 loop   4821
[0mBatt=23.5 [0m[33mODOM [31mVisionX  +0.00 Y  +0.00 theta   +0.0 elt    0 [0mimu  -1.2 Dt  512 LtCy  256 integ.govd   -0.00   -0.04 integ.vbp -0.00 -0.00 omni.gos X     +0.0 ,Y     -0.0. omgD -0.002 omg  +0.00 loop   4820
[0mBatt=23.5 [0m[33mODOM [31mVisionX  +0.00 Y  +0.00 theta   +0.0 elt    0 [0mimu  -1.2 Dt  528 LtCy  264 integ.govd   -0.00   -0.04 integ.vbp -0.00 -0.00 omni.gos X     +0.0 ,Y     +0.0. omgD +0.002 omg  +0.00 loop   4828
[0mBatt=23.5 [0m[33mODOM [31mVisionX  +0.00 Y  +0.00 theta   +0.0 elt    0 [0mimu  -1.2 Dt  544 LtCy  272 integ.govd   -0.00   -0.04 integ.vbp -0.00 -0.00 omni.gos X     +0.0 ,Y     -0.1. omgD -0.007 omg  +0.00 loop   4806
[0mBatt=23.5 [0m[33mODOM [31mVisionX  +0.00 Y  +0.00 theta   +0.0 elt    0 [0mimu  -1.2 Dt  560 LtCy  280 integ.govd   -0.00   -0.04 integ.vbp -0.00 -0.00 omni.gos X     +0.0 ,Y     -0.2. omgD -0.015 omg  +0.00 loop   4799
[0mBatt=23.5 [0m[33mODOM [31mVisionX  +0.00 Y  +0.00 theta   +0.0 elt    0 [0mimu  -1.2 Dt  576 LtCy  288 integ.govd   -0.00   -0.04 integ.vbp -0.00 -0.00 omni.gos X     -0.0 ,Y     -0.2. omgD -0.015 omg  +0.00 loop   4813
[0mBatt=23.5 [0m[33mODOM [31mVisionX  +0.00 Y  +0.00 theta   +0.0 elt    0 [0mimu  -1.2 Dt  592 LtCy  296 integ.govd   -0.00   -0.04 integ.vbp -0.00 -0.00 omni.gos X     +0.0 ,Y     -0.1. omgD -0.007 omg  +0.00 loop   4805
[0mBatt=23.5 [0m[33mODOM [31mVisionX  +0.00 Y  +0.00 theta   +0.0 elt    0 [0mimu  -1.2 Dt  608 LtCy  304 integ.govd   -0.00   -0.04 integ.vbp -0.00 -0.00 omni.gos X     +0.0 ,Y     +0.0. omgD +0.002 omg  +0.00 loop   4771
[0mBatt=23.5 [0m[33mODOM [31mVisionX  +0.00 Y  +0.00 theta   +0.0 elt    0 [0mimu  -1.2 Dt  624 LtCy  312 integ.govd   -0.00   -0.04 integ.vbp -0.00 -0.00 omni.gos X     +0.0 ,Y     -0.0. omgD -0.002 omg  +0.00 loop   4803
[0mBatt=23.5 [0m[33mODOM [31mVisionX  +0.00 Y  +0.00 theta   +0.0 elt    0 [0mimu  -1.2 Dt  640 LtCy  320 integ.govd   -0.00   -0.04 integ.vbp -0.00 -0.00 omni.gos X     +0.0 ,Y     -0.0. omgD -0.002 omg  +0.00 loop   4802
[0mBatt=23.5 [0m[33mODOM [31mVisionX  +0.00 Y  +0.00 theta   +0.0 elt    0 [0mimu  -1.2 Dt  656 LtCy  328 integ.govd   -0.00   -0.04 integ.vbp -0.00 -0.00 omni.gos X     +0.0 ,Y     +0.0. omgD +0.002 omg  +0.00 loop   4755
[0mBatt=23.5 [0m[33mODOM [31mVisionX  +0.00 Y  +0.00 theta   +0.0 elt    0 [0mimu  -1.2 Dt  672 LtCy  336 integ.govd   -0.00   -0.04 integ.vbp -0.00 -0.00 omni.gos X     -0.0 ,Y     -0.1. omgD -0.011 omg  +0.00 loop   4780
[0mBatt=23.5 [0m[33mODOM [31mVisionX  +0.00 Y  +0.00 theta   +0.0 elt    0 [0mimu  -1.2 Dt  688 LtCy  344 integ.govd   -0.00   -0.05 integ.vbp -0.00 -0.00 omni.gos X     +0.0 ,Y     -0.1. omgD -0.011 omg  +0.00 loop   4771
[0mBatt=23.5 [0m[33mODOM [31mVisionX  +0.00 Y  +0.00 theta   +0.0 elt    0 [0mimu  -1.2 Dt  704 LtCy  352 integ.govd   -0.00   -0.05 integ.vbp -0.00 -0.00 omni.gos X     +0.0 ,Y     -0.1. omgD -0.007 omg  +0.00 loop   4757
[0mBatt=23.5 [0m[33mODOM [31mVisionX  +0.00 Y  +0.00 theta   +0.0 elt    0 [0mimu  -1.2 Dt  720 LtCy  360 integ.govd   -0.00   -0.05 integ.vbp -0.00 -0.00 omni.gos X     +0.0 ,Y     -0.1. omgD -0.011 omg  +0.00 loop   4758
[0mBatt=23.5 [0m[33mODOM [31mVisionX  +0.00 Y  +0.00 theta   +0.0 elt    0 [0mimu  -1.2 Dt  736 LtCy  368 integ.govd   -0.00   -0.05 integ.vbp -0.00 -0.00 omni.gos X     +0.0 ,Y     -0.0. omgD -0.002 omg  +0.00 loop   4761
[0mBatt=23.5 [0m[33mODOM [31mVisionX  +0.00 Y  +0.00 theta   +0.0 elt    0 [0mimu  -1.2 Dt  752 LtCy  376 integ.govd   -0.00   -0.05 integ.vbp -0.00 -0.00 omni.gos X     +0.0 ,Y     -0.0. omgD -0.002 omg  +0.00 loop   4767
[0mBatt=23.5 [0m[33mODOM [31mVisionX  +0.00 Y  +0.00 theta   +0.0 elt    0 [0mimu  -1.2 Dt  768 LtCy  384 integ.govd   -0.00   -0.05 integ.vbp -0.00 -0.00 omni.gos X     +0.0 ,Y     -0.1. omgD -0.009 omg  +0.00 loop   4724
[0mBatt=23.5 [0m[33mODOM [31mVisionX  +0.00 Y  +0.00 theta   +0.0 elt    0 [0mimu  -1.2 Dt  784 LtCy  392 integ.govd   -0.00   -0.05 integ.vbp -0.00 -0.00 omni.gos X     +0.0 ,Y     -0.1. omgD -0.007 omg  +0.00 loop   4756
[0mBatt=23.5 [0m[33mODOM [31mVisionX  +0.00 Y  +0.00 theta   +0.0 elt    0 [0mimu  -1.2 Dt  800 LtCy  400 integ.govd   -0.00   -0.05 integ.vbp -0.00 -0.00 omni.gos X     +0.0 ,Y     -0.1. omgD -0.004 omg  +0.00 loop   4748
[0mBatt=23.5 [0m[33mODOM [31mVisionX  +0.00 Y  +0.00 theta   +0.0 elt    0 [0mimu  -1.2 Dt  816 LtCy  408 integ.govd   -0.00   -0.06 integ.vbp -0.00 -0.00 omni.gos X     +0.0 ,Y     -0.0. omgD -0.000 omg  +0.00 loop   4711
[0mBatt=23.5 [0m[33mODOM [31mVisionX  +0.00 Y  +0.00 theta   +0.0 elt    0 [0mimu  -1.2 Dt  832 LtCy  416 integ.govd   -0.00   -0.06 integ.vbp -0.00 -0.00 omni.gos X     +0.0 ,Y     -0.1. omgD -0.004 omg  +0.00 loop   4743
[0mBatt=23.5 [0m[33mODOM [31mVisionX  +0.00 Y  +0.00 theta   +0.0 elt    0 [0mimu  -1.2 Dt  848 LtCy  424 integ.govd   -0.00   -0.06 integ.vbp -0.00 -0.00 omni.gos X     +0.0 ,Y     -0.0. omgD -0.000 omg  +0.00 loop   4732
[0mBatt=23.5 [0m[33mODOM [31mVisionX  +0.00 Y  +0.00 theta   +0.0 elt    0 [0mimu  -1.2 Dt  864 LtCy  432 integ.govd   -0.00   -0.06 integ.vbp -0.00 -0.00 omni.gos X     +0.0 ,Y     +0.0. omgD +0.002 omg  +0.00 loop   4714
[0mBatt=23.5 [0m[33mODOM [31mVisionX  +0.00 Y  +0.00 theta   +0.0 elt    0 [0mimu  -1.2 Dt  880 LtCy  440 integ.govd   -0.00   -0.06 integ.vbp -0.00 -0.00 omni.gos X     +0.0 ,Y     -0.1. omgD -0.011 omg  +0.00 loop   4707
[0mBatt=23.5 [0m[33mODOM [31mVisionX  +0.00 Y  +0.00 theta   +0.0 elt    0 [0mimu  -1.2 Dt  896 LtCy  448 integ.govd   -0.00   -0.06 integ.vbp -0.00 -0.00 omni.gos X     -0.0 ,Y     -0.1. omgD -0.007 omg  +0.00 loop   4730
[0mBatt=23.5 [0m[33mODOM [31mVisionX  +0.00 Y  +0.00 theta   +0.0 elt    0 [0mimu  -1.2 Dt  912 LtCy  456 integ.govd   -0.00   -0.06 integ.vbp -0.00 -0.00 omni.gos X     +0.0 ,Y     -0.1. omgD -0.004 omg  +0.00 loop   4695
[0mBatt=23.5 [0m[33mODOM [31mVisionX  +0.00 Y  +0.00 theta   +0.0 elt    0 [0mimu  -1.2 Dt  928 LtCy  464 integ.govd   -0.00   -0.06 integ.vbp -0.00 -0.00 omni.gos X     +0.0 ,Y     -0.0. omgD -0.002 omg  +0.00 loop   4681
[0mBatt=23.5 [0m[33mODOM [31mVisionX  +0.00 Y  +0.00 theta   +0.0 elt    0 [0mimu  -1.2 Dt  944 LtCy  472 integ.govd   -0.00   -0.06 integ.vbp -0.00 -0.00 omni.gos X     +0.0 ,Y     -0.1. omgD -0.011 omg  +0.00 loop   4710
[0mBatt=23.5 [0m[33mODOM [31mVisionX  +0.00 Y  +0.00 theta   +0.0 elt    0 [0mimu  -1.2 Dt  960 LtCy  480 integ.govd   -0.00   -0.06 integ.vbp -0.00 -0.00 omni.gos X     -0.0 ,Y     -0.1. omgD -0.004 omg  +0.00 loop   4699
[0mBatt=23.5 [0m[33mODOM [31mVisionX  +0.00 Y  +0.00 theta   +0.0 elt    0 [0mimu  -1.2 Dt  976 LtCy  488 integ.govd   -0.00   -0.07 integ.vbp -0.00 -0.00 omni.gos X     -0.0 ,Y     -0.1. omgD -0.011 omg  +0.00 loop   4654
[0mBatt=23.5 [0m[33mODOM [31mVisionX  +0.00 Y  +0.00 theta   +0.0 elt    0 [0mimu  -1.2 Dt  992 LtCy  496 integ.govd   -0.00   -0.07 integ.vbp -0.00 -0.00 omni.gos X     -0.0 ,Y     -0.1. omgD -0.011 omg  +0.00 loop   4681
[0mBatt=23.5 [0m[33mODOM [31mVisionX  +0.00 Y  +0.00 theta   +0.0 elt    0 [0mimu  -1.2 Dt 1008 LtCy  504 integ.govd   -0.00   -0.07 integ.vbp -0.00 -0.00 omni.gos X     -0.0 ,Y     -0.1. omgD -0.007 omg  +0.00 loop   4690
[0mBatt=23.5 [0m[33mODOM [31mVisionX  +0.00 Y  +0.00 theta   +0.0 elt    0 [0mimu  -1.2 Dt 1024 LtCy  512 integ.govd   -0.00   -0.07 integ.vbp -0.00 -0.00 omni.gos X     +0.0 ,Y     +0.0. omgD +0.002 omg  +0.00 loop   4634
[0mBatt=23.5 [0m[33mODOM [31mVisionX  +0.00 Y  +0.00 theta   +0.0 elt    0 [0mimu  -1.2 Dt 1040 LtCy  520 integ.govd   -0.00   -0.07 integ.vbp -0.00 -0.00 omni.gos X     -0.0 ,Y     -0.0. omgD -0.002 omg  +0.00 loop   4674
[0mBatt=23.5 [0m[33mODOM [31mVisionX  +0.00 Y  +0.00 theta   +0.0 elt    0 [0mimu  -1.2 Dt 1056 LtCy  528 integ.govd   -0.00   -0.07 integ.vbp -0.00 -0.00 omni.gos X     +0.0 ,Y     -0.0. omgD -0.002 omg  +0.00 loop   4664
[0mBatt=23.5 [0m[33mODOM [31mVisionX  +0.00 Y  +0.00 theta   +0.0 elt    0 [0mimu  -1.2 Dt 1072 LtCy  536 integ.govd   -0.00   -0.07 integ.vbp -0.00 -0.00 omni.gos X     -0.0 ,Y     -0.2. omgD -0.013 omg  +0.00 loop   4646
[0mBatt=23.5 [0m[33mODOM [31mVisionX  +0.00 Y  +0.00 theta   +0.0 elt    0 [0mimu  -1.2 Dt 1088 LtCy  544 integ.govd   -0.00   -0.07 integ.vbp -0.00 -0.00 omni.gos X     +0.0 ,Y     -0.1. omgD -0.011 omg  +0.00 loop   4647
[0mBatt=23.5 [0m[33mODOM [31mVisionX  +0.00 Y  +0.00 theta   +0.0 elt    0 [0mimu  -1.2 Dt 1104 LtCy  552 integ.govd   -0.00   -0.08 integ.vbp -0.00 -0.00 omni.gos X     -0.0 ,Y     -0.0. omgD -0.002 omg  +0.00 loop   4651
[0mBatt=23.5 [0m[33mODOM [31mVisionX  +0.00 Y  +0.00 theta   +0.0 elt    0 [0mimu  -1.2 Dt 1120 LtCy  560 integ.govd   -0.00   -0.08 integ.vbp -0.00 -0.00 omni.gos X     -0.0 ,Y     -0.1. omgD -0.009 omg  +0.00 loop   4648
[0mBatt=23.5 [0m[33mODOM [31mVisionX  +0.00 Y  +0.00 theta   +0.0 elt    0 [0mimu  -1.2 Dt 1136 LtCy  568 integ.govd   -0.00   -0.08 integ.vbp -0.00 -0.00 omni.gos X     +0.0 ,Y     -0.1. omgD -0.007 omg  +0.00 loop   4603
[0mBatt=23.5 [0m[33mODOM [31mVisionX  +0.00 Y  +0.00 theta   +0.0 elt    0 [0mimu  -1.2 Dt 1152 LtCy  576 integ.govd   -0.00   -0.08 integ.vbp -0.00 -0.00 omni.gos X     +0.0 ,Y     -0.1. omgD -0.007 omg  +0.00 loop   4653
[0mBatt=23.5 [0m[33mODOM [31mVisionX  +0.00 Y  +0.00 theta   +0.0 elt    0 [0mimu  -1.3 Dt 1168 LtCy  584 integ.govd   -0.00   -0.08 integ.vbp -0.00 -0.00 omni.gos X     +0.0 ,Y     -0.1. omgD -0.011 omg  +0.00 loop   4637
[0mBatt=23.5 [0m[33mODOM [31mVisionX  +0.00 Y  +0.00 theta   +0.0 elt    0 [0mimu  -1.3 Dt 1184 LtCy  592 integ.govd   -0.00   -0.08 integ.vbp -0.00 -0.00 omni.gos X     +0.0 ,Y     -0.1. omgD -0.007 omg  +0.00 loop   4600
[0mBatt=23.5 [0m[33mODOM [31mVisionX  +0.00 Y  +0.00 theta   +0.0 elt    0 [0mimu  -1.3 Dt 1200 LtCy  600 integ.govd   -0.00   -0.09 integ.vbp -0.00 -0.00 omni.gos X     +0.0 ,Y     -0.0. omgD -0.002 omg  +0.00 loop   4633
[0mBatt=23.5 [0m[33mODOM [31mVisionX  +0.00 Y  +0.00 theta   +0.0 elt    0 [0mimu  -1.3 Dt 1216 LtCy  608 integ.govd   -0.00   -0.09 integ.vbp -0.00 -0.00 omni.gos X     +0.0 ,Y     -0.0. omgD -0.002 omg  +0.00 loop   4619
[0mBatt=23.5 [0m[33mODOM [31mVisionX  +0.00 Y  +0.00 theta   +0.0 elt    0 [0mimu  -1.3 Dt 1232 LtCy  616 integ.govd   -0.00   -0.09 integ.vbp -0.00 -0.00 omni.gos X     +0.0 ,Y     -0.1. omgD -0.011 omg  +0.00 loop   4605
[0mBatt=23.5 [0m[33mODOM [31mVisionX  +0.00 Y  +0.00 theta   +0.0 elt    0 [0mimu  -1.3 Dt 1248 LtCy  624 integ.govd   -0.00   -0.09 integ.vbp -0.00 -0.00 omni.gos X     +0.0 ,Y     -0.1. omgD -0.007 omg  +0.00 loop   4593
[0mBatt=23.5 [0m[33mODOM [31mVisionX  +0.00 Y  +0.00 theta   +0.0 elt    0 [0mimu  -1.3 Dt 1264 LtCy  632 integ.govd   -0.00   -0.09 integ.vbp -0.00 -0.00 omni.gos X     +0.0 ,Y     -0.1. omgD -0.011 omg  +0.00 loop   4617
[0mBatt=23.5 [0m[33mODOM [31mVisionX  +0.00 Y  +0.00 theta   +0.0 elt    0 [0mimu  -1.3 Dt 1280 LtCy  640 integ.govd   -0.00   -0.09 integ.vbp -0.00 -0.00 omni.gos X     +0.0 ,Y     -0.0. omgD -0.002 omg  +0.00 loop   4588
[0mBatt=23.5 [0m[33mODOM [31mVisionX  +0.00 Y  +0.00 theta   +0.0 elt    0 [0mimu  -1.3 Dt 1288 LtCy  644 integ.govd   -0.00   -0.09 integ.vbp -0.00 -0.00 omni.gos X     -0.0 ,Y     -0.1. omgD -0.011 omg  +0.00 loop   2174
[0mBatt=23.5 [0m[33mODOM [31mVisionX  +0.00 Y  +0.00 theta   +0.0 elt    0 [0mimu  -1.3 Dt 1304 LtCy  652 integ.govd   -0.00   -0.10 integ.vbp -0.00 -0.00 omni.gos X     -0.0 ,Y     -0.1. omgD -0.011 omg  +0.00 loop   4589
[0mBatt=23.5 [0m[33mODOM [31mVisionX  +0.00 Y  +0.00 theta   +0.0 elt    0 [0mimu  -1.3 Dt 1320 LtCy  660 integ.govd   -0.00   -0.10 integ.vbp -0.00 -0.00 omni.gos X     -0.0 ,Y     -0.1. omgD -0.007 omg  +0.00 loop   4581
[0mBatt=23.5 [0m[33mODOM [31mVisionX  +0.00 Y  +0.00 theta   +0.0 elt    0 [0mimu  -1.3 Dt 1336 LtCy  668 integ.govd   -0.00   -0.10 integ.vbp -0.00 -0.00 omni.gos X     +0.0 ,Y     -0.1. omgD -0.007 omg  +0.00 loop   4568
[0mBatt=23.5 [0m[33mODOM [31mVisionX  +0.00 Y  +0.00 theta   +0.0 elt    0 [0mimu  -1.3 Dt 1352 LtCy  676 integ.govd   -0.00   -0.10 integ.vbp -0.00 -0.00 omni.gos X     +0.0 ,Y     -0.0. omgD -0.002 omg  +0.00 loop   4571
[0mBatt=23.5 [0m[33mODOM [31mVisionX  +0.00 Y  +0.00 theta   +0.0 elt    0 [0mimu  -1.3 Dt 1368 LtCy  684 integ.govd   -0.00   -0.10 integ.vbp -0.00 -0.00 omni.gos X     +0.0 ,Y     -0.1. omgD -0.007 omg  +0.00 loop   4576
[0mBatt=23.5 [0m[33mODOM [31mVisionX  +0.00 Y  +0.00 theta   +0.0 elt    0 [0mimu  -1.3 Dt 1384 LtCy  692 integ.govd   -0.00   -0.10 integ.vbp -0.00 -0.00 omni.gos X     -0.0 ,Y     -0.1. omgD -0.011 omg  +0.00 loop   4572
[0mBatt=23.5 [0m[33mODOM [31mVisionX  +0.00 Y  +0.00 theta   +0.0 elt    0 [0mimu  -1.3 Dt 1400 LtCy  700 integ.govd   -0.00   -0.10 integ.vbp -0.00 -0.00 omni.gos X     +0.0 ,Y     +0.0. omgD +0.002 omg  +0.00 loop   4532
[0mBatt=23.5 [0m[33mODOM [31mVisionX  +0.00 Y  +0.00 theta   +0.0 elt    0 [0mimu  -1.3 Dt 1416 LtCy  708 integ.govd   -0.00   -0.10 integ.vbp -0.00 -0.00 omni.gos X     +0.0 ,Y     -0.1. omgD -0.007 omg  +0.00 loop   4571
[0mBatt=23.5 [0m[33mODOM [31mVisionX  +0.00 Y  +0.00 theta   +0.0 elt    0 [0mimu  -1.3 Dt 1432 LtCy  716 integ.govd   -0.00   -0.11 integ.vbp -0.00 -0.00 omni.gos X     +0.0 ,Y     -0.1. omgD -0.007 omg  +0.00 loop   4555
[0mBatt=23.5 [0m[33mODOM [31mVisionX  +0.00 Y  +0.00 theta   +0.0 elt    0 [0mimu  -1.3 Dt 1448 LtCy  724 integ.govd   -0.00   -0.11 integ.vbp -0.00 -0.00 omni.gos X     +0.0 ,Y     -0.2. omgD -0.015 omg  +0.00 loop   4521
[0mBatt=23.5 [0m[33mODOM [31mVisionX  +0.00 Y  +0.00 theta   +0.0 elt    0 [0mimu  -1.3 Dt 1464 LtCy  732 integ.govd   -0.00   -0.11 integ.vbp -0.00 -0.00 omni.gos X     -0.0 ,Y     -0.3. omgD -0.019 omg  +0.00 loop   4552
[0mBatt=23.5 [0m[33mODOM [31mVisionX  +0.00 Y  +0.00 theta   +0.0 elt    0 [0mimu  -1.3 Dt 1480 LtCy  740 integ.govd   -0.00   -0.11 integ.vbp -0.00 -0.00 omni.gos X     -0.0 ,Y     -0.0. omgD -0.002 omg  +0.00 loop   4540
[0mBatt=23.5 [0m[33mODOM [31mVisionX  +0.00 Y  +0.00 theta   +0.0 elt    0 [0mimu  -1.3 Dt 1496 LtCy  748 integ.govd   -0.00   -0.11 integ.vbp -0.00 -0.00 omni.gos X     +0.0 ,Y     +0.0. omgD +0.002 omg  +0.00 loop   4515
[0mBatt=23.5 [0m[33mODOM [31mVisionX  +0.00 Y  +0.00 theta   +0.0 elt    0 [0mimu  -1.3 Dt 1512 LtCy  756 integ.govd   -0.00   -0.11 integ.vbp -0.00 -0.00 omni.gos X     +0.0 ,Y     -0.0. omgD -0.002 omg  +0.00 loop   4530
[0mBatt=23.5 [0m[33mODOM [31mVisionX  +0.00 Y  +0.00 theta   +0.0 elt    0 [0mimu  -1.3 Dt 1528 LtCy  764 integ.govd   -0.00   -0.11 integ.vbp -0.00 -0.00 omni.gos X     -0.0 ,Y     -0.1. omgD -0.007 omg  +0.00 loop   4549
[0mBatt=23.5 [0m[33mODOM [31mVisionX  +0.00 Y  +0.00 theta   +0.0 elt    0 [0mimu  -1.3 Dt 1544 LtCy  772 integ.govd   -0.00   -0.11 integ.vbp -0.00 -0.00 omni.gos X     +0.0 ,Y     -0.0. omgD -0.002 omg  +0.00 loop   4498
[0mBatt=23.5 [0m[33mODOM [31mVisionX  +0.00 Y  +0.00 theta   +0.0 elt    0 [0mimu  -1.3 Dt 1560 LtCy  780 integ.govd   -0.00   -0.11 integ.vbp -0.00 -0.00 omni.gos X     +0.0 ,Y     -0.1. omgD -0.007 omg  +0.00 loop   4511
[0mBatt=23.5 [0m[33mODOM [31mVisionX  +0.00 Y  +0.00 theta   +0.0 elt    0 [0mimu  -1.3 Dt 1576 LtCy  788 integ.govd   -0.00   -0.11 integ.vbp -0.00 -0.00 omni.gos X     +0.0 ,Y     +0.0. omgD +0.002 omg  +0.00 loop   4525
[0mBatt=23.5 [0m[33mODOM [31mVisionX  +0.00 Y  +0.00 theta   +0.0 elt    0 [0mimu  -1.3 Dt 1592 LtCy  796 integ.govd   -0.00   -0.12 integ.vbp -0.00 -0.00 omni.gos X     +0.0 ,Y     -0.1. omgD -0.007 omg  +0.00 loop   4513
[0mBatt=23.5 [0m[33mODOM [31mVisionX  +0.00 Y  +0.00 theta   +0.0 elt    0 [0mimu  -1.3 Dt 1608 LtCy  804 integ.govd   -0.00   -0.12 integ.vbp -0.00 -0.00 omni.gos X     -0.0 ,Y     -0.1. omgD -0.011 omg  +0.00 loop   4493
[0mBatt=23.5 [0m[33mODOM [31mVisionX  +0.00 Y  +0.00 theta   +0.0 elt    0 [0mimu  -1.3 Dt 1624 LtCy  812 integ.govd   -0.00   -0.12 integ.vbp -0.00 -0.00 omni.gos X     +0.0 ,Y     +0.0. omgD +0.002 omg  +0.00 loop   4504
[0mBatt=23.5 [0m[33mODOM [31mVisionX  +0.00 Y  +0.00 theta   +0.0 elt    0 [0mimu  -1.3 Dt 1640 LtCy  820 integ.govd   -0.00   -0.12 integ.vbp -0.00 -0.00 omni.gos X     +0.0 ,Y     +0.0. omgD +0.002 omg  +0.00 loop   4517
[0mBatt=23.5 [0m[33mODOM [31mVisionX  +0.00 Y  +0.00 theta   +0.0 elt    0 [0mimu  -1.3 Dt 1656 LtCy  828 integ.govd   -0.00   -0.12 integ.vbp -0.00 -0.00 omni.gos X     -0.0 ,Y     -0.1. omgD -0.007 omg  +0.00 loop   4435
[0mBatt=23.5 [0m[33mODOM [31mVisionX  +0.00 Y  +0.00 theta   +0.0 elt    0 [0mimu  -1.3 Dt 1672 LtCy  836 integ.govd   -0.00   -0.12 integ.vbp -0.00 -0.00 omni.gos X     +0.0 ,Y     -0.2. omgD -0.015 omg  +0.00 loop   4488
[0mBatt=23.5 [0m[33mODOM [31mVisionX  +0.00 Y  +0.00 theta   +0.0 elt    0 [0mimu  -1.3 Dt 1688 LtCy  844 integ.govd   -0.00   -0.13 integ.vbp -0.00 -0.00 omni.gos X     +0.0 ,Y     -0.0. omgD -0.002 omg  +0.00 loop   4491
[0mBatt=23.5 [0m[33mODOM [31mVisionX  +0.00 Y  +0.00 theta   +0.0 elt    0 [0mimu  -1.3 Dt 1704 LtCy  852 integ.govd   -0.00   -0.13 integ.vbp -0.00 -0.00 omni.gos X     +0.0 ,Y     -0.0. omgD -0.002 omg  +0.00 loop   4455
[0mBatt=23.5 [0m[33mODOM [31mVisionX  +0.00 Y  +0.00 theta   +0.0 elt    0 [0mimu  -1.3 Dt 1720 LtCy  860 integ.govd   -0.00   -0.13 integ.vbp -0.00 -0.00 omni.gos X     +0.0 ,Y     -0.1. omgD -0.007 omg  +0.00 loop   4467
[0mBatt=23.5 [0m[33mODOM [31mVisionX  +0.00 Y  +0.00 theta   +0.0 elt    0 [0mimu  -1.3 Dt 1736 LtCy  868 integ.govd   -0.00   -0.13 integ.vbp -0.00 -0.00 omni.gos X     +0.0 ,Y     -0.1. omgD -0.011 omg  +0.00 loop   4468
[0mBatt=23.5 [0m[33mODOM [31mVisionX  +0.00 Y  +0.00 theta   +0.0 elt    0 [0mimu  -1.3 Dt 1752 LtCy  876 integ.govd   -0.00   -0.13 integ.vbp -0.00 -0.00 omni.gos X     +0.0 ,Y     -0.1. omgD -0.011 omg  +0.00 loop   4465
[0mBatt=23.5 [0m[33mODOM [31mVisionX  +0.00 Y  +0.00 theta   +0.0 elt    0 [0mimu  -1.3 Dt 1768 LtCy  884 integ.govd   -0.00   -0.13 integ.vbp -0.00 -0.00 omni.gos X     +0.0 ,Y     -0.0. omgD -0.002 omg  +0.00 loop   4426
[0mBatt=23.5 [0m[33mODOM [31mVisionX  +0.00 Y  +0.00 theta   +0.0 elt    0 [0mimu  -1.3 Dt 1784 LtCy  892 integ.govd   -0.00   -0.13 integ.vbp -0.00 -0.00 omni.gos X     -0.0 ,Y     -0.1. omgD -0.011 omg  +0.00 loop   4463
[0mBatt=23.5 [0m[33mODOM [31mVisionX  +0.00 Y  +0.00 theta   +0.0 elt    0 [0mimu  -1.3 Dt 1800 LtCy  900 integ.govd   -0.00   -0.13 integ.vbp -0.00 -0.00 omni.gos X     +0.0 ,Y     -0.0. omgD -0.002 omg  +0.00 loop   4437
[0mBatt=23.5 [0m[33mODOM [31mVisionX  +0.00 Y  +0.00 theta   +0.0 elt    0 [0mimu  -1.3 Dt 1816 LtCy  908 integ.govd   -0.00   -0.14 integ.vbp -0.00 -0.00 omni.gos X     +0.0 ,Y     -0.1. omgD -0.011 omg  +0.00 loop   4410
[0mBatt=23.5 [0m[33mODOM [31mVisionX  +0.00 Y  +0.00 theta   +0.0 elt    0 [0mimu  -1.3 Dt 1832 LtCy  916 integ.govd   -0.00   -0.14 integ.vbp -0.00 -0.00 omni.gos X     +0.0 ,Y     -0.1. omgD -0.007 omg  +0.00 loop   4446
[0mBatt=23.5 [0m[33mODOM [31mVisionX  +0.00 Y  +0.00 theta   +0.0 elt    0 [0mimu  -1.3 Dt 1848 LtCy  924 integ.govd   -0.00   -0.14 integ.vbp -0.00 -0.00 omni.gos X     -0.0 ,Y     -0.1. omgD -0.011 omg  +0.00 loop   4432
[0mBatt=23.5 [0m[33mODOM [31mVisionX  +0.00 Y  +0.00 theta   +0.0 elt    0 [0mimu  -1.3 Dt 1864 LtCy  932 integ.govd   -0.00   -0.14 integ.vbp -0.00 -0.00 omni.gos X     -0.0 ,Y     -0.1. omgD -0.011 omg  +0.00 loop   4399
[0mBatt=23.5 [0m[33mODOM [31mVisionX  +0.00 Y  +0.00 theta   +0.0 elt    0 [0mimu  -1.3 Dt 1880 LtCy  940 integ.govd   -0.00   -0.14 integ.vbp -0.00 -0.00 omni.gos X     +0.0 ,Y     -0.0. omgD -0.002 omg  +0.00 loop   4409
[0mBatt=23.5 [0m[33mODOM [31mVisionX  +0.00 Y  +0.00 theta   +0.0 elt    0 [0mimu  -1.3 Dt 1896 LtCy  948 integ.govd   -0.00   -0.15 integ.vbp -0.00 -0.00 omni.gos X     +0.0 ,Y     -0.1. omgD -0.011 omg  +0.00 loop   4432
[0mBatt=23.5 [0m[33mODOM [31mVisionX  +0.00 Y  +0.00 theta   +0.0 elt    0 [0mimu  -1.3 Dt 1912 LtCy  956 integ.govd   -0.00   -0.15 integ.vbp -0.00 -0.00 omni.gos X     -0.0 ,Y     -0.3. omgD -0.019 omg  +0.00 loop   4388
[0mBatt=23.5 [0m[33mODOM [31mVisionX  +0.00 Y  +0.00 theta   +0.0 elt    0 [0mimu  -1.3 Dt 1928 LtCy  964 integ.govd   -0.00   -0.15 integ.vbp -0.00 -0.00 omni.gos X     +0.0 ,Y     +0.0. omgD +0.002 omg  +0.00 loop   4387
[0mBatt=23.5 [0m[33mODOM [31mVisionX  +0.00 Y  +0.00 theta   +0.0 elt    0 [0mimu  -1.3 Dt 1944 LtCy  972 integ.govd   -0.00   -0.15 integ.vbp -0.00 -0.00 omni.gos X     +0.0 ,Y     -0.0. omgD -0.002 omg  +0.00 loop   4406
[0mBatt=23.5 [0m[33mODOM [31mVisionX  +0.00 Y  +0.00 theta   +0.0 elt    0 [0mimu  -1.3 Dt 1960 LtCy  980 integ.govd   -0.00   -0.15 integ.vbp -0.00 -0.00 omni.gos X     +0.0 ,Y     -0.1. omgD -0.007 omg  +0.00 loop   4386
[0mBatt=23.5 [0m[33mODOM [31mVisionX  +0.00 Y  +0.00 theta   +0.0 elt    0 [0mimu  -1.3 Dt 1976 LtCy  988 integ.govd   -0.00   -0.15 integ.vbp -0.00 -0.00 omni.gos X     +0.0 ,Y     +0.0. omgD +0.002 omg  +0.00 loop   4377
[0mBatt=23.5 [0m[33mODOM [31mVisionX  +0.00 Y  +0.00 theta   +0.0 elt    0 [0mimu  -1.3 Dt 1992 LtCy  996 integ.govd   -0.00   -0.15 integ.vbp -0.00 -0.00 omni.gos X     +0.0 ,Y     -0.1. omgD -0.007 omg  +0.00 loop   4388
[0mBatt=23.5 [0m[33mODOM [31mVisionX  +0.00 Y  +0.00 theta   +0.0 elt    0 [0mimu  -1.3 Dt 2008 LtCy 1004 integ.govd   +0.00   +0.00 integ.vbp +0.00 +0.00 omni.gos X     +0.0 ,Y     -0.0. omgD -0.002 omg  +0.00 loop   4622
[0mBatt=23.5 [0m[33mODOM [31mVisionX  +0.00 Y  +0.00 theta   +0.0 elt    0 [0mimu  -1.3 Dt 2024 LtCy 1012 integ.govd   +0.00   +0.00 integ.vbp +0.00 +0.00 omni.gos X     -0.0 ,Y     -0.1. omgD -0.007 omg  +0.00 loop   4978
[0mBatt=23.5 [0m[33mODOM [31mVisionX  +0.00 Y  +0.00 theta   +0.0 elt    0 [0mimu  -1.3 Dt 2040 LtCy 1020 integ.govd   +0.00   +0.00 integ.vbp +0.00 +0.00 omni.gos X     +0.0 ,Y     -0.0. omgD -0.002 omg  +0.00 loop   5027
[0mBatt=23.5 [0m[33mODOM [31mVisionX  +0.00 Y  +0.00 theta   +0.0 elt    0 [0mimu  -1.3 Dt 2056 LtCy 1028 integ.govd   +0.00   +0.00 integ.vbp +0.00 +0.00 omni.gos X     +0.0 ,Y     +0.0. omgD +0.002 omg  +0.00 loop   5020
[0mBatt=23.5 [0m[33mODOM [31mVisionX  +0.00 Y  +0.00 theta   +0.0 elt    0 [0mimu  -1.3 Dt 2072 LtCy 1036 integ.govd   +0.00   +0.00 integ.vbp +0.00 +0.00 omni.gos X     -0.0 ,Y     -0.1. omgD -0.007 omg  +0.00 loop   5003
[0mBatt=23.5 [0m[33mODOM [31mVisionX  +0.00 Y  +0.00 theta   +0.0 elt    0 [0mimu  -1.3 Dt 2088 LtCy 1044 integ.govd   +0.00   +0.00 integ.vbp +0.00 +0.00 omni.gos X     -0.0 ,Y     -0.1. omgD -0.007 omg  +0.00 loop   5008
[0mBatt=23.5 [0m[33mODOM [31mVisionX  +0.00 Y  +0.00 theta   +0.0 elt    0 [0mimu  -1.3 Dt 2104 LtCy 1052 integ.govd   +0.00   +0.00 integ.vbp +0.00 +0.00 omni.gos X     +0.0 ,Y     +0.0. omgD +0.002 omg  +0.00 loop   5016
[0mBatt=23.5 [0m[33mODOM [31mVisionX  +0.00 Y  +0.00 theta   +0.0 elt    0 [0mimu  -1.3 Dt 2120 LtCy 1060 integ.govd   +0.00   +0.00 integ.vbp +0.00 +0.00 omni.gos X     +0.0 ,Y     -0.1. omgD -0.007 omg  +0.00 loop   5016
[0mBatt=23.5 [0m[33mODOM [31mVisionX  +0.00 Y  +0.00 theta   +0.0 elt    0 [0mimu  -1.3 Dt 2136 LtCy 1068 integ.govd   +0.00   +0.00 integ.vbp +0.00 +0.00 omni.gos X     -0.0 ,Y     -0.2. omgD -0.015 omg  +0.00 loop   4995
[0mBatt=23.5 [0m[33mODOM [31mVisionX  +0.00 Y  +0.00 theta   +0.0 elt    0 [0mimu  -1.3 Dt 2152 LtCy 1076 integ.govd   +0.00   +0.00 integ.vbp +0.00 +0.00 omni.gos X     +0.0 ,Y     -0.1. omgD -0.007 omg  +0.00 loop   5027
[0mBatt=23.5 [0m[33mODOM [31mVisionX  +0.00 Y  +0.00 theta   +0.0 elt    0 [0mimu  -1.3 Dt 2168 LtCy 1084 integ.govd   +0.00   +0.00 integ.vbp +0.00 +0.00 omni.gos X     +0.0 ,Y     -0.1. omgD -0.007 omg  +0.00 loop   5010
[0mBatt=23.5 [0m[33mODOM [31mVisionX  +0.00 Y  +0.00 theta   +0.0 elt    0 [0mimu  -1.3 Dt 2184 LtCy 1092 integ.govd   +0.00   +0.00 integ.vbp +0.00 +0.00 omni.gos X     +0.0 ,Y     -0.1. omgD -0.007 omg  +0.00 loop   4994
[0mBatt=23.5 [0m[33mODOM [31mVisionX  +0.00 Y  +0.00 theta   +0.0 elt    0 [0mimu  -1.3 Dt 2200 LtCy 1100 integ.govd   +0.00   +0.00 integ.vbp +0.00 +0.00 omni.gos X     -0.0 ,Y     -0.1. omgD -0.007 omg  +0.00 loop   5027
[0mBatt=23.5 [0m[33mODOM [31mVisionX  +0.00 Y  +0.00 theta   +0.0 elt    0 [0mimu  -1.3 Dt 2216 LtCy 1108 integ.govd   +0.00   +0.00 integ.vbp +0.00 +0.00 omni.gos X     +0.0 ,Y     -0.1. omgD -0.007 omg  +0.00 loop   5010
[0mBatt=23.5 [0m[33mODOM [31mVisionX  +0.00 Y  +0.00 theta   +0.0 elt    0 [0mimu  -1.3 Dt 2232 LtCy 1116 integ.govd   +0.00   +0.00 integ.vbp +0.00 +0.00 omni.gos X     -0.0 ,Y     -0.2. omgD -0.015 omg  +0.00 loop   4993
[0mBatt=23.5 [0m[33mODOM [31mVisionX  +0.00 Y  +0.00 theta   +0.0 elt    0 [0mimu  -1.3 Dt 2248 LtCy 1124 integ.govd   +0.00   +0.00 integ.vbp +0.00 +0.00 omni.gos X     -0.0 ,Y     -0.1. omgD -0.011 omg  +0.00 loop   5009
[0mBatt=23.5 [0m[33mODOM [31mVisionX  +0.00 Y  +0.00 theta   +0.0 elt    0 [0mimu  -1.3 Dt 2264 LtCy 1132 integ.govd   +0.00   +0.00 integ.vbp +0.00 +0.00 omni.gos X     -0.0 ,Y     -0.1. omgD -0.011 omg  +0.00 loop   5017
[0mBatt=23.5 [0m[33mODOM [31mVisionX  +0.00 Y  +0.00 theta   +0.0 elt    0 [0mimu  -1.3 Dt 2280 LtCy 1140 integ.govd   +0.00   +0.00 integ.vbp +0.00 +0.00 omni.gos X     +0.0 ,Y     -0.0. omgD -0.002 omg  +0.00 loop   4987
[0mBatt=23.5 [0m[33mODOM [31mVisionX  +0.00 Y  +0.00 theta   +0.0 elt    0 [0mimu  -1.3 Dt 2288 LtCy 1144 integ.govd   +0.00   +0.00 integ.vbp +0.00 +0.00 omni.gos X     +0.0 ,Y     -0.0. omgD -0.002 omg  +0.00 loop   2411
[0mBatt=23.5 [0m[33mODOM [31mVisionX  +0.00 Y  +0.00 theta   +0.0 elt    0 [0mimu  -1.3 Dt 2304 LtCy 1152 integ.govd   +0.00   +0.00 integ.vbp +0.00 +0.00 omni.gos X     +0.0 ,Y     -0.0. omgD -0.002 omg  +0.00 loop   5032
[0mBatt=23.5 [0m[33mODOM [31mVisionX  +0.00 Y  +0.00 theta   +0.0 elt    0 [0mimu  -1.3 Dt 2320 LtCy 1160 integ.govd   +0.00   +0.00 integ.vbp +0.00 +0.00 omni.gos X     +0.0 ,Y     -0.1. omgD -0.009 omg  +0.00 loop   5018
[0mBatt=23.5 [0m[33mODOM [31mVisionX  +0.00 Y  +0.00 theta   +0.0 elt    0 [0mimu  -1.3 Dt 2336 LtCy 1168 integ.govd   +0.00   +0.00 integ.vbp +0.00 +0.00 omni.gos X     +0.0 ,Y     -0.1. omgD -0.007 omg  +0.00 loop   4988
[0mBatt=23.5 [0m[33mODOM [31mVisionX  +0.00 Y  +0.00 theta   +0.0 elt    0 [0mimu  -1.3 Dt 2352 LtCy 1176 integ.govd   +0.00   +0.00 integ.vbp +0.00 +0.00 omni.gos X     +0.0 ,Y     -0.1. omgD -0.007 omg  +0.00 loop   5024
[0mBatt=23.5 [0m[33mODOM [31mVisionX  +0.00 Y  +0.00 theta   +0.0 elt    0 [0mimu  -1.3 Dt 2368 LtCy 1184 integ.govd   +0.00   +0.00 integ.vbp +0.00 +0.00 omni.gos X     -0.0 ,Y     -0.1. omgD -0.009 omg  +0.00 loop   5021
[0mBatt=23.5 [0m[33mODOM [31mVisionX  +0.00 Y  +0.00 theta   +0.0 elt    0 [0mimu  -1.3 Dt 2384 LtCy 1192 integ.govd   +0.00   +0.00 integ.vbp +0.00 +0.00 omni.gos X     +0.0 ,Y     -0.1. omgD -0.004 omg  +0.00 loop   4996
[0mBatt=23.5 [0m[33mODOM [31mVisionX  +0.00 Y  +0.00 theta   +0.0 elt    0 [0mimu  -1.3 Dt 2400 LtCy 1200 integ.govd   +0.00   +0.00 integ.vbp +0.00 +0.00 omni.gos X     -0.0 ,Y     -0.1. omgD -0.007 omg  +0.00 loop   5005
[0mBatt=23.5 [0m[33mODOM [31mVisionX  +0.00 Y  +0.00 theta   +0.0 elt    0 [0mimu  -1.3 Dt 2416 LtCy 1208 integ.govd   +0.00   +0.00 integ.vbp +0.00 +0.00 omni.gos X     +0.0 ,Y     -0.1. omgD -0.009 omg  +0.00 loop   5026
[0mBatt=23.5 [0m[33mODOM [31mVisionX  +0.00 Y  +0.00 theta   +0.0 elt    0 [0mimu  -1.3 Dt 2432 LtCy 1216 integ.govd   +0.00   +0.00 integ.vbp +0.00 +0.00 omni.gos X     -0.0 ,Y     -0.1. omgD -0.007 omg  +0.00 loop   4999
[0mBatt=23.5 [0m[33mODOM [31mVisionX  +0.00 Y  +0.00 theta   +0.0 elt    0 [0mimu  -1.3 Dt 2448 LtCy 1224 integ.govd   +0.00   +0.00 integ.vbp +0.00 +0.00 omni.gos X     -0.0 ,Y     -0.1. omgD -0.009 omg  +0.00 loop   4995
[0mBatt=23.5 [0m[33mODOM [31mVisionX  +0.00 Y  +0.00 theta   +0.0 elt    0 [0mimu  -1.3 Dt 2464 LtCy 1232 integ.govd   +0.00   +0.00 integ.vbp +0.00 +0.00 omni.gos X     +0.0 ,Y     -0.0. omgD -0.002 omg  +0.00 loop   5010
[0mBatt=23.5 [0m[33mODOM [31mVisionX  +0.00 Y  +0.00 theta   +0.0 elt    0 [0mimu  -1.3 Dt 2480 LtCy 1240 integ.govd   +0.00   +0.00 integ.vbp +0.00 +0.00 omni.gos X     +0.0 ,Y     +0.0. omgD +0.002 omg  +0.00 loop   5019
[0mBatt=23.5 [0m[33mODOM [31mVisionX  +0.00 Y  +0.00 theta   +0.0 elt    0 [0mimu  -1.3 Dt 2496 LtCy 1248 integ.govd   +0.00   +0.00 integ.vbp +0.00 +0.00 omni.gos X     +0.0 ,Y     -0.1. omgD -0.007 omg  +0.00 loop   4979
[0mBatt=23.5 [0m[33mODOM [31mVisionX  +0.00 Y  +0.00 theta   +0.0 elt    0 [0mimu  -1.3 Dt 2512 LtCy 1256 integ.govd   +0.00   +0.00 integ.vbp +0.00 +0.00 omni.gos X     -0.0 ,Y     -0.1. omgD -0.009 omg  +0.00 loop   5023
[0mBatt=23.5 [0m[33mODOM [31mVisionX  +0.00 Y  +0.00 theta   +0.0 elt    0 [0mimu  -1.3 Dt 2528 LtCy 1264 integ.govd   +0.00   +0.00 integ.vbp +0.00 +0.00 omni.gos X     -0.0 ,Y     -0.1. omgD -0.007 omg  +0.00 loop   5024
[0mBatt=23.5 [0m[33mODOM [31mVisionX  +0.00 Y  +0.00 theta   +0.0 elt    0 [0mimu  -1.3 Dt 2544 LtCy 1272 integ.govd   +0.00   +0.00 integ.vbp +0.00 +0.00 omni.gos X     -0.0 ,Y     -0.1. omgD -0.007 omg  +0.00 loop   4981
[0mBatt=23.5 [0m[33mODOM [31mVisionX  +0.00 Y  +0.00 theta   +0.0 elt    0 [0mimu  -1.3 Dt 2560 LtCy 1280 integ.govd   +0.00   +0.00 integ.vbp +0.00 +0.00 omni.gos X     +0.0 ,Y     -0.1. omgD -0.005 omg  +0.00 loop   5018
[0mBatt=23.5 [0m[33mODOM [31mVisionX  +0.00 Y  +0.00 theta   +0.0 elt    0 [0mimu  -1.3 Dt 2576 LtCy 1288 integ.govd   +0.00   +0.00 integ.vbp +0.00 +0.00 omni.gos X     +0.0 ,Y     -0.0. omgD -0.002 omg  +0.00 loop   5015
[0mBatt=23.5 [0m[33mODOM [31mVisionX  +0.00 Y  +0.00 theta   +0.0 elt    0 [0mimu  -1.3 Dt 2592 LtCy 1296 integ.govd   +0.00   +0.00 integ.vbp +0.00 +0.00 omni.gos X     +0.0 ,Y     -0.1. omgD -0.004 omg  +0.00 loop   5004
[0mBatt=23.5 [0m[33mODOM [31mVisionX  +0.00 Y  +0.00 theta   +0.0 elt    0 [0mimu  -1.3 Dt 2608 LtCy 1304 integ.govd   +0.00   +0.00 integ.vbp +0.00 +0.00 omni.gos X     +0.0 ,Y     -0.0. omgD -0.002 omg  +0.00 loop   5003
[0mBatt=23.5 [0m[33mODOM [31mVisionX  +0.00 Y  +0.00 theta   +0.0 elt    0 [0mimu  -1.3 Dt 2624 LtCy 1312 integ.govd   +0.00   +0.00 integ.vbp +0.00 +0.00 omni.gos X     +0.0 ,Y     +0.0. omgD +0.002 omg  +0.00 loop   5019
[0mBatt=23.5 [0m[33mODOM [31mVisionX  +0.00 Y  +0.00 theta   +0.0 elt    0 [0mimu  -1.3 Dt 2640 LtCy 1320 integ.govd   +0.00   +0.00 integ.vbp +0.00 +0.00 omni.gos X     -0.0 ,Y     -0.1. omgD -0.011 omg  +0.00 loop   5023
[0mBatt=23.5 [0m[33mODOM [31mVisionX  +0.00 Y  +0.00 theta   +0.0 elt    0 [0mimu  -1.3 Dt 2656 LtCy 1328 integ.govd   +0.00   +0.00 integ.vbp +0.00 +0.00 omni.gos X     +0.0 ,Y     -0.1. omgD -0.007 omg  +0.00 loop   4970
[0mBatt=23.5 [0m[33mODOM [31mVisionX  +0.00 Y  +0.00 theta   +0.0 elt    0 [0mimu  -1.3 Dt 2672 LtCy 1336 integ.govd   +0.00   +0.00 integ.vbp +0.00 +0.00 omni.gos X     +0.0 ,Y     -0.0. omgD -0.002 omg  +0.00 loop   5033
[0mBatt=23.5 [0m[33mODOM [31mVisionX  +0.00 Y  +0.00 theta   +0.0 elt    0 [0mimu  -1.3 Dt 2688 LtCy 1344 integ.govd   +0.00   +0.00 integ.vbp +0.00 +0.00 omni.gos X     +0.0 ,Y     -0.1. omgD -0.007 omg  +0.00 loop   5017
[0mBatt=23.5 [0m[33mODOM [31mVisionX  +0.00 Y  +0.00 theta   +0.0 elt    0 [0mimu  -1.3 Dt 2704 LtCy 1352 integ.govd   +0.00   +0.00 integ.vbp +0.00 +0.00 omni.gos X     +0.0 ,Y     -0.1. omgD -0.007 omg  +0.00 loop   4981
[0mBatt=23.5 [0m[33mODOM [31mVisionX  +0.00 Y  +0.00 theta   +0.0 elt    0 [0mimu  -1.3 Dt 2720 LtCy 1360 integ.govd   +0.00   +0.00 integ.vbp +0.00 +0.00 omni.gos X     +0.0 ,Y     -0.1. omgD -0.007 omg  +0.00 loop   5020
[0mBatt=23.5 [0m[33mODOM [31mVisionX  +0.00 Y  +0.00 theta   +0.0 elt    0 [0mimu  -1.3 Dt 2736 LtCy 1368 integ.govd   +0.00   +0.00 integ.vbp +0.00 +0.00 omni.gos X     +0.0 ,Y     -0.0. omgD -0.002 omg  +0.00 loop   5017
[0mBatt=23.5 [0m[33mODOM [31mVisionX  +0.00 Y  +0.00 theta   +0.0 elt    0 [0mimu  -1.3 Dt 2752 LtCy 1376 integ.govd   +0.00   +0.00 integ.vbp +0.00 +0.00 omni.gos X     +0.0 ,Y     -0.0. omgD -0.002 omg  +0.00 loop   5006
[0mBatt=23.5 [0m[33mODOM [31mVisionX  +0.00 Y  +0.00 theta   +0.0 elt    0 [0mimu  -1.3 Dt 2768 LtCy 1384 integ.govd   +0.00   +0.00 integ.vbp +0.00 +0.00 omni.gos X     +0.0 ,Y     -0.1. omgD -0.007 omg  +0.00 loop   5001
[0mBatt=23.5 [0m[33mODOM [31mVisionX  +0.00 Y  +0.00 theta   +0.0 elt    0 [0mimu  -1.3 Dt 2784 LtCy 1392 integ.govd   +0.00   +0.00 integ.vbp +0.00 +0.00 omni.gos X     +0.0 ,Y     -0.1. omgD -0.007 omg  +0.00 loop   5027
[0mBatt=23.5 [0m[33mODOM [31mVisionX  +0.00 Y  +0.00 theta   +0.0 elt    0 [0mimu  -1.3 Dt 2800 LtCy 1400 integ.govd   +0.00   +0.00 integ.vbp +0.00 +0.00 omni.gos X     +0.0 ,Y     -0.1. omgD -0.007 omg  +0.00 loop   5002
[0mBatt=23.5 [0m[33mODOM [31mVisionX  +0.00 Y  +0.00 theta   +0.0 elt    0 [0mimu  -1.3 Dt 2816 LtCy 1408 integ.govd   +0.00   +0.00 integ.vbp +0.00 +0.00 omni.gos X     +0.0 ,Y     -0.0. omgD -0.002 omg  +0.00 loop   5002
[0mBatt=23.5 [0m[33mODOM [31mVisionX  +0.00 Y  +0.00 theta   +0.0 elt    0 [0mimu  -1.3 Dt 2832 LtCy 1416 integ.govd   +0.00   +0.00 integ.vbp +0.00 +0.00 omni.gos X     +0.0 ,Y     -0.1. omgD -0.007 omg  +0.00 loop   5023
[0mBatt=23.5 [0m[33mODOM [31mVisionX  +0.00 Y  +0.00 theta   +0.0 elt    0 [0mimu  -1.3 Dt 2848 LtCy 1424 integ.govd   +0.00   +0.00 integ.vbp +0.00 +0.00 omni.gos X     +0.0 ,Y     -0.0. omgD -0.002 omg  +0.00 loop   5015
[0mBatt=23.5 [0m[33mODOM [31mVisionX  +0.00 Y  +0.00 theta   +0.0 elt    0 [0mimu  -1.3 Dt 2864 LtCy 1432 integ.govd   +0.00   +0.00 integ.vbp +0.00 +0.00 omni.gos X     -0.0 ,Y     -0.1. omgD -0.011 omg  +0.00 loop   4981
[0mBatt=23.5 [0m[33mODOM [31mVisionX  +0.00 Y  +0.00 theta   +0.0 elt    0 [0mimu  -1.3 Dt 2880 LtCy 1440 integ.govd   +0.00   +0.00 integ.vbp +0.00 +0.00 omni.gos X     +0.0 ,Y     +0.1. omgD +0.010 omg  +0.00 loop   5016
[0mBatt=23.5 [0m[33mODOM [31mVisionX  +0.00 Y  +0.00 theta   +0.0 elt    0 [0mimu  -1.3 Dt 2896 LtCy 1448 integ.govd   +0.00   +0.00 integ.vbp +0.00 +0.00 omni.gos X     +0.0 ,Y     -0.0. omgD -0.002 omg  +0.00 loop   5022
[0mBatt=23.5 [0m[33mODOM [31mVisionX  +0.00 Y  +0.00 theta   +0.0 elt    0 [0mimu  -1.3 Dt 2912 LtCy 1456 integ.govd   +0.00   +0.00 integ.vbp +0.00 +0.00 omni.gos X     -0.0 ,Y     -0.2. omgD -0.015 omg  +0.00 loop   4986
[0mBatt=23.5 [0m[33mODOM [31mVisionX  +0.00 Y  +0.00 theta   +0.0 elt    0 [0mimu  -1.3 Dt 2928 LtCy 1464 integ.govd   +0.00   +0.00 integ.vbp +0.00 +0.00 omni.gos X     -0.0 ,Y     -0.1. omgD -0.011 omg  +0.00 loop   5014
[0mBatt=23.5 [0m[33mODOM [31mVisionX  +0.00 Y  +0.00 theta   +0.0 elt    0 [0mimu  -1.3 Dt 2944 LtCy 1472 integ.govd   +0.00   +0.00 integ.vbp +0.00 +0.00 omni.gos X     -0.0 ,Y     -0.1. omgD -0.007 omg  +0.00 loop   5009
[0mBatt=23.5 [0m[33mODOM [31mVisionX  +0.00 Y  +0.00 theta   +0.0 elt    0 [0mimu  -1.3 Dt 2960 LtCy 1480 integ.govd   +0.00   +0.00 integ.vbp +0.00 +0.00 omni.gos X     +0.0 ,Y     -0.1. omgD -0.007 omg  +0.00 loop   4987
[0mBatt=23.5 [0m[33mODOM [31mVisionX  +0.00 Y  +0.00 theta   +0.0 elt    0 [0mimu  -1.3 Dt 2976 LtCy 1488 integ.govd   +0.00   +0.00 integ.vbp +0.00 +0.00 omni.gos X     +0.0 ,Y     +0.0. omgD +0.002 omg  +0.00 loop   5004
[0mBatt=23.5 [0m[33mODOM [31mVisionX  +0.00 Y  +0.00 theta   +0.0 elt    0 [0mimu  -1.3 Dt 2992 LtCy 1496 integ.govd   +0.00   +0.00 integ.vbp +0.00 +0.00 omni.gos X     +0.0 ,Y     -0.0. omgD -0.002 omg  +0.00 loop   5026
[0mBatt=23.5 [0m[33mODOM [31mVisionX  +0.00 Y  +0.00 theta   +0.0 elt    0 [0mimu  -1.3 Dt 3008 LtCy 1504 integ.govd   +0.00   +0.00 integ.vbp +0.00 +0.00 omni.gos X     +0.0 ,Y     -0.1. omgD -0.007 omg  +0.00 loop   5009
[0mBatt=23.5 [0m[33mODOM [31mVisionX  +0.00 Y  +0.00 theta   +0.0 elt    0 [0mimu  -1.3 Dt 3024 LtCy 1512 integ.govd   +0.00   +0.00 integ.vbp +0.00 +0.00 omni.gos X     -0.0 ,Y     -0.1. omgD -0.007 omg  +0.00 loop   4991
[0mBatt=23.5 [0m[33mODOM [31mVisionX  +0.00 Y  +0.00 theta   +0.0 elt    0 [0mimu  -1.3 Dt 3040 LtCy 1520 integ.govd   +0.00   +0.00 integ.vbp +0.00 +0.00 omni.gos X     -0.0 ,Y     -0.1. omgD -0.007 omg  +0.00 loop   5026
[0mBatt=23.5 [0m[33mODOM [31mVisionX  +0.00 Y  +0.00 theta   +0.0 elt    0 [0mimu  -1.3 Dt 3056 LtCy 1528 integ.govd   +0.00   +0.00 integ.vbp +0.00 +0.00 omni.gos X     +0.0 ,Y     -0.0. omgD -0.002 omg  +0.00 loop   5008
[0mBatt=23.5 [0m[33mODOM [31mVisionX  +0.00 Y  +0.00 theta   +0.0 elt    0 [0mimu  -1.3 Dt 3072 LtCy 1536 integ.govd   +0.00   +0.00 integ.vbp +0.00 +0.00 omni.gos X     +0.0 ,Y     -0.1. omgD -0.007 omg  +0.00 loop   4989
[0mBatt=23.5 [0m[33mODOM [31mVisionX  +0.00 Y  +0.00 theta   +0.0 elt    0 [0mimu  -1.3 Dt 3088 LtCy 1544 integ.govd   +0.00   +0.00 integ.vbp +0.00 +0.00 omni.gos X     +0.0 ,Y     -0.0. omgD -0.002 omg  +0.00 loop   5000
[0mBatt=23.5 [0m[33mODOM [31mVisionX  +0.00 Y  +0.00 theta   +0.0 elt    0 [0mimu  -1.3 Dt 3104 LtCy 1552 integ.govd   +0.00   +0.00 integ.vbp +0.00 +0.00 omni.gos X     +0.0 ,Y     -0.1. omgD -0.007 omg  +0.00 loop   5016
[0mBatt=23.5 [0m[33mODOM [31mVisionX  +0.00 Y  +0.00 theta   +0.0 elt    0 [0mimu  -1.3 Dt 3120 LtCy 1560 integ.govd   +0.00   +0.00 integ.vbp +0.00 +0.00 omni.gos X     +0.0 ,Y     -0.1. omgD -0.011 omg  +0.00 loop   5000
[0mBatt=23.5 [0m[33mODOM [31mVisionX  +0.00 Y  +0.00 theta   +0.0 elt    0 [0mimu  -1.3 Dt 3136 LtCy 1568 integ.govd   +0.00   +0.00 integ.vbp +0.00 +0.00 omni.gos X     -0.0 ,Y     -0.0. omgD -0.002 omg  +0.00 loop   5003
[0mBatt=23.5 [0m[33mODOM [31mVisionX  +0.00 Y  +0.00 theta   +0.0 elt    0 [0mimu  -1.3 Dt 3152 LtCy 1576 integ.govd   +0.00   +0.00 integ.vbp +0.00 +0.00 omni.gos X     +0.0 ,Y     +0.0. omgD +0.002 omg  +0.00 loop   5022
[0mBatt=23.5 [0m[33mODOM [31mVisionX  +0.00 Y  +0.00 theta   +0.0 elt    0 [0mimu  -1.3 Dt 3168 LtCy 1584 integ.govd   +0.00   +0.00 integ.vbp +0.00 +0.00 omni.gos X     +0.0 ,Y     -0.0. omgD -0.002 omg  +0.00 loop   5007
[0mBatt=23.5 [0m[33mODOM [31mVisionX  +0.00 Y  +0.00 theta   +0.0 elt    0 [0mimu  -1.3 Dt 3184 LtCy 1592 integ.govd   +0.00   +0.00 integ.vbp +0.00 +0.00 omni.gos X     +0.0 ,Y     -0.1. omgD -0.007 omg  +0.00 loop   5004
[0mBatt=23.5 [0m[33mODOM [31mVisionX  +0.00 Y  +0.00 theta   +0.0 elt    0 [0mimu  -1.3 Dt 3200 LtCy 1600 integ.govd   +0.00   +0.00 integ.vbp +0.00 +0.00 omni.gos X     +0.0 ,Y     -0.0. omgD -0.002 omg  +0.00 loop   5028
[0mBatt=23.5 [0m[33mODOM [31mVisionX  +0.00 Y  +0.00 theta   +0.0 elt    0 [0mimu  -1.3 Dt 3216 LtCy 1608 integ.govd   +0.00   +0.00 integ.vbp +0.00 +0.00 omni.gos X     -0.0 ,Y     -0.1. omgD -0.011 omg  +0.00 loop   5012
[0mBatt=23.5 [0m[33mODOM [31mVisionX  +0.00 Y  +0.00 theta   +0.0 elt    0 [0mimu  -1.3 Dt 3232 LtCy 1616 integ.govd   +0.00   +0.00 integ.vbp +0.00 +0.00 omni.gos X     -0.0 ,Y     -0.1. omgD -0.011 omg  +0.00 loop   4985
[0mBatt=23.5 [0m[33mODOM [31mVisionX  +0.00 Y  +0.00 theta   +0.0 elt    0 [0mimu  -1.3 Dt 3248 LtCy 1624 integ.govd   +0.00   +0.00 integ.vbp +0.00 +0.00 omni.gos X     +0.0 ,Y     -0.1. omgD -0.007 omg  +0.00 loop   5014
[0mBatt=23.5 [0m[33mODOM [31mVisionX  +0.00 Y  +0.00 theta   +0.0 elt    0 [0mimu  -1.3 Dt 3264 LtCy 1632 integ.govd   +0.00   +0.00 integ.vbp +0.00 +0.00 omni.gos X     +0.0 ,Y     -0.1. omgD -0.007 omg  +0.00 loop   5020
[0mBatt=23.5 [0m[33mODOM [31mVisionX  +0.00 Y  +0.00 theta   +0.0 elt    0 [0mimu  -1.3 Dt 3280 LtCy 1640 integ.govd   +0.00   +0.00 integ.vbp +0.00 +0.00 omni.gos X     +0.0 ,Y     -0.0. omgD -0.002 omg  +0.00 loop   4989
[0mBatt=23.5 [0m[33mODOM [31mVisionX  +0.00 Y  +0.00 theta   +0.0 elt    0 [0mimu  -1.3 Dt 3288 LtCy 1644 integ.govd   +0.00   +0.00 integ.vbp +0.00 +0.00 omni.gos X     +0.0 ,Y     -0.1. omgD -0.007 omg  +0.00 loop   2420
[0mBatt=23.5 [0m[33mODOM [31mVisionX  +0.00 Y  +0.00 theta   +0.0 elt    0 [0mimu  -1.3 Dt 3304 LtCy 1652 integ.govd   +0.00   +0.00 integ.vbp +0.00 +0.00 omni.gos X     +0.0 ,Y     -0.0. omgD -0.002 omg  +0.00 loop   5030
[0mBatt=23.5 [0m[33mODOM [31mVisionX  +0.00 Y  +0.00 theta   +0.0 elt    0 [0mimu  -1.3 Dt 3320 LtCy 1660 integ.govd   +0.00   +0.00 integ.vbp +0.00 +0.00 omni.gos X     -0.0 ,Y     -0.2. omgD -0.015 omg  +0.00 loop   5009
[0mBatt=23.5 [0m[33mODOM [31mVisionX  +0.00 Y  +0.00 theta   +0.0 elt    0 [0mimu  -1.3 Dt 3336 LtCy 1668 integ.govd   +0.00   +0.00 integ.vbp +0.00 +0.00 omni.gos X     +0.0 ,Y     -0.1. omgD -0.007 omg  +0.00 loop   4979
[0mBatt=23.5 [0m[33mODOM [31mVisionX  +0.00 Y  +0.00 theta   +0.0 elt    0 [0mimu  -1.3 Dt 3352 LtCy 1676 integ.govd   +0.00   +0.00 integ.vbp +0.00 +0.00 omni.gos X     -0.0 ,Y     -0.1. omgD -0.011 omg  +0.00 loop   5031
[0mBatt=23.5 [0m[33mODOM [31mVisionX  +0.00 Y  +0.00 theta   +0.0 elt    0 [0mimu  -1.3 Dt 3368 LtCy 1684 integ.govd   +0.00   +0.00 integ.vbp +0.00 +0.00 omni.gos X     +0.0 ,Y     -0.1. omgD -0.011 omg  +0.00 loop   5006
[0mBatt=23.5 [0m[33mODOM [31mVisionX  +0.00 Y  +0.00 theta   +0.0 elt    0 [0mimu  -1.3 Dt 3384 LtCy 1692 integ.govd   +0.00   +0.00 integ.vbp +0.00 +0.00 omni.gos X     -0.0 ,Y     -0.1. omgD -0.011 omg  +0.00 loop   4992
[0mBatt=23.5 [0m[33mODOM [31mVisionX  +0.00 Y  +0.00 theta   +0.0 elt    0 [0mimu  -1.3 Dt 3400 LtCy 1700 integ.govd   +0.00   +0.00 integ.vbp +0.00 +0.00 omni.gos X     -0.0 ,Y     -0.1. omgD -0.011 omg  +0.00 loop   5000
[0mBatt=23.5 [0m[33mODOM [31mVisionX  +0.00 Y  +0.00 theta   +0.0 elt    0 [0mimu  -1.3 Dt 3416 LtCy 1708 integ.govd   +0.00   +0.00 integ.vbp +0.00 +0.00 omni.gos X     +0.0 ,Y     -0.0. omgD -0.002 omg  +0.00 loop   5021
[0mBatt=23.5 [0m[33mODOM [31mVisionX  +0.00 Y  +0.00 theta   +0.0 elt    0 [0mimu  -1.3 Dt 3432 LtCy 1716 integ.govd   +0.00   +0.00 integ.vbp +0.00 +0.00 omni.gos X     +0.0 ,Y     -0.0. omgD -0.002 omg  +0.00 loop   4996
[0mBatt=23.5 [0m[33mODOM [31mVisionX  +0.00 Y  +0.00 theta   +0.0 elt    0 [0mimu  -1.3 Dt 3448 LtCy 1724 integ.govd   +0.00   +0.00 integ.vbp +0.00 +0.00 omni.gos X     +0.0 ,Y     -0.1. omgD -0.007 omg  +0.00 loop   5011
[0mBatt=23.5 [0m[33mODOM [31mVisionX  +0.00 Y  +0.00 theta   +0.0 elt    0 [0mimu  -1.3 Dt 3464 LtCy 1732 integ.govd   +0.00   +0.00 integ.vbp +0.00 +0.00 omni.gos X     +0.0 ,Y     -0.1. omgD -0.007 omg  +0.00 loop   5022
[0mBatt=23.5 [0m[33mODOM [31mVisionX  +0.00 Y  +0.00 theta   +0.0 elt    0 [0mimu  -1.4 Dt 3480 LtCy 1740 integ.govd   +0.00   +0.00 integ.vbp +0.00 +0.00 omni.gos X     -0.0 ,Y     -0.1. omgD -0.007 omg  +0.00 loop   5007
[0mBatt=23.5 [0m[33mODOM [31mVisionX  +0.00 Y  +0.00 theta   +0.0 elt    0 [0mimu  -1.4 Dt 3496 LtCy 1748 integ.govd   +0.00   +0.00 integ.vbp +0.00 +0.00 omni.gos X     +0.0 ,Y     -0.1. omgD -0.007 omg  +0.00 loop   4990
[0mBatt=23.5 [0m[33mODOM [31mVisionX  +0.00 Y  +0.00 theta   +0.0 elt    0 [0mimu  -1.4 Dt 3512 LtCy 1756 integ.govd   +0.00   +0.00 integ.vbp +0.00 +0.00 omni.gos X     +0.0 ,Y     +0.0. omgD +0.002 omg  +0.00 loop   5025
[0mBatt=23.5 [0m[33mODOM [31mVisionX  +0.00 Y  +0.00 theta   +0.0 elt    0 [0mimu  -1.4 Dt 3528 LtCy 1764 integ.govd   +0.00   +0.00 integ.vbp +0.00 +0.00 omni.gos X     -0.0 ,Y     -0.1. omgD -0.007 omg  +0.00 loop   5026
[0mBatt=23.5 [0m[33mODOM [31mVisionX  +0.00 Y  +0.00 theta   +0.0 elt    0 [0mimu  -1.4 Dt 3544 LtCy 1772 integ.govd   +0.00   +0.00 integ.vbp +0.00 +0.00 omni.gos X     +0.0 ,Y     -0.1. omgD -0.011 omg  +0.00 loop   4972
[0mBatt=23.5 [0m[33mODOM [31mVisionX  +0.00 Y  +0.00 theta   +0.0 elt    0 [0mimu  -1.4 Dt 3560 LtCy 1780 integ.govd   +0.00   +0.00 integ.vbp +0.00 +0.00 omni.gos X     -0.0 ,Y     -0.2. omgD -0.015 omg  +0.00 loop   5029
[0mBatt=23.5 [0m[33mODOM [31mVisionX  +0.00 Y  +0.00 theta   +0.0 elt    0 [0mimu  -1.4 Dt 3576 LtCy 1788 integ.govd   +0.00   +0.00 integ.vbp +0.00 +0.00 omni.gos X     +0.0 ,Y     -0.1. omgD -0.007 omg  +0.00 loop   5005
[0mBatt=23.5 [0m[33mODOM [31mVisionX  +0.00 Y  +0.00 theta   +0.0 elt    0 [0mimu  -1.4 Dt 3592 LtCy 1796 integ.govd   +0.00   +0.00 integ.vbp +0.00 +0.00 omni.gos X     +0.0 ,Y     -0.0. omgD -0.002 omg  +0.00 loop   5002
[0mBatt=23.5 [0m[33mODOM [31mVisionX  +0.00 Y  +0.00 theta   +0.0 elt    0 [0mimu  -1.4 Dt 3608 LtCy 1804 integ.govd   +0.00   +0.00 integ.vbp +0.00 +0.00 omni.gos X     +0.0 ,Y     +0.1. omgD +0.006 omg  +0.00 loop   5012
[0mBatt=23.5 [0m[33mODOM [31mVisionX  +0.00 Y  +0.00 theta   +0.0 elt    0 [0mimu  -1.4 Dt 3624 LtCy 1812 integ.govd   +0.00   +0.00 integ.vbp +0.00 +0.00 omni.gos X     +0.0 ,Y     -0.0. omgD -0.002 omg  +0.00 loop   5019
[0mBatt=23.5 [0m[33mODOM [31mVisionX  +0.00 Y  +0.00 theta   +0.0 elt    0 [0mimu  -1.4 Dt 3640 LtCy 1820 integ.govd   +0.00   +0.00 integ.vbp +0.00 +0.00 omni.gos X     +0.0 ,Y     -0.1. omgD -0.007 omg  +0.00 loop   5012
[0mBatt=23.5 [0m[33mODOM [31mVisionX  +0.00 Y  +0.00 theta   +0.0 elt    0 [0mimu  -1.4 Dt 3656 LtCy 1828 integ.govd   +0.00   +0.00 integ.vbp +0.00 +0.00 omni.gos X     -0.0 ,Y     -0.1. omgD -0.011 omg  +0.00 loop   4999
[0mBatt=23.5 [0m[33mODOM [31mVisionX  +0.00 Y  +0.00 theta   +0.0 elt    0 [0mimu  -1.4 Dt 3672 LtCy 1836 integ.govd   +0.00   +0.00 integ.vbp +0.00 +0.00 omni.gos X     +0.0 ,Y     -0.1. omgD -0.007 omg  +0.00 loop   5026
[0mBatt=23.5 [0m[33mODOM [31mVisionX  +0.00 Y  +0.00 theta   +0.0 elt    0 [0mimu  -1.4 Dt 3688 LtCy 1844 integ.govd   +0.00   +0.00 integ.vbp +0.00 +0.00 omni.gos X     +0.0 ,Y     +0.0. omgD +0.002 omg  +0.00 loop   5010
[0mBatt=23.5 [0m[33mODOM [31mVisionX  +0.00 Y  +0.00 theta   +0.0 elt    0 [0mimu  -1.4 Dt 3704 LtCy 1852 integ.govd   +0.00   +0.00 integ.vbp +0.00 +0.00 omni.gos X     +0.0 ,Y     -0.1. omgD -0.004 omg  +0.00 loop   4997
[0mBatt=23.5 [0m[33mODOM [31mVisionX  +0.00 Y  +0.00 theta   +0.0 elt    0 [0mimu  -1.4 Dt 3720 LtCy 1860 integ.govd   +0.00   +0.00 integ.vbp +0.00 +0.00 omni.gos X     +0.0 ,Y     -0.1. omgD -0.007 omg  +0.00 loop   5029
[0mBatt=23.5 [0m[33mODOM [31mVisionX  +0.00 Y  +0.00 theta   +0.0 elt    0 [0mimu  -1.4 Dt 3736 LtCy 1868 integ.govd   +0.00   +0.00 integ.vbp +0.00 +0.00 omni.gos X     +0.0 ,Y     -0.2. omgD -0.013 omg  +0.00 loop   5020
[0mBatt=23.5 [0m[33mODOM [31mVisionX  +0.00 Y  +0.00 theta   +0.0 elt    0 [0mimu  -1.4 Dt 3752 LtCy 1876 integ.govd   +0.00   +0.00 integ.vbp +0.00 +0.00 omni.gos X     +0.0 ,Y     -0.1. omgD -0.004 omg  +0.00 loop   4999
[0mBatt=23.5 [0m[33mODOM [31mVisionX  +0.00 Y  +0.00 theta   +0.0 elt    0 [0mimu  -1.4 Dt 3768 LtCy 1884 integ.govd   +0.00   +0.00 integ.vbp +0.00 +0.00 omni.gos X     +0.0 ,Y     -0.1. omgD -0.007 omg  +0.00 loop   5022
[0mBatt=23.5 [0m[33mODOM [31mVisionX  +0.00 Y  +0.00 theta   +0.0 elt    0 [0mimu  -1.4 Dt 3784 LtCy 1892 integ.govd   +0.00   +0.00 integ.vbp +0.00 +0.00 omni.gos X     +0.0 ,Y     -0.1. omgD -0.004 omg  +0.00 loop   5032
[0mBatt=23.5 [0m[33mODOM [31mVisionX  +0.00 Y  +0.00 theta   +0.0 elt    0 [0mimu  -1.4 Dt 3800 LtCy 1900 integ.govd   +0.00   +0.00 integ.vbp +0.00 +0.00 omni.gos X     +0.0 ,Y     -0.1. omgD -0.007 omg  +0.00 loop   5000
[0mBatt=23.5 [0m[33mODOM [31mVisionX  +0.00 Y  +0.00 theta   +0.0 elt    0 [0mimu  -1.4 Dt 3816 LtCy 1908 integ.govd   +0.00   +0.00 integ.vbp +0.00 +0.00 omni.gos X     -0.0 ,Y     -0.2. omgD -0.015 omg  +0.00 loop   5022
[0mBatt=23.5 [0m[33mODOM [31mVisionX  +0.00 Y  +0.00 theta   +0.0 elt    0 [0mimu  -1.4 Dt 3832 LtCy 1916 integ.govd   +0.00   +0.00 integ.vbp +0.00 +0.00 omni.gos X     +0.0 ,Y     -0.1. omgD -0.004 omg  +0.00 loop   5022
[0mBatt=23.5 [0m[33mODOM [31mVisionX  +0.00 Y  +0.00 theta   +0.0 elt    0 [0mimu  -1.4 Dt 3848 LtCy 1924 integ.govd   +0.00   +0.00 integ.vbp +0.00 +0.00 omni.gos X     +0.0 ,Y     -0.1. omgD -0.004 omg  +0.00 loop   5018
[0mBatt=23.5 [0m[33mODOM [31mVisionX  +0.00 Y  +0.00 theta   +0.0 elt    0 [0mimu  -1.4 Dt 3864 LtCy 1932 integ.govd   +0.00   +0.00 integ.vbp +0.00 +0.00 omni.gos X     +0.0 ,Y     -0.1. omgD -0.009 omg  +0.00 loop   5006
[0mBatt=23.5 [0m[33mODOM [31mVisionX  +0.00 Y  +0.00 theta   +0.0 elt    0 [0mimu  -1.4 Dt 3880 LtCy 1940 integ.govd   +0.00   +0.00 integ.vbp +0.00 +0.00 omni.gos X     -0.0 ,Y     -0.1. omgD -0.007 omg  +0.00 loop   5025
[0mBatt=23.5 [0m[33mODOM [31mVisionX  +0.00 Y  +0.00 theta   +0.0 elt    0 [0mimu  -1.4 Dt 3896 LtCy 1948 integ.govd   +0.00   +0.00 integ.vbp +0.00 +0.00 omni.gos X     +0.0 ,Y     -0.1. omgD -0.007 omg  +0.00 loop   5016
[0mBatt=23.5 [0m[33mODOM [31mVisionX  +0.00 Y  +0.00 theta   +0.0 elt    0 [0mimu  -1.4 Dt 3912 LtCy 1956 integ.govd   +0.00   +0.00 integ.vbp +0.00 +0.00 omni.gos X     -0.0 ,Y     -0.1. omgD -0.011 omg  +0.00 loop   4990
[0mBatt=23.5 [0m[33mODOM [31mVisionX  +0.00 Y  +0.00 theta   +0.0 elt    0 [0mimu  -1.4 Dt 3928 LtCy 1964 integ.govd   +0.00   +0.00 integ.vbp +0.00 +0.00 omni.gos X     +0.0 ,Y     -0.0. omgD -0.002 omg  +0.00 loop   5023
[0mBatt=23.5 [0m[33mODOM [31mVisionX  +0.00 Y  +0.00 theta   +0.0 elt    0 [0mimu  -1.4 Dt 3944 LtCy 1972 integ.govd   +0.00   +0.00 integ.vbp +0.00 +0.00 omni.gos X     -0.0 ,Y     -0.1. omgD -0.009 omg  +0.00 loop   5018
[0mBatt=23.5 [0m[33mODOM [31mVisionX  +0.00 Y  +0.00 theta   +0.0 elt    0 [0mimu  -1.4 Dt 3960 LtCy 1980 integ.govd   +0.00   +0.00 integ.vbp +0.00 +0.00 omni.gos X     -0.0 ,Y     -0.1. omgD -0.009 omg  +0.00 loop   4983
[0mBatt=23.5 [0m[33mODOM [31mVisionX  +0.00 Y  +0.00 theta   +0.0 elt    0 [0mimu  -1.4 Dt 3976 LtCy 1988 integ.govd   +0.00   +0.00 integ.vbp +0.00 +0.00 omni.gos X     -0.0 ,Y     -0.0. omgD -0.002 omg  +0.00 loop   5007
[0mBatt=23.5 [0m[33mODOM [31mVisionX  +0.00 Y  +0.00 theta   +0.0 elt    0 [0mimu  -1.4 Dt 3992 LtCy 1996 integ.govd   +0.00   +0.00 integ.vbp +0.00 +0.00 omni.gos X     +0.0 ,Y     +0.0. omgD +0.002 omg  +0.00 loop   5015
[0mBatt=23.5 [0m[33mODOM [31mVisionX  +0.00 Y  +0.00 theta   +0.0 elt    0 [0mimu  -1.4 Dt 4008 LtCy 2004 integ.govd   +0.00   +0.00 integ.vbp +0.00 +0.00 omni.gos X     +0.0 ,Y     +0.0. omgD +0.002 omg  +0.00 loop   4997
[0mBatt=23.5 [0m[33mODOM [31mVisionX  +0.00 Y  +0.00 theta   +0.0 elt    0 [0mimu  -1.4 Dt 4024 LtCy 2012 integ.govd   +0.00   +0.00 integ.vbp +0.00 +0.00 omni.gos X     +0.0 ,Y     -0.1. omgD -0.004 omg  +0.00 loop   4996
[0mBatt=23.5 [0m[33mODOM [31mVisionX  +0.00 Y  +0.00 theta   +0.0 elt    0 [0mimu  -1.4 Dt 4040 LtCy 2020 integ.govd   +0.00   +0.00 integ.vbp +0.00 +0.00 omni.gos X     -0.0 ,Y     -0.2. omgD -0.015 omg  +0.00 loop   5028
[0mBatt=23.5 [0m[33mODOM [31mVisionX  +0.00 Y  +0.00 theta   +0.0 elt    0 [0mimu  -1.4 Dt 4056 LtCy 2028 integ.govd   +0.00   +0.00 integ.vbp +0.00 +0.00 omni.gos X     +0.0 ,Y     -0.1. omgD -0.009 omg  +0.00 loop   5003
[0mBatt=23.5 [0m[33mODOM [31mVisionX  +0.00 Y  +0.00 theta   +0.0 elt    0 [0mimu  -1.4 Dt 4072 LtCy 2036 integ.govd   +0.00   +0.00 integ.vbp +0.00 +0.00 omni.gos X     +0.0 ,Y     -0.0. omgD -0.002 omg  +0.00 loop   4994
[0mBatt=23.5 [0m[33mODOM [31mVisionX  +0.00 Y  +0.00 theta   +0.0 elt    0 [0mimu  -1.4 Dt 4088 LtCy 2044 integ.govd   +0.00   +0.00 integ.vbp +0.00 +0.00 omni.gos X     +0.0 ,Y     -0.1. omgD -0.007 omg  +0.00 loop   5025
[0mBatt=23.5 [0m[33mODOM [31mVisionX  +0.00 Y  +0.00 theta   +0.0 elt    0 [0mimu  -1.4 Dt 4104 LtCy 2052 integ.govd   +0.00   +0.00 integ.vbp +0.00 +0.00 omni.gos X     +0.0 ,Y     -0.1. omgD -0.007 omg  +0.00 loop   5021
[0mBatt=23.5 [0m[33mODOM [31mVisionX  +0.00 Y  +0.00 theta   +0.0 elt    0 [0mimu  -1.4 Dt 4120 LtCy 2060 integ.govd   +0.00   +0.00 integ.vbp +0.00 +0.00 omni.gos X     +0.0 ,Y     -0.1. omgD -0.007 omg  +0.00 loop   4989
[0mBatt=23.5 [0m[33mODOM [31mVisionX  +0.00 Y  +0.00 theta   +0.0 elt    0 [0mimu  -1.4 Dt 4136 LtCy 2068 integ.govd   +0.00   +0.00 integ.vbp +0.00 +0.00 omni.gos X     +0.0 ,Y     -0.0. omgD -0.002 omg  +0.00 loop   5017
[0mBatt=23.5 [0m[33mODOM [31mVisionX  +0.00 Y  +0.00 theta   +0.0 elt    0 [0mimu  -1.4 Dt 4152 LtCy 2076 integ.govd   +0.00   +0.00 integ.vbp +0.00 +0.00 omni.gos X     +0.0 ,Y     -0.0. omgD -0.002 omg  +0.00 loop   5028
[0mBatt=23.5 [0m[33mODOM [31mVisionX  +0.00 Y  +0.00 theta   +0.0 elt    0 [0mimu  -1.4 Dt 4168 LtCy 2084 integ.govd   +0.00   +0.00 integ.vbp +0.00 +0.00 omni.gos X     -0.0 ,Y     -0.1. omgD -0.007 omg  +0.00 loop   4994
[0mBatt=23.5 [0m[33mODOM [31mVisionX  +0.00 Y  +0.00 theta   +0.0 elt    0 [0mimu  -1.4 Dt 4184 LtCy 2092 integ.govd   +0.00   +0.00 integ.vbp +0.00 +0.00 omni.gos X     +0.0 ,Y     -0.1. omgD -0.007 omg  +0.00 loop   5006
[0mBatt=23.5 [0m[33mODOM [31mVisionX  +0.00 Y  +0.00 theta   +0.0 elt    0 [0mimu  -1.4 Dt 4200 LtCy 2100 integ.govd   +0.00   +0.00 integ.vbp +0.00 +0.00 omni.gos X     +0.0 ,Y     +0.1. omgD +0.010 omg  +0.00 loop   5031
[0mBatt=23.5 [0m[33mODOM [31mVisionX  +0.00 Y  +0.00 theta   +0.0 elt    0 [0mimu  -1.4 Dt 4216 LtCy 2108 integ.govd   +0.00   +0.00 integ.vbp +0.00 +0.00 omni.gos X     +0.0 ,Y     +0.0. omgD +0.002 omg  +0.00 loop   4998
[0mBatt=23.5 [0m[33mODOM [31mVisionX  +0.00 Y  +0.00 theta   +0.0 elt    0 [0mimu  -1.4 Dt 4232 LtCy 2116 integ.govd   +0.00   +0.00 integ.vbp +0.00 +0.00 omni.gos X     +0.0 ,Y     +0.0. omgD +0.002 omg  +0.00 loop   5005
[0mBatt=23.5 [0m[33mODOM [31mVisionX  +0.00 Y  +0.00 theta   +0.0 elt    0 [0mimu  -1.4 Dt 4248 LtCy 2124 integ.govd   +0.00   +0.00 integ.vbp +0.00 +0.00 omni.gos X     +0.0 ,Y     +0.1. omgD +0.010 omg  +0.00 loop   5019
[0mBatt=23.5 [0m[33mODOM [31mVisionX  +0.00 Y  +0.00 theta   +0.0 elt    0 [0mimu  -1.4 Dt 4264 LtCy 2132 integ.govd   +0.00   +0.00 integ.vbp +0.00 +0.00 omni.gos X     +0.0 ,Y     -0.1. omgD -0.007 omg  +0.00 loop   5013
[0mBatt=23.5 [0m[33mODOM [31mVisionX  +0.00 Y  +0.00 theta   +0.0 elt    0 [0mimu  -1.4 Dt 4280 LtCy 2140 integ.govd   +0.00   +0.00 integ.vbp +0.00 +0.00 omni.gos X     +0.0 ,Y     -0.1. omgD -0.007 omg  +0.00 loop   4992
[0mBatt=23.5 [0m[33mODOM [31mVisionX  +0.00 Y  +0.00 theta   +0.0 elt    0 [0mimu  -1.4 Dt 4288 LtCy 2144 integ.govd   +0.00   +0.00 integ.vbp +0.00 +0.00 omni.gos X     +0.0 ,Y     -0.1. omgD -0.007 omg  +0.00 loop   2422
[0mBatt=23.5 [0m[33mODOM [31mVisionX  +0.00 Y  +0.00 theta   +0.0 elt    0 [0mimu  -1.4 Dt 4304 LtCy 2152 integ.govd   +0.00   +0.00 integ.vbp +0.00 +0.00 omni.gos X     +0.0 ,Y     -0.1. omgD -0.011 omg  +0.00 loop   5031
[0mBatt=23.5 [0m[33mODOM [31mVisionX  +0.00 Y  +0.00 theta   +0.0 elt    0 [0mimu  -1.4 Dt 4320 LtCy 2160 integ.govd   +0.00   +0.00 integ.vbp +0.00 +0.00 omni.gos X     +0.0 ,Y     -0.0. omgD -0.002 omg  +0.00 loop   5000
[0mBatt=23.5 [0m[33mODOM [31mVisionX  +0.00 Y  +0.00 theta   +0.0 elt    0 [0mimu  -1.4 Dt 4336 LtCy 2168 integ.govd   +0.00   +0.00 integ.vbp +0.00 +0.00 omni.gos X     +0.0 ,Y     -0.0. omgD -0.002 omg  +0.00 loop   4996
[0mBatt=23.5 [0m[33mODOM [31mVisionX  +0.00 Y  +0.00 theta   +0.0 elt    0 [0mimu  -1.4 Dt 4352 LtCy 2176 integ.govd   +0.00   +0.00 integ.vbp +0.00 +0.00 omni.gos X     +0.0 ,Y     -0.1. omgD -0.011 omg  +0.00 loop   5028
[0mBatt=23.5 [0m[33mODOM [31mVisionX  +0.00 Y  +0.00 theta   +0.0 elt    0 [0mimu  -1.4 Dt 4368 LtCy 2184 integ.govd   +0.00   +0.00 integ.vbp +0.00 +0.00 omni.gos X     +0.0 ,Y     -0.1. omgD -0.011 omg  +0.00 loop   4987
[0mBatt=23.5 [0m[33mODOM [31mVisionX  +0.00 Y  +0.00 theta   +0.0 elt    0 [0mimu  -1.4 Dt 4384 LtCy 2192 integ.govd   +0.00   +0.00 integ.vbp +0.00 +0.00 omni.gos X     +0.0 ,Y     -0.1. omgD -0.007 omg  +0.00 loop   4988
[0mBatt=23.5 [0m[33mODOM [31mVisionX  +0.00 Y  +0.00 theta   +0.0 elt    0 [0mimu  -1.4 Dt 4400 LtCy 2200 integ.govd   +0.00   +0.00 integ.vbp +0.00 +0.00 omni.gos X     +0.0 ,Y     -0.0. omgD -0.002 omg  +0.00 loop   5025
[0mBatt=23.5 [0m[33mODOM [31mVisionX  +0.00 Y  +0.00 theta   +0.0 elt    0 [0mimu  -1.4 Dt 4416 LtCy 2208 integ.govd   +0.00   +0.00 integ.vbp +0.00 +0.00 omni.gos X     +0.0 ,Y     -0.1. omgD -0.007 omg  +0.00 loop   5023
[0mBatt=23.5 [0m[33mODOM [31mVisionX  +0.00 Y  +0.00 theta   +0.0 elt    0 [0mimu  -1.4 Dt 4432 LtCy 2216 integ.govd   +0.00   +0.00 integ.vbp +0.00 +0.00 omni.gos X     -0.0 ,Y     -0.1. omgD -0.011 omg  +0.00 loop   4988
[0mBatt=23.5 [0m[33mODOM [31mVisionX  +0.00 Y  +0.00 theta   +0.0 elt    0 [0mimu  -1.4 Dt 4448 LtCy 2224 integ.govd   +0.00   +0.00 integ.vbp +0.00 +0.00 omni.gos X     -0.0 ,Y     -0.1. omgD -0.011 omg  +0.00 loop   5015
[0mBatt=23.5 [0m[33mODOM [31mVisionX  +0.00 Y  +0.00 theta   +0.0 elt    0 [0mimu  -1.4 Dt 4464 LtCy 2232 integ.govd   +0.00   +0.00 integ.vbp +0.00 +0.00 omni.gos X     -0.0 ,Y     -0.1. omgD -0.011 omg  +0.00 loop   5009
[0mBatt=23.5 [0m[33mODOM [31mVisionX  +0.00 Y  +0.00 theta   +0.0 elt    0 [0mimu  -1.4 Dt 4480 LtCy 2240 integ.govd   +0.00   +0.00 integ.vbp +0.00 +0.00 omni.gos X     -0.0 ,Y     -0.1. omgD -0.007 omg  +0.00 loop   4993
[0mBatt=23.5 [0m[33mODOM [31mVisionX  +0.00 Y  +0.00 theta   +0.0 elt    0 [0mimu  -1.4 Dt 4496 LtCy 2248 integ.govd   +0.00   +0.00 integ.vbp +0.00 +0.00 omni.gos X     +0.0 ,Y     -0.1. omgD -0.011 omg  +0.00 loop   4998
[0mBatt=23.5 [0m[33mODOM [31mVisionX  +0.00 Y  +0.00 theta   +0.0 elt    0 [0mimu  -1.4 Dt 4512 LtCy 2256 integ.govd   +0.00   +0.00 integ.vbp +0.00 +0.00 omni.gos X     +0.0 ,Y     +0.0. omgD +0.002 omg  +0.00 loop   5021
[0mBatt=23.5 [0m[33mODOM [31mVisionX  +0.00 Y  +0.00 theta   +0.0 elt    0 [0mimu  -1.4 Dt 4528 LtCy 2264 integ.govd   +0.00   +0.00 integ.vbp +0.00 +0.00 omni.gos X     +0.0 ,Y     -0.0. omgD -0.002 omg  +0.00 loop   5009
[0mBatt=23.5 [0m[33mODOM [31mVisionX  +0.00 Y  +0.00 theta   +0.0 elt    0 [0mimu  -1.4 Dt 4544 LtCy 2272 integ.govd   +0.00   +0.00 integ.vbp +0.00 +0.00 omni.gos X     +0.0 ,Y     -0.1. omgD -0.007 omg  +0.00 loop   4987
[0mBatt=23.5 [0m[33mODOM [31mVisionX  +0.00 Y  +0.00 theta   +0.0 elt    0 [0mimu  -1.4 Dt 4560 LtCy 2280 integ.govd   +0.00   +0.00 integ.vbp +0.00 +0.00 omni.gos X     -0.0 ,Y     -0.0. omgD -0.002 omg  +0.00 loop   5027
[0mBatt=23.5 [0m[33mODOM [31mVisionX  +0.00 Y  +0.00 theta   +0.0 elt    0 [0mimu  -1.4 Dt 4576 LtCy 2288 integ.govd   +0.00   +0.00 integ.vbp +0.00 +0.00 omni.gos X     +0.0 ,Y     -0.1. omgD -0.011 omg  +0.00 loop   5012
[0mBatt=23.5 [0m[33mODOM [31mVisionX  +0.00 Y  +0.00 theta   +0.0 elt    0 [0mimu  -1.4 Dt 4592 LtCy 2296 integ.govd   +0.00   +0.00 integ.vbp +0.00 +0.00 omni.gos X     +0.0 ,Y     -0.2. omgD -0.015 omg  +0.00 loop   4983
[0mBatt=23.5 [0m[33mODOM [31mVisionX  +0.00 Y  +0.00 theta   +0.0 elt    0 [0mimu  -1.4 Dt 4608 LtCy 2304 integ.govd   +0.00   +0.00 integ.vbp +0.00 +0.00 omni.gos X     -0.0 ,Y     -0.1. omgD -0.011 omg  +0.00 loop   5017
[0mBatt=23.5 [0m[33mODOM [31mVisionX  +0.00 Y  +0.00 theta   +0.0 elt    0 [0mimu  -1.4 Dt 4624 LtCy 2312 integ.govd   +0.00   +0.00 integ.vbp +0.00 +0.00 omni.gos X     +0.0 ,Y     -0.2. omgD -0.015 omg  +0.00 loop   5015
[0mBatt=23.5 [0m[33mODOM [31mVisionX  +0.00 Y  +0.00 theta   +0.0 elt    0 [0mimu  -1.4 Dt 4640 LtCy 2320 integ.govd   +0.00   +0.00 integ.vbp +0.00 +0.00 omni.gos X     +0.0 ,Y     -0.0. omgD -0.002 omg  +0.00 loop   4994
[0mBatt=23.5 [0m[33mODOM [31mVisionX  +0.00 Y  +0.00 theta   +0.0 elt    0 [0mimu  -1.4 Dt 4656 LtCy 2328 integ.govd   +0.00   +0.00 integ.vbp +0.00 +0.00 omni.gos X     +0.0 ,Y     -0.1. omgD -0.007 omg  +0.00 loop   5008
[0mBatt=23.5 [0m[33mODOM [31mVisionX  +0.00 Y  +0.00 theta   +0.0 elt    0 [0mimu  -1.4 Dt 4672 LtCy 2336 integ.govd   +0.00   +0.00 integ.vbp +0.00 +0.00 omni.gos X     -0.0 ,Y     -0.1. omgD -0.007 omg  +0.00 loop   5029
[0mBatt=23.5 [0m[33mODOM [31mVisionX  +0.00 Y  +0.00 theta   +0.0 elt    0 [0mimu  -1.4 Dt 4688 LtCy 2344 integ.govd   +0.00   +0.00 integ.vbp +0.00 +0.00 omni.gos X     +0.0 ,Y     -0.1. omgD -0.011 omg  +0.00 loop   4995
[0mBatt=23.5 [0m[33mODOM [31mVisionX  +0.00 Y  +0.00 theta   +0.0 elt    0 [0mimu  -1.4 Dt 4704 LtCy 2352 integ.govd   +0.00   +0.00 integ.vbp +0.00 +0.00 omni.gos X     -0.0 ,Y     -0.2. omgD -0.015 omg  +0.00 loop   4996
[0mBatt=23.5 [0m[33mODOM [31mVisionX  +0.00 Y  +0.00 theta   +0.0 elt    0 [0mimu  -1.4 Dt 4720 LtCy 2360 integ.govd   +0.00   +0.00 integ.vbp +0.00 +0.00 omni.gos X     +0.0 ,Y     +0.0. omgD +0.002 omg  +0.00 loop   5019
[0mBatt=23.5 [0m[33mODOM [31mVisionX  +0.00 Y  +0.00 theta   +0.0 elt    0 [0mimu  -1.4 Dt 4736 LtCy 2368 integ.govd   +0.00   +0.00 integ.vbp +0.00 +0.00 omni.gos X     +0.0 ,Y     -0.0. omgD -0.002 omg  +0.00 loop   5001
[0mBatt=23.5 [0m[33mODOM [31mVisionX  +0.00 Y  +0.00 theta   +0.0 elt    0 [0mimu  -1.4 Dt 4752 LtCy 2376 integ.govd   +0.00   +0.00 integ.vbp +0.00 +0.00 omni.gos X     +0.0 ,Y     +0.1. omgD +0.006 omg  +0.00 loop   4998
[0mBatt=23.5 [0m[33mODOM [31mVisionX  +0.00 Y  +0.00 theta   +0.0 elt    0 [0mimu  -1.4 Dt 4768 LtCy 2384 integ.govd   +0.00   +0.00 integ.vbp +0.00 +0.00 omni.gos X     +0.0 ,Y     -0.1. omgD -0.007 omg  +0.00 loop   5014
[0mBatt=23.5 [0m[33mODOM [31mVisionX  +0.00 Y  +0.00 theta   +0.0 elt    0 [0mimu  -1.4 Dt 4784 LtCy 2392 integ.govd   +0.00   +0.00 integ.vbp +0.00 +0.00 omni.gos X     +0.0 ,Y     -0.1. omgD -0.007 omg  +0.00 loop   5019
[0mBatt=23.5 [0m[33mODOM [31mVisionX  +0.00 Y  +0.00 theta   +0.0 elt    0 [0mimu  -1.4 Dt 4800 LtCy 2400 integ.govd   +0.00   +0.00 integ.vbp +0.00 +0.00 omni.gos X     +0.0 ,Y     -0.0. omgD -0.002 omg  +0.00 loop   4989
[0mBatt=23.5 [0m[33mODOM [31mVisionX  +0.00 Y  +0.00 theta   +0.0 elt    0 [0mimu  -1.4 Dt 4816 LtCy 2408 integ.govd   +0.00   +0.00 integ.vbp +0.00 +0.00 omni.gos X     -0.0 ,Y     -0.1. omgD -0.011 omg  +0.00 loop   5014
[0mBatt=23.5 [0m[33mODOM [31mVisionX  +0.00 Y  +0.00 theta   +0.0 elt    0 [0mimu  -1.4 Dt 4832 LtCy 2416 integ.govd   +0.00   +0.00 integ.vbp +0.00 +0.00 omni.gos X     +0.0 ,Y     +0.0. omgD +0.002 omg  +0.00 loop   5017
[0mBatt=23.5 [0m[33mODOM [31mVisionX  +0.00 Y  +0.00 theta   +0.0 elt    0 [0mimu  -1.4 Dt 4848 LtCy 2424 integ.govd   +0.00   +0.00 integ.vbp +0.00 +0.00 omni.gos X     +0.0 ,Y     -0.0. omgD -0.002 omg  +0.00 loop   4997
[0mBatt=23.5 [0m[33mODOM [31mVisionX  +0.00 Y  +0.00 theta   +0.0 elt    0 [0mimu  -1.4 Dt 4864 LtCy 2432 integ.govd   +0.00   +0.00 integ.vbp +0.00 +0.00 omni.gos X     +0.0 ,Y     -0.1. omgD -0.007 omg  +0.00 loop   5011
[0mBatt=23.5 [0m[33mODOM [31mVisionX  +0.00 Y  +0.00 theta   +0.0 elt    0 [0mimu  -1.4 Dt 4880 LtCy 2440 integ.govd   +0.00   +0.00 integ.vbp +0.00 +0.00 omni.gos X     -0.0 ,Y     -0.1. omgD -0.007 omg  +0.00 loop   5019
[0mBatt=23.5 [0m[33mODOM [31mVisionX  +0.00 Y  +0.00 theta   +0.0 elt    0 [0mimu  -1.4 Dt 4896 LtCy 2448 integ.govd   +0.00   +0.00 integ.vbp +0.00 +0.00 omni.gos X     +0.0 ,Y     -0.1. omgD -0.007 omg  +0.00 loop   5003
[0mBatt=23.5 [0m[33mODOM [31mVisionX  +0.00 Y  +0.00 theta   +0.0 elt    0 [0mimu  -1.4 Dt 4912 LtCy 2456 integ.govd   +0.00   +0.00 integ.vbp +0.00 +0.00 omni.gos X     +0.0 ,Y     -0.0. omgD -0.002 omg  +0.00 loop   4991
[0mBatt=23.5 [0m[33mODOM [31mVisionX  +0.00 Y  +0.00 theta   +0.0 elt    0 [0mimu  -1.4 Dt 4928 LtCy 2464 integ.govd   +0.00   +0.00 integ.vbp +0.00 +0.00 omni.gos X     +0.0 ,Y     -0.0. omgD -0.002 omg  +0.00 loop   5029
[0mBatt=23.5 [0m[33mODOM [31mVisionX  +0.00 Y  +0.00 theta   +0.0 elt    0 [0mimu  -1.4 Dt 4944 LtCy 2472 integ.govd   +0.00   +0.00 integ.vbp +0.00 +0.00 omni.gos X     +0.0 ,Y     -0.1. omgD -0.007 omg  +0.00 loop   5018
[0mBatt=23.5 [0m[33mODOM [31mVisionX  +0.00 Y  +0.00 theta   +0.0 elt    0 [0mimu  -1.4 Dt 4960 LtCy 2480 integ.govd   +0.00   +0.00 integ.vbp +0.00 +0.00 omni.gos X     +0.0 ,Y     -0.0. omgD -0.002 omg  +0.00 loop   4977
[0mBatt=23.5 [0m[33mODOM [31mVisionX  +0.00 Y  +0.00 theta   +0.0 elt    0 [0mimu  -1.4 Dt 4976 LtCy 2488 integ.govd   +0.00   +0.00 integ.vbp +0.00 +0.00 omni.gos X     -0.0 ,Y     -0.1. omgD -0.011 omg  +0.00 loop   5024
[0mBatt=23.5 [0m[33mODOM [31mVisionX  +0.00 Y  +0.00 theta   +0.0 elt    0 [0mimu  -1.4 Dt 4992 LtCy 2496 integ.govd   +0.00   +0.00 integ.vbp +0.00 +0.00 omni.gos X     +0.0 ,Y     -0.0. omgD -0.002 omg  +0.00 loop   5013
[0mBatt=23.5 [0m[33mODOM [31mVisionX  +0.00 Y  +0.00 theta   +0.0 elt    0 [0mimu  -1.4 Dt 5008 LtCy 2504 integ.govd   +0.00   +0.00 integ.vbp +0.00 +0.00 omni.gos X     +0.0 ,Y     -0.0. omgD -0.002 omg  +0.00 loop   4993
[0mBatt=23.5 [0m[33mODOM [31mVisionX  +0.00 Y  +0.00 theta   +0.0 elt    0 [0mimu  -1.4 Dt 5024 LtCy 2512 integ.govd   +0.00   +0.00 integ.vbp +0.00 +0.00 omni.gos X     +0.0 ,Y     -0.1. omgD -0.011 omg  +0.00 loop   5004
[0mBatt=23.5 [0m[33mODOM [31mVisionX  +0.00 Y  +0.00 theta   +0.0 elt    0 [0mimu  -1.4 Dt 5040 LtCy 2520 integ.govd   +0.00   +0.00 integ.vbp +0.00 +0.00 omni.gos X     +0.0 ,Y     -0.1. omgD -0.011 omg  +0.00 loop   5015
[0mBatt=23.5 [0m[33mODOM [31mVisionX  +0.00 Y  +0.00 theta   +0.0 elt    0 [0mimu  -1.4 Dt 5056 LtCy 2528 integ.govd   +0.00   +0.00 integ.vbp +0.00 +0.00 omni.gos X     -0.0 ,Y     -0.3. omgD -0.019 omg  +0.00 loop   4999
[0mBatt=23.5 [0m[33mODOM [31mVisionX  +0.00 Y  +0.00 theta   +0.0 elt    0 [0mimu  -1.4 Dt 5072 LtCy 2536 integ.govd   +0.00   +0.00 integ.vbp +0.00 +0.00 omni.gos X     +0.0 ,Y     -0.0. omgD -0.002 omg  +0.00 loop   4992
[0mBatt=23.5 [0m[33mODOM [31mVisionX  +0.00 Y  +0.00 theta   +0.0 elt    0 [0mimu  -1.4 Dt 5088 LtCy 2544 integ.govd   +0.00   +0.00 integ.vbp +0.00 +0.00 omni.gos X     +0.0 ,Y     +0.0. omgD +0.002 omg  +0.00 loop   5027
[0mBatt=23.5 [0m[33mODOM [31mVisionX  +0.00 Y  +0.00 theta   +0.0 elt    0 [0mimu  -1.4 Dt 5104 LtCy 2552 integ.govd   +0.00   +0.00 integ.vbp +0.00 +0.00 omni.gos X     +0.0 ,Y     -0.1. omgD -0.007 omg  +0.00 loop   5005
[0mBatt=23.5 [0m[33mODOM [31mVisionX  +0.00 Y  +0.00 theta   +0.0 elt    0 [0mimu  -1.4 Dt 5120 LtCy 2560 integ.govd   +0.00   +0.00 integ.vbp +0.00 +0.00 omni.gos X     