event,sequence,counter,valid_self,adopted,realtime_ns,kernel_ns,monotonic_ns,write_end_ns,written,socket_drop_total,trace_record_overflow
rx,1,1,1,1,1787953733154335595,1787953733154278299,5310239143649,0,0,0,0
tx,1,1,1,1,1787953733154340317,1787953733154278299,5310239148612,5310239173760,72,0,0
rx,2,2,1,1,1787953733155488558,1787953733155394947,5310240296630,0,0,0,0
tx,2,2,1,1,1787953733155492502,1787953733155394947,5310240300686,5310240314908,72,0,0
rx,3,3,1,1,1787953733257842799,1787953733256976169,5310342650853,0,0,0,0
tx,3,3,1,1,1787953733257846910,1787953733256976169,5310342655167,5310342675723,72,0,0
rx,4,4,1,1,1787953733258970817,1787953733258201873,5310343778890,0,0,0,0
tx,4,4,1,1,1787953733258974447,1787953733258201873,5310343782686,5310343794667,72,0,0
rx,5,5,1,1,1787953733260069576,1787953733259479947,5310344877649,0,0,0,0
tx,5,5,1,1,1787953733260073058,1787953733259479947,5310344881241,5310344892871,72,0,0
rx,6,6,1,1,1787953733261167317,1787953733260712539,5310345975390,0,0,0,0
tx,6,6,1,1,1787953733261170817,1787953733260712539,5310345979001,5310345990149,72,0,0
rx,8,8,1,1,1787953733264412002,1787953733263374576,5310349220056,0,0,0,0
tx,8,8,1,1,1787953733264416076,1787953733263374576,5310349224260,5310349237186,72,0,0
rx,9,9,1,1,1787953733359249225,1787953733359118410,5310444057297,0,0,0,0
tx,9,9,1,1,1787953733359254947,1787953733359118410,5310444063204,5310444084019,72,0,0
rx,10,10,1,1,1787953733360379150,1787953733360322299,5310445187223,0,0,0,0
tx,10,10,1,1,1787953733360382799,1787953733360322299,5310445191019,5310445202945,72,0,0
rx,11,11,1,1,1787953733362543095,1787953733361901650,5310447351167,0,0,0,0
tx,11,11,1,1,1787953733362546576,1787953733361901650,5310447354760,5310447366019,72,0,0
rx,12,12,1,1,1787953733363640076,1787953733363061558,5310448448149,0,0,0,0
tx,12,12,1,1,1787953733363643521,1787953733363061558,5310448451704,5310448463056,72,0,0
rx,13,13,1,1,1787953733364737799,1787953733364268650,5310449545871,0,0,0,0
tx,13,13,1,1,1787953733364741187,1787953733364268650,5310449549371,5310449560408,72,0,0
rx,14,14,1,1,1787953733365834021,1787953733365443317,5310450642093,0,0,0,0
tx,14,14,1,1,1787953733365837669,1787953733365443317,5310450645853,5310450657204,72,0,0
rx,15,15,1,1,1787953733366931076,1787953733366667817,5310451739149,0,0,0,0
tx,15,15,1,1,1787953733366936317,1787953733366667817,5310451744501,5310451755927,72,0,0
rx,16,16,1,1,1787953733461774243,1787953733461462206,5310546582297,0,0,0,0
tx,16,16,1,1,1787953733461778576,1787953733461462206,5310546586834,5310546607260,72,0,0
rx,17,17,1,1,1787953733462900669,1787953733462585762,5310547708741,0,0,0,0
tx,17,17,1,1,1787953733462904224,1787953733462585762,5310547712464,5310547724501,72,0,0
rx,18,18,1,1,1787953733464021799,1787953733463687076,5310548829871,0,0,0,0
tx,18,18,1,1,1787953733464027076,1787953733463687076,5310548835297,5310548847186,72,0,0
rx,19,19,1,1,1787953733465124595,1787953733464803817,5310549932667,0,0,0,0
tx,19,19,1,1,1787953733465128021,1787953733464803817,5310549936204,5310549947223,72,0,0
rx,20,20,1,1,1787953733466220336,1787953733465922076,5310551028408,0,0,0,0
tx,20,20,1,1,1787953733466223836,1787953733465922076,5310551032019,5310551043075,72,0,0
rx,21,21,1,1,1787953733467316762,1787953733467043706,5310552124834,0,0,0,0
tx,21,21,1,1,1787953733467320095,1787953733467043706,5310552128334,5310552140223,72,0,0
rx,22,22,1,1,1787953733468414502,1787953733468161650,5310553222575,0,0,0,0
tx,22,22,1,1,1787953733468417928,1787953733468161650,5310553226112,5310553236982,72,0,0
rx,23,23,1,1,1787953733564343910,1787953733563879039,5310649151964,0,0,0,0
tx,23,23,1,1,1787953733564348373,1787953733563879039,5310649156593,5310649177408,72,0,0
rx,24,24,1,1,1787953733565470910,1787953733565000002,5310650278982,0,0,0,0
tx,24,24,1,1,1787953733565474391,1787953733565000002,5310650282575,5310650294112,72,0,0
rx,25,25,1,1,1787953733566568854,1787953733566119261,5310651376926,0,0,0,0
tx,25,25,1,1,1787953733566572243,1787953733566119261,5310651380482,5310651399741,72,0,0
rx,26,26,1,1,1787953733567673836,1787953733567247836,5310652481908,0,0,0,0
tx,26,26,1,1,1787953733567677261,1787953733567247836,5310652485556,5310652496889,72,0,0
rx,27,27,1,1,1787953733568780687,1787953733568362150,5310653588760,0,0,0,0
tx,27,27,1,1,1787953733568786243,1787953733568362150,5310653594482,5310653607575,72,0,0
rx,28,28,1,1,1787953733569883669,1787953733569478706,5310654691741,0,0,0,0
tx,28,28,1,1,1787953733569887206,1787953733569478706,5310654695445,5310654706612,72,0,0
rx,29,29,1,1,1787953733570979854,1787953733570594113,5310655787926,0,0,0,0
tx,29,29,1,1,1787953733570983280,1787953733570594113,5310655791519,5310655802575,72,0,0
rx,30,30,1,1,1787953733666904817,1787953733666297539,5310751712889,0,0,0,0
tx,30,30,1,1,1787953733666909447,1787953733666297539,5310751717667,5310751739093,72,0,0
rx,31,31,1,1,1787953733668036743,1787953733667414613,5310752844815,0,0,0,0
tx,31,31,1,1,1787953733668040521,1787953733667414613,5310752848704,5310752860612,72,0,0
rx,32,32,1,1,1787953733669134965,1787953733668534132,5310753943038,0,0,0,0
tx,32,32,1,1,1787953733669138335,1787953733668534132,5310753946538,5310753957982,72,0,0
rx,33,33,1,1,1787953733670230984,1787953733669655798,5310755039056,0,0,0,0
tx,33,33,1,1,1787953733670234391,1787953733669655798,5310755042575,5310755053630,72,0,0
rx,34,34,1,1,1787953733769337798,1787953733768661261,5310854145871,0,0,0,0
tx,34,34,1,1,1787953733769344261,1787953733768661261,5310854152445,5310854172482,72,0,0
rx,35,35,1,1,1787953733770485206,1787953733769759947,5310855293278,0,0,0,0
tx,35,35,1,1,1787953733770488743,1787953733769759947,5310855296926,5310855308760,72,0,0
rx,36,36,1,1,1787953733771585169,1787953733770882724,5310856393241,0,0,0,0
tx,36,36,1,1,1787953733771588724,1787953733770882724,5310856396908,5310856409093,72,0,0
rx,37,37,1,1,1787953733772684002,1787953733771994539,5310857492075,0,0,0,0
tx,37,37,1,1,1787953733772687465,1787953733771994539,5310857495649,5310857506741,72,0,0
rx,38,38,1,1,1787953733773780280,1787953733773115595,5310858588352,0,0,0,0
tx,38,38,1,1,1787953733773783724,1787953733773115595,5310858591908,5310858602834,72,0,0
rx,39,39,1,1,1787953733774875798,1787953733774238021,5310859683871,0,0,0,0
tx,39,39,1,1,1787953733774879150,1787953733774238021,5310859687334,5310859698315,72,0,0
rx,40,40,1,1,1787953733775977798,1787953733775387854,5310860785871,0,0,0,0
tx,40,40,1,1,1787953733775981280,1787953733775387854,5310860789463,5310860801352,72,0,0
rx,41,41,1,1,1787953733777089224,1787953733776492928,5310861897297,0,0,0,0
tx,41,41,1,1,1787953733777092632,1787953733776492928,5310861900871,5310861912278,72,0,0
rx,42,42,1,1,1787953733778200817,1787953733777609576,5310863008889,0,0,0,0
tx,42,42,1,1,1787953733778208576,1787953733777609576,5310863016760,5310863033482,72,0,0
rx,43,43,1,1,1787953733872056928,1787953733871104946,5310956864889,0,0,0,0
tx,43,43,1,1,1787953733872061761,1787953733871104946,5310956870241,5310956892963,72,0,0
rx,44,44,1,1,1787953733873218965,1787953733872291409,5310958027037,0,0,0,0
tx,44,44,1,1,1787953733873222798,1787953733872291409,5310958030982,5310958051482,72,0,0
rx,45,45,1,1,1787953733874373317,1787953733873412909,5310959181389,0,0,0,0
tx,45,45,1,1,1787953733874381317,1787953733873412909,5310959189593,5310959207778,72,0,0
rx,46,46,1,1,1787953733875504669,1787953733874578465,5310960312741,0,0,0,0
tx,46,46,1,1,1787953733875508817,1787953733874578465,5310960317037,5310960343500,72,0,0
rx,47,47,1,1,1787953733876641946,1787953733875619243,5310961450019,0,0,0,0
tx,47,47,1,1,1787953733876645502,1787953733875619243,5310961453704,5310961468574,72,0,0
rx,48,48,1,1,1787953733877741798,1787953733876727780,5310962549871,0,0,0,0
tx,48,48,1,1,1787953733877745521,1787953733876727780,5310962553704,5310962576500,72,0,0
rx,49,49,1,1,1787953733878860558,1787953733877855780,5310963668630,0,0,0,0
tx,49,49,1,1,1787953733878864224,1787953733877855780,5310963672408,5310963685649,72,0,0
rx,50,50,1,1,1787953733973700891,1787953733973456391,5311058508945,0,0,0,0
tx,50,50,1,1,1787953733973705483,1787953733973456391,5311058513704,5311058532593,72,0,0
rx,51,51,1,1,1787953733974825465,1787953733974600057,5311059633537,0,0,0,0
tx,51,51,1,1,1787953733974829206,1787953733974600057,5311059637408,5311059648982,72,0,0
rx,52,52,1,1,1787953733975944243,1787953733975718539,5311060752315,0,0,0,0
tx,52,52,1,1,1787953733975947724,1787953733975718539,5311060755908,5311060767408,72,0,0
rx,53,53,1,1,1787953733977041946,1787953733976833020,5311061850019,0,0,0,0
tx,53,53,1,1,1787953733977045446,1787953733976833020,5311061853630,5311061864685,72,0,0
rx,54,54,1,1,1787953733978142446,1787953733977965520,5311062950519,0,0,0,0
tx,54,54,1,1,1787953733978146150,1787953733977965520,5311062954334,5311062968037,72,0,0
rx,55,55,1,1,1787953733979254206,1787953733979094613,5311064062278,0,0,0,0
tx,55,55,1,1,1787953733979260983,1787953733979094613,5311064069167,5311064087074,72,0,0
rx,56,56,1,1,1787953733980375409,1787953733980200743,5311065183482,0,0,0,0
tx,56,56,1,1,1787953733980379335,1787953733980200743,5311065187519,5311065199093,72,0,0
rx,57,57,1,1,1787953734076249946,1787953734075923706,5311161058019,0,0,0,0
tx,57,57,1,1,1787953734076254335,1787953734075923706,5311161062667,5311161084056,72,0,0
rx,58,58,1,1,1787953734077377576,1787953734077053761,5311162185648,0,0,0,0
tx,58,58,1,1,1787953734077381076,1787953734077053761,5311162189260,5311162200797,72,0,0
rx,59,59,1,1,1787953734078479539,1787953734078168798,5311163287611,0,0,0,0
tx,59,59,1,1,1787953734078483539,1787953734078168798,5311163291963,5311163305389,72,0,0
rx,60,60,1,1,1787953734079582613,1787953734079297020,5311164390685,0,0,0,0
tx,60,60,1,1,1787953734079586169,1787953734079297020,5311164394352,5311164406167,72,0,0
rx,61,61,1,1,1787953734080681261,1787953734080420354,5311165489315,0,0,0,0
tx,61,61,1,1,1787953734080684594,1787953734080420354,5311165492815,5311165504889,72,0,0
rx,62,62,1,1,1787953734081780150,1787953734081538409,5311166588222,0,0,0,0
tx,62,62,1,1,1787953734081783520,1787953734081538409,5311166591982,5311166602926,72,0,0
rx,63,63,1,1,1787953734082888150,1787953734082663113,5311167696204,0,0,0,0
tx,63,63,1,1,1787953734082891632,1787953734082663113,5311167699815,5311167711630,72,0,0
rx,64,64,1,1,1787953734178784854,1787953734178317854,5311263592926,0,0,0,0
tx,64,64,1,1,1787953734178789391,1787953734178317854,5311263597667,5311263617667,72,0,0
rx,65,65,1,1,1787953734179911243,1787953734179435280,5311264719315,0,0,0,0
tx,65,65,1,1,1787953734179916983,1787953734179435280,5311264725167,5311264737204,72,0,0
rx,66,66,1,1,1787953734181032983,1787953734180563446,5311265841056,0,0,0,0
tx,66,66,1,1,1787953734181036631,1787953734180563446,5311265844815,5311265856241,72,0,0
rx,67,67,1,1,1787953734182130039,1787953734181688206,5311266938074,0,0,0,0
tx,67,67,1,1,1787953734182133668,1787953734181688206,5311266941852,5311266953722,72,0,0
rx,68,68,1,1,1787953734183229872,1787953734182808743,5311268037926,0,0,0,0
tx,68,68,1,1,1787953734183233354,1787953734182808743,5311268041537,5311268053259,72,0,0
rx,69,69,1,1,1787953734184327131,1787953734183925168,5311269135204,0,0,0,0
tx,69,69,1,1,1787953734184330539,1787953734183925168,5311269138722,5311269149667,72,0,0
rx,70,70,1,1,1787953734185436983,1787953734185045150,5311270245056,0,0,0,0
tx,70,70,1,1,1787953734185440372,1787953734185045150,5311270248556,5311270259815,72,0,0
rx,71,71,1,1,1787953734281317946,1787953734280848668,5311366126019,0,0,0,0
tx,71,71,1,1,1787953734281322465,1787953734280848668,5311366130704,5311366153445,72,0,0
rx,72,72,1,1,1787953734282444409,1787953734282207465,5311367252482,0,0,0,0
tx,72,72,1,1,1787953734282447817,1787953734282207465,5311367256056,5311367268389,72,0,0
rx,73,73,1,1,1787953734284614761,1787953734283668705,5311369422833,0,0,0,0
tx,73,73,1,1,1787953734284620446,1787953734283668705,5311369428611,5311369441945,72,0,0
rx,74,74,1,1,1787953734285721187,1787953734284897391,5311370529259,0,0,0,0
tx,74,74,1,1,1787953734285724798,1787953734284897391,5311370532982,5311370544519,72,0,0
rx,75,75,1,1,1787953734286817502,1787953734286460094,5311371625574,0,0,0,0
tx,75,75,1,1,1787953734286820946,1787953734286460094,5311371629130,5311371640259,72,0,0
rx,76,76,1,1,1787953734287912687,1787953734287710668,5311372720759,0,0,0,0
tx,76,76,1,1,1787953734287916113,1787953734287710668,5311372724352,5311372735333,72,0,0
rx,77,77,1,1,1787953734289017983,1787953734288970465,5311373826056,0,0,0,0
tx,77,77,1,1,1787953734289021539,1787953734288970465,5311373829722,5311373840908,72,0,0
rx,78,78,1,1,1787953734383861465,1787953734383185131,5311468669537,0,0,0,0
tx,78,78,1,1,1787953734383866039,1787953734383185131,5311468674296,5311468693556,72,0,0
rx,79,79,1,1,1787953734384987705,1787953734384312057,5311469795778,0,0,0,0
tx,79,79,1,1,1787953734384991076,1787953734384312057,5311469799259,5311469811222,72,0,0
rx,80,80,1,1,1787953734386086594,1787953734385426076,5311470894667,0,0,0,0
tx,80,80,1,1,1787953734386090020,1787953734385426076,5311470898204,5311470909537,72,0,0
rx,81,81,1,1,1787953734387183372,1787953734386558779,5311471991445,0,0,0,0
tx,81,81,1,1,1787953734387186724,1787953734386558779,5311471994907,5311472019982,72,0,0
rx,82,82,1,1,1787953734388306576,1787953734387714335,5311473114648,0,0,0,0
tx,82,82,1,1,1787953734388310039,1787953734387714335,5311473118222,5311473129593,72,0,0
rx,83,83,1,1,1787953734389404891,1787953734388833187,5311474212963,0,0,0,0
tx,83,83,1,1,1787953734389410557,1787953734388833187,5311474218741,5311474230778,72,0,0
rx,84,84,1,1,1787953734486374631,1787953734485557224,5311571182685,0,0,0,0
tx,84,84,1,1,1787953734486380872,1787953734485557224,5311571189111,5311571209093,72,0,0
rx,85,85,1,1,1787953734487502502,1787953734486744631,5311572310574,0,0,0,0
tx,85,85,1,1,1787953734487506039,1787953734486744631,5311572314296,5311572326759,72,0,0
rx,86,86,1,1,1787953734488602816,1787953734487918168,5311573410889,0,0,0,0
tx,86,86,1,1,1787953734488606279,1787953734487918168,5311573414463,5311573425741,72,0,0
rx,87,87,1,1,1787953734489718057,1787953734489127946,5311574526130,0,0,0,0
tx,87,87,1,1,1787953734489721668,1787953734489127946,5311574529833,5311574541019,72,0,0
rx,88,88,1,1,1787953734490814798,1787953734490307594,5311575622870,0,0,0,0
tx,88,88,1,1,1787953734490818409,1787953734490307594,5311575626574,5311575638130,72,0,0
rx,89,89,1,1,1787953734491911928,1787953734491491576,5311576720019,0,0,0,0
tx,89,89,1,1,1787953734491915446,1787953734491491576,5311576723630,5311576735037,72,0,0
rx,90,90,1,1,1787953734493010261,1787953734492958205,5311577818333,0,0,0,0
tx,90,90,1,1,1787953734493013779,1787953734492958205,5311577821963,5311577833111,72,0,0
rx,91,91,1,1,1787953734588903539,1787953734587913613,5311673711611,0,0,0,0
tx,91,91,1,1,1787953734588907724,1787953734587913613,5311673715963,5311673736148,72,0,0
rx,92,92,1,1,1787953734590038409,1787953734589111298,5311674846481,0,0,0,0
tx,92,92,1,1,1787953734590042002,1787953734589111298,5311674850185,5311674862093,72,0,0
rx,93,93,1,1,1787953734591137057,1787953734590385650,5311675945130,0,0,0,0
tx,93,93,1,1,1787953734591142872,1787953734590385650,5311675951111,5311675962870,72,0,0
rx,94,94,1,1,1787953734592238150,1787953734591493502,5311677046222,0,0,0,0
tx,94,94,1,1,1787953734592242113,1787953734591493502,5311677050278,5311677062093,72,0,0
rx,95,95,1,1,1787953734593337353,1787953734592615076,5311678145426,0,0,0,0
tx,95,95,1,1,1787953734593340798,1787953734592615076,5311678148981,5311678160278,72,0,0
rx,96,96,1,1,1787953734594434020,1787953734593727761,5311679242093,0,0,0,0
tx,96,96,1,1,1787953734594437335,1787953734593727761,5311679245518,5311679256481,72,0,0
rx,97,97,1,1,1787953734595529909,1787953734594845187,5311680337981,0,0,0,0
tx,97,97,1,1,1787953734595533390,1787953734594845187,5311680341630,5311680353000,72,0,0
rx,98,98,1,1,1787953734690401483,1787953734690316224,5311775209555,0,0,0,0
tx,98,98,1,1,1787953734690406464,1787953734690316224,5311775214741,5311775237481,72,0,0
rx,99,99,1,1,1787953734691536853,1787953734691428390,5311776344926,0,0,0,0
tx,99,99,1,1,1787953734691540298,1787953734691428390,5311776348518,5311776360130,72,0,0
rx,100,100,1,1,1787953734692635390,1787953734692542668,5311777443463,0,0,0,0
tx,100,100,1,1,1787953734692638761,1787953734692542668,5311777446944,5311777457889,72,0,0
rx,101,101,1,1,1787953734693731057,1787953734693662150,5311778539130,0,0,0,0
tx,101,101,1,1,1787953734693734557,1787953734693662150,5311778542741,5311778554315,72,0,0
rx,102,102,1,1,1787953734694841020,1787953734694799224,5311779649092,0,0,0,0
tx,102,102,1,1,1787953734694844779,1787953734694799224,5311779652963,5311779671481,72,0,0
rx,103,103,1,1,1787953734695953724,1787953734695902705,5311780761796,0,0,0,0
tx,103,103,1,1,1787953734695959705,1787953734695902705,5311780767889,5311780779759,72,0,0
rx,104,104,1,1,1787953734697073113,1787953734697023687,5311781881185,0,0,0,0
tx,104,104,1,1,1787953734697076705,1787953734697023687,5311781884889,5311781895907,72,0,0
rx,105,105,1,1,1787953734792941372,1787953734792687038,5311877749426,0,0,0,0
tx,105,105,1,1,1787953734792946205,1787953734792687038,5311877754444,5311877774296,72,0,0
rx,106,106,1,1,1787953734794065205,1787953734793805279,5311878873278,0,0,0,0
tx,106,106,1,1,1787953734794068742,1787953734793805279,5311878876926,5311878888629,72,0,0
rx,107,107,1,1,1787953734795162057,1787953734794956946,5311879970129,0,0,0,0
tx,107,107,1,1,1787953734795165705,1787953734794956946,5311879973944,5311879985963,72,0,0
rx,108,108,1,1,1787953734796277446,1787953734796071390,5311881085518,0,0,0,0
tx,108,108,1,1,1787953734796280909,1787953734796071390,5311881089092,5311881100666,72,0,0
rx,109,109,1,1,1787953734797374872,1787953734797191335,5311882182944,0,0,0,0
tx,109,109,1,1,1787953734797378316,1787953734797191335,5311882186500,5311882197481,72,0,0
rx,110,110,1,1,1787953734798470113,1787953734798310094,5311883278185,0,0,0,0
tx,110,110,1,1,1787953734798473576,1787953734798310094,5311883281759,5311883292870,72,0,0
rx,111,111,1,1,1787953734799574798,1787953734799439279,5311884382870,0,0,0,0
tx,111,111,1,1,1787953734799581076,1787953734799439279,5311884389259,5311884400926,72,0,0
rx,112,112,1,1,1787953734895537205,1787953734895260279,5311980345259,0,0,0,0
tx,112,112,1,1,1787953734895542205,1787953734895260279,5311980350389,5311980370389,72,0,0
rx,113,113,1,1,1787953734896671335,1787953734896555650,5311981479407,0,0,0,0
tx,113,113,1,1,1787953734896676890,1787953734896555650,5311981485129,5311981498444,72,0,0
rx,114,114,1,1,1787953734898841538,1787953734897994983,5311983649592,0,0,0,0
tx,114,114,1,1,1787953734898844946,1787953734897994983,5311983653129,5311983664370,72,0,0
rx,115,115,1,1,1787953734901012150,1787953734900149464,5311985820222,0,0,0,0
tx,115,115,1,1,1787953734901015557,1787953734900149464,5311985823740,5311985835685,72,0,0
rx,116,116,1,1,1787953734902111168,1787953734901429224,5311986919240,0,0,0,0
tx,116,116,1,1,1787953734902114612,1787953734901429224,5311986922796,5311986934129,72,0,0
rx,117,117,1,1,1787953734903210594,1787953734902658761,5311988018666,0,0,0,0
tx,117,117,1,1,1787953734903222205,1787953734902658761,5311988030389,5311988041981,72,0,0
rx,118,118,1,1,1787953734904318538,1787953734903889298,5311989126611,0,0,0,0
tx,118,118,1,1,1787953734904324038,1787953734903889298,5311989132500,5311989144389,72,0,0
rx,119,119,1,1,1787953734998068446,1787953734997504724,5312082876518,0,0,0,0
tx,119,119,1,1,1787953734998072946,1787953734997504724,5312082881185,5312082902574,72,0,0
rx,120,120,1,1,1787953734999212001,1787953734998778779,5312084020055,0,0,0,0
tx,120,120,1,1,1787953734999215557,1787953734998778779,5312084023740,5312084036166,72,0,0
rx,121,121,1,1,1787953735000330038,1787953734999963261,5312085138111,0,0,0,0
tx,121,121,1,1,1787953735000333483,1787953734999963261,5312085141666,5312085153185,72,0,0
rx,122,122,1,1,1787953735001429649,1787953735001100594,5312086237722,0,0,0,0
tx,122,122,1,1,1787953735001435687,1787953735001100594,5312086243870,5312086255426,72,0,0
rx,123,123,1,1,1787953735002530964,1787953735002226557,5312087339037,0,0,0,0
tx,123,123,1,1,1787953735002534557,1787953735002226557,5312087342740,5312087354518,72,0,0
rx,124,124,1,1,1787953735003628742,1787953735003373520,5312088436815,0,0,0,0
tx,124,124,1,1,1787953735003632168,1787953735003373520,5312088440463,5312088451926,72,0,0
rx,125,125,1,1,1787953735100694816,1787953735100058686,5312185502889,0,0,0,0
tx,125,125,1,1,1787953735100699316,1787953735100058686,5312185507555,5312185528277,72,0,0
rx,126,126,1,1,1787953735101821464,1787953735101177427,5312186629537,0,0,0,0
tx,126,126,1,1,1787953735101825001,1787953735101177427,5312186633166,5312186644500,72,0,0
rx,127,127,1,1,1787953735102918798,1787953735102284964,5312187726870,0,0,0,0
tx,127,127,1,1,1787953735102922261,1787953735102284964,5312187730444,5312187741907,72,0,0
rx,128,128,1,1,1787953735104017149,1787953735103412131,5312188825222,0,0,0,0
tx,128,128,1,1,1787953735104020816,1787953735103412131,5312188829000,5312188840889,72,0,0
rx,129,129,1,1,1787953735105116761,1787953735104565909,5312189924833,0,0,0,0
tx,129,129,1,1,1787953735105120409,1787953735104565909,5312189928592,5312189939796,72,0,0
rx,130,130,1,1,1787953735106241779,1787953735105685020,5312191049851,0,0,0,0
tx,130,130,1,1,1787953735106246853,1787953735105685020,5312191055037,5312191066981,72,0,0
rx,131,131,1,1,1787953735107342446,1787953735106803057,5312192150518,0,0,0,0
tx,131,131,1,1,1787953735107345835,1787953735106803057,5312192154018,5312192165703,72,0,0
rx,132,132,1,1,1787953735203277112,1787953735202322298,5312288085074,0,0,0,0
tx,132,132,1,1,1787953735203281260,1787953735202322298,5312288089537,5312288109259,72,0,0
rx,133,133,1,1,1787953735204420835,1787953735203502298,5312289228907,0,0,0,0
tx,133,133,1,1,1787953735204424260,1787953735203502298,5312289232444,5312289245277,72,0,0
rx,134,134,1,1,1787953735205542279,1787953735204592353,5312290350351,0,0,0,0
tx,134,134,1,1,1787953735205546094,1787953735204592353,5312290354277,5312290366240,72,0,0
rx,135,135,1,1,1787953735206659223,1787953735205711853,5312291467296,0,0,0,0
tx,135,135,1,1,1787953735206662649,1787953735205711853,5312291470833,5312291482426,72,0,0
rx,136,136,1,1,1787953735207779501,1787953735206828501,5312292587463,0,0,0,0
tx,136,136,1,1,1787953735207782946,1787953735206828501,5312292591129,5312292602481,72,0,0
rx,137,137,1,1,1787953735208911946,1787953735207945964,5312293720018,0,0,0,0
tx,137,137,1,1,1787953735208915372,1787953735207945964,5312293723555,5312293735000,72,0,0
rx,138,138,1,1,1787953735210035223,1787953735209097779,5312294843296,0,0,0,0
tx,138,138,1,1,1787953735210038723,1787953735209097779,5312294846963,5312294858796,72,0,0
rx,139,139,1,1,1787953735304874631,1787953735304673594,5312389682592,0,0,0,0
tx,139,139,1,1,1787953735304879149,1787953735304673594,5312389687333,5312389708000,72,0,0
rx,142,142,1,1,1787953735308133409,1787953735308019538,5312392941370,0,0,0,0
tx,142,142,1,1,1787953735308136983,1787953735308019538,5312392945259,5312392959185,72,0,0
rx,143,143,1,1,1787953735309237334,1787953735309146520,5312394045407,0,0,0,0
tx,143,143,1,1,1787953735309240723,1787953735309146520,5312394048907,5312394059925,72,0,0
rx,144,144,1,1,1787953735310333353,1787953735310261390,5312395141425,0,0,0,0
tx,144,144,1,1,1787953735310336760,1787953735310261390,5312395144944,5312395156092,72,0,0
rx,145,145,1,1,1787953735311438723,1787953735311391649,5312396246796,0,0,0,0
tx,145,145,1,1,1787953735311442168,1787953735311391649,5312396250351,5312396261962,72,0,0
rx,146,146,1,1,1787953735407351760,1787953735407126390,5312492159833,0,0,0,0
tx,146,146,1,1,1787953735407355927,1787953735407126390,5312492164166,5312492184222,72,0,0
rx,147,147,1,1,1787953735408475149,1787953735408246186,5312493283222,0,0,0,0
tx,147,147,1,1,1787953735408478760,1787953735408246186,5312493287055,5312493299074,72,0,0
rx,148,148,1,1,1787953735409572686,1787953735409358816,5312494380777,0,0,0,0
tx,148,148,1,1,1787953735409576205,1787953735409358816,5312494384388,5312494395648,72,0,0
rx,149,149,1,1,1787953735410670631,1787953735410482242,5312495478703,0,0,0,0
tx,149,149,1,1,1787953735410673983,1787953735410482242,5312495482166,5312495493277,72,0,0
rx,150,150,1,1,1787953735411775853,1787953735411635075,5312496583925,0,0,0,0
tx,150,150,1,1,1787953735411781483,1787953735411635075,5312496589666,5312496601351,72,0,0
rx,151,151,1,1,1787953735412876464,1787953735412719427,5312497684518,0,0,0,0
tx,151,151,1,1,1787953735412879890,1787953735412719427,5312497688074,5312497699277,72,0,0
rx,152,152,1,1,1787953735413972408,1787953735413836612,5312498780499,0,0,0,0
tx,152,152,1,1,1787953735413975779,1787953735413836612,5312498783962,5312498794944,72,0,0
rx,153,153,1,1,1787953735509855094,1787953735509478908,5312594663166,0,0,0,0
tx,153,153,1,1,1787953735509859520,1787953735509478908,5312594667703,5312594689036,72,0,0
rx,154,154,1,1,1787953735510982779,1787953735510597149,5312595790851,0,0,0,0
tx,154,154,1,1,1787953735510986779,1787953735510597149,5312595794962,5312595806166,72,0,0
rx,155,155,1,1,1787953735512080538,1787953735511706723,5312596888611,0,0,0,0
tx,155,155,1,1,1787953735512083983,1787953735511706723,5312596892166,5312596903111,72,0,0
rx,156,156,1,1,1787953735513176816,1787953735512826983,5312597984888,0,0,0,0
tx,156,156,1,1,1787953735513180279,1787953735512826983,5312597988462,5312597999351,72,0,0
rx,157,157,1,1,1787953735514272242,1787953735513949908,5312599080314,0,0,0,0
tx,157,157,1,1,1787953735514275742,1787953735513949908,5312599083925,5312599095277,72,0,0
rx,158,158,1,1,1787953735515388445,1787953735515085538,5312600196518,0,0,0,0
tx,158,158,1,1,1787953735515391853,1787953735515085538,5312600200036,5312600211907,72,0,0
rx,159,159,1,1,1787953735612339871,1787953735611928982,5312697147925,0,0,0,0
tx,159,159,1,1,1787953735612344131,1787953735611928982,5312697152370,5312697179999,72,0,0
rx,160,160,1,1,1787953735613472371,1787953735613017853,5312698280444,0,0,0,0
tx,160,160,1,1,1787953735613477538,1787953735613017853,5312698285722,5312698298185,72,0,0
rx,161,161,1,1,1787953735614574149,1787953735614144297,5312699382222,0,0,0,0
tx,161,161,1,1,1787953735614577631,1787953735614144297,5312699385814,5312699397036,72,0,0
rx,162,162,1,1,1787953735615670557,1787953735615289297,5312700478629,0,0,0,0
tx,162,162,1,1,1787953735615674038,1787953735615289297,5312700482222,5312700493796,72,0,0
rx,163,163,1,1,1787953735616768871,1787953735616404982,5312701576944,0,0,0,0
tx,163,163,1,1,1787953735616772260,1787953735616404982,5312701580444,5312701591536,72,0,0
rx,164,164,1,1,1787953735617883131,1787953735617523242,5312702691203,0,0,0,0
tx,164,164,1,1,1787953735617886538,1787953735617523242,5312702694722,5312702705499,72,0,0
rx,165,165,1,1,1787953735618979149,1787953735618641927,5312703787222,0,0,0,0
tx,165,165,1,1,1787953735618982594,1787953735618641927,5312703790777,5312703801777,72,0,0
rx,166,166,1,1,1787953735714881038,1787953735714307723,5312799689110,0,0,0,0
tx,166,166,1,1,1787953735714885723,1787953735714307723,5312799693907,5312799714092,72,0,0
rx,167,167,1,1,1787953735716007242,1787953735715428390,5312800815314,0,0,0,0
tx,167,167,1,1,1787953735716010779,1787953735715428390,5312800818962,5312800830481,72,0,0
rx,168,168,1,1,1787953735717115464,1787953735716551945,5312801923536,0,0,0,0
tx,168,168,1,1,1787953735717118927,1787953735716551945,5312801927184,5312801939296,72,0,0
rx,169,169,1,1,1787953735718228316,1787953735717664982,5312803036314,0,0,0,0
tx,169,169,1,1,1787953735718234982,1787953735717664982,5312803043221,5312803062314,72,0,0
rx,170,170,1,1,1787953735719354945,1787953735718799056,5312804163018,0,0,0,0
tx,170,170,1,1,1787953735719359316,1787953735718799056,5312804167499,5312804183296,72,0,0
rx,171,171,1,1,1787953735720465316,1787953735719894612,5312805273388,0,0,0,0
tx,171,171,1,1,1787953735720468760,1787953735719894612,5312805276944,5312805288499,72,0,0
rx,172,172,1,1,1787953735721562501,1787953735721013982,5312806370573,0,0,0,0
tx,172,172,1,1,1787953735721566001,1787953735721013982,5312806374184,5312806385666,72,0,0
rx,173,173,1,1,1787953735817463575,1787953735816709464,5312902271647,0,0,0,0
tx,173,173,1,1,1787953735817467853,1787953735816709464,5312902276129,5312902297351,72,0,0
rx,174,174,1,1,1787953735818589927,1787953735817854612,5312903397999,0,0,0,0
tx,174,174,1,1,1787953735818593538,1787953735817854612,5312903401721,5312903413962,72,0,0
rx,175,175,1,1,1787953735819709223,1787953735818970668,5312904517296,0,0,0,0
tx,175,175,1,1,1787953735819712630,1787953735818970668,5312904520796,5312904531944,72,0,0
rx,176,176,1,1,1787953735820806668,1787953735820086927,5312905614740,0,0,0,0
tx,176,176,1,1,1787953735820810279,1787953735820086927,5312905618462,5312905629777,72,0,0
rx,177,177,1,1,1787953735821903630,1787953735821211890,5312906711703,0,0,0,0
tx,177,177,1,1,1787953735821907112,1787953735821211890,5312906715296,5312906726592,72,0,0
rx,178,178,1,1,1787953735823001464,1787953735822328649,5312907809536,0,0,0,0
tx,178,178,1,1,1787953735823006593,1787953735822328649,5312907814777,5312907826647,72,0,0
rx,179,179,1,1,1787953735824101797,1787953735823449445,5312908909870,0,0,0,0
tx,179,179,1,1,1787953735824105223,1787953735823449445,5312908913407,5312908924962,72,0,0
rx,180,180,1,1,1787953735920129760,1787953735919126353,5313004937832,0,0,0,0
tx,180,180,1,1,1787953735920134464,1787953735919126353,5313004942684,5313004966092,72,0,0
rx,181,181,1,1,1787953736022457927,1787953736021493704,5313107265962,0,0,0,0
tx,181,181,1,1,1787953736022462853,1787953736021493704,5313107271092,5313107291147,72,0,0
rx,182,182,1,1,1787953736023587871,1787953736022687964,5313108395944,0,0,0,0
tx,182,182,1,1,1787953736023593890,1787953736022687964,5313108402129,5313108414295,72,0,0
rx,183,183,1,1,1787953736024693019,1787953736023847890,5313109501092,0,0,0,0
tx,183,183,1,1,1787953736024696427,1787953736023847890,5313109504610,5313109515832,72,0,0
rx,184,184,1,1,1787953736025791075,1787953736024965297,5313110599147,0,0,0,0
tx,184,184,1,1,1787953736025794704,1787953736024965297,5313110602888,5313110614258,72,0,0
rx,185,185,1,1,1787953736026888834,1787953736026095093,5313111696906,0,0,0,0
tx,185,185,1,1,1787953736026892186,1787953736026095093,5313111700369,5313111711481,72,0,0
rx,186,186,1,1,1787953736027985371,1787953736027207778,5313112793444,0,0,0,0
tx,186,186,1,1,1787953736027988797,1787953736027207778,5313112796981,5313112808129,72,0,0
rx,187,187,1,1,1787953736029082334,1787953736028324778,5313113890406,0,0,0,0
tx,187,187,1,1,1787953736029085816,1787953736028324778,5313113893999,5313113904777,72,0,0
rx,188,188,1,1,1787953736030177649,1787953736029447575,5313114985721,0,0,0,0
tx,188,188,1,1,1787953736030181075,1787953736029447575,5313114989258,5313115000388,72,0,0
rx,189,189,1,1,1787953736031286816,1787953736030572371,5313116094888,0,0,0,0
tx,189,189,1,1,1787953736031292760,1787953736030572371,5313116100944,5313116112666,72,0,0
rx,190,190,1,1,1787953736032393741,1787953736031678853,5313117201814,0,0,0,0
tx,190,190,1,1,1787953736032397297,1787953736031678853,5313117205481,5313117218406,72,0,0
rx,191,191,1,1,1787953736033496723,1787953736032809612,5313118304795,0,0,0,0
tx,191,191,1,1,1787953736033500149,1787953736032809612,5313118308332,5313118319944,72,0,0
rx,192,192,1,1,1787953736034613575,1787953736033925704,5313119421629,0,0,0,0
tx,192,192,1,1,1787953736034616908,1787953736033925704,5313119425110,5313119436388,72,0,0
rx,193,193,1,1,1787953736035710241,1787953736035043834,5313120518314,0,0,0,0
tx,193,193,1,1,1787953736035713741,1787953736035043834,5313120521925,5313120533536,72,0,0
rx,194,194,1,1,1787953736124513482,1787953736124090075,5313209321462,0,0,0,0
tx,194,194,1,1,1787953736124522167,1787953736124090075,5313209330425,5313209365351,72,0,0
rx,195,195,1,1,1787953736125697704,1787953736125464982,5313210505721,0,0,0,0
tx,195,195,1,1,1787953736125705167,1787953736125464982,5313210513425,5313210538221,72,0,0
rx,197,197,1,1,1787953736127975723,1787953736127930649,5313212783703,0,0,0,0
tx,197,197,1,1,1787953736128008353,1787953736127930649,5313212816610,5313212841888,72,0,0
rx,198,198,1,1,1787953736129180204,1787953736129074723,5313213988203,0,0,0,0
tx,198,198,1,1,1787953736129187778,1787953736129074723,5313213996018,5313214021036,72,0,0
rx,199,199,1,1,1787953736131478815,1787953736130517630,5313216286832,0,0,0,0
tx,199,199,1,1,1787953736131486390,1787953736130517630,5313216294629,5313216319166,72,0,0
rx,200,200,1,1,1787953736132639704,1787953736131821945,5313217447703,0,0,0,0
tx,200,200,1,1,1787953736132647390,1787953736131821945,5313217455647,5313217482925,72,0,0
rx,201,0,1,1,1787953736227022649,1787953736226458834,5313311830647,0,0,0,0
tx,201,0,1,1,1787953736227030908,1787953736226458834,5313311839166,5313311873592,72,0,0
rx,202,1,1,1,1787953736228208297,1787953736227652315,5313313016295,0,0,0,0
tx,202,1,1,1,1787953736228215982,1787953736227652315,5313313024240,5313313048906,72,0,0
rx,204,3,1,1,1787953736230445038,1787953736230029001,5313315253055,0,0,0,0
tx,204,3,1,1,1787953736230452371,1787953736230029001,5313315260629,5313315284610,72,0,0
rx,205,4,1,1,1787953736231603204,1787953736231206408,5313316411221,0,0,0,0
tx,205,4,1,1,1787953736231610630,1787953736231206408,5313316418888,5313316443092,72,0,0
rx,206,5,1,1,1787953736232790797,1787953736232416556,5313317598814,0,0,0,0
tx,206,5,1,1,1787953736232803371,1787953736232416556,5313317611629,5313317640406,72,0,0
rx,208,7,1,1,1787953736330434630,1787953736330114019,5313415242629,0,0,0,0
tx,208,7,1,1,1787953736330443445,1787953736330114019,5313415251703,5313415286480,72,0,0
rx,209,8,1,1,1787953736331617223,1787953736331329445,5313416425110,0,0,0,0
tx,209,8,1,1,1787953736331624575,1787953736331329445,5313416432832,5313416458091,72,0,0
rx,210,9,1,1,1787953736332769426,1787953736332574741,5313417577425,0,0,0,0
tx,210,9,1,1,1787953736332776760,1787953736332574741,5313417585017,5313417608925,72,0,0
rx,212,11,1,1,1787953736336178001,1787953736335208223,5313420985999,0,0,0,0
tx,212,11,1,1,1787953736336185371,1787953736335208223,5313420993666,5313421020684,72,0,0
rx,213,12,1,1,1787953736337380445,1787953736336572241,5313422188443,0,0,0,0
tx,213,12,1,1,1787953736337391778,1787953736336572241,5313422200036,5313422225295,72,0,0
rx,214,13,1,1,1787953736431641852,1787953736431351352,5313516449851,0,0,0,0
tx,214,13,1,1,1787953736431650093,1787953736431351352,5313516458369,5313516494666,72,0,0
rx,215,14,1,1,1787953736432853334,1787953736432524723,5313517661332,0,0,0,0
tx,215,14,1,1,1787953736432860778,1787953736432524723,5313517669166,5313517694480,72,0,0
rx,216,15,1,1,1787953736434016871,1787953736433736593,5313518824869,0,0,0,0
tx,216,15,1,1,1787953736434028926,1787953736433736593,5313518837277,5313518865814,72,0,0
rx,217,16,1,1,1787953736436273445,1787953736435642223,5313521081425,0,0,0,0
tx,217,16,1,1,1787953736436280889,1787953736435642223,5313521089147,5313521114425,72,0,0
rx,218,17,1,1,1787953736438578000,1787953736437425352,5313523385980,0,0,0,0
tx,218,17,1,1,1787953736438585852,1787953736437425352,5313523394128,5313523419054,72,0,0
rx,219,18,1,1,1787953736439788741,1787953736438590186,5313524596758,0,0,0,0
tx,219,18,1,1,1787953736439796038,1787953736438590186,5313524604295,5313524628091,72,0,0
rx,220,19,1,1,1787953736440937519,1787953736440142038,5313525745517,0,0,0,0
tx,220,19,1,1,1787953736440944723,1787953736440142038,5313525752980,5313525777758,72,0,0
rx,221,20,1,1,1787953736534200204,1787953736534018037,5313619008221,0,0,0,0
tx,221,20,1,1,1787953736534209074,1787953736534018037,5313619017314,5313619054351,72,0,0
rx,223,22,1,1,1787953736537597852,1787953736536763556,5313622405869,0,0,0,0
tx,223,22,1,1,1787953736537605352,1787953736536763556,5313622413591,5313622438665,72,0,0
rx,224,23,1,1,1787953736538752315,1787953736538066019,5313623560332,0,0,0,0
tx,224,23,1,1,1787953736538763945,1787953736538066019,5313623572184,5313623597702,72,0,0
rx,225,24,1,1,1787953736539911852,1787953736539269778,5313624719869,0,0,0,0
tx,225,24,1,1,1787953736539919278,1787953736539269778,5313624727517,5313624751814,72,0,0
rx,226,25,1,1,1787953736541061834,1787953736540773500,5313625869832,0,0,0,0
tx,226,25,1,1,1787953736541069186,1787953736540773500,5313625877425,5313625900869,72,0,0
rx,227,26,1,1,1787953736542209426,1787953736542001500,5313627017443,0,0,0,0
tx,227,26,1,1,1787953736542217037,1787953736542001500,5313627025277,5313627049110,72,0,0
rx,229,28,1,1,1787953736637610463,1787953736637528463,5313722418443,0,0,0,0
tx,229,28,1,1,1787953736637619574,1787953736637528463,5313722427814,5313722460517,72,0,0
rx,231,30,1,1,1787953736640984537,1787953736640148334,5313725792536,0,0,0,0
tx,231,30,1,1,1787953736640991797,1787953736640148334,5313725800036,5313725825832,72,0,0
rx,232,31,1,1,1787953736642152260,1787953736641394963,5313726960258,0,0,0,0
tx,232,31,1,1,1787953736642159574,1787953736641394963,5313726967832,5313726992239,72,0,0
rx,233,32,1,1,1787953736643329037,1787953736642651093,5313728137036,0,0,0,0
tx,233,32,1,1,1787953736643340760,1787953736642651093,5313728149017,5313728189406,72,0,0
rx,235,34,1,1,1787953736738863815,1787953736738764185,5313823671813,0,0,0,0
tx,235,34,1,1,1787953736738872204,1787953736738764185,5313823680499,5313823715313,72,0,0
rx,236,35,1,1,1787953736740120297,1787953736740046963,5313824928295,0,0,0,0
tx,236,35,1,1,1787953736740132704,1787953736740046963,5313824940962,5313824967110,72,0,0
rx,237,36,1,1,1787953736742431630,1787953736741298871,5313827239628,0,0,0,0
tx,237,36,1,1,1787953736742439185,1787953736741298871,5313827247443,5313827272276,72,0,0
rx,238,37,1,1,1787953736743583130,1787953736742704889,5313828391147,0,0,0,0
tx,238,37,1,1,1787953736743590371,1787953736742704889,5313828398628,5313828422851,72,0,0
rx,239,38,1,1,1787953736744739204,1787953736744176667,5313829547202,0,0,0,0
tx,239,38,1,1,1787953736744746852,1787953736744176667,5313829555091,5313829581813,72,0,0
rx,240,39,1,1,1787953736745895408,1787953736745404334,5313830703425,0,0,0,0
tx,240,39,1,1,1787953736745902852,1787953736745404334,5313830711110,5313830736054,72,0,0
rx,241,40,1,1,1787953736841327352,1787953736841040926,5313926135369,0,0,0,0
tx,241,40,1,1,1787953736841336445,1787953736841040926,5313926144684,5313926183387,72,0,0
rx,242,41,1,1,1787953736842536593,1787953736842448222,5313927344591,0,0,0,0
tx,242,41,1,1,1787953736842544204,1787953736842448222,5313927352462,5313927377054,72,0,0
rx,243,42,1,1,1787953736844821667,1787953736843800630,5313929629665,0,0,0,0
tx,243,42,1,1,1787953736844833722,1787953736843800630,5313929641962,5313929670962,72,0,0
rx,244,43,1,1,1787953736845995519,1787953736845161148,5313930803517,0,0,0,0
tx,244,43,1,1,1787953736846002759,1787953736845161148,5313930811017,5313930835869,72,0,0
rx,245,44,1,1,1787953736847147278,1787953736846698093,5313931955276,0,0,0,0
tx,245,44,1,1,1787953736847154593,1787953736846698093,5313931962832,5313931986999,72,0,0
rx,246,45,1,1,1787953736848340982,1787953736847930797,5313933148980,0,0,0,0
tx,246,45,1,1,1787953736848348185,1787953736847930797,5313933156425,5313933180610,72,0,0
rx,247,46,1,1,1787953736849489278,1787953736849199797,5313934297276,0,0,0,0
tx,247,46,1,1,1787953736849496611,1787953736849199797,5313934304850,5313934328647,72,0,0
rx,248,47,1,1,1787953736944364963,1787953736943424093,5314029172980,0,0,0,0
tx,248,47,1,1,1787953736944374259,1787953736943424093,5314029182536,5314029222424,72,0,0
rx,249,48,1,1,1787953736945578908,1787953736944710352,5314030386869,0,0,0,0
tx,249,48,1,1,1787953736945587593,1787953736944710352,5314030395850,5314030429924,72,0,0
rx,250,49,1,1,1787953736946782574,1787953736946000611,5314031590573,0,0,0,0
tx,250,49,1,1,1787953736946790111,1787953736946000611,5314031598369,5314031624591,72,0,0
rx,251,50,1,1,1787953736947960259,1787953736947349259,5314032768276,0,0,0,0
tx,251,50,1,1,1787953736947968463,1787953736947349259,5314032776702,5314032803850,72,0,0
rx,252,51,1,1,1787953736949249278,1787953736948617963,5314034057276,0,0,0,0
tx,252,51,1,1,1787953736949261704,1787953736948617963,5314034069962,5314034097239,72,0,0
rx,253,52,1,1,1787953736950416500,1787953736950218445,5314035224499,0,0,0,0
tx,253,52,1,1,1787953736950424093,1787953736950218445,5314035232332,5314035256999,72,0,0
rx,254,53,1,1,1787953736952645482,1787953736951800963,5314037453480,0,0,0,0
tx,254,53,1,1,1787953736952652537,1787953736951800963,5314037460776,5314037484924,72,0,0
rx,255,54,1,1,1787953737045948352,1787953737045835945,5314130756350,0,0,0,0
tx,255,54,1,1,1787953737045960685,1787953737045835945,5314130768924,5314130805554,72,0,0
rx,256,55,1,1,1787953737048260722,1787953737048071148,5314133068702,0,0,0,0
tx,256,55,1,1,1787953737048268611,1787953737048071148,5314133076869,5314133104332,72,0,0
rx,257,56,1,1,1787953737050496908,1787953737049551537,5314135304887,0,0,0,0
tx,257,56,1,1,1787953737050504111,1787953737049551537,5314135312369,5314135336147,72,0,0
rx,258,57,1,1,1787953737051642185,1787953737051170945,5314136450184,0,0,0,0
tx,258,57,1,1,1787953737051649574,1787953737051170945,5314136457813,5314136482517,72,0,0
rx,259,58,1,1,1787953737052795796,1787953737052426037,5314137603795,0,0,0,0
tx,259,58,1,1,1787953737052803426,1787953737052426037,5314137611684,5314137637758,72,0,0
rx,260,59,1,1,1787953737053963333,1787953737053707000,5314138771332,0,0,0,0
tx,260,59,1,1,1787953737053974667,1787953737053707000,5314138782924,5314138809258,72,0,0
rx,261,60,1,1,1787953737055123296,1787953737054947389,5314139931313,0,0,0,0
tx,261,60,1,1,1787953737055130741,1787953737054947389,5314139938980,5314139962239,72,0,0
rx,262,61,1,1,1787953737148444963,1787953737148061963,5314233252943,0,0,0,0
tx,262,61,1,1,1787953737148453796,1787953737148061963,5314233262072,5314233301869,72,0,0
rx,263,62,1,1,1787953737149644463,1787953737149158426,5314234452480,0,0,0,0
tx,263,62,1,1,1787953737149660796,1787953737149158426,5314234469035,5314234495424,72,0,0
rx,264,63,1,1,1787953737150813741,1787953737150270926,5314235621739,0,0,0,0
tx,264,63,1,1,1787953737150825407,1787953737150270926,5314235633665,5314235660517,72,0,0
rx,265,64,1,1,1787953737151976222,1787953737151427500,5314236784128,0,0,0,0
tx,265,64,1,1,1787953737151983852,1787953737151427500,5314236792091,5314236816221,72,0,0
rx,266,65,1,1,1787953737153125019,1787953737152521185,5314237933017,0,0,0,0
tx,266,65,1,1,1787953737153132222,1787953737152521185,5314237940461,5314237963591,72,0,0
rx,267,66,1,1,1787953737154267556,1787953737153627667,5314239075554,0,0,0,0
tx,267,66,1,1,1787953737154274833,1787953737153627667,5314239083091,5314239106424,72,0,0
rx,268,67,1,1,1787953737155439611,1787953737154756185,5314240247628,0,0,0,0
tx,268,67,1,1,1787953737155447000,1787953737154756185,5314240255258,5314240279869,72,0,0
rx,269,68,1,1,1787953737250945648,1787953737250424759,5314335753647,0,0,0,0
tx,269,68,1,1,1787953737250954907,1787953737250424759,5314335763147,5314335800424,72,0,0
rx,270,69,1,1,1787953737252135963,1787953737251536389,5314336943961,0,0,0,0
tx,270,69,1,1,1787953737252143167,1787953737251536389,5314336951406,5314336975498,72,0,0
rx,271,70,1,1,1787953737253281148,1787953737252708352,5314338089165,0,0,0,0
tx,271,70,1,1,1787953737253288389,1787953737252708352,5314338096628,5314338119943,72,0,0
rx,272,71,1,1,1787953737254429056,1787953737253865685,5314339237054,0,0,0,0
tx,272,71,1,1,1787953737254436574,1787953737253865685,5314339244832,5314339270406,72,0,0
rx,273,72,1,1,1787953737255586944,1787953737254995278,5314340394961,0,0,0,0
tx,273,72,1,1,1787953737255598389,1787953737254995278,5314340406647,5314340433109,72,0,0
rx,274,73,1,1,1787953737256750370,1787953737256095741,5314341558387,0,0,0,0
tx,274,73,1,1,1787953737256757648,1787953737256095741,5314341565924,5314341589295,72,0,0
rx,275,74,1,1,1787953737257894241,1787953737257206019,5314342702258,0,0,0,0
tx,275,74,1,1,1787953737257901463,1787953737257206019,5314342709721,5314342732665,72,0,0
rx,276,75,1,1,1787953737353301074,1787953737352858426,5314438108739,0,0,0,0
tx,276,75,1,1,1787953737353309926,1787953737352858426,5314438118165,5314438153350,72,0,0
rx,277,76,1,1,1787953737354492685,1787953737354005352,5314439300702,0,0,0,0
tx,277,76,1,1,1787953737354500481,1787953737354005352,5314439308739,5314439333406,72,0,0
rx,278,77,1,1,1787953737355646426,1787953737355110611,5314440454443,0,0,0,0
tx,278,77,1,1,1787953737355653704,1787953737355110611,5314440461943,5314440486072,72,0,0
rx,279,78,1,1,1787953737356798167,1787953737356226315,5314441606165,0,0,0,0
tx,279,78,1,1,1787953737356805444,1787953737356226315,5314441613683,5314441637906,72,0,0
rx,280,79,1,1,1787953737357947537,1787953737357370407,5314442755535,0,0,0,0
tx,280,79,1,1,1787953737357954759,1787953737357370407,5314442762998,5314442785906,72,0,0
rx,281,80,1,1,1787953737359094185,1787953737358464630,5314443902202,0,0,0,0
tx,281,80,1,1,1787953737359101537,1787953737358464630,5314443909776,5314443950646,72,0,0
rx,282,81,1,1,1787953737455640870,1787953737455293722,5314540448702,0,0,0,0
tx,282,81,1,1,1787953737455650592,1787953737455293722,5314540458887,5314540493350,72,0,0
rx,283,82,1,1,1787953737456838704,1787953737456398426,5314541646702,0,0,0,0
tx,283,82,1,1,1787953737456850555,1787953737456398426,5314541658795,5314541687554,72,0,0
rx,284,83,1,1,1787953737458015315,1787953737457504574,5314542823332,0,0,0,0
tx,284,83,1,1,1787953737458023944,1787953737457504574,5314542832183,5314542862628,72,0,0
rx,285,84,1,1,1787953737459183018,1787953737458613500,5314543991035,0,0,0,0
tx,285,84,1,1,1787953737459190259,1787953737458613500,5314543998498,5314544054850,72,0,0
rx,286,85,1,1,1787953737460399389,1787953737459721667,5314545207406,0,0,0,0
tx,286,85,1,1,1787953737460406833,1787953737459721667,5314545215072,5314545238980,72,0,0
rx,287,86,1,1,1787953737461548037,1787953737460843685,5314546356054,0,0,0,0
tx,287,86,1,1,1787953737461555352,1787953737460843685,5314546363609,5314546387035,72,0,0
rx,288,87,1,1,1787953737462694407,1787953737461968592,5314547502406,0,0,0,0
tx,288,87,1,1,1787953737462701778,1787953737461968592,5314547510017,5314547532998,72,0,0
rx,289,88,1,1,1787953737558158129,1787953737557649129,5314642966109,0,0,0,0
tx,289,88,1,1,1787953737558167296,1787953737557649129,5314642975554,5314643010480,72,0,0
rx,290,89,1,1,1787953737559345889,1787953737558817796,5314644153906,0,0,0,0
tx,290,89,1,1,1787953737559353481,1787953737558817796,5314644161720,5314644186202,72,0,0
rx,291,90,1,1,1787953737560512259,1787953737560038407,5314645320257,0,0,0,0
tx,291,90,1,1,1787953737560519722,1787953737560038407,5314645327980,5314645352424,72,0,0
rx,292,91,1,1,1787953737561668537,1787953737561136778,5314646476535,0,0,0,0
tx,292,91,1,1,1787953737561680981,1787953737561136778,5314646489220,5314646517776,72,0,0
rx,293,92,1,1,1787953737562842944,1787953737562448870,5314647650943,0,0,0,0
tx,293,92,1,1,1787953737562851018,1787953737562448870,5314647659257,5314647687128,72,0,0
rx,294,93,1,1,1787953737564005889,1787953737563556963,5314648813906,0,0,0,0
tx,294,93,1,1,1787953737564013518,1787953737563556963,5314648821757,5314648846794,72,0,0
rx,295,94,1,1,1787953737565158722,1787953737564662000,5314649966720,0,0,0,0
tx,295,94,1,1,1787953737565166148,1787953737564662000,5314649974387,5314649997924,72,0,0
rx,296,95,1,1,1787953737660664037,1787953737660209148,5314745471998,0,0,0,0
tx,296,95,1,1,1787953737660672944,1787953737660209148,5314745481183,5314745517683,72,0,0
rx,297,96,1,1,1787953737661852981,1787953737661325907,5314746660980,0,0,0,0
tx,297,96,1,1,1787953737661860611,1787953737661325907,5314746668850,5314746693406,72,0,0
rx,299,98,1,1,1787953737664084907,1787953737663545222,5314748892906,0,0,0,0
tx,299,98,1,1,1787953737664092148,1787953737663545222,5314748900387,5314748924109,72,0,0
rx,300,99,1,1,1787953737665229703,1787953737664692315,5314750037702,0,0,0,0
tx,300,99,1,1,1787953737665237129,1787953737664692315,5314750045368,5314750087572,72,0,0
rx,301,100,1,1,1787953737666423426,1787953737665809426,5314751231331,0,0,0,0
tx,301,100,1,1,1787953737666434778,1787953737665809426,5314751243035,5314751267591,72,0,0
rx,302,101,1,1,1787953737667580074,1787953737666918389,5314752388091,0,0,0,0
tx,302,101,1,1,1787953737667587740,1787953737666918389,5314752396017,5314752420443,72,0,0
rx,303,102,1,1,1787953737762990018,1787953737762542852,5314847798017,0,0,0,0
tx,303,102,1,1,1787953737763002796,1787953737762542852,5314847811072,5314847847480,72,0,0
rx,304,103,1,1,1787953737764210907,1787953737763587889,5314849018905,0,0,0,0
tx,304,103,1,1,1787953737764218277,1787953737763587889,5314849026517,5314849051813,72,0,0
rx,305,104,1,1,1787953737765364926,1787953737764696611,5314850172924,0,0,0,0
tx,305,104,1,1,1787953737765372314,1787953737764696611,5314850180572,5314850203998,72,0,0
rx,306,105,1,1,1787953737766513407,1787953737765810166,5314851321405,0,0,0,0
tx,306,105,1,1,1787953737766520759,1787953737765810166,5314851328998,5314851352646,72,0,0
rx,307,106,1,1,1787953737767661629,1787953737766934574,5314852469646,0,0,0,0
tx,307,106,1,1,1787953737767668944,1787953737766934574,5314852477202,5314852501609,72,0,0
rx,308,107,1,1,1787953737768812240,1787953737768062018,5314853620257,0,0,0,0
tx,308,107,1,1,1787953737768819611,1787953737768062018,5314853627850,5314853650961,72,0,0
rx,309,108,1,1,1787953737769973240,1787953737769247259,5314854781257,0,0,0,0
tx,309,108,1,1,1787953737769980481,1787953737769247259,5314854788739,5314854812813,72,0,0
rx,310,109,1,1,1787953737865473074,1787953737864842203,5314950281072,0,0,0,0
tx,310,109,1,1,1787953737865482111,1787953737864842203,5314950290350,5314950331424,72,0,0
rx,311,110,1,1,1787953737866711777,1787953737865985185,5314951519776,0,0,0,0
tx,311,110,1,1,1787953737866719185,1787953737865985185,5314951527442,5314951563572,72,0,0
rx,312,111,1,1,1787953737867887870,1787953737867113870,5314952695868,0,0,0,0
tx,312,111,1,1,1787953737867899240,1787953737867113870,5314952707479,5314952731868,72,0,0
rx,313,112,1,1,1787953737869087222,1787953737868283037,5314953895239,0,0,0,0
tx,313,112,1,1,1787953737869094463,1787953737868283037,5314953902720,5314953926091,72,0,0
rx,314,113,1,1,1787953737870235166,1787953737869389296,5314955043165,0,0,0,0
tx,314,113,1,1,1787953737870242444,1787953737869389296,5314955050702,5314955075109,72,0,0
rx,315,114,1,1,1787953737967834370,1787953737967257925,5315052642368,0,0,0,0
tx,315,114,1,1,1787953737967843018,1787953737967257925,5315052651257,5315052687424,72,0,0
rx,316,115,1,1,1787953737969023685,1787953737968361425,5315053831702,0,0,0,0
tx,316,115,1,1,1787953737969031296,1787953737968361425,5315053839553,5315053863646,72,0,0
rx,317,116,1,1,1787953737970174018,1787953737969515111,5315054982035,0,0,0,0
tx,317,116,1,1,1787953737970201833,1787953737969515111,5315055010072,5315055033776,72,0,0
rx,318,117,1,1,1787953737971356074,1787953737970731074,5315056164091,0,0,0,0
tx,318,117,1,1,1787953737971363648,1787953737970731074,5315056171887,5315056196072,72,0,0
rx,319,118,1,1,1787953737972510000,1787953737971790203,5315057318016,0,0,0,0
tx,319,118,1,1,1787953737972521111,1787953737971790203,5315057329350,5315057353646,72,0,0
rx,320,119,1,1,1787953737973662833,1787953737972943703,5315058470850,0,0,0,0
tx,320,119,1,1,1787953737973670166,1787953737972943703,5315058478424,5315058501387,72,0,0
rx,321,120,1,1,1787953737974808425,1787953737974055296,5315059616424,0,0,0,0
tx,321,120,1,1,1787953737974815722,1787953737974055296,5315059623961,5315059647220,72,0,0
rx,322,121,1,1,1787953737975999833,1787953737975231574,5315060807831,0,0,0,0
tx,322,121,1,1,1787953737976007037,1787953737975231574,5315060815294,5315060839887,72,0,0
rx,323,122,1,1,1787953738070307962,1787953738069622240,5315155115979,0,0,0,0
tx,323,122,1,1,1787953738070316851,1787953738069622240,5315155125090,5315155159739,72,0,0
rx,324,123,1,1,1787953738071496259,1787953738070762740,5315156304276,0,0,0,0
tx,324,123,1,1,1787953738071503666,1787953738070762740,5315156311905,5315156336331,72,0,0
rx,325,124,1,1,1787953738072647425,1787953738071887611,5315157455424,0,0,0,0
tx,325,124,1,1,1787953738072654833,1787953738071887611,5315157463072,5315157486702,72,0,0
rx,326,125,1,1,1787953738073826222,1787953738073051166,5315158634239,0,0,0,0
tx,326,125,1,1,1787953738073834074,1787953738073051166,5315158642313,5315158666183,72,0,0
rx,327,126,1,1,1787953738074997462,1787953738074211018,5315159805461,0,0,0,0
tx,327,126,1,1,1787953738075004796,1787953738074211018,5315159813035,5315159837146,72,0,0
rx,328,127,1,1,1787953738076205814,1787953738075441611,5315161013720,0,0,0,0
tx,328,127,1,1,1787953738076216944,1787953738075441611,5315161025202,5315161050739,72,0,0
rx,329,128,1,1,1787953738077365851,1787953738076475407,5315162173868,0,0,0,0
tx,329,128,1,1,1787953738077373351,1787953738076475407,5315162181590,5315162205016,72,0,0
rx,330,129,1,1,1787953738172780018,1787953738172052833,5315257588016,0,0,0,0
tx,330,129,1,1,1787953738172792499,1787953738172052833,5315257600757,5315257634627,72,0,0
rx,331,130,1,1,1787953738174011499,1787953738173213777,5315258819498,0,0,0,0
tx,331,130,1,1,1787953738174018888,1787953738173213777,5315258827146,5315258851850,72,0,0
rx,332,131,1,1,1787953738175241648,1787953738174358314,5315260049664,0,0,0,0
tx,332,131,1,1,1787953738175249240,1787953738174358314,5315260057479,5315260082350,72,0,0
rx,333,132,1,1,1787953738176484703,1787953738175533759,5315261292720,0,0,0,0
tx,333,132,1,1,1787953738176492611,1787953738175533759,5315261300850,5315261325424,72,0,0
rx,334,133,1,0,1787953738177672314,1787953738176496907,5315262480331,0,0,0,0
rx,335,134,1,1,1787953738177678074,1787953738177614351,5315262486072,0,0,0,0
tx,335,134,1,1,1787953738177685481,1787953738177614351,5315262493720,5315262517350,72,0,0
rx,336,135,1,1,1787953738178826333,1787953738178732166,5315263634350,0,0,0,0
tx,336,135,1,1,1787953738178833666,1787953738178732166,5315263641905,5315263665368,72,0,0
rx,337,136,1,1,1787953738275412296,1787953738274683573,5315360220276,0,0,0,0
tx,337,136,1,1,1787953738275421018,1787953738274683573,5315360229257,5315360264850,72,0,0
rx,338,137,1,1,1787953738276619703,1787953738275913185,5315361427720,0,0,0,0
tx,338,137,1,1,1787953738276627296,1787953738275913185,5315361435553,5315361460405,72,0,0
rx,339,138,1,1,1787953738277772055,1787953738277171073,5315362580072,0,0,0,0
tx,339,138,1,1,1787953738277783555,1787953738277171073,5315362591794,5315362617127,72,0,0
rx,340,139,1,1,1787953738278950462,1787953738278388314,5315363758479,0,0,0,0
tx,340,139,1,1,1787953738278957851,1787953738278388314,5315363766109,5315363789850,72,0,0
rx,341,140,1,1,1787953738280100110,1787953738279913648,5315364908090,0,0,0,0
tx,341,140,1,1,1787953738280107314,1787953738279913648,5315364915572,5315364939109,72,0,0
rx,342,141,1,1,1787953738281250055,1787953738281147259,5315366058053,0,0,0,0
tx,342,141,1,1,1787953738281257425,1787953738281147259,5315366065664,5315366089405,72,0,0
rx,343,142,1,1,1787953738283483629,1787953738282394536,5315368291646,0,0,0,0
tx,343,142,1,1,1787953738283490777,1787953738282394536,5315368299016,5315368322813,72,0,0
rx,344,143,1,1,1787953738377953277,1787953738376922444,5315462761275,0,0,0,0
tx,344,143,1,1,1787953738377961722,1787953738376922444,5315462769998,5315462804535,72,0,0
rx,345,144,1,1,1787953738379154203,1787953738378250981,5315463962220,0,0,0,0
tx,345,144,1,1,1787953738379161777,1787953738378250981,5315463970016,5315464041924,72,0,0
rx,346,145,1,0,1787953738380476870,1787953738379338536,5315465284868,0,0,0,0
rx,347,146,1,1,1787953738380481999,1787953738380468722,5315465290016,0,0,0,0
tx,347,146,1,1,1787953738380488981,1787953738380468722,5315465297220,5315465338183,72,0,0
rx,348,147,1,1,1787953738381681036,1787953738381661536,5315466489035,0,0,0,0
tx,348,147,1,1,1787953738381688573,1787953738381661536,5315466496831,5315466537312,72,0,0
rx,349,148,1,1,1787953738382856999,1787953738382772388,5315467664998,0,0,0,0
tx,349,148,1,1,1787953738382868222,1787953738382772388,5315467676479,5315467700979,72,0,0
rx,351,150,1,1,1787953738479485166,1787953738479321296,5315564293183,0,0,0,0
tx,351,150,1,1,1787953738479496981,1787953738479321296,5315564305294,5315564340738,72,0,0
rx,352,151,1,1,1787953738480678981,1787953738480423388,5315565486998,0,0,0,0
tx,352,151,1,1,1787953738480686481,1787953738480423388,5315565494720,5315565518387,72,0,0
rx,353,152,1,1,1787953738481827240,1787953738481537203,5315566635257,0,0,0,0
tx,353,152,1,1,1787953738481834555,1787953738481537203,5315566642794,5315566666387,72,0,0
rx,354,153,1,1,1787953738482973888,1787953738482658536,5315567781887,0,0,0,0
tx,354,153,1,1,1787953738482981129,1787953738482658536,5315567789368,5315567812775,72,0,0
rx,355,154,1,1,1787953738484121259,1787953738483777259,5315568929275,0,0,0,0
tx,355,154,1,1,1787953738484128666,1787953738483777259,5315568936905,5315568960405,72,0,0
rx,356,155,1,1,1787953738485269647,1787953738484925073,5315570077646,0,0,0,0
tx,356,155,1,1,1787953738485276925,1787953738484925073,5315570085183,5315570108238,72,0,0
rx,358,157,1,1,1787953738581798018,1787953738581680462,5315666606035,0,0,0,0
tx,358,157,1,1,1787953738581806536,1787953738581680462,5315666614794,5315666649590,72,0,0
rx,359,158,1,1,1787953738582985851,1787953738582794166,5315667793868,0,0,0,0
tx,359,158,1,1,1787953738582993258,1787953738582794166,5315667801516,5315667826905,72,0,0
rx,360,159,1,1,1787953738584184814,1787953738583929240,5315668992812,0,0,0,0
tx,360,159,1,1,1787953738584196647,1787953738583929240,5315669004886,5315669028590,72,0,0
rx,361,160,1,1,1787953738585341851,1787953738585050518,5315670149849,0,0,0,0
tx,361,160,1,1,1787953738585349203,1787953738585050518,5315670157442,5315670181220,72,0,0
rx,362,161,1,1,1787953738586490166,1787953738586163907,5315671298183,0,0,0,0
tx,362,161,1,1,1787953738586497333,1787953738586163907,5315671305572,5315671329127,72,0,0
rx,364,163,1,1,1787953738685271314,1787953738684175351,5315770079331,0,0,0,0
tx,364,163,1,1,1787953738685280499,1787953738684175351,5315770088757,5315770183923,72,0,0
rx,365,164,1,0,1787953738686595258,1787953738685354481,5315771403275,0,0,0,0
rx,366,165,1,1,1787953738686600629,1787953738686587166,5315771408627,0,0,0,0
tx,366,165,1,1,1787953738686607647,1787953738686587166,5315771415886,5315771456535,72,0,0
rx,367,166,1,1,1787953738689011888,1787953738687851462,5315773819905,0,0,0,0
tx,367,166,1,1,1787953738689023832,1787953738687851462,5315773832072,5315773886294,72,0,0
rx,368,167,1,0,1787953738690252795,1787953738689016499,5315775060812,0,0,0,0
rx,369,168,1,1,1787953738690258351,1787953738690243147,5315775066349,0,0,0,0
tx,369,168,1,1,1787953738690265684,1787953738690243147,5315775073923,5315775119405,72,0,0
rx,370,169,1,1,1787953738692576907,1787953738691770295,5315777384886,0,0,0,0
tx,370,169,1,1,1787953738692584481,1787953738691770295,5315777392720,5315777418775,72,0,0
rx,372,171,1,1,1787953738788013906,1787953738787747184,5315872821886,0,0,0,0
tx,372,171,1,1,1787953738788023425,1787953738787747184,5315872831664,5315872868849,72,0,0
rx,373,172,1,1,1787953738789205018,1787953738788945851,5315874013016,0,0,0,0
tx,373,172,1,1,1787953738789212573,1787953738788945851,5315874020812,5315874044738,72,0,0
rx,374,173,1,1,1787953738790362369,1787953738790196777,5315875170386,0,0,0,0
tx,374,173,1,1,1787953738790370258,1787953738790196777,5315875178516,5315875205720,72,0,0
rx,376,175,1,1,1787953738793753406,1787953738792657277,5315878561405,0,0,0,0
tx,376,175,1,1,1787953738793760962,1787953738792657277,5315878569201,5315878594405,72,0,0
rx,378,177,1,1,1787953738889275962,1787953738889037684,5315974083960,0,0,0,0
tx,378,177,1,1,1787953738889289147,1787953738889037684,5315974097405,5315974136608,72,0,0
rx,380,179,1,1,1787953738891577036,1787953738891461610,5315976385016,0,0,0,0
tx,380,179,1,1,1787953738891585036,1787953738891461610,5315976393294,5315976422127,72,0,0
rx,381,180,1,1,1787953738892740036,1787953738892643480,5315977548053,0,0,0,0
tx,381,180,1,1,1787953738892747536,1787953738892643480,5315977555775,5315977580183,72,0,0
rx,382,181,1,1,1787953738895005832,1787953738894191425,5315979813831,0,0,0,0
tx,382,181,1,1,1787953738895013351,1787953738894191425,5315979821608,5315979846034,72,0,0
rx,383,182,1,1,1787953738896169925,1787953738895427351,5315980977923,0,0,0,0
tx,383,182,1,1,1787953738896177332,1787953738895427351,5315980985590,5315981010238,72,0,0
rx,384,183,1,1,1787953738897385258,1787953738896679666,5315982193275,0,0,0,0
tx,384,183,1,1,1787953738897396443,1787953738896679666,5315982204701,5315982230849,72,0,0
rx,385,184,1,1,1787953738991754629,1787953738991256666,5316076562627,0,0,0,0
tx,385,184,1,1,1787953738991763666,1787953738991256666,5316076571905,5316076609460,72,0,0
rx,388,187,1,1,1787953738995118869,1787953738994628110,5316079926886,0,0,0,0
tx,388,187,1,1,1787953738995126332,1787953738994628110,5316079934590,5316079959479,72,0,0
rx,389,188,1,1,1787953738996272240,1787953738995759017,5316081080238,0,0,0,0
tx,389,188,1,1,1787953738996279684,1787953738995759017,5316081087923,5316081111923,72,0,0
rx,390,189,1,1,1787953738997422184,1787953738996872703,5316082230201,0,0,0,0
tx,390,189,1,1,1787953738997429499,1787953738996872703,5316082237757,5316082261034,72,0,0
rx,391,190,1,1,1787953738998570147,1787953738997995073,5316083378145,0,0,0,0
tx,391,190,1,1,1787953738998577443,1787953738997995073,5316083385701,5316083408627,72,0,0
rx,392,191,1,1,1787953739093944499,1787953739093757295,5316178752516,0,0,0,0
tx,392,191,1,1,1787953739093953332,1787953739093757295,5316178761627,5316178798812,72,0,0
rx,393,192,1,1,1787953739095150388,1787953739095079814,5316179958405,0,0,0,0
tx,393,192,1,1,1787953739095158054,1787953739095079814,5316179966294,5316179990960,72,0,0
rx,394,193,1,1,1787953739096353795,1787953739096297629,5316181161794,0,0,0,0
tx,394,193,1,1,1787953739096361869,1787953739096297629,5316181170108,5316181194960,72,0,0
rx,395,194,1,1,1787953739097581166,1787953739097561906,5316182389182,0,0,0,0
tx,395,194,1,1,1787953739097588462,1787953739097561906,5316182396719,5316182437775,72,0,0
rx,396,195,1,1,1787953739099878258,1787953739098757480,5316184686275,0,0,0,0
tx,396,195,1,1,1787953739099894295,1787953739098757480,5316184702534,5316184794127,72,0,0
rx,397,196,1,1,1787953739101180203,1787953739099997943,5316185988219,0,0,0,0
tx,397,196,1,1,1787953739101188147,1787953739099997943,5316185996534,5316186038571,72,0,0
rx,398,197,1,1,1787953739102352314,1787953739101174869,5316187160331,0,0,0,0
tx,398,197,1,1,1787953739102359499,1787953739101174869,5316187167757,5316187191257,72,0,0
rx,400,199,1,1,1787953739197844684,1787953739197181610,5316282652664,0,0,0,0
tx,400,199,1,1,1787953739197853628,1787953739197181610,5316282661868,5316282698682,72,0,0
rx,401,200,1,1,1787953739199030221,1787953739198305703,5316283838238,0,0,0,0
tx,401,200,1,1,1787953739199037647,1787953739198305703,5316283845886,5316283870108,72,0,0
rx,402,0,1,1,1787953739200180147,1787953739199455388,5316284988164,0,0,0,0
tx,402,0,1,1,1787953739200187814,1787953739199455388,5316284996071,5316285020256,72,0,0
rx,403,1,1,1,1787953739201332110,1787953739200572128,5316286140127,0,0,0,0
tx,403,1,1,1,1787953739201339758,1787953739200572128,5316286147997,5316286171627,72,0,0
rx,404,2,1,1,1787953739202547943,1787953739201754091,5316287355942,0,0,0,0
tx,404,2,1,1,1787953739202555332,1787953739201754091,5316287363571,5316287387997,72,0,0
rx,405,3,1,1,1787953739299119369,1787953739298470665,5316383927368,0,0,0,0
tx,405,3,1,1,1787953739299128184,1787953739298470665,5316383936627,5316383973053,72,0,0
rx,406,4,1,0,1787953739301527740,1787953739299623906,5316386335738,0,0,0,0
rx,407,5,1,1,1787953739301535351,1787953739300721165,5316386343349,0,0,0,0
tx,407,5,1,1,1787953739301548684,1787953739300721165,5316386356942,5316386393145,72,0,0
rx,408,6,1,1,1787953739302729554,1787953739301859610,5316387537534,0,0,0,0
tx,408,6,1,1,1787953739302736962,1787953739301859610,5316387545219,5316387570627,72,0,0
rx,409,7,1,1,1787953739303882684,1787953739302977999,5316388690682,0,0,0,0
tx,409,7,1,1,1787953739303911221,1787953739302977999,5316388719479,5316388745553,72,0,0
rx,410,8,1,1,1787953739305058165,1787953739304094054,5316389866164,0,0,0,0
tx,410,8,1,1,1787953739305065499,1787953739304094054,5316389873756,5316389897905,72,0,0
rx,411,9,1,1,1787953739306202888,1787953739305215777,5316391010886,0,0,0,0
tx,411,9,1,1,1787953739306210277,1787953739305215777,5316391018516,5316391041368,72,0,0
rx,412,10,1,1,1787953739401148462,1787953739400989091,5316485956442,0,0,0,0
tx,412,10,1,1,1787953739401157147,1787953739400989091,5316485965479,5316486004404,72,0,0
rx,413,11,1,1,1787953739402342258,1787953739402220239,5316487150256,0,0,0,0
tx,413,11,1,1,1787953739402349610,1787953739402220239,5316487157849,5316487181886,72,0,0
rx,414,12,1,1,1787953739404567536,1787953739403543758,5316489375516,0,0,0,0
tx,414,12,1,1,1787953739404575147,1787953739403543758,5316489383404,5316489409423,72,0,0
rx,415,13,1,1,1787953739405721258,1787953739404757647,5316490529275,0,0,0,0
tx,415,13,1,1,1787953739405732462,1787953739404757647,5316490540719,5316490564516,72,0,0
rx,416,14,1,1,1787953739406870017,1787953739405993517,5316491678016,0,0,0,0
tx,416,14,1,1,1787953739406877054,1787953739405993517,5316491685312,5316491708923,72,0,0
rx,417,15,1,1,1787953739408012499,1787953739407566888,5316492820460,0,0,0,0
tx,417,15,1,1,1787953739408019795,1787953739407566888,5316492828127,5316492851812,72,0,0
rx,418,16,1,1,1787953739409157054,1787953739408817054,5316493965071,0,0,0,0
tx,418,16,1,1,1787953739409164295,1787953739408817054,5316493972553,5316493995497,72,0,0
rx,419,17,1,1,1787953739503873369,1787953739503556369,5316588681349,0,0,0,0
tx,419,17,1,1,1787953739503882276,1787953739503556369,5316588690627,5316588730423,72,0,0
rx,420,18,1,1,1787953739505066980,1787953739504829962,5316589874978,0,0,0,0
tx,420,18,1,1,1787953739505074480,1787953739504829962,5316589882738,5316589906571,72,0,0
rx,421,19,1,1,1787953739506213443,1787953739506073610,5316591021460,0,0,0,0
tx,421,19,1,1,1787953739506220591,1787953739506073610,5316591028830,5316591051923,72,0,0
rx,422,20,1,1,1787953739508437036,1787953739507345202,5316593245016,0,0,0,0
tx,422,20,1,1,1787953739508444332,1787953739507345202,5316593252571,5316593277830,72,0,0
rx,423,21,1,1,1787953739509633313,1787953739508699128,5316594441312,0,0,0,0
tx,423,21,1,1,1787953739509645369,1787953739508699128,5316594453608,5316594478664,72,0,0
rx,424,22,1,1,1787953739510786888,1787953739509894073,5316595594904,0,0,0,0
tx,424,22,1,1,1787953739510794202,1787953739509894073,5316595602460,5316595625404,72,0,0
rx,425,23,1,1,1787953739511930258,1787953739511137702,5316596738256,0,0,0,0
tx,425,23,1,1,1787953739511937628,1787953739511137702,5316596745867,5316596769738,72,0,0
rx,426,24,1,1,1787953739606731536,1787953739605693165,5316691539534,0,0,0,0
tx,426,24,1,1,1787953739606743850,1787953739605693165,5316691552201,5316691588756,72,0,0
rx,427,25,1,0,1787953739607926850,1787953739606766406,5316692734849,0,0,0,0
rx,428,26,1,1,1787953739607932350,1787953739607871147,5316692740367,0,0,0,0
tx,428,26,1,1,1787953739607939387,1787953739607871147,5316692747627,5316692772386,72,0,0
rx,429,27,1,1,1787953739609082739,1787953739608985313,5316693890756,0,0,0,0
tx,429,27,1,1,1787953739609090073,1787953739608985313,5316693898312,5316693921553,72,0,0
rx,430,28,1,1,1787953739610227165,1787953739610103017,5316695035182,0,0,0,0
tx,430,28,1,1,1787953739610234276,1787953739610103017,5316695042515,5316695065460,72,0,0
rx,431,29,1,1,1787953739611370036,1787953739611228425,5316696178053,0,0,0,0
tx,431,29,1,1,1787953739611377165,1787953739611228425,5316696185404,5316696209941,72,0,0
rx,432,30,1,1,1787953739612515406,1787953739612345536,5316697323404,0,0,0,0
tx,432,30,1,1,1787953739612522462,1787953739612345536,5316697330701,5316697355015,72,0,0
rx,433,31,1,1,1787953739709266684,1787953739708267239,5316794074571,0,0,0,0
tx,433,31,1,1,1787953739709275295,1787953739708267239,5316794083534,5316794122145,72,0,0
rx,434,32,1,1,1787953739710467591,1787953739709679758,5316795275571,0,0,0,0
tx,434,32,1,1,1787953739710478850,1787953739709679758,5316795287108,5316795313127,72,0,0
rx,435,33,1,1,1787953739711629036,1787953739710965980,5316796437034,0,0,0,0
tx,435,33,1,1,1787953739711636313,1787953739710965980,5316796444571,5316796471034,72,0,0
rx,436,34,1,1,1787953739712791443,1787953739712309943,5316797599441,0,0,0,0
tx,436,34,1,1,1787953739712798961,1787953739712309943,5316797607219,5316797634738,72,0,0
rx,437,35,1,1,1787953739715040073,1787953739714155850,5316799848089,0,0,0,0
tx,437,35,1,1,1787953739715047387,1787953739714155850,5316799855627,5316799880052,72,0,0
rx,438,36,1,1,1787953739716189147,1787953739715687610,5316800997145,0,0,0,0
tx,438,36,1,1,1787953739716196239,1787953739715687610,5316801004478,5316801029293,72,0,0
rx,439,37,1,1,1787953739811736276,1787953739810746221,5316896544293,0,0,0,0
tx,439,37,1,1,1787953739811745517,1787953739810746221,5316896553756,5316896591515,72,0,0
rx,440,38,1,1,1787953739812926387,1787953739812080424,5316897734386,0,0,0,0
tx,440,38,1,1,1787953739812933647,1787953739812080424,5316897741904,5316897766923,72,0,0
rx,441,39,1,1,1787953739814104276,1787953739813416813,5316898912293,0,0,0,0
tx,441,39,1,1,1787953739814111924,1787953739813416813,5316898920182,5316898945775,72,0,0
rx,442,40,1,1,1787953739815282850,1787953739814751295,5316900090849,0,0,0,0
tx,442,40,1,1,1787953739815295628,1787953739814751295,5316900103886,5316900132867,72,0,0
rx,443,41,1,1,1787953739816455924,1787953739816059739,5316901263923,0,0,0,0
tx,443,41,1,1,1787953739816463461,1787953739816059739,5316901271701,5316901296923,72,0,0
rx,444,42,1,1,1787953739818695554,1787953739817667128,5316903503552,0,0,0,0
tx,444,42,1,1,1787953739818702887,1787953739817667128,5316903511126,5316903535552,72,0,0
rx,445,43,1,1,1787953739819852091,1787953739818985480,5316904660108,0,0,0,0
tx,445,43,1,1,1787953739819859610,1787953739818985480,5316904667849,5316904695238,72,0,0
rx,446,44,1,1,1787953739913623184,1787953739913094647,5316998431163,0,0,0,0
tx,446,44,1,1,1787953739913631832,1787953739913094647,5316998440089,5316998481275,72,0,0
rx,447,45,1,1,1787953739914824998,1787953739914608647,5316999632997,0,0,0,0
tx,447,45,1,1,1787953739914832202,1787953739914608647,5316999640460,5316999665349,72,0,0
rx,448,46,1,1,1787953739916050295,1787953739915925684,5317000858256,0,0,0,0
tx,448,46,1,1,1787953739916059943,1787953739915925684,5317000868200,5317000895034,72,0,0
rx,449,47,1,1,1787953739918296998,1787953739917280147,5317003104978,0,0,0,0
tx,449,47,1,1,1787953739918304091,1787953739917280147,5317003112330,5317003137978,72,0,0
rx,450,48,1,1,1787953739919452684,1787953739918691813,5317004260682,0,0,0,0
tx,450,48,1,1,1787953739919460369,1787953739918691813,5317004268626,5317004294997,72,0,0
rx,451,49,1,1,1787953739920613702,1787953739920077739,5317005421700,0,0,0,0
tx,451,49,1,1,1787953739920625591,1787953739920077739,5317005433849,5317005459145,72,0,0
rx,452,50,1,1,1787953739921777961,1787953739921338832,5317006585960,0,0,0,0
tx,452,50,1,1,1787953739921785554,1787953739921338832,5317006593812,5317006620552,72,0,0
rx,453,51,1,1,1787953740016207906,1787953740015331813,5317101015904,0,0,0,0
tx,453,51,1,1,1787953740016216109,1787953740015331813,5317101024478,5317101068312,72,0,0
rx,454,52,1,1,1787953740017448609,1787953740016506961,5317102256626,0,0,0,0
tx,454,52,1,1,1787953740017460369,1787953740016506961,5317102268663,5317102295052,72,0,0
rx,455,53,1,0,1787953740018722702,1787953740017524406,5317103530700,0,0,0,0
rx,456,54,1,1,1787953740018728313,1787953740018620461,5317103536312,0,0,0,0
tx,456,54,1,1,1787953740018735628,1787953740018620461,5317103543867,5317103571015,72,0,0
rx,457,55,1,1,1787953740019888184,1787953740019730424,5317104696182,0,0,0,0
tx,457,55,1,1,1787953740019895572,1787953740019730424,5317104703812,5317104728978,72,0,0
rx,458,56,1,1,1787953740021040998,1787953740020841776,5317105848978,0,0,0,0
tx,458,56,1,1,1787953740021048332,1787953740020841776,5317105856589,5317105880163,72,0,0
rx,459,57,1,1,1787953740022213591,1787953740021961591,5317107021589,0,0,0,0
tx,459,57,1,1,1787953740022220813,1787953740021961591,5317107029052,5317107053145,72,0,0
rx,460,58,1,1,1787953740117829646,1787953740117733461,5317202637663,0,0,0,0
tx,460,58,1,1,1787953740117839072,1787953740117733461,5317202647460,5317202685330,72,0,0
rx,461,59,1,1,1787953740119024702,1787953740118848646,5317203832700,0,0,0,0
tx,461,59,1,1,1787953740119032183,1787953740118848646,5317203840423,5317203866293,72,0,0
rx,462,60,1,1,1787953740120185443,1787953740119974443,5317204993460,0,0,0,0
tx,462,60,1,1,1787953740120192961,1787953740119974443,5317205001219,5317205029737,72,0,0
rx,463,61,1,1,1787953740221134943,1787953740220226054,5317305942941,0,0,0,0
tx,463,61,1,1,1787953740221143498,1787953740220226054,5317305951904,5317305996108,72,0,0
rx,464,62,1,1,1787953740222358906,1787953740221436443,5317307166923,0,0,0,0
tx,464,62,1,1,1787953740222366109,1787953740221436443,5317307174367,5317307199182,72,0,0
rx,465,63,1,0,1787953740223637017,1787953740222441498,5317308445015,0,0,0,0
rx,466,64,1,1,1787953740223643146,1787953740223561406,5317308451145,0,0,0,0
tx,466,64,1,1,1787953740223650295,1787953740223561406,5317308458534,5317308483385,72,0,0
rx,467,65,1,1,1787953740224807813,1787953740224710146,5317309615811,0,0,0,0
tx,467,65,1,1,1787953740224815017,1787953740224710146,5317309623274,5317309648052,72,0,0
rx,468,66,1,1,1787953740225970795,1787953740225795220,5317310778811,0,0,0,0
tx,468,66,1,1,1787953740225981795,1787953740225795220,5317310790052,5317310814923,72,0,0
rx,469,67,1,1,1787953740227129980,1787953740226925165,5317311937978,0,0,0,0
tx,469,67,1,1,1787953740227137795,1787953740226925165,5317311946052,5317311972552,72,0,0
rx,470,68,1,1,1787953740228323424,1787953740228037591,5317313131423,0,0,0,0
tx,470,68,1,1,1787953740228330591,1787953740228037591,5317313138848,5317313163478,72,0,0
rx,471,69,1,1,1787953740229473017,1787953740229145072,5317314281034,0,0,0,0
tx,471,69,1,1,1787953740229480128,1787953740229145072,5317314288385,5317314312774,72,0,0
rx,472,70,1,1,1787953740230620646,1787953740230270665,5317315428645,0,0,0,0
tx,472,70,1,1,1787953740230627572,1787953740230270665,5317315435830,5317315459700,72,0,0
rx,473,71,1,1,1787953740231772332,1787953740231425924,5317316580330,0,0,0,0
tx,473,71,1,1,1787953740231779850,1787953740231425924,5317316588108,5317316614126,72,0,0
rx,474,72,1,1,1787953740323020109,1787953740322560906,5317407828052,0,0,0,0
tx,474,72,1,1,1787953740323032257,1787953740322560906,5317407840515,5317407876145,72,0,0
rx,475,73,1,1,1787953740324231480,1787953740323594165,5317409039478,0,0,0,0
tx,475,73,1,1,1787953740324239072,1787953740323594165,5317409047311,5317409072571,72,0,0
rx,476,74,1,1,1787953740325384461,1787953740324714369,5317410192478,0,0,0,0
tx,476,74,1,1,1787953740325391628,1787953740324714369,5317410199885,5317410224404,72,0,0
rx,477,75,1,1,1787953740326554831,1787953740325828535,5317411362830,0,0,0,0
tx,477,75,1,1,1787953740326562109,1787953740325828535,5317411370367,5317411394515,72,0,0
rx,478,76,1,1,1787953740327702943,1787953740326953517,5317412510959,0,0,0,0
tx,478,76,1,1,1787953740327710294,1787953740326953517,5317412518534,5317412542441,72,0,0
rx,479,77,1,1,1787953740328871202,1787953740328095961,5317413679200,0,0,0,0
tx,479,77,1,1,1787953740328878683,1787953740328095961,5317413686922,5317413713774,72,0,0
rx,480,78,1,1,1787953740425590980,1787953740425014406,5317510398996,0,0,0,0
tx,480,78,1,1,1787953740425599609,1787953740425014406,5317510407848,5317510450996,72,0,0
rx,481,79,1,1,1787953740426794091,1787953740426308054,5317511602089,0,0,0,0
tx,481,79,1,1,1787953740426801813,1787953740426308054,5317511610071,5317511636941,72,0,0
rx,482,80,1,1,1787953740427960720,1787953740427496980,5317512768737,0,0,0,0
tx,482,80,1,1,1787953740427971683,1787953740427496980,5317512779922,5317512805108,72,0,0
rx,483,81,1,1,1787953740429116220,1787953740428758924,5317513924219,0,0,0,0
tx,483,81,1,1,1787953740429123368,1787953740428758924,5317513931608,5317513955256,72,0,0
rx,484,82,1,1,1787953740430271294,1787953740430010868,5317515079293,0,0,0,0
tx,484,82,1,1,1787953740430279461,1787953740430010868,5317515087719,5317515114330,72,0,0
rx,485,83,1,1,1787953740431427924,1787953740431221868,5317516235922,0,0,0,0
tx,485,83,1,1,1787953740431435109,1787953740431221868,5317516243367,5317516267515,72,0,0
rx,486,84,1,1,1787953740433717794,1787953740432725054,5317518525793,0,0,0,0
tx,486,84,1,1,1787953740433725257,1787953740432725054,5317518533515,5317518558293,72,0,0
rx,487,85,1,1,1787953740528173368,1787953740527304424,5317612981367,0,0,0,0
tx,487,85,1,1,1787953740528181980,1787953740527304424,5317612990348,5317613037533,72,0,0
rx,488,86,1,1,1787953740529429831,1787953740528476776,5317614237811,0,0,0,0
tx,488,86,1,1,1787953740529438313,1787953740528476776,5317614246552,5317614271256,72,0,0
rx,489,87,1,1,1787953740530587035,1787953740529525609,5317615395052,0,0,0,0
tx,489,87,1,1,1787953740530594628,1787953740529525609,5317615402885,5317615427756,72,0,0
rx,490,88,1,0,1787953740531906220,1787953740530656924,5317616714237,0,0,0,0
rx,491,89,1,1,1787953740531911794,1787953740531795035,5317616719793,0,0,0,0
tx,491,89,1,1,1787953740531951202,1787953740531795035,5317616759459,5317616788163,72,0,0
rx,492,90,1,1,1787953740533108146,1787953740532881739,5317617916163,0,0,0,0
tx,492,90,1,1,1787953740533115368,1787953740532881739,5317617923626,5317617947589,72,0,0
rx,493,91,1,1,1787953740534271572,1787953740534186591,5317619079589,0,0,0,0
tx,493,91,1,1,1787953740534278720,1787953740534186591,5317619086978,5317619110645,72,0,0
rx,494,92,1,1,1787953740629853331,1787953740629759091,5317714661330,0,0,0,0
tx,494,92,1,1,1787953740629863091,1787953740629759091,5317714671348,5317714709163,72,0,0
rx,495,93,1,1,1787953740631074146,1787953740630892091,5317715882144,0,0,0,0
tx,495,93,1,1,1787953740631081516,1787953740630892091,5317715889756,5317715914756,72,0,0
rx,497,95,1,1,1787953740633315961,1787953740633125794,5317718123959,0,0,0,0
tx,497,95,1,1,1787953740633323554,1787953740633125794,5317718131811,5317718159070,72,0,0
rx,498,96,1,1,1787953740634473461,1787953740634242091,5317719281459,0,0,0,0
tx,498,96,1,1,1787953740634480683,1787953740634242091,5317719288922,5317719313404,72,0,0
rx,499,97,1,1,1787953740635622868,1787953740635430665,5317720430867,0,0,0,0
tx,499,97,1,1,1787953740635630016,1787953740635430665,5317720438256,5317720462996,72,0,0
rx,500,98,1,1,1787953740636774498,1787953740636502479,5317721582515,0,0,0,0
tx,500,98,1,1,1787953740636785572,1787953740636502479,5317721593830,5317721618404,72,0,0
rx,501,99,1,1,1787953740732281961,1787953740732163794,5317817089941,0,0,0,0
tx,501,99,1,1,1787953740732290757,1787953740732163794,5317817099015,5317817135978,72,0,0
rx,502,100,1,1,1787953740733475572,1787953740733221572,5317818283570,0,0,0,0
tx,502,100,1,1,1787953740733486331,1787953740733221572,5317818294589,5317818320478,72,0,0
rx,503,101,1,1,1787953740734640257,1787953740734383424,5317819448256,0,0,0,0
tx,503,101,1,1,1787953740734647665,1787953740734383424,5317819455922,5317819483996,72,0,0
rx,504,102,1,1,1787953740735799405,1787953740735526998,5317820607422,0,0,0,0
tx,504,102,1,1,1787953740735806887,1787953740735526998,5317820615126,5317820640626,72,0,0
rx,505,103,1,1,1787953740736952942,1787953740736665628,5317821760959,0,0,0,0
tx,505,103,1,1,1787953740736960035,1787953740736665628,5317821768293,5317821792311,72,0,0
rx,506,104,1,1,1787953740738101535,1787953740737785183,5317822909552,0,0,0,0
tx,506,104,1,1,1787953740738108739,1787953740737785183,5317822916978,5317822940885,72,0,0
rx,507,105,1,1,1787953740739250998,1787953740738907979,5317824059015,0,0,0,0
tx,507,105,1,1,1787953740739258313,1787953740738907979,5317824066552,5317824091700,72,0,0
rx,508,106,1,1,1787953740834756109,1787953740834498313,5317919564126,0,0,0,0
tx,508,106,1,1,1787953740834781127,1787953740834498313,5317919589367,5317919627237,72,0,0
rx,509,107,1,1,1787953740835962294,1787953740835605572,5317920770293,0,0,0,0
tx,509,107,1,1,1787953740835969776,1787953740835605572,5317920778015,5317920802218,72,0,0
rx,510,108,1,1,1787953740837118813,1787953740836759702,5317921926811,0,0,0,0
tx,510,108,1,1,1787953740837126368,1787953740836759702,5317921934626,5317921962348,72,0,0
rx,511,109,1,1,1787953740838285757,1787953740837859313,5317923093755,0,0,0,0
tx,511,109,1,1,1787953740838298702,1787953740837859313,5317923106996,5317923137200,72,0,0
rx,512,110,1,1,1787953740839460368,1787953740838996665,5317924268385,0,0,0,0
tx,512,110,1,1,1787953740839468350,1787953740838996665,5317924276589,5317924305144,72,0,0
rx,513,111,1,1,1787953740840621165,1787953740840079887,5317925429144,0,0,0,0
tx,513,111,1,1,1787953740840628461,1787953740840079887,5317925436755,5317925460552,72,0,0
rx,514,112,1,1,1787953740841801553,1787953740841223276,5317926609533,0,0,0,0
tx,514,112,1,1,1787953740841809053,1787953740841223276,5317926617311,5317926644830,72,0,0
rx,515,113,1,1,1787953740937592553,1787953740936880405,5318022400552,0,0,0,0
tx,515,113,1,1,1787953740937601405,1787953740936880405,5318022409663,5318022450181,72,0,0
rx,516,114,1,1,1787953740938793350,1787953740937998757,5318023601367,0,0,0,0
tx,516,114,1,1,1787953740938800461,1787953740937998757,5318023608700,5318023633737,72,0,0
rx,517,115,1,1,1787953740939953646,1787953740939099776,5318024761663,0,0,0,0
tx,517,115,1,1,1787953740939960961,1787953740939099776,5318024769218,5318024796829,72,0,0
rx,518,116,1,1,1787953740941113257,1787953740940238572,5318025921274,0,0,0,0
tx,518,116,1,1,1787953740941120664,1787953740940238572,5318025928922,5318025954015,72,0,0
rx,519,117,1,1,1787953740942270794,1787953740941378794,5318027078811,0,0,0,0
tx,519,117,1,1,1787953740942282164,1787953740941378794,5318027090422,5318027117015,72,0,0
rx,520,118,1,1,1787953740943443479,1787953740942553998,5318028251478,0,0,0,0
tx,520,118,1,1,1787953740943452183,1787953740942553998,5318028260478,5318028292200,72,0,0
rx,521,119,1,1,1787953741040048053,1787953741039325183,5318124856033,0,0,0,0
tx,521,119,1,1,1787953741040057257,1787953741039325183,5318124865496,5318124903515,72,0,0
rx,522,120,1,1,1787953741041246868,1787953741040457035,5318126054866,0,0,0,0
tx,522,120,1,1,1787953741041254146,1787953741040457035,5318126062385,5318126090070,72,0,0
rx,523,121,1,1,1787953741042403424,1787953741041682442,5318127211422,0,0,0,0
tx,523,121,1,1,1787953741042410646,1787953741041682442,5318127218904,5318127243644,72,0,0
rx,525,123,1,1,1787953741044636201,1787953741043907683,5318129444200,0,0,0,0
tx,525,123,1,1,1787953741044643387,1787953741043907683,5318129451644,5318129475996,72,0,0
rx,527,125,1,1,1787953741046912794,1787953741046275535,5318131720811,0,0,0,0
tx,527,125,1,1,1787953741046955276,1787953741046275535,5318131763533,5318131791978,72,0,0
rx,528,126,1,1,1787953741142488998,1787953741141749275,5318227296996,0,0,0,0
tx,528,126,1,1,1787953741142497053,1787953741141749275,5318227305311,5318227341626,72,0,0
rx,529,127,1,1,1787953741143686998,1787953741142972368,5318228495015,0,0,0,0
tx,529,127,1,1,1787953741143699646,1787953741142972368,5318228507885,5318228536737,72,0,0
rx,530,128,1,1,1787953741144858646,1787953741144028220,5318229666644,0,0,0,0
tx,530,128,1,1,1787953741144865979,1787953741144028220,5318229674237,5318229699607,72,0,0
rx,531,129,1,1,1787953741146013016,1787953741145133442,5318230821015,0,0,0,0
tx,531,129,1,1,1787953741146020183,1787953741145133442,5318230828440,5318230853144,72,0,0
rx,532,130,1,1,1787953741147174572,1787953741146274924,5318231982552,0,0,0,0
tx,532,130,1,1,1787953741147181794,1787953741146274924,5318231990033,5318232048829,72,0,0
rx,533,131,1,1,1787953741148400405,1787953741147435775,5318233208422,0,0,0,0
tx,533,131,1,1,1787953741148408016,1787953741147435775,5318233216311,5318233244589,72,0,0
rx,534,132,1,1,1787953741149561961,1787953741148475164,5318234369978,0,0,0,0
tx,534,132,1,1,1787953741149569238,1787953741148475164,5318234377478,5318234401440,72,0,0
rx,535,133,1,1,1787953741244991535,1787953741244093664,5318329799533,0,0,0,0
tx,535,133,1,1,1787953741244999998,1787953741244093664,5318329808274,5318329846181,72,0,0
rx,536,134,1,1,1787953741246184905,1787953741245181942,5318330992903,0,0,0,0
tx,536,134,1,1,1787953741246192127,1787953741245181942,5318331000385,5318331025329,72,0,0
rx,537,135,1,1,1787953741247336738,1787953741246305257,5318332144737,0,0,0,0
tx,537,135,1,1,1787953741247343961,1787953741246305257,5318332152218,5318332178033,72,0,0
rx,538,136,1,1,1787953741248492924,1787953741247504886,5318333300922,0,0,0,0
tx,538,136,1,1,1787953741248504331,1787953741247504886,5318333312570,5318333337681,72,0,0
rx,539,137,1,1,1787953741249653757,1787953741248557312,5318334461774,0,0,0,0
tx,539,137,1,1,1787953741249661738,1787953741248557312,5318334469977,5318334497329,72,0,0
rx,540,138,1,0,1787953741250816238,1787953741249665553,5318335624237,0,0,0,0
rx,541,139,1,1,1787953741250821961,1787953741250784461,5318335629959,0,0,0,0
tx,541,139,1,1,1787953741250828942,1787953741250784461,5318335637200,5318335661440,72,0,0
rx,542,140,1,1,1787953741347338609,1787953741346504220,5318432146626,0,0,0,0
tx,542,140,1,1,1787953741347346646,1787953741346504220,5318432154885,5318432191996,72,0,0
rx,543,141,1,1,1787953741348552812,1787953741347615109,5318433360811,0,0,0,0
tx,543,141,1,1,1787953741348560164,1787953741347615109,5318433368422,5318433392922,72,0,0
rx,544,142,1,1,1787953741349703257,1787953741348724312,5318434511255,0,0,0,0
tx,544,142,1,1,1787953741349710220,1787953741348724312,5318434518477,5318434541977,72,0,0
rx,545,143,1,1,1787953741350850164,1787953741349840738,5318435658181,0,0,0,0
tx,545,143,1,1,1787953741350857405,1787953741349840738,5318435665644,5318435688829,72,0,0
rx,546,144,1,1,1787953741352006349,1787953741350960331,5318436814366,0,0,0,0
tx,546,144,1,1,1787953741352014201,1787953741350960331,5318436822440,5318436851348,72,0,0
rx,547,145,1,1,1787953741353175386,1787953741352138072,5318437983403,0,0,0,0
tx,547,145,1,1,1787953741353186998,1787953741352138072,5318437995255,5318438019903,72,0,0
rx,548,146,1,1,1787953741354331461,1787953741353206646,5318439139459,0,0,0,0
tx,548,146,1,1,1787953741354338553,1787953741353206646,5318439146811,5318439170311,72,0,0
rx,549,147,1,1,1787953741449846905,1787953741449028257,5318534654903,0,0,0,0
tx,549,147,1,1,1787953741449858794,1787953741449028257,5318534667088,5318534703792,72,0,0
rx,550,148,1,1,1787953741451039294,1787953741450144164,5318535847311,0,0,0,0
tx,550,148,1,1,1787953741451046720,1787953741450144164,5318535854977,5318535878792,72,0,0
rx,551,149,1,1,1787953741452215312,1787953741451506757,5318537023329,0,0,0,0
tx,551,149,1,1,1787953741452222812,1787953741451506757,5318537031051,5318537054885,72,0,0
rx,552,150,1,1,1787953741453374849,1787953741452637942,5318538182848,0,0,0,0
tx,552,150,1,1,1787953741453382516,1787953741452637942,5318538190811,5318538217774,72,0,0
rx,553,151,1,1,1787953741454534275,1787953741453826590,5318539342274,0,0,0,0
tx,553,151,1,1,1787953741454541516,1787953741453826590,5318539349755,5318539373625,72,0,0
rx,554,152,1,1,1787953741455680683,1787953741454978460,5318540488681,0,0,0,0
tx,554,152,1,1,1787953741455687886,1787953741454978460,5318540496125,5318540519866,72,0,0
rx,556,154,1,1,1787953741552197923,1787953741551403997,5318637005922,0,0,0,0
tx,556,154,1,1,1787953741552206590,1787953741551403997,5318637014848,5318637051403,72,0,0
rx,557,155,1,1,1787953741553385220,1787953741552575997,5318638193218,0,0,0,0
tx,557,155,1,1,1787953741553392627,1787953741552575997,5318638200885,5318638225644,72,0,0
rx,558,156,1,1,1787953741554494294,1787953741553791331,5318639302311,0,0,0,0
tx,558,156,1,1,1787953741554505405,1787953741553791331,5318639313662,5318639339162,72,0,0
rx,559,157,1,1,1787953741555658164,1787953741554910479,5318640466162,0,0,0,0
tx,559,157,1,1,1787953741555665849,1787953741554910479,5318640474088,5318640502051,72,0,0
rx,560,158,1,1,1787953741556822016,1787953741556065738,5318641630014,0,0,0,0
tx,560,158,1,1,1787953741556829257,1787953741556065738,5318641637514,5318641662514,72,0,0
rx,561,159,1,1,1787953741557972201,1787953741557219238,5318642780199,0,0,0,0
tx,561,159,1,1,1787953741557979257,1787953741557219238,5318642787514,5318642811366,72,0,0
rx,562,160,1,1,1787953741654605942,1787953741653718664,5318739413959,0,0,0,0
tx,562,160,1,1,1787953741654614034,1787953741653718664,5318739422403,5318739466051,72,0,0
rx,563,161,1,1,1787953741655863775,1787953741654901701,5318740671774,0,0,0,0
tx,563,161,1,1,1787953741655872368,1787953741654901701,5318740680625,5318740706940,72,0,0
rx,564,162,1,1,1787953741657032127,1787953741655961868,5318741840144,0,0,0,0
tx,564,162,1,1,1787953741657039997,1787953741655961868,5318741848255,5318741874699,72,0,0
rx,565,163,1,1,1787953741658203979,1787953741657132701,5318743011996,0,0,0,0
tx,565,163,1,1,1787953741658211442,1787953741657132701,5318743019681,5318743044459,72,0,0
rx,566,164,1,0,1787953741659429516,1787953741658287460,5318744237514,0,0,0,0
rx,567,165,1,1,1787953741659435608,1787953741659345349,5318744243625,0,0,0,0
tx,567,165,1,1,1787953741659447331,1787953741659345349,5318744255588,5318744285144,72,0,0
rx,568,166,1,1,1787953741660606701,1787953741660434090,5318745414718,0,0,0,0
tx,568,166,1,1,1787953741660613794,1787953741660434090,5318745422162,5318745446274,72,0,0
rx,569,167,1,1,1787953741757198868,1787953741756129182,5318842006866,0,0,0,0
tx,569,167,1,1,1787953741757213553,1787953741756129182,5318842021829,5318842056792,72,0,0
rx,570,168,1,0,1787953741758448145,1787953741757354201,5318843256144,0,0,0,0
rx,571,169,1,1,1787953741758453886,1787953741758346220,5318843261885,0,0,0,0
tx,571,169,1,1,1787953741758461145,1787953741758346220,5318843269385,5318843298329,72,0,0
rx,572,170,1,1,1787953741759619997,1787953741759501849,5318844428014,0,0,0,0
tx,572,170,1,1,1787953741759627868,1787953741759501849,5318844436107,5318844464199,72,0,0
rx,573,171,1,1,1787953741760781942,1787953741760571849,5318845589959,0,0,0,0
tx,573,171,1,1,1787953741760789108,1787953741760571849,5318845597348,5318845621218,72,0,0
rx,574,172,1,1,1787953741761930701,1787953741761687664,5318846738699,0,0,0,0
tx,574,172,1,1,1787953741761937812,1787953741761687664,5318846746070,5318846769588,72,0,0
rx,575,173,1,1,1787953741763086664,1787953741762810053,5318847894681,0,0,0,0
tx,575,173,1,1,1787953741763094238,1787953741762810053,5318847902496,5318847930329,72,0,0
rx,576,174,1,1,1787953741859324886,1787953741858955868,5318944132885,0,0,0,0
tx,576,174,1,1,1787953741859335090,1787953741858955868,5318944143329,5318944188662,72,0,0
rx,577,175,1,1,1787953741860592608,1787953741859746886,5318945400625,0,0,0,0
tx,577,175,1,1,1787953741860606719,1787953741859746886,5318945415181,5318945446718,72,0,0
rx,579,177,1,1,1787953741862950182,1787953741861931905,5318947758181,0,0,0,0
tx,579,177,1,1,1787953741862957886,1787953741861931905,5318947766125,5318947791199,72,0,0
rx,580,178,1,0,1787953741864223868,1787953741863029775,5318949031866,0,0,0,0
rx,581,179,1,1,1787953741864229719,1787953741864147497,5318949037736,0,0,0,0
tx,581,179,1,1,1787953741864236886,1787953741864147497,5318949045144,5318949070644,72,0,0
rx,582,180,1,1,1787953741865389497,1787953741865270331,5318950197514,0,0,0,0
tx,582,180,1,1,1787953741865397127,1787953741865270331,5318950205384,5318950231884,72,0,0
rx,583,181,1,1,1787953741961020738,1787953741960902682,5319045828736,0,0,0,0
tx,583,181,1,1,1787953741961029516,1787953741960902682,5319045837773,5319045877829,72,0,0
rx,584,182,1,1,1787953741962227368,1787953741962018108,5319047035384,0,0,0,0
tx,584,182,1,1,1787953741962235145,1787953741962018108,5319047043384,5319047071329,72,0,0
rx,585,183,1,1,1787953741963387331,1787953741963136275,5319048195329,0,0,0,0
tx,585,183,1,1,1787953741963394886,1787953741963136275,5319048203125,5319048228847,72,0,0
rx,586,184,1,1,1787953741964541349,1787953741964319349,5319049349347,0,0,0,0
tx,586,184,1,1,1787953741964555553,1787953741964319349,5319049363810,5319049389773,72,0,0
rx,587,185,1,1,1787953741965699849,1787953741965423997,5319050507866,0,0,0,0
tx,587,185,1,1,1787953741965711349,1787953741965423997,5319050519607,5319050545125,72,0,0
rx,588,186,1,1,1787953741966861701,1787953741966522090,5319051669718,0,0,0,0
tx,588,186,1,1,1787953741966869553,1787953741966522090,5319051677810,5319051704607,72,0,0
rx,589,187,1,1,1787953741968017905,1787953741967639349,5319052825903,0,0,0,0
tx,589,187,1,1,1787953741968025553,1787953741967639349,5319052833792,5319052858940,72,0,0
rx,590,188,1,1,1787953742063571460,1787953742063333405,5319148379458,0,0,0,0
tx,590,188,1,1,1787953742063581219,1787953742063333405,5319148389607,5319148428477,72,0,0
rx,591,189,1,1,1787953742064769108,1787953742064432071,5319149577107,0,0,0,0
tx,591,189,1,1,1787953742064776590,1787953742064432071,5319149584847,5319149610421,72,0,0
rx,592,190,1,1,1787953742067034108,1787953742066229830,5319151842107,0,0,0,0
tx,592,190,1,1,1787953742067041367,1787953742066229830,5319151849625,5319151874236,72,0,0
rx,594,192,1,1,1787953742068192571,1787953742067780479,5319153000570,0,0,0,0
tx,594,192,1,1,1787953742068200330,1787953742067780479,5319153008588,5319153037181,72,0,0
rx,595,193,1,1,1787953742069366645,1787953742068958442,5319154174644,0,0,0,0
tx,595,193,1,1,1787953742069378627,1787953742068958442,5319154186884,5319154212810,72,0,0
rx,596,194,1,1,1787953742166009219,1787953742165768923,5319250817199,0,0,0,0
tx,596,194,1,1,1787953742166021256,1787953742165768923,5319250829514,5319250865477,72,0,0
rx,597,195,1,1,1787953742167239719,1787953742166891719,5319252047736,0,0,0,0
tx,597,195,1,1,1787953742167247330,1787953742166891719,5319252055588,5319252082440,72,0,0
rx,598,196,1,1,1787953742168394590,1787953742168009904,5319253202588,0,0,0,0
tx,598,196,1,1,1787953742168401664,1787953742168009904,5319253209903,5319253234514,72,0,0
rx,599,197,1,1,1787953742169543034,1787953742169122553,5319254351051,0,0,0,0
tx,599,197,1,1,1787953742169550164,1787953742169122553,5319254358403,5319254382440,72,0,0
rx,600,198,1,1,1787953742170697460,1787953742170278460,5319255505477,0,0,0,0
tx,600,198,1,1,1787953742170705071,1787953742170278460,5319255513329,5319255539551,72,0,0
rx,601,199,1,1,1787953742171853553,1787953742171418941,5319256661551,0,0,0,0
tx,601,199,1,1,1787953742171860682,1787953742171418941,5319256668921,5319256693236,72,0,0
rx,602,200,1,1,1787953742173003960,1787953742172506571,5319257811977,0,0,0,0
tx,602,200,1,1,1787953742173010997,1787953742172506571,5319257819255,5319257844069,72,0,0
rx,603,0,1,1,1787953742268481608,1787953742268112441,5319353289606,0,0,0,0
tx,603,0,1,1,1787953742268489886,1787953742268112441,5319353298181,5319353335255,72,0,0
rx,604,1,1,1,1787953742269675330,1787953742269233590,5319354483329,0,0,0,0
tx,604,1,1,1,1787953742269682756,1787953742269233590,5319354491014,5319354516236,72,0,0
rx,605,2,1,1,1787953742270829016,1787953742270406886,5319355637014,0,0,0,0
tx,605,2,1,1,1787953742270840664,1787953742270406886,5319355648903,5319355674162,72,0,0
rx,606,3,1,1,1787953742271994923,1787953742271557775,5319356802921,0,0,0,0
tx,606,3,1,1,1787953742272002478,1787953742271557775,5319356810755,5319356838384,72,0,0
rx,607,4,1,1,1787953742273156775,1787953742272613516,5319357964773,0,0,0,0
tx,607,4,1,1,1787953742273164330,1787953742272613516,5319357972569,5319357998014,72,0,0
rx,608,5,1,1,1787953742274307460,1787953742273713719,5319359115477,0,0,0,0
tx,608,5,1,1,1787953742274314812,1787953742273713719,5319359123051,5319359147051,72,0,0
rx,609,6,1,1,1787953742275476608,1787953742274851127,5319360284606,0,0,0,0
tx,609,6,1,1,1787953742275484053,1787953742274851127,5319360292310,5319360317625,72,0,0
rx,610,7,1,1,1787953742473029608,1787953742472900034,5319557837625,0,0,0,0
tx,610,7,1,1,1787953742473038460,1787953742472900034,5319557846773,5319557883810,72,0,0
rx,611,8,1,1,1787953742474225182,1787953742474020941,5319559033180,0,0,0,0
tx,611,8,1,1,1787953742474261145,1787953742474020941,5319559069403,5319559094347,72,0,0
rx,612,9,1,1,1787953742475413608,1787953742475143312,5319560221606,0,0,0,0
tx,612,9,1,1,1787953742475421127,1787953742475143312,5319560229532,5319560257032,72,0,0
rx,613,10,1,1,1787953742476574867,1787953742476270219,5319561382866,0,0,0,0
tx,613,10,1,1,1787953742476582164,1787953742476270219,5319561390421,5319561414643,72,0,0
rx,614,11,1,1,1787953742477723552,1787953742477411127,5319562531569,0,0,0,0
tx,614,11,1,1,1787953742477730886,1787953742477411127,5319562539143,5319562563180,72,0,0
rx,615,12,1,1,1787953742478913478,1787953742478825701,5319563721477,0,0,0,0
tx,615,12,1,1,1787953742478922071,1787953742478825701,5319563730310,5319563754717,72,0,0
rx,616,13,1,1,1787953742480087089,1787953742479953275,5319564895106,0,0,0,0
tx,616,13,1,1,1787953742480138997,1787953742479953275,5319564947255,5319564978199,72,0,0
rx,617,14,1,1,1787953742481310886,1787953742481076775,5319566118884,0,0,0,0
tx,617,14,1,1,1787953742481318923,1787953742481076775,5319566127162,5319566155588,72,0,0
rx,618,15,1,1,1787953742482471219,1787953742482172108,5319567279236,0,0,0,0
tx,618,15,1,1,1787953742482478830,1787953742482172108,5319567287088,5319567312940,72,0,0
rx,619,16,1,1,1787953742483623219,1787953742483290960,5319568431217,0,0,0,0
tx,619,16,1,1,1787953742483630515,1787953742483290960,5319568438773,5319568463217,72,0,0
rx,620,17,1,1,1787953742484772775,1787953742484399682,5319569580773,0,0,0,0
tx,620,17,1,1,1787953742484780071,1787953742484399682,5319569588329,5319569612143,72,0,0
rx,621,18,1,1,1787953742485939238,1787953742485519812,5319570747236,0,0,0,0
tx,621,18,1,1,1787953742485946978,1787953742485519812,5319570755236,5319570782143,72,0,0
rx,622,19,1,1,1787953742487095552,1787953742486664886,5319571903569,0,0,0,0
tx,622,19,1,1,1787953742487102756,1787953742486664886,5319571911014,5319571935421,72,0,0
rx,623,20,1,1,1787953742488245867,1787953742487816867,5319573053866,0,0,0,0
tx,623,20,1,1,1787953742488257052,1787953742487816867,5319573065310,5319573089995,72,0,0
rx,624,21,1,1,1787953742576089201,1787953742575491849,5319660897217,0,0,0,0
tx,624,21,1,1,1787953742576097793,1787953742575491849,5319660906051,5319660945495,72,0,0
rx,625,22,1,1,1787953742577288552,1787953742576565589,5319662096569,0,0,0,0
tx,625,22,1,1,1787953742577300330,1787953742576565589,5319662108588,5319662135829,72,0,0
rx,626,23,1,1,1787953742578485312,1787953742577684349,5319663293329,0,0,0,0
tx,626,23,1,1,1787953742578492478,1787953742577684349,5319663300736,5319663325162,72,0,0
rx,627,24,1,1,1787953742579638775,1787953742578777108,5319664446791,0,0,0,0
tx,627,24,1,1,1787953742579645904,1787953742578777108,5319664454162,5319664479347,72,0,0
rx,628,25,1,1,1787953742580790571,1787953742579900923,5319665598588,0,0,0,0
tx,628,25,1,1,1787953742580797701,1787953742579900923,5319665605958,5319665629791,72,0,0
rx,629,26,1,1,1787953742581964367,1787953742581051460,5319666764440,0,0,0,0
tx,629,26,1,1,1787953742581972497,1787953742581051460,5319666780736,5319666807273,72,0,0
rx,630,27,1,1,1787953742583121404,1787953742582229386,5319667929403,0,0,0,0
tx,630,27,1,1,1787953742583128830,1787953742582229386,5319667937069,5319667961643,72,0,0
rx,631,28,1,1,1787953742678636330,1787953742677752108,5319763444328,0,0,0,0
tx,631,28,1,1,1787953742678645386,1787953742677752108,5319763453643,5319763498421,72,0,0
rx,632,29,1,1,1787953742679903978,1787953742678944682,5319764711995,0,0,0,0
tx,632,29,1,1,1787953742679912386,1787953742678944682,5319764720643,5319764745532,72,0,0
rx,633,30,1,1,1787953742681059145,1787953742680010256,5319765867088,0,0,0,0
tx,633,30,1,1,1787953742681070404,1787953742680010256,5319765878662,5319765905032,72,0,0
rx,634,31,1,1,1787953742682238089,1787953742681158960,5319767046106,0,0,0,0
tx,634,31,1,1,1787953742682245645,1787953742681158960,5319767053958,5319767082977,72,0,0
rx,635,32,1,0,1787953742683489775,1787953742682336163,5319768297791,0,0,0,0
rx,636,33,1,1,1787953742683495441,1787953742683389923,5319768303440,0,0,0,0
tx,636,33,1,1,1787953742683502960,1787953742683389923,5319768311217,5319768343699,72,0,0
rx,637,34,1,1,1787953742781291756,1787953742780274034,5319866099736,0,0,0,0
tx,637,34,1,1,1787953742781300756,1787953742780274034,5319866108995,5319866147217,72,0,0
rx,638,35,1,1,1787953742782575237,1787953742781368293,5319867383254,0,0,0,0
tx,638,35,1,1,1787953742782582700,1787953742781368293,5319867390958,5319867415310,72,0,0
rx,640,37,1,1,1787953742783688386,1787953742783596589,5319868496384,0,0,0,0
tx,640,37,1,1,1787953742783695682,1787953742783596589,5319868503940,5319868528051,72,0,0
rx,641,38,1,1,1787953742784858534,1787953742784754163,5319869666551,0,0,0,0
tx,641,38,1,1,1787953742784865941,1787953742784754163,5319869674199,5319869700106,72,0,0
rx,642,39,1,1,1787953742786018182,1787953742785899515,5319870826180,0,0,0,0
tx,642,39,1,1,1787953742786061626,1787953742785899515,5319870869865,5319870895569,72,0,0
rx,643,40,1,1,1787953742787235849,1787953742786968386,5319872043847,0,0,0,0
tx,643,40,1,1,1787953742787243349,1787953742786968386,5319872051606,5319872076440,72,0,0
rx,644,41,1,1,1787953742883265293,1787953742882554663,5319968073291,0,0,0,0
tx,644,41,1,1,1787953742883278848,1787953742882554663,5319968087106,5319968128014,72,0,0
rx,645,42,1,1,1787953742884525960,1787953742883659997,5319969333958,0,0,0,0
tx,645,42,1,1,1787953742884534571,1787953742883659997,5319969342921,5319969372551,72,0,0
rx,646,43,1,1,1787953742885702034,1787953742884805608,5319970510051,0,0,0,0
tx,646,43,1,1,1787953742885709645,1787953742884805608,5319970517902,5319970549662,72,0,0
rx,647,44,1,1,1787953742886868756,1787953742885964886,5319971676773,0,0,0,0
tx,647,44,1,1,1787953742886875960,1787953742885964886,5319971684217,5319971708902,72,0,0
rx,648,45,1,1,1787953742888067645,1787953742887124719,5319972875643,0,0,0,0
tx,648,45,1,1,1787953742888076626,1787953742887124719,5319972884884,5319972910254,72,0,0
rx,649,46,1,1,1787953742889222830,1787953742888165015,5319974030828,0,0,0,0
tx,649,46,1,1,1787953742889230145,1787953742888165015,5319974038402,5319974069680,72,0,0
rx,650,47,1,1,1787953742890417423,1787953742889312478,5319975225439,0,0,0,0
tx,650,47,1,1,1787953742890429126,1787953742889312478,5319975237384,5319975286384,72,0,0
rx,651,48,1,1,1787953742985846219,1787953742985038071,5320070654236,0,0,0,0
tx,651,48,1,1,1787953742985854997,1787953742985038071,5320070663236,5320070700273,72,0,0
rx,652,49,1,1,1787953742987041200,1787953742986182552,5320071849217,0,0,0,0
tx,652,49,1,1,1787953742987053145,1787953742986182552,5320071861384,5320071887347,72,0,0
rx,653,50,1,1,1787953742988212867,1787953742987333015,5320073020884,0,0,0,0
tx,653,50,1,1,1787953742988220163,1787953742987333015,5320073028532,5320073054291,72,0,0
rx,654,51,1,1,1787953742989377941,1787953742988476774,5320074185939,0,0,0,0
tx,654,51,1,1,1787953742989385330,1787953742988476774,5320074193588,5320074225273,72,0,0
rx,655,52,1,1,1787953742990595348,1787953742989637645,5320075403347,0,0,0,0
tx,655,52,1,1,1787953742990603534,1787953742989637645,5320075411791,5320075436069,72,0,0
rx,656,53,1,1,1787953742991742793,1787953742990686941,5320076550791,0,0,0,0
tx,656,53,1,1,1787953742991750071,1787953742990686941,5320076558328,5320076582791,72,0,0
rx,657,54,1,1,1787953742993032793,1787953742991811922,5320077840791,0,0,0,0
tx,657,54,1,1,1787953742993041663,1787953742991811922,5320077850032,5320077884458,72,0,0
rx,658,55,1,1,1787953743088383515,1787953743087329774,5320173191513,0,0,0,0
tx,658,55,1,1,1787953743088392089,1787953743087329774,5320173200347,5320173242810,72,0,0
rx,659,56,1,1,1787953743089581774,1787953743088513274,5320174389791,0,0,0,0
tx,659,56,1,1,1787953743089589163,1787953743088513274,5320174397439,5320174429402,72,0,0
rx,660,57,1,1,1787953743090740237,1787953743089846015,5320175548236,0,0,0,0
tx,660,57,1,1,1787953743090747682,1787953743089846015,5320175555939,5320175588310,72,0,0
rx,661,58,1,1,1787953743091969311,1787953743091013274,5320176777291,0,0,0,0
tx,661,58,1,1,1787953743091981811,1787953743091013274,5320176790069,5320176815847,72,0,0
rx,662,59,1,0,1787953743093261385,1787953743092058608,5320178069384,0,0,0,0
rx,663,60,1,1,1787953743093266441,1787953743093176163,5320178074439,0,0,0,0
tx,663,60,1,1,1787953743093273459,1787953743093176163,5320178081717,5320178106550,72,0,0
rx,664,61,1,1,1787953743094417515,1787953743094294774,5320179225513,0,0,0,0
tx,664,61,1,1,1787953743094424700,1787953743094294774,5320179232939,5320179256754,72,0,0
rx,665,62,1,1,1787953743190829793,1787953743189825774,5320275637791,0,0,0,0
tx,665,62,1,1,1787953743190838793,1787953743189825774,5320275647161,5320275680736,72,0,0
rx,666,63,1,1,1787953743192014737,1787953743191134219,5320276822754,0,0,0,0
tx,666,63,1,1,1787953743192021830,1787953743191134219,5320276830069,5320276855587,72,0,0
rx,667,64,1,1,1787953743193168478,1787953743192373348,5320277976495,0,0,0,0
tx,667,64,1,1,1787953743193175682,1787953743192373348,5320277983921,5320278008087,72,0,0
