[0mBatt=23.5 [0m[33mODOM [31mVisionX  +0.00 Y  +0.00 theta   +0.0 elt    0 [0mimu  -0.5 Dt 13914 LtCy 6957 integ.govd   +0.00   +0.00 integ.vbp +0.00 +0.00 omni.gos X     +0.0 ,Y     -0.1. omgD -0.009 omg  +0.00 loop   5006
[0mBatt=23.5 [0m[33mODOM [31mVisionX  +0.00 Y  +0.00 theta   +0.0 elt    0 [0mimu  -0.5 Dt 13930 LtCy 6965 integ.govd   +0.00   +0.00 integ.vbp +0.00 +0.00 omni.gos X     +0.0 ,Y     -0.0. omgD -0.002 omg  +0.00 loop   4996
[0mBatt=23.5 [0m[33mODOM [31mVisionX  +0.00 Y  +0.00 theta   +0.0 elt    0 [0mimu  -0.5 Dt 13946 LtCy 6973 integ.govd   +0.00   +0.00 integ.vbp +0.00 +0.00 omni.gos X     +0.0 ,Y     -0.1. omgD -0.005 omg  +0.00 loop   5027
[0mBatt=23.5 [0m[33mODOM [31mVisionX  +0.00 Y  +0.00 theta   +0.0 elt    0 [0mimu  -0.5 Dt 13962 LtCy 6981 integ.govd   +0.00   +0.00 integ.vbp +0.00 +0.00 omni.gos X     +0.0 ,Y     -0.0. omgD -0.002 omg  +0.00 loop   5019
[0mBatt=23.5 [0m[33mODOM [31mVisionX  +0.00 Y  +0.00 theta   +0.0 elt    0 [0mimu  -0.5 Dt 13978 LtCy 6989 integ.govd   +0.00   +0.00 integ.vbp +0.00 +0.00 omni.gos X     +0.0 ,Y     -0.0. omgD -0.002 omg  +0.00 loop   4965
[0mBatt=23.5 [0m[33mODOM [31mVisionX  +0.00 Y  +0.00 theta   +0.0 elt    0 [0mimu  -0.5 Dt 13994 LtCy 6997 integ.govd   +0.00   +0.00 integ.vbp +0.00 +0.00 omni.gos X     -0.0 ,Y     -0.1. omgD -0.009 omg  +0.00 loop   5023
[0mBatt=23.5 [0m[33mODOM [31mVisionX  +0.00 Y  +0.00 theta   +0.0 elt    0 [0mimu  -0.5 Dt 14002 LtCy 7001 integ.govd   +0.00   +0.00 integ.vbp +0.00 +0.00 omni.gos X     +0.0 ,Y     -0.1. omgD -0.009 omg  +0.00 loop   2410
[0mBatt=23.5 [0m[33mODOM [31mVisionX  +0.00 Y  +0.00 theta   +0.0 elt    0 [0mimu  -0.5 Dt 14018 LtCy 7009 integ.govd   +0.00   +0.00 integ.vbp +0.00 +0.00 omni.gos X     +0.0 ,Y     -0.1. omgD -0.007 omg  +0.00 loop   5015
[0mBatt=23.5 [0m[33mODOM [31mVisionX  +0.00 Y  +0.00 theta   +0.0 elt    0 [0mimu  -0.5 Dt 14034 LtCy 7017 integ.govd   +0.00   +0.00 integ.vbp +0.00 +0.00 omni.gos X     +0.0 ,Y     -0.1. omgD -0.005 omg  +0.00 loop   4994
[0mBatt=23.5 [0m[33mODOM [31mVisionX  +0.00 Y  +0.00 theta   +0.0 elt    0 [0mimu  -0.5 Dt 14050 LtCy 7025 integ.govd   +0.00   +0.00 integ.vbp +0.00 +0.00 omni.gos X     +0.0 ,Y     -0.0. omgD -0.002 omg  +0.00 loop   5031
[0mBatt=23.5 [0m[33mODOM [31mVisionX  +0.00 Y  +0.00 theta   +0.0 elt    0 [0mimu  -0.5 Dt 14066 LtCy 7033 integ.govd   +0.00   +0.00 integ.vbp +0.00 +0.00 omni.gos X     +0.0 ,Y     -0.1. omgD -0.007 omg  +0.00 loop   5019
[0mBatt=23.5 [0m[33mODOM [31mVisionX  +0.00 Y  +0.00 theta   +0.0 elt    0 [0mimu  -0.5 Dt 14082 LtCy 7041 integ.govd   +0.00   +0.00 integ.vbp +0.00 +0.00 omni.gos X     +0.0 ,Y     -0.1. omgD -0.011 omg  +0.00 loop   4994
[0mBatt=23.5 [0m[33mODOM [31mVisionX  +0.00 Y  +0.00 theta   +0.0 elt    0 [0mimu  -0.5 Dt 14098 LtCy 7049 integ.govd   +0.00   +0.00 integ.vbp +0.00 +0.00 omni.gos X     +0.0 ,Y     -0.1. omgD -0.007 omg  +0.00 loop   5014
[0mBatt=23.5 [0m[33mODOM [31mVisionX  +0.00 Y  +0.00 theta   +0.0 elt    0 [0mimu  -0.5 Dt 14114 LtCy 7057 integ.govd   +0.00   +0.00 integ.vbp +0.00 +0.00 omni.gos X     +0.0 ,Y     +0.0. omgD +0.002 omg  +0.00 loop   5023
[0mBatt=23.5 [0m[33mODOM [31mVisionX  +0.00 Y  +0.00 theta   +0.0 elt    0 [0mimu  -0.5 Dt 14130 LtCy 7065 integ.govd   +0.00   +0.00 integ.vbp +0.00 +0.00 omni.gos X     +0.0 ,Y     +0.0. omgD +0.002 omg  +0.00 loop   4998
[0mBatt=23.5 [0m[33mODOM [31mVisionX  +0.00 Y  +0.00 theta   +0.0 elt    0 [0mimu  -0.5 Dt 14146 LtCy 7073 integ.govd   +0.00   +0.00 integ.vbp +0.00 +0.00 omni.gos X     +0.0 ,Y     -0.1. omgD -0.007 omg  +0.00 loop   5012
[0mBatt=23.5 [0m[33mODOM [31mVisionX  +0.00 Y  +0.00 theta   +0.0 elt    0 [0mimu  -0.5 Dt 14162 LtCy 7081 integ.govd   +0.00   +0.00 integ.vbp +0.00 +0.00 omni.gos X     -0.0 ,Y     -0.2. omgD -0.015 omg  +0.00 loop   5025
[0mBatt=23.5 [0m[33mODOM [31mVisionX  +0.00 Y  +0.00 theta   +0.0 elt    0 [0mimu  -0.5 Dt 14178 LtCy 7089 integ.govd   +0.00   +0.00 integ.vbp +0.00 +0.00 omni.gos X     +0.0 ,Y     -0.1. omgD -0.011 omg  +0.00 loop   4988
[0mBatt=23.5 [0m[33mODOM [31mVisionX  +0.00 Y  +0.00 theta   +0.0 elt    0 [0mimu  -0.5 Dt 14194 LtCy 7097 integ.govd   +0.00   +0.00 integ.vbp +0.00 +0.00 omni.gos X     +0.0 ,Y     -0.0. omgD -0.002 omg  +0.00 loop   5014
[0mBatt=23.5 [0m[33mODOM [31mVisionX  +0.00 Y  +0.00 theta   +0.0 elt    0 [0mimu  -0.5 Dt 14210 LtCy 7105 integ.govd   +0.00   +0.00 integ.vbp +0.00 +0.00 omni.gos X     +0.0 ,Y     +0.0. omgD +0.002 omg  +0.00 loop   5017
[0mBatt=23.5 [0m[33mODOM [31mVisionX  +0.00 Y  +0.00 theta   +0.0 elt    0 [0mimu  -0.5 Dt 14226 LtCy 7113 integ.govd   +0.00   +0.00 integ.vbp +0.00 +0.00 omni.gos X     +0.0 ,Y     +0.0. omgD +0.002 omg  +0.00 loop   5025
[0mBatt=23.5 [0m[33mODOM [31mVisionX  +0.00 Y  +0.00 theta   +0.0 elt    0 [0mimu  -0.5 Dt 14242 LtCy 7121 integ.govd   +0.00   +0.00 integ.vbp +0.00 +0.00 omni.gos X     +0.0 ,Y     +0.1. omgD +0.006 omg  +0.00 loop   4989
[0mBatt=23.5 [0m[33mODOM [31mVisionX  +0.00 Y  +0.00 theta   +0.0 elt    0 [0mimu  -0.5 Dt 14258 LtCy 7129 integ.govd   +0.00   +0.00 integ.vbp +0.00 +0.00 omni.gos X     +0.0 ,Y     -0.1. omgD -0.007 omg  +0.00 loop   5019
[0mBatt=23.5 [0m[33mODOM [31mVisionX  +0.00 Y  +0.00 theta   +0.0 elt    0 [0mimu  -0.5 Dt 14274 LtCy 7137 integ.govd   +0.00   +0.00 integ.vbp +0.00 +0.00 omni.gos X     +0.0 ,Y     -0.1. omgD -0.007 omg  +0.00 loop   5024
[0mBatt=23.5 [0m[33mODOM [31mVisionX  +0.00 Y  +0.00 theta   +0.0 elt    0 [0mimu  -0.5 Dt 14290 LtCy 7145 integ.govd   +0.00   +0.00 integ.vbp +0.00 +0.00 omni.gos X     +0.0 ,Y     -0.1. omgD -0.007 omg  +0.00 loop   4993
[0mBatt=23.5 [0m[33mODOM [31mVisionX  +0.00 Y  +0.00 theta   +0.0 elt    0 [0mimu  -0.5 Dt 14306 LtCy 7153 integ.govd   +0.00   +0.00 integ.vbp +0.00 +0.00 omni.gos X     +0.0 ,Y     -0.1. omgD -0.007 omg  +0.00 loop   5025
[0mBatt=23.5 [0m[33mODOM [31mVisionX  +0.00 Y  +0.00 theta   +0.0 elt    0 [0mimu  -0.5 Dt 14322 LtCy 7161 integ.govd   +0.00   +0.00 integ.vbp +0.00 +0.00 omni.gos X     +0.0 ,Y     -0.1. omgD -0.007 omg  +0.00 loop   5019
[0mBatt=23.5 [0m[33mODOM [31mVisionX  +0.00 Y  +0.00 theta   +0.0 elt    0 [0mimu  -0.5 Dt 14338 LtCy 7169 integ.govd   +0.00   +0.00 integ.vbp +0.00 +0.00 omni.gos X     +0.0 ,Y     -0.1. omgD -0.007 omg  +0.00 loop   5004
[0mBatt=23.5 [0m[33mODOM [31mVisionX  +0.00 Y  +0.00 theta   +0.0 elt    0 [0mimu  -0.5 Dt 14354 LtCy 7177 integ.govd   +0.00   +0.00 integ.vbp +0.00 +0.00 omni.gos X     +0.0 ,Y     -0.1. omgD -0.011 omg  +0.00 loop   5009
[0mBatt=23.5 [0m[33mODOM [31mVisionX  +0.00 Y  +0.00 theta   +0.0 elt    0 [0mimu  -0.5 Dt 14370 LtCy 7185 integ.govd   +0.00   +0.00 integ.vbp +0.00 +0.00 omni.gos X     +0.0 ,Y     +0.1. omgD +0.006 omg  +0.00 loop   5016
[0mBatt=23.5 [0m[33mODOM [31mVisionX  +0.00 Y  +0.00 theta   +0.0 elt    0 [0mimu  -0.5 Dt 14386 LtCy 7193 integ.govd   +0.00   +0.00 integ.vbp +0.00 +0.00 omni.gos X     +0.0 ,Y     -0.1. omgD -0.007 omg  +0.00 loop   5013
[0mBatt=23.5 [0m[33mODOM [31mVisionX  +0.00 Y  +0.00 theta   +0.0 elt    0 [0mimu  -0.5 Dt 14402 LtCy 7201 integ.govd   +0.00   +0.00 integ.vbp +0.00 +0.00 omni.gos X     +0.0 ,Y     -0.0. omgD -0.002 omg  +0.00 loop   5000
[0mBatt=23.5 [0m[33mODOM [31mVisionX  +0.00 Y  +0.00 theta   +0.0 elt    0 [0mimu  -0.5 Dt 14418 LtCy 7209 integ.govd   +0.00   +0.00 integ.vbp +0.00 +0.00 omni.gos X     +0.0 ,Y     -0.1. omgD -0.007 omg  +0.00 loop   5024
[0mBatt=23.5 [0m[33mODOM [31mVisionX  +0.00 Y  +0.00 theta   +0.0 elt    0 [0mimu  -0.5 Dt 14434 LtCy 7217 integ.govd   +0.00   +0.00 integ.vbp +0.00 +0.00 omni.gos X     +0.0 ,Y     -0.2. omgD -0.015 omg  +0.00 loop   5019
[0mBatt=23.5 [0m[33mODOM [31mVisionX  +0.00 Y  +0.00 theta   +0.0 elt    0 [0mimu  -0.5 Dt 14450 LtCy 7225 integ.govd   +0.00   +0.00 integ.vbp +0.00 +0.00 omni.gos X     +0.0 ,Y     -0.2. omgD -0.015 omg  +0.00 loop   4988
[0mBatt=23.5 [0m[33mODOM [31mVisionX  +0.00 Y  +0.00 theta   +0.0 elt    0 [0mimu  -0.5 Dt 14466 LtCy 7233 integ.govd   +0.00   +0.00 integ.vbp +0.00 +0.00 omni.gos X     +0.0 ,Y     -0.1. omgD -0.007 omg  +0.00 loop   5024
[0mBatt=23.5 [0m[33mODOM [31mVisionX  +0.00 Y  +0.00 theta   +0.0 elt    0 [0mimu  -0.5 Dt 14482 LtCy 7241 integ.govd   +0.00   +0.00 integ.vbp +0.00 +0.00 omni.gos X     +0.0 ,Y     -0.2. omgD -0.015 omg  +0.00 loop   5021
[0mBatt=23.5 [0m[33mODOM [31mVisionX  +0.00 Y  +0.00 theta   +0.0 elt    0 [0mimu  -0.5 Dt 14498 LtCy 7249 integ.govd   +0.00   +0.00 integ.vbp +0.00 +0.00 omni.gos X     +0.0 ,Y     -0.1. omgD -0.007 omg  +0.00 loop   4992
[0mBatt=23.5 [0m[33mODOM [31mVisionX  +0.00 Y  +0.00 theta   +0.0 elt    0 [0mimu  -0.5 Dt 14514 LtCy 7257 integ.govd   +0.00   +0.00 integ.vbp +0.00 +0.00 omni.gos X     +0.0 ,Y     -0.1. omgD -0.007 omg  +0.00 loop   5019
[0mBatt=23.5 [0m[33mODOM [31mVisionX  +0.00 Y  +0.00 theta   +0.0 elt    0 [0mimu  -0.5 Dt 14530 LtCy 7265 integ.govd   +0.00   +0.00 integ.vbp +0.00 +0.00 omni.gos X     +0.0 ,Y     -0.0. omgD -0.002 omg  +0.00 loop   5020
[0mBatt=23.5 [0m[33mODOM [31mVisionX  +0.00 Y  +0.00 theta   +0.0 elt    0 [0mimu  -0.5 Dt 14546 LtCy 7273 integ.govd   +0.00   +0.00 integ.vbp +0.00 +0.00 omni.gos X     +0.0 ,Y     -0.0. omgD -0.002 omg  +0.00 loop   5005
[0mBatt=23.5 [0m[33mODOM [31mVisionX  +0.00 Y  +0.00 theta   +0.0 elt    0 [0mimu  -0.5 Dt 14562 LtCy 7281 integ.govd   +0.00   +0.00 integ.vbp +0.00 +0.00 omni.gos X     +0.0 ,Y     -0.1. omgD -0.007 omg  +0.00 loop   5007
[0mBatt=23.5 [0m[33mODOM [31mVisionX  +0.00 Y  +0.00 theta   +0.0 elt    0 [0mimu  -0.5 Dt 14578 LtCy 7289 integ.govd   +0.00   +0.00 integ.vbp +0.00 +0.00 omni.gos X     +0.0 ,Y     -0.0. omgD -0.002 omg  +0.00 loop   5027
[0mBatt=23.5 [0m[33mODOM [31mVisionX  +0.00 Y  +0.00 theta   +0.0 elt    0 [0mimu  -0.6 Dt 14594 LtCy 7297 integ.govd   +0.00   +0.00 integ.vbp +0.00 +0.00 omni.gos X     +0.0 ,Y     -0.1. omgD -0.007 omg  +0.00 loop   5015
[0mBatt=23.5 [0m[33mODOM [31mVisionX  +0.00 Y  +0.00 theta   +0.0 elt    0 [0mimu  -0.6 Dt 14610 LtCy 7305 integ.govd   +0.00   +0.00 integ.vbp +0.00 +0.00 omni.gos X     +0.0 ,Y     -0.0. omgD -0.002 omg  +0.00 loop   5000
[0mBatt=23.5 [0m[33mODOM [31mVisionX  +0.00 Y  +0.00 theta   +0.0 elt    0 [0mimu  -0.6 Dt 14626 LtCy 7313 integ.govd   +0.00   +0.00 integ.vbp +0.00 +0.00 omni.gos X     +0.0 ,Y     +0.0. omgD +0.002 omg  +0.00 loop   5021
[0mBatt=23.5 [0m[33mODOM [31mVisionX  +0.00 Y  +0.00 theta   +0.0 elt    0 [0mimu  -0.6 Dt 14642 LtCy 7321 integ.govd   +0.00   +0.00 integ.vbp +0.00 +0.00 omni.gos X     +0.0 ,Y     -0.0. omgD -0.002 omg  +0.00 loop   5023
[0mBatt=23.5 [0m[33mODOM [31mVisionX  +0.00 Y  +0.00 theta   +0.0 elt    0 [0mimu  -0.6 Dt 14658 LtCy 7329 integ.govd   +0.00   +0.00 integ.vbp +0.00 +0.00 omni.gos X     +0.0 ,Y     +0.0. omgD +0.002 omg  +0.00 loop   4983
[0mBatt=23.5 [0m[33mODOM [31mVisionX  +0.00 Y  +0.00 theta   +0.0 elt    0 [0mimu  -0.6 Dt 14674 LtCy 7337 integ.govd   +0.00   +0.00 integ.vbp +0.00 +0.00 omni.gos X     +0.0 ,Y     -0.0. omgD -0.002 omg  +0.00 loop   5020
[0mBatt=23.5 [0m[33mODOM [31mVisionX  +0.00 Y  +0.00 theta   +0.0 elt    0 [0mimu  -0.6 Dt 14690 LtCy 7345 integ.govd   +0.00   +0.00 integ.vbp +0.00 +0.00 omni.gos X     +0.0 ,Y     -0.1. omgD -0.007 omg  +0.00 loop   5025
[0mBatt=23.5 [0m[33mODOM [31mVisionX  +0.00 Y  +0.00 theta   +0.0 elt    0 [0mimu  -0.6 Dt 14706 LtCy 7353 integ.govd   +0.00   +0.00 integ.vbp +0.00 +0.00 omni.gos X     +0.0 ,Y     -0.0. omgD -0.002 omg  +0.00 loop   5002
[0mBatt=23.5 [0m[33mODOM [31mVisionX  +0.00 Y  +0.00 theta   +0.0 elt    0 [0mimu  -0.6 Dt 14722 LtCy 7361 integ.govd   +0.00   +0.00 integ.vbp +0.00 +0.00 omni.gos X     +0.0 ,Y     -0.1. omgD -0.011 omg  +0.00 loop   5018
[0mBatt=23.5 [0m[33mODOM [31mVisionX  +0.00 Y  +0.00 theta   +0.0 elt    0 [0mimu  -0.6 Dt 14738 LtCy 7369 integ.govd   +0.00   +0.00 integ.vbp +0.00 +0.00 omni.gos X     +0.0 ,Y     -0.0. omgD -0.002 omg  +0.00 loop   5016
[0mBatt=23.5 [0m[33mODOM [31mVisionX  +0.00 Y  +0.00 theta   +0.0 elt    0 [0mimu  -0.6 Dt 14754 LtCy 7377 integ.govd   +0.00   +0.00 integ.vbp +0.00 +0.00 omni.gos X     +0.0 ,Y     -0.0. omgD -0.002 omg  +0.00 loop   5010
[0mBatt=23.5 [0m[33mODOM [31mVisionX  +0.00 Y  +0.00 theta   +0.0 elt    0 [0mimu  -0.6 Dt 14770 LtCy 7385 integ.govd   +0.00   +0.00 integ.vbp +0.00 +0.00 omni.gos X     +0.0 ,Y     -0.1. omgD -0.007 omg  +0.00 loop   5004
[0mBatt=23.5 [0m[33mODOM [31mVisionX  +0.00 Y  +0.00 theta   +0.0 elt    0 [0mimu  -0.6 Dt 14786 LtCy 7393 integ.govd   +0.00   +0.00 integ.vbp +0.00 +0.00 omni.gos X     +0.0 ,Y     +0.0. omgD +0.002 omg  +0.00 loop   5024
[0mBatt=23.5 [0m[33mODOM [31mVisionX  +0.00 Y  +0.00 theta   +0.0 elt    0 [0mimu  -0.6 Dt 14802 LtCy 7401 integ.govd   +0.00   +0.00 integ.vbp +0.00 +0.00 omni.gos X     +0.0 ,Y     +0.0. omgD +0.002 omg  +0.00 loop   5021
[0mBatt=23.5 [0m[33mODOM [31mVisionX  +0.00 Y  +0.00 theta   +0.0 elt    0 [0mimu  -0.6 Dt 14818 LtCy 7409 integ.govd   +0.00   +0.00 integ.vbp +0.00 +0.00 omni.gos X     +0.0 ,Y     +0.0. omgD +0.002 omg  +0.00 loop   4995
[0mBatt=23.5 [0m[33mODOM [31mVisionX  +0.00 Y  +0.00 theta   +0.0 elt    0 [0mimu  -0.6 Dt 14834 LtCy 7417 integ.govd   +0.00   +0.00 integ.vbp +0.00 +0.00 omni.gos X     +0.0 ,Y     -0.1. omgD -0.011 omg  +0.00 loop   5035
[0mBatt=23.5 [0m[33mODOM [31mVisionX  +0.00 Y  +0.00 theta   +0.0 elt    0 [0mimu  -0.6 Dt 14850 LtCy 7425 integ.govd   +0.00   +0.00 integ.vbp +0.00 +0.00 omni.gos X     +0.0 ,Y     -0.1. omgD -0.011 omg  +0.00 loop   5013
[0mBatt=23.5 [0m[33mODOM [31mVisionX  +0.00 Y  +0.00 theta   +0.0 elt    0 [0mimu  -0.6 Dt 14866 LtCy 7433 integ.govd   +0.00   +0.00 integ.vbp +0.00 +0.00 omni.gos X     +0.0 ,Y     -0.0. omgD -0.002 omg  +0.00 loop   5001
[0mBatt=23.5 [0m[33mODOM [31mVisionX  +0.00 Y  +0.00 theta   +0.0 elt    0 [0mimu  -0.6 Dt 14882 LtCy 7441 integ.govd   +0.00   +0.00 integ.vbp +0.00 +0.00 omni.gos X     +0.0 ,Y     -0.1. omgD -0.007 omg  +0.00 loop   5019
[0mBatt=23.5 [0m[33mODOM [31mVisionX  +0.00 Y  +0.00 theta   +0.0 elt    0 [0mimu  -0.6 Dt 14898 LtCy 7449 integ.govd   +0.00   +0.00 integ.vbp +0.00 +0.00 omni.gos X     +0.0 ,Y     -0.1. omgD -0.007 omg  +0.00 loop   5023
[0mBatt=23.5 [0m[33mODOM [31mVisionX  +0.00 Y  +0.00 theta   +0.0 elt    0 [0mimu  -0.6 Dt 14914 LtCy 7457 integ.govd   +0.00   +0.00 integ.vbp +0.00 +0.00 omni.gos X     +0.0 ,Y     -0.1. omgD -0.007 omg  +0.00 loop   5001
[0mBatt=23.5 [0m[33mODOM [31mVisionX  +0.00 Y  +0.00 theta   +0.0 elt    0 [0mimu  -0.6 Dt 14930 LtCy 7465 integ.govd   +0.00   +0.00 integ.vbp +0.00 +0.00 omni.gos X     +0.0 ,Y     -0.1. omgD -0.011 omg  +0.00 loop   5005
[0mBatt=23.5 [0m[33mODOM [31mVisionX  +0.00 Y  +0.00 theta   +0.0 elt    0 [0mimu  -0.6 Dt 14946 LtCy 7473 integ.govd   +0.00   +0.00 integ.vbp +0.00 +0.00 omni.gos X     +0.0 ,Y     -0.1. omgD -0.011 omg  +0.00 loop   5030
[0mBatt=23.5 [0m[33mODOM [31mVisionX  +0.00 Y  +0.00 theta   +0.0 elt    0 [0mimu  -0.6 Dt 14962 LtCy 7481 integ.govd   +0.00   +0.00 integ.vbp +0.00 +0.00 omni.gos X     +0.0 ,Y     -0.1. omgD -0.011 omg  +0.00 loop   5003
[0mBatt=23.5 [0m[33mODOM [31mVisionX  +0.00 Y  +0.00 theta   +0.0 elt    0 [0mimu  -0.6 Dt 14978 LtCy 7489 integ.govd   +0.00   +0.00 integ.vbp +0.00 +0.00 omni.gos X     +0.0 ,Y     +0.1. omgD +0.006 omg  +0.00 loop   5007
[0mBatt=23.5 [0m[33mODOM [31mVisionX  +0.00 Y  +0.00 theta   +0.0 elt    0 [0mimu  -0.6 Dt 14994 LtCy 7497 integ.govd   +0.00   +0.00 integ.vbp +0.00 +0.00 omni.gos X     +0.0 ,Y     -0.0. omgD -0.002 omg  +0.00 loop   5018
[0mBatt=23.5 [0m[33mODOM [31mVisionX  +0.00 Y  +0.00 theta   +0.0 elt    0 [0mimu  -0.6 Dt 15002 LtCy 7501 integ.govd   +0.00   +0.00 integ.vbp +0.00 +0.00 omni.gos X     +0.0 ,Y     -0.1. omgD -0.007 omg  +0.00 loop   2424
[0mBatt=23.5 [0m[33mODOM [31mVisionX  +0.00 Y  +0.00 theta   +0.0 elt    0 [0mimu  -0.6 Dt 15018 LtCy 7509 integ.govd   +0.00   +0.00 integ.vbp +0.00 +0.00 omni.gos X     +0.0 ,Y     +0.0. omgD +0.002 omg  +0.00 loop   5002
[0mBatt=23.5 [0m[33mODOM [31mVisionX  +0.00 Y  +0.00 theta   +0.0 elt    0 [0mimu  -0.6 Dt 15034 LtCy 7517 integ.govd   +0.00   +0.00 integ.vbp +0.00 +0.00 omni.gos X     +0.0 ,Y     -0.3. omgD -0.019 omg  +0.00 loop   5013
[0mBatt=23.5 [0m[33mODOM [31mVisionX  +0.00 Y  +0.00 theta   +0.0 elt    0 [0mimu  -0.6 Dt 15050 LtCy 7525 integ.govd   +0.00   +0.00 integ.vbp +0.00 +0.00 omni.gos X     +0.0 ,Y     -0.0. omgD -0.002 omg  +0.00 loop   5021
[0mBatt=23.5 [0m[33mODOM [31mVisionX  +0.00 Y  +0.00 theta   +0.0 elt    0 [0mimu  -0.6 Dt 15066 LtCy 7533 integ.govd   +0.00   +0.00 integ.vbp +0.00 +0.00 omni.gos X     +0.0 ,Y     +0.0. omgD +0.002 omg  +0.00 loop   5025
[0mBatt=23.5 [0m[33mODOM [31mVisionX  +0.00 Y  +0.00 theta   +0.0 elt    0 [0mimu  -0.6 Dt 15082 LtCy 7541 integ.govd   +0.00   +0.00 integ.vbp +0.00 +0.00 omni.gos X     +0.0 ,Y     +0.0. omgD +0.002 omg  +0.00 loop   5007
[0mBatt=23.5 [0m[33mODOM [31mVisionX  +0.00 Y  +0.00 theta   +0.0 elt    0 [0mimu  -0.6 Dt 15098 LtCy 7549 integ.govd   +0.00   +0.00 integ.vbp +0.00 +0.00 omni.gos X     +0.0 ,Y     -0.0. omgD -0.002 omg  +0.00 loop   5026
[0mBatt=23.5 [0m[33mODOM [31mVisionX  +0.00 Y  +0.00 theta   +0.0 elt    0 [0mimu  -0.6 Dt 15114 LtCy 7557 integ.govd   +0.00   +0.00 integ.vbp +0.00 +0.00 omni.gos X     +0.0 ,Y     -0.1. omgD -0.007 omg  +0.00 loop   5023
[0mBatt=23.5 [0m[33mODOM [31mVisionX  +0.00 Y  +0.00 theta   +0.0 elt    0 [0mimu  -0.6 Dt 15130 LtCy 7565 integ.govd   +0.00   +0.00 integ.vbp +0.00 +0.00 omni.gos X     +0.0 ,Y     -0.1. omgD -0.011 omg  +0.00 loop   4992
[0mBatt=23.5 [0m[33mODOM [31mVisionX  +0.00 Y  +0.00 theta   +0.0 elt    0 [0mimu  -0.6 Dt 15146 LtCy 7573 integ.govd   +0.00   +0.00 integ.vbp +0.00 +0.00 omni.gos X     +0.0 ,Y     -0.2. omgD -0.015 omg  +0.00 loop   5031
[0mBatt=23.5 [0m[33mODOM [31mVisionX  +0.00 Y  +0.00 theta   +0.0 elt    0 [0mimu  -0.6 Dt 15162 LtCy 7581 integ.govd   +0.00   +0.00 integ.vbp +0.00 +0.00 omni.gos X     -0.0 ,Y     -0.1. omgD -0.005 omg  +0.00 loop   5030
[0mBatt=23.5 [0m[33mODOM [31mVisionX  +0.00 Y  +0.00 theta   +0.0 elt    0 [0mimu  -0.6 Dt 15178 LtCy 7589 integ.govd   +0.00   +0.00 integ.vbp +0.00 +0.00 omni.gos X     +0.0 ,Y     -0.1. omgD -0.007 omg  +0.00 loop   4995
[0mBatt=23.5 [0m[33mODOM [31mVisionX  +0.00 Y  +0.00 theta   +0.0 elt    0 [0mimu  -0.6 Dt 15194 LtCy 7597 integ.govd   +0.00   +0.00 integ.vbp +0.00 +0.00 omni.gos X     +0.0 ,Y     -0.1. omgD -0.009 omg  +0.00 loop   5019
[0mBatt=23.5 [0m[33mODOM [31mVisionX  +0.00 Y  +0.00 theta   +0.0 elt    0 [0mimu  -0.6 Dt 15210 LtCy 7605 integ.govd   +0.00   +0.00 integ.vbp +0.00 +0.00 omni.gos X     +0.0 ,Y     -0.0. omgD -0.002 omg  +0.00 loop   5035
[0mBatt=23.5 [0m[33mODOM [31mVisionX  +0.00 Y  +0.00 theta   +0.0 elt    0 [0mimu  -0.6 Dt 15226 LtCy 7613 integ.govd   +0.00   +0.00 integ.vbp +0.00 +0.00 omni.gos X     +0.0 ,Y     -0.2. omgD -0.013 omg  +0.00 loop   5012
[0mBatt=23.5 [0m[33mODOM [31mVisionX  +0.00 Y  +0.00 theta   +0.0 elt    0 [0mimu  -0.6 Dt 15242 LtCy 7621 integ.govd   +0.00   +0.00 integ.vbp +0.00 +0.00 omni.gos X     +0.0 ,Y     -0.1. omgD -0.007 omg  +0.00 loop   5015
[0mBatt=23.5 [0m[33mODOM [31mVisionX  +0.00 Y  +0.00 theta   +0.0 elt    0 [0mimu  -0.6 Dt 15258 LtCy 7629 integ.govd   +0.00   +0.00 integ.vbp +0.00 +0.00 omni.gos X     +0.0 ,Y     -0.0. omgD -0.000 omg  +0.00 loop   5032
[0mBatt=23.5 [0m[33mODOM [31mVisionX  +0.00 Y  +0.00 theta   +0.0 elt    0 [0mimu  -0.6 Dt 15274 LtCy 7637 integ.govd   +0.00   +0.00 integ.vbp +0.00 +0.00 omni.gos X     +0.0 ,Y     -0.1. omgD -0.007 omg  +0.00 loop   5028
[0mBatt=23.5 [0m[33mODOM [31mVisionX  +0.00 Y  +0.00 theta   +0.0 elt    0 [0mimu  -0.6 Dt 15290 LtCy 7645 integ.govd   +0.00   +0.00 integ.vbp +0.00 +0.00 omni.gos X     +0.0 ,Y     -0.1. omgD -0.009 omg  +0.00 loop   5006
[0mBatt=23.5 [0m[33mODOM [31mVisionX  +0.00 Y  +0.00 theta   +0.0 elt    0 [0mimu  -0.6 Dt 15306 LtCy 7653 integ.govd   +0.00   +0.00 integ.vbp +0.00 +0.00 omni.gos X     +0.0 ,Y     -0.1. omgD -0.011 omg  +0.00 loop   5033
[0mBatt=23.5 [0m[33mODOM [31mVisionX  +0.00 Y  +0.00 theta   +0.0 elt    0 [0mimu  -0.6 Dt 15322 LtCy 7661 integ.govd   +0.00   +0.00 integ.vbp +0.00 +0.00 omni.gos X     +0.0 ,Y     -0.1. omgD -0.007 omg  +0.00 loop   5029
[0mBatt=23.5 [0m[33mODOM [31mVisionX  +0.00 Y  +0.00 theta   +0.0 elt    0 [0mimu  -0.6 Dt 15338 LtCy 7669 integ.govd   +0.00   +0.00 integ.vbp +0.00 +0.00 omni.gos X     +0.0 ,Y     -0.1. omgD -0.007 omg  +0.00 loop   4995
[0mBatt=23.5 [0m[33mODOM [31mVisionX  +0.00 Y  +0.00 theta   +0.0 elt    0 [0mimu  -0.6 Dt 15354 LtCy 7677 integ.govd   +0.00   +0.00 integ.vbp +0.00 +0.00 omni.gos X     +0.0 ,Y     -0.0. omgD -0.002 omg  +0.00 loop   5036
[0mBatt=23.5 [0m[33mODOM [31mVisionX  +0.00 Y  +0.00 theta   +0.0 elt    0 [0mimu  -0.6 Dt 15370 LtCy 7685 integ.govd   +0.00   +0.00 integ.vbp +0.00 +0.00 omni.gos X     +0.0 ,Y     -0.0. omgD -0.002 omg  +0.00 loop   5020
[0mBatt=23.5 [0m[33mODOM [31mVisionX  +0.00 Y  +0.00 theta   +0.0 elt    0 [0mimu  -0.6 Dt 15386 LtCy 7693 integ.govd   +0.00   +0.00 integ.vbp +0.00 +0.00 omni.gos X     +0.0 ,Y     -0.1. omgD -0.005 omg  +0.00 loop   5005
[0mBatt=23.5 [0m[33mODOM [31mVisionX  +0.00 Y  +0.00 theta   +0.0 elt    0 [0mimu  -0.6 Dt 15402 LtCy 7701 integ.govd   +0.00   +0.00 integ.vbp +0.00 +0.00 omni.gos X     +0.0 ,Y     -0.0. omgD -0.002 omg  +0.00 loop   5015
[0mBatt=23.5 [0m[33mODOM [31mVisionX  +0.00 Y  +0.00 theta   +0.0 elt    0 [0mimu  -0.6 Dt 15418 LtCy 7709 integ.govd   +0.00   +0.00 integ.vbp +0.00 +0.00 omni.gos X     +0.0 ,Y     -0.1. omgD -0.007 omg  +0.00 loop   5025
[0mBatt=23.5 [0m[33mODOM [31mVisionX  +0.00 Y  +0.00 theta   +0.0 elt    0 [0mimu  -0.6 Dt 15434 LtCy 7717 integ.govd   +0.00   +0.00 integ.vbp +0.00 +0.00 omni.gos X     +0.0 ,Y     -0.1. omgD -0.009 omg  +0.00 loop   5016
[0mBatt=23.5 [0m[33mODOM [31mVisionX  +0.00 Y  +0.00 theta   +0.0 elt    0 [0mimu  -0.6 Dt 15450 LtCy 7725 integ.govd   +0.00   +0.00 integ.vbp +0.00 +0.00 omni.gos X     -0.0 ,Y     -0.1. omgD -0.011 omg  +0.00 loop   4996
[0mBatt=23.5 [0m[33mODOM [31mVisionX  +0.00 Y  +0.00 theta   +0.0 elt    0 [0mimu  -0.6 Dt 15466 LtCy 7733 integ.govd   +0.00   +0.00 integ.vbp +0.00 +0.00 omni.gos X     -0.0 ,Y     -0.2. omgD -0.013 omg  +0.00 loop   5024
[0mBatt=23.5 [0m[33mODOM [31mVisionX  +0.00 Y  +0.00 theta   +0.0 elt    0 [0mimu  -0.6 Dt 15482 LtCy 7741 integ.govd   +0.00   +0.00 integ.vbp +0.00 +0.00 omni.gos X     +0.0 ,Y     -0.0. omgD -0.002 omg  +0.00 loop   5009
[0mBatt=23.5 [0m[33mODOM [31mVisionX  +0.00 Y  +0.00 theta   +0.0 elt    0 [0mimu  -0.6 Dt 15498 LtCy 7749 integ.govd   +0.00   +0.00 integ.vbp +0.00 +0.00 omni.gos X     +0.0 ,Y     -0.1. omgD -0.009 omg  +0.00 loop   4993
[0mBatt=23.5 [0m[33mODOM [31mVisionX  +0.00 Y  +0.00 theta   +0.0 elt    0 [0mimu  -0.6 Dt 15514 LtCy 7757 integ.govd   +0.00   +0.00 integ.vbp +0.00 +0.00 omni.gos X     +0.0 ,Y     -0.0. omgD -0.000 omg  +0.00 loop   5029
[0mBatt=23.5 [0m[33mODOM [31mVisionX  +0.00 Y  +0.00 theta   +0.0 elt    0 [0mimu  -0.6 Dt 15530 LtCy 7765 integ.govd   +0.00   +0.00 integ.vbp +0.00 +0.00 omni.gos X     +0.0 ,Y     -0.1. omgD -0.011 omg  +0.00 loop   5028
[0mBatt=23.5 [0m[33mODOM [31mVisionX  +0.00 Y  +0.00 theta   +0.0 elt    0 [0mimu  -0.6 Dt 15546 LtCy 7773 integ.govd   +0.00   +0.00 integ.vbp +0.00 +0.00 omni.gos X     +0.0 ,Y     -0.0. omgD -0.002 omg  +0.00 loop   4998
[0mBatt=23.5 [0m[33mODOM [31mVisionX  +0.00 Y  +0.00 theta   +0.0 elt    0 [0mimu  -0.6 Dt 15562 LtCy 7781 integ.govd   +0.00   +0.00 integ.vbp +0.00 +0.00 omni.gos X     +0.0 ,Y     -0.0. omgD -0.002 omg  +0.00 loop   5018
[0mBatt=23.5 [0m[33mODOM [31mVisionX  +0.00 Y  +0.00 theta   +0.0 elt    0 [0mimu  -0.6 Dt 15578 LtCy 7789 integ.govd   +0.00   +0.00 integ.vbp +0.00 +0.00 omni.gos X     +0.0 ,Y     -0.1. omgD -0.011 omg  +0.00 loop   5029
[0mBatt=23.5 [0m[33mODOM [31mVisionX  +0.00 Y  +0.00 theta   +0.0 elt    0 [0mimu  -0.6 Dt 15594 LtCy 7797 integ.govd   +0.00   +0.00 integ.vbp +0.00 +0.00 omni.gos X     +0.0 ,Y     -0.1. omgD -0.007 omg  +0.00 loop   5001
[0mBatt=23.5 [0m[33mODOM [31mVisionX  +0.00 Y  +0.00 theta   +0.0 elt    0 [0mimu  -0.6 Dt 15610 LtCy 7805 integ.govd   +0.00   +0.00 integ.vbp +0.00 +0.00 omni.gos X     -0.0 ,Y     -0.1. omgD -0.007 omg  +0.00 loop   5022
[0mBatt=23.5 [0m[33mODOM [31mVisionX  +0.00 Y  +0.00 theta   +0.0 elt    0 [0mimu  -0.6 Dt 15626 LtCy 7813 integ.govd   +0.00   +0.00 integ.vbp +0.00 +0.00 omni.gos X     +0.0 ,Y     -0.1. omgD -0.007 omg  +0.00 loop   5017
[0mBatt=23.5 [0m[33mODOM [31mVisionX  +0.00 Y  +0.00 theta   +0.0 elt    0 [0mimu  -0.6 Dt 15642 LtCy 7821 integ.govd   +0.00   +0.00 integ.vbp +0.00 +0.00 omni.gos X     -0.0 ,Y     -0.1. omgD -0.011 omg  +0.00 loop   5017
[0mBatt=23.5 [0m[33mODOM [31mVisionX  +0.00 Y  +0.00 theta   +0.0 elt    0 [0mimu  -0.6 Dt 15658 LtCy 7829 integ.govd   +0.00   +0.00 integ.vbp +0.00 +0.00 omni.gos X     +0.0 ,Y     -0.1. omgD -0.007 omg  +0.00 loop   4992
[0mBatt=23.5 [0m[33mODOM [31mVisionX  +0.00 Y  +0.00 theta   +0.0 elt    0 [0mimu  -0.6 Dt 15674 LtCy 7837 integ.govd   +0.00   +0.00 integ.vbp +0.00 +0.00 omni.gos X     +0.0 ,Y     -0.1. omgD -0.007 omg  +0.00 loop   5023
[0mBatt=23.5 [0m[33mODOM [31mVisionX  +0.00 Y  +0.00 theta   +0.0 elt    0 [0mimu  -0.6 Dt 15690 LtCy 7845 integ.govd   +0.00   +0.00 integ.vbp +0.00 +0.00 omni.gos X     +0.0 ,Y     +0.1. omgD +0.006 omg  +0.00 loop   5026
[0mBatt=23.5 [0m[33mODOM [31mVisionX  +0.00 Y  +0.00 theta   +0.0 elt    0 [0mimu  -0.6 Dt 15706 LtCy 7853 integ.govd   +0.00   +0.00 integ.vbp +0.00 +0.00 omni.gos X     +0.0 ,Y     -0.1. omgD -0.011 omg  +0.00 loop   4986
[0mBatt=23.5 [0m[33mODOM [31mVisionX  +0.00 Y  +0.00 theta   +0.0 elt    0 [0mimu  -0.6 Dt 15722 LtCy 7861 integ.govd   +0.00   +0.00 integ.vbp +0.00 +0.00 omni.gos X     +0.0 ,Y     +0.0. omgD +0.002 omg  +0.00 loop   5027
[0mBatt=23.5 [0m[33mODOM [31mVisionX  +0.00 Y  +0.00 theta   +0.0 elt    0 [0mimu  -0.6 Dt 15738 LtCy 7869 integ.govd   +0.00   +0.00 integ.vbp +0.00 +0.00 omni.gos X     +0.0 ,Y     -0.1. omgD -0.011 omg  +0.00 loop   5017
[0mBatt=23.5 [0m[33mODOM [31mVisionX  +0.00 Y  +0.00 theta   +0.0 elt    0 [0mimu  -0.6 Dt 15754 LtCy 7877 integ.govd   +0.00   +0.00 integ.vbp +0.00 +0.00 omni.gos X     +0.0 ,Y    -0.1. omD -0.011 omg  +0.00 loop   5009
[0mBatt=23.5 [0m[33mODOM [31mVisionX  +0.00 Y  +0.00 theta   +0.0 elt    0 [0mimu  -0.6 Dt 15770 LtCy 7885 integ.govd   +0.00   +0.00 integ.vbp +0.00 +0.00 omni.gos X     +0.0 ,Y     -0.1. omgD -0.007 omg  +0.00 loop   4981
[0mBatt=23.5 [0m[33mODOM [31mVisionX  +0.00 Y  +0.00 theta   +0.0 elt    0 [0mimu  -0.6 Dt 15786 LtCy 7893 integ.govd   +0.00   +0.00 integ.vbp +0.00 +0.00 omni.gos X     +0.0 ,Y     -0.1. omgD -0.007 omg  +0.00 loop   5031
[0mBatt=23.5 [0m[33mODOM [31mVisionX  +0.00 Y  +0.00 theta   +0.0 elt    0 [0mimu  -0.6 Dt 15802 LtCy 7901 integ.govd   +0.00   +0.00 integ.vbp +0.00 +0.00 omni.gos X     +0.0 ,Y     -0.0. omgD -0.002 omg  +0.00 loop   5014
[0mBatt=23.5 [0m[33mODOM [31mVisionX  +0.00 Y  +0.00 theta   +0.0 elt    0 [0mimu  -0.6 Dt 15818 LtCy 7909 integ.govd   +0.00   +0.00 integ.vbp +0.00 +0.00 omni.gos X     +0.0 ,Y     +0.0. omgD +0.002 omg  +0.00 loop   4994
[0mBatt=23.5 [0m[33mODOM [31mVisionX  +0.00 Y  +0.00 theta   +0.0 elt    0 [0mimu  -0.6 Dt 15834 LtCy 7917 integ.govd   +0.00   +0.00 integ.vbp +0.00 +0.00 omni.gos X     +0.0 ,Y     -0.1. omgD -0.007 omg  +0.00 loop   5026
[0mBatt=23.5 [0m[33mODOM [31mVisionX  +0.00 Y  +0.00 theta   +0.0 elt    0 [0mimu  -0.6 Dt 15850 LtCy 7925 integ.govd   +0.00   +0.00 integ.vbp +0.00 +0.00 omni.gos X     +0.0 ,Y     -0.1. omgD -0.011 omg  +0.00 loop   5012
[0mBatt=23.5 [0m[33mODOM [31mVisionX  +0.00 Y  +0.00 theta   +0.0 elt    0 [0mimu  -0.6 Dt 15866 LtCy 7933 integ.govd   +0.00   +0.00 integ.vbp +0.00 +0.00 omni.gos X     +0.0 ,Y     -0.0. omgD -0.002 omg  +0.00 loop   4999
[0mBatt=23.5 [0m[33mODOM [31mVisionX  +0.00 Y  +0.00 theta   +0.0 elt    0 [0mimu  -0.6 Dt 15882 LtCy 7941 integ.govd   +0.00   +0.00 integ.vbp +0.00 +0.00 omni.gos X     +0.0 ,Y     -0.0. omgD -0.002 omg  +0.00 loop   5021
[0mBatt=23.5 [0m[33mODOM [31mVisionX  +0.00 Y  +0.00 theta   +0.0 elt    0 [0mimu  -0.6 Dt 15898 LtCy 7949 integ.govd   +0.00   +0.00 integ.vbp +0.00 +0.00 omni.gos X     +0.0 ,Y     -0.0. omgD -0.002 omg  +0.00 loop   5027
[0mBatt=23.5 [0m[33mODOM [31mVisionX  +0.00 Y  +0.00 theta   +0.0 elt    0 [0mimu  -0.6 Dt 15914 LtCy 7957 integ.govd   +0.00   +0.00 integ.vbp +0.00 +0.00 omni.gos X     -0.0 ,Y     -0.1. omgD -0.011 omg  +0.00 loop   4989
[0mBatt=23.5 [0m[33mODOM [31mVisionX  +0.00 Y  +0.00 theta   +0.0 elt    0 [0mimu  -0.6 Dt 15930 LtCy 7965 integ.govd   +0.00   +0.00 integ.vbp +0.00 +0.00 omni.gos X     +0.0 ,Y     -0.0. omgD -0.002 omg  +0.00 loop   5013
[0mBatt=23.5 [0m[33mODOM [31mVisionX  +0.00 Y  +0.00 theta   +0.0 elt    0 [0mimu  -0.6 Dt 15946 LtCy 7973 integ.govd   +0.00   +0.00 integ.vbp +0.00 +0.00 omni.gos X     +0.0 ,Y     +0.1. omgD +0.006 omg  +0.00 loop   4993
[0mBatt=23.5 [0m[33mODOM [31mVisionX  +0.00 Y  +0.00 theta   +0.0 elt    0 [0mimu  -0.6 Dt 15962 LtCy 7981 integ.govd   +0.00   +0.00 integ.vbp +0.00 +0.00 omni.gos X     +0.0 ,Y     -0.1. omgD -0.007 omg  +0.00 loop   4473
[0mBatt=23.5 [0m[33mODOM [31mVisionX  +0.00 Y  +0.00 theta   +0.0 elt    0 [0mimu  -0.6 Dt 15978 LtCy 7989 integ.govd   +0.00   +0.00 integ.vbp +0.00 +0.00 omni.gos X     +0.0 ,Y     +0.1. omgD +0.006 omg  +0.00 loop   4502
[0mBatt=23.5 [0m[33mODOM [31mVisionX  +0.00 Y  +0.00 theta   +0.0 elt    0 [0mimu  -0.6 Dt 15994 LtCy 7997 integ.govd   +0.00   +0.00 integ.vbp +0.00 +0.00 omni.gos X     +0.0 ,Y     -0.0. omgD -0.002 omg  +0.00 loop   4503
[0mBatt=23.5 [0m[33mODOM [31mVisionX  +0.00 Y  +0.00 theta   +0.0 elt    0 [0mimu  -0.6 Dt 16002 LtCy 8001 integ.govd   +0.00   +0.00 integ.vbp +0.00 +0.00 omni.gos X     +0.0 ,Y     -0.0. omgD -0.002 omg  +0.00 loop   2174
[0mBatt=23.5 [0m[33mODOM [31mVisionX  +0.00 Y  +0.00 theta   +0.0 elt    0 [0mimu  -0.6 Dt 16018 LtCy 8009 integ.govd   +0.00   +0.00 integ.vbp +0.00 +0.00 omni.gos X     +0.0 ,Y     -0.0. omgD -0.002 omg  +0.00 loop   4480
[0mBatt=23.5 [0m[33mODOM [31mVisionX  +0.00 Y  +0.00 theta   +0.0 elt    0 [0mimu  -0.6 Dt 16034 LtCy 8017 integ.govd   +0.00   +0.00 integ.vbp +0.00 +0.00 omni.gos X     +0.0 ,Y     +0.0. omgD +0.002 omg  +0.00 loop   4502
[0mBatt=23.5 [0m[33mODOM [31mVisionX  +0.00 Y  +0.00 theta   +0.0 elt    0 [0mimu  -0.6 Dt 16050 LtCy 8025 integ.govd   +0.00   +0.00 integ.vbp +0.00 +0.00 omni.gos X     -0.0 ,Y     -0.1. omgD -0.011 omg  +0.00 loop   4512
[0mBatt=23.5 [0m[33mODOM [31mVisionX  +0.00 Y  +0.00 theta   +0.0 elt    0 [0mimu  -0.6 Dt 16066 LtCy 8033 integ.govd   +0.00   +0.00 integ.vbp +0.00 +0.00 omni.gos X     -0.0 ,Y     -0.1. omgD -0.011 omg  +0.00 loop   4482
[0mBatt=23.5 [0m[33mODOM [31mVisionX  +0.00 Y  +0.00 theta   +0.0 elt    0 [0mimu  -0.6 Dt 16082 LtCy 8041 integ.govd   +0.00   +0.00 integ.vbp +0.00 +0.00 omni.gos X     +0.0 ,Y     -0.0. omgD -0.002 omg  +0.00 loop   4484
[0mBatt=23.5 [0m[33mODOM [31mVisionX  +0.00 Y  +0.00 theta   +0.0 elt    0 [0mimu  -0.6 Dt 16098 LtCy 8049 integ.govd   +0.00   +0.00 integ.vbp +0.00 +0.00 omni.gos X     +0.0 ,Y     -0.1. omgD -0.011 omg  +0.00 loop   4508
[0mBatt=23.5 [0m[33mODOM [31mVisionX  +0.00 Y  +0.00 theta   +0.0 elt    0 [0mimu  -0.6 Dt 16114 LtCy 8057 integ.govd   +0.00   +0.00 integ.vbp +0.00 +0.00 omni.gos X     +0.0 ,Y     +0.0. omgD +0.002 omg  +0.00 loop   4491
[0mBatt=23.5 [0m[33mODOM [31mVisionX  +0.00 Y  +0.00 theta   +0.0 elt    0 [0mimu  -0.6 Dt 16130 LtCy 8065 integ.govd   +0.00   +0.00 integ.vbp +0.00 +0.00 omni.gos X     +0.0 ,Y     +0.0. omgD +0.002 omg  +0.00 loop   4493
[0mBatt=23.5 [0m[33mODOM [31mVisionX  +0.00 Y  +0.00 theta   +0.0 elt    0 [0mimu  -0.6 Dt    8 LtCy    4 integ.govd   +0.00   -0.00 integ.vbp +0.00 -0.00 omni.gos X     +0.0 ,Y     -0.0. omgD -0.002 omg  +0.00 loop   4363
[0mBatt=23.5 [0m[33mODOM [31mVisionX  +0.00 Y  +0.00 theta   +0.0 elt    0 [0mimu  -0.6 Dt   24 LtCy   12 integ.govd   +0.00   -0.00 integ.vbp +0.00 -0.00 omni.gos X     +0.0 ,Y     -0.0. omgD -0.002 omg  +0.00 loop   4478
[0mBatt=23.5 [0m[33mODOM [31mVisionX  +0.00 Y  +0.00 theta   +0.0 elt    0 [0mimu  -0.6 Dt   40 LtCy   20 integ.govd   -0.00   -0.00 integ.vbp -0.00 -0.00 omni.gos X     +0.0 ,Y     -0.1. omgD -0.011 omg  +0.00 loop   4435
[0mBatt=23.5 [0m[33mODOM [31mVisionX  +0.00 Y  +0.00 theta   +0.0 elt    0 [0mimu  -0.6 Dt   56 LtCy   28 integ.govd   -0.00   -0.00 integ.vbp -0.00 -0.00 omni.gos X     +0.0 ,Y     -0.1. omgD -0.011 omg  +0.00 loop   4459
[0mBatt=23.5 [0m[33mODOM [31mVisionX  +0.00 Y  +0.00 theta   +0.0 elt    0 [0mimu  -0.6 Dt   72 LtCy   36 integ.govd   -0.00   -0.00 integ.vbp -0.00 -0.00 omni.gos X     +0.0 ,Y     -0.0. omgD -0.002 omg  +0.00 loop   4452
[0mBatt=23.5 [0m[33mODOM [31mVisionX  +0.00 Y  +0.00 theta   +0.0 elt    0 [0mimu  -0.6 Dt   88 LtCy   44 integ.govd   -0.00   -0.01 integ.vbp -0.00 -0.00 omni.gos X     +0.0 ,Y     +0.0. omgD +0.002 omg  +0.00 loop   4415
[0mBatt=23.5 [0m[33mODOM [31mVisionX  +0.00 Y  +0.00 theta   +0.0 elt    0 [0mimu  -0.6 Dt    0 LtCy    0 integ.govd   +0.00   +0.00 integ.vbp +0.00 +0.00 omni.gos X     +0.0 ,Y     +0.0. omgD +0.002 omg  +0.00 loop   4169
[0mBatt=23.5 [0m[33mODOM [31mVisionX  +0.00 Y  +0.00 theta   +0.0 elt    0 [0mimu  -0.6 Dt   12 LtCy    6 integ.govd   +0.00   -0.00 integ.vbp +0.00 -0.00 omni.gos X     +0.0 ,Y     -0.0. omgD -0.002 omg  +0.00 loop   4420
[0mBatt=23.5 [0m[33mODOM [31mVisionX  +0.00 Y  +0.00 theta   +0.0 elt    0 [0mimu  -0.6 Dt   28 LtCy   14 integ.govd   -0.00   -0.00 integ.vbp -0.00 -0.00 omni.gos X     +0.0 ,Y     -0.1. omgD -0.011 omg  +0.00 loop   4468
[0mBatt=23.5 [0m[33mODOM [31mVisionX  +0.00 Y  +0.00 theta   +0.0 elt    0 [0mimu  -0.6 Dt   44 LtCy   22 integ.govd   -0.00   -0.00 integ.vbp -0.00 -0.00 omni.gos X     +0.0 ,Y     -0.1. omgD -0.007 omg  +0.00 loop   4434
[0mBatt=23.5 [0m[33mODOM [31mVisionX  +0.00 Y  +0.00 theta   +0.0 elt    0 [0mimu  -0.6 Dt   60 LtCy   30 integ.govd   -0.00   -0.00 integ.vbp -0.00 -0.00 omni.gos X     +0.0 ,Y     -0.0. omgD -0.002 omg  +0.00 loop   4460
[0mBatt=23.5 [0m[33mODOM [31mVisionX  +0.00 Y  +0.00 theta   +0.0 elt    0 [0mimu  -0.6 Dt   76 LtCy   38 integ.govd   -0.00   -0.01 integ.vbp -0.00 -0.00 omni.gos X     +0.0 ,Y     -0.1. omgD -0.011 omg  +0.00 loop   4446
[0mBatt=23.5 [0m[33mODOM [31mVisionX  +0.00 Y  +0.00 theta   +0.0 elt    0 [0mimu  -0.6 Dt   92 LtCy   46 integ.govd   -0.00   -0.01 integ.vbp -0.00 -0.00 omni.gos X     +0.0 ,Y     -0.1. omgD -0.011 omg  +0.00 loop   4409
[0mBatt=23.5 [0m[33mODOM [31mVisionX  +0.00 Y  +0.00 theta   +0.0 elt    0 [0mimu  -0.6 Dt    6 LtCy    3 integ.govd   +0.00   -0.00 integ.vbp +0.00 -0.00 omni.gos X     +0.0 ,Y     -0.1. omgD -0.007 omg  +0.00 loop   3975
[0mBatt=23.5 [0m[33mODOM [31mVisionX  +0.00 Y  +0.00 theta   +0.0 elt    0 [0mimu  -0.6 Dt   22 LtCy   11 integ.govd   -0.00   -0.00 integ.vbp -0.00 -0.00 omni.gos X     +0.0 ,Y     -0.0. omgD -0.002 omg  +0.00 loop   4474
[0mBatt=23.5 [0m[33mODOM [31mVisionX  +0.00 Y  +0.00 theta   +0.0 elt    0 [0mimu  -0.6 Dt   38 LtCy   19 integ.govd   -0.00   -0.01 integ.vbp -0.00 -0.00 omni.gos X     +0.0 ,Y     -0.1. omgD -0.007 omg  +0.00 loop   4439
[0mBatt=23.5 [0m[33mODOM [31mVisionX  +0.00 Y  +0.00 theta   +0.0 elt    0 [0mimu  -0.6 Dt   54 LtCy   27 integ.govd   -0.00   -0.01 integ.vbp -0.00 -0.00 omni.gos X     +0.0 ,Y     -0.1. omgD -0.007 omg  +0.00 loop   4452
[0mBatt=23.5 [0m[33mODOM [31mVisionX  +0.00 Y  +0.00 theta   +0.0 elt    0 [0mimu  -0.6 Dt   70 LtCy   35 integ.govd   -0.00   -0.01 integ.vbp -0.00 -0.00 omni.gos X     +0.0 ,Y     -0.1. omgD -0.007 omg  +0.00 loop   4462
[0mBatt=23.5 [0m[33mODOM [31mVisionX  +0.00 Y  +0.00 theta   +0.0 elt    0 [0mimu  -0.6 Dt   86 LtCy   43 integ.govd   -0.00   -0.01 integ.vbp -0.00 -0.00 omni.gos X     +0.0 ,Y     -0.0. omgD -0.002 omg  +0.00 loop   4424
[0mBatt=23.5 [0m[33mODOM [31mVisionX  +0.00 Y  +0.00 theta   +0.0 elt    0 [0mimu  -0.6 Dt    2 LtCy    1 integ.govd   +0.00   -0.00 integ.vbp +0.00 -0.00 omni.gos X     +0.0 ,Y     -0.1. omgD -0.011 omg  +0.00 loop   3973
[0mBatt=23.5 [0m[33mODOM [31mVisionX  +0.00 Y  +0.00 theta   +0.0 elt    0 [0mimu  -0.6 Dt   18 LtCy    9 integ.govd   -0.00   -0.00 integ.vbp -0.00 -0.00 omni.gos X     +0.0 ,Y     -0.1. omgD -0.007 omg  +0.00 loop   4487
[0mBatt=23.5 [0m[33mODOM [31mVisionX  +0.00 Y  +0.00 theta   +0.0 elt    0 [0mimu  -0.6 Dt   34 LtCy   17 integ.govd   -0.00   -0.00 integ.vbp -0.00 -0.00 omni.gos X     +0.0 ,Y     +0.0. omgD +0.002 omg  +0.00 loop   4444
[0mBatt=23.5 [0m[33mODOM [31mVisionX  +0.00 Y  +0.00 theta   +0.0 elt    0 [0mimu  -0.6 Dt   50 LtCy   25 integ.govd   -0.00   -0.00 integ.vbp -0.00 -0.00 omni.gos X     +0.0 ,Y     -0.1. omgD -0.011 omg  +0.00 loop   4443
[0mBatt=23.5 [0m[33mODOM [31mVisionX  +0.00 Y  +0.00 theta   +0.0 elt    0 [0mimu  -0.6 Dt   66 LtCy   33 integ.govd   -0.00   -0.00 integ.vbp -0.00 -0.00 omni.gos X     -0.0 ,Y     -0.1. omgD -0.007 omg  +0.00 loop   4448
[0mBatt=23.5 [0m[33mODOM [31mVisionX  +0.00 Y  +0.00 theta   +0.0 elt    0 [0mimu  -0.6 Dt   82 LtCy   41 integ.govd   -0.00   -0.01 integ.vbp -0.00 -0.00 omni.gos X     +0.0 ,Y     -0.1. omgD -0.007 omg  +0.00 loop   4447
[0mBatt=23.5 [0m[33mODOM [31mVisionX  +0.00 Y  +0.00 theta   +0.0 elt    0 [0mimu  -0.6 Dt    0 LtCy    0 integ.govd   +0.00   +0.00 integ.vbp +0.00 +0.00 omni.gos X     +0.0 ,Y     -0.1. omgD -0.011 omg  +0.00 loop   4172
[0mBatt=23.5 [0m[33mODOM [31mVisionX  +0.00 Y  +0.00 theta   +0.0 elt    0 [0mimu  -0.6 Dt   12 LtCy    6 integ.govd   +0.00   -0.00 integ.vbp +0.00 -0.00 omni.gos X     +0.0 ,Y     -0.0. omgD -0.002 omg  +0.00 loop   4262
[0mBatt=23.5 [0m[33mODOM [31mVisionX  +0.00 Y  +0.00 theta   +0.0 elt    0 [0mimu  -0.6 Dt   28 LtCy   14 integ.govd   -0.00   -0.00 integ.vbp -0.00 -0.00 omni.gos X     +0.0 ,Y     -0.1. omgD -0.007 omg  +0.00 loop   4482
[0mBatt=23.5 [0m[33mODOM [31mVisionX  +0.00 Y  +0.00 theta   +0.0 elt    0 [0mimu  -0.6 Dt   44 LtCy   22 integ.govd   -0.00   -0.00 integ.vbp -0.00 -0.00 omni.gos X     -0.0 ,Y     -0.1. omgD -0.007 omg  +0.00 loop   4429
[0mBatt=23.5 [0m[33mODOM [31mVisionX  +0.00 Y  +0.00 theta   +0.0 elt    0 [0mimu  -0.6 Dt   60 LtCy   30 integ.govd   -0.00   -0.00 integ.vbp -0.00 -0.00 omni.gos X     +0.0 ,Y     -0.1. omgD -0.007 omg  +0.00 loop   4447
[0mBatt=23.5 [0m[33mODOM [31mVisionX  +0.00 Y  +0.00 theta   +0.0 elt    0 [0mimu  -0.6 Dt   76 LtCy   38 integ.govd   -0.00   -0.01 integ.vbp -0.00 -0.00 omni.gos X     -0.0 ,Y     -0.2. omgD -0.013 omg  +0.00 loop   4451
[0mBatt=23.5 [0m[33mODOM [31mVisionX  +0.00 Y  +0.00 theta   +0.0 elt    0 [0mimu  -0.6 Dt   92 LtCy   46 integ.govd   -0.00   -0.01 integ.vbp -0.00 -0.00 omni.gos X     +0.0 ,Y     -0.0. omgD -0.000 omg  +0.00 loop   4428
[0mBatt=23.5 [0m[33mODOM [31mVisionX  +0.00 Y  +0.00 theta   +0.0 elt    0 [0mimu  -0.6 Dt    8 LtCy    4 integ.govd   +0.00   +0.00 integ.vbp +0.00 +0.00 omni.gos X     +0.0 ,Y     -0.0. omgD -0.002 omg  +0.00 loop   4175
[0mBatt=23.5 [0m[33mODOM [31mVisionX  +0.00 Y  +0.00 theta   +0.0 elt    0 [0mimu  -0.6 Dt   24 LtCy   12 integ.govd   +0.00   -0.00 integ.vbp +0.00 -0.00 omni.gos X     +0.0 ,Y     -0.1. omgD -0.005 omg  +0.00 loop   4471
[0mBatt=23.5 [0m[33mODOM [31mVisionX  +0.00 Y  +0.00 theta   +0.0 elt    0 [0mimu  -0.6 Dt   40 LtCy   20 integ.govd   +0.00   -0.00 integ.vbp +0.00 -0.00 omni.gos X     +0.0 ,Y     +0.0. omgD +0.002 omg  +0.00 loop   4466
[0mBatt=23.5 [0m[33mODOM [31mVisionX  +0.00 Y  +0.00 theta   +0.0 elt    0 [0mimu  -0.6 Dt   56 LtCy   28 integ.govd   -0.00   -0.00 integ.vbp -0.00 -0.00 omni.gos X     +0.0 ,Y     -0.1. omgD -0.005 omg  +0.00 loop   4443
[0mBatt=23.5 [0m[33mODOM [31mVisionX  +0.00 Y  +0.00 theta   +0.0 elt    0 [0mimu  -0.6 Dt   72 LtCy   36 integ.govd   -0.00   -0.00 integ.vbp -0.00 -0.00 omni.gos X     +0.0 ,Y     -0.1. omgD -0.005 omg  +0.00 loop   4464
[0mBatt=23.5 [0m[33mODOM [31mVisionX  +0.00 Y  +0.00 theta   +0.0 elt    0 [0mimu  -0.6 Dt   88 LtCy   44 integ.govd   -0.00   -0.00 integ.vbp -0.00 -0.00 omni.gos X     +0.0 ,Y     -0.1. omgD -0.005 omg  +0.00 loop   4435
[0mBatt=23.5 [0m[33mODOM [31mVisionX  +0.00 Y  +0.00 theta   +0.0 elt    0 [0mimu  -0.6 Dt    0 LtCy    0 integ.govd   +0.00   +0.00 integ.vbp +0.00 +0.00 omni.gos X     +0.0 ,Y     +0.1. omgD +0.006 omg  +0.00 loop   3933
[0mBatt=23.5 [0m[33mODOM [31mVisionX  +0.00 Y  +0.00 theta   +0.0 elt    0 [0mimu  -0.6 Dt   14 LtCy    7 integ.govd   +0.00   -0.00 integ.vbp +0.00 -0.00 omni.gos X     +0.0 ,Y     -0.1. omgD -0.005 omg  +0.00 loop   4381
[0mBatt=23.5 [0m[33mODOM [31mVisionX  +0.00 Y  +0.00 theta   +0.0 elt    0 [0mimu  -0.6 Dt   30 LtCy   15 integ.govd   +0.00   -0.00 integ.vbp +0.00 -0.00 omni.gos X     +0.0 ,Y     -0.1. omgD -0.005 omg  +0.00 loop   4482
[0mBatt=23.5 [0m[33mODOM [31mVisionX  +0.00 Y  +0.00 theta   +0.0 elt    0 [0mimu  -0.6 Dt   46 LtCy   23 integ.govd   -0.00   -0.00 integ.vbp -0.00 -0.00 omni.gos X     +0.0 ,Y     -0.3. omgD -0.022 omg  +0.00 loop   4446
[0mBatt=23.5 [0m[33mODOM [31mVisionX  +0.00 Y  +0.00 theta   +0.0 elt    0 [0mimu  -0.6 Dt   62 LtCy   31 integ.govd   -0.00   -0.01 integ.vbp -0.00 -0.00 omni.gos X     +0.0 ,Y     -0.2. omgD -0.015 omg  +0.00 loop   4447
[0mBatt=23.5 [0m[33mODOM [31mVisionX  +0.00 Y  +0.00 theta   +0.0 elt    0 [0mimu  -0.6 Dt   78 LtCy   39 integ.govd   -0.00   -0.01 integ.vbp -0.00 -0.00 omni.gos X     +0.0 ,Y     -0.0. omgD -0.000 omg  +0.00 loop   4456
[0mBatt=23.5 [0m[33mODOM [31mVisionX  +0.00 Y  +0.00 theta   +0.0 elt    0 [0mimu  -0.6 Dt    0 LtCy    0 integ.govd   +0.00   +0.00 integ.vbp +0.00 +0.00 omni.gos X     +0.0 ,Y     -0.1. omgD -0.007 omg  +0.00 loop   4287
[0mBatt=23.5 [0m[33mODOM [31mVisionX  +0.00 Y  +0.00 theta   +0.0 elt    0 [0mimu  -0.6 Dt   10 LtCy    5 integ.govd   -0.00   -0.00 integ.vbp -0.00 -0.00 omni.gos X     +0.0 ,Y     -0.1. omgD -0.007 omg  +0.00 loop   4125
[0mBatt=23.5 [0m[33mODOM [31mVisionX  +0.00 Y  +0.00 theta   +0.0 elt    0 [0mimu  -0.6 Dt   26 LtCy   13 integ.govd   -0.00   -0.00 integ.vbp -0.00 -0.00 omni.gos X     +0.0 ,Y     -0.3. omgD -0.019 omg  +0.00 loop   4461
[0mBatt=23.5 [0m[33mODOM [31mVisionX  +0.00 Y  +0.00 theta   +0.0 elt    0 [0mimu  -0.6 Dt   42 LtCy   21 integ.govd   -0.00   -0.01 integ.vbp -0.00 -0.00 omni.gos X     +0.0 ,Y     -0.4. omgD -0.028 omg  +0.00 loop   4459
[0mBatt=23.5 [0m[33mODOM [31mVisionX  +0.00 Y  +0.00 theta   +0.0 elt    0 [0mimu  -0.6 Dt   58 LtCy   29 integ.govd   -0.00   -0.01 integ.vbp -0.00 -0.00 omni.gos X     +0.0 ,Y     -0.3. omgD -0.026 omg  +0.00 loop   4424
[0mBatt=23.5 [0m[33mODOM [31mVisionX  +0.00 Y  +0.00 theta   +0.0 elt    0 [0mimu  -0.7 Dt   74 LtCy   37 integ.govd   -0.00   -0.02 integ.vbp -0.00 -0.00 omni.gos X     -0.0 ,Y     -0.2. omgD -0.015 omg  +0.00 loop   4457
[0mBatt=23.5 [0m[33mODOM [31mVisionX  +0.00 Y  +0.00 theta   +0.0 elt    0 [0mimu  -0.7 Dt   90 LtCy   45 integ.govd   -0.00   -0.02 integ.vbp -0.00 -0.00 omni.gos X     +0.0 ,Y     +0.0. omgD +0.002 omg  +0.00 loop   4445
[0mBatt=23.5 [0m[33mODOM [31mVisionX  +0.00 Y  +0.00 theta   +0.0 elt    0 [0mimu  -0.7 Dt    4 LtCy    2 integ.govd   -0.00   -0.00 integ.vbp -0.00 -0.00 omni.gos X     -0.0 ,Y     -0.1. omgD -0.009 omg  +0.00 loop   3953
[0mBatt=23.5 [0m[33mODOM [31mVisionX  +0.00 Y  +0.00 theta   +0.0 elt    0 [0mimu  -0.7 Dt   20 LtCy   10 integ.govd   -0.00   -0.01 integ.vbp -0.00 -0.00 omni.gos X     +0.0 ,Y     -0.5. omgD -0.034 omg  +0.00 loop   4463
[0mBatt=23.5 [0m[33mODOM [31mVisionX  +0.00 Y  +0.00 theta   +0.0 elt    0 [0mimu  -0.7 Dt   36 LtCy   18 integ.govd   -0.00   -0.01 integ.vbp -0.00 -0.00 omni.gos X     -0.0 ,Y     -0.5. omgD -0.041 omg  +0.00 loop   4456
[0mBatt=23.5 [0m[33mODOM [31mVisionX  +0.00 Y  +0.00 theta   +0.0 elt    0 [0mimu  -0.7 Dt   44 LtCy   22 integ.govd   -0.00   -0.02 integ.vbp -0.00 -0.00 omni.gos X     +0.0 ,Y     -0.4. omgD -0.028 omg  +0.00 loop   2121
[0mBatt=23.5 [0m[33mODOM [31mVisionX  +0.00 Y  +0.00 theta   +0.0 elt    0 [0mimu  -0.7 Dt   60 LtCy   30 integ.govd   -0.00   -0.02 integ.vbp -0.00 -0.00 omni.gos X     +0.0 ,Y     +0.0. omgD +0.002 omg  +0.00 loop   4427
[0mBatt=23.5 [0m[33mODOM [31mVisionX  +0.00 Y  +0.00 theta   +0.0 elt    0 [0mimu  -0.7 Dt   76 LtCy   38 integ.govd   -0.00   -0.02 integ.vbp -0.00 -0.00 omni.gos X     +0.0 ,Y     -0.1. omgD -0.007 omg  +0.00 loop   4450
[0mBatt=23.5 [0m[33mODOM [31mVisionX  +0.00 Y  +0.00 theta   +0.0 elt    0 [0mimu  -0.7 Dt   92 LtCy   46 integ.govd   -0.00   -0.02 integ.vbp -0.00 -0.00 omni.gos X     -0.0 ,Y     -0.2. omgD -0.015 omg  +0.00 loop   4455
[0mBatt=23.5 [0m[33mODOM [31mVisionX  +0.00 Y  +0.00 theta   +0.0 elt    0 [0mimu  -0.7 Dt    6 LtCy    3 integ.govd   -0.00   -0.00 integ.vbp -0.00 -0.00 omni.gos X     +0.0 ,Y     -0.1. omgD -0.011 omg  +0.00 loop   3967
[0mBatt=23.5 [0m[33mODOM [31mVisionX  +0.00 Y  +0.00 theta   +0.0 elt    0 [0mimu  -0.7 Dt   22 LtCy   11 integ.govd   -0.00   -0.00 integ.vbp -0.00 -0.00 omni.gos X     +0.0 ,Y     -0.0. omgD -0.002 omg  +0.00 loop   4461
[0mBatt=23.5 [0m[33mODOM [31mVisionX  +0.00 Y  +0.00 theta   +0.0 elt    0 [0mimu  -0.7 Dt   38 LtCy   19 integ.govd   -0.00   -0.00 integ.vbp -0.00 -0.00 omni.gos X     +0.0 ,Y     -0.0. omgD -0.002 omg  +0.00 loop   4467
[0mBatt=23.5 [0m[33mODOM [31mVisionX  +0.00 Y  +0.00 theta   +0.0 elt    0 [0mimu  -0.7 Dt   54 LtCy   27 integ.govd   -0.00   -0.00 integ.vbp -0.00 -0.00 omni.gos X     +0.0 ,Y     +0.0. omgD +0.002 omg  +0.00 loop   4430
[0mBatt=23.5 [0m[33mODOM [31mVisionX  +0.00 Y  +0.00 theta   +0.0 elt    0 [0mimu  -0.7 Dt   70 LtCy   35 integ.govd   -0.00   -0.01 integ.vbp -0.00 -0.00 omni.gos X     +0.0 ,Y     -0.2. omgD -0.015 omg  +0.00 loop   4440
[0mBatt=23.5 [0mODOM [31mVisionX  +0.00 Y  +0.00 theta   +0.0 elt    0 [0mimu  -0.7 Dt   86 LtCy   43 integ.govd   -0.00   -0.01 integ.vbp -0.00 -0.00 omni.gos X     +0.0 ,Y     -0.3. omgD -0.019 omg  +0.00 loop   4468
[0mBatt=23.5 [0mODOM [31mVisionX  +0.00 Y  +0.00 theta   +0.0 elt    0 [0mimu  -0.7 Dt    0 LtCy    0 integ.govd   +0.00   +0.00 integ.vbp +0.00 +0.00 omni.gos X     +0.0 ,Y     -0.1. omgD -0.007 omg  +0.00 loop   4016
[0mBatt=23.5 [0mODOM [31mVisionX  +0.00 Y  +0.00 theta   +0.0 elt    0 [0mimu  -0.7 Dt   16 LtCy    8 integ.govd   -0.00   -0.00 integ.vbp -0.00 -0.00 omni.gos X     +0.0 ,Y     +0.0. omgD +0.002 omg  +0.00 loop   4491
[0mBatt=23.5 [0mODOM [31mVisionX  +0.00 Y  +0.00 theta   +0.0 elt    0 [0mimu  -0.7 Dt   32 LtCy   16 integ.govd   -0.00   -0.00 integ.vbp -0.00 -0.00 omni.gos X     +0.0 ,Y     +0.0. omgD +0.002 omg  +0.00 loop   4499
[0mBatt=23.5 [0mODOM [31mVisionX  +0.00 Y  +0.00 theta   +0.0 elt    0 [0mimu  -0.7 Dt   48 LtCy   24 integ.govd   -0.00   -0.00 integ.vbp -0.00 -0.00 omni.gos X     -0.0 ,Y     -0.1. omgD -0.007 omg  +0.00 loop   4486
[0mBatt=23.5 [0mODOM [31mVisionX  +0.00 Y  +0.00 theta   +0.0 elt    0 [0mimu  -0.7 Dt   64 LtCy   32 integ.govd   -0.00   -0.00 integ.vbp -0.00 -0.00 omni.gos X     +0.0 ,Y     -0.1. omgD -0.007 omg  +0.00 loop   4446
[0mBatt=23.5 [0mODOM [31mVisionX  +0.00 Y  +0.00 theta   +0.0 elt    0 [0mimu  -0.7 Dt   80 LtCy   40 integ.govd   -0.00   -0.01 integ.vbp -0.00 -0.00 omni.gos X     +0.0 ,Y     -0.1. omgD -0.007 omg  +0.00 loop   4481
[0mBatt=23.5 [0mODOM [31mVisionX  +0.00 Y  +0.00 theta   +0.0 elt    0 [0mimu  -0.7 Dt    0 LtCy    0 integ.govd   +0.00   +0.00 integ.vbp +0.00 +0.00 omni.gos X     +0.0 ,Y     -0.1. omgD -0.011 omg  +0.00 loop   4326
[0mBatt=23.5 [0mODOM [31mVisionX  +0.00 Y  +0.00 theta   +0.0 elt    0 [0mimu  -0.7 Dt   10 LtCy    5 integ.govd   +0.00   -0.00 integ.vbp +0.00 -0.00 omni.gos X     +0.0 ,Y     -0.1. omgD -0.011 omg  +0.00 loop   4167
[0mBatt=23.5 [0mODOM [31mVisionX  +0.00 Y  +0.00 theta   +0.0 elt    0 [0mimu  -0.7 Dt   26 LtCy   13 integ.govd   -0.00   -0.00 integ.vbp -0.00 -0.00 omni.gos X     -0.0 ,Y     -0.1. omgD -0.011 omg  +0.00 loop   4492
[0mBatt=23.5 [0mODOM [31mVisionX  +0.00 Y  +0.00 theta   +0.0 elt    0 [0mimu  -0.7 Dt   42 LtCy   21 integ.govd   -0.00   -0.00 integ.vbp -0.00 -0.00 omni.gos X     -0.0 ,Y     -0.0. omgD -0.002 omg  +0.00 loop   4488
[0mBatt=23.5 [0mODOM [31mVisionX  +0.00 Y  +0.00 theta   +0.0 elt    0 [0mimu  -0.7 Dt   58 LtCy   29 integ.govd   -0.00   -0.01 integ.vbp -0.00 -0.00 omni.gos X     -0.0 ,Y     -0.1. omgD -0.007 omg  +0.00 loop   4477
[0mBatt=23.5 [0mODOM [31mVisionX  +0.00 Y  +0.00 theta   +0.0 elt    0 [0mimu  -0.7 Dt   74 LtCy   37 integ.govd   -0.00   -0.01 integ.vbp -0.00 -0.00 omni.gos X     +0.0 ,Y     +0.0. omgD +0.002 omg  +0.00 loop   4463
[0mBatt=23.5 [0mODOM [31mVisionX  +0.00 Y  +0.00 theta   +0.0 elt    0 [0mimu  -0.7 Dt   90 LtCy   45 integ.govd   -0.00   -0.01 integ.vbp -0.00 -0.00 omni.gos X     +0.0 ,Y     -0.0. omgD -0.002 omg  +0.00 loop   4486
[0mBatt=23.5 [0mODOM [31mVisionX  +0.00 Y  +0.00 theta   +0.0 elt    0 [0mimu  -0.7 Dt    6 LtCy    3 integ.govd   -0.00   -0.00 integ.vbp -0.00 -0.00 omni.gos X     -0.0 ,Y     -0.1. omgD -0.011 omg  +0.00 loop   4073
[0mBatt=23.5 [0mODOM [31mVisionX  +0.00 Y  +0.00 theta   +0.0 elt    0 [0mimu  -0.7 Dt   22 LtCy   11 integ.govd   -0.00   -0.00 integ.vbp -0.00 -0.00 omni.gos X     +0.0 ,Y     -0.1. omgD -0.007 omg  +0.00 loop   4467
[0mBatt=23.5 [0mODOM [31mVisionX  +0.00 Y  +0.00 theta   +0.0 elt    0 [0mimu  -0.7 Dt   38 LtCy   19 integ.govd   -0.00   -0.00 integ.vbp -0.00 -0.00 omni.gos X     +0.0 ,Y     +0.1. omgD +0.006 omg  +0.00 loop   4498
[0mBatt=23.5 [0mODOM [31mVisionX  +0.00 Y  +0.00 theta   +0.0 elt    0 [0mimu  -0.7 Dt   54 LtCy   27 integ.govd   +0.00   -0.00 integ.vbp +0.00 -0.00 omni.gos X     +0.0 ,Y     +0.1. omgD +0.006 omg  +0.00 loop   4495
[0mBatt=23.5 [0mODOM [31mVisionX  +0.00 Y  +0.00 theta   +0.0 elt    0 [0mimu  -0.7 Dt   70 LtCy   35 integ.govd   +0.00   -0.00 integ.vbp +0.00 -0.00 omni.gos X     +0.0 ,Y     -0.0. omgD -0.002 omg  +0.00 loop   4482
[0mBatt=23.5 [0mODOM [31mVisionX  +0.00 Y  +0.00 theta   +0.0 elt    0 [0mimu  -0.7 Dt   86 LtCy   43 integ.govd   -0.00   -0.00 integ.vbp -0.00 -0.00 omni.gos X     +0.0 ,Y     -0.1. omgD -0.007 omg  +0.00 loop   4496
[0mBatt=23.5 [0mODOM [31mVisionX  +0.00 Y  +0.00 theta   +0.0 elt    0 [0mimu  -0.7 Dt    0 LtCy    0 integ.govd   +0.00   +0.00 integ.vbp +0.00 +0.00 omni.gos X     +0.0 ,Y     -0.0. omgD -0.002 omg  +0.00 loop   3978
[0mBatt=23.5 [0mODOM [31mVisionX  +0.00 Y  +0.00 theta   +0.0 elt    0 [0mimu  -0.7 Dt   16 LtCy    8 integ.govd   +0.00   +0.00 integ.vbp +0.00 +0.00 omni.gos X     +0.0 ,Y     +0.1. omgD +0.010 omg  +0.00 loop   4507
[0mBatt=23.5 [0mODOM [31mVisionX  +0.00 Y  +0.00 theta   +0.0 elt    0 [0mimu  -0.7 Dt   32 LtCy   16 integ.govd   +0.00   +0.00 integ.vbp +0.00 +0.00 omni.gos X     +0.0 ,Y     +0.1. omgD +0.010 omg  +0.00 loop   4489
[0mBatt=23.5 [0mODOM [31mVisionX  +0.00 Y  +0.00 theta   +0.0 elt    0 [0mimu  -0.7 Dt   48 LtCy   24 integ.govd   +0.00   +0.00 integ.vbp +0.00 +0.00 omni.gos X     +0.0 ,Y     -0.1. omgD -0.007 omg  +0.00 loop   4485
[0mBatt=23.5 [0mODOM [31mVisionX  +0.00 Y  +0.00 theta   +0.0 elt    0 [0mimu  -0.7 Dt   64 LtCy   32 integ.govd   +0.00   +0.00 integ.vbp +0.00 +0.00 omni.gos X     +0.0 ,Y     -0.3. omgD -0.019 omg  +0.00 loop   4475
[0mBatt=23.5 [0mODOM [31mVisionX  +0.00 Y  +0.00 theta   +0.0 elt    0 [0mimu  -0.7 Dt   80 LtCy   40 integ.govd   -0.00   -0.00 integ.vbp -0.00 -0.00 omni.gos X     -0.0 ,Y     -0.1. omgD -0.011 omg  +0.00 loop   4458
[0mBatt=23.5 [0mODOM [31mVisionX  +0.00 Y  +0.00 theta   +0.0 elt    0 [0mimu  -0.7 Dt    0 LtCy    0 integ.govd   +0.00   +0.00 integ.vbp +0.00 +0.00 omni.gos X     +0.0 ,Y     +0.0. omgD +0.002 omg  +0.00 loop   4362
[0mBatt=23.5 [0mODOM [31mVisionX  +0.00 Y  +0.00 theta   +0.0 elt    0 [0mimu  -0.7 Dt   10 LtCy    5 integ.govd   +0.00   +0.00 integ.vbp +0.00 +0.00 omni.gos X     +0.0 ,Y     +0.2. omgD +0.015 omg  +0.00 loop   4154
[0mBatt=23.5 [0mODOM [31mVisionX  +0.00 Y  +0.00 theta   +0.0 elt    0 [0mimu  -0.7 Dt   26 LtCy   13 integ.govd   +0.00   +0.00 integ.vbp +0.00 +0.00 omni.gos X     +0.0 ,Y     +0.1. omgD +0.006 omg  +0.00 loop   4454
[0mBatt=23.5 [0mODOM [31mVisionX  +0.00 Y  +0.00 theta   +0.0 elt    0 [0mimu  -0.7 Dt   42 LtCy   21 integ.govd   +0.00   +0.00 integ.vbp +0.00 +0.00 omni.gos X     +0.0 ,Y     -0.2. omgD -0.015 omg  +0.00 loop   4499
[0mBatt=23.5 [0mODOM [31mVisionX  +0.00 Y  +0.00 theta   +0.0 elt    0 [0mimu  -0.7 Dt   58 LtCy   29 integ.govd   +0.00   +0.00 integ.vbp +0.00 +0.00 omni.gos X     +0.0 ,Y     -0.1. omgD -0.007 omg  +0.00 loop   4477
[0mBatt=23.5 [0mODOM [31mVisionX  +0.00 Y  +0.00 theta   +0.0 elt    0 [0mimu  -0.7 Dt   74 LtCy   37 integ.govd   +0.00   -0.00 integ.vbp +0.00 -0.00 omni.gos X     +0.0 ,Y     -0.2. omgD -0.015 omg  +0.00 loop   4457
[0mBatt=23.5 [0mODOM [31mVisionX  +0.00 Y  +0.00 theta   +0.0 elt    0 [0mimu  -0.7 Dt   90 LtCy   45 integ.govd   -0.00   -0.00 integ.vbp -0.00 -0.00 omni.gos X     +0.0 ,Y     +0.1. omgD +0.006 omg  +0.00 loop   4454
[0mBatt=23.5 [0mODOM [31mVisionX  +0.00 Y  +0.00 theta   +0.0 elt    0 [0mimu  -0.7 Dt    4 LtCy    2 integ.govd   +0.00   +0.00 integ.vbp +0.00 +0.00 omni.gos X     +0.0 ,Y     +0.3. omgD +0.019 omg  +0.00 loop   4024
[0mBatt=23.5 [0mODOM [31mVisionX  +0.00 Y  +0.00 theta   +0.0 elt    0 [0mimu  -0.7 Dt   20 LtCy   10 integ.govd   +0.00   +0.00 integ.vbp +0.00 +0.00 omni.gos X     +0.0 ,Y     +0.1. omgD +0.010 omg  +0.00 loop   4475
[0mBatt=23.5 [0mODOM [31mVisionX  +0.00 Y  +0.00 theta   +0.0 elt    0 [0mimu  -0.7 Dt   36 LtCy   18 integ.govd   +0.00   +0.00 integ.vbp +0.00 +0.00 omni.gos X     +0.0 ,Y     -0.1. omgD -0.011 omg  +0.00 loop   4479
[0mBatt=23.5 [0mODOM [31mVisionX  +0.00 Y  +0.00 theta   +0.0 elt    0 [0mimu  -0.7 Dt   52 LtCy   26 integ.govd   +0.00   +0.00 integ.vbp +0.00 +0.00 omni.gos X     +0.0 ,Y     -0.3. omgD -0.024 omg  +0.00 loop   4492
[0mBatt=23.5 [0mODOM [31mVisionX  +0.00 Y  +0.00 theta   +0.0 elt    0 [0mimu  -0.7 Dt   68 LtCy   34 integ.govd   -0.00   -0.00 integ.vbp -0.00 -0.00 omni.gos X     +0.0 ,Y     -0.1. omgD -0.007 omg  +0.00 loop   4466
[0mBatt=23.5 [0mODOM [31mVisionX  +0.00 Y  +0.00 theta   +0.0 elt    0 [0mimu  -0.7 Dt   84 LtCy   42 integ.govd   -0.00   -0.00 integ.vbp -0.00 -0.00 omni.gos X     +0.0 ,Y     +0.0. omgD +0.002 omg  +0.00 loop   4457
[0mBatt=23.5 [0mODOM [31mVisionX  +0.00 Y  +0.00 theta   +0.0 elt    0 [0mimu  -0.7 Dt    0 LtCy    0 integ.govd   +0.00   +0.00 integ.vbp +0.00 +0.00 omni.gos X     +0.0 ,Y     -0.0. omgD -0.002 omg  +0.00 loop   4049
[0mBatt=23.4 [0mODOM [31mVisionX  +0.00 Y  +0.00 theta   +0.0 elt    0 [0mimu  -0.7 Dt   14 LtCy    7 integ.govd   +0.00   -0.00 integ.vbp +0.00 -0.00 omni.gos X     +0.0 ,Y     -0.0. omgD -0.002 omg  +0.00 loop   4479
[0mBatt=23.4 [0mODOM [31mVisionX  +0.00 Y  +0.00 theta   +0.0 elt    0 [0mimu  -0.7 Dt   30 LtCy   15 integ.govd   -0.00   -0.00 integ.vbp -0.00 -0.00 omni.gos X     -0.0 ,Y     -0.1. omgD -0.007 omg  +0.00 loop   4467
[0mBatt=23.5 [0mODOM [31mVisionX  +0.00 Y  +0.00 theta   +0.0 elt    0 [0mimu  -0.7 Dt   46 LtCy   23 integ.govd   -0.00   -0.00 integ.vbp -0.00 -0.00 omni.gos X     +0.0 ,Y     +0.0. omgD +0.002 omg  +0.00 loop   4481
[0mBatt=23.5 [0mODOM [31mVisionX  +0.00 Y  +0.00 theta   +0.0 elt    0 [0mimu  -0.7 Dt   62 LtCy   31 integ.govd   -0.00   -0.00 integ.vbp -0.00 -0.00 omni.gos X     +0.0 ,Y     -0.1. omgD -0.007 omg  +0.00 loop   4485
[0mBatt=23.5 [0mODOM [31mVisionX  +0.00 Y  +0.00 theta   +0.0 elt    0 [0mimu  -0.7 Dt   78 LtCy   39 integ.govd   -0.00   -0.01 integ.vbp -0.00 -0.00 omni.gos X     +0.0 ,Y     -0.1. omgD -0.011 omg  +0.00 loop   4453
[0mBatt=23.5 [0mODOM [31mVisionX  +0.00 Y  +0.00 theta   +0.0 elt    0 [0mimu  -0.7 Dt    0 LtCy    0 integ.govd   +0.00   +0.00 integ.vbp +0.00 +0.00 omni.gos X     +0.0 ,Y     -0.0. omgD -0.002 omg  +0.00 loop   4408
[0mBatt=23.5 [0mODOM [31mVisionX  +0.00 Y  +0.00 theta   +0.0 elt    0 [0mimu  -0.7 Dt    6 LtCy    3 integ.govd   +0.00   -0.00 integ.vbp +0.00 -0.00 omni.gos X     +0.0 ,Y     -0.0. omgD -0.002 omg  +0.00 loop   4096
[0mBatt=23.5 [0mODOM [31mVisionX  +0.00 Y  +0.00 theta   +0.0 elt    0 [0mimu  -0.7 Dt   22 LtCy   11 integ.govd   -0.00   -0.00 integ.vbp -0.00 -0.00 omni.gos X     +0.0 ,Y     -0.0. omgD -0.002 omg  +0.00 loop   4495
[0mBatt=23.5 [0mODOM [31mVisionX  +0.00 Y  +0.00 theta   +0.0 elt    0 [0mimu  -0.7 Dt   38 LtCy   19 integ.govd   -0.00   -0.00 integ.vbp -0.00 -0.00 omni.gos X     +0.0 ,Y     -0.2. omgD -0.015 omg  +0.00 loop   4466
[0mBatt=23.5 [0mODOM [31mVisionX  +0.00 Y  +0.00 theta   +0.0 elt    0 [0mimu  -0.7 Dt   54 LtCy   27 integ.govd   -0.00   -0.01 integ.vbp -0.00 -0.00 omni.gos X     +0.0 ,Y     -0.1. omgD -0.011 omg  +0.00 loop   4487
[0mBatt=23.5 [0mODOM [31mVisionX  +0.00 Y  +0.00 theta   +0.0 elt    0 [0mimu  -0.7 Dt   70 LtCy   35 integ.govd   -0.00   -0.01 integ.vbp -0.00 -0.00 omni.gos X     +0.0 ,Y     +0.1. omgD +0.010 omg  +0.00 loop   4475
[0mBatt=23.5 [0mODOM [31mVisionX  +0.00 Y  +0.00 theta   +0.0 elt    0 [0mimu  -0.7 Dt   86 LtCy   43 integ.govd   -0.00   -0.01 integ.vbp -0.00 -0.00 omni.gos X     +0.0 ,Y     +0.1. omgD +0.006 omg  +0.00 loop   4446
[0mBatt=23.5 [0mODOM [31mVisionX  +0.00 Y  +0.00 theta   +0.0 elt    0 [0mimu  -0.7 Dt    4 LtCy    2 integ.govd   -0.00   -0.00 integ.vbp -0.00 -0.00 omni.gos X     -0.0 ,Y     -0.2. omgD -0.015 omg  +0.00 loop   4099
[0mBatt=23.5 [0mODOM [31mVisionX  +0.00 Y  +0.00 theta   +0.0 elt    0 [0mimu  -0.7 Dt   20 LtCy   10 integ.govd   -0.00   -0.00 integ.vbp -0.00 -0.00 omni.gos X     +0.0 ,Y     -0.1. omgD -0.011 omg  +0.00 loop   4482
[0mBatt=23.5 [0mODOM [31mVisionX  +0.00 Y  +0.00 theta   +0.0 elt    0 [0mimu  -0.7 Dt   28 LtCy   14 integ.govd   -0.00   -0.00 integ.vbp -0.00 -0.00 omni.gos X     -0.0 ,Y     -0.1. omgD -0.011 omg  +0.00 loop   2135
[0mBatt=23.5 [0mODOM [31mVisionX  +0.00 Y  +0.00 theta   +0.0 elt    0 [0mimu  -0.7 Dt   44 LtCy   22 integ.govd   -0.00   -0.01 integ.vbp -0.00 -0.00 omni.gos X     +0.0 ,Y     -0.1. omgD -0.007 omg  +0.00 loop   4460
[0mBatt=23.5 [0mODOM [31mVisionX  +0.00 Y  +0.00 theta   +0.0 elt    0 [0mimu  -0.7 Dt   60 LtCy   30 integ.govd   -0.00   -0.01 integ.vbp -0.00 -0.00 omni.gos X     +0.0 ,Y     +0.0. omgD +0.002 omg  +0.00 loop   4482
[0mBatt=23.5 [0mODOM [31mVisionX  +0.00 Y  +0.00 theta   +0.0 elt    0 [0mimu  -0.7 Dt   76 LtCy   38 integ.govd   -0.00   -0.01 integ.vbp -0.00 -0.00 omni.gos X     +0.0 ,Y     +0.1. omgD +0.010 omg  +0.00 loop   4482
[0mBatt=23.5 [0mODOM [31mVisionX  +0.00 Y  +0.00 theta   +0.0 elt    0 [0mimu  -0.7 Dt   92 LtCy   46 integ.govd   -0.00   -0.01 integ.vbp -0.00 -0.00 omni.gos X     +0.0 ,Y     -0.1. omgD -0.011 omg  +0.00 loop   4427
[0mBatt=23.5 [0mODOM [31mVisionX  +0.00 Y  +0.00 theta   +0.0 elt    0 [0mimu  -0.7 Dt    4 LtCy    2 integ.govd   -0.00   -0.00 integ.vbp -0.00 -0.00 omni.gos X     +0.0 ,Y     -0.2. omgD -0.017 omg  +0.00 loop   4029
[0mBatt=23.5 [0mODOM [31mVisionX  +0.00 Y  +0.00 theta   +0.0 elt    0 [0mimu  -0.7 Dt   20 LtCy   10 integ.govd   -0.00   -0.00 integ.vbp -0.00 -0.00 omni.gos X     +0.0 ,Y     -0.1. omgD -0.009 omg  +0.00 loop   4487
[0mBatt=23.5 [0mODOM [31mVisionX  +0.00 Y  +0.00 theta   +0.0 elt    0 [0mimu  -0.7 Dt   36 LtCy   18 integ.govd   -0.00   -0.00 integ.vbp -0.00 -0.00 omni.gos X     +0.0 ,Y     +0.0. omgD +0.002 omg  +0.00 loop   4461
[0mBatt=23.5 [0mODOM [31mVisionX  +0.00 Y  +0.00 theta   +0.0 elt    0 [0mimu  -0.7 Dt   52 LtCy   26 integ.govd   -0.00   -0.00 integ.vbp -0.00 -0.00 omni.gos X     +0.0 ,Y     +0.1. omgD +0.004 omg  +0.00 loop   4484
[0mBatt=23.5 [0mODOM [31mVisionX  +0.00 Y  +0.00 theta   +0.0 elt    0 [0mimu  -0.7 Dt   68 LtCy   34 integ.govd   -0.00   -0.00 integ.vbp -0.00 -0.00 omni.gos X     +0.0 ,Y     -0.0. omgD -0.002 omg  +0.00 loop   4473
[0mBatt=23.5 [0mODOM [31mVisionX  +0.00 Y  +0.00 theta   +0.0 elt    0 [0mimu  -0.7 Dt   84 LtCy   42 integ.govd   -0.00   -0.00 integ.vbp -0.00 -0.00 omni.gos X     +0.0 ,Y     -0.1. omgD -0.007 omg  +0.00 loop   4464
[0mBatt=23.5 [0mODOM [31mVisionX  +0.00 Y  +0.00 theta   +0.0 elt    0 [0mimu  -0.7 Dt    0 LtCy    0 integ.govd   +0.00   +0.00 integ.vbp +0.00 +0.00 omni.gos X     +0.0 ,Y     -0.1. omgD -0.011 omg  +0.00 loop   4021
[0mBatt=23.5 [0mODOM [31mVisionX  +0.00 Y  +0.00 theta   +0.0 elt    0 [0mimu  -0.7 Dt   14 LtCy    7 integ.govd   +0.00   -0.00 integ.vbp +0.00 -0.00 omni.gos X     +0.0 ,Y     +0.0. omgD +0.002 omg  +0.00 loop   4494
[0mBatt=23.5 [0mODOM [31mVisionX  +0.00 Y  +0.00 theta   +0.0 elt    0 [0mimu  -0.7 Dt   30 LtCy   15 integ.govd   -0.00   -0.00 integ.vbp -0.00 -0.00 omni.gos X     +0.0 ,Y     -0.1. omgD -0.007 omg  +0.00 loop   4492
[0mBatt=23.5 [0mODOM [31mVisionX  +0.00 Y  +0.00 theta   +0.0 elt    0 [0mimu  -0.7 Dt   46 LtCy   23 integ.govd   -0.00   -0.00 integ.vbp -0.00 -0.00 omni.gos X     +0.0 ,Y     -0.1. omgD -0.007 omg  +0.00 loop   4467
[0mBatt=23.5 [0mODOM [31mVisionX  +0.00 Y  +0.00 theta   +0.0 elt    0 [0mimu  -0.7 Dt   62 LtCy   31 integ.govd   -0.00   -0.00 integ.vbp -0.00 -0.00 omni.gos X     +0.0 ,Y     -0.1. omgD -0.007 omg  +0.00 loop   4487
[0mBatt=23.5 [0mODOM [31mVisionX  +0.00 Y  +0.00 theta   +0.0 elt    0 [0mimu  -0.7 Dt   78 LtCy   39 integ.govd   -0.00   -0.01 integ.vbp -0.00 -0.00 omni.gos X     -0.0 ,Y     -0.1. omgD -0.007 omg  +0.00 loop   4473
[0mBatt=23.5 [0mODOM [31mVisionX  +0.00 Y  +0.00 theta   +0.0 elt    0 [0mimu  -0.7 Dt    0 LtCy    0 integ.govd   +0.00   +0.00 integ.vbp +0.00 +0.00 omni.gos X     +0.0 ,Y     -0.1. omgD -0.011 omg  +0.00 loop   4367
[0mBatt=23.5 [0mODOM [31mVisionX  +0.00 Y  +0.00 theta   +0.0 elt    0 [0mimu  -0.7 Dt   10 LtCy    5 integ.govd   +0.00   -0.00 integ.vbp +0.00 -0.00 omni.gos X     +0.0 ,Y     +0.0. omgD +0.002 omg  +0.00 loop   4250
[0mBatt=23.5 [0mODOM [31mVisionX  +0.00 Y  +0.00 theta   +0.0 elt    0 [0mimu  -0.7 Dt   26 LtCy   13 integ.govd   +0.00   -0.00 integ.vbp +0.00 -0.00 omni.gos X     +0.0 ,Y     -0.1. omgD -0.009 omg  +0.00 loop   4512
[0mBatt=23.5 [0mODOM [31mVisionX  +0.00 Y  +0.00 theta   +0.0 elt    0 [0mimu  -0.7 Dt   42 LtCy   21 integ.govd   -0.00   -0.00 integ.vbp -0.00 -0.00 omni.gos X     +0.0 ,Y     -0.1. omgD -0.005 omg  +0.00 loop   4471
[0mBatt=23.5 [0mODOM [31mVisionX  +0.00 Y  +0.00 theta   +0.0 elt    0 [0mimu  -0.7 Dt   58 LtCy   29 integ.govd   -0.00   -0.00 integ.vbp -0.00 -0.00 omni.gos X     +0.0 ,Y     -0.1. omgD -0.011 omg  +0.00 loop   4472
[0mBatt=23.5 [0mODOM [31mVisionX  +0.00 Y  +0.00 theta   +0.0 elt    0 [0mimu  -0.7 Dt   74 LtCy   37 integ.govd   -0.00   -0.01 integ.vbp -0.00 -0.00 omni.gos X     +0.0 ,Y     -0.1. omgD -0.005 omg  +0.00 loop   4479
[0mBatt=23.5 [0mODOM [31mVisionX  +0.00 Y  +0.00 theta   +0.0 elt    0 [0mimu  -0.7 Dt   90 LtCy   45 integ.govd   -0.00   -0.01 integ.vbp -0.00 -0.00 omni.gos X     +0.0 ,Y     -0.0. omgD -0.000 omg  +0.00 loop   4452
[0mBatt=23.5 [0mODOM [31mVisionX  +0.00 Y  +0.00 theta   +0.0 elt    0 [0mimu  -0.7 Dt    4 LtCy    2 integ.govd   +0.00   -0.00 integ.vbp +0.00 -0.00 omni.gos X     +0.0 ,Y     -0.0. omgD -0.002 omg  +0.00 loop   3995
[0mBatt=23.5 [0mODOM [31mVisionX  +0.00 Y  +0.00 theta   +0.0 elt    0 [0mimu  -0.7 Dt   20 LtCy   10 integ.govd   -0.00   -0.00 integ.vbp -0.00 -0.00 omni.gos X     -0.0 ,Y     -0.1. omgD -0.009 omg  +0.00 loop   4501
[0mBatt=23.5 [0mODOM [31mVisionX  +0.00 Y  +0.00 theta   +0.0 elt    0 [0mimu  -0.7 Dt   36 LtCy   18 integ.govd   -0.00   -0.00 integ.vbp -0.00 -0.00 omni.gos X     +0.0 ,Y     -0.1. omgD -0.009 omg  +0.00 loop   4472
[0mBatt=23.5 [0mODOM [31mVisionX  +0.00 Y  +0.00 theta   +0.0 elt    0 [0mimu  -0.7 Dt   52 LtCy   26 integ.govd   -0.00   -0.01 integ.vbp -0.00 -0.00 omni.gos X     +0.0 ,Y     -0.1. omgD -0.011 omg  +0.00 loop   4452
[0mBatt=23.5 [0mODOM [31mVisionX  +0.00 Y  +0.00 theta   +0.0 elt    0 [0mimu  -0.7 Dt   68 LtCy   34 integ.govd   -0.00   -0.01 integ.vbp -0.00 -0.00 omni.gos X     +0.0 ,Y     -0.1. omgD -0.011 omg  +0.00 loop   4483
[0mBatt=23.5 [0mODOM [31mVisionX  +0.00 Y  +0.00 theta   +0.0 elt    0 [0mimu  -0.7 Dt   84 LtCy   42 integ.govd   -0.00   -0.01 integ.vbp -0.00 -0.00 omni.gos X     +0.0 ,Y     +0.0. omgD +0.002 omg  +0.00 loop   4475
[0mBatt=23.5 [0mODOM [31mVisionX  +0.00 Y  +0.00 theta   +0.0 elt    0 [0mimu  -0.7 Dt    0 LtCy    0 integ.govd   +0.00   +0.00 integ.vbp +0.00 +0.00 omni.gos X     +0.0 ,Y     +0.0. omgD +0.002 omg  +0.00 loop   4024
[0mBatt=23.5 [0mODOM [31mVisionX  +0.00 Y  +0.00 theta   +0.0 elt    0 [0mimu  -0.7 Dt   16 LtCy    8 integ.govd   -0.00   -0.00 integ.vbp -0.00 -0.00 omni.gos X     -0.0 ,Y     -0.1. omgD -0.011 omg  +0.00 loop   4519
[0mBatt=23.5 [0mODOM [31mVisionX  +0.00 Y  +0.00 theta   +0.0 elt    0 [0mimu  -0.7 Dt   32 LtCy   16 integ.govd   -0.00   -0.00 integ.vbp -0.00 -0.00 omni.gos X     +0.0 ,Y     -0.1. omgD -0.011 omg  +0.00 loop   4479
[0mBatt=23.5 [0mODOM [31mVisionX  +0.00 Y  +0.00 theta   +0.0 elt    0 [0mimu  -0.7 Dt   48 LtCy   24 integ.govd   -0.00   -0.00 integ.vbp -0.00 -0.00 omni.gos X     -0.0 ,Y     -0.2. omgD -0.015 omg  +0.00 loop   4469
[0mBatt=23.5 [0mODOM [31mVisionX  +0.00 Y  +0.00 theta   +0.0 elt    0 [0mimu  -0.7 Dt   64 LtCy   32 integ.govd   -0.00   -0.01 integ.vbp -0.00 -0.00 omni.gos X     +0.0 ,Y     -0.0. omgD -0.002 omg  +0.00 loop   4450
[0mBatt=23.5 [0mODOM [31mVisionX  +0.00 Y  +0.00 theta   +0.0 elt    0 [0mimu  -0.7 Dt   80 LtCy   40 integ.govd   -0.00   -0.01 integ.vbp -0.00 -0.00 omni.gos X     +0.0 ,Y     -0.1. omgD -0.007 omg  +0.00 loop   4480
[0mBatt=23.5 [0mODOM [31mVisionX  +0.00 Y  +0.00 theta   +0.0 elt    0 [0mimu  -0.7 Dt   96 LtCy   48 integ.govd   -0.00   -0.01 integ.vbp -0.00 -0.00 omni.gos X     +0.0 ,Y     +0.0. omgD +0.002 omg  +0.00 loop   4407
[0mBatt=23.5 [0mODOM [31mVisionX  +0.00 Y  +0.00 theta   +0.0 elt    0 [0mimu  -0.7 Dt    8 LtCy    4 integ.govd   -0.00   -0.00 integ.vbp -0.00 -0.00 omni.gos X     +0.0 ,Y     -0.0. omgD -0.002 omg  +0.00 loop   4031
[0mBatt=23.5 [0mODOM [31mVisionX  +0.00 Y  +0.00 theta   +0.0 elt    0 [0mimu  -0.7 Dt   24 LtCy   12 integ.govd   -0.00   -0.00 integ.vbp -0.00 -0.00 omni.gos X     +0.0 ,Y     -0.1. omgD -0.007 omg  +0.00 loop   4501
[0mBatt=23.5 [0mODOM [31mVisionX  +0.00 Y  +0.00 theta   +0.0 elt    0 [0mimu  -0.7 Dt   40 LtCy   20 integ.govd   -0.00   -0.00 integ.vbp -0.00 -0.00 omni.gos X     +0.0 ,Y     -0.0. omgD -0.002 omg  +0.00 loop   4481
[0mBatt=23.5 [0mODOM [31mVisionX  +0.00 Y  +0.00 theta   +0.0 elt    0 [0mimu  -0.7 Dt   56 LtCy   28 integ.govd   -0.00   -0.00 integ.vbp -0.00 -0.00 omni.gos X     +0.0 ,Y     +0.1. omgD +0.006 omg  +0.00 loop   4451
[0mBatt=23.5 [0mODOM [31mVisionX  +0.00 Y  +0.00 theta   +0.0 elt    0 [0mimu  -0.7 Dt   72 LtCy   36 integ.govd   -0.00   -0.00 integ.vbp -0.00 -0.00 omni.gos X     +0.0 ,Y     -0.1. omgD -0.011 omg  +0.00 loop   4467
[0mBatt=23.5 [0mODOM [31mVisionX  +0.00 Y  +0.00 theta   +0.0 elt    0 [0mimu  -0.7 Dt   88 LtCy   44 integ.govd   -0.00   -0.00 integ.vbp -0.00 -0.00 omni.gos X     +0.0 ,Y     -0.1. omgD -0.007 omg  +0.00 loop   4474
[0mBatt=23.5 [0mODOM [31mVisionX  +0.00 Y  +0.00 theta   +0.0 elt    0 [0mimu  -0.7 Dt    2 LtCy    1 integ.govd   +0.00   -0.00 integ.vbp +0.00 -0.00 omni.gos X     +0.0 ,Y     -0.1. omgD -0.007 omg  +0.00 loop   3985
[0mBatt=23.5 [0mODOM [31mVisionX  +0.00 Y  +0.00 theta   +0.0 elt    0 [0mimu  -0.7 Dt   18 LtCy    9 integ.govd   -0.00   -0.00 integ.vbp -0.00 -0.00 omni.gos X     +0.0 ,Y     +0.0. omgD +0.002 omg  +0.00 loop   4508
[0mBatt=23.5 [0mODOM [31mVisionX  +0.00 Y  +0.00 theta   +0.0 elt    0 [0mimu  -0.7 Dt   34 LtCy   17 integ.govd   +0.00   -0.00 integ.vbp +0.00 -0.00 omni.gos X     +0.0 ,Y     +0.0. omgD +0.002 omg  +0.00 loop   4488
[0mBatt=23.5 [0mODOM [31mVisionX  +0.00 Y  +0.00 theta   +0.0 elt    0 [0mimu  -0.7 Dt   50 LtCy   25 integ.govd   +0.00   -0.00 integ.vbp +0.00 -0.00 omni.gos X     +0.0 ,Y     +0.1. omgD +0.006 omg  +0.00 loop   4473
[0mBatt=23.5 [0mODOM [31mVisionX  +0.00 Y  +0.00 theta   +0.0 elt    0 [0mimu  -0.7 Dt   66 LtCy   33 integ.govd   +0.00   -0.00 integ.vbp +0.00 -0.00 omni.gos X     +0.0 ,Y     +0.0. omgD +0.002 omg  +0.00 loop   4481
[0mBatt=23.5 [0mODOM [31mVisionX  +0.00 Y  +0.00 theta   +0.0 elt    0 [0mimu  -0.7 Dt   82 LtCy   41 integ.govd   -0.00   -0.00 integ.vbp -0.00 -0.00 omni.gos X     +0.0 ,Y     -0.0. omgD -0.002 omg  +0.00 loop   4489
[0mBatt=23.5 [0mODOM [31mVisionX  +0.00 Y  +0.00 theta   +0.0 elt    0 [0mimu  -0.7 Dt    0 LtCy    0 integ.govd   +0.00   +0.00 integ.vbp +0.00 +0.00 omni.gos X     +0.0 ,Y     +0.0. omgD +0.002 omg  +0.00 loop   4175
[0mBatt=23.5 [0mODOM [31mVisionX  +0.00 Y  +0.00 theta   +0.0 elt    0 [0mimu  -0.7 Dt   12 LtCy    6 integ.govd   -0.00   -0.00 integ.vbp -0.00 -0.00 omni.gos X     +0.0 ,Y     -0.0. omgD -0.002 omg  +0.00 loop   4315
[0mBatt=23.5 [0mODOM [31mVisionX  +0.00 Y  +0.00 theta   +0.0 elt    0 [0mimu  -0.7 Dt   28 LtCy   14 integ.govd   -0.00   -0.00 integ.vbp -0.00 -0.00 omni.gos X     +0.0 ,Y     +0.0. omgD +0.002 omg  +0.00 loop   4492
[0mBatt=23.5 [0mODOM [31mVisionX  +0.00 Y  +0.00 theta   +0.0 elt    0 [0mimu  -0.7 Dt   44 LtCy   22 integ.govd   -0.00   -0.00 integ.vbp -0.00 -0.00 omni.gos X     +0.0 ,Y     -0.1. omgD -0.007 omg  +0.00 loop   4487
[0mBatt=23.5 [0mODOM [31mVisionX  +0.00 Y  +0.00 theta   +0.0 elt    0 [0mimu  -0.7 Dt   60 LtCy   30 integ.govd   -0.00   -0.00 integ.vbp -0.00 -0.00 omni.gos X     +0.0 ,Y     -0.1. omgD -0.007 omg  +0.00 loop   4451
[0mBatt=23.5 [0mODOM [31mVisionX  +0.00 Y  +0.00 theta   +0.0 elt    0 [0mimu  -0.7 Dt   76 LtCy   38 integ.govd   -0.00   -0.00 integ.vbp -0.00 -0.00 omni.gos X     +0.0 ,Y     +0.0. omgD +0.002 omg  +0.00 loop   4479
[0mBatt=23.5 [0mODOM [31mVisionX  +0.00 Y  +0.00 theta   +0.0 elt    0 [0mimu  -0.7 Dt   92 LtCy   46 integ.govd   -0.00   -0.00 integ.vbp -0.00 -0.00 omni.gos X     +0.0 ,Y     -0.1. omgD -0.007 omg  +0.00 loop   4468
[0mBatt=23.5 [0mODOM [31mVisionX  +0.00 Y  +0.00 theta   +0.0 elt    0 [0mimu  -0.7 Dt   14 LtCy    7 integ.govd   +0.00   +0.00 integ.vbp +0.00 +0.00 omni.gos X     +0.0 ,Y     +0.1. omgD +0.006 omg  +0.00 loop   4403
[0mBatt=23.5 [0mODOM [31mVisionX  +0.00 Y  +0.00 theta   +0.0 elt    0 [0mimu  -0.7 Dt   30 LtCy   15 integ.govd   +0.00   +0.00 integ.vbp +0.00 +0.00 omni.gos X     +0.0 ,Y     +0.0. omgD +0.002 omg  +0.00 loop   4473
[0mBatt=23.5 [0mODOM [31mVisionX  +0.00 Y  +0.00 theta   +0.0 elt    0 [0mimu  -0.7 Dt   46 LtCy   23 integ.govd   +0.00   +0.00 integ.vbp +0.00 +0.00 omni.gos X     +0.0 ,Y     +0.0. omgD +0.002 omg  +0.00 loop   4478
[0mBatt=23.5 [0mODOM [31mVisionX  +0.00 Y  +0.00 theta   +0.0 elt    0 [0mimu  -0.7 Dt   62 LtCy   31 integ.govd   +0.00   +0.00 integ.vbp +0.00 +0.00 omni.gos X     +0.0 ,Y     +0.0. omgD +0.002 omg  +0.00 loop   4490
[0mBatt=23.5 [0mODOM [31mVisionX  +0.00 Y  +0.00 theta   +0.0 elt    0 [0mimu  -0.7 Dt   78 LtCy   39 integ.govd   +0.00   +0.00 integ.vbp +0.00 +0.00 omni.gos X     +0.0 ,Y     +0.1. omgD +0.006 omg  +0.00 loop   4472
[0mBatt=23.5 [0mODOM [31mVisionX  +0.00 Y  +0.00 theta   +0.0 elt    0 [0mimu  -0.7 Dt   94 LtCy   47 integ.govd   +0.00   -0.00 integ.vbp +0.00 -0.00 omni.gos X     +0.0 ,Y     -0.1. omgD -0.011 omg  +0.00 loop   4489
[0mBatt=23.5 [0mODOM [31mVisionX  +0.00 Y  +0.00 theta   +0.0 elt    0 [0mimu  -0.7 Dt    0 LtCy    0 integ.govd   +0.00   +0.00 integ.vbp +0.00 +0.00 omni.gos X     +0.0 ,Y     -0.0. omgD -0.002 omg  +0.00 loop   3928
[0mBatt=23.5 [0mODOM [31mVisionX  +0.00 Y  +0.00 theta   +0.0 elt    0 [0mimu  -0.7 Dt    2 LtCy    1 integ.govd   +0.00   +0.00 integ.vbp +0.00 +0.00 omni.gos X     +0.0 ,Y     +0.1. omgD +0.006 omg  +0.00 loop   1845
[0mBatt=23.5 [0mODOM [31mVisionX  +0.00 Y  +0.00 theta   +0.0 elt    0 [0mimu  -0.7 Dt   18 LtCy    9 integ.govd   +0.00   +0.00 integ.vbp +0.00 +0.00 omni.gos X     +0.0 ,Y     +0.0. omgD +0.002 omg  +0.00 loop   4495
[0mBatt=23.5 [0mODOM [31mVisionX  +0.00 Y  +0.00 theta   +0.0 elt    0 [0mimu  -0.7 Dt   34 LtCy   17 integ.govd   +0.00   +0.00 integ.vbp +0.00 +0.00 omni.gos X     +0.0 ,Y     +0.0. omgD +0.002 omg  +0.00 loop   4503
[0mBatt=23.5 [0mODOM [31mVisionX  +0.00 Y  +0.00 theta   +0.0 elt    0 [0mimu  -0.7 Dt   50 LtCy   25 integ.govd   +0.00   +0.00 integ.vbp +0.00 +0.00 omni.gos X     +0.0 ,Y     -0.1. omgD -0.007 omg  +0.00 loop   4481
[0mBatt=23.5 [0mODOM [31mVisionX  +0.00 Y  +0.00 theta   +0.0 elt    0 [0mimu  -0.7 Dt   66 LtCy   33 integ.govd   -0.00   -0.00 integ.vbp -0.00 -0.00 omni.gos X     -0.0 ,Y     -0.1. omgD -0.007 omg  +0.00 loop   4449
[0mBatt=23.5 [0mODOM [31mVisionX  +0.00 Y  +0.00 theta   +0.0 elt    0 [0mimu  -0.7 Dt   82 LtCy   41 integ.govd   -0.00   -0.00 integ.vbp -0.00 -0.00 omni.gos X     +0.0 ,Y     -0.0. omgD -0.002 omg  +0.00 loop   4477
[0mBatt=23.5 [0mODOM [31mVisionX  +0.00 Y  +0.00 theta   +0.0 elt    0 [0mimu  -0.7 Dt    2 LtCy    1 integ.govd   +0.00   -0.00 integ.vbp +0.00 -0.00 omni.gos X     +0.0 ,Y     -0.0. omgD -0.002 omg  +0.00 loop   4081
[0mBatt=23.5 [0mODOM [31mVisionX  +0.00 Y  +0.00 theta   +0.0 elt    0 [0mimu  -0.7 Dt   18 LtCy    9 integ.govd   +0.00   +0.00 integ.vbp +0.00 +0.00 omni.gos X     +0.0 ,Y     +0.1. omgD +0.010 omg  +0.00 loop   4473
[0mBatt=23.5 [0mODOM [31mVisionX  +0.00 Y  +0.00 theta   +0.0 elt    0 [0mimu  -0.7 Dt   34 LtCy   17 integ.govd   +0.00   +0.00 integ.vbp +0.00 +0.00 omni.gos X     +0.0 ,Y     +0.1. omgD +0.006 omg  +0.00 loop   4503
[0mBatt=23.5 [0mODOM [31mVisionX  +0.00 Y  +0.00 theta   +0.0 elt    0 [0mimu  -0.7 Dt   50 LtCy   25 integ.govd   +0.00   +0.00 integ.vbp +0.00 +0.00 omni.gos X     +0.0 ,Y     -0.1. omgD -0.011 omg  +0.00 loop   4482
[0mBatt=23.5 [0mODOM [31mVisionX  +0.00 Y  +0.00 theta   +0.0 elt    0 [0mimu  -0.7 Dt   66 LtCy   33 integ.govd   -0.00   -0.00 integ.vbp -0.00 -0.00 omni.gos X     +0.0 ,Y     -0.1. omgD -0.007 omg  +0.00 loop   4469
[0mBatt=23.5 [0mODOM [31mVisionX  +0.00 Y  +0.00 theta   +0.0 elt    0 [0mimu  -0.7 Dt   82 LtCy   41 integ.govd   -0.00   -0.00 integ.vbp -0.00 -0.00 omni.gos X     +0.0 ,Y     -0.1. omgD -0.007 omg  +0.00 loop   4459
[0mBatt=23.5 [0mODOM [31mVisionX  +0.00 Y  +0.00 theta   +0.0 elt    0 [0mimu  -0.7 Dt    0 LtCy    0 integ.govd   +0.00   +0.00 integ.vbp +0.00 +0.00 omni.gos X     +0.0 ,Y     -0.0. omgD -0.002 omg  +0.00 loop   4203
[0mBatt=23.5 [0mODOM [31mVisionX  +0.00 Y  +0.00 theta   +0.0 elt    0 [0mimu  -0.7 Dt   14 LtCy    7 integ.govd   +0.00   -0.00 integ.vbp +0.00 -0.00 omni.gos X     +0.0 ,Y     -0.0. omgD -0.002 omg  +0.00 loop   4422
[0mBatt=23.5 [0mODOM [31mVisionX  +0.00 Y  +0.00 theta   +0.0 elt    0 [0mimu  -0.7 Dt   30 LtCy   15 integ.govd   +0.00   -0.00 integ.vbp +0.00 -0.00 omni.gos X     +0.0 ,Y     -0.1. omgD -0.011 omg  +0.00 loop   4495
[0mBatt=23.5 [0mODOM [31mVisionX  +0.00 Y  +0.00 theta   +0.0 elt    0 [0mimu  -0.7 Dt   46 LtCy   23 integ.govd   -0.00   -0.00 integ.vbp -0.00 -0.00 omni.gos X     +0.0 ,Y     -0.1. omgD -0.007 omg  +0.00 loop   4501
[0mBatt=23.5 [0mODOM [31mVisionX  +0.00 Y  +0.00 theta   +0.0 elt    0 [0mimu  -0.7 Dt   62 LtCy   31 integ.govd   -0.00   -0.00 integ.vbp -0.00 -0.00 omni.gos X     +0.0 ,Y     -0.1. omgD -0.007 omg  +0.00 loop   4469
[0mBatt=23.5 [0mODOM [31mVisionX  +0.00 Y  +0.00 theta   +0.0 elt    0 [0mimu  -0.7 Dt   78 LtCy   39 integ.govd   -0.00   -0.01 integ.vbp -0.00 -0.00 omni.gos X     +0.0 ,Y     -0.0. omgD -0.002 omg  +0.00 loop   4453
[0mBatt=23.5 [0mODOM [31mVisionX  +0.00 Y  +0.00 theta   +0.0 elt    0 [0mimu  -0.7 Dt   94 LtCy   47 integ.govd   -0.00   -0.01 integ.vbp -0.00 -0.00 omni.gos X     +0.0 ,Y     -0.1. omgD -0.007 omg  +0.00 loop   4472
[0mBatt=23.5 [0mODOM [31mVisionX  +0.00 Y  +0.00 theta   +0.0 elt    0 [0mimu  -0.7 Dt    6 LtCy    3 integ.govd   -0.00   -0.00 integ.vbp -0.00 -0.00 omni.gos X     +0.0 ,Y     -0.1. omgD -0.007 omg  +0.00 loop   4159
[0mBatt=23.5 [0mODOM [31mVisionX  +0.00 Y  +0.00 theta   +0.0 elt    0 [0mimu  -0.7 Dt   22 LtCy   11 integ.govd   -0.00   -0.00 integ.vbp -0.00 -0.00 omni.gos X     +0.0 ,Y     -0.0. omgD -0.002 omg  +0.00 loop   4461
[0mBatt=23.5 [0mODOM [31mVisionX  +0.00 Y  +0.00 theta   +0.0 elt    0 [0mimu  -0.7 Dt   38 LtCy   19 integ.govd   -0.00   -0.00 integ.vbp -0.00 -0.00 omni.gos X     +0.0 ,Y     -0.0. omgD -0.002 omg  +0.00 loop   4487
[0mBatt=23.5 [0mODOM [31mVisionX  +0.00 Y  +0.00 theta   +0.0 elt    0 [0mimu  -0.7 Dt   54 LtCy   27 integ.govd   -0.00   -0.00 integ.vbp -0.00 -0.00 omni.gos X     +0.0 ,Y     -0.0. omgD -0.002 omg  +0.00 loop   4486
[0mBatt=23.5 [0mODOM [31mVisionX  +0.00 Y  +0.00 theta   +0.0 elt    0 [0mimu  -0.7 Dt   70 LtCy   35 integ.govd   -0.00   -0.00 integ.vbp -0.00 -0.00 omni.gos X     +0.0 ,Y     -0.1. omgD -0.007 omg  +0.00 loop   4453
[0mBatt=23.5 [0mODOM [31mVisionX  +0.00 Y  +0.00 theta   +0.0 elt    0 [0mimu  -0.7 Dt   86 LtCy   43 integ.govd   -0.00   -0.01 integ.vbp -0.00 -0.00 omni.gos X     +0.0 ,Y     -0.1. omgD -0.007 omg  +0.00 loop   4464
[0mBatt=23.5 [0mODOM [31mVisionX  +0.00 Y  +0.00 theta   +0.0 elt    0 [0mimu  -0.7 Dt    0 LtCy    0 integ.govd   +0.00   +0.00 integ.vbp +0.00 +0.00 omni.gos X     +0.0 ,Y     -0.2. omgD -0.015 omg  +0.00 loop   4006
[0mBatt=23.5 [0mODOM [31mVisionX  +0.00 Y  +0.00 theta   +0.0 elt    0 [0mimu  -0.7 Dt   16 LtCy    8 integ.govd   -0.00   -0.00 integ.vbp -0.00 -0.00 omni.gos X     +0.0 ,Y     -0.1. omgD -0.007 omg  +0.00 loop   4508
[0mBatt=23.5 [0mODOM [31mVisionX  +0.00 Y  +0.00 theta   +0.0 elt    0 [0mimu  -0.7 Dt   32 LtCy   16 integ.govd   -0.00   -0.00 integ.vbp -0.00 -0.00 omni.gos X     +0.0 ,Y     -0.0. omgD -0.002 omg  +0.00 loop   4467
[0mBatt=23.5 [0mODOM [31mVisionX  +0.00 Y  +0.00 theta   +0.0 elt    0 [0mimu  -0.7 Dt   48 LtCy   24 integ.govd   -0.00   -0.00 integ.vbp -0.00 -0.00 omni.gos X     +0.0 ,Y     -0.0. omgD -0.002 omg  +0.00 loop   4484
[0mBatt=23.5 [0mODOM [31mVisionX  +0.00 Y  +0.00 theta   +0.0 elt    0 [0mimu  -0.7 Dt   64 LtCy   32 integ.govd   -0.00   -0.00 integ.vbp -0.00 -0.00 omni.gos X     -0.0 ,Y     -0.2. omgD -0.015 omg  +0.00 loop   4480
[0mBatt=23.5 [0mODOM [31mVisionX  +0.00 Y  +0.00 theta   +0.0 elt    0 [0mimu  -0.7 Dt   80 LtCy   40 integ.govd   -0.00   -0.00 integ.vbp -0.00 -0.00 omni.gos X     +0.0 ,Y     +0.1. omgD +0.006 omg  +0.00 loop   4441
[0mBatt=23.5 [0mODOM [31mVisionX  +0.00 Y  +0.00 theta   +0.0 elt    0 [0mimu  -0.7 Dt    0 LtCy    0 integ.govd   +0.00   +0.00 integ.vbp +0.00 +0.00 omni.gos X     +0.0 ,Y     -0.0. omgD -0.002 omg  +0.00 loop   4347
[0mBatt=23.5 [0mODOM [31mVisionX  +0.00 Y  +0.00 theta   +0.0 elt    0 [0mimu  -0.7 Dt   10 LtCy    5 integ.govd   +0.00   +0.00 integ.vbp +0.00 +0.00 omni.gos X     +0.0 ,Y     +0.0. omgD +0.002 omg  +0.00 loop   4253
[0mBatt=23.5 [0mODOM [31mVisionX  +0.00 Y  +0.00 theta   +0.0 elt    0 [0mimu  -0.7 Dt   26 LtCy   13 integ.govd   +0.00   +0.00 integ.vbp +0.00 +0.00 omni.gos X     +0.0 ,Y     -0.0. omgD -0.002 omg  +0.00 loop   4471
[0mBatt=23.5 [0mODOM [31mVisionX  +0.00 Y  +0.00 theta   +0.0 elt    0 [0mimu  -0.7 Dt   42 LtCy   21 integ.govd   +0.00   -0.00 integ.vbp +0.00 -0.00 omni.gos X     +0.0 ,Y     -0.1. omgD -0.007 omg  +0.00 loop   4457
[0mBatt=23.5 [0mODOM [31mVisionX  +0.00 Y  +0.00 theta   +0.0 elt    0 [0mimu  -0.7 Dt   58 LtCy   29 integ.govd   -0.00   -0.00 integ.vbp -0.00 -0.00 omni.gos X     +0.0 ,Y     -0.1. omgD -0.007 omg  +0.00 loop   4499
[0mBatt=23.5 [0mODOM [31mVisionX  +0.00 Y  +0.00 theta   +0.0 elt    0 [0mimu  -0.7 Dt   74 LtCy   37 integ.govd   -0.00   -0.00 integ.vbp -0.00 -0.00 omni.gos X     +0.0 ,Y     +0.0. omgD +0.002 omg  +0.00 loop   4472
[0mBatt=23.5 [0mODOM [31mVisionX  +0.00 Y  +0.00 theta   +0.0 elt    0 [0mimu  -0.7 Dt   90 LtCy   45 integ.govd   -0.00   -0.00 integ.vbp -0.00 -0.00 omni.gos X     +0.0 ,Y     -0.0. omgD -0.002 omg  +0.00 loop   4462
[0mBatt=23.5 [0mODOM [31mVisionX  +0.00 Y  +0.00 theta   +0.0 elt    0 [0mimu  -0.7 Dt    6 LtCy    3 integ.govd   -0.00   -0.00 integ.vbp -0.00 -0.00 omni.gos X     -0.0 ,Y     -0.1. omgD -0.005 omg  +0.00 loop   4224
[0mBatt=23.5 [0mODOM [31mVisionX  +0.00 Y  +0.00 theta   +0.0 elt    0 [0mimu  -0.7 Dt   22 LtCy   11 integ.govd   -0.00   -0.00 integ.vbp -0.00 -0.00 omni.gos X     +0.0 ,Y     -0.1. omgD -0.005 omg  +0.00 loop   4482
[0mBatt=23.5 [0mODOM [31mVisionX  +0.00 Y  +0.00 theta   +0.0 elt    0 [0mimu  -0.7 Dt   38 LtCy   19 integ.govd   -0.00   -0.00 integ.vbp -0.00 -0.00 omni.gos X     +0.0 ,Y     -0.1. omgD -0.005 omg  +0.00 loop   4467
[0mBatt=23.5 [0mODOM [31mVisionX  +0.00 Y  +0.00 theta   +0.0 elt    0 [0mimu  -0.7 Dt   54 LtCy   27 integ.govd   -0.00   -0.00 integ.vbp -0.00 -0.00 omni.gos X     +0.0 ,Y     -0.1. omgD -0.007 omg  +0.00 loop   4491
[0mBatt=23.5 [0mODOM [31mVisionX  +0.00 Y  +0.00 theta   +0.0 elt    0 [0mimu  -0.7 Dt   70 LtCy   35 integ.govd   -0.00   -0.00 integ.vbp -0.00 -0.00 omni.gos X     +0.0 ,Y     -0.0. omgD -0.002 omg  +0.00 loop   4489
[0mBatt=23.5 [0mODOM [31mVisionX  +0.00 Y  +0.00 theta   +0.0 elt    0 [0mimu  -0.7 Dt   86 LtCy   43 integ.govd   -0.00   -0.01 integ.vbp -0.00 -0.00 omni.gos X     +0.0 ,Y     -0.1. omgD -0.005 omg  +0.00 loop   4452
[0mBatt=23.5 [0mODOM [31mVisionX  +0.00 Y  +0.00 theta   +0.0 elt    0 [0mimu  -0.7 Dt    0 LtCy    0 integ.govd   +0.00   +0.00 integ.vbp +0.00 +0.00 omni.gos X     +0.0 ,Y     -0.0. omgD -0.002 omg  +0.00 loop   4071
[0mBatt=23.5 [0mODOM [31mVisionX  +0.00 Y  +0.00 theta   +0.0 elt    0 [0mimu  -0.7 Dt   16 LtCy    8 integ.govd   -0.00   -0.00 integ.vbp -0.00 -0.00 omni.gos X     +0.0 ,Y     -0.1. omgD -0.009 omg  +0.00 loop   4531
[0mBatt=23.5 [0mODOM [31mVisionX  +0.00 Y  +0.00 theta   +0.0 elt    0 [0mimu  -0.7 Dt   32 LtCy   16 integ.govd   -0.00   -0.00 integ.vbp -0.00 -0.00 omni.gos X     +0.0 ,Y     +0.0. omgD +0.002 omg  +0.00 loop   4462
[0mBatt=23.5 [0mODOM [31mVisionX  +0.00 Y  +0.00 theta   +0.0 elt    0 [0mimu  -0.7 Dt   48 LtCy   24 integ.govd   -0.00   -0.00 integ.vbp -0.00 -0.00 omni.gos X     +0.0 ,Y     -0.1. omgD -0.005 omg  +0.00 loop   4478
[0mBatt=23.5 [0mODOM [31mVisionX  +0.00 Y  +0.00 theta   +0.0 elt    0 [0mimu  -0.7 Dt   64 LtCy   32 integ.govd   -0.00   -0.00 integ.vbp -0.00 -0.00 omni.gos X     +0.0 ,Y     -0.1. omgD -0.007 omg  +0.00 loop   4483
[0mBatt=23.5 [0mODOM [31mVisionX  +0.00 Y  +0.00 theta   +0.0 elt    0 [0mimu  -0.7 Dt   80 LtCy   40 integ.govd   -0.00   -0.00 integ.vbp -0.00 -0.00 omni.gos X     +0.0 ,Y     -0.1. omgD -0.007 omg  +0.00 loop   4466
[0mBatt=23.5 [0mODOM [31mVisionX  +0.00 Y  +0.00 theta   +0.0 elt    0 [0mimu  -0.7 Dt    0 LtCy    0 integ.govd   +0.00   +0.00 integ.vbp +0.00 +0.00 omni.gos X     +0.0 ,Y     -0.1. omgD -0.011 omg  +0.00 loop   4318
[0mBatt=23.5 [0mODOM [31mVisionX  +0.00 Y  +0.00 theta   +0.0 elt    0 [0mimu  -0.7 Dt   10 LtCy    5 integ.govd   -0.00   -0.00 integ.vbp -0.00 -0.00 omni.gos X     -0.0 ,Y     -0.1. omgD -0.007 omg  +0.00 loop   4163
[0mBatt=23.5 [0mODOM [31mVisionX  +0.00 Y  +0.00 theta   +0.0 elt    0 [0mimu  -0.7 Dt   26 LtCy   13 integ.govd   -0.00   -0.00 integ.vbp -0.00 -0.00 omni.gos X     +0.0 ,Y     -0.1. omgD -0.009 omg  +0.00 loop   4488
[0mBatt=23.5 [0mODOM [31mVisionX  +0.00 Y  +0.00 theta   +0.0 elt    0 [0mimu  -0.7 Dt   42 LtCy   21 integ.govd   -0.00   -0.00 integ.vbp -0.00 -0.00 omni.gos X     +0.0 ,Y     -0.1. omgD -0.007 omg  +0.00 loop   4452
[0mBatt=23.5 [0mODOM [31mVisionX  +0.00 Y  +0.00 theta   +0.0 elt    0 [0mimu  -0.7 Dt   58 LtCy   29 integ.govd   -0.00   -0.01 integ.vbp -0.00 -0.00 omni.gos X     +0.0 ,Y     -0.1. omgD -0.005 omg  +0.00 loop   4491
[0mBatt=23.5 [0mODOM [31mVisionX  +0.00 Y  +0.00 theta   +0.0 elt    0 [0mimu  -0.7 Dt   74 LtCy   37 integ.govd   -0.00   -0.01 integ.vbp -0.00 -0.00 omni.gos X     +0.0 ,Y     -0.1. omgD -0.007 omg  +0.00 loop   4477
[0mBatt=23.5 [0mODOM [31mVisionX  +0.00 Y  +0.00 theta   +0.0 elt    0 [0mimu  -0.7 Dt   90 LtCy   45 integ.govd   -0.00   -0.01 integ.vbp -0.00 -0.00 omni.gos X     +0.0 ,Y     -0.0. omgD -0.002 omg  +0.00 loop   4442
[0mBatt=23.5 [0mODOM [31mVisionX  +0.00 Y  +0.00 theta   +0.0 elt    0 [0mimu  -0.7 Dt    4 LtCy    2 integ.govd   +0.00   -0.00 integ.vbp +0.00 -0.00 omni.gos X     +0.0 ,Y     -0.1. omgD -0.007 omg  +0.00 loop   4024
[0mBatt=23.5 [0mODOM [31mVisionX  +0.00 Y  +0.00 theta   +0.0 elt    0 [0mimu  -0.7 Dt   20 LtCy   10 integ.govd   -0.00   -0.00 integ.vbp -0.00 -0.00 omni.gos X     +0.0 ,Y     -0.0. omgD -0.002 omg  +0.00 loop   4507
[0mBatt=23.5 [0mODOM [31mVisionX  +0.00 Y  +0.00 theta   +0.0 elt    0 [0mimu  -0.7 Dt   36 LtCy   18 integ.govd   -0.00   -0.00 integ.vbp -0.00 -0.00 omni.gos X     -0.0 ,Y     -0.1. omgD -0.007 omg  +0.00 loop   4473
[0mBatt=23.5 [0mODOM [31mVisionX  +0.00 Y  +0.00 theta   +0.0 elt    0 [0mimu  -0.7 Dt   52 LtCy   26 integ.govd   -0.00   -0.01 integ.vbp -0.00 -0.00 omni.gos X     +0.0 ,Y     -0.1. omgD -0.007 omg  +0.00 loop   4460
[0mBatt=23.5 [0mODOM [31mVisionX  +0.00 Y  +0.00 theta   +0.0 elt    0 [0mimu  -0.8 Dt   68 LtCy   34 integ.govd   -0.00   -0.01 integ.vbp -0.00 -0.00 omni.gos X     +0.0 ,Y     -0.1. omgD -0.007 omg  +0.00 loop   4487
[0mBatt=23.5 [0mODOM [31mVisionX  +0.00 Y  +0.00 theta   +0.0 elt    0 [0mimu  -0.8 Dt   84 LtCy   42 integ.govd   -0.00   -0.01 integ.vbp -0.00 -0.00 omni.gos X     +0.0 ,Y     +0.0. omgD +0.002 omg  +0.00 loop   4460
[0mBatt=23.5 [0mODOM [31mVisionX  +0.00 Y  +0.00 theta   +0.0 elt    0 [0mimu  -0.8 Dt   92 LtCy   46 integ.govd   -0.00   -0.01 integ.vbp -0.00 -0.00 omni.gos X     +0.0 ,Y     +0.1. omgD +0.006 omg  +0.00 loop   2126
[0mBatt=23.5 [0mODOM [31mVisionX  +0.00 Y  +0.00 theta   +0.0 elt    0 [0mimu  -0.8 Dt    6 LtCy    3 integ.govd   +0.00   -0.00 integ.vbp +0.00 -0.00 omni.gos X     +0.0 ,Y     +0.0. omgD +0.002 omg  +0.00 loop   3995
[0mBatt=23.5 [0mODOM [31mVisionX  +0.00 Y  +0.00 theta   +0.0 elt    0 [0mimu  -0.8 Dt   22 LtCy   11 integ.govd   +0.00   -0.00 integ.vbp +0.00 -0.00 omni.gos X     +0.0 ,Y     -0.0. omgD -0.002 omg  +0.00 loop   4509
[0mBatt=23.5 [0mODOM [31mVisionX  +0.00 Y  +0.00 theta   +0.0 elt    0 [0mimu  -0.8 Dt   38 LtCy   19 integ.govd   +0.00   -0.00 integ.vbp +0.00 -0.00 omni.gos X     +0.0 ,Y     +0.0. omgD +0.002 omg  +0.00 loop   4489
[0mBatt=23.5 [0mODOM [31mVisionX  +0.00 Y  +0.00 theta   +0.0 elt    0 [0mimu  -0.8 Dt   54 LtCy   27 integ.govd   -0.00   -0.00 integ.vbp -0.00 -0.00 omni.gos X     +0.0 ,Y     -0.1. omgD -0.007 omg  +0.00 loop   4481
[0mBatt=23.5 [0mODOM [31mVisionX  +0.00 Y  +0.00 theta   +0.0 elt    0 [0mimu  -0.8 Dt   70 LtCy   35 integ.govd   -0.00   -0.00 integ.vbp -0.00 -0.00 omni.gos X     +0.0 ,Y     -0.0. omgD -0.002 omg  +0.00 loop   4484
[0mBatt=23.5 [0mODOM [31mVisionX  +0.00 Y  +0.00 theta   +0.0 elt    0 [0mimu  -0.8 Dt   86 LtCy   43 integ.govd   -0.00   -0.00 integ.vbp -0.00 -0.00 omni.gos X     +0.0 ,Y     -0.0. omgD -0.002 omg  +0.00 loop   4463
[0mBatt=23.5 [0mODOM [31mVisionX  +0.00 Y  +0.00 theta   +0.0 elt    0 [0mimu  -0.8 Dt    2 LtCy    1 integ.govd   +0.00   -0.00 integ.vbp +0.00 -0.00 omni.gos X     +0.0 ,Y     -0.1. omgD -0.007 omg  +0.00 loop   3986
[0mBatt=23.5 [0mODOM [31mVisionX  +0.00 Y  +0.00 theta   +0.0 elt    0 [0mimu  -0.8 Dt   18 LtCy    9 integ.govd   -0.00   -0.00 integ.vbp -0.00 -0.00 omni.gos X     +0.0 ,Y     -0.1. omgD -0.007 omg  +0.00 loop   4507
[0mBatt=23.5 [0mODOM [31mVisionX  +0.00 Y  +0.00 theta   +0.0 elt    0 [0mimu  -0.8 Dt   34 LtCy   17 integ.govd   -0.00   -0.00 integ.vbp -0.00 -0.00 omni.gos X     +0.0 ,Y     -0.1. omgD -0.007 omg  +0.00 loop   4489
[0mBatt=23.5 [0mODOM [31mVisionX  +0.00 Y  +0.00 theta   +0.0 elt    0 [0mimu  -0.8 Dt   50 LtCy   25 integ.govd   -0.00   -0.00 integ.vbp -0.00 -0.00 omni.gos X     +0.0 ,Y     -0.1. omgD -0.007 omg  +0.00 loop   4455
[0mBatt=23.5 [0mODOM [31mVisionX  +0.00 Y  +0.00 theta   +0.0 elt    0 [0mimu  -0.8 Dt   66 LtCy   33 integ.govd   -0.00   -0.01 integ.vbp -0.00 -0.00 omni.gos X     +0.0 ,Y     +0.0. omgD +0.002 omg  +0.00 loop   4477
[0mBatt=23.5 [0mODOM [31mVisionX  +0.00 Y  +0.00 theta   +0.0 elt    0 [0mimu  -0.8 Dt   82 LtCy   41 integ.govd   -0.00   -0.00 integ.vbp -0.00 -0.00 omni.gos X     +0.0 ,Y     -0.0. omgD -0.002 omg  +0.00 loop   4476
[0mBatt=23.5 [0mODOM [31mVisionX  +0.00 Y  +0.00 theta   +0.0 elt    0 [0mimu  -0.8 Dt    0 LtCy    0 integ.govd   +0.00   +0.00 integ.vbp +0.00 +0.00 omni.gos X     +0.0 ,Y     -0.1. omgD -0.011 omg  +0.00 loop   4170
[0mBatt=23.5 [0mODOM [31mVisionX  +0.00 Y  +0.00 theta   +0.0 elt    0 [0mimu  -0.8 Dt   12 LtCy    6 integ.govd   -0.00   -0.00 integ.vbp -0.00 -0.00 omni.gos X     +0.0 ,Y     -0.0. omgD -0.002 omg  +0.00 loop   4303
[0mBatt=23.5 [0mODOM [31mVisionX  +0.00 Y  +0.00 theta   +0.0 elt    0 [0mimu  -0.8 Dt   28 LtCy   14 integ.govd   -0.00   -0.00 integ.vbp -0.00 -0.00 omni.gos X     +0.0 ,Y     -0.1. omgD -0.011 omg  +0.00 loop   4492
[0mBatt=23.5 [0mODOM [31mVisionX  +0.00 Y  +0.00 theta   +0.0 elt    0 [0mimu  -0.8 Dt   44 LtCy   22 integ.govd   -0.00   -0.00 integ.vbp -0.00 -0.00 omni.gos X     +0.0 ,Y     -0.1. omgD -0.007 omg  +0.00 loop   4465
[0mBatt=23.5 [0mODOM [31mVisionX  +0.00 Y  +0.00 theta   +0.0 elt    0 [0mimu  -0.8 Dt   60 LtCy   30 integ.govd   -0.00   -0.01 integ.vbp -0.00 -0.00 omni.gos X     +0.0 ,Y     -0.0. omgD -0.002 omg  +0.00 loop   4459
[0mBatt=23.5 [0mODOM [31mVisionX  +0.00 Y  +0.00 theta   +0.0 elt    0 [0mimu  -0.8 Dt   76 LtCy   38 integ.govd   -0.00   -0.01 integ.vbp -0.00 -0.00 omni.gos X     +0.0 ,Y     -0.0. omgD -0.002 omg  +0.00 loop   4475
[0mBatt=23.5 [0mODOM [31mVisionX  +0.00 Y  +0.00 theta   +0.0 elt    0 [0mimu  -0.8 Dt   92 LtCy   46 integ.govd   -0.00   -0.01 integ.vbp -0.00 -0.00 omni.gos X     +0.0 ,Y     -0.1. omgD -0.007 omg  +0.00 loop   4471
[0mBatt=23.5 [0mODOM [31mVisionX  +0.00 Y  +0.00 theta   +0.0 elt    0 [0mimu  -0.8 Dt    8 LtCy    4 integ.govd   +0.00   -0.00 integ.vbp +0.00 -0.00 omni.gos X     +0.0 ,Y     -0.1. omgD -0.007 omg  +0.00 loop   4056
[0mBatt=23.5 [0mODOM [31mVisionX  +0.00 Y  +0.00 theta   +0.0 elt    0 [0mimu  -0.8 Dt   24 LtCy   12 integ.govd   -0.00   -0.00 integ.vbp -0.00 -0.00 omni.gos X     +0.0 ,Y     +0.0. omgD +0.002 omg  +0.00 loop   4504
[0mBatt=23.5 [0mODOM [31mVisionX  +0.00 Y  +0.00 theta   +0.0 elt    0 [0mimu  -0.8 Dt   40 LtCy   20 integ.govd   -0.00   -0.00 integ.vbp -0.00 -0.00 omni.gos X     -0.0 ,Y     -0.1. omgD -0.011 omg  +0.00 loop   4493
[0mBatt=23.5 [0mODOM [31mVisionX  +0.00 Y  +0.00 theta   +0.0 elt    0 [0mimu  -0.8 Dt   56 LtCy   28 integ.govd   -0.00   -0.00 integ.vbp -0.00 -0.00 omni.gos X     +0.0 ,Y     -0.1. omgD -0.007 omg  +0.00 loop   4439
[0mBatt=23.5 [0mODOM [31mVisionX  +0.00 Y  +0.00 theta   +0.0 elt    0 [0mimu  -0.8 Dt   72 LtCy   36 integ.govd   -0.00   -0.01 integ.vbp -0.00 -0.00 omni.gos X     +0.0 ,Y     -0.1. omgD -0.007 omg  +0.00 loop   4478
[0mBatt=23.5 [0mODOM [31mVisionX  +0.00 Y  +0.00 theta   +0.0 elt    0 [0mimu  -0.8 Dt   88 LtCy   44 integ.govd   -0.00   -0.01 integ.vbp -0.00 -0.00 omni.gos X     +0.0 ,Y     -0.0. omgD -0.002 omg  +0.00 loop   4475
[0mBatt=23.5 [0mODOM [31mVisionX  +0.00 Y  +0.00 theta   +0.0 elt    0 [0mimu  -0.8 Dt    0 LtCy    0 integ.govd   +0.00   +0.00 integ.vbp +0.00 +0.00 omni.gos X     +0.0 ,Y     -0.0. omgD -0.002 omg  +0.00 loop   3991
[0mBatt=23.5 [0mODOM [31mVisionX  +0.00 Y  +0.00 theta   +0.0 elt    0 [0mimu  -0.8 Dt   16 LtCy    8 integ.govd   +0.00   +0.00 integ.vbp +0.00 +0.00 omni.gos X     +0.0 ,Y     -0.0. omgD -0.002 omg  +0.00 loop   4506
[0mBatt=23.5 [0mODOM [31mVisionX  +0.00 Y  +0.00 theta   +0.0 elt    0 [0mimu  -0.8 Dt   32 LtCy   16 integ.govd   +0.00   +0.00 integ.vbp +0.00 +0.00 omni.gos X     +0.0 ,Y     -0.0. omgD -0.002 omg  +0.00 loop   4505
[0mBatt=23.5 [0mODOM [31mVisionX  +0.00 Y  +0.00 theta   +0.0 elt    0 [0mimu  -0.8 Dt   48 LtCy   24 integ.govd   -0.00   -0.00 integ.vbp -0.00 -0.00 omni.gos X     +0.0 ,Y     -0.0. omgD -0.002 omg  +0.00 loop   4495
[0mBatt=23.5 [0mODOM [31mVisionX  +0.00 Y  +0.00 theta   +0.0 elt    0 [0mimu  -0.8 Dt   64 LtCy   32 integ.govd   -0.00   -0.00 integ.vbp -0.00 -0.00 omni.gos X     +0.0 ,Y     -0.2. omgD -0.015 omg  +0.00 loop   4457
[0mBatt=23.5 [0mODOM [31mVisionX  +0.00 Y  +0.00 theta   +0.0 elt    0 [0mimu  -0.8 Dt   80 LtCy   40 integ.govd   -0.00   -0.00 integ.vbp -0.00 -0.00 omni.gos X     +0.0 ,Y     -0.1. omgD -0.011 omg  +0.00 loop   4482
[0mBatt=23.5 [0mODOM [31mVisionX  +0.00 Y  +0.00 theta   +0.0 elt    0 [0mimu  -0.8 Dt    0 LtCy    0 integ.govd   +0.00   +0.00 integ.vbp +0.00 +0.00 omni.gos X     -0.0 ,Y     -0.1. omgD -0.011 omg  +0.00 loop   4277
[0mBatt=23.5 [0mODOM [31mVisionX  +0.00 Y  +0.00 theta   +0.0 elt    0 [0mimu  -0.8 Dt   10 LtCy    5 integ.govd   -0.00   -0.00 integ.vbp -0.00 -0.00 omni.gos X     -0.0 ,Y     -0.1. omgD -0.011 omg  +0.00 loop   4193
[0mBatt=23.5 [0mODOM [31mVisionX  +0.00 Y  +0.00 theta   +0.0 elt    0 [0mimu  -0.8 Dt   26 LtCy   13 integ.govd   -0.00   -0.00 integ.vbp -0.00 -0.00 omni.gos X     +0.0 ,Y     -0.1. omgD -0.011 omg  +0.00 loop   4482
[0mBatt=23.5 [0mODOM [31mVisionX  +0.00 Y  +0.00 theta   +0.0 elt    0 [0mimu  -0.8 Dt   42 LtCy   21 integ.govd   -0.00   -0.00 integ.vbp -0.00 -0.00 omni.gos X     +0.0 ,Y     -0.1. omgD -0.007 omg  +0.00 loop   4493
[0mBatt=23.5 [0mODOM [31mVisionX  +0.00 Y  +0.00 theta   +0.0 elt    0 [0mimu  -0.8 Dt   58 LtCy   29 integ.govd   -0.00   -0.00 integ.vbp -0.00 -0.00 omni.gos X     +0.0 ,Y     -0.0. omgD -0.002 omg  +0.00 loop   4455
[0mBatt=23.5 [0mODOM [31mVisionX  +0.00 Y  +0.00 theta   +0.0 elt    0 [0mimu  -0.8 Dt   74 LtCy   37 integ.govd   -0.00   -0.01 integ.vbp -0.00 -0.00 omni.gos X     +0.0 ,Y     -0.1. omgD -0.007 omg  +0.00 loop   4469
[0mBatt=23.5 [0mODOM [31mVisionX  +0.00 Y  +0.00 theta   +0.0 elt    0 [0mimu  -0.8 Dt   90 LtCy   45 integ.govd   -0.00   -0.01 integ.vbp -0.00 -0.00 omni.gos X     +0.0 ,Y     -0.0. omgD -0.002 omg  +0.00 loop   4481
[0mBatt=23.5 [0mODOM [31mVisionX  +0.00 Y  +0.00 theta   +0.0 elt    0 [0mimu  -0.8 Dt    4 LtCy    2 integ.govd   -0.00   -0.00 integ.vbp -0.00 -0.00 omni.gos X     -0.0 ,Y     -0.2. omgD -0.015 omg  +0.00 loop   4057
[0mBatt=23.5 [0mODOM [31mVisionX  +0.00 Y  +0.00 theta   +0.0 elt    0 [0mimu  -0.8 Dt   20 LtCy   10 integ.govd   -0.00   -0.00 integ.vbp -0.00 -0.00 omni.gos X     -0.0 ,Y     -0.2. omgD -0.015 omg  +0.00 loop   4471
[0mBatt=23.5 [0mODOM [31mVisionX  +0.00 Y  +0.00 theta   +0.0 elt    0 [0mimu  -0.8 Dt   36 LtCy   18 integ.govd   -0.00   -0.00 integ.vbp -0.00 -0.00 omni.gos X     +0.0 ,Y     -0.1. omgD -0.007 omg  +0.00 loop   4479
[0mBatt=23.5 [0mODOM [31mVisionX  +0.00 Y  +0.00 theta   +0.0 elt    0 [0mimu  -0.8 Dt   52 LtCy   26 integ.govd   -0.00   -0.00 integ.vbp -0.00 -0.00 omni.gos X     +0.0 ,Y     -0.0. omgD -0.002 omg  +0.00 loop   4477
[0mBatt=23.5 [0mODOM [31mVisionX  +0.00 Y  +0.00 theta   +0.0 elt    0 [0mimu  -0.8 Dt   68 LtCy   34 integ.govd   -0.00   -0.00 integ.vbp -0.00 -0.00 omni.gos X     +0.0 ,Y     -0.1. omgD -0.007 omg  +0.00 loop   4455
[0mBatt=23.5 [0mODOM [31mVisionX  +0.00 Y  +0.00 theta   +0.0 elt    0 [0mimu  -0.8 Dt   84 LtCy   42 integ.govd   -0.00   -0.01 integ.vbp -0.00 -0.00 omni.gos X     +0.0 ,Y     -0.1. omgD -0.007 omg  +0.00 loop   4478
[0mBatt=23.5 [0mODOM [31mVisionX  +0.00 Y  +0.00 theta   +0.0 elt    0 [0mimu  -0.8 Dt    0 LtCy    0 integ.govd   +0.00   +0.00 integ.vbp +0.00 +0.00 omni.gos X     +0.0 ,Y     +0.0. omgD +0.002 omg  +0.00 loop   4034
[0mBatt=23.5 [0mODOM [31mVisionX  +0.00 Y  +0.00 theta   +0.0 elt    0 [0mimu  -0.8 Dt   14 LtCy    7 integ.govd   -0.00   -0.00 integ.vbp -0.00 -0.00 omni.gos X     +0.0 ,Y     -0.1. omgD -0.007 omg  +0.00 loop   4453
[0mBatt=23.5 [0mODOM [31mVisionX  +0.00 Y  +0.00 theta   +0.0 elt    0 [0mimu  -0.8 Dt   30 LtCy   15 integ.govd   -0.00   -0.00 integ.vbp -0.00 -0.00 omni.gos X     +0.0 ,Y     -0.1. omgD -0.007 omg  +0.00 loop   4498
[0mBatt=23.5 [0mODOM [31mVisionX  +0.00 Y  +0.00 theta   +0.0 elt    0 [0mimu  -0.8 Dt   46 LtCy   23 integ.govd   -0.00   -0.00 integ.vbp -0.00 -0.00 omni.gos X     +0.0 ,Y     -0.1. omgD -0.011 omg  +0.00 loop   4479
[0mBatt=23.5 [0mODOM [31mVisionX  +0.00 Y  +0.00 theta   +0.0 elt    0 [0mimu  -0.8 Dt   62 LtCy   31 integ.govd   -0.00   -0.01 integ.vbp -0.00 -0.00 omni.gos X     +0.0 ,Y     -0.2. omgD -0.015 omg  +0.00 loop   4466
[0mBatt=23.5 [0mODOM [31mVisionX  +0.00 Y  +0.00 theta   +0.0 elt    0 [0mimu  -0.8 Dt   78 LtCy   39 integ.govd   -0.00   -0.01 integ.vbp -0.00 -0.00 omni.gos X     +0.0 ,Y     -0.1. omgD -0.007 omg  +0.00 loop   4468
[0mBatt=23.5 [0mODOM [31mVisionX  +0.00 Y  +0.00 theta   +0.0 elt    0 [0mimu  -0.8 Dt    0 LtCy    0 integ.govd   +0.00   +0.00 integ.vbp +0.00 +0.00 omni.gos X     +0.0 ,Y     -0.1. omgD -0.011 omg  +0.00 loop   4372
[0mBatt=23.5 [0mODOM [31mVisionX  +0.00 Y  +0.00 theta   +0.0 elt    0 [0mimu  -0.8 Dt   12 LtCy    6 integ.govd   -0.00   -0.00 integ.vbp -0.00 -0.00 omni.gos X     -0.0 ,Y     -0.0. omgD -0.002 omg  +0.00 loop   4279
[0mBatt=23.5 [0mODOM [31mVisionX  +0.00 Y  +0.00 theta   +0.0 elt    0 [0mimu  -0.8 Dt   28 LtCy   14 integ.govd   +0.00   -0.00 integ.vbp +0.00 -0.00 omni.gos X     +0.0 ,Y     +0.0. omgD +0.002 omg  +0.00 loop   4455
[0mBatt=23.5 [0mODOM [31mVisionX  +0.00 Y  +0.00 theta   +0.0 elt    0 [0mimu  -0.8 Dt   44 LtCy   22 integ.govd   -0.00   -0.00 integ.vbp -0.00 -0.00 omni.gos X     +0.0 ,Y     -0.1. omgD -0.007 omg  +0.00 loop   4509
[0mBatt=23.5 [0mODOM [31mVisionX  +0.00 Y  +0.00 theta   +0.0 elt    0 [0mimu  -0.8 Dt   60 LtCy   30 integ.govd   -0.00   -0.00 integ.vbp -0.00 -0.00 omni.gos X     +0.0 ,Y     -0.0. omgD -0.002 omg  +0.00 loop   4474
[0mBatt=23.5 [0mODOM [31mVisionX  +0.00 Y  +0.00 theta   +0.0 elt    0 [0mimu  -0.8 Dt   76 LtCy   38 integ.govd   -0.00   -0.00 integ.vbp -0.00 -0.00 omni.gos X     +0.0 ,Y     -0.0. omgD -0.002 omg  +0.00 loop   4443
[0mBatt=23.5 [0mODOM [31mVisionX  +0.00 Y  +0.00 theta   +0.0 elt    0 [0mimu  -0.8 Dt   92 LtCy   46 integ.govd   -0.00   -0.00 integ.vbp -0.00 -0.00 omni.gos X     +0.0 ,Y     -0.1. omgD -0.007 omg  +0.00 loop   4472
[0mBatt=23.5 [0mODOM [31mVisionX  +0.00 Y  +0.00 theta   +0.0 elt    0 [0mimu  -0.8 Dt    2 LtCy    1 integ.govd   +0.00   -0.00 integ.vbp +0.00 -0.00 omni.gos X     +0.0 ,Y     -0.2. omgD -0.015 omg  +0.00 loop   3946
[0mBatt=23.5 [0mODOM [31mVisionX  +0.00 Y  +0.00 theta   +0.0 elt    0 [0mimu  -0.8 Dt   18 LtCy    9 integ.govd   -0.00   -0.00 integ.vbp -0.00 -0.00 omni.gos X     +0.0 ,Y     -0.2. omgD -0.015 omg  +0.00 loop   4480
[0mBatt=23.5 [0mODOM [31mVisionX  +0.00 Y  +0.00 theta   +0.0 elt    0 [0mimu  -0.8 Dt   34 LtCy   17 integ.govd   -0.00   -0.00 integ.vbp -0.00 -0.00 omni.gos X     +0.0 ,Y     -0.0. omgD -0.002 omg  +0.00 loop   4482
[0mBatt=23.5 [0mODOM [31mVisionX  +0.00 Y  +0.00 theta   +0.0 elt    0 [0mimu  -0.8 Dt   50 LtCy   25 integ.govd   -0.00   -0.00 integ.vbp -0.00 -0.00 omni.gos X     +0.0 ,Y     -0.0. omgD -0.002 omg  +0.00 loop   4491
[0mBatt=23.5 [0mODOM [31mVisionX  +0.00 Y  +0.00 theta   +0.0 elt    0 [0mimu  -0.8 Dt   66 LtCy   33 integ.govd   -0.00   -0.00 integ.vbp -0.00 -0.00 omni.gos X     +0.0 ,Y     -0.1. omgD -0.007 omg  +0.00 loop   4455
[0mBatt=23.5 [0mODOM [31mVisionX  +0.00 Y  +0.00 theta   +0.0 elt    0 [0mimu  -0.8 Dt   74 LtCy   37 integ.govd   -0.00   -0.00 integ.vbp -0.00 -0.00 omni.gos X     +0.0 ,Y     -0.0. omgD -0.002 omg  +0.00 loop   2136
[0mBatt=23.5 [0mODOM [31mVisionX  +0.00 Y  +0.00 theta   +0.0 elt    0 [0mimu  -0.8 Dt   90 LtCy   45 integ.govd   -0.00   -0.00 integ.vbp -0.00 -0.00 omni.gos X     +0.0 ,Y     -0.0. omgD -0.002 omg  +0.00 loop   4472
[0mBatt=23.5 [0mODOM [31mVisionX  +0.00 Y  +0.00 theta   +0.0 elt    0 [0mimu  -0.8 Dt    6 LtCy    3 integ.govd   -0.00   -0.00 integ.vbp -0.00 -0.00 omni.gos X     -0.0 ,Y     -0.1. omgD -0.011 omg  +0.00 loop   4018
[0mBatt=23.5 [0mODOM [31mVisionX  +0.00 Y  +0.00 theta   +0.0 elt    0 [0mimu  -0.8 Dt   22 LtCy   11 integ.govd   -0.00   -0.00 integ.vbp -0.00 -0.00 omni.gos X     +0.0 ,Y     -0.0. omgD -0.000 omg  +0.00 loop   4462
[0mBatt=23.5 [0mODOM [31mVisionX  +0.00 Y  +0.00 theta   +0.0 elt    0 [0mimu  -0.8 Dt   38 LtCy   19 integ.govd   -0.00   -0.00 integ.vbp -0.00 -0.00 omni.gos X     -0.0 ,Y     -0.1. omgD -0.005 omg  +0.00 loop   4476
[0mBatt=23.5 [0mODOM [31mVisionX  +0.00 Y  +0.00 theta   +0.0 elt    0 [0mimu  -0.8 Dt   54 LtCy   27 integ.govd   -0.00   -0.00 integ.vbp -0.00 -0.00 omni.gos X     +0.0 ,Y     -0.0. omgD -0.000 omg  +0.00 loop   4481
[0mBatt=23.5 [0mODOM [31mVisionX  +0.00 Y  +0.00 theta   +0.0 elt    0 [0mimu  -0.8 Dt   70 LtCy   35 integ.govd   -0.00   -0.00 integ.vbp -0.00 -0.00 omni.gos X     +0.0 ,Y     -0.1. omgD -0.011 omg  +0.00 loop   4468
[0mBatt=23.5 [0mODOM [31mVisionX  +0.00 Y  +0.00 theta   +0.0 elt    0 [0mimu  -0.8 Dt   86 LtCy   43 integ.govd   -0.00   -0.01 integ.vbp -0.00 -0.00 omni.gos X     -0.0 ,Y     -0.1. omgD -0.011 omg  +0.00 loop   4455
[0mBatt=23.5 [0mODOM [31mVisionX  +0.00 Y  +0.00 theta   +0.0 elt    0 [0mimu  -0.8 Dt    0 LtCy    0 integ.govd   +0.00   +0.00 integ.vbp +0.00 +0.00 omni.gos X     +0.0 ,Y     -0.1. omgD -0.011 omg  +0.00 loop   4067
[0mBatt=23.5 [0mODOM [31mVisionX  +0.00 Y  +0.00 theta   +0.0 elt    0 [0mimu  -0.8 Dt   16 LtCy    8 integ.govd   -0.00   -0.00 integ.vbp -0.00 -0.00 omni.gos X     +0.0 ,Y     -0.0. omgD -0.002 omg  +0.00 loop   4510
[0mBatt=23.5 [0mODOM [31mVisionX  +0.00 Y  +0.00 theta   +0.0 elt    0 [0mimu  -0.8 Dt   32 LtCy   16 integ.govd   -0.00   -0.00 integ.vbp -0.00 -0.00 omni.gos X     +0.0 ,Y     -0.0. omgD -0.002 omg  +0.00 loop   4462
[0mBatt=23.5 [0mODOM [31mVisionX  +0.00 Y  +0.00 theta   +0.0 elt    0 [0mimu  -0.8 Dt   48 LtCy   24 integ.govd   -0.00   -0.00 integ.vbp -0.00 -0.00 omni.gos X     +0.0 ,Y     -0.1. omgD -0.009 omg  +0.00 loop   4478
[0mBatt=23.5 [0mODOM [31mVisionX  +0.00 Y  +0.00 theta   +0.0 elt    0 [0mimu  -0.8 Dt   64 LtCy   32 integ.govd   -0.00   -0.00 integ.vbp -0.00 -0.00 omni.gos X     +0.0 ,Y     -0.1. omgD -0.005 omg  +0.00 loop   4483
[0mBatt=23.5 [0mODOM [31mVisionX  +0.00 Y  +0.00 theta   +0.0 elt    0 [0mimu  -0.8 Dt   80 LtCy   40 integ.govd   -0.00   -0.01 integ.vbp -0.00 -0.00 omni.gos X     +0.0 ,Y     -0.1. omgD -0.007 omg  +0.00 loop   4441
[0mBatt=23.5 [0mODOM [31mVisionX  +0.00 Y  +0.00 theta   +0.0 elt    0 [0mimu  -0.8 Dt    0 LtCy    0 integ.govd   +0.00   +0.00 integ.vbp +0.00 +0.00 omni.gos X     -0.0 ,Y     -0.1. omgD -0.007 omg  +0.00 loop   4338
[0mBatt=23.5 [0mODOM [31mVisionX  +0.00 Y  +0.00 theta   +0.0 elt    0 [0mimu  -0.8 Dt    8 LtCy    4 integ.govd   +0.00   -0.00 integ.vbp +0.00 -0.00 omni.gos X     +0.0 ,Y     -0.1. omgD -0.007 omg  +0.00 loop   4165
[0mBatt=23.5 [0mODOM [31mVisionX  +0.00 Y  +0.00 theta   +0.0 elt    0 [0mimu  -0.8 Dt   24 LtCy   12 integ.govd   -0.00   -0.00 integ.vbp -0.00 -0.00 omni.gos X     +0.0 ,Y     -0.0. omgD -0.002 omg  +0.00 loop   4472
[0mBatt=23.5 [0mODOM [31mVisionX  +0.00 Y  +0.00 theta   +0.0 elt    0 [0mimu  -0.8 Dt   40 LtCy   20 integ.govd   -0.00   -0.00 integ.vbp -0.00 -0.00 omni.gos X     +0.0 ,Y     -0.1. omgD -0.005 omg  +0.00 loop   4482
[0mBatt=23.5 [0mODOM [31mVisionX  +0.00 Y  +0.00 theta   +0.0 elt    0 [0mimu  -0.8 Dt   56 LtCy   28 integ.govd   -0.00   -0.00 integ.vbp -0.00 -0.00 omni.gos X     +0.0 ,Y     -0.1. omgD -0.007 omg  +0.00 loop   4479
[0mBatt=23.5 [0mODOM [31mVisionX  +0.00 Y  +0.00 theta   +0.0 elt    0 [0mimu  -0.8 Dt   72 LtCy   36 integ.govd   -0.00   -0.00 integ.vbp -0.00 -0.00 omni.gos X     +0.0 ,Y     -0.0. omgD -0.002 omg  +0.00 loop   4472
[0mBatt=23.5 [0mODOM [31mVisionX  +0.00 Y  +0.00 theta   +0.0 elt    0 [0mimu  -0.8 Dt   88 LtCy   44 integ.govd   -0.00   -0.00 integ.vbp -0.00 -0.00 omni.gos X     +0.0 ,Y     +0.0. omgD +0.002 omg  +0.00 loop   4454
[0mBatt=23.5 [0mODOM [31mVisionX  +0.00 Y  +0.00 theta   +0.0 elt    0 [0mimu  -0.8 Dt    6 LtCy    3 integ.govd   -0.00   -0.00 integ.vbp -0.00 -0.00 omni.gos X     -0.0 ,Y     -0.1. omgD -0.011 omg  +0.00 loop   4146
[0mBatt=23.5 [0mODOM [31mVisionX  +0.00 Y  +0.00 theta   +0.0 elt    0 [0mimu  -0.8 Dt   22 LtCy   11 integ.govd   -0.00   -0.00 integ.vbp -0.00 -0.00 omni.gos X     +0.0 ,Y     -0.1. omgD -0.005 omg  +0.00 loop   4488
[0mBatt=23.5 [0mODOM [31mVisionX  +0.00 Y  +0.00 theta   +0.0 elt    0 [0mimu  -0.8 Dt   38 LtCy   19 integ.govd   -0.00   -0.00 integ.vbp -0.00 -0.00 omni.gos X     +0.0 ,Y     -0.0. omgD -0.002 omg  +0.00 loop   4449
[0mBatt=23.5 [0mODOM [31mVisionX  +0.00 Y  +0.00 theta   +0.0 elt    0 [0mimu  -0.8 Dt   54 LtCy   27 integ.govd   -0.00   -0.01 integ.vbp -0.00 -0.00 omni.gos X     +0.0 ,Y     -0.1. omgD -0.007 omg  +0.00 loop   4487
[0mBatt=23.5 [0mODOM [31mVisionX  +0.00 Y  +0.00 theta   +0.0 elt    0 [0mimu  -0.8 Dt   70 LtCy   35 integ.govd   -0.00   -0.01 integ.vbp -0.00 -0.00 omni.gos X     -0.0 ,Y     -0.1. omgD -0.011 omg  +0.00 loop   4478
[0mBatt=23.5 [0mODOM [31mVisionX  +0.00 Y  +0.00 theta   +0.0 elt    0 [0mimu  -0.8 Dt   86 LtCy   43 integ.govd   -0.00   -0.01 integ.vbp -0.00 -0.00 omni.gos X     +0.0 ,Y     -0.1. omgD -0.007 omg  +0.00 loop   4441
[0mBatt=23.5 [0mODOM [31mVisionX  +0.00 Y  +0.00 theta   +0.0 elt    0 [0mimu  -0.8 Dt    0 LtCy    0 integ.govd   +0.00   +0.00 integ.vbp +0.00 +0.00 omni.gos X     -0.0 ,Y     -0.2. omgD -0.015 omg  +0.00 loop   4069
[0mBatt=23.5 [0mODOM [31mVisionX  +0.00 Y  +0.00 theta   +0.0 elt    0 [0mimu  -0.8 Dt   16 LtCy    8 integ.govd   -0.00   -0.00 integ.vbp -0.00 -0.00 omni.gos X     +0.0 ,Y     -0.0. omgD -0.002 omg  +0.00 loop   4516
[0mBatt=23.5 [0mODOM [31mVisionX  +0.00 Y  +0.00 theta   +0.0 elt    0 [0mimu  -0.8 Dt   32 LtCy   16 integ.govd   -0.00   -0.00 integ.vbp -0.00 -0.00 omni.gos X     +0.0 ,Y     -0.0. omgD -0.002 omg  +0.00 loop   4445
[0mBatt=23.5 [0mODOM [31mVisionX  +0.00 Y  +0.00 theta   +0.0 elt    0 [0mimu  -0.8 Dt   48 LtCy   24 integ.govd   -0.00   -0.00 integ.vbp -0.00 -0.00 omni.gos X     -0.0 ,Y     -0.0. omgD -0.002 omg  +0.00 loop   4470
[0mBatt=23.5 [0mODOM [31mVisionX  +0.00 Y  +0.00 theta   +0.0 elt    0 [0mimu  -0.8 Dt   64 LtCy   32 integ.govd   -0.00   -0.00 integ.vbp -0.00 -0.00 omni.gos X     +0.0 ,Y     -0.1. omgD -0.011 omg  +0.00 loop   4481
[0mBatt=23.5 [0mODOM [31mVisionX  +0.00 Y  +0.00 theta   +0.0 elt    0 [0mimu  -0.8 Dt   80 LtCy   40 integ.govd   -0.00   -0.00 integ.vbp -0.00 -0.00 omni.gos X     -0.0 ,Y     -0.1. omgD -0.011 omg  +0.00 loop   4455
[0mBatt=23.5 [0mODOM [31mVisionX  +0.00 Y  +0.00 theta   +0.0 elt    0 [0mimu  -0.8 Dt    0 LtCy    0 integ.govd   +0.00   +0.00 integ.vbp +0.00 +0.00 omni.gos X     -0.0 ,Y     -0.1. omgD -0.011 omg  +0.00 loop   4322
[0mBatt=23.5 [0mODOM [31mVisionX  +0.00 Y  +0.00 theta   +0.0 elt    0 [0mimu  -0.8 Dt   12 LtCy    6 integ.govd   -0.00   -0.00 integ.vbp -0.00 -0.00 omni.gos X     -0.0 ,Y     -0.1. omgD -0.007 omg  +0.00 loop   4288
[0mBatt=23.5 [0mODOM [31mVisionX  +0.00 Y  +0.00 theta   +0.0 elt    0 [0mimu  -0.8 Dt   28 LtCy   14 integ.govd   -0.00   -0.00 integ.vbp -0.00 -0.00 omni.gos X     +0.0 ,Y     -0.2. omgD -0.015 omg  +0.00 loop   4490
[0mBatt=23.5 [0mODOM [31mVisionX  +0.00 Y  +0.00 theta   +0.0 elt    0 [0mimu  -0.8 Dt   44 LtCy   22 integ.govd   -0.00   -0.00 integ.vbp -0.00 -0.00 omni.gos X     +0.0 ,Y     -0.1. omgD -0.007 omg  +0.00 loop   4451
[0mBatt=23.5 [0mODOM [31mVisionX  +0.00 Y  +0.00 theta   +0.0 elt    0 [0mimu  -0.8 Dt   60 LtCy   30 integ.govd   -0.00   -0.01 integ.vbp -0.00 -0.00 omni.gos X     +0.0 ,Y     -0.1. omgD -0.011 omg  +0.00 loop   4481
[0mBatt=23.5 [0mODOM [31mVisionX  +0.00 Y  +0.00 theta   +0.0 elt    0 [0mimu  -0.8 Dt   76 LtCy   38 integ.govd   -0.00   -0.01 integ.vbp -0.00 -0.00 omni.gos X     +0.0 ,Y     -0.1. omgD -0.007 omg  +0.00 loop   4481
[0mBatt=23.5 [0mODOM [31mVisionX  +0.00 Y  +0.00 theta   +0.0 elt    0 [0mimu  -0.8 Dt   92 LtCy   46 integ.govd   -0.00   -0.01 integ.vbp -0.00 -0.00 omni.gos X     +0.0 ,Y     -0.0. omgD -0.002 omg  +0.00 loop   4446
[0mBatt=23.5 [0mODOM [31mVisionX  +0.00 Y  +0.00 theta   +0.0 elt    0 [0mimu  -0.8 Dt    2 LtCy    1 integ.govd   +0.00   -0.00 integ.vbp +0.00 -0.00 omni.gos X     +0.0 ,Y     -0.1. omgD -0.007 omg  +0.00 loop   4141
[0mBatt=23.5 [0mODOM [31mVisionX  +0.00 Y  +0.00 theta   +0.0 elt    0 [0mimu  -0.8 Dt   18 LtCy    9 integ.govd   -0.00   -0.00 integ.vbp -0.00 -0.00 omni.gos X     +0.0 ,Y     -0.1. omgD -0.011 omg  +0.00 loop   4504
[0mBatt=23.5 [0mODOM [31mVisionX  +0.00 Y  +0.00 theta   +0.0 elt    0 [0mimu  -0.8 Dt   34 LtCy   17 integ.govd   -0.00   -0.00 integ.vbp -0.00 -0.00 omni.gos X     +0.0 ,Y     -0.1. omgD -0.011 omg  +0.00 loop   4476
[0mBatt=23.5 [0mODOM [31mVisionX  +0.00 Y  +0.00 theta   +0.0 elt    0 [0mimu  -0.8 Dt   50 LtCy   25 integ.govd   -0.00   -0.01 integ.vbp -0.00 -0.00 omni.gos X     +0.0 ,Y     -0.1. omgD -0.007 omg  +0.00 loop   4464
[0mBatt=23.5 [0mODOM [31mVisionX  +0.00 Y  +0.00 theta   +0.0 elt    0 [0mimu  -0.8 Dt   66 LtCy   33 integ.govd   -0.00   -0.01 integ.vbp -0.00 -0.00 omni.gos X     +0.0 ,Y     +0.0. omgD +0.002 omg  +0.00 loop   4487
[0mBatt=23.5 [0mODOM [31mVisionX  +0.00 Y  +0.00 theta   +0.0 elt    0 [0mimu  -0.8 Dt   82 LtCy   41 integ.govd   -0.00   -0.01 integ.vbp -0.00 -0.00 omni.gos X     +0.0 ,Y     -0.1. omgD -0.007 omg  +0.00 loop   4474
[0mBatt=23.5 [0mODOM [31mVisionX  +0.00 Y  +0.00 theta   +0.0 elt    0 [0mimu  -0.8 Dt    0 LtCy    0 integ.govd   +0.00   +0.00 integ.vbp +0.00 +0.00 omni.gos X     -0.0 ,Y     -0.1. omgD -0.007 omg  +0.00 loop   4245
[0mBatt=23.5 [0mODOM [31mVisionX  +0.00 Y  +0.00 theta   +0.0 elt    0 [0mimu  -0.8 Dt   14 LtCy    7 integ.govd   -0.00   -0.00 integ.vbp -0.00 -0.00 omni.gos X     +0.0 ,Y     -0.1. omgD -0.007 omg  +0.00 loop   4456
[0mBatt=23.5 [0mODOM [31mVisionX  +0.00 Y  +0.00 theta   +0.0 elt    0 [0mimu  -0.8 Dt   30 LtCy   15 integ.govd   -0.00   -0.00 integ.vbp -0.00 -0.00 omni.gos X     -0.0 ,Y     -0.1. omgD -0.011 omg  +0.00 loop   4489
[0mBatt=23.5 [0mODOM [31mVisionX  +0.00 Y  +0.00 theta   +0.0 elt    0 [0mimu  -0.8 Dt   46 LtCy   23 integ.govd   -0.00   -0.01 integ.vbp -0.00 -0.00 omni.gos X     +0.0 ,Y     -0.1. omgD -0.007 omg  +0.00 loop   4456
[0mBatt=23.5 [0mODOM [31mVisionX  +0.00 Y  +0.00 theta   +0.0 elt    0 [0mimu  -0.8 Dt   62 LtCy   31 integ.govd   -0.00   -0.01 integ.vbp -0.00 -0.00 omni.gos X     -0.0 ,Y     -0.1. omgD -0.007 omg  +0.00 loop   4478
[0mBatt=23.5 [0mODOM [31mVisionX  +0.00 Y  +0.00 theta   +0.0 elt    0 [0mimu  -0.8 Dt   78 LtCy   39 integ.govd   -0.00   -0.01 integ.vbp -0.00 -0.00 omni.gos X     +0.0 ,Y     -0.1. omgD -0.011 omg  +0.00 loop   4475
[0mBatt=23.5 [0mODOM [31mVisionX  +0.00 Y  +0.00 theta   +0.0 elt    0 [0mimu  -0.8 Dt   94 LtCy   47 integ.govd   -0.00   -0.01 integ.vbp -0.00 -0.00 omni.gos X     +0.0 ,Y     -0.0. omgD -0.002 omg  +0.00 loop   4435
[0mBatt=23.5 [0mODOM [31mVisionX  +0.00 Y  +0.00 theta   +0.0 elt    0 [0mimu  -0.8 Dt    6 LtCy    3 integ.govd   +0.00   -0.00 integ.vbp +0.00 -0.00 omni.gos X     +0.0 ,Y     -0.1. omgD -0.007 omg  +0.00 loop   4077
[0mBatt=23.5 [0mODOM [31mVisionX  +0.00 Y  +0.00 theta   +0.0 elt    0 [0mimu  -0.8 Dt   22 LtCy   11 integ.govd   -0.00   -0.00 integ.vbp -0.00 -0.00 omni.gos X     +0.0 ,Y     -0.1. omgD -0.007 omg  +0.00 loop   4518
[0mBatt=23.5 [0mODOM [31mVisionX  +0.00 Y  +0.00 theta   +0.0 elt    0 [0mimu  -0.8 Dt   38 LtCy   19 integ.govd   -0.00   -0.00 integ.vbp -0.00 -0.00 omni.gos X     +0.0 ,Y     -0.1. omgD -0.007 omg  +0.00 loop   4471
[0mBatt=23.5 [0mODOM [31mVisionX  +0.00 Y  +0.00 theta   +0.0 elt    0 [0mimu  -0.8 Dt   54 LtCy   27 integ.govd   -0.00   -0.00 integ.vbp -0.00 -0.00 omni.gos X     +0.0 ,Y     -0.1. omgD -0.011 omg  +0.00 loop   4467
[0mBatt=23.5 [0mODOM [31mVisionX  +0.00 Y  +0.00 theta   +0.0 elt    0 [0mimu  -0.8 Dt   70 LtCy   35 integ.govd   -0.00   -0.01 integ.vbp -0.00 -0.00 omni.gos X     +0.0 ,Y     -0.0. omgD -0.002 omg  +0.00 loop   4474
[0mBatt=23.5 [0mODOM [31mVisionX  +0.00 Y  +0.00 theta   +0.0 elt    0 [0mimu  -0.8 Dt   86 LtCy   43 integ.govd   -0.00   -0.01 integ.vbp -0.00 -0.00 omni.gos X     +0.0 ,Y     -0.0. omgD -0.002 omg  +0.00 loop   4475
[0mBatt=23.5 [0mODOM [31mVisionX  +0.00 Y  +0.00 theta   +0.0 elt    0 [0mimu  -0.8 Dt    2 LtCy    1 integ.govd   +0.00   -0.00 integ.vbp +0.00 -0.00 omni.gos X     +0.0 ,Y     -0.1. omgD -0.007 omg  +0.00 loop   4120
[0mBatt=23.5 [0mODOM [31mVisionX  +0.00 Y  +0.00 theta   +0.0 elt    0 [0mimu  -0.8 Dt   18 LtCy    9 integ.govd   -0.00   -0.00 integ.vbp -0.00 -0.00 omni.gos X     +0.0 ,Y     -0.1. omgD -0.007 omg  +0.00 loop   4502
[0mBatt=23.5 [0mODOM [31mVisionX  +0.00 Y  +0.00 theta   +0.0 elt    0 [0mimu  -0.8 Dt   34 LtCy   17 integ.govd   -0.00   -0.00 integ.vbp -0.00 -0.00 omni.gos X     +0.0 ,Y     -0.1. omgD -0.011 omg  +0.00 loop   4498
[0mBatt=23.5 [0mODOM [31mVisionX  +0.00 Y  +0.00 theta   +0.0 elt    0 [0mimu  -0.8 Dt   50 LtCy   25 integ.govd   -0.00   -0.00 integ.vbp -0.00 -0.00 omni.gos X     +0.0 ,Y     -0.0. omgD -0.002 omg  +0.00 loop   4450
[0mBatt=23.5 [0mODOM [31mVisionX  +0.00 Y  +0.00 theta   +0.0 elt    0 [0mimu  -0.8 Dt   58 LtCy   29 integ.govd   -0.00   -0.00 integ.vbp -0.00 -0.00 omni.gos X     +0.0 ,Y     -0.0. omgD -0.002 omg  +0.00 loop   2140
[0mBatt=23.5 [0mODOM [31mVisionX  +0.00 Y  +0.00 theta   +0.0 elt    0 [0mimu  -0.8 Dt   74 LtCy   37 integ.govd   -0.00   -0.01 integ.vbp -0.00 -0.00 omni.gos X     +0.0 ,Y     -0.1. omgD -0.011 omg  +0.00 loop   4478
[0mBatt=23.5 [0mODOM [31mVisionX  +0.00 Y  +0.00 theta   +0.0 elt    0 [0mimu  -0.8 Dt   90 LtCy   45 integ.govd   -0.00   -0.01 integ.vbp -0.00 -0.00 omni.gos X     +0.0 ,Y     -0.1. omgD -0.007 omg  +0.00 loop   4466
[0mBatt=23.5 [0mODOM [31mVisionX  +0.00 Y  +0.00 theta   +0.0 elt    0 [0mimu  -0.8 Dt    2 LtCy    1 integ.govd   +0.00   -0.00 integ.vbp +0.00 -0.00 omni.gos X     +0.0 ,Y     -0.0. omgD -0.002 omg  +0.00 loop   3996
[0mBatt=23.5 [0mODOM [31mVisionX  +0.00 Y  +0.00 theta   +0.0 elt    0 [0mimu  -0.8 Dt   18 LtCy    9 integ.govd   +0.00   -0.00 integ.vbp +0.00 -0.00 omni.gos X     +0.0 ,Y     -0.0. omgD -0.002 omg  +0.00 loop   4506
[0mBatt=23.5 [0mODOM [31mVisionX  +0.00 Y  +0.00 theta   +0.0 elt    0 [0mimu  -0.8 Dt   34 LtCy   17 integ.govd   -0.00   -0.00 integ.vbp -0.00 -0.00 omni.gos X     +0.0 ,Y     -0.1. omgD -0.011 omg  +0.00 loop   4506
[0mBatt=23.5 [0mODOM [31mVisionX  +0.00 Y  +0.00 theta   +0.0 elt    0 [0mimu  -0.8 Dt   50 LtCy   25 integ.govd   -0.00   -0.00 integ.vbp -0.00 -0.00 omni.gos X     +0.0 ,Y     -0.1. omgD -0.007 omg  +0.00 loop   4456
[0mBatt=23.5 [0mODOM [31mVisionX  +0.00 Y  +0.00 theta   +0.0 elt    0 [0mimu  -0.8 Dt   66 LtCy   33 integ.govd   -0.00   -0.00 integ.vbp -0.00 -0.00 omni.gos X     +0.0 ,Y     +0.0. omgD +0.002 omg  +0.00 loop   4471
[0mBatt=23.5 [0mODOM [31mVisionX  +0.00 Y  +0.00 theta   +0.0 elt    0 [0mimu  -0.8 Dt   82 LtCy   41 integ.govd   -0.00   -0.00 integ.vbp -0.00 -0.00 omni.gos X     +0.0 ,Y     +0.0. omgD +0.002 omg  +0.00 loop   4483
[0mBatt=23.5 [0mODOM [31mVisionX  +0.00 Y  +0.00 theta   +0.0 elt    0 [0mimu  -0.8 Dt    0 LtCy    0 integ.govd   +0.00   +0.00 integ.vbp +0.00 +0.00 omni.gos X     +0.0 ,Y     -0.1. omgD -0.007 omg  +0.00 loop   4113
[0mBatt=23.5 [0mODOM [31mVisionX  +0.00 Y  +0.00 theta   +0.0 elt    0 [0mimu  -0.8 Dt   16 LtCy    8 integ.govd   -0.00   -0.00 integ.vbp -0.00 -0.00 omni.gos X     -0.0 ,Y     -0.1. omgD -0.007 omg  +0.00 loop   4502
[0mBatt=23.5 [0mODOM [31mVisionX  +0.00 Y  +0.00 theta   +0.0 elt    0 [0mimu  -0.8 Dt   32 LtCy   16 integ.govd   -0.00   -0.00 integ.vbp -0.00 -0.00 omni.gos X     +0.0 ,Y     -0.0. omgD -0.002 omg  +0.00 loop   4476
[0mBatt=23.5 [0mODOM [31mVisionX  +0.00 Y  +0.00 theta   +0.0 elt    0 [0mimu  -0.8 Dt   48 LtCy   24 integ.govd   -0.00   -0.00 integ.vbp -0.00 -0.00 omni.gos X     +0.0 ,Y     -0.1. omgD -0.007 omg  +0.00 loop   4484
[0mBatt=23.5 [0mODOM [31mVisionX  +0.00 Y  +0.00 theta   +0.0 elt    0 [0mimu  -0.8 Dt   64 LtCy   32 integ.govd   -0.00   -0.01 integ.vbp -0.00 -0.00 omni.gos X     +0.0 ,Y     -0.2. omgD -0.015 omg  +0.00 loop   4456
[0mBatt=23.5 [0mODOM [31mVisionX  +0.00 Y  +0.00 theta   +0.0 elt    0 [0mimu  -0.8 Dt   80 LtCy   40 integ.govd   -0.00   -0.01 integ.vbp -0.00 -0.00 omni.gos X     +0.0 ,Y     +0.0. omgD +0.002 omg  +0.00 loop   4477
[0mBatt=23.5 [0mODOM [31mVisionX  +0.00 Y  +0.00 theta   +0.0 elt    0 [0mimu  -0.8 Dt    0 LtCy    0 integ.govd   +0.00   +0.00 integ.vbp +0.00 +0.00 omni.gos X     +0.0 ,Y     -0.0. omgD -0.002 omg  +0.00 loop   4418
[0mBatt=23.5 [0mODOM [31mVisionX  +0.00 Y  +0.00 theta   +0.0 elt    0 [0mimu  -0.8 Dt    8 LtCy    4 integ.govd   +0.00   -0.00 integ.vbp +0.00 -0.00 omni.gos X     +0.0 ,Y     -0.0. omgD -0.002 omg  +0.00 loop   4135
[0mBatt=23.5 [0mODOM [31mVisionX  +0.00 Y  +0.00 theta   +0.0 elt    0 [0mimu  -0.8 Dt   24 LtCy   12 integ.govd   -0.00   -0.00 integ.vbp -0.00 -0.00 omni.gos X     +0.0 ,Y     -0.0. omgD -0.002 omg  +0.00 loop   4506
[0mBatt=23.6 [0mODOM [31mVisionX  +0.00 Y  +0.00 theta   +0.0 elt    0 [0mimu  -0.8 Dt   40 LtCy   20 integ.govd   -0.00   -0.00 integ.vbp -0.00 -0.00 omni.gos X     -0.0 ,Y     -0.1. omgD -0.007 omg  +0.00 loop   4479
[0mBatt=23.5 [0mODOM [31mVisionX  +0.00 Y  +0.00 theta   +0.0 elt    0 [0mimu  -0.8 Dt   56 LtCy   28 integ.govd   -0.00   -0.00 integ.vbp -0.00 -0.00 omni.gos X     +0.0 ,Y     -0.1. omgD -0.007 omg  +0.00 loop   4459
[0mBatt=23.5 [0mODOM [31mVisionX  +0.00 Y  +0.00 theta   +0.0 elt    0 [0mimu  -0.8 Dt   72 LtCy   36 integ.govd   -0.00   -0.01 integ.vbp -0.00 -0.00 omni.gos X     +0.0 ,Y     -0.1. omgD -0.007 omg  +0.00 loop   4462
[0mBatt=23.5 [0mODOM [31mVisionX  +0.00 Y  +0.00 theta   +0.0 elt    0 [0mimu  -0.8 Dt   88 LtCy   44 integ.govd   -0.00   -0.01 integ.vbp -0.00 -0.00 omni.gos X     +0.0 ,Y     -0.1. omgD -0.007 omg  +0.00 loop   4480
[0mBatt=23.5 [0mODOM [31mVisionX  +0.00 Y  +0.00 theta   +0.0 elt    0 [0mimu  -0.8 Dt    2 LtCy    1 integ.govd   +0.00   -0.00 integ.vbp +0.00 -0.00 omni.gos X     +0.0 ,Y     -0.1. omgD -0.011 omg  +0.00 loop   4002
[0mBatt=23.5 [0mODOM [31mVisionX  +0.00 Y  +0.00 theta   +0.0 elt    0 [0mimu  -0.8 Dt   18 LtCy    9 integ.govd   -0.00   -0.00 integ.vbp -0.00 -0.00 omni.gos X     +0.0 ,Y     -0.0. omgD -0.002 omg  +0.00 loop   4477
[0mBatt=23.5 [0mODOM [31mVisionX  +0.00 Y  +0.00 theta   +0.0 elt    0 [0mimu  -0.8 Dt   34 LtCy   17 integ.govd   -0.00   -0.00 integ.vbp -0.00 -0.00 omni.gos X     +0.0 ,Y     -0.1. omgD -0.007 omg  +0.00 loop   4497
[0mBatt=23.5 [0mODOM [31mVisionX  +0.00 Y  +0.00 theta   +0.0 elt    0 [0mimu  -0.8 Dt   50 LtCy   25 integ.govd   -0.00   -0.01 integ.vbp -0.00 -0.00 omni.gos X     +0.0 ,Y     -0.1. omgD -0.007 omg  +0.00 loop   4475
[0mBatt=23.5 [0mODOM [31mVisionX  +0.00 Y  +0.00 theta   +0.0 elt    0 [0mimu  -0.8 Dt   66 LtCy   33 integ.govd   -0.00   -0.01 integ.vbp -0.00 -0.00 omni.gos X     +0.0 ,Y     -0.1. omgD -0.011 omg  +0.00 loop   4451
[0mBatt=23.5 [0mODOM [31mVisionX  +0.00 Y  +0.00 theta   +0.0 elt    0 [0mimu  -0.8 Dt   82 LtCy   41 integ.govd   -0.00   -0.01 integ.vbp -0.00 -0.00 omni.gos X     -0.0 ,Y     -0.2. omgD -0.015 omg  +0.00 loop   4471
[0mBatt=23.5 [0mODOM [31mVisionX  +0.00 Y  +0.00 theta   +0.0 elt    0 [0mimu  -0.8 Dt    0 LtCy    0 integ.govd   +0.00   +0.00 integ.vbp +0.00 +0.00 omni.gos X     +0.0 ,Y     -0.0. omgD -0.002 omg  +0.00 loop   4205
[0mBatt=23.5 [0mODOM [31mVisionX  +0.00 Y  +0.00 theta   +0.0 elt    0 [0mimu  -0.9 Dt   12 LtCy    6 integ.govd   -0.00   -0.00 integ.vbp -0.00 -0.00 omni.gos X     +0.0 ,Y     -0.0. omgD -0.002 omg  +0.00 loop   4277
[0mBatt=23.5 [0mODOM [31mVisionX  +0.00 Y  +0.00 theta   +0.0 elt    0 [0mimu  -0.9 Dt   28 LtCy   14 integ.govd   -0.00   -0.00 integ.vbp -0.00 -0.00 omni.gos X     +0.0 ,Y     -0.0. omgD -0.002 omg  +0.00 loop   4483
[0mBatt=23.5 [0mODOM [31mVisionX  +0.00 Y  +0.00 theta   +0.0 elt    0 [0mimu  -0.9 Dt   44 LtCy   22 integ.govd   -0.00   -0.00 integ.vbp -0.00 -0.00 omni.gos X     +0.0 ,Y     -0.1. omgD -0.007 omg  +0.00 loop   4491
[0mBatt=23.5 [0mODOM [31mVisionX  +0.00 Y  +0.00 theta   +0.0 elt    0 [0mimu  -0.9 Dt   60 LtCy   30 integ.govd   -0.00   -0.00 integ.vbp -0.00 -0.00 omni.gos X     -0.0 ,Y     -0.2. omgD -0.013 omg  +0.00 loop   4458
[0mBatt=23.5 [0mODOM [31mVisionX  +0.00 Y  +0.00 theta   +0.0 elt    0 [0mimu  -0.9 Dt   76 LtCy   38 integ.govd   -0.00   -0.01 integ.vbp -0.00 -0.00 omni.gos X     +0.0 ,Y     -0.1. omgD -0.005 omg  +0.00 loop   4454
[0mBatt=23.5 [0mODOM [31mVisionX  +0.00 Y  +0.00 theta   +0.0 elt    0 [0mimu  -0.9 Dt   92 LtCy   46 integ.govd   -0.00   -0.01 integ.vbp -0.00 -0.00 omni.gos X     +0.0 ,Y     -0.1. omgD -0.005 omg  +0.00 loop   4471
[0mBatt=23.5 [0mODOM [31mVisionX  +0.00 Y  +0.00 theta   +0.0 elt    0 [0mimu  -0.9 Dt    8 LtCy    4 integ.govd   +0.00   -0.00 integ.vbp +0.00 -0.00 omni.gos X     +0.0 ,Y     -0.0. omgD -0.002 omg  +0.00 loop   4082
[0mBatt=23.5 [0mODOM [31mVisionX  +0.00 Y  +0.00 theta   +0.0 elt    0 [0mimu  -0.9 Dt   24 LtCy   12 integ.govd   -0.00   -0.00 integ.vbp -0.00 -0.00 omni.gos X     +0.0 ,Y     -0.1. omgD -0.005 omg  +0.00 loop   4479
[0mBatt=23.5 [0mODOM [31mVisionX  +0.00 Y  +0.00 theta   +0.0 elt    0 [0mimu  -0.9 Dt   40 LtCy   20 integ.govd   -0.00   -0.00 integ.vbp -0.00 -0.00 omni.gos X     +0.0 ,Y     -0.0. omgD -0.000 omg  +0.00 loop   4491
[0mBatt=23.5 [0mODOM [31mVisionX  +0.00 Y  +0.00 theta   +0.0 elt    0 [0mimu  -0.9 Dt   56 LtCy   28 integ.govd   -0.00   -0.00 integ.vbp -0.00 -0.00 omni.gos X     +0.0 ,Y     -0.1. omgD -0.011 omg  +0.00 loop   4486
[0mBatt=23.5 [0mODOM [31mVisionX  +0.00 Y  +0.00 theta   +0.0 elt    0 [0mimu  -0.9 Dt   72 LtCy   36 integ.govd   -0.00   -0.01 integ.vbp -0.00 -0.00 omni.gos X     +0.0 ,Y     -0.1. omgD -0.011 omg  +0.00 loop   4436
[0mBatt=23.5 [0mODOM [31mVisionX  +0.00 Y  +0.00 theta   +0.0 elt    0 [0mimu  -0.9 Dt   88 LtCy   44 integ.govd   -0.00   -0.01 integ.vbp -0.00 -0.00 omni.gos X     +0.0 ,Y     -0.0. omgD -0.002 omg  +0.00 loop   4478
[0mBatt=23.5 [0mODOM [31mVisionX  +0.00 Y  +0.00 theta   +0.0 elt    0 [0mimu  -0.9 Dt    0 LtCy    0 integ.govd   +0.00   +0.00 integ.vbp +0.00 +0.00 omni.gos X     +0.0 ,Y     -0.1. omgD -0.007 omg  +0.00 loop   4075
[0mBatt=23.5 [0mODOM [31mVisionX  +0.00 Y  +0.00 theta   +0.0 elt    0 [0mimu  -0.9 Dt   16 LtCy    8 integ.govd   -0.00   -0.00 integ.vbp -0.00 -0.00 omni.gos X     +0.0 ,Y     -0.1. omgD -0.005 omg  +0.00 loop   4494
[0mBatt=23.5 [0mODOM [31mVisionX  +0.00 Y  +0.00 theta   +0.0 elt    0 [0mimu  -0.9 Dt   32 LtCy   16 integ.govd   -0.00   -0.00 integ.vbp -0.00 -0.00 omni.gos X     +0.0 ,Y     -0.1. omgD -0.009 omg  +0.00 loop   4481
[0mBatt=23.5 [0mODOM [31mVisionX  +0.00 Y  +0.00 theta   +0.0 elt    0 [0mimu  -0.9 Dt   48 LtCy   24 integ.govd   -0.00   -0.00 integ.vbp -0.00 -0.00 omni.gos X     +0.0 ,Y     -0.1. omgD -0.005 omg  +0.00 loop   4485
[0mBatt=23.5 [0mODOM [31mVisionX  +0.00 Y  +0.00 theta   +0.0 elt    0 [0mimu  -0.9 Dt   64 LtCy   32 integ.govd   -0.00   -0.00 integ.vbp -0.00 -0.00 omni.gos X     +0.0 ,Y     -0.1. omgD -0.005 omg  +0.00 loop   4465
[0mBatt=23.5 [0mODOM [31mVisionX  +0.00 Y  +0.00 theta   +0.0 elt    0 [0mimu  -0.9 Dt   80 LtCy   40 integ.govd   -0.00   -0.01 integ.vbp -0.00 -0.00 omni.gos X     +0.0 ,Y     -0.1. omgD -0.007 omg  +0.00 loop   4457
[0mBatt=23.5 [0mODOM [31mVisionX  +0.00 Y  +0.00 theta   +0.0 elt    0 [0mimu  -0.9 Dt    0 LtCy    0 integ.govd   +0.00   +0.00 integ.vbp +0.00 +0.00 omni.gos X     +0.0 ,Y     -0.0. omgD -0.002 omg  +0.00 loop   4272
[0mBatt=23.5 [0mODOM [31mVisionX  +0.00 Y  +0.00 theta   +0.0 elt    0 [0mimu  -0.9 Dt   10 LtCy    5 integ.govd   -0.00   -0.00 integ.vbp -0.00 -0.00 omni.gos X     +0.0 ,Y     -0.1. omgD -0.007 omg  +0.00 loop   4242
[0mBatt=23.5 [0mODOM [31mVisionX  +0.00 Y  +0.00 theta   +0.0 elt    0 [0mimu  -0.9 Dt   26 LtCy   13 integ.govd   -0.00   -0.00 integ.vbp -0.00 -0.00 omni.gos X     -0.0 ,Y     -0.1. omgD -0.007 omg  +0.00 loop   4465
[0mBatt=23.5 [0mODOM [31mVisionX  +0.00 Y  +0.00 theta   +0.0 elt    0 [0mimu  -0.9 Dt   42 LtCy   21 integ.govd   -0.00   -0.00 integ.vbp -0.00 -0.00 omni.gos X     +0.0 ,Y     +0.0. omgD +0.002 omg  +0.00 loop   4477
[0mBatt=23.4 [0mODOM [31mVisionX  +0.00 Y  +0.00 theta   +0.0 elt    0 [0mimu  -0.9 Dt   58 LtCy   29 integ.govd   -0.00   -0.00 integ.vbp -0.00 -0.00 omni.gos X     +0.0 ,Y     -0.1. omgD -0.007 omg  +0.00 loop   4483
[0mBatt=23.4 [0mODOM [31mVisionX  +0.00 Y  +0.00 theta   +0.0 elt    0 [0mimu  -0.9 Dt   74 LtCy   37 integ.govd   -0.00   -0.00 integ.vbp -0.00 -0.00 omni.gos X     -0.0 ,Y     -0.1. omgD -0.007 omg  +0.00 loop   4448
[0mBatt=23.5 [0mODOM [31mVisionX  +0.00 Y  +0.00 theta   +0.0 elt    0 [0mimu  -0.9 Dt   90 LtCy   45 integ.govd   -0.00   -0.01 integ.vbp -0.00 -0.00 omni.gos X     +0.0 ,Y     -0.1. omgD -0.007 omg  +0.00 loop   4461
[0mBatt=23.5 [0mODOM [31mVisionX  +0.00 Y  +0.00 theta   +0.0 elt    0 [0mimu  -0.9 Dt    4 LtCy    2 integ.govd   +0.00   -0.00 integ.vbp +0.00 -0.00 omni.gos X     +0.0 ,Y     -0.1. omgD -0.007 omg  +0.00 loop   4015
[0mBatt=23.5 [0mODOM [31mVisionX  +0.00 Y  +0.00 theta   +0.0 elt    0 [0mimu  -0.9 Dt   20 LtCy   10 integ.govd   -0.00   -0.00 integ.vbp -0.00 -0.00 omni.gos X     +0.0 ,Y     -0.0. omgD -0.002 omg  +0.00 loop   4482
[0mBatt=23.5 [0mODOM [31mVisionX  +0.00 Y  +0.00 theta   +0.0 elt    0 [0mimu  -0.9 Dt   36 LtCy   18 integ.govd   -0.00   -0.00 integ.vbp -0.00 -0.00 omni.gos X     +0.0 ,Y     -0.0. omgD -0.002 omg  +0.00 loop   4473
[0mBatt=23.5 [0mODOM [31mVisionX  +0.00 Y  +0.00 theta   +0.0 elt    0 [0mimu  -0.9 Dt   52 LtCy   26 integ.govd   -0.00   -0.00 integ.vbp -0.00 -0.00 omni.gos X     +0.0 ,Y     +0.0. omgD +0.002 omg  +0.00 loop   4480
[0mBatt=23.5 [0mODOM [31mVisionX  +0.00 Y  +0.00 theta   +0.0 elt    0 [0mimu  -0.9 Dt   68 LtCy   34 integ.govd   -0.00   -0.00 integ.vbp -0.00 -0.00 omni.gos X     +0.0 ,Y     -0.0. omgD -0.002 omg  +0.00 loop   4464
[0mBatt=23.5 [0mODOM [31mVisionX  +0.00 Y  +0.00 theta   +0.0 elt    0 [0mimu  -0.9 Dt   84 LtCy   42 integ.govd   -0.00   -0.00 integ.vbp -0.00 -0.00 omni.gos X     -0.0 ,Y     -0.1. omgD -0.007 omg  +0.00 loop   4457
[0mBatt=23.5 [0mODOM [31mVisionX  +0.00 Y  +0.00 theta   +0.0 elt    0 [0mimu  -0.9 Dt    0 LtCy    0 integ.govd   +0.00   +0.00 integ.vbp +0.00 +0.00 omni.gos X     +0.0 ,Y     -0.1. omgD -0.007 omg  +0.00 loop   4058
[0mBatt=23.5 [0mODOM [31mVisionX  +0.00 Y  +0.00 theta   +0.0 elt    0 [0mimu  -0.9 Dt   16 LtCy    8 integ.govd   -0.00   -0.00 integ.vbp -0.00 -0.00 omni.gos X     +0.0 ,Y     -0.0. omgD -0.002 omg  +0.00 loop   4516
[0mBatt=23.5 [0mODOM [31mVisionX  +0.00 Y  +0.00 theta   +0.0 elt    0 [0mimu  -0.9 Dt   32 LtCy   16 integ.govd   -0.00   -0.00 integ.vbp -0.00 -0.00 omni.gos X     +0.0 ,Y     -0.0. omgD -0.002 omg  +0.00 loop   4464
[0mBatt=23.5 [0mODOM [31mVisionX  +0.00 Y  +0.00 theta   +0.0 elt    0 [0mimu  -0.9 Dt   40 LtCy   20 integ.govd   -0.00   -0.00 integ.vbp -0.00 -0.00 omni.gos X     +0.0 ,Y     -0.0. omgD -0.002 omg  +0.00 loop   2143
[0mBatt=23.5 [0mODOM [31mVisionX  +0.00 Y  +0.00 theta   +0.0 elt    0 [0mimu  -0.9 Dt   56 LtCy   28 integ.govd   -0.00   -0.00 integ.vbp -0.00 -0.00 omni.gos X     +0.0 ,Y     -0.0. omgD -0.002 omg  +0.00 loop   4487
[0mBatt=23.5 [0mODOM [31mVisionX  +0.00 Y  +0.00 theta   +0.0 elt    0 [0mimu  -0.9 Dt   72 LtCy   36 integ.govd   -0.00   -0.00 integ.vbp -0.00 -0.00 omni.gos X     +0.0 ,Y     +0.0. omgD +0.002 omg  +0.00 loop   4464
[0mBatt=23.5 [0mODOM [31mVisionX  +0.00 Y  +0.00 theta   +0.0 elt    0 [0mimu  -0.9 Dt   88 LtCy   44 integ.govd   -0.00   -0.00 integ.vbp -0.00 -0.00 omni.gos X     -0.0 ,Y     -0.0. omgD -0.002 omg  +0.00 loop   4456
[0mBatt=23.5 [0mODOM [31mVisionX  +0.00 Y  +0.00 theta   +0.0 elt    0 [0mimu  -0.9 Dt    8 LtCy    4 integ.govd   -0.00   -0.00 integ.vbp -0.00 -0.00 omni.gos X     -0.0 ,Y     -0.1. omgD -0.011 omg  +0.00 loop   4274
[0mBatt=23.5 [0mODOM [31mVisionX  +0.00 Y  +0.00 theta   +0.0 elt    0 [0mimu  -0.9 Dt   24 LtCy   12 integ.govd   -0.00   -0.00 integ.vbp -0.00 -0.00 omni.gos X     +0.0 ,Y     -0.1. omgD -0.007 omg  +0.00 loop   4488
[0mBatt=23.5 [0mODOM [31mVisionX  +0.00 Y  +0.00 theta   +0.0 elt    0 [0mimu  -0.9 Dt   40 LtCy   20 integ.govd   -0.00   -0.00 integ.vbp -0.00 -0.00 omni.gos X     +0.0 ,Y     -0.1. omgD -0.007 omg  +0.00 loop   4451
[0mBatt=23.5 [0mODOM [31mVisionX  +0.00 Y  +0.00 theta   +0.0 elt    0 [0mimu  -0.9 Dt   56 LtCy   28 integ.govd   -0.00   -0.01 integ.vbp -0.00 -0.00 omni.gos X     +0.0 ,Y     -0.1. omgD -0.011 omg  +0.00 loop   4486
[0mBatt=23.5 [0mODOM [31mVisionX  +0.00 Y  +0.00 theta   +0.0 elt    0 [0mimu  -0.9 Dt   72 LtCy   36 integ.govd   -0.00   -0.01 integ.vbp -0.00 -0.00 omni.gos X     -0.0 ,Y     -0.1. omgD -0.007 omg  +0.00 loop   4481
[0mBatt=23.5 [0mODOM [31mVisionX  +0.00 Y  +0.00 theta   +0.0 elt    0 [0mimu  -0.9 Dt   88 LtCy   44 integ.govd   -0.00   -0.01 integ.vbp -0.00 -0.00 omni.gos X     +0.0 ,Y     -0.1. omgD -0.007 omg  +0.00 loop   4439
[0mBatt=23.5 [0mODOM [31mVisionX  +0.00 Y  +0.00 theta   +0.0 elt    0 [0mimu  -0.9 Dt    0 LtCy    0 integ.govd   +0.00   +0.00 integ.vbp +0.00 +0.00 omni.gos X     +0.0 ,Y     -0.0. omgD -0.002 omg  +0.00 loop   4185
[0mBatt=23.5 [0mODOM [31mVisionX  +0.00 Y  +0.00 theta   +0.0 elt    0 [0mimu  -0.9 Dt    8 LtCy    4 integ.govd   -0.00   -0.00 integ.vbp -0.00 -0.00 omni.gos X     +0.0 ,Y     -0.1. omgD -0.007 omg  +0.00 loop   4089
[0mBatt=23.5 [0mODOM [31mVisionX  +0.00 Y  +0.00 theta   +0.0 elt    0 [0mimu  -0.9 Dt   24 LtCy   12 integ.govd   -0.00   -0.00 integ.vbp -0.00 -0.00 omni.gos X     -0.0 ,Y     -0.1. omgD -0.011 omg  +0.00 loop   4482
[0mBatt=23.5 [0mODOM [31mVisionX  +0.00 Y  +0.00 theta   +0.0 elt    0 [0mimu  -0.9 Dt   40 LtCy   20 integ.govd   -0.00   -0.00 integ.vbp -0.00 -0.00 omni.gos X     +0.0 ,Y     -0.1. omgD -0.011 omg  +0.00 loop   4457
[0mBatt=23.5 [0mODOM [31mVisionX  +0.00 Y  +0.00 theta   +0.0 elt    0 [0mimu  -0.9 Dt   56 LtCy   28 integ.govd   -0.00   -0.01 integ.vbp -0.00 -0.00 omni.gos X     -0.0 ,Y     -0.2. omgD -0.015 omg  +0.00 loop   4484
[0mBatt=23.5 [0mODOM [31mVisionX  +0.00 Y  +0.00 theta   +0.0 elt    0 [0mimu  -0.9 Dt   72 LtCy   36 integ.govd   -0.00   -0.01 integ.vbp -0.00 -0.00 omni.gos X     -0.0 ,Y     -0.1. omgD -0.011 omg  +0.00 loop   4461
[0mBatt=23.5 [0mODOM [31mVisionX  +0.00 Y  +0.00 theta   +0.0 elt    0 [0mimu  -0.9 Dt   88 LtCy   44 integ.govd   -0.00   -0.01 integ.vbp -0.00 -0.00 omni.gos X     +0.0 ,Y     -0.0. omgD -0.002 omg  +0.00 loop   4435
[0mBatt=23.5 [0mODOM [31mVisionX  +0.00 Y  +0.00 theta   +0.0 elt    0 [0mimu  -0.9 Dt    8 LtCy    4 integ.govd   -0.00   -0.00 integ.vbp -0.00 -0.00 omni.gos X     -0.0 ,Y     -0.1. omgD -0.007 omg  +0.00 loop   4082
[0mBatt=23.5 [0mODOM [31mVisionX  +0.00 Y  +0.00 theta   +0.0 elt    0 [0mimu  -0.9 Dt   24 LtCy   12 integ.govd   -0.00   -0.00 integ.vbp -0.00 -0.00 omni.gos X     +0.0 ,Y     -0.0. omgD -0.002 omg  +0.00 loop   4482
[0mBatt=23.5 [0mODOM [31mVisionX  +0.00 Y  +0.00 theta   +0.0 elt    0 [0mimu  -0.9 Dt   40 LtCy   20 integ.govd   -0.00   -0.00 integ.vbp -0.00 -0.00 omni.gos X     +0.0 ,Y     -0.1. omgD -0.007 omg  +0.00 loop   4461
[0mBatt=23.5 [0mODOM [31mVisionX  +0.00 Y  +0.00 theta   +0.0 elt    0 [0mimu  -0.9 Dt   56 LtCy   28 integ.govd   -0.00   -0.00 integ.vbp -0.00 -0.00 omni.gos X     +0.0 ,Y     -0.0. omgD -0.002 omg  +0.00 loop   4478
[0mBatt=23.5 [0mODOM [31mVisionX  +0.00 Y  +0.00 theta   +0.0 elt    0 [0mimu  -0.9 Dt   72 LtCy   36 integ.govd   -0.00   -0.00 integ.vbp -0.00 -0.00 omni.gos X     +0.0 ,Y     -0.1. omgD -0.011 omg  +0.00 loop   4483
[0mBatt=23.5 [0mODOM [31mVisionX  +0.00 Y  +0.00 theta   +0.0 elt    0 [0mimu  -0.9 Dt   88 LtCy   44 integ.govd   -0.00   -0.00 integ.vbp -0.00 -0.00 omni.gos X     +0.0 ,Y     +0.0. omgD +0.002 omg  +0.00 loop   4452
[0mBatt=23.5 [0mODOM [31mVisionX  +0.00 Y  +0.00 theta   +0.0 elt    0 [0mimu  -0.9 Dt    0 LtCy    0 integ.govd   +0.00   +0.00 integ.vbp +0.00 +0.00 omni.gos X     +0.0 ,Y     +0.0. omgD +0.002 omg  +0.00 loop   3997
[0mBatt=23.5 [0mODOM [31mVisionX  +0.00 Y  +0.00 theta   +0.0 elt    0 [0mimu  -0.9 Dt   16 LtCy    8 integ.govd   -0.00   -0.00 integ.vbp -0.00 -0.00 omni.gos X     -0.0 ,Y     -0.1. omgD -0.011 omg  +0.00 loop   4525
[0mBatt=23.5 [0mODOM [31mVisionX  +0.00 Y  +0.00 theta   +0.0 elt    0 [0mimu  -0.9 Dt   32 LtCy   16 integ.govd   -0.00   -0.00 integ.vbp -0.00 -0.00 omni.gos X     +0.0 ,Y     -0.0. omgD -0.002 omg  +0.00 loop   4467
[0mBatt=23.5 [0mODOM [31mVisionX  +0.00 Y  +0.00 theta   +0.0 elt    0 [0mimu  -0.9 Dt   48 LtCy   24 integ.govd   -0.00   -0.00 integ.vbp -0.00 -0.00 omni.gos X     -0.0 ,Y     -0.1. omgD -0.011 omg  +0.00 loop   4469
[0mBatt=23.5 [0mODOM [31mVisionX  +0.00 Y  +0.00 theta   +0.0 elt    0 [0mimu  -0.9 Dt   64 LtCy   32 integ.govd   -0.00   -0.00 integ.vbp -0.00 -0.00 omni.gos X     +0.0 ,Y     +0.1. omgD +0.006 omg  +0.00 loop   4469
[0mBatt=23.5 [0mODOM [31mVisionX  +0.00 Y  +0.00 theta   +0.0 elt    0 [0mimu  -0.9 Dt   80 LtCy   40 integ.govd   -0.00   -0.00 integ.vbp -0.00 -0.00 omni.gos X     +0.0 ,Y     -0.0. omgD -0.002 omg  +0.00 loop   4471
[0mBatt=23.5 [0mODOM [31mVisionX  +0.00 Y  +0.00 theta   +0.0 elt    0 [0mimu  -0.9 Dt    0 LtCy    0 integ.govd   +0.00   +0.00 integ.vbp +0.00 +0.00 omni.gos X     +0.0 ,Y     +0.0. omgD +0.002 omg  +0.00 loop   4245
[0mBatt=23.5 [0mODOM [31mVisionX  +0.00 Y  +0.00 theta   +0.0 elt    0 [0mimu  -0.9 Dt   12 LtCy    6 integ.govd   +0.00   -0.00 integ.vbp +0.00 -0.00 omni.gos X     +0.0 ,Y     -0.1. omgD -0.007 omg  +0.00 loop   4310
[0mBatt=23.5 [0mODOM [31mVisionX  +0.00 Y  +0.00 theta   +0.0 elt    0 [0mimu  -0.9 Dt   28 LtCy   14 integ.govd   -0.00   -0.00 integ.vbp -0.00 -0.00 omni.gos X     +0.0 ,Y     -0.1. omgD -0.011 omg  +0.00 loop   4510
[0mBatt=23.5 [0mODOM [31mVisionX  +0.00 Y  +0.00 theta   +0.0 elt    0 [0mimu  -0.9 Dt   44 LtCy   22 integ.govd   -0.00   -0.00 integ.vbp -0.00 -0.00 omni.gos X     +0.0 ,Y     -0.0. omgD -0.002 omg  +0.00 loop   4446
[0mBatt=23.5 [0mODOM [31mVisionX  +0.00 Y  +0.00 theta   +0.0 elt    0 [0mimu  -0.9 Dt   60 LtCy   30 integ.govd   -0.00   -0.00 integ.vbp -0.00 -0.00 omni.gos X     +0.0 ,Y     -0.0. omgD -0.002 omg  +0.00 loop   4474
[0mBatt=23.5 [0mODOM [31mVisionX  +0.00 Y  +0.00 theta   +0.0 elt    0 [0mimu  -0.9 Dt   76 LtCy   38 integ.govd   -0.00   -0.00 integ.vbp -0.00 -0.00 omni.gos X     +0.0 ,Y     +0.0. omgD +0.002 omg  +0.00 loop   4473
[0mBatt=23.5 [0mODOM [31mVisionX  +0.00 Y  +0.00 theta   +0.0 elt    0 [0mimu  -0.9 Dt   92 LtCy   46 integ.govd   -0.00   -0.01 integ.vbp -0.00 -0.00 omni.gos X     +0.0 ,Y     -0.1. omgD -0.007 omg  +0.00 loop   4456
[0mBatt=23.5 [0mODOM [31mVisionX  +0.00 Y  +0.00 theta   +0.0 elt    0 [0mimu  -0.9 Dt    6 LtCy    3 integ.govd   -0.00   -0.00 integ.vbp -0.00 -0.00 omni.gos X     +0.0 ,Y     -0.1. omgD -0.007 omg  +0.00 loop   4073
[0mBatt=23.5 [0mODOM [31mVisionX  +0.00 Y  +0.00 theta   +0.0 elt    0 [0mimu  -0.9 Dt   22 LtCy   11 integ.govd   -0.00   -0.00 integ.vbp -0.00 -0.00 omni.gos X     -0.0 ,Y     -0.1. omgD -0.007 omg  +0.00 loop   4492
[0mBatt=23.5 [0mODOM [31mVisionX  +0.00 Y  +0.00 theta   +0.0 elt    0 [0mimu  -0.9 Dt   38 LtCy   19 integ.govd   -0.00   -0.00 integ.vbp -0.00 -0.00 omni.gos X     +0.0 ,Y     -0.1. omgD -0.011 omg  +0.00 loop   4473
[0mBatt=23.5 [0mODOM [31mVisionX  +0.00 Y  +0.00 theta   +0.0 elt    0 [0mimu  -0.9 Dt   54 LtCy   27 integ.govd   -0.00   -0.00 integ.vbp -0.00 -0.00 omni.gos X     -0.0 ,Y     -0.0. omgD -0.002 omg  +0.00 loop   4456
[0mBatt=23.5 [0mODOM [31mVisionX  +0.00 Y  +0.00 theta   +0.0 elt    0 [0mimu  -0.9 Dt   70 LtCy   35 integ.govd   -0.00   -0.00 integ.vbp -0.00 -0.00 omni.gos X     +0.0 ,Y     -0.0. omgD -0.002 omg  +0.00 loop   4471
[0mBatt=23.5 [0mODOM [31mVisionX  +0.00 Y  +0.00 theta   +0.0 elt    0 [0mimu  -0.9 Dt   86 LtCy   43 integ.govd   -0.00   -0.00 integ.vbp -0.00 -0.00 omni.gos X     +0.0 ,Y     -0.0. omgD -0.002 omg  +0.00 loop   4448
[0mBatt=23.5 [0mODOM [31mVisionX  +0.00 Y  +0.00 theta   +0.0 elt    0 [0mimu  -0.9 Dt    0 LtCy    0 integ.govd   +0.00   +0.00 integ.vbp +0.00 +0.00 omni.gos X     +0.0 ,Y     +0.0. omgD +0.002 omg  +0.00 loop   3982
[0mBatt=23.5 [0mODOM [31mVisionX  +0.00 Y  +0.00 theta   +0.0 elt    0 [0mimu  -0.9 Dt   16 LtCy    8 integ.govd   +0.00   +0.00 integ.vbp +0.00 +0.00 omni.gos X     +0.0 ,Y     +0.2. omgD +0.019 omg  +0.00 loop   4510
[0mBatt=23.5 [0mODOM [31mVisionX  +0.00 Y  +0.00 theta   +0.0 elt    0 [0mimu  -0.9 Dt   32 LtCy   16 integ.govd   +0.00   +0.00 integ.vbp +0.00 +0.00 omni.gos X     +0.0 ,Y     -0.0. omgD -0.002 omg  +0.00 loop   4484
[0mBatt=23.5 [0mODOM [31mVisionX  +0.00 Y  +0.00 theta   +0.0 elt    0 [0mimu  -0.9 Dt   48 LtCy   24 integ.govd   +0.00   +0.00 integ.vbp +0.00 +0.00 omni.gos X     +0.0 ,Y     -0.0. omgD -0.002 omg  +0.00 loop   4455
[0mBatt=23.5 [0mODOM [31mVisionX  +0.00 Y  +0.00 theta   +0.0 elt    0 [0mimu  -0.9 Dt   64 LtCy   32 integ.govd   +0.00   +0.00 integ.vbp +0.00 +0.00 omni.gos X     +0.0 ,Y     -0.1. omgD -0.011 omg  +0.00 loop   4467
[0mBatt=23.5 [0mODOM [31mVisionX  +0.00 Y  +0.00 theta   +0.0 elt    0 [0mimu  -0.9 Dt   80 LtCy   40 integ.govd   -0.00   -0.00 integ.vbp -0.00 -0.00 omni.gos X     +0.0 ,Y     -0.0. omgD -0.002 omg  +0.00 loop   4490
[0mBatt=23.5 [0mODOM [31mVisionX  +0.00 Y  +0.00 theta   +0.0 elt    0 [0mimu  -0.9 Dt    0 LtCy    0 integ.govd   +0.00   +0.00 integ.vbp +0.00 +0.00 omni.gos X     -0.0 ,Y     -0.1. omgD -0.007 omg  +0.00 loop   4270
[0mBatt=23.5 [0mODOM [31mVisionX  +0.00 Y  +0.00 theta   +0.0 elt    0 [0mimu  -0.9 Dt   10 LtCy    5 integ.govd   +0.00   -0.00 integ.vbp +0.00 -0.00 omni.gos X     +0.0 ,Y     -0.0. omgD -0.002 omg  +0.00 loop   4201
[0mBatt=23.5 [0mODOM [31mVisionX  +0.00 Y  +0.00 theta   +0.0 elt    0 [0mimu  -0.9 Dt   26 LtCy   13 integ.govd   +0.00   -0.00 integ.vbp +0.00 -0.00 omni.gos X     +0.0 ,Y     +0.1. omgD +0.006 omg  +0.00 loop   4505
[0mBatt=23.5 [0mODOM [31mVisionX  +0.00 Y  +0.00 theta   +0.0 elt    0 [0mimu  -0.9 Dt   42 LtCy   21 integ.govd   -0.00   -0.00 integ.vbp -0.00 -0.00 omni.gos X     +0.0 ,Y     -0.1. omgD -0.007 omg  +0.00 loop   4492
[0mBatt=23.5 [0mODOM [31mVisionX  +0.00 Y  +0.00 theta   +0.0 elt    0 [0mimu  -0.9 Dt   58 LtCy   29 integ.govd   -0.00   -0.00 integ.vbp -0.00 -0.00 omni.gos X     +0.0 ,Y     -0.0. omgD -0.002 omg  +0.00 loop   4460
[0mBatt=23.5 [0mODOM [31mVisionX  +0.00 Y  +0.00 theta   +0.0 elt    0 [0mimu  -0.9 Dt   74 LtCy   37 integ.govd   -0.00   -0.00 integ.vbp -0.00 -0.00 omni.gos X     +0.0 ,Y     -0.0. omgD -0.002 omg  +0.00 loop   4474
[0mBatt=23.5 [0mODOM [31mVisionX  +0.00 Y  +0.00 theta   +0.0 elt    0 [0mimu  -0.9 Dt   90 LtCy   45 integ.govd   -0.00   -0.00 integ.vbp -0.00 -0.00 omni.gos X     +0.0 ,Y     +0.0. omgD +0.002 omg  +0.00 loop   4475
[0mBatt=23.5 [0mODOM [31mVisionX  +0.00 Y  +0.00 theta   +0.0 elt    0 [0mimu  -0.9 Dt    6 LtCy    3 integ.govd   +0.00   +0.00 integ.vbp +0.00 +0.00 omni.gos X     +0.0 ,Y     +0.0. omgD +0.002 omg  +0.00 loop   4053
[0mBatt=23.5 [0mODOM [31mVisionX  +0.00 Y  +0.00 theta   +0.0 elt    0 [0mimu  -0.9 Dt   22 LtCy   11 integ.govd   +0.00   -0.00 integ.vbp +0.00 -0.00 omni.gos X     +0.0 ,Y     -0.1. omgD -0.007 omg  +0.00 loop   4483
[0mBatt=23.5 [0mODOM [31mVisionX  +0.00 Y  +0.00 theta   +0.0 elt    0 [0mimu  -0.9 Dt   38 LtCy   19 integ.govd   -0.00   -0.00 integ.vbp -0.00 -0.00 omni.gos X     +0.0 ,Y     -0.1. omgD -0.007 omg  +0.00 loop   4503
[0mBatt=23.5 [0mODOM [31mVisionX  +0.00 Y  +0.00 theta   +0.0 elt    0 [0mimu  -0.9 Dt   54 LtCy   27 integ.govd   -0.00   -0.00 integ.vbp -0.00 -0.00 omni.gos X     +0.0 ,Y     -0.0. omgD -0.002 omg  +0.00 loop   4464
[0mBatt=23.5 [0mODOM [31mVisionX  +0.00 Y  +0.00 theta   +0.0 elt    0 [0mimu  -0.9 Dt   70 LtCy   35 integ.govd   -0.00   -0.00 integ.vbp -0.00 -0.00 omni.gos X     +0.0 ,Y     +0.1. omgD +0.008 omg  +0.00 loop   4466
[0mBatt=23.5 [0mODOM [31mVisionX  +0.00 Y  +0.00 theta   +0.0 elt    0 [0mimu  -0.9 Dt   86 LtCy   43 integ.govd   +0.00   +0.00 integ.vbp +0.00 +0.00 omni.gos X     +0.0 ,Y     +0.1. omgD +0.010 omg  +0.00 loop   4474
[0mBatt=23.5 [0mODOM [31mVisionX  +0.00 Y  +0.00 theta   +0.0 elt    0 [0mimu  -0.9 Dt    0 LtCy    0 integ.govd   +0.00   +0.00 integ.vbp +0.00 +0.00 omni.gos X     +0.0 ,Y     -0.2. omgD -0.013 omg  +0.00 loop   4183
[0mBatt=23.5 [0mODOM [31mVisionX  +0.00 Y  +0.00 theta   +0.0 elt    0 [0mimu  -0.9 Dt   14 LtCy    7 integ.govd   -0.00   -0.00 integ.vbp -0.00 -0.00 omni.gos X     +0.0 ,Y     -0.1. omgD -0.007 omg  +0.00 loop   4430
[0mBatt=23.5 [0mODOM [31mVisionX  +0.00 Y  +0.00 theta   +0.0 elt    0 [0mimu  -0.9 Dt   22 LtCy   11 integ.govd   -0.00   -0.00 integ.vbp -0.00 -0.00 omni.gos X     +0.0 ,Y     -0.0. omgD -0.002 omg  +0.00 loop   2153
[0mBatt=23.5 [0mODOM [31mVisionX  +0.00 Y  +0.00 theta   +0.0 elt    0 [0mimu  -0.9 Dt   38 LtCy   19 integ.govd   -0.00   -0.00 integ.vbp -0.00 -0.00 omni.gos X     +0.0 ,Y     -0.0. omgD -0.000 omg  +0.00 loop   4486
[0mBatt=23.5 [0mODOM [31mVisionX  +0.00 Y  +0.00 theta   +0.0 elt    0 [0mimu  -0.9 Dt   54 LtCy   27 integ.govd   -0.00   -0.00 integ.vbp -0.00 -0.00 omni.gos X     +0.0 ,Y     -0.1. omgD -0.005 omg  +0.00 loop   4462
[0mBatt=23.5 [0mODOM [31mVisionX  +0.00 Y  +0.00 theta   +0.0 elt    0 [0mimu  -0.9 Dt   70 LtCy   35 integ.govd   -0.00   -0.00 integ.vbp -0.00 -0.00 omni.gos X     +0.0 ,Y     -0.1. omgD -0.005 omg  +0.00 loop   4473
[0mBatt=23.5 [0mODOM [31mVisionX  +0.00 Y  +0.00 theta   +0.0 elt    0 [0mimu  -0.9 Dt   86 LtCy   43 integ.govd   -0.00   -0.01 integ.vbp -0.00 -0.00 omni.gos X     +0.0 ,Y     -0.2. omgD -0.017 omg  +0.00 loop   4469
[0mBatt=23.5 [0mODOM [31mVisionX  +0.00 Y  +0.00 theta   +0.0 elt    0 [0mimu  -0.9 Dt    0 LtCy    0 integ.govd   +0.00   +0.00 integ.vbp +0.00 +0.00 omni.gos X     -0.0 ,Y     -0.1. omgD -0.011 omg  +0.00 loop   4006
[0mBatt=23.5 [0mODOM [31mVisionX  +0.00 Y  +0.00 theta   +0.0 elt    0 [0mimu  -0.9 Dt   16 LtCy    8 integ.govd   -0.00   -0.00 integ.vbp -0.00 -0.00 omni.gos X     +0.0 ,Y     -0.1. omgD -0.007 omg  +0.00 loop   4485
[0mBatt=23.5 [0mODOM [31mVisionX  +0.00 Y  +0.00 theta   +0.0 elt    0 [0mimu  -0.9 Dt   32 LtCy   16 integ.govd   -0.00   -0.00 integ.vbp -0.00 -0.00 omni.gos X     -0.0 ,Y     -0.1. omgD -0.011 omg  +0.00 loop   4489
[0mBatt=23.5 [0mODOM [31mVisionX  +0.00 Y  +0.00 theta   +0.0 elt    0 [0mimu  -0.9 Dt   48 LtCy   24 integ.govd   -0.00   -0.01 integ.vbp -0.00 -0.00 omni.gos X     +0.0 ,Y     -0.1. omgD -0.005 omg  +0.00 loop   4481
[0mBatt=23.5 [0mODOM [31mVisionX  +0.00 Y  +0.00 theta   +0.0 elt    0 [0mimu  -0.9 Dt   64 LtCy   32 integ.govd   -0.00   -0.01 integ.vbp -0.00 -0.00 omni.gos X     -0.0 ,Y     -0.1. omgD -0.005 omg  +0.00 loop   4450
[0mBatt=23.5 [0mODOM [31mVisionX  +0.00 Y  +0.00 theta   +0.0 elt    0 [0mimu  -0.9 Dt   80 LtCy   40 integ.govd   -0.00   -0.01 integ.vbp -0.00 -0.00 omni.gos X     +0.0 ,Y     -0.1. omgD -0.007 omg  +0.00 loop   4469
[0mBatt=23.5 [0mODOM [31mVisionX  +0.00 Y  +0.00 theta   +0.0 elt    0 [0mimu  -0.9 Dt    0 LtCy    0 integ.govd   +0.00   +0.00 integ.vbp +0.00 +0.00 omni.gos X     -0.0 ,Y     -0.1. omgD -0.009 omg  +0.00 loop   4268
[0mBatt=23.5 [0mODOM [31mVisionX  +0.00 Y  +0.00 theta   +0.0 elt    0 [0mimu  -0.9 Dt   12 LtCy    6 integ.govd   -0.00   -0.00 integ.vbp -0.00 -0.00 omni.gos X     +0.0 ,Y     -0.1. omgD -0.011 omg  +0.00 loop   4285
[0mBatt=23.5 [0mODOM [31mVisionX  +0.00 Y  +0.00 theta   +0.0 elt    0 [0mimu  -0.9 Dt   28 LtCy   14 integ.govd   -0.00   -0.00 integ.vbp -0.00 -0.00 omni.gos X     +0.0 ,Y     -0.2. omgD -0.015 omg  +0.00 loop   4478
[0mBatt=23.5 [0mODOM [31mVisionX  +0.00 Y  +0.00 theta   +0.0 elt    0 [0mimu  -0.9 Dt   44 LtCy   22 integ.govd   -0.00   -0.01 integ.vbp -0.00 -0.00 omni.gos X     +0.0 ,Y     -0.1. omgD -0.005 omg  +0.00 loop   4486
[0mBatt=23.5 [0mODOM [31mVisionX  +0.00 Y  +0.00 theta   +0.0 elt    0 [0mimu  -0.9 Dt   60 LtCy   30 integ.govd   -0.00   -0.01 integ.vbp -0.00 -0.00 omni.gos X     +0.0 ,Y     -0.1. omgD -0.011 omg  +0.00 loop   4461
[0mBatt=23.5 [0mODOM [31mVisionX  +0.00 Y  +0.00 theta   +0.0 elt    0 [0mimu  -0.9 Dt   76 LtCy   38 integ.govd   -0.00   -0.01 integ.vbp -0.00 -0.00 omni.gos X     +0.0 ,Y     -0.1. omgD -0.005 omg  +0.00 loop   4454
[0mBatt=23.5 [0mODOM [31mVisionX  +0.00 Y  +0.00 theta   +0.0 elt    0 [0mimu  -0.9 Dt   92 LtCy   46 integ.govd   -0.00   -0.01 integ.vbp -0.00 -0.00 omni.gos X     +0.0 ,Y     -0.1. omgD -0.011 omg  +0.00 loop   4474
[0mBatt=23.5 [0mODOM [31mVisionX  +0.00 Y  +0.00 theta   +0.0 elt    0 [0mimu  -0.9 Dt    4 LtCy    2 integ.govd   -0.00   -0.00 integ.vbp -0.00 -0.00 omni.gos X     +0.0 ,Y     -0.1. omgD -0.011 omg  +0.00 loop   4001
[0mBatt=23.5 [0mODOM [31mVisionX  +0.00 Y  +0.00 theta   +0.0 elt    0 [0mimu  -0.9 Dt   20 LtCy   10 integ.govd   -0.00   -0.00 integ.vbp -0.00 -0.00 omni.gos X     -0.0 ,Y     -0.2. omgD -0.015 omg  +0.00 loop   4471
[0mBatt=23.5 [0mODOM [31mVisionX  +0.00 Y  +0.00 theta   +0.0 elt    0 [0mimu  -0.9 Dt   36 LtCy   18 integ.govd   -0.00   -0.01 integ.vbp -0.00 -0.00 omni.gos X     -0.0 ,Y     -0.2. omgD -0.015 omg  +0.00 loop   4477
[0mBatt=23.5 [0mODOM [31mVisionX  +0.00 Y  +0.00 theta   +0.0 elt    0 [0mimu  -0.9 Dt   52 LtCy   26 integ.govd   -0.00   -0.01 integ.vbp -0.00 -0.00 omni.gos X     +0.0 ,Y     -0.0. omgD -0.002 omg  +0.00 loop   4474
[0mBatt=23.5 [0mODOM [31mVisionX  +0.00 Y  +0.00 theta   +0.0 elt    0 [0mimu  -0.9 Dt   68 LtCy   34 integ.govd   -0.00   -0.01 integ.vbp -0.00 -0.00 omni.gos X     +0.0 ,Y     -0.1. omgD -0.007 omg  +0.00 loop   4449
[0mBatt=23.5 [0mODOM [31mVisionX  +0.00 Y  +0.00 theta   +0.0 elt    0 [0mimu  -0.9 Dt   84 LtCy   42 integ.govd   -0.00   -0.01 integ.vbp -0.00 -0.00 omni.gos X     +0.0 ,Y     +0.0. omgD +0.002 omg  +0.00 loop   4470
[0mBatt=23.5 [0mODOM [31mVisionX  +0.00 Y  +0.00 theta   +0.0 elt    0 [0mimu  -0.9 Dt    0 LtCy    0 integ.govd   +0.00   +0.00 integ.vbp +0.00 +0.00 omni.gos X     +0.0 ,Y     -0.1. omgD -0.007 omg  +0.00 loop   4072
[0mBatt=23.5 [0mODOM [31mVisionX  +0.00 Y  +0.00 theta   +0.0 elt    0 [0mimu  -0.9 Dt   16 LtCy    8 integ.govd   -0.00   -0.00 integ.vbp -0.00 -0.00 omni.gos X     +0.0 ,Y     +0.0. omgD +0.002 omg  +0.00 loop   4503
[0mBatt=23.5 [0mODOM [31mVisionX  +0.00 Y  +0.00 theta   +0.0 elt    0 [0mimu  -0.9 Dt   32 LtCy   16 integ.govd   -0.00   -0.00 integ.vbp -0.00 -0.00 omni.gos X     -0.0 ,Y     -0.1. omgD -0.011 omg  +0.00 loop   4472
[0mBatt=23.5 [0mODOM [31mVisionX  +0.00 Y  +0.00 theta   +0.0 elt    0 [0mimu  -0.9 Dt   48 LtCy   24 integ.govd   -0.00   -0.00 integ.vbp -0.00 -0.00 omni.gos X     +0.0 ,Y     -0.1. omgD -0.011 omg  +0.00 loop   4477
[0mBatt=23.5 [0mODOM [31mVisionX  +0.00 Y  +0.00 theta   +0.0 elt    0 [0mimu  -0.9 Dt   64 LtCy   32 integ.govd   -0.00   -0.01 integ.vbp -0.00 -0.00 omni.gos X     -0.0 ,Y     -0.1. omgD -0.007 omg  +0.00 loop   4471
[0mBatt=23.5 [0mODOM [31mVisionX  +0.00 Y  +0.00 theta   +0.0 elt    0 [0mimu  -0.9 Dt   80 LtCy   40 integ.govd   -0.00   -0.01 integ.vbp -0.00 -0.00 omni.gos X     +0.0 ,Y     -0.0. omgD -0.002 omg  +0.00 loop   4448
[0mBatt=23.5 [0mODOM [31mVisionX  +0.00 Y  +0.00 theta   +0.0 elt    0 [0mimu  -0.9 Dt    0 LtCy    0 integ.govd   +0.00   +0.00 integ.vbp +0.00 +0.00 omni.gos X     -0.0 ,Y     -0.1. omgD -0.011 omg  +0.00 loop   4335
[0mBatt=23.5 [0mODOM [31mVisionX  +0.00 Y  +0.00 theta   +0.0 elt    0 [0mimu  -0.9 Dt   10 LtCy    5 integ.govd   +0.00   -0.00 integ.vbp +0.00 -0.00 omni.gos X     +0.0 ,Y     -0.1. omgD -0.007 omg  +0.00 loop   4215
[0mBatt=23.5 [0mODOM [31mVisionX  +0.00 Y  +0.00 theta   +0.0 elt    0 [0mimu  -0.9 Dt   26 LtCy   13 integ.govd   -0.00   -0.00 integ.vbp -0.00 -0.00 omni.gos X     +0.0 ,Y     -0.1. omgD -0.011 omg  +0.00 loop   4475
[0mBatt=23.5 [0mODOM [31mVisionX  +0.00 Y  +0.00 theta   +0.0 elt    0 [0mimu  -0.9 Dt   42 LtCy   21 integ.govd   -0.00   -0.00 integ.vbp -0.00 -0.00 omni.gos X     +0.0 ,Y     +0.1. omgD +0.006 omg  +0.00 loop   4479
[0mBatt=23.5 [0mODOM [31mVisionX  +0.00 Y  +0.00 theta   +0.0 elt    0 [0mimu  -0.9 Dt   58 LtCy   29 integ.govd   -0.00   -0.00 integ.vbp -0.00 -0.00 omni.gos X     +0.0 ,Y     -0.1. omgD -0.007 omg  +0.00 loop   4483
[0mBatt=23.5 [0mODOM [31mVisionX  +0.00 Y  +0.00 theta   +0.0 elt    0 [0mimu  -0.9 Dt   74 LtCy   37 integ.govd   -0.00   -0.01 integ.vbp -0.00 -0.00 omni.gos X     +0.0 ,Y     -0.1. omgD -0.007 omg  +0.00 loop   4448
[0mBatt=23.5 [0mODOM [31mVisionX  +0.00 Y  +0.00 theta   +0.0 elt    0 [0mimu  -0.9 Dt   90 LtCy   45 integ.govd   -0.00   -0.01 integ.vbp -0.00 -0.00 omni.gos X     +0.0 ,Y     -0.1. omgD -0.007 omg  +0.00 loop   4469
[0mBatt=23.5 [0mODOM [31mVisionX  +0.00 Y  +0.00 theta   +0.0 elt    0 [0mimu  -0.9 Dt    4 LtCy    2 integ.govd   -0.00   -0.00 integ.vbp -0.00 -0.00 omni.gos X     +0.0 ,Y     -0.1. omgD -0.007 omg  +0.00 loop   4075
[0mBatt=23.5 [0mODOM [31mVisionX  +0.00 Y  +0.00 theta   +0.0 elt    0 [0mimu  -0.9 Dt   20 LtCy   10 integ.govd   -0.00   -0.00 integ.vbp -0.00 -0.00 omni.gos X     +0.0 ,Y     -0.1. omgD -0.011 omg  +0.00 loop   4472
[0mBatt=23.5 [0mODOM [31mVisionX  +0.00 Y  +0.00 theta   +0.0 elt    0 [0mimu  -0.9 Dt   36 LtCy   18 integ.govd   -0.00   -0.00 integ.vbp -0.00 -0.00 omni.gos X     +0.0 ,Y     -0.2. omgD -0.015 omg  +0.00 loop   4473
[0mBatt=23.5 [0mODOM [31mVisionX  +0.00 Y  +0.00 theta   +0.0 elt    0 [0mimu  -0.9 Dt   52 LtCy   26 integ.govd   -0.00   -0.01 integ.vbp -0.00 -0.00 omni.gos X     +0.0 ,Y     -0.2. omgD -0.015 omg  +0.00 loop   4480
[0mBatt=23.5 [0mODOM [31mVisionX  +0.00 Y  +0.00 theta   +0.0 elt    0 [0mimu  -0.9 Dt   68 LtCy   34 integ.govd   -0.00   -0.01 integ.vbp -0.00 -0.00 omni.gos X     +0.0 ,Y     -0.0. omgD -0.002 omg  +0.00 loop   4469
[0mBatt=23.5 [0mODOM [31mVisionX  +0.00 Y  +0.00 theta   +0.0 elt    0 [0mimu  -0.9 Dt   84 LtCy   42 integ.govd   -0.00   -0.01 integ.vbp -0.00 -0.00 omni.gos X     +0.0 ,Y     -0.1. omgD -0.007 omg  +0.00 loop   4453
[0mBatt=23.5 [0mODOM [31mVisionX  +0.00 Y  +0.00 theta   +0.0 elt    0 [0mimu  -0.9 Dt    0 LtCy    0 integ.govd   +0.00   +0.00 integ.vbp +0.00 +0.00 omni.gos X     +0.0 ,Y     -0.0. omgD -0.002 omg  +0.00 loop   4097
[0mBatt=23.5 [0mODOM [31mVisionX  +0.00 Y  +0.00 theta   +0.0 elt    0 [0mimu  -0.9 Dt   14 LtCy    7 integ.govd   -0.00   -0.00 integ.vbp -0.00 -0.00 omni.gos X     +0.0 ,Y     -0.1. omgD -0.011 omg  +0.00 loop   4493
[0mBatt=23.5 [0mODOM [31mVisionX  +0.00 Y  +0.00 theta   +0.0 elt    0 [0mimu  -0.9 Dt   30 LtCy   15 integ.govd   -0.00   -0.00 integ.vbp -0.00 -0.00 omni.gos X     +0.0 ,Y     -0.0. omgD -0.002 omg  +0.00 loop   4459
[0mBatt=23.5 [0mODOM [31mVisionX  +0.00 Y  +0.00 theta   +0.0 elt    0 [0mimu  -0.9 Dt   46 LtCy   23 integ.govd   -0.00   -0.00 integ.vbp -0.00 -0.00 omni.gos X     +0.0 ,Y     -0.1. omgD -0.011 omg  +0.00 loop   4477
[0mBatt=23.5 [0mODOM [31mVisionX  +0.00 Y  +0.00 theta   +0.0 elt    0 [0mimu  -0.9 Dt   62 LtCy   31 integ.govd   -0.00   -0.01 integ.vbp -0.00 -0.00 omni.gos X     +0.0 ,Y     -0.1. omgD -0.007 omg  +0.00 loop   4482
[0mBatt=23.5 [0mODOM [31mVisionX  +0.00 Y  +0.00 theta   +0.0 elt    0 [0mimu  -0.9 Dt   78 LtCy   39 integ.govd   -0.00   -0.01 integ.vbp -0.00 -0.00 omni.gos X     +0.0 ,Y     -0.1. omgD -0.011 omg  +0.00 loop   4455
[0mBatt=23.5 [0mODOM [31mVisionX  +0.00 Y  +0.00 theta   +0.0 elt    0 [0mimu  -0.9 Dt    0 LtCy    0 integ.govd   +0.00   +0.00 integ.vbp +0.00 +0.00 omni.gos X     +0.0 ,Y     -0.0. omgD -0.002 omg  +0.00 loop   4398
[0mBatt=23.5 [0mODOM [31mVisionX  +0.00 Y  +0.00 theta   +0.0 elt    0 [0mimu  -0.9 Dt   10 LtCy    5 integ.govd   +0.00   -0.00 integ.vbp +0.00 -0.00 omni.gos X     +0.0 ,Y     -0.0. omgD -0.002 omg  +0.00 loop   4240
[0mBatt=23.5 [0mODOM [31mVisionX  +0.00 Y  +0.00 theta   +0.0 elt    0 [0mimu  -0.9 Dt   26 LtCy   13 integ.govd   -0.00   -0.00 integ.vbp -0.00 -0.00 omni.gos X     +0.0 ,Y     -0.0. omgD -0.002 omg  +0.00 loop   4488
[0mBatt=23.5 [0mODOM [31mVisionX  +0.00 Y  +0.00 theta   +0.0 elt    0 [0mimu  -0.9 Dt   42 LtCy   21 integ.govd   -0.00   -0.00 integ.vbp -0.00 -0.00 omni.gos X     -0.0 ,Y     -0.1. omgD -0.011 omg  +0.00 loop   4469
[0mBatt=23.5 [0mODOM [31mVisionX  +0.00 Y  +0.00 theta   +0.0 elt    0 [0mimu  -0.9 Dt   58 LtCy   29 integ.govd   -0.00   -0.01 integ.vbp -0.00 -0.00 omni.gos X     +0.0 ,Y     -0.2. omgD -0.015 omg  +0.00 loop   4465
[0mBatt=23.5 [0mODOM [31mVisionX  +0.00 Y  +0.00 theta   +0.0 elt    0 [0mimu  -0.9 Dt   74 LtCy   37 integ.govd   -0.00   -0.01 integ.vbp -0.00 -0.00 omni.gos X     -0.0 ,Y     -0.1. omgD -0.011 omg  +0.00 loop   4474
[0mBatt=23.5 [0mODOM [31mVisionX  +0.00 Y  +0.00 theta   +0.0 elt    0 [0mimu  -0.9 Dt   90 LtCy   45 integ.govd   -0.00   -0.01 integ.vbp -0.00 -0.00 omni.gos X     +0.0 ,Y     -0.0. omgD -0.002 omg  +0.00 loop   4437
[0mBatt=23.5 [0mODOM [31mVisionX  +0.00 Y  +0.00 theta   +0.0 elt    0 [0mimu  -0.9 Dt    4 LtCy    2 integ.govd   -0.00   -0.00 integ.vbp -0.00 -0.00 omni.gos X     -0.0 ,Y     -0.2. omgD -0.015 omg  +0.00 loop   4012
[0mBatt=23.5 [0mODOM [31mVisionX  +0.00 Y  +0.00 theta   +0.0 elt    0 [0mimu  -0.9 Dt   20 LtCy   10 integ.govd   -0.00   -0.00 integ.vbp -0.00 -0.00 omni.gos X     +0.0 ,Y     -0.0. omgD -0.002 omg  +0.00 loop   4487
[0mBatt=23.5 [0mODOM [31mVisionX  +0.00 Y  +0.00 theta   +0.0 elt    0 [0mimu  -0.9 Dt   36 LtCy   18 integ.govd   -0.00   -0.00 integ.vbp -0.00 -0.00 omni.gos X     +0.0 ,Y     -0.1. omgD -0.007 omg  +0.00 loop   4453
[0mBatt=23.5 [0mODOM [31mVisionX  +0.00 Y  +0.00 theta   +0.0 elt    0 [0mimu  -0.9 Dt   52 LtCy   26 integ.govd   -0.00   -0.01 integ.vbp -0.00 -0.00 omni.gos X     -0.0 ,Y     -0.1. omgD -0.011 omg  +0.00 loop   4487
[0mBatt=23.5 [0mODOM [31mVisionX  +0.00 Y  +0.00 theta   +0.0 elt    0 [0mimu  -0.9 Dt   68 LtCy   34 integ.govd   -0.00   -0.01 integ.vbp -0.00 -0.00 omni.gos X     +0.0 ,Y     -0.0. omgD -0.002 omg  +0.00 loop   4466
[0mBatt=23.5 [0mODOM [31mVisionX  +0.00 Y  +0.00 theta   +0.0 elt    0 [0mimu  -0.9 Dt   84 LtCy   42 integ.govd   -0.00   -0.01 integ.vbp -0.00 -0.00 omni.gos X     +0.0 ,Y     -0.0. omgD -0.002 omg  +0.00 loop   4454
[0mBatt=23.5 [0mODOM [31mVisionX  +0.00 Y  +0.00 theta   +0.0 elt    0 [0mimu  -0.9 Dt    0 LtCy    0 integ.govd   +0.00   +0.00 integ.vbp +0.00 +0.00 omni.gos X     +0.0 ,Y     -0.0. omgD -0.002 omg  +0.00 loop   4182
[0mBatt=23.5 [0mODOM [31mVisionX  +0.00 Y  +0.00 theta   +0.0 elt    0 [0mimu  -0.9 Dt    6 LtCy    3 integ.govd   +0.00   -0.00 integ.vbp +0.00 -0.00 omni.gos X     +0.0 ,Y     -0.0. omgD -0.002 omg  +0.00 loop   2114
[0mBatt=23.5 [0mODOM [31mVisionX  +0.00 Y  +0.00 theta   +0.0 elt    0 [0mimu  -0.9 Dt   22 LtCy   11 integ.govd   +0.00   -0.00 integ.vbp +0.00 -0.00 omni.gos X     +0.0 ,Y     +0.0. omgD +0.002 omg  +0.00 loop   4499
[0mBatt=23.5 [0mODOM [31mVisionX  +0.00 Y  +0.00 theta   +0.0 elt    0 [0mimu  -0.9 Dt   38 LtCy   19 integ.govd   -0.00   -0.00 integ.vbp -0.00 -0.00 omni.gos X     +0.0 ,Y     -0.1. omgD -0.007 omg  +0.00 loop   4472
[0mBatt=23.5 [0mODOM [31mVisionX  +0.00 Y  +0.00 theta   +0.0 elt    0 [0mimu  -0.9 Dt   54 LtCy   27 integ.govd   -0.00   -0.00 integ.vbp -0.00 -0.00 omni.gos X     +0.0 ,Y     -0.1. omgD -0.007 omg  +0.00 loop   4478
[0mBatt=23.5 [0mODOM [31mVisionX  +0.00 Y  +0.00 theta   +0.0 elt    0 [0mimu  -1.0 Dt   70 LtCy   35 integ.govd   -0.00   -0.01 integ.vbp -0.00 -0.00 omni.gos X     +0.0 ,Y     -0.0. omgD -0.002 omg  +0.00 loop   4480
[0mBatt=23.5 [0mODOM [31mVisionX  +0.00 Y  +0.00 theta   +0.0 elt    0 [0mimu  -1.0 Dt   86 LtCy   43 integ.govd   -0.00   -0.01 integ.vbp -0.00 -0.00 omni.gos X     +0.0 ,Y     -0.1. omgD -0.011 omg  +0.00 loop   4461
[0mBatt=23.5 [0mODOM [31mVisionX  +0.00 Y  +0.00 theta   +0.0 elt    0 [0mimu  -1.0 Dt    0 LtCy    0 integ.govd   +0.00   +0.00 integ.vbp +0.00 +0.00 omni.gos X     -0.0 ,Y     -0.1. omgD -0.011 omg  +0.00 loop   3986
[0mBatt=23.5 [0mODOM [31mVisionX  +0.00 Y  +0.00 theta   +0.0 elt    0 [0mimu  -1.0 Dt   16 LtCy    8 integ.govd   +0.00   +0.00 integ.vbp +0.00 +0.00 omni.gos X     +0.0 ,Y     +0.1. omgD +0.006 omg  +0.00 loop   4493
[0mBatt=23.5 [0mODOM [31mVisionX  +0.00 Y  +0.00 theta   +0.0 elt    0 [0mimu  -1.0 Dt   32 LtCy   16 integ.govd   -0.00   -0.00 integ.vbp -0.00 -0.00 omni.gos X     +0.0 ,Y     -0.2. omgD -0.015 omg  +0.00 loop   4466
[0mBatt=23.5 [0mODOM [31mVisionX  +0.00 Y  +0.00 theta   +0.0 elt    0 [0mimu  -1.0 Dt   48 LtCy   24 integ.govd   -0.00   -0.00 integ.vbp -0.00 -0.00 omni.gos X     +0.0 ,Y     -0.1. omgD -0.007 omg  +0.00 loop   4458
[0mBatt=23.5 [0mODOM [31mVisionX  +0.00 Y  +0.00 theta   +0.0 elt    0 [0mimu  -1.0 Dt   64 LtCy   32 integ.govd   -0.00   -0.00 integ.vbp -0.00 -0.00 omni.gos X     +0.0 ,Y     -0.1. omgD -0.007 omg  +0.00 loop   4475
[0mBatt=23.5 [0mODOM [31mVisionX  +0.00 Y  +0.00 theta   +0.0 elt    0 [0mimu  -1.0 Dt   80 LtCy   40 integ.govd   -0.00   -0.01 integ.vbp -0.00 -0.00 omni.gos X     -0.0 ,Y     -0.2. omgD -0.015 omg  +0.00 loop   4477
[0mBatt=23.5 [0mODOM [31mVisionX  +0.00 Y  +0.00 theta   +0.0 elt    0 [0mimu  -1.0 Dt    0 LtCy    0 integ.govd   +0.00   +0.00 integ.vbp +0.00 +0.00 omni.gos X     +0.0 ,Y     -0.0. omgD -0.002 omg  +0.00 loop   4299
[0mBatt=23.5 [0mODOM [31mVisionX  +0.00 Y  +0.00 theta   +0.0 elt    0 [0mimu  -1.0 Dt   10 LtCy    5 integ.govd   -0.00   -0.00 integ.vbp -0.00 -0.00 omni.gos X     +0.0 ,Y     -0.1. omgD -0.007 omg  +0.00 loop   4167
[0mBatt=23.5 [0mODOM [31mVisionX  +0.00 Y  +0.00 theta   +0.0 elt    0 [0mimu  -1.0 Dt   26 LtCy   13 integ.govd   -0.00   -0.00 integ.vbp -0.00 -0.00 omni.gos X     +0.0 ,Y     -0.1. omgD -0.007 omg  +0.00 loop   4493
[0mBatt=23.5 [0mODOM [31mVisionX  +0.00 Y  +0.00 theta   +0.0 elt    0 [0mimu  -1.0 Dt   42 LtCy   21 integ.govd   -0.00   -0.00 integ.vbp -0.00 -0.00 omni.gos X     +0.0 ,Y     -0.0. omgD -0.002 omg  +0.00 loop   4458
[0mBatt=23.5 [0mODOM [31mVisionX  +0.00 Y  +0.00 theta   +0.0 elt    0 [0mimu  -1.0 Dt   58 LtCy   29 integ.govd   -0.00   -0.00 integ.vbp -0.00 -0.00 omni.gos X     +0.0 ,Y     -0.1. omgD -0.007 omg  +0.00 loop   4469
[0mBatt=23.5 [0mODOM [31mVisionX  +0.00 Y  +0.00 theta   +0.0 elt    0 [0mimu  -1.0 Dt   74 LtCy   37 integ.govd   -0.00   -0.00 integ.vbp -0.00 -0.00 omni.gos X     +0.0 ,Y     -0.0. omgD -0.002 omg  +0.00 loop   4474
[0mBatt=23.5 [0mODOM [31mVisionX  +0.00 Y  +0.00 theta   +0.0 elt    0 [0mimu  -1.0 Dt   90 LtCy   45 integ.govd   -0.00   -0.01 integ.vbp -0.00 -0.00 omni.gos X     +0.0 ,Y     -0.0. omgD -0.002 omg  +0.00 loop   4457
[0mBatt=23.5 [0mODOM [31mVisionX  +0.00 Y  +0.00 theta   +0.0 elt    0 [0mimu  -1.0 Dt  106 LtCy   53 integ.govd   -0.00   -0.01 integ.vbp -0.00 -0.00 omni.gos X     +0.0 ,Y     -0.1. omgD -0.007 omg  +0.00 loop   4449
[0mBatt=23.5 [0mODOM [31mVisionX  +0.00 Y  +0.00 theta   +0.0 elt    0 [0mimu  -1.0 Dt  122 LtCy   61 integ.govd   -0.00   -0.01 integ.vbp -0.00 -0.00 omni.gos X     +0.0 ,Y     -0.0. omgD -0.002 omg  +0.00 loop   4466
[0mBatt=23.5 [0mODOM [31mVisionX  +0.00 Y  +0.00 theta   +0.0 elt    0 [0mimu  -1.0 Dt  138 LtCy   69 integ.govd   -0.00   -0.01 integ.vbp -0.00 -0.00 omni.gos X     -0.0 ,Y     -0.1. omgD -0.011 omg  +0.00 loop   4454
[0mBatt=23.5 [0mODOM [31mVisionX  +0.00 Y  +0.00 theta   +0.0 elt    0 [0mimu  -1.0 Dt  154 LtCy   77 integ.govd   -0.00   -0.01 integ.vbp -0.00 -0.00 omni.gos X     +0.0 ,Y     -0.1. omgD -0.011 omg  +0.00 loop   4420
[0mBatt=23.5 [0mODOM [31mVisionX  +0.00 Y  +0.00 theta   +0.0 elt    0 [0mimu  -1.0 Dt  170 LtCy   85 integ.govd   -0.00   -0.01 integ.vbp -0.00 -0.00 omni.gos X     -0.0 ,Y     -0.0. omgD -0.002 omg  +0.00 loop   4449
[0mBatt=23.5 [0mODOM [31mVisionX  +0.00 Y  +0.00 theta   +0.0 elt    0 [0mimu  -1.0 Dt  186 LtCy   93 integ.govd   -0.00   -0.01 integ.vbp -0.00 -0.00 omni.gos X     +0.0 ,Y     -0.0. omgD -0.002 omg  +0.00 loop   4436
[0mBatt=23.5 [0mODOM [31mVisionX  +0.00 Y  +0.00 theta   +0.0 elt    0 [0mimu  -1.0 Dt    0 LtCy    0 integ.govd   +0.00   +0.00 integ.vbp +0.00 +0.00 omni.gos X     +0.0 ,Y     -0.2. omgD -0.013 omg  +0.00 loop   4035
[0mBatt=23.5 [0mODOM [31mVisionX  +0.00 Y  +0.00 theta   +0.0 elt    0 [0mimu  -1.0 Dt    6 LtCy    3 integ.govd   -0.00   -0.00 integ.vbp -0.00 -0.00 omni.gos X     +0.0 ,Y     -0.1. omgD -0.009 omg  +0.00 loop   3956
[0mBatt=23.5 [0mODOM [31mVisionX  +0.00 Y  +0.00 theta   +0.0 elt    0 [0mimu  -1.0 Dt   22 LtCy   11 integ.govd   -0.00   -0.00 integ.vbp -0.00 -0.00 omni.gos X     +0.0 ,Y     -0.0. omgD -0.002 omg  +0.00 loop   4491
[0mBatt=23.5 [0mODOM [31mVisionX  +0.00 Y  +0.00 theta   +0.0 elt    0 [0mimu  -1.0 Dt   38 LtCy   19 integ.govd   -0.00   -0.00 integ.vbp -0.00 -0.00 omni.gos X     +0.0 ,Y     -0.1. omgD -0.007 omg  +0.00 loop   4462
[0mBatt=23.5 [0mODOM [31mVisionX  +0.00 Y  +0.00 theta   +0.0 elt    0 [0mimu  -1.0 Dt   54 LtCy   27 integ.govd   -0.00   -0.00 integ.vbp -0.00 -0.00 omni.gos X     +0.0 ,Y     -0.0. omgD -0.002 omg  +0.00 loop   4476
[0mBatt=23.5 [0mODOM [31mVisionX  +0.00 Y  +0.00 theta   +0.0 elt    0 [0mimu  -1.0 Dt   70 LtCy   35 integ.govd   -0.00   -0.00 integ.vbp -0.00 -0.00 omni.gos X     +0.0 ,Y     -0.1. omgD -0.007 omg  +0.00 loop   4476
[0mBatt=23.5 [0mODOM [31mVisionX  +0.00 Y  +0.00 theta   +0.0 elt    0 [0mimu  -1.0 Dt   86 LtCy   43 integ.govd   -0.00   -0.01 integ.vbp -0.00 -0.00 omni.gos X     +0.0 ,Y     -0.0. omgD -0.002 omg  +0.00 loop   4414
[0mBatt=23.5 [0mODOM [31mVisionX  +0.00 Y  +0.00 theta   +0.0 elt    0 [0mimu  -1.0 Dt    8 LtCy    4 integ.govd   -0.00   -0.00 integ.vbp -0.00 -0.00 omni.gos X     -0.0 ,Y     -0.1. omgD -0.011 omg  +0.00 loop   4041
[0mBatt=23.5 [0mODOM [31mVisionX  +0.00 Y  +0.00 theta   +0.0 elt    0 [0mimu  -1.0 Dt   24 LtCy   12 integ.govd   -0.00   -0.00 integ.vbp -0.00 -0.00 omni.gos X     +0.0 ,Y     -0.1. omgD -0.011 omg  +0.00 loop   4474
[0mBatt=23.5 [0mODOM [31mVisionX  +0.00 Y  +0.00 theta   +0.0 elt    0 [0mimu  -1.0 Dt   40 LtCy   20 integ.govd   -0.00   -0.00 integ.vbp -0.00 -0.00 omni.gos X     +0.0 ,Y     -0.1. omgD -0.005 omg  +0.00 loop   4483
[0mBatt=23.5 [0mODOM [31mVisionX  +0.00 Y  +0.00 theta   +0.0 elt    0 [0mimu  -1.0 Dt   56 LtCy   28 integ.govd   -0.00   -0.01 integ.vbp -0.00 -0.00 omni.gos X     +0.0 ,Y     -0.1. omgD -0.009 omg  +0.00 loop   4450
[0mBatt=23.5 [0mODOM [31mVisionX  +0.00 Y  +0.00 theta   +0.0 elt    0 [0mimu  -1.0 Dt   72 LtCy   36 integ.govd   -0.00   -0.01 integ.vbp -0.00 -0.00 omni.gos X     -0.0 ,Y     -0.1. omgD -0.005 omg  +0.00 loop   4471
[0mBatt=23.5 [0mODOM [31mVisionX  +0.00 Y  +0.00 theta   +0.0 elt    0 [0mimu  -1.0 Dt   88 LtCy   44 integ.govd   -0.00   -0.01 integ.vbp -0.00 -0.00 omni.gos X     +0.0 ,Y     -0.1. omgD -0.007 omg  +0.00 loop   4467
[0mBatt=23.5 [0mODOM [31mVisionX  +0.00 Y  +0.00 theta   +0.0 elt    0 [0mimu  -1.0 Dt    4 LtCy    2 integ.govd   -0.00   -0.00 integ.vbp -0.00 -0.00 omni.gos X     +0.0 ,Y     -0.1. omgD -0.005 omg  +0.00 loop   4128
[0mBatt=23.5 [0mODOM [31mVisionX  +0.00 Y  +0.00 theta   +0.0 elt    0 [0mimu  -1.0 Dt   20 LtCy   10 integ.govd   -0.00   -0.00 integ.vbp -0.00 -0.00 omni.gos X     -0.0 ,Y     -0.1. omgD -0.009 omg  +0.00 loop   4479
[0mBatt=23.5 [0mODOM [31mVisionX  +0.00 Y  +0.00 theta   +0.0 elt    0 [0mimu  -1.0 Dt   36 LtCy   18 integ.govd   -0.00   -0.00 integ.vbp -0.00 -0.00 omni.gos X     -0.0 ,Y     -0.1. omgD -0.005 omg  +0.00 loop   4482
[0mBatt=23.5 [0mODOM [31mVisionX  +0.00 Y  +0.00 theta   +0.0 elt    0 [0mimu  -1.0 Dt   52 LtCy   26 integ.govd   -0.00   -0.00 integ.vbp -0.00 -0.00 omni.gos X     +0.0 ,Y     -0.1. omgD -0.005 omg  +0.00 loop   4463
[0mBatt=23.5 [0mODOM [31mVisionX  +0.00 Y  +0.00 theta   +0.0 elt    0 [0mimu  -1.0 Dt   68 LtCy   34 integ.govd   -0.00   -0.00 integ.vbp -0.00 -0.00 omni.gos X     -0.0 ,Y     -0.0. omgD -0.002 omg  +0.00 loop   4458
[0mBatt=23.5 [0mODOM [31mVisionX  +0.00 Y  +0.00 theta   +0.0 elt    0 [0mimu  -1.0 Dt   84 LtCy   42 integ.govd   -0.00   -0.01 integ.vbp -0.00 -0.00 omni.gos X     +0.0 ,Y     -0.1. omgD -0.005 omg  +0.00 loop   4466
[0mBatt=23.5 [0mODOM [31mVisionX  +0.00 Y  +0.00 theta   +0.0 elt    0 [0mimu  -1.0 Dt    0 LtCy    0 integ.govd   +0.00   +0.00 integ.vbp +0.00 +0.00 omni.gos X     -0.0 ,Y     -0.1. omgD -0.007 omg  +0.00 loop   4194
[0mBatt=23.5 [0mODOM [31mVisionX  +0.00 Y  +0.00 theta   +0.0 elt    0 [0mimu  -1.0 Dt   14 LtCy    7 integ.govd   -0.00   -0.00 integ.vbp -0.00 -0.00 omni.gos X     -0.0 ,Y     -0.1. omgD -0.005 omg  +0.00 loop   4342
[0mBatt=23.5 [0mODOM [31mVisionX  +0.00 Y  +0.00 theta   +0.0 elt    0 [0mimu  -1.0 Dt   30 LtCy   15 integ.govd   -0.00   -0.00 integ.vbp -0.00 -0.00 omni.gos X     +0.0 ,Y     -0.1. omgD -0.007 omg  +0.00 loop   4480
[0mBatt=23.5 [0mODOM [31mVisionX  +0.00 Y  +0.00 theta   +0.0 elt    0 [0mimu  -1.0 Dt   46 LtCy   23 integ.govd   -0.00   -0.00 integ.vbp -0.00 -0.00 omni.gos X     +0.0 ,Y     -0.1. omgD -0.005 omg  +0.00 loop   4488
[0mBatt=23.5 [0mODOM [31mVisionX  +0.00 Y  +0.00 theta   +0.0 elt    0 [0mimu  -1.0 Dt   62 LtCy   31 integ.govd   -0.00   -0.01 integ.vbp -0.00 -0.00 omni.gos X     +0.0 ,Y     -0.1. omgD -0.007 omg  +0.00 loop   4446
[0mBatt=23.5 [0mODOM [31mVisionX  +0.00 Y  +0.00 theta   +0.0 elt    0 [0mimu  -1.0 Dt   78 LtCy   39 integ.govd   -0.00   -0.01 integ.vbp -0.00 -0.00 omni.gos X     -0.0 ,Y     -0.1. omgD -0.007 omg  +0.00 loop   4477
[0mBatt=23.5 [0mODOM [31mVisionX  +0.00 Y  +0.00 theta   +0.0 elt    0 [0mimu  -1.0 Dt   94 LtCy   47 integ.govd   -0.00   -0.01 integ.vbp -0.00 -0.00 omni.gos X     +0.0 ,Y     -0.1. omgD -0.011 omg  +0.00 loop   4466
[0mBatt=23.5 [0mODOM [31mVisionX  +0.00 Y  +0.00 theta   +0.0 elt    0 [0mimu  -1.0 Dt    6 LtCy    3 integ.govd   -0.00   -0.00 integ.vbp -0.00 -0.00 omni.gos X     +0.0 ,Y     -0.1. omgD -0.007 omg  +0.00 loop   3986
[0mBatt=23.5 [0mODOM [31mVisionX  +0.00 Y  +0.00 theta   +0.0 elt    0 [0mimu  -1.0 Dt   22 LtCy   11 integ.govd   -0.00   -0.00 integ.vbp -0.00 -0.00 omni.gos X     -0.0 ,Y     -0.1. omgD -0.011 omg  +0.00 loop   4481
[0mBatt=23.5 [0mODOM [31mVisionX  +0.00 Y  +0.00 theta   +0.0 elt    0 [0mimu  -1.0 Dt   38 LtCy   19 integ.govd   -0.00   -0.00 integ.vbp -0.00 -0.00 omni.gos X     +0.0 ,Y     -0.1. omgD -0.007 omg  +0.00 loop   4472
[0mBatt=23.5 [0mODOM [31mVisionX  +0.00 Y  +0.00 theta   +0.0 elt    0 [0mimu  -1.0 Dt   54 LtCy   27 integ.govd   -0.00   -0.01 integ.vbp -0.00 -0.00 omni.gos X     +0.0 ,Y     -0.1. omgD -0.007 omg  +0.00 loop   4482
TPRB_BEGIN,version=1,clock_hz=170000000,duration_cycles=1700000000
TPRB_TYPE,event_sequence,cycle,marker_sequence,counter
TPRB_RX,0,32579699,1,1
TPRB_RX,1,32774295,2,2
TPRB_RX,2,50176225,3,3
TPRB_RX,3,50367032,4,4
TPRB_RX,4,50553724,5,5
TPRB_RX,5,50740256,6,6
TPRB_RX,6,51292118,8,8
TPRB_RX,7,67416650,9,9
TPRB_RX,8,67607507,10,10
TPRB_RX,9,67975226,11,11
TPRB_RX,10,68161778,12,12
TPRB_RX,11,68348334,13,13
TPRB_RX,12,68534761,14,14
TPRB_RX,13,68721550,15,15
TPRB_RX,14,84846741,16,16
TPRB_RX,15,85037324,17,17
TPRB_RX,16,85228147,18,18
TPRB_RX,17,85415256,19,19
TPRB_RX,18,85601457,20,20
TPRB_RX,19,85788031,21,21
TPRB_RX,20,85974500,22,22
TPRB_RX,21,102284776,23,23
TPRB_RX,22,102475294,24,24
TPRB_RX,23,102661847,25,25
TPRB_RX,24,102849774,26,26
TPRB_RX,25,103038451,27,27
TPRB_RX,26,103225493,28,28
TPRB_RX,27,103411719,29,29
TPRB_RX,28,119721253,30,30
TPRB_RX,29,119912621,31,31
TPRB_RX,30,120099247,32,32
TPRB_RX,31,120285587,33,33
TPRB_RX,32,137136086,34,34
TPRB_RX,33,137329875,35,35
TPRB_RX,34,137517033,36,36
TPRB_RX,35,137703714,37,37
TPRB_RX,36,137890068,38,38
TPRB_RX,37,138076314,39,39
TPRB_RX,38,138263707,40,40
TPRB_RX,39,138452634,41,41
TPRB_RX,40,138643018,42,42
TPRB_RX,41,154599718,43,43
TPRB_RX,42,154795920,44,44
TPRB_RX,43,154993419,45,45
TPRB_RX,44,155186823,46,46
TPRB_RX,45,155377747,47,47
TPRB_RX,46,155566606,48,48
TPRB_RX,47,155755062,49,49
TPRB_RX,48,171879720,50,50
TPRB_RX,49,172069951,51,51
TPRB_RX,50,172260107,52,52
TPRB_RX,51,172446704,53,53
TPRB_RX,52,172634211,54,54
TPRB_RX,53,172824051,55,55
TPRB_RX,54,173013560,56,56
TPRB_RX,55,189314424,57,57
TPRB_RX,56,189504993,58,58
TPRB_RX,57,189692629,59,59
TPRB_RX,58,189879846,60,60
TPRB_RX,59,190066688,61,61
TPRB_RX,60,190253358,62,62
TPRB_RX,61,190441837,63,63
TPRB_RX,62,206746290,64,64
TPRB_RX,63,206937148,65,65
TPRB_RX,64,207127420,66,66
TPRB_RX,65,207314028,67,67
TPRB_RX,66,207500932,68,68
TPRB_RX,67,207687380,69,69
TPRB_RX,68,207876156,70,70
TPRB_RX,69,224178421,71,71
TPRB_RX,70,224368555,72,72
TPRB_RX,71,224738110,73,73
TPRB_RX,72,224925570,74,74
TPRB_RX,73,225111976,75,75
TPRB_RX,74,225298072,76,76
TPRB_RX,75,225486040,77,77
TPRB_RX,76,241611539,78,78
TPRB_RX,77,241801981,79,79
TPRB_RX,78,241988775,80,80
TPRB_RX,79,242175208,81,81
TPRB_RX,80,242366160,82,82
TPRB_RX,81,242553371,83,83
TPRB_RX,82,259040141,84,84
TPRB_RX,83,259230776,85,85
TPRB_RX,84,259417725,86,86
TPRB_RX,85,259607261,87,87
TPRB_RX,86,259793751,88,88
TPRB_RX,87,259980220,89,89
TPRB_RX,88,260167884,90,90
TPRB_RX,89,276471935,91,91
TPRB_RX,90,276664038,92,92
TPRB_RX,91,276851248,93,93
TPRB_RX,92,277038080,94,94
TPRB_RX,93,277224750,95,95
TPRB_RX,94,277411122,96,96
TPRB_RX,95,277597527,97,97
TPRB_RX,96,293729241,98,98
TPRB_RX,97,293920873,99,99
TPRB_RX,98,294107567,100,100
TPRB_RX,99,294293853,101,101
TPRB_RX,100,294482605,102,102
TPRB_RX,101,294672197,103,103
TPRB_RX,102,294862013,104,104
TPRB_RX,103,311161952,105,105
TPRB_RX,104,311351748,106,106
TPRB_RX,105,311538383,107,107
TPRB_RX,106,311727873,108,108
TPRB_RX,107,311914420,109,109
TPRB_RX,108,312100640,110,110
TPRB_RX,109,312289000,111,111
TPRB_RX,110,328604313,112,112
TPRB_RX,111,328796498,113,113
TPRB_RX,112,329164910,114,114
TPRB_RX,113,329534033,115,115
TPRB_RX,114,329720767,116,116
TPRB_RX,115,329909148,117,117
TPRB_RX,116,330096402,118,118
TPRB_RX,117,346035731,119,119
TPRB_RX,118,346229043,120,120
TPRB_RX,119,346418985,121,121
TPRB_RX,120,346606410,122,122
TPRB_RX,121,346793262,123,123
TPRB_RX,122,346979837,124,124
TPRB_RX,123,363483193,125,125
TPRB_RX,124,363673744,126,126
TPRB_RX,125,363860266,127,127
TPRB_RX,126,364047094,128,128
TPRB_RX,127,364233953,129,129
TPRB_RX,128,364425480,130,130
TPRB_RX,129,364612351,131,131
TPRB_RX,130,380923281,132,132
TPRB_RX,131,381116782,133,133
TPRB_RX,132,381307415,134,134
TPRB_RX,133,381497328,135,135
TPRB_RX,134,381687735,136,136
TPRB_RX,135,381880235,137,137
TPRB_RX,136,382071244,138,138
TPRB_RX,137,398196013,139,139
TPRB_RX,138,398749235,142,142
TPRB_RX,139,398936534,143,143
TPRB_RX,140,399122917,144,144
TPRB_RX,141,399310914,145,145
TPRB_RX,142,415618209,146,146
TPRB_RX,143,415808120,147,147
TPRB_RX,144,415994662,148,148
TPRB_RX,145,416181270,149,149
TPRB_RX,146,416369681,150,150
TPRB_RX,147,416556311,151,151
TPRB_RX,148,416742696,152,152
TPRB_RX,149,433045078,153,153
TPRB_RX,150,433235615,154,154
TPRB_RX,151,433422054,155,155
TPRB_RX,152,433608437,156,156
TPRB_RX,153,433794726,157,157
TPRB_RX,154,433984646,158,158
TPRB_RX,155,450468347,159,159
TPRB_RX,156,450660215,160,160
TPRB_RX,157,450847226,161,161
TPRB_RX,158,451033535,162,162
TPRB_RX,159,451220217,163,163
TPRB_RX,160,451409686,164,164
TPRB_RX,161,451595981,165,165
TPRB_RX,162,467901531,166,166
TPRB_RX,163,468091868,167,167
TPRB_RX,164,468280454,168,168
TPRB_RX,165,468470809,169,169
TPRB_RX,166,468661645,170,170
TPRB_RX,167,468849794,171,171
TPRB_RX,168,469036358,172,172
TPRB_RX,169,485341697,173,173
TPRB_RX,170,485532182,174,174
TPRB_RX,171,485722380,175,175
TPRB_RX,172,485908923,176,176
TPRB_RX,173,486095467,177,177
TPRB_RX,174,486282433,178,178
TPRB_RX,175,486469189,179,179
TPRB_RX,176,502796437,180,180
TPRB_RX,177,520192888,181,181
TPRB_RX,178,520384457,182,182
TPRB_RX,179,520571807,183,183
TPRB_RX,180,520758576,184,184
TPRB_RX,181,520945153,185,185
TPRB_RX,182,521131524,186,186
TPRB_RX,183,521318037,187,187
TPRB_RX,184,521504196,188,188
TPRB_RX,185,521693322,189,189
TPRB_RX,186,521881160,190,190
TPRB_RX,187,522068563,191,191
TPRB_RX,188,522258465,192,192
TPRB_RX,189,522444966,193,193
TPRB_RX,190,537544779,194,194
TPRB_RX,191,537745033,195,195
TPRB_RX,192,538136528,197,197
TPRB_RX,193,538337065,198,198
TPRB_RX,194,538727746,199,199
TPRB_RX,195,538925467,200,200
TPRB_RX,196,554972329,201,0
TPRB_RX,197,555172843,202,1
TPRB_RX,198,555553071,204,3
TPRB_RX,199,555749982,205,4
TPRB_RX,200,555953110,206,5
TPRB_RX,201,572553698,208,7
TPRB_RX,202,572753480,209,8
TPRB_RX,203,572949268,210,9
TPRB_RX,204,573529086,212,11
TPRB_RX,205,573733988,213,12
TPRB_RX,206,589760060,214,13
TPRB_RX,207,589964718,215,14
TPRB_RX,208,590163670,216,15
TPRB_RX,209,590546212,217,16
TPRB_RX,210,590938094,218,17
TPRB_RX,211,591143740,219,18
TPRB_RX,212,591339073,220,19
TPRB_RX,213,607196142,221,20
TPRB_RX,214,607772560,223,22
TPRB_RX,215,607969490,224,23
TPRB_RX,216,608165706,225,24
TPRB_RX,217,608361143,226,25
TPRB_RX,218,608556379,227,26
TPRB_RX,219,624777767,229,28
TPRB_RX,220,625350532,231,30
TPRB_RX,221,625548825,232,31
TPRB_RX,222,625749828,233,32
TPRB_RX,223,641992086,235,34
TPRB_RX,224,642205521,236,35
TPRB_RX,225,642597563,237,36
TPRB_RX,226,642793276,238,37
TPRB_RX,227,642990166,239,38
TPRB_RX,228,643186402,240,39
TPRB_RX,229,659412594,241,40
TPRB_RX,230,659616435,242,41
TPRB_RX,231,660006109,243,42
TPRB_RX,232,660204498,244,43
TPRB_RX,233,660400278,245,44
TPRB_RX,234,660603256,246,45
TPRB_RX,235,660798319,247,46
TPRB_RX,236,676930180,248,47
TPRB_RX,237,677135849,249,48
TPRB_RX,238,677339648,250,49
TPRB_RX,239,677540002,251,50
TPRB_RX,240,677759771,252,51
TPRB_RX,241,677957163,253,52
TPRB_RX,242,678336059,254,53
TPRB_RX,243,694200714,255,54
TPRB_RX,244,694592077,256,55
TPRB_RX,245,694971772,257,56
TPRB_RX,246,695166615,258,57
TPRB_RX,247,695362923,259,58
TPRB_RX,248,695562118,260,59
TPRB_RX,249,695758288,261,60
TPRB_RX,250,711625843,262,61
TPRB_RX,251,711829758,263,62
TPRB_RX,252,712027777,264,63
TPRB_RX,253,712224549,265,64
TPRB_RX,254,712419627,266,65
TPRB_RX,255,712613874,267,66
TPRB_RX,256,712813316,268,67
TPRB_RX,257,729051918,269,68
TPRB_RX,258,729252636,270,69
TPRB_RX,259,729447327,271,70
TPRB_RX,260,729642691,272,71
TPRB_RX,261,729840294,273,72
TPRB_RX,262,730037176,274,73
TPRB_RX,263,730231548,275,74
TPRB_RX,264,746453311,276,75
TPRB_RX,265,746654616,277,76
TPRB_RX,266,746850568,278,77
TPRB_RX,267,747046377,279,78
TPRB_RX,268,747241666,280,79
TPRB_RX,269,747436678,281,80
TPRB_RX,270,763852346,282,81
TPRB_RX,271,764055528,283,82
TPRB_RX,272,764255412,284,83
TPRB_RX,273,764457672,285,84
TPRB_RX,274,764659684,286,85
TPRB_RX,275,764855032,287,86
TPRB_RX,276,765049782,288,87
TPRB_RX,277,781281200,289,88
TPRB_RX,278,781481801,290,89
TPRB_RX,279,781680118,291,90
TPRB_RX,280,781877901,292,91
TPRB_RX,281,782076727,293,92
TPRB_RX,282,782274066,294,93
TPRB_RX,283,782469875,295,94
TPRB_RX,284,798708434,296,95
TPRB_RX,285,798909130,297,96
TPRB_RX,286,799288475,299,98
TPRB_RX,287,799483123,300,99
TPRB_RX,288,799686731,301,100
TPRB_RX,289,799882783,302,101
TPRB_RX,290,816105595,303,102
TPRB_RX,291,816311073,304,103
TPRB_RX,292,816507114,305,104
TPRB_RX,293,816702370,306,105
TPRB_RX,294,816897732,307,106
TPRB_RX,295,817093148,308,107
TPRB_RX,296,817290728,309,108
TPRB_RX,297,833529026,310,109
TPRB_RX,298,833737315,311,110
TPRB_RX,299,833937947,312,111
TPRB_RX,300,834141003,313,112
TPRB_RX,301,834336184,314,113
TPRB_RX,302,850930797,315,114
TPRB_RX,303,851131429,316,115
TPRB_RX,304,851330370,317,116
TPRB_RX,305,851527943,318,117
TPRB_RX,306,851724749,319,118
TPRB_RX,307,851919984,320,119
TPRB_RX,308,852114740,321,120
TPRB_RX,309,852317380,322,121
TPRB_RX,310,868352109,323,122
TPRB_RX,311,868552900,324,123
TPRB_RX,312,868748476,325,124
TPRB_RX,313,868949035,326,125
TPRB_RX,314,869148092,327,126
TPRB_RX,315,869354187,328,127
TPRB_RX,316,869550676,329,128
TPRB_RX,317,885773999,330,129
TPRB_RX,318,885981621,331,130
TPRB_RX,319,886190752,332,131
TPRB_RX,320,886402116,333,132
TPRB_RX,321,886604908,335,134
TPRB_RX,322,886800012,336,135
TPRB_RX,323,903222194,337,136
TPRB_RX,324,903426140,338,137
TPRB_RX,325,903622850,339,138
TPRB_RX,326,903822273,340,139
TPRB_RX,327,904017635,341,140
TPRB_RX,328,904213200,342,141
TPRB_RX,329,904592819,343,142
TPRB_RX,330,920655099,344,143
TPRB_RX,331,920860862,345,144
TPRB_RX,332,921083795,347,146
TPRB_RX,333,921287721,348,147
TPRB_RX,334,921488195,349,148
TPRB_RX,335,937917270,351,150
TPRB_RX,336,938118296,352,151
TPRB_RX,337,938313508,353,152
TPRB_RX,338,938508362,354,153
TPRB_RX,339,938703491,355,154
TPRB_RX,340,938898746,356,155
TPRB_RX,341,955312098,358,157
TPRB_RX,342,955512870,359,158
TPRB_RX,343,955717316,360,159
TPRB_RX,344,955913188,361,160
TPRB_RX,345,956108359,362,161
TPRB_RX,346,972913901,364,163
TPRB_RX,347,973128345,366,165
TPRB_RX,348,973539309,367,166
TPRB_RX,349,973750386,369,168
TPRB_RX,350,974144723,370,169
TPRB_RX,351,990371549,372,171
TPRB_RX,352,990572206,373,172
TPRB_RX,353,990769418,374,173
TPRB_RX,354,991345599,376,175
TPRB_RX,355,1007587984,378,177
TPRB_RX,356,1007977261,380,179
TPRB_RX,357,1008174302,381,180
TPRB_RX,358,1008559630,382,181
TPRB_RX,359,1008757476,383,182
TPRB_RX,360,1008964717,384,183
TPRB_RX,361,1025009604,385,184
TPRB_RX,362,1025579931,388,187
TPRB_RX,363,1025775951,389,188
TPRB_RX,364,1025971271,390,189
TPRB_RX,365,1026166431,391,190
TPRB_RX,366,1042382679,392,191
TPRB_RX,367,1042586308,393,192
TPRB_RX,368,1042791105,394,193
TPRB_RX,369,1042999567,395,194
TPRB_RX,370,1043392289,396,195
TPRB_RX,371,1043611930,397,196
TPRB_RX,372,1043810615,398,197
TPRB_RX,373,1060047021,400,199
TPRB_RX,374,1060246985,401,200
TPRB_RX,375,1060442630,402,0
TPRB_RX,376,1060638365,403,1
TPRB_RX,377,1060845001,404,2
TPRB_RX,378,1077264833,405,3
TPRB_RX,379,1077676108,407,5
TPRB_RX,380,1077877173,408,6
TPRB_RX,381,1078076860,409,7
TPRB_RX,382,1078272745,410,8
TPRB_RX,383,1078467332,411,9
TPRB_RX,384,1094610787,412,10
TPRB_RX,385,1094812174,413,11
TPRB_RX,386,1095190804,414,12
TPRB_RX,387,1095387303,415,13
TPRB_RX,388,1095581804,416,14
TPRB_RX,389,1095776261,417,15
TPRB_RX,390,1095970616,418,16
TPRB_RX,391,1112075407,419,17
TPRB_RX,392,1112276454,420,18
TPRB_RX,393,1112471336,421,19
TPRB_RX,394,1112849610,422,20
TPRB_RX,395,1113053812,423,21
TPRB_RX,396,1113248918,424,22
TPRB_RX,397,1113443376,425,23
TPRB_RX,398,1129562784,426,24
TPRB_RX,399,1129764769,428,26
TPRB_RX,400,1129960151,429,27
TPRB_RX,401,1130154727,430,28
TPRB_RX,402,1130349155,431,29
TPRB_RX,403,1130543764,432,30
TPRB_RX,404,1146994366,433,31
TPRB_RX,405,1147197654,434,32
TPRB_RX,406,1147394556,435,33
TPRB_RX,407,1147592318,436,34
TPRB_RX,408,1147974296,437,35
TPRB_RX,409,1148169594,438,36
TPRB_RX,410,1164415295,439,37
TPRB_RX,411,1164616088,440,38
TPRB_RX,412,1164816572,441,39
TPRB_RX,413,1165018007,442,40
TPRB_RX,414,1165216145,443,41
TPRB_RX,415,1165596872,444,42
TPRB_RX,416,1165793764,445,43
TPRB_RX,417,1181737447,446,44
TPRB_RX,418,1181939949,447,45
TPRB_RX,419,1182148861,448,46
TPRB_RX,420,1182530201,449,47
TPRB_RX,421,1182726956,450,48
TPRB_RX,422,1182924878,451,49
TPRB_RX,423,1183122207,452,50
TPRB_RX,424,1199178740,453,51
TPRB_RX,425,1199387957,454,52
TPRB_RX,426,1199604806,456,54
TPRB_RX,427,1199801845,457,55
TPRB_RX,428,1199997633,458,56
TPRB_RX,429,1200197023,459,57
TPRB_RX,430,1216454582,460,58
TPRB_RX,431,1216656166,461,59
TPRB_RX,432,1216853748,462,60
TPRB_RX,433,1234019647,463,61
TPRB_RX,434,1234225049,464,62
TPRB_RX,435,1234443308,466,64
TPRB_RX,436,1234641358,467,65
TPRB_RX,437,1234839813,468,66
TPRB_RX,438,1235036524,469,67
TPRB_RX,439,1235239026,470,68
TPRB_RX,440,1235434487,471,69
TPRB_RX,441,1235629431,472,70
TPRB_RX,442,1235825537,473,71
TPRB_RX,443,1251340480,474,72
TPRB_RX,444,1251544692,475,73
TPRB_RX,445,1251740506,476,74
TPRB_RX,446,1251939471,477,75
TPRB_RX,447,1252134585,478,76
TPRB_RX,448,1252333507,479,77
TPRB_RX,449,1268779189,480,78
TPRB_RX,450,1268981668,481,79
TPRB_RX,451,1269180303,482,80
TPRB_RX,452,1269375858,483,81
TPRB_RX,453,1269572718,484,82
TPRB_RX,454,1269769080,485,83
TPRB_RX,455,1270158368,486,84
TPRB_RX,456,1286218490,487,85
TPRB_RX,457,1286430691,488,86
TPRB_RX,458,1286627181,489,87
TPRB_RX,459,1286858276,491,89
TPRB_RX,460,1287055655,492,90
TPRB_RX,461,1287253417,493,91
TPRB_RX,462,1303505265,494,92
TPRB_RX,463,1303711126,495,93
TPRB_RX,464,1304092470,497,95
TPRB_RX,465,1304288905,498,96
TPRB_RX,466,1304484415,499,97
TPRB_RX,467,1304680714,500,98
TPRB_RX,468,1320919952,501,99
TPRB_RX,469,1321122276,502,100
TPRB_RX,470,1321319891,503,101
TPRB_RX,471,1321516623,504,102
TPRB_RX,472,1321712588,505,103
TPRB_RX,473,1321907793,506,104
TPRB_RX,474,1322103241,507,105
TPRB_RX,475,1338344435,508,106
TPRB_RX,476,1338545330,509,107
TPRB_RX,477,1338742320,510,108
TPRB_RX,478,1338941836,511,109
TPRB_RX,479,1339140503,512,110
TPRB_RX,480,1339337238,513,111
TPRB_RX,481,1339538400,514,112
TPRB_RX,482,1355825483,515,113
TPRB_RX,483,1356027733,516,114
TPRB_RX,484,1356225397,517,115
TPRB_RX,485,1356422152,518,116
TPRB_RX,486,1356619851,519,117
TPRB_RX,487,1356819283,520,118
TPRB_RX,488,1373243825,521,119
TPRB_RX,489,1373446370,522,120
TPRB_RX,490,1373642591,523,121
TPRB_RX,491,1374022129,525,123
TPRB_RX,492,1374415611,527,125
TPRB_RX,493,1390659584,528,126
TPRB_RX,494,1390863127,529,127
TPRB_RX,495,1391061070,530,128
TPRB_RX,496,1391257198,531,129
TPRB_RX,497,1391454809,532,130
TPRB_RX,498,1391663648,533,131
TPRB_RX,499,1391860612,534,132
TPRB_RX,500,1408086369,535,133
TPRB_RX,501,1408287576,536,134
TPRB_RX,502,1408483670,537,135
TPRB_RX,503,1408680774,538,136
TPRB_RX,504,1408877720,539,137
TPRB_RX,505,1409075770,541,139
TPRB_RX,506,1425486179,542,140
TPRB_RX,507,1425691305,543,141
TPRB_RX,508,1425886658,544,142
TPRB_RX,509,1426081637,545,143
TPRB_RX,510,1426278816,546,144
TPRB_RX,511,1426477790,547,145
TPRB_RX,512,1426673590,548,146
TPRB_RX,513,1442914303,549,147
TPRB_RX,514,1443115096,550,148
TPRB_RX,515,1443314951,551,149
TPRB_RX,516,1443512470,552,150
TPRB_RX,517,1443709202,553,151
TPRB_RX,518,1443904022,554,152
TPRB_RX,519,1460314621,556,154
TPRB_RX,520,1460515028,557,155
TPRB_RX,521,1460704315,558,156
TPRB_RX,522,1460901929,559,157
TPRB_RX,523,1461099277,560,158
TPRB_RX,524,1461294747,561,159
TPRB_RX,525,1477724906,562,160
TPRB_RX,526,1477937864,563,161
TPRB_RX,527,1478136339,564,162
TPRB_RX,528,1478335280,565,163
TPRB_RX,529,1478545995,567,165
TPRB_RX,530,1478743694,568,166
TPRB_RX,531,1495167936,569,167
TPRB_RX,532,1495379380,571,169
TPRB_RX,533,1495577695,572,170
TPRB_RX,534,1495774528,573,171
TPRB_RX,535,1495969795,574,172
TPRB_RX,536,1496166913,575,173
TPRB_RX,537,1512530631,576,174
TPRB_RX,538,1512745533,577,175
TPRB_RX,539,1513144480,579,177
TPRB_RX,540,1513361984,581,179
TPRB_RX,541,1513559406,582,180
TPRB_RX,542,1529819142,583,181
TPRB_RX,543,1530023089,584,182
TPRB_RX,544,1530219906,585,183
TPRB_RX,545,1530417224,586,184
TPRB_RX,546,1530613807,587,185
TPRB_RX,547,1530810774,588,186
TPRB_RX,548,1531007210,589,187
TPRB_RX,549,1547254182,590,188
TPRB_RX,550,1547455921,591,189
TPRB_RX,551,1547840906,592,190
TPRB_RX,552,1548038339,594,192
TPRB_RX,553,1548238368,595,193
TPRB_RX,554,1564669547,596,194
TPRB_RX,555,1564877054,597,195
TPRB_RX,556,1565073149,598,196
TPRB_RX,557,1565268415,599,197
TPRB_RX,558,1565465006,600,198
TPRB_RX,559,1565661209,601,199
TPRB_RX,560,1565856805,602,200
TPRB_RX,561,1582091677,603,0
TPRB_RX,562,1582293149,604,1
TPRB_RX,563,1582490067,605,2
TPRB_RX,564,1582687795,606,3
TPRB_RX,565,1582885091,607,4
TPRB_RX,566,1583080563,608,5
TPRB_RX,567,1583279479,609,6
TPRB_RX,568,1616866986,610,7
TPRB_RX,569,1617073643,611,8
TPRB_RX,570,1617271204,612,9
TPRB_RX,571,1617468269,613,10
TPRB_RX,572,1617663545,614,11
TPRB_RX,573,1617866027,615,12
TPRB_RX,574,1618073611,616,13
TPRB_RX,575,1618273890,617,14
TPRB_RX,576,1618470909,618,15
TPRB_RX,577,1618666527,619,16
TPRB_RX,578,1618861909,620,17
TPRB_RX,579,1619060554,621,18
TPRB_RX,580,1619256797,622,19
TPRB_RX,581,1619453040,623,20
TPRB_RX,582,1634388805,624,21
TPRB_RX,583,1634591733,625,22
TPRB_RX,584,1634794043,626,23
TPRB_RX,585,1634990275,627,24
TPRB_RX,586,1635185924,628,25
TPRB_RX,587,1635385983,629,26
TPRB_RX,588,1635582438,630,27
TPRB_RX,589,1651822395,631,28
TPRB_RX,590,1652036658,632,29
TPRB_RX,591,1652233545,633,30
TPRB_RX,592,1652433730,634,31
TPRB_RX,593,1652647825,636,33
TPRB_RX,594,1669275408,637,34
TPRB_RX,595,1669491670,638,35
TPRB_RX,596,1669680914,640,37
TPRB_RX,597,1669879940,641,38
TPRB_RX,598,1670083283,642,39
TPRB_RX,599,1670284021,643,40
TPRB_RX,600,1686612702,644,41
TPRB_RX,601,1686825032,645,42
TPRB_RX,602,1687024390,646,43
TPRB_RX,603,1687222761,647,44
TPRB_RX,604,1687426941,648,45
TPRB_RX,605,1687622948,649,46
TPRB_RX,606,1687830626,650,47
TPRB_APPLY,0,32666839,1,1
TPRB_APPLY,1,33009010,2,2
TPRB_APPLY,2,50459731,4,4
TPRB_APPLY,3,50801902,6,6
TPRB_APPLY,4,51486244,8,8
TPRB_APPLY,5,67568782,9,9
TPRB_APPLY,6,67910957,10,10
TPRB_APPLY,7,68252623,12,12
TPRB_APPLY,8,68595763,14,14
TPRB_APPLY,9,68936965,15,15
TPRB_APPLY,10,85019101,16,16
TPRB_APPLY,11,85361508,18,18
TPRB_APPLY,12,85704997,20,20
TPRB_APPLY,13,86045515,22,22
TPRB_APPLY,14,102469723,23,23
TPRB_APPLY,15,102811894,25,25
TPRB_APPLY,16,103154547,27,27
TPRB_APPLY,17,103496236,29,29
TPRB_APPLY,18,119920444,31,31
TPRB_APPLY,19,120262615,32,32
TPRB_APPLY,20,120604786,33,33
TPRB_APPLY,21,137371165,35,35
TPRB_APPLY,22,137713336,37,37
TPRB_APPLY,23,138055507,38,38
TPRB_APPLY,24,138397678,40,40
TPRB_APPLY,25,138739849,42,42
TPRB_APPLY,26,154821886,44,44
TPRB_APPLY,27,155164057,45,45
TPRB_APPLY,28,155506228,47,47
TPRB_APPLY,29,155848399,49,49
TPRB_APPLY,30,171930436,50,50
TPRB_APPLY,31,172272607,52,52
TPRB_APPLY,32,172614778,53,53
TPRB_APPLY,33,172956949,55,55
TPRB_APPLY,34,173299120,56,56
TPRB_APPLY,35,189381157,57,57
TPRB_APPLY,36,189723328,59,59
TPRB_APPLY,37,190065499,60,60
TPRB_APPLY,38,190408172,62,62
TPRB_APPLY,39,190749841,63,63
TPRB_APPLY,40,206832306,64,64
TPRB_APPLY,41,207174691,66,66
TPRB_APPLY,42,207516220,68,68
TPRB_APPLY,43,207859932,69,69
TPRB_APPLY,44,208200562,70,70
TPRB_APPLY,45,224282599,71,71
TPRB_APPLY,46,224624770,72,72
TPRB_APPLY,47,224966941,74,74
TPRB_APPLY,48,225309112,76,76
TPRB_APPLY,49,225651283,77,77
TPRB_APPLY,50,241733320,78,78
TPRB_APPLY,51,242075491,80,80
TPRB_APPLY,52,242417662,82,82
TPRB_APPLY,53,242759833,83,83
TPRB_APPLY,54,259184041,84,84
TPRB_APPLY,55,259526214,86,86
TPRB_APPLY,56,259868573,88,88
TPRB_APPLY,57,260210554,90,90
TPRB_APPLY,58,276634762,91,91
TPRB_APPLY,59,276977424,93,93
TPRB_APPLY,60,277319104,95,95
TPRB_APPLY,61,277661275,97,97
TPRB_APPLY,62,293743312,98,98
TPRB_APPLY,63,294085958,99,99
TPRB_APPLY,64,294427654,101,101
TPRB_APPLY,65,294769825,103,103
TPRB_APPLY,66,295111996,104,104
TPRB_APPLY,67,311194033,105,105
TPRB_APPLY,68,311536204,106,106
TPRB_APPLY,69,311878375,108,108
TPRB_APPLY,70,312220546,110,110
TPRB_APPLY,71,312562717,111,111
TPRB_APPLY,72,328644754,112,112
TPRB_APPLY,73,328986924,113,113
TPRB_APPLY,74,329329095,114,114
TPRB_APPLY,75,329671771,115,115
TPRB_APPLY,76,330013666,117,117
TPRB_APPLY,77,330355608,118,118
TPRB_APPLY,78,346095474,119,119
TPRB_APPLY,79,346438280,121,121
TPRB_APPLY,80,346780297,122,122
TPRB_APPLY,81,347121987,124,124
TPRB_APPLY,82,363546195,125,125
TPRB_APPLY,83,363888366,127,127
TPRB_APPLY,84,364231015,128,128
TPRB_APPLY,85,364572708,130,130
TPRB_APPLY,86,364914879,131,131
TPRB_APPLY,87,380996916,132,132
TPRB_APPLY,88,381339087,134,134
TPRB_APPLY,89,381681417,135,135
TPRB_APPLY,90,382023937,137,137
TPRB_APPLY,91,382365600,138,138
TPRB_APPLY,92,398447637,139,139
TPRB_APPLY,93,398789808,142,142
TPRB_APPLY,94,399131979,144,144
TPRB_APPLY,95,399474150,145,145
TPRB_APPLY,96,415898358,147,147
TPRB_APPLY,97,416240529,149,149
TPRB_APPLY,98,416582700,151,151
TPRB_APPLY,99,416924871,152,152
TPRB_APPLY,100,433349527,154,154
TPRB_APPLY,101,433691583,156,156
TPRB_APPLY,102,434033421,158,158
TPRB_APPLY,103,450800250,160,160
TPRB_APPLY,104,451142472,162,162
TPRB_APPLY,105,451484334,164,164
TPRB_APPLY,106,451826313,165,165
TPRB_APPLY,107,467908350,166,166
TPRB_APPLY,108,468250521,167,167
TPRB_APPLY,109,468592692,169,169
TPRB_APPLY,110,468934922,171,171
TPRB_APPLY,111,469277034,172,172
TPRB_APPLY,112,485359071,173,173
TPRB_APPLY,113,485701242,174,174
TPRB_APPLY,114,486043413,176,176
TPRB_APPLY,115,486385584,178,178
TPRB_APPLY,116,486727755,179,179
TPRB_APPLY,117,502809792,180,180
TPRB_APPLY,118,520260513,181,181
TPRB_APPLY,119,520602684,183,183
TPRB_APPLY,120,520944855,184,184
TPRB_APPLY,121,521287026,186,186
TPRB_APPLY,122,521629226,188,188
TPRB_APPLY,123,521971368,190,190
TPRB_APPLY,124,522313539,192,192
TPRB_APPLY,125,522655710,193,193
TPRB_APPLY,126,537711699,194,194
TPRB_APPLY,127,538053826,195,195
TPRB_APPLY,128,538395576,198,198
TPRB_APPLY,129,538737747,199,199
TPRB_APPLY,130,539079918,200,200
TPRB_APPLY,131,555161955,201,0
TPRB_APPLY,132,555504239,202,1
TPRB_APPLY,133,555846486,205,4
TPRB_APPLY,134,556188960,206,5
TPRB_APPLY,135,572612676,208,7
TPRB_APPLY,136,572954847,210,9
TPRB_APPLY,137,573639497,212,11
TPRB_APPLY,138,573981360,213,12
TPRB_APPLY,139,590063885,215,14
TPRB_APPLY,140,590405568,216,15
TPRB_APPLY,141,590747739,217,16
TPRB_APPLY,142,591089910,218,17
TPRB_APPLY,143,591432081,220,19
TPRB_APPLY,144,607514118,221,20
TPRB_APPLY,145,607856289,223,22
TPRB_APPLY,146,608198460,225,24
TPRB_APPLY,147,608540631,226,25
TPRB_APPLY,148,608882802,227,26
TPRB_APPLY,149,624964839,229,28
TPRB_APPLY,150,625649181,232,31
TPRB_APPLY,151,625991352,233,32
TPRB_APPLY,152,642073389,235,34
TPRB_APPLY,153,642415560,236,35
TPRB_APPLY,154,642758073,237,36
TPRB_APPLY,155,643100245,239,38
TPRB_APPLY,156,643442073,240,39
TPRB_APPLY,157,659524110,241,40
TPRB_APPLY,158,659866281,242,41
TPRB_APPLY,159,660208452,244,43
TPRB_APPLY,160,660551050,245,44
TPRB_APPLY,161,660892794,247,46
TPRB_APPLY,162,676974830,248,47
TPRB_APPLY,163,677317278,249,48
TPRB_APPLY,164,677659172,251,50
TPRB_APPLY,165,678001343,253,52
TPRB_APPLY,166,678343514,254,53
TPRB_APPLY,167,694425551,255,54
TPRB_APPLY,168,694767722,256,55
TPRB_APPLY,169,695109893,257,56
TPRB_APPLY,170,695452114,259,58
TPRB_APPLY,171,695794235,261,60
TPRB_APPLY,172,711876271,263,62
TPRB_APPLY,173,712218442,264,63
TPRB_APPLY,174,712560613,266,65
TPRB_APPLY,175,712902784,268,67
TPRB_APPLY,176,729327298,270,69
TPRB_APPLY,177,729669163,272,71
TPRB_APPLY,178,730011334,273,72
TPRB_APPLY,179,730353505,275,74
TPRB_APPLY,180,746778021,277,76
TPRB_APPLY,181,747119884,279,78
TPRB_APPLY,182,747462055,281,80
TPRB_APPLY,183,763886263,282,81
TPRB_APPLY,184,764228818,283,82
TPRB_APPLY,185,764570605,285,84
TPRB_APPLY,186,764912776,287,86
TPRB_APPLY,187,765254947,288,87
TPRB_APPLY,188,781336984,289,88
TPRB_APPLY,189,781679155,290,89
TPRB_APPLY,190,782021326,292,91
TPRB_APPLY,191,782363497,294,93
TPRB_APPLY,192,782705668,295,94
TPRB_APPLY,193,798787705,296,95
TPRB_APPLY,194,799129876,297,96
TPRB_APPLY,195,799472047,299,98
TPRB_APPLY,196,799814218,301,100
TPRB_APPLY,197,800156389,302,101
TPRB_APPLY,198,816240025,303,102
TPRB_APPLY,199,816580597,305,104
TPRB_APPLY,200,816922768,307,106
TPRB_APPLY,201,817264939,308,107
TPRB_APPLY,202,817607110,309,108
TPRB_APPLY,203,833689147,310,109
TPRB_APPLY,204,834031318,312,111
TPRB_APPLY,205,834373489,314,113
TPRB_APPLY,206,851139868,316,115
TPRB_APPLY,207,851482515,317,116
TPRB_APPLY,208,851824210,319,118
TPRB_APPLY,209,852166381,321,120
TPRB_APPLY,210,852508552,322,121
TPRB_APPLY,211,868590589,324,123
TPRB_APPLY,212,868932760,325,124
TPRB_APPLY,213,869274931,327,126
TPRB_APPLY,214,869617102,329,128
TPRB_APPLY,215,886042229,331,130
TPRB_APPLY,216,886383928,332,131
TPRB_APPLY,217,886727329,335,134
TPRB_APPLY,218,887067823,336,135
TPRB_APPLY,219,903492031,338,137
TPRB_APPLY,220,903834202,340,139
TPRB_APPLY,221,904176373,341,140
TPRB_APPLY,222,904518731,342,141
TPRB_APPLY,223,904860715,343,142
TPRB_APPLY,224,920942752,345,144
TPRB_APPLY,225,921284923,347,146
TPRB_APPLY,226,921627094,349,148
TPRB_APPLY,227,938051302,351,150
TPRB_APPLY,228,938393473,353,152
TPRB_APPLY,229,938735644,355,154
TPRB_APPLY,230,939077815,356,155
TPRB_APPLY,231,955502023,358,157
TPRB_APPLY,232,955844195,360,159
TPRB_APPLY,233,956186365,362,161
TPRB_APPLY,234,972952744,364,163
TPRB_APPLY,235,973294915,366,165
TPRB_APPLY,236,973637086,367,166
TPRB_APPLY,237,973979257,369,168
TPRB_APPLY,238,974321428,370,169
TPRB_APPLY,239,990403465,372,171
TPRB_APPLY,240,990746114,373,172
TPRB_APPLY,241,991087807,374,173
TPRB_APPLY,242,991429977,376,175
TPRB_APPLY,243,1007854185,378,177
TPRB_APPLY,244,1008196356,381,180
TPRB_APPLY,245,1008880698,383,182
TPRB_APPLY,246,1009222869,384,183
TPRB_APPLY,247,1025304906,385,184
TPRB_APPLY,248,1025647077,388,187
TPRB_APPLY,249,1025989248,390,189
TPRB_APPLY,250,1026331419,391,190
TPRB_APPLY,251,1042413456,392,191
TPRB_APPLY,252,1042755915,393,192
TPRB_APPLY,253,1043097798,395,194
TPRB_APPLY,254,1043439969,396,195
TPRB_APPLY,255,1043782660,397,196
TPRB_APPLY,256,1044124311,398,197
TPRB_APPLY,257,1060206683,400,199
TPRB_APPLY,258,1060548745,402,0
TPRB_APPLY,259,1060890690,404,2
TPRB_APPLY,260,1077314898,405,3
TPRB_APPLY,261,1077999240,408,6
TPRB_APPLY,262,1078341411,410,8
TPRB_APPLY,263,1078683582,411,9
TPRB_APPLY,264,1094767607,412,10
TPRB_APPLY,265,1095108129,413,11
TPRB_APPLY,266,1095449961,415,13
TPRB_APPLY,267,1095792132,417,15
TPRB_APPLY,268,1096134303,418,16
TPRB_APPLY,269,1112216340,419,17
TPRB_APPLY,270,1112558511,421,19
TPRB_APPLY,271,1112900682,422,20
TPRB_APPLY,272,1113242853,423,21
TPRB_APPLY,273,1113585024,425,23
TPRB_APPLY,274,1129668217,426,24
TPRB_APPLY,275,1130009231,429,27
TPRB_APPLY,276,1130351404,431,29
TPRB_APPLY,277,1130693573,432,30
TPRB_APPLY,278,1147118281,433,31
TPRB_APPLY,279,1147459952,435,33
TPRB_APPLY,280,1147802123,436,34
TPRB_APPLY,281,1148144575,437,35
TPRB_APPLY,282,1148486465,438,36
TPRB_APPLY,283,1164568982,439,37
TPRB_APPLY,284,1164911178,441,39
TPRB_APPLY,285,1165253866,443,41
TPRB_APPLY,286,1165937186,445,43
TPRB_APPLY,287,1182019223,447,45
TPRB_APPLY,288,1182361394,448,46
TPRB_APPLY,289,1182703778,449,47
TPRB_APPLY,290,1183046218,451,49
TPRB_APPLY,291,1183387907,452,50
TPRB_APPLY,292,1199469944,454,52
TPRB_APPLY,293,1199812115,457,55
TPRB_APPLY,294,1200154790,458,56
TPRB_APPLY,295,1200496457,459,57
TPRB_APPLY,296,1216578530,460,58
TPRB_APPLY,297,1216920665,462,60
TPRB_APPLY,298,1234029215,463,61
TPRB_APPLY,299,1234371386,464,62
TPRB_APPLY,300,1234713557,467,65
TPRB_APPLY,301,1235055728,469,67
TPRB_APPLY,302,1235397899,470,68
TPRB_APPLY,303,1235741069,472,70
TPRB_APPLY,304,1236082241,473,71
TPRB_APPLY,305,1251480437,474,72
TPRB_APPLY,306,1251822603,476,74
TPRB_APPLY,307,1252164278,478,76
TPRB_APPLY,308,1252506449,479,77
TPRB_APPLY,309,1268931157,480,78
TPRB_APPLY,310,1269272828,482,80
TPRB_APPLY,311,1269614999,484,82
TPRB_APPLY,312,1269957170,485,83
TPRB_APPLY,313,1270299341,486,84
TPRB_APPLY,314,1286381860,487,85
TPRB_APPLY,315,1286723549,489,87
TPRB_APPLY,316,1287065720,492,90
TPRB_APPLY,317,1287407891,493,91
TPRB_APPLY,318,1303832098,495,93
TPRB_APPLY,319,1304174269,497,95
TPRB_APPLY,320,1304516440,499,97
TPRB_APPLY,321,1304858611,500,98
TPRB_APPLY,322,1320940648,501,99
TPRB_APPLY,323,1321283001,502,100
TPRB_APPLY,324,1321625060,504,102
TPRB_APPLY,325,1321967161,506,104
TPRB_APPLY,326,1322309332,507,105
TPRB_APPLY,327,1338391369,508,106
TPRB_APPLY,328,1338733540,509,107
TPRB_APPLY,329,1339076215,511,109
TPRB_APPLY,330,1339418360,513,111
TPRB_APPLY,331,1339760053,514,112
TPRB_APPLY,332,1355842090,515,113
TPRB_APPLY,333,1356184261,516,114
TPRB_APPLY,334,1356526917,518,116
TPRB_APPLY,335,1356868603,520,118
TPRB_APPLY,336,1373292811,521,119
TPRB_APPLY,337,1373634982,522,120
TPRB_APPLY,338,1373977153,523,121
TPRB_APPLY,339,1374319327,525,123
TPRB_APPLY,340,1374661495,527,125
TPRB_APPLY,341,1390743532,528,126
TPRB_APPLY,342,1391085703,530,128
TPRB_APPLY,343,1391428080,531,129
TPRB_APPLY,344,1391770045,533,131
TPRB_APPLY,345,1392112216,534,132
TPRB_APPLY,346,1408194674,535,133
TPRB_APPLY,347,1408536424,537,135
TPRB_APPLY,348,1408881458,539,137
TPRB_APPLY,349,1409220766,541,139
TPRB_APPLY,350,1425644974,542,140
TPRB_APPLY,351,1425987145,544,142
TPRB_APPLY,352,1426329316,546,144
TPRB_APPLY,353,1426672900,547,145
TPRB_APPLY,354,1427013658,548,146
TPRB_APPLY,355,1443095695,549,147
TPRB_APPLY,356,1443438208,551,149
TPRB_APPLY,357,1443780037,553,151
TPRB_APPLY,358,1444122208,554,152
TPRB_APPLY,359,1460546416,557,155
TPRB_APPLY,360,1460888812,558,156
TPRB_APPLY,361,1461230758,560,158
TPRB_APPLY,362,1461572929,561,159
TPRB_APPLY,363,1477997137,563,161
TPRB_APPLY,364,1478339308,565,163
TPRB_APPLY,365,1478681479,567,165
TPRB_APPLY,366,1479023650,568,166
TPRB_APPLY,367,1495447858,571,169
TPRB_APPLY,368,1495790029,573,171
TPRB_APPLY,369,1496132200,574,172
TPRB_APPLY,370,1496474371,575,173
TPRB_APPLY,371,1512556408,576,174
TPRB_APPLY,372,1512898579,577,175
TPRB_APPLY,373,1513240750,579,177
TPRB_APPLY,374,1513582921,582,180
TPRB_APPLY,375,1530007129,583,181
TPRB_APPLY,376,1530350220,585,183
TPRB_APPLY,377,1530691471,587,185
TPRB_APPLY,378,1531033642,589,187
TPRB_APPLY,379,1547458056,591,189
TPRB_APPLY,380,1548142192,594,192
TPRB_APPLY,381,1548484363,595,193
TPRB_APPLY,382,1564908571,597,195
TPRB_APPLY,383,1565250742,598,196
TPRB_APPLY,384,1565592913,600,198
TPRB_APPLY,385,1565935084,602,200
TPRB_APPLY,386,1582359292,604,1
TPRB_APPLY,387,1582701463,606,3
TPRB_APPLY,388,1583043659,607,4
TPRB_APPLY,389,1583385805,609,6
TPRB_APPLY,390,1616918563,610,7
TPRB_APPLY,391,1617260734,611,8
TPRB_APPLY,392,1617602905,613,10
TPRB_APPLY,393,1617945076,615,12
TPRB_APPLY,394,1618287247,617,14
TPRB_APPLY,395,1618629738,618,15
TPRB_APPLY,396,1618971589,620,17
TPRB_APPLY,397,1619314679,622,19
TPRB_APPLY,398,1619655931,623,20
TPRB_APPLY,399,1634711797,625,22
TPRB_APPLY,400,1635053626,627,24
TPRB_APPLY,401,1635395797,629,26
TPRB_APPLY,402,1635737968,630,27
TPRB_APPLY,403,1652162676,632,29
TPRB_APPLY,404,1652504347,634,31
TPRB_APPLY,405,1652846518,636,33
TPRB_APPLY,406,1669613380,638,35
TPRB_APPLY,407,1669955070,641,38
TPRB_APPLY,408,1670297239,643,40
TPRB_APPLY,409,1686721918,644,41
TPRB_APPLY,410,1687063618,646,43
TPRB_APPLY,411,1687405789,647,44
TPRB_APPLY,412,1687747961,649,46
TPRB_APPLY,413,1688090131,650,47
TPRB_END,rx=607,apply=414,filtered=0,rx_overflow=0,apply_overflow=0,apply_race=0
TPRB_STATS,frame=607,valid=607,checksum_error=0,irq=44942,rxirq=43704,byte=43704
TPRB_STATS_ERR,pe=0,fe=0,ne=0,ore=0
[0mBatt=23.5 [0mODOM [31mVisionX  +0.00 Y  +0.00 theta   +0.0 elt    0 [0mimu  -1.0 Dt   82 LtCy   41  nteg.govd   -0.00   -0.01 integ.vbp -0.00 -0.00 omni.gos X     +0.0 ,Y     -0.0. omgD -0.002 omg  +0.00 l[0mBatt=23.5 [0mODOM [31mVisionX  +0.00 Y  +0.00 theta   +0.0 elt    0 [0mimu  -1.0 Dt    2 LtCy    1 integ.govd   -0.00   -0.00 integ.vbp -0.00 -0.00 omni.gos X     -0.0 ,Y     -0.1. omgD -0.011 omg  +0.00 loop   4777
[0mBatt=23.5 [0mODOM [31mVisionX  +0.00 Y  +0.00 theta   +0.0 elt    0 [0mimu  -1.0 Dt   18 LtCy    9 integ.govd   -0.00   -0.00 integ.vbp -0.00 -0.00 omni.gos X     +0.0 ,Y     -0.0. omgD -0.002 omg  +0.00 loop   4980
[0mBatt=23.5 [0mODOM [31mVisionX  +0.00 Y  +0.00 theta   +0.0 elt    0 [0mimu  -1.0 Dt   34 LtCy   17 integ.govd   -0.00   -0.00 integ.vbp -0.00 -0.00 omni.gos X     +0.0 ,Y     -0.0. omgD -0.002 omg  +0.00 loop   4981
[0mBatt=23.5 [0mODOM [31mVisionX  +0.00 Y  +0.00 theta   +0.0 elt    0 [0mimu  -1.0 Dt   50 LtCy   25 integ.govd   -0.00   -0.00 integ.vbp -0.00 -0.00 omni.gos X     +0.0 ,Y     +0.0. omgD +0.002 omg  +0.00 loop   4990
[0mBatt=23.5 [0mODOM [31mVisionX  +0.00 Y  +0.00 theta   +0.0 elt    0 [0mimu  -1.0 Dt   66 LtCy   33 integ.govd   -0.00   -0.00 integ.vbp -0.00 -0.00 omni.gos X     +0.0 ,Y     -0.1. omgD -0.007 omg  +0.00 loop   4985
[0mBatt=23.5 [0mODOM [31mVisionX  +0.00 Y  +0.00 theta   +0.0 elt    0 [0mimu  -1.0 Dt   82 LtCy   41 integ.govd   -0.00   -0.00 integ.vbp -0.00 -0.00 omni.gos X     +0.0 ,Y     -0.1. omgD -0.007 omg  +0.00 loop   4961
[0mBatt=23.5 [0mODOM [31mVisionX  +0.00 Y  +0.00 theta   +0.0 elt    0 [0mimu  -1.0 Dt   98 LtCy   49 integ.govd   -0.00   -0.00 integ.vbp -0.00 -0.00 omni.gos X     -0.0 ,Y     -0.1. omgD -0.007 omg  +0.00 loop   4981
[0mBatt=23.5 [0mODOM [31mVisionX  +0.00 Y  +0.00 theta   +0.0 elt    0 [0mimu  -1.0 Dt  114 LtCy   57 integ.govd   -0.00   -0.00 integ.vbp -0.00 -0.00 omni.gos X     +0.0 ,Y     +0.1. omgD +0.006 omg  +0.00 loop   4971
[0mBatt=23.5 [0mODOM [31mVisionX  +0.00 Y  +0.00 theta   +0.0 elt    0 [0mimu  -1.0 Dt  130 LtCy   65 integ.govd   -0.00   -0.00 integ.vbp -0.00 -0.00 omni.gos X     +0.0 ,Y     +0.0. omgD +0.002 omg  +0.00 loop   4934
[0mBatt=23.5 [0mODOM [31mVisionX  +0.00 Y  +0.00 theta   +0.0 elt    0 [0mimu  -1.0 Dt  146 LtCy   73 integ.govd   -0.00   -0.00 integ.vbp -0.00 -0.00 omni.gos X     +0.0 ,Y     +0.0. omgD +0.002 omg  +0.00 loop   4965
[0mBatt=23.5 [0mODOM [31mVisionX  +0.00 Y  +0.00 theta   +0.0 elt    0 [0mimu  -1.0 Dt  162 LtCy   81 integ.govd   -0.00   -0.00 integ.vbp -0.00 -0.00 omni.gos X     +0.0 ,Y     -0.0. omgD -0.002 omg  +0.00 loop   4964
[0mBatt=23.5 [0mODOM [31mVisionX  +0.00 Y  +0.00 theta   +0.0 elt    0 [0mimu  -1.0 Dt  178 LtCy   89 integ.govd   -0.00   -0.01 integ.vbp -0.00 -0.00 omni.gos X     +0.0 ,Y     -0.3. omgD -0.019 omg  +0.00 loop   4929
[0mBatt=23.5 [0mODOM [31mVisionX  +0.00 Y  +0.00 theta   +0.0 elt    0 [0mimu  -1.0 Dt  194 LtCy   97 integ.govd   -0.00   -0.01 integ.vbp -0.00 -0.00 omni.gos X     +0.0 ,Y     -0.1. omgD -0.007 omg  +0.00 loop   4943
[0mBatt=23.5 [0mODOM [31mVisionX  +0.00 Y  +0.00 theta   +0.0 elt    0 [0mimu  -1.0 Dt  210 LtCy  105 integ.govd   -0.00   -0.01 integ.vbp -0.00 -0.00 omni.gos X     +0.0 ,Y     -0.1. omgD -0.007 omg  +0.00 loop   4953
[0mBatt=23.5 [0mODOM [31mVisionX  +0.00 Y  +0.00 theta   +0.0 elt    0 [0mimu  -1.0 Dt  226 LtCy  113 integ.govd   -0.00   -0.01 integ.vbp -0.00 -0.00 omni.gos X     -0.0 ,Y     -0.1. omgD -0.007 omg  +0.00 loop   4921
[0mBatt=23.5 [0mODOM [31mVisionX  +0.00 Y  +0.00 theta   +0.0 elt    0 [0mimu  -1.0 Dt  242 LtCy  121 integ.govd   -0.00   -0.01 integ.vbp -0.00 -0.00 omni.gos X     +0.0 ,Y     -0.1. omgD -0.007 omg  +0.00 loop   4915
[0mBatt=23.5 [0m[33mODOM [31mVisionX  +0.00 Y  +0.00 theta   +0.0 elt    0 [0mimu  -1.0 Dt  258 LtCy  129 integ.govd   -0.00   -0.01 integ.vbp -0.00 -0.00 omni.gos X     +0.0 ,Y     -0.0. omgD -0.002 omg  +0.00 loop   4925
[0mBatt=23.5 [0m[33mODOM [31mVisionX  +0.00 Y  +0.00 theta   +0.0 elt    0 [0mimu  -1.0 Dt  274 LtCy  137 integ.govd   -0.00   -0.01 integ.vbp -0.00 -0.00 omni.gos X     +0.0 ,Y     +0.0. omgD +0.002 omg  +0.00 loop   4901
[0mBatt=23.5 [0m[33mODOM [31mVisionX  +0.00 Y  +0.00 theta   +0.0 elt    0 [0mimu  -1.0 Dt  290 LtCy  145 integ.govd   -0.00   -0.01 integ.vbp -0.00 -0.00 omni.gos X     +0.0 ,Y     -0.0. omgD -0.002 omg  +0.00 loop   4872
[0mBatt=23.5 [0m[33mODOM [31mVisionX  +0.00 Y  +0.00 theta   +0.0 elt    0 [0mimu  -1.0 Dt  306 LtCy  153 integ.govd   -0.00   -0.01 integ.vbp -0.00 -0.00 omni.gos X     +0.0 ,Y     -0.1. omgD -0.007 omg  +0.00 loop   4893
[0mBatt=23.5 [0m[33mODOM [31mVisionX  +0.00 Y  +0.00 theta   +0.0 elt    0 [0mimu  -1.0 Dt  322 LtCy  161 integ.govd   -0.00   -0.01 integ.vbp -0.00 -0.00 omni.gos X     +0.0 ,Y     +0.0. omgD +0.002 omg  +0.00 loop   4897
[0mBatt=23.5 [0m[33mODOM [31mVisionX  +0.00 Y  +0.00 theta   +0.0 elt    0 [0mimu  -1.0 Dt  338 LtCy  169 integ.govd   -0.00   -0.01 integ.vbp -0.00 -0.00 omni.gos X     +0.0 ,Y     -0.0. omgD -0.002 omg  +0.00 loop   4853
[0mBatt=23.5 [0m[33mODOM [31mVisionX  +0.00 Y  +0.00 theta   +0.0 elt    0 [0mimu  -1.0 Dt  354 LtCy  177 integ.govd   -0.00   -0.02 integ.vbp -0.00 -0.00 omni.gos X     -0.0 ,Y     -0.0. omgD -0.002 omg  +0.00 loop   4878
[0mBatt=23.5 [0m[33mODOM [31mVisionX  +0.00 Y  +0.00 theta   +0.0 elt    0 [0mimu  -1.0 Dt  370 LtCy  185 integ.govd   -0.00   -0.02 integ.vbp -0.00 -0.00 omni.gos X     +0.0 ,Y     -0.0. omgD -0.002 omg  +0.00 loop   4871
[0mBatt=23.5 [0m[33mODOM [31mVisionX  +0.00 Y  +0.00 theta   +0.0 elt    0 [0mimu  -1.0 Dt  386 LtCy  193 integ.govd   -0.00   -0.02 integ.vbp -0.00 -0.00 omni.gos X     -0.0 ,Y     -0.1. omgD -0.007 omg  +0.00 loop   4856
[0mBatt=23.5 [0m[33mODOM [31mVisionX  +0.00 Y  +0.00 theta   +0.0 elt    0 [0mimu  -1.0 Dt  402 LtCy  201 integ.govd   -0.00   -0.02 integ.vbp -0.00 -0.00 omni.gos X     +0.0 ,Y     -0.0. omgD -0.002 omg  +0.00 loop   4848
[0mBatt=23.5 [0m[33mODOM [31mVisionX  +0.00 Y  +0.00 theta   +0.0 elt    0 [0mimu  -1.0 Dt  418 LtCy  209 integ.govd   -0.00   -0.02 integ.vbp -0.00 -0.00 omni.gos X     +0.0 ,Y     -0.1. omgD -0.007 omg  +0.00 loop   4861
[0mBatt=23.5 [0m[33mODOM [31mVisionX  +0.00 Y  +0.00 theta   +0.0 elt    0 [0mimu  -1.0 Dt  434 LtCy  217 integ.govd   -0.00   -0.02 integ.vbp -0.00 -0.00 omni.gos X     +0.0 ,Y     -0.0. omgD -0.002 omg  +0.00 loop   4841
[0mBatt=23.5 [0m[33mODOM [31mVisionX  +0.00 Y  +0.00 theta   +0.0 elt    0 [0mimu  -1.0 Dt  450 LtCy  225 integ.govd   -0.00   -0.02 integ.vbp -0.00 -0.00 omni.gos X     -0.0 ,Y     -0.1. omgD -0.011 omg  +0.00 loop   4836
[0mBatt=23.5 [0m[33mODOM [31mVisionX  +0.00 Y  +0.00 theta   +0.0 elt    0 [0mimu  -1.0 Dt  466 LtCy  233 integ.govd   -0.00   -0.03 integ.vbp -0.00 -0.00 omni.gos X     +0.0 ,Y     -0.1. omgD -0.011 omg  +0.00 loop   4840
[0mBatt=23.5 [0m[33mODOM [31mVisionX  +0.00 Y  +0.00 theta   +0.0 elt    0 [0mimu  -1.0 Dt  482 LtCy  241 integ.govd   -0.00   -0.03 integ.vbp -0.00 -0.00 omni.gos X     +0.0 ,Y     -0.0. omgD -0.002 omg  +0.00 loop   4839
[0mBatt=23.5 [0m[33mODOM [31mVisionX  +0.00 Y  +0.00 theta   +0.0 elt    0 [0mimu  -1.0 Dt  498 LtCy  249 integ.govd   -0.00   -0.03 integ.vbp -0.00 -0.00 omni.gos X     +0.0 ,Y     -0.1. omgD -0.011 omg  +0.00 loop   4807
[0mBatt=23.5 [0m[33mODOM [31mVisionX  +0.00 Y  +0.00 theta   +0.0 elt    0 [0mimu  -1.0 Dt  514 LtCy  257 integ.govd   -0.00   -0.03 integ.vbp -0.00 -0.00 omni.gos X     +0.0 ,Y     +0.0. omgD +0.002 omg  +0.00 loop   4834
[0mBatt=23.5 [0m[33mODOM [31mVisionX  +0.00 Y  +0.00 theta   +0.0 elt    0 [0mimu  -1.0 Dt  530 LtCy  265 integ.govd   -0.00   -0.03 integ.vbp -0.00 -0.00 omni.gos X     +0.0 ,Y     -0.1. omgD -0.007 omg  +0.00 loop   4831
[0mBatt=23.5 [0m[33mODOM [31mVisionX  +0.00 Y  +0.00 theta   +0.0 elt    0 [0mimu  -1.0 Dt  546 LtCy  273 integ.govd   -0.00   -0.03 integ.vbp -0.00 -0.00 omni.gos X     -0.0 ,Y     -0.1. omgD -0.011 omg  +0.00 loop   4797
[0mBatt=23.5 [0m[33mODOM [31mVisionX  +0.00 Y  +0.00 theta   +0.0 elt    0 [0mimu  -1.0 Dt  562 LtCy  281 integ.govd   -0.00   -0.03 integ.vbp -0.00 -0.00 omni.gos X     -0.0 ,Y     -0.1. omgD -0.011 omg  +0.00 loop   4807
[0mBatt=23.5 [0m[33mODOM [31mVisionX  +0.00 Y  +0.00 theta   +0.0 elt    0 [0mimu  -1.0 Dt  578 LtCy  289 integ.govd   -0.00   -0.03 integ.vbp -0.00 -0.00 omni.gos X     +0.0 ,Y     +0.0. omgD +0.002 omg  +0.00 loop   4798
[0mBatt=23.5 [0m[33mODOM [31mVisionX  +0.00 Y  +0.00 theta   +0.0 elt    0 [0mimu  -1.0 Dt  594 LtCy  297 integ.govd   -0.00   -0.03 integ.vbp -0.00 -0.00 omni.gos X     +0.0 ,Y     +0.0. omgD +0.002 omg  +0.00 loop   4796
[0mBatt=23.5 [0m[33mODOM [31mVisionX  +0.00 Y  +0.00 theta   +0.0 elt    0 [0mimu  -1.0 Dt  610 LtCy  305 integ.govd   -0.00   -0.04 integ.vbp -0.00 -0.00 omni.gos X     +0.0 ,Y     -0.1. omgD -0.007 omg  +0.00 loop   4788
[0mBatt=23.5 [0m[33mODOM [31mVisionX  +0.00 Y  +0.00 theta   +0.0 elt    0 [0mimu  -1.0 Dt  626 LtCy  313 integ.govd   -0.00   -0.04 integ.vbp -0.00 -0.00 omni.gos X     +0.0 ,Y     -0.1. omgD -0.007 omg  +0.00 loop   4794
[0mBatt=23.5 [0m[33mODOM [31mVisionX  +0.00 Y  +0.00 theta   +0.0 elt    0 [0mimu  -1.0 Dt  642 LtCy  321 integ.govd   -0.00   -0.04 integ.vbp -0.00 -0.00 omni.gos X     +0.0 ,Y     -0.1. omgD -0.007 omg  +0.00 loop   4793
[0mBatt=23.5 [0m[33mODOM [31mVisionX  +0.00 Y  +0.00 theta   +0.0 elt    0 [0mimu  -1.0 Dt  658 LtCy  329 integ.govd   -0.00   -0.04 integ.vbp -0.00 -0.00 omni.gos X     +0.0 ,Y     -0.1. omgD -0.007 omg  +0.00 loop   4762
[0mBatt=23.5 [0m[33mODOM [31mVisionX  +0.00 Y  +0.00 theta   +0.0 elt    0 [0mimu  -1.0 Dt  674 LtCy  337 integ.govd   -0.00   -0.04 integ.vbp -0.00 -0.00 omni.gos X     +0.0 ,Y     -0.0. omgD -0.002 omg  +0.00 loop   4793
[0mBatt=23.5 [0m[33mODOM [31mVisionX  +0.00 Y  +0.00 theta   +0.0 elt    0 [0mimu  -1.0 Dt  690 LtCy  345 integ.govd   -0.00   -0.04 integ.vbp -0.00 -0.00 omni.gos X     +0.0 ,Y     -0.1. omgD -0.007 omg  +0.00 loop   4777
[0mBatt=23.5 [0m[33mODOM [31mVisionX  +0.00 Y  +0.00 theta   +0.0 elt    0 [0mimu  -1.0 Dt  706 LtCy  353 integ.govd   -0.00   -0.04 integ.vbp -0.00 -0.00 omni.gos X     +0.0 ,Y     -0.0. omgD -0.002 omg  +0.00 loop   4742
[0mBatt=23.5 [0m[33mODOM [31mVisionX  +0.00 Y  +0.00 theta   +0.0 elt    0 [0mimu  -1.0 Dt  722 LtCy  361 integ.govd   -0.00   -0.04 integ.vbp -0.00 -0.00 omni.gos X     +0.0 ,Y     -0.0. omgD -0.002 omg  +0.00 loop   4767
[0mBatt=23.5 [0m[33mODOM [31mVisionX  +0.00 Y  +0.00 theta   +0.0 elt    0 [0mimu  -1.0 Dt  738 LtCy  369 integ.govd   -0.00   -0.04 integ.vbp -0.00 -0.00 omni.gos X     +0.0 ,Y     -0.2. omgD -0.015 omg  +0.00 loop   4769
[0mBatt=23.5 [0m[33mODOM [31mVisionX  +0.00 Y  +0.00 theta   +0.0 elt    0 [0mimu  -1.0 Dt  754 LtCy  377 integ.govd   -0.00   -0.04 integ.vbp -0.00 -0.00 omni.gos X     +0.0 ,Y     -0.0. omgD -0.000 omg  +0.00 loop   4736
[0mBatt=23.5 [0m[33mODOM [31mVisionX  +0.00 Y  +0.00 theta   +0.0 elt    0 [0mimu  -1.0 Dt  770 LtCy  385 integ.govd   -0.00   -0.04 integ.vbp -0.00 -0.00 omni.gos X     +0.0 ,Y     -0.0. omgD -0.000 omg  +0.00 loop   4745
[0mBatt=23.5 [0m[33mODOM [31mVisionX  +0.00 Y  +0.00 theta   +0.0 elt    0 [0mimu  -1.0 Dt  786 LtCy  393 integ.govd   -0.00   -0.05 integ.vbp -0.00 -0.00 omni.gos X     +0.0 ,Y     -0.1. omgD -0.005 omg  +0.00 loop   4754
[0mBatt=23.5 [0m[33mODOM [31mVisionX  +0.00 Y  +0.00 theta   +0.0 elt    0 [0mimu  -1.0 Dt  802 LtCy  401 integ.govd   -0.00   -0.05 integ.vbp -0.00 -0.00 omni.gos X     +0.0 ,Y     -0.0. omgD -0.002 omg  +0.00 loop   4729
[0mBatt=23.5 [0m[33mODOM [31mVisionX  +0.00 Y  +0.00 theta   +0.0 elt    0 [0mimu  -1.0 Dt  818 LtCy  409 integ.govd   -0.00   -0.05 integ.vbp -0.00 -0.00 omni.gos X     -0.0 ,Y     -0.1. omgD -0.007 omg  +0.00 loop   4723
[0mBatt=23.5 [0m[33mODOM [31mVisionX  +0.00 Y  +0.00 theta   +0.0 elt    0 [0mimu  -1.0 Dt  834 LtCy  417 integ.govd   -0.00   -0.05 integ.vbp -0.00 -0.00 omni.gos X     +0.0 ,Y     -0.0. omgD -0.002 omg  +0.00 loop   4731
[0mBatt=23.5 [0m[33mODOM [31mVisionX  +0.00 Y  +0.00 theta   +0.0 elt    0 [0mimu  -1.0 Dt  850 LtCy  425 integ.govd   -0.00   -0.05 integ.vbp -0.00 -0.00 omni.gos X     +0.0 ,Y     -0.0. omgD -0.002 omg  +0.00 loop   4729
[0mBatt=23.5 [0m[33mODOM [31mVisionX  +0.00 Y  +0.00 theta   +0.0 elt    0 [0mimu  -1.0 Dt  866 LtCy  433 integ.govd   -0.00   -0.05 integ.vbp -0.00 -0.00 omni.gos X     +0.0 ,Y     -0.0. omgD -0.002 omg  +0.00 loop   4697
[0mBatt=23.5 [0m[33mODOM [31mVisionX  +0.00 Y  +0.00 theta   +0.0 elt    0 [0mimu  -1.0 Dt  882 LtCy  441 integ.govd   -0.00   -0.05 integ.vbp -0.00 -0.00 omni.gos X     +0.0 ,Y     -0.1. omgD -0.007 omg  +0.00 loop   4722
[0mBatt=23.5 [0m[33mODOM [31mVisionX  +0.00 Y  +0.00 theta   +0.0 elt    0 [0mimu  -1.0 Dt  890 LtCy  445 integ.govd   -0.00   -0.05 integ.vbp -0.00 -0.00 omni.gos X     -0.0 ,Y     -0.1. omgD -0.009 omg  +0.00 loop   2254
[0mBatt=23.5 [0m[33mODOM [31mVisionX  +0.00 Y  +0.00 theta   +0.0 elt    0 [0mimu  -1.0 Dt  906 LtCy  453 integ.govd   -0.00   -0.05 integ.vbp -0.00 -0.00 omni.gos X     +0.0 ,Y     -0.1. omgD -0.009 omg  +0.00 loop   4690
[0mBatt=23.5 [0m[33mODOM [31mVisionX  +0.00 Y  +0.00 theta   +0.0 elt    0 [0mimu  -1.0 Dt  922 LtCy  461 integ.govd   -0.00   -0.05 integ.vbp -0.00 -0.00 omni.gos X     +0.0 ,Y     -0.1. omgD -0.005 omg  +0.00 loop   4693
[0mBatt=23.5 [0m[33mODOM [31mVisionX  +0.00 Y  +0.00 theta   +0.0 elt    0 [0mimu  -1.0 Dt  938 LtCy  469 integ.govd   -0.00   -0.06 integ.vbp -0.00 -0.00 omni.gos X     +0.0 ,Y     -0.1. omgD -0.009 omg  +0.00 loop   4707
[0mBatt=23.5 [0m[33mODOM [31mVisionX  +0.00 Y  +0.00 theta   +0.0 elt    0 [0mimu  -1.0 Dt  954 LtCy  477 integ.govd   -0.00   -0.06 integ.vbp -0.00 -0.00 omni.gos X     +0.0 ,Y     -0.2. omgD -0.013 omg  +0.00 loop   4699
[0mBatt=23.5 [0m[33mODOM [31mVisionX  +0.00 Y  +0.00 theta   +0.0 elt    0 [0mimu  -1.0 Dt  970 LtCy  485 integ.govd   -0.00   -0.06 integ.vbp -0.00 -0.00 omni.gos X     +0.0 ,Y     -0.1. omgD -0.009 omg  +0.00 loop   4660
[0mBatt=23.5 [0m[33mODOM [31mVisionX  +0.00 Y  +0.00 theta   +0.0 elt    0 [0mimu  -1.0 Dt  986 LtCy  493 integ.govd   -0.00   -0.06 integ.vbp -0.00 -0.00 omni.gos X     +0.0 ,Y     -0.1. omgD -0.005 omg  +0.00 loop   4689
[0mBatt=23.5 [0m[33mODOM [31mVisionX  +0.00 Y  +0.00 theta   +0.0 elt    0 [0mimu  -1.0 Dt 1002 LtCy  501 integ.govd   -0.00   -0.06 integ.vbp -0.00 -0.00 omni.gos X     +0.0 ,Y     +0.2. omgD +0.015 omg  +0.00 loop   4686
[0mBatt=23.5 [0m[33mODOM [31mVisionX  +0.00 Y  +0.00 theta   +0.0 elt    0 [0mimu  -1.0 Dt 1018 LtCy  509 integ.govd   -0.00   -0.06 integ.vbp -0.00 -0.00 omni.gos X     +0.0 ,Y     +0.0. omgD +0.002 omg  +0.00 loop   4655
[0mBatt=23.5 [0m[33mODOM [31mVisionX  +0.00 Y  +0.00 theta   +0.0 elt    0 [0mimu  -1.0 Dt 1034 LtCy  517 integ.govd   -0.00   -0.06 integ.vbp -0.00 -0.00 omni.gos X     +0.0 ,Y     -0.2. omgD -0.013 omg  +0.00 loop   4671
[0mBatt=23.5 [0m[33mODOM [31mVisionX  +0.00 Y  +0.00 theta   +0.0 elt    0 [0mimu  -1.0 Dt 1050 LtCy  525 integ.govd   -0.00   -0.06 integ.vbp -0.00 -0.00 omni.gos X     +0.0 ,Y     -0.2. omgD -0.013 omg  +0.00 loop   4673
[0mBatt=23.5 [0m[33mODOM [31mVisionX  +0.00 Y  +0.00 theta   +0.0 elt    0 [0mimu  -1.0 Dt 1066 LtCy  533 integ.govd   -0.00   -0.07 integ.vbp -0.00 -0.00 omni.gos X     -0.0 ,Y     -0.1. omgD -0.007 omg  +0.00 loop   4648
[0mBatt=23.5 [0m[33mODOM [31mVisionX  +0.00 Y  +0.00 theta   +0.0 elt    0 [0mimu  -1.0 Dt 1082 LtCy  541 integ.govd   -0.00   -0.06 integ.vbp -0.00 -0.00 omni.gos X     +0.0 ,Y     +0.1. omgD +0.006 omg  +0.00 loop   4641
[0mBatt=23.5 [0m[33mODOM [31mVisionX  +0.00 Y  +0.00 theta   +0.0 elt    0 [0mimu  -1.0 Dt 1098 LtCy  549 integ.govd   -0.00   -0.06 integ.vbp -0.00 -0.00 omni.gos X     +0.0 ,Y     -0.0. omgD -0.002 omg  +0.00 loop   4654
[0mBatt=23.5 [0m[33mODOM [31mVisionX  +0.00 Y  +0.00 theta   +0.0 elt    0 [0mimu  -1.0 Dt 1114 LtCy  557 integ.govd   -0.00   -0.07 integ.vbp -0.00 -0.00 omni.gos X     +0.0 ,Y     -0.0. omgD -0.002 omg  +0.00 loop   4645
[0mBatt=23.5 [0m[33mODOM [31mVisionX  +0.00 Y  +0.00 theta   +0.0 elt    0 [0mimu  -1.0 Dt 1130 LtCy  565 integ.govd   -0.00   -0.07 integ.vbp -0.00 -0.00 omni.gos X     +0.0 ,Y     -0.2. omgD -0.015 omg  +0.00 loop   4620
[0mBatt=23.5 [0m[33mODOM [31mVisionX  +0.00 Y  +0.00 theta   +0.0 elt    0 [0mimu  -1.0 Dt 1146 LtCy  573 integ.govd   -0.00   -0.07 integ.vbp -0.00 -0.00 omni.gos X     +0.0 ,Y     -0.1. omgD -0.011 omg  +0.00 loop   4640
[0mBatt=23.5 [0m[33mODOM [31mVisionX  +0.00 Y  +0.00 theta   +0.0 elt    0 [0mimu  -1.0 Dt 1162 LtCy  581 integ.govd   -0.00   -0.07 integ.vbp -0.00 -0.00 omni.gos X     +0.0 ,Y     +0.1. omgD +0.006 omg  +0.00 loop   4639
[0mBatt=23.5 [0m[33mODOM [31mVisionX  +0.00 Y  +0.00 theta   +0.0 elt    0 [0mimu  -1.0 Dt 1178 LtCy  589 integ.govd   -0.00   -0.07 integ.vbp -0.00 -0.00 omni.gos X     +0.0 ,Y     -0.0. omgD -0.002 omg  +0.00 loop   4598
[0mBatt=23.5 [0m[33mODOM [31mVisionX  +0.00 Y  +0.00 theta   +0.0 elt    0 [0mimu  -1.0 Dt 1194 LtCy  597 integ.govd   -0.00   -0.07 integ.vbp -0.00 -0.00 omni.gos X     -0.0 ,Y     -0.2. omgD -0.015 omg  +0.00 loop   4634
[0mBatt=23.5 [0m[33mODOM [31mVisionX  +0.00 Y  +0.00 theta   +0.0 elt    0 [0mimu  -1.0 Dt 1210 LtCy  605 integ.govd   -0.00   -0.08 integ.vbp -0.00 -0.00 omni.gos X     +0.0 ,Y     -0.2. omgD -0.015 omg  +0.00 loop   4612
[0mBatt=23.5 [0m[33mODOM [31mVisionX  +0.00 Y  +0.00 theta   +0.0 elt    0 [0mimu  -1.0 Dt 1226 LtCy  613 integ.govd   -0.00   -0.08 integ.vbp -0.00 -0.00 omni.gos X     +0.0 ,Y     -0.1. omgD -0.007 omg  +0.00 loop   4591
[0mBatt=23.5 [0m[33mODOM [31mVisionX  +0.00 Y  +0.00 theta   +0.0 elt    0 [0mimu  -1.0 Dt 1242 LtCy  621 integ.govd   -0.00   -0.08 integ.vbp -0.00 -0.00 omni.gos X     +0.0 ,Y     -0.0. omgD -0.002 omg  +0.00 loop   4603
[0mBatt=23.5 [0m[33mODOM [31mVisionX  +0.00 Y  +0.00 theta   +0.0 elt    0 [0mimu  -1.0 Dt 1258 LtCy  629 integ.govd   -0.00   -0.08 integ.vbp -0.00 -0.00 omni.gos X     +0.0 ,Y     -0.2. omgD -0.015 omg  +0.00 loop   4609
[0mBatt=23.5 [0m[33mODOM [31mVisionX  +0.00 Y  +0.00 theta   +0.0 elt    0 [0mimu  -1.0 Dt 1274 LtCy  637 integ.govd   -0.00   -0.08 integ.vbp -0.00 -0.00 omni.gos X     +0.0 ,Y     -0.1. omgD -0.011 omg  +0.00 loop   4561
[0mBatt=23.5 [0m[33mODOM [31mVisionX  +0.00 Y  +0.00 theta   +0.0 elt    0 [0mimu  -1.0 Dt 1290 LtCy  645 integ.govd   -0.00   -0.09 integ.vbp -0.00 -0.00 omni.gos X     +0.0 ,Y     -0.1. omgD -0.011 omg  +0.00 loop   4577
[0mBatt=23.5 [0m[33mODOM [31mVisionX  +0.00 Y  +0.00 theta   +0.0 elt    0 [0mimu  -1.0 Dt 1306 LtCy  653 integ.govd   -0.00   -0.09 integ.vbp -0.00 -0.00 omni.gos X     +0.0 ,Y     +0.0. omgD +0.002 omg  +0.00 loop   4599
[0mBatt=23.5 [0m[33mODOM [31mVisionX  +0.00 Y  +0.00 theta   +0.0 elt    0 [0mimu  -1.0 Dt 1322 LtCy  661 integ.govd   -0.00   -0.09 integ.vbp -0.00 -0.00 omni.gos X     +0.0 ,Y     -0.1. omgD -0.007 omg  +0.00 loop   4582
[0mBatt=23.5 [0m[33mODOM [31mVisionX  +0.00 Y  +0.00 theta   +0.0 elt    0 [0mimu  -1.0 Dt 1338 LtCy  669 integ.govd   -0.00   -0.09 integ.vbp -0.00 -0.00 omni.gos X     +0.0 ,Y     -0.1. omgD -0.011 omg  +0.00 loop   4553
[0mBatt=23.5 [0m[33mODOM [31mVisionX  +0.00 Y  +0.00 theta   +0.0 elt    0 [0mimu  -1.0 Dt 1354 LtCy  677 integ.govd   -0.00   -0.09 integ.vbp -0.00 -0.00 omni.gos X     +0.0 ,Y     -0.1. omgD -0.011 omg  +0.00 loop   4582
[0mBatt=23.5 [0m[33mODOM [31mVisionX  +0.00 Y  +0.00 theta   +0.0 elt    0 [0mimu  -1.0 Dt 1370 LtCy  685 integ.govd   -0.00   -0.09 integ.vbp -0.00 -0.00 omni.gos X     +0.0 ,Y     -0.1. omgD -0.007 omg  +0.00 loop   4574
[0mBatt=23.5 [0m[33mODOM [31mVisionX  +0.00 Y  +0.00 theta   +0.0 elt    0 [0mimu  -1.0 Dt 1386 LtCy  693 integ.govd   -0.00   -0.10 integ.vbp -0.00 -0.00 omni.gos X     +0.0 ,Y     -0.1. omgD -0.007 omg  +0.00 loop   4542
[0mBatt=23.5 [0m[33mODOM [31mVisionX  +0.00 Y  +0.00 theta   +0.0 elt    0 [0mimu  -1.0 Dt 1402 LtCy  701 integ.govd   -0.00   -0.10 integ.vbp -0.00 -0.00 omni.gos X     +0.0 ,Y     -0.1. omgD -0.007 omg  +0.00 loop   4564
[0mBatt=23.5 [0m[33mODOM [31mVisionX  +0.00 Y  +0.00 theta   +0.0 elt    0 [0mimu  -1.0 Dt 1418 LtCy  709 integ.govd   -0.00   -0.10 integ.vbp -0.00 -0.00 omni.gos X     +0.0 ,Y     -0.0. omgD -0.002 omg  +0.00 loop   4562
[0mBatt=23.5 [0m[33mODOM [31mVisionX  +0.00 Y  +0.00 theta   +0.0 elt    0 [0mimu  -1.0 Dt 1434 LtCy  717 integ.govd   -0.00   -0.10 integ.vbp -0.00 -0.00 omni.gos X     +0.0 ,Y     -0.1. omgD -0.007 omg  +0.00 loop   4539
[0mBatt=23.5 [0m[33mODOM [31mVisionX  +0.00 Y  +0.00 theta   +0.0 elt    0 [0mimu  -1.0 Dt 1450 LtCy  725 integ.govd   -0.00   -0.10 integ.vbp -0.00 -0.00 omni.gos X     +0.0 ,Y     -0.0. omgD -0.002 omg  +0.00 loop   4540
[0mBatt=23.5 [0m[33mODOM [31mVisionX  +0.00 Y  +0.00 theta   +0.0 elt    0 [0mimu  -1.0 Dt 1466 LtCy  733 integ.govd   -0.00   -0.10 integ.vbp -0.00 -0.00 omni.gos X     +0.0 ,Y     +0.0. omgD +0.002 omg  +0.00 loop   4544
[0mBatt=23.5 [0m[33mODOM [31mVisionX  +0.00 Y  +0.00 theta   +0.0 elt    0 [0mimu  -1.0 Dt 1482 LtCy  741 integ.govd   -0.00   -0.10 integ.vbp -0.00 -0.00 omni.gos X     +0.0 ,Y     -0.0. omgD -0.002 omg  +0.00 loop   4535
[0mBatt=23.5 [0m[33mODOM [31mVisionX  +0.00 Y  +0.00 theta   +0.0 elt    0 [0mimu  -1.0 Dt 1498 LtCy  749 integ.govd   -0.00   -0.10 integ.vbp -0.00 -0.00 omni.gos X     +0.0 ,Y     -0.1. omgD -0.007 omg  +0.00 loop   4505
[0mBatt=23.5 [0m[33mODOM [31mVisionX  +0.00 Y  +0.00 theta   +0.0 elt    0 [0mimu  -1.0 Dt 1514 LtCy  757 integ.govd   -0.00   -0.10 integ.vbp -0.00 -0.00 omni.gos X     +0.0 ,Y     -0.1. omgD -0.007 omg  +0.00 loop   4535
[0mBatt=23.5 [0m[33mODOM [31mVisionX  +0.00 Y  +0.00 theta   +0.0 elt    0 [0mimu  -1.0 Dt 1530 LtCy  765 integ.govd   -0.00   -0.10 integ.vbp -0.00 -0.00 omni.gos X     -0.0 ,Y     -0.0. omgD -0.002 omg  +0.00 loop   4526
[0mBatt=23.5 [0m[33mODOM [31mVisionX  +0.00 Y  +0.00 theta   +0.0 elt    0 [0mimu  -1.0 Dt 1546 LtCy  773 integ.govd   -0.00   -0.10 integ.vbp -0.00 -0.00 omni.gos X     +0.0 ,Y     -0.0. omgD -0.002 omg  +0.00 loop   4475
[0mBatt=23.5 [0m[33mODOM [31mVisionX  +0.00 Y  +0.00 theta   +0.0 elt    0 [0mimu  -1.0 Dt 1562 LtCy  781 integ.govd   -0.00   -0.10 integ.vbp -0.00 -0.00 omni.gos X     +0.0 ,Y     +0.1. omgD +0.006 omg  +0.00 loop   4524
[0mBatt=23.5 [0m[33mODOM [31mVisionX  +0.00 Y  +0.00 theta   +0.0 elt    0 [0mimu  -1.1 Dt 1578 LtCy  789 integ.govd   -0.00   -0.10 integ.vbp -0.00 -0.00 omni.gos X     +0.0 ,Y     -0.1. omgD -0.011 omg  +0.00 loop   4508
[0mBatt=23.5 [0m[33mODOM [31mVisionX  +0.00 Y  +0.00 theta   +0.0 elt    0 [0mimu  -1.1 Dt 1594 LtCy  797 integ.govd   -0.00   -0.11 integ.vbp -0.00 -0.00 omni.gos X     +0.0 ,Y     -0.1. omgD -0.011 omg  +0.00 loop   4481
[0mBatt=23.5 [0m[33mODOM [31mVisionX  +0.00 Y  +0.00 theta   +0.0 elt    0 [0mimu  -1.1 Dt 1610 LtCy  805 integ.govd   -0.00   -0.11 integ.vbp -0.00 -0.00 omni.gos X     +0.0 ,Y     -0.0. omgD -0.002 omg  +0.00 loop   4492
[0mBatt=23.5 [0m[33mODOM [31mVisionX  +0.00 Y  +0.00 theta   +0.0 elt    0 [0mimu  -1.1 Dt 1626 LtCy  813 integ.govd   -0.00   -0.11 integ.vbp -0.00 -0.00 omni.gos X     +0.0 ,Y     +0.0. omgD +0.002 omg  +0.00 loop   4503
[0mBatt=23.5 [0m[33mODOM [31mVisionX  +0.00 Y  +0.00 theta   +0.0 elt    0 [0mimu  -1.1 Dt 1642 LtCy  821 integ.govd   -0.00   -0.11 integ.vbp -0.00 -0.00 omni.gos X     -0.0 ,Y     -0.1. omgD -0.011 omg  +0.00 loop   4470
[0mBatt=23.5 [0m[33mODOM [31mVisionX  +0.00 Y  +0.00 theta   +0.0 elt    0 [0mimu  -1.1 Dt 1658 LtCy  829 integ.govd   -0.00   -0.11 integ.vbp -0.00 -0.00 omni.gos X     +0.0 ,Y     -0.0. omgD -0.002 omg  +0.00 loop   4465
[0mBatt=23.5 [0m[33mODOM [31mVisionX  +0.00 Y  +0.00 theta   +0.0 elt    0 [0mimu  -1.1 Dt 1674 LtCy  837 integ.govd   -0.00   -0.11 integ.vbp -0.00 -0.00 omni.gos X     -0.0 ,Y     -0.1. omgD -0.007 omg  +0.00 loop   4489
[0mBatt=23.5 [0m[33mODOM [31mVisionX  +0.00 Y  +0.00 theta   +0.0 elt    0 [0mimu  -1.1 Dt 1690 LtCy  845 integ.govd   -0.00   -0.11 integ.vbp -0.00 -0.00 omni.gos X     +0.0 ,Y     -0.1. omgD -0.007 omg  +0.00 loop   4461
[0mBatt=23.5 [0m[33mODOM [31mVisionX  +0.00 Y  +0.00 theta   +0.0 elt    0 [0mimu  -1.1 Dt 1706 LtCy  853 integ.govd   -0.00   -0.11 integ.vbp -0.00 -0.00 omni.gos X     +0.0 ,Y     -0.0. omgD -0.002 omg  +0.00 loop   4447
[0mBatt=23.5 [0m[33mODOM [31mVisionX  +0.00 Y  +0.00 theta   +0.0 elt    0 [0mimu  -1.1 Dt 1722 LtCy  861 integ.govd   -0.00   -0.11 integ.vbp -0.00 -0.00 omni.gos X     -0.0 ,Y     -0.1. omgD -0.007 omg  +0.00 loop   4467
[0mBatt=23.5 [0m[33mODOM [31mVisionX  +0.00 Y  +0.00 theta   +0.0 elt    0 [0mimu  -1.1 Dt 1738 LtCy  869 integ.govd   -0.00   -0.12 integ.vbp -0.00 -0.00 omni.gos X     +0.0 ,Y     -0.1. omgD -0.007 omg  +0.00 loop   4458
[0mBatt=23.5 [0m[33mODOM [31mVisionX  +0.00 Y  +0.00 theta   +0.0 elt    0 [0mimu  -1.1 Dt 1754 LtCy  877 integ.govd   -0.00   -0.12 integ.vbp -0.00 -0.00 omni.gos X     -0.0 ,Y     -0.1. omgD -0.007 omg  +0.00 loop   4427
[0mBatt=23.5 [0m[33mODOM [31mVisionX  +0.00 Y  +0.00 theta   +0.0 elt    0 [0mimu  -1.1 Dt 1770 LtCy  885 integ.govd   -0.00   -0.12 integ.vbp -0.00 -0.00 omni.gos X     +0.0 ,Y     -0.1. omgD -0.007 omg  +0.00 loop   4448
[0mBatt=23.5 [0m[33mODOM [31mVisionX  +0.00 Y  +0.00 theta   +0.0 elt    0 [0mimu  -1.1 Dt 1786 LtCy  893 integ.govd   -0.00   -0.12 integ.vbp -0.00 -0.00 omni.gos X     +0.0 ,Y     -0.1. omgD -0.007 omg  +0.00 loop   4446
[0mBatt=23.5 [0m[33mODOM [31mVisionX  +0.00 Y  +0.00 theta   +0.0 elt    0 [0mimu  -1.1 Dt 1802 LtCy  901 integ.govd   -0.00   -0.12 integ.vbp -0.00 -0.00 omni.gos X     -0.0 ,Y     -0.1. omgD -0.007 omg  +0.00 loop   4426
[0mBatt=23.5 [0m[33mODOM [31mVisionX  +0.00 Y  +0.00 theta   +0.0 elt    0 [0mimu  -1.1 Dt 1818 LtCy  909 integ.govd   -0.00   -0.12 integ.vbp -0.00 -0.00 omni.gos X     +0.0 ,Y     -0.0. omgD -0.002 omg  +0.00 loop   4420
[0mBatt=23.5 [0m[33mODOM [31mVisionX  +0.00 Y  +0.00 theta   +0.0 elt    0 [0mimu  -1.1 Dt 1834 LtCy  917 integ.govd   -0.00   -0.12 integ.vbp -0.00 -0.00 omni.gos X     -0.0 ,Y     -0.3. omgD -0.019 omg  +0.00 loop   4435
[0mBatt=23.5 [0m[33mODOM [31mVisionX  +0.00 Y  +0.00 theta   +0.0 elt    0 [0mimu  -1.1 Dt 1850 LtCy  925 integ.govd   -0.00   -0.13 integ.vbp -0.00 -0.00 omni.gos X     +0.0 ,Y     -0.1. omgD -0.007 omg  +0.00 loop   4412
[0mBatt=23.5 [0m[33mODOM [31mVisionX  +0.00 Y  +0.00 theta   +0.0 elt    0 [0mimu  -1.1 Dt 1866 LtCy  933 integ.govd   -0.00   -0.13 integ.vbp -0.00 -0.00 omni.gos X     +0.0 ,Y     +0.0. omgD +0.002 omg  +0.00 loop   4378
[0mBatt=23.5 [0m[33mODOM [31mVisionX  +0.00 Y  +0.00 theta   +0.0 elt    0 [0mimu  -1.1 Dt 1882 LtCy  941 integ.govd   -0.00   -0.13 integ.vbp -0.00 -0.00 omni.gos X     -0.0 ,Y     -0.0. omgD -0.002 omg  +0.00 loop   4427
[0mBatt=23.5 [0m[33mODOM [31mVisionX  +0.00 Y  +0.00 theta   +0.0 elt    0 [0mimu  -1.1 Dt 1890 LtCy  945 integ.govd   -0.00   -0.13 integ.vbp -0.00 -0.00 omni.gos X     +0.0 ,Y     -0.1. omgD -0.007 omg  +0.00 loop   2096
[0mBatt=23.5 [0m[33mODOM [31mVisionX  +0.00 Y  +0.00 theta   +0.0 elt    0 [0mimu  -1.1 Dt 1906 LtCy  953 integ.govd   -0.00   -0.13 integ.vbp -0.00 -0.00 omni.gos X     -0.0 ,Y     -0.2. omgD -0.015 omg  +0.00 loop   4388
[0mBatt=23.5 [0m[33mODOM [31mVisionX  +0.00 Y  +0.00 theta   +0.0 elt    0 [0mimu  -1.1 Dt 1922 LtCy  961 integ.govd   -0.00   -0.13 integ.vbp -0.00 -0.00 omni.gos X     +0.0 ,Y     -0.1. omgD -0.007 omg  +0.00 loop   4392
[0mBatt=23.5 [0m[33mODOM [31mVisionX  +0.00 Y  +0.00 theta   +0.0 elt    0 [0mimu  -1.1 Dt 1938 LtCy  969 integ.govd   -0.00   -0.13 integ.vbp -0.00 -0.00 omni.gos X     +0.0 ,Y     -0.1. omgD -0.007 omg  +0.00 loop   4406
[0mBatt=23.5 [0m[33mODOM [31mVisionX  +0.00 Y  +0.00 theta   +0.0 elt    0 [0mimu  -1.1 Dt 1954 LtCy  977 integ.govd   -0.00   -0.13 integ.vbp -0.00 -0.00 omni.gos X     +0.0 ,Y     +0.0. omgD +0.002 omg  +0.00 loop   4386
[0mBatt=23.5 [0m[33mODOM [31mVisionX  +0.00 Y  +0.00 theta   +0.0 elt    0 [0mimu  -1.1 Dt 1970 LtCy  985 integ.govd   -0.00   -0.13 integ.vbp -0.00 -0.00 omni.gos X     +0.0 ,Y     -0.0. omgD -0.002 omg  +0.00 loop   4376
[0mBatt=23.5 [0m[33mODOM [31mVisionX  +0.00 Y  +0.00 theta   +0.0 elt    0 [0mimu  -1.1 Dt 1986 LtCy  993 integ.govd   -0.00   -0.13 integ.vbp -0.00 -0.00 omni.gos X     +0.0 ,Y     -0.1. omgD -0.007 omg  +0.00 loop   4384
[0mBatt=23.5 [0m[33mODOM [31mVisionX  +0.00 Y  +0.00 theta   +0.0 elt    0 [0mimu  -1.1 Dt 2002 LtCy 1001 integ.govd   +0.00   +0.00 integ.vbp +0.00 +0.00 omni.gos X     -0.0 ,Y     -0.1. omgD -0.011 omg  +0.00 loop   4388
[0mBatt=23.5 [0m[33mODOM [31mVisionX  +0.00 Y  +0.00 theta   +0.0 elt    0 [0mimu  -1.1 Dt 2018 LtCy 1009 integ.govd   +0.00   +0.00 integ.vbp +0.00 +0.00 omni.gos X     +0.0 ,Y     +0.0. omgD +0.002 omg  +0.00 loop   4972
[0mBatt=23.5 [0m[33mODOM [31mVisionX  +0.00 Y  +0.00 theta   +0.0 elt    0 [0mimu  -1.1 Dt 2034 LtCy 1017 integ.govd   +0.00   +0.00 integ.vbp +0.00 +0.00 omni.gos X     +0.0 ,Y     -0.1. omgD -0.007 omg  +0.00 loop   5022
[0mBatt=23.5 [0m[33mODOM [31mVisionX  +0.00 Y  +0.00 theta   +0.0 elt    0 [0mimu  -1.1 Dt 2050 LtCy 1025 integ.govd   +0.00   +0.00 integ.vbp +0.00 +0.00 omni.gos X     +0.0 ,Y     +0.0. omgD +0.002 omg  +0.00 loop   5020
[0mBatt=23.5 [0m[33mODOM [31mVisionX  +0.00 Y  +0.00 theta   +0.0 elt    0 [0mimu  -1.1 Dt 2066 LtCy 1033 integ.govd   +0.00   +0.00 integ.vbp +0.00 +0.00 omni.gos X     +0.0 ,Y     -0.1. omgD -0.007 omg  +0.00 loop   4984
[0mBatt=23.5 [0m[33mODOM [31mVisionX  +0.00 Y  +0.00 theta   +0.0 elt    0 [0mimu  -1.1 Dt 2082 LtCy 1041 integ.govd   +0.00   +0.00 integ.vbp +0.00 +0.00 omni.gos X     +0.0 ,Y     -0.1. omgD -0.007 omg  +0.00 loop   5014
[0mBatt=23.5 [0m[33mODOM [31mVisionX  +0.00 Y  +0.00 theta   +0.0 elt    0 [0mimu  -1.1 Dt 2098 LtCy 1049 integ.govd   +0.00   +0.00 integ.vbp +0.00 +0.00 omni.gos X     +0.0 ,Y     -0.0. omgD -0.002 omg  +0.00 loop   5016
[0mBatt=23.5 [0m[33mODOM [31mVisionX  +0.00 Y  +0.00 theta   +0.0 elt    0 [0mimu  -1.1 Dt 2114 LtCy 1057 integ.govd   +0.00   +0.00 integ.vbp +0.00 +0.00 omni.gos X     +0.0 ,Y     +0.0. omgD +0.002 omg  +0.00 loop   5004
[0mBatt=23.5 [0m[33mODOM [31mVisionX  +0.00 Y  +0.00 theta   +0.0 elt    0 [0mimu  -1.1 Dt 2130 LtCy 1065 integ.govd   +0.00   +0.00 integ.vbp +0.00 +0.00 omni.gos X     +0.0 ,Y     -0.0. omgD -0.002 omg  +0.00 loop   4996
[0mBatt=23.5 [0m[33mODOM [31mVisionX  +0.00 Y  +0.00 theta   +0.0 elt    0 [0mimu  -1.1 Dt 2146 LtCy 1073 integ.govd   +0.00   +0.00 integ.vbp +0.00 +0.00 omni.gos X     +0.0 ,Y     -0.1. omgD -0.011 omg  +0.00 loop   5023
[0mBatt=23.5 [0m[33mODOM [31mVisionX  +0.00 Y  +0.00 theta   +0.0 elt    0 [0mimu  -1.1 Dt 2162 LtCy 1081 integ.govd   +0.00   +0.00 integ.vbp +0.00 +0.00 omni.gos X     -0.0 ,Y     -0.1. omgD -0.007 omg  +0.00 loop   5008
[0mBatt=23.5 [0m[33mODOM [31mVisionX  +0.00 Y  +0.00 theta   +0.0 elt    0 [0mimu  -1.1 Dt 2178 LtCy 1089 integ.govd   +0.00   +0.00 integ.vbp +0.00 +0.00 omni.gos X     +0.0 ,Y     -0.1. omgD -0.011 omg  +0.00 loop   4986
[0mBatt=23.5 [0m[33mODOM [31mVisionX  +0.00 Y  +0.00 theta   +0.0 elt    0 [0mimu  -1.1 Dt 2194 LtCy 1097 integ.govd   +0.00   +0.00 integ.vbp +0.00 +0.00 omni.gos X     +0.0 ,Y     -0.1. omgD -0.007 omg  +0.00 loop   5021
[0mBatt=23.5 [0m[33mODOM [31mVisionX  +0.00 Y  +0.00 theta   +0.0 elt    0 [0mimu  -1.1 Dt 2210 LtCy 1105 integ.govd   +0.00   +0.00 integ.vbp +0.00 +0.00 omni.gos X     +0.0 ,Y     -0.1. omgD -0.007 omg  +0.00 loop   5014
[0mBatt=23.5 [0m[33mODOM [31mVisionX  +0.00 Y  +0.00 theta   +0.0 elt    0 [0mimu  -1.1 Dt 2226 LtCy 1113 integ.govd   +0.00   +0.00 integ.vbp +0.00 +0.00 omni.gos X     +0.0 ,Y     -0.1. omgD -0.009 omg  +0.00 loop   4986
[0mBatt=23.5 [0m[33mODOM [31mVisionX  +0.00 Y  +0.00 theta   +0.0 elt    0 [0mimu  -1.1 Dt 2242 LtCy 1121 integ.govd   +0.00   +0.00 integ.vbp +0.00 +0.00 omni.gos X     -0.0 ,Y     -0.1. omgD -0.007 omg  +0.00 loop   5015
[0mBatt=23.5 [0m[33mODOM [31mVisionX  +0.00 Y  +0.00 theta   +0.0 elt    0 [0mimu  -1.1 Dt 2258 LtCy 1129 integ.govd   +0.00   +0.00 integ.vbp +0.00 +0.00 omni.gos X     -0.0 ,Y     -0.1. omgD -0.007 omg  +0.00 loop   5016
[0mBatt=23.5 [0m[33mODOM [31mVisionX  +0.00 Y  +0.00 theta   +0.0 elt    0 [0mimu  -1.1 Dt 2274 LtCy 1137 integ.govd   +0.00   +0.00 integ.vbp +0.00 +0.00 omni.gos X     +0.0 ,Y     -0.1. omgD -0.007 omg  +0.00 loop   4992
[0mBatt=23.5 [0m[33mODOM [31mVisionX  +0.00 Y  +0.00 theta   +0.0 elt    0 [0mimu  -1.1 Dt 2290 LtCy 1145 integ.govd   +0.00   +0.00 integ.vbp +0.00 +0.00 omni.gos X     +0.0 ,Y     -0.1. omgD -0.005 omg  +0.00 loop   5008
[0mBatt=23.5 [0m[33mODOM [31mVisionX  +0.00 Y  +0.00 theta   +0.0 elt    0 [0mimu  -1.1 Dt 2306 LtCy 1153 integ.govd   +0.00   +0.00 integ.vbp +0.00 +0.00 omni.gos X     +0.0 ,Y     +0.0. omgD +0.002 omg  +0.00 loop   5019
[0mBatt=23.5 [0m[33mODOM [31mVisionX  +0.00 Y  +0.00 theta   +0.0 elt    0 [0mimu  -1.1 Dt 2322 LtCy 1161 integ.govd   +0.00   +0.00 integ.vbp +0.00 +0.00 omni.gos X     +0.0 ,Y     -0.1. omgD -0.007 omg  +0.00 loop   5004
[0mBatt=23.5 [0m[33mODOM [31mVisionX  +0.00 Y  +0.00 theta   +0.0 elt    0 [0mimu  -1.1 Dt 2338 LtCy 1169 integ.govd   +0.00   +0.00 integ.vbp +0.00 +0.00 omni.gos X     -0.0 ,Y     -0.1. omgD -0.005 omg  +0.00 loop   5002
[0mBatt=23.5 [0m[33mODOM [31mVisionX  +0.00 Y  +0.00 theta   +0.0 elt    0 [0mimu  -1.1 Dt 2354 LtCy 1177 integ.govd   +0.00   +0.00 integ.vbp +0.00 +0.00 omni.gos X     +0.0 ,Y     -0.1. omgD -0.007 omg  +0.00 loop   5006
[0mBatt=23.5 [0m[33mODOM [31mVisionX  +0.00 Y  +0.00 theta   +0.0 elt    0 [0mimu  -1.1 Dt 2370 LtCy 1185 integ.govd   +0.00   +0.00 integ.vbp +0.00 +0.00 omni.gos X     +0.0 ,Y     -0.1. omgD -0.005 omg  +0.00 loop   5021
[0mBatt=23.5 [0m[33mODOM [31mVisionX  +0.00 Y  +0.00 theta   +0.0 elt    0 [0mimu  -1.1 Dt 2386 LtCy 1193 integ.govd   +0.00   +0.00 integ.vbp +0.00 +0.00 omni.gos X     +0.0 ,Y     +0.1. omgD +0.004 omg  +0.00 loop   4982
[0mBatt=23.5 [0m[33mODOM [31mVisionX  +0.00 Y  +0.00 theta   +0.0 elt    0 [0mimu  -1.1 Dt 2402 LtCy 1201 integ.govd   +0.00   +0.00 integ.vbp +0.00 +0.00 omni.gos X     +0.0 ,Y     -0.0. omgD -0.000 omg  +0.00 loop   5026
[0mBatt=23.5 [0m[33mODOM [31mVisionX  +0.00 Y  +0.00 theta   +0.0 elt    0 [0mimu  -1.1 Dt 2418 LtCy 1209 integ.govd   +0.00   +0.00 integ.vbp +0.00 +0.00 omni.gos X     +0.0 ,Y     -0.1. omgD -0.005 omg  +0.00 loop   5017
[0mBatt=23.5 [0m[33mODOM [31mVisionX  +0.00 Y  +0.00 theta   +0.0 elt    0 [0mimu  -1.1 Dt 2434 LtCy 1217 integ.govd   +0.00   +0.00 integ.vbp +0.00 +0.00 omni.gos X     +0.0 ,Y     +0.0. omgD +0.002 omg  +0.00 loop   4992
[0mBatt=23.5 [0m[33mODOM [31mVisionX  +0.00 Y  +0.00 theta   +0.0 elt    0 [0mimu  -1.1 Dt 2450 LtCy 1225 integ.govd   +0.00   +0.00 integ.vbp +0.00 +0.00 omni.gos X     +0.0 ,Y     -0.1. omgD -0.007 omg  +0.00 loop   5019
[0mBatt=23.5 [0m[33mODOM [31mVisionX  +0.00 Y  +0.00 theta   +0.0 elt    0 [0mimu  -1.1 Dt 2466 LtCy 1233 integ.govd   +0.00   +0.00 integ.vbp +0.00 +0.00 omni.gos X     +0.0 ,Y     -0.2. omgD -0.013 omg  +0.00 loop   5008
[0mBatt=23.5 [0m[33mODOM [31mVisionX  +0.00 Y  +0.00 theta   +0.0 elt    0 [0mimu  -1.1 Dt 2482 LtCy 1241 integ.govd   +0.00   +0.00 integ.vbp +0.00 +0.00 omni.gos X     +0.0 ,Y     -0.1. omgD -0.011 omg  +0.00 loop   5004
[0mBatt=23.5 [0m[33mODOM [31mVisionX  +0.00 Y  +0.00 theta   +0.0 elt    0 [0mimu  -1.1 Dt 2498 LtCy 1249 integ.govd   +0.00   +0.00 integ.vbp +0.00 +0.00 omni.gos X     +0.0 ,Y     +0.0. omgD +0.002 omg  +0.00 loop   4998
[0mBatt=23.5 [0m[33mODOM [31mVisionX  +0.00 Y  +0.00 theta   +0.0 elt    0 [0mimu  -1.1 Dt 2514 LtCy 1257 integ.govd   +0.00   +0.00 integ.vbp +0.00 +0.00 omni.gos X     +0.0 ,Y     +0.0. omgD +0.002 omg  +0.00 loop   5024
[0mBatt=23.5 [0m[33mODOM [31mVisionX  +0.00 Y  +0.00 theta   +0.0 elt    0 [0mimu  -1.1 Dt 2530 LtCy 1265 integ.govd   +0.00   +0.00 integ.vbp +0.00 +0.00 omni.gos X     +0.0 ,Y     -0.0. omgD -0.000 omg  +0.00 loop   5004
[0mBatt=23.5 [0m[33mODOM [31mVisionX  +0.00 Y  +0.00 theta   +0.0 elt    0 [0mimu  -1.1 Dt 2546 LtCy 1273 integ.govd   +0.00   +0.00 integ.vbp +0.00 +0.00 omni.gos X     +0.0 ,Y     -0.0. omgD -0.002 omg  +0.00 loop   5000
[0mBatt=23.5 [0m[33mODOM [31mVisionX  +0.00 Y  +0.00 theta   +0.0 elt    0 [0mimu  -1.1 Dt 2562 LtCy 1281 integ.govd   +0.00   +0.00 integ.vbp +0.00 +0.00 omni.gos X     +0.0 ,Y     -0.1. omgD -0.007 omg  +0.00 loop   5015
[0mBatt=23.5 [0m[33mODOM [31mVisionX  +0.00 Y  +0.00 theta   +0.0 elt    0 [0mimu  -1.1 Dt 2578 LtCy 1289 integ.govd   +0.00   +0.00 integ.vbp +0.00 +0.00 omni.gos X     +0.0 ,Y     +0.0. omgD +0.002 omg  +0.00 loop   5020
[0mBatt=23.5 [0m[33mODOM [31mVisionX  +0.00 Y  +0.00 theta   +0.0 elt    0 [0mimu  -1.1 Dt 2594 LtCy 1297 integ.govd   +0.00   +0.00 integ.vbp +0.00 +0.00 omni.gos X     +0.0 ,Y     -0.0. omgD -0.002 omg  +0.00 loop   4987
[0mBatt=23.5 [0m[33mODOM [31mVisionX  +0.00 Y  +0.00 theta   +0.0 elt    0 [0mimu  -1.1 Dt 2610 LtCy 1305 integ.govd   +0.00   +0.00 integ.vbp +0.00 +0.00 omni.gos X     +0.0 ,Y     -0.1. omgD -0.011 omg  +0.00 loop   5013
[0mBatt=23.5 [0m[33mODOM [31mVisionX  +0.00 Y  +0.00 theta   +0.0 elt    0 [0mimu  -1.1 Dt 2626 LtCy 1313 integ.govd   +0.00   +0.00 integ.vbp +0.00 +0.00 omni.gos X     +0.0 ,Y     -0.1. omgD -0.007 omg  +0.00 loop   5022
[0mBatt=23.5 [0m[33mODOM [31mVisionX  +0.00 Y  +0.00 theta   +0.0 elt    0 [0mimu  -1.1 Dt 2642 LtCy 1321 integ.govd   +0.00   +0.00 integ.vbp +0.00 +0.00 omni.gos X     +0.0 ,Y     -0.0. omgD -0.002 omg  +0.00 loop   4988
[0mBatt=23.5 [0m[33mODOM [31mVisionX  +0.00 Y  +0.00 theta   +0.0 elt    0 [0mimu  -1.1 Dt 2658 LtCy 1329 integ.govd   +0.00   +0.00 integ.vbp +0.00 +0.00 omni.gos X     -0.0 ,Y     -0.1. omgD -0.007 omg  +0.00 loop   5013
[0mBatt=23.5 [0m[33mODOM [31mVisionX  +0.00 Y  +0.00 theta   +0.0 elt    0 [0mimu  -1.1 Dt 2674 LtCy 1337 integ.govd   +0.00   +0.00 integ.vbp +0.00 +0.00 omni.gos X     +0.0 ,Y     -0.0. omgD -0.002 omg  +0.00 loop   5010
[0mBatt=23.5 [0m[33mODOM [31mVisionX  +0.00 Y  +0.00 theta   +0.0 elt    0 [0mimu  -1.1 Dt 2690 LtCy 1345 integ.govd   +0.00   +0.00 integ.vbp +0.00 +0.00 omni.gos X     -0.0 ,Y     -0.0. omgD -0.002 omg  +0.00 loop   5001
[0mBatt=23.5 [0m[33mODOM [31mVisionX  +0.00 Y  +0.00 theta   +0.0 elt    0 [0mimu  -1.1 Dt 2706 LtCy 1353 integ.govd   +0.00   +0.00 integ.vbp +0.00 +0.00 omni.gos X     +0.0 ,Y     -0.1. omgD -0.007 omg  +0.00 loop   4996
[0mBatt=23.5 [0m[33mODOM [31mVisionX  +0.00 Y  +0.00 theta   +0.0 elt    0 [0mimu  -1.1 Dt 2722 LtCy 1361 integ.govd   +0.00   +0.00 integ.vbp +0.00 +0.00 omni.gos X     +0.0 ,Y     -0.2. omgD -0.015 omg  +0.00 loop   5021
[0mBatt=23.5 [0m[33mODOM [31mVisionX  +0.00 Y  +0.00 theta   +0.0 elt    0 [0mimu  -1.1 Dt 2738 LtCy 1369 integ.govd   +0.00   +0.00 integ.vbp +0.00 +0.00 omni.gos X     +0.0 ,Y     -0.1. omgD -0.007 omg  +0.00 loop   5011
[0mBatt=23.5 [0m[33mODOM [31mVisionX  +0.00 Y  +0.00 theta   +0.0 elt    0 [0mimu  -1.1 Dt 2754 LtCy 1377 integ.govd   +0.00   +0.00 integ.vbp +0.00 +0.00 omni.gos X     +0.0 ,Y     +0.0. omgD +0.002 omg  +0.00 loop   4992
[0mBatt=23.5 [0m[33mODOM [31mVisionX  +0.00 Y  +0.00 theta   +0.0 elt    0 [0mimu  -1.1 Dt 2770 LtCy 1385 integ.govd   +0.00   +0.00 integ.vbp +0.00 +0.00 omni.gos X     +0.0 ,Y     -0.1. omgD -0.011 omg  +0.00 loop   5021
[0mBatt=23.5 [0m[33mODOM [31mVisionX  +0.00 Y  +0.00 theta   +0.0 elt    0 [0mimu  -1.1 Dt 2786 LtCy 1393 integ.govd   +0.00   +0.00 integ.vbp +0.00 +0.00 omni.gos X     +0.0 ,Y     -0.0. omgD -0.002 omg  +0.00 loop   5012
[0mBatt=23.5 [0m[33mODOM [31mVisionX  +0.00 Y  +0.00 theta   +0.0 elt    0 [0mimu  -1.1 Dt 2802 LtCy 1401 integ.govd   +0.00   +0.00 integ.vbp +0.00 +0.00 omni.gos X     +0.0 ,Y     -0.1. omgD -0.007 omg  +0.00 loop   4990
[0mBatt=23.5 [0m[33mODOM [31mVisionX  +0.00 Y  +0.00 theta   +0.0 elt    0 [0mimu  -1.1 Dt 2818 LtCy 1409 integ.govd   +0.00   +0.00 integ.vbp +0.00 +0.00 omni.gos X     +0.0 ,Y     -0.1. omgD -0.011 omg  +0.00 loop   5015
[0mBatt=23.5 [0m[33mODOM [31mVisionX  +0.00 Y  +0.00 theta   +0.0 elt    0 [0mimu  -1.1 Dt 2834 LtCy 1417 integ.govd   +0.00   +0.00 integ.vbp +0.00 +0.00 omni.gos X     +0.0 ,Y     -0.1. omgD -0.007 omg  +0.00 loop   5020
[0mBatt=23.5 [0m[33mODOM [31mVisionX  +0.00 Y  +0.00 theta   +0.0 elt    0 [0mimu  -1.1 Dt 2850 LtCy 1425 integ.govd   +0.00   +0.00 integ.vbp +0.00 +0.00 omni.gos X     +0.0 ,Y     +0.0. omgD +0.002 omg  +0.00 loop   5003
[0mBatt=23.5 [0m[33mODOM [31mVisionX  +0.00 Y  +0.00 theta   +0.0 elt    0 [0mimu  -1.1 Dt 2866 LtCy 1433 integ.govd   +0.00   +0.00 integ.vbp +0.00 +0.00 omni.gos X     +0.0 ,Y     +0.2. omgD +0.015 omg  +0.00 loop   5009
[0mBatt=23.5 [0m[33mODOM [31mVisionX  +0.00 Y  +0.00 theta   +0.0 elt    0 [0mimu  -1.1 Dt 2882 LtCy 1441 integ.govd   +0.00   +0.00 integ.vbp +0.00 +0.00 omni.gos X     +0.0 ,Y     -0.1. omgD -0.007 omg  +0.00 loop   5011
[0mBatt=23.5 [0m[33mODOM [31mVisionX  +0.00 Y  +0.00 theta   +0.0 elt    0 [0mimu  -1.1 Dt 2890 LtCy 1445 integ.govd   +0.00   +0.00 integ.vbp +0.00 +0.00 omni.gos X     -0.0 ,Y     -0.3. omgD -0.019 omg  +0.00 loop   2421
[0mBatt=23.5 [0m[33mODOM [31mVisionX  +0.00 Y  +0.00 theta   +0.0 elt    0 [0mimu  -1.1 Dt 2906 LtCy 1453 integ.govd   +0.00   +0.00 integ.vbp +0.00 +0.00 omni.gos X     -0.0 ,Y     -0.2. omgD -0.015 omg  +0.00 loop   4972
[0mBatt=23.5 [0m[33mODOM [31mVisionX  +0.00 Y  +0.00 theta   +0.0 elt    0 [0mimu  -1.1 Dt 2922 LtCy 1461 integ.govd   +0.00   +0.00 integ.vbp +0.00 +0.00 omni.gos X     +0.0 ,Y     -0.2. omgD -0.015 omg  +0.00 loop   5017
[0mBatt=23.5 [0m[33mODOM [31mVisionX  +0.00 Y  +0.00 theta   +0.0 elt    0 [0mimu  -1.1 Dt 2938 LtCy 1469 integ.govd   +0.00   +0.00 integ.vbp +0.00 +0.00 omni.gos X     +0.0 ,Y     +0.1. omgD +0.006 omg  +0.00 loop   5015
[0mBatt=23.5 [0m[33mODOM [31mVisionX  +0.00 Y  +0.00 theta   +0.0 elt    0 [0mimu  -1.1 Dt 2954 LtCy 1477 integ.govd   +0.00   +0.00 integ.vbp +0.00 +0.00 omni.gos X     +0.0 ,Y     +0.1. omgD +0.010 omg  +0.00 loop   4995
[0mBatt=23.5 [0m[33mODOM [31mVisionX  +0.00 Y  +0.00 theta   +0.0 elt    0 [0mimu  -1.1 Dt 2970 LtCy 1485 integ.govd   +0.00   +0.00 integ.vbp +0.00 +0.00 omni.gos X     +0.0 ,Y     +0.0. omgD +0.002 omg  +0.00 loop   5006
[0mBatt=23.5 [0m[33mODOM [31mVisionX  +0.00 Y  +0.00 theta   +0.0 elt    0 [0mimu  -1.1 Dt 2986 LtCy 1493 integ.govd   +0.00   +0.00 integ.vbp +0.00 +0.00 omni.gos X     +0.0 ,Y     -0.1. omgD -0.011 omg  +0.00 loop   5015
[0mBatt=23.5 [0m[33mODOM [31mVisionX  +0.00 Y  +0.00 theta   +0.0 elt    0 [0mimu  -1.1 Dt 3002 LtCy 1501 integ.govd   +0.00   +0.00 integ.vbp +0.00 +0.00 omni.gos X     +0.0 ,Y     -0.2. omgD -0.015 omg  +0.00 loop   5012
[0mBatt=23.5 [0m[33mODOM [31mVisionX  +0.00 Y  +0.00 theta   +0.0 elt    0 [0mimu  -1.1 Dt 3018 LtCy 1509 integ.govd   +0.00   +0.00 integ.vbp +0.00 +0.00 omni.gos X     -0.0 ,Y     -0.1. omgD -0.011 omg  +0.00 loop   4987
[0mBatt=23.5 [0m[33mODOM [31mVisionX  +0.00 Y  +0.00 theta   +0.0 elt    0 [0mimu  -1.1 Dt 3034 LtCy 1517 integ.govd   +0.00   +0.00 integ.vbp +0.00 +0.00 omni.gos X     +0.0 ,Y     -0.1. omgD -0.007 omg  +0.00 loop   5013
[0mBatt=23.5 [0m[33mODOM [31mVisionX  +0.00 Y  +0.00 theta   +0.0 elt    0 [0mimu  -1.1 Dt 3050 LtCy 1525 integ.govd   +0.00   +0.00 integ.vbp +0.00 +0.00 omni.gos X     +0.0 ,Y     +0.0. omgD +0.002 omg  +0.00 loop   5018
[0mBatt=23.5 [0m[33mODOM [31mVisionX  +0.00 Y  +0.00 theta   +0.0 elt    0 [0mimu  -1.1 Dt 3066 LtCy 1533 integ.govd   +0.00   +0.00 integ.vbp +0.00 +0.00 omni.gos X     +0.0 ,Y     +0.0. omgD +0.002 omg  +0.00 loop   4983
[0mBatt=23.5 [0m[33mODOM [31mVisionX  +0.00 Y  +0.00 theta   +0.0 elt    0 [0mimu  -1.1 Dt 3082 LtCy 1541 integ.govd   +0.00   +0.00 integ.vbp +0.00 +0.00 omni.gos X     +0.0 ,Y     -0.1. omgD -0.011 omg  +0.00 loop   5021
[0mBatt=23.5 [0m[33mODOM [31mVisionX  +0.00 Y  +0.00 theta   +0.0 elt    0 [0mimu  -1.1 Dt 3098 LtCy 1549 integ.govd   +0.00   +0.00 integ.vbp +0.00 +0.00 omni.gos X     +0.0 ,Y     -0.2. omgD -0.015 omg  +0.00 loop   5013
[0mBatt=23.5 [0m[33mODOM [31mVisionX  +0.00 Y  +0.00 theta   +0.0 elt    0 [0mimu  -1.1 Dt 3114 LtCy 1557 integ.govd   +0.00   +0.00 integ.vbp +0.00 +0.00 omni.gos X     +0.0 ,Y     -0.1. omgD -0.007 omg  +0.00 loop   4998
[0mBatt=23.5 [0m[33mODOM [31mVisionX  +0.00 Y  +0.00 theta   +0.0 elt    0 [0mimu  -1.1 Dt 3130 LtCy 1565 integ.govd   +0.00   +0.00 integ.vbp +0.00 +0.00 omni.gos X     +0.0 ,Y     +0.1. omgD +0.006 omg  +0.00 loop   5009
[0mBatt=23.5 [0m[33mODOM [31mVisionX  +0.00 Y  +0.00 theta   +0.0 elt    0 [0mimu  -1.1 Dt 3146 LtCy 1573 integ.govd   +0.00   +0.00 integ.vbp +0.00 +0.00 omni.gos X     +0.0 ,Y     +0.1. omgD +0.010 omg  +0.00 loop   5012
[0mBatt=23.5 [0m[33mODOM [31mVisionX  +0.00 Y  +0.00 theta   +0.0 elt    0 [0mimu  -1.1 Dt 3162 LtCy 1581 integ.govd   +0.00   +0.00 integ.vbp +0.00 +0.00 omni.gos X     -0.0 ,Y     -0.1. omgD -0.007 omg  +0.00 loop   4998
[0mBatt=23.5 [0m[33mODOM [31mVisionX  +0.00 Y  +0.00 theta   +0.0 elt    0 [0mimu  -1.1 Dt 3178 LtCy 1589 integ.govd   +0.00   +0.00 integ.vbp +0.00 +0.00 omni.gos X     -0.0 ,Y     -0.1. omgD -0.011 omg  +0.00 loop   4999
[0mBatt=23.5 [0m[33mODOM [31mVisionX  +0.00 Y  +0.00 theta   +0.0 elt    0 [0mimu  -1.1 Dt 3194 LtCy 1597 integ.govd   +0.00   +0.00 integ.vbp +0.00 +0.00 omni.gos X     -0.0 ,Y     -0.2. omgD -0.015 omg  +0.00 loop   5011
[0mBatt=23.5 [0m[33mODOM [31mVisionX  +0.00 Y  +0.00 theta   +0.0 elt    0 [0mimu  -1.1 Dt 3210 LtCy 1605 integ.govd   +0.00   +0.00 integ.vbp +0.00 +0.00 omni.gos X     +0.0 ,Y     +0.0. omgD +0.002 omg  +0.00 loop   5001
[0mBatt=23.5 [0m[33mODOM [31mVisionX  +0.00 Y  +0.00 theta   +0.0 elt    0 [0mimu  -1.1 Dt 3226 LtCy 1613 integ.govd   +0.00   +0.00 integ.vbp +0.00 +0.00 omni.gos X     +0.0 ,Y     +0.0. omgD +0.002 omg  +0.00 loop   4977
[0mBatt=23.5 [0m[33mODOM [31mVisionX  +0.00 Y  +0.00 theta   +0.0 elt    0 [0mimu  -1.1 Dt 3242 LtCy 1621 integ.govd   +0.00   +0.00 integ.vbp +0.00 +0.00 omni.gos X     +0.0 ,Y     -0.1. omgD -0.007 omg  +0.00 loop   5016
[0mBatt=23.5 [0m[33mODOM [31mVisionX  +0.00 Y  +0.00 theta   +0.0 elt    0 [0mimu  -1.1 Dt 3258 LtCy 1629 integ.govd   +0.00   +0.00 integ.vbp +0.00 +0.00 omni.gos X     -0.0 ,Y     -0.1. omgD -0.011 omg  +0.00 loop   5020
[0mBatt=23.5 [0m[33mODOM [31mVisionX  +0.00 Y  +0.00 theta   +0.0 elt    0 [0mimu  -1.1 Dt 3274 LtCy 1637 integ.govd   +0.00   +0.00 integ.vbp +0.00 +0.00 omni.gos X     -0.0 ,Y     -0.2. omgD -0.015 omg  +0.00 loop   4973
[0mBatt=23.5 [0m[33mODOM [31mVisionX  +0.00 Y  +0.00 theta   +0.0 elt    0 [0mimu  -1.1 Dt 3290 LtCy 1645 integ.govd   +0.00   +0.00 integ.vbp +0.00 +0.00 omni.gos X     +0.0 ,Y     -0.0. omgD -0.002 omg  +0.00 loop   5014
[0mBatt=23.5 [0m[33mODOM [31mVisionX  +0.00 Y  +0.00 theta   +0.0 elt    0 [0mimu  -1.1 Dt 3306 LtCy 1653 integ.govd   +0.00   +0.00 integ.vbp +0.00 +0.00 omni.gos X     +0.0 ,Y     +0.1. omgD +0.010 omg  +0.00 loop   5011
[0mBatt=23.5 [0m[33mODOM [31mVisionX  +0.00 Y  +0.00 theta   +0.0 elt    0 [0mimu  -1.1 Dt 3322 LtCy 1661 integ.govd   +0.00   +0.00 integ.vbp +0.00 +0.00 omni.gos X     -0.0 ,Y     -0.0. omgD -0.002 omg  +0.00 loop   4997
[0mBatt=23.5 [0m[33mODOM [31mVisionX  +0.00 Y  +0.00 theta   +0.0 elt    0 [0mimu  -1.1 Dt 3338 LtCy 1669 integ.govd   +0.00   +0.00 integ.vbp +0.00 +0.00 omni.gos X     -0.0 ,Y     -0.2. omgD -0.015 omg  +0.00 loop   5000
[0mBatt=23.5 [0m[33mODOM [31mVisionX  +0.00 Y  +0.00 theta   +0.0 elt    0 [0mimu  -1.1 Dt 3354 LtCy 1677 integ.govd   +0.00   +0.00 integ.vbp +0.00 +0.00 omni.gos X     -0.0 ,Y     -0.2. omgD -0.015 omg  +0.00 loop   5007
[0mBatt=23.5 [0m[33mODOM [31mVisionX  +0.00 Y  +0.00 theta   +0.0 elt    0 [0mimu  -1.1 Dt 3370 LtCy 1685 integ.govd   +0.00   +0.00 integ.vbp +0.00 +0.00 omni.gos X     +0.0 ,Y     -0.1. omgD -0.007 omg  +0.00 loop   5004
[0mBatt=23.5 [0m[33mODOM [31mVisionX  +0.00 Y  +0.00 theta   +0.0 elt    0 [0mimu  -1.1 Dt 3386 LtCy 1693 integ.govd   +0.00   +0.00 integ.vbp +0.00 +0.00 omni.gos X     +0.0 ,Y     -0.0. omgD -0.002 omg  +0.00 loop   4993
[0mBatt=23.5 [0m[33mODOM [31mVisionX  +0.00 Y  +0.00 theta   +0.0 elt    0 [0mimu  -1.1 Dt 3402 LtCy 1701 integ.govd   +0.00   +0.00 integ.vbp +0.00 +0.00 omni.gos X     +0.0 ,Y     +0.1. omgD +0.010 omg  +0.00 loop   5019
[0mBatt=23.5 [0m[33mODOM [31mVisionX  +0.00 Y  +0.00 theta   +0.0 elt    0 [0mimu  -1.1 Dt 3418 LtCy 1709 integ.govd   +0.00   +0.00 integ.vbp +0.00 +0.00 omni.gos X     -0.0 ,Y     -0.1. omgD -0.011 omg  +0.00 loop   5009
[0mBatt=23.5 [0m[33mODOM [31mVisionX  +0.00 Y  +0.00 theta   +0.0 elt    0 [0mimu  -1.1 Dt 3434 LtCy 1717 integ.govd   +0.00   +0.00 integ.vbp +0.00 +0.00 omni.gos X     +0.0 ,Y     -0.3. omgD -0.019 omg  +0.00 loop   4985
[0mBatt=23.5 [0m[33mODOM [31mVisionX  +0.00 Y  +0.00 theta   +0.0 elt    0 [0mimu  -1.1 Dt 3450 LtCy 1725 integ.govd   +0.00   +0.00 integ.vbp +0.00 +0.00 omni.gos X     -0.0 ,Y     -0.3. omgD -0.019 omg  +0.00 loop   5014
[0mBatt=23.5 [0m[33mODOM [31mVisionX  +0.00 Y  +0.00 theta   +0.0 elt    0 [0mimu  -1.1 Dt 3466 LtCy 1733 integ.govd   +0.00   +0.00 integ.vbp +0.00 +0.00 omni.gos X     +0.0 ,Y     -0.1. omgD -0.011 omg  +0.00 loop   5007
[0mBatt=23.5 [0m[33mODOM [31mVisionX  +0.00 Y  +0.00 theta   +0.0 elt    0 [0mimu  -1.1 Dt 3482 LtCy 1741 integ.govd   +0.00   +0.00 integ.vbp +0.00 +0.00 omni.gos X     +0.0 ,Y     +0.0. omgD +0.002 omg  +0.00 loop   4998
[0mBatt=23.5 [0m[33mODOM [31mVisionX  +0.00 Y  +0.00 theta   +0.0 elt    0 [0mimu  -1.1 Dt 3498 LtCy 1749 integ.govd   +0.00   +0.00 integ.vbp +0.00 +0.00 omni.gos X     +0.0 ,Y     -0.0. omgD -0.002 omg  +0.00 loop   5006
[0mBatt=23.5 [0m[33mODOM [31mVisionX  +0.00 Y  +0.00 theta   +0.0 elt    0 [0mimu  -1.1 Dt 3514 LtCy 1757 integ.govd   +0.00   +0.00 integ.vbp +0.00 +0.00 omni.gos X     +0.0 ,Y     -0.1. omgD -0.011 omg  +0.00 loop   5026
[0mBatt=23.5 [0m[33mODOM [31mVisionX  +0.00 Y  +0.00 theta   +0.0 elt    0 [0mimu  -1.1 Dt 3530 LtCy 1765 integ.govd   +0.00   +0.00 integ.vbp +0.00 +0.00 omni.gos X     +0.0 ,Y     -0.1. omgD -0.007 omg  +0.00 loop   4989
[0mBatt=23.5 [0m[33mODOM [31mVisionX  +0.00 Y  +0.00 theta   +0.0 elt    0 [0mimu  -1.1 Dt 3546 LtCy 1773 integ.govd   +0.00   +0.00 integ.vbp +0.00 +0.00 omni.gos X     +0.0 ,Y     -0.1. omgD -0.007 omg  +0.00 loop   5005
[0mBatt=23.5 [0m[33mODOM [31mVisionX  +0.00 Y  +0.00 theta   +0.0 elt    0 [0mimu  -1.1 Dt 3562 LtCy 1781 integ.govd   +0.00   +0.00 integ.vbp +0.00 +0.00 omni.gos X     +0.0 ,Y     -0.0. omgD -0.002 omg  +0.00 loop   5022
[0mBatt=23.5 [0m[33mODOM [31mVisionX  +0.00 Y  +0.00 theta   +0.0 elt    0 [0mimu  -1.1 Dt 3578 LtCy 1789 integ.govd   +0.00   +0.00 integ.vbp +0.00 +0.00 omni.gos X     +0.0 ,Y     +0.0. omgD +0.002 omg  +0.00 loop   5005
[0mBatt=23.5 [0m[33mODOM [31mVisionX  +0.00 Y  +0.00 theta   +0.0 elt    0 [0mimu  -1.1 Dt 3594 LtCy 1797 integ.govd   +0.00   +0.00 integ.vbp +0.00 +0.00 omni.gos X     +0.0 ,Y     -0.2. omgD -0.015 omg  +0.00 loop   4998
[0mBatt=23.5 [0m[33mODOM [31mVisionX  +0.00 Y  +0.00 theta   +0.0 elt    0 [0mimu  -1.1 Dt 3610 LtCy 1805 integ.govd   +0.00   +0.00 integ.vbp +0.00 +0.00 omni.gos X     -0.0 ,Y     -0.2. omgD -0.015 omg  +0.00 loop   5018
[0mBatt=23.5 [0m[33mODOM [31mVisionX  +0.00 Y  +0.00 theta   +0.0 elt    0 [0mimu  -1.1 Dt 3626 LtCy 1813 integ.govd   +0.00   +0.00 integ.vbp +0.00 +0.00 omni.gos X     +0.0 ,Y     -0.2. omgD -0.015 omg  +0.00 loop   5015
[0mBatt=23.5 [0m[33mODOM [31mVisionX  +0.00 Y  +0.00 theta   +0.0 elt    0 [0mimu  -1.1 Dt 3642 LtCy 1821 integ.govd   +0.00   +0.00 integ.vbp +0.00 +0.00 omni.gos X     +0.0 ,Y     -0.1. omgD -0.011 omg  +0.00 loop   4979
[0mBatt=23.5 [0m[33mODOM [31mVisionX  +0.00 Y  +0.00 theta   +0.0 elt    0 [0mimu  -1.1 Dt 3658 LtCy 1829 integ.govd   +0.00   +0.00 integ.vbp +0.00 +0.00 omni.gos X     +0.0 ,Y     +0.0. omgD +0.002 omg  +0.00 loop   5019
[0mBatt=23.5 [0m[33mODOM [31mVisionX  +0.00 Y  +0.00 theta   +0.0 elt    0 [0mimu  -1.1 Dt 3674 LtCy 1837 integ.govd   +0.00   +0.00 integ.vbp +0.00 +0.00 omni.gos X     +0.0 ,Y     -0.0. omgD -0.002 omg  +0.00 loop   5015
[0mBatt=23.5 [0m[33mODOM [31mVisionX  +0.00 Y  +0.00 theta   +0.0 elt    0 [0mimu  -1.1 Dt 3690 LtCy 1845 integ.govd   +0.00   +0.00 integ.vbp +0.00 +0.00 omni.gos X     +0.0 ,Y     -0.1. omgD -0.011 omg  +0.00 loop   4992
[0mBatt=23.5 [0m[33mODOM [31mVisionX  +0.00 Y  +0.00 theta   +0.0 elt    0 [0mimu  -1.1 Dt 3706 LtCy 1853 integ.govd   +0.00   +0.00 integ.vbp +0.00 +0.00 omni.gos X     -0.0 ,Y     -0.2. omgD -0.013 omg  +0.00 loop   5012
[0mBatt=23.5 [0m[33mODOM [31mVisionX  +0.00 Y  +0.00 theta   +0.0 elt    0 [0mimu  -1.1 Dt 3722 LtCy 1861 integ.govd   +0.00   +0.00 integ.vbp +0.00 +0.00 omni.gos X     +0.0 ,Y     -0.0. omgD -0.000 omg  +0.00 loop   5007
[0mBatt=23.5 [0m[33mODOM [31mVisionX  +0.00 Y  +0.00 theta   +0.0 elt    0 [0mimu  -1.1 Dt 3738 LtCy 1869 integ.govd   +0.00   +0.00 integ.vbp +0.00 +0.00 omni.gos X     +0.0 ,Y     +0.1. omgD +0.004 omg  +0.00 loop   5003
[0mBatt=23.5 [0m[33mODOM [31mVisionX  +0.00 Y  +0.00 theta   +0.0 elt    0 [0mimu  -1.1 Dt 3754 LtCy 1877 integ.govd   +0.00   +0.00 integ.vbp +0.00 +0.00 omni.gos X     +0.0 ,Y     -0.0. omgD -0.002 omg  +0.00 loop   5005
[0mBatt=23.5 [0m[33mODOM [31mVisionX  +0.00 Y  +0.00 theta   +0.0 elt    0 [0mimu  -1.1 Dt 3770 LtCy 1885 integ.govd   +0.00   +0.00 integ.vbp +0.00 +0.00 omni.gos X     +0.0 ,Y     -0.1. omgD -0.005 omg  +0.00 loop   5021
[0mBatt=23.5 [0m[33mODOM [31mVisionX  +0.00 Y  +0.00 theta   +0.0 elt    0 [0mimu  -1.1 Dt 3786 LtCy 1893 integ.govd   +0.00   +0.00 integ.vbp +0.00 +0.00 omni.gos X     +0.0 ,Y     -0.2. omgD -0.013 omg  +0.00 loop   5010
[0mBatt=23.5 [0m[33mODOM [31mVisionX  +0.00 Y  +0.00 theta   +0.0 elt    0 [0mimu  -1.1 Dt 3802 LtCy 1901 integ.govd   +0.00   +0.00 integ.vbp +0.00 +0.00 omni.gos X     -0.0 ,Y     -0.1. omgD -0.011 omg  +0.00 loop   4989
[0mBatt=23.5 [0m[33mODOM [31mVisionX  +0.00 Y  +0.00 theta   +0.0 elt    0 [0mimu  -1.1 Dt 3818 LtCy 1909 integ.govd   +0.00   +0.00 integ.vbp +0.00 +0.00 omni.gos X     +0.0 ,Y     -0.0. omgD -0.002 omg  +0.00 loop   5009
[0mBatt=23.5 [0m[33mODOM [31mVisionX  +0.00 Y  +0.00 theta   +0.0 elt    0 [0mimu  -1.1 Dt 3834 LtCy 1917 integ.govd   +0.00   +0.00 integ.vbp +0.00 +0.00 omni.gos X     +0.0 ,Y     -0.0. omgD -0.000 omg  +0.00 loop   5018
[0mBatt=23.5 [0m[33mODOM [31mVisionX  +0.00 Y  +0.00 theta   +0.0 elt    0 [0mimu  -1.1 Dt 3850 LtCy 1925 integ.govd   +0.00   +0.00 integ.vbp +0.00 +0.00 omni.gos X     +0.0 ,Y     +0.1. omgD +0.004 omg  +0.00 loop   4988
[0mBatt=23.5 [0m[33mODOM [31mVisionX  +0.00 Y  +0.00 theta   +0.0 elt    0 [0mimu  -1.1 Dt 3866 LtCy 1933 integ.govd   +0.00   +0.00 integ.vbp +0.00 +0.00 omni.gos X     +0.0 ,Y     -0.1. omgD -0.009 omg  +0.00 loop   5016
[0mBatt=23.5 [0m[33mODOM [31mVisionX  +0.00 Y  +0.00 theta   +0.0 elt    0 [0mimu  -1.1 Dt 3882 LtCy 1941 integ.govd   +0.00   +0.00 integ.vbp +0.00 +0.00 omni.gos X     +0.0 ,Y     -0.1. omgD -0.011 omg  +0.00 loop   5020
[0mBatt=23.5 [0m[33mODOM [31mVisionX  +0.00 Y  +0.00 theta   +0.0 elt    0 [0mimu  -1.1 Dt 3890 LtCy 1945 integ.govd   +0.00   +0.00 integ.vbp +0.00 +0.00 omni.gos X     -0.0 ,Y     -0.2. omgD -0.013 omg  +0.00 loop   2416
[0mBatt=23.5 [0m[33mODOM [31mVisionX  +0.00 Y  +0.00 theta   +0.0 elt    0 [0mimu  -1.1 Dt 3906 LtCy 1953 integ.govd   +0.00   +0.00 integ.vbp +0.00 +0.00 omni.gos X     +0.0 ,Y     -0.1. omgD -0.009 omg  +0.00 loop   4971
[0mBatt=23.5 [0m[33mODOM [31mVisionX  +0.00 Y  +0.00 theta   +0.0 elt    0 [0mimu  -1.1 Dt 3922 LtCy 1961 integ.govd   +0.00   +0.00 integ.vbp +0.00 +0.00 omni.gos X     -0.0 ,Y     -0.0. omgD -0.002 omg  +0.00 loop   5023
[0mBatt=23.5 [0m[33mODOM [31mVisionX  +0.00 Y  +0.00 theta   +0.0 elt    0 [0mimu  -1.1 Dt 3938 LtCy 1969 integ.govd   +0.00   +0.00 integ.vbp +0.00 +0.00 omni.gos X     +0.0 ,Y     -0.0. omgD -0.000 omg  +0.00 loop   5007
[0mBatt=23.5 [0m[33mODOM [31mVisionX  +0.00 Y  +0.00 theta   +0.0 elt    0 [0mimu  -1.1 Dt 3954 LtCy 1977 integ.govd   +0.00   +0.00 integ.vbp +0.00 +0.00 omni.gos X     +0.0 ,Y     +0.0. omgD +0.002 omg  +0.00 loop   4997
[0mBatt=23.5 [0m[33mODOM [31mVisionX  +0.00 Y  +0.00 theta   +0.0 elt    0 [0mimu  -1.1 Dt 3970 LtCy 1985 integ.govd   +0.00   +0.00 integ.vbp +0.00 +0.00 omni.gos X     +0.0 ,Y     -0.0. omgD -0.002 omg  +0.00 loop   5012
[0mBatt=23.5 [0m[33mODOM [31mVisionX  +0.00 Y  +0.00 theta   +0.0 elt    0 [0mimu  -1.1 Dt 3986 LtCy 1993 integ.govd   +0.00   +0.00 integ.vbp +0.00 +0.00 omni.gos X     +0.0 ,Y     -0.1. omgD -0.009 omg  +0.00 loop   5015
[0mBatt=23.5 [0m[33mODOM [31mVisionX  +0.00 Y  +0.00 theta   +0.0 elt    0 [0mimu  -1.1 Dt 4002 LtCy 2001 integ.govd   +0.00   +0.00 integ.vbp +0.00 +0.00 omni.gos X     +0.0 ,Y     -0.1. omgD -0.005 omg  +0.00 loop   5005
[0mBatt=23.5 [0m[33mODOM [31mVisionX  +0.00 Y  +0.00 theta   +0.0 elt    0 [0mimu  -1.1 Dt 4018 LtCy 2009 integ.govd   +0.00   +0.00 integ.vbp +0.00 +0.00 omni.gos X     +0.0 ,Y     +0.0. omgD +0.002 omg  +0.00 loop   4997
[0mBatt=23.5 [0m[33mODOM [31mVisionX  +0.00 Y  +0.00 theta   +0.0 elt    0 [0mimu  -1.1 Dt 4034 LtCy 2017 integ.govd   +0.00   +0.00 integ.vbp +0.00 +0.00 omni.gos X     -0.0 ,Y     -0.1. omgD -0.007 omg  +0.00 loop   5022
[0mBatt=23.5 [0m[33mODOM [31mVisionX  +0.00 Y  +0.00 theta   +0.0 elt    0 [0mimu  -1.1 Dt 4050 LtCy 2025 integ.govd   +0.00   +0.00 integ.vbp +0.00 +0.00 omni.gos X     -0.0 ,Y     -0.1. omgD -0.011 omg  +0.00 loop   4997
[0mBatt=23.5 [0m[33mODOM [31mVisionX  +0.00 Y  +0.00 theta   +0.0 elt    0 [0mimu  -1.1 Dt 4066 LtCy 2033 integ.govd   +0.00   +0.00 integ.vbp +0.00 +0.00 omni.gos X     -0.0 ,Y     -0.1. omgD -0.007 omg  +0.00 loop   4990
[0mBatt=23.5 [0m[33mODOM [31mVisionX  +0.00 Y  +0.00 theta   +0.0 elt    0 [0mimu  -1.1 Dt 4082 LtCy 2041 integ.govd   +0.00   +0.00 integ.vbp +0.00 +0.00 omni.gos X     +0.0 ,Y     +0.0. omgD +0.002 omg  +0.00 loop   5013
[0mBatt=23.5 [0m[33mODOM [31mVisionX  +0.00 Y  +0.00 theta   +0.0 elt    0 [0mimu  -1.1 Dt 4098 LtCy 2049 integ.govd   +0.00   +0.00 integ.vbp +0.00 +0.00 omni.gos X     -0.0 ,Y     -0.1. omgD -0.007 omg  +0.00 loop   5015
[0mBatt=23.5 [0m[33mODOM [31mVisionX  +0.00 Y  +0.00 theta   +0.0 elt    0 [0mimu  -1.2 Dt 4114 LtCy 2057 integ.govd   +0.00   +0.00 integ.vbp +0.00 +0.00 omni.gos X     +0.0 ,Y     -0.0. omgD -0.002 omg  +0.00 loop   4983
[0mBatt=23.5 [0m[33mODOM [31mVisionX  +0.00 Y  +0.00 theta   +0.0 elt    0 [0mimu  -1.2 Dt 4130 LtCy 2065 integ.govd   +0.00   +0.00 integ.vbp +0.00 +0.00 omni.gos X     +0.0 ,Y     -0.1. omgD -0.011 omg  +0.00 loop   5017
[0mBatt=23.5 [0m[33mODOM [31mVisionX  +0.00 Y  +0.00 theta   +0.0 elt    0 [0mimu  -1.2 Dt 4146 LtCy 2073 integ.govd   +0.00   +0.00 integ.vbp +0.00 +0.00 omni.gos X     +0.0 ,Y     -0.1. omgD -0.007 omg  +0.00 loop   5018
[0mBatt=23.5 [0m[33mODOM [31mVisionX  +0.00 Y  +0.00 theta   +0.0 elt    0 [0mimu  -1.2 Dt 4162 LtCy 2081 integ.govd   +0.00   +0.00 integ.vbp +0.00 +0.00 omni.gos X     +0.0 ,Y     +0.0. omgD +0.002 omg  +0.00 loop   4988
[0mBatt=23.5 [0m[33mODOM [31mVisionX  +0.00 Y  +0.00 theta   +0.0 elt    0 [0mimu  -1.2 Dt 4178 LtCy 2089 integ.govd   +0.00   +0.00 integ.vbp +0.00 +0.00 omni.gos X     +0.0 ,Y     +0.0. omgD +0.002 omg  +0.00 loop   5014
[0mBatt=23.5 [0m[33mODOM [31mVisionX  +0.00 Y  +0.00 theta   +0.0 elt    0 [0mimu  -1.2 Dt 4194 LtCy 2097 integ.govd   +0.00   +0.00 integ.vbp +0.00 +0.00 omni.gos X     +0.0 ,Y     +0.1. omgD +0.006 omg  +0.00 loop   5017
[0mBatt=23.5 [0m[33mODOM [31mVisionX  +0.00 Y  +0.00 theta   +0.0 elt    0 [0mimu  -1.2 Dt 4210 LtCy 2105 integ.govd   +0.00   +0.00 integ.vbp +0.00 +0.00 omni.gos X     +0.0 ,Y     +0.0. omgD +0.002 omg  +0.00 loop   5004
[0mBatt=23.5 [0m[33mODOM [31mVisionX  +0.00 Y  +0.00 theta   +0.0 elt    0 [0mimu  -1.2 Dt 4226 LtCy 2113 integ.govd   +0.00   +0.00 integ.vbp +0.00 +0.00 omni.gos X     +0.0 ,Y     -0.2. omgD -0.015 omg  +0.00 loop   5007
[0mBatt=23.5 [0m[33mODOM [31mVisionX  +0.00 Y  +0.00 theta   +0.0 elt    0 [0mimu  -1.2 Dt 4242 LtCy 2121 integ.govd   +0.00   +0.00 integ.vbp +0.00 +0.00 omni.gos X     +0.0 ,Y     -0.0. omgD -0.002 omg  +0.00 loop   5015
[0mBatt=23.5 [0m[33mODOM [31mVisionX  +0.00 Y  +0.00 theta   +0.0 elt    0 [0mimu  -1.2 Dt 4258 LtCy 2129 integ.govd   +0.00   +0.00 integ.vbp +0.00 +0.00 omni.gos X     +0.0 ,Y     -0.1. omgD -0.011 omg  +0.00 loop   5013
[0mBatt=23.5 [0m[33mODOM [31mVisionX  +0.00 Y  +0.00 theta   +0.0 elt    0 [0mimu  -1.2 Dt 4274 LtCy 2137 integ.govd   +0.00   +0.00 integ.vbp +0.00 +0.00 omni.gos X     +0.0 ,Y     +0.0. omgD +0.002 omg  +0.00 loop   4984
[0mBatt=23.5 [0m[33mODOM [31mVisionX  +0.00 Y  +0.00 theta   +0.0 elt    0 [0mimu  -1.2 Dt 4290 LtCy 2145 integ.govd   +0.00   +0.00 integ.vbp +0.00 +0.00 omni.gos X     +0.0 ,Y     +0.0. omgD +0.002 omg  +0.00 loop   5025
[0mBatt=23.5 [0m[33mODOM [31mVisionX  +0.00 Y  +0.00 theta   +0.0 elt    0 [0mimu  -1.2 Dt 4306 LtCy 2153 integ.govd   +0.00   +0.00 integ.vbp +0.00 +0.00 omni.gos X     +0.0 ,Y     +0.0. omgD +0.002 omg  +0.00 loop   5014
[0mBatt=23.5 [0m[33mODOM [31mVisionX  +0.00 Y  +0.00 theta   +0.0 elt    0 [0mimu  -1.2 Dt 4322 LtCy 2161 integ.govd   +0.00   +0.00 integ.vbp +0.00 +0.00 omni.gos X     +0.0 ,Y     -0.1. omgD -0.011 omg  +0.00 loop   4985
[0mBatt=23.5 [0m[33mODOM [31mVisionX  +0.00 Y  +0.00 theta   +0.0 elt    0 [0mimu  -1.2 Dt 4338 LtCy 2169 integ.govd   +0.00   +0.00 integ.vbp +0.00 +0.00 omni.gos X     +0.0 ,Y     -0.1. omgD -0.007 omg  +0.00 loop   5015
[0mBatt=23.5 [0m[33mODOM [31mVisionX  +0.00 Y  +0.00 theta   +0.0 elt    0 [0mimu  -1.2 Dt 4354 LtCy 2177 integ.govd   +0.00   +0.00 integ.vbp +0.00 +0.00 omni.gos X     +0.0 ,Y     -0.1. omgD -0.007 omg  +0.00 loop   5020
[0mBatt=23.5 [0m[33mODOM [31mVisionX  +0.00 Y  +0.00 theta   +0.0 elt    0 [0mimu  -1.2 Dt 4370 LtCy 2185 integ.govd   +0.00   +0.00 integ.vbp +0.00 +0.00 omni.gos X     +0.0 ,Y     -0.1. omgD -0.007 omg  +0.00 loop   4994
[0mBatt=23.5 [0m[33mODOM [31mVisionX  +0.00 Y  +0.00 theta   +0.0 elt    0 [0mimu  -1.2 Dt 4386 LtCy 2193 integ.govd   +0.00   +0.00 integ.vbp +0.00 +0.00 omni.gos X     +0.0 ,Y     +0.1. omgD +0.006 omg  +0.00 loop   5006
[0mBatt=23.5 [0m[33mODOM [31mVisionX  +0.00 Y  +0.00 theta   +0.0 elt    0 [0mimu  -1.2 Dt 4402 LtCy 2201 integ.govd   +0.00   +0.00 integ.vbp +0.00 +0.00 omni.gos X     -0.0 ,Y     -0.1. omgD -0.007 omg  +0.00 loop   5026
[0mBatt=23.5 [0m[33mODOM [31mVisionX  +0.00 Y  +0.00 theta   +0.0 elt    0 [0mimu  -1.2 Dt 4418 LtCy 2209 integ.govd   +0.00   +0.00 integ.vbp +0.00 +0.00 omni.gos X     +0.0 ,Y     -0.2. omgD -0.015 omg  +0.00 loop   4992
[0mBatt=23.5 [0m[33mODOM [31mVisionX  +0.00 Y  +0.00 theta   +0.0 elt    0 [0mimu  -1.2 Dt 4434 LtCy 2217 integ.govd   +0.00   +0.00 integ.vbp +0.00 +0.00 omni.gos X     +0.0 ,Y     -0.1. omgD -0.007 omg  +0.00 loop   4999
[0mBatt=23.5 [0m[33mODOM [31mVisionX  +0.00 Y  +0.00 theta   +0.0 elt    0 [0mimu  -1.2 Dt 4450 LtCy 2225 integ.govd   +0.00   +0.00 integ.vbp +0.00 +0.00 omni.gos X     +0.0 ,Y     -0.0. omgD -0.002 omg  +0.00 loop   5022
[0mBatt=23.5 [0m[33mODOM [31mVisionX  +0.00 Y  +0.00 theta   +0.0 elt    0 [0mimu  -1.2 Dt 4466 LtCy 2233 integ.govd   +0.00   +0.00 integ.vbp +0.00 +0.00 omni.gos X     +0.0 ,Y     +0.0. omgD +0.002 omg  +0.00 loop   5005
[0mBatt=23.5 [0m[33mODOM [31mVisionX  +0.00 Y  +0.00 theta   +0.0 elt    0 [0mimu  -1.2 Dt 4482 LtCy 2241 integ.govd   +0.00   +0.00 integ.vbp +0.00 +0.00 omni.gos X     +0.0 ,Y     -0.0. omgD -0.002 omg  +0.00 loop   4992
[0mBatt=23.5 [0m[33mODOM [31mVisionX  +0.00 Y  +0.00 theta   +0.0 elt    0 [0mimu  -1.2 Dt 4498 LtCy 2249 integ.govd   +0.00   +0.00 integ.vbp +0.00 +0.00 omni.gos X     +0.0 ,Y     -0.1. omgD -0.011 omg  +0.00 loop   5016
[0mBatt=23.5 [0m[33mODOM [31mVisionX  +0.00 Y  +0.00 theta   +0.0 elt    0 [0mimu  -1.2 Dt 4514 LtCy 2257 integ.govd   +0.00   +0.00 integ.vbp +0.00 +0.00 omni.gos X     +0.0 ,Y     -0.0. omgD -0.002 omg  +0.00 loop   5019
[0mBatt=23.5 [0m[33mODOM [31mVisionX  +0.00 Y  +0.00 theta   +0.0 elt    0 [0mimu  -1.2 Dt 4530 LtCy 2265 integ.govd   +0.00   +0.00 integ.vbp +0.00 +0.00 omni.gos X     +0.0 ,Y     -0.0. omgD -0.002 omg  +0.00 loop   4989
[0mBatt=23.5 [0m[33mODOM [31mVisionX  +0.00 Y  +0.00 theta   +0.0 elt    0 [0mimu  -1.2 Dt 4546 LtCy 2273 integ.govd   +0.00   +0.00 integ.vbp +0.00 +0.00 omni.gos X     +0.0 ,Y     -0.0. omgD -0.002 omg  +0.00 loop   5012
[0mBatt=23.5 [0m[33mODOM [31mVisionX  +0.00 Y  +0.00 theta   +0.0 elt    0 [0mimu  -1.2 Dt 4562 LtCy 2281 integ.govd   +0.00   +0.00 integ.vbp +0.00 +0.00 omni.gos X     +0.0 ,Y     -0.0. omgD -0.002 omg  +0.00 loop   5018
[0mBatt=23.5 [0m[33mODOM [31mVisionX  +0.00 Y  +0.00 theta   +0.0 elt    0 [0mimu  -1.2 Dt 4578 LtCy 2289 integ.govd   +0.00   +0.00 integ.vbp +0.00 +0.00 omni.gos X     +0.0 ,Y     -0.1. omgD -0.011 omg  +0.00 loop   4997
[0mBatt=23.5 [0m[33mODOM [31mVisionX  +0.00 Y  +0.00 theta   +0.0 elt    0 [0mimu  -1.2 Dt 4594 LtCy 2297 integ.govd   +0.00   +0.00 integ.vbp +0.00 +0.00 omni.gos X     +0.0 ,Y     -0.1. omgD -0.007 omg  +0.00 loop   5003
[0mBatt=23.5 [0m[33mODOM [31mVisionX  +0.00 Y  +0.00 theta   +0.0 elt    0 [0mimu  -1.2 Dt 4610 LtCy 2305 integ.govd   +0.00   +0.00 integ.vbp +0.00 +0.00 omni.gos X     +0.0 ,Y     -0.1. omgD -0.007 omg  +0.00 loop   5019
[0mBatt=23.5 [0m[33mODOM [31mVisionX  +0.00 Y  +0.00 theta   +0.0 elt    0 [0mimu  -1.2 Dt 4626 LtCy 2313 integ.govd   +0.00   +0.00 integ.vbp +0.00 +0.00 omni.gos X     +0.0 ,Y     -0.0. omgD -0.002 omg  +0.00 loop   5009
[0mBatt=23.5 [0m[33mODOM [31mVisionX  +0.00 Y  +0.00 theta   +0.0 elt    0 [0mimu  -1.2 Dt 4642 LtCy 2321 integ.govd   +0.00   +0.00 integ.vbp +0.00 +0.00 omni.gos X     -0.0 ,Y     -0.1. omgD -0.007 omg  +0.00 loop   4996
[0mBatt=23.5 [0m[33mODOM [31mVisionX  +0.00 Y  +0.00 theta   +0.0 elt    0 [0mimu  -1.2 Dt 4658 LtCy 2329 integ.govd   +0.00   +0.00 integ.vbp +0.00 +0.00 omni.gos X     +0.0 ,Y     -0.1. omgD -0.007 omg  +0.00 loop   5010
[0mBatt=23.5 [0m[33mODOM [31mVisionX  +0.00 Y  +0.00 theta   +0.0 elt    0 [0mimu  -1.2 Dt 4674 LtCy 2337 integ.govd   +0.00   +0.00 integ.vbp +0.00 +0.00 omni.gos X     -0.0 ,Y     -0.1. omgD -0.007 omg  +0.00 loop   5025
[0mBatt=23.5 [0m[33mODOM [31mVisionX  +0.00 Y  +0.00 theta   +0.0 elt    0 [0mimu  -1.2 Dt 4690 LtCy 2345 integ.govd   +0.00   +0.00 integ.vbp +0.00 +0.00 omni.gos X     +0.0 ,Y     -0.0. omgD -0.002 omg  +0.00 loop   4977
[0mBatt=23.5 [0m[33mODOM [31mVisionX  +0.00 Y  +0.00 theta   +0.0 elt    0 [0mimu  -1.2 Dt 4706 LtCy 2353 integ.govd   +0.00   +0.00 integ.vbp +0.00 +0.00 omni.gos X     +0.0 ,Y     +0.0. omgD +0.002 omg  +0.00 loop   5003
[0mBatt=23.5 [0m[33mODOM [31mVisionX  +0.00 Y  +0.00 theta   +0.0 elt    0 [0mimu  -1.2 Dt 4722 LtCy 2361 integ.govd   +0.00   +0.00 integ.vbp +0.00 +0.00 omni.gos X     +0.0 ,Y     -0.1. omgD -0.007 omg  +0.00 loop   5022
[0mBatt=23.5 [0m[33mODOM [31mVisionX  +0.00 Y  +0.00 theta   +0.0 elt    0 [0mimu  -1.2 Dt 4738 LtCy 2369 integ.govd   +0.00   +0.00 integ.vbp +0.00 +0.00 omni.gos X     +0.0 ,Y     -0.1. omgD -0.011 omg  +0.00 loop   4994
[0mBatt=23.5 [0m[33mODOM [31mVisionX  +0.00 Y  +0.00 theta   +0.0 elt    0 [0mimu  -1.2 Dt 4754 LtCy 2377 integ.govd   +0.00   +0.00 integ.vbp +0.00 +0.00 omni.gos X     -0.0 ,Y     -0.1. omgD -0.007 omg  +0.00 loop   5010
[0mBatt=23.5 [0m[33mODOM [31mVisionX  +0.00 Y  +0.00 theta   +0.0 elt    0 [0mimu  -1.2 Dt 4770 LtCy 2385 integ.govd   +0.00   +0.00 integ.vbp +0.00 +0.00 omni.gos X     +0.0 ,Y     -0.1. omgD -0.007 omg  +0.00 loop   5009
[0mBatt=23.5 [0m[33mODOM [31mVisionX  +0.00 Y  +0.00 theta   +0.0 elt    0 [0mimu  -1.2 Dt 4786 LtCy 2393 integ.govd   +0.00   +0.00 integ.vbp +0.00 +0.00 omni.gos X     +0.0 ,Y     -0.1. omgD -0.007 omg  +0.00 loop   5008
[0mBatt=23.5 [0m[33mODOM [31mVisionX  +0.00 Y  +0.00 theta   +0.0 elt    0 [0mimu  -1.2 Dt 4802 LtCy 2401 integ.govd   +0.00   +0.00 integ.vbp +0.00 +0.00 omni.gos X     +0.0 ,Y     -0.1. omgD -0.011 omg  +0.00 loop   4998
[0mBatt=23.5 [0m[33mODOM [31mVisionX  +0.00 Y  +0.00 theta   +0.0 elt    0 [0mimu  -1.2 Dt 4818 LtCy 2409 integ.govd   +0.00   +0.00 integ.vbp +0.00 +0.00 omni.gos X     -0.0 ,Y     -0.1. omgD -0.007 omg  +0.00 loop   5024
[0mBatt=23.5 [0m[33mODOM [31mVisionX  +0.00 Y  +0.00 theta   +0.0 elt    0 [0mimu  -1.2 Dt 4834 LtCy 2417 integ.govd   +0.00   +0.00 integ.vbp +0.00 +0.00 omni.gos X     +0.0 ,Y     -0.1. omgD -0.011 omg  +0.00 loop   5002
[0mBatt=23.5 [0m[33mODOM [31mVisionX  +0.00 Y  +0.00 theta   +0.0 elt    0 [0mimu  -1.2 Dt 4850 LtCy 2425 integ.govd   +0.00   +0.00 integ.vbp +0.00 +0.00 omni.gos X     +0.0 ,Y     +0.0. omgD +0.002 omg  +0.00 loop   4990
[0mBatt=23.5 [0m[33mODOM [31mVisionX  +0.00 Y  +0.00 theta   +0.0 elt    0 [0mimu  -1.2 Dt 4866 LtCy 2433 integ.govd   +0.00   +0.00 integ.vbp +0.00 +0.00 omni.gos X     +0.0 ,Y     -0.0. omgD -0.002 omg  +0.00 loop   5011
[0mBatt=23.5 [0m[33mODOM [31mVisionX  +0.00 Y  +0.00 theta   +0.0 elt    0 [0mimu  -1.2 Dt 4882 LtCy 2441 integ.govd   +0.00   +0.00 integ.vbp +0.00 +0.00 omni.gos X     +0.0 ,Y     -0.1. omgD -0.007 omg  +0.00 loop   5019
[0mBatt=23.5 [0m[33mODOM [31mVisionX  +0.00 Y  +0.00 theta   +0.0 elt    0 [0mimu  -1.2 Dt 4890 LtCy 2445 integ.govd   +0.00   +0.00 integ.vbp +0.00 +0.00 omni.gos X     +0.0 ,Y     -0.1. omgD -0.011 omg  +0.00 loop   2411
[0mBatt=23.5 [0m[33mODOM [31mVisionX  +0.00 Y  +0.00 theta   +0.0 elt    0 [0mimu  -1.2 Dt 4906 LtCy 2453 integ.govd   +0.00   +0.00 integ.vbp +0.00 +0.00 omni.gos X     +0.0 ,Y     -0.0. omgD -0.002 omg  +0.00 loop   4994
[0mBatt=23.5 [0m[33mODOM [31mVisionX  +0.00 Y  +0.00 theta   +0.0 elt    0 [0mimu  -1.2 Dt 4922 LtCy 2461 integ.govd   +0.00   +0.00 integ.vbp +0.00 +0.00 omni.gos X     -0.0 ,Y     -0.0. omgD -0.002 omg  +0.00 loop   5024
[0mBatt=23.5 [0m[33mODOM [31mVisionX  +0.00 Y  +0.00 theta   +0.0 elt    0 [0mimu  -1.2 Dt 4938 LtCy 2469 integ.govd   +0.00   +0.00 integ.vbp +0.00 +0.00 omni.gos X     +0.0 ,Y     +0.0. omgD +0.002 omg  +0.00 loop   5005
[0mBatt=23.5 [0m[33mODOM [31mVisionX  +0.00 Y  +0.00 theta   +0.0 elt    0 [0mimu  -1.2 Dt 4954 LtCy 2477 integ.govd   +0.00   +0.00 integ.vbp +0.00 +0.00 omni.gos X     +0.0 ,Y     +0.0. omgD +0.002 omg  +0.00 loop   4995
[0mBatt=23.5 [0m[33mODOM [31mVisionX  +0.00 Y  +0.00 theta   +0.0 elt    0 [0mimu  -1.2 Dt 4970 LtCy 2485 integ.govd   +0.00   +0.00 integ.vbp +0.00 +0.00 omni.gos X     +0.0 ,Y     -0.1. omgD -0.007 omg  +0.00 loop   5024
[0mBatt=23.5 [0m[33mODOM [31mVisionX  +0.00 Y  +0.00 theta   +0.0 elt    0 [0mimu  -1.2 Dt 4986 LtCy 2493 integ.govd   +0.00   +0.00 integ.vbp +0.00 +0.00 omni.gos X     +0.0 ,Y     -0.1. omgD -0.007 omg  +0.00 loop   5014
[0mBatt=23.5 [0m[33mODOM [31mVisionX  +0.00 Y  +0.00 theta   +0.0 elt    0 [0mimu  -1.2 Dt 5002 LtCy 2501 integ.govd   +0.00   +0.00 integ.vbp +0.00 +0.00 omni.gos X     +0.0 ,Y     +0.1. omgD +0.006 omg  +0.00 loop   4995
[0mBatt=23.5 [0m[33mODOM [31mVisionX  +0.00 Y  +0.00 theta   +0.0 elt    0 [0mimu  -1.2 Dt 5018 LtCy 2509 integ.govd   +0.00   +0.00 integ.vbp +0.00 +0.00 omni.gos X     +0.0 ,Y     +0.1. omgD +0.006 omg  +0.00 loop   5012
[0mBatt=23.5 [0m[33mODOM [31mVisionX  +0.00 Y  +0.00 theta   +0.0 elt    0 [0mimu  -1.2 Dt 5034 LtCy 2517 integ.govd   +0.00   +0.00 integ.vbp +0.00 +0.00 omni.gos X     +0.0 ,Y     -0.1. omgD -0.007 omg  +0.00 loop   5026
[0mBatt=23.5 [0m[33mODOM [31mVisionX  +0.00 Y  +0.00 theta   +0.0 elt    0 [0mimu  -1.2 Dt 5050 LtCy 2525 integ.govd   +0.00   +0.00 integ.vbp +0.00 +0.00 omni.gos X     +0.0 ,Y     -0.1. omgD -0.007 omg  +0.00 loop   4997
[0mBatt=23.5 [0m[33mODOM [31mVisionX  +0.00 Y  +0.00 theta   +0.0 elt    0 [0mimu  -1.2 Dt 5066 LtCy 2533 integ.govd   +0.00   +0.00 integ.vbp +0.00 +0.00 omni.gos X     +0.0 ,Y     -0.2. omgD -0.015 omg  +0.00 loop   5006
[0mBatt=23.5 [0m[33mODOM [31mVisionX  +0.00 Y  +0.00 theta   +0.0 elt    0 [0mimu  -1.2 Dt 5082 LtCy 2541 integ.govd   +0.00   +0.00 integ.vbp +0.00 +0.00 omni.gos X     +0.0 ,Y     -0.1. omgD -0.007 omg  +0.00 loop   5020
[0mBatt=23.5 [0m[33mODOM [31mVisionX  +0.00 Y  +0.00 theta   +0.0 elt    0 [0mimu  -1.2 Dt 5098 LtCy 2549 integ.govd   +0.00   +0.00 integ.vbp +0.00 +0.00 omni.gos X     -0.0 ,Y     -0.0. omgD -0.002 omg  +0.00 loop   5009
[0mBatt=23.5 [0m[33mODOM [31mVisionX  +0.00 Y  +0.00 theta   +0.0 elt    0 [0mimu  -1.2 Dt 5114 LtCy 2557 integ.govd   +0.00   +0.00 integ.vbp +0.00 +0.00 omni.gos X     +0.0 ,Y     -0.0. omgD -0.002 omg  +0.00 loop   4988
[0mBatt=23.5 [0m[33mODOM [31mVisionX  +0.00 Y  +0.00 theta   +0.0 elt    0 [0mimu  -1.2 Dt 5130 LtCy 2565 integ.govd   +0.00   +0.00 integ.vbp +0.00 +0.00 omni.gos X     +0.0 ,Y     -0.1. omgD -0.007 omg  +0.00 loop   5017
[0mBatt=23.5 [0m[33mODOM [31mVisionX  +0.00 Y  +0.00 theta   +0.0 elt    0 [0mimu  -1.2 Dt 5146 LtCy 2573 integ.govd   +0.00   +0.00 integ.vbp +0.00 +0.00 omni.gos X     -0.0 ,Y     -0.1. omgD -0.005 omg  +0.00 loop   5001
[0mBatt=23.5 [0m[33mODOM [31mVisionX  +0.00 Y  +0.00 theta   +0.0 elt    0 [0mimu  -1.2 Dt 5162 LtCy 2581 integ.govd   +0.00   +0.00 integ.vbp +0.00 +0.00 omni.gos X     +0.0 ,Y     -0.0. omgD -0.000 omg  +0.00 loop   4971
[0mBatt=23.5 [0m[33mODOM [31mVisionX  +0.00 Y  +0.00 theta   +0.0 elt    0 [0mimu  -1.2 Dt 5178 LtCy 2589 integ.govd   +0.00   +0.00 integ.vbp +0.00 +0.00 omni.gos X     -0.0 ,Y     -0.1. omgD -0.005 omg  +0.00 loop   5028
[0mBatt=23.5 [0m[33mODOM [31mVisionX  +0.00 Y  +0.00 theta   +0.0 elt    0 [0mimu  -1.2 Dt 5194 LtCy 2597 integ.govd   +0.00   +0.00 integ.vbp +0.00 +0.00 omni.gos X     +0.0 ,Y     -0.0. omgD -0.000 omg  +0.00 loop   5017
[0mBatt=23.5 [0m[33mODOM [31mVisionX  +0.00 Y  +0.00 theta   +0.0 elt    0 [0mimu  -1.2 Dt 5210 LtCy 2605 integ.govd   +0.00   +0.00 integ.vbp +0.00 +0.00 omni.gos X     +0.0 ,Y     -0.1. omgD -0.007 omg  +0.00 loop   4994
[0mBatt=23.5 [0m[33mODOM [31mVisionX  +0.00 Y  +0.00 theta   +0.0 elt    0 [0mimu  -1.2 Dt 5226 LtCy 2613 integ.govd   +0.00   +0.00 integ.vbp +0.00 +0.00 omni.gos X     -0.0 ,Y     -0.1. omgD -0.005 omg  +0.00 loop   5024
[0mBatt=23.5 [0m[33mODOM [31mVisionX  +0.00 Y  +0.00 theta   +0.0 elt    0 [0mimu  -1.2 Dt 5242 LtCy 2621 integ.govd   +0.00   +0.00 integ.vbp +0.00 +0.00 omni.gos X     +0.0 ,Y     -0.0. omgD -0.000 omg  +0.00 loop   5013
[0mBatt=23.5 [0m[33mODOM [31mVisionX  +0.00 Y  +0.00 theta   +0.0 elt    0 [0mimu  -1.2 Dt 5258 LtCy 2629 integ.govd   +0.00   +0.00 integ.vbp +0.00 +0.00 omni.gos X     +0.0 ,Y     -0.1. omgD -0.005 omg  +0.00 loop   5003
[0mBatt=23.5 [0m[33mODOM [31mVisionX  +0.00 Y  +0.00 theta   +0.0 elt    0 [0mimu  -1.2 Dt 5274 LtCy 2637 integ.govd   +0.00   +0.00 integ.vbp +0.00 +0.00 omni.gos X     +0.0 ,Y     -0.1. omgD -0.005 omg  +0.00 loop   5002
[0mBatt=23.5 [0m[33mODOM [31mVisionX  +0.00 Y  +0.00 theta   +0.0 elt    0 [0mimu  -1.2 Dt 5290 LtCy 2645 integ.govd   +0.00   +0.00 integ.vbp +0.00 +0.00 omni.gos X     -0.0 ,Y     -0.1. omgD -0.007 omg  +0.00 loop   5023
[0mBatt=23.5 [0m[33mODOM [31mVisionX  +0.00 Y  +0.00 theta   +0.0 elt    0 [0mimu  -1.2 Dt 5306 LtCy 2653 integ.govd   +0.00   +0.00 integ.vbp +0.00 +0.00 omni.gos X     -0.0 ,Y     -0.1. omgD -0.007 omg  +0.00 loop   5008
[0mBatt=23.5 [0m[33mODOM [31mVisionX  +0.00 Y  +0.00 theta   +0.0 elt    0 [0mimu  -1.2 Dt 5322 LtCy 2661 integ.govd   +0.00   +0.00 integ.vbp +0.00 +0.00 omni.gos X     +0.0 ,Y     +0.1. omgD +0.004 omg  +0.00 loop   4985
[0mBatt=23.5 [0m[33mODOM [31mVisionX  +0.00 Y  +0.00 theta   +0.0 elt    0 [0mimu  -1.2 Dt 5338 LtCy 2669 integ.govd   +0.00   +0.00 integ.vbp +0.00 +0.00 omni.gos X     -0.0 ,Y     -0.1. omgD -0.005 omg  +0.00 loop   5023
[0mBatt=23.5 [0m[33mODOM [31mVisionX  +0.00 Y  +0.00 theta   +0.0 elt    0 [0mimu  -1.2 Dt 5354 LtCy 2677 integ.govd   +0.00   +0.00 integ.vbp +0.00 +0.00 omni.gos X     +0.0 ,Y     -0.1. omgD -0.009 omg  +0.00 loop   5016
[0mBatt=23.5 [0m[33mODOM [31mVisionX  +0.00 Y  +0.00 theta   +0.0 elt    0 [0mimu  -1.2 Dt 5370 LtCy 2685 integ.govd   +0.00   +0.00 integ.vbp +0.00 +0.00 omni.gos X     +0.0 ,Y     -0.1. omgD -0.009 omg  +0.00 loop   4996
[0mBatt=23.5 [0m[33mODOM [31mVisionX  +0.00 Y  +0.00 theta   +0.0 elt    0 [0mimu  -1.2 Dt 5386 LtCy 2693 integ.govd   +0.00   +0.00 integ.vbp +0.00 +0.00 omni.gos X     +0.0 ,Y     -0.0. omgD -0.002 omg  +0.00 loop   5014
[0mBatt=23.5 [0m[33mODOM [31mVisionX  +0.00 Y  +0.00 theta   +0.0 elt    0 [0mimu  -1.2 Dt 5402 LtCy 2701 integ.govd   +0.00   +0.00 integ.vbp +0.00 +0.00 omni.gos X     +0.0 ,Y     -0.0. omgD -0.000 omg  +0.00 loop   5023
[0mBatt=23.5 [0m[33mODOM [31mVisionX  +0.00 Y  +0.00 theta   +0.0 elt    0 [0mimu  -1.2 Dt 5418 LtCy 2709 integ.govd   +0.00   +0.00 integ.vbp +0.00 +0.00 omni.gos X     +0.0 ,Y     -0.1. omgD -0.009 omg  +0.00 loop   5005
[0mBatt=23.5 [0m[33mODOM [31mVisionX  +0.00 Y  +0.00 theta   +0.0 elt    0 [0mimu  -1.2 Dt 5434 LtCy 2717 integ.govd   +0.00   +0.00 integ.vbp +0.00 +0.00 omni.gos X     +0.0 ,Y     -0.1. omgD -0.005 omg  +0.00 loop   5012
[0mBatt=23.5 [0m[33mODOM [31mVisionX  +0.00 Y  +0.00 theta   +0.0 elt    0 [0mimu  -1.2 Dt 5450 LtCy 2725 integ.govd   +0.00   +0.00 integ.vbp +0.00 +0.00 omni.gos X     -0.0 ,Y     -0.2. omgD -0.013 omg  +0.00 loop   5032
[0mBatt=23.5 [0m[33mODOM [31mVisionX  +0.00 Y  +0.00 theta   +0.0 elt    0 [0mimu  -1.2 Dt 5466 LtCy 2733 integ.govd   +0.00   +0.00 integ.vbp +0.00 +0.00 omni.gos X     -0.0 ,Y     -0.1. omgD -0.009 omg  +0.00 loop   5002
[0mBatt=23.5 [0m[33mODOM [31mVisionX  +0.00 Y  +0.00 theta   +0.0 elt    0 [0mimu  -1.2 Dt 5482 LtCy 2741 integ.govd   +0.00   +0.00 integ.vbp +0.00 +0.00 omni.gos X     +0.0 ,Y     -0.1. omgD -0.007 omg  +0.00 loop   5003
[0mBatt=23.5 [0m[33mODOM [31mVisionX  +0.00 Y  +0.00 theta   +0.0 elt    0 [0mimu  -1.2 Dt 5498 LtCy 2749 integ.govd   +0.00   +0.00 integ.vbp +0.00 +0.00 omni.gos X     +0.0 ,Y     +0.0. omgD +0.002 omg  +0.00 loop   5023
[0mBatt=23.5 [0m[33mODOM [31mVisionX  +0.00 Y  +0.00 theta   +0.0 elt    0 [0mimu  -1.2 Dt 5514 LtCy 2757 integ.govd   +0.00   +0.00 integ.vbp +0.00 +0.00 omni.gos X     +0.0 ,Y     -0.1. omgD -0.007 omg  +0.00 loop   5028
[0mBatt=23.5 [0m[33mODOM [31mVisionX  +0.00 Y  +0.00 theta   +0.0 elt    0 [0mimu  -1.2 Dt 5530 LtCy 2765 integ.govd   +0.00   +0.00 integ.vbp +0.00 +0.00 omni.gos X     +0.0 ,Y     -0.1. omgD -0.011 omg  +0.00 loop   4984
[0mBatt=23.5 [0m[33mODOM [31mVisionX  +0.00 Y  +0.00 theta   +0.0 elt    0 [0mimu  -1.2 Dt 5546 LtCy 2773 integ.govd   +0.00   +0.00 integ.vbp +0.00 +0.00 omni.gos X     +0.0 ,Y     +0.0. omgD +0.002 omg  +0.00 loop   5022
