event,sequence,counter,valid_self,adopted,realtime_ns,kernel_ns,monotonic_ns,write_end_ns,written,socket_drop_total,trace_record_overflow
rx,1,1,1,1,1787953836829904700,1787953836829574181,5413914712772,0,0,0,0
tx,1,1,1,1,1787953836829910163,1787953836829574181,5413914718698,5413914787420,72,0,0
tx,1,10,1,1,1787953836839638681,1787953836829574181,5413924446958,5413924460272,72,0,0
rx,2,2,1,1,1787953836845012126,1787953836844491811,5413929820180,0,0,0,0
tx,2,19,1,1,1787953836849282533,1787953836844491811,5413934090772,5413934108569,72,0,0
tx,2,29,1,1,1787953836860054867,1787953836844491811,5413944863087,5413944884754,72,0,0
rx,3,3,1,1,1787953836861149978,1787953836860069089,5413945958050,0,0,0,0
tx,3,39,1,1,1787953836870757533,1787953836860069089,5413955565717,5413955579402,72,0,0
rx,4,4,1,1,1787953836876212404,1787953836875687089,5413961020457,0,0,0,0
tx,4,48,1,1,1787953836880469978,1787953836875687089,5413965278235,5413965294069,72,0,0
tx,4,57,1,1,1787953836890165978,1787953836875687089,5413974974161,5413974987050,72,0,0
rx,5,5,1,1,1787953836891222996,1787953836891149755,5413976031069,0,0,0,0
tx,5,67,1,1,1787953836900860515,1787953836891149755,5413985668754,5413985688846,72,0,0
rx,6,6,1,1,1787953836906352533,1787953836905560959,5413991160606,0,0,0,0
tx,6,76,1,1,1787953836910613755,1787953836905560959,5413995421939,5413995436402,72,0,0
tx,6,85,1,1,1787953836920250552,1787953836905560959,5414005058754,5414005071309,72,0,0
rx,7,7,1,1,1787953836921334274,1787953836921166848,5414006142346,0,0,0,0
tx,7,95,1,1,1787953836931004052,1787953836921166848,5414015812235,5414015826087,72,0,0
rx,8,8,1,1,1787953836936372811,1787953836935328978,5414021180883,0,0,0,0
tx,8,104,1,1,1787953836940651626,1787953836935328978,5414025459883,5414025474439,72,0,0
tx,8,113,1,1,1787953836950287866,1787953836935328978,5414035096106,5414035113124,72,0,0
rx,9,9,1,1,1787953836951372811,1787953836950289144,5414036180883,0,0,0,0
tx,9,123,1,1,1787953836960983755,1787953836950289144,5414045791939,5414045808069,72,0,0
rx,10,10,1,1,1787953836966369663,1787953836965437922,5414051177735,0,0,0,0
tx,10,132,1,1,1787953836970692811,1787953836965437922,5414055500994,5414055515087,72,0,0
tx,10,141,1,1,1787953836980284126,1787953836965437922,5414065092309,5414065104513,72,0,0
rx,11,11,1,1,1787953836981361866,1787953836980302144,5414066169920,0,0,0,0
tx,11,151,1,1,1787953836991033015,1787953836980302144,5414075841217,5414075854754,72,0,0
rx,12,12,1,1,1787953836995356348,1787953836995253348,5414080164420,0,0,0,0
tx,12,161,1,1,1787953837001765181,1787953836995253348,5414086573420,5414086592291,72,0,0
rx,13,13,1,1,1787953837010371774,1787953837010313218,5414095179846,0,0,0,0
tx,13,170,1,1,1787953837011448366,1787953837010313218,5414096256624,5414096271772,72,0,0
tx,13,179,1,1,1787953837021120922,1787953837010313218,5414105929106,5414105941476,72,0,0
rx,14,14,1,1,1787953837025395218,1787953837025022496,5414110203272,0,0,0,0
tx,14,189,1,1,1787953837031795515,1787953837025022496,5414116603717,5414116616698,72,0,0
rx,15,15,1,1,1787953837040416996,1787953837039959070,5414125225050,0,0,0,0
tx,15,198,1,1,1787953837041484070,1787953837039959070,5414126292309,5414126306513,72,0,0
tx,15,6,1,1,1787953837051216866,1787953837039959070,5414136025106,5414136042624,72,0,0
rx,16,16,1,1,1787953837055498996,1787953837055060385,5414140307068,0,0,0,0
tx,16,16,1,1,1787953837061897922,1787953837055060385,5414146706198,5414146722717,72,0,0
rx,17,17,1,1,1787953837070497274,1787953837070426052,5414155305346,0,0,0,0
tx,17,25,1,1,1787953837071566070,1787953837070426052,5414156374328,5414156389013,72,0,0
tx,17,34,1,1,1787953837081199218,1787953837070426052,5414166007402,5414166019568,72,0,0
rx,18,18,1,1,1787953837086548792,1787953837085543829,5414171356865,0,0,0,0
tx,18,44,1,1,1787953837091892848,1787953837085543829,5414176701087,5414176719272,72,0,0
rx,19,19,1,1,1787953837100568329,1787953837100473144,5414185376383,0,0,0,0
tx,19,53,1,1,1787953837101636126,1787953837100473144,5414186444309,5414186460791,72,0,0
tx,19,62,1,1,1787953837111274237,1787953837100473144,5414196082420,5414196094457,72,0,0
rx,20,20,1,1,1787953837115606737,1787953837115345607,5414200414717,0,0,0,0
tx,20,72,1,1,1787953837121998829,1787953837115345607,5414206807013,5414206820068,72,0,0
rx,21,21,1,1,1787953837130566126,1787953837130141255,5414215374198,0,0,0,0
tx,21,81,1,1,1787953837131684774,1787953837130141255,5414216492957,5414216506235,72,0,0
tx,21,90,1,1,1787953837141319570,1787953837130141255,5414226127754,5414226140328,72,0,0
rx,22,22,1,1,1787953837145594126,1787953837145126589,5414230402198,0,0,0,0
tx,22,99,1,1,1787953837151021200,1787953837145126589,5414235829476,5414235847513,72,0,0
rx,23,23,1,1,1787953837160667348,1787953837160154515,5414245475402,0,0,0,0
tx,23,109,1,1,1787953837161735033,1787953837160154515,5414246543291,5414246561717,72,0,0
tx,23,118,1,1,1787953837171450181,1787953837160154515,5414256258365,5414256271068,72,0,0
rx,24,24,1,1,1787953837175732792,1787953837175323866,5414260540846,0,0,0,0
tx,24,127,1,1,1787953837181074329,1787953837175323866,5414265882587,5414265895957,72,0,0
rx,25,25,1,1,1787953837190654959,1787953837190570459,5414275463031,0,0,0,0
tx,25,137,1,1,1787953837191724385,1787953837190570459,5414276532624,5414276547383,72,0,0
tx,25,146,1,1,1787953837201448144,1787953837190570459,5414286256402,5414286273254,72,0,0
rx,26,26,1,1,1787953837205737440,1787953837204967403,5414290545494,0,0,0,0
tx,26,155,1,1,1787953837211086274,1787953837204967403,5414295894457,5414295909642,72,0,0
rx,27,27,1,1,1787953837220735070,1787953837220153255,5414305543142,0,0,0,0
tx,27,165,1,1,1787953837221807107,1787953837220153255,5414306615291,5414306629235,72,0,0
tx,27,174,1,1,1787953837231504829,1787953837220153255,5414316313031,5414316325531,72,0,0
rx,28,28,1,1,1787953837235775255,1787953837235087940,5414320583328,0,0,0,0
tx,28,183,1,1,1787953837241116126,1787953837235087940,5414325924309,5414325938272,72,0,0
rx,29,29,1,1,1787953837250801181,1787953837250263755,5414335609254,0,0,0,0
tx,29,193,1,1,1787953837251876700,1787953837250263755,5414336684939,5414336702494,72,0,0
tx,29,1,1,1,1787953837261575033,1787953837250263755,5414346383217,5414346398365,72,0,0
rx,30,30,1,1,1787953837265853237,1787953837264920163,5414350661309,0,0,0,0
tx,30,10,1,1,1787953837271217014,1787953837264920163,5414356025217,5414356039457,72,0,0
rx,31,31,1,1,1787953837280867070,1787953837280065459,5414365675142,0,0,0,0
tx,31,20,1,1,1787953837281935422,1787953837280065459,5414366743605,5414366757291,72,0,0
tx,31,29,1,1,1787953837291562385,1787953837280065459,5414376370568,5414376383365,72,0,0
rx,32,32,1,1,1787953837295926811,1787953837295508903,5414380734883,0,0,0,0
tx,32,38,1,1,1787953837301270329,1787953837295508903,5414386078513,5414386095068,72,0,0
rx,33,33,1,1,1787953837310935477,1787953837310133514,5414395743550,0,0,0,0
tx,33,48,1,1,1787953837312008514,1787953837310133514,5414396816698,5414396831309,72,0,0
tx,33,58,1,1,1787953837322679033,1787953837310133514,5414407487216,5414407499865,72,0,0
rx,34,34,1,1,1787953837325905181,1787953837325290811,5414410713254,0,0,0,0
tx,34,67,1,1,1787953837332281700,1787953837325290811,5414417089883,5414417103198,72,0,0
rx,35,35,1,1,1787953837340817644,1787953837340098607,5414425625716,0,0,0,0
tx,35,77,1,1,1787953837342964774,1787953837340098607,5414427772957,5414427791439,72,0,0
tx,35,86,1,1,1787953837352609440,1787953837340098607,5414437417642,5414437431068,72,0,0
rx,36,36,1,1,1787953837355817329,1787953837355248885,5414440625402,0,0,0,0
tx,36,95,1,1,1787953837362198663,1787953837355248885,5414447006846,5414447022661,72,0,0
rx,37,37,1,1,1787953837370775514,1787953837370004255,5414455583587,0,0,0,0
tx,37,105,1,1,1787953837372912700,1787953837370004255,5414457720920,5414457735957,72,0,0
tx,37,114,1,1,1787953837382559588,1787953837370004255,5414467367791,5414467380865,72,0,0
rx,38,38,1,1,1787953837385765107,1787953837385397088,5414470573179,0,0,0,0
tx,38,123,1,1,1787953837392173274,1787953837385397088,5414476981513,5414477000309,72,0,0
rx,39,39,1,1,1787953837401824922,1787953837400971848,5414486632994,0,0,0,0
tx,39,133,1,1,1787953837402896996,1787953837400971848,5414487705179,5414487720994,72,0,0
tx,39,142,1,1,1787953837412540440,1787953837400971848,5414497348624,5414497360939,72,0,0
rx,40,40,1,1,1787953837415754792,1787953837415300014,5414500562865,0,0,0,0
tx,40,151,1,1,1787953837422152607,1787953837415300014,5414506960791,5414506974087,72,0,0
rx,41,41,1,1,1787953837430678181,1787953837430480255,5414515486235,0,0,0,0
tx,41,161,1,1,1787953837432811200,1787953837430480255,5414517619383,5414517633142,72,0,0
tx,41,170,1,1,1787953837442405885,1787953837430480255,5414527214087,5414527226772,72,0,0
rx,42,42,1,1,1787953837445696292,1787953837444937866,5414530504365,0,0,0,0
tx,42,179,1,1,1787953837452099274,1787953837444937866,5414536907513,5414536925976,72,0,0
rx,43,43,1,1,1787953837460686088,1787953837460045644,5414545494161,0,0,0,0
tx,43,189,1,1,1787953837462844700,1787953837460045644,5414547652957,5414547668809,72,0,0
tx,43,198,1,1,1787953837472501292,1787953837460045644,5414557309550,5414557323439,72,0,0
rx,44,44,1,1,1787953837475712774,1787953837475003829,5414560520846,0,0,0,0
tx,44,6,1,1,1787953837482126162,1787953837475003829,5414566934439,5414566947457,72,0,0
rx,45,45,1,1,1787953837490686237,1787953837490104329,5414575494309,0,0,0,0
tx,45,16,1,1,1787953837492822255,1787953837490104329,5414577630513,5414577645216,72,0,0
tx,45,25,1,1,1787953837502543366,1787953837490104329,5414587351587,5414587367494,72,0,0
rx,46,46,1,1,1787953837505761125,1787953837505401977,5414590569198,0,0,0,0
tx,46,34,1,1,1787953837512196014,1787953837505401977,5414597004198,5414597017976,72,0,0
rx,47,47,1,1,1787953837520777051,1787953837519973959,5414605585105,0,0,0,0
tx,47,44,1,1,1787953837522907162,1787953837519973959,5414607715346,5414607729272,72,0,0
tx,47,53,1,1,1787953837532539977,1787953837519973959,5414617348161,5414617360605,72,0,0
rx,48,48,1,1,1787953837535758255,1787953837535109329,5414620566309,0,0,0,0
tx,48,62,1,1,1787953837542152755,1787953837535109329,5414626961105,5414626977383,72,0,0
rx,49,49,1,1,1787953837550742237,1787953837549872644,5414635550290,0,0,0,0
tx,49,72,1,1,1787953837552878514,1787953837549872644,5414637686772,5414637703846,72,0,0
tx,49,81,1,1,1787953837562533274,1787953837549872644,5414647341457,5414647355883,72,0,0
rx,50,50,1,1,1787953837565747996,1787953837565235922,5414650556068,0,0,0,0
tx,50,90,1,1,1787953837572146755,1787953837565235922,5414656954939,5414656969439,72,0,0
rx,51,51,1,1,1787953837580716496,1787953837580006107,5414665524568,0,0,0,0
tx,51,100,1,1,1787953837582857866,1787953837580006107,5414667666050,5414667680642,72,0,0
tx,51,109,1,1,1787953837592500459,1787953837580006107,5414677308716,5414677326105,72,0,0
rx,52,52,1,1,1787953837595734588,1787953837595227125,5414680542661,0,0,0,0
tx,52,118,1,1,1787953837602141588,1787953837595227125,5414686949772,5414686964568,72,0,0
rx,53,53,1,1,1787953837610722885,1787953837610600311,5414695530939,0,0,0,0
tx,53,128,1,1,1787953837612854440,1787953837610600311,5414697662624,5414697676624,72,0,0
tx,53,137,1,1,1787953837622484848,1787953837610600311,5414707293031,5414707305698,72,0,0
rx,54,54,1,1,1787953837625700959,1787953837625348125,5414710509031,0,0,0,0
tx,54,146,1,1,1787953837632100255,1787953837625348125,5414716908439,5414716921494,72,0,0
rx,55,55,1,1,1787953837640675144,1787953837640196644,5414725483216,0,0,0,0
tx,55,156,1,1,1787953837642806792,1787953837640196644,5414727615031,5414727633716,72,0,0
tx,55,165,1,1,1787953837652452236,1787953837640196644,5414737260420,5414737273716,72,0,0
rx,56,56,1,1,1787953837655665866,1787953837655025440,5414740473939,0,0,0,0
tx,56,174,1,1,1787953837662066014,1787953837655025440,5414746874198,5414746890161,72,0,0
rx,57,57,1,1,1787953837670639866,1787953837670323514,5414755447939,0,0,0,0
tx,57,184,1,1,1787953837672781403,1787953837670323514,5414757589661,5414757605068,72,0,0
tx,57,193,1,1,1787953837682415477,1787953837670323514,5414767223661,5414767236513,72,0,0
rx,58,58,1,1,1787953837685620144,1787953837685354736,5414770428216,0,0,0,0
tx,58,1,1,1,1787953837692021070,1787953837685354736,5414776829309,5414776843605,72,0,0
rx,59,59,1,1,1787953837700612051,1787953837700129236,5414785420124,0,0,0,0
tx,59,11,1,1,1787953837702750848,1787953837700129236,5414787559087,5414787576679,72,0,0
tx,59,20,1,1,1787953837712402088,1787953837700129236,5414797210272,5414797224013,72,0,0
rx,60,60,1,1,1787953837716676570,1787953837715688459,5414801484642,0,0,0,0
tx,60,29,1,1,1787953837722019348,1787953837715688459,5414806827531,5414806840679,72,0,0
rx,61,61,1,1,1787953837730623181,1787953837729964996,5414815431235,0,0,0,0
tx,61,39,1,1,1787953837732759107,1787953837729964996,5414817567309,5414817581827,72,0,0
tx,61,48,1,1,1787953837742407329,1787953837729964996,5414827215513,5414827228568,72,0,0
rx,62,62,1,1,1787953837745699088,1787953837745152459,5414830507142,0,0,0,0
tx,62,57,1,1,1787953837752111477,1787953837745152459,5414836919735,5414836939698,72,0,0
rx,63,63,1,1,1787953837760742014,1787953837759921255,5414845550087,0,0,0,0
tx,63,67,1,1,1787953837762876514,1787953837759921255,5414847684772,5414847702179,72,0,0
tx,63,76,1,1,1787953837772515977,1787953837759921255,5414857324161,5414857336809,72,0,0
rx,64,64,1,1,1787953837775731347,1787953837775184236,5414860539420,0,0,0,0
tx,64,85,1,1,1787953837782124181,1787953837775184236,5414866932364,5414866945772,72,0,0
rx,65,65,1,1,1787953837790675773,1787953837789841199,5414875483846,0,0,0,0
tx,65,95,1,1,1787953837792822459,1787953837789841199,5414877630735,5414877649624,72,0,0
tx,65,104,1,1,1787953837802466662,1787953837789841199,5414887274846,5414887287494,72,0,0
rx,66,66,1,1,1787953837805678625,1787953837805092144,5414890486679,0,0,0,0
tx,66,113,1,1,1787953837812089033,1787953837805092144,5414896897216,5414896911346,72,0,0
rx,67,67,1,1,1787953837820660051,1787953837820634033,5414905468124,0,0,0,0
tx,67,123,1,1,1787953837822789884,1787953837820634033,5414907598142,5414907611827,72,0,0
tx,67,132,1,1,1787953837832432551,1787953837820634033,5414917240735,5414917252864,72,0,0
rx,68,68,1,1,1787953837835642181,1787953837834978125,5414920450253,0,0,0,0
tx,68,141,1,1,1787953837842049199,1787953837834978125,5414926857438,5414926875735,72,0,0
rx,69,69,1,1,1787953837851694403,1787953837851011496,5414936502475,0,0,0,0
tx,69,151,1,1,1787953837852762051,1787953837851011496,5414937570309,5414937586161,72,0,0
tx,69,160,1,1,1787953837862431792,1787953837851011496,5414947240290,5414947266401,72,0,0
rx,70,70,1,1,1787953837866724588,1787953837865801829,5414951532661,0,0,0,0
tx,70,169,1,1,1787953837872055384,1787953837865801829,5414956863624,5414956879642,72,0,0
rx,71,71,1,1,1787953837880653051,1787953837880360125,5414965461105,0,0,0,0
tx,71,179,1,1,1787953837882787884,1787953837880360125,5414967596087,5414967612087,72,0,0
tx,71,188,1,1,1787953837892432088,1787953837880360125,5414977240327,5414977258864,72,0,0
rx,72,72,1,1,1787953837895652773,1787953837895220236,5414980460846,0,0,0,0
tx,72,197,1,1,1787953837902052292,1787953837895220236,5414986860549,5414986875012,72,0,0
rx,73,73,1,1,1787953837910632810,1787953837910392921,5414995440883,0,0,0,0
tx,73,6,1,1,1787953837912783440,1787953837910392921,5414997591698,5414997605587,72,0,0
tx,73,15,1,1,1787953837922416792,1787953837910392921,5415007224994,5415007237161,72,0,0
rx,74,74,1,1,1787953837925626255,1787953837925423773,5415010434309,0,0,0,0
tx,74,24,1,1,1787953837932027329,1787953837925423773,5415016835512,5415016848901,72,0,0
rx,75,75,1,1,1787953837940594421,1787953837940202977,5415025402494,0,0,0,0
tx,75,34,1,1,1787953837942726662,1787953837940202977,5415027534938,5415027556420,72,0,0
tx,75,43,1,1,1787953837952385477,1787953837940202977,5415037193716,5415037206401,72,0,0
rx,76,76,1,1,1787953837955603958,1787953837955548347,5415040412031,0,0,0,0
tx,76,52,1,1,1787953837962010310,1787953837955548347,5415046818568,5415046835161,72,0,0
rx,77,77,1,1,1787953837970589199,1787953837970189403,5415055397272,0,0,0,0
tx,77,62,1,1,1787953837972720533,1787953837970189403,5415057528716,5415057543327,72,0,0
tx,77,71,1,1,1787953837982367958,1787953837970189403,5415067176142,5415067189864,72,0,0
rx,78,78,1,1,1787953837985583403,1787953837985272403,5415070391475,0,0,0,0
tx,78,81,1,1,1787953837993125181,1787953837985272403,5415077933420,5415077950031,72,0,0
rx,79,79,1,1,1787953838000643977,1787953838000251458,5415085452031,0,0,0,0
tx,79,91,1,1,1787953838003849977,1787953838000251458,5415088658216,5415088675031,72,0,0
tx,79,100,1,1,1787953838013493607,1787953838000251458,5415098301790,5415098314790,72,0,0
rx,80,80,1,1,1787953838015640236,1787953838015131847,5415100448290,0,0,0,0
tx,80,109,1,1,1787953838023105033,1787953838015131847,5415107913290,5415107926846,72,0,0
rx,81,81,1,1,1787953838030663310,1787953838030501014,5415115471383,0,0,0,0
tx,81,119,1,1,1787953838033872347,1787953838030501014,5415118680586,5415118693716,72,0,0
tx,81,128,1,1,1787953838043546033,1787953838030501014,5415128354272,5415128371827,72,0,0
rx,82,82,1,1,1787953838045693366,1787953838045511329,5415130501420,0,0,0,0
tx,82,137,1,1,1787953838053129773,1787953838045511329,5415137937957,5415137952457,72,0,0
rx,83,83,1,1,1787953838060680107,1787953838059901644,5415145488179,0,0,0,0
tx,83,147,1,1,1787953838063880995,1787953838059901644,5415148689216,5415148707605,72,0,0
tx,83,156,1,1,1787953838073583995,1787953838059901644,5415158392179,5415158404957,72,0,0
rx,84,84,1,1,1787953838075727847,1787953838075152273,5415160535920,0,0,0,0
tx,84,165,1,1,1787953838083215921,1787953838075152273,5415168024105,5415168037401,72,0,0
rx,85,85,1,1,1787953838090784625,1787953838090042570,5415175592679,0,0,0,0
tx,85,175,1,1,1787953838093985532,1787953838090042570,5415178793790,5415178814901,72,0,0
tx,85,184,1,1,1787953838103632107,1787953838090042570,5415188440309,5415188453364,72,0,0
rx,86,86,1,1,1787953838105859958,1787953838105089514,5415190668031,0,0,0,0
tx,86,193,1,1,1787953838113318755,1787953838105089514,5415198126938,5415198140216,72,0,0
rx,87,87,1,1,1787953838120822199,1787953838120370477,5415205630272,0,0,0,0
tx,87,2,1,1,1787953838124034681,1787953838120370477,5415208842864,5415208855883,72,0,0
tx,87,12,1,1,1787953838134749347,1787953838120370477,5415219557531,5415219570401,72,0,0
rx,88,88,1,1,1787953838135829032,1787953838135723755,5415220637105,0,0,0,0
tx,88,21,1,1,1787953838144407125,1787953838135723755,5415229215383,5415229234086,72,0,0
rx,89,89,1,1,1787953838150853181,1787953838150287218,5415235661253,0,0,0,0
tx,89,30,1,1,1787953838154097755,1787953838150287218,5415238905938,5415238920438,72,0,0
tx,89,40,1,1,1787953838164805310,1787953838150287218,5415249613512,5415249628012,72,0,0
rx,90,90,1,1,1787953838165886088,1787953838165469218,5415250694160,0,0,0,0
tx,90,49,1,1,1787953838174460181,1787953838165469218,5415259268364,5415259281753,72,0,0
rx,91,91,1,1,1787953838180899884,1787953838180157884,5415265707957,0,0,0,0
tx,91,58,1,1,1787953838184099977,1787953838180157884,5415268908179,5415268922401,72,0,0
tx,91,68,1,1,1787953838194902440,1787953838180157884,5415279710679,5415279726772,72,0,0
rx,92,92,1,1,1787953838195988644,1787953838195393773,5415280796716,0,0,0,0
tx,92,77,1,1,1787953838204540569,1787953838195393773,5415289348753,5415289363827,72,0,0
rx,93,93,1,1,1787953838210987329,1787953838210160736,5415295795401,0,0,0,0
tx,93,86,1,1,1787953838214190662,1787953838210160736,5415298998846,5415299013716,72,0,0
tx,93,96,1,1,1787953838224887199,1787953838210160736,5415309695383,5415309708123,72,0,0
rx,94,94,1,1,1787953838225968014,1787953838225151144,5415310776086,0,0,0,0
tx,94,105,1,1,1787953838234506588,1787953838225151144,5415319314772,5415319327920,72,0,0
rx,95,95,1,1,1787953838240950329,1787953838240794458,5415325758401,0,0,0,0
tx,95,114,1,1,1787953838244159347,1787953838240794458,5415328967568,5415328985179,72,0,0
tx,95,124,1,1,1787953838254870977,1787953838240794458,5415339679160,5415339691660,72,0,0
rx,96,96,1,1,1787953838255950106,1787953838255560273,5415340758179,0,0,0,0
tx,96,133,1,1,1787953838264478977,1787953838255560273,5415349287216,5415349304216,72,0,0
rx,97,97,1,1,1787953838270924106,1787953838270656032,5415355732179,0,0,0,0
tx,97,142,1,1,1787953838274133699,1787953838270656032,5415358941938,5415358956716,72,0,0
tx,97,152,1,1,1787953838284818532,1787953838270656032,5415369626716,5415369639531,72,0,0
rx,98,98,1,1,1787953838285898125,1787953838285779810,5415370706197,0,0,0,0
tx,98,161,1,1,1787953838294424792,1787953838285779810,5415379233012,5415379252660,72,0,0
rx,99,99,1,1,1787953838301943829,1787953838301063292,5415386751901,0,0,0,0
tx,99,170,1,1,1787953838304075680,1787953838301063292,5415388884049,5415388899827,72,0,0
tx,99,180,1,1,1787953838314775699,1787953838301063292,5415399583883,5415399596790,72,0,0
rx,100,100,1,1,1787953838315858292,1787953838315202792,5415400666364,0,0,0,0
tx,100,189,1,1,1787953838324394606,1787953838315202792,5415409202864,5415409216475,72,0,0
rx,101,101,1,1,1787953838330827403,1787953838330521903,5415415635475,0,0,0,0
tx,101,198,1,1,1787953838334029606,1787953838330521903,5415418837790,5415418850679,72,0,0
tx,101,7,1,1,1787953838344730236,1787953838330521903,5415429538494,5415429555605,72,0,0
rx,102,102,1,1,1787953838346889792,1787953838345914458,5415431697864,0,0,0,0
tx,102,16,1,1,1787953838354356440,1787953838345914458,5415439164623,5415439178716,72,0,0
rx,103,103,1,1,1787953838360818347,1787953838360388106,5415445626420,0,0,0,0
tx,103,25,1,1,1787953838364032310,1787953838360388106,5415448840494,5415448856623,72,0,0
tx,103,35,1,1,1787953838374730532,1787953838360388106,5415459538716,5415459551049,72,0,0
rx,104,104,1,1,1787953838375814495,1787953838375448106,5415460622568,0,0,0,0
tx,104,44,1,1,1787953838384344755,1787953838375448106,5415469153012,5415469167290,72,0,0
rx,105,105,1,1,1787953838390806069,1787953838390510551,5415475614123,0,0,0,0
tx,105,54,1,1,1787953838395066588,1787953838390510551,5415479874827,5415479893327,72,0,0
rx,106,106,1,1,1787953838405788088,1787953838404980495,5415490596160,0,0,0,0
tx,106,64,1,1,1787953838405791977,1787953838404980495,5415490600179,5415490614660,72,0,0
tx,106,73,1,1,1787953838415427069,1787953838404980495,5415500235253,5415500247475,72,0,0
rx,107,107,1,1,1787953838420812551,1787953838420617921,5415505620605,0,0,0,0
tx,107,82,1,1,1787953838425070977,1787953838420617921,5415509879160,5415509892105,72,0,0
tx,107,92,1,1,1787953838435744477,1787953838420617921,5415520552660,5415520565142,72,0,0
rx,108,108,1,1,1787953838436839162,1787953838435901551,5415521647234,0,0,0,0
tx,108,101,1,1,1787953838445352847,1787953838435901551,5415530161105,5415530177938,72,0,0
rx,109,109,1,1,1787953838450727754,1787953838450396699,5415535535808,0,0,0,0
tx,109,111,1,1,1787953838456063292,1787953838450396699,5415540871531,5415540885864,72,0,0
rx,110,110,1,1,1787953838465694921,1787953838465512088,5415550502975,0,0,0,0
tx,110,121,1,1,1787953838466765921,1787953838465512088,5415551574142,5415551590882,72,0,0
tx,110,130,1,1,1787953838476407180,1787953838465512088,5415561215364,5415561227531,72,0,0
rx,111,111,1,1,1787953838481747551,1787953838480699884,5415566555623,0,0,0,0
tx,111,139,1,1,1787953838486025736,1787953838480699884,5415570833975,5415570851308,72,0,0
rx,112,112,1,1,1787953838496699866,1787953838496153606,5415581507938,0,0,0,0
tx,112,149,1,1,1787953838496704069,1787953838496153606,5415581512308,5415581529105,72,0,0
tx,112,158,1,1,1787953838506340903,1787953838496153606,5415591149086,5415591161290,72,0,0
rx,113,113,1,1,1787953838510620625,1787953838510384032,5415595428679,0,0,0,0
tx,113,168,1,1,1787953838517023625,1787953838510384032,5415601831882,5415601845975,72,0,0
rx,114,114,1,1,1787953838525608180,1787953838525323440,5415610416253,0,0,0,0
tx,114,178,1,1,1787953838527743088,1787953838525323440,5415612551290,5415612564845,72,0,0
tx,114,187,1,1,1787953838537340810,1787953838525323440,5415622148994,5415622161457,72,0,0
rx,115,115,1,1,1787953838540559847,1787953838540099421,5415625367919,0,0,0,0
tx,115,197,1,1,1787953838548023328,1787953838540099421,5415632831568,5415632849549,72,0,0
rx,116,116,1,1,1787953838556629014,1787953838556243903,5415641437086,0,0,0,0
tx,116,6,1,1,1787953838558767440,1787953838556243903,5415643575679,5415643590234,72,0,0
tx,116,15,1,1,1787953838568402291,1787953838556243903,5415653210531,5415653224105,72,0,0
rx,117,117,1,1,1787953838571614088,1787953838570818458,5415656422160,0,0,0,0
tx,117,24,1,1,1787953838578042958,1787953838570818458,5415662851142,5415662864734,72,0,0
rx,118,118,1,1,1787953838586630143,1787953838585950903,5415671438216,0,0,0,0
tx,118,34,1,1,1787953838588845754,1787953838585950903,5415673654012,5415673668271,72,0,0
tx,118,43,1,1,1787953838598492440,1787953838585950903,5415683300623,5415683314845,72,0,0
rx,119,119,1,1,1787953838600638106,1787953838600275403,5415685446160,0,0,0,0
tx,119,52,1,1,1787953838608132440,1787953838600275403,5415692940623,5415692954049,72,0,0
rx,120,120,1,1,1787953838615644273,1787953838615607125,5415700452345,0,0,0,0
tx,120,62,1,1,1787953838618841903,1787953838615607125,5415703650086,5415703663734,72,0,0
tx,120,71,1,1,1787953838628538940,1787953838615607125,5415713347123,5415713359438,72,0,0
rx,121,121,1,1,1787953838630690217,1787953838630356273,5415715498290,0,0,0,0
tx,121,80,1,1,1787953838638220162,1787953838630356273,5415723028419,5415723045401,72,0,0
rx,122,122,1,1,1787953838645735773,1787953838645024328,5415730543845,0,0,0,0
tx,122,90,1,1,1787953838648940384,1787953838645024328,5415733748568,5415733764160,72,0,0
tx,122,99,1,1,1787953838658571403,1787953838645024328,5415743379586,5415743391345,72,0,0
rx,123,123,1,1,1787953838660723514,1787953838660425125,5415745531586,0,0,0,0
tx,123,108,1,1,1787953838668195254,1787953838660425125,5415753003493,5415753020364,72,0,0
rx,124,124,1,1,1787953838676798847,1787953838676683995,5415761606919,0,0,0,0
tx,124,118,1,1,1787953838678942810,1787953838676683995,5415763751068,5415763766364,72,0,0
tx,124,127,1,1,1787953838688639440,1787953838676683995,5415773447697,5415773465753,72,0,0
rx,125,125,1,1,1787953838690792884,1787953838690741810,5415775600956,0,0,0,0
tx,125,136,1,1,1787953838698262402,1787953838690741810,5415783070586,5415783084290,72,0,0
rx,126,126,1,1,1787953838705792995,1787953838705474940,5415790601068,0,0,0,0
tx,126,146,1,1,1787953838708990254,1787953838705474940,5415793798512,5415793812030,72,0,0
tx,126,155,1,1,1787953838718694254,1787953838705474940,5415803502438,5415803514845,72,0,0
rx,127,127,1,1,1787953838720830125,1787953838720463643,5415805638197,0,0,0,0
tx,127,164,1,1,1787953838728279217,1787953838720463643,5415813087475,5415813100679,72,0,0
rx,128,128,1,1,1787953838735886588,1787953838735098699,5415820694660,0,0,0,0
tx,128,173,1,1,1787953838738020162,1787953838735098699,5415822828438,5415822848030,72,0,0
tx,128,183,1,1,1787953838748736828,1787953838735098699,5415833545012,5415833558012,72,0,0
rx,129,129,1,1,1787953838750907125,1787953838750172699,5415835715197,0,0,0,0
tx,129,192,1,1,1787953838758368569,1787953838750172699,5415843176808,5415843190419,72,0,0
rx,130,130,1,1,1787953838765968365,1787953838765903643,5415850776438,0,0,0,0
tx,130,0,1,1,1787953838768105902,1787953838765903643,5415852914160,5415852931734,72,0,0
tx,130,10,1,1,1787953838778809847,1787953838765903643,5415863618030,5415863630142,72,0,0
rx,131,131,1,1,1787953838780957754,1787953838779952939,5415865765827,0,0,0,0
tx,131,19,1,1,1787953838788461847,1787953838779952939,5415873270086,5415873292475,72,0,0
rx,132,132,1,1,1787953838795990717,1787953838795556902,5415880798790,0,0,0,0
tx,132,28,1,1,1787953838798140439,1787953838795556902,5415882948679,5415882964086,72,0,0
tx,132,38,1,1,1787953838808857069,1787953838795556902,5415893665253,5415893678808,72,0,0
rx,133,133,1,1,1787953838812069347,1787953838811090162,5415896877419,0,0,0,0
tx,133,47,1,1,1787953838818499328,1787953838811090162,5415903307512,5415903320716,72,0,0
rx,134,134,1,1,1787953838826003717,1787953838825042199,5415910811771,0,0,0,0
tx,134,56,1,1,1787953838828140643,1787953838825042199,5415912948827,5415912963382,72,0,0
tx,134,66,1,1,1787953838839228717,1787953838825042199,5415924036919,5415924057308,72,0,0
rx,135,135,1,1,1787953838841346921,1787953838840443347,5415926154975,0,0,0,0
tx,135,76,1,1,1787953838849870643,1787953838840443347,5415934678827,5415934695104,72,0,0
rx,136,136,1,1,1787953838855213421,1787953838854971625,5415940021475,0,0,0,0
tx,136,85,1,1,1787953838859496051,1787953838854971625,5415944304271,5415944331012,72,0,0
tx,136,94,1,1,1787953838869162273,1787953838854971625,5415953970456,5415953985716,72,0,0
rx,137,137,1,1,1787953838871311088,1787953838870560958,5415956119141,0,0,0,0
tx,137,104,1,1,1787953838879848791,1787953838870560958,5415964657012,5415964673123,72,0,0
rx,138,138,1,1,1787953838885233291,1787953838885061069,5415970041345,0,0,0,0
tx,138,113,1,1,1787953838889726273,1787953838885061069,5415974534493,5415974555864,72,0,0
tx,138,122,1,1,1787953838899355328,1787953838885061069,5415984163512,5415984175216,72,0,0
rx,139,139,1,1,1787953838900433513,1787953838900219328,5415985241586,0,0,0,0
tx,139,132,1,1,1787953838910005180,1787953838900219328,5415994813364,5415994825641,72,0,0
rx,140,140,1,1,1787953838915360902,1787953838915050051,5416000168938,0,0,0,0
tx,140,142,1,1,1787953838920688273,1787953838915050051,5416005496456,5416005510604,72,0,0
tx,140,151,1,1,1787953838930312828,1787953838915050051,5416015121012,5416015132808,72,0,0
rx,141,141,1,1,1787953838931391828,1787953838931024643,5416016199864,0,0,0,0
tx,141,160,1,1,1787953838940094939,1787953838931024643,5416024903234,5416024922975,72,0,0
rx,142,142,1,1,1787953838945473421,1787953838945243865,5416030281493,0,0,0,0
tx,142,170,1,1,1787953838950792050,1787953838945243865,5416035600234,5416035613864,72,0,0
rx,143,143,1,1,1787953838960416569,1787953838960069828,5416045224641,0,0,0,0
tx,143,179,1,1,1787953838960420291,1787953838960069828,5416045228475,5416045242123,72,0,0
tx,143,188,1,1,1787953838970042217,1787953838960069828,5416054850401,5416054862956,72,0,0
rx,144,144,1,1,1787953838976445106,1787953838975378791,5416061253178,0,0,0,0
tx,144,198,1,1,1787953838980706902,1787953838975378791,5416065515086,5416065528234,72,0,0
rx,145,145,1,1,1787953838990567180,1787953838990521976,5416075375253,0,0,0,0
tx,145,6,1,1,1787953838990571365,1787953838990521976,5416075379660,5416075398790,72,0,0
tx,145,15,1,1,1787953839000204439,1787953838990521976,5416085012678,5416085026919,72,0,0
rx,146,146,1,1,1787953839006608328,1787953839005810939,5416091416364,0,0,0,0
tx,146,25,1,1,1787953839010872884,1787953839005810939,5416095681086,5416095693178,72,0,0
rx,147,147,1,1,1787953839020515643,1787953839020216032,5416105323715,0,0,0,0
tx,147,34,1,1,1787953839020519273,1787953839020216032,5416105327456,5416105340493,72,0,0
tx,147,43,1,1,1787953839030138754,1787953839020216032,5416114946956,5416114958215,72,0,0
rx,148,148,1,1,1787953839035598347,1787953839035017310,5416120406419,0,0,0,0
tx,148,53,1,1,1787953839040919773,1787953839035017310,5416125728067,5416125745845,72,0,0
rx,149,149,1,1,1787953839050550587,1787953839050273921,5416135358660,0,0,0,0
tx,149,62,1,1,1787953839050554273,1787953839050273921,5416135362456,5416135376160,72,0,0
tx,149,71,1,1,1787953839060173865,1787953839050273921,5416144982049,5416144992975,72,0,0
rx,150,150,1,1,1787953839065511680,1787953839065270087,5416150319752,0,0,0,0
tx,150,81,1,1,1787953839070837310,1787953839065270087,5416155645493,5416155658715,72,0,0
rx,151,151,1,1,1787953839080743606,1787953839080108328,5416165551678,0,0,0,0
tx,151,90,1,1,1787953839080750921,1787953839080108328,5416165559123,5416165577641,72,0,0
tx,151,99,1,1,1787953839090379069,1787953839080108328,5416175187252,5416175200086,72,0,0
rx,152,152,1,1,1787953839095709939,1787953839094938606,5416180518012,0,0,0,0
tx,152,109,1,1,1787953839101039587,1787953839094938606,5416185847771,5416185860252,72,0,0
rx,153,153,1,1,1787953839110662458,1787953839110197624,5416195470530,0,0,0,0
tx,153,119,1,1,1787953839111731328,1787953839110197624,5416196539512,5416196552086,72,0,0
tx,153,128,1,1,1787953839121346958,1787953839110197624,5416206155141,5416206166641,72,0,0
rx,154,154,1,1,1787953839126681310,1787953839125822347,5416211489382,0,0,0,0
tx,154,138,1,1,1787953839132010680,1787953839125822347,5416216818864,5416216830789,72,0,0
rx,155,155,1,1,1787953839141401254,1787953839140599199,5416226209327,0,0,0,0
tx,155,147,1,1,1787953839142468050,1787953839140599199,5416227276327,5416227295567,72,0,0
tx,155,156,1,1,1787953839152241236,1787953839140599199,5416237049493,5416237065160,72,0,0
rx,156,156,1,1,1787953839155452587,1787953839155405365,5416240260641,0,0,0,0
tx,156,166,1,1,1787953839162899643,1787953839155405365,5416247707827,5416247722419,72,0,0
rx,157,157,1,1,1787953839170399347,1787953839170214124,5416255207419,0,0,0,0
tx,157,175,1,1,1787953839172533421,1787953839170214124,5416257341604,5416257355641,72,0,0
tx,157,184,1,1,1787953839182155421,1787953839170214124,5416266963604,5416266975012,72,0,0
rx,158,158,1,1,1787953839186447384,1787953839185743365,5416271255456,0,0,0,0
tx,158,194,1,1,1787953839192833661,1787953839185743365,5416277641845,5416277660438,72,0,0
rx,159,159,1,1,1787953839201402921,1787953839200403458,5416286210975,0,0,0,0
tx,159,2,1,1,1787953839202473273,1787953839200403458,5416287281456,5416287295326,72,0,0
tx,159,11,1,1,1787953839212092587,1787953839200403458,5416296900771,5416296911919,72,0,0
rx,160,160,1,1,1787953839216363217,1787953839215334458,5416301171252,0,0,0,0
tx,160,21,1,1,1787953839222754032,1787953839215334458,5416307562215,5416307574512,72,0,0
rx,161,161,1,1,1787953839231310069,1787953839230369439,5416316118123,0,0,0,0
tx,161,30,1,1,1787953839232378958,1787953839230369439,5416317187141,5416317199326,72,0,0
tx,161,39,1,1,1787953839242147476,1787953839230369439,5416326955771,5416326971475,72,0,0
rx,162,162,1,1,1787953839245341328,1787953839245114217,5416330149382,0,0,0,0
tx,162,49,1,1,1787953839252799328,1787953839245114217,5416337607512,5416337620493,72,0,0
rx,163,163,1,1,1787953839260303976,1787953839260109532,5416345112030,0,0,0,0
tx,163,58,1,1,1787953839262436958,1787953839260109532,5416347245141,5416347262641,72,0,0
tx,163,67,1,1,1787953839272065106,1787953839260109532,5416356873289,5416356885326,72,0,0
rx,164,164,1,1,1787953839276338198,1787953839275521069,5416361146252,0,0,0,0
tx,164,77,1,1,1787953839283027124,1787953839275521069,5416367835419,5416367854308,72,0,0
rx,165,165,1,1,1787953839290525754,1787953839290450791,5416375333826,0,0,0,0
tx,165,87,1,1,1787953839293719069,1787953839290450791,5416378527252,5416378542086,72,0,0
tx,165,96,1,1,1787953839303343865,1787953839290450791,5416388152049,5416388163567,72,0,0
rx,166,166,1,1,1787953839306552365,1787953839305786772,5416391360438,0,0,0,0
tx,166,106,1,1,1787953839314007884,1787953839305786772,5416398816067,5416398828493,72,0,0
rx,167,167,1,1,1787953839320433939,1787953839320364698,5416405241993,0,0,0,0
tx,167,116,1,1,1787953839324697624,1787953839320364698,5416409505808,5416409518141,72,0,0
tx,167,125,1,1,1787953839334478161,1787953839320364698,5416419286345,5416419303252,72,0,0
rx,168,168,1,1,1787953839335562013,1787953839335268828,5416420370067,0,0,0,0
tx,168,134,1,1,1787953839344075050,1787953839335268828,5416428883289,5416428897678,72,0,0
rx,169,169,1,1,1787953839350516884,1787953839350062124,5416435324956,0,0,0,0
tx,169,144,1,1,1787953839354780717,1787953839350062124,5416439588900,5416439601845,72,0,0
tx,169,153,1,1,1787953839364403884,1787953839350062124,5416449212067,5416449224715,72,0,0
rx,170,170,1,1,1787953839365483235,1787953839364877439,5416450291289,0,0,0,0
tx,170,163,1,1,1787953839375067698,1787953839364877439,5416459875882,5416459887919,72,0,0
rx,171,171,1,1,1787953839380434754,1787953839380205254,5416465242826,0,0,0,0
tx,171,173,1,1,1787953839385761939,1787953839380205254,5416470570123,5416470583252,72,0,0
tx,171,182,1,1,1787953839395393902,1787953839380205254,5416480202160,5416480219437,72,0,0
rx,172,172,1,1,1787953839396478050,1787953839395486809,5416481286123,0,0,0,0
tx,172,192,1,1,1787953839406062476,1787953839395486809,5416490870660,5416490882715,72,0,0
rx,173,173,1,1,1787953839410371402,1787953839410262347,5416495179456,0,0,0,0
tx,173,1,1,1,1787953839416761995,1787953839410262347,5416501570178,5416501582845,72,0,0
rx,174,174,1,1,1787953839425316606,1787953839424978587,5416510124678,0,0,0,0
tx,174,10,1,1,1787953839426387495,1787953839424978587,5416511195678,5416511208086,72,0,0
tx,174,19,1,1,1787953839436019143,1787953839424978587,5416520827400,5416520843789,72,0,0
rx,175,175,1,1,1787953839440272458,1787953839440104161,5416525080530,0,0,0,0
tx,175,29,1,1,1787953839446654884,1787953839440104161,5416531463141,5416531476178,72,0,0
rx,176,176,1,1,1787953839456289495,1787953839455269902,5416541097549,0,0,0,0
tx,176,38,1,1,1787953839456293198,1787953839455269902,5416541101382,5416541114086,72,0,0
tx,176,48,1,1,1787953839466995235,1787953839455269902,5416551803419,5416551817123,72,0,0
rx,177,177,1,1,1787953839470206180,1787953839470059458,5416555014141,0,0,0,0
tx,177,57,1,1,1787953839476599143,1787953839470059458,5416561407326,5416561419678,72,0,0
rx,178,178,1,1,1787953839486387365,1787953839485533976,5416571195437,0,0,0,0
tx,178,66,1,1,1787953839486391439,1787953839485533976,5416571199697,5416571219549,72,0,0
tx,178,75,1,1,1787953839496017846,1787953839485533976,5416580826308,5416580839530,72,0,0
rx,179,179,1,1,1787953839502421476,1787953839501403624,5416587229549,0,0,0,0
tx,179,85,1,1,1787953839506685717,1787953839501403624,5416591493900,5416591506993,72,0,0
tx,179,94,1,1,1787953839516311754,1787953839501403624,5416601119919,5416601131011,72,0,0
rx,180,180,1,1,1787953839517390272,1787953839516384735,5416602198345,0,0,0,0
tx,180,104,1,1,1787953839526994198,1787953839516384735,5416611802382,5416611814197,72,0,0
rx,181,181,1,1,1787953839531547550,1787953839530294569,5416616355586,0,0,0,0
tx,181,113,1,1,1787953839536875346,1787953839530294569,5416621683641,5416621702030,72,0,0
rx,182,182,1,1,1787953839545435346,1787953839545087272,5416630243419,0,0,0,0
tx,182,122,1,1,1787953839546502791,1787953839545087272,5416631311030,5416631324400,72,0,0
tx,182,131,1,1,1787953839556128291,1787953839545087272,5416640936474,5416640947937,72,0,0
rx,183,183,1,1,1787953839561461902,1787953839560659235,5416646269956,0,0,0,0
tx,183,141,1,1,1787953839566791698,1787953839560659235,5416651599882,5416651613937,72,0,0
rx,184,184,1,1,1787953839575353383,1787953839575211995,5416660161437,0,0,0,0
tx,184,150,1,1,1787953839576422550,1787953839575211995,5416661230734,5416661243437,72,0,0
tx,184,159,1,1,1787953839586218513,1787953839575211995,5416671026789,5416671043400,72,0,0
rx,185,185,1,1,1787953839590492161,1787953839590423865,5416675300234,0,0,0,0
tx,185,169,1,1,1787953839596877161,1787953839590423865,5416681685345,5416681698604,72,0,0
rx,186,186,1,1,1787953839606503698,1787953839605816495,5416691311752,0,0,0,0
tx,186,178,1,1,1787953839606507420,1787953839605816495,5416691315604,5416691328289,72,0,0
tx,186,187,1,1,1787953839616127106,1787953839605816495,5416700935308,5416700946437,72,0,0
rx,187,187,1,1,1787953839620399680,1787953839620318883,5416705207734,0,0,0,0
tx,187,197,1,1,1787953839626789143,1787953839620318883,5416711597326,5416711609715,72,0,0
rx,188,188,1,1,1787953839635529420,1787953839635123680,5416720337493,0,0,0,0
tx,188,5,1,1,1787953839636598735,1787953839635123680,5416721407011,5416721424178,72,0,0
tx,188,14,1,1,1787953839646227476,1787953839635123680,5416731035660,5416731047363,72,0,0
rx,189,189,1,1,1787953839650497902,1787953839650085143,5416735305956,0,0,0,0
tx,189,24,1,1,1787953839656889550,1787953839650085143,5416741697734,5416741709734,72,0,0
rx,190,190,1,1,1787953839665444513,1787953839664973865,5416750252585,0,0,0,0
tx,190,33,1,1,1787953839666514124,1787953839664973865,5416751322308,5416751337826,72,0,0
tx,190,42,1,1,1787953839676140717,1787953839664973865,5416760948937,5416760960900,72,0,0
rx,191,191,1,1,1787953839680411883,1787953839680147032,5416765219956,0,0,0,0
tx,191,52,1,1,1787953839686821513,1787953839680147032,5416771629752,5416771648289,72,0,0
rx,192,192,1,1,1787953839695400291,1787953839694997754,5416780208363,0,0,0,0
tx,192,61,1,1,1787953839696467254,1787953839694997754,5416781275437,5416781290437,72,0,0
tx,192,70,1,1,1787953839706087457,1787953839694997754,5416790895641,5416790906789,72,0,0
rx,193,193,1,1,1787953839711423643,1787953839710632328,5416796231715,0,0,0,0
tx,193,80,1,1,1787953839716749643,1787953839710632328,5416801557826,5416801570085,72,0,0
rx,194,194,1,1,1787953839726369439,1787953839725398291,5416811177511,0,0,0,0
tx,194,89,1,1,1787953839726372976,1787953839725398291,5416811181160,5416811193345,72,0,0
tx,194,99,1,1,1787953839737067661,1787953839725398291,5416821875919,5416821893030,72,0,0
rx,195,195,1,1,1787953839740275791,1787953839740045791,5416825083863,0,0,0,0
tx,195,109,1,1,1787953839747722643,1787953839740045791,5416832530826,5416832544622,72,0,0
rx,196,196,1,1,1787953839755308161,1787953839755275198,5416840116159,0,0,0,0
tx,196,118,1,1,1787953839757477383,1787953839755275198,5416842285659,5416842312234,72,0,0
tx,196,127,1,1,1787953839767292272,1787953839755275198,5416852100678,5416852127363,72,0,0
rx,197,197,1,1,1787953839770566328,1787953839770500457,5416855374326,0,0,0,0
tx,197,136,1,1,1787953839777063791,1787953839770500457,5416861872030,5416861897974,72,0,0
rx,198,198,1,1,1787953839785833883,1787953839785450531,5416870641863,0,0,0,0
tx,198,146,1,1,1787953839788000606,1787953839785450531,5416872808863,5416872843326,72,0,0
tx,198,155,1,1,1787953839797803402,1787953839785450531,5416882611641,5416882636548,72,0,0
rx,199,199,1,1,1787953839801064902,1787953839800641309,5416885872919,0,0,0,0
tx,199,164,1,1,1787953839807544698,1787953839800641309,5416892352956,5416892377993,72,0,0
rx,200,200,1,1,1787953839817354031,1787953839816473420,5416902162030,0,0,0,0
tx,200,173,1,1,1787953839817361624,1787953839816473420,5416902170122,5416902195696,72,0,0
tx,200,182,1,1,1787953839827161254,1787953839816473420,5416911969511,5416911993252,72,0,0
rx,201,0,1,1,1787953839830605735,1787953839830407772,5416915413734,0,0,0,0
tx,201,191,1,1,1787953839837127272,1787953839830407772,5416921935511,5416921972363,72,0,0
rx,202,1,1,1,1787953839845930457,1787953839845276809,5416930738437,0,0,0,0
tx,202,200,1,1,1787953839847021643,1787953839845276809,5416931829900,5416931859863,72,0,0
tx,202,9,1,1,1787953839858018680,1787953839845276809,5416942826937,5416942873752,72,0,0
rx,203,2,1,1,1787953839861368309,1787953839860325494,5416946176271,0,0,0,0
tx,203,19,1,1,1787953839868960902,1787953839860325494,5416953769141,5416953805808,72,0,0
rx,204,3,1,1,1787953839875686198,1787953839875210161,5416960494215,0,0,0,0
tx,204,28,1,1,1787953839878954087,1787953839875210161,5416963762363,5416963798308,72,0,0
tx,204,37,1,1,1787953839888803198,1787953839875210161,5416973611456,5416973637382,72,0,0
rx,205,4,1,1,1787953839890997272,1787953839889952513,5416975805271,0,0,0,0
tx,205,46,1,1,1787953839898602198,1787953839889952513,5416983410456,5416983439641,72,0,0
rx,206,5,1,1,1787953839905222587,1787953839905167050,5416990030567,0,0,0,0
tx,206,55,1,1,1787953839908506624,1787953839905167050,5416993314863,5416993343733,72,0,0
tx,206,64,1,1,1787953839918339124,1787953839905167050,5417003147382,5417003172622,72,0,0
rx,207,6,1,1,1787953839921617013,1787953839920925309,5417006425011,0,0,0,0
tx,207,73,1,1,1787953839928143717,1787953839920925309,5417012951974,5417012985085,72,0,0
rx,208,7,1,1,1787953839935839920,1787953839935052661,5417020647900,0,0,0,0
tx,208,82,1,1,1787953839938018680,1787953839935052661,5417022826974,5417022861382,72,0,0
tx,208,92,1,1,1787953839949003142,1787953839935052661,5417033811400,5417033839474,72,0,0
rx,209,8,1,1,1787953839951230698,1787953839950471235,5417036038493,0,0,0,0
tx,209,101,1,1,1787953839958842846,1787953839950471235,5417043651104,5417043679585,72,0,0
rx,210,9,1,1,1787953839965438180,1787953839965402698,5417050246159,0,0,0,0
tx,210,110,1,1,1787953839968712809,1787953839965402698,5417053521067,5417053551715,72,0,0
tx,210,119,1,1,1787953839978555717,1787953839965402698,5417063363974,5417063389826,72,0,0
rx,211,10,1,1,1787953839980748642,1787953839980269346,5417065556641,0,0,0,0
tx,211,128,1,1,1787953839988360902,1787953839980269346,5417073169178,5417073201604,72,0,0
rx,212,11,1,1,1787953839996069346,1787953839995717809,5417080877345,0,0,0,0
tx,212,137,1,1,1787953839998257531,1787953839995717809,5417083065807,5417083097196,72,0,0
tx,212,146,1,1,1787953840008108383,1787953839995717809,5417092916641,5417092943141,72,0,0
rx,213,12,1,1,1787953840011386661,1787953840010321309,5417096194641,0,0,0,0
tx,213,156,1,1,1787953840018998661,1787953840010321309,5417103806956,5417103834382,72,0,0
rx,214,13,1,1,1787953840025587291,1787953840025557494,5417110395289,0,0,0,0
tx,214,165,1,1,1787953840028840087,1787953840025557494,5417113648345,5417113677326,72,0,0
tx,214,174,1,1,1787953840038685679,1787953840025557494,5417123493919,5417123522882,72,0,0
rx,215,14,1,1,1787953840040885161,1787953840040257809,5417125693159,0,0,0,0
tx,215,183,1,1,1787953840048465309,1787953840040257809,5417133273548,5417133302178,72,0,0
rx,216,15,1,1,1787953840056149642,1787953840055407346,5417140957622,0,0,0,0
tx,216,192,1,1,1787953840058306383,1787953840055407346,5417143114641,5417143141937,72,0,0
tx,216,0,1,1,1787953840068143957,1787953840055407346,5417152952344,5417152982419,72,0,0
rx,217,16,1,1,1787953840071440568,1787953840070402550,5417156248567,0,0,0,0
tx,217,10,1,1,1787953840079050068,1787953840070402550,5417163858456,5417163891622,72,0,0
rx,218,17,1,1,1787953840085653457,1787953840085188476,5417170461474,0,0,0,0
tx,218,20,1,1,1787953840089981013,1787953840085188476,5417174789252,5417174819067,72,0,0
tx,218,29,1,1,1787953840099830809,1787953840085188476,5417184639067,5417184667233,72,0,0
rx,219,18,1,1,1787953840100952605,1787953840100311735,5417185760622,0,0,0,0
tx,219,38,1,1,1787953840109640883,1787953840100311735,5417194449122,5417194478141,72,0,0
rx,220,19,1,1,1787953840116230976,1787953840115353809,5417201038974,0,0,0,0
tx,220,47,1,1,1787953840119497494,1787953840115353809,5417204305733,5417204334011,72,0,0
tx,220,56,1,1,1787953840129358457,1787953840115353809,5417214166715,5417214196919,72,0,0
rx,221,20,1,1,1787953840131566439,1787953840130502420,5417216374419,0,0,0,0
tx,221,65,1,1,1787953840139157105,1787953840130502420,5417223965363,5417223992826,72,0,0
rx,222,21,1,1,1787953840145801661,1787953840145019772,5417230609678,0,0,0,0
tx,222,74,1,1,1787953840149059550,1787953840145019772,5417233867807,5417233896252,72,0,0
tx,222,84,1,1,1787953840160022994,1787953840145019772,5417244831233,5417244857381,72,0,0
rx,223,22,1,1,1787953840161143772,1787953840160988142,5417245951770,0,0,0,0
tx,223,94,1,1,1787953840170915328,1787953840160988142,5417255723567,5417255752807,72,0,0
rx,224,23,1,1,1787953840176432753,1787953840175422235,5417261240733,0,0,0,0
tx,224,103,1,1,1787953840180777328,1787953840175422235,5417265585604,5417265620085,72,0,0
rx,225,24,1,1,1787953840190613013,1787953840190225383,5417275421011,0,0,0,0
tx,225,112,1,1,1787953840190620716,1787953840190225383,5417275428956,5417275456530,72,0,0
tx,225,121,1,1,1787953840200478550,1787953840190225383,5417285286789,5417285314456,72,0,0
rx,226,25,1,1,1787953840207029439,1787953840206103031,5417291837456,0,0,0,0
tx,226,130,1,1,1787953840210291198,1787953840206103031,5417295099456,5417295127252,72,0,0
rx,227,26,1,1,1787953840220129290,1787953840220067068,5417304937270,0,0,0,0
tx,227,139,1,1,1787953840220136790,1787953840220067068,5417304945048,5417304971585,72,0,0
tx,227,149,1,1,1787953840231041939,1787953840220067068,5417315850196,5417315877270,72,0,0
rx,228,27,1,1,1787953840236510513,1787953840236067290,5417321318493,0,0,0,0
tx,228,159,1,1,1787953840241941420,1787953840236067290,5417326749696,5417326781437,72,0,0
rx,229,28,1,1,1787953840250723327,1787953840250091605,5417335531344,0,0,0,0
tx,229,168,1,1,1787953840251823050,1787953840250091605,5417336631307,5417336661807,72,0,0
tx,229,177,1,1,1787953840261657550,1787953840250091605,5417346465807,5417346492030,72,0,0
rx,230,29,1,1,1787953840266030957,1787953840265748513,5417350838937,0,0,0,0
tx,230,186,1,1,1787953840271461494,1787953840265748513,5417356269733,5417356300770,72,0,0
rx,231,30,1,1,1787953840281313883,1787953840280734587,5417366121881,0,0,0,0
tx,231,195,1,1,1787953840281322124,1787953840280734587,5417366130381,5417366163622,72,0,0
tx,231,3,1,1,1787953840291170513,1787953840280734587,5417375978752,5417376037567,72,0,0
rx,232,31,1,1,1787953840295601439,1787953840295463587,5417380409455,0,0,0,0
tx,232,12,1,1,1787953840301032513,1787953840295463587,5417385840789,5417385870104,72,0,0
rx,233,32,1,1,1787953840310869679,1787953840310444531,5417395677678,0,0,0,0
tx,233,22,1,1,1787953840311964013,1787953840310444531,5417396772270,5417396800104,72,0,0
tx,233,31,1,1,1787953840321795698,1787953840310444531,5417406603937,5417406629400,72,0,0
rx,234,33,1,1,1787953840326139142,1787953840325041235,5417410947122,0,0,0,0
tx,234,40,1,1,1787953840331581902,1787953840325041235,5417416390159,5417416424048,72,0,0
rx,235,34,1,1,1787953840341413327,1787953840340681476,5417426221307,0,0,0,0
tx,235,49,1,1,1787953840341421531,1787953840340681476,5417426229770,5417426258492,72,0,0
tx,235,58,1,1,1787953840351302735,1787953840340681476,5417436110974,5417436137863,72,0,0
rx,236,35,1,1,1787953840355678235,1787953840355472939,5417440486215,0,0,0,0
tx,236,67,1,1,1787953840361111457,1787953840355472939,5417445919715,5417445947381,72,0,0
rx,237,36,1,1,1787953840370950346,1787953840370643290,5417455758252,0,0,0,0
tx,237,77,1,1,1787953840372041290,1787953840370643290,5417456849548,5417456880067,72,0,0
tx,237,87,1,1,1787953840382969550,1787953840370643290,5417467777844,5417467809085,72,0,0
rx,238,37,1,1,1787953840387346401,1787953840386482476,5417472154270,0,0,0,0
tx,238,96,1,1,1787953840392789661,1787953840386482476,5417477597937,5417477627585,72,0,0
rx,239,38,1,1,1787953840400482031,1787953840400416735,5417485290029,0,0,0,0
tx,239,105,1,1,1787953840402658309,1787953840400416735,5417487466567,5417487493918,72,0,0
tx,239,114,1,1,1787953840412492920,1787953840400416735,5417497301307,5417497326770,72,0,0
rx,240,39,1,1,1787953840415786457,1787953840415026809,5417500594455,0,0,0,0
tx,240,123,1,1,1787953840422298420,1787953840415026809,5417507106752,5417507134937,72,0,0
rx,241,40,1,1,1787953840431163068,1787953840430646327,5417515971066,0,0,0,0
tx,241,132,1,1,1787953840432257401,1787953840430646327,5417517065678,5417517098066,72,0,0
tx,241,141,1,1,1787953840442133309,1787953840430646327,5417526941548,5417526967418,72,0,0
rx,242,41,1,1,1787953840447597272,1787953840446623716,5417532405289,0,0,0,0
tx,242,151,1,1,1787953840453056198,1787953840446623716,5417537864455,5417537893141,72,0,0
rx,243,42,1,1,1787953840461815216,1787953840461193920,5417546623215,0,0,0,0
tx,243,161,1,1,1787953840463987068,1787953840461193920,5417548795307,5417548823326,72,0,0
tx,243,170,1,1,1787953840473887161,1787953840461193920,5417558695418,5417558728715,72,0,0
rx,244,43,1,1,1787953840476095864,1787953840475173605,5417560903863,0,0,0,0
tx,244,179,1,1,1787953840483687975,1787953840475173605,5417568496270,5417568526233,72,0,0
rx,245,44,1,1,1787953840490293401,1787953840490128698,5417575101400,0,0,0,0
tx,245,188,1,1,1787953840493566642,1787953840490128698,5417578374937,5417578406085,72,0,0
tx,245,197,1,1,1787953840503448494,1787953840490128698,5417588256752,5417588283974,72,0,0
rx,246,45,1,1,1787953840505653753,1787953840505472438,5417590461770,0,0,0,0
tx,246,5,1,1,1787953840513247957,1787953840505472438,5417598056196,5417598083474,72,0,0
rx,247,46,1,1,1787953840520930531,1787953840520131198,5417605738511,0,0,0,0
tx,247,14,1,1,1787953840523118290,1787953840520131198,5417607926548,5417607953974,72,0,0
tx,247,24,1,1,1787953840534081550,1787953840520131198,5417618889863,5417618922455,72,0,0
rx,248,47,1,1,1787953840535220475,1787953840535147790,5417620028455,0,0,0,0
tx,248,34,1,1,1787953840545006531,1787953840535147790,5417629814770,5417629844400,72,0,0
rx,249,48,1,1,1787953840550533142,1787953840550382087,5417635341122,0,0,0,0
tx,249,43,1,1,1787953840554886550,1787953840550382087,5417639694844,5417639723029,72,0,0
tx,249,52,1,1,1787953840564754401,1787953840550382087,5417649562640,5417649588566,72,0,0
rx,250,49,1,1,1787953840565864846,1787953840565012550,5417650672844,0,0,0,0
tx,250,61,1,1,1787953840574551938,1787953840565012550,5417659360215,5417659389363,72,0,0
rx,251,50,1,1,1787953840581153550,1787953840580598587,5417665961529,0,0,0,0
tx,251,70,1,1,1787953840584416994,1787953840580598587,5417669225289,5417669257196,72,0,0
tx,251,79,1,1,1787953840594395401,1787953840580598587,5417679203678,5417679232196,72,0,0
rx,252,51,1,1,1787953840596590309,1787953840595761124,5417681398289,0,0,0,0
tx,252,88,1,1,1787953840604190087,1787953840595761124,5417688998344,5417689025715,72,0,0
rx,253,52,1,1,1787953840610773883,1787953840609965420,5417695581881,0,0,0,0
tx,253,97,1,1,1787953840614030679,1787953840609965420,5417698838937,5417698867140,72,0,0
tx,253,107,1,1,1787953840624952309,1787953840609965420,5417709760548,5417709787066,72,0,0
rx,254,53,1,1,1787953840626081716,1787953840625426827,5417710889715,0,0,0,0
tx,254,116,1,1,1787953840634926124,1787953840625426827,5417719734400,5417719765196,72,0,0
rx,255,54,1,1,1787953840641509920,1787953840640838142,5417726317937,0,0,0,0
tx,255,125,1,1,1787953840644785679,1787953840640838142,5417729593955,5417729622863,72,0,0
tx,255,134,1,1,1787953840654644753,1787953840640838142,5417739453048,5417739480140,72,0,0
rx,256,55,1,1,1787953840655758235,1787953840655468031,5417740566215,0,0,0,0
tx,256,143,1,1,1787953840664435809,1787953840655468031,5417749244066,5417749271029,72,0,0
rx,257,56,1,1,1787953840672076827,1787953840671002216,5417756884844,0,0,0,0
tx,257,152,1,1,1787953840674268642,1787953840671002216,5417759076900,5417759111066,72,0,0
tx,257,161,1,1,1787953840684321642,1787953840671002216,5417769129881,5417769159289,72,0,0
rx,258,57,1,1,1787953840685445661,1787953840685123549,5417770253659,0,0,0,0
tx,258,170,1,1,1787953840694137012,1787953840685123549,5417778945270,5417778975659,72,0,0
rx,259,58,1,1,1787953840700732661,1787953840700385605,5417785540659,0,0,0,0
tx,259,180,1,1,1787953840705071161,1787953840700385605,5417789879418,5417789916214,72,0,0
rx,260,59,1,1,1787953840716006846,1787953840715482142,5417800814863,0,0,0,0
tx,260,190,1,1,1787953840716015161,1787953840715482142,5417800823418,5417800852400,72,0,0
tx,260,199,1,1,1787953840725865161,1787953840715482142,5417810673455,5417810706640,72,0,0
rx,261,60,1,1,1787953840731258049,1787953840730482698,5417816066048,0,0,0,0
tx,261,7,1,1,1787953840735596290,1787953840730482698,5417820404585,5417820434529,72,0,0
tx,261,16,1,1,1787953840745453975,1787953840730482698,5417830262251,5417830288992,72,0,0
rx,262,61,1,1,1787953840746575401,1787953840746041938,5417831383418,0,0,0,0
tx,262,25,1,1,1787953840755255457,1787953840746041938,5417840063751,5417840092233,72,0,0
rx,263,62,1,1,1787953840761837938,1787953840760871290,5417846645937,0,0,0,0
tx,263,34,1,1,1787953840765102327,1787953840760871290,5417849910566,5417849936900,72,0,0
tx,263,43,1,1,1787953840775022161,1787953840760871290,5417859830474,5417859859974,72,0,0
rx,264,63,1,1,1787953840776143105,1787953840775093920,5417860951103,0,0,0,0
tx,264,53,1,1,1787953840785921716,1787953840775093920,5417870730011,5417870762992,72,0,0
rx,265,64,1,1,1787953840791465327,1787953840790442901,5417876273326,0,0,0,0
tx,265,62,1,1,1787953840795917475,1787953840790442901,5417880725770,5417880755788,72,0,0
tx,265,71,1,1,1787953840805752383,1787953840790442901,5417890560714,5417890587548,72,0,0
rx,266,65,1,1,1787953840806870160,1787953840806018809,5417891678177,0,0,0,0
tx,266,80,1,1,1787953840815573364,1787953840806018809,5417900381603,5417900407770,72,0,0
rx,267,66,1,1,1787953840821108327,1787953840820418883,5417905916326,0,0,0,0
tx,267,89,1,1,1787953840825439420,1787953840820418883,5417910247733,5417910274974,72,0,0
tx,267,98,1,1,1787953840835288253,1787953840820418883,5417920096529,5417920128122,72,0,0
rx,268,67,1,1,1787953840836408216,1787953840835441272,5417921216233,0,0,0,0
tx,268,107,1,1,1787953840845115160,1787953840835441272,5417929923418,5417929951529,72,0,0
rx,269,68,1,1,1787953840850639975,1787953840850514994,5417935447974,0,0,0,0
tx,269,116,1,1,1787953840855015938,1787953840850514994,5417939824196,5417939852270,72,0,0
rx,270,69,1,1,1787953840865802383,1787953840865650420,5417950610363,0,0,0,0
tx,270,124,1,1,1787953840865811253,1787953840865650420,5417950619492,5417950659585,72,0,0
tx,270,133,1,1,1787953840877841142,1787953840865650420,5417962649400,5417962690214,72,0,0
rx,271,70,1,1,1787953840881137753,1787953840880486957,5417965945696,0,0,0,0
tx,271,142,1,1,1787953840887624420,1787953840880486957,5417972432677,5417972460825,72,0,0
rx,272,71,1,1,1787953840895282383,1787953840895068031,5417980090363,0,0,0,0
tx,272,151,1,1,1787953840897446160,1787953840895068031,5417982254677,5417982283270,72,0,0
tx,272,160,1,1,1787953840907233031,1787953840895068031,5417992041288,5417992065363,72,0,0
rx,273,72,1,1,1787953840910509272,1787953840910071660,5417995317251,0,0,0,0
tx,273,169,1,1,1787953840917010512,1787953840910071660,5418001818751,5418001842696,72,0,0
rx,274,73,1,1,1787953840925753494,1787953840925357179,5418010561492,0,0,0,0
tx,274,179,1,1,1787953840927925327,1787953840925357179,5418012733603,5418012766381,72,0,0
tx,274,188,1,1,1787953840937753957,1787953840925357179,5418022562196,5418022586677,72,0,0
rx,275,74,1,1,1787953840941028790,1787953840940152049,5418025836770,0,0,0,0
tx,275,197,1,1,1787953840947548772,1787953840940152049,5418032357011,5418032384603,72,0,0
rx,276,75,1,1,1787953840955232272,1787953840954958827,5418040040251,0,0,0,0
tx,276,5,1,1,1787953840957406179,1787953840954958827,5418042214437,5418042239881,72,0,0
tx,276,14,1,1,1787953840967189697,1787953840954958827,5418051997955,5418052075696,72,0,0
rx,277,76,1,1,1787953840971605216,1787953840970650253,5418056413214,0,0,0,0
tx,277,23,1,1,1787953840977033623,1787953840970650253,5418061841881,5418061873270,72,0,0
rx,278,77,1,1,1787953840985782494,1787953840985268234,5418070590455,0,0,0,0
tx,278,33,1,1,1787953840987959975,1787953840985268234,5418072768233,5418072795103,72,0,0
tx,278,42,1,1,1787953840997768864,1787953840985268234,5418082577122,5418082602825,72,0,0
rx,279,78,1,1,1787953840999960660,1787953840999915660,5418084768677,0,0,0,0
tx,279,51,1,1,1787953841007539642,1787953840999915660,5418092347881,5418092372918,72,0,0
rx,280,79,1,1,1787953841015220179,1787953841015087049,5418100028177,0,0,0,0
tx,280,60,1,1,1787953841017390531,1787953841015087049,5418102198788,5418102225307,72,0,0
tx,280,69,1,1,1787953841027224105,1787953841015087049,5418112032381,5418112067992,72,0,0
rx,281,80,1,1,1787953841030513660,1787953841030103086,5418115321659,0,0,0,0
tx,281,79,1,1,1787953841038090531,1787953841030103086,5418122898788,5418122924177,72,0,0
rx,282,81,1,1,1787953841045743327,1787953841045163975,5418130551307,0,0,0,0
tx,282,89,1,1,1787953841048993197,1787953841045163975,5418133801455,5418133827696,72,0,0
tx,282,98,1,1,1787953841058826457,1787953841045163975,5418143634696,5418143658788,72,0,0
rx,283,82,1,1,1787953841061015568,1787953841060747290,5418145823566,0,0,0,0
tx,283,107,1,1,1787953841068636771,1787953841060747290,5418153445011,5418153473955,72,0,0
rx,284,83,1,1,1787953841077404549,1787953841076475086,5418162212566,0,0,0,0
tx,284,116,1,1,1787953841078502938,1787953841076475086,5418163311196,5418163345733,72,0,0
tx,284,125,1,1,1787953841088328160,1787953841076475086,5418173136418,5418173160566,72,0,0
rx,285,84,1,1,1787953841091599808,1787953841090768679,5418176407788,0,0,0,0
tx,285,134,1,1,1787953841098093364,1787953841090768679,5418182901640,5418182926455,72,0,0
rx,286,85,1,1,1787953841105737790,1787953841105716845,5418190545770,0,0,0,0
tx,286,144,1,1,1787953841108993364,1787953841105716845,5418193801603,5418193827325,72,0,0
tx,286,153,1,1,1787953841118799012,1787953841105716845,5418203607251,5418203631362,72,0,0
rx,287,86,1,1,1787953841120986012,1787953841119997975,5418205793992,0,0,0,0
tx,287,162,1,1,1787953841128566734,1787953841119997975,5418213374992,5418213405881,72,0,0
rx,288,87,1,1,1787953841136231345,1787953841135326679,5418221039362,0,0,0,0
tx,288,171,1,1,1787953841138400883,1787953841135326679,5418223209140,5418223235973,72,0,0
tx,288,180,1,1,1787953841148203290,1787953841135326679,5418233011529,5418233036399,72,0,0
rx,289,88,1,1,1787953841151478605,1787953841150388549,5418236286585,0,0,0,0
tx,289,190,1,1,1787953841159054771,1787953841150388549,5418243863029,5418243889177,72,0,0
rx,290,89,1,1,1787953841165616253,1787953841165539234,5418250424196,0,0,0,0
tx,290,200,1,1,1787953841169951494,1787953841165539234,5418254759751,5418254791010,72,0,0
tx,290,8,1,1,1787953841179768994,1787953841165539234,5418264577288,5418264606936,72,0,0
rx,291,90,1,1,1787953841181966123,1787953841180894457,5418266774103,0,0,0,0
tx,291,17,1,1,1787953841189545586,1787953841180894457,5418274353844,5418274379510,72,0,0
rx,292,91,1,1,1787953841196116012,1787953841195243049,5418280923992,0,0,0,0
tx,292,26,1,1,1787953841199371401,1787953841195243049,5418284179677,5418284205751,72,0,0
tx,292,35,1,1,1787953841209174771,1787953841195243049,5418293983010,5418294006862,72,0,0
rx,293,92,1,1,1787953841210283734,1787953841210222086,5418295091751,0,0,0,0
tx,293,45,1,1,1787953841220020475,1787953841210222086,5418304828751,5418304852733,72,0,0
rx,294,93,1,1,1787953841225506642,1787953841225301716,5418310314640,0,0,0,0
tx,294,55,1,1,1787953841230924753,1787953841225301716,5418315733010,5418315762992,72,0,0
rx,295,94,1,1,1787953841240772419,1787953841239972401,5418325580418,0,0,0,0
tx,295,64,1,1,1787953841240780216,1787953841239972401,5418325588473,5418325613585,72,0,0
tx,295,73,1,1,1787953841250582327,1787953841239972401,5418335390585,5418335414881,72,0,0
rx,296,95,1,1,1787953841256017290,1787953841255064234,5418340825288,0,0,0,0
tx,296,82,1,1,1787953841260345864,1787953841255064234,5418345154122,5418345179529,72,0,0
tx,296,91,1,1,1787953841270156975,1787953841255064234,5418354965233,5418354995622,72,0,0
rx,297,96,1,1,1787953841271282827,1787953841270331457,5418356090825,0,0,0,0
tx,297,101,1,1,1787953841281026790,1787953841270331457,5418365835047,5418365862751,72,0,0
rx,298,97,1,1,1787953841286521568,1787953841285821419,5418371329566,0,0,0,0
tx,298,111,1,1,1787953841291935068,1787953841285821419,5418376743325,5418376771177,72,0,0
rx,299,98,1,1,1787953841300660456,1787953841300469901,5418385468455,0,0,0,0
tx,299,120,1,1,1787953841301750364,1787953841300469901,5418386558603,5418386585714,72,0,0
tx,299,129,1,1,1787953841311563234,1787953841300469901,5418396371492,5418396395584,72,0,0
rx,300,99,1,1,1787953841316992253,1787953841315929919,5418401800270,0,0,0,0
tx,300,138,1,1,1787953841321328179,1787953841315929919,5418406136436,5418406160751,72,0,0
rx,301,100,1,1,1787953841331140068,1787953841330313808,5418415948047,0,0,0,0
tx,301,147,1,1,1787953841331148105,1787953841330313808,5418415956362,5418415988418,72,0,0
tx,301,157,1,1,1787953841342083975,1787953841330313808,5418426892233,5418426917418,72,0,0
rx,302,101,1,1,1787953841345379864,1787953841345231253,5418430187862,0,0,0,0
tx,302,167,1,1,1787953841352956697,1787953841345231253,5418437764936,5418437790992,72,0,0
rx,303,102,1,1,1787953841360734623,1787953841360030308,5418445542603,0,0,0,0
tx,303,176,1,1,1787953841362906993,1787953841360030308,5418447715233,5418447744492,72,0,0
tx,303,185,1,1,1787953841372819031,1787953841360030308,5418457627270,5418457655770,72,0,0
rx,304,103,1,1,1787953841376152845,1787953841375403993,5418460960770,0,0,0,0
tx,304,194,1,1,1787953841382689790,1787953841375403993,5418467498084,5418467531010,72,0,0
rx,305,104,1,1,1787953841390388493,1787953841390227753,5418475196492,0,0,0,0
tx,305,2,1,1,1787953841392571605,1787953841390227753,5418477379955,5418477407362,72,0,0
tx,305,11,1,1,1787953841402405512,1787953841390227753,5418487213770,5418487239047,72,0,0
rx,306,105,1,1,1787953841405681271,1787953841404993327,5418490489270,0,0,0,0
tx,306,20,1,1,1787953841412184864,1787953841404993327,5418496993103,5418497018714,72,0,0
rx,307,106,1,1,1787953841420961364,1787953841419947086,5418505769325,0,0,0,0
tx,307,29,1,1,1787953841422074993,1787953841419947086,5418506883251,5418506909714,72,0,0
tx,307,39,1,1,1787953841432990530,1787953841419947086,5418517798788,5418517826566,72,0,0
rx,308,107,1,1,1787953841436358901,1787953841435421660,5418521166899,0,0,0,0
tx,308,48,1,1,1787953841442860493,1787953841435421660,5418527668825,5418527699807,72,0,0
rx,309,108,1,1,1787953841450604530,1787953841450076438,5418535412529,0,0,0,0
tx,309,57,1,1,1787953841452805271,1787953841450076438,5418537613529,5418537642381,72,0,0
tx,309,66,1,1,1787953841462650864,1787953841450076438,5418547459103,5418547486288,72,0,0
rx,310,109,1,1,1787953841465939530,1787953841465231586,5418550747529,0,0,0,0
tx,310,74,1,1,1787953841472617327,1787953841465231586,5418557425695,5418557462658,72,0,0
rx,311,110,1,1,1787953841480325030,1787953841480036623,5418565133047,0,0,0,0
tx,311,83,1,1,1787953841482496197,1787953841480036623,5418567304455,5418567334844,72,0,0
tx,311,92,1,1,1787953841492339197,1787953841480036623,5418577147455,5418577174510,72,0,0
rx,312,111,1,1,1787953841495669105,1787953841495431030,5418580477103,0,0,0,0
tx,312,101,1,1,1787953841502207012,1787953841495431030,5418587015251,5418587048325,72,0,0
rx,313,112,1,1,1787953841512062290,1787953841511174067,5418596870288,0,0,0,0
tx,313,110,1,1,1787953841512074105,1787953841511174067,5418596882344,5418596910955,72,0,0
tx,313,119,1,1,1787953841523051697,1787953841511174067,5418607859955,5418607892510,72,0,0
rx,314,113,1,1,1787953841526337549,1787953841525344105,5418611145566,0,0,0,0
tx,314,129,1,1,1787953841533912419,1787953841525344105,5418618720658,5418618748529,72,0,0
rx,315,114,1,1,1787953841540509049,1787953841540203327,5418625317047,0,0,0,0
tx,315,138,1,1,1787953841543776345,1787953841540203327,5418628584603,5418628611621,72,0,0
tx,315,147,1,1,1787953841553630067,1787953841540203327,5418638438325,5418638465621,72,0,0
rx,316,115,1,1,1787953841555823049,1787953841555107882,5418640631047,0,0,0,0
tx,316,156,1,1,1787953841563431993,1787953841555107882,5418648240232,5418648268381,72,0,0
rx,317,116,1,1,1787953841571307086,1787953841570286660,5418656115084,0,0,0,0
tx,317,164,1,1,1787953841573488512,1787953841570286660,5418658296807,5418658337084,72,0,0
tx,317,173,1,1,1787953841583332179,1787953841570286660,5418668140436,5418668167584,72,0,0
rx,318,117,1,1,1787953841586602864,1787953841585689993,5418671410862,0,0,0,0
tx,318,182,1,1,1787953841593114790,1787953841585689993,5418677923047,5418677951621,72,0,0
rx,319,118,1,1,1787953841600809530,1787953841600639845,5418685617529,0,0,0,0
tx,319,192,1,1,1787953841604075290,1787953841600639845,5418688883547,5418688912603,72,0,0
tx,319,1,1,1,1787953841615003216,1787953841600639845,5418699811455,5418699838084,72,0,0
rx,320,119,1,1,1787953841616115790,1787953841615606882,5418700923788,0,0,0,0
tx,320,10,1,1,1787953841625736641,1787953841615606882,5418710544899,5418710578492,72,0,0
rx,321,120,1,1,1787953841630172086,1787953841630112456,5418714980066,0,0,0,0
tx,321,19,1,1,1787953841635563012,1787953841630112456,5418720371251,5418720400177,72,0,0
rx,322,121,1,1,1787953841645402419,1787953841645161975,5418730210418,0,0,0,0
tx,322,28,1,1,1787953841645410141,1787953841645161975,5418730218399,5418730246214,72,0,0
tx,322,37,1,1,1787953841655291067,1787953841645161975,5418740099325,5418740127769,72,0,0
rx,323,122,1,1,1787953841660751178,1787953841660034438,5418745559195,0,0,0,0
tx,323,46,1,1,1787953841665098827,1787953841660034438,5418749907066,5418749934418,72,0,0
rx,324,123,1,1,1787953841676028123,1787953841675227919,5418760836140,0,0,0,0
tx,324,55,1,1,1787953841676036604,1787953841675227919,5418760844899,5418760882306,72,0,0
tx,324,65,1,1,1787953841686969123,1787953841675227919,5418771777381,5418771802992,72,0,0
rx,325,124,1,1,1787953841691319938,1787953841690415308,5418776127936,0,0,0,0
tx,325,74,1,1,1787953841696762234,1787953841690415308,5418781570492,5418781600732,72,0,0
rx,326,125,1,1,1787953841706597216,1787953841705637678,5418791405232,0,0,0,0
tx,326,83,1,1,1787953841706605123,1787953841705637678,5418791413362,5418791442084,72,0,0
tx,326,92,1,1,1787953841716444919,1787953841705637678,5418801253158,5418801278955,72,0,0
rx,327,126,1,1,1787953841722110253,1787953841720007141,5418806918251,0,0,0,0
tx,327,100,1,1,1787953841726488975,1787953841720007141,5418811297232,5418811331825,72,0,0
rx,328,127,1,1,1787953841736338401,1787953841735432660,5418821146381,0,0,0,0
tx,328,109,1,1,1787953841736346049,1787953841735432660,5418821154418,5418821184862,72,0,0
tx,328,118,1,1,1787953841746174401,1787953841735432660,5418830982658,5418831009714,72,0,0
rx,329,128,1,1,1787953841751641641,1787953841750803290,5418836449640,0,0,0,0
tx,329,127,1,1,1787953841756019734,1787953841750803290,5418840827992,5418840857084,72,0,0
rx,330,129,1,1,1787953841765869271,1787953841765608660,5418850677251,0,0,0,0
tx,330,137,1,1,1787953841766962308,1787953841765608660,5418851770547,5418851798343,72,0,0
tx,330,145,1,1,1787953841776988567,1787953841765608660,5418861796825,5418861832658,72,0,0
rx,331,130,1,1,1787953841780268364,1787953841779998567,5418865076362,0,0,0,0
tx,331,154,1,1,1787953841786768975,1787953841779998567,5418871577232,5418871604232,72,0,0
rx,332,131,1,1,1787953841795562993,1787953841795027104,5418880370992,0,0,0,0
tx,332,163,1,1,1787953841796663827,1787953841795027104,5418881472121,5418881503084,72,0,0
tx,332,172,1,1,1787953841806521104,1787953841795027104,5418891329362,5418891356955,72,0,0
rx,333,132,1,1,1787953841810881715,1787953841810374864,5418895689695,0,0,0,0
tx,333,181,1,1,1787953841816307678,1787953841810374864,5418901115936,5418901143843,72,0,0
rx,334,133,1,1,1787953841825209752,1787953841824932290,5418910017732,0,0,0,0
tx,334,189,1,1,1787953841826302327,1787953841824932290,5418911110584,5418911144918,72,0,0
tx,334,198,1,1,1787953841836148771,1787953841824932290,5418920957010,5418920983510,72,0,0
rx,335,134,1,1,1787953841840546660,1787953841840271271,5418925354658,0,0,0,0
tx,335,7,1,1,1787953841847070771,1787953841840271271,5418931879029,5418931909658,72,0,0
rx,336,135,1,1,1787953841855843456,1787953841855272956,5418940651455,0,0,0,0
tx,336,17,1,1,1787953841858156271,1787953841855272956,5418942964547,5418943005843,72,0,0
tx,336,25,1,1,1787953841868314512,1787953841855272956,5418953122788,5418953159121,72,0,0
rx,337,136,1,1,1787953841871613401,1787953841870749734,5418956421380,0,0,0,0
tx,337,34,1,1,1787953841878120086,1787953841870749734,5418962928399,5418962961788,72,0,0
rx,338,137,1,1,1787953841885828271,1787953841885055845,5418970636251,0,0,0,0
tx,338,44,1,1,1787953841889091715,1787953841885055845,5418973899992,5418973930380,72,0,0
tx,338,53,1,1,1787953841899054919,1787953841885055845,5418983863214,5418983890566,72,0,0
rx,339,138,1,1,1787953841900174012,1787953841900021660,5418984982010,0,0,0,0
tx,339,63,1,1,1787953841909936808,1787953841900021660,5418994745047,5418994771936,72,0,0
rx,340,139,1,1,1787953841916527586,1787953841915547956,5419001335492,0,0,0,0
tx,340,72,1,1,1787953841919786493,1787953841915547956,5419004594732,5419004621584,72,0,0
tx,340,80,1,1,1787953841929802289,1787953841915547956,5419014610547,5419014652510,72,0,0
rx,341,140,1,1,1787953841930935845,1787953841930279938,5419015743843,0,0,0,0
tx,341,89,1,1,1787953841939605030,1787953841930279938,5419024413269,5419024440029,72,0,0
rx,342,141,1,1,1787953841946189901,1787953841945306808,5419030997917,0,0,0,0
tx,342,98,1,1,1787953841949445864,1787953841945306808,5419034254158,5419034280677,72,0,0
tx,342,107,1,1,1787953841959286049,1787953841945306808,5419044094288,5419044118788,72,0,0
rx,343,142,1,1,1787953841960469697,1787953841960384586,5419045277695,0,0,0,0
tx,343,116,1,1,1787953841969135067,1787953841960384586,5419053943325,5419053969880,72,0,0
rx,344,143,1,1,1787953841975714104,1787953841975101845,5419060522010,0,0,0,0
tx,344,126,1,1,1787953841980054363,1787953841975101845,5419064862621,5419064895140,72,0,0
rx,345,144,1,1,1787953841990949271,1787953841990198289,5419075757288,0,0,0,0
tx,345,136,1,1,1787953841990957215,1787953841990198289,5419075765454,5419075793417,72,0,0
tx,345,145,1,1,1787953842000772215,1787953841990198289,5419085580510,5419085608084,72,0,0
rx,346,145,1,1,1787953842005146104,1787953842005044178,5419089954121,0,0,0,0
tx,346,154,1,1,1787953842010565178,1787953842005044178,5419095373417,5419095399362,72,0,0
tx,346,163,1,1,1787953842020387660,1787953842005044178,5419105195954,5419105227936,72,0,0
rx,347,146,1,1,1787953842021506863,1787953842021330419,5419106314862,0,0,0,0
tx,347,172,1,1,1787953842030167863,1787953842021330419,5419114976121,5419115002917,72,0,0
rx,348,147,1,1,1787953842035667845,1787953842034969956,5419120475825,0,0,0,0
tx,348,182,1,1,1787953842041077438,1787953842034969956,5419125885695,5419125911843,72,0,0
rx,349,148,1,1,1787953842050882660,1787953842050343438,5419135690658,0,0,0,0
tx,349,192,1,1,1787953842051975586,1787953842050343438,5419136783825,5419136810788,72,0,0
tx,349,0,1,1,1787953842061784938,1787953842050343438,5419146593195,5419146616973,72,0,0
rx,350,149,1,1,1787953842066137734,1787953842065269882,5419150945751,0,0,0,0
tx,350,9,1,1,1787953842071567012,1787953842065269882,5419156375251,5419156405751,72,0,0
rx,351,150,1,1,1787953842081433289,1787953842080433549,5419166241288,0,0,0,0
tx,351,18,1,1,1787953842081441771,1787953842080433549,5419166250028,5419166279954,72,0,0
tx,351,27,1,1,1787953842091260493,1787953842080433549,5419176068732,5419176093621,72,0,0
rx,352,151,1,1,1787953842095612734,1787953842095281123,5419180420732,0,0,0,0
tx,352,36,1,1,1787953842101038400,1787953842095281123,5419185846640,5419185872880,72,0,0
rx,353,152,1,1,1787953842110847697,1787953842110185956,5419195655714,0,0,0,0
tx,353,46,1,1,1787953842111937160,1787953842110185956,5419196745417,5419196771473,72,0,0
tx,353,55,1,1,1787953842121775863,1787953842110185956,5419206584103,5419206613640,72,0,0
rx,354,153,1,1,1787953842126140160,1787953842125752308,5419210948158,0,0,0,0
tx,354,64,1,1,1787953842131557900,1787953842125752308,5419216366158,5419216392028,72,0,0
rx,355,154,1,1,1787953842140324641,1787953842140194086,5419225132658,0,0,0,0
tx,355,73,1,1,1787953842141414178,1787953842140194086,5419226222436,5419226249140,72,0,0
tx,355,82,1,1,1787953842151227086,1787953842140194086,5419236035325,5419236060584,72,0,0
rx,356,155,1,1,1787953842155584586,1787953842155317974,5419240392584,0,0,0,0
tx,356,91,1,1,1787953842161028252,1787953842155317974,5419245836510,5419245864047,72,0,0
rx,357,156,1,1,1787953842170840030,1787953842170204678,5419255648028,0,0,0,0
tx,357,101,1,1,1787953842171940974,1787953842170204678,5419256749232,5419256779658,72,0,0
tx,357,110,1,1,1787953842181775882,1787953842170204678,5419266584121,5419266614584,72,0,0
rx,358,157,1,1,1787953842186135752,1787953842185727271,5419270943658,0,0,0,0
tx,358,119,1,1,1787953842191557086,1787953842185727271,5419276365343,5419276392195,72,0,0
rx,359,158,1,1,1787953842201386604,1787953842200370345,5419286194602,0,0,0,0
tx,359,128,1,1,1787953842201394678,1787953842200370345,5419286202936,5419286231010,72,0,0
tx,359,137,1,1,1787953842211214752,1787953842200370345,5419296023010,5419296047806,72,0,0
rx,360,159,1,1,1787953842216653900,1787953842215792382,5419301461880,0,0,0,0
tx,360,147,1,1,1787953842222079937,1787953842215792382,5419306888177,5419306919602,72,0,0
rx,361,160,1,1,1787953842230846623,1787953842230601771,5419315654621,0,0,0,0
tx,361,157,1,1,1787953842233017845,1787953842230601771,5419317826195,5419317854621,72,0,0
tx,361,167,1,1,1787953842243908993,1787953842230601771,5419328717251,5419328741584,72,0,0
rx,362,161,1,1,1787953842246100900,1787953842245312826,5419330908899,0,0,0,0
tx,362,176,1,1,1787953842253680771,1787953842245312826,5419338489010,5419338515473,72,0,0
rx,363,162,1,1,1787953842260274530,1787953842260080826,5419345082510,0,0,0,0
tx,363,185,1,1,1787953842263529715,1787953842260080826,5419348337954,5419348364362,72,0,0
tx,363,194,1,1,1787953842273383956,1787953842260080826,5419358192232,5419358227769,72,0,0
rx,364,163,1,1,1787953842275590419,1787953842274972363,5419360398343,0,0,0,0
tx,364,2,1,1,1787953842283171474,1787953842274972363,5419367979732,5419368027454,72,0,0
rx,365,164,1,1,1787953842290851363,1787953842290376493,5419375659362,0,0,0,0
tx,365,11,1,1,1787953842293027993,1787953842290376493,5419377836251,5419377862899,72,0,0
tx,365,21,1,1,1787953842303915900,1787953842290376493,5419388724139,5419388749158,72,0,0
rx,366,165,1,1,1787953842306106882,1787953842305414474,5419390914899,0,0,0,0
tx,366,30,1,1,1787953842313705771,1787953842305414474,5419398514010,5419398540362,72,0,0
rx,367,166,1,1,1787953842320305789,1787953842320020141,5419405113806,0,0,0,0
tx,367,39,1,1,1787953842323556493,1787953842320020141,5419408364769,5419408396306,72,0,0
tx,367,48,1,1,1787953842333417678,1787953842320020141,5419418225917,5419418251769,72,0,0
rx,368,167,1,1,1787953842335609641,1787953842335270382,5419420417658,0,0,0,0
tx,368,57,1,1,1787953842343188123,1787953842335270382,5419427996362,5419428043232,72,0,0
rx,369,168,1,1,1787953842350859289,1787953842350343882,5419435667288,0,0,0,0
tx,369,66,1,1,1787953842353028752,1787953842350343882,5419437836991,5419437864380,72,0,0
tx,369,76,1,1,1787953842363939882,1787953842350343882,5419448748139,5419448776713,72,0,0
rx,370,169,1,1,1787953842365084660,1787953842364980141,5419449892658,0,0,0,0
tx,370,85,1,1,1787953842373773493,1787953842364980141,5419458581751,5419458612825,72,0,0
rx,371,170,1,1,1787953842381493863,1787953842380502011,5419466301862,0,0,0,0
tx,371,94,1,1,1787953842383669048,1787953842380502011,5419468477306,5419468505880,72,0,0
tx,371,103,1,1,1787953842393477956,1787953842380502011,5419478286195,5419478309751,72,0,0
rx,372,171,1,1,1787953842395668826,1787953842395146437,5419480476825,0,0,0,0
tx,372,112,1,1,1787953842403264530,1787953842395146437,5419488072788,5419488098676,72,0,0
rx,373,172,1,1,1787953842410913493,1787953842410696215,5419495721491,0,0,0,0
tx,373,121,1,1,1787953842413091845,1787953842410696215,5419497900102,5419497928139,72,0,0
tx,373,131,1,1,1787953842423990511,1787953842410696215,5419508798769,5419508824528,72,0,0
rx,374,173,1,1,1787953842426228678,1787953842425228400,5419511036658,0,0,0,0
tx,374,140,1,1,1787953842433806660,1787953842425228400,5419518614899,5419518640528,72,0,0
rx,375,174,1,1,1787953842440447900,1787953842440370585,5419525255917,0,0,0,0
tx,375,149,1,1,1787953842443702771,1787953842440370585,5419528511028,5419528537584,72,0,0
tx,375,158,1,1,1787953842453509382,1787953842440370585,5419538317639,5419538342565,72,0,0
rx,376,175,1,1,1787953842455700771,1787953842455190715,5419540508769,0,0,0,0
tx,376,167,1,1,1787953842463334048,1787953842455190715,5419548142287,5419548168750,72,0,0
rx,377,176,1,1,1787953842471000197,1787953842470389715,5419555808213,0,0,0,0
tx,377,176,1,1,1787953842473170974,1787953842470389715,5419557979250,5419558011065,72,0,0
tx,377,186,1,1,1787953842484069882,1787953842470389715,5419568878139,5419568904991,72,0,0
rx,378,177,1,1,1787953842486315641,1787953842485327067,5419571123658,0,0,0,0
tx,378,196,1,1,1787953842494978345,1787953842485327067,5419579786602,5419579813084,72,0,0
rx,379,178,1,1,1787953842500465085,1787953842500058289,5419585273084,0,0,0,0
tx,379,4,1,1,1787953842504802530,1787953842500058289,5419589610787,5419589638139,72,0,0
tx,379,13,1,1,1787953842514606919,1787953842500058289,5419599415158,5419599439102,72,0,0
rx,380,179,1,1,1787953842515716511,1787953842514932697,5419600524528,0,0,0,0
tx,380,22,1,1,1787953842524384622,1787953842514932697,5419609192862,5419609224084,72,0,0
rx,381,180,1,1,1787953842530988826,1787953842530111122,5419615796824,0,0,0,0
tx,381,31,1,1,1787953842534246289,1787953842530111122,5419619054528,5419619081436,72,0,0
tx,381,40,1,1,1787953842544052030,1787953842530111122,5419628860287,5419628884084,72,0,0
rx,382,181,1,1,1787953842545161585,1787953842544905067,5419629969602,0,0,0,0
tx,382,50,1,1,1787953842554899585,1787953842544905067,5419639707824,5419639734417,72,0,0
rx,383,182,1,1,1787953842561495382,1787953842560906345,5419646303399,0,0,0,0
tx,383,59,1,1,1787953842564746826,1787953842560906345,5419649555084,5419649582991,72,0,0
tx,383,68,1,1,1787953842574564474,1787953842560906345,5419659372713,5419659403547,72,0,0
rx,384,183,1,1,1787953842575683289,1787953842575399178,5419660491306,0,0,0,0
tx,384,77,1,1,1787953842584341030,1787953842575399178,5419669149269,5419669174936,72,0,0
rx,385,184,1,1,1787953842590916178,1787953842590026011,5419675724195,0,0,0,0
tx,385,86,1,1,1787953842594171104,1787953842590026011,5419678979361,5419679004306,72,0,0
rx,386,185,1,1,1787953842605068863,1787953842604968863,5419689876861,0,0,0,0
tx,386,96,1,1,1787953842605076548,1787953842604968863,5419689884806,5419689911602,72,0,0
tx,386,106,1,1,1787953842616006882,1787953842604968863,5419700815139,5419700845750,72,0,0
rx,387,186,1,1,1787953842620381993,1787953842620273993,5419705189973,0,0,0,0
tx,387,115,1,1,1787953842625803048,1787953842620273993,5419710611287,5419710637417,72,0,0
rx,388,187,1,1,1787953842635655882,1787953842635400567,5419720463880,0,0,0,0
tx,388,124,1,1,1787953842635663882,1787953842635400567,5419720472121,5419720499306,72,0,0
tx,388,133,1,1,1787953842645467585,1787953842635400567,5419730275824,5419730300454,72,0,0
rx,389,188,1,1,1787953842650904752,1787953842650345345,5419735712750,0,0,0,0
tx,389,142,1,1,1787953842655243493,1787953842650345345,5419740051732,5419740078473,72,0,0
tx,389,151,1,1,1787953842665060863,1787953842650345345,5419749869121,5419749897269,72,0,0
rx,390,189,1,1,1787953842666175048,1787953842665541345,5419750983065,0,0,0,0
tx,390,161,1,1,1787953842675930308,1787953842665541345,5419760738547,5419760769787,72,0,0
rx,391,190,1,1,1787953842680380196,1787953842680287715,5419765188213,0,0,0,0
tx,391,170,1,1,1787953842685793808,1787953842680287715,5419770602139,5419770629417,72,0,0
rx,392,191,1,1,1787953842695600567,1787953842694980400,5419780408584,0,0,0,0
tx,392,179,1,1,1787953842695611715,1787953842694980400,5419780419954,5419780445565,72,0,0
tx,392,188,1,1,1787953842705413752,1787953842694980400,5419790221991,5419790246991,72,0,0
rx,393,192,1,1,1787953842710849511,1787953842710205307,5419795657528,0,0,0,0
tx,393,197,1,1,1787953842715190104,1787953842710205307,5419799998343,5419800057380,72,0,0
tx,393,5,1,1,1787953842725043400,1787953842710205307,5419809851639,5419809876658,72,0,0
rx,394,193,1,1,1787953842726154159,1787953842725311752,5419810962176,0,0,0,0
tx,394,15,1,1,1787953842735906307,1787953842725311752,5419820714695,5419820740417,72,0,0
rx,395,194,1,1,1787953842740317178,1787953842740218807,5419825125158,0,0,0,0
tx,395,24,1,1,1787953842745739252,1787953842740218807,5419830547491,5419830573306,72,0,0
rx,396,195,1,1,1787953842755548178,1787953842755054752,5419840356195,0,0,0,0
tx,396,33,1,1,1787953842755556252,1787953842755054752,5419840364510,5419840391028,72,0,0
tx,396,42,1,1,1787953842765384196,1787953842755054752,5419850192435,5419850216232,72,0,0
rx,397,196,1,1,1787953842771943104,1787953842770938011,5419856751121,0,0,0,0
tx,397,51,1,1,1787953842775234030,1787953842770938011,5419860042380,5419860075861,72,0,0
tx,397,60,1,1,1787953842785133030,1787953842770938011,5419869941269,5419869966547,72,0,0
rx,398,197,1,1,1787953842786244715,1787953842785219215,5419871052732,0,0,0,0
tx,398,70,1,1,1787953842795986567,1787953842785219215,5419880794806,5419880819898,72,0,0
rx,399,198,1,1,1787953842801505233,1787953842800499270,5419886313250,0,0,0,0
tx,399,79,1,1,1787953842805836437,1787953842800499270,5419890644676,5419890672250,72,0,0
rx,400,199,1,1,1787953842815648307,1787953842815151085,5419900456324,0,0,0,0
tx,400,88,1,1,1787953842815660085,1787953842815151085,5419900468324,5419900498121,72,0,0
tx,400,97,1,1,1787953842825490159,1787953842815151085,5419910298398,5419910325047,72,0,0
rx,401,200,1,1,1787953842830924641,1787953842830165104,5419915732658,0,0,0,0
tx,401,106,1,1,1787953842835262641,1787953842830165104,5419920070898,5419920097009,72,0,0
tx,401,115,1,1,1787953842845095456,1787953842830165104,5419929903713,5419929927991,72,0,0
rx,402,0,1,1,1787953842846205122,1787953842845177141,5419931013121,0,0,0,0
tx,402,125,1,1,1787953842855951419,1787953842845177141,5419940759658,5419940785898,72,0,0
rx,403,1,1,1,1787953842861546807,1787953842860554530,5419946354750,0,0,0,0
tx,403,134,1,1,1787953842865924178,1787953842860554530,5419950732417,5419950768213,72,0,0
tx,403,143,1,1,1787953842875765956,1787953842860554530,5419960574195,5419960602824,72,0,0
rx,404,2,1,1,1787953842876881122,1787953842875831067,5419961689121,0,0,0,0
tx,404,152,1,1,1787953842885544419,1787953842875831067,5419970352713,5419970379047,72,0,0
rx,405,3,1,1,1787953842891043678,1787953842890231474,5419975851676,0,0,0,0
tx,405,161,1,1,1787953842895377493,1787953842890231474,5419980185732,5419980211269,72,0,0
tx,405,170,1,1,1787953842905189900,1787953842890231474,5419989998158,5419990023380,72,0,0
rx,406,4,1,1,1787953842906300215,1787953842905492974,5419991108213,0,0,0,0
tx,406,180,1,1,1787953842916051956,1787953842905492974,5420000860213,5420000893102,72,0,0
rx,407,5,1,1,1787953842920481863,1787953842920254715,5420005289769,0,0,0,0
tx,407,190,1,1,1787953842926978215,1787953842920254715,5420011786454,5420011814602,72,0,0
rx,408,6,1,1,1787953842935718122,1787953842935337789,5420020526139,0,0,0,0
tx,408,199,1,1,1787953842936813011,1787953842935337789,5420021621250,5420021648269,72,0,0
tx,408,7,1,1,1787953842946618993,1787953842935337789,5420031427232,5420031451306,72,0,0
rx,409,7,1,1,1787953842950971567,1787953842950280344,5420035779565,0,0,0,0
tx,409,16,1,1,1787953842956390993,1787953842950280344,5420041199250,5420041226639,72,0,0
rx,410,8,1,1,1787953842966228641,1787953842965182363,5420051036639,0,0,0,0
tx,410,25,1,1,1787953842966237585,1787953842965182363,5420051045824,5420051082843,72,0,0
tx,410,34,1,1,1787953842976084585,1787953842965182363,5420060892824,5420060921380,72,0,0
rx,411,9,1,1,1787953842981530715,1787953842981422289,5420066338732,0,0,0,0
tx,411,44,1,1,1787953842986953659,1787953842981422289,5420071761917,5420071789139,72,0,0
rx,412,10,1,1,1787953842995728474,1787953842995487085,5420080536472,0,0,0,0
tx,412,53,1,1,1787953842996891289,1787953842995487085,5420081699713,5420081743787,72,0,0
tx,412,62,1,1,1787953843006831993,1787953842995487085,5420091640232,5420091671676,72,0,0
rx,413,11,1,1,1787953843011218474,1787953843010294585,5420096026491,0,0,0,0
tx,413,71,1,1,1787953843016638215,1787953843010294585,5420101446472,5420101477139,72,0,0
rx,414,12,1,1,1787953843025485604,1787953843025395733,5420110293602,0,0,0,0
tx,414,80,1,1,1787953843026585418,1787953843025395733,5420111393658,5420111425361,72,0,0
tx,414,89,1,1,1787953843036410567,1787953843025395733,5420121218824,5420121243695,72,0,0
rx,415,13,1,1,1787953843040770715,1787953843040403844,5420125578713,0,0,0,0
tx,415,98,1,1,1787953843046190455,1787953843040403844,5420130998695,5420131025269,72,0,0
rx,416,14,1,1,1787953843054994252,1787953843054917344,5420139802250,0,0,0,0
tx,416,107,1,1,1787953843056088104,1787953843054917344,5420140896380,5420140924102,72,0,0
tx,416,117,1,1,1787953843067064604,1787953843054917344,5420151872843,5420151901232,72,0,0
rx,417,15,1,1,1787953843070330641,1787953843070168900,5420155138658,0,0,0,0
tx,417,127,1,1,1787953843077884826,1787953843070168900,5420162693065,5420162719898,72,0,0
rx,418,16,1,1,1787953843086597789,1787953843085722826,5420171405824,0,0,0,0
tx,418,136,1,1,1787953843087682678,1787953843085722826,5420172490917,5420172515417,72,0,0
tx,418,145,1,1,1787953843097451604,1787953843085722826,5420182259843,5420182281676,72,0,0
rx,419,17,1,1,1787953843100710252,1787953843100404585,5420185518287,0,0,0,0
tx,419,154,1,1,1787953843107185900,1787953843100404585,5420191994139,5420192042380,72,0,0
rx,420,18,1,1,1787953843115922863,1787953843114853678,5420200730880,0,0,0,0
tx,420,164,1,1,1787953843118083696,1787953843114853678,5420202891935,5420202921343,72,0,0
tx,420,174,1,1,1787953843128940141,1787953843114853678,5420213748361,5420213771139,72,0,0
rx,421,19,1,1,1787953843130045770,1787953843129848770,5420214853787,0,0,0,0
tx,421,183,1,1,1787953843138677252,1787953843129848770,5420223485491,5420223508509,72,0,0
rx,422,20,1,1,1787953843145210659,1787953843145063381,5420230018676,0,0,0,0
tx,422,192,1,1,1787953843148455363,1787953843145063381,5420233263713,5420233286917,72,0,0
tx,422,0,1,1,1787953843158216826,1787953843145063381,5420243025065,5420243046398,72,0,0
rx,423,21,1,1,1787953843160396196,1787953843159976548,5420245204232,0,0,0,0
tx,423,10,1,1,1787953843169050566,1787953843159976548,5420253858824,5420253890732,72,0,0
rx,424,22,1,1,1787953843176712992,1787953843176190233,5420261520991,0,0,0,0
tx,424,20,1,1,1787953843179971696,1787953843176190233,5420264779935,5420264809232,72,0,0
tx,424,29,1,1,1787953843189786900,1787953843176190233,5420274595139,5420274619343,72,0,0
rx,425,23,1,1,1787953843191979418,1787953843191104974,5420276787417,0,0,0,0
tx,425,38,1,1,1787953843199557733,1787953843191104974,5420284365972,5420284392139,72,0,0
rx,426,24,1,1,1787953843206133566,1787953843205241566,5420290941583,0,0,0,0
tx,426,47,1,1,1787953843209385326,1787953843205241566,5420294193620,5420294220972,72,0,0
tx,426,56,1,1,1787953843219240048,1787953843205241566,5420304048306,5420304077287,72,0,0
rx,427,25,1,1,1787953843220365159,1787953843220256492,5420305173157,0,0,0,0
tx,427,65,1,1,1787953843229028252,1787953843220256492,5420313836491,5420313862824,72,0,0
rx,428,26,1,1,1787953843235611085,1787953843235408696,5420320419102,0,0,0,0
tx,428,75,1,1,1787953843239942178,1787953843235408696,5420324750435,5420324777028,72,0,0
tx,428,84,1,1,1787953843249767529,1787953843235408696,5420334575787,5420334600750,72,0,0
rx,429,27,1,1,1787953843250880566,1787953843250035474,5420335688565,0,0,0,0
tx,429,93,1,1,1787953843259554141,1787953843250035474,5420344362398,5420344394417,72,0,0
rx,430,28,1,1,1787953843266167307,1787953843265366048,5420350975306,0,0,0,0
tx,430,102,1,1,1787953843269425344,1787953843265366048,5420354233583,5420354262509,72,0,0
tx,430,111,1,1,1787953843279239418,1787953843265366048,5420364047676,5420364074676,72,0,0
rx,431,29,1,1,1787953843280353048,1787953843280093826,5420365161046,0,0,0,0
tx,431,120,1,1,1787953843289014159,1787953843280093826,5420373822417,5420373848713,72,0,0
rx,432,30,1,1,1787953843296663252,1787953843295971048,5420381471250,0,0,0,0
tx,432,130,1,1,1787953843299919678,1787953843295971048,5420384727935,5420384753565,72,0,0
tx,432,139,1,1,1787953843309733566,1787953843295971048,5420394541806,5420394566472,72,0,0
rx,433,31,1,1,1787953843311926566,1787953843310863770,5420396734583,0,0,0,0
tx,433,148,1,1,1787953843319520566,1787953843310863770,5420404328806,5420404360213,72,0,0
rx,434,32,1,1,1787953843325025826,1787953843324895437,5420409833843,0,0,0,0
tx,434,157,1,1,1787953843329381381,1787953843324895437,5420414189620,5420414217861,72,0,0
tx,434,166,1,1,1787953843339212140,1787953843324895437,5420424020380,5420424045157,72,0,0
rx,435,33,1,1,1787953843341406548,1787953843340567603,5420426214565,0,0,0,0
tx,435,176,1,1,1787953843350063400,1787953843340567603,5420434871639,5420434896213,72,0,0
rx,436,34,1,1,1787953843355542122,1787953843355234677,5420440350139,0,0,0,0
tx,436,186,1,1,1787953843360953807,1787953843355234677,5420445762065,5420445787380,72,0,0
rx,437,35,1,1,1787953843370795381,1787953843370144233,5420455603398,0,0,0,0
tx,437,195,1,1,1787953843370804140,1787953843370144233,5420455612491,5420455644472,72,0,0
tx,437,3,1,1,1787953843380643826,1787953843370144233,5420465452083,5420465476972,72,0,0
rx,438,36,1,1,1787953843386132733,1787953843385124733,5420470940713,0,0,0,0
tx,438,12,1,1,1787953843390477085,1787953843385124733,5420475285343,5420475311880,72,0,0
rx,439,37,1,1,1787953843400302696,1787953843400187548,5420485110694,0,0,0,0
tx,439,21,1,1,1787953843400310622,1787953843400187548,5420485118861,5420485144305,72,0,0
tx,439,30,1,1,1787953843410114900,1787953843400187548,5420494923157,5420494947824,72,0,0
rx,440,38,1,1,1787953843415566400,1787953843415258122,5420500374398,0,0,0,0
tx,440,40,1,1,1787953843420987603,1787953843415258122,5420505795991,5420505826917,72,0,0
rx,441,39,1,1,1787953843430814789,1787953843430411177,5420515622787,0,0,0,0
tx,441,49,1,1,1787953843430822326,1787953843430411177,5420515630565,5420515657102,72,0,0
tx,441,58,1,1,1787953843440657640,1787953843430411177,5420525465880,5420525490250,72,0,0
rx,442,40,1,1,1787953843446097177,1787953843445558492,5420530905157,0,0,0,0
tx,442,67,1,1,1787953843450427714,1787953843445558492,5420535235954,5420535260768,72,0,0
rx,443,41,1,1,1787953843460236566,1787953843459899381,5420545044472,0,0,0,0
tx,443,76,1,1,1787953843460248826,1787953843459899381,5420545057213,5420545088917,72,0,0
tx,443,85,1,1,1787953843470110196,1787953843459899381,5420554918435,5420554944620,72,0,0
rx,444,42,1,1,1787953843475574381,1787953843475218122,5420560382342,0,0,0,0
tx,444,95,1,1,1787953843480994751,1787953843475218122,5420565802991,5420565831324,72,0,0
rx,445,43,1,1,1787953843490818640,1787953843490184140,5420575626657,0,0,0,0
tx,445,104,1,1,1787953843490826381,1787953843490184140,5420575634639,5420575661379,72,0,0
tx,445,113,1,1,1787953843500636937,1787953843490184140,5420585445176,5420585470528,72,0,0
rx,446,44,1,1,1787953843506071918,1787953843505719529,5420590879917,0,0,0,0
tx,446,122,1,1,1787953843510422659,1787953843505719529,5420595230898,5420595261528,72,0,0
tx,446,131,1,1,1787953843520270381,1787953843505719529,5420605078620,5420605103842,72,0,0
rx,447,45,1,1,1787953843521382048,1787953843520353585,5420606190028,0,0,0,0
tx,447,140,1,1,1787953843530044103,1787953843520353585,5420614852342,5420614877528,72,0,0
rx,448,46,1,1,1787953843535557363,1787953843535002048,5420620365361,0,0,0,0
tx,448,150,1,1,1787953843540977196,1787953843535002048,5420625785454,5420625811861,72,0,0
rx,449,47,1,1,1787953843550793066,1787953843550307622,5420635601065,0,0,0,0
tx,449,159,1,1,1787953843550800900,1787953843550307622,5420635609139,5420635634657,72,0,0
tx,449,168,1,1,1787953843560626326,1787953843550307622,5420645434583,5420645459416,72,0,0
rx,450,48,1,1,1787953843566081992,1787953843565463992,5420650889991,0,0,0,0
tx,450,177,1,1,1787953843570416122,1787953843565463992,5420655224379,5420655256083,72,0,0
tx,450,186,1,1,1787953843580245881,1787953843565463992,5420665054139,5420665152991,72,0,0
rx,451,49,1,1,1787953843581435566,1787953843580435788,5420666243546,0,0,0,0
tx,451,195,1,1,1787953843590097677,1787953843580435788,5420674905935,5420674931231,72,0,0
rx,452,50,1,1,1787953843595587807,1787953843595259251,5420680395805,0,0,0,0
tx,452,4,1,1,1787953843601008844,1787953843595259251,5420685817102,5420685843861,72,0,0
rx,453,51,1,1,1787953843610849863,1787953843610504233,5420695657879,0,0,0,0
tx,453,13,1,1,1787953843610857455,1787953843610504233,5420695665694,5420695692953,72,0,0
tx,453,22,1,1,1787953843620678307,1787953843610504233,5420705486546,5420705514787,72,0,0
rx,454,52,1,1,1787953843625071603,1787953843624979085,5420709879491,0,0,0,0
tx,454,31,1,1,1787953843630498122,1787953843624979085,5420715306361,5420715331731,72,0,0
rx,455,53,1,1,1787953843640320085,1787953843640099733,5420725128065,0,0,0,0
tx,455,40,1,1,1787953843640327844,1787953843640099733,5420725136102,5420725162102,72,0,0
tx,455,49,1,1,1787953843650131251,1787953843640099733,5420734939490,5420734963453,72,0,0
rx,456,54,1,1,1787953843655570992,1787953843655381751,5420740379009,0,0,0,0
tx,456,59,1,1,1787953843660992548,1787953843655381751,5420745800805,5420745830361,72,0,0
rx,457,55,1,1,1787953843670848029,1787953843670304714,5420755656009,0,0,0,0
tx,457,68,1,1,1787953843670856492,1787953843670304714,5420755664750,5420755695231,72,0,0
tx,457,77,1,1,1787953843680678622,1787953843670304714,5420765486861,5420765513731,72,0,0
rx,458,56,1,1,1787953843686162751,1787953843685156937,5420770970750,0,0,0,0
tx,458,86,1,1,1787953843690492937,1787953843685156937,5420775301176,5420775327972,72,0,0
rx,459,57,1,1,1787953843700310011,1787953843700125455,5420785118009,0,0,0,0
tx,459,95,1,1,1787953843700317900,1787953843700125455,5420785126139,5420785153546,72,0,0
tx,459,104,1,1,1787953843710136825,1787953843700125455,5420794945083,5420794974435,72,0,0
rx,460,58,1,1,1787953843715577770,1787953843715222048,5420800385768,0,0,0,0
tx,460,114,1,1,1787953843720998825,1787953843715222048,5420805807065,5420805835509,72,0,0
rx,461,59,1,1,1787953843730823677,1787953843730177807,5420815631694,0,0,0,0
tx,461,123,1,1,1787953843730831937,1787953843730177807,5420815640176,5420815666527,72,0,0
tx,461,132,1,1,1787953843740636362,1787953843730177807,5420825444602,5420825469287,72,0,0
rx,462,60,1,1,1787953843746106307,1787953843745150085,5420830914305,0,0,0,0
tx,462,141,1,1,1787953843750487844,1787953843745150085,5420835296083,5420835322027,72,0,0
rx,463,61,1,1,1787953843760317918,1787953843759811825,5420845125935,0,0,0,0
tx,463,150,1,1,1787953843760325770,1787953843759811825,5420845134065,5420845164953,72,0,0
tx,463,159,1,1,1787953843770197548,1787953843759811825,5420855005805,5420855030602,72,0,0
rx,464,62,1,1,1787953843775644603,1787953843775295048,5420860452620,0,0,0,0
tx,464,169,1,1,1787953843781059159,1787953843775295048,5420865867398,5420865899157,72,0,0
rx,465,63,1,1,1787953843790888640,1787953843790111474,5420875696639,0,0,0,0
tx,465,179,1,1,1787953843791978177,1787953843790111474,5420876786416,5420876812620,72,0,0
tx,465,188,1,1,1787953843801786418,1787953843790111474,5420886594676,5420886618305,72,0,0
rx,466,64,1,1,1787953843806159788,1787953843805146881,5420890967787,0,0,0,0
tx,466,197,1,1,1787953843811582436,1787953843805146881,5420896390713,5420896423750,72,0,0
rx,467,65,1,1,1787953843820359881,1787953843820267566,5420905167842,0,0,0,0
tx,467,5,1,1,1787953843821453640,1787953843820267566,5420906261879,5420906289916,72,0,0
tx,467,14,1,1,1787953843831268807,1787953843820267566,5420916077046,5420916101361,72,0,0
rx,468,66,1,1,1787953843835620233,1787953843835326585,5420920428250,0,0,0,0
tx,468,23,1,1,1787953843841045955,1787953843835326585,5420925854213,5420925879768,72,0,0
rx,469,67,1,1,1787953843850856399,1787953843850117659,5420935664398,0,0,0,0
tx,469,33,1,1,1787953843851946196,1787953843850117659,5420936754435,5420936780361,72,0,0
tx,469,42,1,1,1787953843861773381,1787953843850117659,5420946581620,5420946617046,72,0,0
rx,470,68,1,1,1787953843866196696,1787953843865127362,5420951004676,0,0,0,0
tx,470,51,1,1,1787953843871620251,1787953843865127362,5420956428490,5420956459935,72,0,0
rx,471,69,1,1,1787953843880406585,1787953843879935177,5420965214583,0,0,0,0
tx,471,60,1,1,1787953843881496436,1787953843879935177,5420966304676,5420966338583,72,0,0
tx,471,69,1,1,1787953843891321010,1787953843879935177,5420976129250,5420976153398,72,0,0
rx,472,70,1,1,1787953843895678214,1787953843895299918,5420980486231,0,0,0,0
tx,472,78,1,1,1787953843901089085,1787953843895299918,5420985897324,5420985923731,72,0,0
rx,473,71,1,1,1787953843910921177,1787953843909851251,5420995729083,0,0,0,0
tx,473,88,1,1,1787953843912021548,1787953843909851251,5420996829824,5420996863379,72,0,0
tx,473,98,1,1,1787953843922945325,1787953843909851251,5421007753638,5421007782435,72,0,0
rx,474,72,1,1,1787953843925147010,1787953843925051048,5421009955009,0,0,0,0
tx,474,107,1,1,1787953843932713807,1787953843925051048,5421017522064,5421017547935,72,0,0
rx,475,73,1,1,1787953843940372177,1787953843940268140,5421025180176,0,0,0,0
tx,475,116,1,1,1787953843942550918,1787953843940268140,5421027359157,5421027386768,72,0,0
tx,475,125,1,1,1787953843952363214,1787953843940268140,5421037171453,5421037196398,72,0,0
rx,476,74,1,1,1787953843955637140,1787953843955254899,5421040445120,0,0,0,0
tx,476,134,1,1,1787953843962143603,1787953843955254899,5421046951879,5421046983416,72,0,0
rx,477,75,1,1,1787953843970930733,1787953843970085992,5421055738731,0,0,0,0
tx,477,143,1,1,1787953843972021770,1787953843970085992,5421056830046,5421056858324,72,0,0
tx,477,153,1,1,1787953843982919362,1787953843970085992,5421067727601,5421067754120,72,0,0
rx,478,76,1,1,1787953843985172436,1787953843985079770,5421069980453,0,0,0,0
tx,478,162,1,1,1787953843992756233,1787953843985079770,5421077564490,5421077590194,72,0,0
rx,479,77,1,1,1787953844000413103,1787953844000105307,5421085221101,0,0,0,0
tx,479,171,1,1,1787953844002582918,1787953844000105307,5421087391213,5421087417046,72,0,0
tx,479,180,1,1,1787953844012398399,1787953844000105307,5421097206675,5421097242509,72,0,0
rx,480,78,1,1,1787953844015687418,1787953844015180047,5421100495416,0,0,0,0
tx,480,189,1,1,1787953844022183696,1787953844015180047,5421106991935,5421107020527,72,0,0
rx,481,79,1,1,1787953844030927825,1787953844030374270,5421115735805,0,0,0,0
tx,481,198,1,1,1787953844032024455,1787953844030374270,5421116832694,5421116859972,72,0,0
tx,481,7,1,1,1787953844042911899,1787953844030374270,5421127720157,5421127744657,72,0,0
rx,482,80,1,1,1787953844047266881,1787953844046724140,5421132074879,0,0,0,0
tx,482,16,1,1,1787953844052751047,1787953844046724140,5421137559287,5421137589157,72,0,0
rx,483,81,1,1,1787953844060428584,1787953844059907770,5421145236564,0,0,0,0
tx,483,25,1,1,1787953844062598159,1787953844059907770,5421147406398,5421147439398,72,0,0
tx,483,34,1,1,1787953844072453770,1787953844059907770,5421157262009,5421157288324,72,0,0
rx,484,82,1,1,1787953844075732862,1787953844074826029,5421160540879,0,0,0,0
tx,484,43,1,1,1787953844082236399,1787953844074826029,5421167044657,5421167074694,72,0,0
rx,485,83,1,1,1787953844090973233,1787953844090224510,5421175781194,0,0,0,0
tx,485,52,1,1,1787953844092062714,1787953844090224510,5421176870972,5421176898342,72,0,0
tx,485,62,1,1,1787953844103015492,1787953844090224510,5421187823749,5421187850194,72,0,0
rx,486,84,1,1,1787953844105304344,1787953844105218492,5421190112361,0,0,0,0
tx,486,72,1,1,1787953844113973270,1787953844105218492,5421198781527,5421198812879,72,0,0
rx,487,85,1,1,1787953844120559584,1787953844120050325,5421205367601,0,0,0,0
tx,487,81,1,1,1787953844123813603,1787953844120050325,5421208621842,5421208649064,72,0,0
tx,487,90,1,1,1787953844133619936,1787953844120050325,5421218428175,5421218452527,72,0,0
rx,488,86,1,1,1787953844135823455,1787953844135400733,5421220631435,0,0,0,0
tx,488,99,1,1,1787953844143402696,1787953844135400733,5421228210953,5421228236749,72,0,0
rx,489,87,1,1,1787953844151050529,1787953844150497084,5421235858546,0,0,0,0
tx,489,108,1,1,1787953844153252140,1787953844150497084,5421238060379,5421238087546,72,0,0
tx,489,117,1,1,1787953844163102140,1787953844150497084,5421247910398,5421247939231,72,0,0
rx,490,88,1,1,1787953844165302455,1787953844165090510,5421250110472,0,0,0,0
tx,490,127,1,1,1787953844173967862,1787953844165090510,5421258776212,5421258804157,72,0,0
rx,491,89,1,1,1787953844180578492,1787953844180485010,5421265386490,0,0,0,0
tx,491,136,1,1,1787953844183835788,1787953844180485010,5421268644027,5421268673509,72,0,0
tx,491,145,1,1,1787953844193657140,1787953844180485010,5421278465379,5421278489805,72,0,0
rx,492,90,1,1,1787953844195848936,1787953844195604603,5421280656953,0,0,0,0
tx,492,154,1,1,1787953844203428973,1787953844195604603,5421288237212,5421288263416,72,0,0
rx,493,91,1,1,1787953844211091751,1787953844210596584,5421295899638,0,0,0,0
tx,493,163,1,1,1787953844213262584,1787953844210596584,5421298070823,5421298103620,72,0,0
tx,493,172,1,1,1787953844223082288,1787953844210596584,5421307890527,5421307914823,72,0,0
rx,494,92,1,1,1787953844225331566,1787953844225242751,5421310139583,0,0,0,0
tx,494,182,1,1,1787953844233994344,1787953844225242751,5421318802601,5421318828712,72,0,0
rx,495,93,1,1,1787953844240563270,1787953844240370584,5421325371249,0,0,0,0
tx,495,191,1,1,1787953844243818084,1787953844240370584,5421328626342,5421328652157,72,0,0
tx,495,200,1,1,1787953844253621418,1787953844240370584,5421338429657,5421338454564,72,0,0
rx,496,94,1,1,1787953844255813918,1787953844255496288,5421340621898,0,0,0,0
tx,496,8,1,1,1787953844263403232,1787953844255496288,5421348211472,5421348242731,72,0,0
rx,497,95,1,1,1787953844271093807,1787953844270589418,5421355901805,0,0,0,0
tx,497,17,1,1,1787953844273271029,1787953844270589418,5421358079268,5421358106898,72,0,0
tx,497,26,1,1,1787953844283085584,1787953844270589418,5421367893842,5421367920342,72,0,0
rx,498,96,1,1,1787953844285351010,1787953844285269584,5421370159027,0,0,0,0
tx,498,36,1,1,1787953844294059936,1787953844285269584,5421378868194,5421378895564,72,0,0
rx,499,97,1,1,1787953844300640362,1787953844300112825,5421385448342,0,0,0,0
tx,499,46,1,1,1787953844304979603,1787953844300112825,5421389787842,5421389818194,72,0,0
tx,499,55,1,1,1787953844314806603,1787953844300112825,5421399614860,5421399641490,72,0,0
rx,500,98,1,1,1787953844315920603,1787953844315418232,5421400728601,0,0,0,0
tx,500,64,1,1,1787953844324583492,1787953844315418232,5421409391731,5421409417953,72,0,0
rx,501,99,1,1,1787953844330106936,1787953844329846473,5421414914953,0,0,0,0
tx,501,73,1,1,1787953844334471010,1787953844329846473,5421419279268,5421419306416,72,0,0
tx,501,82,1,1,1787953844344294177,1787953844329846473,5421429102416,5421429127583,72,0,0
rx,502,100,1,1,1787953844345404918,1787953844345001640,5421430212916,0,0,0,0
tx,502,91,1,1,1787953844354074807,1787953844345001640,5421438883046,5421438913231,72,0,0
rx,503,101,1,1,1787953844361738103,1787953844361028658,5421446546120,0,0,0,0
tx,503,101,1,1,1787953844364994862,1787953844361028658,5421449803120,5421449832323,72,0,0
tx,503,110,1,1,1787953844374893436,1787953844361028658,5421459701675,5421459726731,72,0,0
rx,504,102,1,1,1787953844376006825,1787953844374985381,5421460814842,0,0,0,0
tx,504,119,1,1,1787953844384670418,1787953844374985381,5421469478657,5421469507601,72,0,0
rx,505,103,1,1,1787953844390247492,1787953844390165306,5421475055490,0,0,0,0
tx,505,128,1,1,1787953844394591121,1787953844390165306,5421479399360,5421479426860,72,0,0
tx,505,137,1,1,1787953844404397881,1787953844390165306,5421489206120,5421489229638,72,0,0
rx,506,104,1,1,1787953844405506455,1787953844405332288,5421490314472,0,0,0,0
tx,506,146,1,1,1787953844414179658,1787953844405332288,5421498988027,5421499017786,72,0,0
rx,507,105,1,1,1787953844420781769,1787953844420331677,5421505589786,0,0,0,0
tx,507,155,1,1,1787953844424033047,1787953844420331677,5421508841305,5421508869027,72,0,0
tx,507,165,1,1,1787953844434936918,1787953844420331677,5421519745157,5421519769620,72,0,0
rx,508,106,1,1,1787953844436048547,1787953844435017992,5421520856546,0,0,0,0
tx,508,174,1,1,1787953844444710232,1787953844435017992,5421529518472,5421529542934,72,0,0
rx,509,107,1,1,1787953844451277029,1787953844450566492,5421536085027,0,0,0,0
tx,509,183,1,1,1787953844454526732,1787953844450566492,5421539334971,5421539359934,72,0,0
tx,509,192,1,1,1787953844464336862,1787953844450566492,5421549145120,5421549174379,72,0,0
rx,510,108,1,1,1787953844466536121,1787953844465971621,5421551344120,0,0,0,0
tx,510,0,1,1,1787953844474149751,1787953844465971621,5421558958009,5421558985342,72,0,0
rx,511,109,1,1,1787953844480726362,1787953844480111362,5421565534379,0,0,0,0
tx,511,10,1,1,1787953844485065510,1787953844480111362,5421569873749,5421569901249,72,0,0
rx,512,110,1,1,1787953844495959566,1787953844495453232,5421580767564,0,0,0,0
tx,512,20,1,1,1787953844495967714,1787953844495453232,5421580775953,5421580802323,72,0,0
tx,512,29,1,1,1787953844505772603,1787953844495453232,5421590580842,5421590606194,72,0,0
rx,513,111,1,1,1787953844510140955,1787953844510025066,5421594948860,0,0,0,0
tx,513,38,1,1,1787953844515565492,1787953844510025066,5421600373731,5421600404323,72,0,0
rx,514,112,1,1,1787953844525396862,1787953844524882566,5421610204879,0,0,0,0
tx,514,47,1,1,1787953844525404936,1787953844524882566,5421610213175,5421610239712,72,0,0
tx,514,56,1,1,1787953844535214288,1787953844524882566,5421620022546,5421620047620,72,0,0
rx,515,113,1,1,1787953844540681769,1787953844540044899,5421625489786,0,0,0,0
tx,515,65,1,1,1787953844545013306,1787953844540044899,5421629821546,5421629848008,72,0,0
rx,516,114,1,1,1787953844555940399,1787953844555279121,5421640748323,0,0,0,0
tx,516,75,1,1,1787953844555949714,1787953844555279121,5421640757953,5421640792249,72,0,0
tx,516,84,1,1,1787953844565779992,1787953844555279121,5421650588249,5421650613342,72,0,0
rx,517,115,1,1,1787953844571221843,1787953844570623418,5421656029842,0,0,0,0
tx,517,93,1,1,1787953844575555121,1787953844570623418,5421660363379,5421660391138,72,0,0
tx,517,102,1,1,1787953844585396806,1787953844570623418,5421670205045,5421670231953,72,0,0
rx,518,116,1,1,1787953844586543325,1787953844585747695,5421671351323,0,0,0,0
tx,518,111,1,1,1787953844595234992,1787953844585747695,5421680043231,5421680068786,72,0,0
rx,519,117,1,1,1787953844600723251,1787953844600359880,5421685531268,0,0,0,0
tx,519,120,1,1,1787953844605069621,1787953844600359880,5421689877860,5421689908694,72,0,0
rx,520,118,1,1,1787953844615972325,1787953844615301584,5421700780323,0,0,0,0
tx,520,130,1,1,1787953844615980510,1787953844615301584,5421700788749,5421700817990,72,0,0
tx,520,139,1,1,1787953844625791714,1787953844615301584,5421710599953,5421710624879,72,0,0
rx,521,119,1,1,1787953844631292899,1787953844630304269,5421716100916,0,0,0,0
tx,521,148,1,1,1787953844635630417,1787953844630304269,5421720438657,5421720464805,72,0,0
rx,522,120,1,1,1787953844645439010,1787953844644844177,5421730247008,0,0,0,0
tx,522,157,1,1,1787953844645446862,1787953844644844177,5421730255120,5421730281027,72,0,0
tx,522,166,1,1,1787953844655277417,1787953844644844177,5421740085675,5421740116064,72,0,0
rx,523,121,1,1,1787953844660726084,1787953844660109084,5421745534082,0,0,0,0
tx,523,175,1,1,1787953844665056362,1787953844660109084,5421749864620,5421749891953,72,0,0
rx,524,122,1,1,1787953844675986992,1787953844675505454,5421760794990,0,0,0,0
tx,524,185,1,1,1787953844675998417,1787953844675505454,5421760806657,5421760834786,72,0,0
tx,524,194,1,1,1787953844685813492,1787953844675505454,5421770621749,5421770648657,72,0,0
rx,525,123,1,1,1787953844691263936,1787953844690893232,5421776071953,0,0,0,0
tx,525,2,1,1,1787953844695601158,1787953844690893232,5421780409416,5421780435120,72,0,0
rx,526,124,1,1,1787953844705413862,1787953844705139491,5421790221879,0,0,0,0
tx,526,11,1,1,1787953844705421306,1787953844705139491,5421790229545,5421790255397,72,0,0
tx,526,20,1,1,1787953844715228806,1787953844705139491,5421800037045,5421800066786,72,0,0
rx,527,125,1,1,1787953844720674769,1787953844720070843,5421805482768,0,0,0,0
tx,527,29,1,1,1787953844725012047,1787953844720070843,5421809820305,5421809846545,72,0,0
rx,528,126,1,1,1787953844735914269,1787953844735530695,5421820722268,0,0,0,0
tx,528,39,1,1,1787953844735921954,1787953844735530695,5421820730212,5421820755953,72,0,0
tx,528,48,1,1,1787953844745729029,1787953844735530695,5421830537286,5421830561601,72,0,0
rx,529,127,1,1,1787953844751169621,1787953844750115973,5421835977619,0,0,0,0
tx,529,57,1,1,1787953844755538899,1787953844750115973,5421840347157,5421840397434,72,0,0
tx,529,66,1,1,1787953844765408991,1787953844750115973,5421850217249,5421850245712,72,0,0
rx,530,128,1,1,1787953844766523843,1787953844765465973,5421851331860,0,0,0,0
tx,530,75,1,1,1787953844775223917,1787953844765465973,5421860032156,5421860059268,72,0,0
rx,531,129,1,1,1787953844780716917,1787953844779865103,5421865524916,0,0,0,0
tx,531,84,1,1,1787953844785042899,1787953844779865103,5421869851175,5421869884305,72,0,0
rx,532,130,1,1,1787953844795924417,1787953844795711621,5421880732416,0,0,0,0
tx,532,94,1,1,1787953844795936251,1787953844795711621,5421880744508,5421880771323,72,0,0
tx,532,103,1,1,1787953844805743399,1787953844795711621,5421890551638,5421890581508,72,0,0
rx,533,131,1,1,1787953844811174603,1787953844810114917,5421895982601,0,0,0,0
tx,533,112,1,1,1787953844815515103,1787953844810114917,5421900323342,5421900349712,72,0,0
rx,534,132,1,1,1787953844825322899,1787953844825075547,5421910130897,0,0,0,0
tx,534,121,1,1,1787953844825330806,1787953844825075547,5421910139082,5421910165342,72,0,0
tx,534,130,1,1,1787953844835118991,1787953844825075547,5421919927231,5421919955286,72,0,0
rx,535,133,1,1,1787953844840558880,1787953844840258195,5421925366879,0,0,0,0
tx,535,140,1,1,1787953844845964325,1787953844840258195,5421930772582,5421930798231,72,0,0
rx,536,134,1,1,1787953844855769417,1787953844855185436,5421940577434,0,0,0,0
tx,536,149,1,1,1787953844855777677,1787953844855185436,5421940586008,5421940617360,72,0,0
tx,536,158,1,1,1787953844865617973,1787953844855185436,5421950426249,5421950460527,72,0,0
rx,537,135,1,1,1787953844871170677,1787953844870178454,5421955978675,0,0,0,0
tx,537,167,1,1,1787953844875494991,1787953844870178454,5421960303231,5421960332934,72,0,0
tx,537,176,1,1,1787953844885327602,1787953844870178454,5421970135860,5421970165693,72,0,0
rx,538,136,1,1,1787953844886441954,1787953844885392047,5421971249934,0,0,0,0
tx,538,185,1,1,1787953844895094232,1787953844885392047,5421979902471,5421979928212,72,0,0
rx,539,137,1,1,1787953844901676788,1787953844900949843,5421986484786,0,0,0,0
tx,539,195,1,1,1787953844906016140,1787953844900949843,5421990824397,5421990857397,72,0,0
rx,540,138,1,1,1787953844916948751,1787953844915877140,5422001756730,0,0,0,0
tx,540,4,1,1,1787953844916960806,1787953844915877140,5422001769156,5422001796823,72,0,0
tx,540,13,1,1,1787953844926795306,1787953844915877140,5422011603564,5422011627897,72,0,0
rx,541,139,1,1,1787953844931148584,1787953844930535936,5422015956601,0,0,0,0
tx,541,22,1,1,1787953844936557602,1787953844930535936,5422021365842,5422021391360,72,0,0
rx,542,140,1,1,1787953844945280751,1787953844945120436,5422030088768,0,0,0,0
tx,542,31,1,1,1787953844946367936,1787953844945120436,5422031176175,5422031201527,72,0,0
tx,542,40,1,1,1787953844956167991,1787953844945120436,5422040976286,5422041006953,72,0,0
rx,543,141,1,1,1787953844960532139,1787953844960149306,5422045340138,0,0,0,0
tx,543,50,1,1,1787953844967030399,1787953844960149306,5422051838638,5422051866990,72,0,0
rx,544,142,1,1,1787953844975795639,1787953844975642343,5422060603582,0,0,0,0
tx,544,60,1,1,1787953844977960325,1787953844975642343,5422062768601,5422062796323,72,0,0
tx,544,69,1,1,1787953844987791658,1787953844975642343,5422072599897,5422072627619,72,0,0
rx,545,143,1,1,1787953844991066436,1787953844990687102,5422075874453,0,0,0,0
tx,545,78,1,1,1787953844997558565,1787953844990687102,5422082366805,5422082394230,72,0,0
rx,546,144,1,1,1787953845006302917,1787953845005532751,5422091110916,0,0,0,0
tx,546,87,1,1,1787953845007397417,1787953845005532751,5422092205693,5422092238990,72,0,0
tx,546,96,1,1,1787953845017211991,1787953845005532751,5422102020230,5422102045082,72,0,0
rx,547,145,1,1,1787953845021564269,1787953845020716214,5422106372267,0,0,0,0
tx,547,106,1,1,1787953845028048788,1787953845020716214,5422112857045,5422112884749,72,0,0
rx,548,146,1,1,1787953845035692843,1787953845035344732,5422120500842,0,0,0,0
tx,548,116,1,1,1787953845038954454,1787953845035344732,5422123762693,5422123788564,72,0,0
tx,548,125,1,1,1787953845048754343,1787953845035344732,5422133562582,5422133586749,72,0,0
rx,549,147,1,1,1787953845050940510,1787953845050488899,5422135748508,0,0,0,0
tx,549,134,1,1,1787953845058601047,1787953845050488899,5422143409286,5422143446638,72,0,0
rx,550,148,1,1,1787953845065203584,1787953845065018602,5422150011582,0,0,0,0
tx,550,143,1,1,1787953845068448917,1787953845065018602,5422153257156,5422153286508,72,0,0
tx,550,152,1,1,1787953845078272306,1787953845065018602,5422163080545,5422163106101,72,0,0
rx,551,149,1,1,1787953845080462713,1787953845080256547,5422165270730,0,0,0,0
tx,551,161,1,1,1787953845088041547,1787953845080256547,5422172849786,5422172879564,72,0,0
rx,552,150,1,1,1787953845095688825,1787953845095134251,5422180496841,0,0,0,0
tx,552,171,1,1,1787953845098940102,1787953845095134251,5422183748341,5422183777675,72,0,0
tx,552,180,1,1,1787953845108746788,1787953845095134251,5422193555045,5422193585841,72,0,0
rx,553,151,1,1,1787953845110973251,1787953845110561732,5422195781267,0,0,0,0
tx,553,189,1,1,1787953845118538658,1787953845110561732,5422203346897,5422203373434,72,0,0
rx,554,152,1,1,1787953845126190084,1787953845125670602,5422210998082,0,0,0,0
tx,554,198,1,1,1787953845128358010,1787953845125670602,5422213166267,5422213192175,72,0,0
tx,554,6,1,1,1787953845138154769,1787953845125670602,5422222963008,5422222987082,72,0,0
rx,555,153,1,1,1787953845140335695,1787953845139837288,5422225143693,0,0,0,0
tx,555,16,1,1,1787953845148988102,1787953845139837288,5422233796360,5422233822582,72,0,0
rx,556,154,1,1,1787953845155578584,1787953845155159584,5422240386601,0,0,0,0
tx,556,25,1,1,1787953845158837065,1787953845155159584,5422243645304,5422243676119,72,0,0
tx,556,34,1,1,1787953845168637713,1787953845155159584,5422253445953,5422253470897,72,0,0
rx,557,155,1,1,1787953845170856565,1787953845170287732,5422255664564,0,0,0,0
tx,557,43,1,1,1787953845178431547,1787953845170287732,5422263239786,5422263265897,72,0,0
rx,558,156,1,1,1787953845185005399,1787953845184905547,5422269813416,0,0,0,0
tx,558,52,1,1,1787953845188254510,1787953845184905547,5422273062749,5422273091841,72,0,0
tx,558,61,1,1,1787953845198062713,1787953845184905547,5422282870953,5422282896508,72,0,0
rx,559,157,1,1,1787953845201350139,1787953845200586787,5422286158138,0,0,0,0
tx,559,71,1,1,1787953845208917343,1787953845200586787,5422293725619,5422293755934,72,0,0
rx,560,158,1,1,1787953845216647065,1787953845215689973,5422301455064,0,0,0,0
tx,560,80,1,1,1787953845218810954,1787953845215689973,5422303619212,5422303646490,72,0,0
tx,560,89,1,1,1787953845228610139,1787953845215689973,5422313418397,5422313442934,72,0,0
rx,561,159,1,1,1787953845230797713,1787953845229892936,5422315605712,0,0,0,0
tx,561,98,1,1,1787953845238370121,1787953845229892936,5422323178378,5422323205119,72,0,0
rx,562,160,1,1,1787953845246007399,1787953845245306047,5422330815397,0,0,0,0
tx,562,107,1,1,1787953845248183028,1787953845245306047,5422332991286,5422333017267,72,0,0
tx,562,117,1,1,1787953845259064843,1787953845245306047,5422343873101,5422343904415,72,0,0
rx,563,161,1,1,1787953845261266102,1787953845260498491,5422346074101,0,0,0,0
tx,563,127,1,1,1787953845269911269,1787953845260498491,5422354719508,5422354746767,72,0,0
rx,564,162,1,1,1787953845275401065,1787953845275251917,5422360209082,0,0,0,0
tx,564,136,1,1,1787953845279727973,1787953845275251917,5422364536230,5422364562749,72,0,0
tx,564,145,1,1,1787953845289525047,1787953845275251917,5422374333286,5422374358841,72,0,0
rx,565,163,1,1,1787953845290632084,1787953845290325973,5422375440082,0,0,0,0
tx,565,154,1,1,1787953845299294676,1787953845290325973,5422384102934,5422384128267,72,0,0
rx,566,164,1,1,1787953845305865250,1787953845305043417,5422390673156,0,0,0,0
tx,566,163,1,1,1787953845309144343,1787953845305043417,5422393952582,5422393986008,72,0,0
tx,566,173,1,1,1787953845320044250,1787953845305043417,5422404852508,5422404877675,72,0,0
rx,567,165,1,1,1787953845321153361,1787953845320306010,5422405961378,0,0,0,0
tx,567,183,1,1,1787953845330882621,1787953845320306010,5422415690878,5422415715989,72,0,0
rx,568,166,1,1,1787953845335350621,1787953845335244306,5422420158638,0,0,0,0
tx,568,192,1,1,1787953845340759232,1787953845335244306,5422425567489,5422425593360,72,0,0
rx,569,167,1,1,1787953845350551899,1787953845350285695,5422435359897,0,0,0,0
tx,569,0,1,1,1787953845350559528,1787953845350285695,5422435367786,5422435394489,72,0,0
tx,569,9,1,1,1787953845360363843,1787953845350285695,5422445172156,5422445201638,72,0,0
rx,570,168,1,1,1787953845365798565,1787953845364980954,5422450606582,0,0,0,0
tx,570,18,1,1,1787953845370155936,1787953845364980954,5422454964193,5422454990138,72,0,0
rx,571,169,1,1,1787953845381045121,1787953845380254232,5422465853119,0,0,0,0
tx,571,28,1,1,1787953845381052861,1787953845380254232,5422465861101,5422465887008,72,0,0
tx,571,38,1,1,1787953845391938565,1787953845380254232,5422476746823,5422476774193,72,0,0
rx,572,170,1,1,1787953845395230102,1787953845395030750,5422480038119,0,0,0,0
tx,572,47,1,1,1787953845401740843,1787953845395030750,5422486549082,5422486579397,72,0,0
rx,573,171,1,1,1787953845411562213,1787953845410876436,5422496370212,0,0,0,0
tx,573,56,1,1,1787953845411570750,1787953845410876436,5422496378989,5422496409415,72,0,0
tx,573,65,1,1,1787953845421404028,1787953845410876436,5422506212267,5422506237230,72,0,0
rx,574,172,1,1,1787953845426839102,1787953845425975991,5422511647119,0,0,0,0
tx,574,74,1,1,1787953845431158343,1787953845425975991,5422515966582,5422515992452,72,0,0
rx,575,173,1,1,1787953845441016398,1787953845440171658,5422525824397,0,0,0,0
tx,575,83,1,1,1787953845441024065,1787953845440171658,5422525832323,5422525859138,72,0,0
tx,575,93,1,1,1787953845451894584,1787953845440171658,5422536702823,5422536732434,72,0,0
rx,576,174,1,1,1787953845455233473,1787953845455097713,5422540041471,0,0,0,0
tx,576,102,1,1,1787953845461731139,1787953845455097713,5422546539397,5422546566138,72,0,0
rx,577,175,1,1,1787953845470532417,1787953845470439084,5422555340434,0,0,0,0
tx,577,111,1,1,1787953845471637010,1787953845470439084,5422556445249,5422556476730,72,0,0
tx,577,120,1,1,1787953845481500676,1787953845470439084,5422566308934,5422566335563,72,0,0
rx,578,176,1,1,1787953845486963917,1787953845485986435,5422571771897,0,0,0,0
tx,578,129,1,1,1787953845491324380,1787953845485986435,5422576132619,5422576162471,72,0,0
rx,579,177,1,1,1787953845501175232,1787953845500417398,5422585983175,0,0,0,0
tx,579,138,1,1,1787953845501184213,1787953845500417398,5422585992471,5422586028786,72,0,0
tx,579,147,1,1,1787953845511043713,1787953845500417398,5422595851971,5422595880804,72,0,0
rx,580,178,1,1,1787953845515418510,1787953845515231732,5422600226508,0,0,0,0
tx,580,157,1,1,1787953845521939565,1787953845515231732,5422606747823,5422606776304,72,0,0
rx,581,179,1,1,1787953845530696676,1787953845530414547,5422615504656,0,0,0,0
tx,581,166,1,1,1787953845531793880,1787953845530414547,5422616602138,5422616630600,72,0,0
tx,581,175,1,1,1787953845541574528,1787953845530414547,5422626382786,5422626409897,72,0,0
rx,582,180,1,1,1787953845545950343,1787953845545421213,5422630758341,0,0,0,0
tx,582,184,1,1,1787953845551410287,1787953845545421213,5422636218526,5422636245675,72,0,0
rx,583,181,1,1,1787953845561374380,1787953845560609435,5422646182397,0,0,0,0
tx,583,193,1,1,1787953845561387102,1787953845560609435,5422646195378,5422646228489,72,0,0
tx,583,1,1,1,1787953845571238898,1787953845560609435,5422656047156,5422656073786,72,0,0
rx,584,182,1,1,1787953845575604806,1787953845574978491,5422660412804,0,0,0,0
tx,584,10,1,1,1787953845581154287,1787953845574978491,5422665962545,5422665988712,72,0,0
rx,585,183,1,1,1787953845592102509,1787953845591386991,5422676910508,0,0,0,0
tx,585,20,1,1,1787953845592111028,1787953845591386991,5422676919341,5422677088119,72,0,0
tx,585,29,1,1,1787953845602103361,1787953845591386991,5422686911619,5422686942582,72,0,0
rx,586,184,1,1,1787953845606491769,1787953845605406232,5422691299767,0,0,0,0
tx,586,39,1,1,1787953845613025935,1787953845605406232,5422697834175,5422697864397,72,0,0
rx,587,185,1,1,1787953845620715380,1787953845620247954,5422705523360,0,0,0,0
tx,587,49,1,1,1787953845623981658,1787953845620247954,5422708789897,5422708817767,72,0,0
tx,587,58,1,1,1787953845633818843,1787953845620247954,5422718627100,5422718654063,72,0,0
rx,588,186,1,1,1787953845636014046,1787953845635533584,5422720822026,0,0,0,0
tx,588,67,1,1,1787953845643589732,1787953845635533584,5422728397971,5422728425267,72,0,0
rx,589,187,1,1,1787953845650378806,1787953845650277454,5422735186804,0,0,0,0
tx,589,76,1,1,1787953845653636584,1787953845650277454,5422738444841,5422738480063,72,0,0
tx,589,85,1,1,1787953845663482676,1787953845650277454,5422748290934,5422748318545,72,0,0
rx,590,188,1,1,1787953845665687972,1787953845665327102,5422750495971,0,0,0,0
tx,590,94,1,1,1787953845673459824,1787953845665327102,5422758268082,5422758295008,72,0,0
rx,591,189,1,1,1787953845681158954,1787953845680353917,5422765966971,0,0,0,0
tx,591,103,1,1,1787953845683351954,1787953845680353917,5422768160193,5422768192637,72,0,0
tx,591,112,1,1,1787953845693222824,1787953845680353917,5422778031063,5422778057582,72,0,0
rx,592,190,1,1,1787953845695456361,1787953845695234824,5422780264360,0,0,0,0
tx,592,121,1,1,1787953845703062917,1787953845695234824,5422787871249,5422787905804,72,0,0
rx,593,191,1,1,1787953845710755176,1787953845710476917,5422795563193,0,0,0,0
tx,593,131,1,1,1787953845714020546,1787953845710476917,5422798828823,5422798857711,72,0,0
rx,594,192,1,1,1787953845724980213,1787953845724881880,5422809788211,0,0,0,0
tx,594,141,1,1,1787953845724988232,1787953845724881880,5422809796471,5422809823156,72,0,0
tx,594,150,1,1,1787953845734835343,1787953845724881880,5422819643582,5422819670082,72,0,0
rx,595,193,1,1,1787953845741388546,1787953845740585380,5422826196545,0,0,0,0
tx,595,159,1,1,1787953845744642880,1787953845740585380,5422829451137,5422829477841,72,0,0
tx,595,168,1,1,1787953845754555639,1787953845740585380,5422839363897,5422839395415,72,0,0
rx,596,194,1,1,1787953845755682528,1787953845755447454,5422840490526,0,0,0,0
tx,596,177,1,1,1787953845764357843,1787953845755447454,5422849166082,5422849193674,72,0,0
rx,597,195,1,1,1787953845771093195,1787953845770777361,5422855901137,0,0,0,0
tx,597,186,1,1,1787953845774339028,1787953845770777361,5422859147286,5422859175545,72,0,0
tx,597,195,1,1,1787953845784184417,1787953845770777361,5422868992656,5422869025434,72,0,0
rx,598,196,1,1,1787953845785330528,1787953845784977713,5422870138526,0,0,0,0
tx,598,3,1,1,1787953845794155324,1787953845784977713,5422878963582,5422878992248,72,0,0
rx,599,197,1,1,1787953845800724361,1787953845800113213,5422885532360,0,0,0,0
tx,599,13,1,1,1787953845805086732,1787953845800113213,5422889894989,5422889927045,72,0,0
rx,600,198,1,1,1787953845816020972,1787953845815073380,5422900828971,0,0,0,0
tx,600,23,1,1,1787953845816029398,1787953845815073380,5422900837656,5422900868915,72,0,0
tx,600,33,1,1,1787953845827114528,1787953845815073380,5422911922767,5422911949915,72,0,0
rx,601,199,1,1,1787953845831449639,1787953845830442769,5422916257637,0,0,0,0
tx,601,43,1,1,1787953845837991176,1787953845830442769,5422922799434,5422922825934,72,0,0
rx,602,200,1,1,1787953845846792732,1787953845845861306,5422931600730,0,0,0,0
tx,602,52,1,1,1787953845847882491,1787953845845861306,5422932690748,5422932718008,72,0,0
tx,602,61,1,1,1787953845857763435,1787953845845861306,5422942571748,5422942622619,72,0,0
rx,603,0,1,1,1787953845862179732,1787953845861592713,5422946987730,0,0,0,0
tx,603,70,1,1,1787953845867764306,1787953845861592713,5422952572582,5422952606952,72,0,0
rx,604,1,1,1,1787953845875529120,1787953845875095695,5422960337119,0,0,0,0
tx,604,79,1,1,1787953845877712454,1787953845875095695,5422962520711,5422962551878,72,0,0
tx,604,88,1,1,1787953845887590750,1787953845875095695,5422972399248,5422972432360,72,0,0
rx,605,2,1,1,1787953845890884657,1787953845890030824,5422975692674,0,0,0,0
tx,605,97,1,1,1787953845897400787,1787953845890030824,5422982209100,5422982236878,72,0,0
rx,606,3,1,1,1787953845906183565,1787953845905092972,5422990991563,0,0,0,0
tx,606,106,1,1,1787953845907293083,1787953845905092972,5422992101378,5422992134711,72,0,0
tx,606,115,1,1,1787953845917136657,1787953845905092972,5423001944915,5423001971637,72,0,0
rx,607,4,1,1,1787953845920417157,1787953845920044139,5423005225137,0,0,0,0
tx,607,125,1,1,1787953845928054287,1787953845920044139,5423012862600,5423012906934,72,0,0
rx,608,5,1,1,1787953845936875435,1787953845935823454,5423021683415,0,0,0,0
tx,608,135,1,1,1787953845939139435,1787953845935823454,5423023947693,5423023979322,72,0,0
tx,608,144,1,1,1787953845949021287,1787953845935823454,5423033829563,5423033863267,72,0,0
rx,609,6,1,1,1787953845951246361,1787953845950322639,5423036054359,0,0,0,0
tx,609,154,1,1,1787953845959932380,1787953845950322639,5423044740674,5423044769582,72,0,0
rx,610,7,1,1,1787953845966543806,1787953845965444620,5423051351785,0,0,0,0
tx,610,163,1,1,1787953845969798750,1787953845965444620,5423054607026,5423054636619,72,0,0
tx,610,172,1,1,1787953845979652250,1787953845965444620,5423064460508,5423064487211,72,0,0
rx,611,8,1,1,1787953845981844806,1787953845981170491,5423066652785,0,0,0,0
tx,611,181,1,1,1787953845989640454,1787953845981170491,5423074448693,5423074480915,72,0,0
rx,612,9,1,1,1787953845997337231,1787953845997088250,5423082145230,0,0,0,0
tx,612,190,1,1,1787953845999507417,1787953845997088250,5423084315674,5423084363193,72,0,0
tx,612,199,1,1,1787953846009386009,1787953845997088250,5423094194267,5423094220434,72,0,0
rx,613,10,1,1,1787953846010515806,1787953846009927454,5423095323822,0,0,0,0
tx,613,7,1,1,1787953846019263028,1787953846009927454,5423104071285,5423104099267,72,0,0
rx,614,11,1,1,1787953846025853139,1787953846025298046,5423110661156,0,0,0,0
tx,614,16,1,1,1787953846029122102,1787953846025298046,5423113930359,5423113957471,72,0,0
tx,614,26,1,1,1787953846040020491,1787953846025298046,5423124828748,5423124855156,72,0,0
rx,615,12,1,1,1787953846041137343,1787953846040117731,5423125945322,0,0,0,0
tx,615,36,1,1,1787953846050901657,1787953846040117731,5423135709915,5423135743341,72,0,0
rx,616,13,1,1,1787953846056428213,1787953846055439713,5423141236211,0,0,0,0
tx,616,45,1,1,1787953846060781750,1787953846055439713,5423145590045,5423145620989,72,0,0
rx,617,14,1,1,1787953846070629565,1787953846069849917,5423155437582,0,0,0,0
tx,617,54,1,1,1787953846070637935,1787953846069849917,5423155446193,5423155475082,72,0,0
tx,617,63,1,1,1787953846080465602,1787953846069849917,5423165273841,5423165300933,72,0,0
rx,618,15,1,1,1787953846085967917,1787953846085333102,5423170775915,0,0,0,0
tx,618,72,1,1,1787953846090300343,1787953846085333102,5423175108656,5423175143971,72,0,0
tx,618,81,1,1,1787953846100200176,1787953846085333102,5423185008563,5423185037341,72,0,0
rx,619,16,1,1,1787953846103501509,1787953846103006268,5423188309526,0,0,0,0
tx,619,90,1,1,1787953846110023843,1787953846103006268,5423194832137,5423194867267,72,0,0
rx,620,17,1,1,1787953846115578231,1787953846115259880,5423200386230,0,0,0,0
tx,620,100,1,1,1787953846121009102,1787953846115259880,5423205817415,5423205847267,72,0,0
rx,621,18,1,1,1787953846130845842,1787953846130317120,5423215653841,0,0,0,0
tx,621,109,1,1,1787953846130853935,1787953846130317120,5423215662174,5423215690415,72,0,0
tx,621,118,1,1,1787953846140648380,1787953846130317120,5423225456637,5423225483563,72,0,0
rx,622,19,1,1,1787953846146086065,1787953846145697361,5423230894082,0,0,0,0
tx,622,127,1,1,1787953846150636176,1787953846145697361,5423235444470,5423235476730,72,0,0
tx,622,136,1,1,1787953846160476546,1787953846145697361,5423245284785,5423245312396,72,0,0
rx,623,20,1,1,1787953846161588324,1787953846160781861,5423246396341,0,0,0,0
tx,623,145,1,1,1787953846170270657,1787953846160781861,5423255078915,5423255106045,72,0,0
rx,624,21,1,1,1787953846175973565,1787953846174931620,5423260781563,0,0,0,0
tx,624,154,1,1,1787953846180327546,1787953846174931620,5423265135841,5423265163878,72,0,0
rx,625,22,1,1,1787953846190228083,1787953846190128268,5423275036082,0,0,0,0
tx,625,163,1,1,1787953846190238065,1787953846190128268,5423275046322,5423275077804,72,0,0
tx,625,172,1,1,1787953846200113528,1787953846190128268,5423284921767,5423284954470,72,0,0
rx,626,23,1,1,1787953846205566620,1787953846205081139,5423290374637,0,0,0,0
tx,626,182,1,1,1787953846210989454,1787953846205081139,5423295797785,5423295828470,72,0,0
rx,627,24,1,1,1787953846220967768,1787953846219926398,5423305775767,0,0,0,0
tx,627,191,1,1,1787953846220979861,1787953846219926398,5423305788100,5423305817304,72,0,0
tx,627,200,1,1,1787953846230846213,1787953846219926398,5423315654452,5423315680730,72,0,0
rx,628,25,1,1,1787953846235270824,1787953846235143231,5423320078822,0,0,0,0
tx,628,8,1,1,1787953846240692861,1787953846235143231,5423325501100,5423325527748,72,0,0
rx,629,26,1,1,1787953846250502176,1787953846250164194,5423335310156,0,0,0,0
tx,629,17,1,1,1787953846250510287,1787953846250164194,5423335318545,5423335350174,72,0,0
tx,629,26,1,1,1787953846260330991,1787953846250164194,5423345139230,5423345164174,72,0,0
rx,630,27,1,1,1787953846266840991,1787953846265974139,5423351648989,0,0,0,0
tx,630,35,1,1,1787953846270089805,1787953846265974139,5423354898044,5423354924174,72,0,0
rx,631,28,1,1,1787953846280970083,1787953846280899528,5423365778082,0,0,0,0
tx,631,45,1,1,1787953846280977620,1787953846280899528,5423365785878,5423365810989,72,0,0
tx,631,54,1,1,1787953846290795268,1787953846280899528,5423375603544,5423375630952,72,0,0
rx,632,29,1,1,1787953846296237083,1787953846295233379,5423381045082,0,0,0,0
tx,632,63,1,1,1787953846300566139,1787953846295233379,5423385374415,5423385404211,72,0,0
rx,633,30,1,1,1787953846310375250,1787953846310327972,5423395183267,0,0,0,0
tx,633,72,1,1,1787953846310382916,1787953846310327972,5423395191174,5423395217230,72,0,0
tx,633,81,1,1,1787953846320199639,1787953846310327972,5423405007896,5423405032767,72,0,0
rx,634,31,1,1,1787953846325626157,1787953846325275453,5423410434156,0,0,0,0
tx,634,91,1,1,1787953846331025546,1787953846325275453,5423415833804,5423415858767,72,0,0
rx,635,32,1,1,1787953846340819694,1787953846340241342,5423425627711,0,0,0,0
tx,635,101,1,1,1787953846341915324,1787953846340241342,5423426723581,5423426751693,72,0,0
tx,635,110,1,1,1787953846351721361,1787953846340241342,5423436529619,5423436555378,72,0,0
rx,636,33,1,1,1787953846356064805,1787953846355190731,5423440872822,0,0,0,0
tx,636,119,1,1,1787953846361476194,1787953846355190731,5423446284433,5423446310859,72,0,0
rx,637,34,1,1,1787953846371278416,1787953846370730213,5423456086415,0,0,0,0
tx,637,128,1,1,1787953846371286176,1787953846370730213,5423456094433,5423456121156,72,0,0
tx,637,137,1,1,1787953846381095009,1787953846370730213,5423465903267,5423465927600,72,0,0
rx,638,35,1,1,1787953846385444435,1787953846384921565,5423470252433,0,0,0,0
tx,638,147,1,1,1787953846391928916,1787953846384921565,5423476737174,5423476766526,72,0,0
rx,639,36,1,1,1787953846400670713,1787953846400407065,5423485478730,0,0,0,0
tx,639,156,1,1,1787953846401760676,1787953846400407065,5423486568915,5423486601156,72,0,0
tx,639,165,1,1,1787953846411574120,1787953846400407065,5423496382359,5423496407489,72,0,0
rx,640,37,1,1,1787953846415930602,1787953846415042194,5423500738618,0,0,0,0
tx,640,174,1,1,1787953846421329472,1787953846415042194,5423506137711,5423506164415,72,0,0
rx,641,38,1,1,1787953846431127861,1787953846430331139,5423515935878,0,0,0,0
tx,641,183,1,1,1787953846431138676,1787953846430331139,5423515946933,5423515973100,72,0,0
tx,641,193,1,1,1787953846442059157,1787953846430331139,5423526867415,5423526891230,72,0,0
rx,642,39,1,1,1787953846445328027,1787953846445244027,5423530136044,0,0,0,0
tx,642,2,1,1,1787953846452907657,1787953846445244027,5423537715915,5423537746137,72,0,0
rx,643,40,1,1,1787953846460557768,1787953846459838361,5423545365655,0,0,0,0
tx,643,11,1,1,1787953846462733898,1787953846459838361,5423547542137,5423547569970,72,0,0
tx,643,20,1,1,1787953846472583546,1787953846459838361,5423557391804,5423557416341,72,0,0
rx,644,41,1,1,1787953846475854657,1787953846475485490,5423560662674,0,0,0,0
tx,644,29,1,1,1787953846482349916,1787953846475485490,5423567158155,5423567183563,72,0,0
rx,645,42,1,1,1787953846491074620,1787953846490801990,5423575882637,0,0,0,0
tx,645,38,1,1,1787953846492163953,1787953846490801990,5423576972193,5423577000711,72,0,0
tx,645,48,1,1,1787953846503066120,1787953846490801990,5423587874359,5423587902970,72,0,0
rx,646,43,1,1,1787953846505261139,1787953846505087898,5423590069137,0,0,0,0
tx,646,58,1,1,1787953846513919620,1787953846505087898,5423598727878,5423598754063,72,0,0
rx,647,44,1,1,1787953846520494602,1787953846520063305,5423605302600,0,0,0,0
tx,647,67,1,1,1787953846523742972,1787953846520063305,5423608551230,5423608577563,72,0,0
tx,647,76,1,1,1787953846533573527,1787953846520063305,5423618381785,5423618406081,72,0,0
rx,648,45,1,1,1787953846535762602,1787953846535276139,5423620570600,0,0,0,0
tx,648,85,1,1,1787953846543341379,1787953846535276139,5423628149637,5423628179118,72,0,0
rx,649,46,1,1,1787953846550997435,1787953846550206231,5423635805452,0,0,0,0
tx,649,94,1,1,1787953846553170805,1787953846550206231,5423637979044,5423638006655,72,0,0
tx,649,104,1,1,1787953846564058064,1787953846550206231,5423648866304,5423648891526,72,0,0
rx,650,47,1,1,1787953846566247435,1787953846565185768,5423651055452,0,0,0,0
tx,650,114,1,1,1787953846574928435,1787953846565185768,5423659736674,5423659763063,72,0,0
rx,651,48,1,1,1787953846581489824,1787953846580472564,5423666297822,0,0,0,0
tx,651,123,1,1,1787953846584743250,1787953846580472564,5423669551507,5423669576618,72,0,0
tx,651,132,1,1,1787953846594547824,1787953846580472564,5423679356063,5423679385174,72,0,0
rx,652,49,1,1,1787953846595664064,1787953846594982287,5423680472081,0,0,0,0
tx,652,141,1,1,1787953846604326527,1787953846594982287,5423689134785,5423689161304,72,0,0
rx,653,50,1,1,1787953846610908879,1787953846609882787,5423695716859,0,0,0,0
tx,653,150,1,1,1787953846614159398,1787953846609882787,5423698967637,5423698997396,72,0,0
tx,653,160,1,1,1787953846625060638,1787953846609882787,5423709868878,5423709893822,72,0,0
rx,654,51,1,1,1787953846626171805,1787953846625500490,5423710979804,0,0,0,0
tx,654,170,1,1,1787953846635912527,1787953846625500490,5423720720766,5423720746229,72,0,0
rx,655,52,1,1,1787953846640317787,1787953846639919713,5423725125804,0,0,0,0
tx,655,179,1,1,1787953846645732564,1787953846639919713,5423730540822,5423730566470,72,0,0
rx,656,53,1,1,1787953846655580416,1787953846655122768,5423740388415,0,0,0,0
tx,656,188,1,1,1787953846655592601,1787953846655122768,5423740400841,5423740454729,72,0,0
tx,656,197,1,1,1787953846665439231,1787953846655122768,5423750247470,5423750272044,72,0,0
rx,657,54,1,1,1787953846670876620,1787953846669858916,5423755684637,0,0,0,0
tx,657,5,1,1,1787953846675242527,1787953846669858916,5423760050766,5423760078452,72,0,0
tx,657,14,1,1,1787953846685065898,1787953846669858916,5423769874155,5423769898470,72,0,0
rx,658,55,1,1,1787953846686181305,1787953846685612527,5423770989304,0,0,0,0
tx,658,24,1,1,1787953846695931657,1787953846685612527,5423780739896,5423780768341,72,0,0
rx,659,56,1,1,1787953846700355583,1787953846699923027,5423785163581,0,0,0,0
tx,659,33,1,1,1787953846705773972,1787953846699923027,5423790582211,5423790611248,72,0,0
rx,660,57,1,1,1787953846715592768,1787953846715487250,5423800400785,0,0,0,0
tx,660,42,1,1,1787953846715600361,1787953846715487250,5423800408600,5423800436415,72,0,0
tx,660,51,1,1,1787953846725411601,1787953846715487250,5423810219859,5423810244674,72,0,0
rx,661,58,1,1,1787953846730852601,1787953846730467213,5423815660618,0,0,0,0
tx,661,60,1,1,1787953846735182805,1787953846730467213,5423819991063,5423820046452,72,0,0
tx,661,69,1,1,1787953846745033620,1787953846730467213,5423829841859,5423829870063,72,0,0
rx,662,59,1,1,1787953846746152583,1787953846745110694,5423830960600,0,0,0,0
tx,662,79,1,1,1787953846755894935,1787953846745110694,5423840703192,5423840730544,72,0,0
rx,663,60,1,1,1787953846760342583,1787953846760075342,5423845150600,0,0,0,0
tx,663,88,1,1,1787953846765758527,1787953846760075342,5423850566766,5423850593840,72,0,0
rx,664,61,1,1,1787953846775638398,1787953846775577120,5423860446415,0,0,0,0
tx,664,97,1,1,1787953846775646472,1787953846775577120,5423860454711,5423860503285,72,0,0
tx,664,106,1,1,1787953846785481638,1787953846775577120,5423870289878,5423870315674,72,0,0
rx,665,62,1,1,1787953846790916379,1787953846790614546,5423875724285,0,0,0,0
tx,665,115,1,1,1787953846795263620,1787953846790614546,5423880071859,5423880103637,72,0,0
tx,665,124,1,1,1787953846805086046,1787953846790614546,5423889894285,5423889918489,72,0,0
rx,666,63,1,1,1787953846806197842,1787953846805536842,5423891005859,0,0,0,0
tx,666,134,1,1,1787953846815942916,1787953846805536842,5423900751174,5423900777859,72,0,0
rx,667,64,1,1,1787953846820401564,1787953846820340898,5423905209581,0,0,0,0
tx,667,143,1,1,1787953846825848231,1787953846820340898,5423910656470,5423910683155,72,0,0
tx,667,152,1,1,1787953846835653546,1787953846820340898,5423920461803,5423920486026,72,0,0
tx,667,161,1,1,1787953846845414564,1787953846820340898,5423930222803,5423930249544,72,0,0
tx,667,170,1,1,1787953846855189120,1787953846820340898,5423939997359,5423940045322,72,0,0
tx,667,180,1,1,1787953846866098046,1787953846820340898,5423950906303,5423950940155,72,0,0
tx,667,190,1,1,1787953846877004490,1787953846820340898,5423961812748,5423961838211,72,0,0
tx,667,199,1,1,1787953846886790935,1787953846820340898,5423971599192,5423971628118,72,0,0
tx,667,7,1,1,1787953846896565286,1787953846820340898,5423981373544,5423981403396,72,0,0
tx,667,16,1,1,1787953846906337768,1787953846820340898,5423991146026,5423991170174,72,0,0
tx,667,25,1,1,1787953846916093935,1787953846820340898,5424000902192,5424000926637,72,0,0
tx,667,35,1,1,1787953846926932564,1787953846820340898,5424011740822,5424011765118,72,0,0
tx,667,44,1,1,1787953846936691268,1787953846820340898,5424021499507,5424021523933,72,0,0
tx,667,53,1,1,1787953846946480786,1787953846820340898,5424031289044,5424031317211,72,0,0
tx,667,62,1,1,1787953846956244731,1787953846820340898,5424041052989,5424041078451,72,0,0
tx,667,72,1,1,1787953846967080935,1787953846820340898,5424051889174,5424051914340,72,0,0
tx,667,82,1,1,1787953846977949675,1787953846820340898,5424062757914,5424062783007,72,0,0
tx,667,91,1,1,1787953846987738675,1787953846820340898,5424072546933,5424072574155,72,0,0
tx,667,100,1,1,1787953846997504286,1787953846820340898,5424082312581,5424082340748,72,0,0
tx,667,109,1,1,1787953847007266509,1787953846820340898,5424092074748,5424092098340,72,0,0
tx,667,118,1,1,1787953847017024157,1787953846820340898,5424101832396,5424101858100,72,0,0
tx,667,128,1,1,1787953847027869749,1787953846820340898,5424112678007,5424112702340,72,0,0
tx,667,137,1,1,1787953847037623657,1787953846820340898,5424122431896,5424122454877,72,0,0
tx,667,146,1,1,1787953847047384453,1787953846820340898,5424132192711,5424132220896,72,0,0
tx,667,155,1,1,1787953847057144860,1787953846820340898,5424141953100,5424141977433,72,0,0
tx,667,165,1,1,1787953847067986972,1787953846820340898,5424152795211,5424152819470,72,0,0
tx,667,174,1,1,1787953847077742009,1787953846820340898,5424162550266,5424162573581,72,0,0
tx,667,183,1,1,1787953847087506194,1787953846820340898,5424172314451,5424172341285,72,0,0
tx,667,192,1,1,1787953847097274638,1787953846820340898,5424182082896,5424182110840,72,0,0
tx,667,0,1,1,1787953847107038064,1787953846820340898,5424191846322,5424191870470,72,0,0
tx,667,10,1,1,1787953847117873083,1787953846820340898,5424202681340,5424202706100,72,0,0
tx,667,19,1,1,1787953847127626842,1787953846820340898,5424212435100,5424212458970,72,0,0
tx,667,28,1,1,1787953847137379138,1787953846820340898,5424222187396,5424222210914,72,0,0
tx,667,37,1,1,1787953847147172138,1787953846820340898,5424231980377,5424232035174,72,0,0
tx,667,47,1,1,1787953847158039360,1787953846820340898,5424242847600,5424242871951,72,0,0
tx,667,57,1,1,1787953847168873860,1787953846820340898,5424253682118,5424253706840,72,0,0
tx,667,66,1,1,1787953847178629101,1787953846820340898,5424263437359,5424263468988,72,0,0
tx,667,75,1,1,1787953847188399879,1787953846820340898,5424273208118,5424273234285,72,0,0
tx,667,84,1,1,1787953847198181823,1787953846820340898,5424282990062,5424283019914,72,0,0
tx,667,94,1,1,1787953847209024694,1787953846820340898,5424293832933,5424293856970,72,0,0
tx,667,104,1,1,1787953847219870305,1787953846820340898,5424304678544,5424304703544,72,0,0
tx,667,113,1,1,1787953847229626990,1787953846820340898,5424314435248,5424314458877,72,0,0
tx,667,122,1,1,1787953847239385712,1787953846820340898,5424324193951,5424324218340,72,0,0
tx,667,131,1,1,1787953847249150897,1787953846820340898,5424333959155,5424333987303,72,0,0
tx,667,141,1,1,1787953847260024342,1787953846820340898,5424344832599,5424344857599,72,0,0
tx,667,151,1,1,1787953847270862157,1787953846820340898,5424355670396,5424355694599,72,0,0
tx,667,160,1,1,1787953847280651471,1787953846820340898,5424365459711,5424365484303,72,0,0
tx,667,169,1,1,1787953847290408083,1787953846820340898,5424375216322,5424375242933,72,0,0
tx,667,178,1,1,1787953847300200064,1787953846820340898,5424385008322,5424385036451,72,0,0
tx,667,188,1,1,1787953847311039990,1787953846820340898,5424395848229,5424395872044,72,0,0
tx,667,198,1,1,1787953847321873934,1787953846820340898,5424406682173,5424406706248,72,0,0
tx,667,6,1,1,1787953847331626694,1787953846820340898,5424416434933,5424416465636,72,0,0
tx,667,15,1,1,1787953847341401064,1787953846820340898,5424426209322,5424426236785,72,0,0
tx,667,24,1,1,1787953847351160083,1787953846820340898,5424435968322,5424435991951,72,0,0
tx,667,34,1,1,1787953847361994397,1787953846820340898,5424446802655,5424446826229,72,0,0
tx,667,43,1,1,1787953847371748786,1787953846820340898,5424456557025,5424456580748,72,0,0
tx,667,52,1,1,1787953847381593953,1787953846820340898,5424466402229,5424466430710,72,0,0
tx,667,61,1,1,1787953847391424934,1787953846820340898,5424476233210,5424476268210,72,0,0
tx,667,70,1,1,1787953847401240101,1787953846820340898,5424486048359,5424486076470,72,0,0
tx,667,79,1,1,1787953847411044971,1787953846820340898,5424495853229,5424495880562,72,0,0
tx,667,89,1,1,1787953847421966397,1787953846820340898,5424506774673,5424506810062,72,0,0
tx,667,98,1,1,1787953847431761157,1787953846820340898,5424516569433,5424516598692,72,0,0
tx,667,107,1,1,1787953847441545638,1787953846820340898,5424526353914,5424526386433,72,0,0
tx,667,116,1,1,1787953847451362305,1787953846820340898,5424536170562,5424536198396,72,0,0
tx,667,125,1,1,1787953847461221971,1787953846820340898,5424546030229,5424546058599,72,0,0
tx,667,134,1,1,1787953847471028379,1787953846820340898,5424555836636,5424555865433,72,0,0
tx,667,144,1,1,1787953847481892286,1787953846820340898,5424566700544,5424566724877,72,0,0
tx,667,153,1,1,1787953847491654657,1787953846820340898,5424576462896,5424576489210,72,0,0
tx,667,162,1,1,1787953847501437842,1787953846820340898,5424586246081,5424586275581,72,0,0
tx,667,171,1,1,1787953847511226008,1787953846820340898,5424596034247,5424596058451,72,0,0
tx,667,180,1,1,1787953847521010990,1787953846820340898,5424605819247,5424605843118,72,0,0
tx,667,190,1,1,1787953847531869175,1787953846820340898,5424616677433,5424616701284,72,0,0
tx,667,199,1,1,1787953847541651379,1787953846820340898,5424626459636,5424626487155,72,0,0
tx,667,7,1,1,1787953847551413601,1787953846820340898,5424636221840,5424636247562,72,0,0
tx,667,16,1,1,1787953847561169156,1787953846820340898,5424645977396,5424646000636,72,0,0
tx,667,26,1,1,1787953847572005138,1787953846820340898,5424656813377,5424656837544,72,0,0
tx,667,35,1,1,1787953847581844953,1787953846820340898,5424666653229,5424666681210,72,0,0
tx,667,44,1,1,1787953847591663545,1787953846820340898,5424676471821,5424676505470,72,0,0
tx,667,53,1,1,1787953847601473768,1787953846820340898,5424686282044,5424686309896,72,0,0
tx,667,62,1,1,1787953847611279305,1787953846820340898,5424696087581,5424696114525,72,0,0
tx,667,71,1,1,1787953847621086286,1787953846820340898,5424705894562,5424705922803,72,0,0
tx,667,81,1,1,1787953847631985768,1787953846820340898,5424716794025,5424716822007,72,0,0
tx,667,90,1,1,1787953847641796045,1787953846820340898,5424726604321,5424726635358,72,0,0
tx,667,99,1,1,1787953847651603156,1787953846820340898,5424736411414,5424736438858,72,0,0
tx,667,108,1,1,1787953847661407786,1787953846820340898,5424746216062,5424746244636,72,0,0
tx,667,117,1,1,1787953847671222638,1787953846820340898,5424756030914,5424756059747,72,0,0
tx,667,126,1,1,1787953847681033693,1787953846820340898,5424765841970,5424765869377,72,0,0
tx,667,136,1,1,1787953847691884342,1787953846820340898,5424776692599,5424776723692,72,0,0
tx,667,145,1,1,1787953847701650360,1787953846820340898,5424786458599,5424786483099,72,0,0
tx,667,154,1,1,1787953847711410656,1787953846820340898,5424796218914,5424796242340,72,0,0
tx,667,163,1,1,1787953847721171767,1787953846820340898,5424805980025,5424806004821,72,0,0
tx,667,173,1,1,1787953847732007786,1787953846820340898,5424816816025,5424816839099,72,0,0
tx,667,182,1,1,1787953847741770842,1787953846820340898,5424826579099,5424826607488,72,0,0
tx,667,191,1,1,1787953847751577638,1787953846820340898,5424836385877,5424836410858,72,0,0
tx,667,200,1,1,1787953847761329823,1787953846820340898,5424846138081,5424846161118,72,0,0
tx,667,8,1,1,1787953847771079804,1787953846820340898,5424855888062,5424855911599,72,0,0
tx,667,18,1,1,1787953847781983730,1787953846820340898,5424866791988,5424866822470,72,0,0
tx,667,27,1,1,1787953847791829842,1787953846820340898,5424876638099,5424876673544,72,0,0
tx,667,36,1,1,1787953847801643230,1787953846820340898,5424886451507,5424886481470,72,0,0
tx,667,45,1,1,1787953847811449156,1787953846820340898,5424896257432,5424896285099,72,0,0
tx,667,54,1,1,1787953847821256582,1787953846820340898,5424906064840,5424906092729,72,0,0
tx,667,63,1,1,1787953847831070175,1787953846820340898,5424915878451,5424915906266,72,0,0
tx,667,73,1,1,1787953847841966749,1787953846820340898,5424926775025,5424926808192,72,0,0
tx,667,82,1,1,1787953847851778230,1787953846820340898,5424936586507,5424936613710,72,0,0
tx,667,91,1,1,1787953847861631416,1787953846820340898,5424946439692,5424946485173,72,0,0
tx,667,100,1,1,1787953847871472156,1787953846820340898,5424956280432,5424956310229,72,0,0
tx,667,109,1,1,1787953847881284823,1787953846820340898,5424966093081,5424966121432,72,0,0
tx,667,118,1,1,1787953847891058249,1787953846820340898,5424975866488,5424975899729,72,0,0
tx,667,128,1,1,1787953847901907582,1787953846820340898,5424986715821,5424986740062,72,0,0
tx,667,137,1,1,1787953847911668378,1787953846820340898,5424996476618,5424996500414,72,0,0
tx,667,146,1,1,1787953847921444693,1787953846820340898,5425006252951,5425006281006,72,0,0
tx,667,155,1,1,1787953847931177934,1787953846820340898,5425015986192,5425016031099,72,0,0
tx,667,165,1,1,1787953847942031212,1787953846820340898,5425026839469,5425026868006,72,0,0
tx,667,175,1,1,1787953847952848434,1787953846820340898,5425037656692,5425037680840,72,0,0
tx,667,184,1,1,1787953847962578786,1787953846820340898,5425047387025,5425047410858,72,0,0
tx,667,193,1,1,1787953847972338341,1787953846820340898,5425057146581,5425057171006,72,0,0
tx,667,1,1,1,1787953847982121138,1787953846820340898,5425066929377,5425066953710,72,0,0
tx,667,11,1,1,1787953847993019249,1787953846820340898,5425077827488,5425077857673,72,0,0
tx,667,21,1,1,1787953848003864934,1787953846820340898,5425088673192,5425088698506,72,0,0
tx,667,30,1,1,1787953848013620564,1787953846820340898,5425098428821,5425098452840,72,0,0
tx,667,39,1,1,1787953848023378119,1787953846820340898,5425108186377,5425108212395,72,0,0
tx,667,48,1,1,1787953848033147360,1787953846820340898,5425117955618,5425117979599,72,0,0
tx,667,58,1,1,1787953848043997378,1787953846820340898,5425128805636,5425128835118,72,0,0
tx,667,67,1,1,1787953848053757397,1787953846820340898,5425138565655,5425138589414,72,0,0
tx,667,76,1,1,1787953848063512156,1787953846820340898,5425148320414,5425148344025,72,0,0
tx,667,85,1,1,1787953848073272730,1787953846820340898,5425158080969,5425158105414,72,0,0
tx,667,94,1,1,1787953848083032786,1787953846820340898,5425167841043,5425167869617,72,0,0
tx,667,104,1,1,1787953848093958119,1787953846820340898,5425178766395,5425178803266,72,0,0
tx,667,113,1,1,1787953848103776786,1787953846820340898,5425188585062,5425188613451,72,0,0
tx,667,122,1,1,1787953848113585823,1787953846820340898,5425198394080,5425198421655,72,0,0
tx,667,131,1,1,1787953848123389415,1787953846820340898,5425208197710,5425208225266,72,0,0
tx,667,140,1,1,1787953848133190564,1787953846820340898,5425217998840,5425218026321,72,0,0
tx,667,150,1,1,1787953848144086693,1787953846820340898,5425228894951,5425228930080,72,0,0
tx,667,160,1,1,1787953848154989397,1787953846820340898,5425239797673,5425239824895,72,0,0
tx,667,169,1,1,1787953848164814267,1787953846820340898,5425249622543,5425249650173,72,0,0
