event,sequence,counter,valid_self,adopted,realtime_ns,kernel_ns,monotonic_ns,write_end_ns,written,socket_drop_total,trace_record_overflow
rx,1,1,1,1,1787954347975476784,1787954347974956932,5925060284857,0,0,0,0
tx,1,1,1,1,1787954347975482525,1787954347974956932,5925060290708,5925060336986,72,0,0
rx,2,2,1,1,1787954347976650803,1787954347976092488,5925061458875,0,0,0,0
rx,3,3,1,1,1787954347978795932,1787954347977963451,5925063603986,0,0,0,0
tx,3,10,1,1,1787954347985190377,1787954347977963451,5925069998597,5925070016671,72,0,0
tx,3,20,1,1,1787954347995890377,1787954347977963451,5925080698560,5925080710653,72,0,0
tx,3,29,1,1,1787954348005482932,1787954347977963451,5925090291116,5925090302634,72,0,0
tx,3,38,1,1,1787954348015074506,1787954347977963451,5925099882690,5925099893801,72,0,0
tx,3,48,1,1,1787954348025736117,1787954347977963451,5925110544412,5925110559560,72,0,0
tx,3,57,1,1,1787954348035338229,1787954347977963451,5925120146468,5925120160245,72,0,0
tx,3,66,1,1,1787954348045055136,1787954347977963451,5925129863319,5925129878060,72,0,0
tx,3,76,1,1,1787954348055732691,1787954347977963451,5925140540875,5925140552708,72,0,0
tx,3,85,1,1,1787954348065334803,1787954347977963451,5925150142986,5925150154005,72,0,0
tx,3,95,1,1,1787954348075997173,1787954347977963451,5925160805431,5925160820671,72,0,0
rx,4,4,1,1,1787954348078145821,1787954348077375173,5925162953875,0,0,0,0
rx,5,5,1,1,1787954348079215580,1787954348078473969,5925164023653,0,0,0,0
rx,6,6,1,1,1787954348080284062,1787954348079590895,5925165092134,0,0,0,0
rx,7,7,1,1,1787954348081353654,1787954348080708562,5925166161708,0,0,0,0
rx,8,8,1,1,1787954348082422710,1787954348081836173,5925167230782,0,0,0,0
rx,9,9,1,1,1787954348083493636,1787954348082949895,5925168301708,0,0,0,0
tx,9,104,1,1,1787954348085626062,1787954348082949895,5925170434319,5925170448931,72,0,0
tx,9,113,1,1,1787954348095266914,1787954348082949895,5925180075097,5925180087060,72,0,0
tx,9,123,1,1,1787954348105925840,1787954348082949895,5925190734023,5925190745060,72,0,0
tx,9,132,1,1,1787954348115516766,1787954348082949895,5925200324949,5925200335560,72,0,0
tx,9,141,1,1,1787954348125107321,1787954348082949895,5925209915505,5925209926190,72,0,0
tx,9,151,1,1,1787954348135767710,1787954348082949895,5925220575949,5925220590782,72,0,0
tx,9,160,1,1,1787954348145377654,1787954348082949895,5925230185838,5925230201671,72,0,0
tx,9,170,1,1,1787954348156040951,1787954348082949895,5925240849134,5925240860060,72,0,0
tx,9,180,1,1,1787954348166694636,1787954348082949895,5925251502819,5925251513782,72,0,0
tx,9,189,1,1,1787954348176285358,1787954348082949895,5925261093523,5925261104134,72,0,0
rx,10,10,1,1,1787954348180561395,1787954348179791284,5925265369468,0,0,0,0
rx,11,11,1,1,1787954348181630710,1787954348180894080,5925266438782,0,0,0,0
rx,12,12,1,1,1787954348182699432,1787954348182010765,5925267507505,0,0,0,0
rx,13,13,1,1,1787954348183768210,1787954348183131525,5925268576264,0,0,0,0
rx,14,14,1,1,1787954348184836951,1787954348184248673,5925269645023,0,0,0,0
rx,15,15,1,1,1787954348185905747,1787954348185375395,5925270713819,0,0,0,0
rx,16,16,1,1,1787954348186974210,1787954348186482154,5925271782282,0,0,0,0
tx,16,199,1,1,1787954348186979303,1787954348186482154,5925271787542,5925271803338,72,0,0
rx,17,17,1,1,1787954348188103821,1787954348187608173,5925272911893,0,0,0,0
tx,17,7,1,1,1787954348196624988,1787954348187608173,5925281433245,5925281446764,72,0,0
tx,17,16,1,1,1787954348206244821,1787954348187608173,5925291053005,5925291063819,72,0,0
tx,17,26,1,1,1787954348216898599,1787954348187608173,5925301706782,5925301717542,72,0,0
tx,17,35,1,1,1787954348226491821,1787954348187608173,5925311300005,5925311311005,72,0,0
tx,17,44,1,1,1787954348236086562,1787954348187608173,5925320894782,5925320908282,72,0,0
tx,17,54,1,1,1787954348246759488,1787954348187608173,5925331567671,5925331583319,72,0,0
tx,17,63,1,1,1787954348256355617,1787954348187608173,5925341163801,5925341174708,72,0,0
tx,17,73,1,1,1787954348267012099,1787954348187608173,5925351820282,5925351831023,72,0,0
tx,17,83,1,1,1787954348277669988,1787954348187608173,5925362478171,5925362492616,72,0,0
rx,18,18,1,1,1787954348283009562,1787954348282191562,5925367817523,0,0,0,0
rx,19,19,1,1,1787954348284081358,1787954348283272080,5925368889430,0,0,0,0
rx,20,20,1,1,1787954348285149691,1787954348284389488,5925369957745,0,0,0,0
rx,22,22,1,1,1787954348287281877,1787954348286626562,5925372089930,0,0,0,0
tx,22,92,1,1,1787954348287285469,1787954348286626562,5925372093708,5925372108282,72,0,0
rx,23,23,1,1,1787954348288408228,1787954348287751006,5925373216301,0,0,0,0
rx,24,24,1,1,1787954348289477562,1787954348288865728,5925374285616,0,0,0,0
tx,24,102,1,1,1787954348297996543,1787954348288865728,5925382804801,5925382818671,72,0,0
tx,24,111,1,1,1787954348307617654,1787954348288865728,5925392425838,5925392436708,72,0,0
tx,24,120,1,1,1787954348317208858,1787954348288865728,5925402017042,5925402027819,72,0,0
tx,24,130,1,1,1787954348327869432,1787954348288865728,5925412677671,5925412692004,72,0,0
tx,24,139,1,1,1787954348337464080,1787954348288865728,5925422272264,5925422283079,72,0,0
tx,24,148,1,1,1787954348347074691,1787954348288865728,5925431882875,5925431899708,72,0,0
tx,24,158,1,1,1787954348357737525,1787954348288865728,5925442545708,5925442556616,72,0,0
tx,24,167,1,1,1787954348367328173,1787954348288865728,5925452136356,5925452147356,72,0,0
tx,24,177,1,1,1787954348377987173,1787954348288865728,5925462795412,5925462809967,72,0,0
tx,24,186,1,1,1787954348387599617,1787954348288865728,5925472407801,5925472419319,72,0,0
tx,24,195,1,1,1787954348397192339,1787954348288865728,5925482000579,5925482011430,72,0,0
tx,24,4,1,1,1787954348407846969,1787954348288865728,5925492655153,5925492665893,72,0,0
tx,24,13,1,1,1787954348417436413,1787954348288865728,5925502244597,5925502255338,72,0,0
tx,24,22,1,1,1787954348427026247,1787954348288865728,5925511834430,5925511845079,72,0,0
tx,24,32,1,1,1787954348437690228,1787954348288865728,5925522498467,5925522512375,72,0,0
tx,24,41,1,1,1787954348447298395,1787954348288865728,5925532106579,5925532121801,72,0,0
tx,24,51,1,1,1787954348457957710,1787954348288865728,5925542765893,5925542777264,72,0,0
tx,24,60,1,1,1787954348467548765,1787954348288865728,5925552356949,5925552367930,72,0,0
tx,24,69,1,1,1787954348477142469,1787954348288865728,5925561950708,5925561966208,72,0,0
rx,25,25,1,1,1787954348487805136,1787954348487006636,5925572613190,0,0,0,0
tx,25,79,1,1,1787954348487809210,1787954348487006636,5925572617430,5925572631634,72,0,0
rx,28,28,1,1,1787954348491062506,1787954348490397173,5925575870578,0,0,0,0
rx,29,29,1,1,1787954348492133747,1787954348491510265,5925576941801,0,0,0,0
rx,30,30,1,1,1787954348493202617,1787954348492631247,5925578010690,0,0,0,0
rx,31,31,1,1,1787954348494272339,1787954348493748506,5925579080412,0,0,0,0
rx,32,32,1,1,1787954348495340543,1787954348494868025,5925580148616,0,0,0,0
rx,33,33,1,1,1787954348496408265,1787954348495987376,5925581216338,0,0,0,0
rx,34,34,1,1,1787954348497476321,1787954348497106450,5925582284393,0,0,0,0
tx,34,88,1,1,1787954348497479562,1787954348497106450,5925582287801,5925582302764,72,0,0
rx,35,35,1,1,1787954348498587450,1787954348498228025,5925583395523,0,0,0,0
rx,36,36,1,1,1787954348499656284,1787954348499369988,5925584464356,0,0,0,0
rx,37,37,1,1,1787954348500724488,1787954348500466469,5925585532560,0,0,0,0
tx,37,97,1,1,1787954348507113950,1787954348500466469,5925591922134,5925591935264,72,0,0
tx,37,107,1,1,1787954348517796228,1787954348500466469,5925602604449,5925602615745,72,0,0
tx,37,116,1,1,1787954348527391543,1787954348500466469,5925612199708,5925612214560,72,0,0
tx,37,126,1,1,1787954348538051173,1787954348500466469,5925622859356,5925622870375,72,0,0
tx,37,136,1,1,1787954348548728006,1787954348500466469,5925633536190,5925633551486,72,0,0
tx,37,145,1,1,1787954348558323302,1787954348500466469,5925643131486,5925643142634,72,0,0
tx,37,155,1,1,1787954348568979228,1787954348500466469,5925653787412,5925653798541,72,0,0
tx,37,164,1,1,1787954348578575117,1787954348500466469,5925663383301,5925663397319,72,0,0
tx,37,173,1,1,1787954348588168765,1787954348500466469,5925672976949,5925672988023,72,0,0
rx,38,38,1,1,1787954348590314210,1787954348589365210,5925675122282,0,0,0,0
rx,39,39,1,1,1787954348591383895,1787954348590472636,5925676191949,0,0,0,0
rx,40,40,1,1,1787954348592451821,1787954348591613173,5925677259875,0,0,0,0
rx,41,41,1,1,1787954348593519765,1787954348592750191,5925678327838,0,0,0,0
rx,42,42,1,1,1787954348594587802,1787954348593870487,5925679395856,0,0,0,0
rx,43,43,1,1,1787954348595656728,1787954348594988784,5925680464782,0,0,0,0
rx,44,44,1,1,1787954348596724450,1787954348596128858,5925681532523,0,0,0,0
tx,44,183,1,1,1787954348598858673,1787954348596128858,5925683666912,5925683682171,72,0,0
tx,44,192,1,1,1787954348608497006,1787954348596128858,5925693305190,5925693316301,72,0,0
tx,44,0,1,1,1787954348618087062,1787954348596128858,5925702895245,5925702905949,72,0,0
tx,44,10,1,1,1787954348628745210,1787954348596128858,5925713553467,5925713568134,72,0,0
tx,44,19,1,1,1787954348638341802,1787954348596128858,5925723149986,5925723160745,72,0,0
tx,44,29,1,1,1787954348649010339,1787954348596128858,5925733818523,5925733834986,72,0,0
tx,44,39,1,1,1787954348659670802,1787954348596128858,5925744478986,5925744489875,72,0,0
tx,44,48,1,1,1787954348669263469,1787954348596128858,5925754071652,5925754082449,72,0,0
tx,44,58,1,1,1787954348679923858,1787954348596128858,5925764732097,5925764747115,72,0,0
tx,44,67,1,1,1787954348689519006,1787954348596128858,5925774327189,5925774338430,72,0,0
rx,45,45,1,1,1787954348692727932,1787954348691766191,5925777535986,0,0,0,0
rx,46,46,1,1,1787954348693798636,1787954348692890487,5925778606708,0,0,0,0
rx,47,47,1,1,1787954348694869876,1787954348693987173,5925779677949,0,0,0,0
rx,48,48,1,1,1787954348695938765,1787954348695104284,5925780746838,0,0,0,0
rx,49,49,1,1,1787954348697006691,1787954348696222154,5925781814764,0,0,0,0
rx,50,50,1,1,1787954348698074024,1787954348697337913,5925782882097,0,0,0,0
rx,51,51,1,1,1787954348699141543,1787954348698457747,5925783949615,0,0,0,0
tx,51,76,1,1,1787954348699145006,1787954348698457747,5925783953189,5925783967171,72,0,0
tx,51,86,1,1,1787954348709864839,1787954348698457747,5925794673023,5925794684819,72,0,0
tx,51,95,1,1,1787954348719473561,1787954348698457747,5925804281764,5925804292930,72,0,0
tx,51,104,1,1,1787954348729070580,1787954348698457747,5925813878819,5925813893264,72,0,0
tx,51,114,1,1,1787954348739729469,1787954348698457747,5925824537689,5925824549412,72,0,0
tx,51,123,1,1,1787954348749335728,1787954348698457747,5925834143912,5925834159041,72,0,0
tx,51,133,1,1,1787954348759997617,1787954348698457747,5925844805801,5925844817060,72,0,0
tx,51,142,1,1,1787954348769588913,1787954348698457747,5925854397097,5925854407856,72,0,0
tx,51,151,1,1,1787954348779204395,1787954348698457747,5925864012578,5925864027949,72,0,0
tx,51,161,1,1,1787954348789864173,1787954348698457747,5925874672356,5925874683486,72,0,0
rx,52,52,1,1,1787954348795213691,1787954348794193284,5925880021763,0,0,0,0
rx,54,54,1,1,1787954348797348858,1787954348796500747,5925882156930,0,0,0,0
rx,55,55,1,1,1787954348798417876,1787954348797611135,5925883225930,0,0,0,0
rx,56,56,1,1,1787954348799489006,1787954348798730876,5925884297078,0,0,0,0
tx,56,170,1,1,1787954348799492524,1787954348798730876,5925884300745,5925884314301,72,0,0
rx,57,57,1,1,1787954348800613673,1787954348799852932,5925885421745,0,0,0,0
rx,58,58,1,1,1787954348801682043,1787954348800965210,5925886490115,0,0,0,0
tx,58,179,1,1,1787954348809136543,1787954348800965210,5925893944801,5925893957041,72,0,0
tx,58,189,1,1,1787954348819837561,1787954348800965210,5925904645745,5925904656893,72,0,0
tx,58,198,1,1,1787954348829433302,1787954348800965210,5925914241560,5925914255782,72,0,0
tx,58,6,1,1,1787954348839030487,1787954348800965210,5925923838671,5925923850097,72,0,0
tx,58,16,1,1,1787954348849699450,1787954348800965210,5925934507689,5925934522226,72,0,0
tx,58,25,1,1,1787954348859318747,1787954348800965210,5925944126930,5925944149671,72,0,0
tx,58,35,1,1,1787954348869990395,1787954348800965210,5925954798560,5925954811245,72,0,0
tx,58,44,1,1,1787954348879593802,1787954348800965210,5925964401986,5925964416486,72,0,0
tx,58,53,1,1,1787954348889187969,1787954348800965210,5925973996152,5925974007689,72,0,0
rx,59,59,1,1,1787954348897718839,1787954348896636950,5925982526912,0,0,0,0
rx,60,60,1,1,1787954348898788024,1787954348897784321,5925983596097,0,0,0,0
rx,61,61,1,1,1787954348899856987,1787954348898896987,5925984665041,0,0,0,0
tx,61,63,1,1,1787954348899860709,1787954348898896987,5925984668893,5925984684097,72,0,0
rx,62,62,1,1,1787954348900990117,1787954348900046524,5925985798189,0,0,0,0
rx,63,63,1,1,1787954348902059709,1787954348901159672,5925986867782,0,0,0,0
rx,64,64,1,1,1787954348903128747,1787954348902278543,5925987936819,0,0,0,0
rx,65,65,1,1,1787954348904199635,1787954348903409654,5925989007708,0,0,0,0
tx,65,72,1,1,1787954348909523598,1787954348903409654,5925994331782,5925994346393,72,0,0
tx,65,81,1,1,1787954348919152395,1787954348903409654,5926003960708,5926003975467,72,0,0
tx,65,91,1,1,1787954348929814358,1787954348903409654,5926014622597,5926014635208,72,0,0
tx,65,100,1,1,1787954348939407524,1787954348903409654,5926024215708,5926024226782,72,0,0
tx,65,109,1,1,1787954348949013246,1787954348903409654,5926033821430,5926033836171,72,0,0
tx,65,119,1,1,1787954348959674209,1787954348903409654,5926044482449,5926044493652,72,0,0
tx,65,128,1,1,1787954348969265987,1787954348903409654,5926054074171,5926054084856,72,0,0
tx,65,138,1,1,1787954348979927839,1787954348903409654,5926064736078,5926064751319,72,0,0
tx,65,147,1,1,1787954348989524432,1787954348903409654,5926074332615,5926074343319,72,0,0
rx,66,66,1,1,1787954348999118598,1787954348999017043,5926083926652,0,0,0,0
tx,66,156,1,1,1787954348999122672,1787954348999017043,5926083930893,5926083943782,72,0,0
rx,67,67,1,1,1787954349000248598,1787954349000126524,5926085056671,0,0,0,0
rx,68,68,1,1,1787954349001320450,1787954349001269913,5926086128523,0,0,0,0
rx,69,69,1,1,1787954349003454265,1787954349002421135,5926088262337,0,0,0,0
rx,70,70,1,1,1787954349004523154,1787954349003573117,5926089331226,0,0,0,0
rx,71,71,1,1,1787954349005590913,1787954349004691450,5926090398986,0,0,0,0
tx,71,166,1,1,1787954349009853672,1787954349004691450,5926094661911,5926094676245,72,0,0
tx,71,175,1,1,1787954349019475432,1787954349004691450,5926104283615,5926104295097,72,0,0
tx,71,184,1,1,1787954349029070450,1787954349004691450,5926113878689,5926113894115,72,0,0
tx,71,194,1,1,1787954349039732321,1787954349004691450,5926124540504,5926124552134,72,0,0
tx,71,2,1,1,1787954349049339080,1787954349004691450,5926134147263,5926134161856,72,0,0
tx,71,12,1,1,1787954349059998172,1787954349004691450,5926144806356,5926144817486,72,0,0
tx,71,21,1,1,1787954349069590543,1787954349004691450,5926154398726,5926154409652,72,0,0
tx,71,30,1,1,1787954349079214839,1787954349004691450,5926164023078,5926164041578,72,0,0
tx,71,40,1,1,1787954349089881413,1787954349004691450,5926174689671,5926174700782,72,0,0
tx,71,49,1,1,1787954349099474191,1787954349004691450,5926184282374,5926184293504,72,0,0
rx,72,72,1,1,1787954349101617061,1787954349101391802,5926186425134,0,0,0,0
rx,73,73,1,1,1787954349102686395,1787954349102491209,5926187494448,0,0,0,0
rx,74,74,1,1,1787954349103754969,1787954349103703895,5926188563023,0,0,0,0
rx,75,75,1,1,1787954349105890635,1787954349104868876,5926190698708,0,0,0,0
rx,76,76,1,1,1787954349106958561,1787954349105981228,5926191766634,0,0,0,0
rx,77,77,1,1,1787954349108026506,1787954349107099709,5926192834578,0,0,0,0
rx,78,78,1,1,1787954349109094746,1787954349108225543,5926193902819,0,0,0,0
tx,78,58,1,1,1787954349109098043,1787954349108225543,5926193906226,5926193920837,72,0,0
tx,78,68,1,1,1787954349119801395,1787954349108225543,5926204609578,5926204621504,72,0,0
tx,78,77,1,1,1787954349129402395,1787954349108225543,5926214210671,5926214224523,72,0,0
tx,78,87,1,1,1787954349140059450,1787954349108225543,5926224867634,5926224878523,72,0,0
tx,78,97,1,1,1787954349150727506,1787954349108225543,5926235535689,5926235550152,72,0,0
tx,78,106,1,1,1787954349160351506,1787954349108225543,5926245159689,5926245173282,72,0,0
tx,78,116,1,1,1787954349171015543,1787954349108225543,5926255823763,5926255838300,72,0,0
tx,78,126,1,1,1787954349181675246,1787954349108225543,5926266483504,5926266494448,72,0,0
tx,78,135,1,1,1787954349191266487,1787954349108225543,5926276074708,5926276086097,72,0,0
tx,78,145,1,1,1787954349201925635,1787954349108225543,5926286733819,5926286744819,72,0,0
rx,79,79,1,1,1787954349204068320,1787954349203761413,5926288876393,0,0,0,0
rx,80,80,1,1,1787954349205137246,1787954349204865117,5926289945319,0,0,0,0
rx,81,81,1,1,1787954349206205339,1787954349205980413,5926291013411,0,0,0,0
rx,82,82,1,1,1787954349207273802,1787954349207100617,5926292081874,0,0,0,0
rx,83,83,1,1,1787954349208342617,1787954349208240357,5926293150671,0,0,0,0
rx,84,84,1,1,1787954349209411191,1787954349209347432,5926294219245,0,0,0,0
rx,85,85,1,1,1787954349210481339,1787954349210463154,5926295289411,0,0,0,0
tx,85,154,1,1,1787954349211550413,1787954349210463154,5926296358652,5926296372819,72,0,0
tx,85,163,1,1,1787954349221188432,1787954349210463154,5926305996615,5926306007763,72,0,0
tx,85,173,1,1,1787954349231848913,1787954349210463154,5926316657097,5926316671874,72,0,0
tx,85,182,1,1,1787954349241446302,1787954349210463154,5926326254485,5926326265837,72,0,0
tx,85,191,1,1,1787954349251053376,1787954349210463154,5926335861560,5926335876208,72,0,0
tx,85,0,1,1,1787954349261711969,1787954349210463154,5926346520152,5926346531059,72,0,0
tx,85,9,1,1,1787954349271302839,1787954349210463154,5926356111022,5926356121689,72,0,0
tx,85,19,1,1,1787954349281964580,1787954349210463154,5926366772763,5926366786782,72,0,0
tx,85,28,1,1,1787954349291560043,1787954349210463154,5926376368226,5926376379708,72,0,0
tx,85,37,1,1,1787954349301152506,1787954349210463154,5926385960689,5926385971930,72,0,0
rx,86,86,1,1,1787954349306490598,1787954349306216339,5926391298652,0,0,0,0
rx,87,87,1,1,1787954349307559672,1787954349307341487,5926392367745,0,0,0,0
rx,88,88,1,1,1787954349308628024,1787954349308477635,5926393436097,0,0,0,0
rx,89,89,1,1,1787954349309695950,1787954349309589413,5926394504022,0,0,0,0
rx,90,90,1,1,1787954349310764080,1787954349310709302,5926395572152,0,0,0,0
tx,90,47,1,1,1787954349311832172,1787954349310709302,5926396640411,5926396655337,72,0,0
rx,91,91,1,1,1787954349312954746,1787954349311831728,5926397762819,0,0,0,0
rx,92,92,1,1,1787954349314023283,1787954349312965580,5926398831356,0,0,0,0
tx,92,56,1,1,1787954349321482172,1787954349312965580,5926406290393,5926406305430,72,0,0
tx,92,65,1,1,1787954349331110765,1787954349312965580,5926415919004,5926415931726,72,0,0
tx,92,75,1,1,1787954349341768987,1787954349312965580,5926426577171,5926426588300,72,0,0
tx,92,84,1,1,1787954349351376246,1787954349312965580,5926436184522,5926436198948,72,0,0
tx,92,94,1,1,1787954349362036876,1787954349312965580,5926446845059,5926446856263,72,0,0
tx,92,104,1,1,1787954349372694839,1787954349312965580,5926457503078,5926457518004,72,0,0
tx,92,113,1,1,1787954349382288820,1787954349312965580,5926467097004,5926467107745,72,0,0
tx,92,123,1,1,1787954349392944968,1787954349312965580,5926477753152,5926477764763,72,0,0
tx,92,132,1,1,1787954349402538913,1787954349312965580,5926487347096,5926487357911,72,0,0
rx,93,93,1,1,1787954349408938987,1787954349408660117,5926493747041,0,0,0,0
rx,94,94,1,1,1787954349410009783,1787954349409763394,5926494817856,0,0,0,0
rx,95,95,1,1,1787954349411080617,1787954349410880394,5926495888689,0,0,0,0
rx,96,96,1,1,1787954349412148913,1787954349411995839,5926496956985,0,0,0,0
tx,96,141,1,1,1787954349412152228,1787954349411995839,5926496960411,5926496974078,72,0,0
rx,97,97,1,1,1787954349413272802,1787954349413115061,5926498080874,0,0,0,0
rx,98,98,1,1,1787954349414340839,1787954349414233080,5926499148911,0,0,0,0
rx,99,99,1,1,1787954349415409357,1787954349415366376,5926500217430,0,0,0,0
tx,99,151,1,1,1787954349422870524,1787954349415366376,5926507678763,5926507695967,72,0,0
tx,99,160,1,1,1787954349432499802,1787954349415366376,5926517308041,5926517320856,72,0,0
tx,99,169,1,1,1787954349442096654,1787954349415366376,5926526904893,5926526916689,72,0,0
tx,99,179,1,1,1787954349452768394,1787954349415366376,5926537576578,5926537590745,72,0,0
tx,99,188,1,1,1787954349462363246,1787954349415366376,5926547171430,5926547182078,72,0,0
tx,99,198,1,1,1787954349473021913,1787954349415366376,5926557830096,5926557844745,72,0,0
tx,99,7,1,1,1787954349483685357,1787954349415366376,5926568493596,5926568504930,72,0,0
tx,99,16,1,1,1787954349493277505,1787954349415366376,5926578085745,5926578097189,72,0,0
tx,99,26,1,1,1787954349503933154,1787954349415366376,5926588741356,5926588752467,72,0,0
rx,100,100,1,1,1787954349511397635,1787954349510978542,5926596205707,0,0,0,0
rx,101,101,1,1,1787954349512466968,1787954349512083579,5926597275041,0,0,0,0
rx,102,102,1,1,1787954349513535283,1787954349513197431,5926598343356,0,0,0,0
tx,102,35,1,1,1787954349513538876,1787954349513197431,5926598347059,5926598359948,72,0,0
rx,103,103,1,1,1787954349514655968,1787954349514323431,5926599464041,0,0,0,0
rx,104,104,1,1,1787954349515726857,1787954349515445394,5926600534911,0,0,0,0
rx,105,105,1,1,1787954349516795061,1787954349516560172,5926601603133,0,0,0,0
tx,105,44,1,1,1787954349523188505,1787954349516560172,5926607996689,5926608031800,72,0,0
tx,105,54,1,1,1787954349533918228,1787954349516560172,5926618726467,5926618738652,72,0,0
tx,105,63,1,1,1787954349543521876,1787954349516560172,5926628330059,5926628346004,72,0,0
tx,105,72,1,1,1787954349553123061,1787954349516560172,5926637931226,5926637942522,72,0,0
tx,105,82,1,1,1787954349563779302,1787954349516560172,5926648587485,5926648598689,72,0,0
tx,105,91,1,1,1787954349573373820,1787954349516560172,5926658182078,5926658195911,72,0,0
tx,105,101,1,1,1787954349584031209,1787954349516560172,5926668839393,5926668850633,72,0,0
tx,105,111,1,1,1787954349594688005,1787954349516560172,5926679496189,5926679507893,72,0,0
tx,105,120,1,1,1787954349604281654,1787954349516560172,5926689089837,5926689101374,72,0,0
rx,106,106,1,1,1787954349613874413,1787954349613595154,5926698682485,0,0,0,0
rx,107,107,1,1,1787954349614943894,1787954349614700691,5926699751967,0,0,0,0
tx,107,130,1,1,1787954349614947413,1787954349614700691,5926699755670,5926699769893,72,0,0
rx,108,108,1,1,1787954349616068450,1787954349615855135,5926700876522,0,0,0,0
rx,109,109,1,1,1787954349617136802,1787954349616970931,5926701944874,0,0,0,0
rx,110,110,1,1,1787954349618205302,1787954349618089598,5926703013374,0,0,0,0
rx,111,111,1,1,1787954349619274005,1787954349619214783,5926704082078,0,0,0,0
rx,112,112,1,1,1787954349621414820,1787954349620356246,5926706222893,0,0,0,0
tx,112,139,1,1,1787954349624611635,1787954349620356246,5926709419819,5926709437393,72,0,0
tx,112,148,1,1,1787954349634258413,1787954349620356246,5926719066596,5926719078078,72,0,0
tx,112,158,1,1,1787954349645011209,1787954349620356246,5926729819393,5926729836430,72,0,0
tx,112,168,1,1,1787954349655704098,1787954349620356246,5926740512281,5926740524763,72,0,0
tx,112,177,1,1,1787954349665308894,1787954349620356246,5926750117078,5926750129133,72,0,0
tx,112,187,1,1,1787954349675994024,1787954349620356246,5926760802263,5926760818004,72,0,0
tx,112,196,1,1,1787954349685614691,1787954349620356246,5926770422874,5926770434985,72,0,0
tx,112,4,1,1,1787954349695215246,1787954349620356246,5926780023430,5926780036670,72,0,0
tx,112,14,1,1,1787954349705886598,1787954349620356246,5926790694781,5926790707059,72,0,0
tx,112,23,1,1,1787954349715474635,1787954349620356246,5926800282818,5926800294818,72,0,0
rx,113,113,1,1,1787954349716573876,1787954349715789116,5926801381948,0,0,0,0
rx,114,114,1,1,1787954349717630153,1787954349716904839,5926802438226,0,0,0,0
rx,115,115,1,1,1787954349718706265,1787954349718002616,5926803514337,0,0,0,0
rx,116,116,1,1,1787954349719779468,1787954349719117320,5926804587541,0,0,0,0
rx,117,117,1,1,1787954349720852376,1787954349720246320,5926805660448,0,0,0,0
rx,118,118,1,1,1787954349721923950,1787954349721362857,5926806732022,0,0,0,0
rx,119,119,1,1,1787954349722997987,1787954349722481357,5926807806059,0,0,0,0
tx,119,32,1,1,1787954349725144987,1787954349722481357,5926809953226,5926809971430,72,0,0
tx,119,42,1,1,1787954349735864042,1787954349722481357,5926820672226,5926820685244,72,0,0
tx,119,51,1,1,1787954349745435376,1787954349722481357,5926830243559,5926830259207,72,0,0
tx,119,60,1,1,1787954349755042524,1787954349722481357,5926839850707,5926839863355,72,0,0
tx,119,70,1,1,1787954349765724672,1787954349722481357,5926850532911,5926850550300,72,0,0
tx,119,79,1,1,1787954349775430746,1787954349722481357,5926860238985,5926860251615,72,0,0
tx,119,88,1,1,1787954349785037302,1787954349722481357,5926869845485,5926869857281,72,0,0
tx,119,98,1,1,1787954349795777376,1787954349722481357,5926880585559,5926880601355,72,0,0
tx,119,107,1,1,1787954349805353579,1787954349722481357,5926890161763,5926890173893,72,0,0
tx,119,117,1,1,1787954349816036487,1787954349722481357,5926900844670,5926900856707,72,0,0
rx,120,120,1,1,1787954349819221931,1787954349818181579,5926904030004,0,0,0,0
rx,121,121,1,1,1787954349820306468,1787954349819305172,5926905114541,0,0,0,0
rx,122,122,1,1,1787954349821395172,1787954349820435339,5926906203226,0,0,0,0
rx,123,123,1,1,1787954349822473135,1787954349821604987,5926907281189,0,0,0,0
rx,124,124,1,1,1787954349823545987,1787954349822671653,5926908354059,0,0,0,0
rx,125,125,1,1,1787954349824620468,1787954349823792450,5926909428541,0,0,0,0
rx,126,126,1,1,1787954349825694468,1787954349824908505,5926910502541,0,0,0,0
tx,126,127,1,1,1787954349826763153,1787954349824908505,5926911571430,5926911594300,72,0,0
tx,126,136,1,1,1787954349836426802,1787954349824908505,5926921234985,5926921248596,72,0,0
tx,126,145,1,1,1787954349846043653,1787954349824908505,5926930851855,5926930867892,72,0,0
tx,126,155,1,1,1787954349856723153,1787954349824908505,5926941531337,5926941555615,72,0,0
tx,126,164,1,1,1787954349866355672,1787954349824908505,5926951163911,5926951182800,72,0,0
tx,126,174,1,1,1787954349877049153,1787954349824908505,5926961857374,5926961874355,72,0,0
tx,126,184,1,1,1787954349887744431,1787954349824908505,5926972552707,5926972565226,72,0,0
tx,126,193,1,1,1787954349897347968,1787954349824908505,5926982156152,5926982170337,72,0,0
tx,126,2,1,1,1787954349908021209,1787954349824908505,5926992829392,5926992842226,72,0,0
tx,126,12,1,1,1787954349918690505,1787954349824908505,5927003498763,5927003515244,72,0,0
rx,127,127,1,1,1787954349920851857,1787954349920573672,5927005659929,0,0,0,0
rx,128,128,1,1,1787954349922010320,1787954349921959801,5927006818392,0,0,0,0
rx,129,129,1,0,1787954349924184505,1787954349923082727,5927008992578,0,0,0,0
rx,130,130,1,1,1787954349924188227,1787954349923944339,5927008996300,0,0,0,0
rx,131,131,1,1,1787954349925285931,1787954349925054079,5927010094004,0,0,0,0
rx,132,132,1,1,1787954349926363839,1787954349926169227,5927011171911,0,0,0,0
rx,133,133,1,1,1787954349927436913,1787954349927286672,5927012244985,0,0,0,0
tx,133,21,1,1,1787954349928506227,1787954349927286672,5927013314411,5927013336800,72,0,0
tx,133,30,1,1,1787954349938172190,1787954349927286672,5927022980374,5927022994707,72,0,0
tx,133,40,1,1,1787954349948814061,1787954349927286672,5927033622244,5927033638559,72,0,0
tx,133,49,1,1,1787954349958443487,1787954349927286672,5927043251670,5927043264300,72,0,0
tx,133,58,1,1,1787954349968064227,1787954349927286672,5927052872485,5927052890337,72,0,0
tx,133,68,1,1,1787954349978816376,1787954349927286672,5927063624633,5927063637948,72,0,0
tx,133,77,1,1,1787954349988393098,1787954349927286672,5927073201281,5927073214115,72,0,0
tx,133,86,1,1,1787954349998018135,1787954349927286672,5927082826318,5927082840170,72,0,0
tx,133,96,1,1,1787954350008664894,1787954349927286672,5927093473078,5927093485059,72,0,0
tx,133,105,1,1,1787954350018277431,1787954349927286672,5927103085689,5927103103429,72,0,0
rx,134,134,1,1,1787954350023634727,1787954350022979524,5927108442800,0,0,0,0
rx,135,135,1,1,1787954350024709468,1787954350024078338,5927109517541,0,0,0,0
rx,136,136,1,1,1787954350025782283,1787954350025189227,5927110590355,0,0,0,0
rx,137,137,1,1,1787954350026856764,1787954350026309598,5927111664837,0,0,0,0
rx,138,138,1,1,1787954350027932505,1787954350027437283,5927112740578,0,0,0,0
rx,139,139,1,1,1787954350029007098,1787954350028553987,5927113815170,0,0,0,0
tx,139,115,1,1,1787954350029010968,1787954350028553987,5927113819226,5927113837133,72,0,0
rx,140,140,1,1,1787954350030141468,1787954350029676913,5927114949541,0,0,0,0
tx,140,124,1,1,1787954350038683709,1787954350029676913,5927123491948,5927123507115,72,0,0
tx,140,133,1,1,1787954350048291820,1787954350029676913,5927133100003,5927133114207,72,0,0
tx,140,143,1,1,1787954350058961246,1787954350029676913,5927143769429,5927143781763,72,0,0
tx,140,152,1,1,1787954350068546579,1787954350029676913,5927153354763,5927153366763,72,0,0
tx,140,161,1,1,1787954350078171487,1787954350029676913,5927162979744,5927162995670,72,0,0
tx,140,171,1,1,1787954350088819209,1787954350029676913,5927173627392,5927173639559,72,0,0
tx,140,180,1,1,1787954350098480987,1787954350029676913,5927183289207,5927183302337,72,0,0
tx,140,189,1,1,1787954350108084190,1787954350029676913,5927192892374,5927192904485,72,0,0
tx,140,199,1,1,1787954350118769487,1787954350029676913,5927203577707,5927203593485,72,0,0
rx,141,141,1,1,1787954350126253024,1787954350125461542,5927211061096,0,0,0,0
rx,142,142,1,1,1787954350127329635,1787954350126546524,5927212137707,0,0,0,0
rx,143,143,1,1,1787954350128407116,1787954350127667449,5927213215189,0,0,0,0
tx,143,7,1,1,1787954350128411079,1787954350127667449,5927213219318,5927213238929,72,0,0
rx,144,144,1,1,1787954350129545172,1787954350128778264,5927214353226,0,0,0,0
rx,145,145,1,1,1787954350130617338,1787954350129894264,5927215425392,0,0,0,0
rx,146,146,1,1,1787954350131689542,1787954350131012468,5927216497615,0,0,0,0
tx,146,16,1,1,1787954350138089394,1787954350131012468,5927222897744,5927222912577,72,0,0
tx,146,26,1,1,1787954350148818320,1787954350131012468,5927233626670,5927233643540,72,0,0
tx,146,35,1,1,1787954350158401153,1787954350131012468,5927243209337,5927243222318,72,0,0
tx,146,45,1,1,1787954350169049357,1787954350131012468,5927253857577,5927253875948,72,0,0
tx,146,55,1,1,1787954350179729653,1787954350131012468,5927264537892,5927264550670,72,0,0
tx,146,64,1,1,1787954350189307672,1787954350131012468,5927274115855,5927274128040,72,0,0
tx,146,74,1,1,1787954350199991431,1787954350131012468,5927284799670,5927284813448,72,0,0
tx,146,83,1,1,1787954350209589875,1787954350131012468,5927294398059,5927294410281,72,0,0
tx,146,92,1,1,1787954350219268449,1787954350131012468,5927304076707,5927304093170,72,0,0
rx,147,147,1,1,1787954350228001838,1787954350227783986,5927312809911,0,0,0,0
rx,148,148,1,1,1787954350229077227,1787954350228924875,5927313885300,0,0,0,0
tx,148,101,1,1,1787954350229080986,1787954350228924875,5927313889226,5927313905874,72,0,0
rx,149,149,1,1,1787954350230206042,1787954350230042986,5927315014114,0,0,0,0
rx,151,151,1,1,1787954350232393635,1787954350232283227,5927317201707,0,0,0,0
rx,152,152,1,1,1787954350233466246,1787954350233395579,5927318274318,0,0,0,0
rx,153,153,1,1,1787954350234539209,1787954350234513375,5927319347263,0,0,0,0
tx,153,111,1,1,1787954350239881061,1787954350234513375,5927324689318,5927324705559,72,0,0
tx,153,120,1,1,1787954350249522116,1787954350234513375,5927334330300,5927334343503,72,0,0
tx,153,129,1,1,1787954350259122375,1787954350234513375,5927343930559,5927343942651,72,0,0
tx,153,139,1,1,1787954350269795635,1787954350234513375,5927354603892,5927354621837,72,0,0
tx,153,148,1,1,1787954350279419246,1787954350234513375,5927364227503,5927364240837,72,0,0
tx,153,157,1,1,1787954350289034005,1787954350234513375,5927373842244,5927373854781,72,0,0
tx,153,167,1,1,1787954350299681690,1787954350234513375,5927384489948,5927384502966,72,0,0
tx,153,176,1,1,1787954350309289375,1787954350234513375,5927394097559,5927394109522,72,0,0
tx,153,186,1,1,1787954350319954560,1787954350234513375,5927404762837,5927404778170,72,0,0
tx,153,195,1,1,1787954350329561486,1787954350234513375,5927414369670,5927414381744,72,0,0
rx,154,154,1,1,1787954350330646283,1787954350330182172,5927415454355,0,0,0,0
rx,155,155,1,1,1787954350331739357,1787954350331306468,5927416547429,0,0,0,0
rx,156,156,1,1,1787954350332813135,1787954350332445560,5927417621188,0,0,0,0
tx,156,3,1,1,1787954350339169264,1787954350332445560,5927423977540,5927423993651,72,0,0
tx,156,13,1,1,1787954350349914449,1787954350332445560,5927434722726,5927434740337,72,0,0
tx,156,22,1,1,1787954350359522412,1787954350332445560,5927444330596,5927444343485,72,0,0
tx,156,31,1,1,1787954350369135375,1787954350332445560,5927453943559,5927453960911,72,0,0
tx,156,41,1,1,1787954350379807301,1787954350332445560,5927464615485,5927464628688,72,0,0
tx,156,50,1,1,1787954350389420764,1787954350332445560,5927474228948,5927474241225,72,0,0
tx,156,59,1,1,1787954350399029486,1787954350332445560,5927483837670,5927483850651,72,0,0
tx,156,69,1,1,1787954350409734579,1787954350332445560,5927494542763,5927494555874,72,0,0
tx,156,78,1,1,1787954350419354542,1787954350332445560,5927504162781,5927504178485,72,0,0
tx,156,88,1,1,1787954350430024801,1787954350332445560,5927514832985,5927514845133,72,0,0
rx,158,158,1,1,1787954350433243301,1787954350432592227,5927518051355,0,0,0,0
rx,159,159,1,1,1787954350434318523,1787954350433701783,5927519126596,0,0,0,0
rx,160,160,1,1,1787954350435392542,1787954350434817338,5927520200614,0,0,0,0
rx,161,161,1,1,1787954350436464690,1787954350435935560,5927521272763,0,0,0,0
rx,162,162,1,1,1787954350437538505,1787954350437052116,5927522346577,0,0,0,0
rx,163,163,1,1,1787954350438611672,1787954350438171523,5927523419744,0,0,0,0
rx,164,164,1,1,1787954350439689431,1787954350439305116,5927524497503,0,0,0,0
rx,165,165,1,1,1787954350440765005,1787954350440417060,5927525573077,0,0,0,0
tx,165,98,1,1,1787954350440770949,1787954350440417060,5927525579188,5927525597466,72,0,0
rx,166,166,1,1,1787954350441899949,1787954350441540616,5927526708003,0,0,0,0
rx,167,167,1,1,1787954350442974727,1787954350442655412,5927527782800,0,0,0,0
tx,167,107,1,1,1787954350450429468,1787954350442655412,5927535237725,5927535254855,72,0,0
tx,167,116,1,1,1787954350460074653,1787954350442655412,5927544882837,5927544895225,72,0,0
tx,167,126,1,1,1787954350470752894,1787954350442655412,5927555561133,5927555578355,72,0,0
tx,167,135,1,1,1787954350480363042,1787954350442655412,5927565171225,5927565184114,72,0,0
tx,167,145,1,1,1787954350491045449,1787954350442655412,5927575853707,5927575865929,72,0,0
tx,167,155,1,1,1787954350501718209,1787954350442655412,5927586526392,5927586539170,72,0,0
tx,167,164,1,1,1787954350511318486,1787954350442655412,5927596126670,5927596139448,72,0,0
tx,167,174,1,1,1787954350522004783,1787954350442655412,5927606813022,5927606828577,72,0,0
tx,167,184,1,1,1787954350532678746,1787954350442655412,5927617486929,5927617499559,72,0,0
rx,168,168,1,1,1787954350535898357,1787954350534987560,5927620706429,0,0,0,0
rx,169,169,1,1,1787954350537056264,1787954350536098116,5927621864337,0,0,0,0
rx,170,170,1,1,1787954350538132690,1787954350537225597,5927622940762,0,0,0,0
rx,171,171,1,1,1787954350539218060,1787954350538328394,5927624026133,0,0,0,0
rx,172,172,1,1,1787954350540292875,1787954350539453005,5927625100948,0,0,0,0
rx,173,173,1,1,1787954350541364394,1787954350540568357,5927626172448,0,0,0,0
rx,174,174,1,1,1787954350542435894,1787954350541688190,5927627243948,0,0,0,0
tx,174,193,1,1,1787954350542439560,1787954350541688190,5927627247855,5927627265614,72,0,0
tx,174,1,1,1,1787954350552096968,1787954350541688190,5927636905207,5927636921207,72,0,0
tx,174,11,1,1,1787954350562784134,1787954350541688190,5927647592374,5927647609855,72,0,0
tx,174,20,1,1,1787954350572445412,1787954350541688190,5927657253596,5927657267133,72,0,0
tx,174,29,1,1,1787954350582054986,1787954350541688190,5927666863170,5927666875485,72,0,0
tx,174,39,1,1,1787954350592771431,1787954350541688190,5927677579670,5927677592170,72,0,0
tx,174,48,1,1,1787954350602386986,1787954350541688190,5927687195244,5927687208559,72,0,0
tx,174,58,1,1,1787954350613057208,1787954350541688190,5927697865392,5927697877540,72,0,0
tx,174,68,1,1,1787954350623751246,1787954350541688190,5927708559485,5927708576577,72,0,0
tx,174,77,1,1,1787954350633342301,1787954350541688190,5927718150503,5927718162855,72,0,0
rx,175,175,1,1,1787954350637684690,1787954350637479523,5927722492762,0,0,0,0
rx,176,176,1,1,1787954350638758153,1787954350638584653,5927723566207,0,0,0,0
rx,178,178,1,1,1787954350640930968,1787954350640826690,5927725739022,0,0,0,0
rx,179,179,1,1,1787954350642006283,1787954350641941912,5927726814355,0,0,0,0
rx,180,180,1,1,1787954350643086245,1787954350643065190,5927727894299,0,0,0,0
tx,180,86,1,1,1787954350643089857,1787954350643065190,5927727898096,5927727914744,72,0,0
rx,181,181,1,1,1787954350644283338,1787954350644185875,5927729091411,0,0,0,0
tx,181,96,1,1,1787954350653886134,1787954350644185875,5927738694411,5927738712022,72,0,0
tx,181,105,1,1,1787954350663551023,1787954350644185875,5927748359207,5927748371855,72,0,0
tx,181,114,1,1,1787954350673165690,1787954350644185875,5927757973948,5927757991003,72,0,0
tx,181,124,1,1,1787954350683844171,1787954350644185875,5927768652355,5927768664948,72,0,0
tx,181,133,1,1,1787954350693450320,1787954350644185875,5927778258503,5927778270670,72,0,0
tx,181,142,1,1,1787954350703061616,1787954350644185875,5927787869799,5927787882448,72,0,0
tx,181,152,1,1,1787954350713740412,1787954350644185875,5927798548596,5927798561244,72,0,0
tx,181,161,1,1,1787954350723360116,1787954350644185875,5927808168373,5927808183577,72,0,0
tx,181,171,1,1,1787954350734047171,1787954350644185875,5927818855355,5927818867688,72,0,0
rx,184,184,1,1,1787954350742590134,1787954350742056690,5927827398207,0,0,0,0
rx,186,186,1,1,1787954350744730338,1787954350744286523,5927829538410,0,0,0,0
tx,186,181,1,1,1787954350744734394,1787954350744286523,5927829542670,5927829560910,72,0,0
rx,187,187,1,1,1787954350745864042,1787954350745422745,5927830672114,0,0,0,0
tx,187,190,1,1,1787954350754426190,1787954350745422745,5927839234373,5927839250577,72,0,0
tx,187,199,1,1,1787954350764075153,1787954350745422745,5927848883392,5927848901577,72,0,0
tx,187,8,1,1,1787954350774759579,1787954350745422745,5927859567836,5927859580410,72,0,0
tx,187,17,1,1,1787954350784362782,1787954350745422745,5927869170966,5927869183244,72,0,0
tx,187,27,1,1,1787954350795047894,1787954350745422745,5927879856077,5927879869077,72,0,0
tx,187,37,1,1,1787954350805715801,1787954350745422745,5927890523985,5927890535929,72,0,0
tx,187,46,1,1,1787954350815335079,1787954350745422745,5927900143318,5927900159855,72,0,0
tx,187,56,1,1,1787954350826011005,1787954350745422745,5927910819188,5927910832503,72,0,0
tx,187,66,1,1,1787954350836675986,1787954350745422745,5927921484170,5927921496225,72,0,0
rx,188,188,1,1,1787954350843088005,1787954350842240838,5927927896077,0,0,0,0
rx,189,189,1,1,1787954350844164282,1787954350843380097,5927928972336,0,0,0,0
rx,190,190,1,1,1787954350845238523,1787954350844487116,5927930046596,0,0,0,0
rx,191,191,1,1,1787954350846332134,1787954350845636060,5927931140151,0,0,0,0
tx,191,75,1,1,1787954350846340542,1787954350845636060,5927931149022,5927931186910,72,0,0
rx,192,192,1,1,1787954350847542097,1787954350846832968,5927932350096,0,0,0,0
rx,193,193,1,1,1787954350848645190,1787954350847952745,5927933453207,0,0,0,0
rx,194,194,1,1,1787954350849743116,1787954350849062468,5927934551114,0,0,0,0
tx,194,84,1,1,1787954350856256634,1787954350849062468,5927941064929,5927941098966,72,0,0
tx,194,93,1,1,1787954350866369097,1787954350849062468,5927951177355,5927951222966,72,0,0
tx,194,102,1,1,1787954350876378171,1787954350849062468,5927961186633,5927961216744,72,0,0
tx,194,111,1,1,1787954350886140968,1787954350849062468,5927970949207,5927970972984,72,0,0
tx,194,121,1,1,1787954350896974116,1787954350849062468,5927981782373,5927981806281,72,0,0
tx,194,130,1,1,1787954350906727208,1787954350849062468,5927991535466,5927991558410,72,0,0
tx,194,139,1,1,1787954350916514005,1787954350849062468,5928001322262,5928001354484,72,0,0
tx,194,148,1,1,1787954350926258801,1787954350849062468,5928011067059,5928011093096,72,0,0
tx,194,158,1,1,1787954350937061190,1787954350849062468,5928021869447,5928021892910,72,0,0
rx,195,195,1,1,1787954350945697523,1787954350944785227,5928030505503,0,0,0,0
rx,196,196,1,1,1787954350946806116,1787954350945900430,5928031614133,0,0,0,0
rx,197,197,1,1,1787954350947899690,1787954350947055856,5928032707688,0,0,0,0
tx,197,168,1,1,1787954350947911782,1787954350947055856,5928032720040,5928032755077,72,0,0
rx,198,198,1,1,1787954350949105764,1787954350948138190,5928033913762,0,0,0,0
rx,199,199,1,1,1787954350950191782,1787954350949245727,5928034999762,0,0,0,0
rx,200,200,1,1,1787954350951285134,1787954350950361375,5928036093133,0,0,0,0
rx,201,0,1,1,1787954350952374949,1787954350951488486,5928037182929,0,0,0,0
tx,201,177,1,1,1787954350957794171,1787954350951488486,5928042602410,5928042630633,72,0,0
tx,201,186,1,1,1787954350967608671,1787954350951488486,5928052416910,5928052447577,72,0,0
tx,201,195,1,1,1787954350977376301,1787954350951488486,5928062184540,5928062209058,72,0,0
tx,201,3,1,1,1787954350987130245,1787954350951488486,5928071938503,5928071963151,72,0,0
tx,201,13,1,1,1787954350997970282,1787954350951488486,5928082778540,5928082803633,72,0,0
tx,201,22,1,1,1787954351007726171,1787954350951488486,5928092534429,5928092557281,72,0,0
tx,201,31,1,1,1787954351017482042,1787954350951488486,5928102290299,5928102317133,72,0,0
tx,201,40,1,1,1787954351027241171,1787954350951488486,5928112049429,5928112074651,72,0,0
tx,201,50,1,1,1787954351038080171,1787954350951488486,5928122888410,5928122912447,72,0,0
rx,202,1,1,1,1787954351047892986,1787954351047139023,5928132700984,0,0,0,0
rx,203,2,1,1,1787954351048983005,1787954351048264245,5928133790984,0,0,0,0
tx,203,60,1,1,1787954351048990134,1787954351048264245,5928133798392,5928133832799,72,0,0
rx,204,3,1,1,1787954351050179393,1787954351049394467,5928134987392,0,0,0,0
rx,205,4,1,1,1787954351051272097,1787954351050493449,5928136080077,0,0,0,0
rx,206,5,1,1,1787954351052363356,1787954351051679745,5928137171336,0,0,0,0
rx,207,6,1,1,1787954351053456505,1787954351052742560,5928138264503,0,0,0,0
rx,208,7,1,1,1787954351054545023,1787954351053858727,5928139353003,0,0,0,0
tx,208,69,1,1,1787954351058872856,1787954351053858727,5928143681114,5928143708873,72,0,0
tx,208,78,1,1,1787954351068692616,1787954351053858727,5928153500984,5928153529688,72,0,0
tx,208,87,1,1,1787954351078486412,1787954351053858727,5928163294910,5928163320188,72,0,0
tx,208,96,1,1,1787954351088240782,1787954351053858727,5928173049040,5928173072077,72,0,0
tx,208,106,1,1,1787954351099074042,1787954351053858727,5928183882299,5928183906410,72,0,0
tx,208,116,1,1,1787954351109917893,1787954351053858727,5928194726151,5928194754021,72,0,0
tx,208,125,1,1,1787954351119675134,1787954351053858727,5928204483392,5928204507651,72,0,0
tx,208,134,1,1,1787954351129426764,1787954351053858727,5928214235003,5928214258225,72,0,0
tx,208,143,1,1,1787954351139220486,1787954351053858727,5928224028725,5928224053225,72,0,0
tx,208,152,1,1,1787954351149033912,1787954351053858727,5928233842262,5928233871818,72,0,0
rx,209,8,1,1,1787954351150147727,1787954351149547764,5928234955744,0,0,0,0
rx,210,9,1,1,1787954351151237153,1787954351150652486,5928236045151,0,0,0,0
rx,211,10,1,1,1787954351152325486,1787954351151768634,5928237133484,0,0,0,0
rx,212,11,1,1,1787954351153413486,1787954351152881838,5928238221484,0,0,0,0
rx,213,12,1,1,1787954351154501041,1787954351154001375,5928239309040,0,0,0,0
rx,214,13,1,1,1787954351155590079,1787954351155120301,5928240398095,0,0,0,0
rx,215,14,1,1,1787954351156679301,1787954351156295134,5928241487318,0,0,0,0
tx,215,162,1,1,1787954351159950171,1787954351156295134,5928244758429,5928244793188,72,0,0
tx,215,171,1,1,1787954351169788801,1787954351156295134,5928254597058,5928254621873,72,0,0
tx,215,180,1,1,1787954351179545190,1787954351156295134,5928264353447,5928264376669,72,0,0
tx,215,189,1,1,1787954351189300930,1787954351156295134,5928274109188,5928274132781,72,0,0
tx,215,198,1,1,1787954351199052893,1787954351156295134,5928283861169,5928283884855,72,0,0
tx,215,7,1,1,1787954351209883412,1787954351156295134,5928294691651,5928294714632,72,0,0
tx,215,16,1,1,1787954351219640967,1787954351156295134,5928304449225,5928304477632,72,0,0
tx,215,25,1,1,1787954351229405004,1787954351156295134,5928314213262,5928314236873,72,0,0
tx,215,34,1,1,1787954351239155541,1787954351156295134,5928323963799,5928323986688,72,0,0
tx,215,44,1,1,1787954351250009560,1787954351156295134,5928334817818,5928334849058,72,0,0
rx,216,15,1,1,1787954351252208708,1787954351251929912,5928337016725,0,0,0,0
rx,217,16,1,1,1787954351253300319,1787954351253052523,5928338108318,0,0,0,0
rx,218,17,1,1,1787954351254389560,1787954351254134375,5928339197577,0,0,0,0
rx,219,18,1,1,1787954351255482523,1787954351255259301,5928340290540,0,0,0,0
rx,220,19,1,1,1787954351256570412,1787954351256363375,5928341378410,0,0,0,0
rx,221,20,1,1,1787954351257658301,1787954351257481653,5928342466318,0,0,0,0
rx,222,21,1,1,1787954351258746393,1787954351258598671,5928343554392,0,0,0,0
tx,222,53,1,1,1787954351259834523,1787954351258598671,5928344642781,5928344670669,72,0,0
tx,222,62,1,1,1787954351269668541,1787954351258598671,5928354476818,5928354505521,72,0,0
tx,222,71,1,1,1787954351279426282,1787954351258598671,5928364234521,5928364258373,72,0,0
tx,222,80,1,1,1787954351289179041,1787954351258598671,5928373987299,5928374010373,72,0,0
tx,222,90,1,1,1787954351300009801,1787954351258598671,5928384818040,5928384841577,72,0,0
tx,222,100,1,1,1787954351310848023,1787954351258598671,5928395656299,5928395682169,72,0,0
tx,222,109,1,1,1787954351320638652,1787954351258598671,5928405446910,5928405473151,72,0,0
tx,222,118,1,1,1787954351330394282,1787954351258598671,5928415202521,5928415225392,72,0,0
tx,222,127,1,1,1787954351340145560,1787954351258598671,5928424953818,5928424976780,72,0,0
tx,222,137,1,1,1787954351351044171,1787954351258598671,5928435852484,5928435884780,72,0,0
rx,223,22,1,1,1787954351355405967,1787954351354318060,5928440213947,0,0,0,0
rx,224,23,1,1,1787954351356495930,1787954351355436504,5928441303910,0,0,0,0
rx,225,24,1,1,1787954351357585449,1787954351356529060,5928442393429,0,0,0,0
rx,226,25,1,1,1787954351358681152,1787954351357674671,5928443489151,0,0,0,0
rx,227,26,1,0,1787954351360861708,1787954351360148523,5928445669688,0,0,0,0
rx,228,27,1,1,1787954351360867393,1787954351360440930,5928445675373,0,0,0,0
tx,228,147,1,1,1787954351361956393,1787954351360440930,5928446764632,5928446796984,72,0,0
tx,228,156,1,1,1787954351371791171,1787954351360440930,5928456599447,5928456624151,72,0,0
tx,228,165,1,1,1787954351381542838,1787954351360440930,5928466351077,5928466374410,72,0,0
tx,228,174,1,1,1787954351391296967,1787954351360440930,5928476105225,5928476128817,72,0,0
tx,228,183,1,1,1787954351401048875,1787954351360440930,5928485857114,5928485880966,72,0,0
tx,228,193,1,1,1787954351411885912,1787954351360440930,5928496694169,5928496723169,72,0,0
tx,228,1,1,1,1787954351421644745,1787954351360440930,5928506452984,5928506476447,72,0,0
tx,228,10,1,1,1787954351431400078,1787954351360440930,5928516208466,5928516231762,72,0,0
tx,228,19,1,1,1787954351441150893,1787954351360440930,5928525959151,5928525982392,72,0,0
tx,228,29,1,1,1787954351452016930,1787954351360440930,5928536825188,5928536855984,72,0,0
rx,229,28,1,1,1787954351457460597,1787954351456725486,5928542268595,0,0,0,0
rx,230,29,1,1,1787954351458551097,1787954351457823541,5928543359095,0,0,0,0
rx,231,30,1,1,1787954351459639652,1787954351458954004,5928544447632,0,0,0,0
rx,232,31,1,1,1787954351460728356,1787954351460064615,5928545536354,0,0,0,0
rx,233,32,1,1,1787954351461819264,1787954351461178152,5928546627262,0,0,0,0
rx,234,33,1,1,1787954351462910301,1787954351462338745,5928547718299,0,0,0,0
tx,234,39,1,1,1787954351462921171,1787954351462338745,5928547729484,5928547759077,72,0,0
rx,235,34,1,1,1787954351465198134,1787954351465092097,5928550006132,0,0,0,0
tx,235,48,1,1,1787954351472774671,1787954351465092097,5928557582929,5928557612966,72,0,0
tx,235,57,1,1,1787954351482587486,1787954351465092097,5928567395725,5928567420817,72,0,0
tx,235,66,1,1,1787954351492341264,1787954351465092097,5928577149521,5928577173040,72,0,0
tx,235,75,1,1,1787954351502091504,1787954351465092097,5928586899762,5928586923484,72,0,0
tx,235,85,1,1,1787954351512966430,1787954351465092097,5928597774706,5928597803725,72,0,0
tx,235,94,1,1,1787954351522726615,1787954351465092097,5928607534873,5928607559058,72,0,0
tx,235,103,1,1,1787954351532480023,1787954351465092097,5928617288262,5928617311391,72,0,0
tx,235,112,1,1,1787954351542228763,1787954351465092097,5928627037021,5928627060354,72,0,0
tx,235,122,1,1,1787954351553093263,1787954351465092097,5928637901614,5928637930947,72,0,0
rx,236,35,1,1,1787954351559612708,1787954351559345782,5928644420725,0,0,0,0
rx,237,36,1,0,1787954351561800615,1787954351561347023,5928646608632,0,0,0,0
rx,238,37,1,1,1787954351561806171,1787954351561637097,5928646614188,0,0,0,0
rx,239,38,1,1,1787954351562895171,1787954351562705523,5928647703188,0,0,0,0
rx,240,39,1,1,1787954351563984708,1787954351563821208,5928648792688,0,0,0,0
tx,240,132,1,1,1787954351563991763,1787954351563821208,5928648800003,5928648834095,72,0,0
rx,241,40,1,1,1787954351565177949,1787954351564935615,5928649985947,0,0,0,0
rx,242,41,1,1,1787954351566267245,1787954351566059597,5928651075243,0,0,0,0
tx,242,141,1,1,1787954351573845189,1787954351566059597,5928658653428,5928658680503,72,0,0
tx,242,150,1,1,1787954351583675300,1787954351566059597,5928668483558,5928668508077,72,0,0
tx,242,159,1,1,1787954351593426893,1787954351566059597,5928678235132,5928678258540,72,0,0
tx,242,168,1,1,1787954351603178319,1787954351566059597,5928687986595,5928688038873,72,0,0
tx,242,178,1,1,1787954351614046189,1787954351566059597,5928698854669,5928698882614,72,0,0
tx,242,188,1,1,1787954351624888856,1787954351566059597,5928709697114,5928709721577,72,0,0
tx,242,197,1,1,1787954351634640726,1787954351566059597,5928719448965,5928719472540,72,0,0
tx,242,5,1,1,1787954351644394041,1787954351566059597,5928729202280,5928729225391,72,0,0
tx,242,14,1,1,1787954351654170152,1787954351566059597,5928738978428,5928739007132,72,0,0
rx,243,42,1,1,1787954351661775782,1787954351661535078,5928746583762,0,0,0,0
rx,244,43,1,1,1787954351662865949,1787954351662645837,5928747673928,0,0,0,0
rx,245,44,1,1,1787954351663956375,1787954351663815208,5928748764354,0,0,0,0
rx,246,45,1,1,1787954351665047726,1787954351664893967,5928749855706,0,0,0,0
tx,246,24,1,1,1787954351665058819,1787954351664893967,5928749867058,5928749897614,72,0,0
rx,247,46,1,1,1787954351666241560,1787954351666006134,5928751049577,0,0,0,0
rx,248,47,1,1,1787954351667332541,1787954351667120689,5928752140521,0,0,0,0
rx,249,48,1,1,1787954351668422060,1787954351668242319,5928753230077,0,0,0,0
tx,249,34,1,1,1787954351675998634,1787954351668242319,5928760806873,5928760834391,72,0,0
tx,249,43,1,1,1787954351685802356,1787954351668242319,5928770610595,5928770634558,72,0,0
tx,249,52,1,1,1787954351695555874,1787954351668242319,5928780364114,5928780388336,72,0,0
tx,249,61,1,1,1787954351705320652,1787954351668242319,5928790128910,5928790158743,72,0,0
tx,249,70,1,1,1787954351715084171,1787954351668242319,5928799892428,5928799917336,72,0,0
tx,249,80,1,1,1787954351725921097,1787954351668242319,5928810729354,5928810752262,72,0,0
tx,249,89,1,1,1787954351735674782,1787954351668242319,5928820483021,5928820506873,72,0,0
tx,249,98,1,1,1787954351745428893,1787954351668242319,5928830237132,5928830261077,72,0,0
tx,249,107,1,1,1787954351755245097,1787954351668242319,5928840053354,5928840081854,72,0,0
rx,250,49,1,1,1787954351765017986,1787954351763998245,5928849826002,0,0,0,0
tx,250,116,1,1,1787954351765026004,1787954351763998245,5928849834262,5928849869299,72,0,0
rx,251,50,1,1,1787954351766212671,1787954351765130634,5928851020539,0,0,0,0
rx,252,51,1,1,1787954351767303023,1787954351766242782,5928852111039,0,0,0,0
rx,253,52,1,1,1787954351768393819,1787954351767505041,5928853201799,0,0,0,0
rx,254,53,1,1,1787954351769485430,1787954351768631967,5928854293447,0,0,0,0
rx,255,54,1,1,1787954351770579708,1787954351769726986,5928855387725,0,0,0,0
rx,256,55,1,1,1787954351771669245,1787954351770841560,5928856477243,0,0,0,0
tx,256,126,1,1,1787954351775997097,1787954351770841560,5928860805354,5928860834373,72,0,0
tx,256,135,1,1,1787954351785807134,1787954351770841560,5928870615391,5928870639077,72,0,0
tx,256,144,1,1,1787954351795558615,1787954351770841560,5928880366873,5928880390021,72,0,0
tx,256,153,1,1,1787954351805312763,1787954351770841560,5928890121002,5928890144447,72,0,0
tx,256,162,1,1,1787954351815071356,1787954351770841560,5928899879614,5928899907262,72,0,0
tx,256,172,1,1,1787954351825913615,1787954351770841560,5928910721854,5928910745762,72,0,0
tx,256,181,1,1,1787954351835665856,1787954351770841560,5928920474095,5928920496854,72,0,0
tx,256,190,1,1,1787954351845416597,1787954351770841560,5928930224836,5928930247706,72,0,0
tx,256,199,1,1,1787954351855237208,1787954351770841560,5928940045447,5928940075002,72,0,0
tx,256,7,1,1,1787954351865040319,1787954351770841560,5928949848558,5928949883502,72,0,0
rx,257,56,1,1,1787954351867248911,1787954351866415097,5928952056928,0,0,0,0
rx,258,57,1,1,1787954351868338541,1787954351867543319,5928953146521,0,0,0,0
rx,260,59,1,1,1787954351870506634,1787954351869913134,5928955314613,0,0,0,0
rx,261,60,1,1,1787954351871595634,1787954351871067448,5928956403632,0,0,0,0
rx,262,61,1,1,1787954351872683504,1787954351872246800,5928957491502,0,0,0,0
rx,263,62,1,1,1787954351873772837,1787954351873410967,5928958580836,0,0,0,0
tx,263,17,1,1,1787954351875945004,1787954351873410967,5928960753243,5928960780595,72,0,0
tx,263,26,1,1,1787954351885809393,1787954351873410967,5928970617632,5928970642336,72,0,0
tx,263,35,1,1,1787954351895561448,1787954351873410967,5928980369706,5928980393002,72,0,0
tx,263,44,1,1,1787954351905314134,1787954351873410967,5928990122391,5928990146058,72,0,0
tx,263,53,1,1,1787954351915113930,1787954351873410967,5928999922169,5928999953169,72,0,0
tx,263,63,1,1,1787954351925983985,1787954351873410967,5929010792243,5929010819613,72,0,0
tx,263,72,1,1,1787954351935751078,1787954351873410967,5929020559317,5929020585539,72,0,0
tx,263,81,1,1,1787954351945536560,1787954351873410967,5929030344817,5929030370799,72,0,0
tx,263,90,1,1,1787954351955353782,1787954351873410967,5929040162021,5929040195817,72,0,0
tx,263,99,1,1,1787954351965158800,1787954351873410967,5929049967076,5929049994613,72,0,0
rx,264,63,1,1,1787954351969533374,1787954351968793911,5929054341354,0,0,0,0
rx,265,64,1,1,1787954351970626578,1787954351969990615,5929055434558,0,0,0,0
rx,266,65,1,1,1787954351971719226,1787954351971132948,5929056527206,0,0,0,0
rx,267,66,1,1,1787954351972808411,1787954351972280874,5929057616391,0,0,0,0
rx,268,67,1,1,1787954351973906837,1787954351973433874,5929058714854,0,0,0,0
rx,269,68,1,1,1787954351975003393,1787954351974587319,5929059811373,0,0,0,0
tx,269,109,1,1,1787954351976094115,1787954351974587319,5929060902373,5929060932780,72,0,0
tx,269,119,1,1,1787954351987050745,1787954351974587319,5929071859021,5929071886947,72,0,0
tx,269,129,1,1,1787954351997918189,1787954351974587319,5929082726447,5929082752725,72,0,0
tx,269,138,1,1,1787954352007705893,1787954351974587319,5929092514169,5929092546169,72,0,0
tx,269,147,1,1,1787954352017492171,1787954351974587319,5929102300428,5929102326280,72,0,0
tx,269,156,1,1,1787954352027273022,1787954351974587319,5929112081280,5929112107262,72,0,0
tx,269,165,1,1,1787954352037049597,1787954351974587319,5929121857854,5929121882965,72,0,0
tx,269,175,1,1,1787954352047962874,1787954351974587319,5929132771132,5929132801280,72,0,0
tx,269,184,1,1,1787954352057768985,1787954351974587319,5929142577243,5929142603947,72,0,0
tx,269,193,1,1,1787954352067564226,1787954351974587319,5929152372484,5929152402780,72,0,0
rx,270,69,1,1,1787954352071935448,1787954352071148541,5929156743447,0,0,0,0
rx,271,70,1,1,1787954352073025911,1787954352072231800,5929157833910,0,0,0,0
rx,272,71,1,1,1787954352074114356,1787954352073339800,5929158922336,0,0,0,0
rx,273,72,1,1,1787954352075241411,1787954352074513059,5929160049410,0,0,0,0
rx,274,73,1,1,1787954352076338171,1787954352075591745,5929161146169,0,0,0,0
rx,275,74,1,1,1787954352077426671,1787954352076698096,5929162234650,0,0,0,0
tx,275,1,1,1,1787954352077433819,1787954352076698096,5929162242095,5929162271206,72,0,0
rx,276,75,1,1,1787954352078616096,1787954352077835115,5929163424113,0,0,0,0
tx,276,10,1,1,1787954352087304152,1787954352077835115,5929172112391,5929172139854,72,0,0
tx,276,19,1,1,1787954352097131726,1787954352077835115,5929181939984,5929181965558,72,0,0
tx,276,29,1,1,1787954352108006559,1787954352077835115,5929192814817,5929192845280,72,0,0
tx,276,38,1,1,1787954352117802041,1787954352077835115,5929202610299,5929202637687,72,0,0
tx,276,47,1,1,1787954352127581948,1787954352077835115,5929212390206,5929212415410,72,0,0
tx,276,56,1,1,1787954352137384671,1787954352077835115,5929222192910,5929222217576,72,0,0
tx,276,65,1,1,1787954352147170745,1787954352077835115,5929231979002,5929232025595,72,0,0
tx,276,74,1,1,1787954352157082263,1787954352077835115,5929241890576,5929241926984,72,0,0
tx,276,84,1,1,1787954352167940652,1787954352077835115,5929252748910,5929252774558,72,0,0
rx,277,76,1,1,1787954352174484189,1787954352173696745,5929259292206,0,0,0,0
rx,278,77,1,1,1787954352175589133,1787954352174817893,5929260397150,0,0,0,0
rx,279,78,1,1,1787954352176691208,1787954352175918356,5929261499206,0,0,0,0
rx,280,79,1,1,1787954352177793893,1787954352177042671,5929262601891,0,0,0,0
tx,280,93,1,1,1787954352177802152,1787954352177042671,5929262610447,5929262643410,72,0,0
rx,281,80,1,1,1787954352178998467,1787954352178177522,5929263806465,0,0,0,0
rx,282,81,1,1,1787954352180103374,1787954352179330189,5929264911336,0,0,0,0
rx,283,82,1,1,1787954352181207967,1787954352180399245,5929266015947,0,0,0,0
tx,283,102,1,1,1787954352187716819,1787954352180399245,5929272525410,5929272555261,72,0,0
tx,283,111,1,1,1787954352197538985,1787954352180399245,5929282347243,5929282372039,72,0,0
tx,283,120,1,1,1787954352207335430,1787954352180399245,5929292143761,5929292181298,72,0,0
tx,283,129,1,1,1787954352217111578,1787954352180399245,5929301919836,5929301944743,72,0,0
tx,283,139,1,1,1787954352227954170,1787954352180399245,5929312762428,5929312786317,72,0,0
tx,283,148,1,1,1787954352237712726,1787954352180399245,5929322520965,5929322544928,72,0,0
tx,283,157,1,1,1787954352247466356,1787954352180399245,5929332274613,5929332298187,72,0,0
tx,283,166,1,1,1787954352257340726,1787954352180399245,5929342148984,5929342181984,72,0,0
tx,283,175,1,1,1787954352267119893,1787954352180399245,5929351928132,5929351955465,72,0,0
rx,284,83,1,1,1787954352276892800,1787954352276091819,5929361700798,0,0,0,0
rx,285,84,1,1,1787954352277999504,1787954352277257059,5929362807502,0,0,0,0
tx,285,185,1,1,1787954352278008133,1787954352277257059,5929362816391,5929362847335,72,0,0
rx,286,85,1,1,1787954352279255041,1787954352278401856,5929364063058,0,0,0,0
rx,287,86,1,1,1787954352280354689,1787954352279512522,5929365162706,0,0,0,0
rx,288,87,1,1,1787954352281484189,1787954352280648504,5929366292169,0,0,0,0
rx,289,88,1,1,1787954352282582059,1787954352281763652,5929367390076,0,0,0,0
rx,290,89,1,1,1787954352283681263,1787954352283002504,5929368489261,0,0,0,0
tx,290,194,1,1,1787954352288029133,1787954352283002504,5929372837410,5929372868280,72,0,0
tx,290,3,1,1,1787954352298961374,1787954352283002504,5929383769613,5929383797280,72,0,0
tx,290,12,1,1,1787954352310216744,1787954352283002504,5929395025002,5929395059502,72,0,0
tx,290,22,1,1,1787954352321074115,1787954352283002504,5929405882410,5929405908391,72,0,0
tx,290,32,1,1,1787954352331966856,1787954352283002504,5929416775113,5929416800891,72,0,0
tx,290,41,1,1,1787954352341734948,1787954352283002504,5929426543187,5929426568891,72,0,0
tx,290,50,1,1,1787954352351508633,1787954352283002504,5929436316872,5929436350354,72,0,0
tx,290,58,1,1,1787954352361454633,1787954352283002504,5929446262872,5929446295113,72,0,0
tx,290,67,1,1,1787954352371236744,1787954352283002504,5929456045002,5929456071372,72,0,0
rx,291,90,1,1,1787954352378864356,1787954352378364393,5929463672354,0,0,0,0
rx,292,91,1,1,1787954352379966800,1787954352379530356,5929464774817,0,0,0,0
rx,293,92,1,1,1787954352381072781,1787954352380645911,5929465880798,0,0,0,0
tx,293,76,1,1,1787954352381084911,1787954352380645911,5929465893169,5929465925354,72,0,0
rx,294,93,1,1,1787954352382279244,1787954352381757985,5929467087261,0,0,0,0
rx,295,94,1,1,1787954352383376633,1787954352382857356,5929468184632,0,0,0,0
rx,296,95,1,1,1787954352384473726,1787954352383964819,5929469281706,0,0,0,0
rx,297,96,1,1,1787954352385571115,1787954352385093152,5929470379113,0,0,0,0
tx,297,85,1,1,1787954352391025393,1787954352385093152,5929475833687,5929475862669,72,0,0
tx,297,95,1,1,1787954352401945856,1787954352385093152,5929486754095,5929486780891,72,0,0
tx,297,103,1,1,1787954352411890411,1787954352385093152,5929496698687,5929496740169,72,0,0
tx,297,112,1,1,1787954352421680281,1787954352385093152,5929506488558,5929506514835,72,0,0
tx,297,121,1,1,1787954352431448263,1787954352385093152,5929516256521,5929516281632,72,0,0
tx,297,130,1,1,1787954352441255300,1787954352385093152,5929526063539,5929526089669,72,0,0
tx,297,139,1,1,1787954352451041504,1787954352385093152,5929535849761,5929535881650,72,0,0
tx,297,149,1,1,1787954352462000930,1787954352385093152,5929546809169,5929546837428,72,0,0
tx,297,158,1,1,1787954352471729818,1787954352385093152,5929556538058,5929556560409,72,0,0
rx,298,97,1,1,1787954352481529041,1787954352481091485,5929566337076,0,0,0,0
tx,298,167,1,1,1787954352481536985,1787954352481091485,5929566345224,5929566374484,72,0,0
rx,299,98,1,1,1787954352483828152,1787954352482947115,5929568636169,0,0,0,0
rx,301,100,1,1,1787954352486005207,1787954352485640133,5929570813224,0,0,0,0
rx,302,101,1,1,1787954352488237911,1787954352487114781,5929573045946,0,0,0,0
rx,303,102,1,1,1787954352489331707,1787954352488317522,5929574139687,0,0,0,0
tx,303,176,1,1,1787954352491493115,1787954352488317522,5929576301391,5929576329465,72,0,0
tx,303,185,1,1,1787954352501368337,1787954352488317522,5929586176558,5929586381687,72,0,0
tx,303,194,1,1,1787954352511317670,1787954352488317522,5929596125928,5929596153021,72,0,0
tx,303,2,1,1,1787954352521044893,1787954352488317522,5929605853132,5929605875798,72,0,0
tx,303,12,1,1,1787954352531853559,1787954352488317522,5929616661835,5929616684576,72,0,0
tx,303,21,1,1,1787954352541614430,1787954352488317522,5929626422669,5929626587521,72,0,0
tx,303,29,1,1,1787954352551139467,1787954352488317522,5929635947928,5929635978983,72,0,0
tx,303,39,1,1,1787954352562006318,1787954352488317522,5929646814576,5929646842465,72,0,0
tx,303,48,1,1,1787954352571762985,1787954352488317522,5929656571224,5929656597020,72,0,0
tx,303,57,1,1,1787954352581559781,1787954352488317522,5929666368020,5929666393965,72,0,0
rx,304,103,1,1,1787954352583895281,1787954352583480207,5929668703280,0,0,0,0
tx,304,66,1,1,1787954352591488170,1787954352583480207,5929676296465,5929676325280,72,0,0
tx,304,75,1,1,1787954352601414004,1787954352583480207,5929686222243,5929686249854,72,0,0
tx,304,84,1,1,1787954352611618967,1787954352583480207,5929696427243,5929696461391,72,0,0
tx,304,93,1,1,1787954352621396689,1787954352583480207,5929706204946,5929706231150,72,0,0
tx,304,102,1,1,1787954352631150522,1787954352583480207,5929715958761,5929715983076,72,0,0
tx,304,112,1,1,1787954352641990911,1787954352583480207,5929726799169,5929726822687,72,0,0
tx,304,121,1,1,1787954352651781374,1787954352583480207,5929736589613,5929736620595,72,0,0
tx,304,130,1,1,1787954352661831504,1787954352583480207,5929746639780,5929746671595,72,0,0
tx,304,139,1,1,1787954352671613041,1787954352583480207,5929756421280,5929756445632,72,0,0
tx,304,148,1,1,1787954352681397578,1787954352583480207,5929766205817,5929766229780,72,0,0
rx,305,104,1,1,1787954352685753448,1787954352685615041,5929770561446,0,0,0,0
rx,306,105,1,1,1787954352686850374,1787954352686689707,5929771658372,0,0,0,0
rx,307,106,1,1,1787954352689131411,1787954352687992763,5929773939428,0,0,0,0
rx,308,107,1,1,1787954352690279189,1787954352689124892,5929775087206,0,0,0,0
rx,309,108,1,0,1787954352691427337,1787954352690273244,5929776235354,0,0,0,0
rx,310,109,1,1,1787954352691432541,1787954352691419652,5929776240539,0,0,0,0
tx,310,157,1,1,1787954352691440115,1787954352691419652,5929776248372,5929776294020,72,0,0
rx,311,110,1,1,1787954352692648355,1787954352692511966,5929777456354,0,0,0,0
rx,312,111,1,1,1787954352693768189,1787954352693688522,5929778576187,0,0,0,0
rx,313,112,1,1,1787954352694884707,1787954352694767448,5929779692706,0,0,0,0
rx,314,113,1,1,1787954352695981707,1787954352695875226,5929780789706,0,0,0,0
rx,315,114,1,1,1787954352697073985,1787954352696988170,5929781881983,0,0,0,0
rx,316,115,1,1,1787954352698178633,1787954352698107541,5929782986632,0,0,0,0
rx,317,116,1,1,1787954352699286429,1787954352699227466,5929784094428,0,0,0,0
tx,317,166,1,1,1787954352701461078,1787954352699227466,5929786269317,5929786296687,72,0,0
tx,317,175,1,1,1787954352711359318,1787954352699227466,5929796167650,5929796196928,72,0,0
tx,317,184,1,1,1787954352721128837,1787954352699227466,5929805937094,5929805960798,72,0,0
tx,317,194,1,1,1787954352731975078,1787954352699227466,5929816783317,5929816807298,72,0,0
tx,317,2,1,1,1787954352741732355,1787954352699227466,5929826540594,5929826564169,72,0,0
tx,317,11,1,1,1787954352751521429,1787954352699227466,5929836329724,5929836359909,72,0,0
tx,317,20,1,1,1787954352761310022,1787954352699227466,5929846118298,5929846146835,72,0,0
tx,317,29,1,1,1787954352771090615,1787954352699227466,5929855898872,5929855922761,72,0,0
tx,317,39,1,1,1787954352781942559,1787954352699227466,5929866750817,5929866774354,72,0,0
rx,318,117,1,1,1787954352788484263,1787954352788170170,5929873292261,0,0,0,0
rx,319,118,1,1,1787954352789577374,1787954352789408485,5929874385372,0,0,0,0
rx,320,119,1,1,1787954352791751300,1787954352791206485,5929876559298,0,0,0,0
tx,320,48,1,1,1787954352791763541,1787954352791206485,5929876571798,5929876599446,72,0,0
rx,321,120,1,1,1787954352792944170,1787954352792401263,5929877752187,0,0,0,0
rx,322,121,1,1,1787954352794035874,1787954352793917800,5929878843872,0,0,0,0
rx,323,122,1,1,1787954352796253355,1787954352795154448,5929881061354,0,0,0,0
rx,324,123,1,1,1787954352797344078,1787954352796406966,5929882152076,0,0,0,0
tx,324,57,1,1,1787954352801688652,1787954352796406966,5929886496909,5929886531076,72,0,0
tx,324,66,1,1,1787954352811581337,1787954352796406966,5929896389594,5929896415465,72,0,0
tx,324,75,1,1,1787954352821339948,1787954352796406966,5929906148206,5929906171761,72,0,0
tx,324,84,1,1,1787954352831116707,1787954352796406966,5929915924965,5929915948539,72,0,0
tx,324,94,1,1,1787954352841959596,1787954352796406966,5929926767854,5929926791872,72,0,0
tx,324,103,1,1,1787954352851745059,1787954352796406966,5929936553298,5929936578520,72,0,0
tx,324,112,1,1,1787954352861570170,1787954352796406966,5929946378428,5929946419205,72,0,0
tx,324,121,1,1,1787954352871372596,1787954352796406966,5929956180835,5929956204428,72,0,0
tx,324,130,1,1,1787954352881133929,1787954352796406966,5929965942187,5929965966983,72,0,0
rx,325,124,1,1,1787954352890918337,1787954352890473429,5929975726335,0,0,0,0
rx,326,125,1,1,1787954352892011170,1787954352891689133,5929976819168,0,0,0,0
tx,326,140,1,1,1787954352892018874,1787954352891689133,5929976827131,5929976855094,72,0,0
rx,327,126,1,1,1787954352893205244,1787954352892965522,5929978013261,0,0,0,0
rx,328,127,1,1,1787954352894297707,1787954352894196522,5929979105724,0,0,0,0
rx,329,128,1,1,1787954352895471263,1787954352895451207,5929980279261,0,0,0,0
rx,331,130,1,1,1787954352898790818,1787954352897704800,5929983598817,0,0,0,0
tx,331,149,1,1,1787954352902040781,1787954352897704800,5929986849057,5929986878354,72,0,0
tx,331,159,1,1,1787954352912987689,1787954352897704800,5929997795928,5929997824909,72,0,0
tx,331,168,1,1,1787954352922752966,1787954352897704800,5930007561224,5930007585150,72,0,0
tx,331,177,1,1,1787954352932507948,1787954352897704800,5930017316187,5930017339280,72,0,0
tx,331,186,1,1,1787954352942265818,1787954352897704800,5930027074076,5930027097687,72,0,0
tx,331,195,1,1,1787954352952070189,1787954352897704800,5930036878446,5930036906057,72,0,0
tx,331,4,1,1,1787954352962935966,1787954352897704800,5930047744224,5930047771798,72,0,0
tx,331,13,1,1,1787954352972695837,1787954352897704800,5930057504094,5930057527372,72,0,0
tx,331,22,1,1,1787954352982480559,1787954352897704800,5930067288817,5930067315854,72,0,0
tx,331,31,1,1,1787954352992257244,1787954352897704800,5930077065483,5930077089872,72,0,0
rx,333,132,1,1,1787954352996630355,1787954352995540966,5930081438279,0,0,0,0
rx,334,133,1,1,1787954352997722763,1787954352996983855,5930082530742,0,0,0,0
rx,336,135,1,1,1787954352999894744,1787954352999469263,5930084702724,0,0,0,0
rx,338,137,1,1,1787954353002085707,1787954353001918244,5930086893613,0,0,0,0
tx,338,40,1,1,1787954353002094300,1787954353001918244,5930086902594,5930086934779,72,0,0
tx,338,50,1,1,1787954353013024466,1787954353001918244,5930097832724,5930097860094,72,0,0
tx,338,60,1,1,1787954353023866114,1787954353001918244,5930108674372,5930108714594,72,0,0
tx,338,69,1,1,1787954353033753744,1787954353001918244,5930118562002,5930118587909,72,0,0
tx,338,78,1,1,1787954353043515170,1787954353001918244,5930128323409,5930128346983,72,0,0
tx,338,87,1,1,1787954353053294744,1787954353001918244,5930138103002,5930138137854,72,0,0
tx,338,96,1,1,1787954353063081077,1787954353001918244,5930147889316,5930147914502,72,0,0
tx,338,106,1,1,1787954353073933911,1787954353001918244,5930158742150,5930158766168,72,0,0
tx,338,115,1,1,1787954353083708466,1787954353001918244,5930168516705,5930168540224,72,0,0
tx,338,124,1,1,1787954353093467577,1787954353001918244,5930178275816,5930178299576,72,0,0
rx,339,138,1,1,1787954353095660966,1787954353095481114,5930180468946,0,0,0,0
rx,340,139,1,1,1787954353097875022,1787954353097191337,5930182683002,0,0,0,0
rx,341,140,1,1,1787954353098979022,1787954353098560651,5930183787020,0,0,0,0
rx,342,141,1,1,1787954353101155577,1787954353100539003,5930185963594,0,0,0,0
rx,343,142,1,1,1787954353102246540,1787954353101776781,5930187054539,0,0,0,0
rx,344,143,1,1,1787954353103337466,1787954353103027226,5930188145483,0,0,0,0
tx,344,133,1,1,1787954353103345003,1787954353103027226,5930188153354,5930188188613,72,0,0
tx,344,142,1,1,1787954353113201966,1787954353103027226,5930198010224,5930198059057,72,0,0
tx,344,152,1,1,1787954353124081725,1787954353103027226,5930208889965,5930208913576,72,0,0
tx,344,162,1,1,1787954353134925670,1787954353103027226,5930219733909,5930219757465,72,0,0
tx,344,171,1,1,1787954353144712244,1787954353103027226,5930229520483,5930229543835,72,0,0
tx,344,180,1,1,1787954353154484411,1787954353103027226,5930239292650,5930239324205,72,0,0
tx,344,189,1,1,1787954353164254725,1787954353103027226,5930249062965,5930249088150,72,0,0
tx,344,198,1,1,1787954353174013355,1787954353103027226,5930258821594,5930258844835,72,0,0
tx,344,7,1,1,1787954353184850003,1787954353103027226,5930269658242,5930269681668,72,0,0
tx,344,16,1,1,1787954353194612762,1787954353103027226,5930279421002,5930279444205,72,0,0
rx,345,144,1,1,1787954353198964688,1787954353198585466,5930283772668,0,0,0,0
rx,346,145,1,1,1787954353201235781,1787954353200127170,5930286043798,0,0,0,0
rx,347,146,1,1,1787954353202333003,1787954353201537411,5930287141020,0,0,0,0
rx,348,147,1,1,1787954353203438188,1787954353202773540,5930288246205,0,0,0,0
tx,348,25,1,1,1787954353204531596,1787954353202773540,5930289339835,5930289374187,72,0,0
rx,349,148,1,1,1787954353205718818,1787954353205138614,5930290526816,0,0,0,0
rx,350,149,1,1,1787954353206810892,1787954353206353466,5930291618890,0,0,0,0
rx,351,150,1,1,1787954353207902855,1787954353207624651,5930292710853,0,0,0,0
tx,351,34,1,1,1787954353214400540,1787954353207624651,5930299208798,5930299236465,72,0,0
tx,351,43,1,1,1787954353224245818,1787954353207624651,5930309054057,5930309078168,72,0,0
tx,351,52,1,1,1787954353234032429,1787954353207624651,5930318840687,5930318864890,72,0,0
tx,351,62,1,1,1787954353244889762,1787954353207624651,5930329698002,5930329721316,72,0,0
tx,351,71,1,1,1787954353254663707,1787954353207624651,5930339471965,5930339509187,72,0,0
tx,351,80,1,1,1787954353264458596,1787954353207624651,5930349266835,5930349291094,72,0,0
tx,351,89,1,1,1787954353274263837,1787954353207624651,5930359072113,5930359096816,72,0,0
tx,351,98,1,1,1787954353284050874,1787954353207624651,5930368859131,5930368882594,72,0,0
tx,351,108,1,1,1787954353294885207,1787954353207624651,5930379693465,5930379716520,72,0,0
rx,352,151,1,1,1787954353300332892,1787954353300145003,5930385140909,0,0,0,0
rx,353,152,1,1,1787954353301426411,1787954353301301744,5930386234427,0,0,0,0
rx,354,153,1,1,1787954353303601540,1787954353303099929,5930388409539,0,0,0,0
rx,355,154,1,1,1787954353304691892,1787954353304270707,5930389499909,0,0,0,0
tx,355,117,1,1,1787954353304699540,1787954353304270707,5930389507779,5930389541335,72,0,0
rx,356,155,1,1,1787954353305881040,1787954353305435633,5930390689039,0,0,0,0
rx,357,156,1,1,1787954353306976411,1787954353306593559,5930391784409,0,0,0,0
rx,358,157,1,1,1787954353308072559,1787954353307730299,5930392880539,0,0,0,0
tx,358,126,1,1,1787954353314570318,1787954353307730299,5930399378557,5930399406483,72,0,0
tx,358,135,1,1,1787954353324430781,1787954353307730299,5930409239020,5930409262798,72,0,0
tx,358,144,1,1,1787954353334190207,1787954353307730299,5930418998464,5930419022094,72,0,0
tx,358,154,1,1,1787954353345048411,1787954353307730299,5930429856650,5930429880372,72,0,0
tx,358,164,1,1,1787954353355940003,1787954353307730299,5930440748242,5930440779113,72,0,0
tx,358,173,1,1,1787954353365705077,1787954353307730299,5930450513316,5930450536668,72,0,0
tx,358,182,1,1,1787954353375460818,1787954353307730299,5930460269076,5930460292335,72,0,0
tx,358,191,1,1,1787954353385253836,1787954353307730299,5930470062076,5930470085501,72,0,0
tx,358,200,1,1,1787954353395052299,1787954353307730299,5930479860539,5930479885520,72,0,0
rx,359,158,1,1,1787954353402662040,1787954353402612188,5930487470039,0,0,0,0
rx,360,159,1,1,1787954353404921392,1787954353403827781,5930489729372,0,0,0,0
rx,361,160,1,1,1787954353406026762,1787954353405942466,5930490834779,0,0,0,0
tx,361,9,1,1,1787954353406034503,1787954353405942466,5930490842742,5930490874761,72,0,0
rx,362,161,1,1,1787954353408361522,1787954353407513373,5930493169539,0,0,0,0
rx,363,162,1,1,1787954353409465985,1787954353408681836,5930494273964,0,0,0,0
rx,364,163,1,1,1787954353410555948,1787954353410299781,5930495363964,0,0,0,0
tx,364,19,1,1,1787954353417052151,1787954353410299781,5930501860409,5930501886890,72,0,0
tx,364,29,1,1,1787954353427946855,1787954353410299781,5930512755094,5930512779557,72,0,0
tx,364,38,1,1,1787954353437707540,1787954353410299781,5930522515798,5930522539798,72,0,0
tx,364,47,1,1,1787954353447491059,1787954353410299781,5930532299316,5930532322427,72,0,0
tx,364,56,1,1,1787954353457299355,1787954353410299781,5930542107594,5930542141705,72,0,0
tx,364,65,1,1,1787954353467113225,1787954353410299781,5930551921464,5930551945446,72,0,0
tx,364,75,1,1,1787954353477955910,1787954353410299781,5930562764168,5930562787779,72,0,0
tx,364,84,1,1,1787954353487774818,1787954353410299781,5930572583075,5930572609353,72,0,0
tx,364,93,1,1,1787954353497565077,1787954353410299781,5930582373335,5930582396983,72,0,0
rx,366,165,1,1,1787954353505218651,1787954353505041114,5930590026631,0,0,0,0
tx,366,102,1,1,1787954353507403151,1787954353505041114,5930592211446,5930592257187,72,0,0
rx,367,166,1,1,1787954353508605892,1787954353507857910,5930593413890,0,0,0,0
rx,368,167,1,1,1787954353509702614,1787954353509332355,5930594510613,0,0,0,0
rx,369,168,1,1,1787954353511875392,1787954353511338707,5930596683372,0,0,0,0
rx,370,169,1,1,1787954353512966040,1787954353512576040,5930597774038,0,0,0,0
rx,371,170,1,1,1787954353514056633,1787954353513808225,5930598864650,0,0,0,0
rx,372,171,1,1,1787954353515179577,1787954353515070447,5930599987575,0,0,0,0
tx,372,111,1,1,1787954353517356244,1787954353515070447,5930602164538,5930602192464,72,0,0
tx,372,120,1,1,1787954353527158781,1787954353515070447,5930611967057,5930611991057,72,0,0
tx,372,130,1,1,1787954353537996447,1787954353515070447,5930622804705,5930622828131,72,0,0
tx,372,139,1,1,1787954353547771466,1787954353515070447,5930632579724,5930632603501,72,0,0
tx,372,148,1,1,1787954353557593392,1787954353515070447,5930642401650,5930642431594,72,0,0
tx,372,157,1,1,1787954353567358466,1787954353515070447,5930652166705,5930652190853,72,0,0
tx,372,166,1,1,1787954353577117503,1787954353515070447,5930661925761,5930661949353,72,0,0
tx,372,176,1,1,1787954353587968984,1787954353515070447,5930672777224,5930672801020,72,0,0
tx,372,185,1,1,1787954353597737188,1787954353515070447,5930682545446,5930682573761,72,0,0
rx,373,172,1,1,1787954353607507077,1787954353607168262,5930692315094,0,0,0,0
tx,373,194,1,1,1787954353607516207,1787954353607168262,5930692324464,5930692353798,72,0,0
rx,374,173,1,1,1787954353608696762,1787954353608283151,5930693504761,0,0,0,0
rx,375,174,1,1,1787954353609787188,1787954353609398281,5930694595187,0,0,0,0
rx,376,175,1,1,1787954353610877633,1787954353610505281,5930695685612,0,0,0,0
rx,377,176,1,1,1787954353611993207,1787954353611656892,5930696801205,0,0,0,0
rx,378,177,1,1,1787954353613084318,1787954353612782021,5930697892316,0,0,0,0
rx,379,178,1,1,1787954353614179151,1787954353613864744,5930698987149,0,0,0,0
tx,379,2,1,1,1787954353617428670,1787954353613864744,5930702236927,5930702264038,72,0,0
tx,379,11,1,1,1787954353627254059,1787954353613864744,5930712062316,5930712086687,72,0,0
tx,379,20,1,1,1787954353637031336,1787954353613864744,5930721839594,5930721863687,72,0,0
tx,379,30,1,1,1787954353647877373,1787954353613864744,5930732685631,5930732714427,72,0,0
tx,379,39,1,1,1787954353657643262,1787954353613864744,5930742451520,5930742479094,72,0,0
tx,379,48,1,1,1787954353667402707,1787954353613864744,5930752210964,5930752234279,72,0,0
tx,379,57,1,1,1787954353677162836,1787954353613864744,5930761971094,5930761994853,72,0,0
tx,379,67,1,1,1787954353688006466,1787954353613864744,5930772814724,5930772838724,72,0,0
tx,379,76,1,1,1787954353697761077,1787954353613864744,5930782569335,5930782592298,72,0,0
tx,379,85,1,1,1787954353707554540,1787954353613864744,5930792362798,5930792392464,72,0,0
rx,380,179,1,1,1787954353709772651,1787954353709555688,5930794580649,0,0,0,0
rx,381,180,1,1,1787954353710869596,1787954353710663262,5930795677594,0,0,0,0
rx,382,181,1,1,1787954353711962151,1787954353711811577,5930796770149,0,0,0,0
rx,383,182,1,1,1787954353713053503,1787954353712926651,5930797861520,0,0,0,0
rx,384,183,1,1,1787954353714144707,1787954353714045947,5930798952724,0,0,0,0
tx,384,94,1,1,1787954353717402818,1787954353714045947,5930802211075,5930802237705,72,0,0
tx,384,103,1,1,1787954353727271725,1787954353714045947,5930812079964,5930812104094,72,0,0
tx,384,112,1,1,1787954353737033133,1787954353714045947,5930821841372,5930821864649,72,0,0
tx,384,122,1,1,1787954353747867095,1787954353714045947,5930832675353,5930832698242,72,0,0
tx,384,131,1,1,1787954353757682114,1787954353714045947,5930842490390,5930842523205,72,0,0
tx,384,140,1,1,1787954353767452188,1787954353714045947,5930852260557,5930852284242,72,0,0
tx,384,149,1,1,1787954353777207058,1787954353714045947,5930862015298,5930862038335,72,0,0
tx,384,159,1,1,1787954353788059355,1787954353714045947,5930872867612,5930872891686,72,0,0
tx,384,169,1,1,1787954353798948355,1787954353714045947,5930883756612,5930883784038,72,0,0
tx,384,178,1,1,1787954353808730577,1787954353714045947,5930893538816,5930893563112,72,0,0
rx,386,185,1,1,1787954353812005503,1787954353811965744,5930896813483,0,0,0,0
rx,387,186,1,1,1787954353813118188,1787954353813099873,5930897926168,0,0,0,0
rx,388,187,1,1,1787954353814230058,1787954353814175207,5930899038075,0,0,0,0
rx,389,188,1,1,1787954353815328281,1787954353815297836,5930900136279,0,0,0,0
rx,390,189,1,1,1787954353817577392,1787954353816449670,5930902385390,0,0,0,0
rx,391,190,1,1,1787954353818690410,1787954353817570818,5930903498409,0,0,0,0
tx,391,187,1,1,1787954353818697818,1787954353817570818,5930903506075,5930903551112,72,0,0
rx,392,191,1,1,1787954353819898114,1787954353818684707,5930904706112,0,0,0,0
tx,392,196,1,1,1787954353828558262,1787954353818684707,5930913366520,5930913391649,72,0,0
tx,392,4,1,1,1787954353838409207,1787954353818684707,5930923217446,5930923242057,72,0,0
tx,392,13,1,1,1787954353848203207,1787954353818684707,5930933011446,5930933039242,72,0,0
tx,392,23,1,1,1787954353859069725,1787954353818684707,5930943877983,5930943917816,72,0,0
tx,392,33,1,1,1787954353869933373,1787954353818684707,5930954741631,5930954781427,72,0,0
tx,392,42,1,1,1787954353879768151,1787954353818684707,5930964576409,5930964601260,72,0,0
tx,392,51,1,1,1787954353889541947,1787954353818684707,5930974350186,5930974373890,72,0,0
tx,392,60,1,1,1787954353899310151,1787954353818684707,5930984118409,5930984148297,72,0,0
tx,392,69,1,1,1787954353909072262,1787954353818684707,5930993880501,5930993904390,72,0,0
rx,393,192,1,1,1787954353914512207,1787954353914383966,5930999320223,0,0,0,0
rx,395,194,1,1,1787954353916686910,1787954353916604836,5931001494909,0,0,0,0
rx,396,195,1,1,1787954353917789225,1787954353917759373,5931002597242,0,0,0,0
rx,397,196,1,1,1787954353918914873,1787954353918849373,5931003722890,0,0,0,0
rx,398,197,1,1,1787954353920025799,1787954353919958614,5931004833797,0,0,0,0
tx,398,79,1,1,1787954353920033540,1787954353919958614,5931004841797,5931004870279,72,0,0
rx,399,198,1,1,1787954353921217947,1787954353921079225,5931006025946,0,0,0,0
tx,399,89,1,1,1787954353930972244,1787954353921079225,5931015780501,5931015805797,72,0,0
tx,399,98,1,1,1787954353940778873,1787954353921079225,5931025587112,5931025611594,72,0,0
tx,399,107,1,1,1787954353950559966,1787954353921079225,5931035368223,5931035396557,72,0,0
tx,399,116,1,1,1787954353960326410,1787954353921079225,5931045134649,5931045159612,72,0,0
tx,399,125,1,1,1787954353970082521,1787954353921079225,5931054890779,5931054914112,72,0,0
tx,399,135,1,1,1787954353980940503,1787954353921079225,5931065748760,5931065776631,72,0,0
tx,399,144,1,1,1787954353990714725,1787954353921079225,5931075522983,5931075561983,72,0,0
tx,399,153,1,1,1787954354000519503,1787954353921079225,5931085328020,5931085356168,72,0,0
tx,399,162,1,1,1787954354010286558,1787954353921079225,5931095094816,5931095119279,72,0,0
rx,400,199,1,1,1787954354016815781,1787954354016767003,5931101623760,0,0,0,0
rx,401,200,1,1,1787954354017943243,1787954354017863836,5931102751260,0,0,0,0
rx,402,0,1,1,1787954354019049040,1787954354018977892,5931103857057,0,0,0,0
rx,403,1,1,1,1787954354020139929,1787954354020109632,5931104947927,0,0,0,0
tx,403,171,1,1,1787954354020170781,1787954354020109632,5931104979075,5931105010427,72,0,0
rx,404,2,1,1,1787954354021358151,1787954354021229688,5931106166149,0,0,0,0
rx,405,3,1,1,1787954354022455021,1787954354022376466,5931107263038,0,0,0,0
rx,406,4,1,1,1787954354023562095,1787954354023490040,5931108370112,0,0,0,0
tx,406,180,1,1,1787954354030077262,1787954354023490040,5931114885501,5931114912520,72,0,0
tx,406,190,1,1,1787954354041006225,1787954354023490040,5931125814464,5931125840057,72,0,0
tx,406,199,1,1,1787954354050824614,1787954354023490040,5931135632871,5931135662390,72,0,0
tx,406,7,1,1,1787954354060629780,1787954354023490040,5931145438020,5931145466483,72,0,0
tx,406,16,1,1,1787954354070394392,1787954354023490040,5931155202649,5931155226353,72,0,0
tx,406,25,1,1,1787954354080158132,1787954354023490040,5931164966371,5931164989612,72,0,0
tx,406,35,1,1,1787954354090998188,1787954354023490040,5931175806427,5931175829797,72,0,0
tx,406,44,1,1,1787954354100764466,1787954354023490040,5931185572723,5931185601001,72,0,0
tx,406,53,1,1,1787954354110527040,1787954354023490040,5931195335279,5931195359223,72,0,0
rx,407,5,1,0,1787954354120376206,1787954354119250540,5931205184205,0,0,0,0
rx,408,6,1,1,1787954354120382706,1787954354120315521,5931205190723,0,0,0,0
tx,408,62,1,1,1787954354120394040,1787954354120315521,5931205202279,5931205231075,72,0,0
rx,409,7,1,1,1787954354121575577,1787954354121435392,5931206383594,0,0,0,0
rx,410,8,1,1,1787954354122667669,1787954354122574873,5931207475686,0,0,0,0
rx,411,9,1,1,1787954354123763799,1787954354123683114,5931208571816,0,0,0,0
rx,412,10,1,1,1787954354124871892,1787954354124804762,5931209679890,0,0,0,0
rx,413,11,1,1,1787954354125979355,1787954354125917892,5931210787297,0,0,0,0
tx,413,71,1,1,1787954354130319521,1787954354125917892,5931215127779,5931215153797,72,0,0
tx,413,80,1,1,1787954354140177447,1787954354125917892,5931224985705,5931225009316,72,0,0
tx,413,90,1,1,1787954354151050762,1787954354125917892,5931235859001,5931235887594,72,0,0
tx,413,100,1,1,1787954354161951188,1787954354125917892,5931246759445,5931246787316,72,0,0
tx,413,109,1,1,1787954354171733169,1787954354125917892,5931256541408,5931256565390,72,0,0
tx,413,118,1,1,1787954354181514799,1787954354125917892,5931266323057,5931266346520,72,0,0
tx,413,127,1,1,1787954354191276077,1787954354125917892,5931276084316,5931276107594,72,0,0
tx,413,136,1,1,1787954354201069466,1787954354125917892,5931285877723,5931285904334,72,0,0
tx,413,146,1,1,1787954354211912354,1787954354125917892,5931296720631,5931296744982,72,0,0
rx,414,12,1,1,1787954354221687632,1787954354221594836,5931306495631,0,0,0,0
tx,414,155,1,1,1787954354221696132,1787954354221594836,5931306504390,5931306530538,72,0,0
rx,415,13,1,1,1787954354222870262,1787954354222697058,5931307678260,0,0,0,0
rx,416,14,1,1,1787954354223970058,1787954354223852447,5931308778057,0,0,0,0
rx,417,15,1,1,1787954354225063392,1787954354224930669,5931309871408,0,0,0,0
rx,418,16,1,1,1787954354226158540,1787954354226048484,5931310966538,0,0,0,0
rx,419,17,1,1,1787954354227251780,1787954354227167188,5931312059797,0,0,0,0
rx,420,18,1,1,1787954354228356799,1787954354228289003,5931313164797,0,0,0,0
tx,420,164,1,1,1787954354231608410,1787954354228289003,5931316416686,5931316461149,72,0,0
tx,420,173,1,1,1787954354241447614,1787954354228289003,5931326255853,5931326284816,72,0,0
tx,420,182,1,1,1787954354251234317,1787954354228289003,5931336042557,5931336068908,72,0,0
tx,420,191,1,1,1787954354261023040,1787954354228289003,5931345831297,5931345856038,72,0,0
tx,420,0,1,1,1787954354271923003,1787954354228289003,5931356731242,5931356754964,72,0,0
tx,420,9,1,1,1787954354281715817,1787954354228289003,5931366524057,5931366548223,72,0,0
tx,420,18,1,1,1787954354291474058,1787954354228289003,5931376282297,5931376305371,72,0,0
tx,420,27,1,1,1787954354301247540,1787954354228289003,5931386055816,5931386087649,72,0,0
tx,420,36,1,1,1787954354311039373,1787954354228289003,5931395847612,5931395872094,72,0,0
tx,420,46,1,1,1787954354321912743,1787954354228289003,5931406720982,5931406745168,72,0,0
rx,421,19,1,1,1787954354324107669,1787954354323990762,5931408915649,0,0,0,0
rx,422,20,1,1,1787954354325208188,1787954354325125540,5931410016168,0,0,0,0
rx,423,21,1,1,1787954354326314003,1787954354326244262,5931411122019,0,0,0,0
rx,424,22,1,0,1787954354328530021,1787954354327417614,5931413338019,0,0,0,0
rx,425,23,1,1,1787954354328535151,1787954354328511336,5931413343149,0,0,0,0
rx,426,24,1,1,1787954354329644891,1787954354329622836,5931414452908,0,0,0,0
tx,426,55,1,1,1787954354331838873,1787954354329622836,5931416647131,5931416675056,72,0,0
tx,426,64,1,1,1787954354341671947,1787954354329622836,5931426480205,5931426504242,72,0,0
tx,426,73,1,1,1787954354351468280,1787954354329622836,5931436276538,5931436305427,72,0,0
tx,426,82,1,1,1787954354361272169,1787954354329622836,5931446080408,5931446107538,72,0,0
tx,426,91,1,1,1787954354371049484,1787954354329622836,5931455857742,5931455881871,72,0,0
tx,426,101,1,1,1787954354381888447,1787954354329622836,5931466696705,5931466720427,72,0,0
tx,426,110,1,1,1787954354391663299,1787954354329622836,5931476471538,5931476494908,72,0,0
tx,426,119,1,1,1787954354401441243,1787954354329622836,5931486249501,5931486276242,72,0,0
tx,426,128,1,1,1787954354411231077,1787954354329622836,5931496039316,5931496063427,72,0,0
tx,426,138,1,1,1787954354422079447,1787954354329622836,5931506887686,5931506911168,72,0,0
rx,427,25,1,1,1787954354426469854,1787954354426386095,5931511277853,0,0,0,0
rx,428,26,1,1,1787954354427582002,1787954354427508595,5931512389982,0,0,0,0
rx,429,27,1,1,1787954354428687484,1787954354428617428,5931513495464,0,0,0,0
rx,430,28,1,1,1787954354429779151,1787954354429759058,5931514587149,0,0,0,0
rx,431,29,1,1,1787954354432029688,1787954354430888947,5931516837705,0,0,0,0
tx,431,147,1,1,1787954354432037391,1787954354430888947,5931516845649,5931516890816,72,0,0
rx,432,30,1,0,1787954354433231410,1787954354432024132,5931518039427,0,0,0,0
rx,433,31,1,1,1787954354433236743,1787954354433142151,5931518044760,0,0,0,0
tx,433,157,1,1,1787954354443017577,1787954354433142151,5931527825816,5931527857093,72,0,0
tx,433,167,1,1,1787954354453968614,1787954354433142151,5931538776871,5931538802297,72,0,0
tx,433,176,1,1,1787954354463770077,1787954354433142151,5931548578353,5931548604408,72,0,0
tx,433,185,1,1,1787954354473529706,1787954354433142151,5931558337964,5931558361630,72,0,0
tx,433,194,1,1,1787954354483312947,1787954354433142151,5931568121205,5931568148556,72,0,0
tx,433,2,1,1,1787954354493085391,1787954354433142151,5931577893797,5931577922556,72,0,0
tx,433,12,1,1,1787954354503928688,1787954354433142151,5931588736945,5931588760945,72,0,0
tx,433,21,1,1,1787954354513705669,1787954354433142151,5931598513908,5931598556519,72,0,0
tx,433,30,1,1,1787954354523517299,1787954354433142151,5931608325556,5931608348982,72,0,0
rx,434,32,1,1,1787954354528949391,1787954354528769002,5931613757371,0,0,0,0
rx,435,33,1,1,1787954354530047039,1787954354529897502,5931614855038,0,0,0,0
rx,436,34,1,1,1787954354531136502,1787954354530993169,5931615944482,0,0,0,0
rx,437,35,1,1,1787954354532230669,1787954354532102021,5931617038593,0,0,0,0
rx,438,36,1,1,1787954354533325243,1787954354533249317,5931618133242,0,0,0,0
tx,438,39,1,1,1787954354533332836,1787954354533249317,5931618141093,5931618170093,72,0,0
tx,438,48,1,1,1787954354543164280,1787954354533249317,5931627972519,5931627996501,72,0,0
tx,438,58,1,1,1787954354554037280,1787954354533249317,5931638845519,5931638875204,72,0,0
tx,438,68,1,1,1787954354564920854,1787954354533249317,5931649729112,5931649755927,72,0,0
tx,438,77,1,1,1787954354574711021,1787954354533249317,5931659519279,5931659542890,72,0,0
tx,438,86,1,1,1787954354584489243,1787954354533249317,5931669297501,5931669321130,72,0,0
tx,438,95,1,1,1787954354594246688,1787954354533249317,5931679054945,5931679093908,72,0,0
tx,438,104,1,1,1787954354604032854,1787954354533249317,5931688841112,5931688867908,72,0,0
tx,438,114,1,1,1787954354614879039,1787954354533249317,5931699687297,5931699711556,72,0,0
tx,438,123,1,1,1787954354624635984,1787954354533249317,5931709444241,5931709467297,72,0,0
rx,439,37,1,1,1787954354631224095,1787954354631168391,5931716032075,0,0,0,0
rx,440,38,1,1,1787954354632320002,1787954354632293725,5931717127982,0,0,0,0
rx,441,39,1,1,1787954354634593058,1787954354633415669,5931719401038,0,0,0,0
tx,441,132,1,1,1787954354634600762,1787954354633415669,5931719409019,5931719453686,72,0,0
rx,442,40,1,0,1787954354635840391,1787954354634593317,5931720648390,0,0,0,0
rx,443,41,1,1,1787954354635846280,1787954354635709076,5931720654297,0,0,0,0
rx,444,42,1,1,1787954354636942836,1787954354636819002,5931721750834,0,0,0,0
rx,445,43,1,1,1787954354638034095,1787954354637936613,5931722842093,0,0,0,0
rx,446,44,1,1,1787954354639145373,1787954354639057262,5931723953371,0,0,0,0
rx,447,45,1,1,1787954354640253669,1787954354640188910,5931725061686,0,0,0,0
tx,447,141,1,1,1787954354644604391,1787954354640188910,5931729412649,5931729444649,72,0,0
tx,447,150,1,1,1787954354654465373,1787954354640188910,5931739273630,5931739298371,72,0,0
tx,447,159,1,1,1787954354664245095,1787954354640188910,5931749053353,5931749080149,72,0,0
tx,447,169,1,1,1787954354675091243,1787954354640188910,5931759899501,5931759923278,72,0,0
tx,447,179,1,1,1787954354685930595,1787954354640188910,5931770738853,5931770762038,72,0,0
tx,447,188,1,1,1787954354695694780,1787954354640188910,5931780503075,5931780531075,72,0,0
tx,447,197,1,1,1787954354705458169,1787954354640188910,5931790266408,5931790289612,72,0,0
tx,447,5,1,1,1787954354715244595,1787954354640188910,5931800052853,5931800078575,72,0,0
tx,447,14,1,1,1787954354725010613,1787954354640188910,5931809818853,5931809843056,72,0,0
rx,448,46,1,1,1787954354734819632,1787954354734163039,5931819627575,0,0,0,0
rx,449,47,1,1,1787954354735911687,1787954354735492558,5931820719667,0,0,0,0
tx,449,24,1,1,1787954354735919465,1787954354735492558,5931820727723,5931820754501,72,0,0
rx,450,48,1,1,1787954354737095706,1787954354736980780,5931821903704,0,0,0,0
rx,451,49,1,1,1787954354739353354,1787954354738555725,5931824161334,0,0,0,0
rx,452,50,1,1,1787954354740453225,1787954354739691669,5931825261241,0,0,0,0
rx,453,51,1,1,1787954354741554799,1787954354740893632,5931826362723,0,0,0,0
tx,453,33,1,1,1787954354745888076,1787954354740893632,5931830696334,5931830729130,72,0,0
tx,453,42,1,1,1787954354755726039,1787954354740893632,5931840534278,5931840559315,72,0,0
tx,453,51,1,1,1787954354765513132,1787954354740893632,5931850321371,5931850349371,72,0,0
tx,453,60,1,1,1787954354775280002,1787954354740893632,5931860088260,5931860112945,72,0,0
tx,453,69,1,1,1787954354785037076,1787954354740893632,5931869845315,5931869868575,72,0,0
tx,453,79,1,1,1787954354795888447,1787954354740893632,5931880696723,5931880724297,72,0,0
tx,453,88,1,1,1787954354805646836,1787954354740893632,5931890455093,5931890478241,72,0,0
tx,453,97,1,1,1787954354815405854,1787954354740893632,5931900214149,5931900237408,72,0,0
tx,453,106,1,1,1787954354825178428,1787954354740893632,5931909986723,5931910010056,72,0,0
tx,453,116,1,1,1787954354836065410,1787954354740893632,5931920873649,5931920915630,72,0,0
rx,455,53,1,1,1787954354837223299,1787954354836236317,5931922031241,0,0,0,0
rx,456,54,1,1,1787954354838316724,1787954354837504576,5931923124723,0,0,0,0
rx,457,55,1,1,1787954354839409632,1787954354838889891,5931924217649,0,0,0,0
rx,458,56,1,1,1787954354840500613,1787954354840215243,5931925308630,0,0,0,0
rx,459,57,1,1,1787954354842723262,1787954354841714132,5931927531260,0,0,0,0
rx,460,58,1,1,1787954354843837632,1787954354842980299,5931928645630,0,0,0,0
tx,460,125,1,1,1787954354846025187,1787954354842980299,5931930833445,5931930864371,72,0,0
tx,460,135,1,1,1787954354857022891,1787954354842980299,5931941831149,5931941865908,72,0,0
tx,460,145,1,1,1787954354867893632,1787954354842980299,5931952701871,5931952735019,72,0,0
tx,460,154,1,1,1787954354877665410,1787954354842980299,5931962473667,5931962498223,72,0,0
tx,460,163,1,1,1787954354887439724,1787954354842980299,5931972247982,5931972271297,72,0,0
tx,460,172,1,1,1787954354897226465,1787954354842980299,5931982034741,5931982064408,72,0,0
tx,460,182,1,1,1787954354908080002,1787954354842980299,5931992888260,5931992913297,72,0,0
tx,460,192,1,1,1787954354918925854,1787954354842980299,5932003734112,5932003758371,72,0,0
tx,460,0,1,1,1787954354928685761,1787954354842980299,5932013494019,5932013517556,72,0,0
tx,460,9,1,1,1787954354938509206,1787954354842980299,5932023317464,5932023341612,72,0,0
rx,461,59,1,1,1787954354939622113,1787954354938823502,5932024430112,0,0,0,0
rx,462,60,1,1,1787954354940716076,1787954354940063576,5932025524093,0,0,0,0
rx,463,61,1,1,1787954354942956021,1787954354941851743,5932027764038,0,0,0,0
rx,464,62,1,1,1787954354944050780,1787954354943507854,5932028858760,0,0,0,0
rx,465,63,1,1,1787954354945142410,1787954354944668336,5932029950426,0,0,0,0
rx,466,64,1,1,1787954354946233224,1787954354945879632,5932031041223,0,0,0,0
rx,467,65,1,1,1787954354947324521,1787954354947085817,5932032132538,0,0,0,0
tx,467,18,1,1,1787954354948414243,1787954354947085817,5932033222501,5932033254149,72,0,0
tx,467,27,1,1,1787954354958272928,1787954354947085817,5932043081186,5932043110167,72,0,0
tx,467,36,1,1,1787954354968038965,1787954354947085817,5932052847241,5932052871186,72,0,0
tx,467,46,1,1,1787954354978874169,1787954354947085817,5932063682426,5932063706093,72,0,0
tx,467,55,1,1,1787954354988687595,1787954354947085817,5932073495889,5932073538778,72,0,0
tx,467,64,1,1,1787954354998489373,1787954354947085817,5932083297630,5932083325352,72,0,0
tx,467,73,1,1,1787954355008271817,1787954354947085817,5932093080112,5932093103963,72,0,0
tx,467,82,1,1,1787954355018027724,1787954354947085817,5932102835963,5932102859445,72,0,0
tx,467,92,1,1,1787954355028863947,1787954354947085817,5932113672204,5932113695149,72,0,0
tx,467,101,1,1,1787954355038654780,1787954354947085817,5932123463056,5932123493149,72,0,0
rx,468,66,1,1,1787954355041967910,1787954355041176354,5932126775908,0,0,0,0
rx,469,67,1,1,1787954355043058687,1787954355042444095,5932127866667,0,0,0,0
rx,470,68,1,1,1787954355044151706,1787954355043837002,5932128959686,0,0,0,0
rx,471,69,1,1,1787954355046456687,1787954355045347039,5932131264704,0,0,0,0
rx,472,70,1,1,1787954355047570021,1787954355046615058,5932132378019,0,0,0,0
rx,473,71,1,1,1787954355048661724,1787954355048197372,5932133469723,0,0,0,0
tx,473,110,1,1,1787954355048669354,1787954355048197372,5932133477612,5932133507834,72,0,0
rx,474,72,1,1,1787954355049854021,1787954355049453947,5932134662000,0,0,0,0
tx,474,119,1,1,1787954355058568021,1787954355049453947,5932143376260,5932143407593,72,0,0
tx,474,128,1,1,1787954355068427372,1787954355049453947,5932153235630,5932153259982,72,0,0
tx,474,137,1,1,1787954355078226854,1787954355049453947,5932163035112,5932163059500,72,0,0
tx,474,147,1,1,1787954355089051780,1787954355049453947,5932173860019,5932173883630,72,0,0
tx,474,157,1,1,1787954355099901817,1787954355049453947,5932184710056,5932184740241,72,0,0
tx,474,166,1,1,1787954355109692502,1787954355049453947,5932194500760,5932194525482,72,0,0
tx,474,175,1,1,1787954355119461947,1787954355049453947,5932204270204,5932204293852,72,0,0
tx,474,184,1,1,1787954355129218595,1787954355049453947,5932214026834,5932214049723,72,0,0
tx,474,194,1,1,1787954355140055521,1787954355049453947,5932224863778,5932224887149,72,0,0
rx,475,73,1,1,1787954355144535909,1787954355143401965,5932229343926,0,0,0,0
rx,476,74,1,0,1787954355145632021,1787954355144527280,5932230440019,0,0,0,0
rx,477,75,1,1,1787954355145637243,1787954355145612539,5932230445241,0,0,0,0
rx,478,76,1,1,1787954355147884780,1787954355146756002,5932232692778,0,0,0,0
rx,479,77,1,0,1787954355149047687,1787954355147878021,5932233855704,0,0,0,0
rx,480,78,1,1,1787954355149053095,1787954355149032780,5932233861112,0,0,0,0
rx,481,79,1,1,1787954355150148039,1787954355150128484,5932234956037,0,0,0,0
tx,481,2,1,1,1787954355150159558,1787954355150128484,5932234967815,5932235016667,72,0,0
tx,481,11,1,1,1787954355160144724,1787954355150128484,5932244952982,5932244982112,72,0,0
tx,481,21,1,1,1787954355170988928,1787954355150128484,5932255797186,5932255820834,72,0,0
tx,481,30,1,1,1787954355180746354,1787954355150128484,5932265554593,5932265578056,72,0,0
tx,481,39,1,1,1787954355190510613,1787954355150128484,5932275318852,5932275345649,72,0,0
tx,481,48,1,1,1787954355200305428,1787954355150128484,5932285113667,5932285139667,72,0,0
tx,481,57,1,1,1787954355210068835,1787954355150128484,5932294877093,5932294901649,72,0,0
tx,481,67,1,1,1787954355220936354,1787954355150128484,5932305744593,5932305768297,72,0,0
tx,481,76,1,1,1787954355230711835,1787954355150128484,5932315520093,5932315544056,72,0,0
tx,481,85,1,1,1787954355240492317,1787954355150128484,5932325300574,5932325328574,72,0,0
rx,482,80,1,1,1787954355245934502,1787954355245623076,5932330742500,0,0,0,0
rx,483,81,1,1,1787954355247029502,1787954355246727391,5932331837519,0,0,0,0
rx,484,82,1,1,1787954355248126372,1787954355247872243,5932332934371,0,0,0,0
rx,485,83,1,1,1787954355249217854,1787954355249000039,5932334025852,0,0,0,0
rx,486,84,1,1,1787954355250308243,1787954355250111132,5932335116260,0,0,0,0
tx,486,94,1,1,1787954355250315743,1787954355250111132,5932335124000,5932335151019,72,0,0
rx,487,85,1,1,1787954355251492169,1787954355251237076,5932336300167,0,0,0,0
rx,488,86,1,1,1787954355252583150,1787954355252350539,5932337391167,0,0,0,0
tx,488,103,1,1,1787954355260190650,1787954355252350539,5932344998908,5932345029667,72,0,0
tx,488,112,1,1,1787954355270036983,1787954355252350539,5932354845241,5932354869649,72,0,0
tx,488,122,1,1,1787954355280888669,1787954355252350539,5932365696926,5932365720760,72,0,0
tx,488,131,1,1,1787954355290652706,1787954355252350539,5932375461000,5932375489611,72,0,0
tx,488,140,1,1,1787954355300415483,1787954355252350539,5932385223723,5932385246815,72,0,0
tx,488,149,1,1,1787954355310173835,1787954355252350539,5932394982093,5932395005963,72,0,0
tx,488,159,1,1,1787954355321017520,1787954355252350539,5932405825778,5932405849037,72,0,0
tx,488,169,1,1,1787954355331884780,1787954355252350539,5932416693019,5932416716389,72,0,0
tx,488,178,1,1,1787954355341653650,1787954355252350539,5932426461926,5932426494371,72,0,0
rx,489,87,1,1,1787954355348185095,1787954355348037798,5932432993093,0,0,0,0
rx,490,88,1,1,1787954355349278780,1787954355349138113,5932434086778,0,0,0,0
rx,491,89,1,1,1787954355350396335,1787954355350292372,5932435204352,0,0,0,0
tx,491,187,1,1,1787954355351515483,1787954355350292372,5932436323723,5932436369167,72,0,0
rx,492,90,1,0,1787954355352743039,1787954355351503187,5932437551037,0,0,0,0
rx,493,91,1,1,1787954355352748595,1787954355352580983,5932437556593,0,0,0,0
rx,494,92,1,1,1787954355353841150,1787954355353692446,5932438649167,0,0,0,0
rx,495,93,1,1,1787954355354932928,1787954355354808446,5932439740945,0,0,0,0
tx,495,196,1,1,1787954355361464669,1787954355354808446,5932446272908,5932446304000,72,0,0
tx,495,4,1,1,1787954355371307983,1787954355354808446,5932456116223,5932456141148,72,0,0
tx,495,13,1,1,1787954355381065557,1787954355354808446,5932465873815,5932465897000,72,0,0
tx,495,23,1,1,1787954355391915409,1787954355354808446,5932476723648,5932476753408,72,0,0
tx,495,32,1,1,1787954355401711687,1787954355354808446,5932486519963,5932486547148,72,0,0
tx,495,41,1,1,1787954355411474317,1787954355354808446,5932496282556,5932496307074,72,0,0
tx,495,50,1,1,1787954355421249965,1787954355354808446,5932506058204,5932506082037,72,0,0
tx,495,59,1,1,1787954355431039669,1787954355354808446,5932515847926,5932515872260,72,0,0
tx,495,69,1,1,1787954355441914594,1787954355354808446,5932526722834,5932526751482,72,0,0
rx,496,94,1,0,1787954355451787002,1787954355450646113,5932536594982,0,0,0,0
rx,497,95,1,1,1787954355451793280,1787954355451777743,5932536601260,0,0,0,0
tx,497,78,1,1,1787954355451800798,1787954355451777743,5932536609056,5932536654185,72,0,0
rx,498,96,1,1,1787954355452999298,1787954355452881798,5932537807315,0,0,0,0
rx,499,97,1,1,1787954355454099872,1787954355454021502,5932538907871,0,0,0,0
rx,500,98,1,1,1787954355455267335,1787954355455207317,5932540075334,0,0,0,0
rx,501,99,1,1,1787954355456364169,1787954355456284891,5932541172185,0,0,0,0
tx,501,87,1,1,1787954355461807761,1787954355456284891,5932546616000,5932546647315,72,0,0
tx,501,96,1,1,1787954355471676780,1787954355456284891,5932556485019,5932556510482,72,0,0
tx,501,105,1,1,1787954355481454983,1787954355456284891,5932566263241,5932566290963,72,0,0
tx,501,114,1,1,1787954355491266002,1787954355456284891,5932576074259,5932576105037,72,0,0
tx,501,123,1,1,1787954355501025335,1787954355456284891,5932585833593,5932585857352,72,0,0
tx,501,133,1,1,1787954355511898557,1787954355456284891,5932596706815,5932596734463,72,0,0
tx,501,142,1,1,1787954355521656354,1787954355456284891,5932606464611,5932606488611,72,0,0
tx,501,151,1,1,1787954355531414743,1787954355456284891,5932616223000,5932616246259,72,0,0
tx,501,160,1,1,1787954355541176668,1787954355456284891,5932625984926,5932626011704,72,0,0
tx,501,170,1,1,1787954355552063187,1787954355456284891,5932636871426,5932636911408,72,0,0
rx,502,100,1,1,1787954355553193965,1787954355553042706,5932638001982,0,0,0,0
rx,503,101,1,1,1787954355554291946,1787954355554268039,5932639099963,0,0,0,0
rx,504,102,1,1,1787954355556518965,1787954355555505428,5932641326945,0,0,0,0
rx,505,103,1,1,1787954355557633076,1787954355556798020,5932642441074,0,0,0,0
rx,506,104,1,1,1787954355558724002,1787954355558377817,5932643532019,0,0,0,0
rx,507,105,1,1,1787954355559814946,1787954355559587983,5932644622945,0,0,0,0
tx,507,179,1,1,1787954355562012483,1787954355559587983,5932646820759,5932646849852,72,0,0
tx,507,189,1,1,1787954355573009891,1787954355559587983,5932657818148,5932657843037,72,0,0
tx,507,198,1,1,1787954355582786168,1787954355559587983,5932667594426,5932667618037,72,0,0
tx,507,6,1,1,1787954355592562428,1787954355559587983,5932677370667,5932677399445,72,0,0
tx,507,15,1,1,1787954355602331187,1787954355559587983,5932687139445,5932687163500,72,0,0
tx,507,24,1,1,1787954355612115261,1787954355559587983,5932696923500,5932696947630,72,0,0
tx,507,34,1,1,1787954355622952650,1787954355559587983,5932707760908,5932707784000,72,0,0
tx,507,43,1,1,1787954355632709743,1787954355559587983,5932717517982,5932717541371,72,0,0
tx,507,52,1,1,1787954355642495354,1787954355559587983,5932727303611,5932727329945,72,0,0
tx,507,61,1,1,1787954355652260113,1787954355559587983,5932737068371,5932737092111,72,0,0
rx,509,107,1,1,1787954355655534520,1787954355655323428,5932740342482,0,0,0,0
rx,510,108,1,1,1787954355656660520,1787954355656640131,5932741468500,0,0,0,0
rx,511,109,1,1,1787954355658876613,1787954355658036835,5932743684611,0,0,0,0
rx,513,111,1,1,1787954355661053557,1787954355660712798,5932745861556,0,0,0,0
rx,514,112,1,1,1787954355662146631,1787954355661741372,5932746954630,0,0,0,0
tx,514,70,1,1,1787954355662154465,1787954355661741372,5932746962722,5932746993667,72,0,0
rx,515,113,1,1,1787954355663337798,1787954355662985742,5932748145815,0,0,0,0
tx,515,80,1,1,1787954355673077872,1787954355662985742,5932757886130,5932757912722,72,0,0
tx,515,90,1,1,1787954355684014724,1787954355662985742,5932768822963,5932768846852,72,0,0
tx,515,100,1,1,1787954355694860057,1787954355662985742,5932779668296,5932779697537,72,0,0
tx,515,109,1,1,1787954355704630539,1787954355662985742,5932789438796,5932789463185,72,0,0
tx,515,118,1,1,1787954355714393742,1787954355662985742,5932799202000,5932799226296,72,0,0
tx,515,127,1,1,1787954355724150891,1787954355662985742,5932808959130,5932808982630,72,0,0
tx,515,137,1,1,1787954355734987002,1787954355662985742,5932819795259,5932819818167,72,0,0
tx,515,146,1,1,1787954355744746779,1787954355662985742,5932829555037,5932829581093,72,0,0
tx,515,155,1,1,1787954355754514742,1787954355662985742,5932839323000,5932839346704,72,0,0
rx,516,114,1,1,1787954355757827002,1787954355757748631,5932842634982,0,0,0,0
rx,517,115,1,1,1787954355760049076,1787954355759037687,5932844857056,0,0,0,0
rx,518,116,1,1,1787954355761145261,1787954355760327465,5932845953278,0,0,0,0
rx,519,117,1,1,1787954355762238317,1787954355761624724,5932847046315,0,0,0,0
rx,520,118,1,1,1787954355763333261,1787954355762839742,5932848141259,0,0,0,0
rx,521,119,1,1,1787954355764424631,1787954355764393761,5932849232648,0,0,0,0
tx,521,164,1,1,1787954355764450057,1787954355764393761,5932849258296,5932849290667,72,0,0
rx,522,120,1,1,1787954355766762742,1787954355765672168,5932851570741,0,0,0,0
tx,522,173,1,1,1787954355774341946,1787954355765672168,5932859150185,5932859175463,72,0,0
tx,522,182,1,1,1787954355784145446,1787954355765672168,5932868953685,5932868977148,72,0,0
tx,522,192,1,1,1787954355795026428,1787954355765672168,5932879834667,5932879862611,72,0,0
tx,522,1,1,1,1787954355805869909,1787954355765672168,5932890678278,5932890701352,72,0,0
tx,522,10,1,1,1787954355815628409,1787954355765672168,5932900436667,5932900461000,72,0,0
tx,522,19,1,1,1787954355825387928,1787954355765672168,5932910196167,5932910219407,72,0,0
tx,522,28,1,1,1787954355835176539,1787954355765672168,5932919984870,5932920052444,72,0,0
tx,522,38,1,1,1787954355846084761,1787954355765672168,5932930893019,5932930918852,72,0,0
tx,522,48,1,1,1787954355856957391,1787954355765672168,5932941765630,5932941798315,72,0,0
rx,523,121,1,1,1787954355860277705,1787954355860005965,5932945085593,0,0,0,0
rx,524,122,1,1,1787954355861375298,1787954355861137872,5932946183296,0,0,0,0
rx,525,123,1,1,1787954355862468724,1787954355862240279,5932947276722,0,0,0,0
rx,526,124,1,1,1787954355863560779,1787954355863348039,5932948368778,0,0,0,0
rx,527,125,1,1,1787954355864652168,1787954355864451779,5932949460185,0,0,0,0
rx,528,126,1,1,1787954355865758298,1787954355865612261,5932950566315,0,0,0,0
rx,529,127,1,1,1787954355866859428,1787954355866717150,5932951667426,0,0,0,0
tx,529,57,1,1,1787954355866871039,1787954355866717150,5932951679278,5932951713704,72,0,0
tx,529,66,1,1,1787954355876761168,1787954355866717150,5932961569407,5932961594352,72,0,0
tx,529,75,1,1,1787954355886557539,1787954355866717150,5932971365778,5932971396056,72,0,0
tx,529,84,1,1,1787954355896325539,1787954355866717150,5932981133778,5932981157315,72,0,0
tx,529,93,1,1,1787954355906084557,1787954355866717150,5932990892815,5932990916611,72,0,0
tx,529,103,1,1,1787954355917016779,1787954355866717150,5933001825111,5933001860148,72,0,0
tx,529,113,1,1,1787954355928034742,1787954355866717150,5933012842981,5933012877667,72,0,0
tx,529,123,1,1,1787954355938897372,1787954355866717150,5933023705630,5933023731111,72,0,0
tx,529,132,1,1,1787954355948682131,1787954355866717150,5933033490389,5933033518333,72,0,0
tx,529,141,1,1,1787954355958465965,1787954355866717150,5933043274204,5933043298278,72,0,0
rx,530,128,1,1,1787954355962845779,1787954355962441742,5933047653759,0,0,0,0
rx,531,129,1,1,1787954355963941316,1787954355963516983,5933048749315,0,0,0,0
rx,532,130,1,1,1787954355965037224,1787954355964618335,5933049845241,0,0,0,0
rx,533,131,1,1,1787954355966128094,1787954355965734094,5933050936074,0,0,0,0
rx,534,132,1,1,1787954355967237724,1787954355966851594,5933052045667,0,0,0,0
rx,535,133,1,1,1787954355968330002,1787954355967976687,5933053138000,0,0,0,0
tx,535,150,1,1,1787954355968337520,1787954355967976687,5933053145778,5933053177463,72,0,0
rx,536,134,1,1,1787954355969529187,1787954355969103372,5933054337185,0,0,0,0
tx,536,159,1,1,1787954355978197946,1787954355969103372,5933063006185,5933063032630,72,0,0
tx,536,168,1,1,1787954355988087742,1787954355969103372,5933072896000,5933072929444,72,0,0
tx,536,178,1,1,1787954355998946798,1787954355969103372,5933083755055,5933083782333,72,0,0
tx,536,187,1,1,1787954356008718965,1787954355969103372,5933093527204,5933093550944,72,0,0
tx,536,196,1,1,1787954356018480687,1787954355969103372,5933103288944,5933103313222,72,0,0
tx,536,4,1,1,1787954356028245261,1787954355969103372,5933113053500,5933113077685,72,0,0
tx,536,13,1,1,1787954356038100483,1787954355969103372,5933122908741,5933122938352,72,0,0
tx,536,23,1,1,1787954356048975872,1787954355969103372,5933133784130,5933133808648,72,0,0
tx,536,32,1,1,1787954356058758335,1787954355969103372,5933143566592,5933143609611,72,0,0
rx,537,135,1,1,1787954356065307242,1787954356064869539,5933150115222,0,0,0,0
rx,538,136,1,1,1787954356066400335,1787954356065952761,5933151208315,0,0,0,0
rx,540,138,1,1,1787954356068598761,1787954356068202983,5933153406759,0,0,0,0
tx,540,41,1,1,1787954356068610779,1787954356068202983,5933153419037,5933153450148,72,0,0
rx,542,140,1,1,1787954356070908779,1787954356070469539,5933155716778,0,0,0,0
tx,542,50,1,1,1787954356078510890,1787954356070469539,5933163319148,5933163345667,72,0,0
tx,542,59,1,1,1787954356088335002,1787954356070469539,5933173143259,5933173173389,72,0,0
tx,542,68,1,1,1787954356098122650,1787954356070469539,5933182930889,5933182954981,72,0,0
tx,542,78,1,1,1787954356108976298,1787954356070469539,5933193784537,5933193811092,72,0,0
tx,542,87,1,1,1787954356118752001,1787954356070469539,5933203560241,5933203584704,72,0,0
tx,542,96,1,1,1787954356128513150,1787954356070469539,5933213321407,5933213344352,72,0,0
tx,542,105,1,1,1787954356138283168,1787954356070469539,5933223091426,5933223118555,72,0,0
tx,542,114,1,1,1787954356148074242,1787954356070469539,5933232882481,5933232907037,72,0,0
tx,542,124,1,1,1787954356158918613,1787954356070469539,5933243726852,5933243750555,72,0,0
rx,543,141,1,1,1787954356167649335,1787954356167390038,5933252457259,0,0,0,0
rx,544,142,1,1,1787954356168743779,1787954356168601909,5933253551759,0,0,0,0
tx,544,133,1,1,1787954356168751261,1787954356168601909,5933253559518,5933253590204,72,0,0
rx,545,143,1,1,1787954356169936057,1787954356169848113,5933254744055,0,0,0,0
rx,546,144,1,1,1787954356172211094,1787954356171074853,5933257019092,0,0,0,0
rx,547,145,1,1,1787954356173323298,1787954356172309020,5933258131296,0,0,0,0
rx,548,146,1,1,1787954356174461779,1787954356173447983,5933259269778,0,0,0,0
rx,549,147,1,1,1787954356175553779,1787954356174662835,5933260361778,0,0,0,0
tx,549,142,1,1,1787954356178804113,1787954356174662835,5933263612352,5933263638685,72,0,0
tx,549,151,1,1,1787954356188656187,1787954356174662835,5933273464444,5933273493259,72,0,0
tx,549,160,1,1,1787954356198422835,1787954356174662835,5933283231074,5933283254981,72,0,0
tx,549,169,1,1,1787954356208201927,1787954356174662835,5933293010166,5933293033722,72,0,0
tx,549,179,1,1,1787954356219065668,1787954356174662835,5933303873926,5933303898092,72,0,0
tx,549,189,1,1,1787954356229961705,1787954356174662835,5933314769963,5933314794241,72,0,0
tx,549,198,1,1,1787954356239727427,1787954356174662835,5933324535722,5933324563518,72,0,0
tx,549,6,1,1,1787954356249492020,1787954356174662835,5933334300278,5933334323666,72,0,0
tx,549,15,1,1,1787954356259296242,1787954356174662835,5933344104500,5933344129055,72,0,0
tx,549,24,1,1,1787954356269110927,1787954356174662835,5933353919185,5933353946018,72,0,0
rx,550,148,1,1,1787954356270226335,1787954356269741242,5933355034315,0,0,0,0
rx,551,149,1,1,1787954356271320224,1787954356270923761,5933356128222,0,0,0,0
rx,552,150,1,1,1787954356272411983,1787954356272121001,5933357219981,0,0,0,0
rx,553,151,1,1,1787954356273503687,1787954356273369001,5933358311685,0,0,0,0
rx,554,152,1,1,1787954356274611113,1787954356274549724,5933359419111,0,0,0,0
rx,556,154,1,1,1787954356277909705,1787954356277021705,5933362717722,0,0,0,0
tx,556,34,1,1,1787954356280085668,1787954356277021705,5933364893926,5933364920870,72,0,0
tx,556,44,1,1,1787954356291025612,1787954356277021705,5933375833889,5933375863074,72,0,0
tx,556,54,1,1,1787954356301895909,1787954356277021705,5933386704166,5933386728611,72,0,0
tx,556,63,1,1,1787954356311661631,1787954356277021705,5933396469889,5933396493111,72,0,0
tx,556,72,1,1,1787954356321422964,1787954356277021705,5933406231222,5933406254426,72,0,0
tx,556,81,1,1,1787954356331181890,1787954356277021705,5933415990148,5933416046315,72,0,0
tx,556,91,1,1,1787954356342077816,1787954356277021705,5933426886277,5933426912833,72,0,0
tx,556,101,1,1,1787954356352942316,1787954356277021705,5933437750555,5933437774333,72,0,0
tx,556,110,1,1,1787954356362746483,1787954356277021705,5933447554740,5933447584815,72,0,0
rx,557,155,1,1,1787954356372523964,1787954356372284575,5933457331944,0,0,0,0
tx,557,119,1,1,1787954356372532816,1787954356372284575,5933457341074,5933457367092,72,0,0
rx,558,156,1,1,1787954356373741964,1787954356373659964,5933458549963,0,0,0,0
rx,559,157,1,1,1787954356375980705,1787954356374890298,5933460788722,0,0,0,0
rx,560,158,1,1,1787954356377071427,1787954356376459557,5933461879426,0,0,0,0
rx,561,159,1,1,1787954356378162187,1787954356377637131,5933462970185,0,0,0,0
rx,562,160,1,1,1787954356379253520,1787954356378818446,5933464061537,0,0,0,0
rx,563,161,1,1,1787954356380345187,1787954356380012927,5933465153203,0,0,0,0
tx,563,128,1,1,1787954356382529390,1787954356380012927,5933467337629,5933467369148,72,0,0
tx,563,137,1,1,1787954356392376131,1787954356380012927,5933477184370,5933477214018,72,0,0
tx,563,146,1,1,1787954356402186890,1787954356380012927,5933486995129,5933487019018,72,0,0
tx,563,156,1,1,1787954356413058798,1787954356380012927,5933497867055,5933497892203,72,0,0
tx,563,166,1,1,1787954356423928835,1787954356380012927,5933508737074,5933508761296,72,0,0
tx,563,175,1,1,1787954356433718964,1787954356380012927,5933518527203,5933518555333,72,0,0
tx,563,184,1,1,1787954356443542520,1787954356380012927,5933528350759,5933528376240,72,0,0
tx,563,193,1,1,1787954356453328816,1787954356380012927,5933538137055,5933538160926,72,0,0
tx,563,1,1,1,1787954356463103705,1787954356380012927,5933547911963,5933547940277,72,0,0
tx,563,11,1,1,1787954356473942983,1787954356380012927,5933558751222,5933558775148,72,0,0
rx,564,162,1,1,1787954356475054835,1787954356474558242,5933559862814,0,0,0,0
rx,565,163,1,1,1787954356476149261,1787954356476001131,5933560957277,0,0,0,0
rx,566,164,1,1,1787954356478417964,1787954356477315779,5933563225907,0,0,0,0
rx,567,165,1,1,1787954356479555168,1787954356478571890,5933564363185,0,0,0,0
rx,568,166,1,1,1787954356480647001,1787954356479797779,5933565455000,0,0,0,0
rx,569,167,1,1,1787954356481742872,1787954356481205816,5933566550889,0,0,0,0
rx,570,168,1,1,1787954356482843890,1787954356482408853,5933567651907,0,0,0,0
tx,570,20,1,1,1787954356483939483,1787954356482408853,5933568747740,5933568780018,72,0,0
tx,570,29,1,1,1787954356493796020,1787954356482408853,5933578604259,5933578634592,72,0,0
tx,570,38,1,1,1787954356503597649,1787954356482408853,5933588405889,5933588429796,72,0,0
tx,570,47,1,1,1787954356513382927,1787954356482408853,5933598191166,5933598215463,72,0,0
tx,570,56,1,1,1787954356523146927,1787954356482408853,5933607955185,5933607978481,72,0,0
tx,570,66,1,1,1787954356534002705,1787954356482408853,5933618810963,5933618835055,72,0,0
tx,570,75,1,1,1787954356543774168,1787954356482408853,5933628582426,5933628609203,72,0,0
tx,570,84,1,1,1787954356553536260,1787954356482408853,5933638344518,5933638367963,72,0,0
tx,570,93,1,1,1787954356563322705,1787954356482408853,5933648130944,5933648159426,72,0,0
tx,570,102,1,1,1787954356573087242,1787954356482408853,5933657895500,5933657919222,72,0,0
rx,571,169,1,1,1787954356577449501,1787954356577002501,5933662257481,0,0,0,0
rx,572,170,1,1,1787954356578542723,1787954356578193557,5933663350703,0,0,0,0
rx,573,171,1,1,1787954356580737020,1787954356579648927,5933665545000,0,0,0,0
rx,574,172,1,1,1787954356581841464,1787954356581057964,5933666649463,0,0,0,0
rx,575,173,1,1,1787954356582940112,1787954356582300279,5933667748129,0,0,0,0
rx,576,174,1,1,1787954356584036464,1787954356583574668,5933668844444,0,0,0,0
tx,576,112,1,1,1787954356584049149,1787954356583574668,5933668857388,5933668888759,72,0,0
rx,577,175,1,1,1787954356585239816,1787954356585069057,5933670047648,0,0,0,0
tx,577,122,1,1,1787954356594985686,1787954356585069057,5933679793944,5933679822629,72,0,0
tx,577,131,1,1,1787954356604843446,1787954356585069057,5933689651685,5933689676037,72,0,0
tx,577,140,1,1,1787954356614655038,1787954356585069057,5933699463296,5933699488740,72,0,0
tx,577,149,1,1,1787954356624425964,1787954356585069057,5933709234203,5933709257981,72,0,0
tx,577,158,1,1,1787954356634190742,1787954356585069057,5933718998981,5933719026166,72,0,0
tx,577,168,1,1,1787954356645035575,1787954356585069057,5933729843814,5933729867518,72,0,0
tx,577,178,1,1,1787954356655883872,1787954356585069057,5933740692129,5933740716537,72,0,0
tx,577,187,1,1,1787954356665647705,1787954356585069057,5933750455944,5933750481500,72,0,0
tx,577,196,1,1,1787954356675411686,1787954356585069057,5933760219925,5933760243351,72,0,0
rx,578,176,1,1,1787954356679786483,1787954356679338909,5933764594462,0,0,0,0
rx,579,177,1,1,1787954356680885872,1787954356680479723,5933765693814,0,0,0,0
rx,580,178,1,1,1787954356681979760,1787954356681743020,5933766787759,0,0,0,0
rx,581,179,1,1,1787954356683070927,1787954356682928890,5933767878944,0,0,0,0
rx,582,180,1,1,1787954356684176409,1787954356684107427,5933768984425,0,0,0,0
tx,582,4,1,1,1787954356685266760,1787954356684107427,5933770075000,5933770109555,72,0,0
tx,582,13,1,1,1787954356695129594,1787954356684107427,5933779937851,5933779963000,72,0,0
tx,582,23,1,1,1787954356705979483,1787954356684107427,5933790787722,5933790811555,72,0,0
tx,582,32,1,1,1787954356715745964,1787954356684107427,5933800554222,5933800578962,72,0,0
tx,582,41,1,1,1787954356725507816,1787954356684107427,5933810316074,5933810339462,72,0,0
tx,582,50,1,1,1787954356735279909,1787954356684107427,5933820088166,5933820116148,72,0,0
tx,582,59,1,1,1787954356745051075,1787954356684107427,5933829859333,5933829883888,72,0,0
tx,582,69,1,1,1787954356755892501,1787954356684107427,5933840700740,5933840723907,72,0,0
tx,582,78,1,1,1787954356765748927,1787954356684107427,5933850557166,5933850588037,72,0,0
tx,582,87,1,1,1787954356775540946,1787954356684107427,5933860349203,5933860373796,72,0,0
rx,584,182,1,1,1787954356782060649,1787954356781733131,5933866868629,0,0,0,0
rx,585,183,1,1,1787954356783153094,1787954356782915797,5933867961092,0,0,0,0
rx,586,184,1,1,1787954356784262871,1787954356784188723,5933869070851,0,0,0,0
tx,586,96,1,1,1787954356785379760,1787954356784188723,5933870188036,5933870220518,72,0,0
tx,586,105,1,1,1787954356795227446,1787954356784188723,5933880035685,5933880062370,72,0,0
tx,586,115,1,1,1787954356806081964,1787954356784188723,5933890890222,5933890914018,72,0,0
tx,586,125,1,1,1787954356816995149,1787954356784188723,5933901803407,5933901827814,72,0,0
tx,586,134,1,1,1787954356826756205,1787954356784188723,5933911564444,5933911588018,72,0,0
tx,586,143,1,1,1787954356836521390,1787954356784188723,5933921329851,5933921357833,72,0,0
tx,586,152,1,1,1787954356846282760,1787954356784188723,5933931090999,5933931114370,72,0,0
tx,586,161,1,1,1787954356856037705,1787954356784188723,5933940845944,5933940869092,72,0,0
tx,586,171,1,1,1787954356866962353,1787954356784188723,5933951770611,5933951803870,72,0,0
tx,586,180,1,1,1787954356876748205,1787954356784188723,5933961556444,5933961581185,72,0,0
rx,587,185,1,1,1787954356884360520,1787954356884063186,5933969168518,0,0,0,0
rx,588,186,1,1,1787954356885453353,1787954356885197927,5933970261370,0,0,0,0
rx,589,187,1,1,1787954356886544168,1787954356886381927,5933971352166,0,0,0,0
tx,589,189,1,1,1787954356886551668,1787954356886381927,5933971360018,5933971393536,72,0,0
rx,590,188,1,1,1787954356887737297,1787954356887555408,5933972545277,0,0,0,0
rx,591,189,1,1,1787954356888860668,1787954356888797353,5933973668666,0,0,0,0
rx,592,190,1,1,1787954356889954983,1787954356889933334,5933974762981,0,0,0,0
rx,593,191,1,1,1787954356892249723,1787954356891098205,5933977057740,0,0,0,0
rx,594,192,1,1,1787954356893360853,1787954356892254686,5933978168851,0,0,0,0
rx,595,193,1,1,1787954356894479668,1787954356893473131,5933979287685,0,0,0,0
rx,596,194,1,1,1787954356895604983,1787954356894676594,5933980412962,0,0,0,0
rx,597,195,1,1,1787954356896719575,1787954356895862371,5933981527592,0,0,0,0
tx,597,198,1,1,1787954356896727353,1787954356895862371,5933981535592,5933981564111,72,0,0
tx,597,6,1,1,1787954356906554594,1787954356895862371,5933991362851,5933991388018,72,0,0
tx,597,15,1,1,1787954356916352408,1787954356895862371,5934001160666,5934001185648,72,0,0
tx,597,24,1,1,1787954356926116520,1787954356895862371,5934010924759,5934010948759,72,0,0
tx,597,34,1,1,1787954356936981242,1787954356895862371,5934021789481,5934021818610,72,0,0
tx,597,43,1,1,1787954356946742427,1787954356895862371,5934031550666,5934031575462,72,0,0
tx,597,52,1,1,1787954356956501557,1787954356895862371,5934041309796,5934041333333,72,0,0
tx,597,61,1,1,1787954356966270464,1787954356895862371,5934051078703,5934051106740,72,0,0
tx,597,70,1,1,1787954356976037482,1787954356895862371,5934060845740,5934060870185,72,0,0
rx,598,196,1,1,1787954356986917334,1787954356986542668,5934071725333,0,0,0,0
tx,598,80,1,1,1787954356986926094,1787954356986542668,5934071734370,5934071767129,72,0,0
rx,599,197,1,1,1787954356988139982,1787954356987741297,5934072947962,0,0,0,0
rx,601,199,1,1,1787954356990313001,1787954356990148501,5934075120999,0,0,0,0
rx,602,200,1,1,1787954356991421982,1787954356991366260,5934076229999,0,0,0,0
rx,603,0,1,1,1787954356993635371,1787954356992916297,5934078443370,0,0,0,0
rx,604,1,1,1,1787954356994731501,1787954356994088408,5934079539499,0,0,0,0
tx,604,89,1,1,1787954356996918131,1787954356994088408,5934081726425,5934081755166,72,0,0
tx,604,98,1,1,1787954357006734853,1787954356994088408,5934091543110,5934091566888,72,0,0
tx,604,107,1,1,1787954357016534705,1787954356994088408,5934101342962,5934101367833,72,0,0
tx,604,116,1,1,1787954357026316668,1787954356994088408,5934111124925,5934111152610,72,0,0
tx,604,125,1,1,1787954357036151001,1787954356994088408,5934120959296,5934120990407,72,0,0
tx,604,135,1,1,1787954357046996279,1787954356994088408,5934131804536,5934131828333,72,0,0
tx,604,144,1,1,1787954357056788501,1787954356994088408,5934141596759,5934141620536,72,0,0
tx,604,153,1,1,1787954357066574075,1787954356994088408,5934151382351,5934151410018,72,0,0
tx,604,162,1,1,1787954357076335927,1787954356994088408,5934161144184,5934161167592,72,0,0
tx,604,171,1,1,1787954357086102538,1787954356994088408,5934170910796,5934170939573,72,0,0
rx,607,4,1,1,1787954357092637779,1787954357091925056,5934177445740,0,0,0,0
rx,608,5,1,1,1787954357093731723,1787954357093425612,5934178539740,0,0,0,0
rx,609,6,1,1,1787954357094823205,1787954357094625019,5934179631203,0,0,0,0
rx,610,7,1,1,1787954357095914519,1787954357095833445,5934180722518,0,0,0,0
rx,611,8,1,1,1787954357097091390,1787954357097066705,5934181899351,0,0,0,0
tx,611,181,1,1,1787954357097099112,1787954357097066705,5934181925981,5934181993314,72,0,0
tx,611,191,1,1,1787954357108075890,1787954357097066705,5934192884147,5934192909314,72,0,0
tx,611,0,1,1,1787954357118915853,1787954357097066705,5934203724110,5934203748166,72,0,0
tx,611,9,1,1,1787954357128672705,1787954357097066705,5934213480944,5934213503999,72,0,0
tx,611,18,1,1,1787954357138465593,1787954357097066705,5934223273833,5934223316777,72,0,0
tx,611,27,1,1,1787954357148267964,1787954357097066705,5934233076221,5934233100221,72,0,0
tx,611,36,1,1,1787954357158034964,1787954357097066705,5934242843221,5934242867036,72,0,0
tx,611,46,1,1,1787954357168898519,1787954357097066705,5934253706758,5934253733351,72,0,0
tx,611,55,1,1,1787954357178660297,1787954357097066705,5934263468592,5934263492221,72,0,0
tx,611,64,1,1,1787954357188428168,1787954357097066705,5934273236425,5934273261629,72,0,0
rx,612,9,1,1,1787954357191705279,1787954357191500075,5934276513296,0,0,0,0
rx,613,10,1,1,1787954357192800723,1787954357192717816,5934277608721,0,0,0,0
rx,614,11,1,1,1787954357193961242,1787954357193936316,5934278769240,0,0,0,0
rx,615,12,1,1,1787954357196195964,1787954357195245630,5934281003962,0,0,0,0
rx,616,13,1,1,1787954357197322334,1787954357196346334,5934282130314,0,0,0,0
rx,617,14,1,1,1787954357198413464,1787954357197600316,5934283221462,0,0,0,0
tx,617,73,1,1,1787954357198420890,1787954357197600316,5934283229147,5934283257870,72,0,0
rx,618,15,1,1,1787954357199600964,1787954357199065668,5934284408962,0,0,0,0
tx,618,82,1,1,1787954357208266649,1787954357199065668,5934293074907,5934293100092,72,0,0
tx,618,91,1,1,1787954357218102723,1787954357199065668,5934302910981,5934302935981,72,0,0
tx,618,101,1,1,1787954357228966667,1787954357199065668,5934313774907,5934313804277,72,0,0
tx,618,110,1,1,1787954357238730445,1787954357199065668,5934323538703,5934323562240,72,0,0
tx,618,119,1,1,1787954357248537667,1787954357199065668,5934333345925,5934333383758,72,0,0
tx,618,128,1,1,1787954357258357427,1787954357199065668,5934343165684,5934343192166,72,0,0
tx,618,137,1,1,1787954357268166519,1787954357199065668,5934352974777,5934353002833,72,0,0
tx,618,147,1,1,1787954357279015649,1787954357199065668,5934363823907,5934363852221,72,0,0
tx,618,157,1,1,1787954357289905945,1787954357199065668,5934374714203,5934374738481,72,0,0
rx,619,16,1,1,1787954357294282871,1787954357294192408,5934379090870,0,0,0,0
rx,620,17,1,1,1787954357296498427,1787954357295690556,5934381306444,0,0,0,0
rx,621,18,1,1,1787954357297589408,1787954357297074556,5934382397407,0,0,0,0
rx,622,19,1,1,1787954357298678612,1787954357298301519,5934383486592,0,0,0,0
rx,623,20,1,1,1787954357299770908,1787954357299586556,5934384578888,0,0,0,0
tx,623,166,1,1,1787954357299782501,1787954357299586556,5934384590758,5934384618981,72,0,0
rx,624,21,1,1,1787954357300965130,1787954357300770556,5934385773129,0,0,0,0
tx,624,175,1,1,1787954357309637130,1787954357300770556,5934394445370,5934394470981,72,0,0
tx,624,184,1,1,1787954357319443260,1787954357300770556,5934404251518,5934404276203,72,0,0
tx,624,193,1,1,1787954357329200704,1787954357300770556,5934414008999,5934414032055,72,0,0
tx,624,2,1,1,1787954357340070834,1787954357300770556,5934424879110,5934424908295,72,0,0
tx,624,12,1,1,1787954357350957223,1787954357300770556,5934435765499,5934435789592,72,0,0
tx,624,21,1,1,1787954357360717649,1787954357300770556,5934445525925,5934445548907,72,0,0
tx,624,30,1,1,1787954357370501704,1787954357300770556,5934455309981,5934455339888,72,0,0
tx,624,39,1,1,1787954357380274279,1787954357300770556,5934465082536,5934465110110,72,0,0
tx,624,48,1,1,1787954357390039316,1787954357300770556,5934474847555,5934474873129,72,0,0
rx,625,22,1,1,1787954357397643223,1787954357396535167,5934482451203,0,0,0,0
rx,626,23,1,1,1787954357398736056,1787954357397994575,5934483544073,0,0,0,0
rx,627,24,1,1,1787954357399827982,1787954357399228982,5934484635999,0,0,0,0
tx,627,58,1,1,1787954357400934316,1787954357399228982,5934485742555,5934485787332,72,0,0
rx,628,25,1,1,1787954357402202834,1787954357401101501,5934487010851,0,0,0,0
rx,629,26,1,1,1787954357403330297,1787954357402309649,5934488138295,0,0,0,0
rx,630,27,1,1,1787954357404498167,1787954357403619575,5934489306166,0,0,0,0
rx,631,28,1,1,1787954357405594686,1787954357404745427,5934490402684,0,0,0,0
tx,631,67,1,1,1787954357411011890,1787954357404745427,5934495820166,5934495847444,72,0,0
tx,631,77,1,1,1787954357421907056,1787954357404745427,5934506715295,5934506739925,72,0,0
tx,631,86,1,1,1787954357431669982,1787954357404745427,5934516478240,5934516512406,72,0,0
tx,631,95,1,1,1787954357441441704,1787954357404745427,5934526249962,5934526273962,72,0,0
tx,631,104,1,1,1787954357451242723,1787954357404745427,5934536050962,5934536074981,72,0,0
tx,631,113,1,1,1787954357461050112,1787954357404745427,5934545858388,5934545882777,72,0,0
tx,631,123,1,1,1787954357471920704,1787954357404745427,5934556728981,5934556755388,72,0,0
tx,631,132,1,1,1787954357481692315,1787954357404745427,5934566500592,5934566529166,72,0,0
tx,631,141,1,1,1787954357491503427,1787954357404745427,5934576311684,5934576338666,72,0,0
rx,632,29,1,1,1787954357499136241,1787954357498821260,5934583944221,0,0,0,0
rx,633,30,1,1,1787954357501365723,1787954357500252649,5934586173703,0,0,0,0
tx,633,150,1,1,1787954357501377501,1787954357500252649,5934586185814,5934586213406,72,0,0
rx,634,31,1,1,1787954357502561519,1787954357501794093,5934587369518,0,0,0,0
rx,636,33,1,1,1787954357504735482,1787954357504075204,5934589543481,0,0,0,0
rx,637,34,1,1,1787954357505826278,1787954357505286982,5934590634277,0,0,0,0
rx,638,35,1,1,1787954357506916704,1787954357506800093,5934591724684,0,0,0,0
tx,638,159,1,1,1787954357511255723,1787954357506800093,5934596063962,5934596089147,72,0,0
tx,638,168,1,1,1787954357521065112,1787954357506800093,5934605873369,5934605897962,72,0,0
tx,638,178,1,1,1787954357531935427,1787954357506800093,5934616743666,5934616771925,72,0,0
tx,638,187,1,1,1787954357541708241,1787954357506800093,5934626516684,5934626541129,72,0,0
tx,638,196,1,1,1787954357551466297,1787954357506800093,5934636274536,5934636297832,72,0,0
tx,638,4,1,1,1787954357561221167,1787954357506800093,5934646029406,5934646052555,72,0,0
tx,638,14,1,1,1787954357572035260,1787954357506800093,5934656843518,5934656870369,72,0,0
tx,638,24,1,1,1787954357582891167,1787954357506800093,5934667699406,5934667725555,72,0,0
tx,638,33,1,1,1787954357592652038,1787954357506800093,5934677460277,5934677483906,72,0,0
rx,639,36,1,1,1787954357601333352,1787954357600827427,5934686141351,0,0,0,0
rx,640,37,1,1,1787954357602426038,1787954357601972186,5934687234036,0,0,0,0
tx,640,42,1,1,1787954357602433519,1787954357601972186,5934687241777,5934687270536,72,0,0
rx,641,38,1,1,1787954357603613019,1787954357603083019,5934688421036,0,0,0,0
rx,642,39,1,1,1787954357604724149,1787954357604218241,5934689532166,0,0,0,0
rx,643,40,1,1,1787954357605815667,1787954357605358945,5934690623666,0,0,0,0
rx,644,41,1,1,1787954357606909019,1787954357606470704,5934691717017,0,0,0,0
rx,645,42,1,1,1787954357607999464,1787954357607589389,5934692807462,0,0,0,0
tx,645,51,1,1,1787954357612329704,1787954357607589389,5934697137962,5934697164851,72,0,0
tx,645,60,1,1,1787954357622212945,1787954357607589389,5934707021184,5934707045980,72,0,0
tx,645,70,1,1,1787954357633060815,1787954357607589389,5934717869055,5934717898592,72,0,0
tx,645,80,1,1,1787954357643906408,1787954357607589389,5934728714666,5934728738684,72,0,0
tx,645,89,1,1,1787954357653730464,1787954357607589389,5934738538721,5934738573258,72,0,0
tx,645,98,1,1,1787954357663517630,1787954357607589389,5934748325925,5934748349369,72,0,0
tx,645,107,1,1,1787954357673303649,1787954357607589389,5934758111925,5934758137406,72,0,0
tx,645,116,1,1,1787954357683069964,1787954357607589389,5934767878203,5934767905277,72,0,0
tx,645,126,1,1,1787954357693913426,1787954357607589389,5934778721703,5934778759666,72,0,0
rx,646,43,1,1,1787954357703693426,1787954357703278815,5934788501388,0,0,0,0
tx,646,135,1,1,1787954357703702186,1787954357703278815,5934788510554,5934788537851,72,0,0
rx,647,44,1,1,1787954357704877723,1787954357704405297,5934789685721,0,0,0,0
rx,648,45,1,1,1787954357705969075,1787954357705541167,5934790777073,0,0,0,0
rx,649,46,1,1,1787954357707059908,1787954357706683112,5934791867888,0,0,0,0
rx,650,47,1,1,1787954357708150686,1787954357707802149,5934792958684,0,0,0,0
rx,651,48,1,1,1787954357709241167,1787954357708923982,5934794049166,0,0,0,0
rx,652,49,1,1,1787954357710331908,1787954357710073334,5934795139906,0,0,0,0
tx,652,144,1,1,1787954357713586019,1787954357710073334,5934798394277,5934798421480,72,0,0
tx,652,153,1,1,1787954357723422871,1787954357710073334,5934808231129,5934808255777,72,0,0
tx,652,162,1,1,1787954357733193982,1787954357710073334,5934818002277,5934818031184,72,0,0
tx,652,172,1,1,1787954357744044686,1787954357710073334,5934828852943,5934828877036,72,0,0
tx,652,182,1,1,1787954357754881001,1787954357710073334,5934839689240,5934839712388,72,0,0
tx,652,191,1,1,1787954357764653871,1787954357710073334,5934849462166,5934849488054,72,0,0
tx,652,200,1,1,1787954357774419297,1787954357710073334,5934859227573,5934859254666,72,0,0
tx,652,8,1,1,1787954357784191630,1787954357710073334,5934868999869,5934869026517,72,0,0
tx,652,18,1,1,1787954357795031075,1787954357710073334,5934879839332,5934879862758,72,0,0
rx,653,50,1,1,1787954357805871315,1787954357805682093,5934890679314,0,0,0,0
tx,653,28,1,1,1787954357805879982,1787954357805682093,5934890688240,5934890714888,72,0,0
rx,654,51,1,1,1787954357807103926,1787954357806778630,5934891911943,0,0,0,0
rx,655,52,1,1,1787954357808220852,1787954357807867612,5934893028851,0,0,0,0
rx,656,53,1,1,1787954357809311482,1787954357808988963,5934894119499,0,0,0,0
rx,657,54,1,1,1787954357810402019,1787954357810111186,5934895210017,0,0,0,0
rx,658,55,1,1,1787954357811491389,1787954357811238889,5934896299388,0,0,0,0
tx,658,37,1,1,1787954357815865408,1787954357811238889,5934900673777,5934900700073,72,0,0
tx,658,46,1,1,1787954357825695056,1787954357811238889,5934910503332,5934910534166,72,0,0
tx,658,55,1,1,1787954357835464000,1787954357811238889,5934920272258,5934920295721,72,0,0
tx,658,64,1,1,1787954357845249463,1787954357811238889,5934930057740,5934930081758,72,0,0
tx,658,73,1,1,1787954357855021278,1787954357811238889,5934939829536,5934939853517,72,0,0
tx,658,83,1,1,1787954357865889019,1787954357811238889,5934950697277,5934950730795,72,0,0
tx,658,92,1,1,1787954357875700000,1787954357811238889,5934960508277,5934960540536,72,0,0
tx,658,101,1,1,1787954357885503797,1787954357811238889,5934970312036,5934970335851,72,0,0
tx,658,110,1,1,1787954357895274093,1787954357811238889,5934980082443,5934980106684,72,0,0
tx,658,119,1,1,1787954357905056093,1787954357811238889,5934989864332,5934989888406,72,0,0
rx,659,56,1,1,1787954357908331500,1787954357908048889,5934993139499,0,0,0,0
rx,660,57,1,1,1787954357909424260,1787954357909178852,5934994232258,0,0,0,0
rx,661,58,1,1,1787954357910515463,1787954357910356112,5934995323462,0,0,0,0
rx,662,59,1,1,1787954357911632112,1787954357911503537,5934996440128,0,0,0,0
rx,663,60,1,1,1787954357912725037,1787954357912579574,5934997533017,0,0,0,0
rx,664,61,1,1,1787954357913813112,1787954357913685667,5934998621128,0,0,0,0
rx,665,62,1,1,1787954357914901074,1787954357914805371,5934999709073,0,0,0,0
tx,665,129,1,1,1787954357915990019,1787954357914805371,5935000798277,5935000826314,72,0,0
tx,665,138,1,1,1787954357925823056,1787954357914805371,5935010631314,5935010655721,72,0,0
tx,665,147,1,1,1787954357935616741,1787954357914805371,5935020424999,5935020453721,72,0,0
tx,665,156,1,1,1787954357945385519,1787954357914805371,5935030193758,5935030217925,72,0,0
tx,665,165,1,1,1787954357955162574,1787954357914805371,5935039970869,5935039994517,72,0,0
tx,665,175,1,1,1787954357966026926,1787954357914805371,5935050835184,5935050858610,72,0,0
tx,665,185,1,1,1787954357976896926,1787954357914805371,5935061705165,5935061736517,72,0,0
tx,665,194,1,1,1787954357986692537,1787954357914805371,5935071500832,5935071530202,72,0,0
tx,665,2,1,1,1787954357996461537,1787954357914805371,5935081269814,5935081293351,72,0,0
tx,665,11,1,1,1787954358006250315,1787954357914805371,5935091058573,5935091082091,72,0,0
rx,666,63,1,1,1787954358010611056,1787954358010449074,5935095419036,0,0,0,0
rx,667,64,1,1,1787954358011704371,1787954358011550204,5935096512369,0,0,0,0
tx,667,20,1,1,1787954358016046000,1787954358011550204,5935100854258,5935100880888,72,0,0
tx,667,30,1,1,1787954358026970686,1787954358011550204,5935111778943,5935111807739,72,0,0
tx,667,39,1,1,1787954358036817186,1787954358011550204,5935121625443,5935121652721,72,0,0
tx,667,48,1,1,1787954358046582297,1787954358011550204,5935131390536,5935131414239,72,0,0
tx,667,57,1,1,1787954358056363130,1787954358011550204,5935141171388,5935141195906,72,0,0
tx,667,66,1,1,1787954358066123667,1787954358011550204,5935150931925,5935150955351,72,0,0
tx,667,76,1,1,1787954358076975556,1787954358011550204,5935161783814,5935161814147,72,0,0
tx,667,85,1,1,1787954358086790963,1787954358011550204,5935171599202,5935171624276,72,0,0
tx,667,94,1,1,1787954358096566797,1787954358011550204,5935181375073,5935181399128,72,0,0
tx,667,103,1,1,1787954358106331852,1787954358011550204,5935191140110,5935191163684,72,0,0
tx,667,112,1,1,1787954358116091148,1787954358011550204,5935200899406,5935200923443,72,0,0
tx,667,122,1,1,1787954358126936574,1787954358011550204,5935211744832,5935211772888,72,0,0
tx,667,131,1,1,1787954358136718408,1787954358011550204,5935221526647,5935221550554,72,0,0
tx,667,140,1,1,1787954358146481426,1787954358011550204,5935231289665,5935231313128,72,0,0
tx,667,149,1,1,1787954358156257074,1787954358011550204,5935241065332,5935241088721,72,0,0
tx,667,158,1,1,1787954358166031074,1787954358011550204,5935250839332,5935250862758,72,0,0
tx,667,168,1,1,1787954358176915389,1787954358011550204,5935261723684,5935261749406,72,0,0
tx,667,177,1,1,1787954358186692222,1787954358011550204,5935271500462,5935271526665,72,0,0
tx,667,186,1,1,1787954358196451389,1787954358011550204,5935281259628,5935281283165,72,0,0
tx,667,195,1,1,1787954358206208722,1787954358011550204,5935291016980,5935291039962,72,0,0
tx,667,4,1,1,1787954358217047648,1787954358011550204,5935301855906,5935301881073,72,0,0
tx,667,14,1,1,1787954358227895315,1787954358011550204,5935312703554,5935312731443,72,0,0
tx,667,23,1,1,1787954358237656389,1787954358011550204,5935322464628,5935322488128,72,0,0
tx,667,32,1,1,1787954358247415371,1787954358011550204,5935332223610,5935332247054,72,0,0
tx,667,41,1,1,1787954358257184056,1787954358011550204,5935341992313,5935342015684,72,0,0
tx,667,51,1,1,1787954358268028278,1787954358011550204,5935352836536,5935352860128,72,0,0
tx,667,61,1,1,1787954358278923500,1787954358011550204,5935363731776,5935363761406,72,0,0
tx,667,70,1,1,1787954358288688278,1787954358011550204,5935373496517,5935373520128,72,0,0
tx,667,79,1,1,1787954358298482259,1787954358011550204,5935383290517,5935383314480,72,0,0
tx,667,88,1,1,1787954358308245908,1787954358011550204,5935393054165,5935393078258,72,0,0
tx,667,98,1,1,1787954358319087834,1787954358011550204,5935403896091,5935403919702,72,0,0
tx,667,108,1,1,1787954358330003982,1787954358011550204,5935414812369,5935414839350,72,0,0
tx,667,117,1,1,1787954358339768296,1787954358011550204,5935424576536,5935424600128,72,0,0
tx,667,126,1,1,1787954358349524852,1787954358011550204,5935434333091,5935434355999,72,0,0
tx,667,135,1,1,1787954358359291315,1787954358011550204,5935444099554,5935444122739,72,0,0
tx,667,144,1,1,1787954358369049037,1787954358011550204,5935453857276,5935453880387,72,0,0
tx,667,154,1,1,1787954358379908130,1787954358011550204,5935464716387,5935464744850,72,0,0
tx,667,163,1,1,1787954358389670130,1787954358011550204,5935474478369,5935474502017,72,0,0
tx,667,172,1,1,1787954358399426722,1787954358011550204,5935484234961,5935484258017,72,0,0
tx,667,181,1,1,1787954358409183611,1787954358011550204,5935493991850,5935494031573,72,0,0
tx,667,191,1,1,1787954358420050667,1787954358011550204,5935504858924,5935504887387,72,0,0
tx,667,0,1,1,1787954358430928167,1787954358011550204,5935515736424,5935515760906,72,0,0
tx,667,9,1,1,1787954358440710370,1787954358011550204,5935525518610,5935525542536,72,0,0
tx,667,18,1,1,1787954358450472722,1787954358011550204,5935535280961,5935535304832,72,0,0
tx,667,27,1,1,1787954358460238685,1787954358011550204,5935545046943,5935545070480,72,0,0
tx,667,36,1,1,1787954358470024445,1787954358011550204,5935554832702,5935554856628,72,0,0
tx,667,46,1,1,1787954358480885945,1787954358011550204,5935565694184,5935565728239,72,0,0
tx,667,55,1,1,1787954358490679963,1787954358011550204,5935575488239,5935575532387,72,0,0
tx,667,64,1,1,1787954358500466815,1787954358011550204,5935585275073,5935585298980,72,0,0
tx,667,73,1,1,1787954358510242167,1787954358011550204,5935595050406,5935595073573,72,0,0
tx,667,83,1,1,1787954358521077444,1787954358011550204,5935605885702,5935605909443,72,0,0
tx,667,93,1,1,1787954358531944519,1787954358011550204,5935616752776,5935616780647,72,0,0
tx,667,102,1,1,1787954358541712611,1787954358011550204,5935626520869,5935626544572,72,0,0
tx,667,111,1,1,1787954358551471167,1787954358011550204,5935636279406,5935636302258,72,0,0
tx,667,120,1,1,1787954358561226444,1787954358011550204,5935646034684,5935646058054,72,0,0
tx,667,130,1,1,1787954358572062019,1787954358011550204,5935656870276,5935656900221,72,0,0
tx,667,140,1,1,1787954358582911759,1787954358011550204,5935667720017,5935667746406,72,0,0
tx,667,149,1,1,1787954358592670944,1787954358011550204,5935677479184,5935677502128,72,0,0
tx,667,158,1,1,1787954358602465167,1787954358011550204,5935687273424,5935687297813,72,0,0
tx,667,167,1,1,1787954358612253667,1787954358011550204,5935697061906,5935697086461,72,0,0
tx,667,176,1,1,1787954358622027648,1787954358011550204,5935706835906,5935706864906,72,0,0
tx,667,186,1,1,1787954358632873630,1787954358011550204,5935717681887,5935717705906,72,0,0
tx,667,195,1,1,1787954358642629148,1787954358011550204,5935727437387,5935727460517,72,0,0
tx,667,3,1,1,1787954358652391722,1787954358011550204,5935737199980,5935737223369,72,0,0
tx,667,12,1,1,1787954358662149333,1787954358011550204,5935746957591,5935746980721,72,0,0
tx,667,22,1,1,1787954358673001796,1787954358011550204,5935757810091,5935757843424,72,0,0
tx,667,31,1,1,1787954358682809518,1787954358011550204,5935767617758,5935767642684,72,0,0
tx,667,40,1,1,1787954358692624889,1787954358011550204,5935777433146,5935777457609,72,0,0
tx,667,49,1,1,1787954358702385759,1787954358011550204,5935787193998,5935787217443,72,0,0
tx,667,58,1,1,1787954358712141926,1787954358011550204,5935796950165,5935796973646,72,0,0
tx,667,68,1,1,1787954358722975796,1787954358011550204,5935807784035,5935807807498,72,0,0
tx,667,77,1,1,1787954358732742741,1787954358011550204,5935817550980,5935817579109,72,0,0
tx,667,86,1,1,1787954358742503370,1787954358011550204,5935827311609,5935827335239,72,0,0
tx,667,95,1,1,1787954358752259000,1787954358011550204,5935837067239,5935837090683,72,0,0
tx,667,104,1,1,1787954358762073593,1787954358011550204,5935846881850,5935846909980,72,0,0
tx,667,114,1,1,1787954358772963833,1787954358011550204,5935857772072,5935857801406,72,0,0
tx,667,123,1,1,1787954358782731130,1787954358011550204,5935867539387,5935867565165,72,0,0
tx,667,132,1,1,1787954358792488407,1787954358011550204,5935877296646,5935877320072,72,0,0
tx,667,141,1,1,1787954358802241741,1787954358011550204,5935887049980,5935887073165,72,0,0
tx,667,151,1,1,1787954358813081685,1787954358011550204,5935897889924,5935897914109,72,0,0
tx,667,161,1,1,1787954358823925370,1787954358011550204,5935908733609,5935908762591,72,0,0
tx,667,170,1,1,1787954358833728167,1787954358011550204,5935918536406,5935918560313,72,0,0
tx,667,179,1,1,1787954358843512592,1787954358011550204,5935928320869,5935928344646,72,0,0
tx,667,188,1,1,1787954358853279296,1787954358011550204,5935938087535,5935938111498,72,0,0
tx,667,197,1,1,1787954358863067018,1787954358011550204,5935947875257,5935947908406,72,0,0
tx,667,6,1,1,1787954358873920889,1787954358011550204,5935958729146,5935958764757,72,0,0
tx,667,15,1,1,1787954358883693907,1787954358011550204,5935968502146,5935968527332,72,0,0
tx,667,24,1,1,1787954358893509352,1787954358011550204,5935978317591,5935978342646,72,0,0
tx,667,33,1,1,1787954358903286185,1787954358011550204,5935988094424,5935988118109,72,0,0
tx,667,42,1,1,1787954358913047592,1787954358011550204,5935997855832,5935997879443,72,0,0
tx,667,52,1,1,1787954358923916000,1787954358011550204,5936008724257,5936008756387,72,0,0
tx,667,61,1,1,1787954358933699426,1787954358011550204,5936018507665,5936018532350,72,0,0
tx,667,70,1,1,1787954358943462426,1787954358011550204,5936028270683,5936028294369,72,0,0
tx,667,79,1,1,1787954358953217666,1787954358011550204,5936038025906,5936038049331,72,0,0
tx,667,89,1,1,1787954358964050259,1787954358011550204,5936048858498,5936048881406,72,0,0
tx,667,99,1,1,1787954358974968000,1787954358011550204,5936059776276,5936059807128,72,0,0
tx,667,108,1,1,1787954358984752907,1787954358011550204,5936069561165,5936069588591,72,0,0
tx,667,117,1,1,1787954358994519148,1787954358011550204,5936079327406,5936079351887,72,0,0
tx,667,126,1,1,1787954359004308518,1787954358011550204,5936089116776,5936089140702,72,0,0
tx,667,135,1,1,1787954359014075000,1787954358011550204,5936098883257,5936098908406,72,0,0
tx,667,145,1,1,1787954359024931666,1787954358011550204,5936109739924,5936109769702,72,0,0
tx,667,154,1,1,1787954359034788074,1787954358011550204,5936119596331,5936119623720,72,0,0
tx,667,163,1,1,1787954359044554055,1787954358011550204,5936129362313,5936129386535,72,0,0
tx,667,172,1,1,1787954359054308500,1787954358011550204,5936139116739,5936139140054,72,0,0
tx,667,181,1,1,1787954359064070574,1787954358011550204,5936148878831,5936148901868,72,0,0
tx,667,191,1,1,1787954359074913963,1787954358011550204,5936159722220,5936159753943,72,0,0
tx,667,200,1,1,1787954359084695315,1787954358011550204,5936169503572,5936169527405,72,0,0
tx,667,8,1,1,1787954359094454037,1787954358011550204,5936179262294,5936179303331,72,0,0
tx,667,17,1,1,1787954359104247037,1787954358011550204,5936189055276,5936189078924,72,0,0
tx,667,26,1,1,1787954359114023148,1787954358011550204,5936198831405,5936198854609,72,0,0
tx,667,36,1,1,1787954359124863259,1787954358011550204,5936209671554,5936209699702,72,0,0
tx,667,45,1,1,1787954359134667018,1787954358011550204,5936219475276,5936219499276,72,0,0
tx,667,54,1,1,1787954359144433055,1787954358011550204,5936229241313,5936229265035,72,0,0
tx,667,63,1,1,1787954359154205740,1787954358011550204,5936239013980,5936239037331,72,0,0
tx,667,73,1,1,1787954359165062555,1787954358011550204,5936249870813,5936249894109,72,0,0
tx,667,83,1,1,1787954359175928240,1787954358011550204,5936260736517,5936260766461,72,0,0
tx,667,92,1,1,1787954359185711370,1787954358011550204,5936270519628,5936270543350,72,0,0
tx,667,101,1,1,1787954359195466907,1787954358011550204,5936280275165,5936280298239,72,0,0
tx,667,110,1,1,1787954359205221777,1787954358011550204,5936290030017,5936290053720,72,0,0
tx,667,120,1,1,1787954359216091518,1787954358011550204,5936300899794,5936300928535,72,0,0
tx,667,130,1,1,1787954359226946074,1787954358011550204,5936311754331,5936311780813,72,0,0
tx,667,139,1,1,1787954359236706833,1787954358011550204,5936321515091,5936321538831,72,0,0
tx,667,148,1,1,1787954359246504518,1787954358011550204,5936331312757,5936331336517,72,0,0
tx,667,157,1,1,1787954359256312203,1787954358011550204,5936341120442,5936341144165,72,0,0
tx,667,166,1,1,1787954359266073296,1787954358011550204,5936350881554,5936350907905,72,0,0
