event,sequence,counter,valid_self,adopted,realtime_ns,kernel_ns,monotonic_ns,write_end_ns,written,socket_drop_total,trace_record_overflow
rx,1,1,1,1,1787953972572168471,1787953972571364860,5549656976543,0,0,0,0
tx,1,1,1,1,1787953972572173397,1787953972571364860,5549656981580,5549657010154,72,0,0
rx,2,2,1,1,1787953972587180637,1787953972586280952,5549671988710,0,0,0,0
tx,2,2,1,1,1787953972587185119,1787953972586280952,5549671993395,5549672027154,72,0,0
rx,3,3,1,1,1787953972602273971,1787953972602123137,5549687082043,0,0,0,0
tx,3,3,1,1,1787953972602280286,1787953972602123137,5549687088469,5549687106414,72,0,0
rx,4,4,1,1,1787953972617249286,1787953972617063119,5549702057358,0,0,0,0
tx,4,4,1,1,1787953972617253434,1787953972617063119,5549702061691,5549702076710,72,0,0
rx,5,5,1,1,1787953972632193600,1787953972631450526,5549717001673,0,0,0,0
tx,5,5,1,1,1787953972632197730,1787953972631450526,5549717005969,5549717026340,72,0,0
rx,6,6,1,1,1787953972647175045,1787953972646681582,5549731983117,0,0,0,0
tx,6,6,1,1,1787953972647179323,1787953972646681582,5549731987580,5549732022062,72,0,0
rx,7,7,1,1,1787953972662163786,1787953972661615082,5549746971858,0,0,0,0
tx,7,7,1,1,1787953972662168434,1787953972661615082,5549746976673,5549746995099,72,0,0
rx,8,8,1,1,1787953972677142860,1787953972676580137,5549761950932,0,0,0,0
tx,8,8,1,1,1787953972677147397,1787953972676580137,5549761955580,5549761975784,72,0,0
rx,9,9,1,1,1787953972692123934,1787953972691823489,5549776932006,0,0,0,0
tx,9,9,1,1,1787953972692127656,1787953972691823489,5549776935914,5549776952728,72,0,0
rx,10,10,1,1,1787953972707094711,1787953972706748563,5549791902784,0,0,0,0
tx,10,10,1,1,1787953972707098674,1787953972706748563,5549791906877,5549791922451,72,0,0
rx,11,11,1,1,1787953972723140119,1787953972722080174,5549807948191,0,0,0,0
tx,11,11,1,1,1787953972723144860,1787953972722080174,5549807953099,5549807973117,72,0,0
rx,12,12,1,1,1787953972737063341,1787953972736788934,5549821871414,0,0,0,0
tx,12,12,1,1,1787953972737067545,1787953972736788934,5549821875784,5549821892895,72,0,0
rx,13,13,1,1,1787953972752027249,1787953972751549915,5549836835321,0,0,0,0
tx,13,13,1,1,1787953972752031378,1787953972751549915,5549836839617,5549836854599,72,0,0
rx,14,14,1,1,1787953972768055526,1787953972766986582,5549852863599,0,0,0,0
tx,14,14,1,1,1787953972768059934,1787953972766986582,5549852868173,5549852885136,72,0,0
rx,15,15,1,1,1787953972781964323,1787953972781558804,5549866772395,0,0,0,0
tx,15,15,1,1,1787953972781968489,1787953972781558804,5549866776728,5549866795895,72,0,0
rx,16,16,1,1,1787953972796940248,1787953972796559656,5549881748302,0,0,0,0
tx,16,16,1,1,1787953972796943989,1787953972796559656,5549881752173,5549881767302,72,0,0
rx,17,17,1,1,1787953972811927730,1787953972811634748,5549896735802,0,0,0,0
tx,17,17,1,1,1787953972811931711,1787953972811634748,5549896739951,5549896754802,72,0,0
rx,18,18,1,1,1787953972827939823,1787953972827417785,5549912747895,0,0,0,0
tx,18,18,1,1,1787953972827944378,1787953972827417785,5549912752562,5549912772173,72,0,0
rx,19,19,1,1,1787953972841846341,1787953972841545378,5549926654413,0,0,0,0
tx,19,19,1,1,1787953972841850156,1787953972841545378,5549926658413,5549926673728,72,0,0
rx,20,20,1,1,1787953972856828508,1787953972856769878,5549941636451,0,0,0,0
tx,20,20,1,1,1787953972856833008,1787953972856769878,5549941641284,5549941666784,72,0,0
rx,21,21,1,1,1787953972872922711,1787953972871975545,5549957730784,0,0,0,0
tx,21,21,1,1,1787953972872927248,1787953972871975545,5549957735469,5549957757636,72,0,0
rx,22,22,1,1,1787953972887921397,1787953972886957656,5549972729469,0,0,0,0
tx,22,22,1,1,1787953972887925878,1787953972886957656,5549972734117,5549972754506,72,0,0
rx,23,23,1,1,1787953972902876285,1787953972901963971,5549987684358,0,0,0,0
tx,23,23,1,1,1787953972902880415,1787953972901963971,5549987688784,5549987704562,72,0,0
rx,24,24,1,1,1787953972917845508,1787953972916839248,5550002653562,0,0,0,0
tx,24,24,1,1,1787953972917849304,1787953972916839248,5550002657506,5550002672173,72,0,0
rx,25,25,1,1,1787953972932809748,1787953972931833397,5550017617821,0,0,0,0
tx,25,25,1,1,1787953972932814304,1787953972931833397,5550017622488,5550017641599,72,0,0
rx,26,26,1,1,1787953972947756397,1787953972947027211,5550032564469,0,0,0,0
tx,26,26,1,1,1787953972947762211,1787953972947027211,5550032570450,5550032584913,72,0,0
rx,27,27,1,1,1787953972962727415,1787953972962083693,5550047535487,0,0,0,0
tx,27,27,1,1,1787953972962732026,1787953972962083693,5550047540265,5550047557062,72,0,0
rx,28,28,1,1,1787953972979835341,1787953972979422989,5550064643413,0,0,0,0
tx,28,28,1,1,1787953972979841841,1787953972979422989,5550064650080,5550064668876,72,0,0
rx,29,29,1,1,1787953972992680434,1787953972991710137,5550077488506,0,0,0,0
tx,29,29,1,1,1787953972992684434,1787953972991710137,5550077492673,5550077508062,72,0,0
rx,30,30,1,1,1787953973007650137,1787953973006919100,5550092458210,0,0,0,0
tx,30,30,1,1,1787953973007653841,1787953973006919100,5550092462099,5550092476784,72,0,0
rx,31,31,1,1,1787953973022602674,1787953973021977211,5550107410747,0,0,0,0
tx,31,31,1,1,1787953973022607415,1787953973021977211,5550107415636,5550107435932,72,0,0
rx,32,32,1,1,1787953973037560730,1787953973037195637,5550122368802,0,0,0,0
tx,32,32,1,1,1787953973037564471,1787953973037195637,5550122372654,5550122388321,72,0,0
rx,33,33,1,1,1787953973052545008,1787953973051564193,5550137353080,0,0,0,0
tx,33,33,1,1,1787953973052550415,1787953973051564193,5550137358599,5550137373765,72,0,0
rx,34,34,1,1,1787953973067526896,1787953973067045730,5550152334969,0,0,0,0
tx,34,34,1,1,1787953973067530915,1787953973067045730,5550152339173,5550152355543,72,0,0
rx,35,35,1,1,1787953973082504600,1787953973081852415,5550167312673,0,0,0,0
tx,35,35,1,1,1787953973082508730,1787953973081852415,5550167316913,5550167336784,72,0,0
rx,36,36,1,1,1787953973097486267,1787953973096543471,5550182294339,0,0,0,0
tx,36,36,1,1,1787953973097490211,1787953973096543471,5550182298469,5550182313691,72,0,0
rx,37,37,1,1,1787953973112456267,1787953973111466619,5550197264339,0,0,0,0
tx,37,37,1,1,1787953973112460063,1787953973111466619,5550197268247,5550197284024,72,0,0
rx,38,38,1,1,1787953973127426563,1787953973126493267,5550212234636,0,0,0,0
tx,38,38,1,1,1787953973127431026,1787953973126493267,5550212239265,5550212259136,72,0,0
rx,39,39,1,1,1787953973142424322,1787953973142197637,5550227232395,0,0,0,0
tx,39,39,1,1,1787953973142428915,1787953973142197637,5550227237098,5550227252450,72,0,0
rx,40,40,1,1,1787953973157356452,1787953973156518082,5550242164524,0,0,0,0
tx,40,40,1,1,1787953973157361989,1787953973156518082,5550242170173,5550242185506,72,0,0
rx,41,41,1,1,1787953973172279878,1787953973171550785,5550257087950,0,0,0,0
tx,41,41,1,1,1787953973172284693,1787953973171550785,5550257092876,5550257110432,72,0,0
rx,42,42,1,1,1787953973187261100,1787953973187043026,5550272069173,0,0,0,0
tx,42,42,1,1,1787953973187265452,1787953973187043026,5550272073710,5550272093747,72,0,0
rx,43,43,1,1,1787953973202210285,1787953973201997156,5550287018358,0,0,0,0
tx,43,43,1,1,1787953973202214211,1787953973201997156,5550287022395,5550287037135,72,0,0
rx,44,44,1,1,1787953973217159637,1787953973216705693,5550301967710,0,0,0,0
tx,44,44,1,1,1787953973217163174,1787953973216705693,5550301971432,5550301986617,72,0,0
rx,45,45,1,1,1787953973232129804,1787953973231666045,5550316937876,0,0,0,0
tx,45,45,1,1,1787953973232134230,1787953973231666045,5550316942469,5550316961858,72,0,0
rx,46,46,1,1,1787953973248171878,1787953973247211100,5550332979950,0,0,0,0
tx,46,46,1,1,1787953973248175822,1787953973247211100,5550332984024,5550332999228,72,0,0
rx,47,47,1,1,1787953973262071563,1787953973261655396,5550346879635,0,0,0,0
tx,47,47,1,1,1787953973262078007,1787953973261655396,5550346886191,5550346902358,72,0,0
rx,48,48,1,1,1787953973277054970,1787953973276605341,5550361863043,0,0,0,0
tx,48,48,1,1,1787953973277059415,1787953973276605341,5550361867598,5550361886376,72,0,0
rx,49,49,1,1,1787953973292022859,1787953973291683396,5550376830932,0,0,0,0
tx,49,49,1,1,1787953973292026656,1787953973291683396,5550376834839,5550376850543,72,0,0
rx,50,50,1,1,1787953973308058230,1787953973307006415,5550392866302,0,0,0,0
tx,50,50,1,1,1787953973308061952,1787953973307006415,5550392870135,5550392885710,72,0,0
rx,51,51,1,1,1787953973321949470,1787953973321658082,5550406757543,0,0,0,0
tx,51,51,1,1,1787953973321953804,1787953973321658082,5550406762024,5550406781821,72,0,0
rx,52,52,1,1,1787953973337962970,1787953973337306470,5550422771043,0,0,0,0
tx,52,52,1,1,1787953973337966785,1787953973337306470,5550422774969,5550422790635,72,0,0
rx,53,53,1,1,1787953973352912007,1787953973351954433,5550437720080,0,0,0,0
tx,53,53,1,1,1787953973352915896,1787953973351954433,5550437724080,5550437739191,72,0,0
rx,54,54,1,1,1787953973367887267,1787953973367070044,5550452695339,0,0,0,0
tx,54,54,1,1,1787953973367891581,1787953973367070044,5550452699858,5550452721135,72,0,0
rx,55,55,1,1,1787953973382867304,1787953973381807804,5550467675358,0,0,0,0
tx,55,55,1,1,1787953973382873452,1787953973381807804,5550467681635,5550467698061,72,0,0
rx,56,56,1,1,1787953973397835970,1787953973397004767,5550482644043,0,0,0,0
tx,56,56,1,1,1787953973397839674,1787953973397004767,5550482647858,5550482663006,72,0,0
rx,57,57,1,1,1787953973411751674,1787953973411609081,5550496559746,0,0,0,0
tx,57,57,1,1,1787953973411755378,1787953973411609081,5550496563561,5550496577524,72,0,0
rx,58,58,1,1,1787953973427748044,1787953973426786637,5550512556117,0,0,0,0
tx,58,58,1,1,1787953973427752415,1787953973426786637,5550512560672,5550512581358,72,0,0
rx,59,59,1,1,1787953973442728285,1787953973441823693,5550527536358,0,0,0,0
tx,59,59,1,1,1787953973442732118,1787953973441823693,5550527540302,5550527555802,72,0,0
rx,60,60,1,1,1787953973457695970,1787953973457050378,5550542504043,0,0,0,0
tx,60,60,1,1,1787953973457699655,1787953973457050378,5550542507839,5550542522561,72,0,0
rx,61,61,1,1,1787953973472638970,1787953973471670396,5550557447043,0,0,0,0
tx,61,61,1,1,1787953973472643433,1787953973471670396,5550557451617,5550557472950,72,0,0
rx,62,62,1,1,1787953973487586693,1787953973487077100,5550572394765,0,0,0,0
tx,62,62,1,1,1787953973487592378,1787953973487077100,5550572400617,5550572416580,72,0,0
rx,63,63,1,1,1787953973502553137,1787953973501610581,5550587361191,0,0,0,0
tx,63,63,1,1,1787953973502557118,1787953973501610581,5550587365376,5550587381302,72,0,0
rx,64,64,1,1,1787953973517477859,1787953973516977044,5550602285932,0,0,0,0
tx,64,64,1,1,1787953973517481600,1787953973516977044,5550602289783,5550602304469,72,0,0
rx,65,65,1,1,1787953973532433248,1787953973532179044,5550617241320,0,0,0,0
tx,65,65,1,1,1787953973532437452,1787953973532179044,5550617245635,5550617265654,72,0,0
rx,66,66,1,1,1787953973547380137,1787953973546857544,5550632188191,0,0,0,0
tx,66,66,1,1,1787953973547383989,1787953973546857544,5550632192228,5550632206802,72,0,0
rx,67,67,1,1,1787953973562445118,1787953973562309767,5550647253191,0,0,0,0
tx,67,67,1,1,1787953973562448952,1787953973562309767,5550647257265,5550647274802,72,0,0
rx,68,68,1,1,1787953973577427489,1787953973576558174,5550662235561,0,0,0,0
tx,68,68,1,1,1787953973577432211,1787953973576558174,5550662240395,5550662260913,72,0,0
rx,69,69,1,1,1787953973592420137,1787953973591673878,5550677228209,0,0,0,0
tx,69,69,1,1,1787953973592425952,1787953973591673878,5550677234191,5550677250654,72,0,0
rx,70,70,1,1,1787953973607386822,1787953973607201359,5550692194895,0,0,0,0
tx,70,70,1,1,1787953973607390878,1787953973607201359,5550692199117,5550692214709,72,0,0
rx,71,71,1,1,1787953973622360174,1787953973622058044,5550707168246,0,0,0,0
tx,71,71,1,1,1787953973622364489,1787953973622058044,5550707172746,5550707192802,72,0,0
rx,72,72,1,1,1787953973637309063,1787953973636955248,5550722117135,0,0,0,0
tx,72,72,1,1,1787953973637312859,1787953973636955248,5550722121043,5550722136950,72,0,0
rx,73,73,1,1,1787953973652261452,1787953973652062692,5550737069524,0,0,0,0
tx,73,73,1,1,1787953973652265266,1787953973652062692,5550737073524,5550737088376,72,0,0
rx,74,74,1,1,1787953973667225766,1787953973666861896,5550752033839,0,0,0,0
tx,74,74,1,1,1787953973667230174,1787953973666861896,5550752038357,5550752060135,72,0,0
rx,75,75,1,1,1787953973682222489,1787953973681501026,5550767030561,0,0,0,0
tx,75,75,1,1,1787953973682226600,1787953973681501026,5550767034783,5550767051080,72,0,0
rx,76,76,1,1,1787953973697200452,1787953973697005729,5550782008524,0,0,0,0
tx,76,76,1,1,1787953973697204211,1787953973697005729,5550782012394,5550782027950,72,0,0
rx,77,77,1,1,1787953973712173026,1787953973711693841,5550796981098,0,0,0,0
tx,77,77,1,1,1787953973712176655,1787953973711693841,5550796984839,5550797000450,72,0,0
rx,78,78,1,1,1787953973727157415,1787953973726807748,5550811965487,0,0,0,0
tx,78,78,1,1,1787953973727161878,1787953973726807748,5550811970117,5550811987820,72,0,0
rx,79,79,1,1,1787953973742153396,1787953973741681026,5550826961469,0,0,0,0
tx,79,79,1,1,1787953973742157526,1787953973741681026,5550826965709,5550826981839,72,0,0
rx,80,80,1,1,1787953973757130526,1787953973756635322,5550841938598,0,0,0,0
tx,80,80,1,1,1787953973757134303,1787953973756635322,5550841942487,5550841957469,72,0,0
rx,81,81,1,1,1787953973773178303,1787953973772264211,5550857986376,0,0,0,0
tx,81,81,1,1,1787953973773182563,1787953973772264211,5550857990802,5550858010765,72,0,0
rx,82,82,1,1,1787953973787103211,1787953973786515526,5550871911283,0,0,0,0
tx,82,82,1,1,1787953973787107174,1787953973786515526,5550871915431,5550871930543,72,0,0
rx,83,83,1,1,1787953973803140563,1787953973802630285,5550887948635,0,0,0,0
tx,83,83,1,1,1787953973803144211,1787953973802630285,5550887952394,5550887966228,72,0,0
rx,84,84,1,1,1787953973817048729,1787953973816742581,5550901856802,0,0,0,0
tx,84,84,1,1,1787953973817055155,1787953973816742581,5550901863413,5550901882450,72,0,0
rx,85,85,1,1,1787953973833102933,1787953973832283989,5550917911005,0,0,0,0
tx,85,85,1,1,1787953973833109303,1787953973832283989,5550917917487,5550917935617,72,0,0
rx,86,86,1,1,1787953973847035100,1787953973846813229,5550931843172,0,0,0,0
tx,86,86,1,1,1787953973847038766,1787953973846813229,5550931846950,5550931862505,72,0,0
rx,87,87,1,1,1787953973862033859,1787953973861669840,5550946841931,0,0,0,0
tx,87,87,1,1,1787953973862038840,1787953973861669840,5550946847098,5550946870857,72,0,0
rx,88,88,1,1,1787953973877051618,1787953973877022915,5550961859672,0,0,0,0
tx,88,88,1,1,1787953973877055933,1787953973877022915,5550961864191,5550961883320,72,0,0
rx,89,89,1,1,1787953973892043266,1787953973891757748,5550976851339,0,0,0,0
tx,89,89,1,1,1787953973892047507,1787953973891757748,5550976855728,5550976871672,72,0,0
rx,90,90,1,1,1787953973907018118,1787953973906584526,5550991826172,0,0,0,0
tx,90,90,1,1,1787953973907021803,1787953973906584526,5550991830042,5550991844987,72,0,0
rx,91,91,1,1,1787953973922113322,1787953973921947248,5551006921394,0,0,0,0
tx,91,91,1,1,1787953973922119544,1787953973921947248,5551006927950,5551006945542,72,0,0
rx,92,92,1,1,1787953973937056507,1787953973936617452,5551021864580,0,0,0,0
tx,92,92,1,1,1787953973937060211,1787953973936617452,5551021868468,5551021886857,72,0,0
rx,93,93,1,1,1787953973952000137,1787953973951759137,5551036808209,0,0,0,0
tx,93,93,1,1,1787953973952004007,1787953973951759137,5551036812191,5551036826709,72,0,0
rx,94,94,1,1,1787953973966973544,1787953973966498618,5551051781617,0,0,0,0
tx,94,94,1,1,1787953973966977377,1787953973966498618,5551051785561,5551051803579,72,0,0
rx,95,95,1,1,1787953973982087340,1787953973981922600,5551066895413,0,0,0,0
tx,95,95,1,1,1787953973982091507,1787953973981922600,5551066899709,5551066919931,72,0,0
rx,96,96,1,1,1787953973997072340,1787953973996487526,5551081880413,0,0,0,0
tx,96,96,1,1,1787953973997075840,1787953973996487526,5551081884098,5551081899950,72,0,0
rx,97,97,1,1,1787953974012027637,1787953974011432674,5551096835709,0,0,0,0
tx,97,97,1,1,1787953974012031155,1787953974011432674,5551096839394,5551096854857,72,0,0
rx,98,98,1,1,1787953974026975988,1787953974026947285,5551111784042,0,0,0,0
tx,98,98,1,1,1787953974026982137,1787953974026947285,5551111790376,5551111806876,72,0,0
rx,99,99,1,1,1787953974041993063,1787953974041850951,5551126801135,0,0,0,0
tx,99,99,1,1,1787953974041996877,1787953974041850951,5551126805061,5551126821487,72,0,0
rx,100,100,1,1,1787953974056970951,1787953974056408914,5551141779024,0,0,0,0
tx,100,100,1,1,1787953974056974748,1787953974056408914,5551141782987,5551141798561,72,0,0
rx,101,101,1,1,1787953974071952748,1787953974071734655,5551156760820,0,0,0,0
tx,101,101,1,1,1787953974071957359,1787953974071734655,5551156765598,5551156786931,72,0,0
rx,102,102,1,1,1787953974088004766,1787953974087262525,5551172812839,0,0,0,0
tx,102,102,1,1,1787953974088008600,1787953974087262525,5551172816783,5551172832894,72,0,0
rx,103,103,1,1,1787953974101964637,1787953974101826081,5551186772709,0,0,0,0
tx,103,103,1,1,1787953974101968692,1787953974101826081,5551186777061,5551186791931,72,0,0
rx,104,104,1,1,1787953974116941692,1787953974116711433,5551201749765,0,0,0,0
tx,104,104,1,1,1787953974116945748,1787953974116711433,5551201754005,5551201774820,72,0,0
rx,105,105,1,1,1787953974131939748,1787953974131807507,5551216747820,0,0,0,0
tx,105,105,1,1,1787953974131943896,1787953974131807507,5551216752116,5551216769098,72,0,0
rx,106,106,1,1,1787953974146910470,1787953974146495988,5551231718542,0,0,0,0
tx,106,106,1,1,1787953974146916322,1787953974146495988,5551231724505,5551231740190,72,0,0
rx,107,107,1,1,1787953974161967951,1787953974161850933,5551246776024,0,0,0,0
tx,107,107,1,1,1787953974161972118,1787953974161850933,5551246780357,5551246794339,72,0,0
rx,108,108,1,1,1787953974176944100,1787953974176689544,5551261752172,0,0,0,0
tx,108,108,1,1,1787953974176948322,1787953974176689544,5551261756579,5551261777839,72,0,0
rx,109,109,1,1,1787953974192992118,1787953974191976174,5551277800190,0,0,0,0
tx,109,109,1,1,1787953974192996192,1787953974191976174,5551277804450,5551277821172,72,0,0
rx,110,110,1,1,1787953974206887192,1787953974206522229,5551291695265,0,0,0,0
tx,110,110,1,1,1787953974206891192,1787953974206522229,5551291699431,5551291714227,72,0,0
rx,111,111,1,1,1787953974221851914,1787953974221581692,5551306659987,0,0,0,0
tx,111,111,1,1,1787953974221856562,1787953974221581692,5551306664765,5551306683542,72,0,0
rx,112,112,1,1,1787953974236924451,1787953974236798729,5551321732524,0,0,0,0
tx,112,112,1,1,1787953974236928340,1787953974236798729,5551321736579,5551321753005,72,0,0
rx,113,113,1,1,1787953974252951748,1787953974252049933,5551337759820,0,0,0,0
tx,113,113,1,1,1787953974252955544,1787953974252049933,5551337763727,5551337778839,72,0,0
rx,114,114,1,1,1787953974267907748,1787953974266870470,5551352715820,0,0,0,0
tx,114,114,1,1,1787953974267915729,1787953974266870470,5551352724042,5551352743135,72,0,0
rx,115,115,1,1,1787953974281827025,1787953974281617507,5551366635098,0,0,0,0
tx,115,115,1,1,1787953974281831285,1787953974281617507,5551366639524,5551366657487,72,0,0
rx,116,116,1,1,1787953974297867877,1787953974297151396,5551382675950,0,0,0,0
tx,116,116,1,1,1787953974297871785,1787953974297151396,5551382680024,5551382695468,72,0,0
rx,117,117,1,1,1787953974312829025,1787953974311946266,5551397637098,0,0,0,0
tx,117,117,1,1,1787953974312832970,1787953974311946266,5551397641209,5551397655802,72,0,0
rx,118,118,1,1,1787953974327784618,1787953974326818099,5551412592690,0,0,0,0
tx,118,118,1,1,1787953974327789211,1787953974326818099,5551412597394,5551412615690,72,0,0
rx,119,119,1,1,1787953974342760136,1787953974341934359,5551427568209,0,0,0,0
tx,119,119,1,1,1787953974342763970,1787953974341934359,5551427572227,5551427587561,72,0,0
rx,120,120,1,1,1787953974357717414,1787953974357170322,5551442525487,0,0,0,0
tx,120,120,1,1,1787953974357721248,1787953974357170322,5551442529727,5551442544839,72,0,0
rx,121,121,1,1,1787953974372660544,1787953974371673729,5551457468616,0,0,0,0
tx,121,121,1,1,1787953974372667377,1787953974371673729,5551457475561,5551457494301,72,0,0
rx,122,122,1,1,1787953974387632525,1787953974386844840,5551472440598,0,0,0,0
tx,122,122,1,1,1787953974387636544,1787953974386844840,5551472444746,5551472461357,72,0,0
rx,123,123,1,1,1787953974402620618,1787953974402504155,5551487428690,0,0,0,0
tx,123,123,1,1,1787953974402624581,1787953974402504155,5551487432764,5551487447079,72,0,0
rx,124,124,1,1,1787953974417592396,1787953974416867303,5551502400468,0,0,0,0
tx,124,124,1,1,1787953974417596655,1787953974416867303,5551502404838,5551502425820,72,0,0
rx,125,125,1,1,1787953974432550803,1787953974431734729,5551517358876,0,0,0,0
tx,125,125,1,1,1787953974432554970,1787953974431734729,5551517363153,5551517379450,72,0,0
rx,126,126,1,1,1787953974447485414,1787953974446840099,5551532293487,0,0,0,0
tx,126,126,1,1,1787953974447489192,1787953974446840099,5551532297431,5551532312338,72,0,0
rx,127,127,1,1,1787953974462430970,1787953974461728192,5551547239024,0,0,0,0
tx,127,127,1,1,1787953974462435322,1787953974461728192,5551547243561,5551547263116,72,0,0
rx,128,128,1,1,1787953974477411729,1787953974476579099,5551562219783,0,0,0,0
tx,128,128,1,1,1787953974477418044,1787953974476579099,5551562226283,5551562242431,72,0,0
rx,129,129,1,1,1787953974492376618,1787953974491449247,5551577184690,0,0,0,0
tx,129,129,1,1,1787953974492380618,1787953974491449247,5551577188801,5551577204209,72,0,0
rx,130,130,1,1,1787953974507315822,1787953974506733507,5551592123894,0,0,0,0
tx,130,130,1,1,1787953974507319544,1787953974506733507,5551592127783,5551592142709,72,0,0
rx,131,131,1,1,1787953974522291284,1787953974521708340,5551607099357,0,0,0,0
tx,131,131,1,1,1787953974522295433,1787953974521708340,5551607103672,5551607123357,72,0,0
rx,132,132,1,1,1787953974537268007,1787953974536595322,5551622076061,0,0,0,0
tx,132,132,1,1,1787953974537271784,1787953974536595322,5551622080190,5551622096542,72,0,0
rx,133,133,1,1,1787953974553297655,1787953974552533062,5551638105727,0,0,0,0
tx,133,133,1,1,1787953974553301488,1787953974552533062,5551638109709,5551638124542,72,0,0
rx,134,134,1,1,1787953974567242859,1787953974567008359,5551652050931,0,0,0,0
tx,134,134,1,1,1787953974567247729,1787953974567008359,5551652055968,5551652078375,72,0,0
rx,135,135,1,1,1787953974583273766,1787953974582247229,5551668081838,0,0,0,0
tx,135,135,1,1,1787953974583277377,1787953974582247229,5551668085561,5551668102005,72,0,0
rx,136,136,1,1,1787953974598223488,1787953974597364544,5551683031561,0,0,0,0
tx,136,136,1,1,1787953974598228414,1787953974597364544,5551683036598,5551683049579,72,0,0
rx,137,137,1,1,1787953974612118025,1787953974612073562,5551696926098,0,0,0,0
tx,137,137,1,1,1787953974612121470,1787953974612073562,5551696929746,5551696943061,72,0,0
rx,138,138,1,1,1787953974627004470,1787953974626681229,5551711812542,0,0,0,0
tx,138,138,1,1,1787953974627008710,1787953974626681229,5551711816894,5551711838487,72,0,0
rx,139,139,1,1,1787953974644116970,1787953974643087396,5551728925042,0,0,0,0
tx,139,139,1,1,1787953974644120896,1787953974643087396,5551728929135,5551728945579,72,0,0
rx,140,140,1,1,1787953974657038599,1787953974656922784,5551741846672,0,0,0,0
tx,140,140,1,1,1787953974657042321,1787953974656922784,5551741850542,5551741865912,72,0,0
rx,141,141,1,1,1787953974672025692,1787953974671602358,5551756833764,0,0,0,0
tx,141,141,1,1,1787953974672030155,1787953974671602358,5551756838394,5551756858857,72,0,0
rx,142,142,1,1,1787953974688070673,1787953974687159229,5551772878746,0,0,0,0
tx,142,142,1,1,1787953974688074433,1787953974687159229,5551772882616,5551772900542,72,0,0
rx,143,143,1,1,1787953974701973192,1787953974701781118,5551786781264,0,0,0,0
tx,143,143,1,1,1787953974701977303,1787953974701781118,5551786785542,5551786800375,72,0,0
rx,144,144,1,1,1787953974718010377,1787953974717385599,5551802818431,0,0,0,0
tx,144,144,1,1,1787953974718014840,1787953974717385599,5551802823023,5551802842042,72,0,0
rx,145,145,1,1,1787953974731935451,1787953974731729266,5551816743523,0,0,0,0
tx,145,145,1,1,1787953974731939377,1787953974731729266,5551816747820,5551816764875,72,0,0
rx,146,146,1,1,1787953974747943062,1787953974746883062,5551832751135,0,0,0,0
tx,146,146,1,1,1787953974747946933,1787953974746883062,5551832755172,5551832771320,72,0,0
rx,147,147,1,1,1787953974762899099,1787953974762009303,5551847707172,0,0,0,0
tx,147,147,1,1,1787953974762903377,1787953974762009303,5551847711560,5551847731986,72,0,0
rx,148,148,1,1,1787953974776851821,1787953974776684895,5551861659894,0,0,0,0
tx,148,148,1,1,1787953974776855932,1787953974776684895,5551861664190,5551861681635,72,0,0
rx,149,149,1,1,1787953974792889858,1787953974792089044,5551877697931,0,0,0,0
tx,149,149,1,1,1787953974792893414,1787953974792089044,5551877701653,5551877717468,72,0,0
rx,150,150,1,1,1787953974807854229,1787953974806807025,5551892662301,0,0,0,0
tx,150,150,1,1,1787953974807859618,1787953974806807025,5551892667875,5551892682912,72,0,0
rx,151,151,1,1,1787953974823891932,1787953974823456173,5551908700005,0,0,0,0
tx,151,151,1,1,1787953974823898303,1787953974823456173,5551908706486,5551908724746,72,0,0
rx,152,152,1,1,1787953974837802395,1787953974836935784,5551922610468,0,0,0,0
tx,152,152,1,1,1787953974837805951,1787953974836935784,5551922614135,5551922630931,72,0,0
rx,153,153,1,1,1787953974851705099,1787953974851686062,5551936513153,0,0,0,0
tx,153,153,1,1,1787953974851708729,1787953974851686062,5551936516912,5551936530727,72,0,0
rx,154,154,1,1,1787953974867773525,1787953974867246395,5551952581597,0,0,0,0
tx,154,154,1,1,1787953974867778247,1787953974867246395,5551952586449,5551952611023,72,0,0
rx,155,155,1,1,1787953974882783210,1787953974881930747,5551967591283,0,0,0,0
tx,155,155,1,1,1787953974882787858,1787953974881930747,5551967596338,5551967613412,72,0,0
rx,156,156,1,1,1787953974897764340,1787953974896951840,5551982572412,0,0,0,0
tx,156,156,1,1,1787953974897768192,1787953974896951840,5551982576449,5551982592190,72,0,0
rx,157,157,1,1,1787953974912736932,1787953974912073784,5551997545005,0,0,0,0
tx,157,157,1,1,1787953974912743821,1787953974912073784,5551997552079,5551997573486,72,0,0
rx,158,158,1,1,1787953974928789136,1787953974927970747,5552013597209,0,0,0,0
tx,158,158,1,1,1787953974928794710,1787953974927970747,5552013602894,5552013620857,72,0,0
rx,159,159,1,1,1787953974942690506,1787953974941683247,5552027498579,0,0,0,0
tx,159,159,1,1,1787953974942694155,1787953974941683247,5552027502338,5552027517505,72,0,0
rx,160,160,1,1,1787953974956556562,1787953974956351766,5552041364634,0,0,0,0
tx,160,160,1,1,1787953974956560414,1787953974956351766,5552041368597,5552041383134,72,0,0
rx,161,161,1,1,1787953974972580636,1787953974971765192,5552057388709,0,0,0,0
tx,161,161,1,1,1787953974972584932,1787953974971765192,5552057393190,5552057413746,72,0,0
rx,162,162,1,1,1787953974987556710,1787953974986578340,5552072364783,0,0,0,0
tx,162,162,1,1,1787953974987560840,1787953974986578340,5552072369023,5552072385709,72,0,0
rx,163,163,1,1,1787953975002524932,1787953975001555377,5552087333005,0,0,0,0
tx,163,163,1,1,1787953975002528969,1787953975001555377,5552087337208,5552087354042,72,0,0
rx,164,164,1,1,1787953975018564543,1787953975017951747,5552103372597,0,0,0,0
tx,164,164,1,1,1787953975018568747,1787953975017951747,5552103376986,5552103396357,72,0,0
rx,165,165,1,1,1787953975032474414,1787953975032343710,5552117282468,0,0,0,0
tx,165,165,1,1,1787953975032480358,1787953975032343710,5552117288542,5552117303894,72,0,0
rx,166,166,1,1,1787953975047437155,1787953975046612266,5552132245227,0,0,0,0
tx,166,166,1,1,1787953975047441006,1787953975046612266,5552132249264,5552132265208,72,0,0
rx,167,167,1,1,1787953975062408803,1787953975061602951,5552147216875,0,0,0,0
tx,167,167,1,1,1787953975062413043,1787953975061602951,5552147221523,5552147240912,72,0,0
rx,168,168,1,1,1787953975077387043,1787953975076950488,5552162195116,0,0,0,0
tx,168,168,1,1,1787953975077391247,1787953975076950488,5552162199505,5552162216820,72,0,0
rx,169,169,1,1,1787953975092354692,1787953975091726895,5552177162764,0,0,0,0
tx,169,169,1,1,1787953975092358340,1787953975091726895,5552177166597,5552177182301,72,0,0
rx,170,170,1,1,1787953975107314803,1787953975106806266,5552192122875,0,0,0,0
tx,170,170,1,1,1787953975107318914,1787953975106806266,5552192127097,5552192143190,72,0,0
rx,171,171,1,1,1787953975122289673,1787953975121857914,5552207097745,0,0,0,0
tx,171,171,1,1,1787953975122293951,1787953975121857914,5552207102208,5552207121394,72,0,0
rx,172,172,1,1,1787953975137236210,1787953975136774636,5552222044282,0,0,0,0
tx,172,172,1,1,1787953975137242469,1787953975136774636,5552222050653,5552222066468,72,0,0
rx,173,173,1,1,1787953975152194562,1787953975151682229,5552237002634,0,0,0,0
tx,173,173,1,1,1787953975152198192,1787953975151682229,5552237006449,5552237021208,72,0,0
rx,174,174,1,1,1787953975167141266,1787953975166907488,5552251949338,0,0,0,0
tx,174,174,1,1,1787953975167145692,1787953975166907488,5552251953912,5552251976394,72,0,0
rx,175,175,1,1,1787953975182149006,1787953975181681154,5552266957079,0,0,0,0
tx,175,175,1,1,1787953975182153043,1787953975181681154,5552266961264,5552266977005,72,0,0
rx,176,176,1,1,1787953975197079099,1787953975196821895,5552281887171,0,0,0,0
tx,176,176,1,1,1787953975197083099,1787953975196821895,5552281891282,5552281905875,72,0,0
rx,177,177,1,1,1787953975212079191,1787953975211876358,5552296887264,0,0,0,0
tx,177,177,1,1,1787953975212084321,1787953975211876358,5552296892560,5552296914079,72,0,0
rx,178,178,1,1,1787953975227062895,1787953975226533599,5552311870968,0,0,0,0
tx,178,178,1,1,1787953975227066673,1787953975226533599,5552311874857,5552311890208,72,0,0
rx,179,179,1,1,1787953975242032599,1787953975241904988,5552326840671,0,0,0,0
tx,179,179,1,1,1787953975242038062,1787953975241904988,5552326846264,5552326861616,72,0,0
rx,180,180,1,1,1787953975258066451,1787953975257209247,5552342874523,0,0,0,0
tx,180,180,1,1,1787953975258073062,1787953975257209247,5552342881245,5552342898319,72,0,0
rx,181,181,1,1,1787953975272002617,1787953975271796988,5552356810690,0,0,0,0
tx,181,181,1,1,1787953975272007191,1787953975271796988,5552356815375,5552356835023,72,0,0
rx,182,182,1,1,1787953975286979895,1787953975286661525,5552371787968,0,0,0,0
tx,182,182,1,1,1787953975286983840,1787953975286661525,5552371792023,5552371807468,72,0,0
rx,183,183,1,1,1787953975301942617,1787953975301512191,5552386750690,0,0,0,0
tx,183,183,1,1,1787953975301946432,1787953975301512191,5552386754653,5552386769819,72,0,0
rx,184,184,1,1,1787953975317977358,1787953975316980895,5552402785412,0,0,0,0
tx,184,184,1,1,1787953975317981803,1787953975316980895,5552402790042,5552402808153,72,0,0
rx,185,185,1,1,1787953975331881358,1787953975331570469,5552416689431,0,0,0,0
tx,185,185,1,1,1787953975331885025,1787953975331570469,5552416693208,5552416708227,72,0,0
rx,186,186,1,1,1787953975347913377,1787953975347446951,5552432721449,0,0,0,0
tx,186,186,1,1,1787953975347917358,1787953975347446951,5552432725542,5552432739893,72,0,0
rx,187,187,1,1,1787953975362866265,1787953975361946636,5552447674338,0,0,0,0
tx,187,187,1,1,1787953975362873025,1787953975361946636,5552447681208,5552447699616,72,0,0
rx,188,188,1,1,1787953975376877302,1787953975376684136,5552461685356,0,0,0,0
tx,188,188,1,1,1787953975376881747,1787953975376684136,5552461689986,5552461710097,72,0,0
rx,189,189,1,1,1787953975392935395,1787953975392185136,5552477743468,0,0,0,0
tx,189,189,1,1,1787953975392939080,1787953975392185136,5552477747264,5552477762597,72,0,0
rx,190,190,1,1,1787953975406835043,1787953975406486728,5552491643116,0,0,0,0
tx,190,190,1,1,1787953975406838617,1787953975406486728,5552491646801,5552491661079,72,0,0
rx,191,191,1,1,1787953975422870840,1787953975421926654,5552507678912,0,0,0,0
tx,191,191,1,1,1787953975422875284,1787953975421926654,5552507683542,5552507702060,72,0,0
rx,192,192,1,1,1787953975437840951,1787953975437089506,5552522649023,0,0,0,0
tx,192,192,1,1,1787953975437844969,1787953975437089506,5552522653153,5552522669042,72,0,0
rx,193,193,1,1,1787953975452826469,1787953975452309858,5552537634542,0,0,0,0
tx,193,193,1,1,1787953975452830395,1787953975452309858,5552537638579,5552537652653,72,0,0
rx,194,194,1,1,1787953975467798951,1787953975466707339,5552552607023,0,0,0,0
tx,194,194,1,1,1787953975467805080,1787953975466707339,5552552613301,5552552633134,72,0,0
rx,195,195,1,1,1787953975482750488,1787953975481860321,5552567558560,0,0,0,0
tx,195,195,1,1,1787953975482754339,1787953975481860321,5552567562523,5552567577949,72,0,0
rx,196,196,1,1,1787953975497698969,1787953975496819895,5552582507042,0,0,0,0
tx,196,196,1,1,1787953975497703062,1787953975496819895,5552582511245,5552582526023,72,0,0
rx,197,197,1,1,1787953975512739858,1787953975511936339,5552597547856,0,0,0,0
tx,197,197,1,1,1787953975512748321,1787953975511936339,5552597556579,5552597593153,72,0,0
rx,198,198,1,1,1787953975527014432,1787953975526756506,5552611822449,0,0,0,0
tx,198,198,1,1,1787953975527022339,1787953975526756506,5552611830579,5552611860467,72,0,0
rx,199,199,1,1,1787953975542438117,1787953975542182858,5552627246116,0,0,0,0
tx,199,199,1,1,1787953975542446765,1787953975542182858,5552627255004,5552627286264,72,0,0
rx,200,200,1,1,1787953975557708265,1787953975557146006,5552642516264,0,0,0,0
tx,200,200,1,1,1787953975557717025,1787953975557146006,5552642525282,5552642561116,72,0,0
rx,201,0,1,1,1787953975571959191,1787953975571672413,5552656767208,0,0,0,0
tx,201,0,1,1,1787953975571967895,1787953975571672413,5552656776153,5552656808616,72,0,0
rx,202,1,1,1,1787953975587228784,1787953975586618191,5552672036782,0,0,0,0
tx,202,1,1,1,1787953975587237043,1787953975586618191,5552672045301,5552672080801,72,0,0
rx,203,2,1,1,1787953975602489173,1787953975601772951,5552687297171,0,0,0,0
tx,203,2,1,1,1787953975602497451,1787953975601772951,5552687305690,5552687334560,72,0,0
rx,204,3,1,1,1787953975617772562,1787953975616781080,5552702580560,0,0,0,0
tx,204,3,1,1,1787953975617780969,1787953975616781080,5552702589208,5552702624597,72,0,0
rx,205,4,1,1,1787953975633042450,1787953975632133469,5552717850467,0,0,0,0
tx,205,4,1,1,1787953975633050580,1787953975632133469,5552717858838,5552717889097,72,0,0
rx,206,5,1,1,1787953975647264950,1787953975646662265,5552732072967,0,0,0,0
tx,206,5,1,1,1787953975647273339,1787953975646662265,5552732081578,5552732111504,72,0,0
rx,207,6,1,1,1787953975662769191,1787953975662427117,5552747577208,0,0,0,0
tx,207,6,1,1,1787953975662778728,1787953975662427117,5552747587004,5552747628097,72,0,0
rx,208,7,1,1,1787953975676995025,1787953975676649432,5552761803041,0,0,0,0
tx,208,7,1,1,1787953975677007302,1787953975676649432,5552761815597,5552761849338,72,0,0
rx,209,8,1,1,1787953975692234525,1787953975691803599,5552777042541,0,0,0,0
tx,209,8,1,1,1787953975692242765,1787953975691803599,5552777051041,5552777082430,72,0,0
rx,210,9,1,1,1787953975707493173,1787953975706913913,5552792301171,0,0,0,0
tx,210,9,1,1,1787953975707500691,1787953975706913913,5552792308949,5552792339912,72,0,0
rx,211,10,1,1,1787953975722776191,1787953975722451043,5552807584190,0,0,0,0
tx,211,10,1,1,1787953975722784987,1787953975722451043,5552807593245,5552807628375,72,0,0
rx,212,11,1,1,1787953975738071617,1787953975737305710,5552822879615,0,0,0,0
tx,212,11,1,1,1787953975738079710,1787953975737305710,5552822888004,5552822920541,72,0,0
rx,213,12,1,1,1787953975753329117,1787953975752243487,5552838137115,0,0,0,0
tx,213,12,1,1,1787953975753337191,1787953975752243487,5552838145449,5552838175764,72,0,0
rx,214,13,1,1,1787953975767505876,1787953975767155691,5552852313893,0,0,0,0
tx,214,13,1,1,1787953975767514673,1787953975767155691,5552852322912,5552852357634,72,0,0
rx,215,14,1,1,1787953975782797154,1787953975782129710,5552867605152,0,0,0,0
tx,215,14,1,1,1787953975782805747,1787953975782129710,5552867614023,5552867642986,72,0,0
rx,216,15,1,1,1787953975798144765,1787953975797912839,5552882952764,0,0,0,0
tx,216,15,1,1,1787953975798156321,1787953975797912839,5552882964690,5552882994097,72,0,0
rx,217,16,1,1,1787953975813422876,1787953975812316932,5552898230893,0,0,0,0
tx,217,16,1,1,1787953975813431654,1787953975812316932,5552898239912,5552898273893,72,0,0
rx,218,17,1,1,1787953975827608043,1787953975826694765,5552912416041,0,0,0,0
tx,218,17,1,1,1787953975827615858,1787953975826694765,5552912424134,5552912454838,72,0,0
rx,219,18,1,1,1787953975842841136,1787953975842199913,5552927649152,0,0,0,0
tx,219,18,1,1,1787953975842849321,1787953975842199913,5552927657578,5552927687615,72,0,0
rx,220,19,1,1,1787953975858128580,1787953975857250339,5552942936578,0,0,0,0
tx,220,19,1,1,1787953975858139839,1787953975857250339,5552942948171,5552942994875,72,0,0
rx,221,20,1,1,1787953975873472376,1787953975873146598,5552958280393,0,0,0,0
tx,221,20,1,1,1787953975873480543,1787953975873146598,5552958288782,5552958324467,72,0,0
rx,222,21,1,1,1787953975888768561,1787953975887866691,5552973576560,0,0,0,0
tx,222,21,1,1,1787953975888776747,1787953975887866691,5552973585023,5552973616578,72,0,0
rx,223,22,1,1,1787953975902986173,1787953975901960524,5552987794171,0,0,0,0
tx,223,22,1,1,1787953975902998136,1787953975901960524,5552987806375,5552987837856,72,0,0
rx,224,23,1,1,1787953975918305580,1787953975917255784,5553003113541,0,0,0,0
tx,224,23,1,1,1787953975918318691,1787953975917255784,5553003126967,5553003163726,72,0,0
rx,225,24,1,1,1787953975932513376,1787953975932168506,5553017321375,0,0,0,0
tx,225,24,1,1,1787953975932521098,1787953975932168506,5553017329356,5553017359689,72,0,0
rx,226,25,1,1,1787953975951012580,1787953975950106302,5553035820597,0,0,0,0
tx,226,25,1,1,1787953975951023950,1787953975950106302,5553035832208,5553035862838,72,0,0
rx,227,26,1,1,1787953975963066006,1787953975962419635,5553047874023,0,0,0,0
tx,227,26,1,1,1787953975963074728,1787953975962419635,5553047883004,5553047918801,72,0,0
rx,228,27,1,1,1787953975977241098,1787953975976897561,5553062049097,0,0,0,0
tx,228,27,1,1,1787953975977249784,1787953975976897561,5553062058041,5553062090671,72,0,0
rx,229,28,1,1,1787953975992512358,1787953975992045969,5553077320356,0,0,0,0
tx,229,28,1,1,1787953975992520524,1787953975992045969,5553077328801,5553077360782,72,0,0
rx,230,29,1,1,1787953976007894654,1787953976007542376,5553092702652,0,0,0,0
tx,230,29,1,1,1787953976007903561,1787953976007542376,5553092711838,5553092750208,72,0,0
rx,231,30,1,1,1787953976022223117,1787953976021941969,5553107031115,0,0,0,0
tx,231,30,1,1,1787953976022231358,1787953976021941969,5553107039615,5553107073189,72,0,0
rx,232,31,1,1,1787953976037537098,1787953976037282265,5553122345115,0,0,0,0
tx,232,31,1,1,1787953976037545006,1787953976037282265,5553122353263,5553122386263,72,0,0
rx,233,32,1,1,1787953976052893913,1787953976052622117,5553137701856,0,0,0,0
tx,233,32,1,1,1787953976052902450,1787953976052622117,5553137710689,5553137740078,72,0,0
rx,234,33,1,1,1787953976068161969,1787953976067247876,5553152969967,0,0,0,0
tx,234,33,1,1,1787953976068170506,1787953976067247876,5553152978763,5553153016634,72,0,0
rx,235,34,1,1,1787953976082369784,1787953976081957450,5553167177800,0,0,0,0
tx,235,34,1,1,1787953976082377339,1787953976081957450,5553167185578,5553167216523,72,0,0
rx,236,35,1,1,1787953976097634006,1787953976097037524,5553182442023,0,0,0,0
tx,236,35,1,1,1787953976097642006,1787953976097037524,5553182450245,5553182478615,72,0,0
rx,237,36,1,1,1787953976112925413,1787953976111803802,5553197733430,0,0,0,0
tx,237,36,1,1,1787953976112934135,1787953976111803802,5553197742393,5553197777319,72,0,0
rx,238,37,1,1,1787953976127112358,1787953976126619913,5553211920374,0,0,0,0
tx,238,37,1,1,1787953976127119932,1787953976126619913,5553211928171,5553211958967,72,0,0
rx,239,38,1,1,1787953976142401024,1787953976141809487,5553227209023,0,0,0,0
tx,239,38,1,1,1787953976142409209,1787953976141809487,5553227217467,5553227247967,72,0,0
rx,240,39,1,1,1787953976157678135,1787953976157065784,5553242486134,0,0,0,0
tx,240,39,1,1,1787953976157686450,1787953976157065784,5553242494726,5553242529652,72,0,0
rx,241,40,1,1,1787953976172006302,1787953976171723895,5553256814319,0,0,0,0
tx,241,40,1,1,1787953976172015006,1787953976171723895,5553256823282,5553256858189,72,0,0
rx,242,41,1,1,1787953976187317913,1787953976187030395,5553272125911,0,0,0,0
tx,242,41,1,1,1787953976187326450,1787953976187030395,5553272134856,5553272166523,72,0,0
rx,243,42,1,1,1787953976202577561,1787953976201985561,5553287385578,0,0,0,0
tx,243,42,1,1,1787953976202585339,1787953976201985561,5553287393615,5553287422800,72,0,0
rx,244,43,1,1,1787953976217831617,1787953976216955561,5553302639615,0,0,0,0
tx,244,43,1,1,1787953976217840469,1787953976216955561,5553302648708,5553302683263,72,0,0
rx,245,44,1,1,1787953976232008598,1787953976231730432,5553316816615,0,0,0,0
tx,245,44,1,1,1787953976232016691,1787953976231730432,5553316824930,5553316854800,72,0,0
rx,246,45,1,1,1787953976247263617,1787953976246694061,5553332071634,0,0,0,0
tx,246,45,1,1,1787953976247271858,1787953976246694061,5553332080115,5553332111726,72,0,0
rx,247,46,1,1,1787953976262506061,1787953976261693913,5553347314060,0,0,0,0
tx,247,46,1,1,1787953976262514617,1787953976261693913,5553347322874,5553347358134,72,0,0
rx,248,47,1,1,1787953976277766154,1787953976276993135,5553362574171,0,0,0,0
tx,248,47,1,1,1787953976277774561,1787953976276993135,5553362582837,5553362615337,72,0,0
rx,249,48,1,1,1787953976293032376,1787953976292065580,5553377840393,0,0,0,0
tx,249,48,1,1,1787953976293040895,1787953976292065580,5553377849152,5553377880986,72,0,0
rx,250,49,1,1,1787953976307244339,1787953976306586246,5553392052356,0,0,0,0
tx,250,49,1,1,1787953976307252691,1787953976306586246,5553392060985,5553392098930,72,0,0
rx,251,50,1,1,1787953976322538635,1787953976322267876,5553407346634,0,0,0,0
tx,251,50,1,1,1787953976322545987,1787953976322267876,5553407354319,5553407383263,72,0,0
rx,252,51,1,1,1787953976337828857,1787953976337065820,5553422636874,0,0,0,0
tx,252,51,1,1,1787953976337836654,1787953976337065820,5553422644911,5553422675189,72,0,0
rx,253,52,1,1,1787953976352029876,1787953976351594395,5553436837874,0,0,0,0
tx,253,52,1,1,1787953976352037283,1787953976351594395,5553436845541,5553436878208,72,0,0
rx,254,53,1,1,1787953976368541598,1787953976367734135,5553453349597,0,0,0,0
tx,254,53,1,1,1787953976368550524,1787953976367734135,5553453359004,5553453395430,72,0,0
rx,255,54,1,1,1787953976382754117,1787953976382119228,5553467562097,0,0,0,0
tx,255,54,1,1,1787953976382761691,1787953976382119228,5553467569948,5553467598819,72,0,0
rx,256,55,1,1,1787953976398163635,1787953976398059006,5553482971652,0,0,0,0
tx,256,55,1,1,1787953976398171524,1787953976398059006,5553482979763,5553483009726,72,0,0
rx,257,56,1,1,1787953976412513746,1787953976412317191,5553497321745,0,0,0,0
tx,257,56,1,1,1787953976412522820,1787953976412317191,5553497331226,5553497365782,72,0,0
rx,258,57,1,1,1787953976427832376,1787953976426962506,5553512640374,0,0,0,0
tx,258,57,1,1,1787953976427840228,1787953976426962506,5553512648634,5553512677930,72,0,0
rx,259,58,1,1,1787953976442115320,1787953976442019117,5553526923337,0,0,0,0
tx,259,58,1,1,1787953976442127580,1787953976442019117,5553526935837,5553526965448,72,0,0
rx,260,59,1,1,1787953976457506857,1787953976456680839,5553542314856,0,0,0,0
tx,260,59,1,1,1787953976457520246,1787953976456680839,5553542328504,5553542362226,72,0,0
rx,261,60,1,1,1787953976472777154,1787953976472031931,5553557585152,0,0,0,0
tx,261,60,1,1,1787953976472785006,1787953976472031931,5553557593300,5553557624356,72,0,0
rx,262,61,1,1,1787953976486981450,1787953976486825450,5553571789448,0,0,0,0
tx,262,61,1,1,1787953976486989728,1787953976486825450,5553571797985,5553571830208,72,0,0
rx,263,62,1,1,1787953976503344820,1787953976502325357,5553588152800,0,0,0,0
tx,263,62,1,1,1787953976503352283,1787953976502325357,5553588160541,5553588189393,72,0,0
rx,264,63,1,1,1787953976517084635,1787953976516577691,5553601892634,0,0,0,0
tx,264,63,1,1,1787953976517093320,1787953976516577691,5553601901578,5553601935819,72,0,0
rx,265,64,1,1,1787953976533384783,1787953976532704598,5553618192782,0,0,0,0
tx,265,64,1,1,1787953976533392357,1787953976532704598,5553618200615,5553618227337,72,0,0
rx,266,65,1,1,1787953976547653394,1787953976546643894,5553632461411,0,0,0,0
tx,266,65,1,1,1787953976547661320,1787953976546643894,5553632469578,5553632499948,72,0,0
rx,267,66,1,1,1787953976562848857,1787953976561907543,5553647656856,0,0,0,0
tx,267,66,1,1,1787953976562861598,1787953976561907543,5553647669856,5553647704782,72,0,0
rx,268,67,1,1,1787953976576940228,1787953976576654450,5553661748208,0,0,0,0
tx,268,67,1,1,1787953976576948265,1787953976576654450,5553661756522,5553661785837,72,0,0
rx,269,68,1,1,1787953976593261246,1787953976592176820,5553678069245,0,0,0,0
tx,269,68,1,1,1787953976593269043,1787953976592176820,5553678077319,5553678109004,72,0,0
rx,270,69,1,1,1787953976607657117,1787953976607086246,5553692465115,0,0,0,0
tx,270,69,1,1,1787953976607666154,1787953976607086246,5553692474411,5553692513041,72,0,0
rx,271,70,1,1,1787953976621914468,1787953976621751765,5553706722430,0,0,0,0
tx,271,70,1,1,1787953976621922265,1787953976621751765,5553706730522,5553706760022,72,0,0
rx,272,71,1,1,1787953976637164561,1787953976636620987,5553721972578,0,0,0,0
tx,272,71,1,1,1787953976637172302,1787953976636620987,5553721980541,5553722010985,72,0,0
rx,273,72,1,1,1787953976652466246,1787953976652056802,5553737274245,0,0,0,0
tx,273,72,1,1,1787953976652475450,1787953976652056802,5553737283819,5553737318856,72,0,0
rx,274,73,1,1,1787953976667699728,1787953976667302968,5553752507726,0,0,0,0
tx,274,73,1,1,1787953976667711765,1787953976667302968,5553752520022,5553752549245,72,0,0
rx,275,74,1,1,1787953976683006709,1787953976682359135,5553767814707,0,0,0,0
tx,275,74,1,1,1787953976683018894,1787953976682359135,5553767827133,5553767859337,72,0,0
rx,276,75,1,1,1787953976697202635,1787953976696915468,5553782010652,0,0,0,0
tx,276,75,1,1,1787953976697210005,1787953976696915468,5553782018374,5553782048670,72,0,0
rx,277,76,1,1,1787953976712503931,1787953976712313968,5553797311930,0,0,0,0
tx,277,76,1,1,1787953976712512376,1787953976712313968,5553797320633,5553797358170,72,0,0
rx,278,77,1,1,1787953976727781635,1787953976727004561,5553812589633,0,0,0,0
tx,278,77,1,1,1787953976727789302,1787953976727004561,5553812597559,5553812626522,72,0,0
rx,279,78,1,1,1787953976741974876,1787953976741613802,5553826782874,0,0,0,0
tx,279,78,1,1,1787953976741983228,1787953976741613802,5553826791522,5553826822744,72,0,0
rx,280,79,1,1,1787953976757258431,1787953976756564265,5553842066430,0,0,0,0
tx,280,79,1,1,1787953976757267783,1787953976756564265,5553842076096,5553842112004,72,0,0
rx,281,80,1,1,1787953976772561783,1787953976771803598,5553857369800,0,0,0,0
tx,281,80,1,1,1787953976772570024,1787953976771803598,5553857378319,5553857413430,72,0,0
rx,282,81,1,1,1787953976787841320,1787953976786990228,5553872649319,0,0,0,0
tx,282,81,1,1,1787953976787853283,1787953976786990228,5553872661522,5553872693374,72,0,0
rx,283,82,1,1,1787953976802043505,1787953976801939098,5553886851504,0,0,0,0
tx,283,82,1,1,1787953976802050913,1787953976801939098,5553886859152,5553886888633,72,0,0
rx,284,83,1,1,1787953976817304153,1787953976817029598,5553902112170,0,0,0,0
tx,284,83,1,1,1787953976817312246,1787953976817029598,5553902120541,5553902154152,72,0,0
rx,285,84,1,1,1787953976832610135,1787953976831605302,5553917418133,0,0,0,0
tx,285,84,1,1,1787953976832617950,1787953976831605302,5553917426244,5553917455207,72,0,0
rx,286,85,1,1,1787953976846769209,1787953976846641191,5553931577226,0,0,0,0
tx,286,85,1,1,1787953976846776876,1787953976846641191,5553931585133,5553931614337,72,0,0
rx,287,86,1,1,1787953976862387820,1787953976861839894,5553947195819,0,0,0,0
tx,287,86,1,1,1787953976862396839,1787953976861839894,5553947205393,5553947245615,72,0,0
rx,288,87,1,1,1787953976876753616,1787953976876642098,5553961561615,0,0,0,0
tx,288,87,1,1,1787953976876765561,1787953976876642098,5553961573800,5553961608763,72,0,0
rx,289,88,1,1,1787953976892091987,1787953976891676302,5553976899985,0,0,0,0
tx,289,88,1,1,1787953976892100394,1787953976891676302,5553976908633,5553976941504,72,0,0
rx,290,89,1,1,1787953976907381598,1787953976907051135,5553992189596,0,0,0,0
tx,290,89,1,1,1787953976907390024,1787953976907051135,5553992198337,5553992232300,72,0,0
rx,291,90,1,1,1787953976922689024,1787953976922072042,5554007496985,0,0,0,0
tx,291,90,1,1,1787953976922696746,1787953976922072042,5554007504985,5554007535059,72,0,0
rx,292,91,1,1,1787953976936892505,1787953976936694746,5554021700504,0,0,0,0
tx,292,91,1,1,1787953976936900227,1787953976936694746,5554021708467,5554021736726,72,0,0
rx,293,92,1,1,1787953976952155876,1787953976951657116,5554036963893,0,0,0,0
tx,293,92,1,1,1787953976952164172,1787953976951657116,5554036972467,5554037007263,72,0,0
rx,294,93,1,1,1787953976967427894,1787953976966559561,5554052235911,0,0,0,0
tx,294,93,1,1,1787953976967435320,1787953976966559561,5554052243578,5554052272115,72,0,0
rx,295,94,1,1,1787953976982755024,1787953976981749468,5554067563041,0,0,0,0
tx,295,94,1,1,1787953976982763079,1787953976981749468,5554067571337,5554067602781,72,0,0
rx,296,95,1,1,1787953976998104153,1787953976997090042,5554082912170,0,0,0,0
tx,296,95,1,1,1787953976998113153,1787953976997090042,5554082921430,5554082958596,72,0,0
rx,297,96,1,1,1787953977012306913,1787953977011873394,5554097114911,0,0,0,0
tx,297,96,1,1,1787953977012314672,1787953977011873394,5554097122948,5554097154930,72,0,0
rx,298,97,1,1,1787953977027581672,1787953977026871839,5554112389670,0,0,0,0
tx,298,97,1,1,1787953977027588876,1787953977026871839,5554112397115,5554112424763,72,0,0
rx,299,98,1,1,1787953977042843190,1787953977041974820,5554127651189,0,0,0,0
tx,299,98,1,1,1787953977042850913,1787953977041974820,5554127659207,5554127689689,72,0,0
rx,300,99,1,1,1787953977057032339,1787953977056516783,5554141840337,0,0,0,0
tx,300,99,1,1,1787953977057040653,1787953977056516783,5554141848967,5554141882059,72,0,0
rx,301,100,1,1,1787953977072322339,1787953977071767598,5554157130355,0,0,0,0
tx,301,100,1,1,1787953977072330894,1787953977071767598,5554157139355,5554157172855,72,0,0
rx,302,101,1,1,1787953977087622894,1787953977086936098,5554172430892,0,0,0,0
tx,302,101,1,1,1787953977087630561,1787953977086936098,5554172438818,5554172470281,72,0,0
rx,303,102,1,1,1787953977102962857,1787953977101956042,5554187770874,0,0,0,0
tx,303,102,1,1,1787953977102971764,1787953977101956042,5554187780152,5554187816041,72,0,0
rx,304,103,1,1,1787953977117214857,1787953977116973598,5554202022874,0,0,0,0
tx,304,103,1,1,1787953977117222468,1787953977116973598,5554202030726,5554202064244,72,0,0
rx,305,104,1,1,1787953977132476487,1787953977131861487,5554217284504,0,0,0,0
tx,305,104,1,1,1787953977132483857,1787953977131861487,5554217292115,5554217320800,72,0,0
rx,306,105,1,1,1787953977147724431,1787953977146861376,5554232532448,0,0,0,0
tx,306,105,1,1,1787953977147731561,1787953977146861376,5554232539818,5554232567041,72,0,0
rx,307,106,1,1,1787953977161942153,1787953977161836672,5554246750152,0,0,0,0
tx,307,106,1,1,1787953977161950135,1787953977161836672,5554246758485,5554246790337,72,0,0
rx,308,107,1,1,1787953977178369338,1787953977177354635,5554263177337,0,0,0,0
tx,308,107,1,1,1787953977178377913,1787953977177354635,5554263186152,5554263220948,72,0,0
rx,309,108,1,1,1787953977192580672,1787953977191847283,5554277388670,0,0,0,0
tx,309,108,1,1,1787953977192588505,1787953977191847283,5554277396874,5554277426503,72,0,0
rx,310,109,1,1,1787953977207878635,1787953977207402468,5554292686633,0,0,0,0
tx,310,109,1,1,1787953977207886709,1787953977207402468,5554292695059,5554292728689,72,0,0
rx,311,110,1,1,1787953977222076301,1787953977221747301,5554306884300,0,0,0,0
tx,311,110,1,1,1787953977222083857,1787953977221747301,5554306892170,5554306920318,72,0,0
rx,312,111,1,1,1787953977237343672,1787953977237135098,5554322151670,0,0,0,0
tx,312,111,1,1,1787953977237351357,1787953977237135098,5554322159615,5554322187170,72,0,0
rx,313,112,1,1,1787953977251611042,1787953977251503709,5554336419040,0,0,0,0
tx,313,112,1,1,1787953977251620116,1787953977251503709,5554336428355,5554336463318,72,0,0
rx,314,113,1,1,1787953977266906635,1787953977266556709,5554351714578,0,0,0,0
tx,314,113,1,1,1787953977266913987,1787953977266556709,5554351722300,5554351751966,72,0,0
rx,315,114,1,1,1787953977282191468,1787953977281998061,5554366999466,0,0,0,0
tx,315,114,1,1,1787953977282199283,1787953977281998061,5554367007522,5554367040948,72,0,0
rx,316,115,1,1,1787953977297465635,1787953977296665820,5554382273633,0,0,0,0
tx,316,115,1,1,1787953977297473579,1787953977296665820,5554382281818,5554382317059,72,0,0
rx,317,116,1,1,1787953977312795616,1787953977311791449,5554397603633,0,0,0,0
tx,317,116,1,1,1787953977312803524,1787953977311791449,5554397611837,5554397641263,72,0,0
rx,318,117,1,1,1787953977327002042,1787953977326758838,5554411810040,0,0,0,0
tx,318,117,1,1,1787953977327009987,1787953977326758838,5554411818226,5554411854800,72,0,0
rx,319,118,1,1,1787953977342273524,1787953977342156524,5554427081522,0,0,0,0
tx,319,118,1,1,1787953977342281264,1787953977342156524,5554427089503,5554427123652,72,0,0
rx,320,119,1,1,1787953977357588246,1787953977357120820,5554442396244,0,0,0,0
tx,320,119,1,1,1787953977357596727,1787953977357120820,5554442405022,5554442441133,72,0,0
rx,321,120,1,1,1787953977371824283,1787953977371720875,5554456632300,0,0,0,0
tx,321,120,1,1,1787953977371831857,1787953977371720875,5554456640355,5554456669392,72,0,0
rx,322,121,1,1,1787953977387101746,1787953977386478264,5554471909744,0,0,0,0
tx,322,121,1,1,1787953977387110653,1787953977386478264,5554471918911,5554471949355,72,0,0
rx,323,122,1,1,1787953977402386005,1787953977401638024,5554487193892,0,0,0,0
tx,323,122,1,1,1787953977402394024,1787953977401638024,5554487202392,5554487237300,72,0,0
rx,324,123,1,1,1787953977417686672,1787953977416954005,5554502494652,0,0,0,0
tx,324,123,1,1,1787953977417694153,1787953977416954005,5554502502411,5554502531429,72,0,0
rx,325,124,1,1,1787953977432950561,1787953977431917838,5554517758559,0,0,0,0
tx,325,124,1,1,1787953977432957894,1787953977431917838,5554517766151,5554517794466,72,0,0
rx,326,125,1,1,1787953977447151449,1787953977446826857,5554531959466,0,0,0,0
tx,326,125,1,1,1787953977447158616,1787953977446826857,5554531966911,5554531995948,72,0,0
rx,327,126,1,1,1787953977462501598,1787953977461512709,5554547309614,0,0,0,0
tx,327,126,1,1,1787953977462509246,1787953977461512709,5554547317540,5554547350726,72,0,0
rx,328,127,1,1,1787953977477808505,1787953977476909968,5554562616503,0,0,0,0
tx,328,127,1,1,1787953977477816375,1787953977476909968,5554562624633,5554562657874,72,0,0
rx,329,128,1,1,1787953977492005486,1787953977491703968,5554576813485,0,0,0,0
tx,329,128,1,1,1787953977492012690,1787953977491703968,5554576820929,5554576850781,72,0,0
rx,330,129,1,1,1787953977507311301,1787953977506545875,5554592119300,0,0,0,0
tx,330,129,1,1,1787953977507319690,1787953977506545875,5554592127948,5554592161263,72,0,0
rx,331,130,1,1,1787953977522641042,1787953977521646894,5554607449040,0,0,0,0
tx,331,130,1,1,1787953977522648690,1787953977521646894,5554607456929,5554607486244,72,0,0
rx,332,131,1,1,1787953977537909412,1787953977537035560,5554622717429,0,0,0,0
tx,332,131,1,1,1787953977537916857,1787953977537035560,5554622725226,5554622753818,72,0,0
rx,333,132,1,1,1787953977553182672,1787953977552172783,5554637990688,0,0,0,0
tx,333,132,1,1,1787953977553194449,1787953977552172783,5554638002725,5554638035096,72,0,0
rx,334,133,1,1,1787953977567366727,1787953977566512746,5554652174725,0,0,0,0
tx,334,133,1,1,1787953977567374135,1787953977566512746,5554652182448,5554652210707,72,0,0
rx,335,134,1,1,1787953977582766690,1787953977581698635,5554667574688,0,0,0,0
tx,335,134,1,1,1787953977582774968,1787953977581698635,5554667583225,5554667615170,72,0,0
rx,336,135,1,1,1787953977597001394,1787953977596616264,5554681809392,0,0,0,0
tx,336,135,1,1,1787953977597009023,1787953977596616264,5554681817281,5554681848596,72,0,0
rx,337,136,1,1,1787953977612322338,1787953977611939209,5554697130337,0,0,0,0
tx,337,136,1,1,1787953977612330579,1787953977611939209,5554697138837,5554697175059,72,0,0
rx,338,137,1,1,1787953977627619320,1787953977626548338,5554712427337,0,0,0,0
tx,338,137,1,1,1787953977627627375,1787953977626548338,5554712435614,5554712465188,72,0,0
rx,339,138,1,1,1787953977642886597,1787953977641819449,5554727694614,0,0,0,0
tx,339,138,1,1,1787953977642894190,1787953977641819449,5554727702429,5554727730485,72,0,0
rx,340,139,1,1,1787953977658157449,1787953977657262579,5554742965466,0,0,0,0
tx,340,139,1,1,1787953977658165375,1787953977657262579,5554742973670,5554743005855,72,0,0
rx,341,140,1,1,1787953977672344542,1787953977671803357,5554757152540,0,0,0,0
tx,341,140,1,1,1787953977672352042,1787953977671803357,5554757160300,5554757190874,72,0,0
rx,342,141,1,1,1787953977687655283,1787953977686783171,5554772463281,0,0,0,0
tx,342,141,1,1,1787953977687663486,1787953977686783171,5554772471855,5554772514633,72,0,0
rx,343,142,1,1,1787953977701876079,1787953977701590394,5554786684077,0,0,0,0
tx,343,142,1,1,1787953977701884579,1787953977701590394,5554786692874,5554786728411,72,0,0
rx,344,143,1,1,1787953977717181431,1787953977716934838,5554801989429,0,0,0,0
tx,344,143,1,1,1787953977717189301,1787953977716934838,5554801997540,5554802027559,72,0,0
rx,345,144,1,1,1787953977732423153,1787953977731717949,5554817231170,0,0,0,0
tx,345,144,1,1,1787953977732430727,1787953977731717949,5554817238985,5554817266985,72,0,0
rx,346,145,1,1,1787953977747742190,1787953977746867838,5554832550188,0,0,0,0
tx,346,145,1,1,1787953977747751468,1787953977746867838,5554832559836,5554832598855,72,0,0
rx,347,146,1,1,1787953977763019227,1787953977762142671,5554847827225,0,0,0,0
tx,347,146,1,1,1787953977763027264,1787953977762142671,5554847835633,5554847866133,72,0,0
rx,348,147,1,1,1787953977777217431,1787953977776861301,5554862025429,0,0,0,0
tx,348,147,1,1,1787953977777225801,1787953977776861301,5554862034059,5554862066485,72,0,0
rx,349,148,1,1,1787953977795739801,1787953977794782820,5554880547818,0,0,0,0
tx,349,148,1,1,1787953977795749023,1787953977794782820,5554880557281,5554880592855,72,0,0
rx,350,149,1,1,1787953977807779523,1787953977806708708,5554892587540,0,0,0,0
tx,350,149,1,1,1787953977807786968,1787953977806708708,5554892595207,5554892624633,72,0,0
rx,351,150,1,1,1787953977822022023,1787953977821644264,5554906830022,0,0,0,0
tx,351,150,1,1,1787953977822029486,1787953977821644264,5554906837799,5554906866225,72,0,0
rx,352,151,1,1,1787953977837275931,1787953977836933875,5554922083948,0,0,0,0
tx,352,151,1,1,1787953977837283542,1787953977836933875,5554922091781,5554922119503,72,0,0
rx,353,152,1,1,1787953977852565801,1787953977851887949,5554937373799,0,0,0,0
tx,353,152,1,1,1787953977852573708,1787953977851887949,5554937382059,5554937414818,72,0,0
rx,354,153,1,1,1787953977867753171,1787953977866949986,5554952561188,0,0,0,0
tx,354,153,1,1,1787953977867761875,1787953977866949986,5554952570114,5554952611059,72,0,0
rx,355,154,1,1,1787953977882140653,1787953977881725968,5554966948651,0,0,0,0
tx,355,154,1,1,1787953977882149338,1787953977881725968,5554966957614,5554966992985,72,0,0
rx,356,155,1,1,1787953977897518023,1787953977896494745,5554982326022,0,0,0,0
tx,356,155,1,1,1787953977897525412,1787953977896494745,5554982333670,5554982364540,72,0,0
rx,357,156,1,1,1787953977911680023,1787953977911593671,5554996488040,0,0,0,0
tx,357,156,1,1,1787953977911687968,1787953977911593671,5554996496281,5554996529966,72,0,0
rx,358,157,1,1,1787953977927028431,1787953977926543690,5555011836447,0,0,0,0
tx,358,157,1,1,1787953977927036986,1787953977926543690,5555011845262,5555011899559,72,0,0
rx,359,158,1,1,1787953977942345653,1787953977941935523,5555027153651,0,0,0,0
tx,359,158,1,1,1787953977942352949,1787953977941935523,5555027161207,5555027192429,72,0,0
rx,360,159,1,1,1787953977957628208,1787953977956582042,5555042436188,0,0,0,0
tx,360,159,1,1,1787953977957636338,1787953977956582042,5555042444633,5555042479651,72,0,0
rx,361,160,1,1,1787953977972984690,1787953977972213097,5555057792688,0,0,0,0
tx,361,160,1,1,1787953977972992079,1787953977972213097,5555057800447,5555057841596,72,0,0
rx,362,161,1,1,1787953977987189431,1787953977986507894,5555071997429,0,0,0,0
tx,362,161,1,1,1787953977987229727,1787953977986507894,5555072038003,5555072070299,72,0,0
rx,363,162,1,1,1787953978002482931,1787953978002148838,5555087290947,0,0,0,0
tx,363,162,1,1,1787953978002490949,1787953978002148838,5555087299244,5555087333984,72,0,0
rx,364,163,1,1,1787953978017772616,1787953978016868208,5555102580614,0,0,0,0
tx,364,163,1,1,1787953978017779912,1787953978016868208,5555102588170,5555102617633,72,0,0
rx,365,164,1,1,1787953978031988319,1787953978031893412,5555116796336,0,0,0,0
tx,365,164,1,1,1787953978031995745,1787953978031893412,5555116804003,5555116832355,72,0,0
rx,366,165,1,1,1787953978047242116,1787953978046702338,5555132050133,0,0,0,0
tx,366,165,1,1,1787953978047250171,1787953978046702338,5555132058540,5555132094559,72,0,0
rx,367,166,1,1,1787953978062502319,1787953978061675393,5555147310318,0,0,0,0
tx,367,166,1,1,1787953978062509949,1787953978061675393,5555147318207,5555147346466,72,0,0
rx,368,167,1,1,1787953978077777690,1787953978076901116,5555162585688,0,0,0,0
tx,368,167,1,1,1787953978077785875,1787953978076901116,5555162594114,5555162626188,72,0,0
rx,369,168,1,1,1787953978092016856,1787953978091898653,5555176824818,0,0,0,0
tx,369,168,1,1,1787953978092063468,1787953978091898653,5555176871762,5555176909299,72,0,0
rx,370,169,1,1,1787953978107352968,1787953978106723097,5555192160984,0,0,0,0
tx,370,169,1,1,1787953978107361171,1787953978106723097,5555192169484,5555192202318,72,0,0
rx,371,170,1,1,1787953978121629005,1787953978121522097,5555206437021,0,0,0,0
tx,371,170,1,1,1787953978121637153,1787953978121522097,5555206445410,5555206476447,72,0,0
rx,372,171,1,1,1787953978136944430,1787953978136843671,5555221752429,0,0,0,0
tx,372,171,1,1,1787953978136952893,1787953978136843671,5555221761133,5555221789188,72,0,0
rx,373,172,1,1,1787953978152261597,1787953978151652764,5555237069596,0,0,0,0
tx,373,172,1,1,1787953978152269912,1787953978151652764,5555237078170,5555237113003,72,0,0
rx,374,173,1,1,1787953978167564319,1787953978166848375,5555252372318,0,0,0,0
tx,374,173,1,1,1787953978167572245,1787953978166848375,5555252380503,5555252409725,72,0,0
rx,375,174,1,1,1787953978182955467,1787953978181919875,5555267763466,0,0,0,0
tx,375,174,1,1,1787953978182964245,1787953978181919875,5555267772484,5555267806595,72,0,0
rx,376,175,1,1,1787953978197147912,1787953978196952930,5555281955892,0,0,0,0
tx,376,175,1,1,1787953978197160912,1787953978196952930,5555281969151,5555282004929,72,0,0
rx,377,176,1,1,1787953978212432097,1787953978212025097,5555297240077,0,0,0,0
tx,377,176,1,1,1787953978212440634,1787953978212025097,5555297248873,5555297287984,72,0,0
rx,378,177,1,1,1787953978227738190,1787953978226703949,5555312546151,0,0,0,0
tx,378,177,1,1,1787953978227745856,1787953978226703949,5555312554170,5555312583503,72,0,0
rx,379,178,1,1,1787953978241906264,1787953978241659060,5555326714262,0,0,0,0
tx,379,178,1,1,1787953978241913486,1787953978241659060,5555326721744,5555326749873,72,0,0
rx,380,179,1,1,1787953978257174597,1787953978256802282,5555341982614,0,0,0,0
tx,380,179,1,1,1787953978257182671,1787953978256802282,5555341990910,5555342023207,72,0,0
rx,381,180,1,1,1787953978272444190,1787953978271826282,5555357252207,0,0,0,0
tx,381,180,1,1,1787953978272451597,1787953978271826282,5555357259836,5555357288040,72,0,0
rx,382,181,1,1,1787953978287777579,1787953978286993338,5555372585577,0,0,0,0
tx,382,181,1,1,1787953978287785523,1787953978286993338,5555372593781,5555372624466,72,0,0
rx,383,182,1,1,1787953978303094004,1787953978302990523,5555387902003,0,0,0,0
tx,383,182,1,1,1787953978303101893,1787953978302990523,5555387910207,5555387944614,72,0,0
rx,384,183,1,1,1787953978317336708,1787953978316863949,5555402144707,0,0,0,0
tx,384,183,1,1,1787953978317347764,1787953978316863949,5555402156003,5555402185669,72,0,0
rx,385,184,1,1,1787953978332661930,1787953978331826430,5555417469929,0,0,0,0
tx,385,184,1,1,1787953978332669393,1787953978331826430,5555417477688,5555417505429,72,0,0
rx,386,185,1,1,1787953978346862541,1787953978346760041,5555431670521,0,0,0,0
tx,386,185,1,1,1787953978346870597,1787953978346760041,5555431678836,5555431711966,72,0,0
rx,387,186,1,1,1787953978362137060,1787953978361966708,5555446945058,0,0,0,0
tx,387,186,1,1,1787953978362144541,1787953978361966708,5555446952836,5555446981781,72,0,0
rx,388,187,1,1,1787953978377449801,1787953978376951523,5555462257799,0,0,0,0
tx,388,187,1,1,1787953978377457838,1787953978376951523,5555462266077,5555462300410,72,0,0
rx,389,188,1,1,1787953978392747356,1787953978392129227,5555477555355,0,0,0,0
tx,389,188,1,1,1787953978392755560,1787953978392129227,5555477563818,5555477598744,72,0,0
rx,390,189,1,1,1787953978408020875,1787953978407262338,5555492828873,0,0,0,0
tx,390,189,1,1,1787953978408028171,1787953978407262338,5555492836429,5555492865429,72,0,0
rx,391,190,1,1,1787953978422229912,1787953978421915041,5555507037910,0,0,0,0
tx,391,190,1,1,1787953978422241764,1787953978421915041,5555507050021,5555507077318,72,0,0
rx,392,191,1,1,1787953978437479690,1787953978436578690,5555522287706,0,0,0,0
tx,392,191,1,1,1787953978437487023,1787953978436578690,5555522295392,5555522323947,72,0,0
rx,393,192,1,1,1787953978452840264,1787953978451839134,5555537648243,0,0,0,0
tx,393,192,1,1,1787953978452848282,1787953978451839134,5555537656577,5555537689188,72,0,0
rx,394,193,1,1,1787953978467057764,1787953978466497115,5555551865762,0,0,0,0
tx,394,193,1,1,1787953978467065208,1787953978466497115,5555551873447,5555551901836,72,0,0
rx,395,194,1,1,1787953978482326264,1787953978481966986,5555567134262,0,0,0,0
tx,395,194,1,1,1787953978482334078,1787953978481966986,5555567142447,5555567174225,72,0,0
rx,396,195,1,1,1787953978497638152,1787953978497207486,5555582446169,0,0,0,0
tx,396,195,1,1,1787953978497646152,1787953978497207486,5555582454447,5555582488336,72,0,0
rx,397,196,1,1,1787953978511835504,1787953978511667690,5555596643503,0,0,0,0
tx,397,196,1,1,1787953978511842912,1787953978511667690,5555596651151,5555596679466,72,0,0
rx,398,197,1,1,1787953978527155412,1787953978526408523,5555611963410,0,0,0,0
tx,398,197,1,1,1787953978527166745,1787953978526408523,5555611974984,5555612039355,72,0,0
rx,399,198,1,1,1787953978542474856,1787953978541619578,5555627282855,0,0,0,0
tx,399,198,1,1,1787953978542482634,1787953978541619578,5555627291021,5555627321243,72,0,0
rx,400,199,1,1,1787953978556695986,1787953978556595708,5555641504003,0,0,0,0
tx,400,199,1,1,1787953978556705115,1787953978556595708,5555641513392,5555641544577,72,0,0
rx,401,200,1,1,1787953978573021856,1787953978572191912,5555657829855,0,0,0,0
tx,401,200,1,1,1787953978573029227,1787953978572191912,5555657837484,5555657866373,72,0,0
rx,402,0,1,1,1787953978587233671,1787953978586846893,5555672041669,0,0,0,0
tx,402,0,1,1,1787953978587241708,1787953978586846893,5555672049966,5555672082299,72,0,0
rx,403,1,1,1,1787953978602514764,1787953978602402986,5555687322762,0,0,0,0
tx,403,1,1,1,1787953978602522597,1787953978602402986,5555687330836,5555687364188,72,0,0
rx,404,2,1,1,1787953978616802986,1787953978616698745,5555701610984,0,0,0,0
tx,404,2,1,1,1787953978616810319,1787953978616698745,5555701618577,5555701648762,72,0,0
rx,405,3,1,1,1787953978632103097,1787953978631571597,5555716911095,0,0,0,0
tx,405,3,1,1,1787953978632114078,1787953978631571597,5555716922336,5555716951058,72,0,0
rx,406,4,1,1,1787953978647367023,1787953978647025597,5555732175021,0,0,0,0
tx,406,4,1,1,1787953978647375023,1787953978647025597,5555732183280,5555732223966,72,0,0
rx,407,5,1,1,1787953978662650430,1787953978662010097,5555747458429,0,0,0,0
tx,407,5,1,1,1787953978662657875,1787953978662010097,5555747466132,5555747494243,72,0,0
rx,408,6,1,1,1787953978677009560,1787953978676595041,5555761817577,0,0,0,0
tx,408,6,1,1,1787953978677018523,1787953978676595041,5555761827058,5555761861169,72,0,0
rx,409,7,1,1,1787953978692315504,1787953978692007801,5555777123503,0,0,0,0
tx,409,7,1,1,1787953978692323541,1787953978692007801,5555777131854,5555777168169,72,0,0
rx,410,8,1,1,1787953978707605189,1787953978707165282,5555792413188,0,0,0,0
tx,410,8,1,1,1787953978707612523,1787953978707165282,5555792420799,5555792451410,72,0,0
rx,411,9,1,1,1787953978721861930,1787953978721756041,5555806669929,0,0,0,0
tx,411,9,1,1,1787953978721870208,1787953978721756041,5555806678466,5555806708003,72,0,0
rx,412,10,1,1,1787953978737134393,1787953978736958356,5555821942410,0,0,0,0
tx,412,10,1,1,1787953978737141986,1787953978736958356,5555821950262,5555821978169,72,0,0
rx,413,11,1,1,1787953978752443652,1787953978752071060,5555837251651,0,0,0,0
tx,413,11,1,1,1787953978752456393,1787953978752071060,5555837264669,5555837298521,72,0,0
rx,414,12,1,1,1787953978767819800,1787953978766809745,5555852627688,0,0,0,0
tx,414,12,1,1,1787953978767827245,1787953978766809745,5555852635503,5555852665225,72,0,0
rx,415,13,1,1,1787953978781962560,1787953978781715634,5555866770577,0,0,0,0
tx,415,13,1,1,1787953978781970986,1787953978781715634,5555866779243,5555866812447,72,0,0
rx,416,14,1,1,1787953978797287226,1787953978796582356,5555882095243,0,0,0,0
tx,416,14,1,1,1787953978797295671,1787953978796582356,5555882103910,5555882154077,72,0,0
rx,417,15,1,1,1787953978812660226,1787953978811914004,5555897468243,0,0,0,0
tx,417,15,1,1,1787953978812667819,1787953978811914004,5555897476095,5555897516132,72,0,0
rx,418,16,1,1,1787953978826891449,1787953978826536189,5555911699447,0,0,0,0
tx,418,16,1,1,1787953978826899060,1787953978826536189,5555911707317,5555911736817,72,0,0
rx,419,17,1,1,1787953978842165189,1787953978841846430,5555926973206,0,0,0,0
tx,419,17,1,1,1787953978842173930,1787953978841846430,5555926982169,5555927017614,72,0,0
rx,420,18,1,1,1787953978857771504,1787953978857199560,5555942579521,0,0,0,0
tx,420,18,1,1,1787953978857781115,1787953978857199560,5555942589373,5555942631984,72,0,0
rx,421,19,1,1,1787953978872322819,1787953978871977578,5555957130817,0,0,0,0
tx,421,19,1,1,1787953978872331689,1787953978871977578,5555957139947,5555957178114,72,0,0
rx,422,20,1,1,1787953978887661152,1787953978886759745,5555972469151,0,0,0,0
tx,422,20,1,1,1787953978887669412,1787953978886759745,5555972477669,5555972510965,72,0,0
rx,423,21,1,1,1787953978901921337,1787953978901817745,5555986729243,0,0,0,0
tx,423,21,1,1,1787953978901930467,1787953978901817745,5555986738743,5555986773354,72,0,0
rx,424,22,1,1,1787953978919414504,1787953978918581986,5556004222521,0,0,0,0
tx,424,22,1,1,1787953978919421874,1787953978918581986,5556004230132,5556004259799,72,0,0
rx,425,23,1,1,1787953978932548115,1787953978931514263,5556017356114,0,0,0,0
tx,425,23,1,1,1787953978932555300,1787953978931514263,5556017363558,5556017391169,72,0,0
rx,426,24,1,1,1787953978947822986,1787953978947029171,5556032630891,0,0,0,0
tx,426,24,1,1,1787953978947831245,1787953978947029171,5556032639502,5556032671910,72,0,0
rx,427,25,1,1,1787953978963100615,1787953978962366708,5556047908632,0,0,0,0
tx,427,25,1,1,1787953978963108023,1787953978962366708,5556047916280,5556047944391,72,0,0
rx,428,26,1,1,1787953978977284930,1787953978976839467,5556062092928,0,0,0,0
tx,428,26,1,1,1787953978977292837,1787953978976839467,5556062101095,5556062129206,72,0,0
rx,429,27,1,1,1787953978992546467,1787953978991539763,5556077354447,0,0,0,0
tx,429,27,1,1,1787953978992554948,1787953978991539763,5556077363206,5556077395780,72,0,0
rx,430,28,1,1,1787953979006790152,1787953979006496967,5556091598151,0,0,0,0
tx,430,28,1,1,1787953979006798467,1787953979006496967,5556091606725,5556091641873,72,0,0
rx,431,29,1,1,1787953979023231171,1787953979023110874,5556108039188,0,0,0,0
tx,431,29,1,1,1787953979023240486,1787953979023110874,5556108048780,5556108078669,72,0,0
rx,432,30,1,1,1787953979037493041,1787953979036497523,5556122301039,0,0,0,0
tx,432,30,1,1,1787953979037500615,1787953979036497523,5556122308928,5556122336817,72,0,0
rx,433,31,1,1,1787953979052760967,1787953979051874282,5556137568965,0,0,0,0
tx,433,31,1,1,1787953979052769782,1787953979051874282,5556137578039,5556137612076,72,0,0
rx,434,32,1,1,1787953979066970578,1787953979066793467,5556151778576,0,0,0,0
tx,434,32,1,1,1787953979066977856,1787953979066793467,5556151786113,5556151814188,72,0,0
rx,435,33,1,1,1787953979082232023,1787953979081576634,5556167040021,0,0,0,0
tx,435,33,1,1,1787953979082244152,1787953979081576634,5556167052391,5556167084651,72,0,0
rx,436,34,1,1,1787953979097523208,1787953979096654189,5556182331225,0,0,0,0
tx,436,34,1,1,1787953979097531171,1787953979096654189,5556182339447,5556182373280,72,0,0
rx,437,35,1,1,1787953979111816874,1787953979111728134,5556196624873,0,0,0,0
tx,437,35,1,1,1787953979111825300,1787953979111728134,5556196633558,5556196664076,72,0,0
rx,438,36,1,1,1787953979128168152,1787953979127302522,5556212976150,0,0,0,0
tx,438,36,1,1,1787953979128175467,1787953979127302522,5556212983725,5556213011984,72,0,0
rx,439,37,1,1,1787953979142379856,1787953979141826800,5556227187854,0,0,0,0
tx,439,37,1,1,1787953979142388134,1787953979141826800,5556227196391,5556227230799,72,0,0
rx,440,38,1,1,1787953979156612652,1787953979156484152,5556241420650,0,0,0,0
tx,440,38,1,1,1787953979156620634,1787953979156484152,5556241428891,5556241459280,72,0,0
rx,441,39,1,1,1787953979171911615,1787953979171695059,5556256719613,0,0,0,0
tx,441,39,1,1,1787953979171919059,1787953979171695059,5556256727317,5556256755910,72,0,0
rx,442,40,1,1,1787953979187227893,1787953979186832115,5556272035558,0,0,0,0
tx,442,40,1,1,1787953979187241559,1787953979186832115,5556272049873,5556272087076,72,0,0
rx,443,41,1,1,1787953979202591856,1787953979202491689,5556287399873,0,0,0,0
tx,443,41,1,1,1787953979202601541,1787953979202491689,5556287409854,5556287441373,72,0,0
rx,444,42,1,1,1787953979216798374,1787953979216699634,5556301606373,0,0,0,0
tx,444,42,1,1,1787953979216805967,1787953979216699634,5556301614206,5556301643299,72,0,0
rx,445,43,1,1,1787953979233146615,1787953979232119374,5556317954632,0,0,0,0
tx,445,43,1,1,1787953979233153837,1787953979232119374,5556317962095,5556317990076,72,0,0
rx,446,44,1,1,1787953979247350893,1787953979246833059,5556332158910,0,0,0,0
tx,446,44,1,1,1787953979247358615,1787953979246833059,5556332166910,5556332199169,72,0,0
rx,447,45,1,1,1787953979261616411,1787953979261521911,5556346424410,0,0,0,0
tx,447,45,1,1,1787953979261624022,1787953979261521911,5556346432317,5556346461280,72,0,0
rx,448,46,1,1,1787953979276922245,1787953979276624078,5556361730243,0,0,0,0
tx,448,46,1,1,1787953979276929763,1787953979276624078,5556361738021,5556361766169,72,0,0
rx,449,47,1,1,1787953979293052152,1787953979291626374,5556377860150,0,0,0,0
tx,449,47,1,1,1787953979293067022,1787953979291626374,5556377875299,5556377913428,72,0,0
rx,450,48,1,1,1787953979307227430,1787953979306914189,5556392035410,0,0,0,0
tx,450,48,1,1,1787953979307235004,1787953979306914189,5556392043243,5556392073854,72,0,0
rx,451,49,1,1,1787953979322431800,1787953979321637522,5556407239780,0,0,0,0
tx,451,49,1,1,1787953979322439319,1787953979321637522,5556407247576,5556407273613,72,0,0
rx,452,50,1,1,1787953979337643171,1787953979336969096,5556422451187,0,0,0,0
tx,452,50,1,1,1787953979337650300,1787953979336969096,5556422458539,5556422484187,72,0,0
rx,453,51,1,1,1787953979352042059,1787953979351801911,5556436850039,0,0,0,0
tx,453,51,1,1,1787953979352050670,1787953979351801911,5556436858947,5556436893984,72,0,0
rx,454,52,1,1,1787953979367234652,1787953979366920633,5556452042669,0,0,0,0
tx,454,52,1,1,1787953979367242356,1787953979366920633,5556452050632,5556452078132,72,0,0
rx,455,53,1,1,1787953979382425893,1787953979381890967,5556467233891,0,0,0,0
tx,455,53,1,1,1787953979382433022,1787953979381890967,5556467241261,5556467270632,72,0,0
rx,456,54,1,1,1787953979397727763,1787953979396901263,5556482535743,0,0,0,0
tx,456,54,1,1,1787953979397735689,1787953979396901263,5556482543928,5556482579095,72,0,0
rx,457,55,1,1,1787953979412950911,1787953979411952115,5556497758891,0,0,0,0
tx,457,55,1,1,1787953979412961967,1787953979411952115,5556497770206,5556497795724,72,0,0
rx,458,56,1,1,1787953979427098763,1787953979426734115,5556511906761,0,0,0,0
tx,458,56,1,1,1787953979427106078,1787953979426734115,5556511914317,5556511940113,72,0,0
rx,459,57,1,1,1787953979442008245,1787953979441888115,5556526816243,0,0,0,0
tx,459,57,1,1,1787953979442016615,1787953979441888115,5556526824854,5556526858965,72,0,0
rx,460,58,1,1,1787953979457274745,1787953979456753170,5556542082706,0,0,0,0
tx,460,58,1,1,1787953979457282059,1787953979456753170,5556542090298,5556542120261,72,0,0
rx,461,59,1,1,1787953979472488559,1787953979471709078,5556557296539,0,0,0,0
tx,461,59,1,1,1787953979472495726,1787953979471709078,5556557303984,5556557330021,72,0,0
rx,462,60,1,1,1787953979487156800,1787953979486728670,5556571964817,0,0,0,0
tx,462,60,1,1,1787953979487164874,1787953979486728670,5556571973132,5556572040280,72,0,0
rx,463,61,1,1,1787953979502397059,1787953979501688448,5556587205058,0,0,0,0
tx,463,61,1,1,1787953979502404689,1787953979501688448,5556587212984,5556587242058,72,0,0
rx,464,62,1,1,1787953979517614022,1787953979516868115,5556602421984,0,0,0,0
tx,464,62,1,1,1787953979517624874,1787953979516868115,5556602433132,5556602459465,72,0,0
rx,465,63,1,1,1787953979531743244,1787953979531542578,5556616551224,0,0,0,0
tx,465,63,1,1,1787953979531750522,1787953979531542578,5556616558761,5556616584835,72,0,0
rx,466,64,1,1,1787953979548057689,1787953979547093559,5556632865706,0,0,0,0
tx,466,64,1,1,1787953979548065985,1787953979547093559,5556632874243,5556632908206,72,0,0
rx,467,65,1,1,1787953979562183078,1787953979561824615,5556646991039,0,0,0,0
tx,467,65,1,1,1787953979562190300,1787953979561824615,5556646998558,5556647024965,72,0,0
rx,468,66,1,1,1787953979577392689,1787953979576881930,5556662200706,0,0,0,0
tx,468,66,1,1,1787953979577399689,1787953979576881930,5556662207928,5556662233817,72,0,0
rx,469,67,1,1,1787953979591937467,1787953979591715911,5556676745465,0,0,0,0
tx,469,67,1,1,1787953979591945948,1787953979591715911,5556676754224,5556676792298,72,0,0
rx,470,68,1,1,1787953979607151170,1787953979606840078,5556691959169,0,0,0,0
tx,470,68,1,1,1787953979607158207,1787953979606840078,5556691966669,5556691996354,72,0,0
rx,471,69,1,1,1787953979622396726,1787953979621867189,5556707204724,0,0,0,0
tx,471,69,1,1,1787953979622403874,1787953979621867189,5556707212169,5556707238521,72,0,0
rx,472,70,1,1,1787953979636553318,1787953979636494596,5556721361317,0,0,0,0
tx,472,70,1,1,1787953979636560448,1787953979636494596,5556721368706,5556721394909,72,0,0
rx,473,71,1,1,1787953979652033041,1787953979651896893,5556736841058,0,0,0,0
tx,473,71,1,1,1787953979652041263,1787953979651896893,5556736849539,5556736883798,72,0,0
rx,474,72,1,1,1787953979667239300,1787953979666730022,5556752047317,0,0,0,0
tx,474,72,1,1,1787953979667246281,1787953979666730022,5556752054521,5556752081187,72,0,0
rx,475,73,1,1,1787953979682483152,1787953979681806207,5556767291132,0,0,0,0
tx,475,73,1,1,1787953979682490652,1787953979681806207,5556767298946,5556767331391,72,0,0
rx,476,74,1,1,1787953979697188430,1787953979696647652,5556781996428,0,0,0,0
tx,476,74,1,1,1787953979697197559,1787953979696647652,5556782005817,5556782043669,72,0,0
rx,477,75,1,1,1787953979712463448,1787953979711697078,5556797271465,0,0,0,0
tx,477,75,1,1,1787953979712471430,1787953979711697078,5556797279687,5556797308298,72,0,0
rx,478,76,1,1,1787953979727825281,1787953979727015078,5556812633280,0,0,0,0
tx,478,76,1,1,1787953979727833226,1787953979727015078,5556812641483,5556812670150,72,0,0
rx,479,77,1,1,1787953979743072689,1787953979742006781,5556827880706,0,0,0,0
tx,479,77,1,1,1787953979743085467,1787953979742006781,5556827893706,5556827928706,72,0,0
rx,480,78,1,1,1787953979757311096,1787953979756987430,5556842119095,0,0,0,0
tx,480,78,1,1,1787953979757377448,1787953979756987430,5556842185687,5556842215150,72,0,0
rx,481,79,1,1,1787953979771776541,1787953979771619170,5556856584558,0,0,0,0
tx,481,79,1,1,1787953979771784541,1787953979771619170,5556856592817,5556856623595,72,0,0
rx,482,80,1,1,1787953979787108429,1787953979786644948,5556871916428,0,0,0,0
tx,482,80,1,1,1787953979787117059,1787953979786644948,5556871925298,5556871964372,72,0,0
rx,483,81,1,1,1787953979802475837,1787953979801640504,5556887283835,0,0,0,0
tx,483,81,1,1,1787953979802483281,1787953979801640504,5556887291539,5556887323428,72,0,0
rx,484,82,1,1,1787953979817751929,1787953979816924392,5556902559946,0,0,0,0
tx,484,82,1,1,1787953979817760115,1787953979816924392,5556902568372,5556902596946,72,0,0
rx,485,83,1,1,1787953979831971300,1787953979831806670,5556916779298,0,0,0,0
tx,485,83,1,1,1787953979831978781,1787953979831806670,5556916787039,5556916815520,72,0,0
rx,486,84,1,1,1787953979847252189,1787953979846719800,5556932060206,0,0,0,0
tx,486,84,1,1,1787953979847264818,1787953979846719800,5556932073076,5556932108706,72,0,0
rx,487,85,1,1,1787953979862398078,1787953979861819078,5556947206020,0,0,0,0
tx,487,85,1,1,1787953979862407374,1787953979861819078,5556947215613,5556947253891,72,0,0
rx,488,86,1,1,1787953979877821818,1787953979876752707,5556962629817,0,0,0,0
tx,488,86,1,1,1787953979877829781,1787953979876752707,5556962638094,5556962670076,72,0,0
rx,489,87,1,1,1787953979892260966,1787953979891687726,5556977068983,0,0,0,0
tx,489,87,1,1,1787953979892269485,1787953979891687726,5556977077724,5556977118039,72,0,0
rx,490,88,1,1,1787953979907583004,1787953979906880633,5556992391002,0,0,0,0
tx,490,88,1,1,1787953979907590541,1787953979906880633,5556992398780,5556992428724,72,0,0
rx,491,89,1,1,1787953979922860318,1787953979922175485,5557007668335,0,0,0,0
tx,491,89,1,1,1787953979922868133,1787953979922175485,5557007676446,5557007708243,72,0,0
rx,492,90,1,1,1787953979937141633,1787953979937032207,5557021949650,0,0,0,0
tx,492,90,1,1,1787953979937150503,1787953979937032207,5557021958909,5557021994206,72,0,0
rx,493,91,1,1,1787953979952432115,1787953979952317763,5557037240113,0,0,0,0
tx,493,91,1,1,1787953979952444059,1787953979952317763,5557037252409,5557037282946,72,0,0
rx,494,92,1,1,1787953979967704263,1787953979967447837,5557052512261,0,0,0,0
tx,494,92,1,1,1787953979967715744,1787953979967447837,5557052524002,5557052553354,72,0,0
rx,495,93,1,1,1787953979983001855,1787953979981984355,5557067809854,0,0,0,0
tx,495,93,1,1,1787953979983010078,1787953979981984355,5557067818317,5557067852206,72,0,0
rx,496,94,1,1,1787953979998287244,1787953979997782670,5557083095243,0,0,0,0
tx,496,94,1,1,1787953979998296300,1787953979997782670,5557083104539,5557083140687,72,0,0
rx,497,95,1,1,1787953980012483078,1787953980012069633,5557097291076,0,0,0,0
tx,497,95,1,1,1787953980012490448,1787953980012069633,5557097298706,5557097329002,72,0,0
rx,498,96,1,1,1787953980026714911,1787953980026625392,5557111522909,0,0,0,0
tx,498,96,1,1,1787953980026722040,1787953980026625392,5557111530298,5557111558446,72,0,0
rx,499,97,1,1,1787953980041991596,1787953980041884874,5557126799613,0,0,0,0
tx,499,97,1,1,1787953980041999559,1787953980041884874,5557126807909,5557126841261,72,0,0
rx,500,98,1,1,1787953980057252929,1787953980056640837,5557142060928,0,0,0,0
tx,500,98,1,1,1787953980057260281,1787953980056640837,5557142068631,5557142097502,72,0,0
rx,501,99,1,1,1787953980072537633,1787953980072263689,5557157345631,0,0,0,0
tx,501,99,1,1,1787953980072549281,1787953980072263689,5557157357557,5557157389724,72,0,0
rx,502,100,1,1,1787953980086855652,1787953980086736837,5557171663631,0,0,0,0
tx,502,100,1,1,1787953980086864726,1787953980086736837,5557171672983,5557171712817,72,0,0
rx,503,101,1,1,1787953980103249189,1787953980102280911,5557188057187,0,0,0,0
tx,503,101,1,1,1787953980103256929,1787953980102280911,5557188065187,5557188095594,72,0,0
rx,504,102,1,1,1787953980117476003,1787953980116857226,5557202284020,0,0,0,0
tx,504,102,1,1,1787953980117483596,1787953980116857226,5557202291854,5557202323631,72,0,0
rx,505,103,1,1,1787953980132751337,1787953980132018522,5557217559335,0,0,0,0
tx,505,103,1,1,1787953980132758559,1787953980132018522,5557217566798,5557217595687,72,0,0
rx,506,104,1,1,1787953980149098392,1787953980148071707,5557233906409,0,0,0,0
tx,506,104,1,1,1787953980149106170,1787953980148071707,5557233914428,5557233947613,72,0,0
rx,507,105,1,1,1787953980162210503,1787953980161799855,5557247018502,0,0,0,0
tx,507,105,1,1,1787953980162218226,1787953980161799855,5557247026483,5557247055835,72,0,0
rx,508,106,1,1,1787953980177496300,1787953980177297448,5557262304298,0,0,0,0
tx,508,106,1,1,1787953980177507503,1787953980177297448,5557262315761,5557262345131,72,0,0
rx,509,107,1,1,1787953980191697448,1787953980191568837,5557276505446,0,0,0,0
tx,509,107,1,1,1787953980191706133,1787953980191568837,5557276514428,5557276550928,72,0,0
rx,510,108,1,1,1787953980207001559,1787953980206657633,5557291809557,0,0,0,0
tx,510,108,1,1,1787953980207009874,1787953980206657633,5557291818131,5557291850317,72,0,0
rx,511,109,1,1,1787953980222266670,1787953980221861133,5557307074687,0,0,0,0
tx,511,109,1,1,1787953980222274466,1787953980221861133,5557307082724,5557307111298,72,0,0
rx,512,110,1,1,1787953980237559170,1787953980236659892,5557322367187,0,0,0,0
tx,512,110,1,1,1787953980237567892,1787953980236659892,5557322376261,5557322411335,72,0,0
rx,513,111,1,1,1787953980252858744,1787953980251808077,5557337666742,0,0,0,0
tx,513,111,1,1,1787953980252866485,1787953980251808077,5557337674779,5557337703520,72,0,0
rx,514,112,1,1,1787953980267031003,1787953980266735337,5557351839020,0,0,0,0
tx,514,112,1,1,1787953980267038651,1787953980266735337,5557351846946,5557351874354,72,0,0
rx,515,113,1,1,1787953980282276300,1787953980281806448,5557367084298,0,0,0,0
tx,515,113,1,1,1787953980282288263,1787953980281806448,5557367096502,5557367129798,72,0,0
rx,516,114,1,1,1787953980297621818,1787953980296654244,5557382429816,0,0,0,0
tx,516,114,1,1,1787953980297658059,1787953980296654244,5557382466298,5557382501261,72,0,0
rx,517,115,1,1,1787953980311857448,1787953980311569966,5557396665446,0,0,0,0
tx,517,115,1,1,1787953980311864966,1787953980311569966,5557396673261,5557396702279,72,0,0
rx,518,116,1,1,1787953980327171559,1787953980326595892,5557411979557,0,0,0,0
tx,518,116,1,1,1787953980327178855,1787953980326595892,5557411987113,5557412079057,72,0,0
rx,519,117,1,1,1787953980342578466,1787953980341582855,5557427386483,0,0,0,0
tx,519,117,1,1,1787953980342586763,1787953980341582855,5557427395020,5557427428002,72,0,0
rx,520,118,1,1,1787953980356788485,1787953980356498096,5557441596502,0,0,0,0
tx,520,118,1,1,1787953980356795874,1787953980356498096,5557441604131,5557441633020,72,0,0
rx,521,119,1,1,1787953980372047448,1787953980371680225,5557456855446,0,0,0,0
tx,521,119,1,1,1787953980372054966,1787953980371680225,5557456863224,5557456891428,72,0,0
rx,522,120,1,1,1787953980387334392,1787953980386899874,5557472142390,0,0,0,0
tx,522,120,1,1,1787953980387342929,1787953980386899874,5557472151224,5557472188020,72,0,0
rx,523,121,1,1,1787953980402615003,1787953980401997151,5557487423020,0,0,0,0
tx,523,121,1,1,1787953980402626466,1787953980401997151,5557487434705,5557487466020,72,0,0
rx,524,122,1,1,1787953980417892948,1787953980417346633,5557502700946,0,0,0,0
tx,524,122,1,1,1787953980417900355,1787953980417346633,5557502708742,5557502737853,72,0,0
rx,525,123,1,1,1787953980433181670,1787953980432332503,5557517989668,0,0,0,0
tx,525,123,1,1,1787953980433189133,1787953980432332503,5557517997390,5557518025205,72,0,0
rx,526,124,1,1,1787953980447378448,1787953980446635466,5557532186465,0,0,0,0
tx,526,124,1,1,1787953980447386374,1787953980446635466,5557532194613,5557532227927,72,0,0
rx,527,125,1,1,1787953980462652188,1787953980461809837,5557547460187,0,0,0,0
tx,527,125,1,1,1787953980462659374,1787953980461809837,5557547467613,5557547497724,72,0,0
rx,528,126,1,1,1787953980477951281,1787953980476944874,5557562759279,0,0,0,0
tx,528,126,1,1,1787953980477959059,1787953980476944874,5557562767316,5557562796187,72,0,0
rx,529,127,1,1,1787953980492342151,1787953980492235836,5557577150150,0,0,0,0
tx,529,127,1,1,1787953980492350725,1787953980492235836,5557577158983,5557577196131,72,0,0
rx,530,128,1,1,1787953980507620299,1787953980506907559,5557592428316,0,0,0,0
tx,530,128,1,1,1787953980507631299,1787953980506907559,5557592439557,5557592468927,72,0,0
rx,531,129,1,1,1787953980522885429,1787953980521816281,5557607693409,0,0,0,0
tx,531,129,1,1,1787953980522892836,1787953980521816281,5557607701094,5557607729872,72,0,0
rx,532,130,1,1,1787953980537112633,1787953980536873799,5557621920631,0,0,0,0
tx,532,130,1,1,1787953980537121725,1787953980536873799,5557621930039,5557621965076,72,0,0
rx,533,131,1,1,1787953980552397262,1787953980552233429,5557637205279,0,0,0,0
tx,533,131,1,1,1787953980552405373,1787953980552233429,5557637213631,5557637244909,72,0,0
rx,534,132,1,1,1787953980567684966,1787953980567049948,5557652492964,0,0,0,0
tx,534,132,1,1,1787953980567692873,1787953980567049948,5557652501113,5557652530946,72,0,0
rx,535,133,1,1,1787953980582985985,1787953980581974929,5557667793983,0,0,0,0
tx,535,133,1,1,1787953980582994336,1787953980581974929,5557667802650,5557667838001,72,0,0
rx,536,134,1,1,1787953980597242336,1787953980597148503,5557682050353,0,0,0,0
tx,536,134,1,1,1787953980597249836,1787953980597148503,5557682058094,5557682088279,72,0,0
rx,537,135,1,1,1787953980612663910,1787953980612018448,5557697471909,0,0,0,0
tx,537,135,1,1,1787953980612671929,1787953980612018448,5557697480168,5557697510816,72,0,0
rx,538,136,1,1,1787953980627925318,1787953980627048114,5557712733316,0,0,0,0
tx,538,136,1,1,1787953980627936948,1787953980627048114,5557712745187,5557712775057,72,0,0
rx,539,137,1,1,1787953980642160003,1787953980642034429,5557726968020,0,0,0,0
tx,539,137,1,1,1787953980642167799,1787953980642034429,5557726976057,5557727007279,72,0,0
rx,540,138,1,1,1787953980658508947,1787953980657864003,5557743316964,0,0,0,0
tx,540,138,1,1,1787953980658516503,1787953980657864003,5557743324761,5557743354724,72,0,0
rx,541,139,1,1,1787953980672689947,1787953980671809170,5557757497964,0,0,0,0
tx,541,139,1,1,1787953980672697281,1787953980671809170,5557757505520,5557757534075,72,0,0
rx,542,140,1,1,1787953980686963966,1787953980686850281,5557771771927,0,0,0,0
tx,542,140,1,1,1787953980686973725,1787953980686850281,5557771781964,5557771818816,72,0,0
rx,543,141,1,1,1787953980703366799,1787953980702329966,5557788174779,0,0,0,0
tx,543,141,1,1,1787953980703374244,1787953980702329966,5557788182483,5557788213816,72,0,0
rx,544,142,1,1,1787953980717555355,1787953980717165744,5557802363372,0,0,0,0
tx,544,142,1,1,1787953980717562670,1787953980717165744,5557802370927,5557802399316,72,0,0
rx,545,143,1,1,1787953980731781892,1787953980731618633,5557816589890,0,0,0,0
tx,545,143,1,1,1787953980731789410,1787953980731618633,5557816597779,5557816626335,72,0,0
rx,546,144,1,1,1787953980747060947,1787953980746901040,5557831868964,0,0,0,0
tx,546,144,1,1,1787953980747069262,1787953980746901040,5557831877520,5557831911409,72,0,0
rx,547,145,1,1,1787953980762339410,1787953980761963799,5557847147409,0,0,0,0
tx,547,145,1,1,1787953980762347299,1787953980761963799,5557847155538,5557847185798,72,0,0
rx,548,146,1,1,1787953980777628670,1787953980777234077,5557862436668,0,0,0,0
tx,548,146,1,1,1787953980777636410,1787953980777234077,5557862444687,5557862472724,72,0,0
rx,549,147,1,1,1787953980794047040,1787953980793041559,5557878854983,0,0,0,0
tx,549,147,1,1,1787953980794055670,1787953980793041559,5557878863927,5557878900538,72,0,0
rx,550,148,1,1,1787953980807279725,1787953980807175077,5557892087742,0,0,0,0
tx,550,148,1,1,1787953980807288966,1787953980807175077,5557892097205,5557892131075,72,0,0
rx,551,149,1,1,1787953980822670484,1787953980821803281,5557907478483,0,0,0,0
tx,551,149,1,1,1787953980822677910,1787953980821803281,5557907486149,5557907513538,72,0,0
rx,552,150,1,1,1787953980837109614,1787953980836880947,5557921917612,0,0,0,0
tx,552,150,1,1,1787953980837122336,1787953980836880947,5557921930575,5557921963353,72,0,0
rx,553,151,1,1,1787953980852422170,1787953980851690133,5557937230149,0,0,0,0
tx,553,151,1,1,1787953980852430410,1787953980851690133,5557937238668,5557937268575,72,0,0
rx,554,152,1,1,1787953980867841725,1787953980867562651,5557952649724,0,0,0,0
tx,554,152,1,1,1787953980867850984,1787953980867562651,5557952659261,5557952698742,72,0,0
rx,555,153,1,1,1787953980882126577,1787953980881838077,5557966934575,0,0,0,0
tx,555,153,1,1,1787953980882135003,1787953980881838077,5557966943261,5557966982316,72,0,0
rx,556,154,1,1,1787953980897466725,1787953980896719947,5557982274724,0,0,0,0
tx,556,154,1,1,1787953980897475096,1787953980896719947,5557982283335,5557982316983,72,0,0
rx,557,155,1,1,1787953980912827670,1787953980912322484,5557997635686,0,0,0,0
tx,557,155,1,1,1787953980912835392,1787953980912322484,5557997643631,5557997673149,72,0,0
rx,558,156,1,1,1787953980928106651,1787953980927246577,5558012914649,0,0,0,0
tx,558,156,1,1,1787953980928114892,1787953980927246577,5558012923149,5558012957520,72,0,0
rx,559,157,1,1,1787953980942417466,1787953980942273484,5558027225483,0,0,0,0
tx,559,157,1,1,1787953980942429170,1787953980942273484,5558027237427,5558027266853,72,0,0
rx,560,158,1,1,1787953980957755188,1787953980957018225,5558042563186,0,0,0,0
tx,560,158,1,1,1787953980957796429,1787953980957018225,5558042604668,5558042633927,72,0,0
rx,561,159,1,1,1787953980971994410,1787953980971900058,5558056802409,0,0,0,0
tx,561,159,1,1,1787953980972003170,1787953980971900058,5558056811427,5558056839705,72,0,0
rx,562,160,1,1,1787953980988337707,1787953980987300762,5558073145723,0,0,0,0
tx,562,160,1,1,1787953980988346355,1787953980987300762,5558073154631,5558073193594,72,0,0
rx,563,161,1,1,1787953981002538910,1787953981001641725,5558087346909,0,0,0,0
tx,563,161,1,1,1787953981002546651,1787953981001641725,5558087354946,5558087385760,72,0,0
rx,564,162,1,1,1787953981017798262,1787953981017494595,5558102606242,0,0,0,0
tx,564,162,1,1,1787953981017806392,1787953981017494595,5558102614631,5558102643038,72,0,0
rx,565,163,1,1,1787953981032022873,1787953981031678040,5558116830872,0,0,0,0
tx,565,163,1,1,1787953981032032614,1787953981031678040,5558116840890,5558116877001,72,0,0
rx,566,164,1,1,1787953981047303725,1787953981046764410,5558132111723,0,0,0,0
tx,566,164,1,1,1787953981047315855,1787953981046764410,5558132124112,5558132155131,72,0,0
rx,567,165,1,1,1787953981063659929,1787953981062610095,5558148467946,0,0,0,0
tx,567,165,1,1,1787953981063668040,1787953981062610095,5558148476297,5558148507797,72,0,0
rx,568,166,1,1,1787953981077864744,1787953981077083429,5558162672760,0,0,0,0
tx,568,166,1,1,1787953981077872873,1787953981077083429,5558162681131,5558162710853,72,0,0
rx,569,167,1,1,1787953981094293058,1787953981093234651,5558179101057,0,0,0,0
tx,569,167,1,1,1787953981094302206,1787953981093234651,5558179110446,5558179154446,72,0,0
rx,570,168,1,1,1787953981107397392,1787953981106863521,5558192205390,0,0,0,0
tx,570,168,1,1,1787953981107405651,1787953981106863521,5558192213927,5558192245223,72,0,0
rx,571,169,1,1,1787953981122758188,1787953981122200021,5558207566186,0,0,0,0
tx,571,169,1,1,1787953981122765632,1787953981122200021,5558207573872,5558207603464,72,0,0
rx,572,170,1,1,1787953981138132410,1787953981137557799,5558222940409,0,0,0,0
tx,572,170,1,1,1787953981138140836,1787953981137557799,5558222949094,5558222983260,72,0,0
rx,573,171,1,1,1787953981152330669,1787953981151970262,5558237138686,0,0,0,0
tx,573,171,1,1,1787953981152338818,1787953981151970262,5558237147075,5558237176964,72,0,0
rx,574,172,1,1,1787953981167670540,1787953981166913021,5558252478557,0,0,0,0
tx,574,172,1,1,1787953981167681651,1787953981166913021,5558252489890,5558252518149,72,0,0
rx,575,173,1,1,1787953981181843243,1787953981181730021,5558266651242,0,0,0,0
tx,575,173,1,1,1787953981181851781,1787953981181730021,5558266660038,5558266697149,72,0,0
rx,576,174,1,1,1787953981197270799,1787953981197079669,5558282078816,0,0,0,0
tx,576,174,1,1,1787953981197279558,1787953981197079669,5558282087797,5558282122038,72,0,0
rx,577,175,1,1,1787953981212583040,1787953981211890132,5558297391038,0,0,0,0
tx,577,175,1,1,1787953981212590966,1787953981211890132,5558297399223,5558297428909,72,0,0
rx,578,176,1,1,1787953981227875336,1787953981227647836,5558312683223,0,0,0,0
tx,578,176,1,1,1787953981227882929,1787953981227647836,5558312691168,5558312719964,72,0,0
rx,579,177,1,1,1787953981242075984,1787953981241726651,5558326883983,0,0,0,0
tx,579,177,1,1,1787953981242084280,1787953981241726651,5558326892575,5558326926890,72,0,0
rx,580,178,1,1,1787953981257451243,1787953981256918206,5558342259260,0,0,0,0
tx,580,178,1,1,1787953981257459410,1787953981256918206,5558342267668,5558342297446,72,0,0
rx,581,179,1,1,1787953981278133762,1787953981277249392,5558362941760,0,0,0,0
tx,581,179,1,1,1787953981278141114,1787953981277249392,5558362949371,5558362979168,72,0,0
rx,582,180,1,1,1787953981288018817,1787953981287293206,5558372826834,0,0,0,0
tx,582,180,1,1,1787953981288032132,1787953981287293206,5558372840371,5558372875668,72,0,0
rx,583,181,1,1,1787953981302216410,1787953981302110780,5558387024408,0,0,0,0
tx,583,181,1,1,1787953981302223780,1787953981302110780,5558387032094,5558387060945,72,0,0
rx,584,182,1,1,1787953981317504503,1787953981316844206,5558402312501,0,0,0,0
tx,584,182,1,1,1787953981317511817,1787953981316844206,5558402320075,5558402348871,72,0,0
rx,585,183,1,1,1787953981332826725,1787953981332303392,5558417634742,0,0,0,0
tx,585,183,1,1,1787953981332835503,1787953981332303392,5558417643760,5558417679334,72,0,0
rx,586,184,1,1,1787953981348151299,1787953981347127169,5558432959297,0,0,0,0
tx,586,184,1,1,1787953981348158799,1787953981347127169,5558432967057,5558432997020,72,0,0
rx,587,185,1,1,1787953981362365929,1787953981361862762,5558447173927,0,0,0,0
tx,587,185,1,1,1787953981362374077,1787953981361862762,5558447182316,5558447211779,72,0,0
rx,588,186,1,1,1787953981380871262,1787953981380328447,5558465679260,0,0,0,0
tx,588,186,1,1,1787953981380879688,1787953981380328447,5558465688094,5558465722945,72,0,0
rx,589,187,1,1,1787953981391958503,1787953981391806910,5558476766464,0,0,0,0
tx,589,187,1,1,1787953981391969836,1787953981391806910,5558476778075,5558476810501,72,0,0
rx,590,188,1,1,1787953981407237336,1787953981406905743,5558492045334,0,0,0,0
tx,590,188,1,1,1787953981407244984,1787953981406905743,5558492053260,5558492082723,72,0,0
rx,591,189,1,1,1787953981422476169,1787953981421877595,5558507284186,0,0,0,0
tx,591,189,1,1,1787953981422484151,1787953981421877595,5558507292390,5558507320908,72,0,0
rx,592,190,1,1,1787953981437797336,1787953981437501373,5558522605353,0,0,0,0
tx,592,190,1,1,1787953981437805780,1787953981437501373,5558522614094,5558522647871,72,0,0
rx,593,191,1,1,1787953981451996540,1787953981451877799,5558536804557,0,0,0,0
tx,593,191,1,1,1787953981452004132,1787953981451877799,5558536812371,5558536842853,72,0,0
rx,594,192,1,1,1787953981467239410,1787953981466827947,5558552047408,0,0,0,0
tx,594,192,1,1,1787953981467246910,1787953981466827947,5558552055168,5558552083094,72,0,0
rx,595,193,1,1,1787953981482518077,1787953981481831206,5558567326094,0,0,0,0
tx,595,193,1,1,1787953981482526669,1787953981481831206,5558567334945,5558567365816,72,0,0
rx,596,194,1,1,1787953981498071614,1787953981497045077,5558582879612,0,0,0,0
tx,596,194,1,1,1787953981498083410,1787953981497045077,5558582891668,5558582922927,72,0,0
rx,597,195,1,1,1787953981512247373,1787953981512000262,5558597055390,0,0,0,0
tx,597,195,1,1,1787953981512254873,1787953981512000262,5558597063131,5558597091945,72,0,0
rx,598,196,1,1,1787953981527515243,1787953981526753910,5558612323242,0,0,0,0
tx,598,196,1,1,1787953981527522688,1787953981526753910,5558612330945,5558612358482,72,0,0
rx,599,197,1,1,1787953981542936558,1787953981542371965,5558627744556,0,0,0,0
tx,599,197,1,1,1787953981542944762,1787953981542371965,5558627753056,5558627787501,72,0,0
rx,600,198,1,1,1787953981557138336,1787953981556779373,5558641946353,0,0,0,0
tx,600,198,1,1,1787953981557146003,1787953981556779373,5558641954260,5558641984668,72,0,0
rx,601,199,1,1,1787953981572505188,1787953981572313262,5558657313186,0,0,0,0
tx,601,199,1,1,1787953981572512706,1787953981572313262,5558657321001,5558657350482,72,0,0
rx,602,200,1,1,1787953981587917910,1787953981587291558,5558672725927,0,0,0,0
tx,602,200,1,1,1787953981587927354,1787953981587291558,5558672735593,5558672774482,72,0,0
rx,603,0,1,1,1787953981602104706,1787953981601806817,5558686912723,0,0,0,0
tx,603,0,1,1,1787953981602115817,1787953981601806817,5558686924093,5558686955297,72,0,0
rx,604,1,1,1,1787953981617352040,1787953981616904040,5558702160038,0,0,0,0
tx,604,1,1,1,1787953981617360595,1787953981616904040,5558702168853,5558702199149,72,0,0
rx,605,2,1,1,1787953981632657169,1787953981632127799,5558717465168,0,0,0,0
tx,605,2,1,1,1787953981632665947,1787953981632127799,5558717474242,5558717510279,72,0,0
rx,606,3,1,1,1787953981647965799,1787953981647653336,5558732773797,0,0,0,0
tx,606,3,1,1,1787953981647974188,1787953981647653336,5558732782556,5558732812223,72,0,0
rx,607,4,1,1,1787953981663329873,1787953981662318021,5558748137871,0,0,0,0
tx,607,4,1,1,1787953981663337762,1787953981662318021,5558748146038,5558748175353,72,0,0
rx,608,5,1,1,1787953981676630928,1787953981676538243,5558761438927,0,0,0,0
tx,608,5,1,1,1787953981676640151,1787953981676538243,5558761448408,5558761482242,72,0,0
rx,609,6,1,1,1787953981692065410,1787953981691976225,5558776873427,0,0,0,0
tx,609,6,1,1,1787953981692074725,1787953981691976225,5558776883019,5558776917705,72,0,0
rx,610,7,1,1,1787953981707330299,1787953981706846965,5558792138316,0,0,0,0
tx,610,7,1,1,1787953981707342632,1787953981706846965,5558792150871,5558792180982,72,0,0
rx,611,8,1,1,1787953981722771262,1787953981722653225,5558807579279,0,0,0,0
tx,611,8,1,1,1787953981722820039,1787953981722653225,5558807628297,5558807662019,72,0,0
rx,612,9,1,1,1787953981737144928,1787953981736903058,5558821952927,0,0,0,0
tx,612,9,1,1,1787953981737153539,1787953981736903058,5558821961834,5558821995556,72,0,0
rx,613,10,1,1,1787953981753476873,1787953981753011706,5558838284890,0,0,0,0
tx,613,10,1,1,1787953981753484725,1787953981753011706,5558838292982,5558838331112,72,0,0
rx,614,11,1,1,1787953981767731262,1787953981766738725,5558852539260,0,0,0,0
tx,614,11,1,1,1787953981767739262,1787953981766738725,5558852547519,5558852575186,72,0,0
rx,615,12,1,1,1787953981783041428,1787953981782052780,5558867849445,0,0,0,0
tx,615,12,1,1,1787953981783049965,1787953981782052780,5558867858223,5558867894204,72,0,0
rx,616,13,1,1,1787953981797300058,1787953981797199947,5558882108075,0,0,0,0
tx,616,13,1,1,1787953981797308391,1787953981797199947,5558882116649,5558882149038,72,0,0
rx,617,14,1,1,1787953981812542410,1787953981812088928,5558897350408,0,0,0,0
tx,617,14,1,1,1787953981812549965,1787953981812088928,5558897358223,5558897386964,72,0,0
rx,618,15,1,1,1787953981826873910,1787953981826825854,5558911681908,0,0,0,0
tx,618,15,1,1,1787953981826881651,1787953981826825854,5558911689908,5558911717427,72,0,0
rx,619,16,1,1,1787953981842167632,1787953981841972984,5558926975649,0,0,0,0
tx,619,16,1,1,1787953981842177021,1787953981841972984,5558926985278,5558927019964,72,0,0
rx,620,17,1,1,1787953981858069743,1787953981857021095,5558942877741,0,0,0,0
tx,620,17,1,1,1787953981858080002,1787953981857021095,5558942888278,5558942936982,72,0,0
rx,621,18,1,1,1787953981872495465,1787953981872269891,5558957303464,0,0,0,0
tx,621,18,1,1,1787953981872504336,1787953981872269891,5558957312612,5558957351593,72,0,0
rx,622,19,1,1,1787953981888914984,1787953981888135743,5558973722982,0,0,0,0
tx,622,19,1,1,1787953981888924391,1787953981888135743,5558973732704,5558973773093,72,0,0
rx,623,20,1,1,1787953981902069039,1787953981901910836,5558986877038,0,0,0,0
tx,623,20,1,1,1787953981902077058,1787953981901910836,5558986885297,5558986916371,72,0,0
rx,624,21,1,1,1787953981917361965,1787953981916906780,5559002169982,0,0,0,0
tx,624,21,1,1,1787953981917369873,1787953981916906780,5559002178149,5559002206964,72,0,0
rx,625,22,1,1,1787953981932644687,1787953981932113706,5559017452704,0,0,0,0
tx,625,22,1,1,1787953981932657095,1787953981932113706,5559017465334,5559017502204,72,0,0
rx,626,23,1,1,1787953981946816984,1787953981946596725,5559031625001,0,0,0,0
tx,626,23,1,1,1787953981946824669,1787953981946596725,5559031632927,5559031661019,72,0,0
rx,627,24,1,1,1787953981962166262,1787953981962067187,5559046974278,0,0,0,0
tx,627,24,1,1,1787953981962174262,1787953981962067187,5559046982519,5559047011834,72,0,0
rx,628,25,1,1,1787953981977410336,1787953981976563150,5559062218352,0,0,0,0
tx,628,25,1,1,1787953981977418780,1787953981976563150,5559062227056,5559062262704,72,0,0
rx,629,26,1,1,1787953981992763650,1787953981991771224,5559077571649,0,0,0,0
tx,629,26,1,1,1787953981992771336,1787953981991771224,5559077579593,5559077614815,72,0,0
rx,630,27,1,1,1787953982006921558,1787953982006552465,5559091729556,0,0,0,0
tx,630,27,1,1,1787953982006929428,1787953982006552465,5559091737667,5559091767186,72,0,0
rx,631,28,1,1,1787953982022196373,1787953982021850743,5559107004390,0,0,0,0
tx,631,28,1,1,1787953982022204928,1787953982021850743,5559107013186,5559107046908,72,0,0
rx,632,29,1,1,1787953982037466187,1787953982036567706,5559122274204,0,0,0,0
tx,632,29,1,1,1787953982037477021,1787953982036567706,5559122285278,5559122313889,72,0,0
rx,633,30,1,1,1787953982052770928,1787953982051922447,5559137578927,0,0,0,0
tx,633,30,1,1,1787953982052781928,1787953982051922447,5559137590186,5559137619130,72,0,0
rx,634,31,1,1,1787953982067981761,1787953982067222243,5559152789760,0,0,0,0
tx,634,31,1,1,1787953982067989558,1787953982067222243,5559152797797,5559152826427,72,0,0
rx,635,32,1,1,1787953982082302687,1787953982081975558,5559167110704,0,0,0,0
tx,635,32,1,1,1787953982082310873,1787953982081975558,5559167119112,5559167154001,72,0,0
rx,636,33,1,1,1787953982097609817,1787953982097022224,5559182417834,0,0,0,0
tx,636,33,1,1,1787953982097617965,1787953982097022224,5559182426241,5559182458093,72,0,0
rx,637,34,1,1,1787953982111885150,1787953982111446965,5559196693149,0,0,0,0
tx,637,34,1,1,1787953982111892669,1787953982111446965,5559196701186,5559196733149,72,0,0
rx,638,35,1,1,1787953982127257502,1787953982127047354,5559212065519,0,0,0,0
tx,638,35,1,1,1787953982127265910,1787953982127047354,5559212074223,5559212111964,72,0,0
rx,639,36,1,1,1787953982142532687,1787953982141786298,5559227340704,0,0,0,0
tx,639,36,1,1,1787953982142540280,1787953982141786298,5559227348519,5559227377426,72,0,0
rx,640,37,1,1,1787953982157726391,1787953982156913243,5559242534389,0,0,0,0
tx,640,37,1,1,1787953982157737910,1787953982156913243,5559242546186,5559242575223,72,0,0
rx,641,38,1,1,1787953982173015650,1787953982171944021,5559257823667,0,0,0,0
tx,641,38,1,1,1787953982173023354,1787953982171944021,5559257831593,5559257858963,72,0,0
rx,642,39,1,1,1787953982187150558,1787953982186520373,5559271958575,0,0,0,0
tx,642,39,1,1,1787953982187158410,1787953982186520373,5559271966723,5559272057908,72,0,0
rx,643,40,1,1,1787953982202521373,1787953982201744817,5559287329371,0,0,0,0
tx,643,40,1,1,1787953982202529965,1787953982201744817,5559287338204,5559287370926,72,0,0
rx,644,41,1,1,1787953982217742280,1787953982217090132,5559302550278,0,0,0,0
tx,644,41,1,1,1787953982217750132,1787953982217090132,5559302558426,5559302588223,72,0,0
rx,645,42,1,1,1787953982233116465,1787953982232300595,5559317924463,0,0,0,0
tx,645,42,1,1,1787953982233124798,1787953982232300595,5559317933075,5559317967482,72,0,0
rx,646,43,1,1,1787953982247298261,1787953982246842761,5559332106278,0,0,0,0
tx,646,43,1,1,1787953982247305817,1787953982246842761,5559332114112,5559332143500,72,0,0
rx,647,44,1,1,1787953982262629910,1787953982261958910,5559347437926,0,0,0,0
tx,647,44,1,1,1787953982262641058,1787953982261958910,5559347449315,5559347477426,72,0,0
rx,648,45,1,1,1787953982277847965,1787953982277079484,5559362655963,0,0,0,0
tx,648,45,1,1,1787953982277856798,1787953982277079484,5559362665056,5559362696667,72,0,0
rx,649,46,1,1,1787953982292025909,1787953982291851539,5559376833908,0,0,0,0
tx,649,46,1,1,1787953982292033743,1787953982291851539,5559376842000,5559376876445,72,0,0
rx,650,47,1,1,1787953982307344780,1787953982307232650,5559392152760,0,0,0,0
tx,650,47,1,1,1787953982307352409,1787953982307232650,5559392160667,5559392190797,72,0,0
rx,651,48,1,1,1787953982322613687,1787953982322311835,5559407421667,0,0,0,0
tx,651,48,1,1,1787953982322622187,1787953982322311835,5559407430500,5559407463871,72,0,0
rx,652,49,1,1,1787953982336794132,1787953982336701780,5559421602149,0,0,0,0
tx,652,49,1,1,1787953982336801946,1787953982336701780,5559421610186,5559421639204,72,0,0
rx,653,50,1,1,1787953982352066558,1787953982351972521,5559436874574,0,0,0,0
tx,653,50,1,1,1787953982352073891,1787953982351972521,5559436882130,5559436911982,72,0,0
rx,654,51,1,1,1787953982367328761,1787953982366668335,5559452136778,0,0,0,0
tx,654,51,1,1,1787953982367340298,1787953982366668335,5559452148556,5559452177408,72,0,0
rx,655,52,1,1,1787953982383813409,1787953982382614335,5559468621408,0,0,0,0
tx,655,52,1,1,1787953982383825521,1787953982382614335,5559468633797,5559468666260,72,0,0
rx,656,53,1,1,1787953982396916039,1787953982396819891,5559481724056,0,0,0,0
tx,656,53,1,1,1787953982396924835,1787953982396819891,5559481733111,5559481766334,72,0,0
rx,657,54,1,1,1787953982412233539,1787953982412023132,5559497041537,0,0,0,0
tx,657,54,1,1,1787953982412241039,1787953982412023132,5559497049297,5559497079130,72,0,0
rx,658,55,1,1,1787953982427518946,1787953982427414687,5559512326963,0,0,0,0
tx,658,55,1,1,1787953982427527076,1787953982427414687,5559512335334,5559512371000,72,0,0
rx,659,56,1,1,1787953982442785780,1787953982442283298,5559527593778,0,0,0,0
tx,659,56,1,1,1787953982442793391,1787953982442283298,5559527601630,5559527631000,72,0,0
rx,660,57,1,1,1787953982458067206,1787953982457372095,5559542875223,0,0,0,0
tx,660,57,1,1,1787953982458075206,1787953982457372095,5559542883500,5559542913074,72,0,0
rx,661,58,1,1,1787953982472409558,1787953982471614539,5559557217556,0,0,0,0
tx,661,58,1,1,1787953982472418632,1787953982471614539,5559557226982,5559557265074,72,0,0
rx,662,59,1,1,1787953982487712595,1787953982487234798,5559572520593,0,0,0,0
tx,662,59,1,1,1787953982487725595,1787953982487234798,5559572533945,5559572567371,72,0,0
rx,663,60,1,1,1787953982502998539,1787953982502320391,5559587806537,0,0,0,0
tx,663,60,1,1,1787953982503006835,1787953982502320391,5559587815093,5559587845926,72,0,0
rx,664,61,1,1,1787953982517183520,1787953982516779224,5559601991463,0,0,0,0
tx,664,61,1,1,1787953982517191483,1787953982516779224,5559601999741,5559602030648,72,0,0
rx,665,62,1,1,1787953982532466780,1787953982532160020,5559617274797,0,0,0,0
tx,665,62,1,1,1787953982532476020,1787953982532160020,5559617284278,5559617318019,72,0,0
rx,666,63,1,1,1787953982547783669,1787953982546900706,5559632591685,0,0,0,0
tx,666,63,1,1,1787953982547791872,1787953982546900706,5559632600130,5559632630797,72,0,0
rx,667,64,1,1,1787953982561973965,1787953982561697798,5559646781963,0,0,0,0
tx,667,64,1,1,1787953982561982298,1787953982561697798,5559646790556,5559646820315,72,0,0
