event,sequence,counter,valid_self,adopted,realtime_ns,kernel_ns,monotonic_ns,write_end_ns,written,socket_drop_total,trace_record_overflow
rx,1,1,1,1,1787954319302158023,1787954319301397690,5896386966077,0,0,0,0
tx,1,1,1,1,1787954319302162875,1787954319301397690,5896386971114,5896387031763,72,0,0
rx,2,2,1,1,1787954319317193764,1787954319316321431,5896402001818,0,0,0,0
tx,2,2,1,1,1787954319317198357,1787954319316321431,5896402006540,5896402027466,72,0,0
rx,3,3,1,1,1787954319332158931,1787954319331305246,5896416967003,0,0,0,0
tx,3,3,1,1,1787954319332162653,1787954319331305246,5896416971151,5896416985818,72,0,0
rx,4,4,1,1,1787954319347131042,1787954319346301672,5896431939096,0,0,0,0
tx,4,4,1,1,1787954319347135375,1787954319346301672,5896431943614,5896431962929,72,0,0
rx,5,5,1,1,1787954319362099857,1787954319361304449,5896446907911,0,0,0,0
tx,5,5,1,1,1787954319362104153,1787954319361304449,5896446912392,5896446930763,72,0,0
rx,6,6,1,1,1787954319377061949,1787954319376297449,5896461870003,0,0,0,0
tx,6,6,1,1,1787954319377065560,1787954319376297449,5896461873781,5896461888633,72,0,0
rx,7,7,1,1,1787954319392007060,1787954319391294820,5896476815133,0,0,0,0
tx,7,7,1,1,1787954319392012060,1787954319391294820,5896476820244,5896476835837,72,0,0
rx,8,8,1,1,1787954319406977894,1787954319406318857,5896491785966,0,0,0,0
tx,8,8,1,1,1787954319406982264,1787954319406318857,5896491790466,5896491818392,72,0,0
rx,9,9,1,1,1787954319421951375,1787954319421300153,5896506759355,0,0,0,0
tx,9,9,1,1,1787954319421955116,1787954319421300153,5896506763355,5896506778633,72,0,0
rx,10,10,1,1,1787954319436925579,1787954319436294542,5896521733633,0,0,0,0
tx,10,10,1,1,1787954319436928986,1787954319436294542,5896521737170,5896521750762,72,0,0
rx,11,11,1,1,1787954319451984579,1787954319451314523,5896536792651,0,0,0,0
tx,11,11,1,1,1787954319451988616,1787954319451314523,5896536796855,5896536820392,72,0,0
rx,12,12,1,1,1787954319466957320,1787954319466297653,5896551765374,0,0,0,0
tx,12,12,1,1,1787954319466960801,1787954319466297653,5896551768985,5896551783818,72,0,0
rx,13,13,1,1,1787954319481918931,1787954319481294412,5896566727003,0,0,0,0
tx,13,13,1,1,1787954319481922486,1787954319481294412,5896566730670,5896566743707,72,0,0
rx,14,14,1,1,1787954319496876597,1787954319496309634,5896581684670,0,0,0,0
tx,14,14,1,1,1787954319496881005,1787954319496309634,5896581689262,5896581711688,72,0,0
rx,15,15,1,1,1787954319511842764,1787954319511303394,5896596650836,0,0,0,0
tx,15,15,1,1,1787954319511848338,1787954319511303394,5896596656577,5896596671670,72,0,0
rx,16,16,1,1,1787954319526790634,1787954319526293394,5896611598707,0,0,0,0
tx,16,16,1,1,1787954319526794005,1787954319526293394,5896611602188,5896611622114,72,0,0
rx,17,17,1,1,1787954319541771505,1787954319541302060,5896626579577,0,0,0,0
tx,17,17,1,1,1787954319541775634,1787954319541302060,5896626583911,5896626602336,72,0,0
rx,18,18,1,1,1787954319556760208,1787954319556303245,5896641568262,0,0,0,0
tx,18,18,1,1,1787954319556764375,1787954319556303245,5896641572633,5896641593151,72,0,0
rx,19,19,1,1,1787954319571727338,1787954319571294616,5896656535411,0,0,0,0
tx,19,19,1,1,1787954319571730968,1787954319571294616,5896656539151,5896656552633,72,0,0
rx,20,20,1,1,1787954319586690208,1787954319586291560,5896671498262,0,0,0,0
tx,20,20,1,1,1787954319586693579,1787954319586291560,5896671501762,5896671515022,72,0,0
rx,21,21,1,1,1787954319601652616,1787954319601310820,5896686460688,0,0,0,0
tx,21,21,1,1,1787954319601657171,1787954319601310820,5896686465411,5896686486855,72,0,0
rx,22,22,1,1,1787954319616617097,1787954319616296449,5896701425170,0,0,0,0
tx,22,22,1,1,1787954319616622579,1787954319616296449,5896701430762,5896701445022,72,0,0
rx,23,23,1,1,1787954319631559931,1787954319631292857,5896716368003,0,0,0,0
tx,23,23,1,1,1787954319631563357,1787954319631292857,5896716371540,5896716384096,72,0,0
rx,24,24,1,1,1787954319646498116,1787954319646299634,5896731306188,0,0,0,0
tx,24,24,1,1,1787954319646502134,1787954319646299634,5896731310373,5896731328355,72,0,0
rx,25,25,1,1,1787954319661493005,1787954319661304301,5896746301077,0,0,0,0
tx,25,25,1,1,1787954319661497505,1787954319661304301,5896746305762,5896746324818,72,0,0
rx,26,26,1,1,1787954319676467227,1787954319676298282,5896761275299,0,0,0,0
tx,26,26,1,1,1787954319676470820,1787954319676298282,5896761279114,5896761293114,72,0,0
rx,27,27,1,1,1787954319691415301,1787954319691293134,5896776223373,0,0,0,0
tx,27,27,1,1,1787954319691418912,1787954319691293134,5896776227151,5896776240762,72,0,0
rx,28,28,1,1,1787954319706387986,1787954319706301338,5896791196040,0,0,0,0
tx,28,28,1,1,1787954319706392227,1787954319706301338,5896791200503,5896791218781,72,0,0
rx,29,29,1,1,1787954319721347764,1787954319721293208,5896806155818,0,0,0,0
tx,29,29,1,1,1787954319721352838,1787954319721293208,5896806161022,5896806175373,72,0,0
rx,30,30,1,1,1787954319737363968,1787954319736292005,5896822172040,0,0,0,0
tx,30,30,1,1,1787954319737369468,1787954319736292005,5896822177651,5896822190133,72,0,0
rx,31,31,1,1,1787954319752343042,1787954319751318764,5896837151096,0,0,0,0
tx,31,31,1,1,1787954319752347153,1787954319751318764,5896837155373,5896837175559,72,0,0
rx,32,32,1,1,1787954319767324468,1787954319766295671,5896852132522,0,0,0,0
tx,32,32,1,1,1787954319767328171,1787954319766295671,5896852136392,5896852151484,72,0,0
rx,33,33,1,1,1787954319782305338,1787954319781293042,5896867113410,0,0,0,0
tx,33,33,1,1,1787954319782309116,1787954319781293042,5896867117299,5896867130984,72,0,0
rx,34,34,1,1,1787954319797275227,1787954319796309412,5896882083299,0,0,0,0
tx,34,34,1,1,1787954319797279708,1787954319796309412,5896882088096,5896882106355,72,0,0
rx,35,35,1,1,1787954319812288319,1787954319811296727,5896897096373,0,0,0,0
tx,35,35,1,1,1787954319812292023,1787954319811296727,5896897100207,5896897115503,72,0,0
rx,36,36,1,1,1787954319827246616,1787954319826291560,5896912054670,0,0,0,0
tx,36,36,1,1,1787954319827250523,1787954319826291560,5896912058707,5896912071929,72,0,0
rx,37,37,1,1,1787954319842199875,1787954319841291838,5896927007947,0,0,0,0
tx,37,37,1,1,1787954319842206134,1787954319841291838,5896927014318,5896927032892,72,0,0
rx,38,38,1,1,1787954319857184301,1787954319856325338,5896941992373,0,0,0,0
tx,38,38,1,1,1787954319857199801,1787954319856325338,5896942008059,5896942031984,72,0,0
rx,39,39,1,1,1787954319872186708,1787954319871306134,5896956994781,0,0,0,0
tx,39,39,1,1,1787954319872190819,1787954319871306134,5896956999003,5896957018540,72,0,0
rx,40,40,1,1,1787954319887148282,1787954319886297227,5896971956355,0,0,0,0
tx,40,40,1,1,1787954319887152319,1787954319886297227,5896971960558,5896971975355,72,0,0
rx,41,41,1,1,1787954319902119968,1787954319901314468,5896986928040,0,0,0,0
tx,41,41,1,1,1787954319902124153,1787954319901314468,5896986932392,5896986954558,72,0,0
rx,42,42,1,1,1787954319917099134,1787954319916312301,5897001907207,0,0,0,0
tx,42,42,1,1,1787954319917103727,1787954319916312301,5897001911984,5897001940244,72,0,0
rx,43,43,1,1,1787954319932087690,1787954319931306190,5897016895762,0,0,0,0
tx,43,43,1,1,1787954319932091819,1787954319931306190,5897016900281,5897016916521,72,0,0
rx,44,44,1,1,1787954319947079986,1787954319946310782,5897031888040,0,0,0,0
tx,44,44,1,1,1787954319947086838,1787954319946310782,5897031895040,5897031916503,72,0,0
rx,45,45,1,1,1787954319962060875,1787954319961303338,5897046868947,0,0,0,0
tx,45,45,1,1,1787954319962065338,1787954319961303338,5897046873558,5897046891484,72,0,0
rx,46,46,1,1,1787954319977020893,1787954319976296467,5897061828966,0,0,0,0
tx,46,46,1,1,1787954319977024412,1787954319976296467,5897061832670,5897061846281,72,0,0
rx,47,47,1,1,1787954319991991708,1787954319991291745,5897076799670,0,0,0,0
tx,47,47,1,1,1787954319991995356,1787954319991291745,5897076803540,5897076818188,72,0,0
rx,48,48,1,1,1787954320006972560,1787954320006301504,5897091780614,0,0,0,0
tx,48,48,1,1,1787954320006976504,1787954320006301504,5897091784725,5897091802855,72,0,0
rx,49,49,1,1,1787954320021932393,1787954320021294190,5897106740466,0,0,0,0
tx,49,49,1,1,1787954320021936245,1787954320021294190,5897106744429,5897106758170,72,0,0
rx,50,50,1,1,1787954320036876227,1787954320036291338,5897121684299,0,0,0,0
tx,50,50,1,1,1787954320036879708,1787954320036291338,5897121687892,5897121700984,72,0,0
rx,51,51,1,1,1787954320051839671,1787954320051302819,5897136647744,0,0,0,0
tx,51,51,1,1,1787954320051845597,1787954320051302819,5897136653873,5897136673929,72,0,0
rx,52,52,1,1,1787954320066815523,1787954320066295282,5897151623595,0,0,0,0
tx,52,52,1,1,1787954320066827949,1787954320066295282,5897151636207,5897151649429,72,0,0
rx,53,53,1,1,1787954320081767727,1787954320081296653,5897166575781,0,0,0,0
tx,53,53,1,1,1787954320081771041,1787954320081296653,5897166579318,5897166592503,72,0,0
rx,54,54,1,1,1787954320096723912,1787954320096313819,5897181531984,0,0,0,0
tx,54,54,1,1,1787954320096727930,1787954320096313819,5897181536188,5897181555725,72,0,0
rx,55,55,1,1,1787954320111701449,1787954320111296579,5897196509521,0,0,0,0
tx,55,55,1,1,1787954320111705208,1787954320111296579,5897196513688,5897196530207,72,0,0
rx,56,56,1,1,1787954320126659838,1787954320126291838,5897211467892,0,0,0,0
tx,56,56,1,1,1787954320126663153,1787954320126291838,5897211471336,5897211484447,72,0,0
rx,57,57,1,1,1787954320141604449,1787954320141290838,5897226412521,0,0,0,0
tx,57,57,1,1,1787954320141608264,1787954320141290838,5897226416484,5897226429614,72,0,0
rx,58,58,1,1,1787954320156584578,1787954320156303449,5897241392651,0,0,0,0
tx,58,58,1,1,1787954320156591097,1787954320156303449,5897241399318,5897241420873,72,0,0
rx,59,59,1,1,1787954320171549301,1787954320171315227,5897256357373,0,0,0,0
tx,59,59,1,1,1787954320171553134,1787954320171315227,5897256361318,5897256375077,72,0,0
rx,60,60,1,1,1787954320186501115,1787954320186291745,5897271309188,0,0,0,0
tx,60,60,1,1,1787954320186504801,1787954320186291745,5897271313243,5897271325947,72,0,0
rx,61,61,1,1,1787954320201454504,1787954320201309856,5897286262558,0,0,0,0
tx,61,61,1,1,1787954320201458912,1787954320201309856,5897286267169,5897286290169,72,0,0
rx,62,62,1,1,1787954320216435060,1787954320216294282,5897301243132,0,0,0,0
tx,62,62,1,1,1787954320216438801,1787954320216294282,5897301246984,5897301261151,72,0,0
rx,63,63,1,1,1787954320231376115,1787954320231294893,5897316184188,0,0,0,0
tx,63,63,1,1,1787954320231379875,1787954320231294893,5897316188151,5897316203003,72,0,0
rx,64,64,1,1,1787954320246358171,1787954320246313190,5897331166243,0,0,0,0
tx,64,64,1,1,1787954320246362486,1787954320246313190,5897331170725,5897331194132,72,0,0
rx,65,65,1,1,1787954320261381171,1787954320261297652,5897346189243,0,0,0,0
tx,65,65,1,1,1787954320261386912,1787954320261297652,5897346195410,5897346212355,72,0,0
rx,66,66,1,1,1787954320276332652,1787954320276292912,5897361140725,0,0,0,0
tx,66,66,1,1,1787954320276336097,1787954320276292912,5897361144280,5897361157984,72,0,0
rx,67,67,1,1,1787954320292338838,1787954320291294097,5897377146910,0,0,0,0
tx,67,67,1,1,1787954320292342449,1787954320291294097,5897377150632,5897377162984,72,0,0
rx,68,68,1,1,1787954320307310578,1787954320306304893,5897392118651,0,0,0,0
tx,68,68,1,1,1787954320307314893,1787954320306304893,5897392123077,5897392143040,72,0,0
rx,69,69,1,1,1787954320322302523,1787954320321295652,5897407110595,0,0,0,0
tx,69,69,1,1,1787954320322306745,1787954320321295652,5897407114984,5897407129966,72,0,0
rx,70,70,1,1,1787954320337247171,1787954320336293819,5897422055243,0,0,0,0
tx,70,70,1,1,1787954320337250967,1787954320336293819,5897422059206,5897422072799,72,0,0
rx,71,71,1,1,1787954320352241634,1787954320351303486,5897437049706,0,0,0,0
tx,71,71,1,1,1787954320352246264,1787954320351303486,5897437054503,5897437076929,72,0,0
rx,72,72,1,1,1787954320367218615,1787954320366293967,5897452026669,0,0,0,0
tx,72,72,1,1,1787954320367222541,1787954320366293967,5897452030725,5897452045503,72,0,0
rx,73,73,1,1,1787954320382186875,1787954320381290726,5897466994947,0,0,0,0
tx,73,73,1,1,1787954320382191801,1787954320381290726,5897466999984,5897467013966,72,0,0
rx,74,74,1,1,1787954320397129393,1787954320396292819,5897481937466,0,0,0,0
tx,74,74,1,1,1787954320397132764,1787954320396292819,5897481941021,5897481953743,72,0,0
rx,75,75,1,1,1787954320412091504,1787954320411305745,5897496899577,0,0,0,0
tx,75,75,1,1,1787954320412095782,1787954320411305745,5897496904003,5897496924484,72,0,0
rx,76,76,1,1,1787954320427056208,1787954320426295282,5897511864280,0,0,0,0
tx,76,76,1,1,1787954320427060041,1787954320426295282,5897511868225,5897511883354,72,0,0
rx,77,77,1,1,1787954320442019578,1787954320441297319,5897526827651,0,0,0,0
tx,77,77,1,1,1787954320442023375,1787954320441297319,5897526831558,5897526847169,72,0,0
rx,78,78,1,1,1787954320457007467,1787954320456300801,5897541815540,0,0,0,0
tx,78,78,1,1,1787954320457011671,1787954320456300801,5897541819910,5897541840021,72,0,0
rx,79,79,1,1,1787954320471993171,1787954320471294467,5897556801225,0,0,0,0
tx,79,79,1,1,1787954320471996634,1787954320471294467,5897556804817,5897556819114,72,0,0
rx,80,80,1,1,1787954320486943226,1787954320486290671,5897571751299,0,0,0,0
tx,80,80,1,1,1787954320486946875,1787954320486290671,5897571755058,5897571768299,72,0,0
rx,81,81,1,1,1787954320501904115,1787954320501312338,5897586712188,0,0,0,0
tx,81,81,1,1,1787954320501908615,1787954320501312338,5897586716891,5897586735243,72,0,0
rx,82,82,1,1,1787954320516896745,1787954320516294523,5897601704817,0,0,0,0
tx,82,82,1,1,1787954320516900319,1787954320516294523,5897601708558,5897601722484,72,0,0
rx,83,83,1,1,1787954320531841338,1787954320531292226,5897616649410,0,0,0,0
tx,83,83,1,1,1787954320531844949,1787954320531292226,5897616653132,5897616667947,72,0,0
rx,84,84,1,1,1787954320546811152,1787954320546315467,5897631619206,0,0,0,0
tx,84,84,1,1,1787954320546815597,1787954320546315467,5897631623817,5897631647317,72,0,0
rx,85,85,1,1,1787954320561789856,1787954320561298949,5897646597928,0,0,0,0
tx,85,85,1,1,1787954320561793597,1787954320561298949,5897646601780,5897646617669,72,0,0
rx,86,86,1,1,1787954320576792226,1787954320576291912,5897661600299,0,0,0,0
tx,86,86,1,1,1787954320576795912,1787954320576291912,5897661604095,5897661618077,72,0,0
rx,87,87,1,1,1787954320591743356,1787954320591313337,5897676551428,0,0,0,0
tx,87,87,1,1,1787954320591747689,1787954320591313337,5897676555873,5897676575410,72,0,0
rx,88,88,1,1,1787954320606708782,1787954320606296263,5897691516854,0,0,0,0
tx,88,88,1,1,1787954320606714078,1787954320606296263,5897691522299,5897691538021,72,0,0
rx,89,89,1,1,1787954320621664449,1787954320621291930,5897706472521,0,0,0,0
tx,89,89,1,1,1787954320621668467,1787954320621291930,5897706476651,5897706489169,72,0,0
rx,90,90,1,1,1787954320636608134,1787954320636291986,5897721416188,0,0,0,0
tx,90,90,1,1,1787954320636611745,1787954320636291986,5897721419928,5897721432336,72,0,0
rx,91,91,1,1,1787954320651593134,1787954320651303782,5897736401206,0,0,0,0
tx,91,91,1,1,1787954320651597523,1787954320651303782,5897736405762,5897736426317,72,0,0
rx,92,92,1,1,1787954320666567634,1787954320666294134,5897751375688,0,0,0,0
tx,92,92,1,1,1787954320666571060,1787954320666294134,5897751379317,5897751393225,72,0,0
rx,93,93,1,1,1787954320681545115,1787954320681291874,5897766353188,0,0,0,0
tx,93,93,1,1,1787954320681549004,1787954320681291874,5897766357188,5897766370854,72,0,0
rx,94,94,1,1,1787954320696498078,1787954320696308671,5897781306151,0,0,0,0
tx,94,94,1,1,1787954320696502152,1787954320696308671,5897781310428,5897781330095,72,0,0
rx,95,95,1,1,1787954320711478597,1787954320711297541,5897796286669,0,0,0,0
tx,95,95,1,1,1787954320711483763,1787954320711297541,5897796292002,5897796308206,72,0,0
rx,96,96,1,1,1787954320726429374,1787954320726292541,5897811237447,0,0,0,0
tx,96,96,1,1,1787954320726432874,1787954320726292541,5897811241058,5897811254114,72,0,0
rx,97,97,1,1,1787954320741409430,1787954320741292948,5897826217484,0,0,0,0
tx,97,97,1,1,1787954320741412856,1787954320741292948,5897826221206,5897826234521,72,0,0
rx,98,98,1,1,1787954320756403060,1787954320756307263,5897841211132,0,0,0,0
tx,98,98,1,1,1787954320756407208,1787954320756307263,5897841215465,5897841238428,72,0,0
rx,99,99,1,1,1787954320771376430,1787954320771296634,5897856184502,0,0,0,0
tx,99,99,1,1,1787954320771380171,1787954320771296634,5897856188354,5897856202262,72,0,0
rx,100,100,1,1,1787954320786330430,1787954320786293134,5897871138484,0,0,0,0
tx,100,100,1,1,1787954320786333893,1787954320786293134,5897871142114,5897871155725,72,0,0
rx,101,101,1,1,1787954320802370652,1787954320801300856,5897887178725,0,0,0,0
tx,101,101,1,1,1787954320802374708,1787954320801300856,5897887182947,5897887202447,72,0,0
rx,102,102,1,1,1787954320816307337,1787954320816294560,5897901115410,0,0,0,0
tx,102,102,1,1,1787954320816313004,1787954320816294560,5897901121188,5897901134947,72,0,0
rx,103,103,1,1,1787954320832353004,1787954320831292245,5897917161058,0,0,0,0
tx,103,103,1,1,1787954320832358356,1787954320831292245,5897917166539,5897917180651,72,0,0
rx,104,104,1,1,1787954320847330134,1787954320846317078,5897932138188,0,0,0,0
tx,104,104,1,1,1787954320847335097,1787954320846317078,5897932143336,5897932163113,72,0,0
rx,105,105,1,1,1787954320862346097,1787954320861338245,5897947154169,0,0,0,0
tx,105,105,1,1,1787954320862350504,1787954320861338245,5897947158725,5897947185058,72,0,0
rx,106,106,1,1,1787954320877340634,1787954320876303337,5897962148706,0,0,0,0
tx,106,106,1,1,1787954320877345097,1787954320876303337,5897962153373,5897962170299,72,0,0
rx,107,107,1,1,1787954320892308060,1787954320891316041,5897977116113,0,0,0,0
tx,107,107,1,1,1787954320892312689,1787954320891316041,5897977120873,5897977141280,72,0,0
rx,108,108,1,1,1787954320907287189,1787954320906298356,5897992095243,0,0,0,0
tx,108,108,1,1,1787954320907291226,1787954320906298356,5897992099465,5897992115558,72,0,0
rx,109,109,1,1,1787954320922238597,1787954320921294763,5898007046669,0,0,0,0
tx,109,109,1,1,1787954320922242245,1787954320921294763,5898007050539,5898007063484,72,0,0
rx,110,110,1,1,1787954320937199134,1787954320936292171,5898022007206,0,0,0,0
tx,110,110,1,1,1787954320937205263,1787954320936292171,5898022013539,5898022030669,72,0,0
rx,111,111,1,1,1787954320952351152,1787954320951308671,5898037159225,0,0,0,0
tx,111,111,1,1,1787954320952355467,1787954320951308671,5898037163706,5898037193150,72,0,0
rx,112,112,1,1,1787954320967328745,1787954320966294152,5898052136817,0,0,0,0
tx,112,112,1,1,1787954320967332319,1787954320966294152,5898052140502,5898052155410,72,0,0
rx,113,113,1,1,1787954320982283763,1787954320981292059,5898067091836,0,0,0,0
tx,113,113,1,1,1787954320982287226,1787954320981292059,5898067095410,5898067108613,72,0,0
rx,114,114,1,1,1787954320997238467,1787954320996311948,5898082046521,0,0,0,0
tx,114,114,1,1,1787954320997242578,1787954320996311948,5898082050799,5898082070206,72,0,0
rx,115,115,1,1,1787954321012206504,1787954321011294559,5898097014576,0,0,0,0
tx,115,115,1,1,1787954321012210189,1787954321011294559,5898097018447,5898097033891,72,0,0
rx,116,116,1,1,1787954321027159541,1787954321026290671,5898111967613,0,0,0,0
tx,116,116,1,1,1787954321027163059,1787954321026290671,5898111971243,5898111985021,72,0,0
rx,117,117,1,1,1787954321042126134,1787954321041294226,5898126934206,0,0,0,0
tx,117,117,1,1,1787954321042131615,1787954321041294226,5898126940058,5898126957650,72,0,0
rx,118,118,1,1,1787954321057105522,1787954321056305652,5898141913576,0,0,0,0
tx,118,118,1,1,1787954321057109856,1787954321056305652,5898141918039,5898141936150,72,0,0
rx,119,119,1,1,1787954321072068967,1787954321071294004,5898156877039,0,0,0,0
tx,119,119,1,1,1787954321072072448,1787954321071294004,5898156880632,5898156893836,72,0,0
rx,120,120,1,1,1787954321087034652,1787954321086292300,5898171842706,0,0,0,0
tx,120,120,1,1,1787954321087038319,1787954321086292300,5898171846595,5898171859539,72,0,0
rx,121,121,1,1,1787954321102019152,1787954321101301819,5898186827206,0,0,0,0
tx,121,121,1,1,1787954321102023337,1787954321101301819,5898186831576,5898186851965,72,0,0
rx,122,122,1,1,1787954321116986559,1787954321116294930,5898201794632,0,0,0,0
tx,122,122,1,1,1787954321116990245,1787954321116294930,5898201798447,5898201813095,72,0,0
rx,123,123,1,1,1787954321131951985,1787954321131314559,5898216760039,0,0,0,0
tx,123,123,1,1,1787954321131955726,1787954321131314559,5898216763965,5898216778298,72,0,0
rx,124,124,1,1,1787954321146917337,1787954321146302763,5898231725391,0,0,0,0
tx,124,124,1,1,1787954321146923948,1787954321146302763,5898231732169,5898231752410,72,0,0
rx,125,125,1,1,1787954321161891652,1787954321161294874,5898246699724,0,0,0,0
tx,125,125,1,1,1787954321161895485,1787954321161294874,5898246703669,5898246718002,72,0,0
rx,126,126,1,1,1787954321176840596,1787954321176292263,5898261648669,0,0,0,0
tx,126,126,1,1,1787954321176844041,1787954321176292263,5898261652224,5898261665613,72,0,0
rx,127,127,1,1,1787954321191794319,1787954321191312948,5898276602391,0,0,0,0
tx,127,127,1,1,1787954321191798467,1787954321191312948,5898276606706,5898276626150,72,0,0
rx,128,128,1,1,1787954321206762856,1787954321206295856,5898291570910,0,0,0,0
tx,128,128,1,1,1787954321206766745,1787954321206295856,5898291574965,5898291591002,72,0,0
rx,129,129,1,1,1787954321221729300,1787954321221294096,5898306537373,0,0,0,0
tx,129,129,1,1,1787954321221733207,1787954321221294096,5898306541650,5898306555113,72,0,0
rx,130,130,1,1,1787954321236674967,1787954321236292337,5898321483039,0,0,0,0
tx,130,130,1,1,1787954321236678356,1787954321236292337,5898321486539,5898321499743,72,0,0
rx,131,131,1,1,1787954321251665411,1787954321251302744,5898336473465,0,0,0,0
tx,131,131,1,1,1787954321251671485,1787954321251302744,5898336479761,5898336501743,72,0,0
rx,132,132,1,1,1787954321266634096,1787954321266295356,5898351442169,0,0,0,0
tx,132,132,1,1,1787954321266638263,1787954321266295356,5898351446447,5898351460335,72,0,0
rx,133,133,1,1,1787954321281590448,1787954321281293078,5898366398521,0,0,0,0
tx,133,133,1,1,1787954321281594263,1787954321281293078,5898366402521,5898366415928,72,0,0
rx,134,134,1,1,1787954321296542744,1787954321296309781,5898381350724,0,0,0,0
tx,134,134,1,1,1787954321296546856,1787954321296309781,5898381355132,5898381375335,72,0,0
rx,135,135,1,1,1787954321311518374,1787954321311295374,5898396326428,0,0,0,0
tx,135,135,1,1,1787954321311522207,1787954321311295374,5898396330409,5898396345743,72,0,0
rx,136,136,1,1,1787954321326470207,1787954321326292059,5898411278280,0,0,0,0
tx,136,136,1,1,1787954321326474207,1787954321326292059,5898411282391,5898411295502,72,0,0
rx,137,137,1,1,1787954321341699337,1787954321341330652,5898426507409,0,0,0,0
tx,137,137,1,1,1787954321341704096,1787954321341330652,5898426512317,5898426536891,72,0,0
rx,138,138,1,1,1787954321356712689,1787954321356301133,5898441520743,0,0,0,0
tx,138,138,1,1,1787954321356716800,1787954321356301133,5898441525021,5898441543484,72,0,0
rx,139,139,1,1,1787954321371672985,1787954321371295467,5898456481039,0,0,0,0
tx,139,139,1,1,1787954321371678337,1787954321371295467,5898456486521,5898456500280,72,0,0
rx,140,140,1,1,1787954321386624911,1787954321386290689,5898471432984,0,0,0,0
tx,140,140,1,1,1787954321386628485,1787954321386290689,5898471436724,5898471448984,72,0,0
rx,141,141,1,1,1787954321402261170,1787954321401305856,5898487069243,0,0,0,0
tx,141,141,1,1,1787954321402265874,1787954321401305856,5898487074335,5898487094706,72,0,0
rx,142,142,1,1,1787954321417235541,1787954321416297615,5898502043595,0,0,0,0
tx,142,142,1,1,1787954321417239411,1787954321416297615,5898502047632,5898502063169,72,0,0
rx,143,143,1,1,1787954321432189615,1787954321431293189,5898516997687,0,0,0,0
tx,143,143,1,1,1787954321432193393,1787954321431293189,5898517001576,5898517015224,72,0,0
rx,144,144,1,1,1787954321447384781,1787954321446311485,5898532192854,0,0,0,0
tx,144,144,1,1,1787954321447389578,1787954321446311485,5898532197817,5898532221632,72,0,0
rx,145,145,1,1,1787954321462362393,1787954321461296152,5898547170465,0,0,0,0
tx,145,145,1,1,1787954321462366244,1787954321461296152,5898547174428,5898547190002,72,0,0
rx,146,146,1,1,1787954321477321837,1787954321476290967,5898562129909,0,0,0,0
tx,146,146,1,1,1787954321477325355,1787954321476290967,5898562133650,5898562147409,72,0,0
rx,147,147,1,1,1787954321491344652,1787954321491314430,5898576152724,0,0,0,0
tx,147,147,1,1,1787954321491348800,1787954321491314430,5898576157076,5898576176576,72,0,0
rx,148,148,1,1,1787954321506308837,1787954321506297448,5898591116909,0,0,0,0
tx,148,148,1,1,1787954321506312763,1787954321506297448,5898591120965,5898591136206,72,0,0
rx,149,149,1,1,1787954321522326522,1787954321521293281,5898607134595,0,0,0,0
tx,149,149,1,1,1787954321522330467,1787954321521293281,5898607138798,5898607152965,72,0,0
rx,150,150,1,1,1787954321537284578,1787954321536291892,5898622092650,0,0,0,0
tx,150,150,1,1,1787954321537288207,1787954321536291892,5898622096391,5898622109539,72,0,0
rx,151,151,1,1,1787954321551995504,1787954321551303855,5898636803576,0,0,0,0
tx,151,151,1,1,1787954321551999541,1787954321551303855,5898636807780,5898636828576,72,0,0
rx,152,152,1,1,1787954321566925115,1787954321566291374,5898651733187,0,0,0,0
tx,152,152,1,1,1787954321566928892,1787954321566291374,5898651737076,5898651751076,72,0,0
rx,153,153,1,1,1787954321581878004,1787954321581291059,5898666686076,0,0,0,0
tx,153,153,1,1,1787954321581881429,1787954321581291059,5898666689706,5898666703020,72,0,0
rx,154,154,1,1,1787954321597025411,1787954321596313485,5898681833483,0,0,0,0
tx,154,154,1,1,1787954321597031300,1787954321596313485,5898681839539,5898681857298,72,0,0
rx,155,155,1,1,1787954321611997096,1787954321611295948,5898696805150,0,0,0,0
tx,155,155,1,1,1787954321612000929,1787954321611295948,5898696809113,5898696824335,72,0,0
rx,156,156,1,1,1787954321626955411,1787954321626292059,5898711763483,0,0,0,0
tx,156,156,1,1,1787954321626959189,1787954321626292059,5898711767372,5898711780372,72,0,0
rx,157,157,1,1,1787954321642163004,1787954321641310744,5898726971076,0,0,0,0
tx,157,157,1,1,1787954321642167226,1787954321641310744,5898726975483,5898726996539,72,0,0
rx,158,158,1,1,1787954321657136855,1787954321656298337,5898741944928,0,0,0,0
tx,158,158,1,1,1787954321657141041,1787954321656298337,5898741949298,5898741968632,72,0,0
rx,159,159,1,1,1787954321672097818,1787954321671292318,5898756905891,0,0,0,0
tx,159,159,1,1,1787954321672101522,1787954321671292318,5898756909798,5898756922557,72,0,0
rx,160,160,1,1,1787954321687226837,1787954321686306281,5898772034891,0,0,0,0
tx,160,160,1,1,1787954321687231318,1787954321686306281,5898772039650,5898772059409,72,0,0
rx,161,161,1,1,1787954321702196503,1787954321701298503,5898787004557,0,0,0,0
tx,161,161,1,1,1787954321702202041,1787954321701298503,5898787010280,5898787025835,72,0,0
rx,162,162,1,1,1787954321717142874,1787954321716292781,5898801950946,0,0,0,0
tx,162,162,1,1,1787954321717146448,1787954321716292781,5898801954631,5898801967817,72,0,0
rx,163,163,1,1,1787954321732095948,1787954321731292244,5898816904002,0,0,0,0
tx,163,163,1,1,1787954321732099707,1787954321731292244,5898816907946,5898816921243,72,0,0
rx,164,164,1,1,1787954321746364003,1787954321746300355,5898831172076,0,0,0,0
tx,164,164,1,1,1787954321746368985,1787954321746300355,5898831177206,5898831197465,72,0,0
rx,165,165,1,1,1787954321761346781,1787954321761301374,5898846154854,0,0,0,0
tx,165,165,1,1,1787954321761350985,1787954321761301374,5898846159206,5898846178724,72,0,0
rx,166,166,1,1,1787954321776311633,1787954321776291207,5898861119687,0,0,0,0
tx,166,166,1,1,1787954321776315337,1787954321776291207,5898861123520,5898861135817,72,0,0
rx,167,167,1,1,1787954321791999466,1787954321791314355,5898876807539,0,0,0,0
tx,167,167,1,1,1787954321792003800,1787954321791314355,5898876812057,5898876833354,72,0,0
rx,168,168,1,1,1787954321806916448,1787954321806294633,5898891724520,0,0,0,0
tx,168,168,1,1,1787954321806922300,1787954321806294633,5898891730539,5898891745872,72,0,0
rx,169,169,1,1,1787954321821868355,1787954321821292596,5898906676428,0,0,0,0
tx,169,169,1,1,1787954321821871818,1787954321821292596,5898906680002,5898906692891,72,0,0
rx,170,170,1,1,1787954321836811948,1787954321836291800,5898921620020,0,0,0,0
tx,170,170,1,1,1787954321836815615,1787954321836291800,5898921623817,5898921636668,72,0,0
rx,171,171,1,1,1787954321852007466,1787954321851306929,5898936815539,0,0,0,0
tx,171,171,1,1,1787954321852012318,1787954321851306929,5898936820539,5898936844650,72,0,0
rx,172,172,1,1,1787954321867019855,1787954321866312596,5898951827817,0,0,0,0
tx,172,172,1,1,1787954321867024281,1787954321866312596,5898951832483,5898951853557,72,0,0
rx,173,173,1,1,1787954321882002170,1787954321881297837,5898966810150,0,0,0,0
tx,173,173,1,1,1787954321882005744,1787954321881297837,5898966813983,5898966828872,72,0,0
rx,174,174,1,1,1787954321897178652,1787954321896303170,5898981986705,0,0,0,0
tx,174,174,1,1,1787954321897183114,1787954321896303170,5898981991372,5898982010946,72,0,0
rx,175,175,1,1,1787954321912137207,1787954321911296707,5898996945242,0,0,0,0
tx,175,175,1,1,1787954321912141429,1787954321911296707,5898996949650,5898996966891,72,0,0
rx,176,176,1,1,1787954321927103244,1787954321926293929,5899011911317,0,0,0,0
tx,176,176,1,1,1787954321927108837,1787954321926293929,5899011917076,5899011931131,72,0,0
rx,177,177,1,1,1787954321942189429,1787954321941320485,5899026997502,0,0,0,0
tx,177,177,1,1,1787954321942194300,1787954321941320485,5899027002687,5899027023687,72,0,0
rx,178,178,1,1,1787954321957228781,1787954321956302540,5899042036854,0,0,0,0
tx,178,178,1,1,1787954321957233189,1787954321956302540,5899042041428,5899042061520,72,0,0
rx,179,179,1,1,1787954321972203651,1787954321971294911,5899057011724,0,0,0,0
tx,179,179,1,1,1787954321972207300,1787954321971294911,5899057015576,5899057029039,72,0,0
rx,180,180,1,1,1787954321987271577,1787954321986309077,5899072079650,0,0,0,0
tx,180,180,1,1,1787954321987275670,1787954321986309077,5899072083891,5899072104261,72,0,0
rx,181,181,1,1,1787954322002229577,1787954322001294077,5899087037650,0,0,0,0
tx,181,181,1,1,1787954322002233726,1787954322001294077,5899087041909,5899087057650,72,0,0
rx,182,182,1,1,1787954322017192337,1787954322016292318,5899102000409,0,0,0,0
tx,182,182,1,1,1787954322017196040,1787954322016292318,5899102004224,5899102017854,72,0,0
rx,183,183,1,1,1787954322032425355,1787954322031291540,5899117233428,0,0,0,0
tx,183,183,1,1,1787954322032432040,1787954322031291540,5899117240279,5899117259631,72,0,0
rx,184,184,1,1,1787954322047369300,1787954322046301818,5899132177372,0,0,0,0
tx,184,184,1,1,1787954322047373374,1787954322046301818,5899132181557,5899132196187,72,0,0
rx,185,185,1,1,1787954322062354800,1787954322061299114,5899147162872,0,0,0,0
tx,185,185,1,1,1787954322062358985,1787954322061299114,5899147167168,5899147185668,72,0,0
rx,186,186,1,1,1787954322077338800,1787954322076294670,5899162146872,0,0,0,0
tx,186,186,1,1,1787954322077342651,1787954322076294670,5899162150835,5899162164928,72,0,0
rx,187,187,1,1,1787954322092004614,1787954322091331948,5899176812687,0,0,0,0
tx,187,187,1,1,1787954322092008837,1787954322091331948,5899176817057,5899176839261,72,0,0
rx,188,188,1,1,1787954322106923781,1787954322106296188,5899191731853,0,0,0,0
tx,188,188,1,1,1787954322106927725,1787954322106296188,5899191735909,5899191751131,72,0,0
rx,189,189,1,1,1787954322121895244,1787954322121292522,5899206703316,0,0,0,0
tx,189,189,1,1,1787954322121898762,1787954322121292522,5899206706946,5899206720094,72,0,0
rx,190,190,1,1,1787954322137002911,1787954322136296725,5899221810983,0,0,0,0
tx,190,190,1,1,1787954322137009522,1787954322136296725,5899221817798,5899221837131,72,0,0
rx,191,191,1,1,1787954322151992411,1787954322151313929,5899236800483,0,0,0,0
tx,191,191,1,1,1787954322151997207,1787954322151313929,5899236805390,5899236824761,72,0,0
rx,192,192,1,1,1787954322166933281,1787954322166344429,5899251741353,0,0,0,0
tx,192,192,1,1,1787954322166937262,1787954322166344429,5899251745446,5899251760131,72,0,0
rx,193,193,1,1,1787954322182136948,1787954322181324448,5899266944965,0,0,0,0
tx,193,193,1,1,1787954322182144818,1787954322181324448,5899266953057,5899266979853,72,0,0
rx,194,194,1,1,1787954322197118948,1787954322196334466,5899281926965,0,0,0,0
tx,194,194,1,1,1787954322197127374,1787954322196334466,5899281935631,5899281969316,72,0,0
rx,195,195,1,1,1787954322212369837,1787954322211327651,5899297177835,0,0,0,0
tx,195,195,1,1,1787954322212377688,1787954322211327651,5899297185927,5899297215613,72,0,0
rx,196,196,1,1,1787954322226586818,1787954322226319855,5899311394798,0,0,0,0
tx,196,196,1,1,1787954322226594151,1787954322226319855,5899311402409,5899311429539,72,0,0
rx,197,197,1,1,1787954322242048374,1787954322241329725,5899326856390,0,0,0,0
tx,197,197,1,1,1787954322242057485,1787954322241329725,5899326865742,5899326899909,72,0,0
rx,198,198,1,1,1787954322256373855,1787954322256332966,5899341181835,0,0,0,0
tx,198,198,1,1,1787954322256382429,1787954322256332966,5899341190687,5899341242205,72,0,0
rx,199,199,1,1,1787954322271636522,1787954322271326207,5899356444520,0,0,0,0
tx,199,199,1,1,1787954322271644281,1787954322271326207,5899356452520,5899356480983,72,0,0
rx,200,200,1,1,1787954322287135096,1787954322286339818,5899371943094,0,0,0,0
tx,200,200,1,1,1787954322287142948,1787954322286339818,5899371951205,5899371989798,72,0,0
rx,201,0,1,1,1787954322302417429,1787954322301327040,5899387225427,0,0,0,0
tx,201,0,1,1,1787954322302426262,1787954322301327040,5899387234501,5899387265335,72,0,0
rx,202,1,1,1,1787954322316576299,1787954322316321522,5899401384298,0,0,0,0
tx,202,1,1,1,1787954322316583966,1787954322316321522,5899401392224,5899401419872,72,0,0
rx,203,2,1,1,1787954322332275596,1787954322331415003,5899417083594,0,0,0,0
tx,203,2,1,1,1787954322332284596,1787954322331415003,5899417092890,5899417130427,72,0,0
rx,204,3,1,1,1787954322346421040,1787954322346322133,5899431229039,0,0,0,0
tx,204,3,1,1,1787954322346431762,1787954322346322133,5899431240001,5899431267520,72,0,0
rx,205,4,1,1,1787954322361727244,1787954322361334429,5899446535242,0,0,0,0
tx,205,4,1,1,1787954322361739373,1787954322361334429,5899446547631,5899446579335,72,0,0
rx,206,5,1,1,1787954322376972225,1787954322376325077,5899461780224,0,0,0,0
tx,206,5,1,1,1787954322376979670,1787954322376325077,5899461787909,5899461832150,72,0,0
rx,207,6,1,1,1787954322391654336,1787954322391364003,5899476462353,0,0,0,0
tx,207,6,1,1,1787954322391662948,1787954322391364003,5899476471224,5899476514983,72,0,0
rx,208,7,1,1,1787954322407060133,1787954322406328096,5899491868131,0,0,0,0
tx,208,7,1,1,1787954322407067836,1787954322406328096,5899491876131,5899491907131,72,0,0
rx,209,8,1,1,1787954322421409873,1787954322421326522,5899506217872,0,0,0,0
tx,209,8,1,1,1787954322421417744,1787954322421326522,5899506225983,5899506258594,72,0,0
rx,210,9,1,1,1787954322436727429,1787954322436344281,5899521535427,0,0,0,0
tx,210,9,1,1,1787954322436735614,1787954322436344281,5899521543890,5899521582872,72,0,0
rx,211,10,1,1,1787954322452092966,1787954322451329059,5899536900983,0,0,0,0
tx,211,10,1,1,1787954322452101410,1787954322451329059,5899536909687,5899536944353,72,0,0
rx,212,11,1,1,1787954322466426910,1787954322466382892,5899551234927,0,0,0,0
tx,212,11,1,1,1787954322466438892,1787954322466382892,5899551247131,5899551276483,72,0,0
rx,213,12,1,1,1787954322481749855,1787954322481322225,5899566557872,0,0,0,0
tx,213,12,1,1,1787954322481757688,1787954322481322225,5899566565927,5899566594742,72,0,0
rx,214,13,1,1,1787954322497135040,1787954322496330688,5899581943038,0,0,0,0
tx,214,13,1,1,1787954322497143244,1787954322496330688,5899581951520,5899581988261,72,0,0
rx,215,14,1,1,1787954322512411373,1787954322511324225,5899597219372,0,0,0,0
tx,215,14,1,1,1787954322512419207,1787954322511324225,5899597227446,5899597258964,72,0,0
rx,216,15,1,1,1787954322526725522,1787954322526321503,5899611533538,0,0,0,0
tx,216,15,1,1,1787954322526733410,1787954322526321503,5899611541779,5899611572390,72,0,0
rx,217,16,1,1,1787954322542181855,1787954322541331299,5899626989872,0,0,0,0
tx,217,16,1,1,1787954322542190429,1787954322541331299,5899626998687,5899627036427,72,0,0
rx,218,17,1,1,1787954322556387799,1787954322556329503,5899641195816,0,0,0,0
tx,218,17,1,1,1787954322556396281,1787954322556329503,5899641204520,5899641238909,72,0,0
rx,219,18,1,1,1787954322571724466,1787954322571321762,5899656532464,0,0,0,0
tx,219,18,1,1,1787954322571735373,1787954322571321762,5899656543612,5899656573594,72,0,0
rx,220,19,1,1,1787954322586985707,1787954322586346966,5899671793705,0,0,0,0
tx,220,19,1,1,1787954322586994818,1787954322586346966,5899671803075,5899671838872,72,0,0
rx,221,20,1,1,1787954322602246003,1787954322601326855,5899687054001,0,0,0,0
tx,221,20,1,1,1787954322602253947,1787954322601326855,5899687062335,5899687092816,72,0,0
rx,222,21,1,1,1787954322616454392,1787954322616326021,5899701262390,0,0,0,0
tx,222,21,1,1,1787954322616462262,1787954322616326021,5899701270538,5899701302501,72,0,0
rx,223,22,1,1,1787954322631781799,1787954322631323929,5899716589798,0,0,0,0
tx,223,22,1,1,1787954322631789188,1787954322631323929,5899716597446,5899716627372,72,0,0
rx,224,23,1,1,1787954322647053373,1787954322646328170,5899731861372,0,0,0,0
tx,224,23,1,1,1787954322647061818,1787954322646328170,5899731870075,5899731905224,72,0,0
rx,225,24,1,1,1787954322661417466,1787954322661326818,5899746225483,0,0,0,0
tx,225,24,1,1,1787954322661426336,1787954322661326818,5899746234649,5899746268668,72,0,0
rx,226,25,1,1,1787954322676817707,1787954322676322558,5899761625649,0,0,0,0
tx,226,25,1,1,1787954322676825503,1787954322676322558,5899761633742,5899761662964,72,0,0
rx,227,26,1,1,1787954322692076466,1787954322691350929,5899776884464,0,0,0,0
tx,227,26,1,1,1787954322692088336,1787954322691350929,5899776896575,5899776931612,72,0,0
rx,228,27,1,1,1787954322707349818,1787954322706325744,5899792157835,0,0,0,0
tx,228,27,1,1,1787954322707358077,1787954322706325744,5899792166316,5899792196909,72,0,0
rx,229,28,1,1,1787954322721548392,1787954322721322503,5899806356372,0,0,0,0
tx,229,28,1,1,1787954322721556244,1787954322721322503,5899806364483,5899806393020,72,0,0
rx,230,29,1,1,1787954322736818725,1787954322736340966,5899821626742,0,0,0,0
tx,230,29,1,1,1787954322736826947,1787954322736340966,5899821635223,5899821673372,72,0,0
rx,231,30,1,1,1787954322752150651,1787954322751335262,5899836958668,0,0,0,0
tx,231,30,1,1,1787954322752159262,1787954322751335262,5899836967557,5899837003668,72,0,0
rx,232,31,1,1,1787954322766497318,1787954322766328577,5899851305298,0,0,0,0
tx,232,31,1,1,1787954322766504947,1787954322766328577,5899851313205,5899851343890,72,0,0
rx,233,32,1,1,1787954322781830910,1787954322781343355,5899866638890,0,0,0,0
tx,233,32,1,1,1787954322781839632,1787954322781343355,5899866647890,5899866685057,72,0,0
rx,234,33,1,1,1787954322797180299,1787954322796334781,5899881988297,0,0,0,0
tx,234,33,1,1,1787954322797191966,1787954322796334781,5899882000223,5899882029964,72,0,0
rx,235,34,1,1,1787954322811372225,1787954322811334503,5899896180223,0,0,0,0
tx,235,34,1,1,1787954322811380077,1787954322811334503,5899896188335,5899896219279,72,0,0
rx,236,35,1,1,1787954322826693169,1787954322826319873,5899911501168,0,0,0,0
tx,236,35,1,1,1787954322826700688,1787954322826319873,5899911508946,5899911538186,72,0,0
rx,237,36,1,1,1787954322841961207,1787954322841330484,5899926769149,0,0,0,0
tx,237,36,1,1,1787954322841969984,1787954322841330484,5899926778612,5899926813279,72,0,0
rx,238,37,1,1,1787954322857268706,1787954322856337669,5899942076686,0,0,0,0
tx,238,37,1,1,1787954322857277947,1787954322856337669,5899942086297,5899942132446,72,0,0
rx,239,38,1,1,1787954322871535225,1787954322871336132,5899956343168,0,0,0,0
tx,239,38,1,1,1787954322871543669,1787954322871336132,5899956351927,5899956389334,72,0,0
rx,240,39,1,1,1787954322886836262,1787954322886336040,5899971644242,0,0,0,0
tx,240,39,1,1,1787954322886844355,1787954322886336040,5899971652631,5899971688927,72,0,0
rx,241,40,1,1,1787954322902237318,1787954322901324262,5899987045334,0,0,0,0
tx,241,40,1,1,1787954322902244725,1787954322901324262,5899987052964,5899987083446,72,0,0
rx,242,41,1,1,1787954322916412688,1787954322916330188,5900001220686,0,0,0,0
tx,242,41,1,1,1787954322916420762,1787954322916330188,5900001229038,5900001261075,72,0,0
rx,243,42,1,1,1787954322931829225,1787954322931326781,5900016637205,0,0,0,0
tx,243,42,1,1,1787954322931836669,1787954322931326781,5900016644927,5900016678112,72,0,0
rx,244,43,1,1,1787954322947123132,1787954322946341966,5900031931112,0,0,0,0
tx,244,43,1,1,1787954322947131355,1787954322946341966,5900031939631,5900031976371,72,0,0
rx,245,44,1,1,1787954322961433818,1787954322961331077,5900046241816,0,0,0,0
tx,245,44,1,1,1787954322961442206,1787954322961331077,5900046250446,5900046285242,72,0,0
rx,246,45,1,1,1787954322976652132,1787954322976321947,5900061460149,0,0,0,0
tx,246,45,1,1,1787954322976659929,1787954322976321947,5900061468168,5900061497834,72,0,0
rx,247,46,1,1,1787954322991937003,1787954322991333021,5900076745001,0,0,0,0
tx,247,46,1,1,1787954322991945058,1787954322991333021,5900076753316,5900076788816,72,0,0
rx,248,47,1,1,1787954323007240577,1787954323006324169,5900092048575,0,0,0,0
tx,248,47,1,1,1787954323007248595,1787954323006324169,5900092056853,5900092086927,72,0,0
rx,249,48,1,1,1787954323021409429,1787954323021320243,5900106217427,0,0,0,0
tx,249,48,1,1,1787954323021417206,1787954323021320243,5900106225446,5900106254594,72,0,0
rx,250,49,1,1,1787954323036655466,1787954323036346521,5900121463427,0,0,0,0
tx,250,49,1,1,1787954323036663540,1787954323036346521,5900121471834,5900121511760,72,0,0
rx,251,50,1,1,1787954323051930558,1787954323051366651,5900136738538,0,0,0,0
tx,251,50,1,1,1787954323051938817,1787954323051366651,5900136747057,5900136780279,72,0,0
rx,252,51,1,1,1787954323067258447,1787954323066327225,5900152066445,0,0,0,0
tx,252,51,1,1,1787954323067266688,1787954323066327225,5900152074983,5900152105112,72,0,0
rx,253,52,1,1,1787954323081543095,1787954323081346910,5900166351112,0,0,0,0
tx,253,52,1,1,1787954323081551188,1787954323081346910,5900166359445,5900166397260,72,0,0
rx,254,53,1,1,1787954323096792095,1787954323096328540,5900181600094,0,0,0,0
tx,254,53,1,1,1787954323096799669,1787954323096328540,5900181607927,5900181638668,72,0,0
rx,255,54,1,1,1787954323112168299,1787954323111322262,5900196976316,0,0,0,0
tx,255,54,1,1,1787954323112176151,1787954323111322262,5900196984390,5900197013501,72,0,0
rx,256,55,1,1,1787954323127385225,1787954323126320577,5900212193242,0,0,0,0
tx,256,55,1,1,1787954323127397114,1787954323126320577,5900212205371,5900212239594,72,0,0
rx,257,56,1,1,1787954323141586873,1787954323141332762,5900226394890,0,0,0,0
tx,257,56,1,1,1787954323141594984,1787954323141332762,5900226403260,5900226435631,72,0,0
rx,258,57,1,1,1787954323156901614,1787954323156338558,5900241709594,0,0,0,0
tx,258,57,1,1,1787954323156909484,1787954323156338558,5900241717742,5900241751649,72,0,0
rx,259,58,1,1,1787954323172209966,1787954323171323077,5900257017982,0,0,0,0
tx,259,58,1,1,1787954323172217391,1787954323171323077,5900257025631,5900257055186,72,0,0
rx,260,59,1,1,1787954323186398540,1787954323186330817,5900271206557,0,0,0,0
tx,260,59,1,1,1787954323186406558,1787954323186330817,5900271214816,5900271251705,72,0,0
rx,261,60,1,1,1787954323201798799,1787954323201326243,5900286606779,0,0,0,0
tx,261,60,1,1,1787954323201806206,1787954323201326243,5900286614445,5900286643445,72,0,0
rx,262,61,1,1,1787954323217014688,1787954323216328595,5900301822686,0,0,0,0
tx,262,61,1,1,1787954323217022151,1787954323216328595,5900301830408,5900301859631,72,0,0
rx,263,62,1,1,1787954323232404743,1787954323231330725,5900317212760,0,0,0,0
tx,263,62,1,1,1787954323232414169,1787954323231330725,5900317222501,5900317262501,72,0,0
rx,264,63,1,1,1787954323246628577,1787954323246336058,5900331436575,0,0,0,0
tx,264,63,1,1,1787954323246637058,1787954323246336058,5900331445334,5900331480408,72,0,0
rx,265,64,1,1,1787954323262018799,1787954323261335836,5900346826797,0,0,0,0
tx,265,64,1,1,1787954323262027077,1787954323261335836,5900346835334,5900346872353,72,0,0
rx,266,65,1,1,1787954323277411354,1787954323276326447,5900362219353,0,0,0,0
tx,266,65,1,1,1787954323277419447,1787954323276326447,5900362227686,5900362261371,72,0,0
rx,267,66,1,1,1787954323291694947,1787954323291336243,5900376502945,0,0,0,0
tx,267,66,1,1,1787954323291703817,1787954323291336243,5900376512056,5900376549686,72,0,0
rx,268,67,1,1,1787954323307039780,1787954323306325891,5900391847779,0,0,0,0
tx,268,67,1,1,1787954323307047632,1787954323306325891,5900391855890,5900391890242,72,0,0
rx,269,68,1,1,1787954323322338188,1787954323321322151,5900407146186,0,0,0,0
tx,269,68,1,1,1787954323322346151,1787954323321322151,5900407154408,5900407185686,72,0,0
rx,270,69,1,1,1787954323336555780,1787954323336330373,5900421363779,0,0,0,0
tx,270,69,1,1,1787954323336568095,1787954323336330373,5900421376427,5900421412797,72,0,0
rx,271,70,1,1,1787954323351903910,1787954323351326947,5900436711908,0,0,0,0
tx,271,70,1,1,1787954323351916373,1787954323351326947,5900436724630,5900436759853,72,0,0
rx,272,71,1,1,1787954323367232002,1787954323366326743,5900452040001,0,0,0,0
tx,272,71,1,1,1787954323367240040,1787954323366326743,5900452048279,5900452080686,72,0,0
rx,273,72,1,1,1787954323381618410,1787954323381349521,5900466426408,0,0,0,0
tx,273,72,1,1,1787954323381627447,1787954323381349521,5900466435927,5900466476593,72,0,0
rx,274,73,1,1,1787954323396950114,1787954323396324614,5900481758130,0,0,0,0
tx,274,73,1,1,1787954323396958336,1787954323396324614,5900481766593,5900481799260,72,0,0
rx,275,74,1,1,1787954323412311391,1787954323411326354,5900497119390,0,0,0,0
tx,275,74,1,1,1787954323412319465,1787954323411326354,5900497127723,5900497159908,72,0,0
rx,276,75,1,1,1787954323426664317,1787954323426356799,5900511472279,0,0,0,0
tx,276,75,1,1,1787954323426674039,1787954323426356799,5900511482297,5900511525723,72,0,0
rx,277,76,1,1,1787954323441959169,1787954323441330354,5900526767130,0,0,0,0
tx,277,76,1,1,1787954323441967132,1787954323441330354,5900526775371,5900526809334,72,0,0
rx,278,77,1,1,1787954323457247984,1787954323456341484,5900542055982,0,0,0,0
tx,278,77,1,1,1787954323457259836,1787954323456341484,5900542068093,5900542103242,72,0,0
rx,279,78,1,1,1787954323471538984,1787954323471324669,5900556346964,0,0,0,0
tx,279,78,1,1,1787954323471547058,1787954323471324669,5900556355316,5900556385316,72,0,0
rx,280,79,1,1,1787954323486966114,1787954323486345076,5900571774130,0,0,0,0
tx,280,79,1,1,1787954323486974725,1787954323486345076,5900571782964,5900571822112,72,0,0
rx,281,80,1,1,1787954323502394669,1787954323501327188,5900587202667,0,0,0,0
tx,281,80,1,1,1787954323502403076,1787954323501327188,5900587211371,5900587244945,72,0,0
rx,282,81,1,1,1787954323516637928,1787954323516321151,5900601445945,0,0,0,0
tx,282,81,1,1,1787954323516646002,1787954323516321151,5900601454260,5900601485112,72,0,0
rx,283,82,1,1,1787954323531963151,1787954323531340336,5900616771112,0,0,0,0
tx,283,82,1,1,1787954323531971854,1787954323531340336,5900616780112,5900616817593,72,0,0
rx,284,83,1,1,1787954323547380688,1787954323546325891,5900632188630,0,0,0,0
tx,284,83,1,1,1787954323547388873,1787954323546325891,5900632197130,5900632228890,72,0,0
rx,285,84,1,1,1787954323561576484,1787954323561327576,5900646384482,0,0,0,0
tx,285,84,1,1,1787954323561588928,1787954323561327576,5900646397186,5900646431501,72,0,0
rx,286,85,1,1,1787954323577010873,1787954323576323317,5900661818871,0,0,0,0
tx,286,85,1,1,1787954323577019058,1787954323576323317,5900661827316,5900661858945,72,0,0
rx,287,86,1,1,1787954323592335836,1787954323591336595,5900677143834,0,0,0,0
tx,287,86,1,1,1787954323592344539,1787954323591336595,5900677152797,5900677190038,72,0,0
rx,288,87,1,1,1787954323606605039,1787954323606326317,5900691413056,0,0,0,0
tx,288,87,1,1,1787954323606613502,1787954323606326317,5900691421741,5900691455130,72,0,0
rx,289,88,1,1,1787954323622004984,1787954323621322965,5900706812964,0,0,0,0
tx,289,88,1,1,1787954323622013373,1787954323621322965,5900706821630,5900706852445,72,0,0
rx,290,89,1,1,1787954323637333243,1787954323636333132,5900722141241,0,0,0,0
tx,290,89,1,1,1787954323637341762,1787954323636333132,5900722150019,5900722187816,72,0,0
rx,291,90,1,1,1787954323651612039,1787954323651324243,5900736420056,0,0,0,0
tx,291,90,1,1,1787954323651619613,1787954323651324243,5900736427871,5900736460019,72,0,0
rx,292,91,1,1,1787954323666897243,1787954323666323243,5900751705241,0,0,0,0
tx,292,91,1,1,1787954323666909854,1787954323666323243,5900751718112,5900751752964,72,0,0
rx,293,92,1,1,1787954323682210984,1787954323681350058,5900767018982,0,0,0,0
tx,293,92,1,1,1787954323682223336,1787954323681350058,5900767031575,5900767068056,72,0,0
rx,294,93,1,1,1787954323696547243,1787954323696330280,5900781355260,0,0,0,0
tx,294,93,1,1,1787954323696555595,1787954323696330280,5900781363853,5900781395278,72,0,0
rx,295,94,1,1,1787954323711860132,1787954323711323947,5900796668130,0,0,0,0
tx,295,94,1,1,1787954323711868391,1787954323711323947,5900796676630,5900796707612,72,0,0
rx,296,95,1,1,1787954323727184447,1787954323726341391,5900811992445,0,0,0,0
tx,296,95,1,1,1787954323727240317,1787954323726341391,5900812048575,5900812088427,72,0,0
rx,297,96,1,1,1787954323741532169,1787954323741326706,5900826340130,0,0,0,0
tx,297,96,1,1,1787954323741540113,1787954323741326706,5900826348352,5900826379797,72,0,0
rx,298,97,1,1,1787954323756831336,1787954323756331965,5900841639334,0,0,0,0
tx,298,97,1,1,1787954323756840299,1787954323756331965,5900841648556,5900841684852,72,0,0
rx,299,98,1,1,1787954323772144632,1787954323771322521,5900856952630,0,0,0,0
tx,299,98,1,1,1787954323772152650,1787954323771322521,5900856960890,5900856992723,72,0,0
rx,300,99,1,1,1787954323786399058,1787954323786352947,5900871207075,0,0,0,0
tx,300,99,1,1,1787954323786407058,1787954323786352947,5900871215315,5900871252778,72,0,0
rx,301,100,1,1,1787954323801753873,1787954323801324706,5900886561889,0,0,0,0
tx,301,100,1,1,1787954323801762187,1787954323801324706,5900886570445,5900886603093,72,0,0
rx,302,101,1,1,1787954323817062354,1787954323816320910,5900901870352,0,0,0,0
tx,302,101,1,1,1787954323817070873,1787954323816320910,5900901879130,5900901911167,72,0,0
rx,303,102,1,1,1787954323831383317,1787954323831341632,5900916191334,0,0,0,0
tx,303,102,1,1,1787954323831391817,1787954323831341632,5900916200093,5900916237427,72,0,0
rx,304,103,1,1,1787954323846731984,1787954323846326298,5900931539982,0,0,0,0
tx,304,103,1,1,1787954323846739743,1787954323846326298,5900931548001,5900931580334,72,0,0
rx,305,104,1,1,1787954323861611521,1787954323861342632,5900946419519,0,0,0,0
tx,305,104,1,1,1787954323861620206,1787954323861342632,5900946428445,5900946470778,72,0,0
rx,306,105,1,1,1787954323877067187,1787954323876368187,5900961875186,0,0,0,0
tx,306,105,1,1,1787954323877077150,1787954323876368187,5900961885426,5900961927297,72,0,0
rx,307,106,1,1,1787954323892353039,1787954323891336558,5900977161056,0,0,0,0
tx,307,106,1,1,1787954323892365428,1787954323891336558,5900977173686,5900977207649,72,0,0
rx,308,107,1,1,1787954323906526298,1787954323906332354,5900991334297,0,0,0,0
tx,308,107,1,1,1787954323906534335,1787954323906332354,5900991342575,5900991372871,72,0,0
rx,309,108,1,1,1787954323921774021,1787954323921341873,5901006582038,0,0,0,0
tx,309,108,1,1,1787954323921782335,1787954323921341873,5901006590612,5901006624556,72,0,0
rx,310,109,1,1,1787954323937072761,1787954323936344095,5901021880760,0,0,0,0
tx,310,109,1,1,1787954323937081465,1787954323936344095,5901021889963,5901021925334,72,0,0
rx,311,110,1,1,1787954323952334243,1787954323951334798,5901037142260,0,0,0,0
tx,311,110,1,1,1787954323952342373,1787954323951334798,5901037150741,5901037182593,72,0,0
rx,312,111,1,1,1787954323966555113,1787954323966336502,5901051363112,0,0,0,0
tx,312,111,1,1,1787954323966563410,1787954323966336502,5901051371649,5901051402723,72,0,0
rx,313,112,1,1,1787954323981813669,1787954323981338965,5901066621667,0,0,0,0
tx,313,112,1,1,1787954323981822206,1787954323981338965,5901066630482,5901066665852,72,0,0
rx,314,113,1,1,1787954323997078743,1787954323996332502,5901081886741,0,0,0,0
tx,314,113,1,1,1787954323997087132,1787954323996332502,5901081895519,5901081925352,72,0,0
rx,315,114,1,1,1787954324012310280,1787954324011331947,5901097118297,0,0,0,0
tx,315,114,1,1,1787954324012321780,1787954324011331947,5901097130019,5901097161000,72,0,0
rx,316,115,1,1,1787954324026499780,1787954324026329391,5901111307797,0,0,0,0
tx,316,115,1,1,1787954324026507372,1787954324026329391,5901111315649,5901111344834,72,0,0
rx,317,116,1,1,1787954324041756113,1787954324041343854,5901126564130,0,0,0,0
tx,317,116,1,1,1787954324041764669,1787954324041343854,5901126572908,5901126607260,72,0,0
rx,318,117,1,1,1787954324057015521,1787954324056341558,5901141823537,0,0,0,0
tx,318,117,1,1,1787954324057024428,1787954324056341558,5901141832667,5901141867519,72,0,0
rx,319,118,1,1,1787954324072280113,1787954324071333150,5901157088112,0,0,0,0
tx,319,118,1,1,1787954324072288354,1787954324071333150,5901157096593,5901157128797,72,0,0
rx,320,119,1,1,1787954324086539798,1787954324086341965,5901171347797,0,0,0,0
tx,320,119,1,1,1787954324086548335,1787954324086341965,5901171356704,5901171392371,72,0,0
rx,321,120,1,1,1787954324101816206,1787954324101333039,5901186624223,0,0,0,0
tx,321,120,1,1,1787954324101824576,1787954324101333039,5901186632945,5901186662963,72,0,0
rx,322,121,1,1,1787954324117048669,1787954324116329909,5901201856686,0,0,0,0
tx,322,121,1,1,1787954324117060354,1787954324116329909,5901201868612,5901201898741,72,0,0
rx,323,122,1,1,1787954324132334113,1787954324131351595,5901217142130,0,0,0,0
tx,323,122,1,1,1787954324132342687,1787954324131351595,5901217150945,5901217194056,72,0,0
rx,324,123,1,1,1787954324146515521,1787954324146335150,5901231323537,0,0,0,0
tx,324,123,1,1,1787954324146523465,1787954324146335150,5901231331704,5901231360667,72,0,0
rx,325,124,1,1,1787954324161756632,1787954324161338391,5901246564649,0,0,0,0
tx,325,124,1,1,1787954324161765002,1787954324161338391,5901246573260,5901246607056,72,0,0
rx,326,125,1,1,1787954324177019854,1787954324176355039,5901261827871,0,0,0,0
tx,326,125,1,1,1787954324177028780,1787954324176355039,5901261837130,5901261873389,72,0,0
rx,327,126,1,1,1787954324192336872,1787954324191335261,5901277144871,0,0,0,0
tx,327,126,1,1,1787954324192344891,1787954324191335261,5901277153167,5901277183815,72,0,0
rx,328,127,1,1,1787954324206493632,1787954324206327798,5901291301630,0,0,0,0
tx,328,127,1,1,1787954324206501465,1787954324206327798,5901291309723,5901291337778,72,0,0
rx,329,128,1,1,1787954324221737076,1787954324221395743,5901306545074,0,0,0,0
tx,329,128,1,1,1787954324221749798,1787954324221395743,5901306558056,5901306594519,72,0,0
rx,330,129,1,1,1787954324237018113,1787954324236341595,5901321826111,0,0,0,0
tx,330,129,1,1,1787954324237026798,1787954324236341595,5901321835056,5901321868945,72,0,0
rx,331,130,1,1,1787954324252262632,1787954324251328835,5901337070648,0,0,0,0
tx,331,130,1,1,1787954324252270687,1787954324251328835,5901337078963,5901337107834,72,0,0
rx,332,131,1,1,1787954324266528446,1787954324266336483,5901351336445,0,0,0,0
tx,332,131,1,1,1787954324266537539,1787954324266336483,5901351346056,5901351381167,72,0,0
rx,333,132,1,1,1787954324281823335,1787954324281341687,5901366631352,0,0,0,0
tx,333,132,1,1,1787954324281832576,1787954324281341687,5901366640834,5901366675611,72,0,0
rx,334,133,1,1,1787954324297096446,1787954324296330539,5901381904463,0,0,0,0
tx,334,133,1,1,1787954324297104965,1787954324296330539,5901381913204,5901381943204,72,0,0
rx,335,134,1,1,1787954324312333946,1787954324311326706,5901397141945,0,0,0,0
tx,335,134,1,1,1787954324312341835,1787954324311326706,5901397150093,5901397179352,72,0,0
rx,336,135,1,1,1787954324326559224,1787954324326344354,5901411367223,0,0,0,0
tx,336,135,1,1,1787954324326572391,1787954324326344354,5901411380723,5901411415797,72,0,0
rx,337,136,1,1,1787954324341820113,1787954324341336372,5901426628111,0,0,0,0
tx,337,136,1,1,1787954324341828391,1787954324341336372,5901426636852,5901426669260,72,0,0
rx,338,137,1,1,1787954324357066613,1787954324356342372,5901441874611,0,0,0,0
tx,338,137,1,1,1787954324357075280,1787954324356342372,5901441883648,5901441915056,72,0,0
rx,339,138,1,1,1787954324372317076,1787954324371328187,5901457125093,0,0,0,0
tx,339,138,1,1,1787954324372325280,1787954324371328187,5901457133556,5901457164260,72,0,0
rx,340,139,1,1,1787954324386536650,1787954324386341057,5901471344648,0,0,0,0
tx,340,139,1,1,1787954324386545169,1787954324386341057,5901471353556,5901471388204,72,0,0
rx,341,140,1,1,1787954324401792206,1787954324401348743,5901486600204,0,0,0,0
tx,341,140,1,1,1787954324401800039,1787954324401348743,5901486608297,5901486638519,72,0,0
rx,342,141,1,1,1787954324417026280,1787954324416330891,5901501834278,0,0,0,0
tx,342,141,1,1,1787954324417034502,1787954324416330891,5901501842759,5901501873945,72,0,0
rx,343,142,1,1,1787954324432314891,1787954324431339409,5901517122908,0,0,0,0
tx,343,142,1,1,1787954324432323409,1787954324431339409,5901517131778,5901517166000,72,0,0
rx,344,143,1,1,1787954324446516039,1787954324446338131,5901531324037,0,0,0,0
tx,344,143,1,1,1787954324446524187,1787954324446338131,5901531332426,5901531364574,72,0,0
rx,345,144,1,1,1787954324461755650,1787954324461339798,5901546563648,0,0,0,0
tx,345,144,1,1,1787954324461764187,1787954324461339798,5901546572537,5901546605778,72,0,0
rx,346,145,1,1,1787954324477065002,1787954324476374965,5901561873000,0,0,0,0
tx,346,145,1,1,1787954324477074002,1787954324476374965,5901561882371,5901561922352,72,0,0
rx,347,146,1,1,1787954324492332131,1787954324491334113,5901577140130,0,0,0,0
tx,347,146,1,1,1787954324492339798,1787954324491334113,5901577148074,5901577178611,72,0,0
rx,348,147,1,1,1787954324506497576,1787954324506327650,5901591305574,0,0,0,0
tx,348,147,1,1,1787954324506505576,1787954324506327650,5901591313815,5901591342278,72,0,0
rx,349,148,1,1,1787954324521746206,1787954324521350465,5901606554204,0,0,0,0
tx,349,148,1,1,1787954324521754872,1787954324521350465,5901606563130,5901606599945,72,0,0
rx,350,149,1,1,1787954324536998409,1787954324536330113,5901621806426,0,0,0,0
tx,350,149,1,1,1787954324537006335,1787954324536330113,5901621814611,5901621845185,72,0,0
rx,351,150,1,1,1787954324552223946,1787954324551328317,5901637031945,0,0,0,0
tx,351,150,1,1,1787954324552235261,1787954324551328317,5901637043519,5901637073611,72,0,0
rx,352,151,1,1,1787954324566527928,1787954324566357131,5901651335926,0,0,0,0
tx,352,151,1,1,1787954324566536520,1787954324566357131,5901651344759,5901651377445,72,0,0
rx,353,152,1,1,1787954324581830539,1787954324581345205,5901666638556,0,0,0,0
tx,353,152,1,1,1787954324581839687,1787954324581345205,5901666648037,5901666682482,72,0,0
rx,354,153,1,1,1787954324597099335,1787954324596330854,5901681907333,0,0,0,0
tx,354,153,1,1,1787954324597107428,1787954324596330854,5901681915796,5901681946630,72,0,0
rx,355,154,1,1,1787954324612331705,1787954324611328131,5901697139704,0,0,0,0
tx,355,154,1,1,1787954324612339465,1787954324611328131,5901697147704,5901697177870,72,0,0
rx,356,155,1,1,1787954324626554205,1787954324626349409,5901711362222,0,0,0,0
tx,356,155,1,1,1787954324626563150,1787954324626349409,5901711371556,5901711407593,72,0,0
rx,357,156,1,1,1787954324641810354,1787954324641332465,5901726618352,0,0,0,0
tx,357,156,1,1,1787954324641818687,1787954324641332465,5901726627056,5901726657296,72,0,0
rx,358,157,1,1,1787954324657044650,1787954324656326465,5901741852667,0,0,0,0
tx,358,157,1,1,1787954324657057391,1787954324656326465,5901741865630,5901741899648,72,0,0
rx,359,158,1,1,1787954324672322687,1787954324671335946,5901757130685,0,0,0,0
tx,359,158,1,1,1787954324672335428,1787954324671335946,5901757143667,5901757176482,72,0,0
rx,360,159,1,1,1787954324686543168,1787954324686343409,5901771351167,0,0,0,0
tx,360,159,1,1,1787954324686551946,1787954324686343409,5901771360222,5901771394222,72,0,0
rx,361,160,1,1,1787954324701821020,1787954324701331354,5901786629019,0,0,0,0
tx,361,160,1,1,1787954324701829187,1787954324701331354,5901786637574,5901786667833,72,0,0
rx,362,161,1,1,1787954324717055613,1787954324716330150,5901801863611,0,0,0,0
tx,362,161,1,1,1787954324717063557,1787954324716330150,5901801871833,5901801902537,72,0,0
rx,363,162,1,1,1787954324732312631,1787954324731339557,5901817120630,0,0,0,0
tx,363,162,1,1,1787954324732321020,1787954324731339557,5901817129296,5901817163185,72,0,0
rx,364,163,1,1,1787954324746497687,1787954324746329854,5901831305685,0,0,0,0
tx,364,163,1,1,1787954324746505798,1787954324746329854,5901831314167,5901831343463,72,0,0
rx,365,164,1,1,1787954324761736539,1787954324761355205,5901846544556,0,0,0,0
tx,365,164,1,1,1787954324761749261,1787954324761355205,5901846557519,5901846590167,72,0,0
rx,366,165,1,1,1787954324776991539,1787954324776359409,5901861799537,0,0,0,0
tx,366,165,1,1,1787954324777003576,1787954324776359409,5901861811815,5901861854889,72,0,0
rx,367,166,1,1,1787954324792285094,1787954324791337372,5901877093111,0,0,0,0
tx,367,166,1,1,1787954324792292928,1787954324791337372,5901877101185,5901877131815,72,0,0
rx,368,167,1,1,1787954324806494131,1787954324806327742,5901891302130,0,0,0,0
tx,368,167,1,1,1787954324806501798,1787954324806327742,5901891310056,5901891340167,72,0,0
rx,369,168,1,1,1787954324821744687,1787954324821369631,5901906552704,0,0,0,0
tx,369,168,1,1,1787954324821753261,1787954324821369631,5901906561500,5901906599704,72,0,0
rx,370,169,1,1,1787954324837003261,1787954324836329909,5901921811278,0,0,0,0
tx,370,169,1,1,1787954324837011705,1787954324836329909,5901921819944,5901921849944,72,0,0
rx,371,170,1,1,1787954324852241779,1787954324851326205,5901937049796,0,0,0,0
tx,371,170,1,1,1787954324852249631,1787954324851326205,5901937057870,5901937085648,72,0,0
rx,372,171,1,1,1787954324866569909,1787954324866350428,5901951377926,0,0,0,0
tx,372,171,1,1,1787954324866582372,1787954324866350428,5901951390722,5901951428426,72,0,0
rx,373,172,1,1,1787954324881884539,1787954324881367779,5901966692537,0,0,0,0
tx,373,172,1,1,1787954324881897242,1787954324881367779,5901966705648,5901966742333,72,0,0
rx,374,173,1,1,1787954324897159631,1787954324896334039,5901981967648,0,0,0,0
tx,374,173,1,1,1787954324897167742,1787954324896334039,5901981976018,5901982006370,72,0,0
rx,375,174,1,1,1787954324911492261,1787954324911338465,5901996300259,0,0,0,0
tx,375,174,1,1,1787954324911500594,1787954324911338465,5901996308852,5901996340833,72,0,0
rx,376,175,1,1,1787954324926762927,1787954324926356205,5902011570944,0,0,0,0
tx,376,175,1,1,1787954324926771742,1787954324926356205,5902011580000,5902011619630,72,0,0
rx,377,176,1,1,1787954324942059983,1787954324941332131,5902026867981,0,0,0,0
tx,377,176,1,1,1787954324942067724,1787954324941332131,5902026875981,5902026906389,72,0,0
rx,378,177,1,1,1787954324957328835,1787954324956329853,5902042136852,0,0,0,0
tx,378,177,1,1,1787954324957336705,1787954324956329853,5902042144963,5902042174667,72,0,0
rx,379,178,1,1,1787954324971609853,1787954324971361131,5902056417870,0,0,0,0
tx,379,178,1,1,1787954324971618650,1787954324971361131,5902056427018,5902056466889,72,0,0
rx,380,179,1,1,1787954324986918705,1787954324986363872,5902071726722,0,0,0,0
tx,380,179,1,1,1787954324986930372,1787954324986363872,5902071738630,5902071769815,72,0,0
rx,381,180,1,1,1787954325002158076,1787954325001326613,5902086966092,0,0,0,0
tx,381,180,1,1,1787954325002174335,1787954325001326613,5902086982592,5902087011296,72,0,0
rx,382,181,1,1,1787954325016586964,1787954325016334483,5902101394981,0,0,0,0
tx,382,181,1,1,1787954325016595316,1787954325016334483,5902101403685,5902101434555,72,0,0
rx,383,182,1,1,1787954325031842742,1787954325031345168,5902116650741,0,0,0,0
tx,383,182,1,1,1787954325031851520,1787954325031345168,5902116659870,5902116693204,72,0,0
rx,384,183,1,1,1787954325047079761,1787954325046330057,5902131887778,0,0,0,0
tx,384,183,1,1,1787954325047087724,1787954325046330057,5902131895981,5902131926574,72,0,0
rx,385,184,1,1,1787954325062363927,1787954325061332742,5902147171944,0,0,0,0
tx,385,184,1,1,1787954325062372353,1787954325061332742,5902147180592,5902147214129,72,0,0
rx,386,185,1,1,1787954325076541076,1787954325076342594,5902161349092,0,0,0,0
tx,386,185,1,1,1787954325076550150,1787954325076342594,5902161358518,5902161393352,72,0,0
rx,387,186,1,1,1787954325091828483,1787954325091334983,5902176636481,0,0,0,0
tx,387,186,1,1,1787954325091840687,1787954325091334983,5902176648944,5902176678389,72,0,0
rx,388,187,1,1,1787954325107064020,1787954325106327409,5902191872018,0,0,0,0
tx,388,187,1,1,1787954325107075576,1787954325106327409,5902191883815,5902191915352,72,0,0
rx,389,188,1,1,1787954325122317038,1787954325121356187,5902207125037,0,0,0,0
tx,389,188,1,1,1787954325122325853,1787954325121356187,5902207134315,5902207168555,72,0,0
rx,390,189,1,1,1787954325136516742,1787954325136332242,5902221324759,0,0,0,0
tx,390,189,1,1,1787954325136524779,1787954325136332242,5902221333037,5902221363241,72,0,0
rx,391,190,1,1,1787954325151757872,1787954325151329113,5902236565870,0,0,0,0
tx,391,190,1,1,1787954325151766131,1787954325151329113,5902236574389,5902236603463,72,0,0
rx,392,191,1,1,1787954325166996057,1787954325166336390,5902251804055,0,0,0,0
tx,392,191,1,1,1787954325167004742,1787954325166336390,5902251813000,5902251845426,72,0,0
rx,393,192,1,1,1787954325182287927,1787954325181342020,5902267095944,0,0,0,0
tx,393,192,1,1,1787954325182296650,1787954325181342020,5902267104889,5902267139833,72,0,0
rx,394,193,1,1,1787954325196504075,1787954325196332094,5902281312092,0,0,0,0
tx,394,193,1,1,1787954325196515761,1787954325196332094,5902281324055,5902281353518,72,0,0
rx,395,194,1,1,1787954325211738557,1787954325211334168,5902296546574,0,0,0,0
tx,395,194,1,1,1787954325211750557,1787954325211334168,5902296558796,5902296589666,72,0,0
rx,396,195,1,1,1787954325227020316,1787954325226353983,5902311828333,0,0,0,0
tx,396,195,1,1,1787954325227028909,1787954325226353983,5902311837278,5902311872703,72,0,0
rx,397,196,1,1,1787954325242274205,1787954325241332131,5902327082222,0,0,0,0
tx,397,196,1,1,1787954325242282168,1787954325241332131,5902327090407,5902327120518,72,0,0
rx,398,197,1,1,1787954325256495557,1787954325256328150,5902341303555,0,0,0,0
tx,398,197,1,1,1787954325256503483,1787954325256328150,5902341311722,5902341341018,72,0,0
rx,399,198,1,1,1787954325271758761,1787954325271362150,5902356566759,0,0,0,0
tx,399,198,1,1,1787954325271767927,1787954325271362150,5902356576315,5902356615333,72,0,0
rx,400,199,1,1,1787954325287057353,1787954325286332612,5902371865352,0,0,0,0
tx,400,199,1,1,1787954325287065538,1787954325286332612,5902371873907,5902371904555,72,0,0
rx,401,200,1,1,1787954325302333001,1787954325301327538,5902387141018,0,0,0,0
tx,401,200,1,1,1787954325302340835,1787954325301327538,5902387149074,5902387178574,72,0,0
rx,402,0,1,1,1787954325316529835,1787954325316338705,5902401337852,0,0,0,0
tx,402,0,1,1,1787954325316543687,1787954325316338705,5902401352037,5902401390055,72,0,0
rx,403,1,1,1,1787954325331804483,1787954325331343520,5902416612481,0,0,0,0
tx,403,1,1,1,1787954325331813057,1787954325331343520,5902416621444,5902416654315,72,0,0
rx,404,2,1,1,1787954325347051594,1787954325346329612,5902431859592,0,0,0,0
tx,404,2,1,1,1787954325347059483,1787954325346329612,5902431867740,5902431898574,72,0,0
rx,405,3,1,1,1787954325362291575,1787954325361344446,5902447099574,0,0,0,0
tx,405,3,1,1,1787954325362299853,1787954325361344446,5902447108092,5902447142703,72,0,0
rx,406,4,1,1,1787954325376535761,1787954325376338816,5902461343759,0,0,0,0
tx,406,4,1,1,1787954325376544520,1787954325376338816,5902461352907,5902461388055,72,0,0
rx,407,5,1,1,1787954325391827964,1787954325391333501,5902476635981,0,0,0,0
tx,407,5,1,1,1787954325391836279,1787954325391333501,5902476644537,5902476676389,72,0,0
rx,408,6,1,1,1787954325407067094,1787954325406326316,5902491875092,0,0,0,0
tx,408,6,1,1,1787954325407075020,1787954325406326316,5902491883389,5902491912222,72,0,0
rx,409,7,1,1,1787954325422316446,1787954325421344094,5902507124463,0,0,0,0
tx,409,7,1,1,1787954325422324927,1787954325421344094,5902507133277,5902507167463,72,0,0
rx,410,8,1,1,1787954325436521835,1787954325436330779,5902521329833,0,0,0,0
tx,410,8,1,1,1787954325436529909,1787954325436330779,5902521338240,5902521369481,72,0,0
rx,411,9,1,1,1787954325451754557,1787954325451334631,5902536562555,0,0,0,0
tx,411,9,1,1,1787954325451762483,1787954325451334631,5902536570722,5902536601740,72,0,0
rx,412,10,1,1,1787954325466996983,1787954325466334409,5902551805000,0,0,0,0
tx,412,10,1,1,1787954325467005335,1787954325466334409,5902551813703,5902551847463,72,0,0
rx,413,11,1,1,1787954325482346890,1787954325481342038,5902567154907,0,0,0,0
tx,413,11,1,1,1787954325482355464,1787954325481342038,5902567163851,5902567198851,72,0,0
rx,414,12,1,1,1787954325496529372,1787954325496336575,5902581337370,0,0,0,0
tx,414,12,1,1,1787954325496537353,1787954325496336575,5902581345722,5902581377518,72,0,0
rx,415,13,1,1,1787954325511775057,1787954325511333260,5902596583055,0,0,0,0
tx,415,13,1,1,1787954325511783131,1787954325511333260,5902596591388,5902596620611,72,0,0
rx,416,14,1,1,1787954325527037186,1787954325526346242,5902611845203,0,0,0,0
tx,416,14,1,1,1787954325527045946,1787954325526346242,5902611854314,5902611890574,72,0,0
rx,417,15,1,1,1787954325542349853,1787954325541316149,5902627157870,0,0,0,0
tx,417,15,1,1,1787954325542361464,1787954325541316149,5902627169722,5902627200629,72,0,0
rx,418,16,1,1,1787954325556515686,1787954325556330668,5902641323703,0,0,0,0
tx,418,16,1,1,1787954325556523835,1787954325556330668,5902641332092,5902641361870,72,0,0
rx,419,17,1,1,1787954325571778186,1787954325571362872,5902656586203,0,0,0,0
tx,419,17,1,1,1787954325571787057,1787954325571362872,5902656595296,5902656635314,72,0,0
rx,420,18,1,1,1787954325587071779,1787954325586333946,5902671879777,0,0,0,0
tx,420,18,1,1,1787954325587079983,1787954325586333946,5902671888222,5902671918240,72,0,0
rx,421,19,1,1,1787954325602356279,1787954325601320260,5902687164296,0,0,0,0
tx,421,19,1,1,1787954325602364538,1787954325601320260,5902687172814,5902687202888,72,0,0
rx,422,20,1,1,1787954325616586557,1787954325616351001,5902701394555,0,0,0,0
tx,422,20,1,1,1787954325616595223,1787954325616351001,5902701403537,5902701442666,72,0,0
rx,423,21,1,1,1787954325631892575,1787954325631334964,5902716700592,0,0,0,0
tx,423,21,1,1,1787954325631900723,1787954325631334964,5902716709074,5902716738925,72,0,0
rx,424,22,1,1,1787954325647128705,1787954325646339223,5902731936703,0,0,0,0
tx,424,22,1,1,1787954325647140871,1787954325646339223,5902731949129,5902731978685,72,0,0
rx,425,23,1,1,1787954325661518816,1787954325661346983,5902746326814,0,0,0,0
tx,425,23,1,1,1787954325661527427,1787954325661346983,5902746335685,5902746367462,72,0,0
rx,426,24,1,1,1787954325676776371,1787954325676344334,5902761584388,0,0,0,0
tx,426,24,1,1,1787954325676785112,1787954325676344334,5902761593351,5902761630592,72,0,0
rx,427,25,1,1,1787954325692051094,1787954325691332353,5902776859111,0,0,0,0
tx,427,25,1,1,1787954325692059334,1787954325691332353,5902776867592,5902776897740,72,0,0
rx,428,26,1,1,1787954325707292520,1787954325706328871,5902792100518,0,0,0,0
tx,428,26,1,1,1787954325707300390,1787954325706328871,5902792108629,5902792138648,72,0,0
rx,429,27,1,1,1787954325721567075,1787954325721352297,5902806375074,0,0,0,0
tx,429,27,1,1,1787954325721575816,1787954325721352297,5902806384185,5902806421536,72,0,0
rx,430,28,1,1,1787954325736859334,1787954325736331297,5902821667351,0,0,0,0
tx,430,28,1,1,1787954325736866964,1787954325736331297,5902821675203,5902821706129,72,0,0
rx,431,29,1,1,1787954325752104075,1787954325751328853,5902836912092,0,0,0,0
tx,431,29,1,1,1787954325752112075,1787954325751328853,5902836920333,5902836952499,72,0,0
rx,432,30,1,1,1787954325767357927,1787954325766329408,5902852165944,0,0,0,0
tx,432,30,1,1,1787954325767371223,1787954325766329408,5902852179462,5902852214407,72,0,0
rx,433,31,1,1,1787954325781560779,1787954325781346390,5902866368777,0,0,0,0
tx,433,31,1,1,1787954325781569149,1787954325781346390,5902866377388,5902866411888,72,0,0
rx,434,32,1,1,1787954325796843853,1787954325796332131,5902881651870,0,0,0,0
tx,434,32,1,1,1787954325796852168,1787954325796332131,5902881660425,5902881691685,72,0,0
rx,435,33,1,1,1787954325812080594,1787954325811329390,5902896888592,0,0,0,0
tx,435,33,1,1,1787954325812088557,1787954325811329390,5902896896814,5902896926611,72,0,0
rx,436,34,1,1,1787954325826475945,1787954325826299964,5902911283962,0,0,0,0
tx,436,34,1,1,1787954325826483964,1787954325826299964,5902911292333,5902911326648,72,0,0
rx,437,35,1,1,1787954325841737686,1787954325841329038,5902926545685,0,0,0,0
tx,437,35,1,1,1787954325841745816,1787954325841329038,5902926554055,5902926584536,72,0,0
rx,438,36,1,1,1787954325856995205,1787954325856337501,5902941803203,0,0,0,0
tx,438,36,1,1,1787954325857004612,1787954325856337501,5902941812999,5902941853370,72,0,0
rx,439,37,1,1,1787954325872310131,1787954325871373557,5902957118148,0,0,0,0
tx,439,37,1,1,1787954325872322927,1787954325871373557,5902957131277,5902957168592,72,0,0
rx,440,38,1,1,1787954325886527871,1787954325886341020,5902971335888,0,0,0,0
tx,440,38,1,1,1787954325886536020,1787954325886341020,5902971344259,5902971385944,72,0,0
rx,441,39,1,1,1787954325901781186,1787954325901331279,5902986589203,0,0,0,0
tx,441,39,1,1,1787954325901789705,1787954325901331279,5902986598092,5902986627685,72,0,0
rx,442,40,1,1,1787954325917057945,1787954325916354131,5903001865962,0,0,0,0
tx,442,40,1,1,1787954325917075038,1787954325916354131,5903001883277,5903001924351,72,0,0
rx,443,41,1,1,1787954325931566168,1787954325931360575,5903016374166,0,0,0,0
tx,443,41,1,1,1787954325931575260,1787954325931360575,5903016383703,5903016421555,72,0,0
rx,444,42,1,1,1787954325946842464,1787954325946338945,5903031650481,0,0,0,0
tx,444,42,1,1,1787954325946850297,1787954325946338945,5903031658685,5903031691147,72,0,0
rx,445,43,1,1,1787954325962113705,1787954325961353890,5903046921722,0,0,0,0
tx,445,43,1,1,1787954325962123260,1787954325961353890,5903046931647,5903046972055,72,0,0
rx,446,44,1,1,1787954325976577982,1787954325976360649,5903061385999,0,0,0,0
tx,446,44,1,1,1787954325976624334,1787954325976360649,5903061432592,5903061466166,72,0,0
rx,447,45,1,1,1787954325991929371,1787954325991336612,5903076737370,0,0,0,0
tx,447,45,1,1,1787954325991937371,1787954325991336612,5903076745629,5903076776499,72,0,0
rx,448,46,1,1,1787954326007167705,1787954326006331316,5903091975722,0,0,0,0
tx,448,46,1,1,1787954326007175742,1787954326006331316,5903091983981,5903092039647,72,0,0
rx,449,47,1,1,1787954326021569945,1787954326021358186,5903106377944,0,0,0,0
tx,449,47,1,1,1787954326021578742,1787954326021358186,5903106387314,5903106426407,72,0,0
rx,450,48,1,1,1787954326036837705,1787954326036332242,5903121645703,0,0,0,0
tx,450,48,1,1,1787954326036845445,1787954326036332242,5903121653703,5903121683703,72,0,0
rx,451,49,1,1,1787954326052094316,1787954326051329242,5903136902333,0,0,0,0
tx,451,49,1,1,1787954326052102575,1787954326051329242,5903136910833,5903136939833,72,0,0
rx,452,50,1,1,1787954326067354927,1787954326066333834,5903152162944,0,0,0,0
tx,452,50,1,1,1787954326067364223,1787954326066333834,5903152172462,5903152211573,72,0,0
rx,453,51,1,1,1787954326081534686,1787954326081335853,5903166342684,0,0,0,0
tx,453,51,1,1,1787954326081546408,1787954326081335853,5903166354666,5903166384388,72,0,0
rx,454,52,1,1,1787954326096802853,1787954326096330019,5903181610870,0,0,0,0
tx,454,52,1,1,1787954326096810686,1787954326096330019,5903181619203,5903181648555,72,0,0
rx,455,53,1,1,1787954326112038927,1787954326111328760,5903196846925,0,0,0,0
tx,455,53,1,1,1787954326112046945,1787954326111328760,5903196855333,5903196886092,72,0,0
rx,456,54,1,1,1787954326127330371,1787954326126342001,5903212138370,0,0,0,0
tx,456,54,1,1,1787954326127339390,1787954326126342001,5903212147833,5903212183999,72,0,0
rx,457,55,1,1,1787954326141502705,1787954326141332186,5903226310703,0,0,0,0
tx,457,55,1,1,1787954326141510649,1787954326141332186,5903226318888,5903226348833,72,0,0
rx,458,56,1,1,1787954326156760982,1787954326156328334,5903241568981,0,0,0,0
tx,458,56,1,1,1787954326156769186,1787954326156328334,5903241577462,5903241608740,72,0,0
rx,459,57,1,1,1787954326172025427,1787954326171342686,5903256833425,0,0,0,0
tx,459,57,1,1,1787954326172034519,1787954326171342686,5903256843018,5903256879981,72,0,0
rx,460,58,1,1,1787954326187314019,1787954326186330390,5903272122018,0,0,0,0
tx,460,58,1,1,1787954326187322260,1787954326186330390,5903272130647,5903272163944,72,0,0
rx,461,59,1,1,1787954326201493482,1787954326201328112,5903286301481,0,0,0,0
tx,461,59,1,1,1787954326201501482,1787954326201328112,5903286309740,5903286340147,72,0,0
rx,462,60,1,1,1787954326216745834,1787954326216351630,5903301553832,0,0,0,0
tx,462,60,1,1,1787954326216754427,1787954326216351630,5903301562795,5903301597351,72,0,0
rx,463,61,1,1,1787954326232010519,1787954326231333316,5903316818536,0,0,0,0
tx,463,61,1,1,1787954326232018130,1787954326231333316,5903316826388,5903316857592,72,0,0
rx,464,62,1,1,1787954326247279612,1787954326246326760,5903332087610,0,0,0,0
tx,464,62,1,1,1787954326247287204,1787954326246326760,5903332095573,5903332126832,72,0,0
rx,465,63,1,1,1787954326261490667,1787954326261328167,5903346298666,0,0,0,0
tx,465,63,1,1,1787954326261498427,1787954326261328167,5903346306684,5903346336221,72,0,0
rx,466,64,1,1,1787954326276757853,1787954326276346501,5903361565851,0,0,0,0
tx,466,64,1,1,1787954326276767445,1787954326276346501,5903361575777,5903361612184,72,0,0
rx,467,65,1,1,1787954326292082260,1787954326291333741,5903376890258,0,0,0,0
tx,467,65,1,1,1787954326292090167,1787954326291333741,5903376898536,5903376929018,72,0,0
rx,468,66,1,1,1787954326307309723,1787954326306327760,5903392117721,0,0,0,0
tx,468,66,1,1,1787954326307321149,1787954326306327760,5903392129407,5903392158573,72,0,0
rx,469,67,1,1,1787954326321565741,1787954326321355501,5903406373740,0,0,0,0
tx,469,67,1,1,1787954326321574575,1787954326321355501,5903406382814,5903406419147,72,0,0
rx,470,68,1,1,1787954326336820204,1787954326336331001,5903421628221,0,0,0,0
tx,470,68,1,1,1787954326336828630,1787954326336331001,5903421636869,5903421667573,72,0,0
rx,471,69,1,1,1787954326352093723,1787954326351330667,5903436901740,0,0,0,0
tx,471,69,1,1,1787954326352101538,1787954326351330667,5903436909795,5903436939388,72,0,0
rx,472,70,1,1,1787954326366517075,1787954326366316278,5903451325073,0,0,0,0
tx,472,70,1,1,1787954326366526112,1787954326366316278,5903451334499,5903451375518,72,0,0
rx,473,71,1,1,1787954326381790390,1787954326381330834,5903466598388,0,0,0,0
tx,473,71,1,1,1787954326381798408,1787954326381330834,5903466606666,5903466638295,72,0,0
rx,474,72,1,1,1787954326397068445,1787954326396331019,5903481876443,0,0,0,0
tx,474,72,1,1,1787954326397076204,1787954326396331019,5903481884481,5903481914629,72,0,0
rx,475,73,1,1,1787954326412349556,1787954326411337908,5903497157573,0,0,0,0
tx,475,73,1,1,1787954326412358353,1787954326411337908,5903497166721,5903497203888,72,0,0
rx,476,74,1,1,1787954326426543297,1787954326426345112,5903511351314,0,0,0,0
tx,476,74,1,1,1787954326426551945,1787954326426345112,5903511360203,5903511392721,72,0,0
rx,477,75,1,1,1787954326441811149,1787954326441350038,5903526619166,0,0,0,0
tx,477,75,1,1,1787954326441819075,1787954326441350038,5903526627314,5903526656999,72,0,0
rx,478,76,1,1,1787954326457049445,1787954326456328890,5903541857462,0,0,0,0
tx,478,76,1,1,1787954326457057593,1787954326456328890,5903541865943,5903541895888,72,0,0
rx,479,77,1,1,1787954326472311964,1787954326471341852,5903557119980,0,0,0,0
tx,479,77,1,1,1787954326472321038,1787954326471341852,5903557129277,5903557164962,72,0,0
rx,480,78,1,1,1787954326486519464,1787954326486330834,5903571327480,0,0,0,0
tx,480,78,1,1,1787954326486527630,1787954326486330834,5903571336018,5903571366740,72,0,0
rx,481,79,1,1,1787954326501797130,1787954326501328741,5903586605147,0,0,0,0
tx,481,79,1,1,1787954326501805056,1787954326501328741,5903586613425,5903586643518,72,0,0
rx,482,80,1,1,1787954326517067352,1787954326516341241,5903601875369,0,0,0,0
tx,482,80,1,1,1787954326517075871,1787954326516341241,5903601884240,5903601920795,72,0,0
rx,483,81,1,1,1787954326532319001,1787954326531332630,5903617126999,0,0,0,0
tx,483,81,1,1,1787954326532330538,1787954326531332630,5903617138777,5903617169555,72,0,0
rx,484,82,1,1,1787954326546502112,1787954326546331186,5903631310129,0,0,0,0
tx,484,82,1,1,1787954326546510093,1787954326546331186,5903631318369,5903631348943,72,0,0
rx,485,83,1,1,1787954326561738556,1787954326561329927,5903646546573,0,0,0,0
tx,485,83,1,1,1787954326561746241,1787954326561329927,5903646554480,5903646583517,72,0,0
rx,486,84,1,1,1787954326577023297,1787954326576349149,5903661831295,0,0,0,0
tx,486,84,1,1,1787954326577032186,1787954326576349149,5903661840425,5903661879740,72,0,0
rx,487,85,1,1,1787954326592321556,1787954326591334982,5903677129573,0,0,0,0
tx,487,85,1,1,1787954326592329315,1787954326591334982,5903677137573,5903677168258,72,0,0
rx,488,86,1,1,1787954326606499001,1787954326606327019,5903691306999,0,0,0,0
tx,488,86,1,1,1787954326606507278,1787954326606327019,5903691315554,5903691345703,72,0,0
rx,489,87,1,1,1787954326621752204,1787954326621337741,5903706560203,0,0,0,0
tx,489,87,1,1,1787954326621760908,1787954326621337741,5903706569277,5903706604462,72,0,0
rx,490,88,1,1,1787954326636998038,1787954326636332408,5903721806054,0,0,0,0
tx,490,88,1,1,1787954326637010464,1787954326636332408,5903721818703,5903721849277,72,0,0
rx,491,89,1,1,1787954326652239297,1787954326651329667,5903737047314,0,0,0,0
tx,491,89,1,1,1787954326652247001,1787954326651329667,5903737055258,5903737085073,72,0,0
rx,492,90,1,1,1787954326666560852,1787954326666346704,5903751368869,0,0,0,0
tx,492,90,1,1,1787954326666569408,1787954326666346704,5903751377851,5903751420129,72,0,0
rx,493,91,1,1,1787954326681846834,1787954326681337241,5903766654832,0,0,0,0
tx,493,91,1,1,1787954326681854649,1787954326681337241,5903766662925,5903766694388,72,0,0
rx,494,92,1,1,1787954326697121575,1787954326696328649,5903781929573,0,0,0,0
tx,494,92,1,1,1787954326697129575,1787954326696328649,5903781937832,5903781967740,72,0,0
rx,495,93,1,1,1787954326712372056,1787954326711356593,5903797180054,0,0,0,0
tx,495,93,1,1,1787954326712380723,1787954326711356593,5903797189091,5903797225851,72,0,0
rx,496,94,1,1,1787954326726554426,1787954326726332667,5903811362443,0,0,0,0
tx,496,94,1,1,1787954326726562149,1787954326726332667,5903811370406,5903811402314,72,0,0
rx,497,95,1,1,1787954326741803723,1787954326741331704,5903826611721,0,0,0,0
tx,497,95,1,1,1787954326741815260,1787954326741331704,5903826623517,5903826653925,72,0,0
rx,498,96,1,1,1787954326757039149,1787954326756331204,5903841847147,0,0,0,0
tx,498,96,1,1,1787954326757046908,1787954326756331204,5903841855166,5903841886351,72,0,0
rx,499,97,1,1,1787954326772331112,1787954326771352649,5903857139110,0,0,0,0
tx,499,97,1,1,1787954326772340075,1787954326771352649,5903857148443,5903857183443,72,0,0
rx,500,98,1,1,1787954326786528149,1787954326786353519,5903871336147,0,0,0,0
tx,500,98,1,1,1787954326786535945,1787954326786353519,5903871344203,5903871374091,72,0,0
rx,501,99,1,1,1787954326801767575,1787954326801329686,5903886575591,0,0,0,0
tx,501,99,1,1,1787954326801775500,1787954326801329686,5903886583758,5903886613832,72,0,0
rx,502,100,1,1,1787954326817021519,1787954326816340649,5903901829536,0,0,0,0
tx,502,100,1,1,1787954326817030204,1787954326816340649,5903901838480,5903901872999,72,0,0
rx,503,101,1,1,1787954326832279686,1787954326831336204,5903917087684,0,0,0,0
tx,503,101,1,1,1787954326832287686,1787954326831336204,5903917095962,5903917126184,72,0,0
rx,504,102,1,1,1787954326846494000,1787954326846327815,5903931302017,0,0,0,0
tx,504,102,1,1,1787954326846505760,1787954326846327815,5903931314017,5903931343202,72,0,0
rx,505,103,1,1,1787954326861763408,1787954326861385445,5903946571406,0,0,0,0
tx,505,103,1,1,1787954326861772352,1787954326861385445,5903946580740,5903946619573,72,0,0
rx,506,104,1,1,1787954326877055537,1787954326876353371,5903961863536,0,0,0,0
tx,506,104,1,1,1787954326877064649,1787954326876353371,5903961873017,5903961908295,72,0,0
rx,507,105,1,1,1787954326892359334,1787954326891322723,5903977167332,0,0,0,0
tx,507,105,1,1,1787954326892367686,1787954326891322723,5903977175943,5903977209462,72,0,0
rx,508,106,1,1,1787954326906543463,1787954326906327167,5903991351462,0,0,0,0
tx,508,106,1,1,1787954326906551778,1787954326906327167,5903991360017,5903991389517,72,0,0
rx,509,107,1,1,1787954326921798667,1787954326921344130,5904006606665,0,0,0,0
tx,509,107,1,1,1787954326921807741,1787954326921344130,5904006616147,5904006654351,72,0,0
rx,510,108,1,1,1787954326937066149,1787954326936329408,5904021874165,0,0,0,0
tx,510,108,1,1,1787954326937073686,1787954326936329408,5904021881943,5904021912054,72,0,0
rx,511,109,1,1,1787954326952314852,1787954326951332760,5904037122869,0,0,0,0
tx,511,109,1,1,1787954326952323241,1787954326951332760,5904037131480,5904037162573,72,0,0
rx,512,110,1,1,1787954326966625408,1787954326966357482,5904051433425,0,0,0,0
tx,512,110,1,1,1787954326966638611,1787954326966357482,5904051446869,5904051510647,72,0,0
rx,513,111,1,1,1787954326981943667,1787954326981340945,5904066751665,0,0,0,0
tx,513,111,1,1,1787954326981952556,1787954326981340945,5904066761054,5904066794147,72,0,0
rx,514,112,1,1,1787954326998015019,1787954326996395574,5904082823017,0,0,0,0
tx,514,112,1,1,1787954326998025352,1787954326996395574,5904082833610,5904082888851,72,0,0
rx,515,113,1,1,1787954327012349723,1787954327011386037,5904097157721,0,0,0,0
tx,515,113,1,1,1787954327012359185,1787954327011386037,5904097167425,5904097212462,72,0,0
rx,516,114,1,1,1787954327026579704,1787954327026348908,5904111387702,0,0,0,0
tx,516,114,1,1,1787954327026587611,1787954327026348908,5904111395851,5904111431480,72,0,0
rx,517,115,1,1,1787954327041854741,1787954327041336611,5904126662739,0,0,0,0
tx,517,115,1,1,1787954327041862648,1787954327041336611,5904126670906,5904126703239,72,0,0
rx,518,116,1,1,1787954327057158204,1787954327056369482,5904141966221,0,0,0,0
tx,518,116,1,1,1787954327057167389,1787954327056369482,5904141975758,5904142017184,72,0,0
rx,519,117,1,1,1787954327071573908,1787954327071364760,5904156381925,0,0,0,0
tx,519,117,1,1,1787954327071586408,1787954327071364760,5904156394888,5904156429721,72,0,0
rx,520,118,1,1,1787954327086833352,1787954327086329704,5904171641369,0,0,0,0
tx,520,118,1,1,1787954327086841037,1787954327086329704,5904171649295,5904171678332,72,0,0
rx,521,119,1,1,1787954327102193056,1787954327101335278,5904187001073,0,0,0,0
tx,521,119,1,1,1787954327102201426,1787954327101335278,5904187010017,5904187041165,72,0,0
rx,522,120,1,1,1787954327116568815,1787954327116373611,5904201376813,0,0,0,0
tx,522,120,1,1,1787954327116577241,1787954327116373611,5904201385610,5904201423999,72,0,0
rx,523,121,1,1,1787954327131831778,1787954327131336000,5904216639776,0,0,0,0
tx,523,121,1,1,1787954327131839982,1787954327131336000,5904216648221,5904216677591,72,0,0
rx,524,122,1,1,1787954327147069852,1787954327146325537,5904231877850,0,0,0,0
tx,524,122,1,1,1787954327147077537,1787954327146325537,5904231885795,5904231914517,72,0,0
rx,525,123,1,1,1787954327162319056,1787954327161349593,5904247127054,0,0,0,0
tx,525,123,1,1,1787954327162327945,1787954327161349593,5904247136202,5904247172850,72,0,0
rx,526,124,1,1,1787954327176546963,1787954327176338334,5904261354980,0,0,0,0
tx,526,124,1,1,1787954327176559019,1787954327176338334,5904261367369,5904261400684,72,0,0
rx,527,125,1,1,1787954327191824759,1787954327191332167,5904276632776,0,0,0,0
tx,527,125,1,1,1787954327191833037,1787954327191332167,5904276641406,5904276670850,72,0,0
rx,528,126,1,1,1787954327207061000,1787954327206324630,5904291868999,0,0,0,0
tx,528,126,1,1,1787954327207068852,1787954327206324630,5904291877239,5904291905165,72,0,0
rx,529,127,1,1,1787954327222303537,1787954327221339796,5904307111536,0,0,0,0
tx,529,127,1,1,1787954327222312056,1787954327221339796,5904307120313,5904307155221,72,0,0
rx,530,128,1,1,1787954327236502556,1787954327236331315,5904321310573,0,0,0,0
tx,530,128,1,1,1787954327236510796,1787954327236331315,5904321319369,5904321350517,72,0,0
rx,531,129,1,1,1787954327251749945,1787954327251326204,5904336557943,0,0,0,0
tx,531,129,1,1,1787954327251757574,1787954327251326204,5904336566091,5904336595073,72,0,0
rx,532,130,1,1,1787954327266996926,1787954327266338889,5904351804943,0,0,0,0
tx,532,130,1,1,1787954327267005371,1787954327266338889,5904351813628,5904351849332,72,0,0
rx,533,131,1,1,1787954327282314593,1787954327281341722,5904367122591,0,0,0,0
tx,533,131,1,1,1787954327282323093,1787954327281341722,5904367131443,5904367165684,72,0,0
rx,534,132,1,1,1787954327296501111,1787954327296330871,5904381309128,0,0,0,0
tx,534,132,1,1,1787954327296508685,1787954327296330871,5904381316943,5904381345832,72,0,0
rx,535,133,1,1,1787954327311752037,1787954327311356685,5904396560054,0,0,0,0
tx,535,133,1,1,1787954327311760926,1787954327311356685,5904396569295,5904396604758,72,0,0
rx,536,134,1,1,1787954327327006982,1787954327326339389,5904411814980,0,0,0,0
tx,536,134,1,1,1787954327327015278,1787954327326339389,5904411823554,5904411855054,72,0,0
rx,537,135,1,1,1787954327342249741,1787954327341325241,5904427057739,0,0,0,0
tx,537,135,1,1,1787954327342257482,1787954327341325241,5904427065739,5904427095480,72,0,0
rx,538,136,1,1,1787954327356544185,1787954327356347500,5904441352184,0,0,0,0
tx,538,136,1,1,1787954327356552500,1787954327356347500,5904441360758,5904441398387,72,0,0
rx,539,137,1,1,1787954327371812630,1787954327371345315,5904456620628,0,0,0,0
tx,539,137,1,1,1787954327371821278,1787954327371345315,5904456629554,5904456664739,72,0,0
rx,540,138,1,1,1787954327387064019,1787954327386328593,5904471872017,0,0,0,0
tx,540,138,1,1,1787954327387071982,1787954327386328593,5904471880313,5904471910369,72,0,0
rx,541,139,1,1,1787954327402297389,1787954327401337519,5904487105387,0,0,0,0
tx,541,139,1,1,1787954327402308870,1787954327401337519,5904487117110,5904487147924,72,0,0
rx,542,140,1,1,1787954327416599500,1787954327416371093,5904501407498,0,0,0,0
tx,542,140,1,1,1787954327416608519,1787954327416371093,5904501416795,5904501453332,72,0,0
rx,543,141,1,1,1787954327431892278,1787954327431335148,5904516700295,0,0,0,0
tx,543,141,1,1,1787954327431899833,1787954327431335148,5904516708091,5904516739573,72,0,0
rx,544,142,1,1,1787954327447140296,1787954327446328000,5904531948295,0,0,0,0
tx,544,142,1,1,1787954327447147926,1787954327446328000,5904531956202,5904531984943,72,0,0
rx,545,143,1,1,1787954327461562333,1787954327461358352,5904546370350,0,0,0,0
tx,545,143,1,1,1787954327461570796,1787954327461358352,5904546379147,5904546417924,72,0,0
rx,546,144,1,1,1787954327476829648,1787954327476339185,5904561637647,0,0,0,0
tx,546,144,1,1,1787954327476838019,1787954327476339185,5904561646387,5904561679647,72,0,0
rx,547,145,1,1,1787954327492089130,1787954327491333482,5904576897147,0,0,0,0
tx,547,145,1,1,1787954327492096889,1787954327491333482,5904576905258,5904576937128,72,0,0
rx,548,146,1,1,1787954327507350426,1787954327506347704,5904592158443,0,0,0,0
tx,548,146,1,1,1787954327507359482,1787954327506347704,5904592167850,5904592204647,72,0,0
rx,549,147,1,1,1787954327521561981,1787954327521341074,5904606369980,0,0,0,0
tx,549,147,1,1,1787954327521570630,1787954327521341074,5904606379035,5904606411702,72,0,0
rx,550,148,1,1,1787954327536833519,1787954327536381204,5904621641535,0,0,0,0
tx,550,148,1,1,1787954327536841352,1787954327536381204,5904621649739,5904621679313,72,0,0
rx,551,149,1,1,1787954327552072333,1787954327551328574,5904636880350,0,0,0,0
tx,551,149,1,1,1787954327552080352,1787954327551328574,5904636888609,5904636918072,72,0,0
rx,552,150,1,1,1787954327567371519,1787954327566344481,5904652179517,0,0,0,0
tx,552,150,1,1,1787954327567380370,1787954327566344481,5904652188628,5904652222609,72,0,0
rx,553,151,1,1,1787954327581556815,1787954327581337963,5904666364813,0,0,0,0
tx,553,151,1,1,1787954327581565426,1787954327581337963,5904666373684,5904666406665,72,0,0
rx,554,152,1,1,1787954327596835463,1787954327596328018,5904681643480,0,0,0,0
tx,554,152,1,1,1787954327596843185,1787954327596328018,5904681651572,5904681681535,72,0,0
rx,555,153,1,1,1787954327612103611,1787954327611348093,5904696911628,0,0,0,0
tx,555,153,1,1,1787954327612112481,1787954327611348093,5904696920869,5904696958498,72,0,0
rx,556,154,1,1,1787954327626498667,1787954327626335018,5904711306665,0,0,0,0
tx,556,154,1,1,1787954327626507018,1787954327626335018,5904711315276,5904711346961,72,0,0
rx,557,155,1,1,1787954327641744870,1787954327641328222,5904726552869,0,0,0,0
tx,557,155,1,1,1787954327641753259,1787954327641328222,5904726561628,5904726592258,72,0,0
rx,558,156,1,1,1787954327656986611,1787954327656328926,5904741794609,0,0,0,0
tx,558,156,1,1,1787954327656994259,1787954327656328926,5904741802517,5904741832109,72,0,0
rx,559,157,1,1,1787954327672236833,1787954327671351500,5904757044832,0,0,0,0
tx,559,157,1,1,1787954327672246185,1787954327671351500,5904757054683,5904757092443,72,0,0
rx,560,158,1,1,1787954327686497667,1787954327686329444,5904771305683,0,0,0,0
tx,560,158,1,1,1787954327686505426,1787954327686329444,5904771313813,5904771343128,72,0,0
rx,561,159,1,1,1787954327701770352,1787954327701329315,5904786578350,0,0,0,0
tx,561,159,1,1,1787954327701778333,1787954327701329315,5904786586591,5904786617109,72,0,0
rx,562,160,1,1,1787954327717039315,1787954327716341222,5904801847332,0,0,0,0
tx,562,160,1,1,1787954327717047889,1787954327716341222,5904801856128,5904801891202,72,0,0
rx,563,161,1,1,1787954327732331592,1787954327731350444,5904817139609,0,0,0,0
tx,563,161,1,1,1787954327732343611,1787954327731350444,5904817151980,5904817185035,72,0,0
rx,564,162,1,1,1787954327746499000,1787954327746332333,5904831307017,0,0,0,0
tx,564,162,1,1,1787954327746507000,1787954327746332333,5904831315258,5904831344813,72,0,0
rx,565,163,1,1,1787954327761747129,1787954327761362370,5904846555128,0,0,0,0
tx,565,163,1,1,1787954327761756092,1787954327761362370,5904846564350,5904846602202,72,0,0
rx,566,164,1,1,1787954327777006833,1787954327776338278,5904861814850,0,0,0,0
tx,566,164,1,1,1787954327777015055,1787954327776338278,5904861823295,5904861856257,72,0,0
rx,567,165,1,1,1787954327792309333,1787954327791329500,5904877117332,0,0,0,0
tx,567,165,1,1,1787954327792317352,1787954327791329500,5904877125720,5904877155980,72,0,0
rx,568,166,1,1,1787954327806558481,1787954327806349259,5904891366480,0,0,0,0
tx,568,166,1,1,1787954327806567611,1787954327806349259,5904891375869,5904891412332,72,0,0
rx,569,167,1,1,1787954327821814000,1787954327821332481,5904906621998,0,0,0,0
tx,569,167,1,1,1787954327821822166,1787954327821332481,5904906630535,5904906660943,72,0,0
rx,570,168,1,1,1787954327837045852,1787954327836327500,5904921853869,0,0,0,0
tx,570,168,1,1,1787954327837057241,1787954327836327500,5904921865498,5904921894406,72,0,0
rx,571,169,1,1,1787954327852279389,1787954327851327185,5904937087406,0,0,0,0
tx,571,169,1,1,1787954327852291444,1787954327851327185,5904937099702,5904937130961,72,0,0
rx,572,170,1,1,1787954327866578426,1787954327866357278,5904951386443,0,0,0,0
tx,572,170,1,1,1787954327866587352,1787954327866357278,5904951395739,5904951435850,72,0,0
rx,573,171,1,1,1787954327881854703,1787954327881345055,5904966662720,0,0,0,0
tx,573,171,1,1,1787954327881863500,1787954327881345055,5904966671739,5904966708276,72,0,0
rx,574,172,1,1,1787954327897145944,1787954327896330759,5904981953961,0,0,0,0
tx,574,172,1,1,1787954327897153611,1787954327896330759,5904981961869,5904981993665,72,0,0
rx,575,173,1,1,1787954327911530537,1787954327911350315,5904996338535,0,0,0,0
tx,575,173,1,1,1787954327911538889,1787954327911350315,5904996347146,5904996382869,72,0,0
rx,576,174,1,1,1787954327926837407,1787954327926339037,5905011645406,0,0,0,0
tx,576,174,1,1,1787954327926845574,1787954327926339037,5905011653943,5905011686720,72,0,0
rx,577,175,1,1,1787954327942110611,1787954327941329315,5905026918609,0,0,0,0
tx,577,175,1,1,1787954327942118611,1787954327941329315,5905026926850,5905026956887,72,0,0
rx,578,176,1,1,1787954327957364352,1787954327956319926,5905042172350,0,0,0,0
tx,578,176,1,1,1787954327957377629,1787954327956319926,5905042185943,5905042221443,72,0,0
rx,579,177,1,1,1787954327971552740,1787954327971345537,5905056360757,0,0,0,0
tx,579,177,1,1,1787954327971561555,1787954327971345537,5905056369961,5905056409776,72,0,0
rx,580,178,1,1,1787954327986822555,1787954327986338574,5905071630572,0,0,0,0
tx,580,178,1,1,1787954327986831203,1787954327986338574,5905071639461,5905071672943,72,0,0
rx,581,179,1,1,1787954328002081000,1787954328001330870,5905086889017,0,0,0,0
tx,581,179,1,1,1787954328002088907,1787954328001330870,5905086897146,5905086928702,72,0,0
rx,582,180,1,1,1787954328017329685,1787954328016338889,5905102137702,0,0,0,0
tx,582,180,1,1,1787954328017338518,1787954328016338889,5905102146887,5905102180387,72,0,0
rx,583,181,1,1,1787954328031504500,1787954328031332426,5905116312498,0,0,0,0
tx,583,181,1,1,1787954328031512722,1787954328031332426,5905116320961,5905116352702,72,0,0
rx,584,182,1,1,1787954328046743703,1787954328046327352,5905131551720,0,0,0,0
tx,584,182,1,1,1787954328046751333,1787954328046327352,5905131559591,5905131589350,72,0,0
rx,585,183,1,1,1787954328062023685,1787954328061355870,5905146831683,0,0,0,0
tx,585,183,1,1,1787954328062036203,1787954328061355870,5905146844443,5905146879572,72,0,0
rx,586,184,1,1,1787954328077292722,1787954328076346426,5905162100720,0,0,0,0
tx,586,184,1,1,1787954328077301777,1787954328076346426,5905162110035,5905162145739,72,0,0
rx,587,185,1,1,1787954328091581037,1787954328091335981,5905176389054,0,0,0,0
tx,587,185,1,1,1787954328091588759,1787954328091335981,5905176397017,5905176430591,72,0,0
rx,588,186,1,1,1787954328106962389,1787954328106364537,5905191770387,0,0,0,0
tx,588,186,1,1,1787954328106970926,1787954328106364537,5905191779294,5905191820942,72,0,0
rx,589,187,1,1,1787954328122280333,1787954328121340759,5905207088331,0,0,0,0
tx,589,187,1,1,1787954328122289018,1787954328121340759,5905207097276,5905207130017,72,0,0
rx,590,188,1,1,1787954328136682129,1787954328136338666,5905221490128,0,0,0,0
tx,590,188,1,1,1787954328136689926,1787954328136338666,5905221498183,5905221530091,72,0,0
rx,591,189,1,1,1787954328151981463,1787954328151364870,5905236789461,0,0,0,0
tx,591,189,1,1,1787954328151990370,1787954328151364870,5905236798628,5905236839350,72,0,0
rx,592,190,1,1,1787954328167335111,1787954328166351518,5905252143109,0,0,0,0
tx,592,190,1,1,1787954328167343537,1787954328166351518,5905252151794,5905252183628,72,0,0
rx,593,191,1,1,1787954328181731074,1787954328181351000,5905266539072,0,0,0,0
tx,593,191,1,1,1787954328181739296,1787954328181351000,5905266547572,5905266581498,72,0,0
rx,594,192,1,1,1787954328197047592,1787954328196340426,5905281855591,0,0,0,0
tx,594,192,1,1,1787954328197055555,1787954328196340426,5905281863924,5905281897183,72,0,0
rx,595,193,1,1,1787954328211509407,1787954328211319351,5905296317424,0,0,0,0
tx,595,193,1,1,1787954328211518148,1787954328211319351,5905296326405,5905296363609,72,0,0
rx,596,194,1,1,1787954328226822777,1787954328226341907,5905311630776,0,0,0,0
tx,596,194,1,1,1787954328226830574,1787954328226341907,5905311638813,5905311671257,72,0,0
rx,597,195,1,1,1787954328242110037,1787954328241335000,5905326918035,0,0,0,0
tx,597,195,1,1,1787954328242118277,1787954328241335000,5905326926535,5905326958072,72,0,0
rx,598,196,1,1,1787954328256587592,1787954328256377722,5905341395609,0,0,0,0
tx,598,196,1,1,1787954328256595759,1787954328256377722,5905341404053,5905341442091,72,0,0
rx,599,197,1,1,1787954328271974981,1787954328271347574,5905356782998,0,0,0,0
tx,599,197,1,1,1787954328271982759,1787954328271347574,5905356791016,5905356824942,72,0,0
rx,600,198,1,1,1787954328287248814,1787954328286351444,5905372056813,0,0,0,0
tx,600,198,1,1,1787954328287261500,1787954328286351444,5905372069757,5905372104813,72,0,0
rx,601,199,1,1,1787954328301682481,1787954328301339148,5905386490498,0,0,0,0
tx,601,199,1,1,1787954328301690555,1787954328301339148,5905386498813,5905386530831,72,0,0
rx,602,200,1,1,1787954328317015240,1787954328316353629,5905401823257,0,0,0,0
tx,602,200,1,1,1787954328317024277,1787954328316353629,5905401832516,5905401869405,72,0,0
rx,603,0,1,1,1787954328331514166,1787954328331340537,5905416322165,0,0,0,0
tx,603,0,1,1,1787954328331521981,1787954328331340537,5905416330257,5905416361739,72,0,0
rx,604,1,1,1,1787954328346812351,1787954328346337425,5905431620350,0,0,0,0
tx,604,1,1,1,1787954328346820555,1787954328346337425,5905431628813,5905431660368,72,0,0
rx,605,2,1,1,1787954328362159444,1787954328361352518,5905446967442,0,0,0,0
tx,605,2,1,1,1787954328362168018,1787954328361352518,5905446976276,5905447012553,72,0,0
rx,606,3,1,1,1787954328376546407,1787954328376360981,5905461354405,0,0,0,0
tx,606,3,1,1,1787954328376559092,1787954328376360981,5905461367331,5905461402146,72,0,0
rx,607,4,1,1,1787954328391838703,1787954328391339629,5905476646702,0,0,0,0
tx,607,4,1,1,1787954328391850537,1787954328391339629,5905476658794,5905476691942,72,0,0
rx,608,5,1,1,1787954328407117055,1787954328406362981,5905491925053,0,0,0,0
tx,608,5,1,1,1787954328407125537,1787954328406362981,5905491933794,5905491971553,72,0,0
rx,609,6,1,1,1787954328421548333,1787954328421352240,5905506356350,0,0,0,0
tx,609,6,1,1,1787954328421555944,1787954328421352240,5905506364183,5905506397331,72,0,0
rx,610,7,1,1,1787954328436851740,1787954328436340851,5905521659739,0,0,0,0
tx,610,7,1,1,1787954328436859611,1787954328436340851,5905521667850,5905521701387,72,0,0
rx,611,8,1,1,1787954328452162999,1787954328451366611,5905536971016,0,0,0,0
tx,611,8,1,1,1787954328452171851,1787954328451366611,5905536980220,5905537020664,72,0,0
rx,612,9,1,1,1787954328466515722,1787954328466341055,5905551323739,0,0,0,0
tx,612,9,1,1,1787954328466523629,1787954328466341055,5905551331979,5905551362868,72,0,0
rx,613,10,1,1,1787954328481810759,1787954328481349944,5905566618776,0,0,0,0
tx,613,10,1,1,1787954328481818962,1787954328481349944,5905566627220,5905566662183,72,0,0
rx,614,11,1,1,1787954328497115536,1787954328496367666,5905581923553,0,0,0,0
tx,614,11,1,1,1787954328497127944,1787954328496367666,5905581936202,5905581969535,72,0,0
rx,615,12,1,1,1787954328511588555,1787954328511378018,5905596396553,0,0,0,0
tx,615,12,1,1,1787954328511597203,1787954328511378018,5905596405479,5905596441627,72,0,0
rx,616,13,1,1,1787954328526986203,1787954328526342555,5905611794201,0,0,0,0
tx,616,13,1,1,1787954328526994573,1787954328526342555,5905611802831,5905611837257,72,0,0
rx,617,14,1,1,1787954328542274962,1787954328541337129,5905627082961,0,0,0,0
tx,617,14,1,1,1787954328542283036,1787954328541337129,5905627091405,5905627123868,72,0,0
rx,618,15,1,1,1787954328556772111,1787954328556364462,5905641580109,0,0,0,0
tx,618,15,1,1,1787954328556780277,1787954328556364462,5905641588535,5905641628072,72,0,0
rx,619,16,1,1,1787954328572099907,1787954328571341851,5905656907905,0,0,0,0
tx,619,16,1,1,1787954328572107648,1787954328571341851,5905656915905,5905656949942,72,0,0
rx,620,17,1,1,1787954328586516499,1787954328586343148,5905671324498,0,0,0,0
tx,620,17,1,1,1787954328586524777,1787954328586343148,5905671333035,5905671366238,72,0,0
rx,621,18,1,1,1787954328601807703,1787954328601370370,5905686615720,0,0,0,0
tx,621,18,1,1,1787954328601821351,1787954328601370370,5905686629701,5905686669405,72,0,0
rx,622,19,1,1,1787954328617101573,1787954328616350036,5905701909590,0,0,0,0
tx,622,19,1,1,1787954328617113648,1787954328616350036,5905701921905,5905701954831,72,0,0
rx,623,20,1,1,1787954328631487833,1787954328631321222,5905716295831,0,0,0,0
tx,623,20,1,1,1787954328631495444,1787954328631321222,5905716303701,5905716334127,72,0,0
rx,624,21,1,1,1787954328646761999,1787954328646334666,5905731569998,0,0,0,0
tx,624,21,1,1,1787954328646770703,1787954328646334666,5905731579090,5905731611109,72,0,0
rx,625,22,1,1,1787954328662077055,1787954328661357536,5905746885053,0,0,0,0
tx,625,22,1,1,1787954328662085647,1787954328661357536,5905746893905,5905746933090,72,0,0
rx,626,23,1,1,1787954328676554407,1787954328676362796,5905761362424,0,0,0,0
tx,626,23,1,1,1787954328676562888,1787954328676362796,5905761371127,5905761408590,72,0,0
rx,627,24,1,1,1787954328691860870,1787954328691345981,5905776668887,0,0,0,0
tx,627,24,1,1,1787954328691868814,1787954328691345981,5905776677072,5905776709998,72,0,0
rx,628,25,1,1,1787954328707174814,1787954328706354333,5905791982812,0,0,0,0
tx,628,25,1,1,1787954328707183333,1787954328706354333,5905791991609,5905792056998,72,0,0
rx,629,26,1,1,1787954328721527703,1787954328721345092,5905806335720,0,0,0,0
tx,629,26,1,1,1787954328721535647,1787954328721345092,5905806343942,5905806429220,72,0,0
rx,630,27,1,1,1787954328737116518,1787954328736338870,5905821924516,0,0,0,0
tx,630,27,1,1,1787954328737125222,1787954328736338870,5905821933479,5905821967072,72,0,0
rx,631,28,1,1,1787954328751577592,1787954328751371925,5905836385609,0,0,0,0
tx,631,28,1,1,1787954328751585999,1787954328751371925,5905836394294,5905836432998,72,0,0
rx,632,29,1,1,1787954328767038425,1787954328766341518,5905851846424,0,0,0,0
tx,632,29,1,1,1787954328767046703,1787954328766341518,5905851854961,5905851889109,72,0,0
rx,633,30,1,1,1787954328782334462,1787954328781348981,5905867142461,0,0,0,0
tx,633,30,1,1,1787954328782342962,1787954328781348981,5905867151220,5905867187442,72,0,0
rx,634,31,1,1,1787954328796709666,1787954328796338203,5905881517683,0,0,0,0
tx,634,31,1,1,1787954328796717851,1787954328796338203,5905881526109,5905881558461,72,0,0
rx,635,32,1,1,1787954328811988518,1787954328811360184,5905896796516,0,0,0,0
tx,635,32,1,1,1787954328811997277,1787954328811360184,5905896805535,5905896843275,72,0,0
rx,636,33,1,1,1787954328827272333,1787954328826426666,5905912080349,0,0,0,0
tx,636,33,1,1,1787954328827285166,1787954328826426666,5905912093424,5905912127294,72,0,0
rx,637,34,1,1,1787954328841682555,1787954328841339258,5905926490553,0,0,0,0
tx,637,34,1,1,1787954328841690240,1787954328841339258,5905926498516,5905926529609,72,0,0
rx,638,35,1,1,1787954328857058444,1787954328856382703,5905941866461,0,0,0,0
tx,638,35,1,1,1787954328857067481,1787954328856382703,5905941875738,5905941924090,72,0,0
rx,639,36,1,1,1787954328871585703,1787954328871374499,5905956393701,0,0,0,0
tx,639,36,1,1,1787954328871594518,1787954328871374499,5905956402757,5905956440924,72,0,0
rx,640,37,1,1,1787954328886913833,1787954328886353814,5905971721831,0,0,0,0
tx,640,37,1,1,1787954328886922610,1787954328886353814,5905971730868,5905971769053,72,0,0
rx,641,38,1,1,1787954328902295833,1787954328901372314,5905987103831,0,0,0,0
tx,641,38,1,1,1787954328902304258,1787954328901372314,5905987112498,5905987153331,72,0,0
rx,642,39,1,1,1787954328916753166,1787954328916348110,5906001561164,0,0,0,0
tx,642,39,1,1,1787954328916761444,1787954328916348110,5906001569683,5906001603775,72,0,0
rx,643,40,1,1,1787954328932170036,1787954328931349499,5906016978035,0,0,0,0
tx,643,40,1,1,1787954328932178092,1787954328931349499,5906016986368,5906017017831,72,0,0
rx,644,41,1,1,1787954328946522684,1787954328946350221,5906031330683,0,0,0,0
tx,644,41,1,1,1787954328946530703,1787954328946350221,5906031338979,5906031369849,72,0,0
rx,645,42,1,1,1787954328961836832,1787954328961358073,5906046644849,0,0,0,0
tx,645,42,1,1,1787954328961845444,1787954328961358073,5906046653701,5906046692609,72,0,0
rx,646,43,1,1,1787954328977149629,1787954328976358221,5906061957627,0,0,0,0
tx,646,43,1,1,1787954328977158481,1787954328976358221,5906061966849,5906062004257,72,0,0
rx,647,44,1,1,1787954328991676962,1787954328991338758,5906076484979,0,0,0,0
tx,647,44,1,1,1787954328991685166,1787954328991338758,5906076493423,5906076526572,72,0,0
rx,648,45,1,1,1787954329007018018,1787954329006355147,5906091826035,0,0,0,0
tx,648,45,1,1,1787954329007026684,1787954329006355147,5906091835238,5906091872164,72,0,0
rx,649,46,1,1,1787954329021522518,1787954329021354907,5906106330516,0,0,0,0
tx,649,46,1,1,1787954329021530129,1787954329021354907,5906106338368,5906106369294,72,0,0
rx,650,47,1,1,1787954329036812462,1787954329036338684,5906121620460,0,0,0,0
tx,650,47,1,1,1787954329036820240,1787954329036338684,5906121628497,5906121660183,72,0,0
rx,651,48,1,1,1787954329052104203,1787954329051375721,5906136912220,0,0,0,0
tx,651,48,1,1,1787954329052117721,1787954329051375721,5906136925979,5906136964905,72,0,0
rx,652,49,1,1,1787954329067401703,1787954329066371055,5906152209701,0,0,0,0
tx,652,49,1,1,1787954329067409851,1787954329066371055,5906152218090,5906152250220,72,0,0
rx,653,50,1,1,1787954329081732055,1787954329081351925,5906166540072,0,0,0,0
tx,653,50,1,1,1787954329081740462,1787954329081351925,5906166548812,5906166587516,72,0,0
rx,654,51,1,1,1787954329097170740,1787954329096341944,5906181978757,0,0,0,0
tx,654,51,1,1,1787954329097178740,1787954329096341944,5906181986997,5906182020794,72,0,0
rx,655,52,1,1,1787954329111745814,1787954329111357332,5906196553812,0,0,0,0
tx,655,52,1,1,1787954329111754888,1787954329111357332,5906196563146,5906196600757,72,0,0
rx,656,53,1,1,1787954329127087740,1787954329126340240,5906211895757,0,0,0,0
tx,656,53,1,1,1787954329127095925,1787954329126340240,5906211904164,5906211937071,72,0,0
rx,657,54,1,1,1787954329141473721,1787954329141307073,5906226281720,0,0,0,0
tx,657,54,1,1,1787954329141485369,1787954329141307073,5906226293738,5906226323812,72,0,0
rx,658,55,1,1,1787954329156971777,1787954329156587055,5906241779794,0,0,0,0
tx,658,55,1,1,1787954329156984610,1787954329156587055,5906241792849,5906241830201,72,0,0
rx,659,56,1,1,1787954329172262703,1787954329171347221,5906257070701,0,0,0,0
tx,659,56,1,1,1787954329172270684,1787954329171347221,5906257078942,5906257111220,72,0,0
rx,660,57,1,1,1787954329186711888,1787954329186347481,5906271519886,0,0,0,0
tx,660,57,1,1,1787954329186720406,1787954329186347481,5906271528664,5906271564108,72,0,0
rx,661,58,1,1,1787954329202139203,1787954329201366684,5906286947220,0,0,0,0
tx,661,58,1,1,1787954329202147795,1787954329201366684,5906286956053,5906286995664,72,0,0
rx,662,59,1,1,1787954329216510777,1787954329216344925,5906301318775,0,0,0,0
tx,662,59,1,1,1787954329216518258,1787954329216344925,5906301326497,5906301357571,72,0,0
rx,663,60,1,1,1787954329231802332,1787954329231338703,5906316610349,0,0,0,0
tx,663,60,1,1,1787954329231810203,1787954329231338703,5906316618460,5906316652071,72,0,0
rx,664,61,1,1,1787954329247141832,1787954329246361647,5906331949849,0,0,0,0
tx,664,61,1,1,1787954329247150388,1787954329246361647,5906331958627,5906331996220,72,0,0
rx,665,62,1,1,1787954329261675999,1787954329261344092,5906346484016,0,0,0,0
tx,665,62,1,1,1787954329261688073,1787954329261344092,5906346496331,5906346528386,72,0,0
rx,666,63,1,1,1787954329276948851,1787954329276335721,5906361756849,0,0,0,0
tx,666,63,1,1,1787954329276957425,1787954329276335721,5906361765664,5906361800386,72,0,0
rx,667,64,1,1,1787954329292239017,1787954329291350258,5906377047016,0,0,0,0
tx,667,64,1,1,1787954329292247647,1787954329291350258,5906377055905,5906377089997,72,0,0
