event,sequence,counter,valid_self,adopted,realtime_ns,kernel_ns,monotonic_ns,write_end_ns,written,socket_drop_total,trace_record_overflow
rx,1,1,1,1,1787954068388105692,1787954068388001969,5645472913764,0,0,0,0
tx,1,1,1,1,1787954068388112210,1787954068388001969,5645472920394,5645472987079,72,0,0
rx,2,2,1,1,1787954068403168191,1787954068402907914,5645487976245,0,0,0,0
tx,2,2,1,1,1787954068403172395,1787954068402907914,5645487980634,5645487998616,72,0,0
rx,3,3,1,1,1787954068418136691,1787954068417904710,5645502944764,0,0,0,0
tx,3,3,1,1,1787954068418140840,1787954068417904710,5645502949079,5645502966912,72,0,0
rx,4,4,1,1,1787954068433128932,1787954068432904951,5645517936986,0,0,0,0
tx,4,4,1,1,1787954068433133673,1787954068432904951,5645517941912,5645517961264,72,0,0
rx,5,5,1,1,1787954068448110969,1787954068447899266,5645532919042,0,0,0,0
tx,5,5,1,1,1787954068448114710,1787954068447899266,5645532922986,5645532938653,72,0,0
rx,6,6,1,1,1787954068463079840,1787954068462908043,5645547887912,0,0,0,0
tx,6,6,1,1,1787954068463084303,1787954068462908043,5645547892523,5645547911245,72,0,0
rx,7,7,1,1,1787954068478074580,1787954068477916858,5645562882542,0,0,0,0
tx,7,7,1,1,1787954068478079025,1787954068477916858,5645562887208,5645562908690,72,0,0
rx,8,8,1,1,1787954068493064025,1787954068492910266,5645577872097,0,0,0,0
tx,8,8,1,1,1787954068493068099,1787954068492910266,5645577876505,5645577893523,72,0,0
rx,9,9,1,1,1787954068508030099,1787954068507903210,5645592838153,0,0,0,0
tx,9,9,1,1,1787954068508034080,1787954068507903210,5645592842319,5645592856727,72,0,0
rx,10,10,1,1,1787954068522994525,1787954068522903951,5645607802597,0,0,0,0
tx,10,10,1,1,1787954068522998154,1787954068522903951,5645607806393,5645607821616,72,0,0
rx,11,11,1,1,1787954068537970543,1787954068537912673,5645622778616,0,0,0,0
tx,11,11,1,1,1787954068537974432,1787954068537912673,5645622782708,5645622800375,72,0,0
rx,12,12,1,1,1787954068552943191,1787954068552902469,5645637751264,0,0,0,0
tx,12,12,1,1,1787954068552946784,1787954068552902469,5645637755005,5645637770097,72,0,0
rx,13,13,1,1,1787954068568977488,1787954068567907710,5645653785560,0,0,0,0
tx,13,13,1,1,1787954068568981247,1787954068567907710,5645653789486,5645653806856,72,0,0
rx,14,14,1,1,1787954068583961691,1787954068582923377,5645668769745,0,0,0,0
tx,14,14,1,1,1787954068583967895,1787954068582923377,5645668776116,5645668794856,72,0,0
rx,15,15,1,1,1787954068598910617,1787954068597906136,5645683718690,0,0,0,0
tx,15,15,1,1,1787954068598914302,1787954068597906136,5645683722523,5645683737782,72,0,0
rx,16,16,1,1,1787954068613853099,1787954068612903340,5645698661171,0,0,0,0
tx,16,16,1,1,1787954068613856580,1787954068612903340,5645698664819,5645698679986,72,0,0
rx,17,17,1,1,1787954068628851543,1787954068627919414,5645713659616,0,0,0,0
tx,17,17,1,1,1787954068628855802,1787954068627919414,5645713664042,5645713684375,72,0,0
rx,18,18,1,1,1787954068643831710,1787954068642909914,5645728639782,0,0,0,0
tx,18,18,1,1,1787954068643835432,1787954068642909914,5645728643671,5645728660208,72,0,0
rx,19,19,1,1,1787954068658807839,1787954068657903043,5645743615893,0,0,0,0
tx,19,19,1,1,1787954068658811877,1787954068657903043,5645743620116,5645743638893,72,0,0
rx,20,20,1,1,1787954068673800673,1787954068672923377,5645758608727,0,0,0,0
tx,20,20,1,1,1787954068673805321,1787954068672923377,5645758613542,5645758634986,72,0,0
rx,21,21,1,1,1787954068688784117,1787954068687917988,5645773592190,0,0,0,0
tx,21,21,1,1,1787954068688789821,1787954068687917988,5645773598005,5645773614986,72,0,0
rx,22,22,1,1,1787954068703750488,1787954068702902580,5645788558560,0,0,0,0
tx,22,22,1,1,1787954068703754228,1787954068702902580,5645788562412,5645788577079,72,0,0
rx,23,23,1,1,1787954068718718247,1787954068717911747,5645803526319,0,0,0,0
tx,23,23,1,1,1787954068718722414,1787954068717911747,5645803530634,5645803547930,72,0,0
rx,24,24,1,1,1787954068733699617,1787954068732915173,5645818507690,0,0,0,0
tx,24,24,1,1,1787954068733704136,1787954068732915173,5645818512375,5645818531060,72,0,0
rx,25,25,1,1,1787954068748676765,1787954068747907247,5645833484838,0,0,0,0
tx,25,25,1,1,1787954068748680210,1787954068747907247,5645833488430,5645833505004,72,0,0
rx,26,26,1,1,1787954068763642543,1787954068762909025,5645848450597,0,0,0,0
tx,26,26,1,1,1787954068763646914,1787954068762909025,5645848455153,5645848473282,72,0,0
rx,27,27,1,1,1787954068778621562,1787954068777912858,5645863429634,0,0,0,0
tx,27,27,1,1,1787954068778625821,1787954068777912858,5645863434060,5645863452541,72,0,0
rx,28,28,1,1,1787954068793563839,1787954068792903117,5645878371912,0,0,0,0
tx,28,28,1,1,1787954068793569488,1787954068792903117,5645878377671,5645878391690,72,0,0
rx,29,29,1,1,1787954068808507006,1787954068807902210,5645893315079,0,0,0,0
tx,29,29,1,1,1787954068808511636,1787954068807902210,5645893319875,5645893334319,72,0,0
rx,30,30,1,1,1787954068823445228,1787954068822901339,5645908253301,0,0,0,0
tx,30,30,1,1,1787954068823448876,1787954068822901339,5645908257060,5645908272245,72,0,0
rx,31,31,1,1,1787954068838420562,1787954068837911450,5645923228634,0,0,0,0
tx,31,31,1,1,1787954068838424876,1787954068837911450,5645923233060,5645923252041,72,0,0
rx,32,32,1,1,1787954068853363284,1787954068852902821,5645938171338,0,0,0,0
tx,32,32,1,1,1787954068853367339,1787954068852902821,5645938175764,5645938190819,72,0,0
rx,33,33,1,1,1787954068868382654,1787954068867918358,5645953190708,0,0,0,0
tx,33,33,1,1,1787954068868387247,1787954068867918358,5645953195523,5645953216875,72,0,0
rx,34,34,1,1,1787954068883394488,1787954068882916858,5645968202560,0,0,0,0
tx,34,34,1,1,1787954068883398876,1787954068882916858,5645968207097,5645968227690,72,0,0
rx,35,35,1,1,1787954068898369950,1787954068897904376,5645983178023,0,0,0,0
tx,35,35,1,1,1787954068898375413,1787954068897904376,5645983183653,5645983199856,72,0,0
rx,36,36,1,1,1787954068913334543,1787954068912900487,5645998142597,0,0,0,0
tx,36,36,1,1,1787954068913338487,1787954068912900487,5645998146671,5645998161041,72,0,0
rx,37,37,1,1,1787954068928313432,1787954068927921747,5646013121504,0,0,0,0
tx,37,37,1,1,1787954068928317506,1787954068927921747,5646013125690,5646013146745,72,0,0
rx,38,38,1,1,1787954068943254802,1787954068942907580,5646028062875,0,0,0,0
tx,38,38,1,1,1787954068943258358,1787954068942907580,5646028066578,5646028082356,72,0,0
rx,39,39,1,1,1787954068958226728,1787954068957900617,5646043034801,0,0,0,0
tx,39,39,1,1,1787954068958230284,1787954068957900617,5646043038523,5646043053523,72,0,0
rx,40,40,1,1,1787954068973204987,1787954068972927173,5646058013041,0,0,0,0
tx,40,40,1,1,1787954068973209747,1787954068972927173,5646058017930,5646058041597,72,0,0
rx,41,41,1,1,1787954068988189395,1787954068987905024,5646072997467,0,0,0,0
tx,41,41,1,1,1787954068988192987,1787954068987905024,5646073001227,5646073016856,72,0,0
rx,42,42,1,1,1787954069003153024,1787954069002901839,5646087961078,0,0,0,0
tx,42,42,1,1,1787954069003158228,1787954069002901839,5646087966504,5646087981949,72,0,0
rx,43,43,1,1,1787954069018142173,1787954069017903506,5646102950245,0,0,0,0
tx,43,43,1,1,1787954069018146413,1787954069017903506,5646102954634,5646102970208,72,0,0
rx,44,44,1,1,1787954069033116969,1787954069032913247,5646117925041,0,0,0,0
tx,44,44,1,1,1787954069033121006,1787954069032913247,5646117929245,5646117948264,72,0,0
rx,45,45,1,1,1787954069048091117,1787954069047902673,5646132899189,0,0,0,0
tx,45,45,1,1,1787954069048094821,1787954069047902673,5646132903060,5646132918449,72,0,0
rx,46,46,1,1,1787954069063057561,1787954069062910321,5646147865634,0,0,0,0
tx,46,46,1,1,1787954069063061636,1787954069062910321,5646147870097,5646147888727,72,0,0
rx,47,47,1,1,1787954069078039154,1787954069077917839,5646162847226,0,0,0,0
tx,47,47,1,1,1787954069078043154,1787954069077917839,5646162851393,5646162874412,72,0,0
rx,48,48,1,1,1787954069093018839,1787954069092905210,5646177826912,0,0,0,0
tx,48,48,1,1,1787954069093022802,1787954069092905210,5646177830986,5646177849282,72,0,0
rx,49,49,1,1,1787954069108040821,1787954069107903080,5646192848893,0,0,0,0
tx,49,49,1,1,1787954069108045895,1787954069107903080,5646192854115,5646192869764,72,0,0
rx,50,50,1,1,1787954069123004265,1787954069122905228,5646207812338,0,0,0,0
tx,50,50,1,1,1787954069123007969,1787954069122905228,5646207816189,5646207832134,72,0,0
rx,51,51,1,1,1787954069138004802,1787954069137913561,5646222812875,0,0,0,0
tx,51,51,1,1,1787954069138008895,1787954069137913561,5646222817078,5646222835745,72,0,0
rx,52,52,1,1,1787954069152987358,1787954069152910710,5646237795430,0,0,0,0
tx,52,52,1,1,1787954069152991154,1787954069152910710,5646237799393,5646237814671,72,0,0
rx,53,53,1,1,1787954069167926747,1787954069167912469,5646252734819,0,0,0,0
tx,53,53,1,1,1787954069167930802,1787954069167912469,5646252739004,5646252756708,72,0,0
rx,54,54,1,1,1787954069183980395,1787954069182913228,5646268788467,0,0,0,0
tx,54,54,1,1,1787954069183984543,1787954069182913228,5646268792726,5646268813171,72,0,0
rx,55,55,1,1,1787954069197932376,1787954069197906895,5646282740449,0,0,0,0
tx,55,55,1,1,1787954069197935987,1787954069197906895,5646282744226,5646282760115,72,0,0
rx,56,56,1,1,1787954069213971191,1787954069212901117,5646298779245,0,0,0,0
tx,56,56,1,1,1787954069213974802,1787954069212901117,5646298783023,5646298797930,72,0,0
rx,57,57,1,1,1787954069228945339,1787954069227959376,5646313753412,0,0,0,0
tx,57,57,1,1,1787954069228949802,1787954069227959376,5646313757986,5646313777338,72,0,0
rx,58,58,1,1,1787954069243915728,1787954069242903376,5646328723782,0,0,0,0
tx,58,58,1,1,1787954069243919469,1787954069242903376,5646328727726,5646328742300,72,0,0
rx,59,59,1,1,1787954069258878821,1787954069257922395,5646343686893,0,0,0,0
tx,59,59,1,1,1787954069258882450,1787954069257922395,5646343690634,5646343705393,72,0,0
rx,60,60,1,1,1787954069273862654,1787954069272925784,5646358670726,0,0,0,0
tx,60,60,1,1,1787954069273866858,1787954069272925784,5646358675097,5646358697504,72,0,0
rx,61,61,1,1,1787954069288812784,1787954069287904858,5646373620856,0,0,0,0
tx,61,61,1,1,1787954069288816580,1787954069287904858,5646373624819,5646373640393,72,0,0
rx,62,62,1,1,1787954069303777950,1787954069302900969,5646388586004,0,0,0,0
tx,62,62,1,1,1787954069303781654,1787954069302900969,5646388589893,5646388604449,72,0,0
rx,63,63,1,1,1787954069318751487,1787954069317918580,5646403559541,0,0,0,0
tx,63,63,1,1,1787954069318755598,1787954069317918580,5646403563782,5646403584949,72,0,0
rx,64,64,1,1,1787954069333731135,1787954069332904117,5646418539208,0,0,0,0
tx,64,64,1,1,1787954069333734709,1787954069332904117,5646418542949,5646418558356,72,0,0
rx,65,65,1,1,1787954069348714154,1787954069347904135,5646433522226,0,0,0,0
tx,65,65,1,1,1787954069348719395,1787954069347904135,5646433527652,5646433542708,72,0,0
rx,66,66,1,1,1787954069363685395,1787954069362909135,5646448493467,0,0,0,0
tx,66,66,1,1,1787954069363689302,1787954069362909135,5646448497486,5646448514300,72,0,0
rx,67,67,1,1,1787954069378689728,1787954069377936672,5646463497800,0,0,0,0
tx,67,67,1,1,1787954069378693950,1787954069377936672,5646463502189,5646463526504,72,0,0
rx,68,68,1,1,1787954069393674783,1787954069392905506,5646478482856,0,0,0,0
tx,68,68,1,1,1787954069393678635,1787954069392905506,5646478486856,5646478503060,72,0,0
rx,69,69,1,1,1787954069408659932,1787954069407902950,5646493467986,0,0,0,0
tx,69,69,1,1,1787954069408663543,1787954069407902950,5646493471782,5646493487763,72,0,0
rx,70,70,1,1,1787954069423637006,1787954069422921061,5646508445078,0,0,0,0
tx,70,70,1,1,1787954069423641117,1787954069422921061,5646508449300,5646508472504,72,0,0
rx,71,71,1,1,1787954069438623987,1787954069437904672,5646523432041,0,0,0,0
tx,71,71,1,1,1787954069438627728,1787954069437904672,5646523435911,5646523452152,72,0,0
rx,72,72,1,1,1787954069453582691,1787954069452907228,5646538390763,0,0,0,0
tx,72,72,1,1,1787954069453588154,1787954069452907228,5646538396430,5646538411319,72,0,0
rx,73,73,1,1,1787954069468556024,1787954069467909617,5646553364097,0,0,0,0
tx,73,73,1,1,1787954069468560320,1787954069467909617,5646553368560,5646553386393,72,0,0
rx,74,74,1,1,1787954069483513691,1787954069482915635,5646568321763,0,0,0,0
tx,74,74,1,1,1787954069483517580,1787954069482915635,5646568325800,5646568345504,72,0,0
rx,75,75,1,1,1787954069498450598,1787954069497903876,5646583258671,0,0,0,0
tx,75,75,1,1,1787954069498454395,1787954069497903876,5646583262578,5646583278245,72,0,0
rx,76,76,1,1,1787954069513412913,1787954069512901098,5646598220985,0,0,0,0
tx,76,76,1,1,1787954069513416635,1787954069512901098,5646598224874,5646598239560,72,0,0
rx,77,77,1,1,1787954069528658561,1787954069527943969,5646613466578,0,0,0,0
tx,77,77,1,1,1787954069528666357,1787954069527943969,5646613474615,5646613511226,72,0,0
rx,78,78,1,1,1787954069543933857,1787954069542937024,5646628741874,0,0,0,0
tx,78,78,1,1,1787954069543941469,1787954069542937024,5646628749726,5646628780948,72,0,0
rx,79,79,1,1,1787954069558106006,1787954069557941691,5646642914023,0,0,0,0
tx,79,79,1,1,1787954069558116617,1787954069557941691,5646642924856,5646642955467,72,0,0
rx,80,80,1,1,1787954069573403783,1787954069572969098,5646658211763,0,0,0,0
tx,80,80,1,1,1787954069573412728,1787954069572969098,5646658220967,5646658257726,72,0,0
rx,81,81,1,1,1787954069588677135,1787954069587937635,5646673485115,0,0,0,0
tx,81,81,1,1,1787954069588684598,1787954069587937635,5646673492856,5646673522634,72,0,0
rx,82,82,1,1,1787954069603930246,1787954069602934376,5646688738245,0,0,0,0
tx,82,82,1,1,1787954069603937672,1787954069602934376,5646688745930,5646688776078,72,0,0
rx,83,83,1,1,1787954069618116857,1787954069617955524,5646702924856,0,0,0,0
tx,83,83,1,1,1787954069618124654,1787954069617955524,5646702932911,5646702968541,72,0,0
rx,84,84,1,1,1787954069633395783,1787954069632937339,5646718203782,0,0,0,0
tx,84,84,1,1,1787954069633403376,1787954069632937339,5646718211615,5646718241874,72,0,0
rx,85,85,1,1,1787954069648656506,1787954069647946654,5646733464504,0,0,0,0
tx,85,85,1,1,1787954069648663857,1787954069647946654,5646733472208,5646733502671,72,0,0
rx,86,86,1,1,1787954069663976191,1787954069662945302,5646748784208,0,0,0,0
tx,86,86,1,1,1787954069663984154,1787954069662945302,5646748792411,5646748824467,72,0,0
rx,87,87,1,1,1787954069678166783,1787954069677968728,5646762974782,0,0,0,0
tx,87,87,1,1,1787954069678175357,1787954069677968728,5646762983597,5646763020208,72,0,0
rx,88,88,1,1,1787954069693442950,1787954069692943617,5646778250948,0,0,0,0
tx,88,88,1,1,1787954069693450691,1787954069692943617,5646778258948,5646778290189,72,0,0
rx,89,89,1,1,1787954069708701357,1787954069707950117,5646793509337,0,0,0,0
tx,89,89,1,1,1787954069708708746,1787954069707950117,5646793517078,5646793548485,72,0,0
rx,90,90,1,1,1787954069724024117,1787954069722964635,5646808832134,0,0,0,0
tx,90,90,1,1,1787954069724032080,1787954069722964635,5646808840337,5646808877782,72,0,0
rx,91,91,1,1,1787954069738228228,1787954069737946098,5646823036208,0,0,0,0
tx,91,91,1,1,1787954069738235931,1787954069737946098,5646823044171,5646823077282,72,0,0
rx,92,92,1,1,1787954069753491598,1787954069752939876,5646838299615,0,0,0,0
tx,92,92,1,1,1787954069753498987,1787954069752939876,5646838307245,5646838338578,72,0,0
rx,93,93,1,1,1787954069768763561,1787954069767962598,5646853571559,0,0,0,0
tx,93,93,1,1,1787954069768771894,1787954069767962598,5646853580393,5646853617615,72,0,0
rx,94,94,1,1,1787954069784039894,1787954069782948376,5646868847893,0,0,0,0
tx,94,94,1,1,1787954069784051283,1787954069782948376,5646868859596,5646868890004,72,0,0
rx,95,95,1,1,1787954069798225746,1787954069797936931,5646883033726,0,0,0,0
tx,95,95,1,1,1787954069798233505,1787954069797936931,5646883041763,5646883072226,72,0,0
rx,96,96,1,1,1787954069813489931,1787954069812933598,5646898297911,0,0,0,0
tx,96,96,1,1,1787954069813497580,1787954069812933598,5646898305837,5646898335726,72,0,0
rx,97,97,1,1,1787954069828766357,1787954069827948561,5646913574337,0,0,0,0
tx,97,97,1,1,1787954069828774580,1787954069827948561,5646913582819,5646913617522,72,0,0
rx,98,98,1,1,1787954069844033542,1787954069842936413,5646928841559,0,0,0,0
tx,98,98,1,1,1787954069844041061,1787954069842936413,5646928849319,5646928878893,72,0,0
rx,99,99,1,1,1787954069858221654,1787954069858003468,5646943029670,0,0,0,0
tx,99,99,1,1,1787954069858230894,1787954069858003468,5646943039133,5646943088189,72,0,0
rx,100,100,1,1,1787954069873562746,1787954069872957617,5646958370745,0,0,0,0
tx,100,100,1,1,1787954069873571209,1787954069872957617,5646958379467,5646958415578,72,0,0
rx,101,101,1,1,1787954069888865691,1787954069887945542,5646973673689,0,0,0,0
tx,101,101,1,1,1787954069888877098,1787954069887945542,5646973685337,5646973716948,72,0,0
rx,102,102,1,1,1787954069903059802,1787954069902942709,5646987867800,0,0,0,0
tx,102,102,1,1,1787954069903067135,1787954069902942709,5646987875393,5646987905652,72,0,0
rx,103,103,1,1,1787954069918375783,1787954069917942061,5647003183707,0,0,0,0
tx,103,103,1,1,1787954069918383746,1787954069917942061,5647003192004,5647003222893,72,0,0
rx,104,104,1,1,1787954069933619431,1787954069932953320,5647018427430,0,0,0,0
tx,104,104,1,1,1787954069933628154,1787954069932953320,5647018436411,5647018471022,72,0,0
rx,105,105,1,1,1787954069948905191,1787954069947942302,5647033713189,0,0,0,0
tx,105,105,1,1,1787954069948912783,1787954069947942302,5647033721041,5647033750874,72,0,0
rx,106,106,1,1,1787954069963095505,1787954069962945635,5647047903504,0,0,0,0
tx,106,106,1,1,1787954069963103265,1787954069962945635,5647047911522,5647047944170,72,0,0
rx,107,107,1,1,1787954069978373116,1787954069977951728,5647063181115,0,0,0,0
tx,107,107,1,1,1787954069978381283,1787954069977951728,5647063189541,5647063224337,72,0,0
rx,108,108,1,1,1787954069993629005,1787954069992936987,5647078437004,0,0,0,0
tx,108,108,1,1,1787954069993639857,1787954069992936987,5647078448115,5647078477893,72,0,0
rx,109,109,1,1,1787954070008888968,1787954070007935561,5647093696967,0,0,0,0
tx,109,109,1,1,1787954070008900061,1787954070007935561,5647093708300,5647093738485,72,0,0
rx,110,110,1,1,1787954070023081005,1787954070022957876,5647107889004,0,0,0,0
tx,110,110,1,1,1787954070023088561,1787954070022957876,5647107896819,5647107932300,72,0,0
rx,111,111,1,1,1787954070038360950,1787954070037938320,5647123168967,0,0,0,0
tx,111,111,1,1,1787954070038368561,1787954070037938320,5647123176819,5647123206263,72,0,0
rx,112,112,1,1,1787954070053620468,1787954070052936413,5647138428467,0,0,0,0
tx,112,112,1,1,1787954070053627542,1787954070052936413,5647138435800,5647138465615,72,0,0
rx,113,113,1,1,1787954070068888820,1787954070067963172,5647153696837,0,0,0,0
tx,113,113,1,1,1787954070068897172,1787954070067963172,5647153705430,5647153744004,72,0,0
rx,114,114,1,1,1787954070083071394,1787954070082939672,5647167879393,0,0,0,0
tx,114,114,1,1,1787954070083078894,1787954070082939672,5647167887152,5647167917318,72,0,0
rx,115,115,1,1,1787954070098327061,1787954070097935376,5647183135078,0,0,0,0
tx,115,115,1,1,1787954070098338135,1787954070097935376,5647183146374,5647183174707,72,0,0
rx,116,116,1,1,1787954070113580302,1787954070112934802,5647198388300,0,0,0,0
tx,116,116,1,1,1787954070113591894,1787954070112934802,5647198400226,5647198431078,72,0,0
rx,117,117,1,1,1787954070128843024,1787954070127947876,5647213651022,0,0,0,0
tx,117,117,1,1,1787954070128851265,1787954070127947876,5647213659504,5647213692356,72,0,0
rx,118,118,1,1,1787954070143022598,1787954070142952227,5647227830596,0,0,0,0
tx,118,118,1,1,1787954070143029783,1787954070142952227,5647227838041,5647227867133,72,0,0
rx,119,119,1,1,1787954070158277709,1787954070157941487,5647243085707,0,0,0,0
tx,119,119,1,1,1787954070158285598,1787954070157941487,5647243093874,5647243123263,72,0,0
rx,120,120,1,1,1787954070173557302,1787954070172955653,5647258365281,0,0,0,0
tx,120,120,1,1,1787954070173565505,1787954070172955653,5647258373763,5647258410078,72,0,0
rx,121,121,1,1,1787954070188889190,1787954070187944227,5647273697189,0,0,0,0
tx,121,121,1,1,1787954070188896561,1787954070187944227,5647273704837,5647273738874,72,0,0
rx,122,122,1,1,1787954070203021302,1787954070202935172,5647287829318,0,0,0,0
tx,122,122,1,1,1787954070203032357,1787954070202935172,5647287840633,5647287869837,72,0,0
rx,123,123,1,1,1787954070218271153,1787954070217971172,5647303079152,0,0,0,0
tx,123,123,1,1,1787954070218282302,1787954070217971172,5647303090541,5647303123263,72,0,0
rx,124,124,1,1,1787954070233535190,1787954070232952653,5647318343207,0,0,0,0
tx,124,124,1,1,1787954070233544042,1787954070232952653,5647318352300,5647318385874,72,0,0
rx,125,125,1,1,1787954070248793190,1787954070247938987,5647333601189,0,0,0,0
tx,125,125,1,1,1787954070248800764,1787954070247938987,5647333609189,5647333639244,72,0,0
rx,126,126,1,1,1787954070262963542,1787954070262936264,5647347771541,0,0,0,0
tx,126,126,1,1,1787954070262970857,1787954070262936264,5647347779115,5647347807578,72,0,0
rx,127,127,1,1,1787954070278238339,1787954070277951172,5647363046355,0,0,0,0
tx,127,127,1,1,1787954070278247079,1787954070277951172,5647363055337,5647363092448,72,0,0
rx,128,128,1,1,1787954070293492987,1787954070292939357,5647378300985,0,0,0,0
tx,128,128,1,1,1787954070293500931,1787954070292939357,5647378309189,5647378338948,72,0,0
rx,129,129,1,1,1787954070308766709,1787954070307936727,5647393574726,0,0,0,0
tx,129,129,1,1,1787954070308774024,1787954070307936727,5647393582485,5647393611837,72,0,0
rx,130,130,1,1,1787954070324013042,1787954070322957690,5647408821059,0,0,0,0
tx,130,130,1,1,1787954070324021227,1787954070322957690,5647408829485,5647408865744,72,0,0
rx,131,131,1,1,1787954070338184931,1787954070337938653,5647422992929,0,0,0,0
tx,131,131,1,1,1787954070338192190,1787954070337938653,5647423000448,5647423030207,72,0,0
rx,132,132,1,1,1787954070353433431,1787954070352938968,5647438241411,0,0,0,0
tx,132,132,1,1,1787954070353440876,1787954070352938968,5647438249115,5647438278985,72,0,0
rx,133,133,1,1,1787954070368691301,1787954070367973783,5647453499300,0,0,0,0
tx,133,133,1,1,1787954070368699876,1787954070367973783,5647453508133,5647453546300,72,0,0
rx,134,134,1,1,1787954070383962838,1787954070382947320,5647468770855,0,0,0,0
tx,134,134,1,1,1787954070383970450,1787954070382947320,5647468778966,5647468811578,72,0,0
rx,135,135,1,1,1787954070398130042,1787954070397938320,5647482938041,0,0,0,0
tx,135,135,1,1,1787954070398137690,1787954070397938320,5647482945929,5647482976707,72,0,0
rx,136,136,1,1,1787954070413391135,1787954070412981061,5647498199133,0,0,0,0
tx,136,136,1,1,1787954070413400320,1787954070412981061,5647498208578,5647498247985,72,0,0
rx,137,137,1,1,1787954070428729579,1787954070427948579,5647513537578,0,0,0,0
tx,137,137,1,1,1787954070428738190,1787954070427948579,5647513546448,5647513581059,72,0,0
rx,138,138,1,1,1787954070443958857,1787954070442940950,5647528766855,0,0,0,0
tx,138,138,1,1,1787954070443970283,1787954070442940950,5647528778541,5647528808559,72,0,0
rx,139,139,1,1,1787954070458101672,1787954070457936746,5647542909689,0,0,0,0
tx,139,139,1,1,1787954070458108894,1787954070457936746,5647542917152,5647542946652,72,0,0
rx,140,140,1,1,1787954070473355709,1787954070472970116,5647558163707,0,0,0,0
tx,140,140,1,1,1787954070473364246,1787954070472970116,5647558172503,5647558211078,72,0,0
rx,141,141,1,1,1787954070488723838,1787954070487942468,5647573531837,0,0,0,0
tx,141,141,1,1,1787954070488732801,1787954070487942468,5647573541078,5647573576040,72,0,0
rx,142,142,1,1,1787954070503113690,1787954070502944579,5647587921689,0,0,0,0
tx,142,142,1,1,1787954070503121357,1787954070502944579,5647587929633,5647587960244,72,0,0
rx,143,143,1,1,1787954070518412227,1787954070517954561,5647603220226,0,0,0,0
tx,143,143,1,1,1787954070518421690,1787954070517954561,5647603230040,5647603268948,72,0,0
rx,144,144,1,1,1787954070533679579,1787954070532935301,5647618487577,0,0,0,0
tx,144,144,1,1,1787954070533688394,1787954070532935301,5647618496744,5647618528985,72,0,0
rx,145,145,1,1,1787954070548929338,1787954070547930227,5647633737337,0,0,0,0
tx,145,145,1,1,1787954070548940561,1787954070547930227,5647633748818,5647633778948,72,0,0
rx,146,146,1,1,1787954070563094616,1787954070562926487,5647647902615,0,0,0,0
tx,146,146,1,1,1787954070563102690,1787954070562926487,5647647911022,5647647940429,72,0,0
rx,147,147,1,1,1787954070578352857,1787954070577941653,5647663160855,0,0,0,0
tx,147,147,1,1,1787954070578361746,1787954070577941653,5647663170096,5647663207652,72,0,0
rx,148,148,1,1,1787954070593612746,1787954070592928672,5647678420763,0,0,0,0
tx,148,148,1,1,1787954070593620653,1787954070592928672,5647678428911,5647678458152,72,0,0
rx,149,149,1,1,1787954070608857116,1787954070607924949,5647693665133,0,0,0,0
tx,149,149,1,1,1787954070608865005,1787954070607924949,5647693673263,5647693703633,72,0,0
rx,150,150,1,1,1787954070623133616,1787954070622938412,5647707941614,0,0,0,0
tx,150,150,1,1,1787954070623141986,1787954070622938412,5647707950355,5647707985374,72,0,0
rx,151,151,1,1,1787954070638429801,1787954070637929449,5647723237800,0,0,0,0
tx,151,151,1,1,1787954070638438079,1787954070637929449,5647723246318,5647723276781,72,0,0
rx,152,152,1,1,1787954070653723172,1787954070652936912,5647738531189,0,0,0,0
tx,152,152,1,1,1787954070653734486,1787954070652936912,5647738542763,5647738574448,72,0,0
rx,153,153,1,1,1787954070668998598,1787954070667987153,5647753806596,0,0,0,0
tx,153,153,1,1,1787954070669012394,1787954070667987153,5647753820744,5647753855781,72,0,0
rx,154,154,1,1,1787954070683181598,1787954070682935505,5647767989596,0,0,0,0
tx,154,154,1,1,1787954070683189227,1787954070682935505,5647767997485,5647768059485,72,0,0
rx,155,155,1,1,1787954070698489486,1787954070697936153,5647783297503,0,0,0,0
tx,155,155,1,1,1787954070698497838,1787954070697936153,5647783306096,5647783338577,72,0,0
rx,156,156,1,1,1787954070713776209,1787954070712958246,5647798584226,0,0,0,0
tx,156,156,1,1,1787954070713785023,1787954070712958246,5647798593411,5647798633374,72,0,0
rx,157,157,1,1,1787954070728113764,1787954070727946672,5647812921763,0,0,0,0
tx,157,157,1,1,1787954070728121468,1787954070727946672,5647812929707,5647812961985,72,0,0
rx,158,158,1,1,1787954070743362135,1787954070742930301,5647828170133,0,0,0,0
tx,158,158,1,1,1787954070743370542,1787954070742930301,5647828178800,5647828210022,72,0,0
rx,159,159,1,1,1787954070758608153,1787954070757935709,5647843416151,0,0,0,0
tx,159,159,1,1,1787954070758616172,1787954070757935709,5647843424429,5647843455800,72,0,0
rx,160,160,1,1,1787954070773866875,1787954070772957227,5647858674892,0,0,0,0
tx,160,160,1,1,1787954070773879857,1787954070772957227,5647858688114,5647858722707,72,0,0
rx,161,161,1,1,1787954070788115986,1787954070787934968,5647872924003,0,0,0,0
tx,161,161,1,1,1787954070788123672,1787954070787934968,5647872931911,5647872961374,72,0,0
rx,162,162,1,1,1787954070803352653,1787954070802926783,5647888160651,0,0,0,0
tx,162,162,1,1,1787954070803360912,1787954070802926783,5647888169151,5647888199281,72,0,0
rx,163,163,1,1,1787954070818601116,1787954070817946783,5647903409133,0,0,0,0
tx,163,163,1,1,1787954070818609968,1787954070817946783,5647903418300,5647903454540,72,0,0
rx,164,164,1,1,1787954070833858153,1787954070832932264,5647918666151,0,0,0,0
tx,164,164,1,1,1787954070833866634,1787954070832932264,5647918674985,5647918705411,72,0,0
rx,165,165,1,1,1787954070848090209,1787954070847927357,5647932898225,0,0,0,0
tx,165,165,1,1,1787954070848098246,1787954070847927357,5647932906503,5647932935800,72,0,0
rx,166,166,1,1,1787954070863362060,1787954070862972116,5647948170077,0,0,0,0
tx,166,166,1,1,1787954070863372005,1787954070862972116,5647948180355,5647948221892,72,0,0
rx,167,167,1,1,1787954070878641709,1787954070877947431,5647963449725,0,0,0,0
tx,167,167,1,1,1787954070878654116,1787954070877947431,5647963462355,5647963497892,72,0,0
rx,168,168,1,1,1787954070893897227,1787954070892929523,5647978705225,0,0,0,0
tx,168,168,1,1,1787954070893905338,1787954070892929523,5647978713577,5647978744133,72,0,0
rx,169,169,1,1,1787954070908097894,1787954070907931060,5647992905911,0,0,0,0
tx,169,169,1,1,1787954070908105709,1787954070907931060,5647992914059,5647992943003,72,0,0
rx,170,170,1,1,1787954070923383616,1787954070922942783,5648008191633,0,0,0,0
tx,170,170,1,1,1787954070923392597,1787954070922942783,5648008200948,5648008237262,72,0,0
rx,171,171,1,1,1787954070938637579,1787954070937930375,5648023445596,0,0,0,0
tx,171,171,1,1,1787954070938645542,1787954070937930375,5648023453874,5648023483355,72,0,0
rx,172,172,1,1,1787954070953929449,1787954070952929708,5648038737448,0,0,0,0
tx,172,172,1,1,1787954070953937320,1787954070952929708,5648038745559,5648038774559,72,0,0
rx,173,173,1,1,1787954070968149190,1787954070967943820,5648052957207,0,0,0,0
tx,173,173,1,1,1787954070968158227,1787954070967943820,5648052966577,5648053003411,72,0,0
rx,174,174,1,1,1787954070983407616,1787954070982934246,5648068215633,0,0,0,0
tx,174,174,1,1,1787954070983419079,1787954070982934246,5648068227318,5648068257133,72,0,0
rx,175,175,1,1,1787954070998649708,1787954070997925301,5648083457707,0,0,0,0
tx,175,175,1,1,1787954070998657357,1787954070997925301,5648083465596,5648083494225,72,0,0
rx,176,176,1,1,1787954071013897264,1787954071012951745,5648098705262,0,0,0,0
tx,176,176,1,1,1787954071013906245,1787954071012951745,5648098714614,5648098750633,72,0,0
rx,177,177,1,1,1787954071028303505,1787954071027943912,5648113111522,0,0,0,0
tx,177,177,1,1,1787954071028312357,1787954071027943912,5648113120596,5648113155836,72,0,0
rx,178,178,1,1,1787954071043602357,1787954071042936042,5648128410355,0,0,0,0
tx,178,178,1,1,1787954071043610616,1787954071042936042,5648128418873,5648128450244,72,0,0
rx,179,179,1,1,1787954071058881523,1787954071057934801,5648143689540,0,0,0,0
tx,179,179,1,1,1787954071058889616,1787954071057934801,5648143697855,5648143729596,72,0,0
rx,180,180,1,1,1787954071073359134,1787954071072957523,5648158167133,0,0,0,0
tx,180,180,1,1,1787954071073368745,1787954071072957523,5648158177003,5648158215744,72,0,0
rx,181,181,1,1,1787954071088732653,1787954071087941782,5648173540651,0,0,0,0
tx,181,181,1,1,1787954071088741338,1787954071087941782,5648173549596,5648173582355,72,0,0
rx,182,182,1,1,1787954071103113634,1787954071102944264,5648187921633,0,0,0,0
tx,182,182,1,1,1787954071103121097,1787954071102944264,5648187929355,5648187959670,72,0,0
rx,183,183,1,1,1787954071118402912,1787954071117953505,5648203210910,0,0,0,0
tx,183,183,1,1,1787954071118412301,1787954071117953505,5648203220633,5648203259299,72,0,0
rx,184,184,1,1,1787954071133719560,1787954071132934542,5648218527577,0,0,0,0
tx,184,184,1,1,1787954071133727319,1787954071132934542,5648218535559,5648218568022,72,0,0
rx,185,185,1,1,1787954071148115857,1787954071147945431,5648232923873,0,0,0,0
tx,185,185,1,1,1787954071148124134,1787954071147945431,5648232932373,5648232966133,72,0,0
rx,186,186,1,1,1787954071163379282,1787954071162948764,5648248187281,0,0,0,0
tx,186,186,1,1,1787954071163387560,1787954071162948764,5648248195873,5648248233633,72,0,0
rx,187,187,1,1,1787954071178639653,1787954071177964968,5648263447651,0,0,0,0
tx,187,187,1,1,1787954071178648431,1787954071177964968,5648263456688,5648263489503,72,0,0
rx,188,188,1,1,1787954071193888153,1787954071192931912,5648278696151,0,0,0,0
tx,188,188,1,1,1787954071193896116,1787954071192931912,5648278704466,5648278737577,72,0,0
rx,189,189,1,1,1787954071208099931,1787954071207931264,5648292907929,0,0,0,0
tx,189,189,1,1,1787954071208107986,1787954071207931264,5648292916244,5648292945299,72,0,0
rx,190,190,1,1,1787954071223384394,1787954071222939986,5648308192410,0,0,0,0
tx,190,190,1,1,1787954071223393523,1787954071222939986,5648308201892,5648308236484,72,0,0
rx,191,191,1,1,1787954071238640486,1787954071237929801,5648323448484,0,0,0,0
tx,191,191,1,1,1787954071238648801,1787954071237929801,5648323457059,5648323486873,72,0,0
rx,192,192,1,1,1787954071253887431,1787954071252924079,5648338695447,0,0,0,0
tx,192,192,1,1,1787954071253895412,1787954071252924079,5648338703651,5648338733984,72,0,0
rx,193,193,1,1,1787954071268159227,1787954071267949431,5648352967244,0,0,0,0
tx,193,193,1,1,1787954071268168227,1787954071267949431,5648352976596,5648353014929,72,0,0
rx,194,194,1,1,1787954071283426079,1787954071282931579,5648368234096,0,0,0,0
tx,194,194,1,1,1787954071283434449,1787954071282931579,5648368242707,5648368274336,72,0,0
rx,195,195,1,1,1787954071298668486,1787954071297927931,5648383476484,0,0,0,0
tx,195,195,1,1,1787954071298676986,1787954071297927931,5648383485355,5648383514429,72,0,0
rx,196,196,1,1,1787954071313913986,1787954071312923856,5648398722003,0,0,0,0
tx,196,196,1,1,1787954071313927486,1787954071312923856,5648398735836,5648398770614,72,0,0
rx,197,197,1,1,1787954071328135893,1787954071327943838,5648412943892,0,0,0,0
tx,197,197,1,1,1787954071328144560,1787954071327943838,5648412952818,5648412986003,72,0,0
rx,198,198,1,1,1787954071343387986,1787954071342930782,5648428195984,0,0,0,0
tx,198,198,1,1,1787954071343395893,1787954071342930782,5648428204244,5648428235762,72,0,0
rx,199,199,1,1,1787954071358626838,1787954071357924671,5648443434836,0,0,0,0
tx,199,199,1,1,1787954071358634523,1787954071357924671,5648443442781,5648443471077,72,0,0
rx,200,200,1,1,1787954071373887949,1787954071372939764,5648458695966,0,0,0,0
tx,200,200,1,1,1787954071373896782,1787954071372939764,5648458705151,5648458742058,72,0,0
rx,201,0,1,1,1787954071388102227,1787954071387929523,5648472910225,0,0,0,0
tx,201,0,1,1,1787954071388110282,1787954071387929523,5648472918651,5648472949336,72,0,0
rx,202,1,1,1,1787954071403343523,1787954071402926875,5648488151521,0,0,0,0
tx,202,1,1,1,1787954071403351449,1787954071402926875,5648488159836,5648488189818,72,0,0
rx,203,2,1,1,1787954071418585819,1787954071417938116,5648503393836,0,0,0,0
tx,203,2,1,1,1787954071418598153,1787954071417938116,5648503406392,5648503441836,72,0,0
rx,204,3,1,1,1787954071433876208,1787954071432937023,5648518684207,0,0,0,0
tx,204,3,1,1,1787954071433888060,1787954071432937023,5648518696299,5648518725966,72,0,0
rx,205,4,1,1,1787954071448091912,1787954071447926264,5648532899929,0,0,0,0
tx,205,4,1,1,1787954071448099542,1787954071447926264,5648532907799,5648532936207,72,0,0
rx,206,5,1,1,1787954071463372023,1787954071462963504,5648548180021,0,0,0,0
tx,206,5,1,1,1787954071463381301,1787954071462963504,5648548189558,5648548231095,72,0,0
rx,207,6,1,1,1787954071478648264,1787954071477940264,5648563456281,0,0,0,0
tx,207,6,1,1,1787954071478657190,1787954071477940264,5648563465429,5648563499355,72,0,0
rx,208,7,1,1,1787954071493903949,1787954071492928153,5648578711966,0,0,0,0
tx,208,7,1,1,1787954071493911708,1787954071492928153,5648578719947,5648578749466,72,0,0
rx,209,8,1,1,1787954071508166523,1787954071507953412,5648592974521,0,0,0,0
tx,209,8,1,1,1787954071508175745,1787954071507953412,5648592983984,5648593023355,72,0,0
rx,210,9,1,1,1787954071523431227,1787954071522934912,5648608239244,0,0,0,0
tx,210,9,1,1,1787954071523439523,1787954071522934912,5648608247855,5648608279762,72,0,0
rx,211,10,1,1,1787954071538673893,1787954071537927560,5648623481892,0,0,0,0
tx,211,10,1,1,1787954071538685875,1787954071537927560,5648623494132,5648623523855,72,0,0
rx,212,11,1,1,1787954071553908967,1787954071552928004,5648638716966,0,0,0,0
tx,212,11,1,1,1787954071553917134,1787954071552928004,5648638725392,5648638755244,72,0,0
rx,213,12,1,1,1787954071568153041,1787954071567949912,5648652961058,0,0,0,0
tx,213,12,1,1,1787954071568162060,1787954071567949912,5648652970429,5648653007503,72,0,0
rx,214,13,1,1,1787954071583416171,1787954071582932023,5648668224188,0,0,0,0
tx,214,13,1,1,1787954071583424560,1787954071582932023,5648668232910,5648668265114,72,0,0
rx,215,14,1,1,1787954071598664560,1787954071597925875,5648683472558,0,0,0,0
tx,215,14,1,1,1787954071598672819,1787954071597925875,5648683481077,5648683509855,72,0,0
rx,216,15,1,1,1787954071613932949,1787954071612962190,5648698740966,0,0,0,0
tx,216,15,1,1,1787954071613942134,1787954071612962190,5648698750373,5648698791132,72,0,0
rx,217,16,1,1,1787954071628303504,1787954071627947653,5648713111503,0,0,0,0
tx,217,16,1,1,1787954071628311449,1787954071627947653,5648713119706,5648713154392,72,0,0
rx,218,17,1,1,1787954071643580708,1787954071642942690,5648728388706,0,0,0,0
tx,218,17,1,1,1787954071643592375,1787954071642942690,5648728400614,5648728434947,72,0,0
rx,219,18,1,1,1787954071658850782,1787954071657942004,5648743658781,0,0,0,0
tx,219,18,1,1,1787954071658858801,1787954071657942004,5648743667058,5648743699781,72,0,0
rx,220,19,1,1,1787954071673376967,1787954071672964523,5648758184966,0,0,0,0
tx,220,19,1,1,1787954071673385893,1787954071672964523,5648758194151,5648758234392,72,0,0
rx,221,20,1,1,1787954071688690375,1787954071687946115,5648773498392,0,0,0,0
tx,221,20,1,1,1787954071688698819,1787954071687946115,5648773507077,5648773541799,72,0,0
rx,222,21,1,1,1787954071703985634,1787954071702950208,5648788793632,0,0,0,0
tx,222,21,1,1,1787954071703993597,1787954071702950208,5648788801855,5648788834836,72,0,0
rx,223,22,1,1,1787954071718348449,1787954071717954930,5648803156447,0,0,0,0
tx,223,22,1,1,1787954071718357597,1787954071717954930,5648803165855,5648803203003,72,0,0
rx,224,23,1,1,1787954071733679504,1787954071732946245,5648818487503,0,0,0,0
tx,224,23,1,1,1787954071733687486,1787954071732946245,5648818495725,5648818529373,72,0,0
rx,225,24,1,1,1787954071749002560,1787954071747974560,5648833810558,0,0,0,0
tx,225,24,1,1,1787954071749010764,1787954071747974560,5648833819003,5648833852558,72,0,0
rx,226,25,1,1,1787954071763283597,1787954071762962486,5648848091595,0,0,0,0
tx,226,25,1,1,1787954071763292504,1787954071762962486,5648848100762,5648848136484,72,0,0
rx,227,26,1,1,1787954071778557208,1787954071777956727,5648863365188,0,0,0,0
tx,227,26,1,1,1787954071778565541,1787954071777956727,5648863373817,5648863408929,72,0,0
rx,228,27,1,1,1787954071793828652,1787954071792938893,5648878636669,0,0,0,0
tx,228,27,1,1,1787954071793836541,1787954071792938893,5648878644817,5648878674651,72,0,0
rx,229,28,1,1,1787954071807994597,1787954071807964467,5648892802595,0,0,0,0
tx,229,28,1,1,1787954071808002801,1787954071807964467,5648892811058,5648892848299,72,0,0
rx,230,29,1,1,1787954071823238486,1787954071822970449,5648908046503,0,0,0,0
tx,230,29,1,1,1787954071823247171,1787954071822970449,5648908055429,5648908088910,72,0,0
rx,231,30,1,1,1787954071838566541,1787954071837941282,5648923374540,0,0,0,0
tx,231,30,1,1,1787954071838574430,1787954071837941282,5648923382669,5648923417151,72,0,0
rx,232,31,1,1,1787954071853877171,1787954071852958467,5648938685169,0,0,0,0
tx,232,31,1,1,1787954071853886671,1787954071852958467,5648938694929,5648938733910,72,0,0
rx,233,32,1,1,1787954071868434226,1787954071867968597,5648953242225,0,0,0,0
tx,233,32,1,1,1787954071868443764,1787954071867968597,5648953252021,5648953303706,72,0,0
rx,234,33,1,1,1787954071883762004,1787954071882950986,5648968570003,0,0,0,0
tx,234,33,1,1,1787954071883771041,1787954071882950986,5648968579299,5648968613077,72,0,0
rx,235,34,1,1,1787954071898129171,1787954071897957930,5648982937188,0,0,0,0
tx,235,34,1,1,1787954071898137115,1787954071897957930,5648982945373,5648982976836,72,0,0
rx,236,35,1,1,1787954071913443375,1787954071912966412,5648998251391,0,0,0,0
tx,236,35,1,1,1787954071913452763,1787954071912966412,5648998261021,5648998303225,72,0,0
rx,237,36,1,1,1787954071928771134,1787954071927948041,5649013579132,0,0,0,0
tx,237,36,1,1,1787954071928779449,1787954071927948041,5649013587688,5649013623299,72,0,0
rx,238,37,1,1,1787954071943125486,1787954071942955263,5649027933503,0,0,0,0
tx,238,37,1,1,1787954071943133300,1787954071942955263,5649027941577,5649027973632,72,0,0
rx,239,38,1,1,1787954071958440393,1787954071957954986,5649043248410,0,0,0,0
tx,239,38,1,1,1787954071958449652,1787954071957954986,5649043258003,5649043294762,72,0,0
rx,240,39,1,1,1787954071973720004,1787954071972952486,5649058528021,0,0,0,0
tx,240,39,1,1,1787954071973732393,1787954071972952486,5649058540725,5649058577373,72,0,0
rx,241,40,1,1,1787954071988126097,1787954071987949338,5649072934095,0,0,0,0
tx,241,40,1,1,1787954071988133893,1787954071987949338,5649072942132,5649072974669,72,0,0
rx,242,41,1,1,1787954072003394060,1787954072002928504,5649088202058,0,0,0,0
tx,242,41,1,1,1787954072003402041,1787954072002928504,5649088210299,5649088240299,72,0,0
rx,243,42,1,1,1787954072018658412,1787954072017941708,5649103466428,0,0,0,0
tx,243,42,1,1,1787954072018667115,1787954072017941708,5649103475354,5649103510447,72,0,0
rx,244,43,1,1,1787954072033927282,1787954072032931689,5649118735280,0,0,0,0
tx,244,43,1,1,1787954072033935541,1787954072032931689,5649118743799,5649118774558,72,0,0
rx,245,44,1,1,1787954072048107282,1787954072047931634,5649132915299,0,0,0,0
tx,245,44,1,1,1787954072048115356,1787954072047931634,5649132923706,5649132953391,72,0,0
rx,246,45,1,1,1787954072063406967,1787954072062944337,5649148214965,0,0,0,0
tx,246,45,1,1,1787954072063415726,1787954072062944337,5649148224095,5649148258169,72,0,0
rx,247,46,1,1,1787954072078667726,1787954072077939097,5649163475743,0,0,0,0
tx,247,46,1,1,1787954072078679726,1787954072077939097,5649163488077,5649163519854,72,0,0
rx,248,47,1,1,1787954072093936004,1787954072092930060,5649178744021,0,0,0,0
tx,248,47,1,1,1787954072093947726,1787954072092930060,5649178755965,5649178786632,72,0,0
rx,249,48,1,1,1787954072108169615,1787954072107956560,5649192977632,0,0,0,0
tx,249,48,1,1,1787954072108178097,1787954072107956560,5649192986354,5649193025243,72,0,0
rx,250,49,1,1,1787954072123443986,1787954072122932893,5649208251984,0,0,0,0
tx,250,49,1,1,1787954072123451930,1787954072122932893,5649208260280,5649208291873,72,0,0
rx,251,50,1,1,1787954072138697726,1787954072137959930,5649223505725,0,0,0,0
tx,251,50,1,1,1787954072138705486,1787954072137959930,5649223513836,5649223544317,72,0,0
rx,252,51,1,1,1787954072153974726,1787954072152944393,5649238782725,0,0,0,0
tx,252,51,1,1,1787954072153982930,1787954072152944393,5649238791188,5649238823317,72,0,0
rx,253,52,1,1,1787954072167993004,1787954072167957004,5649252800984,0,0,0,0
tx,253,52,1,1,1787954072168001615,1787954072167957004,5649252809873,5649252846373,72,0,0
rx,254,53,1,1,1787954072183298523,1787954072182939800,5649268106521,0,0,0,0
tx,254,53,1,1,1787954072183310634,1787954072182939800,5649268118947,5649268154651,72,0,0
rx,255,54,1,1,1787954072198608393,1787954072197937078,5649283416391,0,0,0,0
tx,255,54,1,1,1787954072198620800,1787954072197937078,5649283429039,5649283462539,72,0,0
rx,256,55,1,1,1787954072213685319,1787954072212961486,5649298493317,0,0,0,0
tx,256,55,1,1,1787954072213694337,1787954072212961486,5649298502576,5649298538910,72,0,0
rx,257,56,1,1,1787954072228976930,1787954072227943448,5649313784928,0,0,0,0
tx,257,56,1,1,1787954072228985189,1787954072227943448,5649313793428,5649313826336,72,0,0
rx,258,57,1,1,1787954072243178504,1787954072242930745,5649327986521,0,0,0,0
tx,258,57,1,1,1787954072243186911,1787954072242930745,5649327995169,5649328059484,72,0,0
rx,259,58,1,1,1787954072258557134,1787954072257965652,5649343365113,0,0,0,0
tx,259,58,1,1,1787954072258566856,1787954072257965652,5649343375113,5649343416317,72,0,0
rx,260,59,1,1,1787954072273864097,1787954072272944023,5649358672113,0,0,0,0
tx,260,59,1,1,1787954072273872819,1787954072272944023,5649358681058,5649358715928,72,0,0
rx,261,60,1,1,1787954072288125597,1787954072287938189,5649372933595,0,0,0,0
tx,261,60,1,1,1787954072288137763,1787954072287938189,5649372946002,5649372977225,72,0,0
rx,262,61,1,1,1787954072304833615,1787954072302936208,5649389641632,0,0,0,0
tx,262,61,1,1,1787954072304847448,1787954072302936208,5649389655706,5649389690947,72,0,0
rx,263,62,1,1,1787954072318148615,1787954072317954467,5649402956613,0,0,0,0
tx,263,62,1,1,1787954072318156930,1787954072317954467,5649402965188,5649402997373,72,0,0
rx,264,63,1,1,1787954072333399004,1787954072332931597,5649418207002,0,0,0,0
tx,264,63,1,1,1787954072333407097,1787954072332931597,5649418215336,5649418245021,72,0,0
rx,265,64,1,1,1787954072348651060,1787954072347933171,5649433459058,0,0,0,0
tx,265,64,1,1,1787954072348658967,1787954072347933171,5649433467225,5649433496928,72,0,0
rx,266,65,1,1,1787954072363968911,1787954072362949689,5649448776910,0,0,0,0
tx,266,65,1,1,1787954072363977282,1787954072362949689,5649448785539,5649448821539,72,0,0
rx,267,66,1,1,1787954072378139004,1787954072377943763,5649462947021,0,0,0,0
tx,267,66,1,1,1787954072378147356,1787954072377943763,5649462955687,5649462989336,72,0,0
rx,268,67,1,1,1787954072393398615,1787954072392928893,5649478206613,0,0,0,0
tx,268,67,1,1,1787954072393406430,1787954072392928893,5649478214687,5649478244650,72,0,0
rx,269,68,1,1,1787954072408208800,1787954072407977282,5649493016817,0,0,0,0
tx,269,68,1,1,1787954072408220837,1787954072407977282,5649493029095,5649493066521,72,0,0
rx,270,69,1,1,1787954072423505208,1787954072422932134,5649508313187,0,0,0,0
tx,270,69,1,1,1787954072423513226,1787954072422932134,5649508321465,5649508352169,72,0,0
rx,271,70,1,1,1787954072438783263,1787954072437940115,5649523591243,0,0,0,0
tx,271,70,1,1,1787954072438791708,1787954072437940115,5649523599965,5649523632613,72,0,0
rx,272,71,1,1,1787954072453116671,1787954072452927430,5649537924669,0,0,0,0
tx,272,71,1,1,1787954072453124874,1787954072452927430,5649537933132,5649537964187,72,0,0
rx,273,72,1,1,1787954072468817022,1787954072467947615,5649553625021,0,0,0,0
tx,273,72,1,1,1787954072468826319,1787954072467947615,5649553634576,5649553668947,72,0,0
rx,274,73,1,1,1787954072483141245,1787954072482957504,5649567949243,0,0,0,0
tx,274,73,1,1,1787954072483149708,1787954072482957504,5649567958021,5649567992669,72,0,0
rx,275,74,1,1,1787954072498479522,1787954072497937985,5649583287539,0,0,0,0
tx,275,74,1,1,1787954072498488041,1787954072497937985,5649583296391,5649583327410,72,0,0
rx,276,75,1,1,1787954072513596171,1787954072512961004,5649598404187,0,0,0,0
tx,276,75,1,1,1787954072513609578,1787954072512961004,5649598417817,5649598455910,72,0,0
rx,277,76,1,1,1787954072528850782,1787954072527942448,5649613658799,0,0,0,0
tx,277,76,1,1,1787954072528862893,1787954072527942448,5649613671132,5649613703669,72,0,0
rx,278,77,1,1,1787954072543109578,1787954072542930300,5649627917576,0,0,0,0
tx,278,77,1,1,1787954072543117615,1787954072542930300,5649627925873,5649627956539,72,0,0
rx,279,78,1,1,1787954072558716430,1787954072557959763,5649643524447,0,0,0,0
tx,279,78,1,1,1787954072558724856,1787954072557959763,5649643533095,5649643572798,72,0,0
rx,280,79,1,1,1787954072573986319,1787954072572963300,5649658794317,0,0,0,0
tx,280,79,1,1,1787954072573994522,1787954072572963300,5649658802836,5649658838447,72,0,0
rx,281,80,1,1,1787954072588207300,1787954072587931319,5649673015317,0,0,0,0
tx,281,80,1,1,1787954072588215893,1787954072587931319,5649673024224,5649673055187,72,0,0
rx,282,81,1,1,1787954072603769393,1787954072602963022,5649688577391,0,0,0,0
tx,282,81,1,1,1787954072603778337,1787954072602963022,5649688586576,5649688625021,72,0,0
rx,283,82,1,1,1787954072618107282,1787954072617943837,5649702915280,0,0,0,0
tx,283,82,1,1,1787954072618119226,1787954072617943837,5649702927484,5649702958021,72,0,0
rx,284,83,1,1,1787954072633355689,1787954072632933522,5649718163687,0,0,0,0
tx,284,83,1,1,1787954072633367837,1787954072632933522,5649718176076,5649718207002,72,0,0
rx,285,84,1,1,1787954072648662300,1787954072647941633,5649733470317,0,0,0,0
tx,285,84,1,1,1787954072648670337,1787954072647941633,5649733478576,5649733511743,72,0,0
rx,286,85,1,1,1787954072663986911,1787954072662968745,5649748794928,0,0,0,0
tx,286,85,1,1,1787954072663995745,1787954072662968745,5649748804206,5649748841502,72,0,0
rx,287,86,1,1,1787954072678179115,1787954072677941096,5649762987113,0,0,0,0
tx,287,86,1,1,1787954072678187578,1787954072677941096,5649762995817,5649763029484,72,0,0
rx,288,87,1,1,1787954072693484337,1787954072692934319,5649778292335,0,0,0,0
tx,288,87,1,1,1787954072693492633,1787954072692934319,5649778300965,5649778332484,72,0,0
rx,289,88,1,1,1787954072708394300,1787954072707974337,5649793202280,0,0,0,0
tx,289,88,1,1,1787954072708403578,1787954072707974337,5649793211835,5649793255039,72,0,0
rx,290,89,1,1,1787954072723777170,1787954072722934448,5649808585150,0,0,0,0
tx,290,89,1,1,1787954072723785504,1787954072722934448,5649808593761,5649808627965,72,0,0
rx,291,90,1,1,1787954072737974263,1787954072737928615,5649822782243,0,0,0,0
tx,291,90,1,1,1787954072737982133,1787954072737928615,5649822790391,5649822820502,72,0,0
rx,292,91,1,1,1787954072753275448,1787954072752924856,5649838083428,0,0,0,0
tx,292,91,1,1,1787954072753283893,1787954072752924856,5649838092354,5649838123798,72,0,0
rx,293,92,1,1,1787954072768560726,1787954072767951485,5649853368743,0,0,0,0
tx,293,92,1,1,1787954072768569911,1787954072767951485,5649853378169,5649853413706,72,0,0
rx,294,93,1,1,1787954072783872356,1787954072782935596,5649868680372,0,0,0,0
tx,294,93,1,1,1787954072783881281,1787954072782935596,5649868689539,5649868726835,72,0,0
rx,295,94,1,1,1787954072798128337,1787954072797927207,5649882936335,0,0,0,0
tx,295,94,1,1,1787954072798136430,1787954072797927207,5649882944724,5649882974854,72,0,0
rx,296,95,1,1,1787954072813409818,1787954072812950633,5649898217835,0,0,0,0
tx,296,95,1,1,1787954072813419189,1787954072812950633,5649898227446,5649898263206,72,0,0
rx,297,96,1,1,1787954072828733022,1787954072827933893,5649913541021,0,0,0,0
tx,297,96,1,1,1787954072828741448,1787954072827933893,5649913549687,5649913581909,72,0,0
rx,298,97,1,1,1787954072843998004,1787954072842926615,5649928805984,0,0,0,0
tx,298,97,1,1,1787954072844005874,1787954072842926615,5649928814132,5649928844261,72,0,0
rx,299,98,1,1,1787954072858325893,1787954072858010893,5649943133891,0,0,0,0
tx,299,98,1,1,1787954072858336448,1787954072858010893,5649943144706,5649943186113,72,0,0
rx,300,99,1,1,1787954072873594207,1787954072872965281,5649958402206,0,0,0,0
tx,300,99,1,1,1787954072873603430,1787954072872965281,5649958411761,5649958448169,72,0,0
rx,301,100,1,1,1787954072888868393,1787954072887935393,5649973676391,0,0,0,0
tx,301,100,1,1,1787954072888876967,1787954072887935393,5649973685224,5649973717558,72,0,0
rx,302,101,1,1,1787954072903147596,1787954072902942152,5649987955613,0,0,0,0
tx,302,101,1,1,1787954072903156170,1787954072902942152,5649987964428,5649988040058,72,0,0
rx,303,102,1,1,1787954072918412930,1787954072917933207,5650003220891,0,0,0,0
tx,303,102,1,1,1787954072918420930,1787954072917933207,5650003229187,5650003261113,72,0,0
rx,304,103,1,1,1787954072933701096,1787954072932932578,5650018509058,0,0,0,0
tx,304,103,1,1,1787954072933709263,1787954072932932578,5650018517520,5650018548298,72,0,0
rx,305,104,1,1,1787954072949266837,1787954072949061596,5650034074835,0,0,0,0
tx,305,104,1,1,1787954072949276374,1787954072949061596,5650034084632,5650034124391,72,0,0
rx,306,105,1,1,1787954072963418300,1787954072962937485,5650048226298,0,0,0,0
tx,306,105,1,1,1787954072963430096,1787954072962937485,5650048238409,5650048268280,72,0,0
rx,307,106,1,1,1787954072978661226,1787954072977940818,5650063469224,0,0,0,0
tx,307,106,1,1,1787954072978669578,1787954072977940818,5650063477928,5650063511113,72,0,0
rx,308,107,1,1,1787954072993932985,1787954072992940615,5650078740983,0,0,0,0
tx,308,107,1,1,1787954072993941374,1787954072992940615,5650078749632,5650078781872,72,0,0
rx,309,108,1,1,1787954073008708615,1787954073007955781,5650093516613,0,0,0,0
tx,309,108,1,1,1787954073008717615,1787954073007955781,5650093525854,5650093565539,72,0,0
rx,310,109,1,1,1787954073023960763,1787954073022928837,5650108768761,0,0,0,0
tx,310,109,1,1,1787954073023969207,1787954073022928837,5650108777446,5650108808965,72,0,0
rx,311,110,1,1,1787954073038123615,1787954073037932670,5650122931613,0,0,0,0
tx,311,110,1,1,1787954073038131967,1787954073037932670,5650122940224,5650122972446,72,0,0
rx,312,111,1,1,1787954073054028541,1787954073053005633,5650138836539,0,0,0,0
tx,312,111,1,1,1787954073054037318,1787954073053005633,5650138845576,5650138884835,72,0,0
rx,313,112,1,1,1787954073068193800,1787954073067945781,5650153001798,0,0,0,0
tx,313,112,1,1,1787954073068205541,1787954073067945781,5650153013798,5650153045502,72,0,0
rx,314,113,1,1,1787954073083398504,1787954073082935615,5650168206520,0,0,0,0
tx,314,113,1,1,1787954073083407578,1787954073082935615,5650168215891,5650168249539,72,0,0
rx,315,114,1,1,1787954073098607263,1787954073097923818,5650183415280,0,0,0,0
tx,315,114,1,1,1787954073098615300,1787954073097923818,5650183423539,5650183453243,72,0,0
rx,316,115,1,1,1787954073113867263,1787954073112945781,5650198675261,0,0,0,0
tx,316,115,1,1,1787954073113875689,1787954073112945781,5650198683946,5650198719520,72,0,0
rx,317,116,1,1,1787954073128118485,1787954073127935411,5650212926483,0,0,0,0
tx,317,116,1,1,1787954073128126985,1787954073127935411,5650212935243,5650212968094,72,0,0
rx,318,117,1,1,1787954073143372596,1787954073142927763,5650228180594,0,0,0,0
tx,318,117,1,1,1787954073143380855,1787954073142927763,5650228189206,5650228218428,72,0,0
rx,319,118,1,1,1787954073158889411,1787954073157947892,5650243697409,0,0,0,0
tx,319,118,1,1,1787954073158898503,1787954073157947892,5650243706761,5650243744094,72,0,0
rx,320,119,1,1,1787954073173134781,1787954073172942041,5650257942798,0,0,0,0
tx,320,119,1,1,1787954073173147244,1787954073172942041,5650257955520,5650257989317,72,0,0
rx,321,120,1,1,1787954073188419281,1787954073187937615,5650273227298,0,0,0,0
tx,321,120,1,1,1787954073188428133,1787954073187937615,5650273236391,5650273269187,72,0,0
rx,322,121,1,1,1787954073203916763,1787954073202954244,5650288724780,0,0,0,0
tx,322,121,1,1,1787954073203926096,1787954073202954244,5650288734335,5650288771502,72,0,0
rx,323,122,1,1,1787954073218112800,1787954073217934096,5650302920798,0,0,0,0
tx,323,122,1,1,1787954073218121189,1787954073217934096,5650302929428,5650302959613,72,0,0
rx,324,123,1,1,1787954073233359485,1787954073232928929,5650318167502,0,0,0,0
tx,324,123,1,1,1787954073233367633,1787954073232928929,5650318175891,5650318206576,72,0,0
rx,325,124,1,1,1787954073248973003,1787954073247960818,5650333781020,0,0,0,0
tx,325,124,1,1,1787954073248981966,1787954073247960818,5650333790224,5650333828946,72,0,0
rx,326,125,1,1,1787954073263112633,1787954073262929929,5650347920631,0,0,0,0
tx,326,125,1,1,1787954073263120707,1787954073262929929,5650347928965,5650347960539,72,0,0
rx,327,126,1,1,1787954073278393337,1787954073277936744,5650363201335,0,0,0,0
tx,327,126,1,1,1787954073278406466,1787954073277936744,5650363214798,5650363248317,72,0,0
rx,328,127,1,1,1787954073293648855,1787954073292926355,5650378456872,0,0,0,0
tx,328,127,1,1,1787954073293660522,1787954073292926355,5650378468761,5650378498168,72,0,0
rx,329,128,1,1,1787954073308719207,1787954073307963985,5650393527205,0,0,0,0
tx,329,128,1,1,1787954073308727948,1787954073307963985,5650393536187,5650393592483,72,0,0
rx,330,129,1,1,1787954073323034429,1787954073322925189,5650407842372,0,0,0,0
tx,330,129,1,1,1787954073323042855,1787954073322925189,5650407851094,5650407882724,72,0,0
rx,331,130,1,1,1787954073338273744,1787954073337927874,5650423081705,0,0,0,0
tx,331,130,1,1,1787954073338282448,1787954073337927874,5650423090705,5650423121724,72,0,0
rx,332,131,1,1,1787954073353592800,1787954073352956392,5650438400798,0,0,0,0
tx,332,131,1,1,1787954073353601744,1787954073352956392,5650438409983,5650438448576,72,0,0
rx,333,132,1,1,1787954073368878966,1787954073367930744,5650453686928,0,0,0,0
tx,333,132,1,1,1787954073368886892,1787954073367930744,5650453695150,5650453725335,72,0,0
rx,334,133,1,1,1787954073383137633,1787954073382931170,5650467945631,0,0,0,0
tx,334,133,1,1,1787954073383149559,1787954073382931170,5650467957817,5650467990946,72,0,0
rx,335,134,1,1,1787954073398460392,1787954073397920263,5650483268391,0,0,0,0
tx,335,134,1,1,1787954073398473540,1787954073397920263,5650483281779,5650483315131,72,0,0
rx,336,135,1,1,1787954073413820374,1787954073412953763,5650498628317,0,0,0,0
tx,336,135,1,1,1787954073413829226,1787954073412953763,5650498637483,5650498668576,72,0,0
rx,337,136,1,1,1787954073428010614,1787954073427932411,5650512818613,0,0,0,0
tx,337,136,1,1,1787954073428019077,1787954073427932411,5650512827335,5650512859983,72,0,0
rx,338,137,1,1,1787954073443379911,1787954073442926614,5650528187909,0,0,0,0
tx,338,137,1,1,1787954073443388096,1787954073442926614,5650528196372,5650528225372,72,0,0
rx,339,138,1,1,1787954073458658244,1787954073457948744,5650543466224,0,0,0,0
tx,339,138,1,1,1787954073458666855,1787954073457948744,5650543475113,5650543509316,72,0,0
rx,340,139,1,1,1787954073474012003,1787954073472925226,5650558820002,0,0,0,0
tx,340,139,1,1,1787954073474020744,1787954073472925226,5650558829002,5650558865928,72,0,0
rx,341,140,1,1,1787954073488280911,1787954073487932077,5650573088891,0,0,0,0
tx,341,140,1,1,1787954073488289559,1787954073487932077,5650573097798,5650573132020,72,0,0
rx,342,141,1,1,1787954073503549392,1787954073502955688,5650588357391,0,0,0,0
tx,342,141,1,1,1787954073503562022,1787954073502955688,5650588370316,5650588406057,72,0,0
rx,343,142,1,1,1787954073518814374,1787954073517927800,5650603622353,0,0,0,0
tx,343,142,1,1,1787954073518822281,1787954073517927800,5650603630539,5650603659724,72,0,0
rx,344,143,1,1,1787954073533116374,1787954073532925559,5650617924372,0,0,0,0
tx,344,143,1,1,1787954073533125244,1787954073532925559,5650617933502,5650617966835,72,0,0
rx,345,144,1,1,1787954073548381874,1787954073547938281,5650633189891,0,0,0,0
tx,345,144,1,1,1787954073548389874,1787954073547938281,5650633198113,5650633228446,72,0,0
rx,346,145,1,1,1787954073563697633,1787954073562957133,5650648505650,0,0,0,0
tx,346,145,1,1,1787954073563706800,1787954073562957133,5650648515039,5650648553779,72,0,0
rx,347,146,1,1,1787954073578945355,1787954073577919040,5650663753372,0,0,0,0
tx,347,146,1,1,1787954073578954207,1787954073577919040,5650663762483,5650663799631,72,0,0
rx,348,147,1,1,1787954073593125651,1787954073592934670,5650677933650,0,0,0,0
tx,348,147,1,1,1787954073593134281,1787954073592934670,5650677942557,5650677972168,72,0,0
rx,349,148,1,1,1787954073608638170,1787954073607948688,5650693446168,0,0,0,0
tx,349,148,1,1,1787954073608646855,1787954073607948688,5650693455113,5650693491316,72,0,0
rx,350,149,1,1,1787954073623867522,1787954073622930911,5650708675520,0,0,0,0
tx,350,149,1,1,1787954073623879485,1787954073622930911,5650708687742,5650708718427,72,0,0
rx,351,150,1,1,1787954073638107762,1787954073637929855,5650722915779,0,0,0,0
tx,351,150,1,1,1787954073638116096,1787954073637929855,5650722924335,5650722955539,72,0,0
rx,352,151,1,1,1787954073653624781,1787954073652960170,5650738432779,0,0,0,0
tx,352,151,1,1,1787954073653633855,1787954073652960170,5650738442113,5650738481483,72,0,0
rx,353,152,1,1,1787954073668895133,1787954073667936003,5650753703131,0,0,0,0
tx,353,152,1,1,1787954073668903151,1787954073667936003,5650753711502,5650753743242,72,0,0
rx,354,153,1,1,1787954073683124874,1787954073682936559,5650767932872,0,0,0,0
tx,354,153,1,1,1787954073683133707,1787954073682936559,5650767942039,5650767975131,72,0,0
rx,355,154,1,1,1787954073698792151,1787954073697964485,5650783600150,0,0,0,0
tx,355,154,1,1,1787954073698800948,1787954073697964485,5650783609205,5650783649964,72,0,0
rx,356,155,1,1,1787954073713139577,1787954073712958762,5650797947576,0,0,0,0
tx,356,155,1,1,1787954073713151855,1787954073712958762,5650797960113,5650797993039,72,0,0
rx,357,156,1,1,1787954073728381485,1787954073727936725,5650813189502,0,0,0,0
tx,357,156,1,1,1787954073728393188,1787954073727936725,5650813201427,5650813232872,72,0,0
rx,358,157,1,1,1787954073743628725,1787954073742930207,5650828436742,0,0,0,0
tx,358,157,1,1,1787954073743636688,1787954073742930207,5650828444927,5650828476039,72,0,0
rx,359,158,1,1,1787954073758973485,1787954073757955448,5650843781501,0,0,0,0
tx,359,158,1,1,1787954073758982670,1787954073757955448,5650843790909,5650843826650,72,0,0
rx,360,159,1,1,1787954073773147818,1787954073772932873,5650857955835,0,0,0,0
tx,360,159,1,1,1787954073773156040,1787954073772932873,5650857964372,5650857995372,72,0,0
rx,361,160,1,1,1787954073788428485,1787954073787936244,5650873236501,0,0,0,0
tx,361,160,1,1,1787954073788437225,1787954073787936244,5650873245576,5650873277001,72,0,0
rx,362,161,1,1,1787954073803145096,1787954073802954836,5650887953113,0,0,0,0
tx,362,161,1,1,1787954073803154318,1787954073802954836,5650887962576,5650887997576,72,0,0
rx,363,162,1,1,1787954073818395040,1787954073817928448,5650903203057,0,0,0,0
tx,363,162,1,1,1787954073818403336,1787954073817928448,5650903211594,5650903242316,72,0,0
rx,364,163,1,1,1787954073833634966,1787954073832934762,5650918442964,0,0,0,0
tx,364,163,1,1,1787954073833646892,1787954073832934762,5650918455150,5650918485316,72,0,0
rx,365,164,1,1,1787954073848874170,1787954073847925540,5650933682187,0,0,0,0
tx,365,164,1,1,1787954073848882059,1787954073847925540,5650933690409,5650933719261,72,0,0
rx,366,165,1,1,1787954073863917910,1787954073862996022,5650948725927,0,0,0,0
tx,366,165,1,1,1787954073863926633,1787954073862996022,5650948734890,5650948775113,72,0,0
rx,367,166,1,1,1787954073878207059,1787954073877999244,5650963015057,0,0,0,0
tx,367,166,1,1,1787954073878215855,1787954073877999244,5650963024113,5650963061761,72,0,0
rx,368,167,1,1,1787954073893471188,1787954073892932299,5650978279187,0,0,0,0
tx,368,167,1,1,1787954073893479596,1787954073892932299,5650978287853,5650978318557,72,0,0
rx,369,168,1,1,1787954073908706725,1787954073907948929,5650993514724,0,0,0,0
tx,369,168,1,1,1787954073908715818,1787954073907948929,5650993524057,5650993561687,72,0,0
rx,370,169,1,1,1787954073924008022,1787954073923007540,5651008816020,0,0,0,0
tx,370,169,1,1,1787954073924017096,1787954073923007540,5651008825353,5651008866205,72,0,0
rx,371,170,1,1,1787954073938202059,1787954073937939355,5651023010075,0,0,0,0
tx,371,170,1,1,1787954073938213670,1787954073937939355,5651023022224,5651023054668,72,0,0
rx,372,171,1,1,1787954073953753336,1787954073952962910,5651038561353,0,0,0,0
tx,372,171,1,1,1787954073953765781,1787954073952962910,5651038574038,5651038610094,72,0,0
rx,373,172,1,1,1787954073968966596,1787954073967931318,5651053774612,0,0,0,0
tx,373,172,1,1,1787954073968974466,1787954073967931318,5651053782835,5651053814483,72,0,0
rx,374,173,1,1,1787954073983132170,1787954073982938596,5651067940168,0,0,0,0
tx,374,173,1,1,1787954073983140966,1787954073982938596,5651067949298,5651067985353,72,0,0
rx,375,174,1,1,1787954073998545725,1787954073997968151,5651083353705,0,0,0,0
tx,375,174,1,1,1787954073998554910,1787954073997968151,5651083363168,5651083404094,72,0,0
rx,376,175,1,1,1787954074013848984,1787954074012927336,5651098656946,0,0,0,0
tx,376,175,1,1,1787954074013856540,1787954074012927336,5651098664779,5651098695112,72,0,0
rx,377,176,1,1,1787954074028021818,1787954074027926392,5651112829798,0,0,0,0
tx,377,176,1,1,1787954074028029744,1787954074027926392,5651112838001,5651112867687,72,0,0
rx,378,177,1,1,1787954074043428003,1787954074043345040,5651128235983,0,0,0,0
tx,378,177,1,1,1787954074043437651,1787954074043345040,5651128245946,5651128286946,72,0,0
rx,379,178,1,1,1787954074058735133,1787954074057948466,5651143543131,0,0,0,0
tx,379,178,1,1,1787954074058746781,1787954074057948466,5651143555038,5651143588835,72,0,0
rx,380,179,1,1,1787954074073992521,1787954074072966503,5651158800520,0,0,0,0
tx,380,179,1,1,1787954074074001021,1787954074072966503,5651158809279,5651158858446,72,0,0
rx,381,180,1,1,1787954074088207688,1787954074087946818,5651173015649,0,0,0,0
tx,381,180,1,1,1787954074088216170,1787954074087946818,5651173024427,5651173060483,72,0,0
rx,382,181,1,1,1787954074103758966,1787954074102956151,5651188566964,0,0,0,0
tx,382,181,1,1,1787954074103767984,1787954074102956151,5651188576316,5651188618001,72,0,0
rx,383,182,1,1,1787954074118007299,1787954074117935873,5651202815279,0,0,0,0
tx,383,182,1,1,1787954074118015133,1787954074117935873,5651202823372,5651202854316,72,0,0
rx,384,183,1,1,1787954074133253910,1787954074132934244,5651218061872,0,0,0,0
tx,384,183,1,1,1787954074133263170,1787954074132934244,5651218071427,5651218103779,72,0,0
rx,385,184,1,1,1787954074148681392,1787954074147959188,5651233489372,0,0,0,0
tx,385,184,1,1,1787954074148690133,1787954074147959188,5651233498372,5651233537890,72,0,0
rx,386,185,1,1,1787954074163995966,1787954074162941151,5651248803983,0,0,0,0
tx,386,185,1,1,1787954074164007392,1787954074162941151,5651248815631,5651248847872,72,0,0
rx,387,186,1,1,1787954074178142781,1787954074177946262,5651262950779,0,0,0,0
tx,387,186,1,1,1787954074178151040,1787954074177946262,5651262959298,5651262993631,72,0,0
rx,388,187,1,1,1787954074193432595,1787954074192948170,5651278240594,0,0,0,0
tx,388,187,1,1,1787954074193440836,1787954074192948170,5651278249075,5651278283353,72,0,0
rx,389,188,1,1,1787954074208787132,1787954074207948799,5651293595112,0,0,0,0
tx,389,188,1,1,1787954074208795503,1787954074207948799,5651293603779,5651293638723,72,0,0
rx,390,189,1,1,1787954074223005429,1787954074222930429,5651307813427,0,0,0,0
tx,390,189,1,1,1787954074223013595,1787954074222930429,5651307821890,5651307853538,72,0,0
rx,391,190,1,1,1787954074238442632,1787954074237936466,5651323250649,0,0,0,0
tx,391,190,1,1,1787954074238450873,1787954074237936466,5651323259131,5651323294427,72,0,0
rx,392,191,1,1,1787954074253851058,1787954074252942781,5651338659075,0,0,0,0
tx,392,191,1,1,1787954074253859447,1787954074252942781,5651338667705,5651338702612,72,0,0
rx,393,192,1,1,1787954074268133947,1787954074267933799,5651352941909,0,0,0,0
tx,393,192,1,1,1787954074268145077,1787954074267933799,5651352953649,5651352984464,72,0,0
rx,394,193,1,1,1787954074283428762,1787954074282945429,5651368236742,0,0,0,0
tx,394,193,1,1,1787954074283437114,1787954074282945429,5651368245353,5651368281094,72,0,0
rx,395,194,1,1,1787954074298729484,1787954074297954169,5651383537483,0,0,0,0
tx,395,194,1,1,1787954074298737669,1787954074297954169,5651383545927,5651383582483,72,0,0
rx,396,195,1,1,1787954074312980521,1787954074312930947,5651397788501,0,0,0,0
tx,396,195,1,1,1787954074312988040,1787954074312930947,5651397796297,5651397826705,72,0,0
rx,397,196,1,1,1787954074328267966,1787954074327926373,5651413075946,0,0,0,0
tx,397,196,1,1,1787954074328275836,1787954074327926373,5651413084094,5651413114242,72,0,0
rx,398,197,1,1,1787954074343596206,1787954074342948818,5651428404205,0,0,0,0
tx,398,197,1,1,1787954074343605058,1787954074342948818,5651428413297,5651428454131,72,0,0
rx,399,198,1,1,1787954074358888299,1787954074357931447,5651443696316,0,0,0,0
tx,399,198,1,1,1787954074358896318,1787954074357931447,5651443704575,5651443736557,72,0,0
rx,400,199,1,1,1787954074373129095,1787954074372930003,5651457937075,0,0,0,0
tx,400,199,1,1,1787954074373140336,1787954074372930003,5651457948594,5651457978575,72,0,0
rx,401,200,1,1,1787954074388461595,1787954074387943132,5651473269594,0,0,0,0
tx,401,200,1,1,1787954074388473818,1787954074387943132,5651473282057,5651473316760,72,0,0
rx,402,0,1,1,1787954074403751966,1787954074402952003,5651488559964,0,0,0,0
tx,402,0,1,1,1787954074403761003,1787954074402952003,5651488569334,5651488606760,72,0,0
rx,403,1,1,1,1787954074418144318,1787954074417937466,5651502952316,0,0,0,0
tx,403,1,1,1,1787954074418152910,1787954074417937466,5651502961149,5651502992760,72,0,0
rx,404,2,1,1,1787954074433473855,1787954074432931280,5651518281834,0,0,0,0
tx,404,2,1,1,1787954074433482614,1787954074432931280,5651518290853,5651518325075,72,0,0
rx,405,3,1,1,1787954074448776651,1787954074447950392,5651533584631,0,0,0,0
tx,405,3,1,1,1787954074448785966,1787954074447950392,5651533594316,5651533632038,72,0,0
rx,406,4,1,1,1787954074463132762,1787954074462933447,5651547940742,0,0,0,0
tx,406,4,1,1,1787954074463141225,1787954074462933447,5651547949483,5651547980538,72,0,0
rx,407,5,1,1,1787954074478456855,1787954074477940132,5651563264853,0,0,0,0
tx,407,5,1,1,1787954074478465669,1787954074477940132,5651563273927,5651563310908,72,0,0
rx,408,6,1,1,1787954074493785114,1787954074492937466,5651578593020,0,0,0,0
tx,408,6,1,1,1787954074493798558,1787954074492937466,5651578606816,5651578644316,72,0,0
rx,409,7,1,1,1787954074507984855,1787954074507944243,5651592792853,0,0,0,0
tx,409,7,1,1,1787954074507992466,1787954074507944243,5651592800723,5651592833279,72,0,0
rx,410,8,1,1,1787954074523336317,1787954074522931429,5651608144297,0,0,0,0
tx,410,8,1,1,1787954074523344558,1787954074522931429,5651608152834,5651608184742,72,0,0
rx,411,9,1,1,1787954074538621188,1787954074537932836,5651623429168,0,0,0,0
tx,411,9,1,1,1787954074538629336,1787954074537932836,5651623437594,5651623471038,72,0,0
rx,412,10,1,1,1787954074553915206,1787954074552937651,5651638723149,0,0,0,0
tx,412,10,1,1,1787954074553923299,1787954074552937651,5651638731557,5651638766908,72,0,0
rx,413,11,1,1,1787954074568155447,1787954074567938688,5651652963445,0,0,0,0
tx,413,11,1,1,1787954074568163373,1787954074567938688,5651652971631,5651653003871,72,0,0
rx,414,12,1,1,1787954074583470503,1787954074582937984,5651668278501,0,0,0,0
tx,414,12,1,1,1787954074583478892,1787954074582937984,5651668287149,5651668323445,72,0,0
rx,415,13,1,1,1787954074598769354,1787954074597948540,5651683577297,0,0,0,0
tx,415,13,1,1,1787954074598781966,1787954074597948540,5651683590297,5651683628871,72,0,0
rx,416,14,1,1,1787954074612970762,1787954074612933114,5651697778760,0,0,0,0
tx,416,14,1,1,1787954074612978003,1787954074612933114,5651697786260,5651697815890,72,0,0
rx,417,15,1,1,1787954074628259058,1787954074627928929,5651713067057,0,0,0,0
tx,417,15,1,1,1787954074628266817,1787954074627928929,5651713075075,5651713104834,72,0,0
rx,418,16,1,1,1787954074643565577,1787954074642959354,5651728373557,0,0,0,0
tx,418,16,1,1,1787954074643574169,1787954074642959354,5651728382501,5651728422853,72,0,0
rx,419,17,1,1,1787954074658865114,1787954074657938336,5651743673112,0,0,0,0
tx,419,17,1,1,1787954074658872966,1787954074657938336,5651743681223,5651743715890,72,0,0
rx,420,18,1,1,1787954074673145132,1787954074672930262,5651757953075,0,0,0,0
tx,420,18,1,1,1787954074673152595,1787954074672930262,5651757960834,5651757992353,72,0,0
rx,421,19,1,1,1787954074688502188,1787954074687935947,5651773310168,0,0,0,0
tx,421,19,1,1,1787954074688510595,1787954074687935947,5651773318853,5651773353297,72,0,0
rx,422,20,1,1,1787954074703805466,1787954074702946762,5651788613464,0,0,0,0
tx,422,20,1,1,1787954074703814540,1787954074702946762,5651788622797,5651788660223,72,0,0
rx,423,21,1,1,1787954074718153428,1787954074717937725,5651802961427,0,0,0,0
tx,423,21,1,1,1787954074718161521,1787954074717937725,5651802969779,5651803001575,72,0,0
rx,424,22,1,1,1787954074733438391,1787954074732936262,5651818246390,0,0,0,0
tx,424,22,1,1,1787954074733446651,1787954074732936262,5651818255260,5651818288760,72,0,0
rx,425,23,1,1,1787954074748767836,1787954074747956799,5651833575834,0,0,0,0
tx,425,23,1,1,1787954074748776336,1787954074747956799,5651833584593,5651833624075,72,0,0
rx,426,24,1,1,1787954074762974317,1787954074762934873,5651847782316,0,0,0,0
tx,426,24,1,1,1787954074762981891,1787954074762934873,5651847790131,5651847819705,72,0,0
rx,427,25,1,1,1787954074778272428,1787954074777945336,5651863080427,0,0,0,0
tx,427,25,1,1,1787954074778280391,1787954074777945336,5651863088668,5651863126464,72,0,0
rx,428,26,1,1,1787954074793590521,1787954074792955484,5651878398519,0,0,0,0
tx,428,26,1,1,1787954074793598836,1787954074792955484,5651878407168,5651878446686,72,0,0
rx,429,27,1,1,1787954074808869132,1787954074807932040,5651893677130,0,0,0,0
tx,429,27,1,1,1787954074808876780,1787954074807932040,5651893685130,5651893716686,72,0,0
rx,430,28,1,1,1787954074823149743,1787954074822931817,5651907957760,0,0,0,0
tx,430,28,1,1,1787954074823157540,1787954074822931817,5651907965779,5651907997112,72,0,0
rx,431,29,1,1,1787954074838586114,1787954074837933817,5651923394093,0,0,0,0
tx,431,29,1,1,1787954074838594188,1787954074837933817,5651923402445,5651923436538,72,0,0
rx,432,30,1,1,1787954074853912095,1787954074852937540,5651938720093,0,0,0,0
tx,432,30,1,1,1787954074853920354,1787954074852937540,5651938728612,5651938764482,72,0,0
rx,433,31,1,1,1787954074868192410,1787954074867952465,5651953000427,0,0,0,0
tx,433,31,1,1,1787954074868201410,1787954074867952465,5651953009667,5651953049056,72,0,0
rx,434,32,1,1,1787954074883532225,1787954074882942188,5651968340205,0,0,0,0
tx,434,32,1,1,1787954074883540854,1787954074882942188,5651968349093,5651968387575,72,0,0
rx,435,33,1,1,1787954074898844151,1787954074897941706,5651983652130,0,0,0,0
tx,435,33,1,1,1787954074898852817,1787954074897941706,5651983661075,5651983698575,72,0,0
rx,436,34,1,1,1787954074913132077,1787954074912928614,5651997940075,0,0,0,0
tx,436,34,1,1,1787954074913140299,1787954074912928614,5651997948556,5651997979797,72,0,0
rx,437,35,1,1,1787954074928390743,1787954074927934354,5652013198760,0,0,0,0
tx,437,35,1,1,1787954074928402632,1787954074927934354,5652013210890,5652013242501,72,0,0
rx,438,36,1,1,1787954074943681762,1787954074942929614,5652028489760,0,0,0,0
tx,438,36,1,1,1787954074943690076,1787954074942929614,5652028498334,5652028530464,72,0,0
rx,439,37,1,1,1787954074958970465,1787954074957945891,5652043778482,0,0,0,0
tx,439,37,1,1,1787954074958978910,1787954074957945891,5652043787242,5652043822371,72,0,0
rx,440,38,1,1,1787954074973171576,1787954074972932039,5652057979593,0,0,0,0
tx,440,38,1,1,1787954074973179706,1787954074972932039,5652057987964,5652058019038,72,0,0
rx,441,39,1,1,1787954074988482484,1787954074987941262,5652073290482,0,0,0,0
tx,441,39,1,1,1787954074988491039,1787954074987941262,5652073299279,5652073335316,72,0,0
rx,442,40,1,1,1787954075003782780,1787954075002943836,5652088590779,0,0,0,0
tx,442,40,1,1,1787954075003790854,1787954075002943836,5652088599093,5652088634223,72,0,0
rx,443,41,1,1,1787954075017980391,1787954075017934151,5652102788371,0,0,0,0
tx,443,41,1,1,1787954075017988039,1787954075017934151,5652102796297,5652102825371,72,0,0
rx,444,42,1,1,1787954075033323836,1787954075032930076,5652118131834,0,0,0,0
tx,444,42,1,1,1787954075033335910,1787954075032930076,5652118144149,5652118176908,72,0,0
rx,445,43,1,1,1787954075048665465,1787954075047952576,5652133473482,0,0,0,0
tx,445,43,1,1,1787954075048677502,1787954075047952576,5652133485834,5652133519297,72,0,0
rx,446,44,1,1,1787954075063930336,1787954075062931150,5652148738353,0,0,0,0
tx,446,44,1,1,1787954075063938002,1787954075062931150,5652148746260,5652148778667,72,0,0
rx,447,45,1,1,1787954075078383206,1787954075077928225,5652163191204,0,0,0,0
tx,447,45,1,1,1787954075078391910,1787954075077928225,5652163200167,5652163237223,72,0,0
rx,448,46,1,1,1787954075093710113,1787954075092953688,5652178518130,0,0,0,0
tx,448,46,1,1,1787954075093719632,1787954075092953688,5652178527890,5652178567464,72,0,0
rx,449,47,1,1,1787954075109030595,1787954075107933947,5652193838575,0,0,0,0
tx,449,47,1,1,1787954075109038206,1787954075107933947,5652193846445,5652193878704,72,0,0
rx,450,48,1,1,1787954075123243410,1787954075122931039,5652208051408,0,0,0,0
tx,450,48,1,1,1787954075123251317,1787954075122931039,5652208059575,5652208090390,72,0,0
rx,451,49,1,1,1787954075138542687,1787954075137947317,5652223350612,0,0,0,0
tx,451,49,1,1,1787954075138552262,1787954075137947317,5652223360519,5652223399890,72,0,0
rx,452,50,1,1,1787954075153828428,1787954075152944225,5652238636427,0,0,0,0
tx,452,50,1,1,1787954075153839817,1787954075152944225,5652238648075,5652238680353,72,0,0
rx,453,51,1,1,1787954075168140076,1787954075167936224,5652252948093,0,0,0,0
tx,453,51,1,1,1787954075168147780,1787954075167936224,5652252956038,5652252986408,72,0,0
rx,454,52,1,1,1787954075183420521,1787954075182939595,5652268228519,0,0,0,0
tx,454,52,1,1,1787954075183429299,1787954075182939595,5652268237556,5652268275149,72,0,0
rx,455,53,1,1,1787954075198733743,1787954075197946669,5652283541760,0,0,0,0
tx,455,53,1,1,1787954075198742632,1787954075197946669,5652283550890,5652283589741,72,0,0
rx,456,54,1,1,1787954075212975910,1787954075212932539,5652297783908,0,0,0,0
tx,456,54,1,1,1787954075212983539,1787954075212932539,5652297791778,5652297822575,72,0,0
rx,457,55,1,1,1787954075228252539,1787954075227930873,5652313060556,0,0,0,0
tx,457,55,1,1,1787954075228260410,1787954075227930873,5652313068686,5652313099704,72,0,0
rx,458,56,1,1,1787954075243622521,1787954075242966521,5652328430519,0,0,0,0
tx,458,56,1,1,1787954075243632354,1787954075242966521,5652328440612,5652328481649,72,0,0
rx,459,57,1,1,1787954075258985687,1787954075257941447,5652343793686,0,0,0,0
tx,459,57,1,1,1787954075258993761,1787954075257941447,5652343802001,5652343835704,72,0,0
rx,460,58,1,1,1787954075273157558,1787954075272936484,5652357965556,0,0,0,0
tx,460,58,1,1,1787954075273165521,1787954075272936484,5652357973760,5652358003889,72,0,0
rx,461,59,1,1,1787954075288452206,1787954075287945891,5652373260204,0,0,0,0
tx,461,59,1,1,1787954075288460743,1787954075287945891,5652373269260,5652373307834,72,0,0
rx,462,60,1,1,1787954075303771187,1787954075302941650,5652388579204,0,0,0,0
tx,462,60,1,1,1787954075303779650,1787954075302941650,5652388587908,5652388625538,72,0,0
rx,463,61,1,1,1787954075317978021,1787954075317937428,5652402786019,0,0,0,0
tx,463,61,1,1,1787954075317985761,1787954075317937428,5652402794019,5652402823408,72,0,0
rx,464,62,1,1,1787954075333282428,1787954075332928947,5652418090445,0,0,0,0
tx,464,62,1,1,1787954075333290465,1787954075332928947,5652418098797,5652418134223,72,0,0
rx,465,63,1,1,1787954075348619150,1787954075347942447,5652433427149,0,0,0,0
tx,465,63,1,1,1787954075348628224,1787954075347942447,5652433436464,5652433472204,72,0,0
rx,466,64,1,1,1787954075363900854,1787954075362933187,5652448708834,0,0,0,0
tx,466,64,1,1,1787954075363908261,1787954075362933187,5652448716501,5652448748445,72,0,0
rx,467,65,1,1,1787954075378137965,1787954075377932354,5652462945945,0,0,0,0
tx,467,65,1,1,1787954075378146132,1787954075377932354,5652462954389,5652462984556,72,0,0
rx,468,66,1,1,1787954075393615206,1787954075392959206,5652478423167,0,0,0,0
tx,468,66,1,1,1787954075393624095,1787954075392959206,5652478432334,5652478471834,72,0,0
rx,469,67,1,1,1787954075408938891,1787954075407934910,5652493746889,0,0,0,0
tx,469,67,1,1,1787954075408946817,1787954075407934910,5652493755075,5652493788167,72,0,0
rx,470,68,1,1,1787954075423161021,1787954075422928687,5652507969000,0,0,0,0
tx,470,68,1,1,1787954075423168798,1787954075422928687,5652507977056,5652508030963,72,0,0
rx,471,69,1,1,1787954075438562447,1787954075437957280,5652523370445,0,0,0,0
tx,471,69,1,1,1787954075438571298,1787954075437957280,5652523379556,5652523420241,72,0,0
rx,472,70,1,1,1787954075453870021,1787954075452936039,5652538678019,0,0,0,0
tx,472,70,1,1,1787954075453878224,1787954075452936039,5652538686482,5652538718130,72,0,0
rx,473,71,1,1,1787954075468122261,1787954075467938113,5652552930278,0,0,0,0
tx,473,71,1,1,1787954075468134317,1787954075467938113,5652552942556,5652552974130,72,0,0
rx,474,72,1,1,1787954075483398002,1787954075482951798,5652568206000,0,0,0,0
tx,474,72,1,1,1787954075483411724,1787954075482951798,5652568219982,5652568257426,72,0,0
rx,475,73,1,1,1787954075498706428,1787954075497954206,5652583514445,0,0,0,0
tx,475,73,1,1,1787954075498714947,1787954075497954206,5652583523204,5652583558908,72,0,0
rx,476,74,1,1,1787954075513110872,1787954075512941650,5652597918871,0,0,0,0
tx,476,74,1,1,1787954075513119632,1787954075512941650,5652597927871,5652597960167,72,0,0
rx,477,75,1,1,1787954075528383150,1787954075527934391,5652613191149,0,0,0,0
tx,477,75,1,1,1787954075528391224,1787954075527934391,5652613199463,5652613229852,72,0,0
rx,478,76,1,1,1787954075543692798,1787954075542957576,5652628500815,0,0,0,0
tx,478,76,1,1,1787954075543702095,1787954075542957576,5652628510334,5652628550889,72,0,0
rx,479,77,1,1,1787954075558979150,1787954075557947817,5652643787149,0,0,0,0
tx,479,77,1,1,1787954075558986965,1787954075557947817,5652643795204,5652643827186,72,0,0
rx,480,78,1,1,1787954075573148187,1787954075572935076,5652657956186,0,0,0,0
tx,480,78,1,1,1787954075573156354,1787954075572935076,5652657964612,5652657994167,72,0,0
rx,481,79,1,1,1787954075588444095,1787954075587941298,5652673252093,0,0,0,0
tx,481,79,1,1,1787954075588458002,1787954075587941298,5652673266241,5652673305408,72,0,0
rx,482,80,1,1,1787954075603782150,1787954075602950483,5652688590149,0,0,0,0
tx,482,80,1,1,1787954075603790928,1787954075602950483,5652688599167,5652688633167,72,0,0
rx,483,81,1,1,1787954075618122039,1787954075617953965,5652702930056,0,0,0,0
tx,483,81,1,1,1787954075618130650,1787954075617953965,5652702938908,5652702971241,72,0,0
rx,484,82,1,1,1787954075633387261,1787954075632930354,5652718195278,0,0,0,0
tx,484,82,1,1,1787954075633395224,1787954075632930354,5652718203482,5652718234649,72,0,0
rx,485,83,1,1,1787954075648722909,1787954075647957724,5652733530908,0,0,0,0
tx,485,83,1,1,1787954075648731613,1787954075647957724,5652733539852,5652733580889,72,0,0
rx,486,84,1,1,1787954075663107928,1787954075662942021,5652747915945,0,0,0,0
tx,486,84,1,1,1787954075663116132,1787954075662942021,5652747924371,5652747957260,72,0,0
rx,487,85,1,1,1787954075678414150,1787954075677933650,5652763222167,0,0,0,0
tx,487,85,1,1,1787954075678421909,1787954075677933650,5652763230167,5652763260408,72,0,0
rx,488,86,1,1,1787954075693702687,1787954075692955520,5652778510686,0,0,0,0
tx,488,86,1,1,1787954075693712020,1787954075692955520,5652778520260,5652778557167,72,0,0
rx,489,87,1,1,1787954075708127743,1787954075707954132,5652792935760,0,0,0,0
tx,489,87,1,1,1787954075708135595,1787954075707954132,5652792943852,5652792978815,72,0,0
rx,490,88,1,1,1787954075723400854,1787954075722935317,5652808208871,0,0,0,0
tx,490,88,1,1,1787954075723408761,1787954075722935317,5652808217019,5652808249167,72,0,0
rx,491,89,1,1,1787954075738684891,1787954075737987835,5652823492908,0,0,0,0
tx,491,89,1,1,1787954075738693928,1787954075737987835,5652823502185,5652823540334,72,0,0
rx,492,90,1,1,1787954075753120743,1787954075752946409,5652837928741,0,0,0,0
tx,492,90,1,1,1787954075753128854,1787954075752946409,5652837937093,5652837969982,72,0,0
rx,493,91,1,1,1787954075768391465,1787954075767931780,5652853199482,0,0,0,0
tx,493,91,1,1,1787954075768399335,1787954075767931780,5652853207574,5652853238926,72,0,0
rx,494,92,1,1,1787954075783658539,1787954075782940095,5652868466537,0,0,0,0
tx,494,92,1,1,1787954075783667261,1787954075782940095,5652868475519,5652868509889,72,0,0
rx,495,93,1,1,1787954075798948928,1787954075797948298,5652883756945,0,0,0,0
tx,495,93,1,1,1787954075798957724,1787954075797948298,5652883765982,5652883802019,72,0,0
rx,496,94,1,1,1787954075813132039,1787954075812943576,5652897940037,0,0,0,0
tx,496,94,1,1,1787954075813140428,1787954075812943576,5652897948685,5652897980445,72,0,0
rx,497,95,1,1,1787954075828396465,1787954075827929354,5652913204463,0,0,0,0
tx,497,95,1,1,1787954075828404502,1787954075827929354,5652913212741,5652913244426,72,0,0
rx,498,96,1,1,1787954075843705076,1787954075842957872,5652928513074,0,0,0,0
tx,498,96,1,1,1787954075843713872,1787954075842957872,5652928522204,5652928561241,72,0,0
rx,499,97,1,1,1787954075858276428,1787954075858009835,5652943084426,0,0,0,0
tx,499,97,1,1,1787954075858286817,1787954075858009835,5652943095074,5652943143482,72,0,0
rx,500,98,1,1,1787954075873563002,1787954075872940761,5652958371019,0,0,0,0
tx,500,98,1,1,1787954075873571502,1787954075872940761,5652958379926,5652958413148,72,0,0
rx,501,99,1,1,1787954075888867169,1787954075887963465,5652973675167,0,0,0,0
tx,501,99,1,1,1787954075888876372,1787954075887963465,5652973684630,5652973726000,72,0,0
rx,502,100,1,1,1787954075903126743,1787954075902938335,5652987934759,0,0,0,0
tx,502,100,1,1,1787954075903134743,1787954075902938335,5652987943000,5652987975148,72,0,0
rx,503,101,1,1,1787954075918424724,1787954075917933780,5653003232741,0,0,0,0
tx,503,101,1,1,1787954075918436483,1787954075917933780,5653003244722,5653003274778,72,0,0
rx,504,102,1,1,1787954075933677409,1787954075932936057,5653018485408,0,0,0,0
tx,504,102,1,1,1787954075933685317,1787954075932936057,5653018493556,5653018531778,72,0,0
rx,505,103,1,1,1787954075948998872,1787954075947952983,5653033806796,0,0,0,0
tx,505,103,1,1,1787954075949007909,1787954075947952983,5653033816167,5653033854648,72,0,0
rx,506,104,1,1,1787954075963175372,1787954075962931539,5653047983241,0,0,0,0
tx,506,104,1,1,1787954075963182891,1787954075962931539,5653047991130,5653048043685,72,0,0
rx,507,105,1,1,1787954075978426113,1787954075977933391,5653063234130,0,0,0,0
tx,507,105,1,1,1787954075978433724,1787954075977933391,5653063241982,5653063270019,72,0,0
rx,508,106,1,1,1787954075993048650,1787954075992950631,5653077856667,0,0,0,0
tx,508,106,1,1,1787954075993057576,1787954075992950631,5653077865833,5653077905796,72,0,0
rx,509,107,1,1,1787954076008333817,1787954076007934020,5653093141759,0,0,0,0
tx,509,107,1,1,1787954076008341854,1787954076007934020,5653093150130,5653093181759,72,0,0
rx,510,108,1,1,1787954076023836668,1787954076022928057,5653108644648,0,0,0,0
tx,510,108,1,1,1787954076023844539,1787954076022928057,5653108652815,5653108683315,72,0,0
rx,511,109,1,1,1787954076037984668,1787954076037955446,5653122792685,0,0,0,0
tx,511,109,1,1,1787954076037993317,1787954076037955446,5653122801704,5653122858093,72,0,0
rx,512,110,1,1,1787954076053802057,1787954076052947409,5653138610056,0,0,0,0
tx,512,110,1,1,1787954076053810650,1787954076052947409,5653138618889,5653138669667,72,0,0
rx,513,111,1,1,1787954076068128094,1787954076067946428,5653152936056,0,0,0,0
tx,513,111,1,1,1787954076068136761,1787954076067946428,5653152945111,5653152980426,72,0,0
rx,514,112,1,1,1787954076083427983,1787954076082938909,5653168235963,0,0,0,0
tx,514,112,1,1,1787954076083436150,1787954076082938909,5653168244408,5653168279482,72,0,0
rx,515,113,1,1,1787954076098863150,1787954076097945057,5653183671130,0,0,0,0
tx,515,113,1,1,1787954076098871613,1787954076097945057,5653183679852,5653183718185,72,0,0
rx,516,114,1,1,1787954076113106483,1787954076112943798,5653197914463,0,0,0,0
tx,516,114,1,1,1787954076113114872,1787954076112943798,5653197923111,5653197955500,72,0,0
rx,517,115,1,1,1787954076128368742,1787954076127934242,5653213176741,0,0,0,0
tx,517,115,1,1,1787954076128381131,1787954076127934242,5653213189370,5653213222407,72,0,0
rx,518,116,1,1,1787954076143699242,1787954076142957520,5653228507241,0,0,0,0
tx,518,116,1,1,1787954076143711705,1787954076142957520,5653228519945,5653228556352,72,0,0
rx,519,117,1,1,1787954076158980761,1787954076157937057,5653243788741,0,0,0,0
tx,519,117,1,1,1787954076158988594,1787954076157937057,5653243797000,5653243828907,72,0,0
rx,520,118,1,1,1787954076173162909,1787954076172931668,5653257970907,0,0,0,0
tx,520,118,1,1,1787954076173170520,1787954076172931668,5653257978778,5653258008574,72,0,0
rx,521,119,1,1,1787954076188490409,1787954076187951391,5653273298407,0,0,0,0
tx,521,119,1,1,1787954076188499724,1787954076187951391,5653273307963,5653273351537,72,0,0
rx,522,120,1,1,1787954076203814631,1787954076202933687,5653288622574,0,0,0,0
tx,522,120,1,1,1787954076203822705,1787954076202933687,5653288630963,5653288664500,72,0,0
rx,523,121,1,1,1787954076218133965,1787954076217931724,5653302941944,0,0,0,0
tx,523,121,1,1,1787954076218141854,1787954076217931724,5653302950111,5653302981333,72,0,0
rx,524,122,1,1,1787954076233410631,1787954076232955113,5653318218611,0,0,0,0
tx,524,122,1,1,1787954076233419446,1787954076232955113,5653318227704,5653318262944,72,0,0
rx,525,123,1,1,1787954076248704502,1787954076247958076,5653333512481,0,0,0,0
tx,525,123,1,1,1787954076248715946,1787954076247958076,5653333524278,5653333558074,72,0,0
rx,526,124,1,1,1787954076263939613,1787954076262938724,5653348747611,0,0,0,0
tx,526,124,1,1,1787954076263947261,1787954076262938724,5653348755519,5653348784611,72,0,0
rx,527,125,1,1,1787954076278076724,1787954076277944353,5653362884704,0,0,0,0
tx,527,125,1,1,1787954076278084335,1787954076277944353,5653362892574,5653362920481,72,0,0
rx,528,126,1,1,1787954076293391983,1787954076292955798,5653378199981,0,0,0,0
tx,528,126,1,1,1787954076293400705,1787954076292955798,5653378208963,5653378248167,72,0,0
rx,529,127,1,1,1787954076308647502,1787954076307939983,5653393455481,0,0,0,0
tx,529,127,1,1,1787954076308655039,1787954076307939983,5653393463278,5653393493111,72,0,0
rx,530,128,1,1,1787954076323873205,1787954076322936983,5653408681204,0,0,0,0
tx,530,128,1,1,1787954076323881057,1787954076322936983,5653408689407,5653408718093,72,0,0
rx,531,129,1,1,1787954076338065372,1787954076337960002,5653422873352,0,0,0,0
tx,531,129,1,1,1787954076338074465,1787954076337960002,5653422882741,5653422919500,72,0,0
rx,532,130,1,1,1787954076353353465,1787954076352952687,5653438161463,0,0,0,0
tx,532,130,1,1,1787954076353365298,1787954076352952687,5653438173537,5653438205778,72,0,0
rx,533,131,1,1,1787954076368619372,1787954076367939427,5653453427389,0,0,0,0
tx,533,131,1,1,1787954076368627039,1787954076367939427,5653453435389,5653453464963,72,0,0
rx,534,132,1,1,1787954076383857316,1787954076382946724,5653468665333,0,0,0,0
tx,534,132,1,1,1787954076383866113,1787954076382946724,5653468674352,5653468710000,72,0,0
rx,535,133,1,1,1787954076398055687,1787954076397961539,5653482863685,0,0,0,0
tx,535,133,1,1,1787954076398063742,1787954076397961539,5653482872000,5653482906870,72,0,0
rx,536,134,1,1,1787954076413303779,1787954076412942890,5653498111778,0,0,0,0
tx,536,134,1,1,1787954076413311242,1787954076412942890,5653498119685,5653498148648,72,0,0
rx,537,135,1,1,1787954076428525335,1787954076427939113,5653513333333,0,0,0,0
tx,537,135,1,1,1787954076428532483,1787954076427939113,5653513340722,5653513368481,72,0,0
rx,538,136,1,1,1787954076443762316,1787954076442950779,5653528570296,0,0,0,0
tx,538,136,1,1,1787954076443771076,1787954076442950779,5653528579315,5653528614148,72,0,0
rx,539,137,1,1,1787954076459000094,1787954076457940502,5653543808074,0,0,0,0
tx,539,137,1,1,1787954076459007983,1787954076457940502,5653543816241,5653543845000,72,0,0
rx,540,138,1,1,1787954076473129983,1787954076472939039,5653557937907,0,0,0,0
tx,540,138,1,1,1787954076473137409,1787954076472939039,5653557945648,5653557973852,72,0,0
rx,541,139,1,1,1787954076488435242,1787954076487982150,5653573243222,0,0,0,0
tx,541,139,1,1,1787954076488444409,1787954076487982150,5653573252667,5653573292315,72,0,0
rx,542,140,1,1,1787954076503690409,1787954076502949427,5653588498407,0,0,0,0
tx,542,140,1,1,1787954076503698372,1787954076502949427,5653588506629,5653588536741,72,0,0
rx,543,141,1,1,1787954076518913057,1787954076517946205,5653603721055,0,0,0,0
tx,543,141,1,1,1787954076518920687,1787954076517946205,5653603728963,5653603757592,72,0,0
rx,544,142,1,1,1787954076533055946,1787954076532967927,5653617863944,0,0,0,0
tx,544,142,1,1,1787954076533064501,1787954076532967927,5653617872759,5653617907296,72,0,0
rx,545,143,1,1,1787954076548377872,1787954076547951409,5653633185852,0,0,0,0
tx,545,143,1,1,1787954076548385224,1787954076547951409,5653633193555,5653633227111,72,0,0
rx,546,144,1,1,1787954076563608038,1787954076562941038,5653648416037,0,0,0,0
tx,546,144,1,1,1787954076563615335,1787954076562941038,5653648423666,5653648452037,72,0,0
rx,547,145,1,1,1787954076578818687,1787954076577939872,5653663626666,0,0,0,0
tx,547,145,1,1,1787954076578830187,1787954076577939872,5653663638518,5653663671648,72,0,0
rx,548,146,1,1,1787954076593029001,1787954076592960150,5653677836981,0,0,0,0
tx,548,146,1,1,1787954076593037131,1787954076592960150,5653677845389,5653677884889,72,0,0
rx,549,147,1,1,1787954076608310520,1787954076607939779,5653693118444,0,0,0,0
tx,549,147,1,1,1787954076608317964,1787954076607939779,5653693126222,5653693156407,72,0,0
rx,550,148,1,1,1787954076623573372,1787954076622972687,5653708381389,0,0,0,0
tx,550,148,1,1,1787954076623580816,1787954076622972687,5653708389148,5653708419722,72,0,0
rx,551,149,1,1,1787954076638857520,1787954076637967205,5653723665518,0,0,0,0
tx,551,149,1,1,1787954076638865705,1787954076637967205,5653723673963,5653723713685,72,0,0
rx,552,150,1,1,1787954076653021242,1787954076652947205,5653737829241,0,0,0,0
tx,552,150,1,1,1787954076653028483,1787954076652947205,5653737836741,5653737865815,72,0,0
rx,553,151,1,1,1787954076668247650,1787954076667935798,5653753055629,0,0,0,0
tx,553,151,1,1,1787954076668255094,1787954076667935798,5653753063389,5653753091203,72,0,0
rx,554,152,1,1,1787954076683468890,1787954076682925983,5653768276815,0,0,0,0
tx,554,152,1,1,1787954076683480575,1787954076682925983,5653768288870,5653768322315,72,0,0
rx,555,153,1,1,1787954076698786427,1787954076697965464,5653783594407,0,0,0,0
tx,555,153,1,1,1787954076698795687,1787954076697965464,5653783604055,5653783641703,72,0,0
rx,556,154,1,1,1787954076714038742,1787954076712961798,5653798846740,0,0,0,0
tx,556,154,1,1,1787954076714047020,1787954076712961798,5653798855259,5653798885944,72,0,0
rx,557,155,1,1,1787954076728215853,1787954076727943001,5653813023833,0,0,0,0
tx,557,155,1,1,1787954076728223390,1787954076727943001,5653813031648,5653813061296,72,0,0
rx,558,156,1,1,1787954076743502075,1787954076742961427,5653828310074,0,0,0,0
tx,558,156,1,1,1787954076743510872,1787954076742961427,5653828319222,5653828357277,72,0,0
rx,559,157,1,1,1787954076758744798,1787954076757944298,5653843552796,0,0,0,0
tx,559,157,1,1,1787954076758752224,1787954076757944298,5653843560574,5653843589407,72,0,0
rx,560,158,1,1,1787954076773964261,1787954076772942205,5653858772259,0,0,0,0
tx,560,158,1,1,1787954076773971557,1787954076772942205,5653858779815,5653858808129,72,0,0
rx,561,159,1,1,1787954076788183205,1787954076787955612,5653872991222,0,0,0,0
tx,561,159,1,1,1787954076788195835,1787954076787955612,5653873004092,5653873043018,72,0,0
rx,562,160,1,1,1787954076803437501,1787954076802946501,5653888245500,0,0,0,0
tx,562,160,1,1,1787954076803445872,1787954076802946501,5653888254111,5653888283055,72,0,0
rx,563,161,1,1,1787954076818663890,1787954076817944612,5653903471907,0,0,0,0
tx,563,161,1,1,1787954076818671205,1787954076817944612,5653903479463,5653903507444,72,0,0
rx,564,162,1,1,1787954076833891538,1787954076832967724,5653918699555,0,0,0,0
tx,564,162,1,1,1787954076833899668,1787954076832967724,5653918708018,5653918741889,72,0,0
rx,565,163,1,1,1787954076848067520,1787954076847945872,5653932875500,0,0,0,0
tx,565,163,1,1,1787954076848074853,1787954076847945872,5653932883111,5653932915777,72,0,0
rx,566,164,1,1,1787954076863324427,1787954076862965001,5653948132426,0,0,0,0
tx,566,164,1,1,1787954076863333149,1787954076862965001,5653948141481,5653948178351,72,0,0
rx,567,165,1,1,1787954076878591409,1787954076877974427,5653963399426,0,0,0,0
tx,567,165,1,1,1787954076878599464,1787954076877974427,5653963407722,5653963444092,72,0,0
rx,568,166,1,1,1787954076893901946,1787954076892953779,5653978709963,0,0,0,0
tx,568,166,1,1,1787954076893910242,1787954076892953779,5653978718481,5653978755055,72,0,0
rx,569,167,1,1,1787954076908059372,1787954076907941816,5653992867370,0,0,0,0
tx,569,167,1,1,1787954076908066853,1787954076907941816,5653992875111,5653992902240,72,0,0
rx,570,168,1,1,1787954076923279372,1787954076922934057,5654008087388,0,0,0,0
tx,570,168,1,1,1787954076923287149,1787954076922934057,5654008095407,5654008123518,72,0,0
rx,571,169,1,1,1787954076938573909,1787954076937965316,5654023381926,0,0,0,0
tx,571,169,1,1,1787954076938582501,1787954076937965316,5654023390740,5654023429185,72,0,0
rx,572,170,1,1,1787954076953820649,1787954076952916279,5654038628629,0,0,0,0
tx,572,170,1,1,1787954076953828279,1787954076952916279,5654038636518,5654038663685,72,0,0
rx,573,171,1,1,1787954076967960020,1787954076967943279,5654052768000,0,0,0,0
tx,573,171,1,1,1787954076967967335,1787954076967943279,5654052775592,5654052802018,72,0,0
rx,574,172,1,1,1787954076983184446,1787954076982962020,5654067992425,0,0,0,0
tx,574,172,1,1,1787954076983231279,1787954076982962020,5654068039537,5654068075814,72,0,0
rx,575,173,1,1,1787954076998502649,1787954076997949705,5654083310629,0,0,0,0
tx,575,173,1,1,1787954076998510742,1787954076997949705,5654083319000,5654083355037,72,0,0
rx,576,174,1,1,1787954077013736279,1787954077012944575,5654098544277,0,0,0,0
tx,576,174,1,1,1787954077013747038,1787954077012944575,5654098555296,5654098583500,72,0,0
rx,577,175,1,1,1787954077028981816,1787954077027945242,5654113789796,0,0,0,0
tx,577,175,1,1,1787954077028992612,1787954077027945242,5654113800907,5654113831777,72,0,0
rx,578,176,1,1,1787954077043171260,1787954077042984446,5654127979240,0,0,0,0
tx,578,176,1,1,1787954077043179260,1787954077042984446,5654127987500,5654128045648,72,0,0
rx,579,177,1,1,1787954077058455390,1787954077057946501,5654143263407,0,0,0,0
tx,579,177,1,1,1787954077058462927,1787954077057946501,5654143271277,5654143302055,72,0,0
rx,580,178,1,1,1787954077073675575,1787954077072942316,5654158483574,0,0,0,0
tx,580,178,1,1,1787954077073682853,1787954077072942316,5654158491092,5654158519185,72,0,0
rx,581,179,1,1,1787954077089040909,1787954077087961742,5654173848925,0,0,0,0
tx,581,179,1,1,1787954077089049242,1787954077087961742,5654173857500,5654173898296,72,0,0
rx,582,180,1,1,1787954077103235797,1787954077102944427,5654188043814,0,0,0,0
tx,582,180,1,1,1787954077103243557,1787954077102944427,5654188051814,5654188082259,72,0,0
rx,583,181,1,1,1787954077118469946,1787954077117939223,5654203277944,0,0,0,0
tx,583,181,1,1,1787954077118481075,1787954077117939223,5654203289314,5654203317685,72,0,0
rx,584,182,1,1,1787954077133713334,1787954077132964186,5654218521333,0,0,0,0
tx,584,182,1,1,1787954077133724927,1787954077132964186,5654218533537,5654218563870,72,0,0
rx,585,183,1,1,1787954077149013964,1787954077147949427,5654233821962,0,0,0,0
tx,585,183,1,1,1787954077149022760,1787954077147949427,5654233831018,5654233866870,72,0,0
rx,586,184,1,1,1787954077163162557,1787954077162944334,5654247970555,0,0,0,0
tx,586,184,1,1,1787954077163169816,1787954077162944334,5654247978148,5654248030851,72,0,0
rx,587,185,1,1,1787954077178400760,1787954077177938020,5654263208777,0,0,0,0
tx,587,185,1,1,1787954077178408112,1787954077177938020,5654263216370,5654263243685,72,0,0
rx,588,186,1,1,1787954077193768334,1787954077192965408,5654278576351,0,0,0,0
tx,588,186,1,1,1787954077193776742,1787954077192965408,5654278585074,5654278627296,72,0,0
rx,589,187,1,1,1787954077209024020,1787954077207947816,5654293831999,0,0,0,0
tx,589,187,1,1,1787954077209031260,1787954077207947816,5654293839611,5654293867740,72,0,0
rx,590,188,1,1,1787954077223151908,1787954077222907834,5654307959888,0,0,0,0
tx,590,188,1,1,1787954077223162408,1787954077222907834,5654307970981,5654307998073,72,0,0
rx,591,189,1,1,1787954077238427390,1787954077237973408,5654323235388,0,0,0,0
tx,591,189,1,1,1787954077238439520,1787954077237973408,5654323247759,5654323284444,72,0,0
rx,592,190,1,1,1787954077253673445,1787954077252947112,5654338481462,0,0,0,0
tx,592,190,1,1,1787954077253680908,1787954077252947112,5654338489166,5654338518962,72,0,0
rx,593,191,1,1,1787954077268889908,1787954077267942205,5654353697907,0,0,0,0
tx,593,191,1,1,1787954077268897260,1787954077267942205,5654353705518,5654353732333,72,0,0
rx,594,192,1,1,1787954077283023112,1787954077282966612,5654367831110,0,0,0,0
tx,594,192,1,1,1787954077283030594,1787954077282966612,5654367838851,5654367871166,72,0,0
rx,595,193,1,1,1787954077298414242,1787954077297954482,5654383222222,0,0,0,0
tx,595,193,1,1,1787954077298422020,1787954077297954482,5654383230277,5654383265351,72,0,0
rx,596,194,1,1,1787954077313646871,1787954077312942094,5654398454851,0,0,0,0
tx,596,194,1,1,1787954077313654334,1787954077312942094,5654398462592,5654398490555,72,0,0
rx,597,195,1,1,1787954077328871557,1787954077327966816,5654413679462,0,0,0,0
tx,597,195,1,1,1787954077328879816,1787954077327966816,5654413688296,5654413723962,72,0,0
rx,598,196,1,1,1787954077343032131,1787954077342959205,5654427840129,0,0,0,0
tx,598,196,1,1,1787954077343042908,1787954077342959205,5654427851203,5654427882981,72,0,0
rx,599,197,1,1,1787954077358286575,1787954077357945853,5654443094573,0,0,0,0
tx,599,197,1,1,1787954077358293945,1787954077357945853,5654443102277,5654443131388,72,0,0
rx,600,198,1,1,1787954077373500353,1787954077372941742,5654458308351,0,0,0,0
tx,600,198,1,1,1787954077373507686,1787954077372941742,5654458315925,5654458344203,72,0,0
rx,601,199,1,1,1787954077388760853,1787954077387965964,5654473568870,0,0,0,0
tx,601,199,1,1,1787954077388769631,1787954077387965964,5654473577870,5654473618647,72,0,0
rx,602,200,1,1,1787954077404042149,1787954077402946631,5654488850147,0,0,0,0
tx,602,200,1,1,1787954077404049575,1787954077402946631,5654488857814,5654488887073,72,0,0
rx,603,0,1,1,1787954077418176408,1787954077417940779,5654502984407,0,0,0,0
tx,603,0,1,1,1787954077418183631,1787954077417940779,5654502992259,5654503020518,72,0,0
rx,604,1,1,1,1787954077433396964,1787954077432952001,5654518204944,0,0,0,0
tx,604,1,1,1,1787954077433405168,1787954077432952001,5654518213425,5654518244796,72,0,0
rx,605,2,1,1,1787954077448674871,1787954077447944668,5654533482851,0,0,0,0
tx,605,2,1,1,1787954077448682686,1787954077447944668,5654533490944,5654533523333,72,0,0
rx,606,3,1,1,1787954077463895445,1787954077462937056,5654548703444,0,0,0,0
tx,606,3,1,1,1787954077463906445,1787954077462937056,5654548714722,5654548741925,72,0,0
rx,607,4,1,1,1787954077478024334,1787954077477936853,5654562832314,0,0,0,0
tx,607,4,1,1,1787954077478031723,1787954077477936853,5654562839981,5654562866759,72,0,0
rx,608,5,1,1,1787954077493299964,1787954077492960334,5654578107962,0,0,0,0
tx,608,5,1,1,1787954077493308538,1787954077492960334,5654578116796,5654578158833,72,0,0
rx,609,6,1,1,1787954077508570945,1787954077507946408,5654593378944,0,0,0,0
tx,609,6,1,1,1787954077508579093,1787954077507946408,5654593387351,5654593416407,72,0,0
rx,610,7,1,1,1787954077523787482,1787954077522940149,5654608595481,0,0,0,0
tx,610,7,1,1,1787954077523795019,1787954077522940149,5654608603351,5654608631425,72,0,0
rx,611,8,1,1,1787954077539065186,1787954077537955390,5654623873203,0,0,0,0
tx,611,8,1,1,1787954077539073668,1787954077537955390,5654623881925,5654623919777,72,0,0
rx,612,9,1,1,1787954077553265668,1787954077552944019,5654638073666,0,0,0,0
tx,612,9,1,1,1787954077553273130,1787954077552944019,5654638081462,5654638112092,72,0,0
rx,613,10,1,1,1787954077568474075,1787954077567943316,5654653282092,0,0,0,0
tx,613,10,1,1,1787954077568484593,1787954077567943316,5654653292870,5654653320444,72,0,0
rx,614,11,1,1,1787954077583694242,1787954077582965112,5654668502221,0,0,0,0
tx,614,11,1,1,1787954077583702279,1787954077582965112,5654668510629,5654668542573,72,0,0
rx,615,12,1,1,1787954077598962760,1787954077597956556,5654683770740,0,0,0,0
tx,615,12,1,1,1787954077598970927,1787954077597956556,5654683779166,5654683814999,72,0,0
rx,616,13,1,1,1787954077613101205,1787954077612944223,5654697909184,0,0,0,0
tx,616,13,1,1,1787954077613108630,1787954077612944223,5654697916888,5654697945221,72,0,0
rx,617,14,1,1,1787954077628323538,1787954077627964482,5654713131536,0,0,0,0
tx,617,14,1,1,1787954077628331649,1787954077627964482,5654713139999,5654713174999,72,0,0
rx,618,15,1,1,1787954077643578482,1787954077642949427,5654728386481,0,0,0,0
tx,618,15,1,1,1787954077643586149,1787954077642949427,5654728394407,5654728427444,72,0,0
rx,619,16,1,1,1787954077658865130,1787954077657946316,5654743673129,0,0,0,0
tx,619,16,1,1,1787954077658872723,1787954077657946316,5654743680962,5654743710073,72,0,0
rx,620,17,1,1,1787954077672997223,1787954077672950853,5654757805203,0,0,0,0
tx,620,17,1,1,1787954077673007667,1787954077672950853,5654757815925,5654757843388,72,0,0
rx,621,18,1,1,1787954077688242334,1787954077687963334,5654773050351,0,0,0,0
tx,621,18,1,1,1787954077688252445,1787954077687963334,5654773060703,5654773100573,72,0,0
rx,622,19,1,1,1787954077703539316,1787954077702949279,5654788347314,0,0,0,0
tx,622,19,1,1,1787954077703547556,1787954077702949279,5654788355814,5654788391221,72,0,0
rx,623,20,1,1,1787954077718800575,1787954077717949260,5654803608592,0,0,0,0
tx,623,20,1,1,1787954077718808334,1787954077717949260,5654803616703,5654803647073,72,0,0
rx,624,21,1,1,1787954077734047723,1787954077732965149,5654818855703,0,0,0,0
tx,624,21,1,1,1787954077734055945,1787954077732965149,5654818864295,5654818898832,72,0,0
rx,625,22,1,1,1787954077748298297,1787954077747957760,5654833106277,0,0,0,0
tx,625,22,1,1,1787954077748305964,1787954077747957760,5654833114221,5654833146721,72,0,0
rx,626,23,1,1,1787954077763552908,1787954077762947019,5654848360907,0,0,0,0
tx,626,23,1,1,1787954077763560464,1787954077762947019,5654848368721,5654848399147,72,0,0
rx,627,24,1,1,1787954077778799778,1787954077777963167,5654863607795,0,0,0,0
tx,627,24,1,1,1787954077778807741,1787954077777963167,5654863616073,5654863650814,72,0,0
rx,628,25,1,1,1787954077793011186,1787954077792965260,5654877819203,0,0,0,0
tx,628,25,1,1,1787954077793019686,1787954077792965260,5654877827925,5654877865481,72,0,0
rx,629,26,1,1,1787954077808260667,1787954077807943982,5654893068666,0,0,0,0
tx,629,26,1,1,1787954077808268019,1787954077807943982,5654893076277,5654893105592,72,0,0
rx,630,27,1,1,1787954077823474390,1787954077822936612,5654908282406,0,0,0,0
tx,630,27,1,1,1787954077823481723,1787954077822936612,5654908290036,5654908317240,72,0,0
rx,631,28,1,1,1787954077838701223,1787954077837956260,5654923509221,0,0,0,0
tx,631,28,1,1,1787954077838709204,1787954077837956260,5654923517444,5654923549462,72,0,0
rx,632,29,1,1,1787954077853997112,1787954077852947001,5654938805110,0,0,0,0
tx,632,29,1,1,1787954077854004741,1787954077852947001,5654938812999,5654938843832,72,0,0
rx,633,30,1,1,1787954077868168612,1787954077867966982,5654952976610,0,0,0,0
tx,633,30,1,1,1787954077868176853,1787954077867966982,5654952985221,5654953020610,72,0,0
rx,634,31,1,1,1787954077883430964,1787954077882958760,5654968238943,0,0,0,0
tx,634,31,1,1,1787954077883439019,1787954077882958760,5654968247277,5654968282332,72,0,0
rx,635,32,1,1,1787954077898710501,1787954077897957075,5654983518481,0,0,0,0
tx,635,32,1,1,1787954077898722445,1787954077897957075,5654983530758,5654983565518,72,0,0
rx,636,33,1,1,1787954077913944056,1787954077912945390,5654998752055,0,0,0,0
tx,636,33,1,1,1787954077913951593,1787954077912945390,5654998759851,5654998787425,72,0,0
rx,637,34,1,1,1787954077928115704,1787954077927968501,5655012923703,0,0,0,0
tx,637,34,1,1,1787954077928123519,1787954077927968501,5655012931851,5655012967277,72,0,0
rx,638,35,1,1,1787954077943438112,1787954077942942908,5655028246092,0,0,0,0
tx,638,35,1,1,1787954077943446056,1787954077942942908,5655028254314,5655028288258,72,0,0
rx,639,36,1,1,1787954077958668501,1787954077957945352,5655043476480,0,0,0,0
tx,639,36,1,1,1787954077958675964,1787954077957945352,5655043484240,5655043512943,72,0,0
rx,640,37,1,1,1787954077973896297,1787954077972967964,5655058704221,0,0,0,0
tx,640,37,1,1,1787954077973904575,1787954077972967964,5655058712832,5655058747573,72,0,0
rx,641,38,1,1,1787954077988075482,1787954077987947501,5655072883480,0,0,0,0
tx,641,38,1,1,1787954077988083038,1787954077987947501,5655072891555,5655072920684,72,0,0
rx,642,39,1,1,1787954078003330093,1787954078002948464,5655088138110,0,0,0,0
tx,642,39,1,1,1787954078003341927,1787954078002948464,5655088150184,5655088186166,72,0,0
rx,643,40,1,1,1787954078018569667,1787954078017945056,5655103377666,0,0,0,0
tx,643,40,1,1,1787954078018577408,1787954078017945056,5655103385647,5655103413517,72,0,0
rx,644,41,1,1,1787954078033797408,1787954078032953908,5655118605388,0,0,0,0
tx,644,41,1,1,1787954078033805778,1787954078032953908,5655118614036,5655118648240,72,0,0
rx,645,42,1,1,1787954078048058667,1787954078047958741,5655132866666,0,0,0,0
tx,645,42,1,1,1787954078048068482,1787954078047958741,5655132876832,5655132910092,72,0,0
rx,646,43,1,1,1787954078063304501,1787954078062944889,5655148112480,0,0,0,0
tx,646,43,1,1,1787954078063311964,1787954078062944889,5655148120314,5655148149573,72,0,0
rx,647,44,1,1,1787954078078536426,1787954078077961001,5655163344425,0,0,0,0
tx,647,44,1,1,1787954078078544167,1787954078077961001,5655163352499,5655163385573,72,0,0
rx,648,45,1,1,1787954078093845834,1787954078092950297,5655178653832,0,0,0,0
tx,648,45,1,1,1787954078093854612,1787954078092950297,5655178662851,5655178698999,72,0,0
rx,649,46,1,1,1787954078108003889,1787954078107941056,5655192811888,0,0,0,0
tx,649,46,1,1,1787954078108014704,1787954078107941056,5655192822962,5655192851017,72,0,0
rx,650,47,1,1,1787954078123229204,1787954078122938519,5655208037221,0,0,0,0
tx,650,47,1,1,1787954078123236945,1787954078122938519,5655208045406,5655208074277,72,0,0
rx,651,48,1,1,1787954078138467075,1787954078137959019,5655223275073,0,0,0,0
tx,651,48,1,1,1787954078138475001,1787954078137959019,5655223283240,5655223316073,72,0,0
rx,652,49,1,1,1787954078153756149,1787954078152952630,5655238564128,0,0,0,0
tx,652,49,1,1,1787954078153764186,1787954078152952630,5655238572425,5655238604925,72,0,0
rx,653,50,1,1,1787954078168990889,1787954078167940130,5655253798906,0,0,0,0
tx,653,50,1,1,1787954078168998278,1787954078167940130,5655253806536,5655253835314,72,0,0
rx,654,51,1,1,1787954078183143093,1787954078182954130,5655267951073,0,0,0,0
tx,654,51,1,1,1787954078183151352,1787954078182954130,5655267959591,5655267992258,72,0,0
rx,655,52,1,1,1787954078198547038,1787954078197957963,5655283355036,0,0,0,0
tx,655,52,1,1,1787954078198555741,1787954078197957963,5655283363980,5655283401777,72,0,0
rx,656,53,1,1,1787954078213792352,1787954078212942834,5655298600351,0,0,0,0
tx,656,53,1,1,1787954078213800037,1787954078212942834,5655298608295,5655298635943,72,0,0
rx,657,54,1,1,1787954078229018500,1787954078227965315,5655313826499,0,0,0,0
tx,657,54,1,1,1787954078229029871,1787954078227965315,5655313838184,5655313869184,72,0,0
rx,658,55,1,1,1787954078243191186,1787954078242947575,5655327999184,0,0,0,0
tx,658,55,1,1,1787954078243228408,1787954078242947575,5655328036684,5655328068443,72,0,0
rx,659,56,1,1,1787954078258488389,1787954078257947704,5655343296406,0,0,0,0
tx,659,56,1,1,1787954078258495908,1787954078257947704,5655343304165,5655343334036,72,0,0
rx,660,57,1,1,1787954078273726260,1787954078272969000,5655358534277,0,0,0,0
tx,660,57,1,1,1787954078273734241,1787954078272969000,5655358542591,5655358576684,72,0,0
rx,661,58,1,1,1787954078288964167,1787954078287945297,5655373772147,0,0,0,0
tx,661,58,1,1,1787954078288971760,1787954078287945297,5655373780017,5655373807647,72,0,0
rx,662,59,1,1,1787954078303160704,1787954078302953037,5655387968702,0,0,0,0
tx,662,59,1,1,1787954078303168834,1787954078302953037,5655387977091,5655388039851,72,0,0
rx,663,60,1,1,1787954078318433223,1787954078317942815,5655403241202,0,0,0,0
tx,663,60,1,1,1787954078318440797,1787954078317942815,5655403249036,5655403278091,72,0,0
rx,664,61,1,1,1787954078333665556,1787954078332969852,5655418473554,0,0,0,0
tx,664,61,1,1,1787954078333677130,1787954078332969852,5655418485369,5655418516962,72,0,0
rx,665,62,1,1,1787954078348947741,1787954078347948389,5655433755739,0,0,0,0
tx,665,62,1,1,1787954078348955945,1787954078347948389,5655433764351,5655433795369,72,0,0
rx,666,63,1,1,1787954078363124056,1787954078362941241,5655447932054,0,0,0,0
tx,666,63,1,1,1787954078363131574,1787954078362941241,5655447939832,5655447967239,72,0,0
rx,667,64,1,1,1787954078378375908,1787954078377961778,5655463183925,0,0,0,0
tx,667,64,1,1,1787954078378384111,1787954078377961778,5655463192499,5655463226702,72,0,0
