orion main start [Sep 20 2026] [10:24:38]
put the IMU still!
cal_len[1012]
Gyro Yaw +0.000072 
complete imu init

start can1

start can2
[0m[0m AI_CMD [0m MOTOR [0m DRIBBLER [0m KICKER [0m MOUSE [32m[1m ODOM [0m MOTION [0m VEL [0m LATENCY [0m SYSTEM [0m UART [0m TUI [0m DRIVE_LOG [0m
[33mBatt=0.1 [0m[33mODOM [31mVisionX  +0.00 Y  +0.00 theta   +0.0 elt    0 [0mimu  -0.0 Dt 1500 LtCy  750 integ.govd   +0.00   +0.00 integ.vbp +0.00 +0.00 omni.gos X     +0.0 ,Y     -0.1. omgD -0.009 omg  +0.00 loop      0
[0m[33mBatt=0.1 [0m[33mODOM [31mVisionX  +0.00 Y  +0.00 theta   +0.0 elt    0 [0mimu  -0.0 Dt 1514 LtCy  757 integ.govd   +0.00   +0.00 integ.vbp +0.00 +0.00 omni.gos X     +0.0 ,Y     -0.1. omgD -0.009 omg  +0.00 loop   4688
[0m[33mBatt=0.1 [0m[33mODOM [31mVisionX  +0.00 Y  +0.00 theta   +0.0 elt    0 [0mimu  -0.0 Dt 1530 LtCy  765 integ.govd   +0.00   +0.00 integ.vbp +0.00 +0.00 omni.gos X     +0.0 ,Y     +0.0. omgD +0.003 omg  +0.00 loop   5379
[0m[33mBatt=0.1 [0m[33mODOM [31mVisionX  +0.00 Y  +0.00 theta   +0.0 elt    0 [0mimu  -0.0 Dt 1546 LtCy  773 integ.govd   +0.00   +0.00 integ.vbp +0.00 +0.00 omni.gos X     +0.0 ,Y     -0.0. omgD -0.001 omg  +0.00 loop   5380
[0m[33mBatt=0.1 [0m[33mODOM [31mVisionX  +0.00 Y  +0.00 theta   +0.0 elt    0 [0mimu  -0.0 Dt 1562 LtCy  781 integ.govd   +0.00   +0.00 integ.vbp +0.00 +0.00 omni.gos X     +0.0 ,Y     -0.1. omgD -0.009 omg  +0.00 loop   5386
[0m[33mBatt=0.1 [0m[33mODOM [31mVisionX  +0.00 Y  +0.00 theta   +0.0 elt    0 [0mimu  -0.0 Dt 1578 LtCy  789 integ.govd   +0.00   +0.00 integ.vbp +0.00 +0.00 omni.gos X     +0.0 ,Y     -0.0. omgD -0.001 omg  +0.00 loop   5379
[0m[33mBatt=0.0 [0m[33mOOM [31mVisionX  +0.00 Y  +0.00 theta  +0.0 elt   0 [0mm  -0.0 Dt 154 Lty  797 ineg.gvd   0.00   +0.00 integ.vbp +0.00 0.00 omni.gos      +00 ,Y     -0.0. mD -0.001 omg  +0.00 loop   5362
[0m[33mBatt=0.0 [0m[33mODOM [31mVisionX  +0.00 Y  +0.00 theta   +0.0 elt    0 [0mimu  -0.0 Dt 1610 LtCy  805 integ.govd   +0.00   +0.00 integ.vbp +0.00 +0.00 omni.gos X     +0.0 ,Y     -0.1. omgD -0.005 omg  +0.00 loop   4810
[0m[33mBatt=0.0 [0m[33mODOM [31mVisionX  +0.00 Y  +0.00 theta   +0.0 elt    0 [0mimu  -0.0 Dt 1626 LtCy  813 integ.govd   +0.00   +0.00 integ.vbp +0.00 +0.00 omni.gos X     +0.0 ,Y     -0.1. omgD -0.005 omg  +0.00 loop   4823
[0m[33mBatt=0.0 [0m[33mODOM [31mVisionX  +0.00 Y  +0.00 theta   +0.0 elt    0 [0mimu  -0.0 Dt 1642 LtCy  821 integ.govd   +0.00   +0.00 integ.vbp +0.00 +0.00 omni.gos X     +0.0 ,Y     -0.0. omgD -0.001 omg  +0.00 loop   4821
[0m[33mBatt=0.0 [0m[33mODOM [31mVisionX  +0.00 Y  +0.00 theta   +0.0 elt    0 [0mimu  -0.0 Dt 1658 LtCy  829 integ.govd   +0.00   +0.00 integ.vbp +0.00 +0.00 omni.gos X     +0.0 ,Y     -0.2. omgD -0.014 omg  +0.00 loop   4814
[0m[33mBatt=0.0 [0m[33mODOM [31mVisionX  +0.00 Y  +0.00 theta   +0.0 elt    0 [0mimu  -0.0 Dt 1674 LtCy  837 integ.govd   +0.00   +0.00 integ.vbp +0.00 +0.00 omni.gos X     +0.0 ,Y     -0.0. omgD -0.001 omg  +0.00 loop   4826
[0m[33mBatt=0.0 [0m[33mODOM [31mVisionX  +0.00 Y  +0.00 theta   +0.0 elt    0 [0mimu  -0.0 Dt 1690 LtCy  845 integ.govd   +0.00   +0.00 integ.vbp +0.00 +0.00 omni.gos X     +0.0 ,Y     -0.1. omgD -0.005 omg  +0.00 loop   4816
[0m[33mBatt=0.0 [0m[33mODOM [31mVisionX  +0.00 Y  +0.00 theta   +0.0 elt    0 [0mimu  -0.0 Dt 1706 LtCy  853 integ.govd   +0.00   +0.00 integ.vbp +0.00 +0.00 omni.gos X     +0.0 ,Y     -0.0. omgD -0.001 omg  +0.00 loop   4820
[0m[33mBatt=0.0 [0m[33mODOM [31mVisionX  +0.00 Y  +0.00 theta   +0.0 elt    0 [0mimu  -0.0 Dt 1722 LtCy  861 integ.govd   +0.00   +0.00 integ.vbp +0.00 +0.00 omni.gos X     +0.0 ,Y     -0.1. omgD -0.009 omg  +0.00 loop   4820
[0m[33mBatt=0.0 [0m[33mODOM [31mVisionX  +0.00 Y  +0.00 theta   +0.0 elt    0 [0mimu  -0.0 Dt 1738 LtCy  869 integ.govd   +0.00   +0.00 integ.vbp +0.00 +0.00 omni.gos X     +0.0 ,Y     -0.1. omgD -0.009 omg  +0.00 loop   4816
[0m[33mBatt=0.0 [0m[33mODOM [31mVisionX  +0.00 Y  +0.00 theta   +0.0 elt    0 [0mimu  -0.0 Dt 1754 LtCy  877 integ.govd   +0.00   +0.00 integ.vbp +0.00 +0.00 omni.gos X     +0.0 ,Y     +0.0. omgD +0.003 omg  +0.00 loop   4817
[0m[33mBatt=0.0 [0m[33mODOM [31mVisionX  +0.00 Y  +0.00 theta   +0.0 elt    0 [0mimu  -0.0 Dt 1770 LtCy  885 integ.govd   +0.00   +0.00 integ.vbp +0.00 +0.00 omni.gos X     +0.0 ,Y     -0.0. omgD -0.001 omg  +0.00 loop   4816
[0m[33mBatt=0.0 [0m[33mODOM [31mVisionX  +0.00 Y  +0.00 theta   +0.0 elt    0 [0mimu  -0.0 Dt 1786 LtCy  893 integ.govd   +0.00   +0.00 integ.vbp +0.00 +0.00 omni.gos X     +0.0 ,Y     -0.1. omgD -0.009 omg  +0.00 loop   4821
[0m[33mBatt=0.0 [0m[33mODOM [31mVisionX  +0.00 Y  +0.00 theta   +0.0 elt    0 [0mimu  -0.0 Dt 1802 LtCy  901 integ.govd   +0.00   +0.00 integ.vbp +0.00 +0.00 omni.gos X     +0.0 ,Y     -0.1. omgD -0.009 omg  +0.00 loop   4815
[0m[33mBatt=0.0 [0m[33mODOM [31mVisionX  +0.00 Y  +0.00 theta   +0.0 elt    0 [0mimu  -0.0 Dt 1818 LtCy  909 integ.govd   +0.00   +0.00 integ.vbp +0.00 +0.00 omni.gos X     +0.0 ,Y     +0.0. omgD +0.003 omg  +0.00 loop   4818
[0m[33mBatt=0.0 [0m[33mODOM [31mVisionX  +0.00 Y  +0.00 theta   +0.0 elt    0 [0mimu  -0.0 Dt 1834 LtCy  917 integ.govd   +0.00   +0.00 integ.vbp +0.00 +0.00 omni.gos X     +0.0 ,Y     -0.1. omgD -0.005 omg  +0.00 loop   4819
[0m[33mBatt=0.0 [0m[33mODOM [31mVisionX  +0.00 Y  +0.00 theta   +0.0 elt    0 [0mimu  -0.0 Dt 1850 LtCy  925 integ.govd   +0.00   +0.00 integ.vbp +0.00 +0.00 omni.gos X     +0.0 ,Y     -0.0. omgD -0.001 omg  +0.00 loop   4817
[0m[33mBatt=0.0 [0m[33mODOM [31mVisionX  +0.00 Y  +0.00 theta   +0.0 elt    0 [0mimu  -0.0 Dt 1866 LtCy  933 integ.govd   +0.00   +0.00 integ.vbp +0.00 +0.00 omni.gos X     +0.0 ,Y     -0.0. omgD -0.001 omg  +0.00 loop   4821
[0m[33mBatt=0.0 [0m[33mODOM [31mVisionX  +0.00 Y  +0.00 theta   +0.0 elt    0 [0mimu  -0.0 Dt 1882 LtCy  941 integ.govd   +0.00   +0.00 integ.vbp +0.00 +0.00 omni.gos X     +0.0 ,Y     +0.0. omgD +0.003 omg  +0.00 loop   4826
[0m[33mBatt=0.0 [0m[33mODOM [31mVisionX  +0.00 Y  +0.00 theta   +0.0 elt    0 [0mimu  -0.0 Dt 1898 LtCy  949 integ.govd   +0.00   +0.00 integ.vbp +0.00 +0.00 omni.gos X     +0.0 ,Y     +0.0. omgD +0.003 omg  +0.00 loop   4820
[0m[33mBatt=0.0 [0m[33mODOM [31mVisionX  +0.00 Y  +0.00 theta   +0.0 elt    0 [0mimu  -0.0 Dt 1914 LtCy  957 integ.govd   +0.00   +0.00 integ.vbp +0.00 +0.00 omni.gos X     +0.0 ,Y     -0.0. omgD -0.001 omg  +0.00 loop   4816
[0m[33mBatt=0.0 [0m[33mODOM [31mVisionX  +0.00 Y  +0.00 theta   +0.0 elt    0 [0mimu  -0.0 Dt 1930 LtCy  965 integ.govd   +0.00   +0.00 integ.vbp +0.00 +0.00 omni.gos X     +0.0 ,Y     -0.0. omgD -0.001 omg  +0.00 loop   4821
[0m[33mBatt=0.0 [0m[33mODOM [31mVisionX  +0.00 Y  +0.00 theta   +0.0 elt    0 [0mimu  -0.0 Dt 1946 LtCy  973 integ.govd   +0.00   +0.00 integ.vbp +0.00 +0.00 omni.gos X     +0.0 ,Y     -0.0. omgD -0.001 omg  +0.00 loop   4821
[0m[33mBatt=0.0 [0m[33mODOM [31mVisionX  +0.00 Y  +0.00 theta   +0.0 elt    0 [0mimu  -0.0 Dt 1962 LtCy  981 integ.govd   +0.00   +0.00 integ.vbp +0.00 +0.00 omni.gos X     +0.0 ,Y     -0.1. omgD -0.009 omg  +0.00 loop   4819
[0m[33mBatt=0.0 [0m[33mODOM [31mVisionX  +0.00 Y  +0.00 theta   +0.0 elt    0 [0mimu  -0.0 Dt 1978 LtCy  989 integ.govd   +0.00   +0.00 integ.vbp +0.00 +0.00 omni.gos X     +0.0 ,Y     -0.0. omgD -0.003 omg  +0.00 loop   4812
[0m[33mBatt=0.0 [0m[33mODOM [31mVisionX  +0.00 Y  +0.00 theta   +0.0 elt    0 [0mimu  -0.0 Dt 1994 LtCy  997 integ.govd   +0.00   +0.00 integ.vbp +0.00 +0.00 omni.gos X     +0.0 ,Y     -0.0. omgD -0.003 omg  +0.00 loop   4822
[0m[33mBatt=0.0 [0m[33mODOM [31mVisionX  +0.00 Y  +0.00 theta   +0.0 elt    0 [0mimu  -0.0 Dt 2002 LtCy 1001 integ.govd   +0.00   +0.00 integ.vbp +0.00 +0.00 omni.gos X     +0.0 ,Y     -0.1. omgD -0.005 omg  +0.00 loop   2327
[0m[33mBatt=0.0 [0m[33mODOM [31mVisionX  +0.00 Y  +0.00 theta   +0.0 elt    0 [0mimu  -0.0 Dt 2018 LtCy 1009 integ.govd   +0.00   +0.00 integ.vbp +0.00 +0.00 omni.gos X     +0.0 ,Y     -0.0. omgD -0.003 omg  +0.00 loop   4821
[0m[33mBatt=0.0 [0m[33mODOM [31mVisionX  +0.00 Y  +0.00 theta   +0.0 elt    0 [0mimu  -0.0 Dt 2034 LtCy 1017 integ.govd   +0.00   +0.00 integ.vbp +0.00 +0.00 omni.gos X     +0.0 ,Y     -0.0. omgD -0.003 omg  +0.00 loop   4817
[0m[33mBatt=0.0 [0m[33mODOM [31mVisionX  +0.00 Y  +0.00 theta   +0.0 elt    0 [0mimu  -0.0 Dt 2050 LtCy 1025 integ.govd   +0.00   +0.00 integ.vbp +0.00 +0.00 omni.gos X     +0.0 ,Y     -0.0. omgD -0.001 omg  +0.00 loop   4819
[0m[33mBatt=0.0 [0m[33mODOM [31mVisionX  +0.00 Y  +0.00 theta   +0.0 elt    0 [0mimu  -0.0 Dt 2066 LtCy 1033 integ.govd   +0.00   +0.00 integ.vbp +0.00 +0.00 omni.gos X     +0.0 ,Y     -0.1. omgD -0.007 omg  +0.00 loop   4817
[0m[33mBatt=0.0 [0m[33mODOM [31mVisionX  +0.00 Y  +0.00 theta   +0.0 elt    0 [0mimu  -0.0 Dt 2082 LtCy 1041 integ.govd   +0.00   +0.00 integ.vbp +0.00 +0.00 omni.gos X     +0.0 ,Y     -0.2. omgD -0.012 omg  +0.00 loop   4818
[0m[33mBatt=0.0 [0m[33mODOM [31mVisionX  +0.00 Y  +0.00 theta   +0.0 elt    0 [0mimu  -0.0 Dt 2098 LtCy 1049 integ.govd   +0.00   +0.00 integ.vbp +0.00 +0.00 omni.gos X     +0.0 ,Y     -0.1. omgD -0.009 omg  +0.00 loop   4817
[0m[33mBatt=0.0 [0m[33mODOM [31mVisionX  +0.00 Y  +0.00 theta   +0.0 elt    0 [0mimu  -0.0 Dt 2114 LtCy 1057 integ.govd   +0.00   +0.00 integ.vbp +0.00 +0.00 omni.gos X     +0.0 ,Y     -0.0. omgD -0.001 omg  +0.00 loop   4819
[0m[33mBatt=0.0 [0m[33mODOM [31mVisionX  +0.00 Y  +0.00 theta   +0.0 elt    0 [0mimu  -0.0 Dt    2 LtCy    1 integ.govd   +0.00   -0.00 integ.vbp +0.00 -0.00 omni.gos X     +0.0 ,Y     -0.0. omgD -0.001 omg  +0.00 loop   4751
[0m[33mBatt=0.0 [0m[33mODOM [31mVisionX  +0.00 Y  +0.00 theta   +0.0 elt    0 [0mimu  -0.0 Dt    2 LtCy    1 integ.govd   +0.00   -0.00 integ.vbp +0.00 -0.00 omni.gos X     +0.0 ,Y     -0.0. omgD -0.003 omg  +0.00 loop   4727
[0m[33mBatt=0.0 [0m[33mODOM [31mVisionX  +0.00 Y  +0.00 theta   +0.0 elt    0 [0mimu  -0.0 Dt    4 LtCy    2 integ.govd   +0.00   -0.00 integ.vbp +0.00 -0.00 omni.gos X     +0.0 ,Y     -0.1. omgD -0.007 omg  +0.00 loop   4728
[0m[33mBatt=0.0 [0m[33mODOM [31mVisionX  +0.00 Y  +0.00 theta   +0.0 elt    0 [0mimu  -0.0 Dt    4 LtCy    2 integ.govd   +0.00   -0.00 integ.vbp +0.00 -0.00 omni.gos X     +0.0 ,Y     -0.1. omgD -0.009 omg  +0.00 loop   4711
[0m[33mBatt=0.0 [0m[33mODOM [31mVisionX  +0.00 Y  +0.00 theta   +0.0 elt    0 [0mimu  -0.0 Dt    6 LtCy    3 integ.govd   +0.00   -0.00 integ.vbp +0.00 -0.00 omni.gos X     +0.0 ,Y     -0.0. omgD -0.003 omg  +0.00 loop   4728
[0m[33mBatt=0.0 [0m[33mODOM [31mVisionX  +0.00 Y  +0.00 theta   +0.0 elt    0 [0mimu  -0.0 Dt    6 LtCy    3 integ.govd   +0.00   -0.00 integ.vbp +0.00 -0.00 omni.gos X     +0.0 ,Y     -0.0. omgD -0.003 omg  +0.00 loop   4714
[0m[33mBatt=0.0 [0m[33mODOM [31mVisionX  +0.00 Y  +0.00 theta   +0.0 elt    0 [0mimu  -0.0 Dt    8 LtCy    4 integ.govd   +0.00   -0.00 integ.vbp +0.00 -0.00 omni.gos X     +0.0 ,Y     -0.0. omgD -0.001 omg  +0.00 loop   4725
[0m[33mBatt=0.0 [0m[33mODOM [31mVisionX  +0.00 Y  +0.00 theta   +0.0 elt    0 [0mimu  -0.0 Dt    8 LtCy    4 integ.govd   +0.00   -0.00 integ.vbp +0.00 -0.00 omni.gos X     +0.0 ,Y     -0.1. omgD -0.009 omg  +0.00 loop   4719
[0m[33mBatt=0.0 [0m[33mODOM [31mVisionX  +0.00 Y  +0.00 theta   +0.0 elt    0 [0mimu  -0.0 Dt   10 LtCy    5 integ.govd   +0.00   -0.00 integ.vbp +0.00 -0.00 omni.gos X     +0.0 ,Y     -0.1. omgD -0.007 omg  +0.00 loop   4725
[0m[33mBatt=0.0 [0m[33mODOM [31mVisionX  +0.00 Y  +0.00 theta   +0.0 elt    0 [0mimu  -0.0 Dt   12 LtCy    6 integ.govd   +0.00   -0.00 integ.vbp +0.00 -0.00 omni.gos X     +0.0 ,Y     -0.0. omgD -0.001 omg  +0.00 loop   4728
[0m[33mBatt=0.0 [0m[33mODOM [31mVisionX  +0.00 Y  +0.00 theta   +0.0 elt    0 [0mimu  -0.0 Dt   12 LtCy    6 integ.govd   +0.00   -0.00 integ.vbp +0.00 -0.00 omni.gos X     +0.0 ,Y     -0.1. omgD -0.005 omg  +0.00 loop   4714
[0m[33mBatt=0.0 [0m[33mODOM [31mVisionX  +0.00 Y  +0.00 theta   +0.0 elt    0 [0mimu  -0.0 Dt   14 LtCy    7 integ.govd   +0.00   -0.00 integ.vbp +0.00 -0.00 omni.gos X     +0.0 ,Y     -0.0. omgD -0.003 omg  +0.00 loop   4727
[0m[33mBatt=0.0 [0m[33mODOM [31mVisionX  +0.00 Y  +0.00 theta   +0.0 elt    0 [0mimu  -0.0 Dt   14 LtCy    7 integ.govd   +0.00   +0.00 integ.vbp +0.00 +0.00 omni.gos X     +0.0 ,Y     +0.0. omgD +0.003 omg  +0.00 loop   4700
[0m[33mBatt=3.7 [0m[33mODOM [31mVisionX  +0.00 Y  +0.00 theta   +0.0 elt    0 [0mimu  -0.0 Dt    0 LtCy    0 integ.govd   +0.00   +0.00 integ.vbp +0.00 +0.00 omni.gos X     +0.0 ,Y     -0.0. omgD -0.001 omg  +0.00 loop   4471
[0m[33mBatt=7.1 [0m[33mODOM [31mVisionX  +0.00 Y  +0.00 theta   +0.0 elt    0 [0mimu  -0.0 Dt    0 LtCy    0 integ.govd   +0.00   +0.00 integ.vbp +0.00 +0.00 omni.gos X     +0.0 ,Y     -0.1. omgD -0.009 omg  +0.00 loop   4512
[0m[33mBatt=9.9 [0m[33mODOM [31mVisionX  +0.00 Y  +0.00 theta   +0.0 elt    0 [0mimu  -0.0 Dt    2 LtCy    1 integ.govd   +0.00   -0.00 integ.vbp +0.00 -0.00 omni.gos X     +0.0 ,Y     -0.2. omgD -0.014 omg  +0.00 loop   4531
[0m[33mBatt=12.3 [0m[33mODOM [31mVisionX  +0.00 Y  +0.00 theta   +0.0 elt    0 [0mimu  -0.0 Dt    4 LtCy    2 integ.govd   +0.00   -0.00 integ.vbp +0.00 -0.00 omni.gos X     +0.0 ,Y     -0.1. omgD -0.005 omg  +0.00 loop   4496
[0m[33mBatt=14.2 [0m[33mODOM [31mVisionX  +0.00 Y  +0.00 theta   +0.0 elt    0 [0mimu  -0.0 Dt    4 LtCy    2 integ.govd   +0.00   -0.00 integ.vbp +0.00 -0.00 omni.gos X     +0.0 ,Y     -0.0. omgD -0.001 omg  +0.00 loop   4493
[0m[33mBatt=15.8 [0m[33mODOM [31mVisionX  +0.00 Y  +0.00 theta   +0.0 elt    0 [0mimu  -0.0 Dt    6 LtCy    3 integ.govd   +0.00   -0.00 integ.vbp +0.00 -0.00 omni.gos X     +0.0 ,Y     -0.1. omgD -0.009 omg  +0.00 loop   4519
[0m[33mBatt=17.1 [0m[33mODOM [31mVisionX  +0.00 Y  +0.00 theta   +0.0 elt    0 [0mimu  -0.0 Dt    6 LtCy    3 integ.govd   +0.00   -0.00 integ.vbp +0.00 -0.00 omni.gos X     +0.0 ,Y     -0.2. omgD -0.014 omg  +0.00 loop   4490
[0m[33mBatt=18.2 [0m[33mODOM [31mVisionX  +0.00 Y  +0.00 theta   +0.0 elt    0 [0mimu  -0.0 Dt    8 LtCy    4 integ.govd   +0.00   -0.00 integ.vbp +0.00 -0.00 omni.gos X     +0.0 ,Y     -0.1. omgD -0.009 omg  +0.00 loop   4487
[0m[33mBatt=19.1 [0m[33mODOM [31mVisionX  +0.00 Y  +0.00 theta   +0.0 elt    0 [0mimu  -0.0 Dt    8 LtCy    4 integ.govd   +0.00   -0.00 integ.vbp +0.00 -0.00 omni.gos X     +0.0 ,Y     -0.2. omgD -0.014 omg  +0.00 loop   4504
[0m[33mBatt=19.9 [0m[33mODOM [31mVisionX  +0.00 Y  +0.00 theta   +0.0 elt    0 [0mimu  -0.0 Dt   10 LtCy    5 integ.govd   +0.00   -0.00 integ.vbp +0.00 -0.00 omni.gos X     +0.0 ,Y     -0.2. omgD -0.014 omg  +0.00 loop   4515
[0m[33mBatt=20.5 [0m[33mODOM [31mVisionX  +0.00 Y  +0.00 theta   +0.0 elt    0 [0mimu  -0.0 Dt   10 LtCy    5 integ.govd   +0.00   +0.00 integ.vbp +0.00 +0.00 omni.gos X     +0.0 ,Y     +0.0. omgD +0.003 omg  +0.00 loop   4465
[0m[33mBatt=21.0 [0m[33mODOM [31mVisionX  +0.00 Y  +0.00 theta   +0.0 elt    0 [0mimu  -0.0 Dt   12 LtCy    6 integ.govd   +0.00   +0.00 integ.vbp +0.00 +0.00 omni.gos X     +0.0 ,Y     +0.0. omgD +0.003 omg  +0.00 loop   4516
[0m[33mBatt=21.4 [0m[33mODOM [31mVisionX  +0.00 Y  +0.00 theta   +0.0 elt    0 [0mimu  -0.0 Dt   14 LtCy    7 integ.govd   +0.00   +0.00 integ.vbp +0.00 +0.00 omni.gos X     +0.0 ,Y     -0.1. omgD -0.005 omg  +0.00 loop   4518
[0m[33mBatt=21.7 [0m[33mODOM [31mVisionX  +0.00 Y  +0.00 theta   +0.0 elt    0 [0mimu  -0.0 Dt    0 LtCy    0 integ.govd   +0.00   +0.00 integ.vbp +0.00 +0.00 omni.gos X     +0.0 ,Y     +0.2. omgD +0.012 omg  +0.00 loop   4396
[0m[33mBatt=22.0 [0m[33mODOM [31mVisionX  +0.00 Y  +0.00 theta   +0.0 elt    0 [0mimu  -0.0 Dt    0 LtCy    0 integ.govd   +0.00   +0.00 integ.vbp +0.00 +0.00 omni.gos X     +0.0 ,Y     +0.0. omgD +0.003 omg  +0.00 loop   4515
[0m[33mBatt=22.3 [0m[33mODOM [31mVisionX  +0.00 Y  +0.00 theta   +0.0 elt    0 [0mimu  -0.0 Dt    2 LtCy    1 integ.govd   +0.00   -0.00 integ.vbp +0.00 -0.00 omni.gos X     +0.0 ,Y     -0.2. omgD -0.014 omg  +0.00 loop   4501
[0m[33mBatt=22.5 [0m[33mODOM [31mVisionX  +0.00 Y  +0.00 theta   +0.0 elt    0 [0mimu  -0.0 Dt    2 LtCy    1 integ.govd   +0.00   -0.00 integ.vbp +0.00 -0.00 omni.gos X     +0.0 ,Y     -0.1. omgD -0.009 omg  +0.00 loop   4492
[0mBatt=22.6 [0m[33mODOM [31mVisionX  +0.00 Y  +0.00 theta   +0.0 elt    0 [0mimu  -0.0 Dt    4 LtCy    2 integ.govd   +0.00   +0.00 integ.vbp +0.00 +0.00 omni.gos X     +0.0 ,Y     +0.0. omgD +0.003 omg  +0.00 loop   4487
[0mBatt=22.8 [0m[33mODOM [31mVisionX  +0.00 Y  +0.00 theta   +0.0 elt    0 [0mimu  -0.0 Dt    4 LtCy    2 integ.govd   +0.00   +0.00 integ.vbp +0.00 +0.00 omni.gos X     +0.0 ,Y     +0.1. omgD +0.008 omg  +0.00 loop   4517
[0mBatt=22.9 [0m[33mODOM [31mVisionX  +0.00 Y  +0.00 theta   +0.0 elt    0 [0mimu  -0.0 Dt    6 LtCy    3 integ.govd   +0.00   -0.00 integ.vbp +0.00 -0.00 omni.gos X     +0.0 ,Y     -0.1. omgD -0.005 omg  +0.00 loop   4506
[0mBatt=23.0 [0m[33mODOM [31mVisionX  +0.00 Y  +0.00 theta   +0.0 elt    0 [0mimu  -0.0 Dt    8 LtCy    4 integ.govd   +0.00   -0.00 integ.vbp +0.00 -0.00 omni.gos X     +0.0 ,Y     -0.1. omgD -0.009 omg  +0.00 loop   4486
[0mBatt=23.0 [0m[33mODOM [31mVisionX  +0.00 Y  +0.00 theta   +0.0 elt    0 [0mimu  -0.1 Dt    8 LtCy    4 integ.govd   +0.00   -0.00 integ.vbp +0.00 -0.00 omni.gos X     +0.0 ,Y     -0.0. omgD -0.001 omg  +0.00 loop   4511
[0mBatt=23.1 [0m[33mODOM [31mVisionX  +0.00 Y  +0.00 theta   +0.0 elt    0 [0mimu  -0.1 Dt   10 LtCy    5 integ.govd   +0.00   -0.00 integ.vbp +0.00 -0.00 omni.gos X     +0.0 ,Y     -0.0. omgD -0.001 omg  +0.00 loop   4510
[0mBatt=23.1 [0m[33mODOM [31mVisionX  +0.00 Y  +0.00 theta   +0.0 elt    0 [0mimu  -0.1 Dt   10 LtCy    5 integ.govd   +0.00   +0.00 integ.vbp +0.00 +0.00 omni.gos X     +0.0 ,Y     +0.0. omgD +0.003 omg  +0.00 loop   4474
[0mBatt=23.2 [0m[33mODOM [31mVisionX  +0.00 Y  +0.00 theta   +0.0 elt    0 [0mimu  -0.1 Dt   12 LtCy    6 integ.govd   -0.00   -0.00 integ.vbp -0.00 -0.00 omni.gos X     +0.0 ,Y     -0.1. omgD -0.009 omg  +0.00 loop   4506
[0mBatt=23.2 [0m[33mODOM [31mVisionX  +0.00 Y  +0.00 theta   +0.0 elt    0 [0mimu  -0.1 Dt   12 LtCy    6 integ.govd   +0.00   -0.00 integ.vbp +0.00 -0.00 omni.gos X     +0.0 ,Y     -0.1. omgD -0.009 omg  +0.00 loop   4496
[0mBatt=23.3 [0m[33mODOM [31mVisionX  +0.00 Y  +0.00 theta   +0.0 elt    0 [0mimu  -0.1 Dt    0 LtCy    0 integ.govd   +0.00   +0.00 integ.vbp +0.00 +0.00 omni.gos X     +0.0 ,Y     -0.1. omgD -0.005 omg  +0.00 loop   4410
[0mBatt=23.3 [0m[33mODOM [31mVisionX  +0.00 Y  +0.00 theta   +0.0 elt    0 [0mimu  -0.1 Dt    0 LtCy    0 integ.govd   +0.00   +0.00 integ.vbp +0.00 +0.00 omni.gos X     +0.0 ,Y     -0.1. omgD -0.009 omg  +0.00 loop   4509
[0mBatt=23.3 [0m[33mODOM [31mVisionX  +0.00 Y  +0.00 theta   +0.0 elt    0 [0mimu  -0.1 Dt    2 LtCy    1 integ.govd   +0.00   -0.00 integ.vbp +0.00 -0.00 omni.gos X     +0.0 ,Y     -0.1. omgD -0.005 omg  +0.00 loop   4534
[0mBatt=23.3 [0m[33mODOM [31mVisionX  +0.00 Y  +0.00 theta   +0.0 elt    0 [0mimu  -0.1 Dt    2 LtCy    1 integ.govd   +0.00   -0.00 integ.vbp +0.00 -0.00 omni.gos X     +0.0 ,Y     -0.1. omgD -0.005 omg  +0.00 loop   4490
[0mBatt=23.3 [0m[33mODOM [31mVisionX  +0.00 Y  +0.00 theta   +0.0 elt    0 [0mimu  -0.1 Dt    4 LtCy    2 integ.govd   +0.00   -0.00 integ.vbp +0.00 -0.00 omni.gos X     +0.0 ,Y     -0.1. omgD -0.005 omg  +0.00 loop   4494
[0mBatt=23.3 [0m[33mODOM [31mVisionX  +0.00 Y  +0.00 theta   +0.0 elt    0 [0mimu  -0.1 Dt    4 LtCy    2 integ.govd   +0.00   -0.00 integ.vbp +0.00 -0.00 omni.gos X     +0.0 ,Y     -0.1. omgD -0.009 omg  +0.00 loop   4509
[0mBatt=23.3 [0m[33mODOM [31mVisionX  +0.00 Y  +0.00 theta   +0.0 elt    0 [0mimu  -0.1 Dt    6 LtCy    3 integ.govd   +0.00   -0.00 integ.vbp +0.00 -0.00 omni.gos X     +0.0 ,Y     -0.1. omgD -0.009 omg  +0.00 loop   4506
[0mBatt=23.4 [0m[33mODOM [31mVisionX  +0.00 Y  +0.00 theta   +0.0 elt    0 [0mimu  -0.1 Dt    6 LtCy    3 integ.govd   +0.00   -0.00 integ.vbp +0.00 -0.00 omni.gos X     +0.0 ,Y     -0.1. omgD -0.005 omg  +0.00 loop   4482
[0mBatt=23.4 [0m[33mODOM [31mVisionX  +0.00 Y  +0.00 theta   +0.0 elt    0 [0mimu  -0.1 Dt    8 LtCy    4 integ.govd   +0.00   -0.00 integ.vbp +0.00 -0.00 omni.gos X     +0.0 ,Y     -0.0. omgD -0.001 omg  +0.00 loop   4516
[0mBatt=23.4 [0m[33mODOM [31mVisionX  +0.00 Y  +0.00 theta   +0.0 elt    0 [0mimu  -0.1 Dt   10 LtCy    5 integ.govd   +0.00   -0.00 integ.vbp +0.00 -0.00 omni.gos X     +0.0 ,Y     -0.1. omgD -0.005 omg  +0.00 loop   4518
[0mBatt=23.4 [0m[33mODOM [31mVisionX  +0.00 Y  +0.00 theta   +0.0 elt    0 [0mimu  -0.1 Dt   10 LtCy    5 integ.govd   +0.00   -0.00 integ.vbp +0.00 -0.00 omni.gos X     +0.0 ,Y     -0.0. omgD -0.001 omg  +0.00 loop   4484
[0mBatt=23.4 [0m[33mODOM [31mVisionX  +0.00 Y  +0.00 theta   +0.0 elt    0 [0mimu  -0.1 Dt   10 LtCy    5 integ.govd   -0.00   -0.00 integ.vbp -0.00 -0.00 omni.gos X     +0.0 ,Y     -0.0. omgD -0.001 omg  +0.00 loop   4499
[0mBatt=23.4 [0m[33mODOM [31mVisionX  +0.00 Y  +0.00 theta   +0.0 elt    0 [0mimu  -0.1 Dt   12 LtCy    6 integ.govd   +0.00   +0.00 integ.vbp +0.00 +0.00 omni.gos X     +0.0 ,Y     +0.0. omgD +0.003 omg  +0.00 loop   4492
[0mBatt=23.4 [0m[33mODOM [31mVisionX  +0.00 Y  +0.00 theta   +0.0 elt    0 [0mimu  -0.1 Dt   12 LtCy    6 integ.govd   +0.00   -0.00 integ.vbp +0.00 -0.00 omni.gos X     +0.0 ,Y     -0.0. omgD -0.001 omg  +0.00 loop   4484
[0mBatt=23.4 [0m[33mODOM [31mVisionX  +0.00 Y  +0.00 theta   +0.0 elt    0 [0mimu  -0.1 Dt   14 LtCy    7 integ.govd   +0.00   +0.00 integ.vbp +0.00 +0.00 omni.gos X     +0.0 ,Y     +0.1. omgD +0.008 omg  +0.00 loop   4455
[0mBatt=23.4 [0m[33mODOM [31mVisionX  +0.00 Y  +0.00 theta   +0.0 elt    0 [0mimu  -0.1 Dt    0 LtCy    0 integ.govd   +0.00   +0.00 integ.vbp +0.00 +0.00 omni.gos X     +0.0 ,Y     -0.1. omgD -0.009 omg  +0.00 loop   4481
[0mBatt=23.4 [0m[33mODOM [31mVisionX  +0.00 Y  +0.00 theta   +0.0 elt    0 [0mimu  -0.1 Dt    8 LtCy    4 integ.govd   +0.00   -0.00 integ.vbp +0.00 -0.00 omni.gos X     +0.0 ,Y     -0.0. omgD -0.001 omg  +0.00 loop   2221
[0mBatt=23.4 [0m[33mODOM [31mVisionX  +0.00 Y  +0.00 theta   +0.0 elt    0 [0mimu  -0.1 Dt    8 LtCy    4 integ.govd   +0.00   -0.00 integ.vbp +0.00 -0.00 omni.gos X     +0.0 ,Y     -0.1. omgD -0.005 omg  +0.00 loop   4483
[0mBatt=23.4 [0m[33mODOM [31mVisionX  +0.00 Y  +0.00 theta   +0.0 elt    0 [0mimu  -0.1 Dt   10 LtCy    5 integ.govd   +0.00   -0.00 integ.vbp +0.00 -0.00 omni.gos X     +0.0 ,Y     -0.1. omgD -0.009 omg  +0.00 loop   4513
[0mBatt=23.4 [0m[33mODOM [31mVisionX  +0.00 Y  +0.00 theta   +0.0 elt    0 [0mimu  -0.1 Dt   12 LtCy    6 integ.govd   +0.00   -0.00 integ.vbp +0.00 -0.00 omni.gos X     +0.0 ,Y     -0.0. omgD -0.001 omg  +0.00 loop   4515
[0mBatt=23.4 [0m[33mODOM [31mVisionX  +0.00 Y  +0.00 theta   +0.0 elt    0 [0mimu  -0.1 Dt   12 LtCy    6 integ.govd   +0.00   -0.00 integ.vbp +0.00 -0.00 omni.gos X     +0.0 ,Y     -0.0. omgD -0.001 omg  +0.00 loop   4484
[0mBatt=23.4 [0m[33mODOM [31mVisionX  +0.00 Y  +0.00 theta   +0.0 elt    0 [0mimu  -0.1 Dt   14 LtCy    7 integ.govd   +0.00   -0.00 integ.vbp +0.00 -0.00 omni.gos X     +0.0 ,Y     -0.1. omgD -0.009 omg  +0.00 loop   4471
[0mBatt=23.4 [0m[33mODOM [31mVisionX  +0.00 Y  +0.00 theta   +0.0 elt    0 [0mimu  -0.1 Dt    0 LtCy    0 integ.govd   +0.00   +0.00 integ.vbp +0.00 +0.00 omni.gos X     +0.0 ,Y     -0.1. omgD -0.005 omg  +0.00 loop   4456
[0mBatt=23.4 [0m[33mODOM [31mVisionX  +0.00 Y  +0.00 theta   +0.0 elt    0 [0mimu  -0.1 Dt    0 LtCy    0 integ.govd   +0.00   +0.00 integ.vbp +0.00 +0.00 omni.gos X     +0.0 ,Y     -0.2. omgD -0.014 omg  +0.00 loop   4521
[0mBatt=23.4 [0mODOM [31mVisionX  +0.00 Y  +0.00 theta   +0.0 elt    0 [0mimu  -0.1 Dt    2 LtCy    1 integ.govd   +0.00   -0.00 integ.vbp +0.00 -0.00 omni.gos X     +0.0 ,Y     -0.1. omgD -0.009 omg  +0.00 loop   4498
[0mBatt=23.4 [0mODOM [31mVisionX  +0.00 Y  +0.00 theta   +0.0 elt    0 [0mimu  -0.1 Dt    4 LtCy    2 integ.govd   +0.00   -0.00 integ.vbp +0.00 -0.00 omni.gos X     +0.0 ,Y     -0.1. omgD -0.009 omg  +0.00 loop   4548
[0mBatt=23.4 [0mODOM [31mVisionX  +0.00 Y  +0.00 theta   +0.0 elt    0 [0mimu  -0.1 Dt    4 LtCy    2 integ.govd   +0.00   -0.00 integ.vbp +0.00 -0.00 omni.gos X     +0.0 ,Y     -0.1. omgD -0.005 omg  +0.00 loop   4544
[0mBatt=23.4 [0mODOM [31mVisionX  +0.00 Y  +0.00 theta   +0.0 elt    0 [0mimu  -0.1 Dt    6 LtCy    3 integ.govd   +0.00   -0.00 integ.vbp +0.00 -0.00 omni.gos X     +0.0 ,Y     -0.1. omgD -0.005 omg  +0.00 loop   4515
[0mBatt=23.4 [0mODOM [31mVisionX  +0.00 Y  +0.00 theta   +0.0 elt    0 [0mimu  -0.1 Dt    6 LtCy    3 integ.govd   +0.00   +0.00 integ.vbp +0.00 +0.00 omni.gos X     +0.0 ,Y     +0.0. omgD +0.003 omg  +0.00 loop   4535
[0mBatt=23.4 [0mODOM [31mVisionX  +0.00 Y  +0.00 theta   +0.0 elt    0 [0mimu  -0.1 Dt    8 LtCy    4 integ.govd   +0.00   -0.00 integ.vbp +0.00 -0.00 omni.gos X     +0.0 ,Y     -0.1. omgD -0.005 omg  +0.00 loop   4534
[0mBatt=23.4 [0mODOM [31mVisionX  +0.00 Y  +0.00 theta   +0.0 elt    0 [0mimu  -0.1 Dt    8 LtCy    4 integ.govd   -0.00   -0.00 integ.vbp -0.00 -0.00 omni.gos X     +0.0 ,Y     -0.0. omgD -0.001 omg  +0.00 loop   4511
[0mBatt=23.4 [0mODOM [31mVisionX  +0.00 Y  +0.00 theta   +0.0 elt    0 [0mimu  -0.1 Dt   10 LtCy    5 integ.govd   +0.00   -0.00 integ.vbp +0.00 -0.00 omni.gos X     +0.0 ,Y     -0.0. omgD -0.001 omg  +0.00 loop   4508
[0mBatt=23.4 [0mODOM [31mVisionX  +0.00 Y  +0.00 theta   +0.0 elt    0 [0mimu  -0.1 Dt   10 LtCy    5 integ.govd   +0.00   -0.00 integ.vbp +0.00 -0.00 omni.gos X     +0.0 ,Y     -0.0. omgD -0.001 omg  +0.00 loop   4544
[0mBatt=23.4 [0mODOM [31mVisionX  +0.00 Y  +0.00 theta   +0.0 elt    0 [0mimu  -0.1 Dt   12 LtCy    6 integ.govd   +0.00   -0.00 integ.vbp +0.00 -0.00 omni.gos X     +0.0 ,Y     -0.1. omgD -0.005 omg  +0.00 loop   4529
[0mBatt=23.4 [0mODOM [31mVisionX  +0.00 Y  +0.00 theta   +0.0 elt    0 [0mimu  -0.1 Dt   12 LtCy    6 integ.govd   +0.00   -0.00 integ.vbp +0.00 -0.00 omni.gos X     +0.0 ,Y     -0.1. omgD -0.009 omg  +0.00 loop   4496
[0mBatt=23.4 [0mODOM [31mVisionX  +0.00 Y  +0.00 theta   +0.0 elt    0 [0mimu  -0.1 Dt    0 LtCy    0 integ.govd   +0.00   +0.00 integ.vbp +0.00 +0.00 omni.gos X     +0.0 ,Y     -0.1. omgD -0.005 omg  +0.00 loop   4486
[0mBatt=23.4 [0mODOM [31mVisionX  +0.00 Y  +0.00 theta   +0.0 elt    0 [0mimu  -0.1 Dt    0 LtCy    0 integ.govd   +0.00   +0.00 integ.vbp +0.00 +0.00 omni.gos X     +0.0 ,Y     -0.0. omgD -0.001 omg  +0.00 loop   4539
[0mBatt=23.4 [0mODOM [31mVisionX  +0.00 Y  +0.00 theta   +0.0 elt    0 [0mimu  -0.1 Dt    0 LtCy    0 integ.govd   +0.00   +0.00 integ.vbp +0.00 +0.00 omni.gos X     +0.0 ,Y     -0.1. omgD -0.009 omg  +0.00 loop   4521
[0mBatt=23.4 [0mODOM [31mVisionX  +0.00 Y  +0.00 theta   +0.0 elt    0 [0mimu  -0.1 Dt    2 LtCy    1 integ.govd   +0.00   -0.00 integ.vbp +0.00 -0.00 omni.gos X     +0.0 ,Y     -0.1. omgD -0.009 omg  +0.00 loop   4552
[0mBatt=23.4 [0mODOM [31mVisionX  +0.00 Y  +0.00 theta   +0.0 elt    0 [0mimu  -0.1 Dt    4 LtCy    2 integ.govd   +0.00   -0.00 integ.vbp +0.00 -0.00 omni.gos X     +0.0 ,Y     -0.0. omgD -0.001 omg  +0.00 loop   4541
[0mBatt=23.4 [0mODOM [31mVisionX  +0.00 Y  +0.00 theta   +0.0 elt    0 [0mimu  -0.1 Dt    4 LtCy    2 integ.govd   +0.00   +0.00 integ.vbp +0.00 +0.00 omni.gos X     +0.0 ,Y     +0.0. omgD +0.003 omg  +0.00 loop   4505
[0mBatt=23.4 [0mODOM [31mVisionX  +0.00 Y  +0.00 theta   +0.0 elt    0 [0mimu  -0.1 Dt    6 LtCy    3 integ.govd   +0.00   -0.00 integ.vbp +0.00 -0.00 omni.gos X     +0.0 ,Y     -0.0. omgD -0.001 omg  +0.00 loop   4535
[0mBatt=23.4 [0mODOM [31mVisionX  +0.00 Y  +0.00 theta   +0.0 elt    0 [0mimu  -0.1 Dt    8 LtCy    4 integ.govd   +0.00   +0.00 integ.vbp +0.00 +0.00 omni.gos X     +0.0 ,Y     +0.0. omgD +0.003 omg  +0.00 loop   4541
[0mBatt=23.4 [0mODOM [31mVisionX  +0.00 Y  +0.00 theta   +0.0 elt    0 [0mimu  -0.1 Dt    8 LtCy    4 integ.govd   +0.00   +0.00 integ.vbp +0.00 +0.00 omni.gos X     +0.0 ,Y     -0.0. omgD -0.001 omg  +0.00 loop   4527
[0mBatt=23.4 [0mODOM [31mVisionX  +0.00 Y  +0.00 theta   +0.0 elt    0 [0mimu  -0.1 Dt    8 LtCy    4 integ.govd   +0.00   -0.00 integ.vbp +0.00 -0.00 omni.gos X     +0.0 ,Y     -0.0. omgD -0.003 omg  +0.00 loop   4529
[0mBatt=23.4 [0mODOM [31mVisionX  +0.00 Y  +0.00 theta   +0.0 elt    0 [0mimu  -0.1 Dt   10 LtCy    5 integ.govd   +0.00   -0.00 integ.vbp +0.00 -0.00 omni.gos X     +0.0 ,Y     -0.1. omgD -0.005 omg  +0.00 loop   4537
[0mBatt=23.4 [0mODOM [31mVisionX  +0.00 Y  +0.00 theta   +0.0 elt    0 [0mimu  -0.1 Dt   12 LtCy    6 integ.govd   +0.00   -0.00 integ.vbp +0.00 -0.00 omni.gos X     +0.0 ,Y     -0.0. omgD -0.003 omg  +0.00 loop   4539
[0mBatt=23.4 [0mODOM [31mVisionX  +0.00 Y  +0.00 theta   +0.0 elt    0 [0mimu  -0.1 Dt   12 LtCy    6 integ.govd   -0.00   -0.00 integ.vbp -0.00 -0.00 omni.gos X     +0.0 ,Y     -0.1. omgD -0.005 omg  +0.00 loop   4501
[0mBatt=23.4 [0mODOM [31mVisionX  +0.00 Y  +0.00 theta   +0.0 elt    0 [0mimu  -0.1 Dt   14 LtCy    7 integ.govd   +0.00   +0.00 integ.vbp +0.00 +0.00 omni.gos X     +0.0 ,Y     -0.1. omgD -0.005 omg  +0.00 loop   4532
[0mBatt=23.4 [0mODOM [31mVisionX  +0.00 Y  +0.00 theta   +0.0 elt    0 [0mimu  -0.1 Dt    0 LtCy    0 integ.govd   +0.00   +0.00 integ.vbp +0.00 +0.00 omni.gos X     +0.0 ,Y     -0.0. omgD -0.003 omg  +0.00 loop   4479
[0mBatt=23.4 [0mODOM [31mVisionX  +0.00 Y  +0.00 theta   +0.0 elt    0 [0mimu  -0.1 Dt    0 LtCy    0 integ.govd   +0.00   +0.00 integ.vbp +0.00 +0.00 omni.gos X     +0.0 ,Y     -0.0. omgD -0.003 omg  +0.00 loop   4512
[0mBatt=23.4 [0mODOM [31mVisionX  +0.00 Y  +0.00 theta   +0.0 elt    0 [0mimu  -0.1 Dt    2 LtCy    1 integ.govd   +0.00   -0.00 integ.vbp +0.00 -0.00 omni.gos X     +0.0 ,Y     -0.0. omgD -0.001 omg  +0.00 loop   4560
[0mBatt=23.4 [0mODOM [31mVisionX  +0.00 Y  +0.00 theta   +0.0 elt    0 [0mimu  -0.1 Dt    2 LtCy    1 integ.govd   +0.00   -0.00 integ.vbp +0.00 -0.00 omni.gos X     +0.0 ,Y     -0.1. omgD -0.005 omg  +0.00 loop   4531
[0mBatt=23.4 [0mODOM [31mVisionX  +0.00 Y  +0.00 theta   +0.0 elt    0 [0mimu  -0.1 Dt    4 LtCy    2 integ.govd   +0.00   -0.00 integ.vbp +0.00 -0.00 omni.gos X     +0.0 ,Y     -0.2. omgD -0.012 omg  +0.00 loop   4510
[0mBatt=23.4 [0mODOM [31mVisionX  +0.00 Y  +0.00 theta   +0.0 elt    0 [0mimu  -0.1 Dt    6 LtCy    3 integ.govd   +0.00   -0.00 integ.vbp +0.00 -0.00 omni.gos X     +0.0 ,Y     -0.1. omgD -0.007 omg  +0.00 loop   4531
[0mBatt=23.4 [0mODOM [31mVisionX  +0.00 Y  +0.00 theta   +0.0 elt    0 [0mimu  -0.1 Dt    6 LtCy    3 integ.govd   +0.00   -0.00 integ.vbp +0.00 -0.00 omni.gos X     +0.0 ,Y     -0.0. omgD -0.001 omg  +0.00 loop   4547
[0mBatt=23.4 [0mODOM [31mVisionX  +0.00 Y  +0.00 theta   +0.0 elt    0 [0mimu  -0.1 Dt    8 LtCy    4 integ.govd   +0.00   -0.00 integ.vbp +0.00 -0.00 omni.gos X     +0.0 ,Y     -0.1. omgD -0.005 omg  +0.00 loop   4526
[0mBatt=23.4 [0mODOM [31mVisionX  +0.00 Y  +0.00 theta   +0.0 elt    0 [0mimu  -0.1 Dt    8 LtCy    4 integ.govd   +0.00   -0.00 integ.vbp +0.00 -0.00 omni.gos X     +0.0 ,Y     -0.0. omgD -0.001 omg  +0.00 loop   4514
[0mBatt=23.4 [0mODOM [31mVisionX  +0.00 Y  +0.00 theta   +0.0 elt    0 [0mimu  -0.1 Dt   10 LtCy    5 integ.govd   +0.00   -0.00 integ.vbp +0.00 -0.00 omni.gos X     +0.0 ,Y     -0.1. omgD -0.005 omg  +0.00 loop   4550
[0mBatt=23.4 [0mODOM [31mVisionX  +0.00 Y  +0.00 theta   +0.0 elt    0 [0mimu  -0.1 Dt   10 LtCy    5 integ.govd   +0.00   -0.00 integ.vbp +0.00 -0.00 omni.gos X     +0.0 ,Y     -0.0. omgD -0.003 omg  +0.00 loop   4525
[0mBatt=23.4 [0mODOM [31mVisionX  +0.00 Y  +0.00 theta   +0.0 elt    0 [0mimu  -0.1 Dt   12 LtCy    6 integ.govd   +0.00   -0.00 integ.vbp +0.00 -0.00 omni.gos X     +0.0 ,Y     -0.1. omgD -0.005 omg  +0.00 loop   4511
[0mBatt=23.4 [0mODOM [31mVisionX  +0.00 Y  +0.00 theta   +0.0 elt    0 [0mimu  -0.1 Dt   12 LtCy    6 integ.govd   +0.00   -0.00 integ.vbp +0.00 -0.00 omni.gos X     +0.0 ,Y     -0.0. omgD -0.003 omg  +0.00 loop   4543
[0mBatt=23.4 [0mODOM [31mVisionX  +0.00 Y  +0.00 theta   +0.0 elt    0 [0mimu  -0.1 Dt   14 LtCy    7 integ.govd   +0.00   -0.00 integ.vbp +0.00 -0.00 omni.gos X     +0.0 ,Y     -0.1. omgD -0.005 omg  +0.00 loop   4512
[0mBatt=23.4 [0mODOM [31mVisionX  +0.00 Y  +0.00 theta   +0.0 elt    0 [0mimu  -0.1 Dt    0 LtCy    0 integ.govd   +0.00   +0.00 integ.vbp +0.00 +0.00 omni.gos X     +0.0 ,Y     -0.0. omgD -0.001 omg  +0.00 loop   4454
[0mBatt=23.4 [0mODOM [31mVisionX  +0.00 Y  +0.00 theta   +0.0 elt    0 [0mimu  -0.1 Dt    2 LtCy    1 integ.govd   +0.00   -0.00 integ.vbp +0.00 -0.00 omni.gos X     +0.0 ,Y     -0.1. omgD -0.007 omg  +0.00 loop   4552
[0mBatt=23.4 [0mODOM [31mVisionX  +0.00 Y  +0.00 theta   +0.0 elt    0 [0mimu  -0.1 Dt    2 LtCy    1 integ.govd   +0.00   -0.00 integ.vbp +0.00 -0.00 omni.gos X     +0.0 ,Y     -0.1. omgD -0.005 omg  +0.00 loop   4541
[0mBatt=23.4 [0mODOM [31mVisionX  +0.00 Y  +0.00 theta   +0.0 elt    0 [0mimu  -0.1 Dt    2 LtCy    1 integ.govd   +0.00   -0.00 integ.vbp +0.00 -0.00 omni.gos X     +0.0 ,Y     -0.1. omgD -0.005 omg  +0.00 loop   4515
[0mBatt=23.4 [0mODOM [31mVisionX  +0.00 Y  +0.00 theta   +0.0 elt    0 [0mimu  -0.1 Dt    4 LtCy    2 integ.govd   +0.00   -0.00 integ.vbp +0.00 -0.00 omni.gos X     +0.0 ,Y     -0.1. omgD -0.005 omg  +0.00 loop   4530
[0mBatt=23.4 [0mODOM [31mVisionX  +0.00 Y  +0.00 theta   +0.0 elt    0 [0mimu  -0.1 Dt    6 LtCy    3 integ.govd   +0.00   -0.00 integ.vbp +0.00 -0.00 omni.gos X     +0.0 ,Y     -0.1. omgD -0.005 omg  +0.00 loop   4543
[0mBatt=23.4 [0mODOM [31mVisionX  +0.00 Y  +0.00 theta   +0.0 elt    0 [0mimu  -0.1 Dt    6 LtCy    3 integ.govd   +0.00   -0.00 integ.vbp +0.00 -0.00 omni.gos X     +0.0 ,Y     -0.0. omgD -0.001 omg  +0.00 loop   4519
[0mBatt=23.4 [0mODOM [31mVisionX  +0.00 Y  +0.00 theta   +0.0 elt    0 [0mimu  -0.1 Dt    8 LtCy    4 integ.govd   -0.00   -0.00 integ.vbp -0.00 -0.00 omni.gos X     -0.0 ,Y     -0.2. omgD -0.014 omg  +0.00 loop   4517
[0mBatt=23.4 [0mODOM [31mVisionX  +0.00 Y  +0.00 theta   +0.0 elt    0 [0mimu  -0.1 Dt   10 LtCy    5 integ.govd   +0.00   -0.00 integ.vbp +0.00 -0.00 omni.gos X     +0.0 ,Y     -0.0. omgD -0.001 omg  +0.00 loop   4519
[0mBatt=23.4 [0mODOM [31mVisionX  +0.00 Y  +0.00 theta   +0.0 elt    0 [0mimu  -0.1 Dt   10 LtCy    5 integ.govd   +0.00   -0.00 integ.vbp +0.00 -0.00 omni.gos X     +0.0 ,Y     -0.1. omgD -0.009 omg  +0.00 loop   4540
[0mBatt=23.4 [0mODOM [31mVisionX  +0.00 Y  +0.00 theta   +0.0 elt    0 [0mimu  -0.1 Dt   10 LtCy    5 integ.govd   +0.00   -0.00 integ.vbp +0.00 -0.00 omni.gos X     +0.0 ,Y     -0.0. omgD -0.001 omg  +0.00 loop   4505
[0mBatt=23.4 [0mODOM [31mVisionX  +0.00 Y  +0.00 theta   +0.0 elt    0 [0mimu  -0.1 Dt   12 LtCy    6 integ.govd   +0.00   -0.00 integ.vbp +0.00 -0.00 omni.gos X     +0.0 ,Y     -0.0. omgD -0.001 omg  +0.00 loop   4547
[0mBatt=23.4 [0mODOM [31mVisionX  +0.00 Y  +0.00 theta   +0.0 elt    0 [0mimu  -0.1 Dt   14 LtCy    7 integ.govd   +0.00   -0.00 integ.vbp +0.00 -0.00 omni.gos X     +0.0 ,Y     -0.1. omgD -0.005 omg  +0.00 loop   4527
[0mBatt=23.4 [0mODOM [31mVisionX  +0.00 Y  +0.00 theta   +0.0 elt    0 [0mimu  -0.1 Dt    0 LtCy    0 integ.govd   +0.00   +0.00 integ.vbp +0.00 +0.00 omni.gos X     +0.0 ,Y     -0.1. omgD -0.005 omg  +0.00 loop   4442
[0mBatt=23.4 [0mODOM [31mVisionX  +0.00 Y  +0.00 theta   +0.0 elt    0 [0mimu  -0.1 Dt    0 LtCy    0 integ.govd   +0.00   +0.00 integ.vbp +0.00 +0.00 omni.gos X     +0.0 ,Y     -0.0. omgD -0.001 omg  +0.00 loop   4549
[0mBatt=23.4 [0mODOM [31mVisionX  +0.00 Y  +0.00 theta   +0.0 elt    0 [0mimu  -0.1 Dt    2 LtCy    1 integ.govd   +0.00   -0.00 integ.vbp +0.00 -0.00 omni.gos X     +0.0 ,Y     -0.0. omgD -0.001 omg  +0.00 loop   4556
[0mBatt=23.4 [0mODOM [31mVisionX  +0.00 Y  +0.00 theta   +0.0 elt    0 [0mimu  -0.1 Dt   10 LtCy    5 integ.govd   +0.00   -0.00 integ.vbp +0.00 -0.00 omni.gos X     +0.0 ,Y     -0.1. omgD -0.005 omg  +0.00 loop   2223
[0mBatt=23.4 [0mODOM [31mVisionX  +0.00 Y  +0.00 theta   +0.0 elt    0 [0mimu  -0.1 Dt   10 LtCy    5 integ.govd   +0.00   -0.00 integ.vbp +0.00 -0.00 omni.gos X     +0.0 ,Y     -0.1. omgD -0.009 omg  +0.00 loop   4498
[0mBatt=23.4 [0mODOM [31mVisionX  +0.00 Y  +0.00 theta   +0.0 elt    0 [0mimu  -0.1 Dt   12 LtCy    6 integ.govd   +0.00   -0.00 integ.vbp +0.00 -0.00 omni.gos X     +0.0 ,Y     +0.0. omgD +0.003 omg  +0.00 loop   4546
[0mBatt=23.4 [0mODOM [31mVisionX  +0.00 Y  +0.00 theta   +0.0 elt    0 [0mimu  -0.1 Dt   12 LtCy    6 integ.govd   +0.00   -0.00 integ.vbp +0.00 -0.00 omni.gos X     +0.0 ,Y     -0.0. omgD -0.001 omg  +0.00 loop   4535
[0mBatt=23.4 [0mODOM [31mVisionX  +0.00 Y  +0.00 theta   +0.0 elt    0 [0mimu  -0.1 Dt    0 LtCy    0 integ.govd   +0.00   +0.00 integ.vbp +0.00 +0.00 omni.gos X     +0.0 ,Y     +0.0. omgD +0.003 omg  +0.00 loop   4448
[0mBatt=23.4 [0mODOM [31mVisionX  +0.00 Y  +0.00 theta   +0.0 elt    0 [0mimu  -0.1 Dt    0 LtCy    0 integ.govd   +0.00   +0.00 integ.vbp +0.00 +0.00 omni.gos X     +0.0 ,Y     -0.0. omgD -0.001 omg  +0.00 loop   4549
[0mBatt=23.4 [0mODOM [31mVisionX  +0.00 Y  +0.00 theta   +0.0 elt    0 [0mimu  -0.1 Dt    0 LtCy    0 integ.govd   +0.00   +0.00 integ.vbp +0.00 +0.00 omni.gos X     +0.0 ,Y     -0.1. omgD -0.005 omg  +0.00 loop   4552
[0mBatt=23.4 [0mODOM [31mVisionX  +0.00 Y  +0.00 theta   +0.0 elt    0 [0mimu  -0.1 Dt    2 LtCy    1 integ.govd   +0.00   -0.00 integ.vbp +0.00 -0.00 omni.gos X     +0.0 ,Y     -0.1. omgD -0.005 omg  +0.00 loop   4543
[0mBatt=23.4 [0mODOM [31mVisionX  +0.00 Y  +0.00 theta   +0.0 elt    0 [0mimu  -0.1 Dt    4 LtCy    2 integ.govd   +0.00   -0.00 integ.vbp +0.00 -0.00 omni.gos X     +0.0 ,Y     -0.1. omgD -0.005 omg  +0.00 loop   4515
[0mBatt=23.4 [0mODOM [31mVisionX  +0.00 Y  +0.00 theta   +0.0 elt    0 [0mimu  -0.1 Dt    4 LtCy    2 integ.govd   +0.00   -0.00 integ.vbp +0.00 -0.00 omni.gos X     +0.0 ,Y     -0.1. omgD -0.009 omg  +0.00 loop   4541
[0mBatt=23.4 [0mODOM [31mVisionX  +0.00 Y  +0.00 theta   +0.0 elt    0 [0mimu  -0.1 Dt    6 LtCy    3 integ.govd   +0.00   -0.00 integ.vbp +0.00 -0.00 omni.gos X     +0.0 ,Y     -0.0. omgD -0.001 omg  +0.00 loop   4532
[0mBatt=23.4 [0mODOM [31mVisionX  +0.00 Y  +0.00 theta   +0.0 elt    0 [0mimu  -0.1 Dt    6 LtCy    3 integ.govd   +0.00   +0.00 integ.vbp +0.00 +0.00 omni.gos X     +0.0 ,Y     +0.0. omgD +0.003 omg  +0.00 loop   4510
[0mBatt=23.4 [0mODOM [31mVisionX  +0.00 Y  +0.00 theta   +0.0 elt    0 [0mimu  -0.1 Dt    8 LtCy    4 integ.govd   +0.00   -0.00 integ.vbp +0.00 -0.00 omni.gos X     +0.0 ,Y     -0.1. omgD -0.005 omg  +0.00 loop   4545
[0mBatt=23.4 [0mODOM [31mVisionX  +0.00 Y  +0.00 theta   +0.0 elt    0 [0mimu  -0.1 Dt    8 LtCy    4 integ.govd   +0.00   -0.00 integ.vbp +0.00 -0.00 omni.gos X     +0.0 ,Y     -0.1. omgD -0.005 omg  +0.00 loop   4535
[0mBatt=23.4 [0mODOM [31mVisionX  +0.00 Y  +0.00 theta   +0.0 elt    0 [0mimu  -0.1 Dt   10 LtCy    5 integ.govd   +0.00   -0.00 integ.vbp +0.00 -0.00 omni.gos X     +0.0 ,Y     -0.0. omgD -0.001 omg  +0.00 loop   4513
[0mBatt=23.4 [0mODOM [31mVisionX  +0.00 Y  +0.00 theta   +0.0 elt    0 [0mimu  -0.1 Dt   12 LtCy    6 integ.govd   +0.00   -0.00 integ.vbp +0.00 -0.00 omni.gos X     +0.0 ,Y     -0.1. omgD -0.005 omg  +0.00 loop   4534
[0mBatt=23.4 [0mODOM [31mVisionX  +0.00 Y  +0.00 theta   +0.0 elt    0 [0mimu  -0.1 Dt   12 LtCy    6 integ.govd   +0.00   -0.00 integ.vbp +0.00 -0.00 omni.gos X     +0.0 ,Y     -0.1. omgD -0.005 omg  +0.00 loop   4538
[0mBatt=23.4 [0mODOM [31mVisionX  +0.00 Y  +0.00 theta   +0.0 elt    0 [0mimu  -0.1 Dt   14 LtCy    7 integ.govd   +0.00   -0.00 integ.vbp +0.00 -0.00 omni.gos X     +0.0 ,Y     -0.1. omgD -0.009 omg  +0.00 loop   4520
[0mBatt=23.4 [0mODOM [31mVisionX  +0.00 Y  +0.00 theta   +0.0 elt    0 [0mimu  -0.1 Dt    0 LtCy    0 integ.govd   +0.00   +0.00 integ.vbp +0.00 +0.00 omni.gos X     +0.0 ,Y     -0.1. omgD -0.005 omg  +0.00 loop   4450
[0mBatt=23.4 [0mODOM [31mVisionX  +0.00 Y  +0.00 theta   +0.0 elt    0 [0mimu  -0.1 Dt    0 LtCy    0 integ.govd   +0.00   +0.00 integ.vbp +0.00 +0.00 omni.gos X     +0.0 ,Y     -0.1. omgD -0.009 omg  +0.00 loop   4546
[0mBatt=23.4 [0mODOM [31mVisionX  +0.00 Y  +0.00 theta   +0.0 elt    0 [0mimu  -0.1 Dt    2 LtCy    1 integ.govd   +0.00   +0.00 integ.vbp +0.00 +0.00 omni.gos X     +0.0 ,Y     +0.0. omgD +0.003 omg  +0.00 loop   4536
[0mBatt=23.4 [0mODOM [31mVisionX  +0.00 Y  +0.00 theta   +0.0 elt    0 [0mimu  -0.1 Dt    2 LtCy    1 integ.govd   +0.00   -0.00 integ.vbp +0.00 -0.00 omni.gos X     +0.0 ,Y     -0.0. omgD -0.001 omg  +0.00 loop   4510
[0mBatt=23.4 [0mODOM [31mVisionX  +0.00 Y  +0.00 theta   +0.0 elt    0 [0mimu  -0.1 Dt    4 LtCy    2 integ.govd   +0.00   -0.00 integ.vbp +0.00 -0.00 omni.gos X     +0.0 ,Y     -0.1. omgD -0.005 omg  +0.00 loop   4541
[0mBatt=23.4 [0mODOM [31mVisionX  +0.00 Y  +0.00 theta   +0.0 elt    0 [0mimu  -0.1 Dt    4 LtCy    2 integ.govd   +0.00   -0.00 integ.vbp +0.00 -0.00 omni.gos X     +0.0 ,Y     -0.0. omgD -0.001 omg  +0.00 loop   4535
[0mBatt=23.4 [0mODOM [31mVisionX  +0.00 Y  +0.00 theta   +0.0 elt    0 [0mimu  -0.1 Dt    6 LtCy    3 integ.govd   +0.00   -0.00 integ.vbp +0.00 -0.00 omni.gos X     +0.0 ,Y     -0.1. omgD -0.009 omg  +0.00 loop   4510
[0mBatt=23.4 [0mODOM [31mVisionX  +0.00 Y  +0.00 theta   +0.0 elt    0 [0mimu  -0.1 Dt    6 LtCy    3 integ.govd   +0.00   -0.00 integ.vbp +0.00 -0.00 omni.gos X     +0.0 ,Y     -0.1. omgD -0.005 omg  +0.00 loop   4531
[0mBatt=23.4 [0mODOM [31mVisionX  +0.00 Y  +0.00 theta   +0.0 elt    0 [0mimu  -0.1 Dt    8 LtCy    4 integ.govd   +0.00   +0.00 integ.vbp +0.00 +0.00 omni.gos X     +0.0 ,Y     -0.0. omgD -0.001 omg  +0.00 loop   4533
[0mBatt=23.4 [0mODOM [31mVisionX  +0.00 Y  +0.00 theta   +0.0 elt    0 [0mimu  -0.1 Dt   10 LtCy    5 integ.govd   -0.00   -0.00 integ.vbp -0.00 -0.00 omni.gos X     +0.0 ,Y     -0.2. omgD -0.014 omg  +0.00 loop   4514
[0mBatt=23.4 [0mODOM [31mVisionX  +0.00 Y  +0.00 theta   +0.0 elt    0 [0mimu  -0.1 Dt   10 LtCy    5 integ.govd   +0.00   -0.00 integ.vbp +0.00 -0.00 omni.gos X     +0.0 ,Y     -0.1. omgD -0.005 omg  +0.00 loop   4522
[0mBatt=23.4 [0mODOM [31mVisionX  +0.00 Y  +0.00 theta   +0.0 elt    0 [0mimu  -0.1 Dt   12 LtCy    6 integ.govd   +0.00   -0.00 integ.vbp +0.00 -0.00 omni.gos X     +0.0 ,Y     -0.1. omgD -0.005 omg  +0.00 loop   4543
[0mBatt=23.4 [0mODOM [31mVisionX  +0.00 Y  +0.00 theta   +0.0 elt    0 [0mimu  -0.1 Dt   12 LtCy    6 integ.govd   +0.00   -0.00 integ.vbp +0.00 -0.00 omni.gos X     +0.0 ,Y     -0.1. omgD -0.005 omg  +0.00 loop   4511
[0mBatt=23.4 [0mODOM [31mVisionX  +0.00 Y  +0.00 theta   +0.0 elt    0 [0mimu  -0.1 Dt   14 LtCy    7 integ.govd   -0.01   -0.01 integ.vbp -0.00 -0.00 omni.gos X     +0.0 ,Y     -0.0. omgD -0.001 omg  +0.00 loop   4496
[0mBatt=23.4 [0mODOM [31mVisionX  +0.00 Y  +0.00 theta   +0.0 elt    0 [0mimu  -0.1 Dt    0 LtCy    0 integ.govd   +0.00   +0.00 integ.vbp +0.00 +0.00 omni.gos X     +0.0 ,Y     -0.0. omgD -0.001 omg  +0.00 loop   4453
[0mBatt=23.4 [0mODOM [31mVisionX  +0.00 Y  +0.00 theta   +0.0 elt    0 [0mimu  -0.1 Dt    2 LtCy    1 integ.govd   +0.00   -0.00 integ.vbp +0.00 -0.00 omni.gos X     +0.0 ,Y     -0.2. omgD -0.014 omg  +0.00 loop   4545
[0mBatt=23.4 [0mODOM [31mVisionX  +0.00 Y  +0.00 theta   +0.0 elt    0 [0mimu  -0.1 Dt    2 LtCy    1 integ.govd   +0.00   -0.00 integ.vbp +0.00 -0.00 omni.gos X     +0.0 ,Y     -0.0. omgD -0.001 omg  +0.00 loop   4516
[0mBatt=23.4 [0mODOM [31mVisionX  +0.00 Y  +0.00 theta   +0.0 elt    0 [0mimu  -0.1 Dt    2 LtCy    1 integ.govd   +0.00   -0.00 integ.vbp +0.00 -0.00 omni.gos X     +0.0 ,Y     -0.1. omgD -0.005 omg  +0.00 loop   4537
[0mBatt=23.4 [0mODOM [31mVisionX  +0.00 Y  +0.00 theta   +0.0 elt    0 [0mimu  -0.1 Dt    4 LtCy    2 integ.govd   +0.00   -0.00 integ.vbp +0.00 -0.00 omni.gos X     +0.0 ,Y     -0.1. omgD -0.005 omg  +0.00 loop   4530
[0mBatt=23.4 [0mODOM [31mVisionX  +0.00 Y  +0.00 theta   +0.0 elt    0 [0mimu  -0.1 Dt    6 LtCy    3 integ.govd   +0.00   -0.00 integ.vbp +0.00 -0.00 omni.gos X     +0.0 ,Y     -0.0. omgD -0.001 omg  +0.00 loop   4505
[0mBatt=23.4 [0mODOM [31mVisionX  +0.00 Y  +0.00 theta   +0.0 elt    0 [0mimu  -0.1 Dt    6 LtCy    3 integ.govd   +0.00   -0.00 integ.vbp +0.00 -0.00 omni.gos X     +0.0 ,Y     -0.1. omgD -0.005 omg  +0.00 loop   4535
[0mBatt=23.4 [0mODOM [31mVisionX  +0.00 Y  +0.00 theta   +0.0 elt    0 [0mimu  -0.1 Dt    8 LtCy    4 integ.govd   +0.00   -0.00 integ.vbp +0.00 -0.00 omni.gos X     +0.0 ,Y     -0.1. omgD -0.005 omg  +0.00 loop   4541
[0mBatt=23.4 [0mODOM [31mVisionX  +0.00 Y  +0.00 theta   +0.0 elt    0 [0mimu  -0.1 Dt    8 LtCy    4 integ.govd   +0.00   -0.00 integ.vbp +0.00 -0.00 omni.gos X     +0.0 ,Y     -0.1. omgD -0.005 omg  +0.00 loop   4518
[0mBatt=23.4 [0mODOM [31mVisionX  +0.00 Y  +0.00 theta   +0.0 elt    0 [0mimu  -0.1 Dt   10 LtCy    5 integ.govd   +0.00   -0.00 integ.vbp +0.00 -0.00 omni.gos X     +0.0 ,Y     -0.0. omgD -0.001 omg  +0.00 loop   4525
[0mBatt=23.4 [0mODOM [31mVisionX  +0.00 Y  +0.00 theta   +0.0 elt    0 [0mimu  -0.1 Dt   10 LtCy    5 integ.govd   +0.00   +0.00 integ.vbp +0.00 +0.00 omni.gos X     +0.0 ,Y     +0.0. omgD +0.003 omg  +0.00 loop   4537
[0mBatt=23.4 [0mODOM [31mVisionX  +0.00 Y  +0.00 theta   +0.0 elt    0 [0mimu  -0.1 Dt   12 LtCy    6 integ.govd   +0.00   +0.00 integ.vbp +0.00 +0.00 omni.gos X     +0.0 ,Y     +0.0. omgD +0.003 omg  +0.00 loop   4525
[0mBatt=23.4 [0mODOM [31mVisionX  +0.00 Y  +0.00 theta   +0.0 elt    0 [0mimu  -0.1 Dt   14 LtCy    7 integ.govd   +0.00   -0.00 integ.vbp +0.00 -0.00 omni.gos X     +0.0 ,Y     -0.0. omgD -0.001 omg  +0.00 loop   4526
[0mBatt=23.4 [0mODOM [31mVisionX  +0.00 Y  +0.00 theta   +0.0 elt    0 [0mimu  -0.1 Dt   14 LtCy    7 integ.govd   -0.00   -0.00 integ.vbp -0.00 -0.00 omni.gos X     +0.0 ,Y     -0.0. omgD -0.001 omg  +0.00 loop   4462
[0mBatt=23.4 [0mODOM [31mVisionX  +0.00 Y  +0.00 theta   +0.0 elt    0 [0mimu  -0.1 Dt    0 LtCy    0 integ.govd   +0.00   +0.00 integ.vbp +0.00 +0.00 omni.gos X     +0.0 ,Y     -0.2. omgD -0.014 omg  +0.00 loop   4515
[0mBatt=23.4 [0mODOM [31mVisionX  +0.00 Y  +0.00 theta   +0.0 elt    0 [0mimu  -0.1 Dt    2 LtCy    1 integ.govd   +0.00   -0.00 integ.vbp +0.00 -0.00 omni.gos X     +0.0 ,Y     -0.1. omgD -0.009 omg  +0.00 loop   4524
[0mBatt=23.4 [0mODOM [31mVisionX  +0.00 Y  +0.00 theta   +0.0 elt    0 [0mimu  -0.1 Dt    2 LtCy    1 integ.govd   +0.00   -0.00 integ.vbp +0.00 -0.00 omni.gos X     +0.0 ,Y     -0.0. omgD -0.001 omg  +0.00 loop   4530
[0mBatt=23.4 [0mODOM [31mVisionX  +0.00 Y  +0.00 theta   +0.0 elt    0 [0mimu  -0.1 Dt    4 LtCy    2 integ.govd   +0.00   +0.00 integ.vbp +0.00 +0.00 omni.gos X     +0.0 ,Y     +0.1. omgD +0.008 omg  +0.00 loop   4548
[0mBatt=23.4 [0mODOM [31mVisionX  +0.00 Y  +0.00 theta   +0.0 elt    0 [0mimu  -0.1 Dt    4 LtCy    2 integ.govd   +0.00   +0.00 integ.vbp +0.00 +0.00 omni.gos X     +0.0 ,Y     +0.0. omgD +0.003 omg  +0.00 loop   4500
[0mBatt=23.4 [0mODOM [31mVisionX  +0.00 Y  +0.00 theta   +0.0 elt    0 [0mimu  -0.1 Dt    6 LtCy    3 integ.govd   +0.00   -0.00 integ.vbp +0.00 -0.00 omni.gos X     +0.0 ,Y     -0.1. omgD -0.005 omg  +0.00 loop   4538
[0mBatt=23.4 [0mODOM [31mVisionX  +0.00 Y  +0.00 theta   +0.0 elt    0 [0mimu  -0.1 Dt    8 LtCy    4 integ.govd   +0.00   -0.00 integ.vbp +0.00 -0.00 omni.gos X     +0.0 ,Y     -0.0. omgD -0.001 omg  +0.00 loop   4546
[0mBatt=23.4 [0mODOM [31mVisionX  +0.00 Y  +0.00 theta   +0.0 elt    0 [0mimu  -0.1 Dt    8 LtCy    4 integ.govd   +0.00   -0.00 integ.vbp +0.00 -0.00 omni.gos X     +0.0 ,Y     -0.1. omgD -0.005 omg  +0.00 loop   4512
[0mBatt=23.4 [0mODOM [31mVisionX  +0.00 Y  +0.00 theta   +0.0 elt    0 [0mimu  -0.1 Dt    8 LtCy    4 integ.govd   +0.00   -0.00 integ.vbp +0.00 -0.00 omni.gos X     +0.0 ,Y     -0.1. omgD -0.007 omg  +0.00 loop   4526
[0mBatt=23.4 [0mODOM [31mVisionX  +0.00 Y  +0.00 theta   +0.0 elt    0 [0mimu  -0.1 Dt   10 LtCy    5 integ.govd   +0.00   -0.00 integ.vbp +0.00 -0.00 omni.gos X     +0.0 ,Y     -0.1. omgD -0.005 omg  +0.00 loop   4524
[0mBatt=23.4 [0mODOM [31mVisionX  +0.00 Y  +0.00 theta   +0.0 elt    0 [0mimu  -0.1 Dt   12 LtCy    6 integ.govd   +0.00   -0.00 integ.vbp +0.00 -0.00 omni.gos X     +0.0 ,Y     -0.1. omgD -0.005 omg  +0.00 loop   4532
[0mBatt=23.4 [0mODOM [31mVisionX  +0.00 Y  +0.00 theta   +0.0 elt    0 [0mimu  -0.1 Dt   12 LtCy    6 integ.govd   -0.00   -0.00 integ.vbp -0.00 -0.00 omni.gos X     +0.0 ,Y     -0.0. omgD -0.003 omg  +0.00 loop   4512
[0mBatt=23.4 [0mODOM [31mVisionX  +0.00 Y  +0.00 theta   +0.0 elt    0 [0mimu  -0.1 Dt   12 LtCy    6 integ.govd   +0.00   -0.00 integ.vbp +0.00 -0.00 omni.gos X     +0.0 ,Y     -0.1. omgD -0.009 omg  +0.00 loop   4480
[0mBatt=23.4 [0mODOM [31mVisionX  +0.00 Y  +0.00 theta   +0.0 elt    0 [0mimu  -0.1 Dt    0 LtCy    0 integ.govd   +0.00   +0.00 integ.vbp +0.00 +0.00 omni.gos X     +0.0 ,Y     +0.0. omgD +0.001 omg  +0.00 loop   4521
[0mBatt=23.4 [0mODOM [31mVisionX  +0.00 Y  +0.00 theta   +0.0 elt    0 [0mimu  -0.1 Dt    0 LtCy    0 integ.govd   +0.00   +0.00 integ.vbp +0.00 +0.00 omni.gos X     +0.0 ,Y     -0.1. omgD -0.009 omg  +0.00 loop   4509
[0mBatt=23.4 [0mODOM [31mVisionX  +0.00 Y  +0.00 theta   +0.0 elt    0 [0mimu  -0.1 Dt    2 LtCy    1 integ.govd   +0.00   -0.00 integ.vbp +0.00 -0.00 omni.gos X     +0.0 ,Y     -0.1. omgD -0.005 omg  +0.00 loop   4557
[0mBatt=23.4 [0mODOM [31mVisionX  +0.00 Y  +0.00 theta   +0.0 elt    0 [0mimu  -0.1 Dt    4 LtCy    2 integ.govd   +0.00   -0.00 integ.vbp +0.00 -0.00 omni.gos X     +0.0 ,Y     -0.1. omgD -0.005 omg  +0.00 loop   4537
[0mBatt=23.4 [0mODOM [31mVisionX  +0.00 Y  +0.00 theta   +0.0 elt    0 [0mimu  -0.1 Dt   12 LtCy    6 integ.govd   +0.00   -0.00 integ.vbp +0.00 -0.00 omni.gos X     +0.0 ,Y     -0.1. omgD -0.005 omg  +0.00 loop   2214
[0mBatt=23.4 [0mODOM [31mVisionX  +0.00 Y  +0.00 theta   +0.0 elt    0 [0mimu  -0.1 Dt   12 LtCy    6 integ.govd   +0.00   -0.00 integ.vbp +0.00 -0.00 omni.gos X     +0.0 ,Y     -0.0. omgD -0.001 omg  +0.00 loop   4509
[0mBatt=23.4 [0mODOM [31mVisionX  +0.00 Y  +0.00 theta   +0.0 elt    0 [0mimu  -0.1 Dt   12 LtCy    6 integ.govd   +0.00   -0.00 integ.vbp +0.00 -0.00 omni.gos X     +0.0 ,Y     -0.1. omgD -0.005 omg  +0.00 loop   4545
[0mBatt=23.4 [0mODOM [31mVisionX  +0.00 Y  +0.00 theta   +0.0 elt    0 [0mimu  -0.1 Dt    0 LtCy    0 integ.govd   +0.00   +0.00 integ.vbp +0.00 +0.00 omni.gos X     +0.0 ,Y     -0.0. omgD -0.001 omg  +0.00 loop   4467
[0mBatt=23.4 [0mODOM [31mVisionX  +0.00 Y  +0.00 theta   +0.0 elt    0 [0mimu  -0.1 Dt    0 LtCy    0 integ.govd   +0.00   +0.00 integ.vbp +0.00 +0.00 omni.gos X     +0.0 ,Y     -0.0. omgD -0.003 omg  +0.00 loop   4516
[0mBatt=23.4 [0mODOM [31mVisionX  +0.00 Y  +0.00 theta   +0.0 elt    0 [0mimu  -0.1 Dt    2 LtCy    1 integ.govd   +0.00   -0.00 integ.vbp +0.00 -0.00 omni.gos X     +0.0 ,Y     -0.1. omgD -0.005 omg  +0.00 loop   4555
[0mBatt=23.4 [0mODOM [31mVisionX  +0.00 Y  +0.00 theta   +0.0 elt    0 [0mimu  -0.1 Dt    2 LtCy    1 integ.govd   +0.00   -0.00 integ.vbp +0.00 -0.00 omni.gos X     +0.0 ,Y     -0.1. omgD -0.009 omg  +0.00 loop   4538
[0mBatt=23.4 [0mODOM [31mVisionX  +0.00 Y  +0.00 theta   +0.0 elt    0 [0mimu  -0.1 Dt    4 LtCy    2 integ.govd   +0.00   -0.00 integ.vbp +0.00 -0.00 omni.gos X     +0.0 ,Y     -0.1. omgD -0.007 omg  +0.00 loop   4516
[0mBatt=23.4 [0mODOM [31mVisionX  +0.00 Y  +0.00 theta   +0.0 elt    0 [0mimu  -0.1 Dt    4 LtCy    2 integ.govd   +0.00   -0.00 integ.vbp +0.00 -0.00 omni.gos X     +0.0 ,Y     -0.1. omgD -0.005 omg  +0.00 loop   4524
[0mBatt=23.4 [0mODOM [31mVisionX  +0.00 Y  +0.00 theta   +0.0 elt    0 [0mimu  -0.1 Dt    6 LtCy    3 integ.govd   +0.00   -0.00 integ.vbp +0.00 -0.00 omni.gos X     +0.0 ,Y     -0.1. omgD -0.005 omg  +0.00 loop   4545
[0mBatt=23.4 [0mODOM [31mVisionX  +0.00 Y  +0.00 theta   +0.0 elt    0 [0mimu  -0.1 Dt    6 LtCy    3 integ.govd   +0.00   -0.00 integ.vbp +0.00 -0.00 omni.gos X     +0.0 ,Y     -0.1. omgD -0.007 omg  +0.00 loop   4518
[0mBatt=23.4 [0mODOM [31mVisionX  +0.00 Y  +0.00 theta   +0.0 elt    0 [0mimu  -0.1 Dt    8 LtCy    4 integ.govd   +0.00   +0.00 integ.vbp +0.00 +0.00 omni.gos X     +0.0 ,Y     +0.0. omgD +0.001 omg  +0.00 loop   4512
[0mBatt=23.4 [0mODOM [31mVisionX  +0.00 Y  +0.00 theta   +0.0 elt    0 [0mimu  -0.1 Dt   10 LtCy    5 integ.govd   +0.00   +0.00 integ.vbp +0.00 +0.00 omni.gos X     +0.0 ,Y     -0.0. omgD -0.003 omg  +0.00 loop   4544
[0mBatt=23.4 [0mODOM [31mVisionX  +0.00 Y  +0.00 theta   +0.0 elt    0 [0mimu  -0.1 Dt   10 LtCy    5 integ.govd   +0.00   -0.00 integ.vbp +0.00 -0.00 omni.gos X     +0.0 ,Y     -0.1. omgD -0.005 omg  +0.00 loop   4533
[0mBatt=23.4 [0mODOM [31mVisionX  +0.00 Y  +0.00 theta   +0.0 elt    0 [0mimu  -0.1 Dt   10 LtCy    5 integ.govd   +0.00   -0.00 integ.vbp +0.00 -0.00 omni.gos X     +0.0 ,Y     -0.2. omgD -0.012 omg  +0.00 loop   4506
[0mBatt=23.4 [0mODOM [31mVisionX  +0.00 Y  +0.00 theta   +0.0 elt    0 [0mimu  -0.1 Dt   12 LtCy    6 integ.govd   -0.00   -0.00 integ.vbp -0.00 -0.00 omni.gos X     +0.0 ,Y     -0.0. omgD -0.001 omg  +0.00 loop   4533
[0mBatt=23.4 [0mODOM [31mVisionX  +0.00 Y  +0.00 theta   +0.0 elt    0 [0mimu  -0.1 Dt   14 LtCy    7 integ.govd   -0.01   -0.01 integ.vbp -0.00 -0.00 omni.gos X     +0.0 ,Y     -0.1. omgD -0.005 omg  +0.00 loop   4493
[0mBatt=23.4 [0mODOM [31mVisionX  +0.00 Y  +0.00 theta   +0.0 elt    0 [0mimu  -0.1 Dt    0 LtCy    0 integ.govd   +0.00   +0.00 integ.vbp +0.00 +0.00 omni.gos X     +0.0 ,Y     +0.0. omgD +0.003 omg  +0.00 loop   4422
[0mBatt=23.4 [0mODOM [31mVisionX  +0.00 Y  +0.00 theta   +0.0 elt    0 [0mimu  -0.1 Dt    2 LtCy    1 integ.govd   +0.00   -0.00 integ.vbp +0.00 -0.00 omni.gos X     +0.0 ,Y     -0.2. omgD -0.014 omg  +0.00 loop   4551
[0mBatt=23.4 [0mODOM [31mVisionX  +0.00 Y  +0.00 theta   +0.0 elt    0 [0mimu  -0.1 Dt    2 LtCy    1 integ.govd   +0.00   -0.00 integ.vbp +0.00 -0.00 omni.gos X     +0.0 ,Y     -0.2. omgD -0.014 omg  +0.00 loop   4542
[0mBatt=23.4 [0mODOM [31mVisionX  +0.00 Y  +0.00 theta   +0.0 elt    0 [0mimu  -0.1 Dt    2 LtCy    1 integ.govd   +0.00   -0.00 integ.vbp +0.00 -0.00 omni.gos X     +0.0 ,Y     -0.1. omgD -0.009 omg  +0.00 loop   4511
[0mBatt=23.4 [0mODOM [31mVisionX  +0.00 Y  +0.00 theta   +0.0 elt    0 [0mimu  -0.1 Dt    4 LtCy    2 integ.govd   +0.00   -0.00 integ.vbp +0.00 -0.00 omni.gos X     +0.0 ,Y     -0.1. omgD -0.005 omg  +0.00 loop   4522
[0mBatt=23.4 [0mODOM [31mVisionX  +0.00 Y  +0.00 theta   +0.0 elt    0 [0mimu  -0.1 Dt    6 LtCy    3 integ.govd   +0.00   -0.00 integ.vbp +0.00 -0.00 omni.gos X     +0.0 ,Y     -0.1. omgD -0.005 omg  +0.00 loop   4543
[0mBatt=23.4 [0mODOM [31mVisionX  +0.00 Y  +0.00 theta   +0.0 elt    0 [0mimu  -0.1 Dt    6 LtCy    3 integ.govd   +0.00   +0.00 integ.vbp +0.00 +0.00 omni.gos X     +0.0 ,Y     +0.0. omgD +0.003 omg  +0.00 loop   4524
[0mBatt=23.4 [0mODOM [31mVisionX  +0.00 Y  +0.00 theta   +0.0 elt    0 [0mimu  -0.1 Dt    6 LtCy    3 integ.govd   +0.00   -0.00 integ.vbp +0.00 -0.00 omni.gos X     +0.0 ,Y     -0.2. omgD -0.014 omg  +0.00 loop   4518
[0mBatt=23.4 [0mODOM [31mVisionX  +0.00 Y  +0.00 theta   +0.0 elt    0 [0mimu  -0.1 Dt    8 LtCy    4 integ.govd   +0.00   -0.00 integ.vbp +0.00 -0.00 omni.gos X     +0.0 ,Y     -0.1. omgD -0.005 omg  +0.00 loop   4527
[0mBatt=23.4 [0mODOM [31mVisionX  +0.00 Y  +0.00 theta   +0.0 elt    0 [0mimu  -0.1 Dt   10 LtCy    5 integ.govd   +0.00   -0.00 integ.vbp +0.00 -0.00 omni.gos X     +0.0 ,Y     -0.1. omgD -0.009 omg  +0.00 loop   4542
[0mBatt=23.4 [0mODOM [31mVisionX  +0.00 Y  +0.00 theta   +0.0 elt    0 [0mimu  -0.1 Dt   10 LtCy    5 integ.govd   +0.00   -0.00 integ.vbp +0.00 -0.00 omni.gos X     +0.0 ,Y     -0.2. omgD -0.014 omg  +0.00 loop   4511
[0mBatt=23.4 [0mODOM [31mVisionX  +0.00 Y  +0.00 theta   +0.0 elt    0 [0mimu  -0.1 Dt   12 LtCy    6 integ.govd   +0.00   -0.00 integ.vbp +0.00 -0.00 omni.gos X     +0.0 ,Y     -0.0. omgD -0.001 omg  +0.00 loop   4536
[0mBatt=23.4 [0mODOM [31mVisionX  +0.00 Y  +0.00 theta   +0.0 elt    0 [0mimu  -0.1 Dt   12 LtCy    6 integ.govd   +0.00   +0.00 integ.vbp +0.00 +0.00 omni.gos X     +0.0 ,Y     +0.0. omgD +0.003 omg  +0.00 loop   4536
[0mBatt=23.4 [0mODOM [31mVisionX  +0.00 Y  +0.00 theta   +0.0 elt    0 [0mimu  -0.1 Dt    0 LtCy    0 integ.govd   +0.00   +0.00 integ.vbp +0.00 +0.00 omni.gos X     +0.0 ,Y     -0.1. omgD -0.009 omg  +0.00 loop   4447
[0mBatt=23.4 [0mODOM [31mVisionX  +0.00 Y  +0.00 theta   +0.0 elt    0 [0mimu  -0.1 Dt    0 LtCy    0 integ.govd   +0.00   +0.00 integ.vbp +0.00 +0.00 omni.gos X     +0.0 ,Y     -0.0. omgD -0.001 omg  +0.00 loop   4545
[0mBatt=23.4 [0mODOM [31mVisionX  +0.00 Y  +0.00 theta   +0.0 elt    0 [0mimu  -0.1 Dt    0 LtCy    0 integ.govd   +0.00   +0.00 integ.vbp +0.00 +0.00 omni.gos X     +0.0 ,Y     +0.0. omgD +0.003 omg  +0.00 loop   4550
[0mBatt=23.4 [0mODOM [31mVisionX  +0.00 Y  +0.00 theta   +0.0 elt    0 [0mimu  -0.1 Dt    2 LtCy    1 integ.govd   -0.00   -0.00 integ.vbp -0.00 -0.00 omni.gos X     -0.0 ,Y     -0.2. omgD -0.018 omg  +0.00 loop   4532
[0mBatt=23.4 [0mODOM [31mVisionX  +0.00 Y  +0.00 theta   +0.0 elt    0 [0mimu  -0.1 Dt    4 LtCy    2 integ.govd   +0.00   -0.00 integ.vbp +0.00 -0.00 omni.gos X     +0.0 ,Y     -0.1. omgD -0.009 omg  +0.00 loop   4499
[0mBatt=23.4 [0mODOM [31mVisionX  +0.00 Y  +0.00 theta   +0.0 elt    0 [0mimu  -0.1 Dt    4 LtCy    2 integ.govd   +0.00   -0.00 integ.vbp +0.00 -0.00 omni.gos X     +0.0 ,Y     -0.1. omgD -0.005 omg  +0.00 loop   4540
[0mBatt=23.4 [0mODOM [31mVisionX  +0.00 Y  +0.00 theta   +0.0 elt    0 [0mimu  -0.1 Dt    6 LtCy    3 integ.govd   +0.00   -0.00 integ.vbp +0.00 -0.00 omni.gos X     +0.0 ,Y     -0.0. omgD -0.001 omg  +0.00 loop   4531
[0mBatt=23.4 [0mODOM [31mVisionX  +0.00 Y  +0.00 theta   +0.0 elt    0 [0mimu  -0.1 Dt    6 LtCy    3 integ.govd   +0.00   +0.00 integ.vbp +0.00 +0.00 omni.gos X     +0.0 ,Y     +0.2. omgD +0.012 omg  +0.00 loop   4502
[0mBatt=23.4 [0mODOM [31mVisionX  +0.00 Y  +0.00 theta   +0.0 elt    0 [0mimu  -0.1 Dt    8 LtCy    4 integ.govd   +0.00   -0.00 integ.vbp +0.00 -0.00 omni.gos X     +0.0 ,Y     -0.0. omgD -0.001 omg  +0.00 loop   4539
[0mBatt=23.4 [0mODOM [31mVisionX  +0.00 Y  +0.00 theta   +0.0 elt    0 [0mimu  -0.1 Dt   10 LtCy    5 integ.govd   +0.00   -0.00 integ.vbp +0.00 -0.00 omni.gos X     +0.0 ,Y     -0.1. omgD -0.009 omg  +0.00 loop   4540
[0mBatt=23.4 [0mODOM [31mVisionX  +0.00 Y  +0.00 theta   +0.0 elt    0 [0mimu  -0.1 Dt   10 LtCy    5 integ.govd   -0.00   -0.00 integ.vbp -0.00 -0.00 omni.gos X     +0.0 ,Y     -0.2. omgD -0.014 omg  +0.00 loop   4507
[0mBatt=23.4 [0mODOM [31mVisionX  +0.00 Y  +0.00 theta   +0.0 elt    0 [0mimu  -0.1 Dt   10 LtCy    5 integ.govd   +0.00   -0.00 integ.vbp +0.00 -0.00 omni.gos X     +0.0 ,Y     -0.0. omgD -0.001 omg  +0.00 loop   4514
[0mBatt=23.4 [0mODOM [31mVisionX  +0.00 Y  +0.00 theta   +0.0 elt    0 [0mimu  -0.1 Dt   12 LtCy    6 integ.govd   +0.00   -0.00 integ.vbp +0.00 -0.00 omni.gos X     +0.0 ,Y     -0.1. omgD -0.005 omg  +0.00 loop   4533
[0mBatt=23.4 [0mODOM [31mVisionX  +0.00 Y  +0.00 theta   +0.0 elt    0 [0mimu  -0.1 Dt   14 LtCy    7 integ.govd   +0.00   +0.00 integ.vbp +0.00 +0.00 omni.gos X     +0.0 ,Y     +0.1. omgD +0.008 omg  +0.00 loop   4515
[0mBatt=23.4 [0mODOM [31mVisionX  +0.00 Y  +0.00 theta   +0.0 elt    0 [0mimu  -0.1 Dt    0 LtCy    0 integ.govd   +0.00   +0.00 integ.vbp +0.00 +0.00 omni.gos X     +0.0 ,Y     -0.0. omgD -0.001 omg  +0.00 loop   4452
[0mBatt=23.4 [0mODOM [31mVisionX  +0.00 Y  +0.00 theta   +0.0 elt    0 [0mimu  -0.1 Dt    0 LtCy    0 integ.govd   +0.00   +0.00 integ.vbp +0.00 +0.00 omni.gos X     +0.0 ,Y     -0.0. omgD -0.001 omg  +0.00 loop   4549
[0mBatt=23.4 [0mODOM [31mVisionX  +0.00 Y  +0.00 theta   +0.0 elt    0 [0mimu  -0.1 Dt    2 LtCy    1 integ.govd   +0.00   -0.00 integ.vbp +0.00 -0.00 omni.gos X     +0.0 ,Y     -0.0. omgD -0.001 omg  +0.00 loop   4536
[0mBatt=23.4 [0mODOM [31mVisionX  +0.00 Y  +0.00 theta   +0.0 elt    0 [0mimu  -0.1 Dt    2 LtCy    1 integ.govd   -0.00   -0.00 integ.vbp -0.00 -0.00 omni.gos X     -0.0 ,Y     -0.2. omgD -0.014 omg  +0.00 loop   4518
[0mBatt=23.4 [0mODOM [31mVisionX  +0.00 Y  +0.00 theta   +0.0 elt    0 [0mimu  -0.1 Dt    4 LtCy    2 integ.govd   +0.00   +0.00 integ.vbp +0.00 +0.00 omni.gos X     +0.0 ,Y     +0.0. omgD +0.003 omg  +0.00 loop   4508
[0mBatt=23.4 [0mODOM [31mVisionX  +0.00 Y  +0.00 theta   +0.0 elt    0 [0mimu  -0.1 Dt    4 LtCy    2 integ.govd   +0.00   -0.00 integ.vbp +0.00 -0.00 omni.gos X     +0.0 ,Y     -0.2. omgD -0.014 omg  +0.00 loop   4535
[0mBatt=23.4 [0mODOM [31mVisionX  +0.00 Y  +0.00 theta   +0.0 elt    0 [0mimu  -0.1 Dt    6 LtCy    3 integ.govd   +0.00   -0.00 integ.vbp +0.00 -0.00 omni.gos X     +0.0 ,Y     -0.0. omgD -0.001 omg  +0.00 loop   4505
[0mBatt=23.4 [0mODOM [31mVisionX  +0.00 Y  +0.00 theta   +0.0 elt    0 [0mimu  -0.1 Dt    6 LtCy    3 integ.govd   +0.00   -0.00 integ.vbp +0.00 -0.00 omni.gos X     +0.0 ,Y     -0.2. omgD -0.014 omg  +0.00 loop   4537
[0mBatt=23.4 [0mODOM [31mVisionX  +0.00 Y  +0.00 theta   +0.0 elt    0 [0mimu  -0.1 Dt    8 LtCy    4 integ.govd   +0.00   -0.00 integ.vbp +0.00 -0.00 omni.gos X     +0.0 ,Y     -0.0. omgD -0.001 omg  +0.00 loop   4535
[0mBatt=23.4 [0mODOM [31mVisionX  +0.00 Y  +0.00 theta   +0.0 elt    0 [0mimu  -0.1 Dt   10 LtCy    5 integ.govd   +0.00   -0.00 integ.vbp +0.00 -0.00 omni.gos X     +0.0 ,Y     -0.1. omgD -0.005 omg  +0.00 loop   4504
[0mBatt=23.4 [0mODOM [31mVisionX  +0.00 Y  +0.00 theta   +0.0 elt    0 [0mimu  -0.1 Dt   10 LtCy    5 integ.govd   +0.00   -0.00 integ.vbp +0.00 -0.00 omni.gos X     +0.0 ,Y     -0.1. omgD -0.005 omg  +0.00 loop   4540
[0mBatt=23.4 [0mODOM [31mVisionX  +0.00 Y  +0.00 theta   +0.0 elt    0 [0mimu  -0.1 Dt   10 LtCy    5 integ.govd   +0.00   +0.00 integ.vbp +0.00 +0.00 omni.gos X     +0.0 ,Y     +0.0. omgD +0.003 omg  +0.00 loop   4537
[0mBatt=23.4 [0mODOM [31mVisionX  +0.00 Y  +0.00 theta   +0.0 elt    0 [0mimu  -0.1 Dt   12 LtCy    6 integ.govd   +0.00   -0.00 integ.vbp +0.00 -0.00 omni.gos X     +0.0 ,Y     -0.1. omgD -0.005 omg  +0.00 loop   4524
[0mBatt=23.4 [0mODOM [31mVisionX  +0.00 Y  +0.00 theta   +0.0 elt    0 [0mimu  -0.1 Dt   14 LtCy    7 integ.govd   -0.00   -0.00 integ.vbp -0.00 -0.00 omni.gos X     +0.0 ,Y     -0.0. omgD -0.001 omg  +0.00 loop   4492
[0mBatt=23.4 [0mODOM [31mVisionX  +0.00 Y  +0.00 theta   +0.0 elt    0 [0mimu  -0.1 Dt    0 LtCy    0 integ.govd   +0.00   +0.00 integ.vbp +0.00 +0.00 omni.gos X     +0.0 ,Y     -0.1. omgD -0.009 omg  +0.00 loop   4477
[0mBatt=23.4 [0mODOM [31mVisionX  +0.00 Y  +0.00 theta   +0.0 elt    0 [0mimu  -0.1 Dt    0 LtCy    0 integ.govd   +0.00   +0.00 integ.vbp +0.00 +0.00 omni.gos X     +0.0 ,Y     +0.0. omgD +0.003 omg  +0.00 loop   4533
[0mBatt=23.4 [0mODOM [31mVisionX  +0.00 Y  +0.00 theta   +0.0 elt    0 [0mimu  -0.1 Dt    2 LtCy    1 integ.govd   +0.00   -0.00 integ.vbp +0.00 -0.00 omni.gos X     +0.0 ,Y     -0.1. omgD -0.009 omg  +0.00 loop   4524
[0mBatt=23.4 [0mODOM [31mVisionX  +0.00 Y  +0.00 theta   +0.0 elt    0 [0mimu  -0.1 Dt    2 LtCy    1 integ.govd   +0.00   -0.00 integ.vbp +0.00 -0.00 omni.gos X     +0.0 ,Y     -0.0. omgD -0.001 omg  +0.00 loop   4536
[0mBatt=23.4 [0mODOM [31mVisionX  +0.00 Y  +0.00 theta   +0.0 elt    0 [0mimu  -0.1 Dt    4 LtCy    2 integ.govd   +0.00   -0.00 integ.vbp +0.00 -0.00 omni.gos X     +0.0 ,Y     -0.1. omgD -0.005 omg  +0.00 loop   4539
[0mBatt=23.4 [0mODOM [31mVisionX  +0.00 Y  +0.00 theta   +0.0 elt    0 [0mimu  -0.1 Dt   12 LtCy    6 integ.govd   -0.00   -0.00 integ.vbp -0.00 -0.00 omni.gos X     +0.0 ,Y     -0.1. omgD -0.005 omg  +0.00 loop   2202
[0mBatt=23.4 [0mODOM [31mVisionX  +0.00 Y  +0.00 theta   +0.0 elt    0 [0mimu  -0.1 Dt   14 LtCy    7 integ.govd   +0.00   -0.00 integ.vbp +0.00 -0.00 omni.gos X     +0.0 ,Y     -0.1. omgD -0.005 omg  +0.00 loop   4505
[0mBatt=23.4 [0mODOM [31mVisionX  +0.00 Y  +0.00 theta   +0.0 elt    0 [0mimu  -0.1 Dt    0 LtCy    0 integ.govd   +0.00   +0.00 integ.vbp +0.00 +0.00 omni.gos X     +0.0 ,Y     -0.0. omgD -0.001 omg  +0.00 loop   4473
[0mBatt=23.4 [0mODOM [31mVisionX  +0.00 Y  +0.00 theta   +0.0 elt    0 [0mimu  -0.1 Dt    0 LtCy    0 integ.govd   +0.00   +0.00 integ.vbp +0.00 +0.00 omni.gos X     +0.0 ,Y     -0.0. omgD -0.001 omg  +0.00 loop   4537
[0mBatt=23.4 [0mODOM [31mVisionX  +0.00 Y  +0.00 theta   +0.0 elt    0 [0mimu  -0.1 Dt    2 LtCy    1 integ.govd   +0.00   -0.00 integ.vbp +0.00 -0.00 omni.gos X     +0.0 ,Y     -0.1. omgD -0.009 omg  +0.00 loop   4534
[0mBatt=23.4 [0mODOM [31mVisionX  +0.00 Y  +0.00 theta   +0.0 elt    0 [0mimu  -0.1 Dt    2 LtCy    1 integ.govd   +0.00   -0.00 integ.vbp +0.00 -0.00 omni.gos X     +0.0 ,Y     -0.1. omgD -0.009 omg  +0.00 loop   4529
[0mBatt=23.4 [0mODOM [31mVisionX  +0.00 Y  +0.00 theta   +0.0 elt    0 [0mimu  -0.2 Dt    4 LtCy    2 integ.govd   +0.00   -0.00 integ.vbp +0.00 -0.00 omni.gos X     +0.0 ,Y     -0.2. omgD -0.014 omg  +0.00 loop   4541
[0mBatt=23.4 [0mODOM [31mVisionX  +0.00 Y  +0.00 theta   +0.0 elt    0 [0mimu  -0.2 Dt    4 LtCy    2 integ.govd   +0.00   -0.00 integ.vbp +0.00 -0.00 omni.gos X     +0.0 ,Y     -0.1. omgD -0.005 omg  +0.00 loop   4503
[0mBatt=23.4 [0mODOM [31mVisionX  +0.00 Y  +0.00 theta   +0.0 elt    0 [0mimu  -0.2 Dt    6 LtCy    3 integ.govd   +0.00   +0.00 integ.vbp +0.00 +0.00 omni.gos X     +0.0 ,Y     +0.0. omgD +0.003 omg  +0.00 loop   4530
[0mBatt=23.4 [0mODOM [31mVisionX  +0.00 Y  +0.00 theta   +0.0 elt    0 [0mimu  -0.2 Dt    8 LtCy    4 integ.govd   +0.00   +0.00 integ.vbp +0.00 +0.00 omni.gos X     +0.0 ,Y     +0.1. omgD +0.008 omg  +0.00 loop   4541
[0mBatt=23.4 [0mODOM [31mVisionX  +0.00 Y  +0.00 theta   +0.0 elt    0 [0mimu  -0.2 Dt    8 LtCy    4 integ.govd   +0.00   -0.00 integ.vbp +0.00 -0.00 omni.gos X     +0.0 ,Y     -0.0. omgD -0.001 omg  +0.00 loop   4520
[0mBatt=23.4 [0mODOM [31mVisionX  +0.00 Y  +0.00 theta   +0.0 elt    0 [0mimu  -0.2 Dt   10 LtCy    5 integ.govd   +0.00   -0.00 integ.vbp +0.00 -0.00 omni.gos X     +0.0 ,Y     -0.1. omgD -0.009 omg  +0.00 loop   4524
[0mBatt=23.4 [0mODOM [31mVisionX  +0.00 Y  +0.00 theta   +0.0 elt    0 [0mimu  -0.2 Dt   10 LtCy    5 integ.govd   +0.00   -0.00 integ.vbp +0.00 -0.00 omni.gos X     +0.0 ,Y     -0.1. omgD -0.005 omg  +0.00 loop   4541
[0mBatt=23.4 [0mODOM [31mVisionX  +0.00 Y  +0.00 theta   +0.0 elt    0 [0mimu  -0.2 Dt   12 LtCy    6 integ.govd   -0.00   -0.00 integ.vbp -0.00 -0.00 omni.gos X     +0.0 ,Y     -0.1. omgD -0.009 omg  +0.00 loop   4530
[0mBatt=23.4 [0mODOM [31mVisionX  +0.00 Y  +0.00 theta   +0.0 elt    0 [0mimu  -0.2 Dt   12 LtCy    6 integ.govd   +0.00   -0.00 integ.vbp +0.00 -0.00 omni.gos X     +0.0 ,Y     -0.1. omgD -0.009 omg  +0.00 loop   4494
[0mBatt=23.4 [0mODOM [31mVisionX  +0.00 Y  +0.00 theta   +0.0 elt    0 [0mimu  -0.2 Dt   14 LtCy    7 integ.govd   +0.00   +0.00 integ.vbp +0.00 +0.00 omni.gos X     +0.0 ,Y     -0.0. omgD -0.001 omg  +0.00 loop   4530
[0mBatt=23.4 [0mODOM [31mVisionX  +0.00 Y  +0.00 theta   +0.0 elt    0 [0mimu  -0.2 Dt    0 LtCy    0 integ.govd   +0.00   +0.00 integ.vbp +0.00 +0.00 omni.gos X     +0.0 ,Y     -0.0. omgD -0.001 omg  +0.00 loop   4453
[0mBatt=23.4 [0mODOM [31mVisionX  +0.00 Y  +0.00 theta   +0.0 elt    0 [0mimu  -0.2 Dt    0 LtCy    0 integ.govd   +0.00   +0.00 integ.vbp +0.00 +0.00 omni.gos X     +0.0 ,Y     -0.1. omgD -0.009 omg  +0.00 loop   4522
[0mBatt=23.4 [0mODOM [31mVisionX  +0.00 Y  +0.00 theta   +0.0 elt    0 [0mimu  -0.2 Dt    2 LtCy    1 integ.govd   +0.00   -0.00 integ.vbp +0.00 -0.00 omni.gos X     +0.0 ,Y     -0.1. omgD -0.005 omg  +0.00 loop   4543
[0mBatt=23.4 [0mODOM [31mVisionX  +0.00 Y  +0.00 theta   +0.0 elt    0 [0mimu  -0.2 Dt    4 LtCy    2 integ.govd   +0.00   -0.00 integ.vbp +0.00 -0.00 omni.gos X     +0.0 ,Y     -0.1. omgD -0.009 omg  +0.00 loop   4545
[0mBatt=23.4 [0mODOM [31mVisionX  +0.00 Y  +0.00 theta   +0.0 elt    0 [0mimu  -0.2 Dt    4 LtCy    2 integ.govd   -0.00   -0.00 integ.vbp -0.00 -0.00 omni.gos X     -0.0 ,Y     -0.0. omgD -0.003 omg  +0.00 loop   4506
[0mBatt=23.4 [0mODOM [31mVisionX  +0.00 Y  +0.00 theta   +0.0 elt    0 [0mimu  -0.2 Dt    6 LtCy    3 integ.govd   +0.00   -0.00 integ.vbp +0.00 -0.00 omni.gos X     +0.0 ,Y     -0.0. omgD -0.003 omg  +0.00 loop   4515
[0mBatt=23.4 [0mODOM [31mVisionX  +0.00 Y  +0.00 theta   +0.0 elt    0 [0mimu  -0.2 Dt    6 LtCy    3 integ.govd   +0.00   -0.00 integ.vbp +0.00 -0.00 omni.gos X     +0.0 ,Y     +0.0. omgD +0.001 omg  +0.00 loop   4536
[0mBatt=23.4 [0mODOM [31mVisionX  +0.00 Y  +0.00 theta   +0.0 elt    0 [0mimu  -0.2 Dt    8 LtCy    4 integ.govd   +0.00   -0.00 integ.vbp +0.00 -0.00 omni.gos X     +0.0 ,Y     -0.1. omgD -0.007 omg  +0.00 loop   4519
[0mBatt=23.4 [0mODOM [31mVisionX  +0.00 Y  +0.00 theta   +0.0 elt    0 [0mimu  -0.2 Dt    8 LtCy    4 integ.govd   +0.00   -0.00 integ.vbp +0.00 -0.00 omni.gos X     +0.0 ,Y     -0.1. omgD -0.009 omg  +0.00 loop   4528
[0mBatt=23.4 [0mODOM [31mVisionX  +0.00 Y  +0.00 theta   +0.0 elt    0 [0mimu  -0.2 Dt   10 LtCy    5 integ.govd   +0.00   +0.00 integ.vbp +0.00 +0.00 omni.gos X     +0.0 ,Y     +0.0. omgD +0.003 omg  +0.00 loop   4541
[0mBatt=23.4 [0mODOM [31mVisionX  +0.00 Y  +0.00 theta   +0.0 elt    0 [0mimu  -0.2 Dt   10 LtCy    5 integ.govd   +0.00   -0.00 integ.vbp +0.00 -0.00 omni.gos X     +0.0 ,Y     -0.0. omgD -0.003 omg  +0.00 loop   4523
[0mBatt=23.4 [0mODOM [31mVisionX  +0.00 Y  +0.00 theta   +0.0 elt    0 [0mimu  -0.2 Dt   12 LtCy    6 integ.govd   +0.00   +0.00 integ.vbp +0.00 +0.00 omni.gos X     +0.0 ,Y     -0.0. omgD -0.001 omg  +0.00 loop   4514
[0mBatt=23.4 [0mODOM [31mVisionX  +0.00 Y  +0.00 theta   +0.0 elt    0 [0mimu  -0.2 Dt   12 LtCy    6 integ.govd   -0.00   -0.00 integ.vbp -0.00 -0.00 omni.gos X     +0.0 ,Y     -0.1. omgD -0.007 omg  +0.00 loop   4509
[0mBatt=23.4 [0mODOM [31mVisionX  +0.00 Y  +0.00 theta   +0.0 elt    0 [0mimu  -0.2 Dt    0 LtCy    0 integ.govd   +0.00   +0.00 integ.vbp +0.00 +0.00 omni.gos X     +0.0 ,Y     -0.1. omgD -0.005 omg  +0.00 loop   4474
[0mBatt=23.4 [0mODOM [31mVisionX  +0.00 Y  +0.00 theta   +0.0 elt    0 [0mimu  -0.2 Dt    0 LtCy    0 integ.govd   +0.00   +0.00 integ.vbp +0.00 +0.00 omni.gos X     +0.0 ,Y     -0.0. omgD -0.001 omg  +0.00 loop   4520
[0mBatt=23.4 [0mODOM [31mVisionX  +0.00 Y  +0.00 theta   +0.0 elt    0 [0mimu  -0.2 Dt    0 LtCy    0 integ.govd   +0.00   +0.00 integ.vbp +0.00 +0.00 omni.gos X     +0.0 ,Y     -0.0. omgD -0.003 omg  +0.00 loop   4555
[0mBatt=23.4 [0mODOM [31mVisionX  +0.00 Y  +0.00 theta   +0.0 elt    0 [0mimu  -0.2 Dt    2 LtCy    1 integ.govd   +0.00   -0.00 integ.vbp +0.00 -0.00 omni.gos X     +0.0 ,Y     -0.1. omgD -0.009 omg  +0.00 loop   4546
[0mBatt=23.4 [0mODOM [31mVisionX  +0.00 Y  +0.00 theta   +0.0 elt    0 [0mimu  -0.2 Dt    4 LtCy    2 integ.govd   +0.00   -0.00 integ.vbp +0.00 -0.00 omni.gos X     +0.0 ,Y     -0.0. omgD -0.003 omg  +0.00 loop   4515
[0mBatt=23.4 [0mODOM [31mVisionX  +0.00 Y  +0.00 theta   +0.0 elt    0 [0mimu  -0.2 Dt    4 LtCy    2 integ.govd   +0.00   -0.00 integ.vbp +0.00 -0.00 omni.gos X     +0.0 ,Y     -0.0. omgD -0.003 omg  +0.00 loop   4522
[0mBatt=23.4 [0mODOM [31mVisionX  +0.00 Y  +0.00 theta   +0.0 elt    0 [0mimu  -0.2 Dt    6 LtCy    3 integ.govd   +0.00   -0.00 integ.vbp +0.00 -0.00 omni.gos X     +0.0 ,Y     -0.1. omgD -0.005 omg  +0.00 loop   4537
[0mBatt=23.4 [0mODOM [31mVisionX  +0.00 Y  +0.00 theta   +0.0 elt    0 [0mimu  -0.2 Dt    6 LtCy    3 integ.govd   +0.00   -0.00 integ.vbp +0.00 -0.00 omni.gos X     +0.0 ,Y     -0.0. omgD -0.003 omg  +0.00 loop   4519
[0mBatt=23.4 [0mODOM [31mVisionX  +0.00 Y  +0.00 theta   +0.0 elt    0 [0mimu  -0.2 Dt    8 LtCy    4 integ.govd   +0.00   +0.00 integ.vbp +0.00 +0.00 omni.gos X     +0.0 ,Y     +0.0. omgD +0.001 omg  +0.00 loop   4526
[0mBatt=23.4 [0mODOM [31mVisionX  +0.00 Y  +0.00 theta   +0.0 elt    0 [0mimu  -0.2 Dt    8 LtCy    4 integ.govd   +0.00   -0.00 integ.vbp +0.00 -0.00 omni.gos X     +0.0 ,Y     -0.1. omgD -0.005 omg  +0.00 loop   4525
[0mBatt=23.4 [0mODOM [31mVisionX  +0.00 Y  +0.00 theta   +0.0 elt    0 [0mimu  -0.2 Dt   10 LtCy    5 integ.govd   +0.00   -0.00 integ.vbp +0.00 -0.00 omni.gos X     +0.0 ,Y     -0.1. omgD -0.005 omg  +0.00 loop   4527
[0mBatt=23.4 [0mODOM [31mVisionX  +0.00 Y  +0.00 theta   +0.0 elt    0 [0mimu  -0.2 Dt   12 LtCy    6 integ.govd   -0.00   -0.00 integ.vbp -0.00 -0.00 omni.gos X     +0.0 ,Y     -0.1. omgD -0.009 omg  +0.00 loop   4514
[0mBatt=23.4 [0mODOM [31mVisionX  +0.00 Y  +0.00 theta   +0.0 elt    0 [0mimu  -0.2 Dt   12 LtCy    6 integ.govd   +0.00   -0.00 integ.vbp +0.00 -0.00 omni.gos X     +0.0 ,Y     -0.0. omgD -0.003 omg  +0.00 loop   4522
[0mBatt=23.4 [0mODOM [31mVisionX  +0.00 Y  +0.00 theta   +0.0 elt    0 [0mimu  -0.2 Dt   12 LtCy    6 integ.govd   +0.00   -0.00 integ.vbp +0.00 -0.00 omni.gos X     +0.0 ,Y     -0.0. omgD -0.003 omg  +0.00 loop   4515
[0mBatt=23.4 [0mODOM [31mVisionX  +0.00 Y  +0.00 theta   +0.0 elt    0 [0mimu  -0.2 Dt    0 LtCy    0 integ.govd   +0.00   +0.00 integ.vbp +0.00 +0.00 omni.gos X     +0.0 ,Y     -0.1. omgD -0.009 omg  +0.00 loop   4449
[0mBatt=23.4 [0mODOM [31mVisionX  +0.00 Y  +0.00 theta   +0.0 elt    0 [0mimu  -0.2 Dt    0 LtCy    0 integ.govd   +0.00   +0.00 integ.vbp +0.00 +0.00 omni.gos X     +0.0 ,Y     -0.1. omgD -0.005 omg  +0.00 loop   4550
[0mBatt=23.4 [0mODOM [31mVisionX  +0.00 Y  +0.00 theta   +0.0 elt    0 [0mimu  -0.2 Dt    2 LtCy    1 integ.govd   +0.00   -0.00 integ.vbp +0.00 -0.00 omni.gos X     +0.0 ,Y     -0.1. omgD -0.009 omg  +0.00 loop   4557
[0mBatt=23.4 [0mODOM [31mVisionX  +0.00 Y  +0.00 theta   +0.0 elt    0 [0mimu  -0.2 Dt    2 LtCy    1 integ.govd   +0.00   -0.00 integ.vbp +0.00 -0.00 omni.gos X     +0.0 ,Y     -0.1. omgD -0.005 omg  +0.00 loop   4501
[0mBatt=23.4 [0mODOM [31mVisionX  +0.00 Y  +0.00 theta   +0.0 elt    0 [0mimu  -0.2 Dt    4 LtCy    2 integ.govd   +0.00   -0.00 integ.vbp +0.00 -0.00 omni.gos X     +0.0 ,Y     -0.1. omgD -0.005 omg  +0.00 loop   4519
[0mBatt=23.4 [0mODOM [31mVisionX  +0.00 Y  +0.00 theta   +0.0 elt    0 [0mimu  -0.2 Dt    4 LtCy    2 integ.govd   +0.00   +0.00 integ.vbp +0.00 +0.00 omni.gos X     +0.0 ,Y     +0.0. omgD +0.003 omg  +0.00 loop   4527
[0mBatt=23.4 [0mODOM [31mVisionX  +0.00 Y  +0.00 theta   +0.0 elt    0 [0mimu  -0.2 Dt    6 LtCy    3 integ.govd   +0.00   +0.00 integ.vbp +0.00 +0.00 omni.gos X     +0.0 ,Y     +0.1. omgD +0.008 omg  +0.00 loop   4525
[0mBatt=23.4 [0mODOM [31mVisionX  +0.00 Y  +0.00 theta   +0.0 elt    0 [0mimu  -0.2 Dt    8 LtCy    4 integ.govd   +0.00   -0.00 integ.vbp +0.00 -0.00 omni.gos X     +0.0 ,Y     -0.1. omgD -0.005 omg  +0.00 loop   4515
[0mBatt=23.4 [0mODOM [31mVisionX  +0.00 Y  +0.00 theta   +0.0 elt    0 [0mimu  -0.2 Dt    8 LtCy    4 integ.govd   +0.00   +0.00 integ.vbp +0.00 +0.00 omni.gos X     +0.0 ,Y     +0.0. omgD +0.003 omg  +0.00 loop   4532
[0mBatt=23.4 [0mODOM [31mVisionX  +0.00 Y  +0.00 theta   +0.0 elt    0 [0mimu  -0.2 Dt   10 LtCy    5 integ.govd   -0.00   -0.00 integ.vbp -0.00 -0.00 omni.gos X     -0.0 ,Y     -0.1. omgD -0.009 omg  +0.00 loop   4533
[0mBatt=23.4 [0mODOM [31mVisionX  +0.00 Y  +0.00 theta   +0.0 elt    0 [0mimu  -0.2 Dt   10 LtCy    5 integ.govd   +0.00   -0.00 integ.vbp +0.00 -0.00 omni.gos X     +0.0 ,Y     -0.0. omgD -0.001 omg  +0.00 loop   4481
[0mBatt=23.4 [0mODOM [31mVisionX  +0.00 Y  +0.00 theta   +0.0 elt    0 [0mimu  -0.2 Dt   12 LtCy    6 integ.govd   +0.00   -0.00 integ.vbp +0.00 -0.00 omni.gos X     +0.0 ,Y     -0.0. omgD -0.001 omg  +0.00 loop   4538
[0mBatt=23.4 [0mODOM [31mVisionX  +0.00 Y  +0.00 theta   +0.0 elt    0 [0mimu  -0.2 Dt   12 LtCy    6 integ.govd   -0.00   -0.00 integ.vbp -0.00 -0.00 omni.gos X     -0.0 ,Y     -0.1. omgD -0.005 omg  +0.00 loop   4533
[0mBatt=23.4 [0mODOM [31mVisionX  +0.00 Y  +0.00 theta   +0.0 elt    0 [0mimu  -0.2 Dt   14 LtCy    7 integ.govd   +0.00   -0.00 integ.vbp +0.00 -0.00 omni.gos X     +0.0 ,Y     -0.1. omgD -0.009 omg  +0.00 loop   4417
[0mBatt=23.4 [0mODOM [31mVisionX  +0.00 Y  +0.00 theta   +0.0 elt    0 [0mimu  -0.2 Dt    0 LtCy    0 integ.govd   +0.00   +0.00 integ.vbp +0.00 +0.00 omni.gos X     +0.0 ,Y     -0.1. omgD -0.009 omg  +0.00 loop   4521
[0mBatt=23.4 [0mODOM [31mVisionX  +0.00 Y  +0.00 theta   +0.0 elt    0 [0mimu  -0.2 Dt    2 LtCy    1 integ.govd   +0.00   -0.00 integ.vbp +0.00 -0.00 omni.gos X     +0.0 ,Y     -0.1. omgD -0.005 omg  +0.00 loop   4560
[0mBatt=23.4 [0mODOM [31mVisionX  +0.00 Y  +0.00 theta   +0.0 elt    0 [0mimu  -0.2 Dt    2 LtCy    1 integ.govd   +0.00   -0.00 integ.vbp +0.00 -0.00 omni.gos X     +0.0 ,Y     -0.1. omgD -0.005 omg  +0.00 loop   4510
[0mBatt=23.4 [0mODOM [31mVisionX  +0.00 Y  +0.00 theta   +0.0 elt    0 [0mimu  -0.2 Dt    2 LtCy    1 integ.govd   +0.00   -0.00 integ.vbp +0.00 -0.00 omni.gos X     +0.0 ,Y     -0.0. omgD -0.001 omg  +0.00 loop   4518
[0mBatt=23.4 [0mODOM [31mVisionX  +0.00 Y  +0.00 theta   +0.0 elt    0 [0mimu  -0.2 Dt    4 LtCy    2 integ.govd   +0.00   -0.00 integ.vbp +0.00 -0.00 omni.gos X     +0.0 ,Y     -0.1. omgD -0.005 omg  +0.00 loop   4530
[0mBatt=23.4 [0mODOM [31mVisionX  +0.00 Y  +0.00 theta   +0.0 elt    0 [0mimu  -0.2 Dt    6 LtCy    3 integ.govd   -0.00   -0.00 integ.vbp -0.00 -0.00 omni.gos X     +0.0 ,Y     -0.1. omgD -0.009 omg  +0.00 loop   4533
[0mBatt=23.4 [0mODOM [31mVisionX  +0.00 Y  +0.00 theta   +0.0 elt    0 [0mimu  -0.2 Dt   14 LtCy    7 integ.govd   -0.00   -0.00 integ.vbp -0.00 -0.00 omni.gos X     +0.0 ,Y     +0.0. omgD +0.003 omg  +0.00 loop   2171
[0mBatt=23.4 [0mODOM [31mVisionX  +0.00 Y  +0.00 theta   +0.0 elt    0 [0mimu  -0.2 Dt    0 LtCy    0 integ.govd   +0.00   +0.00 integ.vbp +0.00 +0.00 omni.gos X     +0.0 ,Y     -0.1. omgD -0.009 omg  +0.00 loop   4445
[0mBatt=23.4 [0mODOM [31mVisionX  +0.00 Y  +0.00 theta   +0.0 elt    0 [0mimu  -0.2 Dt    2 LtCy    1 integ.govd   +0.00   -0.00 integ.vbp +0.00 -0.00 omni.gos X     +0.0 ,Y     -0.2. omgD -0.014 omg  +0.00 loop   4555
[0mBatt=23.4 [0mODOM [31mVisionX  +0.00 Y  +0.00 theta   +0.0 elt    0 [0mimu  -0.2 Dt    2 LtCy    1 integ.govd   +0.00   +0.00 integ.vbp +0.00 +0.00 omni.gos X     +0.0 ,Y     +0.0. omgD +0.003 omg  +0.00 loop   4521
[0mBatt=23.4 [0mODOM [31mVisionX  +0.00 Y  +0.00 theta   +0.0 elt    0 [0mimu  -0.2 Dt    2 LtCy    1 integ.govd   +0.00   +0.00 integ.vbp +0.00 +0.00 omni.gos X     +0.0 ,Y     +0.0. omgD +0.003 omg  +0.00 loop   4517
[0mBatt=23.4 [0mODOM [31mVisionX  +0.00 Y  +0.00 theta   +0.0 elt    0 [0mimu  -0.2 Dt    4 LtCy    2 integ.govd   +0.00   -0.00 integ.vbp +0.00 -0.00 omni.gos X     +0.0 ,Y     -0.0. omgD -0.001 omg  +0.00 loop   4535
[0mBatt=23.4 [0mODOM [31mVisionX  +0.00 Y  +0.00 theta   +0.0 elt    0 [0mimu  -0.2 Dt    6 LtCy    3 integ.govd   +0.00   +0.00 integ.vbp +0.00 +0.00 omni.gos X     +0.0 ,Y     +0.0. omgD +0.003 omg  +0.00 loop   4532
[0mBatt=23.4 [0mODOM [31mVisionX  +0.00 Y  +0.00 theta   +0.0 elt    0 [0mimu  -0.2 Dt    6 LtCy    3 integ.govd   +0.00   -0.00 integ.vbp +0.00 -0.00 omni.gos X     +0.0 ,Y     -0.0. omgD -0.001 omg  +0.00 loop   4508
[0mBatt=23.4 [0mODOM [31mVisionX  +0.00 Y  +0.00 theta   +0.0 elt    0 [0mimu  -0.2 Dt    6 LtCy    3 integ.govd   +0.00   +0.00 integ.vbp +0.00 +0.00 omni.gos X     +0.0 ,Y     -0.0. omgD -0.001 omg  +0.00 loop   4536
[0mBatt=23.4 [0mODOM [31mVisionX  +0.00 Y  +0.00 theta   +0.0 elt    0 [0mimu  -0.2 Dt    8 LtCy    4 integ.govd   +0.00   -0.00 integ.vbp +0.00 -0.00 omni.gos X     +0.0 ,Y     -0.1. omgD -0.009 omg  +0.00 loop   4540
[0mBatt=23.4 [0mODOM [31mVisionX  +0.00 Y  +0.00 theta   +0.0 elt    0 [0mimu  -0.2 Dt   10 LtCy    5 integ.govd   +0.00   -0.00 integ.vbp +0.00 -0.00 omni.gos X     +0.0 ,Y     -0.1. omgD -0.005 omg  +0.00 loop   4505
[0mBatt=23.4 [0mODOM [31mVisionX  +0.00 Y  +0.00 theta   +0.0 elt    0 [0mimu  -0.2 Dt   10 LtCy    5 integ.govd   -0.00   -0.00 integ.vbp -0.00 -0.00 omni.gos X     +0.0 ,Y     -0.2. omgD -0.014 omg  +0.00 loop   4526
[0mBatt=23.4 [0mODOM [31mVisionX  +0.00 Y  +0.00 theta   +0.0 elt    0 [0mimu  -0.2 Dt   12 LtCy    6 integ.govd   +0.00   -0.00 integ.vbp +0.00 -0.00 omni.gos X     +0.0 ,Y     -0.1. omgD -0.005 omg  +0.00 loop   4529
[0mBatt=23.4 [0mODOM [31mVisionX  +0.00 Y  +0.00 theta   +0.0 elt    0 [0mimu  -0.2 Dt   12 LtCy    6 integ.govd   +0.00   -0.00 integ.vbp +0.00 -0.00 omni.gos X     +0.0 ,Y     -0.2. omgD -0.014 omg  +0.00 loop   4513
[0mBatt=23.4 [0mODOM [31mVisionX  +0.00 Y  +0.00 theta   +0.0 elt    0 [0mimu  -0.2 Dt   14 LtCy    7 integ.govd   -0.00   -0.00 integ.vbp -0.00 -0.00 omni.gos X     -0.0 ,Y     -0.1. omgD -0.005 omg  +0.00 loop   4480
[0mBatt=23.4 [0mODOM [31mVisionX  +0.00 Y  +0.00 theta   +0.0 elt    0 [0mimu  -0.2 Dt    0 LtCy    0 integ.govd   +0.00   +0.00 integ.vbp +0.00 +0.00 omni.gos X     +0.0 ,Y     +0.0. omgD +0.003 omg  +0.00 loop   4470
[0mBatt=23.4 [0mODOM [31mVisionX  +0.00 Y  +0.00 theta   +0.0 elt    0 [0mimu  -0.2 Dt    2 LtCy    1 integ.govd   -0.01   -0.01 integ.vbp -0.00 -0.00 omni.gos X     -3.8 ,Y     -3.8. omgD -0.005 omg  +0.00 loop   4497
[0mBatt=23.4 [0mODOM [31mVisionX  +0.00 Y  +0.00 theta   +0.0 elt    0 [0mimu  -0.2 Dt    2 LtCy    1 integ.govd   +0.00   -0.00 integ.vbp +0.00 -0.00 omni.gos X     +0.0 ,Y     -0.1. omgD -0.009 omg  +0.00 loop   4493
[0mBatt=23.4 [0mODOM [31mVisionX  +0.00 Y  +0.00 theta   +0.0 elt    0 [0mimu  -0.2 Dt    2 LtCy    1 integ.govd   +0.00   -0.00 integ.vbp +0.00 -0.00 omni.gos X     +0.0 ,Y     -0.0. omgD -0.001 omg  +0.00 loop   4535
[0mBatt=23.4 [0mODOM [31mVisionX  +0.00 Y  +0.00 theta   +0.0 elt    0 [0mimu  -0.2 Dt    4 LtCy    2 integ.govd   +0.00   +0.00 integ.vbp +0.00 +0.00 omni.gos X     +0.0 ,Y     +0.0. omgD +0.003 omg  +0.00 loop   4533
[0mBatt=23.4 [0mODOM [31mVisionX  +0.00 Y  +0.00 theta   +0.0 elt    0 [0mimu  -0.2 Dt    6 LtCy    3 integ.govd   +0.00   +0.00 integ.vbp +0.00 +0.00 omni.gos X     +0.0 ,Y     +0.1. omgD +0.008 omg  +0.00 loop   4505
[0mBatt=23.4 [0mODOM [31mVisionX  +0.00 Y  +0.00 theta   +0.0 elt    0 [0mimu  -0.2 Dt    6 LtCy    3 integ.govd   -0.00   -0.00 integ.vbp -0.00 -0.00 omni.gos X     -0.0 ,Y     -0.0. omgD -0.001 omg  +0.00 loop   4531
[0mBatt=23.4 [0mODOM [31mVisionX  +0.00 Y  +0.00 theta   +0.0 elt    0 [0mimu  -0.2 Dt    8 LtCy    4 integ.govd   +0.00   -0.00 integ.vbp +0.00 -0.00 omni.gos X     +0.0 ,Y     -0.1. omgD -0.009 omg  +0.00 loop   4523
[0mBatt=23.4 [0mODOM [31mVisionX  +0.00 Y  +0.00 theta   +0.0 elt    0 [0mimu  -0.2 Dt    8 LtCy    4 integ.govd   +0.00   -0.00 integ.vbp +0.00 -0.00 omni.gos X     +0.0 ,Y     -0.2. omgD -0.014 omg  +0.00 loop   4501
[0mBatt=23.4 [0mODOM [31mVisionX  +0.00 Y  +0.00 theta   +0.0 elt    0 [0mimu  -0.2 Dt   10 LtCy    5 integ.govd   +0.00   -0.00 integ.vbp +0.00 -0.00 omni.gos X     +0.0 ,Y     -0.1. omgD -0.005 omg  +0.00 loop   4534
[0mBatt=23.4 [0mODOM [31mVisionX  +0.00 Y  +0.00 theta   +0.0 elt    0 [0mimu  -0.2 Dt   12 LtCy    6 integ.govd   +0.00   -0.00 integ.vbp +0.00 -0.00 omni.gos X     +0.0 ,Y     -0.0. omgD -0.001 omg  +0.00 loop   4538
[0mBatt=23.4 [0mODOM [31mVisionX  +0.00 Y  +0.00 theta   +0.0 elt    0 [0mimu  -0.2 Dt   12 LtCy    6 integ.govd   +0.00   +0.00 integ.vbp +0.00 +0.00 omni.gos X     +0.0 ,Y     +0.0. omgD +0.003 omg  +0.00 loop   4521
[0mBatt=23.4 [0mODOM [31mVisionX  +0.00 Y  +0.00 theta   +0.0 elt    0 [0mimu  -0.2 Dt   14 LtCy    7 integ.govd   +0.00   +0.00 integ.vbp +0.00 +0.00 omni.gos X     +0.0 ,Y     +0.0. omgD +0.003 omg  +0.00 loop   4513
[0mBatt=23.4 [0mODOM [31mVisionX  +0.00 Y  +0.00 theta   +0.0 elt    0 [0mimu  -0.2 Dt    0 LtCy    0 integ.govd   +0.00   +0.00 integ.vbp +0.00 +0.00 omni.gos X     +0.0 ,Y     -0.1. omgD -0.009 omg  +0.00 loop   4468
[0mBatt=23.4 [0mODOM [31mVisionX  +0.00 Y  +0.00 theta   +0.0 elt    0 [0mimu  -0.2 Dt    0 LtCy    0 integ.govd   +0.00   +0.00 integ.vbp +0.00 +0.00 omni.gos X     +0.0 ,Y     -0.1. omgD -0.005 omg  +0.00 loop   4544
[0mBatt=23.4 [0mODOM [31mVisionX  +0.00 Y  +0.00 theta   +0.0 elt    0 [0mimu  -0.2 Dt    2 LtCy    1 integ.govd   +0.00   +0.00 integ.vbp +0.00 +0.00 omni.gos X     +0.0 ,Y     +0.0. omgD +0.003 omg  +0.00 loop   4527
[0mBatt=23.4 [0mODOM [31mVisionX  +0.00 Y  +0.00 theta   +0.0 elt    0 [0mimu  -0.2 Dt    2 LtCy    1 integ.govd   +0.00   -0.00 integ.vbp +0.00 -0.00 omni.gos X     +0.0 ,Y     -0.0. omgD -0.001 omg  +0.00 loop   4527
[0mBatt=23.4 [0mODOM [31mVisionX  +0.00 Y  +0.00 theta   +0.0 elt    0 [0mimu  -0.2 Dt    4 LtCy    2 integ.govd   +0.01   +0.01 integ.vbp +0.00 +0.00 omni.gos X     +0.0 ,Y     -0.1. omgD -0.009 omg  +0.00 loop   4542
[0mBatt=23.4 [0mODOM [31mVisionX  +0.00 Y  +0.00 theta   +0.0 elt    0 [0mimu  -0.2 Dt    4 LtCy    2 integ.govd   +0.00   -0.00 integ.vbp +0.00 -0.00 omni.gos X     +0.0 ,Y     -0.1. omgD -0.005 omg  +0.00 loop   4488
[0mBatt=23.4 [0mODOM [31mVisionX  +0.00 Y  +0.00 theta   +0.0 elt    0 [0mimu  -0.2 Dt    6 LtCy    3 integ.govd   +0.00   -0.00 integ.vbp +0.00 -0.00 omni.gos X     +0.0 ,Y     -0.1. omgD -0.009 omg  +0.00 loop   4537
[0mBatt=23.4 [0mODOM [31mVisionX  +0.00 Y  +0.00 theta   +0.0 elt    0 [0mimu  -0.2 Dt    6 LtCy    3 integ.govd   +0.00   -0.00 integ.vbp +0.00 -0.00 omni.gos X     +0.0 ,Y     -0.0. omgD -0.001 omg  +0.00 loop   4537
[0mBatt=23.4 [0mODOM [31mVisionX  +0.00 Y  +0.00 theta   +0.0 elt    0 [0mimu  -0.2 Dt    8 LtCy    4 integ.govd   -0.00   -0.00 integ.vbp -0.00 -0.00 omni.gos X     +0.0 ,Y     -0.1. omgD -0.005 omg  +0.00 loop   4512
[0mBatt=23.4 [0mODOM [31mVisionX  +0.00 Y  +0.00 theta   +0.0 elt    0 [0mimu  -0.2 Dt   10 LtCy    5 integ.govd   +0.00   -0.00 integ.vbp +0.00 -0.00 omni.gos X     +0.0 ,Y     -0.0. omgD -0.001 omg  +0.00 loop   4519
[0mBatt=23.4 [0mODOM [31mVisionX  +0.00 Y  +0.00 theta   +0.0 elt    0 [0mimu  -0.2 Dt   10 LtCy    5 integ.govd   +0.00   -0.00 integ.vbp +0.00 -0.00 omni.gos X     +0.0 ,Y     -0.0. omgD -0.001 omg  +0.00 loop   4533
[0mBatt=23.4 [0mODOM [31mVisionX  +0.00 Y  +0.00 theta   +0.0 elt    0 [0mimu  -0.2 Dt   12 LtCy    6 integ.govd   +0.00   -0.00 integ.vbp +0.00 -0.00 omni.gos X     +0.0 ,Y     -0.2. omgD -0.018 omg  +0.00 loop   4504
[0mBatt=23.4 [0mODOM [31mVisionX  +0.00 Y  +0.00 theta   +0.0 elt    0 [0mimu  -0.2 Dt   12 LtCy    6 integ.govd   -0.00   -0.00 integ.vbp -0.00 -0.00 omni.gos X     +0.0 ,Y     -0.2. omgD -0.014 omg  +0.00 loop   4517
[0mBatt=23.4 [0mODOM [31mVisionX  +0.00 Y  +0.00 theta   +0.0 elt    0 [0mimu  -0.2 Dt   14 LtCy    7 integ.govd   +0.00   -0.00 integ.vbp +0.00 -0.00 omni.gos X     +0.0 ,Y     -0.0. omgD -0.001 omg  +0.00 loop   4500
[0mBatt=23.4 [0mODOM [31mVisionX  +0.00 Y  +0.00 theta   +0.0 elt    0 [0mimu  -0.2 Dt    0 LtCy    0 integ.govd   +0.00   +0.00 integ.vbp +0.00 +0.00 omni.gos X     +0.0 ,Y     -0.1. omgD -0.005 omg  +0.00 loop   4467
[0mBatt=23.4 [0mODOM [31mVisionX  +0.00 Y  +0.00 theta   +0.0 elt    0 [0mimu  -0.2 Dt    2 LtCy    1 integ.govd   +0.00   -0.00 integ.vbp +0.00 -0.00 omni.gos X     +0.0 ,Y     -0.1. omgD -0.005 omg  +0.00 loop   4519
[0mBatt=23.5 [0mODOM [31mVisionX  +0.00 Y  +0.00 theta   +0.0 elt    0 [0mimu  -0.2 Dt    2 LtCy    1 integ.govd   +0.00   -0.00 integ.vbp +0.00 -0.00 omni.gos X     +0.0 ,Y     -0.1. omgD -0.005 omg  +0.00 loop   4542
[0mBatt=23.5 [0mODOM [31mVisionX  +0.00 Y  +0.00 theta   +0.0 elt    0 [0mimu  -0.2 Dt    2 LtCy    1 integ.govd   +0.00   -0.00 integ.vbp +0.00 -0.00 omni.gos X     +0.0 ,Y     -0.0. omgD -0.001 omg  +0.00 loop   4530
[0mBatt=23.5 [0mODOM [31mVisionX  +0.00 Y  +0.00 theta   +0.0 elt    0 [0mimu  -0.2 Dt    4 LtCy    2 integ.govd   +0.00   -0.00 integ.vbp +0.00 -0.00 omni.gos X     +0.0 ,Y     -0.1. omgD -0.009 omg  +0.00 loop   4497
[0mBatt=23.4 [0mODOM [31mVisionX  +0.00 Y  +0.00 theta   +0.0 elt    0 [0mimu  -0.2 Dt    6 LtCy    3 integ.govd   -0.00   -0.00 integ.vbp -0.00 -0.00 omni.gos X     +0.0 ,Y     -0.2. omgD -0.014 omg  +0.00 loop   4532
[0mBatt=23.4 [0mODOM [31mVisionX  +0.00 Y  +0.00 theta   +0.0 elt    0 [0mimu  -0.2 Dt    6 LtCy    3 integ.govd   +0.00   -0.00 integ.vbp +0.00 -0.00 omni.gos X     +0.0 ,Y     -0.0. omgD -0.001 omg  +0.00 loop   4521
[0mBatt=23.4 [0mODOM [31mVisionX  +0.00 Y  +0.00 theta   +0.0 elt    0 [0mimu  -0.2 Dt    6 LtCy    3 integ.govd   +0.00   -0.00 integ.vbp +0.00 -0.00 omni.gos X     +0.0 ,Y     -0.0. omgD -0.003 omg  +0.00 loop   4519
[0mBatt=23.4 [0mODOM [31mVisionX  +0.00 Y  +0.00 theta   +0.0 elt    0 [0mimu  -0.2 Dt    8 LtCy    4 integ.govd   +0.00   +0.00 integ.vbp +0.00 +0.00 omni.gos X     +0.0 ,Y     +0.0. omgD +0.001 omg  +0.00 loop   4523
[0mBatt=23.4 [0mODOM [31mVisionX  +0.00 Y  +0.00 theta   +0.0 elt    0 [0mimu  -0.2 Dt   10 LtCy    5 integ.govd   +0.00   -0.00 integ.vbp +0.00 -0.00 omni.gos X     +0.0 ,Y     -0.2. omgD -0.012 omg  +0.00 loop   4545
[0mBatt=23.4 [0mODOM [31mVisionX  +0.00 Y  +0.00 theta   +0.0 elt    0 [0mimu  -0.2 Dt   12 LtCy    6 integ.govd   +0.00   -0.00 integ.vbp +0.00 -0.00 omni.gos X     +0.0 ,Y     -0.0. omgD -0.001 omg  +0.00 loop   4527
[0mBatt=23.4 [0mODOM [31mVisionX  +0.00 Y  +0.00 theta   +0.0 elt    0 [0mimu  -0.2 Dt   12 LtCy    6 integ.govd   +0.00   -0.00 integ.vbp +0.00 -0.00 omni.gos X     +0.0 ,Y     -0.1. omgD -0.005 omg  +0.00 loop   4518
[0mBatt=23.4 [0mODOM [31mVisionX  +0.00 Y  +0.00 theta   +0.0 elt    0 [0mimu  -0.2 Dt   12 LtCy    6 integ.govd   +0.00   +0.00 integ.vbp +0.00 +0.00 omni.gos X     +0.0 ,Y     +0.1. omgD +0.005 omg  +0.00 loop   4530
[0mBatt=23.4 [0mODOM [31mVisionX  +0.00 Y  +0.00 theta   +0.0 elt    0 [0mimu  -0.2 Dt    0 LtCy    0 integ.govd   +0.00   +0.00 integ.vbp +0.00 +0.00 omni.gos X     +0.0 ,Y     -0.0. omgD -0.001 omg  +0.00 loop   4469
[0mBatt=23.4 [0mODOM [31mVisionX  +0.00 Y  +0.00 theta   +0.0 elt    0 [0mimu  -0.2 Dt    0 LtCy    0 integ.govd   +0.00   +0.00 integ.vbp +0.00 +0.00 omni.gos X     +0.0 ,Y     -0.2. omgD -0.012 omg  +0.00 loop   4513
[0mBatt=23.4 [0mODOM [31mVisionX  +0.00 Y  +0.00 theta   +0.0 elt    0 [0mimu  -0.2 Dt    0 LtCy    0 integ.govd   +0.00   +0.00 integ.vbp +0.00 +0.00 omni.gos X     +0.0 ,Y     -0.2. omgD -0.014 omg  +0.00 loop   4553
[0mBatt=23.4 [0mODOM [31mVisionX  +0.00 Y  +0.00 theta   +0.0 elt    0 [0mimu  -0.2 Dt    2 LtCy    1 integ.govd   -0.00   -0.00 integ.vbp -0.00 -0.00 omni.gos X     -0.0 ,Y     -0.1. omgD -0.009 omg  +0.00 loop   4551
[0mBatt=23.4 [0mODOM [31mVisionX  +0.00 Y  +0.00 theta   +0.0 elt    0 [0mimu  -0.2 Dt    4 LtCy    2 integ.govd   +0.00   +0.00 integ.vbp +0.00 +0.00 omni.gos X     +0.0 ,Y     +0.1. omgD +0.005 omg  +0.00 loop   4492
[0mBatt=23.4 [0mODOM [31mVisionX  +0.00 Y  +0.00 theta   +0.0 elt    0 [0mimu  -0.2 Dt    4 LtCy    2 integ.govd   +0.00   +0.00 integ.vbp +0.00 +0.00 omni.gos X     +0.0 ,Y     +0.0. omgD +0.003 omg  +0.00 loop   4527
[0mBatt=23.4 [0mODOM [31mVisionX  +0.00 Y  +0.00 theta   +0.0 elt    0 [0mimu  -0.2 Dt    6 LtCy    3 integ.govd   +0.00   -0.00 integ.vbp +0.00 -0.00 omni.gos X     +0.0 ,Y     -0.0. omgD -0.003 omg  +0.00 loop   4533
[0mBatt=23.4 [0mODOM [31mVisionX  +0.00 Y  +0.00 theta   +0.0 elt    0 [0mimu  -0.2 Dt    6 LtCy    3 integ.govd   +0.00   -0.00 integ.vbp +0.00 -0.00 omni.gos X     +0.0 ,Y     -0.1. omgD -0.009 omg  +0.00 loop   4521
[0mBatt=23.4 [0mODOM [31mVisionX  +0.00 Y  +0.00 theta   +0.0 elt    0 [0mimu  -0.2 Dt    0 LtCy    0 integ.govd   +0.00   +0.00 integ.vbp +0.00 +0.00 omni.gos X     +0.0 ,Y     -0.2. omgD -0.012 omg  +0.00 loop   2130
[0mBatt=23.4 [0mODOM [31mVisionX  +0.00 Y  +0.00 theta   +0.0 elt    0 [0mimu  -0.2 Dt    2 LtCy    1 integ.govd   +0.00   -0.00 integ.vbp +0.00 -0.00 omni.gos X     +0.0 ,Y     -0.1. omgD -0.007 omg  +0.00 loop   4548
[0mBatt=23.4 [0mODOM [31mVisionX  +0.00 Y  +0.00 theta   +0.0 elt    0 [0mimu  -0.2 Dt    2 LtCy    1 integ.govd   +0.00   +0.00 integ.vbp +0.00 +0.00 omni.gos X     +0.0 ,Y     +0.0. omgD +0.003 omg  +0.00 loop   4535
[0mBatt=23.4 [0mODOM [31mVisionX  +0.00 Y  +0.00 theta   +0.0 elt    0 [0mimu  -0.2 Dt    4 LtCy    2 integ.govd   +0.00   -0.00 integ.vbp +0.00 -0.00 omni.gos X     +0.0 ,Y     -0.0. omgD -0.001 omg  +0.00 loop   4513
[0mBatt=23.4 [0mODOM [31mVisionX  +0.00 Y  +0.00 theta   +0.0 elt    0 [0mimu  -0.2 Dt    4 LtCy    2 integ.govd   +0.00   +0.00 integ.vbp +0.00 +0.00 omni.gos X     +0.0 ,Y     +0.0. omgD +0.003 omg  +0.00 loop   4531
[0mBatt=23.4 [0mODOM [31mVisionX  +0.00 Y  +0.00 theta   +0.0 elt    0 [0mimu  -0.2 Dt    6 LtCy    3 integ.govd   +0.00   -0.00 integ.vbp +0.00 -0.00 omni.gos X     +0.0 ,Y     -0.1. omgD -0.009 omg  +0.00 loop   4546
[0mBatt=23.4 [0mODOM [31mVisionX  +0.00 Y  +0.00 theta   +0.0 elt    0 [0mimu  -0.2 Dt    6 LtCy    3 integ.govd   +0.00   -0.00 integ.vbp +0.00 -0.00 omni.gos X     +0.0 ,Y     -0.1. omgD -0.007 omg  +0.00 loop   4509
[0mBatt=23.4 [0mODOM [31mVisionX  +0.00 Y  +0.00 theta   +0.0 elt    0 [0mimu  -0.2 Dt    8 LtCy    4 integ.govd   +0.00   +0.00 integ.vbp +0.00 +0.00 omni.gos X     +0.0 ,Y     +0.0. omgD +0.003 omg  +0.00 loop   4525
[0mBatt=23.4 [0mODOM [31mVisionX  +0.00 Y  +0.00 theta   +0.0 elt    0 [0mimu  -0.2 Dt    8 LtCy    4 integ.govd   +0.00   -0.00 integ.vbp +0.00 -0.00 omni.gos X     +0.0 ,Y     -0.0. omgD -0.001 omg  +0.00 loop   4535
[0mBatt=23.4 [0mODOM [31mVisionX  +0.00 Y  +0.00 theta   +0.0 elt    0 [0mimu  -0.2 Dt   10 LtCy    5 integ.govd   +0.00   -0.00 integ.vbp +0.00 -0.00 omni.gos X     +0.0 ,Y     -0.0. omgD -0.001 omg  +0.00 loop   4535
[0mBatt=23.4 [0mODOM [31mVisionX  +0.00 Y  +0.00 theta   +0.0 elt    0 [0mimu  -0.2 Dt   10 LtCy    5 integ.govd   +0.00   -0.00 integ.vbp +0.00 -0.00 omni.gos X     +0.0 ,Y     -0.1. omgD -0.009 omg  +0.00 loop   4498
[0mBatt=23.4 [0mODOM [31mVisionX  +0.00 Y  +0.00 theta   +0.0 elt    0 [0mimu  -0.2 Dt   12 LtCy    6 integ.govd   +0.00   -0.00 integ.vbp +0.00 -0.00 omni.gos X     +0.0 ,Y     -0.0. omgD -0.001 omg  +0.00 loop   4531
[0mBatt=23.4 [0mODOM [31mVisionX  +0.00 Y  +0.00 theta   +0.0 elt    0 [0mimu  -0.2 Dt   14 LtCy    7 integ.govd   +0.00   +0.00 integ.vbp +0.00 +0.00 omni.gos X     +0.0 ,Y     +0.0. omgD +0.003 omg  +0.00 loop   4543
[0mBatt=23.4 [0mODOM [31mVisionX  +0.00 Y  +0.00 theta   +0.0 elt    0 [0mimu  -0.2 Dt    0 LtCy    0 integ.govd   +0.00   +0.00 integ.vbp +0.00 +0.00 omni.gos X     +0.0 ,Y     -0.1. omgD -0.005 omg  +0.00 loop   4431
[0mBatt=23.4 [0mODOM [31mVisionX  +0.00 Y  +0.00 theta   +0.0 elt    0 [0mimu  -0.2 Dt    0 LtCy    0 integ.govd   +0.00   +0.00 integ.vbp +0.00 +0.00 omni.gos X     +0.0 ,Y     -0.1. omgD -0.005 omg  +0.00 loop   4541
[0mBatt=23.4 [0mODOM [31mVisionX  +0.00 Y  +0.00 theta   +0.0 elt    0 [0mimu  -0.2 Dt    2 LtCy    1 integ.govd   +0.00   -0.00 integ.vbp +0.00 -0.00 omni.gos X     +0.0 ,Y     -0.1. omgD -0.005 omg  +0.00 loop   4553
[0mBatt=23.4 [0mODOM [31mVisionX  +0.00 Y  +0.00 theta   +0.0 elt    0 [0mimu  -0.2 Dt    2 LtCy    1 integ.govd   +0.00   -0.00 integ.vbp +0.00 -0.00 omni.gos X     +0.0 ,Y     -0.1. omgD -0.009 omg  +0.00 loop   4513
[0mBatt=23.4 [0mODOM [31mVisionX  +0.00 Y  +0.00 theta   +0.0 elt    0 [0mimu  -0.2 Dt    4 LtCy    2 integ.govd   +0.00   +0.00 integ.vbp +0.00 +0.00 omni.gos X     +0.0 ,Y     -0.0. omgD -0.001 omg  +0.00 loop   4517
[0mBatt=23.4 [0mODOM [31mVisionX  +0.00 Y  +0.00 theta   +0.0 elt    0 [0mimu  -0.2 Dt    4 LtCy    2 integ.govd   +0.00   +0.00 integ.vbp +0.00 +0.00 omni.gos X     +0.0 ,Y     +0.1. omgD +0.008 omg  +0.00 loop   4533
[0mBatt=23.4 [0mODOM [31mVisionX  +0.00 Y  +0.00 theta   +0.0 elt    0 [0mimu  -0.2 Dt    6 LtCy    3 integ.govd   +0.00   -0.00 integ.vbp +0.00 -0.00 omni.gos X     +0.0 ,Y     -0.2. omgD -0.014 omg  +0.00 loop   4533
[0mBatt=23.4 [0mODOM [31mVisionX  +0.00 Y  +0.00 theta   +0.0 elt    0 [0mimu  -0.2 Dt    8 LtCy    4 integ.govd   -0.00   -0.00 integ.vbp -0.00 -0.00 omni.gos X     +0.0 ,Y     -0.1. omgD -0.009 omg  +0.00 loop   4514
[0mBatt=23.4 [0mODOM [31mVisionX  +0.00 Y  +0.00 theta   +0.0 elt    0 [0mimu  -0.2 Dt    8 LtCy    4 integ.govd   +0.00   -0.00 integ.vbp +0.00 -0.00 omni.gos X     +0.0 ,Y     +0.1. omgD +0.008 omg  +0.00 loop   4520
[0mBatt=23.4 [0mODOM [31mVisionX  +0.00 Y  +0.00 theta   +0.0 elt    0 [0mimu  -0.2 Dt    8 LtCy    4 integ.govd   +0.00   +0.00 integ.vbp +0.00 +0.00 omni.gos X     +0.0 ,Y     +0.0. omgD +0.003 omg  +0.00 loop   4537
[0mBatt=23.4 [0mODOM [31mVisionX  +0.00 Y  +0.00 theta   +0.0 elt    0 [0mimu  -0.2 Dt   10 LtCy    5 integ.govd   +0.00   +0.00 integ.vbp +0.00 +0.00 omni.gos X     +0.0 ,Y     +0.1. omgD +0.008 omg  +0.00 loop   4504
[0mBatt=23.4 [0mODOM [31mVisionX  +0.00 Y  +0.00 theta   +0.0 elt    0 [0mimu  -0.2 Dt   12 LtCy    6 integ.govd   +0.00   +0.00 integ.vbp +0.00 +0.00 omni.gos X     +0.0 ,Y     -0.1. omgD -0.005 omg  +0.00 loop   4534
[0mBatt=23.4 [0mODOM [31mVisionX  +0.00 Y  +0.00 theta   +0.0 elt    0 [0mimu  -0.2 Dt   12 LtCy    6 integ.govd   +0.00   -0.00 integ.vbp +0.00 -0.00 omni.gos X     +0.0 ,Y     -0.1. omgD -0.009 omg  +0.00 loop   4519
[0mBatt=23.4 [0mODOM [31mVisionX  +0.00 Y  +0.00 theta   +0.0 elt    0 [0mimu  -0.2 Dt   14 LtCy    7 integ.govd   +0.00   -0.00 integ.vbp +0.00 -0.00 omni.gos X     +0.0 ,Y     -0.1. omgD -0.005 omg  +0.00 loop   4456
[0mBatt=23.4 [0mODOM [31mVisionX  +0.00 Y  +0.00 theta   +0.0 elt    0 [0mimu  -0.2 Dt    0 LtCy    0 integ.govd   +0.00   +0.00 integ.vbp +0.00 +0.00 omni.gos X     +0.0 ,Y     -0.1. omgD -0.005 omg  +0.00 loop   4518
[0mBatt=23.4 [0mODOM [31mVisionX  +0.00 Y  +0.00 theta   +0.0 elt    0 [0mimu  -0.2 Dt    0 LtCy    0 integ.govd   +0.00   +0.00 integ.vbp +0.00 +0.00 omni.gos X     +0.0 ,Y     -0.0. omgD -0.001 omg  +0.00 loop   4543
[0mBatt=23.4 [0mODOM [31mVisionX  +0.00 Y  +0.00 theta   +0.0 elt    0 [0mimu  -0.2 Dt    2 LtCy    1 integ.govd   +0.00   -0.00 integ.vbp +0.00 -0.00 omni.gos X     +0.0 ,Y     -0.0. omgD -0.001 omg  +0.00 loop   4528
[0mBatt=23.4 [0mODOM [31mVisionX  +0.00 Y  +0.00 theta   +0.0 elt    0 [0mimu  -0.2 Dt    4 LtCy    2 integ.govd   +0.00   -0.00 integ.vbp +0.00 -0.00 omni.gos X     +0.0 ,Y     -0.2. omgD -0.014 omg  +0.00 loop   4523
[0mBatt=23.4 [0mODOM [31mVisionX  +0.00 Y  +0.00 theta   +0.0 elt    0 [0mimu  -0.2 Dt    4 LtCy    2 integ.govd   +0.00   -0.00 integ.vbp +0.00 -0.00 omni.gos X     +0.0 ,Y     -0.1. omgD -0.005 omg  +0.00 loop   4529
[0mBatt=23.4 [0mODOM [31mVisionX  +0.00 Y  +0.00 theta   +0.0 elt    0 [0mimu  -0.2 Dt    4 LtCy    2 integ.govd   +0.00   -0.00 integ.vbp +0.00 -0.00 omni.gos X     +0.0 ,Y     -0.2. omgD -0.014 omg  +0.00 loop   4527
[0mBatt=23.4 [0mODOM [31mVisionX  +0.00 Y  +0.00 theta   +0.0 elt    0 [0mimu  -0.2 Dt    6 LtCy    3 integ.govd   +0.00   -0.00 integ.vbp +0.00 -0.00 omni.gos X     +0.0 ,Y     -0.1. omgD -0.009 omg  +0.00 loop   4501
[0mBatt=23.4 [0mODOM [31mVisionX  +0.00 Y  +0.00 theta   +0.0 elt    0 [0mimu  -0.2 Dt    8 LtCy    4 integ.govd   +0.00   +0.00 integ.vbp +0.00 +0.00 omni.gos X     +0.0 ,Y     +0.0. omgD +0.003 omg  +0.00 loop   4539
[0mBatt=23.4 [0mODOM [31mVisionX  +0.00 Y  +0.00 theta   +0.0 elt    0 [0mimu  -0.2 Dt    8 LtCy    4 integ.govd   +0.00   -0.00 integ.vbp +0.00 -0.00 omni.gos X     +0.0 ,Y     -0.1. omgD -0.005 omg  +0.00 loop   4536
[0mBatt=23.4 [0mODOM [31mVisionX  +0.00 Y  +0.00 theta   +0.0 elt    0 [0mimu  -0.2 Dt   10 LtCy    5 integ.govd   +0.00   -0.00 integ.vbp +0.00 -0.00 omni.gos X     +0.0 ,Y     -0.1. omgD -0.005 omg  +0.00 loop   4503
[0mBatt=23.4 [0mODOM [31mVisionX  +0.00 Y  +0.00 theta   +0.0 elt    0 [0mimu  -0.2 Dt   10 LtCy    5 integ.govd   +0.00   -0.00 integ.vbp +0.00 -0.00 omni.gos X     +0.0 ,Y     -0.2. omgD -0.014 omg  +0.00 loop   4533
[0mBatt=23.4 [0mODOM [31mVisionX  +0.00 Y  +0.00 theta   +0.0 elt    0 [0mimu  -0.2 Dt   12 LtCy    6 integ.govd   +0.00   -0.00 integ.vbp +0.00 -0.00 omni.gos X     +0.0 ,Y     -0.2. omgD -0.018 omg  +0.00 loop   4537
[0mBatt=23.4 [0mODOM [31mVisionX  +0.00 Y  +0.00 theta   +0.0 elt    0 [0mimu  -0.2 Dt   14 LtCy    7 integ.govd   -0.00   -0.00 integ.vbp -0.00 -0.00 omni.gos X     +0.0 ,Y     -0.1. omgD -0.005 omg  +0.00 loop   4512
[0mBatt=23.4 [0mODOM [31mVisionX  +0.00 Y  +0.00 theta   +0.0 elt    0 [0mimu  -0.2 Dt   14 LtCy    7 integ.govd   +0.00   -0.00 integ.vbp +0.00 -0.00 omni.gos X     +0.0 ,Y     -0.0. omgD -0.001 omg  +0.00 loop   4459
[0mBatt=23.4 [0mODOM [31mVisionX  +0.00 Y  +0.00 theta   +0.0 elt    0 [0mimu  -0.2 Dt    0 LtCy    0 integ.govd   +0.00   +0.00 integ.vbp +0.00 +0.00 omni.gos X     +0.0 ,Y     +0.1. omgD +0.008 omg  +0.00 loop   4505
[0mBatt=23.4 [0mODOM [31mVisionX  +0.00 Y  +0.00 theta   +0.0 elt    0 [0mimu  -0.2 Dt    2 LtCy    1 integ.govd   +0.00   -0.00 integ.vbp +0.00 -0.00 omni.gos X     +0.0 ,Y     -0.1. omgD -0.009 omg  +0.00 loop   4538
[0mBatt=23.4 [0mODOM [31mVisionX  +0.00 Y  +0.00 theta   +0.0 elt    0 [0mimu  -0.2 Dt    2 LtCy    1 integ.govd   +0.00   -0.00 integ.vbp +0.00 -0.00 omni.gos X     +0.0 ,Y     -0.2. omgD -0.014 omg  +0.00 loop   4513
[0mBatt=23.4 [0mODOM [31mVisionX  +0.00 Y  +0.00 theta   +0.0 elt    0 [0mimu  -0.2 Dt    2 LtCy    1 integ.govd   +0.00   -0.00 integ.vbp +0.00 -0.00 omni.gos X     +0.0 ,Y     -0.1. omgD -0.005 omg  +0.00 loop   4543
[0mBatt=23.4 [0mODOM [31mVisionX  +0.00 Y  +0.00 theta   +0.0 elt    0 [0mimu  -0.2 Dt    4 LtCy    2 integ.govd   +0.00   +0.00 integ.vbp +0.00 +0.00 omni.gos X     +0.0 ,Y     +0.0. omgD +0.003 omg  +0.00 loop   4535
[0mBatt=23.4 [0mODOM [31mVisionX  +0.00 Y  +0.00 theta   +0.0 elt    0 [0mimu  -0.2 Dt    6 LtCy    3 integ.govd   +0.00   +0.00 integ.vbp +0.00 +0.00 omni.gos X     +0.0 ,Y     +0.1. omgD +0.008 omg  +0.00 loop   4512
[0mBatt=23.4 [0mODOM [31mVisionX  +0.00 Y  +0.00 theta   +0.0 elt    0 [0mimu  -0.2 Dt    6 LtCy    3 integ.govd   +0.00   -0.00 integ.vbp +0.00 -0.00 omni.gos X     +0.0 ,Y     -0.0. omgD -0.001 omg  +0.00 loop   4527
[0mBatt=23.4 [0mODOM [31mVisionX  +0.00 Y  +0.00 theta   +0.0 elt    0 [0mimu  -0.2 Dt    8 LtCy    4 integ.govd   +0.00   -0.00 integ.vbp +0.00 -0.00 omni.gos X     +0.0 ,Y     -0.1. omgD -0.005 omg  +0.00 loop   4539
[0mBatt=23.4 [0mODOM [31mVisionX  +0.00 Y  +0.00 theta   +0.0 elt    0 [0mimu  -0.2 Dt    8 LtCy    4 integ.govd   +0.00   -0.00 integ.vbp +0.00 -0.00 omni.gos X     +0.0 ,Y     -0.1. omgD -0.005 omg  +0.00 loop   4504
[0mBatt=23.4 [0mODOM [31mVisionX  +0.00 Y  +0.00 theta   +0.0 elt    0 [0mimu  -0.2 Dt   10 LtCy    5 integ.govd   +0.00   -0.00 integ.vbp +0.00 -0.00 omni.gos X     +0.0 ,Y     -0.0. omgD -0.001 omg  +0.00 loop   4537
[0mBatt=23.4 [0mODOM [31mVisionX  +0.00 Y  +0.00 theta   +0.0 elt    0 [0mimu  -0.2 Dt   10 LtCy    5 integ.govd   +0.00   -0.00 integ.vbp +0.00 -0.00 omni.gos X     +0.0 ,Y     +0.0. omgD +0.003 omg  +0.00 loop   4527
[0mBatt=23.4 [0mODOM [31mVisionX  +0.00 Y  +0.00 theta   +0.0 elt    0 [0mimu  -0.2 Dt   12 LtCy    6 integ.govd   +0.00   -0.00 integ.vbp +0.00 -0.00 omni.gos X     +0.0 ,Y     -0.0. omgD -0.001 omg  +0.00 loop   4515
[0mBatt=23.4 [0mODOM [31mVisionX  +0.00 Y  +0.00 theta   +0.0 elt    0 [0mimu  -0.2 Dt   14 LtCy    7 integ.govd   -0.00   -0.00 integ.vbp -0.00 -0.00 omni.gos X     +0.0 ,Y     -0.1. omgD -0.009 omg  +0.00 loop   4525
[0mBatt=23.4 [0mODOM [31mVisionX  +0.00 Y  +0.00 theta   +0.0 elt    0 [0mimu  -0.2 Dt    0 LtCy    0 integ.govd   +0.00   +0.00 integ.vbp +0.00 +0.00 omni.gos X     +0.0 ,Y     -0.1. omgD -0.009 omg  +0.00 loop   4441
[0mBatt=23.4 [0mODOM [31mVisionX  +0.00 Y  +0.00 theta   +0.0 elt    0 [0mimu  -0.2 Dt    0 LtCy    0 integ.govd   +0.00   +0.00 integ.vbp +0.00 +0.00 omni.gos X     +0.0 ,Y     -0.1. omgD -0.005 omg  +0.00 loop   4532
[0mBatt=23.4 [0mODOM [31mVisionX  +0.00 Y  +0.00 theta   +0.0 elt    0 [0mimu  -0.2 Dt    2 LtCy    1 integ.govd   +0.00   -0.00 integ.vbp +0.00 -0.00 omni.gos X     +0.0 ,Y     -0.0. omgD -0.001 omg  +0.00 loop   4526
[0mBatt=23.4 [0mODOM [31mVisionX  +0.00 Y  +0.00 theta   +0.0 elt    0 [0mimu  -0.2 Dt    4 LtCy    2 integ.govd   +0.00   -0.00 integ.vbp +0.00 -0.00 omni.gos X     +0.0 ,Y     -0.0. omgD -0.001 omg  +0.00 loop   4539
[0mBatt=23.4 [0mODOM [31mVisionX  +0.00 Y  +0.00 theta   +0.0 elt    0 [0mimu  -0.2 Dt    4 LtCy    2 integ.govd   +0.00   -0.00 integ.vbp +0.00 -0.00 omni.gos X     +0.0 ,Y     -0.0. omgD -0.001 omg  +0.00 loop   4533
[0mBatt=23.4 [0mODOM [31mVisionX  +0.00 Y  +0.00 theta   +0.0 elt    0 [0mimu  -0.2 Dt    4 LtCy    2 integ.govd   +0.00   -0.00 integ.vbp +0.00 -0.00 omni.gos X     +0.0 ,Y     -0.1. omgD -0.009 omg  +0.00 loop   4503
[0mBatt=23.4 [0mODOM [31mVisionX  +0.00 Y  +0.00 theta   +0.0 elt    0 [0mimu  -0.2 Dt    6 LtCy    3 integ.govd   +0.00   -0.00 integ.vbp +0.00 -0.00 omni.gos X     +0.0 ,Y     -0.1. omgD -0.005 omg  +0.00 loop   4537
[0mBatt=23.4 [0mODOM [31mVisionX  +0.00 Y  +0.00 theta   +0.0 elt    0 [0mimu  -0.2 Dt    8 LtCy    4 integ.govd   +0.00   -0.00 integ.vbp +0.00 -0.00 omni.gos X     +0.0 ,Y     -0.1. omgD -0.005 omg  +0.00 loop   4541
[0mBatt=23.4 [0mODOM [31mVisionX  +0.00 Y  +0.00 theta   +0.0 elt    0 [0mimu  -0.2 Dt    8 LtCy    4 integ.govd   +0.00   +0.00 integ.vbp +0.00 +0.00 omni.gos X     +0.0 ,Y     +0.0. omgD +0.003 omg  +0.00 loop   4510
[0mBatt=23.4 [0mODOM [31mVisionX  +0.00 Y  +0.00 theta   +0.0 elt    0 [0mimu  -0.2 Dt    0 LtCy    0 integ.govd   +0.00   +0.00 integ.vbp +0.00 +0.00 omni.gos X     +0.0 ,Y     +0.1. omgD +0.008 omg  +0.00 loop   2125
[0mBatt=23.4 [0mODOM [31mVisionX  +0.00 Y  +0.00 theta   +0.0 elt    0 [0mimu  -0.2 Dt    2 LtCy    1 integ.govd   +0.00   -0.00 integ.vbp +0.00 -0.00 omni.gos X     +0.0 ,Y     -0.1. omgD -0.005 omg  +0.00 loop   4540
[0mBatt=23.4 [0mODOM [31mVisionX  +0.00 Y  +0.00 theta   +0.0 elt    0 [0mimu  -0.2 Dt    4 LtCy    2 integ.govd   +0.00   -0.00 integ.vbp +0.00 -0.00 omni.gos X     +0.0 ,Y     -0.1. omgD -0.005 omg  +0.00 loop   4545
[0mBatt=23.4 [0mODOM [31mVisionX  +0.00 Y  +0.00 theta   +0.0 elt    0 [0mimu  -0.2 Dt    4 LtCy    2 integ.govd   +0.00   -0.00 integ.vbp +0.00 -0.00 omni.gos X     +0.0 ,Y     -0.1. omgD -0.009 omg  +0.00 loop   4489
[0mBatt=23.4 [0mODOM [31mVisionX  +0.00 Y  +0.00 theta   +0.0 elt    0 [0mimu  -0.2 Dt    6 LtCy    3 integ.govd   +0.00   +0.00 integ.vbp +0.00 +0.00 omni.gos X     +0.0 ,Y     +0.0. omgD +0.003 omg  +0.00 loop   4541
[0mBatt=23.4 [0mODOM [31mVisionX  +0.00 Y  +0.00 theta   +0.0 elt    0 [0mimu  -0.2 Dt    6 LtCy    3 integ.govd   +0.00   -0.00 integ.vbp +0.00 -0.00 omni.gos X     +0.0 ,Y     -0.1. omgD -0.009 omg  +0.00 loop   4542
[0mBatt=23.4 [0mODOM [31mVisionX  +0.00 Y  +0.00 theta   +0.0 elt    0 [0mimu  -0.2 Dt    8 LtCy    4 integ.govd   +0.00   -0.00 integ.vbp +0.00 -0.00 omni.gos X     +0.0 ,Y     -0.0. omgD -0.001 omg  +0.00 loop   4513
[0mBatt=23.4 [0mODOM [31mVisionX  +0.00 Y  +0.00 theta   +0.0 elt    0 [0mimu  -0.2 Dt    8 LtCy    4 integ.govd   +0.00   +0.00 integ.vbp +0.00 +0.00 omni.gos X     +0.0 ,Y     +0.0. omgD +0.003 omg  +0.00 loop   4522
[0mBatt=23.4 [0mODOM [31mVisionX  +0.00 Y  +0.00 theta   +0.0 elt    0 [0mimu  -0.2 Dt   10 LtCy    5 integ.govd   +0.00   -0.00 integ.vbp +0.00 -0.00 omni.gos X     +0.0 ,Y     -0.0. omgD -0.001 omg  +0.00 loop   4527
[0mBatt=23.4 [0mODOM [31mVisionX  +0.00 Y  +0.00 theta   +0.0 elt    0 [0mimu  -0.2 Dt   10 LtCy    5 integ.govd   +0.00   -0.00 integ.vbp +0.00 -0.00 omni.gos X     +0.0 ,Y     -0.0. omgD -0.001 omg  +0.00 loop   4525
[0mBatt=23.4 [0mODOM [31mVisionX  +0.00 Y  +0.00 theta   +0.0 elt    0 [0mimu  -0.2 Dt   12 LtCy    6 integ.govd   +0.00   -0.00 integ.vbp +0.00 -0.00 omni.gos X     +0.0 ,Y     -0.1. omgD -0.005 omg  +0.00 loop   4514
[0mBatt=23.4 [0mODOM [31mVisionX  +0.00 Y  +0.00 theta   +0.0 elt    0 [0mimu  -0.2 Dt   14 LtCy    7 integ.govd   +0.00   -0.00 integ.vbp +0.00 -0.00 omni.gos X     +0.0 ,Y     -0.0. omgD -0.001 omg  +0.00 loop   4530
[0mBatt=23.4 [0mODOM [31mVisionX  +0.00 Y  +0.00 theta   +0.0 elt    0 [0mimu  -0.2 Dt    0 LtCy    0 integ.govd   +0.00   +0.00 integ.vbp +0.00 +0.00 omni.gos X     +0.0 ,Y     -0.1. omgD -0.009 omg  +0.00 loop   4455
[0mBatt=23.4 [0mODOM [31mVisionX  +0.00 Y  +0.00 theta   +0.0 elt    0 [0mimu  -0.2 Dt    0 LtCy    0 integ.govd   +0.00   +0.00 integ.vbp +0.00 +0.00 omni.gos X     +0.0 ,Y     -0.1. omgD -0.007 omg  +0.00 loop   4527
[0mBatt=23.4 [0mODOM [31mVisionX  +0.00 Y  +0.00 theta   +0.0 elt    0 [0mimu  -0.2 Dt    2 LtCy    1 integ.govd   +0.00   +0.00 integ.vbp +0.00 +0.00 omni.gos X     +0.0 ,Y     +0.0. omgD +0.001 omg  +0.00 loop   4556
[0mBatt=23.4 [0mODOM [31mVisionX  +0.00 Y  +0.00 theta   +0.0 elt    0 [0mimu  -0.2 Dt    2 LtCy    1 integ.govd   +0.00   -0.00 integ.vbp +0.00 -0.00 omni.gos X     +0.0 ,Y     -0.0. omgD -0.003 omg  +0.00 loop   4535
[0mBatt=23.4 [0mODOM [31mVisionX  +0.00 Y  +0.00 theta   +0.0 elt    0 [0mimu  -0.2 Dt    4 LtCy    2 integ.govd   +0.00   -0.00 integ.vbp +0.00 -0.00 omni.gos X     +0.0 ,Y     -0.0. omgD -0.003 omg  +0.00 loop   4506
[0mBatt=23.4 [0mODOM [31mVisionX  +0.00 Y  +0.00 theta   +0.0 elt    0 [0mimu  -0.2 Dt    6 LtCy    3 integ.govd   +0.00   -0.00 integ.vbp +0.00 -0.00 omni.gos X     +0.0 ,Y     -0.1. omgD -0.009 omg  +0.00 loop   4528
[0mBatt=23.4 [0mODOM [31mVisionX  +0.00 Y  +0.00 theta   +0.0 elt    0 [0mimu  -0.2 Dt    6 LtCy    3 integ.govd   +0.00   -0.00 integ.vbp +0.00 -0.00 omni.gos X     +0.0 ,Y     -0.1. omgD -0.007 omg  +0.00 loop   4538
[0mBatt=23.4 [0mODOM [31mVisionX  +0.00 Y  +0.00 theta   +0.0 elt    0 [0mimu  -0.2 Dt    6 LtCy    3 integ.govd   +0.00   +0.00 integ.vbp +0.00 +0.00 omni.gos X     +0.0 ,Y     +0.0. omgD +0.003 omg  +0.00 loop   4510
[0mBatt=23.4 [0mODOM [31mVisionX  +0.00 Y  +0.00 theta   +0.0 elt    0 [0mimu  -0.2 Dt    8 LtCy    4 integ.govd   +0.00   -0.00 integ.vbp +0.00 -0.00 omni.gos X     +0.0 ,Y     -0.0. omgD -0.003 omg  +0.00 loop   4521
[0mBatt=23.4 [0mODOM [31mVisionX  +0.00 Y  +0.00 theta   +0.0 elt    0 [0mimu  -0.2 Dt   10 LtCy    5 integ.govd   +0.00   -0.00 integ.vbp +0.00 -0.00 omni.gos X     +0.0 ,Y     -0.0. omgD -0.001 omg  +0.00 loop   4532
[0mBatt=23.4 [0mODOM [31mVisionX  +0.00 Y  +0.00 theta   +0.0 elt    0 [0mimu  -0.2 Dt   10 LtCy    5 integ.govd   +0.00   -0.00 integ.vbp +0.00 -0.00 omni.gos X     +0.0 ,Y     -0.1. omgD -0.007 omg  +0.00 loop   4535
[0mBatt=23.4 [0mODOM [31mVisionX  +0.00 Y  +0.00 theta   +0.0 elt    0 [0mimu  -0.2 Dt   12 LtCy    6 integ.govd   +0.00   -0.00 integ.vbp +0.00 -0.00 omni.gos X     +0.0 ,Y     -0.0. omgD -0.001 omg  +0.00 loop   4519
[0mBatt=23.4 [0mODOM [31mVisionX  +0.00 Y  +0.00 theta   +0.0 elt    0 [0mimu  -0.2 Dt   12 LtCy    6 integ.govd   -0.00   -0.00 integ.vbp -0.00 -0.00 omni.gos X     +0.0 ,Y     -0.1. omgD -0.007 omg  +0.00 loop   4526
[0mBatt=23.4 [0mODOM [31mVisionX  +0.00 Y  +0.00 theta   +0.0 elt    0 [0mimu  -0.2 Dt    0 LtCy    0 integ.govd   +0.00   +0.00 integ.vbp +0.00 +0.00 omni.gos X     +0.0 ,Y     -0.1. omgD -0.005 omg  +0.00 loop   4458
[0mBatt=23.4 [0mODOM [31mVisionX  +0.00 Y  +0.00 theta   +0.0 elt    0 [0mimu  -0.3 Dt    0 LtCy    0 integ.govd   +0.00   +0.00 integ.vbp +0.00 +0.00 omni.gos X     +0.0 ,Y     -0.1. omgD -0.005 omg  +0.00 loop   4520
[0mBatt=23.4 [0mODOM [31mVisionX  +0.00 Y  +0.00 theta   +0.0 elt    0 [0mimu  -0.3 Dt    0 LtCy    0 integ.govd   +0.00   +0.00 integ.vbp +0.00 +0.00 omni.gos X     +0.0 ,Y     -0.1. omgD -0.005 omg  +0.00 loop   4549
[0mBatt=23.4 [0mODOM [31mVisionX  +0.00 Y  +0.00 theta   +0.0 elt    0 [0mimu  -0.3 Dt    2 LtCy    1 integ.govd   +0.00   -0.00 integ.vbp +0.00 -0.00 omni.gos X     +0.0 ,Y     -0.0. omgD -0.003 omg  +0.00 loop   4541
[0mBatt=23.4 [0mODOM [31mVisionX  +0.00 Y  +0.00 theta   +0.0 elt    0 [0mimu  -0.3 Dt    4 LtCy    2 integ.govd   +0.00   +0.00 integ.vbp +0.00 +0.00 omni.gos X     +0.0 ,Y     +0.1. omgD +0.010 omg  +0.00 loop   4520
[0mBatt=23.4 [0mODOM [31mVisionX  +0.00 Y  +0.00 theta   +0.0 elt    0 [0mimu  -0.3 Dt    4 LtCy    2 integ.govd   +0.00   +0.00 integ.vbp +0.00 +0.00 omni.gos X     +0.0 ,Y     +0.0. omgD +0.003 omg  +0.00 loop   4528
[0mBatt=23.4 [0mODOM [31mVisionX  +0.00 Y  +0.00 theta   +0.0 elt    0 [0mimu  -0.3 Dt    4 LtCy    2 integ.govd   +0.00   +0.00 integ.vbp +0.00 +0.00 omni.gos X     +0.0 ,Y     +0.0. omgD +0.001 omg  +0.00 loop   4536
[0mBatt=23.4 [0mODOM [31mVisionX  +0.00 Y  +0.00 theta   +0.0 elt    0 [0mimu  -0.3 Dt    6 LtCy    3 integ.govd   +0.00   -0.00 integ.vbp +0.00 -0.00 omni.gos X     +0.0 ,Y     -0.0. omgD -0.001 omg  +0.00 loop   4516
[0mBatt=23.4 [0mODOM [31mVisionX  +0.00 Y  +0.00 theta   +0.0 elt    0 [0mimu  -0.3 Dt    8 LtCy    4 integ.govd   +0.00   -0.00 integ.vbp +0.00 -0.00 omni.gos X     +0.0 ,Y     -0.0. omgD -0.003 omg  +0.00 loop   4519
[0mBatt=23.4 [0mODOM [31mVisionX  +0.00 Y  +0.00 theta   +0.0 elt    0 [0mimu  -0.3 Dt    8 LtCy    4 integ.govd   -0.00   -0.00 integ.vbp -0.00 -0.00 omni.gos X     +0.0 ,Y     -0.0. omgD -0.003 omg  +0.00 loop   4534
[0mBatt=23.4 [0mODOM [31mVisionX  +0.00 Y  +0.00 theta   +0.0 elt    0 [0mimu  -0.3 Dt   10 LtCy    5 integ.govd   +0.00   +0.00 integ.vbp +0.00 +0.00 omni.gos X     +0.0 ,Y     -0.0. omgD -0.001 omg  +0.00 loop   4516
[0mBatt=23.4 [0mODOM [31mVisionX  +0.00 Y  +0.00 theta   +0.0 elt    0 [0mimu  -0.3 Dt   10 LtCy    5 integ.govd   +0.00   -0.00 integ.vbp +0.00 -0.00 omni.gos X     +0.0 ,Y     -0.1. omgD -0.005 omg  +0.00 loop   4509
[0mBatt=23.4 [0mODOM [31mVisionX  +0.00 Y  +0.00 theta   +0.0 elt    0 [0mimu  -0.3 Dt   12 LtCy    6 integ.govd   +0.00   -0.00 integ.vbp +0.00 -0.00 omni.gos X     +0.0 ,Y     -0.0. omgD -0.001 omg  +0.00 loop   4544
[0mBatt=23.4 [0mODOM [31mVisionX  +0.00 Y  +0.00 theta   +0.0 elt    0 [0mimu  -0.3 Dt   14 LtCy    7 integ.govd   -0.00   -0.00 integ.vbp -0.00 -0.00 omni.gos X     +0.0 ,Y     +0.0. omgD +0.003 omg  +0.00 loop   4538
[0mBatt=23.4 [0mODOM [31mVisionX  +0.00 Y  +0.00 theta   +0.0 elt    0 [0mimu  -0.3 Dt   14 LtCy    7 integ.govd   +0.00   +0.00 integ.vbp +0.00 +0.00 omni.gos X     +0.0 ,Y     -0.1. omgD -0.005 omg  +0.00 loop   4416
[0mBatt=23.4 [0mODOM [31mVisionX  +0.00 Y  +0.00 theta   +0.0 elt    0 [0mimu  -0.3 Dt    0 LtCy    0 integ.govd   +0.00   +0.00 integ.vbp +0.00 +0.00 omni.gos X     +0.0 ,Y     -0.1. omgD -0.009 omg  +0.00 loop   4529
[0mBatt=23.4 [0mODOM [31mVisionX  +0.00 Y  +0.00 theta   +0.0 elt    0 [0mimu  -0.3 Dt    2 LtCy    1 integ.govd   +0.00   -0.00 integ.vbp +0.00 -0.00 omni.gos X     +0.0 ,Y     -0.1. omgD -0.005 omg  +0.00 loop   4550
[0mBatt=23.4 [0mODOM [31mVisionX  +0.00 Y  +0.00 theta   +0.0 elt    0 [0mimu  -0.3 Dt    2 LtCy    1 integ.govd   +0.00   -0.00 integ.vbp +0.00 -0.00 omni.gos X     +0.0 ,Y     -0.1. omgD -0.005 omg  +0.00 loop   4505
[0mBatt=23.4 [0mODOM [31mVisionX  +0.00 Y  +0.00 theta   +0.0 elt    0 [0mimu  -0.3 Dt    4 LtCy    2 integ.govd   +0.00   -0.00 integ.vbp +0.00 -0.00 omni.gos X     +0.0 ,Y     -0.1. omgD -0.005 omg  +0.00 loop   4531
[0mBatt=23.4 [0mODOM [31mVisionX  +0.00 Y  +0.00 theta   +0.0 elt    0 [0mimu  -0.3 Dt    4 LtCy    2 integ.govd   +0.00   +0.00 integ.vbp +0.00 +0.00 omni.gos X     +0.0 ,Y     +0.0. omgD +0.003 omg  +0.00 loop   4531
[0mBatt=23.4 [0mODOM [31mVisionX  +0.00 Y  +0.00 theta   +0.0 elt    0 [0mimu  -0.3 Dt    6 LtCy    3 integ.govd   +0.00   -0.00 integ.vbp +0.00 -0.00 omni.gos X     +0.0 ,Y     -0.0. omgD -0.001 omg  +0.00 loop   4529
[0mBatt=23.4 [0mODOM [31mVisionX  +0.00 Y  +0.00 theta   +0.0 elt    0 [0mimu  -0.3 Dt    8 LtCy    4 integ.govd   +0.00   -0.00 integ.vbp +0.00 -0.00 omni.gos X     +0.0 ,Y     -0.0. omgD -0.001 omg  +0.00 loop   4522
[0mBatt=23.4 [0mODOM [31mVisionX  +0.00 Y  +0.00 theta   +0.0 elt    0 [0mimu  -0.3 Dt    8 LtCy    4 integ.govd   +0.00   +0.00 integ.vbp +0.00 +0.00 omni.gos X     +0.0 ,Y     +0.0. omgD +0.003 omg  +0.00 loop   4538
[0mBatt=23.4 [0mODOM [31mVisionX  +0.00 Y  +0.00 theta   +0.0 elt    0 [0mimu  -0.3 Dt   10 LtCy    5 integ.govd   -0.00   -0.00 integ.vbp -0.00 -0.00 omni.gos X     -0.0 ,Y     -0.2. omgD -0.014 omg  +0.00 loop   4532
[0mBatt=23.4 [0mODOM [31mVisionX  +0.00 Y  +0.00 theta   +0.0 elt    0 [0mimu  -0.3 Dt   10 LtCy    5 integ.govd   +0.00   -0.00 integ.vbp +0.00 -0.00 omni.gos X     +0.0 ,Y     -0.1. omgD -0.005 omg  +0.00 loop   4487
[0mBatt=23.4 [0mODOM [31mVisionX  +0.00 Y  +0.00 theta   +0.0 elt    0 [0mimu  -0.3 Dt   10 LtCy    5 integ.govd   +0.00   +0.00 integ.vbp +0.00 +0.00 omni.gos X     +0.0 ,Y     -0.1. omgD -0.005 omg  +0.00 loop   4536
[0mBatt=23.4 [0mODOM [31mVisionX  +0.00 Y  +0.00 theta   +0.0 elt    0 [0mimu  -0.3 Dt   12 LtCy    6 integ.govd   -0.00   -0.00 integ.vbp -0.00 -0.00 omni.gos X     +0.0 ,Y     -0.1. omgD -0.009 omg  +0.00 loop   4528
[0mBatt=23.4 [0mODOM [31mVisionX  +0.00 Y  +0.00 theta   +0.0 elt    0 [0mimu  -0.3 Dt   14 LtCy    7 integ.govd   +0.00   -0.00 integ.vbp +0.00 -0.00 omni.gos X     +0.0 ,Y     -0.1. omgD -0.005 omg  +0.00 loop   4496
[0mBatt=23.4 [0mODOM [31mVisionX  +0.00 Y  +0.00 theta   +0.0 elt    0 [0mimu  -0.3 Dt    0 LtCy    0 integ.govd   +0.00   +0.00 integ.vbp +0.00 +0.00 omni.gos X     +0.0 ,Y     -0.0. omgD -0.001 omg  +0.00 loop   4447
[0mBatt=23.4 [0mODOM [31mVisionX  +0.00 Y  +0.00 theta   +0.0 elt    0 [0mimu  -0.3 Dt    0 LtCy    0 integ.govd   +0.00   +0.00 integ.vbp +0.00 +0.00 omni.gos X     +0.0 ,Y     -0.1. omgD -0.009 omg  +0.00 loop   4554
[0mBatt=23.4 [0mODOM [31mVisionX  +0.00 Y  +0.00 theta   +0.0 elt    0 [0mimu  -0.3 Dt    2 LtCy    1 integ.govd   +0.00   -0.00 integ.vbp +0.00 -0.00 omni.gos X     +0.0 ,Y     -0.0. omgD -0.001 omg  +0.00 loop   4531
[0mBatt=23.4 [0mODOM [31mVisionX  +0.00 Y  +0.00 theta   +0.0 elt    0 [0mimu  -0.3 Dt    2 LtCy    1 integ.govd   +0.00   -0.00 integ.vbp +0.00 -0.00 omni.gos X     +0.0 ,Y     -0.1. omgD -0.009 omg  +0.00 loop   4518
[0mBatt=23.4 [0mODOM [31mVisionX  +0.00 Y  +0.00 theta   +0.0 elt    0 [0mimu  -0.3 Dt    4 LtCy    2 integ.govd   +0.00   +0.00 integ.vbp +0.00 +0.00 omni.gos X     +0.0 ,Y     +0.0. omgD +0.003 omg  +0.00 loop   4528
[0mBatt=23.4 [0mODOM [31mVisionX  +0.00 Y  +0.00 theta   +0.0 elt    0 [0mimu  -0.3 Dt    6 LtCy    3 integ.govd   +0.00   -0.00 integ.vbp +0.00 -0.00 omni.gos X     +0.0 ,Y     -0.1. omgD -0.005 omg  +0.00 loop   4525
[0mBatt=23.4 [0mODOM [31mVisionX  +0.00 Y  +0.00 theta   +0.0 elt    0 [0mimu  -0.3 Dt    6 LtCy    3 integ.govd   +0.00   +0.00 integ.vbp +0.00 +0.00 omni.gos X     +0.0 ,Y     +0.1. omgD +0.008 omg  +0.00 loop   4526
[0mBatt=23.4 [0mODOM [31mVisionX  +0.00 Y  +0.00 theta   +0.0 elt    0 [0mimu  -0.3 Dt    6 LtCy    3 integ.govd   +0.00   -0.00 integ.vbp +0.00 -0.00 omni.gos X     +0.0 ,Y     -0.0. omgD -0.001 omg  +0.00 loop   4532
[0mBatt=23.4 [0mODOM [31mVisionX  +0.00 Y  +0.00 theta   +0.0 elt    0 [0mimu  -0.3 Dt    8 LtCy    4 integ.govd   +0.00   -0.00 integ.vbp +0.00 -0.00 omni.gos X     +0.0 ,Y     -0.1. omgD -0.009 omg  +0.00 loop   4530
[0mBatt=23.4 [0mODOM [31mVisionX  +0.00 Y  +0.00 theta   +0.0 elt    0 [0mimu  -0.3 Dt   10 LtCy    5 integ.govd   -0.00   -0.00 integ.vbp -0.00 -0.00 omni.gos X     +0.0 ,Y     -0.0. omgD -0.001 omg  +0.00 loop   4507
[0mBatt=23.4 [0mODOM [31mVisionX  +0.00 Y  +0.00 theta   +0.0 elt    0 [0mimu  -0.3 Dt    2 LtCy    1 integ.govd   +0.00   -0.00 integ.vbp +0.00 -0.00 omni.gos X     +0.0 ,Y     -0.1. omgD -0.005 omg  +0.00 loop   2131
[0mBatt=23.4 [0mODOM [31mVisionX  +0.00 Y  +0.00 theta   +0.0 elt    0 [0mimu  -0.3 Dt    4 LtCy    2 integ.govd   +0.00   +0.00 integ.vbp +0.00 +0.00 omni.gos X     +0.0 ,Y     +0.0. omgD +0.003 omg  +0.00 loop   4534
[0mBatt=23.4 [0mODOM [31mVisionX  +0.00 Y  +0.00 theta   +0.0 elt    0 [0mimu  -0.3 Dt    6 LtCy    3 integ.govd   +0.00   -0.00 integ.vbp +0.00 -0.00 omni.gos X     +0.0 ,Y     -0.0. omgD -0.001 omg  +0.00 loop   4536
[0mBatt=23.4 [0mODOM [31mVisionX  +0.00 Y  +0.00 theta   +0.0 elt    0 [0mimu  -0.3 Dt    6 LtCy    3 integ.govd   +0.00   -0.00 integ.vbp +0.00 -0.00 omni.gos X     +0.0 ,Y     -0.0. omgD -0.001 omg  +0.00 loop   4503
[0mBatt=23.4 [0mODOM [31mVisionX  +0.00 Y  +0.00 theta   +0.0 elt    0 [0mimu  -0.3 Dt    6 LtCy    3 integ.govd   +0.00   -0.00 integ.vbp +0.00 -0.00 omni.gos X     +0.0 ,Y     -0.1. omgD -0.009 omg  +0.00 loop   4538
[0mBatt=23.4 [0mODOM [31mVisionX  +0.00 Y  +0.00 theta   +0.0 elt    0 [0mimu  -0.3 Dt    8 LtCy    4 integ.govd   +0.00   -0.00 integ.vbp +0.00 -0.00 omni.gos X     +0.0 ,Y     -0.2. omgD -0.018 omg  +0.00 loop   4533
[0mBatt=23.4 [0mODOM [31mVisionX  +0.00 Y  +0.00 theta   +0.0 elt    0 [0mimu  -0.3 Dt   10 LtCy    5 integ.govd   -0.00   -0.00 integ.vbp -0.00 -0.00 omni.gos X     +0.0 ,Y     -0.1. omgD -0.005 omg  +0.00 loop   4513
[0mBatt=23.4 [0mODOM [31mVisionX  +0.00 Y  +0.00 theta   +0.0 elt    0 [0mimu  -0.3 Dt   10 LtCy    5 integ.govd   +0.00   -0.00 integ.vbp +0.00 -0.00 omni.gos X     +0.0 ,Y     -0.1. omgD -0.005 omg  +0.00 loop   4514
[0mBatt=23.4 [0mODOM [31mVisionX  +0.00 Y  +0.00 theta   +0.0 elt    0 [0mimu  -0.3 Dt   12 LtCy    6 integ.govd   +0.00   -0.00 integ.vbp +0.00 -0.00 omni.gos X     +0.0 ,Y     -0.1. omgD -0.005 omg  +0.00 loop   4538
[0mBatt=23.4 [0mODOM [31mVisionX  +0.00 Y  +0.00 theta   +0.0 elt    0 [0mimu  -0.3 Dt   12 LtCy    6 integ.govd   +0.00   -0.00 integ.vbp +0.00 -0.00 omni.gos X     +0.0 ,Y     -0.1. omgD -0.005 omg  +0.00 loop   4521
[0mBatt=23.4 [0mODOM [31mVisionX  +0.00 Y  +0.00 theta   +0.0 elt    0 [0mimu  -0.3 Dt   12 LtCy    6 integ.govd   +0.00   -0.00 integ.vbp +0.00 -0.00 omni.gos X     +0.0 ,Y     -0.0. omgD -0.001 omg  +0.00 loop   4469
[0mBatt=23.4 [0mODOM [31mVisionX  +0.00 Y  +0.00 theta   +0.0 elt    0 [0mimu  -0.3 Dt    0 LtCy    0 integ.govd   +0.00   +0.00 integ.vbp +0.00 +0.00 omni.gos X     +0.0 ,Y     -0.1. omgD -0.005 omg  +0.00 loop   4527
[0mBatt=23.4 [0mODOM [31mVisionX  +0.00 Y  +0.00 theta   +0.0 elt    0 [0mimu  -0.3 Dt    0 LtCy    0 integ.govd   +0.00   +0.00 integ.vbp +0.00 +0.00 omni.gos X     +0.0 ,Y     -0.2. omgD -0.014 omg  +0.00 loop   4525
[0mBatt=23.4 [0mODOM [31mVisionX  +0.00 Y  +0.00 theta   +0.0 elt    0 [0mimu  -0.3 Dt    2 LtCy    1 integ.govd   +0.00   -0.00 integ.vbp +0.00 -0.00 omni.gos X     +0.0 ,Y     -0.1. omgD -0.009 omg  +0.00 loop   4541
[0mBatt=23.4 [0mODOM [31mVisionX  +0.00 Y  +0.00 theta   +0.0 elt    0 [0mimu  -0.3 Dt    4 LtCy    2 integ.govd   +0.00   -0.00 integ.vbp +0.00 -0.00 omni.gos X     +0.0 ,Y     -0.1. omgD -0.009 omg  +0.00 loop   4537
[0mBatt=23.4 [0mODOM [31mVisionX  +0.00 Y  +0.00 theta   +0.0 elt    0 [0mimu  -0.3 Dt    4 LtCy    2 integ.govd   -0.00   -0.00 integ.vbp -0.00 -0.00 omni.gos X     +0.0 ,Y     -0.1. omgD -0.005 omg  +0.00 loop   4536
[0mBatt=23.4 [0mODOM [31mVisionX  +0.00 Y  +0.00 theta   +0.0 elt    0 [0mimu  -0.3 Dt    4 LtCy    2 integ.govd   +0.00   -0.00 integ.vbp +0.00 -0.00 omni.gos X     +0.0 ,Y     -0.1. omgD -0.005 omg  +0.00 loop   4495
[0mBatt=23.4 [0mODOM [31mVisionX  +0.00 Y  +0.00 theta   +0.0 elt    0 [0mimu  -0.3 Dt    6 LtCy    3 integ.govd   -0.00   -0.00 integ.vbp -0.00 -0.00 omni.gos X     -0.0 ,Y     -0.1. omgD -0.005 omg  +0.00 loop   4538
[0mBatt=23.4 [0mODOM [31mVisionX  +0.00 Y  +0.00 theta   +0.0 elt    0 [0mimu  -0.3 Dt    8 LtCy    4 integ.govd   +0.00   -0.00 integ.vbp +0.00 -0.00 omni.gos X     +0.0 ,Y     -0.0. omgD -0.001 omg  +0.00 loop   4523
[0mBatt=23.4 [0mODOM [31mVisionX  +0.00 Y  +0.00 theta   +0.0 elt    0 [0mimu  -0.3 Dt    8 LtCy    4 integ.govd   +0.00   -0.00 integ.vbp +0.00 -0.00 omni.gos X     +0.0 ,Y     -0.1. omgD -0.005 omg  +0.00 loop   4498
[0mBatt=23.4 [0mODOM [31mVisionX  +0.00 Y  +0.00 theta   +0.0 elt    0 [0mimu  -0.3 Dt   10 LtCy    5 integ.govd   +0.00   -0.00 integ.vbp +0.00 -0.00 omni.gos X     +0.0 ,Y     -0.0. omgD -0.001 omg  +0.00 loop   4539
[0mBatt=23.4 [0mODOM [31mVisionX  +0.00 Y  +0.00 theta   +0.0 elt    0 [0mimu  -0.3 Dt   10 LtCy    5 integ.govd   +0.00   -0.00 integ.vbp +0.00 -0.00 omni.gos X     +0.0 ,Y     -0.1. omgD -0.005 omg  +0.00 loop   4531
[0mBatt=23.4 [0mODOM [31mVisionX  +0.00 Y  +0.00 theta   +0.0 elt    0 [0mimu  -0.3 Dt   12 LtCy    6 integ.govd   +0.00   -0.00 integ.vbp +0.00 -0.00 omni.gos X     +0.0 ,Y     -0.1. omgD -0.009 omg  +0.00 loop   4517
[0mBatt=23.4 [0mODOM [31mVisionX  +0.00 Y  +0.00 theta   +0.0 elt    0 [0mimu  -0.3 Dt   12 LtCy    6 integ.govd   -0.00   -0.00 integ.vbp -0.00 -0.00 omni.gos X     +0.0 ,Y     -0.1. omgD -0.005 omg  +0.00 loop   4523
[0mBatt=23.4 [0mODOM [31mVisionX  +0.00 Y  +0.00 theta   +0.0 elt    0 [0mimu  -0.3 Dt   14 LtCy    7 integ.govd   +0.00   -0.00 integ.vbp +0.00 -0.00 omni.gos X     +0.0 ,Y     -0.1. omgD -0.009 omg  +0.00 loop   4488
[0mBatt=23.4 [0mODOM [31mVisionX  +0.00 Y  +0.00 theta   +0.0 elt    0 [0mimu  -0.3 Dt    0 LtCy    0 integ.govd   +0.00   +0.00 integ.vbp +0.00 +0.00 omni.gos X     +0.0 ,Y     -0.1. omgD -0.009 omg  +0.00 loop   4476
[0mBatt=23.4 [0mODOM [31mVisionX  +0.00 Y  +0.00 theta   +0.0 elt    0 [0mimu  -0.3 Dt    2 LtCy    1 integ.govd   +0.00   -0.00 integ.vbp +0.00 -0.00 omni.gos X     +0.0 ,Y     -0.1. omgD -0.005 omg  +0.00 loop   4532
[0mBatt=23.4 [0mODOM [31mVisionX  +0.00 Y  +0.00 theta   +0.0 elt    0 [0mimu  -0.3 Dt    2 LtCy    1 integ.govd   +0.00   -0.00 integ.vbp +0.00 -0.00 omni.gos X     +0.0 ,Y     -0.1. omgD -0.005 omg  +0.00 loop   4542
[0mBatt=23.4 [0mODOM [31mVisionX  +0.00 Y  +0.00 theta   +0.0 elt    0 [0mimu  -0.3 Dt    4 LtCy    2 integ.govd   +0.00   -0.00 integ.vbp +0.00 -0.00 omni.gos X     +0.0 ,Y     -0.0. omgD -0.001 omg  +0.00 loop   4532
[0mBatt=23.4 [0mODOM [31mVisionX  +0.00 Y  +0.00 theta   +0.0 elt    0 [0mimu  -0.3 Dt    4 LtCy    2 integ.govd   +0.00   -0.00 integ.vbp +0.00 -0.00 omni.gos X     +0.0 ,Y     -0.0. omgD -0.001 omg  +0.00 loop   4515
[0mBatt=23.4 [0mODOM [31mVisionX  +0.00 Y  +0.00 theta   +0.0 elt    0 [0mimu  -0.3 Dt    6 LtCy    3 integ.govd   +0.00   -0.00 integ.vbp +0.00 -0.00 omni.gos X     +0.0 ,Y     -0.0. omgD -0.001 omg  +0.00 loop   4536
[0mBatt=23.4 [0mODOM [31mVisionX  +0.00 Y  +0.00 theta   +0.0 elt    0 [0mimu  -0.3 Dt    6 LtCy    3 integ.govd   +0.00   -0.00 integ.vbp +0.00 -0.00 omni.gos X     +0.0 ,Y     -0.0. omgD -0.001 omg  +0.00 loop   4529
[0mBatt=23.4 [0mODOM [31mVisionX  +0.00 Y  +0.00 theta   +0.0 elt    0 [0mimu  -0.3 Dt    8 LtCy    4 integ.govd   +0.00   -0.00 integ.vbp +0.00 -0.00 omni.gos X     +0.0 ,Y     -0.0. omgD -0.001 omg  +0.00 loop   4515
[0mBatt=23.4 [0mODOM [31mVisionX  +0.00 Y  +0.00 theta   +0.0 elt    0 [0mimu  -0.3 Dt    8 LtCy    4 integ.govd   +0.00   -0.00 integ.vbp +0.00 -0.00 omni.gos X     +0.0 ,Y     -0.1. omgD -0.009 omg  +0.00 loop   4522
[0mBatt=23.4 [0mODOM [31mVisionX  +0.00 Y  +0.00 theta   +0.0 elt    0 [0mimu  -0.3 Dt   10 LtCy    5 integ.govd   +0.00   -0.00 integ.vbp +0.00 -0.00 omni.gos X     +0.0 ,Y     +0.0. omgD +0.003 omg  +0.00 loop   4531
[0mBatt=23.4 [0mODOM [31mVisionX  +0.00 Y  +0.00 theta   +0.0 elt    0 [0mimu  -0.3 Dt   12 LtCy    6 integ.govd   -0.00   -0.00 integ.vbp -0.00 -0.00 omni.gos X     +0.0 ,Y     -0.1. omgD -0.005 omg  +0.00 loop   4526
[0mBatt=23.4 [0mODOM [31mVisionX  +0.00 Y  +0.00 theta   +0.0 elt    0 [0mimu  -0.3 Dt   12 LtCy    6 integ.govd   +0.00   -0.00 integ.vbp +0.00 -0.00 omni.gos X     +0.0 ,Y     -0.0. omgD -0.001 omg  +0.00 loop   4504
[0mBatt=23.4 [0mODOM [31mVisionX  +0.00 Y  +0.00 theta   +0.0 elt    0 [0mimu  -0.3 Dt   12 LtCy    6 integ.govd   +0.00   -0.00 integ.vbp +0.00 -0.00 omni.gos X     +0.0 ,Y     -0.0. omgD -0.001 omg  +0.00 loop   4503
[0mBatt=23.4 [0mODOM [31mVisionX  +0.00 Y  +0.00 theta   +0.0 elt    0 [0mimu  -0.3 Dt    0 LtCy    0 integ.govd   +0.00   +0.00 integ.vbp +0.00 +0.00 omni.gos X     +0.0 ,Y     +0.0. omgD +0.003 omg  +0.00 loop   4495
[0mBatt=23.4 [0mODOM [31mVisionX  +0.00 Y  +0.00 theta   +0.0 elt    0 [0mimu  -0.3 Dt    0 LtCy    0 integ.govd   +0.00   +0.00 integ.vbp +0.00 +0.00 omni.gos X     +0.0 ,Y     -0.0. omgD -0.001 omg  +0.00 loop   4521
[0mBatt=23.4 [0mODOM [31mVisionX  +0.00 Y  +0.00 theta   +0.0 elt    0 [0mimu  -0.3 Dt    2 LtCy    1 integ.govd   +0.00   -0.00 integ.vbp +0.00 -0.00 omni.gos X     +0.0 ,Y     -0.1. omgD -0.005 omg  +0.00 loop   4551
[0mBatt=23.4 [0mODOM [31mVisionX  +0.00 Y  +0.00 theta   +0.0 elt    0 [0mimu  -0.3 Dt    4 LtCy    2 integ.govd   +0.00   -0.00 integ.vbp +0.00 -0.00 omni.gos X     +0.0 ,Y     -0.0. omgD -0.003 omg  +0.00 loop   4543
[0mBatt=23.4 [0mODOM [31mVisionX  +0.00 Y  +0.00 theta   +0.0 elt    0 [0mimu  -0.3 Dt    4 LtCy    2 integ.govd   +0.00   -0.00 integ.vbp +0.00 -0.00 omni.gos X     +0.0 ,Y     -0.0. omgD -0.003 omg  +0.00 loop   4507
[0mBatt=23.4 [0mODOM [31mVisionX  +0.00 Y  +0.00 theta   +0.0 elt    0 [0mimu  -0.3 Dt    4 LtCy    2 integ.govd   +0.00   -0.00 integ.vbp +0.00 -0.00 omni.gos X     +0.0 ,Y     -0.0. omgD -0.003 omg  +0.00 loop   4527
[0mBatt=23.4 [0mODOM [31mVisionX  +0.00 Y  +0.00 theta   +0.0 elt    0 [0mimu  -0.3 Dt    6 LtCy    3 integ.govd   +0.00   -0.00 integ.vbp +0.00 -0.00 omni.gos X     +0.0 ,Y     +0.0. omgD +0.001 omg  +0.00 loop   4545
[0mBatt=23.4 [0mODOM [31mVisionX  +0.00 Y  +0.00 theta   +0.0 elt    0 [0mimu  -0.3 Dt    6 LtCy    3 integ.govd   +0.00   -0.00 integ.vbp +0.00 -0.00 omni.gos X     +0.0 ,Y     -0.1. omgD -0.005 omg  +0.00 loop   4513
[0mBatt=23.4 [0mODOM [31mVisionX  +0.00 Y  +0.00 theta   +0.0 elt    0 [0mimu  -0.3 Dt    8 LtCy    4 integ.govd   -0.00   -0.00 integ.vbp -0.00 -0.00 omni.gos X     +0.0 ,Y     -0.0. omgD -0.003 omg  +0.00 loop   4522
[0mBatt=23.4 [0mODOM [31mVisionX  +0.00 Y  +0.00 theta   +0.0 elt    0 [0mimu  -0.3 Dt   10 LtCy    5 integ.govd   +0.00   -0.00 integ.vbp +0.00 -0.00 omni.gos X     +0.0 ,Y     -0.0. omgD -0.003 omg  +0.00 loop   4522
[0mBatt=23.4 [0mODOM [31mVisionX  +0.00 Y  +0.00 theta   +0.0 elt    0 [0mimu  -0.3 Dt   10 LtCy    5 integ.govd   +0.00   -0.00 integ.vbp +0.00 -0.00 omni.gos X     +0.0 ,Y     -0.1. omgD -0.005 omg  +0.00 loop   4526
[0mBatt=23.4 [0mODOM [31mVisionX  +0.00 Y  +0.00 theta   +0.0 elt    0 [0mimu  -0.3 Dt   10 LtCy    5 integ.govd   -0.00   -0.00 integ.vbp -0.00 -0.00 omni.gos X     +0.0 ,Y     -0.1. omgD -0.007 omg  +0.00 loop   4519
[0mBatt=23.4 [0mODOM [31mVisionX  +0.00 Y  +0.00 theta   +0.0 elt    0 [0mimu  -0.3 Dt   12 LtCy    6 integ.govd   +0.00   -0.00 integ.vbp +0.00 -0.00 omni.gos X     +0.0 ,Y     -0.0. omgD -0.003 omg  +0.00 loop   4513
[0mBatt=23.4 [0mODOM [31mVisionX  +0.00 Y  +0.00 theta   +0.0 elt    0 [0mimu  -0.3 Dt   14 LtCy    7 integ.govd   +0.00   -0.00 integ.vbp +0.00 -0.00 omni.gos X     +0.0 ,Y     -0.0. omgD -0.001 omg  +0.00 loop   4520
[0mBatt=23.4 [0mODOM [31mVisionX  +0.00 Y  +0.00 theta   +0.0 elt    0 [0mimu  -0.3 Dt    0 LtCy    0 integ.govd   +0.00   +0.00 integ.vbp +0.00 +0.00 omni.gos X     +0.0 ,Y     -0.1. omgD -0.005 omg  +0.00 loop   4441
[0mBatt=23.4 [0mODOM [31mVisionX  +0.00 Y  +0.00 theta   +0.0 elt    0 [0mimu  -0.3 Dt    2 LtCy    1 integ.govd   +0.00   -0.00 integ.vbp +0.00 -0.00 omni.gos X     +0.0 ,Y     -0.0. omgD -0.003 omg  +0.00 loop   4555
[0mBatt=23.4 [0mODOM [31mVisionX  +0.00 Y  +0.00 theta   +0.0 elt    0 [0mimu  -0.3 Dt    2 LtCy    1 integ.govd   +0.00   -0.00 integ.vbp +0.00 -0.00 omni.gos X     +0.0 ,Y     -0.1. omgD -0.009 omg  +0.00 loop   4537
[0mBatt=23.4 [0mODOM [31mVisionX  +0.00 Y  +0.00 theta   +0.0 elt    0 [0mimu  -0.3 Dt    2 LtCy    1 integ.govd   +0.00   -0.00 integ.vbp +0.00 -0.00 omni.gos X     +0.0 ,Y     -0.0. omgD -0.001 omg  +0.00 loop   4480
[0mBatt=23.4 [0mODOM [31mVisionX  +0.00 Y  +0.00 theta   +0.0 elt    0 [0mimu  -0.3 Dt    4 LtCy    2 integ.govd   +0.00   -0.00 integ.vbp +0.00 -0.00 omni.gos X     +0.0 ,Y     -0.1. omgD -0.009 omg  +0.00 loop   4531
[0mBatt=23.4 [0mODOM [31mVisionX  +0.00 Y  +0.00 theta   +0.0 elt    0 [0mimu  -0.3 Dt    6 LtCy    3 integ.govd   -0.00   -0.00 integ.vbp -0.00 -0.00 omni.gos X     +0.0 ,Y     -0.1. omgD -0.005 omg  +0.00 loop   4540
[0mBatt=23.4 [0mODOM [31mVisionX  +0.00 Y  +0.00 theta   +0.0 elt    0 [0mimu  -0.3 Dt    6 LtCy    3 integ.govd   +0.00   +0.00 integ.vbp +0.00 +0.00 omni.gos X     +0.0 ,Y     +0.0. omgD +0.003 omg  +0.00 loop   4494
[0mBatt=23.4 [0mODOM [31mVisionX  +0.00 Y  +0.00 theta   +0.0 elt    0 [0mimu  -0.3 Dt    8 LtCy    4 integ.govd   +0.00   +0.00 integ.vbp +0.00 +0.00 omni.gos X     +0.0 ,Y     +0.0. omgD +0.001 omg  +0.00 loop   4522
[0mBatt=23.4 [0mODOM [31mVisionX  +0.00 Y  +0.00 theta   +0.0 elt    0 [0mimu  -0.3 Dt    8 LtCy    4 integ.govd   -0.00   -0.00 integ.vbp -0.00 -0.00 omni.gos X     +0.0 ,Y     -0.1. omgD -0.007 omg  +0.00 loop   4544
[0mBatt=23.4 [0mODOM [31mVisionX  +0.00 Y  +0.00 theta   +0.0 elt    0 [0mimu  -0.3 Dt   10 LtCy    5 integ.govd   +0.00   -0.00 integ.vbp +0.00 -0.00 omni.gos X     +0.0 ,Y     -0.1. omgD -0.007 omg  +0.00 loop   4512
[0mBatt=23.4 [0mODOM [31mVisionX  +0.00 Y  +0.00 theta   +0.0 elt    0 [0mimu  -0.3 Dt   10 LtCy    5 integ.govd   -0.00   -0.00 integ.vbp -0.00 -0.00 omni.gos X     +0.0 ,Y     -0.1. omgD -0.009 omg  +0.00 loop   4513
[0mBatt=23.4 [0mODOM [31mVisionX  +0.00 Y  +0.00 theta   +0.0 elt    0 [0mimu  -0.3 Dt    4 LtCy    2 integ.govd   +0.00   -0.00 integ.vbp +0.00 -0.00 omni.gos X     +0.0 ,Y     -0.1. omgD -0.009 omg  +0.00 loop   2135
[0mBatt=23.4 [0mODOM [31mVisionX  +0.00 Y  +0.00 theta   +0.0 elt    0 [0mimu  -0.3 Dt    4 LtCy    2 integ.govd   +0.00   -0.00 integ.vbp +0.00 -0.00 omni.gos X     +0.0 ,Y     -0.1. omgD -0.005 omg  +0.00 loop   4524
[0mBatt=23.4 [0mODOM [31mVisionX  +0.00 Y  +0.00 theta   +0.0 elt    0 [0mimu  -0.3 Dt    6 LtCy    3 integ.govd   +0.00   -0.00 integ.vbp +0.00 -0.00 omni.gos X     +0.0 ,Y     -0.0. omgD -0.001 omg  +0.00 loop   4518
[0mBatt=23.4 [0mODOM [31mVisionX  +0.00 Y  +0.00 theta   +0.0 elt    0 [0mimu  -0.3 Dt    8 LtCy    4 integ.govd   +0.00   -0.00 integ.vbp +0.00 -0.00 omni.gos X     +0.0 ,Y     -0.1. omgD -0.009 omg  +0.00 loop   4521
[0mBatt=23.4 [0mODOM [31mVisionX  +0.00 Y  +0.00 theta   +0.0 elt    0 [0mimu  -0.3 Dt    8 LtCy    4 integ.govd   +0.00   -0.00 integ.vbp +0.00 -0.00 omni.gos X     +0.0 ,Y     -0.1. omgD -0.009 omg  +0.00 loop   4543
[0mBatt=23.4 [0mODOM [31mVisionX  +0.00 Y  +0.00 theta   +0.0 elt    0 [0mimu  -0.3 Dt    8 LtCy    4 integ.govd   +0.00   -0.00 integ.vbp +0.00 -0.00 omni.gos X     +0.0 ,Y     -0.1. omgD -0.005 omg  +0.00 loop   4526
[0mBatt=23.4 [0mODOM [31mVisionX  +0.00 Y  +0.00 theta   +0.0 elt    0 [0mimu  -0.3 Dt   10 LtCy    5 integ.govd   -0.00   -0.00 integ.vbp -0.00 -0.00 omni.gos X     -0.0 ,Y     -0.1. omgD -0.005 omg  +0.00 loop   4516
[0mBatt=23.4 [0mODOM [31mVisionX  +0.00 Y  +0.00 theta   +0.0 elt    0 [0mimu  -0.3 Dt   12 LtCy    6 integ.govd   +0.00   -0.00 integ.vbp +0.00 -0.00 omni.gos X     +0.0 ,Y     -0.2. omgD -0.014 omg  +0.00 loop   4517
[0mBatt=23.4 [0mODOM [31mVisionX  +0.00 Y  +0.00 theta   +0.0 elt    0 [0mimu  -0.3 Dt   12 LtCy    6 integ.govd   +0.00   -0.00 integ.vbp +0.00 -0.00 omni.gos X     +0.0 ,Y     -0.0. omgD -0.001 omg  +0.00 loop   4530
[0mBatt=23.4 [0mODOM [31mVisionX  +0.00 Y  +0.00 theta   +0.0 elt    0 [0mimu  -0.3 Dt   14 LtCy    7 integ.govd   -0.00   -0.00 integ.vbp -0.00 -0.00 omni.gos X     +0.0 ,Y     -0.1. omgD -0.005 omg  +0.00 loop   4503
[0mBatt=23.4 [0mODOM [31mVisionX  +0.00 Y  +0.00 theta   +0.0 elt    0 [0mimu  -0.3 Dt    0 LtCy    0 integ.govd   +0.00   +0.00 integ.vbp +0.00 +0.00 omni.gos X     +0.0 ,Y     -0.1. omgD -0.005 omg  +0.00 loop   4436
[0mBatt=23.4 [0mODOM [31mVisionX  +0.00 Y  +0.00 theta   +0.0 elt    0 [0mimu  -0.3 Dt    2 LtCy    1 integ.govd   +0.00   -0.00 integ.vbp +0.00 -0.00 omni.gos X     +0.0 ,Y     -0.0. omgD -0.001 omg  +0.00 loop   4554
[0mBatt=23.4 [0mODOM [31mVisionX  +0.00 Y  +0.00 theta   +0.0 elt    0 [0mimu  -0.3 Dt    2 LtCy    1 integ.govd   +0.00   -0.00 integ.vbp +0.00 -0.00 omni.gos X     +0.0 ,Y     -0.1. omgD -0.009 omg  +0.00 loop   4512
[0mBatt=23.4 [0mODOM [31mVisionX  +0.00 Y  +0.00 theta   +0.0 elt    0 [0mimu  -0.3 Dt    2 LtCy    1 integ.govd   +0.00   -0.00 integ.vbp +0.00 -0.00 omni.gos X     +0.0 ,Y     -0.0. omgD -0.001 omg  +0.00 loop   4527
[0mBatt=23.4 [0mODOM [31mVisionX  +0.00 Y  +0.00 theta   +0.0 elt    0 [0mimu  -0.3 Dt    4 LtCy    2 integ.govd   +0.00   +0.00 integ.vbp +0.00 +0.00 omni.gos X     +0.0 ,Y     +0.0. omgD +0.003 omg  +0.00 loop   4538
[0mBatt=23.4 [0mODOM [31mVisionX  +0.00 Y  +0.00 theta   +0.0 elt    0 [0mimu  -0.3 Dt    6 LtCy    3 integ.govd   +0.00   -0.00 integ.vbp +0.00 -0.00 omni.gos X     +0.0 ,Y     -0.1. omgD -0.009 omg  +0.00 loop   4524
[0mBatt=23.4 [0mODOM [31mVisionX  +0.00 Y  +0.00 theta   +0.0 elt    0 [0mimu  -0.3 Dt    6 LtCy    3 integ.govd   +0.00   +0.00 integ.vbp +0.00 +0.00 omni.gos X     +0.0 ,Y     -0.0. omgD -0.001 omg  +0.00 loop   4509
[0mBatt=23.4 [0mODOM [31mVisionX  +0.00 Y  +0.00 theta   +0.0 elt    0 [0mimu  -0.3 Dt    8 LtCy    4 integ.govd   +0.00   -0.00 integ.vbp +0.00 -0.00 omni.gos X     +0.0 ,Y     -0.0. omgD -0.001 omg  +0.00 loop   4539
[0mBatt=23.4 [0mODOM [31mVisionX  +0.00 Y  +0.00 theta   +0.0 elt    0 [0mimu  -0.3 Dt    8 LtCy    4 integ.govd   +0.00   -0.00 integ.vbp +0.00 -0.00 omni.gos X     +0.0 ,Y     -0.0. omgD -0.001 omg  +0.00 loop   4533
[0mBatt=23.4 [0mODOM [31mVisionX  +0.00 Y  +0.00 theta   +0.0 elt    0 [0mimu  -0.3 Dt   10 LtCy    5 integ.govd   +0.00   -0.00 integ.vbp +0.00 -0.00 omni.gos X     +0.0 ,Y     -0.1. omgD -0.009 omg  +0.00 loop   4510
[0mBatt=23.4 [0mODOM [31mVisionX  +0.00 Y  +0.00 theta   +0.0 elt    0 [0mimu  -0.3 Dt   10 LtCy    5 integ.govd   +0.00   -0.00 integ.vbp +0.00 -0.00 omni.gos X     +0.0 ,Y     -0.0. omgD -0.001 omg  +0.00 loop   4536
[0mBatt=23.4 [0mODOM [31mVisionX  +0.00 Y  +0.00 theta   +0.0 elt    0 [0mimu  -0.3 Dt   12 LtCy    6 integ.govd   -0.00   -0.00 integ.vbp -0.00 -0.00 omni.gos X     +0.0 ,Y     -0.1. omgD -0.005 omg  +0.00 loop   4535
[0mBatt=23.4 [0mODOM [31mVisionX  +0.00 Y  +0.00 theta   +0.0 elt    0 [0mimu  -0.3 Dt   12 LtCy    6 integ.govd   +0.00   +0.00 integ.vbp +0.00 +0.00 omni.gos X     +0.0 ,Y     +0.2. omgD +0.012 omg  +0.00 loop   4471
[0mBatt=23.4 [0mODOM [31mVisionX  +0.00 Y  +0.00 theta   +0.0 elt    0 [0mimu  -0.3 Dt    0 LtCy    0 integ.govd   +0.00   +0.00 integ.vbp +0.00 +0.00 omni.gos X     +0.0 ,Y     -0.0. omgD -0.001 omg  +0.00 loop   4454
[0mBatt=23.4 [0mODOM [31mVisionX  +0.00 Y  +0.00 theta   +0.0 elt    0 [0mimu  -0.3 Dt    0 LtCy    0 integ.govd   +0.00   +0.00 integ.vbp +0.00 +0.00 omni.gos X     +0.0 ,Y     -0.0. omgD -0.001 omg  +0.00 loop   4551
[0mBatt=23.4 [0mODOM [31mVisionX  +0.00 Y  +0.00 theta   +0.0 elt    0 [0mimu  -0.3 Dt    2 LtCy    1 integ.govd   +0.00   -0.00 integ.vbp +0.00 -0.00 omni.gos X     +0.0 ,Y     -0.1. omgD -0.005 omg  +0.00 loop   4535
[0mBatt=23.4 [0mODOM [31mVisionX  +0.00 Y  +0.00 theta   +0.0 elt    0 [0mimu  -0.3 Dt    2 LtCy    1 integ.govd   +0.00   +0.00 integ.vbp +0.00 +0.00 omni.gos X     +0.0 ,Y     +0.1. omgD +0.008 omg  +0.00 loop   4523
[0mBatt=23.4 [0mODOM [31mVisionX  +0.00 Y  +0.00 theta   +0.0 elt    0 [0mimu  -0.3 Dt    4 LtCy    2 integ.govd   +0.00   -0.00 integ.vbp +0.00 -0.00 omni.gos X     +0.0 ,Y     -0.1. omgD -0.005 omg  +0.00 loop   4521
[0mBatt=23.4 [0mODOM [31mVisionX  +0.00 Y  +0.00 theta   +0.0 elt    0 [0mimu  -0.3 Dt    4 LtCy    2 integ.govd   +0.00   -0.00 integ.vbp +0.00 -0.00 omni.gos X     +0.0 ,Y     -0.0. omgD -0.001 omg  +0.00 loop   4519
[0mBatt=23.4 [0mODOM [31mVisionX  +0.00 Y  +0.00 theta   +0.0 elt    0 [0mimu  -0.3 Dt    6 LtCy    3 integ.govd   +0.00   -0.00 integ.vbp +0.00 -0.00 omni.gos X     +0.0 ,Y     -0.2. omgD -0.014 omg  +0.00 loop   4517
[0mBatt=23.4 [0mODOM [31mVisionX  +0.00 Y  +0.00 theta   +0.0 elt    0 [0mimu  -0.3 Dt    8 LtCy    4 integ.govd   +0.00   -0.00 integ.vbp +0.00 -0.00 omni.gos X     +0.0 ,Y     -0.1. omgD -0.005 omg  +0.00 loop   4542
[0mBatt=23.4 [0mODOM [31mVisionX  +0.00 Y  +0.00 theta   +0.0 elt    0 [0mimu  -0.3 Dt    8 LtCy    4 integ.govd   +0.00   -0.00 integ.vbp +0.00 -0.00 omni.gos X     +0.0 ,Y     -0.0. omgD -0.001 omg  +0.00 loop   4536
[0mBatt=23.4 [0mODOM [31mVisionX  +0.00 Y  +0.00 theta   +0.0 elt    0 [0mimu  -0.3 Dt   10 LtCy    5 integ.govd   -0.00   -0.00 integ.vbp -0.00 -0.00 omni.gos X     -0.0 ,Y     -0.1. omgD -0.005 omg  +0.00 loop   4508
[0mBatt=23.4 [0mODOM [31mVisionX  +0.00 Y  +0.00 theta   +0.0 elt    0 [0mimu  -0.3 Dt   10 LtCy    5 integ.govd   +0.00   -0.00 integ.vbp +0.00 -0.00 omni.gos X     +0.0 ,Y     -0.1. omgD -0.005 omg  +0.00 loop   4516
TPRB_BEGIN,version=1,clock_hz=170000000,duration_cycles=1700000000
TPRB_TYPE,event_sequence,cycle,marker_sequence,counter
TPRB_RX,0,91429412,1,1
TPRB_RX,1,93986670,2,2
TPRB_RX,2,96531414,3,3
TPRB_RX,3,99080457,4,4
TPRB_RX,4,101627112,5,5
TPRB_RX,5,104172376,6,6
TPRB_RX,6,106721916,7,7
TPRB_RX,7,109269780,8,8
TPRB_RX,8,111813755,9,9
TPRB_RX,9,114357901,10,10
TPRB_RX,10,116904331,11,11
TPRB_RX,11,119449550,12,12
TPRB_RX,12,122175702,13,13
TPRB_RX,13,124723859,14,14
TPRB_RX,14,127264641,15,15
TPRB_RX,15,129804882,16,16
TPRB_RX,16,132355379,17,17
TPRB_RX,17,134901841,18,18
TPRB_RX,18,137448166,19,19
TPRB_RX,19,139997441,20,20
TPRB_RX,20,142544530,21,21
TPRB_RX,21,145088455,22,22
TPRB_RX,22,147633481,23,23
TPRB_RX,23,150180591,24,24
TPRB_RX,24,152726555,25,25
TPRB_RX,25,155271159,26,26
TPRB_RX,26,157817867,27,27
TPRB_RX,27,160357967,28,28
TPRB_RX,28,162898384,29,29
TPRB_RX,29,165437788,30,30
TPRB_RX,30,167985290,31,31
TPRB_RX,31,170525391,32,32
TPRB_RX,32,173079477,33,33
TPRB_RX,33,175631564,34,34
TPRB_RX,34,178177374,35,35
TPRB_RX,35,180720998,36,36
TPRB_RX,36,183268215,37,37
TPRB_RX,37,185807804,38,38
TPRB_RX,38,188353096,39,39
TPRB_RX,39,190900752,40,40
TPRB_RX,40,193447228,41,41
TPRB_RX,41,195991408,42,42
TPRB_RX,42,198539579,43,43
TPRB_RX,43,201085798,44,44
TPRB_RX,44,203631101,45,45
TPRB_RX,45,206176058,46,46
TPRB_RX,46,208723514,47,47
TPRB_RX,47,211269718,48,48
TPRB_RX,48,213823540,49,49
TPRB_RX,49,216367205,50,50
TPRB_RX,50,218917898,51,51
TPRB_RX,51,221464643,52,52
TPRB_RX,52,224004772,53,53
TPRB_RX,53,226734271,54,54
TPRB_RX,54,229105803,55,55
TPRB_RX,55,231832444,56,56
TPRB_RX,56,234378778,57,57
TPRB_RX,57,236923379,58,58
TPRB_RX,58,239467273,59,59
TPRB_RX,59,242015641,60,60
TPRB_RX,60,244556371,61,61
TPRB_RX,61,247100592,62,62
TPRB_RX,62,249646840,63,63
TPRB_RX,63,252192982,64,64
TPRB_RX,64,254740540,65,65
TPRB_RX,65,257285757,66,66
TPRB_RX,66,259837472,67,67
TPRB_RX,67,262384164,68,68
TPRB_RX,68,264931753,69,69
TPRB_RX,69,267478832,70,70
TPRB_RX,70,270025921,71,71
TPRB_RX,71,272569333,72,72
TPRB_RX,72,275115105,73,73
TPRB_RX,73,277658259,74,74
TPRB_RX,74,280197230,75,75
TPRB_RX,75,282740929,76,76
TPRB_RX,76,285334770,77,77
TPRB_RX,77,287931174,78,78
TPRB_RX,78,290340974,79,79
TPRB_RX,79,292942197,80,80
TPRB_RX,80,295537993,81,81
TPRB_RX,81,298131009,82,82
TPRB_RX,82,300543616,83,83
TPRB_RX,83,303140583,84,84
TPRB_RX,84,305735106,85,85
TPRB_RX,85,308339863,86,86
TPRB_RX,86,310753055,87,87
TPRB_RX,87,313349358,88,88
TPRB_RX,88,315943619,89,89
TPRB_RX,89,318549009,90,90
TPRB_RX,90,320963423,91,91
TPRB_RX,91,323558138,92,92
TPRB_RX,92,326155536,93,93
TPRB_RX,93,328752585,94,94
TPRB_RX,94,331163616,95,95
TPRB_RX,95,333758721,96,96
TPRB_RX,96,336356204,97,97
TPRB_RX,97,338951180,98,98
TPRB_RX,98,341365557,99,99
TPRB_RX,99,343972355,100,100
TPRB_RX,100,346573983,101,101
TPRB_RX,101,348986357,102,102
TPRB_RX,102,351590520,103,103
TPRB_RX,103,354182666,104,104
TPRB_RX,104,356780580,105,105
TPRB_RX,105,359193464,106,106
TPRB_RX,106,361791146,107,107
TPRB_RX,107,364384733,108,108
TPRB_RX,108,366979111,109,109
TPRB_RX,109,369391861,110,110
TPRB_RX,110,371989058,111,111
TPRB_RX,111,374583130,112,112
TPRB_RX,112,377180146,113,113
TPRB_RX,113,379590417,114,114
TPRB_RX,114,382184521,115,115
TPRB_RX,115,384777859,116,116
TPRB_RX,116,387372517,117,117
TPRB_RX,117,389782479,118,118
TPRB_RX,118,392376095,119,119
TPRB_RX,119,394974684,120,120
TPRB_RX,120,397580793,121,121
TPRB_RX,121,399983552,122,122
TPRB_RX,122,402576617,123,123
TPRB_RX,123,405171380,124,124
TPRB_RX,124,407764751,125,125
TPRB_RX,125,410173826,126,126
TPRB_RX,126,412771880,127,127
TPRB_RX,127,415364284,128,128
TPRB_RX,128,417960863,129,129
TPRB_RX,129,420553725,130,130
TPRB_RX,130,422962364,131,131
TPRB_RX,131,425554744,132,132
TPRB_RX,132,428149861,133,133
TPRB_RX,133,430745422,134,134
TPRB_RX,134,433153818,135,135
TPRB_RX,135,435749498,136,136
TPRB_RX,136,438356688,137,137
TPRB_RX,137,440945906,138,138
TPRB_RX,138,443349354,139,139
TPRB_RX,139,445944184,140,140
TPRB_RX,140,448556378,141,141
TPRB_RX,141,451002147,142,142
TPRB_RX,142,453604338,143,143
TPRB_RX,143,456198921,144,144
TPRB_RX,144,458791803,145,145
TPRB_RX,145,461199417,146,146
TPRB_RX,146,463794541,147,147
TPRB_RX,147,466387861,148,148
TPRB_RX,148,468979660,149,149
TPRB_RX,149,471407399,150,150
TPRB_RX,150,474007557,151,151
TPRB_RX,151,476608136,152,152
TPRB_RX,152,479205916,153,153
TPRB_RX,153,481620859,154,154
TPRB_RX,154,484218497,155,155
TPRB_RX,155,486817995,156,156
TPRB_RX,156,489254715,157,157
TPRB_RX,157,491847136,158,158
TPRB_RX,158,494438977,159,159
TPRB_RX,159,497035621,160,160
TPRB_RX,160,499456505,161,161
TPRB_RX,161,502047158,162,162
TPRB_RX,162,504640294,163,163
TPRB_RX,163,507233476,164,164
TPRB_RX,164,509652831,165,165
TPRB_RX,165,512250988,166,166
TPRB_RX,166,514848480,167,167
TPRB_RX,167,517440701,168,168
TPRB_RX,168,519854783,169,169
TPRB_RX,169,522454459,170,170
TPRB_RX,170,525046841,171,171
TPRB_RX,171,527646577,172,172
TPRB_RX,172,530065146,173,173
TPRB_RX,173,532658964,174,174
TPRB_RX,174,535249476,175,175
TPRB_RX,175,537842814,176,176
TPRB_RX,176,540291751,177,177
TPRB_RX,177,542892302,178,178
TPRB_RX,178,545489998,179,179
TPRB_RX,179,547952469,180,180
TPRB_RX,180,550565115,181,181
TPRB_RX,181,553009567,182,182
TPRB_RX,182,555610073,183,183
TPRB_RX,183,558213250,184,184
TPRB_RX,184,560661043,185,185
TPRB_RX,185,563256374,186,186
TPRB_RX,186,565850341,187,187
TPRB_RX,187,568442848,188,188
TPRB_RX,188,570858514,189,189
TPRB_RX,189,573457736,190,190
TPRB_RX,190,576050704,191,191
TPRB_RX,191,578642875,192,192
TPRB_RX,192,581070368,193,193
TPRB_RX,193,583664941,194,194
TPRB_RX,194,586256181,195,195
TPRB_RX,195,588849379,196,196
TPRB_RX,196,591266354,197,197
TPRB_RX,197,593859134,198,198
TPRB_RX,198,596449485,199,199
TPRB_RX,199,599045024,200,200
TPRB_RX,200,601460916,201,0
TPRB_RX,201,604052068,202,1
TPRB_RX,202,606644600,203,2
TPRB_RX,203,609243529,204,3
TPRB_RX,204,611659517,205,4
TPRB_RX,205,614258839,206,5
TPRB_RX,206,616855254,207,6
TPRB_RX,207,619448208,208,7
TPRB_RX,208,621874224,209,8
TPRB_RX,209,624468466,210,9
TPRB_RX,210,627061319,211,10
TPRB_RX,211,629650768,212,11
TPRB_RX,212,632073480,213,12
TPRB_RX,213,634667479,214,13
TPRB_RX,214,637259685,215,14
TPRB_RX,215,639856827,216,15
TPRB_RX,216,642299143,217,16
TPRB_RX,217,644897009,218,17
TPRB_RX,218,647492422,219,18
TPRB_RX,219,649962798,220,19
TPRB_RX,220,652565690,221,20
TPRB_RX,221,655165819,222,21
TPRB_RX,222,657608272,223,22
TPRB_RX,223,660214185,224,23
TPRB_RX,224,662819123,225,24
TPRB_RX,225,66524747,22625
TPRB_RX,226,667843983,227,26
TPRB_RX,227,670439704,228,27
TPRB_RX,228,672848880,229,28
TPRB_RX,229,675440115,230,29
TPRB_RX,230,678045894,231,30
TPRB_RX,231,680649713,232,31
TPRB_RX,232,683124902,233,32
TPRB_RX,233,685729951,234,33
TPRB_RX,234,688172097,235,34
TPRB_RX,235,690777052,236,35
TPRB_RX,236,693382069,237,36
TPRB_RX,237,695822124,238,37
TPRB_RX,238,698426297,239,38
TPRB_RX,239,701024763,240,39
TPRB_RX,240,703472654,241,40
TPRB_RX,241,706068162,242,41
TPRB_RX,242,708664013,243,42
TPRB_RX,243,711259315,244,43
TPRB_RX,244,713669881,245,44
TPRB_RX,245,716271711,246,45
TPRB_RX,246,718866460,247,46
TPRB_RX,247,721461949,248,47
TPRB_RX,248,723882187,249,48
TPRB_RX,249,726478129,250,49
TPRB_RX,250,729071235,251,50
TPRB_RX,251,731668730,252,51
TPRB_RX,252,734052598,253,52
TPRB_RX,253,736655074,254,53
TPRB_RX,254,739257902,255,54
TPRB_RX,255,741820737,256,55
TPRB_RX,256,744420122,257,56
TPRB_RX,257,746839223,258,57
TPRB_RX,258,749450013,259,58
TPRB_RX,259,752051562,260,59
TPRB_RX,260,754476532,261,60
TPRB_RX,261,757317653,262,61
TPRB_RX,262,759580139,263,62
TPRB_RX,263,762172554,264,63
TPRB_RX,264,764765501,265,64
TPRB_RX,265,767370495,266,65
TPRB_RX,266,769779323,267,66
TPRB_RX,267,772373259,268,67
TPRB_RX,268,774892417,269,68
TPRB_RX,269,777491681,270,69
TPRB_RX,270,780089240,271,70
TPRB_RX,271,782525946,272,71
TPRB_RX,272,785195828,273,72
TPRB_RX,273,787630845,274,73
TPRB_RX,274,790238167,275,74
TPRB_RX,275,792809871,276,75
TPRB_RX,276,795402527,277,76
TPRB_RX,277,797825814,278,77
TPRB_RX,278,800480105,279,78
TPRB_RX,279,803075642,280,79
TPRB_RX,280,805492924,281,80
TPRB_RX,281,808139594,282,81
TPRB_RX,282,810576689,283,82
TPRB_RX,283,813169307,284,83
TPRB_RX,284,815770913,285,84
TPRB_RX,285,818377123,286,85
TPRB_RX,286,820789445,287,86
TPRB_RX,287,823391145,288,87
TPRB_RX,288,825927341,289,88
TPRB_RX,289,828541582,290,89
TPRB_RX,290,830954808,291,90
TPRB_RX,291,833556294,292,91
TPRB_RX,292,836155606,293,92
TPRB_RX,293,838758789,294,93
TPRB_RX,294,841181657,295,94
TPRB_RX,295,843780500,296,95
TPRB_RX,296,846384941,297,96
TPRB_RX,297,848979821,298,97
TPRB_RX,298,851417519,299,98
TPRB_RX,299,854012533,300,99
TPRB_RX,300,856608707,301,100
TPRB_RX,301,859037182,302,101
TPRB_RX,302,861631642,303,102
TPRB_RX,303,864230512,304,103
TPRB_RX,304,866877933,305,104
TPRB_RX,305,869283430,306,105
TPRB_RX,306,871874488,307,106
TPRB_RX,307,874470789,308,107
TPRB_RX,308,876983658,309,108
TPRB_RX,309,879575806,310,109
TPRB_RX,310,881983669,311,110
TPRB_RX,311,884688503,312,111
TPRB_RX,312,887096362,313,112
TPRB_RX,313,889681160,314,113
TPRB_RX,314,892266298,315,114
TPRB_RX,315,894861147,316,115
TPRB_RX,316,897283825,317,116
TPRB_RX,317,899876838,318,117
TPRB_RX,318,902515838,319,118
TPRB_RX,319,904937957,320,119
TPRB_RX,320,907535816,321,120
TPRB_RX,321,910170966,322,121
TPRB_RX,322,912583628,323,122
TPRB_RX,323,915175576,324,123
TPRB_RX,324,917831009,325,124
TPRB_RX,325,920234160,326,125
TPRB_RX,326,922833151,327,126
TPRB_RX,327,925426078,328,127
TPRB_RX,328,927988464,329,128
TPRB_RX,329,930421572,330,129
TPRB_RX,330,933012424,331,130
TPRB_RX,331,935617618,332,131
TPRB_RX,332,938215361,333,132
TPRB_RX,333,940640461,334,133
TPRB_RX,334,943245736,335,134
TPRB_RX,335,945856368,336,135
TPRB_RX,336,948268661,337,136
TPRB_RX,337,950881305,338,137
TPRB_RX,338,953479452,339,138
TPRB_RX,339,956089967,340,139
TPRB_RX,340,958515602,341,140
TPRB_RX,341,961112138,342,141
TPRB_RX,342,963706081,343,142
TPRB_RX,343,966138121,344,143
TPRB_RX,344,968734131,345,144
TPRB_RX,345,971338910,346,145
TPRB_RX,346,973931008,347,146
TPRB_RX,347,976340980,348,147
TPRB_RX,348,978979026,349,148
TPRB_RX,349,981568147,350,149
TPRB_RX,350,983988682,351,150
TPRB_RX,351,986627580,352,151
TPRB_RX,352,989222857,353,152
TPRB_RX,353,991642166,354,153
TPRB_RX,354,994306628,355,154
TPRB_RX,355,996745760,356,155
TPRB_RX,356,999336659,357,156
TPRB_RX,357,1001928186,358,157
TPRB_RX,358,1004537665,359,158
TPRB_RX,359,1006946831,360,159
TPRB_RX,360,1009544916,361,160
TPRB_RX,361,1012047213,362,161
TPRB_RX,362,1014639420,363,162
TPRB_RX,363,1017230693,364,163
TPRB_RX,364,1019820898,365,164
TPRB_RX,365,1022379823,366,165
TPRB_RX,366,1024808681,367,166
TPRB_RX,367,1027403101,368,167
TPRB_RX,368,1029994081,369,168
TPRB_RX,369,1032597003,370,169
TPRB_RX,370,1035009685,371,170
TPRB_RX,371,1037653963,372,171
TPRB_RX,372,1040239355,373,172
TPRB_RX,373,1042648146,374,173
TPRB_RX,374,1045269015,375,174
TPRB_RX,375,1047869566,376,175
TPRB_RX,376,1050278916,377,176
TPRB_RX,377,1052899658,378,177
TPRB_RX,378,1055501560,379,178
TPRB_RX,379,1058098141,380,179
TPRB_RX,380,1060511908,381,180
TPRB_RX,381,1063156629,382,181
TPRB_RX,382,1065577610,383,182
TPRB_RX,383,1068170003,384,183
TPRB_RX,384,1070793621,385,184
TPRB_RX,385,1073396908,386,185
TPRB_RX,386,1075801824,387,186
TPRB_RX,387,1078401166,388,187
TPRB_RX,388,1081011879,389,188
TPRB_RX,389,1083428707,390,189
TPRB_RX,390,1086053357,391,190
TPRB_RX,391,1088672994,392,191
TPRB_RX,392,1091101554,393,192
TPRB_RX,393,1093701627,394,193
TPRB_RX,394,1096303060,395,194
TPRB_RX,395,1098724999,396,195
TPRB_RX,396,1101324044,397,196
TPRB_RX,397,1103931391,398,197
TPRB_RX,398,1106530294,399,198
TPRB_RX,399,1108951563,400,199
TPRB_RX,400,1111558972,401,200
TPRB_RX,401,1114158186,402,0
TPRB_RX,402,1116604447,403,1
TPRB_RX,403,1119210788,404,2
TPRB_RX,404,1121813010,405,3
TPRB_RX,405,1124252887,406,4
TPRB_RX,406,1126858725,407,5
TPRB_RX,407,1129465586,408,6
TPRB_RX,408,1131878372,409,7
TPRB_RX,409,1134488126,410,8
TPRB_RX,410,1137086725,411,9
TPRB_RX,411,1139687110,412,10
TPRB_RX,412,1142107828,413,11
TPRB_RX,413,1144711948,414,12
TPRB_RX,414,1147314042,415,13
TPRB_RX,415,1149726608,416,14
TPRB_RX,416,1152325867,417,15
TPRB_RX,417,1154929346,418,16
TPRB_RX,418,1157529747,419,17
TPRB_RX,419,1159957039,420,18
TPRB_RX,420,1162568250,421,19
TPRB_RX,421,1165170621,422,20
TPRB_RX,422,1167609210,423,21
TPRB_RX,423,1170207921,424,22
TPRB_RX,424,1172814769,425,23
TPRB_RX,425,1175228865,426,24
TPRB_RX,426,1177830573,427,25
TPRB_RX,427,1180435036,428,26
TPRB_RX,428,1183031712,429,27
TPRB_RX,429,1185459578,430,28
TPRB_RX,430,1188084271,431,29
TPRB_RX,431,1190690000,432,30
TPRB_RX,432,1193118409,433,31
TPRB_RX,433,1195726090,434,32
TPRB_RX,434,1198329158,435,33
TPRB_RX,435,1200757455,436,34
TPRB_RX,436,1203352431,437,35
TPRB_RX,437,1205951573,438,36
TPRB_RX,438,1208551053,439,37
TPRB_RX,439,1210964820,440,38
TPRB_RX,440,1213568529,441,39
TPRB_RX,441,1216169660,442,40
TPRB_RX,442,1218582659,443,41
TPRB_RX,443,1221192146,444,42
TPRB_RX,444,1223800576,445,43
TPRB_RX,445,1226394815,446,44
TPRB_RX,446,1228852709,447,45
TPRB_RX,447,1231458876,448,46
TPRB_RX,448,1234062380,449,47
TPRB_RX,449,1236478664,450,48
TPRB_RX,450,1239080780,451,49
TPRB_RX,451,1241679167,452,50
TPRB_RX,452,1244111669,453,51
TPRB_RX,453,1246710181,454,52
TPRB_RX,454,1249313761,455,53
TPRB_RX,455,1251734211,456,54
TPRB_RX,456,1254331278,457,55
TPRB_RX,457,1256945782,458,56
TPRB_RX,458,1259556601,459,57
TPRB_RX,459,1261965532,460,58
TPRB_RX,460,1264566904,461,59
TPRB_RX,461,1267171327,462,60
TPRB_RX,462,1269585479,463,61
TPRB_RX,463,1272188229,464,62
TPRB_RX,464,1274795655,465,63
TPRB_RX,465,1277393000,466,64
TPRB_RX,466,1279813526,467,65
TPRB_RX,467,1282445861,468,66
TPRB_RX,468,1285050204,469,67
TPRB_RX,469,1287467763,470,68
TPRB_RX,470,1290087468,471,69
TPRB_RX,471,1292688962,472,70
TPRB_RX,472,1295112545,473,71
TPRB_RX,473,1297710388,474,72
TPRB_RX,474,1300312170,475,73
TPRB_RX,475,1302760768,476,74
TPRB_RX,476,1305356798,477,75
TPRB_RX,477,1307960951,478,76
TPRB_RX,478,1310558565,479,77
TPRB_RX,479,1312967358,480,78
TPRB_RX,480,1315569559,481,79
TPRB_RX,481,1318175979,482,80
TPRB_RX,482,1320613725,483,81
TPRB_RX,483,1323208829,484,82
TPRB_RX,484,1325817086,485,83
TPRB_RX,485,1328261718,486,84
TPRB_RX,486,1330863579,487,85
TPRB_RX,487,1333463860,488,86
TPRB_RX,488,1335915691,489,87
TPRB_RX,489,1338512133,490,88
TPRB_RX,490,1341111380,491,89
TPRB_RX,491,1343564883,492,90
TPRB_RX,492,1346160942,493,91
TPRB_RX,493,1348757043,494,92
TPRB_RX,494,1351356708,495,93
TPRB_RX,495,1353767498,496,94
TPRB_RX,496,1356362525,497,95
TPRB_RX,497,1358966009,498,96
TPRB_RX,498,1361444485,499,97
TPRB_RX,499,1364041586,500,98
TPRB_RX,500,1366644435,501,99
TPRB_RX,501,1369067446,502,100
TPRB_RX,502,1371668820,503,101
TPRB_RX,503,1374262425,504,102
TPRB_RX,504,1376867045,505,103
TPRB_RX,505,1379275893,506,104
TPRB_RX,506,1381868897,507,105
TPRB_RX,507,1384356115,508,106
TPRB_RX,508,1386953753,509,107
TPRB_RX,509,1389589285,510,108
TPRB_RX,510,1391995250,511,109
TPRB_RX,511,1394687019,512,110
TPRB_RX,512,1397119847,513,111
TPRB_RX,513,1399720943,514,112
TPRB_RX,514,1402345573,515,113
TPRB_RX,515,1404766345,516,114
TPRB_RX,516,1407362001,517,115
TPRB_RX,517,1409968732,518,116
TPRB_RX,518,1412565520,519,117
TPRB_RX,519,1414976155,520,118
TPRB_RX,520,1417583799,521,119
TPRB_RX,521,1420187848,522,120
TPRB_RX,522,1422621982,523,121
TPRB_RX,523,1425219922,524,122
TPRB_RX,524,1427820124,525,123
TPRB_RX,525,1430409194,526,124
TPRB_RX,526,1432812633,527,125
TPRB_RX,527,1435417690,528,126
TPRB_RX,528,1438010151,529,127
TPRB_RX,529,1440598544,530,128
TPRB_RX,530,1443012396,531,129
TPRB_RX,531,1445611626,532,130
TPRB_RX,532,1448206112,533,131
TPRB_RX,533,1450797313,534,132
TPRB_RX,534,1453210972,535,133
TPRB_RX,535,1455802729,536,134
TPRB_RX,536,1458390378,537,135
TPRB_RX,537,1460981822,538,136
TPRB_RX,538,1463571706,539,137
TPRB_RX,539,1465973714,540,138
TPRB_RX,540,1468577353,541,139
TPRB_RX,541,1471169508,542,140
TPRB_RX,542,1473757344,543,141
TPRB_RX,543,1476162624,544,142
TPRB_RX,544,1478767211,545,143
TPRB_RX,545,1481355957,546,144
TPRB_RX,546,1483943053,547,145
TPRB_RX,547,1486359331,548,146
TPRB_RX,548,1488955981,549,147
TPRB_RX,549,1491550891,550,148
TPRB_RX,550,1494150739,551,149
TPRB_RX,551,1496557309,552,150
TPRB_RX,552,1499145915,553,151
TPRB_RX,553,1501734777,554,152
TPRB_RX,554,1504338987,555,153
TPRB_RX,555,1506931282,556,154
TPRB_RX,556,1509341151,557,155
TPRB_RX,557,1511941057,558,156
TPRB_RX,558,1514531405,559,157
TPRB_RX,559,1517118698,560,158
TPRB_RX,560,1519538029,561,159
TPRB_RX,561,1522129775,562,160
TPRB_RX,562,1524718217,563,161
TPRB_RX,563,1527307786,564,162
TPRB_RX,564,1529717722,565,163
TPRB_RX,565,1532312194,566,164
TPRB_RX,566,1534907510,567,165
TPRB_RX,567,1537510486,568,166
TPRB_RX,568,1539916360,569,167
TPRB_RX,569,1542503991,570,168
TPRB_RX,570,1545105490,571,169
TPRB_RX,571,1547696335,572,170
TPRB_RX,572,1550099953,573,171
TPRB_RX,573,1552695971,574,172
TPRB_RX,574,1555293677,575,173
TPRB_RX,575,1557883294,576,174
TPRB_RX,576,1560475191,577,175
TPRB_RX,577,1562887513,578,176
TPRB_RX,578,1565485761,579,177
TPRB_RX,579,1568073014,580,178
TPRB_RX,580,1570686698,581,179
TPRB_RX,581,1573098732,582,180
TPRB_RX,582,1575689217,583,181
TPRB_RX,583,1578281100,584,182
TPRB_RX,584,1580882418,585,183
TPRB_RX,585,1583286608,586,184
TPRB_RX,586,1585877280,587,185
TPRB_RX,587,1588492894,588,186
TPRB_RX,588,1591084890,589,187
TPRB_RX,589,1593487256,590,188
TPRB_RX,590,1596085238,591,189
TPRB_RX,591,1598675958,592,190
TPRB_RX,592,1601262759,593,191
TPRB_RX,593,1603666251,594,192
TPRB_RX,594,1606282969,595,193
TPRB_RX,595,1608871962,596,194
TPRB_RX,596,1611461260,597,195
TPRB_RX,597,1613868589,598,196
TPRB_RX,598,1616461322,599,197
TPRB_RX,599,1619047595,600,198
TPRB_RX,600,1621643670,601,199
TPRB_RX,601,1624240321,602,200
TPRB_RX,602,1626643112,603,0
TPRB_RX,603,1629231280,604,1
TPRB_RX,604,1631828655,605,2
TPRB_RX,605,1634416422,606,3
TPRB_RX,606,1636817678,607,4
TPRB_RX,607,1639416437,608,5
TPRB_RX,608,1642011254,609,6
TPRB_RX,609,1644598167,610,7
TPRB_RX,610,1647196626,611,8
TPRB_RX,611,1649609951,612,9
TPRB_RX,612,1652195795,613,10
TPRB_RX,613,1654783514,614,11
TPRB_RX,614,1657379510,615,12
TPRB_RX,615,1659782419,616,13
TPRB_RX,616,1662371446,617,14
TPRB_RX,617,1664964553,618,15
TPRB_RX,618,1667562897,619,16
TPRB_RX,619,1669965844,620,17
TPRB_RX,620,1672558891,621,18
TPRB_RX,621,1675158700,622,19
TPRB_RX,622,1677752709,623,20
TPRB_RX,623,1680345497,624,21
TPRB_RX,624,1682767935,625,22
TPRB_RX,625,1685361092,626,23
TPRB_RX,626,1687953734,627,24
TPRB_RX,627,1690370131,628,25
TPRB_RX,628,1692961729,629,26
TPRB_RX,629,1695548146,630,27
TPRB_RX,630,1698137358,631,28
TPRB_APPLY,0,91452053,1,1
TPRB_APPLY,1,94189421,2,2
TPRB_APPLY,2,96584618,3,3
TPRB_APPLY,3,99321986,4,4
TPRB_APPLY,4,101717183,5,5
TPRB_APPLY,5,104454551,6,6
TPRB_APPLY,6,106849748,7,7
TPRB_APPLY,7,109587116,8,8
TPRB_APPLY,8,111982313,9,9
TPRB_APPLY,9,114377510,10,10
TPRB_APPLY,10,117114878,11,11
TPRB_APPLY,11,119510075,12,12
TPRB_APPLY,12,122247443,13,13
TPRB_APPLY,13,124984811,14,14
TPRB_APPLY,14,127380008,15,15
TPRB_APPLY,15,130117376,16,16
TPRB_APPLY,16,132512573,17,17
TPRB_APPLY,17,134907770,18,18
TPRB_APPLY,18,137645138,19,19
TPRB_APPLY,19,140041333,20,20
TPRB_APPLY,20,142777703,21,21
TPRB_APPLY,21,145173726,22,22
TPRB_APPLY,22,147910268,23,23
TPRB_APPLY,23,150305465,24,24
TPRB_APPLY,24,153042833,25,25
TPRB_APPLY,25,155438030,26,26
TPRB_APPLY,26,157833227,27,27
TPRB_APPLY,27,160570595,28,28
TPRB_APPLY,28,162965792,29,29
TPRB_APPLY,29,165703160,30,30
TPRB_APPLY,30,168098357,31,31
TPRB_APPLY,31,170835725,32,32
TPRB_APPLY,32,173230922,33,33
TPRB_APPLY,33,175968290,34,34
TPRB_APPLY,34,178363487,35,35
TPRB_APPLY,35,180758684,36,36
TPRB_APPLY,36,183496052,37,37
TPRB_APPLY,37,185891249,38,38
TPRB_APPLY,38,188628671,39,39
TPRB_APPLY,39,191023814,40,40
TPRB_APPLY,40,193761182,41,41
TPRB_APPLY,41,196156379,42,42
TPRB_APPLY,42,198551576,43,43
TPRB_APPLY,43,201288944,44,44
TPRB_APPLY,44,203684141,45,45
TPRB_APPLY,45,206421509,46,46
TPRB_APPLY,46,208816706,47,47
TPRB_APPLY,47,211554074,48,48
TPRB_APPLY,48,213949271,49,49
TPRB_APPLY,49,216686639,50,50
TPRB_APPLY,50,219081836,51,51
TPRB_APPLY,51,221477033,52,52
TPRB_APPLY,52,224214401,53,53
TPRB_APPLY,53,226951769,54,54
TPRB_APPLY,54,229346966,55,55
TPRB_APPLY,55,232084334,56,56
TPRB_APPLY,56,234479531,57,57
TPRB_APPLY,57,237217874,58,58
TPRB_APPLY,58,239612096,59,59
TPRB_APPLY,59,242349464,60,60
TPRB_APPLY,60,244744661,61,61
TPRB_APPLY,61,247139858,62,62
TPRB_APPLY,62,249877226,63,63
TPRB_APPLY,63,252272423,64,64
TPRB_APPLY,64,255009791,65,65
TPRB_APPLY,65,257404988,66,66
TPRB_APPLY,66,260142356,67,67
TPRB_APPLY,67,262537553,68,68
TPRB_APPLY,68,264933881,69,69
TPRB_APPLY,69,267670118,70,70
TPRB_APPLY,70,270065315,71,71
TPRB_APPLY,71,272802683,72,72
TPRB_APPLY,72,275197880,73,73
TPRB_APPLY,73,277936176,74,74
TPRB_APPLY,74,280330604,75,75
TPRB_APPLY,75,283067813,76,76
TPRB_APPLY,76,285463010,77,77
TPRB_APPLY,77,288200378,78,78
TPRB_APPLY,78,290595575,79,79
TPRB_APPLY,79,292990772,80,80
TPRB_APPLY,80,295728140,81,81
TPRB_APPLY,81,298465508,82,82
TPRB_APPLY,82,300860705,83,83
TPRB_APPLY,83,303255902,84,84
TPRB_APPLY,84,305993270,85,85
TPRB_APPLY,85,308388467,86,86
TPRB_APPLY,86,310783664,87,87
TPRB_APPLY,87,313521032,88,88
TPRB_APPLY,88,316258400,89,89
TPRB_APPLY,89,318653597,90,90
TPRB_APPLY,90,321048794,91,91
TPRB_APPLY,91,323786162,92,92
TPRB_APPLY,92,326181359,93,93
TPRB_APPLY,93,328918727,94,94
TPRB_APPLY,94,331313924,95,95
TPRB_APPLY,95,334051292,96,96
TPRB_APPLY,96,336446489,97,97
TPRB_APPLY,97,339183857,98,98
TPRB_APPLY,98,341579054,99,99
TPRB_APPLY,99,343974483,100,100
TPRB_APPLY,100,346711619,101,101
TPRB_APPLY,101,349106816,102,102
TPRB_APPLY,102,351844184,103,103
TPRB_APPLY,103,354239381,104,104
TPRB_APPLY,104,356977478,105,105
TPRB_APPLY,105,359371946,106,106
TPRB_APPLY,106,362110174,107,107
TPRB_APPLY,107,364504511,108,108
TPRB_APPLY,108,367241882,109,109
TPRB_APPLY,109,369637076,110,110
TPRB_APPLY,110,372032273,111,111
TPRB_APPLY,111,374769641,112,112
TPRB_APPLY,112,377507009,113,113
TPRB_APPLY,113,379903127,114,114
TPRB_APPLY,114,382297403,115,115
TPRB_APPLY,115,385034772,116,116
TPRB_APPLY,116,387429968,117,117
TPRB_APPLY,117,389825165,118,118
TPRB_APPLY,118,392562533,119,119
TPRB_APPLY,119,395299901,120,120
TPRB_APPLY,120,397695098,121,121
TPRB_APPLY,121,400090294,122,122
TPRB_APPLY,122,402827663,123,123
TPRB_APPLY,123,405222860,124,124
TPRB_APPLY,124,407960228,125,125
TPRB_APPLY,125,410355425,126,126
TPRB_APPLY,126,413092793,127,127
TPRB_APPLY,127,415487990,128,128
TPRB_APPLY,128,418225358,129,129
TPRB_APPLY,129,420620555,130,130
TPRB_APPLY,130,423015752,131,131
TPRB_APPLY,131,425753120,132,132
TPRB_APPLY,132,428490488,133,133
TPRB_APPLY,133,430885685,134,134
TPRB_APPLY,134,433280882,135,135
TPRB_APPLY,135,436018250,136,136
TPRB_APPLY,136,438413447,137,137
TPRB_APPLY,137,441150815,138,138
TPRB_APPLY,138,443546012,139,139
TPRB_APPLY,139,446283380,140,140
TPRB_APPLY,140,448678577,141,141
TPRB_APPLY,141,451073774,142,142
TPRB_APPLY,142,453811142,143,143
TPRB_APPLY,143,456206339,144,144
TPRB_APPLY,144,458943707,145,145
TPRB_APPLY,145,461338904,146,146
TPRB_APPLY,146,464076272,147,147
TPRB_APPLY,147,466471469,148,148
TPRB_APPLY,148,469208837,149,149
TPRB_APPLY,149,471604034,150,150
TPRB_APPLY,150,474342256,151,151
TPRB_APPLY,151,476736599,152,152
TPRB_APPLY,152,479473967,153,153
TPRB_APPLY,153,481869164,154,154
TPRB_APPLY,154,484264361,155,155
TPRB_APPLY,155,487001729,156,156
TPRB_APPLY,156,489397850,157,157
TPRB_APPLY,157,492134294,158,158
TPRB_APPLY,158,494529491,159,159
TPRB_APPLY,159,497266859,160,160
TPRB_APPLY,160,499662056,161,161
TPRB_APPLY,161,502057253,162,162
TPRB_APPLY,162,504794621,163,163
TPRB_APPLY,163,507531989,164,164
TPRB_APPLY,164,509927186,165,165
TPRB_APPLY,165,512323303,166,166
TPRB_APPLY,166,515059751,167,167
TPRB_APPLY,167,517454948,168,168
TPRB_APPLY,168,520192316,169,169
TPRB_APPLY,169,522587513,170,170
TPRB_APPLY,170,525324881,171,171
TPRB_APPLY,171,527720078,172,172
TPRB_APPLY,172,530115275,173,173
TPRB_APPLY,173,532852643,174,174
TPRB_APPLY,174,535590011,175,175
TPRB_APPLY,175,537985208,176,176
TPRB_APPLY,176,540380405,177,177
TPRB_APPLY,177,543117773,178,178
TPRB_APPLY,178,545512970,179,179
TPRB_APPLY,179,548250338,180,180
TPRB_APPLY,180,550645535,181,181
TPRB_APPLY,181,553040732,182,182
TPRB_APPLY,182,555778100,183,183
TPRB_APPLY,183,558515468,184,184
TPRB_APPLY,184,560910665,185,185
TPRB_APPLY,185,563305862,186,186
TPRB_APPLY,186,566043230,187,187
TPRB_APPLY,187,568780598,188,188
TPRB_APPLY,188,571175795,189,189
TPRB_APPLY,189,573570992,190,190
TPRB_APPLY,190,576308360,191,191
TPRB_APPLY,191,578703557,192,192
TPRB_APPLY,192,581098754,193,193
TPRB_APPLY,193,583836122,194,194
TPRB_APPLY,194,586573490,195,195
TPRB_APPLY,195,588968687,196,196
TPRB_APPLY,196,591363884,197,197
TPRB_APPLY,197,594101252,198,198
TPRB_APPLY,198,596496449,199,199
TPRB_APPLY,199,599233817,200,200
TPRB_APPLY,200,601629014,201,0
TPRB_APPLY,201,604366382,202,1
TPRB_APPLY,202,606761579,203,2
TPRB_APPLY,203,609498947,204,3
TPRB_APPLY,204,611894144,205,4
TPRB_APPLY,205,614289341,206,5
TPRB_APPLY,206,617026709,207,6
TPRB_APPLY,207,619764077,208,7
TPRB_APPLY,208,622159274,209,8
TPRB_APPLY,209,624554471,210,9
TPRB_APPLY,210,627291839,211,10
TPRB_APPLY,211,629687036,212,11
TPRB_APPLY,212,632082233,213,12
TPRB_APPLY,213,634819601,214,13
TPRB_APPLY,214,637556969,215,14
TPRB_APPLY,215,639952166,216,15
TPRB_APPLY,216,642347363,217,16
TPRB_APPLY,217,645084731,218,17
TPRB_APPLY,218,647822099,219,18
TPRB_APPLY,219,650217296,220,19
TPRB_APPLY,220,652612493,221,20
TPRB_APPLY,221,655349861,222,21
TPRB_APPLY,222,657745058,223,22
TPRB_APPLY,223,660482426,224,23
TPRB_APPLY,224,662877623,225,24
TPRB_APPLY,225,665272820,226,25
TPRB_APPLY,226,668010188,227,26
TPRB_APPLY,227,670747556,228,27
TPRB_APPLY,228,673142753,229,28
TPRB_APPLY,229,675537950,230,29
TPRB_APPLY,230,678276109,231,30
TPRB_APPLY,231,680670515,232,31
TPRB_APPLY,232,683407883,233,32
TPRB_APPLY,233,685803080,234,33
TPRB_APPLY,234,688198277,235,34
TPRB_APPLY,235,690935645,236,35
TPRB_APPLY,236,693673013,237,36
TPRB_APPLY,237,696068210,238,37
TPRB_APPLY,238,698463407,239,38
TPRB_APPLY,239,701200775,240,39
TPRB_APPLY,240,703595972,241,40
TPRB_APPLY,241,706333340,242,41
TPRB_APPLY,242,708728537,243,42
TPRB_APPLY,243,711465905,244,43
TPRB_APPLY,244,713861102,245,44
TPRB_APPLY,245,716598470,246,45
TPRB_APPLY,246,718993667,247,46
TPRB_APPLY,247,721731035,248,47
TPRB_APPLY,248,724126232,249,48
TPRB_APPLY,249,726521429,250,49
TPRB_APPLY,250,729258797,251,50
TPRB_APPLY,251,731996165,252,51
TPRB_APPLY,252,734391362,253,52
TPRB_APPLY,253,736786559,254,53
TPRB_APPLY,254,739524847,255,54
TPRB_APPLY,255,741919124,256,55
TPRB_APPLY,256,744656492,257,56
TPRB_APPLY,257,747051689,258,57
TPRB_APPLY,258,749789057,259,58
TPRB_APPLY,259,752184254,260,59
TPRB_APPLY,260,754579451,261,60
TPRB_APPLY,261,757658990,262,61
TPRB_APPLY,262,759712016,263,62
TPRB_APPLY,263,762449384,264,63
TPRB_APPLY,264,764845169,265,64
TPRB_APPLY,265,767581949,266,65
TPRB_APPLY,266,769977146,267,66
TPRB_APPLY,267,772715538,268,67
TPRB_APPLY,268,775109711,269,68
TPRB_APPLY,269,777504908,270,69
TPRB_APPLY,270,780242276,271,70
TPRB_APPLY,271,782637473,272,71
TPRB_APPLY,272,785374841,273,72
TPRB_APPLY,273,787770038,274,73
TPRB_APPLY,274,790507406,275,74
TPRB_APPLY,275,792902603,276,75
TPRB_APPLY,276,795639971,277,76
TPRB_APPLY,277,798036076,278,77
TPRB_APPLY,278,800772536,279,78
TPRB_APPLY,279,803167733,280,79
TPRB_APPLY,280,805562930,281,80
TPRB_APPLY,281,808300298,282,81
TPRB_APPLY,282,810696156,283,82
TPRB_APPLY,283,813432863,284,83
TPRB_APPLY,284,815828060,285,84
TPRB_APPLY,285,818565428,286,85
TPRB_APPLY,286,820960625,287,86
TPRB_APPLY,287,823697993,288,87
TPRB_APPLY,288,826093190,289,88
TPRB_APPLY,289,828830558,290,89
TPRB_APPLY,290,831225755,291,90
TPRB_APPLY,291,833620952,292,91
TPRB_APPLY,292,836358320,293,92
TPRB_APPLY,293,839095688,294,93
TPRB_APPLY,294,841490885,295,94
TPRB_APPLY,295,843886082,296,95
TPRB_APPLY,296,846623450,297,96
TPRB_APPLY,297,849018647,298,97
TPRB_APPLY,298,851756015,299,98
TPRB_APPLY,299,854151212,300,99
TPRB_APPLY,300,856888580,301,100
TPRB_APPLY,301,859283777,302,101
TPRB_APPLY,302,861678974,303,102
TPRB_APPLY,303,864416342,304,103
TPRB_APPLY,304,867153710,305,104
TPRB_APPLY,305,869548907,306,105
TPRB_APPLY,306,871944104,307,106
TPRB_APPLY,307,874681472,308,107
TPRB_APPLY,308,877076669,309,108
TPRB_APPLY,309,879814036,310,109
TPRB_APPLY,310,882209233,311,110
TPRB_APPLY,311,884946601,312,111
TPRB_APPLY,312,887341798,313,112
TPRB_APPLY,313,889736995,314,113
TPRB_APPLY,314,892474363,315,114
TPRB_APPLY,315,894869560,316,115
TPRB_APPLY,316,897606928,317,116
TPRB_APPLY,317,900002125,318,117
TPRB_APPLY,318,902739493,319,118
TPRB_APPLY,319,905134690,320,119
TPRB_APPLY,320,907872058,321,120
TPRB_APPLY,321,910267255,322,121
TPRB_APPLY,322,912662452,323,122
TPRB_APPLY,323,915399820,324,123
TPRB_APPLY,324,918137188,325,124
TPRB_APPLY,325,920532385,326,125
TPRB_APPLY,326,922927582,327,126
TPRB_APPLY,327,925664950,328,127
TPRB_APPLY,328,928060147,329,128
TPRB_APPLY,329,930455344,330,129
TPRB_APPLY,330,933192712,331,130
TPRB_APPLY,331,935930080,332,131
TPRB_APPLY,332,938325277,333,132
TPRB_APPLY,333,940720474,334,133
TPRB_APPLY,334,943457842,335,134
TPRB_APPLY,335,946195210,336,135
TPRB_APPLY,336,948590407,337,136
TPRB_APPLY,337,950986288,338,137
TPRB_APPLY,338,953722972,339,138
TPRB_APPLY,339,956118169,340,139
TPRB_APPLY,340,958855537,341,140
TPRB_APPLY,341,961250734,342,141
TPRB_APPLY,342,963988102,343,142
TPRB_APPLY,343,966383632,344,143
TPRB_APPLY,344,968778496,345,144
TPRB_APPLY,345,971515864,346,145
TPRB_APPLY,346,974253232,347,146
TPRB_APPLY,347,976648429,348,147
TPRB_APPLY,348,979043626,349,148
TPRB_APPLY,349,981780994,350,149
TPRB_APPLY,350,984176193,351,150
TPRB_APPLY,351,986913559,352,151
TPRB_APPLY,352,989308756,353,152
TPRB_APPLY,353,991703953,354,153
TPRB_APPLY,354,994441321,355,154
TPRB_APPLY,355,996836518,356,155
TPRB_APPLY,356,999573886,357,156
TPRB_APPLY,357,1001969083,358,157
TPRB_APPLY,358,1004706451,359,158
TPRB_APPLY,359,1007101648,360,159
TPRB_APPLY,360,1009839016,361,160
TPRB_APPLY,361,1012234213,362,161
TPRB_APPLY,362,1014971581,363,162
TPRB_APPLY,363,1017366778,364,163
TPRB_APPLY,364,1020104146,365,164
TPRB_APPLY,365,1022499343,366,165
TPRB_APPLY,366,1024894540,367,166
TPRB_APPLY,367,1027631908,368,167
TPRB_APPLY,368,1030027104,369,168
TPRB_APPLY,369,1032766099,370,169
TPRB_APPLY,370,1035159669,371,170
TPRB_APPLY,371,1037897973,372,171
TPRB_APPLY,372,1040292233,373,172
TPRB_APPLY,373,1042687430,374,173
TPRB_APPLY,374,1045424798,375,174
TPRB_APPLY,375,1048162166,376,175
TPRB_APPLY,376,1050558093,377,176
TPRB_APPLY,377,1052952560,378,177
TPRB_APPLY,378,1055689928,379,178
TPRB_APPLY,379,1058427296,380,179
TPRB_APPLY,380,1060822493,381,180
TPRB_APPLY,381,1063218323,382,181
TPRB_APPLY,382,1065612887,383,182
TPRB_APPLY,383,1068350255,384,183
TPRB_APPLY,384,1071087623,385,184
TPRB_APPLY,385,1073482820,386,185
TPRB_APPLY,386,1075878346,387,186
TPRB_APPLY,387,1078615385,388,187
TPRB_APPLY,388,1081352753,389,188
TPRB_APPLY,389,1083747950,390,189
TPRB_APPLY,390,1086143851,391,190
TPRB_APPLY,391,1088880515,392,191
TPRB_APPLY,392,1091275712,393,192
TPRB_APPLY,393,1094013080,394,193
TPRB_APPLY,394,1096408277,395,194
TPRB_APPLY,395,1098803477,396,195
TPRB_APPLY,396,1101540842,397,196
TPRB_APPLY,397,1103936039,398,197
TPRB_APPLY,398,1106673407,399,198
TPRB_APPLY,399,1109068604,400,199
TPRB_APPLY,400,1111805972,401,200
TPRB_APPLY,401,1114201169,402,0
TPRB_APPLY,402,1116938537,403,1
TPRB_APPLY,403,1119334454,404,2
TPRB_APPLY,404,1122071102,405,3
TPRB_APPLY,405,1124466299,406,4
TPRB_APPLY,406,1126861496,407,5
TPRB_APPLY,407,1129598864,408,6
TPRB_APPLY,408,1131994061,409,7
TPRB_APPLY,409,1134731429,410,8
TPRB_APPLY,410,1137126626,411,9
TPRB_APPLY,411,1139863994,412,10
TPRB_APPLY,412,1142259191,413,11
TPRB_APPLY,413,1144996559,414,12
TPRB_APPLY,414,1147391756,415,13
TPRB_APPLY,415,1149786953,416,14
TPRB_APPLY,416,1152524321,417,15
TPRB_APPLY,417,1155261960,418,16
TPRB_APPLY,418,1157656886,419,17
TPRB_APPLY,419,1160052083,420,18
TPRB_APPLY,420,1162789451,421,19
TPRB_APPLY,421,1165184648,422,20
TPRB_APPLY,422,1167922016,423,21
TPRB_APPLY,423,1170317213,424,22
TPRB_APPLY,424,1173054581,425,23
TPRB_APPLY,425,1175449778,426,24
TPRB_APPLY,426,1177844975,427,25
TPRB_APPLY,427,1180582979,428,26
TPRB_APPLY,428,1183319711,429,27
TPRB_APPLY,429,1185714908,430,28
TPRB_APPLY,430,1188110105,431,29
TPRB_APPLY,431,1190847473,432,30
TPRB_APPLY,432,1193242670,433,31
TPRB_APPLY,433,1195980373,434,32
TPRB_APPLY,434,1198375235,435,33
TPRB_APPLY,435,1200770432,436,34
TPRB_APPLY,436,1203507800,437,35
TPRB_APPLY,437,1206245168,438,36
TPRB_APPLY,438,1208640365,439,37
TPRB_APPLY,439,1211035562,440,38
TPRB_APPLY,440,1213772930,441,39
TPRB_APPLY,441,1216510298,442,40
TPRB_APPLY,442,1218905495,443,41
TPRB_APPLY,443,1221300692,444,42
TPRB_APPLY,444,1224038060,445,43
TPRB_APPLY,445,1226433257,446,44
TPRB_APPLY,446,1229170625,447,45
TPRB_APPLY,447,1231565822,448,46
TPRB_APPLY,448,1234303190,449,47
TPRB_APPLY,449,1236698387,450,48
TPRB_APPLY,450,1239093584,451,49
TPRB_APPLY,451,1241830952,452,50
TPRB_APPLY,452,1244226149,453,51
TPRB_APPLY,453,1246963517,454,52
TPRB_APPLY,454,1249358714,455,53
TPRB_APPLY,455,1251753911,456,54
TPRB_APPLY,456,1254491279,457,55
TPRB_APPLY,457,1257228647,458,56
TPRB_APPLY,458,1259623844,459,57
TPRB_APPLY,459,1262019041,460,58
TPRB_APPLY,460,1264756409,461,59
TPRB_APPLY,461,1267493777,462,60
TPRB_APPLY,462,1269888974,463,61
TPRB_APPLY,463,1272284171,464,62
TPRB_APPLY,464,1275021539,465,63
TPRB_APPLY,465,1277416736,466,64
TPRB_APPLY,466,1280154104,467,65
TPRB_APPLY,467,1282549301,468,66
TPRB_APPLY,468,1285286669,469,67
TPRB_APPLY,469,1287681866,470,68
TPRB_APPLY,470,1290419234,471,69
TPRB_APPLY,471,1292814431,472,70
TPRB_APPLY,472,1295209628,473,71
TPRB_APPLY,473,1297946996,474,72
TPRB_APPLY,474,1300342193,475,73
TPRB_APPLY,475,1303079561,476,74
TPRB_APPLY,476,1305474758,477,75
TPRB_APPLY,477,1308212126,478,76
TPRB_APPLY,478,1310607323,479,77
TPRB_APPLY,479,1313002520,480,78
TPRB_APPLY,480,1315739888,481,79
TPRB_APPLY,481,1318477256,482,80
TPRB_APPLY,482,1320872454,483,81
TPRB_APPLY,483,1323267650,484,82
TPRB_APPLY,484,1326005018,485,83
TPRB_APPLY,485,1328400215,486,84
TPRB_APPLY,486,1331137583,487,85
TPRB_APPLY,487,1333532780,488,86
TPRB_APPLY,488,1335927977,489,87
TPRB_APPLY,489,1338665345,490,88
TPRB_APPLY,490,1341402713,491,89
TPRB_APPLY,491,1343797910,492,90
TPRB_APPLY,492,1346193107,493,91
TPRB_APPLY,493,1348930475,494,92
TPRB_APPLY,494,1351667843,495,93
TPRB_APPLY,495,1354063040,496,94
TPRB_APPLY,496,1356458237,497,95
TPRB_APPLY,497,1359195605,498,96
TPRB_APPLY,498,1361590802,499,97
TPRB_APPLY,499,1364328170,500,98
TPRB_APPLY,500,1366723367,501,99
TPRB_APPLY,501,1369118564,502,100
TPRB_APPLY,502,1371855932,503,101
TPRB_APPLY,503,1374593300,504,102
TPRB_APPLY,504,1376988497,505,103
TPRB_APPLY,505,1379383694,506,104
TPRB_APPLY,506,1382121062,507,105
TPRB_APPLY,507,1384516259,508,106
TPRB_APPLY,508,1387253627,509,107
TPRB_APPLY,509,1389648824,510,108
TPRB_APPLY,510,1392044021,511,109
TPRB_APPLY,511,1394781389,512,110
TPRB_APPLY,512,1397176586,513,111
TPRB_APPLY,513,1399913954,514,112
TPRB_APPLY,514,1402651322,515,113
TPRB_APPLY,515,1405046519,516,114
TPRB_APPLY,516,1407441862,517,115
TPRB_APPLY,517,1410179084,518,116
TPRB_APPLY,518,1412574281,519,117
TPRB_APPLY,519,1415311649,520,118
TPRB_APPLY,520,1417706846,521,119
TPRB_APPLY,521,1420444214,522,120
TPRB_APPLY,522,1422839411,523,121
TPRB_APPLY,523,1425234608,524,122
TPRB_APPLY,524,1427971976,525,123
TPRB_APPLY,525,1430709344,526,124
TPRB_APPLY,526,1433104541,527,125
TPRB_APPLY,527,1435499738,528,126
TPRB_APPLY,528,1438237106,529,127
TPRB_APPLY,529,1440632303,530,128
TPRB_APPLY,530,1443027500,531,129
TPRB_APPLY,531,1445764868,532,130
TPRB_APPLY,532,1448502236,533,131
TPRB_APPLY,533,1450897433,534,132
TPRB_APPLY,534,1453292630,535,133
TPRB_APPLY,535,1456029998,536,134
TPRB_APPLY,536,1458425195,537,135
TPRB_APPLY,537,1461162563,538,136
TPRB_APPLY,538,1463899931,539,137
TPRB_APPLY,539,1466295128,540,138
TPRB_APPLY,540,1468690325,541,139
TPRB_APPLY,541,1471427693,542,140
TPRB_APPLY,542,1473822890,543,141
TPRB_APPLY,543,1476218087,544,142
TPRB_APPLY,544,1478955455,545,143
TPRB_APPLY,545,1481692823,546,144
TPRB_APPLY,546,1484088020,547,145
TPRB_APPLY,547,1486483217,548,146
TPRB_APPLY,548,1489220585,549,147
TPRB_APPLY,549,1491615782,550,148
TPRB_APPLY,550,1494353150,551,149
TPRB_APPLY,551,1496748347,552,150
TPRB_APPLY,552,1499485715,553,151
TPRB_APPLY,553,1501880912,554,152
TPRB_APPLY,554,1504618280,555,153
TPRB_APPLY,555,1507013477,556,154
TPRB_APPLY,556,1509408674,557,155
TPRB_APPLY,557,1512146494,558,156
TPRB_APPLY,558,1514541239,559,157
TPRB_APPLY,559,1517278607,560,158
TPRB_APPLY,560,1519673804,561,159
TPRB_APPLY,561,1522411172,562,160
TPRB_APPLY,562,1524806369,563,161
TPRB_APPLY,563,1527544042,564,162
TPRB_APPLY,564,1529938934,565,163
TPRB_APPLY,565,1532334131,566,164
TPRB_APPLY,566,1535071499,567,165
TPRB_APPLY,567,1537808867,568,166
TPRB_APPLY,568,1540204064,569,167
TPRB_APPLY,569,1542600189,570,168
TPRB_APPLY,570,1545337223,571,169
TPRB_APPLY,571,1547731826,572,170
TPRB_APPLY,572,1550127023,573,171
TPRB_APPLY,573,1552864391,574,172
TPRB_APPLY,574,1555601759,575,173
TPRB_APPLY,575,1557997385,576,174
TPRB_APPLY,576,1560734324,577,175
TPRB_APPLY,577,1563129521,578,176
TPRB_APPLY,578,1565524718,579,177
TPRB_APPLY,579,1568262086,580,178
TPRB_APPLY,580,1570999454,581,179
TPRB_APPLY,581,1573394651,582,180
TPRB_APPLY,582,1575789848,583,181
TPRB_APPLY,583,1578528174,584,182
TPRB_APPLY,584,1580922413,585,183
TPRB_APPLY,585,1583317765,586,184
TPRB_APPLY,586,1586054978,587,185
TPRB_APPLY,587,1588792346,588,186
TPRB_APPLY,588,1591187543,589,187
TPRB_APPLY,589,1593582740,590,188
TPRB_APPLY,590,1596320108,591,189
TPRB_APPLY,591,1598715305,592,190
TPRB_APPLY,592,1601452673,593,191
TPRB_APPLY,593,1603847870,594,192
TPRB_APPLY,594,1606585238,595,193
TPRB_APPLY,595,1608980435,596,194
TPRB_APPLY,596,1611717803,597,195
TPRB_APPLY,597,1614113000,598,196
TPRB_APPLY,598,1616508197,599,197
TPRB_APPLY,599,1619245565,600,198
TPRB_APPLY,600,1621982933,601,199
TPRB_APPLY,601,1624378130,602,200
TPRB_APPLY,602,1626773327,603,0
TPRB_APPLY,603,1629510695,604,1
TPRB_APPLY,604,1631905892,605,2
TPRB_APPLY,605,1634643261,606,3
TPRB_APPLY,606,1637038457,607,4
TPRB_APPLY,607,1639433654,608,5
TPRB_APPLY,608,1642171022,609,6
TPRB_APPLY,609,1644908390,610,7
TPRB_APPLY,610,1647303587,611,8
TPRB_APPLY,611,1649698784,612,9
TPRB_APPLY,612,1652436152,613,10
TPRB_APPLY,613,1654831349,614,11
TPRB_APPLY,614,1657568717,615,12
TPRB_APPLY,615,1659963914,616,13
TPRB_APPLY,616,1662701282,617,14
TPRB_APPLY,617,1665096479,618,15
TPRB_APPLY,618,1667833847,619,16
TPRB_APPLY,619,1670229044,620,17
TPRB_APPLY,620,1672624241,621,18
TPRB_APPLY,621,1675361609,622,19
TPRB_APPLY,622,1677756806,623,20
TPRB_APPLY,623,1680494174,624,21
TPRB_APPLY,624,1682889371,625,22
TPRB_APPLY,625,1685626739,626,23
TPRB_APPLY,626,1688021936,627,24
TPRB_APPLY,627,1690417133,628,25
TPRB_APPLY,628,1693154501,629,26
TPRB_APPLY,629,1695550274,630,27
TPRB_APPLY,630,1698287066,631,28
TPRB_END,rx=631,apply=631,filtered=0,rx_overflow=0,apply_overflow=0,apply_race=0
TPRB_STATS,frame=631,valid=631,checksum_error=0,irq=46667,rxirq=45432,byte=45432
TPRB_STATS_ERR,pe=0,fe=0,ne=0,ore=0
[0mBatt=23.4 [0m[33mODOM [31mVisionX  +0.00 Y  +0.00 theta   +0.0 elt    0 [0mimu  -0.3 Dt  732 LtCy  366 integ.govd   -0.00   -0.04 integ.vbp -0.00 -0.00 omni.gos X     +0.0 ,Y     +0.0. omgD +0.003 omg  +0.00 
[0mBatt=23.4 [0m[33mODOM [31mVisionX  +0.00 Y  +0.00 theta   +0.0 elt    0 [0mimu  -0.3 Dt  746 LtCy  373 integ.govd   -0.00   -0.04 integ.vbp -0.00 -0.00 omni.gos X     +0.0 ,Y     +0.0. omgD +0.003 omg  +0.00 loop   3778
[0mBatt=23.4 [0m[33mODOM [31mVisionX  +0.00 Y  +0.00 theta   +0.0 elt    0 [0mimu  -0.3 Dt  762 LtCy  381 integ.govd   -0.00   -0.04 integ.vbp -0.00 -0.00 omni.gos X     +0.0 ,Y     -0.1. omgD -0.005 omg  +0.00 loop   4842
[0mBatt=23.4 [0m[33mODOM [31mVisionX  +0.00 Y  +0.00 theta   +0.0 elt    0 [0mimu  -0.3 Dt  778 LtCy  389 integ.govd   -0.00   -0.04 integ.vbp -0.00 -0.00 omni.gos X     +0.0 ,Y     -0.0. omgD -0.001 omg  +0.00 loop   4847
[0mBatt=23.4 [0m[33mODOM [31mVisionX  +0.00 Y  +0.00 theta   +0.0 elt    0 [0mimu  -0.3 Dt  794 LtCy  397 integ.govd   -0.00   -0.04 integ.vbp -0.00 -0.00 omni.gos X     +0.0 ,Y     +0.0. omgD +0.003 omg  +0.00 loop   4860
[0mBatt=23.4 [0m[33mODOM [31mVisionX  +0.00 Y  +0.00 theta   +0.0 elt    0 [0mimu  -0.3 Dt  810 LtCy  405 integ.govd   -0.00   -0.04 integ.vbp -0.00 -0.00 omni.gos X     +0.0 ,Y     -0.1. omgD -0.005 omg  +0.00 loop   4835
[0mBatt=23.4 [0m[33mODOM [31mVisionX  +0.00 Y  +0.00 theta   +0.0 elt    0 [0mimu  -0.3 Dt  826 LtCy  413 integ.govd   -0.00   -0.04 integ.vbp -0.00 -0.00 omni.gos X     +0.0 ,Y     -0.1. omgD -0.009 omg  +0.00 loop   4832
[0mBatt=23.4 [0m[33mODOM [31mVisionX  +0.00 Y  +0.00 theta   +0.0 elt    0 [0mimu  -0.3 Dt  842 LtCy  421 integ.govd   -0.00   -0.05 integ.vbp -0.00 -0.00 omni.gos X     +0.0 ,Y     -0.2. omgD -0.014 omg  +0.00 loop   4835
[0mBatt=23.4 [0m[33mODOM [31mVisionX  +0.00 Y  +0.00 theta   +0.0 elt    0 [0mimu  -0.3 Dt  858 LtCy  429 integ.govd   -0.00   -0.05 integ.vbp -0.00 -0.00 omni.gos X     +0.0 ,Y     +0.0. omgD +0.003 omg  +0.00 loop   4838
[0mBatt=23.4 [0m[33mODOM [31mVisionX  +0.00 Y  +0.00 theta   +0.0 elt    0 [0mimu  -0.3 Dt  874 LtCy  437 integ.govd   -0.00   -0.05 integ.vbp -0.00 -0.00 omni.gos X     +0.0 ,Y     -0.1. omgD -0.005 omg  +0.00 loop   4794
[0mBatt=23.4 [0m[33mODOM [31mVisionX  +0.00 Y  +0.00 theta   +0.0 elt    0 [0mimu  -0.3 Dt  890 LtCy  445 integ.govd   -0.00   -0.05 integ.vbp -0.00 -0.00 omni.gos X     +0.0 ,Y     -0.2. omgD -0.014 omg  +0.00 loop   4834
[0mBatt=23.4 [0m[33mODOM [31mVisionX  +0.00 Y  +0.00 theta   +0.0 elt    0 [0mimu  -0.3 Dt  906 LtCy  453 integ.govd   -0.00   -0.05 integ.vbp -0.00 -0.00 omni.gos X     +0.0 ,Y     -0.2. omgD -0.018 omg  +0.00 loop   4827
[0mBatt=23.4 [0m[33mODOM [31mVisionX  +0.00 Y  +0.00 theta   +0.0 elt    0 [0mimu  -0.3 Dt  922 LtCy  461 integ.govd   -0.00   -0.05 integ.vbp -0.00 -0.00 omni.gos X     +0.0 ,Y     -0.1. omgD -0.009 omg  +0.00 loop   4788
[0mBatt=23.4 [0m[33mODOM [31mVisionX  +0.00 Y  +0.00 theta   +0.0 elt    0 [0mimu  -0.3 Dt  938 LtCy  469 integ.govd   -0.00   -0.05 integ.vbp -0.00 -0.00 omni.gos X     +0.0 ,Y     -0.0. omgD -0.001 omg  +0.00 loop   4814
[0mBatt=23.4 [0m[33mODOM [31mVisionX  +0.00 Y  +0.00 theta   +0.0 elt    0 [0mimu  -0.3 Dt  946 LtCy  473 integ.govd   -0.00   -0.06 integ.vbp -0.00 -0.00 omni.gos X     +0.0 ,Y     -0.0. omgD -0.001 omg  +0.00 loop   2299
[0mBatt=23.4 [0m[33mODOM [31mVisionX  +0.00 Y  +0.00 theta   +0.0 elt    0 [0mimu  -0.4 Dt  962 LtCy  481 integ.govd   -0.00   -0.06 integ.vbp -0.00 -0.00 omni.gos X     +0.0 ,Y     -0.1. omgD -0.009 omg  +0.00 loop   4778
[0mBatt=23.4 [0m[33mODOM [31mVisionX  +0.00 Y  +0.00 theta   +0.0 elt    0 [0mimu  -0.4 Dt  978 LtCy  489 integ.govd   -0.00   -0.06 integ.vbp -0.00 -0.00 omni.gos X     +0.0 ,Y     -0.1. omgD -0.009 omg  +0.00 loop   4787
[0mBatt=23.4 [0m[33mODOM [31mVisionX  +0.00 Y  +0.00 theta   +0.0 elt    0 [0mimu  -0.4 Dt  994 LtCy  497 integ.govd   -0.00   -0.06 integ.vbp -0.00 -0.00 omni.gos X     +0.0 ,Y     -0.1. omgD -0.009 omg  +0.00 loop   4788
[0mBatt=23.4 [0m[33mODOM [31mVisionX  +0.00 Y  +0.00 theta   +0.0 elt    0 [0mimu  -0.4 Dt 1010 LtCy  505 integ.govd   -0.00   -0.06 integ.vbp -0.00 -0.00 omni.gos X     +0.0 ,Y     -0.1. omgD -0.009 omg  +0.00 loop   4799
[0mBatt=23.4 [0m[33mODOM [31mVisionX  +0.00 Y  +0.00 theta   +0.0 elt    0 [0mimu  -0.4 Dt 1026 LtCy  513 integ.govd   -0.00   -0.07 integ.vbp -0.00 -0.00 omni.gos X     +0.0 ,Y     -0.1. omgD -0.005 omg  +0.00 loop   4763
[0mBatt=23.4 [0m[33mODOM [31mVisionX  +0.00 Y  +0.00 theta   +0.0 elt    0 [0mimu  -0.4 Dt 1042 LtCy  521 integ.govd   -0.00   -0.07 integ.vbp -0.00 -0.00 omni.gos X     +0.0 ,Y     -0.1. omgD -0.005 omg  +0.00 loop   4770
[0mBatt=23.4 [0m[33mODOM [31mVisionX  +0.00 Y  +0.00 theta   +0.0 elt    0 [0mimu  -0.4 Dt 1058 LtCy  529 integ.govd   -0.00   -0.07 integ.vbp -0.00 -0.00 omni.gos X     +0.0 ,Y     -0.0. omgD -0.001 omg  +0.00 loop   4782
[0mBatt=23.4 [0m[33mODOM [31mVisionX  +0.00 Y  +0.00 theta   +0.0 elt    0 [0mimu  -0.4 Dt 1074 LtCy  537 integ.govd   -0.00   -0.07 integ.vbp -0.00 -0.00 omni.gos X     +0.0 ,Y     +0.1. omgD +0.008 omg  +0.00 loop   4747
[0mBatt=23.4 [0m[33mODOM [31mVisionX  +0.00 Y  +0.00 theta   +0.0 elt    0 [0mimu  -0.4 Dt 1090 LtCy  545 integ.govd   -0.00   -0.07 integ.vbp -0.00 -0.00 omni.gos X     +0.0 ,Y     +0.0. omgD +0.003 omg  +0.00 loop   4758
[0mBatt=23.4 [0m[33mODOM [31mVisionX  +0.00 Y  +0.00 theta   +0.0 elt    0 [0mimu  -0.4 Dt 1106 LtCy  553 integ.govd   -0.00   -0.07 integ.vbp -0.00 -0.00 omni.gos X     +0.0 ,Y     -0.1. omgD -0.009 omg  +0.00 loop   4756
[0mBatt=23.4 [0m[33mODOM [31mVisionX  +0.00 Y  +0.00 theta   +0.0 elt    0 [0mimu  -0.4 Dt 1122 LtCy  561 integ.govd   -0.00   -0.07 integ.vbp -0.00 -0.00 omni.gos X     +0.0 ,Y     -0.1. omgD -0.009 omg  +0.00 loop   4751
[0mBatt=23.4 [0m[33mODOM [31mVisionX  +0.00 Y  +0.00 theta   +0.0 elt    0 [0mimu  -0.4 Dt 1138 LtCy  569 integ.govd   -0.00   -0.07 integ.vbp -0.00 -0.00 omni.gos X     +0.0 ,Y     -0.0. omgD -0.001 omg  +0.00 loop   4703
[0mBatt=23.4 [0m[33mODOM [31mVisionX  +0.00 Y  +0.00 theta   +0.0 elt    0 [0mimu  -0.4 Dt 1154 LtCy  577 integ.govd   -0.00   -0.07 integ.vbp -0.00 -0.00 omni.gos X     +0.0 ,Y     -0.1. omgD -0.009 omg  +0.00 loop   4745
[0mBatt=23.4 [0m[33mODOM [31mVisionX  +0.00 Y  +0.00 theta   +0.0 elt    0 [0mimu  -0.4 Dt 1170 LtCy  585 integ.govd   -0.00   -0.07 integ.vbp -0.00 -0.00 omni.gos X     +0.0 ,Y     +0.1. omgD +0.008 omg  +0.00 loop   4743
[0mBatt=23.4 [0m[33mODOM [31mVisionX  +0.00 Y  +0.00 theta   +0.0 elt    0 [0mimu  -0.4 Dt 1186 LtCy  593 integ.govd   -0.00   -0.07 integ.vbp -0.00 -0.00 omni.gos X     +0.0 ,Y     +0.0. omgD +0.003 omg  +0.00 loop   4702
[0mBatt=23.4 [0m[33mODOM [31mVisionX  +0.00 Y  +0.00 theta   +0.0 elt    0 [0mimu  -0.4 Dt 1202 LtCy  601 integ.govd   -0.00   -0.07 integ.vbp -0.00 -0.00 omni.gos X     +0.0 ,Y     -0.1. omgD -0.009 omg  +0.00 loop   4732
[0mBatt=23.4 [0m[33mODOM [31mVisionX  +0.00 Y  +0.00 theta   +0.0 elt    0 [0mimu  -0.4 Dt 1218 LtCy  609 integ.govd   -0.00   -0.08 integ.vbp -0.00 -0.00 omni.gos X     -0.0 ,Y     -0.2. omgD -0.014 omg  +0.00 loop   4714
[0mBatt=23.4 [0m[33mODOM [31mVisionX  +0.00 Y  +0.00 theta   +0.0 elt    0 [0mimu  -0.4 Dt 1234 LtCy  617 integ.govd   -0.00   -0.08 integ.vbp -0.00 -0.00 omni.gos X     +0.0 ,Y     -0.1. omgD -0.005 omg  +0.00 loop   4695
[0mBatt=23.4 [0m[33mODOM [31mVisionX  +0.00 Y  +0.00 theta   +0.0 elt    0 [0mimu  -0.4 Dt 1250 LtCy  625 integ.govd   -0.00   -0.08 integ.vbp -0.00 -0.00 omni.gos X     +0.0 ,Y     -0.0. omgD -0.001 omg  +0.00 loop   4698
[0mBatt=23.4 [0m[33mODOM [31mVisionX  +0.00 Y  +0.00 theta   +0.0 elt    0 [0mimu  -0.4 Dt 1266 LtCy  633 integ.govd   -0.00   -0.08 integ.vbp -0.00 -0.00 omni.gos X     +0.0 ,Y     +0.0. omgD +0.003 omg  +0.00 loop   4722
[0mBatt=23.4 [0m[33mODOM [31mVisionX  +0.00 Y  +0.00 theta   +0.0 elt    0 [0mimu  -0.4 Dt 1282 LtCy  641 integ.govd   -0.00   -0.08 integ.vbp -0.00 -0.00 omni.gos X     +0.0 ,Y     +0.1. omgD +0.008 omg  +0.00 loop   4687
[0mBatt=23.4 [0m[33mODOM [31mVisionX  +0.00 Y  +0.00 theta   +0.0 elt    0 [0mimu  -0.4 Dt 1298 LtCy  649 integ.govd   -0.00   -0.08 integ.vbp -0.00 -0.00 omni.gos X     +0.0 ,Y     -0.1. omgD -0.005 omg  +0.00 loop   4678
[0mBatt=23.4 [0m[33mODOM [31mVisionX  +0.00 Y  +0.00 theta   +0.0 elt    0 [0mimu  -0.4 Dt 1314 LtCy  657 integ.govd   -0.00   -0.08 integ.vbp -0.00 -0.00 omni.gos X     +0.0 ,Y     -0.1. omgD -0.005 omg  +0.00 loop   4702
[0mBatt=23.4 [0m[33mODOM [31mVisionX  +0.00 Y  +0.00 theta   +0.0 elt    0 [0mimu  -0.4 Dt 1330 LtCy  665 integ.govd   -0.00   -0.08 integ.vbp -0.00 -0.00 omni.gos X     +0.0 ,Y     -0.0. omgD -0.001 omg  +0.00 loop   4680
[0mBatt=23.4 [0m[33mODOM [31mVisionX  +0.00 Y  +0.00 theta   +0.0 elt    0 [0mimu  -0.4 Dt 1346 LtCy  673 integ.govd   -0.00   -0.08 integ.vbp -0.00 -0.00 omni.gos X     +0.0 ,Y     +0.0. omgD +0.003 omg  +0.00 loop   4659
[0mBatt=23.4 [0m[33mODOM [31mVisionX  +0.00 Y  +0.00 theta   +0.0 elt    0 [0mimu  -0.4 Dt 1362 LtCy  681 integ.govd   -0.00   -0.08 integ.vbp -0.00 -0.00 omni.gos X     +0.0 ,Y     -0.1. omgD -0.005 omg  +0.00 loop   4671
[0mBatt=23.4 [0m[33mODOM [31mVisionX  +0.00 Y  +0.00 theta   +0.0 elt    0 [0mimu  -0.4 Dt 1378 LtCy  689 integ.govd   -0.00   -0.08 integ.vbp -0.00 -0.00 omni.gos X     +0.0 ,Y     -0.1. omgD -0.009 omg  +0.00 loop   4686
[0mBatt=23.4 [0m[33mODOM [31mVisionX  +0.00 Y  +0.00 theta   +0.0 elt    0 [0mimu  -0.4 Dt 1394 LtCy  697 integ.govd   -0.00   -0.08 integ.vbp -0.00 -0.00 omni.gos X     +0.0 ,Y     -0.0. omgD -0.001 omg  +0.00 loop   4632
[0mBatt=23.4 [0m[33mODOM [31mVisionX  +0.00 Y  +0.00 theta   +0.0 elt    0 [0mimu  -0.4 Dt 1410 LtCy  705 integ.govd   -0.00   -0.08 integ.vbp -0.00 -0.00 omni.gos X     +0.0 ,Y     -0.0. omgD -0.001 omg  +0.00 loop   4667
[0mBatt=23.4 [0m[33mODOM [31mVisionX  +0.00 Y  +0.00 theta   +0.0 elt    0 [0mimu  -0.4 Dt 1426 LtCy  713 integ.govd   -0.00   -0.08 integ.vbp -0.00 -0.00 omni.gos X     -0.0 ,Y     -0.1. omgD -0.005 omg  +0.00 loop   4668
[0mBatt=23.4 [0m[33mODOM [31mVisionX  +0.00 Y  +0.00 theta   +0.0 elt    0 [0mimu  -0.4 Dt 1442 LtCy  721 integ.govd   -0.00   -0.08 integ.vbp -0.00 -0.00 omni.gos X     +0.0 ,Y     -0.0. omgD -0.001 omg  +0.00 loop   4620
[0mBatt=23.4 [0m[33mODOM [31mVisionX  +0.00 Y  +0.00 theta   +0.0 elt    0 [0mimu  -0.4 Dt 1458 LtCy  729 integ.govd   -0.00   -0.08 integ.vbp -0.00 -0.00 omni.gos X     +0.0 ,Y     -0.1. omgD -0.009 omg  +0.00 loop   4649
[0mBatt=23.4 [0m[33mODOM [31mVisionX  +0.00 Y  +0.00 theta   +0.0 elt    0 [0mimu  -0.4 Dt 1474 LtCy  737 integ.govd   -0.00   -0.09 integ.vbp -0.00 -0.00 omni.gos X     +0.0 ,Y     -0.1. omgD -0.009 omg  +0.00 loop   4639
[0mBatt=23.4 [0m[33mODOM [31mVisionX  +0.00 Y  +0.00 theta   +0.0 elt    0 [0mimu  -0.4 Dt 1490 LtCy  745 integ.govd   -0.00   -0.09 integ.vbp -0.00 -0.00 omni.gos X     +0.0 ,Y     -0.0. omgD -0.001 omg  +0.00 loop   4637
[0mBatt=23.4 [0m[33mODOM [31mVisionX  +0.00 Y  +0.00 theta   +0.0 elt    0 [0mimu  -0.4 Dt 1506 LtCy  753 integ.govd   -0.00   -0.09 integ.vbp -0.00 -0.00 omni.gos X     +0.0 ,Y     -0.0. omgD -0.003 omg  +0.00 loop   4607
[0mBatt=23.4 [0m[33mODOM [31mVisionX  +0.00 Y  +0.00 theta   +0.0 elt    0 [0mimu  -0.4 Dt 1522 LtCy  761 integ.govd   -0.00   -0.09 integ.vbp -0.00 -0.00 omni.gos X     +0.0 ,Y     -0.0. omgD -0.001 omg  +0.00 loop   4634
[0mBatt=23.4 [0m[33mODOM [31mVisionX  +0.00 Y  +0.00 theta   +0.0 elt    0 [0mimu  -0.4 Dt 1538 LtCy  769 integ.govd   -0.00   -0.09 integ.vbp -0.00 -0.00 omni.gos X     +0.0 ,Y     -0.1. omgD -0.009 omg  +0.00 loop   4631
[0mBatt=23.4 [0m[33mODOM [31mVisionX  +0.00 Y  +0.00 theta   +0.0 elt    0 [0mimu  -0.4 Dt 1554 LtCy  777 integ.govd   -0.00   -0.09 integ.vbp -0.00 -0.00 omni.gos X     +0.0 ,Y     -0.0. omgD -0.003 omg  +0.00 loop   4583
[0mBatt=23.4 [0m[33mODOM [31mVisionX  +0.00 Y  +0.00 theta   +0.0 elt    0 [0mimu  -0.4 Dt 1570 LtCy  785 integ.govd   -0.00   -0.09 integ.vbp -0.00 -0.00 omni.gos X     +0.0 ,Y     -0.0. omgD -0.001 omg  +0.00 loop   4626
[0mBatt=23.4 [0m[33mODOM [31mVisionX  +0.00 Y  +0.00 theta   +0.0 elt    0 [0mimu  -0.4 Dt 1586 LtCy  793 integ.govd   -0.00   -0.09 integ.vbp -0.00 -0.00 omni.gos X     +0.0 ,Y     -0.1. omgD -0.007 omg  +0.00 loop   4604
[0mBatt=23.4 [0m[33mODOM [31mVisionX  +0.00 Y  +0.00 theta   +0.0 elt    0 [0mimu  -0.4 Dt 1602 LtCy  801 integ.govd   -0.00   -0.09 integ.vbp -0.00 -0.00 omni.gos X     +0.0 ,Y     -0.0. omgD -0.001 omg  +0.00 loop   4585
[0mBatt=23.4 [0m[33mODOM [31mVisionX  +0.00 Y  +0.00 theta   +0.0 elt    0 [0mimu  -0.4 Dt 1618 LtCy  809 integ.govd   -0.00   -0.09 integ.vbp -0.00 -0.00 omni.gos X     +0.0 ,Y     -0.0. omgD -0.003 omg  +0.00 loop   4592
[0mBatt=23.4 [0m[33mODOM [31mVisionX  +0.00 Y  +0.00 theta   +0.0 elt    0 [0mimu  -0.4 Dt 1634 LtCy  817 integ.govd   -0.00   -0.09 integ.vbp -0.00 -0.00 omni.gos X     +0.0 ,Y     -0.0. omgD -0.001 omg  +0.00 loop   4597
[0mBatt=23.4 [0m[33mODOM [31mVisionX  +0.00 Y  +0.00 theta   +0.0 elt    0 [0mimu  -0.4 Dt 1650 LtCy  825 integ.govd   -0.00   -0.10 integ.vbp -0.00 -0.00 omni.gos X     +0.0 ,Y     -0.1. omgD -0.005 omg  +0.00 loop   4574
[0mBatt=23.4 [0m[33mODOM [31mVisionX  +0.00 Y  +0.00 theta   +0.0 elt    0 [0mimu  -0.4 Dt 1666 LtCy  833 integ.govd   -0.00   -0.10 integ.vbp -0.00 -0.00 omni.gos X     -0.0 ,Y     -0.1. omgD -0.005 omg  +0.00 loop   4569
[0mBatt=23.4 [0m[33mODOM [31mVisionX  +0.00 Y  +0.00 theta   +0.0 elt    0 [0mimu  -0.4 Dt 1682 LtCy  841 integ.govd   -0.00   -0.10 integ.vbp -0.00 -0.00 omni.gos X     +0.0 ,Y     +0.0. omgD +0.001 omg  +0.00 loop   4585
[0mBatt=23.4 [0m[33mODOM [31mVisionX  +0.00 Y  +0.00 theta   +0.0 elt    0 [0mimu  -0.4 Dt 1698 LtCy  849 integ.govd   -0.00   -0.10 integ.vbp -0.00 -0.00 omni.gos X     +0.0 ,Y     -0.0. omgD -0.003 omg  +0.00 loop   4563
[0mBatt=23.4 [0m[33mODOM [31mVisionX  +0.00 Y  +0.00 theta   +0.0 elt    0 [0mimu  -0.4 Dt 1714 LtCy  857 integ.govd   -0.00   -0.10 integ.vbp -0.00 -0.00 omni.gos X     -0.0 ,Y     -0.1. omgD -0.009 omg  +0.00 loop   4546
[0mBatt=23.4 [0m[33mODOM [31mVisionX  +0.00 Y  +0.00 theta   +0.0 elt    0 [0mimu  -0.4 Dt 1730 LtCy  865 integ.govd   -0.00   -0.10 integ.vbp -0.00 -0.00 omni.gos X     +0.0 ,Y     -0.0. omgD -0.003 omg  +0.00 loop   4556
[0mBatt=23.4 [0m[33mODOM [31mVisionX  +0.00 Y  +0.00 theta   +0.0 elt    0 [0mimu  -0.4 Dt 1746 LtCy  873 integ.govd   -0.00   -0.10 integ.vbp -0.00 -0.00 omni.gos X     +0.0 ,Y     -0.1. omgD -0.007 omg  +0.00 loop   4564
[0mBatt=23.4 [0m[33mODOM [31mVisionX  +0.00 Y  +0.00 theta   +0.0 elt    0 [0mimu  -0.4 Dt 1762 LtCy  881 integ.govd   -0.00   -0.10 integ.vbp -0.00 -0.00 omni.gos X     +0.0 ,Y     -0.1. omgD -0.007 omg  +0.00 loop   4517
[0mBatt=23.4 [0m[33mODOM [31mVisionX  +0.00 Y  +0.00 theta   +0.0 elt    0 [0mimu  -0.4 Dt 1778 LtCy  889 integ.govd   -0.00   -0.10 integ.vbp -0.00 -0.00 omni.gos X     +0.0 ,Y     -0.1. omgD -0.005 omg  +0.00 loop   4551
[0mBatt=23.4 [0m[33mODOM [31mVisionX  +0.00 Y  +0.00 theta   +0.0 elt    0 [0mimu  -0.4 Dt 1794 LtCy  897 integ.govd   -0.00   -0.10 integ.vbp -0.00 -0.00 omni.gos X     +0.0 ,Y     -0.0. omgD -0.003 omg  +0.00 loop   4557
[0mBatt=23.4 [0m[33mODOM [31mVisionX  +0.00 Y  +0.00 theta   +0.0 elt    0 [0mimu  -0.4 Dt 1810 LtCy  905 integ.govd   -0.00   -0.10 integ.vbp -0.00 -0.00 omni.gos X     +0.0 ,Y     -0.0. omgD -0.003 omg  +0.00 loop   4514
[0mBatt=23.4 [0m[33mODOM [31mVisionX  +0.00 Y  +0.00 theta   +0.0 elt    0 [0mimu  -0.4 Dt 1826 LtCy  913 integ.govd   -0.00   -0.11 integ.vbp -0.00 -0.00 omni.gos X     +0.0 ,Y     -0.0. omgD -0.003 omg  +0.00 loop   4534
[0mBatt=23.4 [0m[33mODOM [31mVisionX  +0.00 Y  +0.00 theta   +0.0 elt    0 [0mimu  -0.4 Dt 1842 LtCy  921 integ.govd   -0.00   -0.11 integ.vbp -0.00 -0.00 omni.gos X     +0.0 ,Y     -0.0. omgD -0.001 omg  +0.00 loop   4525
[0mBatt=23.4 [0m[33mODOM [31mVisionX  +0.00 Y  +0.00 theta   +0.0 elt    0 [0mimu  -0.4 Dt 1858 LtCy  929 integ.govd   -0.00   -0.11 integ.vbp -0.00 -0.00 omni.gos X     +0.0 ,Y     -0.0. omgD -0.001 omg  +0.00 loop   4522
[0mBatt=23.4 [0m[33mODOM [31mVisionX  +0.00 Y  +0.00 theta   +0.0 elt    0 [0mimu  -0.4 Dt 1874 LtCy  937 integ.govd   -0.00   -0.11 integ.vbp -0.00 -0.00 omni.gos X     +0.0 ,Y     -0.1. omgD -0.005 omg  +0.00 loop   4500
[0mBatt=23.4 [0m[33mODOM [31mVisionX  +0.00 Y  +0.00 theta   +0.0 elt    0 [0mimu  -0.4 Dt 1890 LtCy  945 integ.govd   -0.00   -0.11 integ.vbp -0.00 -0.00 omni.gos X     +0.0 ,Y     -0.1. omgD -0.005 omg  +0.00 loop   4518
[0mBatt=23.4 [0m[33mODOM [31mVisionX  +0.00 Y  +0.00 theta   +0.0 elt    0 [0mimu  -0.4 Dt 1906 LtCy  953 integ.govd   -0.00   -0.11 integ.vbp -0.00 -0.00 omni.gos X     -0.0 ,Y     -0.1. omgD -0.009 omg  +0.00 loop   4511
[0mBatt=23.4 [0m[33mODOM [31mVisionX  +0.00 Y  +0.00 theta   +0.0 elt    0 [0mimu  -0.4 Dt 1922 LtCy  961 integ.govd   -0.00   -0.11 integ.vbp -0.00 -0.00 omni.gos X     +0.0 ,Y     -0.0. omgD -0.001 omg  +0.00 loop   4464
[0mBatt=23.4 [0m[33mODOM [31mVisionX  +0.00 Y  +0.00 theta   +0.0 elt    0 [0mimu  -0.4 Dt 1938 LtCy  969 integ.govd   -0.00   -0.11 integ.vbp -0.00 -0.00 omni.gos X     +0.0 ,Y     -0.1. omgD -0.005 omg  +0.00 loop   4507
[0mBatt=23.4 [0m[33mODOM [31mVisionX  +0.00 Y  +0.00 theta   +0.0 elt    0 [0mimu  -0.4 Dt 1946 LtCy  973 integ.govd   -0.00   -0.11 integ.vbp -0.00 -0.00 omni.gos X     +0.0 ,Y     -0.0. omgD -0.001 omg  +0.00 loop   2148
[0mBatt=23.4 [0m[33mODOM [31mVisionX  +0.00 Y  +0.00 theta   +0.0 elt    0 [0mimu  -0.4 Dt 1962 LtCy  981 integ.govd   -0.00   -0.11 integ.vbp -0.00 -0.00 omni.gos X     +0.0 ,Y     +0.0. omgD +0.003 omg  +0.00 loop   4475
[0mBatt=23.4 [0m[33mODOM [31mVisionX  +0.00 Y  +0.00 theta   +0.0 elt    0 [0mimu  -0.4 Dt 1978 LtCy  989 integ.govd   -0.00   -0.11 integ.vbp -0.00 -0.00 omni.gos X     +0.0 ,Y     -0.1. omgD -0.005 omg  +0.00 loop   4475
[0mBatt=23.4 [0m[33mODOM [31mVisionX  +0.00 Y  +0.00 theta   +0.0 elt    0 [0mimu  -0.4 Dt 1994 LtCy  997 integ.govd   -0.00   -0.11 integ.vbp -0.00 -0.00 omni.gos X     +0.0 ,Y     -0.0. omgD -0.001 omg  +0.00 loop   4475
[0mBatt=23.4 [0m[33mODOM [31mVisionX  +0.00 Y  +0.00 theta   +0.0 elt    0 [0mimu  -0.4 Dt 2010 LtCy 1005 integ.govd   +0.00   +0.00 integ.vbp +0.00 +0.00 omni.gos X     +0.0 ,Y     -0.0. omgD -0.001 omg  +0.00 loop   4794
[0mBatt=23.4 [0m[33mODOM [31mVisionX  +0.00 Y  +0.00 theta   +0.0 elt    0 [0mimu  -0.4 Dt 2026 LtCy 1013 integ.govd   +0.00   +0.00 integ.vbp +0.00 +0.00 omni.gos X     +0.0 ,Y     -0.0. omgD -0.001 omg  +0.00 loop   5094
[0mBatt=23.4 [0m[33mODOM [31mVisionX  +0.00 Y  +0.00 theta   +0.0 elt    0 [0mimu  -0.4 Dt 2042 LtCy 1021 integ.govd   +0.00   +0.00 integ.vbp +0.00 +0.00 omni.gos X     +0.0 ,Y     -0.1. omgD -0.005 omg  +0.00 loop   5139
[0mBatt=23.4 [0m[33mODOM [31mVisionX  +0.00 Y  +0.00 theta   +0.0 elt    0 [0mimu  -0.4 Dt 2058 LtCy 1029 integ.govd   +0.00   +0.00 integ.vbp +0.00 +0.00 omni.gos X     +0.0 ,Y     -0.0. omgD -0.001 omg  +0.00 loop   5137
[0mBatt=23.4 [0m[33mODOM [31mVisionX  +0.00 Y  +0.00 theta   +0.0 elt    0 [0mimu  -0.4 Dt 2074 LtCy 1037 integ.govd   +0.00   +0.00 integ.vbp +0.00 +0.00 omni.gos X     +0.0 ,Y     -0.0. omgD -0.001 omg  +0.00 loop   5104
[0mBatt=23.4 [0m[33mODOM [31mVisionX  +0.00 Y  +0.00 theta   +0.0 elt    0 [0mimu  -0.4 Dt 2090 LtCy 1045 integ.govd   +0.00   +0.00 integ.vbp +0.00 +0.00 omni.gos X     +0.0 ,Y     -0.1. omgD -0.005 omg  +0.00 loop   5132
[0mBatt=23.4 [0m[33mODOM [31mVisionX  +0.00 Y  +0.00 theta   +0.0 elt    0 [0mimu  -0.4 Dt 2106 LtCy 1053 integ.govd   +0.00   +0.00 integ.vbp +0.00 +0.00 omni.gos X     +0.0 ,Y     -0.1. omgD -0.005 omg  +0.00 loop   5126
[0mBatt=23.4 [0m[33mODOM [31mVisionX  +0.00 Y  +0.00 theta   +0.0 elt    0 [0mimu  -0.4 Dt 2122 LtCy 1061 integ.govd   +0.00   +0.00 integ.vbp +0.00 +0.00 omni.gos X     +0.0 ,Y     -0.1. omgD -0.005 omg  +0.00 loop   5119
[0mBatt=23.4 [0m[33mODOM [31mVisionX  +0.00 Y  +0.00 theta   +0.0 elt    0 [0mimu  -0.4 Dt 2138 LtCy 1069 integ.govd   +0.00   +0.00 integ.vbp +0.00 +0.00 omni.gos X     +0.0 ,Y     -0.2. omgD -0.014 omg  +0.00 loop   5110
[0mBatt=23.4 [0m[33mODOM [31mVisionX  +0.00 Y  +0.00 theta   +0.0 elt    0 [0mimu  -0.4 Dt 2154 LtCy 1077 integ.govd   +0.00   +0.00 integ.vbp +0.00 +0.00 omni.gos X     +0.0 ,Y     -0.1. omgD -0.005 omg  +0.00 loop   5136
[0mBatt=23.4 [0m[33mODOM [31mVisionX  +0.00 Y  +0.00 theta   +0.0 elt    0 [0mimu  -0.4 Dt 2170 LtCy 1085 integ.govd   +0.00   +0.00 integ.vbp +0.00 +0.00 omni.gos X     +0.0 ,Y     -0.1. omgD -0.009 omg  +0.00 loop   5121
[0mBatt=23.4 [0m[33mODOM [31mVisionX  +0.00 Y  +0.00 theta   +0.0 elt    0 [0mimu  -0.4 Dt 2186 LtCy 1093 integ.govd   +0.00   +0.00 integ.vbp +0.00 +0.00 omni.gos X     +0.0 ,Y     -0.1. omgD -0.009 omg  +0.00 loop   5108
[0mBatt=23.4 [0m[33mODOM [31mVisionX  +0.00 Y  +0.00 theta   +0.0 elt    0 [0mimu  -0.4 Dt 2202 LtCy 1101 integ.govd   +0.00   +0.00 integ.vbp +0.00 +0.00 omni.gos X     +0.0 ,Y     -0.1. omgD -0.009 omg  +0.00 loop   5134
[0mBatt=23.4 [0m[33mODOM [31mVisionX  +0.00 Y  +0.00 theta   +0.0 elt    0 [0mimu  -0.4 Dt 2218 LtCy 1109 integ.govd   +0.00   +0.00 integ.vbp +0.00 +0.00 omni.gos X     +0.0 ,Y     -0.1. omgD -0.009 omg  +0.00 loop   5128
[0mBatt=23.4 [0m[33mODOM [31mVisionX  +0.00 Y  +0.00 theta   +0.0 elt    0 [0mimu  -0.4 Dt 2234 LtCy 1117 integ.govd   +0.00   +0.00 integ.vbp +0.00 +0.00 omni.gos X     +0.0 ,Y     -0.0. omgD -0.001 omg  +0.00 loop   5103
[0mBatt=23.4 [0m[33mODOM [31mVisionX  +0.00 Y  +0.00 theta   +0.0 elt    0 [0mimu  -0.4 Dt 2250 LtCy 1125 integ.govd   +0.00   +0.00 integ.vbp +0.00 +0.00 omni.gos X     +0.0 ,Y     -0.0. omgD -0.001 omg  +0.00 loop   5133
[0mBatt=23.4 [0m[33mODOM [31mVisionX  +0.00 Y  +0.00 theta   +0.0 elt    0 [0mimu  -0.4 Dt 2266 LtCy 1133 integ.govd   +0.00   +0.00 integ.vbp +0.00 +0.00 omni.gos X     +0.0 ,Y     +0.0. omgD +0.003 omg  +0.00 loop   5140
[0mBatt=23.4 [0m[33mODOM [31mVisionX  +0.00 Y  +0.00 theta   +0.0 elt    0 [0mimu  -0.4 Dt 2282 LtCy 1141 integ.govd   +0.00   +0.00 integ.vbp +0.00 +0.00 omni.gos X     +0.0 ,Y     -0.2. omgD -0.014 omg  +0.00 loop   5099
[0mBatt=23.4 [0m[33mODOM [31mVisionX  +0.00 Y  +0.00 theta   +0.0 elt    0 [0mimu  -0.4 Dt 2298 LtCy 1149 integ.govd   +0.00   +0.00 integ.vbp +0.00 +0.00 omni.gos X     +0.0 ,Y     -0.1. omgD -0.009 omg  +0.00 loop   5130
[0mBatt=23.4 [0m[33mODOM [31mVisionX  +0.00 Y  +0.00 theta   +0.0 elt    0 [0mimu  -0.4 Dt 2314 LtCy 1157 integ.govd   +0.00   +0.00 integ.vbp +0.00 +0.00 omni.gos X     +0.0 ,Y     -0.0. omgD -0.001 omg  +0.00 loop   5133
[0mBatt=23.4 [0m[33mODOM [31mVisionX  +0.00 Y  +0.00 theta   +0.0 elt    0 [0mimu  -0.4 Dt 2330 LtCy 1165 integ.govd   +0.00   +0.00 integ.vbp +0.00 +0.00 omni.gos X     +0.0 ,Y     -0.1. omgD -0.009 omg  +0.00 loop   5120
[0mBatt=23.4 [0m[33mODOM [31mVisionX  +0.00 Y  +0.00 theta   +0.0 elt    0 [0mimu  -0.4 Dt 2346 LtCy 1173 integ.govd   +0.00   +0.00 integ.vbp +0.00 +0.00 omni.gos X     +0.0 ,Y     -0.0. omgD -0.001 omg  +0.00 loop   5125
[0mBatt=23.4 [0m[33mODOM [31mVisionX  +0.00 Y  +0.00 theta   +0.0 elt    0 [0mimu  -0.4 Dt 2362 LtCy 1181 integ.govd   +0.00   +0.00 integ.vbp +0.00 +0.00 omni.gos X     +0.0 ,Y     -0.0. omgD -0.001 omg  +0.00 loop   5124
[0mBatt=23.4 [0m[33mODOM [31mVisionX  +0.00 Y  +0.00 theta   +0.0 elt    0 [0mimu  -0.4 Dt 2378 LtCy 1189 integ.govd   +0.00   +0.00 integ.vbp +0.00 +0.00 omni.gos X     +0.0 ,Y     -0.1. omgD -0.005 omg  +0.00 loop   5138
[0mBatt=23.4 [0m[33mODOM [31mVisionX  +0.00 Y  +0.00 theta   +0.0 elt    0 [0mimu  -0.4 Dt 2394 LtCy 1197 integ.govd   +0.00   +0.00 integ.vbp +0.00 +0.00 omni.gos X     +0.0 ,Y     +0.0. omgD +0.003 omg  +0.00 loop   5098
[0mBatt=23.4 [0m[33mODOM [31mVisionX  +0.00 Y  +0.00 theta   +0.0 elt    0 [0mimu  -0.4 Dt 2410 LtCy 1205 integ.govd   +0.00   +0.00 integ.vbp +0.00 +0.00 omni.gos X     +0.0 ,Y     -0.1. omgD -0.005 omg  +0.00 loop   5138
[0mBatt=23.4 [0m[33mODOM [31mVisionX  +0.00 Y  +0.00 theta   +0.0 elt    0 [0mimu  -0.4 Dt 2426 LtCy 1213 integ.govd   +0.00   +0.00 integ.vbp +0.00 +0.00 omni.gos X     +0.0 ,Y     -0.0. omgD -0.001 omg  +0.00 loop   5142
[0mBatt=23.4 [0m[33mODOM [31mVisionX  +0.00 Y  +0.00 theta   +0.0 elt    0 [0mimu  -0.4 Dt 2442 LtCy 1221 integ.govd   +0.00   +0.00 integ.vbp +0.00 +0.00 omni.gos X     +0.0 ,Y     -0.0. omgD -0.001 omg  +0.00 loop   5098
[0mBatt=23.4 [0m[33mODOM [31mVisionX  +0.00 Y  +0.00 theta   +0.0 elt    0 [0mimu  -0.4 Dt 2458 LtCy 1229 integ.govd   +0.00   +0.00 integ.vbp +0.00 +0.00 omni.gos X     +0.0 ,Y     +0.1. omgD +0.008 omg  +0.00 loop   5135
[0mBatt=23.4 [0m[33mODOM [31mVisionX  +0.00 Y  +0.00 theta   +0.0 elt    0 [0mimu  -0.4 Dt 2474 LtCy 1237 integ.govd   +0.00   +0.00 integ.vbp +0.00 +0.00 omni.gos X     +0.0 ,Y     -0.0. omgD -0.001 omg  +0.00 loop   5126
[0mBatt=23.4 [0m[33mODOM [31mVisionX  +0.00 Y  +0.00 theta   +0.0 elt    0 [0mimu  -0.4 Dt 2490 LtCy 1245 integ.govd   +0.00   +0.00 integ.vbp +0.00 +0.00 omni.gos X     +0.0 ,Y     -0.1. omgD -0.005 omg  +0.00 loop   5121
[0mBatt=23.4 [0m[33mODOM [31mVisionX  +0.00 Y  +0.00 theta   +0.0 elt    0 [0mimu  -0.4 Dt 2506 LtCy 1253 integ.govd   +0.00   +0.00 integ.vbp +0.00 +0.00 omni.gos X     +0.0 ,Y     -0.1. omgD -0.009 omg  +0.00 loop   5110
[0mBatt=23.4 [0m[33mODOM [31mVisionX  +0.00 Y  +0.00 theta   +0.0 elt    0 [0mimu  -0.4 Dt 2522 LtCy 1261 integ.govd   +0.00   +0.00 integ.vbp +0.00 +0.00 omni.gos X     +0.0 ,Y     -0.0. omgD -0.001 omg  +0.00 loop   5139
[0mBatt=23.4 [0m[33mODOM [31mVisionX  +0.00 Y  +0.00 theta   +0.0 elt    0 [0mimu  -0.4 Dt 2538 LtCy 1269 integ.govd   +0.00   +0.00 integ.vbp +0.00 +0.00 omni.gos X     +0.0 ,Y     -0.0. omgD -0.001 omg  +0.00 loop   5126
[0mBatt=23.4 [0m[33mODOM [31mVisionX  +0.00 Y  +0.00 theta   +0.0 elt    0 [0mimu  -0.4 Dt 2554 LtCy 1277 integ.govd   +0.00   +0.00 integ.vbp +0.00 +0.00 omni.gos X     +0.0 ,Y     -0.0. omgD -0.001 omg  +0.00 loop   5110
[0mBatt=23.4 [0m[33mODOM [31mVisionX  +0.00 Y  +0.00 theta   +0.0 elt    0 [0mimu  -0.4 Dt 2570 LtCy 1285 integ.govd   +0.00   +0.00 integ.vbp +0.00 +0.00 omni.gos X     +0.0 ,Y     -0.0. omgD -0.001 omg  +0.00 loop   5140
[0mBatt=23.4 [0m[33mODOM [31mVisionX  +0.00 Y  +0.00 theta   +0.0 elt    0 [0mimu  -0.4 Dt 2586 LtCy 1293 integ.govd   +0.00   +0.00 integ.vbp +0.00 +0.00 omni.gos X     +0.0 ,Y     -0.1. omgD -0.005 omg  +0.00 loop   5132
[0mBatt=23.4 [0m[33mODOM [31mVisionX  +0.00 Y  +0.00 theta   +0.0 elt    0 [0mimu  -0.4 Dt 2602 LtCy 1301 integ.govd   +0.00   +0.00 integ.vbp +0.00 +0.00 omni.gos X     +0.0 ,Y     -0.1. omgD -0.005 omg  +0.00 loop   5107
[0mBatt=23.4 [0m[33mODOM [31mVisionX  +0.00 Y  +0.00 theta   +0.0 elt    0 [0mimu  -0.4 Dt 2618 LtCy 1309 integ.govd   +0.00   +0.00 integ.vbp +0.00 +0.00 omni.gos X     +0.0 ,Y     -0.2. omgD -0.014 omg  +0.00 loop   5134
[0mBatt=23.4 [0m[33mODOM [31mVisionX  +0.00 Y  +0.00 theta   +0.0 elt    0 [0mimu  -0.4 Dt 2634 LtCy 1317 integ.govd   +0.00   +0.00 integ.vbp +0.00 +0.00 omni.gos X     +0.0 ,Y     -0.1. omgD -0.009 omg  +0.00 loop   5134
[0mBatt=23.4 [0m[33mODOM [31mVisionX  +0.00 Y  +0.00 theta   +0.0 elt    0 [0mimu  -0.4 Dt 2650 LtCy 1325 integ.govd   +0.00   +0.00 integ.vbp +0.00 +0.00 omni.gos X     +0.0 ,Y     -0.1. omgD -0.005 omg  +0.00 loop   5105
[0mBatt=23.4 [0m[33mODOM [31mVisionX  +0.00 Y  +0.00 theta   +0.0 elt    0 [0mimu  -0.4 Dt 2666 LtCy 1333 integ.govd   +0.00   +0.00 integ.vbp +0.00 +0.00 omni.gos X     +0.0 ,Y     +0.1. omgD +0.008 omg  +0.00 loop   5129
[0mBatt=23.4 [0m[33mODOM [31mVisionX  +0.00 Y  +0.00 theta   +0.0 elt    0 [0mimu  -0.4 Dt 2682 LtCy 1341 integ.govd   +0.00   +0.00 integ.vbp +0.00 +0.00 omni.gos X     +0.0 ,Y     -0.0. omgD -0.001 omg  +0.00 loop   5136
[0mBatt=23.4 [0m[33mODOM [31mVisionX  +0.00 Y  +0.00 theta   +0.0 elt    0 [0mimu  -0.4 Dt 2698 LtCy 1349 integ.govd   +0.00   +0.00 integ.vbp +0.00 +0.00 omni.gos X     +0.0 ,Y     +0.0. omgD +0.003 omg  +0.00 loop   5118
[0mBatt=23.4 [0m[33mODOM [31mVisionX  +0.00 Y  +0.00 theta   +0.0 elt    0 [0mimu  -0.4 Dt 2714 LtCy 1357 integ.govd   +0.00   +0.00 integ.vbp +0.00 +0.00 omni.gos X     +0.0 ,Y     -0.1. omgD -0.009 omg  +0.00 loop   5118
[0mBatt=23.3 [0m[33mODOM [31mVisionX  +0.00 Y  +0.00 theta   +0.0 elt    0 [0mimu  -0.4 Dt 2730 LtCy 1365 integ.govd   +0.00   +0.00 integ.vbp +0.00 +0.00 omni.gos X     +0.0 ,Y     -0.1. omgD -0.009 omg  +0.00 loop   5133
[0mBatt=23.3 [0m[33mODOM [31mVisionX  +0.00 Y  +0.00 theta   +0.0 elt    0 [0mimu  -0.4 Dt 2746 LtCy 1373 integ.govd   +0.00   +0.00 integ.vbp +0.00 +0.00 omni.gos X     +0.0 ,Y     +0.0. omgD +0.003 omg  +0.00 loop   5130
[0mBatt=23.4 [0m[33mODOM [31mVisionX  +0.00 Y  +0.00 theta   +0.0 elt    0 [0mimu  -0.4 Dt 2762 LtCy 1381 integ.govd   +0.00   +0.00 integ.vbp +0.00 +0.00 omni.gos X     +0.0 ,Y     -0.1. omgD -0.005 omg  +0.00 loop   5099
[0mBatt=23.4 [0m[33mODOM [31mVisionX  +0.00 Y  +0.00 theta   +0.0 elt    0 [0mimu  -0.4 Dt 2778 LtCy 1389 integ.govd   +0.00   +0.00 integ.vbp +0.00 +0.00 omni.gos X     +0.0 ,Y     -0.1. omgD -0.009 omg  +0.00 loop   5141
[0mBatt=23.4 [0m[33mODOM [31mVisionX  +0.00 Y  +0.00 theta   +0.0 elt    0 [0mimu  -0.4 Dt 2794 LtCy 1397 integ.govd   +0.00   +0.00 integ.vbp +0.00 +0.00 omni.gos X     +0.0 ,Y     -0.2. omgD -0.014 omg  +0.00 loop   5138
[0mBatt=23.4 [0m[33mODOM [31mVisionX  +0.00 Y  +0.00 theta   +0.0 elt    0 [0mimu  -0.4 Dt 2810 LtCy 1405 integ.govd   +0.00   +0.00 integ.vbp +0.00 +0.00 omni.gos X     +0.0 ,Y     -0.1. omgD -0.005 omg  +0.00 loop   5105
[0mBatt=23.4 [0m[33mODOM [31mVisionX  +0.00 Y  +0.00 theta   +0.0 elt    0 [0mimu  -0.4 Dt 2826 LtCy 1413 integ.govd   +0.00   +0.00 integ.vbp +0.00 +0.00 omni.gos X     +0.0 ,Y     +0.0. omgD +0.003 omg  +0.00 loop   5134
[0mBatt=23.4 [0m[33mODOM [31mVisionX  +0.00 Y  +0.00 theta   +0.0 elt    0 [0mimu  -0.4 Dt 2842 LtCy 1421 integ.govd   +0.00   +0.00 integ.vbp +0.00 +0.00 omni.gos X     +0.0 ,Y     +0.0. omgD +0.003 omg  +0.00 loop   5133
[0mBatt=23.4 [0m[33mODOM [31mVisionX  +0.00 Y  +0.00 theta   +0.0 elt    0 [0mimu  -0.4 Dt 2858 LtCy 1429 integ.govd   +0.00   +0.00 integ.vbp +0.00 +0.00 omni.gos X     +0.0 ,Y     -0.1. omgD -0.005 omg  +0.00 loop   5111
[0mBatt=23.4 [0m[33mODOM [31mVisionX  +0.00 Y  +0.00 theta   +0.0 elt    0 [0mimu  -0.4 Dt 2874 LtCy 1437 integ.govd   +0.00   +0.00 integ.vbp +0.00 +0.00 omni.gos X     +0.0 ,Y     -0.1. omgD -0.005 omg  +0.00 loop   5128
[0mBatt=23.4 [0m[33mODOM [31mVisionX  +0.00 Y  +0.00 theta   +0.0 elt    0 [0mimu  -0.4 Dt 2890 LtCy 1445 integ.govd   +0.00   +0.00 integ.vbp +0.00 +0.00 omni.gos X     +0.0 ,Y     -0.1. omgD -0.009 omg  +0.00 loop   5135
[0mBatt=23.4 [0m[33mODOM [31mVisionX  +0.00 Y  +0.00 theta   +0.0 elt    0 [0mimu  -0.4 Dt 2906 LtCy 1453 integ.govd   +0.00   +0.00 integ.vbp +0.00 +0.00 omni.gos X     +0.0 ,Y     -0.0. omgD -0.001 omg  +0.00 loop   5118
[0mBatt=23.4 [0m[33mODOM [31mVisionX  +0.00 Y  +0.00 theta   +0.0 elt    0 [0mimu  -0.4 Dt 2922 LtCy 1461 integ.govd   +0.00   +0.00 integ.vbp +0.00 +0.00 omni.gos X     -0.0 ,Y     -0.1. omgD -0.005 omg  +0.00 loop   5114
[0mBatt=23.4 [0m[33mODOM [31mVisionX  +0.00 Y  +0.00 theta   +0.0 elt    0 [0mimu  -0.4 Dt 2938 LtCy 1469 integ.govd   +0.00   +0.00 integ.vbp +0.00 +0.00 omni.gos X     +0.0 ,Y     +0.1. omgD +0.008 omg  +0.00 loop   5129
[0mBatt=23.4 [0m[33mODOM [31mVisionX  +0.00 Y  +0.00 theta   +0.0 elt    0 [0mimu  -0.4 Dt 2946 LtCy 1473 integ.govd   +0.00   +0.00 integ.vbp +0.00 +0.00 omni.gos X     +0.0 ,Y     +0.0. omgD +0.003 omg  +0.00 loop   2473
[0mBatt=23.4 [0m[33mODOM [31mVisionX  +0.00 Y  +0.00 theta   +0.0 elt    0 [0mimu  -0.4 Dt 2962 LtCy 1481 integ.govd   +0.00   +0.00 integ.vbp +0.00 +0.00 omni.gos X     +0.0 ,Y     -0.0. omgD -0.001 omg  +0.00 loop   5116
[0mBatt=23.4 [0m[33mODOM [31mVisionX  +0.00 Y  +0.00 theta   +0.0 elt    0 [0mimu  -0.4 Dt 2978 LtCy 1489 integ.govd   +0.00   +0.00 integ.vbp +0.00 +0.00 omni.gos X     +0.0 ,Y     -0.1. omgD -0.005 omg  +0.00 loop   5127
[0mBatt=23.4 [0m[33mODOM [31mVisionX  +0.00 Y  +0.00 theta   +0.0 elt    0 [0mimu  -0.4 Dt 2994 LtCy 1497 integ.govd   +0.00   +0.00 integ.vbp +0.00 +0.00 omni.gos X     +0.0 ,Y     -0.0. omgD -0.001 omg  +0.00 loop   5126
[0mBatt=23.4 [0m[33mODOM [31mVisionX  +0.00 Y  +0.00 theta   +0.0 elt    0 [0mimu  -0.4 Dt 3010 LtCy 1505 integ.govd   +0.00   +0.00 integ.vbp +0.00 +0.00 omni.gos X     +0.0 ,Y     -0.1. omgD -0.005 omg  +0.00 loop   5132
[0mBatt=23.4 [0m[33mODOM [31mVisionX  +0.00 Y  +0.00 theta   +0.0 elt    0 [0mimu  -0.4 Dt 3026 LtCy 1513 integ.govd   +0.00   +0.00 integ.vbp +0.00 +0.00 omni.gos X     +0.0 ,Y     -0.0. omgD -0.001 omg  +0.00 loop   5104
[0mBatt=23.4 [0m[33mODOM [31mVisionX  +0.00 Y  +0.00 theta   +0.0 elt    0 [0mimu  -0.4 Dt 3042 LtCy 1521 integ.govd   +0.00   +0.00 integ.vbp +0.00 +0.00 omni.gos X     +0.0 ,Y     -0.1. omgD -0.005 omg  +0.00 loop   5139
[0mBatt=23.4 [0m[33mODOM [31mVisionX  +0.00 Y  +0.00 theta   +0.0 elt    0 [0mimu  -0.4 Dt 3058 LtCy 1529 integ.govd   +0.00   +0.00 integ.vbp +0.00 +0.00 omni.gos X     +0.0 ,Y     -0.1. omgD -0.005 omg  +0.00 loop   5141
[0mBatt=23.4 [0m[33mODOM [31mVisionX  +0.00 Y  +0.00 theta   +0.0 elt    0 [0mimu  -0.4 Dt 3074 LtCy 1537 integ.govd   +0.00   +0.00 integ.vbp +0.00 +0.00 omni.gos X     +0.0 ,Y     -0.0. omgD -0.003 omg  +0.00 loop   5101
[0mBatt=23.4 [0m[33mODOM [31mVisionX  +0.00 Y  +0.00 theta   +0.0 elt    0 [0mimu  -0.4 Dt 3090 LtCy 1545 integ.govd   +0.00   +0.00 integ.vbp +0.00 +0.00 omni.gos X     +0.0 ,Y     -0.0. omgD -0.003 omg  +0.00 loop   5146
[0mBatt=23.4 [0m[33mODOM [31mVisionX  +0.00 Y  +0.00 theta   +0.0 elt    0 [0mimu  -0.4 Dt 3106 LtCy 1553 integ.govd   +0.00   +0.00 integ.vbp +0.00 +0.00 omni.gos X     +0.0 ,Y     -0.0. omgD -0.003 omg  +0.00 loop   5129
[0mBatt=23.4 [0m[33mODOM [31mVisionX  +0.00 Y  +0.00 theta   +0.0 elt    0 [0mimu  -0.4 Dt 3122 LtCy 1561 integ.govd   +0.00   +0.00 integ.vbp +0.00 +0.00 omni.gos X     -0.0 ,Y     -0.1. omgD -0.005 omg  +0.00 loop   5118
[0mBatt=23.4 [0m[33mODOM [31mVisionX  +0.00 Y  +0.00 theta   +0.0 elt    0 [0mimu  -0.4 Dt 3138 LtCy 1569 integ.govd   +0.00   +0.00 integ.vbp +0.00 +0.00 omni.gos X     +0.0 ,Y     -0.0. omgD -0.001 omg  +0.00 loop   5119
[0mBatt=23.4 [0m[33mODOM [31mVisionX  +0.00 Y  +0.00 theta   +0.0 elt    0 [0mimu  -0.4 Dt 3154 LtCy 1577 integ.govd   +0.00   +0.00 integ.vbp +0.00 +0.00 omni.gos X     +0.0 ,Y     -0.0. omgD -0.003 omg  +0.00 loop   5133
[0mBatt=23.4 [0m[33mODOM [31mVisionX  +0.00 Y  +0.00 theta   +0.0 elt    0 [0mimu  -0.4 Dt 3170 LtCy 1585 integ.govd   +0.00   +0.00 integ.vbp +0.00 +0.00 omni.gos X     +0.0 ,Y     -0.0. omgD -0.003 omg  +0.00 loop   5127
[0mBatt=23.4 [0m[33mODOM [31mVisionX  +0.00 Y  +0.00 theta   +0.0 elt    0 [0mimu  -0.4 Dt 3186 LtCy 1593 integ.govd   +0.00   +0.00 integ.vbp +0.00 +0.00 omni.gos X     +0.0 ,Y     -0.1. omgD -0.005 omg  +0.00 loop   5125
[0mBatt=23.4 [0m[33mODOM [31mVisionX  +0.00 Y  +0.00 theta   +0.0 elt    0 [0mimu  -0.4 Dt 3202 LtCy 1601 integ.govd   +0.00   +0.00 integ.vbp +0.00 +0.00 omni.gos X     +0.0 ,Y     -0.1. omgD -0.009 omg  +0.00 loop   5149
[0mBatt=23.4 [0m[33mODOM [31mVisionX  +0.00 Y  +0.00 theta   +0.0 elt    0 [0mimu  -0.4 Dt 3218 LtCy 1609 integ.govd   +0.00   +0.00 integ.vbp +0.00 +0.00 omni.gos X     +0.0 ,Y     -0.0. omgD -0.001 omg  +0.00 loop   5132
[0mBatt=23.4 [0m[33mODOM [31mVisionX  +0.00 Y  +0.00 theta   +0.0 elt    0 [0mimu  -0.4 Dt 3234 LtCy 1617 integ.govd   +0.00   +0.00 integ.vbp +0.00 +0.00 omni.gos X     +0.0 ,Y     -0.1. omgD -0.007 omg  +0.00 loop   5128
[0mBatt=23.4 [0m[33mODOM [31mVisionX  +0.00 Y  +0.00 theta   +0.0 elt    0 [0mimu  -0.4 Dt 3250 LtCy 1625 integ.govd   +0.00   +0.00 integ.vbp +0.00 +0.00 omni.gos X     +0.0 ,Y     -0.0. omgD -0.003 omg  +0.00 loop   5136
[0mBatt=23.4 [0m[33mODOM [31mVisionX  +0.00 Y  +0.00 theta   +0.0 elt    0 [0mimu  -0.4 Dt 3266 LtCy 1633 integ.govd   +0.00   +0.00 integ.vbp +0.00 +0.00 omni.gos X     +0.0 ,Y     -0.0. omgD -0.003 omg  +0.00 loop   5144
[0mBatt=23.4 [0m[33mODOM [31mVisionX  +0.00 Y  +0.00 theta   +0.0 elt    0 [0mimu  -0.4 Dt 3282 LtCy 1641 integ.govd   +0.00   +0.00 integ.vbp +0.00 +0.00 omni.gos X     +0.0 ,Y     -0.1. omgD -0.005 omg  +0.00 loop   5111
[0mBatt=23.4 [0m[33mODOM [31mVisionX  +0.00 Y  +0.00 theta   +0.0 elt    0 [0mimu  -0.4 Dt 3298 LtCy 1649 integ.govd   +0.00   +0.00 integ.vbp +0.00 +0.00 omni.gos X     +0.0 ,Y     -0.1. omgD -0.007 omg  +0.00 loop   5140
[0mBatt=23.4 [0m[33mODOM [31mVisionX  +0.00 Y  +0.00 theta   +0.0 elt    0 [0mimu  -0.4 Dt 3314 LtCy 1657 integ.govd   +0.00   +0.00 integ.vbp +0.00 +0.00 omni.gos X     +0.0 ,Y     -0.0. omgD -0.003 omg  +0.00 loop   5153
[0mBatt=23.4 [0m[33mODOM [31mVisionX  +0.00 Y  +0.00 theta   +0.0 elt    0 [0mimu  -0.4 Dt 3330 LtCy 1665 integ.govd   +0.00   +0.00 integ.vbp +0.00 +0.00 omni.gos X     +0.0 ,Y     -0.1. omgD -0.009 omg  +0.00 loop   5115
[0mBatt=23.4 [0m[33mODOM [31mVisionX  +0.00 Y  +0.00 theta   +0.0 elt    0 [0mimu  -0.4 Dt 3346 LtCy 1673 integ.govd   +0.00   +0.00 integ.vbp +0.00 +0.00 omni.gos X     +0.0 ,Y     -0.0. omgD -0.001 omg  +0.00 loop   5135
[0mBatt=23.4 [0m[33mODOM [31mVisionX  +0.00 Y  +0.00 theta   +0.0 elt    0 [0mimu  -0.4 Dt 3362 LtCy 1681 integ.govd   +0.00   +0.00 integ.vbp +0.00 +0.00 omni.gos X     +0.0 ,Y     -0.0. omgD -0.001 omg  +0.00 loop   5133
[0mBatt=23.4 [0m[33mODOM [31mVisionX  +0.00 Y  +0.00 theta   +0.0 elt    0 [0mimu  -0.4 Dt 3378 LtCy 1689 integ.govd   +0.00   +0.00 integ.vbp +0.00 +0.00 omni.gos X     +0.0 ,Y     -0.0. omgD -0.001 omg  +0.00 loop   5130
[0mBatt=23.4 [0m[33mODOM [31mVisionX  +0.00 Y  +0.00 theta   +0.0 elt    0 [0mimu  -0.4 Dt 3394 LtCy 1697 integ.govd   +0.00   +0.00 integ.vbp +0.00 +0.00 omni.gos X     +0.0 ,Y     -0.1. omgD -0.005 omg  +0.00 loop   5110
[0mBatt=23.4 [0m[33mODOM [31mVisionX  +0.00 Y  +0.00 theta   +0.0 elt    0 [0mimu  -0.4 Dt 3410 LtCy 1705 integ.govd   +0.00   +0.00 integ.vbp +0.00 +0.00 omni.gos X     +0.0 ,Y     -0.0. omgD -0.001 omg  +0.00 loop   5135
[0mBatt=23.4 [0m[33mODOM [31mVisionX  +0.00 Y  +0.00 theta   +0.0 elt    0 [0mimu  -0.4 Dt 3426 LtCy 1713 integ.govd   +0.00   +0.00 integ.vbp +0.00 +0.00 omni.gos X     +0.0 ,Y     -0.2. omgD -0.014 omg  +0.00 loop   5132
[0mBatt=23.4 [0m[33mODOM [31mVisionX  +0.00 Y  +0.00 theta   +0.0 elt    0 [0mimu  -0.4 Dt 3442 LtCy 1721 integ.govd   +0.00   +0.00 integ.vbp +0.00 +0.00 omni.gos X     +0.0 ,Y     -0.1. omgD -0.005 omg  +0.00 loop   5101
[0mBatt=23.4 [0m[33mODOM [31mVisionX  +0.00 Y  +0.00 theta   +0.0 elt    0 [0mimu  -0.4 Dt 3458 LtCy 1729 integ.govd   +0.00   +0.00 integ.vbp +0.00 +0.00 omni.gos X     +0.0 ,Y     -0.0. omgD -0.001 omg  +0.00 loop   5142
[0mBatt=23.4 [0m[33mODOM [31mVisionX  +0.00 Y  +0.00 theta   +0.0 elt    0 [0mimu  -0.4 Dt 3474 LtCy 1737 integ.govd   +0.00   +0.00 integ.vbp +0.00 +0.00 omni.gos X     +0.0 ,Y     +0.0. omgD +0.003 omg  +0.00 loop   5127
[0mBatt=23.4 [0m[33mODOM [31mVisionX  +0.00 Y  +0.00 theta   +0.0 elt    0 [0mimu  -0.4 Dt 3490 LtCy 1745 integ.govd   +0.00   +0.00 integ.vbp +0.00 +0.00 omni.gos X     +0.0 ,Y     +0.0. omgD +0.003 omg  +0.00 loop   5112
[0mBatt=23.4 [0m[33mODOM [31mVisionX  +0.00 Y  +0.00 theta   +0.0 elt    0 [0mimu  -0.4 Dt 3506 LtCy 1753 integ.govd   +0.00   +0.00 integ.vbp +0.00 +0.00 omni.gos X     +0.0 ,Y     -0.1. omgD -0.005 omg  +0.00 loop   5124
[0mBatt=23.4 [0m[33mODOM [31mVisionX  +0.00 Y  +0.00 theta   +0.0 elt    0 [0mimu  -0.4 Dt 3522 LtCy 1761 integ.govd   +0.00   +0.00 integ.vbp +0.00 +0.00 omni.gos X     +0.0 ,Y     -0.0. omgD -0.001 omg  +0.00 loop   5137
[0mBatt=23.4 [0m[33mODOM [31mVisionX  +0.00 Y  +0.00 theta   +0.0 elt    0 [0mimu  -0.4 Dt 3538 LtCy 1769 integ.govd   +0.00   +0.00 integ.vbp +0.00 +0.00 omni.gos X     -0.0 ,Y     -0.1. omgD -0.009 omg  +0.00 loop   5118
[0mBatt=23.4 [0m[33mODOM [31mVisionX  +0.00 Y  +0.00 theta   +0.0 elt    0 [0mimu  -0.4 Dt 3554 LtCy 1777 integ.govd   +0.00   +0.00 integ.vbp +0.00 +0.00 omni.gos X     +0.0 ,Y     -0.0. omgD -0.001 omg  +0.00 loop   5117
[0mBatt=23.4 [0m[33mODOM [31mVisionX  +0.00 Y  +0.00 theta   +0.0 elt    0 [0mimu  -0.4 Dt 3570 LtCy 1785 integ.govd   +0.00   +0.00 integ.vbp +0.00 +0.00 omni.gos X     +0.0 ,Y     -0.0. omgD -0.001 omg  +0.00 loop   5141
[0mBatt=23.4 [0m[33mODOM [31mVisionX  +0.00 Y  +0.00 theta   +0.0 elt    0 [0mimu  -0.4 Dt 3586 LtCy 1793 integ.govd   +0.00   +0.00 integ.vbp +0.00 +0.00 omni.gos X     +0.0 ,Y     -0.1. omgD -0.005 omg  +0.00 loop   5122
[0mBatt=23.4 [0m[33mODOM [31mVisionX  +0.00 Y  +0.00 theta   +0.0 elt    0 [0mimu  -0.4 Dt 3602 LtCy 1801 integ.govd   +0.00   +0.00 integ.vbp +0.00 +0.00 omni.gos X     +0.0 ,Y     -0.1. omgD -0.009 omg  +0.00 loop   5112
[0mBatt=23.4 [0m[33mODOM [31mVisionX  +0.00 Y  +0.00 theta   +0.0 elt    0 [0mimu  -0.4 Dt 3618 LtCy 1809 integ.govd   +0.00   +0.00 integ.vbp +0.00 +0.00 omni.gos X     +0.0 ,Y     -0.1. omgD -0.005 omg  +0.00 loop   5134
[0mBatt=23.4 [0m[33mODOM [31mVisionX  +0.00 Y  +0.00 theta   +0.0 elt    0 [0mimu  -0.4 Dt 3634 LtCy 1817 integ.govd   +0.00   +0.00 integ.vbp +0.00 +0.00 omni.gos X     +0.0 ,Y     -0.0. omgD -0.001 omg  +0.00 loop   5137
[0mBatt=23.4 [0m[33mODOM [31mVisionX  +0.00 Y  +0.00 theta   +0.0 elt    0 [0mimu  -0.4 Dt 3650 LtCy 1825 integ.govd   +0.00   +0.00 integ.vbp +0.00 +0.00 omni.gos X     +0.0 ,Y     -0.1. omgD -0.009 omg  +0.00 loop   5099
[0mBatt=23.4 [0m[33mODOM [31mVisionX  +0.00 Y  +0.00 theta   +0.0 elt    0 [0mimu  -0.4 Dt 3666 LtCy 1833 integ.govd   +0.00   +0.00 integ.vbp +0.00 +0.00 omni.gos X     +0.0 ,Y     -0.1. omgD -0.005 omg  +0.00 loop   5134
[0mBatt=23.4 [0m[33mODOM [31mVisionX  +0.00 Y  +0.00 theta   +0.0 elt    0 [0mimu  -0.4 Dt 3682 LtCy 1841 integ.govd   +0.00   +0.00 integ.vbp +0.00 +0.00 omni.gos X     +0.0 ,Y     -0.0. omgD -0.001 omg  +0.00 loop   5135
[0mBatt=23.4 [0m[33mODOM [31mVisionX  +0.00 Y  +0.00 theta   +0.0 elt    0 [0mimu  -0.4 Dt 3698 LtCy 1849 integ.govd   +0.00   +0.00 integ.vbp +0.00 +0.00 omni.gos X     +0.0 ,Y     -0.1. omgD -0.005 omg  +0.00 loop   5107
[0mBatt=23.4 [0m[33mODOM [31mVisionX  +0.00 Y  +0.00 theta   +0.0 elt    0 [0mimu  -0.4 Dt 3714 LtCy 1857 integ.govd   +0.00   +0.00 integ.vbp +0.00 +0.00 omni.gos X     +0.0 ,Y     -0.0. omgD -0.001 omg  +0.00 loop   5129
[0mBatt=23.4 [0m[33mODOM [31mVisionX  +0.00 Y  +0.00 theta   +0.0 elt    0 [0mimu  -0.4 Dt 3730 LtCy 1865 integ.govd   +0.00   +0.00 integ.vbp +0.00 +0.00 omni.gos X     +0.0 ,Y     -0.1. omgD -0.005 omg  +0.00 loop   5137
[0mBatt=23.4 [0m[33mODOM [31mVisionX  +0.00 Y  +0.00 theta   +0.0 elt    0 [0mimu  -0.4 Dt 3746 LtCy 1873 integ.govd   +0.00   +0.00 integ.vbp +0.00 +0.00 omni.gos X     +0.0 ,Y     -0.0. omgD -0.001 omg  +0.00 loop   5119
[0mBatt=23.4 [0m[33mODOM [31mVisionX  +0.00 Y  +0.00 theta   +0.0 elt    0 [0mimu  -0.4 Dt 3762 LtCy 1881 integ.govd   +0.00   +0.00 integ.vbp +0.00 +0.00 omni.gos X     +0.0 ,Y     -0.0. omgD -0.001 omg  +0.00 loop   5116
[0mBatt=23.4 [0m[33mODOM [31mVisionX  +0.00 Y  +0.00 theta   +0.0 elt    0 [0mimu  -0.4 Dt 3778 LtCy 1889 integ.govd   +0.00   +0.00 integ.vbp +0.00 +0.00 omni.gos X     +0.0 ,Y     -0.1. omgD -0.009 omg  +0.00 loop   5129
[0mBatt=23.4 [0m[33mODOM [31mVisionX  +0.00 Y  +0.00 theta   +0.0 elt    0 [0mimu  -0.4 Dt 3794 LtCy 1897 integ.govd   +0.00   +0.00 integ.vbp +0.00 +0.00 omni.gos X     -0.0 ,Y     -0.1. omgD -0.005 omg  +0.00 loop   5130
[0mBatt=23.4 [0m[33mODOM [31mVisionX  +0.00 Y  +0.00 theta   +0.0 elt    0 [0mimu  -0.4 Dt 3810 LtCy 1905 integ.govd   +0.00   +0.00 integ.vbp +0.00 +0.00 omni.gos X     +0.0 ,Y     +0.0. omgD +0.003 omg  +0.00 loop   5103
[0mBatt=23.4 [0m[33mODOM [31mVisionX  +0.00 Y  +0.00 theta   +0.0 elt    0 [0mimu  -0.4 Dt 3826 LtCy 1913 integ.govd   +0.00   +0.00 integ.vbp +0.00 +0.00 omni.gos X     +0.0 ,Y     -0.0. omgD -0.001 omg  +0.00 loop   5143
[0mBatt=23.4 [0m[33mODOM [31mVisionX  +0.00 Y  +0.00 theta   +0.0 elt    0 [0mimu  -0.4 Dt 3842 LtCy 1921 integ.govd   +0.00   +0.00 integ.vbp +0.00 +0.00 omni.gos X     +0.0 ,Y     -0.1. omgD -0.005 omg  +0.00 loop   5130
[0mBatt=23.4 [0m[33mODOM [31mVisionX  +0.00 Y  +0.00 theta   +0.0 elt    0 [0mimu  -0.4 Dt 3858 LtCy 1929 integ.govd   +0.00   +0.00 integ.vbp +0.00 +0.00 omni.gos X     +0.0 ,Y     -0.0. omgD -0.001 omg  +0.00 loop   5103
[0mBatt=23.4 [0m[33mODOM [31mVisionX  +0.00 Y  +0.00 theta   +0.0 elt    0 [0mimu  -0.4 Dt 3874 LtCy 1937 integ.govd   +0.00   +0.00 integ.vbp +0.00 +0.00 omni.gos X     +0.0 ,Y     -0.0. omgD -0.001 omg  +0.00 loop   5135
[0mBatt=23.4 [0m[33mODOM [31mVisionX  +0.00 Y  +0.00 theta   +0.0 elt    0 [0mimu  -0.4 Dt 3890 LtCy 1945 integ.govd   +0.00   +0.00 integ.vbp +0.00 +0.00 omni.gos X     -0.0 ,Y     -0.1. omgD -0.009 omg  +0.00 loop   5131
[0mBatt=23.4 [0m[33mODOM [31mVisionX  +0.00 Y  +0.00 theta   +0.0 elt    0 [0mimu  -0.4 Dt 3906 LtCy 1953 integ.govd   +0.00   +0.00 integ.vbp +0.00 +0.00 omni.gos X     +0.0 ,Y     -0.0. omgD -0.001 omg  +0.00 loop   5110
[0mBatt=23.4 [0m[33mODOM [31mVisionX  +0.00 Y  +0.00 theta   +0.0 elt    0 [0mimu  -0.4 Dt 3922 LtCy 1961 integ.govd   +0.00   +0.00 integ.vbp +0.00 +0.00 omni.gos X     +0.0 ,Y     +0.0. omgD +0.003 omg  +0.00 loop   5118
[0mBatt=23.4 [0m[33mODOM [31mVisionX  +0.00 Y  +0.00 theta   +0.0 elt    0 [0mimu  -0.4 Dt 3938 LtCy 1969 integ.govd   +0.00   +0.00 integ.vbp +0.00 +0.00 omni.gos X     +0.0 ,Y     -0.1. omgD -0.005 omg  +0.00 loop   5145
[0mBatt=23.4 [0m[33mODOM [31mVisionX  +0.00 Y  +0.00 theta   +0.0 elt    0 [0mimu  -0.4 Dt 3946 LtCy 1973 integ.govd   +0.00   +0.00 integ.vbp +0.00 +0.00 omni.gos X     +0.0 ,Y     -0.0. omgD -0.001 omg  +0.00 loop   2471
[0mBatt=23.4 [0m[33mODOM [31mVisionX  +0.00 Y  +0.00 theta   +0.0 elt    0 [0mimu  -0.4 Dt 3962 LtCy 1981 integ.govd   +0.00   +0.00 integ.vbp +0.00 +0.00 omni.gos X     +0.0 ,Y     -0.0. omgD -0.001 omg  +0.00 loop   5101
[0mBatt=23.4 [0m[33mODOM [31mVisionX  +0.00 Y  +0.00 theta   +0.0 elt    0 [0mimu  -0.4 Dt 3978 LtCy 1989 integ.govd   +0.00   +0.00 integ.vbp +0.00 +0.00 omni.gos X     +0.0 ,Y     +0.0. omgD +0.003 omg  +0.00 loop   5135
[0mBatt=23.4 [0m[33mODOM [31mVisionX  +0.00 Y  +0.00 theta   +0.0 elt    0 [0mimu  -0.4 Dt 3994 LtCy 1997 integ.govd   +0.00   +0.00 integ.vbp +0.00 +0.00 omni.gos X     +0.0 ,Y     -0.1. omgD -0.009 omg  +0.00 loop   5130
[0mBatt=23.4 [0m[33mODOM [31mVisionX  +0.00 Y  +0.00 theta   +0.0 elt    0 [0mimu  -0.4 Dt 4010 LtCy 2005 integ.govd   +0.00   +0.00 integ.vbp +0.00 +0.00 omni.gos X     +0.0 ,Y     +0.1. omgD +0.008 omg  +0.00 loop   5122
[0mBatt=23.4 [0m[33mODOM [31mVisionX  +0.00 Y  +0.00 theta   +0.0 elt    0 [0mimu  -0.4 Dt 4026 LtCy 2013 integ.govd   +0.00   +0.00 integ.vbp +0.00 +0.00 omni.gos X     +0.0 ,Y     -0.1. omgD -0.005 omg  +0.00 loop   5114
[0mBatt=23.4 [0m[33mODOM [31mVisionX  +0.00 Y  +0.00 theta   +0.0 elt    0 [0mimu  -0.4 Dt 4042 LtCy 2021 integ.govd   +0.00   +0.00 integ.vbp +0.00 +0.00 omni.gos X     +0.0 ,Y     -0.0. omgD -0.001 omg  +0.00 loop   5134
[0mBatt=23.4 [0m[33mODOM [31mVisionX  +0.00 Y  +0.00 theta   +0.0 elt    0 [0mimu  -0.4 Dt 4058 LtCy 2029 integ.govd   +0.00   +0.00 integ.vbp +0.00 +0.00 omni.gos X     +0.0 ,Y     -0.1. omgD -0.005 omg  +0.00 loop   5125
[0mBatt=23.4 [0m[33mODOM [31mVisionX  +0.00 Y  +0.00 theta   +0.0 elt    0 [0mimu  -0.4 Dt 4074 LtCy 2037 integ.govd   +0.00   +0.00 integ.vbp +0.00 +0.00 omni.gos X     +0.0 ,Y     -0.1. omgD -0.005 omg  +0.00 loop   5114
[0mBatt=23.4 [0m[33mODOM [31mVisionX  +0.00 Y  +0.00 theta   +0.0 elt    0 [0mimu  -0.4 Dt 4090 LtCy 2045 integ.govd   +0.00   +0.00 integ.vbp +0.00 +0.00 omni.gos X     +0.0 ,Y     -0.1. omgD -0.009 omg  +0.00 loop   5141
[0mBatt=23.4 [0m[33mODOM [31mVisionX  +0.00 Y  +0.00 theta   +0.0 elt    0 [0mimu  -0.4 Dt 4106 LtCy 2053 integ.govd   +0.00   +0.00 integ.vbp +0.00 +0.00 omni.gos X     +0.0 ,Y     -0.0. omgD -0.001 omg  +0.00 loop   5131
[0mBatt=23.4 [0m[33mODOM [31mVisionX  +0.00 Y  +0.00 theta   +0.0 elt    0 [0mimu  -0.4 Dt 4122 LtCy 2061 integ.govd   +0.00   +0.00 integ.vbp +0.00 +0.00 omni.gos X     +0.0 ,Y     -0.1. omgD -0.005 omg  +0.00 loop   5100
[0mBatt=23.4 [0m[33mODOM [31mVisionX  +0.00 Y  +0.00 theta   +0.0 elt    0 [0mimu  -0.4 Dt 4138 LtCy 2069 integ.govd   +0.00   +0.00 integ.vbp +0.00 +0.00 omni.gos X     +0.0 ,Y     -0.0. omgD -0.001 omg  +0.00 loop   5135
[0mBatt=23.4 [0m[33mODOM [31mVisionX  +0.00 Y  +0.00 theta   +0.0 elt    0 [0mimu  -0.4 Dt 4154 LtCy 2077 integ.govd   +0.00   +0.00 integ.vbp +0.00 +0.00 omni.gos X     +0.0 ,Y     -0.1. omgD -0.009 omg  +0.00 loop   5135
[0mBatt=23.4 [0m[33mODOM [31mVisionX  +0.00 Y  +0.00 theta   +0.0 elt    0 [0mimu  -0.4 Dt 4170 LtCy 2085 integ.govd   +0.00   +0.00 integ.vbp +0.00 +0.00 omni.gos X     -0.0 ,Y     -0.1. omgD -0.009 omg  +0.00 loop   5104
[0mBatt=23.4 [0m[33mODOM [31mVisionX  +0.00 Y  +0.00 theta   +0.0 elt    0 [0mimu  -0.4 Dt 4186 LtCy 2093 integ.govd   +0.00   +0.00 integ.vbp +0.00 +0.00 omni.gos X     +0.0 ,Y     -0.0. omgD -0.001 omg  +0.00 loop   5120
[0mBatt=23.4 [0m[33mODOM [31mVisionX  +0.00 Y  +0.00 theta   +0.0 elt    0 [0mimu  -0.4 Dt 4202 LtCy 2101 integ.govd   +0.00   +0.00 integ.vbp +0.00 +0.00 omni.gos X     +0.0 ,Y     -0.1. omgD -0.005 omg  +0.00 loop   5134
[0mBatt=23.4 [0m[33mODOM [31mVisionX  +0.00 Y  +0.00 theta   +0.0 elt    0 [0mimu  -0.4 Dt 4218 LtCy 2109 integ.govd   +0.00   +0.00 integ.vbp +0.00 +0.00 omni.gos X     +0.0 ,Y     -0.1. omgD -0.009 omg  +0.00 loop   5112
[0mBatt=23.4 [0m[33mODOM [31mVisionX  +0.00 Y  +0.00 theta   +0.0 elt    0 [0mimu  -0.4 Dt 4234 LtCy 2117 integ.govd   +0.00   +0.00 integ.vbp +0.00 +0.00 omni.gos X     +0.0 ,Y     -0.1. omgD -0.005 omg  +0.00 loop   5118
[0mBatt=23.4 [0m[33mODOM [31mVisionX  +0.00 Y  +0.00 theta   +0.0 elt    0 [0mimu  -0.4 Dt 4250 LtCy 2125 integ.govd   +0.00   +0.00 integ.vbp +0.00 +0.00 omni.gos X     +0.0 ,Y     -0.2. omgD -0.014 omg  +0.00 loop   5136
[0mBatt=23.4 [0m[33mODOM [31mVisionX  +0.00 Y  +0.00 theta   +0.0 elt    0 [0mimu  -0.4 Dt 4266 LtCy 2133 integ.govd   +0.00   +0.00 integ.vbp +0.00 +0.00 omni.gos X     -0.0 ,Y     -0.1. omgD -0.009 omg  +0.00 loop   5128
[0mBatt=23.4 [0m[33mODOM [31mVisionX  +0.00 Y  +0.00 theta   +0.0 elt    0 [0mimu  -0.4 Dt 4282 LtCy 2141 integ.govd   +0.00   +0.00 integ.vbp +0.00 +0.00 omni.gos X     +0.0 ,Y     -0.1. omgD -0.005 omg  +0.00 loop   5092
[0mBatt=23.4 [0m[33mODOM [31mVisionX  +0.00 Y  +0.00 theta   +0.0 elt    0 [0mimu  -0.4 Dt 4298 LtC 2149iteg.govd   +0.00   +0.0 inegvp +0.00 +0.00 omni.gosX     +0.0 ,Y     -0.1. omgD -0.009 omg  +.00 lop  5139
[0mBatt=23.4 [0m[33mODOM [31mVisionX  +0.00 Y  +0.00 theta   +0.0 elt    0 [0mimu  -0.4 Dt 4314 LtCy 2157 integ.govd   +0.00   +0.00 integ.vbp +0.00 +0.00 omni.gos X     +0.0 ,Y     +0.1. omgD +0.008 omg  +0.00 loop   5117
[0mBatt=23.4 [0m[33mODOM [31mVisionX  +0.00 Y  +0.00 theta   +0.0 elt    0 [0mimu  -0.4 Dt 4330 LtCy 2165 integ.govd   +0.00   +0.00 integ.vbp +0.00 +0.00 omni.gos X     +0.0 ,Y     +0.0. omgD +0.003 omg  +0.00 loop   5106
[0mBatt=23.4 [0m[33mODOM [31mVisionX  +0.00 Y  +0.00 theta   +0.0 elt    0 [0mimu  -0.4 Dt 4346 LtCy 2173 integ.govd   +0.00   +0.00 integ.vbp +0.00 +0.00 omni.gos X     +0.0 ,Y     -0.1. omgD -0.005 omg  +0.00 loop   5136
[0mBatt=23.4 [0m[33mODOM [31mVisionX  +0.00 Y  +0.00 theta   +0.0 elt    0 [0mimu  -0.4 Dt 4362 LtCy 2181 integ.govd   +0.00   +0.00 integ.vbp +0.00 +0.00 omni.gos X     +0.0 ,Y     -0.0. omgD -0.001 omg  +0.00 loop   5131
[0mBatt=23.4 [0m[33mODOM [31mVisionX  +0.00 Y  +0.00 theta   +0.0 elt    0 [0mimu  -0.4 Dt 4378 LtCy 2189 integ.govd   +0.00   +0.00 integ.vbp +0.00 +0.00 omni.gos X     +0.0 ,Y     -0.1. omgD -0.005 omg  +0.00 loop   5111
[0mBatt=23.4 [0m[33mODOM [31mVisionX  +0.00 Y  +0.00 theta   +0.0 elt    0 [0mimu  -0.4 Dt 4394 LtCy 2197 integ.govd   +0.00   +0.00 integ.vbp +0.00 +0.00 omni.gos X     +0.0 ,Y     -0.0. omgD -0.001 omg  +0.00 loop   5123
[0mBatt=23.4 [0m[33mODOM [31mVisionX  +0.00 Y  +0.00 theta   +0.0 elt    0 [0mimu  -0.4 Dt 4410 LtCy 2205 integ.govd   +0.00   +0.00 integ.vbp +0.00 +0.00 omni.gos X     +0.0 ,Y     -0.0. omgD -0.003 omg  +0.00 loop   5133
[0mBatt=23.4 [0m[33mODOM [31mVisionX  +0.00 Y  +0.00 theta   +0.0 elt    0 [0mimu  -0.4 Dt 4426 LtCy 2213 integ.govd   +0.00   +0.00 integ.vbp +0.00 +0.00 omni.gos X     +0.0 ,Y     +0.0. omgD +0.001 omg  +0.00 loop   5127
[0mBatt=23.4 [0m[33mODOM [31mVisionX  +0.00 Y  +0.00 theta   +0.0 elt    0 [0mimu  -0.4 Dt 4442 LtCy 2221 integ.govd   +0.00   +0.00 integ.vbp +0.00 +0.00 omni.gos X     +0.0 ,Y     -0.0. omgD -0.001 omg  +0.00 loop   5113
[0mBatt=23.4 [0m[33mODOM [31mVisionX  +0.00 Y  +0.00 theta   +0.0 elt    0 [0mimu  -0.4 Dt 4458 LtCy 2229 integ.govd   +0.00   +0.00 integ.vbp +0.00 +0.00 omni.gos X     +0.0 ,Y     -0.1. omgD -0.005 omg  +0.00 loop   5117
[0mBatt=23.4 [0m[33mODOM [31mVisionX  +0.00 Y  +0.00 theta   +0.0 elt    0 [0mimu  -0.4 Dt 4474 LtCy 2237 integ.govd   +0.00   +0.00 integ.vbp +0.00 +0.00 omni.gos X     +0.0 ,Y     +0.0. omgD +0.001 omg  +0.00 loop   5125
[0mBatt=23.4 [0m[33mODOM [31mVisionX  +0.00 Y  +0.00 theta   +0.0 elt    0 [0mimu  -0.4 Dt 4490 LtCy 2245 integ.govd   +0.00   +0.00 integ.vbp +0.00 +0.00 omni.gos X     +0.0 ,Y     -0.0. omgD -0.003 omg  +0.00 loop   5102
[0mBatt=23.4 [0m[33mODOM [31mVisionX  +0.00 Y  +0.00 theta   +0.0 elt    0 [0mimu  -0.4 Dt 4506 LtCy 2253 integ.govd   +0.00   +0.00 integ.vbp +0.00 +0.00 omni.gos X     +0.0 ,Y     +0.0. omgD +0.001 omg  +0.00 loop   5136
[0mBatt=23.4 [0m[33mODOM [31mVisionX  +0.00 Y  +0.00 theta   +0.0 elt    0 [0mimu  -0.4 Dt 4522 LtCy 2261 integ.govd   +0.00   +0.00 integ.vbp +0.00 +0.00 omni.gos X     +0.0 ,Y     -0.0. omgD -0.003 omg  +0.00 loop   5133
[0mBatt=23.4 [0m[33mODOM [31mVisionX  +0.00 Y  +0.00 theta   +0.0 elt    0 [0mimu  -0.4 Dt 4538 LtCy 2269 integ.govd   +0.00   +0.00 integ.vbp +0.00 +0.00 omni.gos X     +0.0 ,Y     +0.0. omgD +0.001 omg  +0.00 loop   5113
[0mBatt=23.4 [0m[33mODOM [31mVisionX  +0.00 Y  +0.00 theta   +0.0 elt    0 [0mimu  -0.4 Dt 4554 LtCy 2277 integ.govd   +0.00   +0.00 integ.vbp +0.00 +0.00 omni.gos X     -0.0 ,Y     -0.1. omgD -0.007 omg  +0.00 loop   5123
[0mBatt=23.4 [0m[33mODOM [31mVisionX  +0.00 Y  +0.00 theta   +0.0 elt    0 [0mimu  -0.4 Dt 4570 LtCy 2285 integ.govd   +0.00   +0.00 integ.vbp +0.00 +0.00 omni.gos X     +0.0 ,Y     -0.0. omgD -0.001 omg  +0.00 loop   5135
[0mBatt=23.4 [0m[33mODOM [31mVisionX  +0.00 Y  +0.00 theta   +0.0 elt    0 [0mimu  -0.4 Dt 4586 LtCy 2293 integ.govd   +0.00   +0.00 integ.vbp +0.00 +0.00 omni.gos X     +0.0 ,Y     -0.1. omgD -0.009 omg  +0.00 loop   5114
[0mBatt=23.4 [0m[33mODOM [31mVisionX  +0.00 Y  +0.00 theta   +0.0 elt    0 [0mimu  -0.5 Dt 4602 LtCy 2301 integ.govd   +0.00   +0.00 integ.vbp +0.00 +0.00 omni.gos X     +0.0 ,Y     -0.1. omgD -0.007 omg  +0.00 loop   5120
[0mBatt=23.4 [0m[33mODOM [31mVisionX  +0.00 Y  +0.00 theta   +0.0 elt    0 [0mimu  -0.5 Dt 4618 LtCy 2309 integ.govd   +0.00   +0.00 integ.vbp +0.00 +0.00 omni.gos X     +0.0 ,Y     +0.0. omgD +0.001 omg  +0.00 loop   5136
[0mBatt=23.4 [0m[33mODOM [31mVisionX  +0.00 Y  +0.00 theta   +0.0 elt    0 [0mimu  -0.5 Dt 4634 LtCy 2317 integ.govd   +0.00   +0.00 integ.vbp +0.00 +0.00 omni.gos X     +0.0 ,Y     +0.0. omgD +0.001 omg  +0.00 loop   5124
[0mBatt=23.4 [0m[33mODOM [31mVisionX  +0.00 Y  +0.00 theta   +0.0 elt    0 [0mimu  -0.5 Dt 4650 LtCy 2325 integ.govd   +0.00   +0.00 integ.vbp +0.00 +0.00 omni.gos X     +0.0 ,Y     -0.0. omgD -0.003 omg  +0.00 loop   5110
[0mBatt=23.4 [0m[33mODOM [31mVisionX  +0.00 Y  +0.00 theta   +0.0 elt    0 [0mimu  -0.5 Dt 4666 LtCy 2333 integ.govd   +0.00   +0.00 integ.vbp +0.00 +0.00 omni.gos X     +0.0 ,Y     -0.1. omgD -0.009 omg  +0.00 loop   5138
[0mBatt=23.4 [0m[33mODOM [31mVisionX  +0.00 Y  +0.00 theta   +0.0 elt    0 [0mimu  -0.5 Dt 4682 LtCy 2341 integ.govd   +0.00   +0.00 integ.vbp +0.00 +0.00 omni.gos X     +0.0 ,Y     -0.0. omgD -0.003 omg  +0.00 loop   5141
[0mBatt=23.4 [0m[33mODOM [31mVisionX  +0.00 Y  +0.00 theta   +0.0 elt    0 [0mimu  -0.5 Dt 4698 LtCy 2349 integ.govd   +0.00   +0.00 integ.vbp +0.00 +0.00 omni.gos X     +0.0 ,Y     -0.1. omgD -0.005 omg  +0.00 loop   5096
[0mBatt=23.4 [0m[33mODOM [31mVisionX  +0.00 Y  +0.00 theta   +0.0 elt    0 [0mimu  -0.5 Dt 4714 LtCy 2357 integ.govd   +0.00   +0.00 integ.vbp +0.00 +0.00 omni.gos X     +0.0 ,Y     -0.1. omgD -0.005 omg  +0.00 loop   5141
[0mBatt=23.4 [0m[33mODOM [31mVisionX  +0.00 Y  +0.00 theta   +0.0 elt    0 [0mimu  -0.5 Dt 4730 LtCy 2365 integ.govd   +0.00   +0.00 integ.vbp +0.00 +0.00 omni.gos X     +0.0 ,Y     -0.0. omgD -0.001 omg  +0.00 loop   5138
[0mBatt=23.4 [0m[33mODOM [31mVisionX  +0.00 Y  +0.00 theta   +0.0 elt    0 [0mimu  -0.5 Dt 4746 LtCy 2373 integ.govd   +0.00   +0.00 integ.vbp +0.00 +0.00 omni.gos X     +0.0 ,Y     -0.1. omgD -0.005 omg  +0.00 loop   5109
[0mBatt=23.4 [0m[33mODOM [31mVisionX  +0.00 Y  +0.00 theta   +0.0 elt    0 [0mimu  -0.5 Dt 4762 LtCy 2381 integ.govd   +0.00   +0.00 integ.vbp +0.00 +0.00 omni.gos X     +0.0 ,Y     -0.0. omgD -0.003 omg  +0.00 loop   5121
[0mBatt=23.4 [0m[33mODOM [31mVisionX  +0.00 Y  +0.00 theta   +0.0 elt    0 [0mimu  -0.5 Dt 4778 LtCy 2389 integ.govd   +0.00   +0.00 integ.vbp +0.00 +0.00 omni.gos X     +0.0 ,Y     +0.1. omgD +0.008 omg  +0.00 loop   5132
[0mBatt=23.4 [0m[33mODOM [31mVisionX  +0.00 Y  +0.00 theta   +0.0 elt    0 [0mimu  -0.5 Dt 4794 LtCy 2397 integ.govd   +0.00   +0.00 integ.vbp +0.00 +0.00 omni.gos X     +0.0 ,Y     -0.0. omgD -0.001 omg  +0.00 loop   5133
[0mBatt=23.4 [0m[33mODOM [31mVisionX  +0.00 Y  +0.00 theta   +0.0 elt    0 [0mimu  -0.5 Dt 4810 LtCy 2405 integ.govd   +0.00   +0.00 integ.vbp +0.00 +0.00 omni.gos X     -0.0 ,Y     -0.1. omgD -0.009 omg  +0.00 loop   5110
[0mBatt=23.4 [0m[33mODOM [31mVisionX  +0.00 Y  +0.00 theta   +0.0 elt    0 [0mimu  -0.5 Dt 4826 LtCy 2413 integ.govd   +0.00   +0.00 integ.vbp +0.00 +0.00 omni.gos X     +0.0 ,Y     -0.1. omgD -0.005 omg  +0.00 loop   5137
[0mBatt=23.4 [0m[33mODOM [31mVisionX  +0.00 Y  +0.00 theta   +0.0 elt    0 [0mimu  -0.5 Dt 4842 LtCy 2421 integ.govd   +0.00   +0.00 integ.vbp +0.00 +0.00 omni.gos X     +0.0 ,Y     -0.0. omgD -0.001 omg  +0.00 loop   5122
[0mBatt=23.4 [0m[33mODOM [31mVisionX  +0.00 Y  +0.00 theta   +0.0 elt    0 [0mimu  -0.5 Dt 4858 LtCy 2429 integ.govd   +0.00   +0.00 integ.vbp +0.00 +0.00 omni.gos X     +0.0 ,Y     +0.0. omgD +0.003 omg  +0.00 loop   5112
[0mBatt=23.4 [0m[33mODOM [31mVisionX  +0.00 Y  +0.00 theta   +0.0 elt    0 [0mimu  -0.5 Dt 4874 LtCy 2437 integ.govd   +0.00   +0.00 integ.vbp +0.00 +0.00 omni.gos X     +0.0 ,Y     +0.0. omgD +0.003 omg  +0.00 loop   5141
[0mBatt=23.4 [0m[33mODOM [31mVisionX  +0.00 Y  +0.00 theta   +0.0 elt    0 [0mimu  -0.5 Dt 4890 LtCy 2445 integ.govd   +0.00   +0.00 integ.vbp +0.00 +0.00 omni.gos X     +0.0 ,Y     -0.0. omgD -0.001 omg  +0.00 loop   5135
[0mBatt=23.4 [0m[33mODOM [31mVisionX  +0.00 Y  +0.00 theta   +0.0 elt    0 [0mimu  -0.5 Dt 4906 LtCy 2453 integ.govd   +0.00   +0.00 integ.vbp +0.00 +0.00 omni.gos X     +0.0 ,Y     -0.0. omgD -0.001 omg  +0.00 loop   5105
[0mBatt=23.4 [0m[33mODOM [31mVisionX  +0.00 Y  +0.00 theta   +0.0 elt    0 [0mimu  -0.5 Dt 4922 LtCy 2461 integ.govd   +0.00   +0.00 integ.vbp +0.00 +0.00 omni.gos X     +0.0 ,Y     -0.1. omgD -0.005 omg  +0.00 loop   5133
[0mBatt=23.4 [0m[33mODOM [31mVisionX  +0.00 Y  +0.00 theta   +0.0 elt    0 [0mimu  -0.5 Dt 4938 LtCy 2469 integ.govd   +0.00   +0.00 integ.vbp +0.00 +0.00 omni.gos X     +0.0 ,Y     -0.1. omgD -0.005 omg  +0.00 loop   5143
[0mBatt=23.4 [0m[33mODOM [31mVisionX  +0.00 Y  +0.00 theta   +0.0 elt    0 [0mimu  -0.5 Dt 4946 LtCy 2473 integ.govd   +0.00   +0.00 integ.vbp +0.00 +0.00 omni.gos X     +0.0 ,Y     +0.0. omgD +0.003 omg  +0.00 loop   2470
[0mBatt=23.4 [0m[33mODOM [31mVisionX  +0.00 Y  +0.00 theta   +0.0 elt    0 [0mimu  -0.5 Dt 4962 LtCy 2481 integ.govd   +0.00   +0.00 integ.vbp +0.00 +0.00 omni.gos X     +0.0 ,Y     -0.0. omgD -0.001 omg  +0.00 loop   5101
[0mBatt=23.4 [0m[33mODOM [31mVisionX  +0.00 Y  +0.00 theta   +0.0 elt    0 [0mimu  -0.5 Dt 4978 LtCy 2489 integ.govd   +0.00   +0.00 integ.vbp +0.00 +0.00 omni.gos X     +0.0 ,Y     -0.1. omgD -0.005 omg  +0.00 loop   5143
[0mBatt=23.4 [0m[33mODOM [31mVisionX  +0.00 Y  +0.00 theta   +0.0 elt    0 [0mimu  -0.5 Dt 4994 LtCy 2497 integ.govd   +0.00   +0.00 integ.vbp +0.00 +0.00 omni.gos X     +0.0 ,Y     -0.1. omgD -0.005 omg  +0.00 loop   5135
[0mBatt=23.4 [0m[33mODOM [31mVisionX  +0.00 Y  +0.00 theta   +0.0 elt    0 [0mimu  -0.5 Dt 5010 LtCy 2505 integ.govd   +0.00   +0.00 integ.vbp +0.00 +0.00 omni.gos X     +0.0 ,Y     -0.1. omgD -0.009 omg  +0.00 loop   5105
[0mBatt=23.4 [0m[33mODOM [31mVisionX  +0.00 Y  +0.00 theta   +0.0 elt    0 [0mimu  -0.5 Dt 5026 LtCy 2513 integ.govd   +0.00   +0.00 integ.vbp +0.00 +0.00 omni.gos X     +0.0 ,Y     -0.1. omgD -0.005 omg  +0.00 loop   5129
[0mBatt=23.4 [0m[33mODOM [31mVisionX  +0.00 Y  +0.00 theta   +0.0 elt    0 [0mimu  -0.5 Dt 5042 LtCy 2521 integ.govd   +0.00   +0.00 integ.vbp +0.00 +0.00 omni.gos X     +0.0 ,Y     -0.0. omgD -0.001 omg  +0.00 loop   5133
[0mBatt=23.4 [0m[33mODOM [31mVisionX  +0.00 Y  +0.00 theta   +0.0 elt    0 [0mimu  -0.5 Dt 5058 LtCy 2529 integ.govd   +0.00   +0.00 integ.vbp +0.00 +0.00 omni.gos X     +0.0 ,Y     +0.0. omgD +0.003 omg  +0.00 loop   5121
