event,sequence,counter,valid_self,adopted,realtime_ns,kernel_ns,monotonic_ns,write_end_ns,written,socket_drop_total,trace_record_overflow
rx,1,1,1,1,1787954049023382222,1787954049022482981,5626108190275,0,0,0,0
tx,1,1,1,1,1787954049023387092,1787954049022482981,5626108195275,5626108232164,72,0,0
rx,2,2,1,1,1787954049038380777,1787954049037401759,5626123188831,0,0,0,0
tx,2,2,1,1,1787954049038385185,1787954049037401759,5626123193498,5626123209294,72,0,0
rx,3,3,1,1,1787954049053337499,1787954049052387999,5626138145553,0,0,0,0
tx,3,3,1,1,1787954049053341055,1787954049052387999,5626138149238,5626138161738,72,0,0
rx,4,4,1,1,1787954049068274999,1787954049067381851,5626153083072,0,0,0,0
tx,4,4,1,1,1787954049068278259,1787954049067381851,5626153086442,5626153098424,72,0,0
rx,5,5,1,1,1787954049083212129,1787954049082379184,5626168020201,0,0,0,0
tx,5,5,1,1,1787954049083215518,1787954049082379184,5626168023701,5626168035572,72,0,0
rx,6,6,1,1,1787954049098149147,1787954049097381999,5626182957201,0,0,0,0
tx,6,6,1,1,1787954049098152555,1787954049097381999,5626182960738,5626182972312,72,0,0
rx,7,7,1,1,1787954049113090092,1787954049112391925,5626197898146,0,0,0,0
tx,7,7,1,1,1787954049113094222,1787954049112391925,5626197902405,5626197918053,72,0,0
rx,8,8,1,1,1787954049128113573,1787954049127389333,5626212921627,0,0,0,0
tx,8,8,1,1,1787954049128117166,1787954049127389333,5626212925350,5626212939127,72,0,0
rx,9,9,1,1,1787954049143061573,1787954049142377629,5626227869627,0,0,0,0
tx,9,9,1,1,1787954049143064944,1787954049142377629,5626227873127,5626227884572,72,0,0
rx,10,10,1,1,1787954049158000592,1787954049157379796,5626242808664,0,0,0,0
tx,10,10,1,1,1787954049158003925,1787954049157379796,5626242812201,5626242824275,72,0,0
rx,11,11,1,1,1787954049172943481,1787954049172383221,5626257751553,0,0,0,0
tx,11,11,1,1,1787954049172946925,1787954049172383221,5626257755127,5626257768016,72,0,0
rx,12,12,1,1,1787954049187884073,1787954049187378740,5626272692146,0,0,0,0
tx,12,12,1,1,1787954049187887314,1787954049187378740,5626272695498,5626272707072,72,0,0
rx,13,13,1,1,1787954049202823721,1787954049202379703,5626287631794,0,0,0,0
tx,13,13,1,1,1787954049202827036,1787954049202379703,5626287635220,5626287647275,72,0,0
rx,14,14,1,1,1787954049217764888,1787954049217387166,5626302572942,0,0,0,0
tx,14,14,1,1,1787954049217768777,1787954049217387166,5626302576961,5626302590201,72,0,0
rx,15,15,1,1,1787954049232710425,1787954049232378777,5626317518498,0,0,0,0
tx,15,15,1,1,1787954049232713962,1787954049232378777,5626317522146,5626317533627,72,0,0
rx,16,16,1,1,1787954049247648833,1787954049247377962,5626332456905,0,0,0,0
tx,16,16,1,1,1787954049247652277,1787954049247377962,5626332460461,5626332471609,72,0,0
rx,17,17,1,1,1787954049262606055,1787954049262381499,5626347414109,0,0,0,0
tx,17,17,1,1,1787954049262609481,1787954049262381499,5626347417720,5626347430312,72,0,0
rx,18,18,1,1,1787954049277547203,1787954049277378573,5626362355275,0,0,0,0
tx,18,18,1,1,1787954049277550536,1787954049277378573,5626362358775,5626362369775,72,0,0
rx,19,19,1,1,1787954049292486870,1787954049292375795,5626377294942,0,0,0,0
tx,19,19,1,1,1787954049292490184,1787954049292375795,5626377298368,5626377310590,72,0,0
rx,20,20,1,1,1787954049307427499,1787954049307389833,5626392235572,0,0,0,0
tx,20,20,1,1,1787954049307431536,1787954049307389833,5626392239720,5626392252553,72,0,0
rx,21,21,1,1,1787954049323436999,1787954049322382573,5626408245053,0,0,0,0
tx,21,21,1,1,1787954049323440425,1787954049322382573,5626408248609,5626408260905,72,0,0
rx,22,22,1,1,1787954049338374425,1787954049337377555,5626423182498,0,0,0,0
tx,22,22,1,1,1787954049338377721,1787954049337377555,5626423185905,5626423197368,72,0,0
rx,23,23,1,1,1787954049353306370,1787954049352386481,5626438114442,0,0,0,0
tx,23,23,1,1,1787954049353309962,1787954049352386481,5626438118146,5626438131794,72,0,0
rx,24,24,1,1,1787954049368244221,1787954049367381758,5626453052294,0,0,0,0
tx,24,24,1,1,1787954049368247610,1787954049367381758,5626453055794,5626453067238,72,0,0
rx,25,25,1,1,1787954049383177888,1787954049382378092,5626467985942,0,0,0,0
tx,25,25,1,1,1787954049383181295,1787954049382378092,5626467989497,5626468016460,72,0,0
rx,26,26,1,1,1787954049398132092,1787954049397377240,5626482940164,0,0,0,0
tx,26,26,1,1,1787954049398135332,1787954049397377240,5626482943516,5626482955090,72,0,0
rx,27,27,1,1,1787954049413071388,1787954049412394925,5626497879460,0,0,0,0
tx,27,27,1,1,1787954049413075110,1787954049412394925,5626497883349,5626497900460,72,0,0
rx,28,28,1,1,1787954049428021444,1787954049427383407,5626512829516,0,0,0,0
tx,28,28,1,1,1787954049428024944,1787954049427383407,5626512833183,5626512844960,72,0,0
rx,29,29,1,1,1787954049442951462,1787954049442380647,5626527759534,0,0,0,0
tx,29,29,1,1,1787954049442954703,1787954049442380647,5626527762886,5626527774257,72,0,0
rx,30,30,1,1,1787954049457887592,1787954049457380629,5626542695646,0,0,0,0
tx,30,30,1,1,1787954049457891351,1787954049457380629,5626542699590,5626542711572,72,0,0
rx,31,31,1,1,1787954049472829573,1787954049472379184,5626557637646,0,0,0,0
tx,31,31,1,1,1787954049472832795,1787954049472379184,5626557640979,5626557652497,72,0,0
rx,32,32,1,1,1787954049487764351,1787954049487376647,5626572572405,0,0,0,0
tx,32,32,1,1,1787954049487767684,1787954049487376647,5626572575868,5626572586979,72,0,0
rx,33,33,1,1,1787954049502721277,1787954049502378369,5626587529331,0,0,0,0
tx,33,33,1,1,1787954049502724721,1787954049502378369,5626587532905,5626587544442,72,0,0
rx,34,34,1,1,1787954049517670962,1787954049517394406,5626602478923,0,0,0,0
tx,34,34,1,1,1787954049517674536,1787954049517394406,5626602482775,5626602498831,72,0,0
rx,35,35,1,1,1787954049532616684,1787954049532382166,5626617424738,0,0,0,0
tx,35,35,1,1,1787954049532620184,1787954049532382166,5626617428479,5626617440683,72,0,0
rx,36,36,1,1,1787954049547550462,1787954049547378592,5626632358534,0,0,0,0
tx,36,36,1,1,1787954049547553777,1787954049547378592,5626632362034,5626632374349,72,0,0
rx,37,37,1,1,1787954049562484166,1787954049562381406,5626647292238,0,0,0,0
tx,37,37,1,1,1787954049562487555,1787954049562381406,5626647295794,5626647308294,72,0,0
rx,38,38,1,1,1787954049577421555,1787954049577377703,5626662229627,0,0,0,0
tx,38,38,1,1,1787954049577424943,1787954049577377703,5626662233127,5626662244534,72,0,0
rx,39,39,1,1,1787954049593419777,1787954049592375925,5626678227831,0,0,0,0
tx,39,39,1,1,1787954049593423480,1787954049592375925,5626678231664,5626678243294,72,0,0
rx,40,40,1,1,1787954049608357443,1787954049607378203,5626693165497,0,0,0,0
tx,40,40,1,1,1787954049608361351,1787954049607378203,5626693169534,5626693183979,72,0,0
rx,41,41,1,1,1787954049623341499,1787954049622389351,5626708149571,0,0,0,0
tx,41,41,1,1,1787954049623345295,1787954049622389351,5626708153479,5626708166386,72,0,0
rx,42,42,1,1,1787954049638281703,1787954049637379017,5626723089757,0,0,0,0
tx,42,42,1,1,1787954049638285073,1787954049637379017,5626723093257,5626723105090,72,0,0
rx,43,43,1,1,1787954049653217462,1787954049652381629,5626738025516,0,0,0,0
tx,43,43,1,1,1787954049653220832,1787954049652381629,5626738029016,5626738040942,72,0,0
rx,44,44,1,1,1787954049668154573,1787954049667379240,5626752962627,0,0,0,0
tx,44,44,1,1,1787954049668158295,1787954049667379240,5626752966497,5626752978516,72,0,0
rx,45,45,1,1,1787954049683091036,1787954049682379073,5626767899108,0,0,0,0
tx,45,45,1,1,1787954049683094462,1787954049682379073,5626767902645,5626767914071,72,0,0
rx,46,46,1,1,1787954049698024777,1787954049697376851,5626782832849,0,0,0,0
tx,46,46,1,1,1787954049698028129,1787954049697376851,5626782836312,5626782847923,72,0,0
rx,47,47,1,1,1787954049712978869,1787954049712392388,5626797786923,0,0,0,0
tx,47,47,1,1,1787954049712982999,1787954049712392388,5626797791182,5626797807905,72,0,0
rx,48,48,1,1,1787954049727930869,1787954049727382610,5626812738942,0,0,0,0
tx,48,48,1,1,1787954049727934184,1787954049727382610,5626812742368,5626812754016,72,0,0
rx,49,49,1,1,1787954049742864740,1787954049742384443,5626827672812,0,0,0,0
tx,49,49,1,1,1787954049742868277,1787954049742384443,5626827676460,5626827690016,72,0,0
rx,50,50,1,1,1787954049757803795,1787954049757384480,5626842611868,0,0,0,0
tx,50,50,1,1,1787954049757807277,1787954049757384480,5626842615460,5626842628127,72,0,0
rx,51,51,1,1,1787954049772758610,1787954049772383629,5626857566664,0,0,0,0
tx,51,51,1,1,1787954049772761980,1787954049772383629,5626857570219,5626857583238,72,0,0
rx,52,52,1,1,1787954049787698129,1787954049787383388,5626872506201,0,0,0,0
tx,52,52,1,1,1787954049787701573,1787954049787383388,5626872509757,5626872521516,72,0,0
rx,53,53,1,1,1787954049802638184,1787954049802342203,5626887446257,0,0,0,0
tx,53,53,1,1,1787954049802641573,1787954049802342203,5626887449757,5626887462201,72,0,0
rx,54,54,1,1,1787954049817576499,1787954049817386166,5626902384571,0,0,0,0
tx,54,54,1,1,1787954049817579962,1787954049817386166,5626902388145,5626902401127,72,0,0
rx,55,55,1,1,1787954049832535406,1787954049832378628,5626917343460,0,0,0,0
tx,55,55,1,1,1787954049832538980,1787954049832378628,5626917347164,5626917359386,72,0,0
rx,56,56,1,1,1787954049847473554,1787954049847377480,5626932281608,0,0,0,0
tx,56,56,1,1,1787954049847476888,1787954049847377480,5626932285071,5626932296442,72,0,0
rx,57,57,1,1,1787954049863514980,1787954049862432295,5626948323034,0,0,0,0
tx,57,57,1,1,1787954049863519110,1787954049862432295,5626948327386,5626948351701,72,0,0
rx,58,58,1,1,1787954049877423869,1787954049877389499,5626962231923,0,0,0,0
tx,58,58,1,1,1787954049877427388,1787954049877389499,5626962235627,5626962248145,72,0,0
rx,59,59,1,1,1787954049893424925,1787954049892405165,5626978232997,0,0,0,0
tx,59,59,1,1,1787954049893428684,1787954049892405165,5626978236979,5626978250682,72,0,0
rx,60,60,1,1,1787954049908372832,1787954049907385128,5626993180905,0,0,0,0
tx,60,60,1,1,1787954049908376869,1787954049907385128,5626993185127,5626993203497,72,0,0
rx,61,61,1,1,1787954049922509758,1787954049922459443,5627007317831,0,0,0,0
tx,61,61,1,1,1787954049922515462,1787954049922459443,5627007323645,5627007352812,72,0,0
rx,62,62,1,1,1787954049937524240,1787954049937424703,5627022332293,0,0,0,0
tx,62,62,1,1,1787954049937528703,1787954049937424703,5627022336886,5627022357590,72,0,0
rx,63,63,1,1,1787954049952493480,1787954049952387406,5627037301534,0,0,0,0
tx,63,63,1,1,1787954049952497128,1787954049952387406,5627037305368,5627037318682,72,0,0
rx,64,64,1,1,1787954049967437462,1787954049967384573,5627052245534,0,0,0,0
tx,64,64,1,1,1787954049967441017,1787954049967384573,5627052249293,5627052261590,72,0,0
rx,65,65,1,1,1787954049982401684,1787954049982380462,5627067209738,0,0,0,0
tx,65,65,1,1,1787954049982405277,1787954049982380462,5627067213460,5627067224960,72,0,0
rx,66,66,1,1,1787954049998397277,1787954049997382017,5627083205349,0,0,0,0
tx,66,66,1,1,1787954049998401036,1787954049997382017,5627083209275,5627083221682,72,0,0
rx,67,67,1,1,1787954050013341573,1787954050012394036,5627098149645,0,0,0,0
tx,67,67,1,1,1787954050013345851,1787954050012394036,5627098154145,5627098169293,72,0,0
rx,68,68,1,1,1787954050028286980,1787954050027382202,5627113095053,0,0,0,0
tx,68,68,1,1,1787954050028290684,1787954050027382202,5627113098867,5627113111330,72,0,0
rx,69,69,1,1,1787954050043238647,1787954050042380017,5627128046701,0,0,0,0
tx,69,69,1,1,1787954050043242110,1787954050042380017,5627128050293,5627128062219,72,0,0
rx,70,70,1,1,1787954050058172758,1787954050057380777,5627142980812,0,0,0,0
tx,70,70,1,1,1787954050058176221,1787954050057380777,5627142984405,5627142996460,72,0,0
rx,71,71,1,1,1787954050073108221,1787954050072377832,5627157916275,0,0,0,0
tx,71,71,1,1,1787954050073111851,1787954050072377832,5627157920034,5627157931497,72,0,0
rx,72,72,1,1,1787954050088042258,1787954050087378221,5627172850312,0,0,0,0
tx,72,72,1,1,1787954050088045758,1787954050087378221,5627172853942,5627172865571,72,0,0
rx,73,73,1,1,1787954050102974888,1787954050102376462,5627187782960,0,0,0,0
tx,73,73,1,1,1787954050102978573,1787954050102376462,5627187786756,5627187798497,72,0,0
rx,74,74,1,1,1787954050117909980,1787954050117389462,5627202718034,0,0,0,0
tx,74,74,1,1,1787954050117913832,1787954050117389462,5627202722090,5627202736664,72,0,0
rx,75,75,1,1,1787954050132869036,1787954050132383554,5627217677108,0,0,0,0
tx,75,75,1,1,1787954050132872776,1787954050132383554,5627217681016,5627217695090,72,0,0
rx,76,76,1,1,1787954050147816573,1787954050147383795,5627232624627,0,0,0,0
tx,76,76,1,1,1787954050147820036,1787954050147383795,5627232628330,5627232640423,72,0,0
rx,77,77,1,1,1787954050162755573,1787954050162380480,5627247563627,0,0,0,0
tx,77,77,1,1,1787954050162759184,1787954050162380480,5627247567423,5627247579960,72,0,0
rx,78,78,1,1,1787954050177691610,1787954050177383776,5627262499682,0,0,0,0
tx,78,78,1,1,1787954050177694999,1787954050177383776,5627262503275,5627262515553,72,0,0
rx,79,79,1,1,1787954050192631443,1787954050192378406,5627277439497,0,0,0,0
tx,79,79,1,1,1787954050192634647,1787954050192378406,5627277442849,5627277454108,72,0,0
rx,80,80,1,1,1787954050207568221,1787954050207380925,5627292376275,0,0,0,0
tx,80,80,1,1,1787954050207571591,1787954050207380925,5627292379775,5627292391738,72,0,0
rx,81,81,1,1,1787954050222507313,1787954050222385850,5627307315367,0,0,0,0
tx,81,81,1,1,1787954050222510813,1787954050222385850,5627307318997,5627307332664,72,0,0
rx,82,82,1,1,1787954050237448739,1787954050237376332,5627322256812,0,0,0,0
tx,82,82,1,1,1787954050237452147,1787954050237376332,5627322260330,5627322271830,72,0,0
rx,83,83,1,1,1787954050252386795,1787954050252374795,5627337194867,0,0,0,0
tx,83,83,1,1,1787954050252390054,1787954050252374795,5627337198238,5627337209497,72,0,0
rx,84,84,1,1,1787954050268388925,1787954050267379480,5627353196978,0,0,0,0
tx,84,84,1,1,1787954050268392202,1787954050267379480,5627353200386,5627353212590,72,0,0
rx,85,85,1,1,1787954050283320980,1787954050282379925,5627368129053,0,0,0,0
tx,85,85,1,1,1787954050283324276,1787954050282379925,5627368132460,5627368145034,72,0,0
rx,86,86,1,1,1787954050298278739,1787954050297378425,5627383086812,0,0,0,0
tx,86,86,1,1,1787954050298282036,1787954050297378425,5627383090219,5627383102034,72,0,0
rx,87,87,1,1,1787954050313216591,1787954050312389036,5627398024645,0,0,0,0
tx,87,87,1,1,1787954050313220332,1787954050312389036,5627398028534,5627398041867,72,0,0
rx,88,88,1,1,1787954050328159684,1787954050327380499,5627412967756,0,0,0,0
tx,88,88,1,1,1787954050328163536,1787954050327380499,5627412971719,5627412983423,72,0,0
rx,89,89,1,1,1787954050343096813,1787954050342386091,5627427904867,0,0,0,0
tx,89,89,1,1,1787954050343100573,1787954050342386091,5627427908756,5627427923701,72,0,0
rx,90,90,1,1,1787954050358057684,1787954050357426887,5627442865756,0,0,0,0
tx,90,90,1,1,1787954050358062110,1787954050357426887,5627442870293,5627442892923,72,0,0
rx,91,91,1,1,1787954050373024443,1787954050372386739,5627457832515,0,0,0,0
tx,91,91,1,1,1787954050373028332,1787954050372386739,5627457836534,5627457851627,72,0,0
rx,92,92,1,1,1787954050387985184,1787954050387385573,5627472793145,0,0,0,0
tx,92,92,1,1,1787954050387988999,1787954050387385573,5627472797182,5627472812219,72,0,0
rx,93,93,1,1,1787954050402927295,1787954050402384980,5627487735367,0,0,0,0
tx,93,93,1,1,1787954050402931017,1787954050402384980,5627487739201,5627487753238,72,0,0
rx,94,94,1,1,1787954050417881869,1787954050417405202,5627502689941,0,0,0,0
tx,94,94,1,1,1787954050417886221,1787954050417405202,5627502694404,5627502714997,72,0,0
rx,95,95,1,1,1787954050432844628,1787954050432387017,5627517652701,0,0,0,0
tx,95,95,1,1,1787954050432848424,1787954050432387017,5627517656701,5627517670478,72,0,0
rx,96,96,1,1,1787954050447787461,1787954050447386276,5627532595534,0,0,0,0
tx,96,96,1,1,1787954050447791239,1787954050447386276,5627532599497,5627532613626,72,0,0
rx,97,97,1,1,1787954050462755998,1787954050462397906,5627547564071,0,0,0,0
tx,97,97,1,1,1787954050462760424,1787954050462397906,5627547568608,5627547585997,72,0,0
rx,98,98,1,1,1787954050477709202,1787954050477385332,5627562517275,0,0,0,0
tx,98,98,1,1,1787954050477713036,1787954050477385332,5627562521219,5627562534904,72,0,0
rx,99,99,1,1,1787954050492650647,1787954050492383591,5627577458719,0,0,0,0
tx,99,99,1,1,1787954050492654480,1787954050492383591,5627577462682,5627577476867,72,0,0
rx,100,100,1,1,1787954050507603017,1787954050507408610,5627592411089,0,0,0,0
tx,100,100,1,1,1787954050507607295,1787954050507408610,5627592415478,5627592435775,72,0,0
rx,101,101,1,1,1787954050522566498,1787954050522394869,5627607374552,0,0,0,0
tx,101,101,1,1,1787954050522570610,1787954050522394869,5627607378849,5627607394886,72,0,0
rx,102,102,1,1,1787954050537515887,1787954050537386573,5627622323960,0,0,0,0
tx,102,102,1,1,1787954050537519313,1787954050537386573,5627622327589,5627622342219,72,0,0
rx,103,103,1,1,1787954050552486702,1787954050552408295,5627637294775,0,0,0,0
tx,103,103,1,1,1787954050552490628,1787954050552408295,5627637298830,5627637317126,72,0,0
rx,104,104,1,1,1787954050567447332,1787954050567390702,5627652255404,0,0,0,0
tx,104,104,1,1,1787954050567450906,1787954050567390702,5627652259182,5627652274756,72,0,0
rx,105,105,1,1,1787954050582405072,1787954050582382943,5627667213126,0,0,0,0
tx,105,105,1,1,1787954050582408758,1787954050582382943,5627667216997,5627667230163,72,0,0
rx,106,106,1,1,1787954050598402406,1787954050597383054,5627683210478,0,0,0,0
tx,106,106,1,1,1787954050598406221,1787954050597383054,5627683214478,5627683228330,72,0,0
rx,107,107,1,1,1787954050613356943,1787954050612441591,5627698164997,0,0,0,0
tx,107,107,1,1,1787954050613363665,1787954050612441591,5627698171849,5627698191645,72,0,0
rx,108,108,1,1,1787954050628332647,1787954050627393869,5627713140719,0,0,0,0
tx,108,108,1,1,1787954050628336943,1787954050627393869,5627713145200,5627713162849,72,0,0
rx,109,109,1,1,1787954050643286480,1787954050642385850,5627728094534,0,0,0,0
tx,109,109,1,1,1787954050643290554,1787954050642385850,5627728098737,5627728112700,72,0,0
rx,110,110,1,1,1787954050658239776,1787954050657406498,5627743047849,0,0,0,0
tx,110,110,1,1,1787954050658243776,1787954050657406498,5627743052052,5627743072700,72,0,0
rx,111,111,1,1,1787954050673198961,1787954050672392202,5627758007015,0,0,0,0
tx,111,111,1,1,1787954050673202572,1787954050672392202,5627758010830,5627758026237,72,0,0
rx,112,112,1,1,1787954050688146795,1787954050687384906,5627772954849,0,0,0,0
tx,112,112,1,1,1787954050688150498,1787954050687384906,5627772958682,5627772973126,72,0,0
rx,113,113,1,1,1787954050703107128,1787954050702407702,5627787915200,0,0,0,0
tx,113,113,1,1,1787954050703111646,1787954050702407702,5627787919830,5627787941571,72,0,0
rx,114,114,1,1,1787954050718075684,1787954050717398906,5627802883756,0,0,0,0
tx,114,114,1,1,1787954050718080239,1787954050717398906,5627802888515,5627802904774,72,0,0
rx,115,115,1,1,1787954050733026684,1787954050732388146,5627817834756,0,0,0,0
tx,115,115,1,1,1787954050733031961,1787954050732388146,5627817840145,5627817854386,72,0,0
rx,116,116,1,1,1787954050747991332,1787954050747384665,5627832799404,0,0,0,0
tx,116,116,1,1,1787954050747995332,1787954050747384665,5627832803515,5627832817497,72,0,0
rx,117,117,1,1,1787954050762943054,1787954050762398665,5627847751108,0,0,0,0
tx,117,117,1,1,1787954050762947035,1787954050762398665,5627847755219,5627847773941,72,0,0
rx,118,118,1,1,1787954050777898869,1787954050777387887,5627862706923,0,0,0,0
tx,118,118,1,1,1787954050777902646,1787954050777387887,5627862710830,5627862725552,72,0,0
rx,119,119,1,1,1787954050792841813,1787954050792383702,5627877649886,0,0,0,0
tx,119,119,1,1,1787954050792845424,1787954050792383702,5627877653682,5627877667515,72,0,0
rx,120,120,1,1,1787954050807812665,1787954050807400035,5627892620719,0,0,0,0
tx,120,120,1,1,1787954050807816906,1787954050807400035,5627892625089,5627892643330,72,0,0
rx,121,121,1,1,1787954050822768665,1787954050822393313,5627907576737,0,0,0,0
tx,121,121,1,1,1787954050822772683,1787954050822393313,5627907581015,5627907597219,72,0,0
rx,122,122,1,1,1787954050837714109,1787954050837385924,5627922522182,0,0,0,0
tx,122,122,1,1,1787954050837719498,1787954050837385924,5627922527719,5627922542534,72,0,0
rx,123,123,1,1,1787954050852666332,1787954050852428850,5627937474293,0,0,0,0
tx,123,123,1,1,1787954050852670350,1787954050852428850,5627937478534,5627937495811,72,0,0
rx,124,124,1,1,1787954050867651683,1787954050867412146,5627952459737,0,0,0,0
tx,124,124,1,1,1787954050867656239,1787954050867412146,5627952464423,5627952484978,72,0,0
rx,125,125,1,1,1787954050882616702,1787954050882392295,5627967424774,0,0,0,0
tx,125,125,1,1,1787954050882620609,1787954050882392295,5627967428904,5627967444515,72,0,0
rx,126,126,1,1,1787954050897564332,1787954050897386276,5627982372404,0,0,0,0
tx,126,126,1,1,1787954050897568332,1787954050897386276,5627982376645,5627982391923,72,0,0
rx,127,127,1,1,1787954050912538387,1787954050912405776,5627997346385,0,0,0,0
tx,127,127,1,1,1787954050912542720,1787954050912405776,5627997350904,5627997371330,72,0,0
rx,128,128,1,1,1787954050927506072,1787954050927393906,5628012314145,0,0,0,0
tx,128,128,1,1,1787954050927509628,1787954050927393906,5628012317811,5628012334385,72,0,0
rx,129,129,1,1,1787954050942476794,1787954050942401720,5628027284867,0,0,0,0
tx,129,129,1,1,1787954050942482183,1787954050942401720,5628027290385,5628027304089,72,0,0
rx,130,130,1,1,1787954050957431498,1787954050957412794,5628042239571,0,0,0,0
tx,130,130,1,1,1787954050957435832,1787954050957412794,5628042244015,5628042264293,72,0,0
rx,131,131,1,1,1787954050973457794,1787954050972390961,5628058265774,0,0,0,0
tx,131,131,1,1,1787954050973461461,1787954050972390961,5628058269719,5628058283885,72,0,0
rx,132,132,1,1,1787954050988404091,1787954050987387109,5628073212163,0,0,0,0
tx,132,132,1,1,1787954050988407998,1787954050987387109,5628073216237,5628073230385,72,0,0
rx,133,133,1,1,1787954051003352906,1787954051002402424,5628088160959,0,0,0,0
tx,133,133,1,1,1787954051003356906,1787954051002402424,5628088165163,5628088185867,72,0,0
rx,134,134,1,1,1787954051018315165,1787954051017402294,5628103123237,0,0,0,0
tx,134,134,1,1,1787954051018319183,1787954051017402294,5628103127478,5628103145108,72,0,0
rx,135,135,1,1,1787954051033268535,1787954051032387017,5628118076589,0,0,0,0
tx,135,135,1,1,1787954051033272109,1787954051032387017,5628118080367,5628118093978,72,0,0
rx,136,136,1,1,1787954051048217628,1787954051047404943,5628133025682,0,0,0,0
tx,136,136,1,1,1787954051048221906,1787954051047404943,5628133030182,5628133050589,72,0,0
rx,137,137,1,1,1787954051063211998,1787954051062400146,5628148020052,0,0,0,0
tx,137,137,1,1,1787954051063218128,1787954051062400146,5628148026311,5628148041182,72,0,0
rx,138,138,1,1,1787954051078158683,1787954051077388850,5628162966756,0,0,0,0
tx,138,138,1,1,1787954051078162294,1787954051077388850,5628162970552,5628162984571,72,0,0
rx,139,139,1,1,1787954051093102017,1787954051092382609,5628177910071,0,0,0,0
tx,139,139,1,1,1787954051093105794,1787954051092382609,5628177914052,5628177928663,72,0,0
rx,140,140,1,1,1787954051108056443,1787954051107396720,5628192864515,0,0,0,0
tx,140,140,1,1,1787954051108060794,1787954051107396720,5628192868978,5628192887552,72,0,0
rx,141,141,1,1,1787954051123025591,1787954051122399850,5628207833645,0,0,0,0
tx,141,141,1,1,1787954051123029924,1787954051122399850,5628207838182,5628207857441,72,0,0
rx,142,142,1,1,1787954051137981980,1787954051137387368,5628222790052,0,0,0,0
tx,142,142,1,1,1787954051137985794,1787954051137387368,5628222793978,5628222808589,72,0,0
rx,143,143,1,1,1787954051152935276,1787954051152402868,5628237743348,0,0,0,0
tx,143,143,1,1,1787954051152939609,1787954051152402868,5628237747867,5628237768904,72,0,0
rx,144,144,1,1,1787954051167895257,1787954051167399702,5628252703330,0,0,0,0
tx,144,144,1,1,1787954051167901257,1787954051167399702,5628252709441,5628252725052,72,0,0
rx,145,145,1,1,1787954051182845350,1787954051182390739,5628267653422,0,0,0,0
tx,145,145,1,1,1787954051182849202,1787954051182390739,5628267657441,5628267671700,72,0,0
rx,146,146,1,1,1787954051197789017,1787954051197384405,5628282597089,0,0,0,0
tx,146,146,1,1,1787954051197793017,1787954051197384405,5628282601200,5628282614941,72,0,0
rx,147,147,1,1,1787954051212741757,1787954051212407461,5628297549830,0,0,0,0
tx,147,147,1,1,1787954051212746294,1787954051212407461,5628297554570,5628297574422,72,0,0
rx,148,148,1,1,1787954051227701646,1787954051227388054,5628312509719,0,0,0,0
tx,148,148,1,1,1787954051227705368,1787954051227388054,5628312513608,5628312528052,72,0,0
rx,149,149,1,1,1787954051242662720,1787954051242384702,5628327470793,0,0,0,0
tx,149,149,1,1,1787954051242666517,1787954051242384702,5628327474793,5628327490108,72,0,0
rx,150,150,1,1,1787954051257617776,1787954051257396609,5628342425830,0,0,0,0
tx,150,150,1,1,1787954051257622017,1787954051257396609,5628342430200,5628342447256,72,0,0
rx,151,151,1,1,1787954051272572368,1787954051272421609,5628357380441,0,0,0,0
tx,151,151,1,1,1787954051272577794,1787954051272421609,5628357385978,5628357399478,72,0,0
rx,152,152,1,1,1787954051287514146,1787954051287386554,5628372322219,0,0,0,0
tx,152,152,1,1,1787954051287517868,1787954051287386554,5628372326107,5628372340385,72,0,0
rx,153,153,1,1,1787954051302464313,1787954051302404905,5628387272385,0,0,0,0
tx,153,153,1,1,1787954051302468665,1787954051302404905,5628387276959,5628387295293,72,0,0
rx,154,154,1,1,1787954051317422387,1787954051317396109,5628402230441,0,0,0,0
tx,154,154,1,1,1787954051317426739,1787954051317396109,5628402234941,5628402251793,72,0,0
rx,155,155,1,1,1787954051332394461,1787954051332385887,5628417202533,0,0,0,0
tx,155,155,1,1,1787954051332397942,1787954051332385887,5628417206237,5628417219978,72,0,0
rx,156,156,1,1,1787954051348409942,1787954051347404331,5628433218015,0,0,0,0
tx,156,156,1,1,1787954051348413813,1787954051347404331,5628433222070,5628433241515,72,0,0
rx,157,157,1,1,1787954051363368294,1787954051362390165,5628448176348,0,0,0,0
tx,157,157,1,1,1787954051363372591,1787954051362390165,5628448180774,5628448196385,72,0,0
rx,158,158,1,1,1787954051378314572,1787954051377383702,5628463122644,0,0,0,0
tx,158,158,1,1,1787954051378318072,1787954051377383702,5628463126330,5628463139459,72,0,0
rx,159,159,1,1,1787954051393254109,1787954051392384016,5628478062181,0,0,0,0
tx,159,159,1,1,1787954051393259831,1787954051392384016,5628478068107,5628478082626,72,0,0
rx,160,160,1,1,1787954051408215683,1787954051407403220,5628493023663,0,0,0,0
tx,160,160,1,1,1787954051408220016,1787954051407403220,5628493028200,5628493047052,72,0,0
rx,161,161,1,1,1787954051423203461,1787954051422399720,5628508011533,0,0,0,0
tx,161,161,1,1,1787954051423208053,1787954051422399720,5628508016311,5628508035552,72,0,0
rx,162,162,1,1,1787954051438160831,1787954051437387128,5628522968904,0,0,0,0
tx,162,162,1,1,1787954051438164665,1787954051437387128,5628522972922,5628522988015,72,0,0
rx,163,163,1,1,1787954051453114276,1787954051452408202,5628537922348,0,0,0,0
tx,163,163,1,1,1787954051453118331,1787954051452408202,5628537926570,5628537946774,72,0,0
rx,164,164,1,1,1787954051468073794,1787954051467392294,5628552881848,0,0,0,0
tx,164,164,1,1,1787954051468077516,1787954051467392294,5628552885811,5628552900996,72,0,0
rx,165,165,1,1,1787954051483018609,1787954051482383442,5628567826681,0,0,0,0
tx,165,165,1,1,1787954051483022276,1787954051482383442,5628567830478,5628567845256,72,0,0
rx,166,166,1,1,1787954051497959479,1787954051497389053,5628582767552,0,0,0,0
tx,166,166,1,1,1787954051497965590,1787954051497389053,5628582773867,5628582789663,72,0,0
rx,167,167,1,1,1787954051512912331,1787954051512409053,5628597720293,0,0,0,0
tx,167,167,1,1,1787954051512916516,1787954051512409053,5628597724700,5628597743404,72,0,0
rx,168,168,1,1,1787954051527869035,1787954051527388276,5628612677089,0,0,0,0
tx,168,168,1,1,1787954051527872794,1787954051527388276,5628612681089,5628612696589,72,0,0
rx,169,169,1,1,1787954051542812479,1787954051542381572,5628627620552,0,0,0,0
tx,169,169,1,1,1787954051542816516,1787954051542381572,5628627624700,5628627637793,72,0,0
rx,170,170,1,1,1787954051557758239,1787954051557397368,5628642566311,0,0,0,0
tx,170,170,1,1,1787954051557762424,1787954051557397368,5628642570681,5628642589107,72,0,0
rx,171,171,1,1,1787954051572713850,1787954051572386516,5628657521922,0,0,0,0
tx,171,171,1,1,1787954051572717516,1787954051572386516,5628657525700,5628657539941,72,0,0
rx,172,172,1,1,1787954051587673368,1787954051587383794,5628672481441,0,0,0,0
tx,172,172,1,1,1787954051587676942,1787954051587383794,5628672485200,5628672499070,72,0,0
rx,173,173,1,1,1787954051602622053,1787954051602407424,5628687430126,0,0,0,0
tx,173,173,1,1,1787954051602627405,1787954051602407424,5628687435589,5628687453292,72,0,0
rx,174,174,1,1,1787954051617580109,1787954051617401405,5628702388181,0,0,0,0
tx,174,174,1,1,1787954051617584220,1787954051617401405,5628702392441,5628702410292,72,0,0
rx,175,175,1,1,1787954051632546776,1787954051632388961,5628717354829,0,0,0,0
tx,175,175,1,1,1787954051632550646,1787954051632388961,5628717358885,5628717374348,72,0,0
rx,176,176,1,1,1787954051647503350,1787954051647405479,5628732311404,0,0,0,0
tx,176,176,1,1,1787954051647507572,1787954051647405479,5628732315867,5628732335478,72,0,0
rx,177,177,1,1,1787954051662462887,1787954051662392127,5628747270959,0,0,0,0
tx,177,177,1,1,1787954051662466572,1787954051662392127,5628747274829,5628747290441,72,0,0
rx,178,178,1,1,1787954051677410850,1787954051677388683,5628762218922,0,0,0,0
tx,178,178,1,1,1787954051677414424,1787954051677388683,5628762222607,5628762237589,72,0,0
rx,179,179,1,1,1787954051693425553,1787954051692405979,5628778233626,0,0,0,0
tx,179,179,1,1,1787954051693429998,1787954051692405979,5628778238441,5628778258718,72,0,0
rx,180,180,1,1,1787954051708397998,1787954051707390979,5628793206070,0,0,0,0
tx,180,180,1,1,1787954051708402183,1787954051707390979,5628793210422,5628793227404,72,0,0
rx,181,181,1,1,1787954051723353127,1787954051722393035,5628808161200,0,0,0,0
tx,181,181,1,1,1787954051723358942,1787954051722393035,5628808167144,5628808182218,72,0,0
rx,182,182,1,1,1787954051738300109,1787954051737383405,5628823108181,0,0,0,0
tx,182,182,1,1,1787954051738303627,1787954051737383405,5628823111885,5628823124570,72,0,0
rx,183,183,1,1,1787954051753252813,1787954051752405442,5628838060866,0,0,0,0
tx,183,183,1,1,1787954051753256979,1787954051752405442,5628838065237,5628838085496,72,0,0
rx,184,184,1,1,1787954051768215257,1787954051767390646,5628853023311,0,0,0,0
tx,184,184,1,1,1787954051768219072,1787954051767390646,5628853027311,5628853042533,72,0,0
rx,185,185,1,1,1787954051783160775,1787954051782383368,5628867968848,0,0,0,0
tx,185,185,1,1,1787954051783164275,1787954051782383368,5628867972515,5628867986866,72,0,0
rx,186,186,1,1,1787954051798139238,1787954051797401720,5628882947311,0,0,0,0
tx,186,186,1,1,1787954051798143201,1787954051797401720,5628882951441,5628882972181,72,0,0
rx,187,187,1,1,1787954051813093998,1787954051812412331,5628897902052,0,0,0,0
tx,187,187,1,1,1787954051813098072,1787954051812412331,5628897906366,5628897923348,72,0,0
rx,188,188,1,1,1787954051828047201,1787954051827387164,5628912855163,0,0,0,0
tx,188,188,1,1,1787954051828052553,1787954051827387164,5628912860792,5628912874700,72,0,0
rx,189,189,1,1,1787954051843007387,1787954051842383775,5628927815440,0,0,0,0
tx,189,189,1,1,1787954051843011053,1787954051842383775,5628927819329,5628927833459,72,0,0
rx,190,190,1,1,1787954051857975127,1787954051857441201,5628942783107,0,0,0,0
tx,190,190,1,1,1787954051857979961,1787954051857441201,5628942788218,5628942813866,72,0,0
rx,191,191,1,1,1787954051872952942,1787954051872393553,5628957761015,0,0,0,0
tx,191,191,1,1,1787954051872957275,1787954051872393553,5628957765459,5628957780718,72,0,0
rx,192,192,1,1,1787954051887902664,1787954051887387164,5628972710718,0,0,0,0
tx,192,192,1,1,1787954051887906183,1787954051887387164,5628972714459,5628972728829,72,0,0
rx,193,193,1,1,1787954051902878720,1787954051902396424,5628987686774,0,0,0,0
tx,193,193,1,1,1787954051902883016,1787954051902396424,5628987691200,5628987711107,72,0,0
rx,194,194,1,1,1787954051917837201,1787954051917401275,5629002645237,0,0,0,0
tx,194,194,1,1,1787954051917841831,1787954051917401275,5629002650033,5629002668774,72,0,0
rx,195,195,1,1,1787954051932795868,1787954051932397146,5629017603940,0,0,0,0
tx,195,195,1,1,1787954051932801572,1787954051932397146,5629017609848,5629017624700,72,0,0
rx,196,196,1,1,1787954051947751849,1787954051947410664,5629032559922,0,0,0,0
tx,196,196,1,1,1787954051947756442,1787954051947410664,5629032564996,5629032582626,72,0,0
rx,197,197,1,1,1787954051962710016,1787954051962390572,5629047518070,0,0,0,0
tx,197,197,1,1,1787954051962713775,1787954051962390572,5629047522033,5629047537663,72,0,0
rx,198,198,1,1,1787954051977658924,1787954051977385609,5629062466977,0,0,0,0
tx,198,198,1,1,1787954051977662664,1787954051977385609,5629062470903,5629062485385,72,0,0
rx,199,199,1,1,1787954051992604590,1787954051992383368,5629077412663,0,0,0,0
tx,199,199,1,1,1787954051992608701,1787954051992383368,5629077416959,5629077430107,72,0,0
rx,200,200,1,1,1787954052007554257,1787954052007399683,5629092362329,0,0,0,0
tx,200,200,1,1,1787954052007558498,1787954052007399683,5629092366848,5629092386311,72,0,0
rx,201,0,1,1,1787954052022520590,1787954052022396035,5629107328663,0,0,0,0
tx,201,0,1,1,1787954052022524646,1787954052022396035,5629107333163,5629107348681,72,0,0
rx,202,1,1,1,1787954052037470164,1787954052037386423,5629122278237,0,0,0,0
tx,202,1,1,1,1787954052037475461,1787954052037386423,5629122283737,5629122297237,72,0,0
rx,203,2,1,1,1787954052053486460,1787954052052406942,5629138294533,0,0,0,0
tx,203,2,1,1,1787954052053492701,1787954052052406942,5629138300885,5629138318200,72,0,0
rx,204,3,1,1,1787954052068441442,1787954052067393905,5629153249514,0,0,0,0
tx,204,3,1,1,1787954052068445479,1787954052067393905,5629153253663,5629153270033,72,0,0
rx,205,4,1,1,1787954052083388368,1787954052082385016,5629168196440,0,0,0,0
tx,205,4,1,1,1787954052083391905,1787954052082385016,5629168200144,5629168214737,72,0,0
rx,206,5,1,1,1787954052098369312,1787954052097409627,5629183177385,0,0,0,0
tx,206,5,1,1,1787954052098373646,1787954052097409627,5629183181922,5629183201626,72,0,0
rx,207,6,1,1,1787954052113350146,1787954052112401127,5629198158218,0,0,0,0
tx,207,6,1,1,1787954052113354275,1787954052112401127,5629198162551,5629198181903,72,0,0
rx,208,7,1,1,1787954052128315720,1787954052127388294,5629213123792,0,0,0,0
tx,208,7,1,1,1787954052128319683,1787954052127388294,5629213127940,5629213144940,72,0,0
rx,209,8,1,1,1787954052143275720,1787954052142404775,5629228083792,0,0,0,0
tx,209,8,1,1,1787954052143280386,1787954052142404775,5629228088663,5629228109533,72,0,0
rx,210,9,1,1,1787954052158234757,1787954052157399664,5629243042737,0,0,0,0
tx,210,9,1,1,1787954052158240553,1787954052157399664,5629243048737,5629243064607,72,0,0
rx,211,10,1,1,1787954052173184257,1787954052172392701,5629257992329,0,0,0,0
tx,211,10,1,1,1787954052173188312,1787954052172392701,5629257996496,5629258011163,72,0,0
rx,212,11,1,1,1787954052188130720,1787954052187385034,5629272938774,0,0,0,0
tx,212,11,1,1,1787954052188134312,1787954052187385034,5629272942514,5629272956811,72,0,0
rx,213,12,1,1,1787954052203083257,1787954052202396738,5629287891329,0,0,0,0
tx,213,12,1,1,1787954052203087275,1787954052202396738,5629287895514,5629287912885,72,0,0
rx,214,13,1,1,1787954052218039238,1787954052217399386,5629302847292,0,0,0,0
tx,214,13,1,1,1787954052218043386,1787954052217399386,5629302851625,5629302868774,72,0,0
rx,215,14,1,1,1787954052232990757,1787954052232384368,5629317798829,0,0,0,0
tx,215,14,1,1,1787954052232994386,1787954052232384368,5629317802681,5629317816625,72,0,0
rx,216,15,1,1,1787954052247939590,1787954052247395738,5629332747662,0,0,0,0
tx,216,15,1,1,1787954052247943868,1787954052247395738,5629332752051,5629332768848,72,0,0
rx,217,16,1,1,1787954052262889609,1787954052262392220,5629347697681,0,0,0,0
tx,217,16,1,1,1787954052262894868,1787954052262392220,5629347703051,5629347717366,72,0,0
rx,218,17,1,1,1787954052277833275,1787954052277388127,5629362641348,0,0,0,0
tx,218,17,1,1,1787954052277836497,1787954052277388127,5629362644774,5629362658051,72,0,0
rx,219,18,1,1,1787954052292785720,1787954052292383590,5629377593792,0,0,0,0
tx,219,18,1,1,1787954052292789146,1787954052292383590,5629377597403,5629377612403,72,0,0
rx,220,19,1,1,1787954052307736108,1787954052307395794,5629392544181,0,0,0,0
tx,220,19,1,1,1787954052307740183,1787954052307395794,5629392548366,5629392567181,72,0,0
rx,221,20,1,1,1787954052322695868,1787954052322397553,5629407503940,0,0,0,0
tx,221,20,1,1,1787954052322699812,1787954052322397553,5629407508051,5629407525329,72,0,0
rx,222,21,1,1,1787954052337648423,1787954052337390016,5629422456496,0,0,0,0
tx,222,21,1,1,1787954052337651979,1787954052337390016,5629422460236,5629422475977,72,0,0
rx,223,22,1,1,1787954052352625460,1787954052352397238,5629437433533,0,0,0,0
tx,223,22,1,1,1787954052352629646,1787954052352397238,5629437438014,5629437455903,72,0,0
rx,224,23,1,1,1787954052367579183,1787954052367409368,5629452387255,0,0,0,0
tx,224,23,1,1,1787954052367584553,1787954052367409368,5629452392736,5629452407866,72,0,0
rx,225,24,1,1,1787954052382544386,1787954052382384053,5629467352440,0,0,0,0
tx,225,24,1,1,1787954052382548053,1787954052382384053,5629467356255,5629467369662,72,0,0
rx,226,25,1,1,1787954052397494294,1787954052397407349,5629482302366,0,0,0,0
tx,226,25,1,1,1787954052397498275,1787954052397407349,5629482306625,5629482325088,72,0,0
rx,227,26,1,1,1787954052412450460,1787954052412394127,5629497258533,0,0,0,0
tx,227,26,1,1,1787954052412454645,1787954052412394127,5629497262940,5629497278440,72,0,0
rx,228,27,1,1,1787954052427405979,1787954052427395738,5629512214051,0,0,0,0
tx,228,27,1,1,1787954052427410034,1787954052427395738,5629512218218,5629512234959,72,0,0
rx,229,28,1,1,1787954052443436553,1787954052442418257,5629528244625,0,0,0,0
tx,229,28,1,1,1787954052443441257,1787954052442418257,5629528249440,5629528270644,72,0,0
rx,230,29,1,1,1787954052458403868,1787954052457390720,5629543211922,0,0,0,0
tx,230,29,1,1,1787954052458407220,1787954052457390720,5629543215477,5629543232273,72,0,0
rx,231,30,1,1,1787954052473350979,1787954052472389720,5629558159033,0,0,0,0
tx,231,30,1,1,1787954052473354627,1787954052472389720,5629558162848,5629558178181,72,0,0
rx,232,31,1,1,1787954052488293775,1787954052487385108,5629573101847,0,0,0,0
tx,232,31,1,1,1787954052488300368,1787954052487385108,5629573108551,5629573125607,72,0,0
rx,233,32,1,1,1787954052503247608,1787954052502396108,5629588055662,0,0,0,0
tx,233,32,1,1,1787954052503251627,1787954052502396108,5629588059810,5629588075199,72,0,0
rx,234,33,1,1,1787954052518196553,1787954052517402238,5629603004625,0,0,0,0
tx,234,33,1,1,1787954052518200571,1787954052517402238,5629603008755,5629603028181,72,0,0
rx,235,34,1,1,1787954052533148905,1787954052532385719,5629617956959,0,0,0,0
tx,235,34,1,1,1787954052533152516,1787954052532385719,5629617960755,5629617975792,72,0,0
rx,236,35,1,1,1787954052548100757,1787954052547395238,5629632908810,0,0,0,0
tx,236,35,1,1,1787954052548104775,1787954052547395238,5629632913033,5629632932273,72,0,0
rx,237,36,1,1,1787954052563057627,1787954052562388349,5629647865699,0,0,0,0
tx,237,36,1,1,1787954052563061294,1787954052562388349,5629647869533,5629647884496,72,0,0
rx,238,37,1,1,1787954052577999479,1787954052577382386,5629662807533,0,0,0,0
tx,238,37,1,1,1787954052578002886,1787954052577382386,5629662811181,5629662824718,72,0,0
rx,239,38,1,1,1787954052592938201,1787954052592384071,5629677746273,0,0,0,0
tx,239,38,1,1,1787954052592944238,1787954052592384071,5629677752477,5629677769403,72,0,0
rx,240,39,1,1,1787954052607892312,1787954052607395071,5629692700384,0,0,0,0
tx,240,39,1,1,1787954052607896571,1787954052607395071,5629692704755,5629692721236,72,0,0
rx,241,40,1,1,1787954052622864108,1787954052622397553,5629707672181,0,0,0,0
tx,241,40,1,1,1787954052622868312,1787954052622397553,5629707676551,5629707693847,72,0,0
rx,242,41,1,1,1787954052637828719,1787954052637389108,5629722636773,0,0,0,0
tx,242,41,1,1,1787954052637832553,1787954052637389108,5629722640792,5629722655718,72,0,0
rx,243,42,1,1,1787954052652786275,1787954052652396108,5629737594347,0,0,0,0
tx,243,42,1,1,1787954052652790460,1787954052652396108,5629737598644,5629737617477,72,0,0
rx,244,43,1,1,1787954052667746145,1787954052667391479,5629752554218,0,0,0,0
tx,244,43,1,1,1787954052667749849,1787954052667391479,5629752558144,5629752573477,72,0,0
rx,245,44,1,1,1787954052682690090,1787954052682387349,5629767498144,0,0,0,0
tx,245,44,1,1,1787954052682694201,1787954052682387349,5629767502403,5629767517051,72,0,0
rx,246,45,1,1,1787954052697641182,1787954052697514275,5629782449255,0,0,0,0
tx,246,45,1,1,1787954052697646756,1787954052697514275,5629782455033,5629782473477,72,0,0
rx,247,46,1,1,1787954052712613497,1787954052712394756,5629797421551,0,0,0,0
tx,247,46,1,1,1787954052712617293,1787954052712394756,5629797425570,5629797442014,72,0,0
rx,248,47,1,1,1787954052727565479,1787954052727394608,5629812373551,0,0,0,0
tx,248,47,1,1,1787954052727569571,1787954052727394608,5629812377810,5629812394977,72,0,0
rx,249,48,1,1,1787954052742527775,1787954052742408849,5629827335847,0,0,0,0
tx,249,48,1,1,1787954052742531867,1787954052742408849,5629827340255,5629827360107,72,0,0
rx,250,49,1,1,1787954052757489497,1787954052757387682,5629842297570,0,0,0,0
tx,250,49,1,1,1787954052757493034,1787954052757387682,5629842301218,5629842316384,72,0,0
rx,251,50,1,1,1787954052772436071,1787954052772407534,5629857244144,0,0,0,0
tx,251,50,1,1,1787954052772439719,1787954052772407534,5629857247958,5629857261847,72,0,0
rx,252,51,1,1,1787954052788450645,1787954052787405553,5629873258718,0,0,0,0
tx,252,51,1,1,1787954052788455182,1787954052787405553,5629873263366,5629873282292,72,0,0
rx,253,52,1,1,1787954052803406127,1787954052802385516,5629888214181,0,0,0,0
tx,253,52,1,1,1787954052803409645,1787954052802385516,5629888217903,5629888231718,72,0,0
rx,254,53,1,1,1787954052818348590,1787954052817400460,5629903156644,0,0,0,0
tx,254,53,1,1,1787954052818354034,1787954052817400460,5629903162218,5629903178718,72,0,0
rx,255,54,1,1,1787954052833298367,1787954052832384979,5629918106440,0,0,0,0
tx,255,54,1,1,1787954052833302127,1787954052832384979,5629918110310,5629918123792,72,0,0
rx,256,55,1,1,1787954052848249497,1787954052847403997,5629933057570,0,0,0,0
tx,256,55,1,1,1787954052848253256,1787954052847403997,5629933061477,5629933082310,72,0,0
rx,257,56,1,1,1787954052863256830,1787954052862404275,5629948064903,0,0,0,0
tx,257,56,1,1,1787954052863261090,1787954052862404275,5629948069366,5629948091236,72,0,0
rx,258,57,1,1,1787954052878242590,1787954052877385886,5629963050644,0,0,0,0
tx,258,57,1,1,1787954052878246238,1787954052877385886,5629963054421,5629963069810,72,0,0
rx,259,58,1,1,1787954052893198071,1787954052892396090,5629978006144,0,0,0,0
tx,259,58,1,1,1787954052893202182,1787954052892396090,5629978010458,5629978029866,72,0,0
rx,260,59,1,1,1787954052908285441,1787954052907381330,5629993093495,0,0,0,0
tx,260,59,1,1,1787954052908289367,1787954052907381330,5629993097551,5629993114588,72,0,0
rx,261,60,1,1,1787954052923333793,1787954052922395830,5630008141866,0,0,0,0
tx,261,60,1,1,1787954052923339701,1787954052922395830,5630008147921,5630008166032,72,0,0
rx,262,61,1,1,1787954052938347793,1787954052937384127,5630023155866,0,0,0,0
tx,262,61,1,1,1787954052938352238,1787954052937384127,5630023160421,5630023175588,72,0,0
rx,263,62,1,1,1787954052952675534,1787954052952387960,5630037483606,0,0,0,0
tx,263,62,1,1,1787954052952680034,1787954052952387960,5630037488514,5630037509810,72,0,0
rx,264,63,1,1,1787954052967645719,1787954052967386941,5630052453773,0,0,0,0
tx,264,63,1,1,1787954052967649460,1787954052967386941,5630052457699,5630052474551,72,0,0
rx,265,64,1,1,1787954052982596016,1787954052982378016,5630067404069,0,0,0,0
tx,265,64,1,1,1787954052982600127,1787954052982378016,5630067408384,5630067423310,72,0,0
rx,266,65,1,1,1787954052997691071,1787954052997386164,5630082499125,0,0,0,0
tx,266,65,1,1,1787954052997695293,1787954052997386164,5630082503532,5630082523292,72,0,0
rx,267,66,1,1,1787954053012671867,1787954053012383830,5630097479940,0,0,0,0
tx,267,66,1,1,1787954053012675886,1787954053012383830,5630097484069,5630097500495,72,0,0
rx,268,67,1,1,1787954053027624034,1787954053027386775,5630112432106,0,0,0,0
tx,268,67,1,1,1787954053027630182,1787954053027386775,5630112438366,5630112454643,72,0,0
rx,269,68,1,1,1787954053042778293,1787954053042398904,5630127586366,0,0,0,0
tx,269,68,1,1,1787954053042782386,1787954053042398904,5630127590625,5630127609940,72,0,0
rx,270,69,1,1,1787954053057737590,1787954053057378849,5630142545662,0,0,0,0
tx,270,69,1,1,1787954053057741275,1787954053057378849,5630142549514,5630142565106,72,0,0
rx,271,70,1,1,1787954053072687034,1787954053072383164,5630157495106,0,0,0,0
tx,271,70,1,1,1787954053072690812,1787954053072383164,5630157498995,5630157514236,72,0,0
rx,272,71,1,1,1787954053087867719,1787954053087400682,5630172675773,0,0,0,0
tx,272,71,1,1,1787954053087872182,1787954053087400682,5630172680421,5630172702458,72,0,0
rx,273,72,1,1,1787954053102834960,1787954053102382145,5630187643014,0,0,0,0
tx,273,72,1,1,1787954053102839052,1787954053102382145,5630187647236,5630187663051,72,0,0
rx,274,73,1,1,1787954053117802071,1787954053117387738,5630202610143,0,0,0,0
tx,274,73,1,1,1787954053117806330,1787954053117387738,5630202614514,5630202632236,72,0,0
rx,275,74,1,1,1787954053132798960,1787954053132380867,5630217607032,0,0,0,0
tx,275,74,1,1,1787954053132804645,1787954053132380867,5630217612847,5630217629440,72,0,0
rx,276,75,1,1,1787954053147587608,1787954053147398941,5630232395680,0,0,0,0
tx,276,75,1,1,1787954053147591849,1787954053147398941,5630232400032,5630232420217,72,0,0
rx,277,76,1,1,1787954053162549052,1787954053162384534,5630247357125,0,0,0,0
tx,277,76,1,1,1787954053162552701,1787954053162384534,5630247360958,5630247376532,72,0,0
rx,278,77,1,1,1787954053177504608,1787954053177380515,5630262312662,0,0,0,0
tx,278,77,1,1,1787954053177508145,1787954053177380515,5630262316329,5630262332810,72,0,0
rx,279,78,1,1,1787954053192509997,1787954053192392275,5630277318069,0,0,0,0
tx,279,78,1,1,1787954053192514571,1787954053192392275,5630277322829,5630277343217,72,0,0
rx,280,79,1,1,1787954053207478219,1787954053207378275,5630292286292,0,0,0,0
tx,280,79,1,1,1787954053207482182,1787954053207378275,5630292290366,5630292305995,72,0,0
rx,281,80,1,1,1787954053222413126,1787954053222387367,5630307221180,0,0,0,0
tx,281,80,1,1,1787954053222416960,1787954053222387367,5630307225143,5630307242440,72,0,0
rx,282,81,1,1,1787954053237678497,1787954053237397238,5630322486569,0,0,0,0
tx,282,81,1,1,1787954053237686534,1787954053237397238,5630322494754,5630322517403,72,0,0
rx,283,82,1,1,1787954053252644849,1787954053252384441,5630337452921,0,0,0,0
tx,283,82,1,1,1787954053252648960,1787954053252384441,5630337457143,5630337475421,72,0,0
rx,284,83,1,1,1787954053267601145,1787954053267386349,5630352409217,0,0,0,0
tx,284,83,1,1,1787954053267604701,1787954053267386349,5630352412995,5630352428254,72,0,0
rx,285,84,1,1,1787954053282546830,1787954053282376201,5630367354903,0,0,0,0
tx,285,84,1,1,1787954053282550275,1787954053282376201,5630367358458,5630367372310,72,0,0
rx,286,85,1,1,1787954053297620904,1787954053297384626,5630382428958,0,0,0,0
tx,286,85,1,1,1787954053297625256,1787954053297384626,5630382433495,5630382452588,72,0,0
rx,287,86,1,1,1787954053312585886,1787954053312387904,5630397393958,0,0,0,0
tx,287,86,1,1,1787954053312589441,1787954053312387904,5630397397680,5630397413717,72,0,0
rx,288,87,1,1,1787954053327543497,1787954053327382145,5630412351569,0,0,0,0
tx,288,87,1,1,1787954053327547404,1787954053327382145,5630412355662,5630412371791,72,0,0
rx,289,88,1,1,1787954053342759978,1787954053342384330,5630427568051,0,0,0,0
tx,289,88,1,1,1787954053342764423,1787954053342384330,5630427572606,5630427591662,72,0,0
rx,290,89,1,1,1787954053357718663,1787954053357379571,5630442526736,0,0,0,0
tx,290,89,1,1,1787954053357724478,1787954053357379571,5630442532662,5630442547069,72,0,0
rx,291,90,1,1,1787954053372665515,1787954053372383793,5630457473588,0,0,0,0
tx,291,90,1,1,1787954053372669571,1787954053372383793,5630457477810,5630457492495,72,0,0
rx,292,91,1,1,1787954053387626330,1787954053387377275,5630472434403,0,0,0,0
tx,292,91,1,1,1787954053387630089,1787954053387377275,5630472438328,5630472452791,72,0,0
rx,293,92,1,1,1787954053402669182,1787954053402385960,5630487477254,0,0,0,0
tx,293,92,1,1,1787954053402673163,1787954053402385960,5630487481403,5630487501921,72,0,0
rx,294,93,1,1,1787954053417604404,1787954053417396997,5630502412477,0,0,0,0
tx,294,93,1,1,1787954053417609163,1787954053417396997,5630502417384,5630502438273,72,0,0
rx,295,94,1,1,1787954053432633349,1787954053432379830,5630517441421,0,0,0,0
tx,295,94,1,1,1787954053432637052,1787954053432379830,5630517445291,5630517459921,72,0,0
rx,296,95,1,1,1787954053447717182,1787954053447386904,5630532525254,0,0,0,0
tx,296,95,1,1,1787954053447721349,1787954053447386904,5630532529606,5630532550347,72,0,0
rx,297,96,1,1,1787954053462713108,1787954053462385571,5630547521180,0,0,0,0
tx,297,96,1,1,1787954053462718404,1787954053462385571,5630547526625,5630547542217,72,0,0
rx,298,97,1,1,1787954053477735589,1787954053477379015,5630562543662,0,0,0,0
tx,298,97,1,1,1787954053477739367,1787954053477379015,5630562547625,5630562561865,72,0,0
rx,299,98,1,1,1787954053492811404,1787954053492406034,5630577619477,0,0,0,0
tx,299,98,1,1,1787954053492816015,1787954053492406034,5630577624254,5630577649625,72,0,0
rx,300,99,1,1,1787954053507767126,1787954053507387034,5630592575199,0,0,0,0
tx,300,99,1,1,1787954053507770886,1787954053507387034,5630592579143,5630592594088,72,0,0
rx,301,100,1,1,1787954053522716497,1787954053522393274,5630607524551,0,0,0,0
tx,301,100,1,1,1787954053522720534,1787954053522393274,5630607528773,5630607546199,72,0,0
rx,302,101,1,1,1787954053537684460,1787954053537401256,5630622492514,0,0,0,0
tx,302,101,1,1,1787954053537688756,1787954053537401256,5630622497014,5630622518977,72,0,0
rx,303,102,1,1,1787954053552628774,1787954053552383441,5630637436828,0,0,0,0
tx,303,102,1,1,1787954053552632497,1787954053552383441,5630637440736,5630637456254,72,0,0
rx,304,103,1,1,1787954053567566089,1787954053567384052,5630652374143,0,0,0,0
tx,304,103,1,1,1787954053567571404,1787954053567384052,5630652379588,5630652395051,72,0,0
rx,305,104,1,1,1787954053582508237,1787954053582379237,5630667316310,0,0,0,0
tx,305,104,1,1,1787954053582511904,1787954053582379237,5630667320180,5630667333106,72,0,0
rx,306,105,1,1,1787954053597588552,1787954053597393015,5630682396606,0,0,0,0
tx,306,105,1,1,1787954053597592886,1787954053597393015,5630682401051,5630682420736,72,0,0
rx,307,106,1,1,1787954053612525182,1787954053612387256,5630697333236,0,0,0,0
tx,307,106,1,1,1787954053612528793,1787954053612387256,5630697336976,5630697352476,72,0,0
rx,308,107,1,1,1787954053627483089,1787954053627397904,5630712291162,0,0,0,0
tx,308,107,1,1,1787954053627487848,1787954053627397904,5630712296032,5630712316180,72,0,0
rx,309,108,1,1,1787954053642770015,1787954053642393089,5630727578088,0,0,0,0
tx,309,108,1,1,1787954053642774645,1787954053642393089,5630727582884,5630727603125,72,0,0
rx,310,109,1,1,1787954053657742534,1787954053657383589,5630742550606,0,0,0,0
tx,310,109,1,1,1787954053657746311,1787954053657383589,5630742554495,5630742569810,72,0,0
rx,311,110,1,1,1787954053672689293,1787954053672387626,5630757497347,0,0,0,0
tx,311,110,1,1,1787954053672693274,1787954053672387626,5630757501680,5630757517662,72,0,0
rx,312,111,1,1,1787954053687641311,1787954053687381293,5630772449365,0,0,0,0
tx,312,111,1,1,1787954053687646885,1787954053687381293,5630772455088,5630772468088,72,0,0
rx,313,112,1,1,1787954053702590997,1787954053702396719,5630787399069,0,0,0,0
tx,313,112,1,1,1787954053702595885,1787954053702396719,5630787404088,5630787423143,72,0,0
rx,314,113,1,1,1787954053717553293,1787954053717395534,5630802361347,0,0,0,0
tx,314,113,1,1,1787954053717557497,1787954053717395534,5630802365680,5630802384143,72,0,0
rx,315,114,1,1,1787954053732513774,1787954053732382459,5630817321754,0,0,0,0
tx,315,114,1,1,1787954053732517700,1787954053732382459,5630817325884,5630817340458,72,0,0
rx,316,115,1,1,1787954053747464219,1787954053747395663,5630832272291,0,0,0,0
tx,316,115,1,1,1787954053747468922,1787954053747395663,5630832277217,5630832299069,72,0,0
rx,317,116,1,1,1787954053762396052,1787954053762386608,5630847204125,0,0,0,0
tx,317,116,1,1,1787954053762399793,1787954053762386608,5630847208087,5630847221699,72,0,0
rx,318,117,1,1,1787954053778408552,1787954053777383534,5630863216625,0,0,0,0
tx,318,117,1,1,1787954053778412126,1787954053777383534,5630863220328,5630863233773,72,0,0
rx,319,118,1,1,1787954053792485793,1787954053792399200,5630877293865,0,0,0,0
tx,319,118,1,1,1787954053792491459,1787954053792399200,5630877299736,5630877318087,72,0,0
rx,320,119,1,1,1787954053807427848,1787954053807390885,5630892235902,0,0,0,0
tx,320,119,1,1,1787954053807431811,1787954053807390885,5630892239995,5630892254273,72,0,0
rx,321,120,1,1,1787954053822399941,1787954053822391534,5630907208013,0,0,0,0
tx,321,120,1,1,1787954053822404015,1787954053822391534,5630907212199,5630907228421,72,0,0
rx,322,121,1,1,1787954053837657163,1787954053837403959,5630922465236,0,0,0,0
tx,322,121,1,1,1787954053837661330,1787954053837403959,5630922469624,5630922490754,72,0,0
rx,323,122,1,1,1787954053852599793,1787954053852383645,5630937407865,0,0,0,0
tx,323,122,1,1,1787954053852603459,1787954053852383645,5630937411643,5630937427013,72,0,0
rx,324,123,1,1,1787954053867561700,1787954053867400663,5630952369773,0,0,0,0
tx,324,123,1,1,1787954053867566219,1787954053867400663,5630952374495,5630952395532,72,0,0
rx,325,124,1,1,1787954053882784533,1787954053882405830,5630967592606,0,0,0,0
tx,325,124,1,1,1787954053882788978,1787954053882405830,5630967597328,5630967619921,72,0,0
rx,326,125,1,1,1787954053897729459,1787954053897384533,5630982537513,0,0,0,0
tx,326,125,1,1,1787954053897734848,1787954053897384533,5630982543087,5630982556995,72,0,0
rx,327,126,1,1,1787954053912678404,1787954053912386182,5630997486476,0,0,0,0
tx,327,126,1,1,1787954053912682496,1787954053912386182,5630997490680,5630997505643,72,0,0
rx,328,127,1,1,1787954053927628904,1787954053927390996,5631012436976,0,0,0,0
tx,328,127,1,1,1787954053927633015,1787954053927390996,5631012441198,5631012458180,72,0,0
rx,329,128,1,1,1787954053942834737,1787954053942392608,5631027642810,0,0,0,0
tx,329,128,1,1,1787954053942839070,1787954053942392608,5631027647365,5631027666217,72,0,0
rx,330,129,1,1,1787954053957773070,1787954053957381700,5631042581143,0,0,0,0
tx,330,129,1,1,1787954053957776552,1787954053957381700,5631042584921,5631042599032,72,0,0
rx,331,130,1,1,1787954053972713108,1787954053972382293,5631057521161,0,0,0,0
tx,331,130,1,1,1787954053972716959,1787954053972382293,5631057525143,5631057540143,72,0,0
rx,332,131,1,1,1787954053987523682,1787954053987403589,5631072331735,0,0,0,0
tx,332,131,1,1,1787954053987528107,1787954053987403589,5631072336384,5631072359254,72,0,0
rx,333,132,1,1,1787954054002712533,1787954054002425330,5631087520495,0,0,0,0
tx,333,132,1,1,1787954054002724811,1787954054002425330,5631087533087,5631087565865,72,0,0
rx,334,133,1,1,1787954054018018756,1787954054017455089,5631102826717,0,0,0,0
tx,334,133,1,1,1787954054018032367,1787954054017455089,5631102840624,5631102878106,72,0,0
rx,335,134,1,1,1787954054033339589,1787954054032426774,5631118147587,0,0,0,0
tx,335,134,1,1,1787954054033348663,1787954054032426774,5631118156958,5631118187976,72,0,0
rx,336,135,1,1,1787954054048415719,1787954054047443459,5631133223698,0,0,0,0
tx,336,135,1,1,1787954054048426348,1787954054047443459,5631133234606,5631133279106,72,0,0
rx,337,136,1,1,1787954054062698515,1787954054062433237,5631147506513,0,0,0,0
tx,337,136,1,1,1787954054062708515,1787954054062433237,5631147516791,5631147554310,72,0,0
rx,338,137,1,1,1787954054078131496,1787954054077425385,5631162939495,0,0,0,0
tx,338,137,1,1,1787954054078140959,1787954054077425385,5631162949217,5631162985680,72,0,0
rx,339,138,1,1,1787954054093210885,1787954054092447293,5631178018865,0,0,0,0
tx,339,138,1,1,1787954054093220830,1787954054092447293,5631178029106,5631178071310,72,0,0
rx,340,139,1,1,1787954054107605533,1787954054107438274,5631192413532,0,0,0,0
tx,340,139,1,1,1787954054107614144,1787954054107438274,5631192422421,5631192454902,72,0,0
rx,341,140,1,1,1787954054122987959,1787954054122696015,5631207795976,0,0,0,0
tx,341,140,1,1,1787954054122999793,1787954054122696015,5631207808069,5631207842569,72,0,0
rx,342,141,1,1,1787954054138301681,1787954054137450070,5631223109698,0,0,0,0
tx,342,141,1,1,1787954054138310422,1787954054137450070,5631223118661,5631223155476,72,0,0
rx,343,142,1,1,1787954054152593867,1787954054152432774,5631237401884,0,0,0,0
tx,343,142,1,1,1787954054152602293,1787954054152432774,5631237410550,5631237440365,72,0,0
rx,344,143,1,1,1787954054167912218,1787954054167422126,5631252720217,0,0,0,0
tx,344,143,1,1,1787954054167920533,1787954054167422126,5631252728791,5631252760106,72,0,0
rx,345,144,1,1,1787954054183221774,1787954054182438996,5631268029754,0,0,0,0
tx,345,144,1,1,1787954054183230996,1787954054182438996,5631268039235,5631268078272,72,0,0
rx,346,145,1,1,1787954054197583200,1787954054197422515,5631282391217,0,0,0,0
tx,346,145,1,1,1787954054197591385,1787954054197422515,5631282399643,5631282429272,72,0,0
rx,347,146,1,1,1787954054212843996,1787954054212422293,5631297652013,0,0,0,0
tx,347,146,1,1,1787954054212851570,1787954054212422293,5631297659828,5631297691421,72,0,0
rx,348,147,1,1,1787954054228180144,1787954054227425681,5631312988161,0,0,0,0
tx,348,147,1,1,1787954054228188422,1787954054227425681,5631312996661,5631313028791,72,0,0
rx,349,148,1,1,1787954054243447441,1787954054242434163,5631328255439,0,0,0,0
tx,349,148,1,1,1787954054243459996,1787954054242434163,5631328268235,5631328304569,72,0,0
rx,350,149,1,1,1787954054257629163,1787954054257417941,5631342437180,0,0,0,0
tx,350,149,1,1,1787954054257637533,1787954054257417941,5631342445791,5631342475643,72,0,0
rx,351,150,1,1,1787954054272892348,1787954054272416163,5631357700365,0,0,0,0
tx,351,150,1,1,1787954054272900107,1787954054272416163,5631357708383,5631357739143,72,0,0
rx,352,151,1,1,1787954054288149941,1787954054287433367,5631372957958,0,0,0,0
tx,352,151,1,1,1787954054288158422,1787954054287433367,5631372966698,5631373003328,72,0,0
rx,353,152,1,1,1787954054303451052,1787954054302412478,5631388259050,0,0,0,0
tx,353,152,1,1,1787954054303459070,1787954054302412478,5631388267346,5631388298050,72,0,0
rx,354,153,1,1,1787954054317640144,1787954054317429144,5631402448143,0,0,0,0
tx,354,153,1,1,1787954054317648367,1787954054317429144,5631402456735,5631402492643,72,0,0
rx,355,154,1,1,1787954054332908589,1787954054332440681,5631417716606,0,0,0,0
tx,355,154,1,1,1787954054332918552,1787954054332440681,5631417726976,5631417764995,72,0,0
rx,356,155,1,1,1787954054348164404,1787954054347427367,5631432972420,0,0,0,0
tx,356,155,1,1,1787954054348176885,1787954054347427367,5631432985217,5631433017754,72,0,0
rx,357,156,1,1,1787954054363470404,1787954054362440218,5631448278420,0,0,0,0
tx,357,156,1,1,1787954054363478755,1787954054362440218,5631448286995,5631448318495,72,0,0
rx,358,157,1,1,1787954054377630515,1787954054377414311,5631462438513,0,0,0,0
tx,358,157,1,1,1787954054377638404,1787954054377414311,5631462446661,5631462475550,72,0,0
rx,359,158,1,1,1787954054392908607,1787954054392425978,5631477716624,0,0,0,0
tx,359,158,1,1,1787954054392917663,1787954054392425978,5631477725920,5631477759254,72,0,0
rx,360,159,1,1,1787954054408157829,1787954054407412107,5631492965828,0,0,0,0
tx,360,159,1,1,1787954054408165792,1787954054407412107,5631492974050,5631493002643,72,0,0
rx,361,160,1,1,1787954054423457348,1787954054422432218,5631508265346,0,0,0,0
tx,361,160,1,1,1787954054423465904,1787954054422432218,5631508274161,5631508308939,72,0,0
rx,362,161,1,1,1787954054437656144,1787954054437432404,5631522464161,0,0,0,0
tx,362,161,1,1,1787954054437664941,1787954054437432404,5631522473476,5631522506198,72,0,0
rx,363,162,1,1,1787954054452898755,1787954054452413941,5631537706754,0,0,0,0
tx,363,162,1,1,1787954054452910311,1787954054452413941,5631537718550,5631537747883,72,0,0
rx,364,163,1,1,1787954054468184885,1787954054467423626,5631552992902,0,0,0,0
tx,364,163,1,1,1787954054468192755,1787954054467423626,5631553000994,5631553031717,72,0,0
rx,365,164,1,1,1787954054483439311,1787954054482422718,5631568247328,0,0,0,0
tx,365,164,1,1,1787954054483448644,1787954054482422718,5631568257013,5631568293365,72,0,0
rx,366,165,1,1,1787954054497619589,1787954054497417459,5631582427606,0,0,0,0
tx,366,165,1,1,1787954054497627774,1787954054497417459,5631582436031,5631582465994,72,0,0
rx,367,166,1,1,1787954054512862033,1787954054512411866,5631597670050,0,0,0,0
tx,367,166,1,1,1787954054512870515,1787954054512411866,5631597678772,5631597710883,72,0,0
rx,368,167,1,1,1787954054528121885,1787954054527429755,5631612929883,0,0,0,0
tx,368,167,1,1,1787954054528130385,1787954054527429755,5631612938624,5631612973643,72,0,0
rx,369,168,1,1,1787954054543403033,1787954054542433033,5631628211031,0,0,0,0
tx,369,168,1,1,1787954054543411811,1787954054542433033,5631628220198,5631628258013,72,0,0
rx,370,169,1,1,1787954054557581255,1787954054557416459,5631642389254,0,0,0,0
tx,370,169,1,1,1787954054557592181,1787954054557416459,5631642400420,5631642430587,72,0,0
rx,371,170,1,1,1787954054572849866,1787954054572419033,5631657657883,0,0,0,0
tx,371,170,1,1,1787954054572857626,1787954054572419033,5631657665865,5631657696457,72,0,0
rx,372,171,1,1,1787954054588100866,1787954054587442200,5631672908883,0,0,0,0
tx,372,171,1,1,1787954054588109774,1787954054587442200,5631672918050,5631672954754,72,0,0
rx,373,172,1,1,1787954054603394959,1787954054602415163,5631688202957,0,0,0,0
tx,373,172,1,1,1787954054603402903,1787954054602415163,5631688211143,5631688241383,72,0,0
rx,374,173,1,1,1787954054617592755,1787954054617416292,5631702400772,0,0,0,0
tx,374,173,1,1,1787954054617600755,1787954054617416292,5631702409013,5631702440976,72,0,0
rx,375,174,1,1,1787954054632896792,1787954054632446292,5631717704791,0,0,0,0
tx,375,174,1,1,1787954054632905626,1787954054632446292,5631717713902,5631717753735,72,0,0
rx,376,175,1,1,1787954054648160496,1787954054647418477,5631732968513,0,0,0,0
tx,376,175,1,1,1787954054648168755,1787954054647418477,5631732977124,5631733006994,72,0,0
rx,377,176,1,1,1787954054663406089,1787954054662409533,5631748214105,0,0,0,0
tx,377,176,1,1,1787954054663414403,1787954054662409533,5631748222680,5631748256883,72,0,0
rx,378,177,1,1,1787954054677614144,1787954054677427422,5631762422161,0,0,0,0
tx,378,177,1,1,1787954054677621718,1787954054677427422,5631762430087,5631762462457,72,0,0
rx,379,178,1,1,1787954054692872274,1787954054692443774,5631777680291,0,0,0,0
tx,379,178,1,1,1787954054692881033,1787954054692443774,5631777689309,5631777723050,72,0,0
rx,380,179,1,1,1787954054708154774,1787954054707450014,5631792962772,0,0,0,0
tx,380,179,1,1,1787954054708162922,1787954054707450014,5631792971198,5631793002531,72,0,0
rx,381,180,1,1,1787954054723428866,1787954054722400107,5631808236865,0,0,0,0
tx,381,180,1,1,1787954054723437366,1787954054722400107,5631808245717,5631808282031,72,0,0
rx,382,181,1,1,1787954054737712459,1787954054737426126,5631822520476,0,0,0,0
tx,382,181,1,1,1787954054737721940,1787954054737426126,5631822530291,5631822567828,72,0,0
rx,383,182,1,1,1787954054753086533,1787954054752453811,5631837894513,0,0,0,0
tx,383,182,1,1,1787954054753095551,1787954054752453811,5631837903809,5631837945476,72,0,0
rx,384,183,1,1,1787954054768345718,1787954054767436533,5631853153698,0,0,0,0
tx,384,183,1,1,1787954054768353977,1787954054767436533,5631853162217,5631853196124,72,0,0
rx,385,184,1,1,1787954054782702107,1787954054782441366,5631867510124,0,0,0,0
tx,385,184,1,1,1787954054782714459,1787954054782441366,5631867522698,5631867558179,72,0,0
rx,386,185,1,1,1787954054797986792,1787954054797415996,5631882794809,0,0,0,0
tx,386,185,1,1,1787954054797995440,1787954054797415996,5631882803679,5631882832698,72,0,0
rx,387,186,1,1,1787954054813273033,1787954054812405163,5631898081013,0,0,0,0
tx,387,186,1,1,1787954054813280977,1787954054812405163,5631898089216,5631898118254,72,0,0
rx,388,187,1,1,1787954054828497681,1787954054827423422,5631913305476,0,0,0,0
tx,388,187,1,1,1787954054828505088,1787954054827423422,5631913313346,5631913346216,72,0,0
rx,389,188,1,1,1787954054842681348,1787954054842423681,5631927489365,0,0,0,0
tx,389,188,1,1,1787954054842690292,1787954054842423681,5631927498531,5631927533365,72,0,0
rx,390,189,1,1,1787954054857941977,1787954054857471607,5631942749957,0,0,0,0
tx,390,189,1,1,1787954054857950551,1787954054857471607,5631942758791,5631942803365,72,0,0
rx,391,190,1,1,1787954054873498329,1787954054872434996,5631958306328,0,0,0,0
tx,391,190,1,1,1787954054873507125,1787954054872434996,5631958315383,5631958354846,72,0,0
rx,392,191,1,1,1787954054888454681,1787954054887428903,5631973262661,0,0,0,0
tx,392,191,1,1,1787954054888462755,1787954054887428903,5631973271050,5631973307976,72,0,0
rx,393,192,1,1,1787954054902620329,1787954054902411903,5631987428328,0,0,0,0
tx,393,192,1,1,1787954054902628200,1787954054902411903,5631987436439,5631987466272,72,0,0
rx,394,193,1,1,1787954054917883922,1787954054917427848,5632002691865,0,0,0,0
tx,394,193,1,1,1787954054917892477,1787954054917427848,5632002700753,5632002738809,72,0,0
rx,395,194,1,1,1787954054933445755,1787954054932447200,5632018253679,0,0,0,0
tx,395,194,1,1,1787954054933454274,1787954054932447200,5632018262513,5632018303050,72,0,0
rx,396,195,1,1,1787954054947657366,1787954054947420014,5632032465328,0,0,0,0
tx,396,195,1,1,1787954054947664959,1787954054947420014,5632032473198,5632032503290,72,0,0
rx,397,196,1,1,1787954054962921885,1787954054962407551,5632047729865,0,0,0,0
tx,397,196,1,1,1787954054962929181,1787954054962407551,5632047737439,5632047766031,72,0,0
rx,398,197,1,1,1787954054978465940,1787954054977443014,5632063273920,0,0,0,0
tx,398,197,1,1,1787954054978474014,1787954054977443014,5632063282272,5632063318550,72,0,0
rx,399,198,1,1,1787954054992637774,1787954054992414385,5632077445772,0,0,0,0
tx,399,198,1,1,1787954054992649070,1787954054992414385,5632077457327,5632077487809,72,0,0
rx,400,199,1,1,1787954055007934088,1787954055007413292,5632092742087,0,0,0,0
tx,400,199,1,1,1787954055007941533,1787954055007413292,5632092749809,5632092780124,72,0,0
rx,401,200,1,1,1787954055023233662,1787954055022427774,5632108041642,0,0,0,0
tx,401,200,1,1,1787954055023242125,1787954055022427774,5632108050383,5632108083253,72,0,0
rx,402,0,1,1,1787954055037707644,1787954055037420570,5632122515661,0,0,0,0
tx,402,0,1,1,1787954055037716107,1787954055037420570,5632122524364,5632122560994,72,0,0
rx,403,1,1,1,1787954055052997903,1787954055052406570,5632137805902,0,0,0,0
tx,403,1,1,1,1787954055053005644,1787954055052406570,5632137814142,5632137844513,72,0,0
rx,404,2,1,1,1787954055068274292,1787954055067416792,5632153082290,0,0,0,0
tx,404,2,1,1,1787954055068281774,1787954055067416792,5632153090031,5632153121290,72,0,0
rx,405,3,1,1,1787954055083400070,1787954055082433681,5632168208087,0,0,0,0
tx,405,3,1,1,1787954055083409162,1787954055082433681,5632168217402,5632168258346,72,0,0
rx,406,4,1,1,1787954055097585477,1787954055097409459,5632182393420,0,0,0,0
tx,406,4,1,1,1787954055097592829,1787954055097409459,5632182401087,5632182432698,72,0,0
rx,407,5,1,1,1787954055112850033,1787954055112409996,5632197657920,0,0,0,0
tx,407,5,1,1,1787954055112861107,1787954055112409996,5632197669346,5632197698068,72,0,0
rx,408,6,1,1,1787954055128137755,1787954055127428811,5632212945735,0,0,0,0
tx,408,6,1,1,1787954055128145440,1787954055127428811,5632212953698,5632212987531,72,0,0
rx,409,7,1,1,1787954055143347496,1787954055142419014,5632228155494,0,0,0,0
tx,409,7,1,1,1787954055143355625,1787954055142419014,5632228163883,5632228199976,72,0,0
rx,410,8,1,1,1787954055157538459,1787954055157406903,5632242346439,0,0,0,0
tx,410,8,1,1,1787954055157545977,1787954055157406903,5632242354235,5632242383976,72,0,0
rx,411,9,1,1,1787954055172802162,1787954055172421644,5632257610161,0,0,0,0
tx,411,9,1,1,1787954055172809681,1787954055172421644,5632257617938,5632257648976,72,0,0
rx,412,10,1,1,1787954055188412218,1787954055187418459,5632273220198,0,0,0,0
tx,412,10,1,1,1787954055188420514,1787954055187418459,5632273228753,5632273265346,72,0,0
rx,413,11,1,1,1787954055202639162,1787954055202407255,5632287447161,0,0,0,0
tx,413,11,1,1,1787954055202646792,1787954055202407255,5632287455050,5632287483679,72,0,0
rx,414,12,1,1,1787954055217880570,1787954055217417662,5632302688550,0,0,0,0
tx,414,12,1,1,1787954055217891440,1787954055217417662,5632302699698,5632302729568,72,0,0
rx,415,13,1,1,1787954055233485922,1787954055232440255,5632318293901,0,0,0,0
tx,415,13,1,1,1787954055233498014,1787954055232440255,5632318306272,5632318342920,72,0,0
rx,416,14,1,1,1787954055247642218,1787954055247409088,5632332450216,0,0,0,0
tx,416,14,1,1,1787954055247649496,1787954055247409088,5632332457735,5632332486420,72,0,0
rx,417,15,1,1,1787954055262903792,1787954055262406718,5632347711772,0,0,0,0
tx,417,15,1,1,1787954055262911644,1787954055262406718,5632347719883,5632347750698,72,0,0
rx,418,16,1,1,1787954055278532459,1787954055277443829,5632363340475,0,0,0,0
tx,418,16,1,1,1787954055278540755,1787954055277443829,5632363349013,5632363388087,72,0,0
rx,419,17,1,1,1787954055292725625,1787954055292410292,5632377533624,0,0,0,0
tx,419,17,1,1,1787954055292734088,1787954055292410292,5632377542346,5632377572105,72,0,0
rx,420,18,1,1,1787954055308112847,1787954055307407199,5632392920846,0,0,0,0
tx,420,18,1,1,1787954055308120459,1787954055307407199,5632392928735,5632392958235,72,0,0
rx,421,19,1,1,1787954055323350236,1787954055322439422,5632408158253,0,0,0,0
tx,421,19,1,1,1787954055323358607,1787954055322439422,5632408166957,5632408205716,72,0,0
rx,422,20,1,1,1787954055337727903,1787954055337427422,5632422535920,0,0,0,0
tx,422,20,1,1,1787954055337736755,1787954055337427422,5632422545050,5632422579809,72,0,0
rx,423,21,1,1,1787954055352987866,1787954055352416773,5632437795883,0,0,0,0
tx,423,21,1,1,1787954055352995736,1787954055352416773,5632437803994,5632437832920,72,0,0
rx,424,22,1,1,1787954055368286051,1787954055367421755,5632453094049,0,0,0,0
tx,424,22,1,1,1787954055368294162,1787954055367421755,5632453102420,5632453134161,72,0,0
rx,425,23,1,1,1787954055382651310,1787954055382439921,5632467459309,0,0,0,0
tx,425,23,1,1,1787954055382659459,1787954055382439921,5632467467827,5632467504679,72,0,0
rx,426,24,1,1,1787954055397911384,1787954055397416014,5632482719383,0,0,0,0
tx,426,24,1,1,1787954055397919514,1787954055397416014,5632482727772,5632482757846,72,0,0
rx,427,25,1,1,1787954055413153014,1787954055412409699,5632497961031,0,0,0,0
tx,427,25,1,1,1787954055413160884,1787954055412409699,5632497969142,5632497998012,72,0,0
rx,428,26,1,1,1787954055428431144,1787954055427449570,5632513239142,0,0,0,0
tx,428,26,1,1,1787954055428441033,1787954055427449570,5632513249290,5632513289086,72,0,0
rx,429,27,1,1,1787954055442621255,1787954055442425310,5632527429272,0,0,0,0
tx,429,27,1,1,1787954055442629199,1787954055442425310,5632527437457,5632527468661,72,0,0
rx,430,28,1,1,1787954055457903866,1787954055457414533,5632542711864,0,0,0,0
tx,430,28,1,1,1787954055457911792,1787954055457414533,5632542720049,5632542749957,72,0,0
rx,431,29,1,1,1787954055473158755,1787954055472418384,5632557966753,0,0,0,0
tx,431,29,1,1,1787954055473166866,1787954055472418384,5632557975123,5632558005161,72,0,0
rx,432,30,1,1,1787954055488443625,1787954055487420477,5632573251642,0,0,0,0
tx,432,30,1,1,1787954055488451718,1787954055487420477,5632573260031,5632573295253,72,0,0
rx,433,31,1,1,1787954055502615199,1787954055502415384,5632587423216,0,0,0,0
tx,433,31,1,1,1787954055502622884,1787954055502415384,5632587431253,5632587460901,72,0,0
rx,434,32,1,1,1787954055517871662,1787954055517419736,5632602679679,0,0,0,0
tx,434,32,1,1,1787954055517879699,1787954055517419736,5632602687957,5632602719457,72,0,0
rx,435,33,1,1,1787954055533127366,1787954055532431662,5632617935364,0,0,0,0
tx,435,33,1,1,1787954055533135958,1787954055532431662,5632617944327,5632617979605,72,0,0
rx,436,34,1,1,1787954055548378662,1787954055547425403,5632633186660,0,0,0,0
tx,436,34,1,1,1787954055548390551,1787954055547425403,5632633198809,5632633228827,72,0,0
rx,437,35,1,1,1787954055562574588,1787954055562411125,5632647382586,0,0,0,0
tx,437,35,1,1,1787954055562582181,1787954055562411125,5632647390494,5632647419216,72,0,0
rx,438,36,1,1,1787954055577850347,1787954055577457014,5632662658346,0,0,0,0
tx,438,36,1,1,1787954055577859051,1787954055577457014,5632662667290,5632662708698,72,0,0
rx,439,37,1,1,1787954055593129792,1787954055592420292,5632677937790,0,0,0,0
tx,439,37,1,1,1787954055593138366,1787954055592420292,5632677946605,5632677977846,72,0,0
rx,440,38,1,1,1787954055608402440,1787954055607413662,5632693210457,0,0,0,0
tx,440,38,1,1,1787954055608410699,1787954055607413662,5632693218938,5632693249772,72,0,0
rx,441,39,1,1,1787954055622623829,1787954055622423903,5632707431827,0,0,0,0
tx,441,39,1,1,1787954055622632162,1787954055622423903,5632707440457,5632707474290,72,0,0
rx,442,40,1,1,1787954055637889792,1787954055637433903,5632722697809,0,0,0,0
tx,442,40,1,1,1787954055637898051,1787954055637433903,5632722706309,5632722740512,72,0,0
rx,443,41,1,1,1787954055653159199,1787954055652415273,5632737967197,0,0,0,0
tx,443,41,1,1,1787954055653166995,1787954055652415273,5632737975253,5632738004383,72,0,0
rx,444,42,1,1,1787954055668404255,1787954055667421181,5632753212272,0,0,0,0
tx,444,42,1,1,1787954055668416792,1787954055667421181,5632753225049,5632753257383,72,0,0
rx,445,43,1,1,1787954055682655569,1787954055682443088,5632767463586,0,0,0,0
tx,445,43,1,1,1787954055682664069,1787954055682443088,5632767472438,5632767512272,72,0,0
rx,446,44,1,1,1787954055697916329,1787954055697415588,5632782724327,0,0,0,0
tx,446,44,1,1,1787954055697924162,1787954055697415588,5632782732401,5632782761049,72,0,0
rx,447,45,1,1,1787954055713189236,1787954055712414403,5632797997234,0,0,0,0
tx,447,45,1,1,1787954055713197366,1787954055712414403,5632798005734,5632798036216,72,0,0
rx,448,46,1,1,1787954055728477384,1787954055727469347,5632813285383,0,0,0,0
tx,448,46,1,1,1787954055728485810,1787954055727469347,5632813294049,5632813334494,72,0,0
rx,449,47,1,1,1787954055742687106,1787954055742419773,5632827495123,0,0,0,0
tx,449,47,1,1,1787954055742695421,1787954055742419773,5632827503679,5632827533346,72,0,0
rx,450,48,1,1,1787954055757926681,1787954055757414681,5632842734697,0,0,0,0
tx,450,48,1,1,1787954055757934477,1787954055757414681,5632842742771,5632842772475,72,0,0
rx,451,49,1,1,1787954055773183866,1787954055772420958,5632857991883,0,0,0,0
tx,451,49,1,1,1787954055773196810,1787954055772420958,5632858005068,5632858040068,72,0,0
rx,452,50,1,1,1787954055788461347,1787954055787439477,5632873269364,0,0,0,0
tx,452,50,1,1,1787954055788469792,1787954055787439477,5632873278290,5632873311586,72,0,0
rx,453,51,1,1,1787954055802625884,1787954055802412792,5632887433901,0,0,0,0
tx,453,51,1,1,1787954055802633810,1787954055802412792,5632887442068,5632887471068,72,0,0
rx,454,52,1,1,1787954055817884884,1787954055817420847,5632902692883,0,0,0,0
tx,454,52,1,1,1787954055817892736,1787954055817420847,5632902700994,5632902731605,72,0,0
rx,455,53,1,1,1787954055833140903,1787954055832432569,5632917948901,0,0,0,0
tx,455,53,1,1,1787954055833149606,1787954055832432569,5632917957975,5632917992753,72,0,0
rx,456,54,1,1,1787954055848395532,1787954055847414143,5632933203549,0,0,0,0
tx,456,54,1,1,1787954055848403347,1787954055847414143,5632933211605,5632933241457,72,0,0
rx,457,55,1,1,1787954055862659366,1787954055862438180,5632947467383,0,0,0,0
tx,457,55,1,1,1787954055862668292,1787954055862438180,5632947476827,5632947513901,72,0,0
rx,458,56,1,1,1787954055877950866,1787954055877450755,5632962758864,0,0,0,0
tx,458,56,1,1,1787954055877963940,1787954055877450755,5632962772197,5632962811568,72,0,0
rx,459,57,1,1,1787954055893211699,1787954055892416625,5632978019697,0,0,0,0
tx,459,57,1,1,1787954055893219958,1787954055892416625,5632978028216,5632978057197,72,0,0
rx,460,58,1,1,1787954055908455403,1787954055907416310,5632993263420,0,0,0,0
tx,460,58,1,1,1787954055908463217,1787954055907416310,5632993271457,5632993299790,72,0,0
rx,461,59,1,1,1787954055923114069,1787954055922501754,5633007922086,0,0,0,0
tx,461,59,1,1,1787954055923125477,1787954055922501754,5633007933716,5633007982920,72,0,0
rx,462,60,1,1,1787954055937678569,1787954055937467606,5633022486568,0,0,0,0
tx,462,60,1,1,1787954055937687921,1787954055937467606,5633022496179,5633022532864,72,0,0
rx,463,61,1,1,1787954055952998217,1787954055952423366,5633037806216,0,0,0,0
tx,463,61,1,1,1787954055953007088,1787954055952423366,5633037815327,5633037848920,72,0,0
rx,464,62,1,1,1787954055968325051,1787954055967429477,5633053133068,0,0,0,0
tx,464,62,1,1,1787954055968333532,1787954055967429477,5633053141790,5633053175234,72,0,0
rx,465,63,1,1,1787954055982818940,1787954055982440236,5633067626957,0,0,0,0
tx,465,63,1,1,1787954055982833125,1787954055982440236,5633067641512,5633067679290,72,0,0
rx,466,64,1,1,1787954055998111977,1787954055997425662,5633082919975,0,0,0,0
tx,466,64,1,1,1787954055998190421,1787954055997425662,5633082998679,5633083150808,72,0,0
rx,467,65,1,1,1787954056012772532,1787954056012424791,5633097580531,0,0,0,0
tx,467,65,1,1,1787954056012780458,1787954056012424791,5633097588734,5633097620197,72,0,0
rx,468,66,1,1,1787954056028088773,1787954056027457458,5633112896771,0,0,0,0
tx,468,66,1,1,1787954056028098106,1787954056027457458,5633112906345,5633112947845,72,0,0
rx,469,67,1,1,1787954056043473551,1787954056042442958,5633128281549,0,0,0,0
tx,469,67,1,1,1787954056043481940,1787954056042442958,5633128290234,5633128323012,72,0,0
rx,470,68,1,1,1787954056057758717,1787954056057421032,5633142566734,0,0,0,0
tx,470,68,1,1,1787954056057766736,1787954056057421032,5633142574994,5633142606753,72,0,0
rx,471,69,1,1,1787954056073083903,1787954056072453958,5633157891901,0,0,0,0
tx,471,69,1,1,1787954056073093032,1787954056072453958,5633157901290,5633157943438,72,0,0
rx,472,70,1,1,1787954056088392736,1787954056087429754,5633173200753,0,0,0,0
tx,472,70,1,1,1787954056088400940,1787954056087429754,5633173209179,5633173241160,72,0,0
rx,473,71,1,1,1787954056102760088,1787954056102418495,5633187568105,0,0,0,0
tx,473,71,1,1,1787954056102768217,1787954056102418495,5633187576456,5633187673160,72,0,0
rx,474,72,1,1,1787954056118229162,1787954056117425958,5633203037160,0,0,0,0
tx,474,72,1,1,1787954056118237495,1787954056117425958,5633203045864,5633203078438,72,0,0
rx,475,73,1,1,1787954056132848291,1787954056132445847,5633217656290,0,0,0,0
tx,475,73,1,1,1787954056132857032,1787954056132445847,5633217665290,5633217704253,72,0,0
rx,476,74,1,1,1787954056148156606,1787954056147424828,5633232964605,0,0,0,0
tx,476,74,1,1,1787954056148164847,1787954056147424828,5633232973142,5633233006327,72,0,0
rx,477,75,1,1,1787954056163445995,1787954056162411958,5633248253993,0,0,0,0
tx,477,75,1,1,1787954056163454384,1787954056162411958,5633248262642,5633248295105,72,0,0
rx,478,76,1,1,1787954056177831365,1787954056177441588,5633262639364,0,0,0,0
tx,478,76,1,1,1787954056177840254,1787954056177441588,5633262648827,5633262686364,72,0,0
rx,479,77,1,1,1787954056193155958,1787954056192426551,5633277963956,0,0,0,0
tx,479,77,1,1,1787954056193164199,1787954056192426551,5633277972456,5633278004030,72,0,0
rx,480,78,1,1,1787954056208445921,1787954056207412680,5633293253919,0,0,0,0
tx,480,78,1,1,1787954056208458365,1787954056207412680,5633293266623,5633293297364,72,0,0
rx,481,79,1,1,1787954056222833384,1787954056222444569,5633307641401,0,0,0,0
tx,481,79,1,1,1787954056222842717,1787954056222444569,5633307650993,5633307685530,72,0,0
rx,482,80,1,1,1787954056238213662,1787954056237438291,5633323021660,0,0,0,0
tx,482,80,1,1,1787954056238222514,1787954056237438291,5633323030771,5633323067605,72,0,0
rx,483,81,1,1,1787954056252597939,1787954056252427662,5633337405956,0,0,0,0
tx,483,81,1,1,1787954056252606236,1787954056252427662,5633337414493,5633337446438,72,0,0
rx,484,82,1,1,1787954056267897569,1787954056267469847,5633352705567,0,0,0,0
tx,484,82,1,1,1787954056267906588,1787954056267469847,5633352714845,5633352748771,72,0,0
rx,485,83,1,1,1787954056283236680,1787954056282433699,5633368044679,0,0,0,0
tx,485,83,1,1,1787954056283246458,1787954056282433699,5633368054734,5633368089919,72,0,0
rx,486,84,1,1,1787954056297601606,1787954056297430717,5633382409623,0,0,0,0
tx,486,84,1,1,1787954056297609514,1787954056297430717,5633382417827,5633382448697,72,0,0
rx,487,85,1,1,1787954056312945365,1787954056312424051,5633397753382,0,0,0,0
tx,487,85,1,1,1787954056312958236,1787954056312424051,5633397766530,5633397798253,72,0,0
rx,488,86,1,1,1787954056328334717,1787954056327461162,5633413142734,0,0,0,0
tx,488,86,1,1,1787954056328477588,1787954056327461162,5633413285882,5633413323642,72,0,0
rx,489,87,1,1,1787954056342773958,1787954056342424958,5633427581975,0,0,0,0
tx,489,87,1,1,1787954056342782439,1787954056342424958,5633427590697,5633427622216,72,0,0
rx,490,88,1,1,1787954056358053217,1787954056357419680,5633442861216,0,0,0,0
tx,490,88,1,1,1787954056358061310,1787954056357419680,5633442869549,5633442899604,72,0,0
rx,491,89,1,1,1787954056373364884,1787954056372449662,5633458172901,0,0,0,0
tx,491,89,1,1,1787954056373373921,1787954056372449662,5633458182253,5633458222697,72,0,0
rx,492,90,1,1,1787954056387760199,1787954056387423328,5633472568197,0,0,0,0
tx,492,90,1,1,1787954056387768754,1787954056387423328,5633472577012,5633472608401,72,0,0
rx,493,91,1,1,1787954056403064736,1787954056402421291,5633487872734,0,0,0,0
tx,493,91,1,1,1787954056403072736,1787954056402421291,5633487880975,5633487912530,72,0,0
rx,494,92,1,1,1787954056418353532,1787954056417442884,5633503161549,0,0,0,0
tx,494,92,1,1,1787954056418362754,1787954056417442884,5633503171141,5633503211530,72,0,0
rx,495,93,1,1,1787954056432841995,1787954056432445550,5633517650012,0,0,0,0
tx,495,93,1,1,1787954056432850884,1787954056432445550,5633517659178,5633517694790,72,0,0
rx,496,94,1,1,1787954056448313162,1787954056447425736,5633533121160,0,0,0,0
tx,496,94,1,1,1787954056448321736,1787954056447425736,5633533129975,5633533161530,72,0,0
rx,497,95,1,1,1787954056462745699,1787954056462421476,5633547553697,0,0,0,0
tx,497,95,1,1,1787954056462753958,1787954056462421476,5633547562271,5633547593919,72,0,0
rx,498,96,1,1,1787954056478070402,1787954056477461773,5633562878345,0,0,0,0
tx,498,96,1,1,1787954056478079550,1787954056477461773,5633562887790,5633562927753,72,0,0
rx,499,97,1,1,1787954056493398365,1787954056492424254,5633578206382,0,0,0,0
tx,499,97,1,1,1787954056493407125,1787954056492424254,5633578215401,5633578247864,72,0,0
rx,500,98,1,1,1787954056507761625,1787954056507424495,5633592569641,0,0,0,0
tx,500,98,1,1,1787954056507770162,1787954056507424495,5633592578401,5633592610364,72,0,0
rx,501,99,1,1,1787954056523081643,1787954056522449365,5633607889641,0,0,0,0
tx,501,99,1,1,1787954056523091976,1787954056522449365,5633607900234,5633607942790,72,0,0
rx,502,100,1,1,1787954056538454921,1787954056537434032,5633623262938,0,0,0,0
tx,502,100,1,1,1787954056538467958,1787954056537434032,5633623276215,5633623311030,72,0,0
rx,503,101,1,1,1787954056552770884,1787954056552423328,5633637578882,0,0,0,0
tx,503,101,1,1,1787954056552779291,1787954056552423328,5633637587567,5633637618919,72,0,0
rx,504,102,1,1,1787954056568037495,1787954056567417847,5633652845512,0,0,0,0
tx,504,102,1,1,1787954056568046106,1787954056567417847,5633652854364,5633652884827,72,0,0
rx,505,103,1,1,1787954056583437032,1787954056582414606,5633668245049,0,0,0,0
tx,505,103,1,1,1787954056583445976,1787954056582414606,5633668254234,5633668290530,72,0,0
rx,506,104,1,1,1787954056597756699,1787954056597424180,5633682564697,0,0,0,0
tx,506,104,1,1,1787954056597764884,1787954056597424180,5633682573141,5633682604123,72,0,0
rx,507,105,1,1,1787954056613035958,1787954056612420124,5633697843975,0,0,0,0
tx,507,105,1,1,1787954056613044310,1787954056612420124,5633697852586,5633697885104,72,0,0
rx,508,106,1,1,1787954056628416143,1787954056627455124,5633713224141,0,0,0,0
tx,508,106,1,1,1787954056628425254,1787954056627455124,5633713233512,5633713274660,72,0,0
rx,509,107,1,1,1787954056642759939,1787954056642426921,5633727567956,0,0,0,0
tx,509,107,1,1,1787954056642773291,1787954056642426921,5633727581567,5633727614456,72,0,0
rx,510,108,1,1,1787954056658030958,1787954056657421754,5633742838956,0,0,0,0
tx,510,108,1,1,1787954056658039439,1787954056657421754,5633742847697,5633742878549,72,0,0
rx,511,109,1,1,1787954056673398865,1787954056672446291,5633758206882,0,0,0,0
tx,511,109,1,1,1787954056673408161,1787954056672446291,5633758216401,5633758254401,72,0,0
rx,512,110,1,1,1787954056687780180,1787954056687427606,5633772588178,0,0,0,0
tx,512,110,1,1,1787954056687788643,1787954056687427606,5633772596901,5633772629271,72,0,0
rx,513,111,1,1,1787954056703100698,1787954056702420143,5633787908697,0,0,0,0
tx,513,111,1,1,1787954056703109421,1787954056702420143,5633787917697,5633787950678,72,0,0
rx,514,112,1,1,1787954056718437754,1787954056717428328,5633803245771,0,0,0,0
tx,514,112,1,1,1787954056718446865,1787954056717428328,5633803255123,5633803293901,72,0,0
rx,515,113,1,1,1787954056732836939,1787954056732438643,5633817644956,0,0,0,0
tx,515,113,1,1,1787954056732845606,1787954056732438643,5633817653863,5633817690512,72,0,0
rx,516,114,1,1,1787954056748151995,1787954056747434865,5633832959993,0,0,0,0
tx,516,114,1,1,1787954056748160865,1787954056747434865,5633832969123,5633833002160,72,0,0
rx,517,115,1,1,1787954056763409439,1787954056762390365,5633848217419,0,0,0,0
tx,517,115,1,1,1787954056763421865,1787954056762390365,5633848230123,5633848261289,72,0,0
rx,518,116,1,1,1787954056777883384,1787954056777453124,5633862691400,0,0,0,0
tx,518,116,1,1,1787954056777892272,1787954056777453124,5633862700549,5633862740197,72,0,0
rx,519,117,1,1,1787954056793256291,1787954056792429013,5633878064289,0,0,0,0
tx,519,117,1,1,1787954056793264958,1787954056792429013,5633878073215,5633878104549,72,0,0
rx,520,118,1,1,1787954056807594328,1787954056807436254,5633892402326,0,0,0,0
tx,520,118,1,1,1787954056807602569,1787954056807436254,5633892410808,5633892441808,72,0,0
rx,521,119,1,1,1787954056822897032,1787954056822440717,5633907705049,0,0,0,0
tx,521,119,1,1,1787954056822906235,1787954056822440717,5633907714512,5633907753938,72,0,0
rx,522,120,1,1,1787954056838201791,1787954056837431495,5633923009789,0,0,0,0
tx,522,120,1,1,1787954056838210976,1787954056837431495,5633923019215,5633923054123,72,0,0
rx,523,121,1,1,1787954056853494995,1787954056852461865,5633938302993,0,0,0,0
tx,523,121,1,1,1787954056853503606,1787954056852461865,5633938311863,5633938345308,72,0,0
rx,524,122,1,1,1787954056868081735,1787954056867454106,5633952889752,0,0,0,0
tx,524,122,1,1,1787954056868095476,1787954056867454106,5633952903715,5633952947160,72,0,0
rx,525,123,1,1,1787954056883443458,1787954056882426458,5633968251475,0,0,0,0
tx,525,123,1,1,1787954056883452847,1787954056882426458,5633968261086,5633968304197,72,0,0
rx,526,124,1,1,1787954056897767384,1787954056897424865,5633982575382,0,0,0,0
tx,526,124,1,1,1787954056897775958,1787954056897424865,5633982584234,5633982616141,72,0,0
rx,527,125,1,1,1787954056913165143,1787954056912421217,5633997973141,0,0,0,0
tx,527,125,1,1,1787954056913173624,1787954056912421217,5633997981863,5633998014363,72,0,0
rx,528,126,1,1,1787954056927657013,1787954056927448087,5634012465030,0,0,0,0
tx,528,126,1,1,1787954056927665809,1787954056927448087,5634012474086,5634012513234,72,0,0
rx,529,127,1,1,1787954056943032124,1787954056942425161,5634027840141,0,0,0,0
tx,529,127,1,1,1787954056943040809,1787954056942425161,5634027849086,5634027881900,72,0,0
rx,530,128,1,1,1787954056958313995,1787954056957421828,5634043122012,0,0,0,0
tx,530,128,1,1,1787954056958322587,1787954056957421828,5634043130826,5634043161937,72,0,0
rx,531,129,1,1,1787954056972920624,1787954056972562198,5634057728623,0,0,0,0
tx,531,129,1,1,1787954056972933383,1787954056972562198,5634057741734,5634057779049,72,0,0
rx,532,130,1,1,1787954056988232995,1787954056987424235,5634073040993,0,0,0,0
tx,532,130,1,1,1787954056988241346,1787954056987424235,5634073049586,5634073081882,72,0,0
rx,533,131,1,1,1787954057002747365,1787954057002417032,5634087555363,0,0,0,0
tx,533,131,1,1,1787954057002755198,1787954057002417032,5634087563474,5634087594419,72,0,0
rx,534,132,1,1,1787954057018127791,1787954057017417235,5634102935771,0,0,0,0
tx,534,132,1,1,1787954057018136069,1787954057017417235,5634102944326,5634102975567,72,0,0
rx,535,133,1,1,1787954057033450995,1787954057032436865,5634118258993,0,0,0,0
tx,535,133,1,1,1787954057033460235,1787954057032436865,5634118268474,5634118306474,72,0,0
rx,536,134,1,1,1787954057047763439,1787954057047422939,5634132571437,0,0,0,0
tx,536,134,1,1,1787954057047771920,1787954057047422939,5634132580178,5634132612826,72,0,0
rx,537,135,1,1,1787954057063223958,1787954057062431976,5634148031956,0,0,0,0
tx,537,135,1,1,1787954057063233698,1787954057062431976,5634148041956,5634148076141,72,0,0
rx,538,136,1,1,1787954057077646272,1787954057077449587,5634162454252,0,0,0,0
tx,538,136,1,1,1787954057077659254,1787954057077449587,5634162467511,5634162504604,72,0,0
rx,539,137,1,1,1787954057092938569,1787954057092420420,5634177746567,0,0,0,0
tx,539,137,1,1,1787954057092947198,1787954057092420420,5634177755456,5634177787548,72,0,0
rx,540,138,1,1,1787954057107546846,1787954057107376457,5634192354863,0,0,0,0
tx,540,138,1,1,1787954057107554717,1787954057107376457,5634192362974,5634192394271,72,0,0
rx,541,139,1,1,1787954057122869957,1787954057122444698,5634207677974,0,0,0,0
tx,541,139,1,1,1787954057122878957,1787954057122444698,5634207687234,5634207727808,72,0,0
rx,542,140,1,1,1787954057138178328,1787954057137433606,5634222986326,0,0,0,0
tx,542,140,1,1,1787954057138187198,1787954057137433606,5634222995474,5634223030641,72,0,0
rx,543,141,1,1,1787954057152592254,1787954057152427402,5634237400252,0,0,0,0
tx,543,141,1,1,1787954057152600532,1787954057152427402,5634237408789,5634237439863,72,0,0
rx,544,142,1,1,1787954057167921698,1787954057167449494,5634252729715,0,0,0,0
tx,544,142,1,1,1787954057167931217,1787954057167449494,5634252739456,5634252779808,72,0,0
rx,545,143,1,1,1787954057183271902,1787954057182432143,5634268079919,0,0,0,0
tx,545,143,1,1,1787954057183280420,1787954057182432143,5634268088678,5634268122382,72,0,0
rx,546,144,1,1,1787954057197608180,1787954057197439143,5634282416178,0,0,0,0
tx,546,144,1,1,1787954057197616032,1787954057197439143,5634282424345,5634282455234,72,0,0
rx,547,145,1,1,1787954057213209531,1787954057212419476,5634298017530,0,0,0,0
tx,547,145,1,1,1787954057213218420,1787954057212419476,5634298026659,5634298058697,72,0,0
rx,548,146,1,1,1787954057227658494,1787954057227446828,5634312466511,0,0,0,0
tx,548,146,1,1,1787954057227667254,1787954057227446828,5634312475789,5634312516011,72,0,0
rx,549,147,1,1,1787954057243025828,1787954057242421735,5634327833826,0,0,0,0
tx,549,147,1,1,1787954057243034346,1787954057242421735,5634327842604,5634327876567,72,0,0
rx,550,148,1,1,1787954057258332717,1787954057257450754,5634343140734,0,0,0,0
tx,550,148,1,1,1787954057258341346,1787954057257450754,5634343149863,5634343181030,72,0,0
rx,551,149,1,1,1787954057272870717,1787954057272444494,5634357678715,0,0,0,0
tx,551,149,1,1,1787954057272880198,1787954057272444494,5634357688456,5634357727030,72,0,0
rx,552,150,1,1,1787954057288197902,1787954057287426939,5634373005919,0,0,0,0
tx,552,150,1,1,1787954057288206606,1787954057287426939,5634373014845,5634373047734,72,0,0
rx,553,151,1,1,1787954057303514865,1787954057302594680,5634388322882,0,0,0,0
tx,553,151,1,1,1787954057303523735,1787954057302594680,5634388331974,5634388363104,72,0,0
rx,554,152,1,1,1787954057317755661,1787954057317419754,5634402563659,0,0,0,0
tx,554,152,1,1,1787954057317763698,1787954057317419754,5634402571937,5634402603567,72,0,0
rx,555,153,1,1,1787954057333130606,1787954057332441643,5634417938604,0,0,0,0
tx,555,153,1,1,1787954057333139643,1787954057332441643,5634417947882,5634417986363,72,0,0
rx,556,154,1,1,1787954057348439605,1787954057347409161,5634433247604,0,0,0,0
tx,556,154,1,1,1787954057348447643,1787954057347409161,5634433255882,5634433287771,72,0,0
rx,557,155,1,1,1787954057362786365,1787954057362419550,5634447594363,0,0,0,0
tx,557,155,1,1,1787954057362794439,1787954057362419550,5634447602678,5634447634752,72,0,0
rx,558,156,1,1,1787954057378165254,1787954057377435772,5634462973252,0,0,0,0
tx,558,156,1,1,1787954057378173902,1787954057377435772,5634462982159,5634463020233,72,0,0
rx,559,157,1,1,1787954057393465791,1787954057392434383,5634478273808,0,0,0,0
tx,559,157,1,1,1787954057393473754,1787954057392434383,5634478282011,5634478313419,72,0,0
rx,560,158,1,1,1787954057407761013,1787954057407426865,5634492569030,0,0,0,0
tx,560,158,1,1,1787954057407773513,1787954057407426865,5634492581770,5634492615733,72,0,0
rx,561,159,1,1,1787954057423080605,1787954057422450180,5634507888622,0,0,0,0
tx,561,159,1,1,1787954057423098661,1787954057422450180,5634507906937,5634507949789,72,0,0
rx,562,160,1,1,1787954057438422587,1787954057437436217,5634523230585,0,0,0,0
tx,562,160,1,1,1787954057438431476,1787954057437436217,5634523239715,5634523273770,72,0,0
rx,563,161,1,1,1787954057452758402,1787954057452422013,5634537566400,0,0,0,0
tx,563,161,1,1,1787954057452767031,1787954057452422013,5634537575289,5634537607974,72,0,0
rx,564,162,1,1,1787954057468053550,1787954057467441161,5634552861548,0,0,0,0
tx,564,162,1,1,1787954057468062476,1787954057467441161,5634552870733,5634552908419,72,0,0
rx,565,163,1,1,1787954057483364791,1787954057482425957,5634568172789,0,0,0,0
tx,565,163,1,1,1787954057483373050,1787954057482425957,5634568181326,5634568214511,72,0,0
rx,566,164,1,1,1787954057497750939,1787954057497423531,5634582558937,0,0,0,0
tx,566,164,1,1,1787954057497759383,1787954057497423531,5634582567659,5634582599233,72,0,0
rx,567,165,1,1,1787954057513054328,1787954057512441587,5634597862326,0,0,0,0
tx,567,165,1,1,1787954057513064161,1787954057512441587,5634597872400,5634597908030,72,0,0
rx,568,166,1,1,1787954057528374883,1787954057527447494,5634613182882,0,0,0,0
tx,568,166,1,1,1787954057528387957,1787954057527447494,5634613196215,5634613232900,72,0,0
rx,569,167,1,1,1787954057542791568,1787954057542421216,5634627599585,0,0,0,0
tx,569,167,1,1,1787954057542799883,1787954057542421216,5634627608419,5634627640437,72,0,0
rx,570,168,1,1,1787954057558131994,1787954057557419846,5634642939993,0,0,0,0
tx,570,168,1,1,1787954057558140476,1787954057557419846,5634642948733,5634642981048,72,0,0
rx,571,169,1,1,1787954057573449976,1787954057572444513,5634658257993,0,0,0,0
tx,571,169,1,1,1787954057573458754,1787954057572444513,5634658266993,5634658304993,72,0,0
rx,572,170,1,1,1787954057587651735,1787954057587426642,5634672459715,0,0,0,0
tx,572,170,1,1,1787954057587659753,1787954057587426642,5634672468011,5634672499604,72,0,0
rx,573,171,1,1,1787954057602970828,1787954057602418457,5634687778807,0,0,0,0
tx,573,171,1,1,1787954057602978179,1787954057602418457,5634687786437,5634687815807,72,0,0
rx,574,172,1,1,1787954057618239642,1787954057617444513,5634703047641,0,0,0,0
tx,574,172,1,1,1787954057618247902,1787954057617444513,5634703056289,5634703092956,72,0,0
rx,575,173,1,1,1787954057633682439,1787954057632653272,5634718490437,0,0,0,0
tx,575,173,1,1,1787954057633690772,1787954057632653272,5634718499030,5634718533715,72,0,0
rx,576,174,1,1,1787954057647896605,1787954057647428513,5634732704622,0,0,0,0
tx,576,174,1,1,1787954057647904550,1787954057647428513,5634732712844,5634732741881,72,0,0
rx,577,175,1,1,1787954057663238383,1787954057662421290,5634748046363,0,0,0,0
tx,577,175,1,1,1787954057663246457,1787954057662421290,5634748054752,5634748085048,72,0,0
rx,578,176,1,1,1787954057678525809,1787954057677445365,5634763333826,0,0,0,0
tx,578,176,1,1,1787954057678533865,1787954057677445365,5634763342122,5634763381067,72,0,0
rx,579,177,1,1,1787954057692846031,1787954057692426050,5634777654011,0,0,0,0
tx,579,177,1,1,1787954057692853846,1787954057692426050,5634777662104,5634777693696,72,0,0
rx,580,178,1,1,1787954057708266939,1787954057707455587,5634793074937,0,0,0,0
tx,580,178,1,1,1787954057708274883,1787954057707455587,5634793083178,5634793115733,72,0,0
rx,581,179,1,1,1787954057722508513,1787954057722442605,5634807316511,0,0,0,0
tx,581,179,1,1,1787954057722517161,1787954057722442605,5634807325418,5634807362548,72,0,0
rx,582,180,1,1,1787954057737876939,1787954057737430013,5634822684937,0,0,0,0
tx,582,180,1,1,1787954057737888957,1787954057737430013,5634822697215,5634822730030,72,0,0
rx,583,181,1,1,1787954057753337883,1787954057752424216,5634838145881,0,0,0,0
tx,583,181,1,1,1787954057753349327,1787954057752424216,5634838157585,5634838187400,72,0,0
rx,584,182,1,1,1787954057767507883,1787954057767446865,5634852315900,0,0,0,0
tx,584,182,1,1,1787954057767516513,1787954057767446865,5634852324770,5634852361826,72,0,0
rx,585,183,1,1,1787954057782850661,1787954057782429605,5634867658678,0,0,0,0
tx,585,183,1,1,1787954057782858753,1787954057782429605,5634867667048,5634867700381,72,0,0
rx,586,184,1,1,1787954057798128198,1787954057797422568,5634882936215,0,0,0,0
tx,586,184,1,1,1787954057798136216,1787954057797422568,5634882944585,5634882975067,72,0,0
rx,587,185,1,1,1787954057812473531,1787954057812443383,5634897281530,0,0,0,0
tx,587,185,1,1,1787954057812481420,1787954057812443383,5634897289678,5634897325567,72,0,0
rx,588,186,1,1,1787954057827946439,1787954057827429364,5634912754418,0,0,0,0
tx,588,186,1,1,1787954057827954772,1787954057827429364,5634912763048,5634912798863,72,0,0
rx,589,187,1,1,1787954057843254401,1787954057842424624,5634928062381,0,0,0,0
tx,589,187,1,1,1787954057843262661,1787954057842424624,5634928070955,5634928103678,72,0,0
rx,590,188,1,1,1787954057857538753,1787954057857491605,5634942346659,0,0,0,0
tx,590,188,1,1,1787954057857548235,1787954057857491605,5634942356622,5634942403992,72,0,0
rx,591,189,1,1,1787954057872881346,1787954057872465661,5634957689344,0,0,0,0
tx,591,189,1,1,1787954057872890827,1787954057872465661,5634957699085,5634957745881,72,0,0
rx,592,190,1,1,1787954057888235272,1787954057887434457,5634973043252,0,0,0,0
tx,592,190,1,1,1787954057888243457,1787954057887434457,5634973051733,5634973086826,72,0,0
rx,593,191,1,1,1787954057902532142,1787954057902423290,5634987340159,0,0,0,0
tx,593,191,1,1,1787954057902539716,1787954057902423290,5634987347992,5634987377585,72,0,0
rx,594,192,1,1,1787954057917833438,1787954057917445568,5635002641418,0,0,0,0
tx,594,192,1,1,1787954057917841661,1787954057917445568,5635002650029,5635002688270,72,0,0
rx,595,193,1,1,1787954057933255679,1787954057932441235,5635018063659,0,0,0,0
tx,595,193,1,1,1787954057933263494,1787954057932441235,5635018071770,5635018106604,72,0,0
rx,596,194,1,1,1787954057947627772,1787954057947423179,5635032435770,0,0,0,0
tx,596,194,1,1,1787954057947635161,1787954057947423179,5635032443437,5635032474400,72,0,0
rx,597,195,1,1,1787954057962897661,1787954057962423809,5635047705659,0,0,0,0
tx,597,195,1,1,1787954057962910013,1787954057962423809,5635047718289,5635047755455,72,0,0
rx,598,196,1,1,1787954057978289735,1787954057977444790,5635063097733,0,0,0,0
tx,598,196,1,1,1787954057978297568,1787954057977444790,5635063105826,5635063138474,72,0,0
rx,599,197,1,1,1787954057992520735,1787954057992426142,5635077328733,0,0,0,0
tx,599,197,1,1,1787954057992527790,1787954057992426142,5635077336085,5635077365752,72,0,0
rx,600,198,1,1,1787954058007901753,1787954058007422864,5635092709752,0,0,0,0
tx,600,198,1,1,1787954058007909309,1787954058007422864,5635092717603,5635092748474,72,0,0
rx,601,199,1,1,1787954058023370920,1787954058022434753,5635108178900,0,0,0,0
tx,601,199,1,1,1787954058023379327,1787954058022434753,5635108187622,5635108223918,72,0,0
rx,602,200,1,1,1787954058037590624,1787954058037440309,5635122398622,0,0,0,0
tx,602,200,1,1,1787954058037599383,1787954058037440309,5635122407678,5635122442752,72,0,0
rx,603,0,1,1,1787954058052913161,1787954058052434735,5635137721159,0,0,0,0
tx,603,0,1,1,1787954058052922494,1787954058052434735,5635137730955,5635137767029,72,0,0
rx,604,1,1,1,1787954058068220124,1787954058067485142,5635153028122,0,0,0,0
tx,604,1,1,1,1787954058068232753,1787954058067485142,5635153041011,5635153076529,72,0,0
rx,605,2,1,1,1787954058083530068,1787954058082435198,5635168338066,0,0,0,0
tx,605,2,1,1,1787954058083541920,1787954058082435198,5635168350177,5635168380844,72,0,0
rx,606,3,1,1,1787954058097906642,1787954058097421957,5635182714659,0,0,0,0
tx,606,3,1,1,1787954058097914124,1787954058097421957,5635182722363,5635182753066,72,0,0
rx,607,4,1,1,1787954058113194957,1787954058112453568,5635198002863,0,0,0,0
tx,607,4,1,1,1787954058113203049,1787954058112453568,5635198011344,5635198050215,72,0,0
rx,608,5,1,1,1787954058127575698,1787954058127431198,5635212383696,0,0,0,0
tx,608,5,1,1,1787954058127583087,1787954058127431198,5635212391344,5635212423140,72,0,0
rx,609,6,1,1,1787954058142987309,1787954058142430346,5635227795307,0,0,0,0
tx,609,6,1,1,1787954058142995661,1787954058142430346,5635227803918,5635227838789,72,0,0
rx,610,7,1,1,1787954058158254216,1787954058157423086,5635243062159,0,0,0,0
tx,610,7,1,1,1787954058158261735,1787954058157423086,5635243070029,5635243100992,72,0,0
rx,611,8,1,1,1787954058172660790,1787954058172434809,5635257468807,0,0,0,0
tx,611,8,1,1,1787954058172673068,1787954058172434809,5635257481326,5635257516214,72,0,0
rx,612,9,1,1,1787954058188042272,1787954058187442549,5635272850270,0,0,0,0
tx,612,9,1,1,1787954058188054235,1787954058187442549,5635272862511,5635272895326,72,0,0
rx,613,10,1,1,1787954058203358716,1787954058202429420,5635288166733,0,0,0,0
tx,613,10,1,1,1787954058203366512,1787954058202429420,5635288174770,5635288204844,72,0,0
rx,614,11,1,1,1787954058217602346,1787954058217442105,5635302410344,0,0,0,0
tx,614,11,1,1,1787954058217610216,1787954058217442105,5635302418474,5635302453863,72,0,0
rx,615,12,1,1,1787954058232903883,1787954058232443901,5635317711900,0,0,0,0
tx,615,12,1,1,1787954058232911661,1787954058232443901,5635317719900,5635317755159,72,0,0
rx,616,13,1,1,1787954058248322309,1787954058247423198,5635333130270,0,0,0,0
tx,616,13,1,1,1787954058248329698,1787954058247423198,5635333137955,5635333168566,72,0,0
rx,617,14,1,1,1787954058262690179,1787954058262439883,5635347498177,0,0,0,0
tx,617,14,1,1,1787954058262697920,1787954058262439883,5635347506214,5635347543066,72,0,0
rx,618,15,1,1,1787954058277981753,1787954058277427716,5635362789751,0,0,0,0
tx,618,15,1,1,1787954058277988975,1787954058277427716,5635362797251,5635362828048,72,0,0
rx,619,16,1,1,1787954058293306568,1787954058292423086,5635378114585,0,0,0,0
tx,619,16,1,1,1787954058293317790,1787954058292423086,5635378126085,5635378156344,72,0,0
rx,620,17,1,1,1787954058307560475,1787954058307422790,5635392368492,0,0,0,0
tx,620,17,1,1,1787954058307568290,1787954058307422790,5635392376585,5635392405196,72,0,0
rx,621,18,1,1,1787954058322987623,1787954058322431438,5635407795622,0,0,0,0
tx,621,18,1,1,1787954058322995698,1787954058322431438,5635407803974,5635407839640,72,0,0
rx,622,19,1,1,1787954058338424364,1787954058337437290,5635423232363,0,0,0,0
tx,622,19,1,1,1787954058338432142,1787954058337437290,5635423240400,5635423275363,72,0,0
rx,623,20,1,1,1787954058352599883,1787954058352424031,5635437407881,0,0,0,0
tx,623,20,1,1,1787954058352607827,1787954058352424031,5635437416066,5635437447196,72,0,0
rx,624,21,1,1,1787954058367983531,1787954058367432809,5635452791529,0,0,0,0
tx,624,21,1,1,1787954058367991623,1787954058367432809,5635452799974,5635452836288,72,0,0
rx,625,22,1,1,1787954058383395420,1787954058382427309,5635468203418,0,0,0,0
tx,625,22,1,1,1787954058383403309,1787954058382427309,5635468211566,5635468244937,72,0,0
rx,626,23,1,1,1787954058397624086,1787954058397418383,5635482432103,0,0,0,0
tx,626,23,1,1,1787954058397635068,1787954058397418383,5635482443307,5635482474159,72,0,0
rx,627,24,1,1,1787954058413078883,1787954058412452901,5635497886881,0,0,0,0
tx,627,24,1,1,1787954058413087364,1787954058412452901,5635497895622,5635497931122,72,0,0
rx,628,25,1,1,1787954058428338660,1787954058427432290,5635513146677,0,0,0,0
tx,628,25,1,1,1787954058428346734,1787954058427432290,5635513155029,5635513186955,72,0,0
rx,629,26,1,1,1787954058442603809,1787954058442436512,5635527411788,0,0,0,0
tx,629,26,1,1,1787954058442611568,1787954058442436512,5635527419844,5635527454381,72,0,0
rx,630,27,1,1,1787954058458008753,1787954058457423234,5635542816751,0,0,0,0
tx,630,27,1,1,1787954058458016383,1787954058457423234,5635542824714,5635542856140,72,0,0
rx,631,28,1,1,1787954058473275697,1787954058472432846,5635558083696,0,0,0,0
tx,631,28,1,1,1787954058473284420,1787954058472432846,5635558092677,5635558127362,72,0,0
rx,632,29,1,1,1787954058487605864,1787954058487429771,5635572413881,0,0,0,0
tx,632,29,1,1,1787954058487613586,1787954058487429771,5635572421825,5635572453825,72,0,0
rx,633,30,1,1,1787954058502925623,1787954058502419549,5635587733622,0,0,0,0
tx,633,30,1,1,1787954058502936938,1787954058502419549,5635587745196,5635587775029,72,0,0
rx,634,31,1,1,1787954058518198512,1787954058517448679,5635603006529,0,0,0,0
tx,634,31,1,1,1787954058518211049,1787954058517448679,5635603019381,5635603054233,72,0,0
rx,635,32,1,1,1787954058533467383,1787954058532441494,5635618275399,0,0,0,0
tx,635,32,1,1,1787954058533476308,1787954058532441494,5635618284566,5635618317511,72,0,0
rx,636,33,1,1,1787954058547666808,1787954058547423271,5635632474807,0,0,0,0
tx,636,33,1,1,1787954058547674697,1787954058547423271,5635632482955,5635632514196,72,0,0
rx,637,34,1,1,1787954058562995197,1787954058562442068,5635647803196,0,0,0,0
tx,637,34,1,1,1787954058563003197,1787954058562442068,5635647811455,5635647848659,72,0,0
rx,638,35,1,1,1787954058578403531,1787954058577431345,5635663211511,0,0,0,0
tx,638,35,1,1,1787954058578410938,1787954058577431345,5635663219196,5635663250640,72,0,0
rx,639,36,1,1,1787954058592741012,1787954058592421531,5635677548992,0,0,0,0
tx,639,36,1,1,1787954058592748420,1787954058592421531,5635677556696,5635677586325,72,0,0
rx,640,37,1,1,1787954058608005383,1787954058607438494,5635692813381,0,0,0,0
tx,640,37,1,1,1787954058608014031,1787954058607438494,5635692822362,5635692860233,72,0,0
rx,641,38,1,1,1787954058623383994,1787954058622432697,5635708191992,0,0,0,0
tx,641,38,1,1,1787954058623396142,1787954058622432697,5635708204473,5635708238955,72,0,0
rx,642,39,1,1,1787954058637667012,1787954058637448105,5635722475011,0,0,0,0
tx,642,39,1,1,1787954058637684179,1787954058637448105,5635722492418,5635722526436,72,0,0
rx,643,40,1,1,1787954058652970401,1787954058652423771,5635737778399,0,0,0,0
tx,643,40,1,1,1787954058652978790,1787954058652423771,5635737787029,5635737818529,72,0,0
rx,644,41,1,1,1787954058668311197,1787954058667434549,5635753119196,0,0,0,0
tx,644,41,1,1,1787954058668319660,1787954058667434549,5635753127899,5635753163918,72,0,0
rx,645,42,1,1,1787954058682500549,1787954058682431938,5635767308529,0,0,0,0
tx,645,42,1,1,1787954058682508049,1787954058682431938,5635767316566,5635767348973,72,0,0
rx,646,43,1,1,1787954058697830586,1787954058697422679,5635782638585,0,0,0,0
tx,646,43,1,1,1787954058697838475,1787954058697422679,5635782646733,5635782676418,72,0,0
rx,647,44,1,1,1787954058713094049,1787954058712457716,5635797902047,0,0,0,0
tx,647,44,1,1,1787954058713103475,1787954058712457716,5635797911733,5635797954714,72,0,0
rx,648,45,1,1,1787954058728326586,1787954058727545827,5635813134585,0,0,0,0
tx,648,45,1,1,1787954058728339086,1787954058727545827,5635813147325,5635813181918,72,0,0
rx,649,46,1,1,1787954058742481864,1787954058742428364,5635827289862,0,0,0,0
tx,649,46,1,1,1787954058742489605,1787954058742428364,5635827297936,5635827336510,72,0,0
rx,650,47,1,1,1787954058757729549,1787954058757419475,5635842537529,0,0,0,0
tx,650,47,1,1,1787954058757737197,1787954058757419475,5635842545455,5635842575455,72,0,0
rx,651,48,1,1,1787954058773074568,1787954058772431938,5635857882584,0,0,0,0
tx,651,48,1,1,1787954058773082808,1787954058772431938,5635857891103,5635857926492,72,0,0
rx,652,49,1,1,1787954058788331142,1787954058787428031,5635873139122,0,0,0,0
tx,652,49,1,1,1787954058788339031,1787954058787428031,5635873147288,5635873179325,72,0,0
rx,653,50,1,1,1787954058802646790,1787954058802418494,5635887454770,0,0,0,0
tx,653,50,1,1,1787954058802654197,1787954058802418494,5635887462436,5635887491677,72,0,0
rx,654,51,1,1,1787954058817982605,1787954058817431919,5635902790603,0,0,0,0
tx,654,51,1,1,1787954058817991049,1787954058817431919,5635902799307,5635902834159,72,0,0
rx,655,52,1,1,1787954058833227845,1787954058832433919,5635918035825,0,0,0,0
tx,655,52,1,1,1787954058833236401,1787954058832433919,5635918044714,5635918077936,72,0,0
rx,656,53,1,1,1787954058848490123,1787954058847427086,5635933298140,0,0,0,0
tx,656,53,1,1,1787954058848501031,1787954058847427086,5635933309270,5635933337770,72,0,0
rx,657,54,1,1,1787954058862673623,1787954058862473568,5635947481640,0,0,0,0
tx,657,54,1,1,1787954058862681901,1787954058862473568,5635947490159,5635947533881,72,0,0
rx,658,55,1,1,1787954058877928605,1787954058877437753,5635962736603,0,0,0,0
tx,658,55,1,1,1787954058877936327,1787954058877437753,5635962744621,5635962779714,72,0,0
rx,659,56,1,1,1787954058893220919,1787954058892424364,5635978028899,0,0,0,0
tx,659,56,1,1,1787954058893228456,1787954058892424364,5635978036733,5635978066510,72,0,0
rx,660,57,1,1,1787954058908501438,1787954058907448105,5635993309436,0,0,0,0
tx,660,57,1,1,1787954058908509753,1787954058907448105,5635993318029,5635993356029,72,0,0
rx,661,58,1,1,1787954058922814049,1787954058922430327,5636007622029,0,0,0,0
tx,661,58,1,1,1787954058922821493,1787954058922430327,5636007629770,5636007662510,72,0,0
rx,662,59,1,1,1787954058938099956,1787954058937433993,5636022907955,0,0,0,0
tx,662,59,1,1,1787954058938108123,1787954058937433993,5636022916418,5636022950473,72,0,0
rx,663,60,1,1,1787954058953474993,1787954058952424567,5636038282936,0,0,0,0
tx,663,60,1,1,1787954058953487808,1787954058952424567,5636038296066,5636038331677,72,0,0
rx,664,61,1,1,1787954058967630049,1787954058967434567,5636052438066,0,0,0,0
tx,664,61,1,1,1787954058967637993,1787954058967434567,5636052446288,5636052479658,72,0,0
rx,665,62,1,1,1787954058982997938,1787954058982426919,5636067805918,0,0,0,0
tx,665,62,1,1,1787954058983006160,1787954058982426919,5636067814399,5636067846695,72,0,0
rx,666,63,1,1,1787954058998260882,1787954058997426623,5636083068881,0,0,0,0
tx,666,63,1,1,1787954058998268771,1787954058997426623,5636083077084,5636083107751,72,0,0
rx,667,64,1,1,1787954059012485327,1787954059012447493,5636097293325,0,0,0,0
tx,667,64,1,1,1787954059012493030,1787954059012447493,5636097301270,5636097338510,72,0,0
