event,sequence,counter,valid_self,adopted,realtime_ns,kernel_ns,monotonic_ns,write_end_ns,written,socket_drop_total,trace_record_overflow
rx,1,1,1,1,1787954010152289263,1787954010151397819,5587237097336,0,0,0,0
tx,1,1,1,1,1787954010152295171,1787954010151397819,5587237103484,5587237135206,72,0,0
rx,2,2,1,1,1787954010153446023,1787954010153099097,5587238254095,0,0,0,0
rx,3,3,1,1,1787954010154523652,1787954010154336578,5587239331725,0,0,0,0
rx,4,4,1,1,1787954010156666578,1787954010155590689,5587241474651,0,0,0,0
rx,5,5,1,1,1787954010157742504,1787954010157054541,5587242550576,0,0,0,0
tx,5,11,1,1,1787954010163072115,1787954010157054541,5587247880299,5587247895928,72,0,0
tx,5,21,1,1,1787954010173766893,1787954010157054541,5587258575076,5587258587799,72,0,0
tx,5,30,1,1,1787954010183358930,1787954010157054541,5587268167243,5587268182836,72,0,0
tx,5,40,1,1,1787954010194015245,1787954010157054541,5587278823428,5587278835484,72,0,0
tx,5,50,1,1,1787954010204682245,1787954010157054541,5587289490484,5587289506632,72,0,0
tx,5,59,1,1,1787954010214278319,1787954010157054541,5587299086521,5587299098836,72,0,0
tx,5,69,1,1,1787954010224930004,1787954010157054541,5587309738188,5587309750243,72,0,0
tx,5,78,1,1,1787954010234545485,1787954010157054541,5587319353669,5587319366539,72,0,0
tx,5,87,1,1,1787954010244137467,1787954010157054541,5587328945650,5587328957836,72,0,0
rx,6,6,1,1,1787954010254826708,1787954010253874467,5587339634780,0,0,0,0
tx,6,97,1,1,1787954010254831615,1787954010253874467,5587339639854,5587339657650,72,0,0
rx,7,7,1,1,1787954010255960004,1787954010255400282,5587340768076,0,0,0,0
rx,8,8,1,1,1787954010257032634,1787954010256794078,5587341840706,0,0,0,0
rx,9,9,1,1,1787954010258104282,1787954010257966115,5587342912354,0,0,0,0
rx,10,10,1,1,1787954010260242634,1787954010259435837,5587345050706,0,0,0,0
rx,11,11,1,1,1787954010261317800,1787954010260596430,5587346125873,0,0,0,0
rx,12,12,1,1,1787954010262391856,1787954010261772337,5587347199928,0,0,0,0
tx,12,106,1,1,1787954010264523967,1787954010261772337,5587349332150,5587349348391,72,0,0
tx,12,115,1,1,1787954010274150559,1787954010261772337,5587358958743,5587358971336,72,0,0
tx,12,125,1,1,1787954010284804541,1787954010261772337,5587369612743,5587369628410,72,0,0
tx,12,134,1,1,1787954010294419467,1787954010261772337,5587379227706,5587379243910,72,0,0
tx,12,143,1,1,1787954010304024726,1787954010261772337,5587388832984,5587388845539,72,0,0
tx,12,153,1,1,1787954010314664485,1787954010261772337,5587399472669,5587399484632,72,0,0
tx,12,162,1,1,1787954010324276615,1787954010261772337,5587409084873,5587409096669,72,0,0
tx,12,172,1,1,1787954010334953689,1787954010261772337,5587419761873,5587419774854,72,0,0
tx,12,181,1,1,1787954010344535559,1787954010261772337,5587429343743,5587429355428,72,0,0
tx,12,190,1,1,1787954010354135004,1787954010261772337,5587438943280,5587438959224,72,0,0
rx,13,13,1,1,1787954010356287559,1787954010356008448,5587441095632,0,0,0,0
rx,14,14,1,1,1787954010357363837,1787954010357134467,5587442171891,0,0,0,0
rx,15,15,1,1,1787954010358496874,1787954010358404133,5587443304947,0,0,0,0
rx,16,16,1,1,1787954010360636578,1787954010359633615,5587445444650,0,0,0,0
rx,17,17,1,1,1787954010361708485,1787954010360795856,5587446516558,0,0,0,0
rx,18,18,1,1,1787954010362779837,1787954010361939967,5587447587891,0,0,0,0
rx,19,19,1,1,1787954010363862041,1787954010363088393,5587448670095,0,0,0,0
tx,19,200,1,1,1787954010364931504,1787954010363088393,5587449739687,5587449759984,72,0,0
tx,19,8,1,1,1787954010374580319,1787954010363088393,5587459388502,5587459400965,72,0,0
tx,19,17,1,1,1787954010384173245,1787954010363088393,5587468981428,5587468996058,72,0,0
tx,19,27,1,1,1787954010394829559,1787954010363088393,5587479637761,5587479649891,72,0,0
tx,19,36,1,1,1787954010404430356,1787954010363088393,5587489238650,5587489253799,72,0,0
tx,19,45,1,1,1787954010414029171,1787954010363088393,5587498837354,5587498850021,72,0,0
tx,19,55,1,1,1787954010424684967,1787954010363088393,5587509493150,5587509504873,72,0,0
tx,19,64,1,1,1787954010434274467,1787954010363088393,5587519082650,5587519095502,72,0,0
tx,19,74,1,1,1787954010444934374,1787954010363088393,5587529742558,5587529754521,72,0,0
tx,19,83,1,1,1787954010454548670,1787954010363088393,5587539356910,5587539372354,72,0,0
rx,20,20,1,1,1787954010458827430,1787954010458514041,5587543635502,0,0,0,0
rx,21,21,1,1,1787954010459901152,1787954010459623559,5587544709224,0,0,0,0
rx,22,22,1,1,1787954010460974782,1787954010460770504,5587545782854,0,0,0,0
rx,23,23,1,1,1787954010462050059,1787954010461872282,5587546858132,0,0,0,0
rx,24,24,1,1,1787954010463123893,1787954010462994596,5587547931947,0,0,0,0
rx,25,25,1,1,1787954010464204782,1787954010464110467,5587549012817,0,0,0,0
tx,25,92,1,1,1787954010464208356,1787954010464110467,5587549016539,5587549032761,72,0,0
rx,26,26,1,1,1787954010465334782,1787954010465234430,5587550142854,0,0,0,0
tx,26,102,1,1,1787954010474928356,1787954010465234430,5587559736539,5587559749576,72,0,0
tx,26,111,1,1,1787954010484531096,1787954010465234430,5587569339280,5587569353947,72,0,0
tx,26,120,1,1,1787954010494137707,1787954010465234430,5587578945891,5587578961280,72,0,0
tx,26,130,1,1,1787954010504800485,1787954010465234430,5587589608669,5587589622484,72,0,0
tx,26,139,1,1,1787954010514404133,1787954010465234430,5587599212317,5587599224187,72,0,0
tx,26,149,1,1,1787954010525059448,1787954010465234430,5587609867632,5587609879687,72,0,0
tx,26,159,1,1,1787954010535732170,1787954010465234430,5587620540410,5587620553854,72,0,0
tx,26,168,1,1,1787954010545346300,1787954010465234430,5587630154539,5587630169947,72,0,0
tx,26,178,1,1,1787954010556006485,1787954010465234430,5587640814669,5587640826632,72,0,0
rx,27,27,1,1,1787954010561361263,1787954010560891856,5587646169335,0,0,0,0
rx,28,28,1,1,1787954010562433559,1787954010562175467,5587647241613,0,0,0,0
rx,29,29,1,1,1787954010564572967,1787954010563681078,5587649381039,0,0,0,0
rx,30,30,1,1,1787954010565645485,1787954010565269596,5587650453558,0,0,0,0
rx,31,31,1,1,1787954010566719707,1787954010566497078,5587651527780,0,0,0,0
tx,31,188,1,1,1787954010566724967,1787954010566497078,5587651533150,5587651548484,72,0,0
rx,32,32,1,1,1787954010568915856,1787954010568073541,5587653723928,0,0,0,0
rx,33,33,1,1,1787954010569987522,1787954010569312170,5587654795595,0,0,0,0
tx,33,197,1,1,1787954010576390133,1787954010569312170,5587661198335,5587661212650,72,0,0
tx,33,5,1,1,1787954010586013300,1787954010569312170,5587670821484,5587670836113,72,0,0
tx,33,15,1,1,1787954010596669133,1787954010569312170,5587681477317,5587681489576,72,0,0
tx,33,24,1,1,1787954010606268170,1787954010569312170,5587691076354,5587691092224,72,0,0
tx,33,34,1,1,1787954010616939300,1787954010569312170,5587701747484,5587701759465,72,0,0
tx,33,43,1,1,1787954010626527504,1787954010569312170,5587711335687,5587711347576,72,0,0
tx,33,52,1,1,1787954010636127930,1787954010569312170,5587720936113,5587720949780,72,0,0
tx,33,62,1,1,1787954010646824244,1787954010569312170,5587731632428,5587731645021,72,0,0
tx,33,71,1,1,1787954010656432726,1787954010569312170,5587741240984,5587741258150,72,0,0
rx,34,34,1,1,1787954010663974059,1787954010663186559,5587748782132,0,0,0,0
rx,35,35,1,1,1787954010665047633,1787954010664265115,5587749855706,0,0,0,0
rx,36,36,1,1,1787954010666118874,1787954010665444670,5587750926928,0,0,0,0
tx,36,80,1,1,1787954010666122522,1787954010665444670,5587750930706,5587750948261,72,0,0
rx,37,37,1,1,1787954010667221504,1787954010666566096,5587752029576,0,0,0,0
rx,38,38,1,1,1787954010668293615,1787954010667679967,5587753101687,0,0,0,0
rx,39,39,1,1,1787954010669364930,1787954010668796522,5587754173002,0,0,0,0
tx,39,90,1,1,1787954010676819670,1787954010668796522,5587761627854,5587761642446,72,0,0
tx,39,99,1,1,1787954010686507430,1787954010668796522,5587771315613,5587771330669,72,0,0
tx,39,108,1,1,1787954010696194041,1787954010668796522,5587781002280,5587781021984,72,0,0
tx,39,118,1,1,1787954010706863874,1787954010668796522,5587791672058,5587791684391,72,0,0
tx,39,127,1,1,1787954010716533596,1787954010668796522,5587801341780,5587801353798,72,0,0
tx,39,136,1,1,1787954010726125504,1787954010668796522,5587810933687,5587810946428,72,0,0
tx,39,146,1,1,1787954010736803559,1787954010668796522,5587821611743,5587821624113,72,0,0
tx,39,155,1,1,1787954010746410818,1787954010668796522,5587831219002,5587831235095,72,0,0
tx,39,164,1,1,1787954010756008207,1787954010668796522,5587840816391,5587840828428,72,0,0
rx,40,40,1,1,1787954010766671596,1787954010766151300,5587851479669,0,0,0,0
tx,40,174,1,1,1787954010766675800,1787954010766151300,5587851483983,5587851498761,72,0,0
rx,41,41,1,1,1787954010768875967,1787954010768381652,5587853684039,0,0,0,0
rx,42,42,1,1,1787954010771014207,1787954010770020133,5587855822261,0,0,0,0
rx,43,43,1,1,1787954010772087504,1787954010771382467,5587856895558,0,0,0,0
rx,44,44,1,1,1787954010773158726,1787954010772665911,5587857966780,0,0,0,0
rx,45,45,1,1,1787954010774229448,1787954010773967152,5587859037521,0,0,0,0
rx,46,46,1,1,1787954010775367911,1787954010775265837,5587860175983,0,0,0,0
tx,46,183,1,1,1787954010776442670,1787954010775265837,5587861250854,5587861266483,72,0,0
tx,46,192,1,1,1787954010786078781,1787954010775265837,5587870886965,5587870900928,72,0,0
tx,46,1,1,1,1787954010796742226,1787954010775265837,5587881550409,5587881567335,72,0,0
tx,46,10,1,1,1787954010806341930,1787954010775265837,5587891150113,5587891162039,72,0,0
tx,46,20,1,1,1787954010817005911,1787954010775265837,5587901814095,5587901825854,72,0,0
tx,46,30,1,1,1787954010827658763,1787954010775265837,5587912466946,5587912478687,72,0,0
tx,46,39,1,1,1787954010837288855,1787954010775265837,5587922097039,5587922109020,72,0,0
tx,46,49,1,1,1787954010847960337,1787954010775265837,5587932768595,5587932783095,72,0,0
tx,46,57,1,1,1787954010857361355,1787954010775265837,5587942169595,5587942190039,72,0,0
rx,47,47,1,1,1787954010868057670,1787954010868022892,5587952865724,0,0,0,0
tx,47,67,1,1,1787954010868062281,1787954010868022892,5587952870632,5587952887909,72,0,0
rx,48,48,1,1,1787954010870291763,1787954010869213355,5587955099835,0,0,0,0
rx,49,49,1,1,1787954010871364855,1787954010870418355,5587956172928,0,0,0,0
rx,50,50,1,1,1787954010872439300,1787954010871574096,5587957247372,0,0,0,0
rx,51,51,1,1,1787954010873516263,1787954010872715281,5587958324335,0,0,0,0
rx,53,53,1,1,1787954010875658115,1787954010875009596,5587960466169,0,0,0,0
tx,53,77,1,1,1787954010878853374,1787954010875009596,5587963661557,5587963679780,72,0,0
tx,53,86,1,1,1787954010888500133,1787954010875009596,5587973308317,5587973324576,72,0,0
tx,53,95,1,1,1787954010898116874,1787954010875009596,5587982925057,5587982942039,72,0,0
tx,53,105,1,1,1787954010908794059,1787954010875009596,5587993602243,5587993614891,72,0,0
tx,53,114,1,1,1787954010918396874,1787954010875009596,5588003205057,5588003216872,72,0,0
tx,53,123,1,1,1787954010928054522,1787954010875009596,5588012862687,5588012874872,72,0,0
tx,53,133,1,1,1787954010938746615,1787954010875009596,5588023554798,5588023567761,72,0,0
tx,53,142,1,1,1787954010948345541,1787954010875009596,5588033153798,5588033171206,72,0,0
tx,53,152,1,1,1787954010959012633,1787954010875009596,5588043820835,5588043832891,72,0,0
tx,53,162,1,1,1787954010969675652,1787954010875009596,5588054483835,5588054495761,72,0,0
rx,54,54,1,1,1787954010970791133,1787954010970577170,5588055599206,0,0,0,0
rx,55,55,1,1,1787954010971863985,1787954010971683429,5588056672057,0,0,0,0
rx,56,56,1,1,1787954010974000763,1787954010973329263,5588058808835,0,0,0,0
rx,57,57,1,1,1787954010975072170,1787954010974445429,5588059880243,0,0,0,0
rx,58,58,1,1,1787954010976149633,1787954010975570337,5588060957706,0,0,0,0
rx,59,59,1,1,1787954010977225318,1787954010976690392,5588062033391,0,0,0,0
rx,60,60,1,1,1787954010978301189,1787954010977814596,5588063109261,0,0,0,0
tx,60,171,1,1,1787954010979370929,1787954010977814596,5588064179187,5588064195039,72,0,0
tx,60,180,1,1,1787954010989015818,1787954010977814596,5588073824076,5588073838613,72,0,0
tx,60,190,1,1,1787954010999679837,1787954010977814596,5588084488076,5588084504891,72,0,0
tx,60,199,1,1,1787954011009284226,1787954010977814596,5588094092409,5588094104298,72,0,0
tx,60,8,1,1,1787954011019941355,1787954010977814596,5588104749557,5588104761557,72,0,0
tx,60,17,1,1,1787954011029530022,1787954010977814596,5588114338206,5588114349946,72,0,0
tx,60,26,1,1,1787954011039120652,1787954010977814596,5588123928835,5588123941261,72,0,0
tx,60,36,1,1,1787954011049793337,1787954010977814596,5588134601520,5588134617594,72,0,0
tx,60,45,1,1,1787954011059396615,1787954010977814596,5588144204798,5588144216706,72,0,0
tx,60,55,1,1,1787954011070058503,1787954010977814596,5588154866687,5588154878557,72,0,0
rx,61,61,1,1,1787954011074337485,1787954011073390337,5588159145557,0,0,0,0
rx,62,62,1,1,1787954011075413355,1787954011074597596,5588160221428,0,0,0,0
rx,63,63,1,1,1787954011076518003,1787954011076419152,5588161326076,0,0,0,0
rx,64,64,1,1,1787954011078656578,1787954011077610207,5588163464650,0,0,0,0
rx,65,65,1,1,1787954011079728263,1787954011078807485,5588164536335,0,0,0,0
rx,66,66,1,1,1787954011080805763,1787954011080015003,5588165613835,0,0,0,0
tx,66,65,1,1,1787954011080809540,1787954011080015003,5588165617724,5588165633872,72,0,0
rx,67,67,1,1,1787954011081937078,1787954011081217115,5588166745150,0,0,0,0
tx,67,74,1,1,1787954011090470170,1787954011081217115,5588175278354,5588175297965,72,0,0
tx,67,83,1,1,1787954011100117429,1787954011081217115,5588184925631,5588184938224,72,0,0
tx,67,93,1,1,1787954011110770448,1787954011081217115,5588195578631,5588195590409,72,0,0
tx,67,102,1,1,1787954011120360670,1787954011081217115,5588205168854,5588205181298,72,0,0
tx,67,112,1,1,1787954011131022300,1787954011081217115,5588215830483,5588215841798,72,0,0
tx,67,122,1,1,1787954011141696800,1787954011081217115,5588226505057,5588226522631,72,0,0
tx,67,131,1,1,1787954011151304781,1787954011081217115,5588236112983,5588236124668,72,0,0
tx,67,141,1,1,1787954011162022226,1787954011081217115,5588246830409,5588246841835,72,0,0
tx,67,151,1,1,1787954011172676929,1787954011081217115,5588257485113,5588257497002,72,0,0
rx,68,68,1,1,1787954011175887744,1787954011175275374,5588260695817,0,0,0,0
tx,68,160,1,1,1787954011182296300,1787954011175275374,5588267104539,5588267118742,72,0,0
tx,68,170,1,1,1787954011192995133,1787954011175275374,5588277803317,5588277817131,72,0,0
tx,68,179,1,1,1787954011202605503,1787954011175275374,5588287413742,5588287429705,72,0,0
tx,68,188,1,1,1787954011212201337,1787954011175275374,5588297009520,5588297021539,72,0,0
tx,68,198,1,1,1787954011222853522,1787954011175275374,5588307661705,5588307673391,72,0,0
tx,68,6,1,1,1787954011232444800,1787954011175275374,5588317252983,5588317265224,72,0,0
tx,68,15,1,1,1787954011242037744,1787954011175275374,5588326845928,5588326857946,72,0,0
tx,68,25,1,1,1787954011252739855,1787954011175275374,5588337548131,5588337562668,72,0,0
tx,68,34,1,1,1787954011262333318,1787954011175275374,5588347141502,5588347153742,72,0,0
tx,68,44,1,1,1787954011273049800,1787954011175275374,5588357857983,5588357869650,72,0,0
rx,69,69,1,1,1787954011278416892,1787954011277629003,5588363224946,0,0,0,0
rx,71,71,1,1,1787954011280555726,1787954011280000281,5588365363761,0,0,0,0
rx,72,72,1,1,1787954011281692263,1787954011281131133,5588366500261,0,0,0,0
rx,73,73,1,1,1787954011282790133,1787954011282386466,5588367598131,0,0,0,0
rx,74,74,1,1,1787954011283893855,1787954011283516337,5588368701872,0,0,0,0
tx,74,54,1,1,1787954011283905874,1787954011283516337,5588368714168,5588368747761,72,0,0
rx,75,75,1,1,1787954011285104781,1787954011284645151,5588369912779,0,0,0,0
rx,76,76,1,1,1787954011286205429,1787954011285808837,5588371013317,0,0,0,0
rx,77,77,1,1,1787954011287303837,1787954011286924763,5588372111835,0,0,0,0
rx,78,78,1,1,1787954011288401763,1787954011288056596,5588373209761,0,0,0,0
rx,79,79,1,1,1787954011289497670,1787954011289187744,5588374305668,0,0,0,0
rx,80,80,1,1,1787954011290700763,1787954011290363614,5588375508724,0,0,0,0
tx,80,63,1,1,1787954011293976614,1787954011290363614,5588378784891,5588378821150,72,0,0
tx,80,72,1,1,1787954011303876411,1787954011290363614,5588388684668,5588388711854,72,0,0
tx,80,81,1,1,1787954011313636133,1787954011290363614,5588398444372,5588398469854,72,0,0
tx,80,90,1,1,1787954011323409744,1787954011290363614,5588408217983,5588408243650,72,0,0
tx,80,99,1,1,1787954011333169300,1787954011290363614,5588417977539,5588418003779,72,0,0
tx,80,109,1,1,1787954011344013670,1787954011290363614,5588428821928,5588428855039,72,0,0
tx,80,119,1,1,1787954011354929411,1787954011290363614,5588439737668,5588439763372,72,0,0
tx,80,128,1,1,1787954011364700448,1787954011290363614,5588449508687,5588449536298,72,0,0
tx,80,137,1,1,1787954011374477059,1787954011290363614,5588459285316,5588459310576,72,0,0
rx,81,81,1,1,1787954011381010800,1787954011380961077,5588465818779,0,0,0,0
rx,82,82,1,1,1787954011382121744,1787954011382073133,5588466929761,0,0,0,0
rx,83,83,1,0,1787954011384340188,1787954011383228725,5588469148205,0,0,0,0
rx,84,84,1,1,1787954011384356207,1787954011384328707,5588469164205,0,0,0,0
tx,84,146,1,1,1787954011384364355,1787954011384328707,5588469172613,5588469205965,72,0,0
rx,85,85,1,1,1787954011385630707,1787954011385435337,5588470438724,0,0,0,0
rx,86,86,1,1,1787954011386735318,1787954011386598892,5588471543316,0,0,0,0
rx,87,87,1,1,1787954011387960559,1787954011387692707,5588472768446,0,0,0,0
tx,87,155,1,1,1787954011394494392,1787954011387692707,5588479302650,5588479337724,72,0,0
tx,87,164,1,1,1787954011404339040,1787954011387692707,5588489147298,5588489174113,72,0,0
tx,87,173,1,1,1787954011414097540,1787954011387692707,5588498905798,5588498931076,72,0,0
tx,87,183,1,1,1787954011424952985,1787954011387692707,5588509761242,5588509786446,72,0,0
tx,87,192,1,1,1787954011434725466,1787954011387692707,5588519533705,5588519560502,72,0,0
tx,87,0,1,1,1787954011444525762,1787954011387692707,5588529334002,5588529363576,72,0,0
tx,87,9,1,1,1787954011454290540,1787954011387692707,5588539098798,5588539125594,72,0,0
tx,87,18,1,1,1787954011464048355,1787954011387692707,5588548856613,5588548881853,72,0,0
tx,87,28,1,1,1787954011474888022,1787954011387692707,5588559696279,5588559721353,72,0,0
rx,88,88,1,1,1787954011485007337,1787954011484681744,5588569815335,0,0,0,0
tx,88,37,1,1,1787954011485020022,1787954011484681744,5588569828279,5588569860779,72,0,0
rx,89,89,1,1,1787954011487299614,1787954011486340337,5588572107613,0,0,0,0
rx,90,90,1,1,1787954011488395874,1787954011487564855,5588573203890,0,0,0,0
rx,91,91,1,1,1787954011489491281,1787954011488874670,5588574299279,0,0,0,0
rx,92,92,1,1,1787954011490586170,1787954011490141003,5588575394150,0,0,0,0
rx,93,93,1,1,1787954011491748225,1787954011491459337,5588576556242,0,0,0,0
rx,94,94,1,1,1787954011493031059,1787954011492688799,5588577839057,0,0,0,0
tx,94,45,1,1,1787954011494136670,1787954011492688799,5588578944909,5588578981890,72,0,0
tx,94,55,1,1,1787954011505064151,1787954011492688799,5588589872446,5588589899687,72,0,0
tx,94,65,1,1,1787954011515917670,1787954011492688799,5588600725927,5588600751983,72,0,0
tx,94,74,1,1,1787954011525715225,1787954011492688799,5588610523465,5588610548835,72,0,0
tx,94,83,1,1,1787954011535469688,1787954011492688799,5588620277946,5588620304427,72,0,0
tx,94,92,1,1,1787954011545229448,1787954011492688799,5588630037761,5588630068094,72,0,0
tx,94,101,1,1,1787954011555064096,1787954011492688799,5588639872353,5588639898372,72,0,0
tx,94,111,1,1,1787954011565919411,1787954011492688799,5588650727668,5588650752353,72,0,0
tx,94,120,1,1,1787954011575677948,1787954011492688799,5588660486205,5588660511224,72,0,0
tx,94,129,1,1,1787954011585391762,1787954011492688799,5588670200057,5588670226242,72,0,0
rx,95,95,1,1,1787954011586518707,1787954011585484151,5588671326724,0,0,0,0
rx,96,96,1,1,1787954011587622374,1787954011586767744,5588672430390,0,0,0,0
rx,97,97,1,1,1787954011588930170,1787954011588041948,5588673738168,0,0,0,0
rx,98,98,1,1,1787954011590045540,1787954011589236355,5588674853539,0,0,0,0
rx,99,99,1,1,1787954011591144725,1787954011590796651,5588675952705,0,0,0,0
rx,100,100,1,1,1787954011592244466,1787954011592012540,5588677052483,0,0,0,0
rx,101,101,1,1,1787954011593429225,1787954011593239411,5588678237224,0,0,0,0
tx,101,138,1,1,1787954011595646096,1787954011593239411,5588680454372,5588680488798,72,0,0
tx,101,147,1,1,1787954011605557799,1787954011593239411,5588690366039,5588690393057,72,0,0
tx,101,156,1,1,1787954011615314003,1787954011593239411,5588700122261,5588700147705,72,0,0
tx,101,165,1,1,1787954011625066207,1787954011593239411,5588709874464,5588709899705,72,0,0
tx,101,175,1,1,1787954011635911985,1787954011593239411,5588720720242,5588720748576,72,0,0
tx,101,184,1,1,1787954011645830281,1787954011593239411,5588730638520,5588730668853,72,0,0
tx,101,193,1,1,1787954011655592873,1787954011593239411,5588740401113,5588740426724,72,0,0
tx,101,1,1,1,1787954011665346151,1787954011593239411,5588750154409,5588750179390,72,0,0
tx,101,10,1,1,1787954011675095188,1787954011593239411,5588759903427,5588759928372,72,0,0
tx,101,19,1,1,1787954011685015522,1787954011593239411,5588769823761,5588769850538,72,0,0
rx,102,102,1,1,1787954011688365688,1787954011687416003,5588773173705,0,0,0,0
rx,103,103,1,1,1787954011689471151,1787954011688454188,5588774279150,0,0,0,0
rx,104,104,1,1,1787954011690572244,1787954011689558410,5588775380242,0,0,0,0
rx,105,105,1,1,1787954011691668466,1787954011690678985,5588776476483,0,0,0,0
rx,106,106,1,1,1787954011692783596,1787954011691795336,5588777591613,0,0,0,0
rx,107,107,1,1,1787954011693886985,1787954011692945744,5588778695001,0,0,0,0
rx,108,108,1,1,1787954011694991688,1787954011694042651,5588779799705,0,0,0,0
tx,108,29,1,1,1787954011696089429,1787954011694042651,5588780897687,5588780937316,72,0,0
tx,108,39,1,1,1787954011707015577,1787954011694042651,5588791823835,5588791850668,72,0,0
tx,108,49,1,1,1787954011717866466,1787954011694042651,5588802674705,5588802699853,72,0,0
tx,108,58,1,1,1787954011727622762,1787954011694042651,5588812431020,5588812456038,72,0,0
tx,108,67,1,1,1787954011737395318,1787954011694042651,5588822203557,5588822229390,72,0,0
tx,108,76,1,1,1787954011747282392,1787954011694042651,5588832090631,5588832123613,72,0,0
tx,108,85,1,1,1787954011757068207,1787954011694042651,5588841876446,5588841902705,72,0,0
tx,108,95,1,1,1787954011767900466,1787954011694042651,5588852708724,5588852734705,72,0,0
tx,108,104,1,1,1787954011777653151,1787954011694042651,5588862461409,5588862486575,72,0,0
tx,108,113,1,1,1787954011787423596,1787954011694042651,5588872231872,5588872260687,72,0,0
rx,109,109,1,1,1787954011790736688,1787954011789960096,5588875544687,0,0,0,0
rx,110,110,1,1,1787954011791853688,1787954011791526040,5588876661705,0,0,0,0
rx,111,111,1,1,1787954011794037836,1787954011793299040,5588878845835,0,0,0,0
rx,112,112,1,1,1787954011795133984,1787954011794533077,5588879941964,0,0,0,0
rx,113,113,1,1,1787954011796232466,1787954011795726355,5588881040464,0,0,0,0
rx,114,114,1,1,1787954011797339984,1787954011796920151,5588882147983,0,0,0,0
tx,114,122,1,1,1787954011797348040,1787954011796920151,5588882156335,5588882191242,72,0,0
rx,115,115,1,1,1787954011798573022,1787954011798139614,5588883381020,0,0,0,0
tx,115,131,1,1,1787954011807300596,1787954011798139614,5588892108853,5588892139335,72,0,0
tx,115,140,1,1,1787954011817156151,1787954011798139614,5588901964409,5588901990612,72,0,0
tx,115,150,1,1,1787954011827988633,1787954011798139614,5588912796890,5588912823094,72,0,0
tx,115,159,1,1,1787954011837742781,1787954011798139614,5588922551020,5588922578538,72,0,0
tx,115,168,1,1,1787954011847586059,1787954011798139614,5588932394316,5588932425409,72,0,0
tx,115,176,1,1,1787954011858086559,1787954011798139614,5588942894798,5588942938742,72,0,0
tx,115,185,1,1,1787954011868056910,1787954011798139614,5588952865149,5588952898409,72,0,0
tx,115,195,1,1,1787954011878992170,1787954011798139614,5588963800427,5588963828724,72,0,0
tx,115,3,1,1,1787954011888928744,1787954011798139614,5588973737020,5588973774242,72,0,0
rx,116,116,1,1,1787954011894380725,1787954011893485818,5588979188742,0,0,0,0
rx,117,117,1,1,1787954011895485910,1787954011894798651,5588980293909,0,0,0,0
rx,118,118,1,1,1787954011897673096,1787954011896926188,5588982481094,0,0,0,0
rx,119,119,1,1,1787954011898735003,1787954011898236781,5588983542983,0,0,0,0
tx,119,12,1,1,1787954011898742484,1787954011898236781,5588983550742,5588983584501,72,0,0
rx,120,120,1,1,1787954011899948484,1787954011899693910,5588984756483,0,0,0,0
rx,121,121,1,1,1787954011902140484,1787954011901050633,5588986948483,0,0,0,0
tx,121,21,1,1,1787954011908664225,1787954011901050633,5588993472483,5588993501872,72,0,0
tx,121,30,1,1,1787954011918496966,1787954011901050633,5589003305242,5589003331224,72,0,0
tx,121,39,1,1,1787954011928314058,1787954011901050633,5589013122316,5589013150909,72,0,0
tx,121,48,1,1,1787954011938281077,1787954011901050633,5589023089335,5589023125261,72,0,0
tx,121,57,1,1,1787954011948053244,1787954011901050633,5589032861501,5589032886001,72,0,0
tx,121,67,1,1,1787954011958890688,1787954011901050633,5589043698946,5589043723242,72,0,0
tx,121,76,1,1,1787954011968652336,1787954011901050633,5589053460594,5589053484242,72,0,0
tx,121,85,1,1,1787954011978421410,1787954011901050633,5589063229649,5589063254168,72,0,0
tx,121,94,1,1,1787954011988247262,1787954011901050633,5589073055520,5589073094427,72,0,0
rx,122,122,1,1,1787954011994795188,1787954011994476281,5589079603186,0,0,0,0
rx,123,123,1,1,1787954011995887447,1787954011995642225,5589080695427,0,0,0,0
rx,124,124,1,1,1787954011996979003,1787954011996749984,5589081787001,0,0,0,0
rx,125,125,1,1,1787954011998070244,1787954011997893058,5589082878242,0,0,0,0
tx,125,103,1,1,1787954011998077892,1787954011997893058,5589082886149,5589082917038,72,0,0
rx,126,126,1,1,1787954011999267373,1787954011999057521,5589084075372,0,0,0,0
rx,127,127,1,1,1787954012000359633,1787954012000150836,5589085167649,0,0,0,0
rx,128,128,1,1,1787954012001454466,1787954012001262355,5589086262464,0,0,0,0
tx,128,113,1,1,1787954012009037762,1787954012001262355,5589093846020,5589093873261,72,0,0
tx,128,123,1,1,1787954012019937781,1787954012001262355,5589104746020,5589104770242,72,0,0
tx,128,132,1,1,1787954012029717003,1787954012001262355,5589114525242,5589114548946,72,0,0
tx,128,141,1,1,1787954012039492707,1787954012001262355,5589124300946,5589124335186,72,0,0
tx,128,150,1,1,1787954012049276114,1787954012001262355,5589134084372,5589134112038,72,0,0
tx,128,159,1,1,1787954012059034836,1787954012001262355,5589143843094,5589143866557,72,0,0
tx,128,169,1,1,1787954012069852966,1787954012001262355,5589154661205,5589154684705,72,0,0
tx,128,178,1,1,1787954012079605188,1787954012001262355,5589164413427,5589164437742,72,0,0
tx,128,187,1,1,1787954012089451836,1787954012001262355,5589174260094,5589174295279,72,0,0
rx,129,129,1,1,1787954012099245577,1787954012099076577,5589184053557,0,0,0,0
tx,129,196,1,1,1787954012099282836,1787954012099076577,5589184091075,5589184120038,72,0,0
rx,131,131,1,1,1787954012102639355,1787954012101804003,5589187447353,0,0,0,0
rx,132,132,1,1,1787954012103733762,1787954012103036577,5589188541760,0,0,0,0
rx,133,133,1,1,1787954012104826466,1787954012104229892,5589189634464,0,0,0,0
rx,134,134,1,1,1787954012105922318,1787954012105771614,5589190730316,0,0,0,0
tx,134,4,1,1,1787954012109175410,1787954012105771614,5589193983668,5589194012390,72,0,0
tx,134,14,1,1,1787954012120087503,1787954012105771614,5589204895742,5589204942186,72,0,0
tx,134,24,1,1,1787954012130950947,1787954012105771614,5589215759186,5589215783205,72,0,0
tx,134,33,1,1,1787954012140729799,1787954012105771614,5589225538075,5589225570001,72,0,0
tx,134,42,1,1,1787954012150494929,1787954012105771614,5589235303168,5589235327020,72,0,0
tx,134,51,1,1,1787954012160250855,1787954012105771614,5589245059112,5589245083594,72,0,0
tx,134,60,1,1,1787954012170014244,1787954012105771614,5589254822501,5589254846557,72,0,0
tx,134,70,1,1,1787954012180851077,1787954012105771614,5589265659316,5589265683001,72,0,0
tx,134,79,1,1,1787954012190735558,1787954012105771614,5589275543816,5589275580668,72,0,0
rx,136,136,1,1,1787954012200591595,1787954012199592947,5589285399594,0,0,0,0
tx,136,88,1,1,1787954012200604299,1787954012199592947,5589285412538,5589285440057,72,0,0
rx,137,137,1,1,1787954012201868651,1787954012200840484,5589286676649,0,0,0,0
rx,138,138,1,1,1787954012202960762,1787954012202155318,5589287768742,0,0,0,0
rx,139,139,1,1,1787954012204051410,1787954012203498262,5589288859409,0,0,0,0
rx,140,140,1,1,1787954012205141781,1787954012204711799,5589289949779,0,0,0,0
rx,141,141,1,1,1787954012206297855,1787954012206225003,5589291105853,0,0,0,0
rx,142,142,1,1,1787954012208496466,1787954012207491244,5589293304464,0,0,0,0
tx,142,97,1,1,1787954012210674299,1787954012207491244,5589295482557,5589295511668,72,0,0
tx,142,106,1,1,1787954012220493873,1787954012207491244,5589305302131,5589305326409,72,0,0
tx,142,115,1,1,1787954012230248521,1787954012207491244,5589315056779,5589315080797,72,0,0
tx,142,124,1,1,1787954012240029651,1787954012207491244,5589324838001,5589324872483,72,0,0
tx,142,134,1,1,1787954012250884243,1787954012207491244,5589335692483,5589335717186,72,0,0
tx,142,143,1,1,1787954012260643929,1787954012207491244,5589345452168,5589345475446,72,0,0
tx,142,152,1,1,1787954012270417447,1787954012207491244,5589355225705,5589355249334,72,0,0
tx,142,161,1,1,1787954012280174447,1787954012207491244,5589364982705,5589365006871,72,0,0
tx,142,170,1,1,1787954012290185743,1787954012207491244,5589374993983,5589375028983,72,0,0
tx,142,180,1,1,1787954012301040632,1787954012207491244,5589385848890,5589385876520,72,0,0
rx,143,143,1,1,1787954012302155021,1787954012301698632,5589386963038,0,0,0,0
rx,144,144,1,1,1787954012303248095,1787954012302792355,5589388056112,0,0,0,0
rx,145,145,1,1,1787954012304340669,1787954012303911299,5589389148668,0,0,0,0
rx,146,146,1,1,1787954012305434392,1787954012305093429,5589390242297,0,0,0,0
rx,147,147,1,1,1787954012306530151,1787954012306197355,5589391338168,0,0,0,0
rx,148,148,1,1,1787954012307621577,1787954012307335521,5589392429594,0,0,0,0
rx,149,149,1,1,1787954012308712225,1787954012308425743,5589393520242,0,0,0,0
tx,149,190,1,1,1787954012311963077,1787954012308425743,5589396771334,5589396800575,72,0,0
tx,149,199,1,1,1787954012321799855,1787954012308425743,5589406608094,5589406632446,72,0,0
tx,149,7,1,1,1787954012331568743,1787954012308425743,5589416376983,5589416400946,72,0,0
tx,149,16,1,1,1787954012341386132,1787954012308425743,5589426194446,5589426226001,72,0,0
tx,149,25,1,1,1787954012351151484,1787954012308425743,5589435959723,5589435984001,72,0,0
tx,149,35,1,1,1787954012361996873,1787954012308425743,5589446805112,5589446829075,72,0,0
tx,149,44,1,1,1787954012371791280,1787954012308425743,5589456599538,5589456623390,72,0,0
tx,149,53,1,1,1787954012381546392,1787954012308425743,5589466354649,5589466378760,72,0,0
tx,149,62,1,1,1787954012391348577,1787954012308425743,5589476156853,5589476193686,72,0,0
tx,149,71,1,1,1787954012401125780,1787954012308425743,5589485934020,5589485959279,72,0,0
rx,150,150,1,1,1787954012404406706,1787954012404089503,5589489214705,0,0,0,0
rx,151,151,1,1,1787954012405498651,1787954012405264595,5589490306631,0,0,0,0
rx,152,152,1,1,1787954012406589225,1787954012406380762,5589491397223,0,0,0,0
rx,153,153,1,1,1787954012407679336,1787954012407506243,5589492487353,0,0,0,0
rx,154,154,1,1,1787954012408770077,1787954012408618595,5589493578075,0,0,0,0
rx,155,155,1,1,1787954012409870577,1787954012409777410,5589494678575,0,0,0,0
rx,156,156,1,1,1787954012410962003,1787954012410866984,5589495769982,0,0,0,0
tx,156,81,1,1,1787954012412056614,1787954012410866984,5589496864853,5589496894557,72,0,0
tx,156,91,1,1,1787954012422971336,1787954012410866984,5589507779594,5589507804205,72,0,0
tx,156,100,1,1,1787954012432728299,1787954012410866984,5589517536557,5589517559945,72,0,0
tx,156,109,1,1,1787954012442516243,1787954012410866984,5589527324482,5589527355945,72,0,0
tx,156,118,1,1,1787954012452300410,1787954012410866984,5589537108649,5589537133075,72,0,0
tx,156,127,1,1,1787954012462055836,1787954012410866984,5589546864094,5589546888168,72,0,0
tx,156,137,1,1,1787954012472891614,1787954012410866984,5589557699853,5589557723205,72,0,0
tx,156,146,1,1,1787954012482654984,1787954012410866984,5589567463242,5589567489168,72,0,0
tx,156,155,1,1,1787954012492482910,1787954012410866984,5589577291149,5589577324890,72,0,0
tx,156,164,1,1,1787954012502250817,1787954012410866984,5589587059075,5589587082853,72,0,0
rx,157,157,1,1,1787954012507702651,1787954012506627021,5589592510668,0,0,0,0
rx,158,158,1,1,1787954012508794243,1787954012507726762,5589593602242,0,0,0,0
rx,159,159,1,1,1787954012509891003,1787954012508822021,5589594699001,0,0,0,0
rx,160,160,1,1,1787954012510984077,1787954012509935391,5589595792057,0,0,0,0
rx,161,161,1,1,1787954012512099095,1787954012511054651,5589596907094,0,0,0,0
tx,161,173,1,1,1787954012512106762,1787954012511054651,5589596915019,5589596944538,72,0,0
rx,162,162,1,1,1787954012513377966,1787954012512182984,5589598185982,0,0,0,0
tx,162,182,1,1,1787954012522040799,1787954012512182984,5589606849057,5589606875501,72,0,0
tx,162,192,1,1,1787954012532963558,1787954012512182984,5589617771797,5589617800371,72,0,0
tx,162,0,1,1,1787954012542744817,1787954012512182984,5589627553075,5589627581112,72,0,0
tx,162,9,1,1,1787954012552506262,1787954012512182984,5589637314501,5589637337982,72,0,0
tx,162,18,1,1,1787954012562262262,1787954012512182984,5589647070501,5589647094686,72,0,0
tx,162,27,1,1,1787954012572027780,1787954012512182984,5589656836019,5589656859797,72,0,0
tx,162,37,1,1,1787954012582843336,1787954012512182984,5589667651594,5589667675631,72,0,0
tx,162,46,1,1,1787954012592669817,1787954012512182984,5589677478056,5589677516408,72,0,0
tx,162,55,1,1,1787954012602466354,1787954012512182984,5589687274593,5589687299445,72,0,0
rx,163,163,1,1,1787954012610081021,1787954012609005540,5589694889019,0,0,0,0
rx,164,164,1,1,1787954012611285095,1787954012610209243,5589696093112,0,0,0,0
tx,164,64,1,1,1787954012612414428,1787954012610209243,5589697222686,5589697271316,72,0,0
rx,166,166,1,1,1787954012613741836,1787954012612565669,5589698549834,0,0,0,0
rx,167,167,1,1,1787954012614885614,1787954012613734799,5589699693612,0,0,0,0
rx,168,168,1,1,1787954012615981428,1787954012614881780,5589700789427,0,0,0,0
rx,169,169,1,1,1787954012617069891,1787954012616074021,5589701877890,0,0,0,0
tx,169,73,1,1,1787954012622527447,1787954012616074021,5589707335705,5589707363427,72,0,0
tx,169,82,1,1,1787954012632364965,1787954012616074021,5589717173223,5589717197575,72,0,0
tx,169,91,1,1,1787954012642152151,1787954012616074021,5589726960427,5589726991668,72,0,0
tx,169,101,1,1,1787954012652988965,1787954012616074021,5589737797223,5589737822149,72,0,0
tx,169,110,1,1,1787954012662748632,1787954012616074021,5589747556890,5589747580871,72,0,0
tx,169,119,1,1,1787954012672515910,1787954012616074021,5589757324168,5589757348019,72,0,0
tx,169,128,1,1,1787954012682263817,1787954012616074021,5589767072075,5589767095445,72,0,0
tx,169,137,1,1,1787954012692055447,1787954012616074021,5589776863705,5589776895408,72,0,0
tx,169,147,1,1,1787954012702899706,1787954012616074021,5589787707964,5589787732390,72,0,0
tx,169,156,1,1,1787954012712660799,1787954012616074021,5589797469056,5589797552112,72,0,0
rx,170,170,1,1,1787954012713828262,1787954012712758132,5589798636242,0,0,0,0
rx,171,171,1,1,1787954012714921206,1787954012714275817,5589799729205,0,0,0,0
rx,172,172,1,1,1787954012716017780,1787954012715823873,5589800825760,0,0,0,0
rx,173,173,1,1,1787954012717114502,1787954012717026632,5589801922501,0,0,0,0
rx,174,174,1,1,1787954012719289465,1787954012718532410,5589804097445,0,0,0,0
rx,175,175,1,1,1787954012720377910,1787954012719779577,5589805185890,0,0,0,0
rx,176,176,1,1,1787954012721466577,1787954012720996317,5589806274575,0,0,0,0
tx,176,165,1,1,1787954012722551836,1787954012720996317,5589807360075,5589807388334,72,0,0
tx,176,174,1,1,1787954012732418169,1787954012720996317,5589817226408,5589817253649,72,0,0
tx,176,183,1,1,1787954012742224132,1787954012720996317,5589827032390,5589827063186,72,0,0
tx,176,193,1,1,1787954012753064799,1787954012720996317,5589837873038,5589837897297,72,0,0
tx,176,2,1,1,1787954012763879688,1787954012720996317,5589848687945,5589848711667,72,0,0
tx,176,11,1,1,1787954012773626984,1787954012720996317,5589858435242,5589858459279,72,0,0
tx,176,20,1,1,1787954012783386854,1787954012720996317,5589868195112,5589868223464,72,0,0
tx,176,29,1,1,1787954012793182928,1787954012720996317,5589877991186,5589878019112,72,0,0
tx,176,39,1,1,1787954012804022780,1787954012720996317,5589888831019,5589888855056,72,0,0
rx,177,177,1,1,1787954012814868632,1787954012814385799,5589899676538,0,0,0,0
tx,177,49,1,1,1787954012814877151,1787954012814385799,5589899685408,5589899712242,72,0,0
rx,178,178,1,1,1787954012817142391,1787954012816685799,5589901950408,0,0,0,0
rx,179,179,1,1,1787954012818234391,1787954012817983095,5589903042390,0,0,0,0
rx,180,180,1,1,1787954012820463188,1787954012819460910,5589905271186,0,0,0,0
rx,181,181,1,1,1787954012821636743,1787954012820669188,5589906444704,0,0,0,0
rx,182,182,1,1,1787954012822730299,1787954012821884058,5589907538297,0,0,0,0
rx,183,183,1,1,1787954012823819762,1787954012823375539,5589908627760,0,0,0,0
tx,183,58,1,1,1787954012824905706,1787954012823375539,5589909713964,5589909744149,72,0,0
tx,183,67,1,1,1787954012834735373,1787954012823375539,5589919543630,5589919568149,72,0,0
tx,183,76,1,1,1787954012844534595,1787954012823375539,5589929342871,5589929374093,72,0,0
tx,183,85,1,1,1787954012854306151,1787954012823375539,5589939114408,5589939138056,72,0,0
tx,183,94,1,1,1787954012864086095,1787954012823375539,5589948894353,5589948927519,72,0,0
tx,183,104,1,1,1787954012874949188,1787954012823375539,5589959757538,5589959781964,72,0,0
tx,183,113,1,1,1787954012884724428,1787954012823375539,5589969532667,5589969573927,72,0,0
tx,183,122,1,1,1787954012894530188,1787954012823375539,5589979338445,5589979368686,72,0,0
tx,183,131,1,1,1787954012904293410,1787954012823375539,5589989101649,5589989125501,72,0,0
tx,183,140,1,1,1787954012914043373,1787954012823375539,5589998851630,5589998875149,72,0,0
rx,184,184,1,1,1787954012917333410,1787954012916842465,5590002141390,0,0,0,0
rx,185,185,1,1,1787954012918431095,1787954012918340447,5590003239112,0,0,0,0
rx,186,186,1,1,1787954012921681799,1787954012921077169,5590006489778,0,0,0,0
rx,187,187,1,1,1787954012922770669,1787954012922419891,5590007578667,0,0,0,0
rx,188,188,1,1,1787954012923893595,1787954012923826262,5590008701593,0,0,0,0
tx,188,150,1,1,1787954012925015336,1787954012923826262,5590009823593,5590009866593,72,0,0
rx,189,189,1,1,1787954012926208891,1787954012925366132,5590011016908,0,0,0,0
rx,190,190,1,1,1787954012927303984,1787954012926566965,5590012111890,0,0,0,0
tx,190,160,1,1,1787954012935962391,1787954012926566965,5590020770649,5590020801686,72,0,0
tx,190,169,1,1,1787954012945780613,1787954012926566965,5590030588853,5590030613741,72,0,0
tx,190,178,1,1,1787954012955535817,1787954012926566965,5590040344075,5590040367556,72,0,0
tx,190,187,1,1,1787954012965303595,1787954012926566965,5590050111853,5590050135964,72,0,0
tx,190,196,1,1,1787954012975064299,1787954012926566965,5590059872556,5590059896427,72,0,0
tx,190,5,1,1,1787954012985930669,1787954012926566965,5590070738964,5590070767593,72,0,0
tx,190,14,1,1,1787954012995691762,1787954012926566965,5590080500001,5590080527130,72,0,0
tx,190,23,1,1,1787954013005461243,1787954012926566965,5590090269501,5590090293630,72,0,0
tx,190,32,1,1,1787954013015240354,1787954012926566965,5590100048612,5590100072167,72,0,0
rx,191,191,1,1,1787954013025101632,1787954013024192762,5590109909612,0,0,0,0
tx,191,41,1,1,1787954013025110262,1787954013024192762,5590109918519,5590109946464,72,0,0
rx,192,192,1,1,1787954013026299687,1787954013025448002,5590111107686,0,0,0,0
rx,193,193,1,1,1787954013027434095,1787954013026455780,5590112242093,0,0,0,0
rx,194,194,1,1,1787954013028575317,1787954013027589632,5590113383315,0,0,0,0
rx,195,195,1,1,1787954013029721169,1787954013028821465,5590114529149,0,0,0,0
rx,196,196,1,1,1787954013030848262,1787954013029922113,5590115656260,0,0,0,0
rx,197,197,1,1,1787954013031955947,1787954013031110687,5590116763945,0,0,0,0
tx,197,50,1,1,1787954013035215354,1787954013031110687,5590120023612,5590120059445,72,0,0
tx,197,59,1,1,1787954013045036002,1787954013031110687,5590129844241,5590129869334,72,0,0
tx,197,69,1,1,1787954013055875910,1787954013031110687,5590140684167,5590140707612,72,0,0
tx,197,78,1,1,1787954013065620632,1787954013031110687,5590150428890,5590150452278,72,0,0
tx,197,87,1,1,1787954013075372002,1787954013031110687,5590160180260,5590160203519,72,0,0
tx,197,96,1,1,1787954013085158965,1787954013031110687,5590169967241,5590169998723,72,0,0
tx,197,106,1,1,1787954013096011669,1787954013031110687,5590180819927,5590180847556,72,0,0
tx,197,116,1,1,1787954013106841076,1787954013031110687,5590191649334,5590191672723,72,0,0
tx,197,125,1,1,1787954013116614817,1787954013031110687,5590201423075,5590201447667,72,0,0
rx,198,198,1,1,1787954013122096965,1787954013121013780,5590206904945,0,0,0,0
rx,200,200,1,1,1787954013124461595,1787954013123342169,5590209269575,0,0,0,0
rx,201,0,1,1,1787954013125560854,1787954013124455743,5590210368871,0,0,0,0
rx,202,1,1,1,1787954013126710947,1787954013125642595,5590211518964,0,0,0,0
tx,202,134,1,1,1787954013126723169,1787954013125642595,5590211531427,5590211558723,72,0,0
tx,202,143,1,1,1787954013136578558,1787954013125642595,5590221386834,5590221419204,72,0,0
tx,202,152,1,1,1787954013146333984,1787954013125642595,5590231142223,5590231166797,72,0,0
tx,202,161,1,1,1787954013156072187,1787954013125642595,5590240880426,5590240904204,72,0,0
tx,202,171,1,1,1787954013166911817,1787954013125642595,5590251720056,5590251743760,72,0,0
tx,202,180,1,1,1787954013176658021,1787954013125642595,5590261466278,5590261490371,72,0,0
tx,202,189,1,1,1787954013186441021,1787954013125642595,5590271249260,5590271278945,72,0,0
tx,202,198,1,1,1787954013196257039,1787954013125642595,5590281065278,5590281093575,72,0,0
tx,202,6,1,1,1787954013206020076,1787954013125642595,5590290828334,5590290852315,72,0,0
tx,202,16,1,1,1787954013216880261,1787954013125642595,5590301688501,5590301712408,72,0,0
tx,202,25,1,1,1787954013226623613,1787954013125642595,5590311431871,5590311455352,72,0,0
rx,203,2,1,1,1787954013230981891,1787954013230261465,5590315789889,0,0,0,0
rx,205,4,1,1,1787954013233167743,1787954013232521132,5590317975741,0,0,0,0
rx,206,5,1,1,1787954013234259613,1787954013233667539,5590319067630,0,0,0,0
rx,207,6,1,1,1787954013235350317,1787954013234814539,5590320158334,0,0,0,0
rx,208,7,1,1,1787954013236441558,1787954013235974373,5590321249575,0,0,0,0
tx,208,34,1,1,1787954013236449187,1787954013235974373,5590321257463,5590321291445,72,0,0
rx,209,8,1,1,1787954013237638669,1787954013237130410,5590322446686,0,0,0,0
rx,210,9,1,1,1787954013238730187,1787954013238322558,5590323538204,0,0,0,0
rx,211,10,1,1,1787954013239821743,1787954013239499298,5590324629741,0,0,0,0
tx,211,43,1,1,1787954013246310761,1787954013239499298,5590331119019,5590331148075,72,0,0
tx,211,52,1,1,1787954013256160595,1787954013239499298,5590340968852,5590340994408,72,0,0
tx,211,62,1,1,1787954013267012521,1787954013239499298,5590351820760,5590351844889,72,0,0
tx,211,72,1,1,1787954013277840576,1787954013239499298,5590362648834,5590362672482,72,0,0
tx,211,81,1,1,1787954013287650132,1787954013239499298,5590372458389,5590372486704,72,0,0
tx,211,90,1,1,1787954013297405539,1787954013239499298,5590382213778,5590382240426,72,0,0
tx,211,99,1,1,1787954013307151410,1787954013239499298,5590391959667,5590391983463,72,0,0
tx,211,109,1,1,1787954013317977317,1787954013239499298,5590402785575,5590402808797,72,0,0
tx,211,118,1,1,1787954013327750947,1787954013239499298,5590412559204,5590412585019,72,0,0
rx,212,11,1,1,1787954013328874076,1787954013328429613,5590413682075,0,0,0,0
rx,213,12,1,1,1787954013331054280,1787954013330314798,5590415862186,0,0,0,0
rx,214,13,1,1,1787954013332143891,1787954013331806095,5590416951908,0,0,0,0
rx,215,14,1,1,1787954013333232817,1787954013333056039,5590418040797,0,0,0,0
rx,216,15,1,1,1787954013335469687,1787954013334356798,5590420277686,0,0,0,0
tx,216,127,1,1,1787954013337647928,1787954013334356798,5590422456186,5590422486297,72,0,0
tx,216,136,1,1,1787954013347490465,1787954013334356798,5590432298723,5590432323797,72,0,0
tx,216,145,1,1,1787954013357249817,1787954013334356798,5590442058075,5590442081871,72,0,0
tx,216,154,1,1,1787954013367021558,1787954013334356798,5590451829815,5590451853575,72,0,0
tx,216,164,1,1,1787954013377877687,1787954013334356798,5590462685926,5590462714093,72,0,0
tx,216,173,1,1,1787954013387663984,1787954013334356798,5590472472241,5590472497037,72,0,0
tx,216,182,1,1,1787954013397411113,1787954013334356798,5590482219371,5590482245315,72,0,0
tx,216,191,1,1,1787954013407160576,1787954013334356798,5590491968815,5590491992482,72,0,0
tx,216,0,1,1,1787954013418007613,1787954013334356798,5590502815871,5590502840074,72,0,0
tx,216,9,1,1,1787954013427760465,1787954013334356798,5590512568723,5590512592019,72,0,0
rx,218,17,1,1,1787954013428868576,1787954013428241835,5590513676574,0,0,0,0
rx,219,18,1,1,1787954013429959391,1787954013429440576,5590514767389,0,0,0,0
rx,220,19,1,1,1787954013431062595,1787954013430700317,5590515870612,0,0,0,0
rx,221,20,1,1,1787954013432156798,1787954013432039484,5590516964815,0,0,0,0
rx,222,21,1,1,1787954013433274817,1787954013433185150,5590518082815,0,0,0,0
rx,223,22,1,1,1787954013434376780,1787954013434355502,5590519184778,0,0,0,0
rx,224,23,1,1,1787954013436602632,1787954013435517613,5590521410649,0,0,0,0
tx,224,18,1,1,1787954013437688595,1787954013435517613,5590522496852,5590522530186,72,0,0
tx,224,27,1,1,1787954013447550076,1787954013435517613,5590532358334,5590532384815,72,0,0
tx,224,36,1,1,1787954013457313132,1787954013435517613,5590542121371,5590542145445,72,0,0
tx,224,45,1,1,1787954013467058317,1787954013435517613,5590551866574,5590551890278,72,0,0
tx,224,55,1,1,1787954013477906539,1787954013435517613,5590562714797,5590562738111,72,0,0
tx,224,64,1,1,1787954013487685446,1787954013435517613,5590572493686,5590572522556,72,0,0
tx,224,73,1,1,1787954013497451039,1787954013435517613,5590582259278,5590582286852,72,0,0
tx,224,82,1,1,1787954013507226021,1787954013435517613,5590592034278,5590592058315,72,0,0
tx,224,92,1,1,1787954013518067058,1787954013435517613,5590602875315,5590602899204,72,0,0
tx,224,102,1,1,1787954013528941761,1787954013435517613,5590613750019,5590613774741,72,0,0
rx,225,24,1,1,1787954013531142872,1787954013530810150,5590615950889,0,0,0,0
rx,226,25,1,1,1787954013532249428,1787954013532163576,5590617057408,0,0,0,0
rx,227,26,1,1,1787954013534464113,1787954013533349354,5590619272130,0,0,0,0
rx,228,27,1,1,1787954013535595539,1787954013534668854,5590620403537,0,0,0,0
rx,229,28,1,1,1787954013536701761,1787954013535862095,5590621509760,0,0,0,0
rx,231,30,1,1,1787954013538881613,1787954013538363465,5590623689611,0,0,0,0
tx,231,111,1,1,1787954013538889132,1787954013538363465,5590623697389,5590623729260,72,0,0
tx,231,120,1,1,1787954013548718891,1787954013538363465,5590633527148,5590633551834,72,0,0
tx,231,129,1,1,1787954013558501946,1787954013538363465,5590643310204,5590643333945,72,0,0
tx,231,138,1,1,1787954013568308280,1787954013538363465,5590653116519,5590653140908,72,0,0
tx,231,147,1,1,1787954013578099983,1787954013538363465,5590662908241,5590662940556,72,0,0
tx,231,157,1,1,1787954013588976409,1787954013538363465,5590673784648,5590673811408,72,0,0
tx,231,166,1,1,1787954013598774428,1787954013538363465,5590683582667,5590683607834,72,0,0
tx,231,175,1,1,1787954013608538650,1787954013538363465,5590693346908,5590693371426,72,0,0
tx,231,184,1,1,1787954013618300632,1787954013538363465,5590703108871,5590703132908,72,0,0
tx,231,193,1,1,1787954013628056946,1787954013538363465,5590712865223,5590712892945,72,0,0
rx,232,31,1,1,1787954013635654817,1787954013634960280,5590720462797,0,0,0,0
rx,233,32,1,1,1787954013636747817,1787954013636303706,5590721555797,0,0,0,0
rx,234,33,1,1,1787954013637839632,1787954013637573595,5590722647593,0,0,0,0
tx,234,2,1,1,1787954013638966632,1787954013637573595,5590723774889,5590723807389,72,0,0
rx,235,34,1,1,1787954013640187520,1787954013639388687,5590724995500,0,0,0,0
rx,236,35,1,1,1787954013641277057,1787954013640485761,5590726085056,0,0,0,0
rx,237,36,1,1,1787954013642368557,1787954013641697946,5590727176574,0,0,0,0
rx,238,37,1,1,1787954013643461520,1787954013642892872,5590728269500,0,0,0,0
tx,238,11,1,1,1787954013648881483,1787954013642892872,5590733689723,5590733733167,72,0,0
tx,238,20,1,1,1787954013658750372,1787954013642892872,5590743558630,5590743583685,72,0,0
tx,238,29,1,1,1787954013668501317,1787954013642892872,5590753309574,5590753333334,72,0,0
tx,238,38,1,1,1787954013678247743,1787954013642892872,5590763056000,5590763079482,72,0,0
tx,238,47,1,1,1787954013688033928,1787954013642892872,5590772842204,5590772871611,72,0,0
tx,238,57,1,1,1787954013698903706,1787954013642892872,5590783711982,5590783740297,72,0,0
tx,238,66,1,1,1787954013708634743,1787954013642892872,5590793443000,5590793466926,72,0,0
tx,238,75,1,1,1787954013718402780,1787954013642892872,5590803211019,5590803234593,72,0,0
tx,238,84,1,1,1787954013728167335,1787954013642892872,5590812975574,5590812999111,72,0,0
rx,239,38,1,1,1787954013735764539,1787954013735420317,5590820572556,0,0,0,0
rx,240,39,1,1,1787954013737933409,1787954013737203557,5590822741408,0,0,0,0
rx,241,40,1,1,1787954013739023113,1787954013738450780,5590823831111,0,0,0,0
tx,241,94,1,1,1787954013739034465,1787954013738450780,5590823842704,5590823874241,72,0,0
rx,242,41,1,1,1787954013740221224,1787954013739676076,5590825029222,0,0,0,0
rx,243,42,1,1,1787954013742440298,1787954013741480113,5590827248315,0,0,0,0
rx,244,43,1,1,1787954013743532687,1787954013742678835,5590828340704,0,0,0,0
tx,244,104,1,1,1787954013750026002,1787954013742678835,5590834834241,5590834860241,72,0,0
tx,244,114,1,1,1787954013760906613,1787954013742678835,5590845714852,5590845739315,72,0,0
tx,244,123,1,1,1787954013770667557,1787954013742678835,5590855475815,5590855500037,72,0,0
tx,244,132,1,1,1787954013780429780,1787954013742678835,5590865238037,5590865271148,72,0,0
tx,244,141,1,1,1787954013790192557,1787954013742678835,5590875000852,5590875028371,72,0,0
tx,244,151,1,1,1787954013801025483,1787954013742678835,5590885833722,5590885858982,72,0,0
tx,244,161,1,1,1787954013811896150,1787954013742678835,5590896704389,5590896728445,72,0,0
tx,244,170,1,1,1787954013821637502,1787954013742678835,5590906445741,5590906469185,72,0,0
tx,244,179,1,1,1787954013831393557,1787954013742678835,5590916201852,5590916231908,72,0,0
rx,245,44,1,1,1787954013839020743,1787954013838034280,5590923828741,0,0,0,0
rx,247,46,1,1,1787954013841193168,1787954013840526965,5590926001185,0,0,0,0
tx,247,188,1,1,1787954013841200928,1787954013840526965,5590926009167,5590926039963,72,0,0
rx,248,47,1,1,1787954013842388428,1787954013841853224,5590927196426,0,0,0,0
rx,249,48,1,1,1787954013843479409,1787954013843211224,5590928287426,0,0,0,0
rx,250,49,1,1,1787954013845737650,1787954013844591280,5590930545667,0,0,0,0
rx,251,50,1,1,1787954013846825557,1787954013845750724,5590931633556,0,0,0,0
tx,251,197,1,1,1787954013851163539,1787954013845750724,5590935971778,5590935998037,72,0,0
tx,251,5,1,1,1787954013861105631,1787954013845750724,5590945913871,5590945947741,72,0,0
tx,251,15,1,1,1787954013871942576,1787954013845750724,5590956750815,5590956775371,72,0,0
tx,251,24,1,1,1787954013881714928,1787954013845750724,5590966523204,5590966554056,72,0,0
tx,251,33,1,1,1787954013891500039,1787954013845750724,5590976308296,5590976333778,72,0,0
tx,251,42,1,1,1787954013901284094,1787954013845750724,5590986092352,5590986117778,72,0,0
tx,251,51,1,1,1787954013911038557,1787954013845750724,5590995846796,5590995870889,72,0,0
tx,251,61,1,1,1787954013921928965,1787954013845750724,5591006737204,5591006768259,72,0,0
tx,251,70,1,1,1787954013931688835,1787954013845750724,5591016497074,5591016525296,72,0,0
rx,252,51,1,1,1787954013941446150,1787954013941394483,5591026254148,0,0,0,0
tx,252,79,1,1,1787954013941454687,1787954013941394483,5591026262926,5591026310315,72,0,0
rx,253,52,1,1,1787954013943744317,1787954013943560168,5591028552315,0,0,0,0
rx,254,53,1,1,1787954013948093131,1787954013947348668,5591032901148,0,0,0,0
rx,255,54,1,1,1787954013949186613,1787954013948835798,5591033994630,0,0,0,0
rx,256,55,1,1,1787954013951422983,1787954013950353094,5591036230982,0,0,0,0
tx,256,88,1,1,1787954013951448835,1787954013950353094,5591036257074,5591036290945,72,0,0
rx,257,56,1,1,1787954013952689168,1787954013951571928,5591037497167,0,0,0,0
rx,258,57,1,1,1787954013953777168,1787954013952797613,5591038585167,0,0,0,0
tx,258,97,1,1,1787954013961383613,1787954013952797613,5591046191852,5591046216982,72,0,0
tx,258,106,1,1,1787954013971182168,1787954013952797613,5591055990407,5591056039407,72,0,0
tx,258,116,1,1,1787954013982045261,1787954013952797613,5591066853500,5591066883204,72,0,0
tx,258,126,1,1,1787954013992906168,1787954013952797613,5591077714407,5591077739315,72,0,0
tx,258,135,1,1,1787954014002689594,1787954013952797613,5591087497889,5591087524741,72,0,0
tx,258,144,1,1,1787954014012464705,1787954013952797613,5591097272945,5591097297593,72,0,0
tx,258,153,1,1,1787954014022210224,1787954013952797613,5591107018463,5591107042185,72,0,0
tx,258,163,1,1,1787954014033048631,1787954013952797613,5591117856907,5591117885000,72,0,0
rx,259,58,1,1,1787954014042821613,1787954014042599279,5591127629611,0,0,0,0
rx,260,59,1,1,1787954014043942298,1787954014043758242,5591128750315,0,0,0,0
tx,260,173,1,1,1787954014043949965,1787954014043758242,5591128758241,5591128786241,72,0,0
rx,261,60,1,1,1787954014045127187,1787954014044893020,5591129935204,0,0,0,0
rx,262,61,1,1,1787954014046221983,1787954014046091520,5591131029982,0,0,0,0
rx,263,62,1,1,1787954014047330298,1787954014047245465,5591132138296,0,0,0,0
rx,265,64,1,1,1787954014050631557,1787954014049549520,5591135439556,0,0,0,0
tx,265,182,1,1,1787954014053882020,1787954014049549520,5591138690259,5591138716519,72,0,0
tx,265,191,1,1,1787954014063692872,1787954014049549520,5591148501111,5591148525111,72,0,0
tx,265,200,1,1,1787954014073458557,1787954014049549520,5591158266815,5591158290333,72,0,0
tx,265,8,1,1,1787954014083230335,1787954014049549520,5591168038593,5591168071482,72,0,0
tx,265,17,1,1,1787954014093018798,1787954014049549520,5591177827037,5591177853019,72,0,0
tx,265,27,1,1,1787954014103875668,1787954014049549520,5591188683907,5591188708815,72,0,0
tx,265,36,1,1,1787954014113618687,1787954014049549520,5591198426944,5591198450648,72,0,0
tx,265,45,1,1,1787954014123366520,1787954014049549520,5591208174759,5591208198352,72,0,0
tx,265,54,1,1,1787954014133130039,1787954014049549520,5591217938296,5591217965852,72,0,0
tx,265,64,1,1,1787954014143954428,1787954014049549520,5591228762685,5591228786889,72,0,0
rx,266,65,1,1,1787954014145066113,1787954014144934613,5591229874093,0,0,0,0
rx,267,66,1,1,1787954014146160816,1787954014146043798,5591230968815,0,0,0,0
rx,268,67,1,1,1787954014147271557,1787954014147187761,5591232079481,0,0,0,0
rx,269,68,1,1,1787954014148396631,1787954014148328946,5591233204648,0,0,0,0
rx,270,69,1,1,1787954014149501020,1787954014149411409,5591234309037,0,0,0,0
rx,271,70,1,1,1787954014150593983,1787954014150556520,5591235401981,0,0,0,0
rx,272,71,1,1,1787954014151707002,1787954014151681131,5591236515000,0,0,0,0
tx,272,73,1,1,1787954014153879094,1787954014151681131,5591238687352,5591238716796,72,0,0
tx,272,82,1,1,1787954014163712335,1787954014151681131,5591248520574,5591248545241,72,0,0
tx,272,91,1,1,1787954014173485335,1787954014151681131,5591258293593,5591258322500,72,0,0
tx,272,100,1,1,1787954014183279946,1787954014151681131,5591268088204,5591268120556,72,0,0
tx,272,109,1,1,1787954014193081946,1787954014151681131,5591277890204,5591277916741,72,0,0
tx,272,119,1,1,1787954014203890224,1787954014151681131,5591288698463,5591288725611,72,0,0
tx,272,128,1,1,1787954014213662335,1787954014151681131,5591298470593,5591298495722,72,0,0
tx,272,137,1,1,1787954014223995427,1787954014151681131,5591308803741,5591308838926,72,0,0
tx,272,146,1,1,1787954014233710927,1787954014151681131,5591318519185,5591318543481,72,0,0
tx,272,155,1,1,1787954014243538631,1787954014151681131,5591328346889,5591328374167,72,0,0
rx,273,72,1,1,1787954014248998039,1787954014247961057,5591333806037,0,0,0,0
rx,274,73,1,1,1787954014250099057,1787954014249753131,5591334907055,0,0,0,0
rx,275,74,1,1,1787954014251241798,1787954014250986631,5591336049815,0,0,0,0
rx,276,75,1,1,1787954014253538039,1787954014252459557,5591338346055,0,0,0,0
tx,276,164,1,1,1787954014253551316,1787954014252459557,5591338359555,5591338390037,72,0,0
rx,277,76,1,1,1787954014254982613,1787954014253625187,5591339790611,0,0,0,0
rx,278,77,1,1,1787954014256120687,1787954014255116668,5591340928704,0,0,0,0
tx,278,173,1,1,1787954014263729779,1787954014255116668,5591348538018,5591348566759,72,0,0
tx,278,182,1,1,1787954014273544779,1787954014255116668,5591358353037,5591358377704,72,0,0
tx,278,190,1,1,1787954014283805187,1787954014255116668,5591368613426,5591368645759,72,0,0
tx,278,199,1,1,1787954014293562502,1787954014255116668,5591378370759,5591378398518,72,0,0
tx,278,7,1,1,1787954014303337816,1787954014255116668,5591388146074,5591388177352,72,0,0
tx,278,16,1,1,1787954014313106020,1787954014255116668,5591397914259,5591397937833,72,0,0
tx,278,26,1,1,1787954014323940427,1787954014255116668,5591408748685,5591408771611,72,0,0
tx,278,34,1,1,1787954014333808279,1787954014255116668,5591418616555,5591418650648,72,0,0
tx,278,43,1,1,1787954014343625316,1787954014255116668,5591428433574,5591428461148,72,0,0
rx,279,78,1,1,1787954014350194020,1787954014349810964,5591435002018,0,0,0,0
rx,280,79,1,1,1787954014351298205,1787954014350914576,5591436106222,0,0,0,0
rx,281,80,1,1,1787954014352395076,1787954014352039909,5591437203074,0,0,0,0
rx,282,81,1,1,1787954014353491316,1787954014353152372,5591438299333,0,0,0,0
tx,282,52,1,1,1787954014353498927,1787954014353152372,5591438307185,5591438340407,72,0,0
rx,283,82,1,1,1787954014354693557,1787954014354267816,5591439501555,0,0,0,0
rx,284,83,1,1,1787954014355790057,1787954014355453353,5591440598037,0,0,0,0
rx,285,84,1,1,1787954014356887724,1787954014356516983,5591441695722,0,0,0,0
tx,285,61,1,1,1787954014363373927,1787954014356516983,5591448182167,5591448210870,72,0,0
tx,285,70,1,1,1787954014373184261,1787954014356516983,5591457992518,5591458016889,72,0,0
tx,285,79,1,1,1787954014383939779,1787954014356516983,5591468748055,5591468778074,72,0,0
tx,285,88,1,1,1787954014393768057,1787954014356516983,5591478576315,5591478603278,72,0,0
tx,285,97,1,1,1787954014403573353,1787954014356516983,5591488381611,5591488408870,72,0,0
tx,285,106,1,1,1787954014413354353,1787954014356516983,5591498162592,5591498189370,72,0,0
tx,285,115,1,1,1787954014423157409,1787954014356516983,5591507965666,5591507994833,72,0,0
tx,285,125,1,1,1787954014434008835,1787954014356516983,5591518817092,5591518843574,72,0,0
tx,285,134,1,1,1787954014443770687,1787954014356516983,5591528578944,5591528603704,72,0,0
rx,286,85,1,1,1787954014452457409,1787954014452327224,5591537265407,0,0,0,0
rx,287,86,1,1,1787954014453557446,1787954014453455946,5591538365463,0,0,0,0
tx,287,143,1,1,1787954014453565242,1787954014453455946,5591538373500,5591538401092,72,0,0
rx,288,87,1,1,1787954014454839038,1787954014454614353,5591539647037,0,0,0,0
rx,289,88,1,1,1787954014455945668,1787954014455729446,5591540753648,0,0,0,0
rx,290,89,1,1,1787954014457140983,1787954014456888890,5591541949000,0,0,0,0
rx,291,90,1,1,1787954014458243520,1787954014458008927,5591543051518,0,0,0,0
rx,292,91,1,1,1787954014459341779,1787954014459125724,5591544149796,0,0,0,0
tx,292,152,1,1,1787954014463701205,1787954014459125724,5591548509463,5591548542778,72,0,0
tx,292,160,1,1,1787954014473580650,1787954014459125724,5591558388926,5591558422778,72,0,0
tx,292,169,1,1,1787954014483352224,1787954014459125724,5591568160481,5591568187222,72,0,0
tx,292,178,1,1,1787954014493159187,1787954014459125724,5591577967426,5591577995315,72,0,0
tx,292,188,1,1,1787954014504051279,1787954014459125724,5591588859518,5591588888407,72,0,0
tx,292,198,1,1,1787954014514921038,1787954014459125724,5591599729296,5591599754778,72,0,0
tx,292,6,1,1,1787954014524699798,1787954014459125724,5591609508037,5591609533481,72,0,0
tx,292,14,1,1,1787954014534429038,1787954014459125724,5591619237315,5591619270815,72,0,0
tx,292,23,1,1,1787954014544212835,1787954014459125724,5591629021148,5591629049315,72,0,0
rx,293,92,1,1,1787954014555085298,1787954014554542816,5591639893296,0,0,0,0
tx,293,33,1,1,1787954014555094353,1787954014554542816,5591639902611,5591639933389,72,0,0
rx,295,94,1,1,1787954014557406335,1787954014556766779,5591642214333,0,0,0,0
rx,296,95,1,1,1787954014558507038,1787954014557873205,5591643314981,0,0,0,0
rx,297,96,1,1,1787954014559562094,1787954014559012353,5591644370092,0,0,0,0
rx,298,97,1,1,1787954014560671631,1787954014560118909,5591645479648,0,0,0,0
rx,299,98,1,1,1787954014561771816,1787954014561236298,5591646579796,0,0,0,0
tx,299,42,1,1,1787954014565039742,1787954014561236298,5591649848000,5591649879703,72,0,0
tx,299,52,1,1,1787954014577057057,1787954014561236298,5591661865333,5591661897296,72,0,0
tx,299,62,1,1,1787954014587901464,1787954014561236298,5591672709722,5591672737611,72,0,0
tx,299,71,1,1,1787954014597751853,1787954014561236298,5591682560111,5591682591592,72,0,0
tx,299,80,1,1,1787954014607558964,1787954014561236298,5591692367222,5591692393389,72,0,0
tx,299,89,1,1,1787954014617346872,1787954014561236298,5591702155129,5591702180574,72,0,0
tx,299,97,1,1,1787954014627482779,1787954014561236298,5591712291074,5591712323629,72,0,0
tx,299,106,1,1,1787954014637251298,1787954014561236298,5591722059555,5591722086259,72,0,0
tx,299,115,1,1,1787954014647021483,1787954014561236298,5591731829740,5591731857555,72,0,0
rx,300,99,1,1,1787954014657911094,1787954014657305020,5591742719111,0,0,0,0
tx,300,125,1,1,1787954014657919705,1787954014657305020,5591742727963,5591742758777,72,0,0
rx,301,100,1,1,1787954014659118853,1787954014658527464,5591743926852,0,0,0,0
rx,302,101,1,1,1787954014660218649,1787954014659767224,5591745026611,0,0,0,0
rx,303,102,1,1,1787954014661305353,1787954014661014316,5591746113333,0,0,0,0
rx,304,103,1,1,1787954014662476835,1787954014662255594,5591747284833,0,0,0,0
rx,305,104,1,1,1787954014663580872,1787954014663525964,5591748388889,0,0,0,0
rx,306,105,1,1,1787954014664808335,1787954014664626131,5591749616333,0,0,0,0
tx,306,134,1,1,1787954014668089205,1787954014664626131,5591752897481,5591752928648,72,0,0
tx,306,142,1,1,1787954014678028538,1787954014664626131,5591762836833,5591762868796,72,0,0
tx,306,152,1,1,1787954014688876668,1787954014664626131,5591773684926,5591773711389,72,0,0
tx,306,161,1,1,1787954014698676520,1787954014664626131,5591783484759,5591783518148,72,0,0
tx,306,170,1,1,1787954014708481575,1787954014664626131,5591793289814,5591793316518,72,0,0
tx,306,179,1,1,1787954014718260038,1787954014664626131,5591803068296,5591803093277,72,0,0
tx,306,188,1,1,1787954014728570057,1787954014664626131,5591813378314,5591813410407,72,0,0
tx,306,197,1,1,1787954014738331835,1787954014664626131,5591823140092,5591823166481,72,0,0
tx,306,5,1,1,1787954014748069909,1787954014664626131,5591832878166,5591832905759,72,0,0
tx,306,15,1,1,1787954014758935742,1787954014664626131,5591843744000,5591843769296,72,0,0
rx,308,107,1,1,1787954014763467427,1787954014763088668,5591848275426,0,0,0,0
rx,309,108,1,1,1787954014764570723,1787954014764265186,5591849378722,0,0,0,0
rx,310,109,1,1,1787954014765673390,1787954014765485057,5591850481351,0,0,0,0
rx,311,110,1,1,1787954014766853816,1787954014766675427,5591851661814,0,0,0,0
rx,312,111,1,1,1787954014767957038,1787954014767923242,5591852765037,0,0,0,0
rx,313,112,1,1,1787954014769184631,1787954014769115298,5591853992629,0,0,0,0
tx,313,24,1,1,1787954014769199335,1787954014769115298,5591854007592,5591854042740,72,0,0
tx,313,33,1,1,1787954014779303835,1787954014769115298,5591864112092,5591864146611,72,0,0
tx,313,42,1,1,1787954014789074686,1787954014769115298,5591873882944,5591873909055,72,0,0
tx,313,52,1,1,1787954014799976909,1787954014769115298,5591884785166,5591884817981,72,0,0
tx,313,61,1,1,1787954014809770353,1787954014769115298,5591894578592,5591894604592,72,0,0
tx,313,70,1,1,1787954014819549705,1787954014769115298,5591904357944,5591904383388,72,0,0
tx,313,78,1,1,1787954014829485205,1787954014769115298,5591914293481,5591914330722,72,0,0
tx,313,87,1,1,1787954014839246575,1787954014769115298,5591924054833,5591924081555,72,0,0
tx,313,97,1,1,1787954014850103038,1787954014769115298,5591934911277,5591934937833,72,0,0
tx,313,105,1,1,1787954014860472075,1787954014769115298,5591945280351,5591945320963,72,0,0
rx,314,113,1,1,1787954014862709575,1787954014862251353,5591947517555,0,0,0,0
rx,315,114,1,1,1787954014863800131,1787954014863379186,5591948608092,0,0,0,0
rx,316,115,1,1,1787954014864904964,1787954014864522538,5591949712981,0,0,0,0
rx,317,116,1,1,1787954014866004575,1787954014865693483,5591950812574,0,0,0,0
rx,318,117,1,1,1787954014867101668,1787954014866795668,5591951909666,0,0,0,0
rx,319,118,1,1,1787954014868191631,1787954014867932335,5591952999648,0,0,0,0
tx,319,114,1,1,1787954014870354964,1787954014867932335,5591955163259,5591955195796,72,0,0
tx,319,123,1,1,1787954014880253149,1787954014867932335,5591965061407,5591965095055,72,0,0
tx,319,132,1,1,1787954014890157501,1787954014867932335,5591974965740,5591974991907,72,0,0
tx,319,142,1,1,1787954014901002427,1787954014867932335,5591985810685,5591985840685,72,0,0
tx,319,151,1,1,1787954014910757742,1787954014867932335,5591995565981,5591995591796,72,0,0
tx,319,160,1,1,1787954014920519853,1787954014867932335,5592005328092,5592005355851,72,0,0
tx,319,169,1,1,1787954014930491223,1787954014867932335,5592015299555,5592015330388,72,0,0
tx,319,178,1,1,1787954014940263168,1787954014867932335,5592025071425,5592025096537,72,0,0
tx,319,187,1,1,1787954014950019575,1787954014867932335,5592034827814,5592034855018,72,0,0
tx,319,197,1,1,1787954014960869538,1787954014867932335,5592045677777,5592045703814,72,0,0
rx,320,119,1,0,1787954014965260446,1787954014964150446,5592050068388,0,0,0,0
rx,321,120,1,1,1787954014965267538,1787954014965244112,5592050075555,0,0,0,0
rx,322,121,1,1,1787954014967437057,1787954014966358057,5592052245055,0,0,0,0
rx,323,122,1,1,1787954014968524057,1787954014967518594,5592053332074,0,0,0,0
rx,324,123,1,1,1787954014969625649,1787954014968598797,5592054433648,0,0,0,0
rx,325,124,1,1,1787954014970732538,1787954014969747334,5592055540555,0,0,0,0
tx,325,5,1,1,1787954014970746371,1787954014969747334,5592055554611,5592055588907,72,0,0
rx,326,125,1,1,1787954014971940890,1787954014970856853,5592056748888,0,0,0,0
tx,326,14,1,1,1787954014980601094,1787954014970856853,5592065409333,5592065441055,72,0,0
tx,326,23,1,1,1787954014990472001,1787954014970856853,5592075280259,5592075306759,72,0,0
tx,326,32,1,1,1787954015000241983,1787954014970856853,5592085050277,5592085080148,72,0,0
tx,326,41,1,1,1787954015010014705,1787954014970856853,5592094822962,5592094848481,72,0,0
tx,326,51,1,1,1787954015020870927,1787954014970856853,5592105679203,5592105710036,72,0,0
tx,326,60,1,1,1787954015030757723,1787954014970856853,5592115566018,5592115591481,72,0,0
tx,326,69,1,1,1787954015040512297,1787954014970856853,5592125320536,5592125345851,72,0,0
tx,326,78,1,1,1787954015050275168,1787954014970856853,5592135083425,5592135109425,72,0,0
tx,326,87,1,1,1787954015060042020,1787954014970856853,5592144850277,5592144875407,72,0,0
rx,327,126,1,1,1787954015067730779,1787954015066623538,5592152538777,0,0,0,0
rx,328,127,1,1,1787954015068818853,1787954015067730927,5592153626851,0,0,0,0
rx,329,128,1,1,1787954015069904668,1787954015068870946,5592154712648,0,0,0,0
rx,330,129,1,1,1787954015070991853,1787954015070023797,5592155799851,0,0,0,0
tx,330,97,1,1,1787954015070999242,1787954015070023797,5592155807536,5592155838055,72,0,0
rx,331,130,1,1,1787954015072184557,1787954015071183057,5592156992444,0,0,0,0
rx,333,132,1,1,1787954015074364520,1787954015073505797,5592159172536,0,0,0,0
tx,333,106,1,1,1787954015080870038,1787954015073505797,5592165678333,5592165713962,72,0,0
tx,333,115,1,1,1787954015090788334,1787954015073505797,5592175596592,5592175622277,72,0,0
tx,333,124,1,1,1787954015100582020,1787954015073505797,5592185390259,5592185418814,72,0,0
tx,333,133,1,1,1787954015110337501,1787954015073505797,5592195145759,5592195171370,72,0,0
tx,333,142,1,1,1787954015120090964,1787954015073505797,5592204899203,5592204924203,72,0,0
tx,333,152,1,1,1787954015131066149,1787954015073505797,5592215874407,5592215904148,72,0,0
tx,333,162,1,1,1787954015141921557,1787954015073505797,5592226729814,5592226756240,72,0,0
tx,333,171,1,1,1787954015151678131,1787954015073505797,5592236486370,5592236512592,72,0,0
tx,333,180,1,1,1787954015161430723,1787954015073505797,5592246238962,5592246264055,72,0,0
rx,334,133,1,1,1787954015169042705,1787954015168947260,5592253850685,0,0,0,0
rx,335,134,1,1,1787954015170145520,1787954015170064408,5592254953536,0,0,0,0
rx,336,135,1,1,1787954015171288816,1787954015171211242,5592256096814,0,0,0,0
tx,336,189,1,1,1787954015171297094,1787954015171211242,5592256105333,5592256136518,72,0,0
rx,337,136,1,1,1787954015172502371,1787954015172295094,5592257310388,0,0,0,0
rx,338,137,1,1,1787954015173604223,1787954015173429112,5592258412222,0,0,0,0
rx,339,138,1,1,1787954015174693279,1787954015174529445,5592259501259,0,0,0,0
rx,340,139,1,1,1787954015175784594,1787954015175674445,5592260592610,0,0,0,0
tx,340,198,1,1,1787954015181214723,1787954015175674445,5592266022981,5592266056277,72,0,0
tx,340,6,1,1,1787954015191039371,1787954015175674445,5592275847610,5592275873610,72,0,0
tx,340,16,1,1,1787954015201950057,1787954015175674445,5592286758555,5592286787444,72,0,0
tx,340,25,1,1,1787954015211738575,1787954015175674445,5592296546833,5592296572759,72,0,0
tx,340,34,1,1,1787954015221506186,1787954015175674445,5592306314444,5592306345573,72,0,0
tx,340,43,1,1,1787954015231245742,1787954015175674445,5592316053999,5592316079573,72,0,0
tx,340,52,1,1,1787954015241147723,1787954015175674445,5592325955981,5592325981296,72,0,0
tx,340,62,1,1,1787954015252020594,1787954015175674445,5592336828833,5592336855110,72,0,0
tx,340,72,1,1,1787954015262855945,1787954015175674445,5592347664203,5592347688944,72,0,0
rx,341,140,1,1,1787954015271569001,1787954015271460890,5592356377018,0,0,0,0
tx,341,81,1,1,1787954015272656501,1787954015271460890,5592357464777,5592357501314,72,0,0
rx,342,141,1,0,1787954015273880890,1787954015272658427,5592358688888,0,0,0,0
rx,343,142,1,1,1787954015273887149,1787954015273869890,5592358695166,0,0,0,0
rx,344,143,1,1,1787954015276076538,1787954015275120834,5592360884555,0,0,0,0
rx,345,144,1,1,1787954015277172890,1787954015276337982,5592361980870,0,0,0,0
rx,347,146,1,1,1787954015279338556,1787954015278749353,5592364146555,0,0,0,0
tx,347,90,1,1,1787954015282577242,1787954015278749353,5592367385536,5592367416518,72,0,0
tx,347,99,1,1,1787954015292408353,1787954015278749353,5592377216610,5592377242592,72,0,0
tx,347,108,1,1,1787954015302307631,1787954015278749353,5592387115888,5592387147851,72,0,0
tx,347,117,1,1,1787954015312070056,1787954015278749353,5592396878314,5592396903722,72,0,0
tx,347,127,1,1,1787954015322906742,1787954015278749353,5592407715055,5592407747555,72,0,0
tx,347,136,1,1,1787954015332683297,1787954015278749353,5592417491536,5592417517444,72,0,0
tx,347,145,1,1,1787954015342523834,1787954015278749353,5592427332092,5592427357647,72,0,0
tx,347,154,1,1,1787954015352313297,1787954015278749353,5592437121536,5592437147796,72,0,0
tx,347,163,1,1,1787954015362063631,1787954015278749353,5592446871870,5592446896888,72,0,0
tx,347,173,1,1,1787954015372921631,1787954015278749353,5592457729870,5592457759425,72,0,0
rx,348,147,1,1,1787954015375125093,1787954015374074260,5592459933073,0,0,0,0
rx,349,148,1,1,1787954015376216390,1787954015375211538,5592461024388,0,0,0,0
rx,350,149,1,1,1787954015377302168,1787954015376306445,5592462110166,0,0,0,0
tx,350,182,1,1,1787954015382858297,1787954015376306445,5592467666573,5592467698666,72,0,0
tx,350,191,1,1,1787954015392710649,1787954015376306445,5592477518907,5592477544147,72,0,0
tx,350,200,1,1,1787954015402475927,1787954015376306445,5592487284184,5592487313425,72,0,0
tx,350,8,1,1,1787954015412381130,1787954015376306445,5592497189370,5592497215610,72,0,0
tx,350,17,1,1,1787954015422157279,1787954015376306445,5592506965647,5592506997018,72,0,0
tx,350,27,1,1,1787954015432974297,1787954015376306445,5592517782536,5592517809073,72,0,0
tx,350,36,1,1,1787954015442723482,1787954015376306445,5592527531721,5592527556870,72,0,0
tx,350,45,1,1,1787954015452638093,1787954015376306445,5592537446351,5592537471888,72,0,0
tx,350,54,1,1,1787954015462408501,1787954015376306445,5592547216777,5592547242351,72,0,0
tx,350,63,1,1,1787954015472171871,1787954015376306445,5592556980129,5592557011833,72,0,0
rx,351,150,1,1,1787954015476530297,1787954015476207982,5592561338295,0,0,0,0
rx,352,151,1,1,1787954015477630334,1787954015477284816,5592562438333,0,0,0,0
rx,353,152,1,1,1787954015478725964,1787954015478383186,5592563533944,0,0,0,0
rx,354,153,1,1,1787954015479814316,1787954015479487427,5592564622314,0,0,0,0
rx,355,154,1,1,1787954015480901408,1787954015480607038,5592565709388,0,0,0,0
rx,356,155,1,1,1787954015481986797,1787954015481729686,5592566794777,0,0,0,0
rx,357,156,1,1,1787954015483071686,1787954015482846945,5592567879703,0,0,0,0
tx,357,73,1,1,1787954015483079075,1787954015482846945,5592567887351,5592567917203,72,0,0
rx,358,157,1,1,1787954015484272001,1787954015483964723,5592569080018,0,0,0,0
rx,359,158,1,1,1787954015485424223,1787954015485129445,5592570232221,0,0,0,0
rx,360,159,1,1,1787954015486519667,1787954015486216316,5592571327684,0,0,0,0
tx,360,83,1,1,1787954015494095649,1787954015486216316,5592578903907,5592578932870,72,0,0
tx,360,93,1,1,1787954015504978649,1787954015486216316,5592589786907,5592589815147,72,0,0
tx,360,102,1,1,1787954015514847223,1787954015486216316,5592599655481,5592599684555,72,0,0
tx,360,111,1,1,1787954015524637390,1787954015486216316,5592609445629,5592609476666,72,0,0
tx,360,120,1,1,1787954015534426575,1787954015486216316,5592619234832,5592619260851,72,0,0
tx,360,129,1,1,1787954015544199853,1787954015486216316,5592629008110,5592629033240,72,0,0
tx,360,139,1,1,1787954015555065538,1787954015486216316,5592639873795,5592639900258,72,0,0
tx,360,149,1,1,1787954015565933260,1787954015486216316,5592650741518,5592650770758,72,0,0
tx,360,158,1,1,1787954015575726575,1787954015486216316,5592660534851,5592660562888,72,0,0
rx,361,160,1,1,1787954015581300371,1787954015580238390,5592666108369,0,0,0,0
rx,362,161,1,1,1787954015582430427,1787954015581403260,5592667238425,0,0,0,0
rx,363,162,1,1,1787954015583568390,1787954015582523927,5592668376388,0,0,0,0
rx,364,163,1,1,1787954015584710371,1787954015583642723,5592669518369,0,0,0,0
rx,365,164,1,1,1787954015585856371,1787954015584787390,5592670664388,0,0,0,0
tx,365,167,1,1,1787954015585864371,1787954015584787390,5592670672647,5592670704981,72,0,0
rx,366,165,1,0,1787954015587315390,1787954015585938038,5592672123388,0,0,0,0
rx,367,166,1,1,1787954015587320908,1787954015587069612,5592672128907,0,0,0,0
tx,367,176,1,1,1787954015596016482,1787954015587069612,5592680824721,5592680856036,72,0,0
tx,367,186,1,1,1787954015606952556,1787954015587069612,5592691760814,5592691790092,72,0,0
tx,367,195,1,1,1787954015616743427,1787954015587069612,5592701551740,5592701582221,72,0,0
tx,367,3,1,1,1787954015626515649,1787954015587069612,5592711323944,5592711349869,72,0,0
tx,367,12,1,1,1787954015636325279,1787954015587069612,5592721133536,5592721158925,72,0,0
tx,367,21,1,1,1787954015646112816,1787954015587069612,5592730921073,5592730954925,72,0,0
tx,367,31,1,1,1787954015656989797,1787954015587069612,5592741798036,5592741823740,72,0,0
tx,367,40,1,1,1787954015666759390,1787954015587069612,5592751567647,5592751592388,72,0,0
tx,367,49,1,1,1787954015676545223,1787954015587069612,5592761353481,5592761384536,72,0,0
rx,368,167,1,1,1787954015683095575,1787954015682017445,5592767903573,0,0,0,0
rx,369,168,1,1,1787954015684204019,1787954015683333241,5592769012018,0,0,0,0
rx,370,169,1,1,1787954015685307964,1787954015684703927,5592770115962,0,0,0,0
rx,371,170,1,1,1787954015686412334,1787954015685986334,5592771220332,0,0,0,0
tx,371,58,1,1,1787954015686469353,1787954015685986334,5592771277610,5592771340092,72,0,0
rx,372,171,1,1,1787954015687695760,1787954015687141704,5592772503758,0,0,0,0
rx,373,172,1,1,1787954015688798297,1787954015688330834,5592773606314,0,0,0,0
rx,374,173,1,1,1787954015690039204,1787954015689801297,5592774847203,0,0,0,0
tx,374,67,1,1,1787954015696562519,1787954015689801297,5592781370814,5592781403036,72,0,0
tx,374,76,1,1,1787954015706405445,1787954015689801297,5592791213703,5592791242110,72,0,0
tx,374,85,1,1,1787954015716169019,1787954015689801297,5592800977277,5592801002592,72,0,0
tx,374,95,1,1,1787954015727039853,1787954015689801297,5592811848092,5592811878073,72,0,0
tx,374,105,1,1,1787954015737896630,1787954015689801297,5592822704888,5592822730555,72,0,0
tx,374,114,1,1,1787954015747637612,1787954015689801297,5592832445869,5592832472443,72,0,0
tx,374,123,1,1,1787954015757424778,1787954015689801297,5592842233036,5592842258666,72,0,0
tx,374,132,1,1,1787954015767239001,1787954015689801297,5592852047258,5592852075258,72,0,0
tx,374,141,1,1,1787954015777026167,1787954015689801297,5592861834425,5592861862443,72,0,0
rx,375,174,1,1,1787954015784681778,1787954015783767612,5592869489777,0,0,0,0
rx,376,175,1,1,1787954015785785056,1787954015785379019,5592870593036,0,0,0,0
rx,377,176,1,1,1787954015786885019,1787954015786599482,5592871693018,0,0,0,0
tx,377,151,1,1,1787954015787977649,1787954015786599482,5592872785906,5592872824943,72,0,0
rx,378,177,1,1,1787954015789183038,1787954015788105741,5592873991036,0,0,0,0
rx,379,178,1,1,1787954015790298408,1787954015789209945,5592875106425,0,0,0,0
rx,380,179,1,1,1787954015791422334,1787954015790377686,5592876230332,0,0,0,0
rx,381,180,1,1,1787954015792529501,1787954015791497519,5592877337499,0,0,0,0
tx,381,160,1,1,1787954015797954723,1787954015791497519,5592882762980,5592882796406,72,0,0
tx,381,169,1,1,1787954015807804797,1787954015791497519,5592892613036,5592892643443,72,0,0
tx,381,178,1,1,1787954015817580019,1787954015791497519,5592902388258,5592902420795,72,0,0
tx,381,187,1,1,1787954015827354389,1787954015791497519,5592912162647,5592912189147,72,0,0
tx,381,196,1,1,1787954015837128945,1787954015791497519,5592921937203,5592921963055,72,0,0
tx,381,5,1,1,1787954015847990815,1787954015791497519,5592932799055,5592932825814,72,0,0
tx,381,14,1,1,1787954015857768815,1787954015791497519,5592942577073,5592942619888,72,0,0
tx,381,23,1,1,1787954015867582852,1787954015791497519,5592952391147,5592952429147,72,0,0
tx,381,32,1,1,1787954015877391686,1787954015791497519,5592962199943,5592962226869,72,0,0
rx,382,181,1,1,1787954015887288167,1787954015887019019,5592972096166,0,0,0,0
tx,382,41,1,1,1787954015887297982,1787954015887019019,5592972106221,5592972139499,72,0,0
rx,384,183,1,1,1787954015890679964,1787954015889992371,5592975487943,0,0,0,0
rx,385,184,1,1,1787954015891771982,1787954015891434112,5592976579962,0,0,0,0
rx,386,185,1,1,1787954015892862778,1787954015892575426,5592977670777,0,0,0,0
rx,387,186,1,1,1787954015893954649,1787954015893735797,5592978762629,0,0,0,0
rx,388,187,1,1,1787954015895046130,1787954015894937130,5592979854129,0,0,0,0
tx,388,50,1,1,1787954015897241871,1787954015894937130,5592982050110,5592982081406,72,0,0
tx,388,59,1,1,1787954015907095186,1787954015894937130,5592991903443,5592991932684,72,0,0
tx,388,69,1,1,1787954015917936889,1787954015894937130,5593002745129,5593002768536,72,0,0
tx,388,78,1,1,1787954015927775871,1787954015894937130,5593012584166,5593012619925,72,0,0
tx,388,87,1,1,1787954015937569556,1787954015894937130,5593022377795,5593022403925,72,0,0
tx,388,96,1,1,1787954015947368612,1787954015894937130,5593032176906,5593032204351,72,0,0
tx,388,105,1,1,1787954015957151963,1787954015894937130,5593041960203,5593041986406,72,0,0
tx,388,115,1,1,1787954015968008815,1787954015894937130,5593052817054,5593052842721,72,0,0
tx,388,124,1,1,1787954015977795260,1787954015894937130,5593062603573,5593062632610,72,0,0
tx,388,133,1,1,1787954015987618204,1787954015894937130,5593072426462,5593072453554,72,0,0
rx,389,188,1,1,1787954015988756463,1787954015988357630,5593073564462,0,0,0,0
rx,390,189,1,1,1787954015989860760,1787954015989560482,5593074668777,0,0,0,0
rx,391,190,1,1,1787954015990958889,1787954015990712593,5593075766888,0,0,0,0
rx,392,191,1,1,1787954015992238556,1787954015991996519,5593077046554,0,0,0,0
rx,393,192,1,1,1787954015993348649,1787954015993243223,5593078156647,0,0,0,0
rx,394,193,1,1,1787954015994685667,1787954015994420056,5593079493684,0,0,0,0
rx,395,194,1,1,1787954015996876223,1787954015995817130,5593081684240,0,0,0,0
tx,395,142,1,1,1787954015997972315,1787954015995817130,5593082780610,5593082815147,72,0,0
tx,395,151,1,1,1787954016007885649,1787954015995817130,5593092693906,5593092724943,72,0,0
tx,395,160,1,1,1787954016017692130,1787954015995817130,5593102500425,5593102532091,72,0,0
tx,395,169,1,1,1787954016027483649,1787954015995817130,5593112291906,5593112319110,72,0,0
tx,395,178,1,1,1787954016037249704,1787954015995817130,5593122057962,5593122082721,72,0,0
tx,395,187,1,1,1787954016047017982,1787954015995817130,5593131826221,5593131851480,72,0,0
tx,395,197,1,1,1787954016057890649,1787954015995817130,5593142698888,5593142724517,72,0,0
tx,395,5,1,1,1787954016067674686,1787954015995817130,5593152482962,5593152512999,72,0,0
tx,395,14,1,1,1787954016077448167,1787954015995817130,5593162256406,5593162282314,72,0,0
tx,395,23,1,1,1787954016087182778,1787954015995817130,5593171991036,5593172049536,72,0,0
rx,396,195,1,1,1787954016091643223,1787954016090575500,5593176451221,0,0,0,0
rx,397,196,1,1,1787954016092779760,1787954016091718352,5593177587758,0,0,0,0
rx,398,197,1,1,1787954016093930556,1787954016092858241,5593178738573,0,0,0,0
rx,399,198,1,1,1787954016095051223,1787954016094016426,5593179859240,0,0,0,0
rx,400,199,1,1,1787954016096198630,1787954016095127667,5593181006628,0,0,0,0
rx,401,200,1,1,1787954016097303426,1787954016096311908,5593182111425,0,0,0,0
tx,401,32,1,1,1787954016097315963,1787954016096311908,5593182124203,5593182158073,72,0,0
tx,401,41,1,1,1787954016107227112,1787954016096311908,5593192035406,5593192064110,72,0,0
tx,401,50,1,1,1787954016117022908,1787954016096311908,5593201831165,5593201861295,72,0,0
tx,401,60,1,1,1787954016127892926,1787954016096311908,5593212701165,5593212727203,72,0,0
tx,401,69,1,1,1787954016137677537,1787954016096311908,5593222485795,5593222512110,72,0,0
tx,401,78,1,1,1787954016147512000,1787954016096311908,5593232320240,5593232347406,72,0,0
tx,401,87,1,1,1787954016157285463,1787954016096311908,5593242093702,5593242118925,72,0,0
tx,401,96,1,1,1787954016167077667,1787954016096311908,5593251885962,5593251915128,72,0,0
tx,401,106,1,1,1787954016177983760,1787954016096311908,5593262792017,5593262820110,72,0,0
tx,401,115,1,1,1787954016187774352,1787954016096311908,5593272582610,5593272608628,72,0,0
rx,402,0,1,1,1787954016193473223,1787954016193023593,5593278281240,0,0,0,0
rx,403,1,1,1,1787954016194573778,1787954016194106852,5593279381795,0,0,0,0
rx,404,2,1,1,1787954016195671797,1787954016195206074,5593280479814,0,0,0,0
rx,405,3,1,1,1787954016196759889,1787954016196327334,5593281567888,0,0,0,0
rx,406,4,1,1,1787954016197846667,1787954016197464408,5593282654647,0,0,0,0
tx,406,124,1,1,1787954016197854093,1787954016197464408,5593282662351,5593282695999,72,0,0
rx,407,5,1,1,1787954016199065556,1787954016198606315,5593283873554,0,0,0,0
rx,408,6,1,1,1787954016200153167,1787954016199712482,5593284961165,0,0,0,0
tx,408,133,1,1,1787954016207735797,1787954016199712482,5593292544073,5593292576684,72,0,0
tx,408,142,1,1,1787954016217584463,1787954016199712482,5593302392702,5593302419314,72,0,0
tx,408,151,1,1,1787954016227368667,1787954016199712482,5593312176943,5593312208332,72,0,0
tx,408,160,1,1,1787954016237224167,1787954016199712482,5593322032406,5593322057925,72,0,0
tx,408,170,1,1,1787954016248055741,1787954016199712482,5593332863980,5593332890110,72,0,0
tx,408,180,1,1,1787954016258922723,1787954016199712482,5593343730980,5593343756554,72,0,0
tx,408,189,1,1,1787954016268664408,1787954016199712482,5593353472702,5593353504425,72,0,0
tx,408,198,1,1,1787954016278608834,1787954016199712482,5593363417091,5593363445721,72,0,0
tx,408,6,1,1,1787954016288404260,1787954016199712482,5593373212499,5593373237517,72,0,0
rx,409,7,1,1,1787954016296032926,1787954016295382463,5593380840943,0,0,0,0
rx,410,8,1,1,1787954016297137852,1787954016296503371,5593381945851,0,0,0,0
rx,411,9,1,1,1787954016298240574,1787954016297622982,5593383048554,0,0,0,0
tx,411,15,1,1,1787954016298248223,1787954016297622982,5593383056480,5593383137851,72,0,0
rx,412,10,1,1,1787954016299525704,1787954016298811241,5593384333702,0,0,0,0
rx,413,11,1,1,1787954016300633093,1787954016299917519,5593385441110,0,0,0,0
rx,414,12,1,1,1787954016301734000,1787954016301034037,5593386541999,0,0,0,0
rx,415,13,1,1,1787954016302843445,1787954016302147334,5593387651443,0,0,0,0
tx,415,24,1,1,1787954016308302741,1787954016302147334,5593393110999,5593393144684,72,0,0
tx,415,33,1,1,1787954016318170945,1787954016302147334,5593402979221,5593403011258,72,0,0
tx,415,43,1,1,1787954016329040167,1787954016302147334,5593413848425,5593413873351,72,0,0
tx,415,53,1,1,1787954016339914371,1787954016302147334,5593424722628,5593424748665,72,0,0
tx,415,62,1,1,1787954016349727852,1787954016302147334,5593434536110,5593434562295,72,0,0
tx,415,71,1,1,1787954016359510445,1787954016302147334,5593444318684,5593444343591,72,0,0
tx,415,80,1,1,1787954016369294704,1787954016302147334,5593454102962,5593454132943,72,0,0
tx,415,89,1,1,1787954016379082389,1787954016302147334,5593463890628,5593463916221,72,0,0
tx,415,99,1,1,1787954016389940334,1787954016302147334,5593474748591,5593474773758,72,0,0
tx,415,108,1,1,1787954016399691648,1787954016302147334,5593484499906,5593484525554,72,0,0
rx,416,14,1,1,1787954016401897871,1787954016401134982,5593486705888,0,0,0,0
rx,417,15,1,1,1787954016403022889,1787954016402459445,5593487830888,0,0,0,0
rx,418,16,1,1,1787954016404163019,1787954016403758408,5593488971017,0,0,0,0
rx,419,17,1,1,1787954016405264111,1787954016404961019,5593490072110,0,0,0,0
rx,421,19,1,1,1787954016408648352,1787954016407638334,5593493456369,0,0,0,0
rx,422,20,1,1,1787954016409748019,1787954016408878463,5593494556017,0,0,0,0
tx,422,117,1,1,1787954016409756352,1787954016408878463,5593494564591,5593494602536,72,0,0
tx,422,126,1,1,1787954016419650241,1787954016408878463,5593504458517,5593504489869,72,0,0
tx,422,135,1,1,1787954016429437426,1787954016408878463,5593514245665,5593514271999,72,0,0
tx,422,144,1,1,1787954016439226815,1787954016408878463,5593524035073,5593524062036,72,0,0
tx,422,154,1,1,1787954016450088630,1787954016408878463,5593534896887,5593534922721,72,0,0
tx,422,164,1,1,1787954016461015000,1787954016408878463,5593545823258,5593545851739,72,0,0
tx,422,172,1,1,1787954016471223093,1787954016408878463,5593556031387,5593556062962,72,0,0
tx,422,182,1,1,1787954016482037111,1787954016408878463,5593566845350,5593566869610,72,0,0
tx,422,192,1,1,1787954016492845519,1787954016408878463,5593577653776,5593577677387,72,0,0
rx,423,21,1,1,1787954016500470963,1787954016500413130,5593585278925,0,0,0,0
rx,424,22,1,1,1787954016501566630,1787954016501526574,5593586374610,0,0,0,0
tx,424,0,1,1,1787954016502655815,1787954016501526574,5593587464110,5593587495869,72,0,0
rx,425,23,1,0,1787954016503864148,1787954016502652000,5593588672147,0,0,0,0
rx,426,24,1,1,1787954016503871148,1787954016503782371,5593588679165,0,0,0,0
rx,427,25,1,1,1787954016504966259,1787954016504883797,5593589774239,0,0,0,0
rx,428,26,1,1,1787954016506055074,1787954016505999445,5593590863054,0,0,0,0
rx,429,27,1,1,1787954016508230685,1787954016507168741,5593593038628,0,0,0,0
tx,429,9,1,1,1787954016512566889,1787954016507168741,5593597375184,5593597407424,72,0,0
tx,429,17,1,1,1787954016522643222,1787954016507168741,5593607451517,5593607485110,72,0,0
tx,429,26,1,1,1787954016532386926,1787954016507168741,5593617195184,5593617220184,72,0,0
tx,429,35,1,1,1787954016542114667,1787954016507168741,5593626922924,5593626946369,72,0,0
tx,429,45,1,1,1787954016552974037,1787954016507168741,5593637782276,5593637809795,72,0,0
tx,429,54,1,1,1787954016562719685,1787954016507168741,5593647527924,5593647551980,72,0,0
tx,429,63,1,1,1787954016573025908,1787954016507168741,5593657834165,5593657863832,72,0,0
tx,429,73,1,1,1787954016583922852,1787954016507168741,5593668731110,5593668757943,72,0,0
tx,429,82,1,1,1787954016593696871,1787954016507168741,5593678505110,5593678530424,72,0,0
rx,430,28,1,1,1787954016603460074,1787954016603023926,5593688268091,0,0,0,0
tx,430,91,1,1,1787954016603468778,1787954016603023926,5593688277036,5593688307443,72,0,0
rx,431,29,1,1,1787954016604668685,1787954016604210352,5593689476684,0,0,0,0
rx,432,30,1,1,1787954016605765278,1787954016605280426,5593690573276,0,0,0,0
rx,434,32,1,1,1787954016607933167,1787954016607601426,5593692741165,0,0,0,0
rx,435,33,1,1,1787954016609018241,1787954016608711371,5593693826258,0,0,0,0
tx,435,100,1,1,1787954016613494648,1787954016608711371,5593698302943,5593698337350,72,0,0
tx,435,109,1,1,1787954016623331833,1787954016608711371,5593708140073,5593708167276,72,0,0
tx,435,118,1,1,1787954016633090167,1787954016608711371,5593717898406,5593717924147,72,0,0
tx,435,127,1,1,1787954016643020926,1787954016608711371,5593727829184,5593727858498,72,0,0
tx,435,137,1,1,1787954016653901833,1787954016608711371,5593738710091,5593738737850,72,0,0
tx,435,146,1,1,1787954016663692167,1787954016608711371,5593748500517,5593748530406,72,0,0
tx,435,155,1,1,1787954016673478333,1787954016608711371,5593758286573,5593758311906,72,0,0
tx,435,164,1,1,1787954016683267963,1787954016608711371,5593768076202,5593768101387,72,0,0
tx,435,173,1,1,1787954016693056537,1787954016608711371,5593777864776,5593777890276,72,0,0
tx,435,183,1,1,1787954016703923167,1787954016608711371,5593788731424,5593788759832,72,0,0
rx,436,34,1,1,1787954016706133093,1787954016705557722,5593790941091,0,0,0,0
rx,437,35,1,1,1787954016708390074,1787954016708126074,5593793198091,0,0,0,0
rx,438,36,1,1,1787954016709508296,1787954016709395352,5593794316295,0,0,0,0
rx,439,37,1,1,1787954016711725685,1787954016711018815,5593796533684,0,0,0,0
rx,440,38,1,1,1787954016712829833,1787954016712271630,5593797637832,0,0,0,0
rx,441,39,1,1,1787954016713931519,1787954016713543111,5593798739535,0,0,0,0
tx,441,192,1,1,1787954016713939407,1787954016713543111,5593798747702,5593798788313,72,0,0
rx,442,40,1,1,1787954016715146463,1787954016714820759,5593799954443,0,0,0,0
tx,442,0,1,1,1787954016723852037,1787954016714820759,5593808660295,5593808689758,72,0,0
tx,442,9,1,1,1787954016733740963,1787954016714820759,5593818549202,5593818576035,72,0,0
tx,442,18,1,1,1787954016743529463,1787954016714820759,5593828337721,5593828364295,72,0,0
tx,442,27,1,1,1787954016753268389,1787954016714820759,5593838076647,5593838102239,72,0,0
tx,442,36,1,1,1787954016763047759,1787954016714820759,5593847855998,5593847881054,72,0,0
tx,442,46,1,1,1787954016773963037,1787954016714820759,5593858771387,5593858800906,72,0,0
tx,442,55,1,1,1787954016783744704,1787954016714820759,5593868552943,5593868578313,72,0,0
tx,442,64,1,1,1787954016793520648,1787954016714820759,5593878328906,5593878353313,72,0,0
tx,442,73,1,1,1787954016803310352,1787954016714820759,5593888118591,5593888145276,72,0,0
rx,443,41,1,1,1787954016808783056,1787954016808095296,5593893591072,0,0,0,0
rx,444,42,1,1,1787954016809886815,1787954016809540222,5593894694813,0,0,0,0
rx,445,43,1,1,1787954016811022185,1787954016810792741,5593895830184,0,0,0,0
rx,446,44,1,1,1787954016812182333,1787954016811954093,5593896990332,0,0,0,0
rx,447,45,1,1,1787954016813400185,1787954016813177685,5593898208202,0,0,0,0
tx,447,82,1,1,1787954016813407944,1787954016813177685,5593898216202,5593898249406,72,0,0
rx,448,46,1,1,1787954016814763667,1787954016814334148,5593899571665,0,0,0,0
rx,449,47,1,1,1787954016815874037,1787954016815531907,5593900681980,0,0,0,0
tx,449,91,1,1,1787954016823482500,1787954016815531907,5593908290776,5593908324980,72,0,0
tx,449,100,1,1,1787954016833335130,1787954016815531907,5593918143387,5593918169147,72,0,0
tx,449,109,1,1,1787954016843126796,1787954016815531907,5593927935054,5593927960406,72,0,0
tx,449,119,1,1,1787954016853994796,1787954016815531907,5593938803035,5593938829647,72,0,0
tx,449,128,1,1,1787954016863822889,1787954016815531907,5593948631147,5593948666535,72,0,0
tx,449,137,1,1,1787954016873620333,1787954016815531907,5593958428609,5593958455128,72,0,0
tx,449,146,1,1,1787954016883418963,1787954016815531907,5593968227313,5593968254128,72,0,0
tx,449,155,1,1,1787954016893199222,1787954016815531907,5593978007480,5593978032406,72,0,0
tx,449,165,1,1,1787954016904069259,1787954016815531907,5593988877517,5593988903998,72,0,0
rx,450,48,1,1,1787954016910622574,1787954016910021500,5593995430572,0,0,0,0
rx,451,49,1,1,1787954016911814593,1787954016911451444,5593996622591,0,0,0,0
rx,452,50,1,1,1787954016912926463,1787954016912568593,5593997734461,0,0,0,0
rx,453,51,1,1,1787954016914029870,1787954016913768574,5593998837869,0,0,0,0
tx,453,174,1,1,1787954016914037796,1787954016913768574,5593998846072,5593998887961,72,0,0
rx,454,52,1,1,1787954016915258074,1787954016914951833,5594000066035,0,0,0,0
rx,455,53,1,1,1787954016917520815,1787954016916459907,5594002328721,0,0,0,0
rx,456,54,1,1,1787954016918656370,1787954016917667722,5594003464350,0,0,0,0
tx,456,183,1,1,1787954016924080444,1787954016917667722,5594008888813,5594008920961,72,0,0
tx,456,193,1,1,1787954016934995963,1787954016917667722,5594019804202,5594019829739,72,0,0
tx,456,1,1,1,1787954016944756685,1787954016917667722,5594029564943,5594029588665,72,0,0
tx,456,10,1,1,1787954016954510722,1787954016917667722,5594039318980,5594039342535,72,0,0
tx,456,19,1,1,1787954016964310648,1787954016917667722,5594049118906,5594049148313,72,0,0
tx,456,28,1,1,1787954016974074204,1787954016917667722,5594058882461,5594058906258,72,0,0
tx,456,38,1,1,1787954016984918148,1787954016917667722,5594069726406,5594069749832,72,0,0
tx,456,47,1,1,1787954016994673667,1787954016917667722,5594079481906,5594079505480,72,0,0
tx,456,56,1,1,1787954017004432833,1787954016917667722,5594089241091,5594089265646,72,0,0
rx,457,55,1,1,1787954017013322018,1787954017012948185,5594098129998,0,0,0,0
rx,458,56,1,1,1787954017014428148,1787954017014131815,5594099236146,0,0,0,0
tx,458,65,1,1,1787954017014436037,1787954017014131815,5594099244295,5594099280572,72,0,0
rx,459,57,1,1,1787954017015667889,1787954017015301815,5594100475887,0,0,0,0
rx,460,58,1,1,1787954017016774630,1787954017016469815,5594101582646,0,0,0,0
rx,461,59,1,1,1787954017017872000,1787954017017638037,5594102679998,0,0,0,0
rx,462,60,1,1,1787954017019000111,1787954017018780778,5594103808109,0,0,0,0
rx,463,61,1,1,1787954017020136259,1787954017019914074,5594104944276,0,0,0,0
tx,463,74,1,1,1787954017024484889,1787954017019914074,5594109293258,5594109323350,72,0,0
tx,463,83,1,1,1787954017034302870,1787954017019914074,5594119111109,5594119135776,72,0,0
tx,463,92,1,1,1787954017044057092,1787954017019914074,5594128865350,5594128889350,72,0,0
tx,463,102,1,1,1787954017054893185,1787954017019914074,5594139701443,5594139725943,72,0,0
tx,463,111,1,1,1787954017064668592,1787954017019914074,5594149476832,5594149505850,72,0,0
tx,463,120,1,1,1787954017074472722,1787954017019914074,5594159280980,5594159306943,72,0,0
tx,463,129,1,1,1787954017084231055,1787954017019914074,5594169039313,5594169063350,72,0,0
tx,463,139,1,1,1787954017095065611,1787954017019914074,5594179873850,5594179897183,72,0,0
tx,463,149,1,1,1787954017105906685,1787954017019914074,5594190714943,5594190741998,72,0,0
tx,463,158,1,1,1787954017115731870,1787954017019914074,5594200540128,5594200569757,72,0,0
rx,464,62,1,1,1787954017116938722,1787954017115827092,5594201746739,0,0,0,0
rx,465,63,1,1,1787954017118041852,1787954017117023648,5594202849869,0,0,0,0
rx,466,64,1,1,1787954017119326204,1787954017119063981,5594204134202,0,0,0,0
rx,467,65,1,1,1787954017120424315,1787954017120195481,5594205232295,0,0,0,0
rx,468,66,1,1,1787954017121524963,1787954017121372685,5594206332961,0,0,0,0
rx,469,67,1,1,1787954017123719167,1787954017122827926,5594208527183,0,0,0,0
rx,470,68,1,1,1787954017124818907,1787954017123998296,5594209626869,0,0,0,0
tx,470,167,1,1,1787954017125913167,1787954017123998296,5594210721424,5594210754239,72,0,0
tx,470,176,1,1,1787954017135760352,1787954017123998296,5594220568609,5594220594017,72,0,0
tx,470,185,1,1,1787954017145519389,1787954017123998296,5594230327646,5594230351794,72,0,0
tx,470,194,1,1,1787954017155276629,1787954017123998296,5594240084887,5594240108165,72,0,0
tx,470,2,1,1,1787954017165044463,1787954017123998296,5594249852813,5594249881332,72,0,0
tx,470,12,1,1,1787954017175903111,1787954017123998296,5594260711369,5594260735480,72,0,0
tx,470,21,1,1,1787954017185679833,1787954017123998296,5594270488072,5594270513943,72,0,0
tx,470,30,1,1,1787954017195438555,1787954017123998296,5594280246794,5594280270739,72,0,0
tx,470,39,1,1,1787954017205221129,1787954017123998296,5594290029498,5594290056980,72,0,0
tx,470,49,1,1,1787954017216098574,1787954017123998296,5594300906813,5594300963035,72,0,0
rx,471,69,1,1,1787954017218363759,1787954017217315370,5594303171757,0,0,0,0
rx,472,70,1,1,1787954017219482963,1787954017218438981,5594304290961,0,0,0,0
rx,473,71,1,1,1787954017220607778,1787954017219561426,5594305415776,0,0,0,0
rx,474,72,1,1,1787954017221725796,1787954017220686963,5594306533794,0,0,0,0
rx,475,73,1,1,1787954017222850981,1787954017221804185,5594307658980,0,0,0,0
rx,476,74,1,1,1787954017223952129,1787954017222948129,5594308760109,0,0,0,0
tx,476,58,1,1,1787954017226133370,1787954017222948129,5594310941609,5594310972035,72,0,0
tx,476,68,1,1,1787954017237052352,1787954017222948129,5594321860591,5594321885350,72,0,0
tx,476,78,1,1,1787954017247890463,1787954017222948129,5594332698720,5594332723350,72,0,0
tx,476,87,1,1,1787954017257661092,1787954017222948129,5594342469331,5594342498443,72,0,0
tx,476,96,1,1,1787954017267424185,1787954017222948129,5594352232424,5594352257461,72,0,0
tx,476,105,1,1,1787954017277179259,1787954017222948129,5594361987498,5594362011072,72,0,0
tx,476,115,1,1,1787954017288031111,1787954017222948129,5594372839368,5594372863646,72,0,0
tx,476,125,1,1,1787954017298870426,1787954017222948129,5594383678665,5594383702572,72,0,0
tx,476,134,1,1,1787954017308632537,1787954017222948129,5594393440813,5594393468813,72,0,0
tx,476,143,1,1,1787954017318400444,1787954017222948129,5594403208683,5594403237424,72,0,0
rx,477,75,1,1,1787954017320609148,1787954017319983018,5594405417165,0,0,0,0
rx,478,76,1,1,1787954017321712870,1787954017321235629,5594406520868,0,0,0,0
rx,479,77,1,1,1787954017322828370,1787954017322603203,5594407636368,0,0,0,0
rx,480,78,1,1,1787954017323978315,1787954017323757740,5594408786313,0,0,0,0
rx,481,79,1,1,1787954017325073740,1787954017324919518,5594409881720,0,0,0,0
rx,482,80,1,1,1787954017326293018,1787954017326077500,5594411101017,0,0,0,0
tx,482,152,1,1,1787954017328472055,1787954017326077500,5594413280313,5594413312128,72,0,0
tx,482,161,1,1,1787954017338316796,1787954017326077500,5594423125054,5594423149776,72,0,0
tx,482,170,1,1,1787954017348106000,1787954017326077500,5594432914239,5594432937924,72,0,0
tx,482,180,1,1,1787954017358945296,1787954017326077500,5594443753554,5594443777368,72,0,0
tx,482,189,1,1,1787954017368707166,1787954017326077500,5594453515424,5594453544035,72,0,0
tx,482,198,1,1,1787954017378472074,1787954017326077500,5594463280331,5594463303535,72,0,0
tx,482,6,1,1,1787954017388227574,1787954017326077500,5594473035813,5594473059294,72,0,0
tx,482,16,1,1,1787954017399062796,1787954017326077500,5594483871054,5594483894387,72,0,0
tx,482,26,1,1,1787954017409946481,1787954017326077500,5594494754739,5594494786276,72,0,0
tx,482,35,1,1,1787954017419714000,1787954017326077500,5594504522257,5594504548794,72,0,0
rx,483,81,1,1,1787954017421923000,1787954017421853463,5594506730998,0,0,0,0
rx,484,82,1,1,1787954017423060092,1787954017423009648,5594507868091,0,0,0,0
rx,485,83,1,1,1787954017424166296,1787954017424108444,5594508974294,0,0,0,0
rx,486,84,1,1,1787954017426360963,1787954017425289703,5594511168980,0,0,0,0
rx,487,85,1,1,1787954017427462907,1787954017426422592,5594512270905,0,0,0,0
rx,488,86,1,1,1787954017428580185,1787954017427530148,5594513388202,0,0,0,0
rx,489,87,1,1,1787954017429699889,1787954017428659814,5594514507887,0,0,0,0
tx,489,44,1,1,1787954017429707611,1787954017428659814,5594514515868,5594514547368,72,0,0
rx,490,88,1,1,1787954017431139074,1787954017429778277,5594515947091,0,0,0,0
tx,490,53,1,1,1787954017439804333,1787954017429778277,5594524612591,5594524639813,72,0,0
tx,490,62,1,1,1787954017449609796,1787954017429778277,5594534418035,5594534443239,72,0,0
tx,490,71,1,1,1787954017459376537,1787954017429778277,5594544184794,5594544215257,72,0,0
tx,490,80,1,1,1787954017469139648,1787954017429778277,5594553947887,5594553971628,72,0,0
tx,490,90,1,1,1787954017479975092,1787954017429778277,5594564783331,5594564806868,72,0,0
tx,490,99,1,1,1787954017489769833,1787954017429778277,5594574578091,5594574627517,72,0,0
tx,490,108,1,1,1787954017499565333,1787954017429778277,5594584373572,5594584397461,72,0,0
tx,490,117,1,1,1787954017509338981,1787954017429778277,5594594147239,5594594180850,72,0,0
tx,490,126,1,1,1787954017519107796,1787954017429778277,5594603916054,5594603940405,72,0,0
rx,491,89,1,1,1787954017524757777,1787954017524400000,5594609565794,0,0,0,0
rx,492,90,1,1,1787954017525860129,1787954017525563963,5594610668146,0,0,0,0
rx,493,91,1,1,1787954017526959000,1787954017526678259,5594611767016,0,0,0,0
rx,494,92,1,1,1787954017528057888,1787954017527797296,5594612865887,0,0,0,0
rx,495,93,1,1,1787954017529164870,1787954017528931129,5594613972850,0,0,0,0
tx,495,135,1,1,1787954017529172426,1787954017528931129,5594613980794,5594614012368,72,0,0
rx,496,94,1,1,1787954017530387685,1787954017530081018,5594615195702,0,0,0,0
rx,497,95,1,1,1787954017531486611,1787954017531175018,5594616294591,0,0,0,0
tx,497,144,1,1,1787954017539077870,1787954017531175018,5594623886128,5594623915516,72,0,0
tx,497,154,1,1,1787954017549983000,1787954017531175018,5594634791239,5594634816572,72,0,0
tx,497,163,1,1,1787954017559751407,1787954017531175018,5594644559683,5594644588961,72,0,0
tx,497,172,1,1,1787954017569518574,1787954017531175018,5594654326813,5594654351461,72,0,0
tx,497,181,1,1,1787954017579312981,1787954017531175018,5594664121239,5594664145831,72,0,0
tx,497,190,1,1,1787954017589073722,1787954017531175018,5594673881979,5594673906202,72,0,0
tx,497,200,1,1,1787954017599941851,1787954017531175018,5594684750091,5594684774350,72,0,0
tx,497,8,1,1,1787954017609711092,1787954017531175018,5594694519331,5594694545498,72,0,0
tx,497,17,1,1,1787954017619485296,1787954017531175018,5594704293535,5594704321813,72,0,0
tx,497,26,1,1,1787954017629247092,1787954017531175018,5594714055331,5594714079128,72,0,0
tx,497,35,1,1,1787954017639014055,1787954017531175018,5594723822313,5594723846276,72,0,0
tx,497,45,1,1,1787954017649854629,1787954017531175018,5594734662868,5594734687776,72,0,0
tx,497,54,1,1,1787954017659624185,1787954017531175018,5594744432442,5594744461146,72,0,0
tx,497,63,1,1,1787954017669393740,1787954017531175018,5594754201979,5594754227368,72,0,0
tx,497,72,1,1,1787954017679153944,1787954017531175018,5594763962202,5594763985961,72,0,0
tx,497,82,1,1,1787954017689993499,1787954017531175018,5594774801739,5594774825998,72,0,0
tx,497,91,1,1,1787954017699763777,1787954017531175018,5594784572016,5594784597220,72,0,0
tx,497,100,1,1,1787954017709533777,1787954017531175018,5594794342016,5594794372387,72,0,0
tx,497,109,1,1,1787954017719298222,1787954017531175018,5594804106479,5594804129813,72,0,0
tx,497,118,1,1,1787954017729085722,1787954017531175018,5594813893979,5594813918516,72,0,0
rx,498,96,1,1,1787954017730252888,1787954017729168759,5594815060905,0,0,0,0
rx,499,97,1,1,1787954017731415629,1787954017730354648,5594816223627,0,0,0,0
rx,500,98,1,1,1787954017732513759,1787954017731506444,5594817321739,0,0,0,0
rx,501,99,1,1,1787954017733659555,1787954017732582074,5594818467553,0,0,0,0
rx,502,100,1,1,1787954017734753203,1787954017733751925,5594819561220,0,0,0,0
rx,503,101,1,1,1787954017735846203,1787954017735037574,5594820654202,0,0,0,0
rx,504,102,1,1,1787954017736937499,1787954017736155888,5594821745516,0,0,0,0
rx,505,103,1,1,1787954017738028981,1787954017737272666,5594822836979,0,0,0,0
rx,506,104,1,1,1787954017739120851,1787954017738452666,5594823928850,0,0,0,0
tx,506,127,1,1,1787954017739128351,1787954017738452666,5594823936590,5594823966294,72,0,0
rx,507,105,1,1,1787954017740377685,1787954017739554129,5594825185683,0,0,0,0
rx,508,106,1,1,1787954017741474703,1787954017740643055,5594826282720,0,0,0,0
rx,509,107,1,1,1787954017742566666,1787954017741751796,5594827374665,0,0,0,0
rx,510,108,1,1,1787954017743658351,1787954017742873981,5594828466350,0,0,0,0
rx,511,109,1,1,1787954017744750018,1787954017743989703,5594829558016,0,0,0,0
tx,511,136,1,1,1787954017749088851,1787954017743989703,5594833897109,5594833925016,72,0,0
tx,511,146,1,1,1787954017759989592,1787954017743989703,5594844797850,5594844827739,72,0,0
tx,511,155,1,1,1787954017769752444,1787954017743989703,5594854560702,5594854584794,72,0,0
tx,511,164,1,1,1787954017779511092,1787954017743989703,5594864319331,5594864351146,72,0,0
tx,511,173,1,1,1787954017789282240,1787954017743989703,5594874090498,5594874115072,72,0,0
tx,511,182,1,1,1787954017799039685,1787954017743989703,5594883847924,5594883871479,72,0,0
tx,511,192,1,1,1787954017809883314,1787954017743989703,5594894691553,5594894725461,72,0,0
tx,511,0,1,1,1787954017819651962,1787954017743989703,5594904460201,5594904484183,72,0,0
tx,511,9,1,1,1787954017829412777,1787954017743989703,5594914221016,5594914244627,72,0,0
rx,512,110,1,1,1787954017832747277,1787954017831705388,5594917555294,0,0,0,0
rx,513,111,1,1,1787954017833875407,1787954017832821314,5594918683424,0,0,0,0
rx,514,112,1,1,1787954017835011333,1787954017833959518,5594919819350,0,0,0,0
rx,515,113,1,1,1787954017836128425,1787954017835108944,5594920936424,0,0,0,0
rx,516,114,1,1,1787954017837243388,1787954017836206611,5594922051405,0,0,0,0
rx,517,115,1,1,1787954017838335944,1787954017837322592,5594923143942,0,0,0,0
tx,517,18,1,1,1787954017839425759,1787954017837322592,5594924234035,5594924261609,72,0,0
tx,517,27,1,1,1787954017849254833,1787954017837322592,5594934063090,5594934087072,72,0,0
tx,517,36,1,1,1787954017859042944,1787954017837322592,5594943851183,5594943888461,72,0,0
tx,517,46,1,1,1787954017869954759,1787954017837322592,5594954762998,5594954788664,72,0,0
tx,517,55,1,1,1787954017879714018,1787954017837322592,5594964522276,5594964546776,72,0,0
tx,517,64,1,1,1787954017889472240,1787954017837322592,5594974280479,5594974304090,72,0,0
tx,517,73,1,1,1787954017899230388,1787954017837322592,5594984038646,5594984062776,72,0,0
tx,517,82,1,1,1787954017909034536,1787954017837322592,5594993842794,5594993874646,72,0,0
tx,517,92,1,1,1787954017919888703,1787954017837322592,5595004696942,5595004723313,72,0,0
tx,517,101,1,1,1787954017929647870,1787954017837322592,5595014456127,5595014480627,72,0,0
rx,518,116,1,1,1787954017934010333,1787954017933801388,5595018818331,0,0,0,0
rx,519,117,1,1,1787954017935104110,1787954017934987999,5595019912109,0,0,0,0
rx,520,118,1,1,1787954017936213592,1787954017936123370,5595021021609,0,0,0,0
rx,521,119,1,1,1787954017937330907,1787954017937248055,5595022138905,0,0,0,0
rx,522,120,1,1,1787954017938441333,1787954017938358462,5595023249350,0,0,0,0
tx,522,110,1,1,1787954017939532981,1787954017938358462,5595024341275,5595024376683,72,0,0
rx,523,121,1,0,1787954017940730592,1787954017939648277,5595025538609,0,0,0,0
rx,524,122,1,1,1787954017940736203,1787954017940614444,5595025544201,0,0,0,0
tx,524,119,1,1,1787954017949488481,1787954017940614444,5595034296738,5595034324461,72,0,0
tx,524,128,1,1,1787954017959317851,1787954017940614444,5595044126090,5595044161924,72,0,0
tx,524,137,1,1,1787954017969141333,1787954017940614444,5595053949572,5595053974146,72,0,0
tx,524,147,1,1,1787954017979982388,1787954017940614444,5595064790646,5595064814535,72,0,0
tx,524,156,1,1,1787954017989745555,1787954017940614444,5595074553813,5595074577442,72,0,0
tx,524,165,1,1,1787954017999504073,1787954017940614444,5595084312313,5595084335646,72,0,0
tx,524,174,1,1,1787954018009272518,1787954017940614444,5595094080757,5595094113405,72,0,0
tx,524,183,1,1,1787954018019036425,1787954017940614444,5595103844664,5595103868646,72,0,0
tx,524,193,1,1,1787954018029891666,1787954017940614444,5595114699924,5595114724461,72,0,0
rx,525,123,1,1,1787954018037488333,1787954018036872684,5595122296331,0,0,0,0
rx,526,124,1,1,1787954018038585629,1787954018038013777,5595123393627,0,0,0,0
rx,527,125,1,1,1787954018039677370,1787954018039208981,5595124485368,0,0,0,0
tx,527,1,1,1,1787954018039685036,1787954018039208981,5595124493294,5595124520312,72,0,0
rx,528,126,1,1,1787954018040863925,1787954018040375759,5595125671942,0,0,0,0
rx,529,127,1,1,1787954018041955981,1787954018041513462,5595126763998,0,0,0,0
rx,530,128,1,1,1787954018043047388,1787954018042657944,5595127855405,0,0,0,0
rx,531,129,1,1,1787954018044139722,1787954018043808629,5595128947738,0,0,0,0
tx,531,10,1,1,1787954018049560684,1787954018043808629,5595134368924,5595134395312,72,0,0
tx,531,19,1,1,1787954018059476888,1787954018043808629,5595144285164,5595144322998,72,0,0
tx,531,28,1,1,1787954018069264055,1787954018043808629,5595154072312,5595154097590,72,0,0
tx,531,37,1,1,1787954018079031462,1787954018043808629,5595163839720,5595163863257,72,0,0
tx,531,47,1,1,1787954018089886462,1787954018043808629,5595174694701,5595174719072,72,0,0
tx,531,56,1,1,1787954018099633925,1787954018043808629,5595184442164,5595184465849,72,0,0
tx,531,65,1,1,1787954018109394629,1787954018043808629,5595194202887,5595194235479,72,0,0
tx,531,74,1,1,1787954018119261018,1787954018043808629,5595204069257,5595204097016,72,0,0
tx,531,83,1,1,1787954018129025499,1787954018043808629,5595213833757,5595213858646,72,0,0
rx,532,130,1,1,1787954018139851055,1787954018139213221,5595224659053,0,0,0,0
tx,532,93,1,1,1787954018139859481,1787954018139213221,5595224667720,5595224694405,72,0,0
rx,533,131,1,1,1787954018141042055,1787954018140342888,5595225850053,0,0,0,0
rx,534,132,1,1,1787954018142136277,1787954018141489721,5595226944294,0,0,0,0
rx,535,133,1,1,1787954018143234962,1787954018142582462,5595228042979,0,0,0,0
rx,536,134,1,1,1787954018144326666,1787954018143718184,5595229134664,0,0,0,0
rx,537,135,1,1,1787954018145417407,1787954018144832110,5595230225405,0,0,0,0
rx,538,136,1,1,1787954018146508370,1787954018145950907,5595231316368,0,0,0,0
tx,538,102,1,1,1787954018149759184,1787954018145950907,5595234567442,5595234595535,72,0,0
tx,538,111,1,1,1787954018159600944,1787954018145950907,5595244409183,5595244440553,72,0,0
tx,538,120,1,1,1787954018169381073,1787954018145950907,5595254189331,5595254214164,72,0,0
tx,538,129,1,1,1787954018179228647,1787954018145950907,5595264036886,5595264064109,72,0,0
tx,538,139,1,1,1787954018190074444,1787954018145950907,5595274882701,5595274907164,72,0,0
tx,538,149,1,1,1787954018200919610,1787954018145950907,5595285727849,5595285751498,72,0,0
tx,538,158,1,1,1787954018210711073,1787954018145950907,5595295519368,5595295552109,72,0,0
tx,538,167,1,1,1787954018220477999,1787954018145950907,5595305286257,5595305311164,72,0,0
tx,538,176,1,1,1787954018230233944,1787954018145950907,5595315042201,5595315066035,72,0,0
tx,538,186,1,1,1787954018241076314,1787954018145950907,5595325884553,5595325908035,72,0,0
rx,539,137,1,1,1787954018242187499,1787954018241806462,5595326995516,0,0,0,0
rx,540,138,1,1,1787954018243282277,1787954018242968536,5595328090275,0,0,0,0
rx,541,139,1,1,1787954018244373518,1787954018244213018,5595329181516,0,0,0,0
rx,542,140,1,1,1787954018245466333,1787954018245402018,5595330274331,0,0,0,0
rx,543,141,1,1,1787954018247759499,1787954018246722851,5595332567498,0,0,0,0
rx,544,142,1,1,1787954018248851240,1787954018247842184,5595333659257,0,0,0,0
tx,544,195,1,1,1787954018251021314,1787954018247842184,5595335829553,5595335858109,72,0,0
tx,544,4,1,1,1787954018261934962,1787954018247842184,5595346743201,5595346773849,72,0,0
tx,544,13,1,1,1787954018271703610,1787954018247842184,5595356511849,5595356537016,72,0,0
tx,544,22,1,1,1787954018281453629,1787954018247842184,5595366261868,5595366285979,72,0,0
tx,544,31,1,1,1787954018291233036,1787954018247842184,5595376041275,5595376064683,72,0,0
tx,544,41,1,1,1787954018302094536,1787954018247842184,5595386902775,5595386927553,72,0,0
tx,544,51,1,1,1787954018312970703,1787954018247842184,5595397778960,5595397809405,72,0,0
tx,544,60,1,1,1787954018322733184,1787954018247842184,5595407541442,5595407565164,72,0,0
tx,544,69,1,1,1787954018332492481,1787954018247842184,5595417300720,5595417324979,72,0,0
tx,544,78,1,1,1787954018342247444,1787954018247842184,5595427055701,5595427079942,72,0,0
rx,546,144,1,1,1787954018344446203,1787954018343905295,5595429254201,0,0,0,0
rx,547,145,1,1,1787954018347699684,1787954018346918258,5595432507701,0,0,0,0
rx,548,146,1,1,1787954018348791407,1787954018348116055,5595433599405,0,0,0,0
rx,549,147,1,1,1787954018349881944,1787954018349641407,5595434689942,0,0,0,0
rx,550,148,1,1,1787954018351004666,1787954018350900277,5595435812664,0,0,0,0
rx,551,149,1,1,1787954018352178629,1787954018352091610,5595436986627,0,0,0,0
tx,551,87,1,1,1787954018352191425,1787954018352091610,5595436999683,5595437033664,72,0,0
rx,552,150,1,1,1787954018354544814,1787954018353545258,5595439352831,0,0,0,0
tx,552,96,1,1,1787954018362125073,1787954018353545258,5595446933312,5595446962553,72,0,0
tx,552,106,1,1,1787954018373022740,1787954018353545258,5595457830979,5595457856553,72,0,0
tx,552,116,1,1,1787954018383869258,1787954018353545258,5595468677516,5595468701516,72,0,0
tx,552,125,1,1,1787954018393635240,1787954018353545258,5595478443479,5595478467423,72,0,0
tx,552,134,1,1,1787954018403426962,1787954018353545258,5595488235220,5595488264201,72,0,0
tx,552,143,1,1,1787954018413213869,1787954018353545258,5595498022109,5595498048609,72,0,0
tx,552,153,1,1,1787954018424057258,1787954018353545258,5595508865497,5595508889794,72,0,0
tx,552,163,1,1,1787954018434926314,1787954018353545258,5595519734553,5595519758294,72,0,0
tx,552,172,1,1,1787954018444679258,1787954018353545258,5595529487497,5595529510997,72,0,0
rx,553,151,1,1,1787954018446870055,1787954018446305888,5595531678071,0,0,0,0
rx,554,152,1,1,1787954018449056369,1787954018448148795,5595533864368,0,0,0,0
rx,555,153,1,1,1787954018450147592,1787954018449269166,5595534955590,0,0,0,0
rx,556,154,1,1,1787954018451239221,1787954018450436925,5595536047220,0,0,0,0
rx,558,156,1,1,1787954018453412055,1787954018453032092,5595538220071,0,0,0,0
tx,558,181,1,1,1787954018454501573,1787954018453032092,5595539309812,5595539339294,72,0,0
tx,558,190,1,1,1787954018464345055,1787954018453032092,5595549153312,5595549182164,72,0,0
tx,558,199,1,1,1787954018474141073,1787954018453032092,5595558949331,5595558973257,72,0,0
tx,558,8,1,1,1787954018484975055,1787954018453032092,5595569783312,5595569806942,72,0,0
tx,558,17,1,1,1787954018494728814,1787954018453032092,5595579537053,5595579560534,72,0,0
tx,558,26,1,1,1787954018504525832,1787954018453032092,5595589334071,5595589363183,72,0,0
tx,558,35,1,1,1787954018514296110,1787954018453032092,5595599104349,5595599133108,72,0,0
tx,558,44,1,1,1787954018524055777,1787954018453032092,5595608864034,5595608887942,72,0,0
tx,558,54,1,1,1787954018534888962,1787954018453032092,5595619697201,5595619720479,72,0,0
tx,558,63,1,1,1787954018544648092,1787954018453032092,5595629456349,5595629480090,72,0,0
rx,560,158,1,1,1787954018550085480,1787954018549967906,5595634893479,0,0,0,0
rx,561,159,1,1,1787954018552263147,1787954018551453869,5595637071146,0,0,0,0
rx,562,160,1,1,1787954018553366943,1787954018552566055,5595638174942,0,0,0,0
rx,563,161,1,1,1787954018554466740,1787954018553729906,5595639274757,0,0,0,0
tx,563,72,1,1,1787954018554475018,1787954018553729906,5595639283349,5595639319812,72,0,0
rx,565,163,1,1,1787954018556748406,1787954018556058999,5595641556423,0,0,0,0
tx,565,81,1,1,1787954018564329592,1787954018556058999,5595649137831,5595649164942,72,0,0
tx,565,90,1,1,1787954018574136443,1787954018556058999,5595658944683,5595658968868,72,0,0
tx,565,100,1,1,1787954018584977906,1787954018556058999,5595669786145,5595669811183,72,0,0
tx,565,109,1,1,1787954018594736721,1787954018556058999,5595679544960,5595679568386,72,0,0
tx,565,118,1,1,1787954018604523980,1787954018556058999,5595689332238,5595689359812,72,0,0
tx,565,127,1,1,1787954018614307166,1787954018556058999,5595699115405,5595699141053,72,0,0
tx,565,136,1,1,1787954018624062332,1787954018556058999,5595708870571,5595708894053,72,0,0
tx,565,146,1,1,1787954018634901777,1787954018556058999,5595719710016,5595719733368,72,0,0
tx,565,155,1,1,1787954018644657888,1787954018556058999,5595729466145,5595729490108,72,0,0
rx,566,164,1,1,1787954018651230351,1787954018650802758,5595736038349,0,0,0,0
rx,567,165,1,1,1787954018652325592,1787954018652227017,5595737133608,0,0,0,0
rx,568,166,1,1,1787954018654523277,1787954018653440036,5595739331275,0,0,0,0
tx,568,164,1,1,1787954018654563925,1787954018653440036,5595739372164,5595739408553,72,0,0
rx,569,167,1,0,1787954018655882036,1787954018654650554,5595740690034,0,0,0,0
rx,570,168,1,1,1787954018655887240,1787954018655825369,5595740695238,0,0,0,0
rx,571,169,1,1,1787954018658065554,1787954018657004943,5595742873571,0,0,0,0
rx,572,170,1,1,1787954018659161351,1787954018658120869,5595743969349,0,0,0,0
tx,572,173,1,1,1787954018664572277,1787954018658120869,5595749380516,5595749410238,72,0,0
tx,572,182,1,1,1787954018674387351,1787954018658120869,5595759195608,5595759220071,72,0,0
tx,572,191,1,1,1787954018684143480,1787954018658120869,5595768951719,5595768975312,72,0,0
tx,572,0,1,1,1787954018694976647,1787954018658120869,5595779784905,5595779808053,72,0,0
tx,572,9,1,1,1787954018704758869,1787954018658120869,5595789567127,5595789592497,72,0,0
tx,572,18,1,1,1787954018714536388,1787954018658120869,5595799344627,5595799374905,72,0,0
tx,572,27,1,1,1787954018724302795,1787954018658120869,5595809111034,5595809135145,72,0,0
tx,572,36,1,1,1787954018734056499,1787954018658120869,5595818864738,5595818888497,72,0,0
tx,572,46,1,1,1787954018744891351,1787954018658120869,5595829699590,5595829723682,72,0,0
rx,573,171,1,1,1787954018754665906,1787954018754352851,5595839473905,0,0,0,0
tx,573,55,1,1,1787954018754679277,1787954018754352851,5595839487534,5595839519479,72,0,0
rx,574,172,1,1,1787954018755865536,1787954018755640869,5595840673553,0,0,0,0
rx,575,173,1,1,1787954018756959091,1787954018756706388,5595841767108,0,0,0,0
rx,576,174,1,1,1787954018758076888,1787954018757940110,5595842884905,0,0,0,0
rx,577,175,1,1,1787954018759254425,1787954018759153536,5595844062423,0,0,0,0
rx,578,176,1,1,1787954018761467740,1787954018760408443,5595846275756,0,0,0,0
rx,579,177,1,1,1787954018762559480,1787954018761567184,5595847367497,0,0,0,0
tx,579,64,1,1,1787954018764735073,1787954018761567184,5595849543460,5595849573627,72,0,0
tx,579,73,1,1,1787954018774552888,1787954018761567184,5595859361127,5595859385238,72,0,0
tx,579,82,1,1,1787954018784346777,1787954018761567184,5595869155016,5595869179127,72,0,0
tx,579,91,1,1,1787954018794110573,1787954018761567184,5595878918812,5595878942071,72,0,0
tx,579,101,1,1,1787954018804986240,1787954018761567184,5595889794479,5595889823942,72,0,0
tx,579,110,1,1,1787954018814753777,1787954018761567184,5595899562034,5595899588293,72,0,0
tx,579,119,1,1,1787954018824515628,1787954018761567184,5595909323868,5595909347275,72,0,0
tx,579,128,1,1,1787954018834277888,1787954018761567184,5595919086127,5595919109645,72,0,0
tx,579,137,1,1,1787954018844035091,1787954018761567184,5595928843331,5595928866608,72,0,0
tx,579,147,1,1,1787954018854877184,1787954018761567184,5595939685442,5595939714164,72,0,0
rx,580,178,1,1,1787954018857132054,1787954018856991777,5595941939942,0,0,0,0
rx,581,179,1,1,1787954018858336443,1787954018858229277,5595943144460,0,0,0,0
rx,582,180,1,1,1787954018860529351,1787954018859762943,5595945337368,0,0,0,0
rx,583,181,1,1,1787954018861621795,1787954018861223258,5595946429793,0,0,0,0
rx,584,182,1,1,1787954018863795221,1787954018862995869,5595948603238,0,0,0,0
rx,585,183,1,1,1787954018864887036,1787954018864184184,5595949695034,0,0,0,0
tx,585,156,1,1,1787954018864894443,1787954018864184184,5595949702701,5595949741571,72,0,0
rx,586,184,1,1,1787954018866084665,1787954018865434777,5595950892664,0,0,0,0
tx,586,165,1,1,1787954018874750388,1787954018865434777,5595959558645,5595959585868,72,0,0
tx,586,174,1,1,1787954018884598795,1787954018865434777,5595969407053,5595969432682,72,0,0
tx,586,183,1,1,1787954018894361795,1787954018865434777,5595979170034,5595979193719,72,0,0
tx,586,192,1,1,1787954018904152480,1787954018865434777,5595988960756,5595988992256,72,0,0
tx,586,1,1,1,1787954018915008277,1787954018865434777,5595999816534,5595999843219,72,0,0
tx,586,10,1,1,1787954018924925258,1787954018865434777,5596009733516,5596009761349,72,0,0
tx,586,19,1,1,1787954018934672980,1787954018865434777,5596019481238,5596019505219,72,0,0
tx,586,28,1,1,1787954018944430573,1787954018865434777,5596029238830,5596029262256,72,0,0
tx,586,37,1,1,1787954018954194128,1787954018865434777,5596039002386,5596039029349,72,0,0
rx,587,185,1,1,1787954018960717906,1787954018960387684,5596045525923,0,0,0,0
rx,588,186,1,1,1787954018962894999,1787954018961881869,5596047702997,0,0,0,0
rx,590,188,1,1,1787954018965073369,1787954018964407591,5596049881386,0,0,0,0
tx,590,47,1,1,1787954018965080832,1787954018964407591,5596049889071,5596049918201,72,0,0
rx,591,189,1,1,1787954018966265239,1787954018966060073,5596051073256,0,0,0,0
rx,592,190,1,1,1787954018967420721,1787954018967347036,5596052228719,0,0,0,0
rx,593,191,1,1,1787954018969625091,1787954018968621573,5596054433108,0,0,0,0
tx,593,56,1,1,1787954018975046017,1787954018968621573,5596059854256,5596059880645,72,0,0
tx,593,66,1,1,1787954018985935962,1787954018968621573,5596070744201,5596070769608,72,0,0
tx,593,75,1,1,1787954018995701239,1787954018968621573,5596080509479,5596080534460,72,0,0
tx,593,84,1,1,1787954019005498906,1787954018968621573,5596090307164,5596090338701,72,0,0
tx,593,93,1,1,1787954019015270536,1787954018968621573,5596100078812,5596100107664,72,0,0
tx,593,102,1,1,1787954019025028776,1787954018968621573,5596109837034,5596109860553,72,0,0
tx,593,112,1,1,1787954019035872776,1787954018968621573,5596120681016,5596120705090,72,0,0
tx,593,121,1,1,1787954019045638610,1787954018968621573,5596130446849,5596130470682,72,0,0
tx,593,130,1,1,1787954019055398517,1787954018968621573,5596140206775,5596140235645,72,0,0
rx,594,192,1,1,1787954019061928276,1787954019061112962,5596146736275,0,0,0,0
rx,595,193,1,1,1787954019063020054,1787954019062331128,5596147828071,0,0,0,0
rx,596,194,1,1,1787954019064110147,1787954019063893184,5596148918164,0,0,0,0
rx,597,195,1,1,1787954019065201573,1787954019065034499,5596150009571,0,0,0,0
tx,597,139,1,1,1787954019065208851,1787954019065034499,5596150017090,5596150046830,72,0,0
rx,598,196,1,1,1787954019066386610,1787954019066187925,5596151194627,0,0,0,0
rx,599,197,1,1,1787954019067483258,1787954019067385369,5596152291238,0,0,0,0
tx,599,148,1,1,1787954019075141665,1787954019067385369,5596159949979,5596159979664,72,0,0
tx,599,158,1,1,1787954019086076351,1787954019067385369,5596170884590,5596170910664,72,0,0
tx,599,168,1,1,1787954019096920628,1787954019067385369,5596181728886,5596181752812,72,0,0
tx,599,177,1,1,1787954019106687017,1787954019067385369,5596191495275,5596191527071,72,0,0
tx,599,186,1,1,1787954019116463980,1787954019067385369,5596201272256,5596201298441,72,0,0
tx,599,195,1,1,1787954019126245239,1787954019067385369,5596211053478,5596211078090,72,0,0
tx,599,4,1,1,1787954019137086443,1787954019067385369,5596221894682,5596221918997,72,0,0
tx,599,14,1,1,1787954019147933443,1787954019067385369,5596232741682,5596232772164,72,0,0
tx,599,23,1,1,1787954019157705110,1787954019067385369,5596242513386,5596242541590,72,0,0
rx,600,198,1,1,1787954019163145313,1787954019162718702,5596247953293,0,0,0,0
rx,602,200,1,1,1787954019165336017,1787954019165148980,5596250144034,0,0,0,0
tx,602,32,1,1,1787954019167507091,1787954019165148980,5596252315349,5596252344886,72,0,0
rx,604,1,1,1,1787954019168701406,1787954019167791832,5596253509423,0,0,0,0
rx,605,2,1,1,1787954019169791147,1787954019168880980,5596254599164,0,0,0,0
rx,606,3,1,1,1787954019170879184,1787954019169977443,5596255687201,0,0,0,0
tx,606,41,1,1,1787954019177438369,1787954019169977443,5596262246627,5596262275830,72,0,0
tx,606,50,1,1,1787954019187243128,1787954019169977443,5596272051367,5596272077071,72,0,0
tx,606,60,1,1,1787954019198076350,1787954019169977443,5596282884627,5596282913053,72,0,0
tx,606,70,1,1,1787954019208910999,1787954019169977443,5596293719275,5596293744534,72,0,0
tx,606,79,1,1,1787954019218654665,1787954019169977443,5596303462923,5596303487664,72,0,0
tx,606,88,1,1,1787954019228407184,1787954019169977443,5596313215423,5596313240090,72,0,0
tx,606,97,1,1,1787954019238160999,1787954019169977443,5596322969256,5596322993238,72,0,0
tx,606,107,1,1,1787954019248963647,1787954019169977443,5596333771886,5596333800552,72,0,0
tx,606,116,1,1,1787954019258710610,1787954019169977443,5596343518886,5596343543590,72,0,0
rx,607,4,1,1,1787954019266303758,1787954019265602832,5596351111775,0,0,0,0
rx,608,5,1,1,1787954019267398110,1787954019267118850,5596352206108,0,0,0,0
rx,609,6,1,1,1787954019268500036,1787954019268414295,5596353308052,0,0,0,0
tx,609,125,1,1,1787954019268507554,1787954019268414295,5596353315812,5596353343997,72,0,0
rx,610,7,1,1,1787954019270771665,1787954019269737869,5596355579664,0,0,0,0
rx,611,8,1,1,1787954019271865480,1787954019270962591,5596356673478,0,0,0,0
rx,612,9,1,1,1787954019272956313,1787954019272513813,5596357764330,0,0,0,0
rx,613,10,1,1,1787954019274047128,1787954019273728813,5596358855127,0,0,0,0
tx,613,134,1,1,1787954019278386813,1787954019273728813,5596363195071,5596363222941,72,0,0
tx,613,143,1,1,1787954019288193702,1787954019273728813,5596373001960,5596373026367,72,0,0
tx,613,153,1,1,1787954019299018832,1787954019273728813,5596383827090,5596383851034,72,0,0
tx,613,163,1,1,1787954019309913924,1787954019273728813,5596394722164,5596394751923,72,0,0
tx,613,172,1,1,1787954019319671295,1787954019273728813,5596404479534,5596404506219,72,0,0
tx,613,181,1,1,1787954019329417258,1787954019273728813,5596414225497,5596414249386,72,0,0
tx,613,190,1,1,1787954019339162313,1787954019273728813,5596423970571,5596423993997,72,0,0
tx,613,200,1,1,1787954019350004406,1787954019273728813,5596434812664,5596434840071,72,0,0
tx,613,8,1,1,1787954019359761350,1787954019273728813,5596444569589,5596444595960,72,0,0
rx,614,11,1,1,1787954019368437110,1787954019367936998,5596453245108,0,0,0,0
tx,614,17,1,1,1787954019369524239,1787954019367936998,5596454332478,5596454359108,72,0,0
rx,615,12,1,1,1787954019370695998,1787954019370096591,5596455504015,0,0,0,0
rx,616,13,1,1,1787954019371788073,1787954019371298147,5596456596071,0,0,0,0
rx,617,14,1,1,1787954019372880924,1787954019372603795,5596457688941,0,0,0,0
rx,618,15,1,1,1787954019373990924,1787954019373823869,5596458798941,0,0,0,0
rx,619,16,1,1,1787954019375106369,1787954019375024424,5596459914386,0,0,0,0
tx,619,26,1,1,1787954019379432665,1787954019375024424,5596464240904,5596464269238,72,0,0
tx,619,35,1,1,1787954019389267776,1787954019375024424,5596474076034,5596474101701,72,0,0
tx,619,44,1,1,1787954019399024239,1787954019375024424,5596483832497,5596483860793,72,0,0
tx,619,54,1,1,1787954019409890202,1787954019375024424,5596494698497,5596494725626,72,0,0
tx,619,63,1,1,1787954019419644832,1787954019375024424,5596504453071,5596504478386,72,0,0
tx,619,72,1,1,1787954019429405906,1787954019375024424,5596514214164,5596514238849,72,0,0
tx,619,81,1,1,1787954019439150721,1787954019375024424,5596523958960,5596523982830,72,0,0
tx,619,91,1,1,1787954019449988184,1787954019375024424,5596534796423,5596534824256,72,0,0
tx,619,100,1,1,1787954019459742591,1787954019375024424,5596544550830,5596544576219,72,0,0
tx,619,109,1,1,1787954019469490461,1787954019375024424,5596554298719,5596554322793,72,0,0
rx,621,18,1,1,1787954019472768387,1787954019471917073,5596557576386,0,0,0,0
rx,622,19,1,1,1787954019476020535,1787954019475868721,5596560828534,0,0,0,0
rx,623,20,1,1,1787954019477168795,1787954019477095165,5596561976812,0,0,0,0
rx,624,21,1,1,1787954019479362073,1787954019478353906,5596564170071,0,0,0,0
tx,624,118,1,1,1787954019479369665,1787954019478353906,5596564178015,5596564213849,72,0,0
rx,625,22,1,1,1787954019480552035,1787954019479646258,5596565360052,0,0,0,0
rx,626,23,1,1,1787954019481639961,1787954019480800147,5596566447978,0,0,0,0
tx,626,127,1,1,1787954019489212665,1787954019480800147,5596574020904,5596574046775,72,0,0
tx,626,136,1,1,1787954019499010591,1787954019480800147,5596583818849,5596583847052,72,0,0
tx,626,146,1,1,1787954019509840591,1787954019480800147,5596594648830,5596594674552,72,0,0
tx,626,155,1,1,1787954019519618961,1787954019480800147,5596604427200,5596604453552,72,0,0
tx,626,164,1,1,1787954019529399258,1787954019480800147,5596614207497,5596614232367,72,0,0
tx,626,173,1,1,1787954019539159443,1787954019480800147,5596623967700,5596623991052,72,0,0
tx,626,183,1,1,1787954019550000387,1787954019480800147,5596634808626,5596634832441,72,0,0
tx,626,192,1,1,1787954019559776147,1787954019480800147,5596644584404,5596644612571,72,0,0
tx,626,0,1,1,1787954019569539961,1787954019480800147,5596654348200,5596654371904,72,0,0
rx,628,25,1,1,1787954019572835721,1787954019572329480,5596657643719,0,0,0,0
rx,629,26,1,1,1787954019573929221,1787954019573436387,5596658737219,0,0,0,0
rx,630,27,1,1,1787954019576110721,1787954019575300350,5596660918719,0,0,0,0
rx,631,28,1,1,1787954019577202072,1787954019576394202,5596662010089,0,0,0,0
tx,631,9,1,1,1787954019579372035,1787954019576394202,5596664180275,5596664209330,72,0,0
tx,631,18,1,1,1787954019589199443,1787954019576394202,5596674007682,5596674032737,72,0,0
tx,631,28,1,1,1787954019600085461,1787954019576394202,5596684893978,5596684922515,72,0,0
tx,631,38,1,1,1787954019610965961,1787954019576394202,5596695774200,5596695805256,72,0,0
tx,631,47,1,1,1787954019620734832,1787954019576394202,5596705543071,5596705568126,72,0,0
tx,631,56,1,1,1787954019630497035,1787954019576394202,5596715305293,5596715329052,72,0,0
tx,631,65,1,1,1787954019640257276,1787954019576394202,5596725065534,5596725088849,72,0,0
tx,631,74,1,1,1787954019650022258,1787954019576394202,5596734830497,5596734859645,72,0,0
tx,631,84,1,1,1787954019660869258,1787954019576394202,5596745677497,5596745701960,72,0,0
tx,631,93,1,1,1787954019670626239,1787954019576394202,5596755434478,5596755458293,72,0,0
rx,632,29,1,1,1787954019678226369,1787954019678095683,5596763034349,0,0,0,0
tx,632,102,1,1,1787954019680429721,1787954019678095683,5596765237978,5596765264330,72,0,0
rx,633,30,1,1,1787954019681694443,1787954019680508480,5596766502441,0,0,0,0
rx,634,31,1,1,1787954019682786035,1787954019681763980,5596767594052,0,0,0,0
rx,635,32,1,1,1787954019683877461,1787954019683269943,5596768685478,0,0,0,0
rx,636,33,1,1,1787954019684968109,1787954019684504813,5596769776108,0,0,0,0
rx,637,34,1,1,1787954019686059072,1787954019685713146,5596770867089,0,0,0,0
rx,638,35,1,1,1787954019687150646,1787954019686955702,5596771958663,0,0,0,0
rx,639,36,1,1,1787954019688243683,1787954019688130535,5596773051700,0,0,0,0
rx,640,37,1,1,1787954019690420146,1787954019689402183,5596775228163,0,0,0,0
tx,640,111,1,1,1787954019690427461,1787954019689402183,5596775235700,5596775263663,72,0,0
tx,640,120,1,1,1787954019700312091,1787954019689402183,5596785120330,5596785151126,72,0,0
tx,640,129,1,1,1787954019710111146,1787954019689402183,5596794919404,5596794944256,72,0,0
tx,640,139,1,1,1787954019720965739,1787954019689402183,5596805773997,5596805799830,72,0,0
tx,640,148,1,1,1787954019730721850,1787954019689402183,5596815530108,5596815553682,72,0,0
tx,640,157,1,1,1787954019740477591,1787954019689402183,5596825285830,5596825309219,72,0,0
tx,640,166,1,1,1787954019750242832,1787954019689402183,5596835051089,5596835079311,72,0,0
tx,640,175,1,1,1787954019760012387,1787954019689402183,5596844820626,5596844845515,72,0,0
tx,640,185,1,1,1787954019770856017,1787954019689402183,5596855664274,5596855687923,72,0,0
rx,641,38,1,1,1787954019779565665,1787954019778679720,5596864373663,0,0,0,0
tx,641,194,1,1,1787954019780656220,1787954019778679720,5596865464478,5596865499478,72,0,0
rx,642,39,1,1,1787954019781840980,1787954019780940072,5596866648978,0,0,0,0
rx,643,40,1,1,1787954019782931424,1787954019782033720,5596867739423,0,0,0,0
rx,644,41,1,1,1787954019784023480,1787954019783250461,5596868831478,0,0,0,0
rx,645,42,1,1,1787954019785115146,1787954019784537776,5596869923163,0,0,0,0
rx,646,43,1,1,1787954019786209961,1787954019785665387,5596871017978,0,0,0,0
tx,646,2,1,1,1787954019790540017,1787954019785665387,5596875348256,5596875374811,72,0,0
tx,646,11,1,1,1787954019800358720,1787954019785665387,5596885166960,5596885195274,72,0,0
tx,646,20,1,1,1787954019810151572,1787954019785665387,5596894959811,5596894984589,72,0,0
tx,646,30,1,1,1787954019820987906,1787954019785665387,5596905796163,5596905820552,72,0,0
tx,646,39,1,1,1787954019830741276,1787954019785665387,5596915549515,5596915572515,72,0,0
tx,646,48,1,1,1787954019840530609,1787954019785665387,5596925338867,5596925384848,72,0,0
tx,646,57,1,1,1787954019850320443,1787954019785665387,5596935128700,5596935156200,72,0,0
tx,646,66,1,1,1787954019860112424,1787954019785665387,5596944920663,5596944962052,72,0,0
tx,646,76,1,1,1787954019870967961,1787954019785665387,5596955776200,5596955800922,72,0,0
tx,646,85,1,1,1787954019880730091,1787954019785665387,5596965538348,5596965562663,72,0,0
rx,648,45,1,1,1787954019882958609,1787954019881949035,5596967766589,0,0,0,0
rx,649,46,1,1,1787954019885133257,1787954019884911887,5596969941256,0,0,0,0
rx,650,47,1,1,1787954019886224757,1787954019886071294,5596971032774,0,0,0,0
rx,651,48,1,1,1787954019887328498,1787954019887247720,5596972136515,0,0,0,0
rx,652,49,1,1,1787954019889504294,1787954019888730739,5596974312311,0,0,0,0
rx,653,50,1,1,1787954019890599572,1787954019889877924,5596975407571,0,0,0,0
tx,653,94,1,1,1787954019890606906,1787954019889877924,5596975415145,5596975442885,72,0,0
tx,653,103,1,1,1787954019900449869,1787954019889877924,5596985258126,5596985287460,72,0,0
tx,653,112,1,1,1787954019910244220,1787954019889877924,5596995052478,5596995078145,72,0,0
tx,653,121,1,1,1787954019920037406,1787954019889877924,5597004845663,5597004876552,72,0,0
tx,653,131,1,1,1787954019930998072,1787954019889877924,5597015806311,5597015836941,72,0,0
tx,653,140,1,1,1787954019940762665,1787954019889877924,5597025570922,5597025595163,72,0,0
tx,653,149,1,1,1787954019950525294,1787954019889877924,5597035333534,5597035363422,72,0,0
tx,653,158,1,1,1787954019960315646,1787954019889877924,5597045123904,5597045149311,72,0,0
tx,653,167,1,1,1787954019970100591,1787954019889877924,5597054908848,5597054932848,72,0,0
tx,653,177,1,1,1787954019980955869,1787954019889877924,5597065764126,5597065787793,72,0,0
rx,655,52,1,1,1787954019983149239,1787954019982122943,5597067957219,0,0,0,0
rx,656,53,1,1,1787954019984243183,1787954019983415313,5597069051200,0,0,0,0
rx,657,54,1,1,1787954019985334128,1787954019984660369,5597070142145,0,0,0,0
rx,658,55,1,1,1787954019986425813,1787954019985945609,5597071233811,0,0,0,0
rx,659,56,1,1,1787954019987521091,1787954019987418887,5597072329089,0,0,0,0
rx,660,57,1,1,1787954019988634350,1787954019988553202,5597073442348,0,0,0,0
rx,661,58,1,1,1787954019989789406,1787954019989717831,5597074597404,0,0,0,0
tx,661,186,1,1,1787954019990882035,1787954019989717831,5597075690293,5597075720478,72,0,0
tx,661,195,1,1,1787954020000726257,1787954019989717831,5597085534552,5597085563663,72,0,0
tx,661,3,1,1,1787954020010520609,1787954019989717831,5597095328867,5597095354552,72,0,0
tx,661,12,1,1,1787954020020301387,1787954019989717831,5597105109645,5597105135459,72,0,0
tx,661,21,1,1,1787954020030067313,1787954019989717831,5597114875552,5597114899330,72,0,0
tx,661,31,1,1,1787954020040903331,1787954019989717831,5597125711589,5597125735978,72,0,0
tx,661,40,1,1,1787954020050677424,1787954019989717831,5597135485663,5597135515367,72,0,0
tx,661,49,1,1,1787954020060438165,1787954019989717831,5597145246422,5597145271459,72,0,0
tx,661,58,1,1,1787954020070195294,1787954019989717831,5597155003533,5597155026700,72,0,0
tx,661,68,1,1,1787954020081027350,1787954019989717831,5597165835608,5597165859089,72,0,0
rx,662,59,1,1,1787954020086467091,1787954020086152924,5597171275089,0,0,0,0
rx,663,60,1,1,1787954020088641239,1787954020087913683,5597173449256,0,0,0,0
rx,664,61,1,1,1787954020089734387,1787954020089340239,5597174542385,0,0,0,0
rx,665,62,1,1,1787954020090834831,1787954020090556017,5597175642830,0,0,0,0
rx,666,63,1,1,1787954020091908313,1787954020091814961,5597176716311,0,0,0,0
tx,666,78,1,1,1787954020091916683,1787954020091814961,5597176725126,5597176758552,72,0,0
rx,667,64,1,1,1787954020094188591,1787954020093383109,5597178996589,0,0,0,0
tx,667,87,1,1,1787954020101768054,1787954020093383109,5597186576311,5597186603959,72,0,0
tx,667,96,1,1,1787954020111608628,1787954020093383109,5597196416904,5597196441811,72,0,0
tx,667,105,1,1,1787954020121399646,1787954020093383109,5597206207904,5597206234737,72,0,0
tx,667,114,1,1,1787954020131177980,1787954020093383109,5597215986219,5597216037793,72,0,0
tx,667,124,1,1,1787954020142076720,1787954020093383109,5597226884978,5597226911015,72,0,0
tx,667,134,1,1,1787954020153000368,1787954020093383109,5597237808663,5597237841237,72,0,0
tx,667,143,1,1,1787954020162825665,1787954020093383109,5597247633922,5597247661126,72,0,0
tx,667,152,1,1,1787954020172609461,1787954020093383109,5597257417700,5597257443533,72,0,0
tx,667,161,1,1,1787954020182418850,1787954020093383109,5597267227107,5597267252904,72,0,0
tx,667,170,1,1,1787954020192204146,1787954020093383109,5597277012385,5597277038552,72,0,0
tx,667,179,1,1,1787954020202018887,1787954020093383109,5597286827126,5597286877645,72,0,0
tx,667,189,1,1,1787954020213025276,1787954020093383109,5597297833515,5597297873589,72,0,0
tx,667,199,1,1,1787954020223924257,1787954020093383109,5597308732607,5597308771626,72,0,0
tx,667,7,1,1,1787954020233742757,1787954020093383109,5597318551015,5597318581089,72,0,0
tx,667,16,1,1,1787954020243578794,1787954020093383109,5597328387107,5597328418144,72,0,0
tx,667,25,1,1,1787954020253392054,1787954020093383109,5597338200293,5597338227496,72,0,0
tx,667,34,1,1,1787954020263176109,1787954020093383109,5597347984367,5597348035719,72,0,0
tx,667,44,1,1,1787954020274067591,1787954020093383109,5597358875848,5597358901478,72,0,0
tx,667,54,1,1,1787954020284937591,1787954020093383109,5597369745848,5597369773682,72,0,0
tx,667,63,1,1,1787954020294735239,1787954020093383109,5597379543607,5597379577033,72,0,0
tx,667,72,1,1,1787954020304524331,1787954020093383109,5597389332644,5597389358978,72,0,0
tx,667,81,1,1,1787954020314292331,1787954020093383109,5597399100867,5597399130422,72,0,0
tx,667,90,1,1,1787954020324050053,1787954020093383109,5597408858404,5597408880719,72,0,0
tx,667,100,1,1,1787954020334890239,1787954020093383109,5597419698478,5597419720626,72,0,0
tx,667,109,1,1,1787954020344633628,1787954020093383109,5597429441959,5597429468126,72,0,0
tx,667,118,1,1,1787954020354386016,1787954020093383109,5597439194256,5597439217015,72,0,0
tx,667,127,1,1,1787954020364125609,1787954020093383109,5597448933848,5597448957144,72,0,0
tx,667,137,1,1,1787954020374947794,1787954020093383109,5597459756033,5597459778700,72,0,0
tx,667,146,1,1,1787954020384688628,1787954020093383109,5597469496867,5597469518922,72,0,0
tx,667,155,1,1,1787954020394458424,1787954020093383109,5597479266663,5597479288218,72,0,0
tx,667,164,1,1,1787954020404206294,1787954020093383109,5597489014515,5597489040070,72,0,0
tx,667,174,1,1,1787954020415083220,1787954020093383109,5597499891663,5597499924922,72,0,0
tx,667,184,1,1,1787954020426009572,1787954020093383109,5597510817848,5597510847755,72,0,0
tx,667,193,1,1,1787954020435855109,1787954020093383109,5597520663367,5597520693644,72,0,0
tx,667,1,1,1,1787954020445694498,1787954020093383109,5597530502774,5597530535589,72,0,0
tx,667,10,1,1,1787954020455527627,1787954020093383109,5597540335904,5597540366700,72,0,0
tx,667,19,1,1,1787954020465387942,1787954020093383109,5597550196218,5597550227237,72,0,0
tx,667,28,1,1,1787954020475222220,1787954020093383109,5597560030496,5597560060237,72,0,0
tx,667,37,1,1,1787954020485086146,1787954020093383109,5597569894422,5597569924589,72,0,0
tx,667,47,1,1,1787954020495994646,1787954020093383109,5597580802922,5597580838885,72,0,0
tx,667,56,1,1,1787954020505843016,1787954020093383109,5597590651292,5597590681274,72,0,0
tx,667,65,1,1,1787954020515659664,1787954020093383109,5597600467904,5597600496126,72,0,0
tx,667,74,1,1,1787954020525558572,1787954020093383109,5597610366830,5597610392737,72,0,0
tx,667,83,1,1,1787954020535321942,1787954020093383109,5597620130181,5597620156478,72,0,0
tx,667,92,1,1,1787954020545117516,1787954020093383109,5597629925755,5597629956070,72,0,0
tx,667,102,1,1,1787954020555994942,1787954020093383109,5597640803181,5597640829607,72,0,0
tx,667,111,1,1,1787954020565782220,1787954020093383109,5597650590496,5597650616515,72,0,0
tx,667,120,1,1,1787954020575563813,1787954020093383109,5597660372070,5597660397459,72,0,0
tx,667,129,1,1,1787954020585347590,1787954020093383109,5597670155829,5597670182052,72,0,0
tx,667,138,1,1,1787954020595133461,1787954020093383109,5597679941700,5597679971329,72,0,0
tx,667,148,1,1,1787954020606047109,1787954020093383109,5597690855367,5597690881904,72,0,0
tx,667,158,1,1,1787954020616930701,1787954020093383109,5597701738959,5597701767070,72,0,0
tx,667,167,1,1,1787954020626723072,1787954020093383109,5597711531329,5597711557533,72,0,0
tx,667,176,1,1,1787954020636502479,1787954020093383109,5597721310718,5597721335385,72,0,0
tx,667,185,1,1,1787954020646293887,1787954020093383109,5597731102126,5597731133015,72,0,0
tx,667,194,1,1,1787954020656080738,1787954020093383109,5597740888978,5597740914070,72,0,0
tx,667,3,1,1,1787954020666939701,1787954020093383109,5597751747941,5597751772459,72,0,0
tx,667,12,1,1,1787954020676723516,1787954020093383109,5597761531755,5597761557885,72,0,0
tx,667,21,1,1,1787954020686514572,1787954020093383109,5597771322811,5597771348181,72,0,0
tx,667,30,1,1,1787954020696329609,1787954020093383109,5597781137885,5597781169922,72,0,0
tx,667,39,1,1,1787954020706119498,1787954020093383109,5597790927755,5597790954570,72,0,0
tx,667,49,1,1,1787954020717017238,1787954020093383109,5597801825496,5597801854496,72,0,0
tx,667,59,1,1,1787954020727908609,1787954020093383109,5597812716848,5597812742792,72,0,0
tx,667,68,1,1,1787954020737687146,1787954020093383109,5597822495385,5597822520700,72,0,0
tx,667,77,1,1,1787954020747478312,1787954020093383109,5597832286570,5597832317737,72,0,0
tx,667,86,1,1,1787954020757267701,1787954020093383109,5597842075959,5597842101903,72,0,0
tx,667,95,1,1,1787954020767049331,1787954020093383109,5597851857589,5597851883274,72,0,0
tx,667,105,1,1,1787954020777905664,1787954020093383109,5597862713922,5597862738903,72,0,0
tx,667,114,1,1,1787954020787680998,1787954020093383109,5597872489237,5597872514996,72,0,0
tx,667,123,1,1,1787954020797473664,1787954020093383109,5597882281922,5597882312163,72,0,0
tx,667,132,1,1,1787954020807240627,1787954020093383109,5597892048885,5597892075626,72,0,0
tx,667,141,1,1,1787954020817046387,1787954020093383109,5597901854644,5597901882385,72,0,0
tx,667,151,1,1,1787954020827877238,1787954020093383109,5597912685496,5597912710829,72,0,0
tx,667,160,1,1,1787954020837659294,1787954020093383109,5597922467533,5597922493515,72,0,0
tx,667,169,1,1,1787954020847479627,1787954020093383109,5597932287885,5597932315774,72,0,0
tx,667,178,1,1,1787954020857267683,1787954020093383109,5597942075977,5597942128348,72,0,0
tx,667,187,1,1,1787954020867100201,1787954020093383109,5597951908459,5597951942366,72,0,0
tx,667,197,1,1,1787954020877981331,1787954020093383109,5597962789589,5597962818366,72,0,0
tx,667,5,1,1,1787954020887790646,1787954020093383109,5597972598903,5597972628737,72,0,0
tx,667,14,1,1,1787954020897591590,1787954020093383109,5597982399866,5597982429107,72,0,0
tx,667,23,1,1,1787954020907381349,1787954020093383109,5597992189589,5597992215607,72,0,0
tx,667,32,1,1,1787954020917205331,1787954020093383109,5598002013570,5598002043311,72,0,0
tx,667,41,1,1,1787954020927047405,1787954020093383109,5598011855663,5598011882922,72,0,0
tx,667,51,1,1,1787954020937922294,1787954020093383109,5598022730533,5598022756663,72,0,0
tx,667,60,1,1,1787954020947712664,1787954020093383109,5598032521014,5598032551663,72,0,0
tx,667,69,1,1,1787954020957513683,1787954020093383109,5598042321922,5598042347663,72,0,0
tx,667,78,1,1,1787954020967331238,1787954020093383109,5598052139477,5598052166051,72,0,0
tx,667,87,1,1,1787954020977119905,1787954020093383109,5598061928144,5598061953663,72,0,0
tx,667,97,1,1,1787954020987999127,1787954020093383109,5598072807385,5598072832422,72,0,0
tx,667,106,1,1,1787954020997789923,1787954020093383109,5598082598163,5598082626088,72,0,0
tx,667,115,1,1,1787954021007585201,1787954020093383109,5598092393459,5598092420348,72,0,0
tx,667,124,1,1,1787954021017413646,1787954020093383109,5598102221885,5598102250959,72,0,0
tx,667,133,1,1,1787954021027238886,1787954020093383109,5598112047126,5598112073163,72,0,0
tx,667,142,1,1,1787954021037021664,1787954020093383109,5598121829922,5598121854385,72,0,0
tx,667,152,1,1,1787954021047898164,1787954020093383109,5598132706422,5598132736570,72,0,0
tx,667,161,1,1,1787954021057691238,1787954020093383109,5598142499477,5598142525681,72,0,0
tx,667,170,1,1,1787954021067507516,1787954020093383109,5598152315774,5598152342366,72,0,0
tx,667,179,1,1,1787954021077295683,1787954020093383109,5598162103940,5598162128959,72,0,0
tx,667,188,1,1,1787954021087073812,1787954020093383109,5598171882070,5598171908514,72,0,0
tx,667,198,1,1,1787954021097963460,1787954020093383109,5598182771718,5598182805125,72,0,0
tx,667,6,1,1,1787954021107774405,1787954020093383109,5598192582662,5598192608718,72,0,0
tx,667,15,1,1,1787954021117620109,1787954020093383109,5598202428366,5598202463088,72,0,0
tx,667,24,1,1,1787954021127498257,1787954020093383109,5598212306533,5598212337588,72,0,0
tx,667,33,1,1,1787954021137431220,1787954020093383109,5598222239588,5598222273607,72,0,0
tx,667,42,1,1,1787954021147275405,1787954020093383109,5598232083662,5598232116440,72,0,0
tx,667,51,1,1,1787954021157114627,1787954020093383109,5598241922885,5598241952385,72,0,0
tx,667,61,1,1,1787954021168045664,1787954020093383109,5598252853940,5598252883829,72,0,0
tx,667,71,1,1,1787954021179037220,1787954020093383109,5598263845496,5598263876625,72,0,0
tx,667,81,1,1,1787954021189934886,1787954020093383109,5598274743162,5598274776922,72,0,0
tx,667,90,1,1,1787954021199785497,1787954020093383109,5598284593774,5598284623922,72,0,0
tx,667,99,1,1,1787954021209588571,1787954020093383109,5598294396848,5598294427459,72,0,0
tx,667,108,1,1,1787954021219481923,1787954020093383109,5598304290181,5598304318551,72,0,0
tx,667,117,1,1,1787954021229264997,1787954020093383109,5598314073255,5598314098051,72,0,0
tx,667,126,1,1,1787954021239040090,1787954020093383109,5598323848329,5598323873514,72,0,0
tx,667,136,1,1,1787954021249891534,1787954020093383109,5598334699792,5598334728588,72,0,0
tx,667,145,1,1,1787954021259685053,1787954020093383109,5598344493311,5598344519385,72,0,0
tx,667,154,1,1,1787954021269475423,1787954020093383109,5598354283699,5598354309292,72,0,0
tx,667,163,1,1,1787954021279250683,1787954020093383109,5598364058922,5598364083718,72,0,0
tx,667,172,1,1,1787954021289046183,1787954020093383109,5598373854440,5598373880699,72,0,0
tx,667,182,1,1,1787954021299965145,1787954020093383109,5598384773385,5598384804440,72,0,0
tx,667,191,1,1,1787954021309747701,1787954020093383109,5598394555959,5598394581033,72,0,0
tx,667,200,1,1,1787954021319550849,1787954020093383109,5598404359107,5598404391051,72,0,0
tx,667,8,1,1,1787954021329348868,1787954020093383109,5598414157125,5598414183125,72,0,0
tx,667,17,1,1,1787954021339139997,1787954020093383109,5598423948255,5598423979477,72,0,0
tx,667,27,1,1,1787954021350011349,1787954020093383109,5598434819607,5598434846644,72,0,0
tx,667,37,1,1,1787954021360884479,1787954020093383109,5598445692718,5598445718755,72,0,0
tx,667,46,1,1,1787954021370665108,1787954020093383109,5598455473366,5598455499273,72,0,0
tx,667,55,1,1,1787954021380442886,1787954020093383109,5598465251144,5598465276199,72,0,0
tx,667,64,1,1,1787954021390230423,1787954020093383109,5598475038699,5598475067348,72,0,0
tx,667,73,1,1,1787954021400020257,1787954020093383109,5598484828496,5598484854588,72,0,0
tx,667,83,1,1,1787954021410885868,1787954020093383109,5598495694125,5598495719514,72,0,0
