[0mBatt=23.4 [0m[33mODOM [31mVisionX  +0.00 Y  +0.00 theta   +0.0 elt    0 [0mimu  -0.9 Dt 18018 LtCy 9009 integ.govd   +0.00   +0.00 integ.vbp +0.00 +0.00 omni.gos X     +0.0 ,Y     -0.1. omgD -0.004 omg  +0.00 loop   5129
[0mBatt=23.4 [0m[33mODOM [31mVisionX  +0.00 Y  +0.00 theta   +0.0 elt    0 [0mimu  -0.9 Dt 18034 LtCy 9017 integ.govd   +0.00   +0.00 integ.vbp +0.00 +0.00 omni.gos X     +0.0 ,Y     -0.2. omgD -0.013 omg  +0.00 loop   5148
[0mBatt=23.4 [0m[33mODOM [31mVisionX  +0.00 Y  +0.00 theta   +0.0 elt    0 [0mimu  -0.9 Dt 18050 LtCy 9025 integ.govd   +0.00   +0.00 integ.vbp +0.00 +0.00 omni.gos X     -0.0 ,Y     -0.1. omgD -0.006 omg  +0.00 loop   5157
[0mBatt=23.4 [0m[33mODOM [31mVisionX  +0.00 Y  +0.00 theta   +0.0 elt    0 [0mimu  -0.9 Dt 18066 LtCy 9033 integ.govd   +0.00   +0.00 integ.vbp +0.00 +0.00 omni.gos X     +0.0 ,Y     -0.1. omgD -0.006 omg  +0.00 loop   5101
[0mBatt=23.4 [0m[33mODOM [31mVisionX  +0.00 Y  +0.00 theta   +0.0 elt    0 [0mimu  -0.9 Dt 18082 LtCy 9041 integ.govd   +0.00   +0.00 integ.vbp +0.00 +0.00 omni.gos X     +0.0 ,Y     -0.1. omgD -0.006 omg  +0.00 loop   5152
[0mBatt=23.4 [0m[33mODOM [31mVisionX  +0.00 Y  +0.00 theta   +0.0 elt    0 [0mimu  -0.9 Dt 18098 LtCy 9049 integ.govd   +0.00   +0.00 integ.vbp +0.00 +0.00 omni.gos X     +0.0 ,Y     -0.1. omgD -0.011 omg  +0.00 loop   5146
[0mBatt=23.4 [0m[33mODOM [31mVisionX  +0.00 Y  +0.00 theta   +0.0 elt    0 [0mimu  -0.9 Dt 18114 LtCy 9057 integ.govd   +0.00   +0.00 integ.vbp +0.00 +0.00 omni.gos X     +0.0 ,Y     -0.1. omgD -0.004 omg  +0.00 loop   5116
[0mBatt=23.4 [0m[33mODOM [31mVisionX  +0.00 Y  +0.00 theta   +0.0 elt    0 [0mimu  -0.9 Dt 18130 LtCy 9065 integ.govd   +0.00   +0.00 integ.vbp +0.00 +0.00 omni.gos X     +0.0 ,Y     -0.1. omgD -0.006 omg  +0.00 loop   5146
[0mBatt=23.4 [0m[33mODOM [31mVisionX  +0.00 Y  +0.00 theta   +0.0 elt    0 [0mimu  -0.9 Dt 18146 LtCy 9073 integ.govd   +0.00   +0.00 integ.vbp +0.00 +0.00 omni.gos X     +0.0 ,Y     -0.1. omgD -0.006 omg  +0.00 loop   5152
[0mBatt=23.4 [0m[33mODOM [31mVisionX  +0.00 Y  +0.00 theta   +0.0 elt    0 [0mimu  -0.9 Dt 18162 LtCy 9081 integ.govd   +0.00   +0.00 integ.vbp +0.00 +0.00 omni.gos X     +0.0 ,Y     -0.0. omgD -0.002 omg  +0.00 loop   5141
[0mBatt=23.4 [0m[33mODOM [31mVisionX  +0.00 Y  +0.00 theta   +0.0 elt    0 [0mimu  -0.9 Dt 18178 LtCy 9089 integ.govd   +0.00   +0.00 integ.vbp +0.00 +0.00 omni.gos X     -0.0 ,Y     -0.1. omgD -0.011 omg  +0.00 loop   5121
[0mBatt=23.4 [0m[33mODOM [31mVisionX  +0.00 Y  +0.00 theta   +0.0 elt    0 [0mimu  -0.9 Dt 18194 LtCy 9097 integ.govd   +0.00   +0.00 integ.vbp +0.00 +0.00 omni.gos X     +0.0 ,Y     -0.1. omgD -0.004 omg  +0.00 loop   5148
[0mBatt=23.4 [0m[33mODOM [31mVisionX  +0.00 Y  +0.00 theta   +0.0 elt    0 [0mimu  -0.9 Dt 18210 LtCy 9105 integ.govd   +0.00   +0.00 integ.vbp +0.00 +0.00 omni.gos X     +0.0 ,Y     -0.0. omgD -0.002 omg  +0.00 loop   5143
[0mBatt=23.4 [0m[33mODOM [31mVisionX  +0.00 Y  +0.00 theta   +0.0 elt    0 [0mimu  -0.9 Dt 18226 LtCy 9113 integ.govd   +0.00   +0.00 integ.vbp +0.00 +0.00 omni.gos X     +0.0 ,Y     -0.1. omgD -0.004 omg  +0.00 loop   5123
[0mBatt=23.4 [0m[33mODOM [31mVisionX  +0.00 Y  +0.00 theta   +0.0 elt    0 [0mimu  -0.9 Dt 18242 LtCy 9121 integ.govd   +0.00   +0.00 integ.vbp +0.00 +0.00 omni.gos X     +0.0 ,Y     -0.2. omgD -0.015 omg  +0.00 loop   5159
[0mBatt=23.4 [0m[33mODOM [31mVisionX  +0.00 Y  +0.00 theta   +0.0 elt    0 [0mimu  -0.9 Dt 18258 LtCy 9129 integ.govd   +0.00   +0.00 integ.vbp +0.00 +0.00 omni.gos X     +0.0 ,Y     -0.1. omgD -0.011 omg  +0.00 loop   5152
[0mBatt=23.4 [0m[33mODOM [31mVisionX  +0.00 Y  +0.00 theta   +0.0 elt    0 [0mimu  -0.9 Dt 18274 LtCy 9137 integ.govd   +0.00   +0.00 integ.vbp +0.00 +0.00 omni.gos X     -0.0 ,Y     -0.1. omgD -0.006 omg  +0.00 loop   5135
[0mBatt=23.4 [0m[33mODOM [31mVisionX  +0.00 Y  +0.00 theta   +0.0 elt    0 [0mimu  -0.9 Dt 18290 LtCy 9145 integ.govd   +0.00   +0.00 integ.vbp +0.00 +0.00 omni.gos X     +0.0 ,Y     -0.0. omgD -0.002 omg  +0.00 loop   5139
[0mBatt=23.4 [0m[33mODOM [31mVisionX  +0.00 Y  +0.00 theta   +0.0 elt    0 [0mimu  -0.9 Dt 18306 LtCy 9153 integ.govd   +0.00   +0.00 integ.vbp +0.00 +0.00 omni.gos X     +0.0 ,Y     -0.1. omgD -0.011 omg  +0.00 loop   5166
[0mBatt=23.4 [0m[33mODOM [31mVisionX  +0.00 Y  +0.00 theta   +0.0 elt    0 [0mimu  -0.9 Dt 18322 LtCy 9161 integ.govd   +0.00   +0.00 integ.vbp +0.00 +0.00 omni.gos X     -0.0 ,Y     -0.1. omgD -0.011 omg  +0.00 loop   5123
[0mBatt=23.4 [0m[33mODOM [31mVisionX  +0.00 Y  +0.00 theta   +0.0 elt    0 [0mimu  -0.9 Dt 18338 LtCy 9169 integ.govd   +0.00   +0.00 integ.vbp +0.00 +0.00 omni.gos X     +0.0 ,Y     -0.0. omgD -0.002 omg  +0.00 loop   5133
[0mBatt=23.4 [0m[33mODOM [31mVisionX  +0.00 Y  +0.00 theta   +0.0 elt    0 [0mimu  -0.9 Dt 18354 LtCy 9177 integ.govd   +0.00   +0.00 integ.vbp +0.00 +0.00 omni.gos X     +0.0 ,Y     +0.0. omgD +0.000 omg  +0.00 loop   5161
[0mBatt=23.4 [0m[33mODOM [31mVisionX  +0.00 Y  +0.00 theta   +0.0 elt    0 [0mimu  -0.9 Dt 18370 LtCy 9185 integ.govd   +0.00   +0.00 integ.vbp +0.00 +0.00 omni.gos X     +0.0 ,Y     -0.1. omgD -0.006 omg  +0.00 loop   5147
[0mBatt=23.4 [0m[33mODOM [31mVisionX  +0.00 Y  +0.00 theta   +0.0 elt    0 [0mimu  -0.9 Dt 18386 LtCy 9193 integ.govd   +0.00   +0.00 integ.vbp +0.00 +0.00 omni.gos X     -0.0 ,Y     -0.1. omgD -0.011 omg  +0.00 loop   5154
[0mBatt=23.4 [0m[33mODOM [31mVisionX  +0.00 Y  +0.00 theta   +0.0 elt    0 [0mimu  -0.9 Dt 18402 LtCy 9201 integ.govd   +0.00   +0.00 integ.vbp +0.00 +0.00 omni.gos X     +0.0 ,Y     -0.1. omgD -0.008 omg  +0.00 loop   5152
[0mBatt=23.4 [0m[33mODOM [31mVisionX  +0.00 Y  +0.00 theta   +0.0 elt    0 [0mimu  -0.9 Dt 18418 LtCy 9209 integ.govd   +0.00   +0.00 integ.vbp +0.00 +0.00 omni.gos X     +0.0 ,Y     +0.0. omgD +0.000 omg  +0.00 loop   5131
[0mBatt=23.4 [0m[33mODOM [31mVisionX  +0.00 Y  +0.00 theta   +0.0 elt    0 [0mimu  -0.9 Dt 18434 LtCy 9217 integ.govd   +0.00   +0.00 integ.vbp +0.00 +0.00 omni.gos X     +0.0 ,Y     -0.2. omgD -0.013 omg  +0.00 loop   5127
[0mBatt=23.4 [0m[33mODOM [31mVisionX  +0.00 Y  +0.00 theta   +0.0 elt    0 [0mimu  -0.9 Dt 18450 LtCy 9225 integ.govd   +0.00   +0.00 integ.vbp +0.00 +0.00 omni.gos X     +0.0 ,Y     -0.2. omgD -0.013 omg  +0.00 loop   5151
[0mBatt=23.4 [0m[33mODOM [31mVisionX  +0.00 Y  +0.00 theta   +0.0 elt    0 [0mimu  -0.9 Dt 18466 LtCy 9233 integ.govd   +0.00   +0.00 integ.vbp +0.00 +0.00 omni.gos X     -0.0 ,Y     -0.2. omgD -0.017 omg  +0.00 loop   5153
[0mBatt=23.4 [0m[33mODOM [31mVisionX  +0.00 Y  +0.00 theta   +0.0 elt    0 [0mimu  -0.9 Dt 18482 LtCy 9241 integ.govd   +0.00   +0.00 integ.vbp +0.00 +0.00 omni.gos X     +0.0 ,Y     -0.2. omgD -0.013 omg  +0.00 loop   5115
[0mBatt=23.4 [0m[33mODOM [31mVisionX  +0.00 Y  +0.00 theta   +0.0 elt    0 [0mimu  -0.9 Dt 18498 LtCy 9249 integ.govd   +0.00   +0.00 integ.vbp +0.00 +0.00 omni.gos X     -0.0 ,Y     -0.1. omgD -0.008 omg  +0.00 loop   5143
[0mBatt=23.4 [0m[33mODOM [31mVisionX  +0.00 Y  +0.00 theta   +0.0 elt    0 [0mimu  -0.9 Dt 18514 LtCy 9257 integ.govd   +0.00   +0.00 integ.vbp +0.00 +0.00 omni.gos X     -0.0 ,Y     -0.2. omgD -0.013 omg  +0.00 loop   5143
[0mBatt=23.4 [0m[33mODOM [31mVisionX  +0.00 Y  +0.00 theta   +0.0 elt    0 [0mimu  -0.9 Dt 18530 LtCy 9265 integ.govd   +0.00   +0.00 integ.vbp +0.00 +0.00 omni.gos X     -0.0 ,Y     -0.1. omgD -0.008 omg  +0.00 loop   5130
[0mBatt=23.4 [0m[33mODOM [31mVisionX  +0.00 Y  +0.00 theta   +0.0 elt    0 [0mimu  -0.9 Dt 18546 LtCy 9273 integ.govd   +0.00   +0.00 integ.vbp +0.00 +0.00 omni.gos X     +0.0 ,Y     -0.2. omgD -0.013 omg  +0.00 loop   5117
[0mBatt=23.4 [0m[33mODOM [31mVisionX  +0.00 Y  +0.00 theta   +0.0 elt    0 [0mimu  -0.9 Dt 18562 LtCy 9281 integ.govd   +0.00   +0.00 integ.vbp +0.00 +0.00 omni.gos X     +0.0 ,Y     -0.1. omgD -0.004 omg  +0.00 loop   5156
[0mBatt=23.4 [0m[33mODOM [31mVisionX  +0.00 Y  +0.00 theta   +0.0 elt    0 [0mimu  -0.9 Dt 18578 LtCy 9289 integ.govd   +0.00   +0.00 integ.vbp +0.00 +0.00 omni.gos X     +0.0 ,Y     -0.1. omgD -0.004 omg  +0.00 loop   5138
[0mBatt=23.4 [0m[33mODOM [31mVisionX  +0.00 Y  +0.00 theta   +0.0 elt    0 [0mimu  -0.9 Dt 18594 LtCy 9297 integ.govd   +0.00   +0.00 integ.vbp +0.00 +0.00 omni.gos X     +0.0 ,Y     -0.1. omgD -0.004 omg  +0.00 loop   5119
[0mBatt=23.4 [0m[33mODOM [31mVisionX  +0.00 Y  +0.00 theta   +0.0 elt    0 [0mimu  -0.9 Dt 18610 LtCy 9305 integ.govd   +0.00   +0.00 integ.vbp +0.00 +0.00 omni.gos X     +0.0 ,Y     +0.0. omgD +0.000 omg  +0.00 loop   5150
[0mBatt=23.4 [0m[33mODOM [31mVisionX  +0.00 Y  +0.00 theta   +0.0 elt    0 [0mimu  -0.9 Dt 18626 LtCy 9313 integ.govd   +0.00   +0.00 integ.vbp +0.00 +0.00 omni.gos X     -0.0 ,Y     -0.1. omgD -0.008 omg  +0.00 loop   5162
[0mBatt=23.4 [0m[33mODOM [31mVisionX  +0.00 Y  +0.00 theta   +0.0 elt    0 [0mimu  -0.9 Dt 18642 LtCy 9321 integ.govd   +0.00   +0.00 integ.vbp +0.00 +0.00 omni.gos X     +0.0 ,Y     -0.1. omgD -0.008 omg  +0.00 loop   5110
[0mBatt=23.4 [0m[33mODOM [31mVisionX  +0.00 Y  +0.00 theta   +0.0 elt    0 [0mimu  -0.9 Dt 18658 LtCy 9329 integ.govd   +0.00   +0.00 integ.vbp +0.00 +0.00 omni.gos X     +0.0 ,Y     -0.1. omgD -0.004 omg  +0.00 loop   5144
[0mBatt=23.4 [0m[33mODOM [31mVisionX  +0.00 Y  +0.00 theta   +0.0 elt    0 [0mimu  -0.9 Dt 18674 LtCy 9337 integ.govd   +0.00   +0.00 integ.vbp +0.00 +0.00 omni.gos X     +0.0 ,Y     -0.1. omgD -0.008 omg  +0.00 loop   5157
[0mBatt=23.4 [0m[33mODOM [31mVisionX  +0.00 Y  +0.00 theta   +0.0 elt    0 [0mimu  -0.9 Dt 18690 LtCy 9345 integ.govd   +0.00   +0.00 integ.vbp +0.00 +0.00 omni.gos X     -0.0 ,Y     -0.1. omgD -0.008 omg  +0.00 loop   5119
[0mBatt=23.4 [0m[33mODOM [31mVisionX  +0.00 Y  +0.00 theta   +0.0 elt    0 [0mimu  -0.9 Dt 18706 LtCy 9353 integ.govd   +0.00   +0.00 integ.vbp +0.00 +0.00 omni.gos X     +0.0 ,Y     -0.1. omgD -0.004 omg  +0.00 loop   5132
[0mBatt=23.4 [0m[33mODOM [31mVisionX  +0.00 Y  +0.00 theta   +0.0 elt    0 [0mimu  -0.9 Dt 18722 LtCy 9361 integ.govd   +0.00   +0.00 integ.vbp +0.00 +0.00 omni.gos X     -0.0 ,Y     -0.1. omgD -0.008 omg  +0.00 loop   5154
[0mBatt=23.4 [0m[33mODOM [31mVisionX  +0.00 Y  +0.00 theta   +0.0 elt    0 [0mimu  -0.9 Dt 18738 LtCy 9369 integ.govd   +0.00   +0.00 integ.vbp +0.00 +0.00 omni.gos X     +0.0 ,Y     -0.1. omgD -0.004 omg  +0.00 loop   5119
[0mBatt=23.4 [0m[33mODOM [31mVisionX  +0.00 Y  +0.00 theta   +0.0 elt    0 [0mimu  -0.9 Dt 18754 LtCy 9377 integ.govd   +0.00   +0.00 integ.vbp +0.00 +0.00 omni.gos X     +0.0 ,Y     -0.1. omgD -0.008 omg  +0.00 loop   5138
[0mBatt=23.4 [0m[33mODOM [31mVisionX  +0.00 Y  +0.00 theta   +0.0 elt    0 [0mimu  -0.9 Dt 18770 LtCy 9385 integ.govd   +0.00   +0.00 integ.vbp +0.00 +0.00 omni.gos X     +0.0 ,Y     +0.0. omgD +0.000 omg  +0.00 loop   5145
[0mBatt=23.4 [0m[33mODOM [31mVisionX  +0.00 Y  +0.00 theta   +0.0 elt    0 [0mimu  -0.9 Dt 18786 LtCy 9393 integ.govd   +0.00   +0.00 integ.vbp +0.00 +0.00 omni.gos X     +0.0 ,Y     -0.1. omgD -0.008 omg  +0.00 loop   5162
[0mBatt=23.4 [0m[33mODOM [31mVisionX  +0.00 Y  +0.00 theta   +0.0 elt    0 [0mimu  -0.9 Dt 18802 LtCy 9401 integ.govd   +0.00   +0.00 integ.vbp +0.00 +0.00 omni.gos X     +0.0 ,Y     -0.1. omgD -0.004 omg  +0.00 loop   5114
[0mBatt=23.4 [0m[33mODOM [31mVisionX  +0.00 Y  +0.00 theta   +0.0 elt    0 [0mimu  -0.9 Dt 18818 LtCy 9409 integ.govd   +0.00   +0.00 integ.vbp +0.00 +0.00 omni.gos X     +0.0 ,Y     -0.1. omgD -0.004 omg  +0.00 loop   5150
[0mBatt=23.4 [0m[33mODOM [31mVisionX  +0.00 Y  +0.00 theta   +0.0 elt    0 [0mimu  -0.9 Dt 18834 LtCy 9417 integ.govd   +0.00   +0.00 integ.vbp +0.00 +0.00 omni.gos X     +0.0 ,Y     -0.1. omgD -0.004 omg  +0.00 loop   5152
[0mBatt=23.4 [0m[33mODOM [31mVisionX  +0.00 Y  +0.00 theta   +0.0 elt    0 [0mimu  -0.9 Dt 18850 LtCy 9425 integ.govd   +0.00   +0.00 integ.vbp +0.00 +0.00 omni.gos X     +0.0 ,Y     -0.1. omgD -0.004 omg  +0.00 loop   5121
[0mBatt=23.4 [0m[33mODOM [31mVisionX  +0.00 Y  +0.00 theta   +0.0 elt    0 [0mimu  -0.9 Dt 18866 LtCy 9433 integ.govd   +0.00   +0.00 integ.vbp +0.00 +0.00 omni.gos X     +0.0 ,Y     -0.1. omgD -0.004 omg  +0.00 loop   5144
[0mBatt=23.4 [0m[33mODOM [31mVisionX  +0.00 Y  +0.00 theta   +0.0 elt    0 [0mimu  -0.9 Dt 18882 LtCy 9441 integ.govd   +0.00   +0.00 integ.vbp +0.00 +0.00 omni.gos X     +0.0 ,Y     -0.1. omgD -0.004 omg  +0.00 loop   5152
[0mBatt=23.4 [0m[33mODOM [31mVisionX  +0.00 Y  +0.00 theta   +0.0 elt    0 [0mimu  -0.9 Dt 18898 LtCy 9449 integ.govd   +0.00   +0.00 integ.vbp +0.00 +0.00 omni.gos X     +0.0 ,Y     -0.1. omgD -0.008 omg  +0.00 loop   5124
[0mBatt=23.4 [0m[33mODOM [31mVisionX  +0.00 Y  +0.00 theta   +0.0 elt    0 [0mimu  -0.9 Dt 18914 LtCy 9457 integ.govd   +0.00   +0.00 integ.vbp +0.00 +0.00 omni.gos X     +0.0 ,Y     -0.1. omgD -0.004 omg  +0.00 loop   5136
[0mBatt=23.4 [0m[33mODOM [31mVisionX  +0.00 Y  +0.00 theta   +0.0 elt    0 [0mimu  -0.9 Dt 18930 LtCy 9465 integ.govd   +0.00   +0.00 integ.vbp +0.00 +0.00 omni.gos X     +0.0 ,Y     -0.2. omgD -0.013 omg  +0.00 loop   5158
[0mBatt=23.4 [0m[33mODOM [31mVisionX  +0.00 Y  +0.00 theta   +0.0 elt    0 [0mimu  -0.9 Dt 18946 LtCy 9473 integ.govd   +0.00   +0.00 integ.vbp +0.00 +0.00 omni.gos X     -0.0 ,Y     -0.1. omgD -0.008 omg  +0.00 loop   5140
[0mBatt=23.4 [0m[33mODOM [31mVisionX  +0.00 Y  +0.00 theta   +0.0 elt    0 [0mimu  -0.9 Dt 18962 LtCy 9481 integ.govd   +0.00   +0.00 integ.vbp +0.00 +0.00 omni.gos X     +0.0 ,Y     -0.1. omgD -0.004 omg  +0.00 loop   5112
[0mBatt=23.4 [0m[33mODOM [31mVisionX  +0.00 Y  +0.00 theta   +0.0 elt    0 [0mimu  -0.9 Dt 18978 LtCy 9489 integ.govd   +0.00   +0.00 integ.vbp +0.00 +0.00 omni.gos X     +0.0 ,Y     -0.1. omgD -0.004 omg  +0.00 loop   5153
[0mBatt=23.4 [0m[33mODOM [31mVisionX  +0.00 Y  +0.00 theta   +0.0 elt    0 [0mimu  -0.9 Dt 18994 LtCy 9497 integ.govd   +0.00   +0.00 integ.vbp +0.00 +0.00 omni.gos X     +0.0 ,Y     -0.1. omgD -0.004 omg  +0.00 loop   5145
[0mBatt=23.4 [0m[33mODOM [31mVisionX  +0.00 Y  +0.00 theta   +0.0 elt    0 [0mimu  -0.9 Dt 19002 LtCy 9501 integ.govd   +0.00   +0.00 integ.vbp +0.00 +0.00 omni.gos X     -0.0 ,Y     -0.1. omgD -0.008 omg  +0.00 loop   2466
[0mBatt=23.4 [0m[33mODOM [31mVisionX  +0.00 Y  +0.00 theta   +0.0 elt    0 [0mimu  -0.9 Dt 19018 LtCy 9509 integ.govd   +0.00   +0.00 integ.vbp +0.00 +0.00 omni.gos X     -0.0 ,Y     -0.2. omgD -0.013 omg  +0.00 loop   5123
[0mBatt=23.4 [0m[33mODOM [31mVisionX  +0.00 Y  +0.00 theta   +0.0 elt    0 [0mimu  -0.9 Dt 19034 LtCy 9517 integ.govd   +0.00   +0.00 integ.vbp +0.00 +0.00 omni.gos X     +0.0 ,Y     -0.1. omgD -0.004 omg  +0.00 loop   5139
[0mBatt=23.4 [0m[33mODOM [31mVisionX  +0.00 Y  +0.00 theta   +0.0 elt    0 [0mimu  -0.9 Dt 19050 LtCy 9525 integ.govd   +0.00   +0.00 integ.vbp +0.00 +0.00 omni.gos X     +0.0 ,Y     +0.0. omgD +0.000 omg  +0.00 loop   5148
[0mBatt=23.4 [0m[33mODOM [31mVisionX  +0.00 Y  +0.00 theta   +0.0 elt    0 [0mimu  -0.9 Dt 19066 LtCy 9533 integ.govd   +0.00   +0.00 integ.vbp +0.00 +0.00 omni.gos X     +0.0 ,Y     +0.1. omgD +0.004 omg  +0.00 loop   5122
[0mBatt=23.4 [0m[33mODOM [31mVisionX  +0.00 Y  +0.00 theta   +0.0 elt    0 [0mimu  -0.9 Dt 19082 LtCy 9541 integ.govd   +0.00   +0.00 integ.vbp +0.00 +0.00 omni.gos X     +0.0 ,Y     -0.1. omgD -0.008 omg  +0.00 loop   5156
[0mBatt=23.4 [0m[33mODOM [31mVisionX  +0.00 Y  +0.00 theta   +0.0 elt    0 [0mimu  -0.9 Dt 19098 LtCy 9549 integ.govd   +0.00   +0.00 integ.vbp +0.00 +0.00 omni.gos X     +0.0 ,Y     -0.1. omgD -0.004 omg  +0.00 loop   5145
[0mBatt=23.4 [0m[33mODOM [31mVisionX  +0.00 Y  +0.00 theta   +0.0 elt    0 [0mimu  -0.9 Dt 19114 LtCy 9557 integ.govd   +0.00   +0.00 integ.vbp +0.00 +0.00 omni.gos X     +0.0 ,Y     -0.1. omgD -0.004 omg  +0.00 loop   5113
[0mBatt=23.4 [0m[33mODOM [31mVisionX  +0.00 Y  +0.00 theta   +0.0 elt    0 [0mimu  -0.9 Dt 19130 LtCy 9565 integ.govd   +0.00   +0.00 integ.vbp +0.00 +0.00 omni.gos X     +0.0 ,Y     -0.1. omgD -0.008 omg  +0.00 loop   5149
[0mBatt=23.4 [0m[33mODOM [31mVisionX  +0.00 Y  +0.00 theta   +0.0 elt    0 [0mimu  -0.9 Dt 19146 LtCy 9573 integ.govd   +0.00   +0.00 integ.vbp +0.00 +0.00 omni.gos X     +0.0 ,Y     -0.3. omgD -0.021 omg  +0.00 loop   5151
[0mBatt=23.4 [0m[33mODOM [31mVisionX  +0.00 Y  +0.00 theta   +0.0 elt    0 [0mimu  -0.9 Dt 19162 LtCy 9581 integ.govd   +0.00   +0.00 integ.vbp +0.00 +0.00 omni.gos X     +0.0 ,Y     -0.1. omgD -0.004 omg  +0.00 loop   5126
[0mBatt=23.4 [0m[33mODOM [31mVisionX  +0.00 Y  +0.00 theta   +0.0 elt    0 [0mimu  -0.9 Dt 19178 LtCy 9589 integ.govd   +0.00   +0.00 integ.vbp +0.00 +0.00 omni.gos X     +0.0 ,Y     -0.1. omgD -0.004 omg  +0.00 loop   5131
[0mBatt=23.4 [0m[33mODOM [31mVisionX  +0.00 Y  +0.00 theta   +0.0 elt    0 [0mimu  -0.9 Dt 19194 LtCy 9597 integ.govd   +0.00   +0.00 integ.vbp +0.00 +0.00 omni.gos X     +0.0 ,Y     -0.1. omgD -0.004 omg  +0.00 loop   5158
[0mBatt=23.4 [0m[33mODOM [31mVisionX  +0.00 Y  +0.00 theta   +0.0 elt    0 [0mimu  -0.9 Dt 19210 LtCy 9605 integ.govd   +0.00   +0.00 integ.vbp +0.00 +0.00 omni.gos X     +0.0 ,Y     -0.1. omgD -0.008 omg  +0.00 loop   5123
[0mBatt=23.4 [0m[33mODOM [31mVisionX  +0.00 Y  +0.00 theta   +0.0 elt    0 [0mimu  -0.9 Dt 19226 LtCy 9613 integ.govd   +0.00   +0.00 integ.vbp +0.00 +0.00 omni.gos X     +0.0 ,Y     +0.0. omgD +0.000 omg  +0.00 loop   5135
[0mBatt=23.4 [0m[33mODOM [31mVisionX  +0.00 Y  +0.00 theta   +0.0 elt    0 [0mimu  -0.9 Dt 19242 LtCy 9621 integ.govd   +0.00   +0.00 integ.vbp +0.00 +0.00 omni.gos X     +0.0 ,Y     -0.1. omgD -0.008 omg  +0.00 loop   5148
[0mBatt=23.4 [0m[33mODOM [31mVisionX  +0.00 Y  +0.00 theta   +0.0 elt    0 [0mimu  -0.9 Dt 19258 LtCy 9629 integ.govd   +0.00   +0.00 integ.vbp +0.00 +0.00 omni.gos X     -0.0 ,Y     -0.1. omgD -0.004 omg  +0.00 loop   5138
[0mBatt=23.4 [0m[33mODOM [31mVisionX  +0.00 Y  +0.00 theta   +0.0 elt    0 [0mimu  -0.9 Dt 19274 LtCy 9637 integ.govd   +0.00   +0.00 integ.vbp +0.00 +0.00 omni.gos X     +0.0 ,Y     -0.1. omgD -0.004 omg  +0.00 loop   5117
[0mBatt=23.4 [0m[33mODOM [31mVisionX  +0.00 Y  +0.00 theta   +0.0 elt    0 [0mimu  -0.9 Dt 19290 LtCy 9645 integ.govd   +0.00   +0.00 integ.vbp +0.00 +0.00 omni.gos X     -0.0 ,Y     -0.1. omgD -0.004 omg  +0.00 loop   5140
[0mBatt=23.4 [0m[33mODOM [31mVisionX  +0.00 Y  +0.00 theta   +0.0 elt    0 [0mimu  -0.9 Dt 19306 LtCy 9653 integ.govd   +0.00   +0.00 integ.vbp +0.00 +0.00 omni.gos X     +0.0 ,Y     -0.2. omgD -0.017 omg  +0.00 loop   5150
[0mBatt=23.4 [0m[33mODOM [31mVisionX  +0.00 Y  +0.00 theta   +0.0 elt    0 [0mimu  -0.9 Dt 19322 LtCy 9661 integ.govd   +0.00   +0.00 integ.vbp +0.00 +0.00 omni.gos X     +0.0 ,Y     -0.2. omgD -0.013 omg  +0.00 loop   5110
[0mBatt=23.4 [0m[33mODOM [31mVisionX  +0.00 Y  +0.00 theta   +0.0 elt    0 [0mimu  -0.9 Dt 19338 LtCy 9669 integ.govd   +0.00   +0.00 integ.vbp +0.00 +0.00 omni.gos X     -0.0 ,Y     -0.1. omgD -0.004 omg  +0.00 loop   5140
[0mBatt=23.4 [0m[33mODOM [31mVisionX  +0.00 Y  +0.00 theta   +0.0 elt    0 [0mimu  -0.9 Dt 19354 LtCy 9677 integ.govd   +0.00   +0.00 integ.vbp +0.00 +0.00 omni.gos X     -0.0 ,Y     -0.1. omgD -0.008 omg  +0.00 loop   5145
[0mBatt=23.4 [0m[33mODOM [31mVisionX  +0.00 Y  +0.00 theta   +0.0 elt    0 [0mimu  -0.9 Dt 19370 LtCy 9685 integ.govd   +0.00   +0.00 integ.vbp +0.00 +0.00 omni.gos X     +0.0 ,Y     -0.1. omgD -0.008 omg  +0.00 loop   5123
[0mBatt=23.4 [0m[33mODOM [31mVisionX  +0.00 Y  +0.00 theta   +0.0 elt    0 [0mimu  -0.9 Dt 19386 LtCy 9693 integ.govd   +0.00   +0.00 integ.vbp +0.00 +0.00 omni.gos X     +0.0 ,Y     -0.1. omgD -0.004 omg  +0.00 loop   5135
[0mBatt=23.4 [0m[33mODOM [31mVisionX  +0.00 Y  +0.00 theta   +0.0 elt    0 [0mimu  -0.9 Dt 19402 LtCy 9701 integ.govd   +0.00   +0.00 integ.vbp +0.00 +0.00 omni.gos X     +0.0 ,Y     -0.1. omgD -0.008 omg  +0.00 loop   5149
[0mBatt=23.4 [0m[33mODOM [31mVisionX  +0.00 Y  +0.00 theta   +0.0 elt    0 [0mimu  -0.9 Dt 19418 LtCy 9709 integ.govd   +0.00   +0.00 integ.vbp +0.00 +0.00 omni.gos X     +0.0 ,Y     -0.1. omgD -0.008 omg  +0.00 loop   5143
[0mBatt=23.4 [0m[33mODOM [31mVisionX  +0.00 Y  +0.00 theta   +0.0 elt    0 [0mimu  -0.9 Dt 19434 LtCy 9717 integ.govd   +0.00   +0.00 integ.vbp +0.00 +0.00 omni.gos X     +0.0 ,Y     -0.1. omgD -0.004 omg  +0.00 loop   5118
[0mBatt=23.4 [0m[33mODOM [31mVisionX  +0.00 Y  +0.00 theta   +0.0 elt    0 [0mimu  -0.9 Dt 19450 LtCy 9725 integ.govd   +0.00   +0.00 integ.vbp +0.00 +0.00 omni.gos X     +0.0 ,Y     -0.1. omgD -0.004 omg  +0.00 loop   5147
[0mBatt=23.4 [0m[33mODOM [31mVisionX  +0.00 Y  +0.00 theta   +0.0 elt    0 [0mimu  -0.9 Dt 19466 LtCy 9733 integ.govd   +0.00   +0.00 integ.vbp +0.00 +0.00 omni.gos X     +0.0 ,Y     -0.2. omgD -0.013 omg  +0.00 loop   5147
[0mBatt=23.4 [0m[33mODOM [31mVisionX  +0.00 Y  +0.00 theta   +0.0 elt    0 [0mimu  -0.9 Dt 19482 LtCy 9741 integ.govd   +0.00   +0.00 integ.vbp +0.00 +0.00 omni.gos X     +0.0 ,Y     +0.0. omgD +0.000 omg  +0.00 loop   5111
[0mBatt=23.4 [0m[33mODOM [31mVisionX  +0.00 Y  +0.00 theta   +0.0 elt    0 [0mimu  -0.9 Dt 19498 LtCy 9749 integ.govd   +0.00   +0.00 integ.vbp +0.00 +0.00 omni.gos X     +0.0 ,Y     -0.0. omgD -0.002 omg  +0.00 loop   5157
[0mBatt=23.5 [0m[33mODOM [31mVisionX  +0.00 Y  +0.00 theta   +0.0 elt    0 [0mimu  -0.9 Dt 19514 LtCy 9757 integ.govd   +0.00   +0.00 integ.vbp +0.00 +0.00 omni.gos X     +0.0 ,Y     -0.0. omgD -0.002 omg  +0.00 loop   5148
[0mBatt=23.5 [0m[33mODOM [31mVisionX  +0.00 Y  +0.00 theta   +0.0 elt    0 [0mimu  -0.9 Dt 19530 LtCy 9765 integ.govd   +0.00   +0.00 integ.vbp +0.00 +0.00 omni.gos X     +0.0 ,Y     +0.1. omgD +0.004 omg  +0.00 loop   5117
[0mBatt=23.4 [0m[33mODOM [31mVisionX  +0.00 Y  +0.00 theta   +0.0 elt    0 [0mimu  -0.9 Dt 19546 LtCy 9773 integ.govd   +0.00   +0.00 integ.vbp +0.00 +0.00 omni.gos X     -0.0 ,Y     -0.1. omgD -0.008 omg  +0.00 loop   5138
[0mBatt=23.4 [0m[33mODOM [31mVisionX  +0.00 Y  +0.00 theta   +0.0 elt    0 [0mimu  -0.9 Dt 19562 LtCy 9781 integ.govd   +0.00   +0.00 integ.vbp +0.00 +0.00 omni.gos X     -0.0 ,Y     -0.1. omgD -0.008 omg  +0.00 loop   5149
[0mBatt=23.4 [0m[33mODOM [31mVisionX  +0.00 Y  +0.00 theta   +0.0 elt    0 [0mimu  -0.9 Dt 19578 LtCy 9789 integ.govd   +0.00   +0.00 integ.vbp +0.00 +0.00 omni.gos X     +0.0 ,Y     -0.1. omgD -0.004 omg  +0.00 loop   5119
[0mBatt=23.4 [0m[33mODOM [31mVisionX  +0.00 Y  +0.00 theta   +0.0 elt    0 [0mimu  -0.9 Dt 19594 LtCy 9797 integ.govd   +0.00   +0.00 integ.vbp +0.00 +0.00 omni.gos X     +0.0 ,Y     -0.0. omgD -0.002 omg  +0.00 loop   5127
[0mBatt=23.4 [0m[33mODOM [31mVisionX  +0.00 Y  +0.00 theta   +0.0 elt    0 [0mimu  -0.9 Dt 19610 LtCy 9805 integ.govd   +0.00   +0.00 integ.vbp +0.00 +0.00 omni.gos X     +0.0 ,Y     -0.1. omgD -0.006 omg  +0.00 loop   5149
[0mBatt=23.4 [0m[33mODOM [31mVisionX  +0.00 Y  +0.00 theta   +0.0 elt    0 [0mimu  -0.9 Dt 19626 LtCy 9813 integ.govd   +0.00   +0.00 integ.vbp +0.00 +0.00 omni.gos X     +0.0 ,Y     -0.1. omgD -0.004 omg  +0.00 loop   5147
[0mBatt=23.4 [0m[33mODOM [31mVisionX  +0.00 Y  +0.00 theta   +0.0 elt    0 [0mimu  -0.9 Dt 19642 LtCy 9821 integ.govd   +0.00   +0.00 integ.vbp +0.00 +0.00 omni.gos X     +0.0 ,Y     -0.1. omgD -0.006 omg  +0.00 loop   5121
[0mBatt=23.4 [0m[33mODOM [31mVisionX  +0.00 Y  +0.00 theta   +0.0 elt    0 [0mimu  -1.0 Dt 19658 LtCy 9829 integ.govd   +0.00   +0.00 integ.vbp +0.00 +0.00 omni.gos X     +0.0 ,Y     -0.1. omgD -0.008 omg  +0.00 loop   5143
[0mBatt=23.4 [0m[33mODOM [31mVisionX  +0.00 Y  +0.00 theta   +0.0 elt    0 [0mimu  -1.0 Dt 19674 LtCy 9837 integ.govd   +0.00   +0.00 integ.vbp +0.00 +0.00 omni.gos X     -0.0 ,Y     -0.1. omgD -0.004 omg  +0.00 loop   5153
[0mBatt=23.4 [0m[33mODOM [31mVisionX  +0.00 Y  +0.00 theta   +0.0 elt    0 [0mimu  -1.0 Dt 19690 LtCy 9845 integ.govd   +0.00   +0.00 integ.vbp +0.00 +0.00 omni.gos X     +0.0 ,Y     -0.1. omgD -0.011 omg  +0.00 loop   5107
[0mBatt=23.4 [0m[33mODOM [31mVisionX  +0.00 Y  +0.00 theta   +0.0 elt    0 [0mimu  -1.0 Dt 19706 LtCy 9853 integ.govd   +0.00   +0.00 integ.vbp +0.00 +0.00 omni.gos X     +0.0 ,Y     -0.1. omgD -0.011 omg  +0.00 loop   5148
[0mBatt=23.4 [0m[33mODOM [31mVisionX  +0.00 Y  +0.00 theta   +0.0 elt    0 [0mimu  -1.0 Dt 19722 LtCy 9861 integ.govd   +0.00   +0.00 integ.vbp +0.00 +0.00 omni.gos X     +0.0 ,Y     -0.1. omgD -0.011 omg  +0.00 loop   5151
[0mBatt=23.4 [0m[33mODOM [31mVisionX  +0.00 Y  +0.00 theta   +0.0 elt    0 [0mimu  -1.0 Dt 19738 LtCy 9869 integ.govd   +0.00   +0.00 integ.vbp +0.00 +0.00 omni.gos X     +0.0 ,Y     -0.1. omgD -0.011 omg  +0.00 loop   5116
[0mBatt=23.4 [0m[33mODOM [31mVisionX  +0.00 Y  +0.00 theta   +0.0 elt    0 [0mimu  -1.0 Dt 19754 LtCy 9877 integ.govd   +0.00   +0.00 integ.vbp +0.00 +0.00 omni.gos X     +0.0 ,Y     -0.1. omgD -0.011 omg  +0.00 loop   5140
[0mBatt=23.5 [0m[33mODOM [31mVisionX  +0.00 Y  +0.00 theta   +0.0 elt    0 [0mimu  -1.0 Dt 19770 LtCy 9885 integ.govd   +0.00   +0.00 integ.vbp +0.00 +0.00 omni.gos X     +0.0 ,Y     +0.0. omgD +0.000 omg  +0.00 loop   5145
[0mBatt=23.5 [0m[33mODOM [31mVisionX  +0.00 Y  +0.00 theta   +0.0 elt    0 [0mimu  -1.0 Dt 19786 LtCy 9893 integ.govd   +0.00   +0.00 integ.vbp +0.00 +0.00 omni.gos X     -0.0 ,Y     -0.0. omgD -0.002 omg  +0.00 loop   5140
[0mBatt=23.5 [0m[33mODOM [31mVisionX  +0.00 Y  +0.00 theta   +0.0 elt    0 [0mimu  -1.0 Dt 19802 LtCy 9901 integ.govd   +0.00   +0.00 integ.vbp +0.00 +0.00 omni.gos X     +0.0 ,Y     -0.0. omgD -0.002 omg  +0.00 loop   5123
[0mBatt=23.4 [0m[33mODOM [31mVisionX  +0.00 Y  +0.00 theta   +0.0 elt    0 [0mimu  -1.0 Dt 19818 LtCy 9909 integ.govd   +0.00   +0.00 integ.vbp +0.00 +0.00 omni.gos X     +0.0 ,Y     -0.1. omgD -0.004 omg  +0.00 loop   5146
[0mBatt=23.4 [0m[33mODOM [31mVisionX  +0.00 Y  +0.00 theta   +0.0 elt    0 [0mimu  -1.0 Dt 19834 LtCy 9917 integ.govd   +0.00   +0.00 integ.vbp +0.00 +0.00 omni.gos X     -0.0 ,Y     -0.1. omgD -0.006 omg  +0.00 loop   5149
[0mBatt=23.4 [0m[33mODOM [31mVisionX  +0.00 Y  +0.00 theta   +0.0 elt    0 [0mimu  -1.0 Dt 19850 LtCy 9925 integ.govd   +0.00   +0.00 integ.vbp +0.00 +0.00 omni.gos X     +0.0 ,Y     -0.1. omgD -0.008 omg  +0.00 loop   5111
[0mBatt=23.4 [0m[33mODOM [31mVisionX  +0.00 Y  +0.00 theta   +0.0 elt    0 [0mimu  -1.0 Dt 19866 LtCy 9933 integ.govd   +0.00   +0.00 integ.vbp +0.00 +0.00 omni.gos X     +0.0 ,Y     -0.1. omgD -0.008 omg  +0.00 loop   5150
[0mBatt=23.4 [0m[33mODOM [31mVisionX  +0.00 Y  +0.00 theta   +0.0 elt    0 [0mimu  -1.0 Dt 19882 LtCy 9941 integ.govd   +0.00   +0.00 integ.vbp +0.00 +0.00 omni.gos X     +0.0 ,Y     -0.2. omgD -0.013 omg  +0.00 loop   5147
[0mBatt=23.4 [0m[33mODOM [31mVisionX  +0.00 Y  +0.00 theta   +0.0 elt    0 [0mimu  -1.0 Dt 19898 LtCy 9949 integ.govd   +0.00   +0.00 integ.vbp +0.00 +0.00 omni.gos X     +0.0 ,Y     -0.1. omgD -0.004 omg  +0.00 loop   5110
[0mBatt=23.4 [0m[33mODOM [31mVisionX  +0.00 Y  +0.00 theta   +0.0 elt    0 [0mimu  -1.0 Dt 19914 LtCy 9957 integ.govd   +0.00   +0.00 integ.vbp +0.00 +0.00 omni.gos X     -0.0 ,Y     -0.2. omgD -0.013 omg  +0.00 loop   5149
[0mBatt=23.4 [0m[33mODOM [31mVisionX  +0.00 Y  +0.00 theta   +0.0 elt    0 [0mimu  -1.0 Dt 19930 LtCy 9965 integ.govd   +0.00   +0.00 integ.vbp +0.00 +0.00 omni.gos X     +0.0 ,Y     +0.1. omgD +0.004 omg  +0.00 loop   5141
[0mBatt=23.4 [0m[33mODOM [31mVisionX  +0.00 Y  +0.00 theta   +0.0 elt    0 [0mimu  -1.0 Dt 19946 LtCy 9973 integ.govd   +0.00   +0.00 integ.vbp +0.00 +0.00 omni.gos X     +0.0 ,Y     +0.0. omgD +0.000 omg  +0.00 loop   5133
[0mBatt=23.4 [0m[33mODOM [31mVisionX  +0.00 Y  +0.00 theta   +0.0 elt    0 [0mimu  -1.0 Dt 19962 LtCy 9981 integ.govd   +0.00   +0.00 integ.vbp +0.00 +0.00 omni.gos X     +0.0 ,Y     -0.1. omgD -0.008 omg  +0.00 loop   5136
[0mBatt=23.4 [0m[33mODOM [31mVisionX  +0.00 Y  +0.00 theta   +0.0 elt    0 [0mimu  -1.0 Dt 19978 LtCy 9989 integ.govd   +0.00   +0.00 integ.vbp +0.00 +0.00 omni.gos X     +0.0 ,Y     -0.1. omgD -0.004 omg  +0.00 loop   5154
[0mBatt=23.4 [0m[33mODOM [31mVisionX  +0.00 Y  +0.00 theta   +0.0 elt    0 [0mimu  -1.0 Dt 19994 LtCy 9997 integ.govd   +0.00   +0.00 integ.vbp +0.00 +0.00 omni.gos X     +0.0 ,Y     -0.1. omgD -0.004 omg  +0.00 loop   4968
[0mBatt=23.4 [0m[33mODOM [31mVisionX  +0.00 Y  +0.00 theta   +0.0 elt    0 [0mimu  -1.0 Dt 20002 LtCy 10001 integ.govd   +0.00   +0.00 integ.vbp +0.00 +0.00 omni.gos X     +0.0 ,Y     -0.1. omgD -0.008 omg  +0.00 loop   2208
[0mBatt=23.4 [0m[33mODOM [31mVisionX  +0.00 Y  +0.00 theta   +0.0 elt    0 [0mimu  -1.0 Dt 20018 LtCy 10009 integ.govd   +0.00   +0.00 integ.vbp +0.00 +0.00 omni.gos X     +0.0 ,Y     -0.1. omgD -0.004 omg  +0.00 loop   4605
[0mBatt=23.4 [0m[33mODOM [31mVisionX  +0.00 Y  +0.00 theta   +0.0 elt    0 [0mimu  -1.0 Dt 20034 LtCy 10017 integ.govd   +0.00   +0.00 integ.vbp +0.00 +0.00 omni.gos X     +0.0 ,Y     -0.1. omgD -0.008 omg  +0.00 loop   4604
[0mBatt=23.4 [0m[33mODOM [31mVisionX  +0.00 Y  +0.00 theta   +0.0 elt    0 [0mimu  -1.0 Dt 20050 LtCy 10025 integ.govd   +0.00   +0.00 integ.vbp +0.00 +0.00 omni.gos X     -0.0 ,Y     -0.2. omgD -0.013 omg  +0.00 loop   4593
[0mBatt=23.4 [0m[33mODOM [31mVisionX  +0.00 Y  +0.00 theta   +0.0 elt    0 [0mimu  -1.0 Dt 20066 LtCy 10033 integ.govd   +0.00   +0.00 integ.vbp +0.00 +0.00 omni.gos X     -0.0 ,Y     -0.1. omgD -0.008 omg  +0.00 loop   4579
[0mBatt=23.4 [0m[33mODOM [31mVisionX  +0.00 Y  +0.00 theta   +0.0 elt    0 [0mimu  -1.0 Dt 20082 LtCy 10041 integ.govd   +0.00   +0.00 integ.vbp +0.00 +0.00 omni.gos X     +0.0 ,Y     +0.0. omgD +0.000 omg  +0.00 loop   4602
[0mBatt=23.4 [0m[33mODOM [31mVisionX  +0.00 Y  +0.00 theta   +0.0 elt    0 [0mimu  -1.0 Dt 20098 LtCy 10049 integ.govd   +0.00   +0.00 integ.vbp +0.00 +0.00 omni.gos X     +0.0 ,Y     -0.1. omgD -0.008 omg  +0.00 loop   4605
[0mBatt=23.4 [0m[33mODOM [31mVisionX  +0.00 Y  +0.00 theta   +0.0 elt    0 [0mimu  -1.0 Dt 20114 LtCy 10057 integ.govd   +0.00   +0.00 integ.vbp +0.00 +0.00 omni.gos X     +0.0 ,Y     +0.1. omgD +0.004 omg  +0.00 loop   4586
[0mBatt=23.4 [0m[33mODOM [31mVisionX  +0.00 Y  +0.00 theta   +0.0 elt    0 [0mimu  -1.0 Dt 20130 LtCy 10065 integ.govd   +0.00   +0.00 integ.vbp +0.00 +0.00 omni.gos X     +0.0 ,Y     -0.2. omgD -0.013 omg  +0.00 loop   4602
[0mBatt=23.4 [0m[33mODOM [31mVisionX  +0.00 Y  +0.00 theta   +0.0 elt    0 [0mimu  -1.0 Dt 20146 LtCy 10073 integ.govd   +0.00   +0.00 integ.vbp +0.00 +0.00 omni.gos X     +0.0 ,Y     -0.1. omgD -0.008 omg  +0.00 loop   4609
[0mBatt=23.4 [0m[33mODOM [31mVisionX  +0.00 Y  +0.00 theta   +0.0 elt    0 [0mimu  -1.0 Dt 20162 LtCy 10081 integ.govd   +0.00   +0.00 integ.vbp +0.00 +0.00 omni.gos X     +0.0 ,Y     -0.2. omgD -0.013 omg  +0.00 loop   4575
[0mBatt=23.4 [0m[33mODOM [31mVisionX  +0.00 Y  +0.00 theta   +0.0 elt    0 [0mimu  -1.0 Dt 20178 LtCy 10089 integ.govd   +0.00   +0.00 integ.vbp +0.00 +0.00 omni.gos X     +0.0 ,Y     -0.1. omgD -0.004 omg  +0.00 loop   4603
[0mBatt=23.4 [0m[33mODOM [31mVisionX  +0.00 Y  +0.00 theta   +0.0 elt    0 [0mimu  -1.0 Dt 20194 LtCy 10097 integ.govd   +0.00   +0.00 integ.vbp +0.00 +0.00 omni.gos X     -0.0 ,Y     -0.1. omgD -0.008 omg  +0.00 loop   4623
[0mBatt=23.4 [0m[33mODOM [31mVisionX  +0.00 Y  +0.00 theta   +0.0 elt    0 [0mimu  -1.0 Dt 20210 LtCy 10105 integ.govd   +0.00   +0.00 integ.vbp +0.00 +0.00 omni.gos X     -0.0 ,Y     -0.2. omgD -0.017 omg  +0.00 loop   4574
[0mBatt=23.4 [0m[33mODOM [31mVisionX  +0.00 Y  +0.00 theta   +0.0 elt    0 [0mimu  -1.0 Dt    2 LtCy    1 integ.govd   +0.00   -0.00 integ.vbp +0.00 -0.00 omni.gos X     +0.0 ,Y     -0.1. omgD -0.004 omg  +0.00 loop   4528
[0mBatt=23.4 [0m[33mODOM [31mVisionX  +0.00 Y  +0.00 theta   +0.0 elt    0 [0mimu  -1.0 Dt    8 LtCy    4 integ.govd   -0.00   -0.00 integ.vbp -0.00 -0.00 omni.gos X     +0.0 ,Y     -0.2. omgD -0.013 omg  +0.00 loop   4514
[0mBatt=23.4 [0m[33mODOM [31mVisionX  +0.00 Y  +0.00 theta   +0.0 elt    0 [0mimu  -1.0 Dt    4 LtCy    2 integ.govd   -0.00   -0.00 integ.vbp -0.00 -0.00 omni.gos X     +0.0 ,Y     -0.2. omgD -0.013 omg  +0.00 loop   4412
[0mBatt=23.4 [0m[33mODOM [31mVisionX  +0.00 Y  +0.00 theta   +0.0 elt    0 [0mimu  -1.0 Dt    8 LtCy    4 integ.govd   -0.00   -0.00 integ.vbp -0.00 -0.00 omni.gos X     +0.0 ,Y     -0.1. omgD -0.004 omg  +0.00 loop   4477
[0mBatt=23.4 [0m[33mODOM [31mVisionX  +0.00 Y  +0.00 theta   +0.0 elt    0 [0mimu  -1.0 Dt    4 LtCy    2 integ.govd   +0.00   -0.00 integ.vbp +0.00 -0.00 omni.gos X     +0.0 ,Y     -0.1. omgD -0.004 omg  +0.00 loop   4400
[0mBatt=23.4 [0m[33mODOM [31mVisionX  +0.00 Y  +0.00 theta   +0.0 elt    0 [0mimu  -1.0 Dt    0 LtCy    0 integ.govd   +0.00   +0.00 integ.vbp +0.00 +0.00 omni.gos X     +0.0 ,Y     -0.1. omgD -0.004 omg  +0.00 loop   4434
[0mBatt=23.4 [0m[33mODOM [31mVisionX  +0.00 Y  +0.00 theta   +0.0 elt    0 [0mimu  -1.0 Dt    6 LtCy    3 integ.govd   -0.00   -0.00 integ.vbp -0.00 -0.00 omni.gos X     +0.0 ,Y     -0.1. omgD -0.008 omg  +0.00 loop   4496
[0mBatt=23.4 [0m[33mODOM [31mVisionX  +0.00 Y  +0.00 theta   +0.0 elt    0 [0mimu  -1.0 Dt    2 LtCy    1 integ.govd   -0.00   -0.00 integ.vbp -0.00 -0.00 omni.gos X     -0.0 ,Y     -0.2. omgD -0.013 omg  +0.00 loop   4416
[0mBatt=23.4 [0m[33mODOM [31mVisionX  +0.00 Y  +0.00 theta   +0.0 elt    0 [0mimu  -1.0 Dt    8 LtCy    4 integ.govd   -0.00   -0.00 integ.vbp -0.00 -0.00 omni.gos X     +0.0 ,Y     -0.1. omgD -0.008 omg  +0.00 loop   4488
[0mBatt=23.4 [0m[33mODOM [31mVisionX  +0.00 Y  +0.00 theta   +0.0 elt    0 [0mimu  -1.0 Dt    4 LtCy    2 integ.govd   +0.00   -0.00 integ.vbp +0.00 -0.00 omni.gos X     +0.0 ,Y     -0.1. omgD -0.004 omg  +0.00 loop   4390
[0mBatt=23.4 [0m[33mODOM [31mVisionX  +0.00 Y  +0.00 theta   +0.0 elt    0 [0mimu  -1.0 Dt    0 LtCy    0 integ.govd   +0.00   +0.00 integ.vbp +0.00 +0.00 omni.gos X     +0.0 ,Y     -0.2. omgD -0.017 omg  +0.00 loop   4447
[0mBatt=23.4 [0m[33mODOM [31mVisionX  +0.00 Y  +0.00 theta   +0.0 elt    0 [0mimu  -1.0 Dt    8 LtCy    4 integ.govd   -0.00   -0.00 integ.vbp -0.00 -0.00 omni.gos X     +0.0 ,Y     +0.0. omgD +0.000 omg  +0.00 loop   4524
[0mBatt=23.4 [0m[33mODOM [31mVisionX  +0.00 Y  +0.00 theta   +0.0 elt    0 [0mimu  -1.0 Dt    4 LtCy    2 integ.govd   +0.00   -0.00 integ.vbp +0.00 -0.00 omni.gos X     +0.0 ,Y     -0.1. omgD -0.008 omg  +0.00 loop   4414
[0mBatt=23.4 [0m[33mODOM [31mVisionX  +0.00 Y  +0.00 theta   +0.0 elt    0 [0mimu  -1.0 Dt   10 LtCy    5 integ.govd   -0.00   -0.00 integ.vbp -0.00 -0.00 omni.gos X     +0.0 ,Y     -0.1. omgD -0.008 omg  +0.00 loop   4457
[0mBatt=23.4 [0m[33mODOM [31mVisionX  +0.00 Y  +0.00 theta   +0.0 elt    0 [0mimu  -1.0 Dt    6 LtCy    3 integ.govd   -0.00   -0.00 integ.vbp -0.00 -0.00 omni.gos X     -0.0 ,Y     -0.1. omgD -0.008 omg  +0.00 loop   4466
[0mBatt=23.4 [0m[33mODOM [31mVisionX  +0.00 Y  +0.00 theta   +0.0 elt    0 [0mimu  -1.0 Dt    2 LtCy    1 integ.govd   +0.00   -0.00 integ.vbp +0.00 -0.00 omni.gos X     +0.0 ,Y     -0.1. omgD -0.004 omg  +0.00 loop   4424
[0mBatt=23.4 [0m[33mODOM [31mVisionX  +0.00 Y  +0.00 theta   +0.0 elt    0 [0mimu  -1.0 Dt    8 LtCy    4 integ.govd   -0.00   -0.00 integ.vbp -0.00 -0.00 omni.gos X     +0.0 ,Y     +0.0. omgD +0.000 omg  +0.00 loop   4495
[0mBatt=23.4 [0m[33mODOM [31mVisionX  +0.00 Y  +0.00 theta   +0.0 elt    0 [0mimu  -1.0 Dt    4 LtCy    2 integ.govd   -0.00   -0.00 integ.vbp -0.00 -0.00 omni.gos X     +0.0 ,Y     -0.2. omgD -0.013 omg  +0.00 loop   4427
[0mBatt=23.4 [0m[33mODOM [31mVisionX  +0.00 Y  +0.00 theta   +0.0 elt    0 [0mimu  -1.0 Dt    0 LtCy    0 integ.govd   +0.00   +0.00 integ.vbp +0.00 +0.00 omni.gos X     +0.0 ,Y     -0.1. omgD -0.008 omg  +0.00 loop   4432
[0mBatt=23.4 [0m[33mODOM [31mVisionX  +0.00 Y  +0.00 theta   +0.0 elt    0 [0mimu  -1.0 Dt    6 LtCy    3 integ.govd   -0.00   -0.00 integ.vbp -0.00 -0.00 omni.gos X     +0.0 ,Y     -0.2. omgD -0.013 omg  +0.00 loop   4505
[0mBatt=23.4 [0m[33mODOM [31mVisionX  +0.00 Y  +0.00 theta   +0.0 elt    0 [0mimu  -1.0 Dt    2 LtCy    1 integ.govd   +0.00   -0.00 integ.vbp +0.00 -0.00 omni.gos X     +0.0 ,Y     -0.1. omgD -0.004 omg  +0.00 loop   4434
[0mBatt=23.4 [0m[33mODOM [31mVisionX  +0.00 Y  +0.00 theta   +0.0 elt    0 [0mimu  -1.0 Dt    8 LtCy    4 integ.govd   -0.00   -0.00 integ.vbp -0.00 -0.00 omni.gos X     +0.0 ,Y     -0.1. omgD -0.004 omg  +0.00 loop   4507
[0mBatt=23.4 [0m[33mODOM [31mVisionX  +0.00 Y  +0.00 theta   +0.0 elt    0 [0mimu  -1.0 Dt    4 LtCy    2 integ.govd   +0.00   -0.00 integ.vbp +0.00 -0.00 omni.gos X     +0.0 ,Y     -0.1. omgD -0.004 omg  +0.00 loop   4401
[0mBatt=23.4 [0m[33mODOM [31mVisionX  +0.00 Y  +0.00 theta   +0.0 elt    0 [0mimu  -1.0 Dt    0 LtCy    0 integ.govd   +0.00   +0.00 integ.vbp +0.00 +0.00 omni.gos X     +0.0 ,Y     -0.1. omgD -0.004 omg  +0.00 loop   4442
[0mBatt=23.4 [0m[33mODOM [31mVisionX  +0.00 Y  +0.00 theta   +0.0 elt    0 [0mimu  -1.0 Dt    6 LtCy    3 integ.govd   +0.00   +0.00 integ.vbp +0.00 +0.00 omni.gos X     +0.0 ,Y     +0.0. omgD +0.000 omg  +0.00 loop   4544
[0mBatt=23.4 [0m[33mODOM [31mVisionX  +0.00 Y  +0.00 theta   +0.0 elt    0 [0mimu  -1.0 Dt    0 LtCy    0 integ.govd   +0.00   +0.00 integ.vbp +0.00 +0.00 omni.gos X     +0.0 ,Y     -0.1. omgD -0.008 omg  +0.00 loop   4468
[0mBatt=23.4 [0m[33mODOM [31mVisionX  +0.00 Y  +0.00 theta   +0.0 elt    0 [0mimu  -1.0 Dt    6 LtCy    3 integ.govd   +0.00   -0.00 integ.vbp +0.00 -0.00 omni.gos X     +0.0 ,Y     -0.1. omgD -0.004 omg  +0.00 loop   4532
[0mBatt=23.4 [0m[33mODOM [31mVisionX  +0.00 Y  +0.00 theta   +0.0 elt    0 [0mimu  -1.0 Dt    4 LtCy    2 integ.govd   -0.00   -0.00 integ.vbp -0.00 -0.00 omni.gos X     -0.0 ,Y     -0.1. omgD -0.008 omg  +0.00 loop   4450
[0mBatt=23.4 [0m[33mODOM [31mVisionX  +0.00 Y  +0.00 theta   +0.0 elt    0 [0mimu  -1.0 Dt    8 LtCy    4 integ.govd   -0.00   -0.00 integ.vbp -0.00 -0.00 omni.gos X     +0.0 ,Y     -0.1. omgD -0.008 omg  +0.00 loop   4436
[0mBatt=23.4 [0m[33mODOM [31mVisionX  +0.00 Y  +0.00 theta   +0.0 elt    0 [0mimu  -1.0 Dt    4 LtCy    2 integ.govd   -0.00   -0.00 integ.vbp -0.00 -0.00 omni.gos X     -0.0 ,Y     -0.1. omgD -0.004 omg  +0.00 loop   4471
[0mBatt=23.4 [0m[33mODOM [31mVisionX  +0.00 Y  +0.00 theta   +0.0 elt    0 [0mimu  -1.0 Dt    2 LtCy    1 integ.govd   +0.00   -0.00 integ.vbp +0.00 -0.00 omni.gos X     +0.0 ,Y     -0.1. omgD -0.004 omg  +0.00 loop   4434
[0mBatt=23.4 [0m[33mODOM [31mVisionX  +0.00 Y  +0.00 theta   +0.0 elt    0 [0mimu  -1.0 Dt    6 LtCy    3 integ.govd   +0.00   -0.00 integ.vbp +0.00 -0.00 omni.gos X     +0.0 ,Y     -0.2. omgD -0.013 omg  +0.00 loop   4520
[0mBatt=23.4 [0m[33mODOM [31mVisionX  +0.00 Y  +0.00 theta   +0.0 elt    0 [0mimu  -1.0 Dt    4 LtCy    2 integ.govd   +0.00   -0.00 integ.vbp +0.00 -0.00 omni.gos X     +0.0 ,Y     -0.1. omgD -0.004 omg  +0.00 loop   4425
[0mBatt=23.4 [0m[33mODOM [31mVisionX  +0.00 Y  +0.00 theta   +0.0 elt    0 [0mimu  -1.0 Dt    0 LtCy    0 integ.govd   +0.00   +0.00 integ.vbp +0.00 +0.00 omni.gos X     -0.0 ,Y     -0.1. omgD -0.008 omg  +0.00 loop   4461
[0mBatt=23.4 [0m[33mODOM [31mVisionX  +0.00 Y  +0.00 theta   +0.0 elt    0 [0mimu  -1.0 Dt    6 LtCy    3 integ.govd   +0.00   +0.00 integ.vbp +0.00 +0.00 omni.gos X     +0.0 ,Y     +0.1. omgD +0.004 omg  +0.00 loop   4529
[0mBatt=23.4 [0m[33mODOM [31mVisionX  +0.00 Y  +0.00 theta   +0.0 elt    0 [0mimu  -1.0 Dt    2 LtCy    1 integ.govd   -0.00   -0.00 integ.vbp -0.00 -0.00 omni.gos X     -0.0 ,Y     -0.2. omgD -0.013 omg  +0.00 loop   4442
[0mBatt=23.4 [0m[33mODOM [31mVisionX  +0.00 Y  +0.00 theta   +0.0 elt    0 [0mimu  -1.0 Dt    8 LtCy    4 integ.govd   +0.00   -0.00 integ.vbp +0.00 -0.00 omni.gos X     +0.0 ,Y     -0.1. omgD -0.008 omg  +0.00 loop   4491
[0mBatt=23.4 [0m[33mODOM [31mVisionX  +0.00 Y  +0.00 theta   +0.0 elt    0 [0mimu  -1.0 Dt    4 LtCy    2 integ.govd   +0.00   +0.00 integ.vbp +0.00 +0.00 omni.gos X     +0.0 ,Y     +0.0. omgD +0.000 omg  +0.00 loop   4449
[0mBatt=23.4 [0m[33mODOM [31mVisionX  +0.00 Y  +0.00 theta   +0.0 elt    0 [0mimu  -1.0 Dt    0 LtCy    0 integ.govd   +0.00   +0.00 integ.vbp +0.00 +0.00 omni.gos X     +0.0 ,Y     -0.1. omgD -0.008 omg  +0.00 loop   4465
[0mBatt=23.4 [0m[33mODOM [31mVisionX  +0.00 Y  +0.00 theta   +0.0 elt    0 [0mimu  -1.0 Dt    6 LtCy    3 integ.govd   -0.00   -0.00 integ.vbp -0.00 -0.00 omni.gos X     +0.0 ,Y     -0.2. omgD -0.013 omg  +0.00 loop   4505
[0mBatt=23.4 [0m[33mODOM [31mVisionX  +0.00 Y  +0.00 theta   +0.0 elt    0 [0mimu  -1.0 Dt    2 LtCy    1 integ.govd   -0.00   -0.00 integ.vbp -0.00 -0.00 omni.gos X     -0.0 ,Y     -0.1. omgD -0.008 omg  +0.00 loop   4444
[0mBatt=23.4 [0m[33mODOM [31mVisionX  +0.00 Y  +0.00 theta   +0.0 elt    0 [0mimu  -1.0 Dt    8 LtCy    4 integ.govd   -0.00   -0.00 integ.vbp -0.00 -0.00 omni.gos X     -0.0 ,Y     -0.1. omgD -0.004 omg  +0.00 loop   4496
[0mBatt=23.4 [0m[33mODOM [31mVisionX  +0.00 Y  +0.00 theta   +0.0 elt    0 [0mimu  -1.0 Dt    2 LtCy    1 integ.govd   +0.00   -0.00 integ.vbp +0.00 -0.00 omni.gos X     +0.0 ,Y     -0.2. omgD -0.013 omg  +0.00 loop   4408
[0mBatt=23.4 [0m[33mODOM [31mVisionX  +0.00 Y  +0.00 theta   +0.0 elt    0 [0mimu  -1.0 Dt   10 LtCy    5 integ.govd   -0.00   -0.00 integ.vbp -0.00 -0.00 omni.gos X     -0.0 ,Y     -0.1. omgD -0.008 omg  +0.00 loop   4482
[0mBatt=23.4 [0m[33mODOM [31mVisionX  +0.00 Y  +0.00 theta   +0.0 elt    0 [0mimu  -1.0 Dt    6 LtCy    3 integ.govd   -0.00   -0.00 integ.vbp -0.00 -0.00 omni.gos X     +0.0 ,Y     -0.2. omgD -0.017 omg  +0.00 loop   4474
[0mBatt=23.4 [0m[33mODOM [31mVisionX  +0.00 Y  +0.00 theta   +0.0 elt    0 [0mimu  -1.0 Dt    0 LtCy    0 integ.govd   +0.00   +0.00 integ.vbp +0.00 +0.00 omni.gos X     -0.0 ,Y     -0.2. omgD -0.013 omg  +0.00 loop   4413
[0mBatt=23.4 [0m[33mODOM [31mVisionX  +0.00 Y  +0.00 theta   +0.0 elt    0 [0mimu  -1.0 Dt    6 LtCy    3 integ.govd   +0.00   -0.00 integ.vbp +0.00 -0.00 omni.gos X     +0.0 ,Y     -0.1. omgD -0.006 omg  +0.00 loop   4510
[0mBatt=23.4 [0m[33mODOM [31mVisionX  +0.00 Y  +0.00 theta   +0.0 elt    0 [0mimu  -1.0 Dt    2 LtCy    1 integ.govd   +0.00   -0.00 integ.vbp +0.00 -0.00 omni.gos X     +0.0 ,Y     -0.1. omgD -0.004 omg  +0.00 loop   4453
[0mBatt=23.4 [0m[33mODOM [31mVisionX  +0.00 Y  +0.00 theta   +0.0 elt    0 [0mimu  -1.0 Dt    0 LtCy    0 integ.govd   +0.00   +0.00 integ.vbp +0.00 +0.00 omni.gos X     +0.0 ,Y     +0.0. omgD +0.000 omg  +0.00 loop   4430
[0mBatt=23.4 [0m[33mODOM [31mVisionX  +0.00 Y  +0.00 theta   +0.0 elt    0 [0mimu  -1.0 Dt    8 LtCy    4 integ.govd   +0.00   -0.00 integ.vbp +0.00 -0.00 omni.gos X     +0.0 ,Y     -0.0. omgD -0.002 omg  +0.00 loop   2219
[0mBatt=23.4 [0m[33mODOM [31mVisionX  +0.00 Y  +0.00 theta   +0.0 elt    0 [0mimu  -1.0 Dt    4 LtCy    2 integ.govd   -0.00   -0.00 integ.vbp -0.00 -0.00 omni.gos X     -0.0 ,Y     -0.1. omgD -0.008 omg  +0.00 loop   4450
[0mBatt=23.4 [0m[33mODOM [31mVisionX  +0.00 Y  +0.00 theta   +0.0 elt    0 [0mimu  -1.0 Dt    8 LtCy    4 integ.govd   -0.00   -0.00 integ.vbp -0.00 -0.00 omni.gos X     +0.0 ,Y     -0.2. omgD -0.013 omg  +0.00 loop   4494
[0mBatt=23.4 [0m[33mODOM [31mVisionX  +0.00 Y  +0.00 theta   +0.0 elt    0 [0mimu  -1.0 Dt    4 LtCy    2 integ.govd   +0.00   -0.00 integ.vbp +0.00 -0.00 omni.gos X     +0.0 ,Y     -0.1. omgD -0.008 omg  +0.00 loop   4403
[0mBatt=23.4 [0m[33mODOM [31mVisionX  +0.00 Y  +0.00 theta   +0.0 elt    0 [0mimu  -1.0 Dt    0 LtCy    0 integ.govd   +0.00   +0.00 integ.vbp +0.00 +0.00 omni.gos X     +0.0 ,Y     -0.1. omgD -0.004 omg  +0.00 loop   4443
[0mBatt=23.4 [0m[33mODOM [31mVisionX  +0.00 Y  +0.00 theta   +0.0 elt    0 [0mimu  -1.0 Dt    6 LtCy    3 integ.govd   +0.00   -0.00 integ.vbp +0.00 -0.00 omni.gos X     +0.0 ,Y     -0.1. omgD -0.006 omg  +0.00 loop   4530
[0mBatt=23.4 [0m[33mODOM [31mVisionX  +0.00 Y  +0.00 theta   +0.0 elt    0 [0mimu  -1.0 Dt    2 LtCy    1 integ.govd   +0.00   -0.00 integ.vbp +0.00 -0.00 omni.gos X     +0.0 ,Y     -0.1. omgD -0.008 omg  +0.00 loop   4430
[0mBatt=23.4 [0m[33mODOM [31mVisionX  +0.00 Y  +0.00 theta   +0.0 elt    0 [0mimu  -1.0 Dt    8 LtCy    4 integ.govd   -0.00   -0.00 integ.vbp -0.00 -0.00 omni.gos X     -0.0 ,Y     -0.1. omgD -0.011 omg  +0.00 loop   4501
[0mBatt=23.4 [0m[33mODOM [31mVisionX  +0.00 Y  +0.00 theta   +0.0 elt    0 [0mimu  -1.0 Dt    4 LtCy    2 integ.govd   +0.00   -0.00 integ.vbp +0.00 -0.00 omni.gos X     +0.0 ,Y     -0.1. omgD -0.006 omg  +0.00 loop   4411
[0mBatt=23.4 [0m[33mODOM [31mVisionX  +0.00 Y  +0.00 theta   +0.0 elt    0 [0mimu  -1.0 Dt    0 LtCy    0 integ.govd   +0.00   +0.00 integ.vbp +0.00 +0.00 omni.gos X     +0.0 ,Y     -0.1. omgD -0.006 omg  +0.00 loop   4456
[0mBatt=23.4 [0m[33mODOM [31mVisionX  +0.00 Y  +0.00 theta   +0.0 elt    0 [0mimu  -1.0 Dt    6 LtCy    3 integ.govd   -0.00   -0.00 integ.vbp -0.00 -0.00 omni.gos X     +0.0 ,Y     -0.1. omgD -0.008 omg  +0.00 loop   4516
[0mBatt=23.4 [0m[33mODOM [31mVisionX  +0.00 Y  +0.00 theta   +0.0 elt    0 [0mimu  -1.0 Dt    2 LtCy    1 integ.govd   +0.00   -0.00 integ.vbp +0.00 -0.00 omni.gos X     +0.0 ,Y     -0.1. omgD -0.011 omg  +0.00 loop   4432
[0mBatt=23.4 [0m[33mODOM [31mVisionX  +0.00 Y  +0.00 theta   +0.0 elt    0 [0mimu  -1.0 Dt    8 LtCy    4 integ.govd   -0.00   -0.00 integ.vbp -0.00 -0.00 omni.gos X     -0.0 ,Y     -0.2. omgD -0.013 omg  +0.00 loop   4523
[0mBatt=23.4 [0m[33mODOM [31mVisionX  +0.00 Y  +0.00 theta   +0.0 elt    0 [0mimu  -1.0 Dt    2 LtCy    1 integ.govd   +0.00   -0.00 integ.vbp +0.00 -0.00 omni.gos X     +0.0 ,Y     -0.1. omgD -0.006 omg  +0.00 loop   4406
[0mBatt=23.4 [0mODOM [31mVisionX  +0.00 Y  +0.00 theta   +0.0 elt    0 [0mimu  -1.0 Dt   10 LtCy    5 integ.govd   -0.00   -0.00 integ.vbp -0.00 -0.00 omni.gos X     +0.0 ,Y     -0.1. omgD -0.004 omg  +0.00 loop   4489
[0mBatt=23.4 [0mODOM [31mVisionX  +0.00 Y  +0.00 theta   +0.0 elt    0 [0mimu  -1.0 Dt    4 LtCy    2 integ.govd   -0.00   -0.00 integ.vbp -0.00 -0.00 omni.gos X     +0.0 ,Y     -0.2. omgD -0.013 omg  +0.00 loop   4498
[0mBatt=23.4 [0mODOM [31mVisionX  +0.00 Y  +0.00 theta   +0.0 elt    0 [0mimu  -1.0 Dt    0 LtCy    0 integ.govd   +0.00   +0.00 integ.vbp +0.00 +0.00 omni.gos X     -0.0 ,Y     -0.0. omgD -0.002 omg  +0.00 loop   4438
[0mBatt=23.4 [0mODOM [31mVisionX  +0.00 Y  +0.00 theta   +0.0 elt    0 [0mimu  -1.0 Dt    6 LtCy    3 integ.govd   -0.00   -0.00 integ.vbp -0.00 -0.00 omni.gos X     +0.0 ,Y     -0.1. omgD -0.008 omg  +0.00 loop   4546
[0mBatt=23.4 [0mODOM [31mVisionX  +0.00 Y  +0.00 theta   +0.0 elt    0 [0mimu  -1.0 Dt    2 LtCy    1 integ.govd   +0.00   -0.00 integ.vbp +0.00 -0.00 omni.gos X     +0.0 ,Y     -0.1. omgD -0.006 omg  +0.00 loop   4455
[0mBatt=23.4 [0mODOM [31mVisionX  +0.00 Y  +0.00 theta   +0.0 elt    0 [0mimu  -1.0 Dt    0 LtCy    0 integ.govd   +0.00   +0.00 integ.vbp +0.00 +0.00 omni.gos X     +0.0 ,Y     -0.0. omgD -0.002 omg  +0.00 loop   4472
[0mBatt=23.4 [0mODOM [31mVisionX  +0.00 Y  +0.00 theta   +0.0 elt    0 [0mimu  -1.0 Dt    4 LtCy    2 integ.govd   +0.00   -0.00 integ.vbp +0.00 -0.00 omni.gos X     +0.0 ,Y     -0.1. omgD -0.008 omg  +0.00 loop   4537
[0mBatt=23.4 [0mODOM [31mVisionX  +0.00 Y  +0.00 theta   +0.0 elt    0 [0mimu  -1.0 Dt    0 LtCy    0 integ.govd   +0.00   +0.00 integ.vbp +0.00 +0.00 omni.gos X     +0.0 ,Y     -0.2. omgD -0.013 omg  +0.00 loop   4472
[0mBatt=23.4 [0mODOM [31mVisionX  +0.00 Y  +0.00 theta   +0.0 elt    0 [0mimu  -1.0 Dt    6 LtCy    3 integ.govd   -0.00   -0.00 integ.vbp -0.00 -0.00 omni.gos X     +0.0 ,Y     -0.1. omgD -0.004 omg  +0.00 loop   4565
[0mBatt=23.4 [0mODOM [31mVisionX  +0.00 Y  +0.00 theta   +0.0 elt    0 [0mimu  -1.0 Dt    2 LtCy    1 integ.govd   +0.00   -0.00 integ.vbp +0.00 -0.00 omni.gos X     +0.0 ,Y     -0.1. omgD -0.004 omg  +0.00 loop   4435
[0mBatt=23.4 [0mODOM [31mVisionX  +0.00 Y  +0.00 theta   +0.0 elt    0 [0mimu  -1.0 Dt    8 LtCy    4 integ.govd   -0.00   -0.00 integ.vbp -0.00 -0.00 omni.gos X     +0.0 ,Y     -0.1. omgD -0.004 omg  +0.00 loop   4553
[0mBatt=23.4 [0mODOM [31mVisionX  +0.00 Y  +0.00 theta   +0.0 elt    0 [0mimu  -1.0 Dt    4 LtCy    2 integ.govd   +0.00   -0.00 integ.vbp +0.00 -0.00 omni.gos X     +0.0 ,Y     -0.1. omgD -0.008 omg  +0.00 loop   4444
[0mBatt=23.4 [0mODOM [31mVisionX  +0.00 Y  +0.00 theta   +0.0 elt    0 [0mimu  -1.0 Dt    0 LtCy    0 integ.govd   +0.00   +0.00 integ.vbp +0.00 +0.00 omni.gos X     +0.0 ,Y     -0.1. omgD -0.004 omg  +0.00 loop   4463
[0mBatt=23.4 [0mODOM [31mVisionX  +0.00 Y  +0.00 theta   +0.0 elt    0 [0mimu  -1.0 Dt    6 LtCy    3 integ.govd   -0.00   -0.00 integ.vbp -0.00 -0.00 omni.gos X     -0.0 ,Y     -0.2. omgD -0.013 omg  +0.00 loop   4558
[0mBatt=23.4 [0mODOM [31mVisionX  +0.00 Y  +0.00 theta   +0.0 elt    0 [0mimu  -1.0 Dt    2 LtCy    1 integ.govd   -0.00   -0.00 integ.vbp -0.00 -0.00 omni.gos X     -0.0 ,Y     -0.1. omgD -0.004 omg  +0.00 loop   4457
[0mBatt=23.4 [0mODOM [31mVisionX  +0.00 Y  +0.00 theta   +0.0 elt    0 [0mimu  -1.0 Dt    8 LtCy    4 integ.govd   +0.00   -0.00 integ.vbp +0.00 -0.00 omni.gos X     +0.0 ,Y     -0.1. omgD -0.004 omg  +0.00 loop   4491
[0mBatt=23.4 [0mODOM [31mVisionX  +0.00 Y  +0.00 theta   +0.0 elt    0 [0mimu  -1.0 Dt    4 LtCy    2 integ.govd   +0.00   -0.00 integ.vbp +0.00 -0.00 omni.gos X     +0.0 ,Y     -0.1. omgD -0.004 omg  +0.00 loop   4449
[0mBatt=23.4 [0mODOM [31mVisionX  +0.00 Y  +0.00 theta   +0.0 elt    0 [0mimu  -1.0 Dt    0 LtCy    0 integ.govd   +0.00   +0.00 integ.vbp +0.00 +0.00 omni.gos X     +0.0 ,Y     -0.1. omgD -0.008 omg  +0.00 loop   4489
[0mBatt=23.4 [0mODOM [31mVisionX  +0.00 Y  +0.00 theta   +0.0 elt    0 [0mimu  -1.0 Dt    6 LtCy    3 integ.govd   -0.00   -0.00 integ.vbp -0.00 -0.00 omni.gos X     -0.0 ,Y     -0.1. omgD -0.004 omg  +0.00 loop   4546
[0mBatt=23.4 [0mODOM [31mVisionX  +0.00 Y  +0.00 theta   +0.0 elt    0 [0mimu  -1.0 Dt    2 LtCy    1 integ.govd   +0.00   -0.00 integ.vbp +0.00 -0.00 omni.gos X     +0.0 ,Y     -0.2. omgD -0.013 omg  +0.00 loop   4432
[0mBatt=23.4 [0mODOM [31mVisionX  +0.00 Y  +0.00 theta   +0.0 elt    0 [0mimu  -1.0 Dt    8 LtCy    4 integ.govd   -0.00   -0.00 integ.vbp -0.00 -0.00 omni.gos X     +0.0 ,Y     -0.1. omgD -0.008 omg  +0.00 loop   4548
[0mBatt=23.4 [0mODOM [31mVisionX  +0.00 Y  +0.00 theta   +0.0 elt    0 [0mimu  -1.1 Dt    4 LtCy    2 integ.govd   -0.00   -0.00 integ.vbp -0.00 -0.00 omni.gos X     +0.0 ,Y     -0.1. omgD -0.008 omg  +0.00 loop   4455
[0mBatt=23.4 [0mODOM [31mVisionX  +0.00 Y  +0.00 theta   +0.0 elt    0 [0mimu  -1.1 Dt    0 LtCy    0 integ.govd   +0.00   +0.00 integ.vbp +0.00 +0.00 omni.gos X     +0.0 ,Y     -0.1. omgD -0.008 omg  +0.00 loop   4438
[0mBatt=23.4 [0mODOM [31mVisionX  +0.00 Y  +0.00 theta   +0.0 elt    0 [0mimu  -1.1 Dt    6 LtCy    3 integ.govd   -0.00   -0.00 integ.vbp -0.00 -0.00 omni.gos X     -0.0 ,Y     -0.1. omgD -0.008 omg  +0.00 loop   4557
[0mBatt=23.4 [0mODOM [31mVisionX  +0.00 Y  +0.00 theta   +0.0 elt    0 [0mimu  -1.1 Dt    2 LtCy    1 integ.govd   +0.00   -0.00 integ.vbp +0.00 -0.00 omni.gos X     +0.0 ,Y     -0.1. omgD -0.008 omg  +0.00 loop   4464
[0mBatt=23.4 [0mODOM [31mVisionX  +0.00 Y  +0.00 theta   +0.0 elt    0 [0mimu  -1.1 Dt    8 LtCy    4 integ.govd   -0.00   -0.00 integ.vbp -0.00 -0.00 omni.gos X     +0.0 ,Y     -0.1. omgD -0.004 omg  +0.00 loop   4523
[0mBatt=23.4 [0mODOM [31mVisionX  +0.00 Y  +0.00 theta   +0.0 elt    0 [0mimu  -1.1 Dt    4 LtCy    2 integ.govd   -0.00   -0.00 integ.vbp -0.00 -0.00 omni.gos X     +0.0 ,Y     -0.1. omgD -0.008 omg  +0.00 loop   4465
[0mBatt=23.4 [0mODOM [31mVisionX  +0.00 Y  +0.00 theta   +0.0 elt    0 [0mimu  -1.1 Dt    0 LtCy    0 integ.govd   +0.00   +0.00 integ.vbp +0.00 +0.00 omni.gos X     +0.0 ,Y     -0.1. omgD -0.004 omg  +0.00 loop   4460
[0mBatt=23.4 [0mODOM [31mVisionX  +0.00 Y  +0.00 theta   +0.0 elt    0 [0mimu  -1.1 Dt    6 LtCy    3 integ.govd   +0.00   -0.00 integ.vbp +0.00 -0.00 omni.gos X     +0.0 ,Y     -0.1. omgD -0.004 omg  +0.00 loop   4554
[0mBatt=23.4 [0mODOM [31mVisionX  +0.00 Y  +0.00 theta   +0.0 elt    0 [0mimu  -1.1 Dt    2 LtCy    1 integ.govd   -0.00   -0.00 integ.vbp -0.00 -0.00 omni.gos X     -0.0 ,Y     -0.1. omgD -0.008 omg  +0.00 loop   4458
[0mBatt=23.4 [0mODOM [31mVisionX  +0.00 Y  +0.00 theta   +0.0 elt    0 [0mimu  -1.1 Dt    8 LtCy    4 integ.govd   -0.00   -0.00 integ.vbp -0.00 -0.00 omni.gos X     -0.0 ,Y     -0.1. omgD -0.008 omg  +0.00 loop   4524
[0mBatt=23.4 [0mODOM [31mVisionX  +0.00 Y  +0.00 theta   +0.0 elt    0 [0mimu  -1.1 Dt    4 LtCy    2 integ.govd   +0.00   +0.00 integ.vbp +0.00 +0.00 omni.gos X     +0.0 ,Y     +0.0. omgD +0.000 omg  +0.00 loop   4437
[0mBatt=23.4 [0mODOM [31mVisionX  +0.00 Y  +0.00 theta   +0.0 elt    0 [0mimu  -1.1 Dt    0 LtCy    0 integ.govd   +0.00   +0.00 integ.vbp +0.00 +0.00 omni.gos X     +0.0 ,Y     -0.1. omgD -0.004 omg  +0.00 loop   4461
[0mBatt=23.4 [0mODOM [31mVisionX  +0.00 Y  +0.00 theta   +0.0 elt    0 [0mimu  -1.1 Dt    6 LtCy    3 integ.govd   +0.00   -0.00 integ.vbp +0.00 -0.00 omni.gos X     +0.0 ,Y     -0.1. omgD -0.008 omg  +0.00 loop   4570
[0mBatt=23.4 [0mODOM [31mVisionX  +0.00 Y  +0.00 theta   +0.0 elt    0 [0mimu  -1.1 Dt    2 LtCy    1 integ.govd   +0.00   -0.00 integ.vbp +0.00 -0.00 omni.gos X     +0.0 ,Y     -0.1. omgD -0.008 omg  +0.00 loop   4475
[0mBatt=23.4 [0mODOM [31mVisionX  +0.00 Y  +0.00 theta   +0.0 elt    0 [0mimu  -1.1 Dt    6 LtCy    3 integ.govd   +0.00   -0.00 integ.vbp +0.00 -0.00 omni.gos X     +0.0 ,Y     +0.0. omgD +0.000 omg  +0.00 loop   4519
[0mBatt=23.4 [0mODOM [31mVisionX  +0.00 Y  +0.00 theta   +0.0 elt    0 [0mimu  -1.1 Dt    2 LtCy    1 integ.govd   -0.00   -0.00 integ.vbp -0.00 -0.00 omni.gos X     -0.0 ,Y     -0.1. omgD -0.008 omg  +0.00 loop   4476
[0mBatt=23.4 [0mODOM [31mVisionX  +0.00 Y  +0.00 theta   +0.0 elt    0 [0mimu  -1.1 Dt    0 LtCy    0 integ.govd   +0.00   +0.00 integ.vbp +0.00 +0.00 omni.gos X     +0.0 ,Y     +0.0. omgD +0.000 omg  +0.00 loop   4464
[0mBatt=23.4 [0mODOM [31mVisionX  +0.00 Y  +0.00 theta   +0.0 elt    0 [0mimu  -1.1 Dt    4 LtCy    2 integ.govd   -0.00   -0.00 integ.vbp -0.00 -0.00 omni.gos X     -0.0 ,Y     -0.1. omgD -0.008 omg  +0.00 loop   4549
[0mBatt=23.4 [0mODOM [31mVisionX  +0.00 Y  +0.00 theta   +0.0 elt    0 [0mimu  -1.1 Dt    2 LtCy    1 integ.govd   +0.00   -0.00 integ.vbp +0.00 -0.00 omni.gos X     +0.0 ,Y     -0.1. omgD -0.004 omg  +0.00 loop   4440
[0mBatt=23.4 [0mODOM [31mVisionX  +0.00 Y  +0.00 theta   +0.0 elt    0 [0mimu  -1.1 Dt    8 LtCy    4 integ.govd   -0.00   -0.00 integ.vbp -0.00 -0.00 omni.gos X     -0.0 ,Y     -0.1. omgD -0.004 omg  +0.00 loop   4555
[0mBatt=23.4 [0mODOM [31mVisionX  +0.00 Y  +0.00 theta   +0.0 elt    0 [0mimu  -1.1 Dt    4 LtCy    2 integ.govd   -0.00   -0.00 integ.vbp -0.00 -0.00 omni.gos X     -0.0 ,Y     -0.1. omgD -0.004 omg  +0.00 loop   4444
[0mBatt=23.4 [0mODOM [31mVisionX  +0.00 Y  +0.00 theta   +0.0 elt    0 [0mimu  -1.1 Dt    0 LtCy    0 integ.govd   +0.00   +0.00 integ.vbp +0.00 +0.00 omni.gos X     +0.0 ,Y     -0.1. omgD -0.004 omg  +0.00 loop   4448
[0mBatt=23.4 [0mODOM [31mVisionX  +0.00 Y  +0.00 theta   +0.0 elt    0 [0mimu  -1.1 Dt    6 LtCy    3 integ.govd   -0.00   -0.00 integ.vbp -0.00 -0.00 omni.gos X     -0.0 ,Y     -0.2. omgD -0.013 omg  +0.00 loop   4564
[0mBatt=23.4 [0mODOM [31mVisionX  +0.00 Y  +0.00 theta   +0.0 elt    0 [0mimu  -1.1 Dt    2 LtCy    1 integ.govd   +0.00   -0.00 integ.vbp +0.00 -0.00 omni.gos X     +0.0 ,Y     -0.1. omgD -0.008 omg  +0.00 loop   4462
[0mBatt=23.4 [0mODOM [31mVisionX  +0.00 Y  +0.00 theta   +0.0 elt    0 [0mimu  -1.1 Dt    6 LtCy    3 integ.govd   -0.00   -0.00 integ.vbp -0.00 -0.00 omni.gos X     +0.0 ,Y     -0.1. omgD -0.004 omg  +0.00 loop   4526
[0mBatt=23.4 [0mODOM [31mVisionX  +0.00 Y  +0.00 theta   +0.0 elt    0 [0mimu  -1.1 Dt    2 LtCy    1 integ.govd   -0.00   -0.00 integ.vbp -0.00 -0.00 omni.gos X     -0.0 ,Y     -0.1. omgD -0.008 omg  +0.00 loop   4443
[0mBatt=23.4 [0mODOM [31mVisionX  +0.00 Y  +0.00 theta   +0.0 elt    0 [0mimu  -1.1 Dt    8 LtCy    4 integ.govd   -0.00   -0.00 integ.vbp -0.00 -0.00 omni.gos X     -0.0 ,Y     -0.1. omgD -0.008 omg  +0.00 loop   4468
[0mBatt=23.4 [0mODOM [31mVisionX  +0.00 Y  +0.00 theta   +0.0 elt    0 [0mimu  -1.1 Dt    6 LtCy    3 integ.govd   +0.00   -0.00 integ.vbp +0.00 -0.00 omni.gos X     +0.0 ,Y     +0.0. omgD +0.000 omg  +0.00 loop   4492
[0mBatt=23.4 [0mODOM [31mVisionX  +0.00 Y  +0.00 theta   +0.0 elt    0 [0mimu  -1.1 Dt    4 LtCy    2 integ.govd   +0.00   -0.00 integ.vbp +0.00 -0.00 omni.gos X     +0.0 ,Y     -0.1. omgD -0.004 omg  +0.00 loop   2155
[0mBatt=23.4 [0mODOM [31mVisionX  +0.00 Y  +0.00 theta   +0.0 elt    0 [0mimu  -1.1 Dt   10 LtCy    5 integ.govd   -0.00   -0.00 integ.vbp -0.00 -0.00 omni.gos X     +0.0 ,Y     +0.0. omgD +0.000 omg  +0.00 loop   4507
[0mBatt=23.4 [0mODOM [31mVisionX  +0.00 Y  +0.00 theta   +0.0 elt    0 [0mimu  -1.1 Dt    6 LtCy    3 integ.govd   -0.00   -0.00 integ.vbp -0.00 -0.00 omni.gos X     +0.0 ,Y     -0.2. omgD -0.013 omg  +0.00 loop   4515
[0mBatt=23.4 [0mODOM [31mVisionX  +0.00 Y  +0.00 theta   +0.0 elt    0 [0mimu  -1.1 Dt    2 LtCy    1 integ.govd   +0.00   -0.00 integ.vbp +0.00 -0.00 omni.gos X     +0.0 ,Y     -0.1. omgD -0.004 omg  +0.00 loop   4444
[0mBatt=23.4 [0mODOM [31mVisionX  +0.00 Y  +0.00 theta   +0.0 elt    0 [0mimu  -1.1 Dt    8 LtCy    4 integ.govd   -0.00   -0.00 integ.vbp -0.00 -0.00 omni.gos X     -0.0 ,Y     -0.1. omgD -0.008 omg  +0.00 loop   4547
[0mBatt=23.4 [0mODOM [31mVisionX  +0.00 Y  +0.00 theta   +0.0 elt    0 [0mimu  -1.1 Dt    2 LtCy    1 integ.govd   +0.00   -0.00 integ.vbp +0.00 -0.00 omni.gos X     +0.0 ,Y     -0.1. omgD -0.004 omg  +0.00 loop   4460
[0mBatt=23.4 [0mODOM [31mVisionX  +0.00 Y  +0.00 theta   +0.0 elt    0 [0mimu  -1.1 Dt    8 LtCy    4 integ.govd   -0.00   -0.00 integ.vbp -0.00 -0.00 omni.gos X     -0.0 ,Y     -0.2. omgD -0.013 omg  +0.00 loop   4464
[0mBatt=23.4 [0mODOM [31mVisionX  +0.00 Y  +0.00 theta   +0.0 elt    0 [0mimu  -1.1 Dt    6 LtCy    3 integ.govd   -0.00   -0.00 integ.vbp -0.00 -0.00 omni.gos X     +0.0 ,Y     -0.2. omgD -0.013 omg  +0.00 loop   4479
[0mBatt=23.4 [0mODOM [31mVisionX  +0.00 Y  +0.00 theta   +0.0 elt    0 [0mimu  -1.1 Dt    0 LtCy    0 integ.govd   +0.00   +0.00 integ.vbp +0.00 +0.00 omni.gos X     +0.0 ,Y     -0.1. omgD -0.004 omg  +0.00 loop   4466
[0mBatt=23.4 [0mODOM [31mVisionX  +0.00 Y  +0.00 theta   +0.0 elt    0 [0mimu  -1.1 Dt    6 LtCy    3 integ.govd   -0.00   -0.00 integ.vbp -0.00 -0.00 omni.gos X     +0.0 ,Y     -0.2. omgD -0.013 omg  +0.00 loop   4545
[0mBatt=23.4 [0mODOM [31mVisionX  +0.00 Y  +0.00 theta   +0.0 elt    0 [0mimu  -1.1 Dt    4 LtCy    2 integ.govd   +0.00   -0.00 integ.vbp +0.00 -0.00 omni.gos X     +0.0 ,Y     -0.1. omgD -0.008 omg  +0.00 loop   4459
[0mBatt=23.4 [0mODOM [31mVisionX  +0.00 Y  +0.00 theta   +0.0 elt    0 [0mimu  -1.1 Dt   10 LtCy    5 integ.govd   -0.00   -0.00 integ.vbp -0.00 -0.00 omni.gos X     +0.0 ,Y     -0.1. omgD -0.008 omg  +0.00 loop   4517
[0mBatt=23.4 [0mODOM [31mVisionX  +0.00 Y  +0.00 theta   +0.0 elt    0 [0mimu  -1.1 Dt    4 LtCy    2 integ.govd   -0.00   -0.00 integ.vbp -0.00 -0.00 omni.gos X     +0.0 ,Y     -0.1. omgD -0.004 omg  +0.00 loop   4484
[0mBatt=23.4 [0mODOM [31mVisionX  +0.00 Y  +0.00 theta   +0.0 elt    0 [0mimu  -1.1 Dt    0 LtCy    0 integ.govd   +0.00   +0.00 integ.vbp +0.00 +0.00 omni.gos X     +0.0 ,Y     -0.2. omgD -0.013 omg  +0.00 loop   4435
[0mBatt=23.4 [0mODOM [31mVisionX  +0.00 Y  +0.00 theta   +0.0 elt    0 [0mimu  -1.1 Dt    6 LtCy    3 integ.govd   +0.00   +0.00 integ.vbp +0.00 +0.00 omni.gos X     +0.0 ,Y     +0.0. omgD +0.000 omg  +0.00 loop   4553
[0mBatt=23.4 [0mODOM [31mVisionX  +0.00 Y  +0.00 theta   +0.0 elt    0 [0mimu  -1.1 Dt    2 LtCy    1 integ.govd   -0.00   -0.00 integ.vbp -0.00 -0.00 omni.gos X     -0.0 ,Y     -0.1. omgD -0.004 omg  +0.00 loop   4502
[0mBatt=23.4 [0mODOM [31mVisionX  +0.00 Y  +0.00 theta   +0.0 elt    0 [0mimu  -1.1 Dt    8 LtCy    4 integ.govd   -0.00   -0.00 integ.vbp -0.00 -0.00 omni.gos X     +0.0 ,Y     +0.0. omgD +0.000 omg  +0.00 loop   4453
[0mBatt=23.5 [0mODOM [31mVisionX  +0.00 Y  +0.00 theta   +0.0 elt    0 [0mimu  -1.1 Dt    4 LtCy    2 integ.govd   -0.00   -0.00 integ.vbp -0.00 -0.00 omni.gos X     +0.0 ,Y     -0.1. omgD -0.008 omg  +0.00 loop   4495
[0mBatt=23.5 [0mODOM [31mVisionX  +0.00 Y  +0.00 theta   +0.0 elt    0 [0mimu  -1.1 Dt    2 LtCy    1 integ.govd   +0.00   -0.00 integ.vbp +0.00 -0.00 omni.gos X     +0.0 ,Y     -0.1. omgD -0.008 omg  +0.00 loop   4461
[0mBatt=23.5 [0mODOM [31mVisionX  +0.00 Y  +0.00 theta   +0.0 elt    0 [0mimu  -1.1 Dt    8 LtCy    4 integ.govd   +0.00   +0.00 integ.vbp +0.00 +0.00 omni.gos X     +0.0 ,Y     +0.1. omgD +0.004 omg  +0.00 loop   4542
[0mBatt=23.5 [0mODOM [31mVisionX  +0.00 Y  +0.00 theta   +0.0 elt    0 [0mimu  -1.1 Dt    2 LtCy    1 integ.govd   -0.00   -0.00 integ.vbp -0.00 -0.00 omni.gos X     -0.0 ,Y     -0.2. omgD -0.013 omg  +0.00 loop   4464
[0mBatt=23.5 [0mODOM [31mVisionX  +0.00 Y  +0.00 theta   +0.0 elt    0 [0mimu  -1.1 Dt    0 LtCy    0 integ.govd   +0.00   +0.00 integ.vbp +0.00 +0.00 omni.gos X     +0.0 ,Y     -0.1. omgD -0.004 omg  +0.00 loop   4458
[0mBatt=23.4 [0mODOM [31mVisionX  +0.00 Y  +0.00 theta   +0.0 elt    0 [0mimu  -1.1 Dt    6 LtCy    3 integ.govd   +0.00   +0.00 integ.vbp +0.00 +0.00 omni.gos X     +0.0 ,Y     +0.0. omgD +0.000 omg  +0.00 loop   4559
[0mBatt=23.4 [0mODOM [31mVisionX  +0.00 Y  +0.00 theta   +0.0 elt    0 [0mimu  -1.1 Dt    0 LtCy    0 integ.govd   +0.00   +0.00 integ.vbp +0.00 +0.00 omni.gos X     +0.0 ,Y     -0.1. omgD -0.008 omg  +0.00 loop   4479
[0mBatt=23.4 [0mODOM [31mVisionX  +0.00 Y  +0.00 theta   +0.0 elt    0 [0mimu  -1.1 Dt    6 LtCy    3 integ.govd   -0.00   -0.00 integ.vbp -0.00 -0.00 omni.gos X     +0.0 ,Y     -0.2. omgD -0.013 omg  +0.00 loop   4559
[0mBatt=23.4 [0mODOM [31mVisionX  +0.00 Y  +0.00 theta   +0.0 elt    0 [0mimu  -1.1 Dt    2 LtCy    1 integ.govd   +0.00   +0.00 integ.vbp +0.00 +0.00 omni.gos X     +0.0 ,Y     +0.0. omgD +0.000 omg  +0.00 loop   4447
[0mBatt=23.4 [0mODOM [31mVisionX  +0.00 Y  +0.00 theta   +0.0 elt    0 [0mimu  -1.1 Dt   10 LtCy    5 integ.govd   -0.00   -0.00 integ.vbp -0.00 -0.00 omni.gos X     -0.0 ,Y     -0.1. omgD -0.008 omg  +0.00 loop   4551
[0mBatt=23.4 [0mODOM [31mVisionX  +0.00 Y  +0.00 theta   +0.0 elt    0 [0mimu  -1.1 Dt    4 LtCy    2 integ.govd   -0.00   -0.00 integ.vbp -0.00 -0.00 omni.gos X     +0.0 ,Y     -0.1. omgD -0.004 omg  +0.00 loop   4432
[0mBatt=23.4 [0mODOM [31mVisionX  +0.00 Y  +0.00 theta   +0.0 elt    0 [0mimu  -1.1 Dt    2 LtCy    1 integ.govd   +0.00   -0.00 integ.vbp +0.00 -0.00 omni.gos X     +0.0 ,Y     -0.1. omgD -0.008 omg  +0.00 loop   4468
[0mBatt=23.4 [0mODOM [31mVisionX  +0.00 Y  +0.00 theta   +0.0 elt    0 [0mimu  -1.1 Dt    8 LtCy    4 integ.govd   -0.00   -0.00 integ.vbp -0.00 -0.00 omni.gos X     +0.0 ,Y     -0.1. omgD -0.004 omg  +0.00 loop   4528
[0mBatt=23.4 [0mODOM [31mVisionX  +0.00 Y  +0.00 theta   +0.0 elt    0 [0mimu  -1.1 Dt    2 LtCy    1 integ.govd   +0.00   -0.00 integ.vbp +0.00 -0.00 omni.gos X     +0.0 ,Y     -0.1. omgD -0.011 omg  +0.00 loop   4449
[0mBatt=23.4 [0mODOM [31mVisionX  +0.00 Y  +0.00 theta   +0.0 elt    0 [0mimu  -1.1 Dt    8 LtCy    4 integ.govd   +0.00   -0.00 integ.vbp +0.00 -0.00 omni.gos X     +0.0 ,Y     -0.1. omgD -0.006 omg  +0.00 loop   4554
[0mBatt=23.4 [0mODOM [31mVisionX  +0.00 Y  +0.00 theta   +0.0 elt    0 [0mimu  -1.1 Dt    4 LtCy    2 integ.govd   +0.00   -0.00 integ.vbp +0.00 -0.00 omni.gos X     +0.0 ,Y     -0.0. omgD -0.002 omg  +0.00 loop   4437
[0mBatt=23.4 [0mODOM [31mVisionX  +0.00 Y  +0.00 theta   +0.0 elt    0 [0mimu  -1.1 Dt    0 LtCy    0 integ.govd   +0.00   +0.00 integ.vbp +0.00 +0.00 omni.gos X     -0.0 ,Y     -0.2. omgD -0.013 omg  +0.00 loop   4468
[0mBatt=23.5 [0mODOM [31mVisionX  +0.00 Y  +0.00 theta   +0.0 elt    0 [0mimu  -1.1 Dt    6 LtCy    3 integ.govd   -0.00   -0.00 integ.vbp -0.00 -0.00 omni.gos X     +0.0 ,Y     -0.2. omgD -0.013 omg  +0.00 loop   4547
[0mBatt=23.5 [0mODOM [31mVisionX  +0.00 Y  +0.00 theta   +0.0 elt    0 [0mimu  -1.1 Dt    2 LtCy    1 integ.govd   -0.00   -0.00 integ.vbp -0.00 -0.00 omni.gos X     -0.0 ,Y     -0.1. omgD -0.004 omg  +0.00 loop   4456
[0mBatt=23.4 [0mODOM [31mVisionX  +0.00 Y  +0.00 theta   +0.0 elt    0 [0mimu  -1.1 Dt    0 LtCy    0 integ.govd   +0.00   +0.00 integ.vbp +0.00 +0.00 omni.gos X     +0.0 ,Y     -0.1. omgD -0.004 omg  +0.00 loop   4440
[0mBatt=23.4 [0mODOM [31mVisionX  +0.00 Y  +0.00 theta   +0.0 elt    0 [0mimu  -1.1 Dt    4 LtCy    2 integ.govd   -0.00   -0.00 integ.vbp -0.00 -0.00 omni.gos X     -0.0 ,Y     -0.1. omgD -0.008 omg  +0.00 loop   4555
[0mBatt=23.4 [0mODOM [31mVisionX  +0.00 Y  +0.00 theta   +0.0 elt    0 [0mimu  -1.1 Dt    0 LtCy    0 integ.govd   +0.00   +0.00 integ.vbp +0.00 +0.00 omni.gos X     -0.0 ,Y     -0.1. omgD -0.011 omg  +0.00 loop   4455
[0mBatt=23.4 [0mODOM [31mVisionX  +0.00 Y  +0.00 theta   +0.0 elt    0 [0mimu  -1.1 Dt    8 LtCy    4 integ.govd   +0.00   +0.00 integ.vbp +0.00 +0.00 omni.gos X     +0.0 ,Y     +0.0. omgD +0.000 omg  +0.00 loop   4521
[0mBatt=23.4 [0mODOM [31mVisionX  +0.00 Y  +0.00 theta   +0.0 elt    0 [0mimu  -1.1 Dt    2 LtCy    1 integ.govd   +0.00   -0.00 integ.vbp +0.00 -0.00 omni.gos X     +0.0 ,Y     -0.0. omgD -0.002 omg  +0.00 loop   4502
[0mBatt=23.4 [0mODOM [31mVisionX  +0.00 Y  +0.00 theta   +0.0 elt    0 [0mimu  -1.1 Dt    0 LtCy    0 integ.govd   +0.00   +0.00 integ.vbp +0.00 +0.00 omni.gos X     +0.0 ,Y     -0.1. omgD -0.004 omg  +0.00 loop   4476
[0mBatt=23.4 [0mODOM [31mVisionX  +0.00 Y  +0.00 theta   +0.0 elt    0 [0mimu  -1.1 Dt    6 LtCy    3 integ.govd   -0.00   -0.00 integ.vbp -0.00 -0.00 omni.gos X     -0.0 ,Y     -0.1. omgD -0.006 omg  +0.00 loop   4546
[0mBatt=23.4 [0mODOM [31mVisionX  +0.00 Y  +0.00 theta   +0.0 elt    0 [0mimu  -1.1 Dt    2 LtCy    1 integ.govd   +0.00   -0.00 integ.vbp +0.00 -0.00 omni.gos X     +0.0 ,Y     -0.1. omgD -0.006 omg  +0.00 loop   4453
[0mBatt=23.4 [0mODOM [31mVisionX  +0.00 Y  +0.00 theta   +0.0 elt    0 [0mimu  -1.1 Dt    8 LtCy    4 integ.govd   -0.00   -0.00 integ.vbp -0.00 -0.00 omni.gos X     +0.0 ,Y     -0.2. omgD -0.013 omg  +0.00 loop   4550
[0mBatt=23.4 [0mODOM [31mVisionX  +0.00 Y  +0.00 theta   +0.0 elt    0 [0mimu  -1.1 Dt    4 LtCy    2 integ.govd   -0.00   -0.00 integ.vbp -0.00 -0.00 omni.gos X     +0.0 ,Y     -0.1. omgD -0.008 omg  +0.00 loop   4465
[0mBatt=23.4 [0mODOM [31mVisionX  +0.00 Y  +0.00 theta   +0.0 elt    0 [0mimu  -1.1 Dt    0 LtCy    0 integ.govd   +0.00   +0.00 integ.vbp +0.00 +0.00 omni.gos X     -0.0 ,Y     -0.2. omgD -0.015 omg  +0.00 loop   4442
[0mBatt=23.4 [0mODOM [31mVisionX  +0.00 Y  +0.00 theta   +0.0 elt    0 [0mimu  -1.1 Dt    6 LtCy    3 integ.govd   +0.00   +0.00 integ.vbp +0.00 +0.00 omni.gos X     +0.0 ,Y     +0.1. omgD +0.004 omg  +0.00 loop   4553
[0mBatt=23.4 [0mODOM [31mVisionX  +0.00 Y  +0.00 theta   +0.0 elt    0 [0mimu  -1.1 Dt    2 LtCy    1 integ.govd   +0.00   -0.00 integ.vbp +0.00 -0.00 omni.gos X     +0.0 ,Y     -0.1. omgD -0.004 omg  +0.00 loop   4463
[0mBatt=23.4 [0mODOM [31mVisionX  +0.00 Y  +0.00 theta   +0.0 elt    0 [0mimu  -1.1 Dt    8 LtCy    4 integ.govd   -0.00   -0.00 integ.vbp -0.00 -0.00 omni.gos X     +0.0 ,Y     -0.1. omgD -0.008 omg  +0.00 loop   4535
[0mBatt=23.4 [0mODOM [31mVisionX  +0.00 Y  +0.00 theta   +0.0 elt    0 [0mimu  -1.1 Dt    4 LtCy    2 integ.govd   +0.00   -0.00 integ.vbp +0.00 -0.00 omni.gos X     +0.0 ,Y     -0.1. omgD -0.008 omg  +0.00 loop   4438
[0mBatt=23.4 [0mODOM [31mVisionX  +0.00 Y  +0.00 theta   +0.0 elt    0 [0mimu  -1.1 Dt   10 LtCy    5 integ.govd   -0.00   -0.00 integ.vbp -0.00 -0.00 omni.gos X     +0.0 ,Y     -0.1. omgD -0.008 omg  +0.00 loop   4494
[0mBatt=23.4 [0mODOM [31mVisionX  +0.00 Y  +0.00 theta   +0.0 elt    0 [0mimu  -1.1 Dt    6 LtCy    3 integ.govd   -0.00   -0.00 integ.vbp -0.00 -0.00 omni.gos X     -0.0 ,Y     -0.1. omgD -0.004 omg  +0.00 loop   4496
[0mBatt=23.4 [0mODOM [31mVisionX  +0.00 Y  +0.00 theta   +0.0 elt    0 [0mimu  -1.1 Dt    2 LtCy    1 integ.govd   +0.00   -0.00 integ.vbp +0.00 -0.00 omni.gos X     +0.0 ,Y     -0.2. omgD -0.013 omg  +0.00 loop   4453
[0mBatt=23.4 [0mODOM [31mVisionX  +0.00 Y  +0.00 theta   +0.0 elt    0 [0mimu  -1.1 Dt    6 LtCy    3 integ.govd   -0.00   -0.00 integ.vbp -0.00 -0.00 omni.gos X     +0.0 ,Y     -0.1. omgD -0.008 omg  +0.00 loop   4557
[0mBatt=23.4 [0mODOM [31mVisionX  +0.00 Y  +0.00 theta   +0.0 elt    0 [0mimu  -1.1 Dt    2 LtCy    1 integ.govd   +0.00   -0.00 integ.vbp +0.00 -0.00 omni.gos X     +0.0 ,Y     -0.1. omgD -0.004 omg  +0.00 loop   4432
[0mBatt=23.4 [0mODOM [31mVisionX  +0.00 Y  +0.00 theta   +0.0 elt    0 [0mimu  -1.1 Dt    8 LtCy    4 integ.govd   -0.00   -0.00 integ.vbp -0.00 -0.00 omni.gos X     +0.0 ,Y     +0.0. omgD +0.000 omg  +0.00 loop   4497
[0mBatt=23.4 [0mODOM [31mVisionX  +0.00 Y  +0.00 theta   +0.0 elt    0 [0mimu  -1.1 Dt    6 LtCy    3 integ.govd   -0.00   -0.00 integ.vbp -0.00 -0.00 omni.gos X     +0.0 ,Y     -0.1. omgD -0.008 omg  +0.00 loop   4499
[0mBatt=23.4 [0mODOM [31mVisionX  +0.00 Y  +0.00 theta   +0.0 elt    0 [0mimu  -1.1 Dt    0 LtCy    0 integ.govd   +0.00   +0.00 integ.vbp +0.00 +0.00 omni.gos X     +0.0 ,Y     -0.1. omgD -0.004 omg  +0.00 loop   4450
[0mBatt=23.4 [0mODOM [31mVisionX  +0.00 Y  +0.00 theta   +0.0 elt    0 [0mimu  -1.1 Dt    6 LtCy    3 integ.govd   -0.00   -0.00 integ.vbp -0.00 -0.00 omni.gos X     +0.0 ,Y     -0.1. omgD -0.008 omg  +0.00 loop   4542
[0mBatt=23.4 [0mODOM [31mVisionX  +0.00 Y  +0.00 theta   +0.0 elt    0 [0mimu  -1.1 Dt    4 LtCy    2 integ.govd   -0.00   -0.00 integ.vbp -0.00 -0.00 omni.gos X     -0.0 ,Y     -0.1. omgD -0.008 omg  +0.00 loop   4462
[0mBatt=23.4 [0mODOM [31mVisionX  +0.00 Y  +0.00 theta   +0.0 elt    0 [0mimu  -1.1 Dt   10 LtCy    5 integ.govd   -0.00   -0.00 integ.vbp -0.00 -0.00 omni.gos X     -0.0 ,Y     -0.1. omgD -0.004 omg  +0.00 loop   4484
[0mBatt=23.4 [0mODOM [31mVisionX  +0.00 Y  +0.00 theta   +0.0 elt    0 [0mimu  -1.1 Dt    4 LtCy    2 integ.govd   +0.00   -0.00 integ.vbp +0.00 -0.00 omni.gos X     +0.0 ,Y     -0.2. omgD -0.013 omg  +0.00 loop   4470
[0mBatt=23.4 [0mODOM [31mVisionX  +0.00 Y  +0.00 theta   +0.0 elt    0 [0mimu  -1.1 Dt    2 LtCy    1 integ.govd   -0.00   -0.00 integ.vbp -0.00 -0.00 omni.gos X     -0.0 ,Y     -0.1. omgD -0.004 omg  +0.00 loop   2147
[0mBatt=23.4 [0mODOM [31mVisionX  +0.00 Y  +0.00 theta   +0.0 elt    0 [0mimu  -1.1 Dt    8 LtCy    4 integ.govd   +0.00   -0.00 integ.vbp +0.00 -0.00 omni.gos X     +0.0 ,Y     -0.1. omgD -0.004 omg  +0.00 loop   4488
[0mBatt=23.4 [0mODOM [31mVisionX  +0.00 Y  +0.00 theta   +0.0 elt    0 [0mimu  -1.1 Dt    6 LtCy    3 integ.govd   -0.00   -0.00 integ.vbp -0.00 -0.00 omni.gos X     +0.0 ,Y     -0.2. omgD -0.013 omg  +0.00 loop   4501
[0mBatt=23.4 [0mODOM [31mVisionX  +0.00 Y  +0.00 theta   +0.0 elt    0 [0mimu  -1.1 Dt    0 LtCy    0 integ.govd   +0.00   +0.00 integ.vbp +0.00 +0.00 omni.gos X     +0.0 ,Y     -0.2. omgD -0.013 omg  +0.00 loop   4437
[0mBatt=23.4 [0mODOM [31mVisionX  +0.00 Y  +0.00 theta   +0.0 elt    0 [0mimu  -1.1 Dt    6 LtCy    3 integ.govd   -0.00   -0.00 integ.vbp -0.00 -0.00 omni.gos X     +0.0 ,Y     -0.1. omgD -0.008 omg  +0.00 loop   4557
[0mBatt=23.4 [0mODOM [31mVisionX  +0.00 Y  +0.00 theta   +0.0 elt    0 [0mimu  -1.1 Dt    4 LtCy    2 integ.govd   +0.00   -0.00 integ.vbp +0.00 -0.00 omni.gos X     +0.0 ,Y     -0.1. omgD -0.004 omg  +0.00 loop   4470
[0mBatt=23.4 [0mODOM [31mVisionX  +0.00 Y  +0.00 theta   +0.0 elt    0 [0mimu  -1.1 Dt    0 LtCy    0 integ.govd   +0.00   +0.00 integ.vbp +0.00 +0.00 omni.gos X     +0.0 ,Y     +0.0. omgD +0.000 omg  +0.00 loop   4452
[0mBatt=23.4 [0mODOM [31mVisionX  +0.00 Y  +0.00 theta   +0.0 elt    0 [0mimu  -1.1 Dt    4 LtCy    2 integ.govd   +0.00   -0.00 integ.vbp +0.00 -0.00 omni.gos X     +0.0 ,Y     -0.1. omgD -0.004 omg  +0.00 loop   4559
[0mBatt=23.4 [0mODOM [31mVisionX  +0.00 Y  +0.00 theta   +0.0 elt    0 [0mimu  -1.1 Dt    2 LtCy    1 integ.govd   -0.00   -0.00 integ.vbp -0.00 -0.00 omni.gos X     -0.0 ,Y     -0.2. omgD -0.017 omg  +0.00 loop   4486
[0mBatt=23.4 [0mODOM [31mVisionX  +0.00 Y  +0.00 theta   +0.0 elt    0 [0mimu  -1.1 Dt    8 LtCy    4 integ.govd   -0.00   -0.00 integ.vbp -0.00 -0.00 omni.gos X     +0.0 ,Y     -0.3. omgD -0.021 omg  +0.00 loop   4500
[0mBatt=23.4 [0mODOM [31mVisionX  +0.00 Y  +0.00 theta   +0.0 elt    0 [0mimu  -1.1 Dt    2 LtCy    1 integ.govd   -0.00   -0.00 integ.vbp -0.00 -0.00 omni.gos X     -0.0 ,Y     -0.2. omgD -0.013 omg  +0.00 loop   4461
[0mBatt=23.4 [0mODOM [31mVisionX  +0.00 Y  +0.00 theta   +0.0 elt    0 [0mimu  -1.1 Dt    8 LtCy    4 integ.govd   -0.00   -0.00 integ.vbp -0.00 -0.00 omni.gos X     -0.0 ,Y     -0.1. omgD -0.004 omg  +0.00 loop   4505
[0mBatt=23.4 [0mODOM [31mVisionX  +0.00 Y  +0.00 theta   +0.0 elt    0 [0mimu  -1.1 Dt    4 LtCy    2 integ.govd   +0.00   +0.00 integ.vbp +0.00 +0.00 omni.gos X     +0.0 ,Y     +0.2. omgD +0.013 omg  +0.00 loop   4431
[0mBatt=23.4 [0mODOM [31mVisionX  +0.00 Y  +0.00 theta   +0.0 elt    0 [0mimu  -1.1 Dt    2 LtCy    1 integ.govd   +0.00   +0.00 integ.vbp +0.00 +0.00 omni.gos X     +0.0 ,Y     +0.0. omgD +0.000 omg  +0.00 loop   4440
[0mBatt=23.4 [0mODOM [31mVisionX  +0.00 Y  +0.00 theta   +0.0 elt    0 [0mimu  -1.1 Dt    6 LtCy    3 integ.govd   -0.00   -0.00 integ.vbp -0.00 -0.00 omni.gos X     -0.0 ,Y     -0.1. omgD -0.008 omg  +0.00 loop   4564
[0mBatt=23.4 [0mODOM [31mVisionX  +0.00 Y  +0.00 theta   +0.0 elt    0 [0mimu  -1.1 Dt    2 LtCy    1 integ.govd   -0.00   -0.00 integ.vbp -0.00 -0.00 omni.gos X     -0.0 ,Y     -0.2. omgD -0.017 omg  +0.00 loop   4450
[0mBatt=23.4 [0mODOM [31mVisionX  +0.00 Y  +0.00 theta   +0.0 elt    0 [0mimu  -1.1 Dt    0 LtCy    0 integ.govd   +0.00   +0.00 integ.vbp +0.00 +0.00 omni.gos X     +0.0 ,Y     -0.1. omgD -0.004 omg  +0.00 loop   4429
[0mBatt=23.4 [0mODOM [31mVisionX  +0.00 Y  +0.00 theta   +0.0 elt    0 [0mimu  -1.1 Dt    4 LtCy    2 integ.govd   +0.00   +0.00 integ.vbp +0.00 +0.00 omni.gos X     +0.0 ,Y     +0.1. omgD +0.004 omg  +0.00 loop   4560
[0mBatt=23.4 [0mODOM [31mVisionX  +0.00 Y  +0.00 theta   +0.0 elt    0 [0mimu  -1.1 Dt    2 LtCy    1 integ.govd   +0.00   +0.00 integ.vbp +0.00 +0.00 omni.gos X     +0.0 ,Y     +0.1. omgD +0.004 omg  +0.00 loop   4453
[0mBatt=23.4 [0mODOM [31mVisionX  +0.00 Y  +0.00 theta   +0.0 elt    0 [0mimu  -1.1 Dt    8 LtCy    4 integ.govd   -0.00   -0.00 integ.vbp -0.00 -0.00 omni.gos X     +0.0 ,Y     -0.1. omgD -0.008 omg  +0.00 loop   4533
[0mBatt=23.4 [0mODOM [31mVisionX  +0.00 Y  +0.00 theta   +0.0 elt    0 [0mimu  -1.1 Dt    2 LtCy    1 integ.govd   -0.00   -0.00 integ.vbp -0.00 -0.00 omni.gos X     -0.0 ,Y     -0.2. omgD -0.017 omg  +0.00 loop   4450
[0mBatt=23.4 [0mODOM [31mVisionX  +0.00 Y  +0.00 theta   +0.0 elt    0 [0mimu  -1.1 Dt    8 LtCy    4 integ.govd   -0.00   -0.00 integ.vbp -0.00 -0.00 omni.gos X     +0.0 ,Y     -0.2. omgD -0.013 omg  +0.00 loop   4515
[0mBatt=23.4 [0mODOM [31mVisionX  +0.00 Y  +0.00 theta   +0.0 elt    0 [0mimu  -1.1 Dt    4 LtCy    2 integ.govd   +0.00   +0.00 integ.vbp +0.00 +0.00 omni.gos X     +0.0 ,Y     +0.0. omgD +0.000 omg  +0.00 loop   4444
[0mBatt=23.4 [0mODOM [31mVisionX  +0.00 Y  +0.00 theta   +0.0 elt    0 [0mimu  -1.1 Dt    0 LtCy    0 integ.govd   +0.00   +0.00 integ.vbp +0.00 +0.00 omni.gos X     +0.0 ,Y     +0.1. omgD +0.004 omg  +0.00 loop   4477
[0mBatt=23.4 [0mODOM [31mVisionX  +0.00 Y  +0.00 theta   +0.0 elt    0 [0mimu  -1.1 Dt    6 LtCy    3 integ.govd   +0.00   +0.00 integ.vbp +0.00 +0.00 omni.gos X     +0.0 ,Y     +0.0. omgD +0.000 omg  +0.00 loop   4561
[0mBatt=23.4 [0mODOM [31mVisionX  +0.00 Y  +0.00 theta   +0.0 elt    0 [0mimu  -1.1 Dt    2 LtCy    1 integ.govd   +0.00   -0.00 integ.vbp +0.00 -0.00 omni.gos X     +0.0 ,Y     -0.2. omgD -0.013 omg  +0.00 loop   4466
[0mBatt=23.4 [0mODOM [31mVisionX  +0.00 Y  +0.00 theta   +0.0 elt    0 [0mimu  -1.1 Dt    0 LtCy    0 integ.govd   +0.00   +0.00 integ.vbp +0.00 +0.00 omni.gos X     -0.0 ,Y     -0.1. omgD -0.008 omg  +0.00 loop   4470
[0mBatt=23.4 [0mODOM [31mVisionX  +0.00 Y  +0.00 theta   +0.0 elt    0 [0mimu  -1.1 Dt    4 LtCy    2 integ.govd   +0.00   -0.00 integ.vbp +0.00 -0.00 omni.gos X     +0.0 ,Y     -0.1. omgD -0.008 omg  +0.00 loop   4548
[0mBatt=23.4 [0mODOM [31mVisionX  +0.00 Y  +0.00 theta   +0.0 elt    0 [0mimu  -1.1 Dt    2 LtCy    1 integ.govd   +0.00   -0.00 integ.vbp +0.00 -0.00 omni.gos X     +0.0 ,Y     -0.1. omgD -0.004 omg  +0.00 loop   4480
[0mBatt=23.4 [0mODOM [31mVisionX  +0.00 Y  +0.00 theta   +0.0 elt    0 [0mimu  -1.1 Dt    8 LtCy    4 integ.govd   +0.00   -0.00 integ.vbp +0.00 -0.00 omni.gos X     +0.0 ,Y     -0.1. omgD -0.004 omg  +0.00 loop   4524
[0mBatt=23.4 [0mODOM [31mVisionX  +0.00 Y  +0.00 theta   +0.0 elt    0 [0mimu  -1.1 Dt    4 LtCy    2 integ.govd   -0.00   -0.00 integ.vbp -0.00 -0.00 omni.gos X     +0.0 ,Y     -0.3. omgD -0.021 omg  +0.00 loop   4479
[0mBatt=23.4 [0mODOM [31mVisionX  +0.00 Y  +0.00 theta   +0.0 elt    0 [0mimu  -1.1 Dt    0 LtCy    0 integ.govd   +0.00   +0.00 integ.vbp +0.00 +0.00 omni.gos X     -0.0 ,Y     -0.1. omgD -0.008 omg  +0.00 loop   4473
[0mBatt=23.4 [0mODOM [31mVisionX  +0.00 Y  +0.00 theta   +0.0 elt    0 [0mimu  -1.1 Dt    6 LtCy    3 integ.govd   -0.00   -0.00 integ.vbp -0.00 -0.00 omni.gos X     +0.0 ,Y     -0.1. omgD -0.008 omg  +0.00 loop   4520
[0mBatt=23.4 [0mODOM [31mVisionX  +0.00 Y  +0.00 theta   +0.0 elt    0 [0mimu  -1.1 Dt    2 LtCy    1 integ.govd   +0.00   -0.00 integ.vbp +0.00 -0.00 omni.gos X     +0.0 ,Y     -0.1. omgD -0.004 omg  +0.00 loop   4446
[0mBatt=23.4 [0mODOM [31mVisionX  +0.00 Y  +0.00 theta   +0.0 elt    0 [0mimu  -1.1 Dt    8 LtCy    4 integ.govd   +0.00   +0.00 integ.vbp +0.00 +0.00 omni.gos X     +0.0 ,Y     +0.0. omgD +0.000 omg  +0.00 loop   4547
[0mBatt=23.4 [0mODOM [31mVisionX  +0.00 Y  +0.00 theta   +0.0 elt    0 [0mimu  -1.1 Dt    4 LtCy    2 integ.govd   +0.00   -0.00 integ.vbp +0.00 -0.00 omni.gos X     +0.0 ,Y     -0.1. omgD -0.004 omg  +0.00 loop   4477
[0mBatt=23.4 [0mODOM [31mVisionX  +0.00 Y  +0.00 theta   +0.0 elt    0 [0mimu  -1.1 Dt   10 LtCy    5 integ.govd   -0.00   -0.00 integ.vbp -0.00 -0.00 omni.gos X     +0.0 ,Y     -0.1. omgD -0.008 omg  +0.00 loop   4503
[0mBatt=23.4 [0mODOM [31mVisionX  +0.00 Y  +0.00 theta   +0.0 elt    0 [0mimu  -1.1 Dt    4 LtCy    2 integ.govd   -0.00   -0.00 integ.vbp -0.00 -0.00 omni.gos X     -0.0 ,Y     -0.1. omgD -0.008 omg  +0.00 loop   4481
[0mBatt=23.4 [0mODOM [31mVisionX  +0.00 Y  +0.00 theta   +0.0 elt    0 [0mimu  -1.1 Dt    2 LtCy    1 integ.govd   +0.00   -0.00 integ.vbp +0.00 -0.00 omni.gos X     +0.0 ,Y     -0.2. omgD -0.013 omg  +0.00 loop   4456
[0mBatt=23.4 [0mODOM [31mVisionX  +0.00 Y  +0.00 theta   +0.0 elt    0 [0mimu  -1.1 Dt    8 LtCy    4 integ.govd   +0.00   +0.00 integ.vbp +0.00 +0.00 omni.gos X     +0.0 ,Y     +0.1. omgD +0.009 omg  +0.00 loop   4528
[0mBatt=23.4 [0mODOM [31mVisionX  +0.00 Y  +0.00 theta   +0.0 elt    0 [0mimu  -1.2 Dt    2 LtCy    1 integ.govd   +0.00   -0.00 integ.vbp +0.00 -0.00 omni.gos X     +0.0 ,Y     -0.2. omgD -0.013 omg  +0.00 loop   4458
[0mBatt=23.4 [0mODOM [31mVisionX  +0.00 Y  +0.00 theta   +0.0 elt    0 [0mimu  -1.2 Dt    0 LtCy    0 integ.govd   +0.00   +0.00 integ.vbp +0.00 +0.00 omni.gos X     +0.0 ,Y     -0.2. omgD -0.013 omg  +0.00 loop   4481
[0mBatt=23.4 [0mODOM [31mVisionX  +0.00 Y  +0.00 theta   +0.0 elt    0 [0mimu  -1.2 Dt    6 LtCy    3 integ.govd   -0.00   -0.00 integ.vbp -0.00 -0.00 omni.gos X     +0.0 ,Y     -0.2. omgD -0.017 omg  +0.00 loop   4533
[0mBatt=23.4 [0mODOM [31mVisionX  +0.00 Y  +0.00 theta   +0.0 elt    0 [0mimu  -1.2 Dt    2 LtCy    1 integ.govd   +0.00   -0.00 integ.vbp +0.00 -0.00 omni.gos X     +0.0 ,Y     -0.1. omgD -0.004 omg  +0.00 loop   4462
[0mBatt=23.4 [0mODOM [31mVisionX  +0.00 Y  +0.00 theta   +0.0 elt    0 [0mimu  -1.2 Dt    8 LtCy    4 integ.govd   +0.00   -0.00 integ.vbp +0.00 -0.00 omni.gos X     +0.0 ,Y     +0.0. omgD +0.000 omg  +0.00 loop   4553
[0mBatt=23.4 [0mODOM [31mVisionX  +0.00 Y  +0.00 theta   +0.0 elt    0 [0mimu  -1.2 Dt    4 LtCy    2 integ.govd   +0.00   -0.00 integ.vbp +0.00 -0.00 omni.gos X     +0.0 ,Y     -0.1. omgD -0.008 omg  +0.00 loop   4462
[0mBatt=23.4 [0mODOM [31mVisionX  +0.00 Y  +0.00 theta   +0.0 elt    0 [0mimu  -1.2 Dt    0 LtCy    0 integ.govd   +0.00   +0.00 integ.vbp +0.00 +0.00 omni.gos X     +0.0 ,Y     -0.2. omgD -0.013 omg  +0.00 loop   4458
[0mBatt=23.4 [0mODOM [31mVisionX  +0.00 Y  +0.00 theta   +0.0 elt    0 [0mimu  -1.2 Dt    6 LtCy    3 integ.govd   -0.00   -0.00 integ.vbp -0.00 -0.00 omni.gos X     +0.0 ,Y     -0.1. omgD -0.008 omg  +0.00 loop   4564
[0mBatt=23.4 [0mODOM [31mVisionX  +0.00 Y  +0.00 theta   +0.0 elt    0 [0mimu  -1.2 Dt    2 LtCy    1 integ.govd   +0.00   +0.00 integ.vbp +0.00 +0.00 omni.gos X     +0.0 ,Y     +0.0. omgD +0.000 omg  +0.00 loop   4440
[0mBatt=23.4 [0mODOM [31mVisionX  +0.00 Y  +0.00 theta   +0.0 elt    0 [0mimu  -1.2 Dt    8 LtCy    4 integ.govd   +0.00   +0.00 integ.vbp +0.00 +0.00 omni.gos X     +0.0 ,Y     +0.1. omgD +0.004 omg  +0.00 loop   4549
[0mBatt=23.4 [0mODOM [31mVisionX  +0.00 Y  +0.00 theta   +0.0 elt    0 [0mimu  -1.2 Dt    2 LtCy    1 integ.govd   -0.00   -0.00 integ.vbp -0.00 -0.00 omni.gos X     -0.0 ,Y     -0.1. omgD -0.004 omg  +0.00 loop   4469
[0mBatt=23.4 [0mODOM [31mVisionX  +0.00 Y  +0.00 theta   +0.0 elt    0 [0mimu  -1.2 Dt    8 LtCy    4 integ.govd   -0.00   -0.00 integ.vbp -0.00 -0.00 omni.gos X     -0.0 ,Y     -0.1. omgD -0.004 omg  +0.00 loop   4511
[0mBatt=23.4 [0mODOM [31mVisionX  +0.00 Y  +0.00 theta   +0.0 elt    0 [0mimu  -1.2 Dt    4 LtCy    2 integ.govd   -0.00   -0.00 integ.vbp -0.00 -0.00 omni.gos X     -0.0 ,Y     -0.1. omgD -0.008 omg  +0.00 loop   4428
[0mBatt=23.4 [0mODOM [31mVisionX  +0.00 Y  +0.00 theta   +0.0 elt    0 [0mimu  -1.2 Dt    0 LtCy    0 integ.govd   +0.00   +0.00 integ.vbp +0.00 +0.00 omni.gos X     +0.0 ,Y     -0.1. omgD -0.011 omg  +0.00 loop   4454
[0mBatt=23.4 [0mODOM [31mVisionX  +0.00 Y  +0.00 theta   +0.0 elt    0 [0mimu  -1.2 Dt    6 LtCy    3 integ.govd   -0.00   -0.00 integ.vbp -0.00 -0.00 omni.gos X     +0.0 ,Y     -0.1. omgD -0.011 omg  +0.00 loop   4564
[0mBatt=23.4 [0mODOM [31mVisionX  +0.00 Y  +0.00 theta   +0.0 elt    0 [0mimu  -1.2 Dt    2 LtCy    1 integ.govd   +0.00   +0.00 integ.vbp +0.00 +0.00 omni.gos X     +0.0 ,Y     +0.0. omgD +0.002 omg  +0.00 loop   4441
[0mBatt=23.4 [0mODOM [31mVisionX  +0.00 Y  +0.00 theta   +0.0 elt    0 [0mimu  -1.2 Dt    8 LtCy    4 integ.govd   +0.00   +0.00 integ.vbp +0.00 +0.00 omni.gos X     +0.0 ,Y     -0.0. omgD -0.002 omg  +0.00 loop   4525
[0mBatt=23.4 [0mODOM [31mVisionX  +0.00 Y  +0.00 theta   +0.0 elt    0 [0mimu  -1.2 Dt    4 LtCy    2 integ.govd   +0.00   -0.00 integ.vbp +0.00 -0.00 omni.gos X     +0.0 ,Y     -0.0. omgD -0.002 omg  +0.00 loop   4477
[0mBatt=23.4 [0mODOM [31mVisionX  +0.00 Y  +0.00 theta   +0.0 elt    0 [0mimu  -1.2 Dt    0 LtCy    0 integ.govd   +0.00   +0.00 integ.vbp +0.00 +0.00 omni.gos X     +0.0 ,Y     -0.1. omgD -0.006 omg  +0.00 loop   4466
[0mBatt=23.4 [0mODOM [31mVisionX  +0.00 Y  +0.00 theta   +0.0 elt    0 [0mimu  -1.2 Dt    6 LtCy    3 integ.govd   -0.00   -0.00 integ.vbp -0.00 -0.00 omni.gos X     -0.0 ,Y     -0.1. omgD -0.011 omg  +0.00 loop   4545
[0mBatt=23.4 [0mODOM [31mVisionX  +0.00 Y  +0.00 theta   +0.0 elt    0 [0mimu  -1.2 Dt    2 LtCy    1 integ.govd   +0.00   -0.00 integ.vbp +0.00 -0.00 omni.gos X     +0.0 ,Y     -0.1. omgD -0.006 omg  +0.00 loop   4452
[0mBatt=23.4 [0mODOM [31mVisionX  +0.00 Y  +0.00 theta   +0.0 elt    0 [0mimu  -1.2 Dt    8 LtCy    4 integ.govd   +0.00   -0.00 integ.vbp +0.00 -0.00 omni.gos X     +0.0 ,Y     -0.1. omgD -0.004 omg  +0.00 loop   4527
[0mBatt=23.4 [0mODOM [31mVisionX  +0.00 Y  +0.00 theta   +0.0 elt    0 [0mimu  -1.2 Dt    4 LtCy    2 integ.govd   +0.00   -0.00 integ.vbp +0.00 -0.00 omni.gos X     +0.0 ,Y     -0.1. omgD -0.006 omg  +0.00 loop   4448
[0mBatt=23.4 [0mODOM [31mVisionX  +0.00 Y  +0.00 theta   +0.0 elt    0 [0mimu  -1.2 Dt    2 LtCy    1 integ.govd   -0.00   -0.00 integ.vbp -0.00 -0.00 omni.gos X     -0.0 ,Y     -0.2. omgD -0.013 omg  +0.00 loop   2152
[0mBatt=23.4 [0mODOM [31mVisionX  +0.00 Y  +0.00 theta   +0.0 elt    0 [0mimu  -1.2 Dt    0 LtCy    0 integ.govd   +0.00   +0.00 integ.vbp +0.00 +0.00 omni.gos X     +0.0 ,Y     -0.1. omgD -0.006 omg  +0.00 loop   4465
[0mBatt=23.4 [0mODOM [31mVisionX  +0.00 Y  +0.00 theta   +0.0 elt    0 [0mimu  -1.2 Dt    4 LtCy    2 integ.govd   +0.00   -0.00 integ.vbp +0.00 -0.00 omni.gos X     +0.0 ,Y     -0.1. omgD -0.006 omg  +0.00 loop   4532
[0mBatt=23.4 [0mODOM [31mVisionX  +0.00 Y  +0.00 theta   +0.0 elt    0 [0mimu  -1.2 Dt    0 LtCy    0 integ.govd   +0.00   +0.00 integ.vbp +0.00 +0.00 omni.gos X     +0.0 ,Y     -0.1. omgD -0.006 omg  +0.00 loop   4472
[0mBatt=23.4 [0mODOM [31mVisionX  +0.00 Y  +0.00 theta   +0.0 elt    0 [0mimu  -1.2 Dt    6 LtCy    3 integ.govd   -0.00   -0.00 integ.vbp -0.00 -0.00 omni.gos X     +0.0 ,Y     -0.1. omgD -0.006 omg  +0.00 loop   4559
[0mBatt=23.4 [0mODOM [31mVisionX  +0.00 Y  +0.00 theta   +0.0 elt    0 [0mimu  -1.2 Dt    2 LtCy    1 integ.govd   -0.00   -0.00 integ.vbp -0.00 -0.00 omni.gos X     -0.0 ,Y     -0.1. omgD -0.006 omg  +0.00 loop   4457
[0mBatt=23.4 [0mODOM [31mVisionX  +0.00 Y  +0.00 theta   +0.0 elt    0 [0mimu  -1.2 Dt    6 LtCy    3 integ.govd   +0.00   -0.00 integ.vbp +0.00 -0.00 omni.gos X     +0.0 ,Y     -0.1. omgD -0.008 omg  +0.00 loop   4501
[0mBatt=23.4 [0mODOM [31mVisionX  +0.00 Y  +0.00 theta   +0.0 elt    0 [0mimu  -1.2 Dt    4 LtCy    2 integ.govd   +0.00   -0.00 integ.vbp +0.00 -0.00 omni.gos X     +0.0 ,Y     -0.1. omgD -0.006 omg  +0.00 loop   4479
[0mBatt=23.4 [0mODOM [31mVisionX  +0.00 Y  +0.00 theta   +0.0 elt    0 [0mimu  -1.2 Dt    0 LtCy    0 integ.govd   +0.00   +0.00 integ.vbp +0.00 +0.00 omni.gos X     -0.0 ,Y     -0.1. omgD -0.008 omg  +0.00 loop   4488
[0mBatt=23.4 [0mODOM [31mVisionX  +0.00 Y  +0.00 theta   +0.0 elt    0 [0mimu  -1.2 Dt    6 LtCy    3 integ.govd   -0.00   -0.00 integ.vbp -0.00 -0.00 omni.gos X     -0.0 ,Y     -0.1. omgD -0.008 omg  +0.00 loop   4523
[0mBatt=23.4 [0mODOM [31mVisionX  +0.00 Y  +0.00 theta   +0.0 elt    0 [0mimu  -1.2 Dt    2 LtCy    1 integ.govd   +0.00   -0.00 integ.vbp +0.00 -0.00 omni.gos X     +0.0 ,Y     -0.1. omgD -0.008 omg  +0.00 loop   4466
[0mBatt=23.4 [0mODOM [31mVisionX  +0.00 Y  +0.00 theta   +0.0 elt    0 [0mimu  -1.2 Dt    8 LtCy    4 integ.govd   -0.00   -0.00 integ.vbp -0.00 -0.00 omni.gos X     +0.0 ,Y     -0.1. omgD -0.006 omg  +0.00 loop   4543
[0mBatt=23.4 [0mODOM [31mVisionX  +0.00 Y  +0.00 theta   +0.0 elt    0 [0mimu  -1.2 Dt    4 LtCy    2 integ.govd   -0.00   -0.00 integ.vbp -0.00 -0.00 omni.gos X     +0.0 ,Y     -0.1. omgD -0.004 omg  +0.00 loop   4429
[0mBatt=23.4 [0mODOM [31mVisionX  +0.00 Y  +0.00 theta   +0.0 elt    0 [0mimu  -1.2 Dt    0 LtCy    0 integ.govd   +0.00   +0.00 integ.vbp +0.00 +0.00 omni.gos X     +0.0 ,Y     -0.2. omgD -0.013 omg  +0.00 loop   4457
[0mBatt=23.4 [0mODOM [31mVisionX  +0.00 Y  +0.00 theta   +0.0 elt    0 [0mimu  -1.2 Dt    6 LtCy    3 integ.govd   -0.00   -0.00 integ.vbp -0.00 -0.00 omni.gos X     +0.0 ,Y     -0.1. omgD -0.004 omg  +0.00 loop   4562
[0mBatt=23.4 [0mODOM [31mVisionX  +0.00 Y  +0.00 theta   +0.0 elt    0 [0mimu  -1.2 Dt    2 LtCy    1 integ.govd   -0.00   -0.00 integ.vbp -0.00 -0.00 omni.gos X     -0.0 ,Y     -0.1. omgD -0.008 omg  +0.00 loop   4435
[0mBatt=23.4 [0mODOM [31mVisionX  +0.00 Y  +0.00 theta   +0.0 elt    0 [0mimu  -1.2 Dt    8 LtCy    4 integ.govd   -0.00   -0.00 integ.vbp -0.00 -0.00 omni.gos X     +0.0 ,Y     -0.1. omgD -0.004 omg  +0.00 loop   4512
[0mBatt=23.4 [0mODOM [31mVisionX  +0.00 Y  +0.00 theta   +0.0 elt    0 [0mimu  -1.2 Dt    4 LtCy    2 integ.govd   +0.00   -0.00 integ.vbp +0.00 -0.00 omni.gos X     +0.0 ,Y     -0.2. omgD -0.013 omg  +0.00 loop   4461
[0mBatt=23.4 [0mODOM [31mVisionX  +0.00 Y  +0.00 theta   +0.0 elt    0 [0mimu  -1.2 Dt    0 LtCy    0 integ.govd   +0.00   +0.00 integ.vbp +0.00 +0.00 omni.gos X     +0.0 ,Y     -0.1. omgD -0.008 omg  +0.00 loop   4452
[0mBatt=23.4 [0mODOM [31mVisionX  +0.00 Y  +0.00 theta   +0.0 elt    0 [0mimu  -1.2 Dt    6 LtCy    3 integ.govd   -0.00   -0.00 integ.vbp -0.00 -0.00 omni.gos X     -0.0 ,Y     -0.1. omgD -0.008 omg  +0.00 loop   4535
[0mBatt=23.4 [0mODOM [31mVisionX  +0.00 Y  +0.00 theta   +0.0 elt    0 [0mimu  -1.2 Dt    2 LtCy    1 integ.govd   +0.00   -0.00 integ.vbp +0.00 -0.00 omni.gos X     +0.0 ,Y     -0.1. omgD -0.008 omg  +0.00 loop   4424
[0mBatt=23.4 [0mODOM [31mVisionX  +0.00 Y  +0.00 theta   +0.0 elt    0 [0mimu  -1.2 Dt    8 LtCy    4 integ.govd   -0.00   -0.00 integ.vbp -0.00 -0.00 omni.gos X     +0.0 ,Y     -0.1. omgD -0.004 omg  +0.00 loop   4496
[0mBatt=23.4 [0mODOM [31mVisionX  +0.00 Y  +0.00 theta   +0.0 elt    0 [0mimu  -1.2 Dt    6 LtCy    3 integ.govd   -0.00   -0.00 integ.vbp -0.00 -0.00 omni.gos X     -0.0 ,Y     -0.1. omgD -0.004 omg  +0.00 loop   4485
[0mBatt=23.4 [0mODOM [31mVisionX  +0.00 Y  +0.00 theta   +0.0 elt    0 [0mimu  -1.2 Dt    0 LtCy    0 integ.govd   +0.00   +0.00 integ.vbp +0.00 +0.00 omni.gos X     +0.0 ,Y     +0.0. omgD +0.000 omg  +0.00 loop   4450
[0mBatt=23.4 [0mODOM [31mVisionX  +0.00 Y  +0.00 theta   +0.0 elt    0 [0mimu  -1.2 Dt    6 LtCy    3 integ.govd   -0.00   -0.00 integ.vbp -0.00 -0.00 omni.gos X     -0.0 ,Y     -0.2. omgD -0.017 omg  +0.00 loop   4562
[0mBatt=23.4 [0mODOM [31mVisionX  +0.00 Y  +0.00 theta   +0.0 elt    0 [0mimu  -1.2 Dt    4 LtCy    2 integ.govd   +0.00   -0.00 integ.vbp +0.00 -0.00 omni.gos X     +0.0 ,Y     -0.1. omgD -0.008 omg  +0.00 loop   4436
[0mBatt=23.4 [0mODOM [31mVisionX  +0.00 Y  +0.00 theta   +0.0 elt    0 [0mimu  -1.2 Dt    0 LtCy    0 integ.govd   +0.00   +0.00 integ.vbp +0.00 +0.00 omni.gos X     -0.0 ,Y     -0.2. omgD -0.013 omg  +0.00 loop   4477
[0mBatt=23.4 [0mODOM [31mVisionX  +0.00 Y  +0.00 theta   +0.0 elt    0 [0mimu  -1.2 Dt    4 LtCy    2 integ.govd   +0.00   +0.00 integ.vbp +0.00 +0.00 omni.gos X     +0.0 ,Y     +0.0. omgD +0.000 omg  +0.00 loop   4556
[0mBatt=23.4 [0mODOM [31mVisionX  +0.00 Y  +0.00 theta   +0.0 elt    0 [0mimu  -1.2 Dt    2 LtCy    1 integ.govd   +0.00   +0.00 integ.vbp +0.00 +0.00 omni.gos X     +0.0 ,Y     +0.0. omgD +0.000 omg  +0.00 loop   4493
[0mBatt=23.4 [0mODOM [31mVisionX  +0.00 Y  +0.00 theta   +0.0 elt    0 [0mimu  -1.2 Dt    8 LtCy    4 integ.govd   -0.00   -0.00 integ.vbp -0.00 -0.00 omni.gos X     +0.0 ,Y     -0.1. omgD -0.008 omg  +0.00 loop   4549
[0mBatt=23.4 [0mODOM [31mVisionX  +0.00 Y  +0.00 theta   +0.0 elt    0 [0mimu  -1.2 Dt    4 LtCy    2 integ.govd   -0.00   -0.00 integ.vbp -0.00 -0.00 omni.gos X     +0.0 ,Y     -0.1. omgD -0.004 omg  +0.00 loop   4444
[0mBatt=23.4 [0mODOM [31mVisionX  +0.00 Y  +0.00 theta   +0.0 elt    0 [0mimu  -1.2 Dt    0 LtCy    0 integ.govd   +0.00   +0.00 integ.vbp +0.00 +0.00 omni.gos X     -0.0 ,Y     -0.1. omgD -0.004 omg  +0.00 loop   4468
[0mBatt=23.4 [0mODOM [31mVisionX  +0.00 Y  +0.00 theta   +0.0 elt    0 [0mimu  -1.2 Dt    6 LtCy    3 integ.govd   +0.00   -0.00 integ.vbp +0.00 -0.00 omni.gos X     +0.0 ,Y     -0.1. omgD -0.004 omg  +0.00 loop   4528
[0mBatt=23.4 [0mODOM [31mVisionX  +0.00 Y  +0.00 theta   +0.0 elt    0 [0mimu  -1.2 Dt    2 LtCy    1 integ.govd   +0.00   +0.00 integ.vbp +0.00 +0.00 omni.gos X     +0.0 ,Y     +0.0. omgD +0.000 omg  +0.00 loop   4481
[0mBatt=23.4 [0mODOM [31mVisionX  +0.00 Y  +0.00 theta   +0.0 elt    0 [0mimu  -1.2 Dt    8 LtCy    4 integ.govd   -0.00   -0.00 integ.vbp -0.00 -0.00 omni.gos X     +0.0 ,Y     -0.2. omgD -0.013 omg  +0.00 loop   4567
[0mBatt=23.4 [0mODOM [31mVisionX  +0.00 Y  +0.00 theta   +0.0 elt    0 [0mimu  -1.2 Dt    2 LtCy    1 integ.govd   -0.00   -0.00 integ.vbp -0.00 -0.00 omni.gos X     -0.0 ,Y     -0.2. omgD -0.013 omg  +0.00 loop   4433
[0mBatt=23.4 [0mODOM [31mVisionX  +0.00 Y  +0.00 theta   +0.0 elt    0 [0mimu  -1.2 Dt    0 LtCy    0 integ.govd   +0.00   +0.00 integ.vbp +0.00 +0.00 omni.gos X     +0.0 ,Y     -0.1. omgD -0.004 omg  +0.00 loop   4458
[0mBatt=23.4 [0mODOM [31mVisionX  +0.00 Y  +0.00 theta   +0.0 elt    0 [0mimu  -1.2 Dt    6 LtCy    3 integ.govd   -0.00   -0.00 integ.vbp -0.00 -0.00 omni.gos X     +0.0 ,Y     -0.1. omgD -0.008 omg  +0.00 loop   4562
[0mBatt=23.4 [0mODOM [31mVisionX  +0.00 Y  +0.00 theta   +0.0 elt    0 [0mimu  -1.2 Dt    2 LtCy    1 integ.govd   -0.00   -0.00 integ.vbp -0.00 -0.00 omni.gos X     -0.0 ,Y     -0.1. omgD -0.008 omg  +0.00 loop   4447
[0mBatt=23.4 [0mODOM [31mVisionX  +0.00 Y  +0.00 theta   +0.0 elt    0 [0mimu  -1.2 Dt    6 LtCy    3 integ.govd   -0.00   -0.00 integ.vbp -0.00 -0.00 omni.gos X     +0.0 ,Y     -0.1. omgD -0.008 omg  +0.00 loop   4517
[0mBatt=23.4 [0mODOM [31mVisionX  +0.00 Y  +0.00 theta   +0.0 elt    0 [0mimu  -1.2 Dt    0 LtCy    0 integ.govd   +0.00   +0.00 integ.vbp +0.00 +0.00 omni.gos X     +0.0 ,Y     -0.1. omgD -0.004 omg  +0.00 loop   4454
[0mBatt=23.4 [0mODOM [31mVisionX  +0.00 Y  +0.00 theta   +0.0 elt    0 [0mimu  -1.2 Dt    6 LtCy    3 integ.govd   +0.00   -0.00 integ.vbp +0.00 -0.00 omni.gos X     +0.0 ,Y     -0.1. omgD -0.008 omg  +0.00 loop   4548
[0mBatt=23.4 [0mODOM [31mVisionX  +0.00 Y  +0.00 theta   +0.0 elt    0 [0mimu  -1.2 Dt    2 LtCy    1 integ.govd   +0.00   +0.00 integ.vbp +0.00 +0.00 omni.gos X     +0.0 ,Y     +0.1. omgD +0.004 omg  +0.00 loop   4458
[0mBatt=23.4 [0mODOM [31mVisionX  +0.00 Y  +0.00 theta   +0.0 elt    0 [0mimu  -1.2 Dt    0 LtCy    0 integ.govd   +0.00   +0.00 integ.vbp +0.00 +0.00 omni.gos X     +0.0 ,Y     +0.0. omgD +0.000 omg  +0.00 loop   4465
[0mBatt=23.4 [0mODOM [31mVisionX  +0.00 Y  +0.00 theta   +0.0 elt    0 [0mimu  -1.2 Dt    4 LtCy    2 integ.govd   -0.00   -0.00 integ.vbp -0.00 -0.00 omni.gos X     -0.0 ,Y     -0.2. omgD -0.013 omg  +0.00 loop   4567
[0mBatt=23.4 [0mODOM [31mVisionX  +0.00 Y  +0.00 theta   +0.0 elt    0 [0mimu  -1.2 Dt    0 LtCy    0 integ.govd   +0.00   +0.00 integ.vbp +0.00 +0.00 omni.gos X     +0.0 ,Y     -0.1. omgD -0.008 omg  +0.00 loop   4416
[0mBatt=23.4 [0mODOM [31mVisionX  +0.00 Y  +0.00 theta   +0.0 elt    0 [0mimu  -1.2 Dt    6 LtCy    3 integ.govd   +0.00   -0.00 integ.vbp +0.00 -0.00 omni.gos X     +0.0 ,Y     -0.1. omgD -0.004 omg  +0.00 loop   4559
[0mBatt=23.4 [0mODOM [31mVisionX  +0.00 Y  +0.00 theta   +0.0 elt    0 [0mimu  -1.2 Dt    2 LtCy    1 integ.govd   +0.00   +0.00 integ.vbp +0.00 +0.00 omni.gos X     +0.0 ,Y     +0.0. omgD +0.000 omg  +0.00 loop   4468
[0mBatt=23.4 [0mODOM [31mVisionX  +0.00 Y  +0.00 theta   +0.0 elt    0 [0mimu  -1.2 Dt    8 LtCy    4 integ.govd   -0.00   -0.00 integ.vbp -0.00 -0.00 omni.gos X     +0.0 ,Y     -0.1. omgD -0.004 omg  +0.00 loop   4513
[0mBatt=23.4 [0mODOM [31mVisionX  +0.00 Y  +0.00 theta   +0.0 elt    0 [0mimu  -1.2 Dt    4 LtCy    2 integ.govd   -0.00   -0.00 integ.vbp -0.00 -0.00 omni.gos X     -0.0 ,Y     -0.1. omgD -0.004 omg  +0.00 loop   4473
[0mBatt=23.5 [0mODOM [31mVisionX  +0.00 Y  +0.00 theta   +0.0 elt    0 [0mimu  -1.2 Dt    0 LtCy    0 integ.govd   +0.00   +0.00 integ.vbp +0.00 +0.00 omni.gos X     -0.0 ,Y     -0.2. omgD -0.013 omg  +0.00 loop   4456
[0mBatt=23.5 [0mODOM [31mVisionX  +0.00 Y  +0.00 theta   +0.0 elt    0 [0mimu  -1.2 Dt    6 LtCy    3 integ.govd   -0.00   -0.00 integ.vbp -0.00 -0.00 omni.gos X     -0.0 ,Y     -0.1. omgD -0.008 omg  +0.00 loop   4536
[0mBatt=23.4 [0mODOM [31mVisionX  +0.00 Y  +0.00 theta   +0.0 elt    0 [0mimu  -1.2 Dt    2 LtCy    1 integ.govd   +0.00   -0.00 integ.vbp +0.00 -0.00 omni.gos X     +0.0 ,Y     -0.2. omgD -0.013 omg  +0.00 loop   4432
[0mBatt=23.4 [0mODOM [31mVisionX  +0.00 Y  +0.00 theta   +0.0 elt    0 [0mimu  -1.2 Dt    8 LtCy    4 integ.govd   +0.00   -0.00 integ.vbp +0.00 -0.00 omni.gos X     +0.0 ,Y     +0.0. omgD +0.000 omg  +0.00 loop   4547
[0mBatt=23.4 [0mODOM [31mVisionX  +0.00 Y  +0.00 theta   +0.0 elt    0 [0mimu  -1.2 Dt    4 LtCy    2 integ.govd   -0.00   -0.00 integ.vbp -0.00 -0.00 omni.gos X     -0.0 ,Y     -0.2. omgD -0.013 omg  +0.00 loop   4469
[0mBatt=23.4 [0mODOM [31mVisionX  +0.00 Y  +0.00 theta   +0.0 elt    0 [0mimu  -1.2 Dt    0 LtCy    0 integ.govd   +0.00   +0.00 integ.vbp +0.00 +0.00 omni.gos X     -0.0 ,Y     -0.2. omgD -0.013 omg  +0.00 loop   4420
[0mBatt=23.4 [0mODOM [31mVisionX  +0.00 Y  +0.00 theta   +0.0 elt    0 [0mimu  -1.2 Dt    6 LtCy    3 integ.govd   -0.00   -0.00 integ.vbp -0.00 -0.00 omni.gos X     +0.0 ,Y     -0.1. omgD -0.004 omg  +0.00 loop   4556
[0mBatt=23.4 [0mODOM [31mVisionX  +0.00 Y  +0.00 theta   +0.0 elt    0 [0mimu  -1.2 Dt    2 LtCy    1 integ.govd   +0.00   -0.00 integ.vbp +0.00 -0.00 omni.gos X     +0.0 ,Y     -0.1. omgD -0.008 omg  +0.00 loop   4470
[0mBatt=23.4 [0mODOM [31mVisionX  +0.00 Y  +0.00 theta   +0.0 elt    0 [0mimu  -1.2 Dt    8 LtCy    4 integ.govd   +0.00   -0.00 integ.vbp +0.00 -0.00 omni.gos X     +0.0 ,Y     -0.1. omgD -0.004 omg  +0.00 loop   4518
[0mBatt=23.4 [0mODOM [31mVisionX  +0.00 Y  +0.00 theta   +0.0 elt    0 [0mimu  -1.2 Dt    4 LtCy    2 integ.govd   +0.00   -0.00 integ.vbp +0.00 -0.00 omni.gos X     +0.0 ,Y     -0.1. omgD -0.008 omg  +0.00 loop   4467
[0mBatt=23.4 [0mODOM [31mVisionX  +0.00 Y  +0.00 theta   +0.0 elt    0 [0mimu  -1.2 Dt    0 LtCy    0 integ.govd   +0.00   +0.00 integ.vbp +0.00 +0.00 omni.gos X     +0.0 ,Y     -0.1. omgD -0.008 omg  +0.00 loop   4475
[0mBatt=23.4 [0mODOM [31mVisionX  +0.00 Y  +0.00 theta   +0.0 elt    0 [0mimu  -1.2 Dt    6 LtCy    3 integ.govd   -0.00   -0.00 integ.vbp -0.00 -0.00 omni.gos X     +0.0 ,Y     -0.2. omgD -0.013 omg  +0.00 loop   4540
[0mBatt=23.4 [0mODOM [31mVisionX  +0.00 Y  +0.00 theta   +0.0 elt    0 [0mimu  -1.2 Dt    2 LtCy    1 integ.govd   -0.00   -0.00 integ.vbp -0.00 -0.00 omni.gos X     -0.0 ,Y     -0.1. omgD -0.008 omg  +0.00 loop   4448
[0mBatt=23.4 [0mODOM [31mVisionX  +0.00 Y  +0.00 theta   +0.0 elt    0 [0mimu  -1.2 Dt    0 LtCy    0 integ.govd   +0.00   +0.00 integ.vbp +0.00 +0.00 omni.gos X     +0.0 ,Y     +0.0. omgD +0.000 omg  +0.00 loop   2130
[0mBatt=23.4 [0mODOM [31mVisionX  +0.00 Y  +0.00 theta   +0.0 elt    0 [0mimu  -1.2 Dt    6 LtCy    3 integ.govd   -0.00   -0.00 integ.vbp -0.00 -0.00 omni.gos X     -0.0 ,Y     -0.2. omgD -0.013 omg  +0.00 loop   4569
[0mBatt=23.4 [0mODOM [31mVisionX  +0.00 Y  +0.00 theta   +0.0 elt    0 [0mimu  -1.2 Dt    2 LtCy    1 integ.govd   -0.00   -0.00 integ.vbp -0.00 -0.00 omni.gos X     -0.0 ,Y     -0.1. omgD -0.008 omg  +0.00 loop   4425
[0mBatt=23.4 [0mODOM [31mVisionX  +0.00 Y  +0.00 theta   +0.0 elt    0 [0mimu  -1.2 Dt    8 LtCy    4 integ.govd   -0.00   -0.00 integ.vbp -0.00 -0.00 omni.gos X     +0.0 ,Y     -0.1. omgD -0.008 omg  +0.00 loop   4473
[0mBatt=23.4 [0mODOM [31mVisionX  +0.00 Y  +0.00 theta   +0.0 elt    0 [0mimu  -1.2 Dt    4 LtCy    2 integ.govd   +0.00   -0.00 integ.vbp +0.00 -0.00 omni.gos X     +0.0 ,Y     -0.1. omgD -0.004 omg  +0.00 loop   4512
[0mBatt=23.4 [0mODOM [31mVisionX  +0.00 Y  +0.00 theta   +0.0 elt    0 [0mimu  -1.2 Dt    0 LtCy    0 integ.govd   +0.00   +0.00 integ.vbp +0.00 +0.00 omni.gos X     +0.0 ,Y     -0.1. omgD -0.004 omg  +0.00 loop   4451
[0mBatt=23.4 [0mODOM [31mVisionX  +0.00 Y  +0.00 theta   +0.0 elt    0 [0mimu  -1.2 Dt    6 LtCy    3 integ.govd   -0.00   -0.00 integ.vbp -0.00 -0.00 omni.gos X     +0.0 ,Y     -0.2. omgD -0.017 omg  +0.00 loop   4544
[0mBatt=23.4 [0mODOM [31mVisionX  +0.00 Y  +0.00 theta   +0.0 elt    0 [0mimu  -1.2 Dt    2 LtCy    1 integ.govd   +0.00   -0.00 integ.vbp +0.00 -0.00 omni.gos X     +0.0 ,Y     -0.1. omgD -0.004 omg  +0.00 loop   4458
[0mBatt=23.4 [0mODOM [31mVisionX  +0.00 Y  +0.00 theta   +0.0 elt    0 [0mimu  -1.2 Dt    8 LtCy    4 integ.govd   -0.00   -0.00 integ.vbp -0.00 -0.00 omni.gos X     +0.0 ,Y     -0.1. omgD -0.008 omg  +0.00 loop   4503
[0mBatt=23.4 [0mODOM [31mVisionX  +0.00 Y  +0.00 theta   +0.0 elt    0 [0mimu  -1.2 Dt    4 LtCy    2 integ.govd   -0.00   -0.00 integ.vbp -0.00 -0.00 omni.gos X     -0.0 ,Y     -0.2. omgD -0.013 omg  +0.00 loop   4458
[0mBatt=23.4 [0mODOM [31mVisionX  +0.00 Y  +0.00 theta   +0.0 elt    0 [0mimu  -1.2 Dt    2 LtCy    1 integ.govd   +0.00   +0.00 integ.vbp +0.00 +0.00 omni.gos X     +0.0 ,Y     +0.0. omgD +0.000 omg  +0.00 loop   4465
[0mBatt=23.4 [0mODOM [31mVisionX  +0.00 Y  +0.00 theta   +0.0 elt    0 [0mimu  -1.2 Dt    6 LtCy    3 integ.govd   -0.00   -0.00 integ.vbp -0.00 -0.00 omni.gos X     +0.0 ,Y     -0.1. omgD -0.008 omg  +0.00 loop   4538
[0mBatt=23.4 [0mODOM [31mVisionX  +0.00 Y  +0.00 theta   +0.0 elt    0 [0mimu  -1.2 Dt    2 LtCy    1 integ.govd   -0.00   -0.00 integ.vbp -0.00 -0.00 omni.gos X     -0.0 ,Y     -0.1. omgD -0.008 omg  +0.00 loop   4446
[0mBatt=23.4 [0mODOM [31mVisionX  +0.00 Y  +0.00 theta   +0.0 elt    0 [0mimu  -1.2 Dt    8 LtCy    4 integ.govd   -0.00   -0.00 integ.vbp -0.00 -0.00 omni.gos X     -0.0 ,Y     -0.2. omgD -0.017 omg  +0.00 loop   4492
[0mBatt=23.4 [0mODOM [31mVisionX  +0.00 Y  +0.00 theta   +0.0 elt    0 [0mimu  -1.2 Dt    4 LtCy    2 integ.govd   -0.00   -0.00 integ.vbp -0.00 -0.00 omni.gos X     -0.0 ,Y     -0.2. omgD -0.017 omg  +0.00 loop   4467
[0mBatt=23.4 [0mODOM [31mVisionX  +0.00 Y  +0.00 theta   +0.0 elt    0 [0mimu  -1.2 Dt    0 LtCy    0 integ.govd   +0.00   +0.00 integ.vbp +0.00 +0.00 omni.gos X     +0.0 ,Y     -0.1. omgD -0.004 omg  +0.00 loop   4437
[0mBatt=23.4 [0mODOM [31mVisionX  +0.00 Y  +0.00 theta   +0.0 elt    0 [0mimu  -1.2 Dt    6 LtCy    3 integ.govd   -0.00   -0.00 integ.vbp -0.00 -0.00 omni.gos X     +0.0 ,Y     -0.1. omgD -0.008 omg  +0.00 loop   4545
[0mBatt=23.4 [0mODOM [31mVisionX  +0.00 Y  +0.00 theta   +0.0 elt    0 [0mimu  -1.2 Dt    4 LtCy    2 integ.govd   +0.00   -0.00 integ.vbp +0.00 -0.00 omni.gos X     +0.0 ,Y     -0.1. omgD -0.008 omg  +0.00 loop   4465
[0mBatt=23.4 [0mODOM [31mVisionX  +0.00 Y  +0.00 theta   +0.0 elt    0 [0mimu  -1.2 Dt   10 LtCy    5 integ.govd   -0.00   -0.00 integ.vbp -0.00 -0.00 omni.gos X     +0.0 ,Y     -0.1. omgD -0.011 omg  +0.00 loop   4524
[0mBatt=23.4 [0mODOM [31mVisionX  +0.00 Y  +0.00 theta   +0.0 elt    0 [0mimu  -1.2 Dt    4 LtCy    2 integ.govd   -0.00   -0.00 integ.vbp -0.00 -0.00 omni.gos X     -0.0 ,Y     -0.1. omgD -0.006 omg  +0.00 loop   4445
[0mBatt=23.4 [0mODOM [31mVisionX  +0.00 Y  +0.00 theta   +0.0 elt    0 [0mimu  -1.2 Dt    0 LtCy    0 integ.govd   +0.00   +0.00 integ.vbp +0.00 +0.00 omni.gos X     +0.0 ,Y     -0.1. omgD -0.006 omg  +0.00 loop   4466
[0mBatt=23.4 [0mODOM [31mVisionX  +0.00 Y  +0.00 theta   +0.0 elt    0 [0mimu  -1.2 Dt    6 LtCy    3 integ.govd   -0.00   -0.00 integ.vbp -0.00 -0.00 omni.gos X     +0.0 ,Y     -0.1. omgD -0.006 omg  +0.00 loop   4550
[0mBatt=23.4 [0mODOM [31mVisionX  +0.00 Y  +0.00 theta   +0.0 elt    0 [0mimu  -1.2 Dt    2 LtCy    1 integ.govd   +0.00   -0.00 integ.vbp +0.00 -0.00 omni.gos X     +0.0 ,Y     -0.2. omgD -0.013 omg  +0.00 loop   4426
[0mBatt=23.4 [0mODOM [31mVisionX  +0.00 Y  +0.00 theta   +0.0 elt    0 [0mimu  -1.2 Dt    8 LtCy    4 integ.govd   +0.00   -0.00 integ.vbp +0.00 -0.00 omni.gos X     +0.0 ,Y     -0.1. omgD -0.008 omg  +0.00 loop   4551
[0mBatt=23.4 [0mODOM [31mVisionX  +0.00 Y  +0.00 theta   +0.0 elt    0 [0mimu  -1.2 Dt    4 LtCy    2 integ.govd   +0.00   -0.00 integ.vbp +0.00 -0.00 omni.gos X     +0.0 ,Y     -0.1. omgD -0.006 omg  +0.00 loop   4455
[0mBatt=23.4 [0mODOM [31mVisionX  +0.00 Y  +0.00 theta   +0.0 elt    0 [0mimu  -1.2 Dt    2 LtCy    1 integ.govd   +0.00   -0.00 integ.vbp +0.00 -0.00 omni.gos X     +0.0 ,Y     -0.1. omgD -0.006 omg  +0.00 loop   4442
[0mBatt=23.4 [0mODOM [31mVisionX  +0.00 Y  +0.00 theta   +0.0 elt    0 [0mimu  -1.2 Dt    6 LtCy    3 integ.govd   -0.00   -0.00 integ.vbp -0.00 -0.00 omni.gos X     +0.0 ,Y     +0.0. omgD +0.002 omg  +0.00 loop   4546
[0mBatt=23.4 [0mODOM [31mVisionX  +0.00 Y  +0.00 theta   +0.0 elt    0 [0mimu  -1.2 Dt    2 LtCy    1 integ.govd   +0.00   -0.00 integ.vbp +0.00 -0.00 omni.gos X     +0.0 ,Y     -0.1. omgD -0.004 omg  +0.00 loop   4453
[0mBatt=23.4 [0mODOM [31mVisionX  +0.00 Y  +0.00 theta   +0.0 elt    0 [0mimu  -1.2 Dt    0 LtCy    0 integ.govd   +0.00   +0.00 integ.vbp +0.00 +0.00 omni.gos X     +0.0 ,Y     -0.1. omgD -0.006 omg  +0.00 loop   4459
[0mBatt=23.4 [0mODOM [31mVisionX  +0.00 Y  +0.00 theta   +0.0 elt    0 [0mimu  -1.2 Dt    6 LtCy    3 integ.govd   -0.00   -0.00 integ.vbp -0.00 -0.00 omni.gos X     +0.0 ,Y     -0.2. omgD -0.013 omg  +0.00 loop   4556
[0mBatt=23.4 [0mODOM [31mVisionX  +0.00 Y  +0.00 theta   +0.0 elt    0 [0mimu  -1.2 Dt    0 LtCy    0 integ.govd   +0.00   +0.00 integ.vbp +0.00 +0.00 omni.gos X     -0.0 ,Y     -0.1. omgD -0.011 omg  +0.00 loop   4454
[0mBatt=23.4 [0mODOM [31mVisionX  +0.00 Y  +0.00 theta   +0.0 elt    0 [0mimu  -1.2 Dt    8 LtCy    4 integ.govd   -0.00   -0.00 integ.vbp -0.00 -0.00 omni.gos X     +0.0 ,Y     -0.0. omgD -0.002 omg  +0.00 loop   4541
[0mBatt=23.4 [0mODOM [31mVisionX  +0.00 Y  +0.00 theta   +0.0 elt    0 [0mimu  -1.2 Dt    4 LtCy    2 integ.govd   -0.00   -0.00 integ.vbp -0.00 -0.00 omni.gos X     -0.0 ,Y     -0.1. omgD -0.008 omg  +0.00 loop   4453
[0mBatt=23.4 [0mODOM [31mVisionX  +0.00 Y  +0.00 theta   +0.0 elt    0 [0mimu  -1.2 Dt    8 LtCy    4 integ.govd   +0.00   -0.00 integ.vbp +0.00 -0.00 omni.gos X     +0.0 ,Y     -0.1. omgD -0.004 omg  +0.00 loop   4518
[0mBatt=23.4 [0mODOM [31mVisionX  +0.00 Y  +0.00 theta   +0.0 elt    0 [0mimu  -1.2 Dt    2 LtCy    1 integ.govd   +0.00   -0.00 integ.vbp +0.00 -0.00 omni.gos X     +0.0 ,Y     -0.2. omgD -0.015 omg  +0.00 loop   4472
[0mBatt=23.4 [0mODOM [31mVisionX  +0.00 Y  +0.00 theta   +0.0 elt    0 [0mimu  -1.2 Dt    0 LtCy    0 integ.govd   +0.00   +0.00 integ.vbp +0.00 +0.00 omni.gos X     -0.0 ,Y     -0.1. omgD -0.004 omg  +0.00 loop   4458
[0mBatt=23.4 [0mODOM [31mVisionX  +0.00 Y  +0.00 theta   +0.0 elt    0 [0mimu  -1.2 Dt    6 LtCy    3 integ.govd   -0.00   -0.00 integ.vbp -0.00 -0.00 omni.gos X     +0.0 ,Y     -0.1. omgD -0.008 omg  +0.00 loop   4557
[0mBatt=23.4 [0mODOM [31mVisionX  +0.00 Y  +0.00 theta   +0.0 elt    0 [0mimu  -1.2 Dt    2 LtCy    1 integ.govd   -0.00   -0.00 integ.vbp -0.00 -0.00 omni.gos X     -0.0 ,Y     -0.1. omgD -0.006 omg  +0.00 loop   4471
[0mBatt=23.4 [0mODOM [31mVisionX  +0.00 Y  +0.00 theta   +0.0 elt    0 [0mimu  -1.2 Dt    6 LtCy    3 integ.govd   -0.00   -0.00 integ.vbp -0.00 -0.00 omni.gos X     -0.0 ,Y     -0.1. omgD -0.011 omg  +0.00 loop   4490
[0mBatt=23.4 [0mODOM [31mVisionX  +0.00 Y  +0.00 theta   +0.0 elt    0 [0mimu  -1.2 Dt    2 LtCy    1 integ.govd   +0.00   +0.00 integ.vbp +0.00 +0.00 omni.gos X     +0.0 ,Y     +0.0. omgD +0.000 omg  +0.00 loop   4438
[0mBatt=23.4 [0mODOM [31mVisionX  +0.00 Y  +0.00 theta   +0.0 elt    0 [0mimu  -1.2 Dt    8 LtCy    4 integ.govd   -0.00   -0.00 integ.vbp -0.00 -0.00 omni.gos X     +0.0 ,Y     -0.1. omgD -0.006 omg  +0.00 loop   4543
[0mBatt=23.4 [0mODOM [31mVisionX  +0.00 Y  +0.00 theta   +0.0 elt    0 [0mimu  -1.3 Dt    4 LtCy    2 integ.govd   +0.00   -0.00 integ.vbp +0.00 -0.00 omni.gos X     +0.0 ,Y     -0.1. omgD -0.008 omg  +0.00 loop   4444
[0mBatt=23.4 [0mODOM [31mVisionX  +0.00 Y  +0.00 theta   +0.0 elt    0 [0mimu  -1.3 Dt    0 LtCy    0 integ.govd   +0.00   +0.00 integ.vbp +0.00 +0.00 omni.gos X     +0.0 ,Y     -0.2. omgD -0.013 omg  +0.00 loop   4454
[0mBatt=23.4 [0mODOM [31mVisionX  +0.00 Y  +0.00 theta   +0.0 elt    0 [0mimu  -1.3 Dt    6 LtCy    3 integ.govd   -0.00   -0.00 integ.vbp -0.00 -0.00 omni.gos X     +0.0 ,Y     -0.1. omgD -0.008 omg  +0.00 loop   4559
[0mBatt=23.4 [0mODOM [31mVisionX  +0.00 Y  +0.00 theta   +0.0 elt    0 [0mimu  -1.3 Dt    2 LtCy    1 integ.govd   +0.00   -0.00 integ.vbp +0.00 -0.00 omni.gos X     +0.0 ,Y     -0.1. omgD -0.008 omg  +0.00 loop   4449
[0mBatt=23.4 [0mODOM [31mVisionX  +0.00 Y  +0.00 theta   +0.0 elt    0 [0mimu  -1.3 Dt    8 LtCy    4 integ.govd   -0.00   -0.00 integ.vbp -0.00 -0.00 omni.gos X     +0.0 ,Y     +0.0. omgD +0.000 omg  +0.00 loop   4493
[0mBatt=23.4 [0mODOM [31mVisionX  +0.00 Y  +0.00 theta   +0.0 elt    0 [0mimu  -1.3 Dt    4 LtCy    2 integ.govd   -0.00   -0.00 integ.vbp -0.00 -0.00 omni.gos X     -0.0 ,Y     -0.1. omgD -0.008 omg  +0.00 loop   4477
[0mBatt=23.4 [0mODOM [31mVisionX  +0.00 Y  +0.00 theta   +0.0 elt    0 [0mimu  -1.3 Dt    2 LtCy    1 integ.govd   +0.00   -0.00 integ.vbp +0.00 -0.00 omni.gos X     +0.0 ,Y     -0.1. omgD -0.008 omg  +0.00 loop   4457
[0mBatt=23.4 [0mODOM [31mVisionX  +0.00 Y  +0.00 theta   +0.0 elt    0 [0mimu  -1.3 Dt    6 LtCy    3 integ.govd   -0.00   -0.00 integ.vbp -0.00 -0.00 omni.gos X     +0.0 ,Y     +0.1. omgD +0.004 omg  +0.00 loop   4505
[0mBatt=23.4 [0mODOM [31mVisionX  +0.00 Y  +0.00 theta   +0.0 elt    0 [0mimu  -1.3 Dt    2 LtCy    1 integ.govd   -0.00   -0.00 integ.vbp -0.00 -0.00 omni.gos X     -0.0 ,Y     -0.2. omgD -0.013 omg  +0.00 loop   4476
[0mBatt=23.4 [0mODOM [31mVisionX  +0.00 Y  +0.00 theta   +0.0 elt    0 [0mimu  -1.3 Dt    8 LtCy    4 integ.govd   -0.00   -0.00 integ.vbp -0.00 -0.00 omni.gos X     +0.0 ,Y     -0.1. omgD -0.004 omg  +0.00 loop   4517
[0mBatt=23.4 [0mODOM [31mVisionX  +0.00 Y  +0.00 theta   +0.0 elt    0 [0mimu  -1.3 Dt    4 LtCy    2 integ.govd   +0.00   -0.00 integ.vbp +0.00 -0.00 omni.gos X     +0.0 ,Y     -0.1. omgD -0.004 omg  +0.00 loop   4426
[0mBatt=23.4 [0mODOM [31mVisionX  +0.00 Y  +0.00 theta   +0.0 elt    0 [0mimu  -1.3 Dt    0 LtCy    0 integ.govd   +0.00   +0.00 integ.vbp +0.00 +0.00 omni.gos X     +0.0 ,Y     -0.1. omgD -0.008 omg  +0.00 loop   4472
[0mBatt=23.4 [0mODOM [31mVisionX  +0.00 Y  +0.00 theta   +0.0 elt    0 [0mimu  -1.3 Dt    6 LtCy    3 integ.govd   -0.00   -0.00 integ.vbp -0.00 -0.00 omni.gos X     +0.0 ,Y     -0.1. omgD -0.004 omg  +0.00 loop   4554
[0mBatt=23.4 [0mODOM [31mVisionX  +0.00 Y  +0.00 theta   +0.0 elt    0 [0mimu  -1.3 Dt    2 LtCy    1 integ.govd   +0.00   -0.00 integ.vbp +0.00 -0.00 omni.gos X     +0.0 ,Y     -0.1. omgD -0.004 omg  +0.00 loop   4443
[0mBatt=23.4 [0mODOM [31mVisionX  +0.00 Y  +0.00 theta   +0.0 elt    0 [0mimu  -1.3 Dt    8 LtCy    4 integ.govd   -0.00   -0.00 integ.vbp -0.00 -0.00 omni.gos X     +0.0 ,Y     +0.0. omgD +0.000 omg  +0.00 loop   4528
[0mBatt=23.4 [0mODOM [31mVisionX  +0.00 Y  +0.00 theta   +0.0 elt    0 [0mimu  -1.3 Dt    4 LtCy    2 integ.govd   +0.00   -0.00 integ.vbp +0.00 -0.00 omni.gos X     +0.0 ,Y     -0.1. omgD -0.008 omg  +0.00 loop   4450
[0mBatt=23.4 [0mODOM [31mVisionX  +0.00 Y  +0.00 theta   +0.0 elt    0 [0mimu  -1.3 Dt    0 LtCy    0 integ.govd   +0.00   +0.00 integ.vbp +0.00 +0.00 omni.gos X     +0.0 ,Y     -0.2. omgD -0.013 omg  +0.00 loop   4472
[0mBatt=23.4 [0mODOM [31mVisionX  +0.00 Y  +0.00 theta   +0.0 elt    0 [0mimu  -1.3 Dt    8 LtCy    4 integ.govd   -0.00   -0.00 integ.vbp -0.00 -0.00 omni.gos X     +0.0 ,Y     -0.1. omgD -0.008 omg  +0.00 loop   4534
[0mBatt=23.4 [0mODOM [31mVisionX  +0.00 Y  +0.00 theta   +0.0 elt    0 [0mimu  -1.3 Dt    4 LtCy    2 integ.govd   +0.00   -0.00 integ.vbp +0.00 -0.00 omni.gos X     +0.0 ,Y     -0.1. omgD -0.008 omg  +0.00 loop   4472
[0mBatt=23.4 [0mODOM [31mVisionX  +0.00 Y  +0.00 theta   +0.0 elt    0 [0mimu  -1.3 Dt    8 LtCy    4 integ.govd   -0.00   -0.00 integ.vbp -0.00 -0.00 omni.gos X     +0.0 ,Y     -0.1. omgD -0.004 omg  +0.00 loop   4488
[0mBatt=23.4 [0mODOM [31mVisionX  +0.00 Y  +0.00 theta   +0.0 elt    0 [0mimu  -1.3 Dt    6 LtCy    3 integ.govd   -0.00   -0.00 integ.vbp -0.00 -0.00 omni.gos X     +0.0 ,Y     -0.1. omgD -0.008 omg  +0.00 loop   4479
[0mBatt=23.4 [0mODOM [31mVisionX  +0.00 Y  +0.00 theta   +0.0 elt    0 [0mimu  -1.3 Dt    2 LtCy    1 integ.govd   +0.00   -0.00 integ.vbp +0.00 -0.00 omni.gos X     +0.0 ,Y     -0.2. omgD -0.013 omg  +0.00 loop   4463
[0mBatt=23.4 [0mODOM [31mVisionX  +0.00 Y  +0.00 theta   +0.0 elt    0 [0mimu  -1.3 Dt   10 LtCy    5 integ.govd   -0.00   -0.00 integ.vbp -0.00 -0.00 omni.gos X     +0.0 ,Y     -0.1. omgD -0.004 omg  +0.00 loop   2168
[0mBatt=23.4 [0mODOM [31mVisionX  +0.00 Y  +0.00 theta   +0.0 elt    0 [0mimu  -1.3 Dt    6 LtCy    3 integ.govd   +0.00   -0.00 integ.vbp +0.00 -0.00 omni.gos X     +0.0 ,Y     -0.1. omgD -0.004 omg  +0.00 loop   4515
[0mBatt=23.4 [0mODOM [31mVisionX  +0.00 Y  +0.00 theta   +0.0 elt    0 [0mimu  -1.3 Dt    2 LtCy    1 integ.govd   +0.00   -0.00 integ.vbp +0.00 -0.00 omni.gos X     +0.0 ,Y     -0.2. omgD -0.013 omg  +0.00 loop   4450
[0mBatt=23.4 [0mODOM [31mVisionX  +0.00 Y  +0.00 theta   +0.0 elt    0 [0mimu  -1.3 Dt    8 LtCy    4 integ.govd   -0.00   -0.00 integ.vbp -0.00 -0.00 omni.gos X     +0.0 ,Y     -0.2. omgD -0.013 omg  +0.00 loop   4552
[0mBatt=23.4 [0mODOM [31mVisionX  +0.00 Y  +0.00 theta   +0.0 elt    0 [0mimu  -1.3 Dt    4 LtCy    2 integ.govd   +0.00   -0.00 integ.vbp +0.00 -0.00 omni.gos X     +0.0 ,Y     -0.1. omgD -0.004 omg  +0.00 loop   4470
[0mBatt=23.4 [0mODOM [31mVisionX  +0.00 Y  +0.00 theta   +0.0 elt    0 [0mimu  -1.3 Dt    0 LtCy    0 integ.govd   +0.00   +0.00 integ.vbp +0.00 +0.00 omni.gos X     +0.0 ,Y     -0.1. omgD -0.008 omg  +0.00 loop   4447
[0mBatt=23.4 [0mODOM [31mVisionX  +0.00 Y  +0.00 theta   +0.0 elt    0 [0mimu  -1.3 Dt    6 LtCy    3 integ.govd   -0.00   -0.00 integ.vbp -0.00 -0.00 omni.gos X     +0.0 ,Y     -0.1. omgD -0.008 omg  +0.00 loop   4558
[0mBatt=23.4 [0mODOM [31mVisionX  +0.00 Y  +0.00 theta   +0.0 elt    0 [0mimu  -1.3 Dt    2 LtCy    1 integ.govd   +0.00   -0.00 integ.vbp +0.00 -0.00 omni.gos X     +0.0 ,Y     -0.1. omgD -0.008 omg  +0.00 loop   4461
[0mBatt=23.4 [0mODOM [31mVisionX  +0.00 Y  +0.00 theta   +0.0 elt    0 [0mimu  -1.3 Dt    8 LtCy    4 integ.govd   -0.00   -0.00 integ.vbp -0.00 -0.00 omni.gos X     +0.0 ,Y     -0.1. omgD -0.004 omg  +0.00 loop   4516
[0mBatt=23.4 [0mODOM [31mVisionX  +0.00 Y  +0.00 theta   +0.0 elt    0 [0mimu  -1.3 Dt    4 LtCy    2 integ.govd   +0.00   -0.00 integ.vbp +0.00 -0.00 omni.gos X     +0.0 ,Y     -0.1. omgD -0.008 omg  +0.00 loop   4436
[0mBatt=23.4 [0mODOM [31mVisionX  +0.00 Y  +0.00 theta   +0.0 elt    0 [0mimu  -1.3 Dt    0 LtCy    0 integ.govd   +0.00   +0.00 integ.vbp +0.00 +0.00 omni.gos X     +0.0 ,Y     +0.0. omgD +0.000 omg  +0.00 loop   4479
[0mBatt=23.4 [0mODOM [31mVisionX  +0.00 Y  +0.00 theta   +0.0 elt    0 [0mimu  -1.3 Dt    6 LtCy    3 integ.govd   -0.00   -0.00 integ.vbp -0.00 -0.00 omni.gos X     +0.0 ,Y     -0.1. omgD -0.008 omg  +0.00 loop   4551
[0mBatt=23.4 [0mODOM [31mVisionX  +0.00 Y  +0.00 theta   +0.0 elt    0 [0mimu  -1.3 Dt    2 LtCy    1 integ.govd   -0.00   -0.00 integ.vbp -0.00 -0.00 omni.gos X     -0.0 ,Y     -0.1. omgD -0.008 omg  +0.00 loop   4435
[0mBatt=23.4 [0mODOM [31mVisionX  +0.00 Y  +0.00 theta   +0.0 elt    0 [0mimu  -1.3 Dt   10 LtCy    5 integ.govd   -0.00   -0.00 integ.vbp -0.00 -0.00 omni.gos X     +0.0 ,Y     -0.1. omgD -0.008 omg  +0.00 loop   4535
[0mBatt=23.4 [0mODOM [31mVisionX  +0.00 Y  +0.00 theta   +0.0 elt    0 [0mimu  -1.3 Dt    4 LtCy    2 integ.govd   -0.00   -0.00 integ.vbp -0.00 -0.00 omni.gos X     -0.0 ,Y     -0.1. omgD -0.008 omg  +0.00 loop   4435
[0mBatt=23.4 [0mODOM [31mVisionX  +0.00 Y  +0.00 theta   +0.0 elt    0 [0mimu  -1.3 Dt    0 LtCy    0 integ.govd   +0.00   +0.00 integ.vbp +0.00 +0.00 omni.gos X     +0.0 ,Y     -0.1. omgD -0.008 omg  +0.00 loop   4416
[0mBatt=23.4 [0mODOM [31mVisionX  +0.00 Y  +0.00 theta   +0.0 elt    0 [0mimu  -1.3 Dt    6 LtCy    3 integ.govd   -0.00   -0.00 integ.vbp -0.00 -0.00 omni.gos X     +0.0 ,Y     -0.1. omgD -0.008 omg  +0.00 loop   4561
[0mBatt=23.4 [0mODOM [31mVisionX  +0.00 Y  +0.00 theta   +0.0 elt    0 [0mimu  -1.3 Dt    4 LtCy    2 integ.govd   +0.00   +0.00 integ.vbp +0.00 +0.00 omni.gos X     +0.0 ,Y     +0.0. omgD +0.000 omg  +0.00 loop   4465
[0mBatt=23.4 [0mODOM [31mVisionX  +0.00 Y  +0.00 theta   +0.0 elt    0 [0mimu  -1.3 Dt    8 LtCy    4 integ.govd   -0.00   -0.00 integ.vbp -0.00 -0.00 omni.gos X     -0.0 ,Y     -0.2. omgD -0.013 omg  +0.00 loop   4537
[0mBatt=23.4 [0mODOM [31mVisionX  +0.00 Y  +0.00 theta   +0.0 elt    0 [0mimu  -1.3 Dt    4 LtCy    2 integ.govd   -0.00   -0.00 integ.vbp -0.00 -0.00 omni.gos X     -0.0 ,Y     -0.1. omgD -0.008 omg  +0.00 loop   4447
[0mBatt=23.4 [0mODOM [31mVisionX  +0.00 Y  +0.00 theta   +0.0 elt    0 [0mimu  -1.3 Dt    0 LtCy    0 integ.govd   +0.00   +0.00 integ.vbp +0.00 +0.00 omni.gos X     +0.0 ,Y     +0.0. omgD +0.000 omg  +0.00 loop   4454
[0mBatt=23.4 [0mODOM [31mVisionX  +0.00 Y  +0.00 theta   +0.0 elt    0 [0mimu  -1.3 Dt    6 LtCy    3 integ.govd   +0.00   -0.00 integ.vbp +0.00 -0.00 omni.gos X     +0.0 ,Y     -0.1. omgD -0.004 omg  +0.00 loop   4544
[0mBatt=23.4 [0mODOM [31mVisionX  +0.00 Y  +0.00 theta   +0.0 elt    0 [0mimu  -1.3 Dt    2 LtCy    1 integ.govd   -0.00   -0.00 integ.vbp -0.00 -0.00 omni.gos X     -0.0 ,Y     -0.1. omgD -0.008 omg  +0.00 loop   4462
[0mBatt=23.4 [0mODOM [31mVisionX  +0.00 Y  +0.00 theta   +0.0 elt    0 [0mimu  -1.3 Dt    8 LtCy    4 integ.govd   -0.00   -0.00 integ.vbp -0.00 -0.00 omni.gos X     +0.0 ,Y     -0.2. omgD -0.013 omg  +0.00 loop   4518
[0mBatt=23.4 [0mODOM [31mVisionX  +0.00 Y  +0.00 theta   +0.0 elt    0 [0mimu  -1.3 Dt    4 LtCy    2 integ.govd   -0.00   -0.00 integ.vbp -0.00 -0.00 omni.gos X     -0.0 ,Y     -0.1. omgD -0.008 omg  +0.00 loop   4465
[0mBatt=23.4 [0mODOM [31mVisionX  +0.00 Y  +0.00 theta   +0.0 elt    0 [0mimu  -1.3 Dt    0 LtCy    0 integ.govd   +0.00   +0.00 integ.vbp +0.00 +0.00 omni.gos X     +0.0 ,Y     -0.1. omgD -0.008 omg  +0.00 loop   4433
[0mBatt=23.4 [0mODOM [31mVisionX  +0.00 Y  +0.00 theta   +0.0 elt    0 [0mimu  -1.3 Dt    6 LtCy    3 integ.govd   -0.00   -0.00 integ.vbp -0.00 -0.00 omni.gos X     +0.0 ,Y     -0.1. omgD -0.008 omg  +0.00 loop   4555
[0mBatt=23.4 [0mODOM [31mVisionX  +0.00 Y  +0.00 theta   +0.0 elt    0 [0mimu  -1.3 Dt    2 LtCy    1 integ.govd   +0.00   -0.00 integ.vbp +0.00 -0.00 omni.gos X     +0.0 ,Y     -0.1. omgD -0.004 omg  +0.00 loop   4470
[0mBatt=23.4 [0mODOM [31mVisionX  +0.00 Y  +0.00 theta   +0.0 elt    0 [0mimu  -1.3 Dt    8 LtCy    4 integ.govd   -0.00   -0.00 integ.vbp -0.00 -0.00 omni.gos X     +0.0 ,Y     -0.1. omgD -0.008 omg  +0.00 loop   4521
[0mBatt=23.4 [0mODOM [31mVisionX  +0.00 Y  +0.00 theta   +0.0 elt    0 [0mimu  -1.3 Dt    4 LtCy    2 integ.govd   -0.00   -0.00 integ.vbp -0.00 -0.00 omni.gos X     +0.0 ,Y     -0.2. omgD -0.013 omg  +0.00 loop   4438
[0mBatt=23.4 [0mODOM [31mVisionX  +0.00 Y  +0.00 theta   +0.0 elt    0 [0mimu  -1.3 Dt    0 LtCy    0 integ.govd   +0.00   +0.00 integ.vbp +0.00 +0.00 omni.gos X     +0.0 ,Y     -0.1. omgD -0.004 omg  +0.00 loop   4455
[0mBatt=23.4 [0mODOM [31mVisionX  +0.00 Y  +0.00 theta   +0.0 elt    0 [0mimu  -1.3 Dt    4 LtCy    2 integ.govd   -0.00   -0.00 integ.vbp -0.00 -0.00 omni.gos X     +0.0 ,Y     -0.1. omgD -0.004 omg  +0.00 loop   4538
[0mBatt=23.4 [0mODOM [31mVisionX  +0.00 Y  +0.00 theta   +0.0 elt    0 [0mimu  -1.3 Dt    0 LtCy    0 integ.govd   +0.00   +0.00 integ.vbp +0.00 +0.00 omni.gos X     +0.0 ,Y     -0.1. omgD -0.004 omg  +0.00 loop   4454
[0mBatt=23.4 [0mODOM [31mVisionX  +0.00 Y  +0.00 theta   +0.0 elt    0 [0mimu  -1.3 Dt    6 LtCy    3 integ.govd   -0.00   -0.00 integ.vbp -0.00 -0.00 omni.gos X     +0.0 ,Y     -0.1. omgD -0.008 omg  +0.00 loop   4566
[0mBatt=23.4 [0mODOM [31mVisionX  +0.00 Y  +0.00 theta   +0.0 elt    0 [0mimu  -1.3 Dt    2 LtCy    1 integ.govd   +0.00   -0.00 integ.vbp +0.00 -0.00 omni.gos X     +0.0 ,Y     -0.1. omgD -0.008 omg  +0.00 loop   4455
[0mBatt=23.4 [0mODOM [31mVisionX  +0.00 Y  +0.00 theta   +0.0 elt    0 [0mimu  -1.3 Dt    8 LtCy    4 integ.govd   -0.00   -0.00 integ.vbp -0.00 -0.00 omni.gos X     -0.0 ,Y     -0.1. omgD -0.008 omg  +0.00 loop   4528
[0mBatt=23.4 [0mODOM [31mVisionX  +0.00 Y  +0.00 theta   +0.0 elt    0 [0mimu  -1.3 Dt    4 LtCy    2 integ.govd   +0.00   +0.00 integ.vbp +0.00 +0.00 omni.gos X     +0.0 ,Y     +0.0. omgD +0.000 omg  +0.00 loop   4438
[0mBatt=23.4 [0mODOM [31mVisionX  +0.00 Y  +0.00 theta   +0.0 elt    0 [0mimu  -1.3 Dt    0 LtCy    0 integ.govd   +0.00   +0.00 integ.vbp +0.00 +0.00 omni.gos X     +0.0 ,Y     -0.2. omgD -0.013 omg  +0.00 loop   4481
[0mBatt=23.4 [0mODOM [31mVisionX  +0.00 Y  +0.00 theta   +0.0 elt    0 [0mimu  -1.3 Dt    6 LtCy    3 integ.govd   -0.00   -0.00 integ.vbp -0.00 -0.00 omni.gos X     -0.0 ,Y     -0.1. omgD -0.004 omg  +0.00 loop   4528
[0mBatt=23.4 [0mODOM [31mVisionX  +0.00 Y  +0.00 theta   +0.0 elt    0 [0mimu  -1.3 Dt    2 LtCy    1 integ.govd   -0.00   -0.00 integ.vbp -0.00 -0.00 omni.gos X     -0.0 ,Y     -0.2. omgD -0.013 omg  +0.00 loop   4458
[0mBatt=23.4 [0mODOM [31mVisionX  +0.00 Y  +0.00 theta   +0.0 elt    0 [0mimu  -1.3 Dt    8 LtCy    4 integ.govd   -0.00   -0.00 integ.vbp -0.00 -0.00 omni.gos X     +0.0 ,Y     -0.1. omgD -0.004 omg  +0.00 loop   4527
[0mBatt=23.4 [0mODOM [31mVisionX  +0.00 Y  +0.00 theta   +0.0 elt    0 [0mimu  -1.3 Dt    4 LtCy    2 integ.govd   -0.00   -0.00 integ.vbp -0.00 -0.00 omni.gos X     +0.0 ,Y     -0.2. omgD -0.017 omg  +0.00 loop   4438
[0mBatt=23.4 [0mODOM [31mVisionX  +0.00 Y  +0.00 theta   +0.0 elt    0 [0mimu  -1.3 Dt    0 LtCy    0 integ.govd   +0.00   +0.00 integ.vbp +0.00 +0.00 omni.gos X     +0.0 ,Y     -0.1. omgD -0.004 omg  +0.00 loop   4466
[0mBatt=23.4 [0mODOM [31mVisionX  +0.00 Y  +0.00 theta   +0.0 elt    0 [0mimu  -1.3 Dt    6 LtCy    3 integ.govd   -0.00   -0.00 integ.vbp -0.00 -0.00 omni.gos X     +0.0 ,Y     -0.1. omgD -0.008 omg  +0.00 loop   4561
[0mBatt=23.4 [0mODOM [31mVisionX  +0.00 Y  +0.00 theta   +0.0 elt    0 [0mimu  -1.3 Dt    2 LtCy    1 integ.govd   -0.00   -0.00 integ.vbp -0.00 -0.00 omni.gos X     -0.0 ,Y     -0.1. omgD -0.008 omg  +0.00 loop   4445
[0mBatt=23.4 [0mODOM [31mVisionX  +0.00 Y  +0.00 theta   +0.0 elt    0 [0mimu  -1.3 Dt    8 LtCy    4 integ.govd   -0.00   -0.00 integ.vbp -0.00 -0.00 omni.gos X     +0.0 ,Y     -0.1. omgD -0.008 omg  +0.00 loop   4506
[0mBatt=23.4 [0mODOM [31mVisionX  +0.00 Y  +0.00 theta   +0.0 elt    0 [0mimu  -1.3 Dt    4 LtCy    2 integ.govd   -0.00   -0.00 integ.vbp -0.00 -0.00 omni.gos X     +0.0 ,Y     -0.2. omgD -0.013 omg  +0.00 loop   4454
[0mBatt=23.4 [0mODOM [31mVisionX  +0.00 Y  +0.00 theta   +0.0 elt    0 [0mimu  -1.3 Dt    0 LtCy    0 integ.govd   +0.00   +0.00 integ.vbp +0.00 +0.00 omni.gos X     -0.0 ,Y     -0.2. omgD -0.015 omg  +0.00 loop   4461
[0mBatt=23.4 [0mODOM [31mVisionX  +0.00 Y  +0.00 theta   +0.0 elt    0 [0mimu  -1.3 Dt    6 LtCy    3 integ.govd   +0.00   -0.00 integ.vbp +0.00 -0.00 omni.gos X     +0.0 ,Y     -0.1. omgD -0.006 omg  +0.00 loop   4521
[0mBatt=23.4 [0mODOM [31mVisionX  +0.00 Y  +0.00 theta   +0.0 elt    0 [0mimu  -1.3 Dt    2 LtCy    1 integ.govd   +0.00   -0.00 integ.vbp +0.00 -0.00 omni.gos X     +0.0 ,Y     -0.1. omgD -0.006 omg  +0.00 loop   4477
[0mBatt=23.4 [0mODOM [31mVisionX  +0.00 Y  +0.00 theta   +0.0 elt    0 [0mimu  -1.3 Dt    8 LtCy    4 integ.govd   -0.00   -0.00 integ.vbp -0.00 -0.00 omni.gos X     +0.0 ,Y     -0.1. omgD -0.011 omg  +0.00 loop   4540
[0mBatt=23.4 [0mODOM [31mVisionX  +0.00 Y  +0.00 theta   +0.0 elt    0 [0mimu  -1.3 Dt    4 LtCy    2 integ.govd   -0.00   -0.00 integ.vbp -0.00 -0.00 omni.gos X     +0.0 ,Y     -0.0. omgD -0.002 omg  +0.00 loop   4410
[0mBatt=23.4 [0mODOM [31mVisionX  +0.00 Y  +0.00 theta   +0.0 elt    0 [0mimu  -1.3 Dt    0 LtCy    0 integ.govd   +0.00   +0.00 integ.vbp +0.00 +0.00 omni.gos X     -0.0 ,Y     -0.1. omgD -0.006 omg  +0.00 loop   4458
[0mBatt=23.4 [0mODOM [31mVisionX  +0.00 Y  +0.00 theta   +0.0 elt    0 [0mimu  -1.3 Dt    6 LtCy    3 integ.govd   -0.00   -0.00 integ.vbp -0.00 -0.00 omni.gos X     +0.0 ,Y     -0.1. omgD -0.004 omg  +0.00 loop   4545
[0mBatt=23.4 [0mODOM [31mVisionX  +0.00 Y  +0.00 theta   +0.0 elt    0 [0mimu  -1.3 Dt    2 LtCy    1 integ.govd   -0.00   -0.00 integ.vbp -0.00 -0.00 omni.gos X     -0.0 ,Y     -0.1. omgD -0.008 omg  +0.00 loop   4440
[0mBatt=23.4 [0mODOM [31mVisionX  +0.00 Y  +0.00 theta   +0.0 elt    0 [0mimu  -1.3 Dt   10 LtCy    5 integ.govd   -0.00   -0.00 integ.vbp -0.00 -0.00 omni.gos X     +0.0 ,Y     -0.1. omgD -0.011 omg  +0.00 loop   4502
[0mBatt=23.4 [0mODOM [31mVisionX  +0.00 Y  +0.00 theta   +0.0 elt    0 [0mimu  -1.3 Dt    4 LtCy    2 integ.govd   -0.00   -0.00 integ.vbp -0.00 -0.00 omni.gos X     -0.0 ,Y     -0.1. omgD -0.006 omg  +0.00 loop   4459
[0mBatt=23.4 [0mODOM [31mVisionX  +0.00 Y  +0.00 theta   +0.0 elt    0 [0mimu  -1.3 Dt    2 LtCy    1 integ.govd   -0.00   -0.00 integ.vbp -0.00 -0.00 omni.gos X     -0.0 ,Y     -0.2. omgD -0.015 omg  +0.00 loop   4445
[0mBatt=23.4 [0mODOM [31mVisionX  +0.00 Y  +0.00 theta   +0.0 elt    0 [0mimu  -1.3 Dt    8 LtCy    4 integ.govd   -0.00   -0.00 integ.vbp -0.00 -0.00 omni.gos X     +0.0 ,Y     -0.1. omgD -0.006 omg  +0.00 loop   4508
[0mBatt=23.4 [0mODOM [31mVisionX  +0.00 Y  +0.00 theta   +0.0 elt    0 [0mimu  -1.3 Dt    2 LtCy    1 integ.govd   +0.00   -0.00 integ.vbp +0.00 -0.00 omni.gos X     +0.0 ,Y     -0.2. omgD -0.013 omg  +0.00 loop   4457
[0mBatt=23.4 [0mODOM [31mVisionX  +0.00 Y  +0.00 theta   +0.0 elt    0 [0mimu  -1.3 Dt    8 LtCy    4 integ.govd   -0.00   -0.00 integ.vbp -0.00 -0.00 omni.gos X     -0.0 ,Y     -0.1. omgD -0.011 omg  +0.00 loop   4535
[0mBatt=23.4 [0mODOM [31mVisionX  +0.00 Y  +0.00 theta   +0.0 elt    0 [0mimu  -1.3 Dt    4 LtCy    2 integ.govd   -0.00   -0.00 integ.vbp -0.00 -0.00 omni.gos X     -0.0 ,Y     -0.1. omgD -0.006 omg  +0.00 loop   4411
[0mBatt=23.4 [0mODOM [31mVisionX  +0.00 Y  +0.00 theta   +0.0 elt    0 [0mimu  -1.3 Dt    0 LtCy    0 integ.govd   +0.00   +0.00 integ.vbp +0.00 +0.00 omni.gos X     -0.0 ,Y     -0.1. omgD -0.011 omg  +0.00 loop   4450
[0mBatt=23.4 [0mODOM [31mVisionX  +0.00 Y  +0.00 theta   +0.0 elt    0 [0mimu  -1.3 Dt    0 LtCy    0 integ.govd   +0.00   +0.00 integ.vbp +0.00 +0.00 omni.gos X     +0.0 ,Y     -0.1. omgD -0.008 omg  +0.00 loop   2158
[0mBatt=23.4 [0mODOM [31mVisionX  +0.00 Y  +0.00 theta   +0.0 elt    0 [0mimu  -1.3 Dt    4 LtCy    2 integ.govd   -0.00   -0.00 integ.vbp -0.00 -0.00 omni.gos X     +0.0 ,Y     -0.2. omgD -0.013 omg  +0.00 loop   4538
[0mBatt=23.4 [0mODOM [31mVisionX  +0.00 Y  +0.00 theta   +0.0 elt    0 [0mimu  -1.3 Dt    0 LtCy    0 integ.govd   +0.00   +0.00 integ.vbp +0.00 +0.00 omni.gos X     +0.0 ,Y     -0.1. omgD -0.004 omg  +0.00 loop   4441
[0mBatt=23.4 [0mODOM [31mVisionX  +0.00 Y  +0.00 theta   +0.0 elt    0 [0mimu  -1.3 Dt    8 LtCy    4 integ.govd   -0.00   -0.00 integ.vbp -0.00 -0.00 omni.gos X     -0.0 ,Y     -0.1. omgD -0.006 omg  +0.00 loop   4564
[0mBatt=23.4 [0mODOM [31mVisionX  +0.00 Y  +0.00 theta   +0.0 elt    0 [0mimu  -1.3 Dt    4 LtCy    2 integ.govd   -0.00   -0.00 integ.vbp -0.00 -0.00 omni.gos X     -0.0 ,Y     -0.1. omgD -0.008 omg  +0.00 loop   4461
[0mBatt=23.4 [0mODOM [31mVisionX  +0.00 Y  +0.00 theta   +0.0 elt    0 [0mimu  -1.3 Dt   10 LtCy    5 integ.govd   -0.00   -0.00 integ.vbp -0.00 -0.00 omni.gos X     +0.0 ,Y     -0.1. omgD -0.008 omg  +0.00 loop   4449
[0mBatt=23.4 [0mODOM [31mVisionX  +0.00 Y  +0.00 theta   +0.0 elt    0 [0mimu  -1.3 Dt    6 LtCy    3 integ.govd   -0.00   -0.00 integ.vbp -0.00 -0.00 omni.gos X     +0.0 ,Y     -0.2. omgD -0.017 omg  +0.00 loop   4516
[0mBatt=23.4 [0mODOM [31mVisionX  +0.00 Y  +0.00 theta   +0.0 elt    0 [0mimu -1.3 Dt   2 tCy    1 integgovd   +0.00   -0.00 ite.vbp +.00 -0.00 omi.os X     0.0 ,Y     -0.1. omgD -0.008 omg  +0.0 lop   446
[0mBatt=23.4 [0mODOM [31mVisionX  +0.00 Y  +0.00 theta   +0.0 elt    0 [0mimu  -1.3 Dt    6 LtCy    3 integ.govd   -0.00   -0.00 integ.vbp -0.00 -0.00 omni.gos X     +0.0 ,Y     -0.1. omgD -0.004 omg  +0.00 loop   4501
[0mBatt=23.4 [0mODOM [31mVisionX  +0.00 Y  +0.00 theta   +0.0 elt    0 [0mimu  -1.3 Dt    2 LtCy    1 integ.govd   -0.00   -0.00 integ.vbp -0.00 -0.00 omni.gos X     -0.0 ,Y     -0.1. omgD -0.004 omg  +0.00 loop   4451
[0mBatt=23.4 [0mODOM [31mVisionX  +0.00 Y  +0.00 theta   +0.0 elt    0 [0mimu  -1.3 Dt    8 LtCy    4 integ.govd   -0.00   -0.00 integ.vbp -0.00 -0.00 omni.gos X     +0.0 ,Y     -0.1. omgD -0.008 omg  +0.00 loop   4512
[0mBatt=23.4 [0mODOM [31mVisionX  +0.00 Y  +0.00 theta   +0.0 elt    0 [0mimu  -1.3 Dt    4 LtCy    2 integ.govd   +0.00   -0.00 integ.vbp +0.00 -0.00 omni.gos X     +0.0 ,Y     -0.1. omgD -0.008 omg  +0.00 loop   4441
[0mBatt=23.4 [0mODOM [31mVisionX  +0.00 Y  +0.00 theta   +0.0 elt    0 [0mimu  -1.3 Dt    2 LtCy    1 integ.govd   +0.00   -0.00 integ.vbp +0.00 -0.00 omni.gos X     +0.0 ,Y     -0.1. omgD -0.004 omg  +0.00 loop   4468
[0mBatt=23.4 [0mODOM [31mVisionX  +0.00 Y  +0.00 theta   +0.0 elt    0 [0mimu  -1.3 Dt    6 LtCy    3 integ.govd   +0.00   +0.00 integ.vbp +0.00 +0.00 omni.gos X     +0.0 ,Y     +0.0. omgD +0.000 omg  +0.00 loop   4537
[0mBatt=23.4 [0mODOM [31mVisionX  +0.00 Y  +0.00 theta   +0.0 elt    0 [0mimu  -1.3 Dt    4 LtCy    2 integ.govd   +0.00   -0.00 integ.vbp +0.00 -0.00 omni.gos X     +0.0 ,Y     +0.0. omgD +0.000 omg  +0.00 loop   4492
[0mBatt=23.4 [0mODOM [31mVisionX  +0.00 Y  +0.00 theta   +0.0 elt    0 [0mimu  -1.3 Dt   10 LtCy    5 integ.govd   +0.00   -0.00 integ.vbp +0.00 -0.00 omni.gos X     +0.0 ,Y     -0.1. omgD -0.004 omg  +0.00 loop   4504
[0mBatt=23.4 [0mODOM [31mVisionX  +0.00 Y  +0.00 theta   +0.0 elt    0 [0mimu  -1.3 Dt    4 LtCy    2 integ.govd   -0.00   -0.00 integ.vbp -0.00 -0.00 omni.gos X     +0.0 ,Y     -0.1. omgD -0.008 omg  +0.00 loop   4489
[0mBatt=23.4 [0mODOM [31mVisionX  +0.00 Y  +0.00 theta   +0.0 elt    0 [0mimu  -1.3 Dt    0 LtCy    0 integ.govd   +0.00   +0.00 integ.vbp +0.00 +0.00 omni.gos X     +0.0 ,Y     -0.2. omgD -0.013 omg  +0.00 loop   4470
[0mBatt=23.4 [0mODOM [31mVisionX  +0.00 Y  +0.00 theta   +0.0 elt    0 [0mimu  -1.3 Dt    6 LtCy    3 integ.govd   -0.00   -0.00 integ.vbp -0.00 -0.00 omni.gos X     +0.0 ,Y     -0.1. omgD -0.008 omg  +0.00 loop   4521
[0mBatt=23.4 [0mODOM [31mVisionX  +0.00 Y  +0.00 theta   +0.0 elt    0 [0mimu  -1.3 Dt    2 LtCy    1 integ.govd   -0.00   -0.00 integ.vbp -0.00 -0.00 omni.gos X     -0.0 ,Y     -0.2. omgD -0.017 omg  +0.00 loop   4470
[0mBatt=23.5 [0mODOM [31mVisionX  +0.00 Y  +0.00 theta   +0.0 elt    0 [0mimu  -1.3 Dt    8 LtCy    4 integ.govd   -0.00   -0.00 integ.vbp -0.00 -0.00 omni.gos X     +0.0 ,Y     -0.1. omgD -0.004 omg  +0.00 loop   4528
[0mBatt=23.5 [0mODOM [31mVisionX  +0.00 Y  +0.00 theta   +0.0 elt    0 [0mimu  -1.3 Dt    2 LtCy    1 integ.govd   +0.00   -0.00 integ.vbp +0.00 -0.00 omni.gos X     +0.0 ,Y     -0.2. omgD -0.013 omg  +0.00 loop   4423
[0mBatt=23.4 [0mODOM [31mVisionX  +0.00 Y  +0.00 theta   +0.0 elt    0 [0mimu  -1.3 Dt    8 LtCy    4 integ.govd   -0.00   -0.00 integ.vbp -0.00 -0.00 omni.gos X     +0.0 ,Y     -0.2. omgD -0.013 omg  +0.00 loop   4487
[0mBatt=23.4 [0mODOM [31mVisionX  +0.00 Y  +0.00 theta   +0.0 elt    0 [0mimu  -1.3 Dt    6 LtCy    3 integ.govd   +0.00   -0.00 integ.vbp +0.00 -0.00 omni.gos X     +0.0 ,Y     -0.1. omgD -0.004 omg  +0.00 loop   4519
[0mBatt=23.4 [0mODOM [31mVisionX  +0.00 Y  +0.00 theta   +0.0 elt    0 [0mimu  -1.3 Dt    0 LtCy    0 integ.govd   +0.00   +0.00 integ.vbp +0.00 +0.00 omni.gos X     +0.0 ,Y     -0.1. omgD -0.008 omg  +0.00 loop   4460
[0mBatt=23.4 [0mODOM [31mVisionX  +0.00 Y  +0.00 theta   +0.0 elt    0 [0mimu  -1.3 Dt    6 LtCy    3 integ.govd   +0.00   -0.00 integ.vbp +0.00 -0.00 omni.gos X     +0.0 ,Y     +0.0. omgD +0.000 omg  +0.00 loop   4536
[0mBatt=23.4 [0mODOM [31mVisionX  +0.00 Y  +0.00 theta   +0.0 elt    0 [0mimu  -1.3 Dt    4 LtCy    2 integ.govd   -0.00   -0.00 integ.vbp -0.00 -0.00 omni.gos X     +0.0 ,Y     -0.1. omgD -0.004 omg  +0.00 loop   4493
[0mBatt=23.4 [0mODOM [31mVisionX  +0.00 Y  +0.00 theta   +0.0 elt    0 [0mimu  -1.3 Dt    8 LtCy    4 integ.govd   -0.00   -0.00 integ.vbp -0.00 -0.00 omni.gos X     +0.0 ,Y     +0.0. omgD +0.000 omg  +0.00 loop   4521
[0mBatt=23.4 [0mODOM [31mVisionX  +0.00 Y  +0.00 theta   +0.0 elt    0 [0mimu  -1.4 Dt    4 LtCy    2 integ.govd   -0.00   -0.00 integ.vbp -0.00 -0.00 omni.gos X     +0.0 ,Y     -0.3. omgD -0.021 omg  +0.00 loop   4423
[0mBatt=23.4 [0mODOM [31mVisionX  +0.00 Y  +0.00 theta   +0.0 elt    0 [0mimu  -1.4 Dt    0 LtCy    0 integ.govd   +0.00   +0.00 integ.vbp +0.00 +0.00 omni.gos X     +0.0 ,Y     -0.1. omgD -0.008 omg  +0.00 loop   4456
[0mBatt=23.4 [0mODOM [31mVisionX  +0.00 Y  +0.00 theta   +0.0 elt    0 [0mimu  -1.4 Dt    6 LtCy    3 integ.govd   -0.00   -0.00 integ.vbp -0.00 -0.00 omni.gos X     +0.0 ,Y     -0.1. omgD -0.008 omg  +0.00 loop   4550
[0mBatt=23.4 [0mODOM [31mVisionX  +0.00 Y  +0.00 theta   +0.0 elt    0 [0mimu  -1.4 Dt    4 LtCy    2 integ.govd   -0.00   -0.00 integ.vbp -0.00 -0.00 omni.gos X     -0.0 ,Y     -0.3. omgD -0.021 omg  +0.00 loop   4438
[0mBatt=23.4 [0mODOM [31mVisionX  +0.00 Y  +0.00 theta   +0.0 elt    0 [0mimu  -1.4 Dt    8 LtCy    4 integ.govd   -0.00   -0.00 integ.vbp -0.00 -0.00 omni.gos X     -0.0 ,Y     -0.1. omgD -0.008 omg  +0.00 loop   4482
[0mBatt=23.4 [0mODOM [31mVisionX  +0.00 Y  +0.00 theta   +0.0 elt    0 [0mimu  -1.4 Dt    4 LtCy    2 integ.govd   +0.00   +0.00 integ.vbp +0.00 +0.00 omni.gos X     +0.0 ,Y     +0.0. omgD +0.000 omg  +0.00 loop   4486
[0mBatt=23.4 [0mODOM [31mVisionX  +0.00 Y  +0.00 theta   +0.0 elt    0 [0mimu  -1.4 Dt    2 LtCy    1 integ.govd   -0.00   -0.00 integ.vbp -0.00 -0.00 omni.gos X     -0.0 ,Y     -0.2. omgD -0.013 omg  +0.00 loop   4481
[0mBatt=23.5 [0mODOM [31mVisionX  +0.00 Y  +0.00 theta   +0.0 elt    0 [0mimu  -1.4 Dt    8 LtCy    4 integ.govd   -0.00   -0.00 integ.vbp -0.00 -0.00 omni.gos X     -0.0 ,Y     -0.2. omgD -0.013 omg  +0.00 loop   4518
[0mBatt=23.5 [0mODOM [31mVisionX  +0.00 Y  +0.00 theta   +0.0 elt    0 [0mimu  -1.4 Dt    2 LtCy    1 integ.govd   +0.00   -0.00 integ.vbp +0.00 -0.00 omni.gos X     +0.0 ,Y     -0.1. omgD -0.004 omg  +0.00 loop   4444
[0mBatt=23.5 [0mODOM [31mVisionX  +0.00 Y  +0.00 theta   +0.0 elt    0 [0mimu  -1.4 Dt    0 LtCy    0 integ.govd   +0.00   +0.00 integ.vbp +0.00 +0.00 omni.gos X     +0.0 ,Y     +0.0. omgD +0.000 omg  +0.00 loop   4476
[0mBatt=23.5 [0mODOM [31mVisionX  +0.00 Y  +0.00 theta   +0.0 elt    0 [0mimu  -1.4 Dt    6 LtCy    3 integ.govd   -0.00   -0.00 integ.vbp -0.00 -0.00 omni.gos X     +0.0 ,Y     -0.1. omgD -0.008 omg  +0.00 loop   4547
[0mBatt=23.5 [0mODOM [31mVisionX  +0.00 Y  +0.00 theta   +0.0 elt    0 [0mimu  -1.4 Dt    2 LtCy    1 integ.govd   +0.00   +0.00 integ.vbp +0.00 +0.00 omni.gos X     +0.0 ,Y     +0.0. omgD +0.000 omg  +0.00 loop   4468
[0mBatt=23.4 [0mODOM [31mVisionX  +0.00 Y  +0.00 theta   +0.0 elt    0 [0mimu  -1.4 Dt    8 LtCy    4 integ.govd   -0.00   -0.00 integ.vbp -0.00 -0.00 omni.gos X     +0.0 ,Y     -0.1. omgD -0.004 omg  +0.00 loop   4573
[0mBatt=23.4 [0mODOM [31mVisionX  +0.00 Y  +0.00 theta   +0.0 elt    0 [0mimu  -1.4 Dt    4 LtCy    2 integ.govd   -0.00   -0.00 integ.vbp -0.00 -0.00 omni.gos X     +0.0 ,Y     -0.1. omgD -0.008 omg  +0.00 loop   4420
[0mBatt=23.4 [0mODOM [31mVisionX  +0.00 Y  +0.00 theta   +0.0 elt    0 [0mimu  -1.4 Dt    0 LtCy    0 integ.govd   +0.00   +0.00 integ.vbp +0.00 +0.00 omni.gos X     -0.0 ,Y     -0.2. omgD -0.017 omg  +0.00 loop   4465
[0mBatt=23.4 [0mODOM [31mVisionX  +0.00 Y  +0.00 theta   +0.0 elt    0 [0mimu  -1.4 Dt    6 LtCy    3 integ.govd   -0.00   -0.00 integ.vbp -0.00 -0.00 omni.gos X     +0.0 ,Y     +0.0. omgD +0.000 omg  +0.00 loop   4548
[0mBatt=23.4 [0mODOM [31mVisionX  +0.00 Y  +0.00 theta   +0.0 elt    0 [0mimu  -1.4 Dt    2 LtCy    1 integ.govd   +0.00   -0.00 integ.vbp +0.00 -0.00 omni.gos X     +0.0 ,Y     -0.2. omgD -0.017 omg  +0.00 loop   4439
[0mBatt=23.4 [0mODOM [31mVisionX  +0.00 Y  +0.00 theta   +0.0 elt    0 [0mimu  -1.4 Dt    8 LtCy    4 integ.govd   +0.00   -0.00 integ.vbp +0.00 -0.00 omni.gos X     +0.0 ,Y     +0.0. omgD +0.000 omg  +0.00 loop   4547
[0mBatt=23.4 [0mODOM [31mVisionX  +0.00 Y  +0.00 theta   +0.0 elt    0 [0mimu  -1.4 Dt    4 LtCy    2 integ.govd   +0.00   -0.00 integ.vbp +0.00 -0.00 omni.gos X     +0.0 ,Y     -0.1. omgD -0.004 omg  +0.00 loop   4459
[0mBatt=23.4 [0mODOM [31mVisionX  +0.00 Y  +0.00 theta   +0.0 elt    0 [0mimu  -1.4 Dt    0 LtCy    0 integ.govd   +0.00   +0.00 integ.vbp +0.00 +0.00 omni.gos X     -0.0 ,Y     -0.2. omgD -0.013 omg  +0.00 loop   4456
[0mBatt=23.4 [0mODOM [31mVisionX  +0.00 Y  +0.00 theta   +0.0 elt    0 [0mimu  -1.4 Dt    6 LtCy    3 integ.govd   -0.00   -0.00 integ.vbp -0.00 -0.00 omni.gos X     -0.0 ,Y     -0.1. omgD -0.004 omg  +0.00 loop   4530
[0mBatt=23.4 [0mODOM [31mVisionX  +0.00 Y  +0.00 theta   +0.0 elt    0 [0mimu  -1.4 Dt    2 LtCy    1 integ.govd   +0.00   -0.00 integ.vbp +0.00 -0.00 omni.gos X     +0.0 ,Y     -0.1. omgD -0.004 omg  +0.00 loop   4460
[0mBatt=23.4 [0mODOM [31mVisionX  +0.00 Y  +0.00 theta   +0.0 elt    0 [0mimu  -1.4 Dt    8 LtCy    4 integ.govd   +0.00   -0.00 integ.vbp +0.00 -0.00 omni.gos X     +0.0 ,Y     -0.1. omgD -0.004 omg  +0.00 loop   4487
[0mBatt=23.4 [0mODOM [31mVisionX  +0.00 Y  +0.00 theta   +0.0 elt    0 [0mimu  -1.4 Dt    6 LtCy    3 integ.govd   -0.00   -0.00 integ.vbp -0.00 -0.00 omni.gos X     -0.0 ,Y     -0.1. omgD -0.004 omg  +0.00 loop   4494
[0mBatt=23.4 [0mODOM [31mVisionX  +0.00 Y  +0.00 theta   +0.0 elt    0 [0mimu  -1.4 Dt    0 LtCy    0 integ.govd   +0.00   +0.00 integ.vbp +0.00 +0.00 omni.gos X     -0.0 ,Y     -0.2. omgD -0.013 omg  +0.00 loop   4448
[0mBatt=23.4 [0mODOM [31mVisionX  +0.00 Y  +0.00 theta   +0.0 elt    0 [0mimu  -1.4 Dt    6 LtCy    3 integ.govd   -0.00   -0.00 integ.vbp -0.00 -0.00 omni.gos X     -0.0 ,Y     -0.3. omgD -0.021 omg  +0.00 loop   4556
[0mBatt=23.4 [0mODOM [31mVisionX  +0.00 Y  +0.00 theta   +0.0 elt    0 [0mimu  -1.4 Dt    4 LtCy    2 integ.govd   +0.00   +0.00 integ.vbp +0.00 +0.00 omni.gos X     +0.0 ,Y     +0.0. omgD +0.000 omg  +0.00 loop   4436
[0mBatt=23.4 [0mODOM [31mVisionX  +0.00 Y  +0.00 theta   +0.0 elt    0 [0mimu  -1.4 Dt    0 LtCy    0 integ.govd   +0.00   +0.00 integ.vbp +0.00 +0.00 omni.gos X     +0.0 ,Y     +0.1. omgD +0.009 omg  +0.00 loop   4488
[0mBatt=23.4 [0mODOM [31mVisionX  +0.00 Y  +0.00 theta   +0.0 elt    0 [0mimu  -1.4 Dt    4 LtCy    2 integ.govd   +0.00   -0.00 integ.vbp +0.00 -0.00 omni.gos X     +0.0 ,Y     -0.1. omgD -0.004 omg  +0.00 loop   4560
[0mBatt=23.4 [0mODOM [31mVisionX  +0.00 Y  +0.00 theta   +0.0 elt    0 [0mimu  -1.4 Dt    2 LtCy    1 integ.govd   +0.00   -0.00 integ.vbp +0.00 -0.00 omni.gos X     +0.0 ,Y     -0.1. omgD -0.008 omg  +0.00 loop   4459
[0mBatt=23.4 [0mODOM [31mVisionX  +0.00 Y  +0.00 theta   +0.0 elt    0 [0mimu  -1.4 Dt    8 LtCy    4 integ.govd   -0.00   -0.00 integ.vbp -0.00 -0.00 omni.gos X     -0.0 ,Y     -0.2. omgD -0.013 omg  +0.00 loop   4534
[0mBatt=23.4 [0mODOM [31mVisionX  +0.00 Y  +0.00 theta   +0.0 elt    0 [0mimu  -1.4 Dt    4 LtCy    2 integ.govd   +0.00   -0.00 integ.vbp +0.00 -0.00 omni.gos X     +0.0 ,Y     -0.1. omgD -0.008 omg  +0.00 loop   4441
[0mBatt=23.4 [0mODOM [31mVisionX  +0.00 Y  +0.00 theta   +0.0 elt    0 [0mimu  -1.4 Dt    0 LtCy    0 integ.govd   +0.00   +0.00 integ.vbp +0.00 +0.00 omni.gos X     -0.0 ,Y     -0.1. omgD -0.008 omg  +0.00 loop   4475
[0mBatt=23.4 [0mODOM [31mVisionX  +0.00 Y  +0.00 theta   +0.0 elt    0 [0mimu  -1.4 Dt    6 LtCy    3 integ.govd   -0.00   -0.00 integ.vbp -0.00 -0.00 omni.gos X     -0.0 ,Y     -0.1. omgD -0.004 omg  +0.00 loop   4530
[0mBatt=23.4 [0mODOM [31mVisionX  +0.00 Y  +0.00 theta   +0.0 elt    0 [0mimu  -1.4 Dt    2 LtCy    1 integ.govd   +0.00   -0.00 integ.vbp +0.00 -0.00 omni.gos X     +0.0 ,Y     -0.2. omgD -0.013 omg  +0.00 loop   4459
[0mBatt=23.4 [0mODOM [31mVisionX  +0.00 Y  +0.00 theta   +0.0 elt    0 [0mimu  -1.4 Dt    0 LtCy    0 integ.govd   +0.00   +0.00 integ.vbp +0.00 +0.00 omni.gos X     +0.0 ,Y     -0.1. omgD -0.004 omg  +0.00 loop   2153
[0mBatt=23.4 [0mODOM [31mVisionX  +0.00 Y  +0.00 theta   +0.0 elt    0 [0mimu  -1.4 Dt    6 LtCy    3 integ.govd   -0.00   -0.00 integ.vbp -0.00 -0.00 omni.gos X     +0.0 ,Y     -0.2. omgD -0.013 omg  +0.00 loop   4541
[0mBatt=23.4 [0mODOM [31mVisionX  +0.00 Y  +0.00 theta   +0.0 elt    0 [0mimu  -1.4 Dt    2 LtCy    1 integ.govd   +0.00   -0.00 integ.vbp +0.00 -0.00 omni.gos X     +0.0 ,Y     -0.2. omgD -0.017 omg  +0.00 loop   4442
[0mBatt=23.4 [0mODOM [31mVisionX  +0.00 Y  +0.00 theta   +0.0 elt    0 [0mimu  -1.4 Dt    8 LtCy    4 integ.govd   -0.00   -0.00 integ.vbp -0.00 -0.00 omni.gos X     +0.0 ,Y     -0.1. omgD -0.004 omg  +0.00 loop   4545
[0mBatt=23.4 [0mODOM [31mVisionX  +0.00 Y  +0.00 theta   +0.0 elt    0 [0mimu  -1.4 Dt    4 LtCy    2 integ.govd   +0.00   -0.00 integ.vbp +0.00 -0.00 omni.gos X     +0.0 ,Y     -0.1. omgD -0.004 omg  +0.00 loop   4435
[0mBatt=23.4 [0mODOM [31mVisionX  +0.00 Y  +0.00 theta   +0.0 elt    0 [0mimu  -1.4 Dt    0 LtCy    0 integ.govd   +0.00   +0.00 integ.vbp +0.00 +0.00 omni.gos X     +0.0 ,Y     -0.2. omgD -0.013 omg  +0.00 loop   4444
[0mBatt=23.4 [0mODOM [31mVisionX  +0.00 Y  +0.00 theta   +0.0 elt    0 [0mimu  -1.4 Dt    6 LtCy    3 integ.govd   +0.00   +0.00 integ.vbp +0.00 +0.00 omni.gos X     +0.0 ,Y     +0.1. omgD +0.004 omg  +0.00 loop   4557
[0mBatt=23.4 [0mODOM [31mVisionX  +0.00 Y  +0.00 theta   +0.0 elt    0 [0mimu  -1.4 Dt    2 LtCy    1 integ.govd   +0.00   -0.00 integ.vbp +0.00 -0.00 omni.gos X     +0.0 ,Y     -0.1. omgD -0.004 omg  +0.00 loop   4478
[0mBatt=23.4 [0mODOM [31mVisionX  +0.00 Y  +0.00 theta   +0.0 elt    0 [0mimu  -1.4 Dt    8 LtCy    4 integ.govd   -0.00   -0.00 integ.vbp -0.00 -0.00 omni.gos X     -0.0 ,Y     -0.1. omgD -0.008 omg  +0.00 loop   4446
[0mBatt=23.4 [0mODOM [31mVisionX  +0.00 Y  +0.00 theta   +0.0 elt    0 [0mimu  -1.4 Dt    6 LtCy    3 integ.govd   -0.00   -0.00 integ.vbp -0.00 -0.00 omni.gos X     -0.0 ,Y     -0.1. omgD -0.008 omg  +0.00 loop   4515
[0mBatt=23.4 [0mODOM [31mVisionX  +0.00 Y  +0.00 theta   +0.0 elt    0 [0mimu  -1.4 Dt    0 LtCy    0 integ.govd   +0.00   +0.00 integ.vbp +0.00 +0.00 omni.gos X     -0.0 ,Y     -0.1. omgD -0.004 omg  +0.00 loop   4456
[0mBatt=23.4 [0mODOM [31mVisionX  +0.00 Y  +0.00 theta   +0.0 elt    0 [0mimu  -1.4 Dt    6 LtCy    3 integ.govd   -0.00   -0.00 integ.vbp -0.00 -0.00 omni.gos X     -0.0 ,Y     -0.2. omgD -0.013 omg  +0.00 loop   4524
[0mBatt=23.4 [0mODOM [31mVisionX  +0.00 Y  +0.00 theta   +0.0 elt    0 [0mimu  -1.4 Dt    4 LtCy    2 integ.govd   -0.00   -0.00 integ.vbp -0.00 -0.00 omni.gos X     -0.0 ,Y     -0.2. omgD -0.013 omg  +0.00 loop   4457
[0mBatt=23.4 [0mODOM [31mVisionX  +0.00 Y  +0.00 theta   +0.0 elt    0 [0mimu  -1.4 Dt   10 LtCy    5 integ.govd   -0.00   -0.00 integ.vbp -0.00 -0.00 omni.gos X     +0.0 ,Y     -0.1. omgD -0.011 omg  +0.00 loop   4479
[0mBatt=23.4 [0mODOM [31mVisionX  +0.00 Y  +0.00 theta   +0.0 elt    0 [0mimu  -1.4 Dt    4 LtCy    2 integ.govd   -0.00   -0.00 integ.vbp -0.00 -0.00 omni.gos X     -0.0 ,Y     -0.2. omgD -0.013 omg  +0.00 loop   4484
[0mBatt=23.4 [0mODOM [31mVisionX  +0.00 Y  +0.00 theta   +0.0 elt    0 [0mimu  -1.4 Dt    0 LtCy    0 integ.govd   +0.00   +0.00 integ.vbp +0.00 +0.00 omni.gos X     +0.0 ,Y     -0.1. omgD -0.006 omg  +0.00 loop   4436
[0mBatt=23.4 [0mODOM [31mVisionX  +0.00 Y  +0.00 theta   +0.0 elt    0 [0mimu  -1.4 Dt    6 LtCy    3 integ.govd   +0.00   -0.00 integ.vbp +0.00 -0.00 omni.gos X     +0.0 ,Y     -0.0. omgD -0.002 omg  +0.00 loop   4560
[0mBatt=23.4 [0mODOM [31mVisionX  +0.00 Y  +0.00 theta   +0.0 elt    0 [0mimu  -1.4 Dt    2 LtCy    1 integ.govd   +0.00   +0.00 integ.vbp +0.00 +0.00 omni.gos X     +0.0 ,Y     +0.0. omgD +0.000 omg  +0.00 loop   4474
[0mBatt=23.4 [0mODOM [31mVisionX  +0.00 Y  +0.00 theta   +0.0 elt    0 [0mimu  -1.4 Dt    8 LtCy    4 integ.govd   -0.00   -0.00 integ.vbp -0.00 -0.00 omni.gos X     -0.0 ,Y     -0.1. omgD -0.004 omg  +0.00 loop   4539
[0mBatt=23.4 [0mODOM [31mVisionX  +0.00 Y  +0.00 theta   +0.0 elt    0 [0mimu  -1.4 Dt    4 LtCy    2 integ.govd   +0.00   -0.00 integ.vbp +0.00 -0.00 omni.gos X     +0.0 ,Y     -0.1. omgD -0.004 omg  +0.00 loop   4462
[0mBatt=23.4 [0mODOM [31mVisionX  +0.00 Y  +0.00 theta   +0.0 elt    0 [0mimu  -1.4 Dt    0 LtCy    0 integ.govd   +0.00   +0.00 integ.vbp +0.00 +0.00 omni.gos X     -0.0 ,Y     -0.1. omgD -0.004 omg  +0.00 loop   4477
[0mBatt=23.4 [0mODOM [31mVisionX  +0.00 Y  +0.00 theta   +0.0 elt    0 [0mimu  -1.4 Dt    4 LtCy    2 integ.govd   +0.00   +0.00 integ.vbp +0.00 +0.00 omni.gos X     +0.0 ,Y     -0.1. omgD -0.004 omg  +0.00 loop   4511
[0mBatt=23.4 [0mODOM [31mVisionX  +0.00 Y  +0.00 theta   +0.0 elt    0 [0mimu  -1.4 Dt    2 LtCy    1 integ.govd   +0.00   -0.00 integ.vbp +0.00 -0.00 omni.gos X     +0.0 ,Y     -0.1. omgD -0.006 omg  +0.00 loop   4497
[0mBatt=23.4 [0mODOM [31mVisionX  +0.00 Y  +0.00 theta   +0.0 elt    0 [0mimu  -1.4 Dt    8 LtCy    4 integ.govd   -0.00   -0.00 integ.vbp -0.00 -0.00 omni.gos X     +0.0 ,Y     -0.1. omgD -0.008 omg  +0.00 loop   4546
[0mBatt=23.4 [0mODOM [31mVisionX  +0.00 Y  +0.00 theta   +0.0 elt    0 [0mimu  -1.4 Dt    4 LtCy    2 integ.govd   +0.00   -0.00 integ.vbp +0.00 -0.00 omni.gos X     +0.0 ,Y     -0.1. omgD -0.006 omg  +0.00 loop   4448
[0mBatt=23.4 [0mODOM [31mVisionX  +0.00 Y  +0.00 theta   +0.0 elt    0 [0mimu  -1.4 Dt    8 LtCy    4 integ.govd   -0.00   -0.00 integ.vbp -0.00 -0.00 omni.gos X     +0.0 ,Y     -0.1. omgD -0.006 omg  +0.00 loop   4533
[0mBatt=23.4 [0mODOM [31mVisionX  +0.00 Y  +0.00 theta   +0.0 elt    0 [0mimu  -1.4 Dt    4 LtCy    2 integ.govd   -0.00   -0.00 integ.vbp -0.00 -0.00 omni.gos X     +0.0 ,Y     -0.2. omgD -0.013 omg  +0.00 loop   4447
[0mBatt=23.4 [0mODOM [31mVisionX  +0.00 Y  +0.00 theta   +0.0 elt    0 [0mimu  -1.4 Dt    2 LtCy    1 integ.govd   +0.00   -0.00 integ.vbp +0.00 -0.00 omni.gos X     +0.0 ,Y     -0.1. omgD -0.006 omg  +0.00 loop   4449
[0mBatt=23.4 [0mODOM [31mVisionX  +0.00 Y  +0.00 theta   +0.0 elt    0 [0mimu  -1.4 Dt    6 LtCy    3 integ.govd   -0.00   -0.00 integ.vbp -0.00 -0.00 omni.gos X     +0.0 ,Y     -0.1. omgD -0.011 omg  +0.00 loop   4520
[0mBatt=23.4 [0mODOM [31mVisionX  +0.00 Y  +0.00 theta   +0.0 elt    0 [0mimu  -1.4 Dt    2 LtCy    1 integ.govd   +0.00   -0.00 integ.vbp +0.00 -0.00 omni.gos X     +0.0 ,Y     -0.1. omgD -0.004 omg  +0.00 loop   4468
[0mBatt=23.4 [0mODOM [31mVisionX  +0.00 Y  +0.00 theta   +0.0 elt    0 [0mimu  -1.4 Dt    8 LtCy    4 integ.govd   -0.00   -0.00 integ.vbp -0.00 -0.00 omni.gos X     +0.0 ,Y     -0.1. omgD -0.011 omg  +0.00 loop   4544
[0mBatt=23.4 [0mODOM [31mVisionX  +0.00 Y  +0.00 theta   +0.0 elt    0 [0mimu  -1.4 Dt    4 LtCy    2 integ.govd   -0.00   -0.00 integ.vbp -0.00 -0.00 omni.gos X     -0.0 ,Y     -0.2. omgD -0.015 omg  +0.00 loop   4411
[0mBatt=23.4 [0mODOM [31mVisionX  +0.00 Y  +0.00 theta   +0.0 elt    0 [0mimu  -1.4 Dt    0 LtCy    0 integ.govd   +0.00   +0.00 integ.vbp +0.00 +0.00 omni.gos X     +0.0 ,Y     -0.1. omgD -0.006 omg  +0.00 loop   4465
[0mBatt=23.4 [0mODOM [31mVisionX  +0.00 Y  +0.00 theta   +0.0 elt    0 [0mimu  -1.4 Dt    6 LtCy    3 integ.govd   +0.00   +0.00 integ.vbp +0.00 +0.00 omni.gos X     +0.0 ,Y     -0.0. omgD -0.002 omg  +0.00 loop   4559
[0mBatt=23.4 [0mODOM [31mVisionX  +0.00 Y  +0.00 theta   +0.0 elt    0 [0mimu  -1.4 Dt    2 LtCy    1 integ.govd   +0.00   -0.00 integ.vbp +0.00 -0.00 omni.gos X     +0.0 ,Y     -0.1. omgD -0.004 omg  +0.00 loop   4423
[0mBatt=23.4 [0mODOM [31mVisionX  +0.00 Y  +0.00 theta   +0.0 elt    0 [0mimu  -1.4 Dt    8 LtCy    4 integ.govd   -0.00   -0.00 integ.vbp -0.00 -0.00 omni.gos X     +0.0 ,Y     +0.0. omgD +0.000 omg  +0.00 loop   4542
[0mBatt=23.4 [0mODOM [31mVisionX  +0.00 Y  +0.00 theta   +0.0 elt    0 [0mimu  -1.4 Dt    4 LtCy    2 integ.govd   +0.00   +0.00 integ.vbp +0.00 +0.00 omni.gos X     +0.0 ,Y     +0.1. omgD +0.004 omg  +0.00 loop   4446
[0mBatt=23.4 [0mODOM [31mVisionX  +0.00 Y  +0.00 theta   +0.0 elt    0 [0mimu  -1.4 Dt    2 LtCy    1 integ.govd   +0.00   -0.00 integ.vbp +0.00 -0.00 omni.gos X     +0.0 ,Y     -0.1. omgD -0.004 omg  +0.00 loop   4465
[0mBatt=23.4 [0mODOM [31mVisionX  +0.00 Y  +0.00 theta   +0.0 elt    0 [0mimu  -1.4 Dt    6 LtCy    3 integ.govd   -0.00   -0.00 integ.vbp -0.00 -0.00 omni.gos X     +0.0 ,Y     -0.1. omgD -0.004 omg  +0.00 loop   4521
[0mBatt=23.4 [0mODOM [31mVisionX  +0.00 Y  +0.00 theta   +0.0 elt    0 [0mimu  -1.4 Dt    2 LtCy    1 integ.govd   +0.00   +0.00 integ.vbp +0.00 +0.00 omni.gos X     +0.0 ,Y     +0.1. omgD +0.004 omg  +0.00 loop   4465
[0mBatt=23.4 [0mODOM [31mVisionX  +0.00 Y  +0.00 theta   +0.0 elt    0 [0mimu  -1.4 Dt    0 LtCy    0 integ.govd   +0.00   +0.00 integ.vbp +0.00 +0.00 omni.gos X     +0.0 ,Y     -0.1. omgD -0.004 omg  +0.00 loop   4455
[0mBatt=23.4 [0mODOM [31mVisionX  +0.00 Y  +0.00 theta   +0.0 elt    0 [0mimu  -1.4 Dt    4 LtCy    2 integ.govd   +0.00   -0.00 integ.vbp +0.00 -0.00 omni.gos X     +0.0 ,Y     -0.1. omgD -0.008 omg  +0.00 loop   4529
[0mBatt=23.4 [0mODOM [31mVisionX  +0.00 Y  +0.00 theta   +0.0 elt    0 [0mimu  -1.4 Dt    2 LtCy    1 integ.govd   +0.00   -0.00 integ.vbp +0.00 -0.00 omni.gos X     +0.0 ,Y     -0.1. omgD -0.004 omg  +0.00 loop   4482
[0mBatt=23.4 [0mODOM [31mVisionX  +0.00 Y  +0.00 theta   +0.0 elt    0 [0mimu  -1.4 Dt    8 LtCy    4 integ.govd   -0.00   -0.00 integ.vbp -0.00 -0.00 omni.gos X     +0.0 ,Y     -0.1. omgD -0.004 omg  +0.00 loop   4547
[0mBatt=23.4 [0mODOM [31mVisionX  +0.00 Y  +0.00 theta   +0.0 elt    0 [0mimu  -1.4 Dt    4 LtCy    2 integ.govd   -0.00   -0.00 integ.vbp -0.00 -0.00 omni.gos X     +0.0 ,Y     -0.1. omgD -0.004 omg  +0.00 loop   4435
[0mBatt=23.4 [0mODOM [31mVisionX  +0.00 Y  +0.00 theta   +0.0 elt    0 [0mimu  -1.4 Dt    0 LtCy    0 integ.govd   +0.00   +0.00 integ.vbp +0.00 +0.00 omni.gos X     +0.0 ,Y     -0.1. omgD -0.008 omg  +0.00 loop   4471
[0mBatt=23.4 [0mODOM [31mVisionX  +0.00 Y  +0.00 theta   +0.0 elt    0 [0mimu  -1.4 Dt    6 LtCy    3 integ.govd   -0.00   -0.00 integ.vbp -0.00 -0.00 omni.gos X     +0.0 ,Y     -0.1. omgD -0.008 omg  +0.00 loop   4567
[0mBatt=23.4 [0mODOM [31mVisionX  +0.00 Y  +0.00 theta   +0.0 elt    0 [0mimu  -1.4 Dt    2 LtCy    1 integ.govd   -0.00   -0.00 integ.vbp -0.00 -0.00 omni.gos X     -0.0 ,Y     -0.2. omgD -0.013 omg  +0.00 loop   4433
[0mBatt=23.4 [0mODOM [31mVisionX  +0.00 Y  +0.00 theta   +0.0 elt    0 [0mimu  -1.4 Dt    8 LtCy    4 integ.govd   +0.00   -0.00 integ.vbp +0.00 -0.00 omni.gos X     +0.0 ,Y     +0.0. omgD +0.000 omg  +0.00 loop   4517
[0mBatt=23.4 [0mODOM [31mVisionX  +0.00 Y  +0.00 theta   +0.0 elt    0 [0mimu  -1.4 Dt    4 LtCy    2 integ.govd   +0.00   -0.00 integ.vbp +0.00 -0.00 omni.gos X     +0.0 ,Y     -0.1. omgD -0.004 omg  +0.00 loop   4495
[0mBatt=23.4 [0mODOM [31mVisionX  +0.00 Y  +0.00 theta   +0.0 elt    0 [0mimu  -1.4 Dt    0 LtCy    0 integ.govd   +0.00   +0.00 integ.vbp +0.00 +0.00 omni.gos X     -0.0 ,Y     -0.1. omgD -0.008 omg  +0.00 loop   4455
[0mBatt=23.4 [0mODOM [31mVisionX  +0.00 Y  +0.00 theta   +0.0 elt    0 [0mimu  -1.4 Dt    6 LtCy    3 integ.govd   -0.00   -0.00 integ.vbp -0.00 -0.00 omni.gos X     +0.0 ,Y     -0.1. omgD -0.008 omg  +0.00 loop   4513
[0mBatt=23.4 [0mODOM [31mVisionX  +0.00 Y  +0.00 theta   +0.0 elt    0 [0mimu  -1.4 Dt    2 LtCy    1 integ.govd   +0.00   -0.00 integ.vbp +0.00 -0.00 omni.gos X     +0.0 ,Y     -0.1. omgD -0.008 omg  +0.00 loop   4461
[0mBatt=23.4 [0mODOM [31mVisionX  +0.00 Y  +0.00 theta   +0.0 elt    0 [0mimu  -1.4 Dt    8 LtCy    4 integ.govd   -0.00   -0.00 integ.vbp -0.00 -0.00 omni.gos X     -0.0 ,Y     -0.2. omgD -0.017 omg  +0.00 loop   4505
[0mBatt=23.4 [0mODOM [31mVisionX  +0.00 Y  +0.00 theta   +0.0 elt    0 [0mimu  -1.4 Dt    4 LtCy    2 integ.govd   +0.00   -0.00 integ.vbp +0.00 -0.00 omni.gos X     +0.0 ,Y     -0.2. omgD -0.013 omg  +0.00 loop   4446
[0mBatt=23.4 [0mODOM [31mVisionX  +0.00 Y  +0.00 theta   +0.0 elt    0 [0mimu  -1.4 Dt    0 LtCy    0 integ.govd   +0.00   +0.00 integ.vbp +0.00 +0.00 omni.gos X     -0.0 ,Y     -0.3. omgD -0.026 omg  +0.00 loop   4483
[0mBatt=23.4 [0mODOM [31mVisionX  +0.00 Y  +0.00 theta   +0.0 elt    0 [0mimu  -1.4 Dt    6 LtCy    3 integ.govd   -0.00   -0.00 integ.vbp -0.00 -0.00 omni.gos X     -0.0 ,Y     -0.2. omgD -0.013 omg  +0.00 loop   4542
[0mBatt=23.4 [0mODOM [31mVisionX  +0.00 Y  +0.00 theta   +0.0 elt    0 [0mimu  -1.4 Dt    2 LtCy    1 integ.govd   +0.00   +0.00 integ.vbp +0.00 +0.00 omni.gos X     +0.0 ,Y     +0.0. omgD +0.000 omg  +0.00 loop   4424
[0mBatt=23.4 [0mODOM [31mVisionX  +0.00 Y  +0.00 theta   +0.0 elt    0 [0mimu  -1.4 Dt   10 LtCy    5 integ.govd   -0.00   -0.00 integ.vbp -0.00 -0.00 omni.gos X     +0.0 ,Y     -0.1. omgD -0.008 omg  +0.00 loop   4560
[0mBatt=23.4 [0mODOM [31mVisionX  +0.00 Y  +0.00 theta   +0.0 elt    0 [0mimu  -1.4 Dt    4 LtCy    2 integ.govd   -0.00   -0.00 integ.vbp -0.00 -0.00 omni.gos X     -0.0 ,Y     -0.1. omgD -0.008 omg  +0.00 loop   4444
[0mBatt=23.4 [0mODOM [31mVisionX  +0.00 Y  +0.00 theta   +0.0 elt    0 [0mimu  -1.4 Dt    2 LtCy    1 integ.govd   -0.00   -0.00 integ.vbp -0.00 -0.00 omni.gos X     -0.0 ,Y     -0.1. omgD -0.008 omg  +0.00 loop   4444
[0mBatt=23.4 [0mODOM [31mVisionX  +0.00 Y  +0.00 theta   +0.0 elt    0 [0mimu  -1.4 Dt    8 LtCy    4 integ.govd   -0.00   -0.00 integ.vbp -0.00 -0.00 omni.gos X     +0.0 ,Y     -0.1. omgD -0.004 omg  +0.00 loop   4511
[0mBatt=23.4 [0mODOM [31mVisionX  +0.00 Y  +0.00 theta   +0.0 elt    0 [0mimu  -1.4 Dt    2 LtCy    1 integ.govd   +0.00   -0.00 integ.vbp +0.00 -0.00 omni.gos X     +0.0 ,Y     -0.1. omgD -0.008 omg  +0.00 loop   4459
[0mBatt=23.4 [0mODOM [31mVisionX  +0.00 Y  +0.00 theta   +0.0 elt    0 [0mimu  -1.4 Dt    0 LtCy    0 integ.govd   +0.00   +0.00 integ.vbp +0.00 +0.00 omni.gos X     -0.0 ,Y     -0.1. omgD -0.008 omg  +0.00 loop   2153
[0mBatt=23.4 [0mODOM [31mVisionX  +0.00 Y  +0.00 theta   +0.0 elt    0 [0mimu  -1.4 Dt    6 LtCy    3 integ.govd   +0.00   -0.00 integ.vbp +0.00 -0.00 omni.gos X     +0.0 ,Y     -0.1. omgD -0.004 omg  +0.00 loop   4516
[0mBatt=23.4 [0mODOM [31mVisionX  +0.00 Y  +0.00 theta   +0.0 elt    0 [0mimu  -1.4 Dt    2 LtCy    1 integ.govd   +0.00   -0.00 integ.vbp +0.00 -0.00 omni.gos X     +0.0 ,Y     -0.1. omgD -0.008 omg  +0.00 loop   4465
[0mBatt=23.4 [0mODOM [31mVisionX  +0.00 Y  +0.00 theta   +0.0 elt    0 [0mimu  -1.4 Dt   10 LtCy    5 integ.govd   -0.00   -0.00 integ.vbp -0.00 -0.00 omni.gos X     +0.0 ,Y     -0.1. omgD -0.004 omg  +0.00 loop   4550
[0mBatt=23.4 [0mODOM [31mVisionX  +0.00 Y  +0.00 theta   +0.0 elt    0 [0mimu  -1.4 Dt    4 LtCy    2 integ.govd   +0.00   -0.00 integ.vbp +0.00 -0.00 omni.gos X     +0.0 ,Y     -0.1. omgD -0.004 omg  +0.00 loop   4420
[0mBatt=23.4 [0mODOM [31mVisionX  +0.00 Y  +0.00 theta   +0.0 elt    0 [0mimu  -1.4 Dt    2 LtCy    1 integ.govd   +0.00   -0.00 integ.vbp +0.00 -0.00 omni.gos X     +0.0 ,Y     -0.1. omgD -0.004 omg  +0.00 loop   4469
[0mBatt=23.4 [0mODOM [31mVisionX  +0.00 Y  +0.00 theta   +0.0 elt    0 [0mimu  -1.4 Dt    8 LtCy    4 integ.govd   -0.00   -0.00 integ.vbp -0.00 -0.00 omni.gos X     -0.0 ,Y     -0.1. omgD -0.004 omg  +0.00 loop   4546
[0mBatt=23.4 [0mODOM [31mVisionX  +0.00 Y  +0.00 theta   +0.0 elt    0 [0mimu  -1.4 Dt    2 LtCy    1 integ.govd   +0.00   +0.00 integ.vbp +0.00 +0.00 omni.gos X     +0.0 ,Y     +0.0. omgD +0.000 omg  +0.00 loop   4443
[0mBatt=23.4 [0mODOM [31mVisionX  +0.00 Y  +0.00 theta   +0.0 elt    0 [0mimu  -1.4 Dt    8 LtCy    4 integ.govd   +0.00   -0.00 integ.vbp +0.00 -0.00 omni.gos X     +0.0 ,Y     -0.1. omgD -0.008 omg  +0.00 loop   4546
[0mBatt=23.4 [0mODOM [31mVisionX  +0.00 Y  +0.00 theta   +0.0 elt    0 [0mimu  -1.4 Dt    4 LtCy    2 integ.govd   -0.00   -0.00 integ.vbp -0.00 -0.00 omni.gos X     -0.0 ,Y     -0.1. omgD -0.004 omg  +0.00 loop   4452
[0mBatt=23.4 [0mODOM [31mVisionX  +0.00 Y  +0.00 theta   +0.0 elt    0 [0mimu  -1.4 Dt   10 LtCy    5 integ.govd   +0.00   -0.00 integ.vbp +0.00 -0.00 omni.gos X     +0.0 ,Y     +0.0. omgD +0.000 omg  +0.00 loop   4475
[0mBatt=23.4 [0mODOM [31mVisionX  +0.00 Y  +0.00 theta   +0.0 elt    0 [0mimu  -1.4 Dt    6 LtCy    3 integ.govd   -0.00   -0.00 integ.vbp -0.00 -0.00 omni.gos X     -0.0 ,Y     -0.1. omgD -0.008 omg  +0.00 loop   4508
[0mBatt=23.4 [0mODOM [31mVisionX  +0.00 Y  +0.00 theta   +0.0 elt    0 [0mimu  -1.4 Dt    2 LtCy    1 integ.govd   -0.00   -0.00 integ.vbp -0.00 -0.00 omni.gos X     -0.0 ,Y     -0.2. omgD -0.013 omg  +0.00 loop   4462
[0mBatt=23.4 [0mODOM [31mVisionX  +0.00 Y  +0.00 theta   +0.0 elt    0 [0mimu  -1.4 Dt    8 LtCy    4 integ.govd   -0.00   -0.00 integ.vbp -0.00 -0.00 omni.gos X     +0.0 ,Y     -0.1. omgD -0.004 omg  +0.00 loop   4525
[0mBatt=23.4 [0mODOM [31mVisionX  +0.00 Y  +0.00 theta   +0.0 elt    0 [0mimu  -1.4 Dt    2 LtCy    1 integ.govd   +0.00   -0.00 integ.vbp +0.00 -0.00 omni.gos X     +0.0 ,Y     -0.1. omgD -0.008 omg  +0.00 loop   4439
[0mBatt=23.4 [0mODOM [31mVisionX  +0.00 Y  +0.00 theta   +0.0 elt    0 [0mimu  -1.4 Dt    8 LtCy    4 integ.govd   -0.00   -0.00 integ.vbp -0.00 -0.00 omni.gos X     -0.0 ,Y     -0.1. omgD -0.008 omg  +0.00 loop   4472
[0mBatt=23.4 [0mODOM [31mVisionX  +0.00 Y  +0.00 theta   +0.0 elt    0 [0mimu  -1.4 Dt    6 LtCy    3 integ.govd   -0.00   -0.00 integ.vbp -0.00 -0.00 omni.gos X     +0.0 ,Y     -0.2. omgD -0.013 omg  +0.00 loop   4524
[0mBatt=23.4 [0mODOM [31mVisionX  +0.00 Y  +0.00 theta   +0.0 elt    0 [0mimu  -1.4 Dt    0 LtCy    0 integ.govd   +0.00   +0.00 integ.vbp +0.00 +0.00 omni.gos X     -0.0 ,Y     -0.1. omgD -0.008 omg  +0.00 loop   4435
[0mBatt=23.4 [0mODOM [31mVisionX  +0.00 Y  +0.00 theta   +0.0 elt    0 [0mimu  -1.4 Dt    8 LtCy    4 integ.govd   +0.00   -0.00 integ.vbp +0.00 -0.00 omni.gos X     +0.0 ,Y     +0.0. omgD +0.000 omg  +0.00 loop   4537
[0mBatt=23.4 [0mODOM [31mVisionX  +0.00 Y  +0.00 theta   +0.0 elt    0 [0mimu  -1.4 Dt    4 LtCy    2 integ.govd   -0.00   -0.00 integ.vbp -0.00 -0.00 omni.gos X     -0.0 ,Y     -0.1. omgD -0.008 omg  +0.00 loop   4472
[0mBatt=23.4 [0mODOM [31mVisionX  +0.00 Y  +0.00 theta   +0.0 elt    0 [0mimu  -1.4 Dt    8 LtCy    4 integ.govd   -0.00   -0.00 integ.vbp -0.00 -0.00 omni.gos X     +0.0 ,Y     -0.2. omgD -0.017 omg  +0.00 loop   4508
[0mBatt=23.4 [0mODOM [31mVisionX  +0.00 Y  +0.00 theta   +0.0 elt    0 [0mimu  -1.4 Dt    4 LtCy    2 integ.govd   +0.00   -0.00 integ.vbp +0.00 -0.00 omni.gos X     +0.0 ,Y     -0.1. omgD -0.004 omg  +0.00 loop   4421
[0mBatt=23.4 [0mODOM [31mVisionX  +0.00 Y  +0.00 theta   +0.0 elt    0 [0mimu  -1.4 Dt    0 LtCy    0 integ.govd   +0.00   +0.00 integ.vbp +0.00 +0.00 omni.gos X     +0.0 ,Y     -0.1. omgD -0.004 omg  +0.00 loop   4469
[0mBatt=23.4 [0mODOM [31mVisionX  +0.00 Y  +0.00 theta   +0.0 elt    0 [0mimu  -1.4 Dt    6 LtCy    3 integ.govd   +0.00   -0.00 integ.vbp +0.00 -0.00 omni.gos X     +0.0 ,Y     -0.1. omgD -0.004 omg  +0.00 loop   4560
[0mBatt=23.4 [0mODOM [31mVisionX  +0.00 Y  +0.00 theta   +0.0 elt    0 [0mimu  -1.4 Dt    2 LtCy    1 integ.govd   +0.00   -0.00 integ.vbp +0.00 -0.00 omni.gos X     +0.0 ,Y     -0.1. omgD -0.004 omg  +0.00 loop   4437
[0mBatt=23.4 [0mODOM [31mVisionX  +0.00 Y  +0.00 theta   +0.0 elt    0 [0mimu  -1.5 Dt    0 LtCy    0 integ.govd   +0.00   +0.00 integ.vbp +0.00 +0.00 omni.gos X     -0.0 ,Y     -0.1. omgD -0.004 omg  +0.00 loop   4478
[0mBatt=23.4 [0mODOM [31mVisionX  +0.00 Y  +0.00 theta   +0.0 elt    0 [0mimu  -1.5 Dt    6 LtCy    3 integ.govd   -0.00   -0.00 integ.vbp -0.00 -0.00 omni.gos X     -0.0 ,Y     -0.2. omgD -0.017 omg  +0.00 loop   4561
[0mBatt=23.4 [0mODOM [31mVisionX  +0.00 Y  +0.00 theta   +0.0 elt    0 [0mimu  -1.5 Dt    0 LtCy    0 integ.govd   +0.00   +0.00 integ.vbp +0.00 +0.00 omni.gos X     -0.0 ,Y     -0.3. omgD -0.026 omg  +0.00 loop   4429
[0mBatt=23.4 [0mODOM [31mVisionX  +0.00 Y  +0.00 theta   +0.0 elt    0 [0mimu  -1.5 Dt    8 LtCy    4 integ.govd   +0.00   -0.00 integ.vbp +0.00 -0.00 omni.gos X     +0.0 ,Y     -0.1. omgD -0.004 omg  +0.00 loop   4544
[0mBatt=23.4 [0mODOM [31mVisionX  +0.00 Y  +0.00 theta   +0.0 elt    0 [0mimu  -1.5 Dt    2 LtCy    1 integ.govd   +0.00   +0.00 integ.vbp +0.00 +0.00 omni.gos X     +0.0 ,Y     +0.0. omgD +0.000 omg  +0.00 loop   4472
[0mBatt=23.4 [0mODOM [31mVisionX  +0.00 Y  +0.00 theta   +0.0 elt    0 [0mimu  -1.5 Dt    0 LtCy    0 integ.govd   +0.00   +0.00 integ.vbp +0.00 +0.00 omni.gos X     +0.0 ,Y     -0.1. omgD -0.004 omg  +0.00 loop   4476
[0mBatt=23.4 [0mODOM [31mVisionX  +0.00 Y  +0.00 theta   +0.0 elt    0 [0mimu  -1.5 Dt    6 LtCy    3 integ.govd   -0.00   -0.00 integ.vbp -0.00 -0.00 omni.gos X     -0.0 ,Y     -0.2. omgD -0.017 omg  +0.00 loop   4539
[0mBatt=23.4 [0mODOM [31mVisionX  +0.00 Y  +0.00 theta   +0.0 elt    0 [0mimu  -1.5 Dt    2 LtCy    1 integ.govd   -0.00   -0.00 integ.vbp -0.00 -0.00 omni.gos X     -0.0 ,Y     -0.2. omgD -0.017 omg  +0.00 loop   4466
[0mBatt=23.4 [0mODOM [31mVisionX  +0.00 Y  +0.00 theta   +0.0 elt    0 [0mimu  -1.5 Dt    8 LtCy    4 integ.govd   -0.00   -0.00 integ.vbp -0.00 -0.00 omni.gos X     +0.0 ,Y     -0.2. omgD -0.013 omg  +0.00 loop   4519
[0mBatt=23.4 [0mODOM [31mVisionX  +0.00 Y  +0.00 theta   +0.0 elt    0 [0mimu  -1.5 Dt    4 LtCy    2 integ.govd   -0.00   -0.00 integ.vbp -0.00 -0.00 omni.gos X     -0.0 ,Y     -0.1. omgD -0.008 omg  +0.00 loop   4440
[0mBatt=23.4 [0mODOM [31mVisionX  +0.00 Y  +0.00 theta   +0.0 elt    0 [0mimu  -1.5 Dt    0 LtCy    0 integ.govd   +0.00   +0.00 integ.vbp +0.00 +0.00 omni.gos X     +0.0 ,Y     +0.0. omgD +0.000 omg  +0.00 loop   4465
[0mBatt=23.4 [0mODOM [31mVisionX  +0.00 Y  +0.00 theta   +0.0 elt    0 [0mimu  -1.5 Dt    6 LtCy    3 integ.govd   -0.00   -0.00 integ.vbp -0.00 -0.00 omni.gos X     +0.0 ,Y     -0.1. omgD -0.008 omg  +0.00 loop   4565
[0mBatt=23.4 [0mODOM [31mVisionX  +0.00 Y  +0.00 theta   +0.0 elt    0 [0mimu  -1.5 Dt    2 LtCy    1 integ.govd   +0.00   -0.00 integ.vbp +0.00 -0.00 omni.gos X     +0.0 ,Y     -0.1. omgD -0.008 omg  +0.00 loop   4435
[0mBatt=23.4 [0mODOM [31mVisionX  +0.00 Y  +0.00 theta   +0.0 elt    0 [0mimu  -1.5 Dt    8 LtCy    4 integ.govd   -0.00   -0.00 integ.vbp -0.00 -0.00 omni.gos X     +0.0 ,Y     -0.1. omgD -0.008 omg  +0.00 loop   4531
[0mBatt=23.4 [0mODOM [31mVisionX  +0.00 Y  +0.00 theta   +0.0 elt    0 [0mimu  -1.5 Dt    2 LtCy    1 integ.govd   +0.00   -0.00 integ.vbp +0.00 -0.00 omni.gos X     +0.0 ,Y     -0.1. omgD -0.008 omg  +0.00 loop   4465
[0mBatt=23.4 [0mODOM [31mVisionX  +0.00 Y  +0.00 theta   +0.0 elt    0 [0mimu  -1.5 Dt    0 LtCy    0 integ.govd   +0.00   +0.00 integ.vbp +0.00 +0.00 omni.gos X     +0.0 ,Y     -0.0. omgD -0.002 omg  +0.00 loop   4462
[0mBatt=23.4 [0mODOM [31mVisionX  +0.00 Y  +0.00 theta   +0.0 elt    0 [0mimu  -1.5 Dt    6 LtCy    3 integ.govd   -0.00   -0.00 integ.vbp -0.00 -0.00 omni.gos X     +0.0 ,Y     -0.1. omgD -0.006 omg  +0.00 loop   4547
[0mBatt=23.4 [0mODOM [31mVisionX  +0.00 Y  +0.00 theta   +0.0 elt    0 [0mimu  -1.5 Dt    2 LtCy    1 integ.govd   -0.00   -0.00 integ.vbp -0.00 -0.00 omni.gos X     -0.0 ,Y     -0.1. omgD -0.008 omg  +0.00 loop   4471
[0mBatt=23.4 [0mODOM [31mVisionX  +0.00 Y  +0.00 theta   +0.0 elt    0 [0mimu  -1.5 Dt    8 LtCy    4 integ.govd   -0.00   -0.00 integ.vbp -0.00 -0.00 omni.gos X     -0.0 ,Y     -0.1. omgD -0.011 omg  +0.00 loop   4522
[0mBatt=23.4 [0mODOM [31mVisionX  +0.00 Y  +0.00 theta   +0.0 elt    0 [0mimu  -1.5 Dt    4 LtCy    2 integ.govd   -0.00   -0.00 integ.vbp -0.00 -0.00 omni.gos X     -0.0 ,Y     -0.1. omgD -0.008 omg  +0.00 loop   4430
[0mBatt=23.4 [0mODOM [31mVisionX  +0.00 Y  +0.00 theta   +0.0 elt    0 [0mimu  -1.5 Dt    0 LtCy    0 integ.govd   +0.00   +0.00 integ.vbp +0.00 +0.00 omni.gos X     -0.0 ,Y     -0.1. omgD -0.008 omg  +0.00 loop   4452
[0mBatt=23.4 [0mODOM [31mVisionX  +0.00 Y  +0.00 theta   +0.0 elt    0 [0mimu  -1.5 Dt    6 LtCy    3 integ.govd   -0.00   -0.00 integ.vbp -0.00 -0.00 omni.gos X     +0.0 ,Y     -0.1. omgD -0.004 omg  +0.00 loop   4558
[0mBatt=23.4 [0mODOM [31mVisionX  +0.00 Y  +0.00 theta   +0.0 elt    0 [0mimu  -1.5 Dt    2 LtCy    1 integ.govd   +0.00   -0.00 integ.vbp +0.00 -0.00 omni.gos X     +0.0 ,Y     -0.1. omgD -0.006 omg  +0.00 loop   4432
[0mBatt=23.4 [0mODOM [31mVisionX  +0.00 Y  +0.00 theta   +0.0 elt    0 [0mimu  -1.5 Dt    8 LtCy    4 integ.govd   -0.00   -0.00 integ.vbp -0.00 -0.00 omni.gos X     +0.0 ,Y     -0.1. omgD -0.008 omg  +0.00 loop   4514
[0mBatt=23.4 [0mODOM [31mVisionX  +0.00 Y  +0.00 theta   +0.0 elt    0 [0mimu  -1.5 Dt    4 LtCy    2 integ.govd   +0.00   -0.00 integ.vbp +0.00 -0.00 omni.gos X     +0.0 ,Y     -0.0. omgD -0.002 omg  +0.00 loop   4490
[0mBatt=23.4 [0mODOM [31mVisionX  +0.00 Y  +0.00 theta   +0.0 elt    0 [0mimu  -1.5 Dt    0 LtCy    0 integ.govd   +0.00   +0.00 integ.vbp +0.00 +0.00 omni.gos X     -0.0 ,Y     -0.1. omgD -0.008 omg  +0.00 loop   4449
[0mBatt=23.4 [0mODOM [31mVisionX  +0.00 Y  +0.00 theta   +0.0 elt    0 [0mimu  -1.5 Dt    6 LtCy    3 integ.govd   -0.00   -0.00 integ.vbp -0.00 -0.00 omni.gos X     -0.0 ,Y     -0.1. omgD -0.008 omg  +0.00 loop   4535
[0mBatt=23.5 [0mODOM [31mVisionX  +0.00 Y  +0.00 theta   +0.0 elt    0 [0mimu  -1.5 Dt    2 LtCy    1 integ.govd   +0.00   -0.00 integ.vbp +0.00 -0.00 omni.gos X     +0.0 ,Y     -0.1. omgD -0.008 omg  +0.00 loop   4460
[0mBatt=23.5 [0mODOM [31mVisionX  +0.00 Y  +0.00 theta   +0.0 elt    0 [0mimu  -1.5 Dt    8 LtCy    4 integ.govd   +0.00   -0.00 integ.vbp +0.00 -0.00 omni.gos X     +0.0 ,Y     -0.1. omgD -0.004 omg  +0.00 loop   4494
[0mBatt=23.5 [0mODOM [31mVisionX  +0.00 Y  +0.00 theta   +0.0 elt    0 [0mimu  -1.5 Dt    4 LtCy    2 integ.govd   +0.00   -0.00 integ.vbp +0.00 -0.00 omni.gos X     +0.0 ,Y     -0.1. omgD -0.004 omg  +0.00 loop   4484
[0mBatt=23.4 [0mODOM [31mVisionX  +0.00 Y  +0.00 theta   +0.0 elt    0 [0mimu  -1.5 Dt    0 LtCy    0 integ.govd   +0.00   +0.00 integ.vbp +0.00 +0.00 omni.gos X     +0.0 ,Y     -0.1. omgD -0.008 omg  +0.00 loop   4480
[0mBatt=23.4 [0mODOM [31mVisionX  +0.00 Y  +0.00 theta   +0.0 elt    0 [0mimu  -1.5 Dt    6 LtCy    3 integ.govd   -0.00   -0.00 integ.vbp -0.00 -0.00 omni.gos X     +0.0 ,Y     -0.1. omgD -0.006 omg  +0.00 loop   4547
[0mBatt=23.4 [0mODOM [31mVisionX  +0.00 Y  +0.00 theta   +0.0 elt    0 [0mimu  -1.5 Dt    4 LtCy    2 integ.govd   -0.00   -0.00 integ.vbp -0.00 -0.00 omni.gos X     -0.0 ,Y     -0.2. omgD -0.013 omg  +0.00 loop   4437
TPRB_BEGIN,version=1,clock_hz=170000000,duration_cycles=1700000000
TPRB_TYPE,event_sequence,cycle,marker_sequence,counter
TPRB_RX,0,39966455,1,1
TPRB_RX,1,41796406,5,11
TPRB_RX,2,43614366,5,21
TPRB_RX,3,45245303,5,30
TPRB_RX,4,47056705,5,40
TPRB_RX,5,48870719,5,50
TPRB_RX,6,50501628,5,59
TPRB_RX,7,52312510,5,69
TPRB_RX,8,53947389,5,78
TPRB_RX,9,55578062,5,87
TPRB_RX,10,57396731,6,97
TPRB_RX,11,59044382,12,106
TPRB_RX,12,60680697,12,115
TPRB_RX,13,62492177,12,125
TPRB_RX,14,64127148,12,134
TPRB_RX,15,65759670,12,143
TPRB_RX,16,67568448,12,153
TPRB_RX,17,69202519,12,162
TPRB_RX,18,71017928,12,172
TPRB_RX,19,72646808,12,181
TPRB_RX,20,74279187,12,190
TPRB_RX,21,76115543,19,200
TPRB_RX,22,77754733,19,8
TPRB_RX,23,79385940,19,17
TPRB_RX,24,81197296,19,27
TPRB_RX,25,82829817,19,36
TPRB_RX,26,84461488,19,45
TPRB_RX,27,86272987,19,55
TPRB_RX,28,87903446,19,64
TPRB_RX,29,89715754,19,74
TPRB_RX,30,91350558,19,83
TPRB_RX,31,92993002,25,92
TPRB_RX,32,94815030,26,102
TPRB_RX,33,96447874,26,111
TPRB_RX,34,98081189,26,120
TPRB_RX,35,99893762,26,130
TPRB_RX,36,101526248,26,139
TPRB_RX,37,103337789,26,149
TPRB_RX,38,105152380,26,159
TPRB_RX,39,106787048,26,168
TPRB_RX,40,108599143,26,178
TPRB_RX,41,110421691,31,188
TPRB_RX,42,112064783,33,197
TPRB_RX,43,113700831,33,5
TPRB_RX,44,115512181,33,15
TPRB_RX,45,117144681,33,24
TPRB_RX,46,118958336,33,34
TPRB_RX,47,120588501,33,43
TPRB_RX,48,122220722,33,52
TPRB_RX,49,124039160,33,62
TPRB_RX,50,125673115,33,71
TPRB_RX,51,127320789,36,80
TPRB_RX,52,129138971,39,90
TPRB_RX,53,130786004,39,99
TPRB_RX,54,132433345,39,108
TPRB_RX,55,134246648,39,118
TPRB_RX,56,135890454,39,127
TPRB_RX,57,137521350,39,136
TPRB_RX,58,139336710,39,146
TPRB_RX,59,140970224,39,155
TPRB_RX,60,142601565,39,164
TPRB_RX,61,144415561,40,174
TPRB_RX,62,146076093,46,183
TPRB_RX,63,147714134,46,192
TPRB_RX,64,149527280,46,1
TPRB_RX,65,151158844,46,10
TPRB_RX,66,152971862,46,20
TPRB_RX,67,154782976,46,30
TPRB_RX,68,156420174,46,39
TPRB_RX,69,158234756,46,49
TPRB_RX,70,159833563,46,57
TPRB_RX,71,161652638,47,67
TPRB_RX,72,163487129,53,77
TPRB_RX,73,165127045,53,86
TPRB_RX,74,166762229,53,95
TPRB_RX,75,168576855,53,105
TPRB_RX,76,170209408,53,114
TPRB_RX,77,171851428,53,123
TPRB_RX,78,173669220,53,133
TPRB_RX,79,175301707,53,142
TPRB_RX,80,177114533,53,152
TPRB_RX,81,178927328,53,162
TPRB_RX,82,180576137,60,171
TPRB_RX,83,182215747,60,180
TPRB_RX,84,184028878,60,190
TPRB_RX,85,185661197,60,199
TPRB_RX,86,187473046,60,8
TPRB_RX,87,189103208,60,17
TPRB_RX,88,190733831,60,26
TPRB_RX,89,192548645,60,36
TPRB_RX,90,194180971,60,45
TPRB_RX,91,195993499,60,55
TPRB_RX,92,197821849,66,65
TPRB_RX,93,199464586,67,74
TPRB_RX,94,201103966,67,83
TPRB_RX,95,202914964,67,93
TPRB_RX,96,204545434,67,102
TPRB_RX,97,206358041,67,112
TPRB_RX,98,208173406,67,122
TPRB_RX,99,209806232,67,131
TPRB_RX,100,211628347,67,141
TPRB_RX,101,213439831,67,151
TPRB_RX,102,215075499,68,160
TPRB_RX,103,216894332,68,170
TPRB_RX,104,218528263,68,179
TPRB_RX,105,220159383,68,188
TPRB_RX,106,221970373,68,198
TPRB_RX,107,223601038,68,6
TPRB_RX,108,225231851,68,15
TPRB_RX,109,227051627,68,25
TPRB_RX,110,228682352,68,34
TPRB_RX,111,230504201,68,44
TPRB_RX,112,232351283,74,54
TPRB_RX,113,234063715,80,63
TPRB_RX,114,235745824,80,72
TPRB_RX,115,237404896,80,81
TPRB_RX,116,239066583,80,90
TPRB_RX,117,240725835,80,99
TPRB_RX,118,242570134,80,109
TPRB_RX,119,244425248,80,119
TPRB_RX,120,246086648,80,128
TPRB_RX,121,247748461,80,137
TPRB_RX,122,249430483,84,146
TPRB_RX,123,251153902,87,155
TPRB_RX,124,252826628,87,164
TPRB_RX,125,254485520,87,173
TPRB_RX,126,256331040,87,183
TPRB_RX,127,257992662,87,192
TPRB_RX,128,259659122,87,0
TPRB_RX,129,261318883,87,9
TPRB_RX,130,262977780,87,18
TPRB_RX,131,264820544,87,28
TPRB_RX,132,266543793,88,37
TPRB_RX,133,268094352,94,45
TPRB_RX,134,269951040,94,55
TPRB_RX,135,271796192,94,65
TPRB_RX,136,273461753,94,74
TPRB_RX,137,275120166,94,83
TPRB_RX,138,276779892,94,92
TPRB_RX,139,278451471,94,101
TPRB_RX,140,280296827,94,111
TPRB_RX,141,281955953,94,120
TPRB_RX,142,283607482,94,129
TPRB_RX,143,285351800,101,138
TPRB_RX,144,287035979,101,147
TPRB_RX,145,288694499,101,156
TPRB_RX,146,290352503,101,165
TPRB_RX,147,292196627,101,175
TPRB_RX,148,293883158,101,184
TPRB_RX,149,295542342,101,193
TPRB_RX,150,297200459,101,1
TPRB_RX,151,298858000,101,10
TPRB_RX,152,300544758,101,19
TPRB_RX,153,302428743,108,29
TPRB_RX,154,304284912,108,39
TPRB_RX,155,306129475,108,49
TPRB_RX,156,307788176,108,58
TPRB_RX,157,309449797,108,67
TPRB_RX,158,311131291,108,76
TPRB_RX,159,312794362,108,85
TPRB_RX,160,314635893,108,95
TPRB_RX,161,316293978,108,104
TPRB_RX,162,317955422,108,113
TPRB_RX,163,319643336,114,122
TPRB_RX,164,321334784,115,131
TPRB_RX,165,323009953,115,140
TPRB_RX,166,324851659,115,150
TPRB_RX,167,326510062,115,159
TPRB_RX,168,328183961,115,168
TPRB_RX,169,329970599,115,176
TPRB_RX,170,331664435,115,185
TPRB_RX,171,333522973,115,195
TPRB_RX,172,335213141,115,3
TPRB_RX,173,336881288,119,12
TPRB_RX,174,338567674,121,21
TPRB_RX,175,340239073,121,30
TPRB_RX,176,341908328,121,39
TPRB_RX,177,343603633,121,48
TPRB_RX,178,345263661,121,57
TPRB_RX,179,347106214,121,67
TPRB_RX,180,348765677,121,76
TPRB_RX,181,350426627,121,85
TPRB_RX,182,352098594,121,94
TPRB_RX,183,353769085,125,103
TPRB_RX,184,355632070,128,113
TPRB_RX,185,357484775,128,123
TPRB_RX,186,359147416,128,132
TPRB_RX,187,360811938,128,141
TPRB_RX,188,362474025,128,150
TPRB_RX,189,364132698,128,159
TPRB_RX,190,365971887,128,169
TPRB_RX,191,367630026,128,178
TPRB_RX,192,369305141,128,187
TPRB_RX,193,370975943,129,196
TPRB_RX,194,372657572,134,4
TPRB_RX,195,374515897,134,14
TPRB_RX,196,376359328,134,24
TPRB_RX,197,378022647,134,33
TPRB_RX,198,379681992,134,42
TPRB_RX,199,381340651,134,51
TPRB_RX,200,383000438,134,60
TPRB_RX,201,384842828,134,70
TPRB_RX,202,386524604,134,79
TPRB_RX,203,388201388,136,88
TPRB_RX,204,389913616,142,97
TPRB_RX,205,391582601,142,106
TPRB_RX,206,393240919,142,115
TPRB_RX,207,394905021,142,124
TPRB_RX,208,396749220,142,134
TPRB_RX,209,398408481,142,143
TPRB_RX,210,400070053,142,152
TPRB_RX,211,401728828,142,161
TPRB_RX,212,403431951,142,170
TPRB_RX,213,405276706,142,180
TPRB_RX,214,407133934,149,190
TPRB_RX,215,408805662,149,199
TPRB_RX,216,410466444,149,7
TPRB_RX,217,412136408,149,16
TPRB_RX,218,413795707,149,25
TPRB_RX,219,415639596,149,35
TPRB_RX,220,417304760,149,44
TPRB_RX,221,418963204,149,53
TPRB_RX,222,420630860,149,62
TPRB_RX,223,422291961,149,71
TPRB_RX,224,424150837,156,81
TPRB_RX,225,426005888,156,91
TPRB_RX,226,427664620,156,100
TPRB_RX,227,429329534,156,109
TPRB_RX,228,430992258,156,118
TPRB_RX,229,432650690,156,127
TPRB_RX,230,434492835,156,137
TPRB_RX,231,436152906,156,146
TPRB_RX,232,437824455,156,155
TPRB_RX,233,439484322,156,164
TPRB_RX,234,441160467,161,173
TPRB_RX,235,442848970,162,182
TPRB_RX,236,444706251,162,192
TPRB_RX,237,446369052,162,0
TPRB_RX,238,448028237,162,9
TPRB_RX,239,449686815,162,18
TPRB_RX,240,451347024,162,27
TPRB_RX,241,453185884,162,37
TPRB_RX,242,454857800,162,46
TPRB_RX,243,456522100,162,55
TPRB_RX,244,458216872,164,64
TPRB_RX,245,459933153,169,73
TPRB_RX,246,461605166,169,82
TPRB_RX,247,463269749,169,91
TPRB_RX,248,465111477,169,101
TPRB_RX,249,466770646,169,110
TPRB_RX,250,468431165,169,119
TPRB_RX,251,470088414,169,128
TPRB_RX,252,471753899,169,137
TPRB_RX,253,473596869,169,147
TPRB_RX,254,475256313,169,156
TPRB_RX,255,476938390,176,165
TPRB_RX,256,478615579,176,174
TPRB_RX,257,480283108,176,183
TPRB_RX,258,482125392,176,193
TPRB_RX,259,483964049,176,2
TPRB_RX,260,485621119,176,11
TPRB_RX,261,487280886,176,20
TPRB_RX,262,488946266,176,29
TPRB_RX,263,490788811,176,39
TPRB_RX,264,492634513,177,49
TPRB_RX,265,494339721,183,58
TPRB_RX,266,496010347,183,67
TPRB_RX,267,497676947,183,76
TPRB_RX,268,499337442,183,85
TPRB_RX,269,501001243,183,94
TPRB_RX,270,502847082,183,104
TPRB_RX,271,504509056,183,113
TPRB_RX,272,506176707,183,122
TPRB_RX,273,507835828,183,131
TPRB_RX,274,509493380,183,140
TPRB_RX,275,511359230,188,150
TPRB_RX,276,513220577,190,160
TPRB_RX,277,514889174,190,169
TPRB_RX,278,516547530,190,178
TPRB_RX,279,518208296,190,187
TPRB_RX,280,519867661,190,196
TPRB_RX,281,521715476,190,5
TPRB_RX,282,523374888,190,14
TPRB_RX,283,525035524,190,23
TPRB_RX,284,526697963,190,32
TPRB_RX,285,528376491,191,41
TPRB_RX,286,530095233,197,50
TPRB_RX,287,531763830,197,59
TPRB_RX,288,533606519,197,69
TPRB_RX,289,535263218,197,78
TPRB_RX,290,536920976,197,87
TPRB_RX,291,538585747,197,96
TPRB_RX,292,540430393,197,106
TPRB_RX,293,542271165,197,116
TPRB_RX,294,543932884,197,125
TPRB_RX,295,545651785,202,134
TPRB_RX,296,547327750,202,143
TPRB_RX,297,548985454,202,152
TPRB_RX,298,550640957,202,161
TPRB_RX,299,552483768,202,171
TPRB_RX,300,554140866,202,180
TPRB_RX,301,555804617,202,189
TPRB_RX,302,557473258,202,198
TPRB_RX,303,559132639,202,6
TPRB_RX,304,560979021,202,16
TPRB_RX,305,562635395,202,25
TPRB_RX,306,564307134,208,34
TPRB_RX,307,565983057,211,43
TPRB_RX,308,567657196,211,52
TPRB_RX,309,569502069,211,62
TPRB_RX,310,571342849,211,72
TPRB_RX,311,573011172,211,81
TPRB_RX,312,574669547,211,90
TPRB_RX,313,576326037,211,99
TPRB_RX,314,578166498,211,109
TPRB_RX,315,579828376,211,118
TPRB_RX,316,581511558,216,127
TPRB_RX,317,583184291,216,136
TPRB_RX,318,584843312,216,145
TPRB_RX,319,586504712,216,154
TPRB_RX,320,588350848,216,164
TPRB_RX,321,590014137,216,173
TPRB_RX,322,591671428,216,182
TPRB_RX,323,593328730,216,191
TPRB_RX,324,595172899,216,0
TPRB_RX,325,596830828,216,9
TPRB_RX,326,598519757,224,18
TPRB_RX,327,600195565,224,27
TPRB_RX,328,601855250,224,36
TPRB_RX,329,603511936,224,45
TPRB_RX,330,605357371,224,55
TPRB_RX,331,607020485,224,64
TPRB_RX,332,608680684,224,73
TPRB_RX,333,610342157,224,82
TPRB_RX,334,612185133,224,92
TPRB_RX,335,614034085,224,102
TPRB_RX,336,615726013,231,111
TPRB_RX,337,617396434,231,120
TPRB_RX,338,619059486,231,129
TPRB_RX,339,620726718,231,138
TPRB_RX,340,622392080,231,147
TPRB_RX,341,624240802,231,157
TPRB_RX,342,625906426,231,166
TPRB_RX,343,627566369,231,175
TPRB_RX,344,629225951,231,184
TPRB_RX,345,630884992,231,193
TPRB_RX,346,632740394,234,2
TPRB_RX,347,634428102,238,11
TPRB_RX,348,636102931,238,20
TPRB_RX,349,637760570,238,29
TPRB_RX,350,639417518,238,38
TPRB_RX,351,641081870,238,47
TPRB_RX,352,642929838,238,57
TPRB_RX,353,644583798,238,66
TPRB_RX,354,646244413,238,75
TPRB_RX,355,647904437,238,84
TPRB_RX,356,649752933,241,94
TPRB_RX,357,651620986,244,104
TPRB_RX,358,653470503,244,114
TPRB_RX,359,655130098,244,123
TPRB_RX,360,656790606,244,132
TPRB_RX,361,658449782,244,141
TPRB_RX,362,660291287,244,151
TPRB_RX,363,662139240,244,161
TPRB_RX,364,663795437,244,170
TPRB_RX,365,665454686,244,179
TPRB_RX,366,667122248,247,188
TPRB_RX,367,668815467,251,197
TPRB_RX,368,670506545,251,5
TPRB_RX,369,672347837,251,15
TPRB_RX,370,674009927,251,24
TPRB_RX,371,675673018,251,33
TPRB_RX,372,677336381,251,42
TPRB_RX,373,678994646,251,51
TPRB_RX,374,680846763,251,61
TPRB_RX,375,682505848,251,70
TPRB_RX,376,684169402,252,79
TPRB_RX,377,685865408,256,88
TPRB_RX,378,687553966,258,97
TPRB_RX,379,689219604,258,106
TPRB_RX,380,691067036,258,116
TPRB_RX,381,692913134,258,126
TPRB_RX,382,694576409,258,135
TPRB_RX,383,696238138,258,144
TPRB_RX,384,697894907,258,153
TPRB_RX,385,699737983,258,163
TPRB_RX,386,701591384,260,173
TPRB_RX,387,703279819,265,182
TPRB_RX,388,704947420,265,191
TPRB_RX,389,706607662,265,200
TPRB_RX,390,708269890,265,8
TPRB_RX,391,709933356,265,17
TPRB_RX,392,711779041,265,27
TPRB_RX,393,713435351,265,36
TPRB_RX,394,715092552,265,45
TPRB_RX,395,716752857,265,54
TPRB_RX,396,718592778,265,64
TPRB_RX,397,720280676,272,73
TPRB_RX,398,721951828,272,82
TPRB_RX,399,723613800,272,91
TPRB_RX,400,725279460,272,100
TPRB_RX,401,726945292,272,109
TPRB_RX,402,728782779,272,119
TPRB_RX,403,730444010,272,128
TPRB_RX,404,732201771,272,137
TPRB_RX,405,733852341,272,146
TPRB_RX,406,735523515,272,155
TPRB_RX,407,737225937,276,164
TPRB_RX,408,738956304,278,173
TPRB_RX,409,740625779,278,182
TPRB_RX,410,742370828,278,190
TPRB_RX,411,744029339,278,199
TPRB_RX,412,745691545,278,7
TPRB_RX,413,747351499,278,16
TPRB_RX,414,749193375,278,26
TPRB_RX,415,750872052,278,34
TPRB_RX,416,752540537,278,43
TPRB_RX,417,754219840,282,52
TPRB_RX,418,755898069,285,61
TPRB_RX,419,757565574,285,70
TPRB_RX,420,759394590,285,79
TPRB_RX,421,761065266,285,88
TPRB_RX,422,762732292,285,97
TPRB_RX,423,764395073,285,106
TPRB_RX,424,766061903,285,115
TPRB_RX,425,767906487,285,125
TPRB_RX,426,769565975,285,134
TPRB_RX,427,771231512,287,143
TPRB_RX,428,772955334,292,152
TPRB_RX,429,774634984,292,160
TPRB_RX,430,776295416,292,169
TPRB_RX,431,777962872,292,178
TPRB_RX,432,779814903,292,188
TPRB_RX,433,781662392,292,198
TPRB_RX,434,783324886,292,6
TPRB_RX,435,784979774,292,14
TPRB_RX,436,786642750,292,23
TPRB_RX,437,788492981,293,33
TPRB_RX,438,790183819,299,42
TPRB_RX,439,792226896,299,52
TPRB_RX,440,794070156,299,62
TPRB_RX,441,795745130,299,71
TPRB_RX,442,797412041,299,80
TPRB_RX,443,799075924,299,89
TPRB_RX,444,800799917,299,97
TPRB_RX,445,802460062,299,106
TPRB_RX,446,804121154,299,115
TPRB_RX,447,805974370,300,125
TPRB_RX,448,807703199,306,134
TPRB_RX,449,809393086,306,142
TPRB_RX,450,811236856,306,152
TPRB_RX,451,812903510,306,161
TPRB_RX,452,814569950,306,170
TPRB_RX,453,816232259,306,179
TPRB_RX,454,817985774,306,188
TPRB_RX,455,819644776,306,197
TPRB_RX,456,821300341,306,5
TPRB_RX,457,823147597,306,15
TPRB_RX,458,824893440,313,24
TPRB_RX,459,826611227,313,33
TPRB_RX,460,828271554,313,42
TPRB_RX,461,830125681,313,52
TPRB_RX,462,831790023,313,61
TPRB_RX,463,833452560,313,70
TPRB_RX,464,835142774,313,78
TPRB_RX,465,836801283,313,87
TPRB_RX,466,838646973,313,97
TPRB_RX,467,840411414,313,105
TPRB_RX,468,842090929,319,114
TPRB_RX,469,843773695,319,123
TPRB_RX,470,845456706,319,132
TPRB_RX,471,847300898,319,142
TPRB_RX,472,848958959,319,151
TPRB_RX,473,850618881,319,160
TPRB_RX,474,852314292,319,169
TPRB_RX,475,853975117,319,178
TPRB_RX,476,855634101,319,187
TPRB_RX,477,857478541,319,197
TPRB_RX,478,859158429,325,5
TPRB_RX,479,860833769,326,14
TPRB_RX,480,862511222,326,23
TPRB_RX,481,864172674,326,32
TPRB_RX,482,865833720,326,41
TPRB_RX,483,867679889,326,51
TPRB_RX,484,869360201,326,60
TPRB_RX,485,871018551,326,69
TPRB_RX,486,872678569,326,78
TPRB_RX,487,874338878,326,87
TPRB_RX,488,876202281,330,97
TPRB_RX,489,877880867,333,106
TPRB_RX,490,879566143,333,115
TPRB_RX,491,881231517,333,124
TPRB_RX,492,882889739,333,133
TPRB_RX,493,884547780,333,142
TPRB_RX,494,886414040,333,152
TPRB_RX,495,888259384,333,162
TPRB_RX,496,889918038,333,171
TPRB_RX,497,891575974,333,180
TPRB_RX,498,893254071,336,189
TPRB_RX,499,894940436,340,198
TPRB_RX,500,896609958,340,6
TPRB_RX,501,898465185,340,16
TPRB_RX,502,900129032,340,25
TPRB_RX,503,901790028,340,34
TPRB_RX,504,903445357,340,43
TPRB_RX,505,905128831,340,52
TPRB_RX,506,906977372,340,62
TPRB_RX,507,908819353,340,72
TPRB_RX,508,910486851,341,81
TPRB_RX,509,912172877,347,90
TPRB_RX,510,913843658,347,99
TPRB_RX,511,915527168,347,108
TPRB_RX,512,917186413,347,117
TPRB_RX,513,919029428,347,127
TPRB_RX,514,920690927,347,136
TPRB_RX,515,922363793,347,145
TPRB_RX,516,924028277,347,154
TPRB_RX,517,925685733,347,163
TPRB_RX,518,927532040,347,173
TPRB_RX,519,929221788,350,182
TPRB_RX,520,930896087,350,191
TPRB_RX,521,932556808,350,200
TPRB_RX,522,934240438,350,8
TPRB_RX,523,935903080,350,17
TPRB_RX,524,937741523,350,27
TPRB_RX,525,939398868,350,36
TPRB_RX,526,941084488,350,45
TPRB_RX,527,942745610,350,54
TPRB_RX,528,944405880,350,63
TPRB_RX,529,946260336,357,73
TPRB_RX,530,948132950,360,83
TPRB_RX,531,949983285,360,93
TPRB_RX,532,951661025,360,102
TPRB_RX,533,953325591,360,111
TPRB_RX,534,954989381,360,120
TPRB_RX,535,956650843,360,129
TPRB_RX,536,958498440,360,139
TPRB_RX,537,960346210,360,149
TPRB_RX,538,962011154,360,158
TPRB_RX,539,963735301,365,167
TPRB_RX,540,965460977,367,176
TPRB_RX,541,967319974,367,186
TPRB_RX,542,968984598,367,195
TPRB_RX,543,970645487,367,3
TPRB_RX,544,972313244,367,12
TPRB_RX,545,973977413,367,21
TPRB_RX,546,975826459,367,31
TPRB_RX,547,977487285,367,40
TPRB_RX,548,979151564,367,49
TPRB_RX,549,980839148,371,58
TPRB_RX,550,982554911,374,67
TPRB_RX,551,984227946,374,76
TPRB_RX,552,985887528,374,85
TPRB_RX,553,987736246,374,95
TPRB_RX,554,989581478,374,105
TPRB_RX,555,991237533,374,114
TPRB_RX,556,992901471,374,123
TPRB_RX,557,994570305,374,132
TPRB_RX,558,996234180,374,141
TPRB_RX,559,998097690,377,151
TPRB_RX,560,999792878,381,160
TPRB_RX,561,1001467242,381,169
TPRB_RX,562,1003129410,381,178
TPRB_RX,563,1004790412,381,187
TPRB_RX,564,1006452171,381,196
TPRB_RX,565,1008298932,381,5
TPRB_RX,566,1009962629,381,14
TPRB_RX,567,1011630721,381,23
TPRB_RX,568,1013297423,381,32
TPRB_RX,569,1014982101,382,41
TPRB_RX,570,1016672560,388,50
TPRB_RX,571,1018347617,388,59
TPRB_RX,572,1020190104,388,69
TPRB_RX,573,1021864119,388,78
TPRB_RX,574,1023528098,388,87
TPRB_RX,575,1025194237,388,96
TPRB_RX,576,1026857295,388,105
TPRB_RX,577,1028703056,388,115
TPRB_RX,578,1030367265,388,124
TPRB_RX,579,1032037082,388,133
TPRB_RX,580,1033798352,395,142
TPRB_RX,581,1035483136,395,151
TPRB_RX,582,1037150422,395,160
TPRB_RX,583,1038814727,395,169
TPRB_RX,584,1040474646,395,178
TPRB_RX,585,1042135428,395,187
TPRB_RX,586,1043983956,395,197
TPRB_RX,587,1045647866,395,5
TPRB_RX,588,1047308978,395,14
TPRB_RX,589,1048964009,395,23
TPRB_RX,590,1050687673,401,32
TPRB_RX,591,1052371988,401,41
TPRB_RX,592,1054037461,401,50
TPRB_RX,593,1055885197,401,60
TPRB_RX,594,1057548704,401,69
TPRB_RX,595,1059220739,401,78
TPRB_RX,596,1060882157,401,87
TPRB_RX,597,1062547253,401,96
TPRB_RX,598,1064401466,401,106
TPRB_RX,599,1066065657,401,115
TPRB_RX,600,1067780127,406,124
TPRB_RX,601,1069459996,408,133
TPRB_RX,602,1071133728,408,142
TPRB_RX,603,1072797640,408,151
TPRB_RX,604,1074472564,408,160
TPRB_RX,605,1076314203,408,170
TPRB_RX,606,1078161591,408,180
TPRB_RX,607,1079818258,408,189
TPRB_RX,608,1081508707,408,198
TPRB_RX,609,1083173624,408,6
TPRB_RX,610,1084848317,411,15
TPRB_RX,611,1086557573,415,24
TPRB_RX,612,1088235111,415,33
TPRB_RX,613,1090082170,415,43
TPRB_RX,614,1091931145,415,53
TPRB_RX,615,1093599418,415,62
TPRB_RX,616,1095262497,415,71
TPRB_RX,617,1096926407,415,80
TPRB_RX,618,1098589991,415,89
TPRB_RX,619,1100436022,415,99
TPRB_RX,620,1102093872,415,108
TPRB_RX,621,1103806144,422,117
TPRB_RX,622,1105487578,422,126
TPRB_RX,623,1107150946,422,135
TPRB_RX,624,1108815278,422,144
TPRB_RX,625,1110661777,422,154
TPRB_RX,626,1112519800,422,164
TPRB_RX,627,1114255461,422,172
TPRB_RX,628,1116093331,422,182
TPRB_RX,629,1117930786,422,192
TPRB_RX,630,1119599755,424,0
TPRB_RX,631,1121284525,429,9
TPRB_RX,632,1122997574,429,17
TPRB_RX,633,1124653363,429,26
TPRB_RX,634,1126307095,429,35
TPRB_RX,635,1128153685,429,45
TPRB_RX,636,1129810196,429,54
TPRB_RX,637,1131562875,429,63
TPRB_RX,638,1133415218,429,73
TPRB_RX,639,1135076755,429,82
TPRB_RX,640,1136738707,430,91
TPRB_RX,641,1138443467,435,100
TPRB_RX,642,1140115162,435,109
TPRB_RX,643,1141774044,435,118
TPRB_RX,644,1143462818,435,127
TPRB_RX,645,1145312457,435,137
TPRB_RX,646,1146977139,435,146
TPRB_RX,647,1148640475,435,155
TPRB_RX,648,1150304815,435,164
TPRB_RX,649,1151969081,435,173
TPRB_RX,650,1153816719,435,183
TPRB_RX,651,1155521075,441,192
TPRB_RX,652,1157204977,442,0
TPRB_RX,653,1158886055,442,9
TPRB_RX,654,1160550068,442,18
TPRB_RX,655,1162205798,442,27
TPRB_RX,656,1163868256,442,36
TPRB_RX,657,1165724467,442,46
TPRB_RX,658,1167386949,442,55
TPRB_RX,659,1169048926,442,64
TPRB_RX,660,1170713541,442,73
TPRB_RX,661,1172431020,447,82
TPRB_RX,662,1174143824,449,91
TPRB_RX,663,1175817978,449,100
TPRB_RX,664,1177482547,449,109
TPRB_RX,665,1179330442,449,119
TPRB_RX,666,1181002263,449,128
TPRB_RX,667,1182666957,449,137
TPRB_RX,668,1184332876,449,146
TPRB_RX,669,1185995426,449,155
TPRB_RX,670,1187843610,449,165
TPRB_RX,671,1189540044,453,174
TPRB_RX,672,1191246481,456,183
TPRB_RX,673,1193101421,456,193
TPRB_RX,674,1194760550,456,1
TPRB_RX,675,1196418869,456,10
TPRB_RX,676,1198085560,456,19
TPRB_RX,677,1199744932,456,28
TPRB_RX,678,1201588399,456,38
TPRB_RX,679,1203246961,456,47
TPRB_RX,680,1204906350,456,56
TPRB_RX,681,1206608042,458,65
TPRB_RX,682,1208315958,463,74
TPRB_RX,683,1209984555,463,83
TPRB_RX,684,1211642860,463,92
TPRB_RX,685,1213485141,463,102
TPRB_RX,686,1215147365,463,111
TPRB_RX,687,1216813886,463,120
TPRB_RX,688,1218472725,463,129
TPRB_RX,689,1220315851,463,139
TPRB_RX,690,1222159186,463,149
TPRB_RX,691,1223829880,463,158
TPRB_RX,692,1225561227,470,167
TPRB_RX,693,1227234487,470,176
TPRB_RX,694,1228893552,470,185
TPRB_RX,695,1230552267,470,194
TPRB_RX,696,1232213529,470,2
TPRB_RX,697,1234059071,470,12
TPRB_RX,698,1235721498,470,21
TPRB_RX,699,1237380276,470,30
TPRB_RX,700,1239043822,470,39
TPRB_RX,701,1240893349,470,49
TPRB_RX,702,1242599320,476,58
TPRB_RX,703,1244455114,476,68
TPRB_RX,704,1246297713,476,78
TPRB_RX,705,1247959335,476,87
TPRB_RX,706,1249618747,476,96
TPRB_RX,707,1251277023,476,105
TPRB_RX,708,1253122033,476,115
TPRB_RX,709,1254964770,476,125
TPRB_RX,710,1256624934,476,134
TPRB_RX,711,1258285661,476,143
TPRB_RX,712,1259998384,482,152
TPRB_RX,713,1261671266,482,161
TPRB_RX,714,1263335488,482,170
TPRB_RX,715,1265178284,482,180
TPRB_RX,716,1266838316,482,189
TPRB_RX,717,1268497996,482,198
TPRB_RX,718,1270156462,482,6
TPRB_RX,719,1271998635,482,16
TPRB_RX,720,1273849500,482,26
TPRB_RX,721,1275509898,482,35
TPRB_RX,722,1277209547,489,44
TPRB_RX,723,1278925434,490,53
TPRB_RX,724,1280592341,490,62
TPRB_RX,725,1282253255,490,71
TPRB_RX,726,1283912373,490,80
TPRB_RX,727,1285754547,490,90
TPRB_RX,728,1287419849,490,99
TPRB_RX,729,1289085173,490,108
TPRB_RX,730,1290747728,490,117
TPRB_RX,731,1292407668,490,126
TPRB_RX,732,1294119524,495,135
TPRB_RX,733,1295803289,497,144
TPRB_RX,734,1297656895,497,154
TPRB_RX,735,1299317869,497,163
TPRB_RX,736,1300977982,497,172
TPRB_RX,737,1302643195,497,181
TPRB_RX,738,1304302610,497,190
TPRB_RX,739,1306150284,497,200
TPRB_RX,740,1307811332,497,8
TPRB_RX,741,1309473145,497,17
TPRB_RX,742,1311132487,497,26
TPRB_RX,743,1312792998,497,35
TPRB_RX,744,1314635982,497,45
TPRB_RX,745,1316297307,497,54
TPRB_RX,746,1317957899,497,63
TPRB_RX,747,1319617121,497,72
TPRB_RX,748,1321459984,497,82
TPRB_RX,749,1323121172,497,91
TPRB_RX,750,1324782711,497,100
TPRB_RX,751,1326442050,497,109
TPRB_RX,752,1328106210,497,118
TPRB_RX,753,1329814215,506,127
TPRB_RX,754,1331507313,511,136
TPRB_RX,755,1333360606,511,146
TPRB_RX,756,1335019869,511,155
TPRB_RX,757,1336679082,511,164
TPRB_RX,758,1338340227,511,173
TPRB_RX,759,1339999059,511,182
TPRB_RX,760,1341843693,511,192
TPRB_RX,761,1343503418,511,0
TPRB_RX,762,1345162751,511,9
TPRB_RX,763,1346865503,517,18
TPRB_RX,764,1348536213,517,27
TPRB_RX,765,1350201604,517,36
TPRB_RX,766,1352055669,517,46
TPRB_RX,767,1353714635,517,55
TPRB_RX,768,1355373547,517,64
TPRB_RX,769,1357032556,517,73
TPRB_RX,770,1358700297,517,82
TPRB_RX,771,1360544895,517,92
TPRB_RX,772,1362203925,517,101
TPRB_RX,773,1363884970,522,110
TPRB_RX,774,1365577268,524,119
TPRB_RX,775,1367249346,524,128
TPRB_RX,776,1368918257,524,137
TPRB_RX,777,1370761259,524,147
TPRB_RX,778,1372421043,524,156
TPRB_RX,779,1374080172,524,165
TPRB_RX,780,1375741752,524,174
TPRB_RX,781,1377400924,524,183
TPRB_RX,782,1379246425,524,193
TPRB_RX,783,1380911734,527,1
TPRB_RX,784,1382590643,531,10
TPRB_RX,785,1384277432,531,19
TPRB_RX,786,1385940228,531,28
TPRB_RX,787,1387600684,531,37
TPRB_RX,788,1389446244,531,47
TPRB_RX,789,1391103277,531,56
TPRB_RX,790,1392763743,531,65
TPRB_RX,791,1394440440,531,74
TPRB_RX,792,1396100320,531,83
TPRB_RX,793,1397942366,532,93
TPRB_RX,794,1399625708,538,102
TPRB_RX,795,1401299027,538,111
TPRB_RX,796,1402961224,538,120
TPRB_RX,797,1404635606,538,129
TPRB_RX,798,1406479269,538,139
TPRB_RX,799,1408323004,538,149
TPRB_RX,800,1409988579,538,158
TPRB_RX,801,1411648171,538,167
TPRB_RX,802,1413306753,538,176
TPRB_RX,803,1415149990,538,186
TPRB_RX,804,1416841192,544,195
TPRB_RX,805,1418696891,544,4
TPRB_RX,806,1420357059,544,13
TPRB_RX,807,1422014644,544,22
TPRB_RX,808,1423677216,544,31
TPRB_RX,809,1425523847,544,41
TPRB_RX,810,1427373576,544,51
TPRB_RX,811,1429032636,544,60
TPRB_RX,812,1430691872,544,69
TPRB_RX,813,1432350297,544,78
TPRB_RX,814,1434041809,551,87
TPRB_RX,815,1435730087,552,96
TPRB_RX,816,1437582475,552,106
TPRB_RX,817,1439426434,552,116
TPRB_RX,818,1441086682,552,125
TPRB_RX,819,1442751834,552,134
TPRB_RX,820,1444415582,552,143
TPRB_RX,821,1446258775,552,153
TPRB_RX,822,1448106664,552,163
TPRB_RX,823,1449764696,552,172
TPRB_RX,824,1451435158,558,181
TPRB_RX,825,1453108641,558,190
TPRB_RX,826,1454773608,558,199
TPRB_RX,827,1456615430,558,8
TPRB_RX,828,1458273662,558,17
TPRB_RX,829,1459939736,558,26
TPRB_RX,830,1461600795,558,35
TPRB_RX,831,1463259711,558,44
TPRB_RX,832,1465101319,558,54
TPRB_RX,833,1466760576,558,63
TPRB_RX,834,1468432447,563,72
TPRB_RX,835,1470107097,565,81
TPRB_RX,836,1471773902,565,90
TPRB_RX,837,1473617171,565,100
TPRB_RX,838,1475276083,565,109
TPRB_RX,839,1476940498,565,118
TPRB_RX,840,1478603572,565,127
TPRB_RX,841,1480261780,565,136
TPRB_RX,842,1482104662,565,146
TPRB_RX,843,1483763370,565,155
TPRB_RX,844,1485448745,568,164
TPRB_RX,845,1487149534,572,173
TPRB_RX,846,1488817689,572,182
TPRB_RX,847,1490476207,572,191
TPRB_RX,848,1492317945,572,0
TPRB_RX,849,1493981350,572,9
TPRB_RX,850,1495644085,572,18
TPRB_RX,851,1497303881,572,27
TPRB_RX,852,1498962051,572,36
TPRB_RX,853,1500804187,572,46
TPRB_RX,854,1502469105,573,55
TPRB_RX,855,1504178474,579,64
TPRB_RX,856,1505846877,579,73
TPRB_RX,857,1507511977,579,82
TPRB_RX,858,1509171789,579,91
TPRB_RX,859,1511022732,579,101
TPRB_RX,860,1512682853,579,110
TPRB_RX,861,1514342127,579,119
TPRB_RX,862,1516001934,579,128
TPRB_RX,863,1517660721,579,137
TPRB_RX,864,1519504447,579,147
TPRB_RX,865,1521208714,585,156
TPRB_RX,866,1522883089,586,165
TPRB_RX,867,1524557197,586,174
TPRB_RX,868,1526216886,586,183
TPRB_RX,869,1527882216,586,192
TPRB_RX,870,1529727320,586,1
TPRB_RX,871,1531413266,586,10
TPRB_RX,872,1533070214,586,19
TPRB_RX,873,1534729099,586,28
TPRB_RX,874,1536389199,586,37
TPRB_RX,875,1538240567,590,47
TPRB_RX,876,1539934387,593,56
TPRB_RX,877,1541785446,593,66
TPRB_RX,878,1543445729,593,75
TPRB_RX,879,1545112101,593,84
TPRB_RX,880,1546773236,593,93
TPRB_RX,881,1548431564,593,102
TPRB_RX,882,1550275280,593,112
TPRB_RX,883,1551935531,593,121
TPRB_RX,884,1553595313,593,130
TPRB_RX,885,1555263408,597,139
TPRB_RX,886,1556952075,599,148
TPRB_RX,887,1558810592,599,158
TPRB_RX,888,1560653969,599,168
TPRB_RX,889,1562315039,599,177
TPRB_RX,890,1563976836,599,186
TPRB_RX,891,1565639620,599,195
TPRB_RX,892,1567482667,599,4
TPRB_RX,893,1569327454,599,14
TPRB_RX,894,1570988503,599,23
TPRB_RX,895,1572655103,602,32
TPRB_RX,896,1574343368,606,41
TPRB_RX,897,1576009968,606,50
TPRB_RX,898,1577851924,606,60
TPRB_RX,899,1579693704,606,70
TPRB_RX,900,1581350226,606,79
TPRB_RX,901,1583008266,606,88
TPRB_RX,902,1584666354,606,97
TPRB_RX,903,1586503374,606,107
TPRB_RX,904,1588160196,606,116
TPRB_RX,905,1589826249,609,125
TPRB_RX,906,1591505668,613,134
TPRB_RX,907,1593172507,613,143
TPRB_RX,908,1595013919,613,153
TPRB_RX,909,1596866723,613,163
TPRB_RX,910,1598525399,613,172
TPRB_RX,911,1600181915,613,181
TPRB_RX,912,1601838755,613,190
TPRB_RX,913,1603682344,613,200
TPRB_RX,914,1605340993,613,8
TPRB_RX,915,1607000991,614,17
TPRB_RX,916,1608685638,619,26
TPRB_RX,917,1610357322,619,35
TPRB_RX,918,1612016311,619,44
TPRB_RX,919,1613863660,619,54
TPRB_RX,920,1615521883,619,63
TPRB_RX,921,1617181239,619,72
TPRB_RX,922,1618837889,619,81
TPRB_RX,923,1620680672,619,91
TPRB_RX,924,1622338746,619,100
TPRB_RX,925,1623995875,619,109
TPRB_RX,926,1625676059,624,118
TPRB_RX,927,1627349071,626,127
TPRB_RX,928,1629014964,626,136
TPRB_RX,929,1630855979,626,146
TPRB_RX,930,1632518617,626,155
TPRB_RX,931,1634181179,626,164
TPRB_RX,932,1635840434,626,173
TPRB_RX,933,1637683504,626,183
TPRB_RX,934,1639345956,626,192
TPRB_RX,935,1641005397,626,0
TPRB_RX,936,1642677574,631,9
TPRB_RX,937,1644347830,631,18
TPRB_RX,938,1646198997,631,28
TPRB_RX,939,1648049178,631,38
TPRB_RX,940,1649709284,631,47
TPRB_RX,941,1651368758,631,56
TPRB_RX,942,1653028043,631,65
TPRB_RX,943,1654688773,631,74
TPRB_RX,944,1656532523,631,84
TPRB_RX,945,1658191134,631,93
TPRB_RX,946,1659858251,632,102
TPRB_RX,947,1661558159,640,111
TPRB_RX,948,1663238690,640,120
TPRB_RX,949,1664904128,640,129
TPRB_RX,950,1666749738,640,139
TPRB_RX,951,1668408020,640,148
TPRB_RX,952,1670066592,640,157
TPRB_RX,953,1671727215,640,166
TPRB_RX,954,1673387977,640,175
TPRB_RX,955,1675231310,640,185
TPRB_RX,956,1676897872,641,194
TPRB_RX,957,1678578209,646,2
TPRB_RX,958,1680247541,646,11
TPRB_RX,959,1681912178,646,20
TPRB_RX,960,1683754301,646,30
TPRB_RX,961,1685412363,646,39
TPRB_RX,962,1687076819,646,48
TPRB_RX,963,1688741523,646,57
TPRB_RX,964,1690407632,646,66
TPRB_RX,965,1692251515,646,76
TPRB_RX,966,1693911233,646,85
TPRB_RX,967,1695590816,653,94
TPRB_RX,968,1697264199,653,103
TPRB_RX,969,1698929061,653,112
TPRB_APPLY,0,40150325,1,1
TPRB_APPLY,1,41860253,5,11
TPRB_APPLY,2,43913279,5,21
TPRB_APPLY,3,45281963,5,30
TPRB_APPLY,4,47334989,5,40
TPRB_APPLY,5,49045844,5,50
TPRB_APPLY,6,50756699,5,59
TPRB_APPLY,7,52467554,5,69
TPRB_APPLY,8,54178409,5,78
TPRB_APPLY,9,55889264,5,87
TPRB_APPLY,10,57600119,6,97
TPRB_APPLY,11,59310974,12,106
TPRB_APPLY,12,61021829,12,115
TPRB_APPLY,13,62732684,12,125
TPRB_APPLY,14,64443539,12,134
TPRB_APPLY,15,65812223,12,143
TPRB_APPLY,16,67865719,12,153
TPRB_APPLY,17,69233933,12,162
TPRB_APPLY,18,71286959,12,172
TPRB_APPLY,19,72655643,12,181
TPRB_APPLY,20,74366498,12,190
TPRB_APPLY,21,76419524,19,200
TPRB_APPLY,22,77788208,19,8
TPRB_APPLY,23,79499063,19,17
TPRB_APPLY,24,81209918,19,27
TPRB_APPLY,25,82920773,19,36
TPRB_APPLY,26,84631628,19,45
TPRB_APPLY,27,86342483,19,55
TPRB_APPLY,28,88053338,19,64
TPRB_APPLY,29,89764193,19,74
TPRB_APPLY,30,91475048,19,83
TPRB_APPLY,31,93185903,25,92
TPRB_APPLY,32,94896758,26,102
TPRB_APPLY,33,96607613,26,111
TPRB_APPLY,34,98318468,26,120
TPRB_APPLY,35,100029323,26,130
TPRB_APPLY,36,101740178,26,139
TPRB_APPLY,37,103451118,26,149
TPRB_APPLY,38,105161888,26,159
TPRB_APPLY,39,106872743,26,168
TPRB_APPLY,40,108925769,26,178
TPRB_APPLY,41,110636624,31,188
TPRB_APPLY,42,112347479,33,197
TPRB_APPLY,43,113716163,33,5
TPRB_APPLY,44,115769189,33,15
TPRB_APPLY,45,117480044,33,24
TPRB_APPLY,46,119190899,33,34
TPRB_APPLY,47,120901754,33,43
TPRB_APPLY,48,122270438,33,52
TPRB_APPLY,49,124323464,33,62
TPRB_APPLY,50,125692148,33,71
TPRB_APPLY,51,127403003,36,80
TPRB_APPLY,52,129456029,39,90
TPRB_APPLY,53,130824713,39,99
TPRB_APPLY,54,132535568,39,108
TPRB_APPLY,55,134588594,39,118
TPRB_APPLY,56,135957278,39,127
TPRB_APPLY,57,137668133,39,136
TPRB_APPLY,58,139378988,39,146
TPRB_APPLY,59,141089843,39,155
TPRB_APPLY,60,142800698,39,164
TPRB_APPLY,61,144511553,40,174
TPRB_APPLY,62,146222408,46,183
TPRB_APPLY,63,147933263,46,192
TPRB_APPLY,64,149644173,46,1
TPRB_APPLY,65,151354973,46,10
TPRB_APPLY,66,153065828,46,20
TPRB_APPLY,67,155118854,46,30
TPRB_APPLY,68,156487571,46,39
TPRB_APPLY,69,158540564,46,49
TPRB_APPLY,70,159909248,46,57
TPRB_APPLY,71,161962274,47,67
TPRB_APPLY,72,163673129,53,77
TPRB_APPLY,73,165383984,53,86
TPRB_APPLY,74,167094839,53,95
TPRB_APPLY,75,168805694,53,105
TPRB_APPLY,76,170517565,53,114
TPRB_APPLY,77,171885233,53,123
TPRB_APPLY,78,173939289,53,133
TPRB_APPLY,79,175306943,53,142
TPRB_APPLY,80,177359969,53,152
TPRB_APPLY,81,179071214,53,162
TPRB_APPLY,82,180781679,60,171
TPRB_APPLY,83,182492534,60,180
TPRB_APPLY,84,184203389,60,190
TPRB_APPLY,85,185914244,60,199
TPRB_APPLY,86,187625099,60,8
TPRB_APPLY,87,189335954,60,17
TPRB_APPLY,88,191046809,60,26
TPRB_APPLY,89,192757664,60,36
TPRB_APPLY,90,194468519,60,45
TPRB_APPLY,91,196179374,60,55
TPRB_APPLY,92,197890229,66,65
TPRB_APPLY,93,199601084,67,74
TPRB_APPLY,94,201311939,67,83
TPRB_APPLY,95,203022794,67,93
TPRB_APPLY,96,204733649,67,102
TPRB_APPLY,97,206445275,67,112
TPRB_APPLY,98,208497530,67,122
TPRB_APPLY,99,209866214,67,131
TPRB_APPLY,100,211919240,67,141
TPRB_APPLY,101,213630888,67,151
TPRB_APPLY,102,215340950,68,160
TPRB_APPLY,103,217051805,68,170
TPRB_APPLY,104,218762660,68,179
TPRB_APPLY,105,220473515,68,188
TPRB_APPLY,106,222184370,68,198
TPRB_APPLY,107,223895225,68,6
TPRB_APPLY,108,225263909,68,15
TPRB_APPLY,109,227316935,68,25
TPRB_APPLY,110,228685619,68,34
TPRB_APPLY,111,230738645,68,44
TPRB_APPLY,112,232449500,74,54
TPRB_APPLY,113,234160355,80,63
TPRB_APPLY,114,235871210,80,72
TPRB_APPLY,115,237582065,80,81
TPRB_APPLY,116,239292920,80,90
TPRB_APPLY,117,241003775,80,99
TPRB_APPLY,118,242714630,80,109
TPRB_APPLY,119,244428388,80,119
TPRB_APPLY,120,246136340,80,128
TPRB_APPLY,121,247847195,80,137
TPRB_APPLY,122,249558050,84,146
TPRB_APPLY,123,251268907,87,155
TPRB_APPLY,124,252979760,87,164
TPRB_APPLY,125,254690615,87,173
TPRB_APPLY,126,256401470,87,183
TPRB_APPLY,127,258112325,87,192
TPRB_APPLY,128,259823180,87,0
TPRB_APPLY,129,261534035,87,9
TPRB_APPLY,130,263244890,87,18
TPRB_APPLY,131,264955745,87,28
TPRB_APPLY,132,266666600,88,37
TPRB_APPLY,133,268377455,94,45
TPRB_APPLY,134,270088310,94,55
TPRB_APPLY,135,271799165,94,65
TPRB_APPLY,136,273510020,94,74
TPRB_APPLY,137,275220875,94,83
TPRB_APPLY,138,276931730,94,92
TPRB_APPLY,139,278642585,94,101
TPRB_APPLY,140,280353440,94,111
TPRB_APPLY,141,282064295,94,120
TPRB_APPLY,142,283775150,94,129
TPRB_APPLY,143,285486005,101,138
TPRB_APPLY,144,287196860,101,147
TPRB_APPLY,145,288907715,101,156
TPRB_APPLY,146,290618570,101,165
TPRB_APPLY,147,292329425,101,175
TPRB_APPLY,148,294040280,101,184
TPRB_APPLY,149,295751135,101,193
TPRB_APPLY,150,297461990,101,1
TPRB_APPLY,151,299172845,101,10
TPRB_APPLY,152,300883700,101,19
TPRB_APPLY,153,302594555,108,29
TPRB_APPLY,154,304305410,108,39
TPRB_APPLY,155,306358436,108,49
TPRB_APPLY,156,308069291,108,58
TPRB_APPLY,157,309780146,108,67
TPRB_APPLY,158,311148830,108,76
TPRB_APPLY,159,312859685,108,85
TPRB_APPLY,160,314912711,108,95
TPRB_APPLY,161,316623566,108,104
TPRB_APPLY,162,317992250,108,113
TPRB_APPLY,163,319703105,114,122
TPRB_APPLY,164,321413960,115,131
TPRB_APPLY,165,323124815,115,140
TPRB_APPLY,166,325177841,115,150
TPRB_APPLY,167,326546525,115,159
TPRB_APPLY,168,328257380,115,168
TPRB_APPLY,169,330310406,115,176
TPRB_APPLY,170,331679090,115,185
TPRB_APPLY,171,333732116,115,195
TPRB_APPLY,172,335442971,115,3
TPRB_APPLY,173,337153826,119,12
TPRB_APPLY,174,338864681,121,21
TPRB_APPLY,175,340575536,121,30
TPRB_APPLY,176,341944220,121,39
TPRB_APPLY,177,343655075,121,48
TPRB_APPLY,178,345365930,121,57
TPRB_APPLY,179,347418956,121,67
TPRB_APPLY,180,348787640,121,76
TPRB_APPLY,181,350498495,121,85
TPRB_APPLY,182,352209350,121,94
TPRB_APPLY,183,353920205,125,103
TPRB_APPLY,184,355973231,128,113
TPRB_APPLY,185,357684086,128,123
TPRB_APPLY,186,359395133,128,132
TPRB_APPLY,187,361105796,128,141
TPRB_APPLY,188,362476153,128,150
TPRB_APPLY,189,364185334,128,159
TPRB_APPLY,190,366238360,128,169
TPRB_APPLY,191,367949215,128,178
TPRB_APPLY,192,369317899,128,187
TPRB_APPLY,193,371028754,129,196
TPRB_APPLY,194,372739609,134,4
TPRB_APPLY,195,374792635,134,14
TPRB_APPLY,196,376503601,134,24
TPRB_APPLY,197,378214345,134,33
TPRB_APPLY,198,379925200,134,42
TPRB_APPLY,199,381636055,134,51
TPRB_APPLY,200,383004739,134,60
TPRB_APPLY,201,385057765,134,70
TPRB_APPLY,202,386768620,134,79
TPRB_APPLY,203,388479475,136,88
TPRB_APPLY,204,390190330,142,97
TPRB_APPLY,205,391901185,142,106
TPRB_APPLY,206,393269869,142,115
TPRB_APPLY,207,394980724,142,124
TPRB_APPLY,208,397033750,142,134
TPRB_APPLY,209,398744605,142,143
TPRB_APPLY,210,400113289,142,152
TPRB_APPLY,211,401824144,142,161
TPRB_APPLY,212,403534999,142,170
TPRB_APPLY,213,405588025,142,180
TPRB_APPLY,214,407298880,149,190
TPRB_APPLY,215,409009735,149,199
TPRB_APPLY,216,410720590,149,7
TPRB_APPLY,217,412431445,149,16
TPRB_APPLY,218,413800129,149,25
TPRB_APPLY,219,415853155,149,35
TPRB_APPLY,220,417564068,149,44
TPRB_APPLY,221,419274865,149,53
TPRB_APPLY,222,420643549,149,62
TPRB_APPLY,223,422354832,149,71
TPRB_APPLY,224,424407430,156,81
TPRB_APPLY,225,426118285,156,91
TPRB_APPLY,226,427829140,156,100
TPRB_APPLY,227,429539995,156,109
TPRB_APPLY,228,431251573,156,118
TPRB_APPLY,229,432961705,156,127
TPRB_APPLY,230,434672560,156,137
TPRB_APPLY,231,436383415,156,146
TPRB_APPLY,232,438094270,156,155
TPRB_APPLY,233,439805125,156,164
TPRB_APPLY,234,441173809,161,173
TPRB_APPLY,235,442884664,162,182
TPRB_APPLY,236,444937690,162,192
TPRB_APPLY,237,446648545,162,0
TPRB_APPLY,238,448360172,162,9
TPRB_APPLY,239,449728084,162,18
TPRB_APPLY,240,451438939,162,27
TPRB_APPLY,241,453491965,162,37
TPRB_APPLY,242,454860649,162,46
TPRB_APPLY,243,456571504,162,55
TPRB_APPLY,244,458282359,164,64
TPRB_APPLY,245,459993214,169,73
TPRB_APPLY,246,461704069,169,82
TPRB_APPLY,247,463414924,169,91
TPRB_APPLY,248,465126729,169,101
TPRB_APPLY,249,466836634,169,110
TPRB_APPLY,250,468547489,169,119
TPRB_APPLY,251,470258344,169,128
TPRB_APPLY,252,471969199,169,137
TPRB_APPLY,253,473680054,169,147
TPRB_APPLY,254,475390909,169,156
TPRB_APPLY,255,477101764,176,165
TPRB_APPLY,256,478812619,176,174
TPRB_APPLY,257,480523474,176,183
TPRB_APPLY,258,482234329,176,193
TPRB_APPLY,259,484287355,176,2
TPRB_APPLY,260,485656039,176,11
TPRB_APPLY,261,487366894,176,20
TPRB_APPLY,262,489077749,176,29
TPRB_APPLY,263,491130775,176,39
TPRB_APPLY,264,492841630,177,49
TPRB_APPLY,265,494552485,183,58
TPRB_APPLY,266,496263340,183,67
TPRB_APPLY,267,497974244,183,76
TPRB_APPLY,268,499342879,183,85
TPRB_APPLY,269,501053734,183,94
TPRB_APPLY,270,503106760,183,104
TPRB_APPLY,271,504817615,183,113
TPRB_APPLY,272,506186299,183,122
TPRB_APPLY,273,507897154,183,131
TPRB_APPLY,274,509608009,183,140
TPRB_APPLY,275,511661035,188,150
TPRB_APPLY,276,513371890,190,160
TPRB_APPLY,277,515082745,190,169
TPRB_APPLY,278,516793600,190,178
TPRB_APPLY,279,518504455,190,187
TPRB_APPLY,280,519873139,190,196
TPRB_APPLY,281,521926165,190,5
TPRB_APPLY,282,523637020,190,14
TPRB_APPLY,283,525347875,190,23
TPRB_APPLY,284,526716559,190,32
TPRB_APPLY,285,528427414,191,41
TPRB_APPLY,286,530138269,197,50
TPRB_APPLY,287,531849124,197,59
TPRB_APPLY,288,533902150,197,69
TPRB_APPLY,289,535270834,197,78
TPRB_APPLY,290,536981689,197,87
TPRB_APPLY,291,538692544,197,96
TPRB_APPLY,292,540745570,197,106
TPRB_APPLY,293,542456425,197,116
TPRB_APPLY,294,544167280,197,125
TPRB_APPLY,295,545878135,202,134
TPRB_APPLY,296,547588990,202,143
TPRB_APPLY,297,549299845,202,152
TPRB_APPLY,298,550668529,202,161
TPRB_APPLY,299,552721555,202,171
TPRB_APPLY,300,554432410,202,180
TPRB_APPLY,301,556143265,202,189
TPRB_APPLY,302,557511949,202,198
TPRB_APPLY,303,559222804,202,6
TPRB_APPLY,304,561275830,202,16
TPRB_APPLY,305,562644514,202,25
TPRB_APPLY,306,564355369,208,34
TPRB_APPLY,307,566066224,211,43
TPRB_APPLY,308,567777079,211,52
TPRB_APPLY,309,569830105,211,62
TPRB_APPLY,310,571540960,211,72
TPRB_APPLY,311,573252321,211,81
TPRB_APPLY,312,574962670,211,90
TPRB_APPLY,313,576332248,211,99
TPRB_APPLY,314,578384421,211,109
TPRB_APPLY,315,580095235,211,118
TPRB_APPLY,316,581806090,216,127
TPRB_APPLY,317,583516945,216,136
TPRB_APPLY,318,584885629,216,145
TPRB_APPLY,319,586596484,216,154
TPRB_APPLY,320,588649510,216,164
TPRB_APPLY,321,590018194,216,173
TPRB_APPLY,322,591729049,216,182
TPRB_APPLY,323,593440881,216,191
TPRB_APPLY,324,595492930,216,0
TPRB_APPLY,325,596861614,216,9
TPRB_APPLY,326,598572469,224,18
TPRB_APPLY,327,600283324,224,27
TPRB_APPLY,328,601994179,224,36
TPRB_APPLY,329,603705034,224,45
TPRB_APPLY,330,605415889,224,55
TPRB_APPLY,331,607126744,224,64
TPRB_APPLY,332,608837599,224,73
TPRB_APPLY,333,610548454,224,82
TPRB_APPLY,334,612259309,224,92
TPRB_APPLY,335,614312335,224,102
TPRB_APPLY,336,616023190,231,111
TPRB_APPLY,337,617734045,231,120
TPRB_APPLY,338,619102729,231,129
TPRB_APPLY,339,620813584,231,138
TPRB_APPLY,340,622524439,231,147
TPRB_APPLY,341,624577465,231,157
TPRB_APPLY,342,625946149,231,166
TPRB_APPLY,343,627657004,231,175
TPRB_APPLY,344,629367859,231,184
TPRB_APPLY,345,631078714,231,193
TPRB_APPLY,346,632789569,234,2
TPRB_APPLY,347,634500424,238,11
TPRB_APPLY,348,636212303,238,20
TPRB_APPLY,349,637922134,238,29
TPRB_APPLY,350,639632989,238,38
TPRB_APPLY,351,641343844,238,47
TPRB_APPLY,352,643054699,238,57
TPRB_APPLY,353,644765554,238,66
TPRB_APPLY,354,646476409,238,75
TPRB_APPLY,355,648187264,238,84
TPRB_APPLY,356,649898119,241,94
TPRB_APPLY,357,651951145,244,104
TPRB_APPLY,358,653662000,244,114
TPRB_APPLY,359,655372855,244,123
TPRB_APPLY,360,657083710,244,132
TPRB_APPLY,361,658452394,244,141
TPRB_APPLY,362,660505420,244,151
TPRB_APPLY,363,662216275,244,161
TPRB_APPLY,364,663927130,244,170
TPRB_APPLY,365,665637985,244,179
TPRB_APPLY,366,667348840,247,188
TPRB_APPLY,367,669059695,251,197
TPRB_PPLY,368,670770550,251,5
TPRB_APPLY,369,672481405,251,15
TPRB_APPLY,370,674193293,251,24
TPRB_APPLY,371,675903115,251,33
TPRB_APPLY,372,677613970,251,42
TPRB_APPLY,373,679324825,251,51
TPRB_APPLY,374,681035680,251,61
TPRB_APPLY,375,682746535,251,70
TPRB_APPLY,376,684457390,252,79
TPRB_APPLY,377,686168245,256,88
TPRB_APPLY,378,687879100,258,97
TPRB_APPLY,379,689247784,258,106
TPRB_APPLY,380,691300810,258,116
TPRB_APPLY,381,693011665,258,126
TPRB_APPLY,382,694722520,258,135
TPRB_APPLY,383,696433375,258,144
TPRB_APPLY,384,698144230,258,153
TPRB_APPLY,385,699855085,258,163
TPRB_APPLY,386,701908117,260,173
TPRB_APPLY,387,703618965,265,182
TPRB_APPLY,388,704987649,265,191
TPRB_APPLY,389,706698504,265,200
TPRB_APPLY,390,708409359,265,8
TPRB_APPLY,391,710120214,265,17
TPRB_APPLY,392,711831069,265,27
TPRB_APPLY,393,713541924,265,36
TPRB_APPLY,394,715252779,265,45
TPRB_APPLY,395,716963634,265,54
TPRB_APPLY,396,718674489,265,64
TPRB_APPLY,397,720385344,272,73
TPRB_APPLY,398,722096199,272,82
TPRB_APPLY,399,723807054,272,91
TPRB_APPLY,400,725517909,272,100
TPRB_APPLY,401,727228764,272,109
TPRB_APPLY,402,728939619,272,119
TPRB_APPLY,403,730650474,272,128
TPRB_APPLY,404,732361329,272,137
TPRB_APPLY,405,734072184,272,146
TPRB_APPLY,406,735783039,272,155
TPRB_APPLY,407,737493990,276,164
TPRB_APPLY,408,739204749,278,173
TPRB_APPLY,409,740915604,278,182
TPRB_APPLY,410,742626459,278,190
TPRB_APPLY,411,744337314,278,199
TPRB_APPLY,412,745705998,278,7
TPRB_APPLY,413,747416853,278,16
TPRB_APPLY,414,749469879,278,26
TPRB_APPLY,415,751180734,278,34
TPRB_APPLY,416,752549418,278,43
TPRB_APPLY,417,754260273,282,52
TPRB_APPLY,418,755971128,285,61
TPRB_APPLY,419,757681983,285,70
TPRB_APPLY,420,759735009,285,79
TPRB_APPLY,421,761103693,285,88
TPRB_APPLY,422,762815420,285,97
TPRB_APPLY,423,764525403,285,106
TPRB_APPLY,424,766236258,285,115
TPRB_APPLY,425,767947113,285,125
TPRB_APPLY,426,769657968,285,134
TPRB_APPLY,427,771369381,287,143
TPRB_APPLY,428,773079678,292,152
TPRB_APPLY,429,774790541,292,160
TPRB_APPLY,430,776501388,292,169
TPRB_APPLY,431,778212243,292,178
TPRB_APPLY,432,779923098,292,188
TPRB_APPLY,433,781976124,292,198
TPRB_APPLY,434,783344808,292,6
TPRB_APPLY,435,785055663,292,14
TPRB_APPLY,436,786766518,292,23
TPRB_APPLY,437,788819544,293,33
TPRB_APPLY,438,790188231,299,42
TPRB_APPLY,439,792241254,299,52
TPRB_APPLY,440,794294280,299,62
TPRB_APPLY,441,796005135,299,71
TPRB_APPLY,442,797715990,299,80
TPRB_APPLY,443,799084674,299,89
TPRB_APPLY,444,801137700,299,97
TPRB_APPLY,445,802506384,299,106
TPRB_APPLY,446,804217239,299,115
TPRB_APPLY,447,806270265,300,125
TPRB_APPLY,448,807981120,306,134
TPRB_APPLY,449,809691975,306,142
TPRB_APPLY,450,811402830,306,152
TPRB_APPLY,451,813113685,306,161
TPRB_APPLY,452,814824540,306,170
TPRB_APPLY,453,816535395,306,179
TPRB_APPLY,454,818246250,306,188
TPRB_APPLY,455,819957105,306,197
TPRB_APPLY,456,821325789,306,5
TPRB_APPLY,457,823378815,306,15
TPRB_APPLY,458,825089670,313,24
TPRB_APPLY,459,826800525,313,33
TPRB_APPLY,460,828511380,313,42
TPRB_APPLY,461,830222235,313,52
TPRB_APPLY,462,831933091,313,61
TPRB_APPLY,463,833645574,313,70
TPRB_APPLY,464,835354800,313,78
TPRB_APPLY,465,837065655,313,87
TPRB_APPLY,466,838776511,313,97
TPRB_APPLY,467,840487365,313,105
TPRB_APPLY,468,842198220,319,114
TPRB_APPLY,469,843909074,319,123
TPRB_APPLY,470,845619929,319,132
TPRB_APPLY,471,847331408,319,142
TPRB_APPLY,472,849041638,319,151
TPRB_APPLY,473,850753140,319,160
TPRB_APPLY,474,852463348,319,169
TPRB_APPLY,475,854174203,319,178
TPRB_APPLY,476,855885058,319,187
TPRB_APPLY,477,857595913,319,197
TPRB_APPLY,478,859307737,325,5
TPRB_APPLY,479,861017623,326,14
TPRB_APPLY,480,862728478,326,23
TPRB_APPLY,481,864439333,326,32
TPRB_APPLY,482,866150188,326,41
TPRB_APPLY,483,867861043,326,51
TPRB_APPLY,484,869571898,326,60
TPRB_APPLY,485,871282753,326,69
TPRB_APPLY,486,872993608,326,78
TPRB_APPLY,487,874362292,326,87
TPRB_APPLY,488,876415318,330,97
TPRB_APPLY,489,878126173,333,106
TPRB_APPLY,490,879838051,333,115
TPRB_APPLY,491,881547883,333,124
TPRB_APPLY,492,882916567,333,133
TPRB_APPLY,493,884627422,333,142
TPRB_APPLY,494,886680448,333,152
TPRB_APPLY,495,888391303,333,162
TPRB_APPLY,496,890102158,333,171
TPRB_APPLY,497,891813013,333,180
TPRB_APPLY,498,893523868,336,189
TPRB_APPLY,499,895234723,340,198
TPRB_APPLY,500,896945578,340,6
TPRB_APPLY,501,898656433,340,16
TPRB_APPLY,502,900367288,340,25
TPRB_APPLY,503,902078143,340,34
TPRB_APPLY,504,903447485,340,43
TPRB_APPLY,505,905157682,340,52
TPRB_APPLY,506,907210708,340,62
TPRB_APPLY,507,908921563,340,72
TPRB_APPLY,508,910632418,341,81
TPRB_APPLY,509,912343273,347,90
TPRB_APPLY,510,914054951,347,99
TPRB_APPLY,511,915764983,347,108
TPRB_APPLY,512,917476639,347,117
TPRB_APPLY,513,919186693,347,127
TPRB_APPLY,514,920897548,347,136
TPRB_APPLY,515,922608403,347,145
TPRB_APPLY,516,924319258,347,154
TPRB_APPLY,517,925687943,347,163
TPRB_APPLY,518,927740968,347,173
TPRB_APPLY,519,929451823,350,182
TPRB_APPLY,520,931162678,350,191
TPRB_APPLY,521,932873533,350,200
TPRB_APPLY,522,934242566,350,8
TPRB_APPLY,523,935953072,350,17
TPRB_APPLY,524,938006098,350,27
TPRB_APPLY,525,939716953,350,36
TPRB_APPLY,526,941086616,350,45
TPRB_APPLY,527,942796492,350,54
TPRB_APPLY,528,944507347,350,63
TPRB_APPLY,529,946560373,357,73
TPRB_APPLY,530,948271228,360,83
TPRB_APPLY,531,950324254,360,93
TPRB_APPLY,532,951692938,360,102
TPRB_APPLY,533,953403793,360,111
TPRB_APPLY,534,955114648,360,120
TPRB_APPLY,535,956825503,360,129
TPRB_APPLY,536,958536358,360,139
TPRB_APPLY,537,960589384,360,149
TPRB_APPLY,538,962300563,360,158
TPRB_APPLY,539,964011094,365,167
TPRB_APPLY,540,965721949,367,176
TPRB_APPLY,541,967432804,367,186
TPRB_APPLY,542,969143659,367,195
TPRB_APPLY,543,970854514,367,3
TPRB_APPLY,544,972565798,367,12
TPRB_APPLY,545,974277247,367,21
TPRB_APPLY,546,975987079,367,31
TPRB_APPLY,547,977697934,367,40
TPRB_APPLY,548,979408789,367,49
TPRB_APPLY,549,981119644,371,58
TPRB_APPLY,550,982830499,374,67
TPRB_APPLY,551,984541354,374,76
TPRB_APPLY,552,985910038,374,85
TPRB_APPLY,553,987963064,374,95
TPRB_APPLY,554,989673919,374,105
TPRB_APPLY,555,991384774,374,114
TPRB_APPLY,556,993095629,374,123
TPRB_APPLY,557,994806985,374,132
TPRB_APPLY,558,996517339,374,141
TPRB_APPLY,559,998228194,377,151
TPRB_APPLY,560,999939049,381,160
TPRB_APPLY,561,1001649904,381,169
TPRB_APPLY,562,1003360759,381,178
TPRB_APPLY,563,1005071614,381,187
TPRB_APPLY,564,1006782469,381,196
TPRB_APPLY,565,1008493324,381,5
TPRB_APPLY,566,1010204179,381,14
TPRB_APPLY,567,1011915034,381,23
TPRB_APPLY,568,1013625889,381,32
TPRB_APPLY,569,1014994573,382,41
TPRB_APPLY,570,1016705428,388,50
TPRB_APPLY,571,1018416283,388,59
TPRB_APPLY,572,1020469308,388,69
TPRB_APPLY,573,1022180163,388,78
TPRB_APPLY,574,1023548847,388,87
TPRB_APPLY,575,1025259702,388,96
TPRB_APPLY,576,1026970557,388,105
TPRB_APPLY,577,1029023583,388,115
TPRB_APPLY,578,1030392267,388,124
TPRB_APPLY,579,1032103318,388,133
TPRB_APPLY,580,1033814031,395,142
TPRB_APPLY,581,1035524832,395,151
TPRB_APPLY,582,1037235687,395,160
TPRB_APPLY,583,1038947445,395,169
TPRB_APPLY,584,1040657397,395,178
TPRB_APPLY,585,1042368252,395,187
TPRB_APPLY,586,1044080139,395,197
TPRB_APPLY,587,1045789962,395,5
TPRB_APPLY,588,1047500817,395,14
TPRB_APPLY,589,1049211672,395,23
TPRB_APPLY,590,1050922527,401,32
TPRB_APPLY,591,1052633382,401,41
TPRB_APPLY,592,1054344237,401,50
TPRB_APPLY,593,1056055092,401,60
TPRB_APPLY,594,1057765947,401,69
TPRB_APPLY,595,1059476802,401,78
TPRB_APPLY,596,1061187657,401,87
TPRB_APPLY,597,1062556341,401,96
TPRB_APPLY,598,1064609367,401,106
TPRB_APPLY,599,1066320222,401,115
TPRB_APPLY,600,1068031077,406,124
TPRB_APPLY,601,1069741932,408,133
TPRB_APPLY,602,1071452787,408,142
TPRB_APPLY,603,1072821471,408,151
TPRB_APPLY,604,1074532326,408,160
TPRB_APPLY,605,1076585352,408,170
TPRB_APPLY,606,1078296207,408,180
TPRB_APPLY,607,1080007062,408,189
TPRB_APPLY,608,1081717917,408,198
TPRB_APPLY,609,1083428772,408,6
TPRB_APPLY,610,1085139627,411,15
TPRB_APPLY,611,1086850482,415,24
TPRB_APPLY,612,1088562319,415,33
TPRB_APPLY,613,1090272192,415,43
TPRB_APPLY,614,1091983047,415,53
TPRB_APPLY,615,1093693902,415,62
TPRB_APPLY,616,1095404757,415,71
TPRB_APPLY,617,1097115612,415,80
TPRB_APPLY,618,1098826467,415,89
TPRB_APPLY,619,1100537322,415,99
TPRB_APPLY,620,1102248177,415,108
TPRB_APPLY,621,1103959032,422,117
TPRB_APPLY,622,1105669887,422,126
TPRB_APPLY,623,1107380742,422,135
TPRB_APPLY,624,1109091597,422,144
TPRB_APPLY,625,1110802452,422,154
TPRB_APPLY,626,1112855478,422,164
TPRB_APPLY,627,1114566333,422,172
TPRB_APPLY,628,1116277188,422,182
TPRB_APPLY,629,1117988043,422,192
TPRB_APPLY,630,1119698898,424,0
TPRB_APPLY,631,1121409753,429,9
TPRB_APPLY,632,1123120608,429,17
TPRB_APPLY,633,1124831463,429,26
TPRB_APPLY,634,1126542488,429,35
TPRB_APPLY,635,1128253173,429,45
TPRB_APPLY,636,1129964028,429,54
TPRB_APPLY,637,1131674883,429,63
TPRB_APPLY,638,1133727909,429,73
TPRB_APPLY,639,1135096593,429,82
TPRB_APPLY,640,1136807448,430,91
TPRB_APPLY,641,1138518303,435,100
TPRB_APPLY,642,1140229158,435,109
TPRB_APPLY,643,1141940013,435,118
TPRB_APPLY,644,1143650868,435,127
TPRB_APPLY,645,1145361723,435,137
TPRB_APPLY,646,1147072578,435,146
TPRB_APPLY,647,1148783433,435,155
TPRB_APPLY,648,1150494288,435,164
TPRB_APPLY,649,1152205143,435,173
TPRB_APPLY,650,1153915998,435,183
TPRB_APPLY,651,1155626853,441,192
TPRB_APPLY,652,1157337708,442,0
TPRB_APPLY,653,1159049557,442,9
TPRB_APPLY,654,1160759418,442,18
TPRB_APPLY,655,1162470273,442,27
TPRB_APPLY,656,1164181128,442,36
TPRB_APPLY,657,1165891983,442,46
TPRB_APPLY,658,1167602838,442,55
TPRB_APPLY,659,1169313693,442,64
TPRB_APPLY,660,1171024548,442,73
TPRB_APPLY,661,1172735403,447,82
TPRB_APPLY,662,1174446258,449,91
TPRB_APPLY,663,1176157113,449,100
TPRB_APPLY,664,1177525797,449,109
TPRB_APPLY,665,1179578823,449,119
TPRB_APPLY,666,1181289678,449,128
TPRB_APPLY,667,1183000533,449,137
TPRB_APPLY,668,1184369217,449,146
TPRB_APPLY,669,1186080072,449,155
TPRB_APPLY,670,1188133098,449,165
TPRB_APPLY,671,1189843953,453,174
TPRB_APPLY,672,1191554808,456,183
TPRB_APPLY,673,1193265663,456,193
TPRB_APPLY,674,1194976518,456,1
TPRB_APPLY,675,1196687373,456,10
TPRB_APPLY,676,1198398228,456,19
TPRB_APPLY,677,1199766912,456,28
TPRB_APPLY,678,1201819938,456,38
TPRB_APPLY,679,1203530793,456,47
TPRB_APPLY,680,1205241648,456,56
TPRB_APPLY,681,1206610332,458,65
TPRB_APPLY,682,1208321187,463,74
TPRB_APPLY,683,1210032042,463,83
TPRB_APPLY,684,1211742897,463,92
TPRB_APPLY,685,1213795923,463,102
TPRB_APPLY,686,1215164607,463,111
TPRB_APPLY,687,1216875462,463,120
TPRB_APPLY,688,1218586317,463,129
TPRB_APPLY,689,1220639343,463,139
TPRB_APPLY,690,1222350198,463,149
TPRB_APPLY,691,1224061053,463,158
TPRB_APPLY,692,1225771908,470,167
TPRB_APPLY,693,1227482763,470,176
TPRB_APPLY,694,1229193618,470,185
TPRB_APPLY,695,1230562302,470,194
TPRB_APPLY,696,1232273157,470,2
TPRB_APPLY,697,1234326183,470,12
TPRB_APPLY,698,1236037038,470,21
TPRB_APPLY,699,1237405722,470,30
TPRB_APPLY,700,1239116577,470,39
TPRB_APPLY,701,1241169603,470,49
TPRB_APPLY,702,1242880458,476,58
TPRB_APPLY,703,1244591313,476,68
TPRB_APPLY,704,1246302168,476,78
TPRB_APPLY,705,1248013023,476,87
TPRB_APPLY,706,1249723878,476,96
TPRB_APPLY,707,1251434733,476,105
TPRB_APPLY,708,1253145588,476,115
TPRB_APPLY,709,1255198614,476,125
TPRB_APPLY,710,1256909469,476,134
TPRB_APPLY,711,1258620324,476,143
TPRB_APPLY,712,1260331179,482,152
TPRB_APPLY,713,1261699863,482,161
TPRB_APPLY,714,1263410718,482,170
TPRB_APPLY,715,1265463744,482,180
TPRB_APPLY,716,1267174599,482,189
TPRB_APPLY,717,1268543908,482,198
TPRB_APPLY,718,1270255172,482,6
TPRB_APPLY,719,1272307164,482,16
TPRB_APPLY,720,1274018019,482,26
TPRB_APPLY,721,1275728874,482,35
TPRB_APPLY,722,1277439814,489,44
TPRB_APPLY,723,1279150584,490,53
TPRB_APPLY,724,1280861439,490,62
TPRB_APPLY,725,1282572294,490,71
TPRB_APPLY,726,1283940978,490,80
TPRB_APPLY,727,1285994004,490,90
TPRB_APPLY,728,1287704859,490,99
TPRB_APPLY,729,1289415714,490,108
TPRB_APPLY,730,1290784398,490,117
TPRB_APPLY,731,1292495253,490,126
TPRB_APPLY,732,1294206108,495,135
TPRB_APPLY,733,1295916963,497,144
TPRB_APPLY,734,1297969989,497,154
TPRB_APPLY,735,1299338673,497,163
TPRB_APPLY,736,1301049528,497,172
TPRB_APPLY,737,1302760383,497,181
TPRB_APPLY,738,1304471354,497,190
TPRB_APPLY,739,1306182093,497,200
TPRB_APPLY,740,1307892948,497,8
TPRB_APPLY,741,1309603803,497,17
TPRB_APPLY,742,1311315418,497,26
TPRB_APPLY,743,1313025520,497,35
TPRB_APPLY,744,1314736368,497,45
TPRB_APPLY,745,1316447223,497,54
TPRB_APPLY,746,1318158078,497,63
TPRB_APPLY,747,1319868933,497,72
TPRB_APPLY,748,1321579788,497,82
TPRB_APPLY,749,1323290643,497,91
TPRB_APPLY,750,1325001498,497,100
TPRB_APPLY,751,1326712353,497,109
TPRB_APPLY,752,1328423208,497,118
TPRB_APPLY,753,1330134063,506,127
TPRB_APPLY,754,1331844918,511,136
TPRB_APPLY,755,1333556061,511,146
TPRB_APPLY,756,1335266628,511,155
TPRB_APPLY,757,1336977483,511,164
TPRB_APPLY,758,1338346167,511,173
TPRB_APPLY,759,1340057022,511,182
TPRB_APPLY,760,1342110048,511,192
TPRB_APPLY,761,1343820903,511,0
TPRB_APPLY,762,1345190061,511,9
TPRB_APPLY,763,1346900442,517,18
TPRB_APPLY,764,1348611297,517,27
TPRB_APPLY,765,1350322152,517,36
TPRB_APPLY,766,1352375178,517,46
TPRB_APPLY,767,1353743862,517,55
TPRB_APPLY,768,1355454717,517,64
TPRB_APPLY,769,1357165572,517,73
TPRB_APPLY,770,1358876434,517,82
TPRB_APPLY,771,1360587282,517,92
TPRB_APPLY,772,1362298137,517,101
TPRB_APPLY,773,1364008992,522,110
TPRB_APPLY,774,1365719847,524,119
TPRB_APPLY,775,1367430702,524,128
TPRB_APPLY,776,1369141557,524,137
TPRB_APPLY,777,1370852469,524,147
TPRB_APPLY,778,1372563267,524,156
TPRB_APPLY,779,1374274122,524,165
TPRB_APPLY,780,1375984977,524,174
TPRB_APPLY,781,1377695832,524,183
TPRB_APPLY,782,1379406687,524,193
TPRB_APPLY,783,1381118118,527,1
TPRB_APPLY,784,1382828397,531,10
TPRB_APPLY,785,1384539252,531,19
TPRB_APPLY,786,1386250107,531,28
TPRB_APPLY,787,1387618791,531,37
TPRB_APPLY,788,1389671817,531,47
TPRB_APPLY,789,1391382672,531,56
TPRB_APPLY,790,1393093527,531,65
TPRB_APPLY,791,1394462211,531,74
TPRB_APPLY,792,1396174078,531,83
TPRB_APPLY,793,1398226092,532,93
TPRB_APPLY,794,1399936947,538,102
TPRB_APPLY,795,1401305631,538,111
TPRB_APPLY,796,1403016486,538,120
TPRB_APPLY,797,1404727341,538,129
TPRB_APPLY,798,1406780367,538,139
TPRB_APPLY,799,1408491222,538,149
TPRB_APPLY,800,1410202077,538,158
TPRB_APPLY,801,1411912932,538,167
TPRB_APPLY,802,1413623787,538,176
TPRB_APPLY,803,1415334642,538,186
TPRB_APPLY,804,1417045497,544,195
TPRB_APPLY,805,1418756352,544,4
TPRB_APPLY,806,1420467207,544,13
TPRB_APPLY,807,1422178062,544,22
TPRB_APPLY,808,1423888917,544,31
TPRB_APPLY,809,1425599772,544,41
TPRB_APPLY,810,1427652798,544,51
TPRB_APPLY,811,1429363653,544,60
TPRB_APPLY,812,1430732337,544,69
TPRB_APPLY,813,1432443192,544,78
TPRB_APPLY,814,1434154486,551,87
TPRB_APPLY,815,1435864902,552,96
TPRB_APPLY,816,1437917928,552,106
TPRB_APPLY,817,1439628783,552,116
TPRB_APPLY,818,1441339638,552,125
TPRB_APPLY,819,1443050493,552,134
TPRB_APPLY,820,1444419177,552,143
TPRB_APPLY,821,1446472203,552,153
TPRB_APPLY,822,1448183058,552,163
TPRB_APPLY,823,1449893913,552,172
TPRB_APPLY,824,1451604768,558,181
TPRB_APPLY,825,1453315623,558,190
TPRB_APPLY,826,1455026478,558,199
TPRB_APPLY,827,1456737333,558,8
TPRB_APPLY,828,1458448188,558,17
TPRB_APPLY,829,1460159043,558,26
TPRB_APPLY,830,1461869898,558,35
TPRB_APPLY,831,1463580753,558,44
TPRB_APPLY,832,1465291608,558,54
TPRB_APPLY,833,1467002463,558,63
TPRB_APPLY,834,1468713318,563,72
TPRB_APPLY,835,1470424173,565,81
TPRB_APPLY,836,1471792857,565,90
TPRB_APPLY,837,1473845883,565,100
TPRB_APPLY,838,1475556738,565,109
TPRB_APPLY,839,1477267593,565,118
TPRB_APPLY,840,1478636277,565,127
TPRB_APPLY,841,1480347132,565,136
TPRB_APPLY,842,1482400158,565,146
TPRB_APPLY,843,1483768842,565,155
TPRB_APPLY,844,1485479697,568,164
TPRB_APPLY,845,1487190552,572,173
TPRB_APPLY,846,1488901407,572,182
TPRB_APPLY,847,1490612262,572,191
TPRB_APPLY,848,1492323117,572,0
TPRB_APPLY,849,1494033972,572,9
TPRB_APPLY,850,1495744827,572,18
TPRB_APPLY,851,1497455682,572,27
TPRB_APPLY,852,1499166537,572,36
TPRB_APPLY,853,1500877392,572,46
TPRB_APPLY,854,1502588507,573,55
TPRB_APPLY,855,1504299102,579,64
TPRB_APPLY,856,1506009957,579,73
TPRB_APPLY,857,1507720812,579,82
TPRB_APPLY,858,1509431667,579,91
TPRB_APPLY,859,1511142522,579,101
TPRB_APPLY,860,1512853377,579,110
TPRB_APPLY,861,1514564232,579,119
TPRB_APPLY,862,1516276071,579,128
TPRB_APPLY,863,1517985942,579,137
TPRB_APPLY,864,1519696797,579,147
TPRB_APPLY,865,1521407652,585,156
TPRB_APPLY,866,1523118507,586,165
TPRB_APPLY,867,1524829362,586,174
TPRB_APPLY,868,1526540217,586,183
TPRB_APPLY,869,1527908901,586,192
TPRB_APPLY,870,1529961927,586,1
TPRB_APPLY,871,1531672782,586,10
TPRB_APPLY,872,1533384238,586,19
TPRB_APPLY,873,1534752321,586,28
TPRB_APPLY,874,1536463176,586,37
TPRB_APPLY,875,1538516204,590,47
TPRB_APPLY,876,1540227057,593,56
TPRB_APPLY,877,1541937912,593,66
TPRB_APPLY,878,1543648767,593,75
TPRB_APPLY,879,1545359622,593,84
TPRB_APPLY,880,1547070477,593,93
TPRB_APPLY,881,1548439161,593,102
TPRB_APPLY,882,1550492187,593,112
TPRB_APPLY,883,1552203042,593,121
TPRB_APPLY,884,1553913897,593,130
TPRB_APPLY,885,1555282581,597,139
TPRB_APPLY,886,1556993436,599,148
TPRB_APPLY,887,1559046462,599,158
TPRB_APPLY,888,1560757317,599,168
TPRB_APPLY,889,1562468172,599,177
TPRB_APPLY,890,1564179027,599,186
TPRB_APPLY,891,1565889882,599,195
TPRB_APPLY,892,1567600737,599,4
TPRB_APPLY,893,1569653763,599,14
TPRB_APPLY,894,1571022447,599,23
TPRB_APPLY,895,1572733302,602,32
TPRB_APPLY,896,1574444157,606,41
TPRB_APPLY,897,1576155012,606,50
TPRB_APPLY,898,1577865867,606,60
TPRB_APPLY,899,1579918893,606,70
TPRB_APPLY,900,1581629748,606,79
TPRB_APPLY,901,1583340603,606,88
TPRB_APPLY,902,1584709287,606,97
TPRB_APPLY,903,1586762313,606,107
TPRB_APPLY,904,1588473168,606,116
TPRB_APPLY,905,1589841852,609,125
TPRB_APPLY,906,1591552707,613,134
TPRB_APPLY,907,1593263562,613,143
TPRB_APPLY,908,1595316588,613,153
TPRB_APPLY,909,1597027443,613,163
TPRB_APPLY,910,1598738298,613,172
TPRB_APPLY,911,1600449153,613,181
TPRB_APPLY,912,1602160008,613,190
TPRB_APPLY,913,1603870863,613,200
TPRB_APPLY,914,1605581718,613,8
TPRB_APPLY,915,1607293499,614,17
TPRB_APPLY,916,1609003428,619,26
TPRB_APPLY,917,1610372151,619,35
TPRB_APPLY,918,1612082967,619,44
TPRB_APPLY,919,1614135993,619,54
TPRB_APPLY,920,1615847348,619,63
TPRB_APPLY,921,1617215532,619,72
TPRB_APPLY,922,1618926387,619,81
TPRB_APPLY,923,1620979413,619,91
TPRB_APPLY,924,1622348097,619,100
TPRB_APPLY,925,1624058952,619,109
TPRB_APPLY,926,1625769807,624,118
TPRB_APPLY,927,1627480662,626,127
TPRB_APPLY,928,1629191517,626,136
TPRB_APPLY,929,1630902372,626,146
TPRB_APPLY,930,1632613227,626,155
TPRB_APPLY,931,1634324082,626,164
TPRB_APPLY,932,1636035599,626,173
TPRB_APPLY,933,1637745792,626,183
TPRB_APPLY,934,1639456647,626,192
TPRB_APPLY,935,1641167502,626,0
TPRB_APPLY,936,1642878357,631,9
TPRB_APPLY,937,1644589212,631,18
TPRB_APPLY,938,1646300067,631,28
TPRB_APPLY,939,1648353093,631,38
TPRB_APPLY,940,1649721777,631,47
TPRB_APPLY,941,1651432632,631,56
TPRB_APPLY,942,1653143487,631,65
TPRB_APPLY,943,1654855593,631,74
TPRB_APPLY,944,1656565197,631,84
TPRB_APPLY,945,1658276052,631,93
TPRB_APPLY,946,1659986907,632,102
TPRB_APPLY,947,1661697762,640,111
TPRB_APPLY,948,1663408617,640,120
TPRB_APPLY,949,1665119472,640,129
TPRB_APPLY,950,1666830327,640,139
TPRB_APPLY,951,1668541182,640,148
TPRB_APPLY,952,1670252037,640,157
TPRB_APPLY,953,1671962892,640,166
TPRB_APPLY,954,1673673747,640,175
TPRB_APPLY,955,1675384602,640,185
TPRB_APPLY,956,1677095457,641,194
TPRB_APPLY,957,1678806312,646,2
TPRB_APPLY,958,1680517167,646,11
TPRB_APPLY,959,1682228022,646,20
TPRB_APPLY,960,1683938877,646,30
TPRB_APPLY,961,1685650148,646,39
TPRB_APPLY,962,1687360587,646,48
TPRB_APPLY,963,1689071442,646,57
TPRB_APPLY,964,1690440126,646,66
TPRB_APPLY,965,1692493152,646,76
TPRB_APPLY,966,1694204007,646,85
TPRB_APPLY,967,1695914862,653,94
TPRB_APPLY,968,1697283546,653,103
TPRB_APPLY,969,1698994401,653,112
TPRB_END,rx=970,apply=970,filtered=0,rx_overflow=0,apply_overflow=0,apply_race=0
TPRB_STATS,frame=970,valid=970,checksum_error=0,irq=71076,rxirq=69840,byte=69840
TPRB_STATS_ERR,pe=0,fe=0,ne=0,ore=0
[0mBatt=23.4 [0mODOM [31mVisionX  +0.00 Y  +0.00 theta   +0.0 elt    0 [0mimu  -1.6 Dt    0 LtCy    0 integ.govd   +0.00   +0.00 integ.vbp +0.00 +0.00 omni.gos X     +0.0 ,Y     +0.0. omgD +0.000 omg  +0.00 
[0mBatt=23.4 [0mODOM [31mVisionX  +0.00 Y  +0.00 theta   +0.0 elt    0 [0mimu  -1.6 Dt    0 LtCy    0 integ.govd   +0.00   +0.00 integ.vbp +0.00 +0.00 omni.gos X     +0.0 ,Y     -0.1. omgD -0.008 omg  +0.00 loop   2883
[0mBatt=23.4 [0mODOM [31mVisionX  +0.00 Y  +0.00 theta   +0.0 elt    0 [0mimu  -1.6 Dt    6 LtCy    3 integ.govd   -0.00   -0.00 integ.vbp -0.00 -0.00 omni.gos X     -0.0 ,Y     -0.2. omgD -0.017 omg  +0.00 loop   5105
[0mBatt=23.4 [0mODOM [31mVisionX  +0.00 Y  +0.00 theta   +0.0 elt    0 [0mimu  -1.6 Dt    2 LtCy    1 integ.govd   -0.00   -0.00 integ.vbp -0.00 -0.00 omni.gos X     -0.0 ,Y     -0.1. omgD -0.008 omg  +0.00 loop   4958
[0mBatt=23.4 [0mODOM [31mVisionX  +0.00 Y  +0.00 theta   +0.0 elt    0 [0mimu  -1.6 Dt    8 LtCy    4 integ.govd   -0.00   -0.00 integ.vbp -0.00 -0.00 omni.gos X     -0.0 ,Y     -0.2. omgD -0.013 omg  +0.00 loop   5049
[0mBatt=23.4 [0mODOM [31mVisionX  +0.00 Y  +0.00 theta   +0.0 elt    0 [0mimu  -1.6 Dt    4 LtCy    2 integ.govd   -0.00   -0.00 integ.vbp -0.00 -0.00 omni.gos X     -0.0 ,Y     -0.1. omgD -0.008 omg  +0.00 loop   4975
[0mBatt=23.4 [0mODOM [31mVisionX  +0.00 Y  +0.00 theta   +0.0 elt    0 [0mimu  -1.6 Dt    8 LtCy    4 integ.govd   -0.00   -0.00 integ.vbp -0.00 -0.00 omni.gos X     -0.0 ,Y     -0.1. omgD -0.008 omg  +0.00 loop   4985
[0mBatt=23.4 [0mODOM [31mVisionX  +0.00 Y  +0.00 theta   +0.0 elt    0 [0mimu  -1.6 Dt    6 LtCy    3 integ.govd   +0.00   +0.00 integ.vbp +0.00 +0.00 omni.gos X     +0.0 ,Y     +0.1. omgD +0.004 omg  +0.00 loop   5008
[0mBatt=23.4 [0mODOM [31mVisionX  +0.00 Y  +0.00 theta   +0.0 elt    0 [0mimu  -1.6 Dt    0 LtCy    0 integ.govd   +0.00   +0.00 integ.vbp +0.00 +0.00 omni.gos X     +0.0 ,Y     -0.1. omgD -0.008 omg  +0.00 loop   4978
[0mBatt=23.4 [0mODOM [31mVisionX  +0.00 Y  +0.00 theta   +0.0 elt    0 [0mimu  -1.6 Dt    6 LtCy    3 integ.govd   -0.00   -0.00 integ.vbp -0.00 -0.00 omni.gos X     -0.0 ,Y     -0.1. omgD -0.008 omg  +0.00 loop   5098
[0mBatt=23.4 [0mODOM [31mVisionX  +0.00 Y  +0.00 theta   +0.0 elt    0 [0mimu  -1.6 Dt    4 LtCy    2 integ.govd   +0.00   -0.00 integ.vbp +0.00 -0.00 omni.gos X     +0.0 ,Y     -0.1. omgD -0.008 omg  +0.00 loop   2363
[0mBatt=23.4 [0mODOM [31mVisionX  +0.00 Y  +0.00 theta   +0.0 elt    0 [0mimu  -1.6 Dt    0 LtCy    0 integ.govd   +0.00   +0.00 integ.vbp +0.00 +0.00 omni.gos X     +0.0 ,Y     -0.1. omgD -0.008 omg  +0.00 loop   4978
[0mBatt=23.4 [0mODOM [31mVisionX  +0.00 Y  +0.00 theta   +0.0 elt    0 [0mimu  -1.6 Dt    6 LtCy    3 integ.govd   -0.00   -0.00 integ.vbp -0.00 -0.00 omni.gos X     +0.0 ,Y     -0.2. omgD -0.017 omg  +0.00 loop   5107
[0mBatt=23.4 [0mODOM [31mVisionX  +0.00 Y  +0.00 theta   +0.0 elt    0 [0mimu  -1.6 Dt    2 LtCy    1 integ.govd   -0.00   -0.00 integ.vbp -0.00 -0.00 omni.gos X     -0.0 ,Y     -0.2. omgD -0.013 omg  +0.00 loop   4977
[0mBatt=23.4 [0mODOM [31mVisionX  +0.00 Y  +0.00 theta   +0.0 elt    0 [0mimu  -1.6 Dt    8 LtCy    4 integ.govd   -0.00   -0.00 integ.vbp -0.00 -0.00 omni.gos X     -0.0 ,Y     -0.1. omgD -0.008 omg  +0.00 loop   5037
[0mBatt=23.4 [0mODOM [31mVisionX  +0.00 Y  +0.00 theta   +0.0 elt    0 [0mimu  -1.6 Dt    4 LtCy    2 integ.govd   +0.00   +0.00 integ.vbp +0.00 +0.00 omni.gos X     +0.0 ,Y     +0.0. omgD +0.000 omg  +0.00 loop   4970
[0mBatt=23.4 [0mODOM [31mVisionX  +0.00 Y  +0.00 theta   +0.0 elt    0 [0mimu  -1.6 Dt    0 LtCy    0 integ.govd   +0.00   +0.00 integ.vbp +0.00 +0.00 omni.gos X     +0.0 ,Y     -0.1. omgD -0.008 omg  +0.00 loop   5030
[0mBatt=23.4 [0mODOM [31mVisionX  +0.00 Y  +0.00 theta   +0.0 elt    0 [0mimu  -1.6 Dt    6 LtCy    3 integ.govd   -0.00   -0.00 integ.vbp -0.00 -0.00 omni.gos X     +0.0 ,Y     -0.2. omgD -0.013 omg  +0.00 loop   5071
[0mBatt=23.4 [0mODOM [31mVisionX  +0.00 Y  +0.00 theta   +0.0 elt    0 [0mimu  -1.6 Dt    2 LtCy    1 integ.govd   -0.00   -0.00 integ.vbp -0.00 -0.00 omni.gos X     -0.0 ,Y     -0.1. omgD -0.004 omg  +0.00 loop   4980
[0mBatt=23.4 [0mODOM [31mVisionX  +0.00 Y  +0.00 theta   +0.0 elt    0 [0mimu  -1.6 Dt    8 LtCy    4 integ.govd   -0.00   -0.00 integ.vbp -0.00 -0.00 omni.gos X     +0.0 ,Y     -0.1. omgD -0.008 omg  +0.00 loop   5067
[0mBatt=23.4 [0mODOM [31mVisionX  +0.00 Y  +0.00 theta   +0.0 elt    0 [0mimu  -1.6 Dt    2 LtCy    1 integ.govd   +0.00   -0.00 integ.vbp +0.00 -0.00 omni.gos X     +0.0 ,Y     -0.1. omgD -0.008 omg  +0.00 loop   4957
[0mBatt=23.4 [0mODOM [31mVisionX  +0.00 Y  +0.00 theta   +0.0 elt    0 [0mimu  -1.6 Dt    0 LtCy    0 integ.govd   +0.00   +0.00 integ.vbp +0.00 +0.00 omni.gos X     -0.0 ,Y     -0.2. omgD -0.013 omg  +0.00 loop   4981
[0mBatt=23.4 [0mODOM [31mVisionX  +0.00 Y  +0.00 theta   +0.0 elt    0 [0mimu  -1.6 Dt    6 LtCy    3 integ.govd   -0.00   -0.00 integ.vbp -0.00 -0.00 omni.gos X     -0.0 ,Y     -0.1. omgD -0.008 omg  +0.00 loop   5094
[0mBatt=23.4 [0mODOM [31mVisionX  +0.00 Y  +0.00 theta   +0.0 elt    0 [0mimu  -1.6 Dt    0 LtCy    0 integ.govd   +0.00   +0.00 integ.vbp +0.00 +0.00 omni.gos X     -0.0 ,Y     -0.1. omgD -0.004 omg  +0.00 loop   4967
[0mBatt=23.4 [0mODOM [31mVisionX  +0.00 Y  +0.00 theta   +0.0 elt    0 [0mimu  -1.6 Dt    6 LtCy    3 integ.govd   -0.00   -0.00 integ.vbp -0.00 -0.00 omni.gos X     -0.0 ,Y     -0.1. omgD -0.008 omg  +0.00 loop   5081
[0mBatt=23.4 [0mODOM [31mVisionX  +0.00 Y  +0.00 theta   +0.0 elt    0 [0mimu  -1.6 Dt    2 LtCy    1 integ.govd   -0.00   -0.00 integ.vbp -0.00 -0.00 omni.gos X     -0.0 ,Y     -0.1. omgD -0.004 omg  +0.00 loop   4966
[0mBatt=23.4 [0mODOM [31mVisionX  +0.00 Y  +0.00 theta   +0.0 elt    0 [0mimu  -1.6 Dt    0 LtCy    0 integ.govd   +0.00   +0.00 integ.vbp +0.00 +0.00 omni.gos X     -0.0 ,Y     -0.1. omgD -0.008 omg  +0.00 loop   4984
[0mBatt=23.4 [0mODOM [31mVisionX  +0.00 Y  +0.00 theta   +0.0 elt    0 [0mimu  -1.6 Dt    4 LtCy    2 integ.govd   -0.00   -0.00 integ.vbp -0.00 -0.00 omni.gos X     +0.0 ,Y     -0.1. omgD -0.008 omg  +0.00 loop   5063
[0mBatt=23.4 [0mODOM [31mVisionX  +0.00 Y  +0.00 theta   +0.0 elt    0 [0mimu  -1.6 Dt    2 LtCy    1 integ.govd   +0.00   -0.00 integ.vbp +0.00 -0.00 omni.gos X     +0.0 ,Y     -0.1. omgD -0.004 omg  +0.00 loop   4986
[0mBatt=23.4 [0mODOM [31mVisionX  +0.00 Y  +0.00 theta   +0.0 elt    0 [0mimu  -1.6 Dt    8 LtCy    4 integ.govd   -0.00   -0.00 integ.vbp -0.00 -0.00 omni.gos X     +0.0 ,Y     -0.1. omgD -0.004 omg  +0.00 loop   5092
[0mBatt=23.4 [0mODOM [31mVisionX  +0.00 Y  +0.00 theta   +0.0 elt    0 [0mimu  -1.6 Dt    4 LtCy    2 integ.govd   +0.00   -0.00 integ.vbp +0.00 -0.00 omni.gos X     +0.0 ,Y     -0.1. omgD -0.004 omg  +0.00 loop   4956
[0mBatt=23.4 [0mODOM [31mVisionX  +0.00 Y  +0.00 theta   +0.0 elt    0 [0mimu  -1.6 Dt    0 LtCy    0 integ.govd   +0.00   +0.00 integ.vbp +0.00 +0.00 omni.gos X     -0.0 ,Y     -0.1. omgD -0.008 omg  +0.00 loop   5010
[0mBatt=23.4 [0mODOM [31mVisionX  +0.00 Y  +0.00 theta   +0.0 elt    0 [0mimu  -1.6 Dt    6 LtCy    3 integ.govd   -0.00   -0.00 integ.vbp -0.00 -0.00 omni.gos X     -0.0 ,Y     -0.2. omgD -0.013 omg  +0.00 loop   5095
[0mBatt=23.4 [0mODOM [31mVisionX  +0.00 Y  +0.00 theta   +0.0 elt    0 [0mimu  -1.6 Dt    2 LtCy    1 integ.govd   -0.00   -0.00 integ.vbp -0.00 -0.00 omni.gos X     -0.0 ,Y     -0.2. omgD -0.013 omg  +0.00 loop   4968
[0mBatt=23.4 [0mODOM [31mVisionX  +0.00 Y  +0.00 theta   +0.0 elt    0 [0mimu  -1.6 Dt    8 LtCy    4 integ.govd   -0.00   -0.00 integ.vbp -0.00 -0.00 omni.gos X     -0.0 ,Y     -0.1. omgD -0.008 omg  +0.00 loop   5048
[0mBatt=23.4 [0mODOM [31mVisionX  +0.00 Y  +0.00 theta   +0.0 elt    0 [0mimu  -1.6 Dt    2 LtCy    1 integ.govd   -0.00   -0.00 integ.vbp -0.00 -0.00 omni.gos X     -0.0 ,Y     -0.1. omgD -0.008 omg  +0.00 loop   4978
[0mBatt=23.4 [0mODOM [31mVisionX  +0.00 Y  +0.00 theta   +0.0 elt    0 [0mimu  -1.6 Dt    0 LtCy    0 integ.govd   +0.00   +0.00 integ.vbp +0.00 +0.00 omni.gos X     +0.0 ,Y     +0.0. omgD +0.000 omg  +0.00 loop   4968
[0mBatt=23.4 [0mODOM [31mVisionX  +0.00 Y  +0.00 theta   +0.0 elt    0 [0mimu  -1.6 Dt    4 LtCy    2 integ.govd   -0.00   -0.00 integ.vbp -0.00 -0.00 omni.gos X     -0.0 ,Y     -0.2. omgD -0.013 omg  +0.00 loop   5072
[0mBatt=23.4 [0mODOM [31mVisionX  +0.00 Y  +0.00 theta   +0.0 elt    0 [0mimu  -1.6 Dt    0 LtCy    0 integ.govd   +0.00   +0.00 integ.vbp +0.00 +0.00 omni.gos X     +0.0 ,Y     -0.1. omgD -0.008 omg  +0.00 loop   4991
[0mBatt=23.4 [0mODOM [31mVisionX  +0.00 Y  +0.00 theta   +0.0 elt    0 [0mimu  -1.6 Dt    6 LtCy    3 integ.govd   -0.00   -0.00 integ.vbp -0.00 -0.00 omni.gos X     -0.0 ,Y     -0.2. omgD -0.017 omg  +0.00 loop   5087
[0mBatt=23.4 [0mODOM [31mVisionX  +0.00 Y  +0.00 theta   +0.0 elt    0 [0mimu  -1.6 Dt    2 LtCy    1 integ.govd   +0.00   +0.00 integ.vbp +0.00 +0.00 omni.gos X     +0.0 ,Y     +0.0. omgD +0.000 omg  +0.00 loop   4947
[0mBatt=23.4 [0mODOM [31mVisionX  +0.00 Y  +0.00 theta   +0.0 elt    0 [0mimu  -1.6 Dt    8 LtCy    4 integ.govd   -0.00   -0.00 integ.vbp -0.00 -0.00 omni.gos X     +0.0 ,Y     -0.1. omgD -0.004 omg  +0.00 loop   5107
[0mBatt=23.4 [0mODOM [31mVisionX  +0.00 Y  +0.00 theta   +0.0 elt    0 [0mimu  -1.6 Dt    4 LtCy    2 integ.govd   -0.00   -0.00 integ.vbp -0.00 -0.00 omni.gos X     +0.0 ,Y     -0.2. omgD -0.013 omg  +0.00 loop   4969
[0mBatt=23.4 [0mODOM [31mVisionX  +0.00 Y  +0.00 theta   +0.0 elt    0 [0mimu  -1.6 Dt    0 LtCy    0 integ.govd   +0.00   +0.00 integ.vbp +0.00 +0.00 omni.gos X     +0.0 ,Y     -0.1. omgD -0.008 omg  +0.00 loop   4963
[0mBatt=23.4 [0mODOM [31mVisionX  +0.00 Y  +0.00 theta   +0.0 elt    0 [0mimu  -1.6 Dt    6 LtCy    3 integ.govd   -0.00   -0.00 integ.vbp -0.00 -0.00 omni.gos X     -0.0 ,Y     -0.1. omgD -0.011 omg  +0.00 loop   5090
[0mBatt=23.4 [0mODOM [31mVisionX  +0.00 Y  +0.00 theta   +0.0 elt    0 [0mimu  -1.6 Dt    2 LtCy    1 integ.govd   -0.00   -0.00 integ.vbp -0.00 -0.00 omni.gos X     -0.0 ,Y     -0.2. omgD -0.017 omg  +0.00 loop   4994
[0mBatt=23.4 [0mODOM [31mVisionX  +0.00 Y  +0.00 theta   +0.0 elt    0 [0mimu  -1.6 Dt    8 LtCy    4 integ.govd   -0.00   -0.00 integ.vbp -0.00 -0.00 omni.gos X     -0.0 ,Y     -0.1. omgD -0.008 omg  +0.00 loop   5030
[0mBatt=23.4 [0mODOM [31mVisionX  +0.00 Y  +0.00 theta   +0.0 elt    0 [0mimu  -1.6 Dt    2 LtCy    1 integ.govd   +0.00   -0.00 integ.vbp +0.00 -0.00 omni.gos X     +0.0 ,Y     -0.1. omgD -0.004 omg  +0.00 loop   4973
[0mBatt=23.4 [0mODOM [31mVisionX  +0.00 Y  +0.00 theta   +0.0 elt    0 [0mimu  -1.6 Dt    0 LtCy    0 integ.govd   +0.00   +0.00 integ.vbp +0.00 +0.00 omni.gos X     +0.0 ,Y     -0.1. omgD -0.006 omg  +0.00 loop   5007
[0mBatt=23.4 [0mODOM [31mVisionX  +0.00 Y  +0.00 theta   +0.0 elt    0 [0mimu  -1.6 Dt    6 LtCy    3 integ.govd   -0.00   -0.00 integ.vbp -0.00 -0.00 omni.gos X     +0.0 ,Y     -0.1. omgD -0.006 omg  +0.00 loop   5094
[0mBatt=23.4 [0mODOM [31mVisionX  +0.00 Y  +0.00 theta   +0.0 elt    0 [0mimu  -1.6 Dt    0 LtCy    0 integ.govd   +0.00   +0.00 integ.vbp +0.00 +0.00 omni.gos X     +0.0 ,Y     -0.1. omgD -0.008 omg  +0.00 loop   4966
[0mBatt=23.4 [0mODOM [31mVisionX  +0.00 Y  +0.00 theta   +0.0 elt    0 [0mimu  -1.6 Dt    8 LtCy    4 integ.govd   -0.00   -0.00 integ.vbp -0.00 -0.00 omni.gos X     -0.0 ,Y     -0.1. omgD -0.011 omg  +0.00 loop   5097
[0mBatt=23.4 [0mODOM [31mVisionX  +0.00 Y  +0.00 theta   +0.0 elt    0 [0mimu  -1.6 Dt    4 LtCy    2 integ.govd   +0.00   -0.00 integ.vbp +0.00 -0.00 omni.gos X     +0.0 ,Y     -0.1. omgD -0.006 omg  +0.00 loop   4993
[0mBatt=23.4 [0mODOM [31mVisionX  +0.00 Y  +0.00 theta   +0.0 elt    0 [0mimu  -1.6 Dt    0 LtCy    0 integ.govd   +0.00   +0.00 integ.vbp +0.00 +0.00 omni.gos X     +0.0 ,Y     -0.1. omgD -0.004 omg  +0.00 loop   4972
[0mBatt=23.4 [0mODOM [31mVisionX  +0.00 Y  +0.00 theta   +0.0 elt    0 [0mimu  -1.6 Dt    6 LtCy    3 integ.govd   +0.00   -0.00 integ.vbp +0.00 -0.00 omni.gos X     +0.0 ,Y     -0.1. omgD -0.006 omg  +0.00 loop   5108
[0mBatt=23.4 [0mODOM [31mVisionX  +0.00 Y  +0.00 theta   +0.0 elt    0 [0mimu  -1.6 Dt    0 LtCy    0 integ.govd   +0.00   +0.00 integ.vbp +0.00 +0.00 omni.gos X     +0.0 ,Y     -0.1. omgD -0.006 omg  +0.00 loop   4992
[0mBatt=23.4 [0mODOM [31mVisionX  +0.00 Y  +0.00 theta   +0.0 elt    0 [0mimu  -1.6 Dt    6 LtCy    3 integ.govd   +0.00   -0.00 integ.vbp +0.00 -0.00 omni.gos X     +0.0 ,Y     -0.1. omgD -0.004 omg  +0.00 loop   5065
[0mBatt=23.4 [0mODOM [31mVisionX  +0.00 Y  +0.00 theta   +0.0 elt    0 [0mimu  -1.6 Dt    4 LtCy    2 integ.govd   -0.00   -0.00 integ.vbp -0.00 -0.00 omni.gos X     -0.0 ,Y     -0.1. omgD -0.008 omg  +0.00 loop   5008
[0mBatt=23.4 [0mODOM [31mVisionX  +0.00 Y  +0.00 theta   +0.0 elt    0 [0mimu  -1.6 Dt   10 LtCy    5 integ.govd   +0.00   -0.00 integ.vbp +0.00 -0.00 omni.gos X     +0.0 ,Y     -0.1. omgD -0.004 omg  +0.00 loop   5019
[0mBatt=23.4 [0mODOM [31mVisionX  +0.00 Y  +0.00 theta   +0.0 elt    0 [0mimu  -1.6 Dt    6 LtCy    3 integ.govd   -0.00   -0.00 integ.vbp -0.00 -0.00 omni.gos X     -0.0 ,Y     -0.1. omgD -0.006 omg  +0.00 loop   5036
[0mBatt=23.4 [0mODOM [31mVisionX  +0.00 Y  +0.00 theta   +0.0 elt    0 [0mimu  -1.6 Dt    2 LtCy    1 integ.govd   +0.00   -0.00 integ.vbp +0.00 -0.00 omni.gos X     +0.0 ,Y     -0.1. omgD -0.008 omg  +0.00 loop   4964
[0mBatt=23.4 [0mODOM [31mVisionX  +0.00 Y  +0.00 theta   +0.0 elt    0 [0mimu  -1.6 Dt    6 LtCy    3 integ.govd   +0.00   -0.00 integ.vbp +0.00 -0.00 omni.gos X     +0.0 ,Y     -0.0. omgD -0.002 omg  +0.00 loop   5087
[0mBatt=23.4 [0mODOM [31mVisionX  +0.00 Y  +0.00 theta   +0.0 elt    0 [0mimu  -1.6 Dt    2 LtCy    1 integ.govd   +0.00   -0.00 integ.vbp +0.00 -0.00 omni.gos X     +0.0 ,Y     -0.0. omgD -0.002 omg  +0.00 loop   4990
[0mBatt=23.4 [0mODOM [31mVisionX  +0.00 Y  +0.00 theta   +0.0 elt    0 [0mimu  -1.6 Dt    8 LtCy    4 integ.govd   -0.00   -0.00 integ.vbp -0.00 -0.00 omni.gos X     -0.0 ,Y     -0.2. omgD -0.015 omg  +0.00 loop   5009
[0mBatt=23.4 [0mODOM [31mVisionX  +0.00 Y  +0.00 theta   +0.0 elt    0 [0mimu  -1.6 Dt    6 LtCy    3 integ.govd   -0.00   -0.00 integ.vbp -0.00 -0.00 omni.gos X     +0.0 ,Y     -0.1. omgD -0.011 omg  +0.00 loop   5037
[0mBatt=23.4 [0mODOM [31mVisionX  +0.00 Y  +0.00 theta   +0.0 elt    0 [0mimu  -1.6 Dt    0 LtCy    0 integ.govd   +0.00   +0.00 integ.vbp +0.00 +0.00 omni.gos X     +0.0 ,Y     -0.1. omgD -0.006 omg  +0.00 loop   4981
[0mBatt=23.4 [0mODOM [31mVisionX  +0.00 Y  +0.00 theta   +0.0 elt    0 [0mimu  -1.6 Dt    6 LtCy    3 integ.govd   -0.00   -0.00 integ.vbp -0.00 -0.00 omni.gos X     +0.0 ,Y     -0.1. omgD -0.008 omg  +0.00 loop   5075
[0mBatt=23.4 [0mODOM [31mVisionX  +0.00 Y  +0.00 theta   +0.0 elt    0 [0mimu  -1.6 Dt   14 LtCy    7 integ.govd   -0.00   -0.00 integ.vbp -0.00 -0.00 omni.gos X     +0.0 ,Y     -0.2. omgD -0.013 omg  +0.00 loop   5059
[0mBatt=23.4 [0mODOM [31mVisionX  +0.00 Y  +0.00 theta   +0.0 elt    0 [0mimu  -1.6 Dt   30 LtCy   15 integ.govd   -0.00   -0.00 integ.vbp -0.00 -0.00 omni.gos X     +0.0 ,Y     -0.1. omgD -0.008 omg  +0.00 loop   5149
[0mBatt=23.4 [0mODOM [31mVisionX  +0.00 Y  +0.00 theta   +0.0 elt    0 [0mimu  -1.6 Dt   46 LtCy   23 integ.govd   -0.00   -0.00 integ.vbp -0.00 -0.00 omni.gos X     +0.0 ,Y     +0.1. omgD +0.004 omg  +0.00 loop   5099
[0mBatt=23.4 [0mODOM [31mVisionX  +0.00 Y  +0.00 theta   +0.0 elt    0 [0mimu  -1.6 Dt   62 LtCy   31 integ.govd   -0.00   -0.01 integ.vbp -0.00 -0.00 omni.gos X     -0.0 ,Y     -0.2. omgD -0.017 omg  +0.00 loop   5120
[0mBatt=23.4 [0mODOM [31mVisionX  +0.00 Y  +0.00 theta   +0.0 elt    0 [0mimu  -1.6 Dt   78 LtCy   39 integ.govd   -0.00   -0.01 integ.vbp -0.00 -0.00 omni.gos X     +0.0 ,Y     -0.1. omgD -0.004 omg  +0.00 loop   5105
[0mBatt=23.4 [0mODOM [31mVisionX  +0.00 Y  +0.00 theta   +0.0 elt    0 [0mimu  -1.6 Dt   94 LtCy   47 integ.govd   -0.00   -0.01 integ.vbp -0.00 -0.00 omni.gos X     +0.0 ,Y     -0.1. omgD -0.008 omg  +0.00 loop   5109
[0mBatt=23.4 [0mODOM [31mVisionX  +0.00 Y  +0.00 theta   +0.0 elt    0 [0mimu  -1.6 Dt  102 LtCy   51 integ.govd   -0.00   -0.01 integ.vbp -0.00 -0.00 omni.gos X     -0.0 ,Y     -0.1. omgD -0.008 omg  +0.00 loop   2435
[0mBatt=23.4 [0mODOM [31mVisionX  +0.00 Y  +0.00 theta   +0.0 elt    0 [0mimu  -1.6 Dt  118 LtCy   59 integ.govd   -0.00   -0.01 integ.vbp -0.00 -0.00 omni.gos X     +0.0 ,Y     -0.1. omgD -0.004 omg  +0.00 loop   5097
[0mBatt=23.4 [0mODOM [31mVisionX  +0.00 Y  +0.00 theta   +0.0 elt    0 [0mimu  -1.6 Dt  134 LtCy   67 integ.govd   -0.00   -0.01 integ.vbp -0.00 -0.00 omni.gos X     +0.0 ,Y     -0.1. omgD -0.004 omg  +0.00 loop   5107
[0mBatt=23.4 [0mODOM [31mVisionX  +0.00 Y  +0.00 theta   +0.0 elt    0 [0mimu  -1.6 Dt  150 LtCy   75 integ.govd   -0.00   -0.01 integ.vbp -0.00 -0.00 omni.gos X     +0.0 ,Y     -0.1. omgD -0.008 omg  +0.00 loop   5078
[0mBatt=23.4 [0mODOM [31mVisionX  +0.00 Y  +0.00 theta   +0.0 elt    0 [0mimu  -1.6 Dt  166 LtCy   83 integ.govd   -0.00   -0.01 integ.vbp -0.00 -0.00 omni.gos X     +0.0 ,Y     +0.0. omgD +0.000 omg  +0.00 loop   5080
[0mBatt=23.4 [0mODOM [31mVisionX  +0.00 Y  +0.00 theta   +0.0 elt    0 [0mimu  -1.6 Dt  182 LtCy   91 integ.govd   -0.00   -0.01 integ.vbp -0.00 -0.00 omni.gos X     +0.0 ,Y     -0.2. omgD -0.013 omg  +0.00 loop   5099
[0mBatt=23.4 [0mODOM [31mVisionX  +0.00 Y  +0.00 theta   +0.0 elt    0 [0mimu  -1.6 Dt  198 LtCy   99 integ.govd   -0.00   -0.02 integ.vbp -0.00 -0.00 omni.gos X     +0.0 ,Y     +0.0. omgD +0.000 omg  +0.00 loop   5076
[0mBatt=23.4 [0mODOM [31mVisionX  +0.00 Y  +0.00 theta   +0.0 elt    0 [0mimu  -1.6 Dt  214 LtCy  107 integ.govd   -0.00   -0.02 integ.vbp -0.00 -0.00 omni.gos X     +0.0 ,Y     -0.1. omgD -0.004 omg  +0.00 loop   5066
[0mBatt=23.4 [0mODOM [31mVisionX  +0.00 Y  +0.00 theta   +0.0 elt    0 [0mimu  -1.6 Dt  230 LtCy  115 integ.govd   -0.00   -0.02 integ.vbp -0.00 -0.00 omni.gos X     +0.0 ,Y     -0.1. omgD -0.008 omg  +0.00 loop   5071
[0mBatt=23.4 [0mODOM [31mVisionX  +0.00 Y  +0.00 theta   +0.0 elt    0 [0mimu  -1.6 Dt  246 LtCy  123 integ.govd   -0.00   -0.02 integ.vbp -0.00 -0.00 omni.gos X     -0.0 ,Y     -0.2. omgD -0.013 omg  +0.00 loop   5072
[0mBatt=23.4 [0m[33mODOM [31mVisionX  +0.00 Y  +0.00 theta   +0.0 elt    0 [0mimu  -1.6 Dt  262 LtCy  131 integ.govd   -0.00   -0.02 integ.vbp -0.00 -0.00 omni.gos X     -0.0 ,Y     -0.1. omgD -0.008 omg  +0.00 loop   5002
[0mBatt=23.4 [0m[33mODOM [31mVisionX  +0.00 Y  +0.00 theta   +0.0 elt    0 [0mimu  -1.6 Dt  278 LtCy  139 integ.govd   -0.00   -0.02 integ.vbp -0.00 -0.00 omni.gos X     +0.0 ,Y     +0.0. omgD +0.000 omg  +0.00 loop   5013
[0mBatt=23.4 [0m[33mODOM [31mVisionX  +0.00 Y  +0.00 theta   +0.0 elt    0 [0mimu  -1.6 Dt  294 LtCy  147 integ.govd   -0.00   -0.03 integ.vbp -0.00 -0.00 omni.gos X     -0.0 ,Y     -0.2. omgD -0.013 omg  +0.00 loop   5040
[0mBatt=23.4 [0m[33mODOM [31mVisionX  +0.00 Y  +0.00 theta   +0.0 elt    0 [0mimu  -1.6 Dt  310 LtCy  155 integ.govd   -0.00   -0.03 integ.vbp -0.00 -0.00 omni.gos X     +0.0 ,Y     -0.1. omgD -0.008 omg  +0.00 loop   4972
[0mBatt=23.4 [0m[33mODOM [31mVisionX  +0.00 Y  +0.00 theta   +0.0 elt    0 [0mimu  -1.6 Dt  326 LtCy  163 integ.govd   -0.00   -0.03 integ.vbp -0.00 -0.00 omni.gos X     -0.0 ,Y     -0.1. omgD -0.004 omg  +0.00 loop   5010
[0mBatt=23.4 [0m[33mODOM [31mVisionX  +0.00 Y  +0.00 theta   +0.0 elt    0 [0mimu  -1.6 Dt  342 LtCy  171 integ.govd   -0.00   -0.03 integ.vbp -0.00 -0.00 omni.gos X     +0.0 ,Y     -0.1. omgD -0.008 omg  +0.00 loop   4999
[0mBatt=23.4 [0m[33mODOM [31mVisionX  +0.00 Y  +0.00 theta   +0.0 elt    0 [0mimu  -1.6 Dt  358 LtCy  179 integ.govd   -0.00   -0.03 integ.vbp -0.00 -0.00 omni.gos X     +0.0 ,Y     -0.1. omgD -0.008 omg  +0.00 loop   4982
[0mBatt=23.4 [0m[33mODOM [31mVisionX  +0.00 Y  +0.00 theta   +0.0 elt    0 [0mimu  -1.6 Dt  374 LtCy  187 integ.govd   -0.00   -0.04 integ.vbp -0.00 -0.00 omni.gos X     +0.0 ,Y     -0.1. omgD -0.004 omg  +0.00 loop   4980
[0mBatt=23.4 [0m[33mODOM [31mVisionX  +0.00 Y  +0.00 theta   +0.0 elt    0 [0mimu  -1.6 Dt  390 LtCy  195 integ.govd   -0.00   -0.04 integ.vbp -0.00 -0.00 omni.gos X     +0.0 ,Y     +0.0. omgD +0.000 omg  +0.00 loop   4991
[0mBatt=23.4 [0m[33mODOM [31mVisionX  +0.00 Y  +0.00 theta   +0.0 elt    0 [0mimu  -1.6 Dt  406 LtCy  203 integ.govd   -0.00   -0.04 integ.vbp -0.00 -0.00 omni.gos X     +0.0 ,Y     -0.1. omgD -0.004 omg  +0.00 loop   4993
[0mBatt=23.4 [0m[33mODOM [31mVisionX  +0.00 Y  +0.00 theta   +0.0 elt    0 [0mimu  -1.6 Dt  422 LtCy  211 integ.govd   -0.00   -0.04 integ.vbp -0.00 -0.00 omni.gos X     -0.0 ,Y     -0.1. omgD -0.004 omg  +0.00 loop   4957
[0mBatt=23.4 [0m[33mODOM [31mVisionX  +0.00 Y  +0.00 theta   +0.0 elt    0 [0mimu  -1.6 Dt  438 LtCy  219 integ.govd   -0.00   -0.04 integ.vbp -0.00 -0.00 omni.gos X     -0.0 ,Y     -0.1. omgD -0.008 omg  +0.00 loop   4978
[0mBatt=23.4 [0m[33mODOM [31mVisionX  +0.00 Y  +0.00 theta   +0.0 elt    0 [0mimu  -1.7 Dt  454 LtCy  227 integ.govd   -0.00   -0.04 integ.vbp -0.00 -0.00 omni.gos X     -0.0 ,Y     -0.1. omgD -0.004 omg  +0.00 loop   4969
[0mBatt=23.4 [0m[33mODOM [31mVisionX  +0.00 Y  +0.00 theta   +0.0 elt    0 [0mimu  -1.7 Dt  470 LtCy  235 integ.govd   -0.00   -0.04 integ.vbp -0.00 -0.00 omni.gos X     +0.0 ,Y     -0.1. omgD -0.004 omg  +0.00 loop   4931
[0mBatt=23.4 [0m[33mODOM [31mVisionX  +0.00 Y  +0.00 theta   +0.0 elt    0 [0mimu  -1.7 Dt  486 LtCy  243 integ.govd   -0.00   -0.04 integ.vbp -0.00 -0.00 omni.gos X     +0.0 ,Y     -0.2. omgD -0.013 omg  +0.00 loop   4962
[0mBatt=23.4 [0m[33mODOM [31mVisionX  +0.00 Y  +0.00 theta   +0.0 elt    0 [0mimu  -1.7 Dt  502 LtCy  251 integ.govd   -0.00   -0.05 integ.vbp -0.00 -0.00 omni.gos X     +0.0 ,Y     -0.1. omgD -0.008 omg  +0.00 loop   4958
[0mBatt=23.4 [0m[33mODOM [31mVisionX  +0.00 Y  +0.00 theta   +0.0 elt    0 [0mimu  -1.7 Dt  518 LtCy  259 integ.govd   -0.00   -0.05 integ.vbp -0.00 -0.00 omni.gos X     -0.0 ,Y     -0.1. omgD -0.008 omg  +0.00 loop   4904
[0mBatt=23.4 [0m[33mODOM [31mVisionX  +0.00 Y  +0.00 theta   +0.0 elt    0 [0mimu  -1.7 Dt  534 LtCy  267 integ.govd   -0.00   -0.05 integ.vbp -0.00 -0.00 omni.gos X     +0.0 ,Y     -0.1. omgD -0.008 omg  +0.00 loop   4924
[0mBatt=23.4 [0m[33mODOM [31mVisionX  +0.00 Y  +0.00 theta   +0.0 elt    0 [0mimu  -1.7 Dt  550 LtCy  275 integ.govd   -0.00   -0.05 integ.vbp -0.00 -0.00 omni.gos X     -0.0 ,Y     -0.2. omgD -0.017 omg  +0.00 loop   4949
[0mBatt=23.4 [0m[33mODOM [31mVisionX  +0.00 Y  +0.00 theta   +0.0 elt    0 [0mimu  -1.7 Dt  566 LtCy  283 integ.govd   -0.00   -0.05 integ.vbp -0.00 -0.00 omni.gos X     +0.0 ,Y     +0.0. omgD +0.000 omg  +0.00 loop   4910
[0mBatt=23.4 [0m[33mODOM [31mVisionX  +0.00 Y  +0.00 theta   +0.0 elt    0 [0mimu  -1.7 Dt  582 LtCy  291 integ.govd   -0.00   -0.06 integ.vbp -0.00 -0.00 omni.gos X     -0.0 ,Y     -0.1. omgD -0.008 omg  +0.00 loop   4916
[0mBatt=23.4 [0m[33mODOM [31mVisionX  +0.00 Y  +0.00 theta   +0.0 elt    0 [0mimu  -1.7 Dt  598 LtCy  299 integ.govd   -0.00   -0.06 integ.vbp -0.00 -0.00 omni.gos X     -0.0 ,Y     -0.1. omgD -0.004 omg  +0.00 loop   4915
[0mBatt=23.4 [0m[33mODOM [31mVisionX  +0.00 Y  +0.00 theta   +0.0 elt    0 [0mimu  -1.7 Dt  614 LtCy  307 integ.govd   -0.00   -0.06 integ.vbp -0.00 -0.00 omni.gos X     +0.0 ,Y     +0.0. omgD +0.000 omg  +0.00 loop   4922
[0mBatt=23.4 [0m[33mODOM [31mVisionX  +0.00 Y  +0.00 theta   +0.0 elt    0 [0mimu  -1.7 Dt  630 LtCy  315 integ.govd   -0.00   -0.06 integ.vbp -0.00 -0.00 omni.gos X     -0.0 ,Y     -0.1. omgD -0.008 omg  +0.00 loop   4892
[0mBatt=23.4 [0m[33mODOM [31mVisionX  +0.00 Y  +0.00 theta   +0.0 elt    0 [0mimu  -1.7 Dt  646 LtCy  323 integ.govd   -0.00   -0.06 integ.vbp -0.00 -0.00 omni.gos X     +0.0 ,Y     -0.1. omgD -0.004 omg  +0.00 loop   4904
[0mBatt=23.4 [0m[33mODOM [31mVisionX  +0.00 Y  +0.00 theta   +0.0 elt    0 [0mimu  -1.7 Dt  662 LtCy  331 integ.govd   -0.00   -0.06 integ.vbp -0.00 -0.00 omni.gos X     -0.0 ,Y     -0.1. omgD -0.008 omg  +0.00 loop   4919
[0mBatt=23.4 [0m[33mODOM [31mVisionX  +0.00 Y  +0.00 theta   +0.0 elt    0 [0mimu  -1.7 Dt  678 LtCy  339 integ.govd   -0.00   -0.06 integ.vbp -0.00 -0.00 omni.gos X     -0.0 ,Y     -0.1. omgD -0.004 omg  +0.00 loop   4856
[0mBatt=23.4 [0m[33mODOM [31mVisionX  +0.00 Y  +0.00 theta   +0.0 elt    0 [0mimu  -1.7 Dt  694 LtCy  347 integ.govd   -0.00   -0.07 integ.vbp -0.00 -0.00 omni.gos X     +0.0 ,Y     -0.1. omgD -0.004 omg  +0.00 loop   4893
[0mBatt=23.4 [0m[33mODOM [31mVisionX  +0.00 Y  +0.00 theta   +0.0 elt    0 [0mimu  -1.7 Dt  710 LtCy  355 integ.govd   -0.00   -0.07 integ.vbp -0.00 -0.00 omni.gos X     -0.0 ,Y     -0.2. omgD -0.013 omg  +0.00 loop   4890
[0mBatt=23.4 [0m[33mODOM [31mVisionX  +0.00 Y  +0.00 theta   +0.0 elt    0 [0mimu  -1.7 Dt  726 LtCy  363 integ.govd   -0.00   -0.07 integ.vbp -0.00 -0.00 omni.gos X     +0.0 ,Y     -0.1. omgD -0.004 omg  +0.00 loop   4872
[0mBatt=23.4 [0m[33mODOM [31mVisionX  +0.00 Y  +0.00 theta   +0.0 elt    0 [0mimu  -1.7 Dt  742 LtCy  371 integ.govd   -0.00   -0.07 integ.vbp -0.00 -0.00 omni.gos X     +0.0 ,Y     +0.0. omgD +0.000 omg  +0.00 loop   4865
[0mBatt=23.4 [0m[33mODOM [31mVisionX  +0.00 Y  +0.00 theta   +0.0 elt    0 [0mimu  -1.7 Dt  758 LtCy  379 integ.govd   -0.00   -0.07 integ.vbp -0.00 -0.00 omni.gos X     +0.0 ,Y     -0.1. omgD -0.004 omg  +0.00 loop   4884
[0mBatt=23.4 [0m[33mODOM [31mVisionX  +0.00 Y  +0.00 theta   +0.0 elt    0 [0mimu  -1.7 Dt  774 LtCy  387 integ.govd   -0.00   -0.07 integ.vbp -0.00 -0.00 omni.gos X     +0.0 ,Y     -0.1. omgD -0.004 omg  +0.00 loop   4871
[0mBatt=23.4 [0m[33mODOM [31mVisionX  +0.00 Y  +0.00 theta   +0.0 elt    0 [0mimu  -1.7 Dt  790 LtCy  395 integ.govd   -0.00   -0.07 integ.vbp -0.00 -0.00 omni.gos X     +0.0 ,Y     -0.1. omgD -0.004 omg  +0.00 loop   4840
[0mBatt=23.4 [0m[33mODOM [31mVisionX  +0.00 Y  +0.00 theta   +0.0 elt    0 [0mimu  -1.7 Dt  806 LtCy  403 integ.govd   -0.00   -0.08 integ.vbp -0.00 -0.00 omni.gos X     -0.0 ,Y     -0.1. omgD -0.008 omg  +0.00 loop   4869
[0mBatt=23.4 [0m[33mODOM [31mVisionX  +0.00 Y  +0.00 theta   +0.0 elt    0 [0mimu  -1.7 Dt  822 LtCy  411 integ.govd   -0.00   -0.08 integ.vbp -0.00 -0.00 omni.gos X     +0.0 ,Y     +0.0. omgD +0.000 omg  +0.00 loop   4844
[0mBatt=23.4 [0m[33mODOM [31mVisionX  +0.00 Y  +0.00 theta   +0.0 elt    0 [0mimu  -1.7 Dt  838 LtCy  419 integ.govd   -0.00   -0.08 integ.vbp -0.00 -0.00 omni.gos X     -0.0 ,Y     -0.1. omgD -0.008 omg  +0.00 loop   4824
[0mBatt=23.4 [0m[33mODOM [31mVisionX  +0.00 Y  +0.00 theta   +0.0 elt    0 [0mimu  -1.7 Dt  854 LtCy  427 integ.govd   -0.00   -0.08 integ.vbp -0.00 -0.00 omni.gos X     -0.0 ,Y     -0.1. omgD -0.008 omg  +0.00 loop   4838
[0mBatt=23.4 [0m[33mODOM [31mVisionX  +0.00 Y  +0.00 theta   +0.0 elt    0 [0mimu  -1.7 Dt  870 LtCy  435 integ.govd   -0.00   -0.08 integ.vbp -0.00 -0.00 omni.gos X     +0.0 ,Y     +0.0. omgD +0.000 omg  +0.00 loop   4838
[0mBatt=23.4 [0m[33mODOM [31mVisionX  +0.00 Y  +0.00 theta   +0.0 elt    0 [0mimu  -1.7 Dt  886 LtCy  443 integ.govd   -0.00   -0.08 integ.vbp -0.00 -0.00 omni.gos X     -0.0 ,Y     -0.2. omgD -0.013 omg  +0.00 loop   4820
[0mBatt=23.4 [0m[33mODOM [31mVisionX  +0.00 Y  +0.00 theta   +0.0 elt    0 [0mimu  -1.7 Dt  902 LtCy  451 integ.govd   -0.00   -0.08 integ.vbp -0.00 -0.00 omni.gos X     -0.0 ,Y     -0.2. omgD -0.013 omg  +0.00 loop   4817
[0mBatt=23.4 [0m[33mODOM [31mVisionX  +0.00 Y  +0.00 theta   +0.0 elt    0 [0mimu  -1.7 Dt  918 LtCy  459 integ.govd   -0.00   -0.09 integ.vbp -0.00 -0.00 omni.gos X     -0.0 ,Y     -0.1. omgD -0.008 omg  +0.00 loop   4824
[0mBatt=23.4 [0m[33mODOM [31mVisionX  +0.00 Y  +0.00 theta   +0.0 elt    0 [0mimu  -1.7 Dt  934 LtCy  467 integ.govd   -0.00   -0.09 integ.vbp -0.00 -0.00 omni.gos X     +0.0 ,Y     -0.1. omgD -0.004 omg  +0.00 loop   4795
[0mBatt=23.4 [0m[33mODOM [31mVisionX  +0.00 Y  +0.00 theta   +0.0 elt    0 [0mimu  -1.7 Dt  950 LtCy  475 integ.govd   -0.00   -0.09 integ.vbp -0.00 -0.00 omni.gos X     -0.0 ,Y     -0.1. omgD -0.008 omg  +0.00 loop   4804
[0mBatt=23.4 [0m[33mODOM [31mVisionX  +0.00 Y  +0.00 theta   +0.0 elt    0 [0mimu  -1.7 Dt  966 LtCy  483 integ.govd   -0.00   -0.09 integ.vbp -0.00 -0.00 omni.gos X     +0.0 ,Y     +0.0. omgD +0.000 omg  +0.00 loop   4803
[0mBatt=23.4 [0m[33mODOM [31mVisionX  +0.00 Y  +0.00 theta   +0.0 elt    0 [0mimu  -1.7 Dt  982 LtCy  491 integ.govd   -0.00   -0.09 integ.vbp -0.00 -0.00 omni.gos X     +0.0 ,Y     -0.2. omgD -0.013 omg  +0.00 loop   4816
[0mBatt=23.4 [0m[33mODOM [31mVisionX  +0.00 Y  +0.00 theta   +0.0 elt    0 [0mimu  -1.7 Dt  998 LtCy  499 integ.govd   -0.00   -0.09 integ.vbp -0.00 -0.00 omni.gos X     +0.0 ,Y     +0.0. omgD +0.000 omg  +0.00 loop   4775
[0mBatt=23.4 [0m[33mODOM [31mVisionX  +0.00 Y  +0.00 theta   +0.0 elt    0 [0mimu  -1.7 Dt 1014 LtCy  507 integ.govd   -0.00   -0.09 integ.vbp -0.00 -0.00 omni.gos X     +0.0 ,Y     -0.2. omgD -0.013 omg  +0.00 loop   4805
[0mBatt=23.4 [0m[33mODOM [31mVisionX  +0.00 Y  +0.00 theta   +0.0 elt    0 [0mimu  -1.7 Dt 1030 LtCy  515 integ.govd   -0.00   -0.10 integ.vbp -0.00 -0.00 omni.gos X     -0.0 ,Y     -0.2. omgD -0.013 omg  +0.00 loop   4802
[0mBatt=23.4 [0m[33mODOM [31mVisionX  +0.00 Y  +0.00 theta   +0.0 elt    0 [0mimu  -1.7 Dt 1046 LtCy  523 integ.govd   -0.00   -0.10 integ.vbp -0.00 -0.00 omni.gos X     +0.0 ,Y     -0.1. omgD -0.004 omg  +0.00 loop   4743
[0mBatt=23.4 [0m[33mODOM [31mVisionX  +0.00 Y  +0.00 theta   +0.0 elt    0 [0mimu  -1.7 Dt 1062 LtCy  531 integ.govd   -0.00   -0.10 integ.vbp -0.00 -0.00 omni.gos X     +0.0 ,Y     -0.1. omgD -0.004 omg  +0.00 loop   4789
[0mBatt=23.4 [0m[33mODOM [31mVisionX  +0.00 Y  +0.00 theta   +0.0 elt    0 [0mimu  -1.7 Dt 1078 LtCy  539 integ.govd   -0.00   -0.10 integ.vbp -0.00 -0.00 omni.gos X     +0.0 ,Y     -0.1. omgD -0.004 omg  +0.00 loop   4771
[0mBatt=23.4 [0m[33mODOM [31mVisionX  +0.00 Y  +0.00 theta   +0.0 elt    0 [0mimu  -1.7 Dt 1094 LtCy  547 integ.govd   -0.00   -0.10 integ.vbp -0.00 -0.00 omni.gos X     -0.0 ,Y     -0.1. omgD -0.004 omg  +0.00 loop   4755
[0mBatt=23.4 [0m[33mODOM [31mVisionX  +0.00 Y  +0.00 theta   +0.0 elt    0 [0mimu  -1.7 Dt 1102 LtCy  551 integ.govd   -0.00   -0.10 integ.vbp -0.00 -0.00 omni.gos X     -0.0 ,Y     -0.2. omgD -0.015 omg  +0.00 loop   2260
[0mBatt=23.4 [0m[33mODOM [31mVisionX  +0.00 Y  +0.00 theta   +0.0 elt    0 [0mimu  -1.7 Dt 1118 LtCy  559 integ.govd   -0.00   -0.10 integ.vbp -0.00 -0.00 omni.gos X     -0.0 ,Y     -0.1. omgD -0.004 omg  +0.00 loop   4754
[0mBatt=23.4 [0m[33mODOM [31mVisionX  +0.00 Y  +0.00 theta   +0.0 elt    0 [0mimu  -1.7 Dt 1134 LtCy  567 integ.govd   -0.00   -0.11 integ.vbp -0.00 -0.00 omni.gos X     +0.0 ,Y     -0.1. omgD -0.011 omg  +0.00 loop   4756
[0mBatt=23.4 [0m[33mODOM [31mVisionX  +0.00 Y  +0.00 theta   +0.0 elt    0 [0mimu  -1.7 Dt 1150 LtCy  575 integ.govd   -0.00   -0.11 integ.vbp -0.00 -0.00 omni.gos X     -0.0 ,Y     -0.1. omgD -0.008 omg  +0.00 loop   4722
[0mBatt=23.4 [0m[33mODOM [31mVisionX  +0.00 Y  +0.00 theta   +0.0 elt    0 [0mimu  -1.7 Dt 1166 LtCy  583 integ.govd   -0.00   -0.11 integ.vbp -0.00 -0.00 omni.gos X     +0.0 ,Y     -0.1. omgD -0.011 omg  +0.00 loop   4737
[0mBatt=23.4 [0m[33mODOM [31mVisionX  +0.00 Y  +0.00 theta   +0.0 elt    0 [0mimu  -1.7 Dt 1182 LtCy  591 integ.govd   -0.00   -0.11 integ.vbp -0.00 -0.00 omni.gos X     +0.0 ,Y     -0.1. omgD -0.006 omg  +0.00 loop   4750
[0mBatt=23.4 [0m[33mODOM [31mVisionX  +0.00 Y  +0.00 theta   +0.0 elt    0 [0mimu  -1.7 Dt 1198 LtCy  599 integ.govd   -0.00   -0.11 integ.vbp -0.00 -0.00 omni.gos X     -0.0 ,Y     -0.1. omgD -0.004 omg  +0.00 loop   4709
[0mBatt=23.4 [0m[33mODOM [31mVisionX  +0.00 Y  +0.00 theta   +0.0 elt    0 [0mimu  -1.7 Dt 1214 LtCy  607 integ.govd   -0.00   -0.11 integ.vbp -0.00 -0.00 omni.gos X     +0.0 ,Y     -0.1. omgD -0.011 omg  +0.00 loop   4727
[0mBatt=23.4 [0m[33mODOM [31mVisionX  +0.00 Y  +0.00 theta   +0.0 elt    0 [0mimu  -1.7 Dt 1230 LtCy  615 integ.govd   -0.00   -0.12 integ.vbp -0.00 -0.00 omni.gos X     +0.0 ,Y     -0.1. omgD -0.004 omg  +0.00 loop   4720
[0mBatt=23.4 [0m[33mODOM [31mVisionX  +0.00 Y  +0.00 theta   +0.0 elt    0 [0mimu  -1.7 Dt 1246 LtCy  623 integ.govd   -0.00   -0.12 integ.vbp -0.00 -0.00 omni.gos X     -0.0 ,Y     -0.1. omgD -0.008 omg  +0.00 loop   4726
[0mBatt=23.4 [0m[33mODOM [31mVisionX  +0.00 Y  +0.00 theta   +0.0 elt    0 [0mimu  -1.7 Dt 1262 LtCy  631 integ.govd   -0.00   -0.12 integ.vbp -0.00 -0.00 omni.gos X     +0.0 ,Y     -0.1. omgD -0.011 omg  +0.00 loop   4695
[0mBatt=23.4 [0m[33mODOM [31mVisionX  +0.00 Y  +0.00 theta   +0.0 elt    0 [0mimu  -1.7 Dt 1278 LtCy  639 integ.govd   -0.00   -0.12 integ.vbp -0.00 -0.00 omni.gos X     -0.0 ,Y     -0.1. omgD -0.008 omg  +0.00 loop   4711
[0mBatt=23.4 [0m[33mODOM [31mVisionX  +0.00 Y  +0.00 theta   +0.0 elt    0 [0mimu  -1.7 Dt 1294 LtCy  647 integ.govd   -0.00   -0.12 integ.vbp -0.00 -0.00 omni.gos X     +0.0 ,Y     -0.1. omgD -0.006 omg  +0.00 loop   4712
[0mBatt=23.4 [0m[33mODOM [31mVisionX  +0.00 Y  +0.00 theta   +0.0 elt    0 [0mimu  -1.7 Dt 1310 LtCy  655 integ.govd   -0.00   -0.12 integ.vbp -0.00 -0.00 omni.gos X     -0.0 ,Y     -0.1. omgD -0.008 omg  +0.00 loop   4665
[0mBatt=23.4 [0m[33mODOM [31mVisionX  +0.00 Y  +0.00 theta   +0.0 elt    0 [0mimu  -1.7 Dt 1326 LtCy  663 integ.govd   -0.00   -0.13 integ.vbp -0.00 -0.00 omni.gos X     -0.0 ,Y     -0.1. omgD -0.008 omg  +0.00 loop   4705
[0mBatt=23.4 [0m[33mODOM [31mVisionX  +0.00 Y  +0.00 theta   +0.0 elt    0 [0mimu  -1.7 Dt 1342 LtCy  671 integ.govd   -0.00   -0.13 integ.vbp -0.00 -0.00 omni.gos X     +0.0 ,Y     -0.1. omgD -0.008 omg  +0.00 loop   4684
[0mBatt=23.4 [0m[33mODOM [31mVisionX  +0.00 Y  +0.00 theta   +0.0 elt    0 [0mimu  -1.7 Dt 1358 LtCy  679 integ.govd   -0.00   -0.13 integ.vbp -0.00 -0.00 omni.gos X     -0.0 ,Y     -0.1. omgD -0.008 omg  +0.00 loop   4671
[0mBatt=23.4 [0m[33mODOM [31mVisionX  +0.00 Y  +0.00 theta   +0.0 elt    0 [0mimu  -1.7 Dt 1374 LtCy  687 integ.govd   -0.00   -0.13 integ.vbp -0.00 -0.00 omni.gos X     +0.0 ,Y     -0.1. omgD -0.006 omg  +0.00 loop   4664
[0mBatt=23.4 [0m[33mODOM [31mVisionX  +0.00 Y  +0.00 theta   +0.0 elt    0 [0mimu  -1.7 Dt 1390 LtCy  695 integ.govd   -0.00   -0.13 integ.vbp -0.00 -0.00 omni.gos X     +0.0 ,Y     -0.1. omgD -0.006 omg  +0.00 loop   4682
[0mBatt=23.4 [0m[33mODOM [31mVisionX  +0.00 Y  +0.00 theta   +0.0 elt    0 [0mimu  -1.7 Dt 1406 LtCy  703 integ.govd   -0.00   -0.14 integ.vbp -0.00 -0.00 omni.gos X     +0.0 ,Y     -0.1. omgD -0.006 omg  +0.00 loop   4669
[0mBatt=23.4 [0m[33mODOM [31mVisionX  +0.00 Y  +0.00 theta   +0.0 elt    0 [0mimu  -1.7 Dt 1422 LtCy  711 integ.govd   -0.00   -0.14 integ.vbp -0.00 -0.00 omni.gos X     +0.0 ,Y     -0.1. omgD -0.008 omg  +0.00 loop   4650
[0mBatt=23.4 [0m[33mODOM [31mVisionX  +0.00 Y  +0.00 theta   +0.0 elt    0 [0mimu  -1.7 Dt 1438 LtCy  719 integ.govd   -0.00   -0.14 integ.vbp -0.00 -0.00 omni.gos X     +0.0 ,Y     -0.1. omgD -0.004 omg  +0.00 loop   4675
[0mBatt=23.4 [0m[33mODOM [31mVisionX  +0.00 Y  +0.00 theta   +0.0 elt    0 [0mimu  -1.7 Dt 1454 LtCy  727 integ.govd   -0.00   -0.14 integ.vbp -0.00 -0.00 omni.gos X     +0.0 ,Y     -0.1. omgD -0.004 omg  +0.00 loop   4652
[0mBatt=23.4 [0m[33mODOM [31mVisionX  +0.00 Y  +0.00 theta   +0.0 elt    0 [0mimu  -1.7 Dt 1470 LtCy  735 integ.govd   -0.00   -0.14 integ.vbp -0.00 -0.00 omni.gos X     +0.0 ,Y     -0.1. omgD -0.008 omg  +0.00 loop   4635
[0mBatt=23.4 [0m[33mODOM [31mVisionX  +0.00 Y  +0.00 theta   +0.0 elt    0 [0mimu  -1.7 Dt 1486 LtCy  743 integ.govd   -0.00   -0.14 integ.vbp -0.00 -0.00 omni.gos X     -0.0 ,Y     -0.2. omgD -0.017 omg  +0.00 loop   4651
[0mBatt=23.4 [0m[33mODOM [31mVisionX  +0.00 Y  +0.00 theta   +0.0 elt    0 [0mimu  -1.7 Dt 1502 LtCy  751 integ.govd   -0.00   -0.15 integ.vbp -0.00 -0.00 omni.gos X     +0.0 ,Y     -0.1. omgD -0.004 omg  +0.00 loop   4644
[0mBatt=23.4 [0m[33mODOM [31mVisionX  +0.00 Y  +0.00 theta   +0.0 elt    0 [0mimu  -1.7 Dt 1518 LtCy  759 integ.govd   -0.00   -0.15 integ.vbp -0.00 -0.00 omni.gos X     -0.0 ,Y     -0.1. omgD -0.008 omg  +0.00 loop   4592
[0mBatt=23.4 [0m[33mODOM [31mVisionX  +0.00 Y  +0.00 theta   +0.0 elt    0 [0mimu  -1.7 Dt 1534 LtCy  767 integ.govd   -0.00   -0.15 integ.vbp -0.00 -0.00 omni.gos X     -0.0 ,Y     -0.2. omgD -0.017 omg  +0.00 loop   4631
[0mBatt=23.4 [0m[33mODOM [31mVisionX  +0.00 Y  +0.00 theta   +0.0 elt    0 [0mimu  -1.7 Dt 1550 LtCy  775 integ.govd   -0.00   -0.15 integ.vbp -0.00 -0.00 omni.gos X     +0.0 ,Y     -0.1. omgD -0.004 omg  +0.00 loop   4629
[0mBatt=23.4 [0m[33mODOM [31mVisionX  +0.00 Y  +0.00 theta   +0.0 elt    0 [0mimu  -1.7 Dt 1566 LtCy  783 integ.govd   -0.00   -0.15 integ.vbp -0.00 -0.00 omni.gos X     +0.0 ,Y     -0.1. omgD -0.004 omg  +0.00 loop   4603
[0mBatt=23.4 [0m[33mODOM [31mVisionX  +0.00 Y  +0.00 theta   +0.0 elt    0 [0mimu  -1.7 Dt 1582 LtCy  791 integ.govd   -0.00   -0.15 integ.vbp -0.00 -0.00 omni.gos X     -0.0 ,Y     -0.2. omgD -0.013 omg  +0.00 loop   4622
[0mBatt=23.4 [0m[33mODOM [31mVisionX  +0.00 Y  +0.00 theta   +0.0 elt    0 [0mimu  -1.7 Dt 1598 LtCy  799 integ.govd   -0.00   -0.16 integ.vbp -0.00 -0.00 omni.gos X     +0.0 ,Y     -0.1. omgD -0.004 omg  +0.00 loop   4603
[0mBatt=23.4 [0m[33mODOM [31mVisionX  +0.00 Y  +0.00 theta   +0.0 elt    0 [0mimu  -1.7 Dt 1614 LtCy  807 integ.govd   -0.00   -0.16 integ.vbp -0.00 -0.00 omni.gos X     +0.0 ,Y     -0.2. omgD -0.013 omg  +0.00 loop   4601
[0mBatt=23.4 [0m[33mODOM [31mVisionX  +0.00 Y  +0.00 theta   +0.0 elt    0 [0mimu  -1.7 Dt 1630 LtCy  815 integ.govd   -0.00   -0.16 integ.vbp -0.00 -0.00 omni.gos X     +0.0 ,Y     -0.1. omgD -0.008 omg  +0.00 loop   4588
[0mBatt=23.4 [0m[33mODOM [31mVisionX  +0.00 Y  +0.00 theta   +0.0 elt    0 [0mimu  -1.7 Dt 1646 LtCy  823 integ.govd   -0.00   -0.16 integ.vbp -0.00 -0.00 omni.gos X     +0.0 ,Y     -0.2. omgD -0.013 omg  +0.00 loop   4606
[0mBatt=23.4 [0m[33mODOM [31mVisionX  +0.00 Y  +0.00 theta   +0.0 elt    0 [0mimu  -1.7 Dt 1662 LtCy  831 integ.govd   -0.00   -0.16 integ.vbp -0.00 -0.00 omni.gos X     +0.0 ,Y     -0.1. omgD -0.008 omg  +0.00 loop   4598
[0mBatt=23.4 [0m[33mODOM [31mVisionX  +0.00 Y  +0.00 theta   +0.0 elt    0 [0mimu  -1.7 Dt 1678 LtCy  839 integ.govd   -0.00   -0.17 integ.vbp -0.00 -0.00 omni.gos X     -0.0 ,Y     -0.2. omgD -0.013 omg  +0.00 loop   4560
[0mBatt=23.4 [0m[33mODOM [31mVisionX  +0.00 Y  +0.00 theta   +0.0 elt    0 [0mimu  -1.7 Dt 1694 LtCy  847 integ.govd   -0.00   -0.17 integ.vbp -0.00 -0.00 omni.gos X     -0.0 ,Y     -0.1. omgD -0.004 omg  +0.00 loop   4591
[0mBatt=23.4 [0m[33mODOM [31mVisionX  +0.00 Y  +0.00 theta   +0.0 elt    0 [0mimu  -1.7 Dt 1710 LtCy  855 integ.govd   -0.00   -0.17 integ.vbp -0.00 -0.00 omni.gos X     -0.0 ,Y     -0.1. omgD -0.008 omg  +0.00 loop   4574
[0mBatt=23.4 [0m[33mODOM [31mVisionX  +0.00 Y  +0.00 theta   +0.0 elt    0 [0mimu  -1.7 Dt 1726 LtCy  863 integ.govd   -0.00   -0.17 integ.vbp -0.00 -0.00 omni.gos X     +0.0 ,Y     -0.1. omgD -0.004 omg  +0.00 loop   4550
[0mBatt=23.4 [0m[33mODOM [31mVisionX  +0.00 Y  +0.00 theta   +0.0 elt    0 [0mimu  -1.7 Dt 1742 LtCy  871 integ.govd   -0.01   -0.17 integ.vbp -0.00 -0.00 omni.gos X     -0.0 ,Y     -0.1. omgD -0.004 omg  +0.00 loop   4565
[0mBatt=23.4 [0m[33mODOM [31mVisionX  +0.00 Y  +0.00 theta   +0.0 elt    0 [0mimu  -1.7 Dt 1758 LtCy  879 integ.govd   -0.01   -0.17 integ.vbp -0.00 -0.00 omni.gos X     +0.0 ,Y     -0.1. omgD -0.004 omg  +0.00 loop   4558
[0mBatt=23.4 [0m[33mODOM [31mVisionX  +0.00 Y  +0.00 theta   +0.0 elt    0 [0mimu  -1.7 Dt 1774 LtCy  887 integ.govd   -0.01   -0.18 integ.vbp -0.00 -0.00 omni.gos X     +0.0 ,Y     -0.1. omgD -0.004 omg  +0.00 loop   4553
[0mBatt=23.4 [0m[33mODOM [31mVisionX  +0.00 Y  +0.00 theta   +0.0 elt    0 [0mimu  -1.7 Dt 1790 LtCy  895 integ.govd   -0.01   -0.18 integ.vbp -0.00 -0.00 omni.gos X     +0.0 ,Y     +0.0. omgD +0.000 omg  +0.00 loop   4540
[0mBatt=23.4 [0m[33mODOM [31mVisionX  +0.00 Y  +0.00 theta   +0.0 elt    0 [0mimu  -1.7 Dt 1806 LtCy  903 integ.govd   -0.01   -0.18 integ.vbp -0.00 -0.00 omni.gos X     +0.0 ,Y     +0.0. omgD +0.000 omg  +0.00 loop   4579
[0mBatt=23.4 [0m[33mODOM [31mVisionX  +0.00 Y  +0.00 theta   +0.0 elt    0 [0mimu  -1.7 Dt 1822 LtCy  911 integ.govd   -0.01   -0.18 integ.vbp -0.00 -0.00 omni.gos X     +0.0 ,Y     -0.1. omgD -0.004 omg  +0.00 loop   4541
[0mBatt=23.4 [0m[33mODOM [31mVisionX  +0.00 Y  +0.00 theta   +0.0 elt    0 [0mimu  -1.7 Dt 1838 LtCy  919 integ.govd   -0.01   -0.18 integ.vbp -0.00 -0.00 omni.gos X     +0.0 ,Y     +0.0. omgD +0.000 omg  +0.00 loop   4525
[0mBatt=23.4 [0m[33mODOM [31mVisionX  +0.00 Y  +0.00 theta   +0.0 elt    0 [0mimu  -1.7 Dt 1854 LtCy  927 integ.govd   -0.01   -0.18 integ.vbp -0.00 -0.00 omni.gos X     +0.0 ,Y     -0.1. omgD -0.004 omg  +0.00 loop   4551
[0mBatt=23.4 [0m[33mODOM [31mVisionX  +0.00 Y  +0.00 theta   +0.0 elt    0 [0mimu  -1.7 Dt 1870 LtCy  935 integ.govd   -0.01   -0.18 integ.vbp -0.00 -0.00 omni.gos X     +0.0 ,Y     -0.1. omgD -0.004 omg  +0.00 loop   4531
[0mBatt=23.4 [0m[33mODOM [31mVisionX  +0.00 Y  +0.00 theta   +0.0 elt    0 [0mimu  -1.7 Dt 1886 LtCy  943 integ.govd   -0.01   -0.18 integ.vbp -0.00 -0.00 omni.gos X     +0.0 ,Y     -0.1. omgD -0.004 omg  +0.00 loop   4501
[0mBatt=23.4 [0m[33mODOM [31mVisionX  +0.00 Y  +0.00 theta   +0.0 elt    0 [0mimu  -1.7 Dt 1902 LtCy  951 integ.govd   -0.01   -0.18 integ.vbp -0.00 -0.00 omni.gos X     +0.0 ,Y     -0.1. omgD -0.008 omg  +0.00 loop   4522
[0mBatt=23.4 [0m[33mODOM [31mVisionX  +0.00 Y  +0.00 theta   +0.0 elt    0 [0mimu  -1.7 Dt 1918 LtCy  959 integ.govd   -0.01   -0.19 integ.vbp -0.00 -0.00 omni.gos X     +0.0 ,Y     +0.1. omgD +0.004 omg  +0.00 loop   4522
[0mBatt=23.4 [0m[33mODOM [31mVisionX  +0.00 Y  +0.00 theta   +0.0 elt    0 [0mimu  -1.7 Dt 1934 LtCy  967 integ.govd   -0.01   -0.19 integ.vbp -0.00 -0.00 omni.gos X     +0.0 ,Y     -0.1. omgD -0.004 omg  +0.00 loop   4490
[0mBatt=23.4 [0m[33mODOM [31mVisionX  +0.00 Y  +0.00 theta   +0.0 elt    0 [0mimu  -1.7 Dt 1950 LtCy  975 integ.govd   -0.01   -0.19 integ.vbp -0.00 -0.00 omni.gos X     +0.0 ,Y     -0.2. omgD -0.013 omg  +0.00 loop   4512
[0mBatt=23.4 [0m[33mODOM [31mVisionX  +0.00 Y  +0.00 theta   +0.0 elt    0 [0mimu  -1.7 Dt 1966 LtCy  983 integ.govd   -0.01   -0.19 integ.vbp -0.00 -0.00 omni.gos X     +0.0 ,Y     +0.0. omgD +0.000 omg  +0.00 loop   4507
[0mBatt=23.4 [0m[33mODOM [31mVisionX  +0.00 Y  +0.00 theta   +0.0 elt    0 [0mimu  -1.7 Dt 1982 LtCy  991 integ.govd   -0.01   -0.19 integ.vbp -0.00 -0.00 omni.gos X     +0.0 ,Y     -0.1. omgD -0.008 omg  +0.00 loop   4489
[0mBatt=23.4 [0m[33mODOM [31mVisionX  +0.00 Y  +0.00 theta   +0.0 elt    0 [0mimu  -1.7 Dt 1998 LtCy  999 integ.govd   -0.01   -0.19 integ.vbp -0.00 -0.00 omni.gos X     +0.0 ,Y     +0.1. omgD +0.004 omg  +0.00 loop   4482
[0mBatt=23.4 [0m[33mODOM [31mVisionX  +0.00 Y  +0.00 theta   +0.0 elt    0 [0mimu  -1.7 Dt 2014 LtCy 1007 integ.govd   +0.00   +0.00 integ.vbp +0.00 +0.00 omni.gos X     +0.0 ,Y     -0.1. omgD -0.008 omg  +0.00 loop   4955
[0mBatt=23.4 [0m[33mODOM [31mVisionX  +0.00 Y  +0.00 theta   +0.0 elt    0 [0mimu  -1.7 Dt 2030 LtCy 1015 integ.govd   +0.00   +0.00 integ.vbp +0.00 +0.00 omni.gos X     +0.0 ,Y     -0.1. omgD -0.004 omg  +0.00 loop   5143
[0mBatt=23.4 [0m[33mODOM [31mVisionX  +0.00 Y  +0.00 theta   +0.0 elt    0 [0mimu  -1.7 Dt 2046 LtCy 1023 integ.govd   +0.00   +0.00 integ.vbp +0.00 +0.00 omni.gos X     +0.0 ,Y     +0.0. omgD +0.000 omg  +0.00 loop   5116
[0mBatt=23.4 [0m[33mODOM [31mVisionX  +0.00 Y  +0.00 theta   +0.0 elt    0 [0mimu  -1.7 Dt 2062 LtCy 1031 integ.govd   +0.00   +0.00 integ.vbp +0.00 +0.00 omni.gos X     +0.0 ,Y     -0.1. omgD -0.008 omg  +0.00 loop   5153
[0mBatt=23.4 [0m[33mODOM [31mVisionX  +0.00 Y  +0.00 theta   +0.0 elt    0 [0mimu  -1.7 Dt 2078 LtCy 1039 integ.govd   +0.00   +0.00 integ.vbp +0.00 +0.00 omni.gos X     -0.0 ,Y     -0.1. omgD -0.004 omg  +0.00 loop   5147
[0mBatt=23.4 [0m[33mODOM [31mVisionX  +0.00 Y  +0.00 theta   +0.0 elt    0 [0mimu  -1.7 Dt 2094 LtCy 1047 integ.govd   +0.00   +0.00 integ.vbp +0.00 +0.00 omni.gos X     -0.0 ,Y     -0.2. omgD -0.013 omg  +0.00 loop   5111
[0mBatt=23.4 [0m[33mODOM [31mVisionX  +0.00 Y  +0.00 theta   +0.0 elt    0 [0mimu  -1.7 Dt 2102 LtCy 1051 integ.govd   +0.00   +0.00 integ.vbp +0.00 +0.00 omni.gos X     -0.0 ,Y     -0.1. omgD -0.008 omg  +0.00 loop   2474
[0mBatt=23.4 [0m[33mODOM [31mVisionX  +0.00 Y  +0.00 theta   +0.0 elt    0 [0mimu  -1.7 Dt 2118 LtCy 1059 integ.govd   +0.00   +0.00 integ.vbp +0.00 +0.00 omni.gos X     +0.0 ,Y     -0.1. omgD -0.008 omg  +0.00 loop   5131
[0mBatt=23.4 [0m[33mODOM [31mVisionX  +0.00 Y  +0.00 theta   +0.0 elt    0 [0mimu  -1.7 Dt 2134 LtCy 1067 integ.govd   +0.00   +0.00 integ.vbp +0.00 +0.00 omni.gos X     +0.0 ,Y     -0.1. omgD -0.004 omg  +0.00 loop   5145
[0mBatt=23.4 [0m[33mODOM [31mVisionX  +0.00 Y  +0.00 theta   +0.0 elt    0 [0mimu  -1.7 Dt 2150 LtCy 1075 integ.govd   +0.00   +0.00 integ.vbp +0.00 +0.00 omni.gos X     -0.0 ,Y     -0.1. omgD -0.008 omg  +0.00 loop   5115
[0mBatt=23.4 [0m[33mODOM [31mVisionX  +0.00 Y  +0.00 theta   +0.0 elt    0 [0mimu  -1.7 Dt 2166 LtCy 1083 integ.govd   +0.00   +0.00 integ.vbp +0.00 +0.00 omni.gos X     -0.0 ,Y     -0.1. omgD -0.008 omg  +0.00 loop   5139
[0mBatt=23.4 [0m[33mODOM [31mVisionX  +0.00 Y  +0.00 theta   +0.0 elt    0 [0mimu  -1.7 Dt 2182 LtCy 1091 integ.govd   +0.00   +0.00 integ.vbp +0.00 +0.00 omni.gos X     -0.0 ,Y     -0.1. omgD -0.004 omg  +0.00 loop   5145
[0mBatt=23.4 [0m[33mODOM [31mVisionX  +0.00 Y  +0.00 theta   +0.0 elt    0 [0mimu  -1.7 Dt 2198 LtCy 1099 integ.govd   +0.00   +0.00 integ.vbp +0.00 +0.00 omni.gos X     +0.0 ,Y     -0.1. omgD -0.008 omg  +0.00 loop   5110
[0mBatt=23.4 [0m[33mODOM [31mVisionX  +0.00 Y  +0.00 theta   +0.0 elt    0 [0mimu  -1.7 Dt 2214 LtCy 1107 integ.govd   +0.00   +0.00 integ.vbp +0.00 +0.00 omni.gos X     -0.0 ,Y     -0.1. omgD -0.008 omg  +0.00 loop   5150
[0mBatt=23.4 [0m[33mODOM [31mVisionX  +0.00 Y  +0.00 theta   +0.0 elt    0 [0mimu  -1.7 Dt 2230 LtCy 1115 integ.govd   +0.00   +0.00 integ.vbp +0.00 +0.00 omni.gos X     +0.0 ,Y     -0.1. omgD -0.004 omg  +0.00 loop   5136
[0mBatt=23.4 [0m[33mODOM [31mVisionX  +0.00 Y  +0.00 theta   +0.0 elt    0 [0mimu  -1.7 Dt 2246 LtCy 1123 integ.govd   +0.00   +0.00 integ.vbp +0.00 +0.00 omni.gos X     -0.0 ,Y     -0.1. omgD -0.004 omg  +0.00 loop   5140
[0mBatt=23.4 [0m[33mODOM [31mVisionX  +0.00 Y  +0.00 theta   +0.0 elt    0 [0mimu  -1.7 Dt 2262 LtCy 1131 integ.govd   +0.00   +0.00 integ.vbp +0.00 +0.00 omni.gos X     +0.0 ,Y     +0.0. omgD +0.000 omg  +0.00 loop   5125
[0mBatt=23.4 [0m[33mODOM [31mVisionX  +0.00 Y  +0.00 theta   +0.0 elt    0 [0mimu  -1.7 Dt 2278 LtCy 1139 integ.govd   +0.00   +0.00 integ.vbp +0.00 +0.00 omni.gos X     -0.0 ,Y     -0.1. omgD -0.008 omg  +0.00 loop   5153
[0mBatt=23.4 [0m[33mODOM [31mVisionX  +0.00 Y  +0.00 theta   +0.0 elt    0 [0mimu  -1.7 Dt 2294 LtCy 1147 integ.govd   +0.00   +0.00 integ.vbp +0.00 +0.00 omni.gos X     +0.0 ,Y     -0.2. omgD -0.013 omg  +0.00 loop   5139
[0mBatt=23.4 [0m[33mODOM [31mVisionX  +0.00 Y  +0.00 theta   +0.0 elt    0 [0mimu  -1.7 Dt 2310 LtCy 1155 integ.govd   +0.00   +0.00 integ.vbp +0.00 +0.00 omni.gos X     +0.0 ,Y     -0.1. omgD -0.008 omg  +0.00 loop   5123
[0mBatt=23.4 [0m[33mODOM [31mVisionX  +0.00 Y  +0.00 theta   +0.0 elt    0 [0mimu  -1.7 Dt 2326 LtCy 1163 integ.govd   +0.00   +0.00 integ.vbp +0.00 +0.00 omni.gos X     -0.0 ,Y     -0.2. omgD -0.013 omg  +0.00 loop   5156
[0mBatt=23.4 [0m[33mODOM [31mVisionX  +0.00 Y  +0.00 theta   +0.0 elt    0 [0mimu  -1.7 Dt 2342 LtCy 1171 integ.govd   +0.00   +0.00 integ.vbp +0.00 +0.00 omni.gos X     -0.0 ,Y     -0.1. omgD -0.008 omg  +0.00 loop   5139
[0mBatt=23.4 [0m[33mODOM [31mVisionX  +0.00 Y  +0.00 theta   +0.0 elt    0 [0mimu  -1.7 Dt 2358 LtCy 1179 integ.govd   +0.00   +0.00 integ.vbp +0.00 +0.00 omni.gos X     +0.0 ,Y     -0.2. omgD -0.013 omg  +0.00 loop   5115
[0mBatt=23.4 [0m[33mODOM [31mVisionX  +0.00 Y  +0.00 theta   +0.0 elt    0 [0mimu  -1.8 Dt 2374 LtCy 1187 integ.govd   +0.00   +0.00 integ.vbp +0.00 +0.00 omni.gos X     -0.0 ,Y     -0.2. omgD -0.013 omg  +0.00 loop   5152
[0mBatt=23.4 [0m[33mODOM [31mVisionX  +0.00 Y  +0.00 theta   +0.0 elt    0 [0mimu  -1.8 Dt 2390 LtCy 1195 integ.govd   +0.00   +0.00 integ.vbp +0.00 +0.00 omni.gos X     -0.0 ,Y     -0.1. omgD -0.008 omg  +0.00 loop   5143
[0mBatt=23.4 [0m[33mODOM [31mVisionX  +0.00 Y  +0.00 theta   +0.0 elt    0 [0mimu  -1.8 Dt 2406 LtCy 1203 integ.govd   +0.00   +0.00 integ.vbp +0.00 +0.00 omni.gos X     -0.0 ,Y     -0.1. omgD -0.008 omg  +0.00 loop   5122
[0mBatt=23.4 [0m[33mODOM [31mVisionX  +0.00 Y  +0.00 theta   +0.0 elt    0 [0mimu  -1.8 Dt 2422 LtCy 1211 integ.govd   +0.00   +0.00 integ.vbp +0.00 +0.00 omni.gos X     +0.0 ,Y     -0.1. omgD -0.008 omg  +0.00 loop   5134
[0mBatt=23.4 [0m[33mODOM [31mVisionX  +0.00 Y  +0.00 theta   +0.0 elt    0 [0mimu  -1.8 Dt 2438 LtCy 1219 integ.govd   +0.00   +0.00 integ.vbp +0.00 +0.00 omni.gos X     +0.0 ,Y     +0.0. omgD +0.000 omg  +0.00 loop   5149
[0mBatt=23.4 [0m[33mODOM [31mVisionX  +0.00 Y  +0.00 theta   +0.0 elt    0 [0mimu  -1.8 Dt 2454 LtCy 1227 integ.govd   +0.00   +0.00 integ.vbp +0.00 +0.00 omni.gos X     +0.0 ,Y     +0.0. omgD +0.000 omg  +0.00 loop   5141
[0mBatt=23.4 [0m[33mODOM [31mVisionX  +0.00 Y  +0.00 theta   +0.0 elt    0 [0mimu  -1.8 Dt 2470 LtCy 1235 integ.govd   +0.00   +0.00 integ.vbp +0.00 +0.00 omni.gos X     +0.0 ,Y     +0.0. omgD +0.000 omg  +0.00 loop   5141
[0mBatt=23.4 [0m[33mODOM [31mVisionX  +0.00 Y  +0.00 theta   +0.0 elt    0 [0mimu  -1.8 Dt 2486 LtCy 1243 integ.govd   +0.00   +0.00 integ.vbp +0.00 +0.00 omni.gos X     +0.0 ,Y     -0.1. omgD -0.004 omg  +0.00 loop   5152
[0mBatt=23.4 [0m[33mODOM [31mVisionX  +0.00 Y  +0.00 theta   +0.0 elt    0 [0mimu  -1.8 Dt 2502 LtCy 1251 integ.govd   +0.00   +0.00 integ.vbp +0.00 +0.00 omni.gos X     +0.0 ,Y     -0.2. omgD -0.013 omg  +0.00 loop   5145
[0mBatt=23.4 [0m[33mODOM [31mVisionX  +0.00 Y  +0.00 theta   +0.0 elt    0 [0mimu  -1.8 Dt 2518 LtCy 1259 integ.govd   +0.00   +0.00 integ.vbp +0.00 +0.00 omni.gos X     -0.0 ,Y     -0.2. omgD -0.013 omg  +0.00 loop   5113
[0mBatt=23.4 [0m[33mODOM [31mVisionX  +0.00 Y  +0.00 theta   +0.0 elt    0 [0mimu  -1.8 Dt 2534 LtCy 1267 integ.govd   +0.00   +0.00 integ.vbp +0.00 +0.00 omni.gos X     +0.0 ,Y     -0.1. omgD -0.006 omg  +0.00 loop   5135
[0mBatt=23.4 [0m[33mODOM [31mVisionX  +0.00 Y  +0.00 theta   +0.0 elt    0 [0mimu  -1.8 Dt 2550 LtCy 1275 integ.govd   +0.00   +0.00 integ.vbp +0.00 +0.00 omni.gos X     +0.0 ,Y     -0.0. omgD -0.002 omg  +0.00 loop   5151
[0mBatt=23.4 [0m[33mODOM [31mVisionX  +0.00 Y  +0.00 theta   +0.0 elt    0 [0mimu  -1.8 Dt 2566 LtCy 1283 integ.govd   +0.00   +0.00 integ.vbp +0.00 +0.00 omni.gos X     +0.0 ,Y     -0.1. omgD -0.006 omg  +0.00 loop   5116
[0mBatt=23.4 [0m[33mODOM [31mVisionX  +0.00 Y  +0.00 theta   +0.0 elt    0 [0mimu  -1.8 Dt 2582 LtCy 1291 integ.govd   +0.00   +0.00 integ.vbp +0.00 +0.00 omni.gos X     -0.0 ,Y     -0.1. omgD -0.008 omg  +0.00 loop   5148
[0mBatt=23.4 [0m[33mODOM [31mVisionX  +0.00 Y  +0.00 theta   +0.0 elt    0 [0mimu  -1.8 Dt 2598 LtCy 1299 integ.govd   +0.00   +0.00 integ.vbp +0.00 +0.00 omni.gos X     -0.0 ,Y     -0.1. omgD -0.008 omg  +0.00 loop   5135
[0mBatt=23.4 [0m[33mODOM [31mVisionX  +0.00 Y  +0.00 theta   +0.0 elt    0 [0mimu  -1.8 Dt 2614 LtCy 1307 integ.govd   +0.00   +0.00 integ.vbp +0.00 +0.00 omni.gos X     -0.0 ,Y     -0.1. omgD -0.011 omg  +0.00 loop   5117
[0mBatt=23.4 [0m[33mODOM [31mVisionX  +0.00 Y  +0.00 theta   +0.0 elt    0 [0mimu  -1.8 Dt 2630 LtCy 1315 integ.govd   +0.00   +0.00 integ.vbp +0.00 +0.00 omni.gos X     +0.0 ,Y     -0.1. omgD -0.004 omg  +0.00 loop   5124
[0mBatt=23.4 [0m[33mODOM [31mVisionX  +0.00 Y  +0.00 theta   +0.0 elt    0 [0mimu  -1.8 Dt 2646 LtCy 1323 integ.govd   +0.00   +0.00 integ.vbp +0.00 +0.00 omni.gos X     -0.0 ,Y     -0.1. omgD -0.006 omg  +0.00 loop   5143
[0mBatt=23.4 [0m[33mODOM [31mVisionX  +0.00 Y  +0.00 theta   +0.0 elt    0 [0mimu  -1.8 Dt 2662 LtCy 1331 integ.govd   +0.00   +0.00 integ.vbp +0.00 +0.00 omni.gos X     -0.0 ,Y     -0.1. omgD -0.008 omg  +0.00 loop   5130
[0mBatt=23.4 [0m[33mODOM [31mVisionX  +0.00 Y  +0.00 theta   +0.0 elt    0 [0mimu  -1.8 Dt 2678 LtCy 1339 integ.govd   +0.00   +0.00 integ.vbp +0.00 +0.00 omni.gos X     -0.0 ,Y     -0.1. omgD -0.011 omg  +0.00 loop   5114
[0mBatt=23.4 [0m[33mODOM [31mVisionX  +0.00 Y  +0.00 theta   +0.0 elt    0 [0mimu  -1.8 Dt 2694 LtCy 1347 integ.govd   +0.00   +0.00 integ.vbp +0.00 +0.00 omni.gos X     +0.0 ,Y     -0.1. omgD -0.006 omg  +0.00 loop   5142
[0mBatt=23.4 [0m[33mODOM [31mVisionX  +0.00 Y  +0.00 theta   +0.0 elt    0 [0mimu  -1.8 Dt 2710 LtCy 1355 integ.govd   +0.00   +0.00 integ.vbp +0.00 +0.00 omni.gos X     +0.0 ,Y     -0.1. omgD -0.006 omg  +0.00 loop   5142
[0mBatt=23.4 [0m[33mODOM [31mVisionX  +0.00 Y  +0.00 theta   +0.0 elt    0 [0mimu  -1.8 Dt 2726 LtCy 1363 integ.govd   +0.00   +0.00 integ.vbp +0.00 +0.00 omni.gos X     -0.0 ,Y     -0.1. omgD -0.008 omg  +0.00 loop   5122
[0mBatt=23.4 [0m[33mODOM [31mVisionX  +0.00 Y  +0.00 theta   +0.0 elt    0 [0mimu  -1.8 Dt 2742 LtCy 1371 integ.govd   +0.00   +0.00 integ.vbp +0.00 +0.00 omni.gos X     +0.0 ,Y     -0.1. omgD -0.004 omg  +0.00 loop   5136
