event,sequence,counter,valid_self,adopted,realtime_ns,kernel_ns,monotonic_ns,write_end_ns,written,socket_drop_total,trace_record_overflow
rx,1,1,1,1,1787953652154944588,1787953652154461847,5229239752660,0,0,0,0
tx,1,1,1,1,1787953652154949773,1787953652154461847,5229239757956,5229239805568,72,0,0
rx,2,2,1,1,1787953652156113958,1787953652155606477,5229240922031,0,0,0,0
tx,2,2,1,1,1787953652156117699,1787953652155606477,5229240925882,5229240939716,72,0,0
rx,3,3,1,1,1787953652157221977,1787953652156719477,5229242030049,0,0,0,0
tx,3,3,1,1,1787953652157225680,1787953652156719477,5229242033864,5229242046290,72,0,0
rx,4,4,1,1,1787953652158324254,1787953652157839606,5229243132327,0,0,0,0
tx,4,4,1,1,1787953652158327866,1787953652157839606,5229243136049,5229243147660,72,0,0
rx,5,5,1,1,1787953652159426440,1787953652158947199,5229244234512,0,0,0,0
tx,5,5,1,1,1787953652159430088,1787953652158947199,5229244238271,5229244250401,72,0,0
rx,6,6,1,1,1787953652160532254,1787953652160084125,5229245340327,0,0,0,0
tx,6,6,1,1,1787953652160536366,1787953652160084125,5229245344549,5229245358234,72,0,0
rx,7,7,1,1,1787953652161642736,1787953652161197032,5229246450808,0,0,0,0
tx,7,7,1,1,1787953652161649254,1787953652161197032,5229246457438,5229246470142,72,0,0
rx,8,8,1,1,1787953652257612180,1787953652256868403,5229342420253,0,0,0,0
tx,8,8,1,1,1787953652257616810,1787953652256868403,5229342425068,5229342446771,72,0,0
rx,9,9,1,1,1787953652258745495,1787953652257981551,5229343553549,0,0,0,0
tx,9,9,1,1,1787953652258751291,1787953652257981551,5229343559475,5229343572660,72,0,0
rx,10,10,1,1,1787953652259853995,1787953652259101458,5229344662068,0,0,0,0
tx,10,10,1,1,1787953652259857643,1787953652259101458,5229344665827,5229344678605,72,0,0
rx,11,11,1,1,1787953652260958736,1787953652260207606,5229345766808,0,0,0,0
tx,11,11,1,1,1787953652260962328,1787953652260207606,5229345770512,5229345782919,72,0,0
rx,12,12,1,1,1787953652262064643,1787953652261330551,5229346872697,0,0,0,0
tx,12,12,1,1,1787953652262068310,1787953652261330551,5229346876493,5229346889586,72,0,0
rx,13,13,1,1,1787953652263169310,1787953652262446625,5229347977382,0,0,0,0
tx,13,13,1,1,1787953652263172754,1787953652262446625,5229347980938,5229347992753,72,0,0
rx,14,14,1,1,1787953652264291402,1787953652263562402,5229349099456,0,0,0,0
tx,14,14,1,1,1787953652264294828,1787953652263562402,5229349103012,5229349114660,72,0,0
rx,15,15,1,1,1787953652360264495,1787953652359274717,5229445072567,0,0,0,0
tx,15,15,1,1,1787953652360269143,1787953652359274717,5229445077382,5229445098105,72,0,0
rx,16,16,1,1,1787953652361396569,1787953652360385051,5229446204642,0,0,0,0
tx,16,16,1,1,1787953652361400439,1787953652360385051,5229446208623,5229446221160,72,0,0
rx,17,17,1,1,1787953652362527365,1787953652361539643,5229447335438,0,0,0,0
tx,17,17,1,1,1787953652362533421,1787953652361539643,5229447341605,5229447355123,72,0,0
rx,18,18,1,1,1787953652363640143,1787953652362707810,5229448448216,0,0,0,0
tx,18,18,1,1,1787953652363643921,1787953652362707810,5229448452105,5229448464697,72,0,0
rx,19,19,1,1,1787953652364746365,1787953652363799125,5229449554438,0,0,0,0
tx,19,19,1,1,1787953652364750069,1787953652363799125,5229449558253,5229449570012,72,0,0
rx,20,20,1,1,1787953652365848643,1787953652364917791,5229450656716,0,0,0,0
tx,20,20,1,1,1787953652365852310,1787953652364917791,5229450660493,5229450672845,72,0,0
rx,21,21,1,1,1787953652366951088,1787953652366039402,5229451759160,0,0,0,0
tx,21,21,1,1,1787953652366954736,1787953652366039402,5229451762919,5229451774808,72,0,0
rx,22,22,1,1,1787953652462045217,1787953652461843310,5229546853290,0,0,0,0
tx,22,22,1,1,1787953652462049513,1787953652461843310,5229546857771,5229546878882,72,0,0
rx,23,23,1,1,1787953652463287828,1787953652462995588,5229548095845,0,0,0,0
tx,23,23,1,1,1787953652463296347,1787953652462995588,5229548104586,5229548136493,72,0,0
rx,24,24,1,1,1787953652464463532,1787953652464172291,5229549271530,0,0,0,0
tx,24,24,1,1,1787953652464471236,1787953652464172291,5229549279493,5229549305697,72,0,0
rx,25,25,1,1,1787953652465619773,1787953652465287125,5229550427771,0,0,0,0
tx,25,25,1,1,1787953652465627088,1787953652465287125,5229550435327,5229550459438,72,0,0
rx,26,26,1,1,1787953652466771958,1787953652466449884,5229551579956,0,0,0,0
tx,26,26,1,1,1787953652466779347,1787953652466449884,5229551587586,5229551612197,72,0,0
rx,27,27,1,1,1787953652467922254,1787953652467536588,5229552730271,0,0,0,0
tx,27,27,1,1,1787953652467934125,1787953652467536588,5229552742382,5229552766716,72,0,0
rx,28,28,1,1,1787953652469080865,1787953652468664791,5229553888845,0,0,0,0
tx,28,28,1,1,1787953652469088291,1787953652468664791,5229553896530,5229553920179,72,0,0
rx,29,29,1,1,1787953652564858291,1787953652564171643,5229649666290,0,0,0,0
tx,29,29,1,1,1787953652564867254,1787953652564171643,5229649675512,5229649712586,72,0,0
rx,30,30,1,1,1787953652566050643,1787953652565291699,5229650858660,0,0,0,0
tx,30,30,1,1,1787953652566058050,1787953652565291699,5229650866419,5229650891216,72,0,0
rx,31,31,1,1,1787953652567231643,1787953652566411810,5229652039660,0,0,0,0
tx,31,31,1,1,1787953652567239625,1787953652566411810,5229652047882,5229652072808,72,0,0
rx,32,32,1,1,1787953652568385939,1787953652567514606,5229653193938,0,0,0,0
tx,32,32,1,1,1787953652568393199,1787953652567514606,5229653201438,5229653225049,72,0,0
rx,33,33,1,1,1787953652569562273,1787953652568645217,5229654370253,0,0,0,0
tx,33,33,1,1,1787953652569569476,1787953652568645217,5229654377715,5229654401827,72,0,0
rx,34,34,1,1,1787953652570733402,1787953652569763273,5229655541401,0,0,0,0
tx,34,34,1,1,1787953652570740847,1787953652569763273,5229655549104,5229655573641,72,0,0
rx,35,35,1,1,1787953652571884754,1787953652570901106,5229656692660,0,0,0,0
tx,35,35,1,1,1787953652571896365,1787953652570901106,5229656704604,5229656729123,72,0,0
rx,36,36,1,1,1787953652666955532,1787953652666577124,5229751763438,0,0,0,0
tx,36,36,1,1,1787953652666963921,1787953652666577124,5229751772364,5229751810901,72,0,0
rx,37,37,1,1,1787953652668152402,1787953652667788939,5229752960419,0,0,0,0
tx,37,37,1,1,1787953652668159680,1787953652667788939,5229752967919,5229752994160,72,0,0
rx,38,38,1,1,1787953652769956643,1787953652769036161,5229854764623,0,0,0,0
tx,38,38,1,1,1787953652769965032,1787953652769036161,5229854773271,5229854809030,72,0,0
rx,39,39,1,1,1787953652771147717,1787953652770173198,5229855955734,0,0,0,0
tx,39,39,1,1,1787953652771155124,1787953652770173198,5229855963382,5229855987715,72,0,0
rx,40,40,1,1,1787953652772332180,1787953652771366198,5229857140178,0,0,0,0
tx,40,40,1,1,1787953652772339532,1787953652771366198,5229857147789,5229857172419,72,0,0
rx,41,41,1,1,1787953652773487643,1787953652772540402,5229858295641,0,0,0,0
tx,41,41,1,1,1787953652773499273,1787953652772540402,5229858307512,5229858333123,72,0,0
rx,42,42,1,1,1787953652774645476,1787953652773650106,5229859453493,0,0,0,0
tx,42,42,1,1,1787953652774652698,1787953652773650106,5229859460938,5229859484882,72,0,0
rx,43,43,1,1,1787953652775794717,1787953652774785606,5229860602604,0,0,0,0
tx,43,43,1,1,1787953652775802050,1787953652774785606,5229860610289,5229860633956,72,0,0
rx,44,44,1,1,1787953652776943680,1787953652775922661,5229861751678,0,0,0,0
tx,44,44,1,1,1787953652776950828,1787953652775922661,5229861759067,5229861782493,72,0,0
rx,45,45,1,1,1787953652778090643,1787953652777060069,5229862898660,0,0,0,0
tx,45,45,1,1,1787953652778097847,1787953652777060069,5229862906086,5229862929660,72,0,0
rx,46,46,1,1,1787953652779241013,1787953652778202624,5229864049030,0,0,0,0
tx,46,46,1,1,1787953652779247995,1787953652778202624,5229864056252,5229864080326,72,0,0
rx,47,47,1,1,1787953652780389310,1787953652779341828,5229865197326,0,0,0,0
tx,47,47,1,1,1787953652780396439,1787953652779341828,5229865204678,5229865228752,72,0,0
rx,48,48,1,1,1787953652781538458,1787953652780518421,5229866346475,0,0,0,0
tx,48,48,1,1,1787953652781549421,1787953652780518421,5229866357660,5229866381326,72,0,0
rx,49,49,1,0,1787953652872508217,1787953652871417198,5229957316234,0,0,0,0
rx,50,50,1,1,1787953652872515865,1787953652872482569,5229957323845,0,0,0,0
tx,50,50,1,1,1787953652872522976,1787953652872482569,5229957331438,5229957372604,72,0,0
rx,51,51,1,1,1787953652873719735,1787953652873615013,5229958527623,0,0,0,0
tx,51,51,1,1,1787953652873727291,1787953652873615013,5229958535530,5229958559938,72,0,0
rx,52,52,1,1,1787953652874901791,1787953652874771661,5229959709808,0,0,0,0
tx,52,52,1,1,1787953652874909254,1787953652874771661,5229959717512,5229959742845,72,0,0
rx,53,53,1,1,1787953652876054273,1787953652875906976,5229960862289,0,0,0,0
tx,53,53,1,1,1787953652876061902,1787953652875906976,5229960870160,5229960894808,72,0,0
rx,54,54,1,1,1787953652877208421,1787953652877078198,5229962016419,0,0,0,0
tx,54,54,1,1,1787953652877215884,1787953652877078198,5229962024141,5229962048715,72,0,0
rx,55,55,1,1,1787953652878359180,1787953652878180235,5229963167197,0,0,0,0
tx,55,55,1,1,1787953652878371124,1787953652878180235,5229963179363,5229963204271,72,0,0
rx,56,56,1,1,1787953652974095828,1787953652973803939,5230058903845,0,0,0,0
tx,56,56,1,1,1787953652974104847,1787953652973803939,5230058913104,5230058950937,72,0,0
rx,57,57,1,1,1787953652975290513,1787953652974963235,5230060098530,0,0,0,0
tx,57,57,1,1,1787953652975302272,1787953652974963235,5230060110530,5230060136345,72,0,0
rx,58,58,1,1,1787953652976448550,1787953652976133569,5230061256567,0,0,0,0
tx,58,58,1,1,1787953652976455809,1787953652976133569,5230061264067,5230061287530,72,0,0
rx,59,59,1,1,1787953652977594365,1787953652977282291,5230062402382,0,0,0,0
tx,59,59,1,1,1787953652977601587,1787953652977282291,5230062409826,5230062433400,72,0,0
rx,60,60,1,1,1787953652978741476,1787953652978416032,5230063549419,0,0,0,0
tx,60,60,1,1,1787953652978748717,1787953652978416032,5230063556956,5230063580771,72,0,0
rx,61,61,1,1,1787953652980970032,1787953652980240828,5230065778030,0,0,0,0
tx,61,61,1,1,1787953652980977291,1787953652980240828,5230065785549,5230065809197,72,0,0
rx,63,63,1,1,1787953653076600921,1787953653076199383,5230161408919,0,0,0,0
tx,63,63,1,1,1787953653076610198,1787953653076199383,5230161418456,5230161457289,72,0,0
rx,64,64,1,1,1787953653077808995,1787953653077307180,5230162617011,0,0,0,0
tx,64,64,1,1,1787953653077816902,1787953653077307180,5230162625141,5230162652900,72,0,0
rx,65,65,1,1,1787953653078983124,1787953653078490754,5230163791123,0,0,0,0
tx,65,65,1,1,1787953653078991050,1787953653078490754,5230163799308,5230163827641,72,0,0
rx,66,66,1,1,1787953653080152865,1787953653079611180,5230164960863,0,0,0,0
tx,66,66,1,1,1787953653080193643,1787953653079611180,5230165001882,5230165029086,72,0,0
rx,67,67,1,1,1787953653081352106,1787953653080730976,5230166160104,0,0,0,0
tx,67,67,1,1,1787953653081359754,1787953653080730976,5230166167993,5230166193308,72,0,0
rx,68,68,1,1,1787953653082511717,1787953653081880995,5230167319715,0,0,0,0
tx,68,68,1,1,1787953653082519291,1787953653081880995,5230167327530,5230167352493,72,0,0
rx,69,69,1,1,1787953653083671346,1787953653082997346,5230168479345,0,0,0,0
tx,69,69,1,1,1787953653083678828,1787953653082997346,5230168487067,5230168514900,72,0,0
rx,70,70,1,1,1787953653179240365,1787953653178663809,5230264048382,0,0,0,0
tx,70,70,1,1,1787953653179249717,1787953653178663809,5230264057974,5230264095660,72,0,0
rx,71,71,1,1,1787953653180464735,1787953653179786495,5230265272734,0,0,0,0
tx,71,71,1,1,1787953653180472920,1787953653179786495,5230265281160,5230265309623,72,0,0
rx,72,72,1,1,1787953653181634995,1787953653180963013,5230266442993,0,0,0,0
tx,72,72,1,1,1787953653181642569,1787953653180963013,5230266450826,5230266477289,72,0,0
rx,73,73,1,1,1787953653182798272,1787953653182111217,5230267606271,0,0,0,0
tx,73,73,1,1,1787953653182805791,1787953653182111217,5230267614048,5230267640141,72,0,0
rx,74,74,1,1,1787953653183964180,1787953653183355902,5230268772178,0,0,0,0
tx,74,74,1,1,1787953653183976532,1787953653183355902,5230268784789,5230268814289,72,0,0
rx,75,75,1,1,1787953653185122532,1787953653184452365,5230269930548,0,0,0,0
tx,75,75,1,1,1787953653185130846,1787953653184452365,5230269939086,5230269968530,72,0,0
rx,76,76,1,1,1787953653186305680,1787953653185580809,5230271113697,0,0,0,0
tx,76,76,1,1,1787953653186314143,1787953653185580809,5230271122400,5230271152456,72,0,0
rx,77,77,1,1,1787953653281839994,1787953653281011106,5230366647993,0,0,0,0
tx,77,77,1,1,1787953653281849476,1787953653281011106,5230366657734,5230366712271,72,0,0
rx,79,79,1,1,1787953653284151587,1787953653283294624,5230368959585,0,0,0,0
tx,79,79,1,1,1787953653284159680,1787953653283294624,5230368967956,5230368997826,72,0,0
rx,80,80,1,1,1787953653285326032,1787953653284415309,5230370134030,0,0,0,0
tx,80,80,1,1,1787953653285333939,1787953653284415309,5230370142178,5230370168919,72,0,0
rx,81,81,1,1,1787953653286489439,1787953653285556532,5230371297437,0,0,0,0
tx,81,81,1,1,1787953653286496902,1787953653285556532,5230371305178,5230371331067,72,0,0
rx,82,82,1,1,1787953653287655939,1787953653286678013,5230372463937,0,0,0,0
tx,82,82,1,1,1787953653287663976,1787953653286678013,5230372472234,5230372500178,72,0,0
rx,83,83,1,1,1787953653384259031,1787953653383500902,5230469067030,0,0,0,0
tx,83,83,1,1,1787953653384268013,1787953653383500902,5230469076252,5230469113789,72,0,0
rx,84,84,1,1,1787953653385471420,1787953653384624587,5230470279437,0,0,0,0
tx,84,84,1,1,1787953653385484402,1787953653384624587,5230470292659,5230470324752,72,0,0
rx,85,85,1,1,1787953653386664772,1787953653385746643,5230471472771,0,0,0,0
tx,85,85,1,1,1787953653386672883,1787953653385746643,5230471481159,5230471511715,72,0,0
rx,86,86,1,1,1787953653387844661,1787953653386862087,5230472652548,0,0,0,0
tx,86,86,1,1,1787953653387852420,1787953653386862087,5230472660678,5230472687956,72,0,0
rx,87,87,1,1,1787953653389016235,1787953653387985235,5230473824234,0,0,0,0
tx,87,87,1,1,1787953653389023957,1787953653387985235,5230473832215,5230473860215,72,0,0
rx,88,88,1,1,1787953653390186328,1787953653389120124,5230474994345,0,0,0,0
tx,88,88,1,1,1787953653390194531,1787953653389120124,5230475002771,5230475029622,72,0,0
rx,89,89,1,1,1787953653391388994,1787953653390251902,5230476196993,0,0,0,0
tx,89,89,1,1,1787953653391396791,1787953653390251902,5230476205048,5230476230826,72,0,0
rx,90,90,1,1,1787953653486147698,1787953653485807346,5230570955696,0,0,0,0
tx,90,90,1,1,1787953653486156624,1787953653485807346,5230570964882,5230571004937,72,0,0
rx,91,91,1,1,1787953653487348643,1787953653487059846,5230572156641,0,0,0,0
tx,91,91,1,1,1787953653487356791,1787953653487059846,5230572165048,5230572192419,72,0,0
rx,92,92,1,1,1787953653488514254,1787953653488191365,5230573322252,0,0,0,0
tx,92,92,1,1,1787953653488522068,1787953653488191365,5230573330326,5230573358530,72,0,0
rx,93,93,1,1,1787953653489679254,1787953653489391328,5230574487252,0,0,0,0
tx,93,93,1,1,1787953653489691476,1787953653489391328,5230574499733,5230574526233,72,0,0
rx,94,94,1,1,1787953653490851531,1787953653490488754,5230575659530,0,0,0,0
tx,94,94,1,1,1787953653490859809,1787953653490488754,5230575668067,5230575696604,72,0,0
rx,95,95,1,1,1787953653492022883,1787953653491611902,5230576830900,0,0,0,0
tx,95,95,1,1,1787953653492030328,1787953653491611902,5230576838585,5230576865400,72,0,0
rx,96,96,1,1,1787953653493186531,1787953653492740457,5230577994437,0,0,0,0
tx,96,96,1,1,1787953653493193883,1787953653492740457,5230578002141,5230578027530,72,0,0
rx,97,97,1,1,1787953653588692994,1787953653588227087,5230673500993,0,0,0,0
tx,97,97,1,1,1787953653588701791,1787953653588227087,5230673510048,5230673548326,72,0,0
rx,98,98,1,1,1787953653589891642,1787953653589389494,5230674699659,0,0,0,0
tx,98,98,1,1,1787953653589899254,1787953653589389494,5230674707493,5230674734641,72,0,0
rx,99,99,1,1,1787953653591052365,1787953653590728161,5230675860363,0,0,0,0
tx,99,99,1,1,1787953653591086124,1787953653590728161,5230675894382,5230675920752,72,0,0
rx,100,100,1,1,1787953653592238013,1787953653591867105,5230677045956,0,0,0,0
tx,100,100,1,1,1787953653592245772,1787953653591867105,5230677054011,5230677080159,72,0,0
rx,101,101,1,1,1787953653593404291,1787953653593001328,5230678212289,0,0,0,0
tx,101,101,1,1,1787953653593411957,1787953653593001328,5230678220215,5230678248585,72,0,0
rx,102,102,1,1,1787953653594570883,1787953653594183013,5230679378882,0,0,0,0
tx,102,102,1,1,1787953653594582568,1787953653594183013,5230679390807,5230679416715,72,0,0
rx,103,103,1,1,1787953653595735550,1787953653595327068,5230680543548,0,0,0,0
tx,103,103,1,1,1787953653595743013,1787953653595327068,5230680551252,5230680577678,72,0,0
rx,104,104,1,1,1787953653691229383,1787953653690654346,5230776037381,0,0,0,0
tx,104,104,1,1,1787953653691242457,1787953653690654346,5230776050733,5230776087567,72,0,0
rx,105,105,1,1,1787953653692435439,1787953653691754920,5230777243437,0,0,0,0
tx,105,105,1,1,1787953653692443383,1787953653691754920,5230777251678,5230777279233,72,0,0
rx,106,106,1,1,1787953653693625216,1787953653692923828,5230778433196,0,0,0,0
tx,106,106,1,1,1787953653693632791,1787953653692923828,5230778441030,5230778466696,72,0,0
rx,107,107,1,1,1787953653694790661,1787953653694042957,5230779598678,0,0,0,0
tx,107,107,1,1,1787953653694798179,1787953653694042957,5230779606437,5230779634030,72,0,0
rx,108,108,1,1,1787953653695953957,1787953653695231383,5230780761974,0,0,0,0
tx,108,108,1,1,1787953653695961476,1787953653695231383,5230780769733,5230780795381,72,0,0
rx,109,109,1,1,1787953653697118291,1787953653696369253,5230781926289,0,0,0,0
tx,109,109,1,1,1787953653697126642,1787953653696369253,5230781934900,5230781962437,72,0,0
rx,110,110,1,1,1787953653698292402,1787953653697524087,5230783100419,0,0,0,0
tx,110,110,1,1,1787953653698300846,1787953653697524087,5230783109122,5230783137826,72,0,0
rx,111,111,1,1,1787953653793849883,1787953653793040272,5230878657900,0,0,0,0
tx,111,111,1,1,1787953653793858716,1787953653793040272,5230878666974,5230878704918,72,0,0
rx,112,112,1,1,1787953653795049790,1787953653794171309,5230879857807,0,0,0,0
tx,112,112,1,1,1787953653795057550,1787953653794171309,5230879865789,5230879892678,72,0,0
rx,113,113,1,1,1787953653796220994,1787953653795342198,5230881028993,0,0,0,0
tx,113,113,1,1,1787953653796233790,1787953653795342198,5230881042048,5230881070289,72,0,0
rx,114,114,1,1,1787953653797517550,1787953653796459420,5230882325548,0,0,0,0
tx,114,114,1,1,1787953653797525790,1787953653796459420,5230882334048,5230882364381,72,0,0
rx,115,115,1,0,1787953653798981068,1787953653797596050,5230883789067,0,0,0,0
rx,116,116,1,1,1787953653798986679,1787953653798731828,5230883794678,0,0,0,0
tx,116,116,1,1,1787953653798993939,1787953653798731828,5230883802196,5230883831789,72,0,0
rx,117,117,1,1,1787953653800155994,1787953653799855420,5230884963993,0,0,0,0
tx,117,117,1,1,1787953653800164124,1787953653799855420,5230884972363,5230884998474,72,0,0
rx,118,118,1,1,1787953653895942124,1787953653895529013,5230980750141,0,0,0,0
tx,118,118,1,1,1787953653895951550,1787953653895529013,5230980759807,5230980799696,72,0,0
rx,119,119,1,1,1787953653897146994,1787953653896780994,5230981955011,0,0,0,0
tx,119,119,1,1,1787953653897154753,1787953653896780994,5230981963011,5230981989141,72,0,0
rx,120,120,1,1,1787953653898398864,1787953653898035716,5230983206863,0,0,0,0
tx,120,120,1,1,1787953653898407531,1787953653898035716,5230983215789,5230983247622,72,0,0
rx,121,121,1,1,1787953653899616272,1787953653899359494,5230984424270,0,0,0,0
tx,121,121,1,1,1787953653899624161,1787953653899359494,5230984432400,5230984460826,72,0,0
rx,122,122,1,1,1787953653900805309,1787953653900487420,5230985613326,0,0,0,0
tx,122,122,1,1,1787953653900817735,1787953653900487420,5230985625974,5230985652696,72,0,0
rx,123,123,1,1,1787953653901978031,1787953653901716253,5230986786030,0,0,0,0
tx,123,123,1,1,1787953653901985846,1787953653901716253,5230986794104,5230986819622,72,0,0
rx,124,124,1,1,1787953653998758920,1787953653997900161,5231083566937,0,0,0,0
tx,124,124,1,1,1787953653998768883,1787953653997900161,5231083577122,5231083620529,72,0,0
rx,125,125,1,1,1787953653999977716,1787953653999221087,5231084785733,0,0,0,0
tx,125,125,1,1,1787953653999986124,1787953653999221087,5231084794381,5231084824918,72,0,0
rx,126,126,1,1,1787953654001153735,1787953654000586957,5231085961733,0,0,0,0
tx,126,126,1,1,1787953654001161753,1787953654000586957,5231085970048,5231085996604,72,0,0
rx,127,127,1,1,1787953654002316513,1787953654001839976,5231087124492,0,0,0,0
tx,127,127,1,1,1787953654002324068,1787953654001839976,5231087132307,5231087158233,72,0,0
rx,128,128,1,1,1787953654003477550,1787953654003067179,5231088285548,0,0,0,0
tx,128,128,1,1,1787953654003485513,1787953654003067179,5231088293807,5231088319641,72,0,0
rx,129,129,1,1,1787953654004864494,1787953654004575420,5231089672511,0,0,0,0
tx,129,129,1,1,1787953654004911050,1787953654004575420,5231089719289,5231089746455,72,0,0
rx,130,130,1,1,1787953654006074364,1787953654005795568,5231090882381,0,0,0,0
tx,130,130,1,1,1787953654006082550,1787953654005795568,5231090890807,5231090917307,72,0,0
rx,131,131,1,1,1787953654100746235,1787953654100371383,5231185554233,0,0,0,0
tx,131,131,1,1,1787953654100754957,1787953654100371383,5231185563215,5231185614511,72,0,0
rx,132,132,1,1,1787953654101990994,1787953654101595901,5231186798992,0,0,0,0
tx,132,132,1,1,1787953654102004253,1787953654101595901,5231186812492,5231186841918,72,0,0
rx,133,133,1,1,1787953654103168827,1787953654102854864,5231187976826,0,0,0,0
tx,133,133,1,1,1787953654103176346,1787953654102854864,5231187984585,5231188038826,72,0,0
rx,134,134,1,1,1787953654105527346,1787953654104393772,5231190301141,0,0,0,0
tx,134,134,1,1,1787953654105537105,1787953654104393772,5231190345344,5231190372011,72,0,0
rx,135,135,1,1,1787953654106771661,1787953654105628513,5231191579622,0,0,0,0
tx,135,135,1,1,1787953654106779531,1787953654105628513,5231191587807,5231191615937,72,0,0
rx,136,136,1,0,1787953654108198346,1787953654106854087,5231193006363,0,0,0,0
rx,137,137,1,1,1787953654108203975,1787953654108086290,5231193011974,0,0,0,0
tx,137,137,1,1,1787953654108211438,1787953654108086290,5231193019696,5231193048363,72,0,0
rx,138,138,1,1,1787953654203807235,1787953654202780235,5231288615233,0,0,0,0
tx,138,138,1,1,1787953654203816753,1787953654202780235,5231288625011,5231288746770,72,0,0
rx,139,139,1,1,1787953654205149346,1787953654204035790,5231289957344,0,0,0,0
tx,139,139,1,1,1787953654205193549,1787953654204035790,5231290001807,5231290030122,72,0,0
rx,140,140,1,1,1787953654206354364,1787953654205311827,5231291162307,0,0,0,0
tx,140,140,1,1,1787953654206374938,1787953654205311827,5231291183177,5231291211048,72,0,0
rx,141,141,1,1,1787953654207536901,1787953654206634994,5231292344900,0,0,0,0
tx,141,141,1,1,1787953654207544790,1787953654206634994,5231292353048,5231292380344,72,0,0
rx,142,142,1,1,1787953654208816290,1787953654207811105,5231293624307,0,0,0,0
tx,142,142,1,1,1787953654208824438,1787953654207811105,5231293632677,5231293660770,72,0,0
rx,143,143,1,1,1787953654209984994,1787953654209317124,5231294793011,0,0,0,0
tx,143,143,1,1,1787953654209992661,1787953654209317124,5231294800918,5231294828085,72,0,0
rx,144,144,1,1,1787953654211148049,1787953654210541235,5231295956048,0,0,0,0
tx,144,144,1,1,1787953654211155698,1787953654210541235,5231295963955,5231295989733,72,0,0
rx,145,145,1,1,1787953654305683346,1787953654305155642,5231390491344,0,0,0,0
tx,145,145,1,1,1787953654305692068,1787953654305155642,5231390500307,5231390540437,72,0,0
rx,146,146,1,1,1787953654306891901,1787953654306409568,5231391699900,0,0,0,0
tx,146,146,1,1,1787953654306899438,1787953654306409568,5231391707677,5231391734159,72,0,0
rx,147,147,1,1,1787953654308054827,1787953654307674068,5231392862844,0,0,0,0
tx,147,147,1,1,1787953654308062272,1787953654307674068,5231392870529,5231392897270,72,0,0
rx,148,148,1,1,1787953654310384253,1787953654309233901,5231395192214,0,0,0,0
tx,148,148,1,1,1787953654310392179,1787953654309233901,5231395200418,5231395228289,72,0,0
rx,149,149,1,1,1787953654311615086,1787953654310491642,5231396423085,0,0,0,0
tx,149,149,1,1,1787953654311627253,1787953654310491642,5231396435511,5231396463566,72,0,0
rx,150,150,1,0,1787953654313024549,1787953654311700809,5231397832548,0,0,0,0
rx,151,151,1,1,1787953654313030327,1787953654312912772,5231397838344,0,0,0,0
tx,151,151,1,1,1787953654313037642,1787953654312912772,5231397845900,5231397872733,72,0,0
rx,152,152,1,1,1787953654407609272,1787953654407548753,5231492417270,0,0,0,0
tx,152,152,1,1,1787953654407622235,1787953654407548753,5231492430492,5231492466992,72,0,0
rx,153,153,1,1,1787953654408814938,1787953654408751790,5231493622955,0,0,0,0
tx,153,153,1,1,1787953654408823031,1787953654408751790,5231493631288,5231493659900,72,0,0
rx,154,154,1,1,1787953654411074198,1787953654410021772,5231495882196,0,0,0,0
tx,154,154,1,1,1787953654411082123,1787953654410021772,5231495890381,5231495917326,72,0,0
rx,155,155,1,1,1787953654412238623,1787953654411543753,5231497046622,0,0,0,0
tx,155,155,1,1,1787953654412246531,1787953654411543753,5231497054770,5231497083733,72,0,0
rx,156,156,1,1,1787953654413407253,1787953654412772142,5231498215270,0,0,0,0
tx,156,156,1,1,1787953654413414901,1787953654412772142,5231498223159,5231498249751,72,0,0
rx,157,157,1,1,1787953654414569327,1787953654413999883,5231499377326,0,0,0,0
tx,157,157,1,1,1787953654414576883,1787953654413999883,5231499385122,5231499411770,72,0,0
rx,158,158,1,1,1787953654415729716,1787953654415259660,5231500537733,0,0,0,0
tx,158,158,1,1,1787953654415742049,1787953654415259660,5231500550307,5231500577363,72,0,0
rx,159,159,1,1,1787953654510309846,1787953654509942383,5231595117844,0,0,0,0
tx,159,159,1,1,1787953654510318679,1787953654509942383,5231595126918,5231595165529,72,0,0
rx,160,160,1,1,1787953654511515420,1787953654511208772,5231596323418,0,0,0,0
tx,160,160,1,1,1787953654511522994,1787953654511208772,5231596331288,5231596358511,72,0,0
rx,161,161,1,1,1787953654512712660,1787953654512444327,5231597520659,0,0,0,0
tx,161,161,1,1,1787953654512724864,1787953654512444327,5231597533122,5231597560270,72,0,0
rx,162,162,1,1,1787953654513929901,1787953654513682827,5231598737900,0,0,0,0
tx,162,162,1,1,1787953654513937420,1787953654513682827,5231598745659,5231598772251,72,0,0
rx,163,163,1,1,1787953654516227864,1787953654515223142,5231601035862,0,0,0,0
tx,163,163,1,1,1787953654516235327,1787953654515223142,5231601043566,5231601116788,72,0,0
rx,164,164,1,1,1787953654517475753,1787953654516452512,5231602283751,0,0,0,0
tx,164,164,1,1,1787953654517483197,1787953654516452512,5231602291455,5231602317474,72,0,0
rx,165,165,1,1,1787953654613086771,1787953654612379790,5231697894788,0,0,0,0
tx,165,165,1,1,1787953654613095716,1787953654612379790,5231697903974,5231697942622,72,0,0
rx,166,166,1,1,1787953654614287586,1787953654613656734,5231699095585,0,0,0,0
tx,166,166,1,1,1787953654614295197,1787953654613656734,5231699103437,5231699129918,72,0,0
rx,167,167,1,1,1787953654615456160,1787953654614912420,5231700264159,0,0,0,0
tx,167,167,1,1,1787953654615463994,1787953654614912420,5231700272233,5231700300603,72,0,0
rx,168,168,1,1,1787953654616676364,1787953654616149271,5231701484362,0,0,0,0
tx,168,168,1,1,1787953654616716031,1787953654616149271,5231701524399,5231701553029,72,0,0
rx,169,169,1,1,1787953654617877216,1787953654617363549,5231702685233,0,0,0,0
tx,169,169,1,1,1787953654617884846,1787953654617363549,5231702693085,5231702719548,72,0,0
rx,170,170,1,1,1787953654715706216,1787953654714705179,5231800514233,0,0,0,0
tx,170,170,1,1,1787953654715715049,1787953654714705179,5231800523399,5231800610381,72,0,0
rx,171,171,1,1,1787953654717074660,1787953654715945068,5231801882622,0,0,0,0
tx,171,171,1,1,1787953654717084160,1787953654715945068,5231801892399,5231801920585,72,0,0
rx,172,172,1,1,1787953654718314716,1787953654717169049,5231803122714,0,0,0,0
tx,172,172,1,1,1787953654718322253,1787953654717169049,5231803130511,5231803156973,72,0,0
rx,173,173,1,1,1787953654719476457,1787953654718748290,5231804284436,0,0,0,0
tx,173,173,1,1,1787953654719484012,1787953654718748290,5231804292270,5231804318288,72,0,0
rx,174,174,1,1,1787953654720639012,1787953654719981457,5231805447029,0,0,0,0
tx,174,174,1,1,1787953654720646531,1787953654719981457,5231805454788,5231805481529,72,0,0
rx,175,175,1,1,1787953654721804475,1787953654721233401,5231806612492,0,0,0,0
tx,175,175,1,1,1787953654721816734,1787953654721233401,5231806624992,5231806653251,72,0,0
rx,176,176,1,1,1787953654722977494,1787953654722452364,5231807785492,0,0,0,0
tx,176,176,1,1,1787953654722985179,1787953654722452364,5231807793436,5231807820492,72,0,0
rx,177,177,1,1,1787953654724140457,1787953654723665197,5231808948473,0,0,0,0
tx,177,177,1,1,1787953654724148068,1787953654723665197,5231808956307,5231808982214,72,0,0
rx,178,178,1,1,1787953654725390845,1787953654725161420,5231810198844,0,0,0,0
tx,178,178,1,1,1787953654725398271,1787953654725161420,5231810206529,5231810231992,72,0,0
rx,179,179,1,1,1787953654817666549,1787953654817160660,5231902474547,0,0,0,0
tx,179,179,1,1,1787953654817675660,1787953654817160660,5231902483918,5231902521307,72,0,0
rx,180,180,1,1,1787953654818865716,1787953654818362457,5231903673696,0,0,0,0
tx,180,180,1,1,1787953654818877623,1787953654818362457,5231903685881,5231903714714,72,0,0
rx,181,181,1,1,1787953654820038882,1787953654819585271,5231904846881,0,0,0,0
tx,181,181,1,1,1787953654820046494,1787953654819585271,5231904854751,5231904881547,72,0,0
rx,182,182,1,1,1787953654821202216,1787953654820850271,5231906010214,0,0,0,0
tx,182,182,1,1,1787953654821209679,1787953654820850271,5231906017918,5231906043436,72,0,0
rx,183,183,1,1,1787953654823410994,1787953654822397364,5231908219010,0,0,0,0
tx,183,183,1,1,1787953654823418808,1787953654822397364,5231908227066,5231908377251,72,0,0
rx,184,184,1,1,1787953654824788049,1787953654823664808,5231909596047,0,0,0,0
tx,184,184,1,1,1787953654824795882,1787953654823664808,5231909604140,5231909631436,72,0,0
rx,185,185,1,1,1787953654825970845,1787953654824892197,5231910778844,0,0,0,0
tx,185,185,1,1,1787953654826010660,1787953654824892197,5231910818918,5231910847566,72,0,0
rx,186,186,1,1,1787953655022514753,1787953655021983993,5232107322751,0,0,0,0
tx,186,186,1,1,1787953655022523864,1787953655021983993,5232107332103,5232107372770,72,0,0
rx,187,187,1,1,1787953655023722160,1787953655023207605,5232108530158,0,0,0,0
tx,187,187,1,1,1787953655023730030,1787953655023207605,5232108538288,5232108565751,72,0,0
rx,188,188,1,1,1787953655024886623,1787953655024478975,5232109694640,0,0,0,0
tx,188,188,1,1,1787953655024894142,1787953655024478975,5232109702399,5232109728621,72,0,0
rx,189,189,1,1,1787953655026049568,1787953655025731530,5232110857566,0,0,0,0
tx,189,189,1,1,1787953655026057012,1787953655025731530,5232110865270,5232110891510,72,0,0
rx,190,190,1,1,1787953655027308530,1787953655027008142,5232112116547,0,0,0,0
tx,190,190,1,1,1787953655027322030,1787953655027008142,5232112130288,5232112160325,72,0,0
rx,191,191,1,1,1787953655028513179,1787953655028220068,5232113321177,0,0,0,0
tx,191,191,1,1,1787953655028521716,1787953655028220068,5232113330010,5232113362751,72,0,0
rx,192,192,1,1,1787953655029704697,1787953655029437179,5232114512714,0,0,0,0
tx,192,192,1,1,1787953655029712679,1787953655029437179,5232114520936,5232114550418,72,0,0
rx,193,193,1,1,1787953655031957253,1787953655030937642,5232116765233,0,0,0,0
tx,193,193,1,1,1787953655031965086,1787953655030937642,5232116773325,5232116799510,72,0,0
rx,194,194,1,1,1787953655033114253,1787953655032177642,5232117922214,0,0,0,0
tx,194,194,1,1,1787953655033121993,1787953655032177642,5232117930251,5232117954455,72,0,0
rx,195,195,1,1,1787953655034294438,1787953655033391068,5232119102455,0,0,0,0
tx,195,195,1,1,1787953655034302068,1787953655033391068,5232119110307,5232119134362,72,0,0
rx,196,196,1,1,1787953655035444475,1787953655034632401,5232120252492,0,0,0,0
tx,196,196,1,1,1787953655035457068,1787953655034632401,5232120265307,5232120290696,72,0,0
rx,197,197,1,1,1787953655036625956,1787953655035840808,5232121433973,0,0,0,0
tx,197,197,1,1,1787953655036633364,1787953655035840808,5232121441621,5232121465010,72,0,0
rx,199,199,1,1,1787953655125394364,1787953655124318179,5232210202344,0,0,0,0
tx,199,199,1,1,1787953655125403401,1787953655124318179,5232210211807,5232210247584,72,0,0
rx,200,200,1,1,1787953655126585679,1787953655125585827,5232211393695,0,0,0,0
tx,200,200,1,1,1787953655126593382,1787953655125585827,5232211401621,5232211427677,72,0,0
rx,201,0,1,1,1787953655127739364,1787953655126847808,5232212547325,0,0,0,0
tx,201,0,1,1,1787953655127747216,1787953655126847808,5232212555566,5232212579047,72,0,0
rx,202,1,1,1,1787953655128889179,1787953655128357475,5232213697195,0,0,0,0
tx,202,1,1,1,1787953655128896660,1787953655128357475,5232213704899,5232213729640,72,0,0
rx,203,2,1,1,1787953655130037771,1787953655129573493,5232214845770,0,0,0,0
tx,203,2,1,1,1787953655130045160,1787953655129573493,5232214853399,5232214877084,72,0,0
rx,204,3,1,1,1787953655131185253,1787953655130821697,5232215993251,0,0,0,0
tx,204,3,1,1,1787953655131221160,1787953655130821697,5232216029418,5232216054381,72,0,0
rx,205,4,1,1,1787953655132369975,1787953655132035660,5232217177992,0,0,0,0
tx,205,4,1,1,1787953655132381327,1787953655132035660,5232217189584,5232217213492,72,0,0
rx,206,5,1,1,1787953655227599049,1787953655226752864,5232312407047,0,0,0,0
tx,206,5,1,1,1787953655227607679,1787953655226752864,5232312415936,5232312448955,72,0,0
rx,207,6,1,1,1787953655228788308,1787953655228023530,5232313596214,0,0,0,0
tx,207,6,1,1,1787953655228799530,1787953655228023530,5232313607769,5232313632899,72,0,0
rx,208,7,1,1,1787953655229944586,1787953655229185771,5232314752584,0,0,0,0
tx,208,7,1,1,1787953655229951623,1787953655229185771,5232314759862,5232314783621,72,0,0
rx,209,8,1,1,1787953655231091827,1787953655230456790,5232315899844,0,0,0,0
tx,209,8,1,1,1787953655231099253,1787953655230456790,5232315907510,5232315932047,72,0,0
rx,210,9,1,1,1787953655232238901,1787953655231714604,5232317046918,0,0,0,0
tx,210,9,1,1,1787953655232245993,1787953655231714604,5232317054232,5232317078084,72,0,0
rx,211,10,1,1,1787953655233388808,1787953655233251623,5232318196807,0,0,0,0
tx,211,10,1,1,1787953655233396067,1787953655233251623,5232318204307,5232318228751,72,0,0
rx,212,11,1,1,1787953655234536660,1787953655234476216,5232319344658,0,0,0,0
tx,212,11,1,1,1787953655234543771,1787953655234476216,5232319352010,5232319375232,72,0,0
rx,213,12,1,1,1787953655329843104,1787953655329167401,5232414651121,0,0,0,0
tx,213,12,1,1,1787953655329851660,1787953655329167401,5232414659918,5232414698232,72,0,0
rx,214,13,1,1,1787953655331035030,1787953655330417030,5232415843029,0,0,0,0
tx,214,13,1,1,1787953655331042178,1787953655330417030,5232415850436,5232415875010,72,0,0
rx,215,14,1,1,1787953655332202178,1787953655331659104,5232417010195,0,0,0,0
tx,215,14,1,1,1787953655332210327,1787953655331659104,5232417018566,5232417046418,72,0,0
rx,216,15,1,1,1787953655333380104,1787953655332928771,5232418188103,0,0,0,0
tx,216,15,1,1,1787953655333392790,1787953655332928771,5232418201029,5232418229251,72,0,0
rx,217,16,1,1,1787953655334549715,1787953655334116067,5232419357714,0,0,0,0
tx,217,16,1,1,1787953655334557049,1787953655334116067,5232419365306,5232419389677,72,0,0
rx,218,17,1,1,1787953655335700086,1787953655335640919,5232420508103,0,0,0,0
tx,218,17,1,1,1787953655335707345,1787953655335640919,5232420515584,5232420539455,72,0,0
rx,219,18,1,1,1787953655337925382,1787953655336870549,5232422733362,0,0,0,0
tx,219,18,1,1,1787953655337932734,1787953655336870549,5232422740973,5232422764029,72,0,0
rx,220,19,1,1,1787953655432670160,1787953655431579864,5232517478158,0,0,0,0
tx,220,19,1,1,1787953655432679086,1787953655431579864,5232517487343,5232517526140,72,0,0
rx,221,20,1,1,1787953655433862771,1787953655432803419,5232518670788,0,0,0,0
tx,221,20,1,1,1787953655433870271,1787953655432803419,5232518678510,5232518703584,72,0,0
rx,222,21,1,1,1787953655435012641,1787953655434076215,5232519820640,0,0,0,0
tx,222,21,1,1,1787953655435019956,1787953655434076215,5232519828195,5232519851806,72,0,0
rx,223,22,1,1,1787953655436158827,1787953655435400864,5232520966825,0,0,0,0
tx,223,22,1,1,1787953655436166345,1787953655435400864,5232520974658,5232520998695,72,0,0
rx,225,24,1,1,1787953655438416308,1787953655437870530,5232523224306,0,0,0,0
tx,225,24,1,1,1787953655438428160,1787953655437870530,5232523236399,5232523263769,72,0,0
rx,226,25,1,1,1787953655439582660,1787953655439412697,5232524390658,0,0,0,0
tx,226,25,1,1,1787953655439589808,1787953655439412697,5232524398066,5232524422177,72,0,0
rx,227,26,1,1,1787953655535094438,1787953655533989789,5232619902436,0,0,0,0
tx,227,26,1,1,1787953655535107215,1787953655533989789,5232619915473,5232619951954,72,0,0
rx,228,27,1,1,1787953655536316697,1787953655535226826,5232621124695,0,0,0,0
tx,228,27,1,1,1787953655536324734,1787953655535226826,5232621133084,5232621158214,72,0,0
rx,229,28,1,1,1787953655537468715,1787953655536479289,5232622276732,0,0,0,0
tx,229,28,1,1,1787953655537476067,1787953655536479289,5232622284325,5232622308362,72,0,0
rx,230,29,1,1,1787953655538613678,1787953655537731623,5232623421695,0,0,0,0
tx,230,29,1,1,1787953655538620845,1787953655537731623,5232623429103,5232623452492,72,0,0
rx,231,30,1,1,1787953655539806641,1787953655539299123,5232624614621,0,0,0,0
tx,231,30,1,1,1787953655539814197,1787953655539299123,5232624622436,5232624647510,72,0,0
rx,232,31,1,1,1787953655540956382,1787953655540531308,5232625764380,0,0,0,0
tx,232,31,1,1,1787953655540963938,1787953655540531308,5232625772195,5232625795714,72,0,0
rx,233,32,1,1,1787953655542112752,1787953655541754104,5232626920751,0,0,0,0
tx,233,32,1,1,1787953655542120586,1787953655541754104,5232626928843,5232626956714,72,0,0
rx,234,33,1,1,1787953655636597308,1787953655636209882,5232721405306,0,0,0,0
tx,234,33,1,1,1787953655636606289,1787953655636209882,5232721414547,5232721455621,72,0,0
rx,235,34,1,1,1787953655637802789,1787953655637314660,5232722610806,0,0,0,0
tx,235,34,1,1,1787953655637819993,1787953655637314660,5232722628251,5232722655454,72,0,0
rx,236,35,1,1,1787953655638977697,1787953655638437789,5232723785658,0,0,0,0
tx,236,35,1,1,1787953655638985456,1787953655638437789,5232723793714,5232723820158,72,0,0
rx,237,36,1,1,1787953655640143808,1787953655639605475,5232724951806,0,0,0,0
tx,237,36,1,1,1787953655640155567,1787953655639605475,5232724963806,5232724991584,72,0,0
rx,238,37,1,1,1787953655641312030,1787953655640661975,5232726120028,0,0,0,0
tx,238,37,1,1,1787953655641319715,1787953655640661975,5232726127954,5232726153177,72,0,0
rx,239,38,1,1,1787953655642466586,1787953655641792938,5232727274584,0,0,0,0
tx,239,38,1,1,1787953655642473900,1787953655641792938,5232727282158,5232727307288,72,0,0
rx,240,39,1,1,1787953655739593234,1787953655738622252,5232824401232,0,0,0,0
tx,240,39,1,1,1787953655739602400,1787953655738622252,5232824410658,5232824450325,72,0,0
rx,241,40,1,1,1787953655740795363,1787953655739729345,5232825603380,0,0,0,0
tx,241,40,1,1,1787953655740803123,1787953655739729345,5232825611380,5232825637732,72,0,0
rx,242,41,1,1,1787953655741970363,1787953655740839734,5232826778362,0,0,0,0
tx,242,41,1,1,1787953655741977974,1787953655740839734,5232826786232,5232826820732,72,0,0
rx,243,42,1,0,1787953655743149641,1787953655741966086,5232827957658,0,0,0,0
rx,244,43,1,1,1787953655743155641,1787953655743107715,5232827963640,0,0,0,0
tx,244,43,1,1,1787953655743162808,1787953655743107715,5232827971047,5232827997880,72,0,0
rx,245,44,1,1,1787953655744347697,1787953655744213882,5232829155714,0,0,0,0
tx,245,44,1,1,1787953655744360123,1787953655744213882,5232829168362,5232829194343,72,0,0
rx,246,45,1,1,1787953655745508882,1787953655745342789,5232830316862,0,0,0,0
tx,246,45,1,1,1787953655745516104,1787953655745342789,5232830324362,5232830348602,72,0,0
rx,247,46,1,1,1787953655841774641,1787953655841046049,5232926582639,0,0,0,0
tx,247,46,1,1,1787953655841782882,1787953655841046049,5232926591139,5232926625565,72,0,0
rx,248,47,1,1,1787953655842959549,1787953655842208067,5232927767528,0,0,0,0
tx,248,47,1,1,1787953655842966734,1787953655842208067,5232927774991,5232927799177,72,0,0
rx,249,48,1,1,1787953655844108234,1787953655843396474,5232928916232,0,0,0,0
tx,249,48,1,1,1787953655844115641,1787953655843396474,5232928923880,5232928947732,72,0,0
rx,250,49,1,1,1787953655845289104,1787953655844530530,5232930097121,0,0,0,0
tx,250,49,1,1,1787953655845296715,1787953655844530530,5232930104973,5232930129436,72,0,0
rx,251,50,1,1,1787953655846438623,1787953655845677456,5232931246621,0,0,0,0
tx,251,50,1,1,1787953655846445789,1787953655845677456,5232931254047,5232931277954,72,0,0
rx,252,51,1,1,1787953655847587734,1787953655846813956,5232932395751,0,0,0,0
tx,252,51,1,1,1787953655847595197,1787953655846813956,5232932403454,5232932427658,72,0,0
rx,253,52,1,1,1787953655848739678,1787953655847991826,5232933547677,0,0,0,0
tx,253,52,1,1,1787953655848751067,1787953655847991826,5232933559325,5232933583473,72,0,0
rx,254,53,1,1,1787953655944022345,1787953655943469826,5233028830343,0,0,0,0
tx,254,53,1,1,1787953655944030771,1787953655943469826,5233028839121,5233028873769,72,0,0
rx,255,54,1,1,1787953655945208956,1787953655944594826,5233030016954,0,0,0,0
tx,255,54,1,1,1787953655945219604,1787953655944594826,5233030027862,5233030052306,72,0,0
rx,256,55,1,1,1787953655946364808,1787953655945705900,5233031172806,0,0,0,0
tx,256,55,1,1,1787953655946372011,1787953655945705900,5233031180269,5233031203769,72,0,0
rx,257,56,1,1,1787953655947513178,1787953655946918845,5233032321176,0,0,0,0
tx,257,56,1,1,1787953655947520474,1787953655946918845,5233032328732,5233032352788,72,0,0
rx,258,57,1,1,1787953655948663660,1787953655948052585,5233033471658,0,0,0,0
tx,258,57,1,1,1787953655948671067,1787953655948052585,5233033479306,5233033502658,72,0,0
rx,259,58,1,1,1787953655949810011,1787953655949175993,5233034618010,0,0,0,0
tx,259,58,1,1,1787953655949817030,1787953655949175993,5233034625288,5233034648565,72,0,0
rx,260,59,1,1,1787953655950955548,1787953655950319919,5233035763565,0,0,0,0
tx,260,59,1,1,1787953655950962511,1787953655950319919,5233035770751,5233035793806,72,0,0
rx,261,60,1,1,1787953656046187363,1787953656045872382,5233130995380,0,0,0,0
tx,261,60,1,1,1787953656046195993,1787953656045872382,5233131004380,5233131038621,72,0,0
rx,262,61,1,1,1787953656047371993,1787953656047047845,5233132179899,0,0,0,0
tx,262,61,1,1,1787953656047379178,1787953656047047845,5233132187436,5233132211954,72,0,0
rx,263,62,1,1,1787953656048521808,1787953656048206900,5233133329806,0,0,0,0
tx,263,62,1,1,1787953656048556937,1787953656048206900,5233133365176,5233133389750,72,0,0
rx,264,63,1,1,1787953656049704141,1787953656049414863,5233134512139,0,0,0,0
tx,264,63,1,1,1787953656049714789,1787953656049414863,5233134523047,5233134548102,72,0,0
rx,265,64,1,1,1787953656050860067,1787953656050556641,5233135668065,0,0,0,0
tx,265,64,1,1,1787953656050867419,1787953656050556641,5233135675676,5233135699602,72,0,0
rx,266,65,1,1,1787953656052007308,1787953656051729048,5233136815325,0,0,0,0
tx,266,65,1,1,1787953656052014585,1787953656051729048,5233136822843,5233136846399,72,0,0
rx,267,66,1,1,1787953656054259808,1787953656053169752,5233139067806,0,0,0,0
tx,267,66,1,1,1787953656054267252,1787953656053169752,5233139075510,5233139101010,72,0,0
rx,268,67,1,1,1787953656149184752,1787953656148667419,5233233992750,0,0,0,0
tx,268,67,1,1,1787953656149193845,1787953656148667419,5233234002084,5233234041121,72,0,0
rx,269,68,1,1,1787953656150383752,1787953656149949271,5233235191750,0,0,0,0
tx,269,68,1,1,1787953656150391789,1787953656149949271,5233235200047,5233235225232,72,0,0
rx,270,69,1,1,1787953656151538326,1787953656151251974,5233236346324,0,0,0,0
tx,270,69,1,1,1787953656151545622,1787953656151251974,5233236353880,5233236378084,72,0,0
rx,271,70,1,1,1787953656152689067,1787953656152505826,5233237497084,0,0,0,0
tx,271,70,1,1,1787953656152696530,1787953656152505826,5233237504787,5233237528380,72,0,0
rx,272,71,1,1,1787953656153837696,1787953656153774715,5233238645713,0,0,0,0
tx,272,71,1,1,1787953656153845196,1787953656153774715,5233238653454,5233238677565,72,0,0
rx,273,72,1,1,1787953656156075771,1787953656155011845,5233240883769,0,0,0,0
tx,273,72,1,1,1787953656156083493,1787953656155011845,5233240891750,5233240919787,72,0,0
rx,275,74,1,1,1787953656251347308,1787953656250812789,5233336155306,0,0,0,0
tx,275,74,1,1,1787953656251359474,1787953656250812789,5233336167713,5233336202102,72,0,0
rx,276,75,1,1,1787953656252539233,1787953656252073196,5233337347250,0,0,0,0
tx,276,75,1,1,1787953656252546715,1787953656252073196,5233337354954,5233337380417,72,0,0
rx,277,76,1,1,1787953656253690030,1787953656253348382,5233338498028,0,0,0,0
tx,277,76,1,1,1787953656253697252,1787953656253348382,5233338505510,5233338529324,72,0,0
rx,278,77,1,1,1787953656254838863,1787953656254620733,5233339646880,0,0,0,0
tx,278,77,1,1,1787953656254846030,1787953656254620733,5233339654287,5233339678695,72,0,0
rx,279,78,1,1,1787953656257072011,1787953656256251585,5233341880010,0,0,0,0
tx,279,78,1,1,1787953656257079659,1787953656256251585,5233341887917,5233341912306,72,0,0
rx,280,79,1,1,1787953656258223233,1787953656257518345,5233343031250,0,0,0,0
tx,280,79,1,1,1787953656258230826,1787953656257518345,5233343039084,5233343063436,72,0,0
rx,281,80,1,1,1787953656353555493,1787953656353242233,5233438363491,0,0,0,0
tx,281,80,1,1,1787953656353563937,1787953656353242233,5233438372195,5233438410435,72,0,0
rx,282,81,1,1,1787953656354756307,1787953656354542141,5233439564324,0,0,0,0
tx,282,81,1,1,1787953656354764122,1787953656354542141,5233439572380,5233439598750,72,0,0
rx,283,82,1,1,1787953656355921956,1787953656355834159,5233440729954,0,0,0,0
tx,283,82,1,1,1787953656355933307,1787953656355834159,5233440741565,5233440768232,72,0,0
rx,284,83,1,1,1787953656358166715,1787953656357073678,5233442974713,0,0,0,0
tx,284,83,1,1,1787953656358173993,1787953656357073678,5233442982232,5233443006843,72,0,0
rx,285,84,1,1,1787953656359342807,1787953656358599826,5233444150806,0,0,0,0
tx,285,84,1,1,1787953656359350363,1787953656358599826,5233444158602,5233444183824,72,0,0
rx,286,85,1,1,1787953656360491456,1787953656359846900,5233445299472,0,0,0,0
tx,286,85,1,1,1787953656360498659,1787953656359846900,5233445306917,5233445329972,72,0,0
rx,287,86,1,1,1787953656361635733,1787953656361105733,5233446443732,0,0,0,0
tx,287,86,1,1,1787953656361642882,1787953656361105733,5233446451139,5233446474287,72,0,0
rx,288,87,1,1,1787953656455903067,1787953656455482863,5233540711084,0,0,0,0
tx,288,87,1,1,1787953656455912196,1787953656455482863,5233540720658,5233540758954,72,0,0
rx,289,88,1,1,1787953656457094530,1787953656456555826,5233541902547,0,0,0,0
tx,289,88,1,1,1787953656457101826,1787953656456555826,5233541910084,5233541934121,72,0,0
rx,290,89,1,1,1787953656458240548,1787953656457680567,5233543048565,0,0,0,0
tx,290,89,1,1,1787953656458247678,1787953656457680567,5233543055935,5233543079361,72,0,0
rx,291,90,1,1,1787953656459394733,1787953656458820067,5233544202750,0,0,0,0
tx,291,90,1,1,1787953656459402289,1787953656458820067,5233544210528,5233544236676,72,0,0
rx,292,91,1,1,1787953656460555085,1787953656459975048,5233545363102,0,0,0,0
tx,292,91,1,1,1787953656460566844,1787953656459975048,5233545375084,5233545402102,72,0,0
rx,293,92,1,1,1787953656461717789,1787953656461054659,5233546525732,0,0,0,0
tx,293,92,1,1,1787953656461725159,1787953656461054659,5233546533398,5233546557417,72,0,0
rx,294,93,1,1,1787953656462863456,1787953656462176511,5233547671472,0,0,0,0
tx,294,93,1,1,1787953656462870715,1787953656462176511,5233547678954,5233547702584,72,0,0
rx,295,94,1,1,1787953656558194400,1787953656557907863,5233643002417,0,0,0,0
tx,295,94,1,1,1787953656558202918,1787953656557907863,5233643011158,5233643048546,72,0,0
rx,296,95,1,1,1787953656559382678,1787953656559086363,5233644190658,0,0,0,0
tx,296,95,1,1,1787953656559417363,1787953656559086363,5233644225602,5233644251158,72,0,0
rx,297,96,1,1,1787953656560562900,1787953656560338030,5233645370898,0,0,0,0
tx,297,96,1,1,1787953656560570215,1787953656560338030,5233645378454,5233645401880,72,0,0
rx,298,97,1,1,1787953656561708326,1787953656561536233,5233646516343,0,0,0,0
tx,298,97,1,1,1787953656561715937,1787953656561536233,5233646524195,5233646547880,72,0,0
rx,299,98,1,1,1787953656563941196,1787953656563013030,5233648749213,0,0,0,0
tx,299,98,1,1,1787953656563956863,1787953656563013030,5233648765102,5233648792250,72,0,0
rx,300,99,1,1,1787953656565117381,1787953656564228159,5233649925380,0,0,0,0
tx,300,99,1,1,1787953656565130455,1787953656564228159,5233649938695,5233649967509,72,0,0
rx,301,100,1,1,1787953656567375807,1787953656566777455,5233652183824,0,0,0,0
tx,301,100,1,1,1787953656567384141,1787953656566777455,5233652192380,5233652222639,72,0,0
rx,302,101,1,1,1787953656660748789,1787953656660321326,5233745556639,0,0,0,0
tx,302,101,1,1,1787953656660757585,1787953656660321326,5233745565880,5233745605806,72,0,0
rx,303,102,1,1,1787953656661959178,1787953656661518381,5233746767176,0,0,0,0
tx,303,102,1,1,1787953656661970900,1787953656661518381,5233746779158,5233746810009,72,0,0
rx,304,103,1,0,1787953656664220159,1787953656663471437,5233749028139,0,0,0,0
rx,305,104,1,1,1787953656664226474,1787953656663933530,5233749034472,0,0,0,0
tx,305,104,1,1,1787953656664233530,1787953656663933530,5233749041880,5233749072620,72,0,0
rx,306,105,1,1,1787953656665390085,1787953656665117511,5233750198083,0,0,0,0
tx,306,105,1,1,1787953656665397363,1787953656665117511,5233750205620,5233750229861,72,0,0
rx,307,106,1,1,1787953656666534659,1787953656666302011,5233751342676,0,0,0,0
tx,307,106,1,1,1787953656666541881,1787953656666302011,5233751350120,5233751373732,72,0,0
rx,308,107,1,1,1787953656668764678,1787953656667763215,5233753572676,0,0,0,0
tx,308,107,1,1,1787953656668772104,1787953656667763215,5233753580361,5233753605991,72,0,0
rx,309,108,1,1,1787953656763918826,1787953656762812863,5233848726806,0,0,0,0
tx,309,108,1,1,1787953656763927955,1787953656762812863,5233848736213,5233848774269,72,0,0
rx,310,109,1,1,1787953656765115344,1787953656763990196,5233849923343,0,0,0,0
tx,310,109,1,1,1787953656765122696,1787953656763990196,5233849930935,5233849956750,72,0,0
rx,311,110,1,1,1787953656766271141,1787953656765235863,5233851079157,0,0,0,0
tx,311,110,1,1,1787953656766282604,1787953656765235863,5233851090861,5233851117972,72,0,0
rx,312,111,1,1,1787953656767432678,1787953656766449363,5233852240602,0,0,0,0
tx,312,111,1,1,1787953656767440770,1787953656766449363,5233852249028,5233852278398,72,0,0
rx,313,112,1,1,1787953656768605715,1787953656767751474,5233853413732,0,0,0,0
tx,313,112,1,1,1787953656768614233,1787953656767751474,5233853422583,5233853449269,72,0,0
rx,314,113,1,1,1787953656769763641,1787953656768948196,5233854571639,0,0,0,0
tx,314,113,1,1,1787953656769770826,1787953656768948196,5233854579065,5233854603250,72,0,0
rx,315,114,1,1,1787953656866068992,1787953656865289566,5233950877009,0,0,0,0
tx,315,114,1,1,1787953656866077437,1787953656865289566,5233950885787,5233950925806,72,0,0
rx,316,115,1,1,1787953656867266363,1787953656866513474,5233952074380,0,0,0,0
tx,316,115,1,1,1787953656867274252,1787953656866513474,5233952082509,5233952110102,72,0,0
rx,317,116,1,1,1787953656868425233,1787953656867702122,5233953233231,0,0,0,0
tx,317,116,1,1,1787953656868432511,1787953656867702122,5233953240750,5233953264991,72,0,0
rx,318,117,1,1,1787953656967882196,1787953656967572252,5234052690120,0,0,0,0
tx,318,117,1,1,1787953656967894418,1787953656967572252,5234052702657,5234052741917,72,0,0
rx,319,118,1,1,1787953656969088418,1787953656968769566,5234053896417,0,0,0,0
tx,319,118,1,1,1787953656969097011,1787953656968769566,5234053905268,5234053934417,72,0,0
rx,320,119,1,1,1787953656970254270,1787953656969982659,5234055062176,0,0,0,0
tx,320,119,1,1,1787953656970262177,1787953656969982659,5234055070417,5234055096250,72,0,0
rx,321,120,1,1,1787953656971438029,1787953656971147529,5234056246028,0,0,0,0
tx,321,120,1,1,1787953656971445363,1787953656971147529,5234056253602,5234056279009,72,0,0
rx,322,121,1,1,1787953656972592159,1787953656972341066,5234057400176,0,0,0,0
tx,322,121,1,1,1787953656972599511,1787953656972341066,5234057407768,5234057431417,72,0,0
rx,323,122,1,1,1787953656973739400,1787953656973522937,5234058547417,0,0,0,0
tx,323,122,1,1,1787953656973746603,1787953656973522937,5234058554843,5234058578694,72,0,0
rx,324,123,1,1,1787953656975972474,1787953656975042381,5234060780472,0,0,0,0
tx,324,123,1,1,1787953656975983566,1787953656975042381,5234060791824,5234060816398,72,0,0
rx,325,124,1,1,1787953656977153011,1787953656976196103,5234061961028,0,0,0,0
tx,325,124,1,1,1787953656977160159,1787953656976196103,5234061968398,5234061992343,72,0,0
rx,326,125,1,1,1787953656978299492,1787953656977670789,5234063107491,0,0,0,0
tx,326,125,1,1,1787953656978306622,1787953656977670789,5234063114880,5234063138454,72,0,0
rx,327,126,1,1,1787953656979444585,1787953656978874122,5234064252583,0,0,0,0
tx,327,126,1,1,1787953656979451807,1787953656978874122,5234064260046,5234064284676,72,0,0
rx,328,127,1,1,1787953656980595455,1787953656980062029,5234065403454,0,0,0,0
tx,328,127,1,1,1787953656980602603,1787953656980062029,5234065410842,5234065434009,72,0,0
rx,329,128,1,1,1787953657070308492,1787953657069945455,5234155116491,0,0,0,0
tx,329,128,1,1,1787953657070317418,1787953657069945455,5234155125657,5234155165694,72,0,0
rx,330,129,1,1,1787953657071503326,1787953657071134789,5234156311342,0,0,0,0
tx,330,129,1,1,1787953657071510714,1787953657071134789,5234156318972,5234156343750,72,0,0
rx,331,130,1,1,1787953657072659585,1787953657072381566,5234157467602,0,0,0,0
tx,331,130,1,1,1787953657072670659,1787953657072381566,5234157478917,5234157502935,72,0,0
rx,332,131,1,1,1787953657073812992,1787953657073573474,5234158621009,0,0,0,0
tx,332,131,1,1,1787953657073820122,1787953657073573474,5234158628361,5234158651620,72,0,0
rx,333,132,1,1,1787953657076043159,1787953657075061844,5234160851157,0,0,0,0
tx,333,132,1,1,1787953657076050696,1787953657075061844,5234160858935,5234160883176,72,0,0
rx,334,133,1,1,1787953657077192603,1787953657076261826,5234162000602,0,0,0,0
tx,334,133,1,1,1787953657077200233,1787953657076261826,5234162008472,5234162032102,72,0,0
rx,335,134,1,1,1787953657078338326,1787953657077463826,5234163146324,0,0,0,0
tx,335,134,1,1,1787953657078345363,1787953657077463826,5234163153602,5234163177028,72,0,0
rx,336,135,1,1,1787953657172439381,1787953657172366381,5234257247398,0,0,0,0
tx,336,135,1,1,1787953657172448585,1787953657172366381,5234257257065,5234257295713,72,0,0
rx,337,136,1,1,1787953657173635603,1787953657173571585,5234258443620,0,0,0,0
tx,337,136,1,1,1787953657173643085,1787953657173571585,5234258451324,5234258476824,72,0,0
rx,338,137,1,1,1787953657175897900,1787953657174822474,5234260705898,0,0,0,0
tx,338,137,1,1,1787953657175905400,1787953657174822474,5234260713639,5234260738750,72,0,0
rx,339,138,1,1,1787953657177053585,1787953657176020437,5234261861602,0,0,0,0
tx,339,138,1,1,1787953657177065103,1787953657176020437,5234261873361,5234261897991,72,0,0
rx,340,139,1,1,1787953657178208418,1787953657177212492,5234263016435,0,0,0,0
tx,340,139,1,1,1787953657178216011,1787953657177212492,5234263024268,5234263047935,72,0,0
rx,341,140,1,1,1787953657179358251,1787953657178425159,5234264166268,0,0,0,0
tx,341,140,1,1,1787953657179365659,1787953657178425159,5234264173898,5234264197879,72,0,0
rx,342,141,1,1,1787953657180504992,1787953657179593714,5234265313009,0,0,0,0
tx,342,141,1,1,1787953657180512085,1787953657179593714,5234265320342,5234265343953,72,0,0
rx,343,142,1,1,1787953657274750548,1787953657274717362,5234359558546,0,0,0,0
tx,343,142,1,1,1787953657274759381,1787953657274717362,5234359567639,5234359603379,72,0,0
rx,344,143,1,1,1787953657277019307,1787953657276320548,5234361827287,0,0,0,0
tx,344,143,1,1,1787953657277027159,1787953657276320548,5234361835435,5234361859879,72,0,0
rx,345,144,1,1,1787953657278195918,1787953657277550085,5234363003935,0,0,0,0
tx,345,144,1,1,1787953657278203325,1787953657277550085,5234363011565,5234363036490,72,0,0
rx,346,145,1,1,1787953657279343344,1787953657279045603,5234364151342,0,0,0,0
tx,346,145,1,1,1787953657279350511,1787953657279045603,5234364158750,5234364183324,72,0,0
rx,347,146,1,1,1787953657280494548,1787953657280244029,5234365302565,0,0,0,0
tx,347,146,1,1,1787953657280501640,1787953657280244029,5234365309898,5234365333231,72,0,0
rx,348,147,1,1,1787953657281642140,1787953657281452011,5234366450157,0,0,0,0
tx,348,147,1,1,1787953657281653011,1787953657281452011,5234366461268,5234366485139,72,0,0
rx,349,148,1,1,1787953657282793770,1787953657282615714,5234367601768,0,0,0,0
tx,349,148,1,1,1787953657282800918,1787953657282615714,5234367609157,5234367632879,72,0,0
rx,350,149,1,1,1787953657377919992,1787953657377190899,5234462727990,0,0,0,0
tx,350,149,1,1,1787953657377931862,1787953657377190899,5234462740139,5234462775324,72,0,0
rx,351,150,1,1,1787953657379110603,1787953657378555714,5234463918620,0,0,0,0
tx,351,150,1,1,1787953657379118122,1787953657378555714,5234463926379,5234463950731,72,0,0
rx,352,151,1,1,1787953657380261214,1787953657379730085,5234465069194,0,0,0,0
tx,352,151,1,1,1787953657380268362,1787953657379730085,5234465076620,5234465100379,72,0,0
rx,354,153,1,1,1787953657382485270,1787953657382105122,5234467293268,0,0,0,0
tx,354,153,1,1,1787953657382492418,1787953657382105122,5234467300676,5234467325009,72,0,0
rx,355,154,1,1,1787953657383632325,1787953657383302011,5234468440324,0,0,0,0
tx,355,154,1,1,1787953657383639548,1787953657383302011,5234468447787,5234468471361,72,0,0
rx,356,155,1,1,1787953657479919881,1787953657479541177,5234564727861,0,0,0,0
tx,356,155,1,1,1787953657479929048,1787953657479541177,5234564737305,5234564775064,72,0,0
rx,357,156,1,1,1787953657481114696,1787953657480682955,5234565922694,0,0,0,0
tx,357,156,1,1,1787953657481121770,1787953657480682955,5234565930027,5234565953898,72,0,0
rx,358,157,1,1,1787953657482264733,1787953657481885510,5234567072750,0,0,0,0
tx,358,157,1,1,1787953657482272010,1787953657481885510,5234567080268,5234567104027,72,0,0
rx,359,158,1,1,1787953657483415696,1787953657483045048,5234568223713,0,0,0,0
tx,359,158,1,1,1787953657483426992,1787953657483045048,5234568235250,5234568260268,72,0,0
rx,360,159,1,1,1787953657484571362,1787953657484465029,5234569379361,0,0,0,0
tx,360,159,1,1,1787953657484578529,1787953657484465029,5234569386787,5234569410009,72,0,0
rx,361,160,1,1,1787953657485715399,1787953657485612622,5234570523416,0,0,0,0
tx,361,160,1,1,1787953657485722640,1787953657485612622,5234570530879,5234570554398,72,0,0
rx,362,161,1,1,1787953657486889307,1787953657486766029,5234571697305,0,0,0,0
tx,362,161,1,1,1787953657486896566,1787953657486766029,5234571704824,5234571729379,72,0,0
rx,363,162,1,1,1787953657582202233,1787953657581948640,5234667010194,0,0,0,0
tx,363,162,1,1,1787953657582211122,1787953657581948640,5234667019361,5234667055713,72,0,0
rx,364,163,1,1,1787953657583391473,1787953657583136677,5234668199490,0,0,0,0
tx,364,163,1,1,1787953657583398696,1787953657583136677,5234668206935,5234668231787,72,0,0
rx,365,164,1,1,1787953657584544159,1787953657584291010,5234669352175,0,0,0,0
tx,365,164,1,1,1787953657584551214,1787953657584291010,5234669359472,5234669383842,72,0,0
rx,366,165,1,1,1787953657585691899,1787953657585450585,5234670499916,0,0,0,0
tx,366,165,1,1,1787953657585698992,1787953657585450585,5234670507231,5234670530472,72,0,0
rx,367,166,1,1,1787953657586838010,1787953657586622603,5234671646027,0,0,0,0
tx,367,166,1,1,1787953657586845085,1787953657586622603,5234671653324,5234671676879,72,0,0
rx,368,167,1,1,1787953657587986362,1787953657587779047,5234672794379,0,0,0,0
tx,368,167,1,1,1787953657587997288,1787953657587779047,5234672805527,5234672829620,72,0,0
rx,369,168,1,1,1787953657590216436,1787953657589197473,5234675024416,0,0,0,0
tx,369,168,1,1,1787953657590223529,1787953657589197473,5234675031787,5234675054824,72,0,0
rx,370,169,1,1,1787953657684305492,1787953657684272270,5234769113490,0,0,0,0
tx,370,169,1,1,1787953657684317936,1787953657684272270,5234769126212,5234769163324,72,0,0
rx,371,170,1,1,1787953657685499492,1787953657685440140,5234770307490,0,0,0,0
tx,371,170,1,1,1787953657685507121,1787953657685440140,5234770315361,5234770339953,72,0,0
rx,372,171,1,1,1787953657686650121,1787953657686587992,5234771458138,0,0,0,0
tx,372,171,1,1,1787953657686657381,1787953657686587992,5234771465638,5234771489657,72,0,0
rx,373,172,1,1,1787953657687829418,1787953657687767603,5234772637416,0,0,0,0
tx,373,172,1,1,1787953657687836603,1787953657687767603,5234772644861,5234772669787,72,0,0
rx,374,173,1,1,1787953657688982362,1787953657688922399,5234773790379,0,0,0,0
tx,374,173,1,1,1787953657688989566,1787953657688922399,5234773797805,5234773821064,72,0,0
rx,375,174,1,1,1787953657690130177,1787953657690109807,5234774938175,0,0,0,0
tx,375,174,1,1,1787953657690137270,1787953657690109807,5234774945527,5234774969287,72,0,0
rx,376,175,1,1,1787953657692356751,1787953657691309103,5234777164749,0,0,0,0
tx,376,175,1,1,1787953657692367399,1787953657691309103,5234777175638,5234777199990,72,0,0
rx,377,176,1,1,1787953657787428936,1787953657786796029,5234872236953,0,0,0,0
tx,377,176,1,1,1787953657787437084,1787953657786796029,5234872245323,5234872281046,72,0,0
rx,378,177,1,1,1787953657788616344,1787953657788048492,5234873424361,0,0,0,0
tx,378,177,1,1,1787953657788626992,1787953657788048492,5234873435231,5234873459916,72,0,0
rx,379,178,1,1,1787953657789771695,1787953657789268436,5234874579712,0,0,0,0
tx,379,178,1,1,1787953657789778788,1787953657789268436,5234874587027,5234874610990,72,0,0
rx,380,179,1,1,1787953657790918918,1787953657790761140,5234875726935,0,0,0,0
tx,380,179,1,1,1787953657790926158,1787953657790761140,5234875734416,5234875758416,72,0,0
rx,381,180,1,1,1787953657792066973,1787953657791969677,5234876874990,0,0,0,0
tx,381,180,1,1,1787953657792074121,1787953657791969677,5234876882379,5234876906046,72,0,0
rx,382,181,1,1,1787953657794290825,1787953657793197529,5234879098805,0,0,0,0
tx,382,181,1,1,1787953657794297862,1787953657793197529,5234879106101,5234879129842,72,0,0
rx,383,182,1,1,1787953657795437992,1787953657794407677,5234880245990,0,0,0,0
tx,383,182,1,1,1787953657795445362,1787953657794407677,5234880253601,5234880278175,72,0,0
rx,384,183,1,1,1787953657889530807,1787953657889196751,5234974338749,0,0,0,0
tx,384,183,1,1,1787953657889539270,1787953657889196751,5234974347527,5234974382879,72,0,0
rx,385,184,1,1,1787953657890718658,1787953657890449584,5234975526657,0,0,0,0
tx,385,184,1,1,1787953657890725936,1787953657890449584,5234975534194,5234975557675,72,0,0
rx,386,185,1,1,1787953657891866232,1787953657891726825,5234976674249,0,0,0,0
tx,386,185,1,1,1787953657891873399,1787953657891726825,5234976681657,5234976705675,72,0,0
rx,387,186,1,1,1787953657893013510,1787953657892966492,5234977821509,0,0,0,0
tx,387,186,1,1,1787953657893020677,1787953657892966492,5234977828935,5234977852860,72,0,0
rx,388,187,1,1,1787953657895236992,1787953657894163788,5234980045009,0,0,0,0
tx,388,187,1,1,1787953657895244325,1787953657894163788,5234980052564,5234980077823,72,0,0
rx,389,188,1,1,1787953657896389658,1787953657895659325,5234981197675,0,0,0,0
tx,389,188,1,1,1787953657896396677,1787953657895659325,5234981204916,5234981228083,72,0,0
rx,390,189,1,1,1787953657897561658,1787953657896880695,5234982369657,0,0,0,0
tx,390,189,1,1,1787953657897568714,1787953657896880695,5234982376972,5234982400601,72,0,0
rx,391,190,1,1,1787953657992656084,1787953657991652325,5235077464101,0,0,0,0
tx,391,190,1,1,1787953657992664010,1787953657991652325,5235077472268,5235077507916,72,0,0
rx,392,191,1,1,1787953657993838195,1787953657992989010,5235078646212,0,0,0,0
tx,392,191,1,1,1787953657993845232,1787953657992989010,5235078653472,5235078676712,72,0,0
rx,393,192,1,1,1787953657994982269,1787953657994259344,5235079790268,0,0,0,0
tx,393,192,1,1,1787953657994989325,1787953657994259344,5235079797583,5235079821009,72,0,0
rx,394,193,1,1,1787953657996144732,1787953657995732232,5235080952638,0,0,0,0
tx,394,193,1,1,1787953657996151973,1787953657995732232,5235080960212,5235080984842,72,0,0
rx,395,194,1,1,1787953657997296214,1787953657997005158,5235082104231,0,0,0,0
tx,395,194,1,1,1787953657997303232,1787953657997005158,5235082111490,5235082135046,72,0,0
rx,396,195,1,1,1787953657998445455,1787953657998176084,5235083253472,0,0,0,0
tx,396,195,1,1,1787953657998455918,1787953657998176084,5235083264175,5235083287786,72,0,0
rx,397,196,1,1,1787953658094703973,1787953658094057492,5235179511990,0,0,0,0
tx,397,196,1,1,1787953658094715510,1787953658094057492,5235179523749,5235179557675,72,0,0
rx,398,197,1,1,1787953658095889029,1787953658095250732,5235180697046,0,0,0,0
tx,398,197,1,1,1787953658095896288,1787953658095250732,5235180704527,5235180728323,72,0,0
rx,399,198,1,1,1787953658097035232,1787953658096554603,5235181843212,0,0,0,0
tx,399,198,1,1,1787953658097042362,1787953658096554603,5235181850601,5235181874860,72,0,0
rx,400,199,1,1,1787953658098180214,1787953658097822232,5235182988231,0,0,0,0
tx,400,199,1,1,1787953658098187362,1787953658097822232,5235182995601,5235183018990,72,0,0
rx,401,200,1,1,1787953658100407695,1787953658099415380,5235185215694,0,0,0,0
tx,401,200,1,1,1787953658100415010,1787953658099415380,5235185223268,5235185246860,72,0,0
rx,402,0,1,1,1787953658101557843,1787953658100618936,5235186365842,0,0,0,0
tx,402,0,1,1,1787953658101564973,1787953658100618936,5235186373231,5235186397638,72,0,0
rx,403,1,1,1,1787953658102708158,1787953658101842288,5235187516157,0,0,0,0
tx,403,1,1,1,1787953658102719306,1787953658101842288,5235187527564,5235187551916,72,0,0
rx,404,2,1,1,1787953658196847547,1787953658196358677,5235281655397,0,0,0,0
tx,404,2,1,1,1787953658196856362,1787953658196358677,5235281664601,5235281702453,72,0,0
rx,405,3,1,1,1787953658198040899,1787953658197571455,5235282848916,0,0,0,0
tx,405,3,1,1,1787953658198048343,1787953658197571455,5235282856583,5235282881175,72,0,0
rx,406,4,1,1,1787953658199214232,1787953658198813343,5235284022249,0,0,0,0
tx,406,4,1,1,1787953658199226251,1787953658198813343,5235284034508,5235284061120,72,0,0
rx,407,5,1,1,1787953658200373232,1787953658199999917,5235285181249,0,0,0,0
tx,407,5,1,1,1787953658200380362,1787953658199999917,5235285188620,5235285212638,72,0,0
rx,408,6,1,1,1787953658201542399,1787953658201284214,5235286350416,0,0,0,0
tx,408,6,1,1,1787953658201549547,1787953658201284214,5235286357786,5235286381990,72,0,0
rx,409,7,1,1,1787953658203769640,1787953658202776455,5235288577638,0,0,0,0
tx,409,7,1,1,1787953658203776769,1787953658202776455,5235288585008,5235288609138,72,0,0
rx,410,8,1,1,1787953658204916769,1787953658203997862,5235289724786,0,0,0,0
tx,410,8,1,1,1787953658204923973,1787953658203997862,5235289732212,5235289755249,72,0,0
rx,411,9,1,1,1787953658299235825,1787953658298818991,5235384043731,0,0,0,0
tx,411,9,1,1,1787953658299246158,1787953658298818991,5235384054416,5235384091342,72,0,0
rx,412,10,1,1,1787953658300430177,1787953658300213399,5235385238194,0,0,0,0
tx,412,10,1,1,1787953658300437566,1787953658300213399,5235385245805,5235385270712,72,0,0
rx,413,11,1,1,1787953658301582529,1787953658301428103,5235386390545,0,0,0,0
tx,413,11,1,1,1787953658301589695,1787953658301428103,5235386397934,5235386422008,72,0,0
rx,414,12,1,1,1787953658303998529,1787953658302731214,5235388806527,0,0,0,0
tx,414,12,1,1,1787953658304009973,1787953658302731214,5235388818212,5235388846212,72,0,0
rx,415,13,1,1,1787953658305182029,1787953658304012362,5235389989990,0,0,0,0
tx,415,13,1,1,1787953658305189880,1787953658304012362,5235389998138,5235390026601,72,0,0
rx,416,14,1,1,1787953658306343121,1787953658305904066,5235391151138,0,0,0,0
tx,416,14,1,1,1787953658306350806,1787953658305904066,5235391159045,5235391185231,72,0,0
rx,417,15,1,1,1787953658307498325,1787953658306736603,5235392306323,0,0,0,0
tx,417,15,1,1,1787953658307505973,1787953658306736603,5235392314323,5235392339323,72,0,0
rx,418,16,1,1,1787953658401858140,1787953658401203603,5235486666119,0,0,0,0
tx,418,16,1,1,1787953658401866843,1787953658401203603,5235486675082,5235486710768,72,0,0
rx,420,18,1,1,1787953658404125788,1787953658403649973,5235488933749,0,0,0,0
tx,420,18,1,1,1787953658404133566,1787953658403649973,5235488941823,5235488966823,72,0,0
rx,421,19,1,1,1787953658405277880,1787953658405176806,5235490085879,0,0,0,0
tx,421,19,1,1,1787953658405285158,1787953658405176806,5235490093397,5235490116342,72,0,0
rx,422,20,1,1,1787953658407516880,1787953658406410232,5235492324897,0,0,0,0
tx,422,20,1,1,1787953658407524510,1787953658406410232,5235492332768,5235492359360,72,0,0
rx,423,21,1,1,1787953658408683399,1787953658407673010,5235493491397,0,0,0,0
tx,423,21,1,1,1787953658408695695,1787953658407673010,5235493503953,5235493533693,72,0,0
rx,424,22,1,1,1787953658410944769,1787953658410325917,5235495752768,0,0,0,0
tx,424,22,1,1,1787953658410952917,1787953658410325917,5235495761175,5235495790008,72,0,0
rx,425,23,1,1,1787953658504321380,1787953658503571232,5235589129397,0,0,0,0
tx,425,23,1,1,1787953658504330084,1787953658503571232,5235589138323,5235589174305,72,0,0
rx,426,24,1,1,1787953658505561732,1787953658504869621,5235590369749,0,0,0,0
tx,426,24,1,1,1787953658505575102,1787953658504869621,5235590383342,5235590416082,72,0,0
rx,427,25,1,1,1787953658507846473,1787953658507011991,5235592654490,0,0,0,0
tx,427,25,1,1,1787953658507854602,1787953658507011991,5235592662842,5235592693064,72,0,0
rx,429,27,1,1,1787953658509013306,1787953658508741528,5235593821305,0,0,0,0
tx,429,27,1,1,1787953658509020640,1787953658508741528,5235593828879,5235593854175,72,0,0
rx,430,28,1,1,1787953658510162695,1787953658509961232,5235594970712,0,0,0,0
tx,430,28,1,1,1787953658510169954,1787953658509961232,5235594978193,5235595002082,72,0,0
rx,431,29,1,1,1787953658511310417,1787953658511246380,5235596118434,0,0,0,0
tx,431,29,1,1,1787953658511317510,1787953658511246380,5235596125749,5235596149712,72,0,0
rx,433,31,1,1,1787953658607883065,1787953658607333251,5235692691082,0,0,0,0
tx,433,31,1,1,1787953658607891880,1787953658607333251,5235692700138,5235692739193,72,0,0
rx,434,32,1,1,1787953658609076010,1787953658608620102,5235693884008,0,0,0,0
tx,434,32,1,1,1787953658609083528,1787953658608620102,5235693891767,5235693925730,72,0,0
rx,435,33,1,1,1787953658610244325,1787953658609870158,5235695052342,0,0,0,0
tx,435,33,1,1,1787953658610255473,1787953658609870158,5235695063712,5235695090119,72,0,0
rx,436,34,1,1,1787953658611404139,1787953658611129862,5235696212119,0,0,0,0
tx,436,34,1,1,1787953658611411621,1787953658611129862,5235696219879,5235696245416,72,0,0
rx,437,35,1,1,1787953658613634399,1787953658612603065,5235698442397,0,0,0,0
tx,437,35,1,1,1787953658613641584,1787953658612603065,5235698449823,5235698473471,72,0,0
rx,438,36,1,1,1787953658708990806,1787953658708418139,5235793798804,0,0,0,0
tx,438,36,1,1,1787953658709000065,1787953658708418139,5235793808304,5235793846416,72,0,0
rx,439,37,1,1,1787953658710180713,1787953658709714195,5235794988712,0,0,0,0
tx,439,37,1,1,1787953658710188176,1787953658709714195,5235794996434,5235795021601,72,0,0
rx,440,38,1,1,1787953658711328121,1787953658711000417,5235796136119,0,0,0,0
tx,440,38,1,1,1787953658711335639,1787953658711000417,5235796143897,5235796168008,72,0,0
rx,441,39,1,1,1787953658712477547,1787953658712320232,5235797285545,0,0,0,0
tx,441,39,1,1,1787953658712484806,1787953658712320232,5235797293045,5235797317193,72,0,0
rx,442,40,1,1,1787953658713642251,1787953658713589084,5235798450267,0,0,0,0
tx,442,40,1,1,1787953658713649751,1787953658713589084,5235798457990,5235798483675,72,0,0
rx,444,42,1,1,1787953658717029880,1787953658716123028,5235801837860,0,0,0,0
tx,444,42,1,1,1787953658717037880,1787953658716123028,5235801846138,5235801877804,72,0,0
rx,445,43,1,1,1787953658811299343,1787953658810824732,5235896107360,0,0,0,0
tx,445,43,1,1,1787953658811311862,1787953658810824732,5235896120138,5235896156212,72,0,0
rx,446,44,1,1,1787953658812520250,1787953658812143954,5235897328267,0,0,0,0
tx,446,44,1,1,1787953658812527843,1787953658812143954,5235897336119,5235897360934,72,0,0
rx,447,45,1,1,1787953658813672158,1787953658813364547,5235898480138,0,0,0,0
tx,447,45,1,1,1787953658813679399,1787953658813364547,5235898487638,5235898511490,72,0,0
rx,449,47,1,1,1787953658816975713,1787953658816215232,5235901783712,0,0,0,0
tx,449,47,1,1,1787953658816983602,1787953658816215232,5235901791860,5235901819193,72,0,0
rx,450,48,1,1,1787953658818139750,1787953658817461010,5235902947767,0,0,0,0
tx,450,48,1,1,1787953658818147306,1787953658817461010,5235902955564,5235902981138,72,0,0
rx,451,49,1,1,1787953658913802250,1787953658913073880,5235998610249,0,0,0,0
tx,451,49,1,1,1787953658913811510,1787953658913073880,5235998619767,5235998659341,72,0,0
rx,452,50,1,1,1787953658915017454,1787953658914193158,5235999825452,0,0,0,0
tx,452,50,1,1,1787953658915025269,1787953658914193158,5235999833527,5235999860952,72,0,0
rx,453,51,1,1,1787953658916194213,1787953658915329454,5236001002193,0,0,0,0
tx,453,51,1,1,1787953658916207417,1787953658915329454,5236001015675,5236001056989,72,0,0
rx,454,52,1,1,1787953658917464213,1787953658916498880,5236002272212,0,0,0,0
tx,454,52,1,1,1787953658917472861,1787953658916498880,5236002281138,5236002308915,72,0,0
rx,455,53,1,0,1787953658918861528,1787953658917549676,5236003669545,0,0,0,0
rx,456,54,1,1,1787953658918867158,1787953658918651176,5236003675156,0,0,0,0
tx,456,54,1,1,1787953658918874510,1787953658918651176,5236003682786,5236003709082,72,0,0
rx,457,55,1,1,1787953658920026361,1787953658919771713,5236004834323,0,0,0,0
tx,457,55,1,1,1787953658920034713,1787953658919771713,5236004842952,5236004870601,72,0,0
rx,458,56,1,1,1787953658921195602,1787953658920895084,5236006003619,0,0,0,0
tx,458,56,1,1,1787953658921203658,1787953658920895084,5236006011915,5236006039267,72,0,0
rx,459,57,1,1,1787953659015908454,1787953659015531917,5236100716471,0,0,0,0
tx,459,57,1,1,1787953659015918158,1787953659015531917,5236100726415,5236100767545,72,0,0
rx,460,58,1,1,1787953659017119250,1787953659016673510,5236101927212,0,0,0,0
tx,460,58,1,1,1787953659017126676,1787953659016673510,5236101934934,5236101963489,72,0,0
rx,461,59,1,1,1787953659018289361,1787953659017751121,5236103097378,0,0,0,0
tx,461,59,1,1,1787953659018296991,1787953659017751121,5236103105230,5236103133212,72,0,0
rx,462,60,1,1,1787953659019456343,1787953659018916584,5236104264360,0,0,0,0
tx,462,60,1,1,1787953659019464602,1787953659018916584,5236104272860,5236104300675,72,0,0
rx,463,61,1,1,1787953659020622417,1787953659020023213,5236105430434,0,0,0,0
tx,463,61,1,1,1787953659020649547,1787953659020023213,5236105457804,5236105485564,72,0,0
rx,464,62,1,1,1787953659021808436,1787953659021145250,5236106616434,0,0,0,0
tx,464,62,1,1,1787953659021816306,1787953659021145250,5236106624564,5236106650841,72,0,0
rx,465,63,1,1,1787953659022995047,1787953659022272880,5236107803045,0,0,0,0
tx,465,63,1,1,1787953659023002991,1787953659022272880,5236107811230,5236107838675,72,0,0
rx,466,64,1,1,1787953659118512084,1787953659117880713,5236203320082,0,0,0,0
tx,466,64,1,1,1787953659118521158,1787953659117880713,5236203329415,5236203367026,72,0,0
rx,467,65,1,1,1787953659220843732,1787953659220315639,5236305651730,0,0,0,0
tx,467,65,1,1,1787953659220852954,1787953659220315639,5236305661212,5236305700526,72,0,0
rx,468,66,1,1,1787953659222056898,1787953659221468287,5236306864897,0,0,0,0
tx,468,66,1,1,1787953659222069380,1787953659221468287,5236306877637,5236306906693,72,0,0
rx,469,67,1,1,1787953659223241732,1787953659222558509,5236308049749,0,0,0,0
tx,469,67,1,1,1787953659223249861,1787953659222558509,5236308058119,5236308084174,72,0,0
rx,470,68,1,1,1787953659224406065,1787953659223665435,5236309214082,0,0,0,0
tx,470,68,1,1,1787953659224413602,1787953659223665435,5236309221860,5236309247526,72,0,0
rx,471,69,1,1,1787953659225565880,1787953659224797972,5236310373897,0,0,0,0
tx,471,69,1,1,1787953659225573528,1787953659224797972,5236310381786,5236310407452,72,0,0
rx,472,70,1,1,1787953659226729343,1787953659225906269,5236311537323,0,0,0,0
tx,472,70,1,1,1787953659226736972,1787953659225906269,5236311545230,5236311571674,72,0,0
rx,473,71,1,1,1787953659227893584,1787953659227019306,5236312701600,0,0,0,0
tx,473,71,1,1,1787953659227901195,1787953659227019306,5236312709489,5236312736045,72,0,0
rx,474,72,1,1,1787953659229205584,1787953659228140861,5236314013545,0,0,0,0
tx,474,72,1,1,1787953659229213546,1787953659228140861,5236314021786,5236314052082,72,0,0
rx,475,73,1,1,1787953659230377695,1787953659229318102,5236315185693,0,0,0,0
tx,475,73,1,1,1787953659230389880,1787953659229318102,5236315198137,5236315225008,72,0,0
rx,476,74,1,0,1787953659231577028,1787953659230473917,5236316385045,0,0,0,0
rx,477,75,1,1,1787953659231582935,1787953659231525324,5236316390934,0,0,0,0
tx,477,75,1,1,1787953659231590084,1787953659231525324,5236316398341,5236316425452,72,0,0
rx,478,76,1,1,1787953659232834102,1787953659232615454,5236317642119,0,0,0,0
tx,478,76,1,1,1787953659232841935,1787953659232615454,5236317650193,5236317676897,72,0,0
rx,479,77,1,1,1787953659323099287,1787953659322726898,5236407907286,0,0,0,0
tx,479,77,1,1,1787953659323108287,1787953659322726898,5236407916526,5236407954674,72,0,0
rx,480,78,1,1,1787953659324332695,1787953659323818195,5236409140693,0,0,0,0
tx,480,78,1,1,1787953659324340824,1787953659323818195,5236409149082,5236409175897,72,0,0
rx,481,79,1,1,1787953659325497843,1787953659324950602,5236410305841,0,0,0,0
tx,481,79,1,1,1787953659325505361,1787953659324950602,5236410313600,5236410340286,72,0,0
rx,482,80,1,1,1787953659326659102,1787953659326081917,5236411467100,0,0,0,0
tx,482,80,1,1,1787953659326671621,1787953659326081917,5236411479878,5236411506563,72,0,0
rx,483,81,1,1,1787953659327860324,1787953659327183028,5236412668341,0,0,0,0
tx,483,81,1,1,1787953659327868176,1787953659327183028,5236412676434,5236412705286,72,0,0
rx,484,82,1,1,1787953659329032954,1787953659328301083,5236413840952,0,0,0,0
tx,484,82,1,1,1787953659329040472,1787953659328301083,5236413848730,5236413875786,72,0,0
rx,485,83,1,1,1787953659330196417,1787953659329435583,5236415004397,0,0,0,0
tx,485,83,1,1,1787953659330204176,1787953659329435583,5236415012434,5236415038045,72,0,0
rx,486,84,1,1,1787953659425840102,1787953659425096528,5236510648100,0,0,0,0
tx,486,84,1,1,1787953659425848991,1787953659425096528,5236510657248,5236510695156,72,0,0
rx,487,85,1,1,1787953659427044157,1787953659426207361,5236511852156,0,0,0,0
tx,487,85,1,1,1787953659427052232,1787953659426207361,5236511860471,5236511887545,72,0,0
rx,488,86,1,1,1787953659428208991,1787953659427346046,5236513016989,0,0,0,0
tx,488,86,1,1,1787953659428216620,1787953659427346046,5236513024878,5236513051174,72,0,0
rx,490,88,1,1,1787953659430561361,1787953659429561880,5236515369378,0,0,0,0
tx,490,88,1,1,1787953659430570657,1787953659429561880,5236515378915,5236515443452,72,0,0
rx,491,89,1,1,1787953659431766028,1787953659430729028,5236516574026,0,0,0,0
tx,491,89,1,1,1787953659431778454,1787953659430729028,5236516586711,5236516621341,72,0,0
rx,492,90,1,1,1787953659432946935,1787953659431874343,5236517754934,0,0,0,0
tx,492,90,1,1,1787953659432954454,1787953659431874343,5236517762711,5236517788526,72,0,0
rx,493,91,1,1,1787953659528558176,1787953659527551435,5236613366193,0,0,0,0
tx,493,91,1,1,1787953659528567417,1787953659527551435,5236613375656,5236613487619,72,0,0
rx,494,92,1,0,1787953659530015435,1787953659528619602,5236614823452,0,0,0,0
rx,495,93,1,1,1787953659530021917,1787953659529728269,5236614829934,0,0,0,0
tx,495,93,1,1,1787953659530029139,1787953659529728269,5236614837397,5236614865285,72,0,0
rx,496,94,1,1,1787953659531222472,1787953659530845046,5236616030471,0,0,0,0
tx,496,94,1,1,1787953659531231602,1787953659530845046,5236616039859,5236616067804,72,0,0
rx,497,95,1,1,1787953659532395269,1787953659531966361,5236617203267,0,0,0,0
tx,497,95,1,1,1787953659532417824,1787953659531966361,5236617226082,5236617253619,72,0,0
rx,498,96,1,1,1787953659533574694,1787953659533081620,5236618382693,0,0,0,0
tx,498,96,1,1,1787953659533582250,1787953659533081620,5236618390489,5236618416285,72,0,0
rx,499,97,1,1,1787953659534735176,1787953659534407139,5236619543174,0,0,0,0
tx,499,97,1,1,1787953659534742713,1787953659534407139,5236619550971,5236619577415,72,0,0
rx,500,98,1,1,1787953659630305861,1787953659629876972,5236715113859,0,0,0,0
tx,500,98,1,1,1787953659630315898,1787953659629876972,5236715124156,5236715163026,72,0,0
rx,501,99,1,1,1787953659631505268,1787953659631008491,5236716313267,0,0,0,0
tx,501,99,1,1,1787953659631512806,1787953659631008491,5236716321045,5236716346952,72,0,0
rx,502,100,1,1,1787953659632663472,1787953659632192898,5236717471471,0,0,0,0
tx,502,100,1,1,1787953659632675472,1787953659632192898,5236717483730,5236717509193,72,0,0
rx,503,101,1,1,1787953659633869954,1787953659633310028,5236718677952,0,0,0,0
tx,503,101,1,1,1787953659633877565,1787953659633310028,5236718685804,5236718713359,72,0,0
rx,504,102,1,1,1787953659635028768,1787953659634440731,5236719836785,0,0,0,0
tx,504,102,1,1,1787953659635036213,1787953659634440731,5236719844471,5236719868915,72,0,0
rx,505,103,1,1,1787953659636179602,1787953659635535528,5236720987600,0,0,0,0
tx,505,103,1,1,1787953659636187065,1787953659635535528,5236720995304,5236721020989,72,0,0
rx,506,104,1,1,1787953659637334639,1787953659636666176,5236722142637,0,0,0,0
tx,506,104,1,1,1787953659637341861,1787953659636666176,5236722150100,5236722173934,72,0,0
rx,507,105,1,1,1787953659732952102,1787953659732325361,5236817760119,0,0,0,0
tx,507,105,1,1,1787953659732961028,1787953659732325361,5236817769285,5236817806989,72,0,0
rx,508,106,1,1,1787953659734143620,1787953659733422324,5236818951619,0,0,0,0
tx,508,106,1,1,1787953659734151102,1787953659733422324,5236818959359,5236818984508,72,0,0
rx,509,107,1,1,1787953659735302713,1787953659734557176,5236820110711,0,0,0,0
tx,509,107,1,1,1787953659735310509,1787953659734557176,5236820118767,5236820145248,72,0,0
rx,510,108,1,1,1787953659736463676,1787953659735725694,5236821271674,0,0,0,0
tx,510,108,1,1,1787953659736471361,1787953659735725694,5236821279619,5236821304470,72,0,0
rx,511,109,1,1,1787953659737619176,1787953659736814009,5236822427174,0,0,0,0
tx,511,109,1,1,1787953659737630842,1787953659736814009,5236822439082,5236822464285,72,0,0
rx,512,110,1,1,1787953659738775639,1787953659737917824,5236823583656,0,0,0,0
tx,512,110,1,1,1787953659738783028,1787953659737917824,5236823591285,5236823615600,72,0,0
rx,513,111,1,1,1787953659835361842,1787953659834676361,5236920169841,0,0,0,0
tx,513,111,1,1,1787953659835371231,1787953659834676361,5236920179489,5236920215748,72,0,0
rx,514,112,1,1,1787953659836561342,1787953659835793528,5236921369341,0,0,0,0
tx,514,112,1,1,1787953659836568898,1787953659835793528,5236921377156,5236921403822,72,0,0
rx,515,113,1,1,1787953659837717917,1787953659836902509,5236922525896,0,0,0,0
tx,515,113,1,1,1787953659837725083,1787953659836902509,5236922533341,5236922558248,72,0,0
rx,516,114,1,1,1787953659838868713,1787953659838014472,5236923676711,0,0,0,0
tx,516,114,1,1,1787953659838876213,1787953659838014472,5236923684470,5236923708933,72,0,0
rx,517,115,1,1,1787953659840017620,1787953659839136565,5236924825619,0,0,0,0
tx,517,115,1,1,1787953659840024935,1787953659839136565,5236924833174,5236924857878,72,0,0
rx,518,116,1,1,1787953659841183139,1787953659840281805,5236925991137,0,0,0,0
tx,518,116,1,1,1787953659841190676,1787953659840281805,5236925998933,5236926024026,72,0,0
rx,519,117,1,1,1787953659842459472,1787953659841437009,5236927267489,0,0,0,0
tx,519,117,1,1,1787953659842472213,1787953659841437009,5236927280470,5236927309044,72,0,0
rx,520,118,1,1,1787953659937227287,1787953659937161268,5237022035304,0,0,0,0
tx,520,118,1,1,1787953659937236287,1787953659937161268,5237022044544,5237022081470,72,0,0
rx,521,119,1,1,1787953659938538398,1787953659938216824,5237023346396,0,0,0,0
tx,521,119,1,1,1787953659938551879,1787953659938216824,5237023360137,5237023390674,72,0,0
rx,522,120,1,1,1787953659939721453,1787953659939338583,5237024529452,0,0,0,0
tx,522,120,1,1,1787953659939729046,1787953659939338583,5237024537304,5237024564248,72,0,0
rx,523,121,1,1,1787953659940883842,1787953659940436416,5237025691841,0,0,0,0
tx,523,121,1,1,1787953659940891324,1787953659940436416,5237025699581,5237025725081,72,0,0
rx,524,122,1,1,1787953659942042102,1787953659941536083,5237026850100,0,0,0,0
tx,524,122,1,1,1787953659942049879,1787953659941536083,5237026858137,5237026883859,72,0,0
rx,525,123,1,1,1787953659943229879,1787953659942677546,5237028037841,0,0,0,0
tx,525,123,1,1,1787953659943238009,1787953659942677546,5237028046248,5237028073119,72,0,0
rx,526,124,1,1,1787953659944394065,1787953659943791194,5237029202063,0,0,0,0
tx,526,124,1,1,1787953659944401509,1787953659943791194,5237029209748,5237029236304,72,0,0
rx,527,125,1,1,1787953660039973639,1787953660039503194,5237124781637,0,0,0,0
tx,527,125,1,1,1787953660039983102,1787953660039503194,5237124791359,5237124830322,72,0,0
rx,528,126,1,1,1787953660041178379,1787953660040634342,5237125986378,0,0,0,0
tx,528,126,1,1,1787953660041186120,1787953660040634342,5237125994378,5237126021581,72,0,0
rx,529,127,1,1,1787953660042342805,1787953660041772842,5237127150822,0,0,0,0
tx,529,127,1,1,1787953660042367694,1787953660041772842,5237127175933,5237127202693,72,0,0
rx,530,128,1,1,1787953660043525490,1787953660042902990,5237128333489,0,0,0,0
tx,530,128,1,1,1787953660043537305,1787953660042902990,5237128345563,5237128372748,72,0,0
rx,531,129,1,1,1787953660044702713,1787953660043966453,5237129510711,0,0,0,0
tx,531,129,1,1,1787953660044710787,1787953660043966453,5237129519044,5237129544396,72,0,0
rx,532,130,1,1,1787953660045866157,1787953660045108453,5237130674174,0,0,0,0
tx,532,130,1,1,1787953660045874065,1787953660045108453,5237130682304,5237130709359,72,0,0
rx,533,131,1,1,1787953660047031787,1787953660046213342,5237131839804,0,0,0,0
tx,533,131,1,1,1787953660047039379,1787953660046213342,5237131847637,5237131873248,72,0,0
rx,534,132,1,1,1787953660142653157,1787953660142006639,5237227461155,0,0,0,0
tx,534,132,1,1,1787953660142662472,1787953660142006639,5237227470730,5237227509600,72,0,0
rx,535,133,1,1,1787953660143859361,1787953660143299472,5237228667378,0,0,0,0
tx,535,133,1,1,1787953660143867194,1787953660143299472,5237228675452,5237228702674,72,0,0
rx,536,134,1,1,1787953660145026527,1787953660144561990,5237229834544,0,0,0,0
tx,536,134,1,1,1787953660145034194,1787953660144561990,5237229842452,5237229868378,72,0,0
rx,537,135,1,1,1787953660146358139,1787953660146123787,5237231166137,0,0,0,0
tx,537,135,1,1,1787953660146366046,1787953660146123787,5237231174304,5237231200248,72,0,0
rx,538,136,1,1,1787953660147555639,1787953660147426898,5237232363637,0,0,0,0
tx,538,136,1,1,1787953660147805713,1787953660147426898,5237232613989,5237232647989,72,0,0
rx,539,137,1,1,1787953660150088750,1787953660149447324,5237234896748,0,0,0,0
tx,539,137,1,1,1787953660150097287,1787953660149447324,5237234905526,5237234937674,72,0,0
rx,540,138,1,1,1787953660151508953,1787953660150151231,5237236316970,0,0,0,0
tx,540,138,1,1,1787953660151517213,1787953660150151231,5237236325470,5237236352785,72,0,0
rx,541,139,1,1,1787953660245933861,1787953660245854472,5237330741859,0,0,0,0
tx,541,139,1,1,1787953660245942842,1787953660245854472,5237330751118,5237330787915,72,0,0
rx,543,141,1,1,1787953660248229027,1787953660247519490,5237333037026,0,0,0,0
tx,543,141,1,1,1787953660248237546,1787953660247519490,5237333045859,5237333075489,72,0,0
rx,544,142,1,1,1787953660249407287,1787953660248742842,5237334215304,0,0,0,0
tx,544,142,1,1,1787953660249415213,1787953660248742842,5237334223470,5237334252100,72,0,0
rx,545,143,1,1,1787953660250572213,1787953660249990638,5237335380192,0,0,0,0
tx,545,143,1,1,1787953660250579768,1787953660249990638,5237335388007,5237335414692,72,0,0
rx,546,144,1,1,1787953660251733324,1787953660251266953,5237336541322,0,0,0,0
tx,546,144,1,1,1787953660251740953,1787953660251266953,5237336549192,5237336576433,72,0,0
rx,547,145,1,1,1787953660252897120,1787953660252461305,5237337705137,0,0,0,0
tx,547,145,1,1,1787953660252909453,1787953660252461305,5237337717692,5237337743748,72,0,0
rx,548,146,1,1,1787953660347345731,1787953660346820416,5237432153748,0,0,0,0
tx,548,146,1,1,1787953660347355175,1787953660346820416,5237432163415,5237432202155,72,0,0
rx,549,147,1,1,1787953660348599953,1787953660348082805,5237433407952,0,0,0,0
tx,549,147,1,1,1787953660348613268,1787953660348082805,5237433421526,5237433478803,72,0,0
rx,550,148,1,1,1787953660351034898,1787953660350810564,5237435842896,0,0,0,0
tx,550,148,1,1,1787953660351043824,1787953660350810564,5237435852063,5237435884563,72,0,0
rx,551,149,1,0,1787953660352421398,1787953660351114509,5237437229396,0,0,0,0
rx,552,150,1,1,1787953660352427564,1787953660351890898,5237437235581,0,0,0,0
tx,552,150,1,1,1787953660352434842,1787953660351890898,5237437243118,5237437271229,72,0,0
rx,553,151,1,1,1787953660353593157,1787953660353136601,5237438401174,0,0,0,0
tx,553,151,1,1,1787953660353600638,1787953660353136601,5237438408878,5237438434563,72,0,0
rx,554,152,1,1,1787953660450273712,1787953660449262546,5237535081711,0,0,0,0
tx,554,152,1,1,1787953660450283175,1787953660449262546,5237535091433,5237535131155,72,0,0
rx,555,153,1,1,1787953660451568879,1787953660450539620,5237536376859,0,0,0,0
tx,555,153,1,1,1787953660451623194,1787953660450539620,5237536431452,5237536495915,72,0,0
rx,556,154,1,1,1787953660452932175,1787953660451785361,5237537740192,0,0,0,0
tx,556,154,1,1,1787953660452940324,1787953660451785361,5237537748563,5237537776840,72,0,0
rx,557,155,1,0,1787953660454354249,1787953660453016861,5237539162248,0,0,0,0
rx,558,156,1,1,1787953660454360120,1787953660454255435,5237539168137,0,0,0,0
tx,558,156,1,1,1787953660454371953,1787953660454255435,5237539180211,5237539207470,72,0,0
rx,559,157,1,1,1787953660456623231,1787953660455847249,5237541431229,0,0,0,0
tx,559,157,1,1,1787953660456631379,1787953660455847249,5237541439637,5237541466618,72,0,0
rx,560,158,1,1,1787953660457792046,1787953660457094620,5237542600063,0,0,0,0
tx,560,158,1,1,1787953660457799916,1787953660457094620,5237542608155,5237542635952,72,0,0
rx,561,159,1,1,1787953660552278786,1787953660551553157,5237637086803,0,0,0,0
tx,561,159,1,1,1787953660552288249,1787953660551553157,5237637096489,5237637136063,72,0,0
rx,562,160,1,1,1787953660553484435,1787953660552663805,5237638292377,0,0,0,0
tx,562,160,1,1,1787953660553492009,1787953660552663805,5237638300266,5237638327544,72,0,0
rx,563,161,1,1,1787953660554651620,1787953660553797731,5237639459618,0,0,0,0
tx,563,161,1,1,1787953660554686472,1787953660553797731,5237639494729,5237639522877,72,0,0
rx,564,162,1,1,1787953660555849601,1787953660554965416,5237640657600,0,0,0,0
tx,564,162,1,1,1787953660555857305,1787953660554965416,5237640665581,5237640740248,72,0,0
rx,565,163,1,1,1787953660557136046,1787953660556074323,5237641944044,0,0,0,0
tx,565,163,1,1,1787953660557144305,1787953660556074323,5237641952544,5237641980433,72,0,0
rx,566,164,1,0,1787953660558531472,1787953660557217694,5237643339489,0,0,0,0
rx,567,165,1,1,1787953660558578879,1787953660558297935,5237643386896,0,0,0,0
tx,567,165,1,1,1787953660558592546,1787953660558297935,5237643400803,5237643428174,72,0,0
rx,568,166,1,1,1787953660654362509,1787953660653973842,5237739170507,0,0,0,0
tx,568,166,1,1,1787953660654371657,1787953660653973842,5237739179896,5237739217951,72,0,0
rx,569,167,1,1,1787953660655566860,1787953660655004897,5237740374859,0,0,0,0
tx,569,167,1,1,1787953660655579268,1787953660655004897,5237740387507,5237740415896,72,0,0
rx,570,168,1,1,1787953660656743231,1787953660656179212,5237741551229,0,0,0,0
tx,570,168,1,1,1787953660656750805,1787953660656179212,5237741559063,5237741586470,72,0,0
rx,571,169,1,1,1787953660657908546,1787953660657279064,5237742716563,0,0,0,0
tx,571,169,1,1,1787953660657916083,1787953660657279064,5237742724322,5237742750137,72,0,0
rx,572,170,1,1,1787953660659069268,1787953660658413231,5237743877266,0,0,0,0
tx,572,170,1,1,1787953660659076768,1787953660658413231,5237743885025,5237743910563,72,0,0
rx,573,171,1,1,1787953660660229416,1787953660659530435,5237745037414,0,0,0,0
tx,573,171,1,1,1787953660660236842,1787953660659530435,5237745045100,5237745070785,72,0,0
rx,574,172,1,1,1787953660661395509,1787953660660652972,5237746203525,0,0,0,0
tx,574,172,1,1,1787953660661403342,1787953660660652972,5237746211581,5237746238729,72,0,0
rx,575,173,1,1,1787953660757084175,1787953660756293231,5237841892192,0,0,0,0
tx,575,173,1,1,1787953660757093194,1787953660756293231,5237841901451,5237841939581,72,0,0
rx,576,174,1,1,1787953660758287305,1787953660757414490,5237843095303,0,0,0,0
tx,576,174,1,1,1787953660758295416,1787953660757414490,5237843103674,5237843131229,72,0,0
rx,577,175,1,1,1787953660759585657,1787953660758564916,5237844393655,0,0,0,0
tx,577,175,1,1,1787953660759597916,1787953660758564916,5237844406174,5237844434377,72,0,0
rx,578,176,1,0,1787953660761010749,1787953660759660027,5237845818766,0,0,0,0
rx,579,177,1,1,1787953660761016138,1787953660760770583,5237845824137,0,0,0,0
tx,579,177,1,1,1787953660761023657,1787953660760770583,5237845831896,5237845858488,72,0,0
rx,580,178,1,1,1787953660762177286,1787953660761880397,5237846985303,0,0,0,0
tx,580,178,1,1,1787953660762184879,1787953660761880397,5237846993118,5237847019192,72,0,0
rx,581,179,1,1,1787953660763340027,1787953660763004990,5237848148044,0,0,0,0
tx,581,179,1,1,1787953660763347916,1787953660763004990,5237848156174,5237848183729,72,0,0
rx,582,180,1,0,1787953660859949527,1787953660859107027,5237944757525,0,0,0,0
rx,583,181,1,1,1787953660859956916,1787953660859876471,5237944764933,0,0,0,0
tx,583,181,1,1,1787953660859964564,1787953660859876471,5237944772803,5237944817636,72,0,0
rx,584,182,1,1,1787953660861211583,1787953660860981564,5237946019581,0,0,0,0
tx,584,182,1,1,1787953660861219342,1787953660860981564,5237946027599,5237946056229,72,0,0
rx,585,183,1,1,1787953660862384083,1787953660862126601,5237947192081,0,0,0,0
tx,585,183,1,1,1787953660862391786,1787953660862126601,5237947200044,5237947226711,72,0,0
rx,586,184,1,1,1787953660863549601,1787953660863294749,5237948357599,0,0,0,0
tx,586,184,1,1,1787953660863558046,1787953660863294749,5237948366285,5237948394007,72,0,0
rx,587,185,1,1,1787953660864686508,1787953660864372194,5237949494451,0,0,0,0
tx,587,185,1,1,1787953660864698601,1787953660864372194,5237949506859,5237949533359,72,0,0
rx,588,186,1,1,1787953660865855823,1787953660865526027,5237950663840,0,0,0,0
tx,588,186,1,1,1787953660865863323,1787953660865526027,5237950671581,5237950698525,72,0,0
rx,589,187,1,1,1787953660961564490,1787953660961104805,5238046372488,0,0,0,0
tx,589,187,1,1,1787953660961573694,1787953660961104805,5238046381951,5238046419470,72,0,0
rx,590,188,1,1,1787953660962767805,1787953660962206731,5238047575822,0,0,0,0
tx,590,188,1,1,1787953660962775823,1787953660962206731,5238047584062,5238047611210,72,0,0
rx,591,189,1,1,1787953660963933082,1787953660963350694,5238048741081,0,0,0,0
tx,591,189,1,1,1787953660963941490,1787953660963350694,5238048749729,5238048775803,72,0,0
rx,592,190,1,1,1787953660965097971,1787953660964447527,5238049905914,0,0,0,0
tx,592,190,1,1,1787953660965105545,1787953660964447527,5238049913803,5238049940285,72,0,0
rx,593,191,1,1,1787953660966260045,1787953660965573675,5238051068062,0,0,0,0
tx,593,191,1,1,1787953660966267934,1787953660965573675,5238051076192,5238051101377,72,0,0
rx,594,192,1,1,1787953660967423620,1787953660966689101,5238052231618,0,0,0,0
tx,594,192,1,1,1787953660967431157,1787953660966689101,5238052239414,5238052267322,72,0,0
rx,595,193,1,1,1787953661064057768,1787953661063541749,5238148865785,0,0,0,0
tx,595,193,1,1,1787953661064066934,1787953661063541749,5238148875173,5238148911025,72,0,0
rx,596,194,1,1,1787953661065253397,1787953661064721416,5238150061396,0,0,0,0
tx,596,194,1,1,1787953661065265916,1787953661064721416,5238150074173,5238150102322,72,0,0
rx,597,195,1,1,1787953661066453212,1787953661065822657,5238151261229,0,0,0,0
tx,597,195,1,1,1787953661066460786,1787953661065822657,5238151269025,5238151295340,72,0,0
rx,598,196,1,1,1787953661067614231,1787953661066984953,5238152422229,0,0,0,0
tx,598,196,1,1,1787953661067621934,1787953661066984953,5238152430192,5238152457118,72,0,0
rx,599,197,1,1,1787953661068783138,1787953661068104934,5238153591155,0,0,0,0
tx,599,197,1,1,1787953661068791064,1787953661068104934,5238153599322,5238153628322,72,0,0
rx,600,198,1,1,1787953661166494212,1787953661165949490,5238251302210,0,0,0,0
tx,600,198,1,1,1787953661166503305,1787953661165949490,5238251311544,5238251350303,72,0,0
rx,601,199,1,1,1787953661167695638,1787953661167065045,5238252503655,0,0,0,0
tx,601,199,1,1,1787953661167703453,1787953661167065045,5238252511710,5238252539247,72,0,0
rx,602,200,1,1,1787953661168865564,1787953661168216860,5238253673562,0,0,0,0
tx,602,200,1,1,1787953661168873879,1787953661168216860,5238253682136,5238253711192,72,0,0
rx,603,0,1,1,1787953661169997397,1787953661169370934,5238254805396,0,0,0,0
tx,603,0,1,1,1787953661170009656,1787953661169370934,5238254817914,5238254846247,72,0,0
rx,604,1,1,1,1787953661171172305,1787953661170464175,5238255980303,0,0,0,0
tx,604,1,1,1,1787953661171179860,1787953661170464175,5238255988118,5238256048210,72,0,0
rx,605,2,1,1,1787953661172374879,1787953661171572619,5238257182896,0,0,0,0
tx,605,2,1,1,1787953661172382490,1787953661171572619,5238257190747,5238257217340,72,0,0
rx,606,3,1,1,1787953661173537082,1787953661172682619,5238258345081,0,0,0,0
tx,606,3,1,1,1787953661173544693,1787953661172682619,5238258352951,5238258378618,72,0,0
rx,607,4,1,1,1787953661174698749,1787953661173811916,5238259506766,0,0,0,0
tx,607,4,1,1,1787953661174706231,1787953661173811916,5238259514470,5238259540192,72,0,0
rx,608,5,1,1,1787953661175946527,1787953661174942693,5238260754525,0,0,0,0
tx,608,5,1,1,1787953661175954305,1787953661174942693,5238260762581,5238260790636,72,0,0
rx,609,6,1,1,1787953661269352545,1787953661268302693,5238354160562,0,0,0,0
tx,609,6,1,1,1787953661269361656,1787953661268302693,5238354169914,5238354209007,72,0,0
rx,610,7,1,0,1787953661270815545,1787953661269427879,5238355623544,0,0,0,0
rx,611,8,1,1,1787953661270821416,1787953661270528693,5238355629414,0,0,0,0
tx,611,8,1,1,1787953661270828749,1787953661270528693,5238355637007,5238355665636,72,0,0
rx,612,9,1,1,1787953661271989656,1787953661271669434,5238356797673,0,0,0,0
tx,612,9,1,1,1787953661271997767,1787953661271669434,5238356806025,5238356833395,72,0,0
rx,613,10,1,1,1787953661273190379,1787953661272819767,5238357998395,0,0,0,0
tx,613,10,1,1,1787953661273198267,1787953661272819767,5238358006525,5238358033821,72,0,0
rx,614,11,1,1,1787953661274357675,1787953661273947249,5238359165692,0,0,0,0
tx,614,11,1,1,1787953661274418842,1787953661273947249,5238359227081,5238359281433,72,0,0
rx,615,12,1,1,1787953661275606249,1787953661275064953,5238360414210,0,0,0,0
tx,615,12,1,1,1787953661275614156,1787953661275064953,5238360422395,5238360449821,72,0,0
rx,616,13,1,1,1787953661371108953,1787953661370744675,5238455916951,0,0,0,0
tx,616,13,1,1,1787953661371122212,1787953661370744675,5238455930470,5238455967340,72,0,0
rx,617,14,1,1,1787953661372344212,1787953661371828156,5238457152229,0,0,0,0
tx,617,14,1,1,1787953661372352730,1787953661371828156,5238457160988,5238457189562,72,0,0
rx,618,15,1,1,1787953661373525601,1787953661372947416,5238458333599,0,0,0,0
tx,618,15,1,1,1787953661373533508,1787953661372947416,5238458341766,5238458367803,72,0,0
rx,619,16,1,1,1787953661374689897,1787953661374059638,5238459497895,0,0,0,0
tx,619,16,1,1,1787953661374697397,1787953661374059638,5238459505655,5238459532562,72,0,0
rx,620,17,1,1,1787953661375850508,1787953661375185267,5238460658507,0,0,0,0
tx,620,17,1,1,1787953661375858156,1787953661375185267,5238460666395,5238460692692,72,0,0
rx,621,18,1,1,1787953661377013193,1787953661376306175,5238461821210,0,0,0,0
tx,621,18,1,1,1787953661377020860,1787953661376306175,5238461829118,5238461854747,72,0,0
rx,622,19,1,1,1787953661378173508,1787953661377410175,5238462981507,0,0,0,0
tx,622,19,1,1,1787953661378181101,1787953661377410175,5238462989340,5238463015414,72,0,0
rx,623,20,1,1,1787953661473797378,1787953661473336064,5238558605395,0,0,0,0
tx,623,20,1,1,1787953661473806619,1787953661473336064,5238558614877,5238558653895,72,0,0
rx,624,21,1,1,1787953661475001267,1787953661474606175,5238559809266,0,0,0,0
tx,624,21,1,1,1787953661475008823,1787953661474606175,5238559817081,5238559845303,72,0,0
rx,625,22,1,1,1787953661476203656,1787953661475877730,5238561011673,0,0,0,0
tx,625,22,1,1,1787953661476216101,1787953661475877730,5238561024340,5238561053025,72,0,0
rx,627,24,1,1,1787953661479628841,1787953661478625767,5238564436784,0,0,0,0
tx,627,24,1,1,1787953661479636878,1787953661478625767,5238564445136,5238564518636,72,0,0
rx,628,25,1,1,1787953661480927156,1787953661479853397,5238565735155,0,0,0,0
tx,628,25,1,1,1787953661480970878,1787953661479853397,5238565779136,5238565805821,72,0,0
rx,629,26,1,1,1787953661482128934,1787953661481065138,5238566936932,0,0,0,0
tx,629,26,1,1,1787953661482136638,1787953661481065138,5238566944895,5238566971747,72,0,0
rx,630,27,1,1,1787953661576667397,1787953661575655434,5238661475414,0,0,0,0
tx,630,27,1,1,1787953661576707397,1787953661575655434,5238661515636,5238661603136,72,0,0
rx,631,28,1,1,1787953661578013119,1787953661576941212,5238662821118,0,0,0,0
tx,631,28,1,1,1787953661578021101,1787953661576941212,5238662829358,5238662858080,72,0,0
rx,633,30,1,1,1787953661580274786,1787953661579540230,5238665082784,0,0,0,0
tx,633,30,1,1,1787953661580282619,1787953661579540230,5238665090858,5238665168043,72,0,0
rx,634,31,1,1,1787953661581527156,1787953661580734915,5238666335155,0,0,0,0
tx,634,31,1,1,1787953661581538971,1787953661580734915,5238666347229,5238666373803,72,0,0
rx,635,32,1,1,1787953661582694693,1787953661582328304,5238667502692,0,0,0,0
tx,635,32,1,1,1787953661582702415,1787953661582328304,5238667510655,5238667537599,72,0,0
rx,636,33,1,1,1787953661678447786,1787953661678063545,5238763255784,0,0,0,0
tx,636,33,1,1,1787953661678456434,1787953661678063545,5238763264692,5238763303451,72,0,0
rx,637,34,1,1,1787953661679652008,1787953661679341971,5238764460025,0,0,0,0
tx,637,34,1,1,1787953661679660249,1787953661679341971,5238764468710,5238764496636,72,0,0
rx,638,35,1,1,1787953661680854841,1787953661680612267,5238765662803,0,0,0,0
tx,638,35,1,1,1787953661680862434,1787953661680612267,5238765670692,5238765696710,72,0,0
rx,639,36,1,1,1787953661682092675,1787953661681866878,5238766900673,0,0,0,0
tx,639,36,1,1,1787953661682100082,1787953661681866878,5238766908321,5238766934155,72,0,0
rx,640,37,1,1,1787953661683336989,1787953661683083786,5238768145006,0,0,0,0
tx,640,37,1,1,1787953661683344434,1787953661683083786,5238768152692,5238768178784,72,0,0
rx,641,38,1,1,1787953661684606101,1787953661684358619,5238769414099,0,0,0,0
tx,641,38,1,1,1787953661684613841,1787953661684358619,5238769422080,5238769449266,72,0,0
rx,642,39,1,1,1787953661687979064,1787953661686964915,5238772787062,0,0,0,0
tx,642,39,1,1,1787953661687987378,1787953661686964915,5238772795636,5238772828710,72,0,0
rx,644,41,1,1,1787953661782441971,1787953661781802563,5238867249969,0,0,0,0
tx,644,41,1,1,1787953661782455489,1787953661781802563,5238867263747,5238867299969,72,0,0
rx,645,42,1,1,1787953661783644323,1787953661783035823,5238868452321,0,0,0,0
tx,645,42,1,1,1787953661783651989,1787953661783035823,5238868460247,5238868487377,72,0,0
rx,646,43,1,1,1787953661784810249,1787953661784271526,5238869618247,0,0,0,0
tx,646,43,1,1,1787953661784817656,1787953661784271526,5238869625914,5238869652154,72,0,0
rx,647,44,1,1,1787953661785974138,1787953661785487175,5238870782154,0,0,0,0
tx,647,44,1,1,1787953661785981971,1787953661785487175,5238870790210,5238870817136,72,0,0
rx,649,46,1,1,1787953661789381952,1787953661788378712,5238874189951,0,0,0,0
tx,649,46,1,1,1787953661789389952,1787953661788378712,5238874198210,5238874227080,72,0,0
rx,650,47,1,1,1787953661884043693,1787953661882876360,5238968851654,0,0,0,0
tx,650,47,1,1,1787953661884053175,1787953661882876360,5238968861469,5238968902080,72,0,0
rx,651,48,1,0,1787953661885545323,1787953661884120712,5238970353340,0,0,0,0
rx,652,49,1,1,1787953661885551026,1787953661885445452,5238970359043,0,0,0,0
tx,652,49,1,1,1787953661885558175,1787953661885445452,5238970366432,5238970393617,72,0,0
rx,653,50,1,0,1787953661888974786,1787953661888386563,5238973782784,0,0,0,0
rx,654,51,1,0,1787953661888980915,1787953661888689934,5238973788932,0,0,0,0
rx,655,52,1,1,1787953661888986378,1787953661888928026,5238973794377,0,0,0,0
tx,655,52,1,1,1787953661888993712,1787953661888928026,5238973801969,5238973840914,72,0,0
rx,656,53,1,1,1787953661891610545,1787953661890561545,5238976418562,0,0,0,0
tx,656,53,1,1,1787953661891618656,1787953661890561545,5238976426914,5238976454877,72,0,0
rx,657,54,1,1,1787953661986190749,1787953661985338915,5239070998747,0,0,0,0
tx,657,54,1,1,1787953661986199749,1787953661985338915,5239071007988,5239071046636,72,0,0
rx,658,55,1,1,1787953661987391249,1787953661986642582,5239072199265,0,0,0,0
tx,658,55,1,1,1787953661987399452,1787953661986642582,5239072207710,5239072235358,72,0,0
rx,660,57,1,1,1787953661989667563,1787953661989559508,5239074475562,0,0,0,0
tx,660,57,1,1,1787953661989675323,1787953661989559508,5239074483580,5239074511599,72,0,0
rx,661,58,1,1,1787953661991940600,1787953661990881563,5239076748599,0,0,0,0
tx,661,58,1,1,1787953661991954804,1787953661990881563,5239076763080,5239076799914,72,0,0
rx,662,59,1,0,1787953661994249656,1787953661993228786,5239079057654,0,0,0,0
rx,663,60,1,1,1787953661994255582,1787953661993734730,5239079063580,0,0,0,0
tx,663,60,1,1,1787953661994262841,1787953661993734730,5239079071080,5239079102580,72,0,0
rx,664,61,1,1,1787953662088773971,1787953662087756841,5239173581969,0,0,0,0
tx,664,61,1,1,1787953662088783286,1787953662087756841,5239173591543,5239173632747,72,0,0
rx,665,62,1,1,1787953662090077341,1787953662089057045,5239174885339,0,0,0,0
tx,665,62,1,1,1787953662090085323,1787953662089057045,5239174893562,5239174923284,72,0,0
rx,666,63,1,1,1787953662091301415,1787953662090346508,5239176109414,0,0,0,0
tx,666,63,1,1,1787953662091309563,1787953662090346508,5239176117821,5239176147506,72,0,0
rx,667,64,1,1,1787953662092475082,1787953662091964804,5239177283080,0,0,0,0
tx,667,64,1,1,1787953662092483563,1787953662091964804,5239177291821,5239177318136,72,0,0
