[0m[0m AI_CMD [0m MOTOR [0m DRIBBLER [0m KICKER [0m MOUSE [32m[1m ODOM [0m MOTION [0m VEL [0m LATENCY [0m SYSTEM [0m UART [0m TUI [0m DRIVE_LOG [0m
[33mBatt=0.1 [0m[33mODOM [31mVisionX  +0.00 Y  +0.00 theta   +0.0 elt    0 [0mimu  -0.0 Dt 1500 LtCy  750 integ.govd   +0.00   +0.00 integ.vbp +0.00 +0.00 omni.gos X     +0.0 ,Y     -0.0. omgD -0.004 omg  +0.00 loop      0
[0m[33mBatt=0.1 [0m[33mODOM [31mVisionX  +0.00 Y  +0.00 theta   +0.0 elt    0 [0mimu  -0.0 Dt 1514 LtCy  757 integ.govd   +0.00   +0.00 integ.vbp +0.00 +0.00 omni.gos X     +0.0 ,Y     -0.2. omgD -0.012 omg  +0.00 loop   4589
[0m[33mBatt=0.1 [0m[33mODOM [31mVisionX  +0.00 Y  +0.00 theta   +0.0 elt    0 [0mimu  -0.0 Dt 1530 LtCy  765 integ.govd   +0.00   +0.00 integ.vbp +0.00 +0.00 omni.gos X     +0.0 ,Y     -0.0. omgD -0.004 omg  +0.00 loop   5275
[0m[33mBatt=0.1 [0m[33mODOM [31mVisionX  +0.00 Y  +0.00 theta   +0.0 elt    0 [0mimu  -0.0 Dt 1546 LtCy  773 integ.govd   +0.00   +0.00 integ.vbp +0.00 +0.00 omni.gos X     +0.0 ,Y     +0.1. omgD +0.005 omg  +0.00 loop   5276
[0m[33mBatt=0.1 [0m[33mODOM [31mVisionX  +0.00 Y  +0.00 theta   +0.0 elt    0 [0mimu  -0.0 Dt 1562 LtCy  781 integ.govd   +0.00   +0.00 integ.vbp +0.00 +0.00 omni.gos X     +0.0 ,Y     +0.0. omgD +0.001 omg  +0.00 loop   5279
[0m[33mBatt=0.1 [0m[33mODOM [31mVisionX  +0.00 Y  +0.00 theta   +0.0 elt    0 [0mimu  -0.0 Dt 1578 LtCy  789 integ.govd   +0.00   +0.00 integ.vbp +0.00 +0.00 omni.gos X     +0.0 ,Y     -0.2. omgD -0.012 omg  +0.00 loop   5279
[0m[33mBatt=0.0 [0m[33mODOM [31mVisionX  +0.00 Y  +0.00 theta   +0.0 elt    0 [0mimu  -0.0 Dt 1594 LtCy  797 integ.govd   +0.00   +0.00 integ.vbp +0.00 +0.00 omni.gos X     +0.0 ,Y     -0.2. omgD -0.016 omg  +0.00 loop   5272
[0m[33mBatt=0.0 [0m[33mODOM [31mVisionX  +0.00 Y  +0.00 theta   +0.0 elt    0 [0mimu  -0.0 Dt 1610 LtCy  805 integ.govd   +0.00   +0.00 integ.vbp +0.00 +0.00 omni.gos X     +0.0 ,Y     -0.1. omgD -0.008 omg  +0.00 loop   5273
[0m[33mBatt=0.0 [0m[33mODOM [31mVisionX  +0.00 Y  +0.00 theta   +0.0 elt    0 [0mimu  -0.0 Dt 1626 LtCy  813 integ.govd   +0.00   +0.00 integ.vbp +0.00 +0.00 omni.gos X     +0.0 ,Y     -0.0. omgD -0.004 omg  +0.00 loop   5274
[0m[33mBatt=0.0 [0m[33mODOM [31mVisionX  +0.00 Y  +0.00 theta   +0.0 elt    0 [0mimu  -0.0 Dt 1642 LtCy  821 integ.govd   +0.00   +0.00 integ.vbp +0.00 +0.00 omni.gos X     +0.0 ,Y     +0.0. omgD +0.001 omg  +0.00 loop   5279
[0m[33mBatt=0.0 [0m[33mODOM [31mVisionX  +0.00 Y  +0.00 theta   +0.0 elt    0 [0mimu  -0.0 Dt 1658 LtCy  829 integ.govd   +0.00   +0.00 integ.vbp +0.00 +0.00 omni.gos X     +0.0 ,Y     -0.1. omgD -0.008 omg  +0.00 loop   5269
[0m[33mBatt=0.0 [0m[33mODOM [31mVisionX  +0.00 Y  +0.00 theta   +0.0 elt    0 [0mimu  -0.0 Dt 1674 LtCy  837 integ.govd   +0.00   +0.00 integ.vbp +0.00 +0.00 omni.gos X     +0.0 ,Y     -0.2. omgD -0.016 omg  +0.00 loop   5279
[0m[33mBatt=0.0 [0m[33mODOM [31mVisionX  +0.00 Y  +0.00 theta   +0.0 elt    0 [0mimu  -0.0 Dt 1690 LtCy  845 integ.govd   +0.00   +0.00 integ.vbp +0.00 +0.00 omni.gos X     +0.0 ,Y     -0.1. omgD -0.008 omg  +0.00 loop   5275
[0m[33mBatt=0.0 [0m[33mODOM [31mVisionX  +0.00 Y  +0.00 theta   +0.0 elt    0 [0mimu  -0.0 Dt 1706 LtCy  853 integ.govd   +0.00   +0.00 integ.vbp +0.00 +0.00 omni.gos X     +0.0 ,Y     -0.1. omgD -0.008 omg  +0.00 loop   5278
[0m[33mBatt=0.0 [0m[33mODOM [31mVisionX  +0.00 Y  +0.00 theta   +0.0 elt    0 [0mimu  -0.0 Dt 1722 LtCy  861 integ.govd   +0.00   +0.00 integ.vbp +0.00 +0.00 omni.gos X     +0.0 ,Y     -0.0. omgD -0.004 omg  +0.00 loop   5276
[0m[33mBatt=0.0 [0m[33mODOM [31mVisionX  +0.00 Y  +0.00 theta   +0.0 elt    0 [0mimu  -0.0 Dt 1738 LtCy  869 integ.govd   +0.00   +0.00 integ.vbp +0.00 +0.00 omni.gos X     +0.0 ,Y     -0.0. omgD -0.004 omg  +0.00 loop   5248
[0m[33mBatt=0.0 [0m[33mODOM [31mVisionX  +0.00 Y  +0.00 theta   +0.0 elt   0 [0mimu  -0.0 Dt1754LtCy  877 integ.ov   +0.00   +0.00 ineg.v +0.00 +0.00 omni.gs X     +.0 ,Y     -0.2. omg -.012 omg  +0.00 loop 5276[0m[33mBatt=0.0 [0m[33mODOM [31mVisionX  +0.00 Y  +0.00 theta   +0.0 elt    0 [0mimu  -0.0 Dt 1770 LtCy  885 integ.govd   +0.00   +0.00 integ.vbp +0.00 +0.00 omni.gos X     +0.0 ,Y     -0.1. omgD -0.008 omg  +0.00 loop   5253
[0m[33mBatt=0.0 [0m[33mODOM [31mVisionX  +0.00 Y  +0.00 theta   +0.0 elt    0 [0mimu  -0.0 Dt 1786 LtCy  893 integ.govd   +0.00   +0.00 integ.vbp +0.00 +0.00 omni.gos X     +0.0 ,Y     +0.0. omgD +0.001 omg  +0.00 loop   5281
[0m[33mBatt=0.0 [0m[33mODOM [31mVisionX  +0.00 Y  +0.00 theta   +0.0 elt    0 [0mimu  -0.0 Dt 1802 LtCy  901 integ.govd   +0.00   +0.00 integ.vbp +0.00 +0.00 omni.gos X     +0.0 ,Y     -0.1. omgD -0.008 omg  +0.00 loop   5275
[0m[33mBatt=0.0 [0m[33mODOM [31mVisionX  +0.00 Y  +0.00 theta   +0.0 elt    0 [0mimu  -0.0 Dt 1818 LtCy  909 integ.govd   +0.00   +0.00 integ.vbp +0.00 +0.00 omni.gos X     +0.0 ,Y     +0.1. omgD +0.005 omg  +0.00 loop   5276
[0m[33mBatt=0.0 [0m[33mODOM [31mVisionX  +0.00 Y  +0.00 theta   +0.0 elt    0 [0mimu  -0.0 Dt 1834 LtCy  917 integ.govd   +0.00   +0.00 integ.vbp +0.00 +0.00 omni.gos X     +0.0 ,Y     -0.1. omgD -0.008 omg  +0.00 loop   5276
[0m[33mBatt=0.0 [0m[33mODOM [31mVisionX  +0.00 Y  +0.00 theta   +0.0 elt    0 [0mimu  -0.0 Dt 1850 LtCy  925 integ.govd   +0.00   +0.00 integ.vbp +0.00 +0.00 omni.gos X     +0.0 ,Y     -0.0. omgD -0.004 omg  +0.00 loop   5276
[0m[33mBatt=0.0 [0m[33mODOM [31mVisionX  +0.00 Y  +0.00 theta   +0.0 elt    0 [0mimu  -0.0 Dt 1866 LtCy  933 integ.govd   +0.00   +0.00 integ.vbp +0.00 +0.00 omni.gos X     +0.0 ,Y     -0.1. omgD -0.008 omg  +0.00 loop   5278
[0m[33mBatt=0.0 [0m[33mODOM [31mVisionX  +0.00 Y  +0.00 theta   +0.0 elt    0 [0mimu  -0.0 Dt 1882 LtCy  941 integ.govd   +0.00   +0.00 integ.vbp +0.00 +0.00 omni.gos X     +0.0 ,Y     -0.0. omgD -0.004 omg  +0.00 loop   5273
[0m[33mBatt=0.0 [0m[33mODOM [31mVisionX  +0.00 Y  +0.00 theta   +0.0 elt    0 [0mimu  -0.0 Dt 1898 LtCy  949 integ.govd   +0.00   +0.00 integ.vbp +0.00 +0.00 omni.gos X     +0.0 ,Y     -0.1. omgD -0.008 omg  +0.00 loop   5277
[0m[33mBatt=0.0 [0m[33mODOM [31mVisionX  +0.00 Y  +0.00 theta   +0.0 elt    0 [0mimu  -0.0 Dt 1914 LtCy  957 integ.govd   +0.00   +0.00 integ.vbp +0.00 +0.00 omni.gos X     +0.0 ,Y     -0.2. omgD -0.012 omg  +0.00 loop   5272
[0m[33mBatt=0.0 [0m[33mODOM [31mVisionX  +0.00 Y  +0.00 theta   +0.0 elt    0 [0mimu  -0.0 Dt 1930 LtCy  965 integ.govd   +0.00   +0.00 integ.vbp +0.00 +0.00 omni.gos X     +0.0 ,Y     -0.1. omgD -0.008 omg  +0.00 loop   5269
[0m[33mBatt=0.0 [0m[33mODOM [31mVisionX  +0.00 Y  +0.00 theta   +0.0 elt    0 [0mimu  -0.0 Dt 1946 LtCy  973 integ.govd   +0.00   +0.00 integ.vbp +0.00 +0.00 omni.gos X     +0.0 ,Y     +0.0. omgD +0.001 omg  +0.00 loop   5275
[0m[33mBatt=0.0 [0m[33mODOM [31mVisionX  +0.00 Y  +0.00 theta   +0.0 elt    0 [0mimu  -0.0 Dt 1962 LtCy  981 integ.govd   +0.00   +0.00 integ.vbp +0.00 +0.00 omni.gos X     +0.0 ,Y     -0.0. omgD -0.004 omg  +0.00 loop   5279
[0m[33mBatt=0.0 [0m[33mODOM [31mVisionX  +0.00 Y  +0.00 theta   +0.0 elt    0 [0mimu  -0.0 Dt 1978 LtCy  989 integ.govd   +0.00   +0.00 integ.vbp +0.00 +0.00 omni.gos X     +0.0 ,Y     -0.1. omgD -0.006 omg  +0.00 loop   5269
[0m[33mBatt=0.0 [0m[33mODOM [31mVisionX  +0.00 Y  +0.00 theta   +0.0 elt    0 [0mimu  -0.0 Dt 1994 LtCy  997 integ.govd   +0.00   +0.00 integ.vbp +0.00 +0.00 omni.gos X     +0.0 ,Y     -0.1. omgD -0.008 omg  +0.00 loop   5279
[0m[33mBatt=0.0 [0m[33mODOM [31mVisionX  +0.00 Y  +0.00 theta   +0.0 elt    0 [0mimu  -0.0 Dt 2002 LtCy 1001 integ.govd   +0.00   +0.00 integ.vbp +0.00 +0.00 omni.gos X     +0.0 ,Y     +0.0. omgD +0.001 omg  +0.00 loop   2553
[0m[33mBatt=0.0 [0m[33mODOM [31mVisionX  +0.00 Y  +0.00 theta   +0.0 elt    0 [0mimu  -0.0 Dt 2018 LtCy 1009 integ.govd   +0.00   +0.00 integ.vbp +0.00 +0.00 omni.gos X     +0.0 ,Y     -0.1. omgD -0.008 omg  +0.00 loop   5276
[0m[33mBatt=0.0 [0m[33mODOM [31mVisionX  +0.00 Y  +0.00 theta   +0.0 elt    0 [0mimu  -0.1 Dt 2034 LtCy 1017 integ.govd   +0.00   +0.00 integ.vbp +0.00 +0.00 omni.gos X     +0.0 ,Y     -0.1. omgD -0.006 omg  +0.00 loop   5272
[0m[33mBatt=0.0 [0m[33mODOM [31mVisionX  +0.00 Y  +0.00 theta   +0.0 elt    0 [0mimu  -0.1 Dt 2050 LtCy 1025 integ.govd   +0.00   +0.00 integ.vbp +0.00 +0.00 omni.gos X     +0.0 ,Y     -0.1. omgD -0.008 omg  +0.00 loop   5277
[0m[33mBatt=0.0 [0m[33mODOM [31mVisionX  +0.00 Y  +0.00 theta   +0.0 elt    0 [0mimu  -0.1 Dt 2066 LtCy 1033 integ.govd   +0.00   +0.00 integ.vbp +0.00 +0.00 omni.gos X     +0.0 ,Y     -0.1. omgD -0.008 omg  +0.00 loop   5281
[0m[33mBatt=0.0 [0m[33mODOM [31mVisionX  +0.00 Y  +0.00 theta   +0.0 elt    0 [0mimu  -0.1 Dt 2082 LtCy 1041 integ.govd   +0.00   +0.00 integ.vbp +0.00 +0.00 omni.gos X     +0.0 ,Y     -0.1. omgD -0.006 omg  +0.00 loop   5271
[0m[33mBatt=0.0 [0m[33mODOM [31mVisionX  +0.00 Y  +0.00 theta   +0.0 elt    0 [0mimu  -0.1 Dt 2098 LtCy 1049 integ.govd   +0.00   +0.00 integ.vbp +0.00 +0.00 omni.gos X     +0.0 ,Y     -0.0. omgD -0.004 omg  +0.00 loop   5274
[0m[33mBatt=0.0 [0m[33mODOM [31mVisionX  +0.00 Y  +0.00 theta   +0.0 elt    0 [0mimu  -0.1 Dt 2114 LtCy 1057 integ.govd   +0.00   +0.00 integ.vbp +0.00 +0.00 omni.gos X     +0.0 ,Y     -0.1. omgD -0.010 omg  +0.00 loop   5276
[0m[33mBatt=0.0 [0m[33mODOM [31mVisionX  +0.00 Y  +0.00 theta   +0.0 elt    0 [0mimu  -0.1 Dt 2130 LtCy 1065 integ.govd   +0.00   +0.00 integ.vbp +0.00 +0.00 omni.gos X     +0.0 ,Y     -0.1. omgD -0.010 omg  +0.00 loop   5273
[0m[33mBatt=0.0 [0m[33mODOM [31mVisionX  +0.00 Y  +0.00 theta   +0.0 elt    0 [0mimu  -0.1 Dt 2146 LtCy 1073 integ.govd   +0.00   +0.00 integ.vbp +0.00 +0.00 omni.gos X     +0.0 ,Y     -0.2. omgD -0.012 omg  +0.00 loop   5273
[0m[33mBatt=0.0 [0m[33mODOM [31mVisionX  +0.00 Y  +0.00 theta   +0.0 elt    0 [0mimu  -0.1 Dt 2162 LtCy 1081 integ.govd   +0.00   +0.00 integ.vbp +0.00 +0.00 omni.gos X     +0.0 ,Y     -0.1. omgD -0.008 omg  +0.00 loop   5278
[0m[33mBatt=0.0 [0m[33mODOM [31mVisionX  +0.00 Y  +0.00 theta   +0.0 elt    0 [0mimu  -0.1 Dt 2178 LtCy 1089 integ.govd   +0.00   +0.00 integ.vbp +0.00 +0.00 omni.gos X     +0.0 ,Y     -0.1. omgD -0.006 omg  +0.00 loop   5267
[0m[33mBatt=0.0 [0m[33mODOM [31mVisionX  +0.00 Y  +0.00 theta   +0.0 elt    0 [0mimu  -0.1 Dt 2194 LtCy 1097 integ.govd   +0.00   +0.00 integ.vbp +0.00 +0.00 omni.gos X     +0.0 ,Y     -0.1. omgD -0.006 omg  +0.00 loop   5277
[0m[33mBatt=0.0 [0m[33mODOM [31mVisionX  +0.00 Y  +0.00 theta   +0.0 elt    0 [0mimu  -0.1 Dt 2210 LtCy 1105 integ.govd   +0.00   +0.00 integ.vbp +0.00 +0.00 omni.gos X     +0.0 ,Y     -0.1. omgD -0.010 omg  +0.00 loop   5280
[0m[33mBatt=0.0 [0m[33mODOM [31mVisionX  +0.00 Y  +0.00 theta   +0.0 elt    0 [0mimu  -0.1 Dt 2226 LtCy 1113 integ.govd   +0.00   +0.00 integ.vbp +0.00 +0.00 omni.gos X     +0.0 ,Y     -0.2. omgD -0.012 omg  +0.00 loop   5272
[0m[33mBatt=0.0 [0m[33mODOM [31mVisionX  +0.00 Y  +0.00 theta   +0.0 elt    0 [0mimu  -0.1 Dt 2242 LtCy 1121 integ.govd   +0.00   +0.00 integ.vbp +0.00 +0.00 omni.gos X     +0.0 ,Y     -0.1. omgD -0.006 omg  +0.00 loop   5276
[0m[33mBatt=0.0 [0m[33mODOM [31mVisionX  +0.00 Y  +0.00 theta   +0.0 elt    0 [0mimu  -0.1 Dt 2258 LtCy 1129 integ.govd   +0.00   +0.00 integ.vbp +0.00 +0.00 omni.gos X     +0.0 ,Y     -0.1. omgD -0.008 omg  +0.00 loop   5276
[0m[33mBatt=0.0 [0m[33mODOM [31mVisionX  +0.00 Y  +0.00 theta   +0.0 elt    0 [0mimu  -0.1 Dt 2274 LtCy 1137 integ.govd   +0.00   +0.00 integ.vbp +0.00 +0.00 omni.gos X     +0.0 ,Y     -0.1. omgD -0.010 omg  +0.00 loop   5281
[0m[33mBatt=0.0 [0m[33mODOM [31mVisionX  +0.00 Y  +0.00 theta   +0.0 elt    0 [0mimu  -0.1 Dt 2290 LtCy 1145 integ.govd   +0.00   +0.00 integ.vbp +0.00 +0.00 omni.gos X     +0.0 ,Y     -0.1. omgD -0.006 omg  +0.00 loop   5268
[0m[33mBatt=0.0 [0m[33mODOM [31mVisionX  +0.00 Y  +0.00 theta   +0.0 elt    0 [0mimu  -0.1 Dt 2306 LtCy 1153 integ.govd   +0.00   +0.00 integ.vbp +0.00 +0.00 omni.gos X     +0.0 ,Y     -0.1. omgD -0.010 omg  +0.00 loop   5281
[0m[33mBatt=0.0 [0m[33mODOM [31mVisionX  +0.00 Y  +0.00 theta   +0.0 elt    0 [0mimu  -0.1 Dt 2322 LtCy 1161 integ.govd   +0.00   +0.00 integ.vbp +0.00 +0.00 omni.gos X     +0.0 ,Y     -0.0. omgD -0.004 omg  +0.00 loop   5275
[0m[33mBatt=3.7 [0m[33mODOM [31mVisionX  +0.00 Y  +0.00 theta   +0.0 elt    0 [0mimu  -0.1 Dt 2338 LtCy 1169 integ.govd   +0.00   +0.00 integ.vbp +0.00 +0.00 omni.gos X     +0.0 ,Y     -0.0. omgD -0.002 omg  +0.00 loop   5059
[0m[33mBatt=7.1 [0m[33mODOM [31mVisionX  +0.00 Y  +0.00 theta   +0.0 elt    0 [0mimu  -0.1 Dt 2354 LtCy 1177 integ.govd   +0.00   +0.00 integ.vbp +0.00 +0.00 omni.gos X     +0.0 ,Y     -0.2. omgD -0.012 omg  +0.00 loop   5022
[0m[33mBatt=10.0 [0m[33mODOM [31mVisionX  +0.00 Y  +0.00 theta   +0.0 elt    0 [0mimu  -0.1 Dt 2370 LtCy 1185 integ.govd   +0.00   +0.00 integ.vbp +0.00 +0.00 omni.gos X     +0.0 ,Y     -0.2. omgD -0.012 omg  +0.00 loop   5019
[0m[33mBatt=12.3 [0m[33mODOM [31mVisionX  +0.00 Y  +0.00 theta   +0.0 elt    0 [0mimu  -0.1 Dt 2386 LtCy 1193 integ.govd   +0.00   +0.00 integ.vbp +0.00 +0.00 omni.gos X     +0.0 ,Y     -0.2. omgD -0.012 omg  +0.00 loop   5012
[0m[33mBatt=14.3 [0m[33mODOM [31mVisionX  +0.00 Y  +0.00 theta   +0.0 elt    0 [0mimu  -0.1 Dt 2402 LtCy 1201 integ.govd   +0.00   +0.00 integ.vbp +0.00 +0.00 omni.gos X     +0.0 ,Y     -0.2. omgD -0.016 omg  +0.00 loop   4997
[0m[33mBatt=15.9 [0m[33mODOM [31mVisionX  +0.00 Y  +0.00 theta   +0.0 elt    0 [0mimu  -0.1 Dt 2418 LtCy 1209 integ.govd   +0.00   +0.00 integ.vbp +0.00 +0.00 omni.gos X     +0.0 ,Y     -0.1. omgD -0.008 omg  +0.00 loop   5020
[0m[33mBatt=17.2 [0m[33mODOM [31mVisionX  +0.00 Y  +0.00 theta   +0.0 elt    0 [0mimu  -0.1 Dt 2434 LtCy 1217 integ.govd   +0.00   +0.00 integ.vbp +0.00 +0.00 omni.gos X     +0.0 ,Y     +0.0. omgD +0.001 omg  +0.00 loop   5015
[0m[33mBatt=18.3 [0m[33mODOM [31mVisionX  +0.00 Y  +0.00 theta   +0.0 elt    0 [0mimu  -0.1 Dt 2450 LtCy 1225 integ.govd   +0.00   +0.00 integ.vbp +0.00 +0.00 omni.gos X     +0.0 ,Y     -0.1. omgD -0.008 omg  +0.00 loop   4990
[0m[33mBatt=19.2 [0m[33mODOM [31mVisionX  +0.00 Y  +0.00 theta   +0.0 elt    0 [0mimu  -0.1 Dt 2466 LtCy 1233 integ.govd   +0.00   +0.00 integ.vbp +0.00 +0.00 omni.gos X     +0.0 ,Y     -0.1. omgD -0.008 omg  +0.00 loop   5023
[0m[33mBatt=20.0 [0m[33mODOM [31mVisionX  +0.00 Y  +0.00 theta   +0.0 elt    0 [0mimu  -0.1 Dt 2482 LtCy 1241 integ.govd   +0.00   +0.00 integ.vbp +0.00 +0.00 omni.gos X     +0.0 ,Y     -0.1. omgD -0.008 omg  +0.00 loop   5025
[0m[33mBatt=20.6 [0m[33mODOM [31mVisionX  +0.00 Y  +0.00 theta   +0.0 elt    0 [0mimu  -0.1 Dt 2498 LtCy 1249 integ.govd   +0.00   +0.00 integ.vbp +0.00 +0.00 omni.gos X     +0.0 ,Y     -0.1. omgD -0.004 omg  +0.00 loop   4985
[0m[33mBatt=21.1 [0m[33mODOM [31mVisionX  +0.00 Y  +0.00 theta   +0.0 elt    0 [0mimu  -0.1 Dt 2514 LtCy 1257 integ.govd   +0.00   +0.00 integ.vbp +0.00 +0.00 omni.gos X     +0.0 ,Y     -0.1. omgD -0.008 omg  +0.00 loop   5019
[0m[33mBatt=21.5 [0m[33mODOM [31mVisionX  +0.00 Y  +0.00 theta   +0.0 elt    0 [0mimu  -0.1 Dt 2530 LtCy 1265 integ.govd   +0.00   +0.00 integ.vbp +0.00 +0.00 omni.gos X     +0.0 ,Y     -0.2. omgD -0.012 omg  +0.00 loop   5030
[0m[33mBatt=21.9 [0m[33mODOM [31mVisionX  +0.00 Y  +0.00 theta   +0.0 elt    0 [0mimu  -0.1 Dt 2546 LtCy 1273 integ.govd   +0.00   +0.00 integ.vbp +0.00 +0.00 omni.gos X     +0.0 ,Y     -0.2. omgD -0.012 omg  +0.00 loop   4990
[0m[33mBatt=22.1 [0m[33mODOM [31mVisionX  +0.00 Y  +0.00 theta   +0.0 elt    0 [0mimu  -0.1 Dt 2562 LtCy 1281 integ.govd   +0.00   +0.00 integ.vbp +0.00 +0.00 omni.gos X     +0.0 ,Y     -0.1. omgD -0.008 omg  +0.00 loop   5011
[0m[33mBatt=22.4 [0m[33mODOM [31mVisionX  +0.00 Y  +0.00 theta   +0.0 elt    0 [0mimu  -0.1 Dt 2578 LtCy 1289 integ.govd   +0.00   +0.00 integ.vbp +0.00 +0.00 omni.gos X     +0.0 ,Y     -0.2. omgD -0.016 omg  +0.00 loop   5021
[0mBatt=22.6 [0m[33mODOM [31mVisionX  +0.00 Y  +0.00 theta   +0.0 elt    0 [0mimu  -0.1 Dt 2594 LtCy 1297 integ.govd   +0.00   +0.00 integ.vbp +0.00 +0.00 omni.gos X     +0.0 ,Y     -0.0. omgD -0.004 omg  +0.00 loop   5005
[0mBatt=22.7 [0m[33mODOM [31mVisionX  +0.00 Y  +0.00 theta   +0.0 elt    0 [0mimu  -0.1 Dt 2610 LtCy 1305 integ.govd   +0.00   +0.00 integ.vbp +0.00 +0.00 omni.gos X     +0.0 ,Y     -0.0. omgD -0.004 omg  +0.00 loop   5005
[0mBatt=22.9 [0m[33mODOM [31mVisionX  +0.00 Y  +0.00 theta   +0.0 elt    0 [0mimu  -0.1 Dt 2626 LtCy 1313 integ.govd   +0.00   +0.00 integ.vbp +0.00 +0.00 omni.gos X     +0.0 ,Y     -0.0. omgD -0.004 omg  +0.00 loop   5022
[0mBatt=23.0 [0m[33mODOM [31mVisionX  +0.00 Y  +0.00 theta   +0.0 elt    0 [0mimu  -0.1 Dt 2642 LtCy 1321 integ.govd   +0.00   +0.00 integ.vbp +0.00 +0.00 omni.gos X     +0.0 ,Y     -0.1. omgD -0.008 omg  +0.00 loop   5023
[0mBatt=23.1 [0m[33mODOM [31mVisionX  +0.00 Y  +0.00 theta   +0.0 elt    0 [0mimu  -0.1 Dt 2658 LtCy 1329 integ.govd   +0.00   +0.00 integ.vbp +0.00 +0.00 omni.gos X     +0.0 ,Y     -0.2. omgD -0.012 omg  +0.00 loop   4989
[0mBatt=23.1 [0m[33mODOM [31mVisionX  +0.00 Y  +0.00 theta   +0.0 elt    0 [0mimu  -0.1 Dt 2674 LtCy 1337 integ.govd   +0.00   +0.00 integ.vbp +0.00 +0.00 omni.gos X     +0.0 ,Y     -0.2. omgD -0.016 omg  +0.00 loop   5020
[0mBatt=23.2 [0m[33mODOM [31mVisionX  +0.00 Y  +0.00 theta   +0.0 elt    0 [0mimu  -0.1 Dt 2690 LtCy 1345 integ.govd   +0.00   +0.00 integ.vbp +0.00 +0.00 omni.gos X     +0.0 ,Y     -0.2. omgD -0.012 omg  +0.00 loop   5021
[0mBatt=23.3 [0m[33mODOM [31mVisionX  +0.00 Y  +0.00 theta   +0.0 elt    0 [0mimu  -0.1 Dt 2706 LtCy 1353 integ.govd   +0.00   +0.00 integ.vbp +0.00 +0.00 omni.gos X     +0.0 ,Y     +0.1. omgD +0.005 omg  +0.00 loop   4992
[0mBatt=23.3 [0m[33mODOM [31mVisionX  +0.00 Y  +0.00 theta   +0.0 elt    0 [0mimu  -0.1 Dt 2722 LtCy 1361 integ.govd   +0.00   +0.00 integ.vbp +0.00 +0.00 omni.gos X     +0.0 ,Y     -0.2. omgD -0.016 omg  +0.00 loop   5016
[0mBatt=23.3 [0m[33mODOM [31mVisionX  +0.00 Y  +0.00 theta   +0.0 elt    0 [0mimu  -0.1 Dt 2738 LtCy 1369 integ.govd   +0.00   +0.00 integ.vbp +0.00 +0.00 omni.gos X     +0.0 ,Y     +0.0. omgD +0.001 omg  +0.00 loop   5025
[0mBatt=23.4 [0m[33mODOM [31mVisionX  +0.00 Y  +0.00 theta   +0.0 elt    0 [0mimu  -0.1 Dt 2754 LtCy 1377 integ.govd   +0.00   +0.00 integ.vbp +0.00 +0.00 omni.gos X     +0.0 ,Y     -0.0. omgD -0.004 omg  +0.00 loop   5003
[0mBatt=23.4 [0m[33mODOM [31mVisionX  +0.00 Y  +0.00 theta   +0.0 elt    0 [0mimu  -0.1 Dt 2770 LtCy 1385 integ.govd   +0.00   +0.00 integ.vbp +0.00 +0.00 omni.gos X     +0.0 ,Y     -0.1. omgD -0.008 omg  +0.00 loop   5006
[0mBatt=23.4 [0m[33mODOM [31mVisionX  +0.00 Y  +0.00 theta   +0.0 elt    0 [0mimu  -0.1 Dt 2786 LtCy 1393 integ.govd   +0.00   +0.00 integ.vbp +0.00 +0.00 omni.gos X     +0.0 ,Y     -0.2. omgD -0.012 omg  +0.00 loop   5027
[0mBatt=23.4 [0m[33mODOM [31mVisionX  +0.00 Y  +0.00 theta   +0.0 elt    0 [0mimu  -0.1 Dt 2802 LtCy 1401 integ.govd   +0.00   +0.00 integ.vbp +0.00 +0.00 omni.gos X     +0.0 ,Y     +0.1. omgD +0.005 omg  +0.00 loop   4683
[0mBatt=23.4 [0m[33mODOM [31mVisionX  +0.00 Y  +0.00 theta   +0.0 elt    0 [0mimu  -0.1 Dt 2818 LtCy 1409 integ.govd   +0.00   +0.00 integ.vbp +0.00 +0.00 omni.gos X     +0.0 ,Y     -0.2. omgD -0.012 omg  +0.00 loop   4478
[0mBatt=23.5 [0m[33mODOM [31mVisionX  +0.00 Y  +0.00 theta   +0.0 elt    0 [0mimu  -0.1 Dt 2834 LtCy 1417 integ.govd   +0.00   +0.00 integ.vbp +0.00 +0.00 omni.gos X     +0.0 ,Y     -0.1. omgD -0.008 omg  +0.00 loop   4512
[0mBatt=23.5 [0m[33mODOM [31mVisionX  +0.00 Y  +0.00 theta   +0.0 elt    0 [0mimu  -0.1 Dt 2850 LtCy 1425 integ.govd   +0.00   +0.00 integ.vbp +0.00 +0.00 omni.gos X     +0.0 ,Y     -0.2. omgD -0.016 omg  +0.00 loop   4509
[0mBatt=23.5 [0m[33mODOM [31mVisionX  +0.00 Y  +0.00 theta   +0.0 elt    0 [0mimu  -0.1 Dt 2866 LtCy 1433 integ.govd   +0.00   +0.00 integ.vbp +0.00 +0.00 omni.gos X     +0.0 ,Y     -0.0. omgD -0.004 omg  +0.00 loop   4471
[0mBatt=23.5 [0m[33mODOM [31mVisionX  +0.00 Y  +0.00 theta   +0.0 elt    0 [0mimu  -0.1 Dt 2882 LtCy 1441 integ.govd   +0.00   +0.00 integ.vbp +0.00 +0.00 omni.gos X     +0.0 ,Y     +0.1. omgD +0.005 omg  +0.00 loop   4513
[0mBatt=23.5 [0m[33mODOM [31mVisionX  +0.00 Y  +0.00 theta   +0.0 elt    0 [0mimu  -0.1 Dt 2898 LtCy 1449 integ.govd   +0.00   +0.00 integ.vbp +0.00 +0.00 omni.gos X     +0.0 ,Y     -0.0. omgD -0.004 omg  +0.00 loop   4511
[0mBatt=23.5 [0m[33mODOM [31mVisionX  +0.00 Y  +0.00 theta   +0.0 elt    0 [0mimu  -0.1 Dt 2914 LtCy 1457 integ.govd   +0.00   +0.00 integ.vbp +0.00 +0.00 omni.gos X     +0.0 ,Y     +0.0. omgD +0.001 omg  +0.00 loop   4485
[0mBatt=23.5 [0m[33mODOM [31mVisionX  +0.00 Y  +0.00 theta   +0.0 elt    0 [0mimu  -0.1 Dt 2930 LtCy 1465 integ.govd   +0.00   +0.00 integ.vbp +0.00 +0.00 omni.gos X     +0.0 ,Y     -0.1. omgD -0.008 omg  +0.00 loop   4496
[0mBatt=23.5 [0m[33mODOM [31mVisionX  +0.00 Y  +0.00 theta   +0.0 elt    0 [0mimu  -0.1 Dt 2946 LtCy 1473 integ.govd   +0.00   +0.00 integ.vbp +0.00 +0.00 omni.gos X     +0.0 ,Y     -0.1. omgD -0.008 omg  +0.00 loop   4512
[0mBatt=23.5 [0m[33mODOM [31mVisionX  +0.00 Y  +0.00 theta   +0.0 elt    0 [0mimu  -0.1 Dt 2962 LtCy 1481 integ.govd   +0.00   +0.00 integ.vbp +0.00 +0.00 omni.gos X     +0.0 ,Y     -0.2. omgD -0.016 omg  +0.00 loop   4492
[0mBatt=23.5 [0m[33mODOM [31mVisionX  +0.00 Y  +0.00 theta   +0.0 elt    0 [0mimu  -0.1 Dt 2978 LtCy 1489 integ.govd   +0.00   +0.00 integ.vbp +0.00 +0.00 omni.gos X     +0.0 ,Y     -0.1. omgD -0.008 omg  +0.00 loop   4483
[0mBatt=23.5 [0m[33mODOM [31mVisionX  +0.00 Y  +0.00 theta   +0.0 elt    0 [0mimu  -0.1 Dt 2994 LtCy 1497 integ.govd   +0.00   +0.00 integ.vbp +0.00 +0.00 omni.gos X     +0.0 ,Y     -0.1. omgD -0.008 omg  +0.00 loop   4510
[0mBatt=23.5 [0m[33mODOM [31mVisionX  +0.00 Y  +0.00 theta   +0.0 elt    0 [0mimu  -0.1 Dt 3002 LtCy 1501 integ.govd   +0.00   +0.00 integ.vbp +0.00 +0.00 omni.gos X     -0.0 ,Y     -0.1. omgD -0.008 omg  +0.00 loop   2174
[0mBatt=23.5 [0m[33mODOM [31mVisionX  +0.00 Y  +0.00 theta   +0.0 elt    0 [0mimu  -0.1 Dt 3018 LtCy 1509 integ.govd   +0.00   +0.00 integ.vbp +0.00 +0.00 omni.gos X     +0.0 ,Y     -0.0. omgD -0.004 omg  +0.00 loop   4454
[0mBatt=23.5 [0m[33mODOM [31mVisionX  +0.00 Y  +0.00 theta   +0.0 elt    0 [0mimu  -0.1 Dt 3034 LtCy 1517 integ.govd   +0.00   +0.00 integ.vbp +0.00 +0.00 omni.gos X     +0.0 ,Y     -0.2. omgD -0.016 omg  +0.00 loop   4493
[0mBatt=23.5 [0m[33mODOM [31mVisionX  +0.00 Y  +0.00 theta   +0.0 elt    0 [0mimu  -0.1 Dt 3050 LtCy 1525 integ.govd   +0.00   +0.00 integ.vbp +0.00 +0.00 omni.gos X     +0.0 ,Y     -0.1. omgD -0.008 omg  +0.00 loop   4514
[0mBatt=23.5 [0m[33mODOM [31mVisionX  +0.00 Y  +0.00 theta   +0.0 elt    0 [0mimu  -0.1 Dt 3066 LtCy 1533 integ.govd   +0.00   +0.00 integ.vbp +0.00 +0.00 omni.gos X     +0.0 ,Y     -0.0. omgD -0.004 omg  +0.00 loop   4493
[0mBatt=23.5 [0m[33mODOM [31mVisionX  +0.00 Y  +0.00 theta   +0.0 elt    0 [0mimu  -0.1 Dt    6 LtCy    3 integ.govd   -0.00   -0.00 integ.vbp -0.00 -0.00 omni.gos X     +0.0 ,Y     -0.2. omgD -0.012 omg  +0.00 loop   3999
[0mBatt=23.5 [0m[33mODOM [31mVisionX  +0.00 Y  +0.00 theta   +0.0 elt    0 [0mimu  -0.1 Dt   22 LtCy   11 integ.govd   -0.00   -0.00 integ.vbp -0.00 -0.00 omni.gos X     +0.0 ,Y     -0.2. omgD -0.012 omg  +0.00 loop   4462
[0mBatt=23.5 [0m[33mODOM [31mVisionX  +0.00 Y  +0.00 theta   +0.0 elt    0 [0mimu  -0.1 Dt   38 LtCy   19 integ.govd   -0.00   -0.00 integ.vbp -0.00 -0.00 omni.gos X     +0.0 ,Y     -0.1. omgD -0.008 omg  +0.00 loop   4454
[0mBatt=23.5 [0m[33mODOM [31mVisionX  +0.00 Y  +0.00 theta   +0.0 elt    0 [0mimu  -0.1 Dt   54 LtCy   27 integ.govd   -0.00   -0.01 integ.vbp -0.00 -0.00 omni.gos X     +0.0 ,Y     -0.1. omgD -0.008 omg  +0.00 loop   4431
[0mBatt=23.5 [0m[33mODOM [31mVisionX  +0.00 Y  +0.00 theta   +0.0 elt    0 [0mimu  -0.1 Dt   70 LtCy   35 integ.govd   -0.00   -0.01 integ.vbp -0.00 -0.00 omni.gos X     +0.0 ,Y     -0.0. omgD -0.004 omg  +0.00 loop   4450
[0mBatt=23.5 [0m[33mODOM [31mVisionX  +0.00 Y  +0.00 theta   +0.0 elt    0 [0mimu  -0.1 Dt   86 LtCy   43 integ.govd   -0.00   -0.01 integ.vbp -0.00 -0.00 omni.gos X     +0.0 ,Y     +0.0. omgD +0.001 omg  +0.00 loop   4451
[0mBatt=23.5 [0m[33mODOM [31mVisionX  +0.00 Y  +0.00 theta   +0.0 elt    0 [0mimu  -0.1 Dt    0 LtCy    0 integ.govd   +0.00   +0.00 integ.vbp +0.00 +0.00 omni.gos X     +0.0 ,Y     -0.1. omgD -0.008 omg  +0.00 loop   3944
[0mBatt=23.5 [0m[33mODOM [31mVisionX  +0.00 Y  +0.00 theta   +0.0 elt    0 [0mimu  -0.1 Dt   16 LtCy    8 integ.govd   +0.00   -0.00 integ.vbp +0.00 -0.00 omni.gos X     +0.0 ,Y     -0.2. omgD -0.016 omg  +0.00 loop   4490
[0mBatt=23.5 [0m[33mODOM [31mVisionX  +0.00 Y  +0.00 theta   +0.0 elt    0 [0mimu  -0.1 Dt   32 LtCy   16 integ.govd   +0.00   -0.01 integ.vbp +0.00 -0.00 omni.gos X     +0.0 ,Y     -0.2. omgD -0.016 omg  +0.00 loop   4472
[0mBatt=23.5 [0m[33mODOM [31mVisionX  +0.00 Y  +0.00 theta   +0.0 elt    0 [0mimu  -0.1 Dt   48 LtCy   24 integ.govd   +0.00   -0.01 integ.vbp +0.00 -0.00 omni.gos X     +0.0 ,Y     -0.2. omgD -0.012 omg  +0.00 loop   4449
[0mBatt=23.5 [0m[33mODOM [31mVisionX  +0.00 Y  +0.00 theta   +0.0 elt    0 [0mimu  -0.1 Dt   64 LtCy   32 integ.govd   -0.00   -0.01 integ.vbp -0.00 -0.00 omni.gos X     +0.0 ,Y     -0.2. omgD -0.012 omg  +0.00 loop   4456
[0mBatt=23.5 [0m[33mODOM [31mVisionX  +0.00 Y  +0.00 theta   +0.0 elt    0 [0mimu  -0.1 Dt   80 LtCy   40 integ.govd   -0.00   -0.01 integ.vbp -0.00 -0.00 omni.gos X     +0.0 ,Y     -0.1. omgD -0.008 omg  +0.00 loop   4441
[0mBatt=23.5 [0m[33mODOM [31mVisionX  +0.00 Y  +0.00 theta   +0.0 elt    0 [0mimu  -0.1 Dt    0 LtCy    0 integ.govd   +0.00   +0.00 integ.vbp +0.00 +0.00 omni.gos X     +0.0 ,Y     -0.0. omgD -0.004 omg  +0.00 loop   4279
[0mBatt=23.5 [0m[33mODOM [31mVisionX  +0.00 Y  +0.00 theta   +0.0 elt    0 [0mimu  -0.1 Dt   10 LtCy    5 integ.govd   +0.00   -0.00 integ.vbp +0.00 -0.00 omni.gos X     +0.0 ,Y     -0.2. omgD -0.012 omg  +0.00 loop   4149
[0mBatt=23.5 [0m[33mODOM [31mVisionX  +0.00 Y  +0.00 theta   +0.0 elt    0 [0mimu  -0.1 Dt   26 LtCy   13 integ.govd   -0.00   -0.00 integ.vbp -0.00 -0.00 omni.gos X     +0.0 ,Y     -0.0. omgD -0.004 omg  +0.00 loop   4478
[0mBatt=23.5 [0m[33mODOM [31mVisionX  +0.00 Y  +0.00 theta   +0.0 elt    0 [0mimu  -0.1 Dt   42 LtCy   21 integ.govd   -0.00   -0.00 integ.vbp -0.00 -0.00 omni.gos X     +0.0 ,Y     -0.1. omgD -0.008 omg  +0.00 loop   4459
[0mBatt=23.5 [0m[33mODOM [31mVisionX  +0.00 Y  +0.00 theta   +0.0 elt    0 [0mimu  -0.1 Dt   58 LtCy   29 integ.govd   -0.00   -0.01 integ.vbp -0.00 -0.00 omni.gos X     +0.0 ,Y     -0.0. omgD -0.004 omg  +0.00 loop   4415
[0mBatt=23.5 [0m[33mODOM [31mVisionX  +0.00 Y  +0.00 theta   +0.0 elt    0 [0mimu  -0.1 Dt   74 LtCy   37 integ.govd   -0.00   -0.01 integ.vbp -0.00 -0.00 omni.gos X     +0.0 ,Y     -0.2. omgD -0.012 omg  +0.00 loop   4452
[0mBatt=23.5 [0m[33mODOM [31mVisionX  +0.00 Y  +0.00 theta   +0.0 elt    0 [0mimu  -0.1 Dt   90 LtCy   45 integ.govd   -0.00   -0.01 integ.vbp -0.00 -0.00 omni.gos X     +0.0 ,Y     -0.1. omgD -0.008 omg  +0.00 loop   4450
[0mBatt=23.5 [0m[33mODOM [31mVisionX  +0.00 Y  +0.00 theta   +0.0 elt    0 [0mimu  -0.1 Dt    4 LtCy    2 integ.govd   +0.00   -0.00 integ.vbp +0.00 -0.00 omni.gos X     +0.0 ,Y     -0.2. omgD -0.012 omg  +0.00 loop   3958
[0mBatt=23.5 [0m[33mODOM [31mVisionX  +0.00 Y  +0.00 theta   +0.0 elt    0 [0mimu  -0.1 Dt   20 LtCy   10 integ.govd   +0.00   -0.00 integ.vbp +0.00 -0.00 omni.gos X     +0.0 ,Y     -0.1. omgD -0.008 omg  +0.00 loop   4470
[0mBatt=23.5 [0m[33mODOM [31mVisionX  +0.00 Y  +0.00 theta   +0.0 elt    0 [0mimu  -0.1 Dt   36 LtCy   18 integ.govd   +0.00   -0.00 integ.vbp +0.00 -0.00 omni.gos X     +0.0 ,Y     -0.0. omgD -0.004 omg  +0.00 loop   4478
[0mBatt=23.5 [0m[33mODOM [31mVisionX  +0.00 Y  +0.00 theta   +0.0 elt    0 [0mimu  -0.1 Dt   52 LtCy   26 integ.govd   +0.00   -0.00 integ.vbp +0.00 -0.00 omni.gos X     +0.0 ,Y     -0.1. omgD -0.008 omg  +0.00 loop   4454
[0mBatt=23.5 [0m[33mODOM [31mVisionX  +0.00 Y  +0.00 theta   +0.0 elt    0 [0mimu  -0.1 Dt   68 LtCy   34 integ.govd   +0.00   -0.00 integ.vbp +0.00 -0.00 omni.gos X     +0.0 ,Y     -0.1. omgD -0.010 omg  +0.00 loop   4446
[0mBatt=23.5 [0m[33mODOM [31mVisionX  +0.00 Y  +0.00 theta   +0.0 elt    0 [0mimu  -0.1 Dt   84 LtCy   42 integ.govd   +0.00   -0.01 integ.vbp +0.00 -0.00 omni.gos X     +0.0 ,Y     -0.1. omgD -0.008 omg  +0.00 loop   4457
[0mBatt=23.5 [0m[33mODOM [31mVisionX  +0.00 Y  +0.00 theta   +0.0 elt    0 [0mimu  -0.1 Dt    0 LtCy    0 integ.govd   +0.00   +0.00 integ.vbp +0.00 +0.00 omni.gos X     +0.0 ,Y     -0.1. omgD -0.006 omg  +0.00 loop   4039
[0mBatt=23.5 [0m[33mODOM [31mVisionX  +0.00 Y  +0.00 theta   +0.0 elt    0 [0mimu  -0.1 Dt   14 LtCy    7 integ.govd   +0.00   -0.00 integ.vbp +0.00 -0.00 omni.gos X     +0.0 ,Y     -0.1. omgD -0.006 omg  +0.00 loop   4407
[0mBatt=23.5 [0m[33mODOM [31mVisionX  +0.00 Y  +0.00 theta   +0.0 elt    0 [0mimu  -0.1 Dt   30 LtCy   15 integ.govd   +0.00   -0.00 integ.vbp +0.00 -0.00 omni.gos X     +0.0 ,Y     -0.0. omgD -0.004 omg  +0.00 loop   4476
[0mBatt=23.5 [0m[33mODOM [31mVisionX  +0.00 Y  +0.00 theta   +0.0 elt    0 [0mimu  -0.1 Dt   46 LtCy   23 integ.govd   +0.00   -0.00 integ.vbp +0.00 -0.00 omni.gos X     +0.0 ,Y     -0.1. omgD -0.010 omg  +0.00 loop   4471
[0mBatt=23.5 [0m[33mODOM [31mVisionX  +0.00 Y  +0.00 theta   +0.0 elt    0 [0mimu  -0.1 Dt   62 LtCy   31 integ.govd   -0.00   -0.01 integ.vbp -0.00 -0.00 omni.gos X     +0.0 ,Y     -0.2. omgD -0.014 omg  +0.00 loop   4439
[0mBatt=23.5 [0m[33mODOM [31mVisionX  +0.00 Y  +0.00 theta   +0.0 elt    0 [0mimu  -0.1 Dt   78 LtCy   39 integ.govd   -0.00   -0.01 integ.vbp -0.00 -0.00 omni.gos X     +0.0 ,Y     -0.1. omgD -0.006 omg  +0.00 loop   4446
[0mBatt=23.5 [0m[33mODOM [31mVisionX  +0.00 Y  +0.00 theta   +0.0 elt    0 [0mimu  -0.1 Dt    0 LtCy    0 integ.govd   +0.00   +0.00 integ.vbp +0.00 +0.00 omni.gos X     +0.0 ,Y     -0.0. omgD -0.004 omg  +0.00 loop   4333
[0mBatt=23.5 [0m[33mODOM [31mVisionX  +0.00 Y  +0.00 theta   +0.0 elt    0 [0mimu  -0.1 Dt   14 LtCy    7 integ.govd   -0.00   -0.00 integ.vbp -0.00 -0.00 omni.gos X     +0.0 ,Y     -0.1. omgD -0.008 omg  +0.00 loop   4456
[0mBatt=23.5 [0m[33mODOM [31mVisionX  +0.00 Y  +0.00 theta   +0.0 elt    0 [0mimu  -0.1 Dt   30 LtCy   15 integ.govd   -0.00   -0.00 integ.vbp -0.00 -0.00 omni.gos X     +0.0 ,Y     -0.1. omgD -0.006 omg  +0.00 loop   4445
[0mBatt=23.5 [0m[33mODOM [31mVisionX  +0.00 Y  +0.00 theta   +0.0 elt    0 [0mimu  -0.1 Dt   46 LtCy   23 integ.govd   -0.00   -0.00 integ.vbp -0.00 -0.00 omni.gos X     +0.0 ,Y     -0.1. omgD -0.008 omg  +0.00 loop   4463
[0mBatt=23.5 [0m[33mODOM [31mVisionX  +0.00 Y  +0.00 theta   +0.0 elt    0 [0mimu  -0.1 Dt   62 LtCy   31 integ.govd   -0.00   -0.01 integ.vbp -0.00 -0.00 omni.gos X     +0.0 ,Y     -0.1. omgD -0.008 omg  +0.00 loop   4441
[0mBatt=23.5 [0m[33mODOM [31mVisionX  +0.00 Y  +0.00 theta   +0.0 elt    0 [0mimu  -0.1 Dt   78 LtCy   39 integ.govd   -0.00   -0.01 integ.vbp -0.00 -0.00 omni.gos X     +0.0 ,Y     -0.0. omgD -0.002 omg  +0.00 loop   4426
[0mBatt=23.5 [0m[33mODOM [31mVisionX  +0.00 Y  +0.00 theta   +0.0 elt    0 [0mimu  -0.1 Dt   94 LtCy   47 integ.govd   -0.00   -0.01 integ.vbp -0.00 -0.00 omni.gos X     +0.0 ,Y     -0.0. omgD -0.004 omg  +0.00 loop   4447
[0mBatt=23.5 [0m[33mODOM [31mVisionX  +0.00 Y  +0.00 theta   +0.0 elt    0 [0mimu  -0.1 Dt    0 LtCy    0 integ.govd   +0.00   +0.00 integ.vbp +0.00 +0.00 omni.gos X     +0.0 ,Y     -0.1. omgD -0.006 omg  +0.00 loop   3781
[0mBatt=23.5 [0m[33mODOM [31mVisionX  +0.00 Y  +0.00 theta   +0.0 elt    0 [0mimu  -0.1 Dt   14 LtCy    7 integ.govd   -0.00   -0.00 integ.vbp -0.00 -0.00 omni.gos X     +0.0 ,Y     -0.1. omgD -0.006 omg  +0.00 loop   4382
[0mBatt=23.5 [0m[33mODOM [31mVisionX  +0.00 Y  +0.00 theta   +0.0 elt    0 [0mimu  -0.1 Dt   30 LtCy   15 integ.govd   -0.00   -0.00 integ.vbp -0.00 -0.00 omni.gos X     +0.0 ,Y     -0.1. omgD -0.006 omg  +0.00 loop   4458
[0mBatt=23.5 [0m[33mODOM [31mVisionX  +0.00 Y  +0.00 theta   +0.0 elt    0 [0mimu  -0.1 Dt   46 LtCy   23 integ.govd   -0.00   -0.00 integ.vbp -0.00 -0.00 omni.gos X     +0.0 ,Y     -0.1. omgD -0.006 omg  +0.00 loop   4461
[0mBatt=23.5 [0m[33mODOM [31mVisionX  +0.00 Y  +0.00 theta   +0.0 elt    0 [0mimu  -0.1 Dt   62 LtCy   31 integ.govd   -0.00   -0.00 integ.vbp -0.00 -0.00 omni.gos X     +0.0 ,Y     -0.1. omgD -0.006 omg  +0.00 loop   4419
[0mBatt=23.5 [0m[33mODOM [31mVisionX  +0.00 Y  +0.00 theta   +0.0 elt    0 [0mimu  -0.1 Dt   78 LtCy   39 integ.govd   -0.00   -0.01 integ.vbp -0.00 -0.00 omni.gos X     +0.0 ,Y     -0.1. omgD -0.006 omg  +0.00 loop   4446
[0mBatt=23.5 [0m[33mODOM [31mVisionX  +0.00 Y  +0.00 theta   +0.0 elt    0 [0mimu  -0.1 Dt    0 LtCy    0 integ.govd   +0.00   +0.00 integ.vbp +0.00 +0.00 omni.gos X     +0.0 ,Y     -0.0. omgD -0.004 omg  +0.00 loop   4107
[0mBatt=23.5 [0m[33mODOM [31mVisionX  +0.00 Y  +0.00 theta   +0.0 elt    0 [0mimu  -0.1 Dt   14 LtCy    7 integ.govd   +0.00   -0.00 integ.vbp +0.00 -0.00 omni.gos X     +0.0 ,Y     -0.1. omgD -0.008 omg  +0.00 loop   4400
[0mBatt=23.5 [0m[33mODOM [31mVisionX  +0.00 Y  +0.00 theta   +0.0 elt    0 [0mimu  -0.1 Dt   30 LtCy   15 integ.govd   +0.00   -0.00 integ.vbp +0.00 -0.00 omni.gos X     +0.0 ,Y     -0.2. omgD -0.012 omg  +0.00 loop   4459
[0mBatt=23.5 [0m[33mODOM [31mVisionX  +0.00 Y  +0.00 theta   +0.0 elt    0 [0mimu  -0.1 Dt   46 LtCy   23 integ.govd   -0.00   -0.01 integ.vbp -0.00 -0.00 omni.gos X     +0.0 ,Y     -0.0. omgD -0.004 omg  +0.00 loop   4473
[0mBatt=23.5 [0m[33mODOM [31mVisionX  +0.00 Y  +0.00 theta   +0.0 elt    0 [0mimu  -0.1 Dt   62 LtCy   31 integ.govd   -0.00   -0.01 integ.vbp -0.00 -0.00 omni.gos X     +0.0 ,Y     -0.0. omgD -0.004 omg  +0.00 loop   4446
[0mBatt=23.5 [0m[33mODOM [31mVisionX  +0.00 Y  +0.00 theta   +0.0 elt    0 [0mimu  -0.1 Dt   78 LtCy   39 integ.govd   -0.00   -0.01 integ.vbp -0.00 -0.00 omni.gos X     +0.0 ,Y     -0.1. omgD -0.008 omg  +0.00 loop   4423
[0mBatt=23.5 [0m[33mODOM [31mVisionX  +0.00 Y  +0.00 theta   +0.0 elt    0 [0mimu  -0.1 Dt   94 LtCy   47 integ.govd   -0.00   -0.01 integ.vbp -0.00 -0.00 omni.gos X     +0.0 ,Y     -0.1. omgD -0.008 omg  +0.00 loop   4401
[0mBatt=23.5 [0m[33mODOM [31mVisionX  +0.00 Y  +0.00 theta   +0.0 elt    0 [0mimu  -0.1 Dt    8 LtCy    4 integ.govd   +0.00   -0.00 integ.vbp +0.00 -0.00 omni.gos X     +0.0 ,Y     -0.1. omgD -0.008 omg  +0.00 loop   4092
[0mBatt=23.5 [0m[33mODOM [31mVisionX  +0.00 Y  +0.00 theta   +0.0 elt    0 [0mimu  -0.1 Dt   24 LtCy   12 integ.govd   -0.00   -0.00 integ.vbp -0.00 -0.00 omni.gos X     +0.0 ,Y     -0.1. omgD -0.008 omg  +0.00 loop   4448
[0mBatt=23.5 [0m[33mODOM [31mVisionX  +0.00 Y  +0.00 theta   +0.0 elt    0 [0mimu  -0.1 Dt   40 LtCy   20 integ.govd   -0.00   -0.00 integ.vbp -0.00 -0.00 omni.gos X     +0.0 ,Y     -0.0. omgD -0.004 omg  +0.00 loop   4454
[0mBatt=23.5 [0m[33mODOM [31mVisionX  +0.00 Y  +0.00 theta   +0.0 elt    0 [0mimu  -0.1 Dt   56 LtCy   28 integ.govd   -0.00   -0.01 integ.vbp -0.00 -0.00 omni.gos X     +0.0 ,Y     -0.2. omgD -0.012 omg  +0.00 loop   4466
[0mBatt=23.5 [0m[33mODOM [31mVisionX  +0.00 Y  +0.00 theta   +0.0 elt    0 [0mimu  -0.1 Dt   72 LtCy   36 integ.govd   -0.00   -0.01 integ.vbp -0.00 -0.00 omni.gos X     +0.0 ,Y     -0.0. omgD -0.004 omg  +0.00 loop   4424
[0mBatt=23.5 [0m[33mODOM [31mVisionX  +0.00 Y  +0.00 theta   +0.0 elt    0 [0mimu  -0.1 Dt   88 LtCy   44 integ.govd   -0.00   -0.01 integ.vbp -0.00 -0.00 omni.gos X     +0.0 ,Y     -0.1. omgD -0.008 omg  +0.00 loop   4434
[0mBatt=23.5 [0m[33mODOM [31mVisionX  +0.00 Y  +0.00 theta   +0.0 elt    0 [0mimu  -0.2 Dt    2 LtCy    1 integ.govd   +0.00   +0.00 integ.vbp +0.00 +0.00 omni.gos X     +0.0 ,Y     +0.1. omgD +0.005 omg  +0.00 loop   3989
[0mBatt=23.5 [0m[33mODOM [31mVisionX  +0.00 Y  +0.00 theta   +0.0 elt    0 [0mimu  -0.2 Dt   10 LtCy    5 integ.govd   +0.00   +0.00 integ.vbp +0.00 +0.00 omni.gos X     +0.0 ,Y     -0.1. omgD -0.008 omg  +0.00 loop   2154
[0mBatt=23.5 [0m[33mODOM [31mVisionX  +0.00 Y  +0.00 theta   +0.0 elt    0 [0mimu  -0.2 Dt   26 LtCy   13 integ.govd   +0.00   -0.00 integ.vbp +0.00 -0.00 omni.gos X     +0.0 ,Y     -0.1. omgD -0.008 omg  +0.00 loop   4442
[0mBatt=23.5 [0m[33mODOM [31mVisionX  +0.00 Y  +0.00 theta   +0.0 elt    0 [0mimu  -0.2 Dt   42 LtCy   21 integ.govd   -0.00   -0.00 integ.vbp -0.00 -0.00 omni.gos X     +0.0 ,Y     -0.2. omgD -0.012 omg  +0.00 loop   4471
[0mBatt=23.5 [0m[33mODOM [31mVisionX  +0.00 Y  +0.00 theta   +0.0 elt    0 [0mimu  -0.2 Dt   58 LtCy   29 integ.govd   -0.00   -0.01 integ.vbp -0.00 -0.00 omni.gos X     +0.0 ,Y     -0.2. omgD -0.012 omg  +0.00 loop   4457
[0mBatt=23.5 [0m[33mODOM [31mVisionX  +0.00 Y  +0.00 theta   +0.0 elt    0 [0mimu  -0.2 Dt   74 LtCy   37 integ.govd   -0.00   -0.01 integ.vbp -0.00 -0.00 omni.gos X     +0.0 ,Y     -0.1. omgD -0.008 omg  +0.00 loop   4427
[0mBatt=23.5 [0mODOM [31mVisionX  +0.00 Y  +0.00 theta   +0.0 elt    0 [0mimu  -0.2 Dt   90 LtCy   45 integ.govd   -0.00   -0.01 integ.vbp -0.00 -0.00 omni.gos X     +0.0 ,Y     -0.2. omgD -0.012 omg  +0.00 loop   4455
[0mBatt=23.5 [0mODOM [31mVisionX  +0.00 Y  +0.00 theta   +0.0 elt    0 [0mimu  -0.2 Dt    4 LtCy    2 integ.govd   +0.00   -0.00 integ.vbp +0.00 -0.00 omni.gos X     +0.0 ,Y     -0.1. omgD -0.008 omg  +0.00 loop   4008
[0mBatt=23.5 [0mODOM [31mVisionX  +0.00 Y  +0.00 theta   +0.0 elt    0 [0mimu  -0.2 Dt   20 LtCy   10 integ.govd   +0.00   -0.00 integ.vbp +0.00 -0.00 omni.gos X     +0.0 ,Y     -0.1. omgD -0.008 omg  +0.00 loop   4491
[0mBatt=23.5 [0mODOM [31mVisionX  +0.00 Y  +0.00 theta   +0.0 elt    0 [0mimu  -0.2 Dt   36 LtCy   18 integ.govd   +0.00   -0.00 integ.vbp +0.00 -0.00 omni.gos X     +0.0 ,Y     -0.1. omgD -0.008 omg  +0.00 loop   4478
[0mBatt=23.5 [0mODOM [31mVisionX  +0.00 Y  +0.00 theta   +0.0 elt    0 [0mimu  -0.2 Dt   52 LtCy   26 integ.govd   -0.00   -0.00 integ.vbp -0.00 -0.00 omni.gos X     +0.0 ,Y     -0.1. omgD -0.008 omg  +0.00 loop   4500
[0mBatt=23.5 [0mODOM [31mVisionX  +0.00 Y  +0.00 theta   +0.0 elt    0 [0mimu  -0.2 Dt   68 LtCy   34 integ.govd   -0.00   -0.01 integ.vbp -0.00 -0.00 omni.gos X     +0.0 ,Y     -0.0. omgD -0.004 omg  +0.00 loop   4474
[0mBatt=23.5 [0mODOM [31mVisionX  +0.00 Y  +0.00 theta   +0.0 elt    0 [0mimu  -0.2 Dt   84 LtCy   42 integ.govd   -0.00   -0.01 integ.vbp -0.00 -0.00 omni.gos X     +0.0 ,Y     -0.2. omgD -0.012 omg  +0.00 loop   4444
[0mBatt=23.5 [0mODOM [31mVisionX  +0.00 Y  +0.00 theta   +0.0 elt    0 [0mimu  -0.2 Dt    0 LtCy    0 integ.govd   +0.00   +0.00 integ.vbp +0.00 +0.00 omni.gos X     +0.0 ,Y     -0.2. omgD -0.012 omg  +0.00 loop   4141
[0mBatt=23.5 [0mODOM [31mVisionX  +0.00 Y  +0.00 theta   +0.0 elt    0 [0mimu  -0.2 Dt   16 LtCy    8 integ.govd   -0.00   -0.00 integ.vbp -0.00 -0.00 omni.gos X     +0.0 ,Y     -0.0. omgD -0.004 omg  +0.00 loop   4519
[0mBatt=23.5 [0mODOM [31mVisionX  +0.00 Y  +0.00 theta   +0.0 elt    0 [0mimu  -0.2 Dt   32 LtCy   16 integ.govd   -0.00   -0.00 integ.vbp -0.00 -0.00 omni.gos X     +0.0 ,Y     -0.0. omgD -0.004 omg  +0.00 loop   4463
[0mBatt=23.5 [0mODOM [31mVisionX  +0.00 Y  +0.00 theta   +0.0 elt    0 [0mimu  -0.2 Dt   48 LtCy   24 integ.govd   -0.00   -0.00 integ.vbp -0.00 -0.00 omni.gos X     +0.0 ,Y     -0.1. omgD -0.008 omg  +0.00 loop   4478
[0mBatt=23.5 [0mODOM [31mVisionX  +0.00 Y  +0.00 theta   +0.0 elt    0 [0mimu  -0.2 Dt   64 LtCy   32 integ.govd   -0.00   -0.01 integ.vbp -0.00 -0.00 omni.gos X     +0.0 ,Y     -0.1. omgD -0.008 omg  +0.00 loop   4479
[0mBatt=23.5 [0mODOM [31mVisionX  +0.00 Y  +0.00 theta   +0.0 elt    0 [0mimu  -0.2 Dt   80 LtCy   40 integ.govd   -0.00   -0.01 integ.vbp -0.00 -0.00 omni.gos X     +0.0 ,Y     -0.1. omgD -0.008 omg  +0.00 loop   4458
[0mBatt=23.5 [0mODOM [31mVisionX  +0.00 Y  +0.00 theta   +0.0 elt    0 [0mimu  -0.2 Dt    0 LtCy    0 integ.govd   +0.00   +0.00 integ.vbp +0.00 +0.00 omni.gos X     +0.0 ,Y     -0.1. omgD -0.008 omg  +0.00 loop   4394
[0mBatt=23.5 [0mODOM [31mVisionX  +0.00 Y  +0.00 theta   +0.0 elt    0 [0mimu  -0.2 Dt    8 LtCy    4 integ.govd   +0.00   +0.00 integ.vbp +0.00 +0.00 omni.gos X     +0.0 ,Y     +0.1. omgD +0.005 omg  +0.00 loop   4095
[0mBatt=23.5 [0mODOM [31mVisionX  +0.00 Y  +0.00 theta   +0.0 elt    0 [0mimu  -0.2 Dt   24 LtCy   12 integ.govd   -0.00   -0.00 integ.vbp -0.00 -0.00 omni.gos X     +0.0 ,Y     -0.0. omgD -0.004 omg  +0.00 loop   4499
[0mBatt=23.5 [0mODOM [31mVisionX  +0.00 Y  +0.00 theta   +0.0 elt    0 [0mimu  -0.2 Dt   40 LtCy   20 integ.govd   -0.00   -0.00 integ.vbp -0.00 -0.00 omni.gos X     +0.0 ,Y     -0.0. omgD -0.004 omg  +0.00 loop   4466
[0mBatt=23.5 [0mODOM [31mVisionX  +0.00 Y  +0.00 theta   +0.0 elt    0 [0mimu  -0.2 Dt   56 LtCy   28 integ.govd   -0.00   -0.00 integ.vbp -0.00 -0.00 omni.gos X     +0.0 ,Y     -0.1. omgD -0.008 omg  +0.00 loop   4479
[0mBatt=23.5 [0mODOM [31mVisionX  +0.00 Y  +0.00 theta   +0.0 elt    0 [0mimu  -0.2 Dt   72 LtCy   36 integ.govd   -0.00   -0.00 integ.vbp -0.00 -0.00 omni.gos X     +0.0 ,Y     -0.2. omgD -0.012 omg  +0.00 loop   4478
[0mBatt=23.5 [0mODOM [31mVisionX  +0.00 Y  +0.00 theta   +0.0 elt    0 [0mimu  -0.2 Dt   88 LtCy   44 integ.govd   -0.00   -0.01 integ.vbp -0.00 -0.00 omni.gos X     +0.0 ,Y     -0.1. omgD -0.008 omg  +0.00 loop   4440
[0mBatt=23.5 [0mODOM [31mVisionX  +0.00 Y  +0.00 theta   +0.0 elt    0 [0mimu  -0.2 Dt    4 LtCy    2 integ.govd   +0.00   -0.00 integ.vbp +0.00 -0.00 omni.gos X     +0.0 ,Y     -0.0. omgD -0.004 omg  +0.00 loop   4017
[0mBatt=23.5 [0mODOM [31mVisionX  +0.00 Y  +0.00 theta   +0.0 elt    0 [0mimu  -0.2 Dt   20 LtCy   10 integ.govd   +0.00   -0.00 integ.vbp +0.00 -0.00 omni.gos X     +0.0 ,Y     -0.0. omgD -0.004 omg  +0.00 loop   4503
[0mBatt=23.5 [0mODOM [31mVisionX  +0.00 Y  +0.00 theta   +0.0 elt    0 [0mimu  -0.2 Dt   36 LtCy   18 integ.govd   +0.00   -0.00 integ.vbp +0.00 -0.00 omni.gos X     +0.0 ,Y     -0.2. omgD -0.012 omg  +0.00 loop   4478
[0mBatt=23.5 [0mODOM [31mVisionX  +0.00 Y  +0.00 theta   +0.0 elt    0 [0mimu  -0.2 Dt   52 LtCy   26 integ.govd   -0.00   -0.00 integ.vbp -0.00 -0.00 omni.gos X     +0.0 ,Y     -0.1. omgD -0.008 omg  +0.00 loop   4485
[0mBatt=23.5 [0mODOM [31mVisionX  +0.00 Y  +0.00 theta   +0.0 elt    0 [0mimu  -0.2 Dt   68 LtCy   34 integ.govd   -0.00   -0.01 integ.vbp -0.00 -0.00 omni.gos X     +0.0 ,Y     -0.1. omgD -0.008 omg  +0.00 loop   4480
[0mBatt=23.5 [0mODOM [31mVisionX  +0.00 Y  +0.00 theta   +0.0 elt    0 [0mimu  -0.2 Dt   84 LtCy   42 integ.govd   -0.00   -0.01 integ.vbp -0.00 -0.00 omni.gos X     +0.0 ,Y     -0.0. omgD -0.004 omg  +0.00 loop   4460
[0mBatt=23.5 [0mODOM [31mVisionX  +0.00 Y  +0.00 theta   +0.0 elt    0 [0mimu  -0.2 Dt    0 LtCy    0 integ.govd   +0.00   +0.00 integ.vbp +0.00 +0.00 omni.gos X     +0.0 ,Y     -0.2. omgD -0.016 omg  +0.00 loop   4122
[0mBatt=23.5 [0mODOM [31mVisionX  +0.00 Y  +0.00 theta   +0.0 elt    0 [0mimu  -0.2 Dt   14 LtCy    7 integ.govd   +0.00   -0.00 integ.vbp +0.00 -0.00 omni.gos X     +0.0 ,Y     +0.0. omgD +0.001 omg  +0.00 loop   4370
[0mBatt=23.5 [0mODOM [31mVisionX  +0.00 Y  +0.00 theta   +0.0 elt    0 [0mimu  -0.2 Dt   30 LtCy   15 integ.govd   +0.00   -0.00 integ.vbp +0.00 -0.00 omni.gos X     +0.0 ,Y     -0.0. omgD -0.004 omg  +0.00 loop   4492
[0mBatt=23.5 [0mODOM [31mVisionX  +0.00 Y  +0.00 theta   +0.0 elt    0 [0mimu  -0.2 Dt   46 LtCy   23 integ.govd   -0.00   -0.00 integ.vbp -0.00 -0.00 omni.gos X     +0.0 ,Y     -0.2. omgD -0.016 omg  +0.00 loop   4478
[0mBatt=23.5 [0mODOM [31mVisionX  +0.00 Y  +0.00 theta   +0.0 elt    0 [0mimu  -0.2 Dt   62 LtCy   31 integ.govd   -0.00   -0.01 integ.vbp -0.00 -0.00 omni.gos X     +0.0 ,Y     -0.1. omgD -0.008 omg  +0.00 loop   4476
[0mBatt=23.5 [0mODOM [31mVisionX  +0.00 Y  +0.00 theta   +0.0 elt    0 [0mimu  -0.2 Dt   78 LtCy   39 integ.govd   -0.00   -0.00 integ.vbp -0.00 -0.00 omni.gos X     +0.0 ,Y     -0.0. omgD -0.004 omg  +0.00 loop   4478
[0mBatt=23.5 [0mODOM [31mVisionX  +0.00 Y  +0.00 theta   +0.0 elt    0 [0mimu  -0.2 Dt   94 LtCy   47 integ.govd   -0.00   -0.01 integ.vbp -0.00 -0.00 omni.gos X     +0.0 ,Y     -0.0. omgD -0.004 omg  +0.00 loop   4443
[0mBatt=23.5 [0mODOM [31mVisionX  +0.00 Y  +0.00 theta   +0.0 elt    0 [0mimu  -0.2 Dt    8 LtCy    4 integ.govd   -0.00   -0.00 integ.vbp -0.00 -0.00 omni.gos X     +0.0 ,Y     -0.2. omgD -0.012 omg  +0.00 loop   3994
[0mBatt=23.5 [0mODOM [31mVisionX  +0.00 Y  +0.00 theta   +0.0 elt    0 [0mimu  -0.2 Dt   24 LtCy   12 integ.govd   -0.00   -0.00 integ.vbp -0.00 -0.00 omni.gos X     +0.0 ,Y     -0.0. omgD -0.004 omg  +0.00 loop   4472
[0mBatt=23.5 [0mODOM [31mVisionX  +0.00 Y  +0.00 theta   +0.0 elt    0 [0mimu  -0.2 Dt   40 LtCy   20 integ.govd   -0.00   -0.01 integ.vbp -0.00 -0.00 omni.gos X     -0.0 ,Y     -0.2. omgD -0.016 omg  +0.00 loop   4463
[0mBatt=23.5 [0mODOM [31mVisionX  +0.00 Y  +0.00 theta   +0.0 elt    0 [0mimu  -0.2 Dt   56 LtCy   28 integ.govd   -0.00   -0.01 integ.vbp -0.00 -0.00 omni.gos X     +0.0 ,Y     -0.0. omgD -0.004 omg  +0.00 loop   4460
[0mBatt=23.5 [0mODOM [31mVisionX  +0.00 Y  +0.00 theta   +0.0 elt    0 [0mimu  -0.2 Dt   72 LtCy   36 integ.govd   -0.00   -0.01 integ.vbp -0.00 -0.00 omni.gos X     +0.0 ,Y     -0.2. omgD -0.012 omg  +0.00 loop   4476
[0mBatt=23.5 [0mODOM [31mVisionX  +0.00 Y  +0.00 theta   +0.0 elt    0 [0mimu  -0.2 Dt   88 LtCy   44 integ.govd   -0.00   -0.01 integ.vbp -0.00 -0.00 omni.gos X     +0.0 ,Y     -0.1. omgD -0.008 omg  +0.00 loop   4464
[0mBatt=23.5 [0mODOM [31mVisionX  +0.00 Y  +0.00 theta   +0.0 elt    0 [0mimu  -0.2 Dt    2 LtCy    1 integ.govd   +0.00   -0.00 integ.vbp +0.00 -0.00 omni.gos X     +0.0 ,Y     -0.2. omgD -0.012 omg  +0.00 loop   4057
[0mBatt=23.5 [0mODOM [31mVisionX  +0.00 Y  +0.00 theta   +0.0 elt    0 [0mimu  -0.2 Dt   18 LtCy    9 integ.govd   +0.00   -0.00 integ.vbp +0.00 -0.00 omni.gos X     +0.0 ,Y     -0.2. omgD -0.012 omg  +0.00 loop   4508
[0mBatt=23.5 [0mODOM [31mVisionX  +0.00 Y  +0.00 theta   +0.0 elt    0 [0mimu  -0.2 Dt   34 LtCy   17 integ.govd   -0.00   -0.01 integ.vbp -0.00 -0.00 omni.gos X     +0.0 ,Y     -0.2. omgD -0.016 omg  +0.00 loop   4497
[0mBatt=23.5 [0mODOM [31mVisionX  +0.00 Y  +0.00 theta   +0.0 elt    0 [0mimu  -0.2 Dt   50 LtCy   25 integ.govd   -0.00   -0.01 integ.vbp -0.00 -0.00 omni.gos X     +0.0 ,Y     -0.1. omgD -0.008 omg  +0.00 loop   4446
[0mBatt=23.5 [0mODOM [31mVisionX  +0.00 Y  +0.00 theta   +0.0 elt    0 [0mimu  -0.2 Dt   66 LtCy   33 integ.govd   -0.00   -0.01 integ.vbp -0.00 -0.00 omni.gos X     +0.0 ,Y     -0.0. omgD -0.004 omg  +0.00 loop   4479
[0mBatt=23.5 [0mODOM [31mVisionX  +0.00 Y  +0.00 theta   +0.0 elt    0 [0mimu  -0.2 Dt   82 LtCy   41 integ.govd   -0.00   -0.01 integ.vbp -0.00 -0.00 omni.gos X     +0.0 ,Y     -0.2. omgD -0.016 omg  +0.00 loop   4474
[0mBatt=23.5 [0mODOM [31mVisionX  +0.00 Y  +0.00 theta   +0.0 elt    0 [0mimu  -0.2 Dt    0 LtCy    0 integ.govd   +0.00   +0.00 integ.vbp +0.00 +0.00 omni.gos X     +0.0 ,Y     -0.1. omgD -0.008 omg  +0.00 loop   4174
[0mBatt=23.5 [0mODOM [31mVisionX  +0.00 Y  +0.00 theta   +0.0 elt    0 [0mimu  -0.2 Dt   12 LtCy    6 integ.govd   -0.00   -0.00 integ.vbp -0.00 -0.00 omni.gos X     +0.0 ,Y     -0.1. omgD -0.008 omg  +0.00 loop   4359
[0mBatt=23.5 [0mODOM [31mVisionX  +0.00 Y  +0.00 theta   +0.0 elt    0 [0mimu  -0.2 Dt   28 LtCy   14 integ.govd   -0.00   -0.00 integ.vbp -0.00 -0.00 omni.gos X     +0.0 ,Y     -0.0. omgD -0.004 omg  +0.00 loop   4496
[0mBatt=23.5 [0mODOM [31mVisionX  +0.00 Y  +0.00 theta   +0.0 elt    0 [0mimu  -0.2 Dt   44 LtCy   22 integ.govd   -0.00   -0.00 integ.vbp -0.00 -0.00 omni.gos X     +0.0 ,Y     -0.2. omgD -0.016 omg  +0.00 loop   4465
[0mBatt=23.5 [0mODOM [31mVisionX  +0.00 Y  +0.00 theta   +0.0 elt    0 [0mimu  -0.2 Dt   60 LtCy   30 integ.govd   -0.00   -0.00 integ.vbp -0.00 -0.00 omni.gos X     +0.0 ,Y     -0.1. omgD -0.008 omg  +0.00 loop   4463
[0mBatt=23.5 [0mODOM [31mVisionX  +0.00 Y  +0.00 theta   +0.0 elt    0 [0mimu  -0.2 Dt   76 LtCy   38 integ.govd   -0.00   -0.01 integ.vbp -0.00 -0.00 omni.gos X     +0.0 ,Y     -0.0. omgD -0.004 omg  +0.00 loop   4473
[0mBatt=23.5 [0mODOM [31mVisionX  +0.00 Y  +0.00 theta   +0.0 elt    0 [0mimu  -0.2 Dt   92 LtCy   46 integ.govd   -0.00   -0.01 integ.vbp -0.00 -0.00 omni.gos X     +0.0 ,Y     -0.1. omgD -0.008 omg  +0.00 loop   4463
[0mBatt=23.5 [0mODOM [31mVisionX  +0.00 Y  +0.00 theta   +0.0 elt    0 [0mimu  -0.2 Dt    6 LtCy    3 integ.govd   +0.00   +0.00 integ.vbp +0.00 +0.00 omni.gos X     +0.0 ,Y     +0.0. omgD +0.001 omg  +0.00 loop   3988
[0mBatt=23.5 [0mODOM [31mVisionX  +0.00 Y  +0.00 theta   +0.0 elt    0 [0mimu  -0.2 Dt   22 LtCy   11 integ.govd   +0.00   -0.00 integ.vbp +0.00 -0.00 omni.gos X     +0.0 ,Y     -0.1. omgD -0.006 omg  +0.00 loop   4498
[0mBatt=23.5 [0mODOM [31mVisionX  +0.00 Y  +0.00 theta   +0.0 elt    0 [0mimu  -0.2 Dt   38 LtCy   19 integ.govd   +0.00   -0.00 integ.vbp +0.00 -0.00 omni.gos X     +0.0 ,Y     -0.2. omgD -0.012 omg  +0.00 loop   4504
[0mBatt=23.5 [0mODOM [31mVisionX  +0.00 Y  +0.00 theta   +0.0 elt    0 [0mimu  -0.2 Dt   54 LtCy   27 integ.govd   +0.00   -0.00 integ.vbp +0.00 -0.00 omni.gos X     +0.0 ,Y     -0.1. omgD -0.008 omg  +0.00 loop   4458
[0mBatt=23.5 [0mODOM [31mVisionX  +0.00 Y  +0.00 theta   +0.0 elt    0 [0mimu  -0.2 Dt   70 LtCy   35 integ.govd   -0.00   -0.01 integ.vbp -0.00 -0.00 omni.gos X     +0.0 ,Y     -0.0. omgD -0.002 omg  +0.00 loop   4493
[0mBatt=23.5 [0mODOM [31mVisionX  +0.00 Y  +0.00 theta   +0.0 elt    0 [0mimu  -0.2 Dt   86 LtCy   43 integ.govd   -0.00   -0.01 integ.vbp -0.00 -0.00 omni.gos X     +0.0 ,Y     -0.2. omgD -0.014 omg  +0.00 loop   4472
[0mBatt=23.5 [0mODOM [31mVisionX  +0.00 Y  +0.00 theta   +0.0 elt    0 [0mimu  -0.2 Dt    0 LtCy    0 integ.govd   +0.00   +0.00 integ.vbp +0.00 +0.00 omni.gos X     +0.0 ,Y     -0.1. omgD -0.008 omg  +0.00 loop   2071
[0mBatt=23.5 [0mODOM [31mVisionX  +0.00 Y  +0.00 theta   +0.0 elt    0 [0mimu  -0.2 Dt    8 LtCy    4 integ.govd   +0.00   -0.00 integ.vbp +0.00 -0.00 omni.gos X     +0.0 ,Y     -0.0. omgD -0.004 omg  +0.00 loop   4137
[0mBatt=23.5 [0mODOM [31mVisionX  +0.00 Y  +0.00 theta   +0.0 elt    0 [0mimu  -0.2 Dt   24 LtCy   12 integ.govd   +0.00   -0.00 integ.vbp +0.00 -0.00 omni.gos X     +0.0 ,Y     -0.1. omgD -0.008 omg  +0.00 loop   4505
[0mBatt=23.5 [0mODOM [31mVisionX  +0.00 Y  +0.00 theta   +0.0 elt    0 [0mimu  -0.2 Dt   40 LtCy   20 integ.govd   -0.00   -0.00 integ.vbp -0.00 -0.00 omni.gos X     -0.0 ,Y     -0.0. omgD -0.004 omg  +0.00 loop   4494
[0mBatt=23.5 [0mODOM [31mVisionX  +0.00 Y  +0.00 theta   +0.0 elt    0 [0mimu  -0.2 Dt   56 LtCy   28 integ.govd   -0.00   -0.00 integ.vbp -0.00 -0.00 omni.gos X     +0.0 ,Y     -0.2. omgD -0.012 omg  +0.00 loop   4444
[0mBatt=23.5 [0mODOM [31mVisionX  +0.00 Y  +0.00 theta   +0.0 elt    0 [0mimu  -0.2 Dt   72 LtCy   36 integ.govd   -0.00   -0.01 integ.vbp -0.00 -0.00 omni.gos X     +0.0 ,Y     -0.2. omgD -0.012 omg  +0.00 loop   4471
[0mBatt=23.5 [0mODOM [31mVisionX  +0.00 Y  +0.00 theta   +0.0 elt    0 [0mimu  -0.2 Dt   88 LtCy   44 integ.govd   -0.00   -0.01 integ.vbp -0.00 -0.00 omni.gos X     +0.0 ,Y     -0.1. omgD -0.008 omg  +0.00 loop   4472
[0mBatt=23.5 [0mODOM [31mVisionX  +0.00 Y  +0.00 theta   +0.0 elt    0 [0mimu  -0.2 Dt    2 LtCy    1 integ.govd   +0.00   -0.00 integ.vbp +0.00 -0.00 omni.gos X     +0.0 ,Y     -0.0. omgD -0.002 omg  +0.00 loop   3988
[0mBatt=23.5 [0mODOM [31mVisionX  +0.00 Y  +0.00 theta   +0.0 elt    0 [0mimu  -0.2 Dt   18 LtCy    9 integ.govd   +0.00   -0.00 integ.vbp +0.00 -0.00 omni.gos X     +0.0 ,Y     -0.1. omgD -0.008 omg  +0.00 loop   4493
[0mBatt=23.5 [0mODOM [31mVisionX  +0.00 Y  +0.00 theta   +0.0 elt    0 [0mimu  -0.2 Dt   34 LtCy   17 integ.govd   -0.00   -0.00 integ.vbp -0.00 -0.00 omni.gos X     +0.0 ,Y     -0.0. omgD -0.002 omg  +0.00 loop   4503
[0mBatt=23.5 [0mODOM [31mVisionX  +0.00 Y  +0.00 theta   +0.0 elt    0 [0mimu  -0.2 Dt   50 LtCy   25 integ.govd   -0.00   -0.00 integ.vbp -0.00 -0.00 omni.gos X     +0.0 ,Y     -0.0. omgD -0.002 omg  +0.00 loop   4472
[0mBatt=23.5 [0mODOM [31mVisionX  +0.00 Y  +0.00 theta   +0.0 elt    0 [0mimu  -0.2 Dt   66 LtCy   33 integ.govd   -0.00   -0.00 integ.vbp -0.00 -0.00 omni.gos X     +0.0 ,Y     -0.0. omgD -0.004 omg  +0.00 loop   4453
[0mBatt=23.5 [0mODOM [31mVisionX  +0.00 Y  +0.00 theta   +0.0 elt    0 [0mimu  -0.2 Dt   82 LtCy   41 integ.govd   -0.00   -0.00 integ.vbp -0.00 -0.00 omni.gos X     +0.0 ,Y     -0.1. omgD -0.010 omg  +0.00 loop   4472
[0mBatt=23.5 [0mODOM [31mVisionX  +0.00 Y  +0.00 theta   +0.0 elt    0 [0mimu  -0.2 Dt    2 LtCy    1 integ.govd   +0.00   -0.00 integ.vbp +0.00 -0.00 omni.gos X     +0.0 ,Y     -0.0. omgD -0.002 omg  +0.00 loop   4218
[0mBatt=23.5 [0mODOM [31mVisionX  +0.00 Y  +0.00 theta   +0.0 elt    0 [0mimu  -0.2 Dt   12 LtCy    6 integ.govd   +0.00   +0.00 integ.vbp +0.00 +0.00 omni.gos X     +0.0 ,Y     -0.0. omgD -0.002 omg  +0.00 loop   4321
[0mBatt=23.5 [0mODOM [31mVisionX  +0.00 Y  +0.00 theta   +0.0 elt    0 [0mimu  -0.2 Dt   28 LtCy   14 integ.govd   +0.00   -0.00 integ.vbp +0.00 -0.00 omni.gos X     +0.0 ,Y     -0.1. omgD -0.010 omg  +0.00 loop   4498
[0mBatt=23.5 [0mODOM [31mVisionX  +0.00 Y  +0.00 theta   +0.0 elt    0 [0mimu  -0.2 Dt   44 LtCy   22 integ.govd   +0.00   -0.00 integ.vbp +0.00 -0.00 omni.gos X     +0.0 ,Y     -0.1. omgD -0.008 omg  +0.00 loop   4496
[0mBatt=23.5 [0mODOM [31mVisionX  +0.00 Y  +0.00 theta   +0.0 elt    0 [0mimu  -0.2 Dt   60 LtCy   30 integ.govd   +0.00   -0.00 integ.vbp +0.00 -0.00 omni.gos X     +0.0 ,Y     -0.1. omgD -0.006 omg  +0.00 loop   4462
[0mBatt=23.5 [0mODOM [31mVisionX  +0.00 Y  +0.00 theta   +0.0 elt    0 [0mimu  -0.2 Dt   76 LtCy   38 integ.govd   -0.00   -0.01 integ.vbp -0.00 -0.00 omni.gos X     +0.0 ,Y     -0.0. omgD -0.004 omg  +0.00 loop   4483
[0mBatt=23.5 [0mODOM [31mVisionX  +0.00 Y  +0.00 theta   +0.0 elt    0 [0mimu  -0.2 Dt   92 LtCy   46 integ.govd   -0.00   -0.01 integ.vbp -0.00 -0.00 omni.gos X     +0.0 ,Y     -0.2. omgD -0.012 omg  +0.00 loop   4472
[0mBatt=23.5 [0mODOM [31mVisionX  +0.00 Y  +0.00 theta   +0.0 elt    0 [0mimu  -0.2 Dt    6 LtCy    3 integ.govd   +0.00   -0.00 integ.vbp +0.00 -0.00 omni.gos X     +0.0 ,Y     -0.1. omgD -0.008 omg  +0.00 loop   3984
[0mBatt=23.5 [0mODOM [31mVisionX  +0.00 Y  +0.00 theta   +0.0 elt    0 [0mimu  -0.2 Dt   22 LtCy   11 integ.govd   +0.00   -0.00 integ.vbp +0.00 -0.00 omni.gos X     +0.0 ,Y     -0.0. omgD -0.004 omg  +0.00 loop   4484
[0mBatt=23.5 [0mODOM [31mVisionX  +0.00 Y  +0.00 theta   +0.0 elt    0 [0mimu  -0.2 Dt   38 LtCy   19 integ.govd   +0.00   -0.00 integ.vbp +0.00 -0.00 omni.gos X     +0.0 ,Y     -0.2. omgD -0.016 omg  +0.00 loop   4506
[0mBatt=23.5 [0mODOM [31mVisionX  +0.00 Y  +0.00 theta   +0.0 elt    0 [0mimu  -0.2 Dt   54 LtCy   27 integ.govd   -0.00   -0.00 integ.vbp -0.00 -0.00 omni.gos X     +0.0 ,Y     -0.0. omgD -0.004 omg  +0.00 loop   4485
[0mBatt=23.5 [0mODOM [31mVisionX  +0.00 Y  +0.00 theta   +0.0 elt    0 [0mimu  -0.2 Dt   70 LtCy   35 integ.govd   -0.00   -0.01 integ.vbp -0.00 -0.00 omni.gos X     +0.0 ,Y     -0.2. omgD -0.012 omg  +0.00 loop   4453
[0mBatt=23.5 [0mODOM [31mVisionX  +0.00 Y  +0.00 theta   +0.0 elt    0 [0mimu  -0.2 Dt   86 LtCy   43 integ.govd   -0.00   -0.01 integ.vbp -0.00 -0.00 omni.gos X     +0.0 ,Y     -0.2. omgD -0.012 omg  +0.00 loop   4473
[0mBatt=23.5 [0mODOM [31mVisionX  +0.00 Y  +0.00 theta   +0.0 elt    0 [0mimu  -0.2 Dt    2 LtCy    1 integ.govd   +0.00   -0.00 integ.vbp +0.00 -0.00 omni.gos X     +0.0 ,Y     -0.2. omgD -0.012 omg  +0.00 loop   4064
[0mBatt=23.5 [0mODOM [31mVisionX  +0.00 Y  +0.00 theta   +0.0 elt    0 [0mimu  -0.2 Dt   18 LtCy    9 integ.govd   -0.00   -0.00 integ.vbp -0.00 -0.00 omni.gos X     +0.0 ,Y     -0.1. omgD -0.008 omg  +0.00 loop   4471
[0mBatt=23.5 [0mODOM [31mVisionX  +0.00 Y  +0.00 theta   +0.0 elt    0 [0mimu  -0.2 Dt   34 LtCy   17 integ.govd   -0.00   -0.00 integ.vbp -0.00 -0.00 omni.gos X     +0.0 ,Y     -0.0. omgD -0.004 omg  +0.00 loop   4485
[0mBatt=23.5 [0mODOM [31mVisionX  +0.00 Y  +0.00 theta   +0.0 elt    0 [0mimu  -0.2 Dt   50 LtCy   25 integ.govd   -0.00   -0.01 integ.vbp -0.00 -0.00 omni.gos X     +0.0 ,Y     -0.1. omgD -0.008 omg  +0.00 loop   4484
[0mBatt=23.5 [0mODOM [31mVisionX  +0.00 Y  +0.00 theta   +0.0 elt    0 [0mimu  -0.2 Dt   66 LtCy   33 integ.govd   -0.00   -0.01 integ.vbp -0.00 -0.00 omni.gos X     +0.0 ,Y     -0.0. omgD -0.004 omg  +0.00 loop   4453
[0mBatt=23.5 [0mODOM [31mVisionX  +0.00 Y  +0.00 theta   +0.0 elt    0 [0mimu  -0.2 Dt   82 LtCy   41 integ.govd   -0.00   -0.01 integ.vbp -0.00 -0.00 omni.gos X     +0.0 ,Y     +0.1. omgD +0.005 omg  +0.00 loop   4466
[0mBatt=23.5 [0mODOM [31mVisionX  +0.00 Y  +0.00 theta   +0.0 elt    0 [0mimu  -0.2 Dt    0 LtCy    0 integ.govd   +0.00   +0.00 integ.vbp +0.00 +0.00 omni.gos X     +0.0 ,Y     +0.0. omgD +0.001 omg  +0.00 loop   4256
[0mBatt=23.5 [0mODOM [31mVisionX  +0.00 Y  +0.00 theta   +0.0 elt    0 [0mimu  -0.2 Dt   14 LtCy    7 integ.govd   +0.00   -0.00 integ.vbp +0.00 -0.00 omni.gos X     +0.0 ,Y     -0.1. omgD -0.008 omg  +0.00 loop   4376
[0mBatt=23.5 [0mODOM [31mVisionX  +0.00 Y  +0.00 theta   +0.0 elt    0 [0mimu  -0.2 Dt   30 LtCy   15 integ.govd   +0.00   -0.00 integ.vbp +0.00 -0.00 omni.gos X     +0.0 ,Y     -0.1. omgD -0.008 omg  +0.00 loop   4487
[0mBatt=23.5 [0mODOM [31mVisionX  +0.00 Y  +0.00 theta   +0.0 elt    0 [0mimu  -0.2 Dt   46 LtCy   23 integ.govd   -0.00   -0.00 integ.vbp -0.00 -0.00 omni.gos X     +0.0 ,Y     -0.1. omgD -0.008 omg  +0.00 loop   4495
[0mBatt=23.5 [0mODOM [31mVisionX  +0.00 Y  +0.00 theta   +0.0 elt    0 [0mimu  -0.2 Dt   62 LtCy   31 integ.govd   -0.00   -0.00 integ.vbp -0.00 -0.00 omni.gos X     +0.0 ,Y     -0.0. omgD -0.004 omg  +0.00 loop   4474
[0mBatt=23.5 [0mODOM [31mVisionX  +0.00 Y  +0.00 theta   +0.0 elt    0 [0mimu  -0.2 Dt   78 LtCy   39 integ.govd   -0.00   -0.01 integ.vbp -0.00 -0.00 omni.gos X     +0.0 ,Y     +0.0. omgD +0.001 omg  +0.00 loop   4444
[0mBatt=23.5 [0mODOM [31mVisionX  +0.00 Y  +0.00 theta   +0.0 elt    0 [0mimu  -0.2 Dt   94 LtCy   47 integ.govd   -0.00   -0.01 integ.vbp -0.00 -0.00 omni.gos X     +0.0 ,Y     -0.2. omgD -0.012 omg  +0.00 loop   4478
[0mBatt=23.5 [0mODOM [31mVisionX  +0.00 Y  +0.00 theta   +0.0 elt    0 [0mimu  -0.2 Dt    2 LtCy    1 integ.govd   +0.00   -0.00 integ.vbp +0.00 -0.00 omni.gos X     +0.0 ,Y     -0.0. omgD -0.004 omg  +0.00 loop   3875
[0mBatt=23.5 [0mODOM [31mVisionX  +0.00 Y  +0.00 theta   +0.0 elt    0 [0mimu  -0.2 Dt   18 LtCy    9 integ.govd   -0.00   -0.00 integ.vbp -0.00 -0.00 omni.gos X     +0.0 ,Y     -0.0. omgD -0.004 omg  +0.00 loop   4473
[0mBatt=23.5 [0mODOM [31mVisionX  +0.00 Y  +0.00 theta   +0.0 elt    0 [0mimu  -0.2 Dt   34 LtCy   17 integ.govd   -0.00   -0.00 integ.vbp -0.00 -0.00 omni.gos X     +0.0 ,Y     -0.0. omgD -0.004 omg  +0.00 loop   4483
[0mBatt=23.5 [0mODOM [31mVisionX  +0.00 Y  +0.00 theta   +0.0 elt    0 [0mimu  -0.2 Dt   50 LtCy   25 integ.govd   -0.00   -0.00 integ.vbp -0.00 -0.00 omni.gos X     +0.0 ,Y     -0.0. omgD -0.004 omg  +0.00 loop   4483
[0mBatt=23.5 [0mODOM [31mVisionX  +0.00 Y  +0.00 theta   +0.0 elt    0 [0mimu  -0.2 Dt   66 LtCy   33 integ.govd   -0.00   -0.00 integ.vbp -0.00 -0.00 omni.gos X     +0.0 ,Y     -0.0. omgD -0.004 omg  +0.00 loop   4462
[0mBatt=23.5 [0mODOM [31mVisionX  +0.00 Y  +0.00 theta   +0.0 elt    0 [0mimu  -0.2 Dt   82 LtCy   41 integ.govd   -0.00   -0.00 integ.vbp -0.00 -0.00 omni.gos X     +0.0 ,Y     -0.1. omgD -0.008 omg  +0.00 loop   4461
[0mBatt=23.5 [0mODOM [31mVisionX  +0.00 Y  +0.00 theta   +0.0 elt    0 [0mimu  -0.2 Dt    0 LtCy    0 integ.govd   +0.00   +0.00 integ.vbp +0.00 +0.00 omni.gos X     +0.0 ,Y     -0.0. omgD -0.004 omg  +0.00 loop   4058
[0mBatt=23.5 [0mODOM [31mVisionX  +0.00 Y  +0.00 theta   +0.0 elt    0 [0mimu  -0.2 Dt   14 LtCy    7 integ.govd   +0.00   -0.00 integ.vbp +0.00 -0.00 omni.gos X     +0.0 ,Y     +0.0. omgD +0.001 omg  +0.00 loop   4454
[0mBatt=23.5 [0mODOM [31mVisionX  +0.00 Y  +0.00 theta   +0.0 elt    0 [0mimu  -0.2 Dt   30 LtCy   15 integ.govd   +0.00   -0.00 integ.vbp +0.00 -0.00 omni.gos X     +0.0 ,Y     +0.1. omgD +0.005 omg  +0.00 loop   4486
[0mBatt=23.5 [0mODOM [31mVisionX  +0.00 Y  +0.00 theta   +0.0 elt    0 [0mimu  -0.2 Dt   46 LtCy   23 integ.govd   +0.00   -0.00 integ.vbp +0.00 -0.00 omni.gos X     +0.0 ,Y     +0.0. omgD +0.001 omg  +0.00 loop   4493
[0mBatt=23.5 [0mODOM [31mVisionX  +0.00 Y  +0.00 theta   +0.0 elt    0 [0mimu  -0.2 Dt   62 LtCy   31 integ.govd   +0.00   -0.00 integ.vbp +0.00 -0.00 omni.gos X     +0.0 ,Y     -0.0. omgD -0.004 omg  +0.00 loop   4491
[0mBatt=23.5 [0mODOM [31mVisionX  +0.00 Y  +0.00 theta   +0.0 elt    0 [0mimu  -0.2 Dt   78 LtCy   39 integ.govd   -0.00   -0.00 integ.vbp -0.00 -0.00 omni.gos X     +0.0 ,Y     -0.1. omgD -0.008 omg  +0.00 loop   4463
[0mBatt=23.5 [0mODOM [31mVisionX  +0.00 Y  +0.00 theta   +0.0 elt    0 [0mimu  -0.2 Dt   94 LtCy   47 integ.govd   -0.00   -0.00 integ.vbp -0.00 -0.00 omni.gos X     +0.0 ,Y     -0.0. omgD -0.004 omg  +0.00 loop   4466
[0mBatt=23.5 [0mODOM [31mVisionX  +0.00 Y  +0.00 theta   +0.0 elt    0 [0mimu  -0.2 Dt  110 LtCy   55 integ.govd   -0.00   -0.01 integ.vbp -0.00 -0.00 omni.gos X     +0.0 ,Y     -0.2. omgD -0.012 omg  +0.00 loop   4472
[0mBatt=23.5 [0mODOM [31mVisionX  +0.00 Y  +0.00 theta   +0.0 elt    0 [0mimu  -0.2 Dt  126 LtCy   63 integ.govd   -0.00   -0.01 integ.vbp -0.00 -0.00 omni.gos X     +0.0 ,Y     -0.0. omgD -0.004 omg  +0.00 loop   4432
[0mBatt=23.5 [0mODOM [31mVisionX  +0.00 Y  +0.00 theta   +0.0 elt    0 [0mimu  -0.2 Dt  142 LtCy   71 integ.govd   -0.00   -0.01 integ.vbp -0.00 -0.00 omni.gos X     -0.0 ,Y     -0.1. omgD -0.008 omg  +0.00 loop   4452
[0mBatt=23.5 [0mODOM [31mVisionX  +0.00 Y  +0.00 theta   +0.0 elt    0 [0mimu  -0.2 Dt  158 LtCy   79 integ.govd   -0.00   -0.01 integ.vbp -0.00 -0.00 omni.gos X     +0.0 ,Y     -0.1. omgD -0.008 omg  +0.00 loop   4441
[0mBatt=23.5 [0mODOM [31mVisionX  +0.00 Y  +0.00 theta   +0.0 elt    0 [0mimu  -0.2 Dt  174 LtCy   87 integ.govd   -0.00   -0.01 integ.vbp -0.00 -0.00 omni.gos X     +0.0 ,Y     -0.2. omgD -0.012 omg  +0.00 loop   4432
[0mBatt=23.5 [0mODOM [31mVisionX  +0.00 Y  +0.00 theta   +0.0 elt    0 [0mimu  -0.2 Dt  190 LtCy   95 integ.govd   -0.00   -0.02 integ.vbp -0.00 -0.00 omni.gos X     +0.0 ,Y     +0.0. omgD +0.001 omg  +0.00 loop   4424
[0mBatt=23.5 [0mODOM [31mVisionX  +0.00 Y  +0.00 theta   +0.0 elt    0 [0mimu  -0.2 Dt    0 LtCy    0 integ.govd   +0.00   +0.00 integ.vbp +0.00 +0.00 omni.gos X     -0.0 ,Y     -0.0. omgD -0.004 omg  +0.00 loop   3802
[0mBatt=23.5 [0mODOM [31mVisionX  +0.00 Y  +0.00 theta   +0.0 elt    0 [0mimu  -0.2 Dt   14 LtCy    7 integ.govd   +0.00   -0.00 integ.vbp +0.00 -0.00 omni.gos X     +0.0 ,Y     -0.1. omgD -0.008 omg  +0.00 loop   4378
[0mBatt=23.5 [0mODOM [31mVisionX  +0.00 Y  +0.00 theta   +0.0 elt    0 [0mimu  -0.2 Dt   30 LtCy   15 integ.govd   +0.00   +0.00 integ.vbp +0.00 +0.00 omni.gos X     +0.0 ,Y     -0.0. omgD -0.004 omg  +0.00 loop   4479
[0mBatt=23.5 [0mODOM [31mVisionX  +0.00 Y  +0.00 theta   +0.0 elt    0 [0mimu  -0.2 Dt   46 LtCy   23 integ.govd   +0.00   -0.00 integ.vbp +0.00 -0.00 omni.gos X     +0.0 ,Y     -0.1. omgD -0.008 omg  +0.00 loop   4484
[0mBatt=23.5 [0mODOM [31mVisionX  +0.00 Y  +0.00 theta   +0.0 elt    0 [0mimu  -0.2 Dt   62 LtCy   31 integ.govd   +0.00   -0.00 integ.vbp +0.00 -0.00 omni.gos X     +0.0 ,Y     -0.2. omgD -0.012 omg  +0.00 loop   4492
[0mBatt=23.5 [0mODOM [31mVisionX  +0.00 Y  +0.00 theta   +0.0 elt    0 [0mimu  -0.2 Dt   70 LtCy   35 integ.govd   +0.00   -0.00 integ.vbp +0.00 -0.00 omni.gos X     +0.0 ,Y     -0.2. omgD -0.016 omg  +0.00 loop   2145
[0mBatt=23.5 [0mODOM [31mVisionX  +0.00 Y  +0.00 theta   +0.0 elt    0 [0mimu  -0.2 Dt   86 LtCy   43 integ.govd   -0.00   -0.01 integ.vbp -0.00 -0.00 omni.gos X     +0.0 ,Y     -0.2. omgD -0.012 omg  +0.00 loop   4466
[0mBatt=23.5 [0mODOM [31mVisionX  +0.00 Y  +0.00 theta   +0.0 elt    0 [0mimu  -0.2 Dt    6 LtCy    3 integ.govd   -0.00   -0.00 integ.vbp -0.00 -0.00 omni.gos X     +0.0 ,Y     -0.2. omgD -0.016 omg  +0.00 loop   4022
[0mBatt=23.5 [0mODOM [31mVisionX  +0.00 Y  +0.00 theta   +0.0 elt    0 [0mimu  -0.2 Dt   22 LtCy   11 integ.govd   -0.00   -0.00 integ.vbp -0.00 -0.00 omni.gos X     +0.0 ,Y     -0.1. omgD -0.008 omg  +0.00 loop   4479
[0mBatt=23.5 [0mODOM [31mVisionX  +0.00 Y  +0.00 theta   +0.0 elt    0 [0mimu  -0.2 Dt   38 LtCy   19 integ.govd   -0.00   -0.01 integ.vbp -0.00 -0.00 omni.gos X     +0.0 ,Y     -0.1. omgD -0.008 omg  +0.00 loop   4463
[0mBatt=23.5 [0mODOM [31mVisionX  +0.00 Y  +0.00 theta   +0.0 elt    0 [0mimu  -0.2 Dt   54 LtCy   27 integ.govd   -0.00   -0.01 integ.vbp -0.00 -0.00 omni.gos X     +0.0 ,Y     -0.2. omgD -0.012 omg  +0.00 loop   4477
[0mBatt=23.5 [0mODOM [31mVisionX  +0.00 Y  +0.00 theta   +0.0 elt    0 [0mimu  -0.2 Dt   70 LtCy   35 integ.govd   -0.00   -0.01 integ.vbp -0.00 -0.00 omni.gos X     +0.0 ,Y     -0.1. omgD -0.008 omg  +0.00 loop   4479
[0mBatt=23.5 [0mODOM [31mVisionX  +0.00 Y  +0.00 theta   +0.0 elt    0 [0mimu  -0.2 Dt   86 LtCy   43 integ.govd   -0.00   -0.01 integ.vbp -0.00 -0.00 omni.gos X     +0.0 ,Y     -0.1. omgD -0.008 omg  +0.00 loop   4448
[0mBatt=23.5 [0mODOM [31mVisionX  +0.00 Y  +0.00 theta   +0.0 elt    0 [0mimu  -0.3 Dt    0 LtCy    0 integ.govd   +0.00   +0.00 integ.vbp +0.00 +0.00 omni.gos X     +0.0 ,Y     -0.2. omgD -0.012 omg  +0.00 loop   3998
[0mBatt=23.6 [0mODOM [31mVisionX  +0.00 Y  +0.00 theta   +0.0 elt    0 [0mimu  -0.3 Dt   16 LtCy    8 integ.govd   -0.00   -0.00 integ.vbp -0.00 -0.00 omni.gos X     +0.0 ,Y     -0.1. omgD -0.008 omg  +0.00 loop   4524
[0mBatt=23.6 [0mODOM [31mVisionX  +0.00 Y  +0.00 theta   +0.0 elt    0 [0mimu  -0.3 Dt   32 LtCy   16 integ.govd   -0.00   -0.00 integ.vbp -0.00 -0.00 omni.gos X     +0.0 ,Y     -0.2. omgD -0.012 omg  +0.00 loop   4465
[0mBatt=23.5 [0mODOM [31mVisionX  +0.00 Y  +0.00 theta   +0.0 elt    0 [0mimu  -0.3 Dt   48 LtCy   24 integ.govd   -0.00   -0.01 integ.vbp -0.00 -0.00 omni.gos X     +0.0 ,Y     -0.0. omgD -0.004 omg  +0.00 loop   4471
[0mBatt=23.5 [0mODOM [31mVisionX  +0.00 Y  +0.00 theta   +0.0 elt    0 [0mimu  -0.3 Dt   64 LtCy   32 integ.govd   -0.00   -0.01 integ.vbp -0.00 -0.00 omni.gos X     +0.0 ,Y     -0.1. omgD -0.008 omg  +0.00 loop   4477
[0mBatt=23.5 [0mODOM [31mVisionX  +0.00 Y  +0.00 theta   +0.0 elt    0 [0mimu  -0.3 Dt   80 LtCy   40 integ.govd   -0.00   -0.01 integ.vbp -0.00 -0.00 omni.gos X     +0.0 ,Y     -0.1. omgD -0.008 omg  +0.00 loop   4463
[0mBatt=23.5 [0mODOM [31mVisionX  +0.00 Y  +0.00 theta   +0.0 elt    0 [0mimu  -0.3 Dt    0 LtCy    0 integ.govd   +0.00   +0.00 integ.vbp +0.00 +0.00 omni.gos X     +0.0 ,Y     -0.0. omgD -0.004 omg  +0.00 loop   4248
[0mBatt=23.5 [0mODOM [31mVisionX  +0.00 Y  +0.00 theta   +0.0 elt    0 [0mimu  -0.3 Dt   10 LtCy    5 integ.govd   +0.00   -0.00 integ.vbp +0.00 -0.00 omni.gos X     +0.0 ,Y     -0.1. omgD -0.004 omg  +0.00 loop   4250
[0mBatt=23.5 [0mODOM [31mVisionX  +0.00 Y  +0.00 theta   +0.0 elt    0 [0mimu  -0.3 Dt   26 LtCy   13 integ.govd   -0.00   -0.00 integ.vbp -0.00 -0.00 omni.gos X     +0.0 ,Y     -0.2. omgD -0.012 omg  +0.00 loop   4494
[0mBatt=23.5 [0mODOM [31mVisionX  +0.00 Y  +0.00 theta   +0.0 elt    0 [0mimu  -0.3 Dt   42 LtCy   21 integ.govd   -0.00   -0.00 integ.vbp -0.00 -0.00 omni.gos X     +0.0 ,Y     +0.0. omgD +0.001 omg  +0.00 loop   4461
[0mBatt=23.5 [0mODOM [31mVisionX  +0.00 Y  +0.00 theta   +0.0 elt    0 [0mimu  -0.3 Dt   58 LtCy   29 integ.govd   -0.00   -0.00 integ.vbp -0.00 -0.00 omni.gos X     +0.0 ,Y     -0.1. omgD -0.008 omg  +0.00 loop   4478
[0mBatt=23.5 [0mODOM [31mVisionX  +0.00 Y  +0.00 theta   +0.0 elt    0 [0mimu  -0.3 Dt   74 LtCy   37 integ.govd   -0.00   -0.01 integ.vbp -0.00 -0.00 omni.gos X     +0.0 ,Y     -0.1. omgD -0.008 omg  +0.00 loop   4477
[0mBatt=23.5 [0mODOM [31mVisionX  +0.00 Y  +0.00 theta   +0.0 elt    0 [0mimu  -0.3 Dt   90 LtCy   45 integ.govd   -0.00   -0.01 integ.vbp -0.00 -0.00 omni.gos X     -0.0 ,Y     -0.1. omgD -0.008 omg  +0.00 loop   4443
[0mBatt=23.5 [0mODOM [31mVisionX  +0.00 Y  +0.00 theta   +0.0 elt    0 [0mimu  -0.3 Dt    4 LtCy    2 integ.govd   +0.00   -0.00 integ.vbp +0.00 -0.00 omni.gos X     +0.0 ,Y     -0.1. omgD -0.008 omg  +0.00 loop   4062
[0mBatt=23.5 [0mODOM [31mVisionX  +0.00 Y  +0.00 theta   +0.0 elt    0 [0mimu  -0.3 Dt   20 LtCy   10 integ.govd   -0.00   -0.00 integ.vbp -0.00 -0.00 omni.gos X     +0.0 ,Y     -0.2. omgD -0.012 omg  +0.00 loop   4506
[0mBatt=23.5 [0mODOM [31mVisionX  +0.00 Y  +0.00 theta   +0.0 elt    0 [0mimu  -0.3 Dt   36 LtCy   18 integ.govd   -0.00   -0.00 integ.vbp -0.00 -0.00 omni.gos X     +0.0 ,Y     -0.0. omgD -0.004 omg  +0.00 loop   4465
[0mBatt=23.5 [0mODOM [31mVisionX  +0.00 Y  +0.00 theta   +0.0 elt    0 [0mimu  -0.3 Dt   52 LtCy   26 integ.govd   -0.00   -0.01 integ.vbp -0.00 -0.00 omni.gos X     +0.0 ,Y     -0.1. omgD -0.008 omg  +0.00 loop   4470
[0mBatt=23.5 [0mODOM [31mVisionX  +0.00 Y  +0.00 theta   +0.0 elt    0 [0mimu  -0.3 Dt   68 LtCy   34 integ.govd   -0.00   -0.01 integ.vbp -0.00 -0.00 omni.gos X     +0.0 ,Y     -0.1. omgD -0.006 omg  +0.00 loop   4475
[0mBatt=23.5 [0mODOM [31mVisionX  +0.00 Y  +0.00 theta   +0.0 elt    0 [0mimu  -0.3 Dt   84 LtCy   42 integ.govd   -0.00   -0.01 integ.vbp -0.00 -0.00 omni.gos X     +0.0 ,Y     -0.1. omgD -0.008 omg  +0.00 loop   4468
[0mBatt=23.5 [0mODOM [31mVisionX  +0.00 Y  +0.00 theta   +0.0 elt    0 [0mimu  -0.3 Dt    0 LtCy    0 integ.govd   +0.00   +0.00 integ.vbp +0.00 +0.00 omni.gos X     +0.0 ,Y     -0.1. omgD -0.008 omg  +0.00 loop   3993
[0mBatt=23.5 [0mODOM [31mVisionX  +0.00 Y  +0.00 theta   +0.0 elt    0 [0mimu  -0.3 Dt   14 LtCy    7 integ.govd   +0.00   -0.00 integ.vbp +0.00 -0.00 omni.gos X     +0.0 ,Y     -0.0. omgD -0.004 omg  +0.00 loop   4508
[0mBatt=23.5 [0mODOM [31mVisionX  +0.00 Y  +0.00 theta   +0.0 elt    0 [0mimu  -0.3 Dt   30 LtCy   15 integ.govd   -0.00   -0.00 integ.vbp -0.00 -0.00 omni.gos X     +0.0 ,Y     -0.1. omgD -0.006 omg  +0.00 loop   4505
[0mBatt=23.5 [0mODOM [31mVisionX  +0.00 Y  +0.00 theta   +0.0 elt    0 [0mimu  -0.3 Dt   46 LtCy   23 integ.govd   -0.00   -0.00 integ.vbp -0.00 -0.00 omni.gos X     +0.0 ,Y     -0.0. omgD -0.002 omg  +0.00 loop   4423
[0mBatt=23.5 [0mODOM [31mVisionX  +0.00 Y  +0.00 theta   +0.0 elt    0 [0mimu  -0.3 Dt   62 LtCy   31 integ.govd   -0.00   -0.00 integ.vbp -0.00 -0.00 omni.gos X     +0.0 ,Y     -0.0. omgD -0.004 omg  +0.00 loop   4477
[0mBatt=23.5 [0mODOM [31mVisionX  +0.00 Y  +0.00 theta   +0.0 elt    0 [0mimu  -0.3 Dt   78 LtCy   39 integ.govd   -0.00   -0.00 integ.vbp -0.00 -0.00 omni.gos X     +0.0 ,Y     -0.1. omgD -0.008 omg  +0.00 loop   4470
[0mBatt=23.5 [0mODOM [31mVisionX  +0.00 Y  +0.00 theta   +0.0 elt    0 [0mimu  -0.3 Dt    0 LtCy    0 integ.govd   +0.00   +0.00 integ.vbp +0.00 +0.00 omni.gos X     +0.0 ,Y     -0.1. omgD -0.008 omg  +0.00 loop   4289
[0mBatt=23.5 [0mODOM [31mVisionX  +0.00 Y  +0.00 theta   +0.0 elt    0 [0mimu  -0.3 Dt   12 LtCy    6 integ.govd   +0.00   -0.00 integ.vbp +0.00 -0.00 omni.gos X     +0.0 ,Y     +0.0. omgD +0.001 omg  +0.00 loop   4267
[0mBatt=23.5 [0mODOM [31mVisionX  +0.00 Y  +0.00 theta   +0.0 elt    0 [0mimu  -0.3 Dt   28 LtCy   14 integ.govd   +0.00   -0.00 integ.vbp +0.00 -0.00 omni.gos X     +0.0 ,Y     -0.1. omgD -0.010 omg  +0.00 loop   4503
[0mBatt=23.5 [0mODOM [31mVisionX  +0.00 Y  +0.00 theta   +0.0 elt    0 [0mimu  -0.3 Dt   44 LtCy   22 integ.govd   -0.00   -0.00 integ.vbp -0.00 -0.00 omni.gos X     +0.0 ,Y     -0.2. omgD -0.012 omg  +0.00 loop   4480
[0mBatt=23.5 [0mODOM [31mVisionX  +0.00 Y  +0.00 theta   +0.0 elt    0 [0mimu  -0.3 Dt   60 LtCy   30 integ.govd   -0.00   -0.01 integ.vbp -0.00 -0.00 omni.gos X     +0.0 ,Y     -0.2. omgD -0.012 omg  +0.00 loop   4463
[0mBatt=23.5 [0mODOM [31mVisionX  +0.00 Y  +0.00 theta   +0.0 elt    0 [0mimu  -0.3 Dt   76 LtCy   38 integ.govd   -0.00   -0.01 integ.vbp -0.00 -0.00 omni.gos X     +0.0 ,Y     -0.0. omgD -0.002 omg  +0.00 loop   4474
[0mBatt=23.5 [0mODOM [31mVisionX  +0.00 Y  +0.00 theta   +0.0 elt    0 [0mimu  -0.3 Dt   92 LtCy   46 integ.govd   -0.00   -0.01 integ.vbp -0.00 -0.00 omni.gos X     +0.0 ,Y     -0.1. omgD -0.006 omg  +0.00 loop   4470
[0mBatt=23.5 [0mODOM [31mVisionX  +0.00 Y  +0.00 theta   +0.0 elt    0 [0mimu  -0.3 Dt    4 LtCy    2 integ.govd   +0.00   -0.00 integ.vbp +0.00 -0.00 omni.gos X     +0.0 ,Y     -0.1. omgD -0.008 omg  +0.00 loop   4050
[0mBatt=23.5 [0mODOM [31mVisionX  +0.00 Y  +0.00 theta   +0.0 elt    0 [0mimu  -0.3 Dt   20 LtCy   10 integ.govd   -0.00   -0.00 integ.vbp -0.00 -0.00 omni.gos X     +0.0 ,Y     -0.1. omgD -0.010 omg  +0.00 loop   4498
[0mBatt=23.5 [0mODOM [31mVisionX  +0.00 Y  +0.00 theta   +0.0 elt    0 [0mimu  -0.3 Dt   36 LtCy   18 integ.govd   -0.00   -0.00 integ.vbp -0.00 -0.00 omni.gos X     +0.0 ,Y     -0.1. omgD -0.010 omg  +0.00 loop   4489
[0mBatt=23.5 [0mODOM [31mVisionX  +0.00 Y  +0.00 theta   +0.0 elt    0 [0mimu  -0.3 Dt   52 LtCy   26 integ.govd   -0.00   -0.01 integ.vbp -0.00 -0.00 omni.gos X     +0.0 ,Y     -0.1. omgD -0.008 omg  +0.00 loop   4453
[0mBatt=23.5 [0mODOM [31mVisionX  +0.00 Y  +0.00 theta   +0.0 elt    0 [0mimu  -0.3 Dt   68 LtCy   34 integ.govd   -0.00   -0.01 integ.vbp -0.00 -0.00 omni.gos X     +0.0 ,Y     -0.1. omgD -0.006 omg  +0.00 loop   4478
[0mBatt=23.5 [0mODOM [31mVisionX  +0.00 Y  +0.00 theta   +0.0 elt    0 [0mimu  -0.3 Dt   84 LtCy   42 integ.govd   -0.00   -0.01 integ.vbp -0.00 -0.00 omni.gos X     +0.0 ,Y     -0.0. omgD -0.004 omg  +0.00 loop   4477
[0mBatt=23.5 [0mODOM [31mVisionX  +0.00 Y  +0.00 theta   +0.0 elt    0 [0mimu  -0.3 Dt    0 LtCy    0 integ.govd   +0.00   +0.00 integ.vbp +0.00 +0.00 omni.gos X     +0.0 ,Y     -0.0. omgD -0.004 omg  +0.00 loop   4054
[0mBatt=23.5 [0mODOM [31mVisionX  +0.00 Y  +0.00 theta   +0.0 elt    0 [0mimu  -0.3 Dt   14 LtCy    7 integ.govd   -0.00   -0.00 integ.vbp -0.00 -0.00 omni.gos X     +0.0 ,Y     -0.1. omgD -0.008 omg  +0.00 loop   4423
[0mBatt=23.5 [0mODOM [31mVisionX  +0.00 Y  +0.00 theta   +0.0 elt    0 [0mimu  -0.3 Dt   30 LtCy   15 integ.govd   -0.00   -0.00 integ.vbp -0.00 -0.00 omni.gos X     +0.0 ,Y     -0.0. omgD -0.004 omg  +0.00 loop   4484
[0mBatt=23.5 [0mODOM [31mVisionX  +0.00 Y  +0.00 theta   +0.0 elt    0 [0mimu  -0.3 Dt   46 LtCy   23 integ.govd   -0.00   -0.00 integ.vbp -0.00 -0.00 omni.gos X     +0.0 ,Y     +0.0. omgD +0.001 omg  +0.00 loop   4473
[0mBatt=23.5 [0mODOM [31mVisionX  +0.00 Y  +0.00 theta   +0.0 elt    0 [0mimu  -0.3 Dt   62 LtCy   31 integ.govd   -0.00   -0.01 integ.vbp -0.00 -0.00 omni.gos X     +0.0 ,Y     -0.1. omgD -0.008 omg  +0.00 loop   4458
[0mBatt=23.5 [0mODOM [31mVisionX  +0.00 Y  +0.00 theta   +0.0 elt    0 [0mimu  -0.3 Dt   78 LtCy   39 integ.govd   -0.00   -0.01 integ.vbp -0.00 -0.00 omni.gos X     +0.0 ,Y     -0.2. omgD -0.016 omg  +0.00 loop   4476
[0mBatt=23.5 [0mODOM [31mVisionX  +0.00 Y  +0.00 theta   +0.0 elt    0 [0mimu  -0.3 Dt    0 LtCy    0 integ.govd   +0.00   +0.00 integ.vbp +0.00 +0.00 omni.gos X     +0.0 ,Y     -0.0. omgD -0.004 omg  +0.00 loop   4392
[0mBatt=23.5 [0mODOM [31mVisionX  +0.00 Y  +0.00 theta   +0.0 elt    0 [0mimu  -0.3 Dt    8 LtCy    4 integ.govd   +0.00   -0.00 integ.vbp +0.00 -0.00 omni.gos X     +0.0 ,Y     -0.1. omgD -0.008 omg  +0.00 loop   4084
[0mBatt=23.5 [0mODOM [31mVisionX  +0.00 Y  +0.00 theta   +0.0 elt    0 [0mimu  -0.3 Dt   24 LtCy   12 integ.govd   +0.00   -0.00 integ.vbp +0.00 -0.00 omni.gos X     +0.0 ,Y     -0.1. omgD -0.008 omg  +0.00 loop   4505
[0mBatt=23.5 [0mODOM [31mVisionX  +0.00 Y  +0.00 theta   +0.0 elt    0 [0mimu  -0.3 Dt   40 LtCy   20 integ.govd   -0.00   -0.00 integ.vbp -0.00 -0.00 omni.gos X     +0.0 ,Y     +0.0. omgD +0.001 omg  +0.00 loop   4494
[0mBatt=23.5 [0mODOM [31mVisionX  +0.00 Y  +0.00 theta   +0.0 elt    0 [0mimu  -0.3 Dt   56 LtCy   28 integ.govd   -0.00   -0.00 integ.vbp -0.00 -0.00 omni.gos X     +0.0 ,Y     -0.0. omgD -0.004 omg  +0.00 loop   4459
[0mBatt=23.5 [0mODOM [31mVisionX  +0.00 Y  +0.00 theta   +0.0 elt    0 [0mimu  -0.3 Dt   72 LtCy   36 integ.govd   -0.00   -0.01 integ.vbp -0.00 -0.00 omni.gos X     +0.0 ,Y     -0.1. omgD -0.008 omg  +0.00 loop   4468
[0mBatt=23.5 [0mODOM [31mVisionX  +0.00 Y  +0.00 theta   +0.0 elt    0 [0mimu  -0.3 Dt   88 LtCy   44 integ.govd   -0.00   -0.01 integ.vbp -0.00 -0.00 omni.gos X     +0.0 ,Y     -0.0. omgD -0.004 omg  +0.00 loop   4471
[0mBatt=23.5 [0mODOM [31mVisionX  +0.00 Y  +0.00 theta   +0.0 elt    0 [0mimu  -0.3 Dt    2 LtCy    1 integ.govd   +0.00   -0.00 integ.vbp +0.00 -0.00 omni.gos X     +0.0 ,Y     -0.1. omgD -0.008 omg  +0.00 loop   3993
[0mBatt=23.5 [0mODOM [31mVisionX  +0.00 Y  +0.00 theta   +0.0 elt    0 [0mimu  -0.3 Dt   18 LtCy    9 integ.govd   -0.00   -0.00 integ.vbp -0.00 -0.00 omni.gos X     +0.0 ,Y     -0.1. omgD -0.008 omg  +0.00 loop   4490
[0mBatt=23.5 [0mODOM [31mVisionX  +0.00 Y  +0.00 theta   +0.0 elt    0 [0mimu  -0.3 Dt   34 LtCy   17 integ.govd   -0.00   -0.00 integ.vbp -0.00 -0.00 omni.gos X     +0.0 ,Y     -0.1. omgD -0.008 omg  +0.00 loop   4483
[0mBatt=23.5 [0mODOM [31mVisionX  +0.00 Y  +0.00 theta   +0.0 elt    0 [0mimu  -0.3 Dt   50 LtCy   25 integ.govd   -0.00   -0.00 integ.vbp -0.00 -0.00 omni.gos X     +0.0 ,Y     -0.1. omgD -0.008 omg  +0.00 loop   4475
[0mBatt=23.5 [0mODOM [31mVisionX  +0.00 Y  +0.00 theta   +0.0 elt    0 [0mimu  -0.3 Dt   58 LtCy   29 integ.govd   -0.00   -0.01 integ.vbp -0.00 -0.00 omni.gos X     +0.0 ,Y     -0.1. omgD -0.008 omg  +0.00 loop   2131
[0mBatt=23.5 [0mODOM [31mVisionX  +0.00 Y  +0.00 theta   +0.0 elt    0 [0mimu  -0.3 Dt   74 LtCy   37 integ.govd   -0.00   -0.01 integ.vbp -0.00 -0.00 omni.gos X     +0.0 ,Y     -0.2. omgD -0.012 omg  +0.00 loop   4467
[0mBatt=23.5 [0mODOM [31mVisionX  +0.00 Y  +0.00 theta   +0.0 elt    0 [0mimu  -0.3 Dt   90 LtCy   45 integ.govd   -0.00   -0.01 integ.vbp -0.00 -0.00 omni.gos X     -0.0 ,Y     -0.2. omgD -0.016 omg  +0.00 loop   4469
[0mBatt=23.5 [0mODOM [31mVisionX  +0.00 Y  +0.00 theta   +0.0 elt    0 [0mimu  -0.3 Dt    4 LtCy    2 integ.govd   +0.00   -0.00 integ.vbp +0.00 -0.00 omni.gos X     +0.0 ,Y     +0.1. omgD +0.005 omg  +0.00 loop   4060
[0mBatt=23.5 [0mODOM [31mVisionX  +0.00 Y  +0.00 theta   +0.0 elt    0 [0mimu  -0.3 Dt   20 LtCy   10 integ.govd   +0.00   +0.00 integ.vbp +0.00 +0.00 omni.gos X     +0.0 ,Y     +0.0. omgD +0.001 omg  +0.00 loop   4486
[0mBatt=23.5 [0mODOM [31mVisionX  +0.00 Y  +0.00 theta   +0.0 elt    0 [0mimu  -0.3 Dt   36 LtCy   18 integ.govd   +0.00   -0.00 integ.vbp +0.00 -0.00 omni.gos X     +0.0 ,Y     -0.0. omgD -0.004 omg  +0.00 loop   4479
[0mBatt=23.5 [0mODOM [31mVisionX  +0.00 Y  +0.00 theta   +0.0 elt    0 [0mimu  -0.3 Dt   52 LtCy   26 integ.govd   +0.00   -0.00 integ.vbp +0.00 -0.00 omni.gos X     +0.0 ,Y     -0.1. omgD -0.008 omg  +0.00 loop   4485
[0mBatt=23.5 [0mODOM [31mVisionX  +0.00 Y  +0.00 theta   +0.0 elt    0 [0mimu  -0.3 Dt   68 LtCy   34 integ.govd   +0.00   -0.00 integ.vbp +0.00 -0.00 omni.gos X     +0.0 ,Y     -0.1. omgD -0.008 omg  +0.00 loop   4468
[0mBatt=23.5 [0mODOM [31mVisionX  +0.00 Y  +0.00 theta   +0.0 elt    0 [0mimu  -0.3 Dt   84 LtCy   42 integ.govd   -0.00   -0.00 integ.vbp -0.00 -0.00 omni.gos X     +0.0 ,Y     -0.1. omgD -0.008 omg  +0.00 loop   4486
[0mBatt=23.5 [0mODOM [31mVisionX  +0.00 Y  +0.00 theta   +0.0 elt    0 [0mimu  -0.3 Dt    0 LtCy    0 integ.govd   +0.00   +0.00 integ.vbp +0.00 +0.00 omni.gos X     +0.0 ,Y     -0.0. omgD -0.004 omg  +0.00 loop   4067
[0mBatt=23.5 [0mODOM [31mVisionX  +0.00 Y  +0.00 theta   +0.0 elt    0 [0mimu  -0.3 Dt   16 LtCy    8 integ.govd   -0.00   -0.00 integ.vbp -0.00 -0.00 omni.gos X     +0.0 ,Y     +0.0. omgD +0.001 omg  +0.00 loop   4496
[0mBatt=23.5 [0mODOM [31mVisionX  +0.00 Y  +0.00 theta   +0.0 elt    0 [0mimu  -0.3 Dt   32 LtCy   16 integ.govd   -0.00   -0.00 integ.vbp -0.00 -0.00 omni.gos X     +0.0 ,Y     -0.2. omgD -0.012 omg  +0.00 loop   4477
[0mBatt=23.5 [0mODOM [31mVisionX  +0.00 Y  +0.00 theta   +0.0 elt    0 [0mimu  -0.3 Dt   48 LtCy   24 integ.govd   -0.00   -0.00 integ.vbp -0.00 -0.00 omni.gos X     +0.0 ,Y     -0.0. omgD -0.004 omg  +0.00 loop   4485
[0mBatt=23.5 [0mODOM [31mVisionX  +0.00 Y  +0.00 theta   +0.0 elt    0 [0mimu  -0.3 Dt   64 LtCy   32 integ.govd   -0.00   -0.01 integ.vbp -0.00 -0.00 omni.gos X     +0.0 ,Y     -0.1. omgD -0.008 omg  +0.00 loop   4452
[0mBatt=23.5 [0mODOM [31mVisionX  +0.00 Y  +0.00 theta   +0.0 elt    0 [0mimu  -0.3 Dt   80 LtCy   40 integ.govd   -0.00   -0.01 integ.vbp -0.00 -0.00 omni.gos X     -0.0 ,Y     -0.1. omgD -0.008 omg  +0.00 loop   4463
[0mBatt=23.5 [0mODOM [31mVisionX  +0.00 Y  +0.00 theta   +0.0 elt    0 [0mimu  -0.3 Dt    0 LtCy    0 integ.govd   +0.00   +0.00 integ.vbp +0.00 +0.00 omni.gos X     +0.0 ,Y     +0.0. omgD +0.001 omg  +0.00 loop   4332
[0mBatt=23.5 [0mODOM [31mVisionX  +0.00 Y  +0.00 theta   +0.0 elt    0 [0mimu  -0.3 Dt    8 LtCy    4 integ.govd   +0.00   -0.00 integ.vbp +0.00 -0.00 omni.gos X     +0.0 ,Y     -0.0. omgD -0.004 omg  +0.00 loop   4151
[0mBatt=23.5 [0mODOM [31mVisionX  +0.00 Y  +0.00 theta   +0.0 elt    0 [0mimu  -0.3 Dt   24 LtCy   12 integ.govd   -0.00   -0.00 integ.vbp -0.00 -0.00 omni.gos X     +0.0 ,Y     -0.0. omgD -0.004 omg  +0.00 loop   4483
[0mBatt=23.5 [0mODOM [31mVisionX  +0.00 Y  +0.00 theta   +0.0 elt    0 [0mimu  -0.3 Dt   40 LtCy   20 integ.govd   -0.00   -0.00 integ.vbp -0.00 -0.00 omni.gos X     +0.0 ,Y     -0.1. omgD -0.008 omg  +0.00 loop   4480
[0mBatt=23.5 [0mODOM [31mVisionX  +0.00 Y  +0.00 theta   +0.0 elt    0 [0mimu  -0.3 Dt   56 LtCy   28 integ.govd   -0.00   -0.00 integ.vbp -0.00 -0.00 omni.gos X     -0.0 ,Y     -0.2. omgD -0.012 omg  +0.00 loop   4478
[0mBatt=23.5 [0mODOM [31mVisionX  +0.00 Y  +0.00 theta   +0.0 elt    0 [0mimu  -0.3 Dt   72 LtCy   36 integ.govd   -0.00   -0.00 integ.vbp -0.00 -0.00 omni.gos X     +0.0 ,Y     -0.1. omgD -0.008 omg  +0.00 loop   4438
[0mBatt=23.5 [0mODOM [31mVisionX  +0.00 Y  +0.00 theta   +0.0 elt    0 [0mimu  -0.3 Dt   88 LtCy   44 integ.govd   -0.00   -0.01 integ.vbp -0.00 -0.00 omni.gos X     +0.0 ,Y     +0.0. omgD +0.001 omg  +0.00 loop   4474
[0mBatt=23.5 [0mODOM [31mVisionX  +0.00 Y  +0.00 theta   +0.0 elt    0 [0mimu  -0.3 Dt    4 LtCy    2 integ.govd   -0.00   -0.00 integ.vbp -0.00 -0.00 omni.gos X     -0.0 ,Y     -0.1. omgD -0.008 omg  +0.00 loop   4015
[0mBatt=23.5 [0mODOM [31mVisionX  +0.00 Y  +0.00 theta   +0.0 elt    0 [0mimu  -0.3 Dt   20 LtCy   10 integ.govd   -0.00   -0.00 integ.vbp -0.00 -0.00 omni.gos X     +0.0 ,Y     -0.1. omgD -0.008 omg  +0.00 loop   4453
[0mBatt=23.5 [0mODOM [31mVisionX  +0.00 Y  +0.00 theta   +0.0 elt    0 [0mimu  -0.3 Dt   36 LtCy   18 integ.govd   -0.00   -0.00 integ.vbp -0.00 -0.00 omni.gos X     -0.0 ,Y     -0.2. omgD -0.012 omg  +0.00 loop   4482
[0mBatt=23.5 [0mODOM [31mVisionX  +0.00 Y  +0.00 theta   +0.0 elt    0 [0mimu  -0.3 Dt   52 LtCy   26 integ.govd   -0.00   -0.01 integ.vbp -0.00 -0.00 omni.gos X     +0.0 ,Y     -0.2. omgD -0.016 omg  +0.00 loop   4471
[0mBatt=23.5 [0mODOM [31mVisionX  +0.00 Y  +0.00 theta   +0.0 elt    0 [0mimu  -0.3 Dt   68 LtCy   34 integ.govd   -0.00   -0.01 integ.vbp -0.00 -0.00 omni.gos X     +0.0 ,Y     -0.0. omgD -0.004 omg  +0.00 loop   4461
[0mBatt=23.5 [0mODOM [31mVisionX  +0.00 Y  +0.00 theta   +0.0 elt    0 [0mimu  -0.3 Dt   84 LtCy   42 integ.govd   -0.00   -0.01 integ.vbp -0.00 -0.00 omni.gos X     +0.0 ,Y     -0.2. omgD -0.016 omg  +0.00 loop   4457
[0mBatt=23.5 [0mODOM [31mVisionX  +0.00 Y  +0.00 theta   +0.0 elt    0 [0mimu  -0.3 Dt    0 LtCy    0 integ.govd   +0.00   +0.00 integ.vbp +0.00 +0.00 omni.gos X     +0.0 ,Y     -0.2. omgD -0.012 omg  +0.00 loop   4142
[0mBatt=23.5 [0mODOM [31mVisionX  +0.00 Y  +0.00 theta   +0.0 elt    0 [0mimu  -0.3 Dt   12 LtCy    6 integ.govd   +0.00   -0.00 integ.vbp +0.00 -0.00 omni.gos X     +0.0 ,Y     -0.0. omgD -0.004 omg  +0.00 loop   4362
[0mBatt=23.5 [0mODOM [31mVisionX  +0.00 Y  +0.00 theta   +0.0 elt    0 [0mimu  -0.3 Dt   28 LtCy   14 integ.govd   +0.02   +0.01 integ.vbp +0.00 +0.00 omni.gos X     +0.0 ,Y     -0.1. omgD -0.008 omg  +0.00 loop   4483
[0mBatt=23.5 [0mODOM [31mVisionX  +0.00 Y  +0.00 theta   +0.0 elt    0 [0mimu  -0.3 Dt   44 LtCy   22 integ.govd   +0.01   +0.00 integ.vbp +0.00 +0.00 omni.gos X     +0.0 ,Y     -0.1. omgD -0.004 omg  +0.00 loop   4480
[0mBatt=23.5 [0mODOM [31mVisionX  +0.00 Y  +0.00 theta   +0.0 elt    0 [0mimu  -0.3 Dt   60 LtCy   30 integ.govd   +0.01   +0.00 integ.vbp +0.00 +0.00 omni.gos X     +0.0 ,Y     -0.0. omgD -0.004 omg  +0.00 loop   4479
[0mBatt=23.5 [0mODOM [31mVisionX  +0.00 Y  +0.00 theta   +0.0 elt    0 [0mimu  -0.3 Dt   76 LtCy   38 integ.govd   +0.01   +0.00 integ.vbp +0.00 +0.00 omni.gos X     +0.0 ,Y     -0.1. omgD -0.008 omg  +0.00 loop   4445
[0mBatt=23.5 [0mODOM [31mVisionX  +0.00 Y  +0.00 theta   +0.0 elt    0 [0mimu  -0.3 Dt    0 LtCy    0 integ.govd   +0.00   +0.00 integ.vbp +0.00 +0.00 omni.gos X     +0.0 ,Y     -0.0. omgD -0.004 omg  +0.00 loop   4405
[0mBatt=23.5 [0mODOM [31mVisionX  +0.00 Y  +0.00 theta   +0.0 elt    0 [0mimu  -0.3 Dt    8 LtCy    4 integ.govd   +0.00   -0.00 integ.vbp +0.00 -0.00 omni.gos X     +0.0 ,Y     -0.0. omgD -0.004 omg  +0.00 loop   4173
[0mBatt=23.5 [0mODOM [31mVisionX  +0.00 Y  +0.00 theta   +0.0 elt    0 [0mimu  -0.3 Dt   24 LtCy   12 integ.govd   -0.00   -0.00 integ.vbp -0.00 -0.00 omni.gos X     -0.0 ,Y     -0.1. omgD -0.008 omg  +0.00 loop   4472
[0mBatt=23.5 [0mODOM [31mVisionX  +0.00 Y  +0.00 theta   +0.0 elt    0 [0mimu  -0.3 Dt   40 LtCy   20 integ.govd   -0.00   -0.00 integ.vbp -0.00 -0.00 omni.gos X     +0.0 ,Y     -0.2. omgD -0.012 omg  +0.00 loop   4471
[0mBatt=23.5 [0mODOM [31mVisionX  +0.00 Y  +0.00 theta   +0.0 elt    0 [0mimu  -0.3 Dt   56 LtCy   28 integ.govd   -0.00   -0.01 integ.vbp -0.00 -0.00 omni.gos X     +0.0 ,Y     +0.0. omgD +0.001 omg  +0.00 loop   4476
[0mBatt=23.5 [0mODOM [31mVisionX  +0.00 Y  +0.00 theta   +0.0 elt    0 [0mimu  -0.3 Dt   72 LtCy   36 integ.govd   -0.00   -0.00 integ.vbp -0.00 -0.00 omni.gos X     +0.0 ,Y     +0.1. omgD +0.009 omg  +0.00 loop   4465
[0mBatt=23.5 [0mODOM [31mVisionX  +0.00 Y  +0.00 theta   +0.0 elt    0 [0mimu  -0.3 Dt   88 LtCy   44 integ.govd   -0.00   -0.01 integ.vbp -0.00 -0.00 omni.gos X     +0.0 ,Y     -0.0. omgD -0.004 omg  +0.00 loop   4454
[0mBatt=23.5 [0mODOM [31mVisionX  +0.00 Y  +0.00 theta   +0.0 elt    0 [0mimu  -0.3 Dt    4 LtCy    2 integ.govd   +0.00   -0.00 integ.vbp +0.00 -0.00 omni.gos X     +0.0 ,Y     -0.1. omgD -0.008 omg  +0.00 loop   4070
[0mBatt=23.5 [0mODOM [31mVisionX  +0.00 Y  +0.00 theta   +0.0 elt    0 [0mimu  -0.3 Dt   20 LtCy   10 integ.govd   +0.00   -0.00 integ.vbp +0.00 -0.00 omni.gos X     +0.0 ,Y     -0.1. omgD -0.008 omg  +0.00 loop   4502
[0mBatt=23.5 [0mODOM [31mVisionX  +0.00 Y  +0.00 theta   +0.0 elt    0 [0mimu  -0.3 Dt   36 LtCy   18 integ.govd   -0.00   -0.00 integ.vbp -0.00 -0.00 omni.gos X     +0.0 ,Y     -0.1. omgD -0.008 omg  +0.00 loop   4472
[0mBatt=23.5 [0mODOM [31mVisionX  +0.00 Y  +0.00 theta   +0.0 elt    0 [0mimu  -0.3 Dt   52 LtCy   26 integ.govd   -0.00   -0.01 integ.vbp -0.00 -0.00 omni.gos X     +0.0 ,Y     +0.0. omgD +0.001 omg  +0.00 loop   4486
[0mBatt=23.5 [0mODOM [31mVisionX  +0.00 Y  +0.00 theta   +0.0 elt    0 [0mimu  -0.3 Dt   68 LtCy   34 integ.govd   -0.00   -0.01 integ.vbp -0.00 -0.00 omni.gos X     +0.0 ,Y     -0.1. omgD -0.004 omg  +0.00 loop   4473
[0mBatt=23.5 [0mODOM [31mVisionX  +0.00 Y  +0.00 theta   +0.0 elt    0 [0mimu  -0.3 Dt   84 LtCy   42 integ.govd   -0.00   -0.01 integ.vbp -0.00 -0.00 omni.gos X     +0.0 ,Y     +0.0. omgD +0.001 omg  +0.00 loop   4446
[0mBatt=23.5 [0mODOM [31mVisionX  +0.00 Y  +0.00 theta   +0.0 elt    0 [0mimu  -0.3 Dt    0 LtCy    0 integ.govd   +0.00   +0.00 integ.vbp +0.00 +0.00 omni.gos X     +0.0 ,Y     -0.0. omgD -0.004 omg  +0.00 loop   4277
[0mBatt=23.5 [0mODOM [31mVisionX  +0.00 Y  +0.00 theta   +0.0 elt    0 [0mimu  -0.3 Dt   16 LtCy    8 integ.govd   -0.00   -0.00 integ.vbp -0.00 -0.00 omni.gos X     +0.0 ,Y     -0.2. omgD -0.012 omg  +0.00 loop   4514
[0mBatt=23.5 [0mODOM [31mVisionX  +0.00 Y  +0.00 theta   +0.0 elt    0 [0mimu  -0.3 Dt   32 LtCy   16 integ.govd   -0.00   -0.01 integ.vbp -0.00 -0.00 omni.gos X     +0.0 ,Y     -0.2. omgD -0.012 omg  +0.00 loop   4472
[0mBatt=23.5 [0mODOM [31mVisionX  +0.00 Y  +0.00 theta   +0.0 elt    0 [0mimu  -0.3 Dt   48 LtCy   24 integ.govd   -0.00   -0.01 integ.vbp -0.00 -0.00 omni.gos X     +0.0 ,Y     -0.1. omgD -0.008 omg  +0.00 loop   4465
[0mBatt=23.5 [0mODOM [31mVisionX  +0.00 Y  +0.00 theta   +0.0 elt    0 [0mimu  -0.3 Dt   64 LtCy   32 integ.govd   -0.00   -0.01 integ.vbp -0.00 -0.00 omni.gos X     +0.0 ,Y     +0.0. omgD +0.001 omg  +0.00 loop   4480
[0mBatt=23.5 [0mODOM [31mVisionX  +0.00 Y  +0.00 theta   +0.0 elt    0 [0mimu  -0.3 Dt   80 LtCy   40 integ.govd   -0.00   -0.01 integ.vbp -0.00 -0.00 omni.gos X     +0.0 ,Y     -0.1. omgD -0.008 omg  +0.00 loop   4463
[0mBatt=23.5 [0mODOM [31mVisionX  +0.00 Y  +0.00 theta   +0.0 elt    0 [0mimu  -0.3 Dt   96 LtCy   48 integ.govd   -0.00   -0.01 integ.vbp -0.00 -0.00 omni.gos X     +0.0 ,Y     -0.0. omgD -0.004 omg  +0.00 loop   4448
[0mBatt=23.5 [0mODOM [31mVisionX  +0.00 Y  +0.00 theta   +0.0 elt    0 [0mimu  -0.3 Dt    2 LtCy    1 integ.govd   +0.00   -0.00 integ.vbp +0.00 -0.00 omni.gos X     +0.0 ,Y     -0.0. omgD -0.002 omg  +0.00 loop   3726
[0mBatt=23.5 [0mODOM [31mVisionX  +0.00 Y  +0.00 theta   +0.0 elt    0 [0mimu  -0.3 Dt   18 LtCy    9 integ.govd   +0.00   -0.00 integ.vbp +0.00 -0.00 omni.gos X     +0.0 ,Y     -0.0. omgD -0.002 omg  +0.00 loop   4499
[0mBatt=23.5 [0mODOM [31mVisionX  +0.00 Y  +0.00 theta   +0.0 elt    0 [0mimu  -0.3 Dt   34 LtCy   17 integ.govd   -0.00   -0.00 integ.vbp -0.00 -0.00 omni.gos X     -0.0 ,Y     -0.1. omgD -0.010 omg  +0.00 loop   4468
[0mBatt=23.5 [0mODOM [31mVisionX  +0.00 Y  +0.00 theta   +0.0 elt    0 [0mimu  -0.3 Dt   50 LtCy   25 integ.govd   -0.00   -0.00 integ.vbp -0.00 -0.00 omni.gos X     +0.0 ,Y     -0.1. omgD -0.006 omg  +0.00 loop   4474
[0mBatt=23.5 [0mODOM [31mVisionX  +0.00 Y  +0.00 theta   +0.0 elt    0 [0mimu  -0.3 Dt   66 LtCy   33 integ.govd   -0.00   -0.00 integ.vbp -0.00 -0.00 omni.gos X     +0.0 ,Y     -0.1. omgD -0.006 omg  +0.00 loop   4478
[0mBatt=23.5 [0mODOM [31mVisionX  +0.00 Y  +0.00 theta   +0.0 elt    0 [0mimu  -0.3 Dt   82 LtCy   41 integ.govd   -0.00   -0.01 integ.vbp -0.00 -0.00 omni.gos X     +0.0 ,Y     -0.1. omgD -0.006 omg  +0.00 loop   4451
[0mBatt=23.5 [0mODOM [31mVisionX  +0.00 Y  +0.00 theta   +0.0 elt    0 [0mimu  -0.3 Dt    0 LtCy    0 integ.govd   +0.00   +0.00 integ.vbp +0.00 +0.00 omni.gos X     +0.0 ,Y     -0.1. omgD -0.008 omg  +0.00 loop   3999
[0mBatt=23.5 [0mODOM [31mVisionX  +0.00 Y  +0.00 theta   +0.0 elt    0 [0mimu  -0.3 Dt   16 LtCy    8 integ.govd   +0.00   -0.00 integ.vbp +0.00 -0.00 omni.gos X     +0.0 ,Y     -0.2. omgD -0.014 omg  +0.00 loop   4516
[0mBatt=23.5 [0mODOM [31mVisionX  +0.00 Y  +0.00 theta   +0.0 elt    0 [0mimu  -0.3 Dt   32 LtCy   16 integ.govd   -0.00   -0.00 integ.vbp -0.00 -0.00 omni.gos X     -0.0 ,Y     -0.0. omgD -0.004 omg  +0.00 loop   4483
[0mBatt=23.5 [0mODOM [31mVisionX  +0.00 Y  +0.00 theta   +0.0 elt    0 [0mimu  -0.3 Dt   40 LtCy   20 integ.govd   -0.00   -0.00 integ.vbp -0.00 -0.00 omni.gos X     +0.0 ,Y     +0.0. omgD +0.001 omg  +0.00 loop   2134
[0mBatt=23.5 [0mODOM [31mVisionX  +0.00 Y  +0.00 theta   +0.0 elt    0 [0mimu  -0.3 Dt   56 LtCy   28 integ.govd   -0.00   -0.01 integ.vbp -0.00 -0.00 omni.gos X     +0.0 ,Y     -0.1. omgD -0.010 omg  +0.00 loop   4479
[0mBatt=23.5 [0mODOM [31mVisionX  +0.00 Y  +0.00 theta   +0.0 elt    0 [0mimu  -0.3 Dt   72 LtCy   36 integ.govd   -0.00   -0.01 integ.vbp -0.00 -0.00 omni.gos X     +0.0 ,Y     -0.1. omgD -0.008 omg  +0.00 loop   4473
[0mBatt=23.5 [0mODOM [31mVisionX  +0.00 Y  +0.00 theta   +0.0 elt    0 [0mimu  -0.3 Dt   88 LtCy   44 integ.govd   -0.00   -0.01 integ.vbp -0.00 -0.00 omni.gos X     -0.0 ,Y     -0.2. omgD -0.012 omg  +0.00 loop   4453
[0mBatt=23.5 [0mODOM [31mVisionX  +0.00 Y  +0.00 theta   +0.0 elt    0 [0mimu  -0.3 Dt    2 LtCy    1 integ.govd   +0.00   -0.00 integ.vbp +0.00 -0.00 omni.gos X     +0.0 ,Y     -0.1. omgD -0.010 omg  +0.00 loop   3992
[0mBatt=23.5 [0mODOM [31mVisionX  +0.00 Y  +0.00 theta   +0.0 elt    0 [0mimu  -0.3 Dt   18 LtCy    9 integ.govd   -0.00   -0.00 integ.vbp -0.00 -0.00 omni.gos X     +0.0 ,Y     -0.1. omgD -0.004 omg  +0.00 loop   4506
[0mBatt=23.5 [0mODOM [31mVisionX  +0.00 Y  +0.00 theta   +0.0 elt    0 [0mimu  -0.3 Dt   34 LtCy   17 integ.govd   -0.00   -0.00 integ.vbp -0.00 -0.00 omni.gos X     -0.0 ,Y     -0.1. omgD -0.008 omg  +0.00 loop   4462
[0mBatt=23.5 [0mODOM [31mVisionX  +0.00 Y  +0.00 theta   +0.0 elt    0 [0mimu  -0.3 Dt   50 LtCy   25 integ.govd   -0.00   -0.01 integ.vbp -0.00 -0.00 omni.gos X     +0.0 ,Y     -0.2. omgD -0.014 omg  +0.00 loop   4464
[0mBatt=23.5 [0mODOM [31mVisionX  +0.00 Y  +0.00 theta   +0.0 elt    0 [0mimu  -0.3 Dt   66 LtCy   33 integ.govd   -0.00   -0.01 integ.vbp -0.00 -0.00 omni.gos X     +0.0 ,Y     -0.1. omgD -0.010 omg  +0.00 loop   4478
[0mBatt=23.5 [0mODOM [31mVisionX  +0.00 Y  +0.00 theta   +0.0 elt    0 [0mimu  -0.3 Dt   82 LtCy   41 integ.govd   -0.00   -0.01 integ.vbp -0.00 -0.00 omni.gos X     +0.0 ,Y     -0.1. omgD -0.010 omg  +0.00 loop   4463
[0mBatt=23.5 [0mODOM [31mVisionX  +0.00 Y  +0.00 theta   +0.0 elt    0 [0mimu  -0.3 Dt    0 LtCy    0 integ.govd   +0.00   +0.00 integ.vbp +0.00 +0.00 omni.gos X     +0.0 ,Y     -0.0. omgD -0.002 omg  +0.00 loop   4119
[0mBatt=23.5 [0mODOM [31mVisionX  +0.00 Y  +0.00 theta   +0.0 elt    0 [0mimu  -0.3 Dt   14 LtCy    7 integ.govd   -0.00   -0.00 integ.vbp -0.00 -0.00 omni.gos X     +0.0 ,Y     -0.2. omgD -0.012 omg  +0.00 loop   4368
[0mBatt=23.5 [0mODOM [31mVisionX  +0.00 Y  +0.00 theta   +0.0 elt    0 [0mimu  -0.4 Dt   30 LtCy   15 integ.govd   -0.00   -0.00 integ.vbp -0.00 -0.00 omni.gos X     +0.0 ,Y     -0.2. omgD -0.014 omg  +0.00 loop   4490
[0mBatt=23.5 [0mODOM [31mVisionX  +0.00 Y  +0.00 theta   +0.0 elt    0 [0mimu  -0.4 Dt   46 LtCy   23 integ.govd   -0.00   -0.01 integ.vbp -0.00 -0.00 omni.gos X     +0.0 ,Y     -0.2. omgD -0.014 omg  +0.00 loop   4450
[0mBatt=23.5 [0mODOM [31mVisionX  +0.00 Y  +0.00 theta   +0.0 elt    0 [0mimu  -0.4 Dt   62 LtCy   31 integ.govd   -0.00   -0.01 integ.vbp -0.00 -0.00 omni.gos X     +0.0 ,Y     -0.2. omgD -0.016 omg  +0.00 loop   4478
[0mBatt=23.5 [0mODOM [31mVisionX  +0.00 Y  +0.00 theta   +0.0 elt    0 [0mimu  -0.4 Dt   78 LtCy   39 integ.govd   -0.00   -0.01 integ.vbp -0.00 -0.00 omni.gos X     +0.0 ,Y     -0.2. omgD -0.012 omg  +0.00 loop   4469
[0mBatt=23.5 [0mODOM [31mVisionX  +0.00 Y  +0.00 theta   +0.0 elt    0 [0mimu  -0.4 Dt   94 LtCy   47 integ.govd   -0.00   -0.01 integ.vbp -0.00 -0.00 omni.gos X     +0.0 ,Y     -0.0. omgD -0.004 omg  +0.00 loop   4419
[0mBatt=23.5 [0mODOM [31mVisionX  +0.00 Y  +0.00 theta   +0.0 elt    0 [0mimu  -0.4 Dt    8 LtCy    4 integ.govd   +0.00   -0.00 integ.vbp +0.00 -0.00 omni.gos X     +0.0 ,Y     -0.1. omgD -0.008 omg  +0.00 loop   4165
[0mBatt=23.5 [0mODOM [31mVisionX  +0.00 Y  +0.00 theta   +0.0 elt    0 [0mimu  -0.4 Dt   24 LtCy   12 integ.govd   -0.00   -0.00 integ.vbp -0.00 -0.00 omni.gos X     +0.0 ,Y     -0.3. omgD -0.021 omg  +0.00 loop   4495
[0mBatt=23.5 [0mODOM [31mVisionX  +0.00 Y  +0.00 theta   +0.0 elt    0 [0mimu  -0.4 Dt   40 LtCy   20 integ.govd   -0.00   -0.01 integ.vbp -0.00 -0.00 omni.gos X     +0.0 ,Y     -0.2. omgD -0.016 omg  +0.00 loop   4483
[0mBatt=23.5 [0mODOM [31mVisionX  +0.00 Y  +0.00 theta   +0.0 elt    0 [0mimu  -0.4 Dt   56 LtCy   28 integ.govd   -0.00   -0.01 integ.vbp -0.00 -0.00 omni.gos X     +0.0 ,Y     +0.0. omgD +0.001 omg  +0.00 loop   4458
[0mBatt=23.5 [0mODOM [31mVisionX  +0.00 Y  +0.00 theta   +0.0 elt    0 [0mimu  -0.4 Dt   72 LtCy   36 integ.govd   -0.00   -0.01 integ.vbp -0.00 -0.00 omni.gos X     +0.0 ,Y     -0.0. omgD -0.004 omg  +0.00 loop   4481
[0mBatt=23.5 [0mODOM [31mVisionX  +0.00 Y  +0.00 theta   +0.0 elt    0 [0mimu  -0.4 Dt   88 LtCy   44 integ.govd   -0.00   -0.01 integ.vbp -0.00 -0.00 omni.gos X     +0.0 ,Y     +0.1. omgD +0.005 omg  +0.00 loop   4468
[0mBatt=23.5 [0mODOM [31mVisionX  +0.00 Y  +0.00 theta   +0.0 elt    0 [0mimu  -0.4 Dt    2 LtCy    1 integ.govd   +0.00   -0.00 integ.vbp +0.00 -0.00 omni.gos X     +0.0 ,Y     -0.0. omgD -0.004 omg  +0.00 loop   3987
[0mBatt=23.5 [0mODOM [31mVisionX  +0.00 Y  +0.00 theta   +0.0 elt    0 [0mimu  -0.4 Dt   18 LtCy    9 integ.govd   -0.00   -0.00 integ.vbp -0.00 -0.00 omni.gos X     +0.0 ,Y     -0.2. omgD -0.012 omg  +0.00 loop   4505
[0mBatt=23.5 [0mODOM [31mVisionX  +0.00 Y  +0.00 theta   +0.0 elt    0 [0mimu  -0.4 Dt   34 LtCy   17 integ.govd   -0.00   -0.01 integ.vbp -0.00 -0.00 omni.gos X     +0.0 ,Y     -0.1. omgD -0.008 omg  +0.00 loop   4484
[0mBatt=23.5 [0mODOM [31mVisionX  +0.00 Y  +0.00 theta   +0.0 elt    0 [0mimu  -0.4 Dt   50 LtCy   25 integ.govd   -0.00   -0.01 integ.vbp -0.00 -0.00 omni.gos X     +0.0 ,Y     -0.1. omgD -0.008 omg  +0.00 loop   4462
[0mBatt=23.5 [0mODOM [31mVisionX  +0.00 Y  +0.00 theta   +0.0 elt    0 [0mimu  -0.4 Dt   66 LtCy   33 integ.govd   -0.00   -0.01 integ.vbp -0.00 -0.00 omni.gos X     +0.0 ,Y     +0.1. omgD +0.005 omg  +0.00 loop   4466
[0mBatt=23.5 [0mODOM [31mVisionX  +0.00 Y  +0.00 theta   +0.0 elt    0 [0mimu  -0.4 Dt   82 LtCy   41 integ.govd   -0.00   -0.01 integ.vbp -0.00 -0.00 omni.gos X     +0.0 ,Y     -0.1. omgD -0.008 omg  +0.00 loop   4478
[0mBatt=23.5 [0mODOM [31mVisionX  +0.00 Y  +0.00 theta   +0.0 elt    0 [0mimu  -0.4 Dt    0 LtCy    0 integ.govd   +0.00   +0.00 integ.vbp +0.00 +0.00 omni.gos X     +0.0 ,Y     -0.2. omgD -0.012 omg  +0.00 loop   4122
[0mBatt=23.5 [0mODOM [31mVisionX  +0.00 Y  +0.00 theta   +0.0 elt    0 [0mimu  -0.4 Dt   12 LtCy    6 integ.govd   +0.00   -0.00 integ.vbp +0.00 -0.00 omni.gos X     +0.0 ,Y     -0.1. omgD -0.008 omg  +0.00 loop   4364
[0mBatt=23.5 [0mODOM [31mVisionX  +0.00 Y  +0.00 theta   +0.0 elt    0 [0mimu  -0.4 Dt   28 LtCy   14 integ.govd   -0.00   -0.00 integ.vbp -0.00 -0.00 omni.gos X     -0.0 ,Y     -0.1. omgD -0.008 omg  +0.00 loop   4500
[0mBatt=23.5 [0mODOM [31mVisionX  +0.00 Y  +0.00 theta   +0.0 elt    0 [0mimu  -0.4 Dt   44 LtCy   22 integ.govd   -0.00   -0.00 integ.vbp -0.00 -0.00 omni.gos X     +0.0 ,Y     -0.0. omgD -0.004 omg  +0.00 loop   4467
[0mBatt=23.5 [0mODOM [31mVisionX  +0.00 Y  +0.00 theta   +0.0 elt    0 [0mimu  -0.4 Dt   60 LtCy   30 integ.govd   -0.00   -0.01 integ.vbp -0.00 -0.00 omni.gos X     +0.0 ,Y     -0.1. omgD -0.008 omg  +0.00 loop   4456
[0mBatt=23.5 [0mODOM [31mVisionX  +0.00 Y  +0.00 theta   +0.0 elt    0 [0mimu  -0.4 Dt   76 LtCy   38 integ.govd   -0.00   -0.01 integ.vbp -0.00 -0.00 omni.gos X     +0.0 ,Y     -0.0. omgD -0.004 omg  +0.00 loop   4453
[0mBatt=23.5 [0mODOM [31mVisionX  +0.00 Y  +0.00 theta   +0.0 elt    0 [0mimu  -0.4 Dt   92 LtCy   46 integ.govd   -0.00   -0.01 integ.vbp -0.00 -0.00 omni.gos X     +0.0 ,Y     -0.0. omgD -0.004 omg  +0.00 loop   4473
[0mBatt=23.5 [0mODOM [31mVisionX  +0.00 Y  +0.00 theta   +0.0 elt    0 [0mimu  -0.4 Dt    6 LtCy    3 integ.govd   -0.00   -0.00 integ.vbp -0.00 -0.00 omni.gos X     +0.0 ,Y     -0.2. omgD -0.012 omg  +0.00 loop   3960
[0mBatt=23.5 [0mODOM [31mVisionX  +0.00 Y  +0.00 theta   +0.0 elt    0 [0mimu  -0.4 Dt   22 LtCy   11 integ.govd   -0.00   -0.00 integ.vbp -0.00 -0.00 omni.gos X     +0.0 ,Y     -0.1. omgD -0.008 omg  +0.00 loop   4493
[0mBatt=23.5 [0mODOM [31mVisionX  +0.00 Y  +0.00 theta   +0.0 elt    0 [0mimu  -0.4 Dt   38 LtCy   19 integ.govd   -0.00   -0.00 integ.vbp -0.00 -0.00 omni.gos X     +0.0 ,Y     -0.1. omgD -0.008 omg  +0.00 loop   4484
[0mBatt=23.5 [0mODOM [31mVisionX  +0.00 Y  +0.00 theta   +0.0 elt    0 [0mimu  -0.4 Dt   54 LtCy   27 integ.govd   -0.00   -0.00 integ.vbp -0.00 -0.00 omni.gos X     +0.0 ,Y     -0.2. omgD -0.016 omg  +0.00 loop   4462
[0mBatt=23.5 [0mODOM [31mVisionX  +0.00 Y  +0.00 theta   +0.0 elt    0 [0mimu  -0.4 Dt   70 LtCy   35 integ.govd   -0.00   -0.01 integ.vbp -0.00 -0.00 omni.gos X     +0.0 ,Y     -0.2. omgD -0.012 omg  +0.00 loop   4465
[0mBatt=23.6 [0mODOM [31mVisionX  +0.00 Y  +0.00 theta   +0.0 elt    0 [0mimu  -0.4 Dt   86 LtCy   43 integ.govd   -0.00   -0.01 integ.vbp -0.00 -0.00 omni.gos X     +0.0 ,Y     +0.0. omgD +0.001 omg  +0.00 loop   4467
[0mBatt=23.6 [0mODOM [31mVisionX  +0.00 Y  +0.00 theta   +0.0 elt    0 [0mimu  -0.4 Dt    0 LtCy    0 integ.govd   +0.00   +0.00 integ.vbp +0.00 +0.00 omni.gos X     +0.0 ,Y     -0.1. omgD -0.008 omg  +0.00 loop   4004
[0mBatt=23.5 [0mODOM [31mVisionX  +0.00 Y  +0.00 theta   +0.0 elt    0 [0mimu  -0.4 Dt   16 LtCy    8 integ.govd   -0.00   -0.00 integ.vbp -0.00 -0.00 omni.gos X     +0.0 ,Y     -0.1. omgD -0.008 omg  +0.00 loop   4494
[0mBatt=23.5 [0mODOM [31mVisionX  +0.00 Y  +0.00 theta   +0.0 elt    0 [0mimu  -0.4 Dt   32 LtCy   16 integ.govd   -0.00   -0.00 integ.vbp -0.00 -0.00 omni.gos X     +0.0 ,Y     +0.0. omgD +0.001 omg  +0.00 loop   4491
[0mBatt=23.5 [0mODOM [31mVisionX  +0.00 Y  +0.00 theta   +0.0 elt    0 [0mimu  -0.4 Dt   48 LtCy   24 integ.govd   -0.00   -0.00 integ.vbp -0.00 -0.00 omni.gos X     +0.0 ,Y     -0.2. omgD -0.016 omg  +0.00 loop   4481
[0mBatt=23.5 [0mODOM [31mVisionX  +0.00 Y  +0.00 theta   +0.0 elt    0 [0mimu  -0.4 Dt   64 LtCy   32 integ.govd   -0.00   -0.00 integ.vbp -0.00 -0.00 omni.gos X     -0.0 ,Y     -0.0. omgD -0.004 omg  +0.00 loop   4449
[0mBatt=23.5 [0mODOM [31mVisionX  +0.00 Y  +0.00 theta   +0.0 elt    0 [0mimu  -0.4 Dt   80 LtCy   40 integ.govd   -0.00   -0.00 integ.vbp -0.00 -0.00 omni.gos X     +0.0 ,Y     -0.0. omgD -0.004 omg  +0.00 loop   4469
[0mBatt=23.5 [0mODOM [31mVisionX  +0.00 Y  +0.00 theta   +0.0 elt    0 [0mimu  -0.4 Dt    0 LtCy    0 integ.govd   +0.00   +0.00 integ.vbp +0.00 +0.00 omni.gos X     +0.0 ,Y     -0.0. omgD -0.004 omg  +0.00 loop   4222
[0mBatt=23.5 [0mODOM [31mVisionX  +0.00 Y  +0.00 theta   +0.0 elt    0 [0mimu  -0.4 Dt   10 LtCy    5 integ.govd   +0.00   -0.00 integ.vbp +0.00 -0.00 omni.gos X     +0.0 ,Y     -0.2. omgD -0.016 omg  +0.00 loop   4260
[0mBatt=23.5 [0mODOM [31mVisionX  +0.00 Y  +0.00 theta   +0.0 elt    0 [0mimu  -0.4 Dt   26 LtCy   13 integ.govd   -0.00   -0.00 integ.vbp -0.00 -0.00 omni.gos X     -0.0 ,Y     -0.1. omgD -0.008 omg  +0.00 loop   4495
[0mBatt=23.5 [0mODOM [31mVisionX  +0.00 Y  +0.00 theta   +0.0 elt    0 [0mimu  -0.4 Dt   42 LtCy   21 integ.govd   -0.00   -0.00 integ.vbp -0.00 -0.00 omni.gos X     +0.0 ,Y     -0.1. omgD -0.008 omg  +0.00 loop   4477
[0mBatt=23.5 [0mODOM [31mVisionX  +0.00 Y  +0.00 theta   +0.0 elt    0 [0mimu  -0.4 Dt   58 LtCy   29 integ.govd   -0.00   -0.01 integ.vbp -0.00 -0.00 omni.gos X     +0.0 ,Y     -0.0. omgD -0.004 omg  +0.00 loop   4463
[0mBatt=23.5 [0mODOM [31mVisionX  +0.00 Y  +0.00 theta   +0.0 elt    0 [0mimu  -0.4 Dt   74 LtCy   37 integ.govd   -0.00   -0.01 integ.vbp -0.00 -0.00 omni.gos X     +0.0 ,Y     +0.0. omgD +0.001 omg  +0.00 loop   4465
[0mBatt=23.5 [0mODOM [31mVisionX  +0.00 Y  +0.00 theta   +0.0 elt    0 [0mimu  -0.4 Dt   90 LtCy   45 integ.govd   -0.00   -0.01 integ.vbp -0.00 -0.00 omni.gos X     +0.0 ,Y     -0.1. omgD -0.008 omg  +0.00 loop   4474
[0mBatt=23.5 [0mODOM [31mVisionX  +0.00 Y  +0.00 theta   +0.0 elt    0 [0mimu  -0.4 Dt    6 LtCy    3 integ.govd   +0.00   -0.00 integ.vbp +0.00 -0.00 omni.gos X     +0.0 ,Y     -0.0. omgD -0.004 omg  +0.00 loop   4066
[0mBatt=23.5 [0mODOM [31mVisionX  +0.00 Y  +0.00 theta   +0.0 elt    0 [0mimu  -0.4 Dt   22 LtCy   11 integ.govd   -0.00   -0.00 integ.vbp -0.00 -0.00 omni.gos X     -0.0 ,Y     -0.2. omgD -0.012 omg  +0.00 loop   4481
[0mBatt=23.5 [0mODOM [31mVisionX  +0.00 Y  +0.00 theta   +0.0 elt    0 [0mimu  -0.4 Dt   38 LtCy   19 integ.govd   -0.00   -0.00 integ.vbp -0.00 -0.00 omni.gos X     +0.0 ,Y     -0.1. omgD -0.008 omg  +0.00 loop   4475
[0mBatt=23.5 [0mODOM [31mVisionX  +0.00 Y  +0.00 theta   +0.0 elt    0 [0mimu  -0.4 Dt   54 LtCy   27 integ.govd   -0.00   -0.00 integ.vbp -0.00 -0.00 omni.gos X     +0.0 ,Y     +0.0. omgD +0.001 omg  +0.00 loop   4481
[0mBatt=23.5 [0mODOM [31mVisionX  +0.00 Y  +0.00 theta   +0.0 elt    0 [0mimu  -0.4 Dt   70 LtCy   35 integ.govd   -0.00   -0.01 integ.vbp -0.00 -0.00 omni.gos X     +0.0 ,Y     -0.1. omgD -0.004 omg  +0.00 loop   4448
[0mBatt=23.5 [0mODOM [31mVisionX  +0.00 Y  +0.00 theta   +0.0 elt    0 [0mimu  -0.4 Dt   86 LtCy   43 integ.govd   -0.00   -0.01 integ.vbp -0.00 -0.00 omni.gos X     +0.0 ,Y     +0.0. omgD +0.001 omg  +0.00 loop   4473
[0mBatt=23.5 [0mODOM [31mVisionX  +0.00 Y  +0.00 theta   +0.0 elt    0 [0mimu  -0.4 Dt    0 LtCy    0 integ.govd   +0.00   +0.00 integ.vbp +0.00 +0.00 omni.gos X     +0.0 ,Y     +0.0. omgD +0.001 omg  +0.00 loop   4066
[0mBatt=23.5 [0mODOM [31mVisionX  +0.00 Y  +0.00 theta   +0.0 elt    0 [0mimu  -0.4 Dt   14 LtCy    7 integ.govd   -0.00   -0.00 integ.vbp -0.00 -0.00 omni.gos X     +0.0 ,Y     -0.1. omgD -0.008 omg  +0.00 loop   4425
[0mBatt=23.5 [0mODOM [31mVisionX  +0.00 Y  +0.00 theta   +0.0 elt    0 [0mimu  -0.4 Dt   22 LtCy   11 integ.govd   -0.00   -0.00 integ.vbp -0.00 -0.00 omni.gos X     +0.0 ,Y     -0.2. omgD -0.016 omg  +0.00 loop   2144
[0mBatt=23.5 [0mODOM [31mVisionX  +0.00 Y  +0.00 theta   +0.0 elt    0 [0mimu  -0.4 Dt   38 LtCy   19 integ.govd   -0.00   -0.00 integ.vbp -0.00 -0.00 omni.gos X     +0.0 ,Y     -0.0. omgD -0.004 omg  +0.00 loop   4480
[0mBatt=23.5 [0mODOM [31mVisionX  +0.00 Y  +0.00 theta   +0.0 elt    0 [0mimu  -0.4 Dt   54 LtCy   27 integ.govd   -0.00   -0.00 integ.vbp -0.00 -0.00 omni.gos X     +0.0 ,Y     -0.0. omgD -0.004 omg  +0.00 loop   4483
[0mBatt=23.5 [0mODOM [31mVisionX  +0.00 Y  +0.00 theta   +0.0 elt    0 [0mimu  -0.4 Dt   70 LtCy   35 integ.govd   -0.00   -0.00 integ.vbp -0.00 -0.00 omni.gos X     +0.0 ,Y     -0.1. omgD -0.008 omg  +0.00 loop   4447
[0mBatt=23.5 [0mODOM [31mVisionX  +0.00 Y  +0.00 theta   +0.0 elt    0 [0mimu  -0.4 Dt   86 LtCy   43 integ.govd   -0.00   -0.01 integ.vbp -0.00 -0.00 omni.gos X     +0.0 ,Y     -0.1. omgD -0.008 omg  +0.00 loop   4469
[0mBatt=23.5 [0mODOM [31mVisionX  +0.00 Y  +0.00 theta   +0.0 elt    0 [0mimu  -0.4 Dt    0 LtCy    0 integ.govd   +0.00   +0.00 integ.vbp +0.00 +0.00 omni.gos X     +0.0 ,Y     +0.0. omgD +0.001 omg  +0.00 loop   4013
[0mBatt=23.5 [0mODOM [31mVisionX  +0.00 Y  +0.00 theta   +0.0 elt    0 [0mimu  -0.4 Dt   16 LtCy    8 integ.govd   +0.00   +0.00 integ.vbp +0.00 +0.00 omni.gos X     +0.0 ,Y     +0.0. omgD +0.001 omg  +0.00 loop   4490
[0mBatt=23.5 [0mODOM [31mVisionX  +0.00 Y  +0.00 theta   +0.0 elt    0 [0mimu  -0.4 Dt   32 LtCy   16 integ.govd   -0.00   -0.00 integ.vbp -0.00 -0.00 omni.gos X     +0.0 ,Y     -0.1. omgD -0.008 omg  +0.00 loop   4502
[0mBatt=23.5 [0mODOM [31mVisionX  +0.00 Y  +0.00 theta   +0.0 elt    0 [0mimu  -0.4 Dt   48 LtCy   24 integ.govd   -0.00   -0.00 integ.vbp -0.00 -0.00 omni.gos X     +0.0 ,Y     -0.0. omgD -0.004 omg  +0.00 loop   4479
[0mBatt=23.5 [0mODOM [31mVisionX  +0.00 Y  +0.00 theta   +0.0 elt    0 [0mimu  -0.4 Dt   64 LtCy   32 integ.govd   -0.00   -0.00 integ.vbp -0.00 -0.00 omni.gos X     +0.0 ,Y     -0.0. omgD -0.004 omg  +0.00 loop   4464
[0mBatt=23.5 [0mODOM [31mVisionX  +0.00 Y  +0.00 theta   +0.0 elt    0 [0mimu  -0.4 Dt   80 LtCy   40 integ.govd   -0.00   -0.01 integ.vbp -0.00 -0.00 omni.gos X     +0.0 ,Y     -0.1. omgD -0.008 omg  +0.00 loop   4457
[0mBatt=23.5 [0mODOM [31mVisionX  +0.00 Y  +0.00 theta   +0.0 elt    0 [0mimu  -0.4 Dt    0 LtCy    0 integ.govd   +0.00   +0.00 integ.vbp +0.00 +0.00 omni.gos X     +0.0 ,Y     -0.1. omgD -0.008 omg  +0.00 loop   4262
[0mBatt=23.5 [0mODOM [31mVisionX  +0.00 Y  +0.00 theta   +0.0 elt    0 [0mimu  -0.4 Dt   10 LtCy    5 integ.govd   +0.00   -0.00 integ.vbp +0.00 -0.00 omni.gos X     +0.0 ,Y     +0.0. omgD +0.001 omg  +0.00 loop   4254
[0mBatt=23.5 [0mODOM [31mVisionX  +0.00 Y  +0.00 theta   +0.0 elt    0 [0mimu  -0.4 Dt   26 LtCy   13 integ.govd   +0.00   -0.00 integ.vbp +0.00 -0.00 omni.gos X     +0.0 ,Y     -0.2. omgD -0.012 omg  +0.00 loop   4470
[0mBatt=23.5 [0mODOM [31mVisionX  +0.00 Y  +0.00 theta   +0.0 elt    0 [0mimu  -0.4 Dt   42 LtCy   21 integ.govd   -0.00   -0.00 integ.vbp -0.00 -0.00 omni.gos X     +0.0 ,Y     -0.1. omgD -0.008 omg  +0.00 loop   4501
[0mBatt=23.5 [0mODOM [31mVisionX  +0.00 Y  +0.00 theta   +0.0 elt    0 [0mimu  -0.4 Dt   58 LtCy   29 integ.govd   -0.00   -0.00 integ.vbp -0.00 -0.00 omni.gos X     +0.0 ,Y     -0.0. omgD -0.004 omg  +0.00 loop   4480
[0mBatt=23.5 [0mODOM [31mVisionX  +0.00 Y  +0.00 theta   +0.0 elt    0 [0mimu  -0.4 Dt   74 LtCy   37 integ.govd   -0.00   -0.01 integ.vbp -0.00 -0.00 omni.gos X     +0.0 ,Y     -0.0. omgD -0.004 omg  +0.00 loop   4447
[0mBatt=23.5 [0mODOM [31mVisionX  +0.00 Y  +0.00 theta   +0.0 elt    0 [0mimu  -0.4 Dt   90 LtCy   45 integ.govd   -0.00   -0.01 integ.vbp -0.00 -0.00 omni.gos X     +0.0 ,Y     -0.0. omgD -0.004 omg  +0.00 loop   4468
[0mBatt=23.5 [0mODOM [31mVisionX  +0.00 Y  +0.00 theta   +0.0 elt    0 [0mimu  -0.4 Dt    4 LtCy    2 integ.govd   +0.00   -0.00 integ.vbp +0.00 -0.00 omni.gos X     +0.0 ,Y     -0.0. omgD -0.004 omg  +0.00 loop   4082
[0mBatt=23.5 [0mODOM [31mVisionX  +0.00 Y  +0.00 theta   +0.0 elt    0 [0mimu  -0.4 Dt   20 LtCy   10 integ.govd   -0.00   -0.00 integ.vbp -0.00 -0.00 omni.gos X     +0.0 ,Y     -0.2. omgD -0.012 omg  +0.00 loop   4486
[0mBatt=23.5 [0mODOM [31mVisionX  +0.00 Y  +0.00 theta   +0.0 elt    0 [0mimu  -0.4 Dt   36 LtCy   18 integ.govd   -0.00   -0.00 integ.vbp -0.00 -0.00 omni.gos X     +0.0 ,Y     -0.0. omgD -0.002 omg  +0.00 loop   4472
[0mBatt=23.5 [0mODOM [31mVisionX  +0.00 Y  +0.00 theta   +0.0 elt    0 [0mimu  -0.4 Dt   52 LtCy   26 integ.govd   -0.00   -0.00 integ.vbp -0.00 -0.00 omni.gos X     +0.0 ,Y     -0.0. omgD -0.002 omg  +0.00 loop   4485
[0mBatt=23.5 [0mODOM [31mVisionX  +0.00 Y  +0.00 theta   +0.0 elt    0 [0mimu  -0.4 Dt   68 LtCy   34 integ.govd   -0.00   -0.01 integ.vbp -0.00 -0.00 omni.gos X     +0.0 ,Y     -0.1. omgD -0.008 omg  +0.00 loop   4461
[0mBatt=23.5 [0mODOM [31mVisionX  +0.00 Y  +0.00 theta   +0.0 elt    0 [0mimu  -0.4 Dt   84 LtCy   42 integ.govd   -0.00   -0.01 integ.vbp -0.00 -0.00 omni.gos X     -0.0 ,Y     -0.1. omgD -0.008 omg  +0.00 loop   4456
[0mBatt=23.5 [0mODOM [31mVisionX  +0.00 Y  +0.00 theta   +0.0 elt    0 [0mimu  -0.4 Dt    0 LtCy    0 integ.govd   +0.00   +0.00 integ.vbp +0.00 +0.00 omni.gos X     +0.0 ,Y     -0.1. omgD -0.006 omg  +0.00 loop   4073
[0mBatt=23.5 [0mODOM [31mVisionX  +0.00 Y  +0.00 theta   +0.0 elt    0 [0mimu  -0.4 Dt   16 LtCy    8 integ.govd   +0.00   -0.00 integ.vbp +0.00 -0.00 omni.gos X     +0.0 ,Y     -0.0. omgD -0.004 omg  +0.00 loop   4514
[0mBatt=23.5 [0mODOM [31mVisionX  +0.00 Y  +0.00 theta   +0.0 elt    0 [0mimu  -0.4 Dt   32 LtCy   16 integ.govd   +0.00   -0.00 integ.vbp +0.00 -0.00 omni.gos X     +0.0 ,Y     +0.0. omgD +0.003 omg  +0.00 loop   4472
[0mBatt=23.5 [0mODOM [31mVisionX  +0.00 Y  +0.00 theta   +0.0 elt    0 [0mimu  -0.4 Dt   48 LtCy   24 integ.govd   +0.00   -0.00 integ.vbp +0.00 -0.00 omni.gos X     +0.0 ,Y     +0.0. omgD +0.003 omg  +0.00 loop   4497
[0mBatt=23.5 [0mODOM [31mVisionX  +0.00 Y  +0.00 theta   +0.0 elt    0 [0mimu  -0.4 Dt   64 LtCy   32 integ.govd   +0.00   +0.00 integ.vbp +0.00 +0.00 omni.gos X     +0.0 ,Y     +0.0. omgD +0.001 omg  +0.00 loop   4492
[0mBatt=23.5 [0mODOM [31mVisionX  +0.00 Y  +0.00 theta   +0.0 elt    0 [0mimu  -0.4 Dt   80 LtCy   40 integ.govd   +0.00   +0.00 integ.vbp +0.00 +0.00 omni.gos X     +0.0 ,Y     +0.0. omgD +0.003 omg  +0.00 loop   4463
[0mBatt=23.5 [0mODOM [31mVisionX  +0.00 Y  +0.00 theta   +0.0 elt    0 [0mimu  -0.4 Dt    0 LtCy    0 integ.govd   +0.00   +0.00 integ.vbp +0.00 +0.00 omni.gos X     +0.0 ,Y     -0.0. omgD -0.002 omg  +0.00 loop   4344
[0mBatt=23.5 [0mODOM [31mVisionX  +0.00 Y  +0.00 theta   +0.0 elt    0 [0mimu  -0.4 Dt   10 LtCy    5 integ.govd   +0.00   -0.00 integ.vbp +0.00 -0.00 omni.gos X     +0.0 ,Y     -0.0. omgD -0.002 omg  +0.00 loop   4293
[0mBatt=23.5 [0mODOM [31mVisionX  +0.00 Y  +0.00 theta   +0.0 elt    0 [0mimu  -0.4 Dt   26 LtCy   13 integ.govd   +0.00   -0.00 integ.vbp +0.00 -0.00 omni.gos X     +0.0 ,Y     +0.0. omgD +0.001 omg  +0.00 loop   4484
[0mBatt=23.5 [0mODOM [31mVisionX  +0.00 Y  +0.00 theta   +0.0 elt    0 [0mimu  -0.4 Dt   42 LtCy   21 integ.govd   +0.00   -0.00 integ.vbp +0.00 -0.00 omni.gos X     +0.0 ,Y     +0.0. omgD +0.001 omg  +0.00 loop   4484
[0mBatt=23.5 [0mODOM [31mVisionX  +0.00 Y  +0.00 theta   +0.0 elt    0 [0mimu  -0.4 Dt   58 LtCy   29 integ.govd   +0.00   +0.00 integ.vbp +0.00 +0.00 omni.gos X     +0.0 ,Y     +0.0. omgD +0.003 omg  +0.00 loop   4494
[0mBatt=23.5 [0mODOM [31mVisionX  +0.00 Y  +0.00 theta   +0.0 elt    0 [0mimu  -0.4 Dt   74 LtCy   37 integ.govd   +0.00   +0.00 integ.vbp +0.00 +0.00 omni.gos X     +0.0 ,Y     +0.1. omgD +0.009 omg  +0.00 loop   4482
[0mBatt=23.5 [0mODOM [31mVisionX  +0.00 Y  +0.00 theta   +0.0 elt    0 [0mimu  -0.4 Dt   90 LtCy   45 integ.govd   +0.00   +0.00 integ.vbp +0.00 +0.00 omni.gos X     +0.0 ,Y     +0.1. omgD +0.005 omg  +0.00 loop   4446
[0mBatt=23.5 [0mODOM [31mVisionX  +0.00 Y  +0.00 theta   +0.0 elt    0 [0mimu  -0.4 Dt    4 LtCy    2 integ.govd   +0.00   -0.00 integ.vbp +0.00 -0.00 omni.gos X     +0.0 ,Y     +0.0. omgD +0.001 omg  +0.00 loop   4084
[0mBatt=23.5 [0mODOM [31mVisionX  +0.00 Y  +0.00 theta   +0.0 elt    0 [0mimu  -0.4 Dt   20 LtCy   10 integ.govd   +0.00   +0.00 integ.vbp +0.00 +0.00 omni.gos X     +0.0 ,Y     +0.0. omgD +0.003 omg  +0.00 loop   4508
[0mBatt=23.5 [0mODOM [31mVisionX  +0.00 Y  +0.00 theta   +0.0 elt    0 [0mimu  -0.4 Dt   36 LtCy   18 integ.govd   +0.00   +0.00 integ.vbp +0.00 +0.00 omni.gos X     +0.0 ,Y     -0.0. omgD -0.004 omg  +0.00 loop   4474
[0mBatt=23.5 [0mODOM [31mVisionX  +0.00 Y  +0.00 theta   +0.0 elt    0 [0mimu  -0.4 Dt   52 LtCy   26 integ.govd   +0.00   -0.00 integ.vbp +0.00 -0.00 omni.gos X     +0.0 ,Y     -0.1. omgD -0.008 omg  +0.00 loop   4496
[0mBatt=23.5 [0mODOM [31mVisionX  +0.00 Y  +0.00 theta   +0.0 elt    0 [0mimu  -0.4 Dt   68 LtCy   34 integ.govd   +0.00   -0.00 integ.vbp +0.00 -0.00 omni.gos X     +0.0 ,Y     +0.0. omgD +0.003 omg  +0.00 loop   4485
[0mBatt=23.5 [0mODOM [31mVisionX  +0.00 Y  +0.00 theta   +0.0 elt    0 [0mimu  -0.4 Dt   84 LtCy   42 integ.govd   +0.00   -0.00 integ.vbp +0.00 -0.00 omni.gos X     +0.0 ,Y     +0.0. omgD +0.001 omg  +0.00 loop   4472
[0mBatt=23.5 [0mODOM [31mVisionX  +0.00 Y  +0.00 theta   +0.0 elt    0 [0mimu  -0.4 Dt    0 LtCy    0 integ.govd   +0.00   +0.00 integ.vbp +0.00 +0.00 omni.gos X     +0.0 ,Y     -0.0. omgD -0.004 omg  +0.00 loop   4139
[0mBatt=23.5 [0mODOM [31mVisionX  +0.00 Y  +0.00 theta   +0.0 elt    0 [0mimu  -0.4 Dt   16 LtCy    8 integ.govd   +0.00   -0.00 integ.vbp +0.00 -0.00 omni.gos X     +0.0 ,Y     -0.0. omgD -0.004 omg  +0.00 loop   4519
[0mBatt=23.5 [0mODOM [31mVisionX  +0.00 Y  +0.00 theta   +0.0 elt    0 [0mimu  -0.4 Dt   32 LtCy   16 integ.govd   -0.00   -0.00 integ.vbp -0.00 -0.00 omni.gos X     +0.0 ,Y     -0.1. omgD -0.004 omg  +0.00 loop   4490
[0mBatt=23.5 [0mODOM [31mVisionX  +0.00 Y  +0.00 theta   +0.0 elt    0 [0mimu  -0.4 Dt   48 LtCy   24 integ.govd   -0.00   -0.00 integ.vbp -0.00 -0.00 omni.gos X     -0.0 ,Y     -0.2. omgD -0.012 omg  +0.00 loop   4466
[0mBatt=23.5 [0mODOM [31mVisionX  +0.00 Y  +0.00 theta   +0.0 elt    0 [0mimu  -0.4 Dt   64 LtCy   32 integ.govd   -0.00   -0.01 integ.vbp -0.00 -0.00 omni.gos X     +0.0 ,Y     -0.2. omgD -0.012 omg  +0.00 loop   4471
[0mBatt=23.5 [0mODOM [31mVisionX  +0.00 Y  +0.00 theta   +0.0 elt    0 [0mimu  -0.4 Dt   80 LtCy   40 integ.govd   -0.00   -0.01 integ.vbp -0.00 -0.00 omni.gos X     +0.0 ,Y     -0.0. omgD -0.004 omg  +0.00 loop   4465
[0mBatt=23.5 [0mODOM [31mVisionX  +0.00 Y  +0.00 theta   +0.0 elt    0 [0mimu  -0.4 Dt    0 LtCy    0 integ.govd   +0.00   +0.00 integ.vbp +0.00 +0.00 omni.gos X     +0.0 ,Y     -0.2. omgD -0.012 omg  +0.00 loop   4307
[0mBatt=23.5 [0mODOM [31mVisionX  +0.00 Y  +0.00 theta   +0.0 elt    0 [0mimu  -0.4 Dt   10 LtCy    5 integ.govd   -0.00   -0.00 integ.vbp -0.00 -0.00 omni.gos X     -0.0 ,Y     -0.2. omgD -0.016 omg  +0.00 loop   4160
[0mBatt=23.5 [0mODOM [31mVisionX  +0.00 Y  +0.00 theta   +0.0 elt    0 [0mimu  -0.4 Dt   26 LtCy   13 integ.govd   -0.00   -0.00 integ.vbp -0.00 -0.00 omni.gos X     +0.0 ,Y     -0.1. omgD -0.008 omg  +0.00 loop   4481
[0mBatt=23.5 [0mODOM [31mVisionX  +0.00 Y  +0.00 theta   +0.0 elt    0 [0mimu  -0.4 Dt   42 LtCy   21 integ.govd   -0.00   -0.01 integ.vbp -0.00 -0.00 omni.gos X     +0.0 ,Y     -0.2. omgD -0.012 omg  +0.00 loop   4456
[0mBatt=23.5 [0mODOM [31mVisionX  +0.00 Y  +0.00 theta   +0.0 elt    0 [0mimu  -0.4 Dt   58 LtCy   29 integ.govd   -0.00   -0.01 integ.vbp -0.00 -0.00 omni.gos X     +0.0 ,Y     -0.2. omgD -0.016 omg  +0.00 loop   4470
[0mBatt=23.5 [0mODOM [31mVisionX  +0.00 Y  +0.00 theta   +0.0 elt    0 [0mimu  -0.4 Dt   74 LtCy   37 integ.govd   -0.00   -0.01 integ.vbp -0.00 -0.00 omni.gos X     +0.0 ,Y     -0.1. omgD -0.008 omg  +0.00 loop   4481
[0mBatt=23.5 [0mODOM [31mVisionX  +0.00 Y  +0.00 theta   +0.0 elt    0 [0mimu  -0.4 Dt   90 LtCy   45 integ.govd   -0.00   -0.01 integ.vbp -0.00 -0.00 omni.gos X     +0.0 ,Y     -0.1. omgD -0.008 omg  +0.00 loop   4452
[0mBatt=23.5 [0mODOM [31mVisionX  +0.00 Y  +0.00 theta   +0.0 elt    0 [0mimu  -0.4 Dt    4 LtCy    2 integ.govd   +0.00   -0.00 integ.vbp +0.00 -0.00 omni.gos X     +0.0 ,Y     -0.1. omgD -0.008 omg  +0.00 loop   4003
[0mBatt=23.5 [0mODOM [31mVisionX  +0.00 Y  +0.00 theta   +0.0 elt    0 [0mimu  -0.4 Dt   20 LtCy   10 integ.govd   +0.00   -0.00 integ.vbp +0.00 -0.00 omni.gos X     +0.0 ,Y     -0.2. omgD -0.012 omg  +0.00 loop   4506
[0mBatt=23.5 [0mODOM [31mVisionX  +0.00 Y  +0.00 theta   +0.0 elt    0 [0mimu  -0.4 Dt   36 LtCy   18 integ.govd   -0.00   -0.00 integ.vbp -0.00 -0.00 omni.gos X     +0.0 ,Y     -0.0. omgD -0.004 omg  +0.00 loop   4487
[0mBatt=23.5 [0mODOM [31mVisionX  +0.00 Y  +0.00 theta   +0.0 elt    0 [0mimu  -0.4 Dt   52 LtCy   26 integ.govd   -0.00   -0.00 integ.vbp -0.00 -0.00 omni.gos X     +0.0 ,Y     -0.1. omgD -0.008 omg  +0.00 loop   4459
[0mBatt=23.5 [0mODOM [31mVisionX  +0.00 Y  +0.00 theta   +0.0 elt    0 [0mimu  -0.4 Dt   68 LtCy   34 integ.govd   -0.00   -0.00 integ.vbp -0.00 -0.00 omni.gos X     +0.0 ,Y     -0.1. omgD -0.008 omg  +0.00 loop   4473
[0mBatt=23.5 [0mODOM [31mVisionX  +0.00 Y  +0.00 theta   +0.0 elt    0 [0mimu  -0.4 Dt   84 LtCy   42 integ.govd   -0.00   -0.01 integ.vbp -0.00 -0.00 omni.gos X     +0.0 ,Y     -0.1. omgD -0.008 omg  +0.00 loop   4476
[0mBatt=23.5 [0mODOM [31mVisionX  +0.00 Y  +0.00 theta   +0.0 elt    0 [0mimu  -0.4 Dt    4 LtCy    2 integ.govd   +0.00   -0.00 integ.vbp +0.00 -0.00 omni.gos X     +0.0 ,Y     -0.2. omgD -0.016 omg  +0.00 loop   4381
[0mBatt=23.5 [0mODOM [31mVisionX  +0.00 Y  +0.00 theta   +0.0 elt    0 [0mimu  -0.4 Dt   12 LtCy    6 integ.govd   -0.00   -0.00 integ.vbp -0.00 -0.00 omni.gos X     +0.0 ,Y     -0.2. omgD -0.012 omg  +0.00 loop   2165
[0mBatt=23.5 [0mODOM [31mVisionX  +0.00 Y  +0.00 theta   +0.0 elt    0 [0mimu  -0.4 Dt   28 LtCy   14 integ.govd   -0.00   -0.00 integ.vbp -0.00 -0.00 omni.gos X     +0.0 ,Y     -0.1. omgD -0.008 omg  +0.00 loop   4484
[0mBatt=23.5 [0mODOM [31mVisionX  +0.00 Y  +0.00 theta   +0.0 elt    0 [0mimu  -0.4 Dt   44 LtCy   22 integ.govd   -0.00   -0.01 integ.vbp -0.00 -0.00 omni.gos X     +0.0 ,Y     +0.0. omgD +0.001 omg  +0.00 loop   4476
[0mBatt=23.5 [0mODOM [31mVisionX  +0.00 Y  +0.00 theta   +0.0 elt    0 [0mimu  -0.4 Dt   60 LtCy   30 integ.govd   -0.00   -0.01 integ.vbp -0.00 -0.00 omni.gos X     +0.0 ,Y     -0.1. omgD -0.008 omg  +0.00 loop   4456
[0mBatt=23.5 [0mODOM [31mVisionX  +0.00 Y  +0.00 theta   +0.0 elt    0 [0mimu  -0.4 Dt   76 LtCy   38 integ.govd   -0.00   -0.01 integ.vbp -0.00 -0.00 omni.gos X     +0.0 ,Y     -0.2. omgD -0.012 omg  +0.00 loop   4478
[0mBatt=23.5 [0mODOM [31mVisionX  +0.00 Y  +0.00 theta   +0.0 elt    0 [0mimu  -0.4 Dt   92 LtCy   46 integ.govd   -0.00   -0.01 integ.vbp -0.00 -0.00 omni.gos X     +0.0 ,Y     -0.0. omgD -0.004 omg  +0.00 loop   4468
[0mBatt=23.5 [0mODOM [31mVisionX  +0.00 Y  +0.00 theta   +0.0 elt    0 [0mimu  -0.4 Dt    0 LtCy    0 integ.govd   +0.00   +0.00 integ.vbp +0.00 +0.00 omni.gos X     +0.0 ,Y     -0.0. omgD -0.004 omg  +0.00 loop   3899
[0mBatt=23.5 [0mODOM [31mVisionX  +0.00 Y  +0.00 theta   +0.0 elt    0 [0mimu  -0.4 Dt   12 LtCy    6 integ.govd   -0.00   -0.00 integ.vbp -0.00 -0.00 omni.gos X     +0.0 ,Y     -0.1. omgD -0.008 omg  +0.00 loop   4312
[0mBatt=23.5 [0mODOM [31mVisionX  +0.00 Y  +0.00 theta   +0.0 elt    0 [0mimu  -0.4 Dt   28 LtCy   14 integ.govd   -0.00   -0.00 integ.vbp -0.00 -0.00 omni.gos X     +0.0 ,Y     -0.1. omgD -0.008 omg  +0.00 loop   4487
[0mBatt=23.5 [0mODOM [31mVisionX  +0.00 Y  +0.00 theta   +0.0 elt    0 [0mimu  -0.4 Dt   44 LtCy   22 integ.govd   -0.00   -0.00 integ.vbp -0.00 -0.00 omni.gos X     -0.0 ,Y     -0.2. omgD -0.012 omg  +0.00 loop   4466
[0mBatt=23.5 [0mODOM [31mVisionX  +0.00 Y  +0.00 theta   +0.0 elt    0 [0mimu  -0.4 Dt   60 LtCy   30 integ.govd   -0.00   -0.01 integ.vbp -0.00 -0.00 omni.gos X     +0.0 ,Y     -0.2. omgD -0.016 omg  +0.00 loop   4444
[0mBatt=23.5 [0mODOM [31mVisionX  +0.00 Y  +0.00 theta   +0.0 elt    0 [0mimu  -0.4 Dt   76 LtCy   38 integ.govd   -0.00   -0.01 integ.vbp -0.00 -0.00 omni.gos X     +0.0 ,Y     -0.2. omgD -0.012 omg  +0.00 loop   4467
[0mBatt=23.5 [0mODOM [31mVisionX  +0.00 Y  +0.00 theta   +0.0 elt    0 [0mimu  -0.4 Dt    0 LtCy    0 integ.govd   +0.00   +0.00 integ.vbp +0.00 +0.00 omni.gos X     +0.0 ,Y     +0.0. omgD +0.001 omg  +0.00 loop   4262
[0mBatt=23.5 [0mODOM [31mVisionX  +0.00 Y  +0.00 theta   +0.0 elt    0 [0mimu  -0.4 Dt   10 LtCy    5 integ.govd   +0.00   -0.00 integ.vbp +0.00 -0.00 omni.gos X     +0.0 ,Y     +0.0. omgD +0.001 omg  +0.00 loop   4213
[0mBatt=23.5 [0mODOM [31mVisionX  +0.00 Y  +0.00 theta   +0.0 elt    0 [0mimu  -0.4 Dt   26 LtCy   13 integ.govd   -0.00   -0.00 integ.vbp -0.00 -0.00 omni.gos X     +0.0 ,Y     -0.2. omgD -0.016 omg  +0.00 loop   4496
[0mBatt=23.5 [0mODOM [31mVisionX  +0.00 Y  +0.00 theta   +0.0 elt    0 [0mimu  -0.4 Dt   42 LtCy   21 integ.govd   -0.00   -0.00 integ.vbp -0.00 -0.00 omni.gos X     -0.0 ,Y     -0.1. omgD -0.008 omg  +0.00 loop   4483
[0mBatt=23.5 [0mODOM [31mVisionX  +0.00 Y  +0.00 theta   +0.0 elt    0 [0mimu  -0.4 Dt   58 LtCy   29 integ.govd   -0.00   -0.01 integ.vbp -0.00 -0.00 omni.gos X     +0.0 ,Y     -0.2. omgD -0.012 omg  +0.00 loop   4448
[0mBatt=23.5 [0mODOM [31mVisionX  +0.00 Y  +0.00 theta   +0.0 elt    0 [0mimu  -0.4 Dt   74 LtCy   37 integ.govd   -0.00   -0.01 integ.vbp -0.00 -0.00 omni.gos X     +0.0 ,Y     -0.2. omgD -0.016 omg  +0.00 loop   4476
[0mBatt=23.5 [0mODOM [31mVisionX  +0.00 Y  +0.00 theta   +0.0 elt    0 [0mimu  -0.4 Dt   90 LtCy   45 integ.govd   -0.00   -0.01 integ.vbp -0.00 -0.00 omni.gos X     +0.0 ,Y     -0.2. omgD -0.012 omg  +0.00 loop   4462
[0mBatt=23.5 [0mODOM [31mVisionX  +0.00 Y  +0.00 theta   +0.0 elt    0 [0mimu  -0.4 Dt    4 LtCy    2 integ.govd   +0.00   -0.00 integ.vbp +0.00 -0.00 omni.gos X     +0.0 ,Y     -0.0. omgD -0.004 omg  +0.00 loop   4051
[0mBatt=23.5 [0mODOM [31mVisionX  +0.00 Y  +0.00 theta   +0.0 elt    0 [0mimu  -0.4 Dt   20 LtCy   10 integ.govd   -0.00   -0.00 integ.vbp -0.00 -0.00 omni.gos X     +0.0 ,Y     -0.2. omgD -0.012 omg  +0.00 loop   4501
[0mBatt=23.5 [0mODOM [31mVisionX  +0.00 Y  +0.00 theta   +0.0 elt    0 [0mimu  -0.4 Dt   36 LtCy   18 integ.govd   -0.00   -0.01 integ.vbp -0.00 -0.00 omni.gos X     +0.0 ,Y     -0.3. omgD -0.021 omg  +0.00 loop   4491
[0mBatt=23.5 [0mODOM [31mVisionX  +0.00 Y  +0.00 theta   +0.0 elt    0 [0mimu  -0.4 Dt   52 LtCy   26 integ.govd   -0.00   -0.01 integ.vbp -0.00 -0.00 omni.gos X     +0.0 ,Y     -0.3. omgD -0.021 omg  +0.00 loop   4460
[0mBatt=23.5 [0mODOM [31mVisionX  +0.00 Y  +0.00 theta   +0.0 elt    0 [0mimu  -0.4 Dt   68 LtCy   34 integ.govd   -0.00   -0.01 integ.vbp -0.00 -0.00 omni.gos X     +0.0 ,Y     -0.1. omgD -0.008 omg  +0.00 loop   4468
[0mBatt=23.5 [0mODOM [31mVisionX  +0.00 Y  +0.00 theta   +0.0 elt    0 [0mimu  -0.4 Dt   84 LtCy   42 integ.govd   -0.00   -0.01 integ.vbp -0.00 -0.00 omni.gos X     +0.0 ,Y     -0.2. omgD -0.012 omg  +0.00 loop   4477
[0mBatt=23.5 [0mODOM [31mVisionX  +0.00 Y  +0.00 theta   +0.0 elt    0 [0mimu  -0.4 Dt    0 LtCy    0 integ.govd   +0.00   +0.00 integ.vbp +0.00 +0.00 omni.gos X     +0.0 ,Y     -0.1. omgD -0.008 omg  +0.00 loop   4063
[0mBatt=23.5 [0mODOM [31mVisionX  +0.00 Y  +0.00 theta   +0.0 elt    0 [0mimu  -0.5 Dt   16 LtCy    8 integ.govd   -0.00   -0.00 integ.vbp -0.00 -0.00 omni.gos X     +0.0 ,Y     -0.2. omgD -0.016 omg  +0.00 loop   4502
[0mBatt=23.5 [0mODOM [31mVisionX  +0.00 Y  +0.00 theta   +0.0 elt    0 [0mimu  -0.5 Dt   32 LtCy   16 integ.govd   -0.00   -0.00 integ.vbp -0.00 -0.00 omni.gos X     +0.0 ,Y     -0.1. omgD -0.008 omg  +0.00 loop   4488
[0mBatt=23.5 [0mODOM [31mVisionX  +0.00 Y  +0.00 theta   +0.0 elt    0 [0mimu  -0.5 Dt   48 LtCy   24 integ.govd   -0.00   -0.01 integ.vbp -0.00 -0.00 omni.gos X     +0.0 ,Y     -0.2. omgD -0.016 omg  +0.00 loop   4481
[0mBatt=23.5 [0mODOM [31mVisionX  +0.00 Y  +0.00 theta   +0.0 elt    0 [0mimu  -0.5 Dt   64 LtCy   32 integ.govd   -0.00   -0.01 integ.vbp -0.00 -0.00 omni.gos X     -0.0 ,Y     -0.2. omgD -0.016 omg  +0.00 loop   4447
[0mBatt=23.5 [0mODOM [31mVisionX  +0.00 Y  +0.00 theta   +0.0 elt    0 [0mimu  -0.5 Dt   80 LtCy   40 integ.govd   -0.00   -0.01 integ.vbp -0.00 -0.00 omni.gos X     -0.0 ,Y     -0.2. omgD -0.016 omg  +0.00 loop   4468
[0mBatt=23.5 [0mODOM [31mVisionX  +0.00 Y  +0.00 theta   +0.0 elt    0 [0mimu  -0.5 Dt    0 LtCy    0 integ.govd   +0.00   +0.00 integ.vbp +0.00 +0.00 omni.gos X     +0.0 ,Y     -0.2. omgD -0.016 omg  +0.00 loop   4336
[0mBatt=23.5 [0mODOM [31mVisionX  +0.00 Y  +0.00 theta   +0.0 elt    0 [0mimu  -0.5 Dt   10 LtCy    5 integ.govd   -0.00   -0.00 integ.vbp -0.00 -0.00 omni.gos X     -0.0 ,Y     -0.2. omgD -0.012 omg  +0.00 loop   4137
[0mBatt=23.5 [0mODOM [31mVisionX  +0.00 Y  +0.00 theta   +0.0 elt    0 [0mimu  -0.5 Dt   26 LtCy   13 integ.govd   -0.00   -0.00 integ.vbp -0.00 -0.00 omni.gos X     +0.0 ,Y     -0.1. omgD -0.008 omg  +0.00 loop   4480
[0mBatt=23.5 [0mODOM [31mVisionX  +0.00 Y  +0.00 theta   +0.0 elt    0 [0mimu  -0.5 Dt   42 LtCy   21 integ.govd   -0.00   -0.01 integ.vbp -0.00 -0.00 omni.gos X     +0.0 ,Y     -0.2. omgD -0.012 omg  +0.00 loop   4486
[0mBatt=23.5 [0mODOM [31mVisionX  +0.00 Y  +0.00 theta   +0.0 elt    0 [0mimu  -0.5 Dt   58 LtCy   29 integ.govd   -0.00   -0.01 integ.vbp -0.00 -0.00 omni.gos X     +0.0 ,Y     -0.1. omgD -0.008 omg  +0.00 loop   4470
[0mBatt=23.5 [0mODOM [31mVisionX  +0.00 Y  +0.00 theta   +0.0 elt    0 [0mimu  -0.5 Dt   74 LtCy   37 integ.govd   -0.00   -0.01 integ.vbp -0.00 -0.00 omni.gos X     +0.0 ,Y     -0.2. omgD -0.016 omg  +0.00 loop   4460
[0mBatt=23.5 [0mODOM [31mVisionX  +0.00 Y  +0.00 theta   +0.0 elt    0 [0mimu  -0.5 Dt   90 LtCy   45 integ.govd   -0.00   -0.01 integ.vbp -0.00 -0.00 omni.gos X     +0.0 ,Y     -0.1. omgD -0.008 omg  +0.00 loop   4472
[0mBatt=23.5 [0mODOM [31mVisionX  +0.00 Y  +0.00 theta   +0.0 elt    0 [0mimu  -0.5 Dt    4 LtCy    2 integ.govd   +0.00   -0.00 integ.vbp +0.00 -0.00 omni.gos X     +0.0 ,Y     -0.0. omgD -0.004 omg  +0.00 loop   4073
[0mBatt=23.5 [0mODOM [31mVisionX  +0.00 Y  +0.00 theta   +0.0 elt    0 [0mimu  -0.5 Dt   20 LtCy   10 integ.govd   +0.00   -0.00 integ.vbp +0.00 -0.00 omni.gos X     +0.0 ,Y     -0.1. omgD -0.008 omg  +0.00 loop   4484
[0mBatt=23.5 [0mODOM [31mVisionX  +0.00 Y  +0.00 theta   +0.0 elt    0 [0mimu  -0.5 Dt   36 LtCy   18 integ.govd   -0.00   -0.00 integ.vbp -0.00 -0.00 omni.gos X     +0.0 ,Y     -0.0. omgD -0.004 omg  +0.00 loop   4506
[0mBatt=23.5 [0mODOM [31mVisionX  +0.00 Y  +0.00 theta   +0.0 elt    0 [0mimu  -0.5 Dt   52 LtCy   26 integ.govd   -0.00   -0.01 integ.vbp -0.00 -0.00 omni.gos X     +0.0 ,Y     -0.2. omgD -0.016 omg  +0.00 loop   4478
[0mBatt=23.5 [0mODOM [31mVisionX  +0.00 Y  +0.00 theta   +0.0 elt    0 [0mimu  -0.5 Dt   68 LtCy   34 integ.govd   -0.00   -0.01 integ.vbp -0.00 -0.00 omni.gos X     +0.0 ,Y     -0.1. omgD -0.008 omg  +0.00 loop   4452
[0mBatt=23.5 [0mODOM [31mVisionX  +0.00 Y  +0.00 theta   +0.0 elt    0 [0mimu  -0.5 Dt   84 LtCy   42 integ.govd   -0.00   -0.01 integ.vbp -0.00 -0.00 omni.gos X     +0.0 ,Y     -0.0. omgD -0.004 omg  +0.00 loop   4470
[0mBatt=23.5 [0mODOM [31mVisionX  +0.00 Y  +0.00 theta   +0.0 elt    0 [0mimu  -0.5 Dt    0 LtCy    0 integ.govd   +0.00   +0.00 integ.vbp +0.00 +0.00 omni.gos X     +0.0 ,Y     -0.1. omgD -0.008 omg  +0.00 loop   4094
[0mBatt=23.5 [0mODOM [31mVisionX  +0.00 Y  +0.00 theta   +0.0 elt    0 [0mimu  -0.5 Dt   14 LtCy    7 integ.govd   -0.00   -0.00 integ.vbp -0.00 -0.00 omni.gos X     +0.0 ,Y     -0.1. omgD -0.008 omg  +0.00 loop   4410
[0mBatt=23.5 [0mODOM [31mVisionX  +0.00 Y  +0.00 theta   +0.0 elt    0 [0mimu  -0.5 Dt   30 LtCy   15 integ.govd   -0.00   -0.00 integ.vbp -0.00 -0.00 omni.gos X     +0.0 ,Y     -0.2. omgD -0.016 omg  +0.00 loop   4472
[0mBatt=23.5 [0mODOM [31mVisionX  +0.00 Y  +0.00 theta   +0.0 elt    0 [0mimu  -0.5 Dt   46 LtCy   23 integ.govd   -0.00   -0.01 integ.vbp -0.00 -0.00 omni.gos X     +0.0 ,Y     -0.1. omgD -0.008 omg  +0.00 loop   4490
[0mBatt=23.5 [0mODOM [31mVisionX  +0.00 Y  +0.00 theta   +0.0 elt    0 [0mimu  -0.5 Dt   62 LtCy   31 integ.govd   -0.00   -0.01 integ.vbp -0.00 -0.00 omni.gos X     +0.0 ,Y     -0.0. omgD -0.004 omg  +0.00 loop   4462
[0mBatt=23.5 [0mODOM [31mVisionX  +0.00 Y  +0.00 theta   +0.0 elt    0 [0mimu  -0.5 Dt   78 LtCy   39 integ.govd   -0.00   -0.01 integ.vbp -0.00 -0.00 omni.gos X     -0.0 ,Y     -0.1. omgD -0.006 omg  +0.00 loop   4467
[0mBatt=23.5 [0mODOM [31mVisionX  +0.00 Y  +0.00 theta   +0.0 elt    0 [0mimu  -0.5 Dt    0 LtCy    0 integ.govd   +0.00   +0.00 integ.vbp +0.00 +0.00 omni.gos X     +0.0 ,Y     -0.1. omgD -0.006 omg  +0.00 loop   4402
[0mBatt=23.5 [0mODOM [31mVisionX  +0.00 Y  +0.00 theta   +0.0 elt    0 [0mimu  -0.5 Dt    8 LtCy    4 integ.govd   -0.00   -0.00 integ.vbp -0.00 -0.00 omni.gos X     +0.0 ,Y     -0.1. omgD -0.010 omg  +0.00 loop   4092
[0mBatt=23.5 [0mODOM [31mVisionX  +0.00 Y  +0.00 theta   +0.0 elt    0 [0mimu  -0.5 Dt   24 LtCy   12 integ.govd   -0.00   -0.00 integ.vbp -0.00 -0.00 omni.gos X     +0.0 ,Y     -0.2. omgD -0.012 omg  +0.00 loop   4462
[0mBatt=23.5 [0mODOM [31mVisionX  +0.00 Y  +0.00 theta   +0.0 elt    0 [0mimu  -0.5 Dt   40 LtCy   20 integ.govd   -0.00   -0.01 integ.vbp -0.00 -0.00 omni.gos X     +0.0 ,Y     -0.1. omgD -0.008 omg  +0.00 loop   4487
[0mBatt=23.5 [0mODOM [31mVisionX  +0.00 Y  +0.00 theta   +0.0 elt    0 [0mimu  -0.5 Dt   56 LtCy   28 integ.govd   -0.00   -0.01 integ.vbp -0.00 -0.00 omni.gos X     +0.0 ,Y     -0.1. omgD -0.010 omg  +0.00 loop   4484
[0mBatt=23.5 [0mODOM [31mVisionX  +0.00 Y  +0.00 theta   +0.0 elt    0 [0mimu  -0.5 Dt   72 LtCy   36 integ.govd   -0.00   -0.01 integ.vbp -0.00 -0.00 omni.gos X     +0.0 ,Y     -0.1. omgD -0.010 omg  +0.00 loop   4445
[0mBatt=23.5 [0mODOM [31mVisionX  +0.00 Y  +0.00 theta   +0.0 elt    0 [0mimu  -0.5 Dt   88 LtCy   44 integ.govd   -0.00   -0.01 integ.vbp -0.00 -0.00 omni.gos X     +0.0 ,Y     -0.1. omgD -0.010 omg  +0.00 loop   4472
[0mBatt=23.5 [0mODOM [31mVisionX  +0.00 Y  +0.00 theta   +0.0 elt    0 [0mimu  -0.5 Dt    2 LtCy    1 integ.govd   +0.00   -0.00 integ.vbp +0.00 -0.00 omni.gos X     +0.0 ,Y     -0.1. omgD -0.010 omg  +0.00 loop   4005
[0mBatt=23.5 [0mODOM [31mVisionX  +0.00 Y  +0.00 theta   +0.0 elt    0 [0mimu  -0.5 Dt   18 LtCy    9 integ.govd   -0.00   -0.00 integ.vbp -0.00 -0.00 omni.gos X     +0.0 ,Y     -0.2. omgD -0.012 omg  +0.00 loop   4488
[0mBatt=23.5 [0mODOM [31mVisionX  +0.00 Y  +0.00 theta   +0.0 elt    0 [0mimu  -0.5 Dt   34 LtCy   17 integ.govd   -0.00   -0.00 integ.vbp -0.00 -0.00 omni.gos X     +0.0 ,Y     -0.0. omgD -0.004 omg  +0.00 loop   4473
[0mBatt=23.5 [0mODOM [31mVisionX  +0.00 Y  +0.00 theta   +0.0 elt    0 [0mimu  -0.5 Dt   50 LtCy   25 integ.govd   -0.00   -0.01 integ.vbp -0.00 -0.00 omni.gos X     +0.0 ,Y     -0.1. omgD -0.006 omg  +0.00 loop   4479
[0mBatt=23.5 [0mODOM [31mVisionX  +0.00 Y  +0.00 theta   +0.0 elt    0 [0mimu  -0.5 Dt   66 LtCy   33 integ.govd   -0.00   -0.01 integ.vbp -0.00 -0.00 omni.gos X     +0.0 ,Y     -0.2. omgD -0.014 omg  +0.00 loop   4473
[0mBatt=23.5 [0mODOM [31mVisionX  +0.00 Y  +0.00 theta   +0.0 elt    0 [0mimu  -0.5 Dt   82 LtCy   41 integ.govd   -0.00   -0.01 integ.vbp -0.00 -0.00 omni.gos X     +0.0 ,Y     -0.0. omgD -0.002 omg  +0.00 loop   4446
[0mBatt=23.5 [0mODOM [31mVisionX  +0.00 Y  +0.00 theta   +0.0 elt    0 [0mimu  -0.5 Dt   90 LtCy   45 integ.govd   -0.00   -0.01 integ.vbp -0.00 -0.00 omni.gos X     +0.0 ,Y     -0.0. omgD -0.002 omg  +0.00 loop   2151
[0mBatt=23.5 [0mODOM [31mVisionX  +0.00 Y  +0.00 theta   +0.0 elt    0 [0mimu  -0.5 Dt    2 LtCy    1 integ.govd   +0.00   -0.00 integ.vbp +0.00 -0.00 omni.gos X     +0.0 ,Y     -0.1. omgD -0.008 omg  +0.00 loop   4014
[0mBatt=23.5 [0mODOM [31mVisionX  +0.00 Y  +0.00 theta   +0.0 elt    0 [0mimu  -0.5 Dt   18 LtCy    9 integ.govd   +0.00   -0.00 integ.vbp +0.00 -0.00 omni.gos X     +0.0 ,Y     +0.0. omgD +0.001 omg  +0.00 loop   4490
[0mBatt=23.5 [0mODOM [31mVisionX  +0.00 Y  +0.00 theta   +0.0 elt    0 [0mimu  -0.5 Dt   34 LtCy   17 integ.govd   -0.00   -0.00 integ.vbp -0.00 -0.00 omni.gos X     +0.0 ,Y     +0.0. omgD +0.001 omg  +0.00 loop   4494
[0mBatt=23.5 [0mODOM [31mVisionX  +0.00 Y  +0.00 theta   +0.0 elt    0 [0mimu  -0.5 Dt   50 LtCy   25 integ.govd   +0.00   -0.00 integ.vbp +0.00 -0.00 omni.gos X     +0.0 ,Y     -0.0. omgD -0.004 omg  +0.00 loop   4481
[0mBatt=23.5 [0mODOM [31mVisionX  +0.00 Y  +0.00 theta   +0.0 elt    0 [0mimu  -0.5 Dt   66 LtCy   33 integ.govd   -0.00   -0.00 integ.vbp -0.00 -0.00 omni.gos X     -0.0 ,Y     -0.2. omgD -0.012 omg  +0.00 loop   4482
[0mBatt=23.5 [0mODOM [31mVisionX  +0.00 Y  +0.00 theta   +0.0 elt    0 [0mimu  -0.5 Dt   82 LtCy   41 integ.govd   -0.00   -0.01 integ.vbp -0.00 -0.00 omni.gos X     +0.0 ,Y     -0.1. omgD -0.008 omg  +0.00 loop   4442
[0mBatt=23.5 [0mODOM [31mVisionX  +0.00 Y  +0.00 theta   +0.0 elt    0 [0mimu  -0.5 Dt    0 LtCy    0 integ.govd   +0.00   +0.00 integ.vbp +0.00 +0.00 omni.gos X     +0.0 ,Y     -0.1. omgD -0.008 omg  +0.00 loop   4152
[0mBatt=23.5 [0mODOM [31mVisionX  +0.00 Y  +0.00 theta   +0.0 elt    0 [0mimu  -0.5 Dt   14 LtCy    7 integ.govd   +0.00   -0.00 integ.vbp +0.00 -0.00 omni.gos X     +0.0 ,Y     -0.0. omgD -0.002 omg  +0.00 loop   4434
[0mBatt=23.5 [0mODOM [31mVisionX  +0.00 Y  +0.00 theta   +0.0 elt    0 [0mimu  -0.5 Dt   30 LtCy   15 integ.govd   -0.00   -0.00 integ.vbp -0.00 -0.00 omni.gos X     +0.0 ,Y     -0.0. omgD -0.004 omg  +0.00 loop   4474
[0mBatt=23.6 [0mODOM [31mVisionX  +0.00 Y  +0.00 theta   +0.0 elt    0 [0mimu  -0.5 Dt   46 LtCy   23 integ.govd   -0.00   -0.00 integ.vbp -0.00 -0.00 omni.gos X     +0.0 ,Y     -0.2. omgD -0.012 omg  +0.00 loop   4483
[0mBatt=23.6 [0mODOM [31mVisionX  +0.00 Y  +0.00 theta   +0.0 elt    0 [0mimu  -0.5 Dt   62 LtCy   31 integ.govd   -0.00   -0.00 integ.vbp -0.00 -0.00 omni.gos X     +0.0 ,Y     -0.1. omgD -0.004 omg  +0.00 loop   4476
[0mBatt=23.6 [0mODOM [31mVisionX  +0.00 Y  +0.00 theta   +0.0 elt    0 [0mimu  -0.5 Dt   78 LtCy   39 integ.govd   -0.00   -0.01 integ.vbp -0.00 -0.00 omni.gos X     +0.0 ,Y     -0.2. omgD -0.012 omg  +0.00 loop   4456
[0mBatt=23.6 [0mODOM [31mVisionX  +0.00 Y  +0.00 theta   +0.0 elt    0 [0mimu  -0.5 Dt    0 LtCy    0 integ.govd   +0.00   +0.00 integ.vbp +0.00 +0.00 omni.gos X     +0.0 ,Y     -0.0. omgD -0.004 omg  +0.00 loop   4364
[0mBatt=23.6 [0mODOM [31mVisionX  +0.00 Y  +0.00 theta   +0.0 elt    0 [0mimu  -0.5 Dt   10 LtCy    5 integ.govd   -0.00   -0.00 integ.vbp -0.00 -0.00 omni.gos X     +0.0 ,Y     +0.0. omgD +0.001 omg  +0.00 loop   4271
[0mBatt=23.5 [0mODOM [31mVisionX  +0.00 Y  +0.00 theta   +0.0 elt    0 [0mimu  -0.5 Dt   26 LtCy   13 integ.govd   -0.00   -0.00 integ.vbp -0.00 -0.00 omni.gos X     +0.0 ,Y     -0.2. omgD -0.012 omg  +0.00 loop   4477
[0mBatt=23.5 [0mODOM [31mVisionX  +0.00 Y  +0.00 theta   +0.0 elt    0 [0mimu  -0.5 Dt   42 LtCy   21 integ.govd   -0.00   -0.00 integ.vbp -0.00 -0.00 omni.gos X     +0.0 ,Y     -0.2. omgD -0.012 omg  +0.00 loop   4463
[0mBatt=23.5 [0mODOM [31mVisionX  +0.00 Y  +0.00 theta   +0.0 elt    0 [0mimu  -0.5 Dt   58 LtCy   29 integ.govd   -0.00   -0.00 integ.vbp -0.00 -0.00 omni.gos X     +0.0 ,Y     -0.0. omgD -0.004 omg  +0.00 loop   4485
[0mBatt=23.5 [0mODOM [31mVisionX  +0.00 Y  +0.00 theta   +0.0 elt    0 [0mimu  -0.5 Dt   74 LtCy   37 integ.govd   -0.00   -0.01 integ.vbp -0.00 -0.00 omni.gos X     +0.0 ,Y     -0.1. omgD -0.008 omg  +0.00 loop   4441
[0mBatt=23.5 [0mODOM [31mVisionX  +0.00 Y  +0.00 theta   +0.0 elt    0 [0mimu  -0.5 Dt   90 LtCy   45 integ.govd   -0.00   -0.01 integ.vbp -0.00 -0.00 omni.gos X     +0.0 ,Y     -0.0. omgD -0.004 omg  +0.00 loop   4448
[0mBatt=23.5 [0mODOM [31mVisionX  +0.00 Y  +0.00 theta   +0.0 elt    0 [0mimu  -0.5 Dt    2 LtCy    1 integ.govd   +0.00   -0.00 integ.vbp +0.00 -0.00 omni.gos X     +0.0 ,Y     -0.0. omgD -0.004 omg  +0.00 loop   4087
[0mBatt=23.5 [0mODOM [31mVisionX  +0.00 Y  +0.00 theta   +0.0 elt    0 [0mimu  -0.5 Dt   18 LtCy    9 integ.govd   +0.00   -0.00 integ.vbp +0.00 -0.00 omni.gos X     +0.0 ,Y     -0.0. omgD -0.004 omg  +0.00 loop   4500
[0mBatt=23.5 [0mODOM [31mVisionX  +0.00 Y  +0.00 theta   +0.0 elt    0 [0mimu  -0.5 Dt   34 LtCy   17 integ.govd   -0.00   -0.00 integ.vbp -0.00 -0.00 omni.gos X     -0.0 ,Y     -0.1. omgD -0.008 omg  +0.00 loop   4471
[0mBatt=23.5 [0mODOM [31mVisionX  +0.00 Y  +0.00 theta   +0.0 elt    0 [0mimu  -0.5 Dt   50 LtCy   25 integ.govd   -0.00   -0.00 integ.vbp -0.00 -0.00 omni.gos X     +0.0 ,Y     +0.0. omgD +0.001 omg  +0.00 loop   4473
[0mBatt=23.5 [0mODOM [31mVisionX  +0.00 Y  +0.00 theta   +0.0 elt    0 [0mimu  -0.5 Dt   66 LtCy   33 integ.govd   -0.00   -0.00 integ.vbp -0.00 -0.00 omni.gos X     -0.0 ,Y     -0.1. omgD -0.008 omg  +0.00 loop   4487
[0mBatt=23.5 [0mODOM [31mVisionX  +0.00 Y  +0.00 theta   +0.0 elt    0 [0mimu  -0.5 Dt   82 LtCy   41 integ.govd   -0.00   -0.00 integ.vbp -0.00 -0.00 omni.gos X     +0.0 ,Y     -0.1. omgD -0.008 omg  +0.00 loop   4446
[0mBatt=23.5 [0mODOM [31mVisionX  +0.00 Y  +0.00 theta   +0.0 elt    0 [0mimu  -0.5 Dt    0 LtCy    0 integ.govd   +0.00   +0.00 integ.vbp +0.00 +0.00 omni.gos X     +0.0 ,Y     -0.1. omgD -0.008 omg  +0.00 loop   4133
[0mBatt=23.6 [0mODOM [31mVisionX  +0.00 Y  +0.00 theta   +0.0 elt    0 [0mimu  -0.5 Dt   14 LtCy    7 integ.govd   -0.00   -0.00 integ.vbp -0.00 -0.00 omni.gos X     +0.0 ,Y     -0.0. omgD -0.004 omg  +0.00 loop   4439
[0mBatt=23.6 [0mODOM [31mVisionX  +0.00 Y  +0.00 theta   +0.0 elt    0 [0mimu  -0.5 Dt   30 LtCy   15 integ.govd   -0.00   -0.00 integ.vbp -0.00 -0.00 omni.gos X     +0.0 ,Y     -0.0. omgD -0.004 omg  +0.00 loop   4477
[0mBatt=23.5 [0mODOM [31mVisionX  +0.00 Y  +0.00 theta   +0.0 elt    0 [0mimu  -0.5 Dt   46 LtCy   23 integ.govd   -0.00   -0.00 integ.vbp -0.00 -0.00 omni.gos X     +0.0 ,Y     +0.0. omgD +0.001 omg  +0.00 loop   4459
[0mBatt=23.5 [0mODOM [31mVisionX  +0.00 Y  +0.00 theta   +0.0 elt    0 [0mimu  -0.5 Dt   62 LtCy   31 integ.govd   -0.00   -0.00 integ.vbp -0.00 -0.00 omni.gos X     +0.0 ,Y     -0.0. omgD -0.004 omg  +0.00 loop   4479
[0mBatt=23.5 [0mODOM [31mVisionX  +0.00 Y  +0.00 theta   +0.0 elt    0 [0mimu  -0.5 Dt   78 LtCy   39 integ.govd   -0.00   -0.00 integ.vbp -0.00 -0.00 omni.gos X     +0.0 ,Y     -0.0. omgD -0.004 omg  +0.00 loop   4477
[0mBatt=23.5 [0mODOM [31mVisionX  +0.00 Y  +0.00 theta   +0.0 elt    0 [0mimu  -0.5 Dt   94 LtCy   47 integ.govd   -0.00   -0.00 integ.vbp -0.00 -0.00 omni.gos X     +0.0 ,Y     -0.0. omgD -0.004 omg  +0.00 loop   4389
[0mBatt=23.5 [0mODOM [31mVisionX  +0.00 Y  +0.00 theta   +0.0 elt    0 [0mimu  -0.5 Dt    8 LtCy    4 integ.govd   -0.00   -0.00 integ.vbp -0.00 -0.00 omni.gos X     +0.0 ,Y     -0.2. omgD -0.012 omg  +0.00 loop   4067
[0mBatt=23.5 [0mODOM [31mVisionX  +0.00 Y  +0.00 theta   +0.0 elt    0 [0mimu  -0.5 Dt   24 LtCy   12 integ.govd   -0.00   -0.00 integ.vbp -0.00 -0.00 omni.gos X     +0.0 ,Y     +0.0. omgD +0.001 omg  +0.00 loop   4484
[0mBatt=23.5 [0mODOM [31mVisionX  +0.00 Y  +0.00 theta   +0.0 elt    0 [0mimu  -0.5 Dt   40 LtCy   20 integ.govd   -0.00   -0.00 integ.vbp -0.00 -0.00 omni.gos X     +0.0 ,Y     -0.1. omgD -0.008 omg  +0.00 loop   4464
[0mBatt=23.5 [0mODOM [31mVisionX  +0.00 Y  +0.00 theta   +0.0 elt    0 [0mimu  -0.5 Dt   56 LtCy   28 integ.govd   -0.00   -0.00 integ.vbp -0.00 -0.00 omni.gos X     +0.0 ,Y     +0.0. omgD +0.001 omg  +0.00 loop   4470
[0mBatt=23.5 [0mODOM [31mVisionX  +0.00 Y  +0.00 theta   +0.0 elt    0 [0mimu  -0.5 Dt   72 LtCy   36 integ.govd   -0.00   -0.00 integ.vbp -0.00 -0.00 omni.gos X     +0.0 ,Y     -0.1. omgD -0.008 omg  +0.00 loop   4476
[0mBatt=23.5 [0mODOM [31mVisionX  +0.00 Y  +0.00 theta   +0.0 elt    0 [0mimu  -0.5 Dt   88 LtCy   44 integ.govd   -0.00   -0.01 integ.vbp -0.00 -0.00 omni.gos X     +0.0 ,Y     -0.1. omgD -0.008 omg  +0.00 loop   4453
[0mBatt=23.5 [0mODOM [31mVisionX  +0.00 Y  +0.00 theta   +0.0 elt    0 [0mimu  -0.5 Dt    2 LtCy    1 integ.govd   +0.00   -0.00 integ.vbp +0.00 -0.00 omni.gos X     +0.0 ,Y     -0.0. omgD -0.004 omg  +0.00 loop   4046
[0mBatt=23.5 [0mODOM [31mVisionX  +0.00 Y  +0.00 theta   +0.0 elt    0 [0mimu  -0.5 Dt   18 LtCy    9 integ.govd   -0.00   -0.00 integ.vbp -0.00 -0.00 omni.gos X     +0.0 ,Y     -0.2. omgD -0.012 omg  +0.00 loop   4510
[0mBatt=23.5 [0mODOM [31mVisionX  +0.00 Y  +0.00 theta   +0.0 elt    0 [0mimu  -0.5 Dt   34 LtCy   17 integ.govd   -0.00   -0.00 integ.vbp -0.00 -0.00 omni.gos X     -0.0 ,Y     -0.2. omgD -0.016 omg  +0.00 loop   4468
[0mBatt=23.5 [0mODOM [31mVisionX  +0.00 Y  +0.00 theta   +0.0 elt    0 [0mimu  -0.5 Dt   50 LtCy   25 integ.govd   -0.00   -0.01 integ.vbp -0.00 -0.00 omni.gos X     +0.0 ,Y     +0.0. omgD +0.001 omg  +0.00 loop   4458
[0mBatt=23.5 [0mODOM [31mVisionX  +0.00 Y  +0.00 theta   +0.0 elt    0 [0mimu  -0.5 Dt   66 LtCy   33 integ.govd   -0.00   -0.01 integ.vbp -0.00 -0.00 omni.gos X     +0.0 ,Y     +0.0. omgD +0.001 omg  +0.00 loop   4478
[0mBatt=23.5 [0mODOM [31mVisionX  +0.00 Y  +0.00 theta   +0.0 elt    0 [0mimu  -0.5 Dt   82 LtCy   41 integ.govd   -0.00   -0.01 integ.vbp -0.00 -0.00 omni.gos X     +0.0 ,Y     -0.0. omgD -0.004 omg  +0.00 loop   4479
[0mBatt=23.5 [0mODOM [31mVisionX  +0.00 Y  +0.00 theta   +0.0 elt    0 [0mimu  -0.5 Dt    0 LtCy    0 integ.govd   +0.00   +0.00 integ.vbp +0.00 +0.00 omni.gos X     +0.0 ,Y     +0.1. omgD +0.005 omg  +0.00 loop   4188
[0mBatt=23.5 [0mODOM [31mVisionX  +0.00 Y  +0.00 theta   +0.0 elt    0 [0mimu  -0.5 Dt   12 LtCy    6 integ.govd   +0.00   -0.00 integ.vbp +0.00 -0.00 omni.gos X     +0.0 ,Y     -0.1. omgD -0.008 omg  +0.00 loop   4350
[0mBatt=23.5 [0mODOM [31mVisionX  +0.00 Y  +0.00 theta   +0.0 elt    0 [0mimu  -0.5 Dt   28 LtCy   14 integ.govd   +0.00   -0.00 integ.vbp +0.00 -0.00 omni.gos X     +0.0 ,Y     -0.2. omgD -0.012 omg  +0.00 loop   4510
[0mBatt=23.5 [0mODOM [31mVisionX  +0.00 Y  +0.00 theta   +0.0 elt    0 [0mimu  -0.5 Dt   44 LtCy   22 integ.govd   -0.00   -0.00 integ.vbp -0.00 -0.00 omni.gos X     +0.0 ,Y     -0.0. omgD -0.004 omg  +0.00 loop   4472
[0mBatt=23.5 [0mODOM [31mVisionX  +0.00 Y  +0.00 theta   +0.0 elt    0 [0mimu  -0.5 Dt   60 LtCy   30 integ.govd   -0.00   -0.00 integ.vbp -0.00 -0.00 omni.gos X     +0.0 ,Y     -0.1. omgD -0.004 omg  +0.00 loop   4475
[0mBatt=23.5 [0mODOM [31mVisionX  +0.00 Y  +0.00 theta   +0.0 elt    0 [0mimu  -0.5 Dt   76 LtCy   38 integ.govd   -0.00   -0.00 integ.vbp -0.00 -0.00 omni.gos X     +0.0 ,Y     +0.0. omgD +0.001 omg  +0.00 loop   4470
[0mBatt=23.5 [0mODOM [31mVisionX  +0.00 Y  +0.00 theta   +0.0 elt    0 [0mimu  -0.5 Dt   92 LtCy   46 integ.govd   -0.00   -0.00 integ.vbp -0.00 -0.00 omni.gos X     +0.0 ,Y     +0.1. omgD +0.005 omg  +0.00 loop   4461
[0mBatt=23.5 [0mODOM [31mVisionX  +0.00 Y  +0.00 theta   +0.0 elt    0 [0mimu  -0.5 Dt    8 LtCy    4 integ.govd   -0.00   -0.00 integ.vbp -0.00 -0.00 omni.gos X     +0.0 ,Y     +0.0. omgD +0.001 omg  +0.00 loop   4064
[0mBatt=23.5 [0mODOM [31mVisionX  +0.00 Y  +0.00 theta   +0.0 elt    0 [0mimu  -0.5 Dt   24 LtCy   12 integ.govd   -0.00   -0.00 integ.vbp -0.00 -0.00 omni.gos X     +0.0 ,Y     +0.0. omgD +0.001 omg  +0.00 loop   4488
[0mBatt=23.5 [0mODOM [31mVisionX  +0.00 Y  +0.00 theta   +0.0 elt    0 [0mimu  -0.5 Dt   40 LtCy   20 integ.govd   -0.00   -0.00 integ.vbp -0.00 -0.00 omni.gos X     +0.0 ,Y     +0.0. omgD +0.001 omg  +0.00 loop   4493
[0mBatt=23.5 [0mODOM [31mVisionX  +0.00 Y  +0.00 theta   +0.0 elt    0 [0mimu  -0.5 Dt   56 LtCy   28 integ.govd   -0.00   -0.00 integ.vbp -0.00 -0.00 omni.gos X     +0.0 ,Y     +0.1. omgD +0.005 omg  +0.00 loop   4450
[0mBatt=23.5 [0mODOM [31mVisionX  +0.00 Y  +0.00 theta   +0.0 elt    0 [0mimu  -0.5 Dt   72 LtCy   36 integ.govd   -0.00   -0.00 integ.vbp -0.00 -0.00 omni.gos X     +0.0 ,Y     +0.0. omgD +0.001 omg  +0.00 loop   4464
[0mBatt=23.5 [0mODOM [31mVisionX  +0.00 Y  +0.00 theta   +0.0 elt    0 [0mimu  -0.5 Dt   88 LtCy   44 integ.govd   -0.00   -0.00 integ.vbp -0.00 -0.00 omni.gos X     +0.0 ,Y     +0.1. omgD +0.005 omg  +0.00 loop   4471
[0mBatt=23.5 [0mODOM [31mVisionX  +0.00 Y  +0.00 theta   +0.0 elt    0 [0mimu  -0.5 Dt    2 LtCy    1 integ.govd   +0.00   +0.00 integ.vbp +0.00 +0.00 omni.gos X     +0.0 ,Y     +0.0. omgD +0.001 omg  +0.00 loop   4122
[0mBatt=23.5 [0mODOM [31mVisionX  +0.00 Y  +0.00 theta   +0.0 elt    0 [0mimu  -0.5 Dt   18 LtCy    9 integ.govd   +0.00   -0.00 integ.vbp +0.00 -0.00 omni.gos X     +0.0 ,Y     -0.0. omgD -0.004 omg  +0.00 loop   4500
[0mBatt=23.6 [0mODOM [31mVisionX  +0.00 Y  +0.00 theta   +0.0 elt    0 [0mimu  -0.5 Dt   34 LtCy   17 integ.govd   +0.00   -0.00 integ.vbp +0.00 -0.00 omni.gos X     +0.0 ,Y     +0.1. omgD +0.005 omg  +0.00 loop   4498
[0mBatt=23.6 [0mODOM [31mVisionX  +0.00 Y  +0.00 theta   +0.0 elt    0 [0mimu  -0.5 Dt   50 LtCy   25 integ.govd   +0.00   -0.00 integ.vbp +0.00 -0.00 omni.gos X     +0.0 ,Y     +0.0. omgD +0.001 omg  +0.00 loop   4483
[0mBatt=23.6 [0mODOM [31mVisionX  +0.00 Y  +0.00 theta   +0.0 elt    0 [0mimu  -0.5 Dt   66 LtCy   33 integ.govd   +0.00   -0.00 integ.vbp +0.00 -0.00 omni.gos X     +0.0 ,Y     -0.1. omgD -0.008 omg  +0.00 loop   4479
[0mBatt=23.5 [0mODOM [31mVisionX  +0.00 Y  +0.00 theta   +0.0 elt    0 [0mimu  -0.5 Dt   74 LtCy   37 integ.govd   +0.00   -0.00 integ.vbp +0.00 -0.00 omni.gos X     +0.0 ,Y     -0.1. omgD -0.008 omg  +0.00 loop   2157
[0mBatt=23.5 [0mODOM [31mVisionX  +0.00 Y  +0.00 theta   +0.0 elt    0 [0mimu  -0.5 Dt   90 LtCy   45 integ.govd   +0.00   -0.00 integ.vbp +0.00 -0.00 omni.gos X     +0.0 ,Y     -0.0. omgD -0.004 omg  +0.00 loop   4488
[0mBatt=23.5 [0mODOM [31mVisionX  +0.00 Y  +0.00 theta   +0.0 elt    0 [0mimu  -0.5 Dt    0 LtCy    0 integ.govd   +0.00   +0.00 integ.vbp +0.00 +0.00 omni.gos X     +0.0 ,Y     -0.1. omgD -0.008 omg  +0.00 loop   3857
[0mBatt=23.5 [0mODOM [31mVisionX  +0.00 Y  +0.00 theta   +0.0 elt    0 [0mimu  -0.5 Dt   16 LtCy    8 integ.govd   -0.00   -0.00 integ.vbp -0.00 -0.00 omni.gos X     +0.0 ,Y     +0.0. omgD +0.001 omg  +0.00 loop   4517
[0mBatt=23.5 [0mODOM [31mVisionX  +0.00 Y  +0.00 theta   +0.0 elt    0 [0mimu  -0.5 Dt   32 LtCy   16 integ.govd   -0.00   -0.00 integ.vbp -0.00 -0.00 omni.gos X     +0.0 ,Y     -0.0. omgD -0.004 omg  +0.00 loop   4492
[0mBatt=23.5 [0mODOM [31mVisionX  +0.00 Y  +0.00 theta   +0.0 elt    0 [0mimu  -0.5 Dt   48 LtCy   24 integ.govd   -0.00   -0.00 integ.vbp -0.00 -0.00 omni.gos X     +0.0 ,Y     -0.2. omgD -0.012 omg  +0.00 loop   4465
[0mBatt=23.5 [0mODOM [31mVisionX  +0.00 Y  +0.00 theta   +0.0 elt    0 [0mimu  -0.5 Dt   64 LtCy   32 integ.govd   -0.00   -0.00 integ.vbp -0.00 -0.00 omni.gos X     +0.0 ,Y     +0.0. omgD +0.001 omg  +0.00 loop   4460
[0mBatt=23.5 [0mODOM [31mVisionX  +0.00 Y  +0.00 theta   +0.0 elt    0 [0mimu  -0.5 Dt   80 LtCy   40 integ.govd   -0.00   -0.01 integ.vbp -0.00 -0.00 omni.gos X     -0.0 ,Y     -0.2. omgD -0.012 omg  +0.00 loop   4477
[0mBatt=23.5 [0mODOM [31mVisionX  +0.00 Y  +0.00 theta   +0.0 elt    0 [0mimu  -0.5 Dt    0 LtCy    0 integ.govd   +0.00   +0.00 integ.vbp +0.00 +0.00 omni.gos X     +0.0 ,Y     -0.0. omgD -0.004 omg  +0.00 loop   4167
[0mBatt=23.5 [0mODOM [31mVisionX  +0.00 Y  +0.00 theta   +0.0 elt    0 [0mimu  -0.5 Dt   14 LtCy    7 integ.govd   +0.00   -0.00 integ.vbp +0.00 -0.00 omni.gos X     +0.0 ,Y     -0.2. omgD -0.012 omg  +0.00 loop   4386
[0mBatt=23.5 [0mODOM [31mVisionX  +0.00 Y  +0.00 theta   +0.0 elt    0 [0mimu  -0.5 Dt   30 LtCy   15 integ.govd   -0.00   -0.00 integ.vbp -0.00 -0.00 omni.gos X     -0.0 ,Y     -0.1. omgD -0.008 omg  +0.00 loop   4510
[0mBatt=23.5 [0mODOM [31mVisionX  +0.00 Y  +0.00 theta   +0.0 elt    0 [0mimu  -0.5 Dt   46 LtCy   23 integ.govd   -0.00   -0.00 integ.vbp -0.00 -0.00 omni.gos X     +0.0 ,Y     -0.1. omgD -0.008 omg  +0.00 loop   4468
[0mBatt=23.5 [0mODOM [31mVisionX  +0.00 Y  +0.00 theta   +0.0 elt    0 [0mimu  -0.5 Dt   62 LtCy   31 integ.govd   -0.00   -0.01 integ.vbp -0.00 -0.00 omni.gos X     -0.0 ,Y     -0.1. omgD -0.008 omg  +0.00 loop   4460
[0mBatt=23.5 [0mODOM [31mVisionX  +0.00 Y  +0.00 theta   +0.0 elt    0 [0mimu  -0.5 Dt   78 LtCy   39 integ.govd   -0.00   -0.01 integ.vbp -0.00 -0.00 omni.gos X     +0.0 ,Y     -0.1. omgD -0.008 omg  +0.00 loop   4468
[0mBatt=23.5 [0mODOM [31mVisionX  +0.00 Y  +0.00 theta   +0.0 elt    0 [0mimu  -0.5 Dt   94 LtCy   47 integ.govd   -0.00   -0.01 integ.vbp -0.00 -0.00 omni.gos X     +0.0 ,Y     -0.0. omgD -0.004 omg  +0.00 loop   4451
[0mBatt=23.5 [0mODOM [31mVisionX  +0.00 Y  +0.00 theta   +0.0 elt    0 [0mimu  -0.5 Dt    8 LtCy    4 integ.govd   +0.00   +0.00 integ.vbp +0.00 +0.00 omni.gos X     +0.0 ,Y     +0.0. omgD +0.001 omg  +0.00 loop   4020
[0mBatt=23.5 [0mODOM [31mVisionX  +0.00 Y  +0.00 theta   +0.0 elt    0 [0mimu  -0.5 Dt   24 LtCy   12 integ.govd   +0.00   -0.00 integ.vbp +0.00 -0.00 omni.gos X     +0.0 ,Y     -0.1. omgD -0.006 omg  +0.00 loop   4487
[0mBatt=23.5 [0mODOM [31mVisionX  +0.00 Y  +0.00 theta   +0.0 elt    0 [0mimu  -0.5 Dt   40 LtCy   20 integ.govd   -0.00   -0.00 integ.vbp -0.00 -0.00 omni.gos X     +0.0 ,Y     -0.1. omgD -0.008 omg  +0.00 loop   4510
[0mBatt=23.5 [0mODOM [31mVisionX  +0.00 Y  +0.00 theta   +0.0 elt    0 [0mimu  -0.5 Dt   56 LtCy   28 integ.govd   -0.00   -0.00 integ.vbp -0.00 -0.00 omni.gos X     +0.0 ,Y     -0.1. omgD -0.006 omg  +0.00 loop   4462
[0mBatt=23.5 [0mODOM [31mVisionX  +0.00 Y  +0.00 theta   +0.0 elt    0 [0mimu  -0.5 Dt   72 LtCy   36 integ.govd   -0.00   -0.01 integ.vbp -0.00 -0.00 omni.gos X     +0.0 ,Y     -0.1. omgD -0.006 omg  +0.00 loop   4468
[0mBatt=23.5 [0mODOM [31mVisionX  +0.00 Y  +0.00 theta   +0.0 elt    0 [0mimu  -0.5 Dt   88 LtCy   44 integ.govd   -0.00   -0.01 integ.vbp -0.00 -0.00 omni.gos X     +0.0 ,Y     -0.1. omgD -0.010 omg  +0.00 loop   4472
[0mBatt=23.5 [0mODOM [31mVisionX  +0.00 Y  +0.00 theta   +0.0 elt    0 [0mimu  -0.5 Dt    0 LtCy    0 integ.govd   +0.00   +0.00 integ.vbp +0.00 +0.00 omni.gos X     -0.0 ,Y     -0.1. omgD -0.006 omg  +0.00 loop   4073
[0mBatt=23.5 [0mODOM [31mVisionX  +0.00 Y  +0.00 theta   +0.0 elt    0 [0mimu  -0.5 Dt   16 LtCy    8 integ.govd   +0.00   -0.00 integ.vbp +0.00 -0.00 omni.gos X     +0.0 ,Y     -0.2. omgD -0.014 omg  +0.00 loop   4483
[0mBatt=23.5 [0mODOM [31mVisionX  +0.00 Y  +0.00 theta   +0.0 elt    0 [0mimu  -0.5 Dt   32 LtCy   16 integ.govd   -0.00   -0.01 integ.vbp -0.00 -0.00 omni.gos X     +0.0 ,Y     -0.2. omgD -0.014 omg  +0.00 loop   4499
[0mBatt=23.5 [0mODOM [31mVisionX  +0.00 Y  +0.00 theta   +0.0 elt    0 [0mimu  -0.5 Dt   48 LtCy   24 integ.govd   -0.00   -0.01 integ.vbp -0.00 -0.00 omni.gos X     +0.0 ,Y     -0.0. omgD -0.004 omg  +0.00 loop   4493
[0mBatt=23.5 [0mODOM [31mVisionX  +0.00 Y  +0.00 theta   +0.0 elt    0 [0mimu  -0.5 Dt   64 LtCy   32 integ.govd   -0.00   -0.01 integ.vbp -0.00 -0.00 omni.gos X     +0.0 ,Y     -0.2. omgD -0.014 omg  +0.00 loop   4445
[0mBatt=23.5 [0mODOM [31mVisionX  +0.00 Y  +0.00 theta   +0.0 elt    0 [0mimu  -0.5 Dt   80 LtCy   40 integ.govd   -0.00   -0.01 integ.vbp -0.00 -0.00 omni.gos X     +0.0 ,Y     -0.1. omgD -0.008 omg  +0.00 loop   4482
[0mBatt=23.5 [0mODOM [31mVisionX  +0.00 Y  +0.00 theta   +0.0 elt    0 [0mimu  -0.5 Dt    0 LtCy    0 integ.govd   +0.00   +0.00 integ.vbp +0.00 +0.00 omni.gos X     +0.0 ,Y     -0.1. omgD -0.006 omg  +0.00 loop   4295
[0mBatt=23.5 [0mODOM [31mVisionX  +0.00 Y  +0.00 theta   +0.0 elt    0 [0mimu  -0.5 Dt   12 LtCy    6 integ.govd   +0.00   -0.00 integ.vbp +0.00 -0.00 omni.gos X     +0.0 ,Y     -0.1. omgD -0.006 omg  +0.00 loop   4331
[0mBatt=23.5 [0mODOM [31mVisionX  +0.00 Y  +0.00 theta   +0.0 elt    0 [0mimu  -0.5 Dt   28 LtCy   14 integ.govd   +0.00   -0.00 integ.vbp +0.00 -0.00 omni.gos X     +0.0 ,Y     -0.0. omgD -0.004 omg  +0.00 loop   4491
[0mBatt=23.5 [0mODOM [31mVisionX  +0.00 Y  +0.00 theta   +0.0 elt    0 [0mimu  -0.5 Dt   44 LtCy   22 integ.govd   -0.00   -0.00 integ.vbp -0.00 -0.00 omni.gos X     +0.0 ,Y     -0.1. omgD -0.010 omg  +0.00 loop   4500
[0mBatt=23.5 [0mODOM [31mVisionX  +0.00 Y  +0.00 theta   +0.0 elt    0 [0mimu  -0.5 Dt   60 LtCy   30 integ.govd   -0.00   -0.01 integ.vbp -0.00 -0.00 omni.gos X     +0.0 ,Y     -0.1. omgD -0.008 omg  +0.00 loop   4476
[0mBatt=23.5 [0mODOM [31mVisionX  +0.00 Y  +0.00 theta   +0.0 elt    0 [0mimu  -0.5 Dt   76 LtCy   38 integ.govd   -0.00   -0.01 integ.vbp -0.00 -0.00 omni.gos X     +0.0 ,Y     -0.2. omgD -0.012 omg  +0.00 loop   4449
[0mBatt=23.5 [0mODOM [31mVisionX  +0.00 Y  +0.00 theta   +0.0 elt    0 [0mimu  -0.5 Dt   92 LtCy   46 integ.govd   -0.00   -0.01 integ.vbp -0.00 -0.00 omni.gos X     -0.0 ,Y     -0.1. omgD -0.006 omg  +0.00 loop   4480
[0mBatt=23.5 [0mODOM [31mVisionX  +0.00 Y  +0.00 theta   +0.0 elt    0 [0mimu  -0.5 Dt    4 LtCy    2 integ.govd   +0.00   -0.00 integ.vbp +0.00 -0.00 omni.gos X     +0.0 ,Y     -0.1. omgD -0.008 omg  +0.00 loop   4013
[0mBatt=23.5 [0mODOM [31mVisionX  +0.00 Y  +0.00 theta   +0.0 elt    0 [0mimu  -0.5 Dt   20 LtCy   10 integ.govd   -0.00   -0.00 integ.vbp -0.00 -0.00 omni.gos X     +0.0 ,Y     -0.0. omgD -0.002 omg  +0.00 loop   4483
[0mBatt=23.5 [0mODOM [31mVisionX  +0.00 Y  +0.00 theta   +0.0 elt    0 [0mimu  -0.5 Dt   36 LtCy   18 integ.govd   -0.00   -0.00 integ.vbp -0.00 -0.00 omni.gos X     +0.0 ,Y     -0.1. omgD -0.006 omg  +0.00 loop   4488
[0mBatt=23.5 [0mODOM [31mVisionX  +0.00 Y  +0.00 theta   +0.0 elt    0 [0mimu  -0.5 Dt   52 LtCy   26 integ.govd   -0.00   -0.00 integ.vbp -0.00 -0.00 omni.gos X     -0.0 ,Y     -0.1. omgD -0.010 omg  +0.00 loop   4491
[0mBatt=23.5 [0mODOM [31mVisionX  +0.00 Y  +0.00 theta   +0.0 elt    0 [0mimu  -0.5 Dt   68 LtCy   34 integ.govd   -0.00   -0.01 integ.vbp -0.00 -0.00 omni.gos X     +0.0 ,Y     -0.2. omgD -0.016 omg  +0.00 loop   4448
[0mBatt=23.5 [0mODOM [31mVisionX  +0.00 Y  +0.00 theta   +0.0 elt    0 [0mimu  -0.5 Dt   84 LtCy   42 integ.govd   -0.00   -0.01 integ.vbp -0.00 -0.00 omni.gos X     +0.0 ,Y     -0.1. omgD -0.008 omg  +0.00 loop   4469
[0mBatt=23.5 [0mODOM [31mVisionX  +0.00 Y  +0.00 theta   +0.0 elt    0 [0mimu  -0.5 Dt    2 LtCy    1 integ.govd   +0.00   -0.00 integ.vbp +0.00 -0.00 omni.gos X     +0.0 ,Y     -0.1. omgD -0.008 omg  +0.00 loop   4173
[0mBatt=23.5 [0mODOM [31mVisionX  +0.00 Y  +0.00 theta   +0.0 elt    0 [0mimu  -0.5 Dt   14 LtCy    7 integ.govd   -0.00   -0.00 integ.vbp -0.00 -0.00 omni.gos X     +0.0 ,Y     -0.1. omgD -0.008 omg  +0.00 loop   4474
[0mBatt=23.5 [0mODOM [31mVisionX  +0.00 Y  +0.00 theta   +0.0 elt    0 [0mimu  -0.6 Dt   30 LtCy   15 integ.govd   -0.00   -0.00 integ.vbp -0.00 -0.00 omni.gos X     -0.0 ,Y     -0.2. omgD -0.016 omg  +0.00 loop   4490
[0mBatt=23.5 [0mODOM [31mVisionX  +0.00 Y  +0.00 theta   +0.0 elt    0 [0mimu  -0.6 Dt   46 LtCy   23 integ.govd   -0.00   -0.01 integ.vbp -0.00 -0.00 omni.gos X     +0.0 ,Y     -0.2. omgD -0.016 omg  +0.00 loop   4478
[0mBatt=23.5 [0mODOM [31mVisionX  +0.00 Y  +0.00 theta   +0.0 elt    0 [0mimu  -0.6 Dt   62 LtCy   31 integ.govd   -0.00   -0.01 integ.vbp -0.00 -0.00 omni.gos X     +0.0 ,Y     -0.1. omgD -0.008 omg  +0.00 loop   4493
[0mBatt=23.5 [0mODOM [31mVisionX  +0.00 Y  +0.00 theta   +0.0 elt    0 [0mimu  -0.6 Dt   78 LtCy   39 integ.govd   -0.00   -0.01 integ.vbp -0.00 -0.00 omni.gos X     +0.0 ,Y     -0.0. omgD -0.004 omg  +0.00 loop   4457
TPRB_BEGIN,version=1,clock_hz=170000000,duration_cycles=1700000000
TPRB_TYPE,event_sequence,cycle,marker_sequence,counter
TPRB_RX,0,47191957,1,1
TPRB_RX,1,47388610,2,2
TPRB_RX,2,47576755,3,3
TPRB_RX,3,47764021,4,4
TPRB_RX,4,47951510,5,5
TPRB_RX,5,48139689,6,6
TPRB_RX,6,48328771,7,7
TPRB_RX,7,64645357,8,8
TPRB_RX,8,64837354,9,9
TPRB_RX,9,65025309,10,10
TPRB_RX,10,65213148,11,11
TPRB_RX,11,65401231,12,12
TPRB_RX,12,65588815,13,13
TPRB_RX,13,65779650,14,14
TPRB_RX,14,82097173,15,15
TPRB_RX,15,82288659,16,16
TPRB_RX,16,82481473,17,17
TPRB_RX,17,82670098,18,18
TPRB_RX,18,82858033,19,19
TPRB_RX,19,83045597,20,20
TPRB_RX,20,83232937,21,21
TPRB_RX,21,99401104,22,22
TPRB_RX,22,99613223,23,23
TPRB_RX,23,99812422,24,24
TPRB_RX,24,100008654,25,25
TPRB_RX,25,100204632,26,26
TPRB_RX,26,100400939,27,27
TPRB_RX,27,100597181,28,28
TPRB_RX,28,116881866,29,29
TPRB_RX,29,117083231,30,30
TPRB_RX,30,117284023,31,31
TPRB_RX,31,117479970,32,32
TPRB_RX,32,117680093,33,33
TPRB_RX,33,117879217,34,34
TPRB_RX,34,118075706,35,35
TPRB_RX,35,134239699,36,36
TPRB_RX,36,134441711,37,37
TPRB_RX,37,151750581,38,38
TPRB_RX,38,151951732,39,39
TPRB_RX,39,152153214,40,40
TPRB_RX,40,152350466,41,41
TPRB_RX,41,152546329,42,42
TPRB_RX,42,152741766,43,43
TPRB_RX,43,152937077,44,44
TPRB_RX,44,153132001,45,45
TPRB_RX,45,153327650,46,46
TPRB_RX,46,153522952,47,47
TPRB_RX,47,153718876,48,48
TPRB_RX,48,169187100,50,50
TPRB_RX,49,169390187,51,51
TPRB_RX,50,169591212,52,52
TPRB_RX,51,169787148,53,53
TPRB_RX,52,169983297,54,54
TPRB_RX,53,170179765,55,55
TPRB_RX,54,186456778,56,56
TPRB_RX,55,186659269,57,57
TPRB_RX,56,186855046,58,58
TPRB_RX,57,187049877,59,59
TPRB_RX,58,187244974,60,60
TPRB_RX,59,187623828,61,61
TPRB_RX,60,203883936,63,63
TPRB_RX,61,204087928,64,64
TPRB_RX,62,204287719,65,65
TPRB_RX,63,204491934,66,66
TPRB_RX,64,204690016,67,67
TPRB_RX,65,204887131,68,68
TPRB_RX,66,205084553,69,69
TPRB_RX,67,221333622,70,70
TPRB_RX,68,221540734,71,71
TPRB_RX,69,221739294,72,72
TPRB_RX,70,221936930,73,73
TPRB_RX,71,222136277,74,74
TPRB_RX,72,222332520,75,75
TPRB_RX,73,222533929,76,76
TPRB_RX,74,238777151,77,77
TPRB_RX,75,239168789,79,79
TPRB_RX,76,239367988,80,80
TPRB_RX,77,239565602,81,81
TPRB_RX,78,239764258,82,82
TPRB_RX,79,256189053,83,83
TPRB_RX,80,256395039,84,84
TPRB_RX,81,256596915,85,85
TPRB_RX,82,256797248,86,86
TPRB_RX,83,256996562,87,87
TPRB_RX,84,257195399,88,88
TPRB_RX,85,257399771,89,89
TPRB_RX,86,273511385,90,90
TPRB_RX,87,273714176,91,91
TPRB_RX,88,273912171,92,92
TPRB_RX,89,274111007,93,93
TPRB_RX,90,274309852,94,94
TPRB_RX,91,274508700,95,95
TPRB_RX,92,274706263,96,96
TPRB_RX,93,290944951,97,97
TPRB_RX,94,291147529,98,98
TPRB_RX,95,291349125,99,99
TPRB_RX,96,291546144,100,100
TPRB_RX,97,291744693,101,101
TPRB_RX,98,291943548,102,102
TPRB_RX,99,292140824,103,103
TPRB_RX,100,308377762,104,104
TPRB_RX,101,308581153,105,105
TPRB_RX,102,308783092,106,106
TPRB_RX,103,308981568,107,107
TPRB_RX,104,309179034,108,108
TPRB_RX,105,309377280,109,109
TPRB_RX,106,309577003,110,110
TPRB_RX,107,325824923,111,111
TPRB_RX,108,326027625,112,112
TPRB_RX,109,326227683,113,113
TPRB_RX,110,326447556,114,114
TPRB_RX,111,326697148,116,116
TPRB_RX,112,326895782,117,117
TPRB_RX,113,343182092,118,118
TPRB_RX,114,343385114,119,119
TPRB_RX,115,343598867,120,120
TPRB_RX,116,343805226,121,121
TPRB_RX,117,344007889,122,122
TPRB_RX,118,344206428,123,123
TPRB_RX,119,360662510,124,124
TPRB_RX,120,360868159,125,125
TPRB_RX,121,361067547,126,126
TPRB_RX,122,361265098,127,127
TPRB_RX,123,361462490,128,128
TPRB_RX,124,361705028,129,129
TPRB_RX,125,361904130,130,130
TPRB_RX,126,378002801,131,131
TPRB_RX,127,378212071,132,132
TPRB_RX,128,378411025,133,133
TPRB_RX,129,378812480,134,134
TPRB_RX,130,379023886,135,135
TPRB_RX,131,379267285,137,137
TPRB_RX,132,395530803,138,138
TPRB_RX,133,395755298,139,139
TPRB_RX,134,395956173,140,140
TPRB_RX,135,396154944,141,141
TPRB_RX,136,396372545,142,142
TPRB_RX,137,396571187,143,143
TPRB_RX,138,396768624,144,144
TPRB_RX,139,412842357,145,145
TPRB_RX,140,413046250,146,146
TPRB_RX,141,413243982,147,147
TPRB_RX,142,413640232,148,148
TPRB_RX,143,413850043,149,149
TPRB_RX,144,414089795,151,151
TPRB_RX,145,430171191,152,152
TPRB_RX,146,430374509,153,153
TPRB_RX,147,430758456,154,154
TPRB_RX,148,430956747,155,155
TPRB_RX,149,431155088,156,156
TPRB_RX,150,431352531,157,157
TPRB_RX,151,431550581,158,158
TPRB_RX,152,447630840,159,159
TPRB_RX,153,447834531,160,160
TPRB_RX,154,448038863,161,161
TPRB_RX,155,448244955,162,162
TPRB_RX,156,448635720,163,163
TPRB_RX,157,448847648,164,164
TPRB_RX,158,465104164,165,165
TPRB_RX,159,465306899,166,166
TPRB_RX,160,465505705,167,167
TPRB_RX,161,465718723,168,168
TPRB_RX,162,465917126,169,169
TPRB_RX,163,482550598,170,170
TPRB_RX,164,482782318,171,171
TPRB_RX,165,482992596,172,172
TPRB_RX,166,483189988,173,173
TPRB_RX,167,483387687,174,174
TPRB_RX,168,483586820,175,175
TPRB_RX,169,483785453,176,176
TPRB_RX,170,483982920,177,177
TPRB_RX,171,484195389,178,178
TPRB_RX,172,499884920,179,179
TPRB_RX,173,500088372,180,180
TPRB_RX,174,500286825,181,181
TPRB_RX,175,500484439,182,182
TPRB_RX,176,500860108,183,183
TPRB_RX,177,501094414,184,184
TPRB_RX,178,501300973,185,185
TPRB_RX,179,534711539,186,186
TPRB_RX,180,534915304,187,187
TPRB_RX,181,535113097,188,188
TPRB_RX,182,535310768,189,189
TPRB_RX,183,535526199,190,190
TPRB_RX,184,535730494,191,191
TPRB_RX,185,535932636,192,192
TPRB_RX,186,536315272,193,193
TPRB_RX,187,536511798,194,194
TPRB_RX,188,536712383,195,195
TPRB_RX,189,536908778,196,196
TPRB_RX,190,537108643,197,197
TPRB_RX,191,552201659,199,199
TPRB_RX,192,552403110,200,200
TPRB_RX,193,552599003,201,0
TPRB_RX,194,552794501,202,1
TPRB_RX,195,552989682,203,2
TPRB_RX,196,553189678,204,3
TPRB_RX,197,553386888,205,4
TPRB_RX,198,569577405,206,5
TPRB_RX,199,569779084,207,6
TPRB_RX,200,569974831,208,7
TPRB_RX,201,570170023,209,8
TPRB_RX,202,570364999,210,9
TPRB_RX,203,570560502,211,10
TPRB_RX,204,570755492,212,11
TPRB_RX,205,586960583,213,12
TPRB_RX,206,587161542,214,13
TPRB_RX,207,587360275,215,14
TPRB_RX,208,587561340,216,15
TPRB_RX,209,587758917,217,16
TPRB_RX,210,587954448,218,17
TPRB_RX,211,588332719,219,18
TPRB_RX,212,604442163,220,19
TPRB_RX,213,604643336,221,20
TPRB_RX,214,604838666,222,21
TPRB_RX,215,605033669,223,22
TPRB_RX,216,605418494,225,24
TPRB_RX,217,605615674,226,25
TPRB_RX,218,621855829,227,26
TPRB_RX,219,622061823,228,27
TPRB_RX,220,622257359,229,28
TPRB_RX,221,622451902,230,29
TPRB_RX,222,622655147,231,30
TPRB_RX,223,622850275,232,31
TPRB_RX,224,623047390,233,32
TPRB_RX,225,639113324,234,33
TPRB_RX,226,639318313,235,34
TPRB_RX,227,639516345,236,35
TPRB_RX,228,639715315,237,36
TPRB_RX,229,639912984,238,37
TPRB_RX,230,640109271,239,38
TPRB_RX,231,656623686,240,39
TPRB_RX,232,656826435,241,40
TPRB_RX,233,657027555,242,41
TPRB_RX,234,657227594,244,43
TPRB_RX,235,657431073,245,44
TPRB_RX,236,657627488,246,45
TPRB_RX,237,673994843,247,46
TPRB_RX,238,674195200,248,47
TPRB_RX,239,674390500,249,48
TPRB_RX,240,674591312,250,49
TPRB_RX,241,674786568,251,50
TPRB_RX,242,674982016,252,51
TPRB_RX,243,675178623,253,52
TPRB_RX,244,691378134,254,53
TPRB_RX,245,691579319,255,54
TPRB_RX,246,691775073,256,55
TPRB_RX,247,691970372,257,56
TPRB_RX,248,692165996,258,57
TPRB_RX,249,692360723,259,58
TPRB_RX,250,692555542,260,59
TPRB_RX,251,708747407,261,60
TPRB_RX,252,708947546,262,61
TPRB_RX,253,709147758,263,62
TPRB_RX,254,709344595,264,63
TPRB_RX,255,709540447,265,64
TPRB_RX,256,709735468,266,65
TPRB_RX,257,710118690,267,66
TPRB_RX,258,726258522,268,67
TPRB_RX,259,726460833,269,68
TPRB_RX,260,726656938,270,69
TPRB_RX,261,726852483,271,70
TPRB_RX,262,727047792,272,71
TPRB_RX,263,727428879,273,72
TPRB_RX,264,743627414,275,74
TPRB_RX,265,743828320,276,75
TPRB_RX,266,744023726,277,76
TPRB_RX,267,744219142,278,77
TPRB_RX,268,744598836,279,78
TPRB_RX,269,744794621,280,79
TPRB_RX,270,761003516,281,80
TPRB_RX,271,761206537,282,81
TPRB_RX,272,761405294,283,82
TPRB_RX,273,761785963,284,83
TPRB_RX,274,761986073,285,84
TPRB_RX,275,762181076,286,85
TPRB_RX,276,762375578,287,86
TPRB_RX,277,778404048,288,87
TPRB_RX,278,778604745,289,88
TPRB_RX,279,778799503,290,89
TPRB_RX,280,778996086,291,90
TPRB_RX,281,779194073,292,91
TPRB_RX,282,779390763,293,92
TPRB_RX,283,779585549,294,93
TPRB_RX,284,795794489,295,94
TPRB_RX,285,795999698,296,95
TPRB_RX,286,796195488,297,96
TPRB_RX,287,796390233,298,97
TPRB_RX,288,796771458,299,98
TPRB_RX,289,796971273,300,99
TPRB_RX,290,797354666,301,100
TPRB_RX,291,813229987,302,101
TPRB_RX,292,813435380,303,102
TPRB_RX,293,813820273,305,104
TPRB_RX,294,814017292,306,105
TPRB_RX,295,814211791,307,106
TPRB_RX,296,814591113,308,107
TPRB_RX,297,830769993,309,108
TPRB_RX,298,830971781,310,109
TPRB_RX,299,831169137,311,110
TPRB_RX,300,831366380,312,111
TPRB_RX,301,831565589,313,112
TPRB_RX,302,831761888,314,113
TPRB_RX,303,848136702,315,114
TPRB_RX,304,848338736,316,115
TPRB_RX,305,848535497,317,116
TPRB_RX,306,865446402,318,117
TPRB_RX,307,865649973,319,118
TPRB_RX,308,865847694,320,119
TPRB_RX,309,866048900,321,120
TPRB_RX,310,866244847,322,121
TPRB_RX,311,866439995,323,122
TPRB_RX,312,866820234,324,123
TPRB_RX,313,867020347,325,124
TPRB_RX,314,867215114,326,125
TPRB_RX,315,867409955,327,126
TPRB_RX,316,867605423,328,127
TPRB_RX,317,882859586,329,128
TPRB_RX,318,883060962,330,129
TPRB_RX,319,883258055,331,130
TPRB_RX,320,883453513,332,131
TPRB_RX,321,883832729,333,132
TPRB_RX,322,884028091,334,133
TPRB_RX,323,884222877,335,134
TPRB_RX,324,900222900,336,135
TPRB_RX,325,900424699,337,136
TPRB_RX,326,900809195,338,137
TPRB_RX,327,901006257,339,138
TPRB_RX,328,901201875,340,139
TPRB_RX,329,901397386,341,140
TPRB_RX,330,901592292,342,141
TPRB_RX,331,917616554,343,142
TPRB_RX,332,918001062,344,143
TPRB_RX,333,918200959,345,144
TPRB_RX,334,918396056,346,145
TPRB_RX,335,918591588,347,146
TPRB_RX,336,918787397,348,147
TPRB_RX,337,918982523,349,148
TPRB_RX,338,935157058,350,149
TPRB_RX,339,935357520,351,150
TPRB_RX,340,935553082,352,151
TPRB_RX,341,935931174,354,153
TPRB_RX,342,936126178,355,154
TPRB_RX,343,952497844,356,155
TPRB_RX,344,952699260,357,156
TPRB_RX,345,952894802,358,157
TPRB_RX,346,953091207,359,158
TPRB_RX,347,953286892,360,159
TPRB_RX,348,953481335,361,160
TPRB_RX,349,953681127,362,161
TPRB_RX,350,969886665,363,162
TPRB_RX,351,970087574,364,163
TPRB_RX,352,970283338,365,164
TPRB_RX,353,970478414,366,165
TPRB_RX,354,970673276,367,166
TPRB_RX,355,970869190,368,167
TPRB_RX,356,971247579,369,168
TPRB_RX,357,987247172,370,169
TPRB_RX,358,987448196,371,170
TPRB_RX,359,987643654,372,171
TPRB_RX,360,987844318,373,172
TPRB_RX,361,988040062,374,173
TPRB_RX,362,988235211,375,174
TPRB_RX,363,988614418,376,175
TPRB_RX,364,1004778497,377,176
TPRB_RX,365,1004979607,378,177
TPRB_RX,366,1005175395,379,178
TPRB_RX,367,1005370470,380,179
TPRB_RX,368,1005565662,381,180
TPRB_RX,369,1005943768,382,181
TPRB_RX,370,1006138871,383,182
TPRB_RX,371,1022137103,384,183
TPRB_RX,372,1022337471,385,184
TPRB_RX,373,1022532639,386,185
TPRB_RX,374,1022727688,387,186
TPRB_RX,375,1023105775,388,187
TPRB_RX,376,1023301477,389,188
TPRB_RX,377,1023500856,390,189
TPRB_RX,378,1039669324,391,190
TPRB_RX,379,1039868829,392,191
TPRB_RX,380,1040063330,393,192
TPRB_RX,381,1040261158,394,193
TPRB_RX,382,1040456721,395,194
TPRB_RX,383,1040652710,396,195
TPRB_RX,384,1057018791,397,196
TPRB_RX,385,1057218718,398,197
TPRB_RX,386,1057413555,399,198
TPRB_RX,387,1057608211,400,199
TPRB_RX,388,1057986938,401,200
TPRB_RX,389,1058182568,402,0
TPRB_RX,390,1058378822,403,1
TPRB_RX,391,1074384518,404,2
TPRB_RX,392,1074585696,405,3
TPRB_RX,393,1074786116,406,4
TPRB_RX,394,1074982168,407,5
TPRB_RX,395,1075181010,408,6
TPRB_RX,396,1075559543,409,7
TPRB_RX,397,1075754588,410,8
TPRB_RX,398,1091791664,411,9
TPRB_RX,399,1091993073,412,10
TPRB_RX,400,1092188926,413,11
TPRB_RX,401,1092600726,414,12
TPRB_RX,402,1092801373,415,13
TPRB_RX,403,1092998477,416,14
TPRB_RX,404,1093194802,417,15
TPRB_RX,405,1109238119,418,16
TPRB_RX,406,1109622505,420,18
TPRB_RX,407,1109818066,421,19
TPRB_RX,408,1110199207,422,20
TPRB_RX,409,1110398425,423,21
TPRB_RX,410,1110782299,424,22
TPRB_RX,411,1126658203,425,23
TPRB_RX,412,1126869312,426,24
TPRB_RX,413,1127256700,427,25
TPRB_RX,414,1127454548,429,27
TPRB_RX,415,1127649760,430,28
TPRB_RX,416,1127844813,431,29
TPRB_RX,417,1144264975,433,31
TPRB_RX,418,1144466393,434,32
TPRB_RX,419,1144665506,435,33
TPRB_RX,420,1144862154,436,34
TPRB_RX,421,1145241085,437,35
TPRB_RX,422,1161454503,438,36
TPRB_RX,423,1161655137,439,37
TPRB_RX,424,1161850072,440,38
TPRB_RX,425,1162045571,441,39
TPRB_RX,426,1162243695,442,40
TPRB_RX,427,1162820357,444,42
TPRB_RX,428,1178848320,445,43
TPRB_RX,429,1179053872,446,44
TPRB_RX,430,1179249607,447,45
TPRB_RX,431,1179811700,449,47
TPRB_RX,432,1180009451,450,48
TPRB_RX,433,1196274712,451,49
TPRB_RX,434,1196479795,452,50
TPRB_RX,435,1196681436,453,51
TPRB_RX,436,1196896022,454,52
TPRB_RX,437,1197134147,456,54
TPRB_RX,438,1197331559,457,55
TPRB_RX,439,1197530268,458,56
TPRB_RX,440,1213634220,459,57
TPRB_RX,441,1213838357,460,58
TPRB_RX,442,1214037236,461,59
TPRB_RX,443,1214235595,462,60
TPRB_RX,444,1214437119,463,61
TPRB_RX,445,1214635383,464,62
TPRB_RX,446,1214837353,465,63
TPRB_RX,447,1231077517,466,64
TPRB_RX,448,1248475105,467,65
TPRB_RX,449,1248680845,468,66
TPRB_RX,450,1248881297,469,67
TPRB_RX,451,1249079097,470,68
TPRB_RX,452,1249276294,471,69
TPRB_RX,453,1249474161,472,70
TPRB_RX,454,1249672010,473,71
TPRB_RX,455,1249895778,474,72
TPRB_RX,456,1250095162,475,73
TPRB_RX,457,1250299405,477,75
TPRB_RX,458,1250512002,478,76
TPRB_RX,459,1265860581,479,77
TPRB_RX,460,1266068916,480,78
TPRB_RX,461,1266266945,481,79
TPRB_RX,462,1266465178,482,80
TPRB_RX,463,1266669005,483,81
TPRB_RX,464,1266868004,484,82
TPRB_RX,465,1267065662,485,83
TPRB_RX,466,1283327585,486,84
TPRB_RX,467,1283531034,487,85
TPRB_RX,468,1283728936,488,86
TPRB_RX,469,1284129268,490,88
TPRB_RX,470,1284334520,491,89
TPRB_RX,471,1284534377,492,90
TPRB_RX,472,1300790999,493,91
TPRB_RX,473,1301038338,495,93
TPRB_RX,474,1301242882,496,94
TPRB_RX,475,1301444342,497,95
TPRB_RX,476,1301642232,498,96
TPRB_RX,477,1301839613,499,97
TPRB_RX,478,1318089341,500,98
TPRB_RX,479,1318291397,501,99
TPRB_RX,480,1318489107,502,100
TPRB_RX,481,1318693822,503,101
TPRB_RX,482,1318890328,504,102
TPRB_RX,483,1319086084,505,103
TPRB_RX,484,1319282298,506,104
TPRB_RX,485,1335539940,507,105
TPRB_RX,486,1335741084,508,106
TPRB_RX,487,1335938219,509,107
TPRB_RX,488,1336135506,510,108
TPRB_RX,489,1336332567,511,109
TPRB_RX,490,1336528366,512,110
TPRB_RX,491,1352950738,513,111
TPRB_RX,492,1353153294,514,112
TPRB_RX,493,1353349633,515,113
TPRB_RX,494,1353545292,516,114
TPRB_RX,495,1353740719,517,115
TPRB_RX,496,1353938909,518,116
TPRB_RX,497,1354157124,519,117
TPRB_RX,498,1370268949,520,118
TPRB_RX,499,1370492000,521,119
TPRB_RX,500,1370691739,522,120
TPRB_RX,501,1370889108,523,121
TPRB_RX,502,1371086127,524,122
TPRB_RX,503,1371288289,525,123
TPRB_RX,504,1371486041,526,124
TPRB_RX,505,1387737203,527,125
TPRB_RX,506,1387940421,528,126
TPRB_RX,507,1388141344,529,127
TPRB_RX,508,1388340193,530,128
TPRB_RX,509,1388539507,531,129
TPRB_RX,510,1388737439,532,130
TPRB_RX,511,1388935404,533,131
TPRB_RX,512,1405193768,534,132
TPRB_RX,513,1405397440,535,133
TPRB_RX,514,1405595744,536,134
TPRB_RX,515,1405822025,537,135
TPRB_RX,516,1406067612,538,136
TPRB_RX,517,1406457082,539,137
TPRB_RX,518,1406697972,540,138
TPRB_RX,519,1422752400,541,139
TPRB_RX,520,1423141784,543,141
TPRB_RX,521,1423341853,544,142
TPRB_RX,522,1423539648,545,143
TPRB_RX,523,1423737040,546,144
TPRB_RX,524,1423935683,547,145
TPRB_RX,525,1439993754,548,146
TPRB_RX,526,1440206544,549,147
TPRB_RX,527,1440620195,550,148
TPRB_RX,528,1440856377,552,150
TPRB_RX,529,1441054184,553,151
TPRB_RX,530,1457493715,554,152
TPRB_RX,531,1457720433,555,153
TPRB_RX,532,1457944376,556,154
TPRB_RX,533,1458187668,558,156
TPRB_RX,534,1458571750,559,157
TPRB_RX,535,1458770438,560,158
TPRB_RX,536,1474835960,561,159
TPRB_RX,537,1475039142,562,160
TPRB_RX,538,1475242355,563,161
TPRB_RX,539,1475441372,564,162
TPRB_RX,540,1475660076,565,163
TPRB_RX,541,1475906321,567,165
TPRB_RX,542,1492190854,568,166
TPRB_RX,543,1492395172,569,167
TPRB_RX,544,1492594190,570,168
TPRB_RX,545,1492792166,571,169
TPRB_RX,546,1492989505,572,170
TPRB_RX,547,1493186783,573,171
TPRB_RX,548,1493385192,574,172
TPRB_RX,549,1509654684,575,173
TPRB_RX,550,1509857956,576,174
TPRB_RX,551,1510079528,577,175
TPRB_RX,552,1510321654,579,177
TPRB_RX,553,1510519031,580,178
TPRB_RX,554,1510717047,581,179
TPRB_RX,555,1527144680,583,181
TPRB_RX,556,1527356202,584,182
TPRB_RX,557,1527555421,585,183
TPRB_RX,558,1527753729,586,184
TPRB_RX,559,1527947651,587,185
TPRB_RX,560,1528145588,588,186
TPRB_RX,561,1544418509,589,187
TPRB_RX,562,1544621777,590,188
TPRB_RX,563,1544819753,591,189
TPRB_RX,564,1545017780,592,190
TPRB_RX,565,1545215333,593,191
TPRB_RX,566,1545413359,594,192
TPRB_RX,567,1561844381,595,193
TPRB_RX,568,1562047423,596,194
TPRB_RX,569,1562250319,597,195
TPRB_RX,570,1562447893,598,196
TPRB_RX,571,1562646878,599,197
TPRB_RX,572,1579259928,600,198
TPRB_RX,573,1579462854,601,199
TPRB_RX,574,1579662009,602,200
TPRB_RX,575,1579854938,603,0
TPRB_RX,576,1580053796,604,1
TPRB_RX,577,1580258251,605,2
TPRB_RX,578,1580455779,606,3
TPRB_RX,579,1580653141,607,4
TPRB_RX,580,1580865652,608,5
TPRB_RX,581,1596747094,609,6
TPRB_RX,582,1596995519,611,8
TPRB_RX,583,1597194088,612,9
TPRB_RX,584,1597398067,613,10
TPRB_RX,585,1597605660,614,11
TPRB_RX,586,1597808776,615,12
TPRB_RX,587,1614047220,616,13
TPRB_RX,588,1614255553,617,14
TPRB_RX,589,1614456039,618,15
TPRB_RX,590,1614654034,619,16
TPRB_RX,591,1614851330,620,17
TPRB_RX,592,1615048916,621,18
TPRB_RX,593,1615246158,622,19
TPRB_RX,594,1631504968,623,20
TPRB_RX,595,1631708141,624,21
TPRB_RX,596,1631913489,625,22
TPRB_RX,597,1632494930,627,24
TPRB_RX,598,1632721628,628,25
TPRB_RX,599,1632919923,629,26
TPRB_RX,600,1648999108,630,27
TPRB_RX,601,1649221561,631,28
TPRB_RX,602,1649605996,633,30
TPRB_RX,603,1649819302,634,31
TPRB_RX,604,1650017086,635,32
TPRB_RX,605,1666297676,636,33
TPRB_RX,606,1666501073,637,34
TPRB_RX,607,1666705329,638,35
TPRB_RX,608,1666915628,639,36
TPRB_RX,609,1667127349,640,37
TPRB_RX,610,1667343209,641,38
TPRB_RX,611,1667917424,642,39
TPRB_RX,612,1683978132,644,41
TPRB_RX,613,1684180644,645,42
TPRB_RX,614,1684378790,646,43
TPRB_RX,615,1684576809,647,44
TPRB_RX,616,1685156351,649,46
TPRB_APPLY,0,47507484,2,2
TPRB_APPLY,1,47849155,4,4
TPRB_APPLY,2,48191326,6,6
TPRB_APPLY,3,48533497,7,7
TPRB_APPLY,4,64958040,9,9
TPRB_APPLY,5,65299876,11,11
TPRB_APPLY,6,65642047,13,13
TPRB_APPLY,7,65984218,14,14
TPRB_APPLY,8,82409156,16,16
TPRB_APPLY,9,82750597,18,18
TPRB_APPLY,10,83092768,20,20
TPRB_APPLY,11,83434939,21,21
TPRB_APPLY,12,99516976,22,22
TPRB_APPLY,13,99859147,24,24
TPRB_APPLY,14,100201740,25,25
TPRB_APPLY,15,100543489,27,27
TPRB_APPLY,16,100885660,28,28
TPRB_APPLY,17,116968123,29,29
TPRB_APPLY,18,117309868,31,31
TPRB_APPLY,19,117652091,32,32
TPRB_APPLY,20,117994635,34,34
TPRB_APPLY,21,118336381,35,35
TPRB_APPLY,22,134418418,36,36
TPRB_APPLY,23,134760589,37,37
TPRB_APPLY,24,151869152,38,38
TPRB_APPLY,25,152212217,40,40
TPRB_APPLY,26,152553481,42,42
TPRB_APPLY,27,152895652,43,43
TPRB_APPLY,28,153238103,45,45
TPRB_APPLY,29,153579994,47,47
TPRB_APPLY,30,153922165,48,48
TPRB_APPLY,31,169319860,50,50
TPRB_APPLY,32,169662031,52,52
TPRB_APPLY,33,170004202,54,54
TPRB_APPLY,34,170346795,55,55
TPRB_APPLY,35,186770610,57,57
TPRB_APPLY,36,187112752,59,59
TPRB_APPLY,37,187454923,60,60
TPRB_APPLY,38,187797095,61,61
TPRB_APPLY,39,204221806,64,64
TPRB_APPLY,40,204563473,66,66
TPRB_APPLY,41,204905644,68,68
TPRB_APPLY,42,205247815,69,69
TPRB_APPLY,43,221673380,71,71
TPRB_APPLY,44,222014194,73,73
TPRB_APPLY,45,222356365,75,75
TPRB_APPLY,46,222698536,76,76
TPRB_APPLY,47,238780573,77,77
TPRB_APPLY,48,239464915,80,80
TPRB_APPLY,49,239807086,82,82
TPRB_APPLY,50,256231294,83,83
TPRB_APPLY,51,256573726,84,84
TPRB_APPLY,52,256915671,86,86
TPRB_APPLY,53,257257807,88,88
TPRB_APPLY,54,257599978,89,89
TPRB_APPLY,55,273682365,90,90
TPRB_APPLY,56,274024684,92,92
TPRB_APPLY,57,274366357,94,94
TPRB_APPLY,58,274708528,96,96
TPRB_APPLY,59,291132851,97,97
TPRB_APPLY,60,291476873,99,99
TPRB_APPLY,61,291817078,101,101
TPRB_APPLY,62,292159249,103,103
TPRB_APPLY,63,308583458,105,105
TPRB_APPLY,64,308926091,106,106
TPRB_APPLY,65,309267799,108,108
TPRB_APPLY,66,309610405,110,110
TPRB_APPLY,67,326034178,112,112
TPRB_APPLY,68,326376691,113,113
TPRB_APPLY,69,326718520,116,116
TPRB_APPLY,70,327060691,117,117
TPRB_APPLY,71,343485397,119,119
TPRB_APPLY,72,343827070,121,121
TPRB_APPLY,73,344169866,122,122
TPRB_APPLY,74,344511412,123,123
TPRB_APPLY,75,360935620,125,125
TPRB_APPLY,76,361277791,127,127
TPRB_APPLY,77,361620462,128,128
TPRB_APPLY,78,361962133,130,130
TPRB_APPLY,79,378044170,131,131
TPRB_APPLY,80,378386341,132,132
TPRB_APPLY,81,378728512,133,133
TPRB_APPLY,82,379070683,135,135
TPRB_APPLY,83,379412854,137,137
TPRB_APPLY,84,395837557,139,139
TPRB_APPLY,85,396179233,141,141
TPRB_APPLY,86,396521404,142,142
TPRB_APPLY,87,396863575,144,144
TPRB_APPLY,88,412947151,145,145
TPRB_APPLY,89,413287783,147,147
TPRB_APPLY,90,413972890,149,149
TPRB_APPLY,91,414314296,151,151
TPRB_APPLY,92,430396333,153,153
TPRB_APPLY,93,431080765,155,155
TPRB_APPLY,94,431422846,157,157
TPRB_APPLY,95,431765017,158,158
TPRB_APPLY,96,447847054,160,160
TPRB_APPLY,97,448189578,161,161
TPRB_APPLY,98,448531396,162,162
TPRB_APPLY,99,448873567,164,164
TPRB_APPLY,100,465297775,165,165
TPRB_APPLY,101,465639946,167,167
TPRB_APPLY,102,465982171,169,169
TPRB_APPLY,103,482748973,170,170
TPRB_APPLY,104,483090667,172,172
TPRB_APPLY,105,483432838,174,174
TPRB_APPLY,106,483775528,175,175
TPRB_APPLY,107,484117682,177,177
TPRB_APPLY,108,484459351,178,178
TPRB_APPLY,109,500199217,180,180
TPRB_APPLY,110,500541388,182,182
TPRB_APPLY,111,500883559,183,183
TPRB_APPLY,112,501225730,184,184
TPRB_APPLY,113,501567901,185,185
TPRB_APPLY,114,534758488,186,186
TPRB_APPLY,115,535100659,187,187
TPRB_APPLY,116,535443330,189,189
TPRB_APPLY,117,535785001,191,191
TPRB_APPLY,118,536127172,192,192
TPRB_APPLY,119,536469818,193,193
TPRB_APPLY,120,536811514,195,195
TPRB_APPLY,121,537153685,197,197
TPRB_APPLY,122,552209209,199,199
TPRB_APPLY,123,552551880,200,200
TPRB_APPLY,124,552893551,202,1
TPRB_APPLY,125,553235722,204,3
TPRB_APPLY,126,553577893,205,4
TPRB_APPLY,127,569660430,206,5
TPRB_APPLY,128,570002101,208,7
TPRB_APPLY,129,570344272,209,8
TPRB_APPLY,130,570686736,211,10
TPRB_APPLY,131,571028614,212,11
TPRB_APPLY,132,587110995,213,12
TPRB_APPLY,133,587453000,215,14
TPRB_APPLY,134,587794993,217,16
TPRB_APPLY,135,588137164,218,17
TPRB_APPLY,136,588479335,219,18
TPRB_APPLY,137,604561372,220,19
TPRB_APPLY,138,604903543,222,21
TPRB_APPLY,139,605245714,223,22
TPRB_APPLY,140,605587885,225,24
TPRB_APPLY,141,605930056,226,25
TPRB_APPLY,142,622012093,227,26
TPRB_APPLY,143,622354267,229,28
TPRB_APPLY,144,622696435,231,30
TPRB_APPLY,145,623038606,232,31
TPRB_APPLY,146,623380777,233,32
TPRB_APPLY,147,639120643,234,33
TPRB_APPLY,148,639462814,235,34
TPRB_APPLY,149,639804985,237,36
TPRB_APPLY,150,640147156,239,38
TPRB_APPLY,151,656914031,241,40
TPRB_APPLY,152,657256679,244,43
TPRB_APPLY,153,657597877,245,44
TPRB_APPLY,154,657940135,246,45
TPRB_APPLY,155,674022085,247,46
TPRB_APPLY,156,674364256,248,47
TPRB_APPLY,157,674706427,250,49
TPRB_APPLY,158,675048598,252,51
TPRB_APPLY,159,675390769,253,52
TPRB_APPLY,160,691472806,254,53
TPRB_APPLY,161,691815257,256,55
TPRB_APPLY,162,692157148,257,56
TPRB_APPLY,163,692500742,259,58
TPRB_APPLY,164,692841490,260,59
TPRB_APPLY,165,708924030,261,60
TPRB_APPLY,166,709265698,263,62
TPRB_APPLY,167,709607869,265,64
TPRB_APPLY,168,709950040,266,65
TPRB_APPLY,169,710292211,267,66
TPRB_APPLY,170,726374744,268,67
TPRB_APPLY,171,726716419,270,69
TPRB_APPLY,172,727058590,272,71
TPRB_APPLY,173,727742932,273,72
TPRB_APPLY,174,743825416,275,74
TPRB_APPLY,175,744167139,277,76
TPRB_APPLY,176,744509459,278,77
TPRB_APPLY,177,744851482,280,79
TPRB_APPLY,178,761275689,282,81
TPRB_APPLY,179,761617860,283,82
TPRB_APPLY,180,761960031,284,83
TPRB_APPLY,181,762302202,286,85
TPRB_APPLY,182,762644373,287,86
TPRB_APPLY,183,778726911,289,88
TPRB_APPLY,184,779068581,291,90
TPRB_APPLY,185,779410752,293,92
TPRB_APPLY,186,779752923,294,93
TPRB_APPLY,187,795834960,295,94
TPRB_APPLY,188,796177390,296,95
TPRB_APPLY,189,796519302,298,97
TPRB_APPLY,190,796861473,299,98
TPRB_APPLY,191,797203644,300,99
TPRB_APPLY,192,797545815,301,100
TPRB_APPLY,193,813286582,302,101
TPRB_APPLY,194,813627852,303,102
TPRB_APPLY,195,813970326,305,104
TPRB_APPLY,196,814312246,307,106
TPRB_APPLY,197,814654365,308,107
TPRB_APPLY,198,831078573,310,109
TPRB_APPLY,199,831420744,312,111
TPRB_APPLY,200,831764024,314,113
TPRB_APPLY,201,848187123,315,114
TPRB_APPLY,202,848529294,316,115
TPRB_APPLY,203,848871465,317,116
TPRB_APPLY,204,865638354,318,117
TPRB_APPLY,205,865980015,320,119
TPRB_APPLY,206,866322186,322,121
TPRB_APPLY,207,866664357,323,122
TPRB_APPLY,208,867008054,324,123
TPRB_APPLY,209,867349198,326,125
TPRB_APPLY,210,867691124,328,127
TPRB_APPLY,211,883088565,330,129
TPRB_APPLY,212,883430736,331,130
TPRB_APPLY,213,883772909,332,131
TPRB_APPLY,214,884115078,334,133
TPRB_APPLY,215,884457249,335,134
TPRB_APPLY,216,900539286,337,136
TPRB_APPLY,217,900881457,338,137
TPRB_APPLY,218,901223628,340,139
TPRB_APPLY,219,901565800,341,140
TPRB_APPLY,220,901907970,342,141
TPRB_APPLY,221,917648870,343,142
TPRB_APPLY,222,918332251,345,144
TPRB_APPLY,223,918674349,347,146
TPRB_APPLY,224,919016520,349,148
TPRB_APPLY,225,935441224,351,150
TPRB_APPLY,226,935782899,352,151
TPRB_APPLY,227,936125070,354,153
TPRB_APPLY,228,936467241,355,154
TPRB_APPLY,229,952549278,356,155
TPRB_APPLY,230,952891958,357,156
TPRB_APPLY,231,953233620,359,158
TPRB_APPLY,232,953576217,361,160
TPRB_APPLY,233,953917962,362,161
TPRB_APPLY,234,969999999,363,162
TPRB_APPLY,235,970342170,365,164
TPRB_APPLY,236,970684341,367,166
TPRB_APPLY,237,971026803,368,167
TPRB_APPLY,238,971368683,369,168
TPRB_APPLY,239,987450720,371,170
TPRB_APPLY,240,987792891,372,171
TPRB_APPLY,241,988135488,374,173
TPRB_APPLY,242,988477233,375,174
TPRB_APPLY,243,988819404,376,175
TPRB_APPLY,244,1004903425,377,176
TPRB_APPLY,245,1005243612,379,178
TPRB_APPLY,246,1005585783,381,180
TPRB_APPLY,247,1006271132,383,182
TPRB_APPLY,248,1022352162,385,184
TPRB_APPLY,249,1022694333,386,185
TPRB_APPLY,250,1023036633,387,186
TPRB_APPLY,251,1023378675,389,188
TPRB_APPLY,252,1023720846,390,189
TPRB_APPLY,253,1039803093,391,190
TPRB_APPLY,254,1040145054,393,192
TPRB_APPLY,255,1040487225,395,194
TPRB_APPLY,256,1040829396,396,195
TPRB_APPLY,257,1057253604,398,197
TPRB_APPLY,258,1057595775,399,198
TPRB_APPLY,259,1057938109,400,199
TPRB_APPLY,260,1058280618,402,0
TPRB_APPLY,261,1058622288,403,1
TPRB_APPLY,262,1074705828,405,3
TPRB_APPLY,263,1075046496,407,5
TPRB_APPLY,264,1075388667,408,6
TPRB_APPLY,265,1075731264,409,7
TPRB_APPLY,266,1076073009,410,8
TPRB_APPLY,267,1091812875,411,9
TPRB_APPLY,268,1092155392,412,10
TPRB_APPLY,269,1092497497,413,11
TPRB_APPLY,270,1092839388,415,13
TPRB_APPLY,271,1093181684,416,14
TPRB_APPLY,272,1093523730,417,15
TPRB_APPLY,273,1109263596,418,16
TPRB_APPLY,274,1109947938,421,19
TPRB_APPLY,275,1110290178,422,20
TPRB_APPLY,276,1110632280,423,21
TPRB_APPLY,277,1110974451,424,22
TPRB_APPLY,278,1126714317,425,23
TPRB_APPLY,279,1127056488,426,24
TPRB_APPLY,280,1127398916,427,25
TPRB_APPLY,281,1127740830,430,28
TPRB_APPLY,282,1128083001,431,29
TPRB_APPLY,283,1144507929,434,32
TPRB_APPLY,284,1144849380,435,33
TPRB_APPLY,285,1145192057,436,34
TPRB_APPLY,286,1145533722,437,35
TPRB_APPLY,287,1161615759,438,36
TPRB_APPLY,288,1161957930,440,38
TPRB_APPLY,289,1162300101,442,40
TPRB_APPLY,290,1162984443,444,42
TPRB_APPLY,291,1179066480,446,44
TPRB_APPLY,292,1179408651,447,45
TPRB_APPLY,293,1180092993,450,48
TPRB_APPLY,294,1196517201,452,50
TPRB_APPLY,295,1196859372,453,51
TPRB_APPLY,296,1197201543,456,54
TPRB_APPLY,297,1197543714,458,56
TPRB_APPLY,298,1213968100,460,58
TPRB_APPLY,299,1214310659,462,60
TPRB_APPLY,300,1214652264,464,62
TPRB_APPLY,301,1214994435,465,63
TPRB_APPLY,302,1231418643,466,64
TPRB_APPLY,303,1248527193,467,65
TPRB_APPLY,304,1248869859,468,66
TPRB_APPLY,305,1249212031,470,68
TPRB_APPLY,306,1249553706,472,70
TPRB_APPLY,307,1249897886,474,72
TPRB_APPLY,308,1250238549,475,73
TPRB_APPLY,309,1250580219,478,76
TPRB_APPLY,310,1265977914,479,77
TPRB_APPLY,311,1266320085,481,79
TPRB_APPLY,312,1266662745,482,80
TPRB_APPLY,313,1267004928,484,82
TPRB_APPLY,314,1267346598,485,83
TPRB_APPLY,315,1283428635,486,84
TPRB_APPLY,316,1283770806,488,86
TPRB_APPLY,317,1284455175,491,89
TPRB_APPLY,318,1284797319,492,90
TPRB_APPLY,319,1300879356,493,91
TPRB_APPLY,320,1301221527,495,93
TPRB_APPLY,321,1301563698,497,95
TPRB_APPLY,322,1301905869,499,97
TPRB_APPLY,323,1318330077,501,99
TPRB_APPLY,324,1318672344,502,100
TPRB_APPLY,325,1319014419,504,102
TPRB_APPLY,326,1319356590,506,104
TPRB_APPLY,327,1335780798,508,106
TPRB_APPLY,328,1336122969,509,107
TPRB_APPLY,329,1336465140,511,109
TPRB_APPLY,330,1336807311,512,110
TPRB_APPLY,331,1353231519,514,112
TPRB_APPLY,332,1353573690,516,114
TPRB_APPLY,333,1353915861,517,115
TPRB_APPLY,334,1354258032,519,117
TPRB_APPLY,335,1370340069,520,118
TPRB_APPLY,336,1370682240,521,119
TPRB_APPLY,337,1371024411,523,121
TPRB_APPLY,338,1371366582,525,123
TPRB_APPLY,339,1371708753,526,124
TPRB_APPLY,340,1387790790,527,125
TPRB_APPLY,341,1388133467,528,126
TPRB_APPLY,342,1388475614,530,128
TPRB_APPLY,343,1388817303,532,130
TPRB_APPLY,344,1389159474,533,131
TPRB_APPLY,345,1405242536,534,132
TPRB_APPLY,346,1405584183,535,133
TPRB_APPLY,347,1405925853,537,135
TPRB_APPLY,348,1406268024,538,136
TPRB_APPLY,349,1406610195,539,137
TPRB_APPLY,350,1406952366,540,138
TPRB_APPLY,351,1423034403,541,139
TPRB_APPLY,352,1423376574,544,142
TPRB_APPLY,353,1423720352,545,143
TPRB_APPLY,354,1424060916,547,145
TPRB_APPLY,355,1440142953,548,146
TPRB_APPLY,356,1440485124,549,147
TPRB_APPLY,357,1440827801,550,148
TPRB_APPLY,358,1441169466,553,151
TPRB_APPLY,359,1457593674,554,152
TPRB_APPLY,360,1457936324,555,153
TPRB_APPLY,361,1458278016,558,156
TPRB_APPLY,362,1458620187,559,157
TPRB_APPLY,363,1458962358,560,158
TPRB_APPLY,364,1475044395,562,160
TPRB_APPLY,365,1475386566,563,161
TPRB_APPLY,366,1475728737,565,163
TPRB_APPLY,367,1476070908,567,165
TPRB_APPLY,368,1492495116,569,167
TPRB_APPLY,369,1492837287,571,169
TPRB_APPLY,370,1493179458,572,170
TPRB_APPLY,371,1493521629,574,172
TPRB_APPLY,372,1509945837,576,174
TPRB_APPLY,373,1510288307,577,175
TPRB_APPLY,374,1510630680,580,178
TPRB_APPLY,375,1510972631,581,179
TPRB_APPLY,376,1527396558,584,182
TPRB_APPLY,377,1527738942,585,183
TPRB_APPLY,378,1528081396,587,185
TPRB_APPLY,379,1528423071,588,186
TPRB_APPLY,380,1544505196,589,187
TPRB_APPLY,381,1544848285,591,189
TPRB_APPLY,382,1545189450,592,190
TPRB_APPLY,383,1545531621,594,192
TPRB_APPLY,384,1561956895,595,193
TPRB_APPLY,385,1562298000,597,195
TPRB_APPLY,386,1562640592,598,196
TPRB_APPLY,387,1562982342,599,197
TPRB_APPLY,388,1579407054,600,198
TPRB_APPLY,389,1579748721,602,200
TPRB_APPLY,390,1580090892,604,1
TPRB_APPLY,391,1580433063,605,2
TPRB_APPLY,392,1580775234,607,4
TPRB_APPLY,393,1581117405,608,5
TPRB_APPLY,394,1596857271,609,6
TPRB_APPLY,395,1597199442,612,9
TPRB_APPLY,396,1597541613,613,10
TPRB_APPLY,397,1597883784,615,12
TPRB_APPLY,398,1614307992,617,14
TPRB_APPLY,399,1614650163,618,15
TPRB_APPLY,400,1614992334,620,17
TPRB_APPLY,401,1615334505,622,19
TPRB_APPLY,402,1631758713,624,21
TPRB_APPLY,403,1632100884,625,22
TPRB_APPLY,404,1632785226,628,25
TPRB_APPLY,405,1633127397,629,26
TPRB_APPLY,406,1649209945,630,27
TPRB_APPLY,407,1649552078,631,28
TPRB_APPLY,408,1649893776,634,31
TPRB_APPLY,409,1650235947,635,32
TPRB_APPLY,410,1666317984,636,33
TPRB_APPLY,411,1666660155,637,34
TPRB_APPLY,412,1667002326,639,36
TPRB_APPLY,413,1667345344,641,38
TPRB_APPLY,414,1668028839,642,39
TPRB_APPLY,415,1684111375,644,41
TPRB_APPLY,416,1684453046,646,43
TPRB_APPLY,417,1684795217,647,44
TPRB_APPLY,418,1685479559,649,46
TPRB_END,rx=617,apply=419,filtered=0,rx_overflow=0,apply_overflow=0,apply_race=0
TPRB_STATS,frame=617,valid=617,checksum_error=0,irq=45663,rxirq=44424,byte=44424
TPRB_STATS_ERR,pe=0,fe=0,ne=0,ore=0
[0mBatt=23.5 [0mODOM [31mVisionX  +0.00 Y  +0.00 theta   +0.0 elt    0 [0mimu  -0.6 Dt    2 LtCy    1 integ.govd   +0.00   -0.00 integ.vbp +0.00 -0.00 omni.gos X     +0.0 ,Y     -0.1. omgD -0.008 omg  +0.00 
[0mBatt=23.5 [0mODOM [31mVisionX  +0.00 Y  +0.00 theta   +0.0 elt    0 [0mimu  -0.6 Dt   18 LtCy    9 integ.govd   +0.00   -0.00 integ.vbp +0.00 -0.00 omni.gos X     +0.0 ,Y     -0.1. omgD -0.004 omg  +0.00 loop   4747
[0mBatt=23.5 [0mODOM [31mVisionX  +0.00 Y  +0.00 theta   +0.0 elt    0 [0mimu  -0.6 Dt   34 LtCy   17 integ.govd   -0.00   -0.00 integ.vbp -0.00 -0.00 omni.gos X     -0.0 ,Y     -0.0. omgD -0.004 omg  +0.00 loop   4985
[0mBatt=23.5 [0mODOM [31mVisionX  +0.00 Y  +0.00 theta   +0.0 elt    0 [0mimu  -0.6 Dt   50 LtCy   25 integ.govd   -0.00   -0.00 integ.vbp -0.00 -0.00 omni.gos X     +0.0 ,Y     -0.1. omgD -0.008 omg  +0.00 loop   4982
[0mBatt=23.5 [0mODOM [31mVisionX  +0.00 Y  +0.00 theta   +0.0 elt    0 [0mimu  -0.6 Dt   58 LtCy   29 integ.govd   -0.00   -0.01 integ.vbp -0.00 -0.00 omni.gos X     +0.0 ,Y     -0.2. omgD -0.016 omg  +0.00 loop   2390
[0mBatt=23.5 [0mODOM [31mVisionX  +0.00 Y  +0.00 theta   +0.0 elt    0 [0mimu  -0.6 Dt   74 LtCy   37 integ.govd   -0.00   -0.01 integ.vbp -0.00 -0.00 omni.gos X     +0.0 ,Y     -0.1. omgD -0.008 omg  +0.00 loop   4990
[0mBatt=23.5 [0mODOM [31mVisionX  +0.00 Y  +0.00 theta   +0.0 elt    0 [0mimu  -0.6 Dt   90 LtCy   45 integ.govd   -0.00   -0.01 integ.vbp -0.00 -0.00 omni.gos X     +0.0 ,Y     -0.2. omgD -0.012 omg  +0.00 loop   4943
[0mBatt=23.5 [0mODOM [31mVisionX  +0.00 Y  +0.00 theta   +0.0 elt    0 [0mimu  -0.6 Dt  106 LtCy   53 integ.govd   -0.00   -0.01 integ.vbp -0.00 -0.00 omni.gos X     +0.0 ,Y     -0.0. omgD -0.004 omg  +0.00 loop   4986
[0mBatt=23.5 [0mODOM [31mVisionX  +0.00 Y  +0.00 theta   +0.0 elt    0 [0mimu  -0.6 Dt  122 LtCy   61 integ.govd   -0.00   -0.01 integ.vbp -0.00 -0.00 omni.gos X     +0.0 ,Y     -0.1. omgD -0.008 omg  +0.00 loop   4972
[0mBatt=23.5 [0mODOM [31mVisionX  +0.00 Y  +0.00 theta   +0.0 elt    0 [0mimu  -0.6 Dt  138 LtCy   69 integ.govd   -0.00   -0.02 integ.vbp -0.00 -0.00 omni.gos X     +0.0 ,Y     -0.1. omgD -0.008 omg  +0.00 loop   4945
[0mBatt=23.5 [0mODOM [31mVisionX  +0.00 Y  +0.00 theta   +0.0 elt    0 [0mimu  -0.6 Dt  154 LtCy   77 integ.govd   -0.00   -0.02 integ.vbp -0.00 -0.00 omni.gos X     +0.0 ,Y     -0.1. omgD -0.008 omg  +0.00 loop   4952
[0mBatt=23.5 [0mODOM [31mVisionX  +0.00 Y  +0.00 theta   +0.0 elt    0 [0mimu  -0.6 Dt  170 LtCy   85 integ.govd   -0.00   -0.02 integ.vbp -0.00 -0.00 omni.gos X     +0.0 ,Y     -0.2. omgD -0.012 omg  +0.00 loop   4964
[0mBatt=23.5 [0mODOM [31mVisionX  +0.00 Y  +0.00 theta   +0.0 elt    0 [0mimu  -0.6 Dt  186 LtCy   93 integ.govd   -0.00   -0.02 integ.vbp -0.00 -0.00 omni.gos X     +0.0 ,Y     -0.1. omgD -0.008 omg  +0.00 loop   4941
[0mBatt=23.5 [0mODOM [31mVisionX  +0.00 Y  +0.00 theta   +0.0 elt    0 [0mimu  -0.6 Dt  202 LtCy  101 integ.govd   -0.00   -0.02 integ.vbp -0.00 -0.00 omni.gos X     +0.0 ,Y     +0.0. omgD +0.001 omg  +0.00 loop   4929
[0mBatt=23.5 [0mODOM [31mVisionX  +0.00 Y  +0.00 theta   +0.0 elt    0 [0mimu  -0.6 Dt  218 LtCy  109 integ.govd   -0.00   -0.02 integ.vbp -0.00 -0.00 omni.gos X     +0.0 ,Y     +0.0. omgD +0.001 omg  +0.00 loop   4959
[0mBatt=23.5 [0mODOM [31mVisionX  +0.00 Y  +0.00 theta   +0.0 elt    0 [0mimu  -0.6 Dt  234 LtCy  117 integ.govd   -0.00   -0.02 integ.vbp -0.00 -0.00 omni.gos X     +0.0 ,Y     -0.1. omgD -0.008 omg  +0.00 loop   4925
[0mBatt=23.5 [0m[33mODOM [31mVisionX  +0.00 Y  +0.00 theta   +0.0 elt    0 [0mimu  -0.6 Dt  250 LtCy  125 integ.govd   -0.00   -0.03 integ.vbp -0.00 -0.00 omni.gos X     +0.0 ,Y     -0.0. omgD -0.004 omg  +0.00 loop   4914
[0mBatt=23.5 [0m[33mODOM [31mVisionX  +0.00 Y  +0.00 theta   +0.0 elt    0 [0mimu  -0.6 Dt  266 LtCy  133 integ.govd   -0.00   -0.03 integ.vbp -0.00 -0.00 omni.gos X     +0.0 ,Y     -0.1. omgD -0.008 omg  +0.00 loop   4894
[0mBatt=23.5 [0m[33mODOM [31mVisionX  +0.00 Y  +0.00 theta   +0.0 elt    0 [0mimu  -0.6 Dt  282 LtCy  141 integ.govd   -0.00   -0.03 integ.vbp -0.00 -0.00 omni.gos X     +0.0 ,Y     -0.2. omgD -0.016 omg  +0.00 loop   4900
[0mBatt=23.5 [0m[33mODOM [31mVisionX  +0.00 Y  +0.00 theta   +0.0 elt    0 [0mimu  -0.6 Dt  298 LtCy  149 integ.govd   -0.00   -0.03 integ.vbp -0.00 -0.00 omni.gos X     +0.0 ,Y     -0.1. omgD -0.008 omg  +0.00 loop   4855
[0mBatt=23.5 [0m[33mODOM [31mVisionX  +0.00 Y  +0.00 theta   +0.0 elt    0 [0mimu  -0.6 Dt  314 LtCy  157 integ.govd   -0.00   -0.03 integ.vbp -0.00 -0.00 omni.gos X     +0.0 ,Y     -0.0. omgD -0.004 omg  +0.00 loop   4881
[0mBatt=23.5 [0m[33mODOM [31mVisionX  +0.00 Y  +0.00 theta   +0.0 elt    0 [0mimu  -0.6 Dt  330 LtCy  165 integ.govd   -0.00   -0.03 integ.vbp -0.00 -0.00 omni.gos X     +0.0 ,Y     -0.0. omgD -0.004 omg  +0.00 loop   4885
[0mBatt=23.5 [0m[33mODOM [31mVisionX  +0.00 Y  +0.00 theta   +0.0 elt    0 [0mimu  -0.6 Dt  346 LtCy  173 integ.govd   -0.00   -0.04 integ.vbp -0.00 -0.00 omni.gos X     +0.0 ,Y     -0.1. omgD -0.008 omg  +0.00 loop   4842
[0mBatt=23.5 [0m[33mODOM [31mVisionX  +0.00 Y  +0.00 theta   +0.0 elt    0 [0mimu  -0.6 Dt  362 LtCy  181 integ.govd   -0.00   -0.04 integ.vbp -0.00 -0.00 omni.gos X     +0.0 ,Y     -0.2. omgD -0.012 omg  +0.00 loop   4867
[0mBatt=23.5 [0m[33mODOM [31mVisionX  +0.00 Y  +0.00 theta   +0.0 elt    0 [0mimu  -0.6 Dt  378 LtCy  189 integ.govd   -0.00   -0.04 integ.vbp -0.00 -0.00 omni.gos X     +0.0 ,Y     -0.1. omgD -0.008 omg  +0.00 loop   4861
[0mBatt=23.5 [0m[33mODOM [31mVisionX  +0.00 Y  +0.00 theta   +0.0 elt    0 [0mimu  -0.6 Dt  394 LtCy  197 integ.govd   -0.00   -0.04 integ.vbp -0.00 -0.00 omni.gos X     +0.0 ,Y     -0.1. omgD -0.008 omg  +0.00 loop   4851
[0mBatt=23.5 [0m[33mODOM [31mVisionX  +0.00 Y  +0.00 theta   +0.0 elt    0 [0mimu  -0.6 Dt  410 LtCy  205 integ.govd   -0.00   -0.05 integ.vbp -0.00 -0.00 omni.gos X     +0.0 ,Y     -0.2. omgD -0.012 omg  +0.00 loop   4833
[0mBatt=23.5 [0m[33mODOM [31mVisionX  +0.00 Y  +0.00 theta   +0.0 elt    0 [0mimu  -0.6 Dt  426 LtCy  213 integ.govd   -0.00   -0.05 integ.vbp -0.00 -0.00 omni.gos X     +0.0 ,Y     +0.0. omgD +0.001 omg  +0.00 loop   4852
[0mBatt=23.5 [0m[33mODOM [31mVisionX  +0.00 Y  +0.00 theta   +0.0 elt    0 [0mimu  -0.6 Dt  442 LtCy  221 integ.govd   -0.00   -0.05 integ.vbp -0.00 -0.00 omni.gos X     -0.0 ,Y     -0.2. omgD -0.012 omg  +0.00 loop   4845
[0mBatt=23.5 [0m[33mODOM [31mVisionX  +0.00 Y  +0.00 theta   +0.0 elt    0 [0mimu  -0.6 Dt  458 LtCy  229 integ.govd   -0.00   -0.05 integ.vbp -0.00 -0.00 omni.gos X     +0.0 ,Y     -0.0. omgD -0.004 omg  +0.00 loop   4803
[0mBatt=23.5 [0m[33mODOM [31mVisionX  +0.00 Y  +0.00 theta   +0.0 elt    0 [0mimu  -0.6 Dt  474 LtCy  237 integ.govd   -0.00   -0.05 integ.vbp -0.00 -0.00 omni.gos X     +0.0 ,Y     -0.1. omgD -0.008 omg  +0.00 loop   4848
[0mBatt=23.5 [0m[33mODOM [31mVisionX  +0.00 Y  +0.00 theta   +0.0 elt    0 [0mimu  -0.6 Dt  490 LtCy  245 integ.govd   -0.00   -0.05 integ.vbp -0.00 -0.00 omni.gos X     +0.0 ,Y     -0.2. omgD -0.012 omg  +0.00 loop   4830
[0mBatt=23.5 [0m[33mODOM [31mVisionX  +0.00 Y  +0.00 theta   +0.0 elt    0 [0mimu  -0.6 Dt  506 LtCy  253 integ.govd   -0.00   -0.05 integ.vbp -0.00 -0.00 omni.gos X     -0.0 ,Y     -0.1. omgD -0.008 omg  +0.00 loop   4807
[0mBatt=23.5 [0m[33mODOM [31mVisionX  +0.00 Y  +0.00 theta   +0.0 elt    0 [0mimu  -0.6 Dt  522 LtCy  261 integ.govd   -0.00   -0.06 integ.vbp -0.00 -0.00 omni.gos X     +0.0 ,Y     -0.1. omgD -0.008 omg  +0.00 loop   4806
[0mBatt=23.5 [0m[33mODOM [31mVisionX  +0.00 Y  +0.00 theta   +0.0 elt    0 [0mimu  -0.6 Dt  538 LtCy  269 integ.govd   -0.00   -0.06 integ.vbp -0.00 -0.00 omni.gos X     +0.0 ,Y     -0.0. omgD -0.004 omg  +0.00 loop   4823
[0mBatt=23.5 [0m[33mODOM [31mVisionX  +0.00 Y  +0.00 theta   +0.0 elt    0 [0mimu  -0.6 Dt  554 LtCy  277 integ.govd   -0.00   -0.06 integ.vbp -0.00 -0.00 omni.gos X     +0.0 ,Y     -0.2. omgD -0.016 omg  +0.00 loop   4794
[0mBatt=23.5 [0m[33mODOM [31mVisionX  +0.00 Y  +0.00 theta   +0.0 elt    0 [0mimu  -0.6 Dt  570 LtCy  285 integ.govd   -0.00   -0.06 integ.vbp -0.00 -0.00 omni.gos X     +0.0 ,Y     -0.1. omgD -0.008 omg  +0.00 loop   4763
[0mBatt=23.5 [0m[33mODOM [31mVisionX  +0.00 Y  +0.00 theta   +0.0 elt    0 [0mimu  -0.6 Dt  586 LtCy  293 integ.govd   -0.00   -0.06 integ.vbp -0.00 -0.00 omni.gos X     +0.0 ,Y     -0.1. omgD -0.008 omg  +0.00 loop   4805
[0mBatt=23.5 [0m[33mODOM [31mVisionX  +0.00 Y  +0.00 theta   +0.0 elt    0 [0mimu  -0.6 Dt  602 LtCy  301 integ.govd   -0.00   -0.06 integ.vbp -0.00 -0.00 omni.gos X     +0.0 ,Y     -0.1. omgD -0.008 omg  +0.00 loop   4790
[0mBatt=23.5 [0m[33mODOM [31mVisionX  +0.00 Y  +0.00 theta   +0.0 elt    0 [0mimu  -0.6 Dt  618 LtCy  309 integ.govd   -0.00   -0.07 integ.vbp -0.00 -0.00 omni.gos X     +0.0 ,Y     -0.1. omgD -0.008 omg  +0.00 loop   4768
[0mBatt=23.5 [0m[33mODOM [31mVisionX  +0.00 Y  +0.00 theta   +0.0 elt    0 [0mimu  -0.6 Dt  634 LtCy  317 integ.govd   -0.00   -0.07 integ.vbp -0.00 -0.00 omni.gos X     +0.0 ,Y     -0.1. omgD -0.008 omg  +0.00 loop   4781
[0mBatt=23.5 [0m[33mODOM [31mVisionX  +0.00 Y  +0.00 theta   +0.0 elt    0 [0mimu  -0.6 Dt  650 LtCy  325 integ.govd   -0.00   -0.07 integ.vbp -0.00 -0.00 omni.gos X     +0.0 ,Y     -0.1. omgD -0.008 omg  +0.00 loop   4788
[0mBatt=23.5 [0m[33mODOM [31mVisionX  +0.00 Y  +0.00 theta   +0.0 elt    0 [0mimu  -0.6 Dt  666 LtCy  333 integ.govd   -0.00   -0.07 integ.vbp -0.00 -0.00 omni.gos X     +0.0 ,Y     -0.0. omgD -0.004 omg  +0.00 loop   4739
[0mBatt=23.5 [0m[33mODOM [31mVisionX  +0.00 Y  +0.00 theta   +0.0 elt    0 [0mimu  -0.6 Dt  682 LtCy  341 integ.govd   -0.00   -0.07 integ.vbp -0.00 -0.00 omni.gos X     +0.0 ,Y     -0.1. omgD -0.008 omg  +0.00 loop   4779
[0mBatt=23.5 [0m[33mODOM [31mVisionX  +0.00 Y  +0.00 theta   +0.0 elt    0 [0mimu  -0.6 Dt  698 LtCy  349 integ.govd   -0.00   -0.07 integ.vbp -0.00 -0.00 omni.gos X     +0.0 ,Y     -0.2. omgD -0.012 omg  +0.00 loop   4771
[0mBatt=23.5 [0m[33mODOM [31mVisionX  +0.00 Y  +0.00 theta   +0.0 elt    0 [0mimu  -0.6 Dt  714 LtCy  357 integ.govd   -0.00   -0.07 integ.vbp -0.00 -0.00 omni.gos X     +0.0 ,Y     -0.0. omgD -0.004 omg  +0.00 loop   4731
[0mBatt=23.5 [0m[33mODOM [31mVisionX  +0.00 Y  +0.00 theta   +0.0 elt    0 [0mimu  -0.6 Dt  730 LtCy  365 integ.govd   -0.00   -0.07 integ.vbp -0.00 -0.00 omni.gos X     +0.0 ,Y     -0.0. omgD -0.004 omg  +0.00 loop   4759
[0mBatt=23.5 [0m[33mODOM [31mVisionX  +0.00 Y  +0.00 theta   +0.0 elt    0 [0mimu  -0.6 Dt  746 LtCy  373 integ.govd   -0.00   -0.08 integ.vbp -0.00 -0.00 omni.gos X     +0.0 ,Y     -0.1. omgD -0.008 omg  +0.00 loop   4752
[0mBatt=23.5 [0m[33mODOM [31mVisionX  +0.00 Y  +0.00 theta   +0.0 elt    0 [0mimu  -0.6 Dt  762 LtCy  381 integ.govd   -0.00   -0.08 integ.vbp -0.00 -0.00 omni.gos X     +0.0 ,Y     +0.1. omgD +0.005 omg  +0.00 loop   4747
[0mBatt=23.5 [0m[33mODOM [31mVisionX  +0.00 Y  +0.00 theta   +0.0 elt    0 [0mimu  -0.6 Dt  778 LtCy  389 integ.govd   -0.00   -0.08 integ.vbp -0.00 -0.00 omni.gos X     +0.0 ,Y     -0.1. omgD -0.006 omg  +0.00 loop   4717
[0mBatt=23.5 [0m[33mODOM [31mVisionX  +0.00 Y  +0.00 theta   +0.0 elt    0 [0mimu  -0.6 Dt  794 LtCy  397 integ.govd   -0.00   -0.08 integ.vbp -0.00 -0.00 omni.gos X     +0.0 ,Y     -0.0. omgD -0.002 omg  +0.00 loop   4741
[0mBatt=23.5 [0m[33mODOM [31mVisionX  +0.00 Y  +0.00 theta   +0.0 elt    0 [0mimu  -0.6 Dt  810 LtCy  405 integ.govd   -0.00   -0.08 integ.vbp -0.00 -0.00 omni.gos X     +0.0 ,Y     -0.1. omgD -0.010 omg  +0.00 loop   4739
[0mBatt=23.5 [0m[33mODOM [31mVisionX  +0.00 Y  +0.00 theta   +0.0 elt    0 [0mimu  -0.6 Dt  826 LtCy  413 integ.govd   -0.00   -0.08 integ.vbp -0.00 -0.00 omni.gos X     +0.0 ,Y     -0.1. omgD -0.006 omg  +0.00 loop   4683
[0mBatt=23.5 [0m[33mODOM [31mVisionX  +0.00 Y  +0.00 theta   +0.0 elt    0 [0mimu  -0.6 Dt  842 LtCy  421 integ.govd   -0.00   -0.08 integ.vbp -0.00 -0.00 omni.gos X     +0.0 ,Y     -0.1. omgD -0.006 omg  +0.00 loop   4730
[0mBatt=23.5 [0m[33mODOM [31mVisionX  +0.00 Y  +0.00 theta   +0.0 elt    0 [0mimu  -0.6 Dt  858 LtCy  429 integ.govd   -0.00   -0.08 integ.vbp -0.00 -0.00 omni.gos X     -0.0 ,Y     -0.1. omgD -0.008 omg  +0.00 loop   4719
[0mBatt=23.5 [0m[33mODOM [31mVisionX  +0.00 Y  +0.00 theta   +0.0 elt    0 [0mimu  -0.6 Dt  874 LtCy  437 integ.govd   -0.00   -0.09 integ.vbp -0.00 -0.00 omni.gos X     +0.0 ,Y     -0.1. omgD -0.006 omg  +0.00 loop   4672
[0mBatt=23.5 [0m[33mODOM [31mVisionX  +0.00 Y  +0.00 theta   +0.0 elt    0 [0mimu  -0.6 Dt  890 LtCy  445 integ.govd   -0.00   -0.09 integ.vbp -0.00 -0.00 omni.gos X     +0.0 ,Y     -0.1. omgD -0.006 omg  +0.00 loop   4712
[0mBatt=23.5 [0m[33mODOM [31mVisionX  +0.00 Y  +0.00 theta   +0.0 elt    0 [0mimu  -0.6 Dt  906 LtCy  453 integ.govd   -0.00   -0.09 integ.vbp -0.00 -0.00 omni.gos X     +0.0 ,Y     -0.1. omgD -0.010 omg  +0.00 loop   4708
[0mBatt=23.5 [0m[33mODOM [31mVisionX  +0.00 Y  +0.00 theta   +0.0 elt    0 [0mimu  -0.6 Dt  922 LtCy  461 integ.govd   -0.00   -0.09 integ.vbp -0.00 -0.00 omni.gos X     +0.0 ,Y     -0.1. omgD -0.006 omg  +0.00 loop   4679
[0mBatt=23.5 [0m[33mODOM [31mVisionX  +0.00 Y  +0.00 theta   +0.0 elt    0 [0mimu  -0.6 Dt  938 LtCy  469 integ.govd   -0.00   -0.09 integ.vbp -0.00 -0.00 omni.gos X     -0.0 ,Y     -0.2. omgD -0.014 omg  +0.00 loop   4681
[0mBatt=23.5 [0m[33mODOM [31mVisionX  +0.00 Y  +0.00 theta   +0.0 elt    0 [0mimu  -0.6 Dt  954 LtCy  477 integ.govd   -0.00   -0.09 integ.vbp -0.00 -0.00 omni.gos X     -0.0 ,Y     -0.1. omgD -0.008 omg  +0.00 loop   4692
[0mBatt=23.5 [0m[33mODOM [31mVisionX  +0.00 Y  +0.00 theta   +0.0 elt    0 [0mimu  -0.6 Dt  970 LtCy  485 integ.govd   -0.00   -0.10 integ.vbp -0.00 -0.00 omni.gos X     +0.0 ,Y     -0.0. omgD -0.004 omg  +0.00 loop   4661
[0mBatt=23.5 [0m[33mODOM [31mVisionX  +0.00 Y  +0.00 theta   +0.0 elt    0 [0mimu  -0.6 Dt  986 LtCy  493 integ.govd   -0.00   -0.10 integ.vbp -0.00 -0.00 omni.gos X     +0.0 ,Y     -0.2. omgD -0.016 omg  +0.00 loop   4658
[0mBatt=23.5 [0m[33mODOM [31mVisionX  +0.00 Y  +0.00 theta   +0.0 elt    0 [0mimu  -0.6 Dt 1002 LtCy  501 integ.govd   -0.00   -0.10 integ.vbp -0.00 -0.00 omni.gos X     -0.0 ,Y     -0.1. omgD -0.006 omg  +0.00 loop   4685
[0mBatt=23.5 [0m[33mODOM [31mVisionX  +0.00 Y  +0.00 theta   +0.0 elt    0 [0mimu  -0.6 Dt 1018 LtCy  509 integ.govd   -0.00   -0.10 integ.vbp -0.00 -0.00 omni.gos X     +0.0 ,Y     -0.0. omgD -0.004 omg  +0.00 loop   4664
[0mBatt=23.5 [0m[33mODOM [31mVisionX  +0.00 Y  +0.00 theta   +0.0 elt    0 [0mimu  -0.6 Dt 1034 LtCy  517 integ.govd   -0.00   -0.10 integ.vbp -0.00 -0.00 omni.gos X     +0.0 ,Y     -0.1. omgD -0.008 omg  +0.00 loop   4637
[0mBatt=23.5 [0m[33mODOM [31mVisionX  +0.00 Y  +0.00 theta   +0.0 elt    0 [0mimu  -0.6 Dt 1050 LtCy  525 integ.govd   -0.00   -0.10 integ.vbp -0.00 -0.00 omni.gos X     +0.0 ,Y     -0.1. omgD -0.010 omg  +0.00 loop   4664
[0mBatt=23.5 [0m[33mODOM [31mVisionX  +0.00 Y  +0.00 theta   +0.0 elt    0 [0mimu  -0.6 Dt 1058 LtCy  529 integ.govd   -0.00   -0.11 integ.vbp -0.00 -0.00 omni.gos X     +0.0 ,Y     -0.1. omgD -0.010 omg  +0.00 loop   2226
[0mBatt=23.5 [0m[33mODOM [31mVisionX  +0.00 Y  +0.00 theta   +0.0 elt    0 [0mimu  -0.6 Dt 1074 LtCy  537 integ.govd   -0.00   -0.11 integ.vbp -0.00 -0.00 omni.gos X     +0.0 ,Y     -0.1. omgD -0.006 omg  +0.00 loop   4648
[0mBatt=23.5 [0m[33mODOM [31mVisionX  +0.00 Y  +0.00 theta   +0.0 elt    0 [0mimu  -0.6 Dt 1090 LtCy  545 integ.govd   -0.00   -0.11 integ.vbp -0.00 -0.00 omni.gos X     +0.0 ,Y     -0.1. omgD -0.010 omg  +0.00 loop   4624
[0mBatt=23.5 [0m[33mODOM [31mVisionX  +0.00 Y  +0.00 theta   +0.0 elt    0 [0mimu  -0.6 Dt 1106 LtCy  553 integ.govd   -0.00   -0.11 integ.vbp -0.00 -0.00 omni.gos X     +0.0 ,Y     -0.1. omgD -0.008 omg  +0.00 loop   4652
[0mBatt=23.5 [0m[33mODOM [31mVisionX  +0.00 Y  +0.00 theta   +0.0 elt    0 [0mimu  -0.6 Dt 1122 LtCy  561 integ.govd   -0.00   -0.11 integ.vbp -0.00 -0.00 omni.gos X     +0.0 ,Y     -0.1. omgD -0.006 omg  +0.00 loop   4635
[0mBatt=23.5 [0m[33mODOM [31mVisionX  +0.00 Y  +0.00 theta   +0.0 elt    0 [0mimu  -0.6 Dt 1138 LtCy  569 integ.govd   -0.00   -0.11 integ.vbp -0.00 -0.00 omni.gos X     +0.0 ,Y     -0.2. omgD -0.016 omg  +0.00 loop   4609
[0mBatt=23.5 [0m[33mODOM [31mVisionX  +0.00 Y  +0.00 theta   +0.0 elt    0 [0mimu  -0.6 Dt 1154 LtCy  577 integ.govd   -0.00   -0.12 integ.vbp -0.00 -0.00 omni.gos X     +0.0 ,Y     -0.2. omgD -0.012 omg  +0.00 loop   4623
[0mBatt=23.5 [0m[33mODOM [31mVisionX  +0.00 Y  +0.00 theta   +0.0 elt    0 [0mimu  -0.6 Dt 1170 LtCy  585 integ.govd   -0.00   -0.12 integ.vbp -0.00 -0.00 omni.gos X     +0.0 ,Y     +0.0. omgD +0.001 omg  +0.00 loop   4633
[0mBatt=23.5 [0m[33mODOM [31mVisionX  +0.00 Y  +0.00 theta   +0.0 elt    0 [0mimu  -0.6 Dt 1186 LtCy  593 integ.govd   -0.00   -0.12 integ.vbp -0.00 -0.00 omni.gos X     +0.0 ,Y     -0.0. omgD -0.004 omg  +0.00 loop   4592
[0mBatt=23.5 [0m[33mODOM [31mVisionX  +0.00 Y  +0.00 theta   +0.0 elt    0 [0mimu  -0.6 Dt 1202 LtCy  601 integ.govd   -0.00   -0.12 integ.vbp -0.00 -0.00 omni.gos X     -0.0 ,Y     -0.0. omgD -0.004 omg  +0.00 loop   4605
[0mBatt=23.5 [0m[33mODOM [31mVisionX  +0.00 Y  +0.00 theta   +0.0 elt    0 [0mimu  -0.6 Dt 1218 LtCy  609 integ.govd   -0.00   -0.12 integ.vbp -0.00 -0.00 omni.gos X     +0.0 ,Y     -0.0. omgD -0.004 omg  +0.00 loop   4613
[0mBatt=23.5 [0m[33mODOM [31mVisionX  +0.00 Y  +0.00 theta   +0.0 elt    0 [0mimu  -0.6 Dt 1234 LtCy  617 integ.govd   -0.00   -0.12 integ.vbp -0.00 -0.00 omni.gos X     +0.0 ,Y     -0.1. omgD -0.008 omg  +0.00 loop   4584
[0mBatt=23.5 [0m[33mODOM [31mVisionX  +0.00 Y  +0.00 theta   +0.0 elt    0 [0mimu  -0.6 Dt 1250 LtCy  625 integ.govd   -0.00   -0.13 integ.vbp -0.00 -0.00 omni.gos X     +0.0 ,Y     +0.0. omgD +0.001 omg  +0.00 loop   4589
[0mBatt=23.5 [0m[33mODOM [31mVisionX  +0.00 Y  +0.00 theta   +0.0 elt    0 [0mimu  -0.6 Dt 1266 LtCy  633 integ.govd   -0.00   -0.13 integ.vbp -0.00 -0.00 omni.gos X     +0.0 ,Y     +0.0. omgD +0.001 omg  +0.00 loop   4590
[0mBatt=23.5 [0m[33mODOM [31mVisionX  +0.00 Y  +0.00 theta   +0.0 elt    0 [0mimu  -0.6 Dt 1282 LtCy  641 integ.govd   -0.00   -0.13 integ.vbp -0.00 -0.00 omni.gos X     +0.0 ,Y     -0.2. omgD -0.012 omg  +0.00 loop   4604
[0mBatt=23.5 [0m[33mODOM [31mVisionX  +0.00 Y  +0.00 theta   +0.0 elt    0 [0mimu  -0.6 Dt 1298 LtCy  649 integ.govd   -0.00   -0.13 integ.vbp -0.00 -0.00 omni.gos X     +0.0 ,Y     -0.2. omgD -0.012 omg  +0.00 loop   4555
[0mBatt=23.5 [0m[33mODOM [31mVisionX  +0.00 Y  +0.00 theta   +0.0 elt    0 [0mimu  -0.6 Dt 1314 LtCy  657 integ.govd   -0.00   -0.13 integ.vbp -0.00 -0.00 omni.gos X     +0.0 ,Y     -0.0. omgD -0.004 omg  +0.00 loop   4580
[0mBatt=23.5 [0m[33mODOM [31mVisionX  +0.00 Y  +0.00 theta   +0.0 elt    0 [0mimu  -0.6 Dt 1330 LtCy  665 integ.govd   -0.00   -0.13 integ.vbp -0.00 -0.00 omni.gos X     +0.0 ,Y     +0.0. omgD +0.001 omg  +0.00 loop   4566
[0mBatt=23.5 [0m[33mODOM [31mVisionX  +0.00 Y  +0.00 theta   +0.0 elt    0 [0mimu  -0.6 Dt 1346 LtCy  673 integ.govd   -0.00   -0.14 integ.vbp -0.00 -0.00 omni.gos X     +0.0 ,Y     -0.0. omgD -0.004 omg  +0.00 loop   4536
[0mBatt=23.5 [0m[33mODOM [31mVisionX  +0.00 Y  +0.00 theta   +0.0 elt    0 [0mimu  -0.6 Dt 1362 LtCy  681 integ.govd   -0.00   -0.14 integ.vbp -0.00 -0.00 omni.gos X     +0.0 ,Y     -0.0. omgD -0.004 omg  +0.00 loop   4568
[0mBatt=23.5 [0m[33mODOM [31mVisionX  +0.00 Y  +0.00 theta   +0.0 elt    0 [0mimu  -0.6 Dt 1378 LtCy  689 integ.govd   -0.00   -0.14 integ.vbp -0.00 -0.00 omni.gos X     +0.0 ,Y     -0.2. omgD -0.016 omg  +0.00 loop   4564
[0mBatt=23.5 [0m[33mODOM [31mVisionX  +0.00 Y  +0.00 theta   +0.0 elt    0 [0mimu  -0.6 Dt 1394 LtCy  697 integ.govd   -0.00   -0.14 integ.vbp -0.00 -0.00 omni.gos X     +0.0 ,Y     -0.1. omgD -0.008 omg  +0.00 loop   4535
[0mBatt=23.5 [0m[33mODOM [31mVisionX  +0.00 Y  +0.00 theta   +0.0 elt    0 [0mimu  -0.6 Dt 1410 LtCy  705 integ.govd   -0.00   -0.14 integ.vbp -0.00 -0.00 omni.gos X     +0.0 ,Y     -0.2. omgD -0.012 omg  +0.00 loop   4541
[0mBatt=23.5 [0m[33mODOM [31mVisionX  +0.00 Y  +0.00 theta   +0.0 elt    0 [0mimu  -0.6 Dt 1426 LtCy  713 integ.govd   -0.00   -0.15 integ.vbp -0.00 -0.00 omni.gos X     +0.0 ,Y     -0.0. omgD -0.004 omg  +0.00 loop   4550
[0mBatt=23.5 [0m[33mODOM [31mVisionX  +0.00 Y  +0.00 theta   +0.0 elt    0 [0mimu  -0.6 Dt 1442 LtCy  721 integ.govd   -0.00   -0.15 integ.vbp -0.00 -0.00 omni.gos X     +0.0 ,Y     +0.0. omgD +0.001 omg  +0.00 loop   4540
[0mBatt=23.5 [0m[33mODOM [31mVisionX  +0.00 Y  +0.00 theta   +0.0 elt    0 [0mimu  -0.6 Dt 1458 LtCy  729 integ.govd   -0.00   -0.15 integ.vbp -0.00 -0.00 omni.gos X     +0.0 ,Y     -0.1. omgD -0.008 omg  +0.00 loop   4513
[0mBatt=23.5 [0m[33mODOM [31mVisionX  +0.00 Y  +0.00 theta   +0.0 elt    0 [0mimu  -0.6 Dt 1474 LtCy  737 integ.govd   -0.00   -0.15 integ.vbp -0.00 -0.00 omni.gos X     +0.0 ,Y     -0.1. omgD -0.008 omg  +0.00 loop   4542
[0mBatt=23.5 [0m[33mODOM [31mVisionX  +0.00 Y  +0.00 theta   +0.0 elt    0 [0mimu  -0.6 Dt 1490 LtCy  745 integ.govd   -0.00   -0.15 integ.vbp -0.00 -0.00 omni.gos X     +0.0 ,Y     -0.0. omgD -0.004 omg  +0.00 loop   4521
[0mBatt=23.5 [0m[33mODOM [31mVisionX  +0.00 Y  +0.00 theta   +0.0 elt    0 [0mimu  -0.6 Dt 1506 LtCy  753 integ.govd   -0.00   -0.15 integ.vbp -0.00 -0.00 omni.gos X     +0.0 ,Y     -0.2. omgD -0.012 omg  +0.00 loop   4490
[0mBatt=23.5 [0m[33mODOM [31mVisionX  +0.00 Y  +0.00 theta   +0.0 elt    0 [0mimu  -0.7 Dt 1522 LtCy  761 integ.govd   -0.00   -0.16 integ.vbp -0.00 -0.00 omni.gos X     +0.0 ,Y     -0.2. omgD -0.016 omg  +0.00 loop   4527
[0mBatt=23.5 [0m[33mODOM [31mVisionX  +0.00 Y  +0.00 theta   +0.0 elt    0 [0mimu  -0.7 Dt 1538 LtCy  769 integ.govd   -0.00   -0.16 integ.vbp -0.00 -0.00 omni.gos X     +0.0 ,Y     -0.0. omgD -0.004 omg  +0.00 loop   4514
[0mBatt=23.5 [0m[33mODOM [31mVisionX  +0.00 Y  +0.00 theta   +0.0 elt    0 [0mimu  -0.7 Dt 1554 LtCy  777 integ.govd   -0.00   -0.16 integ.vbp -0.00 -0.00 omni.gos X     +0.0 ,Y     -0.0. omgD -0.004 omg  +0.00 loop   4490
[0mBatt=23.5 [0m[33mODOM [31mVisionX  +0.00 Y  +0.00 theta   +0.0 elt    0 [0mimu  -0.7 Dt 1570 LtCy  785 integ.govd   -0.00   -0.16 integ.vbp -0.00 -0.00 omni.gos X     +0.0 ,Y     -0.2. omgD -0.012 omg  +0.00 loop   4492
[0mBatt=23.5 [0m[33mODOM [31mVisionX  +0.00 Y  +0.00 theta   +0.0 elt    0 [0mimu  -0.7 Dt 1586 LtCy  793 integ.govd   -0.00   -0.16 integ.vbp -0.00 -0.00 omni.gos X     -0.0 ,Y     -0.1. omgD -0.004 omg  +0.00 loop   4511
[0mBatt=23.5 [0m[33mODOM [31mVisionX  +0.00 Y  +0.00 theta   +0.0 elt    0 [0mimu  -0.7 Dt 1602 LtCy  801 integ.govd   -0.00   -0.16 integ.vbp -0.00 -0.00 omni.gos X     +0.0 ,Y     -0.1. omgD -0.008 omg  +0.00 loop   4476
[0mBatt=23.5 [0m[33mODOM [31mVisionX  +0.00 Y  +0.00 theta   +0.0 elt    0 [0mimu  -0.7 Dt 1618 LtCy  809 integ.govd   -0.00   -0.16 integ.vbp -0.00 -0.00 omni.gos X     -0.0 ,Y     -0.2. omgD -0.012 omg  +0.00 loop   4478
[0mBatt=23.5 [0m[33mODOM [31mVisionX  +0.00 Y  +0.00 theta   +0.0 elt    0 [0mimu  -0.7 Dt 1634 LtCy  817 integ.govd   -0.00   -0.17 integ.vbp -0.00 -0.00 omni.gos X     +0.0 ,Y     -0.2. omgD -0.012 omg  +0.00 loop   4482
[0mBatt=23.5 [0m[33mODOM [31mVisionX  +0.00 Y  +0.00 theta   +0.0 elt    0 [0mimu  -0.7 Dt 1650 LtCy  825 integ.govd   -0.00   -0.17 integ.vbp -0.00 -0.00 omni.gos X     +0.0 ,Y     +0.1. omgD +0.005 omg  +0.00 loop   4471
[0mBatt=23.5 [0m[33mODOM [31mVisionX  +0.00 Y  +0.00 theta   +0.0 elt    0 [0mimu  -0.7 Dt 1666 LtCy  833 integ.govd   -0.00   -0.17 integ.vbp -0.00 -0.00 omni.gos X     +0.0 ,Y     +0.0. omgD +0.001 omg  +0.00 loop   4455
[0mBatt=23.5 [0m[33mODOM [31mVisionX  +0.00 Y  +0.00 theta   +0.0 elt    0 [0mimu  -0.7 Dt 1682 LtCy  841 integ.govd   -0.00   -0.17 integ.vbp -0.00 -0.00 omni.gos X     +0.0 ,Y     -0.2. omgD -0.012 omg  +0.00 loop   4473
[0mBatt=23.5 [0m[33mODOM [31mVisionX  +0.00 Y  +0.00 theta   +0.0 elt    0 [0mimu  -0.7 Dt 1698 LtCy  849 integ.govd   -0.00   -0.17 integ.vbp -0.00 -0.00 omni.gos X     +0.0 ,Y     -0.2. omgD -0.012 omg  +0.00 loop   4474
[0mBatt=23.5 [0m[33mODOM [31mVisionX  +0.00 Y  +0.00 theta   +0.0 elt    0 [0mimu  -0.7 Dt 1714 LtCy  857 integ.govd   -0.00   -0.17 integ.vbp -0.00 -0.00 omni.gos X     +0.0 ,Y     -0.2. omgD -0.012 omg  +0.00 loop   4422
[0mBatt=23.5 [0m[33mODOM [31mVisionX  +0.00 Y  +0.00 theta   +0.0 elt    0 [0mimu  -0.7 Dt 1730 LtCy  865 integ.govd   -0.00   -0.18 integ.vbp -0.00 -0.00 omni.gos X     +0.0 ,Y     -0.2. omgD -0.012 omg  +0.00 loop   4463
[0mBatt=23.5 [0m[33mODOM [31mVisionX  +0.00 Y  +0.00 theta   +0.0 elt    0 [0mimu  -0.7 Dt 1746 LtCy  873 integ.govd   -0.00   -0.18 integ.vbp -0.00 -0.00 omni.gos X     +0.0 ,Y     +0.0. omgD +0.001 omg  +0.00 loop   4454
[0mBatt=23.5 [0m[33mODOM [31mVisionX  +0.00 Y  +0.00 theta   +0.0 elt    0 [0mimu  -0.7 Dt 1762 LtCy  881 integ.govd   -0.00   -0.18 integ.vbp -0.00 -0.00 omni.gos X     +0.0 ,Y     -0.1. omgD -0.008 omg  +0.00 loop   4418
[0mBatt=23.5 [0m[33mODOM [31mVisionX  +0.00 Y  +0.00 theta   +0.0 elt    0 [0mimu  -0.7 Dt 1778 LtCy  889 integ.govd   -0.00   -0.18 integ.vbp -0.00 -0.00 omni.gos X     +0.0 ,Y     -0.0. omgD -0.004 omg  +0.00 loop   4439
[0mBatt=23.5 [0m[33mODOM [31mVisionX  +0.00 Y  +0.00 theta   +0.0 elt    0 [0mimu  -0.7 Dt 1794 LtCy  897 integ.govd   -0.00   -0.18 integ.vbp -0.00 -0.00 omni.gos X     +0.0 ,Y     -0.1. omgD -0.008 omg  +0.00 loop   4440
[0mBatt=23.5 [0m[33mODOM [31mVisionX  +0.00 Y  +0.00 theta   +0.0 elt    0 [0mimu  -0.7 Dt 1810 LtCy  905 integ.govd   -0.00   -0.18 integ.vbp -0.00 -0.00 omni.gos X     +0.0 ,Y     -0.2. omgD -0.012 omg  +0.00 loop   4432
[0mBatt=23.5 [0m[33mODOM [31mVisionX  +0.00 Y  +0.00 theta   +0.0 elt    0 [0mimu  -0.7 Dt 1826 LtCy  913 integ.govd   -0.00   -0.19 integ.vbp -0.00 -0.00 omni.gos X     -0.0 ,Y     -0.2. omgD -0.016 omg  +0.00 loop   4406
[0mBatt=23.5 [0m[33mODOM [31mVisionX  +0.00 Y  +0.00 theta   +0.0 elt    0 [0mimu  -0.7 Dt 1842 LtCy  921 integ.govd   -0.00   -0.19 integ.vbp -0.00 -0.00 omni.gos X     +0.0 ,Y     +0.0. omgD +0.001 omg  +0.00 loop   4430
[0mBatt=23.5 [0m[33mODOM [31mVisionX  +0.00 Y  +0.00 theta   +0.0 elt    0 [0mimu  -0.7 Dt 1858 LtCy  929 integ.govd   -0.00   -0.19 integ.vbp -0.00 -0.00 omni.gos X     +0.0 ,Y     +0.0. omgD +0.001 omg  +0.00 loop   4426
[0mBatt=23.5 [0m[33mODOM [31mVisionX  +0.00 Y  +0.00 theta   +0.0 elt    0 [0mimu  -0.7 Dt 1874 LtCy  937 integ.govd   -0.00   -0.19 integ.vbp -0.00 -0.00 omni.gos X     +0.0 ,Y     -0.1. omgD -0.008 omg  +0.00 loop   4396
[0mBatt=23.5 [0m[33mODOM [31mVisionX  +0.00 Y  +0.00 theta   +0.0 elt    0 [0mimu  -0.7 Dt 1890 LtCy  945 integ.govd   -0.00   -0.19 integ.vbp -0.00 -0.00 omni.gos X     +0.0 ,Y     +0.0. omgD +0.001 omg  +0.00 loop   4424
[0mBatt=23.5 [0m[33mODOM [31mVisionX  +0.00 Y  +0.00 theta   +0.0 elt    0 [0mimu  -0.7 Dt 1906 LtCy  953 integ.govd   -0.00   -0.19 integ.vbp -0.00 -0.00 omni.gos X     +0.0 ,Y     -0.1. omgD -0.008 omg  +0.00 loop   4408
[0mBatt=23.5 [0m[33mODOM [31mVisionX  +0.00 Y  +0.00 theta   +0.0 elt    0 [0mimu  -0.7 Dt 1922 LtCy  961 integ.govd   -0.00   -0.19 integ.vbp -0.00 -0.00 omni.gos X     +0.0 ,Y     +0.0. omgD +0.001 omg  +0.00 loop   4388
[0mBatt=23.5 [0m[33mODOM [31mVisionX  +0.00 Y  +0.00 theta   +0.0 elt    0 [0mimu  -0.7 Dt 1938 LtCy  969 integ.govd   -0.00   -0.19 integ.vbp -0.00 -0.00 omni.gos X     +0.0 ,Y     -0.1. omgD -0.008 omg  +0.00 loop   4398
[0mBatt=23.5 [0m[33mODOM [31mVisionX  +0.00 Y  +0.00 theta   +0.0 elt    0 [0mimu  -0.7 Dt 1954 LtCy  977 integ.govd   -0.00   -0.20 integ.vbp -0.00 -0.00 omni.gos X     +0.0 ,Y     -0.1. omgD -0.008 omg  +0.00 loop   4398
[0mBatt=23.5 [0m[33mODOM [31mVisionX  +0.00 Y  +0.00 theta   +0.0 elt    0 [0mimu  -0.7 Dt 1970 LtCy  985 integ.govd   -0.00   -0.20 integ.vbp -0.00 -0.00 omni.gos X     +0.0 ,Y     -0.1. omgD -0.008 omg  +0.00 loop   4377
[0mBatt=23.5 [0m[33mODOM [31mVisionX  +0.00 Y  +0.00 theta   +0.0 elt    0 [0mimu  -0.7 Dt 1986 LtCy  993 integ.govd   -0.00   -0.20 integ.vbp -0.00 -0.00 omni.gos X     +0.0 ,Y     -0.2. omgD -0.012 omg  +0.00 loop   4381
[0mBatt=23.5 [0m[33mODOM [31mVisionX  +0.00 Y  +0.00 theta   +0.0 elt    0 [0mimu  -0.7 Dt 2002 LtCy 1001 integ.govd   +0.00   +0.00 integ.vbp +0.00 +0.00 omni.gos X     +0.0 ,Y     -0.0. omgD -0.004 omg  +0.00 loop   4387
[0mBatt=23.5 [0m[33mODOM [31mVisionX  +0.00 Y  +0.00 theta   +0.0 elt    0 [0mimu  -0.7 Dt 2018 LtCy 1009 integ.govd   +0.00   +0.00 integ.vbp +0.00 +0.00 omni.gos X     +0.0 ,Y     -0.0. omgD -0.004 omg  +0.00 loop   5010
[0mBatt=23.5 [0m[33mODOM [31mVisionX  +0.00 Y  +0.00 theta   +0.0 elt    0 [0mimu  -0.7 Dt 2034 LtCy 1017 integ.govd   +0.00   +0.00 integ.vbp +0.00 +0.00 omni.gos X     +0.0 ,Y     +0.1. omgD +0.009 omg  +0.00 loop   4996
[0mBatt=23.5 [0m[33mODOM [31mVisionX  +0.00 Y  +0.00 theta   +0.0 elt    0 [0mimu  -0.7 Dt 2050 LtCy 1025 integ.govd   +0.00   +0.00 integ.vbp +0.00 +0.00 omni.gos X     +0.0 ,Y     +0.0. omgD +0.001 omg  +0.00 loop   5019
[0mBatt=23.5 [0m[33mODOM [31mVisionX  +0.00 Y  +0.00 theta   +0.0 elt    0 [0mimu  -0.7 Dt 2058 LtCy 1029 integ.govd   +0.00   +0.00 integ.vbp +0.00 +0.00 omni.gos X     +0.0 ,Y     -0.0. omgD -0.004 omg  +0.00 loop   2420
[0mBatt=23.5 [0m[33mODOM [31mVisionX  +0.00 Y  +0.00 theta   +0.0 elt    0 [0mimu  -0.7 Dt 2074 LtCy 1037 integ.govd   +0.00   +0.00 integ.vbp +0.00 +0.00 omni.gos X     +0.0 ,Y     -0.1. omgD -0.008 omg  +0.00 loop   4999
[0mBatt=23.5 [0m[33mODOM [31mVisionX  +0.00 Y  +0.00 theta   +0.0 elt    0 [0mimu  -0.7 Dt 2090 LtCy 1045 integ.govd   +0.00   +0.00 integ.vbp +0.00 +0.00 omni.gos X     -0.0 ,Y     -0.1. omgD -0.008 omg  +0.00 loop   4994
[0mBatt=23.5 [0m[33mODOM [31mVisionX  +0.00 Y  +0.00 theta   +0.0 elt    0 [0mimu  -0.7 Dt 2106 LtCy 1053 integ.govd   +0.00   +0.00 integ.vbp +0.00 +0.00 omni.gos X     +0.0 ,Y     +0.0. omgD +0.001 omg  +0.00 loop   5013
[0mBatt=23.5 [0m[33mODOM [31mVisionX  +0.00 Y  +0.00 theta   +0.0 elt    0 [0mimu  -0.7 Dt 2122 LtCy 1061 integ.govd   +0.00   +0.00 integ.vbp +0.00 +0.00 omni.gos X     +0.0 ,Y     -0.2. omgD -0.012 omg  +0.00 loop   5002
[0mBatt=23.5 [0m[33mODOM [31mVisionX  +0.00 Y  +0.00 theta   +0.0 elt    0 [0mimu  -0.7 Dt 2138 LtCy 1069 integ.govd   +0.00   +0.00 integ.vbp +0.00 +0.00 omni.gos X     +0.0 ,Y     -0.2. omgD -0.012 omg  +0.00 loop   4982
[0mBatt=23.5 [0m[33mODOM [31mVisionX  +0.00 Y  +0.00 theta   +0.0 elt    0 [0mimu  -0.7 Dt 2154 LtCy 1077 integ.govd   +0.00   +0.00 integ.vbp +0.00 +0.00 omni.gos X     +0.0 ,Y     -0.0. omgD -0.004 omg  +0.00 loop   5012
[0mBatt=23.5 [0m[33mODOM [31mVisionX  +0.00 Y  +0.00 theta   +0.0 elt    0 [0mimu  -0.7 Dt 2170 LtCy 1085 integ.govd   +0.00   +0.00 integ.vbp +0.00 +0.00 omni.gos X     -0.0 ,Y     -0.0. omgD -0.004 omg  +0.00 loop   5016
[0mBatt=23.5 [0m[33mODOM [31mVisionX  +0.00 Y  +0.00 theta   +0.0 elt    0 [0mimu  -0.7 Dt 2186 LtCy 1093 integ.govd   +0.00   +0.00 integ.vbp +0.00 +0.00 omni.gos X     +0.0 ,Y     -0.1. omgD -0.008 omg  +0.00 loop   4967
[0mBatt=23.5 [0m[33mODOM [31mVisionX  +0.00 Y  +0.00 theta   +0.0 elt    0 [0mimu  -0.7 Dt 2202 LtCy 1101 integ.govd   +0.00   +0.00 integ.vbp +0.00 +0.00 omni.gos X     +0.0 ,Y     -0.0. omgD -0.004 omg  +0.00 loop   5016
[0mBatt=23.5 [0m[33mODOM [31mVisionX  +0.00 Y  +0.00 theta   +0.0 elt    0 [0mimu  -0.7 Dt 2218 LtCy 1109 integ.govd   +0.00   +0.00 integ.vbp +0.00 +0.00 omni.gos X     +0.0 ,Y     -0.1. omgD -0.008 omg  +0.00 loop   5020
[0mBatt=23.5 [0m[33mODOM [31mVisionX  +0.00 Y  +0.00 theta   +0.0 elt    0 [0mimu  -0.7 Dt 2234 LtCy 1117 integ.govd   +0.00   +0.00 integ.vbp +0.00 +0.00 omni.gos X     +0.0 ,Y     -0.1. omgD -0.006 omg  +0.00 loop   4974
[0mBatt=23.5 [0m[33mODOM [31mVisionX  +0.00 Y  +0.00 theta   +0.0 elt    0 [0mimu  -0.7 Dt 2250 LtCy 1125 integ.govd   +0.00   +0.00 integ.vbp +0.00 +0.00 omni.gos X     +0.0 ,Y     -0.1. omgD -0.006 omg  +0.00 loop   5006
[0mBatt=23.5 [0m[33mODOM [31mVisionX  +0.00 Y  +0.00 theta   +0.0 elt    0 [0mimu  -0.7 Dt 2266 LtCy 1133 integ.govd   +0.00   +0.00 integ.vbp +0.00 +0.00 omni.gos X     +0.0 ,Y     -0.0. omgD -0.002 omg  +0.00 loop   5011
[0mBatt=23.5 [0m[33mODOM [31mVisionX  +0.00 Y  +0.00 theta   +0.0 elt    0 [0mimu  -0.7 Dt 2282 LtCy 1141 integ.govd   +0.00   +0.00 integ.vbp +0.00 +0.00 omni.gos X     +0.0 ,Y     -0.1. omgD -0.008 omg  +0.00 loop   5001
[0mBatt=23.5 [0m[33mODOM [31mVisionX  +0.00 Y  +0.00 theta   +0.0 elt    0 [0mimu  -0.7 Dt 2298 LtCy 1149 integ.govd   +0.00   +0.00 integ.vbp +0.00 +0.00 omni.gos X     +0.0 ,Y     -0.1. omgD -0.006 omg  +0.00 loop   4987
[0mBatt=23.5 [0m[33mODOM [31mVisionX  +0.00 Y  +0.00 theta   +0.0 elt    0 [0mimu  -0.7 Dt 2314 LtCy 1157 integ.govd   +0.00   +0.00 integ.vbp +0.00 +0.00 omni.gos X     -0.0 ,Y     -0.1. omgD -0.006 omg  +0.00 loop   5019
[0mBatt=23.5 [0m[33mODOM [31mVisionX  +0.00 Y  +0.00 theta   +0.0 elt    0 [0mimu  -0.7 Dt 2330 LtCy 1165 integ.govd   +0.00   +0.00 integ.vbp +0.00 +0.00 omni.gos X     +0.0 ,Y     -0.0. omgD -0.004 omg  +0.00 loop   5001
[0mBatt=23.5 [0m[33mODOM [31mVisionX  +0.00 Y  +0.00 theta   +0.0 elt    0 [0mimu  -0.7 Dt 2346 LtCy 1173 integ.govd   +0.00   +0.00 integ.vbp +0.00 +0.00 omni.gos X     +0.0 ,Y     +0.0. omgD +0.001 omg  +0.00 loop   4973
[0mBatt=23.5 [0m[33mODOM [31mVisionX  +0.00 Y  +0.00 theta   +0.0 elt    0 [0mimu  -0.7 Dt 2362 LtCy 1181 integ.govd   +0.00   +0.00 integ.vbp +0.00 +0.00 omni.gos X     +0.0 ,Y     -0.1. omgD -0.006 omg  +0.00 loop   5022
[0mBatt=23.5 [0m[33mODOM [31mVisionX  +0.00 Y  +0.00 theta   +0.0 elt    0 [0mimu  -0.7 Dt 2378 LtCy 1189 integ.govd   +0.00   +0.00 integ.vbp +0.00 +0.00 omni.gos X     +0.0 ,Y     -0.0. omgD -0.004 omg  +0.00 loop   5010
[0mBatt=23.5 [0m[33mODOM [31mVisionX  +0.00 Y  +0.00 theta   +0.0 elt    0 [0mimu  -0.7 Dt 2394 LtCy 1197 integ.govd   +0.00   +0.00 integ.vbp +0.00 +0.00 omni.gos X     +0.0 ,Y     -0.0. omgD -0.004 omg  +0.00 loop   4975
[0mBatt=23.5 [0m[33mODOM [31mVisionX  +0.00 Y  +0.00 theta   +0.0 elt    0 [0mimu  -0.7 Dt 2410 LtCy 1205 integ.govd   +0.00   +0.00 integ.vbp +0.00 +0.00 omni.gos X     -0.0 ,Y     -0.1. omgD -0.008 omg  +0.00 loop   5006
[0mBatt=23.5 [0m[33mODOM [31mVisionX  +0.00 Y  +0.00 theta   +0.0 elt    0 [0mimu  -0.7 Dt 2426 LtCy 1213 integ.govd   +0.00   +0.00 integ.vbp +0.00 +0.00 omni.gos X     +0.0 ,Y     -0.0. omgD -0.004 omg  +0.00 loop   5004
[0mBatt=23.5 [0m[33mODOM [31mVisionX  +0.00 Y  +0.00 theta   +0.0 elt    0 [0mimu  -0.7 Dt 2442 LtCy 1221 integ.govd   +0.00   +0.00 integ.vbp +0.00 +0.00 omni.gos X     +0.0 ,Y     -0.1. omgD -0.006 omg  +0.00 loop   4997
[0mBatt=23.5 [0m[33mODOM [31mVisionX  +0.00 Y  +0.00 theta   +0.0 elt    0 [0mimu  -0.7 Dt 2458 LtCy 1229 integ.govd   +0.00   +0.00 integ.vbp +0.00 +0.00 omni.gos X     +0.0 ,Y     -0.0. omgD -0.004 omg  +0.00 loop   4996
[0mBatt=23.5 [0m[33mODOM [31mVisionX  +0.00 Y  +0.00 theta   +0.0 elt    0 [0mimu  -0.7 Dt 2474 LtCy 1237 integ.govd   +0.00   +0.00 integ.vbp +0.00 +0.00 omni.gos X     +0.0 ,Y     +0.0. omgD +0.001 omg  +0.00 loop   5015
[0mBatt=23.5 [0m[33mODOM [31mVisionX  +0.00 Y  +0.00 theta   +0.0 elt    0 [0mimu  -0.7 Dt 2490 LtCy 1245 integ.govd   +0.00   +0.00 integ.vbp +0.00 +0.00 omni.gos X     +0.0 ,Y     +0.1. omgD +0.005 omg  +0.00 loop   5000
[0mBatt=23.5 [0m[33mODOM [31mVisionX  +0.00 Y  +0.00 theta   +0.0 elt    0 [0mimu  -0.7 Dt 2506 LtCy 1253 integ.govd   +0.00   +0.00 integ.vbp +0.00 +0.00 omni.gos X     +0.0 ,Y     +0.0. omgD +0.003 omg  +0.00 loop   4983
[0mBatt=23.5 [0m[33mODOM [31mVisionX  +0.00 Y  +0.00 theta   +0.0 elt    0 [0mimu  -0.7 Dt 2522 LtCy 1261 integ.govd   +0.00   +0.00 integ.vbp +0.00 +0.00 omni.gos X     -0.0 ,Y     -0.0. omgD -0.004 omg  +0.00 loop   5015
[0mBatt=23.5 [0m[33mODOM [31mVisionX  +0.00 Y  +0.00 theta   +0.0 elt    0 [0mimu  -0.7 Dt 2538 LtCy 1269 integ.govd   +0.00   +0.00 integ.vbp +0.00 +0.00 omni.gos X     +0.0 ,Y     -0.1. omgD -0.006 omg  +0.00 loop   5007
[0mBatt=23.5 [0m[33mODOM [31mVisionX  +0.00 Y  +0.00 theta   +0.0 elt    0 [0mimu  -0.7 Dt 2554 LtCy 1277 integ.govd   +0.00   +0.00 integ.vbp +0.00 +0.00 omni.gos X     +0.0 ,Y     -0.1. omgD -0.006 omg  +0.00 loop   4977
[0mBatt=23.5 [0m[33mODOM [31mVisionX  +0.00 Y  +0.00 theta   +0.0 elt    0 [0mimu  -0.7 Dt 2570 LtCy 1285 integ.govd   +0.00   +0.00 integ.vbp +0.00 +0.00 omni.gos X     +0.0 ,Y     -0.0. omgD -0.002 omg  +0.00 loop   5011
[0mBatt=23.5 [0m[33mODOM [31mVisionX  +0.00 Y  +0.00 theta   +0.0 elt    0 [0mimu  -0.7 Dt 2586 LtCy 1293 integ.govd   +0.00   +0.00 integ.vbp +0.00 +0.00 omni.gos X     +0.0 ,Y     -0.1. omgD -0.006 omg  +0.00 loop   5021
[0mBatt=23.5 [0m[33mODOM [31mVisionX  +0.00 Y  +0.00 theta   +0.0 elt    0 [0mimu  -0.7 Dt 2602 LtCy 1301 integ.govd   +0.00   +0.00 integ.vbp +0.00 +0.00 omni.gos X     -0.0 ,Y     -0.1. omgD -0.008 omg  +0.00 loop   4979
[0mBatt=23.5 [0m[33mODOM [31mVisionX  +0.00 Y  +0.00 theta   +0.0 elt    0 [0mimu  -0.7 Dt 2618 LtCy 1309 integ.govd   +0.00   +0.00 integ.vbp +0.00 +0.00 omni.gos X     +0.0 ,Y     -0.0. omgD -0.004 omg  +0.00 loop   4996
[0mBatt=23.5 [0m[33mODOM [31mVisionX  +0.00 Y  +0.00 theta   +0.0 elt    0 [0mimu  -0.7 Dt 2634 LtCy 1317 integ.govd   +0.00   +0.00 integ.vbp +0.00 +0.00 omni.gos X     +0.0 ,Y     -0.0. omgD -0.004 omg  +0.00 loop   5010
[0mBatt=23.5 [0m[33mODOM [31mVisionX  +0.00 Y  +0.00 theta   +0.0 elt    0 [0mimu  -0.7 Dt 2650 LtCy 1325 integ.govd   +0.00   +0.00 integ.vbp +0.00 +0.00 omni.gos X     +0.0 ,Y     +0.0. omgD +0.001 omg  +0.00 loop   4989
[0mBatt=23.5 [0m[33mODOM [31mVisionX  +0.00 Y  +0.00 theta   +0.0 elt    0 [0mimu  -0.7 Dt 2666 LtCy 1333 integ.govd   +0.00   +0.00 integ.vbp +0.00 +0.00 omni.gos X     +0.0 ,Y     -0.2. omgD -0.012 omg  +0.00 loop   4999
[0mBatt=23.5 [0m[33mODOM [31mVisionX  +0.00 Y  +0.00 theta   +0.0 elt    0 [0mimu  -0.7 Dt 2682 LtCy 1341 integ.govd   +0.00   +0.00 integ.vbp +0.00 +0.00 omni.gos X     +0.0 ,Y     +0.1. omgD +0.005 omg  +0.00 loop   5010
[0mBatt=23.5 [0m[33mODOM [31mVisionX  +0.00 Y  +0.00 theta   +0.0 elt    0 [0mimu  -0.7 Dt 2698 LtCy 1349 integ.govd   +0.00   +0.00 integ.vbp +0.00 +0.00 omni.gos X     +0.0 ,Y     -0.0. omgD -0.004 omg  +0.00 loop   5013
[0mBatt=23.5 [0m[33mODOM [31mVisionX  +0.00 Y  +0.00 theta   +0.0 elt    0 [0mimu  -0.7 Dt 2714 LtCy 1357 integ.govd   +0.00   +0.00 integ.vbp +0.00 +0.00 omni.gos X     +0.0 ,Y     +0.0. omgD +0.001 omg  +0.00 loop   4976
[0mBatt=23.5 [0m[33mODOM [31mVisionX  +0.00 Y  +0.00 theta   +0.0 elt    0 [0mimu  -0.7 Dt 2730 LtCy 1365 integ.govd   +0.00   +0.00 integ.vbp +0.00 +0.00 omni.gos X     +0.0 ,Y     -0.1. omgD -0.008 omg  +0.00 loop   5019
[0mBatt=23.5 [0m[33mODOM [31mVisionX  +0.00 Y  +0.00 theta   +0.0 elt    0 [0mimu  -0.7 Dt 2746 LtCy 1373 integ.govd   +0.00   +0.00 integ.vbp +0.00 +0.00 omni.gos X     -0.0 ,Y     -0.1. omgD -0.008 omg  +0.00 loop   5013
[0mBatt=23.5 [0m[33mODOM [31mVisionX  +0.00 Y  +0.00 theta   +0.0 elt    0 [0mimu  -0.7 Dt 2762 LtCy 1381 integ.govd   +0.00   +0.00 integ.vbp +0.00 +0.00 omni.gos X     +0.0 ,Y     +0.1. omgD +0.005 omg  +0.00 loop   4970
[0mBatt=23.5 [0m[33mODOM [31mVisionX  +0.00 Y  +0.00 theta   +0.0 elt    0 [0mimu  -0.7 Dt 2778 LtCy 1389 integ.govd   +0.00   +0.00 integ.vbp +0.00 +0.00 omni.gos X     +0.0 ,Y     +0.0. omgD +0.001 omg  +0.00 loop   5004
[0mBatt=23.5 [0m[33mODOM [31mVisionX  +0.00 Y  +0.00 theta   +0.0 elt    0 [0mimu  -0.7 Dt 2794 LtCy 1397 integ.govd   +0.00   +0.00 integ.vbp +0.00 +0.00 omni.gos X     +0.0 ,Y     -0.2. omgD -0.012 omg  +0.00 loop   5017
[0mBatt=23.5 [0m[33mODOM [31mVisionX  +0.00 Y  +0.00 theta   +0.0 elt    0 [0mimu  -0.7 Dt 2810 LtCy 1405 integ.govd   +0.00   +0.00 integ.vbp +0.00 +0.00 omni.gos X     +0.0 ,Y     -0.1. omgD -0.008 omg  +0.00 loop   4990
[0mBatt=23.5 [0m[33mODOM [31mVisionX  +0.00 Y  +0.00 theta   +0.0 elt    0 [0mimu  -0.7 Dt 2826 LtCy 1413 integ.govd   +0.00   +0.00 integ.vbp +0.00 +0.00 omni.gos X     -0.0 ,Y     -0.1. omgD -0.008 omg  +0.00 loop   4988
[0mBatt=23.5 [0m[33mODOM [31mVisionX  +0.00 Y  +0.00 theta   +0.0 elt    0 [0mimu  -0.7 Dt 2842 LtCy 1421 integ.govd   +0.00   +0.00 integ.vbp +0.00 +0.00 omni.gos X     +0.0 ,Y     -0.1. omgD -0.008 omg  +0.00 loop   5017
[0mBatt=23.5 [0m[33mODOM [31mVisionX  +0.00 Y  +0.00 theta   +0.0 elt    0 [0mimu  -0.7 Dt 2858 LtCy 1429 integ.govd   +0.00   +0.00 integ.vbp +0.00 +0.00 omni.gos X     +0.0 ,Y     -0.2. omgD -0.016 omg  +0.00 loop   4998
[0mBatt=23.5 [0m[33mODOM [31mVisionX  +0.00 Y  +0.00 theta   +0.0 elt    0 [0mimu  -0.7 Dt 2874 LtCy 1437 integ.govd   +0.00   +0.00 integ.vbp +0.00 +0.00 omni.gos X     +0.0 ,Y     -0.1. omgD -0.008 omg  +0.00 loop   4977
[0mBatt=23.5 [0m[33mODOM [31mVisionX  +0.00 Y  +0.00 theta   +0.0 elt    0 [0mimu  -0.7 Dt 2890 LtCy 1445 integ.govd   +0.00   +0.00 integ.vbp +0.00 +0.00 omni.gos X     +0.0 ,Y     -0.0. omgD -0.004 omg  +0.00 loop   5015
[0mBatt=23.5 [0m[33mODOM [31mVisionX  +0.00 Y  +0.00 theta   +0.0 elt    0 [0mimu  -0.7 Dt 2906 LtCy 1453 integ.govd   +0.00   +0.00 integ.vbp +0.00 +0.00 omni.gos X     +0.0 ,Y     -0.1. omgD -0.008 omg  +0.00 loop   4997
[0mBatt=23.5 [0m[33mODOM [31mVisionX  +0.00 Y  +0.00 theta   +0.0 elt    0 [0mimu  -0.7 Dt 2922 LtCy 1461 integ.govd   +0.00   +0.00 integ.vbp +0.00 +0.00 omni.gos X     +0.0 ,Y     -0.1. omgD -0.008 omg  +0.00 loop   4982
[0mBatt=23.5 [0m[33mODOM [31mVisionX  +0.00 Y  +0.00 theta   +0.0 elt    0 [0mimu  -0.7 Dt 2938 LtCy 1469 integ.govd   +0.00   +0.00 integ.vbp +0.00 +0.00 omni.gos X     +0.0 ,Y     -0.1. omgD -0.008 omg  +0.00 loop   5004
[0mBatt=23.5 [0m[33mODOM [31mVisionX  +0.00 Y  +0.00 theta   +0.0 elt    0 [0mimu  -0.7 Dt 2954 LtCy 1477 integ.govd   +0.00   +0.00 integ.vbp +0.00 +0.00 omni.gos X     +0.0 ,Y     -0.2. omgD -0.016 omg  +0.00 loop   5017
[0mBatt=23.5 [0m[33mODOM [31mVisionX  +0.00 Y  +0.00 theta   +0.0 elt    0 [0mimu  -0.7 Dt 2970 LtCy 1485 integ.govd   +0.00   +0.00 integ.vbp +0.00 +0.00 omni.gos X     +0.0 ,Y     -0.1. omgD -0.008 omg  +0.00 loop   4968
[0mBatt=23.5 [0m[33mODOM [31mVisionX  +0.00 Y  +0.00 theta   +0.0 elt    0 [0mimu  -0.7 Dt 2986 LtCy 1493 integ.govd   +0.00   +0.00 integ.vbp +0.00 +0.00 omni.gos X     -0.0 ,Y     -0.1. omgD -0.008 omg  +0.00 loop   5008
[0mBatt=23.5 [0m[33mODOM [31mVisionX  +0.00 Y  +0.00 theta   +0.0 elt    0 [0mimu  -0.7 Dt 3002 LtCy 1501 integ.govd   +0.00   +0.00 integ.vbp +0.00 +0.00 omni.gos X     +0.0 ,Y     -0.1. omgD -0.008 omg  +0.00 loop   5007
[0mBatt=23.5 [0m[33mODOM [31mVisionX  +0.00 Y  +0.00 theta   +0.0 elt    0 [0mimu  -0.7 Dt 3018 LtCy 1509 integ.govd   +0.00   +0.00 integ.vbp +0.00 +0.00 omni.gos X     -0.0 ,Y     -0.2. omgD -0.012 omg  +0.00 loop   4984
[0mBatt=23.5 [0m[33mODOM [31mVisionX  +0.00 Y  +0.00 theta   +0.0 elt    0 [0mimu  -0.7 Dt 3034 LtCy 1517 integ.govd   +0.00   +0.00 integ.vbp +0.00 +0.00 omni.gos X     +0.0 ,Y     +0.0. omgD +0.001 omg  +0.00 loop   4988
[0mBatt=23.5 [0m[33mODOM [31mVisionX  +0.00 Y  +0.00 theta   +0.0 elt    0 [0mimu  -0.7 Dt 3050 LtCy 1525 integ.govd   +0.00   +0.00 integ.vbp +0.00 +0.00 omni.gos X     +0.0 ,Y     -0.1. omgD -0.008 omg  +0.00 loop   5010
[0mBatt=23.5 [0m[33mODOM [31mVisionX  +0.00 Y  +0.00 theta   +0.0 elt    0 [0mimu  -0.7 Dt 3058 LtCy 1529 integ.govd   +0.00   +0.00 integ.vbp +0.00 +0.00 omni.gos X     +0.0 ,Y     +0.1. omgD +0.005 omg  +0.00 loop   2417
[0mBatt=23.5 [0m[33mODOM [31mVisionX  +0.00 Y  +0.00 theta   +0.0 elt    0 [0mimu  -0.7 Dt 3074 LtCy 1537 integ.govd   +0.00   +0.00 integ.vbp +0.00 +0.00 omni.gos X     +0.0 ,Y     -0.2. omgD -0.012 omg  +0.00 loop   4984
[0mBatt=23.5 [0m[33mODOM [31mVisionX  +0.00 Y  +0.00 theta   +0.0 elt    0 [0mimu  -0.7 Dt 3090 LtCy 1545 integ.govd   +0.00   +0.00 integ.vbp +0.00 +0.00 omni.gos X     +0.0 ,Y     +0.0. omgD +0.001 omg  +0.00 loop   5004
[0mBatt=23.5 [0m[33mODOM [31mVisionX  +0.00 Y  +0.00 theta   +0.0 elt    0 [0mimu  -0.7 Dt 3106 LtCy 1553 integ.govd   +0.00   +0.00 integ.vbp +0.00 +0.00 omni.gos X     +0.0 ,Y     -0.2. omgD -0.012 omg  +0.00 loop   5017
[0mBatt=23.5 [0m[33mODOM [31mVisionX  +0.00 Y  +0.00 theta   +0.0 elt    0 [0mimu  -0.7 Dt 3122 LtCy 1561 integ.govd   +0.00   +0.00 integ.vbp +0.00 +0.00 omni.gos X     +0.0 ,Y     -0.2. omgD -0.012 omg  +0.00 loop   4989
[0mBatt=23.5 [0m[33mODOM [31mVisionX  +0.00 Y  +0.00 theta   +0.0 elt    0 [0mimu  -0.7 Dt 3138 LtCy 1569 integ.govd   +0.00   +0.00 integ.vbp +0.00 +0.00 omni.gos X     +0.0 ,Y     -0.2. omgD -0.012 omg  +0.00 loop   4989
[0mBatt=23.5 [0m[33mODOM [31mVisionX  +0.00 Y  +0.00 theta   +0.0 elt    0 [0mimu  -0.7 Dt 3154 LtCy 1577 integ.govd   +0.00   +0.00 integ.vbp +0.00 +0.00 omni.gos X     +0.0 ,Y     -0.1. omgD -0.008 omg  +0.00 loop   5003
[0mBatt=23.5 [0m[33mODOM [31mVisionX  +0.00 Y  +0.00 theta   +0.0 elt    0 [0mimu  -0.7 Dt 3170 LtCy 1585 integ.govd   +0.00   +0.00 integ.vbp +0.00 +0.00 omni.gos X     -0.0 ,Y     -0.1. omgD -0.008 omg  +0.00 loop   4999
[0mBatt=23.5 [0m[33mODOM [31mVisionX  +0.00 Y  +0.00 theta   +0.0 elt    0 [0mimu  -0.7 Dt 3186 LtCy 1593 integ.govd   +0.00   +0.00 integ.vbp +0.00 +0.00 omni.gos X     +0.0 ,Y     -0.1. omgD -0.008 omg  +0.00 loop   4976
[0mBatt=23.5 [0m[33mODOM [31mVisionX  +0.00 Y  +0.00 theta   +0.0 elt    0 [0mimu  -0.7 Dt 3202 LtCy 1601 integ.govd   +0.00   +0.00 integ.vbp +0.00 +0.00 omni.gos X     +0.0 ,Y     -0.2. omgD -0.012 omg  +0.00 loop   5012
[0mBatt=23.5 [0m[33mODOM [31mVisionX  +0.00 Y  +0.00 theta   +0.0 elt    0 [0mimu  -0.7 Dt 3218 LtCy 1609 integ.govd   +0.00   +0.00 integ.vbp +0.00 +0.00 omni.gos X     +0.0 ,Y     -0.0. omgD -0.004 omg  +0.00 loop   5015
[0mBatt=23.5 [0m[33mODOM [31mVisionX  +0.00 Y  +0.00 theta   +0.0 elt    0 [0mimu  -0.7 Dt 3234 LtCy 1617 integ.govd   +0.00   +0.00 integ.vbp +0.00 +0.00 omni.gos X     +0.0 ,Y     -0.0. omgD -0.004 omg  +0.00 loop   4965
[0mBatt=23.5 [0m[33mODOM [31mVisionX  +0.00 Y  +0.00 theta   +0.0 elt    0 [0mimu  -0.7 Dt 3250 LtCy 1625 integ.govd   +0.00   +0.00 integ.vbp +0.00 +0.00 omni.gos X     +0.0 ,Y     +0.1. omgD +0.005 omg  +0.00 loop   5015
[0mBatt=23.5 [0m[33mODOM [31mVisionX  +0.00 Y  +0.00 theta   +0.0 elt    0 [0mimu  -0.7 Dt 3266 LtCy 1633 integ.govd   +0.00   +0.00 integ.vbp +0.00 +0.00 omni.gos X     +0.0 ,Y     -0.0. omgD -0.004 omg  +0.00 loop   5004
[0mBatt=23.5 [0m[33mODOM [31mVisionX  +0.00 Y  +0.00 theta   +0.0 elt    0 [0mimu  -0.7 Dt 3282 LtCy 1641 integ.govd   +0.00   +0.00 integ.vbp +0.00 +0.00 omni.gos X     +0.0 ,Y     -0.1. omgD -0.008 omg  +0.00 loop   4986
[0mBatt=23.5 [0m[33mODOM [31mVisionX  +0.00 Y  +0.00 theta   +0.0 elt    0 [0mimu  -0.7 Dt 3298 LtCy 1649 integ.govd   +0.00   +0.00 integ.vbp +0.00 +0.00 omni.gos X     +0.0 ,Y     -0.0. omgD -0.004 omg  +0.00 loop   4998
[0mBatt=23.5 [0m[33mODOM [31mVisionX  +0.00 Y  +0.00 theta   +0.0 elt    0 [0mimu  -0.7 Dt 3314 LtCy 1657 integ.govd   +0.00   +0.00 integ.vbp +0.00 +0.00 omni.gos X     -0.0 ,Y     -0.2. omgD -0.012 omg  +0.00 loop   5013
[0mBatt=23.5 [0m[33mODOM [31mVisionX  +0.00 Y  +0.00 theta   +0.0 elt    0 [0mimu  -0.7 Dt 3330 LtCy 1665 integ.govd   +0.00   +0.00 integ.vbp +0.00 +0.00 omni.gos X     +0.0 ,Y     -0.0. omgD -0.004 omg  +0.00 loop   4994
[0mBatt=23.5 [0m[33mODOM [31mVisionX  +0.00 Y  +0.00 theta   +0.0 elt    0 [0mimu  -0.7 Dt 3346 LtCy 1673 integ.govd   +0.00   +0.00 integ.vbp +0.00 +0.00 omni.gos X     +0.0 ,Y     -0.0. omgD -0.004 omg  +0.00 loop   4977
[0mBatt=23.5 [0m[33mODOM [31mVisionX  +0.00 Y  +0.00 theta   +0.0 elt    0 [0mimu  -0.7 Dt 3362 LtCy 1681 integ.govd   +0.00   +0.00 integ.vbp +0.00 +0.00 omni.gos X     +0.0 ,Y     -0.0. omgD -0.004 omg  +0.00 loop   5022
[0mBatt=23.5 [0m[33mODOM [31mVisionX  +0.00 Y  +0.00 theta   +0.0 elt    0 [0mimu  -0.7 Dt 3378 LtCy 1689 integ.govd   +0.00   +0.00 integ.vbp +0.00 +0.00 omni.gos X     +0.0 ,Y     -0.1. omgD -0.004 omg  +0.00 loop   5006
[0mBatt=23.5 [0m[33mODOM [31mVisionX  +0.00 Y  +0.00 theta   +0.0 elt    0 [0mimu  -0.7 Dt 3394 LtCy 1697 integ.govd   +0.00   +0.00 integ.vbp +0.00 +0.00 omni.gos X     +0.0 ,Y     +0.0. omgD +0.001 omg  +0.00 loop   4978
[0mBatt=23.5 [0m[33mODOM [31mVisionX  +0.00 Y  +0.00 theta   +0.0 elt    0 [0mimu  -0.7 Dt 3410 LtCy 1705 integ.govd   +0.00   +0.00 integ.vbp +0.00 +0.00 omni.gos X     +0.0 ,Y     -0.0. omgD -0.004 omg  +0.00 loop   5015
[0mBatt=23.5 [0m[33mODOM [31mVisionX  +0.00 Y  +0.00 theta   +0.0 elt    0 [0mimu  -0.7 Dt 3426 LtCy 1713 integ.govd   +0.00   +0.00 integ.vbp +0.00 +0.00 omni.gos X     +0.0 ,Y     -0.1. omgD -0.008 omg  +0.00 loop   5004
[0mBatt=23.5 [0m[33mODOM [31mVisionX  +0.00 Y  +0.00 theta   +0.0 elt    0 [0mimu  -0.7 Dt 3442 LtCy 1721 integ.govd   +0.00   +0.00 integ.vbp +0.00 +0.00 omni.gos X     +0.0 ,Y     -0.2. omgD -0.016 omg  +0.00 loop   4982
[0mBatt=23.5 [0m[33mODOM [31mVisionX  +0.00 Y  +0.00 theta   +0.0 elt    0 [0mimu  -0.7 Dt 3458 LtCy 1729 integ.govd   +0.00   +0.00 integ.vbp +0.00 +0.00 omni.gos X     -0.0 ,Y     -0.2. omgD -0.012 omg  +0.00 loop   5002
[0mBatt=23.5 [0m[33mODOM [31mVisionX  +0.00 Y  +0.00 theta   +0.0 elt    0 [0mimu  -0.7 Dt 3474 LtCy 1737 integ.govd   +0.00   +0.00 integ.vbp +0.00 +0.00 omni.gos X     -0.0 ,Y     -0.2. omgD -0.012 omg  +0.00 loop   5009
[0mBatt=23.5 [0m[33mODOM [31mVisionX  +0.00 Y  +0.00 theta   +0.0 elt    0 [0mimu  -0.7 Dt 3490 LtCy 1745 integ.govd   +0.00   +0.00 integ.vbp +0.00 +0.00 omni.gos X     +0.0 ,Y     -0.2. omgD -0.012 omg  +0.00 loop   4973
[0mBatt=23.5 [0m[33mODOM [31mVisionX  +0.00 Y  +0.00 theta   +0.0 elt    0 [0mimu  -0.7 Dt 3506 LtCy 1753 integ.govd   +0.00   +0.00 integ.vbp +0.00 +0.00 omni.gos X     +0.0 ,Y     -0.0. omgD -0.004 omg  +0.00 loop   4997
[0mBatt=23.6 [0m[33mODOM [31mVisionX  +0.00 Y  +0.00 theta   +0.0 elt    0 [0mimu  -0.7 Dt 3522 LtCy 1761 integ.govd   +0.00   +0.00 integ.vbp +0.00 +0.00 omni.gos X     +0.0 ,Y     -0.0. omgD -0.004 omg  +0.00 loop   5016
[0mBatt=23.6 [0m[33mODOM [31mVisionX  +0.00 Y  +0.00 theta   +0.0 elt    0 [0mimu  -0.7 Dt 3538 LtCy 1769 integ.govd   +0.00   +0.00 integ.vbp +0.00 +0.00 omni.gos X     +0.0 ,Y     +0.0. omgD +0.001 omg  +0.00 loop   4996
[0mBatt=23.6 [0m[33mODOM [31mVisionX  +0.00 Y  +0.00 theta   +0.0 elt    0 [0mimu  -0.7 Dt 3554 LtCy 1777 integ.govd   +0.00   +0.00 integ.vbp +0.00 +0.00 omni.gos X     +0.0 ,Y     -0.0. omgD -0.004 omg  +0.00 loop   4988
[0mBatt=23.5 [0m[33mODOM [31mVisionX  +0.00 Y  +0.00 theta   +0.0 elt    0 [0mimu  -0.7 Dt 3570 LtCy 1785 integ.govd   +0.00   +0.00 integ.vbp +0.00 +0.00 omni.gos X     +0.0 ,Y     +0.0. omgD +0.001 omg  +0.00 loop   5011
[0mBatt=23.5 [0m[33mODOM [31mVisionX  +0.00 Y  +0.00 theta   +0.0 elt    0 [0mimu  -0.7 Dt 3586 LtCy 1793 integ.govd   +0.00   +0.00 integ.vbp +0.00 +0.00 omni.gos X     +0.0 ,Y     -0.2. omgD -0.012 omg  +0.00 loop   5023
[0mBatt=23.5 [0m[33mODOM [31mVisionX  +0.00 Y  +0.00 theta   +0.0 elt    0 [0mimu  -0.7 Dt 3602 LtCy 1801 integ.govd   +0.00   +0.00 integ.vbp +0.00 +0.00 omni.gos X     +0.0 ,Y     -0.0. omgD -0.004 omg  +0.00 loop   4964
[0mBatt=23.5 [0m[33mODOM [31mVisionX  +0.00 Y  +0.00 theta   +0.0 elt    0 [0mimu  -0.7 Dt 3618 LtCy 1809 integ.govd   +0.00   +0.00 integ.vbp +0.00 +0.00 omni.gos X     +0.0 ,Y     -0.1. omgD -0.008 omg  +0.00 loop   5013
[0mBatt=23.5 [0m[33mODOM [31mVisionX  +0.00 Y  +0.00 theta   +0.0 elt    0 [0mimu  -0.7 Dt 3634 LtCy 1817 integ.govd   +0.00   +0.00 integ.vbp +0.00 +0.00 omni.gos X     +0.0 ,Y     -0.1. omgD -0.008 omg  +0.00 loop   5008
[0mBatt=23.5 [0m[33mODOM [31mVisionX  +0.00 Y  +0.00 theta   +0.0 elt    0 [0mimu  -0.7 Dt 3650 LtCy 1825 integ.govd   +0.00   +0.00 integ.vbp +0.00 +0.00 omni.gos X     +0.0 ,Y     +0.0. omgD +0.001 omg  +0.00 loop   4982
[0mBatt=23.5 [0m[33mODOM [31mVisionX  +0.00 Y  +0.00 theta   +0.0 elt    0 [0mimu  -0.7 Dt 3666 LtCy 1833 integ.govd   +0.00   +0.00 integ.vbp +0.00 +0.00 omni.gos X     +0.0 ,Y     -0.1. omgD -0.008 omg  +0.00 loop   5004
[0mBatt=23.5 [0m[33mODOM [31mVisionX  +0.00 Y  +0.00 theta   +0.0 elt    0 [0mimu  -0.7 Dt 3682 LtCy 1841 integ.govd   +0.00   +0.00 integ.vbp +0.00 +0.00 omni.gos X     +0.0 ,Y     -0.0. omgD -0.004 omg  +0.00 loop   5010
[0mBatt=23.5 [0m[33mODOM [31mVisionX  +0.00 Y  +0.00 theta   +0.0 elt    0 [0mimu  -0.7 Dt 3698 LtCy 1849 integ.govd   +0.00   +0.00 integ.vbp +0.00 +0.00 omni.gos X     +0.0 ,Y     -0.1. omgD -0.008 omg  +0.00 loop   4996
[0mBatt=23.5 [0m[33mODOM [31mVisionX  +0.00 Y  +0.00 theta   +0.0 elt    0 [0mimu  -0.7 Dt 3714 LtCy 1857 integ.govd   +0.00   +0.00 integ.vbp +0.00 +0.00 omni.gos X     +0.0 ,Y     -0.0. omgD -0.004 omg  +0.00 loop   4983
[0mBatt=23.5 [0m[33mODOM [31mVisionX  +0.00 Y  +0.00 theta   +0.0 elt    0 [0mimu  -0.7 Dt 3730 LtCy 1865 integ.govd   +0.00   +0.00 integ.vbp +0.00 +0.00 omni.gos X     +0.0 ,Y     -0.1. omgD -0.006 omg  +0.00 loop   5019
[0mBatt=23.5 [0m[33mODOM [31mVisionX  +0.00 Y  +0.00 theta   +0.0 elt    0 [0mimu  -0.7 Dt 3746 LtCy 1873 integ.govd   +0.00   +0.00 integ.vbp +0.00 +0.00 omni.gos X     +0.0 ,Y     -0.1. omgD -0.010 omg  +0.00 loop   4994
[0mBatt=23.5 [0m[33mODOM [31mVisionX  +0.00 Y  +0.00 theta   +0.0 elt    0 [0mimu  -0.7 Dt 3762 LtCy 1881 integ.govd   +0.00   +0.00 integ.vbp +0.00 +0.00 omni.gos X     +0.0 ,Y     -0.1. omgD -0.008 omg  +0.00 loop   4984
[0mBatt=23.5 [0m[33mODOM [31mVisionX  +0.00 Y  +0.00 theta   +0.0 elt    0 [0mimu  -0.7 Dt 3778 LtCy 1889 integ.govd   +0.00   +0.00 integ.vbp +0.00 +0.00 omni.gos X     +0.0 ,Y     -0.1. omgD -0.008 omg  +0.00 loop   5016
[0mBatt=23.5 [0m[33mODOM [31mVisionX  +0.00 Y  +0.00 theta   +0.0 elt    0 [0mimu  -0.7 Dt 3794 LtCy 1897 integ.govd   +0.00   +0.00 integ.vbp +0.00 +0.00 omni.gos X     +0.0 ,Y     -0.1. omgD -0.006 omg  +0.00 loop   5005
[0mBatt=23.5 [0m[33mODOM [31mVisionX  +0.00 Y  +0.00 theta   +0.0 elt    0 [0mimu  -0.8 Dt 3810 LtCy 1905 integ.govd   +0.00   +0.00 integ.vbp +0.00 +0.00 omni.gos X     +0.0 ,Y     -0.1. omgD -0.006 omg  +0.00 loop   4986
[0mBatt=23.5 [0m[33mODOM [31mVisionX  +0.00 Y  +0.00 theta   +0.0 elt    0 [0mimu  -0.8 Dt 3826 LtCy 1913 integ.govd   +0.00   +0.00 integ.vbp +0.00 +0.00 omni.gos X     +0.0 ,Y     -0.1. omgD -0.010 omg  +0.00 loop   4999
[0mBatt=23.5 [0m[33mODOM [31mVisionX  +0.00 Y  +0.00 theta   +0.0 elt    0 [0mimu  -0.8 Dt 3842 LtCy 1921 integ.govd   +0.00   +0.00 integ.vbp +0.00 +0.00 omni.gos X     +0.0 ,Y     -0.0. omgD -0.002 omg  +0.00 loop   5021
[0mBatt=23.5 [0m[33mODOM [31mVisionX  +0.00 Y  +0.00 theta   +0.0 elt    0 [0mimu  -0.8 Dt 3858 LtCy 1929 integ.govd   +0.00   +0.00 integ.vbp +0.00 +0.00 omni.gos X     +0.0 ,Y     -0.1. omgD -0.006 omg  +0.00 loop   4985
[0mBatt=23.5 [0m[33mODOM [31mVisionX  +0.00 Y  +0.00 theta   +0.0 elt    0 [0mimu  -0.8 Dt 3874 LtCy 1937 integ.govd   +0.00   +0.00 integ.vbp +0.00 +0.00 omni.gos X     +0.0 ,Y     +0.0. omgD +0.001 omg  +0.00 loop   4996
[0mBatt=23.5 [0m[33mODOM [31mVisionX  +0.00 Y  +0.00 theta   +0.0 elt    0 [0mimu  -0.8 Dt 3890 LtCy 1945 integ.govd   +0.00   +0.00 integ.vbp +0.00 +0.00 omni.gos X     +0.0 ,Y     -0.2. omgD -0.012 omg  +0.00 loop   5014
[0mBatt=23.5 [0m[33mODOM [31mVisionX  +0.00 Y  +0.00 theta   +0.0 elt    0 [0mimu  -0.8 Dt 3906 LtCy 1953 integ.govd   +0.00   +0.00 integ.vbp +0.00 +0.00 omni.gos X     -0.0 ,Y     -0.1. omgD -0.006 omg  +0.00 loop   4997
[0mBatt=23.5 [0m[33mODOM [31mVisionX  +0.00 Y  +0.00 theta   +0.0 elt    0 [0mimu  -0.8 Dt 3922 LtCy 1961 integ.govd   +0.00   +0.00 integ.vbp +0.00 +0.00 omni.gos X     +0.0 ,Y     -0.1. omgD -0.006 omg  +0.00 loop   4990
[0mBatt=23.5 [0m[33mODOM [31mVisionX  +0.00 Y  +0.00 theta   +0.0 elt    0 [0mimu  -0.8 Dt 3938 LtCy 1969 integ.govd   +0.00   +0.00 integ.vbp +0.00 +0.00 omni.gos X     +0.0 ,Y     -0.0. omgD -0.002 omg  +0.00 loop   5004
[0mBatt=23.5 [0m[33mODOM [31mVisionX  +0.00 Y  +0.00 theta   +0.0 elt    0 [0mimu  -0.8 Dt 3954 LtCy 1977 integ.govd   +0.00   +0.00 integ.vbp +0.00 +0.00 omni.gos X     +0.0 ,Y     -0.0. omgD -0.002 omg  +0.00 loop   5016
[0mBatt=23.5 [0m[33mODOM [31mVisionX  +0.00 Y  +0.00 theta   +0.0 elt    0 [0mimu  -0.8 Dt 3970 LtCy 1985 integ.govd   +0.00   +0.00 integ.vbp +0.00 +0.00 omni.gos X     +0.0 ,Y     -0.1. omgD -0.006 omg  +0.00 loop   4974
[0mBatt=23.5 [0m[33mODOM [31mVisionX  +0.00 Y  +0.00 theta   +0.0 elt    0 [0mimu  -0.8 Dt 3986 LtCy 1993 integ.govd   +0.00   +0.00 integ.vbp +0.00 +0.00 omni.gos X     +0.0 ,Y     -0.1. omgD -0.006 omg  +0.00 loop   5016
[0mBatt=23.5 [0m[33mODOM [31mVisionX  +0.00 Y  +0.00 theta   +0.0 elt    0 [0mimu  -0.8 Dt 4002 LtCy 2001 integ.govd   +0.00   +0.00 integ.vbp +0.00 +0.00 omni.gos X     +0.0 ,Y     -0.1. omgD -0.010 omg  +0.00 loop   5017
[0mBatt=23.5 [0m[33mODOM [31mVisionX  +0.00 Y  +0.00 theta   +0.0 elt    0 [0mimu  -0.8 Dt 4018 LtCy 2009 integ.govd   +0.00   +0.00 integ.vbp +0.00 +0.00 omni.gos X     -0.0 ,Y     -0.1. omgD -0.006 omg  +0.00 loop   4981
[0mBatt=23.5 [0m[33mODOM [31mVisionX  +0.00 Y  +0.00 theta   +0.0 elt    0 [0mimu  -0.8 Dt 4034 LtCy 2017 integ.govd   +0.00   +0.00 integ.vbp +0.00 +0.00 omni.gos X     +0.0 ,Y     -0.0. omgD -0.004 omg  +0.00 loop   5003
[0mBatt=23.5 [0m[33mODOM [31mVisionX  +0.00 Y  +0.00 theta   +0.0 elt    0 [0mimu  -0.8 Dt 4050 LtCy 2025 integ.govd   +0.00   +0.00 integ.vbp +0.00 +0.00 omni.gos X     +0.0 ,Y     -0.0. omgD -0.004 omg  +0.00 loop   5012
[0mBatt=23.5 [0m[33mODOM [31mVisionX  +0.00 Y  +0.00 theta   +0.0 elt    0 [0mimu  -0.8 Dt 4058 LtCy 2029 integ.govd   +0.00   +0.00 integ.vbp +0.00 +0.00 omni.gos X     -0.0 ,Y     -0.0. omgD -0.004 omg  +0.00 loop   2415
[0mBatt=23.5 [0m[33mODOM [31mVisionX  +0.00 Y  +0.00 theta   +0.0 elt    0 [0mimu  -0.8 Dt 4074 LtCy 2037 integ.govd   +0.00   +0.00 integ.vbp +0.00 +0.00 omni.gos X     +0.0 ,Y     -0.2. omgD -0.012 omg  +0.00 loop   4981
[0mBatt=23.5 [0m[33mODOM [31mVisionX  +0.00 Y  +0.00 theta   +0.0 elt    0 [0mimu  -0.8 Dt 4090 LtCy 2045 integ.govd   +0.00   +0.00 integ.vbp +0.00 +0.00 omni.gos X     +0.0 ,Y     -0.0. omgD -0.004 omg  +0.00 loop   5010
[0mBatt=23.5 [0m[33mODOM [31mVisionX  +0.00 Y  +0.00 theta   +0.0 elt    0 [0mimu  -0.8 Dt 4106 LtCy 2053 integ.govd   +0.00   +0.00 integ.vbp +0.00 +0.00 omni.gos X     -0.0 ,Y     -0.0. omgD -0.004 omg  +0.00 loop   5023
[0mBatt=23.5 [0m[33mODOM [31mVisionX  +0.00 Y  +0.00 theta   +0.0 elt    0 [0mimu  -0.8 Dt 4122 LtCy 2061 integ.govd   +0.00   +0.00 integ.vbp +0.00 +0.00 omni.gos X     +0.0 ,Y     -0.0. omgD -0.004 omg  +0.00 loop   4979
[0mBatt=23.5 [0m[33mODOM [31mVisionX  +0.00 Y  +0.00 theta   +0.0 elt    0 [0mimu  -0.8 Dt 4138 LtCy 2069 integ.govd   +0.00   +0.00 integ.vbp +0.00 +0.00 omni.gos X     +0.0 ,Y     -0.1. omgD -0.008 omg  +0.00 loop   5010
[0mBatt=23.5 [0m[33mODOM [31mVisionX  +0.00 Y  +0.00 theta   +0.0 elt    0 [0mimu  -0.8 Dt 4154 LtCy 2077 integ.govd   +0.00   +0.00 integ.vbp +0.00 +0.00 omni.gos X     +0.0 ,Y     -0.1. omgD -0.008 omg  +0.00 loop   4993
[0mBatt=23.5 [0m[33mODOM [31mVisionX  +0.00 Y  +0.00 theta   +0.0 elt    0 [0mimu  -0.8 Dt 4170 LtCy 2085 integ.govd   +0.00   +0.00 integ.vbp +0.00 +0.00 omni.gos X     +0.0 ,Y     -0.1. omgD -0.008 omg  +0.00 loop   4998
[0mBatt=23.5 [0m[33mODOM [31mVisionX  +0.00 Y  +0.00 theta   +0.0 elt    0 [0mimu  -0.8 Dt 4186 LtCy 2093 integ.govd   +0.00   +0.00 integ.vbp +0.00 +0.00 omni.gos X     +0.0 ,Y     -0.1. omgD -0.008 omg  +0.00 loop   5008
[0mBatt=23.5 [0m[33mODOM [31mVisionX  +0.00 Y  +0.00 theta   +0.0 elt    0 [0mimu  -0.8 Dt 4202 LtCy 2101 integ.govd   +0.00   +0.00 integ.vbp +0.00 +0.00 omni.gos X     +0.0 ,Y     -0.0. omgD -0.004 omg  +0.00 loop   5014
[0mBatt=23.5 [0m[33mODOM [31mVisionX  +0.00 Y  +0.00 theta   +0.0 elt    0 [0mimu  -0.8 Dt 4218 LtCy 2109 integ.govd   +0.00   +0.00 integ.vbp +0.00 +0.00 omni.gos X     +0.0 ,Y     -0.1. omgD -0.008 omg  +0.00 loop   5011
[0mBatt=23.5 [0m[33mODOM [31mVisionX  +0.00 Y  +0.00 theta   +0.0 elt    0 [0mimu  -0.8 Dt 4234 LtCy 2117 integ.govd   +0.00   +0.00 integ.vbp +0.00 +0.00 omni.gos X     -0.0 ,Y     -0.2. omgD -0.012 omg  +0.00 loop   4976
[0mBatt=23.5 [0m[33mODOM [31mVisionX  +0.00 Y  +0.00 theta   +0.0 elt    0 [0mimu  -0.8 Dt 4250 LtCy 2125 integ.govd   +0.00   +0.00 integ.vbp +0.00 +0.00 omni.gos X     -0.0 ,Y     -0.2. omgD -0.016 omg  +0.00 loop   5013
[0mBatt=23.5 [0m[33mODOM [31mVisionX  +0.00 Y  +0.00 theta   +0.0 elt    0 [0mimu  -0.8 Dt 4266 LtCy 2133 integ.govd   +0.00   +0.00 integ.vbp +0.00 +0.00 omni.gos X     +0.0 ,Y     -0.0. omgD -0.004 omg  +0.00 loop   5001
[0mBatt=23.5 [0m[33mODOM [31mVisionX  +0.00 Y  +0.00 theta   +0.0 elt    0 [0mimu  -0.8 Dt 4282 LtCy 2141 integ.govd   +0.00   +0.00 integ.vbp +0.00 +0.00 omni.gos X     +0.0 ,Y     -0.1. omgD -0.008 omg  +0.00 loop   4985
[0mBatt=23.5 [0m[33mODOM [31mVisionX  +0.00 Y  +0.00 theta   +0.0 elt    0 [0mimu  -0.8 Dt 4298 LtCy 2149 integ.govd   +0.00   +0.00 integ.vbp +0.00 +0.00 omni.gos X     +0.0 ,Y     -0.1. omgD -0.008 omg  +0.00 loop   5006
[0mBatt=23.5 [0m[33mODOM [31mVisionX  +0.00 Y  +0.00 theta   +0.0 elt    0 [0mimu  -0.8 Dt 4314 LtCy 2157 integ.govd   +0.00   +0.00 integ.vbp +0.00 +0.00 omni.gos X     +0.0 ,Y     +0.0. omgD +0.001 omg  +0.00 loop   5002
[0mBatt=23.5 [0m[33mODOM [31mVisionX  +0.00 Y  +0.00 theta   +0.0 elt    0 [0mimu  -0.8 Dt 4330 LtCy 2165 integ.govd   +0.00   +0.00 integ.vbp +0.00 +0.00 omni.gos X     +0.0 ,Y     -0.1. omgD -0.008 omg  +0.00 loop   4996
[0mBatt=23.5 [0m[33mODOM [31mVisionX  +0.00 Y  +0.00 theta   +0.0 elt    0 [0mimu  -0.8 Dt 4346 LtCy 2173 integ.govd   +0.00   +0.00 integ.vbp +0.00 +0.00 omni.gos X     +0.0 ,Y     +0.1. omgD +0.005 omg  +0.00 loop   4988
[0mBatt=23.5 [0m[33mODOM [31mVisionX  +0.00 Y  +0.00 theta   +0.0 elt    0 [0mimu  -0.8 Dt 4362 LtCy 2181 integ.govd   +0.00   +0.00 integ.vbp +0.00 +0.00 omni.gos X     +0.0 ,Y     -0.1. omgD -0.008 omg  +0.00 loop   5021
[0mBatt=23.5 [0m[33mODOM [31mVisionX  +0.00 Y  +0.00 theta   +0.0 elt    0 [0mimu  -0.8 Dt 4378 LtCy 2189 integ.govd   +0.00   +0.00 integ.vbp +0.00 +0.00 omni.gos X     +0.0 ,Y     -0.1. omgD -0.008 omg  +0.00 loop   4993
[0mBatt=23.5 [0m[33mODOM [31mVisionX  +0.00 Y  +0.00 theta   +0.0 elt    0 [0mimu  -0.8 Dt 4394 LtCy 2197 integ.govd   +0.00   +0.00 integ.vbp +0.00 +0.00 omni.gos X     +0.0 ,Y     -0.2. omgD -0.012 omg  +0.00 loop   4988
[0mBatt=23.5 [0m[33mODOM [31mVisionX  +0.00 Y  +0.00 theta   +0.0 elt    0 [0mimu  -0.8 Dt 4410 LtCy 2205 integ.govd   +0.00   +0.00 integ.vbp +0.00 +0.00 omni.gos X     +0.0 ,Y     -0.0. omgD -0.004 omg  +0.00 loop   5012
[0mBatt=23.5 [0m[33mODOM [31mVisionX  +0.00 Y  +0.00 theta   +0.0 elt    0 [0mimu  -0.8 Dt 4426 LtCy 2213 integ.govd   +0.00   +0.00 integ.vbp +0.00 +0.00 omni.gos X     +0.0 ,Y     -0.1. omgD -0.004 omg  +0.00 loop   5010
[0mBatt=23.5 [0m[33mODOM [31mVisionX  +0.00 Y  +0.00 theta   +0.0 elt    0 [0mimu  -0.8 Dt 4442 LtCy 2221 integ.govd   +0.00   +0.00 integ.vbp +0.00 +0.00 omni.gos X     +0.0 ,Y     -0.0. omgD -0.004 omg  +0.00 loop   4984
[0mBatt=23.5 [0m[33mODOM [31mVisionX  +0.00 Y  +0.00 theta   +0.0 elt    0 [0mimu  -0.8 Dt 4458 LtCy 2229 integ.govd   +0.00   +0.00 integ.vbp +0.00 +0.00 omni.gos X     +0.0 ,Y     -0.1. omgD -0.008 omg  +0.00 loop   5005
[0mBatt=23.5 [0m[33mODOM [31mVisionX  +0.00 Y  +0.00 theta   +0.0 elt    0 [0mimu  -0.8 Dt 4474 LtCy 2237 integ.govd   +0.00   +0.00 integ.vbp +0.00 +0.00 omni.gos X     +0.0 ,Y     -0.2. omgD -0.012 omg  +0.00 loop   5019
[0mBatt=23.5 [0m[33mODOM [31mVisionX  +0.00 Y  +0.00 theta   +0.0 elt    0 [0mimu  -0.8 Dt 4490 LtCy 2245 integ.govd   +0.00   +0.00 integ.vbp +0.00 +0.00 omni.gos X     +0.0 ,Y     +0.1. omgD +0.005 omg  +0.00 loop   4971
[0mBatt=23.5 [0m[33mODOM [31mVisionX  +0.00 Y  +0.00 theta   +0.0 elt    0 [0mimu  -0.8 Dt 4506 LtCy 2253 integ.govd   +0.00   +0.00 integ.vbp +0.00 +0.00 omni.gos X     +0.0 ,Y     -0.1. omgD -0.008 omg  +0.00 loop   4995
[0mBatt=23.5 [0m[33mODOM [31mVisionX  +0.00 Y  +0.00 theta   +0.0 elt    0 [0mimu  -0.8 Dt 4522 LtCy 2261 integ.govd   +0.00   +0.00 integ.vbp +0.00 +0.00 omni.gos X     +0.0 ,Y     -0.2. omgD -0.016 omg  +0.00 loop   5013
[0mBatt=23.5 [0m[33mODOM [31mVisionX  +0.00 Y  +0.00 theta   +0.0 elt    0 [0mimu  -0.8 Dt 4538 LtCy 2269 integ.govd   +0.00   +0.00 integ.vbp +0.00 +0.00 omni.gos X     -0.0 ,Y     -0.3. omgD -0.025 omg  +0.00 loop   4991
[0mBatt=23.5 [0m[33mODOM [31mVisionX  +0.00 Y  +0.00 theta   +0.0 elt    0 [0mimu  -0.8 Dt 4554 LtCy 2277 integ.govd   +0.00   +0.00 integ.vbp +0.00 +0.00 omni.gos X     +0.0 ,Y     -0.0. omgD -0.004 omg  +0.00 loop   4991
[0mBatt=23.5 [0m[33mODOM [31mVisionX  +0.00 Y  +0.00 theta   +0.0 elt    0 [0mimu  -0.8 Dt 4570 LtCy 2285 integ.govd   +0.00   +0.00 integ.vbp +0.00 +0.00 omni.gos X     +0.0 ,Y     -0.0. omgD -0.004 omg  +0.00 loop   5002
[0mBatt=23.5 [0m[33mODOM [31mVisionX  +0.00 Y  +0.00 theta   +0.0 elt    0 [0mimu  -0.8 Dt 4586 LtCy 2293 integ.govd   +0.00   +0.00 integ.vbp +0.00 +0.00 omni.gos X     +0.0 ,Y     -0.0. omgD -0.004 omg  +0.00 loop   5005
[0mBatt=23.5 [0m[33mODOM [31mVisionX  +0.00 Y  +0.00 theta   +0.0 elt    0 [0mimu  -0.8 Dt 4602 LtCy 2301 integ.govd   +0.00   +0.00 integ.vbp +0.00 +0.00 omni.gos X     +0.0 ,Y     -0.1. omgD -0.008 omg  +0.00 loop   4977
[0mBatt=23.5 [0m[33mODOM [31mVisionX  +0.00 Y  +0.00 theta   +0.0 elt    0 [0mimu  -0.8 Dt 4618 LtCy 2309 integ.govd   +0.00   +0.00 integ.vbp +0.00 +0.00 omni.gos X     +0.0 ,Y     -0.0. omgD -0.004 omg  +0.00 loop   5017
[0mBatt=23.5 [0m[33mODOM [31mVisionX  +0.00 Y  +0.00 theta   +0.0 elt    0 [0mimu  -0.8 Dt 4634 LtCy 2317 integ.govd   +0.00   +0.00 integ.vbp +0.00 +0.00 omni.gos X     -0.0 ,Y     -0.2. omgD -0.012 omg  +0.00 loop   5009
[0mBatt=23.5 [0m[33mODOM [31mVisionX  +0.00 Y  +0.00 theta   +0.0 elt    0 [0mimu  -0.8 Dt 4650 LtCy 2325 integ.govd   +0.00   +0.00 integ.vbp +0.00 +0.00 omni.gos X     +0.0 ,Y     -0.2. omgD -0.016 omg  +0.00 loop   4970
[0mBatt=23.5 [0m[33mODOM [31mVisionX  +0.00 Y  +0.00 theta   +0.0 elt    0 [0mimu  -0.8 Dt 4666 LtCy 2333 integ.govd   +0.00   +0.00 integ.vbp +0.00 +0.00 omni.gos X     +0.0 ,Y     -0.2. omgD -0.012 omg  +0.00 loop   5008
[0mBatt=23.5 [0m[33mODOM [31mVisionX  +0.00 Y  +0.00 theta   +0.0 elt    0 [0mimu  -0.8 Dt 4682 LtCy 2341 integ.govd   +0.00   +0.00 integ.vbp +0.00 +0.00 omni.gos X     +0.0 ,Y     +0.0. omgD +0.001 omg  +0.00 loop   5014
[0mBatt=23.5 [0m[33mODOM [31mVisionX  +0.00 Y  +0.00 theta   +0.0 elt    0 [0mimu  -0.8 Dt 4698 LtCy 2349 integ.govd   +0.00   +0.00 integ.vbp +0.00 +0.00 omni.gos X     -0.0 ,Y     -0.2. omgD -0.016 omg  +0.00 loop   4991
[0mBatt=23.5 [0m[33mODOM [31mVisionX  +0.00 Y  +0.00 theta   +0.0 elt    0 [0mimu  -0.8 Dt 4714 LtCy 2357 integ.govd   +0.00   +0.00 integ.vbp +0.00 +0.00 omni.gos X     +0.0 ,Y     -0.1. omgD -0.008 omg  +0.00 loop   4983
[0mBatt=23.5 [0m[33mODOM [31mVisionX  +0.00 Y  +0.00 theta   +0.0 elt    0 [0mimu  -0.8 Dt 4730 LtCy 2365 integ.govd   +0.00   +0.00 integ.vbp +0.00 +0.00 omni.gos X     -0.0 ,Y     -0.1. omgD -0.008 omg  +0.00 loop   5024
[0mBatt=23.5 [0m[33mODOM [31mVisionX  +0.00 Y  +0.00 theta   +0.0 elt    0 [0mimu  -0.8 Dt 4746 LtCy 2373 integ.govd   +0.00   +0.00 integ.vbp +0.00 +0.00 omni.gos X     +0.0 ,Y     -0.2. omgD -0.012 omg  +0.00 loop   4979
[0mBatt=23.5 [0m[33mODOM [31mVisionX  +0.00 Y  +0.00 theta   +0.0 elt    0 [0mimu  -0.8 Dt 4762 LtCy 2381 integ.govd   +0.00   +0.00 integ.vbp +0.00 +0.00 omni.gos X     +0.0 ,Y     -0.2. omgD -0.016 omg  +0.00 loop   4992
[0mBatt=23.5 [0m[33mODOM [31mVisionX  +0.00 Y  +0.00 theta   +0.0 elt    0 [0mimu  -0.8 Dt 4778 LtCy 2389 integ.govd   +0.00   +0.00 integ.vbp +0.00 +0.00 omni.gos X     -0.0 ,Y     -0.3. omgD -0.021 omg  +0.00 loop   5007
[0mBatt=23.5 [0m[33mODOM [31mVisionX  +0.00 Y  +0.00 theta   +0.0 elt    0 [0mimu  -0.8 Dt 4794 LtCy 2397 integ.govd   +0.00   +0.00 integ.vbp +0.00 +0.00 omni.gos X     -0.0 ,Y     -0.1. omgD -0.008 omg  +0.00 loop   4999
[0mBatt=23.5 [0m[33mODOM [31mVisionX  +0.00 Y  +0.00 theta   +0.0 elt    0 [0mimu  -0.8 Dt 4810 LtCy 2405 integ.govd   +0.00   +0.00 integ.vbp +0.00 +0.00 omni.gos X     -0.0 ,Y     -0.3. omgD -0.021 omg  +0.00 loop   4985
[0mBatt=23.5 [0m[33mODOM [31mVisionX  +0.00 Y  +0.00 theta   +0.0 elt    0 [0mimu  -0.8 Dt 4826 LtCy 2413 integ.govd   +0.00   +0.00 integ.vbp +0.00 +0.00 omni.gos X     +0.0 ,Y     -0.2. omgD -0.012 omg  +0.00 loop   4986
[0mBatt=23.5 [0m[33mODOM [31mVisionX  +0.00 Y  +0.00 theta   +0.0 elt    0 [0mimu  -0.8 Dt 4842 LtCy 2421 integ.govd   +0.00   +0.00 integ.vbp +0.00 +0.00 omni.gos X     -0.0 ,Y     -0.2. omgD -0.012 omg  +0.00 loop   5015
[0mBatt=23.5 [0m[33mODOM [31mVisionX  +0.00 Y  +0.00 theta   +0.0 elt    0 [0mimu  -0.8 Dt 4858 LtCy 2429 integ.govd   +0.00   +0.00 integ.vbp +0.00 +0.00 omni.gos X     +0.0 ,Y     -0.1. omgD -0.008 omg  +0.00 loop   4961
[0mBatt=23.5 [0m[33mODOM [31mVisionX  +0.00 Y  +0.00 theta   +0.0 elt    0 [0mimu  -0.8 Dt 4874 LtCy 2437 integ.govd   +0.00   +0.00 integ.vbp +0.00 +0.00 omni.gos X     +0.0 ,Y     -0.1. omgD -0.008 omg  +0.00 loop   5002
[0mBatt=23.5 [0m[33mODOM [31mVisionX  +0.00 Y  +0.00 theta   +0.0 elt    0 [0mimu  -0.8 Dt 4890 LtCy 2445 integ.govd   +0.00   +0.00 integ.vbp +0.00 +0.00 omni.gos X     +0.0 ,Y     -0.1. omgD -0.008 omg  +0.00 loop   5014
[0mBatt=23.5 [0m[33mODOM [31mVisionX  +0.00 Y  +0.00 theta   +0.0 elt    0 [0mimu  -0.8 Dt 4906 LtCy 2453 integ.govd   +0.00   +0.00 integ.vbp +0.00 +0.00 omni.gos X     +0.0 ,Y     -0.2. omgD -0.016 omg  +0.00 loop   4988
[0mBatt=23.5 [0m[33mODOM [31mVisionX  +0.00 Y  +0.00 theta   +0.0 elt    0 [0mimu  -0.8 Dt 4922 LtCy 2461 integ.govd   +0.00   +0.00 integ.vbp +0.00 +0.00 omni.gos X     -0.0 ,Y     -0.1. omgD -0.008 omg  +0.00 loop   4999
[0mBatt=23.5 [0m[33mODOM [31mVisionX  +0.00 Y  +0.00 theta   +0.0 elt    0 [0mimu  -0.8 Dt 4938 LtCy 2469 integ.govd   +0.00   +0.00 integ.vbp +0.00 +0.00 omni.gos X     +0.0 ,Y     -0.1. omgD -0.008 omg  +0.00 loop   5000
[0mBatt=23.5 [0m[33mODOM [31mVisionX  +0.00 Y  +0.00 theta   +0.0 elt    0 [0mimu  -0.8 Dt 4954 LtCy 2477 integ.govd   +0.00   +0.00 integ.vbp +0.00 +0.00 omni.gos X     +0.0 ,Y     -0.1. omgD -0.008 omg  +0.00 loop   4998
[0mBatt=23.5 [0m[33mODOM [31mVisionX  +0.00 Y  +0.00 theta   +0.0 elt    0 [0mimu  -0.8 Dt 4970 LtCy 2485 integ.govd   +0.00   +0.00 integ.vbp +0.00 +0.00 omni.gos X     +0.0 ,Y     -0.1. omgD -0.008 omg  +0.00 loop   4985
[0mBatt=23.5 [0m[33mODOM [31mVisionX  +0.00 Y  +0.00 theta   +0.0 elt    0 [0mimu  -0.8 Dt 4986 LtCy 2493 integ.govd   +0.00   +0.00 integ.vbp +0.00 +0.00 omni.gos X     +0.0 ,Y     -0.2. omgD -0.016 omg  +0.00 loop   5010
[0mBatt=23.5 [0m[33mODOM [31mVisionX  +0.00 Y  +0.00 theta   +0.0 elt    0 [0mimu  -0.8 Dt 5002 LtCy 2501 integ.govd   +0.00   +0.00 integ.vbp +0.00 +0.00 omni.gos X     -0.0 ,Y     -0.3. omgD -0.021 omg  +0.00 loop   5005
[0mBatt=23.5 [0m[33mODOM [31mVisionX  +0.00 Y  +0.00 theta   +0.0 elt    0 [0mimu  -0.8 Dt 5018 LtCy 2509 integ.govd   +0.00   +0.00 integ.vbp +0.00 +0.00 omni.gos X     +0.0 ,Y     -0.0. omgD -0.004 omg  +0.00 loop   4969
[0mBatt=23.5 [0m[33mODOM [31mVisionX  +0.00 Y  +0.00 theta   +0.0 elt    0 [0mimu  -0.8 Dt 5034 LtCy 2517 integ.govd   +0.00   +0.00 integ.vbp +0.00 +0.00 omni.gos X     +0.0 ,Y     -0.0. omgD -0.004 omg  +0.00 loop   5009
[0mBatt=23.5 [0m[33mODOM [31mVisionX  +0.00 Y  +0.00 theta   +0.0 elt    0 [0mimu  -0.8 Dt 5050 LtCy 2525 integ.govd   +0.00   +0.00 integ.vbp +0.00 +0.00 omni.gos X     +0.0 ,Y     -0.0. omgD -0.004 omg  +0.00 loop   5011
[0mBatt=23.5 [0m[33mODOM [31mVisionX  +0.00 Y  +0.00 theta   +0.0 elt    0 [0mimu  -0.8 Dt 5058 LtCy 2529 integ.govd   +0.00   +0.00 integ.vbp +0.00 +0.00 omni.gos X     -0.0 ,Y     -0.2. omgD -0.016 omg  +0.00 loop   2410
[0mBatt=23.5 [0m[33mODOM [31mVisionX  +0.00 Y  +0.00 theta   +0.0 elt    0 [0mimu  -0.8 Dt 5074 LtCy 2537 integ.govd   +0.00   +0.00 integ.vbp +0.00 +0.00 omni.gos X     -0.0 ,Y     -0.3. omgD -0.025 omg  +0.00 loop   4977
[0mBatt=23.5 [0m[33mODOM [31mVisionX  +0.00 Y  +0.00 theta   +0.0 elt    0 [0mimu  -0.8 Dt 5090 LtCy 2545 integ.govd   +0.00   +0.00 integ.vbp +0.00 +0.00 omni.gos X     +0.0 ,Y     -0.2. omgD -0.012 omg  +0.00 loop   4996
[0mBatt=23.5 [0m[33mODOM [31mVisionX  +0.00 Y  +0.00 theta   +0.0 elt    0 [0mimu  -0.8 Dt 5106 LtCy 2553 integ.govd   +0.00   +0.00 integ.vbp +0.00 +0.00 omni.gos X     +0.0 ,Y     -0.1. omgD -0.008 omg  +0.00 loop   5011
[0mBatt=23.5 [0m[33mODOM [31mVisionX  +0.00 Y  +0.00 theta   +0.0 elt    0 [0mimu  -0.8 Dt 5122 LtCy 2561 integ.govd   +0.00   +0.00 integ.vbp +0.00 +0.00 omni.gos X     +0.0 ,Y     -0.0. omgD -0.004 omg  +0.00 loop   4969
[0mBatt=23.5 [0m[33mODOM [31mVisionX  +0.00 Y  +0.00 theta   +0.0 elt    0 [0mimu  -0.8 Dt 5138 LtCy 2569 integ.govd   +0.00   +0.00 integ.vbp +0.00 +0.00 omni.gos X     +0.0 ,Y     -0.0. omgD -0.004 omg  +0.00 loop   5014
[0mBatt=23.5 [0m[33mODOM [31mVisionX  +0.00 Y  +0.00 theta   +0.0 elt    0 [0mimu  -0.8 Dt 5154 LtCy 2577 integ.govd   +0.00   +0.00 integ.vbp +0.00 +0.00 omni.gos X     +0.0 ,Y     -0.2. omgD -0.012 omg  +0.00 loop   5002
[0mBatt=23.5 [0m[33mODOM [31mVisionX  +0.00 Y  +0.00 theta   +0.0 elt    0 [0mimu  -0.8 Dt 5170 LtCy 2585 integ.govd   +0.00   +0.00 integ.vbp +0.00 +0.00 omni.gos X     +0.0 ,Y     -0.1. omgD -0.010 omg  +0.00 loop   4989
[0mBatt=23.5 [0m[33mODOM [31mVisionX  +0.00 Y  +0.00 theta   +0.0 elt    0 [0mimu  -0.8 Dt 5186 LtCy 2593 integ.govd   +0.00   +0.00 integ.vbp +0.00 +0.00 omni.gos X     +0.0 ,Y     -0.1. omgD -0.008 omg  +0.00 loop   5001
[0mBatt=23.5 [0m[33mODOM [31mVisionX  +0.00 Y  +0.00 theta   +0.0 elt    0 [0mimu  -0.8 Dt 5202 LtCy 2601 integ.govd   +0.00   +0.00 integ.vbp +0.00 +0.00 omni.gos X     +0.0 ,Y     -0.2. omgD -0.014 omg  +0.00 loop   5010
[0mBatt=23.5 [0m[33mODOM [31mVisionX  +0.00 Y  +0.00 theta   +0.0 elt    0 [0mimu  -0.8 Dt 5218 LtCy 2609 integ.govd   +0.00   +0.00 integ.vbp +0.00 +0.00 omni.gos X     -0.0 ,Y     -0.2. omgD -0.016 omg  +0.00 loop   5001
[0mBatt=23.5 [0m[33mODOM [31mVisionX  +0.00 Y  +0.00 theta   +0.0 elt    0 [0mimu  -0.8 Dt 5234 LtCy 2617 integ.govd   +0.00   +0.00 integ.vbp +0.00 +0.00 omni.gos X     +0.0 ,Y     -0.2. omgD -0.012 omg  +0.00 loop   4971
[0mBatt=23.5 [0m[33mODOM [31mVisionX  +0.00 Y  +0.00 theta   +0.0 elt    0 [0mimu  -0.8 Dt 5250 LtCy 2625 integ.govd   +0.00   +0.00 integ.vbp +0.00 +0.00 omni.gos X     +0.0 ,Y     -0.1. omgD -0.008 omg  +0.00 loop   5015
[0mBatt=23.5 [0m[33mODOM [31mVisionX  +0.00 Y  +0.00 theta   +0.0 elt    0 [0mimu  -0.8 Dt 5266 LtCy 2633 integ.govd   +0.00   +0.00 integ.vbp +0.00 +0.00 omni.gos X     +0.0 ,Y     -0.1. omgD -0.006 omg  +0.00 loop   4992
[0mBatt=23.5 [0m[33mODOM [31mVisionX  +0.00 Y  +0.00 theta   +0.0 elt    0 [0mimu  -0.8 Dt 5282 LtCy 2641 integ.govd   +0.00   +0.00 integ.vbp +0.00 +0.00 omni.gos X     +0.0 ,Y     -0.1. omgD -0.004 omg  +0.00 loop   4988
[0mBatt=23.5 [0m[33mODOM [31mVisionX  +0.00 Y  +0.00 theta   +0.0 elt    0 [0mimu  -0.8 Dt 5298 LtCy 2649 integ.govd   +0.00   +0.00 integ.vbp +0.00 +0.00 omni.gos X     -0.0 ,Y     -0.1. omgD -0.008 omg  +0.00 loop   5005
[0mBatt=23.5 [0m[33mODOM [31mVisionX  +0.00 Y  +0.00 theta   +0.0 elt    0 [0mimu  -0.8 Dt 5314 LtCy 2657 integ.govd   +0.00   +0.00 integ.vbp +0.00 +0.00 omni.gos X     -0.0 ,Y     -0.1. omgD -0.006 omg  +0.00 loop   5009
[0mBatt=23.5 [0m[33mODOM [31mVisionX  +0.00 Y  +0.00 theta   +0.0 elt    0 [0mimu  -0.8 Dt 5330 LtCy 2665 integ.govd   +0.00   +0.00 integ.vbp +0.00 +0.00 omni.gos X     -0.0 ,Y     -0.0. omgD -0.004 omg  +0.00 loop   4976
[0mBatt=23.5 [0m[33mODOM [31mVisionX  +0.00 Y  +0.00 theta   +0.0 elt    0 [0mimu  -0.8 Dt 5346 LtCy 2673 integ.govd   +0.00   +0.00 integ.vbp +0.00 +0.00 omni.gos X     +0.0 ,Y     -0.1. omgD -0.008 omg  +0.00 loop   4985
[0mBatt=23.5 [0m[33mODOM [31mVisionX  +0.00 Y  +0.00 theta   +0.0 elt    0 [0mimu  -0.8 Dt 5362 LtCy 2681 integ.govd   +0.00   +0.00 integ.vbp +0.00 +0.00 omni.gos X     +0.0 ,Y     -0.1. omgD -0.010 omg  +0.00 loop   5019
[0mBatt=23.5 [0m[33mODOM [31mVisionX  +0.00 Y  +0.00 theta   +0.0 elt    0 [0mimu  -0.8 Dt 5378 LtCy 2689 integ.govd   +0.00   +0.00 integ.vbp +0.00 +0.00 omni.gos X     +0.0 ,Y     -0.1. omgD -0.006 omg  +0.00 loop   4975
[0mBatt=23.5 [0m[33mODOM [31mVisionX  +0.00 Y  +0.00 theta   +0.0 elt    0 [0mimu  -0.9 Dt 5394 LtCy 2697 integ.govd   +0.00   +0.00 integ.vbp +0.00 +0.00 omni.gos X     +0.0 ,Y     -0.2. omgD -0.012 omg  +0.00 loop   4998
[0mBatt=23.5 [0m[33mODOM [31mVisionX  +0.00 Y  +0.00 theta   +0.0 elt    0 [0mimu  -0.9 Dt 5410 LtCy 2705 integ.govd   +0.00   +0.00 integ.vbp +0.00 +0.00 omni.gos X     -0.0 ,Y     -0.2. omgD -0.012 omg  +0.00 loop   5008
[0mBatt=23.5 [0m[33mODOM [31mVisionX  +0.00 Y  +0.00 theta   +0.0 elt    0 [0mimu  -0.9 Dt 5426 LtCy 2713 integ.govd   +0.00   +0.00 integ.vbp +0.00 +0.00 omni.gos X     +0.0 ,Y     -0.1. omgD -0.010 omg  +0.00 loop   4991
[0mBatt=23.5 [0m[33mODOM [31mVisionX  +0.00 Y  +0.00 theta   +0.0 elt    0 [0mimu  -0.9 Dt 5442 LtCy 2721 integ.govd   +0.00   +0.00 integ.vbp +0.00 +0.00 omni.gos X     +0.0 ,Y     -0.0. omgD -0.002 omg  +0.00 loop   4991
[0mBatt=23.5 [0m[33mODOM [31mVisionX  +0.00 Y  +0.00 theta   +0.0 elt    0 [0mimu  -0.9 Dt 5458 LtCy 2729 integ.govd   +0.00   +0.00 integ.vbp +0.00 +0.00 omni.gos X     +0.0 ,Y     -0.0. omgD -0.002 omg  +0.00 loop   5008
[0mBatt=23.5 [0m[33mODOM [31mVisionX  +0.00 Y  +0.00 theta   +0.0 elt    0 [0mimu  -0.9 Dt 5474 LtCy 2737 integ.govd   +0.00   +0.00 integ.vbp +0.00 +0.00 omni.gos X     +0.0 ,Y     -0.1. omgD -0.006 omg  +0.00 loop   5013
[0mBatt=23.5 [0m[33mODOM [31mVisionX  +0.00 Y  +0.00 theta   +0.0 elt    0 [0mimu  -0.9 Dt 5490 LtCy 2745 integ.govd   +0.00   +0.00 integ.vbp +0.00 +0.00 omni.gos X     -0.0 ,Y     -0.2. omgD -0.014 omg  +0.00 loop   4973
[0mBatt=23.5 [0m[33mODOM [31mVisionX  +0.00 Y  +0.00 theta   +0.0 elt    0 [0mimu  -0.9 Dt 5506 LtCy 2753 integ.govd   +0.00   +0.00 integ.vbp +0.00 +0.00 omni.gos X     -0.0 ,Y     -0.2. omgD -0.012 omg  +0.00 loop   4996
[0mBatt=23.5 [0m[33mODOM [31mVisionX  +0.00 Y  +0.00 theta   +0.0 elt    0 [0mimu  -0.9 Dt 5522 LtCy 2761 integ.govd   +0.00   +0.00 integ.vbp +0.00 +0.00 omni.gos X     +0.0 ,Y     -0.1. omgD -0.004 omg  +0.00 loop   5006
[0mBatt=23.5 [0m[33mODOM [31mVisionX  +0.00 Y  +0.00 theta   +0.0 elt    0 [0mimu  -0.9 Dt 5538 LtCy 2769 integ.govd   +0.00   +0.00 integ.vbp +0.00 +0.00 omni.gos X     +0.0 ,Y     +0.0. omgD +0.001 omg  +0.00 loop   4985
[0mBatt=23.5 [0m[33mODOM [31mVisionX  +0.00 Y  +0.00 theta   +0.0 elt    0 [0mimu  -0.9 Dt 5554 LtCy 2777 integ.govd   +0.00   +0.00 integ.vbp +0.00 +0.00 omni.gos X     +0.0 ,Y     +0.1. omgD +0.005 omg  +0.00 loop   4975
