sequence,deadline_ns,send_before_ns,send_after_ns,bytes_sent,errno
1,76401155131400,76401155162700,76401155374800,715,
2,76401170131400,76401170214300,76401170298500,715,
3,76401185131400,76401185486100,76401185574800,715,
4,76401200131400,76401200533300,76401200598100,715,
5,76401215131400,76401215501400,76401215571500,715,
6,76401230131400,76401230671800,76401230756900,715,
7,76401245131400,76401245253600,76401245360800,715,
8,76401260131400,76401260216900,76401260346200,715,
9,76401275131400,76401275613900,76401275723500,715,
10,76401290131400,76401290182000,76401290235300,715,
11,76401305131400,76401305759900,76401305872900,715,
12,76401320131400,76401321422300,76401321574700,715,
13,76401335131400,76401335709700,76401335879200,715,
14,76401350131400,76401350182300,76401350259600,715,
15,76401365131400,76401365458700,76401365527600,715,
16,76401380131400,76401380384800,76401380499700,715,
17,76401395131400,76401395721600,76401395882700,715,
18,76401410131400,76401410518600,76401410679100,715,
19,76401425131400,76401425264200,76401425336700,715,
20,76401440131400,76401440250800,76401440330700,715,
21,76401455131400,76401455372500,76401455536800,715,
22,76401470131400,76401470341300,76401470477800,715,
23,76401485131400,76401486346900,76401486481000,715,
24,76401500131400,76401500334100,76401500443300,715,
25,76401515131400,76401515313800,76401515440100,715,
26,76401530131400,76401530931600,76401531095200,715,
27,76401545131400,76401545759000,76401545921900,715,
28,76401560131400,76401560563900,76401560682800,715,
29,76401575131400,76401575425200,76401575542300,715,
30,76401590131400,76401590460800,76401590571400,715,
31,76401605131400,76401605509400,76401605664400,715,
32,76401620131400,76401620308100,76401620450600,715,
33,76401635131400,76401635213400,76401635349200,715,
34,76401650131400,76401650198900,76401650272100,715,
35,76401665131400,76401665630000,76401665836100,715,
36,76401680131400,76401680745600,76401680896900,715,
37,76401695131400,76401695401000,76401695490900,715,
38,76401710131400,76401710370600,76401710476200,715,
39,76401725131400,76401725310700,76401725430400,715,
40,76401740131400,76401740559000,76401740735800,715,
41,76401755131400,76401755614400,76401755776200,715,
42,76401770131400,76401770473200,76401770621600,715,
43,76401785131400,76401785811500,76401785970900,715,
44,76401800131400,76401800350600,76401800443200,715,
45,76401815131400,76401815529800,76401815694200,715,
46,76401830131400,76401830780600,76401830945100,715,
47,76401845131400,76401845966400,76401846122900,715,
48,76401860131400,76401860329400,76401860466300,715,
49,76401875131400,76401875704500,76401875812600,715,
50,76401890131400,76401890384500,76401890539100,715,
51,76401905131400,76401905295200,76401905446600,715,
52,76401920131400,76401920808200,76401920968300,715,
53,76401935131400,76401935275200,76401935401600,715,
54,76401950131400,76401950559300,76401950744900,715,
55,76401965131400,76401965384500,76401965524500,715,
56,76401980131400,76401980796900,76401980951100,715,
57,76401995131400,76401995232100,76401995385900,715,
58,76402010131400,76402010332700,76402010433000,715,
59,76402025131400,76402025807100,76402025924200,715,
60,76402040131400,76402040663500,76402040817700,715,
61,76402055131400,76402055529200,76402055688300,715,
62,76402070131400,76402070709000,76402070871800,715,
63,76402085131400,76402085617000,76402085717300,715,
64,76402100131400,76402100286300,76402100391800,715,
65,76402115131400,76402115691100,76402115797800,715,
66,76402130131400,76402130724200,76402130887800,715,
67,76402145131400,76402145413200,76402145569100,715,
68,76402160131400,76402160622000,76402160729000,715,
69,76402175131400,76402175873100,76402176048200,715,
70,76402190131400,76402190585100,76402190745600,715,
71,76402205131400,76402205799100,76402205955300,715,
72,76402220131400,76402220795400,76402220954000,715,
73,76402235131400,76402235636000,76402235780100,715,
74,76402250131400,76402250609300,76402250758600,715,
75,76402265131400,76402265220400,76402265347100,715,
76,76402280131400,76402280603300,76402280694600,715,
77,76402295131400,76402295325700,76402295423100,715,
78,76402310131400,76402310303300,76402310414900,715,
79,76402325131400,76402325212300,76402325322500,715,
80,76402340131400,76402340354400,76402340440200,715,
81,76402355131400,76402355759600,76402355866800,715,
82,76402370131400,76402370310100,76402370396800,715,
83,76402385131400,76402385441300,76402385530600,715,
84,76402400131400,76402400206900,76402400295600,715,
85,76402415131400,76402415203000,76402415331000,715,
86,76402430131400,76402430412800,76402430548200,715,
87,76402445131400,76402445236300,76402445310000,715,
88,76402460131400,76402460340800,76402460477600,715,
89,76402475131400,76402475650200,76402475809100,715,
90,76402490131400,76402490497200,76402490659500,715,
91,76402505131400,76402505362600,76402505497500,715,
92,76402520131400,76402520596200,76402520683700,715,
93,76402535131400,76402535853300,76402535998600,715,
94,76402550131400,76402550948800,76402551072200,715,
95,76402565131400,76402565281400,76402565392100,715,
96,76402580131400,76402580503800,76402580633300,715,
97,76402595131400,76402595231500,76402595290300,715,
98,76402610131400,76402610457400,76402610595500,715,
99,76402625131400,76402625249800,76402625368300,715,
100,76402640131400,76402640527800,76402640628000,715,
101,76402655131400,76402655493800,76402655588400,715,
102,76402670131400,76402670512600,76402670591000,715,
103,76402685131400,76402685671500,76402685819400,715,
104,76402700131400,76402700573000,76402700697100,715,
105,76402715131400,76402715281800,76402715372500,715,
106,76402730131400,76402730243800,76402730335800,715,
107,76402745131400,76402745449500,76402745547300,715,
108,76402760131400,76402760297600,76402760382500,715,
109,76402775131400,76402775258800,76402775373300,715,
110,76402790131400,76402790266200,76402790414700,715,
111,76402805131400,76402805535800,76402805636000,715,
112,76402820131400,76402820229400,76402820338500,715,
113,76402835131400,76402835295300,76402835473000,715,
114,76402850131400,76402850358800,76402850424000,715,
115,76402865131400,76402865204300,76402865277300,715,
116,76402880131400,76402880435200,76402880489700,715,
117,76402895131400,76402895400800,76402895586300,715,
118,76402910131400,76402910532700,76402910684600,715,
119,76402925131400,76402925668400,76402925822800,715,
120,76402940131400,76402940879300,76402941031600,715,
121,76402955131400,76402955964500,76402956074900,715,
122,76402970131400,76402970462100,76402970598200,715,
123,76402985131400,76402985635900,76402985783400,715,
124,76403000131400,76403000491400,76403000622500,715,
125,76403015131400,76403015558300,76403015662000,715,
126,76403030131400,76403030375900,76403030565500,715,
127,76403045131400,76403045364800,76403045492900,715,
128,76403060131400,76403060664400,76403060748500,715,
129,76403075131400,76403075186100,76403075252000,715,
130,76403090131400,76403090503300,76403090597000,715,
131,76403105131400,76403105215800,76403105345800,715,
132,76403120131400,76403120232100,76403120352300,715,
133,76403135131400,76403135635600,76403135726000,715,
134,76403150131400,76403150261300,76403150390400,715,
135,76403165131400,76403165308500,76403165405900,715,
136,76403180131400,76403180432800,76403180570900,715,
137,76403195131400,76403195233100,76403195359900,715,
138,76403210131400,76403210297300,76403210435000,715,
139,76403225131400,76403225548100,76403225684000,715,
140,76403240131400,76403240347200,76403240446800,715,
141,76403255131400,76403255350200,76403255475100,715,
142,76403270131400,76403270233100,76403270357300,715,
143,76403285131400,76403285634000,76403285687100,715,
144,76403300131400,76403300438200,76403300527000,715,
145,76403315131400,76403315563400,76403315618800,715,
146,76403330131400,76403330576800,76403330671300,715,
147,76403345131400,76403345427300,76403345509200,715,
148,76403360131400,76403360401500,76403360455200,715,
149,76403375131400,76403375388500,76403375452600,715,
150,76403390131400,76403390531300,76403390625100,715,
151,76403405131400,76403405849000,76403405935600,715,
152,76403420131400,76403420467000,76403420554500,715,
153,76403435131400,76403435576900,76403435695900,715,
154,76403450131400,76403450690700,76403450821000,715,
155,76403465131400,76403465265100,76403465355600,715,
156,76403480131400,76403480400300,76403480483300,715,
157,76403495131400,76403495398300,76403495478200,715,
158,76403510131400,76403510592700,76403510716100,715,
159,76403525131400,76403525571500,76403525679400,715,
160,76403540131400,76403540371800,76403540465600,715,
161,76403555131400,76403555660000,76403555737900,715,
162,76403570131400,76403570571400,76403570635000,715,
163,76403585131400,76403585292000,76403585378500,715,
164,76403600131400,76403600725600,76403600822800,715,
165,76403615131400,76403615224900,76403615345300,715,
166,76403630131400,76403630338000,76403630429200,715,
167,76403645131400,76403645350200,76403645452900,715,
168,76403660131400,76403660497200,76403660590200,715,
169,76403675131400,76403675615500,76403675703000,715,
170,76403690131400,76403690685800,76403690819700,715,
171,76403705131400,76403705215700,76403705337300,715,
172,76403720131400,76403720187800,76403720266700,715,
173,76403735131400,76403735249100,76403735377800,715,
174,76403750131400,76403750499200,76403750644900,715,
175,76403765131400,76403765223200,76403765348500,715,
176,76403780131400,76403780801100,76403780952600,715,
177,76403795131400,76403796526400,76403796674900,715,
178,76403810131400,76403810665900,76403810745300,715,
179,76403825131400,76403825657300,76403825755000,715,
180,76403840131400,76403840368200,76403840451900,715,
181,76403855131400,76403855309300,76403855389600,715,
182,76403870131400,76403870183600,76403870239800,715,
183,76403885131400,76403885240300,76403885304000,715,
184,76403900131400,76403900489000,76403900642700,715,
185,76403915131400,76403915497000,76403915594200,715,
186,76403930131400,76403930643300,76403930742200,715,
187,76403945131400,76403945213800,76403945345000,715,
188,76403960131400,76403960405000,76403960506600,715,
189,76403975131400,76403975393300,76403975491100,715,
190,76403990131400,76403990583000,76403990726700,715,
191,76404005131400,76404005582400,76404005729400,715,
192,76404020131400,76404021012100,76404021159200,715,
193,76404035131400,76404035488300,76404035571600,715,
194,76404050131400,76404050510100,76404050628800,715,
195,76404065131400,76404065408600,76404065518300,715,
196,76404080131400,76404080511500,76404080658500,715,
197,76404095131400,76404095942400,76404096024500,715,
198,76404110131400,76404110837600,76404110889300,715,
199,76404125131400,76404125501000,76404125684000,715,
200,76404140131400,76404140838400,76404140986600,715,
201,76404155131400,76404155573900,76404155722100,715,
202,76404170131400,76404170395400,76404170488200,715,
203,76404185131400,76404185584800,76404185751300,715,
204,76404200131400,76404200273400,76404200388000,715,
205,76404215131400,76404215204400,76404215326300,715,
206,76404230131400,76404230460400,76404230567900,715,
207,76404245131400,76404245426900,76404245510100,715,
208,76404260131400,76404260621200,76404260762500,715,
209,76404275131400,76404275469000,76404275576200,715,
210,76404290131400,76404290664100,76404290800200,715,
211,76404305131400,76404305226900,76404305349600,715,
212,76404320131400,76404320572000,76404320655200,715,
213,76404335131400,76404336622800,76404336722300,715,
214,76404350131400,76404351246600,76404351364400,715,
215,76404365131400,76404365571600,76404365718300,715,
216,76404380131400,76404380579000,76404380654400,715,
217,76404395131400,76404395488800,76404395636500,715,
218,76404410131400,76404410909700,76404411148000,715,
219,76404425131400,76404425214700,76404425322900,715,
220,76404440131400,76404440713400,76404440827400,715,
221,76404455131400,76404455316500,76404455435900,715,
222,76404470131400,76404470270100,76404470362800,715,
223,76404485131400,76404485452800,76404485574600,715,
224,76404500131400,76404500636400,76404500769600,715,
225,76404515131400,76404515913300,76404516059500,715,
226,76404530131400,76404530614900,76404530741600,715,
227,76404545131400,76404545600600,76404545773200,715,
228,76404560131400,76404560437300,76404560578900,715,
229,76404575131400,76404575248200,76404575371200,715,
230,76404590131400,76404591049400,76404591169200,715,
231,76404605131400,76404605330200,76404605420700,715,
232,76404620131400,76404620811500,76404621000600,715,
233,76404635131400,76404635332000,76404635406100,715,
234,76404650131400,76404650567900,76404650714900,715,
235,76404665131400,76404665186800,76404665272900,715,
236,76404680131400,76404680602800,76404680725300,715,
237,76404695131400,76404695511100,76404695591700,715,
238,76404710131400,76404710747500,76404710892400,715,
239,76404725131400,76404725761200,76404725879000,715,
240,76404740131400,76404740544500,76404740661000,715,
241,76404755131400,76404755565700,76404755655400,715,
242,76404770131400,76404770273400,76404770432600,715,
243,76404785131400,76404785709400,76404785856000,715,
244,76404800131400,76404800880300,76404800978500,715,
245,76404815131400,76404815658500,76404815791100,715,
246,76404830131400,76404830258100,76404830417400,715,
247,76404845131400,76404845894500,76404846002700,715,
248,76404860131400,76404860267600,76404860389100,715,
249,76404875131400,76404875637400,76404875759200,715,
250,76404890131400,76404890414500,76404890533300,715,
251,76404905131400,76404905460900,76404905562800,715,
252,76404920131400,76404920270600,76404920334100,715,
253,76404935131400,76404935680100,76404935748200,715,
254,76404950131400,76404950389100,76404950535000,715,
255,76404965131400,76404965865200,76404965969400,715,
256,76404980131400,76404980667400,76404980790600,715,
257,76404995131400,76404995552300,76404995694300,715,
258,76405010131400,76405010766800,76405010913300,715,
259,76405025131400,76405025489800,76405025544300,715,
260,76405040131400,76405040578500,76405040662900,715,
261,76405055131400,76405055397600,76405055513700,715,
262,76405070131400,76405070515400,76405070661000,715,
263,76405085131400,76405085590100,76405085736700,715,
264,76405100131400,76405100555900,76405100637800,715,
265,76405115131400,76405115548300,76405115630200,715,
266,76405130131400,76405130544700,76405130723100,715,
267,76405145131400,76405145787900,76405145924400,715,
268,76405160131400,76405160786700,76405160924600,715,
269,76405175131400,76405176395000,76405176514500,715,
270,76405190131400,76405190602700,76405190691300,715,
271,76405205131400,76405205695800,76405205861400,715,
272,76405220131400,76405220736000,76405220831800,715,
273,76405235131400,76405235353500,76405235475900,715,
274,76405250131400,76405250767100,76405250875500,715,
275,76405265131400,76405265244100,76405265401600,715,
276,76405280131400,76405280455200,76405280590100,715,
277,76405295131400,76405295952200,76405296053200,715,
278,76405310131400,76405310999900,76405311147100,715,
279,76405325131400,76405325345900,76405325443200,715,
280,76405340131400,76405340479500,76405340556700,715,
281,76405355131400,76405355656000,76405355792800,715,
282,76405370131400,76405370418700,76405370557200,715,
283,76405385131400,76405386106800,76405386231100,715,
284,76405400131400,76405400887500,76405400998300,715,
285,76405415131400,76405415415600,76405415504800,715,
286,76405430131400,76405430772000,76405430911200,715,
287,76405445131400,76405445595300,76405445743400,715,
288,76405460131400,76405460418100,76405460523800,715,
289,76405475131400,76405475344800,76405475474800,715,
290,76405490131400,76405490353500,76405490470100,715,
291,76405505131400,76405506376900,76405506524800,715,
292,76405520131400,76405521326000,76405521474600,715,
293,76405535131400,76405535485800,76405535611300,715,
294,76405550131400,76405550551100,76405550639300,715,
295,76405565131400,76405565709000,76405565881200,715,
296,76405580131400,76405580785900,76405580931300,715,
297,76405595131400,76405595232500,76405595354900,715,
298,76405610131400,76405610251500,76405610380400,715,
299,76405625131400,76405625215300,76405625302300,715,
300,76405640131400,76405640390000,76405640522200,715,
301,76405655131400,76405655521500,76405655670000,715,
302,76405670131400,76405671054500,76405671204100,715,
303,76405685131400,76405685238200,76405685340400,715,
304,76405700131400,76405700410400,76405700540100,715,
305,76405715131400,76405715357400,76405715546100,715,
306,76405730131400,76405730718600,76405730859000,715,
307,76405745131400,76405746016000,76405746162800,715,
308,76405760131400,76405760433500,76405760527700,715,
309,76405775131400,76405775307800,76405775451900,715,
310,76405790131400,76405790992500,76405791134900,715,
311,76405805131400,76405805941400,76405806088700,715,
312,76405820131400,76405820245200,76405820381700,715,
313,76405835131400,76405835421300,76405835513700,715,
314,76405850131400,76405851004100,76405851133700,715,
315,76405865131400,76405865818800,76405865977500,715,
316,76405880131400,76405880560800,76405880709600,715,
317,76405895131400,76405895701500,76405895835500,715,
318,76405910131400,76405910389100,76405910473700,715,
319,76405925131400,76405925771500,76405925915900,715,
320,76405940131400,76405940612400,76405940761300,715,
321,76405955131400,76405955728000,76405955875000,715,
322,76405970131400,76405971024900,76405971172600,715,
323,76405985131400,76405985944900,76405986054600,715,
324,76406000131400,76406000459300,76406000595100,715,
325,76406015131400,76406015590900,76406015651600,715,
326,76406030131400,76406030541200,76406030646800,715,
327,76406045131400,76406045281300,76406045367600,715,
328,76406060131400,76406060389800,76406060512900,715,
329,76406075131400,76406075310200,76406075442100,715,
330,76406090131400,76406090238200,76406090361300,715,
331,76406105131400,76406105541300,76406105675100,715,
332,76406120131400,76406120695500,76406120836400,715,
333,76406135131400,76406135494600,76406135627200,715,
334,76406150131400,76406150218000,76406150351000,715,
335,76406165131400,76406166038400,76406166200400,715,
336,76406180131400,76406180342800,76406180426400,715,
337,76406195131400,76406195280000,76406195354200,715,
338,76406210131400,76406210430200,76406210522000,715,
339,76406225131400,76406225618200,76406225752400,715,
340,76406240131400,76406241556500,76406241706200,715,
341,76406255131400,76406255944300,76406256090500,715,
342,76406270131400,76406270408600,76406270492700,715,
343,76406285131400,76406285752400,76406285886600,715,
344,76406300131400,76406300974100,76406301122000,715,
345,76406315131400,76406315924200,76406316071100,715,
346,76406330131400,76406330522700,76406330648300,715,
347,76406345131400,76406345551400,76406345648700,715,
348,76406360131400,76406360993000,76406361152000,715,
349,76406375131400,76406376212200,76406376357700,715,
350,76406390131400,76406391511100,76406391641100,715,
351,76406405131400,76406405931800,76406406078300,715,
352,76406420131400,76406420252900,76406420335300,715,
353,76406435131400,76406435343700,76406435454700,715,
354,76406450131400,76406451218900,76406451368500,715,
355,76406465131400,76406465833500,76406465980700,715,
356,76406480131400,76406480453300,76406480538600,715,
357,76406495131400,76406495665300,76406495859400,715,
358,76406510131400,76406510214800,76406510312900,715,
359,76406525131400,76406525709200,76406525829500,715,
360,76406540131400,76406541090500,76406541234700,715,
361,76406555131400,76406556093700,76406556198700,715,
362,76406570131400,76406570807400,76406570951700,715,
363,76406585131400,76406585565100,76406585707200,715,
364,76406600131400,76406600878700,76406601026000,715,
365,76406615131400,76406616075700,76406616195400,715,
366,76406630131400,76406630511000,76406630598800,715,
367,76406645131400,76406645335800,76406645495200,715,
368,76406660131400,76406660545200,76406660687500,715,
369,76406675131400,76406675214900,76406675314700,715,
370,76406690131400,76406690531000,76406690676900,715,
371,76406705131400,76406705618900,76406705678800,715,
372,76406720131400,76406720422900,76406720540600,715,
373,76406735131400,76406735442400,76406735530400,715,
374,76406750131400,76406750377300,76406750461700,715,
375,76406765131400,76406765210800,76406765294100,715,
376,76406780131400,76406780344700,76406780405800,715,
377,76406795131400,76406795235700,76406795374800,715,
378,76406810131400,76406810691300,76406810839100,715,
379,76406825131400,76406825858000,76406826005800,715,
380,76406840131400,76406840628700,76406840744700,715,
381,76406855131400,76406855306800,76406855502600,715,
382,76406870131400,76406870274300,76406870427900,715,
383,76406885131400,76406885554300,76406885665400,715,
384,76406900131400,76406900246000,76406900364900,715,
385,76406915131400,76406915610600,76406915718000,715,
386,76406930131400,76406930284900,76406930403900,715,
387,76406945131400,76406945565800,76406945702700,715,
388,76406960131400,76406960526900,76406960673400,715,
389,76406975131400,76406975871600,76406976012100,715,
390,76406990131400,76406991089500,76406991176600,715,
391,76407005131400,76407005255100,76407005401100,715,
392,76407020131400,76407020884000,76407021027400,715,
393,76407035131400,76407035568400,76407035639800,715,
394,76407050131400,76407050337000,76407050455400,715,
395,76407065131400,76407065472500,76407065556900,715,
396,76407080131400,76407080806700,76407080928400,715,
397,76407095131400,76407095741000,76407095863000,715,
398,76407110131400,76407111258400,76407111378800,715,
399,76407125131400,76407125704100,76407125849300,715,
400,76407140131400,76407140439800,76407140512100,715,
401,76407155131400,76407155245100,76407155343500,715,
402,76407170131400,76407170655300,76407170754400,715,
403,76407185131400,76407185255000,76407185396300,715,
404,76407200131400,76407200395800,76407200519400,715,
405,76407215131400,76407215550800,76407215621000,715,
406,76407230131400,76407230444800,76407230542500,715,
407,76407245131400,76407245217100,76407245275800,715,
408,76407260131400,76407260683400,76407260828200,715,
409,76407275131400,76407275302100,76407275363900,715,
410,76407290131400,76407290516700,76407290671700,715,
411,76407305131400,76407305492800,76407305631400,715,
412,76407320131400,76407320599000,76407320706300,715,
413,76407335131400,76407335214400,76407335307500,715,
414,76407350131400,76407350447400,76407350536100,715,
415,76407365131400,76407365590000,76407365723800,715,
416,76407380131400,76407380701800,76407380760100,715,
417,76407395131400,76407395529500,76407395676500,715,
418,76407410131400,76407410211600,76407410293900,715,
419,76407425131400,76407425367500,76407425453800,715,
420,76407440131400,76407440749400,76407440863800,715,
421,76407455131400,76407455289800,76407455371900,715,
422,76407470131400,76407470526600,76407470605500,715,
423,76407485131400,76407485211900,76407485268500,715,
424,76407500131400,76407500847500,76407500928200,715,
425,76407515131400,76407515287800,76407515427600,715,
426,76407530131400,76407530463400,76407530534500,715,
427,76407545131400,76407545399400,76407545477100,715,
428,76407560131400,76407560516000,76407560573600,715,
429,76407575131400,76407575786100,76407575854700,715,
430,76407590131400,76407590341600,76407590385300,715,
431,76407605131400,76407605290500,76407605352200,715,
432,76407620131400,76407620235000,76407620343400,715,
433,76407635131400,76407635583500,76407635659700,715,
434,76407650131400,76407650684500,76407650750700,715,
435,76407665131400,76407665383100,76407665506500,715,
436,76407680131400,76407680489100,76407680632900,715,
437,76407695131400,76407696644300,76407696742800,715,
438,76407710131400,76407710217400,76407710304200,715,
439,76407725131400,76407725800700,76407726017700,715,
440,76407740131400,76407740804400,76407740938400,715,
441,76407755131400,76407755573000,76407755721200,715,
442,76407770131400,76407770354900,76407770440000,715,
443,76407785131400,76407785800200,76407785908200,715,
444,76407800131400,76407800373700,76407800492400,715,
445,76407815131400,76407815755100,76407815885800,715,
446,76407830131400,76407830261800,76407830372400,715,
447,76407845131400,76407845234600,76407845341600,715,
448,76407860131400,76407860475300,76407860566500,715,
449,76407875131400,76407875525300,76407875647400,715,
450,76407890131400,76407890670100,76407890765400,715,
451,76407905131400,76407905209900,76407905293100,715,
452,76407920131400,76407920576700,76407920651400,715,
453,76407935131400,76407935365300,76407935412500,715,
454,76407950131400,76407950216200,76407950296300,715,
455,76407965131400,76407965508500,76407965621800,715,
456,76407980131400,76407980704500,76407980806700,715,
457,76407995131400,76407995755800,76407995895800,715,
458,76408010131400,76408010488000,76408010571400,715,
459,76408025131400,76408025451100,76408025590900,715,
460,76408040131400,76408040873700,76408040986700,715,
461,76408055131400,76408055590200,76408055681700,715,
462,76408070131400,76408070642100,76408070757100,715,
463,76408085131400,76408085524700,76408085593800,715,
464,76408100131400,76408100734800,76408100824200,715,
465,76408115131400,76408115261700,76408115345400,715,
466,76408130131400,76408130288800,76408130370500,715,
467,76408145131400,76408145573200,76408145680700,715,
468,76408160131400,76408160652500,76408160726300,715,
469,76408175131400,76408175680200,76408175802000,715,
470,76408190131400,76408190256300,76408190372400,715,
471,76408205131400,76408205323600,76408205383500,715,
472,76408220131400,76408220366000,76408220453600,715,
473,76408235131400,76408235422100,76408235556400,715,
474,76408250131400,76408250603500,76408250749900,715,
475,76408265131400,76408265806900,76408265957100,715,
476,76408280131400,76408280209800,76408280297900,715,
477,76408295131400,76408295773400,76408295837500,715,
478,76408310131400,76408310619200,76408310752800,715,
479,76408325131400,76408326344100,76408326488700,715,
480,76408340131400,76408340515600,76408340648800,715,
481,76408355131400,76408355531800,76408355599000,715,
482,76408370131400,76408370576500,76408370727500,715,
483,76408385131400,76408385240400,76408385377900,715,
484,76408400131400,76408400535600,76408400651200,715,
485,76408415131400,76408415394700,76408415477200,715,
486,76408430131400,76408430608300,76408430692200,715,
487,76408445131400,76408445340400,76408445409600,715,
488,76408460131400,76408460273200,76408460391900,715,
489,76408475131400,76408475482500,76408475550700,715,
490,76408490131400,76408490653200,76408490703400,715,
491,76408505131400,76408505393400,76408505478600,715,
492,76408520131400,76408520522700,76408520618600,715,
493,76408535131400,76408535451800,76408535510800,715,
494,76408550131400,76408550342600,76408550395400,715,
495,76408565131400,76408565378000,76408565456200,715,
496,76408580131400,76408580489500,76408580565000,715,
497,76408595131400,76408595448300,76408595521400,715,
498,76408610131400,76408610252600,76408610333700,715,
499,76408625131400,76408625586900,76408625642700,715,
500,76408640131400,76408640484800,76408640571800,715,
501,76408655131400,76408655539000,76408655637300,715,
502,76408670131400,76408670436600,76408670563900,715,
503,76408685131400,76408685563300,76408685658900,715,
504,76408700131400,76408700246900,76408700314200,715,
505,76408715131400,76408715640500,76408715728600,715,
506,76408730131400,76408730372200,76408730458800,715,
507,76408745131400,76408745490300,76408745582100,715,
508,76408760131400,76408760372400,76408760485000,715,
509,76408775131400,76408775413400,76408775497600,715,
510,76408790131400,76408790391100,76408790476900,715,
511,76408805131400,76408805644700,76408805702100,715,
512,76408820131400,76408820346200,76408820464300,715,
513,76408835131400,76408835401100,76408835483200,715,
514,76408850131400,76408850192100,76408850246500,715,
515,76408865131400,76408865501700,76408865585600,715,
516,76408880131400,76408880339700,76408880424100,715,
517,76408895131400,76408895217900,76408895345100,715,
518,76408910131400,76408910397800,76408910485300,715,
519,76408925131400,76408925431400,76408925547900,715,
520,76408940131400,76408940669500,76408940744500,715,
521,76408955131400,76408955518600,76408955581100,715,
522,76408970131400,76408970498200,76408970540300,715,
523,76408985131400,76408985640400,76408985723500,715,
524,76409000131400,76409000709800,76409000799200,715,
525,76409015131400,76409015677200,76409015765700,715,
526,76409030131400,76409030472700,76409030561400,715,
527,76409045131400,76409045206500,76409045296600,715,
528,76409060131400,76409060437000,76409060518700,715,
529,76409075131400,76409075573000,76409075658200,715,
530,76409090131400,76409090351900,76409090438000,715,
531,76409105131400,76409105577400,76409105674800,715,
532,76409120131400,76409120226600,76409120328100,715,
533,76409135131400,76409135657300,76409135751800,715,
534,76409150131400,76409150226600,76409150288800,715,
535,76409165131400,76409165259900,76409165388700,715,
536,76409180131400,76409180630500,76409180779200,715,
537,76409195131400,76409195521700,76409195667200,715,
538,76409210131400,76409210338700,76409210424100,715,
539,76409225131400,76409225252000,76409225319400,715,
540,76409240131400,76409240568800,76409240618600,715,
541,76409255131400,76409255563300,76409255712600,715,
542,76409270131400,76409271145100,76409271293600,715,
543,76409285131400,76409285667400,76409285769100,715,
544,76409300131400,76409300358000,76409300439700,715,
545,76409315131400,76409315379200,76409315448300,715,
546,76409330131400,76409330222800,76409330292400,715,
547,76409345131400,76409345382500,76409345439600,715,
548,76409360131400,76409360309700,76409360387100,715,
549,76409375131400,76409375729100,76409375791600,715,
550,76409390131400,76409390491000,76409390539700,715,
551,76409405131400,76409405515700,76409405663100,715,
552,76409420131400,76409420578400,76409420669400,715,
553,76409435131400,76409435531300,76409435657000,715,
554,76409450131400,76409450448500,76409450506800,715,
555,76409465131400,76409465561900,76409465678900,715,
556,76409480131400,76409480805900,76409480942700,715,
557,76409495131400,76409495679100,76409495828400,715,
558,76409510131400,76409511320500,76409511471200,715,
559,76409525131400,76409525448200,76409525534000,715,
560,76409540131400,76409540572400,76409540718800,715,
561,76409555131400,76409555579400,76409555727800,715,
562,76409570131400,76409570642100,76409570791500,715,
563,76409585131400,76409585694900,76409585804900,715,
564,76409600131400,76409600846700,76409600961900,715,
565,76409615131400,76409615444900,76409615502500,715,
566,76409630131400,76409630494200,76409630617400,715,
567,76409645131400,76409646292300,76409646441400,715,
568,76409660131400,76409660427900,76409660549300,715,
569,76409675131400,76409675566200,76409675712200,715,
570,76409690131400,76409690265300,76409690355900,715,
571,76409705131400,76409705404500,76409705550500,715,
572,76409720131400,76409720369500,76409720490300,715,
573,76409735131400,76409735211700,76409735301500,715,
574,76409750131400,76409750340900,76409750482000,715,
575,76409765131400,76409765682400,76409765836800,715,
576,76409780131400,76409780692000,76409780809300,715,
577,76409795131400,76409796087600,76409796238500,715,
578,76409810131400,76409810328400,76409810392400,715,
579,76409825131400,76409825462500,76409825598100,715,
580,76409840131400,76409840601100,76409840723500,715,
581,76409855131400,76409856052200,76409856200400,715,
582,76409870131400,76409870653900,76409870718700,715,
583,76409885131400,76409885275300,76409885363000,715,
584,76409900131400,76409900513800,76409900631900,715,
585,76409915131400,76409915637100,76409915783700,715,
586,76409930131400,76409930248900,76409930377200,715,
587,76409945131400,76409945415300,76409945480900,715,
588,76409960131400,76409960457700,76409960596900,715,
589,76409975131400,76409975545400,76409975690200,715,
590,76409990131400,76409991102700,76409991251000,715,
591,76410005131400,76410005586400,76410005734700,715,
592,76410020131400,76410020410200,76410020500500,715,
593,76410035131400,76410035266700,76410035462400,715,
594,76410050131400,76410050528800,76410050595500,715,
595,76410065131400,76410065440400,76410065564200,715,
596,76410080131400,76410080475300,76410080539700,715,
597,76410095131400,76410095192900,76410095273600,715,
598,76410110131400,76410110260600,76410110415600,715,
599,76410125131400,76410125551900,76410125650300,715,
600,76410140131400,76410141091300,76410141249000,715,
601,76410155131400,76410155621200,76410155756100,715,
602,76410170131400,76410170272900,76410170358200,715,
603,76410185131400,76410185352100,76410185489700,715,
604,76410200131400,76410200796200,76410200944500,715,
605,76410215131400,76410216003700,76410216152300,715,
606,76410230131400,76410230831200,76410230952600,715,
607,76410245131400,76410245324400,76410245410500,715,
608,76410260131400,76410260491300,76410260633300,715,
609,76410275131400,76410275593100,76410275744800,715,
610,76410290131400,76410290432200,76410290571000,715,
611,76410305131400,76410305585700,76410305669400,715,
612,76410320131400,76410320466200,76410320665600,715,
613,76410335131400,76410335474100,76410335622900,715,
614,76410350131400,76410350579800,76410350729500,715,
615,76410365131400,76410365788100,76410365936500,715,
616,76410380131400,76410380369700,76410380456100,715,
617,76410395131400,76410395707100,76410395788400,715,
618,76410410131400,76410410578000,76410410682700,715,
619,76410425131400,76410425349600,76410425483600,715,
620,76410440131400,76410440493200,76410440605900,715,
621,76410455131400,76410455441900,76410455510400,715,
622,76410470131400,76410470616700,76410470791800,715,
623,76410485131400,76410485887800,76410486027900,715,
624,76410500131400,76410500616000,76410500795200,715,
625,76410515131400,76410515657400,76410515768300,715,
626,76410530131400,76410530445300,76410530576300,715,
627,76410545131400,76410545843100,76410546005300,715,
628,76410560131400,76410560754300,76410560901000,715,
629,76410575131400,76410576344600,76410576495900,715,
630,76410590131400,76410590440100,76410590569900,715,
631,76410605131400,76410605311300,76410605382300,715,
632,76410620131400,76410620378500,76410620516400,715,
633,76410635131400,76410635669500,76410635812100,715,
634,76410650131400,76410651141100,76410651292100,715,
635,76410665131400,76410665288300,76410665402300,715,
636,76410680131400,76410680456000,76410680644400,715,
637,76410695131400,76410695683500,76410695826000,715,
638,76410710131400,76410710527000,76410710581600,715,
639,76410725131400,76410725263100,76410725348800,715,
640,76410740131400,76410740630600,76410740715800,715,
641,76410755131400,76410755680900,76410755784000,715,
642,76410770131400,76410770567100,76410770705700,715,
643,76410785131400,76410785225000,76410785344800,715,
644,76410800131400,76410800603600,76410800748400,715,
645,76410815131400,76410815421900,76410815508000,715,
646,76410830131400,76410830576300,76410830707900,715,
647,76410845131400,76410845530600,76410845675400,715,
648,76410860131400,76410860664600,76410860811900,715,
649,76410875131400,76410875612900,76410875759000,715,
650,76410890131400,76410890640600,76410890733300,715,
651,76410905131400,76410905657800,76410905777900,715,
652,76410920131400,76410920277100,76410920378100,715,
653,76410935131400,76410935849800,76410935998500,715,
654,76410950131400,76410950612300,76410950760200,715,
655,76410965131400,76410965392900,76410965515100,715,
656,76410980131400,76410980591700,76410980725200,715,
657,76410995131400,76410995780300,76410995870400,715,
658,76411010131400,76411010602000,76411010729300,715,
659,76411025131400,76411025193800,76411025249200,715,
660,76411040131400,76411040528500,76411040628400,715,
661,76411055131400,76411055645400,76411055779200,715,
662,76411070131400,76411070575700,76411070723500,715,
663,76411085131400,76411085564300,76411085685300,715,
664,76411100131400,76411100499200,76411100584300,715,
665,76411115131400,76411115771900,76411115938800,715,
666,76411130131400,76411130652900,76411130797000,715,
667,76411145131400,76411145654000,76411145774000,715,
668,76411160131400,76411160338300,76411160423800,715,
669,76411175131400,76411175628900,76411175694300,715,
670,76411190131400,76411190482500,76411190617400,715,
671,76411205131400,76411205477300,76411205594300,715,
672,76411220131400,76411221257200,76411221399000,715,
673,76411235131400,76411235200900,76411235288200,715,
674,76411250131400,76411250549300,76411250636500,715,
675,76411265131400,76411265539600,76411265701000,715,
676,76411280131400,76411280236200,76411280334300,715,
677,76411295131400,76411295705200,76411295852500,715,
678,76411310131400,76411311014100,76411311164700,715,
679,76411325131400,76411325290600,76411325425500,715,
680,76411340131400,76411340365700,76411340505300,715,
681,76411355131400,76411355563300,76411355708400,715,
682,76411370131400,76411370755700,76411370898800,715,
683,76411385131400,76411385213600,76411385311500,715,
684,76411400131400,76411400415200,76411400486100,715,
685,76411415131400,76411415185600,76411415232400,715,
686,76411430131400,76411430705000,76411430850300,715,
687,76411445131400,76411445508900,76411445630000,715,
688,76411460131400,76411460274400,76411460345900,715,
689,76411475131400,76411475388300,76411475489600,715,
690,76411490131400,76411490786000,76411490891400,715,
691,76411505131400,76411505903800,76411506013400,715,
692,76411520131400,76411521169800,76411521288900,715,
693,76411535131400,76411535424700,76411535510000,715,
694,76411550131400,76411550483000,76411550631900,715,
695,76411565131400,76411565652600,76411565794400,715,
696,76411580131400,76411580244600,76411580351400,715,
697,76411595131400,76411595218400,76411595359400,715,
698,76411610131400,76411610645700,76411610717600,715,
699,76411625131400,76411625242700,76411625361600,715,
700,76411640131400,76411640309800,76411640358800,715,
701,76411655131400,76411655430400,76411655476100,715,
702,76411670131400,76411670175700,76411670226900,715,
703,76411685131400,76411685542600,76411685626900,715,
704,76411700131400,76411700297200,76411700409800,715,
705,76411715131400,76411715378400,76411715453400,715,
706,76411730131400,76411730523400,76411730594000,715,
707,76411745131400,76411745388100,76411745467600,715,
708,76411760131400,76411760648500,76411760730500,715,
709,76411775131400,76411775460900,76411775605600,715,
710,76411790131400,76411790286300,76411790371400,715,
711,76411805131400,76411805532400,76411805676100,715,
712,76411820131400,76411820597000,76411820653800,715,
713,76411835131400,76411835254400,76411835351900,715,
714,76411850131400,76411850266900,76411850361200,715,
715,76411865131400,76411865349400,76411865407800,715,
716,76411880131400,76411880511300,76411880557600,715,
717,76411895131400,76411895503900,76411895574200,715,
718,76411910131400,76411910398700,76411910489300,715,
719,76411925131400,76411925353900,76411925398400,715,
720,76411940131400,76411940581700,76411940646900,715,
721,76411955131400,76411955504100,76411955571300,715,
722,76411970131400,76411970642100,76411970697600,715,
723,76411985131400,76411985485200,76411985590500,715,
724,76412000131400,76412000185000,76412000274800,715,
725,76412015131400,76412015794100,76412015912800,715,
726,76412030131400,76412030454600,76412030584900,715,
727,76412045131400,76412045575100,76412045674100,715,
728,76412060131400,76412060342200,76412060487200,715,
729,76412075131400,76412075790300,76412075939000,715,
730,76412090131400,76412091089800,76412091237100,715,
731,76412105131400,76412105265000,76412105351500,715,
732,76412120131400,76412120358000,76412120467100,715,
733,76412135131400,76412135637700,76412135756300,715,
734,76412150131400,76412150931900,76412151138900,715,
735,76412165131400,76412165675300,76412165820400,715,
736,76412180131400,76412180653600,76412180776800,715,
737,76412195131400,76412195410900,76412195541200,715,
738,76412210131400,76412210742300,76412210872600,715,
739,76412225131400,76412225252200,76412225367500,715,
740,76412240131400,76412240638100,76412240785800,715,
741,76412255131400,76412255664400,76412255785000,715,
742,76412270131400,76412270508200,76412270625600,715,
743,76412285131400,76412285622100,76412285765100,715,
744,76412300131400,76412300231400,76412300342900,715,
745,76412315131400,76412315448100,76412315540000,715,
746,76412330131400,76412330411300,76412330484600,715,
747,76412345131400,76412345377200,76412345516400,715,
748,76412360131400,76412360513000,76412360662000,715,
749,76412375131400,76412375689300,76412375779800,715,
750,76412390131400,76412390565600,76412390670400,715,
751,76412405131400,76412405664500,76412405755800,715,
752,76412420131400,76412420692900,76412420790100,715,
753,76412435131400,76412435184200,76412435250800,715,
754,76412450131400,76412450205700,76412450309100,715,
755,76412465131400,76412465320700,76412465397500,715,
756,76412480131400,76412480858700,76412480992400,715,
757,76412495131400,76412495702700,76412495835200,715,
758,76412510131400,76412510979400,76412511127300,715,
759,76412525131400,76412525854600,76412525999800,715,
760,76412540131400,76412540766200,76412540913800,715,
761,76412555131400,76412555469100,76412555601100,715,
762,76412570131400,76412570217500,76412570313600,715,
763,76412585131400,76412585225100,76412585346600,715,
764,76412600131400,76412600638000,76412600728100,715,
765,76412615131400,76412615511400,76412615586800,715,
766,76412630131400,76412630704300,76412630768600,715,
767,76412645131400,76412645681100,76412645766300,715,
768,76412660131400,76412660657600,76412660704100,715,
769,76412675131400,76412675463200,76412675541000,715,
770,76412690131400,76412690410400,76412690467600,715,
771,76412705131400,76412705697600,76412705754500,715,
772,76412720131400,76412720700300,76412720757300,715,
773,76412735131400,76412735537600,76412735645200,715,
774,76412750131400,76412750683500,76412750784800,715,
775,76412765131400,76412765508900,76412765567900,715,
776,76412780131400,76412780552500,76412780683500,715,
777,76412795131400,76412795408400,76412795536400,715,
778,76412810131400,76412810391300,76412810486400,715,
779,76412825131400,76412825269200,76412825371400,715,
780,76412840131400,76412840620200,76412840687000,715,
781,76412855131400,76412855440100,76412855580300,715,
782,76412870131400,76412870574900,76412870670300,715,
783,76412885131400,76412885652500,76412885753900,715,
784,76412900131400,76412900376900,76412900492300,715,
785,76412915131400,76412915335300,76412915421000,715,
786,76412930131400,76412930512500,76412930651300,715,
787,76412945131400,76412945547700,76412945693800,715,
788,76412960131400,76412961065600,76412961185300,715,
789,76412975131400,76412975351600,76412975471400,715,
790,76412990131400,76412990713700,76412990818400,715,
791,76413005131400,76413005622600,76413005716400,715,
792,76413020131400,76413021083800,76413021234100,715,
793,76413035131400,76413035339600,76413035395000,715,
794,76413050131400,76413050224100,76413050309900,715,
795,76413065131400,76413065737200,76413065900900,715,
796,76413080131400,76413080222000,76413080318000,715,
797,76413095131400,76413095523400,76413095670400,715,
798,76413110131400,76413110638400,76413110703800,715,
799,76413125131400,76413125431100,76413125537200,715,
800,76413140131400,76413140520900,76413140649400,715,
801,76413155131400,76413155608200,76413155761900,715,
802,76413170131400,76413170400500,76413170523400,715,
803,76413185131400,76413185856900,76413186003600,715,
804,76413200131400,76413200494400,76413200557300,715,
805,76413215131400,76413215281800,76413215382400,715,
806,76413230131400,76413230880000,76413231032300,715,
807,76413245131400,76413245899000,76413246045300,715,
808,76413260131400,76413260293100,76413260360800,715,
809,76413275131400,76413275766700,76413275889300,715,
810,76413290131400,76413290270400,76413290356600,715,
811,76413305131400,76413305206400,76413305294000,715,
812,76413320131400,76413320749000,76413320905100,715,
813,76413335131400,76413335207300,76413335329600,715,
814,76413350131400,76413350738300,76413350827200,715,
815,76413365131400,76413365494600,76413365636700,715,
816,76413380131400,76413380637300,76413380784400,715,
817,76413395131400,76413395186800,76413395242900,715,
818,76413410131400,76413410240300,76413410316500,715,
819,76413425131400,76413425426600,76413425521000,715,
820,76413440131400,76413440687700,76413440829200,715,
821,76413455131400,76413455636500,76413455779500,715,
822,76413470131400,76413470232100,76413470345300,715,
823,76413485131400,76413485503000,76413485604000,715,
824,76413500131400,76413500238600,76413500338200,715,
825,76413515131400,76413515371300,76413515502900,715,
826,76413530131400,76413531775000,76413531922800,715,
827,76413545131400,76413545545400,76413545654200,715,
828,76413560131400,76413560820000,76413560908000,715,
829,76413575131400,76413575694200,76413575877800,715,
830,76413590131400,76413590820900,76413590963200,715,
831,76413605131400,76413605640100,76413605742000,715,
832,76413620131400,76413620752100,76413620898300,715,
833,76413635131400,76413635385100,76413635498700,715,
834,76413650131400,76413650712100,76413650852000,715,
835,76413665131400,76413665518200,76413665667100,715,
836,76413680131400,76413680487400,76413680581200,715,
837,76413695131400,76413695459600,76413695549100,715,
838,76413710131400,76413710565700,76413710655700,715,
839,76413725131400,76413725516100,76413725657700,715,
840,76413740131400,76413741140900,76413741289900,715,
841,76413755131400,76413755229600,76413755355400,715,
842,76413770131400,76413771177900,76413771286200,715,
843,76413785131400,76413785516400,76413785609200,715,
844,76413800131400,76413800639900,76413800784000,715,
845,76413815131400,76413815588300,76413815707600,715,
846,76413830131400,76413831396300,76413831542400,715,
847,76413845131400,76413845246100,76413845312500,715,
848,76413860131400,76413860309800,76413860420000,715,
849,76413875131400,76413875917000,76413876061300,715,
850,76413890131400,76413890962000,76413891108700,715,
851,76413905131400,76413905847900,76413905994400,715,
852,76413920131400,76413920333200,76413920461000,715,
853,76413935131400,76413935370200,76413935436300,715,
854,76413950131400,76413950211400,76413950311200,715,
855,76413965131400,76413965217800,76413965337100,715,
856,76413980131400,76413980518700,76413980643300,715,
857,76413995131400,76413995347200,76413995481400,715,
858,76414010131400,76414010715500,76414010814500,715,
859,76414025131400,76414025235500,76414025338900,715,
860,76414040131400,76414040725600,76414040845400,715,
861,76414055131400,76414055627200,76414055733100,715,
862,76414070131400,76414070846600,76414070932100,715,
863,76414085131400,76414085273800,76414085411100,715,
864,76414100131400,76414100701500,76414100847800,715,
865,76414115131400,76414115215800,76414115331600,715,
866,76414130131400,76414130466400,76414130596300,715,
867,76414145131400,76414145474700,76414145557500,715,
868,76414160131400,76414160672500,76414160762300,715,
869,76414175131400,76414175658400,76414175797700,715,
870,76414190131400,76414191351100,76414191486000,715,
871,76414205131400,76414205487900,76414205549400,715,
872,76414220131400,76414220523800,76414220656800,715,
873,76414235131400,76414235846000,76414235989900,715,
874,76414250131400,76414250939200,76414251086600,715,
875,76414265131400,76414265580300,76414265701400,715,
876,76414280131400,76414280552700,76414280661000,715,
877,76414295131400,76414295660300,76414295741100,715,
878,76414310131400,76414310189500,76414310294200,715,
879,76414325131400,76414325225800,76414325322100,715,
880,76414340131400,76414340369500,76414340500900,715,
881,76414355131400,76414355546400,76414355661000,715,
882,76414370131400,76414370390000,76414370507300,715,
883,76414385131400,76414385561100,76414385708900,715,
884,76414400131400,76414400255900,76414400372000,715,
885,76414415131400,76414415560600,76414415683800,715,
886,76414430131400,76414430850300,76414430945100,715,
887,76414445131400,76414445394700,76414445530300,715,
888,76414460131400,76414460751900,76414460896100,715,
889,76414475131400,76414475653400,76414475782500,715,
890,76414490131400,76414491234000,76414491341700,715,
891,76414505131400,76414505529100,76414505644800,715,
892,76414520131400,76414520692900,76414520768600,715,
893,76414535131400,76414535219500,76414535301400,715,
894,76414550131400,76414550849900,76414550995600,715,
895,76414565131400,76414565370400,76414565440400,715,
896,76414580131400,76414580734300,76414580851400,715,
897,76414595131400,76414596103300,76414596193600,715,
898,76414610131400,76414610389700,76414610528200,715,
899,76414625131400,76414625203600,76414625304300,715,
900,76414640131400,76414640679200,76414640753400,715,
901,76414655131400,76414655423400,76414655564700,715,
902,76414670131400,76414670268000,76414670420200,715,
903,76414685131400,76414685504700,76414685609000,715,
904,76414700131400,76414700737400,76414700884300,715,
905,76414715131400,76414715234700,76414715343700,715,
906,76414730131400,76414730256100,76414730391900,715,
907,76414745131400,76414745489100,76414745635500,715,
908,76414760131400,76414760295600,76414760401900,715,
909,76414775131400,76414775641800,76414775697700,715,
910,76414790131400,76414790625000,76414790687600,715,
911,76414805131400,76414805447100,76414805579200,715,
912,76414820131400,76414820232500,76414820365200,715,
913,76414835131400,76414835401000,76414835525300,715,
914,76414850131400,76414850308300,76414850460900,715,
915,76414865131400,76414865713800,76414865800600,715,
916,76414880131400,76414880443800,76414880582900,715,
917,76414895131400,76414895491800,76414895639300,715,
918,76414910131400,76414910768000,76414910914500,715,
919,76414925131400,76414925478100,76414925566600,715,
920,76414940131400,76414940537800,76414940668200,715,
921,76414955131400,76414955299000,76414955385900,715,
922,76414970131400,76414970602400,76414970716700,715,
923,76414985131400,76414985227200,76414985334500,715,
924,76415000131400,76415000309600,76415000383600,715,
925,76415015131400,76415015424300,76415015551400,715,
926,76415030131400,76415030614600,76415030760900,715,
927,76415045131400,76415045974100,76415046122400,715,
928,76415060131400,76415060814400,76415060963800,715,
929,76415075131400,76415075418200,76415075505300,715,
930,76415090131400,76415090675600,76415090842600,715,
931,76415105131400,76415105522700,76415105669300,715,
932,76415120131400,76415120216700,76415120331600,715,
933,76415135131400,76415135209100,76415135290400,715,
934,76415150131400,76415150286800,76415150384400,715,
935,76415165131400,76415165268900,76415165354500,715,
936,76415180131400,76415180680300,76415180827100,715,
937,76415195131400,76415195271600,76415195389700,715,
938,76415210131400,76415210279800,76415210376900,715,
939,76415225131400,76415225678900,76415225767200,715,
940,76415240131400,76415240461400,76415240602500,715,
941,76415255131400,76415255644400,76415255793800,715,
942,76415270131400,76415270420100,76415270476800,715,
943,76415285131400,76415285966700,76415286112600,715,
944,76415300131400,76415300582100,76415300703800,715,
945,76415315131400,76415315504400,76415315648100,715,
946,76415330131400,76415330643100,76415330792100,715,
947,76415345131400,76415346363400,76415346480200,715,
948,76415360131400,76415360511000,76415360601400,715,
949,76415375131400,76415375913800,76415376039900,715,
950,76415390131400,76415390834000,76415390981000,715,
951,76415405131400,76415405559700,76415405661000,715,
952,76415420131400,76415420418100,76415420537100,715,
953,76415435131400,76415435571800,76415435657900,715,
954,76415450131400,76415450632700,76415450775200,715,
955,76415465131400,76415465935600,76415466078900,715,
956,76415480131400,76415480322600,76415480448400,715,
957,76415495131400,76415495198300,76415495306700,715,
958,76415510131400,76415510441700,76415510547700,715,
959,76415525131400,76415525225400,76415525357500,715,
960,76415540131400,76415540200100,76415540314500,715,
961,76415555131400,76415555441200,76415555504100,715,
962,76415570131400,76415570831200,76415570929100,715,
963,76415585131400,76415585255500,76415585419100,715,
964,76415600131400,76415600233500,76415600322800,715,
965,76415615131400,76415615238700,76415615360000,715,
966,76415630131400,76415630529100,76415630603300,715,
967,76415645131400,76415645408400,76415645494700,715,
968,76415660131400,76415660656200,76415660815800,715,
969,76415675131400,76415675612000,76415675752700,715,
970,76415690131400,76415690883500,76415691007500,715,
971,76415705131400,76415705797400,76415705944200,715,
972,76415720131400,76415720262400,76415720353100,715,
973,76415735131400,76415735599900,76415735675200,715,
974,76415750131400,76415750903100,76415751046400,715,
975,76415765131400,76415765544000,76415765691600,715,
976,76415780131400,76415780995900,76415781143400,715,
977,76415795131400,76415795267600,76415795405500,715,
978,76415810131400,76415810282100,76415810421600,715,
979,76415825131400,76415825576700,76415825698600,715,
980,76415840131400,76415840221300,76415840357800,715,
981,76415855131400,76415855539900,76415855647800,715,
982,76415870131400,76415870702000,76415870764100,715,
983,76415885131400,76415885349600,76415885443200,715,
984,76415900131400,76415900540500,76415900674200,715,
985,76415915131400,76415915480000,76415915610400,715,
986,76415930131400,76415931032400,76415931177600,715,
987,76415945131400,76415945791100,76415945943100,715,
988,76415960131400,76415960301800,76415960402200,715,
989,76415975131400,76415975253200,76415975377000,715,
990,76415990131400,76415990832400,76415990983400,715,
991,76416005131400,76416005492200,76416005602900,715,
992,76416020131400,76416020601700,76416020730600,715,
993,76416035131400,76416035471100,76416035596500,715,
994,76416050131400,76416050342500,76416050425600,715,
995,76416065131400,76416065517900,76416065579100,715,
996,76416080131400,76416080527300,76416080615100,715,
997,76416095131400,76416095215200,76416095389000,715,
998,76416110131400,76416110829500,76416110974200,715,
999,76416125131400,76416125501600,76416125647600,715,
1000,76416140131400,76416140983800,76416141131400,715,
1001,76416155131400,76416155330900,76416155418600,715,
1002,76416170131400,76416170271000,76416170405300,715,
1003,76416185131400,76416185315000,76416185404200,715,
1004,76416200131400,76416200403400,76416200457800,715,
1005,76416215131400,76416215409600,76416215473300,715,
1006,76416230131400,76416230549100,76416230638100,715,
1007,76416245131400,76416245528700,76416245665000,715,
1008,76416260131400,76416260828200,76416260971200,715,
1009,76416275131400,76416275463600,76416275564700,715,
1010,76416290131400,76416290647200,76416290775800,715,
1011,76416305131400,76416305456600,76416305531600,715,
1012,76416320131400,76416320282000,76416320376300,715,
1013,76416335131400,76416335634700,76416335745600,715,
1014,76416350131400,76416350735300,76416350880600,715,
1015,76416365131400,76416365345800,76416365432500,715,
1016,76416380131400,76416380770700,76416380867600,715,
1017,76416395131400,76416395748800,76416395882500,715,
1018,76416410131400,76416410331800,76416410468500,715,
1019,76416425131400,76416425263000,76416425329800,715,
1020,76416440131400,76416440433700,76416440493300,715,
1021,76416455131400,76416455375900,76416455487100,715,
1022,76416470131400,76416470309700,76416470409200,715,
1023,76416485131400,76416485707200,76416485802100,715,
1024,76416500131400,76416500906800,76416501025100,715,
1025,76416515131400,76416515299500,76416515413200,715,
1026,76416530131400,76416530348000,76416530484600,715,
1027,76416545131400,76416545516700,76416545667800,715,
1028,76416560131400,76416560902100,76416561052000,715,
1029,76416575131400,76416575877900,76416576027100,715,
1030,76416590131400,76416590556800,76416590635600,715,
1031,76416605131400,76416605823200,76416605968000,715,
1032,76416620131400,76416620900500,76416621049000,715,
1033,76416635131400,76416636147000,76416636294400,715,
1034,76416650131400,76416650846000,76416650949600,715,
1035,76416665131400,76416665272200,76416665397700,715,
1036,76416680131400,76416680255400,76416680391200,715,
1037,76416695131400,76416695561600,76416695709200,715,
1038,76416710131400,76416710230100,76416710339400,715,
1039,76416725131400,76416725358600,76416725444600,715,
1040,76416740131400,76416740640500,76416740718100,715,
1041,76416755131400,76416755575800,76416755671000,715,
1042,76416770131400,76416770227000,76416770315700,715,
1043,76416785131400,76416786010700,76416786129900,715,
1044,76416800131400,76416800930700,76416801040200,715,
1045,76416815131400,76416815502600,76416815685800,715,
1046,76416830131400,76416831247000,76416831366400,715,
1047,76416845131400,76416845850400,76416846001000,715,
1048,76416860131400,76416860204200,76416860274900,715,
1049,76416875131400,76416875221500,76416875305900,715,
1050,76416890131400,76416890666800,76416890732200,715,
1051,76416905131400,76416905686000,76416905825100,715,
1052,76416920131400,76416920436300,76416920535500,715,
1053,76416935131400,76416935701200,76416935809200,715,
1054,76416950131400,76416950685000,76416950809900,715,
1055,76416965131400,76416965660200,76416965761700,715,
1056,76416980131400,76416980196000,76416980292100,715,
1057,76416995131400,76416995639800,76416995720900,715,
1058,76417010131400,76417010567600,76417010653700,715,
1059,76417025131400,76417025209400,76417025272500,715,
1060,76417040131400,76417040663100,76417040806200,715,
1061,76417055131400,76417055721400,76417055870100,715,
1062,76417070131400,76417070179000,76417070276400,715,
1063,76417085131400,76417085726500,76417085793400,715,
1064,76417100131400,76417100554500,76417100629300,715,
1065,76417115131400,76417115742800,76417115892000,715,
1066,76417130131400,76417130583700,76417130731800,715,
1067,76417145131400,76417145925300,76417146074100,715,
1068,76417160131400,76417161066900,76417161213800,715,
1069,76417175131400,76417175535900,76417175726100,715,
1070,76417190131400,76417190678900,76417190786000,715,
1071,76417205131400,76417205257400,76417205311200,715,
1072,76417220131400,76417220342500,76417220442400,715,
1073,76417235131400,76417235606800,76417235690000,715,
1074,76417250131400,76417250468900,76417250637400,715,
1075,76417265131400,76417265471100,76417265547000,715,
1076,76417280131400,76417280314800,76417280394800,715,
1077,76417295131400,76417295303600,76417295372500,715,
1078,76417310131400,76417310421000,76417310503900,715,
1079,76417325131400,76417325342500,76417325462000,715,
1080,76417340131400,76417340581600,76417340658100,715,
1081,76417355131400,76417355348200,76417355406800,715,
1082,76417370131400,76417370469600,76417370550400,715,
1083,76417385131400,76417385446700,76417385505300,715,
1084,76417400131400,76417400707100,76417400793700,715,
1085,76417415131400,76417415476000,76417415578800,715,
1086,76417430131400,76417430316600,76417430373100,715,
1087,76417445131400,76417445240500,76417445350300,715,
1088,76417460131400,76417460636700,76417460774500,715,
1089,76417475131400,76417475323800,76417475428900,715,
1090,76417490131400,76417490681600,76417490774400,715,
1091,76417505131400,76417505387100,76417505493700,715,
1092,76417520131400,76417520408200,76417520522700,715,
1093,76417535131400,76417535332100,76417535528600,715,
1094,76417550131400,76417550523000,76417550662300,715,
1095,76417565131400,76417565448800,76417565538200,715,
1096,76417580131400,76417580303900,76417580380200,715,
1097,76417595131400,76417595586100,76417595661600,715,
1098,76417610131400,76417610565700,76417610711700,715,
1099,76417625131400,76417625539400,76417625626400,715,
1100,76417640131400,76417640554500,76417640669300,715,
1101,76417655131400,76417655492800,76417655553900,715,
1102,76417670131400,76417670388500,76417670470200,715,
1103,76417685131400,76417685511100,76417685631400,715,
1104,76417700131400,76417700667600,76417700787800,715,
1105,76417715131400,76417715464200,76417715598100,715,
1106,76417730131400,76417730258300,76417730346600,715,
1107,76417745131400,76417745656100,76417745702400,715,
1108,76417760131400,76417760465000,76417760561300,715,
1109,76417775131400,76417775355500,76417775438900,715,
1110,76417790131400,76417790225300,76417790318000,715,
1111,76417805131400,76417805180600,76417805249600,715,
1112,76417820131400,76417820410400,76417820483500,715,
1113,76417835131400,76417835677700,76417835811700,715,
1114,76417850131400,76417850460400,76417850612000,715,
1115,76417865131400,76417866297500,76417866443000,715,
1116,76417880131400,76417880980100,76417881074300,715,
1117,76417895131400,76417895276400,76417895408800,715,
1118,76417910131400,76417910755200,76417910892500,715,
1119,76417925131400,76417925537100,76417925683400,715,
1120,76417940131400,76417940222700,76417940354200,715,
1121,76417955131400,76417955403200,76417955468800,715,
1122,76417970131400,76417970583100,76417970650000,715,
1123,76417985131400,76417985397600,76417985560600,715,
1124,76418000131400,76418000620200,76418000765700,715,
1125,76418015131400,76418015997400,76418016144500,715,
1126,76418030131400,76418030271100,76418030359200,715,
1127,76418045131400,76418045774500,76418045909300,715,
1128,76418060131400,76418060580000,76418060630900,715,
1129,76418075131400,76418075257500,76418075373900,715,
1130,76418090131400,76418090523600,76418090670300,715,
1131,76418105131400,76418105555700,76418105621000,715,
1132,76418120131400,76418120251200,76418120374200,715,
1133,76418135131400,76418135787800,76418135939400,715,
1134,76418150131400,76418150305200,76418150433000,715,
1135,76418165131400,76418165716900,76418165827100,715,
1136,76418180131400,76418180309300,76418180395400,715,
1137,76418195131400,76418196006000,76418196164700,715,
1138,76418210131400,76418211279200,76418211412700,715,
1139,76418225131400,76418225895200,76418226041600,715,
1140,76418240131400,76418240257300,76418240383900,715,
1141,76418255131400,76418255543800,76418255673200,715,
1142,76418270131400,76418270218800,76418270326700,715,
1143,76418285131400,76418286059100,76418286205700,715,
1144,76418300131400,76418300929300,76418301076700,715,
1145,76418315131400,76418315708400,76418315817300,715,
1146,76418330131400,76418330626500,76418330766600,715,
1147,76418345131400,76418345679600,76418345822400,715,
1148,76418360131400,76418360426300,76418360539600,715,
1149,76418375131400,76418376051100,76418376160100,715,
1150,76418390131400,76418390570200,76418390679300,715,
1151,76418405131400,76418405242800,76418405388300,715,
1152,76418420131400,76418420808000,76418420953400,715,
1153,76418435131400,76418435625500,76418435766200,715,
1154,76418450131400,76418450549000,76418450633700,715,
1155,76418465131400,76418465311000,76418465376500,715,
1156,76418480131400,76418480441500,76418480577900,715,
1157,76418495131400,76418495537500,76418495658300,715,
1158,76418510131400,76418510428600,76418510499000,715,
1159,76418525131400,76418525259000,76418525308000,715,
1160,76418540131400,76418540794500,76418540888500,715,
1161,76418555131400,76418555409400,76418555532700,715,
1162,76418570131400,76418571103200,76418571253300,715,
1163,76418585131400,76418585199900,76418585281100,715,
1164,76418600131400,76418600640800,76418600766700,715,
1165,76418615131400,76418615580300,76418615680500,715,
1166,76418630131400,76418630715100,76418630867700,715,
1167,76418645131400,76418645497400,76418645605400,715,
1168,76418660131400,76418660396900,76418660490300,715,
1169,76418675131400,76418676053300,76418676173800,715,
1170,76418690131400,76418690864400,76418690962400,715,
1171,76418705131400,76418705557600,76418705695100,715,
1172,76418720131400,76418721196300,76418721313500,715,
1173,76418735131400,76418735620500,76418735769300,715,
1174,76418750131400,76418750254700,76418750401200,715,
1175,76418765131400,76418765678800,76418765765000,715,
1176,76418780131400,76418780626000,76418780755300,715,
1177,76418795131400,76418795695800,76418795773000,715,
1178,76418810131400,76418811150300,76418811298000,715,
1179,76418825131400,76418825480800,76418825580900,715,
1180,76418840131400,76418840529100,76418840640900,715,
1181,76418855131400,76418855906500,76418856050300,715,
1182,76418870131400,76418871011900,76418871160600,715,
1183,76418885131400,76418885951400,76418886101200,715,
1184,76418900131400,76418900509400,76418900617800,715,
1185,76418915131400,76418915627900,76418915754000,715,
1186,76418930131400,76418930741100,76418930888700,715,
1187,76418945131400,76418946003000,76418946145400,715,
1188,76418960131400,76418960623100,76418960711300,715,
1189,76418975131400,76418975514700,76418975599700,715,
1190,76418990131400,76418990571900,76418990694700,715,
1191,76419005131400,76419005503500,76419005631200,715,
1192,76419020131400,76419021208300,76419021358600,715,
1193,76419035131400,76419035298100,76419035356500,715,
1194,76419050131400,76419050768300,76419050858800,715,
1195,76419065131400,76419065750800,76419065885600,715,
1196,76419080131400,76419080850100,76419080997300,715,
1197,76419095131400,76419095539000,76419095686200,715,
1198,76419110131400,76419110218500,76419110308400,715,
1199,76419125131400,76419125386000,76419125545400,715,
1200,76419140131400,76419140753800,76419140899900,715,
1201,76419155131400,76419155256800,76419155354200,715,
1202,76419170131400,76419170194500,76419170293600,715,
1203,76419185131400,76419185409900,76419185506300,715,
1204,76419200131400,76419200270500,76419200395700,715,
1205,76419215131400,76419215293900,76419215371900,715,
1206,76419230131400,76419230270200,76419230371700,715,
1207,76419245131400,76419245644600,76419245787900,715,
1208,76419260131400,76419260791600,76419260879400,715,
1209,76419275131400,76419275457800,76419275594200,715,
1210,76419290131400,76419290558500,76419290665800,715,
1211,76419305131400,76419306150100,76419306297700,715,
1212,76419320131400,76419320259800,76419320386900,715,
1213,76419335131400,76419335255700,76419335343400,715,
1214,76419350131400,76419350188100,76419350275100,715,
1215,76419365131400,76419365777100,76419365924400,715,
1216,76419380131400,76419380996200,76419381138500,715,
1217,76419395131400,76419395643200,76419395707300,715,
1218,76419410131400,76419411073500,76419411250700,715,
1219,76419425131400,76419425241300,76419425322300,715,
1220,76419440131400,76419440212300,76419440293700,715,
1221,76419455131400,76419455290500,76419455401600,715,
1222,76419470131400,76419470403800,76419470505900,715,
1223,76419485131400,76419485327900,76419485536800,715,
1224,76419500131400,76419500768100,76419500911000,715,
1225,76419515131400,76419515739800,76419515886200,715,
1226,76419530131400,76419530689700,76419530801900,715,
1227,76419545131400,76419545395700,76419545530600,715,
1228,76419560131400,76419560671100,76419560849700,715,
1229,76419575131400,76419575781500,76419575953200,715,
1230,76419590131400,76419590538800,76419590689100,715,
1231,76419605131400,76419605474200,76419605601900,715,
1232,76419620131400,76419620623000,76419620790200,715,
1233,76419635131400,76419635537200,76419635641600,715,
1234,76419650131400,76419650567100,76419650661300,715,
1235,76419665131400,76419665461000,76419665581100,715,
1236,76419680131400,76419681104100,76419681255600,715,
1237,76419695131400,76419695418600,76419695510900,715,
1238,76419710131400,76419710837600,76419710993800,715,
1239,76419725131400,76419725834500,76419725976400,715,
1240,76419740131400,76419740997400,76419741142800,715,
1241,76419755131400,76419755496900,76419755601700,715,
1242,76419770131400,76419770250400,76419770377600,715,
1243,76419785131400,76419785344300,76419785493100,715,
1244,76419800131400,76419800776700,76419800920300,715,
1245,76419815131400,76419815570600,76419815717400,715,
1246,76419830131400,76419830314900,76419830376300,715,
1247,76419845131400,76419845530400,76419845745300,715,
1248,76419860131400,76419860621400,76419860709500,715,
1249,76419875131400,76419875188300,76419875270500,715,
1250,76419890131400,76419891228900,76419891375800,715,
1251,76419905131400,76419905399900,76419905487400,715,
1252,76419920131400,76419920643200,76419920784500,715,
1253,76419935131400,76419935233000,76419935323900,715,
1254,76419950131400,76419950589100,76419950735800,715,
1255,76419965131400,76419965219300,76419965327800,715,
1256,76419980131400,76419980813000,76419980900300,715,
1257,76419995131400,76419995613600,76419995715100,715,
1258,76420010131400,76420010874900,76420011016100,715,
1259,76420025131400,76420025715100,76420025854900,715,
1260,76420040131400,76420040651500,76420040736400,715,
1261,76420055131400,76420055479200,76420055542800,715,
1262,76420070131400,76420070239400,76420070376000,715,
1263,76420085131400,76420085877000,76420086024000,715,
1264,76420100131400,76420101580900,76420101728100,715,
1265,76420115131400,76420116231400,76420116351700,715,
1266,76420130131400,76420130647100,76420130770300,715,
1267,76420145131400,76420145329600,76420145414700,715,
1268,76420160131400,76420160432600,76420160547400,715,
1269,76420175131400,76420176027800,76420176175100,715,
1270,76420190131400,76420191256900,76420191404200,715,
1271,76420205131400,76420205505000,76420205663900,715,
1272,76420220131400,76420220573000,76420220710700,715,
1273,76420235131400,76420235572100,76420235712400,715,
1274,76420250131400,76420251560100,76420251677400,715,
1275,76420265131400,76420265565900,76420265736300,715,
1276,76420280131400,76420280528000,76420280623900,715,
1277,76420295131400,76420295812800,76420295953500,715,
1278,76420310131400,76420311087400,76420311234900,715,
1279,76420325131400,76420325653200,76420325780900,715,
1280,76420340131400,76420340315400,76420340407200,715,
1281,76420355131400,76420355429400,76420355593800,715,
1282,76420370131400,76420370830700,76420370974000,715,
1283,76420385131400,76420385876600,76420386023400,715,
1284,76420400131400,76420401284500,76420401429200,715,
1285,76420415131400,76420415751100,76420415824300,715,
1286,76420430131400,76420430595900,76420430747000,715,
1287,76420445131400,76420445224400,76420445339900,715,
1288,76420460131400,76420460176800,76420460227200,715,
1289,76420475131400,76420475683600,76420475769700,715,
1290,76420490131400,76420490632700,76420490711700,715,
1291,76420505131400,76420505508400,76420505643600,715,
1292,76420520131400,76420520807600,76420520955800,715,
1293,76420535131400,76420535466100,76420535613600,715,
1294,76420550131400,76420550228400,76420550309400,715,
1295,76420565131400,76420565430800,76420565563500,715,
1296,76420580131400,76420580649800,76420580785500,715,
1297,76420595131400,76420595231200,76420595328400,715,
1298,76420610131400,76420610638900,76420610782300,715,
1299,76420625131400,76420625696700,76420625773800,715,
1300,76420640131400,76420640644300,76420640769900,715,
1301,76420655131400,76420655614400,76420655762600,715,
1302,76420670131400,76420670546200,76420670687400,715,
1303,76420685131400,76420685279500,76420685349300,715,
1304,76420700131400,76420700360300,76420700449600,715,
1305,76420715131400,76420715685100,76420715794700,715,
1306,76420730131400,76420730212100,76420730306700,715,
1307,76420745131400,76420745754900,76420745903400,715,
1308,76420760131400,76420761271100,76420761420300,715,
1309,76420775131400,76420775305700,76420775375500,715,
1310,76420790131400,76420790381100,76420790482700,715,
1311,76420805131400,76420805193500,76420805300400,715,
1312,76420820131400,76420820631200,76420820737300,715,
1313,76420835131400,76420835348400,76420835469700,715,
1314,76420850131400,76420850308900,76420850462800,715,
1315,76420865131400,76420865319800,76420865420800,715,
1316,76420880131400,76420880696500,76420880819900,715,
1317,76420895131400,76420896013300,76420896106100,715,
1318,76420910131400,76420910491900,76420910562600,715,
1319,76420925131400,76420925326100,76420925410200,715,
1320,76420940131400,76420940194200,76420940245600,715,
1321,76420955131400,76420955337900,76420955441800,715,
1322,76420970131400,76420970539700,76420970681700,715,
1323,76420985131400,76420985565300,76420985677400,715,
1324,76421000131400,76421000214500,76421000291000,715,
1325,76421015131400,76421015253900,76421015350800,715,
1326,76421030131400,76421030603500,76421030688500,715,
1327,76421045131400,76421045258800,76421045457900,715,
1328,76421060131400,76421060599400,76421060682800,715,
1329,76421075131400,76421075455700,76421075560400,715,
1330,76421090131400,76421090499000,76421090616500,715,
1331,76421105131400,76421105182700,76421105234200,715,
1332,76421120131400,76421120415200,76421120526000,715,
1333,76421135131400,76421135515500,76421135603100,715,
1334,76421150131400,76421150535400,76421150693200,715,
1335,76421165131400,76421166129700,76421166211800,715,
1336,76421180131400,76421181167500,76421181269700,715,
1337,76421195131400,76421195212900,76421195330800,715,
1338,76421210131400,76421210260000,76421210371000,715,
1339,76421225131400,76421225629700,76421225745000,715,
1340,76421240131400,76421240887400,76421241036200,715,
1341,76421255131400,76421255899500,76421256046800,715,
1342,76421270131400,76421271137900,76421271285700,715,
1343,76421285131400,76421285456600,76421285623400,715,
1344,76421300131400,76421300606100,76421300743000,715,
1345,76421315131400,76421315824900,76421315963200,715,
1346,76421330131400,76421330198600,76421330254400,715,
1347,76421345131400,76421345481700,76421345546500,715,
1348,76421360131400,76421360497500,76421360720300,715,
1349,76421375131400,76421375586500,76421375722200,715,
1350,76421390131400,76421390864600,76421391013600,715,
1351,76421405131400,76421405690200,76421405836800,715,
1352,76421420131400,76421420315000,76421420425600,715,
1353,76421435131400,76421435291700,76421435440300,715,
1354,76421450131400,76421450698300,76421450818200,715,
1355,76421465131400,76421465546200,76421465694400,715,
1356,76421480131400,76421480406700,76421480493900,715,
1357,76421495131400,76421495673600,76421495775900,715,
1358,76421510131400,76421510702700,76421510848400,715,
1359,76421525131400,76421525233800,76421525292300,715,
1360,76421540131400,76421540486900,76421540562200,715,
1361,76421555131400,76421555494800,76421555581400,715,
1362,76421570131400,76421570598200,76421570686800,715,
1363,76421585131400,76421585421700,76421585555500,715,
1364,76421600131400,76421600415000,76421600532000,715,
1365,76421615131400,76421616135800,76421616255500,715,
1366,76421630131400,76421630429300,76421630501600,715,
1367,76421645131400,76421645396300,76421645480000,715,
1368,76421660131400,76421660666900,76421660818300,715,
1369,76421675131400,76421675543100,76421675689800,715,
1370,76421690131400,76421690691600,76421690812100,715,
1371,76421705131400,76421705563300,76421705646800,715,
1372,76421720131400,76421720201000,76421720368800,715,
1373,76421735131400,76421735680500,76421735817600,715,
1374,76421750131400,76421751134600,76421751282000,715,
1375,76421765131400,76421766051500,76421766194000,715,
1376,76421780131400,76421781358500,76421781507300,715,
1377,76421795131400,76421795415100,76421795544700,715,
1378,76421810131400,76421811448200,76421811586400,715,
1379,76421825131400,76421825927100,76421826075300,715,
1380,76421840131400,76421840222200,76421840299700,715,
1381,76421855131400,76421855226100,76421855300800,715,
1382,76421870131400,76421870498500,76421870639700,715,
1383,76421885131400,76421885545900,76421885674900,715,
1384,76421900131400,76421900289100,76421900433700,715,
1385,76421915131400,76421915487500,76421915573200,715,
1386,76421930131400,76421930836400,76421930919800,715,
1387,76421945131400,76421945460400,76421945600100,715,
1388,76421960131400,76421960552600,76421960694400,715,
1389,76421975131400,76421975533300,76421975680800,715,
1390,76421990131400,76421991154100,76421991273100,715,
1391,76422005131400,76422005299600,76422005390100,715,
1392,76422020131400,76422020431500,76422020571400,715,
1393,76422035131400,76422035185100,76422035237100,715,
1394,76422050131400,76422050257200,76422050376900,715,
1395,76422065131400,76422065843300,76422065990400,715,
1396,76422080131400,76422080249800,76422080372000,715,
1397,76422095131400,76422095549900,76422095689700,715,
1398,76422110131400,76422110224800,76422110345300,715,
1399,76422125131400,76422125350300,76422125456400,715,
1400,76422140131400,76422140429500,76422140550700,715,
1401,76422155131400,76422155237700,76422155383700,715,
1402,76422170131400,76422170207500,76422170295700,715,
1403,76422185131400,76422185615800,76422185671500,715,
1404,76422200131400,76422201345500,76422201491500,715,
1405,76422215131400,76422215355100,76422215460200,715,
1406,76422230131400,76422230502200,76422230616900,715,
1407,76422245131400,76422245528300,76422245679100,715,
1408,76422260131400,76422260989800,76422261136900,715,
1409,76422275131400,76422275757100,76422275906100,715,
1410,76422290131400,76422290438000,76422290647100,715,
1411,76422305131400,76422305647500,76422305786600,715,
1412,76422320131400,76422320546300,76422320695500,715,
1413,76422335131400,76422335233500,76422335326800,715,
1414,76422350131400,76422350367700,76422350452100,715,
1415,76422365131400,76422365730600,76422365831900,715,
1416,76422380131400,76422380581400,76422380697700,715,
1417,76422395131400,76422395649900,76422395807500,715,
1418,76422410131400,76422410862300,76422411011700,715,
1419,76422425131400,76422426236000,76422426342000,715,
1420,76422440131400,76422440611100,76422440759300,715,
1421,76422455131400,76422455702300,76422455857100,715,
1422,76422470131400,76422470520200,76422470669000,715,
1423,76422485131400,76422486197800,76422486346100,715,
1424,76422500131400,76422500225500,76422500354100,715,
1425,76422515131400,76422515430400,76422515581100,715,
1426,76422530131400,76422530700400,76422530807400,715,
1427,76422545131400,76422545487100,76422545623000,715,
1428,76422560131400,76422560689800,76422560795600,715,
1429,76422575131400,76422575491900,76422575578200,715,
1430,76422590131400,76422590348600,76422590476500,715,
1431,76422605131400,76422605415300,76422605581300,715,
1432,76422620131400,76422620433500,76422620561400,715,
1433,76422635131400,76422635953700,76422636094400,715,
1434,76422650131400,76422650565700,76422650676600,715,
1435,76422665131400,76422665842200,76422665979400,715,
1436,76422680131400,76422681010900,76422681134300,715,
1437,76422695131400,76422695704000,76422695849200,715,
1438,76422710131400,76422710530700,76422710679100,715,
1439,76422725131400,76422725709900,76422725824100,715,
1440,76422740131400,76422740272400,76422740409300,715,
1441,76422755131400,76422755478000,76422755569400,715,
1442,76422770131400,76422770244800,76422770365900,715,
1443,76422785131400,76422785553600,76422785639800,715,
1444,76422800131400,76422800581700,76422800710700,715,
1445,76422815131400,76422815432800,76422815570700,715,
1446,76422830131400,76422830737600,76422830867800,715,
1447,76422845131400,76422845605300,76422845725800,715,
1448,76422860131400,76422860219800,76422860305600,715,
1449,76422875131400,76422875635500,76422875699000,715,
1450,76422890131400,76422890261200,76422890362000,715,
1451,76422905131400,76422905636600,76422905733500,715,
1452,76422920131400,76422920531200,76422920630400,715,
1453,76422935131400,76422935603000,76422935700500,715,
1454,76422950131400,76422950306600,76422950412400,715,
1455,76422965131400,76422965296900,76422965393100,715,
1456,76422980131400,76422980370600,76422980434200,715,
1457,76422995131400,76422995303900,76422995419500,715,
1458,76423010131400,76423010510400,76423010566800,715,
1459,76423025131400,76423025653500,76423025733300,715,
1460,76423040131400,76423040556500,76423040642200,715,
1461,76423055131400,76423055995200,76423056141200,715,
1462,76423070131400,76423070190300,76423070252400,715,
1463,76423085131400,76423085393400,76423085511400,715,
1464,76423100131400,76423100644200,76423100776300,715,
1465,76423115131400,76423115894900,76423116013700,715,
1466,76423130131400,76423130347800,76423130430600,715,
1467,76423145131400,76423145493900,76423145565900,715,
1468,76423160131400,76423160514100,76423160585400,715,
1469,76423175131400,76423175349300,76423175488700,715,
1470,76423190131400,76423190698800,76423190848300,715,
1471,76423205131400,76423205623200,76423205715900,715,
1472,76423220131400,76423220480700,76423220564200,715,
1473,76423235131400,76423235504900,76423235671300,715,
1474,76423250131400,76423250523600,76423250667400,715,
1475,76423265131400,76423266005100,76423266152300,715,
1476,76423280131400,76423280724000,76423280845800,715,
1477,76423295131400,76423295516900,76423295586900,715,
1478,76423310131400,76423310307400,76423310401800,715,
1479,76423325131400,76423325468300,76423325595100,715,
1480,76423340131400,76423340533500,76423340667900,715,
1481,76423355131400,76423355445500,76423355532900,715,
1482,76423370131400,76423370563000,76423370646500,715,
1483,76423385131400,76423385748600,76423385899800,715,
1484,76423400131400,76423400244800,76423400386900,715,
1485,76423415131400,76423415605900,76423415725100,715,
1486,76423430131400,76423430446000,76423430570200,715,
1487,76423445131400,76423445230800,76423445322200,715,
1488,76423460131400,76423460789700,76423460948100,715,
1489,76423475131400,76423476082600,76423476228300,715,
1490,76423490131400,76423490228300,76423490315600,715,
1491,76423505131400,76423505474200,76423505587300,715,
1492,76423520131400,76423520347300,76423520443400,715,
1493,76423535131400,76423535383600,76423535519900,715,
1494,76423550131400,76423550600000,76423550740000,715,
1495,76423565131400,76423565643100,76423565782600,715,
1496,76423580131400,76423580583500,76423580692200,715,
1497,76423595131400,76423595458700,76423595599300,715,
1498,76423610131400,76423610217100,76423610308700,715,
1499,76423625131400,76423625715800,76423625853500,715,
1500,76423640131400,76423640217600,76423640289400,715,
1501,76423655131400,76423655598600,76423655667000,715,
1502,76423670131400,76423670476700,76423670619500,715,
1503,76423685131400,76423685646700,76423685730000,715,
1504,76423700131400,76423700616900,76423700764300,715,
1505,76423715131400,76423715203700,76423715255100,715,
1506,76423730131400,76423730512000,76423730581100,715,
1507,76423745131400,76423745723700,76423745801400,715,
1508,76423760131400,76423760520100,76423760671000,715,
1509,76423775131400,76423775237400,76423775328600,715,
1510,76423790131400,76423791259200,76423791401100,715,
1511,76423805131400,76423805416300,76423805510000,715,
1512,76423820131400,76423820607300,76423820708600,715,
1513,76423835131400,76423835709800,76423835850000,715,
1514,76423850131400,76423851187200,76423851344800,715,
1515,76423865131400,76423865445200,76423865568700,715,
1516,76423880131400,76423880342400,76423880407300,715,
1517,76423895131400,76423895565100,76423895682300,715,
1518,76423910131400,76423910545800,76423910670100,715,
1519,76423925131400,76423925710200,76423925857200,715,
1520,76423940131400,76423940578600,76423940686900,715,
1521,76423955131400,76423955402300,76423955476700,715,
1522,76423970131400,76423970486900,76423970628200,715,
1523,76423985131400,76423986032100,76423986178900,715,
1524,76424000131400,76424001176400,76424001322700,715,
1525,76424015131400,76424015634100,76424015696200,715,
1526,76424030131400,76424030647200,76424030777900,715,
1527,76424045131400,76424045751700,76424045895100,715,
1528,76424060131400,76424060322700,76424060440200,715,
1529,76424075131400,76424075232600,76424075340300,715,
1530,76424090131400,76424090574500,76424090713200,715,
1531,76424105131400,76424105343100,76424105480200,715,
1532,76424120131400,76424120657000,76424120802400,715,
1533,76424135131400,76424135614800,76424135695700,715,
1534,76424150131400,76424150733600,76424150881100,715,
1535,76424165131400,76424165423300,76424165482700,715,
1536,76424180131400,76424180272900,76424180396300,715,
1537,76424195131400,76424195603900,76424195749800,715,
1538,76424210131400,76424210795400,76424210896400,715,
1539,76424225131400,76424225297400,76424225424800,715,
1540,76424240131400,76424240543400,76424240677600,715,
1541,76424255131400,76424255972000,76424256128900,715,
1542,76424270131400,76424271084800,76424271214400,715,
1543,76424285131400,76424286431900,76424286577100,715,
1544,76424300131400,76424300305400,76424300392000,715,
1545,76424315131400,76424315396600,76424315488800,715,
1546,76424330131400,76424330757000,76424330858400,715,
1547,76424345131400,76424345588300,76424345715100,715,
1548,76424360131400,76424360267600,76424360411600,715,
1549,76424375131400,76424375590600,76424375689700,715,
1550,76424390131400,76424390329600,76424390476500,715,
1551,76424405131400,76424405219100,76424405283400,715,
1552,76424420131400,76424420357000,76424420416300,715,
1553,76424435131400,76424435441000,76424435527200,715,
1554,76424450131400,76424450763300,76424450886900,715,
1555,76424465131400,76424465312800,76424465444300,715,
1556,76424480131400,76424480592600,76424480687100,715,
1557,76424495131400,76424495320400,76424495399700,715,
1558,76424510131400,76424510281200,76424510364500,715,
1559,76424525131400,76424525299700,76424525385600,715,
1560,76424540131400,76424540391200,76424540459900,715,
1561,76424555131400,76424555170400,76424555258300,715,
1562,76424570131400,76424570592500,76424570672400,715,
1563,76424585131400,76424585436300,76424585514400,715,
1564,76424600131400,76424600859100,76424600910400,715,
1565,76424615131400,76424615233100,76424615391900,715,
1566,76424630131400,76424630305300,76424630411600,715,
1567,76424645131400,76424645248900,76424645368200,715,
1568,76424660131400,76424661531800,76424661678300,715,
1569,76424675131400,76424675680200,76424675771800,715,
1570,76424690131400,76424690228000,76424690337700,715,
1571,76424705131400,76424705288100,76424705428600,715,
1572,76424720131400,76424720482400,76424720580300,715,
1573,76424735131400,76424735407600,76424735531500,715,
1574,76424750131400,76424750572800,76424750730500,715,
1575,76424765131400,76424765587900,76424765658600,715,
1576,76424780131400,76424780211000,76424780321100,715,
1577,76424795131400,76424795322300,76424795444100,715,
1578,76424810131400,76424810447000,76424810557300,715,
1579,76424825131400,76424825918500,76424826071600,715,
1580,76424840131400,76424840249900,76424840383100,715,
1581,76424855131400,76424855224300,76424855322900,715,
1582,76424870131400,76424870173200,76424870245600,715,
1583,76424885131400,76424885669300,76424885748300,715,
1584,76424900131400,76424900637500,76424900756400,715,
1585,76424915131400,76424915522700,76424915592500,715,
1586,76424930131400,76424930961800,76424931102600,715,
1587,76424945131400,76424945535900,76424945623100,715,
1588,76424960131400,76424960322700,76424960385900,715,
1589,76424975131400,76424975509100,76424975565300,715,
1590,76424990131400,76424990266400,76424990308700,715,
1591,76425005131400,76425005225900,76425005300100,715,
1592,76425020131400,76425020332900,76425020388400,715,
1593,76425035131400,76425035373700,76425035461000,715,
1594,76425050131400,76425050882600,76425050982900,715,
1595,76425065131400,76425065731500,76425065815400,715,
1596,76425080131400,76425080316200,76425080431300,715,
1597,76425095131400,76425095349600,76425095430300,715,
1598,76425110131400,76425110556500,76425110633300,715,
1599,76425125131400,76425125575100,76425125692700,715,
1600,76425140131400,76425140741300,76425140887800,715,
1601,76425155131400,76425156765800,76425156914200,715,
1602,76425170131400,76425170430300,76425170539100,715,
1603,76425185131400,76425185567300,76425185685300,715,
1604,76425200131400,76425200669900,76425200814100,715,
1605,76425215131400,76425215643600,76425215734300,715,
1606,76425230131400,76425230714400,76425230861600,715,
1607,76425245131400,76425245550600,76425245656800,715,
1608,76425260131400,76425260335200,76425260456100,715,
1609,76425275131400,76425275194200,76425275310300,715,
1610,76425290131400,76425290211200,76425290262100,715,
1611,76425305131400,76425305526700,76425305649400,715,
1612,76425320131400,76425320213600,76425320301100,715,
1613,76425335131400,76425335518900,76425335657200,715,
1614,76425350131400,76425350845900,76425350993400,715,
1615,76425365131400,76425365692600,76425365798900,715,
1616,76425380131400,76425380208400,76425380313800,715,
1617,76425395131400,76425395537600,76425395612500,715,
1618,76425410131400,76425410306000,76425410395500,715,
1619,76425425131400,76425425373800,76425425494500,715,
1620,76425440131400,76425440759700,76425440846400,715,
1621,76425455131400,76425455810100,76425455939700,715,
1622,76425470131400,76425470321500,76425470477400,715,
1623,76425485131400,76425485359700,76425485501500,715,
1624,76425500131400,76425500224200,76425500314600,715,
1625,76425515131400,76425515262300,76425515395100,715,
1626,76425530131400,76425530539400,76425530601700,715,
1627,76425545131400,76425545527400,76425545614000,715,
1628,76425560131400,76425560375600,76425560427100,715,
1629,76425575131400,76425576053000,76425576202200,715,
1630,76425590131400,76425590643700,76425590791000,715,
1631,76425605131400,76425605464500,76425605551200,715,
1632,76425620131400,76425620525000,76425620643900,715,
1633,76425635131400,76425635669400,76425635812500,715,
1634,76425650131400,76425650915800,76425651062100,715,
1635,76425665131400,76425665413000,76425665549500,715,
1636,76425680131400,76425680384600,76425680509200,715,
1637,76425695131400,76425695632700,76425695770700,715,
1638,76425710131400,76425710523500,76425710677100,715,
1639,76425725131400,76425725504700,76425725595600,715,
1640,76425740131400,76425740214400,76425740326400,715,
1641,76425755131400,76425755623400,76425755731100,715,
1642,76425770131400,76425770369700,76425770514200,715,
1643,76425785131400,76425785864900,76425785989900,715,
1644,76425800131400,76425800283500,76425800398400,715,
1645,76425815131400,76425815581000,76425815639600,715,
1646,76425830131400,76425830688600,76425830826000,715,
1647,76425845131400,76425845441600,76425845579600,715,
1648,76425860131400,76425860883100,76425861029600,715,
1649,76425875131400,76425876450000,76425876584100,715,
1650,76425890131400,76425890719900,76425890825600,715,
1651,76425905131400,76425905404700,76425905489200,715,
1652,76425920131400,76425920222900,76425920337800,715,
1653,76425935131400,76425935225700,76425935341100,715,
1654,76425950131400,76425950826800,76425950984800,715,
1655,76425965131400,76425965503700,76425965572700,715,
1656,76425980131400,76425980519600,76425980618300,715,
1657,76425995131400,76425995668000,76425995750100,715,
1658,76426010131400,76426010458100,76426010509900,715,
1659,76426025131400,76426025576500,76426025628200,715,
1660,76426040131400,76426040364300,76426040448300,715,
1661,76426055131400,76426055636500,76426055773600,715,
1662,76426070131400,76426070779700,76426070927000,715,
1663,76426085131400,76426085742600,76426085882700,715,
1664,76426100131400,76426100264300,76426100325100,715,
1665,76426115131400,76426115372400,76426115467500,715,
1666,76426130131400,76426130681200,76426130805800,715,
1667,76426145131400,76426145376500,76426145435000,715,
1668,76426160131400,76426161587700,76426161732500,715,
1669,76426175131400,76426176167500,76426176312200,715,
1670,76426190131400,76426190363000,76426190527600,715,
1671,76426205131400,76426205499000,76426205638200,715,
1672,76426220131400,76426220199500,76426220289000,715,
1673,76426235131400,76426235735200,76426235881900,715,
1674,76426250131400,76426250428000,76426250537800,715,
1675,76426265131400,76426265835400,76426265939500,715,
1676,76426280131400,76426280715800,76426280851700,715,
1677,76426295131400,76426295510900,76426295656400,715,
1678,76426310131400,76426310683200,76426310831300,715,
1679,76426325131400,76426325197300,76426325268000,715,
1680,76426340131400,76426340684600,76426340801000,715,
1681,76426355131400,76426355734800,76426355890700,715,
1682,76426370131400,76426370554900,76426370657200,715,
1683,76426385131400,76426385920200,76426386066700,715,
1684,76426400131400,76426400356700,76426400445500,715,
1685,76426415131400,76426415654700,76426415765900,715,
1686,76426430131400,76426430830800,76426430975600,715,
1687,76426445131400,76426445890700,76426446039300,715,
1688,76426460131400,76426460502000,76426460598600,715,
1689,76426475131400,76426475453800,76426475553200,715,
1690,76426490131400,76426490281000,76426490414100,715,
1691,76426505131400,76426505744600,76426505893800,715,
1692,76426520131400,76426520712200,76426520858500,715,
1693,76426535131400,76426535712400,76426535859500,715,
1694,76426550131400,76426550256900,76426550369200,715,
1695,76426565131400,76426565938200,76426566076400,715,
1696,76426580131400,76426580582900,76426580731300,715,
1697,76426595131400,76426595852000,76426595999300,715,
1698,76426610131400,76426610270000,76426610333400,715,
1699,76426625131400,76426625386900,76426625508200,715,
1700,76426640131400,76426640359500,76426640503100,715,
1701,76426655131400,76426655582900,76426655733600,715,
1702,76426670131400,76426670561000,76426670708700,715,
1703,76426685131400,76426685446800,76426685565500,715,
1704,76426700131400,76426700366700,76426700527700,715,
1705,76426715131400,76426715374500,76426715513700,715,
1706,76426730131400,76426730726300,76426730856900,715,
1707,76426745131400,76426745723400,76426745795700,715,
1708,76426760131400,76426760193900,76426760280100,715,
1709,76426775131400,76426775542700,76426775714500,715,
1710,76426790131400,76426790509800,76426790661200,715,
1711,76426805131400,76426805799300,76426805949500,715,
1712,76426820131400,76426820656200,76426820802200,715,
1713,76426835131400,76426835336900,76426835399900,715,
1714,76426850131400,76426850272900,76426850409300,715,
1715,76426865131400,76426865627600,76426865775000,715,
1716,76426880131400,76426880508800,76426880575700,715,
1717,76426895131400,76426895192100,76426895321400,715,
1718,76426910131400,76426910264100,76426910330900,715,
1719,76426925131400,76426925195300,76426925256400,715,
1720,76426940131400,76426940656700,76426940741500,715,
1721,76426955131400,76426956017000,76426956164400,715,
1722,76426970131400,76426970529900,76426970601400,715,
1723,76426985131400,76426985627300,76426985713600,715,
1724,76427000131400,76427000301900,76427000540900,715,
1725,76427015131400,76427015623100,76427015770300,715,
1726,76427030131400,76427030185000,76427030270800,715,
1727,76427045131400,76427045397900,76427045478200,715,
1728,76427060131400,76427060602300,76427060766100,715,
1729,76427075131400,76427075539000,76427075680900,715,
1730,76427090131400,76427090911700,76427091060700,715,
1731,76427105131400,76427105220200,76427105361700,715,
1732,76427120131400,76427120719900,76427120827300,715,
1733,76427135131400,76427135720300,76427135858700,715,
1734,76427150131400,76427150553400,76427150690700,715,
1735,76427165131400,76427165197300,76427165277300,715,
1736,76427180131400,76427180566200,76427180662100,715,
1737,76427195131400,76427195554200,76427195619500,715,
1738,76427210131400,76427210437000,76427210576200,715,
1739,76427225131400,76427226827700,76427226951300,715,
1740,76427240131400,76427240989300,76427241134200,715,
1741,76427255131400,76427255489500,76427255636100,715,
1742,76427270131400,76427270326500,76427270405100,715,
1743,76427285131400,76427285427400,76427285515700,715,
1744,76427300131400,76427300481000,76427300577600,715,
1745,76427315131400,76427315229100,76427315345700,715,
1746,76427330131400,76427330830800,76427330956900,715,
1747,76427345131400,76427345455000,76427345554100,715,
1748,76427360131400,76427360609500,76427360747100,715,
1749,76427375131400,76427375766500,76427375882800,715,
1750,76427390131400,76427390373200,76427390438100,715,
1751,76427405131400,76427405602300,76427405683600,715,
1752,76427420131400,76427420578600,76427420664700,715,
1753,76427435131400,76427435305800,76427435395400,715,
1754,76427450131400,76427450528300,76427450677500,715,
1755,76427465131400,76427465674000,76427465823000,715,
1756,76427480131400,76427481031700,76427481175400,715,
1757,76427495131400,76427495414400,76427495485000,715,
1758,76427510131400,76427510580100,76427510680000,715,
1759,76427525131400,76427525228100,76427525321800,715,
1760,76427540131400,76427540273300,76427540351000,715,
1761,76427555131400,76427555300600,76427555443500,715,
1762,76427570131400,76427570830400,76427570967500,715,
1763,76427585131400,76427585534200,76427585682800,715,
1764,76427600131400,76427600473200,76427600558800,715,
1765,76427615131400,76427615343000,76427615416700,715,
1766,76427630131400,76427630276200,76427630341600,715,
1767,76427645131400,76427645690900,76427645815000,715,
1768,76427660131400,76427660683600,76427660829400,715,
1769,76427675131400,76427675214000,76427675299400,715,
1770,76427690131400,76427690526700,76427690610300,715,
1771,76427705131400,76427705474100,76427705669900,715,
1772,76427720131400,76427720464700,76427720602200,715,
1773,76427735131400,76427735225000,76427735313400,715,
1774,76427750131400,76427750523200,76427750584200,715,
1775,76427765131400,76427765311500,76427765380000,715,
1776,76427780131400,76427780242400,76427780336800,715,
1777,76427795131400,76427795532200,76427795675900,715,
1778,76427810131400,76427810415500,76427810506200,715,
1779,76427825131400,76427825226400,76427825337800,715,
1780,76427840131400,76427840224500,76427840307200,715,
1781,76427855131400,76427855453900,76427855526400,715,
1782,76427870131400,76427870928600,76427871078700,715,
1783,76427885131400,76427885449000,76427885561600,715,
1784,76427900131400,76427900235000,76427900346100,715,
1785,76427915131400,76427915617200,76427915699600,715,
1786,76427930131400,76427930332200,76427930461500,715,
1787,76427945131400,76427945560500,76427945700100,715,
1788,76427960131400,76427960203600,76427960279300,715,
1789,76427975131400,76427975414300,76427975460700,715,
1790,76427990131400,76427990535900,76427990615100,715,
1791,76428005131400,76428005775000,76428005911100,715,
1792,76428020131400,76428020986300,76428021131600,715,
1793,76428035131400,76428035875400,76428036023100,715,
1794,76428050131400,76428050503300,76428050587800,715,
1795,76428065131400,76428065237100,76428065301800,715,
1796,76428080131400,76428080640100,76428080774700,715,
1797,76428095131400,76428095218800,76428095304000,715,
1798,76428110131400,76428110204500,76428110261500,715,
1799,76428125131400,76428125654100,76428125763500,715,
1800,76428140131400,76428140540900,76428140794200,715,
1801,76428155131400,76428155733200,76428155837300,715,
1802,76428170131400,76428170538200,76428170688800,715,
1803,76428185131400,76428185509400,76428185636000,715,
1804,76428200131400,76428200291200,76428200360600,715,
1805,76428215131400,76428215273800,76428215353200,715,
1806,76428230131400,76428230657700,76428230772400,715,
1807,76428245131400,76428245341700,76428245440800,715,
1808,76428260131400,76428260334800,76428260436600,715,
1809,76428275131400,76428275609600,76428275693300,715,
1810,76428290131400,76428290368200,76428290480100,715,
1811,76428305131400,76428305239400,76428305433000,715,
1812,76428320131400,76428320357800,76428320474000,715,
1813,76428335131400,76428335645900,76428335795900,715,
1814,76428350131400,76428350634100,76428350730500,715,
1815,76428365131400,76428365324300,76428365472200,715,
1816,76428380131400,76428380876200,76428381023600,715,
1817,76428395131400,76428395739800,76428395886800,715,
1818,76428410131400,76428410400000,76428410496300,715,
1819,76428425131400,76428425363700,76428425535200,715,
1820,76428440131400,76428440558000,76428440694300,715,
1821,76428455131400,76428455229700,76428455346100,715,
1822,76428470131400,76428471376400,76428471520200,715,
1823,76428485131400,76428485937500,76428486046900,715,
1824,76428500131400,76428500312700,76428500412300,715,
1825,76428515131400,76428515531800,76428515654900,715,
1826,76428530131400,76428530297000,76428530414600,715,
1827,76428545131400,76428545188700,76428545302200,715,
1828,76428560131400,76428560550600,76428560644800,715,
1829,76428575131400,76428575678900,76428575905800,715,
1830,76428590131400,76428590762700,76428590898100,715,
1831,76428605131400,76428605583200,76428605692100,715,
1832,76428620131400,76428620452500,76428620575900,715,
1833,76428635131400,76428635421900,76428635510200,715,
1834,76428650131400,76428650606400,76428650716700,715,
1835,76428665131400,76428665335200,76428665477600,715,
1836,76428680131400,76428680283100,76428680374900,715,
1837,76428695131400,76428695550300,76428695637800,715,
1838,76428710131400,76428710399900,76428710471300,715,
1839,76428725131400,76428725223800,76428725319900,715,
1840,76428740131400,76428740231700,76428740321000,715,
1841,76428755131400,76428755882500,76428755980000,715,
1842,76428770131400,76428770451900,76428770579800,715,
1843,76428785131400,76428785577600,76428785664200,715,
1844,76428800131400,76428800590400,76428800721400,715,
1845,76428815131400,76428815228000,76428815328000,715,
1846,76428830131400,76428831179900,76428831324700,715,
1847,76428845131400,76428845478100,76428845588100,715,
1848,76428860131400,76428860540400,76428860684300,715,
1849,76428875131400,76428875678000,76428875826400,715,
1850,76428890131400,76428890662000,76428890804500,715,
1851,76428905131400,76428905665200,76428905865200,715,
1852,76428920131400,76428920785300,76428920942800,715,
1853,76428935131400,76428935342400,76428935484900,715,
1854,76428950131400,76428950449800,76428950591400,715,
1855,76428965131400,76428965466100,76428965574000,715,
1856,76428980131400,76428980633500,76428980703600,715,
1857,76428995131400,76428995329000,76428995475800,715,
1858,76429010131400,76429010420900,76429010513200,715,
1859,76429025131400,76429025255900,76429025329900,715,
1860,76429040131400,76429041394400,76429041535600,715,
1861,76429055131400,76429055627400,76429055750200,715,
1862,76429070131400,76429070434700,76429070522800,715,
1863,76429085131400,76429085705000,76429085815700,715,
1864,76429100131400,76429100348600,76429100432900,715,
1865,76429115131400,76429115339600,76429115401900,715,
1866,76429130131400,76429131082300,76429131228300,715,
1867,76429145131400,76429145441100,76429145528600,715,
1868,76429160131400,76429160627700,76429160796600,715,
1869,76429175131400,76429175515600,76429175663900,715,
1870,76429190131400,76429190649500,76429190767700,715,
1871,76429205131400,76429206050300,76429206198900,715,
1872,76429220131400,76429220391100,76429220606300,715,
1873,76429235131400,76429235532700,76429235671000,715,
1874,76429250131400,76429250916700,76429251063100,715,
1875,76429265131400,76429265801000,76429265945400,715,
1876,76429280131400,76429280615500,76429280720100,715,
1877,76429295131400,76429295602600,76429295713000,715,
1878,76429310131400,76429310408200,76429310553400,715,
1879,76429325131400,76429325470400,76429325611200,715,
1880,76429340131400,76429340239800,76429340329700,715,
1881,76429355131400,76429355313800,76429355399600,715,
1882,76429370131400,76429370350300,76429370437400,715,
1883,76429385131400,76429385652600,76429385703100,715,
1884,76429400131400,76429400696700,76429400765000,715,
1885,76429415131400,76429415460900,76429415554400,715,
1886,76429430131400,76429430597300,76429430684100,715,
1887,76429445131400,76429445588200,76429445750000,715,
1888,76429460131400,76429460815300,76429460959700,715,
1889,76429475131400,76429475535800,76429475686100,715,
1890,76429490131400,76429490462500,76429490586300,715,
1891,76429505131400,76429505626900,76429505695000,715,
1892,76429520131400,76429520219100,76429520351700,715,
1893,76429535131400,76429535586000,76429535677400,715,
1894,76429550131400,76429550661400,76429550777900,715,
1895,76429565131400,76429565502200,76429565629600,715,
1896,76429580131400,76429580481400,76429580564700,715,
1897,76429595131400,76429595483800,76429595578600,715,
1898,76429610131400,76429610217000,76429610319200,715,
1899,76429625131400,76429625961100,76429626088300,715,
1900,76429640131400,76429640243400,76429640369100,715,
1901,76429655131400,76429655557700,76429655666700,715,
1902,76429670131400,76429670598400,76429670735200,715,
1903,76429685131400,76429685695000,76429685840600,715,
1904,76429700131400,76429700514400,76429700630900,715,
1905,76429715131400,76429715241200,76429715303200,715,
1906,76429730131400,76429730679500,76429730750700,715,
1907,76429745131400,76429745858500,76429746003800,715,
1908,76429760131400,76429760812200,76429760961300,715,
1909,76429775131400,76429775790300,76429775923200,715,
1910,76429790131400,76429790253200,76429790344100,715,
1911,76429805131400,76429805342700,76429805476400,715,
1912,76429820131400,76429820330000,76429820461300,715,
1913,76429835131400,76429835225300,76429835362700,715,
1914,76429850131400,76429850768000,76429850928100,715,
1915,76429865131400,76429865951800,76429866059300,715,
1916,76429880131400,76429880406200,76429880543900,715,
1917,76429895131400,76429895669100,76429895815800,715,
1918,76429910131400,76429910514900,76429910663100,715,
1919,76429925131400,76429925938900,76429926084000,715,
1920,76429940131400,76429940509900,76429940650300,715,
1921,76429955131400,76429955667600,76429955803200,715,
1922,76429970131400,76429970798700,76429970943600,715,
1923,76429985131400,76429986225700,76429986370900,715,
1924,76430000131400,76430001031500,76430001177600,715,
1925,76430015131400,76430015507300,76430015568700,715,
1926,76430030131400,76430030437700,76430030574000,715,
1927,76430045131400,76430045548400,76430045622100,715,
1928,76430060131400,76430060957000,76430061103400,715,
1929,76430075131400,76430075997200,76430076106000,715,
1930,76430090131400,76430090727700,76430090924300,715,
1931,76430105131400,76430105529400,76430105667900,715,
1932,76430120131400,76430120608700,76430120754400,715,
1933,76430135131400,76430135303800,76430135366300,715,
1934,76430150131400,76430150801200,76430150890400,715,
1935,76430165131400,76430165487200,76430165607000,715,
1936,76430180131400,76430180256300,76430180375900,715,
1937,76430195131400,76430195419400,76430195563500,715,
1938,76430210131400,76430210658300,76430210760300,715,
1939,76430225131400,76430225575300,76430225637200,715,
1940,76430240131400,76430240872400,76430241006400,715,
1941,76430255131400,76430255473700,76430255593100,715,
1942,76430270131400,76430270975000,76430271121600,715,
1943,76430285131400,76430285602600,76430285701000,715,
1944,76430300131400,76430300505200,76430300593600,715,
1945,76430315131400,76430315658300,76430315822400,715,
1946,76430330131400,76430330617400,76430330711000,715,
1947,76430345131400,76430345190400,76430345273700,715,
1948,76430360131400,76430360351000,76430360418800,715,
1949,76430375131400,76430375302500,76430375401200,715,
1950,76430390131400,76430390587000,76430390697800,715,
1951,76430405131400,76430405415800,76430405525900,715,
1952,76430420131400,76430420304300,76430420359600,715,
1953,76430435131400,76430435546700,76430435623400,715,
1954,76430450131400,76430450285900,76430450394500,715,
1955,76430465131400,76430465763300,76430465902600,715,
1956,76430480131400,76430480802400,76430480946800,715,
1957,76430495131400,76430495906700,76430496023700,715,
1958,76430510131400,76430510628100,76430510745500,715,
1959,76430525131400,76430525415600,76430525555000,715,
1960,76430540131400,76430540567000,76430540713600,715,
1961,76430555131400,76430556080000,76430556226700,715,
1962,76430570131400,76430570998600,76430571145400,715,
1963,76430585131400,76430585304200,76430585405200,715,
1964,76430600131400,76430600237800,76430600347400,715,
1965,76430615131400,76430615176900,76430615228700,715,
1966,76430630131400,76430630333300,76430630403100,715,
1967,76430645131400,76430645275800,76430645404000,715,
1968,76430660131400,76430660668400,76430660766600,715,
1969,76430675131400,76430675402600,76430675530500,715,
1970,76430690131400,76430690751200,76430690896400,715,
1971,76430705131400,76430705607200,76430705749200,715,
1972,76430720131400,76430720722500,76430720785000,715,
1973,76430735131400,76430735355200,76430735499200,715,
1974,76430750131400,76430750356400,76430750497500,715,
1975,76430765131400,76430765519100,76430765667800,715,
1976,76430780131400,76430780393700,76430780475000,715,
1977,76430795131400,76430795490400,76430795637200,715,
1978,76430810131400,76430810299900,76430810474100,715,
1979,76430825131400,76430825709000,76430825847000,715,
1980,76430840131400,76430840915300,76430841063500,715,
1981,76430855131400,76430855429400,76430855550300,715,
1982,76430870131400,76430870227000,76430870313100,715,
1983,76430885131400,76430885649400,76430885817700,715,
1984,76430900131400,76430900561100,76430900705600,715,
1985,76430915131400,76430915575900,76430915723000,715,
1986,76430930131400,76430930513700,76430930661700,715,
1987,76430945131400,76430945606200,76430945733900,715,
1988,76430960131400,76430960734600,76430960827800,715,
1989,76430975131400,76430975437000,76430975483400,715,
1990,76430990131400,76430990414400,76430990529500,715,
1991,76431005131400,76431005339300,76431005418800,715,
1992,76431020131400,76431020426600,76431020533200,715,
1993,76431035131400,76431035273100,76431035408800,715,
1994,76431050131400,76431050246700,76431050372600,715,
1995,76431065131400,76431066028100,76431066174200,715,
1996,76431080131400,76431081446300,76431081592000,715,
1997,76431095131400,76431095492600,76431095588000,715,
1998,76431110131400,76431110681800,76431110820600,715,
1999,76431125131400,76431125936100,76431126084800,715,
2000,76431140131400,76431141048100,76431141196800,715,
